3
6
8
8
5
2
-6
-6
-9
-12
-9
-18
-15
-13
-19
-19
-20
-25
-20
-24
-25
-23
-23
-24
-23
-21
-24
-27
-37
-36
-38
-31
-24
-26
-26
-24
-20
-22
-16
-15
-15
-8
-9
-10
-10
-18
-17
-13
-12
-11
-9
2
6
13
14
16
14
11
14
16
17
18
19
21
21
24
34
32
33
33
37
41
37
43
41
29
34
30
32
31
36
38
38
43
45
46
48
57
59
59
61
59
52
44
37
35
43
47
48
51
52
60
57
58
62
59
61
57
55
56
53
49
47
49
50
50
55
61
64
59
61
54
49
46
50
50
49
50
47
50
47
50
47
46
44
46
47
43
42
35
30
27
24
23
29
28
29
36
32
33
30
22
20
12
8
8
6
10
7
10
10
16
13
9
12
10
13
14
11
16
14
8
8
11
11
8
10
13
15
14
14
10
2
-3
2
4
4
9
9
6
0
1
6
6
5
4
1
-3
-3
-4
-2
-7
-8
1
2
4
3
6
7
4
1
-7
-9
-13
-14
-12
-13
-6
-10
-13
-12
-15
-18
-15
-23
-26
-26
-34
-30
-29
-25
-27
-31
-29
-27
-31
-28
-31
-35
-31
-36
-40
-40
-45
-48
-56
-54
-53
-51
-49
-55
-58
-54
-54
-56
-58
-64
-70
-66
-65
-61
-57
-58
-52
-50
-53
-52
-49
-50
-52
-51
-57
-59
-58
-54
-49
-56
-47
-46
-47
-37
-37
-33
-30
-32
-29
-25
-21
-27
-25
-21
-21
-20
-19
-18
-17
-16
-15
-10
-16
-23
-19
-16
-19
-19
-22
-19
-17
-19
-15
-17
-22
-22
-16
-17
-21
-29
-28
-24
-24
-17
-16
-19
-21
-27
-24
-24
-26
-22
-27
-23
-24
-20
-20
-16
-16
-23
-16
-17
-17
-14
-17
-15
-13
-14
-14
-13
-13
-13
-13
-15
-15
-11
-10
-8
-6
-13
-17
-20
-25
-24
-23
-24
-11
-9
-9
-11
-12
-14
-17
-11
-16
-12
-7
-6
-3
0
-4
2
9
13
22
22
23
20
20
30
26
25
25
25
32
31
37
36
33
42
38
41
48
53
52
53
52
52
53
51
55
55
59
56
61
62
61
61
62
63
58
57
56
56
53
49
51
51
58
52
46
50
45
52
62
56
59
52
48
47
39
38
39
43
45
47
50
50
55
49
45
50
48
45
43
44
44
40
46
47
45
53
51
51
52
51
56
47
46
43
34
38
38
35
34
36
30
37
41
38
34
33
35
34
35
32
27
19
18
17
12
8
3
1
3
4
-5
-7
-8
-7
-5
-7
-8
-8
-8
-5
-8
-11
-14
-19
-17
-12
-10
-8
-14
-21
-19
-15
-18
-17
-17
-19
-20
-18
-12
-15
-13
-10
-11
-4
-5
-7
-5
-6
-11
-12
-13
-9
-10
-13
-16
-16
-18
-18
-20
-22
-21
-23
-27
-26
-30
-33
-37
-38
-44
-50
-48
-50
-51
-58
-60
-54
-49
-48
-52
-54
-54
-55
-62
-61
-58
-49
-48
-54
-46
-51
-50
-46
-47
-44
-44
-49
-45
-45
-45
-43
-40
-32
-34
-32
-32
-29
-28
-25
-20
-22
-17
-17
-19
-19
-14
-19
-21
-20
-18
-12
-12
-8
-4
-6
-7
-4
-3
-5
-4
-13
-17
-16
-19
-23
-25
-29
-28
-28
-29
-29
-32
-34
-36
-39
-41
-42
-41
-37
-43
-45
-43
-43
-44
-42
-38
-34
-33
-35
-37
-36
-37
-36
-37
-38
-38
-40
-39
-35
-32
-32
-29
-23
-20
-19
-14
-14
-10
-13
-21
-20
-29
-33
-33
-32
-31
-30
-27
-19
-9
-8
0
-1
1
-1
-5
-4
-6
-6
-6
-4
-1
4
4
2
3
9
13
18
23
17
16
14
15
19
25
23
31
30
24
27
22
24
26
21
18
23
26
30
24
18
19
20
25
28
28
31
27
25
25
27
27
21
23
23
26
24
24
28
25
28
32
35
32
29
31
35
39
38
40
39
38
39
42
42
37
46
48
41
37
29
27
26
27
21
19
22
23
29
29
26
26
27
27
29
26
26
26
30
37
33
30
30
34
36
38
40
43
41
40
45
46
41
45
50
51
55
54
57
62
60
59
60
58
55
55
57
53
53
57
61
66
67
68
63
64
66
64
60
51
49
48
42
36
40
43
42
44
41
37
36
33
35
29
22
21
17
12
6
7
4
1
1
2
6
4
4
-4
-13
-18
-12
-11
-17
-16
-16
-21
-29
-24
-32
-37
-33
-33
-42
-38
-42
-41
-32
-33
-32
-41
-39
-39
-39
-39
-38
-34
-39
-39
-39
-44
-52
-53
-53
-56
-57
-61
-58
-61
-55
4
14
11
19
12
9
4
2
1
-1
-3
-6
-7
-17
-21
-22
-28
-26
-28
-28
-39
-41
-51
-54
-48
-53
-55
-54
-57
-54
-51
-51
-48
-46
-44
-37
-36
-38
-36
-41
-40
-37
-39
-35
-28
-29
-28
-25
-20
-13
-11
-13
-7
-11
-10
-6
-7
-7
-13
-12
-6
-4
3
4
1
1
4
8
9
12
11
9
5
5
7
6
4
-4
-7
-10
-8
-8
-7
-5
1
8
12
12
7
-1
-5
-8
-13
-10
-8
-12
-15
-16
-18
-20
-26
-28
-29
-30
-22
-26
-32
-29
-31
-29
-23
-25
-24
-22
-20
-19
-17
-15
-15
-10
-16
-19
-20
-18
-18
-14
-11
-7
-1
-2
-3
-6
-3
-6
-6
-8
-9
-13
-13
-16
-24
-21
-25
-33
-35
-33
-41
-42
-39
-46
-50
-48
-43
-45
-47
-47
-48
-46
-42
-44
-41
-41
-41
-38
-37
-41
-42
-42
-41
-34
-27
-23
-28
-29
-27
-27
-20
-11
-9
-7
-3
-4
7
7
4
8
12
15
16
23
24
27
32
33
36
31
31
32
31
40
39
39
44
47
44
50
53
57
59
60
63
65
66
64
68
69
74
77
80
80
74
73
65
63
56
49
48
44
41
43
39
40
41
44
41
36
39
34
29
18
10
8
14
16
12
14
16
14
11
11
14
19
17
16
23
24
24
22
25
24
24
28
29
34
29
32
32
31
36
30
29
30
28
24
22
18
22
27
27
24
22
20
14
17
20
28
30
30
30
28
26
25
22
16
17
15
14
10
7
11
9
1
5
11
11
9
6
6
6
5
4
4
-2
-3
-2
-6
-6
-8
-7
-9
-9
-9
-9
-5
-11
-10
-22
-16
-19
-22
-16
-21
-21
-24
-15
-10
-1
1
-1
5
4
0
0
3
8
5
3
6
1
4
1
3
2
1
-1
0
2
-2
6
1
-2
-6
-3
0
-1
-5
-7
1
5
2
5
1
-7
-10
-8
-12
-11
-16
-18
-17
-19
-18
-22
-27
-30
-28
-26
-28
-31
-30
-34
-37
-39
-43
-49
-47
-45
-47
-47
-47
-50
-46
-49
-48
-49
-50
-43
-44
-44
-44
-47
-53
-55
-56
-54
-50
-56
-59
-63
-66
-66
-64
-63
-63
-62
-62
-53
-54
-55
-57
-53
-57
-58
-50
-50
-46
-48
-47
-45
-40
-35
-30
-30
-25
-25
-23
-11
-11
-6
-5
-9
-9
-16
-20
-20
-15
-10
-10
-6
1
-1
-2
2
7
3
1
3
1
-3
2
7
2
6
0
3
8
9
10
5
4
-3
-5
-1
-2
4
11
10
11
9
4
6
6
8
9
11
13
9
2
0
3
7
3
-1
1
-1
0
5
13
9
8
11
5
8
15
16
17
16
15
15
13
16
22
25
24
25
22
25
27
22
28
30
36
42
49
53
54
53
54
57
52
58
63
63
63
59
59
59
56
55
60
61
59
62
65
63
55
53
51
50
48
48
46
42
42
40
36
30
24
25
23
27
32
32
30
22
17
9
5
8
12
10
4
7
3
5
9
11
19
20
19
19
21
15
13
12
14
11
13
18
17
17
19
20
9
15
11
7
13
12
14
16
16
17
22
32
37
37
31
32
34
33
34
33
32
33
36
39
37
34
34
38
41
42
41
36
28
23
19
15
18
18
22
22
19
22
21
24
21
17
14
8
9
2
6
2
-1
-2
-7
-5
-5
-8
-10
-7
-15
-12
-14
-12
-19
-22
-13
-21
-19
-16
-22
-28
-34
-41
-40
-46
-46
-45
-37
-37
-41
-41
-39
-33
-39
-33
-24
-20
-19
-23
-19
-25
-35
-34
-34
-33
-28
-28
-30
-26
-26
-24
-24
-17
-14
-13
-10
-14
-19
-25
-28
-30
-26
-23
-23
-25
-24
-19
-23
-28
-32
-31
-34
-39
-41
-40
-45
-55
-55
-56
-54
-58
-66
-69
-72
-73
-75
-76
-78
-74
-74
-76
-77
-76
-73
-74
-72
-74
-72
-71
-70
-69
-63
-61
-65
-61
-67
-57
-59
-61
-51
-52
-45
-42
-40
-39
-30
-26
-15
-8
-8
-3
-6
-6
-6
-5
1
1
3
5
-1
-1
0
7
14
17
22
22
22
16
13
2
2
5
6
10
6
8
5
5
6
7
5
9
11
10
6
6
2
-9
-11
-6
-1
-2
-1
-2
-9
-15
-15
-19
-22
-20
-18
-17
-21
-19
-13
-10
-9
-6
0
6
4
5
1
-1
0
2
6
12
11
15
22
22
23
26
26
27
36
39
41
39
40
44
42
43
43
45
50
54
57
62
58
62
71
67
71
71
65
61
55
51
51
55
55
65
62
63
63
51
56
55
50
44
38
38
29
27
24
24
25
27
31
37
37
36
40
40
33
27
21
20
21
28
35
35
40
41
46
48
47
49
45
41
39
35
38
39
36
36
36
32
31
37
35
36
37
33
33
30
27
27
26
25
25
25
21
21
20
17
18
20
23
22
15
16
10
10
16
13
14
14
7
1
7
3
6
7
7
7
2
0
-2
-1
-4
-1
1
1
6
9
7
11
11
6
8
8
15
13
11
10
-1
-4
2
2
-1
-2
-7
-13
-19
-20
-21
-22
-26
-20
-17
-20
-17
-17
-20
-22
-27
-30
-29
-30
-27
-21
-26
-31
-31
-32
-27
-28
-21
-10
-11
-18
-20
-25
-25
-27
-26
-26
-26
-20
-24
-24
-27
-27
-29
-26
-26
-29
-30
-39
-39
-40
-44
-43
-42
-42
-40
-38
-34
-35
-37
-41
-40
-42
-47
-45
-47
-51
-48
-46
-49
-50
-43
-47
-50
-46
-46
-53
-52
-51
-57
-53
-56
-55
-53
-57
-56
-57
-55
-57
-52
-51
-52
-55
-53
-49
-46
-44
-48
-39
-38
-41
-41
-41
-37
-33
-26
-21
-25
-23
-18
-18
-18
-14
-12
-12
-9
-2
5
2
5
-3
-4
-7
-4
-5
0
8
13
14
7
2
-6
-8
-4
1
-3
-4
-1
-4
-2
-11
-15
-13
-15
-15
-13
-10
-5
-7
-12
-15
-24
-20
-20
-20
-18
-16
-12
-11
-15
-14
-9
-7
-5
-3
-1
-3
1
2
-4
-4
-2
-3
0
6
9
19
24
25
37
36
32
31
30
33
37
41
36
37
39
43
46
43
49
48
48
55
53
55
51
52
52
47
49
48
41
45
45
38
44
38
36
32
37
37
34
39
37
38
37
32
27
29
27
15
12
14
15
19
19
19
18
22
22
25
28
30
29
26
24
21
22
23
26
28
39
44
44
47
48
47
45
46
50
54
52
53
53
53
48
54
60
62
70
70
67
63
61
60
63
62
67
71
68
69
63
63
65
62
60
54
48
54
49
44
37
31
26
31
31
27
35
32
34
30
24
21
14
10
2
0
2
-1
-2
-6
-9
-3
-8
-11
-9
-11
-11
-13
-17
-18
-21
-25
-34
-37
-36
-40
-41
-38
-38
-38
-37
-35
-41
-38
-30
-35
-36
-38
-40
-38
-36
-32
-33
-34
-32
-27
-31
-27
-27
-30
-25
-24
-17
-18
-20
-12
-13
-14
-18
-24
-18
-21
-29
-31
-33
-38
-37
-41
-38
-36
-39
-38
-40
-40
-40
-34
-38
-39
-44
-50
-50
-54
-54
-55
-51
-48
-41
-38
-44
-39
-43
-44
-38
-49
-48
-47
-51
-43
-40
-42
-36
-36
-32
-38
-37
-33
-36
-34
-39
-42
-44
-46
-43
-37
-40
-40
-40
-46
-45
-43
-41
-39
-38
-42
-32
-32
-31
-34
-41
-35
-40
-34
-36
-32
-30
-28
-24
-25
-21
-25
-20
-16
-15
-17
-16
-15
-11
-9
-12
-16
-13
-9
-10
-14
-19
-15
-13
-10
-11
-8
-6
-11
-14
-18
-17
-14
-17
-14
-16
-20
-14
-13
-9
-12
-9
-10
-12
-11
-15
-16
-15
-11
-11
-8
-3
-8
-12
0
1
-4
-2
-4
-5
1
-3
-6
2
2
-2
0
0
-4
0
-1
-1
-7
-4
3
5
7
9
8
13
12
21
34
35
38
40
43
39
46
49
42
43
46
50
52
62
65
69
77
78
84
83
78
75
73
74
73
68
68
66
69
70
69
74
72
68
63
56
56
53
48
41
39
39
39
34
38
42
41
37
31
33
33
32
27
28
27
26
21
20
24
32
31
27
29
26
23
24
26
24
32
34
38
36
42
51
48
50
53
50
52
59
51
48
38
30
35
35
33
34
35
35
38
40
39
29
28
23
11
9
6
5
-2
-3
-2
-7
-6
0
2
6
4
-1
-4
-16
-24
-29
-30
-37
-37
-37
-37
-34
-34
-39
-39
-40
-42
-41
-44
-40
-46
-47
-48
-48
-43
-51
-50
-43
-35
-32
-24
-27
-30
-34
-38
-30
-33
-23
-22
-26
-26
-25
-20
-18
-15
-17
-17
-22
-24
-24
-30
-27
-31
-28
-30
-28
-24
-23
-22
-22
-23
-22
-26
-31
-33
-38
-35
-30
-28
-30
-24
-29
-33
-27
-23
-23
-22
-21
-28
-31
-34
-42
-41
-40
-42
-39
-36
-30
-26
-25
-21
-17
-12
-17
-18
-17
-22
-24
-25
-27
-32
-31
-22
-19
-18
-19
-17
-10
-13
-13
-17
-16
-21
-24
-24
-27
-25
-26
-27
-36
-38
-40
-40
-39
-36
-37
-38
-44
-43
-44
-41
-34
-35
-27
-27
-29
-34
-31
-37
-35
-29
-25
-13
-13
-13
-17
-14
-11
-6
-3
-5
1
-1
-5
-3
-1
-1
1
0
3
5
2
4
5
9
13
15
11
10
12
8
10
12
10
13
14
11
12
14
17
20
22
23
18
22
19
22
19
16
19
14
16
10
6
2
1
4
9
12
13
21
25
30
30
25
23
17
11
11
10
9
5
4
6
8
19
30
28
34
35
37
36
33
29
26
22
23
23
12
20
26
28
30
29
28
32
36
35
35
32
35
44
40
37
40
34
31
32
32
39
35
32
35
31
30
31
31
28
27
33
37
37
40
41
41
37
30
25
21
14
11
13
14
13
13
14
20
16
14
16
15
20
14
16
20
16
17
18
19
21
21
18
11
4
2
1
5
5
-2
-1
0
-6
-7
-3
-9
-12
-10
-6
-3
-1
-6
-5
-2
-5
0
3
-3
-8
-8
2
2
-1
-4
-7
-13
-4
2
6
10
3
10
13
10
9
5
9
15
8
6
2
0
0
1
8
3
6
13
12
19
22
20
17
18
18
16
18
15
12
6
10
8
7
11
4
8
3
2
2
6
8
6
12
11
11
13
13
2
5
11
8
6
5
3
-1
-2
-5
-2
0
-1
8
2
4
9
8
5
1
0
-5
-7
-11
-17
-24
-28
-28
-22
-13
-6
-10
-11
-11
-19
-23
-28
-31
-32
-33
-36
-39
-42
-45
-44
-30
-31
-33
-35
-34
-32
-33
-36
-46
-50
-52
-49
-50
-45
-45
-44
-41
-35
-36
-36
-36
-35
-30
-28
-29
-31
-24
-29
-25
-26
-25
-17
-17
-14
-10
-12
-17
-16
-15
-12
-8
-5
-7
-4
-11
-8
-10
-14
-17
-21
-18
-19
-19
-18
-16
-15
-7
-8
-6
-4
-2
5
4
9
7
7
3
-1
-1
0
10
14
16
15
14
17
16
19
18
21
20
12
12
14
9
11
8
1
2
3
2
3
-1
-8
-14
-17
-18
-20
-25
-23
-26
-29
-26
-29
-31
-32
-30
-28
-28
-26
-25
-19
-19
-23
-23
-23
-22
-19
-14
-11
-4
-2
-3
-2
2
1
-3
1
2
6
2
5
-1
-7
-2
-2
3
5
12
14
17
17
22
24
16
18
14
14
17
16
20
21
19
23
25
26
28
30
29
28
32
28
25
24
21
26
21
31
33
29
27
26
30
21
17
14
14
15
15
11
10
11
9
4
5
3
8
1
2
5
-1
4
5
8
8
6
5
13
19
18
23
18
24
22
20
17
18
21
17
20
21
21
23
32
32
30
27
22
25
23
25
22
15
13
7
11
10
6
8
7
9
15
13
9
6
2
7
12
14
17
17
13
14
14
13
13
13
21
19
22
28
26
24
27
26
31
39
38
35
30
28
21
22
29
27
26
23
21
21
20
22
26
22
23
16
9
9
9
3
2
-8
-11
-18
-15
-13
-11
-2
-8
-8
-6
-14
-18
-23
-27
-28
-28
-22
-25
-23
-22
-26
-22
-20
-19
-19
-15
-11
-18
-23
-23
-18
-13
-12
-11
-12
-14
-11
-7
-10
-14
-14
-17
-18
-15
-6
-2
-3
1
4
5
4
6
7
2
7
4
3
2
-5
-2
-3
-6
-8
0
-5
-10
-10
-11
-13
-16
-17
-17
-23
-25
-25
-28
-28
-28
-23
-27
-29
-26
-25
-34
-40
-37
-45
-53
-50
-54
-48
-48
-46
-49
-54
-55
-52
-52
-59
-49
-52
-53
-51
-54
-52
-50
-51
-49
-42
-39
-31
-28
-28
-29
-29
-28
-38
-45
-40
-42
-42
-36
-32
-36
-34
-28
-24
-18
-19
-17
-11
-8
-6
-6
-16
-13
-9
-12
-11
-4
-6
0
-2
-9
-5
-6
-6
-4
-9
-4
-1
-4
-3
-5
0
0
1
9
10
15
8
6
12
14
14
14
9
5
10
9
10
10
11
15
15
16
16
16
21
19
20
21
18
18
18
17
17
17
11
7
6
6
7
9
9
12
13
16
20
18
19
20
22
16
16
13
10
9
7
6
15
23
26
36
41
45
46
45
44
39
34
27
25
25
26
28
27
25
31
33
39
37
40
40
40
41
31
28
19
21
17
14
11
12
21
21
25
25
19
18
16
12
21
23
23
29
29
31
30
30
34
34
40
43
43
44
39
34
30
33
34
35
36
37
37
37
36
38
42
35
38
39
34
31
25
25
25
34
34
35
39
38
44
46
41
43
42
41
40
41
43
42
42
44
44
47
48
48
48
50
53
52
56
52
58
53
52
50
39
36
39
39
38
36
29
25
22
14
12
7
0
0
-3
-7
-13
-19
-19
-21
-26
-36
-45
-51
-55
-61
-64
-65
-63
-68
-74
-78
-81
-80
-80
-79
-84
-79
-82
-87
-82
-87
-85
-84
-88
-82
-80
-80
-78
-76
-76
-74
-79
-78
-74
-71
-61
-55
-46
-41
-39
-37
-29
-25
-25
-24
-20
-15
-14
-14
-16
-12
-7
-12
-10
-5
4
6
6
3
3
4
0
4
2
-1
-3
-7
-3
-4
-12
-12
-16
-13
-12
-19
-22
-23
-29
-26
-27
-31
-33
-41
-35
-37
-32
-30
-38
-38
-35
-37
-34
-31
-34
-28
-30
-34
-31
-39
-38
-41
-40
-33
-39
-40
-35
-35
-30
-29
-27
-24
-22
-22
-20
-22
-30
-28
-24
-22
-18
-20
-21
-13
-13
-9
-8
-11
-10
-16
-16
-10
-13
-11
-16
-20
-21
-20
-19
-21
-16
-20
-20
-12
-19
-13
-15
-14
-10
-11
-4
-6
-8
-8
-5
-7
-5
5
0
2
6
5
5
9
9
4
6
8
11
12
15
16
21
22
30
34
33
34
32
35
34
35
38
35
37
33
23
23
19
19
27
28
23
25
22
20
18
17
17
13
17
12
14
14
9
5
4
11
16
16
21
22
27
30
30
25
27
29
26
33
40
47
46
46
44
42
46
45
42
45
45
51
54
55
53
48
43
43
45
42
45
47
52
53
51
45
46
43
38
40
42
42
28
23
25
25
30
33
28
24
26
26
28
23
19
10
6
8
10
5
6
5
3
0
-3
6
4
7
8
10
12
16
18
11
13
10
7
3
10
11
6
14
15
18
18
22
26
29
35
36
38
37
37
40
40
35
35
35
39
37
36
29
26
28
23
24
23
22
20
19
20
18
8
1
-6
-15
-20
-18
-17
-24
-27
-28
-28
-32
-38
-42
-37
-41
-48
-40
-43
-44
-42
-46
-41
-41
-41
-41
-40
-35
-35
-37
-42
-45
-53
-49
-46
-48
-41
-40
-37
-35
-38
-36
-38
-39
-36
-37
-33
-35
-38
-31
-27
-23
-14
-17
-15
-15
-17
-11
-14
-16
-19
-21
-21
-24
-25
-27
-27
-28
-32
-24
-22
-22
-21
-18
-16
-21
-22
-28
-33
-35
-40
-40
-41
-44
-41
-42
-47
-48
-48
-51
-59
-62
-55
-57
-54
-52
-50
-49
-42
-35
-44
-43
-43
-48
-42
-43
-42
-38
-35
-29
-32
-36
-30
-23
-19
-12
-13
-11
-13
-16
-11
-14
-13
-3
4
4
12
15
17
23
24
23
23
23
18
17
13
17
21
16
20
24
32
31
32
36
39
36
32
35
28
22
26
23
21
25
20
18
19
16
18
18
17
13
9
7
4
3
5
-1
1
-1
-3
-1
0
4
3
6
3
5
-1
-1
-4
0
6
9
10
1
1
-3
-2
0
-2
-4
-6
-5
0
-1
-2
-4
-7
-2
1
-1
-2
-2
-5
-9
-12
-11
-10
-6
-2
-1
1
-3
0
7
9
17
19
26
28
31
30
27
35
43
50
53
55
57
57
64
63
61
64
64
64
67
69
71
75
79
78
85
85
80
85
75
70
70
70
69
71
78
72
75
79
76
78
68
64
65
59
61
51
48
50
43
38
31
34
37
35
35
37
37
35
35
29
21
13
11
9
-1
-2
-7
-5
2
2
5
5
4
7
11
14
17
18
16
11
12
8
11
15
22
22
25
30
29
32
31
30
29
25
26
25
19
23
19
21
12
16
15
1
-3
-7
-9
-17
-25
-33
-44
-49
-55
-54
-58
-60
-60
-62
-64
-61
-61
-68
-75
-85
-85
-89
-84
-84
-87
-87
-86
-79
-78
-75
-73
-71
-71
-72
-67
-70
-73
-63
-65
-67
-59
-55
-50
-50
-42
-35
-40
-40
-41
-35
-40
-42
-43
-43
-42
-41
-39
-38
-31
-32
-31
-34
-36
-38
-39
-37
-32
-30
-28
-29
-27
-23
-28
-29
-29
-25
-28
-37
-40
-44
-41
-41
-41
-42
-38
-40
-37
-42
-49
-49
-47
-48
-53
-55
-59
-57
-58
-59
-52
-54
-50
-45
-50
-43
-39
-37
-33
-33
-27
-30
-31
-24
-23
-19
-23
-21
-16
-12
-13
-11
-6
-4
1
-2
2
0
3
2
0
-1
-2
-7
-9
0
-4
2
1
2
5
3
9
10
7
9
2
2
-4
-8
-5
-7
-4
-3
1
2
-4
-3
1
2
5
3
3
7
6
4
5
2
2
13
14
18
21
24
29
31
31
31
35
32
29
25
26
31
29
39
41
44
50
46
41
40
49
52
49
47
46
45
50
51
48
47
52
49
47
46
43
42
44
39
46
49
46
59
60
59
60
54
59
62
59
56
48
47
47
49
51
50
56
59
59
62
67
64
59
64
67
69
68
65
62
60
57
53
59
63
67
73
74
77
82
82
76
72
70
65
69
70
68
67
57
64
65
61
58
51
49
42
41
41
30
24
25
21
19
14
15
10
1
-2
-5
-6
-11
-20
-25
-30
-32
-26
-27
-25
-24
-20
-20
-27
-28
-30
-31
-36
-35
-33
-36
-37
-34
-28
-21
-17
-17
-14
-15
-15
-9
-7
-10
-8
-10
-18
-18
-20
-15
-17
-22
-21
-20
-18
-13
-12
-13
-12
-18
-22
-32
-30
-34
-34
-33
-33
-31
-31
-31
-35
-39
-40
-43
-47
-47
-49
-46
-44
-48
-46
-49
-50
-48
-45
-47
-43
-40
-42
-47
-48
-45
-43
-42
-45
-40
-37
-39
-40
-39
-38
-36
-36
-39
-38
-42
-49
-51
-54
-55
-60
-53
-52
-51
-47
-49
-50
-54
-56
-57
-63
-63
-61
-66
-65
-60
-62
-64
-63
-65
-59
-58
-49
-54
-55
-54
-54
-50
-50
-55
-59
-53
-47
-46
-45
-38
-40
-43
-44
-42
-42
-35
-31
-32
-23
-20
-12
-6
-10
-12
-6
-8
-4
-1
-7
-8
-10
-10
-3
-3
-3
0
5
5
4
3
5
6
5
6
1
-1
3
11
11
12
15
12
12
17
16
27
26
21
30
29
30
26
33
28
31
41
43
42
41
37
34
32
26
28
31
34
33
35
41
44
44
42
42
44
52
53
54
54
51
52
55
57
56
53
52
44
52
50
50
57
49
47
48
45
51
50
45
46
46
46
42
39
36
28
22
22
22
24
12
12
11
15
21
26
23
21
22
15
17
11
8
1
0
6
11
13
16
19
18
16
21
22
21
21
23
27
27
22
28
31
30
35
35
34
40
46
41
39
35
33
26
29
32
30
34
40
38
36
38
29
26
26
25
22
18
11
11
10
9
15
21
26
25
28
28
25
21
15
10
9
6
3
0
-3
-1
-2
4
9
7
14
14
14
8
9
13
12
13
8
11
12
11
11
2
0
1
2
6
0
0
-5
-10
-8
-13
-15
-14
-14
-12
-17
-11
-8
-5
-2
0
-3
-4
-8
-8
-10
-16
-15
-13
-12
-3
-4
-2
-2
0
7
3
2
3
5
-2
-1
-6
-12
-12
-13
-12
-13
-23
-19
-14
-16
-14
-15
-26
-29
-28
-28
-29
-37
-45
-49
-44
-50
-52
-57
-61
-58
-58
-62
-64
-71
-73
-74
-80
-74
-77
-72
-72
-69
-67
-76
-75
-73
-78
-76
-73
-70
-61
-58
-60
-61
-55
-56
-55
-55
-57
-57
-55
-56
-54
-51
-50
-55
-53
-52
-55
-42
-39
-32
-29
-29
-23
-22
-15
-10
-13
-7
-4
1
6
3
6
-1
3
3
-2
5
0
2
5
8
13
13
14
16
21
24
23
22
23
15
13
16
10
7
8
10
16
18
24
23
20
21
21
23
22
23
26
25
27
23
21
21
18
18
23
25
21
28
30
27
23
17
18
19
14
14
15
10
12
10
5
9
10
4
5
7
-1
0
-7
-10
-9
-12
-16
-18
-16
-18
-18
-18
-14
-16
-16
-11
-9
-5
-4
0
4
5
9
6
2
4
3
4
7
6
2
5
10
10
20
20
20
27
29
29
28
27
28
28
28
28
26
25
24
28
32
35
33
34
35
36
43
36
32
29
28
32
28
28
31
35
35
36
37
35
34
35
34
33
29
23
17
17
24
25
26
28
25
24
24
18
8
1
-1
-3
0
1
-7
-8
-1
-1
4
8
1
-3
-4
-8
-7
-9
-7
-14
-11
-10
-12
-12
-17
-13
-8
2
1
5
5
0
3
7
13
15
12
15
16
21
23
20
25
24
27
29
29
30
30
30
26
26
35
39
37
37
42
45
46
48
45
40
38
37
38
31
29
30
24
20
19
16
6
7
12
13
18
16
9
9
5
8
6
2
-4
-7
-7
-10
-13
-20
-22
-21
-21
-20
-19
-21
-24
-25
-35
-37
-40
-37
-35
-32
-28
-31
-36
-39
-39
-38
-38
-33
-32
-40
-30
-30
-21
-22
-21
-19
-18
-15
-11
-6
-9
-6
-10
-3
0
4
6
5
2
4
4
1
3
0
8
0
0
2
1
-1
0
-3
-6
-3
-10
-11
-21
-17
-14
-16
-17
-30
-33
-37
-38
-42
-41
-41
-40
-39
-49
-51
-57
-62
-71
-73
-68
-67
-62
-64
-65
-69
-64
-65
-64
-63
-58
-52
-47
-41
-39
-38
-36
-42
-39
-34
-28
-25
-24
-17
-15
-8
-8
-7
-5
-2
7
7
10
11
18
15
4
4
6
14
23
25
24
26
17
16
19
13
14
15
18
15
12
12
17
14
13
18
17
21
19
11
1
-8
-12
-14
-12
-19
-20
-27
-39
-38
-43
-47
-44
-44
-48
-46
-44
-44
-44
-49
-46
-43
-42
-38
-36
-29
-27
-20
-18
-15
-15
-15
-5
-6
3
10
17
29
38
40
44
48
47
54
59
66
73
77
84
89
86
85
85
88
90
93
89
83
80
76
77
75
73
74
70
66
63
62
58
47
43
43
43
41
40
39
29
26
27
20
14
10
5
-1
-12
-13
-14
-17
-22
-23
-23
-30
-27
-30
-28
-26
-29
-25
-25
-28
-27
-28
-24
-16
-15
-15
-6
-7
-12
-7
-5
-6
-2
-3
7
16
22
31
36
41
41
39
38
39
39
46
48
53
54
51
54
51
48
59
64
66
67
66
68
66
68
63
62
65
59
58
64
62
63
56
48
42
35
40
38
33
32
23
24
22
19
18
8
7
3
3
6
4
-1
-14
-20
-26
-27
-25
-29
-29
-25
-26
-29
-33
-38
-43
-43
-37
-39
-40
-46
-48
-52
-48
-42
-40
-36
-41
-41
-35
-35
-35
-31
-30
-25
-20
-19
-28
-32
-29
-28
-21
-19
-15
-12
-14
-13
-11
-11
-4
-1
-2
2
-4
-6
-3
-8
-8
-6
-6
-10
-9
-7
-7
-5
-3
-1
-1
-8
-5
-5
-15
-21
-25
-28
-31
-31
-30
-33
-40
-43
-47
-47
-46
-47
-53
-63
-64
-69
-73
-71
-72
-79
-86
-80
-81
-82
-76
-78
-76
-74
-72
-72
-76
-75
-68
-65
-66
-61
-58
-55
-49
-52
-51
-48
-44
-34
-25
-28
-25
-20
-18
-15
-5
-1
-4
-1
7
9
4
1
-1
-7
-8
-3
3
6
4
6
1
-2
-9
-12
-14
-15
-11
-8
-12
-16
-14
-19
-18
-16
-16
-13
-13
-16
-22
-22
-22
-25
-31
-36
-34
-38
-39
-31
-31
-33
-28
-22
-22
-23
-19
-19
-19
-16
-16
-11
-17
-12
-14
-16
-14
-13
-4
5
11
10
16
24
19
20
23
25
28
27
31
33
33
33
37
43
49
59
55
50
54
55
52
54
59
60
63
62
60
58
54
56
58
50
51
50
45
46
47
49
56
53
53
56
56
56
53
52
58
56
56
49
41
40
35
32
35
36
33
39
41
40
37
36
34
37
40
40
34
25
24
25
23
23
26
29
27
29
29
33
35
31
33
30
30
27
27
26
30
25
23
25
17
21
22
24
29
29
37
40
42
41
36
40
42
42
53
50
46
49
42
48
47
48
49
48
42
43
42
39
43
38
34
34
30
24
29
24
23
24
16
8
-1
-4
-3
-1
1
-3
-14
-14
-20
-21
-25
-31
-26
-21
-26
-29
-33
-33
-24
-24
-23
-21
-25
-35
-34
-37
-34
-34
-31
-33
-32
-29
-31
-26
-29
-33
-37
-43
-39
-39
-45
-45
-42
-42
-47
-48
-45
-46
-45
-45
-47
-49
-46
-45
-42
-35
-29
-24
-19
-17
-16
-9
-5
-3
0
0
-3
-3
0
-1
-3
-1
0
4
1
1
1
-4
-1
-2
-1
-5
-9
-13
-17
-19
-17
-21
-20
-22
-24
-31
-34
-37
-38
-42
-41
-43
-49
-53
-56
-49
-54
-56
-50
-49
-49
-50
-57
-59
-58
-61
-60
-63
-62
-62
-58
-54
-57
-58
-59
-59
-59
-56
-53
-56
-51
-47
-44
-42
-42
-39
-33
-33
-28
-28
-24
-24
-21
-15
-24
-24
-20
-12
-9
-4
3
1
1
0
-6
-3
-4
-5
-3
-6
-9
-9
-14
-15
-17
-14
-13
-14
-9
-12
-20
-23
-32
-37
-41
-44
-41
-40
-39
-34
-28
-28
-29
-25
-23
-25
-22
-24
-19
-16
-14
-10
-5
-4
-3
5
15
20
24
27
34
35
35
34
31
39
40
41
48
52
48
50
51
57
55
52
50
44
49
48
49
45
46
40
36
37
34
33
34
28
26
25
16
15
14
16
21
22
18
16
17
22
13
12
13
13
10
5
9
8
4
4
7
11
17
16
22
25
27
30
29
30
28
27
30
33
37
39
39
41
38
44
45
50
51
52
59
64
67
69
63
64
68
68
68
75
79
71
75
74
74
74
72
70
72
76
81
90
88
87
82
77
72
70
70
67
63
61
63
60
59
58
56
62
65
64
64
59
50
43
39
36
32
32
34
34
24
20
19
16
21
22
18
18
16
9
7
-2
-10
-13
-14
-11
-11
-14
-14
-19
-18
-17
-14
-16
-17
-20
-24
-25
-25
-20
-23
-24
-28
-32
-27
-29
-31
-20
-23
-24
-29
-31
-36
-42
-41
-43
-42
-38
-39
-39
-41
-42
-41
-38
-38
-47
-42
-41
-46
-49
-50
-58
-60
-61
-62
-53
-46
-42
-42
-41
-44
-49
-51
-53
-52
-51
-51
-55
-52
-53
-45
-43
-44
-41
-47
-43
-46
-48
-43
-45
-46
-47
-49
-52
-54
-51
-47
-42
-37
-27
-31
-36
-35
-42
-41
-43
-46
-40
-46
-38
-36
-34
-29
-33
-24
-21
-15
-14
-20
-20
-12
-12
-16
-10
-15
-15
-9
-12
-16
-20
-18
-26
-29
-29
-41
-40
-41
-44
-43
-46
-41
-40
-41
-43
-51
-52
-53
-58
-57
-63
-55
-52
-53
-52
-61
-56
-50
-52
-48
-42
-36
-37
-39
-38
-40
-41
-38
-36
-28
-31
-26
-29
-33
-29
-28
-18
-10
-6
-9
-11
-12
-13
-14
-16
-16
-12
-14
-14
-12
-13
-9
-10
-7
-2
0
0
1
0
-2
4
8
4
2
11
12
16
23
26
30
25
21
19
17
18
9
12
19
14
14
20
20
18
22
20
17
22
29
28
27
24
27
31
29
33
38
39
43
38
42
40
44
49
44
54
59
66
73
79
82
79
76
78
82
83
83
85
85
88
85
89
92
97
102
104
107
108
113
114
118
113
115
114
107
109
106
99
95
89
88
96
93
99
97
96
101
102
101
96
94
95
92
88
85
77
73
72
77
73
66
58
54
54
46
47
34
28
27
19
21
19
17
11
13
14
13
13
0
-8
-15
-15
-18
-17
-15
-25
-25
-26
-19
-19
-15
-13
-7
-1
4
9
1
-3
-7
-10
-8
-9
-4
-2
-1
-1
3
4
9
8
3
4
1
2
-3
-1
-1
-1
-6
-13
-14
-16
-20
-24
-28
-30
-27
-32
-33
-40
-46
-50
-60
-66
-68
-72
-72
-73
-79
-88
-91
-92
-101
-95
-97
-101
-101
-108
-108
-112
-114
-112
-111
-110
-111
-109
-113
-110
-106
-104
-102
-104
-98
-93
-93
-92
-89
-88
-82
-76
-77
-73
-67
-62
-57
-55
-51
-47
-45
-36
-34
-30
-28
-29
-27
-27
-21
-21
-19
-12
-12
-16
-18
-20
-19
-18
-18
-19
-19
-24
-28
-25
-26
-21
-15
-20
-24
-19
-20
-22
-22
-26
-28
-35
-33
-35
-33
-28
-25
-21
-21
-23
-25
-22
-26
-22
-14
-16
-15
-20
-21
-24
-28
-25
-20
-20
-26
-20
-21
-30
-31
-32
-27
-25
-25
-31
-37
-41
-38
-37
-41
-36
-36
-38
-32
-30
-26
-25
-22
-24
-18
-11
-5
-3
6
8
11
16
17
19
25
28
28
32
28
29
30
34
35
37
35
35
39
31
33
31
35
39
37
33
31
31
29
30
31
38
33
40
41
41
44
42
42
48
47
42
49
49
50
48
47
44
41
50
51
55
58
57
62
59
58
56
62
66
63
64
67
70
72
74
71
67
70
75
78
81
85
85
82
81
75
77
75
75
76
80
86
93
92
89
96
94
97
94
97
102
105
112
112
107
103
99
96
92
89
89
81
81
78
74
72
63
65
64
63
59
47
40
35
35
32
25
20
19
13
4
-5
-10
-15
-16
-22
-25
-23
-25
-30
-32
-33
-36
-37
-40
-39
-36
-37
-35
-37
-36
-33
-34
-34
-34
-36
-32
-26
-30
-26
-21
-22
-26
-20
-23
-22
-16
-17
-11
-14
-19
-22
-23
-25
-20
-11
-9
-7
-6
-11
-12
-16
-20
-15
-12
-10
-11
-7
-10
-13
-10
-7
-10
-20
-19
-24
-29
-21
-28
-29
-31
-30
-35
-39
-36
-34
-37
-42
-45
-51
-53
-59
-58
-59
-68
-66
-67
-72
-74
-73
-74
-77
-79
-76
-72
-77
-76
-73
-76
-78
-71
-75
-78
-77
-77
-75
-73
-65
-69
-67
-68
-66
-62
-64
-59
-62
-57
-53
-53
-52
-51
-51
-48
-46
-45
-43
-43
-39
-32
-26
-31
-33
-35
-34
-31
-24
-23
-26
-25
-31
-32
-34
-28
-26
-20
-14
-16
-13
-19
-21
-20
-20
-19
-17
-16
-15
-13
-8
-5
-11
-8
-9
-15
-8
-6
-10
-13
-21
-18
-18
-17
-16
-17
-16
-9
-6
-4
2
1
-4
-11
-13
-12
-16
-7
-12
-6
-6
-8
-3
-3
2
6
9
12
16
15
17
16
18
14
19
20
23
29
32
36
40
41
39
36
36
36
44
45
51
54
50
52
52
54
49
43
48
48
45
45
40
38
40
40
41
46
46
39
40
40
36
35
33
36
39
41
41
39
37
37
36
32
29
30
22
24
23
14
13
12
10
14
23
25
30
29
23
24
20
18
16
14
11
14
13
12
11
10
11
10
4
5
5
4
13
13
10
11
3
-1
4
10
15
24
28
30
32
33
32
32
32
36
39
48
48
52
49
49
51
55
58
62
67
64
66
62
65
60
57
50
49
57
55
55
54
50
50
43
37
41
45
42
40
38
36
34
22
21
15
13
12
9
11
12
11
7
9
2
-3
-1
-2
0
-9
-14
-10
-12
-19
-16
-20
-20
-19
-22
-22
-22
-20
-31
-30
-28
-33
-26
-25
-27
-24
-24
-22
-28
-31
-38
-41
-38
-32
-31
-33
-31
-24
-18
-21
-13
-17
-14
-15
-24
-24
-31
-33
-31
-32
-31
-31
-22
-25
-26
-23
-23
-21
-21
-24
-32
-31
-34
-36
-38
-41
-46
-42
-45
-46
-44
-50
-51
-48
-55
-54
-58
-62
-62
-71
-71
-70
-72
-70
-65
-66
-63
-63
-68
-72
-72
-70
-72
-69
-59
-59
-52
-49
-43
-39
-40
-30
-36
-34
-38
-42
-40
-40
-34
-31
-19
-12
-11
-5
1
-2
3
9
8
11
6
7
9
14
14
13
17
21
28
27
31
29
28
25
24
20
13
9
5
6
7
4
1
6
9
7
10
10
8
6
-3
-5
-10
-14
-14
-17
-19
-20
-20
-22
-13
-13
-6
-6
-6
-3
-11
-10
-9
-12
-16
-15
-11
-8
-3
-3
-6
-3
-6
-4
-7
-9
-8
-11
-8
-4
0
3
9
7
9
3
2
12
9
14
17
18
11
10
20
20
19
20
23
21
24
20
15
15
14
16
16
18
17
13
8
1
2
8
5
8
7
3
-1
5
11
10
11
10
10
11
13
15
16
13
8
1
8
7
10
16
14
14
20
23
23
22
15
13
12
18
14
14
11
9
14
15
18
19
30
26
37
36
31
29
23
19
14
16
12
16
20
22
27
29
25
30
30
34
27
20
26
26
33
35
43
38
35
37
41
46
46
47
45
43
41
42
40
40
41
39
42
46
44
49
45
41
41
37
39
45
39
34
26
26
28
25
30
28
29
27
28
22
21
12
11
4
1
4
1
-5
-8
2
4
9
7
2
4
-4
-3
-5
-13
-12
-10
-12
-18
-16
-10
-13
-11
-6
-9
-6
-1
-1
0
0
-1
2
3
-2
-3
-2
-4
4
7
5
4
-3
0
-3
-6
0
0
0
3
9
11
6
5
-1
-3
0
1
5
0
-2
-10
-10
-9
-14
-10
-7
-5
-5
-4
-5
-10
-15
-12
-17
-21
-17
-18
-17
-17
-19
-14
-16
-16
-14
-12
-12
-15
-16
-23
-29
-25
-34
-35
-36
-37
-34
-40
-42
-44
-47
-48
-49
-50
-45
-45
-46
-44
-52
-51
-46
-56
-54
-48
-50
-48
-48
-48
-55
-53
-52
-50
-45
-50
-47
-52
-46
-44
-46
-42
-38
-30
-28
-28
-28
-26
-25
-21
-22
-17
-10
-13
-14
-12
-5
-6
-14
-8
-8
-9
-8
-4
-1
-1
6
6
2
1
0
2
-5
-11
-11
-4
-12
-12
-11
-13
-13
-21
-23
-27
-28
-23
-23
-25
-23
-29
-34
-39
-44
-46
-37
-40
-43
-41
-43
-42
-35
-34
-36
-33
-30
-24
-19
-19
-18
-19
-24
-24
-22
-13
-6
-1
-1
2
2
2
2
3
4
8
19
23
25
30
31
32
32
36
35
30
28
32
36
41
48
45
44
42
38
47
50
50
47
47
46
49
45
42
43
40
41
39
36
33
31
30
31
39
40
36
38
34
31
29
27
17
14
15
9
10
16
16
16
22
16
14
16
14
11
13
16
19
19
14
9
11
13
14
24
27
32
39
37
36
37
44
40
39
37
37
44
42
40
41
42
47
50
44
45
53
57
62
64
62
60
62
56
59
60
54
56
52
50
48
48
46
48
46
44
47
41
38
33
27
26
26
28
20
25
21
14
12
11
9
7
8
2
-2
-8
-18
-21
-22
-25
-27
-25
-25
-23
-16
-15
-12
-9
-13
-18
-20
-18
-17
-19
-20
-22
-22
-17
-18
-17
-10
-5
-6
-8
-11
-11
-12
-10
-6
-7
-13
-12
-14
-20
-23
-26
-23
-23
-24
-24
-21
-20
-20
-14
-14
-10
-15
-21
-20
-22
-21
-18
-16
-21
-22
-26
-30
-38
-39
-39
-40
-39
-37
-36
-37
-35
-38
-39
-43
-44
-46
-45
-46
-48
-46
-50
-47
-44
-45
-45
-45
-47
-42
-37
-38
-32
-27
-23
-23
-25
-26
-28
-29
-29
-28
-28
-31
-35
-31
-31
-30
-26
-25
-17
-13
-15
-19
-26
-29
-28
-35
-35
-35
-36
-42
-43
-38
-42
-36
-34
-29
-30
-30
-32
-31
-34
-36
-33
-29
-29
-28
-25
-22
-13
-10
-4
-4
-4
1
1
2
8
11
11
7
4
10
10
15
14
17
18
14
19
15
14
7
0
0
0
2
4
6
6
6
4
1
5
4
0
-4
-5
-3
-11
-17
-12
-10
-6
-9
-9
-3
-1
1
0
-2
-4
-4
-5
-3
-2
0
-2
3
8
7
11
11
15
11
6
11
13
10
12
12
17
21
19
20
17
16
15
15
12
17
17
16
20
16
13
9
10
12
14
17
25
27
25
23
14
15
17
17
16
16
17
13
18
16
18
14
16
22
19
24
20
22
18
24
25
26
27
23
30
27
26
23
27
28
27
37
39
37
39
36
38
37
40
41
42
42
38
39
34
33
27
30
26
24
18
18
24
17
22
22
20
19
21
15
12
15
15
17
13
15
7
5
5
3
3
3
10
8
11
14
13
14
20
18
19
20
23
26
22
18
17
15
15
14
17
30
33
31
34
31
27
35
35
35
35
40
38
32
24
17
19
20
17
18
21
19
22
18
22
19
10
7
4
-2
-8
-9
-6
-5
-2
-1
-4
-3
-8
-11
-15
-10
-10
-10
-16
-19
-16
-18
-14
-17
-9
-8
-11
-14
-13
-9
-11
-8
-15
-17
-14
-18
-18
-19
-18
-18
-25
-27
-28
-31
-31
-33
-35
-39
-39
-38
-38
-35
-33
-34
-31
-26
-31
-32
-39
-40
-38
-43
-38
-40
-39
-36
-32
-28
-27
-26
-23
-26
-19
-22
-28
-26
-25
-23
-23
-26
-26
-24
-27
-23
-21
-16
-12
-17
-19
-24
-33
-35
-40
-47
-46
-44
-44
-44
-44
-46
-46
-55
-53
-50
-53
-53
-61
-57
-56
-55
-50
-52
-50
-53
-50
-46
-44
-36
-31
-21
-19
-18
-19
-15
-10
-6
0
0
-1
-3
-4
-5
-3
1
5
6
8
11
4
3
4
-1
0
-4
1
5
3
0
-3
-6
-2
-6
-7
-6
-9
-4
-6
-8
-12
-14
-14
-14
-12
-2
-4
-5
0
-4
-8
-9
-6
-3
2
1
0
0
-4
-7
-9
-14
-14
-11
-13
-9
-9
-12
-9
-12
-17
-19
-19
-14
-11
-6
-10
-9
-6
-1
0
-2
3
7
8
11
12
19
22
23
23
23
33
34
36
43
42
42
50
48
46
41
43
49
46
48
46
43
40
40
38
38
39
42
44
49
47
45
44
39
37
38
37
39
35
30
33
31
30
31
32
33
31
32
34
34
39
37
35
34
27
28
25
26
24
26
29
29
29
24
32
31
29
25
25
27
29
26
22
19
16
17
22
24
25
23
19
14
13
16
16
12
19
16
18
24
24
26
30
27
25
31
26
33
30
33
37
25
27
27
28
35
37
41
37
40
35
31
33
27
27
27
25
20
18
13
12
11
6
7
5
6
3
1
4
5
6
2
5
4
0
10
5
-3
-9
-14
-18
-20
-16
-15
-14
-12
-4
-5
-11
-16
-22
-24
-25
-26
-27
-27
-28
-35
-38
-36
-37
-34
-35
-28
-26
-26
-27
-32
-24
-28
-27
-25
-28
-23
-23
-25
-23
-22
-21
-21
-20
-21
-21
-15
-16
-20
-16
-16
-18
-10
-8
-9
-5
-4
-1
-3
-5
-9
-10
-11
-18
-13
-12
-7
-12
-15
-17
-19
-23
-38
-43
-45
-45
-45
-47
-53
-63
-67
-68
-69
-70
-66
-69
-67
-63
-71
-64
-73
-82
-77
-79
-72
-71
-69
-72
-75
-74
-72
-70
-65
-65
-60
-53
-50
-55
-58
-57
-56
-48
-49
-39
-29
-28
-14
-11
-12
-10
-14
-9
-13
-11
-13
-11
-10
-10
-6
-12
-4
-2
-2
5
5
1
-1
-6
0
-1
3
-1
-4
0
5
10
15
18
16
22
19
20
12
7
15
12
14
14
8
5
-3
-3
2
-2
2
6
2
3
-1
4
0
-7
-6
-5
-5
-5
1
5
6
2
-2
2
-2
-3
11
11
11
13
14
18
15
18
19
26
28
31
36
39
42
43
45
45
45
40
40
38
36
34
37
36
37
38
37
47
45
44
46
48
50
45
41
44
41
43
46
50
53
53
52
55
58
57
60
55
53
48
44
38
35
32
34
34
38
37
38
43
39
38
43
35
38
44
43
43
42
45
45
39
33
25
25
20
24
33
31
37
40
38
35
30
30
29
35
35
36
36
37
38
35
36
37
31
29
34
33
34
37
36
37
39
37
42
42
43
41
37
33
31
27
26
25
18
17
16
17
13
12
7
6
9
14
12
12
13
4
4
4
2
3
3
4
4
3
4
3
-2
-8
-14
-19
-20
-20
-17
-18
-27
-32
-36
-34
-32
-29
-32
-37
-40
-41
-39
-42
-45
-51
-58
-55
-57
-61
-55
-57
-61
-56
-57
-58
-51
-53
-52
-46
-50
-46
-43
-49
-45
-39
-38
-40
-41
-41
-37
-34
-34
-29
-26
-26
-25
-24
-24
-23
-26
-23
-18
-20
-18
-18
-25
-24
-24
-25
-21
-23
-18
-21
-21
-20
-25
-27
-25
-22
-28
-24
-25
-18
-19
-22
-22
-25
-33
-38
-42
-44
-43
-47
-42
-45
-42
-34
-35
-38
-43
-45
-50
-52
-56
-60
-65
-68
-71
-73
-72
-70
-69
-66
-57
-54
-51
-43
-38
-38
-33
-32
-35
-34
-35
-31
-25
-25
-20
-20
-23
-22
-23
-23
-18
-17
-12
-7
-5
0
-3
4
2
4
9
11
14
12
15
16
24
26
16
17
22
18
15
21
21
27
23
24
24
25
29
24
23
21
15
12
13
8
8
10
17
26
26
22
19
16
7
10
12
6
2
-2
-2
-3
2
10
8
11
15
14
14
21
23
22
23
27
25
31
32
34
43
47
49
51
56
56
58
57
54
50
52
55
64
63
61
66
64
67
66
68
73
69
71
73
75
76
78
75
72
71
69
67
61
57
57
61
50
52
49
44
47
42
35
34
28
26
33
30
30
26
25
24
27
22
20
23
17
21
24
25
28
18
11
9
12
10
6
4
0
1
0
-6
-14
-18
-17
-12
-12
-5
-5
-1
0
0
4
7
10
8
15
19
10
5
12
9
8
11
13
12
13
15
13
17
23
23
25
25
19
15
17
19
11
11
7
1
6
5
13
18
14
16
12
6
1
-7
-13
-19
-22
-24
-27
-30
-31
-31
-30
-27
-30
-25
-25
-32
-28
-29
-29
-30
-33
-38
-43
-44
-50
-43
-45
-45
-42
-45
-50
-51
-47
-41
-38
-38
-44
-50
-45
-45
-46
-49
-47
-44
-41
-35
-41
-41
-41
-39
-37
-35
-33
-32
-28
-31
-24
-24
-20
-16
-21
-22
-21
-25
-25
-32
-39
-39
-36
-37
-39
-34
-33
-32
-29
-29
-27
-33
-39
-40
-41
-43
-50
-51
-48
-44
-37
-34
-37
-36
-34
-29
-23
-24
-26
-28
-29
-30
-35
-35
-36
-31
-22
-15
-14
-18
-12
-8
-9
-8
-6
2
0
-4
-3
0
3
6
6
13
22
24
25
22
21
18
11
5
4
3
9
7
3
3
2
4
8
8
2
2
0
-4
-7
-7
-12
-14
-8
-7
-8
-11
-9
-6
-5
-4
-8
-9
-12
-9
-6
-3
2
-2
1
1
-3
0
2
2
1
6
3
4
3
2
7
9
17
23
31
34
38
37
35
33
36
34
32
32
32
34
31
36
31
30
29
26
29
33
36
33
32
34
36
39
42
46
39
36
40
35
28
25
24
25
22
14
13
12
6
8
11
12
15
13
8
3
-3
-8
-12
-17
-18
-14
-13
-5
-1
-2
1
3
6
11
11
17
23
24
21
22
27
23
26
26
26
32
39
43
44
54
60
59
57
61
58
56
58
60
60
59
59
53
56
56
52
49
47
44
37
34
32
26
20
21
20
12
13
11
8
0
2
5
-4
-3
-9
-5
-7
-13
-12
-15
-15
-12
-16
-11
-11
-19
-20
-24
-20
-24
-21
-17
-18
-18
-24
-19
-22
-24
-23
-26
-32
-26
-23
-20
-18
-17
-10
-14
-8
-5
-2
6
3
12
17
21
19
17
13
11
20
21
29
26
26
27
26
34
33
39
37
42
40
41
38
34
26
21
17
8
11
9
7
4
0
-3
0
-9
-12
-18
-18
-21
-24
-24
-26
-31
-37
-40
-41
-45
-47
-45
-48
-49
-51
-56
-57
-60
-59
-54
-58
-55
-48
-45
-43
-44
-46
-55
-48
-44
-51
-46
-47
-50
-43
-41
-41
-27
-28
-23
-21
-22
-19
-24
-26
-31
-31
-33
-32
-31
-32
-28
-30
-32
-30
-25
-20
-10
-3
2
0
5
7
-1
3
1
3
7
10
10
8
16
13
7
10
11
8
3
3
4
6
6
8
3
5
6
4
7
1
0
-9
-12
-17
-21
-25
-35
-41
-47
-46
-47
-45
-42
-47
-42
-42
-39
-38
-39
-34
-40
-39
-43
-49
-50
-43
-39
-36
-24
-24
-23
-19
-18
-20
-14
-12
-8
-3
3
3
0
3
-7
-6
-14
-11
-14
-15
-5
-1
5
7
6
8
8
9
18
14
14
19
25
24
23
25
22
20
28
32
33
36
32
30
29
34
33
35
36
24
29
26
21
25
20
21
15
14
14
7
10
8
7
6
-4
-2
-4
-13
-14
-16
-19
-20
-21
-27
-27
-26
-27
-20
-20
-12
-14
-7
-7
-9
-6
-10
-6
-6
-2
3
7
14
19
32
33
35
38
34
38
44
46
49
49
49
54
61
61
59
59
56
58
55
60
65
69
65
63
73
71
71
67
68
71
72
69
72
68
62
58
49
51
47
47
43
37
36
32
32
29
31
23
20
22
17
15
7
2
-1
-4
-10
-12
-16
-22
-25
-29
-27
-31
-32
-36
-37
-34
-34
-33
-28
-21
-21
-22
-18
-20
-17
-14
-16
-10
-8
-11
-16
-9
-6
-2
0
-1
3
8
15
20
28
30
38
39
33
30
27
29
26
36
37
36
40
39
41
35
36
30
30
23
15
13
6
7
7
3
-2
-5
-5
-12
-11
-12
-13
-16
-21
-27
-33
-37
-36
-32
-37
-39
-49
-48
-43
-45
-47
-48
-52
-54
-54
-53
-52
-52
-51
-50
-45
-43
-41
-38
-35
-45
-39
-36
-34
-28
-28
-28
-27
-24
-26
-21
-21
-23
-24
-28
-24
-25
-29
-28
-32
-23
-19
-24
-19
-22
-23
-30
-35
-38
-42
-42
-45
-46
-41
-42
-43
-41
-42
-40
-46
-40
-42
-42
-42
-39
-44
-51
-48
-50
-48
-50
-53
-47
-49
-48
-48
-48
-48
-49
-40
-39
-41
-38
-37
-34
-28
-27
-26
-25
-22
-21
-22
-18
-19
-19
-25
-26
-21
-25
-25
-27
-23
-20
-10
-8
-10
-3
-2
0
0
0
7
5
7
15
12
12
11
16
21
22
26
29
30
24
24
26
28
33
37
42
44
48
49
53
57
53
55
54
50
52
54
52
51
48
53
51
56
59
54
55
52
47
42
33
23
23
18
15
21
20
20
21
11
9
8
1
-6
-15
-22
-28
-31
-39
-45
-47
-47
-44
-44
-42
-39
-37
-38
-36
-30
-32
-30
-33
-31
-31
-24
-20
-23
-15
-12
-7
-2
7
19
22
27
30
34
31
35
46
51
57
64
74
81
92
91
93
94
91
90
82
87
81
84
85
83
79
71
70
70
65
63
67
63
60
59
55
50
46
44
45
45
45
49
46
38
35
37
26
21
22
19
19
17
21
14
8
9
2
1
4
-2
-1
-4
-6
-7
-4
-4
-4
-1
1
9
12
13
11
10
13
16
15
16
19
16
14
14
11
15
11
7
7
4
0
-2
-2
-5
1
2
6
9
15
13
18
15
10
6
-7
-4
-15
-20
-24
-27
-23
-18
-17
-23
-26
-27
-27
-26
-24
-25
-29
-31
-34
-42
-41
-41
-46
-47
-47
-51
-44
-37
-27
-27
-29
-27
-34
-32
-38
-39
-38
-36
-37
-36
-36
-37
-38
-39
-36
-25
-22
-26
-22
-25
-25
-25
-25
-28
-28
-28
-27
-18
-19
-21
-25
-27
-30
-31
-29
-28
-31
-35
-44
-49
-50
-52
-47
-48
-44
-42
-36
-31
-34
-30
-39
-40
-40
-44
-42
-40
-32
-34
-38
-41
-38
-39
-47
-43
-37
-33
-26
-27
-24
-27
-26
-24
-22
-19
-20
-18
-17
-17
-12
-14
-21
-20
-12
-14
-23
-23
-26
-27
-27
-30
-28
-27
-30
-25
-21
-23
-21
-26
-28
-32
-41
-36
-36
-40
-36
-37
-34
-31
-30
-21
-16
-11
-14
-7
0
-1
3
4
2
3
-4
0
6
10
14
19
23
31
29
22
26
28
32
33
40
38
39
35
37
39
32
38
37
33
40
37
34
39
38
31
29
30
32
31
33
38
34
38
35
34
38
37
36
34
30
36
35
34
31
24
24
19
15
16
17
12
12
15
16
18
15
16
21
26
28
26
26
24
18
18
12
2
2
4
5
8
9
14
22
29
32
36
40
36
38
35
34
34
34
23
18
31
32
38
43
43
50
50
51
47
44
36
35
36
30
31
33
28
30
29
29
33
28
37
36
33
31
25
14
10
14
17
16
17
22
20
22
18
16
14
11
8
6
7
2
4
3
3
2
8
14
15
11
15
13
7
10
4
9
9
5
4
-1
-1
6
11
10
15
15
11
12
10
6
5
4
4
2
4
2
0
7
10
15
18
16
10
10
7
1
-5
-6
-4
-3
0
5
-2
-7
-8
-7
-9
-13
-20
-26
-27
-32
-31
-33
-39
-39
-39
-35
-28
-30
-36
-37
-36
-40
-35
-36
-36
-42
-37
-29
-30
-24
-32
-32
-35
-30
-34
-40
-44
-50
-45
-50
-53
-52
-54
-55
-55
-51
-51
-54
-51
-54
-56
-53
-55
-60
-62
-61
-62
-60
-51
-52
-55
-51
-51
-53
-50
-50
-55
-54
-57
-58
-56
-56
-57
-59
-56
-52
-48
-49
-49
-46
-44
-39
-37
-37
-34
-28
-26
-25
-17
-12
-12
-3
-3
0
4
4
14
15
15
13
13
21
15
15
17
20
25
28
31
31
25
22
22
19
18
18
25
26
26
25
27
26
23
22
16
13
4
2
2
1
3
2
-2
5
7
7
7
6
7
7
7
5
10
6
6
4
6
8
3
12
8
13
14
14
12
7
4
-2
-4
2
4
5
8
13
20
24
24
17
22
15
12
9
6
8
4
6
13
4
5
12
13
19
18
19
24
25
26
34
35
33
32
32
37
35
32
35
36
37
39
43
48
47
48
50
52
57
62
58
60
58
56
54
51
47
42
37
33
37
41
45
45
40
41
40
40
40
36
31
26
18
19
22
24
19
16
16
15
25
23
27
31
30
38
29
27
25
16
17
25
25
24
29
31
31
29
30
32
27
29
25
23
30
19
23
21
25
27
24
31
34
38
35
36
32
33
33
30
21
19
17
9
12
12
18
20
17
20
12
11
7
-1
2
1
3
2
3
0
-4
-5
-4
-6
-4
-6
-11
-8
-12
-10
-12
-11
-11
-19
-15
-16
-16
-14
-12
-17
-22
-21
-25
-24
-23
-25
-30
-28
-26
-28
-26
-32
-38
-39
-37
-39
-38
-32
-32
-29
-36
-38
-38
-39
-36
-32
-32
-28
-33
-32
-35
-46
-42
-45
-39
-35
-38
-38
-37
-33
-33
-33
-32
-32
-34
-35
-31
-36
-37
-36
-34
-36
-43
-39
-39
-32
-29
-31
-36
-38
-45
-52
-50
-56
-57
-58
-58
-55
-57
-50
-49
-45
-44
-46
-38
-43
-55
-55
-53
-57
-55
-56
-65
-63
-57
-57
-55
-54
-49
-50
-51
-47
-40
-45
-40
-37
-40
-42
-44
-43
-41
-36
-36
-31
-24
-20
-18
-18
-15
-14
-15
-17
-9
-6
-2
5
3
4
2
8
8
10
19
20
27
30
29
27
27
25
17
14
13
21
23
18
19
15
11
11
16
15
14
16
23
32
23
23
21
13
13
9
13
12
13
13
4
12
9
8
9
3
6
4
4
7
1
4
5
9
13
12
13
17
16
14
14
11
18
18
24
22
21
18
14
7
5
7
8
20
22
30
31
27
22
26
24
22
26
23
27
29
32
37
27
24
30
25
30
33
34
35
32
33
36
36
33
34
30
31
32
31
32
35
38
38
38
35
36
39
33
33
32
29
35
36
35
35
39
36
35
36
31
31
32
31
30
30
29
24
27
24
26
22
19
20
23
23
20
25
20
19
17
15
10
4
8
6
8
6
8
10
7
0
0
1
4
8
6
12
13
8
8
9
10
7
7
12
10
11
11
12
10
14
17
18
16
16
20
23
23
21
19
22
22
23
26
27
33
34
35
28
27
25
26
20
17
16
11
11
9
7
2
-2
-6
-12
-13
-11
-13
-21
-23
-29
-31
-33
-38
-40
-45
-45
-45
-53
-58
-55
-58
-59
-55
-56
-54
-53
-54
-50
-46
-40
-47
-49
-47
-49
-50
-48
-42
-40
-37
-36
-35
-29
-30
-28
-15
-17
-16
-18
-25
-19
-17
-20
-18
-18
-25
-21
-16
-11
-9
-14
-10
-14
-10
-8
-13
-11
-21
-26
-29
-31
-32
-32
-33
-36
-26
-27
-32
-31
-36
-33
-33
-37
-39
-39
-41
-40
-40
-44
-39
-44
-50
-49
-44
-43
-47
-43
-43
-42
-36
-35
-30
-26
-35
-31
-27
-29
-25
-22
-18
-14
-12
-5
0
4
4
5
8
10
10
2
1
-5
-6
1
5
5
10
10
2
8
8
11
9
7
6
5
0
5
9
9
7
6
9
18
21
14
15
11
8
11
13
17
20
15
23
24
23
19
20
23
18
21
18
19
22
19
17
18
16
17
16
15
14
19
20
18
16
15
15
17
15
16
19
24
23
19
19
9
16
12
9
10
5
4
6
7
9
8
6
5
3
6
5
4
4
1
-1
4
-1
-1
-2
0
7
12
15
17
19
22
23
27
34
39
47
45
41
44
39
35
37
37
39
51
49
55
56
57
61
61
72
71
76
72
68
63
58
55
59
65
62
63
59
60
55
57
57
47
47
43
42
33
32
27
24
17
9
11
10
8
5
2
-1
-4
-11
-9
-13
-17
-16
-20
-22
-23
-26
-25
-29
-29
-34
-32
-32
-30
-26
-29
-27
-35
-34
-26
-13
-15
-8
-1
1
2
4
4
5
12
13
14
19
17
23
16
11
20
16
20
18
12
13
13
4
12
15
9
7
5
9
9
7
8
4
6
7
3
1
0
1
-2
-6
-5
-2
-4
-6
-7
-11
-8
-5
-2
-8
-6
-10
-11
-13
-17
-21
-23
-19
-20
-23
-24
-23
-27
-27
-26
-24
-22
-18
-18
-18
-28
-25
-30
-36
-30
-33
-30
-29
-27
-22
-22
-22
-23
-23
-22
-15
-10
-14
-12
-16
-19
-18
-17
-9
-13
-8
-2
-3
-7
-13
-10
-11
-8
-1
-6
-6
-13
-19
-23
-26
-29
-33
-33
-39
-38
-37
-37
-36
-38
-38
-32
-27
-19
-26
-33
-31
-31
-32
-39
-38
-41
-40
-37
-33
-36
-39
-35
-37
-36
-35
-36
-33
-29
-32
-33
-34
-46
-48
-49
-51
-53
-53
-47
-45
-45
-44
-44
-42
-45
-47
-42
-42
-43
-39
-39
-37
-33
-29
-30
-35
-30
-30
-30
-22
-14
-13
-7
-3
-1
4
7
11
9
15
21
25
19
21
23
23
26
31
36
35
36
35
29
27
26
18
16
15
10
12
2
2
-5
-9
-4
-12
-9
-8
-8
-5
0
1
-1
-11
-13
-13
-12
-9
-8
-11
-11
-6
-8
-2
-1
-2
-4
2
2
19
27
23
25
23
30
26
27
30
32
34
34
42
39
41
43
46
53
57
62
61
61
54
51
45
36
39
48
53
50
52
53
52
59
59
57
57
56
56
58
57
54
51
48
49
51
46
44
45
43
43
36
36
31
29
34
35
29
30
28
23
17
12
4
-3
2
1
4
7
5
9
5
2
3
-3
-7
-8
-3
1
-1
2
0
-2
1
3
1
2
7
9
9
16
15
13
16
14
14
14
15
17
20
22
25
27
33
34
31
35
39
37
34
33
27
24
21
18
21
20
18
17
11
12
6
5
5
6
9
9
2
1
-2
-8
-13
-18
-14
-10
-7
-6
-9
-11
-18
-23
-18
-19
-22
-24
-27
-23
-27
-36
-39
-44
-52
-50
-54
-52
-46
-46
-47
-49
-54
-57
-54
-57
-56
-58
-56
-52
-52
-48
-48
-45
-41
-37
-31
-24
-19
-16
-14
-17
-12
-19
-17
-17
-18
-9
-10
0
3
5
8
3
4
3
9
7
8
4
-4
-7
-10
-15
-18
-12
-4
2
0
3
-2
-9
-10
-11
-19
-23
-24
-31
-32
-25
-31
-25
-22
-24
-28
-30
-24
-28
-25
-27
-30
-33
-34
-37
-42
-41
-43
-41
-38
-40
-38
-35
-33
-33
-34
-35
-40
-44
-43
-42
-42
-47
-51
-49
-47
-44
-44
-43
-40
-44
-38
-39
-39
-39
-41
-37
-38
-35
-37
-34
-30
-36
-37
-33
-33
-31
-33
-34
-37
-36
-31
-32
-25
-21
-22
-18
-11
-8
-7
-5
-9
-14
-11
-11
-8
-6
-9
-10
-2
-2
-2
1
-2
-1
3
2
6
12
13
18
18
21
25
26
25
33
34
36
39
40
47
46
48
47
47
46
47
53
52
54
51
46
42
43
41
43
48
46
51
52
52
50
50
45
44
49
48
54
52
51
45
41
41
45
46
45
48
48
44
43
42
39
36
34
35
30
30
37
39
43
47
49
50
55
59
58
56
55
49
49
53
50
53
45
42
45
42
37
33
33
31
37
32
32
26
22
26
29
29
23
20
21
29
32
29
32
26
24
28
26
30
23
26
29
35
40
34
42
39
38
33
29
34
33
36
40
39
40
44
42
42
39
35
35
30
24
19
21
17
19
25
24
24
22
22
25
24
21
19
11
5
3
1
2
0
-3
-1
-3
4
11
10
15
16
8
6
4
-3
-8
-9
-10
-11
-14
-15
-11
-20
-18
-19
-21
-20
-24
-29
-35
-31
-36
-37
-39
-42
-41
-43
-52
-52
-57
-63
-65
-68
-66
-70
-66
-65
-72
-69
-70
-69
-68
-71
-68
-69
-67
-71
-71
-69
-68
-69
-70
-70
-67
-64
-73
-74
-72
-71
-70
-66
-56
-57
-57
-53
-52
-49
-46
-48
-46
-52
-53
-54
-61
-56
-51
-49
-43
-36
-36
-34
-31
-28
-23
-18
-22
-24
-22
-24
-26
-27
-26
-26
-28
-25
-23
-24
-23
-24
-31
-23
-15
-18
-10
-9
-12
-12
-16
-22
-26
-22
-23
-21
-13
-12
-2
3
9
15
21
17
14
15
16
13
13
14
12
9
1
-2
-6
-2
-4
-11
-10
-15
-18
-16
-19
-21
-22
-22
-18
-20
-19
-21
-27
-25
-22
-19
-22
-29
-28
-31
-27
-25
-30
-30
-31
-27
-24
-28
-26
-22
-26
-24
-22
-29
-20
-13
-11
-6
-5
1
5
7
10
10
14
13
14
24
28
36
43
48
49
60
62
63
64
59
59
54
50
48
52
48
47
54
51
52
51
55
57
54
55
47
43
36
31
21
22
24
17
24
23
27
30
33
36
38
36
32
32
33
32
33
34
34
38
38
38
40
37
41
42
41
34
36
40
41
48
49
54
62
58
54
60
61
56
55
57
53
50
46
44
40
34
44
50
53
53
53
56
53
53
56
51
52
55
55
56
52
55
51
53
58
54
50
52
48
42
40
36
32
30
29
26
29
36
35
36
40
37
36
29
25
20
19
15
11
9
4
-1
-5
-4
-4
-5
-6
-14
-19
-26
-30
-37
-40
-36
-41
-36
-39
-41
-39
-39
-34
-38
-40
-41
-44
-46
-45
-48
-48
-48
-52
-42
-43
-50
-52
-52
-55
-60
-57
-60
-64
-69
-66
-70
-72
-70
-67
-63
-61
-56
-57
-56
-57
-57
-51
-51
-55
-55
-55
-53
-52
-54
-54
-50
-43
-38
-39
-35
-37
-33
-34
-36
-37
-33
-19
-19
-19
-29
-31
-28
-29
-25
-28
-27
-29
-32
-30
-33
-37
-34
-30
-33
-28
-22
-15
-14
-11
-12
-15
-22
-21
-20
-17
-15
-16
-12
-12
-13
-17
-23
-25
-27
-24
-20
-18
-13
-13
-15
-18
-23
-19
-16
-17
-20
-19
-19
-26
-22
-19
-19
-16
-16
-16
-19
-19
-14
-21
-18
-15
-19
-15
-24
-22
-22
-27
-28
-32
-30
-31
-32
-33
-31
-32
-28
-24
-31
-32
-39
-42
-36
-38
-33
-29
-25
-28
-26
-21
-21
-19
-13
-14
-13
-13
-12
-4
-4
-2
9
12
15
25
28
34
41
42
36
26
26
25
24
25
35
42
46
53
57
63
64
59
55
57
62
59
56
57
50
49
54
60
58
58
59
58
59
58
53
53
58
57
50
49
54
50
46
37
33
33
27
28
28
29
28
28
26
24
13
12
14
16
16
13
17
15
19
17
14
11
8
15
19
21
26
27
26
26
28
31
31
36
44
45
39
41
41
39
38
38
40
41
46
44
43
43
46
47
42
40
39
45
46
48
53
51
49
48
53
51
49
48
54
57
56
53
46
40
37
38
42
47
46
48
50
47
48
43
42
41
46
50
49
45
42
39
36
26
21
17
10
12
7
3
-2
-4
-14
-19
-19
-21
-17
-20
-14
-15
-22
-25
-34
-38
-42
-51
-52
-52
-55
-53
-49
-53
-48
-43
-36
-29
-26
-25
-30
-30
-33
-29
-32
-37
-32
-32
-23
-15
-12
-6
-5
-5
-8
-7
-3
-3
-4
-7
-13
-22
-23
-23
-25
-19
-20
-8
4
4
-1
-4
-14
-20
-22
-18
-22
-25
-18
-25
-27
-26
-27
-25
-24
-24
-30
-27
-31
-37
-37
-32
-38
-50
-50
-51
-50
-53
-52
-53
-53
-53
-56
-58
-66
-67
-71
-71
-66
-72
-72
-72
-73
-76
-80
-81
-81
-75
-75
-68
-68
-71
-65
-62
-57
-51
-48
-49
-48
-45
-42
-37
-30
-29
-22
-14
-17
-12
-11
-9
-7
-8
-6
-9
-13
-12
-10
-11
-3
-3
-4
0
2
4
4
5
-3
-10
-11
-15
-18
-18
-14
-13
-18
-11
-8
-6
-2
-1
-4
-11
-18
-20
-14
-18
-18
-22
-20
-19
-16
-14
-14
-13
-16
-13
-15
-15
-14
-19
-23
-22
-15
-18
-18
-21
-18
-12
-3
3
1
5
9
11
8
6
2
4
8
8
11
12
18
18
21
26
24
26
28
29
31
28
27
29
30
39
49
52
52
55
55
55
51
46
49
50
49
49
51
49
51
48
50
51
51
55
50
47
43
42
47
49
55
52
54
51
45
44
42
41
33
23
23
20
18
16
14
20
18
27
32
34
38
40
39
40
43
45
46
40
45
40
37
38
39
36
39
41
45
48
43
50
50
45
46
53
52
56
53
55
55
48
48
50
45
46
42
42
45
54
53
54
52
58
65
58
59
55
51
43
42
36
32
32
27
21
18
21
16
11
5
7
11
6
4
-4
-9
-14
-15
-13
-18
-23
-26
-28
-29
-33
-38
-41
-45
-44
-41
-45
-46
-47
-37
-37
-33
-31
-32
-31
-33
-34
-30
-29
-29
-23
-26
-26
-26
-30
-30
-29
-33
-23
-20
-18
-15
-18
-20
-24
-24
-25
-24
-21
-19
-21
-19
-17
-18
-13
-17
-22
-23
-24
-26
-25
-31
-33
-33
-39
-41
-40
-38
-47
-44
-48
-48
-47
-53
-53
-55
-56
-60
-56
-52
-52
-47
-42
-42
-44
-51
-57
-56
-59
-57
-51
-50
-46
-46
-46
-45
-44
-41
-33
-29
-35
-36
-38
-40
-41
-40
-34
-31
-32
-25
-24
-31
-31
-33
-37
-39
-35
-31
-26
-26
-24
-24
-27
-30
-29
-29
-30
-27
-24
-18
-14
-10
-13
-16
-17
-18
-14
-7
-7
-3
0
-4
-5
-6
-8
-6
-4
-3
4
6
7
10
12
9
15
18
8
5
-1
-2
-6
-11
-16
-13
-10
-9
-3
-5
-2
2
0
0
2
-2
0
-2
-7
-3
0
-5
0
4
-1
5
9
5
10
15
11
12
10
2
4
8
6
7
7
14
8
5
12
6
7
6
8
15
23
23
25
29
33
42
35
38
42
41
43
44
40
40
42
40
35
35
36
39
41
41
40
38
35
36
38
30
29
24
24
34
29
24
29
30
30
29
31
34
35
37
38
36
37
30
33
35
33
38
40
35
37
45
42
47
50
43
43
44
47
46
48
43
39
42
41
42
49
52
57
60
59
65
58
60
61
64
60
61
65
61
63
53
54
52
45
43
43
45
41
40
41
44
43
38
31
35
34
19
16
4
-2
25
17
2
11
11
-3
-4
-6
5
6
-11
-5
-15
-29
-16
-9
-21
-15
-12
-13
-10
-2
-9
-6
-5
-6
-5
-10
-7
-17
-15
-16
-18
-29
-21
-27
-21
-30
-18
-29
-30
-16
-34
-21
-39
-23
-31
-28
-38
-24
-43
-38
-43
-47
-36
-33
-38
-33
-33
-38
-35
-42
-38
-38
-42
-33
-33
-39
-35
-40
-44
-52
-48
-51
-46
-42
-42
-37
-29
-25
-22
-27
-23
-36
-27
-17
-25
-12
-18
-9
-20
-24
-25
-9
-19
-18
-20
-19
-18
-16
-21
-16
-24
-25
-18
-22
-27
-31
-32
-34
-31
-30
-29
-35
-35
-36
-33
-32
-32
-34
-42
-42
-42
-38
-34
-35
-24
-31
-34
-26
-29
-35
-37
-38
-36
-31
-33
-37
-30
-32
-32
-27
-30
-27
-25
-29
-31
-31
-37
-40
-36
-35
-30
-23
-21
-24
-23
-26
-31
-28
-25
-25
-24
-20
-23
-18
-15
-16
-15
-22
-15
-12
-12
-15
-14
-13
-23
-23
-26
-24
-23
-17
-16
-19
-4
1
0
-1
-4
-5
-3
2
5
4
4
1
1
1
4
3
12
19
20
24
21
27
26
23
28
27
33
33
34
30
26
21
26
33
31
26
24
24
24
18
15
16
17
17
17
19
19
12
15
11
9
16
3
3
1
-3
-1
-1
-3
-5
-2
1
1
8
10
17
19
18
17
15
20
14
15
16
17
24
24
28
25
29
32
29
33
38
39
39
41
42
39
40
42
43
51
56
55
46
52
48
51
53
55
52
52
55
57
60
52
50
50
51
51
51
53
51
51
47
42
43
44
49
45
41
39
37
33
31
38
32
36
29
22
18
10
13
9
14
11
6
7
6
2
-1
-3
-1
8
12
11
12
12
8
11
9
14
14
13
19
18
18
17
15
10
11
14
12
11
9
2
1
0
-5
-1
-5
-5
4
2
3
-1
-4
-1
-4
2
-5
-2
-3
-8
-5
-15
-13
-9
-9
-15
-13
-14
-20
-17
-22
-24
-27
-32
-37
-36
-32
-30
-26
-23
-22
-19
-18
-21
-18
-27
-35
-41
-40
-43
-43
-42
-50
-46
-43
-39
-39
-37
-34
-24
-25
-27
-23
-29
-35
-39
-37
-42
-41
-47
-46
-44
-40
-33
-30
-31
-28
-25
-25
-20
-23
-20
-19
-22
-23
-21
-21
-22
-20
-24
-23
-22
-23
-22
-22
-22
-23
-26
-19
-20
-19
-21
-24
-20
-20
-21
-18
-16
-20
-17
-15
-15
-16
-16
-21
-19
-23
-25
-25
-24
-21
-22
-21
-25
-26
-26
-25
-23
-27
-29
-27
-31
-28
-31
-36
-34
-31
-29
-27
-28
-30
-33
-29
-26
-22
-22
-26
-21
-20
-17
-12
-18
-18
-17
-19
-22
-21
-19
-15
-8
-3
-3
-2
3
0
3
6
8
12
20
22
22
24
24
26
29
30
31
31
35
29
33
36
33
31
33
34
36
40
35
40
41
37
33
26
27
28
25
17
8
2
-4
-7
-11
-8
-10
-12
-7
-8
-7
-12
-14
-17
-19
-18
-17
-14
-14
-10
-5
4
10
12
14
8
5
7
5
2
2
-2
1
3
5
11
15
20
22
26
19
32
26
33
17
28
14
27
1
-49
45
32
23
73
54
58
48
13
78
60
37
75
48
14
40
35
34
56
45
55
66
41
50
38
29
42
16
25
32
22
30
28
23
20
23
24
25
24
22
28
20
17
19
10
14
11
11
5
7
18
13
22
20
15
22
14
14
24
27
26
28
24
18
19
14
18
28
34
44
44
43
49
49
52
49
45
43
40
43
39
29
29
30
34
32
36
39
32
34
32
31
24
28
24
14
21
11
29
7
8
24
0
15
10
1
10
-7
3
17
-19
-5
-4
-20
-15
-7
-22
-12
-15
-18
-6
-18
-24
-12
-29
-24
-24
-29
-24
-35
-26
-32
-27
-26
-34
-35
-37
-42
-53
-47
-55
-53
-47
-51
-49
-51
-56
-50
-54
-55
-55
-51
-46
-48
-46
-54
-56
-52
-54
-55
-51
-53
-49
-37
-44
-43
-28
-38
-32
-28
-30
-24
-31
-28
-20
-26
-32
-25
-20
-25
-17
-26
-26
-28
-36
-31
-29
-34
-34
-45
-41
-35
-42
-29
-29
-31
-34
-34
-33
-36
-33
-38
-38
-40
-40
-45
-46
-43
-39
-34
-35
-32
-29
-31
-25
-27
-27
-24
-35
-38
-37
-39
-44
-42
-40
-41
-30
-29
-31
-31
-36
-45
-41
-34
-36
-17
-66
-70
-28
-27
-39
-19
-19
6
5
-35
19
0
-11
22
24
4
26
57
20
12
40
56
53
51
56
56
17
12
24
9
8
34
26
5
8
2
-10
-17
-12
-15
-11
-5
-7
-15
-10
-8
-11
-3
1
8
8
20
21
8
3
-2
2
-1
-3
3
6
11
12
4
5
11
2
-6
1
5
8
15
18
19
22
29
21
23
31
35
52
51
47
51
56
52
49
56
65
70
62
66
62
54
51
51
51
49
45
46
48
41
45
41
39
42
43
42
43
54
47
46
57
54
43
42
33
37
35
38
45
43
45
40
39
42
37
39
36
30
31
18
18
20
26
22
25
30
22
16
10
9
7
7
6
2
-6
-7
-1
-2
-5
2
6
8
10
15
16
9
11
13
14
16
20
25
32
34
29
28
26
28
29
25
28
28
29
26
28
23
18
15
17
15
13
12
11
10
1
-1
1
3
2
1
-1
-5
-1
-2
-10
-9
-8
-6
-14
-22
-20
-22
-18
-11
-17
-24
-31
-39
-41
-45
-48
-43
-38
-41
-44
-46
-45
-45
-49
-47
-47
-46
-53
-51
-46
-55
-49
-53
-55
-56
-64
-65
-65
-63
-65
-65
-62
-62
-57
-53
-47
-51
-50
-43
-45
-37
-39
-39
-32
-31
-27
-23
-17
-9
-3
-5
-11
-8
-5
-6
-7
-5
-1
-7
-5
1
1
-1
-6
-2
-2
-3
2
3
-4
0
-3
-6
-5
-9
-9
-5
-2
3
4
2
-13
-20
-20
-22
-23
-23
-19
-27
-24
-21
-16
-14
-13
-12
-23
-25
-23
-33
-34
-39
-42
-33
-30
-33
-27
-28
-30
-24
-22
-24
-23
-24
-26
-23
-26
-25
-25
-23
-18
-23
-22
-20
-25
-28
-24
-20
-20
-19
-18
-21
-19
-15
-11
-13
-8
3
8
9
9
15
16
19
20
18
23
23
25
27
26
26
25
30
27
21
30
25
17
18
19
27
22
19
18
22
18
14
15
11
19
16
23
29
21
24
17
11
7
7
10
9
11
13
9
5
4
0
-10
-4
1
-1
-3
-10
-5
-2
-1
1
2
12
13
18
19
14
16
13
17
18
11
16
21
28
29
35
38
43
50
51
58
64
69
76
77
76
80
77
79
85
84
89
90
86
76
79
77
76
78
81
77
77
75
75
77
72
68
61
60
51
50
46
42
37
29
32
35
38
34
38
30
35
35
26
20
6
6
1
-3
-6
-8
-3
-7
-11
-10
-9
-10
-11
-17
-16
-14
-22
-23
-22
-23
-19
-15
-12
-6
-1
-2
0
-4
-6
-9
-13
-7
-7
-4
-7
-10
-5
-3
6
12
5
-2
-4
-11
-17
-24
-24
-28
-30
-28
-27
-28
-28
-26
-21
-8
-9
-10
-9
-15
-16
-20
-19
-22
-22
-24
-24
-23
-28
-28
-30
-27
-25
-25
-26
-22
-20
-22
-27
-29
-25
-25
-17
-13
-13
-6
-6
-10
-7
-7
-15
-18
-18
-17
-13
-17
-21
-19
-17
-12
-16
-17
-16
-14
-13
-17
-23
-23
-25
-28
-28
-24
-17
-16
-19
-25
-23
-22
-25
-15
-9
-10
-11
-6
-8
-14
-17
-18
-18
-19
-26
-23
-21
-25
-27
-31
-34
-27
-28
-22
-16
-18
-16
-16
-12
-10
-11
-17
-18
-17
-24
-20
-11
-17
-10
-7
-11
-14
-18
-20
-19
-23
-25
-26
-29
-32
-44
-51
-50
-46
-39
-37
-34
-36
-45
-53
-60
-60
-59
-54
-56
-44
-44
-44
-44
-46
-43
-44
-35
-30
-29
-31
-35
-33
-34
-30
-32
-32
-31
-29
-25
-14
-6
-7
1
3
14
18
18
27
32
35
32
32
34
28
28
35
32
37
33
34
40
40
34
28
31
31
31
33
29
38
40
29
26
32
37
32
23
27
32
26
27
27
22
21
17
16
26
36
36
31
33
29
28
33
29
30
27
25
17
10
11
5
9
15
14
15
16
18
17
15
16
16
14
21
27
21
20
15
14
18
19
26
31
39
41
44
40
36
39
42
50
52
56
47
45
48
47
52
55
50
49
48
47
41
32
27
25
19
14
14
9
3
5
6
13
15
10
8
3
2
-5
-6
-2
-2
-7
-2
0
-6
0
-4
-4
0
8
15
18
24
25
22
15
11
3
-4
1
-2
-9
-10
-9
-11
-11
-4
-2
-3
1
3
-2
-9
-18
-23
-33
-32
-30
-23
-19
-9
-4
-9
-4
-1
2
1
2
0
-1
-2
-3
0
-3
-4
2
6
2
-1
7
19
27
29
23
19
12
6
4
2
3
-2
0
2
4
8
8
7
7
11
4
1
2
0
1
6
7
2
-6
-10
-17
-14
-5
-4
1
-5
-7
-10
-13
-6
-9
-12
-10
-17
-26
-33
-32
-30
-32
-30
-25
-30
-35
-30
-29
-32
-40
-43
-45
-47
-51
-53
-52
-54
-53
-49
-44
-45
-45
-41
-41
-45
-48
-44
-52
-56
-56
-59
-53
-50
-53
-56
-46
-38
-39
-39
-39
-30
-29
-28
-19
-25
-33
-33
-23
-10
-10
-16
-13
-14
-15
-12
-10
-8
-6
-9
-23
-26
-21
-25
-23
-13
-13
-19
-21
-32
-28
-30
-33
-32
-25
-16
-17
-19
-20
-7
-7
-5
-3
-3
-1
2
-5
-7
-3
-6
-10
-4
9
13
8
8
6
3
1
-4
-6
-7
-3
3
4
8
10
6
12
12
17
20
26
29
26
28
27
25
22
20
27
30
33
38
43
41
36
32
27
28
26
22
21
27
27
17
6
6
5
-1
4
6
8
9
13
11
6
2
4
3
8
10
-4
-7
-7
-9
-6
-5
-7
-3
0
-8
-4
8
13
15
26
21
13
13
17
24
28
31
32
41
34
29
38
45
50
51
44
40
50
50
49
50
47
46
48
50
46
47
45
43
41
43
46
38
31
29
15
14
13
5
9
4
0
9
12
11
4
-2
6
-2
3
4
-1
-1
-14
-7
0
11
15
15
16
25
30
24
28
24
26
21
21
29
30
32
25
28
23
22
28
31
33
32
24
24
23
14
20
18
23
28
27
36
35
32
26
26
28
25
24
16
9
12
4
6
9
7
-1
-1
-3
-8
-8
-13
-13
-11
-19
-25
-30
-41
-35
-26
-28
-18
-9
-10
-15
-23
-32
-30
-29
-23
-14
-15
-13
-17
-22
-22
-25
-25
-20
-14
-13
-13
-20
-23
-25
-21
-12
-10
-11
-15
-10
-15
-22
-19
-23
-18
-11
-9
-6
-3
3
6
13
23
24
21
7
-1
1
0
-2
1
-3
-16
-22
-28
-25
-14
-12
-9
-12
-17
-18
-25
-24
-26
-30
-29
-29
-25
-26
-28
-28
-25
-27
-35
-40
-41
-37
-35
-33
-33
-29
-33
-43
-35
-31
-39
-37
-31
-29
-30
-31
-38
-38
-38
-33
-29
-27
-29
-36
-45
-43
-29
-23
-23
-22
-20
-14
-20
-24
-21
-23
-21
-24
-17
-11
-13
-20
-31
-27
-19
-19
-14
-12
-9
-6
-12
-7
-1
0
-4
-10
-6
-7
-7
-4
-5
3
0
-4
-5
-3
-8
-19
-18
-14
-15
-18
-17
-12
-8
-20
-25
-23
-14
-14
-15
-20
-22
-19
-25
-27
-28
-29
-31
-32
-35
-29
-29
-30
-24
-29
-24
-13
-8
-3
-6
-6
-4
-7
2
1
-5
-7
-2
0
5
11
7
13
15
13
17
21
27
31
30
27
25
18
14
19
23
24
31
46
50
45
43
42
38
45
46
46
50
46
42
44
43
43
49
50
49
56
51
46
55
51
53
64
59
56
51
47
42
38
34
43
41
32
40
43
44
35
25
36
39
33
33
20
22
17
12
17
21
30
25
17
14
12
15
12
10
9
12
7
1
-3
-5
2
6
11
8
10
7
3
1
3
1
5
13
4
-7
-10
-7
-2
6
14
18
18
16
7
-2
-3
-3
2
3
4
10
8
6
2
8
12
8
10
13
11
12
7
-1
8
8
6
10
7
3
-2
-2
2
7
11
16
19
21
14
4
7
5
8
6
6
6
2
-7
-16
-10
-7
-4
-4
-1
2
3
7
0
-6
-9
-13
-18
-24
-18
-16
-27
-19
-23
-23
-27
-35
-24
-23
-24
-23
-25
-27
-38
-48
-47
-35
-38
-41
-42
-41
-43
-47
-43
-36
-29
-37
-33
-31
-23
-26
-21
-10
-8
-3
-2
1
-3
-3
-12
-11
-8
-11
-19
-28
-29
-34
-39
-43
-43
-37
-45
-46
-42
-40
-40
-48
-47
-43
-37
-36
-34
-33
-40
-43
-40
-34
-27
-25
-25
-30
-40
-42
-49
-44
-45
-45
-44
-44
-45
-39
-47
-51
-43
-32
-31
-32
-23
-29
-22
-17
-18
-19
-18
-24
-23
-20
-21
-15
-13
-18
-19
-7
-3
4
2
-3
4
0
-5
-12
-11
-9
-13
-10
1
0
2
-1
0
5
4
9
8
12
9
6
0
2
3
1
3
8
-6
-6
-11
-4
18
21
-1
-13
8
14
3
-14
13
28
9
-17
-4
1
1
2
2
15
22
18
15
24
12
3
2
21
38
33
24
27
25
20
26
30
43
47
40
35
41
49
44
45
57
67
66
63
68
71
65
65
67
58
48
40
40
37
32
40
48
43
41
46
37
41
47
38
32
30
27
27
20
19
24
31
34
21
21
25
26
23
17
24
22
12
8
3
7
18
13
3
4
13
11
-1
3
6
5
-1
-13
-9
-7
-6
0
1
1
-2
0
1
9
9
8
17
3
1
7
6
3
14
14
8
5
-1
6
-3
-5
3
15
19
25
30
27
40
37
32
38
37
39
32
39
39
32
22
20
21
14
24
29
38
36
32
27
30
27
20
17
20
20
15
18
21
14
3
6
16
12
11
11
11
15
15
13
4
2
2
-8
-11
-13
-17
-17
-11
-10
-9
-14
-23
-10
-14
-27
-21
-7
2
-6
-19
-10
-1
-13
-22
-14
0
-6
-12
-6
-2
-5
-20
-17
-16
-17
-21
-25
-15
-17
-18
-20
-25
-23
-33
-33
-22
-28
-28
-33
-35
-23
-24
-32
-22
-21
-28
-30
-35
-41
-38
-42
-47
-49
-46
-42
-43
-39
-37
-42
-47
-46
-39
-45
-46
-40
-39
-37
-37
-37
-27
-20
-17
-12
-11
-13
-20
-26
-20
-14
-18
-19
-19
-22
-25
-24
-17
-15
-9
-2
-3
-1
-12
-25
-22
-21
-15
-11
-8
4
8
1
0
3
-3
-3
-8
-9
-6
-14
-22
-24
-23
-25
-29
-34
-18
-4
-14
-15
-11
-24
-30
-33
-34
-19
-15
-15
-9
-7
-10
-8
-11
-18
-15
-15
-19
-17
-27
-35
-32
-39
-26
-21
-26
-23
-20
-21
-22
-23
-25
-24
-20
-24
-24
-17
-19
-10
0
0
-3
-2
3
3
1
7
9
19
15
11
17
21
24
17
15
20
29
27
26
24
23
17
11
8
3
5
14
20
27
33
26
22
20
18
29
36
32
25
24
28
29
28
29
21
21
28
32
32
26
23
20
18
14
14
10
2
14
22
21
23
29
33
28
29
30
42
41
43
51
49
43
39
35
39
46
46
52
57
55
51
42
37
48
52
58
64
63
55
45
41
47
38
33
39
36
38
39
32
26
28
21
26
33
36
36
39
29
19
19
9
2
8
11
12
15
8
1
-7
-4
6
9
11
11
11
11
12
14
15
18
13
8
7
13
8
-5
-3
-8
-15
-17
-19
-19
-13
-13
-14
-7
-15
-19
-18
-9
-11
-13
-18
-18
-11
-20
-27
-23
-15
-13
-13
-24
-18
-13
-12
-4
-4
2
6
1
-10
-14
-16
-20
-23
-18
-12
-10
-2
-6
-8
-16
-17
-6
-11
-15
-15
-3
4
-3
-5
-2
6
-5
-15
-14
-14
-7
-15
-21
-20
-23
-27
-24
-18
-15
-13
-14
-18
-21
-23
-24
-19
-16
-21
-17
-18
-22
-19
-26
-22
-17
-18
-26
-30
-35
-28
-33
-35
-30
-27
-18
-24
-19
-22
-23
-25
-30
-30
-32
-37
-47
-44
-29
-22
-15
-15
-18
-21
-27
-31
-23
-17
-17
-10
-12
-13
-26
-33
-26
-8
-10
-12
-10
-12
-20
-34
-30
-18
-22
-20
-15
-22
-28
-32
-28
-32
-30
-28
-24
-15
-13
-19
-28
-33
-37
-42
-39
-27
-35
-42
-37
-49
-51
-42
-49
-41
-26
-35
-37
-39
-45
-47
-47
-51
-38
-33
-38
-35
-31
-22
-15
-3
10
16
11
12
11
14
14
15
17
24
31
35
40
45
43
34
36
33
31
31
31
28
39
34
30
39
38
35
37
51
52
51
41
33
30
25
21
14
21
32
34
30
26
27
31
26
24
25
25
26
21
17
9
4
0
-1
9
11
7
8
12
0
-8
-22
-26
-20
-14
3
13
16
11
7
4
7
6
6
15
16
17
17
16
21
19
19
29
38
45
44
40
47
44
49
52
51
54
62
57
48
50
50
56
52
54
61
57
62
63
63
67
67
71
75
74
71
67
62
64
58
44
38
32
27
28
25
30
32
35
27
22
24
19
13
8
16
16
18
9
5
12
4
1
0
11
12
11
12
9
11
10
6
2
6
4
4
1
-2
-2
-6
-6
-9
-10
-9
-12
-12
-8
-12
-11
-8
-10
-6
-2
-4
-7
-12
-8
-18
-23
-17
-9
-6
-7
-2
-8
-14
-22
-24
-25
-17
-17
-14
-8
-14
-14
-16
-13
-8
-1
-2
-11
-6
-8
-5
0
1
6
5
9
-3
-16
-24
-37
-42
-49
-52
-54
-44
-48
-49
-37
-41
-37
-33
-31
-28
-27
-33
-34
-28
-32
-38
-34
-34
-38
-22
-15
-21
-22
-23
-27
-23
-31
-45
-50
-49
-43
-46
-47
-50
-48
-52
-48
-39
-41
-38
-41
-42
-47
-47
-42
-33
-20
-17
-15
-14
-14
-19
-25
-31
-33
-35
-32
-26
-26
-29
-31
-39
-37
-41
-37
-28
-28
-19
-23
-26
-37
-38
-32
-28
-30
-23
-12
-16
-11
-10
-13
-15
-14
-20
-14
-10
-20
-19
-17
-25
-34
-38
-38
-27
-17
-21
-22
-28
-29
-28
-33
-27
-11
-3
-3
-2
-1
-2
2
1
1
-2
-2
2
-1
0
-1
0
-3
-7
-9
-17
-14
-8
-9
-11
-12
-13
-11
-7
-8
-1
3
8
15
17
18
15
14
15
15
15
17
20
21
29
24
22
29
27
25
31
36
39
34
27
27
29
26
16
22
29
35
33
30
21
11
15
3
17
22
16
14
17
18
7
10
8
15
24
22
24
32
26
20
13
21
24
24
24
23
27
28
30
25
19
29
35
35
41
38
44
48
45
48
48
52
53
55
56
52
53
52
48
50
56
62
60
58
59
55
61
57
48
50
45
39
46
50
48
53
54
53
52
44
40
40
38
35
30
38
34
20
17
17
18
17
22
22
31
37
24
28
29
30
19
4
5
6
6
8
9
-2
-3
-8
-6
-2
2
1
-1
8
-3
-7
-6
-12
-13
-20
-20
-29
-29
-35
-37
-30
-27
-19
-15
-7
-6
-4
-10
-14
-15
-12
-5
-6
-4
-6
-8
-5
-11
-13
-11
-13
-13
-17
-15
-19
-23
-25
-20
-24
-29
-24
-22
-19
-18
-22
-28
-30
-34
-30
-29
-29
-31
-25
-22
-28
-25
-28
-29
-33
-36
-33
-36
-38
-42
-37
-29
-31
-28
-21
-18
-15
-28
-35
-31
-28
-27
-25
-29
-39
-46
-54
-53
-56
-62
-52
-41
-39
-41
-43
-45
-47
-51
-45
-39
-35
-40
-51
-50
-49
-44
-44
-43
-36
-23
-25
-30
-30
-30
-26
-22
-21
-22
-24
-20
-16
-21
-21
-21
-18
-9
-11
-13
-9
-8
-14
-20
-24
-24
-19
-20
-23
-28
-29
-27
-31
-35
-33
-27
-19
-21
-29
-31
-37
-47
-48
-53
-46
-33
-30
-28
-22
-26
-23
-16
-15
-6
0
8
11
7
-6
-6
-3
-2
1
3
12
13
17
14
18
24
26
35
44
46
50
57
63
57
49
52
53
46
44
45
40
49
49
56
64
57
56
59
56
58
50
32
31
30
16
19
18
17
13
7
8
14
10
0
2
3
5
-4
-15
-20
-17
-16
-14
-20
-19
-15
-16
-14
-15
-19
-16
-10
-11
-13
-16
-7
-6
-8
-4
-1
3
1
5
15
30
32
26
33
23
26
29
25
22
27
34
40
46
38
37
35
35
38
43
41
38
38
32
33
32
31
39
48
40
35
43
42
47
47
32
30
30
26
25
24
22
26
35
30
28
19
10
8
-1
1
9
12
19
17
12
18
19
21
23
29
35
41
44
41
46
42
27
18
22
27
36
38
25
28
27
29
42
50
58
66
69
64
61
54
46
44
39
44
42
37
35
32
24
17
14
15
16
25
25
18
15
8
2
1
-8
-12
-11
-14
-12
-15
-13
-11
-7
-8
-18
-18
-21
-29
-32
-33
-33
-33
-40
-44
-36
-37
-42
-43
-37
-28
-29
-28
-27
-38
-52
-53
-52
-49
-51
-49
-41
-43
-52
-45
-35
-34
-30
-35
-38
-36
-48
-53
-46
-41
-34
-35
-43
-42
-39
-40
-41
-45
-44
-37
-41
-46
-49
-48
-45
-40
-32
-29
-26
-24
-23
-21
-17
-13
-18
-15
-20
-33
-36
-43
-39
-35
-21
-13
-13
-15
-19
-14
-15
-19
-21
-19
-15
-14
-25
-26
-25
-25
-21
-22
-18
-10
-7
-6
-6
-6
-5
-6
-3
-2
-2
-13
-24
-25
-27
-34
-40
-39
-34
-28
-27
-29
-22
-22
-18
-19
-16
-7
-12
-8
-9
-17
-25
-21
-24
-19
-9
-7
-3
-12
-16
-20
-26
-22
-23
-18
-11
-12
-17
-24
-15
-9
-8
6
22
23
24
28
23
23
18
9
16
20
15
11
8
10
12
13
15
29
30
20
13
10
9
-7
-16
-16
-26
-26
-28
-24
-7
-9
-8
-11
-17
-21
-17
-15
-10
-9
-14
-10
-9
-10
-11
-12
-8
0
1
0
1
-1
6
-3
-4
10
24
37
37
41
39
44
40
42
51
51
56
58
54
51
51
48
53
58
63
67
78
80
78
69
66
65
63
67
64
55
52
52
42
42
46
38
39
39
31
34
36
42
41
40
36
40
45
37
39
32
31
28
24
19
17
21
20
14
4
10
17
18
17
21
30
34
39
33
27
33
30
22
27
26
24
26
19
16
16
16
9
13
17
17
19
19
19
16
19
10
9
-4
-3
1
2
7
1
2
-2
-3
0
5
7
11
4
0
-2
-11
-10
-15
-6
2
0
-4
-3
-6
-9
-9
-7
1
0
-6
-11
-15
-14
-4
-7
3
11
14
13
7
5
4
4
3
8
8
5
-1
-2
-4
-5
-4
-2
2
-5
-14
-20
-21
-30
-24
-28
-39
-40
-43
-39
-38
-34
-31
-33
-41
-48
-46
-47
-55
-63
-65
-56
-52
-49
-45
-40
-38
-38
-38
-42
-37
-42
-52
-60
-67
-63
-59
-54
-45
-34
-31
-31
-31
-31
-35
-32
-32
-30
-31
-43
-44
-44
-35
-28
-26
-21
-21
-21
-26
-35
-37
-36
-43
-42
-40
-38
-36
-41
-39
-32
-27
-24
-18
-24
-24
-13
-16
-18
-15
-34
-43
-31
-30
-26
-22
-17
-28
-35
-35
-41
-28
-21
-11
-11
-16
-23
-30
-37
-42
-35
-29
-24
-21
-19
-14
-16
-22
-29
-32
-25
-21
-15
-7
2
4
9
4
-1
5
8
17
20
18
17
16
17
16
16
18
26
32
36
34
29
28
26
33
38
39
40
42
42
43
46
43
38
40
38
38
41
38
39
34
38
40
41
38
36
37
44
40
28
26
18
16
10
7
-1
-2
-3
4
6
6
4
1
3
-4
-8
-13
-12
-7
-7
6
5
-2
-3
-9
-7
1
6
12
9
9
7
1
3
3
7
19
22
22
31
28
27
26
25
22
25
32
36
41
37
36
35
41
41
37
38
38
39
32
25
25
28
33
40
45
48
49
46
42
41
40
39
37
33
36
24
21
17
17
17
16
25
25
26
16
14
8
2
6
8
11
10
11
8
9
3
7
9
10
19
26
34
27
27
27
32
31
31
30
36
38
29
18
14
17
19
27
30
31
29
23
13
6
-2
-6
-4
2
9
10
-2
-8
-13
-20
-17
-16
-8
0
4
2
-12
-16
-17
-27
-26
-25
-22
-19
-18
-18
-21
-20
-22
-31
-28
-27
-26
-27
-26
-15
-19
-27
-32
-30
-31
-24
-23
-14
-6
-7
-6
-17
-18
-20
-21
-16
-12
-2
-2
-5
-6
-8
-9
-8
-3
4
3
0
-6
-11
-14
-23
-29
-22
-15
-11
0
6
5
5
0
-8
-16
-17
-18
-20
-23
-26
-29
-35
-44
-44
-41
-42
-33
-29
-31
-38
-43
-52
-63
-67
-68
-57
-50
-49
-49
-49
-51
-52
-49
-39
-32
-30
-26
-32
-40
-47
-50
-37
-35
-42
-30
-26
-24
-26
-32
-34
-31
-28
-30
-27
-24
-24
-28
-33
-33
-31
-24
-19
-17
-15
-11
-11
-24
-26
-34
-37
-34
-39
-37
-35
-32
-25
-25
-23
-20
-15
-13
-17
-20
-15
-13
-15
-10
-5
-2
1
5
5
6
8
8
8
0
2
3
15
22
21
16
9
9
6
6
2
-1
-3
-8
-3
-7
6
8
4
2
-2
6
10
5
3
4
0
-1
0
0
7
15
19
24
27
32
26
25
20
19
33
36
31
30
23
19
15
17
32
43
55
60
59
52
52
45
44
46
44
48
43
42
37
36
39
34
29
30
38
45
47
43
37
28
23
23
25
24
32
36
39
33
25
23
19
21
19
19
18
20
15
9
4
-1
-3
-6
1
4
8
10
5
1
-10
-16
-15
-11
-2
0
-1
0
-1
-5
-4
1
4
11
16
20
17
14
13
12
15
21
34
42
47
55
58
57
62
61
56
54
47
47
49
55
57
55
48
44
45
50
57
57
52
41
37
26
19
23
26
26
23
12
15
23
18
8
3
2
-2
-5
-12
-15
-17
-17
-20
-21
-23
-22
-29
-34
-30
-27
-27
-35
-37
-33
-35
-37
-44
-43
-39
-36
-29
-26
-26
-34
-38
-41
-41
-36
-25
-23
-17
-12
-12
-13
-15
-10
-15
-16
-11
-12
-17
-22
-32
-38
-40
-31
-26
-20
-14
-12
-5
-8
-9
-17
-16
-17
-24
-25
-16
-10
-17
-18
-23
-14
-10
-8
-6
-6
-7
-10
-20
-23
-25
-30
-36
-38
-33
-31
-24
-18
-19
-24
-27
-38
-43
-36
-36
-34
-42
-47
-48
-55
-56
-52
-46
-45
-42
-42
-49
-46
-44
-43
-41
-48
-50
-47
-42
-43
-42
-39
-37
-33
-31
-18
-11
-5
1
1
0
-3
-8
-7
-1
-7
-13
-10
-10
-7
-4
-12
-2
-12
0
7
4
9
14
12
8
7
-2
3
10
13
13
14
13
20
15
13
19
21
25
23
25
26
29
24
18
12
6
6
5
9
10
12
9
12
16
9
7
5
3
0
-7
-13
-21
-22
-23
-16
-18
-20
-16
-16
-11
-18
-14
-14
-15
-13
-13
-14
-8
0
1
7
5
5
3
4
18
16
18
19
17
28
31
26
31
32
28
34
37
35
37
37
30
23
23
22
28
35
36
35
35
31
35
39
41
42
42
47
37
41
41
38
39
33
34
39
43
47
48
48
43
43
42
32
26
23
23
26
28
33
28
23
22
17
18
23
28
20
15
11
11
12
11
6
5
5
7
10
13
14
12
10
15
15
10
10
4
8
10
9
5
6
6
6
10
8
10
16
18
20
20
16
20
19
19
17
15
10
20
26
21
23
19
24
21
19
21
19
19
18
14
17
15
18
23
21
17
16
14
11
9
8
6
11
17
10
6
8
8
4
-2
0
2
5
7
5
-1
-3
-6
-17
-20
-21
-21
-17
-12
-16
-19
-19
-30
-35
-30
-35
-34
-29
-37
-38
-39
-42
-37
-42
-39
-39
-33
-39
-38
-27
-29
-20
-17
-14
-14
-10
-11
-9
-15
-22
-29
-32
-29
-26
-21
-21
-18
-25
-25
-24
-21
-18
-19
-14
-13
-11
-14
-15
-20
-30
-27
-27
-24
-16
-12
-9
-13
-13
-18
-17
-20
-18
-15
-15
-16
-17
-17
-26
-32
-33
-35
-37
-36
-37
-43
-46
-43
-44
-48
-41
-40
-44
-42
-48
-53
-56
-50
-46
-43
-39
-38
-31
-32
-25
-27
-28
-25
-24
-21
-22
-23
-25
-18
-16
-19
-20
-17
-10
-12
-12
-8
-5
0
8
11
12
11
10
9
10
17
24
27
25
25
32
32
33
28
30
29
24
25
19
15
18
15
14
15
19
15
11
12
11
7
7
8
-1
-1
0
-10
-12
-16
-19
-15
-19
-11
-11
-9
-6
-9
-10
-17
-22
-22
-24
-22
-15
-17
-7
-4
-3
-4
-5
1
4
5
3
7
5
0
-6
-9
-13
-7
-4
1
4
11
9
3
11
7
10
15
15
21
21
18
21
29
39
39
44
46
48
53
49
49
51
50
54
60
60
69
70
71
75
76
78
77
72
71
74
77
81
74
68
62
52
53
47
50
53
54
49
45
42
36
32
27
21
20
23
14
12
10
-1
-8
-9
-5
-5
-5
-5
-4
-14
-14
-14
-15
-14
-18
-18
-19
-18
-17
-27
-26
-19
-19
-16
-16
-12
-8
-8
-6
-7
-5
1
8
7
7
16
15
17
20
20
21
20
21
22
25
31
25
29
30
29
31
30
34
33
38
39
39
46
47
44
39
35
30
28
26
17
16
11
12
7
4
9
5
7
6
1
-4
-11
-19
-22
-20
-24
-28
-29
-32
-36
-42
-39
-43
-44
-47
-50
-46
-45
-54
-55
-56
-63
-59
-56
-49
-46
-35
-27
-24
-24
-35
-35
-34
-31
-27
-28
-22
-20
-23
-22
-22
-22
-17
-21
-17
-8
-13
-17
-23
-26
-25
-25
-23
-23
-22
-17
-18
-17
-13
-16
-11
-13
-20
-20
-19
-21
-23
-25
-24
-21
-22
-20
-27
-26
-29
-33
-29
-34
-36
-36
-40
-39
-36
-37
-39
-39
-35
-34
-34
-37
-39
-39
-40
-41
-40
-36
-34
-30
-30
-27
-29
-30
-23
-19
-20
-18
-19
-19
-17
-20
-15
-12
-16
-16
-17
-23
-24
-21
-22
-29
-30
-26
-31
-25
-25
-24
-21
-18
-10
-14
-10
-7
-5
-9
-7
-11
-16
-16
-13
-8
-5
-6
-7
-3
-2
2
6
2
0
3
3
4
9
14
12
11
17
17
16
19
20
16
16
21
23
21
14
10
-1
-6
1
9
18
16
15
19
20
20
16
15
7
-1
-3
-6
-4
-5
-4
2
6
12
14
15
12
11
12
9
11
10
9
12
8
11
13
14
21
34
39
37
39
36
35
37
37
40
40
43
47
47
46
45
44
41
45
47
50
52
57
58
53
53
56
54
53
57
61
64
62
66
61
66
65
62
62
59
60
62
59
60
58
53
51
48
45
44
41
41
33
29
36
37
32
29
26
28
35
34
30
33
30
23
15
12
16
17
17
20
29
22
20
22
15
4
4
1
2
1
-8
-10
-11
-12
-11
-10
-14
-10
-11
-12
-18
-23
-24
-30
-31
-36
-33
-27
-27
-26
-16
-15
-16
-12
-15
-12
-8
-2
1
3
1
0
1
5
16
16
13
21
19
14
14
11
9
9
12
15
21
22
22
20
19
21
16
13
15
16
13
11
4
4
5
4
3
-6
-8
-5
-8
-9
-10
-11
-19
-24
-29
-35
-38
-43
-39
-38
-35
-31
-31
-34
-35
-40
-48
-48
-54
-56
-50
-49
-52
-47
-46
-50
-51
-51
-48
-47
-48
-43
-47
-54
-55
-66
-63
-60
-60
-59
-55
-50
-47
-41
-41
-40
-29
-31
-39
-36
-40
-35
-32
-29
-26
-24
-19
-21
-12
-7
-11
-7
-6
-10
-11
-12
-17
-20
-21
-15
-14
-17
-22
-28
-28
-31
-30
-25
-21
-25
-25
-29
-29
-25
-37
-39
-42
-44
-39
-41
-41
-40
-42
-47
-43
-47
-50
-56
-57
-56
-59
-55
-55
-56
-54
-57
-49
-47
-47
-46
-45
-37
-32
-23
-22
-21
-19
-19
-22
-22
-23
-21
-20
-17
-8
-5
-5
-4
-3
-1
-2
3
5
3
17
22
23
23
20
16
22
24
19
22
28
33
34
36
40
42
42
45
45
47
39
35
42
44
47
44
39
37
33
37
41
39
39
39
33
34
32
26
28
27
24
26
26
23
26
23
19
16
18
14
19
26
26
29
27
27
27
34
32
31
29
30
34
32
35
31
22
22
20
21
26
31
30
34
40
45
44
39
45
52
44
47
49
48
51
55
54
53
49
42
45
47
50
50
54
57
58
59
62
63
63
63
65
65
65
66
66
69
67
61
61
55
56
53
45
42
39
36
35
37
36
26
22
25
24
23
23
21
21
21
15
7
-4
-9
-11
-21
-23
-20
-12
-16
-15
-14
-14
-17
-18
-14
-18
-13
-13
-9
-13
-9
-7
-8
-6
-2
4
4
6
8
3
-4
-5
-13
-14
-19
-23
-28
-28
-27
-28
-31
-35
-39
-42
-42
-40
-40
-40
-42
-43
-47
-50
-47
-56
-54
-53
-50
-40
-39
-34
-32
-35
-43
-49
-50
-51
-51
-49
-43
-43
-46
-51
-50
-48
-49
-44
-42
-45
-41
-42
-45
-43
-40
-44
-42
-43
-45
-40
-37
-36
-37
-41
-42
-39
-34
-35
-38
-40
-43
-42
-37
-32
-25
-25
-27
-34
-30
-19
-18
-12
-15
-24
-29
-36
-34
-31
-23
-14
-12
-12
-7
-17
-20
-21
-20
-16
-14
-11
-14
-16
-14
-11
-12
-9
-14
-8
-3
-4
-2
-3
-9
-19
-19
-15
-13
-7
2
0
-1
5
0
-2
-5
-7
2
4
4
1
-1
-4
-7
-5
-3
-6
1
6
3
2
4
8
3
3
2
0
-5
-6
-12
-13
-12
-20
-25
-25
-18
-20
-13
-9
-7
-2
-2
-3
-3
-1
-2
-5
-1
-10
-9
-7
-6
-3
1
4
-1
3
6
0
4
6
6
10
2
-1
4
7
9
7
12
12
5
7
9
9
13
13
13
10
10
13
12
17
18
25
29
23
28
29
30
31
38
38
32
38
39
39
41
40
40
38
40
31
28
27
30
27
31
32
26
30
30
36
38
42
45
45
47
43
42
47
44
41
44
46
50
43
44
43
47
51
51
53
43
45
45
44
44
42
43
43
45
46
54
52
54
57
54
50
54
55
50
54
56
56
56
55
53
52
50
49
53
52
49
52
48
46
42
36
28
23
19
16
12
5
-2
-6
-12
-12
-13
-23
-22
-24
-25
-23
-21
-17
-17
-20
-19
-22
-24
-25
-23
-28
-28
-25
-26
-24
-27
-34
-31
-27
-27
-20
-18
-22
-22
-21
-12
-13
-10
-9
-13
-10
-11
-7
-6
-6
0
-3
-6
-7
-9
-9
-9
-9
-13
-11
-5
-3
-5
-7
-11
-7
-6
0
5
4
1
-1
-11
-13
-18
-23
-20
-22
-20
-21
-22
-25
-24
-21
-27
-33
-38
-43
-48
-49
-54
-56
-61
-55
-51
-55
-48
-52
-55
-61
-60
-62
-65
-61
-61
-54
-52
-54
-49
-48
-52
-52
-52
-50
-50
-57
-58
-63
-60
-55
-58
-53
-47
-46
-43
-42
-41
-43
-39
-33
-32
-21
-16
-17
-16
-18
-11
-7
-2
-2
4
8
9
9
8
12
15
24
21
22
23
21
24
13
15
16
14
13
12
5
3
13
9
13
10
5
7
8
7
5
5
4
-1
-3
-1
-7
-10
-12
-13
-10
-12
-13
-14
-18
-19
-23
-20
-24
-26
-23
-21
-23
-22
-22
-27
-23
-22
-15
-13
-8
-8
-12
-10
-7
-7
-3
-4
-1
1
3
8
9
17
14
11
7
8
8
8
11
13
20
22
24
30
31
32
38
46
44
41
39
32
30
28
26
28
32
42
44
42
42
39
35
33
34
35
37
33
29
33
36
29
29
31
22
23
18
22
25
14
12
4
2
-2
-3
0
-6
-4
-6
-4
-5
-7
-6
-10
-9
-11
-11
-8
-6
-4
-7
-5
-2
2
9
13
20
19
19
24
25
27
33
33
33
37
38
42
45
48
51
54
49
45
49
47
44
51
56
58
61
60
60
53
54
58
52
50
45
49
39
31
38
37
33
29
29
27
27
23
19
17
17
13
8
6
-1
-12
-10
-13
-13
-13
-18
-16
-24
-22
-22
-26
-25
-23
-25
-25
-22
-31
-34
-29
-28
-27
-30
-28
-23
-25
-23
-20
-19
-17
-11
-6
-6
-11
-11
-8
0
3
4
8
8
6
6
4
4
-2
0
-6
-6
-9
-9
-3
-5
2
-2
-6
0
-5
-9
-12
-17
-19
-21
-18
-18
-7
-3
-6
-3
-6
-13
-13
-19
-21
-28
-36
-40
-43
-44
-41
-41
-42
-38
-41
-38
-38
-36
-37
-37
-42
-47
-53
-56
-47
-45
-43
-40
-34
-30
-31
-28
-29
-30
-23
-27
-29
-31
-34
-31
-30
-22
-15
-11
-10
-5
-6
-8
-10
-13
-12
-10
-6
-5
-4
-10
-8
-4
-1
7
8
5
4
5
4
2
-4
-7
-8
-8
-2
-8
-3
-7
-5
1
0
7
5
1
-2
-7
-6
-7
-9
-8
-14
-13
-12
-16
-15
-14
-11
-7
-6
-13
-14
-14
-19
-18
-11
-10
-9
-6
-8
-10
-9
-14
-22
-26
-32
-33
-31
-24
-20
-22
-15
-14
-8
-2
-9
-10
-12
-12
-10
-11
-10
-12
-8
-12
-6
-7
-8
-10
-3
1
-6
3
-3
-5
-8
-8
-1
5
6
10
14
11
8
10
10
12
15
20
18
22
24
21
27
30
27
28
29
35
40
34
35
31
26
29
22
32
34
40
35
27
28
25
29
18
21
25
22
28
25
22
24
24
29
36
37
39
33
31
30
26
25
28
28
29
32
37
38
39
48
49
45
47
43
40
33
26
29
22
22
21
20
26
25
30
29
25
26
25
27
30
27
19
14
15
11
11
12
10
17
15
14
10
9
11
11
13
7
8
12
14
17
19
21
17
19
23
25
27
28
19
18
16
13
11
4
1
5
8
11
19
22
20
20
29
26
24
20
18
17
13
8
5
9
6
11
16
13
9
10
4
6
2
-1
4
1
-5
-7
-11
-14
-4
-5
-2
-1
-1
2
5
7
8
3
-6
0
-6
-5
-7
-10
-10
-11
-1
-2
-2
-5
-5
3
-9
-10
-11
-13
-12
-12
-12
-10
-7
-8
-8
-10
-17
-16
-18
-19
-22
-29
-25
-31
-26
-27
-28
-22
-29
-30
-32
-34
-35
-31
-23
-27
-23
-28
-33
-30
-33
-29
-28
-29
-28
-24
-22
-24
-20
-22
-20
-19
-17
-13
-14
-9
-7
-12
-14
-23
-26
-21
-25
-26
-24
-25
-25
-27
-21
-17
-22
-23
-28
-32
-34
-38
-39
-35
-34
-36
-41
-41
-44
-43
-44
-46
-41
-42
-40
-44
-48
-53
-51
-51
-45
-45
-47
-45
-45
-36
-36
-32
-32
-33
-26
-24
-28
-31
-31
-27
-22
-17
-12
-10
-12
-9
-12
-9
-7
-9
-9
-9
-9
-5
-2
-4
-4
-1
1
-1
-4
-10
-17
-23
-24
-25
-25
-22
-14
-18
-17
-15
-21
-20
-14
-9
-14
-16
-18
-24
-27
-29
-33
-32
-28
-27
-26
-22
-25
-28
-31
-31
-31
-28
-25
-25
-22
-20
-13
-7
-4
1
2
7
9
9
14
17
19
20
20
23
32
32
37
46
50
62
64
64
66
62
58
55
52
56
53
52
51
56
60
59
63
66
72
73
69
65
62
55
50
46
43
49
51
46
49
48
41
43
41
39
39
37
42
42
40
43
45
46
45
43
45
45
51
50
48
58
51
48
45
36
36
31
32
34
33
37
42
37
29
33
31
34
36
37
32
25
24
22
18
15
13
11
9
14
16
21
17
11
13
14
14
18
13
14
11
11
15
12
10
11
11
10
16
14
14
10
9
12
11
11
14
13
15
15
15
8
6
5
8
4
9
15
15
13
2
6
6
3
-1
-3
-2
-3
-4
-11
-20
-21
-25
-28
-29
-31
-24
-28
-25
-23
-25
-29
-30
-25
-24
-18
-21
-20
-24
-31
-28
-27
-28
-31
-27
-26
-31
-28
-35
-32
-32
-38
-38
-38
-34
-34
-36
-43
-44
-47
-45
-42
-40
-36
-36
-37
-37
-40
-37
-31
-29
-24
-21
-19
-19
-12
-13
-8
-2
-7
-6
-4
-12
-9
-3
-2
2
-1
-6
-12
-13
-16
-22
-23
-21
-20
-23
-27
-31
-34
-36
-43
-49
-47
-49
-49
-48
-41
-42
-40
-47
-51
-46
-54
-54
-52
-54
-56
-56
-54
-55
-51
-51
-47
-45
-37
-33
-29
-22
-25
-25
-14
-8
-11
-16
-25
-23
-23
-26
-19
-14
-9
-6
-11
-11
-11
-17
-21
-21
-27
-28
-28
-24
-17
-15
-10
-12
-14
-11
-9
-12
-11
-15
-15
-16
-21
-16
-15
-15
-15
-14
-9
-8
-8
-6
-3
-4
-3
-1
-4
2
1
8
12
6
6
5
8
8
6
5
2
3
2
-1
-3
4
4
8
17
18
23
18
17
15
14
15
13
15
16
17
20
24
24
27
31
31
42
43
44
44
44
51
52
53
48
48
45
42
44
47
53
49
56
55
51
48
49
40
34
41
43
45
46
49
49
52
50
48
52
59
61
62
59
54
53
50
51
51
45
42
48
45
50
48
47
45
35
33
35
37
36
39
36
33
31
29
27
28
26
29
31
31
32
30
28
27
33
35
36
39
42
42
42
40
37
37
38
38
43
40
40
41
39
36
31
25
32
43
41
42
39
36
37
35
36
37
37
33
27
25
22
23
21
19
21
21
23
32
29
24
24
18
15
1
-5
-7
-8
-18
-23
-26
-31
-28
-32
-38
-42
-43
-45
-46
-50
-55
-55
-60
-64
-63
-64
-63
-64
-65
-67
-57
-56
-60
-58
-60
-64
-61
-63
-61
-54
-56
-55
-45
-43
-38
-37
-40
-34
-33
-29
-27
-25
-30
-30
-30
-32
-32
-26
-17
-14
-13
-12
-1
-5
-8
-6
-8
-7
-9
-6
-5
0
-2
-3
-2
-6
-8
-12
-14
-24
-27
-19
-17
-17
-21
-22
-23
-25
-27
-21
-23
-27
-29
-37
-39
-41
-42
-44
-50
-56
-60
-62
-61
-67
-62
-60
-67
-68
-67
-63
-61
-62
-70
-69
-61
-60
-54
-48
-53
-57
-61
-60
-58
-60
-56
-52
-51
-48
-37
-36
-31
-32
-31
-22
-24
-20
-18
-16
-19
-18
-22
-17
-13
-19
-17
-19
-16
-10
-6
-1
-4
-4
4
2
4
3
6
9
2
-1
-6
-5
-9
-6
0
-1
3
3
3
0
6
-1
-3
-3
-2
-1
-8
-7
-8
0
-7
0
1
8
10
3
12
7
7
4
8
14
16
15
20
22
24
29
28
24
20
19
23
24
30
32
33
42
41
48
47
50
55
58
60
57
53
52
54
49
47
56
61
63
65
64
64
59
62
61
58
50
46
48
56
61
61
66
66
67
73
74
78
82
70
67
63
57
48
46
46
42
42
41
42
38
37
39
34
36
38
32
31
32
33
30
31
37
33
29
28
27
27
27
24
25
26
25
25
28
34
36
43
42
34
31
28
21
25
20
16
18
12
16
18
17
16
18
20
22
23
17
16
13
3
0
-2
-5
-5
-1
-1
-4
-5
-3
-8
-8
-4
-11
-13
-23
-20
-29
-21
-19
-29
-24
-29
-24
-23
-28
-27
-33
-36
-34
-32
-29
-35
-38
-40
-43
-45
-42
-45
-43
-44
-51
-49
-55
-56
-52
-55
-54
-49
-48
-46
-46
-44
-42
-36
-29
-36
-29
-33
-32
-25
-22
-21
-20
-15
-17
-16
-13
-13
-6
-8
-2
5
-4
-7
1
6
4
6
4
1
5
4
12
18
17
21
24
21
15
10
11
5
9
16
19
21
18
17
17
9
9
3
-4
-10
-20
-25
-25
-31
-37
-34
-40
-38
-44
-48
-51
-56
-60
-59
-66
-77
-77
-84
-84
-85
-80
-82
-82
-86
-90
-89
-90
-90
-95
-96
-105
-110
-115
-120
-120
-121
-114
-115
-114
-103
-104
-104
-104
-104
-104
-102
-93
-92
-91
-92
-92
-91
-92
-92
-89
-81
-71
-69
-66
-57
-48
-39
-28
-19
-2
14
29
40
49
63
78
88
98
104
108
120
127
138
146
151
157
160
163
163
171
176
174
168
174
178
172
169
170
171
175
176
175
174
168
165
154
145
141
135
136
131
122
117
104
97
95
85
77
68
60
53
41
24
11
-6
-20
-32
-39
-42
-49
-51
-51
-59
-63
-70
-84
-90
-99
-101
-106
-113
-119
-125
-126
-126
-124
-122
-118
-118
-118
-119
-117
-121
-122
-118
-121
-117
-117
-115
-114
-113
-108
-112
-111
-103
-112
-113
-103
-92
-86
-103
-114
-112
-111
-103
-91
-69
-42
-27
-18
4
36
59
77
97
122
138
157
169
180
190
190
186
190
193
195
200
191
191
194
195
196
202
205
199
192
189
187
180
177
171
166
155
151
151
138
135
127
119
111
109
106
99
88
78
71
75
73
70
68
62
69
64
66
67
64
53
39
35
22
13
4
-2
-11
-20
-24
-26
-28
-44
-56
-70
-78
-82
-88
-91
-96
-105
-113
-115
-122
-126
-136
-141
-144
-142
-147
-158
-165
-180
-179
-180
-177
-171
-167
-165
-162
-159
-164
-163
-175
-180
-186
-192
-187
-191
-191
-190
-199
-187
-172
-163
-156
-160
-157
-152
-137
-127
-111
-89
-75
-61
-42
-12
22
44
58
83
105
128
138
155
167
172
171
169
177
180
174
166
161
160
164
167
167
166
153
141
140
134
131
124
112
101
99
91
82
71
62
55
47
41
30
22
11
5
-2
-4
-14
-15
-16
-21
-30
-34
-34
-37
-37
-44
-53
-60
-65
-70
-79
-87
-96
-102
-98
-103
-103
-106
-105
-106
-114
-117
-117
-115
-113
-114
-115
-119
-118
-115
-116
-114
-114
-116
-119
-127
-127
-122
-128
-138
-140
-137
-138
-142
-144
-145
-146
-158
-159
-153
-153
-147
-149
-141
-122
-114
-114
-127
-128
-119
-109
-91
-76
-46
-12
5
28
61
90
117
138
160
180
197
210
213
222
220
212
212
206
207
202
197
193
188
192
193
189
188
189
181
174
169
151
140
136
130
122
112
102
96
90
86
80
78
69
64
57
46
42
42
36
32
27
18
19
18
15
14
17
13
8
4
-10
-29
-37
-40
-47
-45
-46
-39
-33
-38
-39
-41
-32
-30
-26
-19
-20
-24
-27
-30
-36
-34
-38
-46
-38
-36
-38
-36
-42
-41
-40
-34
-33
-34
-37
-42
-46
-57
-67
-74
-84
-90
-87
-86
-86
-87
-92
-93
-85
-83
-83
-89
-87
-84
-70
-51
-38
-10
14
33
49
78
109
138
157
170
186
198
204
203
199
195
196
186
183
185
175
164
155
150
144
143
143
135
131
123
116
112
99
88
76
73
72
69
63
56
45
28
21
13
9
3
-5
-9
-17
-16
-19
-26
-30
-37
-42
-46
-43
-43
-54
-57
-71
-80
-95
-101
-100
-110
-112
-108
-101
-95
-95
-94
-91
-93
-92
-88
-84
-76
-75
-72
-73
-76
-76
-77
-72
-70
-64
-68
-70
-78
-86
-81
-84
-86
-87
-87
-88
-98
-102
-108
-112
-123
-134
-138
-148
-148
-153
-160
-166
-158
-149
-145
-148
-152
-143
-135
-130
-116
-93
-61
-34
-12
15
56
94
112
127
149
164
177
175
175
166
152
143
133
131
123
110
98
90
94
98
93
85
83
72
69
69
57
52
41
33
29
28
35
34
26
18
12
15
12
10
4
2
5
5
2
-5
-7
-10
-15
-15
-14
-15
-23
-32
-42
-49
-61
-70
-74
-76
-77
-76
-76
-76
-77
-84
-83
-79
-70
-67
-64
-66
-66
-68
-72
-70
-73
-68
-69
-70
-64
-60
-59
-56
-52
-56
-60
-60
-59
-59
-61
-64
-68
-72
-74
-86
-98
-103
-114
-124
-132
-135
-136
-145
-144
-133
-129
-147
-158
-142
-125
-110
-99
-68
-26
5
28
59
102
134
149
165
193
217
233
237
243
246
245
242
241
242
232
215
201
194
194
202
194
189
182
173
167
163
161
150
129
124
126
123
117
107
95
81
82
76
73
68
57
57
53
45
37
31
23
19
21
28
35
32
23
12
0
-12
-20
-27
-36
-38
-42
-44
-44
-38
-37
-39
-34
-28
-18
-11
-14
-17
-25
-31
-32
-38
-41
-46
-41
-43
-51
-61
-74
-77
-77
-79
-82
-79
-77
-80
-83
-93
-102
-110
-129
-146
-152
-161
-173
-186
-193
-195
-197
-199
-204
-191
-171
-167
-186
-196
-178
-159
-145
-133
-102
-62
-33
-10
27
79
119
137
160
193
213
222
224
229
232
231
221
216
218
212
197
188
191
191
192
185
180
174
164
156
152
151
140
133
136
144
143
131
127
110
101
98
96
92
80
72
67
61
63
58
36
22
18
13
10
9
5
-6
-21
-27
-38
-52
-66
-72
-78
-78
-69
-66
-66
-70
-78
-85
-80
-76
-73
-71
-72
-71
-75
-69
-72
-78
-78
-76
-75
-75
-79
-83
-92
-101
-101
-108
-108
-117
-130
-137
-151
-159
-172
-191
-204
-215
-224
-234
-256
-273
-282
-287
-282
-278
-279
-265
-250
-243
-254
-266
-257
-237
-220
-209
-175
-138
-102
-75
-46
-13
29
58
83
112
140
163
175
185
191
185
184
186
185
184
169
165
157
159
161
150
149
146
145
139
140
149
147
141
140
135
141
144
142
143
130
118
113
108
104
102
100
98
88
80
66
55
49
36
34
32
39
37
33
23
12
3
-11
-17
-17
-13
-18
-16
-16
-19
-26
-33
-36
-40
-47
-50
-49
-47
-50
-56
-69
-78
-84
-91
-88
-88
-88
-87
-95
-99
-94
-94
-102
-111
-110
-113
-125
-130
-136
-142
-147
-160
-159
-156
-165
-175
-180
-184
-187
-180
-179
-170
-164
-155
-138
-134
-139
-157
-159
-142
-129
-113
-92
-60
-42
-27
0
37
73
90
105
132
166
191
200
209
212
204
203
206
214
215
202
196
190
190
190
192
196
188
181
183
194
201
202
195
199
204
210
212
207
203
189
182
175
170
158
143
132
125
120
118
110
97
91
80
76
77
75
77
64
64
64
57
48
38
29
18
16
15
7
2
-5
-16
-22
-26
-27
-28
-31
-30
-27
-32
-35
-42
-52
-58
-62
-56
-53
-54
-62
-74
-85
-93
-101
-110
-118
-126
-129
-122
-129
-133
-143
-153
-158
-164
-163
-173
-175
-178
-181
-178
-180
-185
-190
-185
-181
-179
-171
-155
-150
-168
-194
-208
-200
-190
-181
-164
-135
-109
-90
-64
-28
4
29
50
77
106
124
141
152
151
152
153
152
155
150
136
129
123
124
140
141
146
154
151
160
165
173
177
174
180
184
187
189
188
179
162
149
144
133
123
110
100
90
85
85
82
74
75
74
72
75
76
75
80
78
66
62
51
32
18
14
-17
-34
-39
-46
-51
-78
-98
-100
-118
-128
-128
-121
-116
-117
-120
-128
-133
-144
-155
-162
-163
-160
-161
-169
-168
-175
-179
-180
-189
-196
-189
-174
-169
-171
-178
-178
-184
-193
-201
-190
-189
-196
-213
-224
-224
-229
-241
-241
-239
-245
-247
-218
-184
-200
-245
-261
-245
-243
-255
-222
-163
-154
-167
-139
-75
-31
-18
13
61
89
109
131
156
166
159
144
138
158
177
176
170
162
171
177
180
202
223
230
228
238
256
265
255
253
249
230
215
224
247
240
215
205
207
197
179
180
178
156
138
149
175
183
168
157
142
139
133
126
138
127
116
102
91
72
49
25
4
-19
-30
-19
-25
-50
-67
-71
-82
-83
-86
-77
-87
-110
-110
-101
-96
-97
-125
-160
-202
-219
-220
-202
-202
-238
-264
-301
-210
-176
-213
-281
-311
-352
-351
-305
-262
-221
-288
-327
-370
-443
-467
-382
-373
-402
-422
-253
170
374
219
-80
-134
-47
19
104
397
699
646
408
434
759
897
727
520
530
586
585
594
694
541
197
-125
-256
-161
-116
-226
-384
-483
-518
-507
-510
-440
-459
-544
-481
-191
84
213
252
277
323
369
507
753
888
852
848
921
1008
1024
911
747
555
399
369
400
367
191
-62
-242
-332
-397
-427
-416
-336
-268
-211
-129
-104
-173
-263
-271
-221
-86
63
134
129
50
-28
-137
-261
-362
-409
-412
-353
-260
-231
-322
-533
-707
-814
-729
-647
-561
-456
-406
-288
-301
-342
-337
-307
-280
-172
13
104
70
-188
-246
-421
-514
-535
-448
-452
-546
-634
-67
933
1366
1003
359
228
214
239
376
827
1101
817
258
157
234
148
-125
-363
-299
-121
-37
1
-78
-371
-603
-689
-435
27
309
353
343
416
530
537
519
483
408
397
584
795
761
482
144
-69
-230
-341
-302
-174
-138
-201
-147
70
105
-2
26
178
261
377
560
688
593
293
93
-5
-110
-245
-257
-206
-132
-78
-69
-177
-348
-534
-575
-482
-337
-146
-10
17
-74
-194
-374
-506
-598
-599
-532
-399
-356
-288
-343
-475
-685
-823
-767
-734
-643
-623
-476
-460
-386
-455
-415
-455
-542
-524
-373
-202
-222
-159
-336
-377
-574
-548
-462
-408
-513
-316
578
1646
1922
1343
886
814
740
410
529
1101
1230
596
23
41
292
66
-467
-614
-395
-197
-110
34
213
104
-168
-133
232
631
722
588
568
628
622
542
515
392
103
-94
36
223
185
-18
-162
-223
-260
-207
-26
104
132
187
430
693
758
686
703
638
459
384
396
305
83
-205
-378
-385
-394
-474
-530
-444
-269
-37
115
215
213
91
-49
-60
-75
-70
-66
-140
-220
-275
-378
-501
-614
-772
-821
-741
-586
-381
-234
-194
-291
-436
-417
-447
-449
-469
-448
-325
-237
-207
-231
-326
-504
-538
-566
-385
-268
-467
-655
-874
-784
-643
-278
866
2323
2773
2174
1467
1513
1363
667
303
718
965
199
-645
-565
-70
-370
-1026
-1252
-669
-352
-470
-247
401
607
461
440
984
1441
1210
841
825
892
621
168
69
44
-259
-567
-495
-320
-429
-587
-472
-199
-61
-19
225
567
752
702
750
939
901
636
448
509
436
47
-238
-348
-554
-726
-849
-766
-597
-632
-638
-366
11
214
296
302
294
160
-2
-76
-82
-180
-306
-356
-344
-341
-417
-638
-772
-802
-820
-667
-491
-432
-412
-347
-204
-72
-101
-192
-368
-449
-419
-232
-33
-266
-449
-492
-580
-603
-853
-927
-1044
-1198
-1191
-879
-658
63
1660
2858
2701
1697
1445
1551
816
-233
-4
828
546
-990
-1273
-260
186
-628
-1203
-486
137
-345
-639
301
1129
837
217
764
1625
1412
510
267
420
21
-778
-810
-148
-110
-573
-573
18
254
-123
-240
123
311
86
116
677
1077
874
577
600
741
619
192
12
-6
-257
-534
-502
-327
-397
-641
-653
-349
-185
-282
-207
122
266
182
107
232
297
36
-300
-370
-342
-429
-523
-462
-343
-350
-457
-517
-466
-545
-696
-737
-622
-390
-143
87
211
229
132
-162
-344
-456
-528
-511
-543
-430
-259
-313
-509
-759
-1036
-1284
-1264
-1095
-911
-792
-405
1334
3232
3723
2758
2033
2031
1097
-583
-948
19
170
-1427
-2333
-873
491
165
-573
120
1010
357
-698
-26
1226
904
-226
7
1449
1766
737
255
434
-93
-1392
-1842
-844
-260
-691
-713
318
1143
829
350
584
682
15
-489
2
775
736
300
424
871
842
451
281
332
11
-516
-482
-133
-29
-300
-299
69
158
-49
-73
230
454
223
37
215
319
71
-231
-201
-21
-89
-238
-148
10
-1
-247
-410
-386
-473
-610
-602
-479
-267
-162
-95
-13
140
267
147
54
-28
-209
-410
-604
-759
-844
-951
-919
-824
-736
-729
-785
-909
-937
-1040
-151
1987
3386
3118
2140
2272
2131
363
-1208
-832
-250
-1334
-3005
-2143
99
729
-134
-94
1367
1547
23
-490
825
1224
-62
-754
637
1821
1060
72
404
725
-361
-1594
-1232
-223
-607
-1309
-637
766
1003
336
529
1192
917
-102
-492
17
139
-438
-584
181
730
478
367
844
1028
231
-464
-332
-153
-522
-832
-378
282
234
-33
140
453
285
-217
-199
192
234
-63
-159
105
222
-38
-149
-15
24
-218
-450
-420
-449
-679
-809
-688
-440
-206
27
291
487
615
617
434
73
-226
-420
-607
-931
-1150
-1177
-1246
-1319
-1286
-1062
-899
-1093
-1159
-871
-613
535
2148
3030
2640
1967
2131
1785
285
-762
-599
-577
-1938
-3060
-1814
-38
213
-327
311
1579
1327
-4
-58
784
402
-937
-952
661
1296
509
135
751
843
-326
-1166
-599
-273
-1045
-1287
-216
1007
859
306
662
1052
449
-354
-296
70
-282
-855
-557
243
480
104
292
913
813
168
-154
-68
-334
-1147
-1390
-694
-212
-239
-142
357
812
615
320
497
522
97
-383
-364
-69
-135
-217
-112
54
41
-157
-100
18
-260
-505
-482
-285
-69
9
231
444
469
529
704
604
160
-388
-678
-715
-1003
-1154
-1081
-914
-811
-655
-415
-240
-504
-768
-971
-297
1631
2897
2674
1931
2265
2630
1254
-403
-308
-84
-1621
-3727
-3247
-901
-142
-757
-261
1556
2079
759
174
1064
828
-1005
-1871
-545
783
351
-138
648
1254
451
-537
-370
16
-913
-1892
-1343
-39
345
-11
334
1105
988
301
176
462
111
-743
-801
-49
452
296
333
924
1137
600
182
487
457
-415
-1046
-777
-346
-467
-612
-117
499
521
312
549
955
723
206
108
355
262
-197
-234
104
134
-186
-325
-146
-213
-585
-740
-502
-216
-195
-111
308
716
927
1071
1094
806
133
-439
-688
-939
-1263
-1528
-1472
-1241
-1013
-483
-55
-129
-383
-675
-648
478
2145
2864
2190
1760
2488
2504
1043
-3
312
-65
-2305
-3805
-2420
-619
-686
-1198
84
1962
1781
518
676
1283
93
-1864
-1761
-67
444
-257
5
1269
1567
626
129
506
48
-1458
-2040
-1121
-304
-633
-822
20
678
473
307
697
764
-69
-688
-350
165
115
-99
250
780
741
423
515
611
-32
-943
-1126
-782
-671
-840
-595
120
503
471
605
953
896
269
-189
-126
-71
-407
-615
-442
-226
-251
-319
-69
151
-24
-354
-389
-188
-170
-282
-264
-150
135
424
702
863
549
72
-240
-524
-740
-1121
-1462
-1556
-1432
-1049
-499
-140
-144
-331
-509
531
2265
2948
2053
1486
2042
2066
662
52
644
186
-1959
-3323
-2003
-623
-933
-1189
21
1376
1213
569
1113
1425
114
-1327
-1222
-160
-36
-409
32
837
896
493
550
783
148
-1104
-1485
-972
-646
-879
-862
-274
62
-22
215
754
673
-69
-527
-187
214
133
108
495
851
693
429
487
394
-342
-1160
-1356
-1167
-1123
-1126
-771
-202
174
420
763
1059
1011
575
225
81
-82
-286
-493
-487
-389
-271
-81
112
236
182
-57
-204
-240
-231
-118
-29
2
61
395
783
820
557
250
-58
-395
-735
-988
-1168
-1389
-1482
-1276
-862
-506
-534
-498
989
2942
3348
2401
2177
2826
2157
251
-264
435
-341
-2562
-3316
-1623
-547
-1074
-980
541
1566
961
551
1402
1450
-259
-1442
-835
34
-350
-656
281
1035
619
187
667
1080
117
-1093
-1018
-402
-486
-817
-305
549
465
9
388
1084
837
-193
-646
-294
-154
-348
-81
665
1050
745
630
1075
1057
114
-842
-1060
-1017
-1413
-1605
-1030
-300
-71
24
543
1063
919
503
314
147
-212
-582
-510
-293
-375
-514
-406
-164
-166
-427
-441
-283
-378
-600
-528
-60
350
342
335
605
813
621
316
-70
-438
-954
-1394
-1563
-1601
-1708
-1759
-1548
-614
1657
3520
3836
3114
3421
3913
2641
531
9
177
-1363
-3728
-3720
-1490
-752
-1457
-961
1037
2017
1228
1035
2056
1829
5
-899
-19
659
-148
-583
345
943
348
-171
264
387
-789
-1702
-1067
-222
-437
-819
3
1179
1288
1028
1445
1708
798
-480
-782
-526
-1005
-1787
-1565
-600
-67
1
589
1486
1457
573
162
358
15
-1110
-1743
-1396
-978
-996
-785
-101
340
230
82
273
320
-28
-423
-511
-485
-520
-476
-238
-191
-511
-808
-861
-792
-988
-1138
-974
-620
-232
240
830
1280
1186
665
325
-87
-675
-1741
-2446
-2766
-2689
-2350
-1832
374
2904
3740
3014
3283
4530
4127
1665
458
900
-85
-2788
-3882
-2057
-894
-1657
-1649
243
1521
947
369
1228
1536
125
-696
249
1330
1113
810
1636
2189
1521
717
551
198
-1169
-2445
-2357
-1698
-1606
-1586
-666
743
1506
1688
2179
2638
2063
823
117
42
-453
-1417
-1738
-1211
-751
-848
-765
-113
288
-99
-498
-253
54
-212
-633
-465
-26
64
-48
13
69
-212
-662
-852
-837
-842
-806
-642
-306
-5
229
324
288
47
-447
-918
-1272
-1561
-1761
-1655
-1231
-691
-175
551
1158
1477
1302
933
426
-204
-960
-1628
-2150
-2392
-2612
-1515
1080
2661
2360
1941
3418
4008
2361
994
1725
1548
-1097
-2989
-1738
-189
-813
-1388
-70
1314
797
118
742
1255
-228
-1662
-956
464
591
239
1231
2676
2703
2105
2272
2425
1171
-891
-1710
-1421
-1702
-2535
-2313
-993
-32
164
896
2244
2622
1757
1125
1388
1300
309
-431
-195
46
-371
-743
-535
-330
-760
-1315
-1225
-952
-1075
-1238
-859
-181
192
324
701
1041
870
351
-67
-383
-889
-1376
-1550
-1457
-1351
-1120
-676
-196
-14
-133
-353
-420
-700
-1073
-1284
-1215
-1059
-868
-292
318
480
447
284
327
-78
-728
-1284
-1658
-2171
-2102
332
2609
2731
1528
2293
3692
2703
742
872
1415
-504
-3153
-2463
2
99
-949
-208
2039
2406
1300
1205
1806
780
-1422
-1905
-422
307
-128
31
1462
2408
2177
2111
2411
1899
177
-970
-596
-224
-865
-1350
-672
168
151
275
1187
1594
613
-391
-64
523
169
-376
-47
604
563
334
687
981
229
-1059
-1509
-1208
-1330
-1931
-1989
-1310
-735
-442
90
734
802
265
-169
-210
-325
-729
-1212
-1349
-1198
-1000
-741
-585
-512
-685
-965
-1207
-1302
-1479
-1700
-1589
-1335
-916
-356
146
699
878
791
559
-136
-738
-1571
-2072
-2358
-2859
-1454
922
2247
1846
1737
3585
3651
1915
1042
1795
985
-2256
-3488
-1485
-275
-918
-1117
939
2273
1699
1547
2189
2128
-8
-1513
-843
76
-56
-363
595
1929
2184
2166
2505
2807
1720
-148
-800
-410
-491
-1420
-1623
-510
289
457
904
1998
2303
1227
409
528
571
-135
-825
-579
-148
-169
-127
295
631
23
-846
-1035
-896
-1161
-1702
-1636
-1036
-705
-339
379
1035
925
236
-79
-291
-810
-1578
-2004
-1958
-1909
-1721
-1167
-491
-316
-551
-630
-513
-793
-1411
-1778
-1727
-1600
-1395
-822
-107
383
454
414
246
-76
-766
-1145
-1746
-1372
-298
639
957
913
2115
2730
2182
1349
1559
1539
-172
-2078
-1662
-773
-744
-1064
139
1727
1833
1495
1727
2205
1297
-245
-570
-31
293
137
407
1324
1738
1970
2086
2378
2110
1060
285
35
20
-443
-894
-465
96
317
527
1243
1808
1256
670
584
625
167
-370
-130
295
272
154
471
864
389
-392
-745
-925
-1521
-2233
-2204
-1673
-1223
-857
-138
792
1261
1238
1057
746
128
-716
-1327
-1687
-1964
-2244
-2110
-1604
-1204
-1028
-840
-772
-946
-1269
-1434
-1457
-1589
-1479
-1056
-565
-246
-25
234
390
-40
-637
-1050
-1506
-545
622
1143
571
716
2366
2537
1428
948
1516
867
-1548
-2532
-1196
-569
-1241
-1367
439
1809
1888
1966
2508
2319
759
-278
-127
86
-209
-455
326
1359
2000
2505
2887
3100
2414
1365
735
414
-102
-1088
-1402
-928
-418
-61
528
1613
2006
1556
1339
1460
1234
142
-682
-526
-254
-320
-295
281
862
565
42
57
85
-722
-2003
-2363
-2062
-1856
-1765
-1220
-355
154
462
865
1114
811
36
-661
-1034
-1341
-1594
-1748
-1748
-1657
-1595
-1238
-968
-939
-1289
-1564
-1620
-1615
-1603
-1511
-1145
-991
-633
-308
199
297
-123
-747
-457
878
1349
591
-43
975
1566
770
150
1021
1342
-409
-2119
-1340
-188
-681
-1426
-641
754
871
844
1657
2311
1434
98
-109
405
239
-259
-140
655
1237
1689
2394
3052
3119
2359
1703
1492
1104
90
-949
-1120
-867
-820
-648
166
1030
1243
1272
1676
2032
1550
675
323
352
22
-475
-395
125
100
-269
-166
256
14
-845
-1283
-1245
-1348
-1706
-1682
-1192
-787
-517
-157
315
472
169
-120
-380
-717
-1289
-1654
-1649
-1682
-1803
-1697
-1251
-1005
-1104
-1166
-1191
-1423
-1725
-1704
-1399
-1545
-1580
-1358
-728
-318
-359
-127
-362
480
1646
1983
1116
480
1576
1804
377
-217
773
917
-1333
-2673
-1150
-172
-1068
-1746
-54
1447
1277
1184
2074
2634
1379
170
222
312
-153
-802
-486
387
1047
1908
2687
3487
3696
3283
2919
2527
1924
579
-630
-963
-1009
-1124
-1163
-387
436
702
1093
1724
2121
1648
986
913
792
268
-280
-128
191
-89
-486
-241
265
-83
-946
-1217
-1044
-1223
-1822
-1924
-1427
-1079
-919
-561
85
309
10
-224
-168
-325
-1077
-1698
-1871
-1867
-2119
-2123
-1686
-1296
-1202
-1217
-1057
-930
-1201
-1425
-1606
-1670
-1785
-1783
-1439
-888
-680
271
1778
2574
2424
1849
2640
2525
1140
19
179
95
-1556
-2870
-1993
-898
-1200
-1555
-340
1033
1110
1023
1893
2711
1852
730
722
1076
673
-243
-345
270
531
770
1410
2482
3028
2820
2826
3294
3345
2255
1015
634
455
-309
-1045
-760
-156
-169
-122
778
1872
1964
1413
1424
1722
1313
261
-313
-354
-679
-1183
-1163
-542
-261
-504
-569
-132
240
-139
-791
-1198
-1423
-1722
-1910
-1699
-1402
-1404
-1343
-863
-290
-219
-586
-906
-1120
-1449
-1843
-1877
-1959
-2135
-2182
-1795
-1322
-1251
-1505
-1520
-1481
-1790
-1935
-1932
-1442
-1820
-1144
740
2100
2148
1783
3293
3943
2562
1141
1398
1237
-1110
-3131
-2446
-1674
-2441
-2970
-1470
47
189
562
1874
2666
1912
1241
1599
1568
781
37
-89
95
-78
242
953
1745
2252
2461
2955
3546
3727
3137
2292
1812
1325
523
-278
-596
-665
-1053
-1070
-362
569
998
1084
1533
2079
2235
1972
1613
1137
339
-421
-764
-828
-1097
-1470
-1537
-1234
-856
-572
-409
-479
-746
-879
-928
-937
-1123
-1470
-1679
-1700
-1379
-1101
-966
-1010
-1147
-1345
-1364
-1413
-1477
-1929
-2221
-2311
-2207
-1948
-1996
-1909
-2103
-1978
-1948
-1710
-1740
-1390
-124
693
1015
1008
2194
3250
2646
1798
2100
2224
731
-1487
-1745
-1273
-1959
-2991
-2601
-1383
-962
-725
233
1480
1604
957
1027
1509
1413
851
299
507
613
565
863
1446
2073
2246
2318
2865
3474
3406
2732
2351
2215
1636
853
465
450
-87
-682
-446
201
449
225
502
1240
1539
1431
1552
1826
1529
738
293
308
64
-572
-967
-881
-616
-548
-516
-264
-123
-303
-633
-847
-925
-1230
-1750
-2051
-2107
-1980
-1831
-1620
-1302
-1116
-1005
-976
-1026
-1176
-1421
-1874
-2200
-2603
-2500
-2476
-2559
-2450
-2392
-2002
-1774
-567
367
762
431
1118
2300
2418
1785
1951
2373
1522
-123
-630
-459
-1561
-2809
-2907
-2167
-2192
-2220
-1249
13
509
703
1405
2065
1878
1462
1202
1107
733
272
268
551
907
1199
1637
2386
3168
3487
3344
3318
3427
3055
2248
1592
1294
816
141
-113
36
136
23
168
655
977
1089
1236
1527
1557
1301
1210
1139
744
88
-170
-156
-399
-757
-819
-461
-325
-348
-117
102
45
-419
-739
-747
-1055
-1741
-2335
-2428
-2352
-2456
-2376
-2023
-1657
-1688
-1638
-1262
-1123
-1362
-2053
-2268
-2374
-2606
-3010
-2245
-1359
-904
-1016
-32
1709
2021
1500
1925
2906
2301
745
208
484
-674
-2232
-2374
-1833
-2593
-3259
-2551
-1484
-1595
-2046
-1064
97
147
74
714
1396
1316
1017
1348
1711
1562
1295
1438
1926
2275
2348
2343
2739
3187
3113
2783
2664
2611
1953
1042
715
593
55
-508
-385
162
260
295
812
1490
1683
1541
1656
1815
1550
1041
736
512
61
-445
-608
-541
-529
-630
-451
-239
-177
-144
-105
-49
-340
-844
-1228
-1538
-1841
-2211
-2509
-2611
-2744
-2729
-2563
-2312
-1975
-1889
-1829
-1565
-1625
-1246
-817
-655
-748
-1055
-332
312
144
72
772
1382
980
561
958
1171
169
-861
-655
-740
-1819
-2480
-2506
-2384
-2938
-3194
-2400
-1962
-1858
-1573
-911
-295
-50
200
487
787
1062
1472
1950
2281
2662
2904
3023
3379
3635
3540
2992
2454
2202
1789
1201
672
374
72
-265
-253
59
278
276
412
823
1184
1371
1504
1621
1547
1369
1351
1379
1303
1014
759
720
680
616
467
336
129
-172
-276
-350
-479
-769
-1097
-1237
-1479
-1654
-1774
-1829
-2125
-2458
-2589
-2318
-2249
-2322
-2595
-2134
-1190
-784
-557
-376
735
1423
1147
1204
1905
2126
1187
316
486
286
-831
-1746
-1527
-1568
-2326
-2329
-1718
-1491
-1990
-2200
-1594
-1547
-1930
-1923
-1859
-1944
-2019
-1671
-1298
-1127
-737
-154
497
1038
1732
2320
2507
2943
3501
3731
3644
3568
3668
3290
2586
2196
1883
1159
243
-203
-477
-911
-1196
-1059
-772
-696
-385
219
688
903
1135
1528
1714
1719
1753
1823
1751
1559
1441
1454
1395
1260
1008
831
709
500
157
-209
-451
-651
-1033
-1443
-1559
-1709
-1805
-2108
-2156
-2108
-2075
-2098
-1555
-898
-530
-510
-305
726
1185
976
1005
1686
1838
1207
763
1094
897
-108
-722
-479
-795
-1639
-2016
-1904
-2076
-2758
-2926
-2542
-2501
-2636
-2420
-2030
-1776
-1630
-1466
-1352
-1255
-1196
-1090
-978
-723
-316
-5
398
1230
2022
2493
2842
3428
3847
3614
3276
3177
2860
1970
1176
947
650
-194
-899
-968
-862
-1132
-1373
-1141
-799
-702
-695
-293
230
519
644
822
1233
1501
1521
1512
1509
1513
1398
1282
1290
1135
846
607
579
523
226
-123
-404
-667
-1011
-1298
-1461
-1777
-2190
-1834
-1250
-923
-1128
-771
292
705
574
1055
2096
2246
1494
1325
1929
1767
734
134
266
-254
-1179
-1455
-1302
-1697
-2619
-2879
-2470
-2492
-2757
-2779
-2495
-2336
-2268
-2037
-1898
-1845
-1722
-1499
-1251
-970
-650
-402
-312
157
802
1112
1099
1329
1904
2155
2113
2249
2561
2459
2062
1969
1961
1541
823
354
135
-326
-859
-1143
-1229
-1353
-1500
-1338
-1036
-744
-515
-287
-2
336
634
770
827
974
1112
1098
1073
1124
1099
911
730
777
664
478
265
204
120
-155
-307
-313
-465
-456
-124
73
46
-238
220
648
594
293
733
1230
1222
856
1088
1516
1356
847
834
988
610
57
-206
-338
-771
-1354
-1669
-1831
-2084
-2161
-2342
-2464
-2467
-2259
-2264
-2413
-2329
-1992
-1786
-1796
-1575
-1103
-815
-633
-174
388
731
931
1284
1662
1856
1935
2015
2010
1838
1679
1536
1214
896
619
395
9
-249
-356
-402
-701
-887
-836
-744
-764
-823
-684
-643
-599
-565
-376
-199
-138
-67
126
309
378
467
580
637
558
416
414
327
219
62
62
-37
-75
-78
-41
414
660
788
744
893
1483
1615
1346
1302
1706
1921
1585
1280
1435
1396
893
456
638
600
81
-236
-192
-70
-395
-672
-682
-825
-1046
-1162
-1286
-1460
-1656
-1729
-1901
-1987
-1832
-1604
-1436
-1382
-1114
-786
-571
-358
-117
50
166
384
691
861
953
1105
1335
1442
1469
1610
1582
1290
1003
865
592
69
-425
-697
-980
-1359
-1498
-1385
-1353
-1410
-1254
-894
-607
-494
-390
-202
-131
-95
-45
-9
-134
-295
-326
-299
-372
-517
-572
-606
-599
-626
-534
-515
-486
-433
-419
-102
414
661
714
767
1413
1897
1755
1664
2086
2522
2318
1831
1885
2033
1593
942
784
920
475
-33
-160
-22
-223
-600
-593
-516
-662
-689
-659
-693
-885
-989
-981
-1191
-1353
-1317
-1189
-1171
-1249
-980
-583
-321
-79
181
619
899
1115
1315
1451
1478
1427
1371
1259
1168
998
642
320
215
132
-165
-582
-669
-625
-838
-1119
-1158
-1037
-1156
-1349
-1340
-1220
-1210
-1298
-1208
-1080
-1020
-910
-740
-590
-559
-479
-342
-317
-407
-521
-534
-652
-821
-974
-1015
-1132
-1212
-1270
-1039
-652
-457
-254
-23
572
1084
1243
1380
1878
2406
2527
2342
2335
2490
2317
1835
1548
1487
1124
555
203
120
-37
-421
-690
-698
-735
-727
-747
-750
-701
-654
-606
-654
-610
-493
-392
-369
-331
-147
95
184
303
467
702
936
1066
1236
1394
1569
1665
1696
1631
1631
1575
1298
901
565
323
-71
-550
-866
-959
-1141
-1353
-1359
-1145
-1031
-1052
-965
-823
-749
-806
-846
-887
-1051
-1170
-1181
-1150
-1245
-1290
-1214
-1134
-1089
-1061
-960
-870
-954
-950
-988
-1048
-1074
-1293
-1231
-1007
-814
-674
-684
-268
327
558
667
1073
1712
1991
1864
1768
2017
2076
1688
1332
1263
1115
778
423
312
232
-84
-394
-452
-422
-384
-481
-591
-565
-411
-367
-446
-400
-240
-132
-142
-72
161
398
463
584
892
1214
1493
1742
1984
2187
2275
2405
2528
2403
2172
1978
1766
1371
912
589
267
-187
-634
-737
-808
-1097
-1312
-1264
-1035
-1019
-1018
-853
-687
-673
-690
-575
-471
-585
-734
-796
-836
-979
-1126
-1218
-1339
-1551
-1681
-1581
-1581
-1584
-1693
-1591
-1499
-1416
-1103
-872
-652
-690
-539
-119
144
149
246
650
1066
1243
1247
1434
1595
1529
1363
1312
1183
838
454
139
-118
-403
-697
-863
-1062
-1138
-1035
-974
-888
-837
-683
-628
-562
-381
-218
-93
-48
96
366
636
855
1075
1300
1556
1839
2074
2239
2344
2460
2670
2702
2572
2468
2419
2227
1810
1433
1145
759
141
-363
-631
-899
-1256
-1506
-1497
-1377
-1330
-1230
-893
-575
-425
-338
-136
23
8
-149
-258
-353
-627
-885
-1081
-1252
-1507
-1756
-1863
-1896
-1991
-2041
-2016
-1935
-1659
-1366
-1072
-924
-711
-317
-9
122
273
563
805
871
804
870
925
744
534
510
498
263
-8
-88
-157
-397
-657
-708
-725
-911
-1100
-1138
-1078
-1111
-1186
-1281
-1234
-1066
-923
-775
-638
-434
-178
136
401
679
920
1166
1464
1777
2078
2276
2472
2711
2903
2951
2930
2871
2696
2409
2079
1732
1321
842
392
27
-314
-592
-809
-953
-1010
-1002
-943
-877
-751
-598
-438
-320
-186
-66
13
52
31
21
-117
-263
-427
-595
-866
-1146
-1373
-1543
-1680
-1916
-1942
-1730
-1385
-1182
-1036
-802
-295
-19
94
189
496
683
653
506
492
520
316
85
40
98
-30
-222
-250
-170
-274
-488
-585
-535
-631
-860
-995
-1047
-1105
-1249
-1416
-1498
-1435
-1390
-1315
-1204
-1038
-791
-522
-243
77
453
778
1103
1422
1757
2074
2240
2379
2550
2656
2681
2569
2424
2255
2083
1839
1549
1249
953
706
381
85
-124
-298
-487
-658
-707
-633
-619
-567
-442
-262
-80
28
192
301
347
304
262
187
88
-126
-316
-562
-744
-883
-1017
-1184
-1315
-1155
-800
-617
-564
-472
-37
226
309
357
582
787
749
589
506
521
375
91
-69
-128
-215
-412
-536
-557
-625
-763
-867
-822
-823
-889
-967
-1015
-1012
-1079
-1218
-1292
-1295
-1308
-1328
-1208
-1104
-966
-801
-573
-321
-29
334
658
850
1042
1345
1659
1795
1852
1927
2005
1993
1861
1761
1675
1494
1244
1031
877
706
454
223
23
-99
-185
-307
-456
-523
-474
-430
-462
-430
-314
-205
-144
-103
67
141
149
181
227
305
144
115
-45
-146
-313
-514
-475
-487
-242
-244
-112
-3
297
456
536
655
872
997
915
742
637
503
194
-45
-149
-239
-519
-711
-744
-682
-795
-866
-850
-794
-821
-816
-727
-752
-916
-1089
-1188
-1195
-1289
-1440
-1528
-1489
-1424
-1288
-1079
-867
-623
-364
-10
385
682
904
1077
1266
1422
1488
1483
1435
1350
1170
1032
919
801
600
399
296
210
102
-30
-135
-208
-266
-333
-412
-465
-515
-529
-545
-545
-523
-447
-395
-342
-295
-199
-109
-55
28
-4
131
48
99
24
-21
-43
91
325
548
601
692
936
1132
1181
1189
1338
1403
1337
1044
897
735
560
257
29
-109
-225
-411
-550
-667
-738
-815
-882
-897
-853
-823
-764
-737
-711
-676
-787
-870
-838
-842
-932
-977
-943
-878
-803
-726
-525
-328
-174
37
245
423
556
691
774
809
838
879
876
738
649
622
568
423
277
215
154
57
-74
-164
-252
-337
-411
-482
-587
-679
-736
-791
-840
-910
-851
-825
-783
-759
-680
-597
-490
-380
-307
-206
-193
-140
-132
-155
-161
-15
228
579
719
845
1097
1437
1622
1713
1850
1964
2041
1895
1699
1476
1230
876
530
286
93
-218
-467
-617
-707
-798
-893
-844
-808
-758
-654
-526
-458
-406
-439
-452
-381
-366
-419
-446
-381
-308
-222
-180
-12
160
312
451
554
672
744
759
716
714
653
553
443
319
180
45
-26
-14
-60
-120
-138
-133
-102
-133
-210
-254
-272
-332
-462
-618
-710
-836
-920
-1050
-1098
-1127
-1127
-1111
-1092
-1005
-917
-802
-755
-696
-671
-653
-683
-718
-780
-674
-416
-60
219
473
819
1239
1560
1786
2055
2271
2332
2191
1969
1752
1467
1057
656
404
217
-17
-279
-408
-467
-490
-546
-535
-529
-479
-436
-375
-335
-358
-409
-468
-393
-306
-318
-340
-228
-55
116
267
442
670
881
1022
1163
1260
1272
1177
1035
897
760
565
360
141
-70
-188
-190
-170
-206
-211
-156
-51
-44
-82
-150
-187
-276
-402
-505
-640
-836
-1085
-1162
-1203
-1227
-1307
-1321
-1269
-1215
-1185
-1123
-1068
-1048
-1067
-1156
-1159
-1278
-1352
-1541
-1461
-1190
-754
-357
-109
315
806
1268
1544
1865
2129
2252
2113
1895
1663
1374
902
480
195
66
-150
-397
-493
-520
-543
-570
-509
-477
-490
-512
-442
-336
-364
-451
-496
-417
-254
-166
-43
154
345
521
783
1104
1361
1499
1576
1669
1723
1667
1518
1290
1042
821
635
472
313
154
53
90
144
233
243
243
224
162
97
-13
-168
-342
-520
-641
-738
-826
-939
-1000
-985
-958
-899
-877
-870
-888
-938
-1019
-1083
-1239
-1397
-1599
-1737
-1903
-1999
-2123
-2046
-1689
-1276
-702
-260
166
668
1070
1377
1641
1881
1909
1744
1428
1165
914
504
133
-84
-119
-173
-330
-342
-308
-324
-376
-446
-519
-611
-760
-859
-879
-994
-1058
-1034
-938
-665
-388
-65
314
689
1048
1404
1733
1968
2111
2072
2006
1904
1718
1485
1168
922
778
675
649
626
648
693
777
840
876
829
699
530
265
33
-154
-360
-524
-642
-626
-556
-493
-425
-335
-199
-151
-108
-129
-206
-421
-608
-888
-1073
-1354
-1556
-1757
-1896
-2038
-2041
-1976
-1928
-1611
-1243
-647
-192
119
381
689
813
916
1064
1176
1113
889
700
623
493
312
170
189
287
186
43
-10
-153
-400
-679
-919
-1076
-1311
-1528
-1559
-1540
-1531
-1422
-1263
-927
-538
-196
146
538
840
1048
1252
1492
1627
1587
1500
1533
1526
1457
1344
1242
1287
1306
1322
1328
1352
1305
1194
1062
1008
891
665
449
254
98
-12
-89
-115
-113
-70
-21
36
43
18
-59
-107
-175
-241
-340
-460
-522
-646
-697
-778
-847
-944
-1016
-1196
-1276
-1391
-1471
-1573
-1503
-1160
-690
-357
-148
203
487
681
766
934
1095
1038
767
498
353
196
-93
-321
-250
-183
-275
-317
-267
-255
-431
-667
-765
-917
-1186
-1415
-1510
-1580
-1686
-1739
-1627
-1320
-1067
-801
-416
25
309
516
804
1073
1179
1156
1168
1169
1169
1121
1034
1046
1137
1217
1311
1357
1426
1418
1330
1290
1193
1029
834
645
433
246
111
30
-21
-68
-94
-91
-86
-96
-142
-154
-174
-204
-199
-215
-230
-322
-362
-466
-495
-618
-728
-885
-1067
-1184
-1315
-1365
-1456
-1171
-806
-198
158
438
705
972
984
926
946
913
777
370
55
-161
-227
-374
-414
-308
-70
-44
-60
-53
-123
-404
-714
-1004
-1259
-1581
-1803
-1833
-1838
-1794
-1637
-1394
-1021
-665
-460
-153
107
216
194
247
320
317
217
223
313
388
496
632
782
990
1160
1274
1355
1379
1334
1254
1176
1095
954
806
726
566
437
350
322
268
235
153
94
43
-15
-65
-120
-125
-131
-120
-119
-133
-211
-301
-403
-485
-587
-625
-712
-743
-869
-843
-740
-694
-631
-452
40
528
801
815
933
1014
835
574
512
595
537
199
-7
56
167
79
16
169
352
248
35
-72
-293
-678
-1054
-1271
-1405
-1580
-1606
-1451
-1242
-1116
-983
-750
-483
-408
-450
-341
-202
-232
-336
-296
-103
34
94
260
459
631
714
782
896
1047
1071
1023
1020
1038
1039
997
1007
1012
939
830
749
631
469
310
201
136
66
-8
-14
51
69
25
-18
-3
-92
-198
-328
-410
-572
-709
-732
-652
-551
-496
-433
-364
-312
-286
-147
-125
-96
-276
-15
325
727
749
772
907
943
836
642
762
729
616
260
189
233
234
15
-17
135
243
95
-79
-211
-430
-806
-1034
-1118
-1221
-1244
-1211
-1003
-813
-632
-571
-445
-409
-444
-485
-413
-410
-517
-599
-445
-259
-113
48
262
476
623
741
826
947
982
927
881
933
985
921
843
854
801
663
483
397
269
109
-54
-137
-152
-175
-184
-189
-130
-183
-261
-367
-461
-601
-689
-734
-779
-798
-764
-596
-438
-359
-247
-213
-148
-122
-174
-189
-258
-312
-422
-328
12
423
670
700
765
842
774
550
436
520
470
265
86
106
219
58
-59
93
281
199
-54
-174
-256
-500
-788
-841
-799
-743
-660
-555
-382
-323
-388
-503
-586
-682
-770
-777
-729
-684
-656
-440
-156
82
312
554
722
812
815
808
832
845
837
843
893
973
974
928
909
836
678
474
323
159
-54
-243
-329
-371
-387
-454
-455
-449
-469
-617
-750
-845
-868
-892
-888
-808
-739
-582
-454
-395
-365
-254
-308
-188
-280
-296
-296
-308
-295
-283
-325
-181
217
377
526
506
496
430
250
18
189
312
330
187
152
319
330
152
173
363
348
242
151
211
147
-94
-248
-199
-208
-206
-256
-246
-212
-337
-548
-597
-548
-568
-564
-475
-306
-179
-83
91
285
428
548
657
751
851
887
884
965
1086
1165
1212
1256
1226
1158
1065
945
812
605
373
191
4
-146
-268
-322
-335
-389
-437
-452
-453
-546
-654
-750
-777
-793
-820
-761
-704
-668
-650
-539
-416
-286
-243
-216
-129
-111
-128
-116
-132
-120
-241
-320
-445
-491
-372
-186
-11
-53
-63
-49
-147
-277
-213
-74
5
-82
-125
-49
-33
-109
-24
300
519
531
555
601
534
307
166
188
85
-65
-107
-38
14
-45
-162
-186
-170
-146
-174
-105
-17
7
7
82
250
422
580
672
754
845
944
951
981
1026
1061
1004
946
930
913
829
720
609
488
397
300
225
158
95
23
-51
-82
-114
-136
-170
-254
-341
-426
-475
-503
-510
-527
-556
-545
-485
-421
-406
-390
-340
-328
-352
-359
-367
-424
-538
-661
-717
-753
-842
-957
-1077
-1105
-1014
-844
-720
-752
-882
-991
-991
-936
-821
-682
-557
-417
-339
-214
-51
132
291
397
475
533
557
519
503
508
516
458
421
457
540
530
450
387
321
211
135
194
283
333
302
335
493
665
707
724
766
757
685
639
659
653
619
591
641
723
777
751
722
684
637
596
554
479
376
257
207
201
158
139
136
123
80
26
-30
-94
-237
-378
-470
-485
-501
-534
-577
-616
-638
-666
-671
-716
-823
-969
-1067
-1105
-1142
-1194
-1274
-1326
-1340
-1393
-1457
-1416
-1239
-1068
-1064
-1144
-1181
-1113
-980
-877
-679
-355
-106
-88
-82
22
195
307
404
519
632
657
666
680
688
690
598
542
560
600
560
545
441
312
218
219
322
417
457
469
434
416
483
560
638
653
614
584
629
673
669
699
759
755
757
828
918
916
854
835
852
829
781
717
659
604
525
473
469
446
378
338
319
220
63
-39
-95
-180
-306
-357
-412
-513
-629
-759
-820
-881
-993
-1107
-1159
-1179
-1234
-1310
-1360
-1374
-1389
-1409
-1438
-1433
-1446
-1486
-1423
-1172
-907
-841
-944
-998
-918
-802
-705
-550
-322
-163
-145
-109
29
223
360
456
577
651
645
591
597
601
589
518
474
483
504
512
524
501
445
379
377
451
498
488
409
372
378
432
496
535
545
560
603
711
805
863
920
956
1004
1059
1145
1180
1119
1003
919
922
957
930
855
822
849
899
908
876
837
763
648
519
375
214
20
-168
-329
-411
-491
-605
-732
-834
-899
-974
-1041
-1155
-1238
-1302
-1310
-1334
-1338
-1334
-1336
-1341
-1340
-1324
-1312
-1320
-1349
-1357
-1283
-1087
-891
-807
-867
-912
-876
-704
-590
-493
-367
-228
-186
-202
-178
-66
72
133
243
348
446
443
416
412
457
413
357
362
388
391
335
264
217
211
202
228
250
290
280
285
374
464
526
592
680
770
839
895
924
935
937
968
1043
1101
1139
1139
1147
1178
1215
1263
1289
1264
1194
1131
1096
1041
928
776
653
523
406
290
150
-10
-181
-329
-455
-561
-656
-770
-897
-988
-1016
-1007
-1033
-1081
-1125
-1115
-1110
-1117
-1135
-1153
-1173
-1194
-1196
-1153
-1137
-1184
-1247
-1261
-1257
-1255
-1174
-1054
-938
-947
-1009
-1046
-981
-945
-906
-752
-527
-374
-376
-349
-253
-125
-53
52
161
266
275
270
311
364
314
220
210
247
264
244
279
289
250
225
301
398
485
524
552
637
724
757
818
901
955
979
1013
1062
1126
1191
1249
1328
1391
1434
1462
1456
1420
1382
1347
1305
1230
1104
970
861
762
639
491
372
254
131
16
-87
-215
-344
-460
-506
-497
-522
-577
-633
-646
-658
-664
-675
-698
-736
-787
-827
-826
-847
-886
-944
-1015
-1059
-1089
-1134
-1219
-1302
-1384
-1423
-1437
-1445
-1414
-1323
-1202
-1099
-1090
-1139
-1161
-1129
-1081
-1014
-834
-615
-489
-495
-449
-333
-161
-41
47
124
185
195
194
251
292
245
168
224
363
487
541
586
593
588
604
705
829
898
923
947
1030
1141
1199
1257
1331
1361
1401
1459
1492
1483
1441
1416
1428
1434
1417
1392
1324
1214
1088
989
936
866
752
629
555
518
473
401
335
259
195
146
116
63
-5
-75
-125
-153
-182
-221
-273
-338
-429
-514
-570
-639
-748
-869
-985
-1062
-1119
-1170
-1223
-1267
-1318
-1354
-1380
-1401
-1434
-1488
-1525
-1547
-1551
-1564
-1574
-1540
-1399
-1189
-1040
-1022
-1081
-1117
-1060
-955
-803
-593
-398
-340
-380
-373
-245
-116
-31
82
246
357
401
464
549
628
596
563
629
755
856
946
1030
1054
999
977
1065
1196
1253
1244
1224
1220
1225
1201
1217
1245
1200
1123
1090
1090
1095
1056
1015
985
950
913
920
924
868
771
698
695
694
677
658
636
577
516
493
507
463
357
258
187
106
11
-89
-194
-314
-438
-522
-588
-690
-819
-925
-998
-1043
-1091
-1147
-1208
-1298
-1391
-1432
-1445
-1456
-1498
-1547
-1584
-1610
-1614
-1596
-1556
-1550
-1556
-1556
-1540
-1510
-1512
-1466
-1354
-1195
-1136
-1158
-1206
-1170
-1082
-977
-811
-604
-409
-319
-255
-166
20
180
306
454
610
729
811
887
953
987
956
949
1011
1072
1100
1124
1133
1124
1093
1095
1138
1154
1118
1086
1109
1165
1151
1097
1085
1090
1061
1046
1083
1115
1106
1060
1074
1123
1132
1101
1061
1021
950
878
844
860
805
706
638
598
537
418
279
141
6
-124
-198
-259
-371
-542
-665
-700
-728
-798
-876
-950
-1049
-1131
-1156
-1147
-1173
-1240
-1289
-1287
-1276
-1291
-1310
-1318
-1331
-1365
-1373
-1357
-1366
-1421
-1462
-1466
-1432
-1404
-1377
-1346
-1328
-1310
-1292
-1228
-1141
-1009
-877
-788
-756
-740
-681
-558
-426
-260
-35
161
251
276
326
448
604
732
852
950
995
1006
1074
1180
1247
1226
1203
1236
1291
1329
1369
1364
1302
1250
1270
1360
1413
1402
1358
1347
1348
1332
1324
1339
1321
1257
1213
1203
1192
1147
1103
1085
1071
1030
977
914
829
705
594
527
455
347
224
132
54
-27
-115
-194
-277
-364
-442
-481
-509
-583
-679
-745
-780
-823
-873
-924
-994
-1085
-1156
-1191
-1222
-1306
-1410
-1475
-1483
-1482
-1478
-1490
-1508
-1528
-1524
-1452
-1392
-1372
-1385
-1363
-1310
-1255
-1181
-1108
-1062
-1052
-1037
-976
-916
-891
-835
-680
-485
-372
-342
-301
-191
-80
32
217
436
580
605
629
748
912
1022
1106
1224
1341
1402
1432
1489
1552
1538
1477
1473
1527
1562
1538
1504
1487
1446
1394
1373
1370
1344
1302
1246
1206
1158
1066
970
911
866
813
770
712
651
596
566
550
518
449
377
321
269
218
168
111
33
-54
-134
-188
-249
-339
-426
-498
-568
-644
-732
-831
-940
-1040
-1118
-1171
-1209
-1260
-1330
-1395
-1436
-1466
-1497
-1523
-1545
-1561
-1556
-1532
-1496
-1465
-1466
-1464
-1437
-1390
-1325
-1274
-1228
-1171
-1120
-1052
-974
-907
-832
-786
-767
-750
-715
-664
-616
-577
-511
-383
-200
-36
70
112
139
188
244
372
557
740
841
870
901
981
1081
1185
1318
1424
1482
1505
1536
1584
1610
1571
1511
1471
1448
1461
1486
1498
1465
1364
1259
1224
1232
1227
1190
1113
1031
967
932
938
929
858
766
669
585
523
450
375
299
218
143
81
19
-74
-187
-317
-423
-507
-582
-658
-757
-872
-966
-1024
-1075
-1144
-1219
-1271
-1303
-1326
-1351
-1357
-1378
-1415
-1440
-1436
-1397
-1389
-1401
-1401
-1375
-1328
-1280
-1238
-1216
-1208
-1184
-1115
-1019
-954
-901
-847
-788
-719
-649
-565
-500
-460
-427
-377
-313
-257
-222
-208
-177
-128
-84
-24
40
102
211
366
523
601
608
586
607
666
777
947
1105
1198
1220
1261
1351
1467
1553
1612
1664
1699
1712
1730
1740
1718
1624
1537
1521
1535
1544
1508
1435
1325
1208
1102
1051
1010
919
797
695
632
574
496
378
239
97
-3
-59
-116
-220
-357
-467
-521
-531
-548
-602
-699
-800
-861
-875
-884
-925
-998
-1072
-1108
-1107
-1095
-1093
-1121
-1157
-1170
-1141
-1125
-1152
-1197
-1242
-1262
-1254
-1219
-1202
-1200
-1199
-1181
-1135
-1085
-1056
-1027
-981
-927
-869
-800
-722
-669
-625
-554
-468
-377
-295
-225
-169
-134
-99
-53
17
77
123
188
262
332
370
407
463
516
543
592
697
840
968
1036
1065
1082
1113
1164
1269
1397
1512
1555
1529
1497
1509
1561
1620
1673
1695
1689
1646
1595
1544
1462
1350
1227
1114
1016
935
846
732
590
442
315
218
132
43
-49
-155
-250
-336
-425
-508
-581
-650
-707
-750
-788
-839
-877
-894
-904
-929
-968
-995
-1025
-1060
-1091
-1099
-1103
-1120
-1142
-1144
-1120
-1097
-1106
-1118
-1129
-1132
-1111
-1092
-1061
-1052
-1051
-1045
-1018
-965
-910
-854
-810
-773
-734
-676
-602
-523
-452
-401
-335
-261
-177
-104
-44
19
83
154
223
281
325
363
394
445
515
583
618
621
626
651
686
716
740
752
779
823
860
896
948
1004
1060
1079
1081
1053
1017
982
965
1009
1077
1129
1125
1093
1036
993
979
1012
1022
989
900
795
720
672
613
508
399
286
197
140
90
-1
-149
-322
-455
-527
-566
-622
-697
-801
-888
-950
-974
-988
-1029
-1091
-1157
-1189
-1194
-1190
-1188
-1188
-1160
-1129
-1092
-1049
-1024
-1025
-1022
-987
-930
-868
-819
-786
-755
-707
-648
-591
-551
-534
-511
-484
-441
-396
-368
-352
-332
-289
-220
-156
-113
-85
-48
4
60
123
175
219
253
313
396
477
530
566
613
677
727
765
794
805
798
798
825
881
924
930
921
906
892
876
869
852
820
767
736
721
710
713
735
762
739
673
610
568
527
507
511
544
550
497
416
355
328
299
288
273
225
140
41
-55
-144
-241
-353
-452
-534
-596
-655
-715
-783
-868
-963
-1028
-1040
-1030
-1012
-1007
-1016
-1032
-1043
-1029
-977
-936
-905
-884
-862
-821
-772
-700
-641
-600
-565
-515
-460
-392
-339
-316
-295
-274
-236
-190
-133
-102
-94
-86
-60
-16
37
90
122
139
151
184
224
275
322
354
383
422
471
517
558
596
620
649
695
752
800
828
848
873
912
949
977
984
988
980
971
974
973
958
923
878
831
793
742
678
606
523
451
371
289
189
84
7
-66
-99
-113
-133
-192
-267
-344
-400
-446
-474
-463
-442
-422
-435
-461
-478
-483
-475
-449
-439
-450
-490
-536
-565
-593
-629
-683
-744
-791
-806
-790
-779
-785
-827
-875
-895
-872
-850
-825
-806
-798
-779
-747
-686
-607
-531
-480
-426
-357
-272
-199
-128
-74
-13
55
134
215
266
293
314
340
377
413
442
458
467
482
499
520
549
573
579
574
575
592
614
635
648
659
674
695
724
737
752
767
781
801
812
823
805
776
755
730
703
657
599
551
515
479
434
364
273
172
104
56
-5
-76
-166
-250
-325
-383
-443
-520
-604
-678
-741
-768
-778
-814
-859
-872
-845
-809
-796
-824
-859
-895
-916
-879
-811
-744
-731
-750
-764
-751
-700
-647
-585
-543
-528
-512
-477
-449
-429
-434
-450
-444
-425
-386
-348
-322
-316
-316
-314
-288
-252
-229
-205
-178
-144
-102
-65
-31
11
63
132
202
268
333
387
444
511
589
663
736
795
831
859
895
937
968
976
969
968
962
951
937
909
880
858
835
818
794
758
723
689
657
634
623
610
576
540
503
475
440
416
392
358
306
248
204
166
136
94
40
-34
-109
-185
-256
-331
-410
-479
-550
-616
-688
-750
-814
-885
-952
-1011
-1046
-1074
-1092
-1107
-1116
-1111
-1117
-1126
-1115
-1099
-1069
-995
-892
-805
-747
-723
-702
-646
-581
-497
-401
-326
-282
-256
-225
-181
-134
-76
-19
30
65
91
107
101
101
100
115
149
185
214
244
259
266
281
314
358
406
459
528
592
639
678
718
758
812
877
942
991
1008
1011
1014
1031
1044
1050
1049
1039
1033
1009
987
966
919
869
816
767
722
677
633
582
520
457
402
358
312
256
194
127
63
3
-48
-95
-145
-196
-249
-294
-332
-369
-418
-467
-507
-538
-568
-594
-624
-662
-703
-744
-785
-817
-840
-862
-877
-890
-901
-912
-926
-944
-967
-985
-1000
-1017
-1027
-1020
-1010
-990
-955
-928
-899
-872
-844
-803
-756
-704
-637
-544
-442
-361
-306
-264
-222
-178
-108
2
122
230
295
330
354
393
452
536
611
656
679
700
724
738
748
743
734
737
754
782
807
824
818
796
785
789
794
802
809
805
797
783
763
739
725
710
695
676
647
616
566
530
496
464
434
392
333
270
210
155
103
48
-10
-67
-113
-163
-217
-274
-324
-365
-404
-438
-467
-504
-545
-582
-621
-646
-662
-668
-679
-696
-722
-750
-757
-761
-755
-761
-773
-778
-783
-787
-787
-789
-789
-796
-798
-781
-759
-752
-754
-755
-753
-736
-715
-667
-623
-588
-562
-539
-498
-455
-387
-322
-262
-200
-144
-81
-21
28
69
120
181
237
308
385
464
520
559
593
618
640
655
711
771
832
861
867
871
868
878
905
942
943
912
875
850
829
803
766
709
656
616
593
582
551
502
436
382
354
337
318
285
234
183
146
135
126
108
72
25
-9
-42
-75
-111
-157
-202
-245
-259
-276
-301
-342
-399
-451
-491
-502
-522
-551
-580
-607
-628
-632
-624
-619
-613
-619
-617
-611
-604
-602
-608
-602
-580
-552
-520
-494
-473
-454
-442
-414
-382
-347
-320
-303
-286
-257
-219
-182
-142
-115
-86
-60
-24
12
40
67
99
137
171
205
234
267
310
350
393
430
461
487
505
532
555
575
588
591
602
616
625
623
616
584
560
544
537
546
554
560
533
495
449
406
365
346
339
324
308
277
235
189
143
118
110
102
86
48
4
-48
-100
-142
-180
-217
-245
-270
-291
-309
-339
-364
-395
-422
-428
-436
-447
-465
-478
-487
-497
-496
-486
-474
-472
-461
-459
-459
-453
-443
-428
-404
-372
-335
-307
-284
-259
-241
-218
-190
-165
-145
-131
-108
-86
-65
-45
-19
-5
16
38
55
75
88
103
123
158
190
214
233
244
260
287
316
349
376
397
422
449
472
487
503
511
519
526
532
539
533
531
530
517
508
491
456
422
388
355
318
273
226
171
115
74
34
-11
-57
-114
-173
-224
-257
-292
-329
-364
-404
-432
-456
-471
-481
-483
-489
-507
-519
-532
-534
-538
-534
-517
-502
-484
-474
-466
-456
-457
-453
-430
-419
-407
-400
-392
-390
-400
-404
-403
-395
-377
-350
-318
-298
-285
-267
-243
-205
-171
-136
-102
-78
-50
-22
-2
20
48
83
116
169
211
252
290
333
374
410
445
475
504
524
542
551
562
561
564
578
591
606
610
613
610
611
596
584
578
556
533
503
479
463
449
431
405
372
343
317
295
268
236
203
176
150
121
85
48
7
-32
-54
-82
-114
-152
-202
-248
-294
-340
-376
-419
-467
-509
-543
-574
-595
-615
-644
-673
-698
-705
-712
-717
-725
-737
-745
-757
-753
-741
-724
-695
-676
-660
-633
-612
-590
-550
-504
-470
-439
-411
-373
-334
-295
-249
-205
-161
-119
-70
-34
11
49
94
141
182
220
251
281
312
342
363
392
424
455
486
517
547
569
594
623
656
688
712
729
749
762
772
776
783
794
795
801
803
790
774
753
731
710
684
659
630
582
530
487
442
390
342
300
256
207
157
111
65
15
-30
-63
-106
-137
-172
-219
-254
-293
-326
-354
-375
-389
-413
-433
-454
-476
-495
-519
-531
-542
-545
-549
-555
-561
-567
-588
-601
-616
-623
-615
-610
-608
-606
-607
-609
-595
-575
-556
-537
-522
-515
-506
-490
-470
-450
-430
-400
-370
-340
-308
-278
-248
-217
-174
-128
-80
-33
8
50
100
147
203
255
301
339
377
427
479
536
590
634
675
712
747
775
796
808
820
826
831
826
818
802
776
761
736
716
697
668
625
591
560
533
512
474
436
404
362
320
278
243
209
171
141
110
77
37
-11
-60
-97
-132
-164
-199
-242
-279
-320
-359
-397
-445
-485
-520
-552
-575
-587
-607
-624
-651
-675
-683
-691
-685
-680
-682
-680
-676
-661
-640
-613
-594
-585
-567
-542
-518
-495
-471
-452
-422
-393
-363
-333
-310
-277
-255
-230
-207
-185
-167
-148
-129
-109
-70
-42
-12
14
37
68
98
131
157
184
202
221
247
275
298
317
330
342
361
390
415
429
439
437
439
441
457
466
463
453
449
454
459
465
458
442
421
405
399
402
393
384
358
333
313
285
262
230
200
163
132
100
71
38
1
-37
-72
-103
-135
-161
-187
-217
-245
-270
-302
-328
-343
-365
-393
-422
-443
-465
-489
-501
-517
-534
-541
-549
-547
-543
-541
-532
-533
-530
-527
-517
-505
-491
-474
-456
-440
-422
-390
-363
-329
-303
-261
-223
-182
-138
-104
-60
-23
14
45
83
119
156
203
239
270
300
344
352
354
396
423
431
453
465
483
490
483
500
510
504
530
547
535
534
523
512
512
507
507
498
482
469
444
417
390
367
344
327
304
280
249
218
186
164
146
121
107
77
39
4
-24
-53
-74
-97
-111
-128
-138
-138
-150
-173
-201
-224
-247
-252
-258
-260
-268
-292
-315
-339
-346
-351
-362
-375
-393
-408
-412
-422
-423
-428
-444
-446
-441
-432
-423
-411
-407
-395
-388
-381
-358
-343
-329
-310
-285
-248
-207
-175
-136
-101
-71
-33
8
53
94
126
157
190
225
253
279
307
340
371
403
428
446
472
467
556
627
566
592
621
595
600
605
601
618
556
508
517
452
441
480
456
416
399
372
351
327
297
268
223
192
167
132
109
65
26
14
-15
-35
-45
-60
-80
-116
-148
-166
-200
-247
-273
-310
-344
-374
-405
-422
-438
-462
-484
-508
-523
-539
-561
-559
-561
-563
-547
-548
-556
-557
-566
-568
-554
-546
-534
-503
-475
-453
-428
-405
-385
-370
-355
-333
-316
-290
-264
-248
-231
-211
-198
-187
-167
-150
-121
-88
-58
-37
-10
12
28
55
91
126
156
183
202
223
240
264
295
323
347
384
407
429
456
470
486
498
500
499
504
496
480
467
455
437
425
416
403
390
368
337
309
280
246
227
202
185
176
149
121
98
67
42
21
1
-18
-46
-79
-95
-108
-124
-131
-143
-166
-183
-194
-220
-245
-259
-271
-289
-302
-317
-330
-338
-355
-367
-365
-370
-368
-353
-355
-361
-371
-378
-379
-374
-370
-369
-365
-353
-349
-343
-329
-318
-306
-293
-278
-260
-232
-207
-183
-155
-142
-122
-99
-89
-69
-44
-21
11
37
78
113
129
164
190
212
234
254
278
311
331
339
356
360
370
391
400
406
412
420
433
445
451
452
456
459
451
450
452
441
424
415
408
399
389
375
358
336
310
294
284
263
244
219
188
157
116
84
45
8
-20
-45
-73
-94
-120
-147
-163
-187
-204
-217
-232
-246
-264
-279
-291
-304
-326
-340
-343
-360
-355
-356
-355
-341
-336
-315
-299
-288
-281
-275
-267
-254
-242
-222
-213
-202
-190
-186
-171
-151
-125
-101
-78
-63
-43
-20
-5
15
38
54
64
78
96
112
125
148
164
185
200
210
231
250
261
265
279
291
293
304
304
302
296
286
289
290
287
287
285
288
279
271
270
268
257
257
258
247
233
208
188
171
156
140
129
117
108
91
61
43
24
3
-6
-24
-50
-72
-97
-128
-148
-179
-200
-222
-247
-260
-275
-289
-308
-327
-345
-355
-366
-377
-392
-401
-402
-414
-420
-427
-432
-432
-430
-421
-417
-410
-401
-400
-381
-371
-345
-326
-314
-297
-278
-258
-247
-229
-205
-189
-164
-133
-109
-73
-45
-12
23
51
80
100
130
162
191
225
251
272
292
316
333
345
364
372
387
410
419
432
432
430
419
406
400
389
382
375
355
335
329
325
322
303
286
260
234
222
203
187
154
122
89
66
50
28
7
-5
-21
-44
-60
-81
-104
-130
-151
-175
-195
-217
-241
-264
-290
-319
-349
-360
-370
-374
-370
-376
-374
-385
-386
-387
-388
-382
-375
-369
-361
-367
-369
-359
-356
-346
-334
-310
-298
-293
-278
-265
-257
-245
-231
-220
-200
-189
-175
-164
-155
-137
-116
-90
-61
-31
-9
16
41
58
87
111
135
157
175
193
217
237
261
286
306
326
336
352
368
383
398
409
420
436
443
444
447
443
445
451
456
464
460
453
442
432
421
405
397
382
365
357
348
325
304
284
253
229
207
180
151
118
87
53
17
-15
-39
-60
-74
-95
-121
-153
-195
-230
-257
-279
-295
-307
-312
-329
-347
-370
-389
-408
-426
-427
-424
-431
-433
-441
-450
-457
-457
-448
-446
-440
-431
-414
-399
-381
-371
-363
-339
-320
-304
-281
-264
-239
-216
-187
-156
-131
-98
-71
-44
-13
12
37
61
84
112
143
166
191
212
224
247
267
283
301
320
337
351
360
365
368
383
393
396
404
417
425
422
430
442
444
440
438
437
423
413
405
399
383
363
345
333
317
294
282
270
256
240
218
198
174
148
126
100
77
57
39
16
-5
-32
-59
-85
-112
-130
-151
-168
-191
-210
-234
-256
-278
-300
-321
-336
-359
-378
-395
-417
-434
-460
-470
-470
-474
-481
-476
-475
-472
-470
-466
-454
-452
-443
-428
-406
-385
-374
-363
-352
-341
-326
-305
-284
-268
-237
-216
-188
-158
-141
-115
-91
-71
-51
-24
2
18
39
65
94
116
147
174
200
227
248
270
285
295
309
324
333
347
355
356
369
369
377
380
379
384
381
375
370
366
357
340
330
316
298
285
262
246
229
213
190
181
168
160
140
125
119
103
79
62
47
29
2
-34
-50
-66
-85
-104
-126
-149
-163
-185
-203
-210
-229
-236
-246
-253
-257
-269
-280
-295
-312
-322
-330
-330
-324
-326
-321
-317
-308
-298
-287
-278
-264
-260
-251
-243
-241
-236
-229
-216
-196
-172
-145
-131
-114
-96
-87
-64
-47
-28
-11
12
32
54
64
68
86
91
107
127
135
145
151
160
161
165
173
177
188
196
202
206
210
212
210
203
198
195
193
191
187
178
180
179
174
176
164
160
160
147
137
126
114
106
100
92
83
68
53
36
24
9
-4
-15
-25
-37
-48
-65
-79
-92
-110
-129
-133
-141
-152
-157
-166
-170
-185
-194
-202
-205
-194
-191
-187
-183
-174
-171
-161
-153
-151
-146
-143
-129
-117
-102
-97
-89
-80
-73
-68
-65
-47
-28
-8
13
26
37
49
57
69
90
103
115
130
142
156
169
184
198
214
229
240
259
276
280
284
289
293
295
298
305
310
310
308
309
306
303
299
292
275
262
247
233
224
202
190
175
153
139
119
103
84
71
50
22
5
-21
-45
-69
-91
-105
-123
-139
-151
-169
-182
-201
-221
-229
-241
-255
-258
-270
-279
-282
-290
-289
-287
-288
-284
-284
-282
-285
-292
-289
-291
-287
-275
-277
-272
-262
-263
-255
-248
-240
-230
-219
-205
-192
-180
-169
-159
-150
-138
-122
-100
-80
-54
-26
2
21
45
61
72
89
102
117
127
139
152
165
179
193
211
224
239
251
262
275
284
286
285
277
274
269
271
283
290
291
290
288
285
287
286
285
278
271
268
256
246
237
220
202
186
178
167
163
150
131
113
82
62
39
17
1
-17
-36
-51
-71
-90
-102
-123
-143
-161
-183
-205
-227
-246
-258
-276
-291
-309
-317
-323
-331
-336
-346
-355
-368
-377
-387
-394
-397
-390
-388
-392
-390
-385
-385
-384
-378
-372
-365
-350
-333
-311
-288
-273
-252
-229
-214
-195
-182
-162
-142
-128
-108
-84
-60
-38
-19
-1
21
41
64
95
120
139
157
169
177
191
203
215
231
239
253
258
262
260
263
269
276
281
291
303
301
308
305
297
294
286
280
274
269
268
256
249
238
234
229
220
217
205
199
188
177
163
142
126
111
99
88
73
54
38
15
4
-6
-18
-31
-51
-63
-71
-89
-98
-107
-117
-124
-141
-157
-173
-186
-199
-205
-212
-211
-213
-219
-222
-228
-226
-222
-224
-222
-221
-219
-223
-220
-215
-213
-210
-201
-184
-174
-168
-162
-156
-144
-128
-114
-96
-85
-70
-54
-41
-27
-17
-2
16
42
65
81
89
97
109
120
138
150
172
192
207
218
220
224
232
243
244
251
253
259
266
264
264
263
273
273
275
270
271
266
253
248
235
224
208
194
181
164
152
138
125
110
105
98
82
61
39
22
4
-11
-24
-37
-57
-72
-98
-117
-133
-149
-158
-166
-172
-175
-180
-191
-196
-207
-210
-209
-206
-202
-209
-208
-210
-211
-217
-220
-220
-217
-199
-180
-162
-146
-138
-124
-116
-106
-92
-85
-75
-60
-48
-37
-28
-20
-5
1
14
32
40
59
74
86
98
99
105
113
123
130
131
134
135
143
149
150
147
147
143
143
148
142
134
128
122
118
117
112
105
99
92
91
90
91
90
82
69
58
47
37
31
23
15
7
-8
-27
-34
-47
-58
-67
-77
-81
-94
-97
-110
-128
-148
-163
-169
-181
-187
-192
-205
-221
-230
-237
-249
-256
-255
-257
-252
-247
-248
-241
-243
-243
-239
-239
-239
-231
-220
-221
-210
-199
-197
-183
-172
-161
-151
-134
-132
-118
-98
-84
-69
-51
-31
-21
-3
10
14
27
43
52
66
80
97
107
121
139
153
167
175
185
201
216
232
235
236
236
242
250
251
258
257
264
263
261
258
250
245
237
234
232
225
217
212
199
184
170
152
135
123
105
92
74
58
43
26
23
14
-1
-10
-29
-42
-61
-78
-89
-108
-119
-131
-143
-149
-162
-167
-171
-183
-182
-189
-197
-198
-203
-208
-216
-216
-225
-234
-232
-229
-228
-222
-218
-211
-210
-209
-198
-191
-179
-170
-161
-158
-149
-143
-142
-134
-117
-102
-87
-72
-63
-56
-43
-26
-9
7
27
46
60
75
89
102
113
118
133
150
156
166
180
189
199
207
220
235
244
255
266
276
284
292
295
294
290
286
291
288
291
292
284
275
271
267
260
258
257
254
240
233
222
208
201
183
169
161
144
135
124
116
106
87
65
47
34
17
4
-7
-22
-34
-46
-62
-76
-96
-115
-131
-147
-161
-169
-173
-187
-206
-217
-223
-233
-239
-250
-263
-271
-280
-284
-283
-278
-275
-281
-280
-278
-275
-264
-254
-246
-241
-233
-231
-220
-212
-206
-193
-186
-170
-148
-133
-115
-93
-69
-55
-33
-23
-4
13
24
42
58
73
90
106
118
126
140
168
181
196
213
225
228
232
235
242
242
237
246
240
246
244
232
237
236
230
229
225
216
211
201
190
178
161
151
135
126
117
108
101
85
75
56
48
33
17
3
-15
-21
-30
-43
-54
-70
-86
-97
-109
-121
-134
-141
-151
-166
-173
-187
-193
-209
-222
-222
-219
-214
-221
-232
-241
-247
-245
-248
-243
-247
-251
-249
-245
-234
-226
-221
-215
-210
-205
-196
-181
-170
-162
-149
-133
-125
-115
-107
-101
-84
-69
-53
-40
-33
-26
-16
-4
6
24
34
36
47
56
64
74
84
86
94
99
103
111
119
122
125
129
127
126
130
127
123
125
128
137
133
126
120
120
122
118
114
109
102
95
90
80
64
57
53
42
42
39
32
23
11
-6
-15
-30
-38
-43
-52
-59
-67
-78
-81
-84
-93
-105
-110
-114
-121
-129
-138
-140
-149
-148
-149
-147
-145
-139
-132
-134
-131
-126
-122
-115
-111
-93
-90
-80
-71
-69
-61
-54
-40
-28
-17
-10
0
13
27
37
51
61
66
78
90
108
113
123
133
140
145
142
150
152
163
167
165
177
181
180
174
175
177
178
174
172
176
176
173
168
166
167
161
159
155
152
154
146
138
133
117
102
100
94
93
80
73
66
52
41
33
24
12
1
-13
-26
-39
-46
-59
-58
-59
-65
-71
-81
-88
-91
-97
-103
-110
-117
-119
-120
-129
-127
-127
-131
-121
-121
-115
-113
-115
-117
-116
-115
-114
-105
-102
-94
-89
-88
-81
-83
-81
-70
-60
-54
-52
-46
-40
-40
-37
-29
-18
-9
0
12
21
32
37
41
47
53
58
65
79
87
98
106
107
110
113
120
128
135
143
147
151
152
156
159
155
154
158
167
168
173
171
165
159
148
139
130
118
113
107
99
85
76
71
63
56
41
31
26
11
-2
-8
-20
-29
-35
-52
-62
-73
-84
-92
-102
-107
-114
-117
-133
-146
-156
-164
-172
-176
-183
-187
-193
-202
-202
-202
-198
-202
-204
-209
-207
-208
-208
-210
-212
-207
-207
-197
-193
-190
-182
-177
-179
-171
-159
-154
-149
-144
-139
-132
-124
-112
-104
-97
-78
-66
-55
-41
-30
-21
-14
-6
3
17
31
41
50
65
74
80
93
100
108
118
121
120
120
126
127
130
139
139
136
138
141
139
143
145
141
136
131
129
127
121
114
116
111
100
101
95
96
90
88
85
79
75
60
47
39
32
19
8
0
-10
-24
-37
-43
-51
-55
-58
-70
-77
-85
-98
-106
-116
-122
-129
-129
-136
-145
-142
-147
-144
-146
-151
-159
-159
-163
-169
-167
-165
-165
-157
-150
-137
-122
-115
-104
-95
-85
-80
-68
-60
-55
-41
-30
-18
-9
2
15
23
34
51
65
76
83
96
103
106
114
115
124
139
150
157
165
165
166
168
170
168
172
173
170
173
171
179
182
179
172
174
172
170
165
154
143
132
124
115
108
96
90
85
85
79
75
69
56
48
38
30
12
3
-2
-12
-18
-25
-30
-28
-37
-49
-52
-54
-58
-65
-72
-76
-82
-89
-93
-90
-91
-96
-95
-96
-89
-84
-89
-87
-82
-77
-75
-68
-64
-62
-63
-62
-63
-57
-48
-46
-35
-31
-27
-25
-22
-18
-17
-13
-7
-3
6
13
15
13
20
27
33
39
41
50
57
64
71
87
95
96
102
107
108
107
108
109
105
109
115
122
127
128
130
123
122
126
128
121
115
112
105
105
90
82
87
83
81
73
73
71
59
52
46
37
24
17
7
-4
-12
-23
-39
-44
-46
-60
-68
-79
-92
-95
-113
-122
-130
-141
-144
-153
-159
-162
-159
-160
-169
-176
-182
-183
-196
-200
-191
-191
-189
-183
-183
-183
-177
-180
-171
-164
-164
-156
-156
-151
-142
-144
-131
-120
-113
-99
-86
-78
-71
-60
-54
-47
-35
-28
-19
-4
4
16
28
39
41
47
60
70
80
85
87
87
91
96
103
108
112
111
113
122
126
131
133
128
129
124
121
119
117
110
108
109
102
102
92
83
75
72
66
60
51
40
30
18
7
-6
-16
-28
-32
-33
-37
-45
-45
-51
-56
-67
-80
-85
-96
-102
-109
-109
-119
-126
-129
-133
-128
-131
-139
-144
-144
-146
-147
-148
-148
-151
-149
-149
-145
-144
-146
-139
-139
-136
-125
-117
-113
-108
-94
-85
-83
-77
-68
-66
-52
-40
-34
-23
-13
-6
2
6
6
13
28
40
45
56
71
77
87
97
109
120
119
120
124
129
130
131
134
142
146
150
156
164
170
174
182
174
184
186
177
173
162
155
154
154
146
146
143
141
134
125
122
115
111
103
101
102
91
77
71
59
50
42
39
31
19
18
14
5
-3
-19
-28
-41
-50
-59
-63
-64
-64
-67
-74
-79
-88
-96
-97
-92
-89
-84
-84
-85
-84
-93
-97
-88
-86
-85
-81
-84
-79
-74
-69
-72
-65
-70
-65
-58
-55
-44
-37
-30
-23
-12
-8
5
12
15
15
18
30
36
42
45
50
53
60
65
71
78
83
83
83
82
89
94
98
100
105
109
106
106
102
104
104
106
105
98
100
101
93
91
91
88
77
77
77
76
73
57
45
39
34
28
27
26
20
19
10
-2
-10
-19
-23
-33
-44
-52
-57
-71
-80
-87
-97
-102
-106
-116
-118
-116
-123
-121
-131
-134
-137
-150
-155
-155
-147
-148
-145
-144
-141
-144
-142
-139
-140
-137
-135
-129
-123
-111
-106
-108
-103
-96
-86
-76
-72
-63
-51
-46
-39
-32
-29
-21
-13
-7
0
6
14
27
33
36
41
41
43
48
52
57
73
79
78
80
79
77
77
80
77
77
80
80
83
79
83
79
77
79
76
80
79
81
74
65
54
47
47
40
33
34
23
13
14
2
-3
-8
-12
-15
-18
-19
-25
-30
-32
-38
-48
-54
-65
-70
-78
-85
-86
-93
-95
-101
-105
-107
-108
-105
-106
-104
-99
-95
-96
-98
-96
-96
-93
-87
-84
-81
-71
-72
-70
-68
-66
-63
-55
-43
-36
-24
-18
-8
-2
6
14
14
15
17
19
21
24
26
28
34
42
54
64
66
77
77
86
88
84
89
86
89
89
93
90
98
101
97
100
99
100
102
101
105
111
103
102
99
97
88
86
88
84
92
88
83
77
67
60
49
44
42
32
25
26
20
15
14
6
9
4
-1
-4
-9
-9
-16
-25
-32
-38
-41
-47
-46
-46
-49
-55
-59
-59
-66
-72
-73
-68
-62
-65
-65
-62
-55
-54
-56
-58
-57
-60
-58
-57
-56
-56
-64
-61
-57
-46
-40
-31
-23
-18
-13
-9
-3
-1
4
3
6
19
26
27
30
37
44
47
52
58
67
72
69
75
83
91
100
104
108
116
121
117
119
116
113
120
110
110
116
113
106
107
107
106
108
104
100
95
87
78
67
60
56
47
43
37
34
30
25
21
14
5
-5
-7
-15
-20
-28
-30
-39
-52
-50
-48
-45
-54
-62
-63
-70
-79
-83
-83
-85
-89
-95
-98
-101
-107
-107
-107
-106
-106
-103
-99
-103
-103
-102
-104
-109
-109
-105
-104
-97
-101
-99
-97
-96
-94
-91
-89
-87
-85
-79
-78
-80
-69
-68
-68
-63
-51
-41
-32
-21
-13
-3
-1
-1
7
15
22
26
39
46
50
64
65
71
84
85
95
101
101
104
106
116
116
113
110
110
111
111
118
124
123
119
113
113
113
106
102
99
93
83
72
64
57
49
45
33
22
12
-2
-11
-20
-31
-45
-51
-56
-65
-76
-85
-93
-98
-101
-112
-119
-125
-135
-138
-150
-157
-164
-170
-165
-163
-158
-161
-161
-160
-161
-162
-161
-157
-155
-148
-148
-147
-138
-127
-124
-108
-101
-95
-83
-76
-66
-60
-50
-39
-28
-15
-8
1
9
21
30
38
44
46
60
66
65
72
73
74
81
99
103
104
112
119
122
121
119
117
111
111
109
108
100
101
102
95
99
94
95
94
89
86
77
68
66
58
52
42
33
28
20
19
14
15
10
5
-4
-6
-8
-20
-22
-27
-25
-23
-29
-28
-28
-33
-32
-33
-42
-42
-47
-51
-55
-58
-62
-61
-57
-54
-46
-44
-45
-40
-39
-40
-41
-45
-44
-40
-44
-43
-43
-38
-30
-24
-16
-8
-7
-6
3
4
9
17
21
23
32
38
41
47
49
51
51
54
64
74
85
88
92
91
86
88
95
102
100
100
100
105
117
122
121
120
115
102
100
105
104
108
101
89
86
82
78
74
70
69
69
64
58
50
42
25
20
21
18
21
18
20
21
11
2
-5
-12
-16
-20
-15
-18
-25
-28
-32
-36
-39
-45
-42
-42
-41
-39
-43
-50
-61
-65
-65
-65
-70
-69
-67
-65
-67
-74
-73
-74
-76
-71
-70
-70
-73
-74
-74
-76
-67
-65
-63
-64
-60
-62
-63
-54
-57
-51
-41
-42
-35
-28
-23
-20
-20
-16
-17
-17
-20
-16
-14
-6
-1
-4
2
5
11
11
18
25
34
41
44
46
49
48
46
49
52
55
49
56
56
53
58
59
64
68
65
63
59
61
59
59
57
48
46
42
40
33
26
15
12
4
-4
-2
-12
-17
-23
-32
-42
-42
-46
-52
-52
-60
-63
-67
-76
-83
-90
-93
-97
-102
-103
-106
-114
-112
-115
-123
-114
-116
-116
-113
-114
-111
-118
-123
-126
-125
-118
-114
-109
-106
-98
-94
-87
-75
-78
-70
-61
-66
-61
-55
-58
-54
-48
-42
-34
-27
-14
-5
2
12
13
15
16
19
26
29
37
49
57
58
59
59
65
73
77
75
74
76
78
77
74
72
73
70
76
81
85
83
75
70
60
56
54
51
50
51
49
50
50
48
41
33
31
25
22
13
3
-3
-11
-15
-17
-17
-25
-23
-18
-23
-25
-26
-28
-31
-42
-50
-53
-54
-53
-57
-60
-61
-61
-57
-50
-44
-43
-42
-42
-46
-45
-43
-41
-44
-40
-36
-41
-33
-25
-20
-17
-16
-7
-11
-5
1
1
3
10
19
24
33
44
47
53
55
54
62
67
68
75
84
88
91
96
96
96
102
104
110
110
107
114
112
113
115
120
122
121
115
110
114
116
106
99
92
92
87
81
82
80
78
75
74
67
67
63
54
49
49
42
36
33
21
9
3
-5
-12
-21
-26
-27
-30
-37
-41
-41
-50
-54
-57
-60
-64
-64
-63
-63
-60
-62
-67
-72
-70
-66
-67
-72
-75
-76
-77
-67
-60
-56
-49
-44
-41
-37
-35
-27
-20
-20
-13
-9
-10
-14
-10
-7
-6
-3
2
8
12
14
19
19
17
21
20
21
28
28
31
31
36
35
38
38
44
41
44
47
47
47
44
47
45
41
39
41
42
48
49
48
47
40
31
22
18
19
17
6
0
-5
-7
-6
1
4
4
5
4
7
0
-3
-5
-15
-21
-28
-33
-32
-30
-37
-40
-43
-53
-56
-56
-51
-56
-66
-73
-78
-87
-96
-96
-103
-103
-105
-110
-115
-121
-130
-135
-140
-142
-148
-142
-132
-130
-124
-125
-122
-125
-124
-119
-112
-108
-109
-103
-102
-99
-95
-90
-83
-71
-60
-47
-40
-32
-30
-27
-25
-23
-17
-7
4
14
27
25
26
31
41
52
59
65
68
73
74
76
78
79
77
74
75
75
73
68
73
77
74
74
72
64
62
56
54
49
39
39
33
32
32
29
19
9
4
-4
-8
-8
-8
-5
-11
-18
-22
-27
-28
-29
-33
-43
-46
-45
-49
-49
-54
-52
-48
-46
-41
-42
-42
-39
-39
-33
-34
-36
-34
-40
-37
-29
-24
-18
-16
-11
-7
-7
-6
-10
-6
-5
2
7
18
19
20
22
22
24
28
37
39
43
47
44
42
51
55
48
51
52
56
66
75
82
84
87
89
87
82
84
86
87
92
86
85
83
80
77
76
73
74
77
81
79
75
69
62
63
62
61
62
63
59
52
50
48
42
41
44
44
38
31
27
20
18
18
15
19
15
11
13
10
10
12
5
1
-2
-1
-1
-2
-2
-7
-6
-10
-16
-20
-28
-35
-40
-42
-40
-41
-45
-46
-42
-45
-46
-53
-56
-51
-50
-47
-44
-46
-41
-42
-40
-35
-37
-37
-30
-22
-22
-19
-19
-22
-17
-15
-14
-16
-13
-5
-1
0
3
6
13
20
26
23
24
23
29
25
22
23
24
28
31
33
35
36
35
35
27
29
32
33
32
26
35
33
27
22
22
24
14
20
18
20
17
20
17
14
13
0
-1
-7
-3
-1
-7
-12
-17
-22
-33
-37
-48
-50
-52
-54
-59
-67
-69
-70
-75
-91
-91
-91
-91
-87
-91
-92
-97
-105
-101
-104
-107
-99
-99
-95
-92
-95
-97
-96
-96
-94
-91
-88
-83
-76
-77
-77
-76
-77
-76
-72
-69
-64
-57
-53
-47
-44
-42
-39
-37
-34
-28
-16
-13
-12
-11
-11
-5
-5
6
4
6
14
23
35
39
47
55
52
53
56
56
59
70
74
82
79
80
81
84
93
92
89
91
86
86
81
73
75
67
59
54
55
52
53
40
33
30
20
14
7
-5
-12
-14
-21
-26
-34
-38
-46
-56
-51
-55
-56
-59
-64
-70
-74
-71
-82
-85
-86
-78
-77
-79
-78
-76
-72
-73
-74
-69
-66
-60
-51
-52
-46
-43
-40
-34
-33
-22
-16
-9
0
6
14
19
20
31
45
50
56
62
61
62
68
67
72
78
88
94
97
103
104
111
122
121
116
116
119
116
118
108
104
106
107
109
108
105
99
96
93
88
85
78
75
75
64
62
59
54
51
48
39
33
37
27
16
11
11
18
16
20
20
21
26
20
23
24
24
17
8
6
11
11
14
10
8
7
7
11
13
15
17
15
8
5
-3
-6
-4
-7
-7
-11
-13
-8
-12
-17
-18
-13
-9
-10
-14
-12
-14
-21
-20
-22
-19
-23
-17
-11
-9
-6
-10
-14
-15
-17
-20
-14
-10
-4
-3
-3
-3
-6
-1
-2
-4
0
1
6
14
17
15
10
10
4
3
4
5
2
1
2
4
1
0
6
1
2
9
11
7
8
4
-2
-2
-5
-9
-15
-19
-20
-27
-22
-25
-26
-27
-35
-33
-38
-41
-42
-45
-48
-50
-54
-59
-62
-58
-61
-62
-64
-63
-61
-59
-58
-65
-68
-66
-60
-59
-54
-56
-59
-58
-56
-57
-60
-60
-65
-68
-70
-64
-63
-61
-57
-57
-54
-52
-48
-50
-52
-52
-47
-46
-47
-51
-48
-53
-53
-46
-41
-35
-30
-26
-25
-22
-22
-22
-22
-22
-21
-27
-27
-27
-31
-27
-25
-21
-16
-11
-7
-3
-3
-2
2
5
6
-2
4
4
5
9
11
21
29
38
34
34
37
27
34
33
32
34
32
36
40
36
38
32
26
26
25
25
18
15
4
3
6
1
-3
-8
-4
-6
-5
-7
-5
-4
-12
-14
-19
-20
-29
-32
-38
-41
-35
-30
-28
-30
-27
-26
-32
-32
-27
-28
-27
-30
-28
-29
-28
-24
-23
-23
-20
-18
-16
-8
-2
9
12
18
22
20
26
27
33
40
49
54
63
71
71
77
80
91
96
98
102
103
110
115
110
113
112
112
104
111
110
106
111
101
105
100
97
96
89
81
82
78
72
69
66
59
51
44
37
28
20
18
11
12
9
5
1
-4
1
-1
-8
-4
-8
-13
-17
-26
-30
-37
-33
-40
-40
-30
-28
-24
-32
-29
-34
-37
-31
-32
-31
-36
-26
-27
-29
-22
-23
-24
-25
-21
-9
-7
-6
-10
-12
-3
-6
0
6
5
13
15
21
19
19
16
17
20
19
18
14
15
17
15
11
11
7
7
17
27
31
32
33
31
29
31
30
29
23
25
29
26
28
27
25
31
30
25
24
22
23
22
15
18
16
16
15
15
13
11
8
3
-3
-1
-6
-9
-12
-22
-23
-27
-31
-37
-38
-41
-45
-45
-49
-51
-52
-58
-67
-63
-69
-73
-76
-83
-87
-89
-90
-95
-90
-90
-97
-104
-100
-99
-97
-94
-92
-96
-97
-87
-90
-89
-90
-85
-84
-77
-70
-67
-61
-55
-46
-45
-39
-35
-30
-22
-20
-13
-13
-17
-22
-24
-26
-23
-22
-16
-8
-4
-11
-11
-5
-4
-7
-8
-5
-6
-5
-4
-1
-4
-4
4
5
1
2
5
10
9
5
10
5
9
17
21
31
30
36
32
33
26
22
22
18
24
17
18
20
15
18
17
15
16
8
6
5
8
2
-6
-5
-4
-5
-8
-2
6
7
7
2
-2
-10
-11
-14
-13
-14
-15
-17
-13
-12
-7
1
4
4
0
1
0
-2
-4
-8
-13
-21
-24
-19
-20
-19
-16
-16
-15
-21
-21
-24
-26
-27
-26
-25
-23
-26
-32
-29
-24
-16
-14
-6
-2
1
5
8
12
5
4
3
8
9
8
13
17
26
27
28
36
40
49
49
50
57
58
57
60
62
61
66
72
75
82
84
88
90
84
83
83
81
86
88
82
90
93
88
91
82
78
73
66
60
56
57
57
60
53
54
46
47
50
43
42
34
32
28
25
22
15
9
2
3
6
5
9
8
3
-2
-11
-9
-9
-11
-10
-8
-7
-8
-6
-4
-4
-10
-11
-11
-5
1
2
3
-1
-7
-7
-2
3
6
11
14
13
18
15
14
16
18
21
18
21
20
23
21
25
28
30
28
28
30
30
31
30
30
28
29
30
34
29
23
21
20
19
19
19
18
12
11
8
8
1
1
-1
-3
-2
-8
-2
-7
-13
-13
-7
-16
-16
-17
-24
-18
-19
-20
-22
-22
-22
-25
-22
-25
-29
-27
-31
-31
-28
-33
-39
-47
-51
-58
-58
-59
-67
-62
-61
-61
-57
-55
-59
-63
-72
-73
-68
-71
-70
-71
-72
-70
-70
-68
-67
-73
-67
-62
-61
-56
-61
-60
-55
-51
-42
-38
-30
-26
-29
-25
-22
-21
-17
-20
-23
-11
-5
-9
-6
-9
-7
-1
4
8
11
17
16
16
14
11
8
5
9
8
10
13
5
3
0
0
-1
-3
2
-1
0
-3
-12
-18
-21
-23
-29
-35
-41
-44
-44
-46
-44
-47
-52
-59
-61
-55
-54
-56
-55
-53
-51
-50
-50
-54
-47
-44
-46
-38
-40
-42
-34
-33
-30
-22
-31
-29
-26
-28
-27
-19
-6
-4
-1
-7
1
4
6
12
13
21
19
25
28
26
22
16
20
21
23
31
29
33
33
34
41
44
45
44
44
44
45
42
34
27
29
23
28
31
30
25
33
38
36
37
32
34
38
40
48
52
47
47
45
46
45
46
47
44
44
46
49
44
41
36
35
38
38
38
40
39
39
32
31
32
25
22
21
15
18
20
25
25
23
24
24
20
16
20
21
12
14
15
10
11
8
3
8
8
10
16
15
15
10
4
1
5
4
3
9
14
20
19
20
19
18
16
17
17
18
14
15
17
18
20
23
19
17
22
30
33
35
27
22
22
20
18
21
23
22
23
25
29
25
29
28
24
26
21
20
20
18
11
12
11
11
20
20
15
15
18
18
13
15
11
5
6
2
4
2
-1
-1
-3
0
5
-1
-2
-7
-11
-17
-20
-30
-32
-36
-43
-37
-37
-32
-33
-29
-30
-32
-30
-39
-45
-42
-42
-49
-51
-57
-57
-53
-49
-54
-58
-56
-56
-60
-56
-53
-56
-49
-49
-51
-47
-46
-41
-37
-42
-46
-49
-47
-51
-52
-53
-52
-52
-48
-43
-40
-34
-31
-36
-30
-31
-31
-31
-37
-40
-36
-34
-30
-27
-18
-9
-3
3
2
8
7
10
8
5
14
15
17
18
20
20
21
28
30
34
37
36
31
31
33
28
30
25
23
24
26
20
14
13
4
7
9
4
5
2
-1
-3
3
-3
-13
-12
-20
-19
-23
-35
-41
-46
-49
-47
-55
-52
-59
-59
-53
-63
-64
-71
-70
-70
-72
-75
-74
-65
-64
-68
-66
-61
-62
-57
-54
-51
-47
-44
-46
-49
-50
-48
-34
-24
-22
-21
-12
-11
-13
-4
-3
1
9
18
20
23
20
19
18
18
24
27
39
38
39
46
50
50
54
59
56
60
62
57
53
52
46
48
45
47
52
49
52
51
47
41
38
39
36
32
27
30
29
28
31
27
30
30
27
30
27
21
25
26
23
24
28
28
23
20
18
17
18
20
16
25
23
18
18
16
19
20
22
21
16
14
18
11
6
5
3
4
5
7
2
-4
-10
-16
-19
-16
-11
-11
-1
4
7
13
12
8
7
8
8
9
14
19
20
23
24
26
26
25
25
27
32
34
35
33
37
36
39
43
42
47
47
47
52
50
48
44
37
38
37
40
46
47
44
42
38
32
32
32
36
42
36
36
32
27
16
7
6
2
-4
-9
-5
-6
-10
-13
-16
-20
-25
-20
-12
-14
-15
-10
-9
-8
-6
-10
-14
-12
-4
-6
-8
-9
-7
-9
-6
0
-2
-3
-3
-2
3
3
-3
-4
-4
-12
-16
-10
-7
-4
-7
-6
-4
-3
-3
-5
-2
3
5
6
5
6
7
1
-1
-1
-5
-6
2
6
6
5
0
3
-5
2
8
2
7
9
5
6
-4
-7
-10
-14
-10
-5
-6
-8
-5
-7
-4
-16
-16
-7
-4
-3
-11
-14
-20
-20
-24
-24
-22
-18
-19
-21
-14
-8
-14
-19
-24
-26
-28
-31
-33
-27
-32
-34
-27
-30
-34
-34
-34
-37
-37
-35
-34
-39
-45
-56
-58
-57
-62
-59
-65
-68
-63
-61
-68
-71
-68
-71
-70
-62
-63
-68
-70
-70
-73
-75
-67
-64
-62
-60
-59
-61
-53
-48
-50
-46
-50
-48
-42
-36
-35
-32
-29
-33
-27
-23
-16
-11
-12
-6
-4
2
6
3
-1
5
13
21
27
24
29
28
30
32
25
26
25
27
27
28
31
34
31
30
28
30
35
35
37
34
32
33
32
33
29
26
37
31
31
31
38
36
30
25
19
17
17
23
21
20
18
20
16
14
16
16
19
21
22
21
15
18
20
17
18
15
18
24
24
16
16
14
11
10
6
6
8
5
6
8
12
12
9
4
3
5
8
7
7
9
6
9
6
8
9
11
16
12
10
10
14
16
19
18
18
13
20
25
27
33
30
33
37
43
41
38
42
41
42
42
42
46
40
38
38
41
47
51
55
55
60
56
59
51
50
51
45
50
52
51
50
51
41
45
40
45
46
47
47
44
46
38
34
32
27
32
36
37
38
32
32
26
24
21
17
18
14
11
12
12
4
12
12
4
6
1
2
-1
-7
-10
-8
-3
-11
-7
-2
-6
-4
-10
-8
-8
-11
-10
-13
-9
-11
-14
-17
-18
-21
-17
-22
-22
-20
-29
-25
-31
-37
-37
-31
-33
-31
-35
-32
-31
-30
-20
-25
-21
-25
-29
-34
-39
-37
-43
-46
-47
-41
-45
-46
-50
-45
-46
-44
-40
-51
-46
-46
-47
-45
-51
-47
-46
-52
-56
-61
-58
-55
-56
-54
-54
-58
-57
-57
-60
-64
-63
-63
-66
-65
-64
-60
-62
-56
-56
-57
-53
-51
-60
-71
-71
-69
-68
-72
-64
-60
-65
-64
-61
-57
-55
-53
-54
-52
-53
-56
-63
-64
-62
-57
-49
-47
-50
-49
-42
-34
-30
-32
-32
-31
-26
-17
-13
-16
-14
-8
-6
-4
3
6
13
15
8
8
8
4
8
12
14
19
21
25
27
25
26
25
19
23
24
26
28
24
20
21
25
26
30
27
33
32
25
21
15
10
10
11
8
10
10
11
2
4
7
0
1
1
-1
-4
-4
0
-4
-2
8
13
22
20
16
18
16
17
8
5
13
13
16
21
24
28
29
22
22
23
18
12
8
16
18
20
21
36
37
37
40
42
52
49
44
42
39
33
40
34
39
41
42
47
53
59
63
71
66
65
55
59
55
54
57
58
54
52
55
61
63
58
60
61
67
61
67
67
64
61
61
61
62
62
64
68
65
62
61
56
51
53
48
47
44
45
45
49
46
46
49
46
46
49
43
41
37
33
32
30
30
26
23
24
24
26
23
21
16
12
12
12
15
13
12
19
15
9
6
-3
2
-3
-8
-6
-12
-14
-22
-21
-28
-33
-29
-31
-23
-23
-22
-24
-28
-24
-30
-29
-31
-39
-37
-43
-46
-44
-40
-32
-33
-36
-29
-27
-22
-22
-20
-22
-22
-25
-26
-20
-20
-14
-7
-5
-7
-1
0
0
2
-4
-4
-7
-8
-10
-13
-9
-10
-3
-8
-12
-15
-16
-19
-20
-21
-31
-28
-29
-23
-21
-18
-17
-18
-23
-20
-18
-20
-24
-27
-26
-37
-44
-41
-38
-42
-38
-39
-41
-42
-38
-37
-38
-35
-39
-44
-45
-41
-41
-43
-50
-48
-47
-41
-46
-52
-48
-58
-52
-51
-57
-58
-64
-61
-67
-70
-69
-62
-62
-59
-54
-51
-41
-44
-44
-43
-47
-48
-48
-49
-47
-41
-42
-38
-33
-28
-20
-18
-16
-18
-18
-15
-15
-17
-16
-17
-11
-4
-3
0
0
4
3
3
-4
-5
0
-4
-11
-5
-3
0
6
7
10
14
20
22
23
28
25
21
20
16
20
20
22
25
24
32
42
42
40
40
37
27
15
14
11
7
5
-3
6
4
-1
-3
0
-3
-9
-5
-11
-16
-15
-9
-10
-13
-7
-2
-2
2
0
2
7
4
4
0
-1
-7
-7
4
1
3
3
0
1
-2
1
1
2
6
10
11
5
6
6
12
6
9
18
19
22
21
27
23
26
28
33
31
28
31
33
36
38
35
47
54
52
49
44
52
45
40
43
40
45
44
48
53
58
60
59
65
59
56
57
57
59
48
44
43
36
37
36
37
42
43
50
53
51
51
49
46
43
41
40
37
37
43
40
36
39
36
31
32
24
27
22
21
19
11
9
1
4
1
2
3
4
6
7
-5
-11
-16
-20
-19
-24
-27
-28
-28
-33
-36
-34
-33
-29
-26
-30
-30
-31
-26
-29
-30
-34
-40
-40
-46
-41
-36
-40
-44
-35
-31
-29
-25
-24
-20
-16
-12
-9
-7
-5
-2
-4
-9
-6
4
4
5
10
13
17
21
22
27
32
33
27
28
28
17
9
9
10
13
18
15
20
18
16
15
11
8
1
-7
-12
-19
-20
-20
-21
-28
-31
-29
-33
-37
-31
-34
-36
-33
-40
-48
-54
-52
-50
-52
-52
-50
-48
-47
-50
-44
-50
-47
-41
-44
-53
-58
-60
-59
-54
-55
-49
-54
-51
-49
-43
-42
-41
-35
-31
-28
-27
-26
-27
-28
-35
-34
-35
-34
-39
-38
-33
-40
-38
-43
-38
-39
-41
-47
-41
-36
-40
-36
-36
-32
-23
-30
-35
-34
-30
-24
-27
-23
-26
-25
-24
-26
-20
-17
-15
-13
-8
-5
-9
-5
-1
2
6
5
8
7
14
22
28
28
28
29
26
22
19
22
21
23
33
31
37
40
41
41
38
38
36
32
23
18
18
21
11
9
10
3
2
1
8
9
7
11
2
3
6
0
-2
-8
-7
-3
-6
-1
-9
-9
-14
-21
-15
-22
-19
-13
-15
-11
-5
-4
-4
-5
-1
2
1
-3
-2
1
0
1
0
-5
-5
5
5
6
15
20
23
24
24
22
24
20
21
19
18
22
22
33
39
38
35
37
38
34
33
36
36
30
40
40
41
42
44
41
46
52
51
47
42
46
42
40
36
39
40
39
41
44
47
46
48
42
39
33
33
34
30
31
39
34
42
41
33
45
38
35
31
36
36
36
30
22
28
26
27
29
29
29
23
19
17
19
16
10
10
6
6
6
3
7
4
8
11
12
14
10
13
11
19
17
14
8
-2
5
2
7
11
12
14
9
16
19
15
22
23
28
39
37
34
33
29
30
31
28
27
29
29
35
29
31
34
31
33
39
42
40
49
46
44
36
26
23
15
13
11
6
3
5
4
5
-6
-13
-12
-19
-19
-29
-31
-31
-41
-45
-54
-59
-64
-69
-70
-67
-64
-64
-68
-74
-75
-76
-79
-77
-74
-73
-84
-80
-72
-74
-77
-76
-73
-69
-64
-62
-59
-61
-69
-66
-69
-63
-63
-57
-55
-56
-48
-46
-37
-36
-35
-27
-26
-24
-23
-22
-20
-14
-16
-16
-16
-16
-9
-14
-11
-8
-2
-4
-6
-6
-7
-12
-12
-11
-20
-15
-21
-23
-20
-23
-21
-21
-18
-10
-8
-12
-14
-13
-11
-10
-6
-2
-1
-6
-8
-5
-10
-17
-21
-24
-22
-19
-22
-21
-28
-29
-30
-30
-23
-22
-18
-22
-25
-20
-22
-26
-30
-27
-26
-27
-23
-19
-9
-10
-5
-4
-7
-4
-8
-11
-19
-17
-21
-14
-7
-12
-9
-14
-15
-13
-15
-13
-15
-17
-23
-30
-24
-26
-31
-29
-29
-24
-16
-17
-19
-17
-21
-25
-28
-26
-27
-28
-29
-23
-21
-17
-18
-15
-14
-10
-1
1
13
19
23
27
27
26
30
27
30
32
31
38
38
40
35
42
50
55
68
68
74
78
73
74
71
68
72
69
65
69
70
67
76
74
71
74
71
74
76
70
71
60
56
52
51
49
47
49
46
58
54
54
50
43
41
34
37
35
33
36
29
29
26
33
31
33
37
37
46
41
36
28
24
21
19
19
20
17
20
27
21
21
21
21
14
16
18
16
18
13
13
9
6
7
12
16
17
16
12
19
22
18
13
10
8
8
9
8
7
12
13
4
2
7
7
13
15
16
17
15
18
17
14
17
18
17
13
10
10
13
18
19
24
21
23
28
26
24
25
22
11
7
7
5
10
8
5
5
1
-1
-4
-5
-10
-14
-17
-20
-23
-23
-28
-34
-39
-45
-44
-52
-55
-56
-62
-60
-65
-67
-68
-66
-71
-69
-64
-69
-73
-74
-78
-83
-81
-79
-78
-77
-80
-80
-74
-69
-67
-70
-66
-61
-63
-59
-53
-47
-43
-41
-37
-35
-35
-38
-36
-36
-36
-28
-26
-26
-25
-23
-24
-15
-17
-18
-14
-11
-8
-5
-1
-1
-2
0
4
4
5
-3
-3
-7
-12
-12
-18
-22
-18
-19
-21
-17
-21
-21
-25
-24
-31
-33
-31
-40
-44
-51
-48
-50
-49
-45
-38
-41
-44
-35
-34
-29
-23
-23
-22
-23
-16
-19
-17
-12
-10
-8
-5
-1
-4
0
-5
0
8
5
8
11
17
20
18
22
17
18
21
24
33
35
38
37
32
34
37
37
42
44
48
47
42
44
44
44
39
44
43
47
54
52
51
41
39
37
31
24
23
26
25
23
20
26
32
25
24
23
18
18
17
11
6
8
3
0
-3
-4
-9
-11
-8
-8
-8
-8
-8
-11
-8
-7
-5
-10
-10
-8
-10
-11
-16
-11
-19
-13
-15
-22
-15
-18
-15
-12
-9
-1
1
4
9
13
15
13
9
9
19
17
19
24
25
26
28
35
30
28
40
37
34
28
21
19
22
28
27
26
28
31
30
28
31
37
37
36
37
28
29
31
28
33
33
34
33
36
33
32
32
31
29
28
30
30
26
23
29
29
29
30
31
38
38
36
37
33
33
28
27
26
30
30
35
44
50
49
54
50
44
46
46
44
46
44
43
45
44
48
42
41
36
32
34
31
33
29
30
26
18
13
0
3
4
3
11
2
-1
0
-13
-14
-19
-20
-20
-21
-19
-20
-19
-26
-27
-29
-32
-33
-38
-37
-40
-46
-50
-59
-63
-67
-73
-63
-61
-69
-62
-66
-67
-60
-61
-57
-55
-60
-54
-53
-53
-50
-42
-44
-46
-42
-46
-45
-39
-30
-32
-28
-28
-31
-25
-22
-24
-22
-14
-10
-3
-5
-3
-9
-10
-7
-11
-6
-8
-1
-3
1
4
4
1
3
4
1
3
-6
-10
-16
-21
-15
-17
-4
0
3
12
4
10
4
-1
-3
-6
-11
-21
-27
-33
-36
-33
-32
-30
-23
-20
-22
-24
-22
-25
-33
-38
-44
-45
-43
-50
-44
-37
-31
-29
-29
-27
-32
-35
-39
-39
-46
-44
-39
-39
-36
-41
-40
-41
-39
-29
-23
-23
-19
-19
-22
-29
-26
-28
-31
-28
-29
-22
-24
-19
-19
-23
-16
-14
-15
-17
-18
-15
-12
-15
-9
-11
-10
-8
-3
-3
-1
1
-2
-2
-10
0
-4
-8
-2
2
-1
2
-2
-1
3
3
0
-2
-1
-5
-8
-8
-7
-9
-9
-12
-9
-2
-1
4
10
12
11
9
9
8
6
8
5
15
11
17
24
26
37
39
42
48
51
53
59
55
56
55
50
48
48
51
59
55
52
59
55
52
52
50
45
43
42
42
42
47
44
42
42
36
39
35
32
30
28
30
29
36
36
40
36
44
49
51
56
52
47
42
36
33
32
34
34
33
41
48
49
54
56
45
43
44
39
32
22
21
15
12
15
21
25
25
24
23
22
20
15
18
16
11
11
5
2
-1
1
7
9
15
6
2
2
-1
1
-3
4
4
8
6
8
18
18
15
10
6
9
7
5
4
6
5
7
10
11
13
9
10
6
5
4
1
-7
-3
2
3
4
1
-1
-3
-8
-6
2
1
11
10
9
8
5
0
-2
-5
-7
-6
-4
-9
-17
-14
-22
-23
-18
-20
-15
-14
-15
-13
-16
-15
-14
-16
-18
-22
-26
-30
-34
-35
-40
-40
-42
-42
-44
-43
-35
-37
-33
-31
-27
-33
-33
-28
-32
-29
-31
-33
-31
-37
-39
-38
-42
-43
-38
-38
-35
-34
-37
-40
-44
-51
-53
-52
-53
-56
-57
-56
-55
-63
-64
-68
-75
-75
-78
-78
-86
-84
-82
-85
-76
-77
-72
-64
-61
-62
-63
-70
-71
-69
-68
-66
-68
-69
-66
-59
-58
-56
-59
-55
-54
-53
-53
-47
-44
-47
-38
-38
-28
-18
-22
-12
-14
-2
1
3
5
3
5
3
5
0
7
10
20
28
31
36
34
32
32
29
39
38
31
32
29
26
24
26
26
26
34
36
37
40
42
39
35
36
34
29
31
38
36
39
43
42
42
37
32
35
38
40
39
37
36
36
34
30
36
35
35
34
32
30
25
25
23
24
21
19
18
18
29
28
30
35
31
29
21
23
19
14
16
11
10
5
7
6
6
3
11
18
11
11
2
2
3
3
5
5
1
-2
-5
-9
-5
-6
-4
-1
-4
-4
-10
-4
6
6
8
7
10
11
15
22
21
30
35
33
37
34
39
45
46
48
48
49
45
46
51
52
46
53
57
55
55
51
48
54
50
45
47
46
52
48
51
49
45
41
39
39
39
41
41
41
42
32
26
28
23
24
21
18
19
18
15
20
23
17
19
19
20
19
15
14
12
11
4
4
3
6
6
-1
-2
-7
-13
-11
-12
-11
-10
-10
-8
-5
-9
-10
-11
-15
-11
-12
-15
-15
-17
-21
-21
-26
-24
-19
-18
-20
-21
-22
-28
-27
-19
-15
-19
-17
-15
-14
-8
-10
-8
-11
-13
-13
-13
-15
-13
-13
-14
-14
-18
-16
-23
-28
-29
-24
-27
-25
-22
-26
-22
-21
-22
-24
-23
-27
-28
-31
-41
-44
-55
-58
-60
-58
-56
-53
-50
-45
-38
-42
-40
-40
-45
-45
-48
-46
-50
-55
-50
-53
-49
-51
-55
-48
-53
-52
-49
-48
-42
-41
-41
-39
-37
-28
-33
-35
-30
-33
-30
-29
-28
-24
-19
-17
-19
-20
-23
-25
-17
-13
-11
-13
-6
-5
-5
3
0
-3
-4
2
-3
-2
5
4
7
8
7
6
12
15
15
18
22
26
23
26
24
23
18
17
14
9
9
13
16
17
18
18
15
10
0
-11
-17
-16
-21
-23
-30
-34
-31
-35
-35
-36
-35
-39
-38
-41
-47
-41
-47
-47
-43
-46
-42
-36
-29
-26
-32
-30
-25
-16
-10
-8
0
1
7
8
4
6
13
18
19
27
31
36
36
37
42
37
38
39
37
36
33
35
38
36
42
43
41
41
40
38
38
37
34
34
36
34
39
37
38
38
36
42
35
36
30
33
41
37
38
33
30
23
26
20
16
19
24
18
24
21
19
18
12
17
17
20
25
25
26
30
27
22
19
16
19
19
21
23
29
34
44
50
51
50
45
40
41
41
40
34
27
30
31
32
25
26
26
26
31
30
33
33
33
29
22
14
11
12
7
5
2
-1
-5
-12
-7
-8
-8
-4
-4
-8
-11
-11
-15
-17
-13
-18
-16
-18
-17
-10
-7
-8
-11
-11
-11
-8
-14
-14
-16
-15
-14
-11
-6
-9
-8
-10
-14
-10
-9
-7
-6
-12
-6
-8
-8
-8
-13
-8
-12
-13
-8
-10
-7
-10
-14
-15
-17
-11
-8
-3
-7
-2
-1
-9
-2
-7
-9
-9
-9
-8
-7
-8
-6
1
-1
-4
-3
1
-4
-3
-2
1
-1
-1
-6
-6
-1
-3
1
1
-1
-1
-3
-5
-2
-1
0
-7
-11
-9
-20
-20
-25
-25
-26
-25
-27
-35
-31
-37
-31
-36
-38
-37
-37
-32
-29
-27
-31
-29
-35
-40
-45
-45
-47
-48
-48
-47
-44
-45
-45
-47
-48
-46
-44
-40
-35
-36
-30
-31
-30
-32
-38
-32
-32
-25
-25
-17
-14
-20
-19
-24
-22
-11
-4
-1
5
7
12
9
16
19
18
20
18
26
27
30
27
24
26
30
27
27
31
29
26
23
23
16
7
0
0
-4
-5
-4
-9
-10
-14
-18
-26
-28
-29
-34
-34
-37
-36
-35
-40
-41
-43
-42
-37
-37
-31
-21
-24
-27
-32
-35
-30
-31
-27
-23
-23
-19
-24
-22
-21
-17
-11
-9
-1
0
7
10
8
10
8
10
9
15
19
20
27
35
36
40
39
38
41
40
42
46
48
41
42
36
29
33
30
28
25
24
28
29
26
25
18
19
16
18
16
15
18
13
9
8
13
13
14
16
20
22
16
14
11
11
9
12
19
25
26
24
28
26
26
20
13
15
11
22
24
24
25
28
24
27
27
27
31
28
28
26
26
25
28
24
27
23
21
23
23
25
22
25
28
26
30
26
24
28
26
27
29
32
37
43
41
41
39
38
39
35
30
29
26
28
26
27
23
27
27
23
27
21
22
22
24
22
17
18
13
11
12
13
15
17
12
15
13
12
10
2
2
3
9
14
16
18
16
20
17
19
19
15
12
8
5
-3
-4
-1
2
1
4
5
6
7
4
6
6
5
5
1
-2
4
-1
1
-3
0
7
9
11
3
0
-4
-5
-2
-5
-5
-3
-4
-5
-7
-5
-8
-13
-12
-15
-16
-23
-28
-32
-37
-30
-27
-24
-21
-23
-19
-21
-19
-20
-27
-29
-38
-43
-46
-42
-47
-48
-46
-46
-42
-43
-40
-42
-37
-36
-40
-39
-45
-45
-44
-48
-44
-35
-35
-33
-31
-27
-30
-26
-32
-36
-44
-46
-46
-41
-40
-45
-37
-39
-39
-40
-37
-38
-38
-40
-40
-39
-42
-39
-39
-39
-38
-36
-35
-32
-27
-28
-31
-28
-31
-30
-34
-41
-37
-34
-32
-29
-24
-18
-13
-17
-18
-16
-13
-15
-14
-19
-17
-14
-9
-5
-5
-3
-7
-5
-6
-3
-3
-4
-5
-8
-10
-8
-11
-14
-17
-15
-9
-6
-6
-5
-6
-2
-4
-5
1
-6
-4
1
-3
-2
-4
0
-1
-4
-3
-2
9
1
3
12
10
12
12
7
6
4
10
20
20
21
18
23
27
21
27
27
27
30
31
32
34
37
41
37
44
48
49
52
52
46
42
40
40
44
48
50
49
52
54
54
55
53
47
46
44
46
46
46
45
38
34
30
30
30
30
27
28
23
16
13
3
7
4
3
11
15
16
9
8
7
9
15
19
25
26
25
24
27
22
21
25
22
23
26
31
28
33
41
38
37
41
45
46
45
53
51
49
49
47
45
39
46
45
43
40
37
42
41
38
35
31
31
31
33
31
31
28
21
16
11
10
13
6
1
10
11
10
6
1
-3
-7
-4
-9
-8
-4
-7
-7
-17
-18
-21
-27
-25
-26
-22
-22
-26
-26
-27
-32
-32
-33
-33
-34
-34
-32
-33
-33
-36
-34
-36
-35
-37
-40
-38
-40
-41
-46
-44
-40
-42
-43
-41
-37
-31
-32
-33
-30
-33
-33
-33
-32
-30
-27
-36
-34
-31
-34
-34
-34
-31
-32
-29
-30
-30
-29
-29
-31
-32
-29
-35
-37
-34
-32
-27
-27
-36
-36
-38
-39
-37
-39
-42
-48
-50
-50
-51
-53
-54
-53
-50
-48
-42
-38
-35
-31
-35
-34
-40
-44
-40
-38
-36
-32
-28
-23
-20
-24
-19
-22
-25
-22
-22
-22
-25
-24
-27
-21
-26
-33
-22
-17
-15
-9
-4
-5
-9
-9
-6
-1
2
11
13
19
20
16
13
7
7
15
21
21
18
17
16
9
9
-1
-4
-5
-7
-10
-11
-8
-12
-12
-11
-17
-14
-11
-9
-8
-5
-10
-15
-17
-23
-22
-22
-23
-20
-14
-7
-4
-2
0
-1
0
4
2
-4
0
5
8
11
15
14
21
29
32
39
43
43
42
44
45
48
46
44
48
47
54
55
52
56
58
61
60
63
69
64
63
59
56
57
55
54
56
52
50
48
53
52
47
44
46
50
47
44
38
35
31
33
28
20
19
17
16
15
11
18
20
17
15
12
13
8
9
5
2
3
6
11
14
17
20
14
15
10
-3
5
4
-2
1
3
-1
-1
2
5
5
-1
7
4
0
3
4
9
8
9
6
7
13
7
4
8
8
12
19
19
18
12
9
6
8
5
2
7
11
11
16
16
12
17
14
17
17
16
19
22
18
15
19
20
19
21
22
28
34
33
34
30
28
30
24
18
23
26
22
22
15
13
-1
-8
-9
-17
-8
-14
-19
-21
-20
-19
-26
-27
-34
-37
-33
-32
-33
-38
-39
-43
-45
-43
-42
-42
-43
-41
-44
-46
-45
-45
-46
-47
-47
-45
-43
-42
-41
-40
-38
-36
-34
-35
-28
-26
-25
-23
-22
-20
-16
-13
-11
-8
-10
-9
-13
-14
-15
-14
-18
-17
-18
-18
-14
-10
0
-1
-1
2
-3
-2
-11
-14
-7
-2
2
-1
-1
-7
-9
-3
-1
1
2
1
-5
-8
-8
-11
-10
-14
-15
-21
-20
-11
-13
-1
-9
-5
3
-10
-9
-9
-19
-20
-14
-13
-14
-16
-13
-11
-10
-9
-11
-13
-14
-14
-15
-17
-21
-27
-30
-24
-19
-20
-20
-17
-18
-13
-16
-19
-17
-25
-21
-19
-14
-15
-14
-10
-8
-6
-4
-1
3
6
2
0
0
10
9
6
8
6
10
8
8
12
11
14
17
16
14
14
15
15
19
19
17
22
23
15
7
-2
-8
-5
-6
-8
-3
-10
-14
-14
-14
-10
-12
-17
-16
-12
-13
-13
-15
-19
-27
-26
-25
-25
-30
-24
-20
-21
-17
-19
-13
-14
-18
-15
-7
-11
-4
0
2
4
6
10
9
10
0
9
9
9
15
11
11
14
13
17
18
24
29
30
26
26
30
25
26
24
21
21
17
17
17
18
20
20
20
22
20
17
17
18
16
12
7
6
11
10
7
10
12
19
28
28
32
36
36
36
34
29
28
21
20
25
22
20
14
20
22
17
21
20
19
17
20
24
20
16
24
21
16
16
14
12
13
14
17
16
18
19
14
10
2
0
-3
-5
-3
0
1
5
6
4
4
4
0
2
-1
-2
-2
-5
5
0
-3
0
2
3
1
-1
-1
-3
-10
-9
-13
-16
-16
-14
-12
-10
-10
-10
-11
-9
-10
-15
-19
-32
-38
-35
-43
-40
-35
-33
-29
-21
-19
-19
-23
-24
-23
-29
-31
-36
-35
-41
-36
-29
-33
-28
-22
-22
-20
-24
-23
-18
-21
-17
-11
-10
-6
-2
-2
0
0
6
13
17
21
28
30
34
30
27
27
29
35
36
40
40
44
41
36
27
23
25
26
30
21
30
28
29
29
21
19
14
15
13
13
10
10
7
7
2
-1
-3
-6
-11
-18
-10
-9
-13
-18
-22
-21
-22
-21
-16
-14
-14
-14
-21
-22
-23
-29
-34
-43
-46
-50
-51
-48
-52
-49
-50
-43
-45
-42
-46
-51
-52
-59
-55
-62
-69
-66
-60
-53
-55
-59
-53
-53
-49
-44
-42
-42
-40
-40
-42
-41
-36
-30
-29
-25
-22
-16
-8
-3
5
2
7
3
2
0
-11
-10
-14
-16
-14
-13
-10
-8
-9
-8
-9
-14
-9
-11
-12
-9
-10
-8
-5
-3
-1
-3
2
0
3
2
0
5
1
2
2
6
2
8
7
6
6
5
12
13
17
23
25
20
18
13
6
8
9
11
14
12
14
17
13
12
13
10
9
9
16
13
9
8
5
11
9
8
17
20
28
37
34
33
34
37
33
32
41
44
41
45
46
48
50
47
42
44
48
50
54
52
51
53
42
39
36
36
35
40
49
44
41
42
38
42
45
42
39
36
37
32
28
22
18
24
24
30
32
39
40
37
33
31
29
18
14
12
13
11
5
-6
-3
0
-6
-3
0
6
1
2
3
4
3
4
1
-1
7
0
8
11
4
7
7
8
9
15
14
19
17
17
18
11
19
18
21
26
34
37
44
44
44
41
37
43
37
34
33
31
33
31
29
30
25
29
32
33
31
26
20
22
19
20
18
11
14
14
16
10
5
6
1
2
0
-1
0
-5
-5
-3
-6
-8
-9
-15
-19
-14
-15
-13
-13
-15
-10
-15
-19
-19
-27
-29
-21
-17
-17
-23
-19
-18
-21
-25
-33
-35
-33
-33
-37
-38
-37
-39
-41
-47
-50
-50
-48
-45
-43
-43
-46
-48
-50
-55
-53
-49
-54
-54
-53
-45
-44
-45
-41
-45
-44
-45
-43
-42
-44
-43
-39
-44
-48
-48
-49
-41
-38
-35
-40
-45
-49
-54
-50
-50
-54
-49
-44
-46
-51
-50
-51
-53
-54
-52
-54
-55
-55
-56
-59
-58
-54
-52
-49
-44
-41
-40
-41
-39
-37
-33
-32
-26
-20
-18
-18
-16
-14
-18
-13
-11
-9
-8
-2
-4
-4
1
-5
-1
1
0
8
7
4
4
10
16
14
13
16
17
10
11
13
11
14
14
17
14
15
16
15
18
12
14
16
14
15
13
10
9
9
14
13
11
5
2
7
7
0
3
-2
-1
-3
1
8
1
5
1
4
11
13
13
11
12
15
16
11
13
15
19
21
17
18
22
22
18
18
21
22
22
25
28
30
31
34
32
34
30
37
41
34
40
44
47
46
46
44
45
41
50
50
50
54
50
49
45
46
47
52
51
47
47
51
52
53
49
48
50
48
47
44
44
38
33
36
32
38
45
43
48
53
50
49
49
43
47
42
36
40
39
45
44
42
42
36
37
36
33
36
34
37
38
36
31
27
27
21
23
24
27
23
25
13
7
9
9
8
9
12
11
14
11
15
15
14
9
7
5
0
5
4
9
14
18
23
18
15
16
16
15
12
9
7
11
12
7
12
10
10
14
18
15
9
7
3
6
6
0
-5
-8
-14
-12
-10
-15
-15
-16
-24
-23
-23
-28
-27
-37
-45
-54
-60
-62
-65
-64
-64
-60
-61
-59
-58
-61
-63
-63
-62
-61
-67
-69
-67
-75
-74
-75
-73
-75
-68
-60
-57
-54
-52
-56
-71
-73
-78
-73
-70
-70
-63
-66
-64
-60
-59
-53
-51
-49
-54
-56
-52
-57
-65
-66
-63
-57
-53
-47
-42
-39
-43
-48
-41
-43
-41
-36
-34
-32
-30
-29
-33
-33
-29
-27
-20
-18
-19
-16
-17
-16
-16
-12
-16
-16
-13
-12
-12
-16
-13
-8
-3
-1
0
-5
-11
-11
-12
-20
-18
-14
-15
-14
-15
-13
-14
-13
-7
-3
-4
-6
-5
-12
-17
-19
-20
-13
-12
-6
-3
3
4
5
9
5
4
5
7
6
9
11
13
12
16
24
29
31
42
48
54
48
44
43
32
32
33
37
32
40
38
46
43
37
36
30
26
25
27
24
21
18
13
15
11
12
13
10
16
11
9
11
11
9
7
9
8
5
13
13
9
13
18
21
19
19
22
26
29
21
21
25
25
36
35
43
49
49
53
55
56
61
57
50
46
45
47
46
47
52
57
62
60
58
57
59
50
47
48
44
46
41
40
38
41
45
51
50
50
53
48
48
40
28
22
22
24
32
38
38
42
42
38
38
37
41
41
41
37
23
20
16
5
-3
1
19
22
22
20
17
13
10
4
5
7
11
8
5
7
0
2
0
4
6
13
15
11
13
13
10
3
4
0
-3
6
5
6
7
2
-1
-8
-14
-16
-20
-26
-23
-22
-22
-19
-20
-19
-21
-20
-24
-22
-27
-33
-31
-34
-28
-31
-36
-36
-37
-28
-23
-25
-23
-17
-17
-25
-21
-20
-17
-16
-16
-13
-16
-17
-20
-21
-19
-26
-26
-25
-19
-21
-19
-20
-18
-18
-31
-30
-32
-29
-28
-34
-41
-42
-50
-54
-53
-57
-53
-57
-56
-53
-48
-45
-44
-44
-46
-43
-41
-37
-38
-36
-35
-33
-28
-29
-21
-14
-10
-12
-12
-8
-9
-10
-12
-17
-17
-19
-14
-7
0
1
-2
3
-1
-5
-1
-2
-6
-10
-12
-16
-20
-29
-26
-22
-23
-26
-32
-28
-29
-28
-32
-35
-33
-31
-30
-26
-22
-27
-28
-37
-36
-32
-37
-35
-35
-39
-35
-37
-36
-35
-30
-27
-21
-17
-22
-17
-23
-27
-11
-11
-15
-15
-17
-10
-6
0
-1
5
15
8
9
10
6
2
6
0
-1
-1
-5
-1
-3
1
1
4
7
9
8
5
2
4
0
-4
-3
-8
-3
1
4
6
7
9
9
12
11
8
4
5
0
-4
-2
-2
1
3
2
7
8
9
14
20
20
25
19
18
23
22
27
31
33
37
44
54
60
63
65
68
65
62
66
68
69
66
70
75
72
77
77
76
73
75
81
78
75
69
64
63
59
60
57
60
58
56
57
50
46
43
40
31
29
26
22
18
20
21
18
18
12
9
5
0
-1
-7
-18
-25
-25
-30
-29
-28
-24
-21
-24
-20
-17
-15
-17
-23
-22
-19
-19
-20
-16
-8
-5
-5
0
5
8
11
10
15
16
13
13
11
11
15
13
17
17
15
20
16
20
13
17
14
17
25
21
21
11
13
11
9
9
6
2
0
-3
-7
-6
-5
-9
-9
-13
-6
2
1
1
1
0
-6
-13
-21
-23
-30
-36
-32
-32
-29
-22
-16
-13
-8
-12
-14
-21
-21
-15
-12
-17
-21
-15
-7
-5
-2
-1
-6
-1
-5
-7
-9
-13
-16
-18
-20
-20
-18
-12
-14
-21
-19
-19
-15
-13
-15
-14
-19
-17
-22
-24
-20
-22
-20
-24
-21
-19
-19
-17
-16
-16
-22
-20
-19
-19
-17
-19
-19
-11
-13
-17
-23
-29
-30
-28
-30
-25
-24
-30
-29
-28
-29
-25
-31
-35
-30
-32
-33
-34
-32
-27
-31
-29
-29
-26
-23
-30
-26
-31
-29
-28
-25
-20
-19
-14
-11
-13
-15
-19
-23
-23
-15
-7
-12
-13
-13
-12
-14
-15
-18
-21
-21
-21
-18
-30
-28
-20
-21
-22
-23
-26
-29
-30
-30
-30
-26
-25
-30
-36
-36
-31
-27
-25
-18
-11
-10
-11
-9
-13
-16
-12
-14
-14
-9
-10
-6
-2
2
7
4
7
11
15
14
24
27
13
9
4
2
5
8
16
23
28
28
24
25
24
24
22
21
24
24
25
21
22
23
11
16
21
20
21
23
26
16
16
20
15
13
18
17
15
19
22
18
24
27
22
23
22
20
21
29
29
28
33
38
38
38
40
44
47
50
56
52
51
47
36
36
32
33
32
30
27
29
28
25
27
26
25
28
28
33
36
36
37
39
37
29
26
22
16
12
6
8
8
8
12
13
10
5
6
9
10
5
5
2
6
3
1
5
9
11
10
14
12
14
13
19
11
14
22
22
26
20
25
16
17
16
15
16
18
18
13
10
2
7
12
19
14
9
12
16
24
23
25
30
28
29
33
33
31
33
29
28
28
24
23
19
16
14
11
13
8
3
-2
-5
-9
-15
-12
-9
-1
-7
-10
-5
-9
-15
-15
-16
-17
-17
-20
-11
-11
-14
-15
-12
-10
-14
-12
-15
-17
-16
-19
-17
-18
-16
-22
-26
-21
-19
-21
-22
-18
-15
-14
-12
-11
-10
-7
-11
-10
-9
-10
-9
-15
-14
-14
-13
-17
-19
-13
-17
-12
-18
-25
-27
-27
-20
-18
-19
-21
-26
-32
-28
-30
-30
-26
-29
-26
-29
-32
-36
-39
-40
-39
-36
-37
-39
-33
-38
-45
-45
-49
-51
-56
-51
-47
-48
-41
-41
-43
-38
-44
-39
-38
-33
-31
-29
-22
-22
-19
-28
-29
-23
-17
-17
-17
-17
-18
-22
-21
-22
-27
-29
-29
-30
-28
-23
-35
-34
-31
-35
-30
-31
-33
-30
-31
-29
-31
-26
-20
-27
-23
-28
-25
-21
-20
-19
-19
-17
-13
-12
-14
-12
-15
-13
-14
-13
-15
-13
-9
-13
-11
-7
-9
-5
-4
-9
-11
-14
-9
-12
-13
-6
-8
-9
-12
-7
-9
-13
-17
-19
-16
-16
-13
-16
-17
-18
-17
-12
-12
-3
2
9
13
12
16
18
21
22
20
25
31
35
38
33
38
32
29
26
26
26
22
26
23
22
24
27
35
39
38
43
53
57
64
72
68
68
70
72
70
74
71
59
56
50
57
59
58
62
59
62
54
59
51
45
35
25
27
21
22
12
18
21
27
23
25
32
27
30
22
21
19
21
22
23
28
27
26
27
27
31
26
28
29
28
24
22
25
28
26
33
38
42
47
50
51
52
57
57
56
50
45
45
43
44
43
45
42
40
41
35
39
36
30
24
16
15
13
13
15
15
11
6
1
-4
-6
-10
-16
-17
-13
-17
-22
-28
-30
-33
-32
-28
-27
-27
-29
-21
-29
-29
-32
-43
-42
-32
-35
-32
-32
-42
-43
-40
-34
-36
-24
-26
-23
-21
-17
-13
-17
-12
-11
-14
-8
-7
-9
-3
-2
0
-4
-2
4
0
-4
-10
-5
-6
-12
-12
-9
-8
-5
-3
-6
-6
3
0
1
0
-1
1
-8
-11
-15
-14
-13
-13
-10
-7
-9
-14
-19
-19
-11
-13
-14
-20
-24
-24
-32
-41
-42
-42
-44
-41
-37
-35
-37
-37
-35
-29
-30
-32
-34
-41
-48
-43
-48
-44
-44
-48
-43
-39
-32
-39
-39
-38
-37
-35
-38
-39
-44
-48
-47
-48
-48
-47
-44
-41
-36
-37
-31
-29
-28
-26
-25
-30
-35
-40
-42
-40
-33
-18
-16
-20
-14
-10
-7
-10
-10
-18
-19
-16
-23
-25
-28
-28
-31
-24
-18
-19
-16
-9
-10
-10
-10
-9
-9
-13
-17
-17
-14
-13
-11
-7
5
11
5
7
12
14
12
7
5
2
3
6
5
3
-2
-1
4
3
6
10
10
16
14
9
9
11
4
-2
-3
6
6
2
8
9
5
4
4
6
8
9
7
14
18
21
21
20
27
32
33
37
38
41
42
39
40
37
38
40
39
39
42
42
40
45
45
51
54
47
41
37
36
31
28
23
21
17
10
13
14
17
12
10
9
9
10
8
7
7
9
6
9
10
8
8
6
7
3
4
3
5
10
16
20
22
22
18
18
17
10
19
21
21
23
23
27
30
32
30
38
35
38
31
31
37
36
37
36
33
36
41
39
45
46
42
40
41
40
43
39
42
48
45
45
42
49
56
55
57
55
56
57
49
45
43
41
41
42
40
29
23
16
11
6
2
4
1
4
6
1
3
3
-1
-8
-4
-9
-9
-8
-16
-15
-19
-17
-14
-11
-13
-12
-13
-17
-19
-20
-16
-15
-14
-20
-24
-21
-21
-22
-23
-22
-19
-14
-16
-20
-14
-8
-3
-6
-11
-9
-8
-9
-10
-7
-9
-9
-13
-11
-3
-7
-9
-9
-12
-16
-20
-17
-19
-18
-16
-12
-13
-16
-14
-15
-15
-13
-19
-19
-19
-17
-19
-15
-10
-8
2
1
1
-4
-16
-19
-19
-20
-25
-22
-29
-30
-30
-41
-41
-42
-39
-35
-37
-42
-41
-41
-37
-34
-36
-36
-40
-41
-42
-53
-62
-61
-60
-59
-55
-56
-52
-55
-62
-65
-63
-60
-60
-62
-63
-63
-64
-68
-70
-64
-56
-53
-46
-43
-44
-43
-41
-41
-34
-27
-30
-30
-21
-18
-14
-14
-14
-10
-8
0
-3
2
5
-2
-11
-11
-11
-15
-10
-11
-6
-7
-5
-3
-5
0
3
5
3
-2
-8
-11
-10
-14
-13
-15
-18
-22
-26
-22
-24
-19
-15
-8
-11
-16
-20
-30
-32
-41
-41
-36
-31
-29
-31
-24
-23
-26
-30
-30
-28
-30
-21
-16
-7
-1
-4
-3
3
6
8
6
13
22
24
27
33
36
37
38
42
45
49
53
50
51
49
47
46
43
43
51
55
59
56
53
54
53
55
59
63
67
62
56
52
47
45
45
47
44
44
50
52
50
46
41
36
31
25
30
38
39
36
37
39
39
33
28
27
32
37
34
33
33
35
32
36
38
40
44
43
46
41
44
39
43
46
38
39
35
39
43
46
52
64
67
65
63
65
63
55
59
56
56
55
53
45
36
35
34
39
38
33
28
23
21
18
16
14
9
12
11
13
11
5
6
7
11
16
19
16
21
15
10
4
3
-1
-2
5
5
9
9
11
10
9
6
-1
-6
-8
-4
-6
-9
-13
-18
-17
-17
-14
-12
-13
-13
-13
-11
-15
-18
-24
-25
-24
-24
-28
-31
-28
-22
-21
-21
-30
-42
-42
-47
-44
-52
-55
-50
-47
-44
-38
-29
-28
-29
-27
-32
-32
-34
-33
-25
-22
-19
-17
-17
-19
-22
-18
-11
-17
-22
-22
-25
-30
-27
-28
-31
-37
-41
-41
-46
-55
-57
-56
-54
-56
-52
-48
-49
-44
-43
-45
-46
-48
-50
-49
-50
-47
-49
-53
-53
-57
-63
-63
-59
-58
-60
-60
-58
-59
-63
-64
-61
-60
-64
-66
-65
-67
-76
-71
-71
-76
-73
-69
-62
-55
-49
-43
-39
-43
-45
-46
-50
-52
-55
-54
-52
-48
-46
-42
-37
-24
-18
-10
-5
-8
-10
-13
-11
-11
-8
-2
6
8
14
17
18
18
21
20
18
23
26
28
33
34
34
50
49
40
43
38
39
34
35
35
29
29
24
25
23
19
14
16
21
22
19
17
22
19
11
1
1
4
8
12
17
21
18
26
22
19
13
9
10
12
15
13
19
15
15
11
10
8
12
12
13
16
9
6
2
3
6
11
16
18
27
30
30
38
39
35
35
37
38
40
40
45
44
42
41
41
50
57
61
66
67
72
75
77
74
73
77
78
77
76
75
78
80
77
77
76
78
77
70
66
59
54
50
46
40
33
27
28
34
34
31
30
30
28
27
22
21
18
14
19
19
23
27
28
31
29
29
39
43
46
46
45
45
38
40
43
42
43
42
40
43
45
38
37
28
27
27
26
30
32
29
20
17
14
16
10
4
0
-2
-1
-7
-7
-6
-11
-17
-25
-23
-26
-23
-30
-33
-26
-27
-32
-29
-26
-22
-20
-21
-31
-28
-32
-37
-31
-28
-21
-18
-12
-18
-11
-11
-10
-9
-9
-10
-17
-14
-24
-27
-27
-30
-29
-29
-28
-26
-24
-30
-34
-24
-24
-25
-23
-24
-23
-25
-20
-22
-28
-31
-37
-45
-52
-49
-47
-49
-55
-59
-52
-59
-58
-55
-61
-61
-67
-62
-59
-59
-61
-60
-53
-55
-48
-46
-49
-48
-46
-47
-47
-48
-47
-36
-31
-35
-43
-40
-43
-38
-38
-39
-39
-44
-46
-50
-56
-51
-46
-47
-47
-44
-46
-47
-48
-51
-49
-51
-46
-48
-44
-41
-41
-34
-30
-28
-30
-27
-23
-21
-27
-30
-26
-30
-34
-34
-36
-33
-40
-48
-48
-46
-48
-45
-37
-37
-39
-41
-39
-34
-35
-30
-23
-18
-8
-5
0
3
6
7
4
8
3
4
3
9
22
29
37
37
39
37
38
40
46
46
45
48
40
44
43
48
48
52
53
53
52
56
56
45
40
36
37
37
33
31
29
26
25
23
26
28
30
29
21
17
16
14
10
11
10
9
14
19
17
12
16
25
29
27
29
22
15
15
20
19
20
27
26
31
29
35
32
27
31
28
32
32
32
25
27
28
26
31
32
31
36
36
39
48
45
49
49
51
52
55
57
56
53
52
55
49
48
53
47
45
45
43
44
46
49
43
44
42
43
47
47
44
37
33
36
38
39
43
43
38
35
41
42
38
33
32
29
28
23
21
15
10
10
10
14
11
11
9
5
5
5
5
3
4
4
4
7
7
8
9
4
10
8
-1
-10
-11
-18
-20
-19
-30
-32
-32
-31
-35
-36
-37
-34
-38
-39
-39
-48
-52
-54
-54
-52
-56
-54
-64
-55
-49
-52
-39
-38
-31
-32
-31
-28
-22
-25
-26
-26
-34
-29
-21
-23
-21
-21
-20
-17
-12
-13
-17
-24
-27
-25
-14
-9
-11
-12
-13
-11
-12
-9
-15
-16
-16
-16
-19
-18
-17
-27
-31
-36
-32
-32
-32
-39
-44
-43
-43
-45
-43
-50
-59
-52
-58
-62
-55
-54
-47
-43
-46
-43
-42
-45
-48
-48
-51
-53
-52
-52
-55
-60
-57
-56
-56
-47
-41
-35
-31
-34
-28
-22
-24
-26
-23
-13
-14
-11
-7
2
2
6
5
4
12
5
11
14
20
21
23
27
25
25
22
19
18
20
22
24
14
11
13
12
23
26
15
14
16
21
19
18
11
4
9
4
9
8
-4
-5
-5
-6
-8
-10
-1
6
3
0
-1
-7
-7
-9
-9
-3
-3
3
7
9
9
8
11
14
15
16
14
14
14
13
15
12
7
8
9
15
16
21
23
21
17
14
12
1
0
3
0
-2
6
8
11
16
24
30
33
32
31
29
27
24
21
26
24
31
36
37
39
37
37
34
30
24
20
16
10
6
8
12
12
17
13
10
10
7
6
3
5
5
4
2
3
4
3
-2
-6
-5
0
2
9
9
12
14
12
11
6
9
3
9
15
11
17
14
17
21
14
23
28
26
32
31
37
36
29
26
23
24
21
25
23
18
19
16
16
19
20
15
22
22
19
23
15
16
18
21
27
36
35
37
35
40
43
38
45
40
37
38
34
32
23
17
19
10
8
13
10
5
3
7
1
-5
-7
-10
-10
-14
-16
-15
-17
-16
-15
-15
-15
-16
-16
-18
-22
-27
-30
-28
-30
-26
-25
-31
-30
-21
-16
-12
-13
-12
-8
-13
-8
-4
-3
-6
-8
-3
3
7
21
26
27
36
39
38
33
30
23
20
15
13
12
9
14
13
14
13
14
16
17
21
11
7
3
3
0
4
7
4
5
4
5
4
4
-3
-5
-13
-14
-15
-19
-21
-23
-33
-33
-37
-44
-43
-54
-55
-59
-55
-54
-50
-51
-54
-56
-62
-61
-58
-59
-63
-62
-63
-59
-57
-57
-56
-55
-55
-55
-51
-47
-52
-53
-46
-50
-48
-43
-42
-48
-43
-35
-36
-21
-19
-20
-13
-10
-13
-12
0
8
15
18
29
33
32
37
35
30
28
20
17
19
19
16
15
15
3
-2
2
-1
-5
-14
-8
-11
-13
-7
-19
-15
-14
-17
-22
-25
-24
-21
-17
-17
-18
-15
-11
-10
-3
-6
-7
-1
-4
-3
-7
-7
-5
-7
-4
-9
-12
-13
-21
-18
-17
-14
-8
-10
-10
-5
-4
-2
2
-3
0
2
2
2
4
2
-5
-2
1
1
1
-2
-3
-3
-10
-5
-5
-10
-8
-5
-4
-5
-10
-19
-11
-13
-15
-21
-18
-14
-17
-15
-7
-5
-4
-1
8
8
4
-3
-7
-4
-3
3
4
5
9
18
20
21
18
12
14
17
15
9
12
14
10
15
19
23
28
28
28
24
27
30
29
35
34
31
29
29
28
30
36
31
31
23
21
24
24
30
32
29
26
28
27
22
21
22
17
16
20
24
24
26
24
18
20
19
21
21
25
26
29
34
31
36
30
35
42
42
51
48
45
44
39
45
44
40
42
37
35
33
30
31
35
36
30
33
37
36
36
31
31
30
32
29
20
16
19
24
16
15
17
14
9
3
5
1
-1
3
2
6
5
6
0
-6
-4
-6
-2
4
7
12
13
11
12
13
13
11
14
19
14
13
8
5
3
0
5
2
-1
-5
-4
-9
-15
-15
-17
-13
-10
-11
-16
-20
-20
-20
-22
-22
-19
-21
-30
-30
-30
-27
-28
-35
-38
-37
-35
-37
-34
-43
-48
-46
-49
-49
-54
-67
-69
-76
-81
-77
-78
-80
-80
-80
-81
-75
-79
-84
-85
-83
-79
-71
-64
-62
-62
-58
-56
-54
-52
-49
-44
-48
-51
-54
-59
-52
-50
-50
-38
-30
-31
-29
-23
-20
-17
-14
-9
-6
-4
-7
-10
-11
-6
-10
-6
3
13
24
23
24
19
21
19
14
8
7
-2
-1
1
-7
1
6
3
6
3
4
8
2
0
-1
6
7
2
-1
-8
-14
-14
-8
-10
-10
-8
-10
-11
-13
-13
-14
-16
-18
-17
-18
-20
-17
-18
-17
-13
-13
-6
2
6
1
4
4
5
8
7
10
16
21
21
25
26
26
26
22
25
31
31
25
20
13
11
15
13
15
13
14
16
12
13
6
9
17
18
24
19
24
21
21
26
28
36
35
31
28
29
34
33
28
29
23
28
28
17
21
21
25
25
29
31
33
30
30
31
30
37
43
46
45
48
45
43
44
41
49
54
46
42
34
29
30
30
32
36
42
35
33
33
35
35
37
40
36
36
38
34
33
27
23
28
27
30
30
25
16
9
16
13
13
14
15
9
5
2
-6
-6
-4
2
4
7
9
6
6
17
20
25
30
33
32
28
22
16
15
21
29
32
28
21
21
17
17
11
15
12
11
16
10
14
12
7
1
1
2
6
5
6
-1
-3
-6
-12
-10
-7
-7
-2
-2
-4
-4
-8
-9
-7
-9
-6
-8
-13
-15
-22
-26
-21
-14
-16
-12
-11
-14
-11
-11
-14
-16
-22
-21
-22
-22
-21
-20
-28
-27
-21
-24
-24
-28
-28
-27
-26
-28
-29
-29
-35
-32
-37
-37
-43
-49
-53
-52
-49
-48
-45
-48
-43
-40
-37
-37
-35
-26
-27
-35
-39
-40
-34
-31
-40
-36
-28
-25
-21
-27
-26
-29
-29
-28
-25
-23
-23
-18
-31
-25
-23
-21
-16
-17
-10
-14
-15
-9
-13
-9
-10
-10
-12
-17
-9
-1
-1
0
1
3
-1
-8
-10
-7
-5
-9
-7
-4
3
7
7
6
5
1
-8
-11
-7
-8
-4
-15
-16
-20
-25
-18
-22
-12
-12
-9
-14
-22
-21
-29
-27
-24
-34
-37
-30
-29
-29
-32
-27
-18
-19
-18
-13
-5
-2
-4
-9
-8
-2
0
0
-4
1
6
5
3
3
14
20
25
21
25
25
18
15
10
13
18
18
17
10
5
0
2
2
-3
-8
-10
-12
-15
-14
-13
-9
-6
-5
-5
-5
-5
1
10
12
17
14
11
15
19
18
16
21
14
14
16
19
21
23
32
37
47
48
57
64
56
60
61
55
58
55
57
61
66
62
54
57
52
45
43
49
50
49
46
42
43
41
36
35
33
32
28
19
16
12
8
6
4
2
5
11
5
4
6
4
3
-1
0
3
7
4
0
-7
-11
-7
-9
-17
-18
-25
-25
-21
-21
-18
-20
-19
-20
-24
-22
-23
-25
-23
-21
-19
-10
-10
-8
0
-5
-2
-2
4
13
14
20
23
18
16
11
7
5
12
18
16
11
4
3
9
9
15
16
14
17
20
19
14
13
18
23
17
18
22
18
9
6
10
9
5
6
5
-6
-2
-9
-10
-3
-6
-3
-5
-3
-3
-11
-14
-13
-10
-7
-7
5
8
1
-2
-5
-13
-10
-9
-12
-10
-11
-7
-16
-19
-23
-23
-35
-39
-29
-33
-27
-29
-26
-21
-21
-19
-14
-18
-23
-20
-22
-21
-21
-17
-10
-15
-11
-13
-7
-1
-2
4
9
17
17
14
13
10
12
22
21
18
23
21
17
10
0
-4
-4
1
11
12
18
15
6
3
7
5
5
10
3
-7
-14
-18
-27
-33
-38
-36
-37
-34
-38
-41
-50
-53
-55
-58
-56
-58
-61
-75
-82
-85
-83
-72
-67
-73
-78
-77
-75
-68
-59
-56
-57
-58
-53
-49
-56
-57
-51
-57
-51
-43
-36
-33
-38
-43
-45
-42
-36
-21
-7
1
13
18
15
16
11
16
21
19
13
3
-7
-12
-10
-14
-6
-3
-4
7
8
14
14
16
14
21
29
26
28
20
14
11
21
28
30
26
11
7
8
13
18
19
11
12
13
15
25
29
26
25
31
33
40
26
17
12
2
-2
-1
3
15
29
34
34
31
30
24
18
25
29
32
27
17
8
2
2
12
17
16
18
18
29
33
26
20
25
26
31
35
29
28
25
28
24
21
24
13
7
3
4
1
-1
1
-1
2
5
11
9
6
5
5
10
16
5
0
-7
-6
-10
-11
-9
-1
16
18
17
15
17
11
9
9
17
25
25
22
13
7
6
6
3
5
2
9
17
17
22
24
24
32
44
44
45
42
46
56
66
70
66
65
62
65
73
73
77
77
85
95
104
114
115
113
106
110
116
120
118
109
99
100
97
92
87
77
78
78
79
77
71
66
51
37
34
36
32
14
-3
-9
-12
-17
-21
-25
-33
-38
-47
-44
-44
-42
-40
-41
-43
-37
-42
-50
-52
-60
-60
-59
-67
-65
-65
-69
-65
-67
-67
-65
-64
-65
-64
-64
-59
-51
-52
-49
-50
-45
-43
-42
-42
-40
-40
-44
-42
-32
-29
-21
-22
-21
-17
-24
-21
-24
-26
-29
-31
-30
-36
-38
-44
-52
-47
-47
-41
-43
-40
-32
-34
-32
-38
-39
-37
-43
-47
-48
-53
-56
-59
-58
-53
-52
-53
-47
-48
-50
-52
-47
-40
-38
-46
-45
-43
-34
-32
-38
-33
-34
-32
-27
-28
-34
-38
-48
-47
-43
-36
-25
-24
-31
-37
-38
-37
-33
-36
-42
-47
-42
-41
-44
-46
-49
-51
-50
-50
-44
-45
-43
-37
-39
-33
-29
-25
-24
-17
-16
-16
-15
-14
-3
-2
-6
-4
-4
-5
-5
-3
3
7
12
21
18
22
22
12
12
12
8
4
9
9
6
13
6
2
6
11
19
23
16
5
1
-1
-8
-14
-18
-29
-26
-31
-31
-34
-40
-40
-36
-27
-19
-14
-25
-35
-35
-21
-13
-6
5
6
15
7
10
14
13
10
15
25
27
41
38
31
35
36
43
49
51
58
61
63
68
72
76
75
73
75
81
85
83
78
74
84
95
108
111
101
97
96
94
92
87
75
73
67
68
64
57
52
56
66
66
73
65
53
40
37
45
48
43
35
34
32
28
23
25
27
26
32
32
35
33
31
27
32
39
36
50
53
46
53
48
49
54
48
44
41
46
49
42
32
34
30
33
42
48
50
44
41
42
39
33
26
15
15
13
3
-10
-18
-22
-16
-6
-3
-7
-8
-23
-21
-10
-7
-11
-21
-30
-36
-34
-42
-51
-55
-62
-62
-56
-59
-59
-66
-63
-56
-53
-50
-47
-42
-45
-44
-47
-50
-39
-35
-38
-39
-47
-40
-34
-36
-38
-44
-33
-17
-10
-13
-19
-22
-25
-26
-28
-31
-32
-32
-35
-42
-52
-55
-55
-47
-38
-39
-43
-40
-37
-32
-24
-18
-20
-28
-35
-35
-34
-32
-37
-52
-49
-45
-34
-26
-33
-38
-42
-37
-40
-29
-27
-41
-49
-55
-58
-59
-53
-48
-46
-46
-47
-48
-50
-56
-62
-62
-54
-39
-32
-43
-47
-55
-52
-45
-43
-34
-30
-31
-37
-39
-46
-52
-52
-50
-39
-32
-29
-38
-32
-26
-32
-30
-23
-18
-21
-29
-31
-36
-37
-34
-38
-27
-17
-13
-12
-12
-12
-11
-9
-6
-5
-9
-11
-16
-19
-14
-9
-8
0
4
17
15
13
13
11
16
20
35
47
53
46
37
30
34
45
53
55
52
52
53
53
53
46
43
45
51
53
48
49
50
55
57
59
62
52
45
34
24
23
27
31
30
33
33
33
28
20
20
23
27
25
21
19
11
6
3
1
1
3
9
7
9
8
7
11
5
7
12
21
25
17
15
10
8
19
16
13
14
9
2
1
0
4
15
26
34
39
44
46
50
48
43
44
48
53
51
43
34
24
21
31
43
42
35
36
39
51
56
54
53
54
56
47
37
30
29
24
23
24
26
29
30
29
22
23
26
26
36
44
46
41
32
23
19
24
20
15
17
20
20
13
13
14
20
35
34
33
30
38
45
40
43
47
49
46
46
28
13
5
5
17
29
37
34
31
30
26
32
24
26
29
26
25
15
5
-7
-21
-29
-34
-33
-26
-27
-27
-30
-36
-34
-35
-34
-30
-30
-25
-33
-40
-47
-47
-41
-44
-49
-54
-45
-42
-40
-46
-45
-36
-28
-27
-33
-37
-49
-46
-44
-45
-45
-39
-30
-36
-40
-43
-41
-29
-18
-7
-2
-3
2
-1
-3
0
2
12
20
17
17
1
-11
-17
-27
-22
-14
-11
-5
-9
-14
-10
-11
-17
-19
-25
-30
-21
-24
-36
-47
-55
-63
-59
-60
-60
-55
-62
-61
-60
-57
-47
-40
-33
-39
-46
-54
-71
-71
-61
-61
-48
-45
-47
-46
-56
-58
-54
-36
-25
-21
-19
-22
-17
-15
-18
-16
-8
-3
7
2
-4
-11
-10
-12
-11
0
-3
8
13
16
17
10
16
17
18
26
26
28
21
13
13
13
13
16
18
22
25
18
12
3
6
9
13
15
5
-5
-12
-10
-18
-24
-22
-22
-16
-27
-35
-41
-54
-51
-43
-35
-30
-31
-35
-38
-34
-29
-26
-24
-20
-21
-22
-26
-39
-39
-39
-31
-30
-27
-21
-20
-13
-17
-4
-3
-12
-7
-5
1
-1
-4
-16
-15
-3
2
13
8
7
3
1
12
21
26
32
27
21
19
19
23
26
16
18
26
30
34
19
15
12
19
33
40
44
37
39
37
31
32
35
41
42
41
30
25
23
21
19
23
33
47
55
51
54
40
38
31
31
35
43
35
26
24
11
14
20
35
35
35
34
29
29
25
20
24
28
31
24
19
17
20
27
27
24
24
28
32
32
28
21
23
32
39
42
36
45
50
49
46
41
38
39
46
46
41
38
35
38
43
45
49
52
57
60
55
49
45
44
43
41
40
34
25
17
9
9
16
16
15
11
-2
-9
-5
-9
-5
-9
-20
-22
-26
-37
-38
-39
-43
-41
-43
-47
-50
-48
-59
-64
-61
-56
-41
-36
-34
-35
-35
-42
-42
-33
-28
-20
-19
-17
-20
-21
-18
-15
-9
1
6
13
20
20
18
14
15
17
21
29
26
22
23
15
14
21
22
21
13
5
-3
-8
-13
-12
-12
-9
-10
-10
-11
-16
-29
-33
-35
-43
-44
-45
-40
-45
-52
-53
-48
-46
-37
-38
-41
-49
-49
-49
-52
-57
-62
-55
-47
-42
-52
-58
-54
-49
-43
-41
-39
-43
-39
-34
-26
-32
-34
-28
-24
-23
-23
-11
-7
-8
-13
-13
-1
7
6
2
-7
-12
-5
-6
-2
-4
-5
4
6
1
-6
-13
-6
-3
0
2
-3
-7
-8
-16
-33
-37
-40
-33
-33
-32
-26
-26
-28
-33
-41
-44
-42
-37
-38
-40
-43
-48
-49
-39
-31
-38
-38
-45
-50
-52
-49
-48
-45
-37
-39
-38
-43
-41
-38
-36
-29
-27
-15
-8
-12
-18
-26
-23
-21
-16
-11
-10
-10
-10
-16
-22
-26
-15
-2
-1
0
-6
-7
-15
-15
-6
1
5
5
8
9
14
13
11
14
25
28
35
41
42
36
33
37
45
51
52
55
52
56
56
53
46
40
46
47
53
52
55
53
46
51
56
60
67
67
66
66
64
72
74
78
75
67
68
58
51
60
67
67
70
68
61
55
47
49
52
51
54
50
43
39
38
42
31
28
29
28
37
43
47
45
40
29
28
32
33
32
26
18
12
9
9
12
22
24
23
19
18
18
12
13
19
22
30
29
22
20
21
19
25
31
38
45
38
39
49
53
55
58
63
59
57
51
47
45
40
41
42
40
40
35
21
22
23
8
9
16
19
18
15
12
2
-3
-6
-1
-1
5
-2
-6
-8
-19
-27
-32
-28
-20
-15
-19
-22
-20
-18
-13
-10
-5
5
5
-5
-5
-3
0
9
11
16
14
10
15
15
11
6
9
13
14
11
2
-11
-15
-12
-10
-8
-9
-14
-16
-18
-23
-27
-32
-31
-29
-25
-23
-31
-31
-27
-32
-33
-40
-42
-37
-43
-46
-51
-58
-66
-71
-73
-61
-59
-58
-70
-80
-85
-86
-88
-93
-91
-90
-88
-96
-100
-98
-90
-81
-73
-71
-65
-64
-62
-63
-70
-67
-53
-48
-42
-36
-45
-54
-57
-51
-49
-40
-34
-27
-22
-18
-12
-11
-7
-9
-9
-6
-10
-12
-13
-17
-20
-19
-24
-29
-32
-35
-39
-41
-53
-56
-52
-45
-32
-38
-46
-54
-54
-41
-37
-35
-37
-42
-38
-39
-42
-37
-37
-25
-13
-10
-6
-6
-6
-6
-8
-9
-5
0
1
-1
-9
-17
-19
-26
-22
-12
-8
-7
-4
-7
-10
-10
-18
-17
-23
-24
-16
-14
-10
-12
-16
-16
-9
-2
2
-1
-5
-5
-9
-7
-2
3
2
5
3
4
12
15
17
23
11
13
14
20
26
19
21
20
35
42
50
52
56
57
46
49
59
64
68
67
62
56
51
49
55
57
58
61
59
52
56
56
51
51
60
64
58
59
56
62
57
57
60
66
66
58
55
47
38
29
33
37
45
50
47
42
41
32
24
23
25
30
30
33
29
16
15
12
10
18
16
29
32
29
25
22
33
35
48
44
44
41
38
37
31
40
39
41
41
35
41
50
49
57
60
59
57
60
55
48
39
35
35
37
36
29
27
24
16
2
-2
-5
4
3
0
-1
-2
-2
-8
-20
-22
-17
-15
-6
-7
-15
-21
-30
-34
-30
-23
-11
-11
-19
-27
-33
-26
-20
-17
-19
-19
-14
-17
-21
-21
-24
-25
-20
-19
-18
-17
-19
-19
-19
-21
-19
-17
-15
-15
-17
-24
-33
-35
-31
-23
-25
-26
-23
-26
-26
-12
-13
-4
7
8
0
-9
-11
-8
-6
-8
-4
-8
-6
-7
-11
-14
-14
-11
-9
0
2
-1
-5
-12
-18
-15
-15
-19
-21
-26
-27
-29
-32
-34
-43
-40
-32
-33
-36
-49
-64
-61
-65
-62
-64
-71
-73
-68
-64
-71
-72
-75
-73
-65
-63
-68
-70
-71
-71
-71
-64
-59
-55
-55
-50
-39
-42
-46
-48
-47
-45
-31
-23
-25
-20
-24
-21
-18
-8
3
-1
-2
-4
-2
-3
-1
-2
-4
-6
1
8
7
12
3
-1
7
13
12
5
-2
-3
-6
-9
0
7
15
23
22
23
25
17
11
13
12
6
3
5
6
1
4
3
12
17
19
24
25
20
14
10
8
9
11
11
6
-4
-9
-8
-8
-4
-2
-1
3
4
2
10
2
-6
-3
-4
-2
-1
2
4
2
5
8
8
8
9
13
15
6
7
8
10
9
4
8
18
22
16
12
20
23
25
32
37
37
33
28
24
27
35
47
53
64
73
66
70
62
56
58
56
53
42
35
32
40
44
40
39
40
47
54
51
52
39
33
40
41
41
33
36
30
19
16
13
7
5
5
8
14
16
14
13
10
11
16
16
14
9
4
3
2
3
2
-4
1
