25
44
34
32
25
34
29
25
26
22
11
9
11
8
9
2
6
15
17
17
7
3
-4
-8
-3
4
3
-3
0
-3
3
0
1
5
5
12
17
15
13
13
5
7
6
7
5
9
18
20
16
15
27
33
40
37
28
27
25
28
24
22
19
18
21
17
16
21
30
27
24
22
13
8
11
11
15
16
19
12
9
14
15
15
9
4
1
-7
-5
-3
-16
-18
-18
-11
-12
-13
-8
-8
-5
-6
-9
-11
-19
-20
-18
-26
-27
-22
-23
-25
-23
-22
-24
-20
-20
-23
-18
-15
-17
-20
-16
-12
-6
-4
-4
-4
-6
-5
-1
-7
-8
-8
-9
-3
1
3
5
9
9
5
0
5
2
6
10
4
4
5
6
4
5
-1
-11
-13
-7
-7
-8
-10
-7
-2
-9
-8
-13
-15
-10
-15
-13
-14
-24
-18
-20
-16
-13
-12
-7
-9
-12
-12
-14
-24
-27
-24
-23
-25
-20
-18
-15
-11
-12
-12
-16
-18
-19
-28
-32
-33
-34
-34
-30
-33
-36
-33
-24
-19
-23
-24
-26
-27
-31
-32
-32
-36
-39
-39
-33
-32
-33
-34
-31
-28
-34
-25
-21
-20
-21
-24
-22
-24
-24
-27
-29
-23
-23
-24
-24
-27
-23
-15
-11
-10
-10
-13
-22
-23
-24
-26
-20
-14
-8
-11
-15
-15
-14
-12
-8
-5
-10
-9
-12
-12
-7
-6
-4
0
-5
-8
-6
-7
-6
-1
-1
-3
-2
-3
-6
-13
-7
-8
-8
-9
-11
-7
-5
5
7
6
-1
-5
-4
-1
9
8
7
10
12
15
16
13
21
24
26
25
27
30
25
28
34
40
44
42
46
45
45
47
45
55
52
52
51
54
53
47
43
43
43
50
62
57
57
53
51
58
63
67
62
54
51
46
47
52
49
53
59
60
61
59
55
50
40
34
29
25
23
20
26
24
24
28
28
38
32
26
23
13
10
5
5
-4
-1
7
5
5
7
1
0
7
3
6
15
14
7
-2
-3
-2
-3
-10
-9
-4
-4
-6
-1
-1
-5
-7
-3
-4
-4
-11
-17
-13
-15
-11
-8
-12
-20
-18
-18
-16
-12
-12
-15
-20
-23
-16
-15
-16
-22
-18
-12
-14
-5
-6
-3
-6
-11
-14
-21
-23
-34
-36
-34
-36
-34
-28
-24
-30
-29
-34
-35
-32
-37
-32
-33
-36
-38
-37
-37
-40
-42
-43
-37
-36
-34
-33
-38
-35
-40
-48
-50
-50
-47
-40
-36
-34
-32
-34
-41
-39
-34
-33
-28
-37
-42
-43
-43
-35
-28
-27
-27
-22
-25
-21
-24
-29
-29
-28
-24
-20
-16
-19
-24
-27
-23
-21
-18
-22
-21
-22
-16
-12
-17
-23
-29
-25
-19
-20
-20
-18
-15
-11
-13
-5
2
-1
-4
-3
-1
-4
1
1
-1
-2
-7
-6
-9
-1
7
9
14
13
11
6
0
-3
-2
0
5
12
15
14
14
14
10
7
14
12
12
12
11
12
15
22
25
30
30
28
19
19
19
22
29
26
33
32
36
42
40
47
48
51
49
50
56
48
43
39
41
44
53
54
53
52
50
48
48
48
48
54
56
58
53
54
56
52
52
49
53
58
61
67
58
53
48
51
51
51
59
58
56
54
47
36
35
39
33
34
40
33
36
36
36
37
37
32
31
27
26
28
25
18
14
10
7
11
9
6
4
8
13
10
9
8
-3
-3
-9
-16
-13
-9
-8
-17
-23
-26
-28
-33
-30
-32
-31
-21
-24
-26
-29
-30
-27
-22
-24
-30
-30
-24
-18
-15
-14
-12
-10
-13
-17
-23
-27
-28
-31
-26
-25
-28
-31
-30
-27
-26
-27
-34
-31
-30
-28
-24
-31
-43
-47
-44
-44
-43
-37
-43
-45
-46
-46
-42
-45
-48
-49
-54
-55
-56
-63
-64
-71
-69
-64
-71
-69
-67
-61
-60
-60
-61
-64
-64
-62
-60
-60
-57
-54
-54
-57
-50
-54
-54
-53
-56
-50
-54
-55
-51
-54
-51
-52
-55
-46
-47
-49
-39
-34
-34
-33
-36
-36
-39
-39
-33
-28
-28
-26
-22
-21
-23
-23
-18
-16
-11
-10
-9
-8
-11
-13
-18
-11
-1
6
14
11
5
4
2
5
6
4
14
16
19
20
18
20
20
27
28
29
28
29
35
35
38
34
32
35
43
51
58
61
54
57
60
61
68
68
73
71
69
74
74
74
77
83
85
84
88
85
85
92
92
94
92
87
86
80
80
79
83
85
82
80
83
85
76
73
76
74
76
83
87
88
87
84
76
71
78
77
72
71
67
65
65
58
55
48
53
56
55
50
49
47
40
39
39
36
28
29
29
28
24
20
18
9
3
4
4
4
0
3
3
4
-10
-4
-12
-4
-25
-189
-212
-187
-190
-175
-175
-166
-166
-162
-158
-151
-147
-140
-130
-126
-122
-111
-111
-97
-93
-91
-86
-81
-77
-70
-64
-56
-45
-46
-40
-36
-41
-39
-34
-36
-28
-22
-21
-8
-6
-5
-9
-5
0
5
5
4
7
4
2
2
7
11
13
17
25
27
25
17
24
33
35
35
32
25
26
23
20
17
13
11
17
17
20
19
20
19
16
23
18
17
14
13
17
21
19
21
23
21
21
23
28
28
30
36
30
25
26
31
27
24
28
31
35
38
37
35
31
28
32
32
35
38
35
31
27
25
18
22
20
20
19
16
15
17
18
14
15
14
14
15
13
5
-3
-3
-4
-8
-7
-12
-7
-4
-12
-11
-13
-11
-10
-16
-17
-22
-8
-9
-12
-13
-19
-17
-17
-21
-21
-16
-21
-17
-18
-17
-14
-18
-19
-21
-25
-32
-24
-27
-22
-19
-14
-9
-8
-8
-11
-5
-7
-10
-3
-3
-9
-4
0
0
8
8
3
5
-1
-6
-6
-12
-16
-17
-11
-9
-14
-19
-18
-15
-15
-12
-18
-23
-27
-33
-33
-38
-43
-45
-40
-40
-39
-33
-31
-31
-35
-34
-40
-34
-34
-40
-43
-44
-51
-57
-50
-43
-37
-37
-36
-37
-35
-32
-33
-33
-34
-31
-32
-31
-33
-35
-40
-30
-22
-20
-16
-12
-9
-8
-4
-8
-9
-6
-3
-1
-8
-10
-11
-16
-8
-5
-3
-6
-10
-7
-12
-13
-7
0
6
6
11
20
19
20
24
25
22
24
25
26
19
10
14
17
21
24
22
21
26
24
27
35
29
22
21
20
21
23
22
19
20
25
27
31
34
33
24
22
19
21
21
19
22
25
27
29
25
25
28
32
38
35
34
21
28
34
32
39
32
37
37
32
28
33
42
47
46
44
46
46
43
36
40
42
41
48
51
50
53
55
59
59
58
55
58
57
51
53
53
54
56
56
63
68
64
53
41
36
36
38
40
40
38
36
36
37
33
30
25
23
22
19
10
6
2
-5
-3
-5
-10
-8
-6
-9
-10
-11
-10
-5
-2
-7
-19
-22
-24
-26
-30
-30
-32
-29
-26
-31
-38
-42
-41
-43
-37
-33
-28
-28
-27
-24
-27
-24
-26
-26
-24
-24
-23
-32
-34
-35
-35
-30
-32
-33
-35
-34
-31
-26
-29
-28
-29
-30
-25
-24
-25
-28
-37
-36
-28
-30
-27
-33
-40
-34
-30
-25
-33
-31
-30
-30
-31
-34
-33
-37
-34
-38
-38
-42
-44
-43
-54
-51
-53
-53
-58
-59
-55
-60
-60
-63
-63
-63
-57
-58
-53
-55
-58
-60
-60
-65
-66
-63
-56
-52
-50
-56
-62
-57
-53
-49
-45
-39
-41
-39
-34
-29
-25
-21
-19
-18
-16
-16
-14
-15
-12
-14
-10
-8
-9
0
10
10
15
14
13
12
7
2
1
6
5
5
4
3
7
10
12
12
7
7
2
3
6
6
5
3
9
8
13
19
18
11
12
17
17
11
14
16
11
19
20
20
17
23
28
24
31
28
29
26
22
27
29
37
43
44
44
41
38
45
44
45
44
44
47
48
49
42
48
48
46
49
51
53
56
56
55
56
57
58
60
59
59
57
58
56
50
46
48
48
48
55
48
41
38
35
38
41
40
33
29
30
23
19
21
26
26
23
25
23
15
11
11
15
16
18
16
8
5
5
9
8
4
11
9
5
7
4
8
10
15
8
7
10
7
8
16
13
17
21
20
24
18
12
7
8
8
7
11
16
12
14
11
16
15
16
16
19
24
11
13
9
4
7
11
8
8
1
2
8
10
20
16
16
21
19
16
12
11
8
13
13
12
16
9
11
10
4
0
-3
-9
-6
-4
-7
-1
-2
0
-2
-2
-4
-8
-9
-13
-18
-24
-23
-13
-13
-14
-14
-12
-19
-14
-17
-25
-22
-26
-30
-32
-33
-39
-40
-46
-41
-45
-42
-45
-41
-42
-42
-41
-48
-49
-49
-55
-52
-47
-50
-50
-55
-55
-57
-54
-58
-52
-51
-48
-45
-39
-42
-42
-37
-43
-48
-50
-43
-45
-42
-39
-35
-37
-36
-41
-46
-43
-47
-44
-33
-34
-32
-31
-31
-24
-31
-37
-43
-37
-36
-38
-41
-44
-40
-38
-34
-25
-21
-26
-28
-30
-25
-22
-23
-22
-10
-9
-6
-1
-7
-10
-5
-3
1
6
4
7
7
15
21
25
28
33
28
30
29
26
34
28
24
22
25
25
12
10
10
7
7
16
23
24
29
34
33
28
26
24
24
17
20
20
17
17
10
7
4
6
13
10
15
16
16
13
7
7
9
11
5
4
1
4
0
-2
-6
-9
-15
-18
-20
-23
-23
-26
-27
-26
-29
-33
-32
-36
-31
-30
-38
-40
-43
-35
-38
-33
-35
-36
-41
-40
-33
-34
-20
-20
-23
-12
-13
-13
-1
0
-3
2
0
-6
-2
2
6
17
14
15
11
12
12
14
22
19
22
22
25
28
28
25
26
36
38
45
45
44
48
41
42
50
48
45
47
49
51
47
52
50
55
56
59
60
58
58
55
57
60
58
50
47
52
52
52
56
47
47
51
62
59
49
48
45
49
45
41
43
41
41
45
44
40
36
28
33
33
25
21
19
17
20
19
20
18
15
14
17
14
2
5
5
6
5
-1
3
3
-2
-5
-10
-7
-10
-13
-22
-21
-15
-19
-16
-18
-15
-21
-21
-21
-18
-18
-20
-23
-31
-35
-32
-36
-35
-37
-46
-35
-38
-35
-34
-37
-38
-41
-41
-37
-34
-34
-36
-42
-45
-45
-44
-41
-42
-39
-37
-37
-34
-38
-37
-39
-26
-26
-28
-18
-28
-21
-18
-17
-15
-15
-14
-11
-6
-11
-11
-11
-6
-1
0
5
-3
0
-4
0
5
4
9
9
6
4
1
5
10
11
12
15
21
19
16
10
10
12
12
13
13
15
17
13
13
11
12
17
12
7
1
-2
-2
0
-2
4
10
15
19
14
8
1
-1
-3
-5
-6
-14
-20
-28
-33
-24
-24
-23
-24
-27
-25
-23
-21
-25
-24
-26
-27
-27
-29
-34
-39
-38
-34
-29
-28
-29
-30
-31
-29
-32
-35
-35
-33
-27
-34
-27
-28
-33
-35
-34
-25
-25
-23
-29
-33
-29
-26
-25
-32
-30
-21
-22
-19
-17
-18
-8
-1
4
6
5
5
3
-1
0
0
5
5
8
16
17
21
26
24
30
32
35
38
27
25
33
28
29
33
29
41
45
37
36
38
36
37
31
25
16
17
25
23
32
36
32
30
32
34
29
28
29
24
16
14
15
16
17
19
23
17
16
15
19
25
22
16
15
13
12
16
13
14
23
19
18
18
16
11
19
24
21
18
11
12
14
19
16
25
25
29
29
28
23
18
19
7
11
7
7
4
4
8
5
7
5
4
8
9
11
7
8
2
3
-2
-7
-7
-10
-7
-8
-8
-5
2
1
-4
-11
-14
-16
-19
-16
-15
-14
-12
-6
-3
-5
1
2
7
12
5
-6
-10
-9
-15
-15
-9
-11
-13
-11
1
6
10
8
6
5
-1
-4
2
9
6
15
18
18
18
22
25
27
27
24
18
9
8
4
10
14
11
13
17
13
11
6
2
1
0
-9
-17
-17
-26
-26
-22
-24
-21
-19
-17
-24
-27
-25
-29
-27
-37
-43
-48
-47
-50
-49
-41
-41
-34
-36
-36
-44
-43
-41
-42
-43
-44
-41
-42
-41
-39
-41
-46
-42
-49
-40
-31
-34
-33
-36
-35
-35
-40
-35
-33
-33
-27
-24
-30
-29
-27
-30
-24
-22
-23
-22
-23
-22
-20
-24
-27
-24
-17
-17
-18
-14
-14
-16
-13
-9
-2
-10
-15
-16
-15
-14
-14
-6
1
4
6
8
6
0
0
0
8
15
14
7
10
12
9
4
6
7
9
4
1
-1
-3
-4
-5
-5
1
6
2
4
3
1
-2
-5
-5
-9
-8
-4
0
6
1
5
8
8
5
0
3
6
6
8
13
17
15
21
18
15
14
10
11
13
18
17
18
12
10
11
12
17
16
18
21
21
19
17
18
24
29
33
30
31
33
31
30
31
32
32
36
39
44
47
43
45
48
49
47
44
39
34
38
37
32
37
38
38
41
43
47
47
45
41
41
41
36
33
33
35
32
31
32
34
31
27
27
24
25
29
33
27
25
18
24
29
26
26
18
20
21
31
32
33
26
28
32
33
40
38
32
32
31
32
29
23
25
22
19
23
26
21
22
23
24
24
21
15
4
4
1
1
-2
0
-4
-4
-8
-10
-9
-11
-8
-10
-11
-13
-21
-30
-28
-37
-40
-43
-45
-42
-42
-39
-42
-41
-40
-44
-42
-43
-43
-47
-50
-55
-53
-53
-52
-44
-42
-42
-46
-45
-44
-42
-35
-34
-36
-38
-43
-38
-29
-23
-19
-22
-22
-11
-11
-15
-15
-13
-14
-16
-10
-10
-5
-3
-4
5
4
8
11
9
15
4
-1
-2
-5
-2
1
4
0
1
0
-8
-8
-5
-8
-13
-22
-23
-28
-37
-41
-33
-31
-33
-28
-31
-30
-29
-28
-33
-36
-37
-41
-46
-50
-55
-54
-50
-50
-49
-50
-49
-44
-40
-48
-48
-41
-42
-35
-32
-32
-28
-33
-40
-42
-40
-38
-28
-22
-19
-22
-22
-21
-20
-19
-20
-19
-11
-3
-6
-8
-11
-12
-11
-9
-6
8
4
6
8
6
7
4
13
17
22
25
19
19
22
16
19
19
12
17
18
12
15
13
19
26
18
24
24
23
22
19
20
21
17
19
22
30
24
24
25
18
26
30
31
29
33
30
26
21
22
26
27
24
27
31
28
30
24
20
20
22
24
24
27
23
20
18
14
24
25
23
24
18
24
20
15
16
15
28
27
29
26
16
14
9
15
17
19
14
9
11
5
8
5
9
12
8
11
13
15
18
23
23
25
25
22
15
14
5
6
3
2
3
2
7
5
9
10
12
13
12
-2
2
5
-3
-5
-5
3
8
6
6
2
0
-2
0
5
7
3
7
8
13
14
8
7
8
9
18
19
15
20
13
18
21
20
14
10
16
11
16
20
24
23
21
26
21
22
16
10
14
21
22
21
21
24
21
18
13
8
12
5
3
4
5
10
10
13
16
18
14
9
7
-2
-2
-9
-7
-8
-19
-17
-22
-22
-17
-18
-18
-18
-20
-22
-26
-26
-26
-27
-33
-32
-32
-37
-33
-36
-34
-33
-35
-34
-38
-42
-40
-45
-48
-46
-46
-48
-35
-35
-42
-46
-50
-41
-37
-27
-23
-26
-26
-30
-31
-32
-31
-29
-29
-24
-15
-15
-16
-11
-9
-13
-13
-10
-19
-22
-21
-20
-18
-13
-8
-7
-3
-6
-9
-9
-8
-6
-1
-5
-7
-8
-12
-15
-12
-9
-1
7
9
10
4
-2
-12
-17
-15
-9
-2
0
-3
-4
-5
-2
-7
-8
-6
-5
9
7
4
1
0
0
-4
-2
-1
2
2
8
9
7
4
12
6
5
5
5
7
11
20
22
25
34
39
35
37
31
24
19
18
22
16
14
13
18
14
16
22
23
26
29
30
28
22
11
3
2
1
1
1
2
3
1
4
3
5
5
2
4
5
8
11
12
8
6
1
4
4
0
-5
-6
-8
-2
-8
-11
-12
-10
-3
-4
2
2
7
9
9
0
-3
-1
-7
-12
-14
-11
-6
0
-1
-3
3
-1
5
4
1
1
1
0
9
12
9
14
9
10
10
11
8
9
9
10
14
10
8
7
12
11
12
21
13
13
13
17
20
18
19
13
11
3
8
15
16
23
24
24
23
27
25
26
25
24
28
26
29
27
26
29
30
24
24
18
18
20
15
12
13
16
18
12
11
7
9
13
17
19
8
10
7
0
-2
-6
-8
-1
-6
-5
-7
-13
-7
-1
-2
-6
-6
-11
-9
-20
-27
-29
-25
-25
-23
-28
-27
-22
-26
-19
-18
-23
-27
-29
-33
-35
-37
-29
-29
-30
-22
-22
-15
-20
-22
-21
-26
-25
-21
-23
-27
-28
-28
-27
-29
-24
-19
-19
-16
-15
-20
-23
-24
-25
-24
-27
-21
-15
-15
-14
-18
-14
-19
-21
-21
-17
-10
-17
-19
-23
-26
-20
-20
-13
-16
-19
-12
-14
-19
-20
-18
-18
-13
-8
-8
-10
-14
-20
-10
-8
0
1
-4
-3
-3
-6
-4
0
0
5
-3
0
-8
-10
-12
-13
-8
-6
2
0
5
4
4
4
4
1
-4
2
0
5
-3
-4
1
1
13
13
11
6
-1
2
2
-6
-4
-1
-5
2
5
12
13
11
10
14
17
13
14
7
1
4
3
2
7
11
11
15
17
19
20
22
21
15
15
15
23
20
20
20
15
11
13
16
16
20
22
21
16
19
20
19
21
19
20
19
20
17
18
20
15
16
13
9
5
1
3
5
5
5
2
8
12
16
15
13
17
15
11
13
9
7
3
1
0
-1
6
3
15
19
30
32
30
20
11
12
7
10
6
2
9
14
13
19
17
15
17
17
13
8
9
10
11
15
23
23
16
18
22
15
18
13
7
6
5
2
3
4
-2
-3
-1
-4
2
0
-1
-4
-2
-3
-5
-5
-9
-3
2
5
3
3
-1
-1
1
-2
9
0
5
6
3
1
1
4
-1
10
15
8
0
-3
-1
4
6
8
7
8
7
5
-2
-9
-3
0
1
3
-1
-6
-8
-8
-9
-9
-10
-9
-6
-6
-9
-16
-24
-23
-26
-28
-21
-24
-28
-26
-30
-39
-42
-36
-35
-40
-41
-39
-45
-44
-48
-53
-56
-54
-43
-38
-40
-36
-35
-45
-42
-39
-42
-49
-52
-48
-52
-49
-44
-40
-39
-38
-36
-33
-22
-21
-21
-20
-21
-22
-22
-24
-22
-31
-29
-18
-16
-10
-5
-6
-8
-11
-7
-7
-7
-1
-6
-9
-7
-4
-4
1
9
9
9
7
11
11
7
7
15
14
13
12
2
4
0
1
4
2
-1
-4
-6
-6
0
-10
-4
-7
-12
-11
-12
-7
-6
-1
-1
8
7
10
5
2
9
6
13
17
24
26
25
20
27
15
14
15
13
25
24
24
21
14
7
8
10
13
16
20
22
18
21
18
16
15
12
23
28
33
31
26
27
22
20
14
16
18
20
21
22
21
24
26
24
27
25
27
29
26
29
31
38
32
23
19
18
18
16
23
25
32
41
38
33
31
34
30
24
27
22
20
19
22
24
23
23
18
21
24
28
31
31
37
34
34
38
31
29
31
28
24
29
31
31
38
40
37
41
36
32
30
32
32
25
18
20
17
20
23
24
20
16
22
11
5
3
3
-2
-2
-3
-3
0
-8
-6
-11
-12
-10
-11
-13
-13
-18
-22
-24
-27
-33
-33
-23
-17
-14
-14
-20
-26
-29
-28
-30
-37
-34
-35
-34
-31
-31
-33
-33
-34
-35
-33
-32
-34
-35
-36
-36
-33
-34
-28
-31
-29
-27
-32
-38
-37
-38
-38
-36
-41
-40
-42
-38
-31
-32
-30
-31
-32
-30
-33
-39
-40
-42
-41
-43
-45
-41
-46
-46
-49
-54
-49
-47
-47
-43
-40
-39
-40
-42
-44
-43
-42
-39
-37
-35
-34
-27
-27
-33
-37
-30
-33
-34
-27
-30
-23
-30
-33
-32
-32
-30
-24
-18
-16
-6
-2
-5
-3
-10
-9
-12
-4
0
0
4
-1
6
10
10
9
13
14
16
17
15
14
15
17
16
25
29
29
26
23
26
27
25
24
27
31
40
40
39
47
45
49
55
56
60
61
52
47
51
43
41
45
41
35
35
38
43
41
40
42
37
36
35
35
32
34
36
31
27
23
24
20
19
7
9
14
11
16
15
12
8
6
8
12
16
15
18
19
12
14
14
14
13
15
17
18
17
15
18
14
20
19
17
6
2
9
12
15
10
11
13
20
23
23
26
21
18
17
19
17
16
11
9
14
16
19
27
30
35
39
43
46
37
35
27
24
23
19
16
19
13
26
31
26
26
28
29
23
22
17
19
14
15
17
11
9
7
7
8
7
1
-3
-2
-3
-12
-16
-12
-11
-11
-11
-15
-18
-10
-3
2
-5
-18
-17
-23
-29
-23
-28
-34
-33
-33
-28
-24
-27
-25
-19
-18
-7
-9
-10
-15
-13
-13
-19
-26
-27
-22
-21
-15
-13
-20
-13
-7
-9
-8
-11
-13
-17
-17
-18
-21
-18
-16
-18
-21
-18
-19
-24
-29
-30
-36
-37
-39
-43
-44
-50
-49
-53
-52
-51
-45
-42
-34
-32
-37
-38
-46
-58
-58
-53
-57
-57
-58
-57
-60
-59
-58
-63
-66
-65
-58
-52
-47
-41
-43
-49
-50
-54
-53
-49
-45
-44
-43
-38
-37
-40
-39
-38
-35
-29
-27
-27
-28
-20
-17
-15
-7
0
0
-3
-10
-15
-15
-18
-20
-14
-6
0
5
8
10
8
7
8
6
2
4
1
-2
-3
-4
1
10
16
24
26
25
29
34
36
37
35
29
23
19
19
23
22
33
37
33
37
35
44
43
44
43
37
31
29
29
25
26
19
19
22
24
24
26
33
32
34
34
25
33
36
33
32
28
22
16
16
19
18
18
24
27
29
30
31
37
36
34
37
32
32
37
37
39
37
35
29
26
25
24
28
27
22
14
13
10
10
10
6
9
11
14
15
9
8
11
6
9
7
9
2
7
8
7
18
9
7
2
12
11
16
12
3
5
7
13
7
3
2
2
2
3
2
2
-2
1
7
6
7
3
0
-1
2
8
4
5
3
1
4
4
5
0
3
10
14
14
13
9
5
4
9
14
11
11
5
7
6
7
11
9
12
17
17
17
21
29
25
26
24
23
17
14
21
16
8
12
19
17
15
13
6
6
5
1
-4
-8
-13
-14
-16
-13
-13
-16
-14
-14
-10
-16
-14
-14
-14
-13
-14
-15
-24
-22
-29
-27
-29
-34
-38
-38
-39
-34
-29
-33
-33
-35
-34
-36
-38
-45
-41
-42
-42
-46
-58
-53
-52
-54
-46
-45
-45
-45
-47
-44
-50
-45
-47
-49
-46
-40
-31
-39
-35
-37
-32
-29
-23
-23
-26
-18
-17
-7
-11
-8
-6
-8
-4
-8
-9
-13
-7
-6
-5
1
-8
-8
-8
-16
-9
-11
-13
-18
-18
-7
-10
-6
-6
-6
-8
-9
-4
-7
-6
-2
-4
2
7
7
11
9
11
13
8
8
3
0
5
8
14
19
23
23
24
24
23
22
26
21
22
20
14
22
13
18
16
15
20
13
16
18
20
21
25
26
21
17
17
20
21
23
28
22
22
19
20
22
21
26
31
32
36
37
27
23
28
35
37
32
28
25
24
31
29
28
29
25
21
24
28
26
30
29
30
29
25
32
24
20
27
22
17
13
17
20
14
15
20
15
10
11
19
22
17
15
14
4
4
5
4
10
8
9
13
13
9
5
6
11
13
12
15
9
11
13
7
8
12
22
19
15
12
14
16
18
12
7
11
7
6
4
6
8
6
7
5
2
-6
-8
-8
-10
-1
-1
2
-1
-5
-9
-15
-17
-20
-14
-8
-4
-8
-8
-17
-21
-21
-27
-26
-25
-23
-21
-20
-24
-31
-30
-29
-29
-34
-34
-35
-40
-41
-42
-35
-37
-36
-29
-30
-41
-35
-42
-43
-39
-39
-35
-30
-28
-35
-39
-38
-33
-40
-36
-32
-36
-41
-42
-36
-39
-39
-45
-45
-39
-40
-34
-31
-26
-21
-19
-11
-16
-29
-31
-31
-33
-30
-38
-31
-27
-26
-25
-19
-17
-16
-13
-14
-15
-21
-19
-21
-20
-18
-12
-9
-7
-4
4
6
4
-2
-11
-13
-10
-8
-6
-3
-4
3
4
6
7
11
11
17
21
19
24
23
16
12
16
16
14
16
17
20
24
30
33
31
33
23
17
18
13
18
23
19
19
20
17
15
20
23
21
22
21
22
28
20
18
23
28
32
34
31
28
32
30
32
33
32
35
33
37
36
34
30
31
30
31
37
38
40
34
34
30
29
28
25
25
18
23
21
16
25
26
23
24
22
18
16
11
11
8
2
-5
-4
0
-10
-2
-5
-11
-7
-12
-8
-7
-13
-18
-24
-30
-31
-31
-25
-20
-20
-17
-17
-24
-22
-18
-15
-20
-19
-14
-18
-15
-16
-14
-5
-7
-6
2
0
-7
-4
-3
1
2
1
-3
-7
-9
-14
-16
-13
-7
-2
1
2
1
0
4
6
5
2
3
-2
5
2
1
3
-3
-2
2
7
2
4
5
2
2
2
5
9
4
4
0
-3
-4
-5
-10
-12
-12
-13
-16
-17
-15
-19
-20
-16
-17
-20
-25
-24
-30
-34
-31
-31
-27
-31
-32
-35
-38
-34
-34
-37
-37
-41
-39
-35
-32
-31
-32
-27
-27
-18
-15
-17
-13
-14
-16
-16
-18
-26
-23
-21
-21
-18
-14
-14
-15
-14
-11
-8
-7
-4
-1
-2
0
1
-1
1
1
-1
4
9
17
17
18
20
18
15
20
25
26
29
27
27
20
22
25
26
27
32
28
26
26
25
27
20
26
23
18
16
11
14
12
14
18
16
15
22
28
25
21
20
18
19
16
17
17
22
18
14
22
19
19
20
25
33
33
28
30
27
24
20
22
27
34
30
26
29
29
27
29
24
24
19
18
26
23
21
24
25
17
23
22
12
15
13
16
19
19
21
19
22
24
23
19
17
9
6
7
1
3
-7
-7
-3
-4
3
6
2
4
-5
-8
-9
-13
-12
-12
-14
-20
-16
-20
-19
-15
-11
-10
-11
-11
-11
-12
-13
-15
-17
-15
-16
-16
-16
-17
-20
-20
-23
-26
-22
-23
-32
-34
-27
-31
-26
-20
-18
-12
-15
-17
-16
-17
-15
-16
-20
-21
-24
-23
-24
-26
-28
-27
-29
-21
-14
-5
-7
-8
-4
-5
-1
-7
-8
-9
-3
-5
-11
-12
-18
-22
-27
-21
-20
-19
-20
-23
-20
-25
-28
-23
-21
-18
-12
-5
-3
-5
-9
-12
-9
-8
-11
-10
-9
-5
2
-2
2
-1
3
7
9
13
16
19
20
17
17
18
18
16
19
18
21
22
19
22
15
14
14
9
10
8
12
12
16
20
20
22
13
10
10
12
15
10
11
5
5
7
-2
0
0
-4
-3
-5
-2
1
2
4
0
-6
-7
-7
-8
-10
-10
-6
-6
-9
-18
-20
-25
-30
-23
-21
-23
-16
-19
-19
-18
-23
-21
-21
-21
-12
-10
-9
-10
-13
-14
-24
-27
-24
-18
-19
-11
-10
-7
-9
-12
-10
-9
-1
5
8
2
0
-5
-8
-9
-8
-3
5
2
1
1
-2
-1
-5
-3
-4
-1
1
1
-4
-3
-5
-1
9
5
4
5
6
2
0
6
6
5
3
5
7
15
18
26
31
30
24
18
15
7
17
19
23
25
31
35
27
24
22
26
32
35
28
27
24
25
27
27
24
24
22
18
23
24
22
18
23
22
21
12
11
6
11
16
16
19
19
15
9
15
9
7
10
9
9
4
6
9
10
14
14
11
14
13
7
7
3
3
-2
-1
-1
9
15
14
11
7
8
4
5
11
6
3
4
-4
-2
2
3
-1
-4
2
3
4
7
7
4
5
4
2
2
4
3
-1
-3
-4
-10
-13
-10
-15
-17
-14
-18
-14
-7
-16
-15
-18
-23
-21
-16
-15
-14
-14
-22
-21
-24
-27
-31
-29
-28
-30
-27
-28
-30
-27
-25
-30
-34
-32
-35
-37
-35
-35
-31
-34
-33
-41
-41
-34
-29
-30
-31
-33
-33
-30
-36
-34
-33
-24
-22
-26
-24
-30
-29
-29
-34
-31
-23
-22
-23
-21
-24
-22
-20
-15
-10
-7
-6
-5
-7
-11
-14
-13
-18
-17
-17
-22
-20
-18
-20
-15
-9
-11
-9
-11
-9
-14
-14
-10
-14
-11
-13
-13
-11
-8
-10
-4
0
0
-1
2
7
11
13
9
9
4
6
14
14
18
19
15
10
10
15
17
20
21
24
27
19
24
22
26
26
26
25
24
26
25
36
37
37
36
36
27
28
31
30
30
29
33
36
38
42
44
39
41
44
47
53
47
41
45
43
43
46
50
53
57
62
64
60
64
65
55
55
52
48
45
43
41
36
38
39
32
30
30
32
31
32
31
30
33
31
24
23
14
14
16
9
17
12
10
10
4
2
-3
-7
-1
0
-4
-3
-14
-13
-12
-16
-16
-14
-17
-24
-21
-23
-23
-23
-25
-29
-29
-14
-20
-22
-28
-33
-30
-27
-26
-27
-20
-18
-17
-16
-25
-33
-30
-23
-19
-20
-17
-25
-29
-27
-30
-20
-18
-16
-11
-12
-11
-11
-8
-8
-9
-12
-18
-21
-23
-25
-29
-29
-30
-28
-23
-18
-20
-23
-26
-28
-32
-36
-30
-29
-34
-42
-47
-46
-48
-48
-50
-45
-44
-49
-45
-44
-47
-41
-37
-37
-42
-44
-44
-47
-46
-48
-46
-43
-45
-46
-44
-43
-42
-38
-43
-41
-30
-25
-24
-26
-24
-23
-22
-23
-25
-28
-25
-25
-25
-23
-16
-11
-11
-7
-5
-11
-17
-18
-10
-6
-5
-3
-1
-5
-5
-5
-7
-1
7
4
7
5
3
6
0
5
6
9
12
11
13
12
11
13
19
18
18
18
14
18
12
20
26
28
27
30
34
25
21
17
26
28
31
39
37
43
43
44
41
41
39
42
43
38
38
37
33
33
34
36
47
49
50
48
45
54
50
43
42
39
38
37
33
30
33
39
49
56
51
52
55
49
46
43
36
31
35
37
36
38
36
35
38
38
38
40
38
38
37
31
27
26
29
25
27
26
32
25
19
20
20
19
21
24
21
21
16
14
16
15
10
13
9
4
9
7
5
4
0
-6
-7
-7
-8
-5
-6
-9
-9
-14
-10
-11
-17
-22
-20
-21
-18
-16
-24
-20
-21
-26
-22
-22
-26
-24
-26
-21
-15
-16
-17
-15
-13
-11
-12
-17
-15
-16
-23
-22
-21
-26
-27
-25
-27
-28
-18
-18
-17
-14
-13
-13
-23
-23
-26
-25
-23
-19
-16
-14
-13
-13
-18
-23
-27
-27
-27
-26
-21
-24
-21
-27
-35
-36
-36
-31
-32
-36
-37
-37
-40
-44
-48
-55
-45
-45
-47
-46
-49
-41
-45
-45
-44
-39
-37
-37
-34
-36
-36
-42
-41
-39
-40
-38
-35
-35
-38
-37
-42
-34
-36
-39
-35
-33
-29
-31
-26
-24
-15
-16
-17
-13
-22
-23
-26
-29
-25
-18
-22
-17
-13
-17
-21
-14
-5
-5
-9
-9
-8
-4
-3
-6
-8
-9
3
8
10
13
15
18
19
19
18
13
11
8
3
1
6
3
6
9
11
13
10
12
7
14
17
11
18
20
19
24
26
23
29
26
32
34
27
32
32
34
41
42
38
46
59
65
70
68
61
58
54
49
47
46
40
37
46
52
57
53
51
51
52
53
54
52
50
49
48
48
45
40
40
45
46
49
45
43
37
37
43
38
41
41
28
27
30
36
33
32
33
28
34
36
33
39
38
36
36
36
33
34
30
31
36
33
30
25
25
22
27
29
25
25
19
17
19
10
10
7
5
3
5
2
0
0
-3
-6
-5
-7
-9
-5
-8
-4
-3
-5
-10
-9
-17
-23
-26
-21
-24
-24
-25
-32
-30
-33
-35
-41
-43
-45
-45
-43
-44
-43
-36
-43
-43
-41
-44
-43
-40
-36
-34
-34
-42
-50
-43
-44
-40
-38
-38
-36
-37
-36
-36
-32
-28
-40
-43
-42
-41
-43
-50
-42
-37
-34
-33
-31
-33
-32
-31
-27
-22
-28
-39
-40
-43
-40
-39
-32
-21
-15
-15
-12
-13
-15
-9
-10
-11
-11
-11
-21
-23
-30
-30
-23
-18
-13
-9
-9
-11
-6
-14
-18
-17
-24
-25
-23
-28
-27
-27
-23
-17
-22
-20
-18
-16
-13
-7
-7
-12
-13
-18
-24
-21
-17
-19
-16
-17
-14
-8
-9
-4
1
0
-4
-11
-7
-7
-2
1
2
7
7
8
7
6
13
18
16
13
15
11
13
13
12
13
17
21
24
23
24
26
20
19
20
18
19
15
11
16
13
20
19
20
24
21
22
19
15
17
19
14
11
10
12
10
14
17
18
14
14
18
23
25
18
16
18
14
12
14
14
8
10
14
22
27
27
24
19
11
19
25
25
24
21
30
34
37
39
33
28
30
35
31
36
42
37
45
44
41
46
44
43
41
48
51
39
36
36
31
29
26
25
22
28
34
33
32
30
27
37
31
20
18
12
10
4
10
14
17
13
6
6
9
7
6
3
-5
-7
-6
-11
-13
-8
-4
1
-2
-7
-10
-19
-24
-20
-22
-30
-30
-25
-23
-23
-29
-31
-28
-25
-29
-23
-23
-20
-19
-20
-20
-29
-31
-28
-23
-19
-18
-8
-5
-4
0
-6
-3
-8
-8
-12
-14
-13
-12
-11
-10
-6
-6
-6
-5
1
-4
-3
-2
-1
-3
-7
-7
-11
-13
-12
-14
-13
-10
-12
-9
-10
-11
-12
-17
-16
-21
-27
-16
-21
-25
-30
-32
-30
-24
-22
-24
-20
-22
-22
-22
-21
-23
-27
-31
-31
-25
-28
-32
-29
-26
-18
-22
-21
-19
-21
-14
-12
-12
-12
-3
-9
-9
-6
-18
-15
-15
-12
-12
-12
-8
-12
-7
0
5
8
3
-2
3
3
2
0
-1
-5
-4
0
-7
-7
-13
-9
-12
-10
-3
-4
-5
-5
-7
-9
-14
-12
-9
-13
-8
-3
1
0
2
-4
-8
-8
-11
-11
-3
-7
-14
-13
-13
-9
-4
-8
-2
1
-3
3
-11
-14
-18
-14
-7
-9
-12
-7
-8
-2
7
3
3
-5
-5
3
3
-2
1
3
5
9
10
11
8
7
7
7
10
12
19
18
17
18
18
17
17
22
22
23
21
24
23
19
21
23
26
22
23
27
20
25
30
33
30
31
33
36
33
33
35
35
36
39
32
28
31
25
30
32
31
34
37
34
27
23
14
11
13
7
7
9
8
9
12
12
13
12
12
12
9
12
6
-1
-3
-13
-7
-8
-12
-9
-11
-11
-11
-6
-6
-2
-5
-7
-12
-15
-14
-13
-10
-7
-9
-9
-7
-3
2
-3
-2
-6
-3
-5
-15
-16
-14
-11
-8
-8
-8
-8
-12
-7
-7
-4
-3
-4
2
1
-4
-5
-7
-17
-15
-12
-2
2
-3
0
-1
0
-4
0
0
1
1
2
12
10
7
3
4
9
13
15
10
13
18
11
12
11
11
18
18
19
23
20
13
20
14
16
19
18
19
29
30
19
20
17
16
16
15
16
16
17
15
12
15
19
13
10
10
8
7
10
6
1
3
-1
-1
-1
-5
-10
-4
-1
3
5
1
-3
-8
-5
-12
-13
-15
-22
-18
-23
-22
-17
-17
-18
-13
-21
-21
-16
-16
-20
-26
-25
-27
-22
-28
-32
-28
-26
-20
-16
-17
-17
-12
-17
-16
-20
-27
-23
-20
-15
-13
-16
-22
-24
-18
-20
-19
-15
-17
-16
-17
-27
-27
-24
-19
-13
-16
-10
-5
-6
-10
-21
-26
-25
-26
-23
-24
-22
-17
-20
-16
-12
-13
-9
-1
1
4
0
0
4
3
4
0
1
0
6
5
4
10
10
8
11
6
3
5
3
5
11
19
25
22
20
15
22
20
17
22
29
28
15
17
12
12
17
20
18
17
18
18
15
12
8
16
19
14
13
8
-1
-10
-7
-11
-9
-8
-14
-11
-6
-6
-7
-9
-10
-8
-6
-8
-10
-10
-12
-15
-12
-14
-17
-13
-14
-15
-15
-16
-17
-17
-16
-13
-5
-9
-12
-8
-14
-16
-19
-17
-18
-18
-18
-27
-30
-31
-21
-16
-8
-6
-3
-1
1
5
2
-1
-6
-4
-12
-10
-12
-9
-4
-11
-6
-5
-3
6
1
11
6
9
13
7
3
2
5
4
1
-3
-3
-5
-4
-1
-1
3
2
2
8
5
5
4
3
2
6
12
9
12
13
15
21
22
23
22
23
18
16
15
22
25
25
28
26
29
34
34
33
24
18
16
11
15
17
20
21
17
17
18
21
22
23
23
25
29
24
24
17
18
19
19
20
15
13
8
8
14
14
11
8
10
9
7
10
6
2
5
3
8
5
-1
-3
-9
-12
-13
-8
-13
-18
-16
-11
-18
-11
-8
-11
-14
-22
-16
-11
-3
-10
-11
-12
-14
-17
-18
-14
-17
-18
-14
-13
-14
-6
-9
-5
-5
-3
-6
-13
-8
-11
-10
-9
-8
-4
-3
-3
-3
-6
-7
-11
-9
-2
1
-4
-5
-12
-11
-18
-17
-9
-9
-5
1
3
3
5
5
6
2
2
5
5
5
10
5
3
6
6
13
10
6
7
2
3
5
8
9
11
12
12
7
10
9
8
11
10
10
-1
-6
-4
-3
1
4
3
5
5
9
9
1
-2
-5
-8
-15
-16
-13
-4
-8
-8
-2
-5
-7
-10
-14
-7
-2
-5
-6
-6
-7
-11
-12
-13
-12
-12
-13
-15
-15
-17
-18
-19
-24
-18
-18
-18
-15
-14
-9
-12
-17
-12
-14
-15
-14
-15
-18
-21
-22
-22
-26
-31
-29
-19
-15
-15
-14
-17
-13
-16
-17
-12
-10
-14
-15
-15
-12
-6
-4
-3
-2
-4
-1
3
-4
-5
0
3
11
6
0
3
2
2
2
7
4
10
13
9
8
7
4
0
5
5
7
5
3
-2
-6
-2
-4
-3
1
10
14
18
14
8
16
19
18
14
15
16
15
6
1
3
4
5
2
9
15
12
18
23
20
22
23
16
14
10
6
9
7
11
12
7
4
2
7
10
9
18
16
10
13
3
0
0
-2
-2
0
3
5
11
5
2
4
4
9
12
20
18
13
6
1
-3
3
10
8
4
-5
-3
-2
-3
-5
-3
-2
-4
-8
-8
-7
-1
3
-1
-1
-9
-6
-5
-7
-8
-15
-6
-9
-3
-1
-2
3
-6
-14
-14
-2
-4
-8
-13
-14
-14
-11
-11
-13
-9
-1
10
6
4
0
-7
-6
-2
1
0
-6
-15
-18
-14
-7
-6
-7
-2
2
-3
-2
3
2
3
2
6
7
6
9
7
13
11
9
8
9
15
23
20
15
17
20
21
25
26
21
21
17
22
17
14
22
18
16
13
10
11
19
16
19
20
18
17
12
13
16
19
17
16
14
8
-3
-9
-14
-19
-17
-18
-19
-16
-17
-14
-12
-15
-20
-23
-20
-21
-19
-21
-22
-23
-21
-22
-14
-12
-16
-10
-6
-1
-1
-5
-2
-6
-3
-3
-10
-6
-4
0
-1
-1
-8
-13
-11
-9
-10
-6
-6
-12
-8
-9
-11
-13
-15
-13
-13
-4
-5
-2
1
-10
-15
-17
-15
-14
-10
-7
-6
-10
-10
-7
-9
-12
-14
-18
-14
-16
-16
-11
-15
-15
-13
-11
-9
-13
-14
-22
-21
-11
-12
-6
-8
-14
-9
-3
-3
-10
-6
-2
-8
-3
-1
-1
0
-4
-2
5
10
8
7
9
11
11
14
11
7
11
9
9
10
14
14
19
17
17
10
10
15
10
19
19
18
15
21
19
20
19
13
12
10
15
10
9
8
6
11
8
7
1
0
5
6
11
9
11
9
2
4
10
6
3
7
4
4
7
5
1
5
2
5
6
2
4
4
4
2
5
11
12
12
16
18
14
11
8
8
8
-1
-2
1
-1
-2
-2
3
11
16
17
18
17
18
23
22
25
34
33
24
27
27
26
25
25
29
29
32
29
28
24
26
31
28
30
27
21
20
18
14
11
9
4
11
17
10
3
-1
-6
-6
-1
-1
6
8
7
12
11
11
8
4
2
2
-3
-7
-12
-9
-7
-8
-6
-6
0
5
6
2
-1
-9
-16
-18
-14
-16
-14
-4
-3
-4
-10
-16
-16
-20
-17
-13
-14
-11
-13
-12
-18
-20
-17
-13
-14
-20
-17
-13
-13
-20
-25
-24
-24
-21
-15
-14
-7
-2
-4
-4
-10
-11
-13
-13
-12
-8
-12
-8
-4
-5
1
0
3
-3
-9
-12
-15
-14
-16
-13
-14
-14
-16
-14
-16
-16
-20
-23
-23
-20
-23
-30
-33
-30
-34
-36
-30
-32
-29
-30
-26
-29
-24
-28
-37
-35
-38
-39
-38
-43
-41
-36
-35
-26
-23
-22
-26
-28
-31
-30
-36
-37
-33
-30
-27
-30
-22
-19
-19
-22
-15
-12
-15
-15
-18
-21
-24
-25
-17
-18
-23
-21
-24
-21
-18
-25
-21
-21
-18
-13
-16
-23
-23
-20
-17
-10
-8
1
1
-4
1
1
-3
-8
-4
5
4
-1
-3
-7
-9
0
6
9
11
15
14
14
13
13
18
20
25
30
26
21
22
21
24
26
31
35
38
47
46
46
45
39
42
41
46
47
40
44
51
55
58
61
54
58
59
60
59
56
53
53
55
56
59
58
57
51
47
46
54
51
46
44
44
46
38
34
34
38
41
41
38
40
45
37
35
34
30
39
37
27
16
10
16
16
14
18
15
12
15
20
19
21
16
9
7
-1
-2
0
-4
-5
-3
-1
-3
0
-3
-1
0
-6
3
4
3
-1
-8
-5
-4
-3
-6
-6
-9
-12
-15
-18
-16
-18
-22
-23
-18
-19
-16
-22
-22
-26
-29
-21
-17
-16
-19
-23
-31
-32
-30
-18
-20
-23
-17
-14
-4
-2
-8
-7
-11
-8
-7
-2
-4
-9
-4
3
5
0
12
8
7
13
13
16
15
18
16
20
17
17
15
17
16
12
11
7
2
-2
4
1
-4
-5
-5
-6
0
-9
-8
-11
-12
-9
-19
-18
-21
-25
-26
-28
-37
-41
-45
-42
-35
-29
-32
-43
-40
-48
-58
-51
-55
-56
-52
-51
-50
-51
-46
-49
-53
-54
-52
-48
-50
-51
-56
-53
-50
-53
-49
-46
-47
-39
-42
-44
-38
-38
-38
-40
-42
-46
-47
-43
-46
-48
-44
-35
-36
-36
-42
-42
-45
-50
-42
-42
-46
-48
-48
-47
-40
-41
-42
-38
-32
-27
-23
-21
-22
-22
-25
-28
-28
-23
-19
-16
-13
-4
2
6
12
14
12
10
11
15
13
21
23
18
20
29
31
27
29
32
37
48
51
54
59
56
52
52
50
51
54
56
56
55
56
57
66
65
67
67
62
60
61
61
58
60
50
53
58
60
66
66
64
62
55
46
45
44
42
46
43
45
48
45
45
50
52
52
51
45
43
35
35
31
21
21
24
30
30
29
33
37
44
49
44
35
30
24
29
28
29
29
25
25
23
18
13
19
19
25
28
17
11
9
10
7
5
6
10
10
15
14
16
7
0
1
2
-1
-4
-8
-9
-4
-10
-10
-7
-12
-18
-19
-18
-13
-14
-13
-15
-20
-19
-30
-28
-27
-25
-22
-23
-19
-21
-20
-23
-21
-22
-24
-22
-19
-20
-17
-12
-13
-14
-14
-16
-14
-8
-10
-8
-1
-5
-5
3
-4
-8
-4
-2
0
-6
-4
-3
-9
-3
-4
-10
-10
-15
-10
-13
-18
-22
-26
-27
-26
-20
-28
-26
-23
-22
-30
-34
-31
-32
-33
-38
-39
-37
-31
-30
-32
-35
-40
-33
-30
-32
-26
-27
-28
-33
-34
-33
-36
-37
-33
-34
-31
-29
-32
-36
-37
-32
-34
-37
-33
-42
-40
-43
-59
-52
-46
-44
-37
-40
-38
-35
-31
-28
-32
-33
-36
-34
-34
-31
-38
-39
-34
-34
-28
-28
-32
-33
-27
-25
-23
-16
-28
-33
-29
-28
-25
-22
-27
-21
-19
-20
-12
-16
-11
-11
-12
-6
-5
-5
-4
2
2
7
5
5
8
3
7
9
17
17
17
16
13
11
12
19
18
19
20
19
25
28
31
32
35
40
38
35
41
43
34
34
32
32
36
42
39
38
43
46
47
49
53
54
53
63
63
63
67
61
61
62
59
56
57
56
60
58
60
59
55
52
51
60
56
54
55
51
53
53
50
51
46
43
38
36
37
40
38
31
34
33
35
34
28
25
25
25
26
26
21
18
13
21
18
16
16
10
9
12
11
6
7
8
8
4
9
1
-7
1
5
3
0
-3
-3
-5
-1
-3
-8
-11
-16
-15
-13
-8
-4
-3
-5
-1
-6
-7
-11
-13
-11
-2
-1
-7
-9
-9
-1
-2
2
3
4
12
17
17
5
-1
0
1
2
0
-4
-8
-5
1
-2
-2
-10
-17
-17
-16
-15
-19
-15
-14
-21
-23
-26
-28
-24
-20
-19
-15
-17
-25
-31
-29
-30
-30
-32
-33
-34
-37
-36
-37
-41
-42
-47
-52
-49
-49
-53
-50
-46
-46
-45
-49
-47
-45
-46
-48
-49
-46
-38
-41
-40
-39
-44
-52
-52
-44
-42
-37
-39
-34
-33
-31
-36
-41
-40
-34
-32
-24
-19
-17
-7
-14
-17
-24
-21
-32
-31
-31
-33
-26
-28
-27
-22
-20
-20
-23
-28
-29
-23
-22
-30
-25
-31
-28
-26
-26
-24
-21
-20
-20
-21
-28
-29
-36
-40
-41
-37
-36
-36
-29
-22
-16
-12
-12
-16
-13
-10
-10
-12
-13
-9
-5
-7
-6
-3
1
2
-4
-3
0
3
11
16
25
31
31
27
25
24
18
20
19
23
31
35
43
48
46
43
41
37
38
45
47
40
37
39
41
41
44
49
45
47
42
40
45
33
38
38
40
46
43
40
39
43
40
45
45
42
43
40
38
42
39
38
38
36
34
29
30
32
30
32
29
35
37
40
34
26
29
28
26
33
32
27
25
24
26
31
34
29
27
29
27
26
27
29
30
29
28
24
22
22
20
16
12
17
14
10
6
1
-4
2
8
9
14
13
14
16
13
8
9
9
9
7
7
5
-1
4
2
0
2
2
0
0
-1
1
3
5
0
-4
0
1
-3
-5
-3
-9
-7
-5
-3
0
0
-2
-10
-7
-10
-7
-8
-11
-11
-9
-4
-8
-11
-15
-21
-18
-15
-16
-14
-17
-12
0
-2
-6
1
0
-4
-9
-16
-16
-11
-9
-7
-5
-7
-6
-6
-9
-9
-12
-9
-12
-11
-11
-13
-8
-9
-19
-23
-20
-25
-24
-13
-8
-13
-10
-25
-24
-31
-26
-22
-24
-12
-15
-18
-27
-37
-41
-34
-37
-40
-41
-40
-33
-38
-39
-38
-42
-48
-49
-45
-47
-43
-42
-48
-48
-49
-47
-48
-52
-57
-56
-45
-38
-32
-31
-36
-37
-34
-33
-38
-47
-47
-49
-47
-46
-41
-43
-41
-34
-31
-32
-39
-39
-43
-39
-34
-32
-28
-33
-33
-34
-23
-17
-14
-12
-12
-10
-7
0
-8
-5
-2
3
-4
-4
-5
-2
4
11
13
14
18
11
19
20
9
12
8
15
23
25
29
32
28
32
35
35
32
29
35
30
25
21
22
22
22
28
28
34
35
27
31
42
40
34
34
31
28
34
36
28
25
26
35
36
36
32
28
34
35
31
21
17
17
11
12
20
18
22
22
25
26
21
17
14
17
14
17
23
26
25
26
26
26
24
27
34
36
36
35
40
38
34
37
32
35
41
37
43
38
26
27
26
25
20
16
18
17
16
22
26
29
24
19
13
13
19
7
10
6
0
0
0
2
5
-2
-1
5
4
10
8
8
10
4
-2
-5
-7
-4
-1
-4
-2
-6
-5
-7
-7
-2
2
10
3
2
8
7
4
0
-6
-3
1
8
12
13
17
17
14
18
14
11
12
10
14
18
27
20
18
21
15
12
11
12
13
7
2
-6
-7
-5
-4
-3
-1
5
5
10
8
1
2
-6
-8
-8
-13
-17
-16
-14
-15
-13
-13
-16
-15
-15
-12
-19
-27
-35
-43
-43
-39
-32
-32
-31
-31
-32
-31
-34
-28
-24
-29
-33
-34
-34
-40
-41
-37
-31
-28
-26
-24
-23
-21
-24
-28
-29
-24
-24
-22
-24
-34
-28
-28
-27
-24
-23
-16
-24
-29
-30
-32
-39
-36
-32
-38
-30
-34
-38
-34
-31
-32
-38
-36
-35
-41
-42
-40
-43
-40
-43
-39
-34
-45
-41
-45
-50
-39
-37
-29
-32
-33
-37
-39
-45
-49
-36
-35
-27
-23
-20
-20
-19
-15
-16
-18
-15
-18
-19
-12
-16
-13
-10
-18
-17
-9
1
2
2
4
-2
0
0
-1
11
11
12
12
14
23
20
29
33
32
35
32
32
33
35
36
44
48
44
51
52
52
59
54
54
57
54
53
48
49
53
58
58
54
49
42
45
40
38
40
43
43
46
46
37
28
37
36
38
39
43
43
38
37
30
32
29
34
32
27
26
23
24
23
22
25
21
23
20
15
15
12
15
13
8
6
-2
1
-5
-2
-4
-6
-7
-11
-6
-5
-10
-17
-16
-9
-8
-3
-1
-4
3
3
-2
-2
-2
-1
0
3
5
5
0
-6
-11
-9
-9
-3
7
10
8
4
2
-6
-9
-9
-8
-10
-18
-18
-15
-9
-17
-9
-6
-9
-5
-3
3
4
4
0
-4
-9
-7
-6
-10
-3
-4
-9
-3
-7
-7
-5
-3
3
1
5
0
0
0
-2
-7
-6
-4
-3
3
1
2
-2
-2
0
5
5
3
-1
-2
2
2
-3
-11
-18
-25
-18
-17
-14
-15
-15
-11
-8
-1
-5
-7
2
1
-4
-5
-4
-12
-14
-16
-19
-16
-15
-12
-10
-12
-9
-10
-5
1
-3
-2
-6
-7
-6
-10
-4
-8
-12
-17
-19
-22
-26
-28
-30
-29
-29
-28
-28
-27
-31
-34
-32
-36
-29
-27
-24
-19
-26
-25
-30
-31
-34
-24
-17
-21
-14
-10
-15
-18
-22
-19
-13
-6
-3
-8
-11
-15
-17
-19
-13
-7
-2
1
-3
-3
-6
-6
-9
-16
-15
-8
3
6
11
6
10
17
14
19
16
18
15
10
14
17
15
13
12
17
22
19
19
15
24
28
26
27
21
26
27
28
30
27
32
28
28
30
24
22
18
21
26
33
40
41
39
38
34
33
32
36
34
38
39
30
29
24
21
24
22
15
14
15
25
22
22
26
24
21
24
21
14
7
3
1
1
-4
-10
-9
-11
-9
-5
-1
0
0
-1
-2
-7
-11
-5
-9
-9
-6
-3
-9
-15
-10
-1
-4
-9
-5
-12
-14
-12
-10
-11
-16
-17
-20
-11
-3
0
-1
-5
-3
-8
-8
-9
-9
-9
-9
-8
-6
-1
-2
0
4
2
3
2
-3
-4
1
1
0
0
-8
-6
-6
-9
-11
-10
1
9
12
14
14
13
15
11
13
11
11
8
-3
-5
-6
-2
-3
-2
5
3
3
8
11
7
8
4
8
8
1
7
12
10
8
11
12
9
6
3
3
4
3
5
10
10
14
14
11
12
9
6
1
2
-1
-8
-8
-8
-6
-12
-13
-13
-13
-14
-24
-23
-22
-19
-17
-26
-33
-33
-30
-35
-40
-43
-42
-42
-46
-46
-45
-45
-46
-51
-52
-53
-51
-47
-49
-49
-49
-55
-51
-48
-47
-39
-35
-35
-36
-35
-34
-35
-36
-37
-32
-34
-28
-21
-27
-28
-31
-24
-20
-13
-13
-7
-8
-2
-4
1
10
13
12
15
15
13
18
20
25
27
35
36
27
33
35
31
36
39
38
35
33
32
31
31
28
25
29
28
19
18
23
27
25
18
24
27
23
25
25
23
20
20
19
17
16
12
9
10
8
5
11
15
15
11
14
15
14
11
7
12
16
21
21
13
12
13
16
20
24
24
31
27
25
25
15
14
12
10
16
17
21
21
13
11
13
13
3
0
-2
-2
2
-1
-5
3
0
-3
-1
0
1
-2
-7
-4
-7
-13
-18
-19
-13
-20
-23
-14
-3
-6
-5
-1
1
10
12
15
19
17
15
9
3
3
-6
-2
1
6
15
21
22
18
16
17
19
25
22
23
28
29
32
21
16
12
10
7
7
12
12
7
8
16
25
30
26
17
9
15
18
15
17
17
9
9
4
-2
5
-5
-6
-7
-16
-17
-18
-10
-9
-10
-12
-19
-16
-15
-12
-10
-14
-15
-17
-15
-11
-18
-15
-14
-15
-21
-25
-26
-29
-26
-22
-19
-18
-16
-14
-13
-18
-20
-19
-18
-11
-8
-12
-17
-21
-26
-25
-24
-20
-15
-9
-6
-1
0
-7
-12
-8
-4
-7
-12
-22
-31
-30
-27
-35
-32
-32
-34
-31
-29
-24
-25
-24
-19
-22
-19
-28
-37
-36
-41
-37
-33
-32
-34
-32
-32
-26
-25
-21
-23
-32
-32
-30
-31
-31
-25
-26
-17
-20
-18
-13
-22
-23
-30
-23
-22
-21
-22
-16
-13
-11
-6
-1
-9
-17
-10
-10
-5
-6
-8
-10
-17
-14
-15
-16
-13
-9
-15
-13
-9
-5
3
5
2
-8
-7
-9
-6
-5
-2
1
3
11
12
6
10
14
17
21
21
24
25
29
28
23
23
18
18
26
28
28
31
28
25
24
23
29
27
23
24
28
35
39
39
40
42
42
42
44
33
30
31
32
30
28
33
40
49
45
39
34
35
32
34
28
16
10
13
26
30
25
25
27
30
28
22
20
19
11
9
13
13
13
11
12
11
17
21
15
15
18
13
10
12
19
24
20
18
19
26
21
23
25
23
28
26
27
19
13
13
16
18
15
20
19
17
20
23
20
26
29
26
24
23
19
22
27
17
19
15
11
14
11
6
9
14
17
18
15
11
12
11
5
3
4
6
4
13
10
5
3
-4
-9
-5
-4
-4
-4
-12
-19
-21
-23
-24
-20
-17
-19
-16
-14
-18
-20
-26
-26
-26
-29
-34
-33
-26
-23
-20
-15
-18
-16
-17
-21
-23
-23
-22
-28
-32
-29
-35
-37
-35
-28
-23
-21
-24
-25
-21
-18
-20
-19
-18
-25
-25
-22
-22
-17
-16
-19
-17
-21
-20
-18
-13
-10
-10
-8
-12
-12
-8
-9
-3
-2
-9
-9
-18
-23
-25
-30
-27
-26
-22
-22
-19
-19
-25
-22
-26
-24
-19
-17
-23
-30
-27
-35
-44
-45
-48
-46
-43
-41
-48
-41
-43
-49
-48
-51
-51
-55
-53
-50
-51
-48
-47
-44
-42
-44
-47
-49
-53
-48
-44
-45
-40
-34
-32
-30
-22
-27
-23
-21
-18
-12
-1
-6
-9
0
-4
-4
-2
-2
-1
2
1
7
20
20
17
22
19
16
22
23
22
25
26
27
27
22
23
26
23
24
26
25
23
27
29
31
33
29
28
28
32
37
43
43
38
33
32
34
32
38
42
47
52
58
51
45
47
47
43
40
45
44
39
38
38
44
47
47
50
53
50
49
44
40
40
41
40
42
46
36
33
24
28
34
33
35
34
36
25
22
23
20
26
29
31
32
33
25
19
26
27
25
26
24
21
12
7
3
7
8
9
11
10
14
10
9
7
5
2
2
5
7
4
-2
-3
-5
-4
0
0
-2
-3
-10
-12
-10
-10
-8
-8
-12
-10
-11
-22
-24
-18
-17
-7
-7
-4
-3
-12
-15
-21
-13
-12
-10
-15
-12
-4
-5
-4
-5
1
4
10
11
8
10
5
2
1
-3
-5
-8
-5
-5
-4
-1
1
6
5
1
9
9
4
-4
-11
-7
-12
-12
-6
-5
-5
-8
-11
-8
-12
-14
-12
-10
-9
-12
-14
-19
-24
-29
-31
-32
-32
-35
-38
-40
-39
-29
-30
-32
-31
-35
-33
-33
-31
-40
-40
-41
-37
-39
-41
-36
-32
-28
-26
-18
-24
-24
-34
-41
-47
-52
-50
-49
-42
-46
-45
-42
-40
-38
-38
-31
-22
-23
-16
-23
-21
-24
-29
-24
-28
-27
-25
-26
-29
-33
-29
-24
-27
-24
-15
-12
-13
-6
-10
-17
-18
-15
-9
-7
-6
-10
-17
-19
-19
-18
-18
-13
-14
-11
-5
-5
-8
-10
-11
-10
-9
-13
-14
-18
-24
-23
-17
-20
-18
-15
-13
-10
-11
-4
-5
-5
1
6
12
12
3
6
12
9
7
9
6
1
4
13
17
19
18
17
24
22
24
26
29
39
37
35
37
38
39
38
35
37
39
40
32
35
33
31
38
40
48
52
53
55
53
43
43
38
40
47
45
37
33
32
28
34
30
29
34
39
37
40
41
33
31
32
33
38
33
32
31
20
18
19
21
23
23
21
20
23
18
20
23
19
21
16
19
25
21
27
30
36
40
35
33
28
17
11
13
19
19
17
19
14
13
11
6
14
18
15
14
15
8
1
-5
-5
1
-2
2
-6
-10
-9
-9
-8
-8
-7
-3
6
5
9
8
11
8
4
2
2
-3
-2
5
-1
-2
3
5
6
7
8
3
8
10
7
2
1
4
1
-2
-1
-1
-8
-2
-1
3
3
6
7
-1
-2
-6
-9
-11
-17
-16
-15
-18
-21
-18
-17
-19
-8
-9
-14
-15
-18
-18
-18
-28
-22
-20
-27
-25
-28
-23
-26
-28
-26
-24
-21
-21
-26
-31
-36
-34
-39
-38
-37
-36
-32
-33
-31
-27
-29
-26
-30
-29
-35
-42
-41
-40
-41
-44
-41
-39
-38
-44
-45
-51
-52
-55
-50
-45
-53
-50
-47
-35
-26
-33
-39
-41
-38
-37
-40
-34
-42
-40
-39
-36
-33
-29
-27
-32
-33
-30
-26
-31
-30
-32
-37
-31
-35
-41
-38
-31
-28
-23
-16
-16
-14
-7
-6
-8
-3
-11
-11
-11
-17
-20
-14
-14
-6
-3
1
4
2
3
6
13
16
20
15
15
9
5
6
8
12
24
26
25
23
22
22
17
22
22
20
17
16
13
11
9
11
13
19
23
24
25
27
30
29
36
35
39
34
31
36
31
34
25
30
26
37
43
40
36
27
29
32
35
43
43
33
31
30
31
30
28
23
23
30
38
35
34
30
27
30
37
35
30
30
28
28
30
28
24
17
20
26
34
34
26
25
23
25
31
31
25
21
20
17
21
25
27
29
27
28
21
24
23
23
24
26
28
22
22
20
26
18
20
21
20
20
16
25
22
19
9
4
4
-1
6
9
14
17
20
24
21
22
18
16
12
11
7
4
9
9
11
11
20
19
16
11
3
2
2
6
4
6
3
3
2
-5
-7
-12
-10
-16
-10
-9
-9
-15
-27
-26
-27
-29
-31
-33
-35
-38
-38
-39
-38
-37
-35
-36
-35
-37
-38
-37
-37
-35
-33
-32
-31
-33
-30
-24
-17
-18
-18
-25
-27
-28
-29
-26
-18
-10
-13
-13
-17
-19
-21
-25
-25
-23
-17
-17
-24
-24
-23
-26
-25
-23
-24
-23
-22
-29
-23
-26
-30
-29
-28
-29
-26
-21
-23
-18
-26
-25
-30
-35
-41
-36
-32
-34
-30
-24
-18
-20
-18
-23
-24
-21
-20
-15
-11
-15
-20
-18
-22
-23
-25
-22
-17
-14
-9
-10
-9
-6
-6
-7
-8
-4
-1
-4
-5
-10
-8
-8
0
-1
-5
-2
-1
4
5
6
7
13
13
8
2
7
11
11
15
17
16
25
23
20
21
20
15
11
14
14
14
15
22
24
19
23
23
27
29
28
24
19
12
9
13
7
6
4
0
4
2
5
8
10
17
13
6
5
5
6
-4
-8
-10
-12
-9
-3
-3
-1
3
2
4
5
10
3
2
5
2
2
-7
-12
-9
-7
2
5
11
7
9
12
10
15
10
13
2
5
8
3
1
4
9
6
10
14
13
4
-3
1
1
2
7
7
10
7
11
13
13
11
12
16
22
25
24
30
26
27
24
25
28
31
33
29
28
27
20
18
21
18
24
27
23
26
24
22
17
14
16
21
29
37
47
38
40
44
37
29
36
35
39
48
38
38
40
34
36
38
36
35
26
28
25
18
17
13
8
12
20
19
20
19
19
19
14
9
5
6
3
3
-4
-2
-6
-6
2
1
4
3
4
1
-1
0
1
2
2
-2
-8
-10
-14
-15
-4
-3
1
8
7
9
6
6
2
0
-7
-11
-11
-18
-13
-15
-17
-17
-16
-6
-9
-14
-20
-24
-28
-29
-27
-34
-37
-42
-33
-28
-30
-23
-27
-28
-28
-31
-29
-37
-39
-46
-53
-50
-56
-56
-54
-51
-45
-42
-36
-32
-30
-33
-37
-36
-42
-42
-50
-48
-50
-46
-40
-43
-35
-31
-27
-25
-22
-22
-27
-29
-37
-40
-43
-37
-32
-31
-27
-27
-25
-28
-27
-30
-25
-30
-24
-25
-30
-24
-30
-27
-23
-18
-19
-14
-14
-18
-20
-22
-20
-26
-30
-32
-29
-25
-17
-8
-15
-17
-13
-15
-13
-17
-13
-11
-12
-11
-12
-15
-16
-13
-4
-3
-3
-1
-8
-7
6
8
6
4
-2
4
12
7
7
11
10
15
17
11
13
15
16
16
14
16
21
20
26
27
31
33
32
31
27
32
34
34
32
29
34
39
38
41
43
38
38
35
35
32
32
27
25
34
34
24
24
28
32
32
30
32
36
41
38
41
43
39
35
32
29
22
22
32
30
34
35
34
29
30
27
23
25
22
28
20
18
18
21
34
34
24
25
24
21
20
19
17
10
10
13
13
11
13
16
16
20
23
26
22
21
18
8
4
-4
0
2
2
5
10
12
5
8
17
22
27
23
22
25
19
13
15
19
25
20
18
21
19
19
14
15
12
13
13
15
9
10
14
12
6
8
11
9
8
12
7
0
-4
-7
-6
-4
-2
-9
-13
-14
-10
-5
-12
-12
-13
-18
-14
-15
-22
-28
-33
-32
-31
-36
-41
-45
-38
-39
-32
-30
-31
-31
-35
-34
-35
-36
-34
-37
-41
-34
-34
-37
-42
-42
-41
-37
-34
-28
-27
-30
-29
-35
-35
-32
-32
-25
-16
-13
-25
-24
-28
-32
-31
-35
-33
-34
-37
-34
-30
-35
-32
-25
-21
-19
-25
-22
-26
-33
-30
-26
-23
-27
-24
-23
-21
-18
-19
-21
-22
-26
-18
-13
-14
-14
-13
-15
-12
-10
-9
-11
-16
-21
-19
-14
-17
-11
-10
-6
-7
-3
-8
-10
-7
-10
-4
-2
-1
3
8
9
9
7
2
10
11
11
15
13
9
10
13
13
17
21
18
16
18
15
10
12
12
10
6
12
15
16
16
15
18
19
17
14
14
19
24
19
16
15
15
22
20
20
19
19
22
13
12
7
0
-7
-4
-3
-4
4
3
0
-1
-8
-8
-14
-19
-15
-15
-9
-3
-4
-2
-2
0
3
6
7
8
3
2
-1
-2
-2
4
9
10
15
9
4
6
2
-5
-3
2
2
-3
0
0
4
2
3
8
5
7
4
3
-2
1
3
0
-4
-10
-10
-9
-9
-4
-2
-6
-2
4
6
0
-5
-13
-14
-9
4
13
11
10
9
20
16
11
12
16
24
29
31
30
31
31
35
41
43
40
42
44
43
45
43
41
39
40
38
34
32
25
25
29
34
38
41
42
32
32
36
34
32
29
29
32
27
23
22
23
23
20
21
19
23
25
23
22
26
23
15
13
10
10
12
12
9
7
2
3
5
7
12
16
23
17
17
22
25
22
14
19
17
15
13
7
1
-9
-9
-8
-6
-9
-3
3
5
10
11
8
5
-1
-3
-6
-14
-15
-22
-27
-36
-35
-31
-24
-19
-24
-29
-32
-31
-39
-37
-41
-43
-49
-57
-57
-66
-62
-61
-62
-61
-56
-47
-48
-48
-48
-40
-42
-54
-56
-51
-48
-44
-39
-44
-48
-42
-38
-41
-36
-38
-41
-36
-36
-34
-26
-25
-25
-21
-22
-22
-18
-18
-11
-1
-5
-5
-2
-3
-3
-4
-6
-4
3
-1
3
0
-1
-1
-3
-7
-11
-13
-17
-19
-25
-24
-20
-23
-25
-22
-26
-22
-14
-23
-20
-22
-26
-24
-33
-32
-33
-30
-25
-22
-30
-29
-29
-30
-24
-22
-15
-18
-22
-21
-23
-24
-20
-20
-21
-11
-19
-16
-13
-13
-8
-6
-1
1
0
4
2
7
10
10
16
21
24
22
22
32
35
37
33
31
27
30
33
34
38
37
44
45
43
41
46
47
46
49
54
51
54
56
44
40
32
28
29
31
34
32
31
29
23
27
27
24
28
28
29
25
24
23
20
23
17
17
13
15
22
14
16
24
29
31
28
22
21
21
21
19
11
12
20
24
19
23
22
20
20
18
18
18
24
21
20
17
14
10
10
20
19
22
20
21
20
23
25
21
16
15
18
18
24
22
23
25
29
28
32
24
22
23
27
33
29
23
19
27
27
24
26
20
18
23
23
26
20
19
18
20
15
8
5
-3
-5
-4
-9
-6
-4
-8
-6
-4
-5
-10
-11
-16
-16
-17
-13
-15
-15
-18
-14
-16
-21
-23
-30
-29
-19
-21
-22
-29
-32
-28
-33
-34
-38
-41
-37
-38
-44
-40
-38
-37
-44
-43
-44
-45
-45
-47
-48
-55
-56
-61
-64
-65
-69
-69
-66
-66
-62
-64
-65
-65
-72
-70
-61
-61
-57
-53
-53
-52
-57
-65
-65
-66
-64
-60
-57
-50
-49
-54
-46
-41
-34
-30
-32
-34
-33
-31
-31
-32
-35
-31
-31
-27
-25
-24
-22
-21
-17
-15
-15
-11
-12
-11
-9
-5
-5
1
4
6
14
10
14
15
12
12
12
8
11
14
18
19
16
14
14
18
17
24
24
25
21
19
22
24
29
32
35
29
24
23
20
22
28
33
26
20
28
33
29
23
27
23
26
24
11
14
3
4
15
16
13
13
14
15
28
36
35
32
33
36
39
37
36
38
35
40
45
43
48
45
37
43
41
42
45
44
53
51
52
51
50
50
53
56
59
60
59
51
49
43
43
48
43
39
41
42
45
48
48
52
50
56
57
56
54
50
50
46
48
47
51
47
51
58
49
59
56
49
50
44
43
41
40
44
47
44
44
37
32
25
17
17
11
5
7
-1
-1
-1
-10
1
-2
-1
-9
-11
-5
-14
-14
-24
-28
-32
-33
-29
-27
-28
-34
-38
-36
-37
-38
-39
-46
-49
-54
-52
-52
-47
-48
-51
-50
-55
-56
-54
-54
-60
-65
-65
-64
-63
-66
-71
-72
-65
-64
-67
-62
-63
-61
-61
-60
-61
-63
-64
-64
-64
-68
-67
-72
-74
-74
-68
-59
-51
-47
-48
-47
-48
-46
-40
-37
-36
-33
-36
-32
-34
-40
-44
-41
-34
-34
-23
-23
-24
-24
-23
-22
-18
-17
-21
-26
-29
-25
-23
-25
-31
-25
-27
-27
-24
-28
-23
-22
-22
-19
-23
-25
-23
-21
-23
-20
-16
-16
-16
-14
-10
-14
-13
-20
-20
-12
-10
-11
-7
-3
-4
2
2
3
9
10
18
22
23
23
28
26
26
29
27
34
35
37
45
44
43
45
54
57
56
56
56
58
53
44
46
47
48
48
54
53
54
59
59
52
48
43
42
43
46
42
37
32
33
30
30
31
27
30
30
30
25
32
31
27
28
22
20
21
17
15
22
22
15
13
9
11
11
12
13
15
13
16
9
1
5
4
11
11
18
21
23
22
22
24
26
22
16
19
18
14
17
14
13
23
24
31
25
26
26
21
22
20
19
14
9
12
16
17
10
11
14
15
20
15
17
23
19
19
15
17
21
18
17
16
10
9
12
8
12
6
11
12
13
9
1
3
6
8
6
14
9
9
10
12
11
2
-1
0
-4
-8
-7
-11
-9
-2
-1
-12
-13
-12
-14
-12
-6
-5
-2
-4
-7
-12
-17
-19
-23
-19
-17
-19
-18
-24
-28
-25
-24
-27
-23
-24
-25
-21
-17
-26
-33
-31
-38
-31
-28
-38
-40
-45
-46
-47
-52
-55
-57
-56
-53
-49
-45
-51
-50
-52
-55
-55
-56
-63
-61
-54
-58
-56
-59
-62
-65
-53
-52
-52
-53
-48
-40
-47
-40
-45
-43
-40
-40
-36
-34
-29
-29
-26
-26
-23
-16
-19
-23
-17
-14
-8
-9
-6
-10
-10
-9
-9
-8
-5
-3
-5
-9
-14
-11
-12
-2
-6
-9
-13
-14
-10
-6
-4
-2
-3
7
9
8
11
5
6
9
12
8
9
6
-3
3
7
6
8
9
2
2
7
10
9
12
16
19
20
14
16
24
24
17
14
19
20
15
21
24
28
33
34
42
35
33
27
29
31
25
28
19
17
17
18
19
22
27
22
21
22
27
32
31
33
33
35
29
28
29
34
35
35
39
35
31
33
37
36
38
41
39
47
44
41
42
33
36
34
31
30
32
40
45
44
43
40
45
47
43
41
42
39
32
27
26
26
26
24
23
27
34
31
32
29
28
26
23
17
19
16
12
13
13
13
13
18
15
16
19
14
11
4
1
0
1
1
-1
3
-1
5
-2
-6
-6
-9
-6
-7
-4
-2
-10
-13
-20
-25
-21
-18
-13
-11
-14
-15
-13
-15
-11
-10
-12
-11
-11
-19
-17
-14
-20
-15
-11
-12
-15
-15
-19
-26
-33
-42
-38
-32
-23
-30
-33
-25
-33
-34
-34
-34
-40
-44
-35
-38
-42
-41
-44
-44
-40
-39
-36
-34
-33
-30
-19
-18
-20
-21
-25
-22
-24
-18
-16
-20
-20
-15
-13
-18
-23
-21
-18
-22
-17
-14
-13
-10
-8
-10
-8
-9
-15
-14
-18
-15
-17
-19
-24
-29
-26
-26
-22
-21
-22
-25
-25
-18
-22
-27
-31
-29
-24
-29
-26
-18
-25
-24
-18
-20
-15
-16
-17
-14
-20
-21
-29
-30
-31
-29
-29
-30
-29
-31
-24
-16
-8
-1
0
-6
-10
-7
-8
-9
-6
-4
-5
-3
-7
-2
3
5
10
12
13
9
12
14
16
17
16
21
22
17
23
24
29
31
34
39
44
46
42
47
49
42
35
29
30
39
37
38
33
32
30
30
33
35
38
31
25
24
30
29
23
23
22
27
31
27
23
15
15
12
11
19
16
16
8
7
11
13
19
21
25
22
24
22
18
17
18
15
13
17
9
7
8
7
10
15
12
15
15
10
9
8
11
7
10
15
15
11
11
9
9
16
16
15
19
5
-4
-10
-7
0
0
5
5
9
15
16
14
9
8
10
11
8
2
1
1
-2
4
5
12
19
15
11
7
1
-3
-3
-3
1
9
8
9
3
-3
-3
-6
-5
-5
-6
-4
-3
-10
-7
-12
-8
-11
-14
-14
-20
-15
-14
-11
-15
-15
-13
-20
-22
-24
-21
-20
-21
-20
-21
-16
-16
-20
-22
-27
-32
-38
-35
-33
-32
-32
-29
-27
-29
-31
-38
-37
-42
-40
-37
-35
-44
-46
-54
-52
-41
-42
-38
-34
-28
-23
-25
-21
-22
-28
-24
-23
-22
-24
-33
-32
-29
-25
-18
-9
-8
-2
-3
-6
-4
-2
-2
-9
-12
-9
-8
-7
-4
-2
-4
-1
-3
1
3
2
7
8
11
6
10
11
11
14
19
25
22
24
28
27
30
28
22
26
26
22
26
27
31
29
26
29
31
29
26
28
37
44
45
38
33
31
26
26
24
16
20
22
27
39
36
34
34
33
30
36
31
25
26
24
18
8
9
9
9
12
8
8
8
10
9
8
10
8
13
16
11
12
1
-2
3
4
7
11
22
23
23
19
10
7
4
6
5
1
1
-1
-1
-3
2
1
-1
3
3
2
0
2
-6
-9
-6
-4
-5
-2
-6
-8
1
4
8
2
-6
-8
-12
-14
-11
-19
-22
-25
-16
-15
-17
-7
-11
-8
-9
-13
-10
-11
-15
-12
-14
-20
-20
-18
-16
-14
-11
-11
-17
-22
-17
-18
-20
-19
-16
-14
-16
-17
-17
-23
-19
-13
-21
-12
-17
-9
-13
-12
-23
-4
-23
-4
-34
5
-67
-44
76
-117
39
-45
-8
-3
-75
3
-8
-65
-27
-13
-40
-31
-5
-13
-43
7
-41
23
-32
19
-34
21
-8
-29
13
-29
8
-22
13
-11
13
4
2
29
-2
16
-1
14
0
6
16
-6
7
-1
8
-1
17
22
5
10
17
-9
2
2
-4
-16
-12
-5
-5
-2
5
-4
-7
-2
-9
7
0
-3
-7
-12
-20
-12
-21
-18
-12
-7
-4
-1
-4
-9
-6
-12
-4
-11
3
-4
-4
1
-3
3
5
11
9
16
14
14
10
10
13
10
13
15
15
18
19
18
24
30
34
31
28
26
25
13
23
15
25
35
14
45
41
44
40
32
25
17
28
8
17
42
8
24
26
20
36
28
53
27
41
41
24
32
26
28
26
24
32
37
38
43
38
47
42
38
37
34
30
17
14
15
13
15
23
14
19
19
14
12
11
8
9
8
-2
3
1
0
2
-6
-6
4
6
2
-5
-4
-7
-15
-18
-21
-21
-27
-25
-22
-22
-18
-17
-17
-14
-16
-19
-16
-16
-28
-33
-28
-33
-19
-14
-22
-20
-27
-29
-27
-22
-26
-22
-19
-24
-14
-22
-21
-19
-16
-11
-20
-14
-23
-18
-25
-26
-17
-25
-15
-26
-12
-16
-9
-13
-16
-14
-22
-12
-14
-10
-10
-9
-1
-3
-2
2
-7
1
-2
-6
-17
-14
-17
-20
-8
-10
-9
-12
-22
-26
-23
-17
-6
-22
-8
-18
-16
-8
-10
-9
-14
-3
-12
-11
-12
-12
-23
-10
-19
-13
-8
-31
-23
-21
-14
-14
-8
-13
-18
-8
-12
-15
-17
-13
-10
-11
-6
-4
-11
-14
-8
-14
-5
-7
-9
-2
-4
2
-2
-5
-2
-2
4
3
-1
2
-9
-6
-6
-4
-10
-5
-5
-10
4
5
1
-4
-7
-6
-1
-1
-2
-9
-13
-18
-18
-3
-12
-8
-7
-10
-5
-11
-5
-13
-4
-4
-5
-6
-9
-13
-14
-11
-10
-7
-7
-6
-9
-3
0
1
-3
14
7
14
17
7
11
1
3
-3
3
0
-3
-1
-2
8
8
13
24
31
26
28
22
11
16
17
23
16
18
18
15
19
18
19
22
27
26
24
30
27
23
35
19
24
20
21
20
20
30
21
34
28
30
35
28
32
25
33
35
39
42
43
49
46
45
43
47
34
40
44
45
39
40
42
45
49
44
52
51
47
45
52
49
47
38
40
39
42
44
35
33
27
35
37
32
19
26
30
22
29
20
14
9
17
13
10
9
11
18
8
18
14
14
13
6
7
2
0
-3
-2
-1
-2
0
-5
-12
-8
-20
-18
-20
-26
-24
-35
-35
-39
-38
-30
-28
-22
-26
-29
-23
-29
-30
-30
-41
-42
-44
-48
-42
-41
-41
-47
-50
-40
-43
-32
-33
-26
-31
-34
-32
-38
-34
-49
-44
-48
-51
-42
-42
-34
-32
-38
-33
-36
-33
-34
-37
-31
-44
-37
-46
-44
-40
-47
-34
-29
-24
-32
-34
-33
-28
-32
-29
-24
-30
-22
-31
-26
-40
-36
-34
-31
-25
-24
-19
-22
-22
-24
-22
-30
-27
-27
-26
-22
-26
-31
-28
-32
-24
-18
-18
-16
-15
-12
-11
-15
-12
-18
-26
-21
-25
-12
-16
-16
-16
-19
-14
-24
-9
-9
-12
-9
-14
-15
-15
-6
-10
-18
-16
-13
-14
-14
-12
-13
-14
-7
-9
1
4
-2
9
4
6
8
6
1
3
9
9
12
9
16
1
6
10
18
26
17
24
19
19
17
25
23
22
24
23
28
34
37
36
40
41
37
29
28
22
26
29
28
28
24
32
31
40
47
47
41
36
40
37
32
25
29
32
37
37
37
34
26
24
32
38
39
42
37
36
34
34
33
32
37
41
41
43
49
48
48
47
53
49
44
46
46
46
42
41
43
47
43
42
34
30
38
37
43
45
39
38
35
37
38
36
40
33
33
30
31
33
30
29
21
29
24
28
32
25
20
18
18
11
11
8
8
8
1
0
0
-5
-12
-6
-8
0
1
-9
-14
-20
-23
-20
-17
-14
-11
-13
-11
-10
-10
-20
-23
-22
-30
-33
-33
-28
-18
-21
-27
-18
-19
-22
-20
-24
-25
-33
-35
-36
-39
-37
-36
-42
-42
-34
-37
-36
-33
-28
-27
-30
-28
-30
-26
-28
-35
-42
-47
-55
-56
-57
-59
-49
-44
-36
-35
-37
-38
-40
-38
-41
-44
-43
-37
-40
-40
-37
-34
-32
-32
-29
-24
-23
-29
-31
-31
-38
-35
-34
-35
-31
-26
-25
-13
-10
-14
-18
-26
-27
-28
-31
-30
-35
-37
-35
-29
-30
-26
-18
-24
-23
-26
-22
-27
-30
-28
-32
-36
-44
-44
-43
-33
-22
-13
-7
-7
-11
-10
-14
-15
-18
-15
-18
-22
-15
-18
-18
-16
-11
-6
0
-1
-2
-1
-3
-9
-11
-6
-1
2
3
6
3
8
8
14
20
17
16
13
10
11
7
6
14
16
29
33
30
33
29
23
29
33
30
34
29
25
28
23
26
26
29
37
43
44
36
35
32
34
38
36
39
41
34
37
37
36
44
49
49
48
42
47
41
34
39
32
44
36
26
34
32
26
35
28
28
31
30
32
29
27
34
32
22
23
25
29
22
35
43
25
22
23
28
24
34
36
28
18
21
27
19
30
34
38
18
19
20
18
20
40
34
28
26
32
34
12
48
-108
-105
44
5
19
12
12
-11
-94
-42
96
54
61
100
12
-18
-39
2
30
20
61
86
58
55
2
8
-12
-30
1
17
11
-18
-20
-38
-56
-67
-44
-16
3
18
3
-2
-40
-60
-53
-46
-35
-22
14
1
-7
-3
-24
-21
3
15
0
20
30
20
11
-8
-13
-22
-11
0
-11
-3
-5
-31
-32
-47
-55
-52
-59
-37
-31
-46
-38
-47
-65
-60
-42
-25
-16
-14
-16
-24
-35
-35
-29
-30
-10
-3
-7
-10
-23
-23
-25
-27
-23
-16
-5
-9
-28
-25
-37
-48
-34
-31
-20
-17
-16
-12
-23
-26
-25
-14
-18
-25
-6
-9
-28
-34
-38
-43
-51
-49
-45
-37
-39
-60
-53
-57
-68
-60
-44
-37
-45
-46
-40
-53
-73
-59
-40
-31
-29
-26
-32
-39
-34
-34
-29
-27
-31
-30
-31
-39
-49
-50
-49
-50
-41
-38
-36
-44
-38
-35
-41
-33
-19
-14
0
-2
-8
-9
-14
-6
0
12
30
29
26
22
15
3
2
21
27
33
35
34
20
17
20
27
36
31
33
26
24
21
17
18
22
33
41
41
38
39
32
27
40
52
57
59
59
54
50
46
33
42
47
52
56
57
59
44
35
42
48
48
56
61
62
55
46
47
55
66
65
69
56
56
61
65
69
64
80
77
70
66
69
64
53
59
56
53
66
65
65
62
61
58
57
57
54
50
52
45
34
42
39
34
38
30
26
31
31
25
14
13
15
21
14
8
19
17
18
27
27
29
24
16
10
5
9
15
12
7
18
13
11
7
4
12
6
-2
-4
1
-4
-15
-16
-12
-13
-11
-17
-7
0
0
-3
-19
-26
-30
-20
-12
-13
-13
-22
-29
-40
-42
-51
-39
-30
-32
-33
-35
-37
-47
-55
-49
-47
-51
-35
-32
-40
-49
-52
-59
-52
-49
-43
-31
-31
-48
-64
-57
-54
-45
-38
-30
-18
-26
-35
-43
-50
-44
-48
-44
-32
-44
-44
-50
-65
-60
-58
-46
-42
-40
-42
-46
-52
-55
-51
-51
-42
-41
-37
-45
-54
-61
-61
-53
-53
-43
-44
-47
-55
-61
-63
-63
-55
-58
-48
-52
-57
-48
-58
-62
-52
-45
-43
-42
-44
-50
-56
-59
-50
-36
-39
-36
-35
-28
-32
-41
-33
-28
-18
-19
-23
-35
-41
-46
-43
-39
-40
-29
-22
-19
-28
-20
-13
-10
0
4
9
-3
-6
-15
-10
-6
-10
7
11
9
4
2
13
14
10
12
24
25
3
5
10
3
-1
10
30
32
31
35
39
40
46
50
49
51
53
62
55
47
37
38
51
55
66
64
60
66
58
55
56
56
60
65
60
60
67
64
67
73
72
71
70
70
67
65
69
70
66
69
65
69
64
63
72
72
67
69
66
57
55
52
62
59
61
64
61
70
69
71
59
54
57
58
61
59
65
63
65
66
59
62
60
56
52
45
46
44
48
45
43
50
44
44
42
42
38
41
40
32
24
7
8
-3
0
14
16
11
15
13
5
4
-1
-1
6
5
-6
-7
-11
-13
-28
-32
-24
-15
-8
-7
-12
-15
-15
-17
-21
-18
-15
-12
-12
-17
-18
-30
-29
-22
-19
-21
-29
-27
-36
-35
-29
-29
-26
-36
-35
-41
-43
-42
-34
-30
-33
-32
-32
-41
-50
-52
-44
-33
-34
-32
-29
-40
-46
-50
-49
-39
-31
-35
-35
-41
-42
-51
-49
-41
-44
-40
-42
-46
-45
-48
-56
-59
-53
-41
-43
-45
-51
-55
-62
-56
-43
-41
-42
-49
-54
-61
-64
-61
-59
-61
-66
-71
-71
-70
-65
-64
-53
-53
-54
-51
-51
-50
-49
-48
-50
-47
-46
-48
-50
-54
-48
-41
-33
-27
-20
-27
-35
-46
-61
-61
-52
-46
-33
-27
-28
-38
-46
-50
-45
-36
-31
-19
-12
-13
-24
-28
-22
-15
-18
-5
-2
-7
-5
-8
-8
-8
-11
-8
-3
3
6
-2
-4
0
-9
-14
0
3
11
18
12
12
18
13
12
23
28
21
15
16
16
18
15
23
32
31
28
34
37
38
39
37
37
48
46
36
27
15
24
31
38
45
43
36
26
25
34
39
49
60
55
47
38
29
30
31
35
33
27
25
26
29
33
40
45
48
42
40
45
47
45
51
52
46
51
51
49
42
37
45
49
53
52
47
38
28
26
18
25
31
36
43
31
26
27
23
24
36
44
40
46
36
29
36
40
51
56
60
63
53
60
69
63
63
53
48
54
50
47
40
37
44
51
52
48
47
53
55
47
45
38
29
27
29
34
32
30
29
29
26
25
22
26
25
21
21
16
21
23
19
16
11
16
18
16
11
5
2
-2
-5
-2
-6
0
-1
-4
-2
-2
-5
-5
-4
-4
-11
-20
-24
-24
-30
-29
-21
-19
-14
-23
-17
-11
-21
-24
-24
-25
-31
-30
-34
-43
-47
-53
-46
-38
-29
-29
-26
-32
-36
-38
-44
-44
-34
-38
-41
-44
-54
-62
-62
-55
-47
-38
-40
-39
-41
-47
-49
-47
-53
-56
-51
-50
-50
-60
-64
-75
-76
-66
-63
-62
-59
-61
-69
-74
-76
-65
-60
-52
-47
-50
-55
-65
-75
-77
-74
-71
-64
-62
-61
-57
-57
-60
-55
-55
-52
-48
-46
-47
-52
-57
-55
-60
-64
-52
-45
-42
-39
-34
-31
-36
-34
-39
-37
-41
-37
-37
-36
-36
-32
-23
-28
-26
-34
-28
-22
-23
-19
-22
-24
-26
-27
-24
-21
-19
-11
-10
-11
-11
-5
-4
-3
-3
-8
0
-4
-4
-5
-8
0
8
14
13
17
16
12
18
22
14
14
14
19
25
28
27
26
23
20
27
32
36
36
37
37
33
36
32
39
44
44
44
42
42
43
42
42
53
57
55
56
54
52
52
52
57
63
70
70
63
65
59
59
67
66
70
67
66
66
65
62
58
66
70
78
80
73
76
68
70
76
74
77
70
67
66
63
54
43
39
32
40
43
51
57
50
41
39
43
49
55
52
58
50
43
38
32
35
30
34
42
35
41
33
28
29
28
30
38
45
42
36
26
21
11
11
19
23
27
23
20
18
14
13
14
17
25
23
13
6
2
-5
0
0
1
8
0
2
-11
-21
-32
-26
-18
-14
-14
-21
-24
-26
-22
-24
-28
-28
-29
-30
-32
-35
-35
-40
-40
-43
-41
-37
-31
-30
-35
-37
-40
-39
-38
-36
-38
-39
-40
-38
-34
-43
-56
-58
-51
-52
-48
-41
-41
-40
-49
-48
-51
-52
-45
-44
-43
-44
-50
-55
-47
-41
-41
-39
-37
-37
-43
-53
-54
-56
-57
-59
-54
-47
-45
-43
-47
-48
-45
-38
-33
-33
-31
-42
-43
-41
-38
-36
-31
-26
-23
-18
-18
-22
-25
-22
-21
-22
-23
-30
-35
-36
-34
-35
-35
-32
-35
-28
-23
-22
-20
-25
-28
-36
-33
-34
-36
-28
-21
-20
-13
-12
-17
-12
-8
-3
-10
-14
-17
-17
-14
-16
-11
-12
-11
-5
7
19
19
17
21
18
10
0
-4
-12
-7
2
2
3
6
12
18
22
29
30
36
36
34
33
25
25
23
25
26
33
33
33
34
35
38
37
31
30
32
20
25
25
22
29
32
25
20
30
27
26
29
27
27
23
16
26
35
34
43
45
39
34
36
33
31
38
37
43
44
38
38
42
39
37
41
47
54
48
43
42
36
36
31
28
39
39
38
30
25
25
25
34
41
46
43
43
31
22
18
11
11
21
31
33
31
27
27
21
23
29
29
23
16
14
10
12
12
16
19
20
23
19
22
18
15
13
12
13
8
5
-1
0
-1
-2
-3
-12
-10
-6
-6
-9
-7
-8
-10
-11
-11
-7
-13
-10
-3
-13
-12
-16
-17
-10
-8
-14
-20
-15
-14
-12
-6
0
-3
-10
-15
-26
-27
-22
-17
-13
-14
-12
-12
-11
-11
-10
-4
-5
-6
-12
-19
-22
-21
-20
-22
-14
-22
-28
-28
-37
-38
-36
-31
-29
-22
-26
-40
-50
-48
-48
-50
-41
-39
-33
-45
-51
-51
-53
-50
-52
-43
-50
-52
-61
-64
-61
-55
-50
-51
-50
-42
-47
-52
-49
-54
-51
-48
-41
-42
-43
-36
-42
-43
-36
-29
-21
-15
-18
-13
-5
-7
-6
-5
-5
-2
2
2
-1
-4
-1
3
8
12
11
12
17
8
-2
-3
0
6
13
14
11
10
2
-6
-7
5
23
24
20
17
3
-18
-16
-10
2
13
19
16
3
-3
-13
-4
4
9
12
3
-4
-8
-16
-15
-6
1
9
15
21
8
-6
-6
-14
-16
-11
-9
-3
-5
-11
-14
-5
1
10
21
21
19
13
11
5
8
4
6
14
12
15
23
22
22
30
32
45
47
48
46
30
18
10
15
25
27
26
25
23
19
16
14
18
25
26
30
22
13
10
6
10
13
17
21
18
21
21
25
28
33
34
36
38
28
23
21
33
43
54
54
43
33
21
11
13
21
19
24
26
28
23
20
25
33
42
44
39
37
36
40
39
34
29
26
25
31
37
37
37
38
31
22
27
28
28
31
28
25
19
16
13
13
15
10
7
2
-1
-8
-14
-13
-5
7
8
4
3
-6
-7
-5
-2
-5
-14
-20
-20
-35
-37
-34
-37
-25
-26
-27
-26
-20
-26
-35
-32
-30
-35
-51
-51
-51
-45
-37
-32
-26
-32
-32
-28
-28
-20
-20
-32
-33
-28
-27
-23
-24
-32
-36
-39
-45
-46
-48
-45
-45
-45
-43
-45
-48
-50
-47
-43
-38
-35
-29
-33
-33
-32
-31
-33
-28
-28
-33
-28
-18
-10
-12
-13
-17
-15
-7
-9
-13
-11
-9
-13
-14
-10
-5
-9
-13
-8
-4
5
11
13
6
11
10
10
12
15
16
17
14
8
7
11
25
25
17
10
1
-3
-1
9
18
21
18
15
11
7
0
-1
-3
-4
4
8
0
-4
-5
-2
2
0
0
-2
9
10
15
9
1
-9
-10
-5
6
17
6
-9
-15
-12
-6
8
18
21
18
16
8
4
7
11
15
20
26
24
16
4
-9
-6
11
22
34
31
26
20
8
-4
-1
-2
4
11
6
8
1
-7
-8
-1
10
21
27
25
18
10
-4
-3
2
20
30
24
8
-8
-14
-13
8
21
31
27
16
1
-6
-6
-3
7
8
15
15
12
4
-3
0
3
13
29
38
40
23
9
0
1
11
17
32
46
43
31
19
15
12
16
29
43
43
32
22
15
15
22
34
41
39
27
19
5
-2
5
9
19
29
25
11
7
3
4
17
14
11
12
7
-7
-9
-11
-10
-12
-14
0
-7
-12
-21
-35
-31
-29
-25
-27
-16
-14
-22
-23
-20
-16
-30
-35
-33
-23
-14
-20
-25
-28
-32
-40
-38
-18
0
1
-5
-5
-10
-15
-21
-19
-19
-21
-21
-20
-21
-22
-27
-30
-23
-29
-31
-17
-7
-2
-9
-23
-28
-36
-40
-35
-24
-18
-9
-12
-27
-30
-35
-29
-21
-15
-7
-4
-14
-27
-35
-33
-26
-11
-5
-9
-11
-22
-25
-31
-28
-23
-20
-19
-25
-24
-28
-36
-33
-35
-19
-4
4
12
6
-6
-4
-8
-11
-2
7
12
5
7
5
5
-4
2
15
23
23
10
-2
-13
-12
-13
-7
7
15
21
26
19
13
5
6
7
24
39
41
33
23
23
19
23
35
41
37
39
35
30
30
18
11
11
13
17
12
17
17
10
11
10
10
10
8
12
15
3
3
2
5
14
19
16
14
18
26
21
19
15
17
20
13
2
-2
0
2
12
24
31
23
12
9
5
2
14
16
20
23
16
15
18
26
32
36
40
39
32
27
26
30
37
36
38
30
25
23
11
16
28
39
43
45
47
34
29
30
29
34
45
49
51
33
33
23
13
24
25
30
25
29
29
14
8
11
18
19
23
16
12
-2
-11
-25
-34
-32
-29
-17
-24
-23
-37
-50
-58
-54
-40
-30
-24
-29
-39
-56
-70
-65
-43
-21
-10
-8
-31
-46
-58
-66
-53
-40
-31
-25
-19
-22
-31
-34
-36
-25
-19
-13
-12
-19
-25
-30
-28
-21
-11
-12
-16
-19
-29
-31
-37
-36
-21
-2
7
-2
-17
-23
-33
-40
-44
-31
-15
-20
-25
-34
-36
-31
-28
-26
-22
-22
-29
-40
-45
-46
-48
-44
-34
-39
-44
-39
-40
-48
-55
-50
-40
-36
-33
-26
-30
-34
-44
-41
-38
-38
-31
-22
-24
-32
-36
-46
-46
-30
-17
-8
-4
-5
-12
-15
-16
-26
-18
-12
-10
0
1
3
5
-3
-11
-4
5
16
23
26
24
20
8
1
3
11
22
29
36
32
28
24
11
0
8
15
27
29
25
25
17
17
19
26
33
34
30
26
20
12
10
17
22
19
20
24
24
28
24
19
17
16
17
22
28
29
27
22
13
4
15
30
40
36
32
32
27
23
27
41
49
57
47
40
33
33
36
36
51
54
56
48
32
30
34
39
42
42
41
34
24
21
21
27
37
45
44
36
31
25
31
40
52
60
56
49
44
36
30
33
35
35
33
33
35
26
20
20
26
27
26
29
26
26
26
20
13
19
16
18
18
23
26
18
8
0
3
7
7
17
22
18
7
-6
-7
-10
-7
-2
-4
-11
-18
-21
-28
-27
-23
-11
-2
-5
-10
-15
-22
-29
-28
-29
-14
-6
-10
-9
-14
-19
-19
-22
-16
-17
-10
-10
-16
-19
-23
-28
-25
-9
-9
-8
-10
-24
-31
-33
-29
-17
-17
-18
-26
-38
-49
-52
-41
-16
-9
-19
-27
-43
-50
-50
-48
-37
-21
-17
-22
-37
-48
-50
-52
-44
-35
-34
-38
-44
-56
-64
-68
-70
-62
-51
-45
-45
-50
-62
-69
-69
-52
-38
-30
-32
-37
-39
-50
-53
-49
-42
-36
-28
-28
-29
-41
-55
-46
-48
-48
-41
-37
-36
-33
-37
-36
-29
-27
-19
-23
-20
-19
-24
-17
-12
-15
-14
-15
-13
-8
-7
-8
-20
-30
-31
-30
-18
-5
3
4
-4
-8
-14
-15
-15
-11
-8
-3
6
5
10
11
7
5
19
26
30
33
30
31
26
29
33
34
33
30
22
23
20
22
32
38
40
32
29
28
21
15
21
30
35
31
25
18
28
30
33
37
31
35
28
29
36
35
29
28
32
36
34
38
45
44
39
36
41
41
36
39
41
48
42
35
37
36
31
30
38
45
48
57
61
56
47
40
41
44
49
48
50
42
34
32
28
30
31
38
44
50
54
50
37
27
27
27
32
39
41
41
32
24
30
31
42
50
47
34
16
1
-15
-7
6
11
23
20
8
0
-6
-4
12
20
23
16
9
-5
-21
-35
-33
-17
-7
-1
-2
2
-9
-15
-15
-13
-5
9
9
0
-4
-16
-16
-24
-21
-15
-5
3
-1
-4
-14
-18
-18
-13
-7
4
0
-9
-14
-19
-18
-21
-14
-4
6
5
1
-7
-3
-1
-2
5
6
4
1
3
-6
-17
-20
-17
-11
-5
-5
-10
-21
-30
-36
-39
-38
-44
-41
-42
-41
-36
-43
-43
-45
-41
-41
-40
-44
-46
-43
-41
-38
-45
-49
-38
-31
-32
-30
-25
-24
-33
-41
-42
-40
-42
-44
-42
-42
-45
-44
-46
-45
-44
-40
-32
-27
-20
-22
-27
-36
-36
-30
-30
-30
-32
-30
-22
-16
-25
-20
-12
-19
-15
-19
-15
-11
-15
-21
-20
-21
-24
-18
-24
-23
-17
-14
-16
-17
-25
-33
-29
-20
-7
-9
-9
-16
-27
-28
-30
-27
-18
-18
-19
-29
-42
-43
-42
-33
-35
-26
-19
-18
-19
-24
-27
-28
-29
-28
-18
-12
-15
-11
-10
-16
-14
-7
3
13
21
10
12
10
7
2
-5
4
4
10
5
7
16
22
21
22
32
37
34
31
36
37
34
25
27
25
21
30
42
45
55
56
49
43
39
41
42
47
50
55
50
39
24
24
25
32
38
44
54
54
56
55
50
42
31
29
36
54
57
54
45
37
36
38
45
47
49
49
46
40
33
32
34
29
29
35
37
35
35
31
28
29
30
33
39
46
44
34
19
16
19
23
36
37
31
26
22
14
20
20
27
35
36
35
23
15
9
11
18
24
24
31
30
27
25
27
34
37
31
23
23
21
20
16
13
12
10
10
14
22
23
15
9
4
-1
5
1
-3
-4
-15
-17
-10
-6
1
0
-5
-2
-10
-3
-3
-6
-9
-8
-5
-14
-22
-27
-31
-36
-29
-30
-29
-32
-32
-37
-37
-41
-48
-46
-40
-29
-31
-30
-25
-30
-32
-27
-19
-13
-9
-15
-18
-24
-28
-32
-29
-18
-17
-11
-14
-18
-20
-22
-27
-29
-24
-21
-17
-17
-19
-26
-34
-39
-44
-42
-34
-28
-32
-35
-47
-57
-53
-55
-40
-34
-39
-36
-48
-59
-66
-67
-69
-62
-67
-72
-66
-64
-64
-70
-76
-79
-74
-59
-49
-41
-47
-63
-70
-75
-69
-65
-65
-67
-60
-59
-57
-57
-57
-51
-46
-36
-30
-31
-32
-40
-47
-41
-40
-35
-30
-27
-23
-21
-21
-21
-23
-24
-26
-26
-31
-26
-17
-9
-4
3
12
16
21
22
23
22
17
19
17
17
17
16
15
20
25
27
34
31
34
40
42
40
44
43
41
40
37
43
45
50
53
51
52
57
65
60
65
62
55
54
49
48
49
50
46
40
45
61
64
66
62
60
58
56
59
58
60
64
64
65
65
62
69
76
74
74
74
60
52
55
55
54
50
56
54
54
58
60
63
62
64
67
61
57
61
53
53
46
46
50
56
55
47
43
40
45
40
40
38
29
24
14
8
6
3
8
6
2
2
0
3
-2
-3
-2
-2
-1
2
5
6
7
15
12
7
7
4
-1
-3
-6
-8
-11
-14
-10
-13
-15
-12
-8
-12
-17
-23
-30
-36
-35
-39
-32
-24
-21
-15
-9
-12
-16
-14
-17
-14
-9
-6
-10
-18
-21
-26
-26
-30
-29
-21
-14
-6
-5
-15
-25
-29
-31
-26
-22
-24
-24
-33
-36
-33
-25
-20
-14
-12
-11
-15
-22
-29
-34
-35
-37
-41
-43
-44
-47
-39
-33
-33
-41
-51
-52
-47
-43
-43
-49
-57
-57
-58
-64
-63
-60
-61
-56
-55
-53
-56
-56
-52
-47
-40
-45
-55
-58
-59
-54
-56
-61
-51
-52
-53
-51
-48
-45
-48
-44
-42
-39
-41
-38
-36
-44
-41
-33
-25
-21
-14
-13
-18
-23
-23
-20
-23
-13
-10
-4
3
3
11
12
6
2
9
14
14
11
7
6
7
7
3
11
18
23
27
25
13
6
5
6
11
9
7
-1
-6
-10
-7
0
6
10
10
15
11
11
2
2
2
-4
5
13
19
18
17
15
16
22
25
34
37
33
24
14
14
17
20
22
28
35
41
38
34
38
35
33
27
30
34
37
39
42
43
32
30
29
36
48
51
45
37
31
30
24
26
27
21
23
27
29
22
24
29
27
27
31
26
28
25
20
18
10
12
19
25
25
20
19
16
17
19
20
25
18
15
14
12
17
15
14
5
3
0
0
3
4
11
14
19
25
19
12
8
10
12
9
10
4
-2
4
8
5
11
19
20
23
22
22
14
9
8
-1
-1
-6
-7
1
-1
-4
4
8
12
11
12
14
17
15
14
19
24
26
22
22
20
25
27
30
35
29
24
20
20
19
19
19
16
11
14
15
8
12
7
-1
3
1
0
5
-2
-1
-1
-4
-8
-12
-10
-5
-2
1
-8
-22
-18
-15
-19
-24
-28
-35
-39
-47
-50
-47
-43
-40
-38
-34
-36
-36
-42
-49
-50
-53
-45
-44
-37
-39
-38
-30
-36
-35
-37
-32
-29
-29
-28
-26
-29
-41
-41
-38
-34
-31
-26
-18
-13
-7
-8
-8
-12
-19
-16
-12
-10
-8
-11
-9
-8
-11
-9
-4
-3
-3
3
-3
-12
-17
-25
-29
-23
-21
-18
-15
-16
-19
-18
-14
-9
-12
-14
-18
-20
-24
-28
-32
-31
-29
-32
-24
-19
-20
-23
-30
-34
-33
-35
-36
-34
-33
-28
-21
-22
-16
-10
-10
-10
-9
-11
-11
-16
-12
-18
-18
-8
-18
-17
-17
-12
-1
-5
-7
0
-16
-10
-7
-4
-1
-9
-10
-14
-13
-16
-7
-8
-1
7
12
13
19
20
21
15
12
17
23
26
22
19
17
15
10
18
15
16
20
16
11
12
15
10
11
13
19
29
34
36
35
33
37
31
26
28
31
43
47
44
47
49
49
55
58
56
52
46
43
43
44
46
50
43
40
34
30
30
29
42
48
51
51
52
56
48
43
43
47
53
51
52
53
42
40
33
26
28
21
22
19
16
18
16
11
6
5
12
20
18
17
13
10
9
0
-5
-10
-7
-4
1
0
-7
-3
0
1
3
2
2
5
-1
-2
-3
-8
-4
-6
-5
-8
-12
-3
-5
1
-6
-11
-18
-21
-26
-26
-19
-19
-14
-15
-14
-14
-14
-17
-18
-18
-21
-22
-28
-32
-39
-50
-51
-45
-38
-30
-36
-37
-39
-43
-36
-43
-40
-42
-35
-32
-37
-38
-42
-32
-30
-17
-18
-14
-13
-14
-10
-22
-25
-26
-26
-29
-26
-29
-28
-23
-24
-12
-7
-1
2
-3
-3
-1
-3
-11
-12
-9
-3
3
-4
-13
-15
-19
-12
-6
-2
2
0
-3
-4
-12
-20
-19
-22
-19
-20
-13
-18
-18
-18
-20
-16
-24
-28
-25
-28
-26
-26
-29
-26
-23
-21
-22
-27
-36
-31
-25
-19
-19
-14
-11
-17
-17
-16
-14
-13
-13
-3
-2
-3
2
7
6
12
15
8
16
16
20
23
20
19
21
22
23
31
37
45
46
41
39
37
38
39
40
43
46
48
48
47
35
34
41
35
46
42
38
36
33
36
36
38
28
32
37
35
35
28
28
26
28
33
27
23
18
21
20
18
19
14
17
18
16
18
19
13
12
12
9
9
13
10
11
14
14
22
21
15
19
14
7
10
9
12
17
19
14
19
19
18
13
16
22
10
8
6
1
-2
4
1
-3
-3
-11
-8
-8
-3
-4
-16
-19
-19
-25
-29
-28
-28
-29
-30
-30
-32
-35
-27
-24
-22
-19
-20
-21
-26
-31
-38
-44
-45
-51
-51
-51
-48
-50
-54
-48
-49
-43
-39
-41
-45
-42
-41
-39
-40
-46
-52
-51
-49
-49
-45
-39
-35
-35
-29
-29
-33
-32
-30
-25
-27
-25
-25
-27
-29
-30
-23
-20
-18
-11
-6
2
3
11
15
8
12
12
13
18
18
19
21
24
24
26
27
29
29
35
38
36
37
29
31
30
26
32
27
24
25
29
28
22
22
22
23
26
32
24
22
18
15
17
16
18
15
19
12
10
6
-2
-9
-12
-13
-8
-4
-2
-3
-2
2
-3
2
-2
-5
-4
-5
-4
-9
-11
-12
-6
-2
-3
-1
5
1
2
-8
-11
-4
0
2
6
4
-5
-2
-6
-7
-11
-11
-4
-3
-2
3
-3
-7
-7
3
5
13
14
16
12
11
13
9
13
14
16
11
7
5
11
9
12
17
20
24
25
21
21
27
32
31
32
32
32
35
31
32
29
27
29
29
29
31
32
25
27
29
28
30
35
31
30
29
29
24
19
18
18
18
17
20
20
25
29
27
26
24
14
10
8
12
11
6
7
5
4
1
-5
-8
-7
-5
-7
-14
-17
-23
-26
-22
-26
-28
-33
-40
-44
-44
-45
-43
-34
-38
-39
-40
-49
-53
-58
-60
-57
-56
-55
-60
-57
-50
-55
-51
-53
-55
-51
-50
-49
-47
-54
-59
-57
-50
-48
-46
-45
-45
-41
-43
-46
-48
-39
-33
-28
-26
-29
-31
-34
-32
-30
-21
-21
-16
-7
-7
-7
-7
-8
-11
-11
-15
-12
-13
-15
-16
-12
-10
-14
-15
-13
-15
-15
-12
-10
-4
0
2
2
-2
-4
-3
3
0
5
17
24
21
12
11
5
3
2
4
8
9
12
15
17
17
17
23
21
22
25
20
19
18
12
9
12
8
12
10
8
5
5
15
22
26
26
28
26
23
19
21
16
12
12
16
26
30
31
26
25
30
33
31
34
33
26
24
21
24
32
35
39
37
44
36
30
27
32
36
32
37
35
37
39
44
46
49
55
57
62
57
51
49
45
45
43
45
42
42
41
40
46
43
39
36
40
40
36
38
29
23
26
25
33
35
28
38
35
29
27
24
26
18
11
11
8
8
12
8
9
9
6
7
5
2
-3
-8
-8
-10
-11
-10
-10
-13
-20
-25
-26
-23
-28
-30
-39
-41
-42
-42
-44
-51
-53
-46
-44
-45
-44
-39
-39
-32
-32
-38
-36
-42
-41
-41
-40
-37
-41
-43
-39
-40
-42
-39
-39
-39
-43
-38
-36
-39
-40
-37
-30
-34
-31
-32
-42
-42
-39
-38
-41
-40
-41
-37
-41
-40
-38
-35
-27
-28
-36
-36
-36
-38
-35
-36
-35
-34
-37
-35
-31
-29
-28
-24
-25
-27
-27
-23
-13
-27
-25
-24
-25
-19
-21
-12
-9
-10
-15
-10
-14
-21
-17
-19
-13
-12
-12
-8
-3
-1
2
0
3
7
6
8
8
12
10
9
9
13
11
12
16
19
20
21
21
17
21
19
14
19
22
25
26
23
16
11
14
14
18
23
21
30
31
27
29
27
25
31
33
32
34
28
27
29
28
22
20
18
21
19
19
15
17
17
22
26
22
22
24
24
17
23
23
19
17
11
11
16
17
18
27
36
43
43
37
37
30
30
35
35
39
35
30
28
29
28
27
29
29
29
27
20
20
23
18
14
15
22
23
23
20
21
16
13
11
2
-2
-10
-6
7
20
24
9
9
22
25
24
23
22
23
13
6
14
18
14
3
-1
-2
4
8
8
10
4
2
3
-2
-3
-4
-1
-6
-7
-8
-19
-19
-22
-17
-12
-9
-9
-11
-12
-14
-14
-15
-7
-9
-7
-7
-10
-12
-14
-16
-27
-25
-23
-18
-12
-20
-23
-22
-17
-8
-8
-4
-2
-2
-10
-16
-14
-13
-17
-23
-25
-28
-29
-21
-18
-16
-16
-14
-12
-15
-18
-15
-14
-25
-33
-36
-37
-37
-40
-36
-34
-39
-40
-39
-44
-43
-40
-41
-41
-33
-29
-34
-31
-31
-32
-41
-39
-35
-39
-36
-39
-41
-39
-44
-40
-36
-39
-33
-27
-20
-14
-14
-19
-26
-28
-28
-25
-24
-28
-22
-22
-27
-28
-29
-30
-20
-15
-11
-3
-14
-15
-8
-2
1
3
-1
-2
-2
-5
-8
-8
-3
0
7
7
8
9
-2
-1
0
-4
-6
-2
4
7
16
4
1
0
3
14
19
12
2
-1
7
14
13
17
24
25
26
26
31
25
26
30
33
27
24
19
17
25
33
41
38
38
35
33
33
36
36
32
36
35
37
36
33
35
34
38
40
41
47
44
45
47
44
42
40
43
45
42
43
52
48
39
35
34
34
35
31
32
33
32
36
40
35
37
42
39
41
37
38
36
35
32
35
33
31
28
24
35
37
47
52
51
45
46
44
35
32
33
37
31
26
20
20
19
19
24
20
19
12
0
0
0
-4
-3
-7
-3
-2
-4
-6
-13
-16
-18
-20
-21
-24
-29
-33
-35
-41
-46
-42
-44
-46
-43
-38
-36
-35
-38
-42
-45
-52
-57
-62
-63
-63
-61
-60
-63
-59
-56
-56
-53
-56
-54
-55
-56
-58
-60
-57
-56
-55
-58
-56
-53
-47
-37
-33
-37
-38
-39
-44
-42
-35
-37
-34
-37
-38
-32
-31
-31
-29
-31
-30
-29
-29
-30
-26
-31
-32
-26
-20
-23
-19
-19
-18
-11
-10
-11
-12
-15
-13
-15
-20
-13
-12
-10
-5
-5
0
6
15
15
7
11
3
2
4
3
8
8
10
15
16
14
16
14
13
12
15
12
4
7
7
7
12
17
21
21
16
16
10
4
4
5
3
-1
0
0
-3
-2
1
5
9
4
1
5
6
5
5
1
-2
2
3
1
8
15
9
12
7
6
9
11
10
3
6
11
15
11
15
21
16
15
24
33
28
23
22
26
33
33
35
37
41
46
51
45
47
46
47
46
47
53
47
50
53
54
53
55
49
47
55
59
57
55
59
61
64
56
56
50
44
46
35
29
34
36
46
51
44
41
31
29
22
24
26
27
31
23
16
13
15
16
22
23
24
30
24
13
12
2
-1
1
2
-7
-6
-5
-3
-1
-6
-3
-5
-7
-15
-28
-28
-26
-25
-29
-25
-12
-10
-6
-15
-12
-10
-17
-20
-27
-29
-33
-35
-31
-33
-28
-27
-26
-21
-20
-19
-25
-29
-37
-38
-40
-28
-22
-17
-13
-19
-16
-21
-23
-19
-15
-9
-10
-15
-16
-16
-22
-24
-21
-20
-17
-15
-23
-21
-24
-26
-29
-31
-29
-33
-31
-32
-36
-35
-34
-36
-39
-34
-37
-44
-46
-50
-44
-44
-43
-44
-49
-54
-57
-54
-53
-54
-56
-61
-57
-59
-61
-62
-62
-56
-56
-51
-47
-50
-47
-49
-47
-46
-45
-46
-44
-43
-46
-46
-44
-41
-38
-37
-32
-24
-22
-17
-21
-16
-12
-12
-9
-7
-10
-15
-13
-14
-7
-3
-4
1
3
6
10
14
20
18
20
18
10
8
6
1
-1
7
14
19
20
22
26
28
23
18
17
16
15
16
21
22
19
21
17
15
26
30
29
23
22
22
24
22
21
33
37
43
43
40
36
39
38
44
42
42
44
35
28
27
33
39
43
47
50
50
49
48
48
47
43
48
44
39
39
39
42
40
37
41
39
33
46
49
50
50
48
49
45
39
40
41
33
36
42
43
45
40
36
33
28
29
24
21
18
17
24
22
21
19
15
16
15
13
10
15
18
20
15
10
10
11
11
7
5
6
10
0
0
6
3
12
11
5
3
-2
-4
2
3
5
4
-2
-1
0
-1
-9
-7
-2
-3
5
7
3
0
-2
1
2
-1
-2
-1
-10
-8
-8
-9
-12
-17
-12
-11
-13
-14
-16
-20
-18
-25
-30
-26
-28
-27
-27
-28
-28
-30
-26
-23
-27
-28
-29
-30
-33
-31
-27
-36
-39
-40
-40
-39
-33
-33
-32
-28
-27
-26
-35
-33
-45
-54
-46
-45
-39
-36
-32
-27
-28
-28
-23
-17
-18
-21
-20
-22
-22
-25
-35
-32
-31
-18
-9
-5
-12
-20
-14
-18
-8
-9
-8
-11
-10
-13
-19
-23
-18
-13
-18
-8
-9
-17
-23
-28
-39
-44
-42
-44
-47
-47
-42
-39
-35
-32
-38
-39
-39
-36
-37
-42
-41
-41
-39
-45
-44
-37
-31
-29
-28
-19
-12
-7
-5
-3
-6
-12
-17
-22
-25
-19
-13
-13
-5
-6
-7
0
3
4
5
8
14
18
18
18
14
17
25
28
29
34
38
38
42
34
36
44
45
49
44
40
36
33
37
35
43
49
50
51
43
41
41
39
41
45
40
37
35
36
45
44
47
50
48
46
42
47
48
44
44
44
36
33
33
30
32
24
24
24
19
15
17
28
26
28
32
29
28
31
27
29
26
21
23
22
20
21
23
21
16
14
18
18
22
20
20
14
11
17
8
9
10
8
6
16
11
10
10
6
7
1
3
5
-4
-5
0
-3
-5
-5
-6
-7
-4
-6
-3
-3
-9
-11
-12
-6
-9
-14
-15
-13
-12
-14
-11
-12
-11
-5
-6
-6
-4
-7
-6
-6
-13
-9
-9
-12
-9
-9
-6
-9
-13
-13
-13
-12
-11
-10
-11
-9
-7
-7
-6
-13
-10
-8
-13
-7
1
9
11
12
5
-6
-15
-14
-12
-13
-12
-11
-10
-11
-8
-8
-4
-10
-8
-10
-15
-17
-20
-21
-24
-24
-21
-15
-17
-17
-21
-25
-27
-32
-32
-35
-33
-30
-29
-35
-32
-28
-31
-30
-26
-30
-38
-37
-40
-43
-44
-44
-47
-42
-42
-34
-33
-29
-23
-26
-22
-28
-30
-31
-26
-31
-29
-27
-25
-14
-14
-15
-12
-10
-9
-7
-6
-8
-8
0
1
0
2
3
-1
7
16
20
20
24
26
22
19
17
19
20
21
15
15
17
20
29
22
31
29
32
29
22
23
12
7
9
12
10
14
11
9
11
8
12
12
8
6
5
7
-1
2
11
6
11
13
10
9
11
11
10
4
-6
1
-1
-2
5
-1
-1
5
14
20
23
20
13
11
10
7
7
7
0
4
10
15
16
13
12
15
12
14
17
14
15
10
13
16
13
16
19
17
30
26
21
22
18
22
14
15
10
13
18
17
22
23
23
22
23
18
18
19
21
21
14
15
8
5
7
7
12
14
17
21
19
12
13
2
6
7
6
7
4
6
3
5
4
4
3
3
1
4
2
-4
-2
-3
-9
-11
-3
0
-3
-7
-10
-7
-11
-14
-12
-13
-14
-14
-19
-20
-14
-11
-13
-18
-25
-28
-33
-35
-31
-36
-33
-33
-33
-30
-31
-28
-25
-28
-26
-26
-29
-27
-31
-25
-27
-31
-31
-32
-30
-29
-27
-26
-23
-21
-15
-19
-19
-22
-22
-28
-26
-20
-23
-25
-31
-23
-21
-24
-24
-23
-26
-31
-27
-22
-27
-34
-32
-26
-28
-28
-20
-13
-7
-4
-2
-2
-6
-4
-7
-4
-1
-2
0
-1
6
10
8
12
13
21
16
14
12
13
13
14
17
26
34
32
30
28
35
29
34
30
28
30
30
30
35
41
39
40
39
41
42
43
45
40
37
39
38
40
28
25
25
26
30
28
33
33
36
39
35
28
30
33
34
25
19
16
12
4
1
1
2
5
10
10
11
11
5
3
10
11
14
14
8
7
4
2
5
2
-5
-5
-9
-9
-10
-5
-5
-7
-3
-1
1
3
0
7
4
1
-1
0
-6
-9
-7
-10
-11
-13
-2
-5
-3
-2
0
6
3
4
-4
1
3
1
2
2
-4
-6
-9
-19
-15
-18
-19
-15
-17
-12
-8
-10
-15
-16
-16
-18
-21
-20
-25
-28
-27
-27
-28
-30
-33
-28
-34
-31
-30
-32
-31
-38
-37
-37
-37
-34
-36
-42
-40
-40
-34
-40
-37
-32
-39
-34
-37
-32
-27
-25
-26
-28
-33
-28
-22
-19
-18
-19
-18
-18
-13
-11
-1
2
7
2
-7
-6
-11
-10
-8
-7
-7
-4
-3
-2
3
7
3
5
0
1
0
1
2
-5
4
7
7
14
16
20
15
9
9
2
0
-2
1
-2
-1
-1
-3
-5
-1
0
-3
-2
2
4
3
-4
-14
-10
-18
-18
-16
-16
-17
-26
-25
-19
-15
-14
-15
-11
-20
-26
-27
-23
-15
-11
-5
0
5
2
4
7
7
7
9
9
8
12
18
20
23
27
26
33
39
46
58
62
63
64
60
66
67
59
59
61
65
64
59
61
59
63
70
74
77
71
63
56
62
59
56
57
55
54
49
45
46
50
52
45
43
41
36
35
28
33
36
35
28
22
16
16
19
16
18
19
18
19
10
12
4
6
7
7
13
9
8
-3
-9
-13
-14
-10
-9
-3
-3
-1
-9
-13
-16
-16
-17
-18
-17
-19
-13
-15
-16
-16
-14
-12
-10
-10
-13
-16
-28
-32
-39
-36
-31
-31
-34
-34
-33
-30
-27
-30
-26
-18
-17
-19
-21
-34
-35
-32
-34
-31
-33
-34
-37
-37
-28
-31
-34
-27
-29
-30
-24
-28
-37
-41
-35
-35
-27
-24
-28
-26
-26
-28
-32
-32
-33
-37
-39
-31
-25
-27
-29
-27
-24
-27
-35
-34
-33
-34
-30
-25
-26
-32
-24
-21
-25
-25
-26
-24
-18
-20
-21
-27
-29
-27
-30
-23
-23
-35
-31
-28
-22
-22
-22
-16
-15
-7
-8
-8
-14
-18
-20
-18
-17
-21
-12
-12
-8
-4
-8
-5
-5
-1
0
4
3
3
4
-7
-6
-7
-5
-4
0
3
-1
3
8
15
14
5
6
11
10
8
11
11
16
15
9
12
14
19
18
22
27
21
25
19
13
16
15
20
25
24
27
21
23
21
20
24
23
29
33
31
32
26
20
28
27
29
29
32
33
35
35
34
34
32
34
38
36
40
41
35
35
33
32
32
30
34
29
21
25
31
25
24
28
34
38
40
39
25
26
31
26
30
33
27
32
30
28
23
26
21
16
17
14
10
5
12
10
9
9
13
10
5
-2
-3
-2
-3
5
2
2
-1
1
-5
-5
-2
2
7
9
7
3
-4
-6
2
6
11
14
15
6
1
4
7
11
14
16
9
9
7
-5
-3
-3
-4
8
17
18
17
11
10
13
14
12
7
10
10
11
15
9
2
0
5
8
11
10
4
-4
-4
-9
-10
-9
-9
-3
-11
-15
-17
-23
-26
-20
-20
-19
-19
-23
-32
-39
-45
-46
-49
-61
-68
-71
-71
-65
-63
-63
-60
-68
-71
-81
-81
-82
-88
-92
-96
-97
-97
-98
-99
-91
-93
-87
-85
-86
-89
-90
-83
-87
-93
-100
-101
-98
-94
-92
-89
-86
-82
-76
-78
-79
-74
-69
-65
-60
-58
-50
-41
-29
-16
-1
12
23
37
50
70
79
94
102
115
131
145
163
171
184
186
199
215
219
227
230
237
227
232
234
229
225
219
209
201
194
180
178
166
156
141
132
116
98
76
61
47
31
18
4
-5
-27
-38
-57
-72
-79
-94
-101
-114
-122
-129
-140
-145
-152
-156
-158
-171
-171
-176
-187
-190
-197
-192
-199
-205
-209
-214
-222
-221
-219
-223
-218
-224
-230
-233
-232
-230
-237
-232
-237
-240
-233
-234
-223
-217
-214
-211
-202
-187
-166
-139
-116
-92
-68
-45
-10
29
67
108
140
161
176
200
214
225
238
243
249
261
267
271
265
256
261
274
288
301
311
309
297
288
281
280
275
272
277
279
277
270
260
242
236
233
230
240
232
223
215
206
198
194
200
196
192
183
173
160
150
139
124
110
98
84
64
35
6
-24
-40
-54
-69
-80
-103
-130
-145
-163
-180
-197
-211
-218
-233
-245
-259
-271
-289
-300
-301
-304
-304
-311
-323
-339
-349
-348
-352
-344
-347
-354
-358
-372
-379
-379
-380
-372
-360
-355
-346
-353
-372
-384
-379
-358
-321
-278
-249
-222
-196
-153
-88
-18
36
71
100
129
163
188
205
219
232
252
278
304
318
303
284
290
315
345
369
385
382
376
371
372
377
377
368
363
367
368
364
346
322
307
300
305
312
306
279
250
230
222
225
219
206
190
176
163
148
130
109
89
80
73
62
41
4
-35
-56
-72
-83
-94
-122
-148
-178
-202
-220
-236
-260
-268
-273
-279
-288
-305
-320
-334
-342
-346
-338
-337
-345
-356
-362
-358
-361
-359
-358
-360
-360
-360
-358
-359
-367
-377
-377
-375
-370
-359
-355
-366
-362
-347
-347
-365
-385
-391
-371
-327
-286
-247
-219
-193
-158
-91
-9
60
121
156
196
242
288
328
360
376
391
418
447
469
471
459
444
457
492
522
543
545
533
517
517
518
521
526
518
516
510
500
475
437
410
387
383
379
373
340
297
256
231
233
233
223
191
166
131
98
66
29
-3
-28
-47
-63
-83
-114
-155
-190
-209
-221
-224
-246
-270
-301
-324
-346
-365
-374
-374
-369
-372
-369
-376
-389
-404
-410
-403
-392
-374
-372
-377
-381
-382
-372
-363
-351
-343
-334
-328
-327
-333
-339
-343
-344
-341
-337
-337
-338
-339
-340
-330
-314
-292
-297
-325
-328
-306
-271
-230
-194
-157
-116
-64
4
88
176
235
282
332
383
436
473
496
505
509
524
549
578
582
559
538
539
556
582
596
587
579
567
556
546
535
516
503
503
506
499
464
423
385
359
350
344
334
309
267
229
194
170
158
133
105
78
52
25
-15
-57
-91
-121
-145
-168
-191
-232
-284
-325
-351
-369
-385
-400
-419
-444
-463
-477
-482
-485
-485
-478
-467
-465
-467
-469
-480
-475
-455
-431
-405
-391
-390
-381
-373
-363
-345
-332
-316
-298
-276
-264
-259
-266
-276
-277
-275
-268
-271
-263
-270
-275
-268
-272
-286
-304
-311
-280
-242
-198
-151
-123
-82
-30
40
133
215
276
327
370
417
457
492
526
536
540
550
562
575
566
535
516
522
539
559
568
549
526
509
494
492
490
477
459
441
434
420
393
363
330
312
313
313
305
275
233
201
187
186
174
154
132
97
66
37
-2
-36
-71
-102
-121
-150
-187
-233
-275
-309
-338
-353
-370
-391
-424
-451
-472
-474
-472
-471
-461
-459
-449
-446
-449
-451
-448
-431
-410
-388
-383
-377
-374
-370
-354
-331
-303
-286
-278
-272
-268
-266
-262
-263
-273
-276
-270
-258
-252
-255
-258
-273
-287
-299
-306
-293
-267
-228
-197
-157
-106
-51
19
106
196
267
329
374
426
482
516
553
582
601
607
610
616
607
586
560
559
572
578
585
574
557
536
513
509
503
492
477
453
429
402
377
342
316
283
262
254
239
216
176
145
132
127
113
95
70
34
-1
-33
-57
-80
-107
-145
-175
-197
-225
-273
-319
-362
-395
-421
-435
-445
-468
-505
-531
-546
-548
-544
-542
-542
-538
-535
-531
-522
-514
-502
-490
-463
-441
-422
-411
-406
-395
-377
-353
-337
-319
-312
-312
-314
-330
-330
-321
-306
-294
-291
-283
-276
-279
-294
-324
-343
-330
-297
-255
-222
-185
-151
-99
-22
72
175
266
334
395
460
527
575
606
640
668
693
716
729
725
705
683
684
704
728
734
725
709
690
674
663
660
646
627
606
585
560
522
473
436
407
385
368
345
316
264
218
181
158
143
123
95
61
28
-7
-47
-73
-98
-135
-173
-209
-241
-283
-329
-375
-413
-435
-455
-479
-507
-548
-582
-608
-620
-615
-605
-602
-593
-580
-572
-567
-550
-528
-506
-485
-465
-439
-426
-409
-397
-374
-355
-337
-309
-297
-293
-299
-312
-309
-291
-276
-275
-275
-272
-286
-307
-346
-353
-337
-318
-285
-253
-221
-179
-131
-70
22
123
212
280
345
404
458
508
545
575
599
622
640
663
682
672
658
651
671
705
725
732
726
702
677
660
652
665
660
642
614
586
552
517
486
463
432
407
382
358
317
259
204
163
149
130
112
76
27
-22
-67
-98
-129
-158
-200
-248
-297
-348
-399
-457
-501
-532
-550
-574
-598
-639
-682
-715
-747
-757
-745
-725
-715
-713
-717
-715
-708
-688
-658
-618
-580
-546
-521
-494
-487
-473
-447
-417
-389
-375
-359
-356
-347
-335
-324
-305
-288
-280
-293
-321
-340
-337
-311
-276
-239
-198
-148
-99
-42
40
126
214
284
341
413
492
550
569
585
607
616
636
675
711
729
716
696
707
748
785
798
799
789
770
745
741
753
755
733
690
665
652
635
610
572
540
511
484
461
441
401
334
274
234
219
204
173
139
85
27
-28
-67
-94
-132
-184
-236
-278
-318
-364
-413
-465
-508
-545
-576
-601
-634
-675
-723
-761
-782
-781
-768
-761
-756
-761
-752
-735
-711
-685
-667
-652
-623
-593
-570
-549
-537
-520
-507
-488
-470
-434
-400
-376
-371
-371
-361
-370
-376
-380
-366
-336
-294
-254
-222
-170
-110
-33
65
172
279
351
403
452
516
580
618
655
683
710
727
741
767
794
798
788
795
835
883
908
908
893
877
856
843
855
867
861
829
781
748
712
675
635
608
577
547
513
483
447
392
335
284
257
225
187
135
69
-6
-80
-146
-193
-233
-273
-324
-383
-451
-514
-573
-619
-651
-681
-715
-755
-797
-829
-860
-899
-927
-941
-938
-934
-928
-920
-918
-919
-915
-894
-854
-814
-776
-740
-721
-701
-683
-662
-631
-610
-581
-555
-529
-498
-468
-456
-462
-472
-483
-463
-417
-365
-313
-269
-223
-167
-99
4
121
228
321
398
476
553
609
646
686
718
746
766
784
807
824
832
837
838
862
905
940
971
982
972
941
908
902
913
916
908
869
816
774
731
694
665
640
604
568
537
499
470
426
375
321
273
241
217
187
136
64
-29
-123
-197
-258
-308
-367
-426
-487
-548
-608
-664
-709
-747
-783
-830
-865
-890
-931
-970
-1011
-1044
-1064
-1066
-1060
-1041
-1029
-1026
-1020
-1020
-996
-955
-910
-868
-830
-808
-786
-771
-739
-689
-640
-602
-564
-530
-520
-519
-525
-511
-461
-393
-323
-256
-181
-106
-25
72
197
325
443
550
646
750
836
904
956
995
1032
1054
1081
1114
1155
1180
1178
1181
1187
1214
1249
1276
1289
1290
1273
1242
1225
1200
1184
1172
1138
1085
1033
979
919
864
809
750
701
651
601
546
497
442
373
309
260
217
164
94
22
-51
-137
-234
-318
-388
-465
-545
-619
-687
-760
-824
-886
-945
-991
-1028
-1072
-1110
-1142
-1181
-1215
-1246
-1279
-1307
-1324
-1327
-1318
-1307
-1303
-1287
-1268
-1248
-1222
-1199
-1176
-1140
-1113
-1058
-1025
-970
-942
-867
-879
-989
-902
-788
-829
-1018
-825
-329
-168
-456
-539
-299
-200
-269
67
591
585
397
648
917
723
773
1270
1483
1143
1009
1555
1876
1531
1143
1161
1332
1539
1834
2046
2165
2037
1586
1202
1251
1728
2302
2302
1874
1472
1245
1133
1030
1137
1353
1361
969
531
564
686
390
91
44
355
660
425
-21
-466
-673
-624
-542
-451
-229
-260
-663
-1146
-1321
-1011
-719
-785
-1074
-1127
-1100
-1298
-1698
-1825
-1705
-1585
-1548
-1645
-1759
-1933
-2167
-2391
-2368
-2129
-1957
-2061
-2409
-2571
-2608
-2683
-2720
-2677
-1758
-1055
-1092
-1918
-2602
-2389
-1159
-328
-233
40
164
77
-755
-711
605
2413
2563
1829
1281
1970
2523
2119
1619
2018
3375
3657
2665
1706
1857
2184
1798
1465
2051
3088
2496
981
61
695
1449
1184
740
877
1355
696
-234
-745
146
615
551
250
250
449
132
-411
-487
865
1388
1100
481
445
753
983
979
1055
1699
1741
1548
886
961
1167
1476
1098
1143
1315
898
217
-236
-100
-31
8
-582
-942
-1403
-1800
-2083
-2176
-2105
-2187
-2414
-2941
-3094
-3224
-3309
-3435
-3216
-2958
-2959
-3160
-3513
-3479
-3137
-2961
-2736
-2511
-2594
-2588
-2709
-2562
-2602
-1273
268
8
-956
-1806
-1284
34
907
840
1400
1537
1507
620
26
1346
3491
3802
2668
2507
2891
3146
1785
1425
2614
4352
3693
2035
1263
1485
1591
947
1162
1984
2504
1260
-80
-143
473
684
218
467
1142
1398
118
-908
-486
730
1272
925
1035
1123
1027
640
756
1158
1803
1999
1891
1899
1799
1441
1081
1453
1992
2430
1895
960
584
588
427
102
281
121
-295
-1130
-1718
-1860
-2020
-2151
-2121
-2141
-2798
-3377
-3837
-3788
-3506
-3293
-3429
-3648
-3783
-3915
-3883
-3822
-3639
-3314
-2958
-3091
-3176
-3088
-3004
-2930
-1457
-436
-661
-1395
-1925
-1047
172
554
608
1023
1082
1247
640
427
1437
2828
2808
2270
2302
2458
2388
1470
1335
2513
3369
2478
1462
1113
1139
1027
693
961
1586
1690
708
119
204
454
552
536
1007
1520
1509
524
-15
610
1560
1836
1810
1920
1787
1506
1483
1776
2043
2310
2383
2414
2168
1746
1421
1426
1789
2014
1760
1239
670
341
235
-62
-275
-261
-589
-1132
-1580
-1985
-2312
-2567
-2700
-2577
-2707
-3248
-3751
-4112
-4070
-3955
-3756
-3907
-3984
-4272
-3472
-2917
-3107
-3638
-3558
-2737
-1801
-1426
-1748
-1450
-1168
-624
-811
-539
124
1332
1391
897
811
1279
1607
1394
1486
1949
2406
1750
985
824
1221
1365
1081
1096
1277
1052
352
-126
15
648
964
458
242
231
415
80
-187
263
1150
1249
852
819
853
1072
1438
1890
2022
2120
2215
2263
2229
2192
2437
2684
2817
2823
2650
2179
1949
2139
2184
1849
1504
1459
1135
438
77
68
-127
-554
-1027
-1210
-1644
-2243
-2843
-2870
-2639
-1729
-1947
-2992
-3848
-3932
-3114
-2362
-2305
-2415
-1911
-2051
-2170
-2568
-2172
-1075
247
346
-90
-380
-374
-30
113
381
1028
1541
1038
193
-156
85
209
123
378
727
418
-461
-869
-900
-707
-358
-474
-595
-620
-791
-1363
-1844
-1411
-407
-283
-755
-938
-856
-834
-597
-140
313
422
578
629
618
551
849
1435
1857
2105
1933
1601
1481
1867
2321
2375
2153
2159
2177
1942
1576
1419
1512
1609
1656
1268
870
562
18
-174
-52
-64
407
977
118
-894
-1614
-1082
-164
99
-112
72
-203
-750
-1159
-1432
-443
1008
1476
433
-326
-545
9
23
-153
344
1315
1027
-170
-892
-995
-647
-412
-194
49
-31
-933
-1744
-1934
-1512
-820
-728
-1190
-1430
-1428
-1648
-2293
-2383
-1260
-450
-1004
-1520
-1619
-1601
-1338
-832
-505
-396
-387
-413
-485
-646
-464
-17
398
518
445
130
-317
-334
346
803
669
437
231
97
-206
34
141
385
411
29
-116
-323
-777
-841
-278
979
1492
328
-803
-1093
-20
1048
1331
970
1152
1521
1339
266
332
1887
3468
3286
2193
1861
2214
2376
1914
1951
2732
3430
2869
1628
721
973
1371
1356
1275
1452
1361
368
-848
-955
-276
202
-93
-556
-661
-823
-1798
-2465
-1907
-787
-470
-1152
-1925
-2349
-2053
-1683
-1370
-1275
-1282
-1310
-1384
-1777
-1965
-1637
-1226
-770
-722
-1120
-1831
-2058
-1606
-1084
-962
-1285
-1330
-1555
-1897
-1914
-1796
-1622
-1513
-1664
-1800
-1755
-2447
-1933
-327
-415
-1212
-1934
-1521
-208
333
-121
74
585
965
955
289
824
2579
3548
2481
1853
2280
3261
3298
2428
2521
3835
4065
2797
2082
2279
2899
2664
2146
2223
2535
2013
1308
1068
1210
1638
1517
752
531
994
916
-67
-680
349
1276
365
-636
-463
-53
27
-197
-313
-265
-247
-162
-235
-623
-962
-666
-305
-335
-593
-987
-1408
-1428
-1097
-983
-1555
-1938
-1928
-1879
-2104
-2934
-2804
-2518
-2414
-3045
-3220
-3611
-3265
-1706
-1890
-2707
-3823
-3259
-1909
-877
-1552
-1471
-1164
-890
-798
-1222
-371
1076
2070
1221
1007
999
1661
1898
1793
1881
2965
3199
2041
1317
1222
2093
2289
1961
1737
2103
1610
689
671
1083
1425
1308
973
684
790
782
-20
-264
663
1660
1134
93
-120
274
925
877
838
898
990
1075
927
798
784
1221
1480
1503
1178
875
604
479
813
866
590
54
-164
-361
-631
-996
-1299
-1320
-1393
-1833
-2590
-2683
-864
-1488
-2747
-3705
-3019
-1875
-1475
-2211
-2617
-1981
-1748
-1754
-2893
-1917
-105
1030
-478
-1317
-735
448
664
114
370
1419
1719
690
-14
2
1065
1442
1137
718
842
797
291
111
184
858
1097
403
-132
8
368
-168
-595
91
1040
451
-576
-580
34
553
590
284
-33
139
633
779
228
-36
719
1241
951
353
67
313
467
890
610
86
-307
-83
-69
-442
-665
-635
-628
-893
-1373
-1442
586
-88
-1334
-1968
-1175
-57
244
-426
-248
273
172
100
-776
-71
1759
3043
1453
542
750
1860
1995
1309
1251
2448
2483
1064
465
204
816
1116
1085
578
313
-251
-819
-587
-667
-472
-202
-682
-1511
-1414
-1034
-1496
-1875
-1329
-213
-685
-1926
-2060
-1219
-465
-416
-486
-913
-1075
-567
-94
-245
-702
-280
506
450
-421
-732
-260
-111
238
261
-204
-881
-957
-597
-880
-1278
-1602
-1395
-1447
-2075
-569
-557
-2116
-3018
-2327
-822
-378
-960
-1367
-438
-398
-552
-1423
-597
1496
3125
2086
494
577
1898
3151
2965
2457
3021
4067
3418
2338
1592
2615
3686
3647
2904
2554
2355
1669
1836
1843
1927
2000
1840
1045
234
665
473
116
-41
518
592
-622
-1453
-1218
-71
-26
-612
-1138
-1328
-1212
-967
-1048
-1413
-1205
-883
-901
-1610
-2176
-1774
-1260
-1101
-1255
-1795
-2039
-2286
-1908
-2294
-2161
-2498
-2395
-2835
-1872
-967
-2426
-3069
-3365
-1837
-1224
-975
-1842
-1429
-1228
-787
-1284
-1742
-307
1855
2016
85
-275
667
1910
1716
1368
1674
2716
2349
1378
530
787
2231
2679
2059
1048
1063
958
1023
1083
1075
1725
1495
842
273
730
914
620
632
1511
2009
805
-149
279
1359
2108
1972
1119
687
1121
1696
1585
1148
1152
1894
1929
1144
183
343
948
1115
1043
324
-249
-985
-736
-742
-988
-1803
-1709
-2387
-1373
-698
-2413
-3576
-4008
-2561
-1508
-1482
-2798
-2363
-2517
-2172
-2629
-2758
-1550
769
694
-1243
-1741
-1036
361
779
606
332
1320
809
294
-320
-435
688
1659
1472
109
-310
-654
42
439
90
158
129
-183
-702
-549
-498
-567
-564
447
534
-987
-1425
-352
347
687
628
222
-95
161
587
777
796
786
1715
1529
561
291
896
1274
1382
1616
1163
412
197
481
726
27
-151
-281
286
1793
290
-1328
-2057
-625
571
718
-417
-471
-50
-274
-538
-1522
-372
1571
2530
598
-440
-228
803
1236
917
1012
1882
1406
101
-250
-500
396
931
951
210
-274
-1052
-1214
-283
-471
-472
-342
-625
-1465
-1579
-1112
-1031
-1273
-884
196
-671
-2158
-1817
-580
238
122
-301
-704
-873
-325
165
164
-357
124
963
232
-877
-689
264
243
175
-37
-519
-833
-1229
-1010
-1175
-1031
-1547
-1300
426
-614
-2005
-2831
-1914
-407
329
-218
-672
-580
-628
-368
-877
-315
1836
3426
1927
131
293
1730
2922
2680
2020
2914
3208
2161
1251
1005
1979
2724
3132
2081
1187
467
468
1401
1332
1237
1028
746
-396
-562
39
233
-320
-365
682
200
-1549
-1756
-417
682
549
-443
-915
-976
-508
-63
8
-473
-288
339
-118
-1309
-1511
-185
264
-59
-852
-1502
-1656
-1639
-1490
-1927
-1859
-2568
-1273
-173
-2316
-3566
-3790
-1987
-911
-905
-1771
-1451
-1595
-1778
-1771
-1600
-131
1724
1767
47
-530
-69
1346
2149
1831
1858
2733
1898
905
392
1127
2363
2497
1989
1185
995
111
573
1168
932
1096
1058
399
-718
-648
247
681
138
-137
452
-117
-893
-504
558
1265
833
334
-96
3
628
1062
1089
774
1107
1064
364
-227
354
1461
1415
785
-164
-571
-561
-186
-742
-913
-1281
-193
599
-1593
-3040
-2992
-1505
-443
-592
-1726
-1486
-1473
-1554
-2272
-2033
-283
1858
1267
-766
-1120
-347
712
1338
1451
1123
1940
1307
343
-414
51
1541
2225
1567
-131
-312
-760
-74
494
191
67
-260
-654
-1744
-1662
-1023
-608
-525
-683
-837
-1837
-2351
-1622
-296
599
33
-924
-1348
-929
-277
320
334
223
927
467
-298
-819
161
1232
1484
1377
-139
-412
-301
55
79
-115
-163
2209
917
-1397
-2401
-1340
583
1540
596
-333
-226
-497
-271
-936
7
2142
3869
1608
23
10
1264
2371
2533
2548
2900
2666
1318
644
321
1662
2907
2803
1198
190
-204
-310
359
160
579
572
-390
-1728
-2440
-1957
-1091
-837
-1270
-1164
-1775
-2868
-3022
-2127
-758
-187
-931
-2099
-2373
-1533
-657
-600
-769
-197
258
-552
-1554
-1523
56
838
591
-148
-1042
-1284
-896
-715
-899
-1431
1144
987
-1512
-3190
-2629
-601
361
212
-660
-499
-1408
-1161
-1782
-962
1269
3193
1719
-402
-518
776
2121
2207
2374
3124
3179
1854
1137
826
2185
3467
3875
2866
1570
1114
1078
1996
1758
1996
2304
1744
587
-615
-303
403
743
342
320
-360
-1569
-1649
-1207
-252
460
-41
-1440
-2049
-1573
-822
-125
-620
-838
-223
-626
-1474
-1791
-799
66
405
-333
-1629
-1605
-1690
-1136
-1222
-1313
670
-225
-2041
-3328
-2768
-1088
-107
-370
-822
-838
-1673
-1861
-2366
-1206
1360
2729
658
-1203
-1126
353
1526
1361
1266
2307
2269
993
-105
-500
1069
2624
3082
1535
223
-325
118
1189
760
1060
1382
947
-427
-1183
-653
56
415
155
253
-725
-1826
-1560
-761
160
521
-29
-916
-1501
-1098
-195
419
205
243
516
-156
-602
-279
675
1211
1248
379
1
-105
-591
76
-161
1702
2042
-267
-1848
-1871
-410
557
546
-146
54
-381
-822
-1856
-1668
423
2954
1910
-523
-1186
-169
1034
1241
1092
1519
2345
1053
50
-455
140
1540
2257
1682
475
-162
-707
388
635
451
883
607
-496
-1648
-948
-376
-326
-370
-384
-476
-2133
-2517
-1588
-619
-16
-614
-1670
-2589
-2189
-1149
-645
-1182
-1442
-628
-1031
-1824
-2306
-1112
116
394
-621
-1758
-1519
-1483
-418
-1203
374
1410
-255
-1633
-2443
-997
363
1003
498
513
-138
-516
-865
-604
1086
3622
3132
862
22
853
2353
2712
2406
2812
3971
2975
1578
660
1623
3202
3997
3406
1795
1215
831
1726
1849
1612
2035
2211
1086
-925
-749
512
1118
500
19
19
-1221
-1987
-1557
-647
30
-174
-1129
-2347
-2845
-1916
-989
-1000
-1813
-1759
-1643
-2210
-2908
-2416
-1245
-620
-1369
-2376
-3049
-2677
-1941
-2019
6
-237
-2156
-3106
-2929
-1834
-529
-569
-440
-428
-1356
-1653
-2009
-1240
832
3126
1730
-460
-1102
283
1961
2121
1462
2168
2961
1798
689
102
1446
2998
3602
2328
1154
622
969
2186
1776
1488
2153
2454
1260
-363
-225
1333
2200
1595
962
636
-339
-477
422
1080
1350
883
37
-822
-929
-291
637
460
-178
-566
-801
-1096
-1405
-690
-13
-112
-888
-1788
-2294
-1868
-2007
-337
669
-1041
-2965
-3342
-2191
-1089
-895
-1100
-646
-1333
-1866
-2478
-2225
-949
1528
1722
34
-1194
-1146
288
1256
1364
1329
2112
1533
466
-426
174
1752
2722
2042
742
140
-233
796
1468
932
591
1026
793
-343
-950
-465
544
744
434
-46
-984
-1581
-779
271
685
53
-762
-1164
-1135
-529
-135
-124
-362
-330
-743
-1085
-1216
-629
177
287
-343
-1089
-1452
-879
-1117
-4
1550
321
-1274
-2243
-1268
276
725
-167
411
98
-408
-1140
-1285
282
2620
2684
464
-263
-126
1300
2047
1663
1552
2564
2305
1051
101
273
1984
3061
2331
1123
355
-151
510
1423
1593
1123
632
211
-492
-463
47
323
107
55
102
-780
-1724
-1391
-9
933
215
-1272
-1880
-1576
-588
48
-507
-1233
-1085
-941
-1445
-1884
-1366
-499
-349
-1128
-2037
-2705
-1853
-1317
-809
475
-935
-2518
-3090
-2236
-607
151
-791
-823
-786
-1125
-1744
-2055
-497
2224
2888
355
-1370
-1122
912
2441
2203
1291
1903
2026
1091
177
387
2205
3538
2833
1013
286
314
1054
2082
2080
1741
1531
685
-181
-125
882
1793
1345
611
228
-144
-555
-244
924
1576
1127
-95
-1050
-858
59
858
872
80
-408
-689
-854
-986
-312
425
198
-915
-1323
-2222
-1544
-1219
-401
1140
-515
-2356
-3610
-2379
-713
396
-588
-1074
-1337
-1616
-2062
-2336
-956
1872
2458
-343
-2041
-1805
273
1607
1379
692
1218
1031
-243
-1042
-467
1479
2708
1395
-578
-1141
-785
154
978
802
537
226
-497
-1462
-1268
88
1082
673
-488
-736
-1202
-1502
-308
890
1461
428
-933
-1338
-669
593
1341
1103
-11
-39
-42
-194
-363
515
1625
1239
-54
-911
-1166
-116
83
1759
2015
34
-1597
-2103
-742
957
1600
518
120
-714
-802
-1102
-704
955
3186
2471
-134
-1290
-599
1385
2596
2099
1384
1430
880
-134
-481
617
2536
2678
789
-914
-1057
-457
393
997
696
251
-579
-1564
-1881
-939
186
444
-805
-1638
-1629
-1636
-1831
-1166
111
194
-1048
-2484
-2421
-1027
48
187
-609
-1460
-1350
-1145
-1079
-729
36
450
-458
-1567
-1973
-1295
-400
-340
1370
797
-1204
-2650
-2382
-346
1578
1357
-37
-828
-1086
-652
-504
11
1965
3850
1815
-484
-1153
894
3233
3682
2414
1913
2075
1456
826
801
2545
4331
3432
614
-507
352
1438
2517
1867
1099
782
53
-651
-618
687
1574
888
-990
-1316
-959
-840
-607
-105
345
-313
-1709
-2713
-1735
-98
573
-68
-2005
-2459
-1548
-788
-929
-752
-533
-525
-1495
-2449
-2361
-1230
-318
-598
295
-967
-2366
-3044
-2203
-349
981
-9
-1459
-2093
-2016
-1049
-612
-157
1337
2224
-80
-1712
-1477
1176
3295
2994
837
323
999
972
986
1192
2482
3288
1687
-636
-649
908
2128
2492
1270
105
-275
-390
-151
800
1552
1295
-242
-1761
-989
314
627
130
265
402
-445
-1544
-1665
-38
1611
1487
-254
-2109
-2019
-271
908
685
27
-57
-490
-1094
-1459
-565
200
783
-665
-1130
-194
-777
-1424
-1799
-555
494
465
-1857
-1972
-1529
-281
17
-663
-779
947
1078
-650
-1214
25
2516
2794
862
-731
855
1775
1695
1221
988
2028
1982
260
-523
749
1934
2159
961
-659
-346
179
323
206
570
513
-158
-1605
-1762
-227
508
-191
-898
-960
-1119
-1080
-1555
-986
-4
174
-834
-1966
-1987
-1074
-83
-113
-703
-744
-534
-880
-979
-806
-128
321
-325
-1133
-1591
207
901
62
-1262
-1484
-444
97
0
-324
47
-126
-23
-643
-909
622
2722
1902
176
-383
932
2641
2405
1521
1698
2439
2008
1356
1112
1739
3078
2682
1014
378
983
1494
1765
1215
779
1068
587
-450
-350
608
1233
452
-1292
-1439
-537
-302
-521
-691
-1045
-881
-1094
-1549
-1423
-840
-620
-702
-1437
-2107
-1182
-735
-783
-742
-911
-1035
-1106
-1059
-909
-400
-523
-794
-1396
-1464
-1485
-890
43
-381
-1280
-2422
-2204
-1176
-163
-433
-514
-1207
-1516
-1553
-1216
-178
1390
1441
140
-857
-616
939
2198
2178
1332
1476
1272
952
911
1417
2696
2958
1502
292
619
1253
2011
2318
1820
1330
590
-21
414
1498
1806
1320
-48
-939
-249
373
165
340
387
120
-607
-1533
-923
330
732
90
-881
-1397
-709
10
-17
-396
-208
-29
-396
-769
-561
205
217
-178
-637
-966
-721
-683
-757
-1017
-844
-199
-738
-1630
-1864
-1276
-679
-409
-758
-941
-1323
-1293
-885
-729
-498
488
594
-476
-1000
-403
765
1465
1035
247
220
137
414
902
1005
1168
1035
139
-314
373
1020
1086
854
324
-39
-133
-265
122
641
529
11
-800
-1117
-460
235
84
-93
-312
-478
-741
-702
120
773
602
-284
-545
-384
364
920
785
494
259
259
96
284
807
1206
726
-25
-71
205
595
579
378
39
-91
-160
-38
-159
79
561
205
-616
-904
-402
162
345
232
-157
-538
-620
-305
-74
282
896
679
-218
-640
-8
753
951
678
537
487
67
-155
-13
548
1156
750
-429
-1039
-649
34
353
76
-394
-744
-1060
-1223
-763
-264
-68
-413
-1319
-1586
-979
-563
-398
-315
-391
-696
-874
-907
-306
398
275
-89
-372
-391
-45
398
542
464
343
-97
-83
259
670
1035
942
493
108
76
308
761
786
637
403
229
64
-97
200
531
640
167
-121
76
191
252
141
37
125
248
193
68
-26
315
611
175
-120
97
456
521
327
-39
-21
281
193
29
-196
-193
-52
-15
-428
-517
-446
-445
-384
-363
-492
-783
-621
-495
-498
-583
-585
-414
-400
-556
-713
-650
-436
-189
-210
-438
-581
-401
-161
-85
-65
-17
125
16
-42
-36
58
206
314
345
543
543
174
-172
-141
144
384
684
578
507
112
-173
-205
-47
213
296
276
166
93
-119
-120
-43
169
207
103
-29
12
167
52
-15
-187
-107
26
-70
-221
-209
-39
5
-81
-355
-371
-340
-230
-78
-124
-300
-356
-261
-170
-7
-35
-51
72
47
-104
-269
-157
110
379
339
-45
-206
-70
353
501
297
90
131
270
350
436
404
367
276
243
311
322
309
379
398
355
310
151
162
316
429
343
162
71
178
217
102
82
116
106
-52
-140
-40
197
82
-259
-350
-250
39
-18
-204
-383
-404
-343
-283
-309
-480
-439
-475
-454
-412
-481
-548
-500
-495
-425
-339
-471
-547
-383
-328
-332
-363
-437
-264
-123
-142
-182
-125
-172
-59
23
121
336
307
257
203
348
523
655
634
546
572
606
600
569
586
683
754
556
424
460
510
549
549
494
432
467
396
335
370
455
550
482
205
85
139
378
457
136
-34
-58
52
131
63
-84
-154
-135
-219
-301
-299
-328
-281
-278
-490
-657
-611
-544
-462
-441
-593
-769
-754
-604
-575
-706
-788
-599
-434
-567
-705
-685
-488
-397
-467
-491
-476
-304
-250
-285
-311
-183
-129
-131
-50
79
127
-18
-61
-4
217
360
286
95
69
265
304
253
197
347
464
340
174
169
375
500
514
414
266
240
399
505
434
387
388
306
335
426
341
303
239
160
221
215
150
90
121
31
-32
15
-55
-52
-86
-197
-269
-274
-320
-358
-372
-402
-341
-374
-486
-507
-509
-412
-326
-393
-490
-410
-266
-165
-260
-342
-275
-212
-134
-151
-64
-65
0
-10
-107
-119
-46
135
138
49
-9
54
1
41
174
157
121
73
52
44
98
140
139
112
66
99
82
7
107
171
159
119
48
20
68
153
147
78
92
83
29
72
87
115
67
67
146
81
42
58
201
198
91
-91
-104
118
235
147
-126
-193
-22
185
74
-119
-128
-10
36
-63
-114
-25
141
111
-15
-5
-3
82
111
35
74
196
155
25
41
133
297
277
64
47
153
193
256
216
203
283
280
186
158
230
253
251
170
169
220
191
130
77
48
72
56
-33
-31
-19
-17
-118
-161
-120
-77
-71
-184
-155
-115
-136
-150
-202
-193
-143
-128
-202
-225
-119
-105
-179
-269
-238
-142
-85
-151
-226
-159
-135
-154
-224
-208
-76
35
-57
-145
-148
-82
-19
-28
-45
48
133
46
7
-7
112
218
122
-16
21
107
192
174
58
80
143
163
113
95
102
156
181
153
90
85
144
160
87
32
62
54
87
16
-52
-70
-10
-11
-38
-107
-110
36
77
-16
-177
-141
-25
42
-51
-115
-37
88
66
-81
-148
-48
105
90
-66
-81
-18
13
17
-93
-92
-51
-85
-160
-171
-147
-129
-168
-231
-205
-159
-180
-275
-276
-227
-190
-201
-276
-265
-228
-213
-266
-288
-243
-197
-167
-206
-245
-222
-169
-213
-192
-172
-146
-167
-182
-122
-112
-111
-161
-119
-86
-75
-77
-123
-83
-39
-31
-36
-82
25
123
109
44
17
83
144
179
137
181
275
321
272
159
189
372
476
409
334
290
347
456
439
344
343
387
393
394
329
299
283
253
259
245
180
145
139
124
127
97
46
-16
-50
-50
-44
-74
-81
-59
-73
-132
-206
-223
-200
-161
-163
-224
-287
-311
-255
-224
-256
-332
-343
-302
-300
-348
-371
-284
-228
-260
-358
-445
-400
-257
-137
-175
-273
-266
-217
-119
-105
-77
-36
-20
42
39
39
74
183
289
272
247
227
262
400
471
451
405
397
423
439
452
475
484
451
412
398
374
353
395
390
364
281
235
230
219
235
216
176
135
129
110
68
63
67
44
43
-12
-52
-47
-15
-16
-73
-142
-155
-146
-109
-102
-151
-209
-238
-223
-223
-212
-216
-228
-207
-222
-269
-273
-253
-193
-154
-156
-236
-233
-173
-112
-65
-124
-95
-37
-5
4
-35
-12
66
108
72
28
30
93
137
94
-23
12
67
86
29
-23
14
36
37
-39
-45
-26
-5
13
-10
-63
-90
-89
-65
-15
-5
-78
-107
-135
-117
-47
-75
-123
-127
-121
-113
-106
-148
-143
-96
-92
-77
-81
-139
-126
-53
-42
-55
-91
-106
-6
24
-32
-82
-73
-41
32
69
3
-2
15
47
68
58
95
151
149
100
124
165
217
230
179
172
178
170
200
226
189
126
93
81
66
90
83
53
-12
-66
-38
-47
-76
-79
-91
-115
-160
-186
-199
-144
-100
-96
-150
-248
-248
-193
-172
-192
-179
-182
-183
-245
-286
-259
-185
-136
-200
-269
-280
-235
-197
-161
-138
-177
-210
-189
-177
-131
-100
-83
-61
-74
-45
-57
-66
-7
79
134
51
41
95
206
255
224
242
298
339
316
290
317
407
437
384
314
307
365
372
333
302
318
337
291
200
210
265
249
181
112
130
171
131
88
77
86
132
60
-24
-37
28
58
42
-26
-71
-11
-29
-88
-115
-77
-56
-89
-181
-203
-137
-133
-185
-235
-270
-255
-211
-239
-256
-237
-233
-246
-273
-273
-216
-184
-211
-224
-178
-167
-171
-149
-136
-87
-72
-64
-57
-58
-26
11
25
17
32
36
20
26
43
51
59
63
67
82
82
88
102
125
122
101
111
152
196
156
130
155
183
189
173
148
190
223
197
166
173
217
245
199
135
157
219
222
141
100
113
168
142
47
14
49
89
47
-45
-77
-31
-25
-83
-125
-113
-73
-82
-153
-182
-138
-102
-117
-163
-141
-111
-121
-140
-129
-70
-74
-112
-146
-138
-80
-75
-125
-132
-98
-79
-132
-197
-162
-88
-109
-157
-172
-136
-84
-116
-180
-128
-26
5
-56
-126
-92
16
40
-19
-12
35
61
34
-15
12
125
138
83
27
46
119
133
99
109
155
120
63
22
53
138
148
93
52
30
11
-3
3
64
115
49
-63
-81
-10
49
39
-21
-24
23
9
-48
-85
-24
83
75
-38
-116
-83
-12
4
-33
-41
-21
-32
-100
-133
-86
-23
-4
-65
-125
-113
-74
-80
-85
-55
-19
-3
-42
-70
-19
25
41
33
25
27
40
18
18
70
100
90
61
51
50
79
80
93
111
80
42
14
0
41
40
1
-30
-36
-35
-74
-92
-66
2
-33
-128
-154
-114
-49
-27
-79
-103
-49
-6
-11
-64
-67
-12
22
-47
-100
-44
-12
-7
-44
-88
-70
-57
-78
-71
-21
3
-19
-82
-111
-52
-8
-43
-56
-9
16
-2
-54
-48
34
108
89
19
-7
43
99
90
76
106
130
123
93
99
126
177
197
174
169
169
183
154
175
219
212
164
130
144
155
148
130
127
126
126
67
19
57
108
113
24
-56
-10
65
65
13
-35
-21
5
-23
-82
-81
-53
-74
-132
-196
-189
-151
-163
-199
-226
-224
-244
-272
-277
-241
-209
-245
-292
-301
-232
-166
-202
-248
-236
-197
-155
-159
-156
-126
-98
-76
-89
-86
-62
-14
4
-11
5
32
71
79
92
119
154
164
168
198
192
216
235
244
245
232
234
259
302
311
278
236
230
266
299
268
228
235
285
309
257
199
215
284
289
232
176
157
173
171
133
84
52
50
18
-24
-48
-49
-48
-110
-143
-166
-180
-186
-207
-222
-239
-272
-313
-296
-272
-265
-284
-314
-316
-299
-296
-319
-316
-290
-248
-259
-310
-322
-268
-195
-205
-238
-246
-181
-143
-159
-155
-147
-97
-67
-73
-56
-20
-2
6
19
39
74
96
83
85
120
138
136
144
183
235
223
168
159
210
272
278
232
202
221
249
238
218
207
208
194
168
144
143
144
125
98
73
61
56
40
20
22
17
-17
-54
-42
-24
-33
-72
-101
-75
-72
-100
-131
-141
-110
-101
-144
-181
-171
-115
-104
-163
-202
-174
-123
-101
-121
-146
-122
-90
-74
-85
-102
-81
-50
-34
-36
-32
-40
-51
-18
29
27
-7
-21
11
49
63
28
9
39
74
67
23
-7
15
61
42
19
37
40
36
33
9
11
11
-12
-2
5
5
-5
-19
-5
15
11
-16
-9
24
46
44
15
11
30
41
19
-9
5
42
47
5
-23
-9
27
48
30
1
-20
-15
22
39
17
18
32
36
32
39
52
59
78
94
86
71
48
54
92
116
109
87
75
64
91
109
87
66
60
61
59
51
21
19
17
18
-1
-34
-43
-35
-26
-38
-46
-77
-80
-71
-84
-102
-106
-92
-100
-118
-128
-118
-85
-72
-71
-87
-106
-69
-59
-68
-77
-87
-30
-10
-42
-65
-90
-46
13
-8
-31
-32
-24
1
-20
-36
2
26
29
18
-2
1
23
52
75
84
76
56
58
63
88
99
104
119
105
108
106
118
129
132
126
107
96
100
118
118
110
85
62
58
61
73
71
50
22
19
26
29
12
13
13
3
-5
-41
-45
10
35
0
-41
-53
-15
0
-21
-13
-21
-44
-43
-43
-48
-51
-28
2
-13
-56
-82
-45
-24
-23
-52
-81
-96
-131
-69
-77
-87
-131
-140
-111
-87
-76
-13
41
-13
-47
-89
-95
15
21
-19
-52
-179
-190
-171
-183
-12
20
25
171
295
197
-9
-339
-453
-290
-136
147
311
134
-91
-349
-495
-229
105
388
433
134
-123
-305
-376
-174
44
203
327
291
186
-74
-257
-204
-20
177
434
594
387
-41
-470
-466
-171
165
496
620
304
-222
-565
-452
-32
338
546
534
228
-82
-204
-143
-7
126
285
349
253
56
-91
-136
-115
-40
107
181
172
67
-112
-224
-259
-110
116
201
96
-41
-190
-320
-339
-282
-129
-97
-275
-469
-262
243
599
282
-323
-726
-895
-677
-43
816
1151
547
-581
-1394
-1389
-610
421
1071
1022
303
-553
-1069
-903
-177
758
1396
1298
525
-435
-999
-929
-330
420
906
863
324
-332
-794
-808
-394
284
646
724
402
-113
-636
-870
-690
-192
500
769
753
260
-139
-606
-627
-94
716
1197
979
458
-218
-623
-533
34
572
880
675
196
-342
-571
-404
57
473
577
413
4
-293
-391
-290
-60
140
196
118
2
-161
-264
-264
-186
-94
-73
-44
-21
-35
-148
-252
-304
-270
-120
-39
14
-2
-21
-61
-110
-135
-145
-1
108
166
120
47
-80
-181
-178
-103
-12
58
138
143
37
-140
-198
-203
-153
-66
12
2
-119
-246
-301
-230
-108
-38
-23
-49
-107
-147
-180
-118
36
79
11
28
55
65
93
48
74
99
86
108
194
235
243
250
226
220
178
216
297
316
354
333
235
188
178
277
265
287
328
328
283
248
264
327
346
549
679
526
651
346
397
504
538
462
207
66
31
28
-142
-126
-157
-448
-656
-584
-721
-520
-610
-688
-882
-1011
-1095
-1152
-979
-1105
-994
-1042
-1027
-918
-718
-550
-535
-503
-615
-355
-230
-326
-419
-278
-165
20
102
106
425
565
509
329
392
603
1003
964
713
629
667
639
547
512
625
697
459
230
172
309
285
266
352
384
194
-86
-167
-5
246
206
-4
-71
-25
48
119
151
276
250
307
243
200
251
273
321
198
97
154
214
149
192
103
-223
-353
-137
-174
-326
-585
-644
-767
-1033
-1127
-1282
-841
-377
-621
-1104
-1458
-1279
-586
-281
-1009
-1095
-812
-421
-227
-421
-260
732
775
-90
-212
535
1311
1400
866
455
1059
1204
579
284
897
1293
1041
199
26
753
841
140
-7
269
307
-65
-570
-385
404
407
-380
-657
-313
-31
-27
-329
-203
155
-64
-304
-31
216
391
304
34
190
292
109
295
693
622
273
2
31
414
396
2
-75
-82
-302
-522
-582
-500
-506
-974
-1356
-1427
-678
-145
-585
-1187
-1428
-1214
-481
-675
-1159
-662
-437
-245
-281
-532
-13
1093
624
54
119
1008
1699
1553
606
654
1470
1407
731
600
1007
1295
918
78
279
1018
771
97
38
226
325
-69
-462
39
604
46
-604
-638
-286
20
-233
-589
-258
-46
-279
-218
24
147
62
-137
-130
149
82
6
348
551
267
-144
-406
-217
56
-163
-451
-477
-470
-728
-1052
-1311
-1143
-1303
-1326
-749
-547
-1014
-1665
-1943
-1019
-151
-909
-1364
-1189
-336
89
-346
-623
729
1214
437
-168
618
1981
2348
1245
407
1271
1989
1488
810
1191
1742
1596
485
195
1219
1648
724
113
291
507
132
-392
67
1042
506
-654
-1048
-456
258
58
-621
-504
-131
-234
-243
-93
225
253
-162
-368
152
412
180
183
383
372
99
-347
-260
227
105
-515
-811
-670
-592
-931
-1360
-1470
-1469
-837
-854
-1292
-1737
-2022
-1708
-617
-1062
-1575
-1592
-1343
-493
-332
-875
-217
986
470
-293
-294
1217
2367
1940
353
577
1729
1895
1065
938
1453
1883
1141
224
757
1764
1242
321
228
558
448
-110
-336
678
1145
-149
-1124
-805
47
404
-133
-745
-245
-43
-186
48
287
193
80
-176
41
586
432
243
511
683
410
76
-90
278
495
-63
-659
-454
-204
-448
-869
-1233
-1255
-1448
-1409
-906
-772
-1438
-2063
-2045
-944
-701
-1664
-2078
-1566
-516
-302
-991
-795
698
812
-71
-631
659
2161
2160
804
505
1467
1867
1154
768
1460
1915
1272
318
680
1619
1371
315
20
451
458
-129
-453
333
953
-24
-1147
-1129
-179
262
-303
-930
-487
-73
-192
-247
-92
79
74
-147
-90
311
397
279
472
723
619
287
-7
149
589
335
-230
-376
-137
-150
-477
-926
-1061
-1191
-1396
-769
-456
-846
-1678
-1835
-1205
-280
-1174
-1800
-1494
-587
54
-311
-810
198
1092
283
-308
130
1750
2353
1569
429
1132
1823
1479
708
1039
1567
1601
712
234
944
1289
490
-41
66
144
-141
-576
-336
473
272
-926
-1285
-655
-66
-259
-872
-980
-345
-316
-317
-20
98
-166
-245
-227
241
511
274
400
900
874
375
-33
20
601
680
-123
-486
-122
31
-295
-799
-1202
-1073
-1451
-1594
-645
-231
-1011
-1927
-2117
-1184
-315
-1358
-1751
-1257
-394
-178
-671
-834
665
1200
168
-459
411
2074
2342
1289
485
1414
2036
1481
707
1185
1650
1549
743
439
1063
1313
469
56
174
155
-166
-444
-56
640
188
-904
-1133
-547
-137
-380
-754
-572
-86
-126
-180
-67
0
-113
-130
43
386
437
384
578
888
770
297
-77
197
599
495
-144
-396
-128
-65
-511
-960
-1054
-1152
-1540
-1875
-909
-297
-912
-1989
-2209
-1427
-355
-1189
-2127
-1565
-600
-7
-609
-1117
36
1361
394
-612
-367
1633
2567
1685
414
895
1755
1562
697
915
1731
1726
871
113
781
1554
973
-96
-118
260
273
-321
-214
463
785
-248
-1158
-808
153
92
-203
-482
-177
222
99
-57
281
333
216
110
55
502
827
848
785
756
393
16
-38
335
485
97
-590
-551
-98
-449
-941
-1339
-1484
-1627
-1452
-910
-643
-1338
-2101
-1993
-1148
-530
-1583
-2043
-1639
-383
1
-659
-1161
513
1201
317
-584
33
2005
2467
1208
294
1282
1922
1595
653
1152
1703
1481
398
119
1015
1578
489
-388
-238
217
29
-589
-437
476
473
-671
-1348
-743
146
-106
-628
-765
-230
80
-16
-241
153
191
78
-95
19
496
774
588
513
585
522
125
-39
348
530
-22
-548
-390
10
-223
-823
-1190
-1172
-1293
-1257
-663
-552
-1142
-1797
-1653
-921
-271
-1192
-1867
-1441
-296
-1
-450
-751
812
1611
405
-589
252
2242
2629
1432
658
1775
2258
1541
436
964
1798
1730
792
221
747
1267
217
-761
-232
337
-55
-1184
-890
522
462
-1247
-2015
-1315
-328
-350
-627
-322
288
65
-719
-1272
-576
528
1033
875
761
755
371
-30
289
1031
1276
628
121
516
631
-424
-1090
-961
-556
-567
-1232
-1750
-1845
-2632
-3006
-1092
83
-34
-1715
-3464
-3090
-797
-49
667
1299
1116
-237
-2106
-1783
2322
5386
3914
1329
761
2372
2975
2151
1372
2608
3247
2175
898
1125
1288
305
-1437
-1800
248
1558
-46
-2470
-3144
-2763
-2371
-2305
-1261
-191
-699
-2657
-3286
-1942
-53
109
-579
-502
657
1562
1284
427
546
1316
1830
2448
3196
3435
2397
981
739
1946
2765
2378
1401
823
-46
-984
-1227
-449
-337
-1329
-2565
-2970
-2806
-2942
-3598
-4037
-3927
-3797
-4318
-3305
-985
-605
-2018
-4360
-4001
-679
1737
1785
2084
1693
1180
237
-249
2396
6810
7126
4164
1937
2245
3824
3753
2470
2511
4024
3353
938
-987
-1154
-975
-1338
-1997
-1298
-562
-2267
-4998
-5674
-4195
-2293
-1999
-2940
-3009
-2584
-2367
-2549
-2215
-695
1255
1279
870
1390
2079
2414
2346
2922
4534
5132
4215
3523
3001
2985
3444
3704
3483
3046
1691
158
-533
-390
-453
-1205
-2173
-2627
-3158
-4331
-4922
-4889
-5124
-4715
-5028
-5022
-5241
-3891
-1948
-2001
-2621
-3690
-3036
-304
1809
2648
2868
1754
1230
1093
2200
4804
7389
6540
4746
3225
3039
4129
4120
3289
3167
3330
1986
218
-1474
-2010
-1802
-1586
-1674
-2049
-3416
-4841
-5673
-5355
-4055
-2711
-2599
-3235
-3582
-3224
-2472
-2121
-1063
931
2114
1820
1577
1843
2614
3613
4157
4709
5272
5014
4211
3543
3409
3958
4199
3387
2359
1690
819
-328
-1118
-1071
-1238
-2296
-3342
-4116
-4732
-5138
-5423
-5255
-5022
-4908
-5522
-5890
-5496
-2042
-362
-1705
-3179
-3210
-707
2131
2701
3383
4032
3176
2233
1784
3498
7027
8565
6002
4159
3310
3815
4006
2814
2402
3257
2497
182
-1653
-2430
-2321
-2606
-3171
-2887
-2952
-4569
-6176
-6560
-5201
-3188
-2443
-3412
-3700
-2987
-1982
-1754
-1488
208
2655
3190
2420
2142
2521
3531
4718
5224
5509
5385
4498
3863
3293
3434
3690
3313
2247
1291
178
-515
-1278
-1911
-2215
-2704
-3562
-4114
-4832
-5868
-5598
-5519
-5327
-5179
-5335
-5829
-4861
-2310
-850
-861
-2383
-2876
-403
2682
3936
4735
3981
2995
2634
2627
4571
8098
8683
6244
4064
2998
3870
4298
3268
2815
3069
2064
128
-2296
-3410
-2705
-2245
-2730
-3247
-4252
-5392
-6345
-6664
-5454
-3453
-2779
-3664
-4410
-3995
-2409
-1429
-898
441
2155
2554
2060
1987
2855
4290
5332
5160
5070
5067
4613
3923
3417
3700
3901
3129
1787
872
174
-335
-1021
-1775
-2344
-3104
-3865
-4362
-4953
-5388
-5281
-5611
-5611
-5466
-5436
-5614
-4052
-1384
-889
-1904
-3235
-2496
677
3200
3787
4141
3371
2722
2427
2810
5222
8361
7832
5122
3320
2986
4250
4272
2981
2808
3087
1560
-586
-2530
-3035
-2163
-2052
-2538
-2834
-3876
-5490
-6583
-6464
-4429
-2392
-2409
-3654
-4245
-3200
-1901
-1230
-876
1029
2755
2621
1986
1869
2781
4504
5435
5483
5382
4845
4072
3593
3619
3957
4273
2986
1706
702
13
-635
-1014
-1403
-1799
-2764
-3961
-4465
-5020
-5224
-5027
-5126
-5145
-5354
-5659
-5955
-4487
-1362
-637
-1719
-3333
-3006
-35
2497
3236
3860
3193
2238
1921
2125
4397
7600
7388
4762
3161
2578
3744
4210
2955
2572
2892
1751
-127
-1858
-2731
-2054
-1629
-2081
-2365
-3348
-4749
-5572
-5569
-4026
-2169
-2085
-3488
-4011
-3101
-1217
-364
-718
265
1661
1866
1871
2343
3121
4418
4670
4145
4032
4120
4193
4207
3501
3245
3396
2670
1514
516
106
-153
-654
-1264
-1923
-2733
-3547
-3983
-4487
-4450
-4484
-4617
-5101
-5717
-5519
-4506
-1804
-627
-1911
-3640
-4031
-1871
1535
3209
3681
2776
1206
526
1075
3395
6979
8090
5166
2699
1850
2902
4389
4280
3393
3155
2206
542
-840
-1757
-1303
-447
-1014
-2044
-2864
-3816
-4626
-4924
-4114
-2395
-1463
-2885
-4407
-4347
-2532
-505
-351
-446
150
432
651
980
1701
3363
4304
3712
2753
2742
3326
3978
3681
3112
3287
2878
1650
636
363
674
711
-176
-1362
-2073
-2398
-2714
-3277
-3582
-3309
-3377
-4181
-5056
-5183
-3976
-1406
-727
-1646
-3376
-3988
-2170
308
2006
3305
2733
801
-550
-326
2431
6520
7417
4585
1932
854
2259
4159
4544
3902
3149
1618
268
-513
-771
11
332
-621
-1565
-2361
-2972
-3411
-3853
-3408
-1923
-1389
-2492
-3769
-4146
-2828
-1331
-780
-463
-240
-638
-676
-288
723
2397
3294
2706
1625
1511
2101
2982
3214
3039
3000
2333
1110
562
509
1130
1461
563
-679
-1677
-1841
-1813
-1801
-2345
-2429
-2849
-3589
-4149
-2961
-1134
-950
-2483
-3821
-3273
-1187
293
650
927
421
297
-265
-280
1488
4784
5393
3420
1305
510
1988
3382
3781
3904
3418
1488
-285
-685
266
1832
1839
-141
-1633
-2094
-1630
-1424
-1798
-1716
-930
-1358
-2618
-2886
-2155
-1247
-1360
-1370
-523
-49
-757
-1160
-811
336
2056
2440
1113
234
652
1655
2443
2258
2055
1797
999
320
699
813
923
564
-166
-843
-1161
-1343
-1461
-1575
-2017
-1923
-2697
-2046
-777
-571
-1755
-3366
-3514
-1620
-4
871
1295
-20
-1774
-2228
-1036
1758
4628
4008
1663
-543
-931
1301
3749
3894
2984
1815
134
-413
38
961
2171
1793
279
-941
-1745
-1631
-761
55
8
-167
-1352
-2345
-2348
-1297
41
191
-511
-873
-1044
-1391
-739
533
1169
1148
525
-84
192
641
1314
1714
1615
1277
1278
861
519
466
645
862
661
189
-264
-904
-1162
-671
-655
-810
-1522
-1883
-2327
-2093
-362
607
-310
-2302
-3003
-2161
-225
839
1350
923
-494
-1409
-1333
-448
2060
3748
2824
650
-1019
-613
923
2187
2490
2615
1207
-644
-1419
-942
727
1892
1171
-402
-1653
-1875
-1064
-21
-166
-12
-56
-1003
-1542
-1084
175
629
112
-532
-201
-84
-138
205
264
600
1211
851
-38
-350
400
1399
1274
380
193
323
173
256
385
277
-15
-521
-833
-540
-213
-318
-846
-1418
-1264
-716
-939
-1565
-1517
9
723
-33
-1584
-1933
-790
542
1093
1068
568
-330
-658
-456
236
1813
2680
1513
-33
-528
408
1201
1348
982
1045
602
-268
-582
-468
73
724
290
-597
-1135
-959
-475
-228
-522
-481
-338
-711
-789
-461
271
391
-60
-596
-312
206
578
728
118
-134
317
554
537
366
321
521
381
-55
82
396
255
130
-75
-293
-404
-548
-614
-384
-158
-108
-497
-1115
-1217
-568
-60
-101
-365
-559
-712
-712
128
889
773
5
-334
-81
410
883
1135
980
387
35
11
95
612
1331
1254
425
-489
-597
-39
389
406
265
-381
-891
-915
-789
-557
-371
-257
-455
-840
-1196
-930
-211
93
9
-200
-303
-75
313
629
595
407
366
549
480
519
835
866
524
293
355
422
395
288
413
328
34
-223
-348
-202
65
27
-266
-713
-801
-404
-128
-18
112
126
-266
-576
-341
410
748
642
556
492
319
329
484
738
976
1006
804
414
172
212
357
261
93
-70
-220
-407
-693
-961
-1090
-1154
-1045
-942
-1028
-1308
-1432
-1549
-1597
-1418
-1125
-829
-821
-967
-1071
-1009
-726
-335
-10
88
218
333
459
556
729
1012
1134
1037
958
1025
1046
1048
915
683
689
669
506
323
303
403
255
-104
-314
-163
34
82
-215
-365
-241
-137
-33
110
212
248
203
151
367
669
764
725
714
894
1090
1080
922
889
1189
1199
915
675
541
588
721
558
134
-136
-248
-386
-711
-861
-911
-967
-1164
-1486
-1642
-1728
-1849
-1955
-1855
-1806
-1717
-1609
-1581
-1500
-1455
-1365
-1244
-956
-483
-85
70
-18
-54
195
645
890
945
927
900
960
960
935
868
902
812
684
531
456
398
216
14
-46
24
-61
-235
-414
-387
-299
-257
-165
-143
-204
-258
-102
237
500
573
388
307
492
904
1245
1333
1192
1008
919
1005
1199
1357
1302
1089
931
782
640
501
491
494
249
-144
-430
-466
-446
-534
-821
-1189
-1370
-1310
-1225
-1252
-1283
-1296
-1217
-1287
-1360
-1061
-803
-763
-789
-775
-449
-134
-12
-12
25
225
387
380
296
333
536
634
479
306
177
46
10
47
51
5
-189
-400
-417
-501
-529
-489
-550
-503
-503
-551
-599
-530
-384
-198
-66
30
145
125
173
355
704
924
877
792
803
1008
1183
1194
1095
946
911
991
1029
1036
891
561
255
177
347
402
183
-256
-565
-591
-524
-555
-700
-808
-855
-810
-821
-838
-788
-691
-628
-599
-498
-320
-132
-161
-177
15
275
419
392
433
477
598
644
568
598
609
628
396
228
242
246
154
-30
-137
-179
-256
-411
-481
-541
-555
-617
-657
-679
-612
-575
-579
-564
-542
-388
-231
-119
-13
57
92
132
289
449
576
646
668
672
685
699
648
572
505
574
580
439
191
-88
-206
-171
-124
-223
-497
-792
-943
-960
-939
-878
-902
-952
-1072
-1187
-1090
-759
-558
-657
-708
-620
-348
-158
-139
-104
72
335
414
412
449
728
906
764
714
806
960
966
866
757
780
763
634
523
474
470
399
236
154
166
103
-11
-150
-135
-8
52
41
-35
-97
-18
107
250
429
496
374
262
265
503
786
866
686
424
392
513
654
604
394
225
117
90
67
-26
-238
-364
-475
-633
-763
-861
-921
-997
-1037
-1131
-1187
-1281
-1331
-1238
-1116
-1084
-1168
-1206
-1100
-854
-710
-752
-764
-672
-500
-415
-320
-179
22
93
29
42
166
393
482
408
353
450
504
460
431
430
480
478
425
303
267
378
442
446
341
271
231
288
397
477
495
480
506
551
619
703
789
799
716
691
785
893
916
823
708
747
792
706
581
480
456
398
276
125
73
-33
-195
-331
-414
-367
-389
-563
-778
-851
-771
-720
-792
-927
-979
-967
-931
-868
-836
-835
-858
-836
-803
-702
-653
-654
-613
-534
-450
-452
-406
-331
-268
-211
-203
-212
-188
-169
-134
-72
-54
-45
-133
-192
-153
-87
-64
-49
-3
29
30
-75
-99
5
128
215
234
179
168
208
290
459
596
628
516
442
545
758
866
722
708
826
863
786
683
675
783
826
697
575
530
516
456
317
308
380
265
127
65
59
64
14
-99
-156
-176
-186
-207
-249
-269
-277
-311
-374
-323
-281
-302
-350
-383
-359
-297
-250
-264
-288
-298
-283
-310
-320
-296
-283
-248
-199
-249
-364
-376
-321
-276
-212
-205
-243
-245
-266
-287
-284
-245
-182
-149
-174
-180
-170
-174
-145
-78
-14
44
42
56
60
74
105
137
217
289
330
299
254
238
245
305
351
398
405
305
207
198
244
262
247
192
181
172
109
97
131
119
93
2
-34
-4
16
18
14
-29
-83
-88
-76
-24
-36
-109
-133
-78
37
78
-9
-82
-103
-35
27
9
15
92
101
0
-48
9
103
150
83
71
145
193
104
-24
21
147
201
86
-17
11
90
43
-77
-103
-1
62
47
3
-87
-142
-153
-121
-23
54
-12
-138
-237
-226
-76
-6
-44
-117
-211
-271
-272
-214
-174
-170
-243
-327
-347
-349
-308
-307
-327
-333
-324
-327
-362
-384
-378
-320
-308
-300
-321
-328
-320
-305
-264
-245
-209
-154
-131
-138
-132
-93
-28
22
34
65
130
162
159
170
222
306
391
398
370
343
407
467
491
503
543
586
522
469
456
515
545
522
459
427
445
436
382
329
346
370
337
245
211
218
192
152
133
125
78
28
6
0
-28
-89
-133
-132
-116
-172
-262
-336
-334
-296
-300
-336
-356
-352
-424
-477
-459
-404
-340
-382
-448
-470
-469
-496
-491
-429
-374
-380
-435
-463
-434
-375
-343
-334
-273
-200
-204
-279
-277
-152
-8
20
-32
-16
66
129
102
63
132
287
387
359
287
281
373
428
438
448
487
502
469
439
487
543
502
436
415
493
562
510
344
260
319
432
459
377
252
212
207
216
230
229
204
131
87
68
81
70
25
13
21
39
21
-39
-71
-54
-16
-54
-93
-91
-72
-105
-172
-215
-187
-150
-216
-282
-293
-285
-275
-314
-395
-400
-357
-344
-369
-404
-433
-417
-418
-401
-350
-337
-337
-347
-321
-287
-252
-231
-185
-122
-105
-86
-67
-64
-20
38
90
134
119
80
62
125
188
243
194
141
163
141
102
69
99
140
126
49
-16
-19
8
20
2
-1
21
-5
-67
-70
-24
49
83
25
-5
19
40
55
72
113
150
158
137
130
135
140
152
152
177
174
103
54
43
83
112
85
14
-53
-78
-67
-36
-44
-65
-118
-173
-173
-173
-153
-137
-143
-163
-165
-178
-147
-71
-32
-22
-33
-50
-9
47
77
106
107
91
72
81
141
224
222
131
30
9
51
72
7
-51
-69
-103
-166
-225
-219
-178
-174
-245
-315
-364
-364
-356
-339
-303
-300
-300
-326
-335
-302
-247
-200
-156
-113
-103
-91
-77
-39
24
55
35
29
59
104
125
106
91
119
161
168
125
82
110
132
125
98
97
137
127
61
42
118
192
207
153
110
174
250
264
276
336
400
426
401
399
461
531
532
512
534
567
560
508
471
483
494
418
337
294
288
236
109
32
25
25
-59
-195
-289
-306
-302
-357
-403
-411
-448
-499
-538
-495
-419
-422
-505
-509
-422
-327
-284
-310
-310
-274
-233
-220
-180
-145
-141
-168
-190
-125
-43
-46
-120
-167
-156
-125
-93
-95
-112
-125
-155
-179
-173
-125
-96
-122
-175
-183
-122
-53
-16
-9
3
56
106
149
201
276
337
362
370
387
456
536
568
556
535
537
567
596
595
581
538
477
442
411
378
339
274
232
185
140
91
7
-68
-79
-69
-88
-122
-190
-234
-240
-238
-217
-181
-159
-160
-174
-194
-172
-136
-122
-108
-83
-69
-107
-156
-162
-103
-60
-68
-121
-188
-217
-225
-212
-193
-195
-243
-315
-380
-382
-338
-315
-362
-420
-458
-456
-430
-410
-365
-354
-365
-378
-363
-306
-251
-210
-183
-142
-96
-53
-12
15
70
122
137
120
128
185
240
272
239
184
168
175
201
212
199
175
139
101
84
94
101
93
77
53
56
58
24
-8
9
84
151
152
99
56
78
117
148
189
234
231
161
107
119
206
256
220
170
132
130
100
71
76
98
88
28
-44
-69
-52
-52
-81
-124
-164
-202
-231
-240
-207
-198
-233
-259
-252
-219
-196
-198
-211
-175
-131
-127
-136
-152
-110
-48
-33
-43
-47
-37
-18
4
24
32
21
2
-11
-2
8
-5
-42
-64
-68
-58
-53
-55
-72
-92
-105
-127
-120
-90
-60
-56
-83
-86
-45
-1
16
17
24
43
75
78
80
119
170
178
144
147
204
246
245
202
203
247
257
238
230
248
240
207
155
142
162
153
113
89
111
127
87
46
57
91
103
85
73
86
90
74
63
99
142
145
110
96
121
154
144
114
123
149
154
116
96
104
118
84
33
7
-2
0
-14
-38
-53
-77
-116
-152
-177
-174
-165
-172
-188
-205
-235
-255
-230
-188
-168
-179
-207
-200
-176
-144
-101
-83
-85
-79
-71
-57
-27
1
14
22
21
29
29
27
38
57
68
59
48
52
54
45
39
42
46
43
31
16
13
27
49
64
60
43
41
54
71
102
110
107
98
100
132
139
140
166
173
164
146
136
146
170
172
125
84
51
45
46
39
34
2
-45
-90
-93
-84
-100
-139
-183
-191
-200
-217
-230
-240
-234
-225
-228
-250
-267
-245
-217
-199
-179
-178
-183
-191
-182
-160
-130
-117
-111
-105
-118
-135
-143
-132
-102
-95
-112
-133
-164
-169
-155
-151
-154
-154
-172
-208
-226
-199
-152
-123
-139
-174
-196
-189
-131
-98
-103
-116
-114
-104
-84
-42
11
34
25
12
24
71
115
129
122
124
147
157
143
136
144
180
179
155
130
117
129
129
141
132
128
123
119
134
148
148
125
120
127
149
160
146
135
135
161
190
196
203
192
181
191
213
238
233
207
184
165
147
138
132
126
115
91
50
20
4
-10
-29
-46
-70
-95
-120
-141
-146
-174
-189
-199
-191
-176
-181
-198
-216
-209
-198
-182
-172
-175
-183
-191
-176
-148
-121
-108
-104
-103
-91
-66
-48
-42
-36
-44
-42
-21
15
38
24
3
2
24
48
66
76
84
90
86
92
109
142
180
185
174
170
185
204
230
260
284
285
250
230
258
308
334
317
281
265
279
288
279
263
261
256
239
212
190
165
139
133
123
113
89
54
20
5
11
14
-5
-39
-68
-81
-71
-75
-97
-111
-115
-128
-141
-155
-154
-143
-160
-185
-198
-194
-187
-186
-199
-198
-190
-217
-257
-268
-234
-181
-169
-211
-262
-271
-252
-224
-202
-201
-208
-225
-239
-226
-184
-146
-129
-143
-155
-144
-109
-88
-77
-50
-36
-29
-39
-40
0
35
55
50
39
41
43
45
50
76
106
98
66
52
77
109
105
72
53
56
63
67
48
54
80
67
56
35
42
80
92
81
67
63
61
63
54
55
68
55
26
3
-3
7
11
2
-14
-27
-42
-56
-54
-55
-59
-68
-90
-104
-126
-118
-101
-110
-133
-147
-137
-116
-115
-127
-122
-121
-108
-102
-86
-54
-30
-24
-48
-57
-30
11
32
18
2
8
11
15
22
40
38
25
23
13
11
18
10
-7
-8
-6
-7
-20
-41
-36
-19
0
-1
-21
-22
-17
-1
11
28
43
51
51
40
49
81
103
103
82
72
89
105
111
96
79
70
85
90
72
56
63
71
53
40
27
38
43
40
38
35
39
48
59
69
87
81
72
82
107
138
153
156
162
179
175
168
179
201
217
202
177
160
156
161
147
140
147
146
104
45
22
31
39
13
-37
-68
-79
-98
-118
-123
-124
-131
-153
-170
-186
-179
-169
-176
-175
-170
-172
-188
-188
-174
-153
-130
-129
-146
-149
-128
-101
-90
-102
-118
-124
-126
-125
-115
-97
-96
-109
-129
-141
-136
-122
-103
-94
-91
-92
-86
-73
-66
-45
-13
11
31
45
64
88
121
150
179
192
191
199
226
261
280
277
256
251
263
265
260
257
256
253
236
205
181
169
163
139
109
86
63
45
30
7
-9
-26
-58
-77
-94
-97
-94
-97
-100
-99
-103
-121
-128
-128
-116
-111
-107
-122
-131
-132
-131
-131
-136
-129
-142
-154
-177
-194
-189
-175
-184
-213
-234
-246
-246
-247
-248
-258
-247
-240
-243
-239
-236
-238
-233
-225
-202
-174
-148
-132
-125
-101
-64
-28
-8
5
30
64
89
101
108
128
147
162
173
173
180
189
187
185
186
184
184
171
154
152
154
152
141
130
127
118
106
94
87
88
95
97
95
93
97
108
123
137
143
152
161
171
180
171
155
144
155
163
154
139
113
99
86
83
77
62
35
6
-19
-36
-57
-73
-90
-109
-124
-139
-146
-165
-174
-176
-181
-166
-158
-158
-162
-165
-154
-138
-111
-93
-84
-71
-67
-57
-35
-27
-25
-25
-16
-6
9
10
-3
5
4
-3
-3
-4
-9
-9
-13
-16
-18
-37
-51
-63
-65
-56
-47
-39
-37
-31
-21
-13
-3
22
50
64
69
70
86
98
117
132
144
148
145
155
164
176
174
165
149
140
130
129
117
97
78
61
42
25
24
8
-11
-29
-42
-50
-49
-60
-66
-71
-66
-68
-78
-91
-90
-57
-31
-27
-27
-28
-15
0
-3
-7
-7
-2
4
1
-5
-2
-14
-32
-58
-67
-64
-62
-79
-105
-122
-124
-127
-143
-162
-173
-172
-183
-180
-178
-174
-186
-197
-194
-179
-154
-145
-142
-126
-101
-84
-82
-64
-38
-14
-10
-17
-3
19
45
42
30
37
52
58
48
46
47
43
36
28
38
46
40
33
27
31
41
41
27
28
45
58
69
69
75
99
117
132
154
168
174
169
181
212
233
237
220
212
218
226
233
212
189
171
157
148
140
123
90
65
61
57
29
3
-19
-34
-46
-52
-63
-77
-91
-106
-113
-110
-105
-104
-108
-107
-96
-83
-78
-75
-71
-59
-45
-41
-41
-42
-50
-55
-52
-50
-38
-39
-42
-48
-62
-79
-85
-83
-72
-65
-75
-90
-111
-110
-96
-84
-73
-76
-84
-83
-66
-46
-28
-14
6
29
48
66
68
89
119
137
144
145
159
173
177
179
174
179
183
174
162
154
158
151
126
107
100
90
71
57
43
32
19
5
3
11
11
5
-11
-19
-9
-4
-12
-15
-11
-6
-13
-21
-16
-9
-2
0
6
8
6
-4
-10
-9
-15
-24
-44
-58
-73
-84
-93
-112
-115
-131
-147
-153
-166
-171
-175
-169
-176
-193
-202
-194
-178
-171
-175
-182
-176
-168
-155
-136
-117
-92
-89
-82
-68
-44
-20
-22
-32
-41
-28
-13
-1
4
-2
-8
-10
-9
-12
-13
-16
-8
-1
-1
-14
-30
-34
-31
-24
-12
-7
-1
6
13
23
33
56
68
67
70
74
89
101
114
122
123
125
120
124
120
124
128
120
107
100
91
69
55
43
30
22
17
1
-15
-26
-35
-47
-59
-62
-62
-64
-71
-81
-83
-79
-71
-74
-76
-67
-61
-54
-50
-42
-37
-26
-20
-26
-31
-28
-23
-24
-21
-19
-22
-19
-27
-37
-47
-46
-39
-41
-57
-73
-77
-76
-63
-64
-73
-76
-65
-59
-54
-51
-40
-24
-15
-11
0
5
21
35
47
67
79
96
100
110
123
140
150
153
156
157
155
156
159
156
150
152
148
147
150
152
148
149
146
142
147
142
140
131
130
131
135
130
134
150
154
156
161
159
172
175
167
162
156
151
149
148
138
123
109
95
90
88
72
46
23
-1
-19
-30
-43
-66
-72
-74
-88
-100
-126
-135
-129
-132
-138
-150
-155
-156
-156
-161
-159
-153
-142
-138
-143
-136
-130
-124
-124
-120
-111
-111
-114
-113
-120
-115
-118
-120
-112
-110
-105
-108
-109
-102
-93
-82
-82
-84
-77
-75
-71
-64
-53
-35
-33
-26
-16
-11
-3
5
23
44
56
67
71
70
81
83
84
88
103
106
95
81
72
69
68
63
52
48
35
21
6
-1
-12
-19
-23
-35
-46
-63
-81
-81
-80
-81
-79
-82
-94
-101
-101
-99
-90
-89
-88
-79
-80
-81
-80
-74
-70
-69
-75
-87
-92
-91
-89
-92
-93
-97
-103
-116
-135
-130
-115
-121
-123
-125
-129
-128
-124
-119
-115
-104
-104
-107
-95
-87
-79
-64
-58
-46
-35
-17
-15
-10
6
13
28
35
33
35
43
57
67
78
80
74
74
65
63
71
72
63
57
51
57
73
69
68
67
66
66
64
69
77
91
89
92
99
95
98
108
129
133
130
121
106
115
134
141
139
131
128
127
128
120
114
113
108
104
98
94
90
77
60
55
45
33
19
16
19
18
18
12
7
7
10
4
6
10
6
8
0
8
11
12
14
12
13
9
16
19
26
33
23
2
-10
-15
-12
-14
-16
-20
-26
-24
-30
-26
-24
-18
-12
-6
-5
-19
-22
-30
-24
-15
1
8
15
13
22
36
45
56
58
64
74
86
88
75
65
70
83
89
89
81
68
69
70
73
73
69
60
51
45
36
32
22
20
27
34
45
43
33
23
17
17
15
18
17
18
18
13
9
8
2
2
5
0
5
-1
-24
-33
-34
-40
-48
-59
-73
-85
-91
-104
-109
-119
-128
-131
-152
-171
-174
-170
-162
-167
-177
-191
-201
-193
-177
-161
-157
-157
-157
-152
-147
-140
-128
-126
-123
-121
-115
-114
-114
-100
-94
-80
-74
-80
-85
-89
-79
-77
-70
-69
-76
-78
-81
-77
-59
-53
-47
-41
-39
-32
-34
-27
-26
-21
-8
2
12
17
27
42
50
62
66
68
81
96
110
109
103
96
81
80
82
83
82
69
57
51
51
41
31
26
17
10
4
-11
-19
-17
-22
-21
-26
-26
-23
-25
-25
-23
-20
-16
-8
-8
-13
-14
-14
-7
-4
0
7
13
13
12
15
3
-4
-6
-3
1
-4
-14
-17
-13
-11
-5
-7
-14
-22
-29
-33
-29
-31
-34
-30
-30
-19
-14
-5
7
14
19
28
38
49
54
60
71
83
93
97
100
102
100
99
106
114
123
122
122
128
134
152
181
225
256
255
211
169
176
155
24
-140
-241
-211
-86
32
197
303
201
-2
-135
-153
-48
116
262
285
167
19
-85
-152
-133
0
191
273
334
406
337
30
-81
25
32
362
723
759
573
125
-396
-569
-636
-276
332
495
403
250
-181
-521
-494
-414
-175
87
180
35
-151
-292
-448
-512
-439
-223
70
246
328
376
122
-216
-432
-517
-390
-72
236
370
297
41
-227
-390
-380
-209
8
192
248
101
-80
-176
-260
-225
-65
23
27
62
-62
-211
-145
-220
-240
-17
81
171
237
135
167
153
-134
-122
124
221
379
442
251
81
-119
-281
-114
143
319
423
299
45
-111
-244
-292
-165
-64
5
51
-9
-132
-253
-316
-294
-242
-125
-8
56
23
-83
-157
-206
-225
-164
-29
54
110
38
-76
-183
-238
-180
-123
-56
-1
-33
-155
-298
-422
-406
-399
-325
-248
-186
-134
-190
-12
0
-78
32
-10
-115
-83
-139
-48
64
-36
60
131
55
55
146
102
123
147
39
30
51
14
20
16
-20
-13
-25
-24
-13
54
118
112
106
71
37
-11
-104
-89
-82
-92
-76
-173
-187
-239
-317
-261
45
282
482
550
471
251
-136
-417
-304
-90
101
338
360
230
77
40
133
320
509
628
566
364
118
-123
-304
-381
-323
-189
2
192
227
207
108
-70
-206
-206
-166
6
239
267
115
-97
-276
-390
-356
-152
266
479
388
255
52
-165
-171
-61
70
225
235
90
-84
-211
-232
-189
-134
-16
98
105
97
39
-43
-128
-228
-269
-207
-124
-67
-29
-50
-78
-62
-73
-40
76
117
145
205
123
67
125
107
78
161
210
233
241
228
230
212
208
248
281
243
205
135
49
25
40
84
130
96
53
74
15
-36
-19
-37
-42
4
8
0
23
10
-17
0
-7
7
-23
-67
-29
28
21
32
81
45
44
39
13
28
62
48
90
56
23
21
-44
-64
-43
-67
-53
-35
-92
-77
-68
-68
-95
-37
-18
-27
-84
-161
-185
-201
-207
-127
-44
-54
-97
-138
-153
-113
-69
-71
-80
-132
-157
-147
-120
-43
-16
-64
-117
-191
-170
-96
-53
7
19
-83
-195
-266
-241
-134
-62
-60
-95
-190
-267
-253
-221
-125
-42
-34
-36
-29
-69
-58
-46
-35
0
-1
-18
17
90
155
209
194
136
82
64
65
129
211
247
248
186
93
35
48
127
190
221
211
108
11
-36
-63
-56
-23
-23
-29
-19
-45
-67
-41
-27
-33
-41
-55
-61
-69
-77
-84
-71
-87
-121
-120
-106
-82
-50
-27
-16
-12
3
-12
-3
6
-7
-30
-81
-125
-150
-162
-152
-105
-45
-10
-20
-32
-52
-75
-76
-79
-49
10
5
-18
-18
-43
-47
-25
-18
-6
26
54
80
114
121
103
87
60
58
80
105
127
121
108
94
60
46
61
96
129
152
160
129
93
55
44
36
60
108
106
98
98
76
56
53
52
69
75
69
71
65
67
80
81
66
56
49
50
53
72
75
59
63
50
27
33
46
43
35
25
28
38
30
1
-1
1
-24
-43
-48
-53
-32
-30
-40
-39
-50
-65
-72
-62
-43
-23
-16
-35
-39
-33
-23
-29
-27
-26
-36
-24
-18
-15
-16
-1
4
4
1
-2
27
41
49
55
65
60
52
41
22
19
14
23
38
67
79
89
83
71
62
39
29
32
38
56
77
70
49
27
1
-9
13
53
85
90
76
48
0
-43
-63
-50
-18
19
52
50
34
-19
-75
-105
-121
-97
-67
-23
9
0
-41
-102
-168
-212
-200
-153
-92
-51
-29
-48
-94
-144
-186
-189
-146
-72
-22
-13
-38
-81
-126
-146
-136
-95
-56
-22
-4
-4
-15
-50
-60
-81
-66
-32
-6
18
19
10
-16
-27
-37
-36
-23
1
7
-8
-28
-43
-42
-36
-26
-5
-4
-14
-31
-49
-57
-60
-62
-48
-32
-27
-21
-26
-30
-32
-29
-32
-25
-20
-3
3
-1
12
21
29
35
45
37
26
30
44
53
58
64
63
62
60
60
72
77
69
60
63
61
63
74
85
100
109
106
86
79
76
68
57
55
47
46
59
62
68
81
66
49
45
25
3
-4
-12
-26
-28
-35
-34
-33
-33
-47
-51
-58
-82
-102
-116
-135
-139
-135
-137
-136
-129
-122
-122
-112
-107
-107
-87
-70
-56
-30
-29
-41
-53
-67
-60
-40
-19
3
29
52
44
29
22
5
0
10
25
44
70
78
71
59
42
25
23
45
79
96
90
85
66
45
31
29
39
65
89
98
109
102
79
63
58
59
70
69
63
60
54
38
29
29
28
51
78
84
79
64
45
30
33
27
28
44
42
21
13
4
-10
-12
-6
12
32
45
39
19
14
5
0
-2
14
39
38
31
15
-2
-17
-24
-25
-16
-1
5
2
-5
-11
-25
-35
-35
-40
-33
-23
-24
-19
-12
-29
-37
-38
-43
-43
-53
-57
-62
-67
-61
-51
-47
-36
-29
-27
-27
-26
-27
-25
-15
-15
-15
-11
-12
-14
-19
-14
4
19
31
46
52
52
63
58
50
50
54
57
50
44
42
46
42
45
46
40
33
30
31
42
51
41
37
36
31
30
23
15
7
-11
-29
-40
-36
-22
-19
-36
-48
-64
-93
-113
-123
-124
-123
-123
-122
-123
-111
-96
-98
-98
-91
-90
-94
-100
-99
-98
-105
-103
-104
-95
-89
-85
-72
-65
-51
-41
-40
-39
-27
-19
-15
-15
-21
-27
-28
-11
-3
3
14
19
20
22
32
39
51
49
51
43
35
27
4
-8
-5
9
25
37
44
47
39
24
6
-9
-14
-10
10
23
29
21
11
3
-2
-5
11
39
61
64
54
46
18
9
3
8
14
25
33
25
22
17
11
14
29
50
66
74
70
58
28
8
14
20
32
41
48
52
46
23
10
4
3
19
27
32
28
16
-2
-10
-15
-13
-13
0
7
-2
-16
-32
-38
-47
-50
-57
-41
-32
-37
-41
-54
-65
-74
-80
-74
-59
-38
-31
-33
-36
-43
-53
-56
-62
-63
-51
-40
-23
-18
-12
-5
2
8
13
24
35
43
52
58
68
72
65
71
73
66
66
77
84
91
99
104
111
112
110
112
119
123
118
121
117
108
100
91
85
86
92
79
78
73
63
58
53
49
42
30
15
10
6
-3
-8
-8
-3
2
4
0
-2
-7
-20
-25
-33
-30
-28
-27
-33
-50
-58
-64
-61
-55
-43
-35
-41
-43
-56
-55
-64
-64
-48
-50
-48
-49
-52
-61
-54
-40
-26
-15
-6
-9
-12
-13
-24
-27
-30
-23
-25
-15
-8
-14
-26
-30
-22
-18
-10
-14
-21
-20
-24
-23
-26
-31
-30
-27
-19
-25
-24
-21
-17
-14
-19
-27
-30
-30
-35
-30
-26
-24
-19
-12
-3
5
10
2
1
5
8
8
15
12
8
12
8
21
27
25
24
20
27
27
20
12
9
5
7
7
2
-8
-8
-7
-10
-2
0
-9
-13
-19
-26
-23
-31
-35
-45
-68
-72
-81
-90
-86
-81
-74
-75
-75
-70
-74
-75
-82
-84
-82
-88
-90
-95
-86
-83
-79
-74
-72
-64
-60
-56
-54
-57
-58
-48
-39
-28
-25
-34
-19
-11
-6
-2
3
10
24
39
47
63
60
62
64
63
71
67
71
69
74
82
84
81
79
81
83
90
92
83
70
60
55
38
34
29
26
27
18
29
25
29
39
37
35
32
29
19
18
17
15
12
9
9
12
5
-3
-5
-8
-1
10
15
22
17
10
7
4
17
20
21
27
34
41
42
37
29
30
35
39
50
46
37
35
24
30
35
44
48
46
37
32
26
12
12
17
23
32
29
28
17
5
1
-5
-5
-5
-9
-10
-6
-14
-27
-37
-43
-42
-38
-32
-26
-22
-23
-21
-21
-17
-18
-18
-10
-4
6
11
13
8
1
0
6
18
30
46
52
53
56
54
59
72
77
73
63
45
33
30
38
49
59
56
51
50
46
43
42
33
29
25
26
34
22
14
7
-13
-26
-38
-44
-47
-54
-48
-41
-40
-37
-52
-59
-63
-72
-66
-75
-80
-77
-82
-88
-90
-92
-91
-94
-93
-84
-77
-77
-69
-59
-52
-42
-41
-49
-45
-45
-43
-35
-29
-25
-24
-11
1
16
17
11
10
5
7
11
15
19
19
20
18
13
12
5
10
9
5
8
9
9
6
17
20
16
18
14
7
5
-4
-9
-7
-12
-16
-19
-21
-24
-30
-31
-26
-21
-25
-26
-24
-27
-28
-29
-34
-39
-39
-26
-23
-23
-14
-20
-17
-14
-3
4
11
16
12
13
13
12
17
22
18
23
14
7
2
0
-1
-1
3
8
14
5
2
-11
-25
-30
-32
-31
-27
-25
-27
-38
-45
-51
-55
-57
-61
-63
-60
-59
-62
-58
-61
-58
-52
-55
-51
-52
-50
-62
-47
-37
-24
-9
-7
1
-13
-9
-4
4
10
13
9
19
19
26
40
37
46
52
51
51
59
63
68
77
83
95
94
95
99
101
99
101
107
106
110
116
112
99
86
72
69
66
75
73
67
67
55
39
36
26
16
7
11
14
6
3
-1
-8
-15
-20
-14
-4
-2
-4
-18
-22
-31
-41
-41
-39
-30
-25
-21
-22
-22
-20
-17
-12
-13
-9
-1
5
9
2
-1
-3
4
7
8
11
10
12
19
28
37
33
30
34
38
37
33
33
33
41
36
29
27
32
35
42
44
36
29
17
11
11
16
20
22
17
25
22
18
8
0
2
0
5
5
13
7
-1
2
-2
-3
-1
5
13
15
15
17
10
7
0
-4
3
9
12
11
8
-2
-14
-14
-11
-10
-10
-4
-1
-6
-10
-10
-13
-9
-11
-19
-28
-45
-45
-44
-44
-40
-39
-43
-42
-41
-46
-46
-45
-48
-50
-48
-48
-58
-58
-57
-62
-64
-62
-60
-66
-68
-68
-71
-76
-76
-74
-74
-72
-67
-67
-69
-68
-75
-73
-68
-58
-52
-50
-42
-41
-45
-49
-47
-37
-29
-20
-13
-20
-21
-17
-10
0
2
-1
-3
7
11
16
18
18
18
18
17
14
16
13
14
16
13
19
9
1
-4
-2
3
3
7
5
-5
-9
-10
-12
-11
-9
-11
-12
-17
-17
-14
-13
-20
-21
-25
-29
-25
-17
-18
-22
-22
-21
-14
-12
-6
-3
0
-1
2
6
7
14
12
5
5
5
5
0
1
0
-1
5
5
1
2
5
1
6
5
1
1
-5
-7
-13
-13
-11
-7
-2
-1
9
10
7
-1
-4
-8
-7
-1
4
14
18
17
22
25
25
27
26
28
26
17
17
26
31
32
45
48
48
50
52
57
58
66
70
74
74
68
71
70
69
69
70
82
92
92
101
94
99
103
101
103
106
112
111
108
103
98
95
90
86
87
84
81
75
67
67
59
51
45
36
36
35
29
16
4
-4
-6
-4
-16
-22
-23
-29
-30
-35
-35
-28
-28
-31
-26
-23
-29
-36
-39
-41
-39
-36
-31
-29
-29
-28
-32
-35
-40
-37
-29
-19
-11
-16
-19
-21
-20
-24
-20
-12
-10
-2
1
6
8
10
21
20
17
18
18
18
24
22
14
14
11
10
9
5
10
12
15
13
9
0
-6
-11
-20
-28
-30
-32
-38
-36
-35
-37
-36
-38
-33
-35
-38
-52
-64
-65
-72
-69
-66
-67
-74
-76
-69
-61
-54
-59
-59
-56
-55
-39
-37
-42
-47
-50
-52
-57
-53
-54
-51
-49
-51
-50
-50
-39
-38
-34
-33
-36
-38
-50
-53
-50
-53
-48
-50
-53
-60
-66
-62
-59
-52
-46
-37
-34
-37
-41
-44
-42
-46
-46
-52
-49
-46
-47
-45
-51
-49
-50
-50
-41
-32
-22
-16
-14
-17
-18
-15
-10
-4
5
4
2
3
-2
2
-1
6
13
15
16
27
34
34
38
38
46
50
50
44
39
38
39
44
46
40
39
43
41
39
44
39
38
36
34
34
32
35
27
23
18
17
19
14
18
22
24
22
15
15
15
5
-4
-7
-6
-3
-2
4
7
5
12
16
27
29
24
27
25
25
20
14
21
28
33
39
44
50
54
52
53
50
51
44
41
42
44
42
38
36
32
36
41
44
43
47
49
43
46
45
41
38
33
37
40
39
42
49
54
56
59
50
55
46
36
34
32
37
38
50
49
44
46
41
37
43
48
54
49
45
32
23
21
17
19
22
26
33
33
29
29
23
13
17
23
24
15
12
6
4
8
10
11
6
2
-4
-6
-13
-18
-21
-22
-16
-15
-21
-19
-28
-40
-47
-44
-41
-46
-53
-54
-51
-54
-57
-66
-66
-57
-51
-48
-46
-58
-60
-62
-66
-59
-61
-67
-72
-73
-71
-71
-73
-69
-58
-46
-36
-38
-38
-30
-26
-31
-32
-38
-42
-34
-36
-37
-38
-38
-37
-25
-12
-8
4
4
6
7
5
5
4
0
0
1
-1
-8
-7
-6
-8
-5
-4
2
-3
-5
1
4
-3
-7
-19
-23
-26
-23
-30
-39
-36
-42
-43
-42
-40
-47
-55
-60
-58
-58
-59
-53
-60
-62
-64
-63
-61
-64
-58
-53
-49
-45
-46
-40
-45
-51
-49
-45
-35
-39
-37
-33
-27
-25
-23
-21
-23
-16
-13
-9
-9
-10
-11
-5
-3
-5
4
3
4
3
4
7
8
11
6
7
6
5
10
9
7
11
8
8
13
18
27
29
31
26
26
32
30
37
32
38
44
47
47
46
49
55
57
50
54
64
65
71
71
64
62
55
56
53
58
57
58
61
52
52
53
61
65
68
65
59
61
59
56
53
51
51
48
45
44
41
43
43
45
45
33
27
22
17
17
21
22
21
21
24
26
23
18
17
12
11
11
10
18
15
6
3
2
4
8
10
13
10
11
14
13
18
20
20
18
14
12
20
17
15
16
17
17
27
31
31
31
28
31
28
30
26
25
30
27
24
14
9
13
12
15
15
14
14
12
6
7
13
13
6
7
-1
-6
-4
-11
-14
-15
-13
-13
-13
-10
-17
-17
-18
-18
-15
-16
-18
-21
-26
-32
-32
-35
-36
-27
-23
-27
-30
-33
-35
-44
-44
-31
-35
-40
-39
-35
-32
-34
-33
-36
-38
-36
-29
-29
-37
-37
-45
-47
-41
-46
-39
-40
-45
-45
-43
-39
-36
-32
-26
-32
-31
-34
-41
-41
-38
-37
-43
-45
-47
-41
-41
-39
-34
-37
-35
-37
-40
-33
-24
-20
-19
-16
-16
-20
-26
-26
-24
-25
-23
-21
-16
-8
-5
-4
-3
2
5
3
8
11
16
6
-1
-3
-4
-3
1
1
5
5
7
11
7
10
4
-1
1
-6
-8
-2
-4
-6
2
4
2
-6
-8
-11
-20
-21
-21
-21
-19
-20
-20
-18
-12
-13
-24
-23
-25
-28
-20
-22
-26
-26
-26
-31
-34
-29
-28
-23
-26
-23
-13
-12
-4
-8
-1
-2
3
7
5
5
5
11
7
5
5
6
5
10
13
20
28
26
29
27
24
27
34
38
34
36
35
30
35
38
28
31
33
31
39
39
41
38
30
27
30
31
32
36
32
32
29
32
34
31
36
35
33
30
29
32
27
28
36
35
35
39
35
37
36
34
38
34
33
37
33
32
35
33
31
32
29
29
29
27
30
25
21
15
14
14
18
14
9
6
6
11
12
20
15
5
6
-1
-2
-6
-9
-8
-9
-10
-8
-13
-17
-10
-9
-10
-8
-12
-13
-13
-10
-14
-16
-24
-28
-20
-14
-13
-10
-10
-13
-9
-6
-7
-3
-5
-12
-2
-6
-8
-4
-1
3
10
8
9
11
5
9
14
26
28
26
23
25
33
33
30
29
37
35
29
31
22
20
20
20
26
22
21
21
21
23
22
20
16
4
4
1
-1
-8
-10
-9
-13
-9
-9
-11
-18
-20
-24
-20
-21
-20
-19
-23
-26
-23
-26
-38
-44
-44
-42
-40
-45
-45
-39
-44
-42
-37
-47
-51
-57
-51
-52
-55
-52
-57
-55
-50
-49
-50
-54
-49
-51
-47
-38
-30
-27
-27
-32
-32
-34
-35
-34
-42
-35
-36
-33
-33
-28
-22
-24
-18
-16
-11
-13
-14
-15
-14
-13
-16
-10
-9
-3
0
0
1
-4
-2
-3
-5
1
4
1
10
18
25
23
19
16
21
27
18
10
4
-5
0
5
7
16
13
7
10
14
13
12
7
11
10
5
8
-1
-5
-10
-10
-10
-11
-6
-6
-2
-10
-17
-16
-16
-11
-13
-16
-19
-19
-26
-27
-24
-30
-27
-29
-26
-20
-16
-13
-17
-22
-14
-14
-14
-8
-8
-2
-2
3
6
8
9
16
16
17
23
21
21
16
19
21
23
30
27
25
24
27
37
38
29
31
41
47
51
51
45
41
37
39
45
43
48
48
56
59
50
51
48
44
34
33
38
35
25
19
27
33
26
21
17
23
29
31
28
15
15
16
17
25
28
29
32
31
40
38
34
24
14
16
23
25
23
26
35
37
35
33
32
29
20
24
26
26
22
16
14
16
12
14
11
13
24
21
11
5
6
3
8
10
3
1
0
6
6
5
-1
1
2
-1
1
-1
-6
-15
-12
-12
-14
-20
-20
-23
-26
-22
-30
-30
-29
-31
-31
-27
-26
-30
-35
-42
-45
-43
-40
-38
-34
-30
-24
-21
-20
-22
-17
-18
-14
-11
-11
-9
-10
-17
-17
-17
-18
-12
-10
-16
-22
-19
-12
-4
-8
-11
-11
-10
-15
-19
-24
-26
-27
-35
-41
-51
-50
-48
-55
-52
-51
-51
-48
-39
-39
-46
-52
-63
-69
-68
-67
-66
-67
-64
-56
-55
-50
-46
-47
-41
-44
-46
-46
-56
-57
-54
-50
-43
-37
-33
-30
-27
-27
-27
-19
-16
-16
-14
-15
-15
-13
-12
-9
0
5
5
16
24
21
31
30
21
23
29
31
34
35
38
39
39
41
37
36
38
35
39
45
47
49
51
48
44
34
30
30
29
26
21
21
11
9
5
9
7
5
5
10
11
3
3
3
-2
-2
0
2
3
0
1
0
-2
3
1
0
4
13
14
0
2
-5
-6
-2
-1
-2
-6
-5
-4
-2
-1
1
7
8
0
6
1
-4
-4
-4
-6
-3
3
7
12
12
21
25
29
27
29
25
26
28
20
17
22
25
35
45
45
49
44
38
39
42
44
51
55
57
64
64
60
55
51
57
58
63
69
65
67
63
60
60
60
66
70
71
61
52
49
43
41
49
57
59
50
44
37
31
35
32
28
27
29
26
25
23
16
9
10
5
1
-5
-14
-12
-15
-19
-15
-21
-26
-26
-26
-29
-33
-37
-43
-47
-47
-48
-53
-57
-58
-54
-45
-43
-45
-42
-51
-52
-44
-47
-48
-52
-51
-55
-52
-46
-47
-45
-47
-41
-40
-39
-42
-41
-41
-37
-36
-34
-28
-33
-33
-32
-31
-29
-30
-26
-23
-24
-24
-28
-28
-28
-25
-24
-20
-14
-15
-23
-18
-16
-20
-21
-24
-17
-13
-18
-22
-27
-30
-37
-39
-34
-32
-29
-32
-30
-28
-24
-27
-29
-27
-20
-17
-26
-29
-34
-34
-32
-25
-26
-21
-16
-18
-11
-8
0
-4
-4
-1
-3
-6
-6
-9
-13
-9
-12
-11
-8
-10
-12
-7
-14
-14
-8
-8
-7
-9
-9
-10
-10
-10
-10
-3
-4
-10
-13
-20
-18
-14
-14
-12
-7
4
7
10
4
9
11
1
8
9
8
12
11
11
13
11
12
21
24
16
11
11
10
15
20
14
23
26
28
31
27
27
32
34
38
40
35
29
27
28
29
27
25
29
33
41
47
53
52
54
50
50
57
48
48
32
28
23
23
28
28
27
24
32
31
33
38
33
32
27
21
17
8
2
-3
0
2
-1
-7
-3
-5
-4
-2
-5
-1
-4
-6
-9
-9
-10
-11
-9
-7
-7
-6
-10
-16
-19
-25
-29
-25
-21
-14
-14
-15
-8
-6
4
2
2
12
14
11
6
4
-1
-4
-2
-2
2
9
11
14
16
19
23
18
15
15
25
23
15
9
11
17
10
19
22
26
28
28
22
17
15
14
21
22
18
23
19
19
16
20
21
16
21
22
19
15
10
9
9
11
10
8
12
2
5
9
7
11
3
3
-3
-11
-4
-2
-1
-3
-4
-8
-13
-11
-8
-7
-9
-15
-16
-15
-19
-25
-25
-24
-26
-28
-30
-39
-39
-37
-43
-40
-41
-43
-38
-38
-42
-45
-41
-38
-36
-37
-40
-38
-38
-34
-34
-29
-27
-34
-30
-22
-17
-14
-17
-16
-15
-17
-18
-19
-16
-15
-13
-18
-15
-13
-14
-12
-13
-6
-2
-3
-5
-2
-3
-2
-1
-1
-2
-2
1
3
4
3
0
-6
-7
-8
-11
-6
-3
1
1
4
3
-3
-4
-3
-8
-11
-13
-15
-16
-16
-20
-16
-14
-14
-8
-3
1
-3
-1
-1
-7
-13
-15
-14
-13
-12
-11
-17
-20
-14
-20
-24
-24
-19
-16
-17
-15
-13
-11
-7
-15
-20
-22
-27
-25
-25
-26
-31
-38
-30
-25
-22
-18
-18
-14
-11
-14
-17
-15
-15
-12
-13
-14
-11
-12
-6
-4
3
10
6
0
-6
-3
3
7
-1
-6
-4
3
12
9
13
16
18
20
23
32
30
23
27
38
41
41
43
46
52
57
56
57
57
60
64
71
73
68
69
64
64
65
70
63
65
74
76
76
67
65
59
60
70
71
69
66
60
59
62
56
46
47
53
50
50
41
34
37
39
41
40
38
31
31
34
35
31
23
24
14
4
5
1
-1
6
9
14
14
12
10
11
9
7
2
-5
-9
-8
-11
-17
-22
-19
-16
-18
-13
-5
-4
-8
-11
-9
-8
-11
-9
-15
-13
-15
-26
-30
-36
-36
-30
-28
-27
-23
-25
-20
-13
-17
-17
-23
-30
-32
-39
-45
-44
-44
-44
-43
-42
-45
-45
-49
-55
-58
-56
-53
-44
-39
-44
-48
-52
-53
-49
-48
-46
-47
-48
-47
-49
-54
-49
-50
-53
-44
-44
-40
-42
-42
-40
-41
-41
-43
-37
-41
-41
-43
-45
-43
-38
-28
-32
-26
-27
-27
-23
-20
-16
-20
-20
-13
-13
-16
-16
-13
-16
-10
-9
-5
-6
-5
-1
3
6
5
8
2
7
8
5
8
12
13
8
11
9
3
2
4
-1
2
-1
0
6
19
14
11
19
15
19
16
14
10
8
11
10
13
17
13
15
15
16
28
31
31
28
22
19
30
30
20
18
13
13
13
19
18
15
17
18
19
25
24
24
27
26
25
16
13
11
12
13
11
19
21
22
18
21
21
22
21
23
28
26
30
30
25
22
13
11
13
20
25
21
23
18
15
13
8
5
10
11
15
15
16
18
13
18
19
24
21
20
21
17
19
14
15
19
24
24
20
26
26
25
31
30
34
32
26
32
26
25
25
22
19
17
20
10
14
14
15
19
20
23
17
18
15
14
9
10
3
1
1
-4
-2
-9
-14
-17
-20
-15
-8
-6
-11
-11
-7
-16
-19
-18
-20
-22
-31
-38
-36
-35
-40
-43
-43
-40
-41
-43
-42
-42
-41
-42
-40
-39
-38
-37
-35
-34
-37
-40
-50
-47
-44
-45
-44
-38
-40
-39
-30
-30
-19
-15
-23
-21
-22
-20
-22
-21
-21
-23
-19
-18
-19
-23
-22
-19
-8
0
-7
-9
-15
-14
-11
-6
2
-1
-1
5
14
16
17
10
6
10
14
15
18
20
17
20
15
11
17
23
32
31
30
22
15
10
13
19
17
16
14
7
7
12
18
18
19
16
9
15
20
22
21
22
27
31
22
20
18
19
21
15
11
8
15
9
13
10
6
6
0
6
1
4
6
12
13
6
1
-3
-1
1
-3
-4
-8
-6
-4
-2
-2
-5
-11
-18
-22
-22
-23
-24
-17
-14
-7
-4
-2
-10
-15
-14
-8
-2
0
3
-5
-13
-13
-10
-12
-13
-16
-15
-9
-8
-5
-8
-5
-5
-4
-3
-9
-14
-19
-19
-12
-2
0
1
0
0
6
5
-2
-3
-4
-8
-13
-13
-12
-6
-8
-9
-7
-9
-7
-3
1
0
-5
-12
-12
-13
-13
-15
-19
-15
-10
-8
-4
-2
-7
-9
-9
-5
-9
-16
-18
-17
-12
-11
-13
-15
-16
-13
-12
-18
-12
-6
-8
-16
-10
-8
-11
-9
-8
-9
-7
-8
-9
-3
-10
-9
-9
-3
3
3
5
12
13
10
12
15
16
16
18
14
13
8
11
12
17
22
20
16
16
23
25
32
38
42
40
40
36
31
33
28
35
39
47
46
45
42
42
45
51
57
53
58
64
63
66
66
63
66
64
61
63
60
58
58
51
51
50
54
56
55
58
54
48
43
38
38
31
30
31
31
24
16
12
14
14
18
19
8
2
0
1
-4
-14
-15
-23
-24
-18
-24
-27
-27
-26
-25
-23
-21
-22
-30
-35
-47
-48
-45
-43
-39
-42
-37
-42
-49
-48
-59
-60
-57
-59
-52
-52
-47
-54
-51
-51
-50
-49
-55
-49
-48
-51
-54
-52
-57
-56
-58
-56
-55
-62
-61
-64
-68
-67
-61
-60
-57
-53
-59
-56
-54
-55
-51
-49
-42
-49
-50
-48
-54
-52
-44
-42
-37
-38
-39
-42
-43
-38
-30
-29
-23
-17
-16
-12
-19
-21
-23
-19
-15
-12
-14
-11
-10
-10
-5
-4
-1
2
6
10
15
15
13
19
21
21
20
19
22
13
11
18
22
37
36
32
33
29
30
28
23
21
24
21
21
27
25
31
32
27
29
27
21
26
31
29
28
19
13
11
11
15
12
15
23
31
28
30
32
26
29
30
26
26
26
19
21
19
23
21
18
18
19
27
34
29
22
19
14
17
14
20
24
22
23
27
33
29
27
26
27
23
27
28
24
24
24
24
24
32
32
31
32
31
35
35
36
41
30
25
28
23
18
24
27
29
36
31
28
25
14
14
17
22
25
25
28
28
28
27
25
22
23
23
22
19
9
6
1
1
2
1
-1
-7
-9
-2
5
8
8
11
12
6
3
-8
-8
-10
-3
4
2
-3
-9
-4
-6
-3
-5
-13
-17
-14
-11
-15
-21
-23
-23
-18
-13
-11
-7
-13
-12
-15
-20
-26
-23
-18
-10
-11
-21
-20
-16
-24
-22
-16
-16
-10
-19
-19
-28
-27
-29
-31
-30
-23
-15
-22
-17
-19
-21
-30
-29
-29
-34
-33
-36
-37
-35
-35
-34
-29
-28
-35
-39
-41
-44
-41
-41
-36
-36
-39
-37
-39
-42
-41
-40
-37
-37
-44
-47
-49
-50
-53
-55
-48
-48
-46
-43
-39
-36
-34
-30
-35
-29
-29
-34
-34
-37
-41
-39
-37
-43
-36
-31
-26
-22
-17
-19
-17
-9
-9
-6
-10
-12
-15
-15
-7
-5
3
10
7
8
6
11
10
14
22
20
23
26
19
17
20
16
17
18
20
22
26
28
23
18
11
14
19
18
20
25
35
43
39
35
27
25
16
12
11
5
9
7
8
11
15
17
11
10
9
10
19
14
7
10
5
2
-4
-6
-2
0
3
8
17
16
21
21
20
21
19
20
21
23
18
17
17
15
20
23
30
38
38
37
43
41
31
26
19
19
20
25
24
20
21
24
27
22
31
29
28
28
22
20
19
20
22
28
32
43
43
43
49
45
36
33
35
35
32
33
30
30
40
40
43
44
40
36
33
37
34
26
25
21
25
24
33
34
25
32
29
25
26
27
21
15
15
16
16
16
13
6
5
6
13
11
9
16
17
13
17
12
5
-1
-8
-11
-13
-6
3
4
8
8
4
4
-4
-7
-5
-6
-13
-15
-11
-12
-10
-1
-1
-3
-5
-3
-11
-10
-10
-16
-14
-26
-26
-32
-32
-30
-25
-16
-11
-1
-11
-8
-9
-25
-32
-32
-33
-28
-26
-26
-23
-27
-29
-27
-27
-23
-22
-23
-27
-25
-30
-30
-30
-24
-20
-26
-25
-28
-25
-24
-25
-32
-29
-33
-35
-39
-53
-55
-57
-50
-43
-41
-41
-42
-46
-47
-52
-53
-58
-57
-60
-64
-60
-63
-64
-63
-55
-51
-48
-53
-61
-61
-63
-57
-54
-60
-63
-60
-56
-55
-60
-63
-55
-51
-48
-48
-52
-57
-58
-61
-55
-47
-39
-35
-38
-29
-28
-33
-30
-24
-22
-23
-28
-32
-35
-36
-35
-30
-31
-28
-26
-25
-18
-20
-20
-18
-12
-14
-10
-8
-6
-4
-6
-4
2
5
9
9
7
7
9
14
14
21
26
26
33
39
34
25
26
24
22
26
33
32
33
35
37
38
40
45
43
41
45
47
48
52
50
48
44
48
44
46
51
42
48
48
36
38
41
41
40
46
44
41
45
49
49
46
52
52
51
52
58
61
56
55
53
56
56
64
70
77
76
74
76
72
72
72
73
74
75
71
65
62
56
50
54
54
56
66
69
65
66
58
52
50
49
49
48
59
58
56
53
47
48
53
51
51
56
52
51
45
45
51
49
45
45
49
50
49
51
49
41
43
45
38
35
34
37
44
43
40
32
29
25
22
19
15
23
16
12
17
13
9
10
4
-1
4
5
8
8
0
-13
-15
-19
-20
-21
-31
-34
-33
-30
-37
-40
-45
-43
-50
-56
-61
-71
-74
-77
-80
-81
-78
-78
-71
-70
-73
-75
-73
-70
-74
-79
-79
-86
-92
-94
-99
-97
-98
-90
-88
-88
-87
-87
-85
-88
-81
-78
-76
-76
-76
-72
-84
-85
-84
-85
-81
-83
-87
-81
-80
-82
-78
-74
-72
-66
-71
-67
-65
-71
-72
-72
-60
-57
-62
-54
-49
-47
-49
-53
-53
-55
-44
-44
-38
-37
-41
-34
-31
-32
-31
-30
-30
-34
-38
-39
-34
-31
-28
-34
-40
-38
-36
-29
-21
-19
-21
-26
-25
-21
-28
-34
-38
-34
-22
-12
-7
-14
-14
-9
-7
-10
-9
-10
-8
-4
0
6
6
1
-8
-2
12
13
9
5
11
11
10
12
18
25
21
22
25
31
39
39
40
38
39
41
34
32
39
42
45
48
47
51
54
54
51
48
44
44
48
54
62
67
75
73
74
72
71
76
71
80
81
80
83
85
82
78
85
84
93
93
91
92
99
99
92
94
83
87
90
93
89
88
87
83
91
90
92
90
93
90
83
80
73
79
77
83
88
85
92
85
83
78
75
75
65
62
61
60
67
65
60
53
49
43
40
49
52
53
44
38
36
22
22
18
17
18
17
12
7
10
12
18
19
15
4
-6
-15
-19
-17
-14
-15
-15
-20
-26
-27
-29
-27
-29
-35
-39
-50
-56
-52
-49
-49
-52
-51
-46
-51
-56
-53
-59
-64
-60
-62
-68
-73
-74
-79
-79
-74
-70
-70
-71
-68
-71
-70
-73
-78
-78
-84
-82
-79
-81
-87
-85
-89
-95
-95
-99
-92
-85
-83
-83
-83
-77
-83
-85
-85
-90
-86
-86
-83
-77
-78
-72
-75
-77
-70
-71
-65
-64
-64
-65
-71
-66
-65
-57
-53
-59
-55
-59
-61
-60
-62
-60
-54
-45
-51
-44
-45
-50
-44
-42
-35
-32
-25
-24
-26
-26
-31
-38
-38
-32
-27
-23
-22
-17
-15
-16
-16
-14
-15
-14
-7
-2
0
3
5
7
1
3
9
8
11
9
11
12
12
16
19
21
17
17
13
12
12
19
26
22
22
23
25
26
17
15
18
20
23
23
24
28
36
36
42
37
37
46
44
42
45
40
37
42
41
50
51
50
55
57
64
63
63
64
63
65
68
70
68
63
61
59
56
59
57
62
59
64
69
71
68
60
59
52
57
54
54
54
54
58
53
53
55
62
62
65
65
63
63
61
58
56
60
61
62
59
54
52
57
58
53
54
52
51
48
45
41
37
40
46
43
47
46
38
44
44
46
48
44
50
46
37
36
32
30
27
25
20
19
20
21
16
14
18
11
11
9
8
7
2
0
-10
-2
-3
-3
-2
-9
-12
-12
-20
-29
-34
-33
-30
-27
-25
-28
-32
-38
-40
-39
-34
-33
-37
-40
-39
-40
-51
-52
-50
-60
-62
-61
-62
-54
-56
-54
-57
-50
-49
-50
-44
-45
-45
-51
-50
-50
-50
-43
-45
-46
-46
-44
-45
-47
-45
-45
-48
-44
-38
-32
-35
-40
-38
-36
-37
-39
-40
-48
-44
-51
-59
-57
-53
-52
-52
-48
-47
-44
-42
-41
-50
-46
-49
-45
-46
-47
-49
-39
-41
-47
-46
-47
-43
-41
-40
-42
-41
-46
-46
-44
-47
-47
-48
-42
-42
-37
-37
-42
-42
-43
-41
-37
-36
-37
-31
-31
-28
-33
-33
-31
-32
-35
-37
-35
-38
-40
-34
-32
-26
-17
-21
-20
-15
-19
-17
-17
-20
-19
-15
-15
0
5
-1
1
-4
-6
3
3
9
15
15
14
14
16
15
21
25
30
33
30
39
40
46
50
46
50
43
44
51
48
46
41
46
53
54
55
60
58
50
41
45
54
55
59
59
57
60
58
59
64
65
62
58
62
59
56
58
52
54
57
57
56
54
55
54
52
50
47
49
46
47
55
50
42
44
46
48
48
50
51
50
43
38
39
37
36
35
33
36
40
41
44
46
40
37
37
37
36
27
31
32
28
21
15
16
17
19
23
21
17
19
17
12
7
11
8
3
-1
-3
1
3
3
4
-2
0
4
-4
-4
-4
-9
-10
-13
-12
-6
-8
-9
-10
-9
-7
-1
2
-3
-6
-10
-10
-4
2
-2
-9
-14
-17
-16
-18
-21
-20
-25
-25
-23
-18
-12
-8
-13
-15
-7
-12
-11
-7
-6
0
4
-1
-7
-9
-17
-19
-23
-19
-11
-17
-16
-18
-18
-18
-23
-24
-24
-23
-22
-23
-21
-28
-29
-35
-44
-43
-40
-33
-32
-35
-31
-25
-24
-24
-28
-32
-46
-52
-54
-56
-60
-63
-62
-62
-59
-62
-56
-56
-59
-57
-59
-60
-54
-57
-61
-61
-59
-61
-53
-52
-52
-49
-48
-50
-54
-49
-47
-37
-35
-30
-29
-43
-30
-25
-22
-13
-11
-13
-16
-18
-21
-18
-14
-10
-8
-5
-10
-15
-15
-11
-10
-7
4
9
9
9
13
10
5
9
6
4
4
4
-2
1
0
-2
-2
-2
2
11
15
23
19
17
19
24
31
31
24
18
19
15
14
17
25
27
30
31
27
29
27
27
30
31
30
25
20
21
24
25
28
31
31
33
33
38
36
35
28
26
25
29
34
37
31
26
23
17
20
18
24
20
21
24
19
22
23
25
22
23
29
28
20
14
26
26
21
14
12
13
15
16
13
17
26
33
30
37
36
30
20
18
30
27
20
15
9
3
2
6
13
20
24
22
14
12
11
6
12
16
18
10
3
1
-5
-1
4
8
11
12
15
8
5
6
-1
-6
-2
4
3
8
7
1
-2
-6
-6
-3
5
7
12
11
7
6
7
6
6
10
11
10
7
0
0
-2
-6
3
1
2
7
3
2
-4
-5
-4
-2
-5
-13
-16
-19
-27
-23
-27
-25
-17
-18
-10
-7
-8
-2
-4
-10
-8
-14
-15
-22
-32
-30
-33
-29
-21
-22
-20
-19
-28
-26
-24
-29
-32
-36
-38
-48
-46
-47
-49
-39
-35
-35
-41
-46
-44
-44
-41
-43
-48
-45
-39
-36
-36
-33
-27
-23
-24
-20
-21
-12
-10
-8
4
3
0
1
-2
-4
-6
-8
-3
-3
-3
-1
6
11
11
10
3
12
15
16
21
18
12
13
13
18
21
20
23
25
32
29
27
25
22
22
24
26
27
28
32
27
24
22
18
22
24
27
24
25
19
20
25
26
22
18
15
16
14
2
0
6
7
5
8
10
15
22
14
18
12
8
6
2
9
13
13
10
13
12
15
18
16
15
21
13
17
18
6
2
0
-3
-3
-2
0
-3
-4
0
5
8
1
2
5
3
6
6
8
11
8
9
5
-1
-3
-5
-12
-7
-4
-5
-6
-11
-13
-14
-8
-9
-12
-12
-24
-26
-25
-28
-32
-35
-47
-53
-41
-36
-26
-21
-21
-17
-18
-21
-24
-24
-26
-27
-21
-18
-24
-31
-30
-32
-28
-28
-22
-19
-19
-17
-16
-18
-23
-28
-25
-19
-18
-10
-14
-21
-17
-13
-5
-7
-9
-9
-10
-7
-8
-14
-16
-20
-17
-14
-9
-6
-9
-9
-10
-12
-11
-10
-9
-10
-18
-21
-26
-21
-23
-18
-10
-7
-4
-1
-6
-8
-9
-12
-5
1
3
-2
-10
-13
-9
-8
-7
0
6
10
8
8
10
4
-2
-3
3
4
13
15
19
18
17
20
17
23
23
26
30
24
25
26
33
41
38
47
51
53
52
51
49
47
53
59
63
56
61
62
58
59
55
54
57
58
62
55
49
49
46
44
45
51
51
48
43
38
37
31
26
30
36
35
37
34
32
33
30
25
25
20
22
17
7
8
5
2
6
7
6
9
1
0
0
-1
-6
-8
-10
-16
-15
-10
-9
-8
-8
-19
-17
-14
-20
-20
-27
-26
-19
-22
-25
-28
-24
-28
-26
-24
-20
-16
-19
-14
-17
-14
-15
-12
-9
-10
-14
-23
-19
-18
-16
-15
-17
-14
-14
-12
-17
-13
-10
-10
-8
-12
-13
-18
-17
-16
-13
-16
-19
-23
-27
-29
-21
-17
-12
-12
-17
-15
-12
-10
-15
-16
-18
-15
-15
-8
-9
-12
-4
-13
-15
-10
-13
-17
-20
-20
-27
-24
-23
-23
-21
-30
-29
-29
-22
-17
-20
-14
-22
-28
-38
-40
-33
-35
-29
-25
-30
-28
-28
-29
-19
-15
-13
-8
-13
-17
-19
-21
-16
-19
-21
-13
-8
-7
-10
-10
-10
-10
-4
-3
-1
-1
-3
-2
1
-4
-7
-12
-10
-13
-4
2
0
-3
-8
-12
-17
-19
-17
-16
-15
-6
-7
-4
-10
-12
-11
-12
-10
-8
-14
-12
-10
-14
-14
-18
-18
-18
-10
-9
-9
-5
-2
-1
0
1
1
1
5
4
6
13
12
6
7
8
10
20
16
20
13
18
27
32
35
37
39
41
45
36
31
29
26
30
35
44
45
44
40
44
45
42
43
40
33
29
34
35
40
47
48
47
51
47
42
35
31
27
28
40
32
34
31
27
27
24
24
34
34
31
23
16
15
13
8
10
6
2
2
0
0
1
-1
-2
0
-4
-6
-7
-9
-11
-6
-8
-8
-15
-15
-5
-11
-6
-1
0
6
0
-7
-10
-13
-12
-5
-5
-2
-4
-10
-8
-7
-8
-4
-9
-3
6
5
6
-2
-5
-8
-15
-22
-11
-3
-7
-6
-7
-4
-5
-9
-12
-14
-14
-13
-12
-11
-19
-17
-13
-11
-9
-10
-7
-2
-4
-2
-4
-16
-16
-22
-14
-7
-4
-6
-2
0
-7
-4
-6
-13
-18
-13
-10
-8
-10
-13
-11
-15
-15
-13
-10
-4
2
0
-7
-11
-15
-24
-23
-26
-27
-20
-21
-19
-17
-16
-14
-8
-5
-7
-2
1
-4
-3
-1
-7
-5
-9
-15
-13
-7
2
12
16
11
9
6
6
1
-11
-13
-12
-10
-6
-14
-12
-9
-8
-2
-5
-2
-2
-2
-12
-16
-19
-18
-16
-12
1
4
2
0
0
1
-8
-14
-16
-25
-26
-25
-22
-17
-21
-16
-17
-19
-16
-13
-11
-10
-7
-4
-5
-7
-20
-25
-21
-19
-14
-13
-5
2
2
3
5
0
-5
-7
-8
-4
-8
-11
-4
1
8
7
10
6
0
4
1
6
11
6
11
12
9
7
5
13
18
23
26
20
13
9
9
14
19
6
10
13
10
11
16
17
18
30
31
32
29
29
24
25
28
24
24
31
34
31
27
22
24
19
25
31
34
40
37
25
20
24
22
18
22
17
17
20
19
20
21
24
23
22
23
24
23
9
1
8
6
13
14
8
7
-2
-8
-1
-7
-5
0
3
16
11
3
2
-4
-3
0
-5
-3
-6
-7
-4
-7
-2
-2
1
2
5
2
0
-6
-6
3
2
7
6
10
9
11
17
11
9
9
12
14
10
-4
-3
2
2
6
8
11
10
2
3
3
-4
-13
-20
-14
-9
-7
-7
-13
-11
-12
-12
-7
-4
-7
-10
-15
-22
-25
-31
-22
-15
-16
-23
-19
-17
-18
-19
-21
-20
-21
-26
-31
-23
-23
-22
-22
-22
-18
-16
-18
-25
-31
-33
-31
-28
-29
-20
-21
-24
-20
-24
-24
-19
-11
-10
-10
-7
-10
-13
-9
-11
-12
-12
-11
-13
-19
-10
-1
5
4
6
7
3
6
4
2
-3
-7
-11
-11
-9
-5
-5
-6
-8
-9
-10
-11
-12
-13
-14
-22
-21
-21
-21
-15
-14
-12
-12
-15
-14
-14
-12
-8
-9
-14
-21
-24
-25
-24
-19
-13
-5
3
4
4
0
-8
-13
-18
-18
-19
-17
-19
-19
-15
-12
-6
-3
4
3
3
-3
-1
-4
-11
-13
-15
-11
-12
-4
-6
2
11
8
9
15
28
26
22
25
20
13
13
17
23
29
38
38
38
42
37
45
43
40
42
40
41
38
31
24
28
30
37
39
41
45
41
31
28
27
26
33
30
34
33
34
35
41
43
40
45
41
37
28
24
27
29
27
34
34
27
35
31
32
38
30
29
23
17
12
7
5
5
10
8
13
4
-4
2
7
7
8
13
2
0
3
-1
1
0
1
4
-3
-2
-4
-10
-11
-7
-2
-1
-4
-7
-10
-10
-6
-2
-2
-6
-7
-3
-6
-9
-3
-8
-9
-14
-11
-1
-11
-16
-20
-21
-20
-17
-16
-11
-14
-22
-24
-32
-35
-39
-41
-28
-24
-26
-25
-25
-19
-29
-38
-30
-33
-36
-37
-41
-35
-39
-42
-35
-27
-31
-35
-27
-30
-31
-33
-32
-26
-25
-27
-11
-10
-15
-13
-12
-14
-13
-12
-12
-4
-9
-11
-7
-11
-10
-8
-8
-13
-17
-13
-9
-5
-7
-4
2
4
6
0
-3
-5
-6
-2
-5
-3
-4
-10
-11
-12
-15
-18
-16
-17
-14
-13
-19
-16
-24
-26
-25
-28
-24
-28
-32
-36
-36
-31
-26
-30
-34
-31
-31
-28
-28
-29
-18
-15
-12
-12
-15
-12
-9
-13
-11
-8
-12
-11
-13
-14
-15
-11
-3
2
1
7
8
6
-2
-3
2
-4
1
10
18
20
17
17
29
33
27
35
40
26
26
41
46
42
43
46
45
43
41
49
44
38
47
59
55
48
46
42
37
41
50
57
46
36
42
40
37
40
35
32
26
27
32
32
33
32
34
36
34
30
26
30
28
35
38
26
22
20
21
20
22
20
18
11
12
13
12
17
14
14
7
11
15
6
0
5
5
0
1
-1
1
0
0
4
6
-4
-7
-10
-5
2
2
10
8
3
2
5
-4
-11
-14
-17
-9
-12
-15
-15
-8
-8
-6
-3
-3
0
-1
-3
-2
-7
-7
-10
-15
-10
-15
-14
-15
-16
-14
-16
-12
-12
-11
-8
-8
-11
-6
-10
-18
-14
-20
-22
-18
-16
-22
-21
-24
-28
-26
-23
-27
-32
-36
-34
-34
-37
-24
-23
-23
-20
-23
-22
-24
-21
-20
-18
-15
-17
-17
-21
-19
-16
-15
-15
-12
-13
-17
-23
-23
-18
-18
-20
-19
-18
-7
-2
-3
-6
-15
-11
-12
-14
-15
-14
-5
-4
-6
-1
-4
-4
2
4
12
9
6
2
-5
-7
-1
5
9
12
8
9
5
7
8
8
12
13
13
16
10
5
5
7
13
9
10
10
9
9
2
2
7
2
3
3
1
3
2
1
2
10
7
5
5
7
13
13
15
18
15
3
-1
-3
-3
-6
-4
7
5
5
4
3
-6
-10
-5
-4
-1
1
3
5
8
5
4
5
7
6
0
1
1
-7
-10
-8
-13
-2
2
5
4
1
-1
-7
0
-5
-5
-2
-9
-6
-10
-13
-11
-9
-10
-8
-1
-5
-6
-7
-9
-6
-6
-9
-6
-7
-3
-8
-6
3
8
10
5
9
9
10
9
8
10
4
3
4
1
-3
-1
-2
-5
-4
-2
1
6
13
14
16
13
12
9
11
12
4
2
-1
3
7
7
13
11
9
9
7
9
5
3
2
5
7
2
-3
-7
-8
-3
-4
-3
2
4
2
-2
1
1
2
10
8
7
8
4
5
6
1
3
3
4
10
10
12
15
23
18
17
16
13
15
10
5
7
3
4
8
11
17
19
13
8
11
12
13
12
15
15
12
10
11
11
12
15
21
19
15
16
12
9
11
9
1
1
2
2
1
8
2
3
3
-2
2
-3
-7
-13
-17
-21
-21
-24
-21
-15
-14
-11
-7
-6
-8
-13
-20
-28
-27
-25
-25
-26
-31
-30
-29
-18
-13
-10
-4
-14
-15
-21
-26
-22
-20
-23
-25
-20
-18
-14
-17
-15
-13
-14
-16
-13
-9
-15
-16
-15
-14
-11
-7
-7
-3
-1
-6
-3
-5
-6
-3
-3
0
1
-3
0
0
1
8
7
11
12
7
8
13
20
20
16
12
6
6
9
7
6
0
5
4
2
8
2
8
6
6
9
1
2
-4
-4
0
3
5
1
2
1
-8
-7
-6
-4
2
2
2
2
1
-4
-5
-3
-5
-1
2
-2
-1
-6
-8
-10
-17
-13
-17
-13
-15
-9
-5
-8
-5
0
4
0
-4
-4
-1
-9
-11
-9
-8
-8
-9
-10
-6
-4
-3
-8
-3
-6
-7
-3
0
3
1
6
11
17
14
9
13
7
7
-2
-3
1
1
1
0
8
5
3
4
5
3
2
2
4
6
3
-4
-8
-9
-13
-13
-15
-14
-14
-20
-18
-16
-13
-12
-12
-13
-13
-11
-7
-5
-5
-5
-1
4
-2
-3
2
7
7
6
8
6
9
7
8
11
7
13
22
22
13
12
11
9
11
5
4
12
8
10
20
20
20
23
25
27
23
26
25
19
12
10
10
16
18
18
23
22
19
16
15
17
17
18
15
16
19
18
10
5
0
4
2
5
4
-7
-6
-14
-14
-16
-12
-11
-10
-5
-6
-4
-10
-11
-14
-15
-15
-13
-12
-11
-10
-3
2
-3
0
8
3
7
9
8
7
9
15
16
17
15
17
12
11
15
19
20
20
19
15
20
27
29
26
23
25
25
27
21
19
19
17
19
21
23
15
12
7
9
6
6
6
2
3
5
1
-1
5
8
0
5
6
0
-1
-11
-10
-13
-16
-12
-19
-16
-12
-14
-24
-18
-14
-15
-6
-10
-8
-10
-16
-11
-6
-4
-9
-15
-19
-19
-19
-22
-21
-24
-25
-26
-20
-14
-13
-8
-9
-6
1
5
5
14
13
8
5
3
4
5
6
8
16
14
12
14
10
9
13
16
11
12
14
11
13
15
14
14
20
22
13
7
2
0
0
-5
-7
-3
-6
-7
-10
-7
-2
-4
0
-2
8
9
3
0
-6
-9
-8
-5
-8
-14
-21
-25
-28
-31
-35
-33
-31
-31
-33
-32
-34
-39
-40
-38
-30
-31
-40
-40
-42
-44
-43
-45
-49
-47
-43
-43
-40
-38
-29
-22
-26
-26
-22
-21
-23
-21
-22
-26
-28
-31
-27
-29
-30
-31
-31
-31
-33
-31
-27
-29
-27
-20
-15
-13
-12
-14
-25
-23
-23
-30
-28
-25
-25
-23
-24
-24
-21
-21
-20
-18
-17
-15
-12
-9
-3
4
-1
-3
-3
-1
-1
2
-1
-7
-7
-5
-4
-5
-3
-1
-5
-2
-4
-9
-8
-1
6
1
3
3
-3
0
-3
-6
-5
0
3
4
4
5
5
3
4
6
9
9
10
14
20
21
29
29
32
42
36
40
40
35
34
42
45
45
47
45
50
51
50
52
59
57
61
65
61
55
52
60
68
67
62
59
54
48
50
46
51
57
52
44
45
47
50
50
46
48
47
42
38
33
29
28
30
30
28
28
32
29
25
24
21
27
21
24
28
22
28
21
13
7
8
1
8
10
1
6
3
1
0
-3
-5
-3
-2
-1
-9
-4
0
1
2
1
-5
-8
-5
-5
0
-1
1
-1
-4
-10
-6
-6
-8
0
5
8
9
3
3
-3
-2
2
-1
-5
-12
-9
-14
-11
-12
-16
-9
-9
-8
-10
-14
-14
-16
-20
-16
-13
-13
-21
-20
-25
-23
-19
-24
-27
-31
-22
-22
-23
-23
-28
-29
-35
-29
-29
-29
-26
-28
-29
-28
-32
-35
-33
-35
-34
-34
-41
-44
-38
-38
-41
-36
-30
-25
-21
-24
-29
-28
-20
-18
-9
-12
-23
-26
-33
-30
-38
-40
-32
-26
-21
-23
-22
-21
-28
-31
-31
-32
-29
-30
-33
-38
-36
-31
-26
-30
-32
-30
-28
-24
-27
-24
-26
-26
-23
-23
-25
-38
-31
-20
-18
-13
-25
-25
-23
-18
-18
-19
-17
-16
-14
-13
-3
-7
-3
-3
-3
-3
-3
3
0
1
4
2
0
0
-4
0
9
15
14
8
15
8
4
6
5
5
8
15
14
14
9
10
12
13
17
21
17
19
16
8
11
18
19
17
24
17
20
26
23
26
22
22
32
31
32
31
35
32
35
32
33
31
36
37
35
42
39
43
39
36
35
29
30
34
33
39
35
27
24
22
22
20
19
21
26
35
36
33
28
24
22
23
21
19
23
22
25
25
20
21
25
17
16
25
24
25
23
21
26
29
21
13
17
20
12
16
19
16
22
23
26
28
31
34
30
31
32
25
24
27
21
23
19
19
24
20
23
20
15
18
18
14
15
16
14
11
15
10
7
7
3
-2
-4
-9
-15
-11
-12
-7
-3
1
3
0
0
-3
-4
-10
-15
-25
-28
-25
-30
-29
-33
-27
-23
-26
-21
-25
-25
-23
-21
-24
-27
-27
-27
-28
-32
-29
-24
-24
-25
-26
-30
-35
-31
-32
-32
-34
-36
-37
-35
-28
-21
-15
-19
-21
-24
-29
-25
-27
-29
-28
-27
-30
-31
-29
-26
-24
-16
-6
-4
-4
-6
-9
-11
-16
-19
-20
-23
-21
-23
-20
-25
-20
-9
-8
3
3
0
-3
-13
-12
-15
-18
-20
-19
-21
-28
-23
-21
-26
-24
-22
-21
-16
-21
-26
-29
-32
-28
-28
-29
-26
-16
-22
-25
-24
-32
-30
-31
-28
-19
-18
-19
-14
-18
-17
-19
-11
-1
-7
-7
-6
-6
-9
-12
-9
-7
-1
3
2
-3
0
1
4
18
25
28
28
29
25
18
15
12
23
23
25
27
23
24
28
34
31
35
32
25
26
21
22
24
29
27
32
26
16
19
16
20
12
13
8
12
19
15
18
9
7
5
3
3
0
7
0
-1
1
-3
-3
-7
-4
-3
1
5
0
-2
-3
3
-1
-2
-1
-3
0
0
1
2
7
9
9
4
5
5
2
4
2
9
9
7
6
3
5
13
18
19
21
19
19
15
8
11
18
14
16
17
12
17
23
20
26
30
25
22
20
23
18
20
18
20
20
14
21
20
22
20
21
27
24
23
18
15
19
16
18
21
23
21
17
16
17
13
11
11
12
20
20
18
14
11
11
5
8
2
-2
-3
-2
3
3
0
-3
-2
-3
0
-1
-6
-6
-5
-6
6
9
11
13
7
12
13
7
4
3
2
0
3
5
6
2
1
6
9
15
14
10
10
8
7
7
1
-4
-12
-13
-15
-11
-9
-10
-7
-6
-2
-6
-12
-22
-29
-23
-22
-18
-20
-25
-29
-34
-45
-46
-43
-44
-43
-36
-31
-35
-39
-50
-57
-59
-56
-45
-41
-43
-42
-47
-50
-48
-53
-45
-48
-49
-47
-50
-39
-39
-42
-42
-49
-46
-38
-36
-33
-31
-32
-31
-21
-22
-27
-32
-29
-26
-19
-15
-9
-1
0
-3
-3
-2
-4
-1
-4
2
10
11
13
11
9
8
14
15
19
22
20
21
23
25
23
24
21
18
14
11
13
9
4
4
2
3
-1
-5
-10
-11
-7
-7
-3
-4
-6
-6
-5
-5
-5
-6
-11
-4
-1
-5
-5
-11
-17
-8
1
6
6
7
14
10
12
7
4
4
3
9
13
11
12
10
3
-1
3
11
12
9
5
8
12
18
15
22
25
26
27
17
16
5
8
13
17
27
25
20
20
27
27
39
38
40
38
33
36
31
32
25
21
21
17
18
15
15
16
12
17
22
25
23
16
17
12
13
13
7
11
1
0
10
8
12
11
4
7
9
14
11
7
4
10
14
16
18
17
18
18
22
20
24
23
18
13
12
14
18
17
23
24
26
30
29
29
28
28
23
26
35
34
35
22
17
16
9
12
12
16
20
21
20
20
23
20
13
13
7
11
9
2
-1
-6
-6
-5
-10
-8
-1
-1
-9
-20
-24
-27
-27
-24
-21
-28
-31
-31
-38
-43
-44
-43
-39
-34
-31
-30
-29
-38
-41
-43
-46
-42
-40
-41
-39
-33
-34
-30
-21
-18
-11
-10
-8
-11
-18
-16
-13
-15
-16
-21
-23
-18
-18
-19
-13
-11
-12
-6
-4
-7
-5
-9
-14
-17
-16
-14
-24
-21
-24
-21
-13
-12
-6
-6
-6
2
5
3
-1
-11
-11
-11
-4
-2
-4
-1
1
-6
-8
-6
-1
2
3
9
9
11
8
0
-1
-3
-6
-6
-5
2
2
0
5
-1
-2
-7
-4
-3
0
-3
-8
-9
-5
-1
-7
-6
-8
-8
1
5
1
0
3
2
9
10
14
16
12
15
20
17
15
7
10
13
14
18
14
9
12
13
9
10
14
8
10
18
14
10
4
2
-1
1
-5
-10
-3
-5
1
-1
-16
-14
-12
-13
-11
-17
-14
-10
-13
-6
-8
-4
-3
0
-6
-12
-13
-15
-18
-20
-19
-21
-17
-15
-14
-14
-19
-20
-14
-16
-14
-8
-13
-14
-12
-15
-7
-12
-15
-8
0
0
-3
1
0
2
8
8
1
2
0
-3
-4
-1
-2
0
6
4
5
12
18
22
25
18
16
16
14
9
12
14
14
21
13
17
18
25
25
23
27
32
38
27
24
18
13
14
17
25
27
27
31
25
14
16
17
18
19
16
10
17
14
10
8
8
13
14
15
10
10
16
7
8
8
6
12
10
10
11
9
9
14
10
10
11
13
17
12
9
5
9
15
7
9
7
5
10
1
1
1
3
7
13
12
11
15
9
5
4
1
0
1
-3
-10
-10
-11
-12
-11
-13
-11
-7
-6
-7
-13
-14
-19
-21
-21
-19
-14
-18
-21
-21
-24
-20
-22
-24
-28
-29
-31
-36
-30
-31
-32
-31
-28
-25
-17
-15
-17
-11
-7
-9
-6
-18
-26
-21
-19
-20
-12
-11
-14
-3
4
13
16
14
9
9
10
9
2
0
-1
0
1
-5
-7
-8
-8
-13
-7
-9
-5
1
-4
4
6
7
3
0
-1
1
-3
-2
6
7
7
5
3
0
-2
-14
-14
-10
-14
-6
-5
-6
0
0
-4
-7
-8
-11
-9
-16
-12
-19
-22
-23
-23
-18
-22
-21
-20
-22
-25
-22
-27
-25
-21
-23
-24
-22
-13
-14
-9
-13
-13
-7
-12
-6
-4
-5
-11
-9
-7
-11
-6
-11
-8
-8
0
0
2
3
-1
-6
-11
-3
-10
-12
-14
-12
-16
-16
-8
-8
-7
-10
-11
-9
-3
-6
0
0
-3
-1
-12
-12
-5
0
4
10
13
16
14
8
13
15
18
24
25
29
30
25
22
27
34
35
41
45
43
40
35
37
34
37
35
41
47
40
40
35
39
33
32
30
20
23
28
27
29
28
30
32
39
41
33
28
25
29
29
28
25
21
19
21
19
22
28
30
29
30
34
30
27
21
14
10
5
10
7
10
15
7
9
11
13
12
13
11
12
7
5
2
-4
0
5
5
5
1
-1
2
-2
-6
-2
-1
-2
-7
-14
-14
-15
-18
-16
-10
-5
-12
-12
-8
-11
-7
-10
-18
-15
-12
-10
-8
-14
-17
-14
-17
-13
-16
-12
-12
-16
-18
-23
-23
-21
-24
-22
-21
-16
-9
-18
-23
-22
-24
-28
-27
-24
-23
-24
-22
-26
-24
-21
-22
-15
-11
-14
-16
-20
-21
-17
-13
-11
-13
-16
-16
-19
-16
-14
-15
-16
-20
-21
-25
-21
-26
-27
-23
-20
-21
-19
-17
-17
-15
-15
-20
-22
-27
-35
-31
-29
-33
-27
-23
-24
-17
-12
-12
-18
-19
-20
-20
-17
-16
-20
-19
-21
-24
-15
-15
-16
-16
-14
-15
-11
-15
-15
-12
-12
-7
-10
-8
-12
-14
-8
-4
-4
1
6
1
-4
-9
-7
-8
-13
-6
4
6
11
8
5
-1
-4
1
1
2
6
4
6
3
4
1
2
4
5
7
4
10
8
9
4
6
10
11
18
14
10
12
11
12
11
22
23
23
23
23
20
19
17
19
24
19
17
21
26
23
17
21
25
22
25
18
14
13
10
12
15
25
26
29
20
15
11
8
16
20
28
29
27
21
14
19
20
22
22
19
23
19
21
18
17
19
15
18
15
12
8
8
2
4
7
6
6
7
5
5
9
9
12
17
24
19
19
26
20
26
31
39
41
37
38
37
32
29
31
33
29
29
26
20
23
24
24
25
30
29
24
22
25
18
13
7
9
14
17
21
8
5
1
4
5
7
4
-2
1
-1
-1
0
2
3
4
-2
-8
-10
-14
-21
-17
-11
-5
-1
-5
-9
-9
-6
-5
-5
-11
-10
-11
-15
-4
-2
-8
-5
-1
-2
-3
-10
-17
-12
-10
-15
-9
-2
-12
-20
-26
-28
-26
-27
-19
-14
-17
-14
-16
-21
-20
-24
-25
-25
-23
-24
-27
-24
-16
-24
-28
-29
-37
-35
-31
-27
-26
-35
-42
-46
-49
-45
-45
-42
-39
-41
-48
-42
-42
-39
-36
-34
-32
-41
-40
-46
-44
-47
-41
-33
-34
-36
-38
-36
-29
-27
-26
-30
-30
-32
-34
-28
-27
-31
-28
-24
-19
-15
-12
-9
-14
-20
-19
-16
-13
-10
-6
-4
-10
-9
-6
-5
-2
0
-1
-3
-5
-9
-13
-19
-11
-9
-13
-9
-11
-8
-8
-8
4
9
9
5
1
-1
1
6
-1
-6
-10
-8
-9
-10
-7
1
-1
0
1
1
2
-3
5
0
4
3
3
3
0
1
-1
6
6
10
9
11
11
9
12
6
12
17
16
18
15
11
6
2
3
8
8
11
19
21
20
17
20
19
19
16
16
21
22
25
23
26
27
28
29
34
37
38
33
29
35
40
43
50
56
54
47
49
50
47
41
51
54
55
57
50
55
50
49
50
54
58
61
58
53
54
54
58
58
58
59
54
48
45
41
33
32
36
45
49
45
43
35
39
44
38
36
41
40
33
39
34
28
22
21
23
19
12
17
19
19
22
16
10
4
4
4
9
12
9
8
7
4
3
4
4
8
5
8
7
4
-1
0
6
-1
-1
0
-9
-7
-8
-13
-14
-17
-23
-20
-17
-24
-25
-25
-26
-34
-29
-27
-29
-27
-26
-28
-31
-38
-47
-54
-50
-46
-44
-48
-54
-56
-58
-57
-58
-54
-55
-56
-59
-62
-67
-68
-69
-75
-73
-68
-67
-73
-78
-74
-74
-75
-73
-74
-76
-80
-80
-86
-87
-76
-76
-74
-66
-65
-59
-54
-56
-61
-58
-58
-53
-38
-36
-37
-31
-28
-25
-23
-23
-24
-28
-20
-11
-10
-11
-14
-16
-17
-8
-9
-9
-6
-9
-6
-10
-5
-6
-16
-10
-8
-5
-7
-6
-11
-8
-4
-6
-3
-10
-8
-15
-15
-10
-4
-3
-5
-7
-5
-5
-5
-3
-2
7
6
4
2
7
8
9
13
16
15
7
7
6
11
19
21
21
20
21
19
22
22
23
25
31
36
38
35
36
42
44
43
45
41
43
51
48
53
52
52
53
55
54
55
51
45
50
50
48
45
42
38
40
42
42
43
45
44
41
44
42
43
41
34
38
36
37
35
40
40
37
42
35
35
35
34
38
42
42
43
42
38
35
38
44
49
51
47
38
34
33
30
27
32
24
24
20
15
18
18
23
17
21
25
25
22
13
15
14
17
18
14
11
8
16
19
21
20
27
24
25
30
26
18
16
8
5
13
15
13
8
5
3
4
9
13
14
18
16
17
14
1
1
-1
0
-2
-7
-11
-14
-13
-10
-11
-8
-7
-5
-2
-3
-3
-9
-11
-14
-15
-17
-16
-23
-23
-17
-20
-24
-26
-25
-24
-21
-21
-15
-20
-22
-22
-19
-19
-25
-24
-32
-29
-28
-26
-26
-31
-34
-37
-41
-44
-36
-33
-29
-26
-24
-26
-27
-25
-28
-28
-29
-30
-27
-24
-28
-31
-30
-36
-37
-35
-39
-48
-52
-52
-53
-51
-48
-43
-42
-50
-55
-59
-61
-62
-60
-60
-59
-53
-56
-58
-66
-72
-65
-65
-57
-63
-57
-57
-68
-64
-68
-68
-68
-69
-68
-63
-58
-60
-62
-64
-59
-62
-59
-60
-61
-56
-56
-62
-59
-53
-49
-41
-42
-36
-30
-29
-34
-36
-36
-36
-37
-29
-26
-23
-16
-12
0
-7
-1
3
0
0
1
0
3
6
5
7
6
14
16
11
11
16
25
35
35
32
26
25
36
33
28
26
24
29
37
35
35
34
36
34
34
34
40
42
41
44
43
55
49
52
47
44
50
50
54
56
53
48
48
52
62
58
58
64
64
67
67
65
72
73
72
77
79
76
77
79
84
86
83
87
88
91
85
84
83
79
76
80
90
92
89
89
86
76
81
72
73
72
65
68
62
66
66
67
69
75
69
66
62
56
55
47
36
33
32
29
30
30
29
27
28
27
28
31
24
26
27
17
14
15
10
10
11
6
3
2
7
6
6
2
1
4
2
0
-2
-8
-13
-14
-14
-11
-10
-10
-14
-23
-26
-29
-31
-28
-33
-33
-31
-34
-34
-32
-27
-27
-25
-19
-20
-25
-27
-30
-31
-34
-38
-48
-49
-52
-49
-47
-46
-43
-43
-44
-44
-47
-44
-47
-58
-52
-57
-58
-54
-61
-62
-63
-60
-58
-61
-63
-68
-71
-66
-68
-69
-64
-65
-66
-60
-61
-67
-71
-81
-83
-83
-77
-75
-75
-79
-81
-78
-80
-74
-70
-67
-62
-59
-62
-59
-59
-51
-50
-53
-46
-50
-52
-46
-47
-48
-41
-39
-37
-36
-34
-34
-41
-35
-31
-38
-34
-30
-40
-36
-35
-38
-36
-38
-31
-30
-28
-33
-33
-38
-43
-42
-45
-39
-37
-33
-31
-24
-15
-16
-21
-12
-10
2
-3
-10
-4
-2
1
-4
-7
1
11
16
19
20
21
21
17
19
21
21
25
18
17
19
25
30
34
31
28
25
24
25
24
28
32
36
31
28
28
29
25
26
33
32
32
32
38
39
38
45
46
48
43
43
46
48
50
55
51
49
50
51
50
50
58
62
63
58
59
59
63
64
70
72
78
79
72
77
75
72
76
79
78
75
74
74
74
78
77
74
72
64
69
71
69
68
63
64
63
63
61
60
65
67
69
63
60
53
48
48
45
44
41
41
36
34
30
28
31
27
28
29
28
26
15
16
15
11
15
18
15
13
8
5
4
5
3
4
0
-6
-4
-1
-6
-7
-6
-12
-7
-10
-16
-13
-11
-8
-9
-19
-20
-23
-23
-27
-19
-15
-16
-19
-24
-25
-32
-27
-31
-25
-27
-28
-31
-39
-39
-42
-48
-54
-48
-48
-49
-55
-50
-50
-54
-62
-65
-59
-70
-68
-69
-76
-73
-78
-88
-85
-84
-77
-78
-78
-75
-80
-79
-75
-72
-78
-78
-77
-75
-76
-78
-70
-67
-63
-60
-57
-53
-60
-58
-52
-49
-50
-51
-46
-46
-46
-45
-45
-50
-58
-54
-48
-48
-44
-40
-34
-26
-18
-19
-18
-16
-17
-13
-16
-16
-24
-21
-17
-19
-13
-7
-11
-10
-4
-11
-10
-8
-8
-4
2
3
-3
-5
-8
-12
-10
-15
-11
-6
-3
2
5
-1
-6
-8
-2
6
3
8
11
14
12
12
21
18
23
22
19
20
20
22
26
28
35
41
45
46
45
47
44
43
39
42
47
46
44
38
43
52
57
61
59
57
62
68
66
65
70
71
71
60
55
55
55
59
62
64
66
62
62
57
52
52
50
48
41
47
45
40
37
36
34
31
31
24
21
15
15
16
21
18
22
25
21
26
20
18
18
15
14
14
14
11
12
17
17
21
19
18
21
20
22
18
16
17
19
20
19
26
22
24
22
22
20
18
17
20
11
11
9
5
5
-1
7
11
13
8
5
0
-3
2
-2
-6
-13
-12
-18
-20
-21
-25
-23
-31
-30
-35
-41
-39
-38
-38
-37
-37
-40
-45
-47
-47
-52
-49
-55
-56
-57
-59
-53
-57
-49
-44
-45
-51
-46
-42
-40
-34
-40
-48
-50
-48
-46
-44
-44
-48
-36
-34
-34
-35
-38
-29
-26
-25
-26
-28
-33
-33
-38
-41
-46
-45
-38
-32
-22
-16
-15
-15
-6
-11
-16
-19
-25
-20
-16
-14
-6
3
3
4
4
10
16
16
15
15
21
20
16
12
13
12
2
6
6
8
22
32
37
42
48
42
31
24
23
22
16
19
20
28
32
34
30
31
38
33
28
22
20
20
19
19
21
26
27
27
25
25
27
26
28
25
20
9
7
4
2
2
4
9
4
6
7
4
1
-4
-1
1
0
-8
-9
-9
-6
1
0
2
-1
1
6
4
3
-1
-4
0
-4
-1
2
1
-1
0
8
4
4
0
3
8
12
10
1
-4
-1
3
11
10
16
19
17
13
10
4
2
-1
-4
-3
0
-3
-5
-3
-1
-1
0
0
-7
-4
-1
-1
-9
-14
-18
-26
-19
-18
-19
-21
-23
-21
-21
-25
-26
-24
-19
-14
-12
-15
-21
-24
-23
-24
-23
-17
-12
-12
-13
-6
-4
-5
-3
-4
-5
-5
-1
-4
0
7
12
8
7
11
13
12
9
14
14
8
3
-3
-8
-5
-4
-6
-6
-3
1
2
2
10
8
5
4
-4
-6
-10
-10
-13
-21
-17
-19
-16
-16
-20
-22
-22
-22
-16
-17
-28
-29
-29
-22
-25
-23
-26
-18
-18
-15
-11
-18
-19
-17
-16
-14
-19
-23
-20
-26
-22
-17
-11
-6
-4
-2
0
0
0
-1
-10
-2
-10
-12
-5
-6
0
7
18
16
14
18
18
21
19
20
18
19
18
16
13
9
8
11
16
18
30
33
31
32
22
14
17
24
28
38
40
33
25
20
14
16
20
19
28
34
29
22
17
13
13
19
19
18
19
16
14
15
13
11
15
20
22
23
18
9
12
5
4
13
16
22
21
19
18
15
16
20
26
25
20
19
20
17
13
18
23
38
43
36
32
31
35
31
32
32
25
24
20
14
17
17
24
28
31
28
26
22
20
16
12
16
15
14
13
11
12
11
13
15
16
16
6
6
3
6
0
-2
3
5
0
-6
-7
-8
-9
-12
-2
-1
-9
-11
-12
-19
-24
-24
-30
-25
-26
-23
-24
-28
-27
-32
-30
-32
-33
-34
-31
-35
-39
-42
-44
-46
-46
-41
-33
-26
-33
-39
-41
-36
-38
-37
-39
-38
-39
-46
-49
-43
-34
-36
-30
-31
-29
-29
-28
-32
-40
-37
-41
-39
-36
-40
-37
-35
-33
-26
-25
-18
-22
-32
-26
-36
-43
-47
-45
-41
-44
-38
-32
-34
-32
-32
-37
-34
-33
-34
-45
-40
-36
-39
-37
-37
-34
-36
-36
-41
-44
-44
-41
-38
-40
-37
-39
-38
-33
-34
-33
-35
-27
-23
-25
-23
-28
-27
-29
-28
-24
-24
-22
-19
-16
-12
-9
-3
0
-1
0
-1
4
7
7
10
18
18
24
17
14
23
23
23
27
30
39
49
41
43
40
37
43
47
44
45
54
55
52
49
47
50
50
51
50
54
58
54
49
52
55
56
59
54
53
48
51
51
47
51
54
54
47
47
48
46
52
54
50
49
45
40
41
42
41
44
49
46
46
44
46
46
45
42
42
44
40
43
40
45
41
35
33
36
41
40
37
41
44
43
45
36
40
38
36
36
34
34
29
32
37
30
31
35
30
26
27
25
23
26
33
31
30
34
35
34
32
30
26
24
20
18
14
18
18
16
17
17
18
12
10
12
11
13
12
12
6
-1
-3
-11
-12
-14
-15
-16
-8
-6
-5
3
-4
-10
-13
-17
-20
-17
-14
-18
-29
-34
-35
-43
-45
-42
-47
-48
-46
-44
-46
-46
-53
-56
-51
-56
-62
-69
-66
-62
-64
-67
-69
-79
-83
-79
-79
-80
-86
-89
-86
-88
-87
-89
-90
-91
-93
-93
-92
-85
-89
-83
-77
-84
-85
-88
-83
-79
-78
-75
-74
-72
-71
-71
-65
-63
-65
-63
-67
-66
-66
-64
-61
-56
-51
-53
-58
-56
-53
-57
-48
-43
-44
-46
-47
-47
-41
-34
-40
-42
-46
-48
-46
-43
-45
-40
-40
-30
-18
-18
-24
-25
-24
-22
-18
-14
-12
-7
-5
-9
-8
-5
-5
0
9
12
16
17
20
24
19
19
18
20
28
28
37
35
23
30
31
36
40
45
50
48
53
53
52
50
48
48
52
55
59
61
65
65
67
69
68
67
63
64
66
57
55
51
52
54
59
69
59
62
62
64
67
65
62
55
60
64
62
65
62
56
63
67
68
67
61
63
64
58
55
58
56
58
62
61
62
70
68
70
70
68
64
62
57
52
59
61
59
57
65
73
68
66
69
69
67
66
66
55
52
50
45
47
43
36
29
30
26
29
35
33
37
40
34
28
16
16
19
21
28
26
28
20
19
15
11
9
5
8
10
8
3
2
0
0
1
2
2
1
-4
-5
-12
-26
-31
-36
-34
-27
-28
-30
-34
-34
-30
-23
-22
-20
-18
-18
-18
-28
-35
-39
-42
-38
-37
-38
-40
-44
-42
-45
-42
-40
-39
-38
-44
-46
-50
-50
-56
-56
-47
-57
-59
-63
-68
-59
-64
-60
-66
-63
-63
-68
-67
-68
-69
-73
-70
-68
-61
-65
-65
-65
-70
-69
-73
-78
-80
-77
-71
-64
-62
-59
-64
-65
-54
-52
-52
-57
-66
-67
-68
-66
-63
-66
-63
-67
-66
-60
-63
-63
-58
-56
-53
-56
-63
-68
-70
-70
-68
-66
-62
-51
-45
-39
-33
-35
-35
-34
-30
-32
-35
-25
-24
-27
-25
-21
-14
-20
-15
-7
-8
-6
-7
-5
-1
-4
-5
0
3
8
9
11
8
10
13
17
16
14
19
19
20
20
20
21
19
21
16
19
25
23
27
23
22
17
20
21
23
27
29
38
31
33
34
31
33
31
26
22
22
22
20
21
20
24
32
35
41
48
42
50
55
46
43
43
48
51
51
50
56
63
67
72
79
83
82
84
78
75
75
76
79
83
82
82
86
87
86
88
98
95
96
99
86
93
90
86
90
86
85
85
89
84
82
81
79
75
73
69
69
68
62
56
50
54
54
50
48
50
48
43
45
42
40
36
37
40
37
40
34
29
19
17
21
22
17
11
11
5
6
-1
-6
-7
-12
-16
-16
-15
-15
-16
-15
-20
-20
-25
-23
-25
-29
-31
-31
-27
-31
-30
-29
-34
-40
-43
-37
-40
-44
-41
-47
-47
-48
-45
-43
-41
-42
-45
-37
-38
-42
-41
-39
-46
-47
-49
-53
-48
-43
-39
-35
-31
-34
-29
-26
-26
-27
-30
-37
-37
-32
-41
-44
-47
-53
-55
-53
-52
-52
-54
-50
-50
-50
-51
-54
-52
-50
-58
-69
-63
-60
-56
-51
-53
-53
-58
-62
-59
-55
-49
-49
-50
-46
-41
-38
-34
-28
-29
-33
-38
-42
-42
-40
-41
-41
-38
-40
-38
-39
-38
-34
-35
-37
-46
-47
-48
-46
-48
-50
-53
-52
-44
-47
-47
-57
-54
-50
-46
-41
-38
-41
-42
-47
-45
-39
-42
-38
-35
-34
-33
-29
-32
-33
-30
-29
-26
-30
-32
-30
-29
-27
-26
-27
-23
-20
-19
-12
-9
-9
-9
-14
-14
-11
-7
-5
-3
3
8
10
12
15
21
22
19
18
22
26
23
17
15
17
21
30
38
44
43
50
57
56
52
52
55
53
52
57
57
58
60
60
60
64
64
67
74
69
69
73
68
69
69
73
74
76
82
77
73
71
69
64
63
63
59
68
77
77
81
84
87
83
79
74
69
64
62
62
61
60
59
66
70
70
71
69
69
67
68
71
67
63
53
51
54
51
49
41
44
54
57
56
48
42
41
43
45
41
39
36
37
36
44
49
42
40
33
27
20
20
20
12
9
7
9
12
8
13
17
12
17
15
15
18
12
7
6
9
0
-6
-10
-7
-10
-7
-6
-8
-4
-5
-7
-5
-3
-7
-12
-16
-21
-22
-22
-20
-22
-23
-19
-18
-27
-36
-40
-39
-40
-42
-37
-39
-43
-43
-43
-49
-49
-52
-55
-57
-63
-66
-70
-73
-76
-82
-78
-73
-74
-67
-67
-66
-65
-67
-75
-75
-68
-74
-76
-80
-83
-81
-81
-75
-73
-78
-75
-74
-74
-75
-75
-75
-72
-66
-65
-63
-66
-64
-61
-58
-54
-49
-56
-58
-61
-64
-61
-62
-58
-54
-51
-51
-52
-46
-46
-45
-42
-35
-31
-38
-42
-46
-43
-37
-35
-30
-36
-29
-21
-17
-8
-13
-14
-15
-16
-8
-5
-7
-10
-17
-18
-15
-13
-7
-8
-11
0
7
3
9
4
-2
3
1
4
5
2
5
12
9
9
12
3
-9
-4
3
8
10
8
5
9
11
10
15
15
11
19
21
24
24
19
19
17
23
30
28
28
29
33
37
43
47
46
42
43
37
32
31
29
30
27
37
43
46
48
47
54
56
56
55
59
59
52
49
49
45
39
44
47
49
50
56
58
54
50
50
52
51
43
45
52
58
56
50
50
46
51
42
41
44
42
45
41
39
30
33
34
32
35
41
45
48
53
47
44
49
38
32
25
12
16
18
22
23
18
20
20
19
21
13
17
24
31
35
30
26
21
27
29
24
12
9
8
14
14
14
17
19
26
28
30
30
22
17
18
20
29
27
24
19
23
22
22
21
25
29
24
19
18
11
3
-2
-5
1
4
0
-5
-5
-6
-5
-4
-10
-12
-14
-18
-23
-32
-30
-32
-34
-32
-26
-23
-30
-28
-32
-31
-27
-29
-31
-30
-32
-41
-38
-39
-45
-54
-51
-48
-46
-42
-47
-44
-42
-38
-39
-48
-56
-61
-65
-65
-68
-67
-70
-69
-63
-58
-59
-62
-60
-60
-54
-53
-49
-54
-52
-55
-61
-56
-59
-62
-63
-63
-61
-58
-50
-46
-45
-48
-44
-43
-46
-43
-48
-48
-45
-47
-43
-41
-41
-41
-45
-50
-47
-46
-43
-38
-34
-33
-31
-23
-28
-28
-19
-23
-24
-30
-36
-24
-25
-26
-21
-17
-16
-12
-6
-1
-2
-8
-16
-17
-8
-6
-6
-6
-9
-5
-1
3
14
18
19
18
19
9
4
8
9
11
14
20
20
24
25
23
18
15
20
25
25
21
19
22
20
12
16
5
8
13
18
23
28
21
16
16
11
13
10
12
9
16
22
22
22
22
26
25
30
26
26
24
29
29
26
25
14
22
23
22
16
13
18
17
18
19
19
11
14
13
20
21
17
22
23
18
20
22
16
15
9
9
15
24
20
20
24
16
16
19
20
19
24
30
28
27
24
24
26
27
24
26
29
28
35
43
45
38
37
36
38
32
30
28
32
37
33
39
42
45
51
44
46
46
41
39
35
29
34
36
41
44
42
45
39
46
50
58
54
45
42
40
35
32
28
27
35
41
39
36
33
30
22
13
10
15
18
18
22
24
20
15
14
14
15
15
9
2
-1
1
-1
-8
-15
-15
-15
-13
-14
-14
-9
-1
0
-2
-2
0
-7
-13
-12
-14
-16
-19
-13
-13
-13
-11
-16
-20
-16
-18
-28
-29
-32
-29
-27
-31
-32
-37
-36
-37
-34
-34
-32
-35
-40
-36
-47
-49
-55
-56
-54
-50
-46
-40
-37
-38
-43
-40
-41
-42
-42
-48
-58
-64
-68
-72
-68
-57
-59
-58
-58
-63
-62
-61
-58
-57
-56
-55
-52
-56
-62
-66
-68
-65
-62
-55
-54
-57
-54
-51
-48
-49
-52
-51
-46
-44
-36
-40
-44
-41
-41
-39
-34
-26
-32
-24
-19
-23
-30
-29
-25
-22
-12
-13
-10
-17
-20
-11
1
5
4
12
9
11
7
1
9
5
6
8
8
12
12
11
11
11
3
0
8
8
4
3
9
9
4
8
16
12
12
5
-1
-1
5
9
7
10
9
10
3
11
19
15
17
14
16
19
12
13
13
14
21
25
30
32
36
37
39
36
38
34
37
40
43
52
48
45
40
37
39
41
39
44
41
37
36
39
45
43
46
41
46
47
44
40
37
33
33
41
40
38
40
30
30
29
31
30
29
34
33
35
35
31
31
34
34
35
30
27
23
20
22
19
18
16
14
17
24
31
33
34
28
25
27
28
32
30
29
26
27
34
37
40
38
39
36
29
31
39
39
38
34
29
27
23
25
29
29
32
39
38
35
33
36
34
37
36
28
21
25
16
8
7
-2
-3
-3
-5
-6
-3
3
5
4
2
2
-2
-6
-8
-11
-15
-19
-23
-28
-31
-27
-22
-18
-15
-16
-17
-15
-22
-27
-33
-34
-22
-29
-29
-26
-27
-29
-30
-32
-35
-38
-43
-41
-38
-40
-40
-39
-40
-42
-43
-43
-35
-37
-38
-37
-36
-40
-45
-46
-52
-49
-51
-51
-47
-47
-49
-46
-46
-46
-41
-46
-49
-46
-51
-50
-47
-44
-44
-50
-53
-54
-47
-44
-38
-40
-41
-37
-32
-36
-40
-40
-41
-38
-30
-31
-30
-31
-35
-35
-35
-33
-32
-38
-45
-45
-44
-43
-45
-46
-42
-34
-30
-27
-27
-25
-28
-38
-42
-41
-39
-34
-31
-28
-34
-35
-31
-25
-26
-26
-33
-35
-36
-34
-31
-29
-21
-26
-26
-25
-25
-22
-22
-20
-14
-8
-6
-12
-22
-23
-28
-24
-14
-9
-5
-4
0
1
0
1
6
5
8
17
11
15
12
11
18
27
39
42
49
56
57
53
55
47
47
51
52
53
51
57
52
58
59
60
67
64
69
68
66
63
64
68
69
69
61
60
65
62
64
61
65
68
68
67
60
65
64
63
65
67
70
70
71
68
69
66
68
72
74
70
70
71
71
69
68
66
73
71
65
65
65
67
60
49
48
51
47
50
50
44
42
45
46
47
50
44
40
38
40
32
22
22
20
19
22
22
20
21
18
17
20
19
18
11
8
5
2
3
2
3
2
-4
-7
-14
-15
-6
-8
-3
-4
-9
-13
-20
-23
-19
-14
-13
-17
-22
-20
-22
-24
-21
-20
-18
-18
-19
-20
-30
-36
-35
-34
-32
-33
-28
-35
-35
-38
-39
-34
-37
-42
-50
-47
-50
-47
-42
-43
-46
-43
-43
-43
-50
-54
-52
-56
-56
-62
-62
-54
-48
-51
-56
-55
-57
-64
-60
-56
-54
-56
-60
-58
-53
-53
-57
-51
-52
-51
-45
-42
-47
-56
-60
-57
-57
-54
-51
-43
-36
-36
-34
-33
-37
-34
-31
-30
-35
-38
-36
-41
-41
-41
-42
-44
-37
-33
-39
-40
-44
-45
-50
-53
-44
-49
-51
-49
-50
-49
-46
-49
-47
-45
-50
-54
-58
-58
-56
-52
-51
-43
-42
-36
-28
-30
-29
-31
-29
-32
-30
-30
-33
-30
-29
-23
-28
-33
-30
-26
-14
-16
-12
-9
3
10
13
12
8
4
1
5
2
2
0
5
3
6
11
11
17
23
27
32
