-24
-45
-38
-40
-37
-33
-29
-28
-24
-22
-20
-17
-19
-18
-15
-16
-14
-13
-7
-9
-6
-3
-4
4
4
5
4
-2
-10
-12
-10
-11
-18
-19
-18
-18
-19
-23
-25
-24
-21
-25
-18
-20
-24
-27
-28
-25
-29
-28
-27
-34
-35
-37
-39
-31
-33
-31
-32
-30
-32
-31
-29
-27
-26
-26
-21
-23
-18
-24
-23
-20
-24
-26
-30
-28
-28
-30
-31
-35
-31
-34
-36
-31
-35
-32
-36
-40
-41
-40
-33
-26
-25
-21
-19
-12
-9
-8
-3
1
4
10
6
4
0
-5
5
4
11
14
13
12
9
8
6
6
2
1
-2
-5
-7
-11
-6
-9
-5
-8
-6
-6
-17
-20
-26
-24
-22
-25
-22
-25
-32
-29
-26
-23
-20
-19
-22
-25
-23
-18
-16
-10
-2
0
2
5
5
2
5
12
12
17
18
21
19
24
31
31
29
27
24
34
37
39
39
44
44
39
39
40
47
52
64
63
65
63
66
70
70
76
76
76
80
81
78
77
79
76
73
73
75
80
72
76
76
74
75
70
72
66
63
67
65
64
64
62
56
48
48
45
48
46
41
34
30
29
28
29
20
23
11
6
10
3
3
-5
-14
-21
-24
-28
-27
-22
-18
-18
-15
-17
-19
-13
-16
-16
-17
-16
-8
-11
-17
-17
-14
-7
-3
-2
-2
3
2
1
4
7
9
9
14
17
16
18
19
19
21
15
18
19
22
30
26
22
18
21
23
22
23
14
8
10
-3
-3
-3
-2
-4
-5
-4
-5
-1
-7
-7
-7
-10
-12
-19
-25
-29
-30
-32
-33
-35
-38
-37
-39
-38
-37
-42
-49
-53
-48
-45
-49
-52
-54
-64
-69
-69
-65
-58
-58
-55
-55
-52
-45
-51
-50
-46
-44
-37
-40
-35
-30
-22
-21
-17
-13
-13
-7
-11
-7
-8
-9
-7
-8
-6
-2
-5
-11
-14
-12
-12
-12
-10
-19
-24
-26
-26
-33
-34
-34
-34
-32
-34
-34
-30
-37
-30
-29
-32
-31
-37
-32
-32
-33
-37
-38
-37
-26
-24
-22
-24
-29
-31
-40
-38
-36
-37
-35
-26
-23
-24
-29
-26
-16
-19
-17
-20
-23
-18
-27
-29
-27
-30
-28
-25
-25
-22
-19
-21
-17
-12
-11
-9
-8
-6
-1
2
9
3
6
7
8
11
9
13
18
23
26
27
28
36
38
45
47
50
50
46
47
38
35
37
31
30
26
28
38
38
39
36
42
40
40
40
40
36
29
26
17
9
9
5
4
5
1
-4
-2
6
2
2
6
6
3
-3
-7
-10
-9
-4
-4
-7
-15
-13
-13
-13
-11
-13
-15
-10
-11
-9
-8
-10
-8
-4
-3
-5
-7
-4
-6
-4
2
3
7
3
4
16
18
23
28
32
33
39
41
48
49
53
58
53
58
57
54
59
56
54
62
67
68
64
66
67
62
58
54
55
52
54
49
45
46
33
32
29
31
39
40
43
36
36
39
34
35
34
32
27
28
26
29
30
32
38
31
32
31
34
37
29
23
25
26
23
19
16
14
12
9
5
6
8
6
14
11
13
18
12
18
14
7
6
3
1
5
1
-2
-3
-5
-6
-7
-9
-5
-2
-6
-10
-5
-10
-14
-15
-21
-21
-26
-23
-24
-25
-23
-23
-23
-19
-21
-17
-18
-21
-22
-21
-27
-23
-26
-24
-28
-27
-19
-20
-17
-19
-15
-20
-19
-19
-22
-19
-21
-27
-27
-28
-27
-23
-27
-26
-30
-27
-28
-34
-32
-40
-42
-38
-35
-37
-37
-36
-34
-36
-40
-37
-43
-40
-38
-36
-33
-32
-28
-28
-20
-23
-18
-19
-19
-13
-13
-7
-11
-11
-18
-18
-20
-15
-12
-13
-4
-3
3
7
6
10
15
15
11
5
3
-2
-8
-8
-7
-5
-9
-8
-10
-13
-18
-24
-29
-32
-43
-43
-48
-48
-51
-54
-51
-52
-53
-54
-53
-62
-66
-67
-69
-69
-65
-57
-55
-53
-52
-50
-46
-44
-45
-43
-37
-41
-38
-35
-34
-29
-33
-29
-24
-25
-21
-22
-17
-17
-19
-18
-11
-7
-8
-10
-5
0
0
-1
-1
3
4
3
1
5
6
5
13
15
17
15
7
12
9
6
10
11
9
7
10
9
16
23
22
24
26
27
28
31
38
36
31
28
25
33
32
31
37
34
40
39
47
52
53
52
51
55
51
62
61
60
60
55
54
54
56
59
61
62
65
64
63
63
56
46
46
43
41
40
35
28
29
20
16
17
16
19
14
14
19
20
13
11
13
11
13
15
6
9
12
7
11
14
15
19
21
15
13
19
17
24
18
14
18
14
15
11
14
14
19
14
20
12
21
12
-29
-23
-21
-17
-15
-19
-11
-10
-8
-2
2
7
9
12
18
16
17
24
26
33
42
47
57
65
69
75
79
84
83
80
76
73
72
67
67
69
70
72
79
80
74
72
62
58
61
51
42
38
27
23
16
8
3
-8
-9
-18
-26
-30
-38
-45
-45
-44
-39
-43
-50
-53
-58
-66
-68
-66
-68
-72
-77
-80
-83
-82
-88
-88
-88
-90
-90
-86
-79
-80
-76
-72
-68
-65
-61
-55
-55
-50
-42
-41
-39
-38
-33
-28
-30
-24
-22
-24
-15
-16
-16
-9
-20
-22
-20
-26
-22
-22
-23
-20
-18
-21
-23
-21
-23
-21
-25
-24
-29
-32
-37
-36
-38
-41
-35
-40
-33
-33
-41
-40
-43
-37
-33
-36
-35
-37
-35
-33
-35
-32
-30
-30
-30
-33
-32
-27
-34
-36
-35
-39
-39
-41
-40
-33
-36
-39
-37
-34
-34
-35
-25
-21
-21
-23
-20
-10
-9
-2
0
-6
-7
-4
0
-1
-10
-11
-10
-13
-9
-8
-4
0
9
18
23
22
19
22
24
17
23
24
25
26
17
22
17
17
19
16
18
14
13
11
9
6
6
-2
-4
-1
3
6
11
16
19
19
19
28
25
32
23
23
17
10
12
9
9
6
10
8
8
6
10
16
20
24
21
26
26
27
25
22
29
26
26
20
18
18
8
17
16
14
14
13
14
10
17
24
19
25
28
28
33
30
36
37
34
39
41
41
35
33
32
31
30
36
39
42
39
33
35
32
26
24
16
16
21
23
20
16
21
21
23
20
23
20
18
20
19
18
14
14
18
22
24
28
29
29
29
35
36
42
45
48
46
46
41
45
42
36
38
34
31
34
36
33
28
28
22
20
23
20
17
23
24
29
32
36
40
44
47
42
36
34
33
21
14
9
0
0
-5
-13
-15
-10
-12
-9
-7
-10
-8
-14
-16
-17
-17
-18
-16
-19
-28
-24
-31
-39
-45
-49
-54
-57
-56
-62
-61
-57
-60
-60
-55
-49
-52
-46
-37
-34
-23
-20
-14
-11
-7
-2
-12
-17
-18
-17
-20
-16
-15
-15
-12
-15
-10
-3
0
-2
-2
0
0
3
-1
-4
-6
-8
-7
-3
-3
-9
-10
-11
-12
-12
-12
-15
-17
-20
-24
-31
-32
-35
-44
-46
-53
-51
-51
-48
-46
-51
-55
-60
-59
-54
-53
-60
-54
-55
-61
-58
-58
-61
-56
-49
-50
-51
-49
-39
-36
-33
-26
-20
-17
-12
-11
-9
-13
-14
-17
-24
-29
-30
-22
-23
-18
-15
-15
-11
-5
-5
0
1
-2
-6
-7
-5
-2
-4
-5
-5
-9
-5
-5
-1
1
0
-2
-10
-14
-16
-20
-20
-22
-20
-18
-23
-13
-11
-11
-7
6
14
10
12
7
13
11
11
7
7
7
4
0
-7
-7
-12
-11
-18
-19
-14
-10
-8
-5
-4
-8
-1
-5
2
9
7
15
7
5
7
12
13
14
20
18
17
19
22
31
36
39
42
51
52
54
58
62
63
65
69
72
74
80
77
70
70
73
71
68
66
68
61
63
66
58
52
47
45
46
45
49
54
51
51
55
56
54
53
52
51
43
30
30
32
28
29
24
24
28
23
16
16
20
23
18
9
8
10
11
4
0
-6
-7
-7
-6
1
7
12
6
4
4
-4
-13
-19
-16
-15
-8
-4
-4
-6
-4
8
8
8
16
17
12
18
25
31
33
34
37
37
40
37
31
33
36
30
24
24
31
38
42
48
51
45
55
63
57
55
52
46
44
36
20
18
17
14
10
2
-2
-3
-5
-11
-24
-27
-22
-26
-27
-30
-30
-30
-31
-30
-34
-36
-37
-45
-57
-59
-66
-73
-76
-76
-74
-74
-74
-79
-78
-81
-84
-84
-81
-84
-80
-79
-78
-70
-72
-71
-66
-62
-59
-51
-48
-55
-54
-49
-47
-47
-46
-42
-39
-36
-31
-26
-27
-23
-14
-16
-15
-14
-9
-7
-2
2
0
3
5
4
6
4
3
-1
-7
-9
-15
-17
-31
-38
-33
-27
-26
-33
-36
-33
-28
-25
-20
-22
-17
-18
-18
-14
-17
-19
-21
-25
-31
-41
-45
-51
-50
-47
-54
-50
-44
-44
-41
-33
-35
-25
-19
-12
-3
-11
-9
-5
-8
-6
0
0
0
-4
1
9
11
15
21
19
24
21
18
26
25
31
33
31
34
35
35
38
34
27
24
26
22
17
17
16
21
20
18
13
9
9
10
9
7
4
4
6
7
1
3
9
8
5
4
0
1
-8
-21
-23
-25
-27
-27
-30
-31
-30
-27
-26
-28
-33
-32
-31
-29
-22
-21
-20
-18
-7
1
3
10
12
11
7
9
4
3
8
6
4
6
8
14
19
32
39
41
51
54
58
60
66
75
78
76
76
75
71
69
74
71
66
61
47
49
54
55
51
47
49
54
61
62
68
72
66
71
62
56
57
57
46
33
28
23
15
8
-3
-8
-4
-4
-3
2
5
8
15
22
21
20
16
6
4
7
8
3
-5
-9
-11
-7
-11
-12
-5
-6
3
8
4
1
-3
1
-3
-2
-3
-6
1
8
15
16
18
19
24
16
14
11
9
14
14
17
18
12
8
5
6
0
-1
-3
-8
2
-1
-3
5
0
3
-5
-10
-2
-1
-3
-7
-11
-11
-15
-25
-36
-49
-49
-42
-45
-46
-44
-47
-43
-39
-37
-35
-35
-37
-36
-26
-33
-31
-31
-36
-28
-28
-30
-25
-26
-31
-39
-42
-41
-44
-44
-40
-37
-32
-25
-17
-19
-17
-15
-23
-24
-27
-30
-27
-27
-34
-45
-53
-58
-55
-52
-48
-47
-40
-34
-30
-29
-28
-25
-22
-15
-12
-5
-4
-7
-4
0
3
3
2
2
-5
-9
-11
-15
-11
-9
-2
-2
8
22
28
30
26
16
14
14
15
11
5
7
1
2
0
-8
-4
-9
-7
-8
-10
-12
-10
-7
-11
-19
-24
-25
-26
-27
-25
-21
-21
-13
-13
-11
-7
-8
-4
-2
-8
-5
-7
-7
-7
-11
-6
-10
-9
-17
-17
-8
-9
1
10
15
18
24
26
26
32
40
44
46
42
37
36
40
37
33
25
17
9
2
-4
-11
-16
-17
-6
0
11
14
20
23
28
28
28
32
25
26
21
11
9
9
12
3
5
7
4
4
5
20
26
27
29
32
35
41
45
39
38
36
36
41
38
29
20
8
2
2
3
9
17
28
29
27
30
28
25
21
24
20
14
8
3
3
5
9
5
6
0
2
7
11
18
14
8
0
-5
-7
-9
-15
-18
-19
-17
-20
-22
-25
-21
-12
-11
2
3
-2
-3
5
2
3
1
-1
5
-3
-10
-15
-21
-25
-26
-20
-21
-15
-9
-5
8
11
19
24
24
25
24
25
26
34
31
33
32
31
33
23
14
8
8
10
12
10
6
4
6
14
20
24
27
22
27
28
17
11
2
-7
-14
-19
-26
-38
-45
-34
-32
-30
-21
-22
-20
-19
-22
-19
-12
-6
-3
-1
-6
-10
-6
0
3
3
-9
-20
-14
-12
-13
-15
-10
2
4
4
7
10
10
13
17
19
14
6
0
-6
-6
-10
-17
-15
-11
-8
-5
-11
-13
-9
-3
-4
-9
-15
-24
-32
-32
-26
-28
-31
-30
-33
-36
-30
-28
-26
-29
-28
-18
-11
-7
-7
-8
-7
-15
-20
-15
-20
-21
-21
-26
-29
-24
-20
-18
-15
-11
-6
4
-1
5
4
4
8
10
13
11
9
-3
-7
-10
-17
-20
-26
-24
-17
-13
-12
-15
-19
-8
7
15
19
24
30
35
34
31
29
21
10
1
-4
-10
-12
-18
-23
-17
-17
-8
-6
-11
-9
-8
-10
-6
-10
-5
-2
-4
-4
-6
-4
-13
-13
-20
-24
-27
-32
-34
-38
-39
-32
-22
-15
-6
3
6
10
9
8
11
2
0
-7
-8
-3
-8
-6
-5
3
4
2
4
3
-2
-4
1
-9
-11
-14
-14
-15
-21
-24
-24
-27
-24
-21
-25
-21
-22
-17
-7
4
7
8
7
3
2
-4
-8
-14
-22
-26
-27
-26
-27
-26
-21
-9
-1
0
8
13
15
21
17
16
20
15
14
14
13
9
10
5
-9
-19
-27
-25
-14
-2
4
11
20
35
41
47
46
38
39
39
40
33
18
3
-6
-6
-5
-4
-2
2
8
13
10
0
0
7
11
9
6
16
19
24
27
22
22
17
15
12
3
-5
-3
-1
4
10
10
17
21
23
24
30
38
38
38
43
41
32
32
37
47
54
48
49
49
55
60
61
60
57
55
51
56
57
47
38
35
36
37
40
27
25
27
23
31
37
39
46
55
57
59
64
62
56
43
29
22
11
7
6
4
4
8
11
18
17
22
25
25
31
34
29
33
31
28
23
16
16
9
8
2
-8
-12
-20
-30
-36
-41
-38
-33
-29
-18
-8
6
9
12
15
10
5
-4
-8
-13
-26
-35
-44
-44
-51
-52
-48
-48
-43
-51
-49
-45
-39
-42
-41
-42
-36
-35
-45
-43
-42
-44
-44
-42
-48
-52
-49
-56
-58
-57
-54
-47
-51
-44
-34
-29
-24
-25
-24
-26
-27
-29
-36
-35
-40
-37
-38
-38
-32
-32
-30
-37
-37
-44
-43
-48
-46
-41
-47
-44
-52
-54
-52
-51
-53
-48
-57
-57
-49
-47
-37
-30
-25
-25
-21
-14
-15
-14
-15
-23
-22
-24
-27
-32
-38
-40
-45
-47
-39
-36
-29
-23
-24
-17
-12
-5
2
4
2
0
0
-7
-4
-11
-22
-28
-25
-15
-22
-26
-33
-24
-14
-1
7
12
20
26
29
28
25
17
18
16
10
1
2
-2
-9
-20
-35
-37
-31
-30
-26
-17
-6
1
10
20
22
15
10
10
13
13
9
0
-5
0
-3
-6
-4
-3
3
12
15
21
24
29
38
45
44
34
26
28
31
34
33
29
24
26
31
33
31
35
39
37
43
40
34
22
16
16
14
19
14
6
4
11
19
14
12
18
24
36
37
37
37
37
42
40
39
44
47
48
42
34
38
37
37
36
30
36
47
60
67
68
75
82
86
83
71
65
68
75
72
73
67
59
52
49
47
47
46
43
47
44
44
44
48
55
60
62
62
63
55
53
46
35
21
18
16
13
17
10
3
2
4
13
23
34
41
45
44
40
31
31
26
15
16
10
4
-2
-5
-5
-2
-10
-13
-15
-17
-9
-9
-4
-3
0
0
0
-1
-7
-6
-6
-7
-11
-17
-19
-24
-28
-29
-35
-42
-42
-38
-34
-31
-32
-36
-35
-30
-33
-29
-28
-44
-46
-55
-53
-50
-50
-46
-43
-40
-39
-32
-28
-18
-20
-21
-22
-22
-22
-21
-23
-31
-30
-40
-39
-35
-37
-34
-34
-34
-28
-24
-19
-18
-18
-18
-21
-15
-11
-17
-12
-21
-20
-19
-23
-23
-26
-20
-17
-16
-13
-8
0
-1
-3
-1
-11
-21
-25
-28
-22
-18
-21
-22
-23
-35
-42
-45
-53
-47
-45
-45
-41
-33
-33
-25
-22
-26
-23
-21
-19
-22
-29
-29
-33
-32
-35
-46
-48
-52
-55
-49
-40
-33
-32
-36
-38
-36
-36
-34
-32
-37
-30
-30
-34
-40
-47
-50
-53
-53
-52
-48
-45
-44
-49
-50
-46
-39
-31
-23
-20
-15
-12
-12
-14
-16
-13
-14
-21
-23
-20
-6
1
7
13
17
20
27
34
30
37
43
43
45
35
24
20
21
22
33
34
27
24
29
35
32
32
26
28
30
30
35
33
26
23
27
30
31
30
30
31
35
36
34
36
31
35
33
24
24
24
23
20
19
20
19
22
28
28
19
19
17
19
21
14
10
16
33
34
34
31
27
27
27
30
30
24
26
23
24
27
27
32
40
42
43
43
38
43
48
44
36
34
39
36
39
40
37
43
46
48
44
46
49
43
33
33
31
31
30
26
27
31
37
44
41
43
41
36
28
23
16
13
10
4
8
8
8
7
7
21
29
29
34
33
31
29
19
20
18
17
19
12
13
7
5
4
2
5
5
4
6
7
8
11
10
13
11
17
24
25
19
19
18
13
7
1
-9
-20
-17
-14
-14
-16
-23
-26
-19
-16
-17
-17
-16
-19
-21
-22
-22
-21
-22
-25
-28
-30
-35
-30
-30
-38
-36
-34
-33
-34
-32
-31
-37
-38
-35
-38
-43
-40
-45
-41
-36
-30
-25
-31
-25
-26
-18
-23
-22
-24
-33
-36
-42
-47
-55
-57
-56
-53
-45
-37
-37
-31
-33
-37
-42
-36
-34
-39
-40
-39
-35
-31
-28
-25
-23
-23
-26
-30
-34
-39
-41
-43
-48
-50
-45
-42
-32
-25
-25
-19
-11
-8
-11
-15
-20
-18
-16
-17
-16
-16
-21
-20
-21
-22
-19
-20
-14
-11
-10
-13
-2
3
10
8
2
3
0
-2
-1
-8
-16
-11
-11
-7
-18
-26
-22
-22
-10
-12
-10
-3
-6
-3
-1
1
2
7
7
10
20
24
24
19
15
16
17
15
15
10
4
2
2
-3
-3
-5
-4
8
8
9
7
7
7
12
10
8
16
12
19
13
11
17
19
23
14
14
16
8
6
-8
-11
-16
-17
-10
-10
-4
-7
-8
-5
0
0
5
5
10
8
5
-5
-3
-5
-8
-6
-12
-5
-7
1
13
8
7
10
15
16
21
28
29
31
35
48
58
59
61
64
62
65
63
60
58
51
51
42
38
37
48
61
64
62
55
57
60
58
56
56
60
61
60
58
59
50
57
58
62
61
46
43
34
26
21
16
9
15
17
19
13
9
18
15
19
13
6
4
0
-5
-8
-14
-25
-25
-28
-28
-21
-25
-24
-24
-16
-20
-25
-28
-37
-34
-34
-38
-38
-42
-38
-35
-33
-20
-11
-8
-6
-8
-11
-12
-14
-25
-34
-36
-30
-25
-21
-14
-12
1
12
19
23
22
25
28
33
27
19
24
27
24
18
17
18
15
17
12
10
7
3
-3
-5
-5
-3
5
15
23
33
35
29
34
29
23
16
5
0
-4
-14
-17
-19
-23
-18
-24
-27
-30
-30
-21
-20
-22
-23
-25
-26
-28
-27
-27
-22
-24
-26
-27
-25
-25
-27
-24
-33
-40
-41
-45
-52
-50
-54
-51
-43
-36
-29
-23
-20
-20
-18
-21
-27
-34
-33
-32
-32
-31
-24
-32
-31
-33
-32
-30
-31
-26
-21
-25
-33
-35
-39
-35
-31
-32
-38
-37
-33
-32
-29
-29
-25
-26
-28
-23
-17
-16
-21
-16
-14
-17
-18
-27
-31
-38
-40
-33
-34
-35
-31
-32
-30
-30
-27
-23
-17
-15
-17
-20
-24
-30
-28
-31
-31
-16
-13
-7
-3
-2
-2
7
9
-1
-7
-6
-9
-8
-7
-14
-14
-13
-14
-19
-20
-18
-20
-23
-25
-30
-31
-29
-31
-39
-35
-33
-32
-25
-25
-24
-23
-13
-16
-13
-15
-14
-10
-9
-17
-8
-9
-15
-15
-30
-22
-30
-33
-40
-46
-44
-44
-43
-46
-41
-36
-29
-25
-23
-15
-12
-12
-3
2
11
16
20
17
6
-1
-9
-9
-16
-16
-13
-12
-9
-4
-10
-9
2
8
14
17
23
24
27
26
31
35
40
45
47
56
56
58
52
50
49
38
31
32
19
16
21
16
21
25
30
39
45
41
48
47
46
48
49
52
52
53
55
61
58
56
49
43
47
40
34
32
30
26
22
24
26
32
37
37
47
50
54
55
43
40
36
39
42
41
43
49
49
53
50
51
59
55
57
63
67
67
65
68
64
62
64
59
54
51
43
37
34
32
29
26
30
36
41
47
50
46
41
45
45
42
42
39
35
32
29
17
9
7
5
0
-5
-8
-18
-20
-21
-22
-18
-21
-20
-14
-15
-12
-8
-3
2
0
2
8
2
2
7
4
0
-2
-6
-14
-20
-29
-29
-24
-24
-20
-20
-23
-17
-16
-18
-15
-16
-13
-9
-6
-2
-6
-9
-9
-17
-19
-22
-29
-26
-32
-45
-49
-64
-65
-62
-64
-67
-65
-69
-73
-66
-73
-69
-65
-58
-54
-50
-36
-36
-33
-31
-39
-44
-48
-52
-50
-48
-50
-52
-52
-52
-48
-43
-43
-39
-34
-25
-19
-16
-11
-7
-7
-3
3
4
12
10
5
4
2
1
4
4
-4
-2
1
5
11
5
3
10
10
16
17
16
21
21
27
23
23
28
29
27
26
19
17
14
12
5
2
5
3
7
8
4
-8
-9
-6
-6
-6
-11
-12
-8
-4
4
10
6
6
7
8
4
1
-6
-9
-19
-24
-20
-13
-8
-4
1
3
6
11
10
14
15
12
5
12
12
14
18
19
29
28
37
42
41
41
41
45
46
48
51
48
43
45
46
52
54
52
57
59
66
68
66
64
63
64
61
59
55
52
51
51
51
47
48
41
34
30
24
22
27
31
29
20
16
15
10
3
-7
-20
-29
-28
-35
-39
-42
-47
-48
-48
-45
-43
-47
-52
-54
-56
-53
-45
-44
-47
-46
-42
-40
-40
-32
-34
-40
-38
-45
-41
-37
-34
-27
-20
-11
-1
8
12
13
16
20
28
32
35
36
27
35
33
36
37
32
33
39
46
46
44
41
36
36
35
30
34
35
39
40
37
46
58
60
65
62
57
59
58
59
54
46
38
27
25
22
21
19
16
20
23
26
28
29
23
22
24
24
23
17
10
0
-11
-13
-16
-17
-13
-19
-23
-30
-41
-48
-59
-71
-79
-79
-77
-75
-69
-62
-57
-49
-49
-57
-62
-66
-66
-73
-74
-74
-76
-69
-74
-73
-72
-74
-64
-66
-67
-72
-68
-62
-64
-66
-62
-58
-49
-41
-35
-34
-33
-25
-20
-20
-23
-24
-30
-41
-49
-48
-45
-40
-33
-26
-22
-14
-6
-1
7
0
-2
0
-2
5
10
12
22
17
21
32
30
28
18
13
18
16
19
18
7
0
-1
-1
-1
1
-6
-3
-3
3
3
-4
-2
-1
10
10
13
12
7
8
0
2
-1
-8
-11
-12
-11
-2
3
17
24
23
36
40
47
54
54
57
51
50
45
40
35
25
22
18
25
18
15
11
2
2
-7
-19
-32
-39
-37
-38
-45
-47
-47
-42
-45
-50
-49
-53
-50
-52
-52
-52
-60
-61
-65
-69
-69
-71
-74
-73
-73
-66
-63
-61
-54
-48
-47
-41
-35
-35
-39
-47
-48
-50
-42
-39
-39
-36
-30
-29
-27
-24
-23
-17
-19
-16
-1
9
17
17
19
35
47
57
70
85
83
81
82
84
84
70
67
65
65
71
73
75
73
77
76
74
72
65
67
66
62
61
65
69
63
55
47
34
30
33
28
20
11
3
4
-2
-11
-10
-16
-14
-11
-12
-5
-10
-17
-15
-20
-28
-38
-44
-46
-53
-60
-67
-68
-58
-56
-49
-47
-51
-52
-52
-48
-51
-53
-52
-50
-42
-43
-46
-46
-41
-36
-36
-32
-30
-27
-23
-13
-1
11
18
20
24
29
22
21
24
20
24
34
44
47
50
52
57
62
68
76
78
84
88
90
89
90
87
89
91
82
75
75
76
81
78
72
66
63
65
66
60
53
44
32
28
25
19
17
15
15
17
12
6
5
2
-3
-6
-4
-4
3
2
1
5
15
21
22
24
19
29
33
36
30
27
27
24
32
34
36
38
46
61
67
74
78
80
80
79
83
92
102
108
110
110
111
117
117
112
112
102
94
91
76
66
61
56
53
61
69
62
64
66
68
60
54
51
50
40
31
25
22
22
14
16
9
4
-4
-8
-9
-15
-17
-23
-31
-40
-44
-47
-52
-58
-66
-71
-72
-76
-76
-82
-84
-84
-82
-77
-83
-84
-80
-68
-57
-59
-61
-65
-62
-67
-79
-82
-89
-91
-93
-96
-84
-76
-62
-58
-54
-50
-48
-38
-37
-42
-44
-45
-46
-38
-32
-31
-33
-39
-43
-41
-41
-52
-54
-64
-70
-62
-58
-53
-49
-47
-46
-41
-38
-44
-51
-67
-74
-80
-87
-88
-94
-95
-93
-86
-78
-78
-76
-77
-84
-83
-81
-74
-72
-72
-70
-61
-53
-53
-48
-46
-45
-43
-44
-48
-52
-47
-40
-36
-31
-22
-15
-3
0
-2
0
4
10
14
14
15
20
15
8
-3
-3
-3
-4
1
-3
-2
2
0
-3
-5
-7
-9
-9
-11
-14
-8
-8
-4
-6
-10
-13
-14
-17
-14
-20
-21
-17
-20
-12
-12
-14
-25
-32
-43
-47
-54
-68
-79
-86
-83
-77
-67
-63
-60
-54
-52
-46
-35
-31
-27
-18
-13
-4
2
3
2
4
3
3
3
0
1
5
6
13
28
29
45
61
65
77
85
93
107
112
111
114
115
117
118
114
110
104
101
96
94
95
92
92
91
95
94
98
98
97
102
109
108
106
109
104
111
98
90
79
65
66
67
68
71
63
62
62
56
54
41
33
23
18
20
15
15
20
13
13
15
20
17
8
9
9
12
7
2
-2
-4
-3
3
7
8
9
10
13
8
8
9
17
11
11
11
10
13
15
24
24
26
22
28
33
38
44
42
49
50
54
58
59
60
59
53
49
51
46
45
42
35
33
31
26
20
15
13
8
2
-8
-12
-17
-20
-29
-39
-47
-54
-61
-61
-65
-67
-65
-76
-80
-85
-97
-101
-104
-113
-113
-114
-117
-117
-119
-117
-118
-117
-118
-117
-115
-111
-105
-108
-104
-106
-94
-85
-83
-79
-74
-74
-78
-72
-75
-69
-68
-66
-62
-66
-69
-64
-58
-53
-41
-38
-20
-12
-11
-5
-1
9
6
5
-1
1
0
-9
-18
-23
-24
-22
-29
-34
-28
-33
-28
-28
-32
-35
-37
-41
-45
-49
-52
-52
-50
-51
-50
-55
-56
-50
-52
-56
-59
-59
-62
-61
-66
-71
-63
-62
-65
-58
-56
-56
-53
-47
-40
-30
-20
-20
-21
-19
-23
-24
-21
-18
-14
-9
-10
-17
-10
-7
-15
-17
-22
-19
-19
-22
-17
-14
-11
-8
-6
-7
-5
2
-1
-5
-7
-5
-5
-9
-15
-20
-21
-19
-21
-20
-22
-26
-23
-18
-9
0
2
2
4
5
2
4
5
8
12
12
7
9
17
15
21
18
24
42
55
67
75
79
85
100
104
109
112
113
118
118
119
119
120
125
124
121
119
116
115
117
111
111
111
109
118
119
120
123
129
133
128
130
121
113
106
105
108
102
91
85
78
74
77
77
72
62
64
61
52
47
41
40
42
52
61
54
51
40
42
46
43
39
33
36
34
35
36
28
31
28
22
15
13
6
1
-2
-5
-7
-13
-3
-2
4
7
8
14
15
22
15
15
14
14
21
15
11
7
5
3
8
6
0
4
7
6
0
4
9
9
4
4
13
21
18
18
18
10
11
6
1
1
-3
0
-3
-4
-9
-13
-14
-22
-20
-25
-32
-37
-44
-46
-48
-46
-45
-48
-49
-51
-52
-55
-61
-70
-73
-73
-76
-77
-71
-69
-71
-71
-71
-68
-83
-88
-92
-101
-100
-103
-108
-112
-104
-101
-102
-105
-105
-98
-92
-91
-91
-91
-96
-94
-99
-98
-101
-103
-94
-87
-80
-79
-80
-77
-75
-75
-75
-71
-71
-57
-58
-53
-50
-45
-39
-33
-28
-28
-25
-22
-19
-19
-17
-12
-10
-4
0
-2
-1
0
2
2
3
5
10
15
15
11
10
8
9
8
12
16
12
8
7
11
8
14
13
12
21
21
27
23
17
10
13
16
11
13
8
10
4
4
10
12
17
23
22
23
29
25
19
16
14
13
13
13
17
20
13
4
5
7
6
8
1
5
11
15
20
21
18
20
19
19
19
28
25
20
27
22
26
25
22
18
21
24
27
31
31
27
21
26
26
28
30
33
35
33
39
41
36
30
29
29
29
33
34
36
34
33
39
36
37
43
42
45
47
51
52
47
46
52
58
60
63
64
63
59
64
71
66
65
67
60
64
71
73
74
76
73
79
82
74
71
56
53
47
44
42
35
39
42
46
50
49
48
44
30
24
22
15
12
4
-2
-4
-7
-12
-20
-26
-35
-39
-39
-46
-50
-57
-54
-59
-62
-59
-55
-57
-54
-42
-46
-52
-57
-56
-64
-73
-81
-86
-87
-92
-91
-89
-87
-82
-80
-75
-70
-61
-63
-65
-68
-70
-59
-56
-52
-52
-46
-47
-42
-38
-43
-38
-33
-28
-25
-21
-25
-25
-20
-28
-23
-17
-10
-6
-1
4
4
10
11
14
18
22
24
26
28
28
30
29
23
22
22
23
29
18
21
27
21
24
23
24
19
16
8
5
4
-6
-9
-9
-10
-11
-10
-4
-13
-12
-2
-7
-7
-5
-7
-9
-7
-4
-2
12
13
18
25
19
22
24
21
18
13
14
17
22
24
17
16
14
17
13
10
4
-5
0
2
10
11
20
25
35
34
36
37
24
21
16
13
5
6
10
10
13
3
2
4
-2
5
2
-4
5
0
5
0
-3
5
4
7
11
17
15
5
2
-5
-8
-18
-27
-24
-23
-21
-20
-12
-14
-8
-11
-14
-10
-13
-14
-12
-6
-10
-4
-8
-11
1
0
3
7
5
1
-1
-8
-6
-6
-11
-17
-25
-22
-22
-20
-15
-18
-17
-16
-10
-7
-10
-7
-13
-9
-9
-12
-6
-7
0
8
17
24
26
30
34
37
40
35
31
34
31
28
21
17
13
10
8
7
15
14
11
11
4
3
3
0
-3
-9
-14
-16
-13
-18
-20
-30
-42
-42
-39
-39
-32
-39
-47
-44
-44
-41
-41
-44
-52
-59
-65
-66
-63
-63
-63
-58
-62
-60
-53
-56
-58
-63
-61
-53
-51
-47
-46
-46
-40
-46
-42
-31
-25
-19
-15
-6
6
8
8
5
9
15
13
18
19
18
26
30
34
27
31
23
15
12
8
8
6
9
7
4
-2
0
-1
4
7
3
3
3
0
1
5
2
2
0
12
12
6
12
6
0
-6
-13
-17
-15
-12
-10
-4
-1
7
14
24
29
37
41
47
47
47
60
56
60
63
60
60
52
54
53
52
53
52
55
56
61
59
64
63
55
52
48
55
50
52
52
50
53
49
49
49
43
39
37
40
40
38
42
35
33
31
27
34
29
26
24
23
29
24
27
23
19
20
29
37
37
40
38
35
42
35
24
21
15
8
0
5
2
-1
5
1
-1
10
18
23
33
35
41
34
32
26
26
26
22
22
20
21
20
20
19
20
16
20
21
18
18
21
25
26
32
30
25
27
23
24
25
23
21
26
20
16
19
19
20
14
10
2
-8
-15
-15
-20
-22
-24
-31
-29
-26
-32
-28
-25
-26
-24
-25
-22
-19
-18
-19
-25
-22
-24
-27
-28
-34
-41
-41
-43
-45
-50
-51
-54
-63
-59
-61
-64
-59
-62
-62
-60
-54
-51
-48
-47
-46
-38
-43
-47
-43
-53
-55
-63
-62
-68
-72
-69
-68
-68
-65
-55
-55
-52
-52
-50
-46
-45
-38
-41
-39
-39
-39
-40
-43
-46
-44
-42
-46
-46
-40
-36
-41
-39
-42
-39
-35
-44
-48
-52
-52
-49
-53
-53
-52
-54
-49
-48
-47
-49
-44
-40
-46
-42
-40
-39
-37
-37
-36
-37
-33
-37
-40
-37
-33
-34
-35
-26
-25
-20
-21
-21
-14
-15
-20
-13
-15
-10
-9
-8
2
-3
1
1
3
3
0
8
7
4
7
7
10
13
11
14
19
26
32
43
46
52
52
48
57
58
58
56
54
63
64
68
69
75
80
85
91
86
89
87
87
84
76
74
69
71
65
62
66
62
62
57
58
61
64
65
65
68
64
61
59
50
54
47
39
37
34
32
31
29
26
28
20
29
25
21
23
22
24
26
34
30
33
28
25
28
26
30
27
26
20
16
15
17
20
21
16
17
21
26
26
19
16
20
28
25
23
26
28
20
20
20
12
13
14
11
17
14
19
28
21
21
17
15
21
23
22
31
29
28
35
35
36
36
36
39
32
31
33
28
26
20
11
11
4
-3
-4
-13
-11
-9
-14
-13
-12
-15
-14
-15
-16
-25
-24
-24
-35
-36
-36
-42
-45
-50
-52
-59
-64
-63
-65
-69
-67
-65
-66
-63
-65
-66
-63
-64
-64
-65
-59
-63
-66
-61
-63
-63
-64
-57
-66
-70
-67
-66
-61
-58
-54
-56
-55
-52
-43
-35
-31
-25
-19
-12
-2
-1
4
1
-3
2
-1
5
3
8
5
-1
0
-7
-9
-7
-5
8
-2
-10
-8
-18
-15
-12
-18
-24
-25
-27
-23
-24
-27
-36
-37
-38
-47
-44
-44
-51
-53
-63
-64
-60
-63
-69
-76
-76
-77
-84
-79
-78
-81
-76
-71
-67
-57
-55
-50
-43
-37
-24
-20
-19
-16
-21
-27
-25
-16
-14
-11
-7
-11
-14
-15
-14
-9
-4
-8
0
1
-1
-2
-2
0
3
5
11
13
15
25
23
30
33
45
45
39
42
43
42
44
42
41
41
46
46
45
49
41
46
46
47
40
39
45
42
50
50
51
57
61
65
58
60
60
52
50
47
48
45
43
37
32
33
34
26
28
32
37
38
39
38
38
40
34
27
29
25
21
28
19
12
6
3
2
-4
-6
-5
-10
-3
-2
0
0
0
-2
-4
-6
0
4
6
12
10
10
5
10
15
14
13
18
20
19
16
13
13
8
14
11
7
6
3
6
4
1
4
9
9
8
12
13
11
17
14
14
21
23
23
22
17
11
4
-1
-4
-9
-11
-15
-15
-15
-12
-14
-8
-8
-9
-4
-9
-4
-4
-3
-6
-6
-4
-2
-6
-3
-3
0
-1
-4
4
4
6
12
13
7
11
10
9
11
15
21
27
30
31
34
33
30
38
36
32
28
27
30
22
22
21
19
14
10
11
5
-3
-9
-13
-16
-23
-24
-30
-33
-35
-47
-50
-52
-58
-63
-67
-65
-64
-63
-56
-56
-58
-63
-60
-60
-58
-58
-61
-67
-67
-66
-63
-57
-64
-58
-56
-54
-41
-41
-38
-35
-35
-28
-28
-31
-33
-25
-26
-23
-19
-16
-8
-6
-6
-10
-7
-2
-1
4
4
8
18
27
30
30
30
41
39
42
40
41
39
34
40
36
36
33
35
39
43
43
36
39
39
29
29
28
18
9
10
16
12
8
9
7
2
-4
-10
-14
-18
-20
-24
-28
-31
-31
-25
-28
-39
-44
-45
-48
-45
-44
-46
-37
-37
-44
-42
-35
-36
-37
-42
-39
-40
-44
-39
-39
-39
-35
-33
-30
-29
-26
-23
-13
-15
-16
-9
-1
4
10
12
14
22
29
31
40
41
42
48
46
55
56
55
57
64
65
68
72
75
76
71
75
70
69
73
64
66
63
65
62
59
55
48
49
41
38
35
28
29
19
15
12
1
3
-3
-6
-6
-4
-3
-5
-2
0
-10
-14
-21
-30
-35
-35
-35
-40
-40
-45
-44
-41
-39
-38
-41
-38
-40
-42
-38
-37
-43
-44
-39
-44
-49
-41
-41
-39
-34
-30
-31
-35
-28
-35
-32
-23
-21
-18
-22
-20
-19
-18
-16
-14
-14
-9
-4
-4
1
1
-3
-1
-2
-2
-2
-5
-11
-8
-5
-1
6
10
22
23
20
22
27
25
25
29
28
20
15
16
13
18
16
23
29
30
33
34
30
22
26
25
27
30
28
23
28
23
20
23
19
16
18
16
15
16
11
15
14
16
18
22
25
22
30
29
36
33
32
42
39
40
42
47
48
53
47
50
46
42
48
43
48
50
52
56
54
55
60
61
55
60
59
55
55
55
57
47
42
34
29
30
20
26
26
24
18
5
-1
-9
-12
-24
-26
-34
-34
-31
-34
-38
-41
-38
-40
-40
-34
-34
-31
-30
-36
-32
-34
-31
-36
-30
-25
-32
-31
-32
-24
-24
-29
-29
-36
-35
-35
-38
-40
-41
-42
-40
-36
-38
-31
-24
-22
-24
-23
-23
-26
-29
-31
-23
-20
-17
-15
-16
-13
-9
-7
0
-3
-2
-1
3
10
8
6
-3
-14
-12
-9
-8
-5
-9
-10
-16
-18
-15
-16
-16
-18
-20
-22
-23
-24
-26
-33
-42
-43
-42
-45
-53
-49
-52
-53
-49
-58
-52
-54
-53
-54
-57
-57
-57
-53
-53
-58
-63
-66
-67
-67
-67
-71
-79
-71
-66
-61
-53
-57
-49
-47
-44
-42
-43
-43
-40
-31
-30
-27
-23
-19
-8
-4
3
6
-2
7
7
8
5
-6
-3
-4
2
4
3
12
10
9
6
8
5
3
-3
-8
-9
-12
-15
-22
-21
-22
-22
-17
-14
-6
-8
-8
-8
-7
-10
-9
-10
-12
-16
-16
-16
-19
-17
-17
-10
-6
-7
-6
-4
-5
1
7
5
5
5
8
1
2
1
-1
2
3
0
2
10
13
17
25
31
34
35
40
42
45
48
46
52
57
54
54
52
54
53
52
53
51
55
53
56
64
64
66
69
67
72
73
71
72
74
73
75
77
76
76
70
72
73
77
79
79
83
78
73
70
66
60
60
58
61
62
60
63
60
56
51
44
44
47
44
45
44
42
44
45
42
44
35
33
35
30
30
26
26
24
24
17
14
13
12
13
26
25
24
27
29
30
28
25
24
18
14
9
8
13
10
8
7
4
4
12
17
19
21
25
25
23
29
30
26
22
21
23
26
27
28
30
29
25
24
23
15
15
9
2
4
6
7
9
2
-6
-4
-9
-7
-2
-8
-6
-7
-11
-6
-12
-16
-16
-18
-20
-25
-21
-23
-29
-28
-35
-36
-31
-34
-41
-47
-50
-57
-55
-58
-59
-58
-59
-62
-63
-54
-58
-60
-62
-68
-68
-68
-70
-67
-69
-76
-74
-74
-76
-76
-80
-80
-81
-84
-87
-84
-85
-83
-81
-88
-86
-89
-84
-81
-81
-85
-88
-80
-84
-87
-79
-79
-84
-86
-85
-90
-88
-87
-85
-81
-78
-77
-80
-83
-81
-77
-73
-66
-62
-58
-60
-63
-61
-56
-62
-58
-51
-53
-43
-39
-38
-35
-33
-31
-32
-24
-25
-23
-18
-20
-12
-15
-13
-13
-12
-3
-2
2
2
-1
3
3
13
22
23
28
26
36
33
25
24
18
19
22
19
27
32
36
39
42
53
60
63
65
62
61
60
59
57
56
59
53
54
56
51
58
63
63
63
61
62
57
58
62
59
57
54
59
62
57
56
55
58
59
59
63
64
62
62
58
57
57
57
57
51
50
53
53
54
50
54
51
51
46
43
46
45
47
44
43
46
54
57
56
55
51
47
44
42
40
40
40
44
44
44
48
48
53
52
52
47
51
60
60
62
59
57
60
64
66
68
66
68
69
71
68
68
65
65
67
65
63
57
59
56
57
56
53
52
48
47
38
34
31
29
26
25
22
19
14
13
10
10
4
-3
-1
-11
-13
-14
-19
-20
-19
-19
-22
-23
-29
-26
-25
-38
-38
-38
-44
-46
-52
-53
-51
-58
-56
-59
-66
-60
-62
-63
-68
-68
-66
-66
-68
-73
-72
-75
-63
-56
-57
-56
-53
-53
-53
-54
-45
-38
-40
-33
-33
-31
-38
-39
-41
-42
-47
-37
-31
-29
-17
-25
-23
-19
-19
-17
-13
-14
-15
-20
-27
-28
-28
-28
-35
-43
-42
-45
-42
-45
-45
-42
-47
-41
-46
-53
-58
-64
-65
-71
-70
-71
-80
-79
-77
-81
-74
-72
-71
-58
-56
-56
-58
-53
-56
-52
-48
-57
-57
-56
-59
-58
-60
-65
-61
-55
-52
-48
-46
-40
-37
-38
-37
-36
-35
-37
-28
-31
-30
-26
-28
-19
-21
-17
-18
-18
-18
-19
-16
-16
-10
-4
-4
-2
0
-1
-6
-4
8
4
5
6
1
2
5
4
4
8
15
12
6
3
-5
-1
4
5
5
6
2
1
-1
1
1
-6
5
8
16
24
26
29
27
31
32
36
39
35
36
39
42
35
33
31
26
31
30
40
35
36
39
37
38
43
47
44
48
43
43
46
50
51
51
53
53
57
53
53
56
59
59
60
53
50
48
45
43
44
44
38
38
37
38
41
40
38
34
31
29
25
25
19
20
15
21
23
21
24
28
29
22
30
31
27
24
24
25
23
25
22
19
22
22
32
32
32
29
33
29
25
19
14
10
11
14
18
19
18
29
24
23
26
23
21
23
17
13
9
14
16
20
28
35
41
43
45
44
42
37
36
27
23
14
12
11
11
13
5
6
11
6
7
7
6
5
1
-6
-7
-3
-5
0
-1
-6
-11
-13
-16
-12
-16
-24
-19
-17
-23
-16
-14
-13
-11
-9
-9
-15
-19
-20
-26
-28
-34
-39
-32
-33
-33
-30
-25
-28
-32
-33
-35
-30
-34
-36
-35
-34
-33
-38
-40
-42
-39
-35
-32
-26
-19
-18
-16
-24
-35
-36
-31
-33
-34
-32
-30
-29
-30
-26
-24
-23
-22
-21
-18
-16
-11
-15
-12
-19
-15
-11
-13
-9
-7
-1
-7
-1
-3
-6
1
-6
-8
-8
-11
-17
-22
-21
-26
-26
-31
-34
-37
-36
-29
-30
-31
-32
-31
-23
-19
-25
-28
-27
-26
-25
-23
-25
-27
-29
-31
-29
-23
-14
-8
-9
-7
-4
-3
2
5
6
8
11
5
11
17
12
12
9
8
6
3
3
2
-1
1
1
3
8
2
4
8
11
14
13
16
19
20
19
13
11
8
9
13
11
12
15
15
6
10
20
20
20
21
22
18
14
10
8
2
-1
0
-1
-1
-8
-4
-1
-5
4
-1
-6
-2
-12
-14
-14
-16
-20
-17
-10
-10
-8
-3
-6
-6
-8
-2
2
2
3
2
-2
4
10
11
17
16
18
20
21
20
21
24
31
25
28
27
24
24
17
17
12
17
16
19
14
8
11
4
4
-4
-5
-3
-6
-6
-13
-12
-12
-19
-15
-20
-16
-15
-17
-14
-16
-25
-24
-24
-27
-21
-24
-22
-28
-32
-28
-27
-26
-26
-25
-30
-31
-31
-36
-32
-31
-29
-29
-25
-21
-29
-30
-27
-33
-33
-30
-33
-30
-32
-38
-35
-37
-29
-20
-20
-14
-13
-8
0
2
10
12
13
11
14
21
23
19
16
15
20
30
33
34
37
45
46
49
50
45
51
51
50
53
49
50
47
45
48
42
41
46
46
48
57
60
60
63
59
54
52
48
44
40
36
34
34
32
34
32
28
31
29
24
23
17
14
12
8
7
7
9
12
11
6
8
5
2
6
9
-3
-8
-3
-7
0
-5
-7
-4
1
7
7
4
4
4
3
5
1
2
5
11
16
16
20
19
23
33
38
38
40
40
42
45
39
33
33
34
30
32
29
27
26
24
22
27
27
24
19
15
17
23
17
9
2
-7
-8
-19
-27
-33
-44
-52
-54
-55
-52
-49
-45
-49
-50
-53
-55
-54
-58
-55
-55
-54
-55
-53
-53
-52
-47
-40
-32
-24
-23
-17
-14
-15
-12
-8
-9
-5
0
4
0
1
7
4
11
16
20
18
10
10
10
10
14
16
13
16
13
18
19
11
11
6
-4
-6
-9
-10
-12
-22
-28
-30
-29
-26
-26
-30
-32
-33
-35
-30
-35
-38
-41
-52
-53
-59
-65
-60
-62
-68
-70
-75
-80
-83
-86
-82
-85
-88
-88
-91
-93
-98
-98
-98
-92
-85
-83
-80
-82
-80
-80
-83
-78
-74
-71
-68
-70
-65
-60
-49
-43
-41
-34
-34
-24
-19
-20
-15
-14
-15
-20
-14
-11
-10
-12
-10
-7
-5
3
1
5
9
15
16
13
6
-2
-5
-9
-14
-15
-7
-14
-11
-4
-5
3
3
4
1
7
7
9
15
21
29
32
35
39
47
48
53
58
57
55
56
56
50
53
55
51
50
52
50
47
50
46
49
51
50
53
63
67
71
74
71
69
69
77
73
71
65
64
64
69
75
69
72
67
69
75
72
65
59
60
60
55
54
54
52
41
41
46
49
46
49
48
47
48
46
47
44
36
31
33
29
34
32
26
21
25
23
24
24
19
15
10
14
13
12
15
14
17
21
18
15
16
14
16
17
15
12
-1
-1
3
3
-1
1
9
9
17
21
26
28
27
31
35
38
41
43
41
44
43
42
42
45
43
40
39
36
37
31
28
33
31
32
32
27
28
23
22
16
7
13
12
16
12
12
16
11
10
12
15
18
14
13
12
7
4
-4
-5
-11
-24
-30
-38
-45
-49
-53
-61
-67
-74
-74
-76
-70
-68
-65
-64
-64
-62
-67
-69
-75
-68
-65
-69
-62
-60
-62
-56
-57
-55
-53
-51
-46
-34
-30
-27
-22
-23
-21
-24
-28
-29
-30
-29
-31
-30
-27
-33
-34
-38
-33
-33
-38
-38
-43
-48
-51
-56
-55
-58
-58
-57
-55
-57
-62
-65
-67
-66
-66
-67
-71
-70
-68
-70
-71
-70
-69
-73
-74
-71
-72
-72
-75
-74
-75
-76
-73
-73
-76
-74
-71
-61
-54
-44
-40
-42
-35
-28
-28
-30
-27
-19
-16
-16
-15
-20
-11
-6
-3
3
10
17
18
25
23
23
25
27
26
29
29
27
31
27
29
29
33
32
32
35
29
31
32
31
33
36
42
46
43
49
48
42
47
44
44
39
32
31
28
26
22
23
26
29
28
22
20
20
21
17
18
16
13
11
12
14
5
10
11
7
8
11
13
9
13
11
12
19
21
25
23
22
30
31
27
23
34
33
31
29
26
25
26
35
30
32
31
29
32
35
34
37
33
32
29
29
33
31
30
34
30
35
31
32
31
28
28
30
33
33
40
40
47
48
54
56
48
52
53
50
52
52
52
55
52
54
51
51
49
47
47
49
52
50
52
51
50
55
58
66
61
58
59
52
56
57
49
46
44
49
55
59
62
55
56
58
58
60
63
56
54
49
41
42
36
34
34
29
30
32
31
27
21
19
18
13
8
8
1
-2
-5
-6
-12
-16
-10
-21
-25
-30
-32
-35
-41
-35
-36
-38
-39
-39
-39
-39
-40
-38
-37
-37
-36
-36
-44
-44
-48
-54
-59
-57
-54
-60
-56
-63
-62
-61
-65
-65
-68
-73
-68
-64
-59
-61
-67
-67
-69
-67
-65
-68
-65
-62
-66
-69
-72
-75
-69
-60
-57
-52
-56
-55
-56
-52
-57
-61
-55
-59
-56
-51
-52
-56
-57
-54
-57
-53
-52
-51
-42
-44
-43
-50
-54
-55
-60
-55
-50
-49
-51
-44
-47
-48
-42
-44
-43
-43
-39
-33
-26
-24
-20
-14
-15
-16
-16
-14
-9
-8
-9
-9
-11
-12
-10
-6
-9
-5
-6
-4
1
-2
1
1
-1
-5
-8
-12
-12
-7
-2
0
6
8
5
6
6
15
12
7
9
4
5
-1
2
1
-3
-2
-4
2
-1
1
5
5
3
4
11
14
14
10
12
14
16
26
24
24
24
24
27
21
24
25
23
23
25
23
23
21
15
17
13
16
11
7
2
0
8
8
8
7
1
-6
-6
-5
-2
-5
-11
-9
-8
-10
-2
-8
-6
-9
-7
-1
2
9
5
4
2
2
6
12
10
10
14
18
22
23
29
34
36
37
40
36
41
43
43
45
39
36
37
38
33
39
42
48
54
59
63
65
61
58
56
56
55
53
52
44
52
54
54
55
53
60
60
52
51
45
39
39
41
40
36
34
29
26
22
27
35
26
21
17
14
13
10
12
13
11
14
12
12
16
11
14
13
17
25
24
26
24
22
25
21
23
24
22
25
21
21
21
19
17
18
16
13
11
13
18
16
16
17
19
17
14
13
11
12
8
7
5
4
6
-3
-1
-1
-5
-4
-7
-11
-19
-19
-23
-27
-27
-32
-35
-32
-33
-36
-34
-30
-26
-29
-31
-32
-27
-32
-38
-37
-34
-30
-32
-35
-36
-37
-32
-29
-26
-25
-27
-25
-30
-31
-29
-30
-31
-31
-38
-39
-37
-43
-41
-40
-44
-47
-45
-38
-44
-47
-48
-46
-47
-44
-45
-37
-35
-42
-37
-44
-44
-46
-42
-44
-47
-42
-42
-33
-34
-34
-32
-32
-24
-23
-19
-17
-22
-22
-28
-27
-23
-19
-22
-20
-23
-22
-24
-22
-18
-22
-18
-16
-8
-9
-8
-13
-6
-4
-2
-2
0
0
1
4
2
11
6
3
7
12
19
22
21
20
13
10
11
8
2
-2
-9
-12
-13
-13
-15
-18
-23
-22
-22
-23
-16
-24
-20
-22
-26
-29
-30
-29
-29
-25
-32
-29
-31
-24
-24
-25
-19
-19
-18
-14
-8
-5
0
11
15
11
10
7
0
7
6
2
5
3
9
11
10
16
13
19
18
16
17
21
24
22
17
16
14
11
12
15
18
19
24
16
13
9
9
13
13
16
14
15
18
22
24
24
23
20
24
26
29
30
25
23
17
16
17
10
18
17
18
23
31
33
30
32
33
29
26
23
21
17
18
20
17
19
12
10
20
24
31
32
36
39
30
25
21
17
13
13
6
9
8
6
10
3
2
4
8
8
13
11
6
2
-4
-3
0
1
3
3
2
6
11
12
14
14
19
17
18
24
26
30
33
30
34
36
44
44
40
39
39
41
32
35
38
33
41
40
34
37
37
40
46
48
41
37
36
38
37
37
37
32
25
24
25
26
26
24
28
22
22
22
25
21
16
13
14
17
14
18
18
8
10
7
1
-1
-9
-13
-16
-16
-25
-27
-29
-31
-29
-29
-25
-27
-27
-32
-35
-29
-27
-23
-25
-28
-26
-24
-19
-18
-16
-20
-20
-14
-12
-12
-12
-20
-26
-17
-21
-23
-23
-22
-27
-29
-27
-28
-22
-11
-13
-21
-24
-25
-29
-29
-30
-35
-33
-38
-38
-32
-34
-34
-36
-44
-44
-37
-42
-39
-40
-44
-41
-46
-41
-42
-49
-48
-50
-44
-43
-41
-33
-34
-35
-34
-30
-27
-23
-19
-27
-28
-27
-29
-30
-33
-30
-23
-20
-26
-25
-28
-24
-12
-7
-7
-3
-8
-7
-4
-8
-7
-4
-4
-4
-6
-7
-11
-15
-12
-22
-21
-19
-15
-15
-13
-8
-12
-8
-5
-8
-4
-10
-22
-26
-29
-36
-33
-30
-32
-31
-34
-31
-25
-22
-25
-32
-29
-32
-33
-30
-29
-29
-25
-29
-31
-29
-24
-25
-24
-18
-13
-6
-5
-2
-4
-4
-8
-8
-8
-9
2
5
9
10
14
14
13
12
11
14
7
9
8
2
10
10
13
13
13
15
14
16
15
19
18
20
25
24
24
28
30
27
34
34
33
40
41
43
38
37
38
34
34
31
28
28
21
16
17
20
26
29
32
28
28
32
34
32
26
24
28
34
34
28
26
24
22
23
24
21
22
22
22
26
26
26
31
26
25
19
17
20
17
11
4
2
-5
-3
-8
-15
-7
0
1
8
11
8
5
6
0
1
7
10
19
17
21
22
24
27
26
30
26
24
26
36
44
38
43
36
39
34
39
39
40
41
38
45
45
46
47
44
36
35
30
29
27
25
24
25
24
16
14
16
14
17
9
7
4
0
4
1
-8
-10
-16
-11
-10
-13
-10
-11
-11
-12
-15
-14
-10
-12
-16
-23
-26
-26
-26
-26
-21
-20
-21
-23
-26
-23
-28
-26
-26
-27
-27
-25
-25
-25
-30
-34
-29
-26
-33
-31
-27
-32
-29
-30
-27
-31
-26
-23
-22
-22
-21
-22
-28
-27
-31
-30
-30
-32
-36
-39
-37
-37
-29
-34
-32
-31
-38
-31
-31
-30
-29
-33
-33
-38
-38
-34
-30
-26
-24
-18
-21
-24
-23
-27
-24
-20
-20
-16
-17
-16
-14
-15
-11
-7
-2
2
4
5
5
10
14
14
22
22
16
15
17
19
13
10
5
-5
-9
-10
-7
-5
0
10
16
15
12
10
3
-2
-8
-3
-5
-3
-1
-5
-5
-7
-8
-2
4
3
5
7
10
9
14
14
15
17
19
17
20
21
19
20
19
20
20
22
18
16
15
19
27
22
22
16
11
10
14
15
15
17
16
16
7
1
-2
-7
-8
-11
-10
-10
-5
2
8
6
8
7
7
9
8
10
5
2
3
6
3
7
9
5
5
7
13
13
21
17
19
18
13
10
8
8
11
13
7
7
5
4
8
9
12
16
12
10
15
21
23
20
12
8
3
2
-1
-1
4
2
2
-2
4
4
6
6
6
6
13
17
10
12
9
5
4
8
13
12
8
12
18
15
12
8
8
10
7
2
-3
0
-6
-9
-8
-12
-9
-13
-8
-8
-12
-12
-22
-23
-25
-20
-19
-24
-25
-24
-17
-15
-12
-14
-13
-11
-19
-17
-13
-16
-7
-4
1
0
-5
2
9
11
8
5
6
9
12
20
27
22
23
27
28
36
30
34
33
30
28
31
31
27
25
23
28
28
33
38
37
42
43
41
40
37
33
29
23
23
24
21
24
18
17
14
16
13
6
11
3
4
3
-4
-7
-18
-28
-31
-30
-36
-32
-32
-28
-24
-25
-21
-23
-21
-26
-24
-21
-22
-23
-20
-15
-16
-7
-8
-1
4
2
9
12
14
10
8
3
4
7
7
14
17
16
19
20
13
15
14
8
10
9
7
3
2
-1
1
1
-6
-4
-9
-8
-7
-12
-11
-22
-30
-38
-42
-44
-46
-42
-42
-40
-38
-40
-36
-34
-35
-26
-31
-28
-25
-26
-29
-30
-31
-31
-26
-28
-18
-18
-16
-14
-17
-15
-17
-15
-7
-6
-9
-6
-6
-5
1
4
6
1
-1
3
5
10
6
4
3
2
2
6
12
6
8
8
12
13
14
15
12
10
2
3
-1
1
4
3
2
1
7
0
0
2
-3
-2
-1
0
0
0
-5
-6
-8
-13
-12
-14
-10
-14
-10
-14
-18
-16
-16
-14
-13
-13
-15
-15
-19
-17
-12
-17
-16
-13
-8
-5
-9
-15
-14
-8
-14
-14
-12
-18
-14
-11
-18
-12
-14
-16
-12
-17
-21
-19
-20
-24
-25
-35
-41
-40
-43
-37
-35
-37
-31
-32
-36
-41
-40
-38
-43
-39
-44
-44
-43
-38
-32
-21
-16
-6
-5
-5
0
-8
-2
-5
-3
-1
4
5
8
15
20
26
34
37
34
38
38
30
31
28
25
27
21
22
23
22
26
22
23
25
35
37
32
33
31
32
25
30
31
27
28
21
26
32
29
27
27
23
29
37
41
41
37
37
39
41
40
43
41
40
38
33
34
29
28
28
25
25
19
21
16
15
20
25
27
33
31
24
29
29
29
30
25
26
18
17
20
21
22
23
24
14
22
21
17
14
9
8
5
12
10
11
9
2
1
-6
-4
-3
-3
1
0
0
-1
-2
-3
-1
-8
-7
-3
3
3
2
3
0
8
1
1
3
5
8
7
8
12
13
15
17
14
20
16
19
17
8
7
7
10
7
8
8
11
14
13
15
18
20
20
14
12
17
14
20
20
21
26
29
27
17
13
9
10
3
5
-4
-10
-8
-8
-10
-7
-5
-4
-4
-10
-21
-21
-25
-27
-27
-31
-34
-35
-33
-32
-28
-16
-14
-17
-14
-11
-8
-9
-10
-16
-21
-18
-20
-24
-19
-19
-28
-31
-36
-39
-36
-38
-36
-42
-49
-53
-55
-49
-48
-42
-40
-35
-37
-35
-40
-47
-50
-52
-46
-41
-45
-39
-37
-35
-26
-17
-14
-11
-1
-10
-8
-9
-11
-11
-7
-8
-15
-13
-9
-5
-12
-5
-6
-6
-6
-5
-3
-14
-23
-28
-25
-18
-14
-15
-11
-11
-17
-15
-18
-17
-18
-14
-14
-16
-7
-6
-6
0
-2
-3
-4
-8
-5
-2
-3
-5
-12
-9
-14
-18
-17
-17
-18
-23
-21
-16
-13
-22
-27
-32
-33
-32
-30
-32
-34
-30
-32
-26
-21
-22
-20
-22
-21
-17
-13
-10
-12
-11
-5
-1
5
13
16
13
12
12
10
14
8
2
4
1
3
9
16
19
24
22
19
16
11
17
14
17
18
14
17
21
22
18
19
17
16
9
7
7
6
11
7
9
8
11
16
15
18
14
10
8
10
15
11
7
8
6
9
8
9
13
11
11
16
20
20
23
20
25
29
32
35
37
39
35
36
37
35
35
35
36
36
45
51
54
57
52
60
58
53
50
46
43
40
43
43
46
48
45
41
39
36
34
29
21
21
21
19
20
23
27
28
23
25
28
24
22
18
20
17
19
19
19
27
26
28
27
21
22
23
18
24
27
22
24
28
23
24
26
25
33
37
36
34
35
35
32
31
28
27
28
29
31
34
39
37
34
32
26
20
16
6
2
7
4
1
4
-6
-6
-2
-9
2
2
-1
-8
-17
-20
-29
-28
-28
-28
-30
-29
-25
-30
-31
-29
-34
-39
-42
-48
-48
-48
-44
-43
-45
-48
-42
-44
-55
-51
-55
-62
-61
-61
-64
-61
-61
-55
-49
-44
-40
-36
-31
-29
-32
-29
-29
-33
-35
-34
-30
-28
-26
-24
-18
-25
-23
-16
-16
-18
-17
-21
-20
-17
-14
-7
-8
-9
-9
-16
-14
-13
-15
-15
-17
-17
-25
-28
-33
-40
-40
-47
-37
-29
-28
-22
-22
-24
-24
-29
-32
-31
-29
-31
-33
-34
-38
-29
-32
-36
-33
-30
-27
-24
-23
-25
-19
-19
-26
-24
-26
-27
-24
-21
-23
-27
-36
-39
-34
-36
-30
-39
-39
-30
-30
-28
-24
-20
-17
-21
-20
-22
-24
-25
-25
-17
-18
-22
-21
-25
-25
-25
-27
-24
-28
-29
-35
-37
-39
-39
-36
-32
-30
-28
-25
-26
-24
-31
-31
-25
-26
-27
-23
-21
-20
-20
-19
-19
-14
-6
-4
1
7
12
18
20
23
27
26
32
36
35
39
34
38
42
45
52
52
56
56
53
48
46
48
47
41
38
35
38
38
39
44
39
37
38
39
40
40
39
38
43
43
40
40
44
41
41
47
51
51
49
43
42
48
47
49
50
50
45
45
42
44
46
49
52
51
53
50
55
43
46
41
35
35
29
25
22
28
28
27
26
29
25
27
23
17
14
13
18
18
11
9
10
7
12
6
7
7
8
8
1
2
3
0
-2
-2
1
4
4
4
6
12
11
15
17
13
13
12
10
8
5
4
8
6
5
10
9
7
10
10
14
17
15
10
9
7
9
6
8
4
8
9
1
2
-3
-8
-8
-12
-11
-9
-11
-10
-13
-15
-16
-15
-13
-17
-16
-23
-29
-31
-30
-29
-33
-34
-32
-31
-33
-30
-23
-26
-33
-31
-34
-37
-31
-31
-26
-17
-16
-11
-2
-8
-6
-6
-9
-8
-8
-7
-12
-3
-3
-1
0
5
10
9
7
12
16
12
14
7
1
2
-2
-6
-2
-2
-4
-7
-3
-7
-8
-6
-17
-15
-21
-16
-18
-23
-19
-24
-18
-18
-26
-27
-27
-28
-32
-44
-41
-41
-45
-44
-45
-44
-46
-43
-44
-46
-47
-55
-55
-52
-56
-58
-57
-55
-55
-51
-50
-47
-41
-38
-34
-28
-27
-27
-24
-23
-21
-21
-11
-10
-7
3
4
3
3
3
-3
-2
-7
-6
-11
-5
6
1
5
5
5
1
-3
-7
-6
-11
-21
-21
-26
-29
-28
-21
-23
-21
-19
-20
-17
-16
-13
-11
-11
-16
-20
-23
-23
-24
-23
-26
-26
-21
-17
-15
-13
-12
-11
-1
2
4
4
2
-1
-1
1
1
4
3
11
9
7
14
17
19
24
24
24
35
42
48
49
49
47
44
48
50
53
56
57
61
56
51
47
44
44
46
49
54
53
48
55
54
55
50
47
45
44
37
33
31
29
33
33
37
32
28
25
26
31
29
23
14
16
13
12
11
7
10
8
12
13
18
21
16
19
23
25
29
25
22
21
25
25
30
37
45
45
47
45
46
41
35
39
36
39
40
42
44
41
35
35
39
37
33
32
27
28
30
32
31
31
30
29
32
31
30
30
31
25
27
33
31
32
29
29
33
33
38
33
30
27
27
25
23
17
12
10
4
5
5
5
5
2
-4
-5
-12
-21
-26
-30
-36
-35
-35
-37
-34
-33
-34
-30
-34
-35
-38
-33
-36
-42
-46
-45
-45
-50
-46
-45
-47
-41
-44
-45
-48
-52
-52
-53
-50
-53
-46
-42
-35
-34
-37
-30
-28
-17
-10
-19
-18
-19
-20
-16
-13
-17
-17
-14
-11
-7
-3
-2
2
7
10
16
12
14
8
3
-1
-1
-1
-5
-10
-12
-12
-17
-21
-28
-28
-34
-34
-33
-34
-35
-37
-32
-37
-40
-43
-52
-57
-62
-67
-65
-72
-78
-85
-89
-87
-91
-88
-87
-90
-89
-96
-98
-96
-93
-92
-94
-87
-85
-86
-84
-81
-77
-76
-73
-71
-57
-55
-53
-46
-42
-29
-24
-22
-15
-3
1
1
3
4
2
5
8
9
13
12
18
20
26
24
16
26
26
23
32
34
32
36
35
31
30
31
28
24
28
30
32
34
32
29
27
22
16
16
15
20
22
14
13
13
14
16
15
11
8
8
6
9
15
18
17
18
20
15
24
30
31
33
30
33
39
36
34
35
32
30
33
38
38
38
40
36
37
39
41
35
34
39
37
37
35
33
32
28
31
34
35
45
52
53
56
59
58
59
67
70
63
66
69
65
72
72
74
73
72
72
71
78
71
67
63
60
54
53
54
52
56
48
62
53
76
27
-30
52
69
21
40
50
12
-24
-22
42
37
22
66
59
-13
-5
33
12
7
30
25
-3
4
-1
-16
-19
-23
-18
-2
-1
-15
-30
-24
-37
-53
-44
-31
-33
-23
-4
-4
-10
-13
-15
-16
-7
0
10
18
11
4
5
-4
-14
-5
13
19
17
16
13
9
-3
-6
-8
-5
-4
-4
1
-2
-4
-2
-3
-9
-7
-3
1
-3
-7
-5
-16
-25
-25
-25
-25
-24
-22
-29
-35
-38
-45
-54
-57
-61
-59
-60
-66
-69
-76
-75
-73
-76
-72
-70
-71
-71
-80
-77
-77
-79
-73
-69
-70
-64
-61
-68
-60
-47
-43
-46
-47
-37
-39
-44
-40
-42
-35
-34
-34
-33
-31
-24
-25
-22
-16
-11
-13
-16
-16
-15
-11
-8
-1
5
4
11
12
5
6
10
0
2
4
4
3
-1
-3
0
2
-5
-3
-5
-7
-11
-15
-19
-33
-40
-41
-42
-46
-46
-43
-47
-43
-42
-48
-49
-50
-48
-49
-55
-54
-45
-41
-47
-40
-40
-45
-40
-39
-40
-41
-40
-47
-44
-38
-37
-27
-22
-17
-8
6
11
14
22
21
25
25
24
29
34
38
42
50
51
57
60
61
68
69
76
80
85
83
77
81
82
80
83
89
84
79
75
75
71
71
72
64
57
54
50
50
46
37
34
31
31
28
25
25
22
17
13
16
7
7
2
-1
0
-9
-10
-11
-6
-9
-9
-11
-13
-13
-15
-18
-15
-14
-17
-13
-5
-5
-1
9
14
13
12
15
15
16
18
23
30
34
36
34
35
34
41
44
41
40
43
40
37
36
40
41
38
42
42
43
43
38
42
45
40
42
42
36
29
31
33
31
30
33
35
36
40
37
35
36
39
37
34
29
24
23
12
11
9
7
12
5
12
22
26
23
25
25
23
16
5
6
-2
-10
-6
-2
-6
-10
-4
-2
-9
-11
-11
-15
-16
-19
-17
-19
-25
-24
-29
-31
-26
-26
-26
-27
-33
-34
-36
-30
-38
-31
-24
-30
-29
-24
-16
-16
-6
-9
-6
2
-3
-7
-1
0
-6
-4
1
9
10
13
10
6
9
7
2
-4
-2
-4
-6
-9
-13
-18
-20
-22
-29
-20
-19
-18
-24
-34
-37
-42
-49
-45
-46
-54
-50
-52
-58
-66
-67
-74
-80
-79
-76
-77
-87
-90
-97
-99
-90
-80
-74
-68
-66
-62
-60
-57
-47
-39
-38
-37
-33
-25
-18
-13
-6
0
4
8
13
17
23
22
26
31
27
33
41
34
37
41
37
44
40
40
46
47
42
36
36
29
20
6
2
4
1
-6
-11
-12
-6
-5
-14
-7
-7
-15
-17
-20
-16
-15
-21
-22
-28
-29
-23
-29
-34
-34
-24
-18
-12
-8
-7
-7
-7
-8
-8
-4
-9
-10
-8
-7
-6
-6
-3
2
5
6
7
14
13
13
20
18
17
17
14
14
16
11
11
9
11
17
19
21
15
11
13
7
-1
-6
-11
-8
-15
-14
-7
-9
-8
-6
-6
-4
-4
-8
-11
-19
-23
-26
-26
-22
-28
-23
-17
-10
-12
-11
-3
-2
0
-4
4
7
5
7
12
15
13
13
17
23
26
29
29
32
36
39
43
46
49
50
47
48
41
44
41
30
23
17
16
11
13
17
9
6
10
11
14
15
13
12
8
-3
-5
-4
-10
-8
-11
-8
-7
-6
-2
1
0
-7
-4
-1
1
3
0
-6
-2
-5
-7
-3
-7
-1
2
6
7
8
8
7
6
8
5
-1
8
13
7
5
14
15
13
11
6
3
-1
4
5
11
14
7
11
13
10
11
10
9
14
14
5
2
3
1
5
7
7
4
-1
-4
-9
-14
-16
-17
-23
-21
-15
-24
-21
-23
-19
-14
-10
-7
-12
-6
-7
-10
-12
-18
-21
-18
-18
-12
-8
-10
-3
-5
-2
-1
2
5
4
4
8
9
6
5
3
7
5
9
15
23
21
22
24
23
24
30
32
34
36
32
37
32
32
31
27
18
16
15
9
12
13
18
21
24
25
26
28
20
20
24
20
24
20
24
21
18
18
16
18
16
20
20
14
6
7
9
6
-4
-8
-10
-15
-12
-11
-18
-26
-33
-42
-44
-45
-45
-47
-45
-42
-40
-43
-39
-41
-43
-46
-49
-52
-52
-48
-53
-49
-46
-46
-44
-46
-45
-33
-32
-36
-30
-28
-29
-29
-26
-22
-22
-25
-28
-22
-24
-25
-24
-23
-23
-22
-16
-15
-12
-12
-3
-3
0
5
4
6
9
15
17
14
12
17
6
7
8
14
14
18
23
17
17
16
20
17
18
20
19
15
4
-3
-5
-8
-9
-8
-4
-7
-8
-7
-8
-13
-12
-8
-17
-22
-21
-20
-23
-21
-22
-21
-24
-24
-19
-19
-19
-20
-26
-29
-25
-26
-28
-21
-18
-19
-11
-8
-4
-3
1
0
-2
-6
-2
4
3
7
9
8
2
-1
1
0
1
7
6
2
5
3
5
16
18
28
27
25
24
17
12
7
6
5
3
4
5
12
17
14
20
18
20
15
10
10
4
4
7
7
3
7
6
7
7
6
5
1
1
-4
-6
-6
-3
1
1
11
16
14
14
12
14
12
11
13
15
17
17
22
24
33
41
47
46
47
50
50
46
46
39
39
43
47
53
56
52
49
50
46
49
55
55
50
45
44
39
41
46
46
49
47
44
45
40
39
39
32
27
25
24
26
29
32
31
29
21
17
20
15
12
4
8
8
1
3
-6
-11
-3
-4
0
3
-3
-12
-10
-8
-11
-8
-5
1
8
7
4
1
-2
-3
-6
0
5
5
0
-3
-2
-8
0
7
11
9
5
3
2
-2
-4
-5
-5
0
-2
-7
-8
-9
-7
-9
-10
-13
-12
-16
-22
-24
-22
-24
-24
-23
-22
-22
-26
-27
-30
-22
-26
-38
-41
-37
-39
-39
-37
-39
-35
-33
-35
-34
-33
-34
-37
-42
-43
-45
-48
-46
-43
-50
-45
-36
-35
-32
-33
-32
-32
-35
-44
-41
-39
-40
-41
-36
-28
-23
-14
-16
-17
-15
-19
-23
-23
-26
-24
-21
-25
-22
-17
-12
-15
-20
-13
-17
-18
-18
-19
-21
-23
-27
-26
-22
-16
-11
-10
-11
-11
-9
-12
-7
-7
-15
-24
-25
-25
-24
-21
-12
-13
-15
-17
-24
-23
-28
-32
-30
-26
-30
-33
-36
-39
-41
-43
-42
-40
-38
-39
-36
-37
-42
-46
-48
-48
-54
-56
-50
-48
-53
-55
-59
-58
-54
-55
-46
-41
-36
-35
-40
-38
-32
-26
-25
-15
-9
-8
-10
-8
-2
6
7
16
27
22
26
34
44
47
44
50
55
51
44
47
45
49
48
52
60
69
76
80
87
86
90
87
86
89
95
95
86
81
76
70
64
66
72
82
79
70
72
65
55
54
66
69
69
63
54
46
42
41
42
49
50
47
39
29
25
27
29
29
32
35
30
28
35
34
32
31
32
34
31
28
22
27
26
23
26
25
28
25
27
32
32
26
32
34
29
26
29
34
37
36
34
36
33
35
32
27
31
25
17
18
18
13
4
-1
1
1
5
0
-6
-7
-13
-18
-15
-17
-16
-18
-35
-39
-47
-47
-53
-55
-51
-53
-45
-40
-38
-45
-44
-47
-43
-33
-29
-32
-31
-23
-28
-27
-26
-25
-20
-17
-7
-4
2
3
-10
-13
-17
-23
-25
-25
-16
-18
-22
-20
-21
-21
-20
-15
-11
2
0
-6
-13
-13
-14
-14
3
6
12
7
-1
-12
-21
-21
-25
-17
-11
-8
-13
-19
-27
-39
-39
-32
-25
-11
-11
-16
-22
-32
-41
-39
-30
-26
-26
-24
-29
-41
-45
-41
-30
-19
-16
-18
-20
-35
-42
-47
-55
-45
-39
-38
-38
-44
-44
-50
-55
-59
-51
-50
-56
-64
-58
-58
-73
-74
-66
-56
-55
-44
-37
-42
-49
-55
-59
-45
-36
-38
-36
-32
-30
-34
-37
-28
-21
-22
-19
-20
-15
-8
-14
-20
-12
6
9
22
29
28
22
11
17
19
17
18
17
17
16
20
25
30
36
37
35
30
33
38
29
21
21
16
5
12
23
26
22
18
8
9
21
19
16
14
16
15
6
1
0
6
3
0
1
-2
3
-7
-6
-8
-11
-11
-8
-2
-1
-4
-1
3
5
10
22
13
11
6
-2
-6
-14
-1
4
15
19
17
27
36
28
27
38
43
48
52
55
58
54
47
45
50
57
59
54
66
73
56
45
43
47
54
54
55
61
50
34
25
32
40
37
38
40
34
20
18
14
23
36
35
38
35
19
11
1
-10
1
5
13
25
15
11
-1
-11
-12
-11
2
3
4
-3
-5
-10
-25
-26
-13
3
5
5
6
4
-11
-28
-25
-10
5
12
13
11
3
-7
-8
8
32
41
47
45
33
20
0
4
22
32
40
47
35
30
17
7
16
9
5
6
22
21
10
2
-1
5
4
10
12
15
2
-14
-22
-27
-21
-23
-15
-2
-7
-7
-9
-3
3
4
1
9
14
12
4
-4
2
10
9
10
18
17
8
1
0
8
10
0
-9
1
4
5
0
0
19
29
22
16
20
18
12
7
18
20
18
18
23
27
11
6
12
14
13
-1
-3
2
-6
-17
-17
-22
-17
-14
-20
-25
-20
-13
-22
-27
-20
-19
-29
-35
-41
-38
-26
-12
-20
-19
-8
-10
-18
-23
-20
-21
-18
-25
-36
-40
-33
-33
-44
-40
-23
-15
-16
-32
-38
-40
-38
-38
-38
-28
-29
-28
-31
-33
-31
-24
-19
-17
-17
-24
-25
-31
-33
-26
-30
-26
-9
-9
-7
-12
-28
-20
-9
-30
-38
-24
-20
-29
-32
-34
-30
-20
-31
-41
-35
-18
-12
-26
-32
-34
-46
-43
-28
-25
-19
-15
-22
-33
-37
-43
-43
-36
-16
-13
-16
-9
-11
-29
-45
-45
-36
-34
-21
-6
-10
-16
-37
-54
-51
-48
-43
-19
-22
-31
-38
-65
-71
-64
-59
-36
-30
-43
-48
-53
-52
-49
-38
-29
-5
-1
-26
-20
-20
-44
-39
-28
-13
9
2
5
14
1
-14
-1
21
34
22
17
31
27
10
-1
24
54
47
32
53
70
59
46
54
73
71
60
45
57
65
54
49
57
71
61
50
55
73
58
39
43
39
31
32
31
34
44
35
19
13
19
19
17
35
46
36
34
33
33
33
48
57
52
49
44
43
32
22
15
8
14
23
21
26
26
26
18
4
12
20
23
12
8
15
11
11
9
22
32
31
27
25
43
49
28
14
29
40
23
18
38
43
44
37
30
38
47
32
21
40
40
33
22
24
31
28
20
27
54
48
42
43
42
33
35
35
37
57
46
33
40
38
32
37
42
40
43
39
33
26
15
16
24
30
22
21
25
16
1
-2
-2
2
2
-11
-7
9
7
-10
-15
-12
-16
-18
-13
-11
-14
-15
-27
-34
-34
-38
-31
-24
-16
-15
-22
-31
-21
-30
-49
-58
-44
-30
-38
-36
-34
-43
-56
-53
-55
-57
-34
-26
-33
-34
-46
-59
-54
-46
-39
-25
-7
2
2
-17
-27
-26
-26
-16
-12
-13
-15
-24
-38
-40
-35
-23
-11
-12
-13
-16
-38
-48
-41
-56
-57
-48
-47
-48
-33
-38
-55
-47
-50
-35
-37
-46
-56
-65
-74
-67
-60
-71
-53
-44
-39
-56
-50
-43
-39
-56
-55
-51
-66
-71
-87
-77
-70
-71
-85
-73
-49
-39
-49
-52
-44
-46
-55
-51
-39
-32
-23
-20
-20
-22
-29
-40
-24
5
8
-13
-2
4
-9
-19
-22
-14
0
5
3
12
4
-2
-21
-19
-19
-14
1
15
19
16
7
5
8
-14
-10
12
38
39
26
1
-16
-31
-36
-24
20
54
41
26
14
-9
-23
-19
-1
42
54
38
20
5
-7
-12
-4
33
69
57
36
24
13
-9
-18
8
47
56
57
57
55
48
34
32
45
65
84
92
89
76
50
29
24
37
63
67
64
60
52
36
10
23
37
46
52
50
62
52
36
22
27
39
35
30
42
48
26
17
22
25
32
34
34
39
32
18
23
25
21
36
37
24
19
17
15
21
15
25
45
39
27
22
24
12
24
32
28
40
33
24
18
26
24
30
52
54
55
46
40
33
30
42
36
36
62
53
47
46
35
35
32
43
53
57
56
52
35
31
34
25
42
55
49
42
35
21
27
29
27
31
29
50
34
-3
-13
-22
-20
-11
-10
-9
6
-5
-21
-24
-28
-18
-6
-2
1
7
-10
-16
-16
-27
-25
-21
-11
0
5
-16
-30
-33
-45
-38
-29
-25
-19
-28
-36
-46
-59
-66
-53
-33
-22
-21
-28
-30
-50
-62
-64
-62
-41
-44
-42
-28
-41
-57
-66
-60
-40
-22
-32
-25
-11
-32
-41
-41
-40
-32
-24
-33
-17
-14
-33
-39
-39
-30
-26
-23
-25
-18
-14
-28
-28
-30
-21
-12
-5
4
0
-9
-23
-30
-29
-24
-20
-12
-6
-11
-9
-16
-21
-18
-26
-21
-3
-7
-4
-19
-40
-38
-46
-58
-44
-32
-32
-37
-51
-61
-67
-78
-78
-57
-43
-46
-38
-29
-38
-53
-59
-54
-52
-44
-33
-28
-46
-71
-81
-76
-64
-50
-31
-14
-17
-32
-48
-54
-51
-34
-21
-15
-20
-31
-35
-45
-42
-33
-22
0
17
2
-9
-11
-22
-33
-41
-36
-11
14
-4
-6
0
-10
-13
0
26
44
35
20
24
20
-2
0
15
27
35
33
44
45
19
0
-5
2
10
9
9
17
3
-7
-4
-4
11
21
29
30
31
19
12
24
32
31
32
43
36
35
44
44
52
60
54
59
58
58
63
71
65
54
60
54
47
53
49
43
49
49
47
56
58
59
68
72
63
55
46
39
41
53
59
56
56
42
20
18
24
39
48
33
21
17
5
-17
-14
4
26
34
23
25
31
16
1
4
23
28
22
28
29
10
-6
-11
6
34
45
48
57
53
17
-9
0
19
34
54
65
64
60
44
27
27
35
47
56
63
55
33
13
-3
7
12
11
19
24
20
20
2
-13
-16
-2
-13
1
2
-14
-24
-33
-41
-55
-52
-43
-26
-22
-28
-53
-65
-82
-76
-52
-30
-20
-22
-36
-55
-54
-56
-52
-27
-16
-29
-29
-30
-34
-30
-30
-22
-6
3
5
3
-1
-14
-26
-14
1
-4
-12
3
7
8
-3
-19
-9
5
10
10
12
-11
-28
-13
-7
-1
17
23
10
-11
-31
-36
-29
-21
-17
6
2
-30
-52
-66
-60
-45
-24
-12
-5
-7
-30
-69
-64
-65
-60
-23
-4
-6
-9
-27
-47
-42
-40
-30
0
28
26
23
-8
-21
-21
-20
-1
15
19
10
1
-26
-38
-47
-25
-7
0
5
-3
-17
-28
-44
-62
-40
-15
-13
-11
-4
-8
-19
-38
-44
-36
-23
-18
-13
-11
-28
-47
-53
-58
-50
-18
-8
-5
-16
-38
-59
-54
-35
-32
-20
-15
-31
-45
-51
-53
-33
-18
-14
-10
-9
-9
-17
-19
-9
3
-5
-10
-3
1
-13
-16
-8
-12
-13
-7
-2
14
19
18
15
-8
-26
-37
-24
0
18
27
27
21
12
5
-2
5
16
22
34
30
18
14
9
20
28
28
42
44
45
34
23
17
16
16
23
40
28
18
15
14
-2
4
26
39
34
14
23
26
27
13
28
38
34
53
57
44
33
-7
-19
-7
-8
49
82
69
29
-19
-47
-53
-43
1
56
67
25
-18
-58
-70
-57
-28
23
55
45
7
-25
-41
-46
-43
-12
20
35
16
-4
-13
-33
-28
-23
-3
41
51
46
13
6
0
-4
18
35
53
58
59
44
21
22
32
46
61
82
96
92
55
25
15
26
44
50
71
85
71
55
58
59
37
7
24
67
74
65
57
55
36
-5
2
44
70
68
63
47
34
29
2
21
46
49
47
36
26
15
-5
-13
-4
16
27
28
26
15
-23
-40
-40
-22
3
1
3
-1
-9
-32
-35
-34
-37
-25
-20
-8
-3
-18
-24
-20
-20
2
27
40
41
19
2
-1
6
11
33
57
59
40
19
8
11
12
14
15
28
39
37
17
-3
-2
-2
6
10
31
31
14
-2
-12
-16
-27
-32
-20
10
18
-4
-30
-44
-37
-46
-50
-17
7
3
-25
-57
-63
-65
-75
-56
-21
-5
-21
-45
-61
-64
-61
-61
-46
-26
-27
-47
-63
-67
-78
-73
-55
-29
-4
-8
-20
-27
-18
-36
-32
-12
2
3
-16
-35
-40
-30
-44
-48
-33
-19
-32
-41
-36
-53
-66
-73
-72
-59
-48
-38
-38
-50
-73
-83
-68
-53
-49
-34
-26
-19
-19
-35
-35
-24
-18
-18
-3
2
13
29
21
5
-11
-29
-28
-8
2
9
16
8
-14
-24
-36
-34
-17
12
25
22
12
-10
-27
-36
-28
-10
21
33
32
10
-26
-36
-32
-34
-23
0
5
-8
-27
-46
-60
-68
-78
-53
-25
-21
-30
-35
-47
-51
-52
-52
-39
-19
-23
-31
-23
-28
-24
-26
-27
-24
-16
-14
-15
-2
4
-2
-12
-23
-19
-8
-9
4
17
23
5
-5
9
7
3
7
19
27
26
17
21
34
30
31
34
39
47
47
41
39
38
33
31
42
53
42
38
37
47
52
45
45
52
52
43
41
48
52
50
51
52
55
47
34
39
57
69
77
79
77
72
47
33
44
72
83
77
66
59
44
34
38
51
70
76
76
57
34
28
25
34
64
76
64
61
54
34
29
29
49
65
47
36
33
27
26
14
15
20
15
11
12
12
7
-5
-10
-4
6
11
8
11
4
15
23
25
24
13
7
7
7
15
35
37
29
21
5
-3
-4
1
21
34
25
30
42
33
21
18
26
26
31
23
26
32
24
7
3
10
12
18
27
31
18
16
5
-10
-16
-22
-7
5
2
-2
-10
-26
-37
-41
-39
-21
-5
-12
-29
-40
-36
-34
-40
-38
-30
-26
-28
-35
-43
-50
-71
-79
-70
-62
-77
-97
-84
-75
-83
-91
-85
-70
-67
-79
-72
-51
-52
-67
-73
-74
-61
-53
-44
-36
-27
-26
-44
-52
-50
-43
-38
-32
-34
-28
-23
-47
-59
-49
-52
-47
-35
-32
-41
-50
-54
-52
-48
-54
-35
-9
-25
-39
-32
-37
-44
-53
-54
-42
-32
-31
-36
-41
-58
-73
-80
-66
-47
-47
-40
-37
-45
-48
-46
-53
-51
-34
-26
-23
-23
-24
-25
-30
-20
-1
11
4
0
-17
-4
-12
-24
-6
6
8
-5
-6
-1
11
0
4
6
3
-3
1
12
9
12
26
33
33
25
20
16
11
13
12
18
21
10
6
-2
-8
-6
-11
-21
-19
-12
-31
-33
-24
-22
-9
2
-1
-6
1
-20
-19
-11
-5
13
8
-9
-9
0
-12
-13
-10
-7
-5
-7
4
14
10
-7
-13
-9
5
5
22
31
18
11
10
19
33
39
42
50
46
46
47
51
55
53
53
62
62
56
76
87
87
89
95
91
90
94
99
112
110
107
114
113
102
98
99
95
87
79
83
82
67
64
80
82
71
56
52
67
56
41
45
51
34
16
18
28
25
10
12
27
35
20
9
6
0
8
5
5
4
-4
1
5
12
8
19
25
23
22
9
-5
-7
-3
-9
5
-1
-1
-3
-22
-25
-12
-4
5
29
18
13
15
10
7
-1
-6
15
43
30
25
26
33
24
8
18
40
47
27
24
22
10
-2
-5
14
29
36
40
36
23
12
9
11
20
24
18
16
6
-10
-21
-16
-4
10
11
2
2
-18
-34
-23
-14
-23
-28
-21
-22
-35
-50
-49
-32
-36
-43
-34
-33
-44
-66
-71
-62
-48
-47
-45
-42
-52
-64
-74
-75
-65
-55
-47
-39
-50
-62
-73
-92
-91
-80
-65
-49
-45
-49
-49
-59
-65
-49
-42
-39
-39
-34
-33
-36
-45
-42
-30
-27
-27
-24
-13
-14
-28
-37
-27
-19
-20
-21
-15
-16
-24
-28
-28
-12
-10
-11
-14
-10
-7
-7
-9
-3
6
3
-8
-18
-18
-23
-23
-33
-17
-7
-8
-19
-22
-28
-39
-37
-44
-58
-57
-60
-64
-49
-60
-46
-36
-34
-50
-60
-73
-76
-51
-53
-41
-36
-35
-34
-24
-36
-33
-24
-21
-6
-8
-13
-27
-40
-45
-45
-38
-29
-18
-8
-4
-6
-15
-20
-24
-15
0
15
27
40
42
32
32
19
25
37
46
58
53
46
38
29
23
22
13
8
14
21
25
26
28
25
21
15
29
39
49
51
41
34
22
5
4
16
14
27
36
39
37
28
17
2
-12
-8
7
22
30
25
4
-15
-16
-12
-1
15
22
22
20
12
10
8
17
33
56
68
61
50
40
42
50
59
70
66
53
54
47
34
37
55
73
84
70
60
56
48
47
56
70
69
69
65
59
59
55
56
62
82
88
80
75
62
62
57
45
48
63
58
43
41
36
30
18
16
18
20
19
13
11
12
7
7
19
22
23
18
12
2
-1
9
6
5
1
2
10
22
23
16
10
2
-8
-17
-23
-20
-4
-4
-4
0
-5
-8
-11
-10
-6
-2
-6
-11
-9
-8
-6
-5
11
25
26
16
10
16
4
3
12
30
26
15
9
2
-6
-20
-6
9
14
9
6
-5
-29
-43
-50
-33
-29
-20
-12
-19
-24
-36
-57
-65
-63
-50
-42
-45
-53
-68
-81
-93
-90
-92
-85
-72
-67
-64
-65
-70
-85
-90
-91
-78
-64
-54
-52
-60
-63
-76
-86
-88
-82
-75
-79
-74
-68
-69
-69
-63
-61
-53
-42
-30
-21
-19
-23
-25
-26
-35
-27
-19
-23
-13
-1
9
20
15
16
21
13
6
9
10
8
1
-11
-18
-23
-25
-27
-23
-21
-16
-20
-26
-25
-24
-24
-14
-16
-20
-17
-31
-34
-37
-35
-27
-28
-28
-25
-20
-22
-27
-33
-37
-37
-29
-26
-25
-16
-24
-29
-38
-46
-45
-39
-30
-25
-28
-24
-26
-32
-29
-30
-14
-5
2
9
2
-11
-14
7
15
28
38
42
49
29
27
27
21
30
37
42
48
50
52
52
54
53
54
68
73
74
72
70
60
56
63
70
77
74
74
66
59
49
48
48
47
44
38
46
36
20
14
13
14
25
33
34
32
19
-1
-6
-12
-3
5
11
15
15
6
-5
-14
-26
-15
0
13
19
13
-3
-23
-22
-16
-3
11
20
28
24
15
5
14
21
23
24
27
32
32
24
24
21
30
35
45
53
58
54
36
38
28
30
40
59
65
60
61
51
41
34
40
42
45
50
54
35
18
12
18
24
27
36
41
38
23
16
3
-2
3
12
30
40
33
21
3
-13
-19
-9
1
-5
0
16
18
3
-16
-16
-10
-2
9
13
23
19
15
7
-4
-2
13
24
24
21
10
-4
-10
-14
-14
-3
4
10
23
23
16
8
-3
-4
0
7
22
19
9
2
-8
-16
-21
-20
-14
-8
-8
-9
-8
-8
-9
-2
-4
-7
-6
-11
-14
-21
-26
-26
-25
-27
-26
-20
-20
-22
-23
-23
-21
-14
-22
-27
-34
-45
-42
-42
-35
-27
-26
-33
-43
-48
-48
-58
-61
-60
-62
-61
-65
-71
-66
-62
-57
-41
-32
-37
-34
-32
-37
-37
-40
-39
-34
-35
-36
-39
-39
-40
-35
-33
-23
-8
-4
-2
-7
-9
-7
-10
-9
-11
-10
-4
-2
4
3
-8
-14
-22
-26
-22
-17
-10
-2
-1
-5
-13
-14
-7
-2
-3
4
-5
-7
-12
-23
-25
-30
-27
-26
-16
-18
-20
-17
-22
-10
-15
-13
-9
-3
-1
-3
-11
-12
-2
5
8
6
10
6
4
13
20
23
19
21
28
37
35
39
38
32
32
28
29
32
25
22
21
10
9
5
12
10
14
18
15
26
19
9
-2
-12
-12
-19
-21
-16
-19
-18
-20
-29
-28
-31
-36
-28
-19
-28
-37
-50
-55
-43
-36
-29
-25
-23
-27
-22
-29
-37
-32
-29
-20
-17
-9
-10
-12
-8
-3
1
7
13
23
32
32
27
28
34
40
54
61
68
73
68
72
69
66
75
75
76
74
63
65
69
61
58
60
54
43
41
41
41
48
36
31
30
21
20
21
19
19
20
22
23
13
10
7
1
0
0
16
23
24
24
8
-4
-2
7
7
12
17
11
3
-13
-18
-21
-19
-9
-2
-1
0
-2
-6
-3
0
4
2
12
14
6
4
-3
0
-3
1
5
4
3
-8
-16
-19
-15
-7
1
8
10
10
7
0
3
0
-4
-6
-4
-5
-10
-8
-11
-8
-1
9
15
14
16
18
18
20
19
18
22
22
20
26
24
18
19
15
6
4
7
10
9
8
7
13
13
15
9
3
8
4
1
-2
0
1
4
-3
-15
-18
-19
-19
-20
-18
-14
-22
-22
-24
-27
-34
-34
-30
-31
-24
-29
-31
-24
-22
-22
-16
-13
-7
-14
-17
-21
-29
-24
-16
-7
-8
-13
-19
-25
-27
-26
-21
-24
-24
-20
-16
-13
-20
-18
-18
-15
-16
-18
-11
-14
-11
-13
-15
-24
-26
-20
-15
-12
-4
2
-5
-7
-11
-17
-29
-31
-31
-29
-19
-21
-28
-27
-21
-27
-29
-28
-23
-24
-26
-33
-33
-34
-39
-39
-39
-34
-39
-36
-34
-34
-31
-30
-26
-30
-38
-38
-39
-37
-38
-35
-33
-25
-15
-14
-7
-4
1
0
-3
-5
0
4
8
11
7
6
-2
-12
-8
-10
-3
1
7
10
15
14
8
15
13
15
23
18
15
15
9
10
11
13
20
22
20
19
13
18
16
18
20
13
9
8
8
11
13
13
12
25
27
26
29
25
25
28
27
27
20
11
8
0
-4
-6
-1
1
1
0
4
3
-2
-4
-5
0
2
-1
-6
-6
-5
-2
-5
1
3
9
7
3
4
4
5
4
3
8
17
18
25
26
24
22
26
31
27
28
28
31
35
32
33
30
27
31
31
24
29
25
24
21
11
15
4
1
-3
1
-3
-12
-4
-4
0
-10
-11
-14
-18
-18
-21
-20
-15
-7
-11
-11
-9
-7
-4
-2
-1
4
5
7
15
19
10
7
7
7
6
6
8
6
15
14
15
19
17
17
27
23
22
27
28
32
22
23
16
15
15
24
28
30
29
23
24
23
23
33
31
26
31
27
24
26
29
22
20
25
30
38
36
28
20
12
5
3
0
-3
-8
-4
-4
-11
-12
-6
-6
-9
-7
-6
-10
-14
-18
-29
-39
-40
-36
-29
-20
-21
-18
-16
-18
-10
-8
1
-6
-8
-6
-1
-4
-23
-14
-10
-11
-6
6
18
13
2
0
-4
-9
1
12
4
1
3
2
1
1
-10
-7
1
0
4
-4
-13
-11
-15
-16
-17
-14
-9
-15
-13
-15
-19
-19
-24
-17
-14
-21
-16
-17
-21
-21
-25
-31
-30
-21
-14
-6
-6
-4
-4
2
1
-7
-10
-11
-13
-13
-17
-20
-21
-24
-23
-20
-18
-21
-19
-19
-16
-9
-12
-16
-16
-20
-21
-21
-23
-30
-33
-36
-26
-21
-24
-22
-26
-24
-23
-29
-29
-19
-17
-15
-18
-15
-16
-17
-14
-20
-14
-11
-6
-6
1
1
-8
-8
-7
-13
-5
1
3
1
-1
-4
0
2
3
5
-3
5
6
6
11
5
4
9
10
12
2
-5
-10
-10
-7
-6
2
4
13
13
17
18
8
3
-3
-1
-1
0
-3
-4
1
1
0
1
4
4
5
2
2
-7
-14
-17
-19
-15
-19
-16
-16
-23
-20
-22
-25
-24
-27
-17
-15
-17
-15
-20
-19
-13
-10
-10
-8
-5
-3
-2
-5
2
4
5
9
14
19
17
9
7
6
9
10
15
18
13
7
6
9
4
8
9
12
13
17
10
11
11
5
3
-4
-3
3
6
3
11
23
26
26
22
16
13
12
17
21
23
29
28
29
29
29
33
38
43
45
49
48
46
45
44
43
41
41
40
43
46
49
55
52
50
41
36
27
22
23
25
27
28
31
26
30
32
29
29
27
24
29
25
18
14
13
13
13
13
12
12
15
13
15
12
7
13
16
10
11
9
7
4
3
-9
-15
-13
-16
-14
-10
-13
-13
-16
-19
-22
-14
-11
-15
-11
-17
-18
-18
-20
-22
-23
-16
-13
-13
-12
-10
-4
-4
1
0
7
10
9
16
13
9
9
12
13
10
6
5
9
13
9
11
10
15
9
5
-1
-6
-6
-13
-11
-15
-15
-13
-11
-15
-21
-20
-18
-19
-18
-22
-23
-27
-29
-30
-40
-45
-44
-37
-36
-34
-30
-28
-27
-27
-35
-30
-29
-25
-25
-25
-23
-26
-28
-32
-31
-26
-29
-33
-26
-28
-27
-25
-26
-26
-25
-21
-25
-22
-23
-17
-21
-29
-30
-31
-29
-26
-26
-24
-19
-22
-20
-23
-24
-29
-32
-32
-33
-29
-23
-19
-17
-16
-18
-23
-20
-18
-19
-17
-20
-19
-16
-15
-21
-27
-34
-36
-32
-28
-28
-30
-35
-45
-45
-44
-43
-42
-43
-40
-40
-37
-28
-20
-22
-17
-20
-18
-12
-11
-7
-8
-5
4
3
7
10
11
17
23
22
22
26
24
25
24
19
21
23
19
23
23
25
23
23
21
23
27
21
19
16
12
3
4
2
-4
-2
-3
-2
-8
-8
-2
-1
3
-6
-6
-10
-8
3
-7
-8
-13
-19
-18
-21
-22
-17
-12
-13
-13
-4
-7
-5
-4
-11
-7
-11
-14
-15
-9
-9
-9
-4
-3
4
7
11
12
12
12
14
17
16
18
20
19
21
23
25
30
31
30
31
31
32
34
29
26
28
30
35
32
35
40
43
48
56
50
43
45
46
41
42
51
49
56
60
57
56
53
56
60
63
63
60
64
68
76
77
80
83
79
82
84
81
78
74
72
75
75
71
74
73
76
69
63
56
53
56
51
54
48
48
46
46
45
47
41
37
38
39
38
34
27
20
15
14
16
16
13
12
11
6
5
-5
-7
-7
-9
-10
-14
-17
-23
-23
-27
-28
-28
-26
-25
-24
-22
-25
-22
-23
-28
-23
-24
-28
-23
-27
-27
-25
-28
-26
-25
-26
-25
-17
-18
-21
-26
-33
-32
-30
-28
-27
-29
-30
-29
-29
-32
-31
-35
-30
-27
-31
-26
-24
-20
-26
-27
-27
-32
-31
-34
-40
-40
-35
-38
-35
-32
-33
-31
-28
-29
-26
-22
-24
-25
-31
-32
-32
-30
-26
-26
-22
-23
-20
-26
-29
-24
-30
-36
-37
-38
-36
-34
-42
-37
-40
-44
-47
-51
-46
-42
-39
-42
-47
-44
-48
-52
-53
-54
-47
-49
-40
-32
-33
-27
-23
-22
-20
-19
-17
-13
-12
-11
-6
-9
-16
-13
-12
-13
-11
-15
-11
-7
-4
-4
-11
-13
-14
-9
-8
-12
-14
-17
-15
-10
-19
-17
-23
-25
-22
-26
-25
-21
-24
-28
-23
-22
-16
-18
-20
-21
-20
-19
-18
-17
-22
-30
-31
-29
-31
-31
-31
-28
-30
-23
-20
-18
-18
-24
-19
-19
-22
-20
-18
-15
-16
-15
-12
-10
-9
-6
-1
3
4
11
9
10
15
15
14
13
15
26
32
33
39
42
38
38
35
32
32
29
32
34
34
33
30
30
28
26
28
28
31
31
27
29
30
35
41
43
40
37
37
39
43
47
43
47
48
47
50
50
53
55
60
63
63
69
70
69
64
67
63
59
59
47
52
55
59
60
58
61
59
59
57
50
50
50
46
46
44
43
41
44
45
45
45
45
48
46
41
35
36
40
38
37
37
36
38
44
44
43
41
35
32
37
36
29
28
30
23
22
16
11
6
5
10
13
14
13
9
10
11
13
15
3
8
0
-7
-6
-16
-22
-27
-25
-26
-24
-22
-18
-12
-16
-16
-12
-21
-23
-21
-28
-29
-33
-34
-28
-27
-27
-24
-24
-19
-25
-28
-32
-38
-39
-42
-44
-42
-45
-43
-37
-42
-40
-40
-35
-38
-48
-52
-52
-49
-49
-46
-41
-35
-31
-32
-33
-33
-37
-36
-38
-35
-34
-41
-42
-46
-41
-40
-39
-37
-24
-17
-16
-18
-22
-24
-33
-36
-42
-44
-45
-42
-39
-37
-37
-41
-44
-38
-44
-46
-46
-49
-45
-48
-53
-55
-60
-66
-62
-60
-51
-46
-40
-40
-44
-44
-45
-46
-51
-48
-44
-41
-32
-32
-32
-29
-30
-24
-27
-31
-34
-33
-30
-23
-21
-19
-22
-20
-15
-19
-13
-18
-12
-6
6
2
1
4
5
9
11
14
12
13
4
3
4
2
5
0
-1
-3
-1
2
-1
3
7
8
9
9
6
2
3
-3
-5
-7
-8
-8
-15
-7
-2
0
3
7
11
2
6
9
7
9
12
13
12
15
11
11
9
8
12
17
22
28
28
31
31
29
26
18
13
9
8
7
3
6
8
7
7
10
12
18
20
20
17
19
25
24
24
22
28
22
23
26
33
34
37
40
31
27
32
40
35
39
42
42
40
45
44
41
45
45
47
44
43
41
44
44
42
50
57
61
57
57
50
45
43
38
40
48
51
48
48
45
47
43
48
46
40
37
36
36
33
35
27
21
20
27
32
33
29
30
28
22
18
13
8
2
-1
-4
-3
1
8
6
13
13
11
5
-1
-1
-1
1
0
6
9
8
16
25
26
28
33
32
28
28
27
24
21
26
32
37
42
45
47
40
33
32
34
31
30
21
20
14
9
12
4
6
1
-2
-4
-7
-9
-20
-22
-29
-35
-38
-39
-33
-29
-31
-31
-27
-33
-34
-33
-34
-32
-32
-31
-24
-25
-26
-21
-17
-15
-9
-10
-5
-3
-9
-13
-7
-3
-6
-14
-22
-22
-18
-7
-7
-7
-6
4
7
2
4
2
-2
-3
-5
-7
-15
-19
-16
-14
-6
-8
-11
-15
-16
-19
-20
-21
-24
-26
-26
-33
-41
-45
-47
-54
-57
-56
-57
-61
-73
-72
-78
-84
-92
-94
-88
-85
-80
-72
-66
-74
-74
-76
-74
-66
-61
-54
-56
-52
-47
-46
-42
-33
-30
-29
-27
-23
-19
-15
-12
-11
-14
-15
-9
-6
-12
-14
-13
-13
-10
-6
-1
1
4
13
14
16
22
25
20
16
23
29
29
25
25
20
13
9
13
13
10
1
0
1
-6
-2
-4
-3
-14
-15
-16
-17
-16
-10
-10
-22
-17
-15
-17
-24
-19
-26
-34
-30
-24
-24
-31
-28
-24
-32
-28
-22
-25
-23
-19
-15
-9
-8
-2
-2
-8
2
11
3
3
6
7
5
5
14
11
10
18
23
23
27
30
36
40
40
44
35
32
35
36
48
45
43
44
41
42
38
40
31
31
33
33
35
31
36
38
29
22
24
23
18
21
18
17
12
18
25
21
15
11
10
6
6
11
3
5
13
12
11
12
14
9
8
6
-1
-7
-4
-4
-5
-7
-7
-14
-17
-5
4
9
9
9
11
15
17
25
29
29
30
38
51
53
54
56
52
41
46
48
47
53
47
40
32
38
42
33
45
56
57
49
49
51
37
29
40
36
27
31
28
12
5
15
23
8
7
20
22
23
22
26
21
16
16
22
22
16
16
10
3
6
13
7
3
4
11
9
1
-2
7
2
3
11
20
14
2
6
6
-3
-1
18
15
7
12
21
7
2
15
19
4
3
25
27
25
17
16
6
-7
-3
0
-8
-8
-10
-6
-11
-24
-26
-38
-39
-37
-32
-40
-42
-40
-46
-49
-42
-44
-51
-54
-59
-60
-62
-58
-59
-71
-76
-63
-63
-66
-62
-57
-64
-64
-56
-48
-50
-51
-54
-56
-53
-51
-53
-58
-47
-44
-46
-34
-21
-25
-32
-24
-19
-28
-15
-4
0
-7
-2
0
-15
-19
-8
-11
-23
-13
-11
-17
-31
-19
-11
-19
-12
6
11
15
17
12
7
1
7
1
-6
-5
2
-7
-9
-6
-11
-17
-29
-23
-16
-19
-23
-29
-36
-36
-44
-40
-44
-44
-47
-43
-32
-25
-36
-43
-42
-48
-45
-35
-21
-34
-45
-37
-39
-45
-39
-37
-46
-57
-49
-32
-43
-52
-42
-44
-55
-40
-13
-18
-31
-15
-5
-16
-21
-10
-8
-15
-3
9
9
1
16
20
9
12
26
26
17
19
25
13
13
23
24
17
26
31
25
34
37
38
39
39
42
44
46
30
38
45
35
35
38
33
22
17
22
18
10
16
25
18
13
26
29
29
24
26
32
13
16
23
12
3
10
20
25
24
35
40
24
35
37
58
62
46
55
51
51
44
50
55
56
66
75
76
75
75
69
57
56
55
54
50
46
45
33
37
39
31
33
36
33
25
29
33
19
1
14
21
18
22
44
50
33
30
35
26
6
15
27
15
8
12
16
6
-4
5
10
9
4
-5
-1
-1
-5
-11
0
-10
-15
-5
3
8
12
7
8
-7
-10
2
-11
-8
0
-1
-5
6
4
8
7
15
32
26
23
31
39
26
30
22
24
21
9
22
38
36
23
26
28
24
16
30
39
34
30
27
26
8
12
26
13
2
17
23
14
9
19
17
2
0
15
18
5
17
23
12
7
5
1
-18
-16
-4
-2
-16
-4
-3
-24
-42
-42
-33
-44
-44
-27
-21
-38
-43
-49
-45
-64
-68
-43
-52
-64
-51
-54
-69
-71
-57
-47
-49
-45
-37
-37
-42
-40
-35
-56
-56
-30
-30
-23
-28
-29
-34
-53
-50
-40
-44
-46
-49
-46
-54
-64
-45
-47
-50
-59
-51
-38
-51
-66
-64
-68
-96
-84
-68
-60
-61
-61
-70
-68
-68
-58
-68
-65
-43
-51
-57
-42
-57
-68
-68
-69
-60
-51
-42
-50
-62
-63
-48
-56
-63
-49
-47
-53
-52
-48
-41
-51
-64
-54
-43
-38
-32
-35
-44
-38
-41
-38
-36
-24
-17
-16
-4
11
21
10
2
19
18
15
30
57
60
50
74
80
86
76
95
106
95
101
116
118
119
122
112
105
108
120
117
120
120
124
104
96
107
93
83
89
106
102
88
90
98
85
70
72
74
72
65
60
54
42
34
33
30
27
22
20
17
10
5
-11
-33
-42
-48
-69
-94
-102
-121
-138
-157
-171
-176
-182
-189
-196
-196
-210
-225
-223
-218
-225
-216
-213
-210
-186
-193
-176
-154
-153
-137
-111
-105
-102
-97
-101
-106
-108
-105
-121
-81
-27
-8
20
48
117
163
152
173
232
239
195
198
313
387
359
342
384
413
353
329
400
434
365
278
293
303
217
118
98
102
49
-1
19
53
6
-69
-80
-31
1
27
68
124
179
176
175
217
267
282
282
335
407
428
398
386
397
372
297
279
307
262
174
135
119
51
-43
-84
-99
-146
-212
-228
-223
-262
-309
-347
-349
-346
-336
-317
-293
-264
-255
-262
-260
-251
-249
-229
-210
-186
-171
-183
-199
-223
-259
-304
-334
-339
-357
-379
-389
-418
-450
-466
-493
-524
-535
-523
-490
-480
-490
-471
-478
-521
-528
-466
-322
-213
-86
106
211
198
136
182
301
332
384
560
706
658
548
560
622
520
436
491
552
480
352
316
276
104
-91
-138
-124
-138
-197
-193
-193
-244
-341
-359
-292
-243
-204
-129
-2
98
140
152
192
230
268
335
456
592
644
649
637
647
613
567
531
522
487
408
356
315
244
117
-12
-97
-141
-185
-234
-277
-342
-430
-520
-537
-514
-521
-527
-501
-442
-404
-382
-361
-334
-312
-289
-214
-116
-39
-8
-7
-9
-12
-36
-57
-44
-48
-73
-111
-139
-173
-256
-340
-412
-438
-482
-489
-460
-500
-580
-665
-685
-696
-717
-664
-617
-603
-580
-558
-381
-226
-120
79
241
289
282
333
483
602
664
817
942
951
889
883
971
938
838
820
851
806
660
541
449
269
63
-68
-93
-107
-214
-291
-356
-416
-521
-580
-528
-454
-421
-377
-274
-157
-95
-79
-31
46
157
266
397
558
649
671
671
709
757
742
683
653
637
568
491
457
380
215
57
-7
-47
-133
-226
-294
-377
-499
-596
-648
-651
-673
-699
-673
-609
-577
-565
-521
-462
-403
-333
-218
-80
14
56
86
109
128
144
165
197
182
153
138
113
52
-31
-115
-181
-246
-287
-262
-322
-475
-560
-586
-639
-699
-706
-667
-660
-714
-617
-369
-212
-88
46
159
191
165
238
475
683
820
912
989
1043
1014
980
1016
1062
1069
1026
1019
952
818
622
413
201
71
-21
-63
-121
-205
-341
-507
-632
-718
-740
-734
-677
-592
-481
-397
-342
-324
-315
-281
-204
-26
180
370
501
582
624
658
653
683
731
741
726
728
713
642
534
399
251
126
39
-21
-85
-190
-339
-491
-615
-719
-786
-821
-826
-824
-816
-812
-791
-767
-742
-700
-607
-482
-361
-222
-118
-65
-35
-3
24
104
181
234
287
311
297
246
168
94
55
5
-36
-22
-105
-217
-323
-459
-553
-620
-653
-661
-710
-720
-582
-426
-300
-150
-50
-43
-98
-52
162
385
577
741
868
869
870
924
1011
1059
1062
1079
1087
1057
992
873
673
431
217
118
89
62
-50
-213
-398
-586
-740
-808
-811
-812
-804
-758
-641
-574
-556
-595
-589
-549
-433
-246
-13
207
308
368
449
517
533
580
666
747
759
770
792
739
575
422
339
275
188
139
93
-40
-239
-431
-567
-680
-768
-815
-817
-816
-829
-848
-860
-883
-905
-889
-758
-577
-440
-310
-215
-165
-151
-103
-1
79
155
242
317
384
389
334
273
227
178
127
110
115
47
-116
-258
-342
-445
-559
-595
-571
-644
-711
-562
-352
-231
-183
-131
-97
-189
-161
117
397
554
665
760
814
818
860
963
1037
1066
1065
1088
1115
1043
827
572
365
219
118
79
78
-34
-217
-435
-571
-681
-776
-820
-830
-778
-711
-648
-599
-577
-592
-618
-569
-397
-194
40
283
435
494
553
608
663
699
793
890
955
998
1011
947
761
599
505
445
415
399
332
159
-69
-255
-411
-551
-654
-701
-726
-737
-751
-777
-832
-932
-975
-922
-782
-605
-454
-344
-260
-220
-204
-143
-56
42
154
249
322
358
331
283
230
200
167
135
128
113
2
-131
-253
-400
-533
-615
-603
-551
-450
-336
-221
-180
-229
-259
-287
-225
-9
271
451
584
698
755
751
792
918
1015
1077
1164
1280
1266
1151
966
741
550
410
322
301
286
154
-56
-265
-422
-583
-709
-760
-753
-713
-702
-684
-652
-647
-728
-766
-693
-537
-361
-167
41
226
341
392
462
554
558
590
745
913
980
947
913
837
656
516
477
468
414
309
204
26
-200
-426
-575
-659
-733
-781
-783
-779
-826
-942
-1056
-1078
-1054
-981
-812
-589
-454
-418
-389
-335
-281
-228
-124
22
152
236
291
265
207
183
149
128
134
103
-10
-119
-231
-363
-466
-607
-696
-626
-475
-288
-150
-146
-220
-403
-548
-441
-139
128
261
387
486
497
527
617
744
831
861
953
1105
1156
1092
898
651
468
350
359
399
377
210
-34
-242
-389
-496
-569
-639
-664
-644
-631
-605
-569
-589
-706
-800
-754
-582
-344
-124
40
190
201
206
366
498
499
524
687
813
828
880
942
814
592
548
621
581
489
452
335
109
-85
-204
-322
-472
-590
-627
-674
-729
-771
-875
-980
-1015
-1010
-944
-792
-631
-579
-537
-499
-495
-451
-363
-253
-123
-60
16
108
146
135
64
-23
-7
23
-34
-70
-114
-257
-495
-560
-321
-93
-28
-22
-4
-87
-309
-344
-108
116
200
187
248
397
442
430
505
654
747
765
830
994
1059
888
615
513
527
485
486
555
561
378
111
-30
-39
-76
-222
-284
-204
-144
-178
-213
-224
-290
-471
-585
-457
-212
-82
-20
101
226
192
121
256
358
309
312
501
713
708
606
632
574
394
375
530
606
488
391
345
217
30
-128
-202
-260
-326
-346
-348
-364
-461
-654
-788
-811
-779
-722
-602
-478
-483
-529
-548
-548
-540
-497
-401
-297
-217
-158
-106
-73
-139
-215
-236
-192
-102
-137
-185
-269
-396
-390
-218
95
288
195
112
78
-72
-132
126
528
590
365
384
581
593
418
413
637
648
455
535
821
880
498
114
99
143
47
7
180
290
40
-269
-271
-136
-218
-437
-391
-131
-59
-114
-29
127
24
-304
-384
-129
65
100
171
365
431
227
187
356
376
195
117
335
506
383
281
302
207
-7
-78
105
231
120
-14
-68
-122
-244
-344
-313
-291
-343
-371
-318
-245
-303
-472
-554
-534
-508
-478
-358
-220
-230
-354
-395
-383
-362
-367
-352
-270
-266
-252
-243
-247
-303
-460
-546
-581
-645
-584
-594
-644
-513
-293
-8
64
2
88
-13
-228
-166
298
792
708
480
624
725
587
474
751
1075
852
568
707
943
801
308
54
95
0
-145
-53
234
225
-275
-637
-530
-343
-444
-538
-290
-52
-161
-237
40
288
80
-254
-143
224
354
356
612
873
649
328
442
628
543
342
427
624
490
312
368
318
7
-261
-266
-154
-158
-234
-348
-472
-609
-775
-810
-716
-649
-634
-677
-573
-418
-494
-605
-624
-593
-545
-423
-209
-49
-44
-179
-244
-182
-170
-170
-157
-104
-43
-105
-174
-162
-226
-436
-610
-572
-536
-689
-577
-259
37
49
-44
127
165
-141
-236
162
728
866
624
778
1088
968
616
754
1332
1382
938
880
1262
1257
653
228
415
409
-60
-236
144
410
-32
-525
-447
-230
-480
-791
-549
-98
-164
-474
-246
214
165
-286
-265
169
316
202
412
943
1025
583
458
754
722
383
303
626
737
404
314
501
309
-158
-394
-289
-218
-394
-482
-436
-526
-778
-1014
-1009
-910
-946
-990
-888
-650
-575
-703
-702
-646
-729
-773
-633
-340
-150
-188
-180
-180
-220
-306
-286
-152
-111
-157
-204
-161
-172
-296
-459
-539
-691
-738
-534
-133
184
171
155
156
-46
-290
-111
493
924
774
684
1008
1188
972
820
1218
1508
1182
880
1190
1600
1314
667
534
668
363
-30
104
545
366
-340
-555
-225
-182
-603
-672
-291
-186
-550
-577
-60
206
-166
-469
-173
143
71
16
414
720
544
295
488
774
632
266
230
410
368
241
307
486
310
-207
-429
-290
-284
-466
-560
-461
-491
-752
-875
-737
-683
-935
-1141
-1007
-804
-775
-793
-699
-568
-664
-789
-662
-443
-404
-512
-529
-408
-335
-360
-362
-249
-274
-434
-526
-487
-439
-505
-611
-655
-504
-248
69
244
244
187
72
-272
-403
10
659
960
679
660
1001
1069
796
836
1358
1567
1088
817
1250
1607
1203
561
604
769
401
74
425
966
632
-142
-283
51
-13
-356
-225
202
117
-338
-239
263
393
-35
-203
3
148
95
293
829
1090
729
366
560
626
374
160
259
352
120
-153
93
297
-142
-728
-929
-879
-956
-977
-785
-600
-837
-1310
-1446
-1172
-953
-976
-939
-738
-666
-736
-637
-450
-489
-727
-783
-550
-276
-144
-183
-299
-520
-818
-903
-746
-666
-746
-916
-1067
-1120
-1150
-1397
-1431
-1035
-235
669
1224
1280
918
361
-18
262
1044
1962
2310
1990
1342
844
730
795
820
741
519
332
305
324
170
-337
-1091
-1594
-1499
-746
144
588
540
242
36
124
624
1342
1892
2009
2049
2319
2673
2698
2318
1755
1248
879
812
1205
1532
1264
420
-458
-936
-1156
-1288
-1258
-1183
-1296
-1381
-1257
-971
-947
-1269
-1382
-1080
-520
44
557
799
509
-84
-433
-302
13
148
93
51
-142
-522
-878
-1178
-1480
-1797
-1888
-1565
-1118
-896
-1043
-1398
-1803
-2024
-1890
-1384
-778
-569
-584
-727
-972
-1131
-1140
-1105
-776
64
1506
2815
2827
1788
602
-84
-241
211
1198
2207
2123
939
-367
-904
-807
-727
-755
-580
-116
235
355
370
92
-698
-1512
-1364
-37
1573
2437
2478
2112
1588
1097
958
1377
1900
2090
2078
2271
2498
2250
1320
224
-476
-629
-230
536
1372
1543
912
100
-418
-471
-248
36
366
602
610
628
564
204
-456
-971
-900
-460
59
331
175
-384
-1207
-1831
-1855
-1453
-1082
-889
-758
-679
-867
-1170
-1433
-1628
-1614
-1419
-888
-295
-3
-213
-740
-1156
-1443
-1446
-1194
-909
-756
-990
-1425
-1761
-1979
-2322
-2222
-841
1323
2850
2494
1170
127
-309
-473
205
1641
2671
2151
491
-825
-1179
-1012
-1055
-1096
-825
-332
21
107
-65
-656
-1541
-1903
-1061
683
2243
2815
2474
1803
1246
1050
1142
1455
1844
2184
2424
2534
2381
1700
464
-666
-1032
-347
685
1352
1559
1276
657
8
-210
159
686
925
1049
1200
1224
1014
483
-206
-816
-930
-442
223
581
331
-341
-1053
-1527
-1673
-1399
-920
-603
-515
-475
-543
-793
-1236
-1646
-1735
-1499
-1052
-565
-352
-636
-1222
-1702
-1887
-1841
-1648
-1520
-1503
-1613
-1885
-2063
-2254
-2528
-2487
-1309
1138
3213
3309
1880
472
-145
-370
26
1454
2836
2463
477
-1309
-1844
-1792
-1817
-1717
-1237
-604
-286
-148
-247
-935
-1971
-2252
-1114
841
2546
3263
2975
2108
1235
838
977
1254
1435
1737
2246
2594
2371
1613
432
-697
-1055
-261
1096
1967
2147
1838
1223
582
316
729
1316
1506
1432
1377
1257
883
375
-186
-743
-864
-373
326
780
605
-52
-666
-1086
-1164
-793
-258
49
37
-162
-546
-1120
-1662
-1897
-1753
-1476
-1106
-793
-678
-1063
-1493
-1814
-1819
-1649
-1533
-1299
-1280
-1401
-1816
-2259
-2708
-2654
-1831
619
3405
4129
2501
282
-630
-928
-845
297
2297
2718
712
-1742
-2540
-2368
-2373
-2066
-1221
-256
73
108
162
-382
-1732
-2476
-1474
643
2421
3224
3227
2361
1030
197
341
934
1190
1350
1855
2226
1899
1069
147
-667
-1040
-515
1001
2248
2429
2021
1378
788
416
805
1741
2407
2356
2019
1648
1178
525
99
-111
-150
498
1314
1800
1421
454
-554
-1137
-1181
-746
-57
328
187
-276
-724
-1356
-1937
-2278
-2133
-1533
-865
-341
-260
-691
-1367
-1831
-2094
-1766
-1476
-1302
-1639
-2096
-2553
-2748
-2729
-2237
15
2745
3689
1999
98
-488
-441
-814
-259
1677
2610
746
-1790
-2411
-2253
-2475
-2299
-1081
100
26
-500
-476
-608
-1852
-2788
-1842
289
1773
2286
2445
1938
639
-523
-451
501
1219
1514
1824
2044
1546
621
-62
-459
-696
-256
1009
2059
2277
1923
1280
607
232
473
1459
2287
2349
1860
1190
575
212
118
32
211
795
1506
1891
1718
966
80
-600
-881
-382
463
912
582
-84
-697
-1238
-1610
-1642
-1305
-937
-586
-277
-106
-522
-1147
-1710
-1796
-1609
-1326
-1351
-1657
-2364
-3194
-3531
-3424
-1679
1422
3712
3015
591
-1127
-1347
-1678
-1554
317
2420
1885
-784
-2240
-2065
-2305
-2948
-2199
-258
885
510
34
-172
-1307
-3055
-3169
-1072
1161
1931
1930
1841
1054
-475
-1404
-878
153
809
1483
2450
2670
1543
8
-755
-823
-427
570
2082
2908
2571
1877
1040
225
-276
151
1288
2305
2410
1920
1179
272
-403
-548
-187
579
1692
2424
2484
1894
843
-151
-668
-505
104
864
1163
897
170
-762
-1553
-1800
-1469
-914
-141
577
904
433
-406
-1179
-1565
-1632
-1382
-1065
-967
-1446
-2369
-3279
-3583
-1724
1671
3738
2641
471
-311
-507
-1456
-1532
584
2194
486
-2219
-2499
-1577
-1985
-2617
-1748
-337
-326
-858
-390
-103
-1636
-3507
-3082
-812
969
1559
1777
1459
69
-1464
-1560
-466
335
634
1312
2210
2194
1238
294
-426
-979
-722
775
2376
3017
2706
2018
1092
195
-82
386
1163
1666
1838
1642
1071
443
43
-494
-613
242
1728
2755
2936
2549
1645
515
-475
-505
257
938
1002
726
348
-302
-1051
-1395
-1391
-1147
-609
289
1120
1140
502
-257
-897
-1307
-1470
-1166
-899
-1376
-2093
-2656
-1386
1476
3535
2673
168
-1088
-914
-1139
-971
868
2534
1085
-2290
-3573
-2784
-2443
-2500
-1536
103
562
-208
-564
-720
-2125
-3917
-3840
-1836
137
1155
1718
1412
-166
-2072
-2678
-1811
-791
-131
808
1884
1957
1030
222
-233
-857
-1141
-102
1646
2523
2411
1888
1141
96
-328
275
1161
1345
943
861
711
131
-181
-157
-230
18
1005
2228
2812
2639
1974
1184
559
136
273
862
1081
714
136
-405
-997
-1296
-1195
-834
-389
75
603
805
496
25
-269
-331
-497
-798
-704
-805
-1415
-1838
282
4058
5206
2450
-921
-1498
-1236
-1814
-988
2274
3540
31
-4076
-4325
-2868
-2737
-2410
-569
1089
813
110
422
107
-2297
-4340
-3565
-1133
618
1400
1687
637
-1678
-3363
-3155
-1807
-860
-89
1084
1811
1080
-183
-650
-845
-1242
-845
982
2290
2128
1421
868
-7
-1094
-1246
138
1589
1689
1008
327
-328
-953
-999
-680
-24
942
1963
2616
2666
2074
1102
364
-55
179
961
1518
1382
541
-521
-1545
-2171
-2255
-1691
-774
281
1019
1138
1017
239
-505
-771
-198
429
731
631
741
18
-203
2330
5097
4813
1178
-1039
-578
-726
-1661
-2
3064
2445
-2263
-5124
-3872
-2496
-2219
-1118
1164
2159
893
-1
478
-21
-2126
-3174
-1854
208
1141
1287
970
-661
-3105
-4621
-3860
-1988
-544
699
1694
1507
57
-1099
-1211
-1001
-624
698
2558
3263
2602
1528
497
-977
-2055
-1453
311
1456
1375
836
0
-1373
-2363
-2197
-1405
-216
1200
2609
3166
2636
1424
343
-175
-285
290
1334
2046
1703
663
-775
-2134
-2929
-3014
-2217
-1051
102
894
1067
744
-293
-1168
-1275
-528
306
803
921
555
63
1625
4928
6335
3909
201
-859
-682
-1136
-586
2527
4070
668
-4194
-5165
-3236
-2069
-1398
308
2258
2328
1144
1028
1503
104
-2260
-2632
-500
1607
2028
1485
398
-1582
-4039
-5160
-3837
-1642
-324
526
1262
1053
-345
-1568
-1662
-969
7
1350
2636
3315
2816
1438
-86
-1282
-1680
-1020
192
991
1000
275
-807
-1831
-2292
-2387
-1860
-492
1228
2436
2687
2201
1255
172
-583
-457
519
1522
1787
1316
315
-1119
-2578
-3353
-3243
-2430
-1417
-382
420
651
75
-809
-1590
-1335
-748
71
749
1054
502
457
3358
6431
6213
2311
-502
-539
-510
-1123
761
4204
3695
-1716
-5810
-5008
-2949
-1982
-678
1933
3456
2156
593
1135
1678
-155
-2011
-1005
1803
3084
2356
1330
-84
-2668
-5353
-5318
-2727
-608
50
636
1217
251
-1713
-2482
-1552
-348
863
2210
3348
3333
1939
299
-735
-1314
-1358
-382
770
1231
530
-815
-2078
-2558
-2614
-2443
-1237
525
1731
1971
1698
1122
451
-246
-430
314
1360
1833
1467
698
-561
-1975
-2812
-3007
-2767
-2266
-1477
-734
-282
-535
-1234
-1831
-1807
-1401
-681
47
469
381
-181
2006
5810
7123
4028
144
-382
-38
-967
-354
3471
5159
710
-5244
-5964
-3588
-2475
-1811
544
3081
2470
63
134
2093
1531
-876
-963
1892
3923
3220
2284
1745
-108
-3548
-5165
-3073
-430
25
144
1259
1094
-1217
-2941
-1950
-89
877
1645
2933
3631
2414
430
-304
-414
-781
-477
606
1505
945
-470
-1578
-2242
-2710
-2983
-1952
44
1489
1753
1549
1074
282
-474
-656
174
1155
1691
1656
1145
107
-1522
-2675
-2944
-2759
-2401
-1809
-1005
-570
-845
-1577
-2153
-2279
-1911
-1308
-382
98
224
-391
-237
3051
6437
6408
2663
-128
-239
-410
-1266
639
4700
4670
-1215
-6146
-5452
-3329
-2762
-1546
1637
3498
1460
-1014
126
1982
644
-1207
244
3395
4048
2906
2694
2348
-391
-3965
-4325
-1487
428
429
1107
2039
513
-2430
-3041
-1070
694
1422
2460
3697
3558
1703
264
150
-204
-590
78
1539
2061
1017
-296
-1330
-2237
-2999
-2875
-1260
770
1758
1695
1301
565
-471
-1110
-729
398
1348
1680
1429
635
-666
-2214
-2883
-2831
-2763
-2436
-1764
-986
-765
-1352
-1990
-2482
-2510
-2021
-1200
-306
28
-194
-1044
-18
3389
6178
5214
1982
275
-39
-1064
-1533
1579
5119
3338
-2387
-5323
-4410
-3647
-3471
-1330
2000
2494
-61
-1084
814
1384
-753
-1471
886
3061
2951
2757
3458
2652
-737
-3556
-2874
-661
138
563
2138
2500
21
-2419
-2122
-489
305
1098
2675
3761
3014
1305
651
426
-457
-800
452
1874
1956
1141
221
-800
-1961
-2791
-2337
-574
917
1427
1540
1350
426
-716
-1124
-645
185
901
1366
1415
681
-927
-2372
-2925
-3139
-3238
-2779
-1634
-777
-876
-1514
-2360
-2696
-2674
-2137
-1052
-433
-280
-907
-769
1393
4206
5276
3409
1076
-173
-1008
-1600
126
3568
4364
695
-3609
-4844
-4411
-3917
-2495
196
1851
730
-962
-510
666
-23
-1184
-422
1546
2483
2473
2971
3091
1282
-1616
-2917
-1833
-456
246
1490
2726
1890
-644
-1979
-1106
228
995
1958
3179
3367
2208
1023
832
505
-245
-163
858
1673
1497
951
248
-622
-1610
-2051
-1243
256
1368
1687
1697
1193
200
-639
-734
-176
430
946
1108
888
17
-1251
-2066
-2535
-3023
-2935
-2335
-1288
-754
-848
-1136
-1881
-2272
-2211
-1394
-678
-113
-245
-433
-1280
-1105
880
2846
3197
1732
746
-165
-1373
-1749
123
2295
2099
-249
-2156
-2972
-3711
-3419
-1400
862
1514
656
162
155
-352
-1041
-874
66
609
732
1288
2003
1649
371
-951
-1628
-1572
-817
947
2660
2935
1888
778
401
484
726
1680
2572
2564
1927
1395
1290
1008
303
-223
3
460
759
978
1289
966
75
-675
-880
-215
744
1569
2086
2152
1430
442
-133
-323
-240
3
476
551
110
-703
-1559
-2384
-3157
-3469
-2823
-1645
-811
-456
-666
-1017
-1618
-1875
-1367
-661
-73
-5
-203
-557
-596
172
1213
1814
1457
733
-121
-761
-1012
-350
568
643
-132
-1199
-2189
-3011
-2741
-1509
-221
483
617
608
324
-344
-815
-691
-277
-239
-135
300
629
473
-41
-679
-1261
-1595
-1191
67
1351
1914
2008
2070
1916
1377
1132
1498
1937
1970
1767
1785
1582
864
-17
-451
-367
-66
290
640
899
716
265
-96
-87
246
650
1165
1649
1916
1790
1414
1036
594
207
-16
43
159
205
-3
-696
-1564
-2338
-2597
-2296
-1786
-1159
-780
-702
-991
-1223
-1089
-837
-594
-431
-67
324
608
336
-240
-1031
-1532
-1622
-1276
-228
653
975
-16
-1445
-2440
-2349
-1639
-795
228
507
35
-803
-930
-367
467
972
1019
929
552
-32
-582
-783
-910
-1157
-1262
-1409
-1503
-1634
-1375
-823
-305
-7
65
608
1248
1820
2230
2696
2786
2326
1750
1237
1135
1012
880
703
591
313
-94
-111
-6
253
358
346
205
231
526
754
1051
1158
1136
999
1007
1220
1489
1663
1423
1008
545
179
-180
-468
-848
-1379
-1561
-1681
-1406
-1054
-725
-646
-966
-1131
-1169
-696
-143
216
499
694
454
-124
-905
-1283
-1357
-1440
-1416
-1000
-478
-572
-1063
-1400
-1114
-1088
-1309
-1382
-910
-390
-289
144
806
1174
954
527
374
387
533
652
799
555
-216
-881
-1322
-1778
-2107
-1982
-1631
-1167
-770
-696
-363
121
456
638
1132
1665
1865
1957
1959
1911
1732
1479
1105
880
636
443
604
833
862
548
284
-21
-232
-59
309
753
957
897
678
658
840
1219
1706
1922
1863
1531
1077
654
481
401
57
-430
-901
-1147
-1133
-965
-775
-734
-838
-1005
-957
-414
146
481
642
564
467
216
-45
-453
-752
-1113
-1487
-1516
-1254
-1282
-1573
-1900
-2174
-2448
-2717
-2346
-1604
-742
-549
-597
-382
-120
-86
376
1069
1452
1603
1299
873
261
-60
-236
-297
-480
-1115
-1471
-1530
-1489
-1497
-1170
-708
-517
-521
-331
251
847
1364
1459
1500
1372
984
789
950
1321
1295
1235
1172
1071
997
830
780
641
422
224
383
673
806
877
902
865
725
819
1004
1381
1631
1518
1304
1081
895
568
291
32
-212
-391
-514
-458
-329
-308
-492
-639
-664
-598
-386
-15
492
891
1026
826
467
21
-539
-784
-775
-541
-472
-746
-1171
-1620
-1934
-2298
-2400
-2190
-1788
-1556
-1390
-1277
-1174
-1086
-1235
-1155
-708
-16
453
751
781
271
-204
-561
-813
-951
-1040
-1085
-1128
-1125
-1247
-983
-521
-380
-548
-308
53
367
650
870
1111
1103
816
483
566
723
608
538
793
961
890
769
721
727
643
635
777
926
902
695
732
870
999
1079
1151
1253
1182
1021
1022
1201
1410
1409
1171
746
306
71
-86
-46
142
215
128
41
-85
-201
-82
162
377
692
874
793
592
351
-32
-208
-47
-38
-182
-501
-756
-945
-1189
-1425
-1596
-1602
-1662
-1696
-1581
-1300
-1179
-1099
-1012
-926
-740
-448
-121
97
74
-58
-156
-319
-704
-1013
-1140
-1335
-1498
-1616
-1510
-1241
-1178
-1398
-1438
-1230
-946
-734
-522
-334
-224
-304
-336
15
504
712
526
437
491
516
598
768
1085
1188
1106
923
934
945
722
644
726
976
1031
1183
1232
1197
1077
882
813
979
1218
1176
1154
974
748
471
414
463
362
253
251
479
599
699
768
873
884
763
825
1005
1021
812
713
673
636
371
119
43
-101
-376
-606
-631
-719
-827
-989
-1037
-1005
-994
-1044
-1053
-891
-786
-461
1
228
112
-81
-308
-399
-401
-477
-545
-628
-938
-1378
-1654
-1693
-1425
-1223
-1137
-1091
-910
-903
-924
-914
-784
-690
-829
-770
-600
-179
-42
-191
-353
-257
-374
-418
-97
72
321
257
221
84
134
-34
-227
-174
-80
211
405
682
647
634
493
537
735
987
1156
1177
1191
933
780
605
432
359
292
318
452
526
667
770
848
991
1066
1127
1240
1226
903
907
1081
1210
1250
1084
754
385
85
-167
5
207
72
-266
-351
-440
-537
-570
-558
-496
-384
-309
-106
279
474
453
389
259
-116
-324
-346
-496
-744
-902
-962
-1022
-1099
-1168
-1378
-1409
-1342
-1130
-905
-865
-604
-582
-929
-1061
-806
-664
-511
-332
-275
-162
-333
-562
-332
-248
-143
-71
-187
-211
-407
-553
-663
-309
-296
-194
-167
-44
30
-140
-69
206
456
489
625
466
550
447
418
444
466
349
361
363
339
405
413
634
727
695
626
773
948
737
609
668
989
1066
933
1056
966
924
680
760
801
675
306
52
27
-72
32
-112
-151
-287
-386
-394
-56
309
483
503
355
190
-58
-97
-43
-36
-301
-667
-651
-728
-901
-1044
-1116
-1177
-1215
-1196
-1068
-941
-901
-891
-934
-1012
-901
-726
-572
-505
-460
-348
-414
-521
-370
-58
-122
-143
-179
-367
-485
-660
-655
-510
-396
-389
-400
-368
-417
-293
-376
-193
302
498
470
375
272
198
383
341
360
318
250
213
283
491
663
828
564
499
454
469
584
759
934
1060
924
864
980
943
1034
1157
1083
918
1100
1148
971
914
746
474
432
195
130
231
146
132
303
257
200
415
404
275
437
337
316
294
117
-31
-180
-168
-371
-396
-721
-656
-666
-867
-1004
-880
-578
-808
-928
-985
-808
-1237
-1197
-1015
-783
-661
-680
-518
-662
-600
-567
-416
-427
-348
-546
-515
-530
-736
-749
-662
-685
-667
-863
-947
-672
-446
-375
-225
22
-147
-168
-200
48
100
-82
-76
112
144
23
22
266
330
115
42
189
351
352
128
221
428
511
544
701
703
785
785
666
886
1078
1118
1138
1131
896
824
604
637
750
719
378
414
476
502
728
752
738
885
780
552
554
663
592
633
609
513
446
238
40
26
126
-133
-13
-99
-122
-268
-247
-328
-522
-601
-685
-554
-544
-652
-488
-247
-412
-409
-512
-447
-338
-359
-415
-289
-420
-760
-747
-927
-976
-826
-825
-907
-779
-759
-969
-745
-605
-470
-583
-524
-392
-268
-357
-351
-210
-340
-365
-290
-132
-24
-68
-174
-1
-139
-232
-61
-62
-6
119
129
232
290
158
438
482
505
508
560
680
829
867
640
692
455
417
500
502
537
739
851
776
708
660
706
725
772
749
785
731
572
592
564
601
499
295
195
207
80
107
273
277
144
21
-101
-218
-269
-357
-323
-241
-223
-308
-148
-236
-273
-371
-449
-385
-369
-257
-278
-215
-465
-626
-720
-733
-644
-868
-848
-796
-791
-771
-732
-765
-801
-753
-796
-605
-535
-578
-406
-349
-461
-511
-502
-322
-229
-268
-282
-200
-254
-390
-463
-415
-253
-262
-247
-197
-72
-37
36
96
182
203
71
180
381
441
408
489
386
380
190
61
355
520
646
681
833
700
681
618
772
929
802
830
769
886
769
826
674
684
534
335
421
506
654
576
544
405
362
139
63
123
145
176
102
201
218
134
-22
-196
-132
-183
-185
-229
-122
-157
-318
-446
-488
-557
-779
-750
-782
-586
-626
-670
-662
-714
-799
-802
-637
-594
-479
-616
-612
-635
-615
-613
-521
-467
-414
-411
-487
-422
-465
-361
-521
-415
-325
-251
-328
-334
-205
-189
-51
-73
117
5
4
-13
111
162
139
182
94
240
113
143
181
322
361
401
445
494
582
653
718
823
787
623
685
647
643
657
655
656
685
626
545
530
528
518
534
550
504
543
502
418
454
446
442
410
533
558
461
404
379
322
283
133
136
147
34
-39
-96
-251
-352
-343
-353
-250
-337
-371
-493
-383
-440
-315
-378
-377
-407
-536
-485
-615
-519
-549
-544
-701
-642
-740
-716
-594
-622
-638
-782
-795
-756
-628
-574
-606
-569
-594
-424
-326
-360
-336
-280
-309
-322
-240
-286
-106
-196
-237
-320
-261
-188
-141
-51
-17
184
145
231
330
519
549
431
487
491
485
450
536
586
569
604
445
616
498
555
581
576
602
562
602
512
704
600
655
657
771
709
727
663
632
643
557
554
580
527
444
334
302
237
137
63
3
110
-41
-12
-5
-5
-147
-168
-231
-241
-154
-214
-205
-207
-292
-396
-398
-491
-470
-461
-611
-637
-595
-558
-717
-657
-708
-593
-805
-817
-678
-662
-597
-551
-381
-531
-457
-616
-474
-561
-638
-594
-428
-490
-573
-471
-493
-427
-484
-428
-469
-226
-287
-134
23
84
183
46
152
83
112
73
159
254
181
330
262
233
143
171
158
112
228
236
364
377
473
470
595
569
571
666
719
673
697
790
718
729
616
578
476
558
515
383
369
301
257
274
312
365
331
281
259
274
297
185
314
206
200
135
121
28
46
31
-109
-158
-280
-236
-412
-382
-388
-238
-401
-388
-421
-532
-497
-564
-391
-413
-369
-349
-244
-409
-507
-554
-594
-628
-606
-524
-463
-504
-593
-616
-560
-586
-577
-509
-415
-350
-203
-102
-189
-156
-157
4
-301
-211
-143
138
-22
-192
-44
-191
-49
-264
-28
-122
-73
-78
-31
79
74
222
233
350
372
423
499
557
570
599
553
531
553
611
593
667
563
436
431
413
464
437
504
474
453
388
461
421
495
400
406
409
413
405
331
401
203
408
154
122
112
97
46
-33
-107
-59
-44
-149
-165
-248
-156
-173
-162
-243
-155
-163
-206
-279
-212
-157
-284
-446
-388
-425
-448
-477
-424
-333
-407
-490
-448
-313
-436
-312
-316
-130
-87
-242
-147
-156
-263
-418
-192
-158
-162
-210
-260
-202
-379
-439
-383
-326
-314
-313
-297
-197
-96
-171
-136
-13
32
165
163
295
431
430
249
269
305
323
420
445
507
391
213
266
342
370
357
369
501
473
349
362
603
472
366
485
402
559
442
461
450
530
348
348
410
137
237
198
265
25
105
93
154
-57
-5
121
93
1
-89
3
-60
-122
-164
-26
-211
-322
-338
-385
-488
-453
-457
-363
-517
-578
-520
-469
-553
-511
-350
-386
-302
-346
-365
-281
-426
-463
-429
-325
-393
-347
-273
-403
-349
-440
-456
-455
-425
-478
-387
-318
-320
-324
-188
-188
-175
-156
-58
99
129
167
157
246
115
131
251
307
271
269
274
302
322
315
290
409
388
380
434
301
498
396
410
354
421
445
410
503
398
472
324
467
327
428
422
310
266
179
192
54
266
201
270
156
151
38
80
-12
-70
46
-7
-4
-90
-74
-266
-152
-282
-372
-243
-255
-319
-264
-204
-405
-366
-466
-374
-333
-293
-265
-256
-291
-421
-393
-505
-417
-484
-288
-352
-408
-502
-440
-468
-608
-517
-527
-408
-521
-441
-440
-352
-439
-459
-386
-299
-235
-231
-126
-212
-152
-119
-122
-37
-17
-69
-118
53
61
-22
175
119
193
117
194
257
323
322
222
364
293
376
364
477
393
435
554
423
405
547
646
499
565
490
484
583
500
515
582
632
548
593
499
600
491
344
465
353
335
169
259
145
125
84
18
68
-97
7
26
55
-28
-91
-69
-138
-152
-90
-37
-78
-130
-198
-224
-261
-314
-352
-321
-325
-393
-359
-340
-364
-426
-515
-450
-489
-402
-498
-410
-369
-434
-383
-459
-374
-433
-321
-350
-266
-364
-230
-148
-342
-284
-187
-239
-260
-47
-93
-4
-20
-23
2
41
23
-7
127
114
149
74
192
214
126
171
264
250
213
220
274
381
276
412
449
426
377
377
507
468
527
581
622
495
430
564
437
502
500
454
443
368
329
235
277
155
302
326
253
314
138
273
62
164
57
104
169
123
122
-102
-84
-200
-108
-221
-194
-235
-246
-368
-314
-375
-411
-294
-366
-498
-419
-399
-385
-304
-411
-389
-456
-441
-623
-430
-411
-398
-359
-453
-552
-525
-508
-499
-392
-444
-297
-349
-341
-433
-266
-217
-258
-158
-170
-202
-101
-128
-145
-117
-117
-42
34
26
-82
84
40
89
78
160
208
324
108
243
322
198
405
392
432
475
581
429
460
330
408
529
470
331
509
448
349
310
292
311
259
332
316
339
301
365
165
263
270
225
109
104
263
239
10
14
34
-65
-92
-188
-138
-107
-203
-252
-205
-188
-213
-214
-350
-357
-319
-449
-347
-400
-312
-361
-296
-460
-558
-509
-479
-461
-577
-447
-487
-385
-577
-555
-457
-385
-519
-471
-271
-278
-286
-443
-326
-299
-173
-297
-116
-151
-117
-222
-250
-148
-167
-47
-71
62
-101
53
21
-14
81
209
120
249
245
63
326
358
341
280
437
417
498
424
383
556
451
479
472
468
285
463
469
472
529
473
575
520
419
398
478
472
452
460
535
484
330
353
288
328
323
228
194
299
230
105
80
33
2
130
53
17
-17
11
-106
-254
-82
12
-111
-242
-131
-134
-294
-461
-352
-302
-307
-390
-496
-309
-356
-541
-409
-363
-405
-350
-429
-473
-333
-386
-476
-266
-240
-368
-393
-208
-365
-336
-160
-323
-300
-258
-221
-272
-105
-268
-153
-85
-139
-9
114
31
20
117
-81
224
212
133
181
356
239
250
264
230
403
234
289
336
430
350
372
411
467
517
416
364
432
509
435
414
423
493
322
359
327
297
387
308
323
310
196
124
201
171
252
151
130
104
173
26
68
79
-84
102
-33
102
-85
-115
-193
-169
-228
-355
-166
-297
-150
-317
-337
-398
-421
-349
-305
-312
-324
-368
-469
-483
-463
-349
-346
-365
-454
-380
-411
-466
-446
-456
-395
-403
-447
-544
-464
-356
-380
-409
-355
-350
-290
-253
-373
-238
-145
-235
-172
-115
-82
-68
-91
-120
-77
-2
31
36
53
129
26
143
212
244
240
284
319
261
311
261
433
428
380
408
390
403
305
458
389
390
396
419
282
260
354
358
348
235
291
285
263
189
260
213
198
213
131
78
94
158
60
10
-67
-70
-84
-212
-135
-140
-231
-263
-164
-202
-247
-162
-290
-243
-258
-385
-286
-292
-296
-298
-326
-426
-323
-344
-366
-339
-340
-343
-382
-393
-497
-349
-382
-306
-293
-283
-260
-301
-266
-330
-235
-182
-210
-154
-106
-130
-168
-150
-104
-40
-19
-46
-27
-13
47
91
46
154
147
209
248
198
257
323
342
292
378
274
364
345
390
426
346
374
397
431
294
401
337
448
464
359
417
335
368
382
437
387
432
361
248
239
301
364
309
268
284
235
179
94
98
136
70
38
58
54
-40
1
19
-17
-57
-12
-32
-90
-138
-140
-139
-161
-210
-154
-120
-179
-256
-216
-251
-286
-239
-322
-249
-245
-267
-297
-236
-264
-244
-245
-301
-235
-253
-261
-267
-225
-169
-189
-196
-245
-209
-189
-152
-74
-63
-50
-32
-20
-77
-17
28
103
150
208
177
166
169
154
187
194
244
214
226
287
284
246
275
294
285
282
229
277
289
299
318
371
342
320
313
301
356
324
333
276
292
281
251
260
259
243
177
150
111
49
69
84
90
57
19
-38
-74
-84
-107
-74
-116
-129
-99
-127
-192
-235
-201
-198
-173
-230
-233
-259
-341
-322
-329
-285
-291
-294
-312
-328
-315
-349
-326
-319
-312
-330
-294
-290
-324
-323
-341
-321
-331
-334
-292
-242
-250
-226
-186
-188
-185
-180
-180
-166
-135
-113
-18
0
-18
-43
-61
-23
20
24
5
76
78
79
111
100
100
90
137
122
156
143
121
168
142
178
169
218
206
214
218
254
238
216
250
221
246
270
244
202
213
209
176
163
171
182
174
157
146
133
102
92
64
25
24
20
10
4
-4
-31
-55
-83
-111
-104
-125
-147
-139
-120
-174
-167
-180
-183
-194
-222
-233
-250
-247
-288
-261
-247
-241
-256
-301
-323
-349
-327
-328
-308
-302
-289
-275
-283
-278
-299
-263
-250
-242
-204
-180
-131
-147
-158
-152
-145
-121
-102
-68
-20
3
-2
13
13
53
70
45
86
104
120
148
152
163
170
189
235
261
278
284
298
287
292
297
287
340
364
353
363
373
363
340
330
314
312
324
310
295
301
274
241
246
216
211
217
171
151
162
146
112
96
75
48
36
12
7
7
10
8
-21
-46
-49
-48
-90
-111
-101
-132
-139
-149
-162
-189
-212
-246
-263
-243
-242
-250
-239
-210
-239
-262
-269
-270
-266
-270
-265
-235
-230
-234
-223
-213
-223
-241
-240
-226
-174
-170
-160
-144
-147
-118
-91
-83
-86
-57
-36
-10
14
12
26
41
53
106
127
132
142
143
157
157
181
208
221
241
256
260
273
309
309
306
317
327
336
325
338
336
327
319
324
318
292
281
265
260
257
276
255
249
235
203
197
183
196
174
174
148
119
115
96
102
46
23
18
-2
-20
-65
-68
-100
-127
-162
-195
-207
-229
-220
-210
-223
-230
-253
-248
-274
-292
-284
-300
-275
-262
-273
-270
-293
-298
-297
-296
-289
-269
-265
-263
-249
-276
-264
-253
-241
-212
-200
-175
-181
-167
-146
-133
-111
-86
-70
-58
-21
-16
-8
4
8
8
35
61
53
59
72
87
106
132
142
153
185
181
199
210
201
194
194
208
215
209
217
225
219
217
202
186
184
176
190
183
175
175
179
185
167
170
167
185
182
161
147
114
102
75
59
56
40
10
-28
-36
-37
-54
-66
-44
-57
-88
-87
-108
-118
-128
-129
-130
-139
-163
-180
-170
-169
-181
-214
-227
-219
-222
-230
-243
-255
-251
-250
-252
-238
-219
-221
-235
-228
-218
-214
-198
-198
-186
-164
-155
-147
-134
-131
-128
-107
-95
-91
-81
-63
-62
-52
-42
-21
1
23
43
64
99
117
125
129
138
157
171
166
185
200
200
196
197
206
204
203
203
214
228
227
229
220
225
225
231
240
247
254
239
222
212
204
180
171
166
163
149
118
99
77
70
65
70
56
29
18
3
1
-4
-10
-35
-60
-75
-77
-94
-119
-138
-137
-140
-151
-156
-183
-177
-196
-213
-215
-208
-216
-230
-228
-225
-223
-233
-226
-224
-210
-208
-203
-182
-179
-187
-187
-186
-180
-186
-177
-150
-136
-126
-133
-127
-126
-112
-86
-72
-42
-25
-16
-7
-3
21
42
53
68
97
128
135
133
130
143
147
152
157
164
177
186
191
200
206
212
217
227
244
268
278
273
256
245
253
251
240
239
238
209
205
181
183
194
176
173
153
150
145
120
134
125
108
102
91
75
49
33
7
9
-3
-26
-39
-51
-57
-65
-85
-97
-124
-138
-147
-153
-140
-155
-167
-175
-181
-188
-189
-206
-202
-202
-210
-216
-238
-248
-254
-251
-243
-234
-242
-240
-236
-223
-216
-214
-196
-184
-168
-159
-166
-157
-142
-126
-98
-87
-69
-53
-44
-32
-30
-12
9
28
47
61
79
88
95
100
113
120
117
126
152
181
195
193
203
204
205
207
219
232
215
218
205
194
196
196
201
186
187
187
171
167
161
164
161
152
136
116
111
84
79
69
51
28
21
25
10
0
-21
-26
-52
-79
-96
-106
-110
-111
-114
-135
-141
-149
-152
-159
-158
-165
-175
-185
-194
-195
-212
-219
-233
-245
-245
-249
-244
-230
-230
-213
-214
-222
-221
-218
-206
-195
-180
-162
-147
-139
-133
-129
-132
-122
-110
-103
-92
-82
-72
-59
-53
-47
-34
-26
-16
5
20
42
57
68
84
92
92
89
103
102
117
119
128
142
140
150
168
165
164
174
193
210
209
200
187
169
160
169
172
174
164
151
142
131
122
115
112
114
109
99
94
67
55
40
34
28
10
-5
-28
-36
-45
-61
-77
-73
-88
-94
-104
-107
-105
-115
-128
-140
-159
-185
-202
-217
-210
-204
-203
-201
-205
-215
-216
-220
-213
-207
-207
-198
-193
-181
-174
-172
-156
-149
-138
-140
-128
-117
-102
-83
-75
-65
-62
-47
-39
-20
-5
13
44
66
73
94
101
109
133
144
157
164
181
188
191
192
201
214
211
217
229
243
264
273
262
256
257
247
251
256
254
253
251
245
230
227
224
224
220
204
194
194
177
153
145
128
114
103
93
81
76
60
29
29
16
8
0
-7
-14
-33
-40
-53
-78
-94
-111
-116
-122
-129
-129
-123
-129
-143
-149
-152
-161
-166
-172
-171
-157
-171
-172
-177
-185
-181
-174
-164
-150
-134
-138
-142
-135
-126
-129
-121
-119
-109
-99
-101
-88
-81
-66
-45
-38
-29
-16
-8
0
9
31
37
54
68
74
87
97
100
104
128
132
143
150
135
131
135
141
153
171
167
168
163
169
175
176
175
158
155
147
150
152
143
134
133
124
115
116
113
102
91
81
71
64
53
43
35
24
15
5
-6
-13
-27
-35
-41
-57
-66
-68
-66
-65
-72
-99
-120
-136
-150
-154
-139
-123
-134
-147
-163
-168
-164
-147
-139
-134
-143
-158
-164
-168
-175
-178
-170
-172
-171
-183
-190
-181
-175
-160
-153
-152
-160
-164
-151
-141
-129
-119
-111
-113
-110
-102
-100
-111
-98
-80
-66
-55
-56
-55
-46
-37
-22
-4
6
15
24
32
36
44
57
67
77
89
96
100
100
101
101
114
123
127
138
137
139
143
144
145
147
149
139
135
134
130
123
125
116
104
90
78
75
57
62
77
70
58
44
24
9
4
-11
-16
-21
-34
-45
-64
-82
-89
-87
-96
-99
-102
-110
-115
-128
-138
-146
-152
-153
-155
-174
-188
-198
-191
-184
-184
-178
-184
-179
-176
-176
-164
-157
-153
-145
-137
-128
-123
-110
-103
-90
-69
-61
-48
-43
-38
-34
-25
-14
-2
12
22
36
48
54
73
94
105
118
131
133
136
141
140
152
168
164
165
181
190
198
197
196
197
205
217
221
230
219
206
208
211
216
219
211
202
192
178
178
176
169
159
140
129
114
98
92
80
72
68
54
41
26
7
-1
-5
1
1
-9
-27
-46
-63
-75
-74
-81
-82
-75
-77
-83
-89
-102
-121
-129
-131
-135
-136
-138
-138
-143
-146
-151
-153
-152
-144
-133
-137
-141
-133
-131
-121
-112
-108
-99
-89
-74
-68
-60
-54
-51
-42
-30
-9
10
18
38
45
50
60
66
75
84
91
89
92
98
96
92
87
89
98
110
121
133
140
133
126
118
115
121
128
131
125
114
110
114
116
104
102
96
80
72
68
70
68
59
52
32
18
8
0
6
0
-7
-21
-39
-45
-52
-55
-66
-76
-83
-89
-96
-104
-113
-124
-128
-137
-135
-140
-130
-126
-142
-146
-146
-143
-150
-149
-158
-166
-165
-163
-157
-151
-148
-159
-165
-163
-163
-158
-149
-144
-138
-134
-141
-147
-151
-147
-130
-117
-107
-104
-107
-107
-91
-71
-54
-40
-40
-34
-25
-22
-20
-14
4
10
12
20
40
58
73
93
98
92
94
97
106
114
122
124
126
134
130
139
141
137
135
130
133
130
126
117
112
106
104
102
99
96
92
94
82
69
67
52
38
34
24
15
6
-5
-14
-22
-25
-33
-35
-38
-47
-59
-65
-56
-64
-72
-71
-76
-91
-106
-117
-125
-126
-126
-132
-145
-155
-150
-155
-150
-142
-135
-140
-143
-145
-149
-149
-136
-119
-113
-104
-95
-92
-105
-100
-73
-54
-45
-36
-29
-18
-18
-9
-2
-4
6
16
34
50
65
78
78
79
87
89
95
101
98
100
109
121
129
126
126
137
152
151
149
146
152
157
155
155
162
171
176
176
174
181
181
182
179
176
166
163
164
154
151
140
136
138
134
126
115
104
88
83
88
79
70
51
31
28
27
20
16
0
-10
-3
-10
-14
-31
-45
-51
-65
-70
-72
-73
-73
-81
-91
-98
-103
-102
-104
-100
-111
-127
-131
-135
-126
-119
-113
-106
-101
-91
-94
-101
-92
-84
-76
-66
-67
-68
-60
-41
-21
-12
0
-1
10
24
34
49
49
44
48
45
49
60
67
75
81
89
98
104
111
121
129
131
138
138
142
148
146
147
139
137
140
137
139
135
126
127
123
117
115
114
108
99
95
85
85
78
62
52
44
42
37
27
16
7
-2
-12
-22
-32
-40
-43
-48
-67
-75
-78
-85
-88
-93
-96
-97
-108
-118
-122
-122
-116
-108
-110
-124
-140
-144
-141
-138
-140
-140
-145
-153
-153
-155
-151
-148
-141
-136
-132
-125
-123
-125
-126
-128
-119
-109
-102
-101
-104
-97
-88
-82
-77
-67
-61
-51
-38
-28
-27
-19
-11
-6
0
5
11
25
38
45
45
43
49
47
45
49
47
41
36
37
49
53
50
54
56
58
53
50
48
53
53
49
45
42
41
32
37
36
39
35
28
21
16
11
9
4
-5
-7
-12
-21
-26
-25
-25
-31
-40
-49
-55
-68
-72
-73
-73
-74
-82
-88
-91
-91
-105
-107
-104
-100
-98
-102
-100
-96
-91
-97
-99
-104
-106
-101
-93
-87
-86
-86
-85
-75
-71
-61
-55
-49
-41
-39
-34
-22
-14
-9
-7
-6
2
16
27
35
40
45
52
60
62
69
82
83
93
92
99
108
111
122
124
120
107
108
110
117
132
135
138
132
125
132
137
143
148
143
140
133
128
117
104
103
107
107
103
98
102
106
95
80
68
64
73
78
68
54
42
39
44
42
35
31
33
26
12
0
-6
-5
-10
-16
-21
-20
-23
-29
-32
-28
-32
-45
-51
-48
-52
-59
-65
-76
-78
-76
-71
-76
-79
-79
-79
-74
-80
-75
-73
-75
-73
-77
-80
-80
-78
-62
-52
-47
-35
-27
-16
-20
-10
-6
1
8
10
16
22
24
24
32
34
43
59
73
78
79
74
79
81
76
77
80
88
94
101
104
115
109
102
112
116
122
119
114
108
103
96
96
90
81
80
77
83
74
60
46
37
33
26
22
16
6
-10
-19
-23
-32
-42
-52
-64
-72
-79
-89
-96
-101
-107
-110
-107
-111
-115
-119
-126
-127
-123
-124
-126
-129
-136
-139
-142
-133
-131
-126
-121
-116
-111
-115
-116
-127
-135
-133
-128
-121
-119
-118
-114
-103
-93
-84
-77
-68
-57
-51
-44
-40
-41
-38
-35
-30
-21
-12
-7
9
23
30
31
34
41
49
42
41
49
54
68
66
62
56
55
52
49
58
66
70
62
48
30
27
27
29
33
39
38
30
23
14
9
13
23
22
16
5
-1
0
2
5
-3
-9
-14
-12
-20
-13
-6
-12
-17
-20
-14
-17
-11
-10
-14
-14
-13
-16
-26
-29
-40
-46
-52
-57
-59
-69
-68
-69
-77
-83
-78
-72
-75
-59
-52
-56
-59
-58
-53
-55
-56
-57
-62
-57
-48
-35
-17
-16
-15
-15
-15
-8
5
20
27
33
35
24
28
27
29
42
46
45
42
50
68
73
63
59
58
66
73
71
67
66
68
71
74
79
92
101
97
97
94
89
95
97
99
96
95
92
94
103
111
123
125
118
113
103
97
91
81
82
86
78
66
64
59
50
44
37
34
27
12
6
-6
-17
-24
-21
-18
-27
-44
-51
-54
-61
-63
-68
-75
-86
-93
-88
-80
-85
-84
-80
-74
-70
-72
-74
-77
-69
-62
-53
-56
-64
-59
-52
-38
-25
-18
0
8
15
25
27
37
48
51
56
61
67
76
77
77
82
84
96
107
116
128
127
132
134
141
142
132
135
136
139
138
134
132
127
132
130
127
124
117
110
94
87
85
84
78
73
60
37
32
28
27
24
13
0
-11
-19
-23
-23
-33
-39
-46
-58
-66
-71
-73
-77
-79
-84
-84
-96
-91
-91
-99
-92
-100
-84
-88
-99
-110
-112
-101
-94
-89
-102
-101
-103
-94
-86
-88
-91
-98
-95
-92
-95
-85
-62
-54
-71
-87
-88
-66
-34
-31
-52
-69
-74
-48
-24
-33
-46
-48
-45
-38
-41
-51
-47
-33
-18
-13
-31
-37
-26
-6
3
-15
-24
-16
-6
-2
-3
1
6
11
13
21
25
20
33
47
50
40
30
30
46
53
54
46
42
49
49
44
39
33
32
34
26
16
9
26
45
45
26
4
3
14
17
10
1
-12
-10
-18
-15
-9
-3
-7
-26
-45
-59
-50
-39
-32
-41
-54
-53
-49
-48
-47
-50
-62
-77
-75
-76
-85
-88
-89
-87
-79
-78
-83
-82
-81
-78
-82
-84
-81
-84
-80
-74
-71
-69
-66
-60
-53
-55
-55
-58
-62
-58
-48
-31
-26
-21
-5
-2
-7
-3
4
29
30
32
19
4
8
41
83
73
251
282
140
-147
-75
146
222
397
579
449
-59
-16
410
771
406
-39
90
252
298
446
485
423
373
-103
-478
-187
405
681
315
-231
-429
-470
-479
-267
-61
-38
-209
-404
-394
-182
-26
-197
-556
-585
-322
-339
-245
47
276
140
-176
-346
-235
-131
-71
244
465
384
103
-52
-82
27
75
71
113
144
188
74
-119
-122
-56
-148
-334
-394
-294
-101
-7
-48
-137
-367
-538
-544
-422
-169
75
151
66
-65
-146
-107
-50
31
154
205
224
283
342
360
352
260
164
135
177
318
458
462
378
214
11
-63
-51
19
135
191
174
114
-39
-162
-174
-147
-63
-10
-8
19
54
34
25
14
-14
-25
-27
49
185
311
313
231
110
20
-21
-26
76
202
236
165
65
-34
-107
-155
-165
-116
-57
-29
-54
-108
-160
-183
-228
-292
-300
-216
-148
-122
-61
-35
-91
-211
-304
-304
-205
-87
5
53
13
-64
-156
-192
-134
-31
32
39
33
21
-13
-57
-61
-69
-73
-43
-7
4
15
53
62
7
-80
-135
-127
-40
49
89
73
27
-36
-94
-92
-38
48
91
91
66
63
69
57
51
48
64
67
78
108
151
155
117
45
-18
-20
8
49
85
108
62
-19
-82
-84
-54
-36
-27
-50
-59
-50
-35
-47
-71
-95
-119
-105
-62
3
29
26
2
-11
-24
-37
-40
-31
2
37
56
25
-6
-32
-30
-34
-50
-57
-46
-36
-49
-72
-89
-102
-135
-143
-133
-122
-121
-109
-109
-104
-106
-105
-104
-129
-117
-75
-30
-4
10
13
-8
-19
5
71
116
113
85
79
112
133
121
104
110
110
117
120
114
116
99
69
52
52
43
45
56
74
104
102
55
11
25
73
82
60
50
62
70
66
63
76
98
111
100
85
79
78
92
111
125
103
69
45
46
87
104
85
30
-14
-19
-14
4
26
-2
-69
-90
-61
-39
-63
-100
-115
-102
-93
-104
-116
-106
-81
-90
-130
-140
-103
-82
-72
-59
-55
-79
-102
-106
-67
-28
-45
-106
-121
-52
-4
-25
-60
-63
-68
-65
-32
13
33
30
-9
-33
-5
25
24
2
12
29
33
50
70
75
71
63
52
70
89
87
88
99
112
101
91
81
80
79
87
103
125
106
53
52
89
128
107
74
50
42
74
104
110
74
48
32
32
64
95
103
61
30
22
35
43
56
66
55
56
35
5
14
48
54
21
8
-6
-7
10
13
7
-29
-61
-73
-67
-57
-35
-29
-74
-123
-140
-140
-129
-124
-98
-74
-80
-100
-127
-137
-127
-120
-133
-143
-132
-103
-50
-42
-67
-96
-117
-114
-89
-53
-23
9
12
-6
-34
-41
-50
-59
-39
-14
5
26
47
38
10
9
9
22
55
80
100
115
135
144
116
70
47
69
118
165
177
158
147
131
115
98
94
98
108
127
127
112
87
68
50
25
5
-18
-16
1
15
27
9
-38
-95
-117
-97
-61
-32
-46
-72
-87
-81
-85
-108
-107
-100
-97
-94
-67
-47
-52
-75
-97
-104
-108
-103
-92
-64
-41
-37
-70
-112
-121
-112
-108
-96
-83
-80
-79
-94
-94
-87
-87
-96
-89
-80
-71
-61
-61
-51
-31
-38
-54
-55
-47
-29
-11
7
13
-2
-23
-44
-43
-13
10
3
-16
-16
1
12
30
42
17
-13
-16
3
22
40
46
39
23
23
26
32
42
47
61
70
83
89
89
101
118
113
101
73
58
78
110
126
120
87
54
45
38
42
53
65
50
24
14
14
13
-12
-19
-35
-49
-42
-36
-31
-23
-38
-70
-80
-79
-62
-52
-58
-51
-37
-43
-66
-65
-52
-51
-61
-55
-40
-40
-54
-71
-77
-78
-74
-84
-84
-79
-75
-78
-66
-47
-51
-78
-112
-99
-58
-24
-26
-23
-28
-29
-20
-10
15
33
40
26
20
55
85
83
66
72
92
97
104
122
141
137
131
115
97
108
119
124
116
101
78
78
98
102
79
48
45
55
60
50
43
36
31
16
9
16
35
46
35
29
39
41
22
19
23
37
47
43
42
48
56
51
46
29
20
18
21
31
32
17
7
2
-22
-29
-22
-17
-22
-23
-31
-43
-44
-41
-30
-24
-34
-55
-64
-49
-29
-31
-52
-77
-73
-67
-64
-58
-60
-66
-64
-56
-57
-54
-64
-79
-97
-90
-81
-82
-72
-60
-50
-57
-48
-50
-60
-54
-47
-37
-31
-20
-4
4
14
21
24
30
55
67
68
83
91
90
91
84
84
98
103
105
104
115
129
127
106
94
86
79
84
88
82
68
56
43
41
41
45
32
14
12
13
18
1
-20
-37
-35
-32
-36
-41
-47
-47
-56
-56
-50
-53
-52
-63
-68
-62
-40
-39
-56
-70
-68
-62
-57
-49
-49
-53
-64
-69
-73
-79
-77
-78
-93
-96
-90
-85
-79
-85
-98
-105
-101
-87
-74
-66
-69
-80
-75
-67
-67
-59
-45
-30
-15
-6
-6
-3
-1
-9
-5
7
18
15
11
29
43
51
34
7
16
33
38
28
18
28
29
13
0
7
17
24
17
13
18
19
19
16
10
1
0
10
13
21
19
8
14
7
1
-3
0
3
18
26
15
17
15
12
2
-4
5
15
1
0
16
17
10
-5
-18
-23
-17
-20
-11
0
-14
-38
-52
-35
-18
-19
-21
-29
-31
-25
-21
-13
-22
-43
-59
-69
-76
-67
-54
-48
-43
-54
-51
-45
-33
-21
-29
-29
-36
-46
-52
-49
-32
-23
-25
-27
-22
-4
10
14
20
25
31
34
32
45
58
74
87
89
91
98
112
120
125
131
122
115
108
110
118
118
127
120
114
118
123
120
122
122
109
99
95
90
90
94
95
79
61
47
44
56
67
67
55
34
29
15
-9
-15
2
17
14
5
-5
-20
-54
-57
-37
-35
-32
-27
-33
-46
-70
-70
-65
-64
-59
-55
-48
-38
-28
-32
-35
-21
-19
-30
-21
-3
7
0
-6
-6
1
-1
-6
-8
-9
8
23
31
34
26
22
14
16
34
37
39
38
41
48
47
50
51
45
49
51
49
59
68
81
86
71
61
53
51
55
58
69
71
66
59
64
78
77
70
69
71
87
82
74
75
69
60
62
76
89
97
86
78
79
75
64
55
54
57
59
48
40
35
22
16
10
3
0
-9
-23
-29
-22
-20
-24
-48
-60
-62
-76
-84
-78
-70
-83
-92
-103
-106
-109
-112
-111
-120
-121
-121
-126
-123
-123
-119
-124
-125
-118
-113
-96
-89
-76
-80
-85
-82
-89
-79
-70
-60
-60
-50
-43
-29
-22
-29
-26
-12
-11
-12
-10
-6
2
-6
-3
5
14
23
26
44
48
51
50
37
37
38
33
20
15
19
17
12
15
3
-7
-10
-12
-7
-8
-13
-29
-42
-53
-60
-56
-63
-71
-74
-75
-71
-68
-70
-74
-74
-72
-69
-66
-68
-61
-63
-70
-74
-74
-74
-78
-78
-81
-77
-72
-77
-77
-72
-67
-67
-70
-78
-73
-58
-66
-63
-62
-65
-73
-81
-76
-74
-68
-63
-67
-76
-73
-64
-61
-63
-58
-53
-58
-57
-60
-54
-48
-44
-42
-53
-52
-47
-37
-28
-32
-33
-42
-42
-30
-21
-19
-13
-12
-8
2
10
21
23
35
43
51
53
57
64
64
72
70
74
84
94
96
97
110
120
111
112
132
140
142
144
139
136
135
130
137
138
134
138
131
118
115
115
120
113
100
95
85
84
84
78
70
64
58
55
51
45
38
39
40
45
39
36
36
37
38
27
30
19
14
15
9
6
10
4
-7
-11
-17
-13
-16
-23
-18
-21
-30
-31
-40
-42
-42
-39
-37
-31
-21
-13
-4
-2
-6
-5
-7
-1
-3
-1
13
18
21
17
17
26
29
34
38
37
43
51
53
50
37
33
33
42
50
47
47
46
49
48
56
60
58
48
36
34
40
38
38
37
27
30
25
24
28
36
47
47
37
28
33
34
25
26
26
31
32
26
24
25
22
17
8
10
9
1
1
-5
3
-10
-17
-28
-37
-23
-24
-32
-50
-62
-65
-77
-84
-75
-77
-78
-86
-85
-87
-97
-95
-101
-96
-93
-91
-91
-92
-88
-94
-105
-112
-108
-103
-101
-103
-104
-99
-109
-107
-95
-87
-74
-61
-60
-63
-58
-54
-59
-64
-57
-44
-40
-37
-30
-28
-17
-13
-11
-7
-3
-4
5
6
11
19
15
16
17
22
20
22
30
35
42
38
34
23
23
28
24
25
16
21
23
22
25
12
7
1
-9
-10
-10
-5
-11
-18
-22
-29
-25
-19
-21
-19
-19
-23
-34
-40
-45
-48
-47
-48
-50
-50
-43
-49
-48
-42
-40
-43
-52
-55
-50
-47
-41
-32
-33
-31
-30
-27
-18
-2
9
8
6
2
6
0
5
17
24
33
31
39
42
42
38
40
42
37
32
36
41
31
33
34
39
35
30
31
38
49
47
37
27
23
24
31
40
39
39
36
41
43
49
54
52
46
44
52
55
54
44
41
37
36
27
21
19
14
12
8
9
6
6
3
5
7
14
26
29
29
29
29
34
35
36
41
48
50
55
56
52
53
51
53
54
60
62
64
64
58
48
38
39
37
32
29
23
20
17
14
9
3
-8
-17
-21
-16
-14
-4
0
-4
-8
-8
-5
-7
-4
-6
-3
-5
3
7
1
1
-1
0
0
7
17
14
6
4
9
15
10
9
14
22
25
29
31
32
30
23
21
25
19
19
27
27
30
21
16
22
24
25
25
26
25
31
22
16
19
12
14
13
11
5
2
1
8
8
1
-1
-4
0
-4
-7
-7
-10
-10
-14
-16
-15
-9
-17
-19
-15
-17
-12
-19
-22
-27
-27
-32
-46
-43
-36
-38
-41
-44
-48
-42
-46
-47
-50
-45
-46
-51
-62
-71
-73
-81
-73
-75
-70
-74
-76
-77
-72
-66
-64
-64
-69
-68
-67
-67
-64
-68
-69
-68
-73
-70
-69
-61
-57
-59
-58
-58
-56
-47
-44
-39
-36
-40
-37
-27
-11
-11
-9
-7
-2
2
2
5
7
7
9
13
18
27
28
33
31
29
37
38
43
33
28
20
15
11
7
16
17
15
15
11
12
6
0
0
-8
-6
-7
-10
-11
-18
-18
-29
-37
-41
-43
-39
-47
-50
-46
-45
-41
-52
-60
-67
-73
-71
-72
-65
-68
-65
-69
-79
-80
-73
-71
-64
-57
-63
-52
-50
-43
-40
-40
-22
-10
-4
-8
0
14
18
16
19
25
24
38
45
50
57
51
49
46
48
50
50
54
50
55
53
52
54
55
55
52
48
44
46
46
45
47
46
48
51
45
39
42
45
44
40
37
37
33
34
37
33
31
29
40
43
40
33
27
17
18
21
22
21
18
17
11
5
10
9
7
8
9
4
-1
3
4
10
9
4
2
2
1
-2
-1
-5
-10
-10
-9
-9
-4
-2
3
1
-7
-5
-8
-11
-14
-17
-19
-18
-12
-8
-14
-9
-4
-5
-11
-13
-7
-4
-9
-3
1
7
12
14
20
28
32
31
30
29
34
41
46
50
53
50
44
38
38
43
40
39
42
48
61
64
63
58
51
43
41
38
37
42
38
30
31
25
27
26
29
31
32
33
31
28
26
20
22
20
19
21
20
24
22
15
8
6
-5
-15
-14
-14
-15
-18
-23
-26
-25
-30
-31
-31
-38
-38
-40
-48
-58
-59
-63
-62
-67
-64
-58
-59
-59
-65
-67
-71
-67
-65
-60
-58
-58
-55
-50
-46
-40
-27
-35
-39
-36
-29
-24
-28
-24
-18
-17
-24
-19
-21
-16
-8
-4
5
14
9
9
12
8
10
5
8
8
9
10
7
12
9
10
15
10
9
2
0
-4
-12
-17
-13
-7
-3
0
0
2
1
-1
-3
-6
-9
-9
-10
-9
-7
-7
-6
-1
-1
-4
-1
3
0
-2
-4
-10
-14
-11
-18
-16
-13
-19
-24
-29
-29
-27
-31
-34
-38
-39
-42
-47
-36
-39
-51
-52
-58
-62
-62
-61
-61
-68
-59
-60
-65
-62
-60
-52
-55
-55
-54
-50
-50
-52
-48
-49
-42
-43
-37
-30
-29
-21
-20
-18
-9
-5
2
9
3
10
12
17
20
22
24
20
23
28
31
28
36
38
38
37
35
33
27
23
22
20
16
17
13
11
8
12
13
18
18
10
10
6
4
4
2
-2
-3
-1
-3
1
10
10
12
16
26
32
29
26
25
25
25
17
16
15
15
13
16
15
15
18
17
20
20
24
23
22
17
14
10
6
8
2
1
0
7
12
2
6
5
7
15
20
13
7
2
-3
5
4
2
-6
-7
1
6
5
6
4
1
2
1
9
14
17
23
24
24
27
27
23
30
36
38
47
46
49
49
57
63
64
69
77
92
94
98
101
96
97
98
101
96
88
92
93
96
95
97
105
101
99
98
95
90
80
74
77
75
80
78
76
74
71
72
68
65
60
52
39
34
30
31
27
29
22
14
7
4
3
-3
-1
-7
-13
-20
-28
-29
-32
-36
-44
-46
-50
-51
-49
-49
-47
-55
-61
-65
-69
-65
-62
-63
-65
-73
-74
-72
-75
-76
-73
-72
-70
-77
-78
-72
-71
-71
-70
-68
-69
-64
-55
-50
-50
-49
-53
-55
-46
-43
-34
-24
-18
-10
-7
-10
0
13
13
13
18
11
9
11
13
14
8
9
10
18
16
21
26
22
23
19
13
2
-2
-4
-10
-11
-15
-14
-17
-12
-2
-8
-6
-3
-12
-16
-19
-24
-26
-33
-34
-40
-39
-45
-62
-58
-57
-54
-48
-53
-57
-58
-58
-58
-62
-62
-55
-61
-62
-58
-55
-49
-57
-56
-55
-47
-48
-44
-33
-37
-28
-41
-36
-33
-34
-37
-24
-20
-31
-23
-31
-22
-13
-13
-5
8
1
-2
6
-13
-12
-8
-12
4
6
4
10
8
7
9
14
19
20
11
6
11
9
1
0
-3
-12
-11
-7
-2
-7
-6
-7
-6
-4
-11
-11
-17
-16
-20
-29
-24
-24
-29
-26
-20
-25
-26
-30
-31
-30
-37
-38
-39
-36
-30
-23
-22
-22
-17
-20
-18
-12
-2
-8
-9
-4
1
2
4
9
9
11
6
14
19
14
20
26
32
32
40
37
33
37
37
38
31
33
38
42
39
43
40
35
34
32
31
30
36
38
38
43
43
45
47
46
43
39
38
40
40
46
39
35
42
39
44
49
50
49
51
52
52
55
55
58
55
50
50
55
63
68
70
71
74
72
71
69
71
73
71
72
67
68
65
62
58
59
55
59
61
61
60
57
60
57
57
53
49
40
33
31
26
24
21
22
25
24
24
20
19
16
15
8
2
-4
-1
-10
-12
-8
-13
-16
-23
-25
-29
-28
-27
-23
-22
-21
-27
-28
-33
-34
-31
-34
-31
-31
-30
-30
-37
-40
-36
-38
-34
-34
-33
-27
-21
-23
-21
-19
-22
-17
-18
-15
-13
-19
-19
-23
-24
-25
-19
-9
-15
-12
-13
-18
-17
-15
-13
-11
-10
-9
-8
-1
3
9
13
14
17
17
20
28
29
28
28
24
20
18
22
18
28
30
24
22
18
16
20
16
4
0
-8
-15
-12
-13
-21
-23
-29
-32
-35
-33
-38
-47
-48
-56
-59
-58
-59
-63
-63
-69
-72
-80
-91
-96
-108
-112
-112
-118
-123
-127
-129
-126
-125
-124
-112
-103
-99
-98
-96
-94
-96
-98
-96
-95
-94
-91
-84
-80
-80
-73
-67
-53
-42
-36
-36
-24
-15
-10
-12
-23
-15
-12
-2
10
11
16
23
27
35
41
49
60
64
70
75
76
75
79
84
87
88
87
85
84
83
87
83
83
83
76
72
75
75
75
78
77
72
67
63
57
47
45
36
33
25
20
21
10
12
9
2
1
-3
-5
-4
-8
-11
-19
-26
-31
-35
-41
-46
-51
-49
-49
-45
-48
-44
-40
-40
-38
-44
-45
-48
-51
-53
-53
-51
-56
-55
-50
-49
-46
-43
-40
-32
-26
-22
-10
-1
-4
3
1
3
14
17
19
17
25
30
33
37
38
38
43
43
41
44
45
47
42
48
57
49
47
46
40
39
44
45
48
50
51
49
56
57
56
58
51
53
51
49
52
47
47
48
48
49
47
50
47
37
36
36
27
21
23
20
14
18
19
22
24
26
33
36
34
31
27
22
20
20
18
25
27
32
38
40
49
47
49
52
53
51
54
52
43
44
45
41
37
39
40
36
28
26
28
31
32
30
27
26
20
10
7
5
2
4
2
-1
-4
0
3
0
-2
-2
-5
-9
-7
-8
-15
-18
-18
-23
-24
-31
-35
-36
-36
-35
-40
-49
-53
-52
-52
-46
-44
-39
-41
-33
-37
-45
-43
-41
-41
-44
-42
-42
-39
-42
-44
-40
-38
-34
-29
-35
-25
-20
-21
-16
-13
-5
-10
-17
-16
-12
-4
-6
-7
-4
-7
-8
-8
-1
1
-3
-1
0
-4
-8
-10
-12
-9
-8
-12
-10
-9
-12
-11
-13
-19
-15
-18
-24
-32
-29
-27
-27
-35
-43
-45
-49
-50
-51
-51
-56
-56
-58
-60
-59
-64
-59
-58
-66
-62
-70
-75
-74
-80
-79
-71
-62
-62
-58
-57
-53
-51
-49
-43
-38
-32
-32
-29
-27
-20
-10
-2
5
7
6
10
11
12
17
15
18
15
19
22
22
24
24
30
27
32
39
42
44
43
44
44
46
42
39
34
29
28
15
12
11
8
9
5
6
5
-5
-7
-10
-17
-14
-21
-24
-25
-30
-31
-39
-42
-43
-37
-39
-41
-38
-46
-38
-31
-29
-26
-31
-30
-26
-26
-28
-23
-22
-19
-15
-12
-14
-18
-17
-12
0
5
13
17
22
28
29
38
39
39
43
49
50
51
54
49
51
54
55
56
56
57
57
58
62
61
56
52
50
53
49
46
41
41
41
41
39
33
29
26
29
23
21
15
11
6
14
14
12
16
18
15
10
18
14
8
4
3
0
0
0
3
7
6
3
6
2
8
7
9
11
6
5
4
6
7
4
-4
-7
-11
-9
-3
-2
8
17
23
31
32
28
30
33
31
32
29
29
28
29
23
25
29
33
41
42
43
41
38
32
27
23
30
31
30
26
24
29
34
27
23
29
31
35
35
34
39
39
36
40
42
34
32
28
22
23
24
25
21
24
24
21
22
24
32
34
39
41
41
42
41
39
35
33
28
26
25
22
19
13
3
-2
-11
-11
-16
-22
-29
-41
-44
-51
-53
-60
-63
-62
-70
-74
-72
-69
-75
-82
-87
-89
-83
-85
-87
-91
-86
-89
-89
-87
-89
-79
-84
-79
-73
-77
-81
-76
-75
-74
-71
-71
-66
-64
-61
-58
-52
-54
-49
-45
-45
-42
-42
-40
-32
-30
-25
-24
-21
-16
-20
-17
-15
-17
-14
-9
-8
-5
-5
-4
-5
-3
-2
2
4
3
7
5
3
7
10
10
5
2
4
1
-3
2
2
-2
-2
-1
-7
-10
-9
-11
-12
-11
-16
-24
-28
-32
-37
-35
-38
-37
-37
-36
-33
-32
-35
-36
-34
-36
-45
-48
-51
-53
-51
-55
-57
-57
-52
-51
-52
-46
-49
-52
-45
-36
-36
-38
-36
-36
-39
-36
-37
-39
-34
-34
-33
-32
-30
-32
-34
-38
-38
-34
-31
-29
-30
-26
-21
-19
-14
-14
-14
-8
-1
3
-1
4
8
13
14
23
26
35
40
42
52
51
57
58
62
62
61
52
52
52
50
59
59
59
63
70
73
72
70
65
63
65
63
60
63
59
57
51
54
56
50
53
55
52
47
48
45
40
36
35
34
41
39
34
27
21
23
21
25
21
22
21
25
30
31
30
31
35
34
32
33
32
40
45
44
45
46
46
44
50
56
58
58
65
59
48
53
48
48
39
35
38
36
44
45
44
40
37
40
39
32
36
33
32
31
28
29
25
31
36
34
33
36
29
23
16
12
6
5
9
4
-1
-4
-7
-8
-10
-5
-1
2
0
-2
-5
-12
-7
-3
1
2
0
-2
7
13
17
24
28
34
39
41
45
43
38
39
43
41
48
52
51
51
49
49
46
44
37
30
26
21
9
8
5
-1
-11
-16
-14
-16
-17
-26
-27
-32
-33
-34
-39
-44
-48
-51
-54
-55
-57
-56
-60
-62
-68
-69
-71
-76
-82
-83
-73
-73
-74
-76
-78
-78
-67
-69
-73
-69
-69
-71
-69
-71
-73
-68
-67
-68
-69
-70
-67
-62
-63
-62
-60
-63
-55
-53
-47
-44
-47
-48
-49
-42
-42
-42
-43
-45
-41
-41
-48
-49
-51
-51
-50
-50
-42
-37
-35
-32
-35
-36
-29
-26
-20
-21
-19
-18
-16
-8
-2
0
-2
-3
-7
-7
-5
0
-4
-8
-1
-1
0
-1
-6
3
4
3
3
0
-2
-6
-2
1
-3
-5
-5
-3
-6
-11
-9
-11
-8
-5
-2
-2
-4
-7
-10
-13
-14
-8
-9
-11
-13
-14
-12
-8
-13
-7
-4
-3
3
-1
-1
-4
-9
-4
-5
-9
0
-1
3
5
10
12
4
12
16
17
15
17
21
23
25
27
32
28
27
30
34
39
36
38
40
34
39
40
41
41
36
36
39
45
46
42
43
40
37
30
27
33
35
36
39
31
28
25
24
21
13
8
8
11
8
5
0
-2
-4
-6
-4
-5
-1
-1
1
5
0
1
-3
-1
0
1
9
5
9
15
19
26
30
40
42
38
40
39
40
42
37
36
38
41
34
39
37
33
38
37
41
42
41
43
41
40
45
45
46
47
48
47
47
53
51
46
45
39
35
40
36
33
29
20
18
20
14
13
14
7
11
8
4
-7
-12
-8
-13
-16
-15
-22
-23
-21
-20
-15
-19
-26
-27
-25
-26
-21
-19
-17
-13
-12
-13
-13
-14
-16
-16
-8
-8
-8
-11
-14
-15
-20
-18
-17
-12
-7
-6
-9
-20
-16
-14
-10
-5
-4
-4
-17
-22
-23
-21
-18
-18
-13
-10
-11
-10
-10
-13
-14
-12
-11
-16
-18
-15
-16
-11
-18
-16
-19
-24
-19
-21
-22
-20
-19
-18
-19
-23
-27
-26
-27
-30
-31
-33
-39
-44
-43
-47
-42
-43
-44
-44
-40
-34
-32
-30
-27
-28
-25
-23
-19
-17
-18
-23
-23
-22
-22
-23
-25
-18
-12
-18
-20
-26
-29
-26
-39
-39
-39
-39
-31
-30
-23
-21
-23
-21
-21
-24
-21
-17
-18
-19
-17
-18
-24
-26
-19
-22
-23
-14
-9
-9
-15
-10
-13
-14
-14
-18
-23
-29
-30
-31
-30
-38
-29
-19
-14
-14
-15
-12
-10
-4
-2
-7
-14
-16
-21
-21
-19
-16
-9
-6
-2
5
12
18
20
19
17
19
18
23
32
31
27
26
23
22
30
32
33
36
36
32
21
18
23
29
32
35
32
37
44
41
41
37
35
38
47
49
53
46
36
35
35
34
41
42
44
43
39
39
37
36
30
23
21
20
14
10
2
-3
-4
-3
-7
-8
2
-2
-3
-2
-3
-6
-10
-11
-11
-14
-19
-25
-31
-31
-31
-32
-31
-22
-20
-21
-23
-19
-16
-17
-22
-25
-22
-17
-14
-16
-12
-10
-5
-7
-1
8
10
14
16
19
22
23
26
30
31
29
24
27
25
23
29
29
34
39
41
41
40
39
38
48
49
53
58
58
59
63
59
55
56
58
61
59
47
42
41
36
29
28
27
32
31
34
37
32
33
39
39
33
35
29
26
28
26
27
24
24
22
24
27
25
24
24
19
22
12
6
-3
-10
-7
-12
-5
-2
-2
-1
4
11
6
5
8
7
7
4
1
2
10
10
12
9
4
7
10
11
11
3
4
5
1
2
-4
-3
-2
1
0
-3
-2
-1
0
-3
-3
6
4
5
-2
-8
-13
-15
-15
-17
-12
-15
-18
-16
-19
-23
-25
-22
-22
-24
-21
-27
-25
-20
-13
-13
-19
-19
-19
-23
-18
-17
-13
-16
-17
-15
-21
-21
-22
-24
-28
-27
-24
-19
-14
-12
-16
-17
-17
-12
-4
-4
2
7
7
7
4
7
5
4
2
3
1
6
10
3
-2
-4
-7
-10
-3
-5
-10
-20
-23
-31
-41
-48
-54
-56
-63
-65
-60
-63
-59
-64
-73
-71
-74
-68
-65
-62
-64
-69
-70
-73
-69
-67
-68
-70
-74
-72
-73
-70
-73
-75
-65
-60
-51
-42
-33
-27
-28
-25
-18
-21
-21
-13
-14
-20
-16
-10
-6
-1
2
12
10
6
10
7
10
8
8
7
5
3
-1
-2
1
8
5
12
15
6
8
2
-1
0
-2
-4
-8
-7
-4
-3
1
1
-2
4
5
12
17
11
9
-2
-6
-13
-12
-6
-3
3
11
20
20
17
18
24
19
12
16
20
28
26
26
24
24
35
37
43
44
46
42
41
41
36
28
23
18
18
25
21
23
17
18
21
15
18
21
17
18
14
12
14
9
2
-1
-5
-2
3
-3
4
7
4
5
7
9
9
17
25
28
34
35
36
42
45
44
43
45
40
44
44
43
38
44
46
42
42
45
53
50
53
52
56
55
54
53
51
55
56
51
48
47
46
45
47
55
57
64
62
55
54
48
45
42
49
42
32
17
6
2
-2
0
-8
-4
1
2
1
7
-1
-4
-6
-6
-6
-5
-12
-13
-11
-11
-1
1
4
9
12
14
14
12
9
8
9
10
12
12
11
7
3
5
5
5
3
0
0
-9
-11
-15
-16
-19
-26
-22
-26
-31
-33
-38
-43
-40
-40
-43
-45
-44
-46
-52
-49
-48
-47
-44
-54
-56
-57
-58
-58
-55
-55
-52
-49
-51
-55
-61
-62
-62
-68
-71
-71
-72
-67
-65
-65
-62
-51
-44
-42
-37
-28
-31
-36
-29
-23
-20
-15
-15
-14
-2
0
4
-1
6
6
4
4
5
8
6
9
6
7
1
6
11
7
13
15
8
6
4
-4
-17
-24
-25
-27
-32
-30
-28
-30
-24
-25
-21
-22
-18
-17
-21
-19
-25
-26
-35
-35
-41
-42
-35
-33
-35
-36
-34
-36
-35
-38
-37
-37
-34
-39
-48
-54
-52
-48
-45
-38
-42
-39
-36
-30
-28
-28
-27
-29
-24
-24
-16
-13
-12
-5
-4
2
4
2
3
-2
5
8
8
11
9
9
13
8
5
10
10
12
12
13
17
20
23
26
30
30
30
36
40
38
38
36
28
29
35
38
41
41
47
47
43
41
47
50
51
51
51
52
43
42
43
38
43
41
42
47
49
45
46
40
43
44
38
41
34
36
36
41
44
38
32
29
36
32
29
28
27
25
23
28
30
33
33
38
44
41
45
43
43
43
35
30
25
21
25
28
33
39
39
37
34
31
35
42
39
30
23
25
22
24
21
23
30
29
33
31
22
19
19
10
12
21
24
27
27
23
26
27
23
23
19
20
21
16
17
11
8
7
2
3
-2
1
-1
-3
-4
-7
-3
-2
0
-3
-12
-5
-10
-12
-9
-9
-14
-11
-8
-13
-13
-16
-15
-16
-17
-16
-6
-4
-2
1
1
3
5
11
7
5
8
6
5
3
4
6
8
13
16
18
19
20
22
22
17
14
18
9
2
-4
-2
-3
-6
1
-5
-7
-11
-18
-19
-21
-21
-18
-15
-14
-17
-23
-29
-32
-28
-29
-35
-35
-35
-40
-44
-45
-44
-45
-43
-39
-33
-36
-38
-35
-37
-35
-28
-28
-23
-21
-25
-29
-22
-23
-28
-25
-34
-31
-31
-27
-25
-30
-24
-28
-26
-23
-31
-37
-36
-37
-34
-38
-39
-40
-42
-44
-44
-48
-44
-38
-40
-39
-39
-34
-31
-26
-32
-29
-30
-34
-31
-37
-40
-43
-44
-47
-43
-40
-41
-42
-45
-51
-58
-57
-59
-58
-54
-51
-45
-45
-48
-52
-52
-55
-53
-46
-36
-30
-29
-27
-27
-27
-23
-15
-13
-10
-8
-8
-14
-12
-3
1
2
5
5
7
9
9
14
17
12
9
8
0
1
4
5
-3
-4
-1
1
10
10
9
1
0
1
2
1
-4
-1
3
4
10
9
13
13
12
12
15
14
16
21
24
21
18
18
18
17
15
16
16
20
22
17
12
21
23
25
28
26
29
27
27
29
27
28
31
34
29
27
22
21
28
29
27
31
36
30
33
35
34
30
31
25
23
24
23
25
20
27
24
32
32
33
39
36
45
41
42
45
41
44
52
51
53
59
58
57
59
60
56
59
64
64
65
59
54
54
45
47
46
44
44
40
40
39
37
39
41
43
40
39
31
32
35
29
24
21
13
11
13
10
9
9
8
7
5
3
7
1
-1
-4
-5
0
1
1
-2
-12
-18
-17
-21
-23
-21
-15
-16
-19
-17
-20
-23
-24
-27
-32
-38
-44
-48
-51
-52
-47
-53
-45
-43
-41
-36
-36
-33
-27
-21
-21
-18
-27
-29
-32
-29
-25
-19
-14
-15
-11
-9
-5
-12
-10
-6
-11
-10
-8
-15
-20
-24
-20
-17
-14
-12
-16
-6
-4
-3
3
0
-1
-1
-4
-4
-6
-6
-6
-8
-9
-14
-15
-12
-18
-13
-14
-14
-13
-14
-10
-18
-18
-21
-23
-19
-19
-18
-11
-6
-15
-4
-1
-6
-4
-2
2
8
7
4
-1
-3
-6
-14
-13
-17
-15
-10
-8
-10
-13
-12
-17
-23
-26
-35
-35
-33
-37
-34
-38
-42
-50
-49
-51
-51
-53
-54
-51
-53
-58
-58
-57
-60
-53
-51
-52
-52
-49
-49
-38
-35
-37
-34
-31
-22
-21
-18
-12
-10
-19
-21
-22
-21
-18
-17
-16
-11
-8
-6
-6
-8
-3
-5
-8
-5
-3
-5
-4
0
1
3
8
11
12
11
12
17
21
18
14
15
15
15
10
8
9
12
12
11
10
4
3
4
-3
-7
0
-6
-7
-7
-13
-7
-11
-19
-13
-13
-16
-20
-16
-9
-11
-6
-3
-5
-3
10
16
18
18
17
20
18
23
30
26
31
34
38
40
40
44
40
39
43
43
48
45
46
47
47
52
48
53
56
52
53
59
63
64
69
68
73
67
66
62
54
49
44
46
39
36
39
29
31
30
23
27
21
19
18
21
17
7
7
5
6
5
1
5
5
6
7
7
11
7
8
10
9
15
17
11
11
15
16
20
20
21
21
21
23
21
18
23
31
33
34
33
33
32
29
31
40
37
36
44
43
47
50
50
50
51
46
46
44
45
39
37
35
29
31
25
22
16
19
18
18
19
10
11
3
-2
4
3
0
2
-1
0
3
3
0
0
-3
0
1
1
10
7
3
2
3
-7
-3
-14
-18
-23
-23
-19
-21
-20
-23
-20
-23
-26
-25
-23
-29
-33
-37
-39
-42
-40
-42
-38
-34
-34
-36
-37
-30
-31
-26
-23
-23
-29
-35
-30
-36
-41
-39
-47
-51
-43
-45
-46
-43
-50
-43
-42
-48
-52
-54
-51
-48
-44
-47
-44
-47
-46
-36
-34
-31
-28
-24
-26
-24
-24
-24
-23
-25
-22
-15
-14
-12
-16
-19
-17
-15
-17
-19
-18
-19
-14
-12
-17
-23
-25
-28
-34
-37
-42
-46
-42
-45
-43
-42
-46
-54
-56
-55
-50
-54
-56
-54
-58
-59
-56
-60
-62
-61
-60
-59
-62
-56
-49
-53
-46
-50
-47
-43
-44
-30
-25
-17
-20
-26
-25
-28
-34
-29
-27
-24
-14
-13
-8
-7
-8
-5
-6
-3
3
5
6
6
6
5
2
3
5
4
6
7
6
12
15
20
16
16
14
11
8
4
4
0
-3
-9
-11
-11
-8
-7
1
0
-4
6
7
9
11
13
14
16
20
24
26
24
18
18
17
13
15
19
16
18
20
24
28
29
34
36
39
39
46
48
50
57
57
59
65
61
68
71
75
80
83
88
90
92
93
91
88
89
90
81
82
81
74
74
74
71
68
68
68
65
66
66
62
56
57
54
53
51
48
42
37
40
41
37
33
35
33
29
33
29
28
27
24
26
22
32
27
26
26
25
26
18
18
9
9
6
4
1
2
7
6
3
9
6
8
9
8
12
8
1
-2
-5
-9
-12
-15
-16
-11
-5
-8
-10
-12
-8
-9
-16
-21
-19
-26
-31
-27
-31
-27
-22
-19
-15
-10
-8
-7
-8
-13
-13
-14
-18
-12
-17
-12
-11
-12
-3
1
4
9
10
5
4
-10
-17
-18
-24
-24
-26
-28
-32
-37
-28
-28
-27
-31
-28
-23
-25
-21
-27
-28
-33
-30
-29
-30
-27
-33
-33
-34
-35
-35
-35
-28
-32
-35
-33
-42
-46
-49
-46
-46
-42
-33
-25
-18
-20
-18
-15
-12
-14
-16
-12
-8
-6
0
0
-2
2
9
3
1
1
6
4
2
7
3
1
-3
-1
-7
-4
-5
-8
-13
-11
-14
-18
-17
-25
-20
-26
-33
-39
-33
-35
-44
-41
-48
-52
-52
-49
-51
-52
-49
-52
-54
-50
-49
-49
-52
-59
-63
-63
-70
-65
-64
-66
-64
-65
-60
-64
-58
-55
-56
-50
-55
-61
-68
-67
-61
-54
-46
-40
-38
-28
-21
-19
-12
-16
-14
-10
-1
4
4
0
2
10
14
24
37
49
49
51
47
45
38
33
31
30
27
25
29
30
39
39
39
35
37
36
34
39
38
36
40
43
42
44
49
49
48
47
48
50
42
42
39
33
26
14
17
15
11
16
20
21
28
30
33
35
29
25
22
22
17
7
7
14
16
17
21
32
38
37
42
48
45
37
30
35
34
25
24
21
27
26
29
36
42
45
44
49
47
43
38
30
27
28
27
31
29
26
24
22
24
24
26
24
24
23
22
22
27
29
30
29
30
28
36
47
48
50
53
47
41
48
50
54
48
52
54
53
54
52
45
44
41
41
34
30
31
27
39
36
42
43
38
41
32
37
36
35
36
33
26
21
22
18
11
15
16
14
10
4
-1
-4
-14
-24
-29
-38
-38
-36
-36
-37
-44
-38
-32
-37
-38
-36
-34
-39
-38
-37
-35
-27
-27
-25
-24
-19
-10
-19
-24
-23
-29
-35
-39
-28
-26
-25
-27
-28
-23
-24
-23
-19
-13
-15
-10
-14
-4
-4
-4
-6
-18
-17
-17
-24
-22
-20
-26
-28
-29
-26
-29
-26
-29
-31
-31
-28
-25
-27
-29
-37
-37
-32
-40
-38
-35
-40
-39
-38
-37
-35
-42
-44
-45
-49
-53
-50
-44
-45
-43
-45
-43
-45
-45
-43
-43
-39
-39
-33
-30
-27
-23
-21
-15
-19
-18
-20
-21
-22
-21
-22
-22
-16
-17
-14
-13
-17
-21
-17
-18
-15
-17
-26
-22
-14
-16
-15
-13
-19
-23
-33
-31
-29
-30
-22
-23
-21
-15
-23
-25
-26
-18
-16
-14
-18
-25
-19
-18
-23
-23
-30
-33
-33
-31
-32
-26
-19
-22
-20
-22
-17
-15
-14
-16
-16
-24
-22
-16
-11
-11
-9
-5
4
1
-4
2
-1
2
0
-2
-3
-12
-7
-1
-5
5
12
14
19
24
26
25
24
27
20
19
16
19
21
18
19
17
17
16
16
12
15
9
2
4
4
0
-1
4
6
16
16
14
21
25
27
28
29
35
33
33
34
26
22
21
23
24
26
28
27
33
34
34
36
37
38
40
43
43
38
36
41
48
57
50
52
47
45
45
47
45
42
45
40
43
45
41
41
42
41
43
40
43
38
33
37
28
21
19
22
26
26
26
17
15
18
14
22
18
13
9
5
4
7
15
13
10
3
4
13
14
16
17
17
20
26
37
36
35
38
35
35
38
40
39
42
41
32
30
27
33
35
40
37
26
20
15
11
8
11
12
5
4
-5
-4
-3
-7
-5
-8
-14
-16
-14
-21
-26
-26
-22
-26
-27
-24
-25
-26
-28
-25
-25
-20
-16
-19
-16
-13
-19
-26
-26
-30
-27
-23
-23
-21
-22
-22
-18
-13
-14
-15
-14
-12
-12
-11
-14
-19
-15
-15
-13
-14
-5
-3
-7
0
-3
-6
-4
0
-6
-8
-3
-6
-5
-5
8
6
8
12
10
12
5
7
5
7
-2
-10
-16
-17
-18
-21
-25
-29
-25
-24
-28
-30
-35
-34
-42
-36
-38
-41
-43
-43
-40
-34
-30
-31
-32
-42
-41
-50
-51
-55
-61
-55
-58
-59
-59
-64
-67
-65
-63
-57
-61
-68
-67
-70
-67
-67
-60
-64
-63
-60
-67
-66
-64
-55
-55
-48
-45
-43
-39
-43
-42
-38
-42
-42
-46
-44
-39
-30
-27
-30
-24
-17
-11
-9
-12
-11
-11
-9
-9
-10
-4
2
6
3
10
19
29
33
35
36
32
41
38
38
43
39
40
38
43
45
42
43
44
41
41
35
37
37
35
37
37
38
33
34
40
40
40
36
29
18
12
7
3
-4
-11
-14
-17
-24
-23
-15
-18
-11
-9
-9
-4
-7
-9
-3
1
0
4
5
3
9
8
18
18
17
23
18
19
21
23
26
30
26
36
36
31
31
29
34
36
35
36
39
42
44
45
46
45
39
33
31
29
34
34
35
33
29
30
32
26
26
25
18
20
20
17
14
14
13
15
15
17
27
28
24
28
30
35
36
29
28
26
19
19
23
20
13
8
8
8
7
14
22
20
17
12
9
12
11
14
17
16
23
28
30
34
32
27
31
37
42
39
36
32
34
44
48
50
55
50
42
38
35
25
20
16
12
12
7
8
11
13
12
14
13
10
10
10
4
-6
1
4
-7
-12
-18
-23
-28
-30
-30
-30
-31
-30
-26
-37
-36
-37
-39
-42
-47
-37
-37
-34
-28
-20
-14
-12
-16
-19
-15
-13
-11
-6
-9
-10
-12
-7
-6
-4
-2
1
3
1
0
-3
1
5
5
1
-2
-5
-2
1
-1
1
2
8
5
11
13
8
-3
-5
-6
-10
-9
-18
-22
-29
-34
-31
-31
-33
-40
-44
-48
-50
-48
-52
-48
-48
-49
-50
-55
-56
-59
-55
-51
-51
-51
-51
-44
-46
-40
-38
-39
-44
-41
-39
-44
-43
-47
-52
-51
-43
-37
-42
-46
-43
-36
-37
-40
-29
-23
-16
-8
-4
4
2
-2
1
-1
-6
-5
-3
-6
2
8
9
16
17
22
21
19
16
12
11
5
8
3
1
4
10
6
2
5
5
9
11
12
9
11
15
11
8
5
3
2
2
2
-1
-3
-3
-6
-9
-8
-11
-12
-16
-14
-13
-11
-14
-18
-27
-28
-23
-20
-5
-4
-6
-5
-9
-15
-18
-20
-21
-22
-30
-34
-29
-25
-28
-29
-30
-30
-30
-31
-18
-19
-19
-16
-17
-16
-17
-18
-16
-6
-4
3
7
8
11
12
16
18
17
13
13
15
20
21
13
14
26
26
27
32
34
38
45
49
58
60
60
62
62
57
57
55
51
53
54
47
44
45
42
45
41
36
37
38
38
33
28
24
20
18
19
13
13
10
9
14
20
23
19
12
15
8
8
9
-2
-2
-3
0
5
6
9
7
8
7
4
11
14
18
23
26
33
37
41
44
41
45
41
38
40
40
37
35
40
41
43
42
35
33
27
34
28
22
15
10
10
7
7
11
17
16
10
10
6
8
11
5
4
0
-6
-9
-7
-19
-24
-23
-25
-16
-13
-10
-11
-14
-17
-27
-30
-30
-26
-26
-19
-20
-17
-11
-7
-7
-8
-7
-11
-11
-11
-5
-7
-5
-3
-9
-8
-10
-8
-5
-2
-1
4
6
4
10
12
16
12
15
23
25
21
24
28
20
28
23
20
21
14
12
5
8
1
-3
-6
-12
-11
-16
-25
-27
-28
-30
-30
-37
-38
-38
-35
-34
-34
-34
-36
-37
-42
-46
-46
-47
-47
-41
-38
-38
-36
-39
-39
-31
-29
-34
-41
-42
-42
-42
-41
-43
-46
-43
-43
-43
-44
-40
-38
-38
-40
-40
-41
-41
-34
-41
-38
-36
-36
-34
-37
-27
-33
-28
-22
-24
-21
-26
-33
-32
-39
-37
-35
-33
-24
-29
-20
-15
-14
-12
-4
0
0
-1
-9
-8
-11
-17
-17
-16
-10
-13
-18
-21
-23
-24
-23
-32
-35
-34
-39
-44
-42
-30
-31
-21
-13
-6
3
3
10
7
1
-4
-7
-5
-13
-18
-17
-18
-23
-21
-18
-21
-19
-16
-20
-16
-9
-7
-6
-11
-16
-8
-4
-4
-1
9
17
22
28
27
26
22
21
8
3
-3
-11
-21
-20
-17
-7
3
8
10
8
17
18
21
23
15
13
10
8
13
19
34
39
46
47
46
49
43
42
32
32
32
33
31
30
24
27
30
30
42
43
49
46
48
43
34
31
28
24
21
28
27
34
50
46
51
49
49
48
41
37
25
25
15
11
7
12
19
14
19
28
38
39
43
39
36
41
39
47
44
49
50
52
61
61
65
71
75
74
77
88
81
74
69
69
66
61
63
69
67
64
67
61
60
58
60
57
49
41
41
40
32
29
32
37
30
30
33
38
38
35
34
27
27
20
13
21
19
18
15
6
5
9
13
6
2
-5
-8
-13
-14
-11
-13
-10
-7
-11
-15
-16
-11
-14
-15
-7
-6
-6
-13
-13
-13
-14
-13
-7
-3
-4
-7
-5
1
0
0
0
-3
-5
1
2
-1
-3
-2
-2
-7
-11
-7
-8
-16
-21
-21
-20
-17
-14
-16
-24
-24
-35
-37
-42
-46
-48
-56
-52
-54
-57
-56
-56
-55
-53
-54
-49
-47
-41
-39
-40
-42
-42
-42
-42
-44
-52
-54
-60
-63
-54
-57
-57
-52
-55
-45
-41
-41
-37
-29
-25
-25
-26
-27
-30
-31
-31
-32
-28
-28
-32
-31
-30
-35
-40
-41
-42
-38
-40
-40
-37
-34
-35
-40
-43
-49
-54
-61
-63
-61
-64
-63
-61
-61
-59
-60
-55
-57
-56
-60
-60
-53
-58
-60
-61
-61
-58
-53
-51
-41
-38
-38
-34
-28
-27
-26
-18
-18
-14
-14
-12
-7
-7
-2
-2
4
0
2
0
2
2
3
7
7
11
12
17
12
17
15
11
12
6
8
14
16
13
6
2
2
6
5
9
11
13
12
9
16
18
13
19
20
19
23
19
20
22
15
15
25
29
29
24
26
29
29
28
29
34
35
31
20
22
15
13
12
15
25
26
30
36
39
42
42
39
43
44
40
47
44
47
46
45
43
36
38
38
39
33
42
46
45
46
42
45
46
40
36
39
39
35
33
34
35
36
25
26
34
30
31
32
26
28
35
29
33
33
30
35
36
38
33
33
28
24
25
29
29
29
24
28
32
30
37
32
33
34
34
34
36
39
33
38
42
33
29
31
32
34
36
31
24
21
20
23
23
18
20
18
23
24
17
14
14
16
13
7
11
8
2
-1
1
5
-3
-7
-5
1
6
4
11
12
9
10
4
6
-1
-4
-1
5
5
7
4
-2
-1
-3
-9
-12
-11
-10
-11
-15
-11
-8
-7
-6
-5
-7
-9
-16
-23
-34
-49
-47
-51
-56
-60
-60
-56
-53
-47
-52
-51
-52
-54
-50
-52
-58
-57
-61
-67
-65
-64
-61
-63
-64
-68
-72
-65
-64
-64
-60
-60
-59
-54
-56
-59
-59
-59
-51
-52
-48
-45
-40
-29
-37
-34
-26
-26
-23
-20
-24
-24
-23
-17
-13
-8
0
-2
-2
2
-1
-8
-17
-25
-37
-41
-39
-39
-35
-32
-31
-29
-19
-16
-14
-17
-14
-12
-11
-11
-22
-24
-22
-23
-23
-15
-5
-1
-1
-3
-5
-11
-20
-29
-28
-32
-34
-29
-27
-24
-23
-24
-22
-19
-22
-21
-20
-18
-18
-23
-25
-31
-29
-29
-24
-15
-12
-6
-12
-11
-3
-3
-5
-6
-2
0
-1
-2
-8
-5
-2
0
8
7
8
11
14
16
14
12
16
18
18
17
13
13
20
26
31
31
24
24
24
20
20
16
14
18
15
12
8
11
10
8
17
15
14
18
26
23
19
16
8
9
8
3
6
13
12
10
12
4
3
7
9
5
4
6
8
17
21
20
28
37
48
54
60
63
65
68
67
68
62
65
65
65
68
66
72
79
80
82
79
82
79
73
78
75
67
71
80
75
69
68
67
68
64
66
62
54
49
42
35
37
36
35
31
28
29
26
21
17
16
17
14
12
12
10
9
7
4
6
0
2
8
3
14
15
11
10
7
9
5
2
0
-1
-4
-3
8
13
7
10
1
-2
-3
-9
-7
-9
-7
-11
-15
-16
-16
-13
-9
-6
-2
-4
-5
-2
-2
-5
-7
-2
-5
1
-1
-4
-3
-9
-9
-15
-15
-10
-13
-16
-17
-13
-17
-17
-12
-4
-2
2
8
3
2
4
-4
-9
0
-5
-5
-9
-14
-8
-7
-4
-13
-11
-12
-12
-5
-10
-9
-18
-20
-25
-32
-29
-35
-33
-32
-33
-30
-33
-36
-36
-39
-42
-39
-42
-42
-45
-48
-50
-52
-51
-56
-57
-52
-45
-44
-43
-42
-36
-35
-37
-26
-26
-22
-15
-15
-12
-15
-13
-11
-19
-19
-23
-17
-13
-13
-7
-4
-4
-3
-2
-2
-5
-2
-4
-11
-12
-18
-16
-20
-22
-21
-22
-12
-17
-11
-8
-14
-14
-21
-25
-31
-33
-28
-33
-37
-43
-44
-49
-48
-44
-43
-42
-44
-46
-52
-54
-59
-68
-68
-66
-68
-63
-62
-58
-50
-48
-39
-38
-31
-30
-26
-22
-22
-24
-25
-17
-20
-13
-11
-7
-3
6
16
15
20
20
19
23
25
23
29
23
27
32
29
31
33
33
29
30
28
30
35
33
37
37
35
38
26
25
28
28
28
30
26
22
23
21
25
28
25
19
20
19
16
14
17
14
9
9
16
16
16
15
12
10
7
10
8
9
11
11
15
15
6
10
11
9
19
12
14
15
10
15
16
22
15
12
10
8
11
18
21
23
26
30
35
32
28
26
28
37
39
37
39
38
39
40
44
44
43
43
39
43
41
39
36
37
37
35
40
37
31
35
39
42
38
39
35
32
31
27
25
18
21
17
17
20
16
17
15
16
17
19
24
24
18
12
10
16
8
4
4
4
3
2
2
-8
-12
-23
-24
-28
-31
-24
-28
-26
-28
-24
-19
-27
-19
-25
-30
-30
-28
-19
-20
-23
-20
-18
-13
-12
-13
-14
-12
-17
-22
-21
-19
-22
-15
-6
-7
-5
0
5
4
6
12
10
18
24
25
27
26
27
23
27
24
30
32
29
26
20
16
14
7
0
-4
-6
-9
-11
-13
-14
-18
-17
-18
-19
-20
-19
-17
-21
-31
-40
-48
-53
-53
-49
-51
-58
-53
-50
-52
-49
-50
-55
-54
-58
-63
-62
-63
-62
-58
-52
-48
-42
-43
-38
-31
-29
-24
-18
-13
-8
-12
-7
-4
-8
-6
-3
-2
-1
-1
0
2
5
12
17
21
20
17
17
22
16
17
23
20
15
14
25
23
22
23
17
13
10
0
-3
-8
-10
-20
-32
-32
-35
-41
-46
-47
-48
-47
-42
-45
-42
-42
-49
-52
-58
-63
-67
-67
-70
-68
-71
-72
-70
-62
-61
-54
-45
-41
-41
-41
-36
-34
-32
-37
-31
-31
-32
-21
-11
-3
5
9
15
23
34
36
46
50
52
55
55
54
59
63
54
52
63
65
63
70
66
60
58
56
48
54
52
45
51
43
41
41
45
50
47
42
41
44
35
30
24
21
24
11
5
1
1
-5
-5
-3
-4
-6
-11
-17
-19
-15
-22
-15
-19
-23
-25
-25
-26
-28
-20
-22
-15
-9
-8
-14
-18
-15
-16
-18
-14
-21
-20
-20
-24
-21
-18
-15
-10
-2
-3
4
3
1
4
4
11
14
17
20
24
28
37
47
47
47
51
41
46
43
44
44
37
38
35
32
26
27
20
23
27
22
20
16
11
11
6
7
10
3
5
11
17
20
20
19
15
16
16
17
23
28
24
28
35
35
41
43
46
46
44
41
35
31
22
16
14
9
17
14
14
14
14
19
23
17
14
10
12
15
13
5
2
7
5
9
13
17
24
28
28
31
37
34
35
29
25
29
27
20
26
36
33
38
40
45
41
41
40
34
34
31
25
25
20
19
19
18
21
20
22
24
15
7
-5
-9
-7
-14
-19
-23
-23
-19
-15
-15
-17
-22
-29
-30
-31
-35
-36
-44
-47
-50
-52
-52
-51
-54
-54
-53
-59
-63
-67
-71
-70
-65
-57
-57
-62
-59
-60
-53
-49
-42
-37
-33
-24
-24
-23
-20
-21
-25
-23
-25
-22
-21
-17
-15
-14
-13
-7
4
8
12
6
11
7
3
9
14
15
14
13
12
15
10
18
17
13
14
11
14
10
5
6
4
0
-2
-10
-13
-19
-27
-32
-39
-41
-38
-40
-40
-43
-49
-51
-57
-57
-52
-54
-58
-59
-58
-57
-60
-65
-62
-61
-61
-49
-42
-35
-35
-31
-27
-27
-25
-27
-28
-27
-29
-28
-21
-23
-23
-15
-14
-13
-14
-17
-14
-13
-13
-7
-7
-8
-13
-13
-13
-13
-9
-10
-15
-13
-10
-20
-15
-17
-22
-23
-27
-31
-33
-32
-28
-23
-27
-26
-22
-23
-31
-34
-34
-38
-35
-28
-22
-17
-10
-4
-1
2
3
5
2
6
6
7
11
12
9
9
12
15
22
21
21
24
24
28
30
29
30
32
33
33
36
36
33
37
37
42
40
39
38
39
44
39
40
42
46
51
51
48
51
50
41
41
42
48
49
50
50
53
54
58
57
56
61
63
61
57
56
55
53
58
61
55
57
60
61
64
66
72
70
69
70
71
74
72
72
67
70
71
68
72
68
63
54
52
44
35
29
21
18
17
18
26
21
18
19
15
11
8
2
-6
-11
-17
-24
-23
-24
-25
-22
-26
-27
-23
-28
-27
-22
-21
-28
-26
-24
-27
-23
-23
-19
-19
-14
-10
-4
-10
-16
-12
-11
-11
-12
-3
0
0
2
6
7
10
16
14
9
10
14
12
7
4
2
6
12
8
11
10
12
12
11
14
6
7
-1
-12
-13
-18
-17
-19
-16
-20
-18
-14
-14
-14
-14
-12
-14
-18
-20
-20
-24
-20
-24
-32
-33
-30
-38
-40
-38
-51
-57
-59
-64
-67
-65
-60
-57
-62
-63
-60
-66
-68
-70
-73
-69
-72
-68
-68
-72
-66
-64
-61
-59
-60
-57
-65
-63
-57
-61
-61
-58
-53
-53
-50
-46
-33
-32
-28
-21
-22
-18
-18
-20
-21
-21
-24
-30
-34
-31
-30
-27
-19
-21
-23
-28
-32
-33
-33
-31
-40
-44
-43
-42
-45
-41
-38
-32
-32
-35
-38
-39
-37
-46
-44
-39
-35
-36
-36
-34
-30
-30
-31
-31
-24
-22
-22
-19
-23
-19
-15
-18
-10
-6
-8
-1
2
6
10
6
0
3
4
9
18
24
32
39
42
48
49
45
43
40
38
30
24
22
16
17
22
17
16
18
18
18
20
25
24
27
24
19
17
21
23
22
27
31
32
33
39
38
34
32
33
36
30
28
31
30
31
30
37
47
49
49
46
49
43
43
45
46
51
56
56
62
68
67
73
69
69
69
66
64
63
65
60
60
57
59
57
56
60
58
58
56
53
51
54
53
46
34
31
27
26
28
29
31
25
26
30
33
33
27
24
24
20
21
20
23
30
29
31
36
27
27
32
28
36
34
38
44
47
52
51
53
53
55
62
67
68
74
70
66
62
55
51
45
42
37
34
34
38
40
30
32
35
35
36
27
20
11
4
4
-3
-8
-10
-15
-11
-18
-25
-21
-26
-26
-25
-29
-26
-27
-29
-31
-35
-31
-38
-40
-33
-37
-35
-39
-39
-34
-35
-27
-31
-31
-27
-21
-18
-12
-5
-9
-9
-17
-22
-27
-31
-37
-32
-40
-41
-36
-45
-40
-34
-27
-23
-22
-21
-26
-32
-35
-43
-49
-53
-55
-52
-56
-62
-61
-63
-63
-65
-59
-59
-61
-64
-65
-64
-68
-72
-68
-67
-65
-67
-65
-63
-61
-54
-56
-51
-59
-62
-63
-66
-61
-65
-61
-58
-58
-58
-59
-59
-51
-52
-50
-52
-47
-44
-50
-49
-52
-52
-50
-52
-48
-45
-40
-29
-30
-27
-26
-27
-22
-21
-18
-17
-13
-12
-12
-15
-19
-16
-12
-11
-13
-6
-6
-4
-3
1
7
8
3
-1
-2
-2
-5
-4
3
5
10
9
23
31
30
32
37
40
35
37
27
19
16
13
20
17
16
18
12
11
8
14
18
14
9
7
1
-5
-10
-10
-14
-14
-6
-5
-3
-2
-2
-4
-3
-3
-5
-5
-6
-10
-9
-8
-11
-14
-11
-9
-12
-13
-5
0
4
5
11
15
21
25
19
19
19
16
19
20
28
37
30
39
39
45
51
49
52
47
50
53
56
59
62
63
62
61
57
59
59
58
63
59
59
55
53
50
45
37
34
38
36
41
35
30
33
29
20
15
19
17
7
10
11
7
3
6
9
16
13
8
4
0
4
2
1
0
-2
3
6
8
6
0
7
11
16
20
17
18
13
12
21
28
34
39
36
43
47
56
57
57
58
51
50
45
45
41
37
46
49
55
67
70
73
72
71
67
62
57
51
46
46
42
40
41
37
33
28
24
22
16
6
4
-6
-14
-19
-33
-37
-37
-43
-42
-49
-54
-51
-49
-48
-49
-46
-54
-58
-60
-65
-67
-69
-66
-65
-64
-63
-63
-67
-71
-74
-77
-80
-78
-76
-75
-60
-64
-60
-55
-56
-47
-42
-40
-40
-45
-42
-40
-38
-42
-36
-31
-27
-26
-25
-15
-20
-18
-19
-27
-28
-34
-38
-40
-44
-38
-38
-34
-31
-30
-27
-26
-29
-28
-25
-30
-29
-35
-31
-26
-26
-20
-23
-23
-18
-17
-15
-15
-19
-23
-23
-22
-23
-27
-35
-33
-38
-35
-33
-30
-24
-24
-23
-23
-15
-10
-9
-10
-6
-9
-10
-8
-11
-9
-12
-8
-12
-10
-8
-6
-2
-5
-2
-4
1
1
-2
-2
-2
-3
-1
4
10
8
8
11
12
19
20
29
33
33
34
31
25
27
20
15
20
15
19
18
18
19
13
19
19
22
22
19
25
29
26
22
18
15
19
22
22
25
30
26
24
22
25
23
16
19
16
13
8
8
0
-4
-7
-4
-3
-6
-8
-7
-7
-10
-4
-4
-5
-4
-2
-1
3
1
6
3
2
5
6
11
10
16
17
11
12
8
5
5
7
13
9
15
18
24
23
20
20
20
19
18
17
17
23
27
28
31
31
31
33
31
33
31
29
29
29
30
25
31
30
26
26
25
26
22
23
19
14
4
2
4
6
8
5
13
15
14
15
12
9
6
5
-3
-6
-8
-12
-12
-12
-12
-14
-10
-7
-6
-4
0
2
-5
-2
-5
-2
3
0
3
9
16
21
22
28
34
39
43
40
37
36
40
40
44
43
47
48
53
53
54
58
58
53
51
44
37
38
38
41
40
42
39
36
33
25
17
12
13
12
10
12
11
8
9
8
7
4
-2
2
-1
-1
-13
-20
-15
-19
-13
-9
-4
-7
-5
2
2
3
-3
-4
0
1
2
-2
2
-2
-3
4
2
0
0
-1
2
-5
-10
-9
-17
-20
-25
-25
-28
-32
-30
-26
-22
-18
-20
-20
-20
-19
-18
-23
-26
-26
-26
-38
-36
-33
-33
-36
-36
-36
-32
-31
-35
-35
-39
-36
-42
-39
-36
-37
-42
-44
-46
-41
-36
-38
-34
-37
-34
-30
-27
-30
-32
-31
-34
-35
-40
-38
-44
-48
-45
-40
-40
-35
-31
-36
-32
-30
-24
-27
-26
-29
-33
-26
-30
-32
-34
-32
-27
-23
-23
-25
-23
-28
-31
-35
-40
-39
-42
-41
-43
-37
-39
-37
-33
-36
-34
-32
-30
-27
-26
-30
-27
-20
-21
-16
-8
-1
3
0
4
3
4
7
2
3
1
6
14
19
24
20
25
24
24
26
20
26
20
19
19
17
23
19
15
9
14
13
12
10
4
-3
-12
-19
-23
-19
-20
-26
-21
-22
-20
-19
-21
-25
-32
-38
-37
-34
-40
-39
-39
-33
-34
-33
-31
-29
-20
-17
-16
-14
-12
-15
-20
-15
-13
-10
-5
-3
0
5
11
17
14
14
15
13
18
24
30
39
48
48
55
61
59
61
56
54
47
44
38
32
31
29
34
36
41
45
49
52
48
49
45
35
31
30
23
17
25
25
26
26
27
30
31
32
27
24
24
15
8
7
-1
-2
-3
-5
1
1
7
9
17
22
22
27
26
23
23
25
31
36
38
42
46
49
55
54
51
57
56
56
65
61
56
59
63
65
69
72
74
75
76
81
79
79
78
76
74
64
60
59
53
44
41
36
36
39
34
34
32
33
32
31
26
23
16
9
2
-6
-4
-6
-9
-11
-19
-20
-15
-14
-18
-23
-24
-26
-25
-22
-30
-32
-29
-29
-31
-33
-40
-47
-50
-50
-46
-46
-40
-36
-34
-38
-31
-27
-27
-35
-37
-37
-36
-35
-36
-35
-34
-31
-33
-34
-32
-32
-29
-25
-27
-24
-24
-29
-28
-33
-40
-45
-49
-44
-47
-41
-40
-36
-29
-27
-24
-25
-17
-16
-19
-25
-29
-29
-29
-22
-15
-7
-5
-4
-6
-9
-6
-14
-20
-25
-25
-26
-32
-29
-30
-34
-34
-28
-25
-27
-28
-23
-25
-27
-31
-33
-32
-34
-38
-40
-37
-37
-38
-45
-37
-33
-32
-35
-34
-33
-31
-36
-40
-37
-31
-27
-30
-28
-30
-31
-27
-31
-33
-27
-22
-23
-23
-24
-18
-20
-14
-7
-14
-16
-15
-17
-18
-23
-24
-25
-27
-25
-25
-20
-23
-19
-18
-17
-13
-16
-13
-16
-18
-17
-18
-19
-15
-14
-9
-4
3
7
8
9
9
11
13
12
9
9
7
14
17
20
20
29
28
29
32
27
31
31
34
37
38
38
41
41
40
46
44
40
35
31
30
35
40
39
38
41
39
38
35
32
30
31
28
23
23
23
23
23
26
28
26
28
30
29
30
29
25
21
12
-1
-2
-2
3
0
2
4
8
8
7
1
-4
-2
-8
-6
-4
0
0
9
13
13
18
21
26
24
25
25
24
24
25
20
19
20
24
25
24
26
19
23
22
17
20
17
19
21
27
34
34
33
32
32
39
38
35
30
29
25
21
27
29
32
33
37
35
40
46
42
45
43
42
39
42
40
38
38
45
49
50
56
56
56
55
56
51
52
47
50
44
43
36
30
30
24
25
19
22
16
18
21
15
19
13
13
6
6
13
10
8
7
9
10
13
12
9
3
0
-1
-6
-9
-13
-15
-15
-13
-13
-23
-22
-22
-19
-11
-12
-12
-17
-19
-27
-30
-30
-32
-32
-36
-37
-41
-41
-42
-40
-37
-40
-38
-40
-46
-46
-49
-58
-65
-65
-69
-68
-59
-59
-53
-51
-59
-60
-56
-52
-53
-54
-49
-51
-51
-57
-62
-61
-62
-49
-47
-44
-35
-27
-24
-24
-21
-25
-27
-24
-23
-22
-21
-27
-29
-28
-32
-35
-36
-34
-29
-21
-20
-18
-20
-18
-14
-18
-11
-13
-15
-18
-20
-19
-24
-25
-27
-23
-22
-25
-25
-22
-24
-25
-21
-21
-19
-22
-32
-38
-41
-43
-47
-49
-53
-52
-53
-56
-58
-55
-51
-56
-54
-53
-52
-55
-57
-63
-66
-63
-59
-58
-58
-52
-49
-46
-38
-35
-29
-22
-15
-9
-10
-9
-8
-4
4
3
9
15
17
21
18
21
22
24
30
37
44
43
40
42
39
46
41
41
43
38
37
27
34
35
34
35
36
32
32
28
26
27
24
23
27
27
21
16
17
19
15
19
16
17
18
12
17
9
9
14
19
14
14
15
17
21
27
28
24
27
28
24
21
23
23
31
30
32
35
35
35
34
35
34
34
37
38
42
37
35
38
37
39
44
49
43
47
51
47
53
49
52
49
44
43
46
47
46
40
44
45
38
41
37
38
38
35
35
35
34
39
44
45
44
39
42
42
44
41
40
38
41
43
44
42
38
40
37
39
36
37
34
29
22
13
11
5
2
-3
0
0
0
-6
-11
-13
-18
-19
-27
-32
-33
-36
-38
-40
-40
-43
-47
-44
-41
-41
-33
-26
-24
-21
-24
-27
-24
-20
-16
-12
-15
-16
-14
-13
-10
-5
-2
1
4
5
6
10
18
20
17
21
23
27
24
20
17
14
14
11
8
-1
2
6
9
7
3
4
-1
2
5
-2
-5
-6
-12
-16
-20
-19
-23
-20
-21
-26
-25
-29
-30
-39
-49
-58
-61
-65
-63
-58
-62
-57
-61
-58
-53
-51
-54
-58
-54
-52
-54
-54
-57
-53
-56
-55
-55
-53
-46
-48
-42
-39
-33
-27
-28
-29
-30
-30
-30
-22
-16
-10
-7
-4
-2
-3
-5
-6
-9
-12
-15
-17
-17
-25
-27
-27
-23
-17
-19
-19
-23
-25
-21
-18
-18
-19
-23
-25
-20
-15
-13
-10
-9
-11
-13
-15
-16
-21
-21
-22
-27
-20
-15
-10
-9
-7
-3
-7
-12
-13
-10
-12
-11
-11
-12
-11
-12
-9
-5
-2
5
6
9
13
8
7
6
-1
-1
-8
-14
-12
-11
-12
-5
3
8
14
17
21
22
23
23
27
32
27
27
33
30
27
24
25
27
21
22
19
14
9
4
7
8
5
0
-2
-3
-7
-11
-8
-9
-9
-7
-11
-17
-17
-7
-4
-1
3
-3
3
3
2
3
-3
1
-2
-7
-6
-3
-4
-4
-1
-4
-10
-10
-12
-11
-7
-10
-8
-6
0
7
14
17
21
17
20
26
27
31
33
29
21
25
25
24
26
28
32
37
39
42
46
52
53
53
61
62
67
70
71
73
75
72
74
75
73
72
71
74
75
78
73
72
71
71
73
73
71
62
58
54
52
51
45
46
46
45
46
53
57
54
50
48
43
40
33
32
25
22
27
20
21
15
10
9
9
3
-1
-7
-6
-13
-15
-15
-10
-6
-7
-4
-9
-7
-11
-14
-21
-17
-15
-23
-22
-23
-24
-22
-22
-23
-26
-26
-22
-25
-23
-26
-28
-30
-27
-24
-21
-17
-17
-14
-14
-14
-9
-7
-3
-7
-6
-10
-3
5
11
16
17
23
21
24
15
7
0
-1
-3
-3
0
-2
-3
-5
-5
0
1
-3
1
-2
-6
-8
-12
-15
-24
-27
-26
-38
-41
-39
-39
-40
-40
-37
-44
-45
-44
-42
-45
-44
-45
-49
-53
-62
-61
-56
-52
-48
-45
-41
-42
-42
-44
-42
-43
-46
-41
-41
-36
-27
-30
-30
-25
-27
-22
-16
-18
-17
-19
-23
-16
-20
-15
-18
-21
-14
-22
-27
-27
-33
-29
-25
-19
-21
-23
-30
-31
-28
-31
-23
-24
-20
-18
-25
-30
-32
-32
-31
-32
-36
-35
-38
-37
-36
-35
-31
-31
-33
-32
-36
-42
-42
-45
-43
-38
-39
-40
-38
-35
-31
-27
-22
-16
-12
-13
-12
-10
-11
-15
-19
-22
-22
-23
-18
-19
-13
-7
-8
-4
-4
-2
2
0
-9
-16
-12
-14
-10
-5
-6
-3
-1
0
4
4
3
3
0
-1
-6
-9
-14
-12
-11
-11
-11
-13
-5
-3
3
13
15
10
11
12
12
14
12
21
22
17
22
19
15
11
20
19
18
21
23
26
32
31
34
40
39
41
38
38
36
34
41
43
52
60
53
52
50
55
55
54
55
53
55
59
57
59
64
62
63
62
61
68
76
78
77
73
73
70
64
63
60
53
54
57
58
53
52
45
41
45
41
47
44
36
40
35
36
43
36
32
27
23
24
22
23
21
17
18
19
12
12
6
7
5
2
-5
-11
-12
-20
-19
-19
-17
-18
-20
-14
-14
-13
-14
-14
-18
-7
0
7
7
-3
-3
-3
1
2
2
3
3
9
9
16
20
20
23
21
25
26
24
22
23
27
27
17
17
21
19
23
23
26
28
25
20
15
10
3
-5
-12
-9
-8
-6
-4
-14
-17
-15
-19
-26
-28
-26
-25
-26
-29
-30
-38
-37
-42
-37
-34
-30
-25
-20
-14
-15
-16
-15
-18
-21
-19
-18
-15
-19
-20
-27
-25
-27
-29
-20
-21
-26
-25
-24
-25
-31
-41
-43
-55
-48
-43
-49
-41
-36
-38
-40
-40
-45
-44
-46
-52
-52
-54
-55
-50
-47
-52
-47
-51
-53
-53
-57
-54
-56
-53
-48
-48
-45
-47
-42
-44
-49
-49
-52
-57
-56
-59
-63
-61
-57
-55
-57
-56
-56
-46
-40
-38
-39
-44
-44
-43
-36
-35
-29
-20
-15
-11
-11
-6
-3
-2
-2
-3
-2
0
8
6
6
6
12
14
9
16
15
18
17
13
15
19
18
19
17
17
14
7
10
10
10
16
11
14
13
13
12
7
11
4
1
9
17
16
19
18
20
19
10
10
11
12
19
14
14
12
9
10
6
9
7
6
7
8
11
8
8
7
7
12
12
9
9
12
11
13
16
17
13
9
11
17
18
20
21
21
25
26
23
19
21
23
29
32
33
37
36
36
40
43
42
41
40
31
29
31
22
24
29
36
30
29
31
31
32
29
29
33
35
31
35
35
41
45
37
38
41
43
40
38
41
36
34
31
29
28
25
27
25
22
25
21
20
22
20
20
23
21
19
19
10
8
8
3
7
4
4
4
7
11
9
13
12
19
22
16
15
19
15
19
21
16
15
11
9
14
9
9
17
22
34
33
29
25
28
23
21
22
18
20
21
29
33
31
32
33
37
31
29
34
30
32
39
42
39
31
32
28
24
27
27
31
34
32
33
36
28
24
18
18
12
-1
-2
-3
-8
-11
-18
-17
-19
-28
-26
-32
-29
-24
-27
-34
-40
-42
-52
-50
-52
-51
-44
-40
-43
-45
-44
-48
-44
-53
-51
-59
-56
-60
-65
-61
-68
-65
-64
-63
-63
-60
-63
-62
-63
-65
-64
-68
-62
-53
-49
-47
-47
-56
-61
-61
-61
-58
-59
-53
-54
-50
-46
-41
-35
-31
-26
-25
-22
-19
-19
-19
-16
-13
-12
-10
-5
-4
-3
2
5
10
12
13
10
5
-2
-6
-1
2
-1
-4
-6
-2
0
-1
-6
-9
-9
-9
-17
-21
-18
-25
-25
-26
-16
-15
-19
-18
-18
-17
-20
-21
-19
-18
-21
-22
-20
-20
-22
-19
-11
-7
-7
-7
-5
-8
-10
-11
-11
-10
-7
-5
-3
1
3
9
8
5
10
11
14
10
4
9
7
13
17
19
16
16
16
14
10
7
1
-1
-9
-15
-6
-11
-5
-3
0
1
-4
0
1
7
5
2
-8
-12
-13
-14
-14
-12
-5
-6
0
4
5
8
7
4
2
6
8
7
3
6
9
16
24
19
22
25
26
23
26
33
33
34
29
18
19
23
26
29
32
40
43
44
45
47
48
50
58
60
58
59
62
58
51
49
47
46
49
54
51
46
42
37
34
35
36
31
27
18
16
13
11
12
14
11
9
11
12
12
7
7
9
8
-2
-12
-7
-8
-11
-10
-11
-14
-19
-18
-21
-20
-8
-3
1
3
3
0
-3
0
2
2
9
8
13
14
13
13
9
11
14
12
12
17
16
16
21
19
13
14
20
22
19
22
26
26
27
26
27
24
29
25
24
18
10
9
8
13
9
1
-3
-4
-1
-1
1
4
3
6
1
-1
1
-1
0
5
3
-1
-9
-8
-13
-11
-9
-15
-11
-14
-17
-21
-23
-26
-31
-32
-29
-27
-29
-35
-37
-41
-44
-47
-49
-47
-49
-45
-44
-41
-34
-40
-41
-41
-43
-47
-40
-39
-43
-37
-38
-33
-31
-30
-21
-21
-20
-14
-19
-20
-21
-17
-15
-15
-13
-12
-14
-15
-11
-11
-15
-5
-3
-3
-9
-10
-5
-7
-9
-16
-17
-14
-8
-4
-1
-6
-1
-3
-5
0
-6
-9
-13
-9
-7
-8
-3
-2
-5
-5
-4
-8
-12
-16
-19
-16
-18
-16
-17
-18
-18
-22
-15
-13
-11
-12
-11
-11
-15
-17
-25
-31
-36
-43
-44
-47
-42
-38
-37
-37
-44
-48
-42
-40
-39
-37
-32
-30
-31
-35
-30
-26
-22
-9
-7
-9
-12
-10
-15
-19
-19
-28
-26
-24
-20
-16
-18
-12
-10
-5
-8
-7
-7
-13
-15
-19
-22
-25
-24
-23
-23
-26
-30
-26
-17
-7
-1
0
2
-5
-5
-3
-6
-2
-2
3
6
11
14
12
17
16
10
16
15
13
19
26
34
33
35
36
39
42
41
45
45
42
39
38
38
42
46
48
49
43
46
52
50
47
44
32
32
34
30
36
32
43
45
39
45
45
43
41
40
41
42
41
37
33
25
17
20
17
19
23
17
20
15
11
14
16
19
21
21
22
22
21
24
32
34
38
44
41
38
42
40
43
38
36
34
27
27
23
27
27
24
23
28
31
31
35
35
40
47
47
48
47
46
44
43
38
42
47
46
45
48
43
38
41
36
37
34
31
24
25
25
22
22
18
17
17
20
23
21
22
12
7
3
4
5
1
2
-3
2
7
3
5
8
12
11
15
19
19
21
22
21
17
14
20
19
26
25
20
17
12
9
7
11
14
15
18
14
10
7
-3
-4
-10
-15
-17
-25
-21
-23
-28
-29
-34
-32
-37
-43
-38
-42
-39
-41
-42
-49
-50
-48
-45
-43
-37
-28
-26
-28
-34
-33
-30
-33
-34
-38
-46
-43
-41
-37
-35
-43
-44
-35
-37
-34
-28
-33
-34
-34
-38
-42
-44
-49
-47
-51
-45
-46
-46
-44
-45
-42
-48
-51
-53
-49
-52
-52
-55
-57
-52
-51
-45
-48
-49
-47
-53
-45
-41
-48
-46
-42
-44
-45
-37
-38
-39
-30
-30
-34
-39
-41
-41
-41
-41
-39
-40
-40
-31
-25
-23
-25
-28
-32
-35
-43
-44
-50
-49
-54
-56
-54
-55
-47
-42
-30
-27
-19
-19
-16
-19
-21
-20
-24
-24
-22
-15
-7
1
-1
0
-4
2
6
4
2
1
-2
-6
-9
-14
-13
-9
-4
3
7
4
10
8
8
2
3
7
8
10
6
12
16
19
25
30
28
30
28
25
28
28
28
31
32
28
27
23
27
29
30
33
36
39
35
34
32
32
32
32
29
28
24
28
30
27
26
19
16
16
14
11
11
17
16
16
16
16
15
15
16
16
23
24
25
24
18
21
21
20
24
21
27
31
37
32
29
36
39
38
40
42
42
45
45
42
44
46
44
51
55
55
60
63
65
62
67
64
62
68
60
51
54
52
45
46
45
48
48
50
50
49
49
44
38
38
34
35
30
24
25
25
20
14
14
6
4
5
8
12
14
17
13
18
17
13
17
15
13
10
9
1
-2
3
5
1
-1
-4
-4
-2
2
3
3
7
7
6
-4
-14
-18
-18
-14
-11
-10
-10
-13
-16
-14
-18
-23
-22
-29
-33
-30
-29
-32
-36
-35
-35
-31
-31
-25
-24
-26
-27
-23
-21
-25
-21
-27
-30
-31
-29
-21
-16
-18
-21
-22
-19
-23
-21
-17
-19
-18
-19
-19
-23
-24
-18
-14
-12
-7
2
3
10
4
0
-2
-3
-3
-7
-10
-7
-11
-15
-15
-17
-18
-20
-10
-13
-9
-8
-14
-14
-19
-21
-23
-25
-30
-34
-38
-43
-42
-38
-41
-45
-42
-42
-43
-45
-48
-43
-43
-45
-40
-46
-40
-37
-36
-30
-34
-31
-34
-36
-34
-31
-30
-32
-29
-27
-26
-24
-26
-29
-33
-32
-34
-35
-28
-27
-34
-34
-41
-45
-44
-38
-40
-41
-38
-36
-33
-40
-36
-44
-45
-45
-45
-41
-38
-33
-36
-33
-35
-33
-29
-23
-18
-20
-14
-10
-12
-8
-7
-10
-7
-10
-12
-9
-12
-5
-3
-3
5
5
8
13
18
20
25
28
32
32
33
32
33
41
43
45
44
47
50
42
39
41
41
42
38
45
49
48
47
46
42
43
45
42
43
42
40
44
46
44
40
38
41
40
36
33
36
32
37
35
36
37
35
37
37
38
35
35
26
25
23
15
21
23
22
21
13
18
16
17
19
13
17
15
16
14
19
21
25
22
20
23
20
27
28
22
14
9
8
15
9
15
13
6
9
7
10
12
9
9
18
16
19
23
23
21
22
26
24
32
38
38
47
46
39
39
36
38
43
44
42
51
56
59
62
66
70
71
70
66
57
50
51
49
49
50
49
54
48
48
49
50
44
41
41
33
36
24
19
18
13
16
14
12
13
13
11
11
8
7
5
3
-6
-11
-6
-6
-3
-4
3
3
0
5
6
7
7
-3
-8
-15
-18
-19
-20
-13
-8
-1
1
0
-6
-5
-3
-9
-11
-8
-9
-14
-13
-16
-17
-13
-7
-4
-5
-8
-10
-10
-12
-17
-21
-23
-23
-26
-32
-33
-34
-35
-41
-41
-42
-57
-60
-61
-68
-67
-67
-72
-71
-66
-67
-67
-69
-72
-71
-80
-82
-85
-85
-83
-82
-83
-80
-77
-78
-78
-73
-74
-81
-79
-76
-70
-69
-64
-63
-63
-63
-60
-55
-46
-47
-49
-45
-40
-47
-47
-43
-49
-47
-38
-39
-42
-38
-43
-40
-41
-35
-29
-36
-43
-46
-46
-49
-44
-41
-36
-29
-23
-23
-19
-23
-20
-20
-23
-14
-14
-18
-23
-21
-19
-18
-18
-21
-21
-19
-16
-11
-18
-20
-22
-30
-25
-21
-13
-10
-4
-1
-4
-1
4
12
13
13
10
9
7
9
11
20
29
26
22
22
21
27
29
25
29
27
28
24
27
26
25
26
26
25
19
22
17
10
5
0
0
1
-2
0
2
-2
0
-2
-3
0
4
7
8
8
8
8
9
11
11
11
8
10
13
18
25
24
26
28
23
26
27
24
29
30
35
39
39
42
40
39
38
45
43
40
41
39
43
42
34
35
38
41
41
41
44
44
47
54
60
60
61
63
65
71
68
67
67
70
67
73
74
71
71
66
57
50
56
56
58
60
63
65
67
72
73
70
67
66
66
63
56
54
53
45
43
49
47
47
51
48
47
48
42
34
29
22
22
21
20
21
18
17
19
13
12
5
-3
0
-4
-6
-5
-11
-18
-21
-23
-27
-26
-30
-35
-48
-55
-52
-56
-57
-63
-64
-65
-63
-65
-66
-64
-59
-56
-57
-50
-54
-53
-53
-60
-58
-53
-45
-37
-38
-38
-29
-25
-23
-20
-12
-14
-11
-9
-11
-9
-8
-3
-3
0
5
7
9
10
7
6
7
5
7
4
-2
1
2
2
8
12
12
16
18
12
7
8
6
-3
-13
-14
-16
-20
-19
-18
-18
-16
-16
-19
-18
-24
-32
-38
-41
-42
-48
-54
-58
-62
-62
-60
-55
-51
-51
-49
-44
-44
-42
-43
-41
-42
-39
-35
-36
-45
-48
-41
-48
-44
-47
-52
-58
-58
-54
-60
-60
-59
-57
-52
-44
-43
-45
-48
-50
-47
-47
-50
-50
-48
-52
-53
-49
-49
-51
-50
-51
-48
-46
-44
-44
-45
-45
-43
-44
-44
-43
-36
-33
-33
-31
-28
-32
-24
-28
-32
-31
-36
-31
-29
-24
-25
-23
-23
-20
-20
-13
-14
-14
-18
-15
-10
-9
-5
-8
-3
-5
-3
1
0
-1
0
-2
-2
1
6
6
7
15
20
28
33
33
39
38
39
43
37
35
32
31
34
38
43
51
53
54
51
56
63
64
63
63
69
65
67
75
78
83
77
75
81
80
80
80
74
79
74
77
85
78
85
84
89
83
80
80
76
76
71
58
57
59
51
49
51
49
47
42
34
37
34
29
24
18
11
9
3
0
0
-1
3
4
8
3
3
2
5
5
1
2
0
2
3
5
5
8
14
14
20
30
28
29
34
32
37
34
42
43
41
47
41
46
44
34
32
32
38
39
45
49
50
49
49
50
47
55
53
48
51
45
41
36
36
36
34
31
26
28
32
32
21
16
14
5
2
-3
-3
-10
-12
-13
-14
-17
-8
-16
-26
-23
-28
-28
-32
-29
-26
-20
-22
-18
-22
-25
-26
-23
-27
-35
-36
-38
-40
-40
-36
-30
-25
-22
-15
-12
-8
-10
-8
-4
-5
-5
-5
-4
-3
-1
0
7
10
10
8
8
6
-3
5
4
3
1
-3
0
2
1
3
8
0
-5
-9
-18
-21
-28
-29
-29
-37
-44
-45
-47
-50
-55
-57
-62
-62
-70
-78
-74
-84
-94
-96
-98
-108
-113
-114
-110
-110
-109
-108
-109
-110
-111
-108
-108
-107
-104
-100
-95
-89
-89
-86
-82
-85
-81
-77
-76
-78
-80
-74
-70
-66
-63
-60
-49
-42
-37
-34
-30
-26
-30
-27
-28
-33
-26
-19
-18
-22
-18
-16
-16
-8
-1
2
2
6
7
0
-1
-8
-9
-2
-1
2
6
3
3
6
4
8
10
11
9
6
7
10
10
5
-1
3
10
7
13
12
8
7
-1
-1
-7
-7
-11
-15
-11
-10
-7
-11
-12
-10
-8
-4
-3
-5
-5
-13
-16
-13
-15
-17
-14
-6
3
15
12
22
34
35
45
46
43
47
50
53
64
61
57
58
64
69
67
69
70
75
77
73
70
65
68
69
69
66
57
59
65
68
66
68
66
66
60
48
48
44
46
48
43
48
46
51
47
42
39
33
29
25
22
18
19
16
9
9
7
14
14
18
24
26
28
27
22
15
11
11
11
14
16
15
15
13
15
13
13
12
8
22
24
24
38
36
40
52
54
44
44
41
40
46
49
51
53
51
45
53
50
50
47
41
44
45
46
37
31
30
27
26
31
35
34
31
27
27
26
23
15
14
12
5
6
1
-2
-4
-10
-7
-18
-18
-19
-26
-22
-25
-27
-25
-32
-39
-38
-40
-37
-33
-29
-21
-23
-26
-28
-32
-29
-31
-37
-39
-37
-34
-32
-23
-25
-17
-13
-10
-1
0
-1
-7
-6
-11
-17
-13
-15
-14
-8
-10
-12
-13
-13
-13
-13
-13
-12
-13
-10
-10
-12
-9
-10
-6
-9
-13
-10
-16
-19
-26
-35
-39
-44
-48
-47
-48
-46
-48
-47
-42
-39
-36
-39
-37
-39
-40
-46
-47
-48
-54
-55
-56
-51
-50
-49
-43
-48
-52
-53
-55
-52
-51
-52
-51
-49
-51
-54
-51
-48
-45
-41
-41
-48
-46
-39
-42
-43
-42
-41
-41
-39
-33
-34
-33
-28
-29
-25
-26
-19
-9
-10
0
5
9
14
13
18
23
26
22
21
26
21
15
15
10
14
16
14
23
26
29
31
32
27
25
28
24
29
25
21
15
13
14
15
23
25
25
24
22
21
17
17
15
11
12
14
18
15
16
25
24
26
25
23
26
19
19
14
12
8
5
5
5
4
7
15
15
18
22
20
17
17
16
15
16
14
22
21
20
20
15
9
13
17
17
21
21
19
20
22
22
20
12
12
9
4
2
9
3
2
1
1
7
2
5
2
-3
-9
-13
-15
-16
-15
-17
-12
-16
-19
-11
-9
-1
1
2
4
9
9
7
9
14
9
8
13
15
21
29
33
31
33
34
30
31
34
36
38
39
44
46
42
49
47
44
47
40
33
34
34
30
24
25
27
23
22
24
23
15
14
12
6
1
-7
-4
1
3
8
14
17
18
21
23
19
10
5
3
6
3
-5
-2
1
-2
1
10
12
15
19
19
20
19
17
15
11
8
9
9
13
13
13
15
8
11
5
-1
2
-3
1
3
-3
-1
1
-5
-3
-12
-15
-14
-15
-12
-11
-5
-12
-9
-3
4
1
-5
-3
1
1
-4
-7
-10
-13
-20
-16
-9
-6
-4
3
10
15
12
6
1
-1
-4
-4
-1
-5
-5
-1
-4
-2
3
-5
-3
-6
-12
-13
-12
-12
-16
-18
-16
-20
-24
-20
-16
-15
-19
-18
-21
-24
-24
-32
-31
-31
-30
-31
-32
-28
-30
-29
-25
-20
-19
-16
-12
-13
-16
-19
-14
-9
-7
-4
-5
-2
-3
-1
2
2
-1
-3
0
5
5
4
6
9
14
4
-2
0
1
0
3
2
1
4
6
4
-1
0
0
2
-4
-4
0
-3
-4
-10
-13
-20
-25
-25
-27
-26
-26
-21
-26
-28
-25
-38
-33
-37
-36
-40
-42
-44
-47
-44
-50
-47
-49
-43
-42
-40
-39
-36
-36
-35
-36
-32
-37
-40
-35
-41
-32
-32
-33
-35
-36
-33
-33
-34
-31
-27
-22
-21
-24
-21
-24
-24
-23
-23
-23
-24
-19
-21
-12
-11
-13
-7
-10
-11
-16
-12
-15
-16
-17
-20
-20
-24
-26
-22
-21
-17
-16
-16
-16
-17
-21
-21
-26
-23
-25
-27
-22
-21
-18
-11
-7
-3
8
12
20
30
32
32
27
21
28
34
34
37
40
42
40
43
46
47
44
43
46
57
58
61
69
69
74
68
65
61
58
49
43
40
38
31
24
23
15
17
17
21
23
27
28
19
15
16
11
11
13
12
12
15
13
11
8
9
10
10
6
3
2
-4
2
7
6
5
4
7
12
11
11
9
9
11
11
10
15
20
21
21
23
26
31
40
32
35
38
38
35
33
36
30
32
31
41
40
46
49
49
50
47
46
40
37
40
39
42
43
39
38
39
39
44
42
42
40
38
37
35
33
30
30
24
18
17
19
14
17
14
17
17
12
9
2
1
0
4
-2
-10
-7
-9
-8
-10
-13
-18
-18
-20
-22
-19
-21
-18
-16
-13
-18
-20
-20
-21
-20
-24
-22
-21
-23
-24
-23
-20
-22
-16
-18
-13
-3
-2
0
-5
-5
-13
-9
-5
-3
-5
-3
5
7
4
1
5
1
-2
-2
-7
-7
-12
-13
-16
-16
-11
-10
-8
-7
-7
-13
-17
-30
-32
-34
-41
-47
-51
-53
-59
-59
-55
-58
-59
-65
-61
-61
-65
-61
-64
-66
-67
-70
-77
-76
-77
-77
-73
-73
-73
-72
-69
-69
-70
-64
-59
-59
-55
-57
-53
-44
-48
-47
-46
-42
-39
-38
-41
-39
-35
-35
-36
-41
-28
-27
-31
-23
-31
-29
-32
-35
-32
-33
-21
-21
-14
-3
4
5
5
6
5
8
8
4
1
2
-2
2
2
3
-1
3
4
4
4
-4
-2
-1
-6
-9
-5
-5
-9
-5
-1
1
2
7
7
7
2
6
10
0
2
-2
-5
-4
-8
-9
-12
-20
-15
-11
-8
-6
-5
-6
-2
3
-1
12
11
12
14
15
18
14
19
20
21
25
23
28
35
38
42
48
49
47
46
43
44
46
42
54
55
58
57
55
61
62
62
58
64
56
54
56
55
56
48
50
48
44
50
49
50
44
44
45
41
47
50
52
52
53
47
43
40
41
37
34
29
30
28
26
27
24
28
32
35
37
37
36
39
31
25
23
17
14
14
15
17
19
24
21
21
21
25
22
24
24
28
30
31
32
31
38
38
47
49
45
51
54
49
48
46
38
31
34
37
38
44
43
50
50
50
51
55
54
51
43
32
31
31
30
33
36
38
40
39
32
25
22
18
16
9
4
1
-2
-7
-9
-2
-8
-9
-11
-10
-15
-21
-29
-33
-37
-44
-49
-53
-52
-55
-57
-57
-54
-55
-57
-61
-64
-63
-61
-61
-62
-59
-60
-59
-58
-62
-61
-51
-54
-55
-56
-61
-56
-56
-54
-59
-53
-49
-55
-47
-46
-39
-34
-34
-37
-32
-27
-31
-23
-24
-23
-23
-21
-20
-23
-22
-22
-20
-21
-25
-23
-21
-33
-27
-29
-33
-30
-37
-40
-47
-53
-59
-60
-66
-73
-69
-73
-75
-76
-81
-83
-84
-92
-97
-96
-94
-96
-95
-93
-89
-92
-93
-88
-90
-83
-82
-74
-70
-72
-74
-66
-64
-69
-60
-52
-50
-45
-36
-40
-37
-27
-27
-22
-18
-16
-16
-11
-10
-10
2
6
13
18
22
22
26
31
22
26
34
34
38
38
41
42
40
41
45
51
53
53
53
52
49
48
47
49
45
46
48
44
42
40
40
41
34
24
18
12
11
9
8
15
11
10
6
4
-3
-14
-16
-19
-24
-26
-28
-25
-28
-30
-27
-31
-32
-30
-27
-20
-21
-13
-13
-12
-6
-6
-9
-3
3
0
2
2
11
10
12
14
16
22
22
35
39
39
50
50
51
52
51
48
47
53
48
52
54
60
63
56
61
61
67
67
65
68
62
62
61
66
66
59
63
59
56
64
59
57
59
57
53
55
54
50
54
51
54
52
50
53
46
49
48
48
49
41
36
34
26
26
28
29
26
24
21
21
26
22
29
29
24
25
26
21
21
23
23
31
37
38
45
53
47
43
47
51
50
38
34
33
29
34
31
36
39
38
38
30
25
22
28
27
29
19
19
18
12
15
7
6
3
-14
-17
-14
-27
-26
-32
-32
-36
-35
-37
-41
-37
-45
-48
-49
-51
-57
-54
-58
-63
-57
-63
-62
-62
-59
-59
-61
-57
-60
-58
-58
-63
-67
-65
-62
-65
-65
-65
-68
-71
-73
-68
-71
-66
-61
-63
-64
-58
-54
-53
-54
-51
-51
-52
-49
-44
-45
-40
-38
-36
-35
-32
-28
-24
-20
-20
-25
-15
-9
-14
-6
-2
1
1
3
-1
-3
2
1
3
3
2
1
0
-2
-1
4
2
-2
-1
6
2
-2
-2
-8
-4
-5
-8
-12
-15
-15
-12
-15
-20
-16
-17
-15
-10
-16
-20
-17
-13
-15
-20
-20
-20
-22
-21
-27
-26
-30
-32
-26
-25
-19
-21
-18
-18
-18
-16
-16
-16
-16
-15
-18
-21
-22
-19
-14
-15
-8
3
0
1
-1
-3
-10
-6
3
-4
-3
3
0
-3
4
3
3
7
5
10
6
13
17
18
18
13
15
10
7
6
4
2
1
-3
3
-1
-3
8
9
9
6
9
3
-5
-4
-12
-11
-12
-15
-10
-11
-14
-14
-14
-11
-10
0
4
4
6
5
5
9
10
7
4
10
21
16
18
15
16
18
16
28
36
43
49
48
53
51
43
50
43
47
54
59
64
65
74
77
78
80
84
76
75
78
72
74
73
68
72
76
74
74
79
84
88
86
81
78
72
73
74
73
64
58
55
50
51
45
46
48
42
44
39
31
23
18
13
5
-4
-10
-9
-9
-14
-15
-14
-20
-20
-20
-23
-22
-23
-20
-29
-30
-27
-33
-28
-27
-22
-21
-27
-25
-19
-14
-11
-10
-10
-12
-13
-4
-2
4
6
3
7
3
2
5
0
-1
4
-1
-2
1
-4
-1
2
3
8
9
16
18
14
12
13
13
10
10
8
6
0
5
5
0
-3
-5
-6
-8
-2
-1
-7
-5
-11
-16
-13
-10
-7
-11
-6
-3
-7
-8
-4
-5
-9
-8
-9
-20
-20
-20
-16
-13
-18
-12
-12
-6
-8
-14
-10
-16
-25
-24
-33
-31
-27
-30
-26
-35
-39
-35
-36
-35
-36
-30
-26
-29
-26
-29
-28
-26
-25
-29
-33
-30
-38
-42
-42
-44
-42
-42
-46
-39
-39
-42
-32
-30
-31
-23
-23
-23
-23
-31
-32
-36
-35
-29
-26
-24
-21
-18
-21
-23
-27
-23
-26
-25
-27
-24
-17
-23
-15
-19
-25
-22
-25
-21
-19
-22
-23
-23
-22
-27
-28
-23
-30
-32
-32
-31
-37
-41
-34
-41
-40
-30
-36
-29
-25
-31
-28
-26
-28
-33
-29
-24
-34
-32
-31
-34
-31
-24
-24
-23
-16
-10
-12
-5
1
1
1
3
2
0
0
0
5
6
3
2
0
4
3
-2
0
0
0
1
-1
-4
3
2
10
14
12
13
14
11
10
13
5
14
8
12
17
17
24
17
18
21
24
21
17
16
14
10
8
17
16
10
16
19
20
22
18
21
15
12
13
13
10
11
13
9
21
21
18
20
21
17
17
20
17
15
20
19
23
33
28
33
29
30
35
32
30
32
25
30
37
31
40
39
36
36
42
39
45
46
51
54
49
50
41
36
35
31
25
27
26
31
38
40
40
42
40
36
38
32
30
36
35
34
35
37
38
37
37
31
30
31
30
29
35
33
28
23
21
17
23
19
20
24
25
24
14
20
14
21
17
15
25
26
29
27
26
16
14
13
5
4
2
8
11
8
10
14
13
14
12
12
15
17
18
15
18
21
18
19
25
21
22
20
18
15
14
12
10
9
11
8
4
0
1
-3
-5
-1
-3
-4
-4
0
1
-2
2
-5
-8
-12
-17
-19
-25
-26
-32
-31
-29
-30
-29
-27
-28
-26
-23
-30
-27
-23
-31
-30
-39
-40
-42
-43
-43
-51
-49
-49
-53
-52
-50
-50
-50
-44
-39
-38
-46
-46
-45
-47
-46
-50
-46
-47
-52
-52
-44
-48
-49
-48
-47
-54
-52
-47
-43
-44
-49
-47
-50
-50
-48
-43
-38
-37
-38
-27
-24
-20
-20
-20
-17
-16
-8
-3
-1
-11
-7
-10
-17
-7
-8
-8
-8
-9
-6
-3
0
-3
-7
-5
-8
-13
-15
-20
-22
-18
-26
-25
-25
-25
-26
-31
-30
-33
-32
-37
-40
-30
-32
-34
-29
-28
-28
-29
-27
-27
-25
-17
-17
-15
-21
-24
-18
-16
-10
-14
-15
-14
-17
-12
-11
-10
-11
-16
-20
-21
-23
-16
-11
-13
-14
-15
-16
-15
-13
-9
-11
-16
-13
-19
-23
-20
-18
-15
-15
-8
-10
-5
0
0
3
7
11
12
15
12
9
10
12
12
13
20
28
26
26
27
21
15
5
10
13
10
14
24
30
32
31
33
42
42
42
40
35
28
28
26
30
27
33
40
47
51
52
54
50
50
49
49
51
48
43
46
46
46
54
62
64
62
63
61
55
55
52
48
52
55
54
52
45
48
44
45
51
50
52
48
45
47
47
53
56
54
56
61
63
60
59
54
55
55
55
53
48
50
53
57
54
56
54
49
49
39
39
39
35
29
26
23
21
30
28
30
29
28
31
26
18
13
3
2
-6
-16
-14
-12
-18
-20
-19
-18
-12
-15
-13
-16
-19
-18
-13
-12
-18
-13
-12
-15
-14
-15
-26
-16
-20
-20
-15
-16
-8
-13
-11
-7
-7
0
2
-2
2
-7
-1
-4
-7
-4
-10
-17
-15
-13
-12
-10
-6
-1
-2
-1
-2
-8
-11
-12
-15
-18
-18
-24
-25
-26
-29
-23
-27
-31
-38
-41
-44
-52
-58
-57
-61
-62
-56
-56
-61
-61
-57
-60
-62
-66
-64
-64
-65
-68
-70
-60
-58
-58
-53
-50
-51
-43
-42
-41
-37
-36
-37
-31
-28
-25
-21
-24
-22
-26
-23
-24
-26
-26
-31
-35
-37
-43
-37
-32
-35
-34
-27
-29
-27
-29
-37
-45
-41
-41
-44
-39
-42
-35
-30
-27
-26
-25
-17
-22
-23
-16
-16
-17
-15
-14
-15
-19
-19
-18
-22
-22
-23
-18
-19
-24
-23
-24
-24
-22
-25
-27
-26
-32
-32
-31
-27
-34
-30
-23
-29
-25
-28
-33
-31
-34
-28
-25
-27
-24
-28
-26
-28
-34
-26
-25
-22
-20
-14
-13
-13
-5
4
6
8
16
17
11
13
16
7
11
12
19
23
25
34
38
44
45
45
41
40
36
35
36
35
46
49
51
55
61
62
61
61
58
60
52
52
51
56
54
51
57
59
58
60
70
67
64
68
58
50
47
40
37
38
33
32
33
30
32
36
36
35
32
36
34
36
26
23
30
24
27
22
21
24
20
18
18
18
15
20
18
17
22
21
26
27
25
26
26
21
17
10
5
-2
-4
1
4
13
18
25
30
28
27
23
17
14
11
7
5
2
-2
-1
6
8
13
17
21
25
22
26
17
14
17
19
22
20
28
33
35
36
34
33
32
38
39
36
27
27
23
15
17
14
15
15
13
12
9
13
6
4
3
-2
-1
-5
-6
-7
-6
-2
-10
-11
-12
-5
-7
-12
-9
-13
-13
-13
-13
-19
-23
-26
-20
-21
-15
-11
-17
-21
-22
-19
-23
-23
-24
-29
-25
-27
-22
-22
-17
-10
-12
-2
-5
-11
-7
-7
-13
-17
-14
-13
-17
-17
-4
0
-1
-2
-7
-4
-16
-16
-18
-19
-25
-29
-26
-33
-35
-33
-30
-29
-30
-34
-38
-42
-36
-42
-50
-51
-47
-47
-50
-43
-43
-40
-40
-37
-42
-45
-46
-44
-44
-45
-44
-40
-44
-52
-43
-46
-47
-46
-43
-36
-37
-38
-35
-42
-45
-43
-40
-34
-35
-30
-26
-26
-23
-27
-22
-18
-17
-12
-8
-8
-6
-1
1
7
13
11
7
9
13
11
9
10
7
7
7
5
9
11
7
6
4
-5
-4
-7
-10
-7
-12
-10
-7
-4
-2
-3
-8
-10
-13
-14
-12
-18
-19
-17
-11
-13
-15
-15
-14
-20
-14
-8
-8
-5
-8
-7
-8
-1
-5
-1
5
-2
5
6
-1
2
5
11
15
12
16
12
13
17
16
16
9
7
5
2
1
2
4
4
4
5
11
12
15
12
15
13
14
16
15
15
14
21
16
12
15
15
12
13
15
17
16
17
21
25
27
30
28
25
34
36
40
39
32
33
26
29
30
28
26
22
25
25
26
25
22
17
16
26
25
24
29
28
24
22
25
23
20
19
22
22
22
21
20
23
22
21
21
18
15
26
26
26
30
24
25
20
19
20
17
16
15
13
10
16
23
27
29
34
35
38
37
40
37
40
45
43
48
41
47
51
52
51
53
53
51
52
51
56
58
56
56
50
51
55
53
58
56
54
50
47
44
34
26
23
23
23
28
24
20
18
16
10
10
7
3
0
-5
-10
-15
-20
-25
-25
-29
-29
-30
-36
-28
-30
-33
-34
-39
-41
-50
-45
-52
-54
-50
-50
-49
-43
-40
-35
-33
-31
-26
-32
-32
-25
-22
-27
-22
-20
-15
-14
-10
-3
-8
-10
-10
-16
-19
-22
-19
-21
-25
-23
-26
-19
-19
-16
-14
-14
-11
-7
-12
-7
-10
-14
-19
-24
-24
-30
-24
-26
-24
-22
-24
-16
-13
-14
-25
-30
-30
-34
-35
-34
-33
-31
-32
-34
-33
-35
-35
-33
-35
-32
-31
-30
-28
-31
-33
-31
-27
-28
-31
-26
-22
-22
-22
-23
-24
-25
-17
-14
-15
-17
-21
-20
-18
-15
-9
-9
-13
-8
-12
-15
-18
-25
-26
-27
-31
-24
-18
-17
-19
-14
-12
-8
-11
-19
-25
-29
-28
-34
-27
-31
-27
-15
-22
-12
-11
-15
-16
-16
-14
-18
-20
-22
-24
-28
-22
-15
-17
-9
-7
-8
-7
-5
-6
-11
-11
-13
-9
-13
-12
-11
-11
-8
-5
-2
1
6
-1
-6
-6
-4
-9
-4
-3
-8
-5
-9
-8
-6
-10
-11
-13
-9
-5
-1
2
-3
0
-3
-2
4
6
7
5
5
7
3
12
10
7
3
3
5
10
13
15
20
20
22
17
14
9
3
1
-3
-6
-5
-4
-6
-4
-2
-1
2
6
9
6
11
8
12
11
6
7
1
4
2
3
4
0
8
13
16
24
26
27
31
28
30
40
39
44
48
49
47
44
39
42
46
47
57
60
60
67
69
72
72
77
84
84
84
87
88
89
94
95
97
95
92
91
89
83
79
77
71
68
61
57
58
62
61
62
59
48
50
40
31
32
24
23
19
17
21
11
13
13
5
7
5
2
-3
-11
-11
-18
-19
-16
-19
-18
-18
-22
-23
-22
-18
-19
-17
-18
-21
-20
-21
-17
-17
-16
-13
-17
-22
-26
-23
-24
-25
-18
-21
-20
-15
-15
-14
-9
2
4
6
5
8
9
3
6
-4
-2
-4
-4
0
7
10
10
11
9
11
10
12
7
2
-3
-3
-7
-9
-10
-17
-17
-20
-22
-22
-27
-33
-35
-38
-41
-48
-49
-54
-57
-56
-54
-55
-60
-64
-68
-72
-66
-73
-74
-73
-75
-74
-77
-73
-74
-67
-68
-65
-60
-67
-69
-65
-64
-63
-59
-57
-58
-53
-52
-49
-46
-47
-44
-43
-41
-39
-32
-31
-26
-20
-24
-22
-20
-17
-16
-15
-13
-12
-10
-12
-13
-12
-11
-5
-6
-6
0
-3
3
2
-1
-2
-15
-13
-19
-17
-18
-17
-10
-16
-14
-21
-28
-27
-27
-29
-33
-35
-35
-40
-43
-37
-40
-40
-40
-40
-41
-42
-39
-38
-40
-40
-30
-34
-35
-27
-24
-18
-15
-15
-17
-20
-26
-24
-22
-24
-19
-16
-15
-7
-1
12
15
21
30
29
30
30
33
28
27
29
30
26
20
19
19
18
23
22
21
21
18
17
13
8
9
8
7
13
13
13
14
12
12
4
10
8
9
14
11
14
13
20
20
20
18
20
24
25
27
25
24
21
17
16
17
21
28
28
28
31
36
41
42
44
51
51
48
49
46
39
35
38
43
40
51
63
65
67
72
76
79
79
78
85
84
84
86
94
94
99
101
98
98
104
106
111
112
109
106
105
104
104
103
105
107
107
100
100
95
90
93
83
77
73
63
56
49
43
44
45
43
44
44
44
38
31
22
17
11
1
-2
-8
-11
-17
-23
-27
-26
-32
-34
-35
-45
-46
-48
-51
-44
-48
-50
-53
-54
-57
-60
-55
-54
-53
-49
-48
-49
-47
-45
-38
-34
-29
-29
-32
-31
-33
-31
-31
-24
-27
-27
-17
-17
-24
-24
-17
-18
-14
-9
-7
-5
-6
-3
-3
-1
-1
0
-3
-5
-7
-4
-9
-18
-14
-20
-26
-30
-33
-36
-35
-35
-33
-36
-46
-45
-52
-54
-55
-56
-57
-60
-59
-67
-65
-70
-74
-78
-82
-82
-80
-74
-75
-76
-67
-74
-71
-69
-68
-63
-65
-67
-67
-64
-60
-61
-58
-53
-47
-42
-39
-31
-30
-27
-28
-27
-26
-31
-26
-26
-23
-21
-15
-15
-17
-15
-17
-14
-14
-18
-19
-19
-23
-26
-29
-32
-31
-31
-26
-25
-24
-27
-27
-21
-17
-18
-18
-18
-19
-16
-14
-14
-16
-16
-15
-7
-11
-18
-14
-15
-14
-18
-11
-15
-16
-19
-22
-12
-11
-9
-10
-12
-16
-20
-22
-20
-20
-24
-22
-16
-12
-14
-13
-10
-6
-3
-1
4
7
6
8
6
6
4
2
9
13
16
16
16
16
18
17
12
13
12
13
11
12
16
16
19
18
19
26
27
29
26
28
26
23
22
14
11
13
13
21
22
27
29
27
29
29
33
27
26
21
21
23
25
26
30
31
33
36
31
36
43
47
52
50
53
58
62
63
65
70
70
66
66
66
64
61
61
70
70
64
67
67
69
74
75
76
75
74
75
66
64
57
54
57
53
53
58
53
51
56
57
59
56
54
49
39
33
30
22
20
17
20
14
15
12
10
8
8
7
1
-2
-9
-9
-10
-11
-8
-12
-11
-11
-11
-7
-10
-6
-11
-10
-10
-6
-3
-2
4
6
7
6
7
5
5
5
1
-3
-1
-4
-2
-1
-1
4
6
4
5
2
5
11
0
-1
0
-6
-8
-10
-18
-20
-21
-24
-25
-22
-18
-21
-25
-25
-29
-31
-32
-38
-31
-34
-38
-31
-34
-29
-31
-27
-25
-30
-29
-33
-36
-36
-42
-39
-35
-38
-35
-38
-42
-46
-40
-40
-40
-43
-42
-38
-45
-40
-42
-38
-31
-37
-36
-34
-34
-39
-39
-40
-42
-40
-47
-49
-53
-53
-57
-59
-56
-52
-45
-40
-31
-35
-37
-33
-34
-35
-38
-30
-32
-37
-35
-38
-36
-33
-32
-27
-25
-24
-18
-20
-23
-21
-20
-20
-22
-21
-26
-22
-25
-22
-22
-24
-24
-26
-20
-23
-19
-25
-30
-31
-35
-30
-29
-26
-25
-30
-33
-28
-24
-27
-28
-25
-25
-25
-21
-14
-14
-14
-9
-5
-6
-1
-3
-7
-6
1
0
1
11
15
16
21
22
22
30
24
27
25
20
15
15
11
8
12
13
19
19
29
35
34
34
36
33
31
29
24
21
17
20
18
23
33
31
26
28
28
26
27
23
19
7
5
10
11
7
9
12
15
16
19
23
24
21
24
23
25
21
19
20
20
23
28
32
31
36
35
35
40
41
37
33
31
35
38
36
46
44
44
46
48
51
51
51
49
57
56
53
48
53
55
47
50
53
56
54
53
53
51
51
45
43
43
47
51
50
46
48
47
44
46
46
46
40
34
31
24
24
22
16
13
18
13
9
9
4
2
3
-5
-11
-8
-11
-5
-5
-7
-6
-10
-9
2
5
4
7
8
8
9
9
6
6
5
2
5
8
6
2
4
0
2
3
4
3
-1
-1
-5
-2
-4
-6
-6
-7
0
-4
-5
-6
-6
-6
-13
-6
-12
-18
-11
-7
-3
0
-5
2
7
10
12
13
13
8
6
6
8
5
5
3
7
6
0
2
-1
1
1
0
-2
0
-2
-1
0
-5
-8
-6
-6
-6
-9
-17
-19
-22
-37
-39
-26
-21
-35
-25
-13
-18
-19
-16
-10
-9
-13
-9
-17
-38
-38
-30
-31
-33
-35
-35
-32
-34
-35
-42
-42
-44
-50
-40
-43
-48
-43
-37
-37
-34
-30
-28
-23
-28
-28
-23
-20
-21
-21
-19
-14
-12
-19
-17
-14
-16
-8
-11
-18
-11
-12
-19
-20
-22
-21
-18
-13
-21
-21
-19
-28
-24
-29
-30
-26
-27
-22
-26
-33
-33
-36
-33
-34
-37
-41
-43
-42
-49
-53
-53
-56
-55
-53
-54
-52
-44
-42
-38
-37
-37
-31
-32
-36
-36
-34
-39
-37
-33
-29
-24
-15
-14
-15
-7
-9
-2
0
-2
2
-1
-4
1
3
1
4
5
13
16
16
14
16
10
5
5
-1
3
1
5
-4
-6
-4
-7
-7
-11
-8
-15
-9
-8
-14
-17
-16
-19
-18
-15
-9
-6
-4
-2
4
16
15
17
18
18
21
25
31
28
26
32
33
31
40
41
40
49
46
55
58
59
62
59
56
54
57
56
60
66
59
65
68
69
73
71
79
77
76
70
67
61
60
53
50
52
51
52
49
53
54
50
43
38
33
32
26
23
20
17
15
14
10
9
8
2
2
1
3
-1
-5
-9
-17
-15
-18
-19
-21
-22
-27
-25
-22
-23
-25
-28
-22
-19
-10
-9
-13
-7
-1
-1
2
4
4
6
5
9
9
13
12
9
14
17
18
17
21
26
33
31
35
32
20
13
10
10
8
7
10
11
4
4
7
3
6
8
10
7
-2
-10
-14
-10
-18
-14
-10
-15
-9
-16
-15
-8
-18
-21
-25
-24
-20
-21
-20
-22
-18
-17
-16
-19
-11
-10
-9
-4
-4
0
-4
-2
-5
-1
3
0
5
4
5
7
14
10
6
7
5
5
1
-3
2
5
7
3
3
0
-6
-8
-10
-8
-10
-13
-10
-10
-11
-9
-13
-12
-16
-18
-20
-19
-21
-20
-16
-17
-12
-16
-17
-20
-19
-17
-17
-19
-26
-27
-33
-37
-36
-32
-30
-36
-34
-34
-33
-33
-35
-33
-44
-45
-45
-51
-53
-58
-55
-50
-51
-49
-41
-34
-28
-25
-25
-29
-32
-34
-27
-26
-34
-27
-25
-23
-22
-18
-17
-18
-11
-8
-5
-2
-3
-5
-5
-11
-12
-7
-7
-8
-5
-4
-9
-10
-12
-7
-12
-13
-11
-12
-11
-13
-12
-11
-5
2
6
7
6
15
15
7
6
8
7
5
1
4
4
10
10
13
17
14
20
18
19
19
21
21
23
20
18
19
9
10
11
5
2
-1
-3
3
5
2
-1
-1
-1
-2
-1
0
4
7
13
10
6
-2
-1
-1
0
5
12
19
15
13
16
10
10
11
7
8
3
10
5
6
15
14
14
22
25
31
34
25
29
29
33
32
34
34
31
33
31
29
31
40
37
38
36
41
38
34
37
36
34
30
23
25
26
27
33
30
26
25
18
11
5
-2
-2
-4
-7
-2
-3
-6
-6
-7
-4
-1
-3
6
7
6
7
7
11
14
13
9
14
19
26
26
31
36
32
27
21
25
25
26
30
29
26
29
26
25
29
29
28
26
27
31
33
27
30
32
40
42
41
41
39
39
39
42
42
37
34
37
36
32
32
27
22
18
12
15
25
27
28
23
17
12
5
-8
-13
-21
-26
-28
-32
-31
-32
-32
-26
-22
-20
-18
-17
-20
-20
-25
-25
-30
-31
-28
-30
-30
-29
-21
-17
-11
-15
-19
-15
-17
-21
-21
-24
-22
-21
-18
-12
-7
-8
-10
-8
-16
-16
-17
-22
-23
-24
-19
-21
-19
-13
-12
-3
-5
-6
-7
-5
-3
2
2
-1
-1
0
2
-2
0
-3
3
8
4
9
8
9
5
4
-1
-9
-15
-12
-8
-10
-5
-8
-11
-10
-15
-20
-24
-27
-35
-38
-34
-37
-32
-37
-39
-36
-43
-39
-41
-42
-43
-40
-43
-46
-43
-49
-49
-53
-48
-50
-53
-52
-57
-55
-57
-54
-54
-57
-52
-48
-44
-46
-49
-48
-44
-40
-41
-37
-39
-39
-34
-30
-33
-24
-23
-25
-17
-20
-15
-19
-18
-16
-11
-6
-7
-4
-4
0
4
8
11
14
6
7
3
-5
2
-5
-9
-7
-16
-17
-15
-13
-8
-5
-3
-11
-9
-13
-21
-21
-30
-31
-34
-39
-39
-39
-37
-38
-34
-31
-32
-27
-29
-24
-19
-19
-22
-31
-28
-22
-19
-14
-9
-8
-4
-11
-7
-5
-11
-2
4
6
7
13
16
25
24
29
36
39
43
41
44
38
45
48
50
53
50
53
54
50
51
56
50
51
46
46
47
46
48
41
50
48
40
37
33
32
31
26
19
14
11
9
8
5
2
8
10
14
18
11
14
13
16
12
12
21
21
19
13
16
16
17
22
19
21
25
27
28
34
39
43
44
41
44
46
52
55
51
53
56
60
58
59
70
67
69
77
78
76
81
76
72
74
65
70
72
63
59
59
55
54
54
50
47
47
43
33
27
18
18
13
1
2
3
10
5
9
14
10
4
-1
-4
-11
-12
-13
-12
-17
-17
-17
-18
-12
-6
-8
-3
-6
-10
-16
-26
-21
-23
-26
-29
-30
-29
-32
-25
-20
-24
-20
-24
-28
-29
-42
-41
-39
-40
-37
-32
-27
-22
-19
-23
-26
-31
-23
-29
-33
-29
-31
-30
-32
-33
-31
-31
-31
-27
-26
-29
-28
-32
-37
-33
-38
-40
-39
-41
-36
-38
-39
-39
-39
-41
-39
-34
-36
-35
-33
-32
-33
-29
-30
-25
-16
-20
-23
-24
-28
-25
-30
-35
-32
-38
-37
-29
-35
-34
-35
-32
-33
-41
-40
-41
-39
-40
-42
-41
-43
-45
-43
-37
-33
-35
-42
-43
-39
-40
-41
-40
-41
-41
-37
-37
-33
-31
-33
-28
-33
-29
-28
-30
-32
-35
-35
-34
-29
-28
-31
-30
-25
-25
-25
-19
-18
-17
-23
-17
-17
-18
-14
-17
-9
-7
-1
2
0
-5
-7
-9
-13
-17
-19
-18
-12
-6
-6
-5
-5
-7
-1
-3
0
-2
-5
-1
-3
0
1
1
-5
-2
1
8
9
12
14
14
15
11
15
12
13
14
14
10
13
16
17
20
22
21
22
24
22
21
25
27
23
18
20
23
32
40
42
37
32
36
39
35
35
33
33
32
35
38
35
36
42
52
51
52
52
55
53
51
46
46
48
44
44
48
50
53
60
59
69
66
70
66
62
59
48
51
54
56
56
57
56
57
58
62
67
70
73
66
62
55
45
34
32
32
33
32
39
40
44
55
56
54
54
54
47
44
45
41
46
52
57
59
55
58
58
59
58
65
63
49
44
36
35
31
31
31
39
40
31
33
31
18
11
10
7
5
-2
-7
-11
-10
-13
-14
-12
-10
-6
-6
-11
-20
-20
-28
-33
-30
-30
-28
-30
-29
-27
-21
-26
-24
-29
-36
-38
-45
-47
-50
-53
-50
-45
-46
-41
-40
-45
-43
-39
-40
-41
-46
-50
-50
-56
-51
-53
-50
-42
-42
-42
-40
-41
-38
-38
-37
-36
-32
-31
-36
-37
-39
-32
-27
-29
-26
-26
-19
-17
-24
-18
-16
-15
-18
-19
-15
-13
-20
-34
-38
-43
-39
-44
-51
-49
-50
-48
-48
-51
-50
-50
-50
-43
-42
-45
-43
-46
-44
-44
-40
-42
-45
-42
-37
-38
-37
-33
-33
-28
-30
-27
-20
-24
-20
-24
-19
-20
-25
-25
-27
-26
-27
-25
-25
-25
-31
-27
-27
-35
-35
-41
-43
-44
-42
-42
-47
-50
-50
-52
-51
-50
-45
-39
-41
-42
-39
-38
-43
-42
-42
-37
-30
-29
-26
-26
-22
-23
-16
-14
-18
-18
-18
-18
-19
-16
-11
-3
0
-4
1
4
-2
1
-1
-5
1
-2
-4
0
-2
-8
-6
-12
-8
3
2
9
13
19
19
16
8
2
3
0
-1
-2
5
4
0
7
6
0
2
-4
1
1
-4
4
3
5
12
14
19
24
25
23
22
30
28
26
29
36
42
48
51
52
55
56
55
56
65
62
64
70
64
65
69
64
68
72
71
71
75
74
72
71
64
62
59
62
62
69
67
72
74
73
71
68
67
62
58
59
52
44
47
40
42
48
53
58
62
56
56
53
45
36
33
29
22
24
15
20
27
25
30
34
32
35
33
27
24
21
18
21
20
24
25
28
34
38
39
40
39
40
46
42
46
50
52
47
52
55
56
62
60
54
47
47
40
31
26
25
24
24
20
16
17
15
10
7
8
5
4
-6
-4
-10
-19
-22
-24
-21
-27
-24
-30
-30
-29
-37
-37
-41
-48
-52
-53
-46
-51
-51
-44
-43
-45
-49
-45
-42
-37
-45
-48
-46
-46
-40
-39
-42
-47
-50
-50
-46
-46
-51
-50
-50
-50
-44
-43
-40
-40
-35
-33
-28
-24
-31
-25
-26
-19
-16
-14
-11
-15
-16
-18
-21
-24
-22
-22
-21
-14
-12
-15
-10
-15
-15
-15
-15
-22
-26
-27
-33
-32
-36
-44
-44
-43
-44
-35
-38
-43
-39
-42
-42
-46
-43
-49
-51
-46
-50
-47
-47
-47
-49
-53
-50
-54
-60
-59
-59
-55
-53
-51
-52
-45
-41
-41
-44
-51
-54
-57
-52
-57
-64
-66
-64
-59
-58
-50
-48
-47
-49
-44
-43
-42
-37
-44
-40
-41
-40
-39
-41
-38
-40
-35
-33
-31
-30
-28
-22
-22
-18
-10
-7
-5
-3
5
15
22
31
38
42
44
44
43
43
44
48
52
54
57
52
55
57
55
55
44
44
42
41
44
39
36
31
28
26
25
25
25
25
19
18
18
20
13
9
9
4
0
5
8
1
3
-2
-7
-2
-1
0
-1
-4
-3
-2
-7
-1
-2
-3
3
8
10
13
17
16
17
24
23
31
37
40
48
49
50
50
52
52
55
53
54
53
60
62
63
74
74
78
74
72
73
75
80
83
83
81
79
83
80
74
74
74
75
74
69
62
59
54
53
56
56
57
55
56
48
50
50
41
41
35
32
31
22
17
13
10
6
-1
4
4
7
6
4
2
3
1
1
2
9
9
7
12
14
13
14
14
14
15
7
1
2
1
2
5
8
14
