3
7
4
1
-1
-3
-3
-2
-5
-3
1
0
4
3
6
8
1
0
-2
-5
-4
-10
-14
-15
-19
-16
-18
-22
-19
-19
-21
-25
-30
-32
-39
-45
-39
-37
-37
-36
-34
-34
-29
-23
-31
-32
-33
-41
-41
-42
-41
-33
-29
-22
-28
-38
-31
-27
-27
-23
-26
-32
-27
-33
-35
-30
-28
-28
-28
-25
-26
-21
-17
-14
-14
-12
-4
-11
-12
-11
-17
-21
-30
-31
-34
-28
-24
-21
-20
-21
-13
-11
-12
-14
-15
-14
-12
-14
-13
-5
3
2
5
7
2
4
3
4
8
6
7
11
9
7
2
-1
2
-3
-5
-7
-3
-8
-11
-11
-14
-10
-15
-12
-14
-17
-19
-18
-17
-12
-13
-20
-20
-18
-20
-20
-18
-18
-11
-14
-12
-11
-10
-4
-16
-18
-22
-25
-24
-18
-15
-20
-20
-22
-17
-17
-11
-7
-9
-6
-5
-10
-16
-17
-20
-15
-16
-10
-11
-18
-10
-16
-13
-14
-20
-20
-14
-7
-13
-10
-13
-19
-27
-28
-20
-19
-20
-15
-15
-14
-17
-7
-3
2
9
-1
-1
-5
-3
-2
-3
-3
-2
2
-2
-6
-2
-6
-5
-3
-6
1
-1
-2
1
7
14
18
23
18
13
18
17
16
17
15
17
22
33
34
31
40
46
50
56
56
62
63
55
57
56
51
59
61
65
62
66
67
68
72
73
75
78
75
75
77
73
78
80
72
65
62
58
59
63
61
61
58
54
57
55
54
45
43
42
42
33
35
37
31
30
29
32
34
31
32
29
21
26
19
14
18
15
11
17
12
6
7
4
5
0
3
6
5
4
4
4
1
2
-2
-6
-5
-4
-6
-8
-8
-10
-6
-12
-8
-3
-9
-6
-12
-12
-11
-16
-19
-20
-23
-23
-14
-11
-13
-14
-8
-8
-14
-11
-14
-18
-24
-27
-35
-39
-41
-48
-46
-48
-52
-49
-41
-40
-41
-37
-38
-42
-44
-44
-41
-43
-41
-33
-35
-32
-35
-35
-37
-33
-28
-26
-27
-28
-26
-26
-21
-22
-20
-14
-11
-5
2
3
-3
-1
-2
0
1
1
-2
1
5
3
8
0
2
5
4
3
1
4
2
2
6
8
4
0
2
1
-4
0
7
5
7
9
6
0
0
-7
-2
4
6
15
12
10
2
4
-1
1
1
3
3
-2
4
0
-5
-14
-9
-15
-10
-12
-9
-7
-6
-6
-21
-21
-14
-19
-18
-21
-24
-27
-33
-36
-41
-47
-55
-58
-64
-71
-60
-58
-62
-49
-54
-64
-67
-60
-64
-60
-52
-52
-55
-51
-49
-51
-47
-42
-37
-32
-24
-24
-23
-24
-25
-35
-32
-29
-36
-28
-25
-22
-16
-13
-12
-5
-7
-10
-11
-11
-15
-14
-14
-13
-12
-12
-9
-5
-2
2
2
0
-4
-12
-11
-7
-6
-11
-13
-8
-16
-13
-10
-13
-10
-13
-12
-12
-8
-11
-14
-15
-15
-14
-11
-3
3
6
7
14
9
15
17
21
29
23
28
26
22
21
28
35
36
41
45
52
55
58
66
65
60
55
50
45
42
48
57
66
70
74
74
76
75
73
77
71
75
73
67
60
61
62
62
61
55
57
50
51
56
56
49
45
42
45
39
40
46
42
33
25
36
32
34
41
41
34
33
40
29
32
33
21
23
25
27
26
25
29
27
23
24
27
24
31
33
43
47
42
45
44
43
40
31
32
28
29
32
32
37
25
22
22
17
20
22
24
20
18
17
12
6
5
-5
-17
-20
-25
-27
-22
-20
-18
-17
-16
-18
-26
-25
-28
-31
-35
-43
-47
-51
-58
-53
-49
-50
-52
-52
-54
-51
-46
-52
-53
-51
-55
-55
-57
-56
-58
-63
-67
-72
-65
-66
-63
-62
-65
-58
-55
-55
-58
-56
-52
-46
-39
-36
-25
-25
-29
-29
-29
-26
-28
-28
-24
-23
-20
-12
0
2
2
2
6
9
6
5
4
6
5
3
3
-5
-4
6
3
1
10
11
15
6
7
10
0
4
0
-5
-8
-2
-4
-10
-3
-12
-19
-20
-18
-19
-23
-24
-25
-24
-29
-29
-29
-33
-36
-45
-47
-49
-52
-50
-51
-53
-52
-50
-47
-40
-38
-36
-26
-20
-23
-20
-23
-25
-26
-21
-20
-18
-12
-11
-8
-9
-5
-3
-4
2
1
-6
-6
-6
-13
-17
-22
-23
-23
-26
-20
-24
-23
-22
-27
-36
-41
-39
-38
-38
-41
-41
-45
-37
-41
-37
-24
-26
-19
-22
-21
-19
-22
-24
-32
-36
-34
-32
-33
-32
-29
-19
-13
-7
-5
-6
-4
-2
2
2
2
0
-4
-4
8
12
11
16
19
26
28
33
34
36
40
42
51
52
55
67
65
66
72
70
72
74
79
84
87
91
85
81
77
81
50
19
25
25
14
14
8
7
4
2
4
5
8
5
5
5
6
4
9
12
5
3
11
6
7
3
5
10
7
12
13
12
21
18
16
19
18
14
6
3
-3
-1
-1
-7
-1
3
2
0
1
5
11
15
10
10
12
16
15
15
11
11
11
16
22
14
19
31
33
34
38
35
34
34
34
39
35
29
34
36
31
33
39
40
39
43
47
47
46
44
44
44
42
36
29
28
23
21
20
21
31
31
30
37
37
40
45
42
42
39
36
27
23
21
18
17
8
11
12
7
10
13
17
11
12
14
12
15
18
14
12
9
10
6
-2
-2
-2
-3
-2
2
0
4
8
3
-1
3
3
0
4
-2
-6
-7
-6
-12
-16
-21
-17
-17
-17
-7
-1
9
6
12
12
12
18
18
12
7
-3
-9
-8
-2
4
5
8
12
15
18
23
32
23
24
22
16
17
16
14
5
1
-10
-9
-11
-16
-17
-19
-16
-22
-22
-26
-38
-36
-37
-36
-41
-50
-47
-47
-51
-49
-49
-52
-51
-55
-59
-55
-49
-50
-47
-46
-49
-46
-51
-54
-57
-60
-62
-61
-53
-51
-47
-42
-45
-36
-26
-27
-22
-16
-15
-10
-7
2
5
5
3
6
13
12
15
20
16
18
23
25
31
33
34
38
27
30
32
23
23
23
22
23
21
25
23
24
25
20
20
19
22
21
19
9
0
-3
-3
-6
-7
-11
-13
-8
-9
-12
-15
-15
-19
-17
-20
-23
-25
-29
-28
-32
-38
-44
-44
-41
-34
-36
-37
-34
-32
-30
-34
-33
-27
-31
-33
-36
-43
-38
-42
-36
-38
-36
-34
-39
-40
-39
-36
-37
-38
-41
-41
-44
-42
-41
-46
-48
-48
-44
-39
-26
-21
-22
-18
-12
-15
-17
-13
-7
-1
-1
2
5
1
3
5
7
10
11
8
9
17
15
14
12
11
9
12
20
19
12
15
15
9
4
1
6
7
2
-1
-3
-6
-4
-2
-3
-5
-6
-9
-15
-18
-14
-22
-27
-34
-37
-39
-42
-37
-34
-29
-24
-23
-18
-12
-17
-17
-18
-18
-15
-11
-12
-9
-5
0
11
12
21
23
29
33
34
27
27
32
33
34
26
35
28
30
32
35
46
45
40
40
39
38
35
31
34
40
44
43
37
37
36
30
33
30
34
34
35
36
37
35
37
43
42
43
41
38
32
25
20
20
17
13
14
10
9
6
19
14
16
27
32
38
38
34
22
23
17
17
20
21
27
32
33
35
43
43
44
46
44
42
42
38
32
30
30
33
38
31
34
38
33
34
38
36
25
24
14
13
10
2
0
0
-6
-12
-13
-10
-7
-10
-9
-11
-10
-7
-7
-11
-18
-21
-28
-39
-34
-39
-37
-34
-37
-33
-34
-31
-34
-37
-35
-32
-30
-14
-7
-6
-3
-5
-5
-2
-1
3
4
8
9
10
16
10
12
18
26
28
29
28
25
20
13
13
8
6
5
1
1
2
1
2
0
2
2
5
10
11
10
10
13
8
7
5
3
0
-2
4
1
0
5
1
6
5
6
8
5
6
5
1
-6
-13
-13
-14
-16
-12
-7
-9
-13
-7
-7
-5
-11
-14
-16
-20
-23
-29
-35
-42
-41
-44
-52
-53
-50
-55
-57
-56
-54
-51
-54
-51
-52
-54
-52
-55
-56
-58
-68
-69
-67
-67
-69
-67
-61
-61
-53
-49
-37
-33
-35
-31
-33
-30
-28
-27
-27
-31
-28
-25
-22
-23
-23
-23
-24
-22
-19
-22
-15
-9
-10
-5
-8
-11
-14
-22
-26
-22
-20
-21
-16
-17
-18
-16
-22
-21
-20
-15
-11
-11
-12
-10
-12
-12
-9
-10
-9
-6
-4
-6
-8
-10
-6
4
10
14
9
6
11
14
12
9
6
10
14
15
22
22
30
35
34
38
37
38
35
33
35
33
28
29
26
26
31
37
43
46
40
40
40
35
36
29
27
25
21
18
14
10
15
14
13
16
11
14
13
10
9
6
10
12
16
12
16
16
15
17
13
16
15
23
23
21
24
31
28
27
34
32
35
35
35
33
29
31
33
32
38
37
38
46
48
53
56
57
59
55
60
54
45
39
33
31
31
33
27
27
28
35
38
32
21
16
16
17
10
5
0
-7
-6
-7
-11
-9
-6
-10
-2
-9
-11
-10
-11
-9
-14
-17
-18
-16
-19
-16
-16
-14
-21
-25
-24
-23
-18
-15
-1
2
2
8
8
7
0
-1
1
6
12
16
19
21
28
31
33
36
44
44
48
49
41
46
42
41
39
43
40
37
33
34
39
47
54
51
49
48
50
47
44
45
42
40
32
30
26
21
22
21
17
17
13
8
7
0
-2
-1
-4
-10
-14
-13
-18
-16
-20
-27
-30
-37
-48
-54
-55
-59
-60
-60
-57
-66
-64
-57
-64
-60
-61
-62
-65
-63
-62
-59
-63
-65
-63
-57
-49
-44
-36
-28
-25
-30
-26
-24
-29
-25
-26
-32
-32
-35
-42
-40
-40
-44
-42
-47
-48
-49
-47
-55
-60
-63
-77
-78
-83
-86
-84
-85
-86
-87
-81
-85
-90
-84
-82
-75
-72
-67
-61
-68
-64
-66
-65
-62
-59
-55
-58
-52
-47
-41
-34
-33
-27
-30
-30
-27
-29
-34
-33
-32
-29
-14
-15
-10
-6
-10
-7
-9
-4
1
12
16
17
15
11
9
5
8
9
11
5
6
9
8
10
10
12
16
19
26
27
28
30
34
36
26
27
21
20
23
17
22
21
22
25
28
28
26
28
24
26
29
35
36
31
27
24
24
24
23
31
32
34
34
33
31
26
28
26
25
27
24
24
23
21
17
17
20
23
27
25
26
28
27
24
24
24
24
22
19
25
25
20
25
22
25
27
22
28
24
26
25
24
24
25
25
23
20
27
31
37
41
38
43
49
50
48
50
54
65
64
61
61
63
67
68
71
67
73
68
62
57
56
59
56
62
54
57
52
56
51
40
36
32
23
18
13
6
4
-2
5
2
6
4
7
12
2
-1
-4
-11
-15
-16
-19
-23
-24
-30
-29
-29
-28
-27
-22
-23
-28
-24
-26
-24
-24
-25
-26
-19
-20
-21
-14
-11
-9
-7
-8
-5
-2
5
5
11
10
13
18
15
21
24
26
20
16
19
22
25
22
18
18
24
25
20
23
21
19
15
16
13
0
-4
-4
-4
-8
-19
-20
-15
-24
-27
-24
-24
-25
-27
-28
-30
-32
-31
-33
-37
-45
-51
-50
-51
-57
-64
-68
-72
-74
-76
-77
-77
-78
-77
-71
-68
-68
-66
-63
-70
-74
-69
-74
-73
-79
-81
-80
-76
-66
-61
-51
-49
-43
-38
-36
-35
-41
-39
-45
-45
-41
-41
-41
-36
-31
-22
-15
-10
-7
-1
3
12
9
7
8
2
0
-4
-9
-10
-9
-10
-7
-2
3
0
-2
-4
-6
-3
-6
-4
-2
-7
-2
-2
-9
-11
-8
-9
-2
-2
-7
-7
-11
-1
-5
-14
-17
-22
-23
-23
-20
-11
-12
-13
-15
-19
-19
-18
-13
-14
-12
-4
-3
1
0
-4
0
3
6
2
-1
3
2
5
6
6
17
15
18
26
26
29
22
28
37
35
46
47
46
54
48
57
62
58
62
60
55
54
61
62
59
53
58
60
57
58
59
57
55
52
47
41
38
36
31
26
24
28
25
20
26
23
18
18
15
5
6
1
-3
2
-7
-11
-13
-18
-19
-21
-22
-17
-25
-26
-30
-28
-24
-32
-24
-26
-21
-18
-16
-13
-13
-8
-9
-8
-4
-4
-4
-4
2
0
2
6
10
9
7
14
5
5
5
6
6
-1
3
-3
-2
2
1
-1
-3
1
4
-1
1
7
8
14
16
13
17
19
16
16
7
9
9
6
10
1
0
-6
-10
-9
-5
-1
-1
-4
-5
-5
-2
7
7
5
10
5
-2
4
2
4
6
5
7
17
17
23
30
28
39
37
38
36
35
38
42
47
42
48
53
57
60
65
67
76
78
75
78
76
78
78
77
69
73
71
60
61
58
62
62
58
61
56
53
49
46
45
39
36
31
29
25
20
16
11
1
-4
-7
-16
-18
-18
-27
-26
-29
-33
-32
-36
-39
-44
-48
-50
-56
-57
-60
-61
-63
-60
-66
-72
-69
-65
-66
-64
-60
-60
-59
-65
-70
-70
-67
-64
-62
-61
-55
-52
-51
-46
-44
-42
-43
-41
-35
-36
-35
-32
-31
-31
-34
-26
-20
-13
-7
-8
-4
-5
-7
-2
-4
-2
-1
2
0
2
4
3
3
-3
-7
-7
-7
-10
-5
-6
-12
-7
-9
-5
-6
-3
1
-6
-11
-18
-24
-25
-29
-34
-29
-39
-38
-38
-41
-38
-42
-37
-44
-47
-45
-50
-52
-59
-62
-61
-58
-64
-61
-52
-52
-47
-43
-42
-42
-44
-44
-43
-40
-43
-38
-34
-33
-29
-33
-30
-28
-23
-29
-17
-12
-6
1
-4
-6
-4
-5
-10
-7
-9
-13
-13
-16
-17
-13
-10
-7
0
8
14
18
12
14
7
4
9
12
20
22
22
23
17
14
17
22
23
18
19
25
24
30
29
20
23
14
16
14
14
13
12
16
17
18
18
16
15
16
13
18
18
26
21
21
17
8
6
14
20
18
18
16
20
13
15
12
19
23
20
28
21
14
14
10
5
7
10
16
14
11
7
10
14
12
21
16
16
23
25
24
20
14
10
6
5
9
13
27
31
38
40
37
41
39
40
39
41
37
38
34
35
39
46
50
42
45
50
48
54
53
57
58
53
49
50
42
36
39
35
32
31
33
37
29
31
33
28
27
35
40
41
47
50
48
43
47
43
46
52
57
65
66
65
67
67
67
65
65
69
63
67
71
71
71
66
66
62
58
56
54
51
52
48
36
38
33
29
26
25
20
12
9
7
6
-4
-2
-7
-17
-18
-30
-32
-39
-44
-47
-47
-46
-44
-41
-53
-49
-53
-59
-58
-67
-68
-73
-78
-77
-80
-74
-71
-67
-63
-67
-65
-68
-67
-71
-74
-71
-76
-78
-80
-77
-78
-79
-78
-69
-67
-64
-68
-65
-64
-65
-62
-72
-75
-76
-78
-81
-76
-79
-77
-74
-79
-80
-74
-71
-81
-78
-76
-81
-74
-74
-75
-79
-77
-73
-69
-61
-60
-65
-60
-59
-55
-58
-53
-44
-39
-29
-24
-22
-27
-24
-18
-14
-17
-17
-18
-17
-9
-7
-3
0
7
9
6
10
6
3
-2
-1
1
0
2
-1
0
8
7
8
13
16
8
10
9
6
5
-1
1
7
8
4
5
1
-3
1
-2
-4
-1
-5
-8
-12
-14
-18
-23
-22
-15
-17
-22
-18
-12
-6
-4
0
4
7
16
24
26
33
34
38
43
45
50
52
56
56
57
61
56
56
58
60
63
62
64
63
66
66
68
66
63
58
50
57
59
55
51
50
45
41
36
32
30
22
21
17
22
22
12
9
1
-2
-1
-1
-3
-7
-6
-11
-7
-12
-10
-8
-12
-13
-14
-7
-9
-11
-18
-22
-24
-28
-25
-18
-11
-4
4
6
12
15
15
15
21
25
29
31
35
36
38
43
41
46
57
60
65
66
71
74
75
78
78
76
72
74
72
67
72
75
79
87
85
83
82
86
85
87
84
83
84
81
81
79
82
80
83
85
79
78
72
70
75
70
62
58
54
48
40
36
30
27
26
25
24
24
23
24
20
13
17
15
13
10
7
4
2
-5
-15
-11
-14
-15
-11
-6
-4
0
-1
-5
-3
-5
-7
-12
-17
-23
-23
-25
-31
-31
-26
-24
-31
-30
-31
-36
-39
-41
-41
-48
-44
-47
-50
-50
-52
-51
-52
-49
-56
-56
-63
-70
-73
-76
-74
-76
-75
-77
-79
-84
-82
-88
-94
-92
-95
-98
-96
-95
-100
-97
-99
-93
-96
-93
-93
-96
-92
-95
-101
-102
-99
-99
-97
-102
-98
-97
-97
-91
-91
-93
-92
-92
-90
-89
-88
-86
-86
-85
-81
-77
-75
-70
-67
-59
-54
-48
-44
-43
-43
-41
-34
-38
-32
-27
-22
-19
-13
-5
2
5
13
14
13
23
25
31
35
30
33
30
30
32
32
35
32
40
39
29
34
31
33
29
27
24
23
25
17
18
17
24
21
18
19
7
7
1
1
4
9
10
15
14
10
13
13
18
20
16
16
15
12
10
3
6
4
4
1
4
6
2
1
3
2
-1
1
6
1
3
8
9
14
18
24
24
29
30
33
34
35
44
41
45
45
49
52
49
63
66
63
64
56
61
65
69
70
76
84
84
89
91
89
87
88
80
72
67
59
50
45
41
41
40
35
29
24
19
12
8
0
-4
-5
-6
-12
-14
-17
-14
-14
-15
-12
-18
-24
-18
-16
-19
-20
-19
-20
-20
-21
-22
-20
-20
-16
-12
-10
-6
2
2
3
4
10
14
10
18
21
26
28
33
40
39
42
47
51
47
51
51
57
65
66
69
69
70
71
72
67
73
70
68
66
61
58
59
60
56
56
54
49
51
46
47
37
33
35
31
20
11
7
-4
-12
-17
-20
-27
-24
-28
-34
-35
-42
-46
-52
-51
-52
-53
-53
-58
-66
-68
-65
-62
-63
-67
-61
-59
-62
-61
-59
-57
-58
-59
-58
-58
-56
-51
-54
-55
-57
-52
-48
-48
-45
-42
-41
-33
-28
-20
-15
-13
-14
-21
-17
-16
-13
-7
-10
-11
-11
-13
-15
-15
-21
-22
-16
-21
-22
-18
-22
-19
-23
-21
-23
-26
-20
-21
-27
-31
-35
-38
-43
-44
-46
-45
-48
-50
-49
-54
-59
-61
-69
-65
-64
-65
-53
-52
-55
-54
-51
-45
-49
-56
-49
-50
-46
-40
-40
-38
-38
-34
-33
-36
-34
-30
-23
-19
-20
-20
-10
-9
-12
-6
-5
-2
2
0
2
6
8
9
13
17
19
25
28
26
30
34
34
35
35
39
39
41
39
43
45
44
45
36
35
36
38
36
38
33
26
31
23
24
25
25
17
16
14
9
4
-6
-3
-11
-12
-20
-19
-22
-25
-33
-35
-31
-30
-26
-27
-24
-23
-23
-21
-21
-25
-22
-18
-17
-13
-9
-3
3
2
3
4
14
16
16
24
29
28
35
38
37
39
38
42
46
47
50
51
55
53
47
44
47
44
48
49
43
44
43
42
41
45
44
44
39
44
36
31
32
18
17
12
11
10
4
8
7
8
9
4
8
7
7
2
-3
-4
-3
4
0
-11
-10
-12
-20
-14
-21
-23
-21
-16
-7
-4
-3
-6
-4
-3
-4
-2
2
9
6
-1
-3
-1
1
5
18
18
17
22
22
24
23
28
33
33
34
24
30
34
33
29
30
33
29
27
29
32
33
36
34
33
31
30
25
30
29
26
36
40
42
43
51
48
43
43
43
44
47
43
40
38
33
34
37
33
29
25
26
21
25
27
18
16
16
12
8
3
-3
-3
-4
-1
-1
-6
-6
-11
-13
-19
-32
-32
-31
-32
-37
-34
-32
-35
-26
-28
-29
-30
-33
-30
-31
-27
-25
-26
-27
-28
-29
-31
-18
-12
-8
4
7
11
8
8
13
9
16
12
16
14
10
12
14
20
22
22
20
19
18
19
17
17
16
19
17
11
4
3
4
4
3
0
-1
-8
-11
-16
-22
-27
-30
-33
-36
-33
-35
-42
-45
-43
-50
-54
-49
-51
-43
-49
-53
-58
-59
-57
-55
-57
-60
-50
-56
-58
-60
-62
-65
-67
-64
-58
-57
-62
-56
-53
-50
-53
-52
-48
-45
-42
-36
-35
-35
-38
-39
-39
-37
-43
-40
-35
-27
-20
-21
-14
-12
-6
-9
-6
-3
-6
-12
-6
-5
-6
1
-1
2
-1
11
11
13
20
25
20
16
20
17
26
18
19
17
13
12
14
14
7
9
6
1
6
1
-1
4
2
2
5
-2
0
1
-2
-2
-5
-8
-14
-17
-19
-16
-18
-13
-15
-15
-14
-14
-17
-25
-25
-29
-25
-27
-16
-11
-16
-12
-12
-3
1
-8
-3
-7
-6
4
-2
-3
-2
2
2
2
6
4
5
8
7
8
8
9
3
-1
1
4
-1
3
4
9
12
16
20
13
18
16
19
21
21
18
17
21
18
19
7
1
5
3
5
6
-1
2
2
-3
3
0
1
5
9
15
21
23
19
19
22
24
25
27
26
26
29
36
44
43
40
41
43
49
54
57
58
60
53
57
61
61
63
65
66
65
66
61
58
57
57
56
64
71
64
62
63
64
65
63
57
53
57
57
50
47
48
42
46
47
46
51
48
43
43
45
42
35
28
24
24
23
18
14
7
10
8
7
10
6
6
-4
-4
-3
-6
-8
-8
-10
-13
-15
-20
-13
-17
-18
-13
-22
-24
-25
-24
-36
-45
-42
-43
-42
-42
-46
-48
-46
-45
-45
-44
-47
-47
-46
-47
-48
-58
-54
-53
-58
-50
-43
-39
-33
-31
-31
-29
-27
-28
-34
-30
-34
-30
-31
-30
-31
-30
-26
-28
-22
-19
-21
-15
-13
-12
-11
-18
-17
-25
-19
-19
-22
-15
-17
-12
-16
-12
-11
-18
-13
-12
-15
-8
-10
-8
-14
-16
-14
-17
-21
-28
-32
-37
-39
-44
-44
-49
-44
-50
-48
-38
-36
-29
-32
-36
-44
-48
-48
-43
-43
-46
-47
-44
-47
-39
-43
-48
-41
-49
-41
-40
-41
-39
-44
-41
-37
-35
-29
-32
-25
-18
-21
-11
-11
-6
0
-1
6
-2
3
10
10
8
8
8
5
10
8
14
17
11
8
6
2
8
4
-1
-1
1
1
6
10
3
5
9
11
11
17
12
13
9
7
10
9
7
1
-2
-7
-6
-2
-2
-5
-7
-5
-5
-7
-4
-7
-8
-6
-8
-8
-10
-13
-12
-9
-12
-15
-9
-13
-9
-6
-6
-6
-4
0
0
-1
1
4
-4
-3
-2
-5
-5
-4
-1
-2
6
18
19
28
27
28
33
33
38
39
37
35
35
29
24
30
25
29
33
35
42
43
42
43
44
42
50
43
44
40
41
46
45
51
50
57
60
56
61
66
64
58
62
52
49
54
42
49
53
50
47
43
48
50
48
45
40
41
41
45
46
52
49
48
49
45
54
55
58
57
54
57
54
57
56
48
44
43
46
43
40
46
42
43
46
44
43
36
35
33
32
32
22
22
18
15
22
19
17
13
7
6
2
-8
-6
-6
-6
-11
-10
-6
-10
-11
-17
-20
-9
-11
-6
-6
-15
-13
-6
-4
-9
-11
-15
-15
-15
-14
-13
-22
-26
-27
-25
-30
-29
-33
-39
-35
-33
-28
-25
-30
-31
-28
-39
-42
-41
-46
-42
-39
-38
-38
-44
-38
-39
-40
-36
-39
-42
-49
-51
-55
-58
-57
-60
-63
-62
-59
-61
-59
-55
-55
-58
-57
-52
-53
-54
-47
-50
-45
-35
-33
-35
-31
-35
-40
-28
-28
-28
-23
-28
-26
-23
-22
-14
-15
-8
0
-1
2
-1
-3
-10
-5
-3
-8
-11
-9
-5
-1
2
-5
-7
-4
-2
-6
-13
-18
-19
-29
-31
-28
-22
-21
-31
-27
-28
-29
-28
-33
-35
-40
-41
-44
-41
-36
-28
-22
-20
-14
-15
-12
-15
-13
-13
-16
-10
-13
-9
-7
-8
-8
-4
2
3
1
2
2
5
6
1
1
-3
-7
-8
-7
-9
-9
-4
-5
-2
-6
-9
-13
-15
-13
-11
-11
-9
-14
-7
-4
-12
-8
-13
-16
-12
-15
-21
-26
-31
-31
-32
-26
-19
-16
-13
-15
-13
-8
-7
-8
-10
-5
-5
-12
-16
-12
-11
-17
-18
-13
-11
-4
-4
-4
1
9
5
-1
-3
-12
-8
-9
-8
-8
-14
-14
-16
-18
-17
-10
-12
-5
0
10
15
14
15
18
16
15
20
20
20
28
25
21
27
29
36
47
55
65
69
65
73
75
72
78
75
78
77
70
76
76
79
78
78
76
80
86
85
85
84
85
87
95
91
82
81
82
76
75
76
78
78
73
73
68
68
63
63
58
52
49
45
44
45
35
32
31
22
24
18
15
12
8
7
3
4
6
2
4
4
-1
5
12
14
17
18
18
14
10
2
-6
-6
-11
-13
-9
-15
-20
-12
-11
-12
-8
-9
-9
-5
-6
-4
-3
4
-3
-10
-6
-14
-12
-14
-20
-21
-13
-17
-20
-13
-14
-14
-12
-13
-18
-17
-12
-16
-17
-25
-31
-33
-40
-38
-39
-36
-36
-40
-35
-39
-39
-39
-41
-37
-31
-34
-38
-41
-39
-37
-28
-29
-31
-34
-34
-34
-36
-31
-35
-31
-38
-42
-40
-39
-40
-41
-36
-32
-36
-38
-39
-38
-36
-38
-45
-45
-46
-50
-47
-44
-43
-45
-45
-42
-43
-39
-42
-38
-36
-41
-43
-35
-37
-34
-31
-37
-35
-31
-28
-28
-27
-31
-26
-26
-32
-27
-19
-20
-20
-18
-11
-9
-13
-10
-9
-3
-2
-2
2
3
5
3
4
-3
2
1
3
2
-7
-10
-16
-14
-13
-8
-13
-12
-12
-17
-17
-14
-12
-13
-18
-22
-20
-25
-31
-33
-35
-35
-37
-37
-43
-47
-40
-44
-29
-23
-24
-21
-23
-19
-19
-25
-26
-30
-28
-28
-31
-20
-24
-15
-21
-26
-19
-23
-15
-6
-6
-7
3
2
-2
1
9
6
9
16
12
5
11
9
6
16
6
10
17
17
20
18
24
26
25
23
27
31
31
39
36
31
27
27
30
29
21
24
32
35
37
39
35
38
36
33
37
31
30
29
25
26
25
23
25
23
20
23
27
34
34
37
39
41
40
45
47
45
50
56
61
51
50
49
46
48
50
53
53
57
60
58
60
70
68
70
69
64
67
63
60
62
65
62
61
63
63
67
61
61
60
56
54
53
49
41
45
46
45
55
48
46
48
50
54
52
51
49
43
42
46
38
45
40
40
42
36
37
38
41
43
38
32
32
31
21
17
15
14
8
3
2
-1
1
-1
-1
3
5
11
8
-1
0
3
6
2
-2
-6
-4
3
-3
-3
3
-1
-4
-6
-6
-8
-9
-13
-9
-12
-18
-13
-13
-15
-5
-7
-10
-11
-14
-12
-18
-14
-17
-19
-21
-25
-24
-25
-28
-32
-32
-28
-25
-38
-41
-43
-48
-52
-51
-60
-56
-56
-59
-61
-76
-72
-75
-84
-84
-81
-89
-94
-95
-87
-86
-87
-81
-77
-71
-72
-63
-62
-67
-65
-67
-70
-66
-71
-71
-65
-59
-57
-54
-53
-48
-45
-44
-34
-34
-27
-23
-26
-24
-26
-22
-18
-25
-13
-13
-23
-23
-22
-21
-19
-9
-10
-10
-9
-4
5
10
9
11
12
11
11
5
-6
-7
-7
-14
-11
-6
-8
-10
-9
-7
-11
-9
-15
-14
-21
-22
-21
-29
-25
-31
-28
-38
-38
-31
-35
-30
-34
-33
-36
-30
-29
-28
-27
-29
-21
-23
-14
-9
-10
-7
-11
-18
-10
-6
-8
0
3
6
4
-1
1
-2
0
12
16
18
20
22
24
22
22
17
19
15
10
5
8
5
-1
5
5
-2
0
9
7
2
0
-2
-10
-12
-16
-16
-6
-9
-8
-6
-5
-4
-9
-4
2
3
7
3
6
13
11
9
6
3
4
4
3
7
9
5
4
7
5
9
11
18
25
27
25
18
22
21
20
28
32
32
36
30
33
40
45
49
48
53
52
42
45
50
56
57
56
65
60
62
67
62
70
67
73
72
70
74
68
69
69
74
75
72
75
76
81
76
78
78
73
85
81
75
74
73
74
76
73
74
78
79
79
86
81
67
59
52
46
36
38
38
35
24
18
35
32
22
18
10
8
1
4
9
-1
-8
-13
-15
-22
-21
-18
-18
-16
-24
-18
-14
-15
-14
-20
-24
-30
-31
-33
-29
-33
-35
-33
-33
-30
-27
-30
-30
-26
-21
-21
-27
-31
-37
-34
-37
-35
-37
-32
-31
-36
-38
-37
-39
-36
-37
-41
-41
-45
-45
-54
-50
-53
-60
-54
-54
-50
-50
-47
-41
-43
-46
-44
-48
-46
-50
-49
-45
-43
-39
-44
-43
-44
-43
-45
-38
-35
-32
-32
-31
-25
-25
-18
-15
-16
-17
-14
-15
-10
-10
-10
-11
-8
-4
-6
-6
-5
-4
-1
4
15
16
17
13
3
7
5
-1
-5
-3
-3
-1
3
3
-1
-8
-4
-5
-4
0
-5
-2
-6
-11
-12
-14
-23
-23
-26
-32
-38
-46
-43
-45
-44
-35
-33
-25
-34
-39
-32
-36
-36
-46
-43
-45
-44
-41
-37
-32
-32
-35
-41
-39
-39
-40
-32
-31
-33
-30
-31
-27
-26
-23
-26
-25
-22
-18
-22
-20
-20
-19
-18
-22
-13
-15
-12
-8
-4
-4
-2
0
-7
-12
-15
-21
-22
-18
-26
-26
-21
-26
-19
-19
-13
-7
-6
0
-8
-3
-4
-3
-5
-8
-4
2
11
10
12
19
21
21
27
22
15
23
19
29
27
22
25
23
27
31
28
35
39
46
50
44
48
48
53
47
46
46
50
46
45
47
46
46
51
55
52
65
63
60
62
56
59
58
52
49
54
51
51
50
47
55
52
57
58
62
55
55
63
61
63
58
62
60
55
57
54
50
45
44
47
49
48
45
41
39
37
36
39
32
23
30
28
22
22
19
19
19
19
21
25
24
25
25
25
29
29
24
23
17
9
1
3
12
14
15
14
13
10
1
-8
-6
0
-3
-5
-7
-6
-11
-10
-16
-9
-5
-5
5
-1
0
-3
2
2
1
1
3
-8
-15
-7
-9
-11
-10
-4
-2
-9
-7
-4
-6
-5
-5
-1
-5
-6
-9
-9
-8
-6
-3
-9
-4
-11
-3
-5
-5
-13
-8
-7
-16
-12
-10
-10
-14
-10
-14
-14
-16
-21
-19
-26
-32
-28
-33
-33
-29
-29
-34
-24
-24
-21
-19
-18
-16
-15
-21
-31
-29
-32
-35
-34
-32
-25
-24
-23
-21
-29
-30
-28
-27
-27
-33
-32
-40
-45
-40
-41
-36
-29
-25
-21
-20
-22
-16
-19
-25
-29
-31
-31
-31
-31
-29
-22
-24
-28
-28
-26
-19
-21
-16
-12
-19
-17
-17
-12
-12
-9
-4
-10
-12
-14
-18
-21
-21
-26
-21
-26
-27
-28
-33
-28
-35
-26
-19
-24
-22
-24
-29
-30
-27
-26
-28
-32
-37
-44
-41
-44
-42
-40
-39
-30
-31
-26
-26
-26
-26
-22
-19
-21
-20
-30
-29
-31
-29
-28
-23
-18
-16
-18
-8
-9
-5
-8
-4
-1
-11
-8
-14
-11
-16
-18
-19
-19
-17
-24
-22
-20
-15
-21
-21
-24
-26
-22
-25
-31
-34
-32
-33
-27
-28
-30
-21
-26
-26
-24
-24
-15
-17
-20
-15
-14
-12
-6
-2
3
8
7
5
8
6
6
13
5
4
9
6
9
13
15
16
10
21
18
19
26
21
20
26
30
25
31
35
36
38
41
46
52
59
66
69
63
62
58
51
55
54
51
58
57
60
68
72
76
80
79
74
76
78
78
88
89
84
80
69
66
63
63
68
66
63
62
55
58
60
66
62
56
52
43
42
34
30
29
23
27
22
27
23
17
15
15
14
15
10
8
20
18
17
17
17
13
11
16
3
1
-1
0
4
5
11
6
6
4
2
1
4
0
0
-4
-3
-4
-8
-8
-7
-2
3
5
9
11
8
12
12
11
4
5
0
-8
-4
-10
-8
-6
-5
-6
-4
-8
-14
-13
-6
1
-11
-19
-19
-22
-20
-23
-29
-33
-30
-29
-37
-32
-31
-26
-26
-34
-32
-29
-28
-29
-29
-32
-32
-34
-43
-40
-35
-32
-28
-29
-26
-25
-23
-16
-16
-13
-7
-9
-10
-11
-14
-13
-12
-13
-8
-10
-12
-5
-4
0
4
1
-1
0
3
4
-3
-6
-6
-10
-11
-10
-10
-4
-3
-4
-1
0
-4
-9
-3
4
-2
-5
-8
-14
-12
-13
-15
-10
-4
-6
-4
-12
-14
-17
-19
-19
-28
-27
-42
-47
-51
-58
-51
-50
-54
-50
-53
-57
-53
-57
-56
-59
-57
-60
-68
-71
-75
-77
-78
-72
-72
-70
-72
-71
-71
-73
-73
-68
-63
-63
-62
-67
-70
-69
-66
-60
-58
-57
-47
-44
-42
-41
-34
-24
-24
-13
-15
-18
-7
-12
-14
-16
-15
-7
-6
-6
-5
-5
4
11
14
18
24
27
25
17
14
19
19
18
16
13
13
16
14
15
14
15
15
13
11
10
1
-5
-6
-8
-3
-4
-6
-13
-5
3
5
14
17
26
24
23
29
30
32
29
36
43
51
52
51
55
60
65
61
63
62
62
63
59
61
58
60
61
65
66
64
67
67
67
67
61
65
63
60
62
66
66
65
65
66
61
61
57
58
60
53
56
53
51
48
51
52
47
42
42
49
45
44
40
44
38
35
32
23
22
17
19
25
30
27
21
25
26
24
26
30
27
25
20
24
28
27
30
28
35
48
50
46
59
53
55
60
55
59
63
64
62
62
61
61
63
58
56
52
49
45
39
35
27
22
21
19
19
15
15
15
6
9
11
6
0
-6
-13
-16
-18
-20
-24
-29
-30
-29
-27
-16
-16
-18
-18
-24
-26
-33
-36
-35
-36
-38
-33
-35
-34
-33
-34
-34
-30
-26
-24
-19
-17
-12
-10
-12
-6
-11
-16
-21
-24
-26
-23
-17
-26
-27
-28
-34
-37
-29
-28
-25
-26
-32
-32
-30
-35
-39
-42
-44
-43
-38
-37
-38
-33
-36
-36
-36
-30
-29
-32
-38
-47
-44
-46
-58
-51
-62
-68
-65
-70
-62
-57
-63
-54
-54
-53
-52
-56
-57
-59
-61
-62
-57
-52
-57
-59
-56
-52
-48
-45
-42
-44
-42
-46
-50
-51
-52
-53
-52
-51
-51
-46
-49
-45
-43
-40
-40
-42
-44
-39
-42
-47
-45
-43
-41
-36
-34
-32
-29
-27
-31
-28
-32
-36
-32
-43
-43
-42
-39
-40
-45
-40
-40
-34
-31
-26
-24
-22
-16
-18
-15
-12
-6
-4
-4
2
11
8
12
19
23
21
18
21
16
17
13
7
3
1
2
7
13
22
16
13
15
9
9
4
5
5
6
11
11
10
12
15
16
14
16
13
15
11
9
4
1
10
14
15
27
29
25
31
27
28
27
27
33
30
36
40
41
49
57
65
65
66
65
61
64
66
68
66
65
55
50
52
54
63
71
74
77
79
81
86
81
81
81
77
77
71
69
70
66
67
68
66
66
67
68
63
65
57
54
51
45
45
43
43
37
40
45
38
35
32
34
35
31
35
41
35
30
31
26
27
30
32
38
36
29
30
20
20
21
17
23
16
14
10
8
10
6
9
14
17
17
24
26
31
25
19
20
22
22
16
16
10
9
8
11
14
6
5
1
2
1
-3
-9
-16
-15
-22
-30
-31
-32
-35
-35
-42
-43
-47
-52
-57
-62
-58
-54
-48
-45
-39
-46
-58
-66
-74
-73
-72
-69
-67
-66
-62
-60
-52
-59
-53
-54
-60
-65
-66
-70
-68
-70
-79
-73
-78
-76
-74
-74
-73
-66
-65
-59
-59
-56
-52
-56
-54
-53
-56
-54
-52
-53
-49
-50
-41
-38
-32
-28
-25
-18
-13
-10
-6
-4
-4
5
5
7
9
3
15
14
18
25
23
24
31
35
38
37
34
36
35
30
26
27
27
24
24
21
22
22
16
19
9
7
10
2
-1
-5
-14
-20
-15
-20
-22
-17
-22
-28
-29
-28
-34
-38
-34
-37
-41
-38
-38
-35
-36
-26
-23
-18
-17
-24
-19
-27
-29
-32
-34
-32
-31
-19
-17
-20
-22
-14
-10
-4
-2
-5
-5
-11
-12
-14
-12
-10
-12
-13
-14
-18
-8
-5
-2
-4
2
-6
-8
-2
-8
-7
-9
-13
-19
-15
-13
-12
-11
-8
-2
-2
0
-3
-4
2
-1
6
4
2
3
6
4
2
3
7
9
11
16
20
21
17
20
19
20
22
26
33
29
29
32
40
44
44
43
46
46
49
46
48
53
54
65
60
70
76
78
82
79
79
77
76
74
73
72
68
71
74
72
70
70
74
82
71
72
68
63
58
51
48
44
41
39
42
37
42
43
36
39
32
27
20
19
9
2
-1
-3
7
2
2
6
1
1
-2
-4
-2
-3
6
1
-1
0
-3
3
2
0
1
6
10
2
5
2
0
-5
-6
-5
-3
2
3
6
3
5
7
1
-2
-4
-12
-9
-16
-18
-23
-23
-26
-21
-18
-17
-23
-33
-31
-38
-40
-43
-44
-49
-50
-48
-53
-49
-49
-49
-47
-43
-34
-35
-34
-37
-35
-32
-32
-31
-33
-36
-36
-26
-22
-18
-12
-7
-6
-2
-2
-2
-2
-5
-1
1
-1
4
4
15
19
14
19
18
20
25
27
25
28
26
26
19
19
20
17
16
19
22
18
26
20
15
20
12
7
11
10
12
24
17
15
16
14
15
18
12
11
8
7
5
7
3
-4
-9
-14
-5
-11
-12
-17
-17
-14
-17
-7
-9
-4
-1
1
7
3
3
2
-5
-7
-3
-1
-4
-8
-11
-11
-10
-9
-10
-2
-2
-1
-1
-4
-5
-9
-7
-5
-17
-20
-22
-20
-23
-29
-28
-18
-21
-30
-32
-34
-36
-42
-45
-49
-46
-43
-50
-51
-48
-53
-60
-62
-66
-65
-68
-68
-65
-67
-71
-66
-69
-65
-61
-59
-57
-54
-52
-47
-42
-48
-46
-44
-44
-41
-45
-41
-42
-44
-40
-41
-38
-32
-29
-28
-28
-34
-32
-34
-39
-41
-39
-33
-29
-19
-17
-16
-7
-15
-13
-6
-11
-7
-11
-15
-8
-5
3
9
15
14
12
10
18
21
22
22
23
27
25
30
28
32
32
33
41
45
43
41
43
45
50
51
47
37
31
29
22
18
19
18
16
17
14
14
19
9
7
2
-9
-8
-5
-5
0
-4
0
6
-1
2
-2
-2
-3
-11
-12
-12
-5
-11
-14
-8
-17
-11
-11
-4
2
4
7
1
2
4
-1
4
6
4
6
7
10
15
23
28
33
38
42
40
41
47
48
50
56
55
57
50
45
44
42
46
43
47
49
46
48
54
51
53
53
52
48
46
43
45
47
49
50
45
48
47
51
48
43
41
36
33
29
26
20
17
14
9
1
-4
-8
-10
-11
-11
-7
-8
-11
-7
-8
-7
-9
-6
-5
-11
-12
-10
-10
-7
-3
-2
-3
-3
6
9
14
16
15
17
24
23
30
35
43
43
41
38
33
33
31
35
38
38
34
35
40
34
39
44
39
41
41
30
24
20
19
14
5
5
4
5
4
-4
-5
-10
-5
-9
-15
-16
-22
-26
-28
-30
-33
-34
-34
-33
-32
-28
-31
-28
-27
-28
-29
-31
-33
-39
-42
-45
-41
-43
-43
-43
-40
-45
-49
-45
-44
-44
-46
-44
-41
-43
-51
-52
-49
-46
-45
-49
-49
-48
-45
-43
-42
-47
-49
-51
-57
-59
-51
-49
-52
-50
-52
-53
-51
-52
-55
-51
-53
-60
-60
-53
-49
-47
-51
-51
-51
-49
-54
-56
-57
-58
-57
-56
-55
-52
-46
-46
-44
-42
-34
-33
-30
-30
-35
-37
-34
-37
-36
-37
-38
-38
-40
-39
-32
-29
-28
-20
-20
-18
-19
-22
-24
-25
-25
-30
-29
-25
-15
-8
-7
-11
-11
-6
-1
3
-2
-6
-5
-4
4
2
-2
-1
-1
2
3
5
10
13
12
14
17
22
23
26
27
24
30
32
35
30
30
26
26
26
30
32
33
34
34
42
42
38
40
38
43
41
40
38
36
33
28
31
29
38
42
46
53
60
63
65
60
57
61
54
54
49
55
50
54
59
58
58
57
67
72
69
67
65
56
50
54
48
50
52
51
57
54
62
68
69
68
68
76
76
70
73
70
71
70
75
73
70
76
70
67
72
74
70
68
63
61
62
62
62
56
56
55
49
50
49
43
40
37
30
25
23
20
21
20
18
18
19
14
11
4
0
-3
-10
-7
-12
-13
-19
-15
-12
-14
-11
-8
0
-5
-13
-15
-16
-21
-27
-23
-27
-28
-29
-34
-31
-30
-29
-32
-30
-27
-24
-25
-25
-24
-26
-29
-30
-35
-40
-39
-31
-31
-30
-26
-27
-25
-20
-16
-18
-18
-21
-20
-25
-25
-24
-27
-22
-23
-18
-12
-13
-7
-9
-9
-7
-8
-7
-6
-11
-8
-8
-6
-5
-3
2
6
1
0
5
-2
-4
1
-3
-4
2
4
2
2
-2
-5
-3
-7
-9
-16
-20
-20
-29
-25
-26
-29
-28
-33
-31
-31
-39
-42
-47
-56
-58
-63
-67
-67
-76
-81
-84
-80
-77
-81
-80
-74
-70
-76
-81
-84
-81
-80
-82
-81
-82
-80
-79
-81
-72
-68
-60
-60
-52
-49
-48
-45
-47
-44
-42
-35
-37
-38
-37
-26
-22
-13
-12
-12
-13
-25
-29
-28
-24
-18
-15
-18
-17
-22
-18
-18
-8
-2
-9
-20
-27
-28
-33
-35
-36
-34
-28
-26
-26
-17
-15
-13
-9
-5
-7
-1
4
-3
-8
-15
-11
-9
-11
-10
-11
-8
-8
-7
-1
5
6
5
3
4
0
-3
-2
3
8
7
12
15
16
20
18
23
30
36
41
46
48
47
47
51
52
52
58
56
63
64
71
81
78
75
70
74
67
66
67
68
71
66
67
67
68
67
71
79
80
78
71
65
60
55
52
50
42
42
37
36
30
29
32
24
26
24
20
18
12
8
2
5
4
2
7
4
-4
-5
3
5
6
9
12
12
11
16
14
13
15
15
23
23
23
30
28
31
34
33
34
33
34
33
30
29
33
40
39
37
40
38
39
32
33
43
38
37
35
29
25
24
23
26
29
24
28
24
21
17
17
9
13
8
-3
-1
-13
-18
-20
-25
-23
-21
-21
-19
-26
-25
-24
-22
-23
-28
-31
-32
-34
-34
-39
-45
-38
-40
-40
-43
-33
-38
-43
-41
-41
-33
-31
-25
-20
-19
-15
-13
-16
-11
-13
-12
-8
-5
-5
0
-5
-4
-3
-9
-7
-1
0
5
7
3
2
-7
-10
-16
-17
-15
-19
-18
-14
-14
-14
-17
-17
-19
-16
-15
-13
-17
-21
-24
-26
-34
-33
-36
-44
-48
-56
-48
-50
-46
-44
-40
-43
-48
-49
-54
-49
-52
-49
-51
-46
-45
-46
-44
-47
-42
-38
-32
-32
-34
-30
-32
-32
-27
-28
-28
-28
-24
-22
-19
-14
-17
-19
-19
-19
-21
-20
-19
-15
-17
-13
-10
-12
-18
-16
-11
-12
-9
-9
-6
-2
0
0
3
6
10
13
17
10
11
9
1
1
-4
-3
5
1
0
-2
5
8
15
25
25
28
30
29
26
25
20
17
15
9
8
8
4
11
11
6
13
9
9
11
7
10
7
0
-7
-13
-15
-13
-16
-24
-29
-33
-28
-23
-22
-22
-23
-24
-23
-22
-23
-21
-24
-28
-26
-26
-24
-22
-25
-25
-22
-15
-10
-4
-3
-2
-1
-5
-2
1
5
6
12
17
18
27
32
37
39
39
43
52
57
64
62
63
65
65
67
67
73
81
83
84
84
84
79
77
69
63
63
60
62
62
69
67
68
72
69
68
65
61
54
51
51
50
39
38
34
31
38
37
41
41
40
36
34
31
27
29
23
22
24
22
21
22
22
24
27
24
24
26
20
21
21
16
13
7
10
5
8
13
12
15
7
9
6
2
-1
0
1
-4
1
-2
-1
-6
-11
-14
-11
-13
-10
-5
-11
-11
-14
-19
-24
-21
-16
-19
-18
-25
-25
-29
-28
-20
-19
-19
-16
-17
-17
-17
-18
-13
-11
-8
-8
-10
-7
-8
-6
-6
-8
-9
-9
-13
-11
-7
-2
4
8
13
10
9
5
-3
-5
-11
-4
-7
-8
-10
-10
-12
-10
-8
-6
2
4
11
12
12
7
6
3
5
8
-1
2
5
12
18
20
22
21
21
21
19
14
15
13
12
8
5
0
-4
1
7
1
1
5
8
0
-3
-6
-12
-11
-18
-25
-30
-33
-34
-36
-36
-37
-36
-40
-43
-39
-36
-35
-39
-39
-38
-36
-38
-44
-47
-48
-42
-37
-44
-47
-46
-53
-54
-57
-54
-53
-51
-48
-49
-45
-55
-58
-63
-68
-71
-72
-71
-68
-72
-75
-68
-69
-63
-60
-53
-56
-54
-46
-51
-54
-60
-60
-61
-61
-65
-64
-60
-61
-53
-50
-46
-47
-40
-41
-35
-38
-43
-35
-35
-32
-34
-33
-29
-21
-17
-14
-6
-3
2
8
6
11
13
14
13
20
19
21
25
19
18
17
23
20
29
32
26
27
27
27
28
32
32
25
25
26
21
22
24
25
25
26
27
26
29
36
33
31
30
23
22
18
17
21
23
20
17
20
20
27
33
38
44
45
46
49
45
41
43
35
42
43
48
54
60
60
62
64
53
48
51
53
54
52
49
46
43
43
39
38
40
39
40
40
39
42
37
33
30
30
32
33
30
31
34
29
29
32
30
33
33
29
25
22
25
20
16
18
25
24
29
30
28
29
28
30
27
27
18
21
14
16
19
22
24
22
28
23
25
16
14
17
13
7
5
4
1
7
6
17
17
19
18
11
12
6
3
-5
-13
-14
-12
-13
-12
-14
-14
-17
-17
-16
-19
-23
-22
-20
-19
-27
-26
-23
-21
-21
-24
-22
-20
-24
-23
-14
-12
-14
-14
-17
-25
-23
-21
-19
-16
-15
-17
-16
-16
-22
-32
-28
-28
-32
-26
-34
-34
-30
-29
-22
-23
-27
-21
-25
-27
-28
-28
-28
-28
-29
-31
-31
-31
-31
-33
-33
-31
-29
-30
-26
-29
-35
-40
-38
-39
-41
-44
-39
-34
-26
-25
-23
-23
-30
-27
-29
-30
-24
-20
-13
-7
-9
-6
-10
-15
-13
-18
-15
-13
-12
-11
-13
-9
-12
-13
-11
-9
-13
-17
-20
-19
-19
-17
-15
-21
-20
-15
-14
-12
-8
-9
-8
-9
0
-2
-8
-10
-16
-24
-24
-27
-32
-33
-38
-39
-37
-36
-36
-34
-34
-31
-30
-25
-27
-29
-26
-24
-25
-28
-21
-21
-17
-15
-16
-13
-11
-13
-10
-3
2
2
8
8
5
9
8
4
4
14
15
18
20
17
23
22
18
14
9
3
4
6
8
8
6
11
11
18
13
17
14
14
17
5
6
6
11
11
13
20
24
30
32
36
38
42
41
47
49
54
52
53
55
53
53
46
53
52
55
51
50
48
52
49
44
48
41
41
37
32
32
35
34
39
34
25
28
22
20
13
10
12
15
21
23
22
15
16
12
15
17
13
16
11
6
1
-4
-7
-11
-4
2
7
16
14
10
12
12
12
9
6
5
-3
-1
4
5
5
9
13
9
11
13
19
21
15
11
6
-2
-4
-2
-7
-13
-6
-1
0
2
3
4
5
8
2
4
5
2
-5
-3
-9
-16
-15
-12
-14
-14
-15
-10
-6
-12
-6
-1
-1
2
-2
-2
1
-4
-8
-9
-2
-3
-7
-4
-4
-6
2
4
4
8
4
10
11
6
0
0
6
7
6
2
0
-3
1
4
-2
0
7
12
7
1
0
1
-1
1
3
4
6
8
11
10
12
16
17
18
19
16
8
8
7
11
14
11
13
4
4
5
11
6
-4
3
7
6
5
9
8
6
6
5
9
8
3
4
1
-4
-4
-4
-7
-6
-5
-12
-8
-7
-5
-13
-18
-18
-22
-28
-31
-31
-24
-24
-28
-27
-37
-36
-35
-27
-25
-30
-34
-25
-18
-27
-21
-20
-22
-16
-16
-16
-12
-9
-7
-3
-4
-4
-7
-6
-4
-8
-4
0
4
2
5
6
4
5
3
1
0
-4
-4
-7
-13
-17
-18
-20
-22
-18
-18
-20
-26
-34
-38
-44
-48
-54
-60
-65
-64
-63
-65
-61
-65
-67
-62
-64
-68
-73
-71
-75
-75
-74
-76
-73
-75
-73
-70
-60
-56
-47
-45
-42
-38
-37
-36
-31
-23
-27
-25
-21
-17
-17
-14
-5
4
7
4
13
17
22
25
25
27
28
28
30
34
40
47
53
48
44
43
38
39
39
45
47
45
43
46
52
49
52
55
60
66
61
59
60
60
57
51
53
51
47
47
43
45
44
47
47
44
36
33
33
27
26
26
20
16
14
13
12
4
-4
-1
-2
1
0
0
2
-8
-8
-11
-12
-8
-13
-16
-19
-27
-31
-37
-38
-39
-35
-36
-38
-24
-22
-21
-22
-31
-33
-31
-25
-26
-24
-17
-14
-13
-11
-12
-6
1
2
1
0
-3
-2
8
-1
1
-3
-4
-5
-3
7
3
8
13
17
17
14
14
12
12
9
5
3
-3
-4
0
3
3
-1
0
-3
-5
-7
-7
-9
-7
-10
-11
-11
-13
-13
-11
-6
-5
-10
-7
-9
-8
-5
-8
-4
-6
0
6
9
11
18
23
27
29
38
46
49
57
54
53
54
59
63
64
64
65
74
82
84
79
86
84
79
88
80
80
72
70
75
78
73
58
52
59
63
54
40
29
29
21
18
8
5
5
-1
3
1
-4
-10
-9
-13
-23
-31
-35
-36
-39
-41
-45
-45
-49
-53
-52
-54
-50
-45
-43
-42
-50
-51
-53
-54
-52
-58
-60
-53
-54
-46
-40
-48
-41
-38
-31
-29
-31
-29
-28
-26
-29
-36
-38
-36
-34
-33
-29
-24
-23
-24
-22
-23
-23
-25
-29
-23
-23
-22
-24
-20
-20
-20
-18
-16
-16
-17
-21
-18
-17
-28
-33
-35
-40
-38
-38
-42
-37
-32
-29
-30
-30
-29
-30
-23
-18
-24
-29
-35
-41
-44
-44
-48
-42
-42
-40
-39
-36
-25
-22
-15
-12
-14
-11
-7
-16
-17
-19
-15
-14
-17
-16
-16
-9
1
4
3
9
9
8
8
8
9
4
6
7
9
11
14
16
13
16
20
22
20
16
19
20
14
20
19
16
13
14
16
9
8
8
12
17
21
23
21
16
21
23
20
21
17
19
24
19
11
6
10
16
21
15
15
18
17
23
19
12
15
16
12
11
9
1
-3
-3
2
0
0
3
4
11
11
11
13
8
2
-3
-7
-6
-9
-12
-15
-13
-10
-11
-12
-15
-10
-11
-9
-10
-4
1
-9
-4
-8
-14
-11
-5
1
-2
2
6
7
9
13
13
11
11
14
13
21
22
21
26
28
32
42
42
42
46
48
50
46
51
52
51
43
48
50
49
55
52
56
52
53
56
54
58
58
51
46
41
35
30
24
27
27
27
23
21
19
20
19
16
22
21
22
26
23
17
18
22
23
26
28
29
32
31
34
35
25
24
30
34
35
36
37
40
43
46
42
43
51
54
54
54
55
54
58
65
65
65
58
56
58
59
56
63
59
56
59
55
48
37
38
39
37
33
28
20
17
14
9
-2
-8
-7
-15
-16
-25
-32
-37
-37
-43
-52
-54
-55
-55
-53
-54
-67
-66
-71
-73
-71
-76
-74
-75
-74
-76
-79
-86
-86
-83
-89
-87
-87
-84
-78
-73
-68
-69
-72
-71
-69
-64
-55
-60
-59
-64
-64
-56
-52
-50
-48
-42
-37
-36
-32
-30
-31
-29
-30
-32
-32
-30
-35
-35
-37
-36
-32
-27
-22
-23
-24
-23
-20
-18
-18
-26
-31
-31
-36
-38
-39
-37
-35
-38
-32
-40
-54
-53
-50
-47
-57
-60
-64
-57
-57
-66
-65
-60
-49
-42
-40
-38
-38
-41
-40
-43
-41
-47
-46
-42
-44
-35
-33
-32
-33
-24
-22
-14
-8
-13
-3
1
3
-3
0
-2
-4
0
-1
11
16
17
22
23
25
28
24
23
23
22
28
30
34
26
23
22
22
23
21
18
20
23
24
28
28
22
24
25
24
27
25
19
4
-4
-7
-16
-18
-19
-12
-11
-17
-18
-22
-19
-12
-11
-12
-12
-13
-8
-3
-8
-9
-5
-6
-4
1
3
7
6
13
22
20
23
21
27
31
30
29
22
21
27
35
39
39
41
43
45
49
55
55
49
45
53
51
50
49
56
59
56
51
46
40
45
51
44
41
44
40
40
39
41
44
43
51
40
38
37
35
35
34
30
30
38
35
36
36
31
38
41
39
36
25
24
16
13
12
11
19
20
25
22
26
30
30
32
31
32
25
29
26
26
28
24
33
40
48
49
52
48
44
42
43
41
40
35
36
36
38
39
41
44
42
41
35
39
35
37
40
39
35
30
29
26
18
19
22
22
24
19
17
18
21
17
10
11
0
0
4
-1
0
-6
-5
-6
-3
-14
-12
-14
-19
-17
-24
-26
-20
-12
-7
-9
-13
-16
-25
-31
-40
-52
-45
-48
-42
-40
-39
-40
-42
-37
-45
-48
-51
-46
-42
-45
-51
-54
-51
-47
-46
-50
-53
-50
-46
-45
-43
-53
-56
-57
-57
-54
-55
-58
-64
-60
-60
-60
-57
-61
-60
-55
-59
-63
-61
-61
-57
-57
-60
-68
-69
-67
-70
-68
-65
-63
-69
-62
-67
-65
-59
-61
-61
-59
-56
-54
-60
-50
-42
-43
-37
-37
-31
-28
-25
-23
-25
-28
-29
-28
-25
-18
-15
-13
-18
-2
8
2
-1
-8
-9
-7
-12
-18
-19
-26
-21
-16
-13
-8
-7
0
3
-1
-3
-4
-2
-1
-3
-1
-5
-5
1
1
6
12
9
12
10
8
10
13
15
12
18
11
14
12
8
12
13
15
14
16
18
20
16
21
17
14
15
14
13
16
18
21
13
7
13
11
17
16
14
13
18
24
23
21
24
22
26
32
34
30
29
29
22
22
21
25
22
20
25
28
24
26
19
8
13
10
12
16
13
20
25
27
26
26
25
23
21
20
17
15
16
16
20
14
5
1
4
7
4
8
10
9
9
12
11
7
8
11
9
4
7
4
7
13
13
24
25
30
34
35
35
36
42
43
45
49
54
55
53
56
61
57
52
56
54
57
70
68
67
69
69
75
78
77
76
79
80
79
76
75
77
81
78
73
65
73
72
67
70
67
73
65
57
58
50
46
45
37
31
36
36
40
35
37
33
26
28
20
15
10
10
5
-3
-11
-14
-13
-16
-18
-19
-19
-25
-28
-37
-41
-43
-52
-53
-49
-51
-48
-43
-42
-39
-41
-51
-53
-48
-49
-45
-47
-45
-47
-51
-53
-55
-46
-40
-31
-29
-28
-30
-23
-21
-28
-30
-36
-31
-27
-26
-22
-22
-23
-24
-22
-23
-25
-24
-32
-37
-42
-42
-44
-47
-45
-41
-44
-45
-43
-42
-38
-43
-45
-47
-52
-54
-62
-60
-60
-58
-55
-52
-56
-57
-52
-54
-49
-48
-50
-54
-49
-40
-43
-45
-47
-49
-44
-41
-43
-44
-45
-40
-49
-50
-54
-52
-50
-47
-38
-36
-33
-26
-24
-23
-23
-29
-30
-20
-19
-14
-20
-20
-11
-6
-2
0
7
4
11
12
8
13
10
7
4
10
5
5
12
8
10
10
15
11
14
19
15
15
16
26
20
12
12
5
1
-2
-2
-9
-9
-7
-12
-14
-12
-12
-17
-11
-9
-4
0
0
-7
-11
-11
-13
-12
-14
-20
-25
-21
-19
-8
-8
1
5
8
9
5
12
11
14
13
16
11
14
15
15
18
10
17
22
27
35
38
41
37
34
33
24
30
24
23
20
16
22
18
19
22
26
33
40
35
35
39
50
48
46
43
34
29
23
19
13
19
19
24
25
26
19
15
26
25
25
25
25
23
15
15
5
-5
-5
-6
-1
1
3
4
2
7
3
0
-4
-10
-11
-3
-7
-9
-13
-18
-16
-22
-21
-19
-13
-6
-4
-3
-7
-6
-4
-10
-7
-7
-6
6
11
22
28
24
23
22
19
19
25
34
33
31
39
44
40
35
24
27
29
32
37
39
38
38
41
40
38
29
29
25
25
28
26
24
24
28
23
24
22
20
20
19
17
17
13
20
26
21
18
15
21
17
11
8
0
-2
-1
5
8
6
9
5
1
-3
-4
-11
-13
-13
-16
-15
-16
-8
-7
-7
-13
-9
-13
-10
-7
-12
-13
-13
-6
-1
-2
-9
-11
-16
-13
-2
1
-1
4
3
11
10
4
1
3
6
3
-3
-8
-13
-26
-27
-23
-24
-20
-22
-21
-25
-23
-26
-37
-39
-40
-38
-43
-46
-46
-46
-46
-46
-47
-47
-46
-40
-37
-41
-40
-41
-43
-40
-41
-44
-42
-35
-32
-30
-33
-35
-27
-23
-28
-27
-26
-29
-21
-17
-17
-15
-13
-11
-11
-12
-16
-16
-9
-13
-16
-14
-16
-18
-18
-11
-2
0
-1
5
3
-3
-4
-9
-7
-5
-7
-8
-10
-13
-17
-15
-12
-3
-1
1
1
1
4
9
9
3
3
8
6
5
3
5
2
2
9
9
9
8
7
9
13
11
12
10
11
11
7
9
6
-3
-2
-9
-9
-6
-7
-6
-9
-5
-6
-7
-9
-1
1
7
10
6
5
-2
0
-2
-4
6
7
7
11
7
10
8
8
4
1
2
5
15
12
13
13
9
8
6
-6
-12
-12
-11
-13
-15
-19
-22
-24
-26
-22
-21
-23
-18
-15
-18
-14
-19
-17
-16
-15
-18
-27
-27
-27
-24
-21
-23
-23
-18
-16
-15
-17
-23
-21
-20
-19
-11
-19
-13
-7
-8
-3
5
9
5
5
10
9
14
12
15
19
19
22
19
19
22
28
31
39
40
43
39
40
50
50
58
58
61
63
61
70
73
77
71
79
79
83
78
79
77
71
77
76
78
74
77
80
75
77
76
81
82
77
73
71
68
64
67
62
66
58
51
46
45
47
38
34
27
25
25
19
14
7
3
2
1
0
0
-3
-9
-18
-23
-30
-31
-20
-19
-19
-17
-19
-15
-13
-25
-31
-28
-19
-16
-5
-1
-5
-2
-7
-3
-3
-2
-6
-8
-2
-7
-3
-2
1
3
3
3
-1
0
4
4
1
0
-6
-7
-7
-13
-15
-18
-18
-23
-30
-31
-32
-26
-27
-34
-28
-34
-38
-35
-43
-44
-49
-54
-59
-63
-60
-52
-54
-55
-52
-53
-49
-48
-45
-50
-54
-54
-55
-46
-45
-49
-45
-50
-54
-52
-47
-48
-38
-28
-28
-23
-20
-20
-18
-19
-23
-22
-19
-8
-7
-12
-11
-8
-10
-13
-9
-15
-11
-9
-4
-1
-5
-8
-17
-17
-20
-24
-24
-25
-20
-23
-30
-24
-21
-25
-28
-31
-34
-33
-39
-43
-41
-47
-49
-47
-54
-54
-50
-54
-55
-56
-58
-54
-57
-56
-53
-42
-42
-43
-41
-40
-28
-34
-33
-34
-31
-24
-26
-20
-19
-16
-13
-15
-12
-15
-14
-7
1
1
-4
-4
-10
-12
-15
-13
-2
-1
0
3
2
1
-1
6
7
2
4
6
6
8
7
10
18
15
9
11
7
11
23
19
22
19
17
26
29
33
38
38
41
38
35
36
33
32
36
39
36
33
29
29
35
41
38
35
32
38
34
33
37
26
26
21
20
19
16
13
5
12
16
18
23
26
31
33
35
27
28
26
20
18
13
11
8
5
12
19
14
16
22
24
24
25
25
26
29
31
28
33
32
36
45
41
44
50
58
60
66
66
67
66
58
50
55
62
63
67
68
68
68
68
54
54
58
59
59
64
65
63
63
49
48
41
39
34
31
30
27
21
14
18
18
15
14
8
8
8
5
7
2
1
5
6
5
7
1
1
-1
3
5
0
-5
-5
-4
-8
1
3
1
5
3
0
2
-1
-4
-7
-7
-6
-8
-11
-11
-9
-8
-12
-12
-17
-14
-7
-7
-5
-14
-18
-20
-30
-35
-31
-33
-34
-33
-32
-34
-37
-41
-42
-44
-47
-49
-49
-54
-54
-55
-55
-54
-59
-55
-51
-56
-52
-45
-50
-54
-55
-46
-46
-51
-54
-62
-59
-54
-53
-51
-49
-52
-54
-50
-40
-37
-39
-40
-38
-38
-32
-28
-33
-29
-30
-26
-23
-18
-23
-21
-14
-14
-14
-11
-5
-10
-8
-11
-13
-12
-10
-16
-18
-22
-32
-29
-32
-30
-28
-32
-30
-32
-39
-32
-25
-23
-19
-19
-17
-15
-15
-10
-11
-10
-4
-1
4
2
3
7
12
9
11
18
19
26
18
23
24
23
20
24
31
28
31
24
22
22
22
17
19
27
33
33
40
41
40
37
27
27
21
20
17
15
12
9
11
8
4
6
3
7
13
9
12
2
4
-1
-6
-13
-17
-21
-30
-26
-27
-26
-24
-24
-23
-22
-28
-27
-24
-25
-24
-24
-24
-28
-32
-29
-27
-35
-35
-27
-26
-33
-28
-25
-24
-20
-14
-12
-10
-3
-7
-11
-14
-17
-12
-8
-5
-5
-4
-3
5
13
15
22
25
31
34
33
34
28
29
20
23
25
19
25
31
37
44
49
55
60
57
56
59
59
59
54
51
48
49
48
42
45
50
49
49
49
53
52
60
67
61
57
58
60
61
72
72
69
77
77
73
69
70
68
59
55
50
51
47
43
39
43
44
46
48
45
48
41
39
33
23
19
11
10
14
10
11
12
11
7
1
1
-2
-8
-10
-15
-17
-17
-21
-25
-26
-27
-24
-18
-29
-24
-22
-30
-29
-31
-33
-35
-33
-37
-39
-29
-24
-23
-21
-23
-14
-16
-20
-16
-24
-27
-32
-31
-29
-34
-29
-30
-30
-24
-25
-18
-14
-27
-27
-26
-33
-32
-31
-26
-18
-18
-21
-20
-25
-27
-18
-21
-22
-18
-18
-13
-8
-12
-16
-13
-15
-12
-11
-23
-22
-23
-21
-19
-19
-12
-12
-17
-17
-19
-16
-14
-20
-23
-24
-23
-22
-18
-13
-11
-10
-1
-2
-1
-1
-1
2
0
5
8
10
16
14
9
6
6
6
12
16
16
18
15
14
14
10
9
9
8
-2
0
5
2
2
-1
-5
-10
-7
-6
-5
-5
-5
-5
-3
-5
-8
-16
-17
-16
-13
-5
-4
-2
-3
-14
-18
-14
-18
-14
-17
-16
-17
-19
-20
-18
-15
-25
-29
-27
-26
-33
-40
-39
-44
-44
-40
-40
-42
-49
-47
-37
-31
-25
-24
-35
-34
-31
-28
-24
-27
-27
-29
-26
-37
-35
-28
-23
-23
-20
-15
-10
-5
-4
-1
-6
2
-7
-14
-16
-12
-12
-11
-4
6
8
10
7
3
0
-5
-7
-14
-15
-18
-17
-12
-11
-8
-8
-8
-4
-3
-4
-2
3
-1
-1
1
-4
3
1
1
-3
-2
0
9
10
8
10
11
19
16
17
12
16
24
31
37
30
26
29
17
17
18
11
10
7
14
23
23
29
29
24
28
25
25
27
34
36
38
42
33
25
29
28
40
40
43
48
41
48
45
45
42
44
41
42
44
48
52
54
54
56
59
57
64
63
60
52
51
45
44
49
44
45
43
39
35
36
34
26
23
29
31
30
33
31
29
30
24
30
27
24
19
16
12
3
2
-2
-2
-2
-3
-7
-7
-7
-2
-1
-4
3
3
-4
-4
-2
-4
0
0
-2
1
-7
-8
-13
-21
-20
-26
-27
-19
-15
-13
-9
-15
-20
-16
-20
-22
-19
-25
-24
-27
-30
-32
-37
-33
-35
-31
-31
-32
-32
-25
-17
-24
-27
-25
-30
-29
-38
-42
-37
-38
-37
-42
-41
-38
-29
-29
-28
-23
-25
-22
-26
-28
-37
-40
-39
-39
-42
-36
-32
-26
-24
-19
-10
-4
-7
-3
-6
-9
-8
-7
-1
-3
0
2
0
0
-3
1
8
5
12
7
7
7
6
15
19
22
26
22
17
20
15
5
5
4
0
-2
1
7
12
19
20
12
10
12
6
10
10
7
2
0
1
-4
-9
-9
-6
-6
-2
1
-1
2
0
4
-2
-4
0
-7
0
-5
-4
-8
-15
-13
-13
-11
-9
-14
-17
-23
-30
-29
-36
-37
-43
-39
-41
-42
-41
-44
-49
-45
-41
-53
-54
-59
-56
-52
-50
-53
-46
-42
-36
-38
-43
-43
-42
-41
-50
-45
-40
-30
-32
-36
-25
-24
-22
-16
-15
-7
-9
-15
-10
-19
-16
-17
-20
-11
-12
-10
1
6
10
18
17
18
11
10
4
-1
1
-4
3
-1
1
4
2
5
1
1
-1
-4
1
-3
-1
-6
-12
-13
-17
-23
-26
-15
-13
-7
4
-1
3
3
4
0
5
13
15
19
20
17
21
24
22
29
29
32
33
37
35
38
39
40
46
49
48
50
57
61
69
69
66
70
69
68
73
88
88
92
92
93
96
89
87
86
83
78
75
76
70
76
76
75
76
75
76
67
66
61
63
60
58
49
35
30
28
28
32
35
33
29
30
42
42
41
29
18
10
-3
3
-2
-4
-7
-1
-2
-3
-2
1
3
-5
-10
-17
-17
-13
-8
-15
-25
-24
-21
-15
-14
-19
-20
-15
-16
-23
-25
-24
-27
-31
-31
-30
-33
-32
-24
-23
-20
-17
-16
-9
-15
-20
-25
-32
-35
-32
-24
-23
-12
-5
-4
-2
-1
-5
-10
-5
-6
-9
-14
-15
-17
-16
-14
-14
-9
-6
-8
-9
-8
-8
-11
-14
-17
-18
-17
-22
-21
-20
-20
-16
-13
-12
-19
-22
-21
-26
-27
-23
-25
-30
-32
-41
-36
-33
-31
-31
-36
-32
-23
-19
-19
-20
-22
-28
-28
-26
-23
-15
-19
-14
-11
-8
-7
-7
-7
-11
-11
-7
-7
-2
2
2
8
7
10
10
8
4
3
-5
-9
-9
-14
-21
-22
-22
-18
-17
-12
-17
-28
-28
-33
-34
-40
-45
-60
-68
-72
-73
-76
-75
-71
-71
-69
-69
-61
-57
-59
-66
-67
-66
-71
-67
-64
-64
-57
-44
-40
-30
-22
-21
-19
-20
-14
-17
-13
-10
-5
3
4
4
10
16
18
17
20
15
14
14
14
13
10
17
15
20
17
15
20
16
21
16
16
11
9
8
4
8
-1
3
2
-1
7
11
12
12
8
2
6
6
1
3
0
1
-6
1
-3
0
4
3
2
4
9
13
13
13
15
12
18
17
21
27
25
20
25
26
29
31
27
31
28
26
27
28
29
25
27
23
20
20
24
18
18
20
17
17
16
20
17
13
17
29
29
34
32
28
30
32
36
29
32
30
32
32
30
30
25
30
32
31
33
34
46
47
45
46
43
41
40
44
44
43
52
53
50
48
45
45
41
38
35
37
41
41
44
40
30
28
27
23
20
17
9
5
8
6
3
-2
-5
-1
0
0
0
3
0
-10
-16
-17
-16
-17
-11
-8
-17
-17
-10
-2
-7
-7
-11
-7
2
3
7
2
-2
1
6
2
1
2
2
4
17
27
24
16
10
6
10
9
14
16
10
11
12
18
19
19
19
14
12
10
6
-8
-15
-15
-17
-19
-25
-29
-27
-24
-26
-22
-25
-34
-37
-41
-37
-36
-38
-33
-30
-23
-21
-24
-27
-23
-24
-24
-16
-22
-22
-26
-23
-20
-18
-14
-10
-8
-14
-11
-9
-9
-11
-10
-13
-8
-3
-2
0
-6
-5
-8
-12
-17
-5
-7
-12
-11
-11
-9
-17
-15
-13
-12
-6
-17
-19
-16
-13
-6
-17
-26
-35
-37
-35
-42
-49
-52
-56
-51
-46
-44
-38
-29
-25
-28
-26
-23
-22
-25
-27
-30
-24
-26
-24
-17
-16
-11
-14
-17
-12
-14
-15
-15
-26
-28
-35
-31
-31
-27
-24
-25
-16
-13
-8
-8
-1
-4
1
0
-6
-10
-10
-9
-15
-10
-16
-10
-6
-8
-10
-10
-8
-2
-8
-18
-13
-9
-8
-4
-5
-12
-15
-13
-8
-13
-12
-5
-5
-11
-13
-13
-15
-15
-15
-14
-13
-9
-7
-12
-13
-15
-14
-15
-14
-15
-14
-4
-6
-3
1
1
10
11
14
11
8
10
9
5
5
-2
-1
0
4
12
16
11
8
8
9
13
14
13
6
8
13
20
27
28
32
26
28
33
37
33
36
35
36
39
39
50
55
51
49
54
62
62
60
59
65
71
69
69
65
63
61
59
64
62
64
60
63
62
53
55
50
51
52
53
49
44
44
44
48
49
53
52
53
47
44
41
34
34
43
42
40
34
38
39
40
41
45
45
35
35
33
27
27
30
22
25
23
16
19
24
21
21
11
8
4
0
4
-3
-8
-14
-15
-17
-18
-18
-23
-23
-27
-27
-21
-26
-26
-42
-41
-39
-41
-35
-40
-37
-35
-35
-36
-29
-29
-32
-33
-39
-37
-34
-35
-39
-34
-37
-37
-36
-34
-27
-21
-16
-10
2
-4
-9
-10
-12
-9
-9
-14
-15
-12
-10
-14
-20
-19
-20
-12
-11
-13
-8
-8
-3
2
7
4
0
3
13
14
15
10
-1
0
0
-6
-8
-8
-16
-14
-16
-18
-12
-13
-10
-9
-8
-12
-21
-23
-24
-26
-24
-28
-27
-35
-39
-40
-42
-45
-39
-30
-35
-37
-42
-46
-44
-44
-44
-43
-49
-43
-39
-44
-47
-48
-48
-46
-44
-40
-44
-50
-52
-50
-54
-58
-59
-60
-56
-53
-56
-52
-53
-46
-38
-40
-36
-35
-25
-26
-32
-33
-22
-17
-12
-13
-19
-19
-21
-14
-16
-10
-6
-7
0
-1
5
14
15
23
21
17
12
15
18
18
19
13
9
7
14
20
26
26
23
18
18
14
11
4
2
2
4
14
14
17
17
23
26
22
18
19
18
16
9
4
2
-1
-1
-4
-5
-12
-12
-3
-3
-4
-11
-12
-16
-19
-20
-19
-18
-21
-16
-18
-15
-12
-7
-10
-7
7
5
9
5
3
7
4
-1
-5
-1
1
5
4
1
-3
9
17
23
19
15
20
19
21
17
16
16
31
38
41
42
50
55
57
61
62
67
62
68
64
61
60
67
81
78
75
80
82
83
80
77
84
81
79
71
64
58
55
59
56
55
52
54
56
56
54
53
46
46
45
37
26
18
14
11
7
4
8
7
3
-3
-5
-6
-10
-21
-23
-23
-19
-18
-20
-19
-22
-14
-6
-8
-9
-12
-11
-9
-8
-8
-11
2
4
6
5
3
9
9
7
0
-1
1
-4
-9
-9
-8
-12
-14
-9
-10
-9
-16
-14
-1
-5
-2
-4
-13
-21
-24
-25
-30
-36
-42
-38
-36
-31
-30
-36
-29
-33
-28
-39
-48
-47
-45
-44
-47
-52
-52
-49
-46
-52
-56
-58
-59
-47
-51
-57
-58
-59
-54
-52
-57
-56
-49
-46
-49
-46
-42
-36
-29
-33
-35
-34
-34
-33
-31
-32
-35
-22
-18
-12
-7
0
8
7
6
4
5
0
7
6
3
10
14
17
11
6
7
9
14
16
16
24
23
22
22
15
14
22
23
17
18
17
19
18
11
8
2
3
3
-7
0
0
-1
-4
-8
-7
-5
-2
-6
-15
-14
-19
-25
-27
-23
-21
-11
-11
-25
-26
-20
-11
-3
1
-1
4
1
-8
-11
-13
-12
-4
-2
-4
-2
-3
5
12
7
4
3
9
10
5
1
0
2
2
5
8
10
9
5
4
9
10
15
16
5
10
6
0
3
-1
-6
-5
-2
-4
-4
-2
-1
3
-11
-24
-28
-18
-15
-20
-23
-29
-25
-24
-26
-27
-26
-21
-24
-31
-36
-44
-47
-47
-46
-44
-43
-36
-32
-23
-24
-14
-3
-5
0
-5
2
12
7
13
16
22
26
30
36
34
39
45
52
56
52
57
63
73
71
78
80
87
95
93
97
92
91
91
84
91
99
101
101
99
96
93
94
97
97
95
96
96
91
85
81
81
73
72
69
60
52
41
43
32
18
22
14
13
11
8
8
8
0
-4
-3
-12
-18
-27
-36
-36
-37
-41
-42
-48
-46
-43
-47
-45
-53
-53
-50
-48
-49
-50
-52
-52
-50
-52
-55
-51
-39
-42
-39
-39
-38
-29
-17
-19
-23
-28
-27
-20
-25
-20
-21
-21
-17
-16
-10
-13
-17
-23
-31
-26
-26
-30
-17
-11
-5
-6
-13
-17
-15
-12
-11
-12
-10
-15
-18
-20
-20
-15
-22
-18
-18
-15
-12
-20
-24
-26
-30
-27
-32
-27
-27
-25
-20
-22
-23
-21
-15
-13
-16
-11
-17
-9
-3
-6
1
2
2
8
11
13
16
16
17
19
21
20
18
16
17
18
18
18
25
30
33
30
26
30
28
29
28
21
25
26
23
14
15
18
21
27
22
21
13
4
-1
-2
-2
-2
4
6
7
4
5
-4
-11
-10
-12
-9
-6
-6
-9
-19
-19
-17
-23
-30
-26
-20
-27
-26
-21
-26
-31
-35
-40
-41
-39
-37
-41
-39
-34
-28
-25
-28
-30
-28
-28
-28
-23
-25
-24
-21
-18
-13
-9
-17
-20
-17
-14
-10
-3
1
-2
1
0
-4
-5
-4
-1
-2
-5
-7
-9
-8
-12
-13
-20
-14
-11
-10
-6
-12
-12
-14
-11
-14
-12
-3
-2
-4
-4
-2
-2
-5
-8
-9
-15
-11
-12
-12
-10
-14
-13
-17
-20
-13
-3
-1
1
-2
-5
-8
-12
-11
-7
-13
-13
-11
-5
1
3
1
-5
-7
-10
-7
-6
-4
-13
-11
-7
-8
-3
3
9
7
20
23
24
29
23
23
20
21
33
40
41
37
40
37
39
45
40
37
35
38
44
50
45
43
44
43
43
37
44
43
45
43
34
28
23
21
21
22
26
24
21
24
19
19
13
14
14
12
10
3
3
-2
-6
-4
2
-4
-9
-5
-3
4
7
1
-1
-6
-9
-10
-14
-11
-7
2
1
4
-4
-9
-4
-12
-12
-6
-4
-7
-13
-15
-21
-20
-16
-14
-11
-13
-11
-16
-16
-16
-19
-20
-21
-16
-13
-14
-15
-13
-7
-8
-1
2
-1
-3
-4
-8
-13
-12
-17
-21
-14
-12
-11
-8
-2
-1
-1
-1
-11
-14
-17
-15
-13
-9
-10
-4
3
3
6
1
8
11
16
12
9
13
11
7
8
7
4
8
6
9
21
22
23
24
21
25
28
29
28
29
28
31
28
27
29
29
30
40
44
40
42
39
38
35
30
34
27
26
26
22
25
26
21
27
24
14
16
9
9
13
8
9
13
13
9
11
8
9
14
11
11
11
13
8
11
12
12
13
7
6
8
14
9
9
11
9
9
8
3
-4
-7
-15
-10
-13
-14
-11
-12
-10
-6
-11
-15
-21
-22
-25
-26
-22
-27
-23
-23
-28
-30
-27
-24
-28
-29
-31
-34
-35
-43
-43
-44
-47
-41
-47
-56
-51
-49
-50
-45
-46
-47
-43
-51
-54
-52
-57
-63
-70
-65
-57
-58
-58
-60
-55
-53
-48
-45
-47
-44
-43
-42
-38
-31
-34
-32
-32
-32
-34
-27
-20
-22
-12
-7
-8
-2
0
2
0
1
4
7
9
8
15
19
21
21
21
26
25
29
25
24
30
35
29
34
33
33
40
39
36
28
26
19
19
19
20
21
19
21
20
22
27
29
26
23
23
30
31
35
34
26
16
6
4
-1
-2
2
-2
4
4
-1
-3
-9
-11
-7
-4
6
5
6
5
4
4
-2
-7
-14
-11
-2
0
1
5
2
3
0
-1
-5
-6
8
8
8
7
11
13
17
19
14
21
21
25
27
30
26
21
18
13
10
21
20
23
25
21
22
19
20
13
12
9
10
12
6
10
14
19
21
29
32
28
29
24
22
10
3
3
1
1
0
1
11
8
7
5
-2
-4
-6
-11
-13
-8
-10
-8
-10
-16
-16
-16
-12
-15
-13
-7
-7
-4
-11
-14
-13
-11
-13
-10
0
7
9
15
18
21
31
31
29
26
24
29
28
28
29
30
29
33
34
37
39
43
47
46
42
37
39
26
23
30
30
31
29
31
26
28
33
33
33
30
26
24
23
21
24
17
19
23
28
37
31
27
24
18
10
18
15
3
2
5
3
5
9
8
3
-5
0
0
-8
-7
-6
-14
-17
-16
-22
-18
-25
-29
-16
-11
-12
-15
-14
-21
-22
-20
-14
-16
-10
-10
-14
-6
-10
-12
-14
-18
-10
-11
-13
-17
-20
-21
-28
-36
-36
-36
-36
-38
-37
-34
-41
-42
-46
-47
-50
-56
-57
-64
-71
-75
-80
-80
-79
-80
-77
-80
-82
-77
-79
-79
-78
-80
-77
-78
-80
-81
-82
-76
-68
-66
-61
-65
-73
-73
-77
-79
-83
-87
-81
-76
-74
-74
-72
-70
-63
-62
-65
-65
-62
-58
-53
-46
-43
-43
-41
-30
-34
-35
-27
-28
-22
-23
-26
-21
-13
-9
-4
-2
3
10
11
21
22
25
28
28
35
37
39
43
43
39
41
38
34
38
41
43
51
53
53
58
52
55
54
51
46
45
45
40
37
33
33
25
23
23
28
24
23
21
17
25
23
19
15
15
15
9
9
8
11
12
11
11
11
10
10
13
19
18
21
18
20
13
11
14
9
20
26
26
29
31
37
37
42
47
45
47
53
54
47
50
53
54
54
53
56
49
49
50
50
54
60
57
58
55
51
57
48
49
48
41
38
36
37
28
31
29
26
24
23
26
11
11
0
-1
4
2
2
3
4
-2
1
0
5
11
7
14
15
5
5
8
2
6
8
4
8
10
14
17
24
27
24
25
22
20
26
25
28
29
28
29
24
28
35
39
36
37
36
36
32
33
31
21
19
21
18
23
13
9
15
18
16
3
8
1
-3
5
-7
-6
-10
-17
-16
-15
-14
-15
-24
-27
-29
-32
-33
-40
-40
-40
-42
-41
-37
-34
-38
-43
-41
-38
-32
-33
-33
-36
-35
-31
-33
-32
-32
-38
-39
-40
-43
-36
-32
-31
-31
-38
-36
-34
-35
-34
-33
-33
-34
-29
-33
-35
-26
-35
-34
-35
-39
-33
-29
-27
-25
-26
-25
-16
-20
-17
-15
-18
-14
-15
-22
-25
-20
-24
-23
-15
-19
-22
-27
-32
-34
-29
-36
-30
-29
-27
-29
-34
-36
-34
-40
-43
-44
-45
-49
-55
-56
-58
-54
-53
-47
-42
-41
-44
-49
-50
-52
-58
-53
-53
-59
-59
-64
-61
-60
-59
-59
-63
-62
-58
-60
-59
-58
-58
-56
-50
-40
-41
-38
-35
-33
-26
-25
-32
-30
-23
-18
-14
-6
-7
-1
8
11
19
21
24
30
35
34
39
47
50
50
49
51
60
55
54
64
62
59
56
58
63
62
61
65
58
61
60
59
55
47
47
52
46
45
54
50
48
53
48
49
45
39
45
46
50
52
51
48
47
42
38
39
35
38
40
42
48
51
45
38
41
45
36
41
36
30
31
36
38
44
38
38
38
36
37
27
35
38
37
34
34
40
44
52
54
61
59
47
47
46
41
37
35
36
38
32
34
26
31
30
28
26
28
31
27
30
21
23
18
14
13
10
9
2
1
2
8
1
-4
-7
-14
-5
-4
4
7
6
8
4
4
4
2
2
1
1
-5
-10
-11
-16
-10
-11
-6
-5
-7
-2
-2
4
-4
-2
3
-2
-3
-4
-2
-5
-7
-7
-2
4
0
5
5
7
5
-1
3
4
6
9
12
12
15
24
25
17
16
15
11
9
11
16
17
24
22
25
21
25
29
29
30
31
14
2
4
-6
-7
-12
-16
-24
-23
-13
-15
-18
-19
-24
-22
-26
-33
-43
-47
-50
-59
-58
-63
-67
-69
-69
-67
-67
-66
-64
-67
-67
-64
-69
-74
-74
-68
-74
-68
-67
-64
-60
-62
-57
-58
-55
-49
-51
-48
-45
-49
-41
-39
-40
-44
-43
-45
-47
-42
-46
-40
-42
-36
-31
-26
-17
-12
-14
-21
-16
-14
-13
-8
-19
-21
-18
-21
-18
-24
-25
-28
-25
-26
-29
-25
-22
-27
-30
-35
-41
-44
-42
-39
-38
-39
-41
-40
-41
-38
-35
-35
-37
-39
-35
-35
-38
-40
-40
-35
-34
-36
-35
-33
-41
-39
-29
-22
-19
-15
-17
-18
-13
-14
-12
-17
-19
-17
-15
-16
-7
-7
-13
-4
-10
-8
-8
-5
-3
2
7
6
10
10
12
18
26
26
28
32
35
32
29
31
29
29
33
36
42
50
51
51
48
47
44
44
45
43
46
45
42
41
41
43
44
44
45
49
47
53
52
56
53
47
49
48
52
54
50
51
54
59
60
61
60
55
56
56
56
55
55
54
55
54
42
40
41
40
39
40
41
41
41
41
38
43
46
44
46
44
39
36
41
41
36
35
37
36
38
40
37
35
35
35
34
35
35
29
31
35
32
29
24
28
29
20
20
14
12
11
11
9
6
2
-4
-6
-15
-17
-27
-31
-34
-33
-34
-31
-22
-21
-16
-20
-28
-24
-27
-27
-28
-38
-43
-46
-46
-42
-39
-37
-29
-34
-37
-26
-21
-18
-13
-16
-20
-23
-18
-18
-17
-12
-16
-11
-15
-18
-14
-15
-17
-9
-10
-8
-8
-2
2
6
12
11
14
14
20
21
26
29
24
26
31
34
35
43
43
39
43
42
47
42
44
42
36
34
32
28
25
21
20
15
15
14
13
20
14
13
-2
-16
-20
-18
-25
-28
-30
-36
-32
-42
-41
-47
-47
-43
-47
-51
-51
-55
-57
-62
-66
-67
-76
-79
-81
-85
-77
-76
-77
-78
-77
-79
-79
-76
-76
-71
-71
-70
-64
-63
-59
-60
-59
-63
-65
-60
-48
-49
-45
-51
-61
-60
-62
-58
-58
-51
-46
-40
-36
-39
-34
-34
-28
-29
-27
-21
-25
-24
-25
-26
-17
-13
-12
-10
-4
0
4
10
13
14
11
10
9
5
-1
-1
-1
-6
1
-2
-2
2
-2
6
6
13
2
0
-11
-21
23
20
-22
-25
6
9
3
5
10
15
7
-5
17
30
-8
-21
7
22
21
9
10
29
47
40
28
38
43
34
23
23
28
33
28
29
37
33
34
45
50
48
40
44
46
46
45
41
34
30
34
38
45
40
41
43
37
38
35
34
41
46
42
39
38
38
24
24
34
34
35
28
25
28
26
24
26
23
21
23
17
14
18
19
24
24
29
29
25
26
24
18
18
20
21
19
20
24
30
33
33
38
29
33
38
33
35
34
36
36
36
40
38
43
41
38
36
37
36
38
45
40
41
47
48
44
46
47
47
46
41
43
42
39
37
38
37
33
34
22
26
32
34
37
31
35
33
30
23
17
22
15
11
14
8
6
3
0
-8
-16
-15
-24
-39
-40
-39
-38
-40
-43
-42
-40
-34
-30
-29
-28
-43
-43
-47
-49
-53
-58
-59
-59
-60
-57
-49
-41
-36
-37
-31
-33
-30
-29
-33
-31
-35
-39
-34
-30
-27
-19
-10
-11
-13
-11
-14
-10
-6
-9
-15
-17
-18
-14
-15
-19
-5
-4
-7
-10
-11
-7
-10
-10
-12
-15
-17
-16
-17
-23
-29
-32
-31
-30
-35
-47
-49
-45
-52
-59
-58
-56
-57
-54
-52
-51
-48
-44
-48
-51
-52
-54
-55
-61
-64
-66
-67
-64
-61
-58
-56
-46
-36
-34
-25
-18
-18
-17
-15
-17
-17
-12
-15
-16
-16
-12
-6
-10
-9
-7
-7
0
2
6
9
3
5
8
12
15
12
11
12
13
22
17
11
19
19
15
5
10
5
0
-1
1
-2
-13
-6
-1
-2
-6
-12
-15
-15
-19
-18
-18
-21
-14
-20
-20
-17
-23
-22
-24
-23
-19
-12
-16
-27
-21
-26
-18
-15
-20
-23
-19
-14
-14
-3
3
-3
-5
-5
-8
3
8
7
11
15
16
17
20
26
28
30
37
38
45
46
48
48
51
55
59
59
58
57
61
63
59
58
54
58
51
53
57
55
61
66
70
74
80
77
69
65
62
52
53
46
37
41
38
46
47
47
55
58
57
49
48
48
38
25
23
20
19
21
19
13
12
14
13
4
0
-6
-3
0
-2
-7
-22
-25
-25
-26
-23
-28
-33
-32
-40
-37
-33
-26
-26
-24
-27
-26
-29
-34
-35
-33
-24
-35
-35
-31
-37
-36
-38
-45
-42
-46
-39
-36
-33
-31
-30
-28
-31
-22
-22
-18
-21
-20
-14
-19
-11
-3
4
6
8
7
-2
1
2
3
3
-5
-10
-13
-8
-1
1
1
3
5
8
0
0
-1
-8
-9
-18
-18
-26
-28
-22
-19
-22
-27
-27
-25
-20
-15
-15
-12
-19
-14
-8
-11
-6
-3
10
8
17
13
15
19
18
19
12
5
8
15
10
17
19
25
33
26
23
20
14
14
14
19
14
13
10
7
8
-2
3
2
1
-1
-2
-1
-3
-5
-6
-7
-11
-14
-15
-14
-11
-6
5
9
10
5
4
4
-8
-9
-7
-12
-11
-2
-4
-6
-7
-8
0
5
8
7
6
1
-3
-4
1
2
-3
-5
-1
0
1
2
-4
-6
-13
-14
-13
-11
-14
-9
-7
-6
1
6
5
2
0
-3
-11
-15
-21
-21
-18
-14
-13
-9
-8
-8
-8
-8
-4
-2
-3
-8
-13
-19
-20
-27
-28
-27
-27
-23
-20
-14
-13
-13
-14
-9
-6
-6
-11
-10
-12
-14
-18
-16
-2
-4
5
7
12
5
7
10
14
13
13
11
8
17
17
21
16
10
14
16
17
16
12
24
6
19
26
12
21
20
26
32
21
24
28
19
27
24
26
21
19
32
18
24
24
19
18
7
7
11
4
7
10
4
2
-5
-7
-6
-8
-10
-3
0
-1
-2
-7
-9
-19
-22
-19
-26
-30
-34
-27
-33
-36
-29
-29
-30
-39
-35
-28
-28
-18
-13
-22
-18
-20
-22
-18
-21
-12
-20
-14
-8
1
9
11
7
10
13
11
16
1
4
-1
-6
-3
-7
-3
-7
-10
-7
-7
-8
-8
-4
0
1
3
3
3
0
-5
-12
-17
-17
-9
-10
-13
-4
-3
4
6
8
9
4
12
6
5
1
-5
-7
-10
-10
-10
-3
5
7
15
14
14
20
17
22
21
24
30
33
29
25
25
29
26
31
36
32
41
42
47
50
42
39
37
36
51
44
42
39
40
-23
-54
10
-7
27
58
30
17
41
48
79
91
62
59
71
102
83
101
78
65
108
83
93
90
92
82
69
69
59
52
37
26
7
-3
-16
-4
8
6
7
6
5
-14
-16
-9
-9
-8
3
15
33
39
17
4
-4
-9
-2
3
23
24
19
13
0
-14
-29
-24
-17
-19
-14
-18
-35
-27
-47
-40
-60
-19
-111
-125
-17
-53
-55
-34
-56
-107
-56
-44
-20
5
-7
-41
-6
24
-27
15
-15
-22
41
30
27
36
43
3
0
6
6
0
-17
-6
-24
-30
-34
-40
-37
-55
-63
-51
-53
-68
-65
-59
-57
-44
-27
-25
-25
-17
-19
-23
-30
-23
-40
-41
-26
-39
-42
-39
-47
-61
-64
-63
-59
-55
-59
-68
-83
-90
-95
-73
-59
-47
-27
-30
-42
-45
-49
-48
-31
-30
-13
-4
-8
-9
-4
-16
-14
-2
4
12
25
29
28
29
16
11
12
8
-3
4
10
10
11
2
10
15
5
13
19
-1
0
15
3
-2
-2
-9
6
9
3
3
-8
-12
0
-7
-27
-12
-34
-39
-38
-53
-48
-33
-38
-59
-49
-62
-47
-46
-47
-39
-35
-38
-37
-17
-23
-35
-27
-21
-17
-1
5
10
11
11
1
10
12
-5
1
13
7
13
31
41
39
41
47
41
48
48
42
48
43
41
50
51
44
42
40
31
35
38
34
39
48
46
52
49
45
40
24
18
18
17
3
-1
2
-8
-6
-7
-5
-6
-12
-19
-20
-16
-15
-12
2
-1
-7
-5
0
2
-13
-2
3
-2
2
6
12
16
26
30
23
29
25
25
28
32
22
9
15
30
41
43
44
42
54
51
52
47
29
30
35
40
55
62
55
51
50
62
59
46
36
46
48
37
44
50
39
40
43
34
38
31
35
46
46
30
36
34
18
27
24
10
18
15
12
24
9
7
18
15
8
16
21
20
27
18
15
24
29
22
31
21
1
15
10
-6
-12
-11
-16
-5
-5
-14
-6
-2
5
15
11
3
14
16
1
-20
-25
-20
-20
-22
-25
-14
-24
-33
-24
-16
-19
-32
-36
-35
-40
-38
-23
-26
-33
-47
-58
-53
-60
-49
-41
-46
-42
-41
-32
-40
-47
-49
-49
-37
-40
-49
-45
-61
-65
-57
-68
-69
-60
-48
-44
-42
-55
-73
-61
-47
-51
-54
-78
-88
-91
-88
-84
-94
-104
-96
-79
-73
-78
-73
-81
-90
-72
-63
-65
-64
-63
-66
-71
-78
-72
-55
-45
-43
-36
-32
-36
-30
-35
-42
-39
-31
-5
7
11
3
-4
-2
-5
4
11
27
33
33
37
39
46
50
59
58
55
44
56
59
42
50
57
55
62
75
64
52
64
61
59
61
58
51
53
50
50
56
57
50
38
41
43
43
30
33
27
23
22
17
22
19
10
12
14
6
-16
-25
-17
-15
-11
-27
-17
-4
-12
-11
-12
-18
-33
-29
-14
-12
-23
-30
-25
-23
-32
-34
-27
-22
-19
-6
5
-1
-10
-10
4
14
14
9
7
11
9
11
2
8
10
9
26
31
26
28
28
19
29
33
25
27
26
24
22
26
20
17
14
10
10
0
5
16
14
15
10
10
34
35
30
25
14
28
30
31
28
27
26
27
40
43
40
47
43
46
49
37
31
38
41
42
46
37
42
43
35
46
55
46
57
59
53
51
65
66
60
75
64
57
67
66
35
36
53
55
71
60
29
28
38
31
37
46
47
40
32
21
10
3
-4
14
37
21
12
12
7
8
0
3
10
13
12
12
11
2
-1
-2
1
5
9
6
-10
-8
-13
-23
-14
-13
-17
-11
-4
-14
-24
-30
-38
-27
-31
-37
-41
-44
-44
-43
-42
-48
-31
-37
-48
-40
-35
-42
-47
-39
-44
-39
-46
-53
-65
-66
-62
-70
-63
-50
-60
-59
-51
-75
-66
-56
-65
-62
-58
-48
-59
-57
-49
-51
-50
-59
-44
-39
-45
-28
-28
-26
-20
-17
-9
-11
-12
-13
-12
-20
-28
-27
-27
-31
-23
-22
-35
-42
-59
-59
-48
-41
-35
-41
-38
-37
-31
-33
-39
-38
-46
-44
-45
-56
-66
-65
-54
-41
-35
-24
-27
-47
-48
-51
-60
-61
-49
-37
-34
-29
-30
-34
-23
-36
-36
-25
-21
-12
-12
-12
-11
-10
0
16
22
26
26
27
28
29
30
39
46
43
36
41
36
32
44
51
58
48
41
39
41
44
36
36
50
58
34
22
7
3
6
6
14
25
17
11
13
24
-8
-42
8
21
-13
-11
-7
-48
-31
-3
-13
-6
1
-23
-7
-1
-37
-21
-2
-2
5
13
-5
-22
3
7
-9
-6
-5
1
2
-4
-23
-25
-9
7
18
11
3
-3
0
-11
-14
5
-3
-7
21
31
29
27
21
18
27
28
13
10
25
32
30
37
38
29
24
24
36
33
37
45
40
34
23
34
40
41
49
48
35
21
12
20
30
37
33
31
29
9
-4
-3
-11
3
19
26
36
18
4
0
15
31
41
40
18
10
14
7
-5
4
9
28
43
30
23
11
24
26
33
22
7
22
10
5
8
10
13
27
19
11
25
20
25
36
35
34
31
39
38
22
11
1
14
11
8
16
22
37
40
38
32
30
25
24
17
25
41
38
41
24
18
16
16
27
30
21
9
19
20
16
5
-10
-3
4
1
-3
4
-13
-21
-26
-34
-21
-30
-30
-20
-22
-26
-25
-29
-29
-27
-20
-15
-15
-17
-34
-23
-20
-28
-23
-26
-39
-42
-37
-36
-30
-25
-34
-33
-23
-22
-29
-36
-45
-59
-56
-46
-47
-43
-41
-44
-36
-31
-41
-42
-32
-46
-51
-49
-55
-45
-41
-55
-42
-29
-35
-35
-36
-50
-50
-39
-36
-25
-19
-31
-27
-21
-24
-23
-22
-14
-3
1
-18
-18
-12
-32
-24
-16
-24
-7
7
-5
-16
-21
-43
-30
-18
-16
-22
-29
-28
-31
-30
-41
-35
-25
-25
-21
-12
-19
-17
-12
-8
4
4
10
3
2
8
8
12
10
17
35
44
45
48
39
34
24
4
10
13
7
3
0
11
10
12
19
28
43
18
7
14
-1
0
10
10
17
23
22
16
15
13
-1
12
18
8
23
22
-3
-11
-15
-22
-10
6
6
-6
4
-4
-24
-27
-21
-16
-1
6
0
-2
-16
-17
-16
-5
7
17
10
-3
-14
-10
2
16
28
18
19
11
8
8
5
1
4
23
32
23
10
-1
-22
-16
-1
0
9
19
10
3
13
8
9
21
21
10
11
14
10
14
14
29
38
50
45
31
22
17
11
5
7
12
18
21
32
24
25
24
11
20
30
27
24
22
17
9
9
20
19
30
33
8
8
10
26
33
31
34
28
16
7
10
19
11
15
37
35
41
56
63
59
62
69
54
65
56
54
57
56
69
72
68
58
54
41
47
54
55
58
48
39
41
29
21
16
17
14
18
20
13
13
-3
2
6
8
9
9
14
0
2
12
11
-5
-10
-11
-4
-2
-10
-8
-22
-30
-30
-16
-9
-7
-5
-17
-15
-17
-26
-23
-9
-9
-11
-12
-28
-34
-31
-29
-20
-17
-15
-12
-12
-18
-19
-19
-10
-13
-18
-21
-23
-27
-46
-47
-57
-52
-32
-33
-36
-39
-57
-64
-67
-67
-62
-57
-56
-60
-70
-81
-84
-74
-68
-61
-39
-50
-54
-50
-58
-67
-57
-50
-39
-44
-52
-50
-44
-41
-49
-36
-28
-20
-15
-27
-29
-25
-18
-14
-13
-21
-32
-24
-11
2
9
9
10
7
15
18
3
2
4
7
16
18
17
17
6
4
18
16
3
2
22
22
17
20
12
8
2
-3
-8
-11
-16
-20
-11
-12
-16
-13
-14
-15
-11
-26
-30
-25
-25
-15
-16
-8
-10
-15
-16
-9
-11
-5
9
7
6
10
11
-5
-4
-1
8
8
1
-5
-12
-12
-19
-15
-11
-6
3
12
0
-9
-24
-33
-19
-26
-28
-29
-22
-21
-19
-17
-29
-24
-7
7
14
9
-10
-30
-23
-23
-22
-20
-23
-19
-3
-3
-9
-3
0
-4
-4
3
-5
2
2
10
26
18
2
-3
1
5
22
19
5
5
6
25
39
29
20
13
14
19
30
19
3
1
9
15
14
18
6
0
6
2
0
6
10
20
28
21
17
15
28
43
51
50
36
37
27
11
7
21
40
44
50
44
36
36
36
34
35
29
23
29
39
39
33
33
34
40
41
44
48
42
39
32
40
54
58
56
72
77
45
43
40
40
64
74
67
71
80
75
82
84
67
71
77
59
60
40
21
40
57
60
55
47
37
42
31
11
-4
-8
-9
-1
-1
-20
-20
-20
-30
-18
-16
-18
-18
-15
-14
-7
-7
-27
-15
-10
-26
-30
-35
-46
-32
-14
-25
-23
-18
-23
-2
19
5
-22
-42
-38
-30
-15
-17
-44
-49
-57
-48
-23
-28
-24
-26
-26
-27
-26
-22
-29
-29
-28
-15
-12
-19
-30
-31
-28
-22
-18
-12
-14
-30
-25
-30
-29
-28
-29
-28
-20
-11
-25
-37
-46
-50
-48
-35
-23
-24
-36
-46
-36
-37
-26
-15
-10
-17
-17
-24
-29
-24
-31
-30
-22
-16
-38
-39
-29
-26
-27
-35
-38
-41
-26
-23
-22
-15
-22
-22
-22
-12
-16
-7
-13
-22
-31
-32
-24
-11
3
-16
-20
-22
-23
-15
-11
-9
-14
-9
-2
-6
-18
-19
-24
-25
-15
-18
-17
-21
-19
-21
-18
-12
-17
-17
-17
-22
-25
-20
-15
-13
-12
-19
-23
-13
-10
-12
-15
-13
-13
-8
-8
-13
-19
-15
-12
-10
-9
-11
-13
-15
-15
-24
-25
-18
-15
-1
3
-4
-5
-6
2
5
5
0
-2
3
18
24
25
34
36
34
25
17
12
12
13
18
15
0
-8
-3
-1
4
21
22
22
26
27
22
14
11
4
11
5
5
5
17
31
42
41
28
28
23
29
30
27
18
15
20
32
35
38
47
43
45
55
54
44
35
30
32
36
46
38
30
25
24
22
33
43
46
53
45
53
51
38
36
24
25
35
36
36
32
25
23
34
33
33
26
25
28
26
32
31
23
28
38
31
40
48
50
53
59
48
41
48
42
35
34
36
37
46
45
44
41
32
27
32
44
47
42
40
44
43
42
41
33
38
36
39
52
55
50
44
44
35
29
27
21
25
30
37
38
25
18
24
30
18
6
3
3
4
8
6
9
8
-1
7
1
-19
-32
-31
-29
-27
-30
-36
-23
-21
-26
-32
-40
-39
-34
-22
-22
-18
-28
-44
-49
-40
-32
-34
-39
-41
-38
-45
-48
-52
-47
-43
-50
-51
-50
-55
-52
-48
-54
-55
-58
-55
-52
-54
-58
-64
-58
-48
-43
-39
-39
-55
-65
-67
-74
-63
-52
-51
-48
-54
-68
-72
-68
-68
-60
-53
-65
-67
-74
-75
-64
-48
-40
-37
-26
-23
-30
-37
-43
-51
-43
-35
-26
-24
-25
-28
-30
-22
-16
-16
-11
-14
-20
-32
-38
-34
-24
-13
-14
-17
-16
-19
-22
-21
-11
-1
10
19
14
7
-4
3
15
16
17
8
0
-3
-1
-2
-3
0
-3
-2
-1
-3
-9
-16
-19
-16
-11
-4
-5
-15
-16
-20
-6
1
3
9
7
5
7
9
4
6
0
8
17
22
15
4
12
9
17
21
31
34
30
21
18
17
19
30
27
23
8
9
19
24
17
10
17
22
33
34
23
9
9
9
10
11
6
12
10
11
3
-4
-4
9
23
21
17
10
-1
-5
-7
-13
-16
-22
-20
-16
-21
-26
-26
-29
-27
-28
-23
-23
-21
-12
-11
-19
-22
-20
-17
-4
2
-1
1
7
15
14
18
20
27
23
23
32
34
31
33
40
40
45
30
18
17
24
38
48
54
50
50
48
56
58
59
59
52
66
70
67
59
51
55
63
68
64
60
47
42
48
50
43
36
36
30
30
24
20
14
13
9
11
12
15
14
8
15
10
12
10
15
19
10
3
-2
-5
-3
-4
-7
-17
-20
-22
-31
-31
-30
-27
-18
-18
-26
-29
-21
-19
-21
-19
-20
-17
-22
-22
-21
-23
-21
-19
-17
-9
-1
2
0
-4
2
8
9
5
2
9
12
17
19
22
17
6
14
11
4
0
-1
6
9
10
13
9
8
5
-6
-14
-21
-21
-11
-5
-7
-16
-18
-26
-24
-26
-31
-28
-33
-35
-46
-43
-42
-42
-44
-46
-44
-45
-44
-52
-54
-51
-49
-51
-47
-43
-44
-43
-43
-44
-38
-29
-29
-23
-29
-27
-27
-28
-24
-14
-12
-7
-10
-20
-18
-20
-18
-21
-17
-12
-8
-6
-9
-6
3
4
1
8
11
9
11
9
5
8
6
15
15
11
18
13
8
6
9
8
15
21
10
10
4
5
7
8
9
11
7
4
3
8
10
9
6
4
6
4
7
9
5
5
7
9
10
12
14
9
12
11
14
16
11
8
5
-6
-6
-8
-7
4
4
10
10
10
11
3
8
8
11
16
10
12
11
6
2
1
12
21
22
19
13
12
11
7
6
6
14
20
16
13
14
12
7
7
10
7
-2
-5
-7
-14
-16
-26
-30
-26
-31
-26
-33
-42
-39
-37
-41
-30
-26
-34
-33
-36
-40
-37
-37
-35
-31
-33
-35
-39
-41
-43
-39
-31
-38
-34
-26
-24
-27
-26
-23
-25
-26
-35
-26
-26
-24
-26
-33
-26
-21
-3
5
7
8
1
7
13
17
13
12
12
8
11
10
15
14
14
18
17
19
15
27
33
32
37
34
39
44
42
39
38
41
35
34
35
37
32
30
29
27
25
28
22
19
23
12
7
6
11
12
16
13
20
25
20
22
16
14
11
19
24
21
20
27
25
26
30
28
31
36
38
38
35
36
37
41
43
32
32
31
28
32
36
33
33
33
34
34
29
27
28
31
38
34
30
36
35
33
30
23
25
26
21
12
15
14
15
19
20
19
21
20
12
6
6
13
10
6
-1
-1
-3
-5
-1
1
-2
3
3
3
1
-10
-7
-12
-12
-9
-8
-9
-15
-16
-13
-16
-11
-14
-16
-12
-16
-21
-26
-27
-31
-36
-38
-40
-40
-49
-49
-43
-45
-47
-46
-53
-50
-47
-41
-36
-41
-42
-36
-31
-34
-32
-31
-29
-36
-33
-31
-37
-31
-31
-24
-21
-17
-11
-9
-11
-6
3
7
10
15
16
16
21
14
18
23
20
29
30
32
41
39
41
38
38
34
27
26
19
22
23
20
17
13
12
11
10
10
6
4
3
3
7
11
12
8
6
5
6
4
-4
-4
-13
-20
-21
-20
-21
-28
-29
-34
-33
-32
-27
-23
-20
-16
-24
-29
-28
-29
-30
-28
-25
-21
-24
-24
-22
-21
-22
-20
-17
-17
-20
-23
-23
-19
-22
-22
-20
-24
-25
-24
-24
-30
-33
-37
-40
-35
-31
-32
-29
-33
-34
-36
-37
-35
-40
-39
-38
-39
-38
-36
-31
-36
-38
-37
-43
-44
-48
-49
-46
-45
-43
-47
-53
-55
-58
-60
-60
-58
-63
-60
-62
-62
-47
-38
-32
-31
-27
-23
-30
-35
-35
-32
-34
-30
-20
-21
-22
-16
-6
-2
0
3
4
5
10
11
14
11
13
19
27
24
21
25
24
32
34
33
36
34
40
40
39
39
44
43
37
36
39
44
40
39
45
42
50
47
39
38
44
48
42
46
41
40
45
46
47
49
47
51
54
48
45
42
49
52
55
60
55
59
57
56
62
60
60
58
53
47
48
48
54
60
66
69
67
66
59
54
49
48
50
46
44
49
48
44
50
56
48
45
46
40
39
40
35
32
31
27
27
23
12
11
12
12
16
19
20
19
18
20
16
10
13
9
7
8
4
8
-1
-5
-7
-16
-17
-18
-16
-13
-13
-15
-14
-10
-12
-11
-5
-8
-10
-14
-24
-27
-30
-32
-28
-31
-21
-15
-13
-6
-5
0
-2
-10
-12
-20
-22
-25
-28
-24
-31
-38
-35
-35
-34
-33
-37
-39
-44
-46
-46
-46
-48
-50
-54
-58
-55
-53
-53
-53
-52
-47
-47
-43
-34
-32
-29
-33
-34
-36
-39
-28
-18
-15
-10
-7
1
-1
-2
-4
-4
2
-3
3
4
9
13
7
15
18
16
14
15
11
9
12
7
5
9
9
9
5
-3
-8
-12
-5
2
-7
-11
-20
-23
-26
-34
-32
-31
-25
-23
-19
-19
-22
-27
-35
-31
-27
-25
-27
-24
-30
-31
-29
-28
-20
-14
-11
-11
-18
-25
-24
-15
-18
-18
-16
-23
-20
-27
-20
-14
-15
-8
-6
-3
-8
-17
-20
-22
-18
-16
-18
-18
-21
-23
-23
-24
-21
-19
-20
-18
-20
-22
-21
-22
-27
-28
-27
-22
-23
-25
-27
-22
-22
-26
-25
-21
-22
-25
-21
-20
-13
-18
-19
-21
-19
-17
-11
-6
-6
1
-3
-1
0
-2
4
-1
2
-5
0
4
8
17
19
22
17
26
24
27
26
27
30
28
34
31
34
30
37
36
34
37
38
41
36
30
20
22
28
26
25
24
27
25
22
22
26
22
22
20
17
20
19
21
21
18
25
34
34
37
36
37
35
39
45
44
47
46
53
56
58
59
67
74
77
86
83
80
83
79
79
77
73
74
71
68
66
61
63
62
64
65
60
59
55
50
43
37
31
30
24
23
22
19
8
6
6
6
3
-2
-8
-12
-27
-16
-3
-4
-1
-11
-5
-8
-20
-25
-19
-19
-23
-23
-24
-24
-18
-18
-17
-9
-7
-2
1
-6
-5
-8
-10
-8
-9
-3
-8
-5
1
2
5
3
1
6
6
5
1
4
-5
-6
-3
-10
-3
-3
-7
-9
-20
-23
-24
-26
-25
-26
-23
-23
-26
-17
-22
-25
-30
-30
-24
-33
-31
-30
-27
-33
-28
-32
-39
-39
-39
-39
-37
-36
-40
-37
-35
-34
-30
-25
-24
-20
-20
-17
-16
-11
-8
-7
1
-1
-4
-3
-7
-12
-12
-9
-7
-7
-5
-3
-3
-3
0
4
7
2
4
2
2
3
2
-6
-10
-8
-4
-3
3
-1
-5
4
-1
-6
-10
-16
-17
-18
-23
-25
-27
-31
-37
-32
-28
-33
-35
-36
-33
-36
-43
-38
-32
-31
-38
-32
-32
-29
-27
-28
-19
-28
-23
-30
-32
-35
-44
-38
-42
-46
-48
-47
-54
-47
-51
-55
-52
-51
-54
-63
-63
-61
-71
-79
-82
-81
-73
-68
-65
-73
-66
-68
-76
-68
-66
-70
-64
-59
-57
-59
-48
-42
-39
-32
-34
-31
-27
-23
-21
-15
-21
-16
-12
-16
-15
-15
-7
0
6
11
16
18
27
31
33
33
30
30
26
32
43
45
48
52
52
52
46
52
52
45
46
44
44
43
41
43
40
43
43
45
44
46
47
43
49
47
47
42
50
46
43
48
46
44
40
41
37
38
39
38
47
51
49
52
51
53
56
55
56
56
56
52
51
53
50
50
45
55
52
52
55
56
55
56
60
54
57
53
54
55
50
49
51
50
47
44
45
48
54
59
55
56
44
38
38
34
31
32
24
22
22
16
12
13
16
14
13
6
6
10
2
3
5
3
4
2
7
1
-4
2
3
-1
-4
-2
-3
-8
-9
-9
-11
-14
-16
-12
-19
-15
-14
-13
-8
-4
1
-4
-7
-11
-8
-9
-1
-1
-5
-2
-2
1
5
5
2
1
2
2
4
11
10
15
15
13
11
9
7
8
6
6
7
9
6
8
12
20
18
19
22
24
30
29
30
25
16
14
12
9
2
-4
-1
2
2
4
7
12
11
8
9
4
0
-9
-7
-8
-10
-10
-13
-20
-21
-25
-31
-32
-38
-41
-47
-52
-54
-58
-65
-75
-69
-72
-77
-76
-82
-85
-89
-87
-85
-88
-94
-93
-90
-93
-93
-94
-93
-90
-93
-81
-81
-85
-82
-91
-95
-94
-94
-92
-87
-80
-76
-67
-70
-70
-71
-71
-68
-59
-57
-60
-58
-57
-58
-59
-54
-50
-42
-43
-39
-36
-41
-39
-36
-38
-45
-50
-50
-50
-47
-44
-39
-45
-43
-36
-35
-32
-36
-32
-32
-25
-23
-23
-24
-20
-13
-17
-16
-14
-12
-9
-5
-2
3
9
13
16
14
18
18
17
15
14
13
7
11
15
27
31
34
34
33
34
28
32
30
32
38
46
49
53
60
61
63
64
61
60
59
62
69
76
83
81
86
84
88
94
95
104
101
104
110
106
102
98
88
90
95
98
95
93
93
94
92
88
90
84
79
74
73
73
69
60
51
54
55
57
58
50
47
49
47
47
50
46
45
49
41
40
39
35
27
22
13
7
6
5
7
7
7
6
10
13
20
13
18
22
24
21
19
19
22
28
24
31
32
33
40
43
44
44
37
40
37
37
30
33
38
30
35
39
39
37
30
29
26
23
24
19
13
-1
1
-2
-10
-4
-3
-7
-11
-16
-18
-17
-20
-26
-31
-36
-41
-39
-49
-50
-46
-50
-49
-49
-50
-45
-42
-41
-39
-42
-50
-58
-60
-61
-58
-52
-51
-45
-35
-32
-33
-24
-28
-25
-18
-21
-23
-27
-24
-17
-17
-19
-18
-15
-12
-14
-13
-13
-8
-8
-13
-5
-10
-12
-11
-15
-7
-7
-9
-4
-7
-8
-12
-10
-8
-4
2
8
16
20
23
24
26
19
17
18
13
15
13
16
14
18
17
14
14
11
10
9
13
9
3
-2
-14
-19
-21
-28
-35
-40
-51
-57
-65
-65
-65
-68
-71
-74
-75
-75
-77
-82
-87
-93
-93
-92
-90
-89
-94
-99
-95
-98
-98
-94
-89
-92
-91
-87
-83
-85
-81
-78
-77
-69
-79
-78
-74
-67
-61
-52
-48
-44
-35
-32
-30
-32
-26
-23
-21
-20
-17
-17
-15
-12
-11
-14
-14
-16
-17
-9
-4
-3
4
7
6
10
7
0
1
4
-1
-3
-3
-9
-13
-14
-15
-10
-12
-10
-9
-2
2
1
2
0
3
-4
-5
-2
-2
-5
-3
-3
2
9
16
21
22
31
22
23
26
23
26
33
37
42
43
42
48
53
62
65
71
73
83
94
97
101
104
106
110
112
105
109
117
115
122
122
119
117
117
115
113
111
112
109
112
115
110
101
92
88
75
66
57
55
47
37
35
19
18
20
14
11
9
3
-3
-3
-10
-14
-13
-18
-17
-19
-19
-23
-21
-18
-26
-24
-24
-20
-26
-18
-14
-8
-7
-5
-2
-3
3
-4
-7
-10
-8
-8
-7
-4
-11
-13
-6
-5
-2
2
5
3
-1
-2
-5
-4
-15
-17
-17
-16
-10
-10
-3
-4
-3
1
2
2
10
10
0
-5
-5
0
-3
-3
-10
-8
-6
-15
-8
-9
-8
-8
-7
-14
-18
-18
-25
-28
-31
-34
-32
-31
-35
-27
-22
-22
-22
-16
-20
-20
-18
-23
-21
-21
-24
-26
-24
-21
-20
-22
-27
-25
-27
-23
-16
-22
-16
-15
-7
-5
-6
-4
-3
-1
-5
-8
-9
-9
-9
-15
-10
-10
-12
-7
-8
-6
-7
-9
-7
3
2
1
5
5
6
0
4
3
2
11
16
16
14
19
17
17
19
14
19
18
8
8
7
2
0
-3
1
-7
-7
1
-6
-9
-10
-12
-14
-18
-20
-16
-24
-29
-34
-39
-39
-38
-39
-40
-42
-44
-38
-39
-41
-43
-37
-41
-42
-40
-39
-32
-37
-42
-39
-40
-46
-45
-41
-38
-36
-32
-38
-39
-42
-46
-50
-48
-44
-40
-37
-27
-22
-19
-14
-17
-14
-11
-7
-5
0
0
3
4
-1
2
1
-1
1
4
6
9
17
15
17
17
15
22
23
18
20
20
17
16
7
5
2
2
2
2
5
-2
-6
-11
-14
-12
-10
-6
-9
-14
-16
-25
-23
-23
-30
-27
-29
-28
-30
-29
-31
-29
-32
-31
-30
-29
-17
-16
-8
-5
-5
-7
-2
3
6
8
12
16
25
28
28
30
31
33
34
39
44
47
54
58
56
65
73
74
77
77
75
77
74
70
67
68
71
72
69
66
69
68
72
77
76
76
77
75
73
73
66
61
65
61
64
60
58
60
56
57
53
52
55
48
49
47
41
40
29
25
20
21
23
17
15
12
11
8
2
1
-2
-9
-7
-8
-13
-13
-17
-16
-23
-26
-28
-27
-27
-29
-28
-26
-24
-22
-22
-21
-21
-27
-29
-26
-24
-21
-15
-24
-22
-15
-16
-13
-11
-13
-19
-20
-19
-26
-29
-32
-23
-15
-14
-12
-10
-16
-19
-19
-21
-18
-22
-12
-9
-14
-12
-8
-5
-4
-5
-6
5
4
-2
3
-3
-5
-3
-10
-12
-13
-16
-15
-15
-12
-12
-11
-14
-15
-15
-15
-15
-8
-7
-9
-11
-20
-16
-12
-15
-17
-14
-16
-14
-7
-12
-5
0
-5
-3
0
5
10
12
19
19
19
21
19
27
30
34
39
42
41
40
43
43
45
41
45
46
51
55
57
49
45
48
38
42
33
23
21
7
7
0
-1
-3
-5
-9
-17
-16
-20
-25
-27
-41
-42
-49
-71
-70
-73
-76
-82
-85
-83
-89
-89
-91
-91
-85
-85
-82
-80
-86
-91
-93
-99
-99
-95
-93
-88
-86
-86
-86
-83
-76
-74
-70
-71
-65
-66
-56
-54
-49
-40
-36
-27
-31
-23
-15
-17
-17
-16
-14
-13
-10
-1
-1
-3
5
11
10
15
23
17
14
18
18
21
14
12
13
9
14
17
20
17
13
7
10
6
-4
-4
-14
-24
-34
-37
-35
-34
-28
-23
-23
-15
-23
-25
-26
-33
-39
-41
-41
-40
-37
-37
-36
-30
-15
-13
-9
-8
-4
-5
-4
-5
-2
-7
-4
6
8
15
21
30
37
47
46
51
52
58
60
63
69
71
69
67
71
65
64
62
56
63
59
60
63
58
62
61
59
65
71
69
58
55
52
50
52
44
48
48
48
52
50
40
43
45
41
44
42
46
39
43
35
28
22
21
19
19
23
24
26
26
28
27
29
28
25
25
31
31
26
34
33
35
28
24
31
33
39
34
33
33
33
38
30
31
26
19
24
15
21
18
17
8
5
5
-4
7
8
4
11
8
0
-3
-2
-2
-8
-19
-23
-24
-28
-30
-37
-33
-34
-29
-26
-33
-26
-28
-30
-32
-34
-25
-29
-27
-26
-27
-27
-22
-18
-19
-10
-5
-8
-9
-1
0
-3
-2
-2
3
6
4
2
4
5
13
12
7
19
15
19
21
20
20
7
10
6
3
7
8
11
5
-2
0
3
8
10
4
2
-3
-11
-19
-22
-16
-19
-20
-19
-7
-5
-6
-2
-8
-3
-4
0
-1
-7
-3
2
-1
-2
-8
-3
-1
-3
-4
0
0
-10
-8
-6
-10
-10
-14
-19
-19
-26
-22
-24
-21
-19
-20
-22
-18
-16
-20
-24
-25
-33
-35
-32
-38
-34
-29
-28
-32
-37
-40
-47
-49
-46
-46
-53
-56
-57
-61
-60
-60
-57
-58
-59
-62
-61
-60
-60
-66
-64
-63
-67
-66
-67
-56
-51
-51
-52
-53
-43
-45
-44
-41
-37
-36
-33
-28
-26
-22
-26
-30
-23
-18
-20
-10
-2
-2
-1
4
2
1
4
8
5
8
9
6
10
0
-6
-1
3
4
4
3
-1
3
3
9
7
3
4
1
3
-5
-3
0
-2
0
-1
2
8
10
15
11
17
21
17
18
20
23
26
27
21
22
21
20
23
31
33
34
28
28
33
31
41
40
35
40
42
42
38
35
25
23
20
21
20
19
25
24
27
26
26
30
34
37
41
36
34
32
31
34
35
35
34
30
33
40
38
37
36
43
46
50
57
48
55
62
56
55
54
47
46
50
51
54
57
58
57
56
52
49
45
48
52
52
54
55
54
49
45
39
34
34
28
21
15
13
13
9
6
6
1
-10
-15
-22
-29
-30
-33
-29
-27
-34
-33
-30
-31
-30
-31
-26
-25
-26
-21
-22
-28
-27
-28
-36
-31
-34
-25
-14
-5
0
3
12
11
11
14
15
19
23
25
25
29
27
27
27
30
35
37
39
41
43
39
41
36
31
29
28
25
22
20
16
16
17
20
24
23
24
25
24
19
13
12
6
0
1
-5
-13
-11
-20
-18
-17
-24
-28
-30
-26
-30
-31
-37
-38
-40
-43
-36
-43
-42
-37
-39
-33
-32
-31
-26
-23
-21
-15
-14
-17
-24
-22
-24
-25
-22
-24
-16
-15
-18
-19
-19
-24
-26
-25
-26
-27
-25
-27
-28
-28
-28
-28
-37
-41
-46
-50
-46
-47
-43
-36
-40
-38
-31
-24
-20
-23
-20
-22
-23
-23
-25
-28
-35
-47
-56
-58
-58
-54
-57
-54
-53
-50
-47
-47
-44
-41
-38
-37
-36
-45
-47
-55
-59
-62
-58
-59
-56
-51
-53
-53
-56
-54
-57
-57
-58
-54
-54
-48
-42
-44
-39
-36
-37
-34
-35
-31
-26
-20
-10
-7
-7
-1
-7
-1
0
4
13
15
15
19
20
14
14
17
15
16
20
20
18
20
17
11
13
16
18
16
13
15
15
16
13
11
15
17
20
25
22
18
20
18
25
27
28
31
31
32
36
35
34
39
34
39
40
36
38
40
30
26
29
22
26
24
23
28
17
25
17
16
20
21
29
25
34
33
32
31
30
32
35
34
31
28
35
36
32
31
28
29
23
31
31
34
39
41
39
40
37
33
33
35
24
21
21
19
24
18
21
21
22
27
31
33
32
28
26
19
14
19
11
14
14
13
17
18
22
20
16
13
12
4
3
9
12
10
11
11
6
12
11
4
0
0
4
5
11
11
11
7
2
7
9
13
15
8
8
9
11
13
12
10
13
14
14
16
19
17
21
20
28
25
14
15
15
19
14
17
23
28
28
26
29
35
43
47
56
56
50
45
41
47
49
49
47
51
51
53
48
43
40
34
29
36
33
28
25
10
13
-4
-9
-8
-17
-25
-30
-33
-30
-28
-29
-33
-42
-42
-52
-61
-65
-66
-64
-70
-69
-71
-66
-67
-65
-58
-62
-58
-59
-62
-68
-71
-76
-71
-71
-71
-63
-64
-65
-56
-55
-60
-55
-55
-55
-52
-48
-50
-48
-47
-45
-44
-43
-40
-41
-41
-41
-43
-45
-44
-45
-40
-39
-41
-39
-42
-38
-41
-39
-31
-37
-38
-38
-42
-42
-49
-56
-60
-54
-49
-47
-48
-52
-47
-46
-50
-50
-49
-46
-49
-50
-46
-47
-41
-42
-44
-43
-42
-36
-32
-29
-24
-30
-27
-18
-18
-5
1
2
5
6
10
20
12
8
8
11
12
9
15
15
23
15
19
17
20
18
11
7
3
4
-3
1
0
4
7
13
11
13
20
26
22
18
18
16
22
19
15
21
21
21
24
27
32
33
45
43
41
41
39
41
38
48
42
37
40
32
34
38
43
42
39
40
43
43
38
39
33
31
28
24
28
25
19
18
23
25
21
18
16
21
21
20
20
26
28
33
30
28
31
28
23
27
24
23
27
21
25
28
32
35
38
40
43
48
46
43
42
42
45
48
45
48
49
52
51
54
54
52
54
58
64
67
65
60
57
55
55
55
55
51
54
54
57
56
55
54
53
54
52
49
54
50
49
49
44
36
35
32
31
27
25
21
19
16
3
1
8
12
1
-3
4
6
-2
2
2
4
-5
-11
-2
0
-6
-9
0
2
3
0
-3
3
2
6
3
0
7
5
2
8
5
8
8
3
3
-4
-1
-3
-9
-12
-15
-5
-4
-9
-14
-12
-19
-21
-21
-23
-25
-21
-21
-28
-27
-36
-32
-34
-40
-42
-44
-42
-48
-46
-43
-48
-51
-57
-62
-61
-58
-61
-62
-60
-65
-69
-73
-76
-78
-77
-73
-82
-91
-93
-94
-96
-93
-95
-91
-87
-88
-87
-85
-88
-89
-94
-93
-87
-81
-82
-77
-73
-70
-58
-58
-53
-45
-43
-45
-38
-34
-35
-32
-32
-32
-31
-31
-26
-26
-18
-17
-10
2
-5
-6
-9
-12
-10
-6
-9
-10
-8
-12
-6
-3
1
3
2
-1
-1
-5
-13
-19
-24
-18
-18
-21
-23
-23
-23
-29
-22
-18
-22
-19
-20
-32
-27
-30
-36
-35
-34
-24
-17
-14
-11
-1
1
2
3
0
7
8
8
7
13
12
13
16
14
21
27
29
29
32
30
32
26
19
15
14
15
21
25
33
30
30
35
27
29
27
26
19
16
18
15
8
8
13
18
12
17
22
23
24
17
15
21
22
20
19
17
23
21
26
23
23
27
23
26
23
22
24
27
25
24
23
24
25
29
29
38
37
39
39
38
39
38
33
34
36
37
41
38
39
39
35
31
32
30
29
25
22
28
32
27
28
28
31
35
28
29
33
36
35
33
33
33
31
32
34
32
33
35
37
34
32
34
35
39
41
43
45
49
45
45
52
51
55
59
64
61
56
45
50
50
49
57
55
57
55
55
55
52
51
50
49
50
45
45
41
34
31
25
22
21
21
17
9
0
-4
-11
-17
-21
-23
-18
-17
-19
-18
-24
-30
-33
-32
-27
-27
-35
-38
-39
-38
-39
-38
-38
-43
-39
-32
-29
-26
-32
-39
-38
-33
-29
-32
-28
-27
-31
-31
-33
-27
-22
-19
-15
-18
-13
-20
-25
-26
-23
-26
-29
-26
-35
-29
-28
-24
-22
-14
-8
-13
-8
-15
-16
-17
-19
-25
-27
-25
-23
-15
-17
-11
-14
-21
-16
-14
-21
-27
-29
-33
-37
-38
-41
-47
-47
-46
-44
-43
-47
-49
-48
-46
-45
-42
-45
-44
-48
-52
-47
-47
-40
-35
-39
-45
-51
-52
-57
-55
-52
-54
-53
-53
-53
-52
-54
-57
-54
-58
-54
-60
-54
-51
-51
-56
-63
-60
-63
-60
-60
-52
-49
-44
-42
-35
-34
-35
-34
-39
-34
-32
-24
-27
-23
-15
-13
-12
-5
1
9
17
19
18
16
17
12
15
15
13
19
20
26
29
29
28
33
38
35
34
32
36
35
30
31
23
17
17
21
19
17
14
17
17
14
12
15
14
10
1
-4
0
-5
1
-5
-5
-1
3
6
7
11
12
11
5
8
14
15
24
31
33
33
35
37
38
41
47
45
44
49
51
48
44
57
57
60
67
60
65
64
59
61
63
61
59
62
67
68
68
71
64
61
65
64
64
59
55
51
45
42
37
32
27
29
31
30
23
19
20
18
14
13
8
5
0
2
0
-3
0
0
2
5
7
7
8
4
3
7
-1
-4
-4
-7
-4
-6
-4
-2
-2
-2
2
3
-3
-2
-2
5
12
6
6
17
16
16
10
3
3
5
4
2
7
0
2
5
3
5
6
2
-2
-3
1
4
4
4
1
-1
-2
-1
-2
1
6
9
10
10
12
15
16
14
12
11
13
12
8
10
15
21
19
27
30
24
25
24
24
22
20
17
19
12
13
10
16
18
20
16
12
17
16
23
23
18
8
5
2
8
14
11
12
9
5
3
7
0
5
8
1
0
-3
-8
-18
-21
-23
-22
-20
-22
-29
-35
-27
-25
7
47
156
82
-136
-292
-255
-29
188
298
119
-260
-481
-325
14
404
390
42
-353
-536
-298
13
233
188
-145
-365
-297
31
410
382
72
-330
-512
-286
80
355
248
-163
-434
-338
-1
220
170
-33
-238
-283
-192
-77
-34
-66
-107
-104
-24
66
15
-102
-234
-192
-66
109
313
322
276
172
149
230
310
261
29
-244
-380
-399
-165
43
31
-42
-256
-317
-161
-6
43
-106
-262
-333
-360
-213
-30
143
216
128
43
-69
-108
-66
23
100
96
84
92
182
218
171
96
62
0
-49
-83
-94
-67
-24
2
28
24
-12
-25
29
70
170
414
93
-304
-236
-19
184
234
-8
-271
-289
-3
401
212
-94
-410
-463
49
354
252
-123
-349
-148
193
370
380
-61
-287
15
250
251
-29
-366
-301
-92
103
258
-12
-325
-333
-97
-66
-156
-320
-353
-346
-326
-191
-162
-246
-390
-415
-254
42
71
-44
-113
-49
-34
-23
86
71
117
173
206
213
264
308
418
522
535
545
643
739
722
677
621
612
597
563
546
552
480
414
357
387
329
159
19
-56
18
81
-97
-238
-402
-278
-102
-481
-321
-305
-523
-271
-80
-279
-316
-549
-382
176
-165
-335
-321
-342
-115
-307
-308
-294
-506
-440
-336
-408
-656
-900
-976
-565
-40
-13
-482
-730
-335
118
-53
-699
-794
-106
544
431
2
298
915
970
505
571
1167
1267
526
325
1202
1700
926
195
599
1362
944
-210
-291
590
683
-268
-767
-86
535
-55
-840
-580
220
169
-664
-699
55
181
-336
-427
127
375
-116
-304
268
495
135
-155
103
474
179
-439
-143
464
259
-345
-499
3
-38
-641
-933
-747
-626
-1112
-1412
-1225
-1219
-1475
-1331
-487
-160
-739
-1470
-1062
123
76
-1050
-1091
327
1059
526
88
954
2073
1655
555
1025
2373
2168
803
597
2017
2451
945
-174
880
2030
830
-1126
-949
543
403
-1271
-1762
-412
210
-999
-1854
-1014
-54
-577
-1476
-1076
-132
-149
-725
-473
407
509
-15
55
732
965
495
336
848
1031
529
238
644
1027
636
76
126
318
-42
-596
-730
-590
-912
-1415
-1507
-1419
-1804
-2311
-1662
-634
-729
-1727
-2190
-990
24
-868
-1774
-847
663
662
-362
1
1731
2374
1160
533
1962
2982
1890
691
1424
2885
2335
588
473
1798
1855
-29
-1012
105
778
-555
-1848
-1208
-7
-400
-1784
-1882
-736
-538
-1540
-1789
-859
-377
-839
-1103
-441
118
-145
-292
282
859
668
352
738
1167
930
583
753
1117
1026
642
628
771
372
-196
-276
-118
-537
-1344
-1644
-1331
-1473
-1883
-1348
-642
-913
-1852
-2089
-939
-409
-1472
-1885
-515
726
279
-596
190
1927
1980
613
669
2445
2931
1497
809
2309
3376
1769
167
1138
2793
1925
-469
-541
1199
1189
-899
-1916
-487
635
-551
-2032
-1432
-12
-329
-1586
-1588
-688
-423
-975
-1071
-382
-34
-363
-362
212
474
303
425
904
928
499
525
1125
1269
733
385
676
885
257
-383
-315
-142
-613
-1315
-1577
-1402
-1613
-1821
-941
-532
-1298
-2340
-2203
-704
-567
-1930
-2035
-424
507
-411
-1026
505
2252
1497
-109
849
3060
2870
749
431
2796
3599
1312
-14
1741
3345
1686
-885
-358
1780
1343
-1142
-1693
160
912
-743
-2019
-1001
174
-509
-1656
-1380
-413
-339
-866
-742
-232
-193
-350
30
452
391
243
543
987
702
324
778
1373
1165
536
483
977
869
51
-271
32
-130
-890
-1326
-1080
-1105
-1990
-2429
-1127
-127
-1317
-2812
-2441
-531
-26
-1793
-2723
-1058
477
-220
-1201
-38
2059
1814
8
172
2506
3206
1066
-37
2077
3884
2131
-180
883
3218
2461
-644
-1173
1256
2011
-463
-2130
-527
1037
-297
-2328
-1790
-51
-272
-1901
-2027
-703
-258
-1084
-1361
-507
-103
-595
-564
199
504
129
59
678
918
494
467
1039
1196
663
377
713
853
270
-148
119
138
-577
-1285
-1158
-997
-1601
-2104
-881
-48
-1563
-2678
-1928
-260
-105
-1686
-2431
-945
574
-33
-876
217
1831
1657
342
565
2598
3013
1069
357
2361
3755
2014
38
1075
2977
2050
-666
-1015
1140
1564
-680
-2124
-830
616
-476
-2324
-2076
-511
-572
-2087
-2330
-1138
-484
-1141
-1616
-872
-196
-448
-540
43
455
369
342
680
896
765
799
1201
1232
750
561
936
1143
622
148
313
353
-252
-892
-828
-664
-1212
-2029
-1825
-539
-226
-1599
-2527
-1702
-385
-359
-1776
-2061
-623
365
-109
-629
459
1929
1699
424
706
2578
3130
1497
646
2267
3744
2376
286
932
2888
2323
-409
-1060
998
1701
-486
-2319
-978
742
-294
-2386
-2205
-534
-535
-2082
-2504
-1246
-519
-1237
-1693
-872
-143
-412
-694
-23
615
321
164
780
1291
934
539
1034
1626
1244
562
772
1423
1227
405
117
376
258
-475
-874
-779
-921
-1415
-1304
-403
-401
-1714
-2369
-1523
-445
-883
-2237
-1995
-500
17
-729
-761
645
1632
773
-127
997
2738
2542
933
939
2747
3379
1638
354
1669
3069
1730
-568
-246
1656
1415
-916
-1682
-93
621
-883
-2200
-1404
-274
-884
-2165
-2021
-1006
-818
-1347
-1374
-741
-460
-632
-436
64
240
204
406
799
758
546
961
1520
1274
643
781
1483
1520
624
201
711
789
-188
-889
-500
-113
-749
-1651
-1141
-37
-653
-2243
-2518
-1284
-308
-1337
-2671
-1994
-435
-120
-940
-909
336
1095
421
6
1144
2217
1753
901
1430
2496
2318
1169
1007
2058
2169
812
-136
637
1315
376
-915
-674
170
-194
-1427
-1656
-723
-480
-1461
-2193
-1576
-888
-1074
-1498
-1205
-658
-617
-728
-427
11
183
224
326
467
442
700
1172
1223
797
700
1327
1676
1002
283
564
1066
574
-576
-707
115
140
-1065
-1760
-777
206
-754
-2477
-2490
-929
-72
-1427
-2815
-1991
-379
-154
-1199
-1157
338
1271
468
-244
817
2365
2196
882
932
2186
2659
1550
805
1633
2375
1451
88
259
1320
1134
-221
-746
-121
0
-1055
-1539
-765
-332
-1176
-2027
-1685
-971
-1151
-1705
-1310
-444
-344
-854
-838
-250
12
-269
-211
528
990
751
433
615
1016
1160
1024
850
614
573
651
539
78
-619
-828
-731
-1178
-2029
-1437
299
970
-713
-2771
-2841
-1188
-404
-1251
-807
895
1053
-858
-1945
-133
2694
2949
937
658
2615
3277
1698
1067
2280
2724
1255
-124
1356
3291
2133
-1107
-2390
-1247
-639
-1256
-1289
-141
-525
-2933
-4416
-2663
-193
-305
-2081
-2266
-719
-161
-861
-892
407
1066
303
101
1909
3483
2815
1070
374
1364
2589
2982
2741
2191
1277
482
502
786
585
-89
-806
-1410
-2041
-2136
-1873
-1930
-3057
-4545
-4511
-3343
-2856
-2723
-1527
-568
-953
-2785
-3499
-1064
1928
2587
1872
1979
1770
1016
1679
4509
7083
6141
2627
1804
4544
5199
2723
1002
2071
2876
855
-1093
-311
449
-2793
-6682
-5619
-1175
-324
-4226
-7340
-6146
-3776
-4041
-4372
-2397
-256
-1199
-3189
-2211
1166
2917
1760
965
2510
4585
4783
4185
3848
3952
4127
4328
4820
4500
3096
1632
1376
1654
1482
759
-227
-1620
-3303
-3900
-3024
-2254
-2987
-4897
-5763
-5284
-4590
-4750
-4937
-4779
-4526
-2285
355
1562
-492
-3486
-2849
2018
6238
6230
4574
2602
1320
1212
4627
9609
10353
5355
-380
1291
5861
5497
858
-1322
1061
2175
-781
-3859
-3118
-3161
-6133
-8146
-4851
-649
-2938
-8580
-10162
-5681
-1502
-1588
-2715
-1631
-655
-1352
-957
1955
4791
4142
2452
3237
5709
6354
4730
3924
4907
5749
5151
4048
3047
1941
566
375
1305
1204
-709
-2943
-4174
-4413
-4086
-3810
-3532
-3871
-5360
-6556
-6081
-5128
-4711
-4855
-3352
333
1714
166
-2980
-3740
337
5543
7113
5704
3929
1791
1115
2748
7261
10421
8358
2678
82
4036
5724
1957
-1702
-318
3317
2016
-3747
-6619
-4356
-3501
-5634
-6504
-4115
-3052
-6590
-9549
-7203
-2204
-1096
-3255
-3034
-353
739
-465
-39
3155
5651
4668
3272
4283
5657
5352
4717
5899
6998
5434
2323
1205
2621
3183
1827
368
-14
-976
-3212
-4695
-3968
-2716
-3042
-4638
-5403
-5161
-5646
-6186
-5961
-4522
-3706
-4152
-1855
1071
1502
-1321
-4519
-2222
4786
8630
6254
3071
1183
1544
3026
6575
10298
9514
4061
-1093
1996
6908
4950
-466
-1745
2287
3294
-2176
-7221
-5229
-2024
-3397
-6242
-5695
-3484
-5552
-9352
-7992
-1958
556
-2640
-4906
-2137
1414
788
-642
1835
5883
5923
2779
1739
4264
6299
5726
5078
5828
5787
3319
963
1331
2958
3092
1385
-322
-1241
-2471
-3798
-4081
-3334
-3000
-3672
-4566
-5298
-6019
-6688
-5818
-4282
-3070
-3961
-3546
-734
745
-106
-3099
-2721
2224
7167
6057
2706
1161
1735
3683
5694
8520
8917
5438
163
155
5831
7159
2626
-1560
-57
2953
684
-4787
-5962
-2296
-1321
-4057
-6289
-5355
-4727
-6905
-7478
-3689
-75
-1565
-4557
-4060
-267
1456
150
673
3908
5512
3432
1441
2812
5654
6026
4981
5097
5794
4498
1494
784
2813
4278
2652
-386
-1838
-1590
-1824
-2601
-3007
-3074
-3384
-4925
-5866
-5610
-5201
-4882
-4737
-4386
-4446
-4286
-2032
247
563
-1805
-3585
-696
5141
6927
3969
1020
595
2672
4921
7619
8922
6702
1667
-885
3934
8248
5395
-494
-1552
2263
3047
-1867
-5725
-3322
-356
-2013
-5652
-6197
-4629
-5238
-6743
-5085
-1287
-1114
-4521
-5689
-2305
1480
1212
-176
1233
3686
3529
1679
2014
4899
6388
5199
4185
4840
5026
3044
1422
2544
4360
3635
541
-1649
-1217
-664
-1573
-2622
-2888
-3001
-4089
-5332
-5609
-5043
-5082
-5291
-4879
-3843
-4204
-4173
-2008
-228
-56
-2300
-2887
708
5389
5319
2212
610
1433
3806
5685
7214
6994
4770
1512
1748
6263
7280
3327
-908
-138
3108
2458
-1819
-4016
-1749
-582
-2698
-5493
-5450
-4108
-4584
-5205
-3907
-2022
-2818
-5118
-5223
-2023
806
670
76
690
1745
1607
1210
2655
4957
5747
4502
3583
3805
3841
3027
2562
3467
4094
2877
268
-953
-283
76
-704
-2067
-2721
-2923
-3381
-4400
-4948
-4884
-4795
-4682
-4382
-4414
-4332
-2903
-1533
-1377
-2745
-3800
-1877
2097
4015
2374
166
-211
1468
3922
6083
6569
5087
2386
1346
4375
7171
5795
1979
521
2514
3685
1536
-1205
-770
654
-476
-3295
-4426
-3261
-2615
-3738
-4293
-3027
-2556
-3937
-5282
-4048
-1251
-555
-1501
-1464
-25
754
-144
-321
1915
4453
4518
2669
1791
2738
3313
2756
2761
3795
4084
2362
76
43
1397
1365
-338
-1564
-1463
-1051
-2274
-3785
-3746
-3349
-3413
-4070
-3906
-3005
-2167
-2873
-3796
-3888
-2857
-1062
436
1097
116
-1008
-1378
361
3561
5544
4886
2225
706
1967
4872
6006
4649
2960
2344
2673
2153
1526
1506
1807
1245
-297
-1580
-2002
-2105
-2246
-1863
-1446
-1802
-3225
-4305
-3885
-2352
-1237
-1029
-1284
-1454
-1436
-1218
-570
475
1671
1999
1732
1258
1084
1591
2223
2533
2373
2043
1717
1449
894
759
918
799
134
-954
-1541
-1130
-1012
-1824
-2852
-2911
-1613
-466
-1001
-2952
-4255
-3229
-737
760
163
-1591
-2473
-1759
227
2263
3017
2097
482
197
1864
3514
3366
2167
1927
2790
2948
1693
563
996
1939
1693
379
-556
-707
-749
-1293
-1493
-1022
-879
-1507
-2469
-2527
-1652
-818
-834
-1077
-963
-633
-485
-396
348
1445
1847
942
235
841
2018
2483
1763
1156
1223
1296
802
579
996
1004
-34
-1456
-1468
-499
-68
-1132
-2455
-2787
-2277
-2257
-2206
-1222
-667
-1129
-2701
-3566
-2250
502
1619
605
-969
-1849
-1010
728
2662
3656
3064
1016
-304
1099
3377
4138
2538
948
1357
2247
1560
284
318
1139
1124
-599
-1772
-1246
-673
-1084
-1741
-1642
-1350
-1929
-2875
-2312
-956
-603
-1236
-1615
-979
-239
-212
-165
779
1789
1743
916
544
1365
2425
2609
2084
1593
1331
1250
1036
853
903
886
238
-729
-1275
-1126
-741
-796
-1495
-2225
-2511
-2234
-1942
-1856
-2222
-2477
-1804
-1081
-859
-1523
-2001
-1349
160
827
519
-35
-296
114
800
1999
2850
2512
1260
375
793
1841
2300
1851
1462
1024
409
-219
-445
229
782
277
-933
-1670
-1542
-921
-777
-1239
-1317
-1026
-850
-1302
-1896
-1574
-299
415
163
-312
-252
452
849
1110
1644
2073
1533
932
1242
2189
2626
1666
617
556
1139
1096
606
297
149
-304
-1228
-1570
-983
-374
-630
-1583
-2213
-2017
-1614
-1455
-1174
-1017
-1069
-1404
-1662
-1139
-142
539
486
109
-332
-342
210
1199
1920
1630
671
37
509
1193
1359
1091
899
831
366
-118
-64
282
179
-419
-778
-541
-464
-1073
-1517
-1130
-643
-855
-1528
-1544
-758
-511
-1062
-1101
-353
458
382
-145
262
1188
1555
1296
1198
1624
2092
2125
1947
1862
1616
1300
1252
1535
1482
718
-13
-101
162
-87
-854
-1161
-889
-822
-1283
-1821
-1624
-1010
-1036
-1404
-1486
-1219
-950
-1007
-885
-161
343
71
-264
-155
564
1157
1234
1257
1263
1124
981
1135
1485
1542
1129
705
644
670
368
59
-17
-108
-572
-1208
-1308
-1022
-991
-1415
-1713
-1630
-1555
-1807
-2046
-1618
-1037
-1001
-1197
-1126
-627
-71
100
238
613
830
1084
1279
1424
1601
1729
1844
1904
1712
1360
1367
1475
1427
980
577
467
293
-135
-631
-675
-439
-461
-913
-1360
-1395
-1062
-875
-955
-1042
-1169
-1173
-1064
-887
-463
-24
150
101
-100
-17
569
1316
1695
1419
986
979
1411
1912
1919
1581
1196
891
793
857
1081
1080
508
-361
-829
-627
-203
-214
-870
-1531
-1704
-1640
-1610
-1706
-1714
-1505
-1487
-1670
-1661
-1371
-907
-723
-786
-543
-70
248
250
127
375
891
1072
910
637
613
1009
1323
1288
964
461
37
3
192
382
268
-172
-523
-683
-706
-829
-815
-577
-510
-728
-1128
-1245
-892
-531
-528
-506
-316
-80
25
-61
85
508
891
1105
1080
996
990
1046
1164
1320
1333
1215
1076
879
733
727
712
595
348
23
4
22
-215
-603
-801
-649
-544
-858
-1343
-1299
-917
-725
-914
-1084
-821
-439
-456
-525
-205
183
352
121
-44
175
451
513
508
645
769
668
428
370
404
398
329
216
77
-149
-317
-282
-231
-407
-798
-1011
-822
-665
-784
-918
-953
-896
-961
-1026
-769
-354
-161
-299
-501
-399
45
329
485
538
422
248
273
566
907
970
626
356
291
467
760
799
531
81
-180
99
561
537
82
-238
-282
-255
-289
-262
9
273
-191
-802
-715
-89
420
353
53
-45
162
201
42
180
527
776
738
422
203
297
537
728
859
843
606
256
47
186
454
565
413
78
-172
-284
-339
-170
21
-29
-275
-637
-740
-480
-290
-360
-480
-467
-336
-320
-507
-560
-338
-65
-4
-294
-510
-355
-107
-49
-169
-257
-152
-124
-291
-268
-34
-6
-269
-504
-279
303
356
-163
-569
-426
51
255
139
65
80
-83
-299
-241
122
506
486
159
21
45
115
214
326
447
377
133
51
225
304
182
89
193
331
231
28
71
267
173
-7
36
237
296
82
-43
185
396
249
35
41
283
410
208
37
73
198
307
361
350
225
36
-8
178
294
199
1
-83
-32
-23
-127
-180
-201
-278
-315
-189
-35
-175
-455
-510
-189
126
39
-211
-228
-52
-8
-152
-183
164
431
251
-95
-175
161
446
361
125
88
131
11
-189
-187
7
-59
-133
-271
-520
-595
-635
-636
-508
-363
-541
-735
-809
-906
-761
-492
-356
-345
-472
-576
-518
-279
-159
-144
-36
-48
28
162
124
137
267
456
617
698
542
357
376
495
607
538
481
479
486
397
103
12
178
237
184
178
225
179
-82
-272
37
498
512
127
-179
-87
232
389
370
456
445
232
58
145
514
771
604
280
174
178
165
89
66
190
161
-126
-400
-484
-447
-510
-573
-492
-454
-610
-840
-899
-763
-696
-768
-789
-727
-676
-724
-750
-614
-506
-590
-680
-571
-239
-7
-160
-397
-416
-173
180
326
192
-3
-121
-32
194
326
317
231
145
73
45
56
130
141
152
195
287
341
91
-152
50
535
763
471
27
68
428
642
599
537
597
559
413
392
672
923
841
545
402
503
561
415
232
239
334
320
136
8
-120
-217
-176
-138
-57
-26
-164
-390
-399
-281
-246
-264
-371
-345
-252
-309
-395
-374
-327
-308
-309
-273
-147
-179
-326
-397
-275
-58
40
-61
-231
-281
-262
-164
-91
-77
-125
-232
-283
-275
-314
-418
-429
-325
-152
-84
-177
-363
-510
-474
-161
241
279
-9
-259
-190
119
320
322
293
325
312
241
266
458
630
603
484
427
424
342
170
192
429
521
337
58
-76
-4
72
36
84
144
72
-97
-193
-92
27
-8
-97
-98
-43
35
2
-38
-13
12
67
124
207
258
247
161
77
141
354
504
365
179
131
215
315
260
140
101
121
-11
-166
-189
-179
-238
-277
-204
-70
-162
-550
-711
-455
-42
106
-154
-442
-443
-271
-64
58
18
0
-40
-33
103
201
190
156
173
244
282
148
-12
-11
91
209
227
66
-144
-344
-390
-232
-78
-50
-248
-514
-617
-528
-370
-276
-327
-476
-554
-495
-398
-338
-324
-338
-251
-199
-211
-164
-83
10
41
27
114
254
263
178
158
267
391
377
292
255
248
228
193
175
205
118
40
145
297
261
-51
-281
-111
259
413
232
-39
-73
54
167
279
338
336
276
256
338
425
392
344
461
596
580
359
182
184
303
378
319
206
10
-190
-317
-228
-86
-124
-372
-627
-700
-698
-660
-620
-569
-625
-789
-887
-802
-650
-584
-582
-547
-433
-450
-533
-472
-283
-106
-85
-126
-30
60
-11
-63
52
253
325
178
53
113
192
151
73
108
158
102
52
108
199
126
-131
-189
43
298
288
67
-40
0
70
181
277
351
365
276
295
426
475
450
467
605
758
675
419
268
363
551
598
503
320
144
14
-34
30
130
80
-182
-448
-536
-432
-289
-245
-359
-531
-609
-579
-491
-412
-380
-334
-246
-274
-351
-323
-219
-80
-26
-40
28
106
82
40
70
181
247
187
169
211
212
136
38
44
104
55
-10
12
55
-16
-233
-320
-142
62
63
-122
-277
-237
-172
-146
-65
2
19
-14
-54
26
116
118
140
260
365
331
185
99
168
257
276
285
250
117
-31
-88
31
152
67
-157
-282
-247
-164
-138
-150
-169
-227
-299
-317
-211
-115
-103
-118
-53
49
56
-2
-11
110
259
298
260
285
344
358
345
377
423
403
358
381
424
370
268
205
217
218
190
166
138
78
-64
-134
-48
56
14
-145
-231
-181
-127
-156
-146
-103
-109
-157
-216
-130
8
-11
-121
-154
-39
67
-26
-192
-208
-129
-96
-114
-137
-179
-285
-431
-447
-303
-217
-312
-498
-551
-481
-431
-394
-366
-339
-373
-460
-442
-307
-190
-170
-172
-105
-55
-91
-112
-10
179
260
172
116
200
306
333
293
296
346
320
260
244
263
270
231
193
214
203
122
85
130
194
167
79
76
152
167
93
76
167
219
201
180
263
356
299
215
281
447
473
350
283
365
439
339
215
243
315
270
155
62
25
-48
-139
-118
-64
-161
-421
-550
-422
-259
-283
-457
-571
-568
-562
-569
-457
-328
-345
-488
-561
-426
-287
-263
-274
-215
-119
-124
-205
-144
21
65
-19
-86
-23
47
14
-28
-4
38
7
-79
-114
-79
-84
-116
-128
-116
-164
-235
-207
-104
-57
-152
-218
-150
-29
23
13
40
114
144
132
241
399
462
420
378
475
615
648
591
591
621
601
569
576
595
534
408
333
340
310
193
96
88
106
18
-118
-208
-219
-213
-266
-271
-273
-306
-370
-400
-312
-231
-281
-369
-361
-243
-126
-149
-183
-158
-124
-111
-106
-29
53
19
-53
-69
-24
32
22
-33
-56
-85
-131
-139
-121
-147
-211
-267
-270
-235
-263
-312
-316
-292
-304
-319
-280
-177
-121
-155
-146
-83
0
38
53
160
284
298
231
210
290
398
448
422
376
317
256
272
326
365
305
157
72
66
91
74
23
-22
-64
-119
-171
-182
-157
-131
-175
-254
-273
-239
-192
-184
-199
-194
-176
-165
-126
-45
31
48
0
5
79
158
189
173
177
222
230
159
127
158
214
234
167
70
19
21
51
84
64
-14
-107
-184
-179
-113
-28
3
-50
-126
-135
-88
-24
34
63
109
103
51
24
64
165
229
216
137
85
55
54
90
116
110
32
-54
-92
-88
-78
-71
-102
-151
-183
-217
-211
-197
-204
-235
-266
-261
-236
-233
-254
-241
-180
-133
-138
-148
-145
-90
-36
-32
-2
48
68
43
29
78
164
185
129
74
81
135
180
169
115
79
74
79
90
85
66
43
18
2
2
42
100
103
65
39
74
127
134
124
176
241
232
169
136
203
287
280
211
162
136
112
99
116
153
127
25
-59
-82
-67
-49
-61
-77
-103
-201
-292
-275
-184
-113
-155
-262
-293
-245
-198
-167
-137
-115
-143
-205
-210
-119
-22
-17
-79
-108
-78
-59
-57
-52
-8
36
7
-66
-102
-79
-24
-5
-50
-99
-122
-123
-109
-87
-73
-88
-135
-194
-189
-111
-18
-2
-50
-71
-26
42
83
107
147
212
238
225
215
250
317
369
374
334
297
285
306
341
352
340
297
236
184
160
199
240
210
115
34
28
73
84
42
7
-8
-8
-8
-16
-23
-41
-69
-68
-41
-19
-20
-53
-104
-108
-58
-26
-48
-112
-157
-137
-80
-76
-136
-180
-179
-156
-154
-196
-230
-226
-223
-243
-266
-274
-284
-308
-340
-349
-320
-283
-276
-290
-288
-248
-221
-208
-172
-117
-59
-59
-65
-28
13
56
88
125
156
158
139
135
172
194
202
196
189
176
159
158
169
181
169
145
124
107
99
103
124
123
89
79
98
101
81
50
53
91
93
69
75
99
88
52
64
122
136
64
7
55
130
103
11
-19
51
97
40
-26
-28
-3
-8
-40
-46
-33
-74
-159
-188
-129
-58
-57
-121
-160
-143
-93
-80
-85
-68
-46
-47
-64
-57
-32
-15
-28
-41
-5
33
13
-33
-49
-25
-4
-22
-41
-42
-35
-37
-40
-30
-23
-51
-83
-85
-48
-8
-20
-59
-86
-77
-36
2
-20
-58
-84
-83
-54
-24
0
-11
-43
-70
-49
10
47
26
-9
1
57
83
76
73
102
144
147
136
137
161
160
151
168
192
192
146
124
140
179
189
160
148
142
134
125
127
144
136
111
94
97
92
70
66
76
99
90
52
34
27
25
9
3
12
-5
-55
-74
-46
-23
-26
-74
-94
-73
-66
-61
-42
-20
-43
-96
-104
-66
-53
-95
-146
-139
-111
-119
-159
-170
-153
-154
-185
-185
-140
-140
-189
-216
-153
-80
-101
-179
-192
-111
-32
-23
-53
-48
-27
-29
-23
35
99
101
33
-12
32
111
138
102
69
69
80
79
81
91
100
72
33
32
49
57
26
-5
4
9
-3
-38
-62
-42
-35
-46
-70
-61
-21
7
8
2
12
24
48
82
116
145
135
113
111
138
182
198
191
154
121
120
124
137
150
139
86
28
-13
-27
-11
-33
-69
-83
-88
-119
-179
-219
-196
-138
-127
-154
-186
-220
-232
-216
-170
-116
-111
-162
-215
-223
-167
-101
-66
-82
-131
-158
-135
-106
-90
-92
-91
-79
-94
-141
-173
-145
-101
-86
-113
-153
-164
-168
-180
-169
-128
-110
-124
-154
-144
-93
-61
-55
-58
-19
36
56
45
64
120
154
164
175
218
243
240
235
264
317
320
296
281
297
307
277
264
260
248
216
188
196
212
167
101
81
112
131
99
46
23
13
-7
-12
13
37
8
-50
-72
-33
25
45
44
20
-15
-40
-36
-1
26
19
-12
-40
-63
-81
-88
-59
-21
-40
-112
-162
-151
-120
-109
-129
-143
-149
-183
-194
-164
-113
-111
-149
-168
-133
-91
-87
-87
-70
-34
-28
-39
-21
29
57
40
41
57
75
67
55
84
114
97
52
55
75
77
64
60
75
70
24
-3
32
69
57
15
3
15
28
38
71
116
132
94
54
76
141
202
209
187
150
136
160
189
210
201
182
173
163
136
116
128
147
135
89
55
39
33
9
-4
6
1
-22
-59
-57
-41
-40
-57
-67
-61
-56
-71
-94
-92
-64
-47
-61
-88
-98
-88
-88
-87
-91
-98
-114
-145
-153
-146
-144
-148
-157
-167
-178
-198
-211
-204
-179
-181
-203
-214
-205
-179
-167
-162
-162
-159
-161
-141
-101
-58
-37
-42
-35
6
69
101
104
92
94
125
153
164
153
137
144
149
135
103
92
110
115
81
29
17
24
25
9
-1
2
-10
-37
-41
-23
2
4
-15
-25
-21
-4
15
33
42
48
48
40
44
52
63
87
96
71
30
6
14
34
24
-6
-30
-43
-69
-98
-113
-108
-97
-125
-171
-191
-180
-168
-177
-175
-158
-156
-182
-192
-158
-105
-79
-97
-103
-78
-38
-10
-7
12
35
42
40
53
58
48
34
33
44
33
11
1
10
-5
-51
-80
-66
-42
-51
-83
-117
-115
-107
-109
-97
-74
-62
-75
-83
-71
-30
-7
-2
18
54
83
96
99
113
146
166
186
211
216
209
181
169
177
193
185
170
163
135
92
74
87
115
108
63
31
14
19
25
29
46
44
13
-23
-24
25
70
79
63
68
97
104
100
103
131
164
149
116
90
85
104
90
61
46
24
17
3
-32
-40
-47
-57
-76
-108
-128
-141
-145
-163
-164
-154
-146
-145
-152
-161
-162
-150
-118
-85
-69
-64
-57
-53
-44
-21
9
45
54
44
36
38
57
74
74
76
76
65
38
9
5
10
9
10
4
-13
-35
-46
-35
-5
11
4
-22
-35
-15
14
47
60
72
72
72
90
115
131
139
157
168
166
158
153
175
193
175
146
143
143
134
104
75
80
86
72
28
-7
-12
-16
-25
-30
-24
-27
-51
-70
-78
-83
-81
-79
-70
-56
-55
-65
-82
-78
-59
-49
-46
-46
-50
-61
-60
-62
-56
-58
-75
-82
-92
-104
-133
-161
-159
-139
-132
-159
-204
-231
-230
-213
-196
-177
-170
-185
-215
-224
-188
-138
-107
-106
-118
-105
-76
-61
-54
-35
8
41
47
42
55
92
107
101
102
118
141
136
114
108
125
129
118
104
90
98
94
76
77
82
82
68
56
67
65
53
50
53
76
84
69
60
55
49
51
68
83
80
59
30
20
27
29
22
16
15
-4
-38
-66
-66
-54
-65
-92
-118
-139
-158
-173
-160
-130
-123
-151
-185
-192
-181
-166
-148
-130
-123
-135
-150
-148
-122
-96
-82
-67
-50
-42
-47
-47
-25
6
3
-9
5
17
18
7
5
24
38
32
26
31
30
15
6
11
32
23
10
10
20
24
11
15
42
70
75
71
65
69
72
66
90
120
123
102
79
86
106
110
111
116
120
112
81
56
62
74
72
55
46
36
15
9
22
49
62
47
21
11
18
26
32
43
42
41
30
24
45
58
67
69
65
55
48
55
62
54
39
31
30
26
10
-6
-9
-2
-2
-28
-51
-57
-57
-62
-78
-89
-89
-95
-101
-96
-92
-86
-89
-97
-81
-59
-59
-59
-57
-55
-45
-37
-22
-4
-6
-12
-18
-12
3
4
6
16
17
6
-17
-20
-1
17
32
36
26
4
-12
-12
19
49
51
36
17
17
22
37
53
75
86
68
59
73
83
86
96
111
125
116
100
107
130
137
125
122
125
118
95
76
75
76
61
38
22
29
24
5
-14
-21
-13
-15
-13
-21
-39
-66
-72
-62
-43
-31
-46
-64
-68
-71
-65
-43
-30
-34
-54
-68
-67
-57
-56
-62
-57
-55
-67
-97
-113
-92
-85
-84
-85
-89
-90
-113
-129
-116
-86
-77
-95
-123
-129
-115
-111
-114
-100
-81
-82
-94
-102
-98
-77
-51
-33
-26
-29
-29
-24
-21
-16
-1
23
21
21
15
16
34
39
51
73
87
85
75
76
96
119
130
123
121
126
125
121
122
109
124
140
138
132
121
114
125
136
123
119
99
75
60
52
55
59
45
31
22
0
-23
-32
-26
-22
-18
-31
-51
-64
-85
-96
-82
-68
-69
-88
-115
-128
-127
-125
-124
-116
-113
-129
-162
-171
-149
-131
-126
-131
-138
-145
-160
-162
-147
-122
-103
-109
-107
-107
-110
-113
-113
-82
-52
-34
-42
-50
-36
-19
0
15
37
41
39
47
52
56
68
87
101
114
89
68
65
71
98
105
99
85
53
43
50
55
55
50
43
29
16
3
-10
0
13
25
24
18
9
-4
-3
12
31
42
35
26
21
21
28
38
51
60
53
30
7
1
23
37
27
12
-2
-8
-13
-15
-11
-8
-5
-8
-18
-26
-25
-24
-30
-21
-16
-13
-13
-25
-23
-9
12
33
39
35
36
35
32
21
27
54
64
53
20
5
11
15
13
15
13
1
-22
-35
-28
-18
-18
-29
-36
-34
-39
-64
-67
-57
-42
-34
-30
-20
-16
-9
4
18
45
60
68
70
63
67
73
88
104
120
108
92
99
106
114
116
112
101
89
82
75
69
65
65
60
46
35
26
13
11
23
28
26
13
1
-6
-2
17
22
35
35
33
27
20
22
37
47
45
44
37
22
12
11
10
16
3
-18
-34
-40
-48
-61
-68
-70
-69
-87
-93
-96
-105
-105
-109
-98
-87
-95
-104
-109
-100
-81
-69
-65
-59
-53
-45
-40
-21
0
11
14
16
15
12
15
20
24
20
12
1
5
1
-2
-15
-20
-15
-16
-22
-43
-43
-43
-40
-38
-36
-31
-31
-30
-22
-16
-9
-10
1
22
41
45
43
50
55
68
74
82
84
75
79
82
72
70
63
58
52
41
35
30
22
16
9
3
-1
-16
-28
-30
-23
-24
-37
-42
-41
-33
-31
-26
-18
-17
-15
-20
-19
-15
-20
-11
-19
-30
-42
-58
-57
-54
-47
-51
-62
-78
-85
-88
-91
-106
-122
-129
-131
-128
-133
-146
-151
-148
-136
-122
-111
-113
-118
-113
-108
-101
-91
-77
-62
-49
-38
-31
-26
-21
-7
28
48
51
49
44
45
48
50
53
49
45
42
45
56
58
58
55
45
39
40
37
34
26
28
44
37
35
42
39
54
60
67
79
87
91
85
88
91
90
93
86
76
73
78
89
85
72
53
48
40
35
34
15
4
-6
-17
-21
-31
-42
-45
-42
-41
-46
-51
-48
-42
-44
-47
-53
-55
-43
-26
-21
-16
-12
-21
-21
-8
-1
-5
-14
-17
-21
-22
-18
-8
-7
-15
-26
-43
-42
-33
-26
-20
-19
-11
-24
-36
-26
-6
8
21
28
33
32
30
35
48
59
57
65
62
44
42
52
65
79
74
82
75
72
80
86
88
83
78
73
75
70
76
71
65
64
69
62
46
35
38
38
30
20
29
37
28
34
34
35
26
31
39
43
40
18
18
25
26
33
31
23
27
18
11
10
14
14
0
-15
-16
-19
-23
-37
-48
-44
-50
-64
-72
-69
-61
-56
-51
-51
-52
-59
-60
-54
-58
-60
-63
-62
-61
-55
-40
-37
-27
-14
-17
-15
-24
-15
7
9
11
-2
-8
-11
-11
-5
-6
-1
0
-3
-13
-24
-19
-14
-15
-22
-23
-19
-30
-31
-28
-25
-23
-30
-19
-7
5
1
-5
-1
1
18
34
47
40
40
44
55
60
58
57
48
40
33
30
30
32
23
20
12
-3
-12
-17
-17
-18
-30
-33
-39
-52
-58
-54
-62
-62
-58
-71
-70
-72
-72
-67
-69
-68
-62
-64
-68
-71
-52
-32
-28
-36
-42
-45
-45
-32
-29
-28
-32
-41
-50
-51
-52
-51
-42
-40
-40
-43
-58
-53
-43
-27
-36
-47
-49
-49
-43
-43
-37
-42
-37
-23
-8
-15
-19
-13
-5
3
6
17
16
17
18
17
26
38
44
48
52
52
49
38
38
40
46
49
43
45
48
40
35
45
57
57
48
39
43
39
31
27
27
38
44
35
31
37
46
57
53
48
41
42
36
35
36
35
35
32
30
22
16
19
21
17
12
8
2
0
-1
-11
-12
-13
-20
-25
-26
-28
-27
-26
-27
-22
-30
-34
-38
-44
-40
-42
-43
-49
-44
-36
-34
-33
-26
-25
-29
-34
-32
-28
-41
-39
-42
-41
-22
-27
-38
-44
-42
-39
-30
-16
-8
-5
-16
-20
-14
-8
-7
-3
9
21
17
14
13
32
47
62
62
50
49
54
64
67
77
86
87
80
76
82
89
94
88
88
89
106
132
335
401
-57
-204
-147
-303
130
718
393
311
404
-291
-506
-144
-265
-97
578
353
9
358
-1
-490
-227
-149
-179
201
59
-191
184
-238
-527
73
470
467
311
-299
-497
-47
-168
-217
255
451
264
191
-54
-353
-320
-435
-349
95
204
-45
-188
-43
-40
-130
-271
-389
-314
-105
-11
19
39
-161
-232
-58
9
16
190
300
281
250
134
3
-34
-93
-157
30
329
280
135
95
-38
-169
-34
15
74
302
209
-73
-102
-139
-214
-62
153
283
262
130
-65
-165
-30
125
282
657
747
408
106
-173
-541
-453
-93
53
119
-16
-218
-127
97
81
-38
-147
-144
-63
-169
-269
-237
-287
-284
-110
-20
80
149
25
-62
-44
-80
-96
-75
-27
55
80
123
213
199
212
101
-138
-157
-60
-29
93
159
45
-16
-108
-259
-212
-41
7
83
37
-149
-218
-292
-334
-189
-71
30
174
105
-94
-175
-207
-222
-75
159
292
343
241
-45
-126
-8
62
231
483
518
449
197
-281
-444
-265
-188
14
281
228
110
-55
-328
-358
-160
-131
-172
-118
-133
-194
-129
-199
-169
164
320
263
178
-26
-259
-261
-131
16
217
247
91
57
63
9
-5
-14
-14
-50
-195
-247
-216
-100
19
35
-18
-89
-153
-188
-194
-127
-72
-33
-7
-82
-151
-145
-108
-103
-48
13
28
-5
-85
-130
-94
-6
79
142
135
81
-24
-102
-40
67
120
186
140
-22
-75
-55
-32
72
192
130
31
-27
-179
-184
-19
43
100
184
121
-89
-182
-190
-168
37
194
174
162
13
-188
-147
41
142
175
239
152
78
127
62
0
81
122
62
96
136
33
63
149
131
132
205
93
-61
-53
-82
-133
-45
60
49
90
109
-18
-100
-3
33
54
147
64
-70
-26
35
78
162
128
-8
-9
34
-12
33
80
55
118
119
-3
-20
29
-40
1
113
25
-31
-49
-105
-127
-47
-38
-15
35
45
16
-32
-51
-96
-121
-83
-48
-68
-46
-34
-11
4
16
-30
-41
-3
-19
-40
16
40
36
114
104
52
6
23
8
-12
14
31
96
168
175
57
-39
-100
-164
-98
7
61
111
105
48
35
19
-23
12
20
42
124
142
129
122
74
34
41
35
11
70
125
121
118
116
100
83
115
115
33
-7
-32
-51
-35
3
13
23
37
-11
-64
-69
-77
-111
-126
-129
-89
-22
-3
9
-46
-160
-199
-185
-138
-44
14
25
2
-48
-148
-262
-296
-262
-162
-56
41
62
-36
-116
-163
-203
-152
-24
34
44
50
-15
-60
-63
-77
-79
-45
-40
-64
-33
-34
-66
-36
27
26
52
66
-13
-74
-93
-119
-117
-19
40
69
134
120
29
-5
-30
-104
-82
-34
13
116
180
119
16
-84
-184
-146
-51
25
142
195
149
74
-6
-131
-181
-128
-87
-28
22
19
-17
-28
-48
-111
-124
-75
-77
-101
-59
-86
-101
-41
-48
-65
-60
-87
-143
-118
-128
-152
-86
-8
40
77
58
-9
-57
-119
-157
-107
-68
-23
58
78
36
-2
-53
-120
-109
-48
4
48
81
48
20
10
-40
-97
-43
16
61
157
170
115
67
1
-40
7
74
106
128
139
118
79
72
97
110
125
147
130
96
97
90
71
96
129
143
127
96
42
-25
-43
-54
-54
73
187
184
136
38
-73
-134
-129
-62
62
164
172
130
68
-15
-70
-84
-32
40
102
153
146
110
75
8
-24
-22
-4
24
38
40
32
21
-17
-12
12
21
43
55
54
33
13
7
-10
-6
19
9
-4
2
-5
-4
22
44
56
69
79
71
38
20
12
-27
-43
-25
-2
26
27
19
6
-12
-32
-38
-23
9
24
3
-7
-11
-29
-16
1
9
25
22
-16
-29
7
20
42
74
49
31
38
13
-10
18
27
18
41
44
31
45
47
28
28
24
15
4
7
24
62
87
74
53
10
-38
-45
-22
17
64
93
53
-6
-37
-58
-74
-52
-5
22
57
32
-31
-47
-43
-55
-62
-37
-27
-9
-13
-40
-34
-14
-10
-4
-2
-21
-26
-57
-75
-65
-56
-31
-24
-56
-72
-77
-131
-120
-90
-85
-63
-78
-117
-104
-69
-83
-93
-118
-149
-151
-132
-123
-98
-36
-24
-40
-21
-37
-56
-39
-49
-47
-12
-5
0
4
-25
-25
-7
-2
-6
1
-2
-24
-44
-44
-24
-10
-8
-35
-62
-85
-86
-79
-78
-46
-11
-6
-8
-14
-23
-31
-22
-24
-27
-15
-1
1
14
38
27
22
21
6
0
0
8
23
12
0
-18
-33
-38
-51
-47
-37
-17
7
-10
-20
-28
-45
-44
-30
-47
-64
-55
-54
-35
-16
-27
-25
1
-19
-42
-40
-15
-5
-3
22
14
12
-6
-32
-35
-30
-20
2
33
43
36
17
-12
-8
-12
-23
-11
9
29
39
36
18
20
7
-8
-6
1
-3
10
45
57
65
65
61
56
49
49
49
70
98
103
105
113
106
78
63
72
79
87
99
91
73
61
48
42
55
67
37
27
26
28
41
30
35
39
37
34
29
13
21
29
40
52
64
69
56
31
2
-14
-23
16
33
41
65
57
52
50
35
14
24
32
17
25
29
14
20
19
9
-9
-22
-15
-19
-14
-12
-16
-19
-9
2
2
-7
-21
-33
-40
-28
-21
-21
-5
7
-6
-15
-23
-45
-41
-13
4
41
55
45
27
3
-8
-23
-20
-1
30
23
4
9
-9
3
7
-2
17
15
5
10
33
51
46
33
24
5
-11
-10
2
15
44
56
60
69
65
63
54
60
71
72
62
47
42
45
46
57
80
85
70
52
46
32
24
26
22
29
27
2
-24
-39
-59
-54
-43
-40
-46
-62
-63
-71
-79
-79
-69
-67
-74
-102
-126
-121
-113
-107
-81
-61
-58
-73
-108
-126
-119
-101
-78
-58
-46
-50
-60
-82
-97
-91
-86
-75
-67
-67
-68
-62
-59
-65
-52
-35
-46
-60
-61
-55
-49
-31
-22
-15
6
1
-3
11
7
2
11
5
-9
-8
-8
-2
13
15
15
13
-4
-17
-19
-6
12
28
41
19
10
-18
-37
-23
-8
8
32
41
21
2
-21
-35
-35
0
21
19
20
0
-33
-45
-43
-42
-22
-12
-21
-21
-25
-30
-48
-48
-32
-41
-51
-45
-28
-37
-43
-31
-15
-6
-19
-22
-29
-23
-14
-31
-31
-22
-15
-7
-5
-4
-4
-7
-2
-7
-7
-1
2
10
16
11
4
1
-10
-6
9
18
38
49
39
22
14
11
21
43
63
64
73
58
23
18
36
60
73
79
55
36
7
-12
7
44
66
72
71
49
25
5
-3
22
56
51
61
63
60
46
20
12
13
14
30
34
36
34
21
13
0
0
-1
-5
4
28
22
19
24
1
-13
-21
-25
-25
-5
10
10
24
12
-11
-18
-16
0
15
21
19
15
2
-16
-8
9
20
31
42
43
33
33
30
36
52
59
51
53
47
41
42
48
60
52
36
34
30
29
29
31
29
28
18
14
5
-3
7
17
11
7
-5
-41
-41
-34
-15
9
21
36
35
28
23
6
-7
1
19
21
31
49
40
40
31
21
12
8
0
-2
27
34
41
51
42
18
-7
-2
11
28
51
57
48
36
26
5
10
29
29
46
65
55
38
30
27
31
36
37
42
42
28
4
-3
-3
-3
3
6
9
16
6
-14
-24
-34
-39
-45
-52
-63
-59
-71
-81
-80
-88
-97
-96
-95
-78
-49
-53
-67
-78
-95
-110
-102
-105
-100
-76
-71
-63
-63
-71
-81
-80
-77
-73
-62
-66
-70
-74
-69
-71
-72
-60
-57
-53
-51
-42
-38
-24
-5
-4
-8
-6
-6
-6
-3
11
34
49
56
44
22
9
11
22
32
45
60
67
62
65
46
24
22
16
31
42
27
14
10
-1
-7
3
10
8
24
13
-1
6
-3
-7
-4
3
-11
-16
-15
-22
-20
-33
-42
-40
-34
-35
-29
-30
-33
-39
-54
-58
-59
-61
-72
-69
-65
-70
-65
-53
-51
-50
-56
-67
-62
-53
-47
-41
-34
-37
-42
-47
-43
-36
-18
-4
-7
4
9
12
12
10
20
31
32
30
35
37
39
46
71
68
54
45
23
30
48
54
53
58
63
48
42
36
30
43
61
63
62
70
70
56
48
36
41
58
61
57
63
71
67
64
65
60
60
61
52
44
37
27
20
17
4
-4
-4
6
8
1
-3
-19
-38
-46
-51
-46
-39
-41
-48
-51
-58
-72
-76
-68
-44
-30
-19
-18
-29
-38
-51
-56
-34
-24
-14
-11
-20
-24
-33
-32
-14
15
24
20
17
19
11
3
-3
9
24
27
26
19
26
30
26
21
28
34
43
50
50
50
49
48
38
42
37
30
38
49
48
46
43
33
21
16
18
20
32
38
41
26
11
13
13
9
14
16
8
1
-1
-5
-6
10
17
24
17
8
0
-7
-1
7
20
25
22
22
10
11
21
26
26
19
23
11
-2
4
8
14
21
18
23
29
28
13
4
1
9
16
19
24
22
14
1
-3
4
7
20
30
30
26
7
-7
-7
-4
-12
-11
-5
-5
-1
-7
-13
-14
-24
-34
-38
-41
-35
-34
-33
-39
-50
-61
-71
-72
-68
-56
-49
-47
-45
-54
-64
-67
-60
-61
-64
-61
-62
-60
-62
-60
-51
-43
-38
-32
-24
-23
-27
-35
-34
-31
-28
-23
-22
-7
-2
-5
-22
-29
-22
-15
-8
3
7
6
0
-11
-10
-10
-6
-6
-1
7
11
16
17
29
29
21
17
12
16
20
32
40
31
25
18
6
9
3
4
4
5
4
-2
-11
-22
-24
-30
-32
-30
-29
-36
-35
-40
-43
-39
-43
-48
-51
-60
-76
-75
-66
-55
-45
-44
-39
-41
-49
-52
-51
-44
-38
-35
-34
-25
-24
-18
-17
-11
7
10
2
-8
-7
-1
6
20
26
33
22
16
24
22
25
24
29
37
35
30
33
36
37
39
34
34
31
32
44
49
48
54
44
30
29
27
33
42
45
50
52
45
33
26
27
19
25
33
38
34
22
9
-13
-13
-9
6
16
20
14
-4
-9
-11
-6
0
8
14
21
23
7
0
0
-2
-7
-7
-8
-8
-9
-11
-11
-5
-7
-20
-21
-9
-4
-1
-5
-11
-16
-18
-20
-18
-11
-3
0
-2
1
-1
-1
11
28
31
35
47
50
44
49
46
47
53
51
62
78
76
66
64
64
74
79
94
98
93
78
57
49
55
62
65
68
55
47
43
37
33
41
44
33
32
21
16
15
13
20
15
15
3
-5
-7
-12
-14
-12
-11
-13
-12
-12
-15
-24
-30
-42
-44
-31
-25
-22
-26
-28
-38
-58
-64
-63
-56
-53
-40
-37
-24
-23
-27
-19
-24
-33
-40
-32
-26
-15
-13
-13
-16
-14
-8
2
17
34
39
32
24
12
10
12
19
27
26
19
10
3
14
25
28
24
25
16
4
-5
-14
-16
-21
-17
-14
-10
-16
-21
-18
-20
-12
-7
-9
-13
-8
-6
-13
-18
-18
-17
-18
-13
-12
-9
-2
-2
-3
-7
-4
-5
-14
-12
-19
-16
-16
-22
-20
-21
-20
-15
-12
-16
-15
-10
-12
-15
-23
-23
-20
-17
-18
-20
-18
-23
-20
-17
-7
0
0
0
-12
-20
-25
-23
-21
-21
-23
-22
-25
-25
-18
-24
-23
-23
-22
-27
-31
-34
-36
-36
-35
-36
-34
-32
-23
-24
-25
-30
-34
-31
-33
-31
-27
-27
-35
-38
-40
-35
-30
-23
-19
-27
-31
-34
-40
-38
-46
-52
-47
-44
-43
-45
-41
-37
-36
-29
-23
-14
-9
-15
-14
-15
-15
-22
-15
-9
-4
-3
1
9
14
14
13
18
19
18
12
13
15
17
24
26
29
32
24
22
29
26
25
27
22
28
25
26
33
32
31
25
28
31
26
27
23
15
19
14
10
13
9
10
8
8
10
10
12
11
17
14
19
20
19
19
15
14
3
4
10
6
7
11
12
12
4
0
-7
-11
-8
-11
-3
2
-5
-8
-21
-26
-25
-24
-19
-8
-2
-11
-14
-18
-17
-16
-7
-3
6
11
16
20
21
17
14
19
16
24
27
26
32
38
42
49
50
52
53
43
46
44
43
47
45
50
44
37
36
38
36
46
54
48
47
37
38
36
34
36
33
33
27
25
27
24
23
19
12
7
4
6
2
-4
0
0
-6
-10
-14
-14
-17
-15
-11
-15
-15
-13
-14
-16
-17
-18
-24
-24
-25
-22
-18
-15
-10
-12
-3
0
-1
-2
-2
-3
-3
9
16
21
24
24
23
18
16
22
29
26
24
24
22
27
31
36
41
37
33
27
21
25
29
30
34
36
23
16
16
9
13
17
13
17
11
9
1
-5
-5
-8
-9
-9
-15
-23
-21
-20
-23
-18
-21
-23
-22
-33
-46
-44
-38
-44
-45
-43
-40
-41
-42
-42
-46
-38
-35
-34
-33
-35
-39
-41
-40
-40
-33
-40
-43
-41
-43
-37
-39
-38
-36
-39
-45
-50
-50
-51
-44
-38
-43
-47
-49
-51
-47
-41
-40
-37
-33
-37
-42
-44
-42
-34
-34
-36
-35
-31
-34
-34
-31
-28
-30
-27
-26
-21
-13
-17
-16
-11
-17
-17
-18
-17
-11
-7
-7
-7
-2
4
4
4
4
1
1
1
12
16
25
26
13
8
4
2
4
5
10
8
6
2
2
9
9
12
12
12
11
8
5
-2
-2
0
-3
-7
-8
-8
-12
-12
-11
-13
-12
-18
-17
-17
-24
-21
-22
-24
-22
-19
-16
-20
-18
-12
-8
-9
-9
-8
-10
-7
-6
-4
0
4
11
14
15
10
13
12
14
17
16
14
16
21
19
23
25
19
17
22
20
22
26
23
22
17
8
4
6
3
5
8
10
18
20
15
19
15
10
9
9
11
10
7
4
5
7
11
10
8
21
23
22
29
32
35
34
36
37
34
36
31
33
39
46
48
53
54
51
50
46
44
48
54
55
53
59
59
55
62
63
62
57
50
51
44
41
48
45
43
44
43
35
33
29
31
33
25
16
13
6
0
-3
-11
-19
-19
-14
-17
-17
-11
-7
-3
-5
-9
-15
-26
-27
-31
-27
-25
-24
-17
-17
-19
-15
-17
-14
-11
-10
-1
-1
-1
0
-2
0
-6
-9
-7
-15
-12
-8
-12
-12
-5
-2
0
0
1
-1
-4
-3
-5
1
7
4
-2
-1
-5
-5
-3
-5
1
4
15
20
20
25
21
16
12
18
16
6
6
12
23
27
29
40
44
42
35
41
51
43
37
38
41
40
43
43
42
36
32
24
17
13
15
14
11
12
7
-4
-12
-14
-18
-23
-26
-34
-39
-43
-52
-53
-53
-54
-51
-53
-54
-54
-59
-57
-61
-71
-71
-79
-80
-73
-76
-70
-67
-69
-70
-75
-77
-78
-76
-69
-69
-64
-57
-62
-57
-60
-61
-61
-63
-58
-54
-57
-56
-45
-45
-46
-49
-45
-41
-38
-39
-33
-32
-24
-24
-26
-30
-28
-19
-23
-21
-18
-19
-19
-16
-9
-8
-3
-3
9
12
8
12
0
1
1
2
2
-1
-9
-11
-6
-11
-8
-12
-17
-19
-26
-26
-27
-26
-19
-19
-15
-13
-15
-17
-17
-10
-8
-16
-25
-28
-29
-28
-22
-18
-18
-11
-8
-9
-5
-7
-2
-4
-3
1
-2
1
-3
0
6
12
15
13
11
14
16
17
24
25
28
32
33
34
36
42
44
45
42
41
44
38
33
30
34
36
32
30
25
22
21
19
23
25
28
27
21
28
26
23
22
17
16
10
13
17
18
20
17
13
8
7
8
10
6
5
6
7
7
15
16
19
20
21
22
21
19
11
16
20
28
34
36
37
41
37
37
40
36
38
32
31
32
30
27
26
31
33
36
44
49
45
47
42
44
47
39
39
36
31
24
28
27
23
24
25
26
29
30
29
29
32
28
28
27
29
27
24
18
13
15
16
25
25
25
23
20
18
23
25
21
20
19
26
21
23
19
15
21
17
20
20
10
8
6
-1
0
-1
-3
-5
-5
-2
-2
3
-2
-1
-1
-4
-2
3
-5
-9
-9
-11
-4
-11
-12
-12
-10
-8
-13
-21
-20
-25
-24
-19
-17
-12
-10
-11
-21
-21
-25
-25
-15
-13
-7
-6
-6
-10
-11
-18
-20
-11
-17
-21
-18
-21
-20
-20
-28
-26
-27
-24
-23
-28
-25
-24
-21
-21
-30
-25
-23
-21
-18
-19
-14
-15
-14
-13
-15
-18
-26
-34
-28
-29
-38
-42
-42
-42
-53
-55
-58
-52
-46
-51
-41
-48
-46
-46
-55
-59
-59
-56
-54
-53
-49
-44
-50
-48
-45
-43
-45
-44
-41
-39
-32
-31
-31
-32
-28
-29
-29
-27
-23
-17
-14
-7
-10
-12
-9
-11
-8
-6
-9
-5
-6
-7
-7
-1
12
15
12
21
16
8
5
1
0
-4
-3
-4
-6
-13
-12
-10
-8
-9
-14
-18
-22
-30
-35
-38
-43
-42
-47
-46
-50
-55
-49
-50
-49
-49
-44
-48
-49
-46
-42
-43
-45
-45
-48
-51
-48
-46
-40
-37
-38
-26
-19
-16
-17
-14
-9
-3
2
12
17
23
30
30
37
41
42
53
54
58
57
53
58
62
65
67
71
73
74
67
70
79
81
82
85
86
77
69
65
65
62
62
60
61
60
57
54
57
57
58
55
54
55
52
56
54
55
44
39
29
17
17
17
20
17
16
12
7
7
10
14
16
13
15
14
8
-2
-6
-8
-14
-10
-6
4
3
1
14
12
13
19
22
25
21
23
27
25
18
23
20
16
24
27
31
37
44
45
42
45
48
47
49
48
45
52
44
52
57
55
65
58
60
60
60
56
52
55
51
53
55
56
60
58
57
59
58
55
48
39
40
39
39
35
30
29
25
28
29
27
27
19
13
11
8
1
0
-9
-15
-19
-26
-30
-31
-26
-26
-29
-30
-31
-37
-41
-43
-40
-48
-51
-46
-46
-46
-43
-36
-33
-36
-32
-29
-28
-30
-35
-40
-44
-36
-34
-36
-37
-41
-37
-34
-37
-31
-28
-27
-26
-27
-23
-28
-24
-23
-28
-27
-36
-33
-32
-23
-25
-24
-22
-27
-29
-33
-32
-31
-32
-37
-43
-39
-43
-48
-44
-49
-48
-51
-52
-54
-56
-57
-57
-53
-53
-54
-52
-57
-60
-55
-59
-56
-56
-55
-48
-50
-53
-55
-54
-51
-50
-47
-46
-41
-36
-35
-28
-25
-22
-22
-25
-25
-25
-17
-14
-7
-6
-3
-10
-10
-3
-2
6
3
6
6
-1
-1
-2
-3
-1
1
-3
1
6
3
3
8
2
-3
-10
-13
-10
-13
-15
-19
-18
-20
-24
-25
-25
-25
-28
-30
-31
-31
-37
-37
-41
-42
-42
-41
-39
-35
-36
-40
-37
-39
-41
-45
-42
-44
-42
-38
-39
-28
-27
-20
-14
-10
1
4
6
11
15
21
25
24
24
31
40
43
43
51
56
59
60
60
64
66
68
70
67
67
64
63
67
63
66
69
65
66
60
57
55
53
44
42
43
40
50
55
60
59
52
46
43
37
34
38
39
40
34
31
28
33
32
36
34
37
47
46
45
45
44
46
50
44
48
43
43
38
35
34
29
24
26
26
32
31
30
39
44
44
41
38
33
39
36
33
31
25
27
29
28
26
31
34
36
37
38
43
39
33
40
32
30
34
25
29
25
21
23
18
19
25
22
21
13
19
14
6
7
7
14
7
2
6
4
2
3
-3
-7
-12
-8
-12
-7
-5
-4
-4
-5
5
7
4
3
2
-4
-10
-12
-12
-11
-12
-18
-20
-24
-23
-17
-15
-12
-7
-3
-8
-18
-22
-29
-38
-39
-42
-49
-47
-50
-57
-53
-50
-50
-46
-50
-51
-53
-51
-49
-48
-44
-43
-47
-48
-51
-53
-49
-49
-41
-34
-31
-31
-31
-34
-33
-29
-30
-24
-20
-21
-13
-10
-14
-16
-17
-15
-23
-21
-22
-19
-13
-12
-3
-1
5
-1
-10
-9
-8
-17
-17
-12
-9
-10
-16
-16
-17
-15
-11
-10
-17
-13
-14
-21
-28
-38
-34
-43
-45
-50
-59
-61
-65
-59
-60
-58
-57
-58
-55
-51
-58
-54
-53
-58
-56
-58
-56
-55
-57
-58
-47
-41
-32
-28
-30
-28
-28
-25
-16
-15
-16
-17
-16
-16
-11
-9
-6
-7
-15
-13
-16
-11
-4
-3
-2
-1
2
5
2
5
1
3
3
3
6
2
2
3
5
3
12
13
10
13
13
9
10
18
16
18
11
7
9
16
12
9
15
17
17
12
14
16
15
14
22
23
22
20
18
29
33
41
42
39
42
46
48
46
46
47
45
46
47
45
45
43
41
44
40
35
31
26
24
25
28
23
16
16
21
14
13
13
18
22
21
19
13
10
11
9
2
5
6
15
21
23
26
29
29
24
33
37
37
37
37
43
39
38
43
52
55
55
61
66
64
63
64
62
64
63
63
55
49
48
46
43
42
48
46
39
33
31
30
32
22
17
22
23
17
13
11
8
15
8
6
8
4
4
-6
-5
-8
-13
-12
-9
-7
-7
-7
-12
-8
-8
-9
-3
-4
-5
-5
0
6
10
5
6
11
4
5
6
3
10
13
9
11
16
16
17
17
17
24
28
26
19
18
16
8
8
4
10
7
8
6
7
4
-3
-4
-5
-2
-11
-4
-12
-18
-21
-23
-30
-27
-23
-27
-27
-30
-30
-36
-40
-39
-28
-42
-46
-44
-52
-56
-49
-51
-49
-46
-50
-44
-45
-47
-44
-49
-55
-54
-48
-45
-39
-37
-36
-34
-35
-30
-32
-26
-23
-31
-31
-25
-26
-24
-27
-35
-37
-36
-40
-43
-39
-37
-34
-33
-32
-33
-37
-36
-34
-40
-44
-42
-33
-36
-31
-24
-25
-21
-22
-23
-19
-18
-20
-13
-18
-16
-11
-15
-16
-21
-20
-17
-11
-6
-4
-8
-8
-8
-14
-14
-12
-15
-16
-19
-20
-23
-22
-22
-19
-19
-22
-19
-25
-24
-23
-24
-23
-25
-24
-26
-25
-20
-19
-28
-30
-26
-25
-21
-19
-20
-15
-8
-4
-4
-3
-6
-3
-7
-8
-7
-6
-5
-13
-15
-12
-12
-9
-4
0
12
16
22
28
22
24
31
24
14
14
15
15
19
27
33
36
44
49
44
38
36
36
33
28
34
34
35
32
24
27
22
20
26
21
12
8
5
4
1
0
1
-2
-2
-3
-8
-10
-15
-23
-20
-22
-16
-22
-22
-21
-26
-26
-30
-19
-17
-13
-9
-13
-8
-14
-15
-14
-13
-9
-15
-8
-1
9
14
16
23
23
28
25
24
32
33
34
44
45
48
51
54
58
63
68
74
77
79
81
77
74
70
63
68
73
70
74
77
76
75
72
64
63
60
58
56
54
50
53
52
46
49
42
41
39
37
44
42
38
32
24
20
19
18
17
20
24
20
21
12
8
9
10
11
13
12
16
22
15
20
14
11
16
12
13
13
13
12
13
9
9
8
7
9
5
3
4
1
4
3
3
2
5
11
0
-7
-11
-10
-4
-7
-2
-7
-10
-12
-10
-6
-9
-12
-15
-17
-22
-27
-38
-43
-45
-44
-42
-40
-46
-47
-47
-52
-52
-51
-52
-52
-49
-53
-59
-55
-60
-64
-60
-61
-56
-58
-56
-61
-65
-60
-66
-62
-59
-55
-55
-56
-54
-48
-51
-44
-42
-41
-38
-35
-37
-43
-42
-42
-36
-42
-32
-28
-29
-28
-19
-21
-22
-18
-23
-19
-22
-17
-18
-16
-15
-8
-7
-3
0
-1
4
6
9
5
9
12
13
16
13
11
15
17
15
18
19
22
16
14
14
5
8
0
-1
0
-1
4
1
-6
-4
-4
-4
1
-1
-9
-13
-18
-26
-25
-21
-20
-17
-15
-15
-16
-18
-23
-27
-26
-32
-34
-32
-38
-37
-38
-32
-28
-33
-32
-32
-31
-30
-30
-36
-39
-41
-42
-38
-39
-31
-28
-28
-25
-16
-9
-9
-10
-16
-12
-9
-2
-2
-4
-5
-9
-5
-1
4
11
11
15
20
19
15
13
17
17
13
17
14
15
16
13
19
22
26
23
16
19
17
17
22
20
19
17
15
10
9
11
7
8
3
1
4
0
-5
-2
0
-4
0
6
4
7
15
13
11
12
12
15
19
18
23
25
23
25
28
30
35
36
38
43
49
49
51
51
59
58
60
56
46
49
49
49
45
43
47
54
56
56
63
64
71
72
73
71
65
59
51
44
35
37
41
30
32
29
27
38
40
35
35
32
28
27
22
14
8
5
2
4
3
3
3
-5
0
-3
-8
-6
-5
-10
-13
-15
-20
-16
-17
-14
-17
-14
-15
-17
-20
-17
-5
-7
-3
-5
-6
-3
-4
1
7
11
2
4
2
1
5
-1
-7
-3
-1
-1
6
4
6
9
5
8
3
-1
-2
-3
-2
-12
-17
-22
-21
-20
-26
-19
-20
-21
-13
-23
-24
-28
-33
-30
-35
-39
-42
-41
-38
-38
-37
-34
-33
-33
-29
-29
-21
-21
-20
-13
-7
-7
-4
-2
-5
-1
-2
-3
1
-4
-6
-3
-3
-7
-3
-4
-2
0
2
2
4
-2
-3
-3
-6
-5
-9
-8
-8
-13
-7
-6
-7
0
-1
1
5
8
14
12
9
9
7
5
-1
1
5
7
6
11
9
3
6
10
10
6
2
0
-1
-4
-4
-8
-4
-1
1
0
-8
-15
-17
-13
-13
-9
-11
-12
-14
-16
-11
-16
-16
-16
-16
-11
-17
-15
-13
-11
-6
-12
-10
-8
-9
-10
-8
-2
-3
-4
-4
-9
-8
-6
-12
-14
-11
-11
-9
-12
-14
-13
-17
-14
-9
-6
-9
-19
-23
-31
-30
-32
-29
-30
-32
-33
-32
-31
-35
-36
-39
-37
-35
-41
-41
-45
-49
-54
-56
-54
-57
-55
-55
-50
-46
-48
-43
-40
-36
-33
-33
-35
-30
-31
-33
-30
-31
-31
-31
-32
-33
-31
-27
-24
-18
-16
-10
-10
-4
-2
-2
2
7
9
4
13
19
17
18
23
23
26
28
25
25
35
42
43
41
44
48
53
51
50
52
39
31
34
34
34
36
31
28
25
24
27
25
23
21
28
26
19
16
13
14
10
12
10
11
13
9
11
11
11
12
13
14
18
15
19
24
25
32
35
39
37
39
43
46
47
46
51
46
45
42
44
45
48
49
50
51
48
51
44
40
38
34
36
33
23
27
29
26
28
23
21
20
23
18
16
10
7
11
7
12
16
17
22
24
25
23
19
18
18
18
11
15
24
24
25
20
25
26
23
26
24
23
26
23
25
22
23
25
16
21
21
22
23
26
23
28
31
32
30
22
21
13
9
6
10
12
13
15
20
24
20
21
25
19
23
18
11
5
3
0
1
-5
-8
-4
-9
-7
-10
-10
-8
-8
-8
-9
-12
-15
-17
-25
-28
-26
-26
-28
-34
-33
-34
-31
-29
-25
-24
-22
-21
-23
-24
-33
-35
-38
-40
-39
-38
-43
-42
-37
-36
-37
-38
-37
-39
-35
-39
-42
-45
-47
-39
-41
-43
-38
-50
-54
-55
-57
-55
-60
-63
-63
-66
-65
-67
-69
-63
-66
-66
-66
-65
-68
-69
-62
-63
-59
-59
-54
-53
-47
-43
-43
-37
-40
-34
-27
-23
-17
-12
0
1
-4
-4
-7
-4
-8
-4
-7
-6
-3
-6
4
-3
-3
-2
-6
-7
-6
-6
-13
-13
-14
-10
-6
-6
-6
-8
-11
-13
-16
-17
-19
-22
-24
-28
-29
-33
-32
-29
-34
-30
-24
-25
-26
-21
-30
-34
-32
-29
-33
-32
-26
-25
-24
-24
-23
-22
-20
-13
-11
-16
-11
-13
-14
-9
-7
-1
1
0
3
6
12
15
11
18
23
21
20
18
9
5
9
15
26
32
38
38
44
43
40
40
32
28
25
21
21
26
31
36
44
47
50
53
56
54
57
56
49
53
53
39
39
35
27
34
34
36
39
41
45
45
45
48
45
47
55
49
46
44
44
43
36
36
39
38
35
43
41
40
48
50
47
45
47
49
48
51
54
60
65
63
62
60
57
60
59
65
62
62
67
58
66
65
62
64
61
64
68
61
59
56
53
52
47
49
42
43
43
34
35
35
30
25
23
16
11
13
5
0
4
2
-2
-6
-6
-2
-5
-5
-5
-14
-17
-25
-33
-40
-42
-41
-42
-40
-43
-38
-39
-42
-36
-32
-28
-30
-31
-34
-35
-31
-36
-36
-37
-35
-39
-32
-26
-27
-19
-20
-15
-20
-10
-8
-13
-11
-15
-14
-13
-13
-11
-13
-12
-11
-11
-10
-7
-3
1
4
6
16
16
16
15
12
9
10
8
2
4
-7
-9
-11
-14
-17
-24
-28
-25
-20
-29
-27
-30
-30
-25
-26
-23
-30
-35
-36
-40
-41
-36
-43
-36
-34
-41
-42
-46
-49
-46
-47
-48
-52
-50
-53
-53
-47
-47
-52
-53
-58
-57
-54
-57
-59
-56
-56
-58
-52
-56
-54
-48
-51
-51
-55
-53
-54
-59
-63
-55
-54
-56
-51
-48
-42
-39
-37
-38
-40
-45
-42
-42
-44
-48
-53
-50
-49
-47
-49
-41
-29
-32
-31
-27
-30
-24
-16
-19
-19
-23
-21
-21
-22
-23
-14
-11
-5
-1
-1
0
-6
-3
-1
0
0
4
3
11
11
11
18
20
20
18
20
20
20
23
16
19
17
21
21
17
15
7
7
6
8
10
15
18
27
36
35
39
43
47
51
53
55
51
49
54
55
55
57
53
54
61
64
69
71
72
72
72
63
65
59
56
63
60
55
50
46
49
52
50
55
57
59
62
56
52
48
51
45
35
39
35
30
35
29
26
26
20
25
21
18
18
12
14
15
12
9
7
3
-5
-5
-13
-21
-22
-20
-21
-26
-22
-28
-27
-26
-27
-26
-23
-22
-18
-16
-19
-19
-20
-15
-18
-14
-10
-8
-9
-2
10
14
16
19
29
35
41
48
42
42
45
36
39
45
44
42
50
54
56
57
57
54
51
52
52
56
51
53
48
46
49
45
36
40
44
37
38
28
21
19
17
21
13
5
3
2
-1
-10
-12
-13
-22
-25
-22
-20
-21
-16
-24
-20
-15
-23
-18
-17
-19
-24
-18
-16
-19
-21
-25
-20
-29
-32
-38
-40
-36
-33
-27
-28
-28
-25
-20
-24
-18
-29
-31
-32
-38
-27
-33
-36
-36
-27
-27
-26
-22
-21
-21
-21
-19
-25
-22
-30
-28
-22
-26
-25
-31
-30
-29
-31
-30
-31
-32
-27
-28
-29
-25
-22
-29
-22
-24
-30
-30
-31
-32
-39
-38
-42
-43
-47
-44
-41
-43
-43
-43
-48
-45
-44
-48
-49
-50
-40
-39
-38
-38
-44
-43
-47
-47
-45
-34
-37
-37
-33
-35
-26
-22
-23
-22
-21
-23
-24
-21
-20
-21
-10
-17
-17
-16
-18
-9
-5
3
-1
-6
-5
-4
-10
-10
-11
-11
5
4
10
7
7
11
-2
0
-2
-5
-10
-10
-12
-6
-5
-1
-4
-5
5
-3
-2
-1
-6
-6
-7
-12
-11
-10
-7
-7
1
6
9
-5
-3
-5
-8
-3
-7
-8
-8
-5
-6
-6
-11
-10
-14
-19
-23
-32
-27
-16
-21
-19
-14
-13
-18
-18
-18
-23
-18
-8
-5
-6
-6
-9
-10
-7
1
3
3
12
16
24
30
32
33
34
34
39
37
29
36
40
37
33
37
38
42
39
38
42
42
40
34
37
33
32
37
34
37
41
43
47
47
48
43
36
28
30
29
26
24
20
23
31
36
33
34
36
42
42
43
44
44
44
36
30
34
41
46
44
53
53
52
53
55
52
50
57
57
58
57
52
48
48
53
56
54
51
51
49
47
45
45
42
40
40
43
43
47
48
46
48
50
47
44
45
38
41
31
27
27
22
22
21
22
22
23
15
16
14
8
15
4
-2
-6
-8
-14
-19
-19
-21
-22
-28
-25
-33
-27
-29
-35
-32
-30
-23
-20
-24
-27
-23
-23
-21
-19
-21
-21
-19
-17
-17
-21
-17
-13
-17
-17
-13
-10
-11
-8
-6
-12
-18
-17
-22
-22
-24
-29
-24
-26
-25
-25
-29
-35
-41
-31
-27
-21
-27
-27
-29
-29
-29
-29
-31
-31
-27
-24
-16
-18
-12
-14
-13
-8
-9
-7
-4
-7
-15
-12
-9
-12
-5
0
-1
2
3
2
1
-8
-9
-8
-15
-13
-16
-18
-23
-23
-24
-28
-29
-35
-40
-44
-39
-38
-44
-49
-52
-66
-70
-64
-59
-54
-47
-41
-45
-39
-36
-36
-39
-43
-36
-41
-42
-41
-43
-47
-38
-37
-34
-29
-29
-22
-16
-6
-12
-14
-15
-18
-18
-23
-24
-22
-17
-13
-5
-6
-7
-6
-11
-15
-14
-10
-15
-14
-17
-21
-24
-20
-20
-24
-16
-17
-18
-15
-16
-19
-19
-17
-21
-24
-22
-26
-28
-26
-27
-34
-29
-32
-34
-28
-28
-34
-31
-29
-28
-27
-29
-27
-23
-22
-27
-26
-15
-15
-15
-9
-11
-6
6
7
14
21
25
24
23
21
15
16
16
26
34
39
42
47
47
47
43
46
47
43
44
43
48
44
37
42
47
49
56
57
49
54
48
39
38
26
26
28
28
33
32
37
42
41
39
34
40
40
37
44
44
45
46
51
50
49
51
52
42
40
41
42
47
36
39
41
41
43
34
39
37
37
45
40
37
35
31
20
19
21
16
23
20
18
14
14
22
25
29
20
26
21
20
19
12
12
11
12
11
12
15
23
24
25
17
20
13
15
18
17
16
11
16
4
3
13
15
19
22
19
18
22
16
11
11
14
11
6
16
15
15
13
15
14
15
12
12
17
11
15
15
12
9
13
10
7
10
8
9
8
6
2
3
-9
-14
-16
-17
-15
-17
-20
-15
-10
-10
-8
-12
-10
-16
-17
-21
-17
-22
-29
-22
-31
-34
-31
-33
-29
-20
-15
-13
-6
-7
-11
-16
-17
-25
-22
-24
-30
-20
-24
-16
-13
-9
-3
-1
-5
-10
-10
-22
-28
-29
-29
-31
-32
-37
-35
-33
-31
-33
-31
-29
-34
-34
-32
-37
-42
-48
-44
-37
-44
-42
-45
-48
-47
-50
-54
-57
-66
-70
-69
-76
-74
-73
-67
-61
-63
-64
-64
-59
-53
-58
-61
-60
-63
-56
-52
-54
-53
-53
-53
-50
-51
-47
-46
-44
-34
-36
-38
-31
-31
-25
-18
-16
-16
-13
-12
-13
-12
-14
-18
-23
-18
-17
-14
-11
-7
-4
-4
-2
-5
-7
-5
-11
-12
-1
0
1
5
6
4
5
5
12
15
20
20
16
19
19
17
16
10
7
7
7
10
12
13
14
15
11
6
3
-2
-3
-2
-10
-8
-14
-11
-10
-12
-11
-13
-8
-14
-12
-9
-10
-9
-12
-5
0
4
3
-2
6
3
5
9
10
17
21
20
22
21
22
22
16
18
28
28
26
34
31
30
32
34
38
41
40
39
41
38
49
49
53
62
63
65
66
68
71
74
69
73
72
70
77
75
79
78
83
84
84
81
80
80
78
79
81
80
80
84
82
78
74
74
72
72
74
68
70
67
60
55
48
38
32
32
34
35
36
36
33
30
30
25
23
16
10
9
5
2
9
8
7
7
2
8
3
1
0
-2
-4
-5
-1
-3
-4
-6
-6
1
-5
-2
-3
1
1
0
-2
-17
-16
-15
-19
-10
-15
-16
-14
-22
-20
-23
-22
-20
-19
-18
-22
-23
-19
-22
-23
-23
-26
-21
-21
-20
-21
-24
-35
-28
-28
-33
-33
-33
-28
-26
-31
-30
-31
-36
-32
-32
-29
-22
-24
-29
-25
-29
-24
-23
-26
-20
-30
-27
-23
-28
-28
-24
-22
-22
-21
-21
-17
-17
-9
-12
-9
-1
-7
-11
-10
-14
-18
-16
-22
-15
-21
-29
-32
-32
-35
-42
-39
-41
-35
-38
-39
-40
-40
-35
-34
-21
-21
-16
-13
-14
-11
-16
-18
-22
-22
-21
-13
-15
-15
-10
-12
-10
-14
-8
-11
-10
-4
-4
-8
-14
-13
-19
-17
-17
-23
-21
-24
-28
-30
-27
-31
-32
-29
-30
-31
-33
-29
-39
-41
-33
-44
-45
-41
-44
-40
-39
-41
-40
-38
-40
-38
-35
-30
-28
-35
-30
-25
-27
-24
-21
-26
-25
-29
-24
-21
-22
-15
-9
-10
-13
-9
-7
-8
-2
5
4
4
5
2
6
6
7
7
2
11
11
11
13
18
20
13
16
17
13
11
9
14
9
4
8
6
8
8
9
7
5
2
-1
2
3
-3
-5
-1
0
7
3
-2
5
2
0
7
6
9
15
17
15
23
25
20
18
17
18
21
24
24
24
26
26
34
41
39
41
46
50
49
49
54
57
58
55
56
58
52
60
57
52
55
59
58
55
62
54
52
55
53
50
44
44
41
36
38
32
31
38
40
39
37
34
34
36
29
24
25
26
25
17
17
14
13
13
16
22
26
33
34
37
33
32
23
18
22
23
24
23
27
26
19
18
12
12
9
8
9
8
5
-1
-5
-5
0
-4
-9
-7
-4
-7
-2
2
-5
-10
-14
-18
-20
-22
-22
-22
-19
-15
-13
-11
-14
-18
-19
-15
-22
-18
-19
-23
-25
-31
-22
-20
-21
-16
-10
-10
-7
-6
-9
-14
-20
-26
-31
-28
-32
-27
-26
-25
-21
-18
-10
-12
-10
-8
-8
-11
-8
-9
-11
-14
-20
-14
-25
-19
-16
-24
-15
-15
-11
-11
-6
-9
-9
-5
-14
-9
-15
-19
-17
-20
-21
-27
-22
-19
-23
-22
-23
-22
-18
-22
-22
-21
-20
-18
-25
-28
-24
-29
-31
-23
-28
-28
-24
-27
-18
-13
-8
-14
-9
-8
-15
-14
-14
-13
-17
-18
-17
-17
-18
-16
-15
-12
-7
-3
-12
-14
-15
-22
-23
-22
-18
-27
-17
-18
-27
-20
-24
-20
-20
-24
-21
-28
-23
-23
-20
-18
-30
-28
-36
-35
-30
-30
-29
-36
-28
-25
-24
-24
-26
-31
-40
-44
-46
-50
-56
-56
-61
-61
-59
-60
-51
-42
-39
-30
-32
-32
-26
-28
-33
-34
-35
-29
-22
-25
-24
-23
-18
-19
-9
-2
-5
-6
-3
0
2
7
9
7
8
8
15
14
16
29
37
40
37
39
40
40
39
43
45
43
40
43
38
43
45
47
54
52
60
53
50
52
44
42
50
48
49
47
42
40
38
43
32
27
27
26
24
20
21
14
1
-3
1
2
-1
-5
-4
2
4
-1
-1
-6
-9
-3
2
8
5
4
4
-2
8
8
12
15
15
28
23
28
37
45
50
56
55
60
65
69
71
76
71
69
76
63
71
74
65
78
75
75
72
67
69
59
53
43
40
39
39
33
39
39
32
36
31
31
29
29
25
27
19
15
7
-1
-3
-6
3
4
7
10
5
7
5
14
17
9
11
-4
-8
-8
-13
-13
-19
-17
-15
-13
-1
0
1
4
4
1
-3
-7
-2
-5
-6
-4
-11
-7
-8
-4
-3
-1
9
9
6
12
23
20
18
26
25
20
26
18
18
15
18
15
17
19
14
23
25
24
20
22
27
23
27
21
19
8
-2
-5
-9
-16
-24
-27
-33
-34
-29
-28
-31
-25
-16
-28
-30
-35
-44
-50
-57
-50
-60
-58
-50
-54
-58
-57
-50
-56
-52
-56
-59
-55
-56
-54
-58
-61
-63
-69
-64
-60
-65
-54
-52
-47
-36
-38
-31
-29
-34
-39
-42
-38
-36
-39
-34
-35
-32
-25
-21
-13
-10
-12
-5
-13
-15
-15
-15
-17
-25
-25
-28
-25
-28
-22
-16
-14
-14
-11
-8
-9
-5
-7
-7
-18
-18
-22
-20
-10
-17
-8
-10
-11
-15
-13
-14
-18
-23
-28
-24
-34
-36
-39
-45
-37
-40
-41
-42
-40
-41
-45
-44
-49
-44
-53
-40
-44
-39
-27
-39
-27
-23
-23
-17
-13
-19
-21
-23
-29
-26
-28
-21
-14
-12
-8
-5
-8
-3
2
-3
2
4
1
1
0
1
2
3
11
15
19
27
34
33
39
42
44
37
34
39
36
38
34
44
45
42
51
52
48
57
51
54
53
51
55
46
41
40
45
43
39
34
29
19
10
11
19
14
9
14
10
12
9
9
11
9
7
11
15
18
12
16
13
11
17
23
25
32
35
35
43
40
43
38
47
50
50
49
47
53
56
61
61
62
67
64
66
73
69
73
80
75
70
66
59
61
60
54
58
65
59
63
65
61
63
64
64
58
54
50
41
43
44
49
51
48
42
38
35
28
21
23
17
7
6
6
-9
-7
-6
-8
-3
-6
-4
-11
-10
-19
-27
-27
-25
-26
-27
-23
-24
-24
-31
-28
-29
-31
-30
-35
-31
-27
-26
-28
-22
-26
-28
-21
-24
-16
-15
-12
-8
-2
-4
0
0
1
3
1
2
-4
-8
-3
-10
0
-1
-8
8
-1
-3
-3
-9
-10
-14
-25
-32
-35
-37
-35
-36
-34
-33
-39
-37
-39
-47
-43
-47
-53
-53
-58
-56
-53
-62
-52
-55
-52
-42
-39
-36
-39
-38
-46
-46
-45
-56
-52
-55
-60
-53
-61
-63
-65
-66
-63
-61
-59
-58
-51
-53
-61
-58
-58
-64
-71
-68
-62
-60
-58
-56
-56
-56
-56
-53
-49
-45
-49
-46
-38
-33
-36
-37
-24
-28
-23
-25
-24
-21
-19
-18
-18
-18
-13
-16
-21
-7
-8
-5
-8
-10
-9
-15
-16
-11
-8
-12
-11
-9
1
0
1
2
-4
-9
-12
-19
-19
-16
-18
-13
-13
-14
-10
-9
-15
-11
-9
-8
-5
-1
1
10
11
9
8
15
18
21
22
23
26
26
23
19
23
22
26
28
32
33
39
43
46
44
55
58
55
56
57
55
53
58
65
63
62
66
69
60
55
54
53
47
46
46
43
44
45
46
38
38
35
39
38
38
45
34
34
30
27
17
14
17
13
19
22
22
21
18
14
19
13
14
10
12
18
11
15
10
5
9
13
12
15
23
24
25
28
29
29
26
20
17
23
27
28
32
30
32
28
29
33
34
33
38
35
31
30
26
29
31
31
27
33
30
29
29
29
27
24
23
21
16
16
14
10
8
9
9
5
4
0
4
-3
-7
-7
-15
-16
-18
-16
-22
-19
-18
-22
-8
-10
-16
-9
-9
-5
-3
-4
-4
-2
-1
-8
-2
-10
-9
-6
1
10
10
13
9
6
10
13
13
9
12
7
8
2
1
1
-4
0
-5
-8
-4
2
1
-5
-3
-7
-13
-14
-24
-24
-23
-25
-23
-18
-12
-9
-9
-14
-14
-12
-14
-18
-13
-22
-27
-28
-29
-24
-33
-27
-28
-24
-23
-25
-23
-23
-21
-23
-23
-29
-35
-29
-29
-31
-35
-31
-28
-32
-29
-24
-28
-28
-22
-29
-27
-22
-29
-28
-25
-27
-32
-32
-28
-25
-24
-33
-32
-32
-40
-32
-36
-29
-32
-34
-27
-33
-30
-36
-35
-35
-35
-35
-36
-36
-41
-38
-39
-36
-36
-33
-33
-28
-22
-25
-21
-22
-24
-23
-25
-17
-16
-18
-12
-10
-5
-4
-1
3
7
9
16
16
17
20
18
16
20
24
28
27
25
25
24
23
29
29
30
35
37
38
45
45
40
43
42
37
39
32
25
28
33
28
24
30
23
22
27
24
24
18
19
14
6
3
-1
-7
-10
-10
-14
-11
-13
-16
-12
-7
-10
-9
-12
-18
-13
-14
-16
-14
-13
-14
-10
-10
-3
-3
2
3
4
9
14
18
12
15
12
11
5
6
-1
-6
-2
-3
4
6
13
20
22
20
15
18
13
14
8
3
3
2
1
1
0
-1
3
-1
2
2
-2
-2
-4
-7
-11
-12
-9
-6
-1
-5
-3
-3
-4
1
2
4
2
1
2
7
9
4
-1
2
-2
-4
-5
-5
-2
-7
-7
-10
-15
-12
-15
-10
-6
-8
-9
-4
-7
-13
-11
-6
-5
-9
-6
-9
-4
-7
-6
8
5
0
3
12
6
4
9
10
8
3
10
11
11
14
10
22
19
18
19
13
17
20
22
26
19
23
28
30
35
31
34
34
40
36
34
33
33
33
26
25
23
22
23
22
16
14
6
6
-3
0
3
-9
-3
-13
-20
-19
-25
-24
-26
-26
-26
-28
-23
-26
-27
-26
-26
-32
-32
-34
-38
-34
-30
-30
-32
-22
-17
-16
-16
-13
-14
-17
-14
-13
-7
-1
-4
-8
-1
1
9
10
13
8
8
14
6
12
10
13
11
11
21
18
23
26
27
31
33
35
34
30
32
34
35
35
38
39
37
35
32
31
24
19
16
10
11
9
9
14
15
9
9
9
-2
-8
-9
-14
-12
-12
-21
-22
-29
-33
-31
-30
-29
-33
-31
-26
-26
-31
-30
-28
-31
-36
-36
-37
-34
-33
-35
-35
-38
-36
-32
-35
-40
-44
-44
-43
-46
-47
-42
-42
-52
-46
-41
-41
-36
-35
-32
-37
-39
-42
-42
-40
-40
-34
-30
-23
-14
-10
-6
-6
-7
-3
-4
-5
-6
-9
-13
-5
2
8
16
17
17
19
18
15
14
14
15
8
0
-6
-6
0
3
4
8
5
3
1
-2
0
-3
-5
-3
-4
-4
-9
-6
-1
-5
-2
5
2
7
7
4
1
-2
-2
-6
-5
-6
-4
-2
2
3
1
6
7
8
9
13
9
13
15
9
12
14
21
20
32
36
33
42
34
35
30
21
16
14
8
4
5
7
11
8
6
11
3
3
6
4
2
-5
-3
-8
-8
-11
-13
-13
-18
-23
-16
-22
-21
-19
-22
-21
-24
-17
-19
-21
-18
-20
-20
-22
-22
-20
-17
-17
-17
-16
-23
-30
-28
-24
-21
-21
-20
-12
-10
-10
-4
-1
0
2
5
-1
-2
-3
-9
-1
3
6
17
27
32
36
42
36
40
42
44
54
59
60
65
71
82
84
86
89
84
85
89
90
94
94
88
87
89
86
87
94
86
84
83
80
80
80
74
73
67
62
57
49
44
47
44
43
37
34
36
34
34
28
21
16
14
13
11
5
11
11
2
10
13
14
3
-1
1
-5
-8
-12
-14
-14
-14
-10
-12
-5
-5
-8
-8
-13
-22
-24
-28
-31
-37
-44
-36
-43
-37
-32
-24
-24
-23
-19
-16
-9
-13
-10
-10
-11
-13
-13
-14
-15
-12
-9
-4
-2
-4
-8
-11
-11
-13
-18
-23
-23
-29
-28
-28
-37
-35
-37
-39
-40
-35
-34
-33
-34
-36
-38
-44
-43
-42
-42
-43
-40
-37
-38
-37
-40
-39
-42
-40
-35
-35
-34
-34
-26
-26
-18
-18
-21
-19
-18
-15
-15
-19
-19
-19
-29
-32
-31
-31
-30
-29
-30
-26
-26
-36
-31
-34
-34
-30
-33
-34
-29
-25
-27
-21
-25
-29
-30
-26
-26
-31
-28
-27
-24
-17
-16
-17
-15
-18
-15
-14
-17
-17
-16
-29
-31
-36
-39
-31
-36
-38
-30
-23
-20
-19
-17
-16
-12
-17
-22
-16
-25
-25
-30
-31
-26
-29
-25
-28
-26
-33
-33
-27
-28
-31
-41
-36
-39
-41
-38
-46
-43
-42
-43
-39
-36
-37
-39
-33
-38
-36
-29
-21
-15
-15
-11
-3
5
5
11
19
15
21
24
25
25
26
26
30
31
37
42
42
43
42
41
42
44
45
41
39
40
46
48
48
50
46
46
42
40
36
39
40
36
38
36
35
30
32
34
42
47
47
47
41
39
43
38
48
52
50
46
47
51
54
51
51
48
48
52
50
50
49
53
47
49
44
45
48
48
52
46
45
45
42
37
39
38
37
41
41
46
44
49
53
53
60
66
69
66
59
60
53
47
47
47
52
51
52
51
47
49
49
47
48
40
36
36
32
27
23
24
20
15
17
22
23
26
32
37
33
26
21
16
17
12
10
8
4
3
5
6
-2
1
-1
-7
-6
-14
-14
-19
-22
-22
-22
-30
-28
-24
-18
-21
-18
-15
-28
-29
-36
-42
-44
-45
-53
-52
-47
-47
-47
-45
-45
-45
-42
-40
-37
-31
-39
-40
-41
-44
-40
-40
-36
-39
-28
-25
-23
-18
-12
-12
-16
-18
-30
-22
-20
-20
-21
-24
-22
-23
-22
-25
-19
-19
-24
-30
-39
-42
-49
-49
-53
-55
-56
-60
-58
-56
-59
-62
-70
-73
-67
-71
-68
-65
-65
-59
-51
-64
-59
-55
-54
-51
-55
-55
-54
-51
-55
-57
-59
-63
-62
-61
-60
-52
-49
-44
-40
-39
-34
-29
-34
-38
-38
-39
-37
-35
-36
-34
-32
-34
-30
-28
-27
-24
-25
-28
-27
-25
-28
-30
-31
-31
-26
-22
-19
-11
-12
-15
-14
-12
-12
-9
-9
-5
-8
-12
-4
-1
-2
-4
-13
-14
-16
-14
-6
-4
-1
0
2
6
11
12
16
21
19
17
16
12
12
10
5
6
11
9
11
10
9
7
4
6
0
8
7
6
4
-1
-5
-2
7
9
9
11
11
9
11
15
16
19
21
16
14
13
19
22
26
34
39
45
48
46
43
43
47
51
55
48
47
46
46
47
49
56
57
62
64
63
62
62
60
62
65
69
65
63
62
60
57
60
66
65
66
66
65
66
67
67
67
68
68
66
60
61
62
62
61
53
55
52
47
48
45
42
46
52
50
47
48
51
47
40
33
33
31
25
26
28
25
21
26
26
30
31
38
39
45
47
49
52
47
48
46
44
42
35
33
35
34
37
32
38
37
37
43
39
39
32
21
18
14
9
8
1
-3
-5
-8
-14
-12
-16
-20
-19
-30
-28
-29
-33
-35
-39
-46
-51
-54
-51
-51
-53
-53
-55
-50
-50
-48
-41
-47
-42
-41
-46
-39
-39
-43
-41
-43
-40
-40
-33
-36
-42
-39
-45
-43
-39
-31
-31
-31
-28
-29
-27
-24
-26
-20
-24
-26
-20
-26
-24
-21
-24
-23
-23
-25
-27
-26
-26
-22
-16
-17
-13
-17
-18
-19
-26
-20
-25
-19
-15
-14
-13
-16
-16
-27
-28
-24
-25
-26
-22
-24
-29
-30
-32
-33
-29
-24
-29
-30
-27
-25
-23
-25
-25
-20
-21
-36
-41
-43
-47
-49
-46
-49
-51
-46
-38
-38
-40
-38
-43
-42
-38
-43
-44
-48
-54
-58
-51
-48
-50
-45
-47
-45
-46
-44
-44
-44
-40
-45
-45
-49
-48
-46
-50
-48
-50
-48
-45
-45
-45
-39
-45
-43
-38
-41
-44
-41
-36
-35
-30
-25
-22
-17
-14
-15
-13
-8
-19
-18
-11
-8
3
10
18
16
12
11
12
17
13
9
8
14
5
6
11
15
22
28
31
32
36
34
32
33
33
35
34
28
25
26
33
34
31
34
38
38
39
42
39
39
32
22
19
13
8
10
11
18
24
23
30
31
33
38
42
37
39
40
33
33
30
31
32
36
34
39
42
41
40
45
51
53
58
57
55
51
52
56
59
63
60
56
52
54
48
50
52
49
48
47
47
51
54
55
55
49
51
50
43
43
38
32
34
30
31
34
36
37
40
40
50
50
50
49
43
41
37
40
36
35
32
40
39
37
40
37
40
45
39
33
27
27
20
21
19
22
18
10
15
17
20
19
24
18
19
24
24
18
14
10
12
15
15
16
12
6
9
1
-5
-3
0
1
-4
-4
-9
-12
-9
-8
-12
-15
-19
-14
-16
-23
-23
-26
-30
-32
-37
-37
-34
-35
-30
-23
-23
-23
-23
-20
-18
-22
-27
-31
-34
-31
-33
-31
-29
-33
-19
-22
-23
-22
-20
-22
-25
-25
-33
-30
-29
-30
-31
-29
-33
-36
-39
-33
-32
-42
-42
-42
-48
-50
-42
-42
-42
-38
-43
-46
-43
-38
-44
-46
-44
-44
-34
-35
-39
-38
-39
-38
-37
-32
-33
-35
-32
-36
-36
-31
-26
-26
-30
-33
-37
-32
-38
-38
-33
-40
-36
-38
-45
-45
-49
-52
-51
-55
-50
-48
-55
-58
-60
-64
-61
-61
-61
-63
-65
-56
-52
-51
-51
-44
-47
-49
-45
-48
-44
-39
-38
-39
-36
-32
-28
-21
-20
-19
-13
-10
-10
-11
-1
3
-3
1
-4
-5
-4
-10
-6
-2
-6
2
7
4
9
13
15
8
8
11
10
13
15
13
12
11
2
6
7
6
10
14
14
15
19
12
17
13
4
5
2
2
5
4
3
4
4
5
3
4
11
12
11
14
16
14
20
21
17
20
20
24
29
28
25
23
26
32
36
41
46
40
45
50
51
52
53
50
55
59
65
69
73
72
70
70
64
68
65
64
62
59
64
60
65
62
58
55
47
47
45
45
45
37
31
17
15
20
24
28
19
18
22
21
16
18
14
12
16
16
19
19
16
13
13
11
7
4
8
10
18
20
20
27
25
32
31
29
30
31
35
41
49
46
36
39
39
43
45
41
51
49
50
45
39
36
33
27
29
32
29
37
29
31
29
24
31
25
25
22
20
15
10
9
2
5
2
3
7
1
3
2
0
1
5
0
-3
-2
-10
-9
-12
-13
-13
-17
-16
-24
-21
-22
-18
-21
-25
-17
-16
-12
-12
-12
-15
-20
-21
-19
-21
-14
-16
-21
-17
-13
-10
-6
-9
-4
-3
-2
3
4
16
6
9
4
4
9
12
14
11
13
3
8
2
10
10
4
2
-2
-3
-2
0
-5
-4
-16
-21
-27
-31
-34
-41
-49
-51
-51
-49
-54
-62
-62
-69
-67
-71
-74
-72
-77
-86
-89
-84
-83
-83
-80
-82
-87
-87
-86
-87
-83
-81
-81
-77
-73
-72
-70
-71
-68
-63
-62
-60
-58
-57
-58
-51
-45
-45
-44
-50
-43
-39
-42
-38
-46
-36
-32
-29
-21
-16
-15
-13
-12
-11
-10
-7
-1
-6
-8
-14
-11
-8
-7
-5
-10
-8
-16
-11
-3
-4
-7
1
0
-2
-1
-5
3
-2
-6
-5
-8
-6
-8
-14
-15
-7
1
3
12
11
4
1
-7
-7
-1
1
-3
-1
-8
-4
-2
-4
-1
-1
2
5
4
-2
3
6
-1
-2
-2
4
4
3
8
8
6
4
2
6
13
16
20
20
20
22
26
31
28
22
22
23
24
27
29
36
38
33
42
42
37
44
46
49
46
45
44
49
45
36
40
37
35
34
40
40
40
48
46
46
40
40
40
44
43
40
44
45
47
45
47
52
51
46
50
53
51
45
41
39
33
29
26
31
29
32
36
39
34
32
35
32
35
29
32
27
30
25
27
32
25
24
28
34
33
33
36
34
30
28
27
27
27
30
34
30
39
42
39
37
30
31
28
27
29
29
25
24
26
26
32
34
34
34
31
26
23
23
21
20
22
18
18
20
19
18
14
7
4
2
-6
-9
-6
-17
-20
-23
-31
-28
-21
-21
-31
-30
-30
-27
-30
-35
-30
-39
-46
-46
-43
-41
-40
-38
-35
-34
-34
-30
-23
-22
-24
-24
-30
-32
-28
-23
-23
-19
-21
-26
-25
-31
-35
-30
-26
-28
-31
-33
-43
-40
-40
-50
-49
-52
-47
-48
-52
-53
-59
-57
-62
-55
-55
-60
-53
-55
-48
-47
-53
-45
-44
-40
-37
-42
-37
-34
-34
-39
-39
-41
-44
-37
-32
-26
-23
-26
-22
-25
-24
-13
-17
-21
-18
-19
-19
-22
-20
-11
-11
-13
-15
-10
-11
-16
-14
-5
-8
-4
-5
-7
-8
-9
-14
-13
-7
-6
-7
-12
-17
-23
-28
-34
-30
-32
-31
-32
-35
-32
-30
-27
-27
-28
-21
-23
-26
-24
-17
-17
-21
-17
-15
-8
-8
-5
1
0
3
8
10
14
12
15
20
23
17
18
23
16
10
10
3
0
5
11
16
14
15
14
10
10
10
11
6
1
8
3
-7
-15
-13
-19
-22
-16
-14
-4
0
3
3
6
5
5
9
8
3
-1
8
11
12
4
6
7
4
4
6
8
14
11
11
15
4
5
3
4
6
7
14
11
12
15
15
20
20
21
29
31
31
37
33
33
39
33
39
40
46
55
49
50
50
49
47
53
44
48
54
45
50
50
43
44
39
42
44
43
51
50
51
51
50
47
38
38
37
34
25
19
24
25
26
24
20
22
23
21
23
22
20
20
10
9
6
7
15
13
14
16
17
15
19
20
19
21
21
16
8
10
7
5
4
2
4
4
6
4
8
10
4
5
4
1
3
0
5
5
9
10
11
15
11
14
19
18
18
15
11
11
16
10
6
7
6
7
2
12
11
9
12
8
0
-3
-5
-9
-4
-10
-10
-15
-22
-19
-24
-23
-25
-29
-24
-21
-23
-26
-25
-32
-32
-33
-40
-39
-39
-40
-27
-30
-36
-30
-28
-24
-24
-21
-21
-24
-16
-18
-8
-3
-9
-13
-14
-13
-13
-12
-14
-16
-12
-13
-19
-12
-11
-10
-8
-16
-13
-11
-6
-6
-4
-6
-10
-13
-12
-12
-16
-17
-19
-17
-15
-14
-13
-16
-21
-28
-26
-28
-29
-29
-35
-35
-31
-31
-27
-28
-30
-26
-28
-26
-33
-36
-31
-35
-26
-26
-29
-27
-34
-38
-35
-40
-34
-32
-29
-35
-33
-29
-31
-29
-26
-25
-24
-26
-27
-19
-30
-33
-29
-32
-28
-26
-25
-22
-23
-24
-23
-23
-21
-25
-28
-21
-17
-14
-19
-17
-14
-17
-10
-14
-18
-15
-17
-13
-11
-10
-4
-5
-4
3
8
9
6
13
8
9
13
18
22
20
19
24
30
26
30
30
29
29
31
35
30
33
35
22
23
23
26
28
25
23
20
25
31
25
29
33
33
35
31
30
22
21
14
7
9
8
4
4
6
11
8
18
27
21
16
15
12
14
15
10
9
7
12
9
15
16
15
20
18
25
29
27
24
25
27
29
24
27
32
28
31
41
45
48
45
42
42
34
32
34
34
39
34
29
19
16
9
8
14
4
-4
-4
-3
-7
-9
-16
-10
-15
-13
-14
-16
-12
-11
-7
-6
-6
-6
-4
-8
-1
0
3
10
13
14
14
15
18
16
14
19
13
7
12
13
16
15
17
18
17
17
18
16
14
12
7
8
8
7
3
2
0
1
-2
-1
7
8
10
6
10
14
12
7
10
9
10
14
17
15
16
24
24
26
24
15
15
13
9
13
10
17
15
13
15
8
4
-3
0
1
1
2
1
0
-2
-3
-8
-4
-2
-5
0
0
-1
-4
-6
-5
-5
-1
0
1
3
-5
-10
-8
-6
-6
-10
-10
-15
-10
-19
-20
-24
-22
-21
-26
-25
-30
-30
-29
-37
-34
-30
-32
-29
-41
-43
-47
-49
-53
-50
-46
-46
-45
-43
-44
-45
-38
-43
-40
-35
-33
-28
-27
-31
-23
-26
-23
-14
-14
-8
-4
4
6
7
13
10
7
10
12
9
7
7
6
1
5
8
10
6
10
10
2
2
-9
-8
-8
-10
-15
-19
-18
-15
-15
-8
-18
-16
-13
-15
-13
-14
-15
-21
-22
-27
-27
-25
-25
-31
-31
-29
-24
-26
-29
-28
-29
-34
-35
-39
-41
-38
-38
-33
-32
-38
-37
-36
-37
-40
-42
-41
-47
-42
-41
-43
-43
-40
-34
-32
-28
-20
-16
-8
-6
-5
-2
-2
0
-3
0
5
14
14
15
18
8
16
17
23
25
25
27
18
21
17
18
17
17
15
5
-8
-14
-13
-21
-23
-29
-26
-19
-16
-13
-11
-10
-4
2
4
10
12
12
9
5
4
9
14
19
23
22
24
38
42
44
51
50
43
43
40
44
41
40
39
40
42
35
42
40
39
40
41
43
39
34
35
40
31
37
37
31
38
31
33
32
31
27
23
27
27
34
38
41
44
42
47
50
48
47
37
39
39
41
38
35
39
32
38
42
39
32
31
32
33
28
28
24
24
21
15
20
16
12
13
15
14
18
17
20
19
20
23
22
23
26
27
30
31
32
30
26
28
29
25
19
16
13
8
10
14
12
11
10
14
17
11
13
12
7
5
9
3
1
2
-4
-3
-2
-2
-6
-6
-9
-13
-17
-14
-14
-16
-9
-14
-11
-12
-6
-4
1
-4
-5
-2
-11
-8
-6
-7
-6
-10
-6
-5
-10
-8
-13
-11
-8
-9
-16
-15
-10
-15
-17
-20
-26
-26
-28
-28
-34
-35
-36
-32
-29
-31
-32
-22
-27
-39
-34
-43
-48
-48
-50
-55
-58
-63
-66
-59
-56
-51
-49
-49
-46
-46
-48
-52
-48
-44
-47
-47
-45
-40
-43
-42
-38
-36
-32
-22
-22
-18
-15
-16
-11
-16
-13
-8
-9
-11
-13
-5
0
-2
-1
-3
-7
-11
-11
-11
-13
-8
-9
-7
-1
-2
1
1
0
3
0
-3
-3
-2
-12
-16
-10
-13
-7
-1
-2
0
-3
-5
-8
-22
-24
-31
-29
-27
-29
-29
-36
-35
-36
-29
-28
-24
-25
-18
-15
-14
-10
-17
-11
-13
-14
-15
-13
-12
-10
-8
-4
-1
4
8
13
17
20
22
19
21
18
17
15
10
11
10
13
26
23
25
25
24
25
21
28
32
31
32
27
27
31
29
29
26
24
24
28
30
27
26
24
24
21
25
27
25
26
28
27
24
29
24
20
20
19
17
18
14
14
10
8
5
4
8
7
7
6
9
9
10
13
6
9
10
4
11
14
16
19
14
22
24
27
27
18
21
18
15
12
10
14
16
12
18
21
28
39
37
32
35
32
30
30
26
26
22
23
23
25
29
30
37
38
41
34
33
33
28
23
16
15
11
8
12
14
12
15
17
22
26
24
17
18
17
11
10
4
9
7
7
7
4
11
12
19
12
4
6
4
-1
-4
-5
-6
-4
-2
0
7
9
4
1
1
3
3
3
2
-6
-13
-13
-16
-23
-15
-16
-13
-13
-11
-10
-12
-11
-19
-14
-17
-23
-24
-32
-34
-33
-30
-35
-34
-37
-38
-39
-39
-44
-47
-47
-42
-39
-36
-34
-43
-38
-41
-37
-42
-43
-43
-40
-39
-43
-40
-48
-43
-39
-38
-37
-38
-34
-29
-28
-28
-28
-23
-17
-17
-12
-10
-11
-13
-16
-13
-13
-12
-5
0
3
5
6
3
-1
-3
-1
4
1
4
6
7
4
4
6
5
8
9
7
11
8
3
8
4
5
5
5
0
-4
-9
-9
-13
-14
-7
-13
-16
-21
-21
-18
-20
-13
-12
-15
-12
-11
-12
-16
-16
-17
-15
-15
-18
-15
-12
-13
-12
-11
-6
-8
-3
0
3
4
-2
5
2
1
5
-1
1
-7
-3
-1
-1
1
0
-2
-4
0
2
5
3
-3
-3
-8
-7
-6
-12
-6
-10
-2
0
-4
3
-1
4
6
7
8
10
13
19
21
20
18
15
20
20
16
16
14
15
11
5
4
5
5
0
2
1
-2
-3
-2
1
-2
-1
0
3
1
1
2
0
3
-5
-13
-9
-8
-6
-11
-11
-5
-5
-4
-4
-10
-6
-3
-7
-7
-18
-30
-20
-23
-22
-21
-28
-18
-21
-26
-20
-22
-24
-19
-20
-18
-20
-23
-18
-15
-14
-16
-8
-5
-4
-3
-1
1
-1
-3
-7
1
3
8
12
14
13
16
23
22
24
23
21
22
17
20
21
17
19
21
20
24
32
38
36
32
35
39
47
45
38
33
34
29
37
35
32
35
39
43
45
51
45
48
52
56
52
48
47
43
41
41
44
43
51
49
52
54
47
48
48
52
52
52
50
47
44
42
38
33
24
26
27
27
27
24
22
20
13
10
8
3
5
0
-3
-8
-7
-13
-12
-6
-12
-12
-14
-15
-17
-20
-17
-19
-14
-16
-15
-17
-10
-3
-6
-6
-9
-9
-15
-19
-21
-20
-19
-16
-14
-8
-9
-15
-13
-19
-18
-14
-17
-10
-9
-16
-14
-13
-9
-12
-12
-10
-10
-4
1
8
6
10
7
9
13
14
12
6
2
0
5
-3
-4
-7
-9
-9
-14
-9
-10
-5
-4
-5
-11
-18
-23
-27
-24
-33
-36
-38
-36
-37
-41
-37
-41
-39
-35
-33
-28
-25
-26
-30
-32
-31
-39
-37
-36
-34
-30
-35
-37
-37
-37
-31
-28
-25
-26
-26
-29
-28
-31
-33
-30
-22
-18
-20
-18
-19
-16
-17
-23
-22
-17
-22
-17
-14
-20
-24
-31
-31
-29
-34
-32
-36
-38
-36
-38
-40
-43
-41
-40
-34
-33
-35
-35
-32
-35
-34
-34
-41
-38
-34
-34
-28
-24
-29
-25
-26
-25
-27
-27
-27
-25
-24
-30
-27
-29
-26
-20
-21
-18
-17
-15
-14
-12
-9
-11
-17
-17
-21
-22
-18
-15
-12
-15
-7
-8
-6
3
1
2
-2
2
7
5
9
12
14
18
21
24
24
30
34
38
39
39
36
33
35
31
32
38
36
42
41
44
45
51
58
56
61
61
59
56
55
52
48
45
38
35
37
41
40
45
44
44
48
47
43
43
42
36
35
38
39
42
42
37
44
42
40
37
36
31
27
29
26
26
29
32
34
37
37
42
37
43
38
37
41
35
36
35
38
39
38
35
38
38
38
39
35
38
39
40
42
47
51
49
47
47
48
53
50
47
44
37
35
31
36
34
29
29
28
27
28
28
31
23
19
14
8
7
-4
-14
-17
-21
-25
-24
-31
-32
-29
-28
-27
-32
-32
-34
-39
-39
-37
-39
-38
-39
-44
-39
-40
-38
-29
-30
-32
-27
-23
-20
-19
-17
-11
-8
-10
-13
-13
-13
-11
-10
-11
-15
-10
-11
-13
-17
-19
-23
-19
-5
-14
-7
-10
-12
-13
-18
-17
-24
-24
-21
-19
-20
-23
-26
-21
-17
-18
-19
-22
-25
-33
-37
-40
-44
-50
-51
-49
-49
-48
-46
-43
-40
-35
-38
-37
-38
-39
-38
-43
-46
-56
-54
-57
-58
-60
-65
-65
-57
-44
-40
-36
-38
-34
-40
-46
-49
-47
-47
-49
-40
-42
-39
-41
-37
-35
-36
-36
-36
-30
-29
-35
-30
-27
-25
-17
-18
-15
-12
-17
-17
-20
-21
-20
-20
-16
-21
-29
-25
-21
-24
-20
-17
-15
-10
-9
-17
-18
-16
-14
-14
-15
-19
-22
-21
-21
-23
-19
-17
-11
-5
-5
-7
-6
-5
-9
-12
-11
-11
-12
-12
-4
-3
-3
-1
-4
-1
-2
0
-2
-4
-5
-4
-3
-1
2
2
9
9
14
16
15
4
1
3
2
2
10
10
16
20
18
23
18
25
30
31
36
39
37
40
41
47
51
50
52
61
64
61
70
66
65
60
54
53
47
44
42
42
44
50
47
49
48
47
45
50
47
38
39
36
33
25
24
16
18
20
24
31
36
39
43
44
42
46
40
37
35
28
32
36
43
47
52
50
51
56
55
55
53
54
52
48
42
37
37
39
35
38
41
37
35
34
27
29
21
11
20
16
11
6
1
1
4
3
5
8
6
17
16
20
21
24
25
17
27
29
28
27
31
31
25
23
28
27
25
24
26
35
32
28
25
24
22
23
23
18
16
11
1
3
2
3
2
3
5
3
6
6
0
-7
-11
-15
-17
-16
-17
-18
-23
-24
-24
-25
-21
-23
-25
-21
-22
-24
-25
-26
-25
-26
-26
-33
-33
-35
-38
-44
-41
-41
-46
-45
-54
-50
-57
-56
-43
-51
-39
-29
-32
-39
-36
-38
-38
-42
-44
-45
-47
-38
-33
-27
-27
-15
-14
-14
-15
-18
-21
-21
-20
-24
-16
-18
-18
-15
-14
-3
-2
-6
-3
-3
-5
-7
-3
-8
-2
-4
-2
-3
-5
-5
-9
-10
-15
-17
-20
-22
-26
-30
-37
-39
-43
-44
-41
-41
-40
-43
-44
-43
-43
-40
-45
-48
-47
-47
-47
-45
-51
-56
-53
-47
-44
-37
-27
-25
-19
-18
-17
-12
-19
-21
-13
-16
-14
-8
-8
-8
-1
4
4
10
16
17
13
15
17
13
17
12
15
12
10
14
8
10
11
12
17
18
16
7
4
-1
5
2
1
4
5
6
-2
5
3
5
9
9
11
4
8
4
3
1
4
8
4
6
-2
-5
-4
-8
-15
-11
-14
-18
-19
-17
-16
-18
-20
-16
-12
-10
-10
-15
-19
-18
-15
-11
-16
-20
-12
-11
-4
-2
4
15
18
14
12
11
7
9
8
9
10
11
17
29
29
35
43
44
50
54
48
48
50
44
44
43
42
39
46
51
54
60
57
63
58
60
58
49
40
39
38
38
44
41
42
44
40
38
36
39
38
37
32
25
18
13
11
9
18
24
23
19
18
13
13
12
12
8
2
1
-2
-4
-3
-1
6
13
16
11
6
-1
-5
-11
-9
-10
-19
-17
-13
-11
-8
-6
-9
-7
-6
-1
-1
-6
-8
-14
-3
-2
2
5
-3
0
1
2
5
2
0
-1
8
11
13
14
11
13
14
19
11
5
4
-1
-4
-11
-13
-17
-16
-14
-11
-10
-9
-9
-9
-10
-16
-14
-14
-14
-18
-28
-26
-22
-24
-23
-27
-27
-27
-25
-14
-8
-4
3
4
-3
-9
-2
7
8
8
8
10
7
12
13
15
20
11
12
13
12
14
18
20
22
21
27
25
30
28
29
23
16
19
18
14
12
12
15
20
16
13
10
7
6
9
10
9
4
-3
-5
-7
-14
-15
-22
-23
-24
-25
-26
-34
-32
-35
-41
-42
-48
-52
-51
-54
-55
-58
-55
-53
-54
-58
-55
-57
-55
-60
-63
-59
-59
-53
-54
-53
-53
-52
-51
-47
-48
-44
-39
-43
-47
-43
-36
-43
-41
-32
-28
-26
-21
-22
-25
-22
-22
-19
-15
-10
-13
-9
-10
-8
-10
-14
-8
-10
-9
-6
0
2
-11
-14
-6
-14
-14
-17
-16
-14
-16
-20
-25
-23
-27
-23
-21
-19
-18
-24
-20
-20
-17
-12
-10
-9
-5
-4
-7
-9
-11
-8
-4
-3
-6
-3
-1
-6
1
5
6
10
10
8
11
4
3
6
7
10
13
6
0
-1
3
9
18
13
4
8
3
4
9
3
5
3
2
2
3
3
-1
2
-1
1
2
2
8
1
-6
-4
-2
4
10
15
10
21
24
22
28
25
31
29
32
31
23
29
26
26
20
24
35
31
31
35
38
39
36
36
36
27
26
17
16
20
22
28
27
22
20
25
27
29
28
30
30
29
34
32
34
35
36
37
37
37
33
19
26
30
27
29
24
29
27
28
29
23
26
30
34
36
37
42
37
32
33
30
28
27
28
30
29
39
45
46
49
47
49
47
48
57
52
60
59
61
68
70
82
79
78
78
76
69
61
55
48
52
48
47
44
38
34
27
21
17
8
5
5
3
2
0
0
-6
-9
-6
-4
-12
-11
-14
-15
-14
-21
-19
-21
-29
-29
-27
-21
-16
-17
-8
-11
-13
-20
-21
-11
-19
-19
-26
-22
-19
-20
-23
-29
-21
-22
-20
-14
-13
-17
-22
-28
-29
-32
-27
-25
-20
-18
-22
-19
-19
-21
-23
-20
-31
-35
-38
-38
-31
-33
-34
-41
-38
-39
-43
-43
-42
-43
-40
-47
-50
-54
-60
-63
-58
-52
-48
-39
-30
-34
-38
-40
-44
-40
-39
-37
-35
-35
-43
-46
-50
-52
-53
-49
-44
-44
-38
-29
-28
-34
-31
-26
-28
-36
-33
-32
-30
-34
-34
-30
-35
-39
-41
-38
-42
-43
-46
-51
-49
-46
-42
-49
-41
-41
-43
-33
-39
-39
-40
-40
-37
-28
-29
-35
-27
-26
-23
-24
-25
-20
-16
-13
-7
-15
-16
-12
-15
-17
-19
-15
-12
-17
-9
-9
-15
-8
-4
-3
-2
-3
-1
0
0
-5
-2
-3
-5
1
-3
-5
-6
-6
-5
-1
0
-4
-3
-4
0
10
17
20
15
11
13
18
19
18
20
17
15
23
25
27
29
22
28
34
41
40
38
43
41
42
40
39
41
45
38
38
37
40
47
46
43
33
33
27
35
39
31
36
37
43
42
34
28
17
19
25
28
28
24
26
24
25
27
24
18
24
20
12
9
5
7
5
4
-2
-9
-10
-8
-3
6
8
17
19
18
23
16
15
13
17
13
17
22
18
21
16
23
27
32
34
34
31
36
42
42
43
45
54
51
51
57
58
63
66
65
63
57
56
55
54
58
58
57
58
60
59
53
56
51
51
59
49
43
44
37
32
17
16
19
28
32
30
26
13
14
12
9
5
2
3
3
6
9
2
0
1
-2
-1
-6
-3
-9
-15
-9
-14
-22
-16
-18
-21
-21
-18
-13
-15
-13
-16
-16
-15
-23
-28
-30
-30
-28
-33
-34
-35
-42
-40
-41
-40
-37
-31
-37
-41
-44
-49
-47
-51
-50
-46
-45
-47
-46
-41
-41
-44
-49
-49
-46
-44
-44
-44
-42
-40
-42
-47
-48
-49
-54
-56
-53
-54
-50
-41
-49
-43
-42
-44
-39
-35
-36
-34
-34
-31
-30
-30
-24
-31
-33
-25
-29
-27
-26
-28
-23
-23
-25
-21
-28
-28
-27
-30
-19
-15
-14
-15
-10
-12
-16
-11
-13
-9
-9
-5
-1
-1
-3
-11
-8
-8
-14
-11
-16
-12
-15
-24
-21
-27
-23
-19
-26
-26
-26
-22
-22
-27
-31
-27
-25
-30
-27
-24
-25
-26
-26
-27
-35
-40
-35
-36
-30
-24
-27
-28
-22
-22
-24
-20
-14
-15
-19
-8
-16
-18
-12
-11
-6
-5
-3
-1
7
2
9
13
10
12
9
7
10
14
6
11
7
1
-1
5
4
-3
7
8
7
12
10
10
10
11
15
13
21
26
24
24
19
25
27
31
32
27
25
25
32
27
40
45
35
36
35
32
28
25
28
28
28
33
34
30
31
28
25
24
26
32
28
33
30
32
43
34
36
35
34
45
34
32
27
33
32
38
41
41
41
42
47
36
42
42
44
46
47
52
52
56
52
49
46
43
46
47
43
41
44
43
42
36
32
25
26
33
31
31
25
26
28
27
34
37
36
43
42
43
43
35
31
25
33
35
31
33
33
31
22
28
36
36
37
41
40
29
23
23
16
18
27
24
21
21
22
20
13
10
9
4
12
9
9
-3
-7
-7
-9
-2
-8
-7
-3
-1
2
-2
-5
-11
-7
-5
-5
-12
-14
-14
-18
-3
-6
-9
-2
1
2
6
1
0
2
-1
-4
-1
4
7
9
-1
-7
-3
-1
-2
-5
-10
0
2
-3
-5
-3
-2
-11
-19
-13
-8
-4
1
-8
-15
-15
-21
-27
-27
-34
-37
-36
-38
-34
-37
-43
-40
-41
-36
-34
-35
-37
-44
-44
-45
-42
-44
-40
-43
-47
-46
-38
-38
-44
-39
-39
-42
-44
-40
-37
-34
-35
-36
-39
-27
-23
-34
-34
-30
-30
-33
-25
-27
-31
-26
-28
-23
-23
-24
-13
-10
-9
-8
-8
-9
-19
-14
-11
-13
-16
-23
-18
-25
-30
-26
-25
-28
-25
-15
-15
-21
-27
-35
-42
-47
-44
-47
-52
-54
-54
-49
-50
-47
-44
-50
-50
-50
-53
-61
-63
-61
-60
-52
-59
-52
-44
-35
-30
-41
-45
-43
-45
-46
-43
-43
-33
-37
-33
-32
-31
-26
-18
-9
0
-4
-12
-6
-12
-6
-4
-6
-1
3
7
5
12
20
20
22
25
23
23
18
13
14
21
26
25
33
36
37
41
31
31
30
26
32
25
20
17
21
11
16
19
21
29
24
29
20
15
14
17
19
10
10
-4
2
5
4
9
11
17
9
15
16
21
21
22
26
23
20
20
22
23
31
35
40
45
43
44
45
43
34
34
37
44
47
39
49
50
50
57
62
63
61
69
70
69
73
68
62
58
52
47
45
46
52
51
47
50
52
50
47
42
39
35
32
33
25
25
18
15
19
21
16
9
15
18
18
22
16
21
16
15
10
11
21
21
21
21
24
22
20
19
18
12
18
19
17
18
14
15
19
14
21
21
16
19
20
27
24
26
24
28
23
20
20
14
12
13
23
30
35
34
31
31
29
31
37
31
24
24
11
12
9
0
4
8
6
6
7
2
-1
2
9
12
0
-4
-7
-15
-19
-23
-24
-27
-35
-39
-51
-59
-55
-56
-54
-61
-62
-65
-73
-71
-76
-73
-72
-73
-74
-67
-62
-65
-70
-69
-64
-57
-55
-55
-52
-54
-44
-43
-45
-34
-32
-32
-30
-28
-27
-26
-27
-26
-29
-32
-33
-37
-31
-30
-27
-19
-16
-19
-16
-15
-18
-24
-27
-25
-21
-27
-30
-31
-32
-28
-30
-28
-30
-33
-33
-32
-34
-39
-40
-47
-56
-53
-46
-44
-45
-42
-39
-39
-34
-35
-33
-40
-46
-46
-58
-56
-54
-57
-62
-55
-52
-56
-54
-55
-51
-52
-56
-57
-48
-48
-56
-57
-58
-50
-51
-49
-46
-46
-43
-41
-39
-37
-41
-43
-37
-34
-36
-35
-26
-19
-10
-7
-1
-6
-3
4
4
6
2
3
12
10
17
23
26
28
33
45
43
42
38
39
38
35
34
36
37
42
41
44
48
51
48
42
42
42
48
41
36
37
27
24
25
26
27
24
32
26
18
20
20
16
19
16
16
16
6
5
9
10
13
14
19
29
29
34
41
33
34
36
37
38
48
54
57
57
52
57
62
64
64
65
69
70
75
73
78
76
75
77
67
73
67
66
73
63
68
65
61
62
56
64
58
60
61
64
66
57
54
48
45
37
29
32
36
39
42
41
49
39
40
42
35
33
25
24
17
14
13
4
8
4
1
7
4
20
25
19
20
10
8
8
3
3
-2
-9
-15
-10
-8
-14
-14
-18
-19
-12
-9
-14
-17
-15
-22
-22
-14
-14
-12
-14
-13
-5
-13
-12
-10
-6
-6
-4
7
3
8
11
14
13
23
25
23
27
27
23
30
27
23
25
24
22
21
23
26
30
26
28
21
14
11
8
2
-3
-5
-12
-15
-19
-30
-31
-38
-43
-41
-40
-42
-46
-56
-61
-66
-65
-66
-69
-68
-66
-70
-81
-82
-86
-87
-84
-88
-89
-92
-94
-98
-91
-89
-85
-83
-80
-75
-74
-76
-71
-66
-66
-66
-64
-63
-64
-54
-51
-50
-53
-42
-38
-37
-36
-27
-22
-25
-17
-21
-19
-18
-14
-12
-8
-3
2
8
10
7
13
10
17
10
6
10
5
11
5
9
20
27
19
4
2
5
4
1
-2
-8
-8
-14
-22
-22
-32
-35
-39
-45
-51
-48
-49
-52
-52
-55
-51
-49
-53
-52
-43
-46
-41
-43
-32
-29
-22
-15
-21
-19
-18
-10
-7
1
2
8
9
11
15
22
25
27
27
25
33
38
39
46
55
55
56
52
51
48
47
55
50
43
39
38
41
40
42
42
40
48
44
36
38
40
43
35
28
29
26
24
20
24
14
6
11
12
9
10
8
5
11
10
2
2
-2
-1
-2
-11
-16
-18
-17
-18
-18
-24
-29
-33
-35
-27
-30
-29
-25
-25
-19
-21
-17
-23
-29
-17
-16
-13
-5
-2
-7
-6
-5
-4
-2
0
2
1
5
1
3
7
0
4
2
1
7
5
7
13
14
21
15
19
23
28
27
21
18
19
23
28
34
34
44
45
57
60
57
62
58
56
57
62
64
62
64
58
62
68
65
69
70
70
66
64
62
59
60
47
41
38
41
40
38
37
35
31
25
32
30
21
12
12
5
-6
4
3
1
1
1
4
12
9
8
14
15
11
7
10
12
19
15
16
15
18
20
10
17
8
5
6
2
5
1
-1
5
-1
-5
-3
-6
-4
-8
-4
3
10
1
-4
3
-3
-5
-17
-18
-14
-18
-15
-23
-27
-30
-35
-33
-31
-27
-24
-26
-40
-41
-36
-37
-38
-37
-41
-42
-46
-47
-44
-52
-56
-56
-51
-47
-48
-48
-50
-50
-53
-52
-45
-51
-45
-42
-44
-40
-34
-27
-35
-39
-32
-36
-25
-28
-30
-25
-30
-28
-34
-26
-26
-24
-20
-21
-23
-20
-16
-22
-22
-31
-28
-26
-24
-24
-24
-33
-33
-28
-26
-20
-27
-25
-28
-24
-26
-26
-25
-29
-29
-33
-28
-28
-22
-22
-25
-21
-19
-17
-18
-25
-25
-21
-30
-25
-23
-27
-19
-17
-16
-13
-17
-12
-10
-14
-18
-25
-23
-23
-28
-24
-28
-28
-23
-24
-21
-22
-23
-14
-15
-16
-15
-17
-10
-9
-12
-18
-16
-12
-8
-10
-6
2
-2
-2
6
11
3
6
5
4
10
10
8
10
9
9
9
17
22
18
24
23
25
22
22
27
25
26
22
23
20
25
33
36
38
33
32
28
30
32
31
35
32
37
35
31
34
26
28
28
28
33
40
41
39
38
39
33
30
29
24
23
26
23
20
23
21
18
25
31
33
32
31
34
35
32
31
29
28
34
36
32
36
31
26
30
28
27
33
37
33
31
28
24
21
21
11
2
3
0
5
6
0
2
-3
4
-2
-6
-6
-4
1
2
1
0
6
12
10
11
9
16
25
21
28
31
40
46
50
52
52
51
56
54
51
52
47
57
50
45
49
51
53
48
54
55
57
56
57
53
47
56
46
40
35
30
26
25
25
18
17
19
18
17
21
26
23
21
18
15
13
7
5
1
-4
-9
-5
-10
-13
-12
-7
-6
-11
-8
-7
-5
-12
-16
-14
-18
-21
-25
-20
-27
-28
-31
-26
-17
-12
-12
-14
-14
-16
-20
-21
-21
-19
-17
-12
-10
-9
-6
-4
-7
-3
-1
-9
-13
-22
-23
-22
-24
-26
-29
-27
-24
-24
-27
-28
-31
-30
-37
-45
-44
-52
-53
-51
-56
-61
-64
-69
-66
-68
-72
-76
-82
-83
-82
-76
-76
-72
-73
-73
-70
-66
-66
-64
-60
-68
-61
-62
-59
-54
-54
-56
-54
-45
-45
-41
-34
-28
-32
-28
-27
-29
-28
-29
-28
-28
-28
-23
-12
-9
-10
-7
-6
-12
-8
1
3
2
-3
-3
2
8
4
6
8
17
20
18
20
17
16
17
14
13
18
16
15
17
20
15
15
12
12
14
11
5
7
7
9
13
6
4
2
3
-4
-5
-9
-14
-10
-14
-17
-8
-10
-19
-23
-27
-23
-24
-20
-15
-15
-18
-15
-14
-14
-10
-2
9
6
2
-1
2
3
6
18
16
14
18
18
20
22
27
34
38
41
44
48
45
45
44
39
39
36
38
45
48
46
51
48
42
45
40
45
43
36
36
36
37
29
24
18
14
17
16
17
23
26
27
29
16
7
6
11
7
0
0
-2
-7
-10
-16
-12
-19
-19
-17
-16
-9
-11
-10
-14
-14
-15
-15
-10
-4
2
-1
4
3
0
-1
4
9
6
14
16
12
17
20
26
31
32
33
39
41
48
46
47
48
52
55
50
53
57
66
60
63
62
58
57
58
51
47
44
36
38
35
36
29
31
32
31
32
26
24
22
22
13
12
4
-4
-4
-9
-6
-13
-13
-14
-5
0
-10
-9
-10
-13
-12
-13
-21
-20
-23
-24
-20
-23
-24
-25
-29
-28
-32
-33
-29
-25
-24
-25
-30
-27
-29
-38
-37
-35
-33
-30
-33
-32
-34
-30
-28
-29
-27
-21
-14
-20
-17
-14
-13
-14
-14
-10
-10
-7
-1
5
4
6
7
5
13
12
16
14
10
8
4
5
1
-3
-8
-7
-4
-5
-11
-12
-18
-16
-16
-21
-27
-30
-32
-39
-36
-43
-53
-56
-56
-57
-52
-46
-47
-51
-53
-56
-58
-53
-48
-52
-54
-51
-50
-49
-44
-42
-40
-33
-32
-26
-30
-32
-30
-31
-27
-25
-19
-20
-19
-17
-13
-9
-2
-3
-6
4
0
-2
0
2
1
-4
2
-3
-4
-9
-10
-8
-5
-2
-4
-4
-5
-9
-12
-14
-16
-15
-20
-11
-11
-8
-6
-10
-11
-8
-5
-4
-4
-7
-9
-9
-1
2
-2
-3
-9
-10
-17
-22
-15
-15
-19
-21
-26
-20
-24
-20
-17
-16
-10
-5
-3
-7
-2
-4
-6
-4
-8
-8
-2
1
-1
2
5
4
12
19
22
21
19
23
27
22
22
26
35
38
37
37
40
41
37
39
33
28
22
12
8
7
9
15
12
18
22
25
25
25
31
34
30
31
33
29
32
36
40
42
52
54
54
56
50
52
53
50
49
42
39
37
36
37
36
41
44
49
56
55
53
50
37
36
25
21
21
13
21
23
27
26
26
33
34
38
44
40
42
39
32
37
35
36
40
44
48
47
49
47
49
56
53
55
51
42
37
35
32
32
29
31
36
25
27
36
30
25
22
16
14
2
0
-8
-10
-9
-19
-19
-21
-24
-31
-33
-40
-43
-49
-52
-59
-63
-58
-61
-64
-67
-65
-68
-64
-61
-69
-65
-59
-61
-69
-70
-74
-73
-71
-67
-60
-55
-54
-51
-52
-45
-44
-39
-32
-28
-27
-23
-14
-16
-13
-11
-5
-2
-3
-1
5
5
5
5
9
10
7
13
14
22
22
22
23
29
30
31
27
24
21
18
17
12
9
10
12
2
2
-1
3
4
-6
-8
-12
-19
-22
-23
-21
-25
-19
-21
-21
-20
-15
-13
-12
-11
-10
-8
-20
-21
-25
-27
-23
-24
-22
-20
-18
-23
-23
-16
-27
-23
-25
-29
-28
-32
-31
-34
-32
-32
-32
-23
-20
-15
-15
-17
-20
-14
-13
-11
-7
-9
-12
-14
-7
-10
-11
-15
-21
-20
-23
-19
-17
-22
-16
-19
-24
-17
-18
-18
-19
-17
-16
-25
-25
-24
-23
-21
-16
-5
-11
-13
-12
-12
-6
-8
-4
-1
-4
-1
-3
-4
-3
-8
-4
0
-1
3
3
5
8
6
7
11
6
9
10
3
5
5
8
2
2
8
5
8
9
10
6
2
6
6
8
5
1
7
6
3
4
4
11
12
16
21
22
24
24
31
36
38
40
40
33
35
32
33
30
30
30
29
30
28
35
40
39
39
35
32
32
30
23
19
20
22
21
15
16
19
29
30
26
23
17
16
13
13
12
13
12
10
7
4
10
9
10
8
10
15
10
11
11
6
9
9
9
11
7
12
10
13
11
5
16
13
20
22
20
24
28
28
30
30
23
25
23
18
15
7
7
6
5
10
9
9
4
1
2
2
-4
-6
0
1
-3
-10
-14
-21
-20
-15
-17
-12
-11
-13
-14
-15
-16
-16
-14
-15
-14
-13
-11
-6
-1
-7
-7
-4
2
4
0
1
-3
-3
-6
-10
-13
-13
-13
-16
-13
-16
-15
-11
-10
-9
-15
-15
-21
-20
-20
-20
-20
-16
-11
-13
-10
-8
-2
-5
-7
-2
-6
2
1
-1
0
-2
-2
0
2
1
5
2
3
3
6
6
5
4
1
-11
-15
-13
-19
-19
-28
-25
-19
-20
-11
-7
-17
-11
-10
-11
-11
-13
-13
-15
-21
-23
-16
-20
-18
-10
-10
-4
-3
-3
2
4
9
7
4
7
10
10
6
6
7
6
2
-4
-5
-3
-6
3
5
7
9
3
1
-1
-7
-11
-12
-7
-9
-11
-11
-12
-9
-18
-17
-15
-12
-7
-8
-2
0
-2
-2
-2
-5
-5
-7
-9
-8
-12
-20
-20
-21
-28
-24
-24
-22
-32
-34
-33
-39
-41
-47
-50
-54
-58
-47
-49
-39
-39
-40
-32
-32
-31
-36
-32
-35
-32
-30
-28
-26
-18
-17
-15
-13
-16
-8
-14
-8
-12
-16
-10
-19
-19
-18
-16
-14
-10
-6
-7
-11
-10
-9
-5
-3
-12
-9
-7
-7
-3
-2
1
2
1
9
12
14
18
19
20
17
21
26
32
33
34
43
48
48
49
45
40
38
35
36
40
41
41
42
35
40
43
42
43
38
39
36
32
26
25
27
28
25
29
28
31
34
36
39
37
41
38
34
28
24
32
33
36
35
29
28
34
39
34
41
46
47
45
46
45
42
41
34
35
31
30
26
27
30
29
30
33
32
33
29
28
19
20
21
17
24
19
15
14
14
15
15
15
14
14
13
6
7
5
5
-2
5
0
-1
1
-5
3
1
4
3
-1
5
0
-6
-11
-14
-18
-22
-20
-17
-24
-18
-20
-26
-18
-24
-24
-30
-29
-30
-26
-21
-26
-24
-21
-13
-8
-3
3
4
3
5
5
7
13
10
14
19
18
22
27
28
30
31
40
39
35
36
26
26
20
22
23
26
24
23
25
21
18
19
13
10
10
9
5
-1
1
2
2
1
1
-3
-1
1
-7
-10
-18
-23
-24
-23
-23
-25
-20
-22
-25
-32
-33
-38
-39
-41
-43
-39
-46
-47
-50
-50
-49
-48
-47
-47
-47
-45
-39
-40
-38
-35
-35
-36
-39
-35
-31
-29
-31
-31
-31
-25
-26
-27
-21
-22
-26
-26
-23
-29
-23
-22
-25
-26
-28
-26
-32
-39
-49
-51
-55
-55
-50
-53
-46
-41
-31
-34
-33
-26
-27
-24
-26
-19
-16
-13
-17
-10
-6
-5
-3
-5
1
4
12
13
10
8
4
2
3
5
5
2
1
-5
1
-1
-5
-4
1
2
6
5
5
7
2
3
0
-3
-4
-8
-4
1
5
12
3
1
-2
0
1
0
0
1
0
-9
-5
-3
-3
1
3
2
4
1
0
1
-3
2
8
6
5
6
4
4
4
6
2
6
3
0
3
2
3
7
7
4
5
0
-1
6
5
8
10
12
8
10
12
12
18
23
24
24
28
23
22
24
18
12
12
17
20
23
25
26
27
22
17
23
22
22
24
22
22
21
27
28
32
31
32
34
33
29
24
25
27
26
29
32
31
30
26
27
27
26
26
28
24
24
22
23
25
27
24
23
28
24
25
23
22
22
28
36
40
40
33
33
28
24
24
22
25
21
18
27
26
22
26
23
20
20
17
14
14
8
3
0
3
2
-2
-3
-7
-8
-12
-18
-21
-21
-27
-28
-27
-20
-16
-15
-13
-19
-27
-31
-25
-20
-16
-16
-16
-17
-15
-14
-13
-12
-10
-4
2
0
2
1
-5
-6
-4
-7
-13
-12
-21
-26
-30
-37
-32
-26
-28
-27
-24
-28
-32
-32
-36
-45
-48
-50
-51
-51
-53
-54
-49
-46
-48
-45
-43
-41
-37
-36
-36
-38
-37
-39
-38
-32
-27
-29
-24
-30
-33
-32
-35
-34
-37
-33
-29
-34
-36
-40
-39
-35
-27
-23
-27
-30
-29
-38
-41
-38
-44
-44
-40
-34
-30
-26
-26
-19
-12
-19
-15
-13
-18
-10
-10
-9
-7
-9
-8
-5
-3
1
10
16
15
13
16
13
8
17
16
11
9
9
9
11
9
9
12
13
12
15
17
11
10
12
17
15
21
26
28
30
26
28
31
28
27
25
25
23
17
19
21
28
30
34
33
34
32
32
36
37
38
34
34
35
34
29
33
27
21
23
22
24
21
17
12
8
11
8
6
6
6
5
5
1
6
0
-1
3
-1
0
0
-1
1
5
8
5
5
7
4
10
16
12
10
8
8
10
11
9
10
12
13
11
12
11
4
2
4
8
6
5
6
2
1
-2
-4
-2
-3
-8
-9
-10
-4
-4
1
0
-6
-1
0
-2
-1
0
-2
-5
-7
-8
-6
-4
-8
-3
-1
0
-2
-3
2
2
-6
-11
-11
-13
-13
-10
-10
-12
-8
-5
-2
-2
-3
-2
-6
-8
-7
-12
-12
-24
-19
-18
-22
-19
-26
-16
-9
-10
-9
-6
-6
-4
-3
0
5
3
-5
-7
1
4
10
13
14
27
36
39
42
45
50
52
52
53
51
48
50
49
44
49
47
50
50
48
50
48
53
48
51
48
44
41
40
36
26
25
21
19
13
14
10
2
4
0
-4
-10
-15
-25
-23
-24
-17
-18
-20
-23
-30
-30
-31
-32
-36
-34
-36
-33
-31
-25
-20
-18
-13
-11
-9
-2
7
4
1
1
-6
-3
-2
-7
-8
-10
-9
0
6
5
7
9
3
6
6
5
3
-1
-3
-7
-9
-6
-7
-7
-6
-10
-10
-9
-11
-11
-12
-15
-8
-12
-14
-13
-11
-10
-7
-8
-10
-11
-10
-7
-6
-6
-10
-6
-6
-5
-4
-1
-3
-6
-10
-12
-11
-11
-4
-10
-9
-5
-8
-6
-8
-7
-3
-2
-2
-2
-3
-5
-5
-7
-10
-11
4
8
10
12
17
20
24
28
28
25
20
20
13
12
11
22
22
19
22
17
25
18
17
13
7
12
-1
-6
-3
-5
-6
-6
-6
-13
-17
-21
-23
-26
-24
-25
-27
-25
-26
-26
-27
-24
-20
-18
-22
-25
-29
-32
-33
-30
-24
-25
-27
-29
-34
-33
-34
-37
-35
-35
-39
-38
-39
-39
-39
-40
-43
-41
-39
-43
-39
-40
-40
-40
-46
-38
-40
-41
-38
-45
-39
-45
-44
-43
-39
-29
-24
-21
-18
-13
-13
-14
-14
-12
-13
-11
-8
-10
-7
0
1
6
7
13
19
25
27
26
30
28
23
19
21
23
24
23
26
32
30
28
33
28
27
26
21
26
22
17
14
13
8
6
7
-1
-1
-9
-13
-9
-7
-7
-13
-17
-22
-22
-20
-16
-13
-12
-13
-11
-11
-8
-1
1
3
7
3
9
9
7
11
6
4
8
6
9
19
23
27
28
28
32
32
35
40
43
41
44
50
49
54
56
56
59
61
71
71
77
79
73
67
65
65
64
68
67
70
71
69
69
67
63
61
62
63
59
57
59
55
43
40
37
29
31
23
20
17
16
19
24
25
30
33
29
37
35
32
28
23
21
16
17
17
17
23
20
18
22
26
34
30
26
25
23
19
14
4
4
4
-7
-5
-12
-16
-20
-22
-22
-22
-24
-26
-29
-37
-36
-41
-40
-44
-53
-52
-56
-52
-54
-54
-56
-59
-55
-55
-52
-54
-52
-48
-48
-46
-48
-44
-40
-42
-37
-42
-38
-39
-41
-40
-41
-40
-40
-35
-34
-36
-33
-36
-37
-33
-35
-34
-33
-34
-32
-31
-31
-27
-24
-20
-14
-12
-11
-10
-11
-15
-15
-20
-26
-24
-26
-29
-31
-33
-31
-35
-31
-32
-33
-26
-36
-34
-34
-37
-35
-39
-40
-37
-30
-32
-26
-25
-24
-24
-23
-16
-12
-14
-12
-8
-9
-14
-16
-16
-22
-15
-14
-12
-15
-17
-14
-17
-18
-10
-12
-7
-6
-12
-13
-13
-8
-14
-17
-17
-23
-28
-30
-29
-32
-33
-26
-26
-27
-24
-23
-24
-30
-23
-28
-33
-31
-35
-33
-26
-26
-30
-27
-22
-18
-16
-13
-23
-21
-15
-23
-24
-24
-26
-26
-27
-27
-22
-22
-15
-17
-14
-9
-14
-10
-8
-7
-8
-6
-3
-4
0
3
4
7
13
21
25
23
19
20
24
26
19
19
21
22
17
27
31
31
36
27
27
31
35
35
38
35
34
37
34
37
37
37
37
40
42
43
45
43
48
44
44
43
47
54
57
60
56
56
53
51
59
58
64
61
59
62
58
63
69
70
74
77
79
82
82
86
91
87
88
92
92
92
87
79
79
74
70
70
63
66
65
63
62
59
55
55
57
56
50
45
46
43
44
43
41
40
42
45
46
38
35
33
29
26
27
26
26
28
24
25
20
25
30
24
22
20
17
14
9
8
13
13
13
14
19
14
10
6
4
1
-4
0
-7
-9
-8
-12
-15
-17
-14
-14
-8
-16
-19
-18
-22
-24
-32
-38
-38
-42
-45
-47
-49
-55
-57
-53
-58
-59
-61
-57
-57
-60
-60
-63
-61
-62
-62
-60
-66
-70
-69
-67
-67
-65
-67
-65
-63
-66
-66
-62
-59
-63
-65
-67
-64
-69
-69
-65
-63
-63
-58
-57
-51
-45
-47
-46
-50
-49
-49
-46
-45
-46
-48
-46
-46
-47
-44
-45
-40
-45
-39
-35
-34
-28
-28
-31
-31
-32
-37
-32
-29
-32
-30
-27
-33
-30
-30
-33
-29
-30
-31
-32
-29
-29
-34
-31
-38
-40
-35
-35
-34
-32
-33
-35
-32
-29
-28
-29
-28
-20
-21
-16
-15
-20
-24
-26
-18
-16
-13
-8
-4
1
1
6
11
14
15
19
23
18
15
13
15
14
17
18
16
22
22
24
19
25
24
19
23
24
21
19
20
16
15
9
15
20
15
14
11
17
19
22
25
26
28
28
30
28
27
32
33
29
28
25
18
17
14
12
15
15
14
12
10
6
5
6
0
1
-5
-8
-5
-8
-4
-2
-4
-3
-9
-1
2
3
6
7
13
11
10
18
18
15
15
17
22
27
28
29
30
28
33
32
31
34
31
30
31
30
28
34
30
30
34
39
42
41
48
44
48
51
46
46
53
57
60
59
61
58
57
58
57
62
66
70
69
70
72
67
63
61
53
45
49
50
45
47
51
47
53
47
41
43
37
32
23
22
19
18
13
13
13
6
4
4
-1
-3
-8
-14
-23
-26
-30
-31
-29
-32
-32
-31
-32
-35
-43
-50
-47
-43
-42
-45
-42
-45
-47
-42
-41
-37
-33
-31
-33
-24
-20
-24
-21
-23
-26
-25
-26
-20
-14
-10
-3
0
7
14
12
17
17
23
24
23
21
9
8
5
2
7
6
5
10
14
12
13
13
8
9
1
0
-3
-11
-21
-26
-35
-37
-32
-39
-38
-40
-41
-45
-47
-51
-57
-56
-49
-48
-51
-53
-57
-55
-58
-56
-56
-57
-55
-53
-51
-57
-59
-60
-61
-47
-44
-44
-41
-40
-30
-25
-21
-15
-10
-9
-7
-12
-10
-13
-14
-13
-9
-3
-4
-2
-1
1
6
8
7
15
15
19
24
23
21
16
11
8
8
8
8
15
18
10
9
9
10
11
6
5
6
7
2
-4
-3
-9
-18
-20
-20
-25
-24
-22
-20
-24
-23
-21
-19
-24
-25
-25
-31
-31
-30
-31
-32
-27
-25
-31
-33
-34
-37
-29
-27
-25
-19
-21
-18
-13
-11
-7
-1
7
13
11
17
16
13
18
12
16
17
22
25
25
29
30
31
30
26
30
25
22
27
20
22
15
12
4
5
13
17
17
18
20
16
19
14
10
14
10
11
8
9
0
-2
6
6
9
11
13
12
11
7
6
0
-4
-1
3
0
-1
-9
-10
-8
-18
-9
-9
-11
-9
-12
-6
-10
-10
-3
-2
2
3
3
2
-3
-1
-4
-2
-2
1
2
3
11
11
14
23
29
40
41
42
39
39
44
44
42
41
40
41
41
41
45
46
45
42
46
49
43
39
35
25
20
18
19
19
18
19
13
10
7
10
10
11
18
17
17
14
11
14
6
3
4
6
-1
-1
6
4
0
2
0
-5
-2
-1
0
1
2
-3
-3
2
2
1
2
5
1
6
4
5
12
18
21
19
29
27
33
32
26
26
17
16
8
7
9
14
18
20
21
22
16
14
15
18
17
17
22
20
16
15
13
11
18
14
14
23
24
17
10
8
4
5
1
-4
-10
-16
-18
-22
-16
-18
-16
-21
-21
-23
-27
-26
-24
-23
-31
-33
-36
-37
-41
-45
-45
-47
-47
-42
-39
-35
-33
-30
-29
-21
-16
-17
-14
-10
-5
-3
0
2
6
3
1
4
11
14
21
29
36
42
44
43
42
47
46
48
45
41
37
33
37
34
36
34
32
29
21
23
14
9
5
1
5
2
-4
-5
-11
-14
-16
-17
-18
-20
-21
-28
-30
-32
-39
-40
-47
-58
-63
-74
-75
-80
-79
-74
-80
-85
-87
-85
-91
-92
-94
-93
-97
-90
-85
-89
-82
-82
-79
-76
-72
-65
-60
-57
-55
-57
-58
-51
-43
-46
-42
-37
-38
-31
-24
-20
-17
-13
-12
-6
-10
-12
-3
-8
-8
-9
-8
-8
-5
-3
-1
-3
-7
0
1
3
-2
-2
-1
-5
-2
6
3
1
1
0
1
-4
0
-4
-9
-7
-5
-7
-5
-7
-3
0
-4
1
4
3
3
1
4
2
9
13
19
26
30
29
30
28
29
36
30
30
29
33
32
36
35
36
41
37
40
50
54
57
57
54
55
50
44
38
33
34
37
29
30
30
37
37
30
32
32
31
23
21
12
9
14
9
8
10
11
13
17
15
8
9
6
-1
-6
-10
-11
-15
-18
-15
-12
-8
-6
-6
-2
1
7
4
-4
-6
-7
-11
-5
-3
-1
6
2
10
15
22
27
25
32
31
28
28
28
31
33
40
46
47
48
51
50
52
56
53
59
54
55
57
57
61
62
69
67
67
70
67
56
53
47
46
48
54
56
60
59
63
65
61
65
59
47
48
45
43
40
33
28
26
24
18
22
21
21
16
7
9
6
4
-1
-8
-11
-15
-16
-18
-21
-24
-24
-28
-31
-34
-41
-41
-40
-41
-42
-40
-44
-41
-46
-42
-31
-34
-31
-27
-25
-23
-31
-31
-39
-38
-37
-33
-28
-26
-24
-26
-19
-21
-19
-16
-19
-14
-19
-20
-19
-25
-21
-20
-26
-24
-20
-18
-13
-16
-19
-18
-23
-32
-37
-44
-46
-45
-53
-53
-56
-64
-65
-63
-66
-61
-65
-71
-71
-72
-69
-72
-74
-75
-74
-75
-78
-79
-80
-72
-71
-63
-57
-60
-53
-52
-42
-38
-29
-17
-17
-13
-14
-11
-8
-8
-6
1
3
-1
3
6
12
16
17
21
28
33
33
36
37
31
27
25
24
22
24
21
17
18
17
13
9
12
15
11
12
10
11
5
-6
-7
-15
-13
-14
-15
-9
-14
-12
-13
-15
-14
-15
-19
-21
-24
-27
-36
-43
-44
-41
-45
-45
-46
-45
-42
-41
-40
-36
-35
-33
-37
-37
-31
-36
-37
-39
-44
-41
-31
-33
-35
-30
-27
-31
-30
-23
-19
-19
-21
-19
-18
-13
-11
-7
-7
-11
-9
-6
2
2
0
9
8
11
19
22
21
24
27
30
28
30
36
33
39
33
31
33
28
35
34
35
37
40
42
44
49
46
57
61
62
70
71
70
66
69
67
67
63
57
57
59
64
65
67
71
71
72
73
77
74
67
67
66
65
64
70
76
76
72
72
66
62
64
60
58
52
53
42
32
35
35
34
36
36
37
34
36
35
33
35
25
32
32
24
22
23
32
31
38
37
34
37
32
32
28
19
15
13
6
4
0
-2
-9
-12
-13
-22
-27
-28
-29
-32
-29
-34
-28
-24
-25
-21
-18
-22
-24
-23
-23
-20
-20
-18
-19
-26
-23
-17
-15
-9
-6
-4
-8
-11
-8
-9
-18
-16
-15
-14
-13
-10
-7
-7
-5
0
7
3
4
8
12
6
-1
-6
-11
-14
-14
-21
-24
-21
-21
-14
-12
-14
-17
-18
-16
-22
-25
-25
-27
-23
-31
-25
-19
-17
-13
-14
-13
-15
-13
-10
-9
-8
-8
-6
0
-1
1
-3
-4
-2
-7
-8
-9
-9
-17
-25
-29
-33
-34
-33
-28
-21
-17
-12
-12
-11
-6
-7
-13
-21
-20
-25
-31
-32
-35
-32
-31
-27
-25
-24
-15
-14
-16
-12
-16
-23
-25
-29
-29
-30
-21
-13
-11
-11
-14
-13
-16
-14
-23
-23
-17
-19
-20
-24
-30
-38
-42
-44
-45
-42
-39
-39
-39
-46
-47
-47
-48
-49
-53
-53
-53
-44
-39
-34
-35
-35
-26
-25
-22
-23
-23
-23
-17
-19
-24
-28
-28
-26
-26
-24
-24
-26
-28
-31
-34
-32
-32
-28
-26
-20
-20
-18
-14
-20
-16
-15
-12
-5
-9
-2
2
-4
-3
-2
1
5
0
5
8
9
13
17
18
20
23
29
29
26
26
26
29
32
36
32
27
21
28
31
37
41
39
41
38
43
33
35
33
25
29
23
22
21
16
19
22
25
25
16
14
9
9
8
8
12
14
10
17
19
19
16
8
7
5
12
11
12
15
15
19
15
14
20
17
20
20
25
25
28
32
32
34
31
38
42
55
63
65
64
58
59
50
48
43
39
38
37
31
34
35
32
30
29
34
38
42
35
32
26
21
16
13
16
19
23
22
24
24
22
23
23
17
24
21
19
18
10
8
4
9
5
10
15
12
13
7
3
4
1
4
7
9
12
14
16
21
18
15
12
15
14
19
16
16
16
9
9
9
14
18
22
24
26
30
28
27
28
27
26
27
25
21
22
22
19
20
17
17
8
5
-1
-11
-14
-22
-27
-31
-29
-34
-36
-39
-43
-40
-47
-50
-51
-56
-58
-61
-60
-60
-62
-62
-62
-63
-66
-66
-67
-67
-65
-68
-74
-70
-77
-78
-73
-71
-75
-69
-67
-69
-66
-67
-62
-60
-56
-55
-54
-61
-61
