-15
-25
-12
-7
-12
-6
-3
0
3
6
9
11
20
25
28
29
31
30
34
39
45
46
44
45
45
45
43
39
32
32
45
42
34
35
25
24
20
14
9
7
0
-1
-13
-14
-8
-14
-19
-20
-20
-27
-31
-35
-40
-41
-40
-37
-36
-49
-50
-53
-55
-57
-54
-60
-64
-61
-67
-57
-48
-43
-39
-33
-33
-24
-22
-30
-33
-41
-39
-41
-42
-42
-42
-35
-35
-31
-28
-35
-39
-44
-41
-32
-31
-33
-32
-30
-29
-28
-28
-32
-38
-43
-48
-48
-41
-45
-45
-44
-47
-41
-35
-28
-26
-29
-26
-29
-32
-29
-37
-35
-32
-35
-32
-35
-36
-28
-32
-36
-28
-30
-28
-29
-31
-30
-33
-36
-34
-34
-29
-31
-35
-28
-30
-32
-31
-35
-42
-41
-43
-44
-38
-37
-31
-24
-31
-28
-32
-41
-43
-45
-43
-44
-46
-39
-53
-57
-60
-56
-55
-55
-52
-50
-41
-42
-37
-34
-30
-28
-30
-21
-11
-6
-2
13
20
20
26
29
27
23
18
26
34
28
36
32
34
55
59
66
74
75
83
95
95
90
84
69
69
64
67
72
65
64
59
63
74
78
79
78
68
64
58
59
57
49
44
39
41
36
34
29
22
18
12
2
-1
1
3
2
-1
-3
0
-2
0
-2
-5
0
2
4
7
13
15
16
14
13
20
24
20
24
35
35
45
50
50
55
54
56
59
55
52
50
45
45
51
50
45
48
45
50
46
47
45
46
56
54
46
41
39
37
33
28
27
17
15
13
14
9
7
1
-3
4
-2
2
0
6
15
20
33
32
40
36
31
35
36
36
28
26
26
23
24
28
32
28
33
29
31
31
31
36
24
27
34
43
41
36
25
19
17
4
7
9
15
15
18
12
4
7
-2
-5
-4
5
0
-2
-1
-7
-4
-8
-6
-4
-4
-7
-16
-19
-21
-26
-29
-37
-40
-48
-49
-44
-43
-45
-57
-53
-56
-65
-58
-56
-62
-65
-66
-71
-67
-64
-65
-64
-66
-61
-58
-56
-52
-52
-49
-46
-45
-42
-41
-30
-31
-30
-31
-35
-33
-41
-41
-39
-39
-37
-30
-33
-30
-33
-38
-35
-39
-35
-36
-41
-47
-48
-55
-55
-53
-55
-52
-50
-46
-48
-52
-49
-49
-40
-42
-45
-50
-45
-43
-38
-31
-32
-27
-32
-33
-41
-30
-26
-25
-19
-22
-18
-24
-23
-22
-26
-23
-25
-22
-21
-19
-21
-20
-22
-29
-25
-36
-36
-37
-41
-38
-33
-35
-37
-35
-33
-30
-25
-23
-22
-22
-29
-30
-34
-30
-27
-29
-33
-36
-31
-33
-33
-39
-35
-25
-19
-11
-15
-10
-12
-8
-7
-4
-3
-4
-4
-2
4
4
5
11
16
15
18
23
30
25
24
25
21
22
16
15
13
14
17
18
24
28
32
35
35
34
40
43
34
35
30
32
23
23
22
17
18
10
19
18
17
17
15
13
17
21
21
23
25
35
36
28
27
26
13
13
5
1
5
3
6
10
12
13
12
15
21
26
29
33
39
39
40
47
49
52
53
54
49
49
44
53
60
55
60
60
65
72
76
79
81
82
87
82
79
81
72
75
69
60
61
62
58
58
53
48
57
53
52
43
41
42
43
48
41
39
34
30
30
36
38
38
29
22
18
16
24
25
20
22
28
19
23
24
23
28
26
27
32
27
21
14
9
8
5
9
2
7
11
10
11
11
13
11
12
15
11
10
13
7
5
3
8
6
5
-3
-10
-8
-15
-11
-12
-13
-6
-7
-6
-5
8
6
-5
-5
-15
-10
-22
-28
-31
-39
-37
-47
-41
-44
-45
-45
-46
-41
-49
-47
-47
-53
-43
-45
-48
-43
-49
-49
-54
-52
-51
-54
-59
-57
-57
-65
-61
-56
-59
-61
-60
-49
-42
-44
-40
-43
-41
-43
-47
-49
-49
-45
-37
-38
-41
-47
-56
-52
-57
-55
-51
-42
-32
-32
-30
-36
-39
-35
-35
-44
-46
-42
-47
-49
-47
-49
-49
-52
-50
-48
-45
-44
-49
-43
-46
-38
-34
-42
-39
-38
-38
-38
-38
-35
-29
-34
-37
-32
-31
-32
-33
-33
-38
-36
-33
-31
-25
-19
-14
-8
-3
-3
-5
-2
-6
-3
-1
0
2
-2
-5
-7
-4
3
1
-9
-5
-2
5
9
8
7
3
7
8
4
7
11
13
14
13
17
17
13
8
6
9
7
9
17
17
17
18
17
24
25
25
25
19
17
16
14
12
7
4
6
14
16
26
39
35
29
27
33
29
24
23
19
17
11
17
22
18
22
26
24
22
20
27
27
29
28
21
18
20
21
38
54
49
43
37
44
42
44
53
49
49
47
37
29
27
26
34
38
28
27
36
49
39
34
40
32
34
40
41
37
23
27
32
38
44
39
30
29
28
29
34
31
25
22
19
16
13
11
27
29
30
28
14
8
0
-2
-5
-14
-17
-19
-19
-21
-15
-10
-15
-17
-23
-39
-37
-35
-34
-32
-27
-26
-24
-30
-23
-20
-26
-20
-34
-34
-33
-31
-32
-26
-21
-26
-17
-16
-16
-8
-12
-13
-13
-11
-3
-7
-2
-6
-16
-15
-17
-9
-9
-6
1
1
0
-2
3
9
2
3
2
13
18
10
12
9
16
26
27
27
15
8
6
11
18
14
18
22
24
30
37
40
40
40
36
36
30
35
37
35
33
32
43
41
49
47
40
38
31
30
27
27
23
28
33
26
32
24
22
17
6
9
8
14
16
19
19
13
9
6
14
8
8
4
8
13
12
17
15
19
21
26
25
28
29
27
29
29
30
26
26
33
34
30
18
11
9
6
12
13
9
5
11
11
5
12
6
1
0
1
-4
-8
-2
-2
-8
-17
-23
-29
-23
-11
-12
-12
-22
-15
-13
-10
-2
-3
-3
-9
-5
-6
-20
-24
-20
-21
-8
-7
1
1
-1
-3
-1
1
-9
-7
-26
-13
-8
-3
1
5
7
-11
-7
-2
2
3
8
6
9
14
5
7
8
-3
-2
-3
-7
-2
-13
-20
-13
-22
-13
-16
-15
-7
-6
4
9
-2
-12
-21
-30
-27
-33
-27
-38
-39
-34
-30
-24
-36
-37
-54
-57
-54
-59
-59
-67
-60
-58
-61
-65
-72
-75
-80
-74
-65
-63
-64
-73
-66
-65
-62
-70
-73
-77
-79
-72
-71
-62
-65
-64
-61
-61
-64
-75
-67
-59
-54
-39
-40
-33
-34
-30
-24
-22
-23
-37
-30
-36
-35
-27
-36
-25
-25
-18
-11
-6
5
-1
-4
-9
-9
-7
1
5
7
10
5
5
6
-2
3
8
4
12
9
-1
-3
-2
-6
-9
-20
-25
-25
-27
-19
-28
-27
-22
-23
-19
-21
-18
-20
-22
-31
-27
-27
-32
-31
-31
-15
-11
-5
-2
-1
-1
-2
-2
-3
4
5
3
8
8
10
16
29
39
40
47
39
47
58
50
49
48
48
48
60
70
71
77
71
72
76
71
70
60
56
48
44
51
56
63
51
59
62
60
54
40
43
35
34
32
40
44
41
37
25
36
25
25
19
20
30
13
17
12
7
3
5
6
4
17
14
9
6
-1
1
4
14
11
18
21
14
20
10
12
12
15
21
24
23
32
36
29
35
33
31
42
46
36
40
44
35
32
40
53
50
59
61
52
53
48
50
47
32
29
39
41
42
44
48
52
48
36
24
18
16
20
13
20
25
14
11
9
3
-3
-2
-13
-10
-2
1
-9
-15
-17
-29
-31
-28
-22
-23
-24
-16
-7
-11
-10
-15
-21
-15
-10
-14
-19
-20
-11
-16
-13
-8
-10
-15
-11
3
3
6
-2
-5
-6
-6
-8
-11
-9
-1
5
-3
-6
-10
-9
-13
-14
-10
-11
-17
-22
-23
-25
-15
-15
-13
-16
-19
-29
-37
-30
-33
-22
-25
-22
-16
-15
-13
-14
-22
-22
-27
-30
-24
-32
-36
-33
-37
-38
-40
-38
-26
-30
-35
-31
-37
-37
-31
-33
-33
-39
-41
-51
-51
-35
-25
-23
-26
-31
-33
-36
-43
-51
-51
-50
-54
-50
-46
-41
-43
-40
-30
-29
-31
-43
-38
-40
-45
-40
-46
-41
-46
-47
-41
-44
-34
-41
-45
-34
-34
-28
-32
-19
-15
-21
-14
-6
-4
-6
-6
-12
-17
-30
-32
-28
-28
-27
-30
-26
-23
-17
-8
-11
-8
-5
-14
-8
-16
-21
-27
-27
-18
-18
-12
-13
-17
-24
-12
-13
-19
-19
-18
-12
-14
-11
-14
-5
4
0
5
8
3
-1
2
0
1
5
6
21
31
33
26
12
8
5
6
15
17
11
19
27
35
50
51
59
68
64
58
50
44
30
34
42
44
50
51
54
60
57
51
48
40
47
48
37
43
51
56
59
60
61
53
49
50
46
40
40
38
39
49
44
36
32
27
27
24
15
16
9
13
21
22
24
21
27
21
17
23
21
14
5
18
22
28
30
30
33
31
35
23
16
15
15
17
25
42
42
41
40
35
31
20
22
25
26
26
28
36
32
30
31
22
29
25
27
33
38
40
37
44
38
31
26
23
30
28
27
17
10
18
7
20
20
15
22
17
35
37
45
38
27
22
21
18
13
23
23
30
31
26
16
13
12
6
10
9
6
4
7
10
18
14
7
3
2
-2
-2
-8
-12
1
0
-5
1
-2
2
-6
-26
-29
-23
-32
-32
-42
-46
-43
-46
-39
-42
-44
-52
-45
-42
-40
-43
-59
-53
-63
-52
-42
-51
-43
-50
-48
-41
-37
-33
-42
-36
-37
-41
-41
-34
-21
-25
-26
-32
-30
-18
-16
-13
-13
-4
-3
-5
-11
-14
-19
-20
-24
-27
-27
-20
-11
-17
-17
-33
-40
-50
-53
-50
-47
-41
-38
-26
-22
-31
-34
-37
-47
-50
-53
-49
-59
-54
-48
-45
-29
-41
-27
-38
-39
-29
-29
-25
-21
-12
-24
-23
-22
-16
-19
-18
-13
-27
-29
-31
-33
-32
-38
-34
-43
-46
-32
-30
-28
-34
-32
-33
-44
-41
-40
-45
-42
-29
-33
-38
-38
-41
-42
-51
-42
-38
-42
-35
-41
-40
-35
-32
-30
-29
-34
-35
-37
-42
-37
-30
-36
-34
-19
-27
-20
-15
-15
-14
-19
-22
-31
-32
-25
-17
-19
-16
1
-3
-3
9
-6
-6
-7
-15
1
2
3
1
-1
24
20
15
21
20
29
32
28
29
28
32
35
33
39
35
41
46
51
48
45
46
43
49
40
36
39
35
44
56
50
51
46
43
40
30
40
30
30
31
27
25
25
22
14
17
18
22
25
34
41
32
40
42
33
25
14
14
27
23
30
35
34
49
47
58
59
49
43
42
53
61
67
67
79
78
72
79
77
79
76
60
61
59
60
70
74
87
80
88
83
75
74
69
71
73
73
66
67
72
81
79
73
72
67
51
37
31
27
29
35
33
33
16
10
15
9
11
4
-4
-16
-20
-8
-9
-4
-7
-9
-13
-26
-39
-48
-40
-41
-41
-43
-32
-27
-13
4
-7
-18
-21
-22
-26
-25
-19
-19
-15
-18
-14
-7
-8
-7
-6
2
9
8
2
-5
0
0
3
2
6
-2
-9
-8
-5
-4
-21
-20
-27
-31
-13
-5
-10
-22
-19
-15
-19
-28
-45
-56
-56
-42
-42
-45
-48
-51
-50
-46
-40
-40
-45
-59
-70
-62
-58
-50
-56
-64
-61
-55
-44
-45
-41
-46
-48
-45
-46
-50
-54
-47
-47
-55
-52
-53
-51
-43
-47
-52
-57
-53
-52
-52
-47
-49
-44
-39
-29
-29
-29
-31
-33
-23
-23
-21
-23
-34
-26
-15
2
7
0
1
-5
-13
-16
-19
-17
-11
-8
-12
-3
-13
-17
-10
-19
-16
-22
-27
-12
-13
-18
-26
-30
-28
-34
-25
-29
-23
-26
-27
-27
-29
-31
-38
-36
-39
-18
-19
-27
-25
-28
-27
-22
-18
-31
-39
-37
-33
-22
-18
-11
-6
-12
-4
-12
-14
-18
-16
-2
-2
8
5
4
7
13
19
17
19
22
28
24
29
31
21
21
15
6
9
-2
14
11
5
25
23
25
23
25
29
23
24
36
41
35
37
36
30
30
22
9
16
23
19
30
29
34
43
34
32
28
25
20
8
10
14
15
27
34
37
36
30
24
5
-5
-3
-6
0
1
1
10
23
35
46
42
31
22
7
13
23
18
28
28
31
38
42
38
38
34
32
49
49
52
56
61
58
62
78
79
86
90
92
90
87
83
75
86
92
97
98
95
90
87
94
80
70
69
69
63
61
64
70
70
66
52
39
28
29
31
34
34
34
38
30
19
3
-9
-19
-24
-19
-19
-14
-13
-12
-11
-6
-5
-16
-10
-12
-23
-28
-26
-28
-25
-25
-13
-15
-15
-24
-35
-26
-26
-26
-34
-28
-27
-33
-19
-18
-13
-13
-10
-1
-6
-10
-14
-17
-19
-10
-7
-4
7
8
10
14
12
8
-2
-9
-4
-11
-1
1
-4
-1
-4
4
6
5
11
6
-4
-10
-20
-25
-22
-13
-13
-15
-17
-27
-28
-34
-38
-40
-43
-34
-25
-33
-33
-35
-48
-55
-58
-58
-57
-48
-60
-61
-46
-57
-48
-44
-36
-21
-31
-28
-28
-27
-30
-36
-25
-30
-30
-24
-16
-12
-13
-7
-13
-9
-14
-21
-19
-28
-18
-9
-6
-1
-1
-5
-5
-17
-16
-14
-27
-21
-24
-28
-19
-10
-13
-24
-35
-34
-38
-34
-36
-42
-50
-41
-44
-49
-48
-53
-54
-61
-57
-55
-52
-55
-54
-53
-59
-57
-69
-69
-68
-69
-70
-82
-72
-70
-77
-70
-66
-64
-70
-74
-73
-69
-56
-55
-58
-54
-47
-40
-49
-50
-42
-41
-37
-31
-19
-16
-10
-1
11
11
11
7
9
25
22
21
20
20
39
42
35
42
31
40
39
41
36
25
28
27
38
29
26
25
19
28
28
28
30
25
24
24
27
24
27
35
37
40
36
23
17
23
20
20
18
18
14
17
21
18
20
17
12
31
39
44
46
45
46
39
47
44
48
45
43
47
46
56
54
61
66
61
63
66
67
62
66
60
57
67
61
64
61
56
63
61
65
63
64
62
53
57
57
53
47
49
48
51
52
54
49
50
54
52
53
48
40
32
25
23
24
20
18
7
3
1
2
-6
-18
-24
-39
-31
-37
-29
-27
-35
-15
-16
-12
-19
-27
-28
-35
-33
-37
-44
-42
-33
-16
-8
2
2
-7
6
13
18
15
14
23
23
12
16
22
28
37
40
43
34
34
25
22
33
37
38
34
34
26
23
30
31
28
19
22
27
26
31
36
31
25
19
15
16
14
14
11
12
18
20
19
15
14
14
9
4
3
0
-8
-18
-10
-17
-23
-21
-20
-20
-24
-19
-22
-34
-42
-60
-60
-58
-55
-52
-59
-54
-62
-62
-60
-64
-74
-75
-68
-67
-73
-72
-66
-66
-68
-61
-60
-63
-58
-63
-66
-63
-64
-63
-66
-58
-40
-35
-36
-31
-38
-33
-33
-39
-42
-44
-32
-26
-23
-26
-31
-32
-23
-17
-17
-20
-33
-28
-24
-25
-25
-42
-48
-56
-52
-40
-41
-44
-41
-56
-57
-46
-48
-38
-49
-45
-34
-33
-31
-41
-41
-41
-42
-35
-36
-36
-39
-40
-30
-27
-21
-22
-31
-26
-27
-23
-14
1
-2
0
10
0
-5
-7
-4
-1
-3
1
6
14
15
19
28
31
34
41
40
33
33
28
34
42
38
30
27
33
40
35
37
49
43
40
38
29
21
23
31
37
37
27
25
29
42
43
37
39
38
32
24
22
13
14
15
15
19
19
10
10
10
0
-6
-7
0
10
8
8
0
-9
-8
-13
-17
-11
1
-2
11
14
11
10
1
7
2
4
15
6
10
8
7
23
22
29
34
37
40
34
41
43
45
38
41
43
44
51
41
44
41
44
43
52
68
70
60
51
58
54
55
50
47
49
47
46
44
43
48
47
56
52
53
54
45
44
44
46
42
41
34
41
41
31
24
16
28
29
18
15
16
18
16
17
22
21
18
22
21
8
16
18
19
21
14
14
17
24
28
27
23
20
22
27
29
21
9
6
4
5
1
0
5
7
6
15
10
-3
-7
-17
-13
-15
-22
-11
-16
-22
-16
-24
-21
-20
-16
-11
-14
-26
-23
-19
-17
-10
-15
-6
-4
-7
-4
-10
-20
-30
-21
-12
-9
-15
-26
-32
-39
-43
-48
-55
-55
-46
-49
-47
-39
-45
-48
-53
-53
-54
-54
-49
-59
-62
-59
-63
-65
-67
-76
-72
-73
-66
-73
-78
-71
-70
-59
-57
-54
-52
-44
-42
-39
-38
-46
-43
-40
-30
-27
-23
-18
-19
-19
-14
-26
-29
-24
-25
-17
-6
4
4
-6
-11
-9
-11
-15
-19
-16
-9
8
12
2
-7
-9
-9
-14
-10
-17
-18
-14
-7
0
-5
-9
-9
-9
0
-1
-17
-17
-21
-16
-10
-9
-14
-27
-33
-26
-24
-24
-19
-15
-12
-15
-12
-15
-13
-15
-16
-12
-19
-16
-3
1
5
3
-5
-3
-6
-2
-4
-10
-16
-6
-2
1
-3
-6
6
0
-1
-8
-15
-23
-26
-26
-29
-27
-22
-28
-22
-21
-31
-31
-29
-23
-20
-21
-30
-33
-33
-27
-13
-14
-17
-16
-20
-10
-6
-9
-10
-13
-5
-5
4
2
-4
-1
3
-1
8
9
5
12
13
24
24
22
15
17
18
20
19
14
27
38
48
51
46
50
61
57
61
58
56
62
50
41
45
45
43
45
41
47
50
50
57
49
49
44
40
49
52
46
46
49
51
61
69
69
64
49
43
48
48
48
42
32
32
31
46
52
48
42
48
57
56
67
63
54
50
48
50
52
50
53
46
44
50
47
50
38
31
25
22
32
20
14
10
11
21
15
14
10
9
9
3
-5
-10
-14
-20
-21
-14
-14
-13
-16
-16
-10
-6
-19
-23
-16
-26
-31
-32
-34
-26
-29
-23
-20
-10
-5
-9
-4
-14
-15
-19
-21
-6
-11
-6
-5
-7
-7
-15
-8
-4
-8
-6
-6
-13
-9
-5
1
2
11
10
7
20
12
11
3
1
1
-2
-1
3
1
-10
-18
-15
-19
-10
-9
-4
-4
-10
1
0
6
3
0
-5
-11
-5
2
2
5
-3
-8
-5
-7
-8
-9
-16
-21
-24
-31
-27
-20
-25
-29
-20
-18
-22
-19
-16
-17
-13
-23
-33
-43
-45
-39
-46
-41
-41
-35
-34
-30
-24
-31
-26
-36
-36
-30
-40
-43
-38
-39
-32
-32
-41
-37
-33
-29
-31
-29
-21
-23
-28
-25
-39
-41
-35
-34
-28
-33
-38
-49
-56
-51
-41
-37
-43
-46
-47
-50
-48
-47
-48
-47
-42
-46
-46
-44
-40
-37
-39
-36
-27
-24
-26
-18
-20
-25
-30
-30
-26
-26
-10
-4
-13
-18
-12
-6
-10
-9
-7
-12
-8
-6
1
0
-7
0
5
9
10
9
4
5
1
6
9
11
12
2
6
5
3
-4
-5
3
4
4
3
8
5
0
4
14
5
7
11
12
10
0
9
6
9
19
33
35
40
40
39
39
44
50
47
44
41
48
47
48
53
53
62
64
71
68
63
61
59
50
51
47
36
37
32
33
34
32
29
29
29
34
36
35
27
22
16
17
18
7
14
19
21
25
26
25
12
6
5
10
13
12
22
21
17
16
26
28
23
27
15
10
11
18
19
16
16
14
15
6
11
18
10
19
22
25
32
27
24
28
35
37
29
19
26
25
27
34
36
35
44
54
53
52
39
41
48
46
45
40
26
26
33
40
40
44
40
39
36
29
23
20
19
16
19
13
15
3
2
7
12
9
6
7
3
5
4
2
-2
4
3
6
2
-3
-11
-6
1
-2
-2
-3
-5
-19
-25
-34
-35
-28
-21
-11
-7
-8
-8
-14
-14
-20
-19
-22
-20
-20
-27
-23
-21
-19
-27
-24
-22
-23
-27
-33
-29
-33
-30
-28
-30
-29
-24
-27
-28
-27
-21
-18
-6
-8
-16
-20
-20
-8
-2
-8
-18
-20
-21
-11
-7
-14
-10
-11
-15
-19
-19
-14
-20
-20
-21
-23
-24
-24
-27
-40
-48
-48
-50
-50
-56
-57
-57
-51
-48
-50
-55
-59
-57
-58
-50
-49
-51
-50
-50
-50
-46
-44
-44
-45
-46
-36
-30
-35
-27
-14
-10
-12
-21
-12
-11
-16
-13
-16
-11
-13
-13
-17
-12
-14
-12
-5
0
6
1
3
-3
2
7
3
1
2
4
5
10
9
-1
-10
-15
-16
-18
-13
-18
-18
-24
-27
-24
-22
-13
-13
-15
-12
-13
-24
-30
-34
-39
-46
-49
-54
-50
-52
-57
-49
-47
-36
-33
-32
-31
-29
-25
-32
-33
-37
-35
-25
-21
-25
-20
-22
-27
-31
-38
-39
-36
-25
-23
-13
-7
-9
-13
-9
6
11
13
13
20
19
23
29
24
26
22
20
22
20
25
32
37
35
48
59
61
64
59
58
57
56
43
40
44
39
44
47
46
51
43
50
61
55
54
54
59
58
60
56
54
59
61
60
57
44
47
50
51
64
60
50
45
48
44
40
43
25
22
22
11
15
7
-1
6
10
17
17
10
10
10
13
15
16
21
19
12
7
5
-4
-3
-1
1
6
4
7
6
0
8
11
7
8
14
22
26
22
21
26
21
23
25
30
26
21
21
24
24
16
6
2
5
5
11
22
26
25
16
8
14
13
16
21
16
19
15
14
11
-3
-8
-5
3
3
2
-7
-4
4
7
7
9
11
5
-2
-2
-1
-5
-2
2
4
9
13
9
8
8
11
9
0
-1
5
2
4
6
6
11
6
6
12
4
1
1
-7
-9
-6
-9
-9
-12
-4
-4
-14
-18
-30
-34
-31
-20
-19
-20
-14
-10
-9
-17
-19
-25
-22
-19
-12
-10
-13
-9
-13
-20
-25
-29
-26
-17
-23
-21
-21
-26
-22
-15
-11
-9
-11
-20
-16
-28
-30
-26
-37
-33
-31
-26
-22
-25
-28
-32
-37
-42
-52
-56
-52
-55
-55
-60
-59
-57
-52
-48
-56
-56
-61
-63
-61
-73
-72
-71
-67
-65
-64
-57
-63
-61
-58
-52
-51
-50
-43
-45
-40
-32
-33
-25
-19
-19
-18
-11
-13
-20
-16
-12
-9
-4
-3
-6
-6
-5
1
-1
2
13
20
22
23
30
27
18
14
10
13
10
9
16
14
12
14
18
13
14
15
13
15
12
10
11
10
4
1
0
-6
-1
6
13
16
6
12
16
12
7
5
5
2
-2
-2
-4
-13
-16
-15
-3
6
15
23
12
12
10
7
10
12
13
15
10
12
19
17
12
17
20
26
31
30
45
50
42
49
55
66
69
67
67
55
58
62
59
65
64
63
63
59
54
52
52
58
62
63
61
59
55
49
43
46
38
36
46
45
34
19
12
13
4
-5
1
-3
-9
-6
-4
-5
-10
-15
-14
-12
-6
4
11
5
4
5
-5
-8
-9
-11
-5
-3
-7
-1
-2
-1
1
-7
-5
-8
-2
-4
-3
5
2
6
10
24
26
20
21
21
15
15
15
14
19
20
23
28
29
21
27
23
33
38
30
27
28
35
36
44
38
38
36
33
32
22
20
15
18
21
18
12
2
-2
-11
-7
-5
-5
-12
-8
1
6
9
6
-3
-8
-9
-8
-11
-12
-14
-15
-16
-24
-15
-16
-14
-13
-17
-16
-25
-35
-35
-38
-27
-20
-21
-24
-24
-20
-20
-20
-27
-32
-30
-31
-40
-33
-37
-40
-35
-35
-29
-32
-35
-31
-27
-19
-18
-13
-10
-13
-11
-15
-10
-10
-13
-13
-6
-2
-5
1
2
-6
-9
-9
-11
-20
-15
-14
-14
-14
-21
-15
-13
-10
-5
-7
-12
-12
-13
-23
-29
-32
-31
-31
-28
-23
-20
-20
-27
-28
-27
-26
-25
-31
-35
-34
-31
-27
-34
-41
-51
-56
-57
-54
-54
-56
-50
-60
-61
-58
-58
-52
-52
-50
-55
-57
-48
-46
-44
-42
-37
-29
-21
-13
-11
-11
-15
-17
-19
-20
-5
-9
-12
-6
-8
-3
-6
-11
-4
-2
-6
-8
-8
-2
2
5
10
8
9
15
11
8
2
-4
-3
-5
-6
-11
-6
-6
-4
5
4
14
15
12
2
5
6
-1
-7
-11
-18
-26
-22
-13
-7
-10
-12
-14
-15
-13
-13
-23
-21
-18
-11
-7
-4
-4
3
8
9
20
15
14
12
3
17
14
17
20
19
29
31
26
27
35
29
31
31
29
29
29
34
33
37
36
35
36
44
42
42
41
35
35
30
23
22
17
16
15
10
16
10
14
19
21
25
16
19
26
27
30
27
24
20
24
29
31
32
30
27
30
38
40
44
37
33
32
38
41
47
44
45
44
40
39
38
39
37
42
40
47
36
24
23
16
23
26
26
30
25
24
23
20
21
22
28
28
25
22
21
18
16
15
4
7
5
2
10
20
27
26
20
14
13
16
17
18
20
21
21
21
19
22
21
6
2
-2
-10
-7
-2
-2
-2
3
6
4
3
-10
-19
-16
-12
-5
-7
-18
-17
-20
-24
-19
-15
-27
-34
-31
-30
-30
-37
-40
-34
-39
-30
-34
-40
-43
-45
-40
-36
-29
-36
-35
-31
-31
-34
-35
-37
-35
-30
-26
-25
-28
-20
-19
-19
-13
-11
-3
-9
-9
-11
-14
-8
-5
-5
-5
-1
-1
3
7
8
-3
-5
-1
4
6
5
10
6
9
9
13
8
-4
-5
3
10
5
-1
-3
-3
3
6
-3
-8
-12
-23
-28
-29
-32
-35
-44
-50
-50
-59
-65
-62
-53
-43
-41
-35
-43
-42
-42
-43
-43
-49
-53
-54
-47
-43
-43
-44
-44
-42
-34
-37
-42
-44
-39
-34
-31
-28
-29
-30
-29
-26
-23
-23
-21
-21
-13
-9
-11
-15
-30
-30
-25
-20
-15
-20
-28
-23
-21
-13
-11
-12
-11
-14
-12
-7
0
-7
-2
-3
-5
-4
-1
-4
-1
2
-2
5
4
3
5
5
14
20
25
36
34
32
41
38
40
35
27
27
20
25
18
17
17
16
22
18
17
18
14
24
27
22
27
21
20
18
18
15
6
3
4
12
14
18
15
15
15
16
20
12
15
15
13
18
14
15
14
16
21
23
27
33
34
31
25
24
33
36
39
36
35
46
48
46
40
37
47
48
52
53
53
55
50
54
57
57
56
54
57
59
60
53
55
45
41
38
35
38
32
34
31
38
32
24
28
24
25
22
17
18
11
9
13
7
11
12
13
11
9
12
6
13
19
13
13
13
14
24
23
22
26
29
22
19
21
16
24
26
30
37
38
40
37
34
35
40
43
42
33
40
40
39
31
21
24
16
17
13
18
17
17
19
13
9
11
10
4
-1
-11
-22
-30
-26
-27
-27
-28
-27
-18
-21
-23
-32
-42
-50
-45
-41
-45
-41
-41
-37
-43
-42
-39
-33
-29
-28
-26
-28
-21
-22
-23
-23
-22
-23
-26
-24
-20
-14
-17
-15
-14
-16
-20
-26
-32
-36
-35
-32
-21
-23
-21
-20
-23
-23
-33
-26
-28
-30
-32
-41
-40
-40
-43
-47
-45
-38
-47
-47
-45
-54
-54
-51
-45
-42
-39
-35
-25
-21
-22
-18
-17
-15
-12
-23
-34
-32
-33
-32
-32
-37
-33
-29
-27
-25
-25
-29
-25
-28
-23
-25
-28
-24
-24
-23
-27
-19
-18
-21
-16
-18
-20
-19
-17
-16
-17
-18
-22
-22
-23
-23
-14
-13
-15
-21
-12
-9
-11
-14
-7
-1
0
0
-1
-6
-3
1
-9
-7
-8
1
-1
-3
-8
-11
-8
-19
-16
-12
-8
-3
-1
4
-3
-1
0
-4
-2
-4
-7
-10
-4
-5
-8
-9
-7
-7
-12
-9
-13
-9
-8
-8
-12
-17
-20
-20
-20
-18
-12
-9
-13
-20
-18
-17
-12
-5
0
0
-5
-6
-6
-4
-4
6
6
7
7
13
28
31
33
30
27
29
28
28
27
22
23
29
35
36
30
30
32
34
43
44
44
41
39
37
36
32
33
37
31
29
29
37
36
40
45
45
56
53
45
48
47
42
38
38
42
42
46
48
49
48
43
41
36
32
26
27
24
22
33
34
37
42
41
36
39
43
44
49
47
42
35
38
37
38
44
47
52
57
50
51
45
30
25
21
23
21
17
20
15
16
15
12
5
6
11
10
11
5
2
8
-4
-2
0
-5
-9
-15
-12
-13
-11
-15
-12
-17
-15
-17
-25
-27
-27
-23
-20
-15
-12
-8
-12
-12
-13
-10
-9
-13
-16
-14
-15
-8
0
0
9
11
21
27
28
16
5
3
-3
-2
-6
-2
-7
-10
-6
-12
-19
-22
-21
-20
-16
-18
-25
-26
-36
-41
-35
-43
-46
-39
-42
-49
-47
-49
-41
-35
-44
-48
-50
-50
-49
-43
-41
-41
-45
-47
-44
-43
-38
-34
-34
-29
-28
-30
-27
-27
-23
-19
-18
-14
-11
-10
-7
-11
-11
-8
-5
2
2
10
10
10
13
12
10
9
4
6
6
13
13
15
14
4
12
9
3
-5
-7
-14
-21
-27
-33
-28
-24
-18
-18
-23
-21
-22
-16
-17
-28
-28
-37
-44
-49
-58
-57
-61
-63
-64
-55
-55
-54
-45
-47
-49
-52
-56
-59
-60
-64
-72
-75
-67
-62
-59
-51
-44
-39
-37
-35
-30
-30
-34
-32
-25
-25
-18
-9
-8
-10
-14
-10
-2
-1
0
5
8
14
18
22
25
24
17
17
17
13
14
16
18
18
21
23
18
23
26
26
31
32
31
31
31
28
29
27
23
28
33
28
29
25
19
19
17
24
23
30
29
30
34
33
35
31
38
35
34
31
25
24
19
21
23
27
27
29
30
21
15
14
11
7
3
5
14
18
20
24
20
28
30
30
31
34
31
25
29
30
26
26
29
36
42
41
44
46
45
40
45
51
49
50
45
44
47
49
48
52
59
65
62
60
59
50
53
52
53
49
49
51
44
36
35
35
28
28
29
24
17
9
3
-2
-10
-22
-20
-19
-18
-20
-22
-10
-12
-7
-7
-12
-13
-23
-25
-20
-19
-21
-24
-26
-22
-19
-16
-12
-10
-7
-5
-1
2
0
-5
-10
-7
-4
-1
-2
-6
-5
-7
-5
4
12
17
20
20
23
24
20
15
14
16
16
18
17
13
14
17
26
26
41
46
46
52
57
53
50
49
38
46
45
42
37
32
32
35
34
26
30
27
30
31
23
20
13
4
-1
-7
-10
-14
-19
-20
-20
-14
-22
-25
-25
-36
-32
-36
-43
-42
-50
-46
-51
-52
-55
-52
-41
-38
-39
-35
-29
-29
-35
-44
-42
-43
-49
-52
-60
-63
-56
-56
-50
-40
-39
-40
-39
-39
-39
-35
-38
-39
-38
-40
-43
-45
-44
-41
-39
-41
-44
-45
-40
-37
-37
-37
-37
-32
-29
-32
-29
-29
-28
-22
-24
-20
-16
-22
-26
-22
-26
-26
-24
-25
-20
-24
-22
-22
-27
-27
-28
-22
-25
-35
-37
-43
-45
-53
-62
-65
-68
-67
-69
-71
-74
-72
-61
-58
-55
-52
-51
-53
-53
-44
-40
-40
-34
-38
-42
-34
-32
-37
-28
-25
-27
-20
-24
-19
-18
-16
-9
-1
9
13
19
18
20
20
18
20
30
31
27
27
28
36
37
42
48
52
55
55
56
52
43
38
39
41
45
41
41
40
42
42
37
37
33
32
34
26
21
19
15
17
13
7
8
8
5
7
16
17
14
-1
-6
-6
-16
-10
-8
-10
-1
1
6
1
-1
-6
-5
-3
-3
-3
-2
-4
-14
-10
-7
-3
-2
5
11
19
25
31
33
29
29
32
34
35
42
48
48
44
52
51
52
54
48
54
54
53
60
63
66
63
64
66
62
67
63
62
64
57
60
55
50
44
47
51
42
45
43
46
43
42
37
33
34
27
27
28
22
22
24
26
28
28
29
19
10
6
2
-3
-1
-10
-18
-15
-15
-16
-20
-25
-30
-22
-23
-30
-29
-34
-38
-38
-37
-41
-39
-31
-32
-34
-30
-32
-27
-21
-22
-17
-7
-3
3
7
11
22
29
35
38
39
44
48
51
55
61
64
60
62
58
50
45
41
42
42
37
38
41
35
31
28
24
17
11
4
-3
-8
0
-4
-15
-20
-28
-30
-38
-48
-56
-65
-62
-60
-64
-72
-79
-71
-69
-69
-70
-73
-74
-76
-79
-81
-83
-79
-81
-77
-74
-68
-71
-75
-68
-67
-60
-60
-59
-57
-66
-64
-54
-50
-46
-43
-36
-37
-36
-36
-38
-41
-34
-21
-13
-8
-13
-17
-10
-9
-9
-11
-12
-15
-12
-9
-9
-13
-12
-8
-2
0
-3
0
-9
-9
-13
-19
-15
-13
-5
-9
-12
-15
-27
-27
-28
-30
-35
-34
-34
-30
-26
-27
-26
-34
-37
-41
-48
-46
-52
-58
-57
-48
-47
-54
-47
-50
-45
-41
-38
-33
-35
-37
-33
-24
-14
-8
-10
-7
7
11
11
16
22
14
12
18
23
35
36
43
41
41
51
58
64
64
69
69
65
64
63
69
63
58
56
55
59
58
56
51
54
57
57
51
40
36
31
22
14
8
5
3
4
-3
-5
-7
-4
-8
-10
-10
-9
-11
-21
-23
-23
-23
-28
-24
-16
-9
-4
2
1
0
-2
-7
-2
3
3
2
10
8
8
17
18
18
20
21
28
33
39
42
36
34
28
33
41
46
52
55
61
65
70
67
68
66
64
65
67
69
70
68
64
68
65
61
61
59
61
59
58
55
50
42
40
41
40
45
54
52
51
49
38
30
25
19
18
14
10
15
18
21
24
17
10
11
12
16
15
23
28
28
25
23
22
22
27
33
37
29
32
23
20
20
15
21
17
18
15
15
11
8
9
10
14
13
15
19
17
21
11
3
0
-6
-8
-13
-12
-13
-15
-11
-9
-16
-22
-21
-22
-17
-19
-19
-26
-34
-30
-33
-21
-17
-16
-20
-23
-18
-23
-25
-34
-33
-35
-33
-28
-35
-34
-36
-34
-32
-34
-32
-34
-36
-41
-46
-47
-47
-52
-60
-68
-76
-80
-76
-75
-73
-72
-75
-75
-81
-79
-75
-76
-77
-70
-71
-69
-62
-59
-53
-49
-44
-40
-37
-37
-32
-37
-41
-44
-44
-42
-44
-47
-45
-38
-31
-26
-20
-17
-20
-23
-21
-22
-15
-8
-4
-2
-4
-8
-6
-16
-19
-18
-12
-8
-9
-14
-18
-14
-7
-3
2
12
8
1
-8
-15
-19
-23
-21
-12
-5
-1
5
0
0
-1
-13
-16
-13
-17
-16
-15
-21
-23
-24
-24
-31
-36
-33
-30
-23
-20
-21
-22
-26
-19
-19
-24
-24
-22
-25
-19
-25
-26
-19
-17
-16
-14
-12
-14
-16
-24
-20
-21
-19
-13
-9
-2
2
2
2
3
-5
2
2
0
0
-6
-11
-12
-5
-6
-5
-3
-3
-4
0
0
-3
-3
-8
-5
-5
-2
1
3
6
9
15
13
16
20
16
22
23
27
27
26
31
33
39
48
52
60
70
78
77
74
76
79
75
78
81
80
78
78
78
71
69
69
65
66
71
68
65
69
62
62
59
47
45
44
46
44
45
50
48
50
45
42
41
39
42
43
42
46
44
38
31
28
34
34
38
36
34
29
20
11
8
8
11
9
10
13
13
14
4
2
2
2
3
2
5
7
4
11
11
9
10
18
23
23
23
18
16
13
16
24
27
32
30
33
37
31
31
30
33
39
39
42
44
43
43
37
26
26
18
15
18
20
26
23
19
15
3
-8
-13
-23
-30
-34
-37
-35
-38
-40
-50
-50
-48
-57
-53
-60
-55
-57
-62
-59
-58
-46
-53
-47
-47
-51
-46
-50
-47
-46
-42
-37
-34
-33
-28
-21
-22
-22
-23
-25
-23
-24
-18
-19
-8
-10
-11
-13
-17
-9
-20
-19
-13
-19
-18
-11
-3
1
1
-7
-17
-22
-22
-25
-34
-38
-40
-42
-46
-53
-50
-48
-49
-48
-43
-52
-52
-55
-60
-60
-60
-59
-60
-60
-62
-65
-71
-69
-67
-67
-68
-67
-61
-58
-59
-55
-53
-52
-48
-53
-50
-49
-50
-45
-38
-32
-26
-23
-27
-26
-28
-36
-43
-42
-45
-40
-31
-26
-14
-14
-16
-17
-21
-16
-12
-5
-6
6
9
5
7
-5
0
3
9
19
21
24
23
23
23
20
22
26
28
31
33
30
38
32
32
31
25
34
34
42
35
27
21
20
17
18
17
18
24
22
23
21
27
28
24
25
24
32
37
42
36
31
30
26
27
25
31
34
31
24
22
25
26
26
20
21
28
25
25
20
15
9
8
15
16
26
29
29
33
22
22
20
7
11
3
4
15
14
16
17
19
10
7
6
8
13
10
9
10
7
12
16
23
32
33
32
29
30
31
31
30
25
28
23
22
25
27
32
40
42
34
38
37
38
38
34
34
31
36
37
38
40
28
24
14
12
14
16
28
29
29
27
31
32
28
31
31
34
29
23
22
27
23
21
19
20
25
19
24
19
12
14
14
14
12
20
21
18
20
14
8
8
15
17
26
26
25
22
18
18
17
22
17
17
15
18
18
18
13
16
15
13
19
21
24
20
14
4
-7
-14
-21
-21
-20
-16
-3
-5
-3
-9
-11
-17
-28
-31
-32
-30
-28
-33
-38
-36
-36
-32
-35
-32
-31
-40
-38
-42
-36
-34
-29
-27
-40
-40
-40
-46
-48
-43
-45
-41
-40
-33
-26
-29
-21
-18
-23
-27
-28
-32
-27
-33
-34
-37
-32
-22
-16
-9
-6
-2
-5
-6
-14
-15
-17
-17
-21
-22
-13
-14
-9
-16
-18
-20
-26
-23
-29
-29
-32
-35
-27
-27
-22
-16
-22
-24
-28
-37
-36
-30
-36
-36
-27
-27
-27
-21
-28
-25
-33
-34
-33
-27
-24
-22
-15
-18
-15
-23
-31
-32
-34
-38
-37
-34
-20
-18
-16
-9
-4
-5
-13
-11
-22
-16
-14
-15
-12
-8
-7
-8
-5
-10
-9
-7
-3
-4
-15
-19
-15
-6
1
2
0
-8
-3
-5
-5
-1
-6
-6
-4
0
5
9
12
11
9
7
6
1
-2
-3
-9
-9
2
12
18
23
26
18
5
1
-6
-4
2
2
4
7
13
9
-3
-3
-3
2
4
4
6
10
11
9
9
12
13
7
4
1
-7
-2
-5
-13
-11
-18
-15
-10
-12
0
-1
2
4
-6
-4
-9
-4
-3
5
10
25
24
15
12
7
7
9
9
16
23
19
20
19
20
21
24
20
24
31
36
38
40
37
36
34
32
45
44
48
50
42
46
40
37
37
25
30
31
34
38
32
29
21
19
14
6
3
-5
2
1
-2
4
-7
-7
-11
-12
-16
-21
-18
-22
-17
-9
-9
-6
-3
0
7
8
7
7
3
-1
-2
-4
-2
-5
-1
8
11
8
14
22
17
28
25
29
36
30
34
35
33
27
27
27
26
30
31
27
23
25
21
18
20
24
24
21
21
12
5
-5
-8
-13
-17
-8
-4
-5
2
-1
-1
5
-7
-16
-20
-29
-23
-25
-31
-28
-32
-35
-34
-32
-28
-27
-13
-14
-8
-1
-11
-14
-20
-19
-23
-22
-14
-9
-8
-11
-7
1
-8
-14
-10
-10
-11
-9
-12
-13
-3
-7
-3
-1
-2
8
2
1
8
0
-4
-3
-8
-6
1
6
13
19
19
19
23
24
29
26
24
21
16
10
8
10
8
0
2
6
2
0
-3
-13
-15
-17
-5
-3
-7
-10
-14
-22
-30
-22
-29
-29
-32
-32
-30
-35
-31
-33
-30
-38
-38
-38
-46
-37
-35
-32
-27
-28
-31
-33
-29
-22
-30
-39
-42
-38
-41
-37
-24
-25
-16
-10
-6
-2
0
-12
-8
-18
-15
-13
-21
-13
-16
-7
-5
-5
2
-4
0
-2
-7
-11
-12
-7
-8
-4
-5
3
10
9
6
1
-3
-1
-8
-7
1
-3
6
2
-1
7
13
15
18
20
18
15
9
3
1
3
4
3
8
13
15
7
16
14
15
18
5
12
15
20
22
24
31
31
30
25
24
14
6
2
-4
4
-2
-1
9
8
15
7
8
18
12
15
7
-3
-6
-4
3
1
1
0
9
12
12
13
12
5
-3
-2
-10
-7
-2
-4
-6
-10
-6
-7
-5
-8
-11
-14
-10
-7
-11
-6
-15
-15
-15
-17
-16
-20
-20
-25
-28
-21
-15
-18
-14
-14
-10
-7
-5
-1
-1
-5
-5
-4
-6
-2
1
-1
2
10
13
16
22
18
21
16
12
19
15
19
17
20
25
24
24
19
32
27
36
40
33
40
35
41
45
50
55
62
59
59
60
53
58
51
54
60
59
66
63
65
67
63
68
61
57
54
55
57
50
48
53
53
48
50
40
38
35
28
25
22
24
14
8
14
15
19
25
18
9
3
2
-3
5
4
4
1
-5
0
1
-8
-10
-17
-18
-21
-16
-5
-13
-2
0
1
1
-2
-4
-7
-15
-18
-18
-31
-35
-37
-34
-33
-25
-22
-23
-19
-26
-28
-34
-35
-24
-17
-11
-3
-1
5
10
8
2
3
-3
-1
1
3
2
-3
4
-8
-1
-2
-9
-11
-11
-11
-21
-12
-20
-31
-34
-33
-30
-29
-32
-43
-39
-41
-45
-44
-49
-43
-43
-38
-28
-25
-21
-16
-15
-17
-13
-15
-19
-21
-20
-21
-19
-9
-18
-11
-19
-24
-16
-16
-8
-1
2
2
1
-1
-5
-5
-7
-17
-13
-14
-15
-20
-20
-13
-12
-5
-6
-15
-21
-22
-36
-43
-36
-40
-41
-46
-41
-44
-48
-44
-47
-48
-48
-45
-45
-51
-50
-57
-59
-54
-70
-61
-65
-66
-58
-65
-64
-61
-56
-61
-61
-59
-58
-62
-68
-66
-70
-72
-68
-68
-62
-57
-61
-62
-58
-61
-57
-51
-50
-43
-43
-37
-44
-40
-31
-35
-22
-17
-17
-7
-6
1
7
4
14
14
20
21
26
24
23
26
19
32
33
33
46
54
68
81
81
83
80
72
67
64
63
64
63
65
71
75
88
85
83
88
86
82
71
69
65
57
62
63
66
63
63
66
67
70
60
52
54
54
50
46
40
40
38
40
43
49
56
53
52
39
37
36
28
27
19
12
13
12
9
14
15
10
4
3
2
5
3
-3
-8
-3
4
8
23
25
25
21
19
15
13
12
7
9
8
20
20
24
25
21
25
30
38
40
44
35
30
26
15
20
22
19
24
33
30
35
33
28
30
21
16
14
6
6
-2
-8
0
-2
-1
1
1
2
7
5
-3
-5
-7
2
-5
-8
-8
-19
-8
-16
-11
-12
-24
-23
-33
-30
-29
-24
-17
-15
-1
6
3
5
3
4
1
1
0
-3
1
2
0
4
13
18
16
8
18
14
11
11
0
5
4
17
17
18
17
3
-1
-14
-11
-18
-19
-18
-22
-13
-15
-16
-17
-22
-26
-36
-49
-49
-53
-46
-40
-36
-30
-35
-31
-28
-28
-34
-36
-40
-51
-48
-50
-52
-57
-62
-61
-59
-51
-54
-50
-59
-62
-55
-59
-60
-58
-53
-45
-49
-49
-49
-58
-53
-57
-63
-63
-66
-65
-73
-78
-65
-75
-73
-66
-62
-54
-56
-38
-35
-33
-39
-48
-49
-52
-45
-45
-46
-38
-30
-21
-20
-8
0
-6
2
-7
-10
-17
-22
-24
-29
-18
-6
-2
9
16
14
20
17
13
4
2
1
-2
0
-1
7
5
3
10
10
9
10
6
1
2
3
8
11
19
26
24
30
33
31
24
19
22
17
5
-3
-3
-12
-5
-7
2
19
20
29
24
22
13
2
-7
-19
-31
-27
-15
-8
-5
-1
-3
2
5
1
8
10
4
8
5
12
20
23
29
35
43
44
47
51
55
54
51
60
64
74
77
82
79
75
80
77
83
78
73
74
76
74
68
66
70
74
75
87
88
81
79
77
86
72
63
59
39
42
32
35
36
38
47
45
49
51
55
46
37
40
32
32
28
35
37
35
44
45
46
42
51
59
59
55
54
47
45
43
36
28
35
34
37
48
47
45
30
33
35
30
26
32
29
26
34
35
29
32
29
22
21
28
27
13
15
6
12
7
6
14
11
6
7
10
-6
-15
-16
-23
-22
-27
-37
-40
-42
-42
-45
-42
-40
-39
-46
-47
-49
-46
-47
-55
-50
-54
-62
-53
-52
-46
-43
-50
-55
-61
-61
-58
-49
-43
-30
-23
-28
-24
-26
-21
-19
-19
-17
-17
-15
-10
-11
-6
-7
-10
-11
-17
-16
-22
-25
-32
-34
-35
-34
-33
-36
-32
-37
-35
-30
-40
-40
-52
-60
-60
-60
-58
-58
-48
-44
-38
-42
-39
-47
-52
-53
-59
-49
-46
-51
-46
-46
-44
-44
-41
-37
-37
-40
-36
-31
-29
-26
-22
-19
-20
-26
-25
-23
-23
-17
-20
-16
-23
-26
-21
-31
-26
-30
-39
-39
-40
-38
-36
-36
-40
-31
-33
-30
-28
-31
-36
-46
-49
-58
-61
-66
-61
-61
-57
-58
-59
-52
-57
-48
-46
-47
-45
-47
-36
-32
-35
-24
-28
-23
-12
-13
-14
-15
-11
-13
-11
-16
-11
-7
1
12
23
26
18
26
20
18
20
16
26
21
15
17
17
26
29
30
37
40
35
33
29
26
34
30
29
27
18
19
24
17
16
19
18
21
21
20
22
16
11
15
8
9
10
12
20
32
41
45
42
40
39
34
34
38
42
41
39
34
28
28
22
21
21
36
30
34
41
26
29
29
20
28
30
31
44
42
43
46
51
43
40
45
39
44
40
54
56
55
58
52
52
55
57
54
54
46
35
29
24
24
23
16
14
23
16
23
28
26
28
30
38
22
21
24
15
10
3
10
13
19
24
26
39
35
32
34
29
29
28
27
33
31
31
36
41
36
42
42
42
41
30
31
23
26
26
20
32
31
25
22
10
11
15
5
5
5
-4
-9
-19
-26
-27
-31
-29
-35
-39
-33
-36
-38
-37
-42
-42
-42
-38
-40
-35
-28
-32
-24
-22
-27
-21
-16
-15
-18
-26
-32
-29
-27
-31
-30
-23
-23
-22
-11
-15
-14
-20
-25
-25
-28
-23
-21
-25
-33
-35
-30
-34
-37
-34
-32
-34
-38
-45
-49
-58
-59
-51
-48
-36
-39
-37
-36
-41
-35
-50
-45
-38
-42
-23
-23
-25
-22
-23
-15
-23
-19
-23
-23
-15
-18
-18
-20
-29
-29
-25
-25
-24
-20
-17
-18
-17
-14
-14
-23
-24
-21
-18
-15
-11
-9
-8
-4
-3
7
7
1
2
-8
-12
-13
-5
3
10
21
22
23
20
17
13
6
3
-8
-2
-5
-13
-12
-16
-13
-14
-17
-22
-24
-26
-27
-23
-17
-17
-19
-26
-21
-19
-17
-20
-19
-26
-43
-38
-36
-33
-29
-28
-27
-29
-29
-24
-31
-27
-22
-26
-25
-21
-23
-27
-20
-15
-11
-8
4
11
12
6
-1
-3
-8
-10
-6
-12
-14
-6
7
5
10
19
11
13
21
26
30
22
20
14
16
24
15
18
15
13
20
19
20
23
26
21
19
14
8
8
15
20
23
33
40
33
35
42
36
37
35
32
31
38
42
49
52
54
59
55
49
45
42
37
32
34
27
31
34
38
55
56
61
57
50
51
39
34
35
27
24
29
28
35
32
34
45
41
38
34
26
26
24
23
32
29
35
37
37
44
46
45
40
37
32
23
22
13
12
14
9
11
14
14
15
8
12
19
14
10
5
2
-6
-12
-8
-5
2
4
12
22
22
26
20
11
17
16
17
23
28
36
33
34
30
25
19
14
14
11
10
-2
-1
1
-6
-1
-5
1
-3
-9
-6
-9
-12
-9
-4
-3
2
-3
-8
-7
-8
-13
-12
-12
-18
-13
-19
-23
-25
-31
-33
-28
-29
-26
-28
-31
-30
-33
-27
-30
-24
-22
-18
-26
-31
-30
-30
-34
-39
-20
-23
-9
-9
-7
1
-5
-2
-10
-7
-17
-22
-20
-18
-8
-9
-5
-11
-9
-1
0
-1
-4
5
2
-6
-8
-6
-19
-15
-7
-15
-15
-20
-28
-23
-26
-31
-28
-27
-21
-26
-32
-38
-38
-39
-39
-37
-41
-40
-47
-46
-42
-45
-44
-45
-44
-45
-42
-43
-44
-41
-36
-43
-36
-23
-32
-32
-29
-29
-30
-33
-28
-30
-33
-29
-29
-27
-21
-17
-14
-13
-3
0
0
7
12
11
7
4
1
5
7
8
10
8
13
15
23
16
11
8
7
15
9
8
4
0
-4
-4
-4
-4
0
-5
-3
0
-9
-12
-16
-16
-17
-24
-21
-26
-21
-16
-20
-14
-19
-28
-25
-20
-14
-12
-11
-8
-9
-5
-9
-7
-7
-17
-9
-6
-5
-2
-3
3
4
13
19
16
13
10
9
6
9
12
5
8
13
2
4
7
0
3
3
6
9
9
18
17
13
8
-7
-12
-15
-21
-25
-21
-23
-13
-8
-8
-6
-2
2
2
2
3
-5
-7
-3
-7
4
3
6
13
12
20
25
23
29
32
35
41
45
47
51
54
55
60
59
58
54
57
52
49
49
50
48
51
63
60
57
54
55
50
42
39
41
40
38
34
33
32
31
32
31
30
28
32
28
24
21
16
6
3
12
7
6
-2
-10
-4
-8
-11
-10
-13
-5
-6
-1
-1
-6
-5
-10
-4
0
3
-1
-5
-7
-13
-16
-11
-1
-4
6
13
17
30
26
23
17
16
19
16
17
15
15
18
16
19
18
12
13
19
26
22
13
11
6
3
-4
-5
-5
-7
-6
-10
-18
-16
-12
-20
-19
-22
-25
-17
-16
-18
-29
-32
-25
-29
-26
-28
-27
-27
-27
-21
-30
-27
-29
-35
-32
-21
-21
-25
-16
-13
-13
-9
-20
-22
-20
-22
-29
-36
-40
-37
-33
-31
-22
-18
-10
-20
-19
-21
-24
-21
-31
-22
-24
-24
-15
-17
-14
-11
-11
-7
-10
-5
-10
-10
0
-1
6
5
-6
-5
-7
-5
0
1
8
5
8
3
-1
-3
-3
-4
-3
-4
-14
-20
-29
-32
-34
-31
-29
-28
-25
-19
-25
-24
-19
-20
-23
-31
-33
-42
-46
-36
-33
-31
-28
-26
-22
-23
-25
-22
-11
-9
-9
-11
-12
-5
-11
-15
-22
-23
-18
-20
-16
-16
-13
-23
-16
-16
-22
-17
-23
-19
-21
-13
-18
-20
-17
-19
-22
-28
-21
-24
-25
-22
-20
-14
-5
-2
-4
0
0
1
6
7
2
5
6
5
7
9
10
8
13
14
6
10
13
23
30
28
26
19
17
13
10
13
23
21
19
17
17
12
8
8
12
15
16
22
18
19
23
24
29
29
29
29
29
31
23
19
14
8
6
9
17
17
22
20
15
16
19
17
16
21
19
24
30
28
28
24
12
11
15
10
10
7
6
9
9
17
17
22
24
24
29
27
22
26
31
31
31
35
47
49
50
54
57
48
37
44
44
46
45
42
46
43
49
50
43
42
38
30
29
30
31
25
20
23
17
18
19
21
22
13
14
10
7
-1
6
9
3
3
1
12
11
18
11
2
1
-4
0
1
3
6
17
14
12
14
13
10
11
20
24
19
19
20
18
23
20
28
28
28
30
30
36
32
32
30
27
23
18
18
19
14
8
-2
-5
-9
-9
-8
-3
-5
-10
-11
-12
-13
-16
-10
-11
-9
-9
-10
-15
-21
-16
-18
-16
-9
-18
-15
-15
-13
-9
-10
-9
-8
-5
-2
-5
-10
-15
-12
-13
-16
-10
-7
3
5
6
4
-3
-7
-12
-17
-20
-14
-13
-12
-9
-13
-15
-20
-22
-19
-21
-26
-28
-30
-27
-36
-31
-34
-36
-32
-32
-32
-32
-35
-37
-40
-37
-32
-34
-31
-24
-21
-22
-22
-20
-22
-19
-21
-23
-26
-29
-22
-23
-18
-14
-13
-10
-9
-6
-6
-11
-18
-17
-12
-14
-19
-18
-24
-28
-23
-27
-26
-30
-33
-31
-25
-24
-31
-36
-39
-42
-48
-47
-49
-59
-56
-51
-51
-45
-47
-47
-50
-52
-55
-55
-53
-54
-52
-51
-49
-39
-44
-50
-45
-43
-46
-40
-42
-44
-36
-37
-33
-22
-17
-15
-2
6
18
24
28
32
25
22
22
12
8
16
19
21
28
40
37
41
40
35
39
33
27
22
16
15
14
9
8
9
3
4
13
14
3
4
-2
-6
-8
-25
-26
-34
-33
-26
-30
-29
-24
-30
-24
-18
-16
-14
-12
-14
-21
-20
-23
-30
-32
-30
-22
-6
-7
-4
-3
-5
3
2
-2
-1
3
2
6
11
15
23
24
27
40
46
49
42
35
31
29
28
28
35
43
51
57
63
61
67
64
64
68
61
68
66
66
70
71
68
62
65
65
62
57
63
63
52
57
56
54
58
61
62
64
62
56
52
45
38
31
30
28
23
25
27
26
21
20
16
12
15
10
13
11
10
11
7
0
-3
0
1
0
-2
-5
-4
-1
-1
-1
-6
-2
1
2
4
5
5
4
4
1
8
16
25
33
32
29
27
24
21
19
16
17
17
22
32
31
29
25
29
28
24
19
18
8
-2
3
2
-1
-3
-1
3
6
5
2
2
-10
-14
-16
-23
-19
-27
-29
-26
-24
-24
-24
-19
-30
-34
-33
-35
-33
-34
-36
-33
-34
-37
-41
-40
-30
-30
-32
-32
-23
-18
-20
-17
-18
-22
-26
-19
-21
-20
-13
-13
-16
-12
-5
-2
4
8
10
15
9
12
10
7
9
5
18
20
17
21
20
25
24
21
21
11
0
0
-8
-12
-16
-21
-15
-10
-12
-15
-18
-20
-19
-23
-30
-43
-55
-60
-60
-64
-67
-78
-86
-89
-98
-102
-111
-111
-113
-116
-118
-110
-101
-104
-97
-88
-88
-89
-92
-100
-99
-102
-100
-98
-95
-87
-83
-80
-74
-64
-65
-60
-63
-61
-58
-54
-47
-49
-42
-43
-37
-27
-22
-16
-11
-4
1
1
0
7
11
17
19
19
23
21
31
30
30
34
32
33
35
37
37
38
40
42
44
43
39
40
39
30
33
35
31
35
32
31
29
22
19
14
8
9
11
5
0
-1
-5
-3
-4
-3
-2
-4
-5
-13
-10
-7
-7
-3
0
4
5
6
6
0
3
4
-1
4
13
21
24
38
49
53
63
62
70
70
71
76
74
76
77
74
75
80
80
85
84
87
92
89
85
82
80
82
84
84
83
85
83
79
77
71
63
59
55
56
59
62
58
56
55
51
47
44
46
47
53
54
41
34
31
28
23
23
20
13
12
3
13
10
10
10
12
7
7
15
13
15
8
7
-1
-1
8
10
18
21
23
18
13
10
6
4
7
17
18
23
29
31
32
29
27
33
29
31
29
30
32
32
33
27
27
21
22
20
25
30
26
28
26
26
21
15
12
13
14
14
15
9
8
3
0
4
8
5
11
16
12
9
4
-1
-5
-6
-11
-7
-11
-16
-18
-23
-23
-25
-17
-19
-18
-15
-18
-22
-21
-24
-25
-25
-29
-29
-35
-36
-39
-42
-52
-60
-67
-64
-63
-63
-65
-62
-63
-62
-57
-65
-73
-77
-84
-80
-79
-83
-80
-73
-72
-75
-73
-77
-78
-85
-80
-75
-77
-73
-80
-77
-80
-77
-71
-71
-66
-58
-58
-60
-62
-65
-61
-61
-62
-58
-68
-67
-66
-72
-67
-65
-58
-50
-45
-34
-35
-44
-42
-41
-37
-38
-40
-33
-35
-33
-30
-34
-26
-35
-35
-35
-37
-30
-30
-27
-28
-21
-23
-21
-25
-36
-35
-41
-40
-35
-35
-33
-33
-32
-31
-32
-26
-19
-15
-10
-9
-8
-9
-7
-8
-4
-2
-1
4
2
-5
-1
1
0
11
10
18
19
15
13
6
0
0
5
4
4
0
5
10
7
9
10
12
17
12
7
6
3
6
14
21
25
26
27
23
24
22
21
21
16
17
16
22
16
11
15
12
20
25
29
36
32
37
30
34
31
35
35
27
34
36
40
39
43
42
48
55
56
64
72
79
79
79
73
74
71
64
66
67
73
85
91
89
83
81
76
76
85
84
83
74
70
73
77
79
75
77
77
78
75
63
55
51
48
44
41
40
27
30
31
26
25
23
23
16
14
12
12
15
13
11
5
9
2
-1
-3
7
14
7
11
10
16
15
19
23
19
28
25
25
33
23
22
26
28
30
32
26
21
17
18
20
20
21
15
11
14
21
24
25
21
13
13
4
-3
-11
-8
-12
-14
-14
-14
-9
-5
0
2
11
13
12
10
3
-7
-10
-12
-17
-18
-14
-17
-20
-16
-22
-22
-27
-30
-24
-24
-20
-23
-24
-19
-27
-23
-28
-42
-39
-43
-42
-38
-45
-48
-49
-55
-59
-64
-70
-72
-68
-71
-77
-77
-74
-78
-82
-76
-70
-65
-64
-63
-72
-72
-69
-64
-67
-67
-65
-71
-65
-69
-71
-73
-69
-58
-56
-47
-48
-54
-52
-51
-48
-46
-40
-36
-36
-36
-41
-35
-35
-39
-36
-30
-25
-21
-15
-12
-5
-4
-5
-3
0
4
-3
-2
4
3
3
6
10
11
14
7
6
3
-2
-3
-5
-10
-14
-16
-17
-14
-16
-21
-28
-33
-36
-38
-45
-45
-44
-46
-43
-43
-40
-42
-48
-44
-43
-42
-41
-40
-41
-38
-35
-35
-30
-23
-17
-19
-24
-14
-15
-13
-10
-7
-3
0
6
18
21
30
33
31
36
27
32
36
40
42
40
40
46
44
47
51
52
47
43
43
38
43
39
41
37
39
39
35
39
42
37
33
33
21
14
14
17
12
20
21
21
27
21
18
20
18
24
31
34
38
41
44
43
40
46
40
38
33
34
34
33
43
40
45
53
57
60
63
61
62
59
58
58
55
58
57
56
54
57
58
58
60
53
49
48
45
47
48
49
43
39
31
25
26
26
22
22
23
20
17
13
11
0
-9
-10
-11
-7
-8
-7
-5
-3
-1
1
3
-1
4
5
7
10
8
9
14
23
26
23
29
26
28
24
22
18
12
14
14
17
15
20
22
23
26
34
37
41
34
28
31
24
16
4
-2
-4
-5
-2
-4
-4
4
3
10
9
5
1
-10
-13
-8
-5
-7
-8
-5
-8
-11
-10
-12
-19
-20
-14
-9
-11
-12
-11
-9
-8
-7
0
3
5
9
6
3
-2
-3
-6
-5
6
18
24
25
27
23
26
27
28
24
19
23
18
6
4
1
-6
-10
-9
-10
-12
-16
-17
-26
-28
-30
-34
-40
-52
-56
-58
-59
-58
-63
-65
-67
-63
-66
-76
-76
-80
-80
-81
-82
-82
-85
-83
-84
-76
-78
-77
-74
-82
-79
-71
-69
-69
-68
-69
-66
-68
-65
-67
-74
-73
-69
-67
-57
-44
-36
-30
-32
-31
-30
-29
-30
-34
-28
-26
-25
-25
-25
-20
-25
-26
-16
-16
-15
-8
-11
-7
-8
-9
-8
-14
-12
-4
2
5
9
7
15
19
17
18
18
19
23
24
23
24
26
27
26
26
16
14
14
12
16
16
5
6
1
-6
-8
-12
-17
-18
-17
-23
-26
-32
-41
-42
-37
-35
-40
-36
-42
-41
-37
-38
-38
-42
-45
-45
-45
-39
-25
-18
-11
-11
-12
-11
-17
-16
-14
-12
-13
-10
-5
-12
-10
-8
-1
0
-2
-1
-1
5
11
15
23
29
32
30
32
37
44
47
47
54
59
62
58
61
64
64
67
60
63
71
69
68
68
65
62
55
54
56
51
52
56
47
37
36
38
28
22
14
10
6
9
14
11
10
10
7
4
8
6
7
1
1
3
-9
-9
-18
-16
-12
-13
-14
-16
-15
-16
-10
-6
-3
1
2
8
6
9
14
14
11
11
15
17
20
25
24
32
38
40
47
45
42
47
52
54
55
55
54
56
58
64
63
61
58
57
62
62
68
67
68
69
64
55
54
55
55
49
47
43
51
56
53
52
47
45
37
30
24
16
6
8
10
-1
-1
-1
-7
-11
-18
-16
-13
-10
-14
-17
-29
-33
-31
-42
-33
-33
-37
-28
-26
-25
-24
-33
-30
-31
-38
-30
-33
-29
-27
-22
-19
-25
-29
-30
-32
-27
-20
-26
-22
-19
-18
-21
-20
-18
-17
-18
-18
-13
-20
-31
-33
-40
-49
-49
-39
-35
-35
-33
-32
-29
-25
-23
-22
-28
-29
-27
-36
-30
-40
-47
-49
-52
-49
-42
-37
-37
-36
-35
-34
-37
-38
-45
-45
-48
-47
-46
-46
-39
-39
-30
-28
-24
-26
-26
-24
-25
-24
-27
-27
-35
-29
-29
-35
-29
-29
-23
-15
-11
-9
-11
-13
-8
-21
-21
-25
-28
-23
-26
-21
-18
-11
-5
-1
-3
-1
3
-4
-2
2
0
3
5
8
10
10
10
7
9
8
2
6
-1
-3
-8
-10
-5
-5
2
6
10
10
5
2
-3
-6
-15
-22
-30
-31
-37
-32
-28
-29
-20
-18
-12
-9
-6
-3
-6
-6
-14
-17
-22
-28
-21
-21
-10
-13
-8
0
-2
-2
-6
-6
-7
2
-2
0
1
0
4
8
10
2
3
11
3
4
4
5
15
20
24
28
29
32
38
34
37
39
37
45
48
44
47
45
55
56
49
48
41
42
31
33
39
42
47
41
40
41
45
48
50
47
43
44
41
44
40
42
42
42
40
35
28
27
21
20
22
21
22
25
30
30
25
15
22
25
16
14
15
12
11
7
-1
-7
-9
-14
-13
-8
-6
2
4
10
11
14
12
7
9
10
4
13
17
14
16
13
12
10
13
13
19
16
14
19
21
19
18
19
22
23
22
32
34
38
30
34
39
37
42
39
38
35
39
45
44
42
41
36
38
39
38
41
44
44
41
33
26
22
18
19
22
24
14
7
-1
-5
-5
-13
-12
-11
-7
-1
-6
-13
-17
-19
-23
-21
-26
-31
-30
-24
-16
-16
-14
-14
-17
-15
-15
-14
-17
-22
-24
-28
-27
-27
-27
-17
-6
-2
3
9
5
10
4
3
-1
-10
-16
-8
-1
0
5
4
13
12
7
0
-3
0
-10
-18
-19
-24
-32
-30
-31
-28
-24
-22
-23
-24
-26
-34
-36
-39
-45
-53
-54
-66
-68
-65
-75
-76
-76
-80
-79
-77
-72
-64
-63
-58
-57
-60
-66
-68
-66
-73
-71
-66
-60
-61
-62
-57
-59
-54
-51
-44
-36
-36
-40
-38
-37
-34
-28
-29
-29
-30
-30
-24
-22
-20
-15
-8
-10
-4
-1
-8
-9
-15
-16
-9
-8
-9
-6
-1
4
10
12
11
8
8
7
5
1
1
4
10
12
6
8
8
11
16
18
21
24
26
26
25
25
25
17
24
26
17
16
14
18
9
8
7
2
5
-1
-5
-3
-6
-11
-9
-11
-11
-12
-15
-12
-16
-23
-16
-21
-29
-32
-32
-28
-24
-25
-22
-15
-12
-12
-9
-13
-9
-3
0
1
3
6
13
14
11
6
1
4
8
13
20
27
27
35
37
39
34
37
35
37
34
38
37
35
45
44
51
49
48
48
48
47
42
37
34
37
32
29
22
18
18
12
13
12
9
4
2
6
4
3
-1
-11
-13
-10
-15
-19
-27
-30
-24
-27
-23
-19
-15
-4
-2
-1
0
2
3
4
3
6
16
26
29
35
41
35
32
34
38
35
36
43
48
60
63
65
79
84
85
96
93
88
80
77
72
62
64
64
63
70
78
80
77
84
78
69
69
57
55
50
41
45
42
39
36
30
23
23
19
11
9
0
-9
-16
-16
-21
-18
-21
-18
-20
-24
-28
-34
-36
-43
-43
-44
-41
-41
-41
-46
-52
-47
-51
-56
-57
-56
-60
-62
-55
-54
-57
-52
-57
-51
-50
-49
-46
-50
-43
-39
-41
-39
-39
-38
-37
-35
-29
-29
-32
-25
-25
-26
-22
-25
-29
-30
-27
-18
-19
-16
-11
-9
-7
-3
-3
0
2
9
9
4
10
9
9
10
8
3
6
2
-1
3
4
5
1
6
7
6
9
6
2
1
0
-1
-3
-10
-6
-9
-10
-15
-25
-28
-37
-38
-36
-36
-35
-37
-42
-42
-45
-47
-45
-44
-46
-51
-47
-47
-44
-43
-47
-41
-37
-37
-42
-42
-43
-43
-45
-42
-41
-43
-37
-37
-31
-30
-30
-30
-31
-32
-32
-27
-25
-20
-20
-16
-8
-9
1
-4
-6
-7
-7
-3
1
6
7
11
8
9
14
13
11
15
16
19
18
16
9
11
6
7
3
-2
-3
-6
-15
-11
-8
-12
-2
-8
-1
2
6
6
6
6
5
2
-1
-1
-6
-3
-2
9
21
22
32
33
25
29
28
29
27
24
23
23
24
19
22
25
32
33
37
41
39
36
29
22
19
12
9
10
20
25
26
35
35
32
34
27
24
16
13
21
22
23
19
22
25
22
16
18
19
18
22
23
24
20
18
20
11
15
19
21
28
26
24
27
28
26
25
18
14
9
8
8
9
9
9
12
6
8
3
5
5
9
9
4
2
-1
-4
-7
-2
2
4
10
13
16
15
8
15
20
20
24
26
34
28
32
35
35
43
44
51
59
64
64
61
62
62
56
56
52
57
54
54
60
55
54
53
52
42
39
39
40
40
31
29
22
22
23
14
16
11
2
-4
3
2
-1
1
-1
-4
-6
-1
-3
-3
-3
0
2
3
0
1
1
5
4
0
-7
-13
-16
-18
-16
-18
-9
-7
-3
-6
-13
-16
-22
-22
-27
-21
-14
-10
-9
-6
-3
-5
-8
-9
-5
-6
-4
-7
-6
-10
-15
-8
-12
-17
-8
-3
2
6
5
5
1
-3
-7
-9
-16
-19
-22
-23
-17
-14
-10
-16
-22
-25
-33
-38
-38
-43
-48
-47
-47
-42
-44
-45
-40
-41
-41
-42
-52
-54
-54
-57
-66
-64
-60
-60
-59
-52
-53
-56
-54
-56
-60
-61
-57
-53
-52
-54
-51
-52
-53
-47
-48
-46
-41
-42
-36
-40
-47
-56
-51
-56
-54
-54
-55
-46
-43
-39
-36
-31
-32
-29
-34
-32
-31
-36
-29
-32
-30
-28
-23
-17
-20
-17
-11
-9
-11
-8
-8
-7
-4
1
3
2
4
9
17
17
15
11
15
11
19
23
19
22
13
14
12
10
13
9
5
3
3
5
3
5
6
1
-6
-10
-7
-7
-6
-9
-12
-8
-8
-4
-6
-9
-6
-4
0
2
-5
-4
-5
3
6
4
4
0
1
-2
5
14
14
16
12
7
10
7
10
11
8
12
20
22
19
19
19
22
25
28
31
31
34
31
34
42
37
45
52
54
59
60
56
47
52
51
50
53
50
55
54
51
56
56
51
52
58
61
64
58
51
47
43
36
29
27
25
26
29
33
36
32
29
23
12
5
0
-3
4
1
-1
10
14
11
13
16
15
14
19
19
18
19
17
19
18
18
19
17
13
16
19
18
17
17
20
17
19
19
23
33
25
25
20
15
13
9
11
5
7
6
3
8
-1
3
5
9
11
11
13
7
6
-2
-2
-3
-5
-1
1
1
4
2
0
11
18
19
11
10
10
9
11
8
0
-5
-10
-8
-7
-9
-8
-6
-7
-13
-11
-20
-22
-23
-24
-18
-20
-19
-20
-26
-28
-37
-35
-26
-29
-28
-37
-41
-41
-45
-44
-41
-32
-35
-31
-29
-31
-34
-41
-41
-35
-32
-31
-21
-19
-16
-15
-17
-16
-18
-18
-24
-27
-29
-35
-42
-37
-38
-38
-31
-28
-26
-25
-25
-28
-29
-24
-28
-35
-33
-39
-44
-45
-43
-45
-45
-41
-38
-32
-34
-31
-30
-29
-25
-27
-30
-36
-42
-41
-43
-43
-41
-37
-33
-32
-29
-31
-34
-36
-36
-38
-37
-35
-33
-42
-43
-33
-35
-35
-30
-32
-23
-20
-27
-27
-30
-32
-25
-19
-22
-15
-8
-6
-5
-5
0
-7
-9
-20
-15
-17
-20
-19
-15
-1
7
12
16
16
24
26
22
26
19
22
21
28
30
36
38
31
34
33
30
30
26
23
18
23
32
32
29
25
31
28
23
16
10
12
12
8
2
2
-1
0
-3
-2
-5
-4
-1
3
9
3
4
7
7
7
8
6
-2
5
2
1
4
9
13
14
20
22
22
24
25
18
17
15
18
24
26
25
25
23
30
35
41
52
47
42
35
34
29
25
22
28
36
42
45
47
47
49
49
44
41
38
38
34
34
37
39
37
34
33
33
31
31
36
40
32
28
21
19
16
15
18
11
10
8
10
12
12
17
17
19
16
14
19
16
13
17
22
21
22
26
28
23
19
22
20
24
30
30
24
27
23
24
24
25
24
27
26
28
26
22
26
13
7
-1
0
1
0
3
1
7
10
11
10
4
2
-6
-5
-6
-5
0
1
8
7
10
15
10
6
7
10
9
7
15
17
15
15
10
14
16
10
9
10
6
-1
-3
0
-2
-5
-5
2
-1
-2
6
-1
-4
-3
-5
-7
-10
-14
-17
-18
-22
-26
-26
-23
-18
-12
-9
-15
-17
-14
-24
-28
-27
-27
-31
-30
-27
-24
-17
-17
-19
-17
-19
-22
-19
-22
-16
-14
-13
-13
-17
-20
-24
-23
-21
-16
-12
-6
-4
0
-3
-1
-7
-10
-15
-14
-9
-15
-12
-12
-18
-18
-24
-21
-21
-29
-30
-30
-37
-42
-43
-54
-52
-57
-59
-54
-57
-54
-56
-56
-59
-69
-73
-77
-78
-77
-80
-84
-82
-79
-83
-83
-88
-89
-89
-84
-83
-80
-77
-81
-76
-76
-68
-62
-59
-58
-53
-47
-44
-40
-38
-35
-31
-27
-23
-15
-6
8
9
9
10
15
21
20
22
29
33
37
40
45
46
50
55
54
51
48
58
53
50
45
40
42
43
37
34
36
37
33
32
28
24
24
19
17
10
7
-1
-3
-4
-9
-13
-13
-16
-25
-25
-28
-25
-23
-28
-28
-26
-24
-21
-19
-20
-23
-21
-16
-21
-17
-12
-13
-10
-16
-15
-16
-15
-10
-5
-4
8
14
8
9
12
21
22
21
26
29
33
30
30
28
31
32
36
43
49
55
55
57
63
67
66
67
70
70
69
67
63
65
64
65
64
63
69
69
70
63
56
53
53
54
52
59
52
46
47
38
34
37
29
26
19
14
13
6
8
12
13
16
19
17
16
16
17
14
13
13
8
6
0
3
2
2
5
4
9
11
8
6
17
15
13
12
16
15
12
12
8
9
13
18
22
23
17
21
27
29
31
32
41
48
50
54
51
49
44
38
33
30
33
40
43
40
38
38
31
28
27
23
25
25
21
16
10
1
2
-2
-4
-5
-14
-16
-23
-24
-29
-32
-36
-41
-44
-48
-51
-53
-56
-66
-71
-72
-80
-85
-83
-77
-69
-63
-62
-65
-64
-69
-74
-77
-73
-75
-72
-76
-78
-72
-72
-69
-69
-64
-54
-47
-51
-55
-52
-59
-52
-45
-45
-36
-31
-20
-17
-12
-7
-11
-7
-6
-5
-2
6
11
11
12
18
24
21
21
26
21
12
11
-1
0
0
0
3
-4
-1
-8
-15
-20
-24
-29
-35
-38
-39
-38
-43
-42
-49
-56
-61
-56
-55
-54
-52
-49
-49
-57
-53
-51
-52
-50
-55
-56
-57
-59
-52
-55
-52
-47
-42
-35
-32
-35
-38
-37
-40
-42
-38
-30
-27
-24
-25
-22
-15
-13
-10
-14
-14
-12
-15
-9
-5
-1
3
10
13
15
16
21
26
31
34
35
36
36
36
38
41
43
45
50
49
38
38
39
38
31
22
23
21
24
21
19
17
16
13
10
6
3
-3
-9
-10
-18
-14
-20
-19
-18
-25
-16
-9
-5
3
4
-3
-4
-9
0
4
0
7
3
7
13
12
17
12
8
10
21
30
34
43
38
40
45
46
49
46
49
47
47
51
51
51
53
62
67
66
68
75
75
74
76
75
77
80
82
82
87
84
88
92
88
92
89
91
94
91
87
85
79
73
69
63
62
61
49
39
29
26
24
16
11
1
0
2
7
9
4
-6
-15
-16
-24
-22
-24
-25
-26
-23
-21
-18
-17
-18
-21
-23
-17
-13
-10
-4
-5
-5
8
5
2
8
7
5
9
16
22
27
25
28
25
20
30
37
47
52
52
54
52
41
44
44
45
51
52
56
59
61
59
60
64
58
49
45
48
43
36
39
32
27
30
39
43
41
42
34
27
21
17
12
1
-3
-9
-10
-9
-10
-9
-11
-15
-21
-19
-22
-25
-29
-33
-44
-52
-58
-68
-73
-78
-76
-77
-76
-77
-78
-82
-88
-96
-89
-92
-99
-95
-96
-92
-88
-80
-79
-78
-77
-79
-77
-83
-84
-84
-83
-86
-77
-75
-68
-62
-65
-63
-61
-61
-64
-59
-62
-65
-61
-60
-65
-59
-64
-65
-56
-48
-45
-41
-35
-34
-30
-29
-27
-28
-34
-42
-40
-42
-32
-31
-33
-31
-35
-30
-33
-30
-26
-29
-29
-27
-30
-32
-38
-43
-46
-50
-44
-49
-48
-52
-53
-49
-47
-43
-45
-44
-42
-40
-30
-22
-26
-27
-26
-25
-17
-12
-8
-2
5
7
10
13
13
18
17
17
20
24
27
33
34
31
38
35
37
35
39
43
42
37
33
35
32
29
24
31
29
32
27
21
20
9
6
5
0
-7
-2
-9
-9
-4
1
5
7
6
5
-1
-5
-4
-5
-3
-1
5
0
7
9
7
8
-1
0
10
15
15
15
19
32
37
33
28
28
29
33
35
40
33
27
25
22
27
32
35
38
41
44
54
54
55
53
50
50
43
44
45
51
53
57
58
61
66
63
58
47
51
51
56
59
58
59
58
61
58
57
48
46
39
35
35
40
47
36
43
40
41
40
31
35
40
39
40
45
46
47
46
40
39
42
46
50
48
47
47
46
45
43
39
39
42
43
37
34
34
29
27
26
29
34
36
33
26
24
22
17
14
11
6
2
-1
1
1
1
9
10
8
9
0
1
-9
-12
-16
-24
-15
-17
-23
-23
-21
-24
-25
-25
-24
-24
-28
-26
-28
-34
-42
-45
-48
-47
-46
-48
-49
-57
-59
-56
-60
-60
-56
-60
-58
-66
-69
-74
-76
-73
-78
-78
-73
-74
-75
-70
-67
-59
-54
-55
-50
-50
-46
-43
-47
-45
-41
-32
-27
-24
-23
-28
-30
-27
-20
-21
-21
-18
-20
-20
-14
-14
-12
-12
-18
-16
-19
-17
-20
-32
-37
-35
-35
-36
-39
-43
-54
-52
-51
-48
-39
-41
-37
-40
-43
-47
-51
-50
-52
-47
-42
-37
-30
-27
-26
-31
-36
-36
-39
-35
-30
-24
-24
-22
-12
-12
-14
-15
-18
-13
-3
-3
0
0
-7
-9
-8
-16
-17
-7
-10
-5
-3
10
15
10
13
8
11
12
20
18
15
17
10
6
0
-4
-5
-1
1
2
-4
5
7
14
7
19
12
22
2
16
-5
-61
34
15
-4
-16
-16
-8
-41
-37
7
-7
-23
-25
-34
-39
-19
-22
-13
-9
-15
-15
-8
-1
-13
6
11
-7
-1
13
16
7
12
19
3
11
10
12
21
36
48
50
55
53
48
44
37
39
46
56
59
57
65
71
66
69
64
73
73
69
72
72
73
65
65
63
61
56
64
74
70
75
75
74
73
60
57
52
53
49
51
58
53
51
52
51
44
40
35
27
27
21
10
5
6
7
16
16
13
7
7
7
1
0
0
-2
0
-3
-6
-5
-6
-12
-14
-18
-3
-8
-17
-12
-13
-5
-4
3
12
10
15
12
11
15
11
14
14
20
28
39
37
35
40
41
41
41
43
40
48
46
41
52
50
48
52
58
57
53
49
43
40
27
18
10
14
23
21
18
17
14
19
11
6
7
-1
4
-5
-17
-19
-24
-18
-14
-12
-13
-14
-11
-22
-21
-25
-22
-12
-19
-16
-19
-17
-22
-16
-7
-1
2
2
6
5
0
-11
-10
-17
-18
-23
-26
-15
-13
-15
-16
-20
-29
-28
-32
-31
-32
-36
-34
-38
-39
-48
-52
-55
-59
-57
-58
-57
-67
-61
-63
-61
-53
-56
-48
-47
-47
-43
-41
-35
-36
-46
-45
-42
-41
-39
-33
-31
-35
-30
-32
-34
-35
-31
-35
-42
-41
-41
-39
-37
-38
-39
-36
-34
-31
-39
-36
-37
-45
-37
-39
-35
-35
-51
-48
-49
-49
-40
-37
-38
-41
-34
-25
-27
-26
-34
-37
-31
-36
-32
-32
-27
-25
-15
-13
-8
-18
-21
-11
-27
-11
-11
-12
-11
-12
1
-3
4
0
-5
-5
-8
0
-10
-10
-5
-7
1
-1
-3
-3
-7
-14
-16
-13
-23
-27
-29
-28
-26
-20
-21
-19
-18
-19
-24
-29
-21
-29
-25
-31
-31
-28
-28
-24
-33
-23
-21
-24
-19
-13
-8
-14
-16
-13
-2
2
5
12
18
20
22
23
21
21
11
10
9
14
27
28
28
33
42
44
43
46
45
52
53
50
45
34
34
34
33
38
40
45
53
55
55
53
50
48
47
50
44
47
47
40
41
40
45
48
43
38
36
26
23
28
21
27
24
21
21
17
21
14
9
5
2
4
-4
-3
10
7
14
22
23
31
33
38
38
34
29
28
34
30
33
37
35
43
46
47
43
44
38
47
48
39
37
29
26
15
15
11
15
22
28
27
20
14
9
14
12
9
6
11
13
17
17
12
7
3
10
11
10
12
16
5
8
10
7
13
14
18
20
18
14
7
1
-3
-8
-3
2
5
10
6
4
-4
-7
-1
-2
3
-4
-10
-12
-18
-26
-29
-29
-23
-21
-19
-11
-11
-16
-19
-19
-21
-11
-13
-11
-5
-8
-11
-6
-1
-1
-1
4
9
5
0
2
-8
-9
0
-2
-4
-3
7
3
2
2
-5
-11
-8
-18
-14
-20
-11
-3
-5
15
-98
-53
-9
-62
16
-23
2
-35
-83
17
-44
-16
14
-13
-10
-30
-3
1
-7
10
14
16
2
0
8
14
-14
-9
-4
-14
-5
-17
-11
-25
-41
-48
-49
-46
-46
-23
-12
-21
-17
-17
-21
-33
-38
-35
-35
-39
-20
-10
-8
-12
-11
-16
-16
-10
-25
-23
-22
-21
-12
-9
0
-4
-7
-12
-23
-28
-29
-24
-21
-17
-8
-6
-9
-17
-20
-27
-28
-28
-25
-18
-19
-10
-11
-12
-14
-20
-21
-19
-15
-14
-15
-19
-17
-16
-20
-28
-37
-35
-40
-42
-41
-41
-38
-43
-37
-27
-19
-13
-20
-16
-19
-18
-14
-9
-7
-11
-11
-13
-10
-4
0
2
3
2
3
5
12
-5
-7
-9
-11
-4
-1
7
4
10
14
17
8
1
11
10
19
21
21
25
27
29
22
25
28
25
25
15
17
22
14
19
23
27
24
27
34
33
44
42
38
33
37
31
27
28
25
24
29
31
28
19
15
21
18
17
19
18
8
15
21
12
13
15
11
12
13
16
18
25
23
17
16
11
9
15
16
9
15
10
9
9
3
9
14
15
19
18
17
22
20
12
13
6
9
13
16
27
17
17
20
14
9
14
24
21
14
17
20
17
23
25
24
22
21
31
37
39
44
41
45
39
33
39
35
40
46
42
44
42
38
38
43
48
51
50
39
30
21
9
5
14
10
10
10
15
12
8
13
10
10
3
3
10
3
-1
-4
-5
4
7
13
11
8
14
6
9
6
6
5
2
12
12
10
13
16
17
13
17
17
9
5
4
9
6
7
13
16
21
28
20
28
26
16
18
5
2
-3
-9
-18
-17
-17
-14
-6
-4
1
6
-2
-13
-21
-27
-33
-39
-39
-44
-43
-46
-46
-31
-41
-40
-40
-40
-31
-32
-36
-41
-43
-46
-45
-46
-44
-44
-48
-50
-57
-58
-59
-62
-63
-67
-59
-57
-53
-60
-62
-56
-53
-43
-41
-41
-46
-50
-43
-44
-36
-39
-45
-43
-34
-22
-16
-12
-17
-19
-31
-30
-28
-26
-20
-16
-15
-16
-13
-17
-22
-16
-24
-26
-19
-23
-22
-22
-18
-13
-18
-16
-15
-28
-30
-37
-34
-25
-23
-16
-18
-12
-14
-23
-18
-22
-21
-19
-20
-12
-7
-8
-9
-17
-25
-23
-21
-16
-12
-11
-8
-9
-16
-15
-17
-20
-25
-26
-24
-23
-25
-23
-21
-20
-10
-8
-2
-4
-8
-10
-13
-14
-11
-9
-15
-7
-9
-10
-10
-6
4
1
7
9
16
23
23
31
27
27
34
30
32
35
31
33
29
28
25
24
28
33
38
32
25
21
23
25
25
32
37
36
29
21
25
19
14
20
13
14
10
8
3
-9
-15
-16
-12
-6
-3
2
4
0
0
2
3
7
12
15
18
20
17
19
19
12
19
23
23
32
33
24
29
18
12
14
11
25
31
36
35
35
43
41
40
41
42
44
40
44
37
36
40
39
48
44
50
59
65
66
56
59
52
47
45
43
42
47
52
54
55
51
53
56
50
47
45
43
35
31
35
33
37
36
31
31
32
31
25
22
17
6
10
8
6
14
17
21
20
22
14
17
19
9
16
5
2
-6
-11
-10
-14
-16
-19
-12
-16
-20
-16
-23
-20
-21
-31
-32
-42
-40
-42
-39
-33
-34
-30
-31
-28
-35
-31
-31
-34
-27
-30
-27
-28
-32
-26
-29
-28
-28
-35
-27
-21
-19
-18
-20
-19
-22
-23
-24
-22
-15
-11
-11
-14
-10
-14
-18
-15
-16
-12
-7
-10
-17
-18
-20
-19
-20
-22
-27
-28
-32
-37
-38
-36
-37
-45
-49
-45
-39
-35
-34
-35
-37
-42
-39
-34
-33
-28
-32
-32
-32
-38
-37
-38
-39
-32
-33
-34
-31
-32
-29
-29
-26
-33
-31
-22
-17
-12
-13
-18
-28
-31
-28
-31
-27
-28
-28
-24
-25
-15
-14
-14
-6
-8
-5
-5
-2
-3
-9
-6
-10
-10
-6
-7
-8
-13
-14
-13
-18
-20
-16
-21
-21
-15
-16
-17
-16
-20
-26
-20
-19
-16
-8
-6
0
-4
-4
-1
-1
1
-4
2
0
-1
0
-9
-9
-10
-12
-10
-1
-5
-5
2
-7
-10
-14
-17
-16
-16
-18
-20
-12
-11
-13
-14
-12
-16
-20
-15
-16
-8
-2
-1
-2
-6
-6
-5
0
9
8
9
11
5
8
9
14
16
10
22
23
23
22
19
25
30
35
34
37
40
43
48
41
46
51
54
59
53
58
55
54
57
53
56
52
54
52
57
60
61
68
68
71
76
77
65
63
73
75
80
70
75
72
61
63
58
55
50
58
58
60
63
62
63
58
61
58
57
63
58
55
55
55
46
50
51
52
53
48
53
42
39
40
36
36
40
36
33
38
37
39
31
27
33
23
19
16
12
18
18
21
20
19
12
4
10
13
11
13
13
12
9
7
4
0
-6
-14
-15
-13
-10
-8
-12
-6
-9
-6
-2
-10
-15
-27
-35
-34
-36
-34
-31
-28
-25
-30
-29
-38
-43
-41
-44
-51
-54
-52
-58
-56
-58
-58
-66
-65
-60
-55
-53
-50
-45
-46
-51
-55
-54
-54
-48
-42
-37
-40
-33
-28
-24
-22
-26
-18
-21
-27
-22
-17
-11
-8
-8
-2
-2
0
1
0
2
5
1
-2
-3
-6
-3
-10
-12
-19
-23
-21
-15
-9
-8
-11
-11
-9
-8
-6
-12
-14
-17
-18
-14
-13
-12
-10
-11
-17
-17
-14
-14
-16
-25
-27
-29
-39
-51
-54
-57
-53
-50
-55
-60
-56
-57
-62
-63
-67
-66
-66
-67
-60
-62
-69
-72
-72
-64
-59
-63
-60
-59
-54
-52
-52
-57
-61
-64
-60
-54
-54
-51
-52
-52
-50
-48
-38
-39
-40
-33
-27
-20
-24
-29
-39
-37
-38
-42
-33
-33
-31
-27
-23
-22
-25
-28
-26
-27
-25
-22
-18
-15
-16
-10
-7
-1
-3
-8
1
7
3
7
8
4
14
12
17
25
25
17
20
18
16
17
17
24
31
34
31
37
42
42
47
49
47
42
37
35
39
42
44
44
47
47
41
44
50
51
47
44
42
36
37
36
35
38
37
40
46
49
48
51
46
44
46
47
52
55
54
54
58
54
52
55
56
67
74
79
86
82
78
64
55
55
57
56
49
49
44
36
32
36
38
44
46
44
36
28
24
18
21
23
22
19
18
15
14
8
6
14
20
25
32
39
36
35
38
28
33
37
42
43
27
21
10
14
13
10
14
19
13
4
11
18
14
13
23
30
27
23
20
19
12
0
9
17
19
17
16
22
28
24
29
36
38
39
40
43
40
34
28
32
31
30
24
22
25
20
23
23
23
6
0
7
5
-2
0
2
7
-2
-14
-18
-24
-23
-33
-27
-26
-32
-29
-29
-28
-30
-30
-25
-22
-25
-29
-34
-41
-49
-56
-62
-51
-45
-54
-55
-59
-51
-51
-54
-50
-62
-66
-71
-80
-77
-68
-70
-69
-68
-69
-73
-72
-69
-68
-67
-69
-71
-79
-84
-83
-76
-72
-67
-68
-65
-64
-65
-60
-55
-49
-47
-48
-49
-50
-51
-48
-45
-42
-35
-27
-25
-36
-32
-25
-25
-26
-17
-18
-21
-16
-17
-7
-5
-4
-11
-13
-2
4
-2
-7
-11
-22
-23
-22
-17
-9
0
3
-9
-13
-26
-14
-12
-16
-14
-23
-30
-38
-42
-47
-35
-30
-22
-11
-4
6
6
1
-2
-5
-10
-14
-8
-1
-2
4
4
6
5
-2
0
8
13
24
18
7
11
3
3
8
20
33
34
27
13
8
-8
-5
-6
0
19
22
28
22
11
3
-5
1
11
21
23
22
18
-2
-8
-8
-4
5
8
19
16
7
1
-2
2
6
-1
-8
-1
6
4
-4
-11
-18
-10
-7
-6
7
15
11
5
5
4
6
14
21
20
28
35
40
44
52
53
48
47
47
53
54
53
51
44
49
45
46
53
65
69
72
79
75
72
58
55
52
56
70
74
71
68
57
54
59
63
73
75
81
89
95
91
90
80
67
81
83
86
91
88
84
68
70
67
61
69
73
68
58
51
41
45
48
54
55
52
53
45
40
35
32
26
14
7
5
15
24
25
21
13
1
-8
-9
2
6
5
-4
-13
-26
-44
-35
-23
-24
-23
-18
-29
-30
-28
-32
-35
-31
-36
-38
-44
-49
-44
-41
-29
-24
-23
-30
-29
-37
-28
-26
-29
-23
-24
-19
-29
-30
-37
-38
-32
-25
-10
0
4
-10
-18
-28
-34
-30
-38
-38
-42
-46
-44
-37
-34
-37
-45
-52
-54
-56
-48
-57
-62
-67
-78
-82
-87
-78
-59
-42
-45
-47
-56
-69
-68
-66
-59
-59
-59
-63
-70
-70
-63
-58
-50
-42
-32
-36
-45
-41
-40
-39
-44
-45
-43
-29
-19
-21
-22
-19
-18
-18
-18
-10
-1
9
13
12
18
9
8
17
19
18
12
18
15
7
5
5
8
1
-5
-8
0
-3
-15
-8
1
1
-7
-12
-15
-15
-11
-13
-19
-25
-28
-35
-37
-26
-18
-16
-19
-17
-20
-31
-28
-23
-21
-21
-28
-30
-29
-28
-32
-35
-30
-30
-31
-22
-14
-11
-15
-16
-19
-22
-12
-6
-2
-2
-6
-3
-5
-1
6
11
11
8
3
-1
8
16
18
16
17
19
17
24
33
32
27
12
8
10
20
24
22
26
26
12
6
13
20
26
22
29
31
16
8
5
9
11
15
18
24
28
14
6
16
28
24
17
20
19
19
20
32
34
33
33
31
35
34
32
27
31
38
41
46
57
54
43
41
35
35
43
55
60
57
51
43
36
40
47
56
61
62
62
60
51
52
54
55
64
62
57
49
42
45
43
36
41
35
24
18
20
23
20
13
5
4
2
4
2
15
17
9
5
-4
-8
-17
-10
-14
-16
-9
-10
-18
-23
-17
-9
-7
-14
-17
-9
-12
-19
-17
-12
-13
-18
-17
-15
-6
-5
-6
2
8
-4
-9
1
2
-6
-8
-7
-3
8
-1
-8
-10
-9
-12
-13
3
12
12
8
8
-3
-13
-18
-17
-17
-17
-11
-9
-11
-21
-30
-32
-26
-19
-13
-4
0
0
-11
-16
-14
-17
-13
-4
-2
7
6
0
-6
-3
3
5
8
11
8
-4
-11
-12
-9
-6
-9
-6
-5
-14
-18
-24
-32
-36
-37
-33
-32
-38
-36
-36
-40
-36
-38
-43
-45
-35
-32
-37
-34
-41
-42
-50
-39
-33
-33
-28
-31
-33
-41
-33
-27
-26
-20
-21
-25
-21
-22
-28
-32
-20
-2
-1
-13
-15
-11
-18
-22
-16
-2
-5
-8
-9
-10
-10
-14
-15
-9
-5
-11
-16
-10
-1
-9
-13
-8
-10
-20
-32
-42
-43
-41
-43
-43
-44
-38
-46
-40
-24
-23
-18
-15
-12
-17
-29
-28
-27
-25
-22
-24
-21
-13
-12
-20
-13
-4
-5
-5
1
13
20
20
14
19
21
10
15
18
29
33
33
34
34
35
33
31
40
51
52
47
40
34
29
27
28
37
45
51
40
27
20
16
12
12
27
31
22
10
-2
-10
-11
-11
-4
2
3
-5
-9
-13
-18
-15
-16
-9
1
5
3
3
6
3
-1
-2
0
0
-1
2
7
14
6
4
14
20
27
34
41
35
25
12
7
14
11
11
6
7
14
24
32
34
30
21
11
14
23
25
26
27
22
15
5
4
-1
-2
8
19
26
34
27
8
-4
-15
-16
-10
-6
1
4
4
-8
-13
-11
-6
7
18
22
23
18
19
17
7
10
14
26
24
28
29
27
18
17
22
20
24
21
19
23
33
21
14
15
11
9
14
15
6
4
9
14
8
9
17
15
15
25
30
34
35
33
30
34
31
19
24
34
37
38
33
24
22
15
11
12
16
35
37
23
9
-4
-1
3
7
22
34
35
18
-1
1
13
10
11
12
6
-7
-25
-27
-31
-31
-34
-30
-22
-19
-14
-26
-25
-22
-33
-35
-34
-18
-13
-18
-26
-37
-51
-59
-43
-27
-17
-4
-1
-1
-6
-16
-11
-9
-2
8
8
10
12
12
0
-3
9
10
15
16
20
19
4
0
-5
-5
0
0
3
3
-6
-17
-23
-18
-10
-10
-9
-8
-8
-12
-12
-10
-13
-16
-22
-24
-24
-28
-18
-9
0
-9
-15
-17
-15
-2
-1
10
19
8
-4
-3
-4
-4
-6
1
1
4
-6
-15
-5
-10
-13
-15
-11
-9
-18
-23
-18
-14
-22
-29
-33
-35
-47
-52
-49
-43
-38
-52
-64
-66
-64
-62
-59
-51
-55
-64
-58
-46
-47
-51
-40
-40
-42
-48
-57
-51
-44
-38
-48
-41
-31
-38
-42
-35
-20
-5
0
3
6
1
6
-10
-10
2
9
20
29
26
14
8
7
12
12
15
27
20
4
1
-5
0
0
4
6
5
-3
-9
-11
-12
-12
-21
-21
-15
-21
-24
-31
-39
-48
-52
-41
-38
-32
-36
-42
-40
-44
-48
-48
-44
-33
-30
-34
-29
-29
-29
-37
-30
-15
-3
9
4
9
8
0
-3
4
19
30
27
25
29
18
13
19
35
46
48
49
55
59
52
51
54
58
58
50
57
57
52
47
41
43
49
52
63
74
71
56
41
44
55
55
54
58
58
43
37
32
39
43
49
55
58
54
42
36
34
36
28
32
36
34
34
23
18
22
19
15
18
25
22
18
15
3
-4
-16
-15
-12
-11
-5
-3
-6
-10
-11
-26
-17
-2
8
2
-3
-12
-27
-29
-26
-16
-4
2
-9
-15
-11
1
10
13
19
20
16
14
6
5
13
18
19
28
26
36
38
37
40
44
59
69
78
77
65
53
44
44
51
62
68
65
64
52
43
36
39
44
41
47
46
40
33
24
11
7
6
-4
1
-1
0
-3
-4
-13
-18
-9
-10
-10
-18
-18
-23
-28
-32
-49
-57
-63
-65
-58
-51
-43
-43
-42
-33
-34
-34
-36
-37
-32
-20
-15
-9
-10
-18
-26
-30
-34
-22
-7
-5
-7
-14
-20
-21
-26
-25
-18
-17
-7
-16
-21
-16
-15
-26
-28
-19
-21
-19
-16
-13
-21
-31
-38
-49
-61
-62
-53
-50
-50
-52
-64
-73
-81
-91
-94
-90
-83
-80
-85
-93
-107
-114
-108
-102
-96
-92
-87
-86
-83
-84
-79
-85
-87
-88
-90
-73
-64
-58
-46
-51
-61
-57
-56
-42
-34
-17
-10
-5
-3
-12
-9
-8
-7
-4
6
20
29
31
27
25
19
21
22
44
58
58
60
44
43
39
40
34
32
45
49
41
35
40
33
33
36
35
46
58
55
44
27
13
5
4
3
11
19
16
6
-10
-24
-25
-14
-12
-9
-11
-8
-23
-38
-33
-37
-38
-42
-35
-24
-21
-25
-24
-28
-28
-22
-23
-13
-1
-5
-9
-2
4
1
-3
1
18
22
15
12
11
8
4
4
16
32
36
37
45
49
61
61
63
80
84
86
75
74
86
86
77
78
78
83
86
82
86
93
94
85
79
77
80
72
64
60
58
66
58
52
48
51
53
48
49
49
44
39
46
47
46
40
22
11
5
5
11
14
13
13
9
4
3
0
9
16
18
21
20
16
6
-1
-6
7
13
18
29
34
41
34
34
36
47
49
51
64
69
65
47
39
39
45
43
42
51
49
44
39
39
41
36
34
31
38
37
28
22
18
15
16
16
8
9
9
13
11
15
20
8
8
2
-6
-14
-11
-6
-9
-1
2
-3
-7
-8
-9
-16
-19
-17
-13
-10
-15
-30
-33
-32
-34
-55
-61
-52
-53
-57
-67
-64
-69
-70
-84
-85
-70
-74
-84
-91
-85
-79
-79
-90
-80
-85
-83
-76
-75
-68
-73
-70
-62
-56
-44
-41
-41
-35
-38
-32
-22
-18
-14
-27
-29
-35
-32
-30
-31
-26
-24
-19
-14
-11
-9
-14
-23
-20
-23
-26
-29
-27
-32
-31
-27
-28
-28
-32
-26
-16
-6
-8
-19
-22
-30
-40
-45
-39
-31
-35
-32
-38
-45
-43
-47
-42
-35
-31
-37
-44
-46
-46
-52
-50
-39
-31
-35
-38
-23
-18
-25
-34
-33
-21
-19
-19
-16
-9
-15
-20
-24
-17
-14
-16
-10
-9
-2
-9
-8
-3
-5
-10
-18
-11
-10
-12
-14
-23
-16
-25
-31
-25
-15
-6
-20
-29
-33
-39
-40
-34
-17
-13
-9
-19
-32
-43
-47
-30
-20
-16
-5
-4
-8
-23
-31
-18
-10
2
2
10
10
9
4
3
13
18
33
40
49
51
50
47
46
50
51
58
67
66
67
67
60
61
64
78
88
87
80
76
84
81
75
68
68
73
75
71
79
86
76
65
57
58
59
58
56
62
61
49
41
36
39
40
32
34
40
40
39
32
31
26
17
24
36
31
33
31
23
29
36
34
37
47
47
41
33
38
40
47
51
55
60
52
42
28
30
32
37
46
47
55
50
44
40
42
38
33
37
32
28
10
-1
-1
-1
-5
1
14
23
21
5
2
-4
-11
-11
-5
1
3
-5
-16
-29
-39
-39
-38
-29
-15
-5
-13
-19
-23
-29
-20
-19
-10
-8
-14
-21
-31
-31
-35
-32
-19
-13
-4
-3
-6
-2
-1
-1
1
-3
-10
-18
-26
-33
-39
-42
-45
-43
-44
-36
-28
-32
-27
-21
-23
-21
-19
-17
-17
-20
-19
-13
-13
-15
-9
-12
-20
-17
-15
-13
-9
-22
-38
-43
-45
-43
-46
-45
-44
-50
-48
-43
-35
-40
-46
-48
-51
-51
-50
-49
-53
-55
-44
-43
-45
-43
-43
-29
-24
-22
-23
-22
-25
-34
-35
-35
-33
-38
-37
-30
-42
-45
-44
-38
-36
-41
-40
-37
-32
-36
-42
-34
-33
-34
-36
-40
-33
-34
-35
-31
-20
-30
-35
-35
-36
-34
-28
-28
-26
-21
-21
-24
-36
-31
-30
-25
-20
-18
-17
-17
-14
-23
-18
-12
-18
-28
-18
-9
-17
-12
-8
-10
-4
-7
-3
-1
1
2
0
-3
-11
-14
-23
-25
-21
-27
-24
-17
-21
-19
-18
-22
-19
-18
-15
-14
-4
6
7
6
-3
-4
6
7
10
15
25
23
4
-4
2
13
27
29
34
30
20
14
10
16
27
43
48
52
47
48
48
58
71
79
89
82
73
66
62
58
52
59
70
75
67
59
63
63
62
47
50
55
58
50
50
58
51
47
39
32
40
54
54
60
58
52
44
24
17
24
27
27
39
36
31
20
14
22
28
36
48
46
40
33
18
19
14
14
19
25
32
31
26
8
7
4
9
24
31
39
34
26
17
4
1
13
25
38
39
28
11
10
13
13
24
30
35
35
29
21
32
33
29
34
37
39
40
34
33
39
40
33
26
32
30
24
20
17
20
16
4
1
-1
4
9
13
23
22
18
12
2
5
4
7
12
9
9
1
-8
-12
-12
-8
-2
5
12
8
3
-8
-13
-22
-32
-23
-12
-2
-1
-5
-7
-19
-20
-21
-11
-1
-1
-4
-13
-13
-22
-33
-33
-30
-34
-36
-34
-35
-29
-27
-30
-36
-34
-32
-45
-39
-26
-18
-18
-29
-34
-38
-40
-47
-43
-30
-22
-23
-34
-39
-47
-49
-49
-46
-41
-51
-53
-55
-55
-56
-55
-54
-47
-38
-35
-32
-31
-36
-41
-42
-45
-40
-39
-43
-46
-52
-58
-58
-58
-47
-45
-45
-47
-52
-62
-61
-54
-57
-51
-48
-39
-37
-51
-55
-49
-40
-35
-27
-27
-31
-28
-36
-40
-39
-38
-28
-26
-29
-23
-21
-28
-39
-41
-34
-26
-28
-24
-20
-20
-28
-35
-38
-32
-24
-23
-12
-14
-19
-18
-21
-17
-7
3
13
11
5
3
3
13
16
14
18
22
18
8
3
6
13
14
15
20
22
18
18
25
35
32
22
10
-1
-2
-2
11
21
19
23
22
20
9
11
25
28
31
26
18
9
6
2
-4
1
4
11
13
19
23
18
5
6
15
11
10
17
15
12
15
17
20
17
15
17
30
35
30
28
35
32
27
28
32
30
26
29
30
35
35
34
38
46
45
41
37
32
37
34
35
34
30
28
27
29
19
19
19
24
24
26
27
21
31
30
31
25
23
15
15
22
19
26
21
9
6
4
8
18
34
33
36
31
23
21
28
33
23
32
29
37
36
44
46
54
57
55
53
47
61
60
63
60
60
66
66
60
60
57
60
68
66
71
69
59
57
43
39
47
38
32
27
30
23
18
5
2
6
6
6
7
12
11
7
-4
-9
-23
-30
-37
-31
-14
-12
-19
-29
-29
-37
-42
-38
-34
-21
-21
-36
-51
-57
-62
-69
-63
-45
-40
-44
-47
-41
-42
-51
-59
-59
-50
-35
-26
-20
-26
-41
-52
-58
-52
-43
-37
-26
-11
-8
-17
-28
-37
-45
-48
-46
-38
-25
-20
-24
-33
-36
-39
-45
-42
-30
-20
-9
-19
-30
-31
-41
-46
-43
-35
-29
-26
-22
-20
-23
-38
-49
-54
-53
-43
-34
-33
-40
-45
-57
-60
-55
-49
-45
-41
-34
-40
-34
-49
-53
-52
-47
-41
-38
-37
-40
-37
-50
-55
-55
-47
-35
-33
-33
-27
-24
-27
-33
-28
-18
-18
-16
-12
-7
-2
1
2
-8
-7
3
6
17
19
25
16
8
8
5
5
0
4
11
14
12
11
10
2
-8
-6
-2
3
0
0
-3
-12
-15
-26
-29
-31
-29
-26
-19
-23
-22
-28
-38
-40
-39
-26
-15
-6
-2
-3
-5
-15
-17
-14
-15
-10
-12
-2
6
-3
-9
-6
-12
-16
-12
-7
7
15
15
12
0
-7
-12
1
15
35
36
29
28
19
10
19
29
35
43
44
54
53
40
26
25
37
46
56
57
61
68
59
49
47
56
59
67
79
70
63
58
52
43
50
57
60
62
54
48
45
43
31
28
38
49
54
32
26
25
22
20
15
16
15
15
10
12
12
17
24
23
25
36
34
28
28
19
25
24
15
19
27
29
31
33
37
47
43
29
28
23
22
21
24
30
29
23
18
11
11
20
15
17
22
30
28
18
17
22
31
32
36
41
40
29
17
22
35
32
21
23
22
23
11
4
8
17
17
11
6
4
6
1
-1
5
15
12
9
5
-3
-7
-10
-13
-1
10
13
13
-1
-8
-21
-25
-21
-11
10
4
-7
-15
-16
-19
-21
-9
9
22
15
3
-16
-15
-23
-27
-19
-7
0
-9
-14
-22
-17
-22
-27
-16
-6
-7
-13
-21
-26
-26
-32
-25
-21
-17
-8
-13
-16
-19
-23
-22
-15
-10
-3
4
6
10
5
8
11
11
13
13
13
13
23
25
18
12
11
11
0
0
-2
-6
-6
-2
-3
-9
-12
-26
-41
-37
-36
-34
-35
-37
-42
-44
-42
-52
-48
-51
-49
-53
-63
-65
-61
-58
-66
-67
-66
-61
-60
-60
-57
-53
-56
-63
-65
-65
-61
-62
-60
-40
-33
-36
-45
-53
-45
-41
-41
-37
-21
-16
-19
-20
-17
-10
-10
-14
-12
3
4
-1
1
6
9
3
5
10
8
9
-2
0
8
12
22
22
25
27
22
18
23
24
22
21
14
14
14
12
9
15
15
12
23
27
22
17
11
2
0
-6
-10
-11
-18
-24
-24
-28
-27
-26
-25
-23
-29
-30
-38
-39
-40
-51
-55
-51
-52
-50
-49
-46
-37
-34
-30
-24
-21
-24
-24
-29
-36
-32
-31
-28
-23
-18
-12
-8
-5
-9
-7
-6
-3
10
12
18
17
10
13
10
15
21
31
40
58
59
52
48
34
34
45
51
57
53
47
49
43
39
41
55
60
56
47
40
38
30
24
31
49
52
54
45
35
29
17
15
12
7
2
-1
5
9
13
17
18
14
12
18
15
14
14
14
10
4
6
17
24
24
30
26
34
38
30
32
29
23
24
24
24
24
29
29
27
34
39
45
37
33
23
23
22
13
20
15
14
5
4
8
10
17
18
26
24
20
16
13
12
12
18
20
22
22
18
10
3
0
-2
6
8
0
-6
-9
-10
-9
-6
-7
0
-4
-7
-11
-15
-15
-18
-25
-27
-27
-29
-20
-21
-22
-18
-12
-12
-12
-17
-27
-29
-27
-27
-33
-36
-33
-34
-29
-20
-20
-18
-21
-28
-17
-12
-15
-14
-18
-17
-16
-11
-8
-1
2
3
4
2
10
13
9
6
4
5
2
3
2
4
6
5
11
11
5
3
5
6
4
1
-12
-14
-13
-16
-12
-6
-1
-5
-12
-10
-8
-5
-6
-6
-1
-7
-18
-28
-37
-47
-47
-46
-39
-30
-34
-36
-36
-39
-46
-46
-48
-52
-45
-41
-42
-43
-38
-43
-45
-35
-35
-41
-40
-51
-51
-46
-46
-45
-41
-30
-30
-30
-26
-24
-24
-25
-29
-22
-18
-22
-23
-29
-14
-9
-10
-4
-5
7
14
9
9
12
-2
-6
-9
-13
-10
-16
-12
-9
-2
6
7
6
5
8
12
11
10
16
12
12
4
7
7
8
13
18
23
22
17
12
9
0
-4
-13
-10
-4
-4
0
2
5
6
11
11
21
30
26
15
8
9
13
20
23
22
20
16
10
5
4
4
12
13
4
5
6
1
-3
9
19
23
24
24
31
35
29
32
35
30
27
22
19
27
32
34
35
37
36
32
35
34
28
34
33
31
28
23
20
22
21
21
18
16
16
16
24
31
37
38
36
37
35
33
26
18
24
16
17
20
13
9
12
13
13
17
13
12
13
9
10
13
6
0
2
8
4
3
-1
-12
-27
-26
-23
-17
-13
-14
-10
-14
-20
-22
-18
-14
-8
-7
-11
-12
-7
-4
1
12
17
23
26
30
35
34
36
36
34
41
42
41
58
64
70
67
60
57
60
66
64
76
75
66
68
71
69
68
63
61
60
48
41
42
39
30
30
25
21
15
6
1
0
2
5
7
4
-5
-10
-17
-30
-26
-26
-29
-24
-20
-27
-32
-32
-39
-32
-36
-41
-33
-30
-31
-31
-39
-43
-41
-43
-35
-29
-21
-22
-28
-29
-26
-18
-11
-8
-4
-1
-6
-6
-10
-13
-17
-15
-17
-18
-14
-26
-19
-15
-16
-10
-13
-13
-23
-23
-22
-20
-15
-18
-18
-23
-18
-18
-24
-25
-28
-37
-40
-42
-45
-45
-40
-35
-35
-42
-48
-56
-59
-56
-55
-55
-55
-52
-54
-55
-55
-55
-61
-69
-72
-66
-67
-70
-66
-68
-61
-57
-53
-52
-44
-51
-50
-48
-43
-35
-37
-33
-34
-24
-18
-17
-15
-11
-5
-2
4
8
12
14
23
24
27
29
28
30
29
30
30
33
23
31
33
31
31
24
24
23
18
23
29
30
36
36
30
32
34
36
31
28
26
25
20
13
10
0
-4
-8
-4
2
9
8
0
-9
-4
-8
-1
-21
-30
-12
-20
-18
-54
-60
-68
-59
-59
-33
-6
-2
-19
-49
-48
-51
-29
-26
-8
-7
-16
-30
-46
-37
-45
-28
-24
-19
-14
-28
-25
-35
-31
-30
-13
-30
-14
10
8
-19
-36
-30
-24
-13
-17
7
22
2
-24
-20
-12
10
13
21
25
26
9
-1
5
1
-1
6
4
9
19
30
29
24
26
24
29
26
31
30
24
30
36
31
29
29
31
34
37
47
55
55
50
55
58
56
55
58
49
44
42
35
31
41
45
45
54
56
52
58
53
48
48
49
52
55
59
54
48
50
50
55
58
54
64
68
67
58
53
54
46
41
41
39
42
48
44
52
47
42
42
43
41
44
46
45
44
42
38
34
34
35
36
32
25
22
19
12
3
9
7
15
18
15
17
12
10
-1
-2
-8
-10
-17
-19
-21
-26
-25
-32
-35
-36
-33
-31
-26
-28
-39
-42
-55
-71
-79
-78
-79
-76
-73
-72
-70
-69
-70
-76
-72
-64
-55
-62
-64
-61
-50
-50
-47
-55
-62
-47
-47
-47
-48
-44
-42
-32
-31
-34
-31
-29
-17
-10
-11
-9
-11
-7
2
0
2
3
-9
-10
-6
-6
8
12
12
16
19
29
32
35
35
35
36
29
29
22
20
19
9
9
9
11
17
16
17
9
-1
-9
-8
-7
0
-9
-11
-19
-22
-18
-26
-32
-36
-33
-39
-34
-33
-42
-49
-56
-64
-70
-69
-70
-64
-57
-52
-55
-44
-46
-49
-48
-58
-54
-46
-35
-35
-31
-28
-18
-16
-14
-10
-11
-14
-14
-17
-18
-18
-26
-18
-15
-12
-6
1
7
2
9
9
8
3
-3
-3
-3
-12
-17
-6
-8
-7
-4
0
2
-7
-18
-21
-21
-28
-28
-27
-34
-38
-32
-29
-29
-27
-28
-20
-9
-1
8
4
3
2
2
4
-4
-4
-5
-4
-8
-10
-13
-16
-17
-15
-14
-17
-16
-12
-17
-17
-19
-19
-11
-14
-12
-20
-16
-7
-7
-2
-5
10
19
19
27
27
39
48
55
61
66
74
83
85
76
75
70
64
56
58
60
63
72
77
79
76
75
75
76
78
83
79
75
80
82
72
67
66
61
64
63
58
64
59
48
38
32
37
33
29
34
34
34
32
29
26
30
25
19
20
12
10
12
1
-7
-4
-6
-9
-8
-7
-12
-15
-13
-18
-22
-23
-21
-14
-9
-11
-8
0
6
2
4
-1
-3
1
2
-2
0
2
6
11
15
32
47
59
63
65
62
56
58
61
59
59
59
67
75
85
83
76
76
69
69
64
64
63
48
44
36
31
25
23
22
14
16
18
13
8
2
-5
-19
-23
-26
-26
-24
-21
-17
-25
-26
-26
-26
-33
-38
-38
-34
-26
-24
-30
-26
-26
-26
-29
-29
-15
-13
-9
-13
-13
-20
-31
-41
-44
-45
-40
-40
-37
-36
-42
-39
-42
-36
-31
-30
-29
-27
-30
-37
-41
-40
-35
-34
-30
-24
-23
-18
-17
-20
-17
-25
-25
-26
-26
-19
-24
-37
-44
-39
-36
-34
-31
-27
-23
-14
-16
-23
-31
-43
-40
-37
-37
-34
-34
-42
-48
-48
-58
-65
-66
-77
-77
-81
-84
-72
-70
-69
-75
-77
-77
-84
-79
-78
-72
-66
-73
-71
-72
-72
-66
-68
-68
-60
-59
-53
-55
-58
-54
-55
-52
-53
-56
-53
-50
-41
-40
-32
-22
-21
-16
-15
-15
-12
-5
-8
-6
-7
-4
6
12
17
26
36
41
46
47
46
45
59
53
49
50
48
46
40
42
41
38
37
38
37
35
37
42
32
23
10
-2
3
5
5
5
4
4
0
-1
0
-6
-9
-11
-16
-22
-18
-16
-15
-17
-19
-20
-13
-7
-7
-2
-9
-15
-7
-9
-3
-1
-7
-2
5
4
4
8
3
18
21
26
30
25
24
19
17
24
32
35
35
37
39
39
40
40
48
51
58
60
62
67
62
68
63
57
55
57
59
53
55
47
44
38
35
48
42
51
52
48
45
44
48
44
39
40
44
39
46
46
43
39
32
27
21
19
23
23
23
24
28
31
24
26
30
25
23
24
33
33
30
31
25
27
29
29
30
26
27
22
17
14
13
12
12
12
18
23
32
41
44
46
47
47
46
40
34
36
36
42
39
32
28
31
38
42
42
36
34
31
29
25
17
10
14
13
9
7
9
5
-5
-10
-14
-18
-26
-24
-22
-14
-18
-22
-26
-40
-41
-49
-52
-50
-47
-50
-55
-57
-61
-56
-58
-59
-52
-56
-51
-53
-59
-57
-62
-54
-54
-52
-48
-44
-51
-57
-57
-61
-65
-65
-61
-61
-53
-48
-46
-47
-50
-58
-58
-57
-51
-43
-41
-43
-44
-55
-61
-59
-64
-55
-55
-65
-60
-60
-56
-57
-56
-55
-50
-46
-48
-48
-48
-45
-47
-38
-39
-37
-33
-32
-33
-33
-25
-24
-27
-25
-31
-33
-32
-41
-29
-28
-35
-27
-28
-24
-22
-27
-22
-22
-23
-15
-18
-28
-34
-29
-28
-29
-26
-30
-31
-24
-19
-21
-15
-19
-23
-20
-20
-24
-26
-22
-25
-20
-22
-18
-12
-12
-14
-10
-10
-5
-3
-3
-3
-2
2
0
5
9
21
28
29
30
37
43
41
40
36
41
44
49
52
59
63
64
64
61
66
64
67
64
57
52
45
42
48
49
48
49
47
47
44
40
37
30
32
32
25
27
22
15
14
10
8
0
-7
-6
-13
-13
-10
-8
-14
-19
-19
-25
-22
-16
-15
-10
-11
-13
-15
-14
-17
-18
-14
-17
-18
-20
-18
-21
-16
-14
-8
0
5
10
10
15
16
14
19
26
38
48
57
64
67
79
87
88
86
82
78
80
81
79
76
73
70
77
83
87
88
91
99
91
92
82
72
70
62
56
44
47
47
51
56
59
57
48
57
50
38
37
23
26
29
28
27
24
24
17
20
20
10
8
12
15
16
13
5
1
-5
-7
-9
-13
-9
-14
-7
-11
-18
-23
-21
-22
-24
-21
-28
-30
-31
-23
-23
-13
-6
-7
-8
-7
0
4
-1
3
6
1
0
-6
-8
-4
-1
7
16
15
13
9
13
21
25
26
24
25
26
21
22
24
13
8
4
-1
3
3
6
9
12
15
10
13
1
-9
-13
-21
-20
-22
-21
-32
-35
-37
-30
-27
-28
-19
-32
-33
-39
-45
-52
-53
-52
-55
-57
-61
-58
-53
-53
-56
-54
-49
-46
-42
-43
-43
-36
-39
-47
-46
-45
-36
-32
-24
-20
-23
-25
-29
-28
-28
-23
-13
-6
1
-5
-9
-9
-15
-21
-20
-16
-20
-18
-19
-15
-19
-18
-20
-25
-20
-22
-17
-14
-23
-24
-22
-33
-39
-42
-46
-51
-58
-57
-67
-66
-75
-79
-71
-72
-63
-65
-71
-77
-80
-77
-79
-81
-81
-77
-72
-65
-60
-50
-43
-38
-39
-36
-30
-21
-11
-8
-2
-5
-8
-9
-11
-4
-1
7
9
13
9
7
12
8
10
11
22
21
21
26
28
33
31
34
38
39
42
46
43
38
33
25
24
20
18
12
18
18
10
17
23
22
16
14
16
12
5
5
9
10
7
5
3
-1
-6
-8
-13
-7
-2
-8
-7
-11
-8
-7
-9
-6
0
5
12
12
7
4
5
5
8
14
7
8
10
11
9
8
13
17
12
14
18
14
12
10
11
10
12
6
11
16
15
24
20
22
26
26
33
39
42
37
41
43
51
59
58
59
64
61
56
64
58
51
46
41
48
53
54
61
58
54
56
49
50
50
52
53
51
49
39
31
30
31
26
30
32
26
29
25
24
25
21
17
7
2
2
1
-4
-9
-14
-7
-4
-3
-6
-11
-14
-12
-6
-4
-8
-12
-5
-4
1
8
12
17
23
23
20
22
24
25
22
15
15
10
6
8
2
5
8
16
26
24
19
11
4
0
-8
-9
-5
-1
6
11
12
0
-6
-4
-2
2
-3
-7
3
6
1
-3
-5
-7
-10
-6
-5
-10
-16
-15
-19
-16
-16
-19
-13
-16
-17
-15
-14
-14
-23
-25
-26
-31
-33
-29
-25
-17
-11
-10
-2
0
-3
-3
-3
-7
-11
-9
-9
-17
-21
-26
-34
-31
-36
-35
-29
-28
-25
-29
-34
-35
-37
-49
-49
-46
-42
-45
-43
-49
-51
-54
-62
-66
-67
-58
-57
-55
-54
-48
-48
-47
-40
-39
-35
-31
-28
-31
-38
-41
-43
-44
-46
-44
-48
-51
-56
-55
-48
-49
-51
-47
-42
-41
-46
-51
-48
-50
-40
-41
-41
-34
-36
-31
-28
-17
-11
-5
-2
-1
6
7
10
15
19
15
13
1
-7
-13
-18
-16
-23
-24
-19
-17
-27
-27
-25
-22
-18
-20
-18
-14
-13
-14
-15
-15
-11
-16
-11
1
6
10
10
11
6
3
10
16
21
21
26
32
30
36
37
36
32
30
30
30
31
32
25
21
23
23
29
28
30
34
30
38
42
44
50
57
52
55
59
56
63
69
63
63
69
69
65
60
59
59
56
52
50
45
37
40
36
33
29
21
17
20
22
17
8
5
9
15
20
30
29
25
19
18
23
24
24
16
10
11
10
13
11
5
3
-1
4
7
-2
-4
-11
-7
-5
-11
-11
-13
-10
-8
-5
4
7
10
14
15
19
19
24
29
25
29
31
32
40
44
51
56
55
55
53
49
55
54
51
46
41
37
25
23
23
22
25
26
26
34
35
38
28
26
28
22
24
24
33
41
38
35
34
33
35
36
36
38
34
25
24
12
5
8
6
-1
-1
-10
-14
-17
-20
-21
-27
-33
-47
-51
-49
-38
-27
-23
-26
-23
-19
-17
-9
-2
5
10
20
25
33
43
46
45
49
55
60
60
53
52
50
44
46
43
31
27
27
20
15
12
10
3
-4
0
-3
-9
-18
-30
-42
-48
-52
-55
-59
-64
-66
-66
-58
-57
-48
-46
-51
-56
-60
-62
-69
-76
-85
-93
-96
-105
-106
-112
-124
-125
-126
-124
-124
-124
-121
-123
-125
-119
-117
-118
-121
-123
-123
-117
-109
-104
-100
-94
-92
-82
-72
-64
-57
-53
-60
-57
-54
-58
-47
-45
-41
-32
-34
-22
-14
-12
-10
-13
-3
7
9
12
13
15
11
12
12
16
28
41
55
57
61
62
61
58
56
54
53
55
55
46
51
49
48
51
48
51
42
40
41
41
43
40
33
26
14
11
16
9
8
2
-10
-6
-2
-1
-6
-13
-9
-9
-8
-14
-8
-9
-11
-8
-6
2
0
-8
-13
-14
-18
-17
-22
-19
-22
-32
-32
-35
-37
-36
-38
-45
-46
-43
-34
-29
-29
-22
-20
-21
-26
-25
-22
-19
-12
-10
1
8
14
12
13
13
16
25
26
27
29
35
29
38
49
44
47
43
42
45
50
52
54
52
52
45
41
43
40
37
48
48
50
52
52
46
38
33
31
25
19
17
20
16
16
25
29
26
21
21
20
23
18
17
22
19
17
18
16
12
7
9
18
21
24
22
26
30
30
33
39
31
34
38
40
41
36
37
41
43
51
57
54
55
51
53
47
43
41
39
34
38
39
40
43
33
35
36
34
32
26
17
21
24
16
19
17
16
15
8
11
11
12
2
-5
-5
-10
-8
-11
-11
-10
-8
-12
-16
-17
-17
-17
-20
-6
-17
-23
-27
-31
-28
-31
-30
-35
-32
-37
-35
-27
-24
-23
-30
-36
-39
-44
-42
-34
-33
-25
-27
-22
-22
-26
-22
-22
-14
-5
-5
-12
-11
-8
-9
-12
-10
-10
-10
-14
-18
-19
-21
-20
-23
-23
-23
-28
-35
-41
-47
-41
-42
-44
-46
-48
-56
-57
-51
-51
-45
-48
-46
-40
-35
-43
-46
-45
-36
-28
-29
-22
-23
-24
-23
-22
-19
-20
-16
-19
-24
-18
-10
-7
-9
-17
-11
-10
-14
-13
-6
-4
-7
-3
3
15
17
15
16
13
2
6
8
12
12
5
-5
-8
-6
-7
1
-2
0
-3
-3
-6
-9
-2
-1
-3
-7
-14
-20
-27
-25
-18
-19
-18
-13
-15
-15
-17
-13
-4
0
3
-8
-14
-16
-18
-22
-17
-19
-19
-20
-30
-24
-21
-14
-13
-12
-5
-10
-17
-14
-13
-11
-16
-16
-16
-24
-18
-21
-24
-23
-20
-19
-19
-18
-24
-18
-26
-26
-15
-19
-19
-22
-22
-25
-19
-13
-12
-17
-21
-13
-7
-4
2
9
2
2
13
18
20
16
23
27
25
27
32
38
35
38
39
43
49
60
62
62
65
56
58
54
59
62
62
61
54
54
51
50
55
64
65
67
67
66
67
68
69
67
62
62
55
50
50
42
44
36
39
38
32
30
27
20
15
13
17
10
8
13
12
12
10
10
5
3
1
0
3
5
11
12
6
10
8
9
15
14
14
13
7
-3
-4
-3
-1
9
8
8
5
1
-2
-3
-6
0
0
-6
-7
-9
-9
-6
-4
1
-2
-9
-7
-10
-12
-5
5
8
-1
-6
-5
-3
-1
0
2
1
-1
-4
1
6
7
11
7
4
2
0
3
4
6
11
14
13
11
16
16
21
28
31
36
43
51
54
50
44
44
49
39
36
38
38
38
38
45
40
42
37
35
35
26
24
19
16
14
10
10
4
0
-6
-14
-18
-20
-16
-18
-18
-17
-18
-29
-36
-26
-28
-27
-27
-20
-14
-17
-12
-18
-20
-30
-32
-28
-26
-21
-23
-26
-22
-15
-22
-18
-19
-11
-10
-17
-11
-7
-5
-3
-2
-3
-2
2
3
-2
-5
-10
-10
-11
-13
-3
2
3
4
1
9
13
9
4
-1
-5
-10
-17
-17
-17
-21
-24
-32
-30
-23
-28
-27
-26
-27
-32
-40
-46
-46
-55
-61
-67
-66
-67
-72
-68
-63
-59
-60
-63
-66
-63
-64
-63
-73
-77
-73
-76
-77
-74
-81
-92
-88
-89
-88
-88
-87
-79
-74
-69
-67
-67
-65
-69
-63
-60
-47
-38
-42
-37
-33
-33
-34
-32
-38
-36
-38
-35
-32
-31
-27
-25
-25
-17
-10
-8
-6
-8
-6
-7
-6
-7
-6
-6
-4
-4
-7
0
6
13
22
27
28
26
32
30
29
27
21
22
25
29
34
41
45
34
28
26
23
19
11
-4
-4
-8
-1
7
8
10
8
9
4
8
5
-1
-1
-8
-10
-7
-5
5
3
0
-2
3
8
9
8
9
15
15
16
15
16
22
21
21
21
19
22
25
30
34
38
46
51
49
53
56
55
55
56
62
65
65
62
61
63
59
57
54
54
54
51
55
55
55
54
56
53
50
47
47
49
48
50
55
57
52
56
55
54
59
63
63
66
72
76
83
79
77
69
77
81
74
66
53
50
42
39
33
30
28
24
26
21
19
22
20
24
26
25
24
22
27
29
27
20
9
18
16
9
12
21
30
22
19
16
10
8
3
8
11
12
14
11
17
12
0
-4
-3
-4
-6
-15
-17
-12
-15
-21
-27
-29
-26
-25
-30
-23
-17
-18
-14
-16
-11
-6
-18
-18
-13
-14
-13
-13
-20
-24
-23
-27
-25
-23
-25
-32
-35
-45
-51
-52
-57
-57
-56
-58
-49
-48
-49
-44
-46
-44
-46
-41
-38
-37
-38
-42
-36
-34
-37
-33
-35
-36
-32
-29
-25
-25
-36
-38
-35
-36
-41
-41
-40
-42
-46
-53
-54
-60
-59
-51
-50
-51
-44
-48
-47
-38
-40
-35
-33
-32
-31
-35
-34
-31
-36
-43
-38
-34
-36
-35
-32
-25
-31
-33
-39
-43
-43
-49
-47
-52
-56
-61
-61
-68
-72
-75
-81
-84
-81
-80
-84
-76
-72
-56
-54
-51
-48
-47
-43
-47
-48
-54
-50
-56
-49
-44
-42
-36
-40
-37
-45
-50
-54
-57
-55
-57
-46
-42
-33
-30
-32
-31
-28
-24
-19
-13
-3
4
5
12
19
30
33
47
56
64
66
66
71
68
72
75
74
80
74
71
77
72
71
67
62
60
52
42
37
33
30
28
31
31
25
28
27
27
28
27
25
25
21
20
22
23
22
29
28
26
32
37
40
38
32
30
32
28
29
30
20
21
25
30
33
31
38
36
36
34
38
47
53
63
61
62
62
65
65
63
66
71
76
80
82
87
88
87
84
84
82
87
86
77
75
71
74
71
77
76
73
76
75
74
69
62
63
60
58
58
51
47
44
49
58
60
53
50
46
41
39
37
40
43
41
43
51
51
47
41
40
40
35
27
28
37
38
32
23
13
15
6
6
12
15
12
11
11
7
9
1
-2
-6
-5
-3
4
8
8
3
3
0
-1
1
0
-1
0
0
-3
1
-4
-6
-10
-12
-12
-8
-11
-18
-21
-27
-23
-17
-18
-17
-11
-13
-12
-11
-9
-14
-15
-20
-28
-22
-21
-21
-29
-27
-32
-35
-32
-41
-40
-45
-51
-50
-52
-55
-60
-64
-69
-73
-73
-73
-69
-69
-73
-70
-81
-81
-81
-87
-82
-78
-80
-79
-78
-79
-85
-80
-75
-71
-66
-61
-62
-65
-70
-74
-77
-72
-70
-79
-85
-82
-82
-84
-80
-80
-78
-78
-78
-83
-83
-76
-68
-62
-66
-66
-68
-70
-61
-52
-52
-41
-39
-42
-33
-30
-26
-26
-33
-29
-25
-25
-20
-21
-23
-21
-19
-19
-14
-14
-9
-15
-18
-17
-26
-31
-34
-35
-36
-38
-40
-31
-31
-37
-27
-20
-19
-27
-25
-22
-16
-15
-14
-9
-13
-21
-24
-21
-11
-16
-17
-9
-9
-8
-11
1
0
6
12
3
2
-6
-9
-8
-3
-2
2
5
5
11
14
9
21
28
23
23
25
32
31
27
21
18
18
18
23
22
26
26
23
21
21
22
22
20
19
22
24
25
21
28
39
38
41
42
41
39
32
33
34
28
24
26
30
32
36
41
43
46
49
50
57
60
63
63
60
53
42
42
44
41
44
42
45
51
47
48
52
55
55
55
58
60
71
74
79
75
70
68
72
83
84
86
79
74
76
85
89
91
89
87
88
92
89
84
81
73
70
72
76
75
68
63
68
68
67
63
58
60
65
62
61
56
47
41
32
32
39
38
27
23
20
16
14
10
0
-7
-5
-11
-10
-11
-14
-13
-15
-17
-19
-20
-24
-28
-36
-41
-50
-61
-62
-62
-54
-52
-59
-56
-56
-56
-55
-60
-59
-51
-50
-50
-50
-55
-54
-54
-54
-53
-63
-63
-62
-61
-51
-49
-51
-48
-52
-51
-50
-48
-44
-39
-33
-30
-23
-28
-32
-32
-24
-17
-22
-18
-21
-22
-21
-14
-10
-19
-23
-19
-11
-9
-12
-17
-14
-20
-19
-19
-18
-7
-13
-18
-24
-29
-34
-38
-43
-44
-43
-46
-49
-42
-33
-25
-27
-37
-41
-38
-34
-36
-32
-31
-30
-31
-30
-25
-27
-25
-29
-27
-21
-18
-19
-26
-27
-31
-31
-33
-37
-37
-36
-39
-40
-38
-38
-38
-34
-34
-30
-28
-29
-37
-35
-40
-44
-43
-46
-38
-43
-43
-43
-38
-30
-29
-24
-20
-23
-21
-26
-27
-28
-26
-13
-10
-6
-13
-15
-8
-3
2
-1
-3
-7
-6
-10
-12
-12
-15
-12
-8
-6
-3
-6
-10
-6
-5
-4
3
2
-1
6
10
13
8
8
8
10
12
11
15
14
16
19
13
14
16
21
29
36
42
47
50
56
64
62
57
51
44
40
35
38
37
37
33
30
39
36
39
48
48
41
39
34
34
29
26
35
32
29
35
31
35
34
32
34
33
36
34
29
27
25
29
32
37
43
44
41
42
39
38
37
40
47
49
51
45
46
42
39
39
39
47
49
47
42
39
42
41
41
40
38
34
31
28
29
28
23
19
10
16
24
38
36
34
29
21
28
37
39
45
54
58
59
56
50
44
44
42
42
35
37
38
38
35
31
27
22
26
28
30
25
12
2
-10
-17
-16
-12
-2
1
8
4
-2
-1
-1
0
5
5
8
14
17
12
3
-1
6
3
4
4
-4
-9
-3
-5
-12
-12
-18
-20
-23
-20
-20
-20
-18
-19
-22
-15
-12
-14
-12
-21
-22
-22
-26
-27
-29
-28
-31
-34
-30
-26
-20
-19
-24
-22
-21
-16
-19
-25
-33
-34
-36
-35
-35
-33
-32
-32
-29
-32
-31
-32
-42
-48
-43
-35
-25
-26
-28
-25
-18
-13
-13
-8
-1
-2
-9
-13
-10
-17
-15
-15
-16
-14
-17
-15
-18
-25
-30
-31
-30
-33
-35
-36
-46
-52
-54
-49
-48
-49
-53
-59
-58
-60
-62
-57
-51
-42
-45
-40
-34
-26
-22
-30
-31
-28
-31
-30
-26
-25
-26
-26
-22
-18
-7
-9
-17
-14
-17
-20
-22
-21
-19
-11
-7
-6
-3
-4
4
2
-1
-2
-1
8
7
10
4
3
3
7
8
11
8
-2
-9
-10
-5
-2
1
-3
-6
-7
-1
-2
-1
-1
-2
-1
-5
-1
-2
-4
2
4
0
-4
-10
-15
-17
-15
-15
-18
-17
-17
-17
-20
-20
-23
-24
-26
-28
-26
-22
-17
-11
-10
-13
-6
-8
-4
-10
-12
-4
-7
-1
-6
-7
-7
-9
-16
-20
-27
-36
-34
-30
-21
-18
-17
-18
-16
-12
-10
-9
-11
-6
-1
6
7
10
10
16
22
24
32
28
26
20
17
18
8
6
6
14
14
11
12
14
14
13
22
27
34
44
48
47
47
43
44
55
55
60
77
74
78
73
67
67
58
58
56
53
53
40
34
37
38
33
28
30
34
40
43
39
34
27
24
17
16
23
32
46
47
47
40
28
30
29
29
24
27
25
16
17
14
14
12
12
17
18
20
23
20
17
12
8
9
6
9
12
10
12
14
13
17
13
13
12
8
0
-3
-6
-8
-3
-8
-14
-17
-11
-8
-14
-14
-10
-11
-6
-7
-9
-9
-5
-4
-10
-4
-5
-6
-5
-10
-16
-22
-20
-17
-16
-20
-18
-14
-22
-23
-26
-26
-25
-22
-25
-24
-22
-23
-17
-19
-20
-27
-26
-17
-10
-6
-12
-14
-12
-16
-16
-19
-22
-18
-16
-12
-8
-4
-2
0
0
-2
3
7
12
7
9
8
-2
-3
-2
4
9
5
2
1
-4
-7
-11
-20
-18
-15
-13
-23
-25
-30
-32
-35
-33
-29
-19
-12
-13
-12
-18
-15
-21
-19
-19
-19
-26
-30
-29
-36
-30
-34
-31
-30
-33
-33
-28
-25
-27
-28
-29
-32
-36
-32
-33
-39
-29
-18
-7
-3
0
3
2
-3
-4
6
7
5
0
-3
-4
-4
-2
5
4
-6
-9
-11
-15
-19
-18
-16
-13
-14
-9
-6
-1
3
0
0
1
-1
-5
-8
-10
-13
-13
-14
-12
-12
-7
-12
-24
-27
-27
-28
-34
-35
-36
-36
-41
-46
-40
-37
-39
-41
-39
-32
-28
-25
-18
-15
-16
-10
-3
-1
-7
-13
-7
3
12
11
15
15
9
6
10
7
9
9
7
11
10
11
11
11
10
16
16
13
15
21
24
25
24
23
18
16
16
14
20
24
27
28
25
25
32
34
46
52
56
58
47
40
35
34
33
35
44
50
48
45
33
30
41
50
50
46
45
43
43
39
33
29
28
33
37
38
31
31
23
19
20
20
22
23
28
36
37
29
38
34
30
30
25
28
23
25
33
32
22
12
9
6
5
3
-5
-1
4
-2
-11
-20
-12
-9
-8
-7
-10
-10
-10
-5
3
6
7
2
-5
1
-5
4
10
13
16
17
25
31
34
36
40
44
48
56
58
57
59
55
47
45
45
44
50
46
37
39
41
45
45
38
37
33
30
17
16
13
6
4
1
3
0
1
7
8
14
9
5
1
-6
-12
-17
-20
-29
-33
-34
-42
-49
-53
-43
-31
-34
-39
-36
-35
-31
-27
-27
-21
-15
-12
-10
-10
-12
-10
-5
-2
9
7
5
5
4
8
1
-10
-21
-32
-30
-33
-44
-37
-39
-38
-34
-26
-13
-9
-6
-11
-11
-4
-1
1
7
7
12
10
8
11
6
-7
-17
-8
-11
-11
-11
-18
-18
-14
-19
-25
-28
-31
-35
-39
-38
-41
-44
-53
-60
-59
-58
-58
-54
-53
-55
-57
-61
-48
-47
-43
-34
-40
-49
-45
-50
-54
-53
-56
-57
-56
-55
-53
-43
-42
-40
-40
-41
-39
-31
-35
-31
-17
-12
-2
0
0
2
3
1
2
7
13
19
16
16
12
6
4
0
6
11
17
15
15
9
7
8
7
14
24
25
9
15
14
14
10
5
0
-10
-19
-18
-18
-22
-23
-29
-32
-31
-32
-39
-43
-42
-41
-39
-47
-56
-63
-69
-66
-58
-48
-35
-31
-26
-21
-19
-16
-14
-2
-1
-9
-13
-18
-22
-29
-36
-38
-37
-35
-31
-24
-22
-17
-19
-19
-14
-13
-11
-7
4
0
1
1
7
19
15
19
22
32
37
36
32
29
35
30
41
50
56
58
58
54
49
45
32
31
26
30
28
22
22
21
21
19
25
27
34
35
33
36
37
37
37
45
43
41
48
45
46
44
42
35
32
35
28
25
23
26
25
19
18
15
17
14
17
21
22
25
32
31
26
27
27
25
27
30
31
34
37
41
48
54
57
60
57
57
56
56
57
61
66
71
65
60
54
45
44
50
61
62
65
64
62
59
56
55
59
60
55
53
57
56
48
39
31
39
32
30
26
15
13
7
3
-7
-10
-21
-23
-20
-15
-14
-23
-27
-28
-30
-34
-35
-33
-32
-31
-37
-40
-39
-41
-35
-31
-23
-21
-23
-22
-35
-29
-22
-23
-20
-24
-22
-19
-22
-33
-38
-39
-42
-38
-33
-32
-34
-40
-49
-46
-43
-46
-41
-37
-32
-23
-24
-26
-22
-21
-14
-10
-9
-7
-12
-5
0
3
3
0
-2
-5
-5
-3
-1
2
6
4
4
2
-4
-4
-6
1
0
-2
-8
-21
-26
-35
-37
-32
-31
-27
-31
-29
-38
-40
-39
-44
-43
-52
-59
-66
-76
-82
-81
-78
-76
-71
-61
-59
-56
-59
-63
-63
-66
-64
-65
-64
-64
-65
-66
-67
-61
-64
-66
-71
-69
-70
-75
-69
-66
-62
-60
-58
-54
-46
-40
-40
-30
-19
-19
-11
-5
-6
8
5
12
18
19
20
21
22
15
22
27
24
22
21
19
19
15
17
18
19
17
20
26
21
24
31
34
33
31
32
31
19
16
23
23
26
25
25
22
17
17
20
18
5
-3
1
4
3
2
-5
-11
-23
-29
-29
-26
-24
-26
-29
-23
-19
-24
-27
-25
-20
-16
-22
-10
-7
-12
-14
-11
-7
-5
8
9
16
21
24
24
26
31
30
30
34
41
42
44
38
38
49
54
60
75
83
92
89
81
84
86
90
88
85
91
91
87
87
83
87
88
85
80
78
78
78
80
80
64
57
56
59
50
42
48
37
28
22
20
24
20
21
18
17
19
7
2
-2
2
4
-6
-8
-16
-25
-14
-7
2
7
10
19
18
21
22
22
20
24
35
39
41
46
47
42
41
45
48
54
57
64
62
65
64
52
51
51
56
53
57
62
58
49
45
48
42
36
33
36
32
36
34
25
21
12
6
6
3
-2
-6
-4
-3
-14
-22
-40
-48
-52
-55
-58
-57
-63
-64
-69
-71
-65
-61
-59
-57
-44
-40
-40
-45
-48
-48
-45
-46
-40
-36
-32
-31
-34
-28
-27
-30
-27
-26
-24
-17
-22
-18
-12
-9
-11
-14
-3
-5
-6
-14
-16
-6
-5
-4
-3
0
-4
-9
-4
-8
-18
-21
-25
-19
-17
-20
-20
-30
-32
-40
-47
-49
-48
-41
-44
-48
-52
-57
-59
-59
-61
-57
-47
-43
-43
-51
-49
-48
-61
-68
-70
-69
-70
-74
-79
-77
-80
-83
-80
-84
-87
-89
-88
-82
-86
-98
-84
-80
-82
-75
-74
-71
-70
-71
-70
-61
-57
-54
-55
-50
-48
-48
-46
-40
-35
-34
-31
-27
-17
-16
-16
-14
-6
-2
-8
-10
-7
3
9
12
21
23
22
17
21
23
24
27
19
19
14
9
8
6
13
11
4
1
5
8
10
7
4
4
3
11
15
24
25
15
10
11
8
4
1
4
10
7
7
16
13
3
2
-3
-1
-3
-5
-6
-18
-23
-25
-16
1
7
12
11
14
14
10
10
18
22
28
36
40
38
33
35
40
45
49
51
55
56
47
52
54
44
43
47
42
42
43
50
62
55
61
59
54
50
46
48
50
45
38
39
41
35
36
39
43
47
38
39
33
22
18
18
31
35
34
36
42
42
37
40
45
58
65
65
63
62
55
48
55
64
67
70
69
63
53
49
46
49
44
42
50
48
48
38
37
39
35
33
32
32
31
28
28
29
23
22
16
17
16
17
16
14
16
16
10
4
-4
-3
-2
0
3
-5
-9
-14
-13
-12
-10
-7
-7
-4
2
3
1
1
5
11
8
10
11
7
8
0
-1
-8
-8
-11
-15
-19
-24
-28
-25
-27
-32
-33
-37
-34
-33
-33
-32
-28
-27
-26
-18
-14
-22
-32
-30
-33
-25
-19
-14
-13
-14
-14
-14
-10
-11
-12
-12
-15
-23
-27
-24
-29
-43
-44
-55
-54
-47
-52
-45
-44
-47
-50
-52
-59
-59
-55
-54
-50
-47
-48
-48
-49
-47
-51
-56
-51
-50
-54
-55
-62
-66
-71
-77
-73
-75
-70
-70
-72
-77
-84
-84
-84
-83
-83
-82
-83
-81
-77
-73
-64
-66
-61
-49
-37
-28
-23
-21
-26
-16
-20
-20
-20
-22
-20
-22
-18
-10
-5
-7
-8
-6
-7
-11
-8
-1
1
-1
-3
-2
-5
-2
2
10
22
28
39
41
39
36
26
24
15
15
20
20
32
30
20
26
25
25
19
15
9
2
3
-5
-4
-4
-9
-9
-4
1
1
2
3
-3
-6
-4
-2
7
10
17
15
13
15
11
18
14
20
28
20
23
13
4
5
8
13
19
28
24
21
23
25
22
18
15
16
20
24
28
29
32
29
30
39
37
36
40
45
43
42
44
45
48
51
50
55
56
56
54
49
45
51
51
54
62
60
65
61
56
50
50
39
45
37
45
40
54
38
63
184
236
177
108
130
100
49
-36
-46
-41
-99
-168
-115
1
29
46
71
132
158
152
130
143
112
4
-53
-5
42
-3
-4
23
69
54
58
64
63
23
-35
-43
4
16
-20
1
38
77
58
104
74
61
-1
-11
-31
-27
-5
-23
8
-4
21
25
60
42
-4
-35
-69
-62
-66
-60
-59
-47
-32
-11
35
68
30
-5
-40
-63
-69
-83
-73
-109
-88
-80
-24
-16
28
38
2
-20
-63
-34
-17
-30
-61
-44
-16
9
35
75
58
37
-27
-42
-50
-49
-79
-110
-84
-94
-45
-21
55
69
75
37
85
104
63
43
-1
-33
-17
-32
-26
63
0
-51
-53
-25
-55
23
-40
-27
-10
15
2
57
38
6
6
-42
8
-32
-10
-144
-74
-146
-50
-79
-28
-97
-74
-73
-77
-9
-49
-56
-103
-28
-90
14
-29
-2
-82
-14
-101
-40
-94
-104
-123
-115
-147
-116
-31
-98
-59
-106
-77
-93
-37
-145
-110
-111
-166
-126
-83
-113
-111
-109
-186
-185
-144
-248
-287
-323
-379
-323
-154
113
317
452
468
610
676
604
455
356
174
-127
-396
-475
-460
-458
-466
-340
-104
45
162
281
367
313
199
127
147
122
57
44
206
366
478
547
532
452
264
64
-153
-265
-439
-602
-640
-528
-340
-103
114
307
439
484
442
356
253
-8
-234
-415
-447
-497
-455
-397
-292
-223
-185
-135
-133
-225
-392
-504
-597
-552
-600
-580
-630
-531
-82
925
1473
1296
1132
1480
1606
941
263
264
224
-917
-1903
-1582
-783
-1018
-1376
-724
329
482
273
812
1479
1050
54
-17
539
397
-318
-338
191
257
-104
69
599
503
-202
-526
-247
-148
-486
-712
-419
-32
111
303
858
1299
1204
882
854
932
691
153
-242
-265
-337
-519
-527
-139
36
-159
-239
29
225
30
-158
-117
38
1
-3
203
417
307
98
94
131
-73
-424
-610
-741
-847
-900
-812
-578
-536
-460
-480
-230
-265
-249
-622
-515
695
1454
1331
720
1636
2149
1639
376
650
1152
-380
-2448
-2346
-1089
-1561
-2659
-1916
-58
244
-259
514
2231
1935
360
48
1079
913
-485
-757
42
220
-486
-403
532
783
-79
-648
-314
18
-457
-992
-852
-316
-43
-55
546
1470
1754
1257
956
1318
1342
509
-366
-391
-254
-886
-1268
-705
30
-230
-662
-132
521
362
-123
21
360
183
-167
31
526
468
3
-54
154
-15
-495
-853
-969
-1159
-1434
-1454
-1302
-1004
-1004
-927
-730
-429
-52
320
1277
1802
1939
1719
2061
2307
1667
805
381
196
-978
-2243
-2458
-2028
-2233
-2577
-1891
-613
-124
11
732
1587
1500
873
885
1098
745
84
9
234
55
-208
-102
93
-150
-562
-657
-711
-934
-1101
-987
-786
-568
-97
462
983
1384
1769
1911
1931
1664
1365
1010
460
-65
-398
-625
-993
-962
-905
-808
-653
-472
-326
-107
102
309
525
594
673
790
797
644
562
386
107
-269
-583
-731
-955
-1155
-1193
-1113
-1085
-1107
-871
-719
-648
-866
-818
-700
-567
-234
392
1565
2157
2396
2391
2813
2773
1951
966
168
-634
-2067
-3270
-3448
-3073
-3058
-2875
-1816
-312
544
1118
1865
2488
2181
1422
1155
1016
459
-331
-550
-400
-451
-617
-447
-133
-247
-666
-802
-704
-775
-1024
-1091
-719
-223
213
709
1425
1978
2072
2048
1987
1810
1253
571
53
-244
-660
-995
-943
-718
-618
-595
-426
-101
180
151
231
445
569
532
651
776
820
667
499
292
97
-238
-671
-942
-1148
-1237
-1383
-1181
-1080
-917
-845
-735
-464
-456
-503
-605
-586
-134
273
1330
2023
2408
2259
2350
2718
2085
1161
87
-519
-1779
-3145
-3562
-3010
-2695
-2749
-1989
-250
881
1325
1931
2599
2477
1426
900
840
431
-582
-1029
-623
-483
-607
-391
122
138
-337
-543
-438
-507
-926
-1215
-924
-473
-87
424
1123
1733
2007
2166
2102
2013
1685
913
321
-208
-602
-1000
-1142
-1121
-1023
-797
-759
-321
71
179
255
496
733
813
816
760
750
723
537
234
33
-232
-581
-1050
-1256
-1314
-1279
-1370
-1390
-1114
-831
-614
-631
-243
-147
-125
-448
-288
162
720
1753
2184
2376
2050
2397
2413
1604
562
-138
-667
-2184
-3517
-3380
-2591
-2680
-2823
-1538
276
919
1241
2157
2955
2246
1021
907
1028
153
-1077
-1167
-732
-919
-1186
-735
-148
-260
-666
-523
-193
-295
-704
-830
-462
-108
245
688
1266
1801
1955
2178
2110
2108
1465
626
147
-305
-761
-1374
-1331
-1298
-1148
-1039
-658
-30
281
319
656
1063
1117
961
1001
1014
737
551
367
195
-224
-676
-1033
-1359
-1609
-1689
-1633
-1549
-1560
-1214
-707
-401
-163
-40
273
184
64
-80
-153
-112
757
1678
1703
1161
1503
2433
1886
612
-31
544
-621
-2998
-3679
-2325
-2153
-3437
-2849
-351
926
546
1188
3148
3439
1527
570
1225
957
-1035
-1984
-1261
-1056
-1818
-1748
-398
388
-8
-324
178
601
181
-495
-540
-200
-73
-92
383
1422
2139
2038
1647
2042
2235
1333
241
-194
-388
-1290
-1963
-1668
-866
-851
-1189
-406
613
785
603
1058
1479
1183
769
816
995
716
67
-227
-200
-522
-1041
-1406
-1450
-1684
-1845
-1746
-1495
-1046
-691
-517
-88
457
861
634
221
-121
-374
-629
-370
907
1511
1179
637
1943
2891
2284
818
727
893
-1187
-3455
-3339
-2051
-2944
-4057
-2614
184
1090
877
2065
3707
3038
1043
647
1197
34
-2105
-2587
-1721
-1538
-1779
-1074
211
742
459
457
913
1026
235
-617
-767
-341
-9
62
564
1614
2186
1973
1795
2304
2133
748
-430
-619
-741
-1607
-1926
-1285
-614
-725
-519
564
1438
1263
1032
1435
1513
988
536
617
433
-129
-542
-518
-462
-867
-1239
-1381
-1342
-1515
-1463
-1206
-974
-819
-570
-137
333
640
551
159
-210
-442
-798
-833
157
1360
1438
896
1343
3035
3149
1618
595
1190
374
-2484
-3804
-2555
-2139
-3809
-3855
-992
1259
966
1010
2970
3934
1986
292
803
862
-1243
-2818
-2144
-1240
-1555
-1610
-347
916
912
426
741
1275
838
-204
-660
-358
-19
-10
161
1165
2106
2008
1600
1944
2267
1207
-241
-635
-528
-1310
-2159
-1675
-677
-619
-791
192
1472
1572
1072
1408
1883
1327
387
375
524
-136
-897
-916
-598
-980
-1460
-1451
-1167
-1325
-1525
-1248
-781
-710
-675
-320
299
479
308
163
-114
-434
-999
-1392
-509
1264
1688
832
639
2813
3654
2209
440
1262
1617
-1523
-4342
-3231
-1422
-3436
-5185
-2590
1033
937
-39
1973
4480
2964
76
357
1791
53
-2913
-2729
-1024
-1314
-2298
-1184
921
1233
211
302
1474
1605
171
-734
-293
134
-264
-419
676
1899
1834
1231
1623
2515
1780
14
-597
-303
-940
-2174
-1933
-774
-523
-1013
-288
1360
1875
1204
1248
1973
1687
549
185
516
103
-826
-1095
-591
-557
-1100
-1337
-1064
-1033
-1521
-1565
-1063
-920
-1120
-1044
-192
273
364
334
283
278
-726
-821
-1148
500
1308
1286
601
987
3057
3060
1602
402
1528
832
-2493
-4285
-2493
-2013
-4226
-4943
-1539
1083
406
181
2682
4410
2106
53
1093
1746
-686
-2907
-2127
-968
-1623
-1995
-695
990
962
215
621
1543
1410
23
-603
-136
241
-8
-155
909
2037
1930
1222
1603
2387
1392
-321
-654
-240
-949
-1961
-1497
-330
-106
-423
350
1713
1848
1123
1141
1608
1100
89
-65
149
-187
-705
-754
-396
-419
-761
-1059
-1042
-1177
-1472
-1507
-1233
-1075
-1047
-690
-355
243
269
271
-108
-460
-841
-1243
428
1736
1898
728
1302
3399
3551
1872
727
1814
941
-2735
-4456
-2596
-2117
-4664
-5305
-1757
716
125
192
2953
4452
2074
289
1521
2112
-547
-2610
-1577
-700
-1700
-1883
-234
1165
576
-126
572
1493
894
-566
-650
-57
-80
-402
159
1482
2108
1763
1554
2252
2593
1154
-212
-223
-293
-1408
-2072
-1076
-222
-562
-689
575
1830
1450
758
1211
1720
839
-206
173
653
-34
-786
-385
309
-63
-860
-892
-570
-976
-1878
-1819
-1076
-1115
-1628
-1384
-215
177
-249
-204
-13
57
-994
-917
1467
2614
1867
400
2231
4098
2952
1034
926
2071
-324
-4011
-4240
-2139
-2993
-5762
-4883
-909
239
-487
666
3732
3926
1398
907
2334
1925
-1064
-2179
-786
-672
-1988
-1846
-23
792
-177
-462
518
1231
145
-1038
-555
300
50
-522
458
1996
2284
1576
1706
2620
2353
584
-387
88
-261
-1817
-2153
-848
-189
-839
-754
789
1610
970
434
1199
1720
618
-330
131
701
23
-777
-349
341
-119
-952
-1085
-513
-875
-2012
-2238
-1551
-1297
-2139
-1914
-1038
-352
-800
-805
-254
147
-621
621
2786
3416
1738
1157
3763
3745
1561
-241
1437
870
-3076
-5366
-2974
-1913
-4580
-5855
-2264
494
-525
-489
2533
4439
1865
334
1950
2828
270
-1890
-587
397
-1016
-1979
-599
780
-92
-1161
-481
611
-11
-1511
-1413
-70
360
-291
39
1793
2747
2187
1837
2666
2944
1274
-156
14
113
-1345
-2471
-1569
-470
-739
-1109
-66
1170
1072
497
814
1574
1290
326
68
559
604
21
-368
-27
205
-202
-917
-948
-542
-1110
-1855
-2108
-1385
-1535
-1996
-1746
-1005
-640
-1066
-958
-176
-160
625
2458
3579
2911
1763
3634
4355
2672
290
858
1215
-2123
-5162
-3922
-2119
-4018
-5844
-3290
69
-261
-729
1671
4180
2594
418
1590
2943
1147
-1367
-716
692
-129
-1232
-578
668
263
-863
-714
220
12
-1551
-2021
-878
48
-189
-134
1390
2672
2535
2143
2943
3450
1927
189
192
456
-995
-2336
-1736
-720
-1006
-1313
-98
1039
794
312
1000
1709
1247
504
614
891
465
81
254
318
-13
-448
-491
-611
-917
-1241
-1454
-1761
-1854
-1899
-1731
-1445
-1473
-1241
-921
-648
-412
-579
-202
2053
3323
3351
1796
2905
4564
3501
991
375
1815
-143
-4175
-4879
-2191
-2499
-5348
-4877
-845
343
-994
-30
3333
3701
743
310
2327
2317
-467
-1377
361
674
-623
-673
621
997
-190
-775
-143
312
-785
-2127
-1834
-645
-216
-571
312
2011
2630
2134
2390
3387
2956
872
-72
482
-46
-1929
-2450
-1255
-864
-1545
-1097
497
935
223
224
1247
1599
717
171
569
734
163
-172
169
260
-307
-741
-781
-557
-1024
-1534
-1798
-1718
-1782
-2147
-1800
-1409
-1165
-1194
-895
-540
-365
-544
1684
3214
3556
1800
2181
4229
3654
1229
-14
1688
443
-3547
-4891
-2233
-1867
-4635
-5116
-1369
369
-1036
-739
2405
3536
685
-225
1781
2273
-202
-1514
150
827
-358
-655
636
1431
162
-876
-259
521
-483
-2274
-2142
-905
-564
-1142
-408
1607
2354
1674
1895
3441
3349
1148
103
951
571
-1608
-2388
-1277
-890
-1807
-1630
0
726
-24
-202
991
1675
1017
439
798
998
521
199
221
237
-287
-816
-963
-795
-956
-1484
-1618
-1679
-1731
-1888
-1619
-1117
-1295
-1185
-972
-382
-203
-860
1267
3173
3768
1889
1782
4319
4108
1355
-387
1581
1358
-2956
-5142
-2247
-1007
-4010
-5352
-1464
974
-878
-1338
1876
3860
992
-757
1310
2407
98
-1790
-159
1106
-85
-727
441
1738
882
-521
-309
719
293
-1728
-2170
-811
-197
-1055
-951
1186
2404
1546
1312
3016
3655
1438
-46
1091
1364
-956
-2181
-1013
-329
-1554
-1943
-216
844
-36
-692
536
1714
1117
286
836
1396
874
181
397
744
98
-909
-1163
-642
-867
-1626
-1843
-1456
-1584
-2314
-1627
-1046
-669
-1370
-1030
-293
34
-765
801
3215
3866
1929
1348
4220
4228
1634
-636
1356
1449
-2383
-4957
-2412
-896
-3617
-5099
-1598
966
-561
-1208
1602
3461
1086
-527
991
2042
74
-1622
-459
820
62
-524
302
1511
1145
-41
-84
742
571
-1306
-1975
-722
68
-953
-1163
926
2162
1222
939
2760
3473
1256
-133
1125
1576
-477
-1866
-761
-51
-1216
-1820
-401
626
-163
-896
103
1366
1173
375
664
1516
1288
503
345
845
400
-961
-1323
-845
-825
-1856
-2150
-1369
-1335
-2120
-2016
-833
-482
-1305
-1574
-449
-113
-849
743
3109
3951
1567
1632
4300
4327
1194
-578
1574
950
-3074
-4873
-2036
-1376
-4081
-4713
-1011
795
-704
-792
1917
2793
438
-470
1002
1302
-587
-1632
-421
487
-9
-303
411
1426
971
-8
106
962
365
-1529
-1827
-435
63
-1054
-1010
1083
1892
872
900
2842
3070
789
-55
1163
1258
-583
-1502
-650
-349
-1346
-1642
-522
159
-575
-1082
-178
883
815
360
622
1300
1213
503
399
763
236
-1104
-1548
-981
-1153
-2155
-2200
-1444
-1384
-2100
-1884
-650
-689
-1406
-1636
-349
-486
-147
1734
3540
2910
1200
3088
4610
3126
184
599
1442
-1121
-4393
-3282
-1452
-2947
-4779
-2821
228
-96
-796
871
2543
1324
-272
532
1396
253
-1306
-999
277
313
73
257
1236
1411
491
90
781
984
-683
-1946
-1109
36
-538
-1230
129
1711
1255
647
1920
3216
2003
319
618
1404
543
-779
-701
-98
-542
-1432
-990
-65
-93
-1033
-1002
-5
570
362
306
1004
1425
1178
863
1134
1150
111
-853
-1007
-863
-1342
-2176
-1985
-1480
-1528
-2100
-1674
-685
-508
-1550
-1524
-675
-388
550
1987
3284
2142
1874
3611
4299
2279
524
1350
858
-2320
-3978
-2256
-1902
-3931
-4303
-1714
-154
-616
-164
1620
1985
540
-1
834
891
-303
-1282
-749
31
240
372
703
1537
1375
667
654
1326
823
-1007
-1642
-753
-242
-929
-880
388
1175
935
1163
2396
2905
1850
924
1043
1136
426
-305
-500
-520
-966
-1240
-813
-423
-449
-914
-739
-156
303
441
558
691
844
923
866
767
433
-48
-697
-1079
-1169
-1264
-1467
-1596
-1467
-1447
-1678
-1412
-1163
-851
-1592
-1240
668
2462
2706
1679
2766
4192
3914
1951
1574
2121
613
-2622
-3548
-2376
-2553
-4088
-3970
-1918
-757
-843
-201
1319
1854
969
85
177
443
33
-931
-1070
-494
333
507
833
1691
2062
1493
802
1049
1012
-62
-1404
-1720
-1414
-1280
-1085
-507
235
650
968
1625
2250
2226
1794
1355
979
466
65
-33
-149
-594
-984
-991
-730
-539
-765
-848
-715
-577
-459
-326
160
354
316
318
641
931
612
29
-355
-434
-909
-1378
-1617
-1369
-1673
-1825
-1860
-1579
-1342
-1531
-304
819
2041
1902
2394
3395
3812
3080
2347
2259
1580
-331
-2093
-2436
-2653
-3349
-3941
-3276
-2163
-1375
-871
6
829
1312
1063
796
640
583
20
-556
-527
17
328
205
717
1606
1931
1508
1270
1424
931
-84
-726
-861
-1194
-1852
-1790
-939
-163
81
314
1042
1733
1860
1651
1621
1642
1154
282
-148
12
18
-529
-1004
-870
-632
-740
-871
-651
-499
-635
-812
-593
-250
-115
-205
-299
-87
156
40
-201
-351
-421
-648
-1226
-1256
-1148
-1130
-1610
-1989
-763
457
1265
923
1582
2732
3299
2831
2582
3004
2466
722
-726
-774
-1146
-2410
-3452
-3130
-2540
-2235
-1968
-1148
-230
175
26
213
735
1065
545
-13
-18
349
376
246
583
1159
1164
954
1414
1944
1538
659
392
373
-168
-884
-1012
-938
-1173
-1445
-905
-124
159
267
732
1271
1428
1412
1346
1217
960
566
185
-67
-163
-425
-675
-673
-501
-395
-525
-500
-455
-398
-565
-697
-736
-779
-751
-845
-759
-630
-373
-384
-369
-353
-279
-502
-734
-991
-891
-295
310
730
768
1545
2325
2780
2607
2731
2880
2258
1040
259
-198
-1110
-2287
-2814
-2678
-2625
-2613
-2259
-1444
-849
-529
-201
313
482
386
204
250
255
236
234
389
636
873
1041
1317
1582
1556
1337
1092
898
478
94
-175
-449
-763
-938
-839
-757
-759
-650
-325
-91
62
330
701
829
824
903
867
711
569
464
165
-194
-346
-318
-303
-324
-388
-397
-332
-192
-117
-266
-464
-554
-666
-675
-622
-661
-797
-908
-661
-594
-687
-756
-703
-877
-924
-357
474
627
529
1080
1902
2186
1987
2344
2654
2061
1009
587
535
-153
-1260
-1815
-1850
-1783
-1812
-1574
-1026
-640
-493
-243
90
361
117
-257
-535
-623
-602
-794
-820
-619
-190
154
420
827
1228
1391
1153
919
761
609
277
-26
-98
-117
-184
-279
-104
231
475
543
627
771
859
796
809
739
476
76
-140
-125
-221
-406
-567
-667
-702
-605
-413
-314
-328
-251
-108
51
56
-17
37
45
6
165
486
628
449
367
496
499
277
139
184
66
-229
-330
-195
-83
-231
-292
-118
-8
-121
-291
-288
-369
-715
-1145
-1275
-1278
-1424
-1629
-1542
-1206
-855
-609
-260
128
341
439
444
543
443
247
75
-79
-122
-69
129
319
353
409
521
558
368
67
-203
-600
-1036
-1187
-1063
-982
-941
-601
-67
438
879
1332
1692
1709
1693
1719
1667
1378
962
664
396
163
77
35
4
-56
-33
53
117
238
268
189
37
-34
31
40
-92
-187
-76
100
185
270
455
464
317
228
340
297
49
-174
-271
-320
-356
-305
-285
-328
-378
-216
-53
-119
-325
-475
-533
-718
-957
-1096
-1110
-1169
-1335
-1300
-918
-457
-345
-421
-263
34
74
-108
-202
-197
-418
-678
-702
-510
-481
-572
-426
-117
66
51
66
97
-51
-390
-632
-737
-790
-988
-1097
-916
-444
5
235
601
1141
1605
1715
1832
2044
2035
1652
1277
1185
1049
713
308
162
164
100
20
80
189
192
98
94
238
226
133
47
156
305
347
449
569
649
669
756
818
756
583
533
426
243
139
161
178
26
-39
58
184
160
29
-44
-174
-380
-543
-549
-592
-757
-873
-799
-662
-615
-622
-527
-416
-455
-540
-525
-443
-571
-767
-769
-597
-499
-556
-561
-474
-373
-313
-301
-252
-275
-320
-412
-513
-627
-742
-818
-964
-1034
-1005
-862
-699
-524
-301
-62
231
544
773
967
1068
1078
1073
1004
901
731
604
455
297
216
227
272
225
212
256
325
308
229
291
372
343
342
439
592
630
654
823
971
1044
979
942
893
770
673
567
400
242
221
266
195
115
166
192
58
-97
-51
-79
-289
-406
-298
-194
-304
-306
-136
-105
-234
-273
-123
-126
-346
-476
-427
-366
-441
-525
-444
-358
-365
-440
-456
-418
-500
-640
-740
-683
-675
-757
-807
-765
-718
-736
-660
-563
-535
-638
-645
-508
-334
-267
-263
-172
-8
116
171
271
359
325
178
73
42
36
-81
-197
-241
-230
-200
-165
-100
-168
-246
-196
-94
-36
-9
47
124
204
418
692
807
782
781
916
979
859
727
646
532
367
314
431
540
483
360
367
520
567
427
257
231
202
54
41
166
231
83
-3
173
307
195
-15
-26
23
-155
-305
-288
-170
-269
-434
-352
-188
-124
-265
-386
-396
-424
-492
-600
-629
-593
-636
-629
-514
-337
-277
-346
-328
-221
-211
-278
-263
-163
-163
-286
-236
-8
75
-21
-76
38
27
-166
-302
-290
-327
-489
-542
-470
-386
-424
-391
-312
-261
-198
-121
-48
-36
51
173
255
357
570
732
686
624
698
774
655
460
370
341
231
125
183
270
276
214
254
366
414
340
204
117
125
131
65
76
164
262
287
321
473
558
514
417
432
523
440
276
168
179
178
98
87
104
131
52
-101
-134
-121
-167
-335
-465
-357
-233
-263
-314
-221
-53
-100
-165
-62
9
-139
-304
-283
-188
-214
-202
-85
-53
-108
-99
30
28
-144
-319
-391
-505
-613
-645
-686
-761
-812
-703
-551
-427
-362
-322
-244
-131
38
128
162
224
332
402
381
370
388
327
234
177
161
159
74
40
96
184
292
348
427
466
433
411
406
423
391
304
230
238
269
325
375
380
429
485
566
605
616
623
547
470
398
370
333
244
137
70
98
88
-32
-117
-133
-131
-180
-224
-131
-81
-93
-92
13
145
108
46
23
-26
-108
-150
-175
-230
-303
-288
-202
-151
-148
-137
-133
-180
-280
-379
-465
-629
-761
-872
-924
-899
-868
-793
-733
-636
-558
-517
-424
-328
-259
-248
-217
-130
-77
-56
-8
36
18
-28
14
43
-49
-137
-164
-126
-137
-122
-56
21
64
77
135
199
183
103
45
25
-34
-137
-185
-154
-118
-112
-56
89
208
244
278
374
454
445
427
482
531
480
418
478
555
518
395
375
411
353
277
260
297
264
276
358
407
366
315
329
294
200
134
71
-42
-130
-98
-35
-30
-38
-9
48
36
20
-18
-143
-301
-438
-463
-523
-616
-660
-643
-571
-534
-479
-431
-375
-358
-372
-391
-381
-371
-384
-385
-359
-310
-290
-306
-313
-272
-290
-358
-397
-384
-382
-441
-435
-314
-194
-149
-125
-47
25
-13
-77
-115
-174
-272
-379
-419
-388
-342
-283
-215
-111
46
156
232
300
389
441
404
404
461
490
449
452
518
542
498
508
529
501
442
444
466
441
446
494
512
477
472
507
465
353
325
327
272
183
210
280
279
238
271
330
300
233
207
191
96
-23
-80
-126
-138
-153
-163
-155
-126
-89
-103
-142
-152
-166
-236
-305
-334
-290
-286
-290
-262
-206
-170
-151
-94
-94
-155
-199
-193
-194
-225
-220
-175
-156
-153
-132
-89
-109
-206
-302
-355
-426
-509
-578
-612
-592
-532
-451
-387
-285
-144
-59
19
107
185
183
179
251
312
294
235
269
328
316
270
277
289
235
172
196
240
249
249
287
325
356
409
453
443
434
443
466
454
428
444
432
438
449
452
426
390
412
381
291
231
205
165
85
92
128
103
43
43
77
59
-4
-46
-103
-197
-261
-283
-302
-324
-293
-245
-208
-195
-119
-75
-115
-176
-164
-126
-182
-251
-257
-235
-268
-337
-353
-344
-422
-544
-610
-623
-681
-749
-789
-777
-743
-684
-565
-456
-365
-284
-206
-108
-20
33
54
76
113
118
105
100
117
109
36
10
37
38
-21
-63
-42
-18
-19
5
81
140
132
152
233
305
330
311
339
341
311
312
340
350
320
269
250
254
267
244
187
145
146
173
181
195
215
208
185
211
260
244
148
81
55
17
-20
-24
-1
6
11
62
129
172
186
191
173
140
131
122
47
-34
-60
-49
-49
-104
-137
-153
-230
-346
-431
-470
-550
-673
-760
-773
-742
-730
-697
-632
-550
-500
-435
-314
-215
-197
-228
-207
-147
-134
-182
-206
-186
-169
-206
-221
-183
-174
-220
-257
-213
-169
-191
-196
-147
-93
-70
-25
45
86
97
142
214
227
223
239
254
263
268
292
293
261
269
307
325
295
307
365
403
426
466
514
525
525
518
507
460
402
352
318
286
260
263
276
284
309
344
358
351
328
304
266
218
198
182
156
132
142
168
149
134
153
113
-13
-118
-146
-206
-336
-422
-405
-395
-432
-408
-290
-189
-188
-173
-89
-18
-50
-102
-93
-93
-127
-169
-154
-120
-152
-205
-211
-168
-173
-230
-259
-257
-283
-315
-301
-247
-237
-266
-228
-173
-143
-133
-92
-47
-75
-104
-71
-33
-50
-104
-100
-102
-145
-164
-134
-104
-126
-114
-37
75
158
196
264
323
343
354
362
363
306
251
241
282
312
309
312
337
388
404
406
406
394
347
282
275
306
288
250
276
364
418
418
433
466
418
297
222
211
121
-46
-131
-97
-78
-139
-125
-18
37
0
-5
74
90
0
-99
-108
-93
-141
-194
-208
-195
-219
-258
-259
-241
-269
-349
-390
-376
-387
-444
-473
-427
-401
-414
-405
-324
-282
-327
-326
-260
-232
-284
-318
-285
-278
-325
-341
-324
-318
-344
-315
-253
-226
-216
-157
-68
-13
9
46
99
122
116
98
92
79
60
46
97
166
185
166
218
305
310
271
256
284
229
136
132
189
180
136
174
271
325
304
311
344
300
194
113
77
15
-92
-146
-112
-79
-94
-71
26
107
108
111
166
192
129
52
54
65
21
-38
-28
16
0
-56
-74
-62
-96
-163
-217
-241
-276
-317
-342
-326
-302
-308
-307
-280
-240
-238
-235
-229
-236
-237
-254
-265
-284
-283
-268
-277
-286
-251
-192
-171
-173
-156
-109
-69
-42
-23
-13
-19
-18
-18
-24
-49
-67
-59
-60
-24
26
52
57
74
113
125
106
87
90
71
26
13
70
140
171
198
259
337
369
374
388
390
324
243
219
206
160
91
93
127
138
153
218
282
265
223
230
246
196
114
86
99
86
67
82
109
104
83
82
82
50
-1
-47
-85
-103
-120
-120
-129
-138
-129
-117
-108
-105
-109
-130
-172
-194
-194
-214
-232
-250
-240
-233
-246
-243
-222
-197
-189
-179
-146
-104
-67
-53
-45
-32
-21
-8
-8
-10
-23
-45
-40
-15
9
31
50
64
81
90
99
89
52
32
40
51
51
58
105
152
164
189
238
280
272
257
263
241
185
172
170
170
160
191
239
264
289
322
355
320
271
251
245
192
126
113
134
134
119
139
167
178
142
120
119
94
27
-35
-49
-62
-97
-116
-99
-67
-65
-67
-30
-12
-27
-59
-62
-61
-91
-131
-149
-142
-141
-160
-164
-161
-160
-157
-161
-149
-150
-165
-172
-166
-181
-209
-218
-228
-235
-245
-237
-232
-240
-247
-238
-223
-227
-223
-218
-227
-239
-246
-249
-245
-236
-234
-231
-211
-183
-150
-152
-144
-108
-83
-86
-89
-63
-44
-51
-38
6
42
58
87
136
178
190
201
219
219
196
163
164
165
157
146
171
216
242
250
257
287
286
256
232
228
222
179
147
157
178
180
171
177
196
188
174
171
151
112
64
46
33
-5
-36
-56
-61
-71
-80
-84
-85
-96
-113
-132
-154
-158
-168
-192
-212
-227
-234
-246
-249
-253
-265
-268
-262
-243
-245
-244
-239
-238
-224
-202
-175
-174
-190
-197
-186
-184
-202
-200
-182
-179
-198
-191
-155
-126
-136
-141
-118
-90
-79
-75
-46
-9
12
16
57
99
110
95
93
130
125
104
105
124
130
107
127
170
187
173
170
191
188
165
147
164
163
160
180
212
231
231
242
265
267
260
276
285
263
219
217
233
216
193
192
210
202
182
185
181
162
123
113
129
104
69
45
44
51
30
8
3
-3
-21
-44
-57
-54
-67
-86
-78
-65
-62
-75
-86
-93
-113
-153
-171
-182
-213
-246
-270
-272
-259
-269
-278
-264
-243
-246
-260
-243
-216
-209
-220
-196
-142
-116
-102
-72
-34
-7
-4
12
35
27
19
18
13
9
13
24
26
37
70
99
95
83
92
113
118
119
136
166
187
180
208
250
261
248
256
293
297
266
242
250
257
235
219
235
236
219
206
212
223
206
167
150
151
134
96
66
68
57
33
29
49
47
10
-6
-6
-1
-2
0
7
3
0
1
-1
-26
-51
-76
-107
-131
-143
-166
-191
-210
-214
-223
-236
-236
-232
-240
-255
-256
-254
-255
-252
-237
-218
-202
-183
-157
-127
-117
-106
-103
-116
-134
-142
-145
-164
-183
-180
-167
-172
-178
-165
-139
-140
-144
-123
-102
-106
-122
-102
-67
-60
-66
-43
-5
4
-4
28
65
71
53
60
103
127
132
145
186
218
224
238
252
265
249
228
233
234
210
181
175
163
154
146
143
143
136
120
117
127
128
127
130
148
156
155
153
140
121
93
77
65
38
24
4
-27
-33
-39
-57
-88
-103
-101
-116
-144
-162
-165
-179
-200
-195
-182
-181
-196
-203
-182
-173
-180
-194
-207
-210
-223
-231
-229
-232
-238
-242
-234
-211
-197
-184
-169
-165
-158
-152
-138
-126
-124
-118
-118
-111
-104
-92
-97
-99
-92
-71
-51
-50
-36
-7
31
59
77
113
148
169
185
200
209
209
209
209
217
218
206
199
193
183
184
171
157
146
142
122
102
106
123
129
127
132
145
149
134
134
138
137
111
102
106
99
93
89
96
90
68
66
80
60
33
14
14
0
-23
-35
-31
-30
-51
-62
-60
-60
-84
-99
-111
-116
-129
-154
-160
-155
-161
-172
-175
-176
-168
-170
-176
-160
-149
-154
-165
-170
-165
-163
-175
-182
-179
-172
-181
-186
-169
-158
-151
-146
-134
-113
-97
-85
-68
-37
-18
-10
10
26
38
49
58
76
93
113
123
121
116
123
126
120
120
120
131
130
131
148
165
180
178
182
208
225
223
218
226
237
232
226
230
227
225
209
202
201
181
167
153
142
126
106
97
97
92
73
63
71
74
57
37
24
6
-16
-42
-54
-63
-78
-100
-107
-104
-107
-107
-109
-111
-127
-155
-175
-190
-207
-232
-241
-245
-245
-246
-241
-230
-234
-229
-209
-189
-179
-177
-168
-154
-148
-137
-124
-110
-92
-71
-51
-34
-24
-23
-22
-13
-1
-4
2
7
12
7
10
21
25
29
34
40
44
52
65
83
88
107
123
144
156
162
181
195
202
202
208
205
196
190
177
169
154
141
135
138
132
121
109
101
115
110
103
119
99
81
105
76
93
58
112
20
49
55
21
27
8
175
42
-63
-17
16
-74
116
-77
-187
-49
-135
-81
-133
-252
-152
-125
-131
-77
-223
-215
-223
-169
-91
-85
-186
-219
-182
-160
-131
-172
-176
-159
-132
-101
-137
-161
-212
-252
-195
-156
-188
-205
-169
-137
-66
1
-29
-135
-165
-163
-107
-16
-3
7
37
67
80
77
96
125
92
78
92
128
158
147
149
148
138
156
208
204
170
152
136
135
131
145
162
157
173
185
176
189
192
168
136
127
102
90
82
71
79
94
97
67
36
33
49
32
15
-6
-39
-76
-108
-107
-110
-118
-112
-105
-101
-115
-130
-138
-141
-125
-122
-130
-123
-120
-127
-135
-146
-143
-147
-153
-159
-169
-183
-184
-190
-207
-206
-191
-188
-194
-199
-187
-168
-150
-146
-153
-147
-142
-122
-105
-96
-80
-51
-30
-28
-25
0
-2
-13
-10
8
15
9
12
28
54
72
86
95
94
94
109
123
139
140
143
150
162
167
168
177
194
205
199
205
205
193
180
185
205
220
222
225
226
206
198
200
180
168
149
139
128
99
77
61
61
66
60
62
69
58
53
36
30
28
12
2
0
-12
-27
-28
-42
-64
-69
-80
-93
-98
-121
-133
-140
-149
-146
-156
-161
-151
-148
-140
-141
-142
-128
-127
-125
-113
-106
-107
-103
-79
-48
-47
-50
-49
-35
-49
-65
-62
-56
-34
-21
-9
8
42
52
73
83
91
93
99
113
114
112
104
121
123
110
117
131
135
133
129
137
135
121
130
146
158
171
186
188
176
180
173
163
161
147
130
112
106
109
120
117
119
119
109
107
111
111
97
78
62
49
41
26
10
-4
-4
-13
-29
-32
-43
-65
-73
-92
-100
-105
-126
-126
-120
-128
-133
-129
-127
-141
-143
-140
-131
-141
-161
-155
-152
-157
-175
-160
-159
-176
-172
-185
-179
-184
-185
-171
-160
-143
-140
-121
-110
-100
-81
-82
-74
-79
-81
-85
-77
-82
-93
-91
-80
-75
-80
-68
-68
-58
-52
-45
-50
-41
-20
-10
3
25
21
27
34
46
64
60
60
70
74
67
70
72
82
79
91
92
97
108
108
102
92
90
77
70
56
50
41
31
26
18
15
9
6
-3
-18
-20
-45
-46
-47
-54
-58
-64
-64
-74
-80
-88
-98
-112
-116
-134
-132
-140
-161
-162
-176
-184
-179
-182
-184
-181
-183
-174
-181
-192
-193
-183
-175
-161
-158
-163
-149
-141
-139
-132
-117
-109
-98
-95
-92
-81
-87
-90
-80
-79
-75
-65
-59
-42
-31
-29
-12
12
15
21
36
57
73
94
113
130
132
140
146
151
167
162
171
185
189
196
200
212
226
221
226
225
227
218
202
203
192
182
182
188
180
176
172
172
172
170
164
158
167
174
170
173
179
180
159
152
146
136
127
107
95
86
78
62
56
53
38
30
22
23
17
2
-5
-15
-21
-31
-33
-34
-38
-43
-48
-46
-55
-80
-91
-93
-102
-111
-115
-115
-119
-125
-129
-119
-119
-120
-117
-114
-105
-107
-109
-103
-96
-83
-82
-82
-57
-41
-37
-21
-7
-2
4
11
27
25
25
46
68
77
77
84
99
103
99
103
116
124
112
110
114
116
106
109
126
135
137
135
135
132
127
109
114
117
115
110
110
106
91
84
83
83
75
72
64
60
57
47
42
34
26
16
7
1
-6
-28
-52
-62
-62
-69
-80
-88
-98
-105
-116
-135
-138
-144
-143
-141
-141
-147
-158
-171
-171
-133
-138
-149
-155
-143
-145
-93
-105
-128
-143
-185
-167
-144
-165
-151
-112
-123
-127
-143
-145
-137
-111
-113
-118
-133
-133
-132
-136
-137
-140
-142
-114
-94
-92
-81
-65
-55
-57
-47
-31
-6
12
30
30
36
36
29
29
45
46
31
30
35
44
42
48
54
67
79
83
86
87
82
77
76
87
96
80
75
72
66
70
75
90
99
82
65
54
36
11
-1
7
20
9
-9
-4
-1
-15
-26
-20
-21
-29
-32
-35
-45
-48
-63
-71
-61
-48
-43
-62
-82
-99
-100
-107
-108
-112
-108
-105
-112
-121
-135
-143
-126
-115
-137
-158
-153
-136
-121
-114
-107
-91
-70
-43
-18
-2
23
42
51
60
62
76
83
79
73
72
75
78
74
75
74
66
71
61
58
62
59
71
70
78
95
107
121
124
125
121
131
134
140
149
153
163
156
144
141
132
120
110
109
91
81
76
67
73
70
71
77
75
73
69
67
60
48
40
36
47
51
50
56
57
49
36
31
18
9
6
4
5
-1
-8
-18
-23
-27
-40
-50
-49
-45
-53
-61
-71
-79
-70
-65
-75
-72
-60
-51
-49
-53
-56
-64
-61
-54
-50
-46
-41
-37
-28
-21
-20
-25
-30
-35
-37
-29
-27
-32
-45
-44
-34
-21
-18
-6
10
18
25
45
67
79
84
91
103
107
104
109
119
115
110
106
114
121
122
122
133
134
124
128
133
132
127
121
128
132
122
117
112
108
104
97
110
106
101
78
58
46
30
14
-6
-12
-20
-30
-50
-59
-65
-67
-71
-69
-57
-64
-74
-83
-97
-114
-124
-132
-130
-133
-145
-144
-151
-151
-147
-143
-136
-125
-121
-109
-107
-108
-113
-121
-119
-119
-117
-121
-121
-129
-129
-129
-129
-122
-105
-90
-75
-52
-43
-32
-27
-28
-26
-29
-23
-21
-22
-24
-6
8
11
18
27
41
45
40
37
38
25
17
15
20
26
24
26
36
37
20
15
24
31
26
19
23
32
37
41
50
54
47
33
28
24
11
0
-13
-15
-15
-11
2
5
5
9
9
14
4
-5
-13
-22
-28
-45
-41
-37
-29
-24
-26
-25
-29
-40
-54
-58
-59
-55
-63
-76
-81
-75
-72
-68
-68
-83
-91
-97
-96
-101
-108
-93
-86
-88
-86
-67
-62
-66
-59
-55
-54
-57
-59
-54
-54
-59
-56
-47
-39
-37
-26
-11
-4
-10
-11
-3
2
5
9
22
39
47
56
72
67
67
73
74
84
84
89
91
90
107
110
116
129
127
114
100
96
82
64
57
60
56
52
63
67
77
76
73
74
82
71
61
63
55
47
31
29
18
7
0
6
8
-1
-1
-3
0
0
-9
-6
-2
-11
-21
-29
-33
-33
-47
-55
-53
-58
-64
-60
-60
-57
-39
-48
-44
-38
-34
-38
-43
-39
-45
-50
-50
-45
-56
-54
-44
-44
-38
-32
-26
-19
-17
-23
-28
-26
-13
-5
-1
1
3
9
17
34
53
72
89
88
92
98
94
88
93
105
108
99
94
94
99
101
107
117
133
147
157
163
163
161
150
143
137
136
140
143
139
129
139
132
128
133
130
131
135
118
119
117
92
93
89
78
76
56
47
36
25
12
-7
-3
-25
-62
-75
-60
-66
-74
-76
-72
-69
-91
-101
-103
-107
-121
-142
-149
-133
-138
-151
-137
-128
-134
-162
-160
-144
-152
-159
-155
-145
-131
-126
-122
-100
-84
-88
-92
-91
-87
-96
-106
-99
-90
-87
-76
-52
-24
-11
1
15
18
15
-4
-8
1
-4
-9
13
38
48
55
65
85
87
81
68
68
59
48
39
41
38
30
36
48
62
61
57
53
46
43
36
24
29
25
24
37
39
44
49
42
33
22
17
6
-1
-4
-8
-8
2
3
-13
-23
-32
-55
-72
-77
-84
-83
-82
-78
-69
-65
-60
-61
-65
-61
-66
-82
-95
-103
-118
-125
-114
-103
-91
-90
-89
-91
-88
-102
-113
-118
-132
-144
-153
-146
-139
-128
-126
-114
-113
-109
-95
-80
-74
-82
-83
-75
-68
-69
-64
-53
-52
-51
-41
-26
-11
-4
0
8
18
26
39
43
51
53
51
54
57
54
45
40
40
42
57
71
83
93
91
96
104
103
100
95
89
87
84
84
83
90
93
97
104
103
104
103
97
81
61
46
41
43
35
38
40
44
52
49
45
30
23
18
12
1
1
3
-3
-1
0
3
4
-2
-3
-9
-9
-12
-15
-19
-28
-22
-27
-26
-18
-15
-22
-30
-28
-23
-23
-30
-21
-14
-7
2
11
17
12
11
2
-6
-6
-7
2
14
19
25
37
38
40
44
51
57
47
44
42
41
43
42
55
76
84
88
100
107
115
110
112
111
109
113
119
133
134
138
143
143
145
136
131
134
128
116
110
110
116
113
107
113
112
105
105
109
106
96
82
76
77
71
73
76
81
79
68
60
49
34
15
0
-7
-7
-15
-17
-18
-16
-16
-26
-28
-39
-51
-63
-75
-86
-78
-85
-94
-98
-101
-93
-91
-87
-85
-90
-94
-103
-105
-100
-91
-87
-92
-92
-90
-89
-92
-93
-95
-97
-102
-95
-84
-72
-62
-57
-42
-25
-18
-19
-12
-15
-18
-28
-35
-25
-17
-15
-7
4
12
15
14
13
20
19
18
20
33
31
26
34
29
32
26
17
10
5
1
9
12
13
18
12
14
7
9
5
-2
-13
-32
-37
-42
-45
-47
-51
-55
-62
-72
-82
-93
-103
-109
-119
-130
-131
-138
-141
-140
-139
-137
-138
-135
-135
-139
-148
-146
-153
-152
-154
-154
-148
-143
-139
-140
-132
-125
-125
-125
-116
-107
-102
-104
-96
-83
-74
-72
-64
-58
-53
-44
-41
-37
-36
-30
-18
-11
-13
-15
-9
3
6
11
15
22
27
20
21
24
23
22
20
24
23
24
21
27
30
34
35
34
32
30
36
31
27
22
26
32
41
47
46
45
46
49
51
60
55
48
43
38
42
44
44
46
47
51
56
53
51
52
51
56
55
60
57
42
37
30
26
23
21
19
16
17
16
15
15
10
7
14
13
15
20
-1
-10
-16
-21
-23
-19
-15
-16
-11
-7
3
12
18
22
17
7
7
13
17
21
27
20
26
30
30
33
40
51
57
58
61
65
61
67
72
77
80
73
77
85
90
95
104
115
122
125
121
124
125
111
111
113
105
94
86
87
90
96
98
100
104
100
96
93
90
88
73
60
55
49
37
35
35
38
32
32
38
42
42
33
34
28
15
8
13
7
2
-1
1
-1
-1
-8
-10
-11
-23
-27
-25
-29
-35
-40
-41
-44
-41
-31
-28
-25
-21
-24
-29
-37
-45
-43
-42
-42
-38
-42
-41
-46
-56
-62
-70
-74
-73
-78
-84
-90
-83
-78
-73
-71
-75
-79
-85
-85
-83
-80
-83
-84
-84
-85
-77
-76
-71
-61
-59
-50
-43
-43
-38
-32
-32
-30
-20
-10
3
6
12
17
18
21
22
23
28
36
32
30
30
32
31
25
25
27
30
19
8
3
1
3
6
14
16
8
-4
-8
-9
-17
-25
-31
-47
-56
-65
-63
-63
-74
-79
-83
-85
-87
-98
-102
-100
-104
-103
-106
-104
-99
-106
-100
-95
-97
-102
-110
-106
-102
-101
-94
-93
-100
-102
-105
-101
-99
-95
-89
-89
-79
-74
-69
-55
-47
-48
-47
-45
-34
-31
-30
-25
-17
-11
-7
-11
-5
7
11
16
26
36
34
37
37
40
40
37
46
47
49
55
61
71
63
61
63
65
63
61
67
68
68
69
78
91
91
89
87
86
78
73
74
76
79
73
76
83
84
78
77
80
73
59
53
57
56
56
48
49
51
45
43
46
43
34
27
22
13
7
5
4
-1
-5
-12
-15
-18
-18
-13
-20
-14
-24
-32
-31
-32
-31
-38
-42
-37
-30
-29
-32
-32
-28
-25
-27
-22
-10
-3
8
17
20
25
21
23
30
31
40
50
60
63
63
63
66
70
68
65
66
62
59
62
65
62
63
66
71
75
78
82
77
76
71
69
68
66
72
68
63
67
67
65
61
56
51
52
55
41
41
36
33
43
33
29
20
17
9
8
7
11
12
5
8
6
1
1
4
9
12
5
4
-1
-3
0
-1
10
8
1
2
-2
-6
-7
-7
-7
-8
-9
-9
-13
-12
-12
-18
-17
-18
-21
-24
-29
-33
-42
-44
-42
-37
-34
-41
-46
-45
-43
-52
-59
-56
-51
-54
-52
-46
-37
-39
-36
-31
-20
-12
-14
-7
-8
-10
-8
-5
-8
-11
-11
-9
-5
0
11
22
28
36
36
34
36
28
29
33
37
36
31
30
30
26
15
21
24
19
12
2
6
8
3
0
-6
-9
-8
-11
-10
-18
-23
-36
-37
-44
-50
-44
-44
-50
-57
-60
-63
-59
-65
-66
-75
-76
-76
-82
-84
-83
-86
-89
-91
-90
-89
-86
-92
-92
-92
-96
-93
-89
-89
-87
-81
-74
-71
-70
-65
-63
-58
-55
-54
-48
-45
-54
-59
-58
-53
-52
-60
-60
-60
-57
-49
-47
-39
-36
-29
-23
-18
-14
-20
-7
2
6
7
7
8
0
1
9
13
21
29
31
41
42
47
43
44
48
60
61
60
57
42
46
42
41
42
39
35
36
30
30
31
26
26
26
23
15
10
11
7
-1
2
-6
-4
-1
-3
-12
-18
-20
-23
-22
-28
-34
-41
-34
-24
-21
-14
-19
-19
-17
-17
-22
-22
-28
-30
-32
-33
-26
-35
-43
-40
-35
-33
-30
-29
-19
-20
-24
-14
-10
-8
-4
-3
4
10
13
8
5
7
7
10
6
5
5
10
15
15
16
18
18
16
22
27
28
29
27
32
33
38
43
42
45
46
46
47
45
46
47
47
55
59
69
73
78
78
85
88
88
85
82
85
85
83
80
82
80
78
69
69
59
56
62
65
60
51
48
46
44
38
37
34
36
28
26
25
15
10
5
-4
-6
-7
-1
5
9
3
0
3
-10
-13
-17
-19
-22
-26
-26
-27
-23
-26
-23
-20
-18
-15
-13
-9
-6
-5
-7
-1
4
3
3
6
14
20
28
30
26
30
27
23
29
31
31
33
33
35
33
37
37
34
36
40
46
49
47
48
44
39
38
34
36
35
36
30
26
25
17
15
12
15
13
6
6
7
3
1
3
1
4
0
-3
-6
-8
-8
-10
-10
-12
-14
-16
-8
-9
-10
-15
-19
-23
-35
-38
-38
-44
-54
-51
-51
-52
-51
-56
-53
-53
-57
-55
-57
-63
-60
-60
-61
-61
-66
-74
-75
-74
-69
-68
-68
-69
-69
-68
-74
-76
-84
-85
-83
-79
-74
-72
-72
-71
-69
-72
-73
-64
-51
-45
-38
-34
-32
-33
-40
-33
-21
-23
-16
-17
-16
-18
-18
-14
-15
-8
-6
-3
-1
3
8
13
15
18
20
19
15
10
12
8
2
3
8
10
16
11
6
5
9
15
9
10
12
17
16
11
1
0
-6
-9
-6
-4
1
3
2
-3
-10
-17
-18
-21
-22
-21
-24
-27
-24
-29
-33
-30
-34
-41
-31
-30
-34
-39
-43
-47
-52
-45
-43
-43
-45
-39
-33
-37
-32
-27
-27
-18
-17
-16
-18
-24
-16
-12
-8
1
5
13
21
20
19
20
17
19
18
20
17
20
30
33
34
36
43
40
45
46
46
53
59
62
52
50
47
52
60
64
66
70
72
68
66
57
62
68
76
77
75
81
80
77
76
76
77
76
70
75
71
67
65
67
67
69
78
76
72
64
64
67
61
57
49
39
33
25
30
22
19
18
18
27
27
33
28
25
22
12
7
5
4
5
-2
-5
0
-3
-1
3
6
13
16
13
15
12
12
10
6
-3
-9
-10
-7
-15
-18
-16
-12
-13
-14
-9
-9
0
3
4
-4
-11
-9
-14
-13
-10
-7
4
6
6
9
17
20
18
15
14
17
18
21
17
20
29
31
36
36
43
40
36
43
43
52
60
62
69
65
67
60
61
59
57
50
46
47
40
39
39
34
34
36
31
33
33
27
19
12
8
-2
-8
-14
-16
-20
-27
-25
-28
-30
-30
-37
-42
-51
-60
-61
-62
-62
-68
-75
-81
-82
-94
-104
-104
-103
-105
-107
-109
-109
-104
-101
-101
-101
-101
-106
-109
-108
-111
-110
-103
-100
-100
-99
-101
-103
-107
-98
-91
-88
-81
-76
-67
-62
-56
-47
-37
-31
-28
-29
-24
-21
-29
-26
-24
-21
-17
-11
-6
-10
-7
-7
-5
-2
-1
2
1
2
0
1
-10
-14
-8
-11
-13
-19
-15
-12
-10
-8
-2
-10
-13
-8
-12
-6
-7
-9
-18
-18
-17
-21
-21
-25
-26
-22
-18
-21
-21
-22
-20
-20
-17
-15
-14
-20
-24
-23
-22
-22
-18
-13
-15
-10
-4
-6
-7
-5
2
8
1
4
6
5
6
-2
-5
-2
-5
-3
6
8
8
6
0
6
6
4
5
11
12
10
17
16
17
18
21
26
32
37
37
35
30
26
29
37
40
41
45
47
44
44
40
38
43
43
41
45
46
50
51
52
54
51
49
44
42
36
40
35
31
27
24
19
12
14
22
22
14
19
22
22
23
19
17
16
18
21
22
22
20
14
21
17
13
15
13
19
21
19
15
11
8
7
2
9
10
5
8
9
5
11
9
3
3
4
8
12
16
16
17
16
17
20
22
24
24
23
20
16
15
21
21
19
23
13
14
15
8
8
7
5
8
14
11
10
19
25
31
34
29
30
26
25
30
35
39
41
41
43
46
50
43
45
47
43
40
37
41
41
40
32
26
27
29
30
28
27
24
21
16
15
17
21
26
20
21
25
18
16
7
3
1
-1
1
-4
-11
-16
-23
-32
-37
-41
-43
-38
-38
-41
-41
-49
-53
-59
-60
-58
-62
-57
-57
-56
-52
-51
-53
-53
-55
-60
-61
-59
-61
-60
-56
-58
-58
-59
-60
-54
-53
-48
-48
-48
-39
-40
-42
-42
-39
-35
-35
-34
-27
-26
-28
-25
-27
-24
-26
-29
-25
-26
-19
-16
-21
-29
-32
-31
-36
-33
-34
-31
-32
-32
-30
-31
-26
-25
-21
-19
-17
-14
-8
-8
-5
-3
-3
4
6
7
10
5
1
3
4
4
7
11
11
6
5
3
7
5
4
-1
-5
-2
-4
-2
-5
-3
-3
-7
-3
0
5
9
8
9
3
1
-1
-7
-7
-14
-22
-24
-23
-24
-27
-27
-31
-27
-26
-24
-24
-30
-28
-30
-29
-31
-31
-25
-19
-15
-16
-21
-21
-18
-12
-7
-11
-14
-11
-9
-8
-4
-1
-5
-5
-6
-1
1
-6
-2
4
5
7
15
24
25
20
26
32
22
26
29
30
27
28
28
28
32
35
32
30
31
30
28
26
26
20
17
18
24
27
30
29
31
33
35
40
43
43
36
35
34
36
45
41
38
44
39
45
52
52
50
49
48
43
49
41
36
32
31
32
34
34
34
36
29
28
26
30
32
28
22
19
14
6
5
4
2
-3
0
1
6
8
10
14
13
12
12
7
5
9
8
3
7
13
20
22
28
31
28
32
37
45
49
50
46
55
47
47
53
54
63
61
61
58
58
59
57
60
57
49
46
38
32
30
28
26
29
31
28
27
24
28
17
11
16
5
0
-5
-19
-25
-25
-23
-20
-25
-32
-39
-42
-41
-41
-38
-38
-37
-39
-33
-35
-32
-33
-37
-40
-43
-32
-32
-35
-38
-35
-30
-30
-23
-20
-29
-33
-29
-27
-25
-28
-30
-31
-32
-31
-30
-32
-29
-30
-32
-35
-39
-40
-39
-38
-39
-40
-37
-39
-41
-33
-23
-22
-22
-24
-30
-31
-33
-35
-31
-37
-43
-41
-40
-31
-25
-24
-17
-11
-7
-11
-12
-14
-14
-16
-15
-7
-12
-12
-12
-10
-7
-12
-6
-2
-6
1
0
-2
-5
-10
-11
-11
-8
-8
-12
-14
-17
-18
-21
-19
-14
-15
-19
-20
-21
-26
-35
-38
-34
-31
-30
-34
-33
-36
-41
-43
-47
-45
-49
-47
-49
-53
-53
-56
-63
-63
-51
-53
-51
-48
-49
-47
-52
-56
-57
-52
-55
-51
-48
-46
-44
-48
-43
-46
-43
-43
-40
-33
-27
-16
-14
-14
-12
-9
-2
-2
1
1
4
8
7
4
-14
-19
-19
-16
-6
7
13
9
12
17
22
24
23
19
19
21
25
31
28
27
25
26
33
38
42
43
48
49
52
52
48
48
51
48
49
52
53
52
52
51
50
49
51
45
43
45
43
43
46
51
48
52
62
71
66
67
60
57
54
46
49
43
36
33
27
16
14
15
15
20
16
14
11
6
7
-3
-3
-7
-15
-11
-8
-8
-10
-7
-6
2
3
0
-8
-17
-11
-8
-9
-7
-4
-6
-11
-4
6
7
14
17
22
26
21
23
20
21
22
25
35
32
43
49
45
48
50
50
46
51
43
43
46
45
46
42
34
29
36
37
41
41
42
44
44
51
51
50
45
44
45
42
42
39
34
34
30
29
27
22
20
21
17
16
10
9
9
7
7
3
3
1
-5
-7
-12
-11
-16
-27
-23
-20
-25
-25
-30
-38
-39
-48
-48
-46
-55
-52
-48
-50
-51
-51
-52
-50
-48
-53
-52
-55
-53
-50
-51
-57
-62
-62
-65
-55
-49
-46
-41
-36
-34
-35
-33
-32
-24
-25
-17
-11
-13
-16
-18
-21
-20
-16
-19
-22
-23
-19
-17
-17
-15
-14
-7
-1
1
6
16
19
24
24
20
17
8
3
7
8
9
6
8
4
5
6
3
0
-4
-2
-9
-8
-12
-21
-21
-27
-28
-31
-39
-38
-42
-41
-41
-45
-47
-57
-62
-66
-68
-69
-74
-80
-85
-77
-76
-75
-83
-86
-80
-84
-82
-78
-78
-82
-83
-77
-79
-74
-73
-71
-58
-56
-51
-42
-39
-41
-38
-34
-30
-22
-24
-16
-13
-13
-13
-7
-3
-5
-8
-11
-6
1
11
16
17
18
24
27
32
35
34
35
35
39
45
43
44
47
54
55
54
61
64
69
65
67
66
65
64
61
56
52
52
49
52
53
58
55
54
56
58
64
61
68
66
54
48
35
33
30
30
34
30
25
24
20
18
23
23
21
18
17
16
11
7
4
6
9
10
16
19
20
24
18
25
30
22
27
30
32
27
27
31
37
36
28
27
28
33
38
35
29
24
20
17
17
17
25
25
27
36
29
25
17
15
14
10
9
1
-3
-5
-7
-7
-11
-8
-5
-5
-7
-8
-3
-12
-10
-16
-16
-16
-19
-12
-14
-8
-10
-4
2
7
6
3
5
12
20
21
24
21
16
18
27
38
47
41
37
38
39
43
44
38
36
36
39
46
52
57
56
55
54
59
55
52
52
47
42
35
35
35
42
42
33
35
32
32
27
21
14
6
-1
-12
-17
-17
-11
-8
-5
-5
0
-5
-8
-15
-27
-34
-37
-46
-43
-36
-37
-35
-34
-28
-25
-21
-19
-21
-19
-21
-27
-24
-21
-23
-21
-18
-17
-20
-23
-24
-23
-25
-13
-4
-6
3
10
14
17
13
6
2
5
5
-2
-4
-5
-8
-1
-2
-5
-9
-15
-14
-14
-23
-29
-26
-22
-21
-21
-24
-29
-33
-37
-37
-42
-49
-49
-55
-56
-63
-65
-60
-53
-42
-45
-45
-50
-57
-50
-47
-46
-51
-57
-54
-56
-52
-47
-49
-48
-50
-49
-51
-52
-63
-67
-64
-69
-68
-70
-69
-69
-64
-59
-56
-56
-56
-54
-56
-55
-60
-61
-60
-58
-56
-64
-59
-53
-45
-34
-30
-24
-22
-20
-12
-4
0
-1
1
-1
3
2
-1
1
5
8
14
21
29
38
34
36
40
45
48
52
58
63
67
72
74
68
61
60
57
50
49
45
48
50
55
59
65
64
63
59
47
45
36
21
15
12
7
3
2
1
-2
-4
-10
-11
-13
-16
-18
-28
-38
-40
-45
-47
-46
-47
-46
-43
-40
-41
-39
-37
-31
-39
-42
-39
-34
-36
-38
-25
-19
-11
-4
-2
-4
2
3
7
7
11
15
13
15
17
14
19
28
28
23
24
23
19
20
20
21
20
23
35
35
39
41
38
35
32
27
21
14
7
12
11
17
21
27
28
29
41
42
36
31
29
29
28
26
21
19
24
28
24
18
17
26
32
30
31
32
38
39
44
52
47
47
51
51
46
37
30
30
29
33
39
36
39
43
44
34
32
35
30
24
22
23
18
18
18
10
15
17
18
21
13
9
14
18
9
14
12
19
22
16
19
16
13
5
-3
-1
3
4
4
0
3
-2
1
4
3
7
10
14
6
5
1
-6
-11
-9
-8
-7
-11
-12
-9
-11
-8
-15
-17
-23
-19
-17
-20
-21
-20
-18
-17
-16
-20
-22
-18
-20
-21
-24
-26
-29
-27
-28
-29
-28
-23
-25
-28
-28
-23
-17
-18
-18
-23
-22
-20
-21
-16
-21
-25
-25
-24
-20
-22
-22
-25
-26
-23
-29
-30
-26
-25
-24
-13
-8
-12
-14
-17
-24
-32
-36
-42
-39
-36
-41
-37
-39
-43
-44
-40
-40
-42
-36
-39
-39
-38
-45
-47
-46
-41
-37
-38
-32
-37
-39
-43
-49
-50
-51
-49
-44
-37
-39
-39
-40
-33
-25
-21
-20
-20
-14
-13
-20
-28
-29
-32
-25
-20
-22
-12
-7
2
11
13
5
2
9
14
20
15
5
5
10
11
18
20
26
29
34
36
34
34
34
32
23
23
21
21
26
28
33
33
30
33
33
31
23
14
9
2
-1
-5
-8
-5
-14
-10
-5
-2
4
2
-2
-3
-6
-17
-17
-20
-25
-33
-37
-40
-34
-33
-31
-21
-19
-21
-17
-13
-8
-3
1
-6
-13
-16
-19
-23
-19
-12
-6
3
8
15
18
21
24
25
27
27
31
30
27
32
32
28
30
33
31
33
34
38
34
30
36
34
32
42
51
52
54
54
64
66
65
66
68
71
75
73
70
69
70
76
76
75
76
81
80
78
83
82
76
72
70
65
61
55
52
49
45
49
44
39
36
39
30
35
33
29
32
25
19
12
9
7
10
13
4
3
3
0
-2
-7
-4
-4
-2
-3
-6
2
4
3
0
6
12
16
11
9
11
8
4
3
2
1
0
-9
-3
3
-3
-2
-5
-6
-11
-10
-2
-1
5
6
4
8
8
9
11
11
1
-5
-4
-3
0
4
4
11
8
15
17
13
13
7
4
7
11
9
8
-3
-9
-12
-13
-15
-14
-13
-18
-16
-13
-18
-17
-12
-10
-2
-9
-11
-9
-12
-6
-6
-15
-19
-20
-18
-18
-25
-25
-23
-22
-16
-16
-13
-18
-15
-18
-30
-41
-43
-47
-54
-51
-61
-63
-69
-71
-65
-62
-64
-67
-69
-71
-65
-66
-69
-74
-71
-71
-77
-75
-77
-79
-84
-84
-82
-86
-76
-71
-64
-61
-58
-55
-62
-62
-64
-67
-66
-63
-59
-57
-44
-36
-29
-17
-23
-26
-28
-30
-29
-27
-26
-26
-22
-23
-25
-17
-9
-10
-2
-5
-8
-9
-15
-8
-9
-10
-14
-17
-10
-10
-5
-4
-6
-7
-6
-4
-6
-2
-4
-15
-14
-19
-18
-16
-18
-26
-30
-33
-38
-29
-30
-33
-38
-32
-24
-22
-13
-3
3
-4
-7
-16
-20
-20
-21
-22
-27
-30
-31
-23
-20
-13
-11
-1
0
-10
-13
-13
-18
-20
-22
-20
-14
-10
-8
-4
-7
-7
-1
1
7
8
15
16
12
16
17
26
37
36
39
41
46
52
48
48
51
51
53
58
56
59
58
60
61
58
63
65
68
73
82
83
77
79
76
76
79
75
80
83
85
88
88
87
86
79
82
78
70
72
70
69
72
71
64
62
61
52
54
50
44
44
37
38
35
29
34
34
40
40
41
41
27
23
20
18
10
9
12
5
5
10
6
8
8
7
9
12
12
7
16
25
28
26
20
19
19
22
25
29
32
33
29
34
36
34
42
42
42
38
36
31
32
33
29
24
16
16
20
18
14
3
-3
-10
-9
-6
-9
-15
-25
-31
-29
-29
-30
-33
-34
-33
-31
-35
-40
-45
-51
-56
-66
-67
-61
-55
-48
-46
-45
-43
-43
-44
-44
-41
-42
-35
-38
-39
-34
-28
-26
-24
-20
-14
-9
-13
-19
-16
-19
-30
-34
-36
-35
-35
-30
-22
-29
-35
-42
-41
-44
-53
-57
-62
-62
-64
-58
-52
-44
-45
-42
-37
-30
-26
-27
-23
-28
-33
-44
-46
-47
-44
-42
-43
-37
-40
-43
-43
-41
-44
-45
-40
-42
-49
-44
-42
-44
-39
-44
-39
-39
-39
-39
-36
-36
-42
-38
-37
-38
-37
-33
-27
-21
-18
-20
-23
-22
-23
-33
-39
-42
-31
-24
-23
-22
-29
-29
-24
-23
-17
-12
-13
-10
-7
-3
2
4
4
3
10
14
12
10
3
0
-3
-7
-6
-2
5
13
14
5
2
-4
-2
7
3
3
2
-1
2
-5
-9
-5
-8
-11
-12
-7
-4
-1
-6
-10
-9
-5
-8
-5
0
1
5
4
-2
-5
0
0
2
0
1
8
0
4
9
12
17
20
16
20
30
25
30
38
41
40
45
53
54
55
51
48
42
38
44
43
46
46
46
56
66
73
75
74
73
79
85
86
85
82
77
82
82
82
82
80
81
82
87
87
83
77
72
67
65
65
56
55
64
68
66
63
54
44
39
35
37
45
45
46
51
44
43
44
37
30
31
33
29
20
15
16
12
4
-1
1
1
8
10
7
5
3
0
-6
-4
0
2
3
3
4
11
13
15
19
21
16
13
13
14
17
13
11
9
14
20
20
27
25
22
31
38
34
24
27
25
22
23
17
12
17
18
22
25
24
20
21
27
28
24
25
17
13
14
15
11
1
-1
-12
-21
-20
-21
-17
-18
-22
-27
-28
-21
-22
-19
-26
-26
-32
-40
-41
-43
-45
-50
-51
-51
-45
-52
-59
-62
-58
-54
-53
-52
-57
-57
-55
-44
-39
-36
-34
-35
-36
-37
-35
-46
-46
-46
-43
-37
-38
-32
-32
-32
-26
-23
-23
-27
-32
-35
-37
-33
-30
-30
-29
-29
-36
-34
-32
-42
-42
-38
-29
-28
-28
-26
-25
-23
-28
-32
-28
-30
-30
-32
-38
-47
-47
-47
-45
-38
-42
-36
-36
-31
-25
-29
-27
-29
-33
-35
-40
-37
-37
-32
-28
-27
-25
-33
-39
-39
-35
-35
-33
-31
-26
-20
-17
-15
-19
-26
-28
-27
-26
-23
-23
-28
-34
-35
-34
-35
-24
-20
-17
-19
-24
-22
-28
-24
-28
-28
-27
-27
-26
-19
-7
-7
-11
-8
-4
3
7
5
2
-4
-6
-12
-15
-16
-12
-12
-8
-6
-5
5
-3
-7
-5
-9
-19
-22
-24
-32
-28
-34
-37
-38
-43
-40
-32
-30
-31
-24
-22
-24
-18
-15
-13
-21
-30
-24
-26
-26
-20
-24
-25
-23
-15
-9
-5
6
6
15
16
12
13
12
9
13
12
14
24
33
42
44
43
44
47
54
62
67
72
82
81
82
87
85
89
91
90
85
86
87
78
76
77
69
67
68
68
68
75
77
77
76
65
57
55
57
60
59
48
34
28
32
38
36
33
36
34
36
39
32
22
21
17
10
9
8
7
6
5
6
3
4
15
22
20
20
15
15
15
11
14
20
21
28
29
33
37
35
26
20
20
16
13
9
8
20
26
34
38
38
39
34
37
43
38
30
27
26
33
33
34
27
30
32
36
37
31
29
21
18
17
13
9
17
21
24
15
14
2
3
1
-14
-18
-28
-31
-30
-32
-37
-30
-26
-27
-30
-37
-35
-35
-35
-31
-29
-31
-35
-36
-34
-39
-43
-38
-37
-40
-41
-35
-33
-38
-37
-30
-29
-26
-19
-25
-38
-43
-35
-30
-30
-32
-36
-42
-35
-34
-35
-31
-28
-25
-22
-26
-29
-26
-27
-18
-16
-9
-7
-12
-7
-7
-14
-18
-12
-8
-10
-10
-13
-10
-14
-8
-7
-13
-22
-26
-27
-40
-38
-46
-47
-48
-55
-57
-58
-53
-53
-55
-57
-62
-59
-64
-63
-65
-67
-68
-70
-74
-70
-69
-71
-63
-70
-70
-71
-70
-70
-70
-69
-70
-72
-73
-65
-60
-55
-49
-45
-48
-45
-40
-37
-34
-33
-28
-19
-11
-8
-11
-14
-10
-10
-12
-8
5
9
12
11
13
15
19
20
19
29
32
31
25
16
12
14
13
17
18
16
10
15
18
14
12
12
12
14
8
9
6
9
7
6
3
-4
3
1
9
16
24
21
20
23
28
34
34
38
36
30
31
34
36
38
31
31
34
34
47
49
48
50
52
55
51
49
51
55
51
57
62
64
71
65
64
65
66
60
58
58
58
53
50
53
56
54
48
51
52
55
52
57
56
54
58
50
44
37
39
38
34
37
29
25
27
28
36
41
41
39
35
36
34
34
40
36
37
39
40
38
33
26
23
25
21
20
20
23
23
24
30
34
26
21
23
12
9
7
7
7
4
11
10
10
14
14
12
15
18
22
24
21
24
18
15
15
19
26
27
35
35
29
26
30
32
31
29
28
24
26
29
29
28
23
26
18
11
12
9
13
11
3
-6
-4
-6
-2
0
-6
-8
-16
-16
-22
-31
-35
-33
-33
-32
-36
-40
-37
-46
-44
-39
-42
-38
-43
-62
-61
-68
-69
-59
-60
-53
-52
-54
-53
-59
-58
-63
-64
-67
-65
-62
-60
-54
-53
-56
-71
-72
-70
-67
-59
-53
-54
-54
-44
-42
-37
-36
-30
-21
-24
-23
-22
-25
-31
-33
-27
-26
-25
-18
-10
2
8
8
8
4
4
1
-3
-2
-6
-3
5
2
4
10
15
15
8
1
-9
-20
-26
-24
-21
-17
-11
-10
-9
-16
-22
-30
-31
-28
-39
-44
-51
-50
-48
-40
-36
-31
-24
-24
-8
-12
-8
-12
-13
-10
-11
-15
-18
-12
-9
-1
-1
3
3
1
5
5
0
0
-4
-2
-1
-1
2
7
3
-4
-5
-3
-5
-5
-6
-11
-6
-15
-18
-23
-29
-29
-28
-23
-19
-17
-23
-17
-11
-12
-12
-17
-15
-11
-14
-10
-15
-18
-15
-15
-11
-10
-4
1
3
2
5
15
20
28
37
33
39
40
37
37
27
19
16
19
17
13
9
10
15
28
29
29
33
26
38
38
32
25
11
9
6
4
2
4
9
10
11
11
15
19
19
16
11
13
21
27
31
35
39
39
33
34
35
28
20
22
22
20
26
27
31
31
36
35
29
28
17
19
14
13
19
20
24
23
21
19
21
16
19
21
22
28
26
25
30
30
38
38
26
19
16
12
15
21
18
15
16
17
19
20
14
8
11
11
1
0
-4
2
6
-7
-3
-3
-8
-3
-6
-4
-13
-17
-19
-20
-12
-8
-14
-15
-14
-5
1
-1
3
-1
-1
0
2
5
-3
-12
-14
-18
-16
-8
0
6
1
4
2
-1
2
5
1
-5
-5
-3
1
-1
3
8
10
10
1
-9
-21
-20
-18
-25
-25
-19
-17
-24
-21
-13
-10
-11
-17
-20
-18
-21
-26
-26
-27
-30
-30
-26
-22
-11
-6
-8
-2
-6
-5
-5
-12
-10
-8
-4
0
-5
-8
-11
-14
-10
-18
-17
-16
-18
-14
-21
-17
-12
-10
-10
-16
-15
-13
-5
-10
-12
-15
-19
-21
-15
-13
-20
-18
-22
-19
-5
5
9
11
14
20
24
20
21
21
20
18
14
8
11
6
4
6
1
5
3
3
2
6
1
1
7
-2
-6
-4
-5
-3
-5
-5
-6
-12
-6
4
8
10
16
6
1
0
-6
-14
-8
-1
1
5
6
12
13
9
6
7
5
4
1
2
-15
-26
-33
-30
-24
-25
-22
-15
-9
-11
-9
-15
-15
-16
-14
-13
-10
-17
-29
-27
-33
-33
-35
-25
-24
-24
-19
-18
-17
-20
-16
-13
-8
-2
2
5
4
6
5
-3
-5
-7
-2
2
6
8
13
18
22
26
20
19
12
5
6
12
17
14
10
11
17
21
26
26
27
27
23
18
12
7
2
-3
0
4
5
7
10
14
9
3
-2
-7
-7
-1
2
-2
-12
-17
-20
-27
-27
-32
-32
-29
-24
-17
-12
-10
-13
-9
-17
-25
-26
-25
-19
-18
-22
-27
-22
-25
-24
-15
-4
0
1
9
4
7
6
-3
-11
-11
-4
7
9
13
12
7
4
-1
7
11
8
10
20
26
25
22
26
30
39
38
38
35
26
26
27
32
30
37
38
42
44
40
43
31
31
34
32
31
26
29
31
28
28
29
28
25
23
14
11
13
15
12
7
10
6
6
17
20
29
33
33
39
29
29
33
30
33
33
36
43
48
41
39
41
44
52
54
51
44
47
44
46
46
43
48
48
44
41
43
44
40
34
28
24
17
18
19
23
26
16
15
7
0
0
0
2
-4
-10
-10
-3
-1
0
2
-3
-7
-8
-13
-12
-8
-6
-5
-10
-11
-14
-8
-6
-10
-10
-15
-24
-22
-17
-20
-13
-15
-15
-14
-9
-5
-3
-4
-12
-17
-19
-21
-23
-24
-22
-23
-20
-21
-21
-18
-14
-15
-19
-13
-15
-22
-21
-22
-22
-24
-25
-26
-22
-16
-17
-22
-23
-20
-21
-19
-25
-26
-28
-25
-23
-24
-30
-28
-30
-25
-24
-27
-26
-35
-36
-39
-46
-49
-44
-34
-31
-35
-32
-40
-41
-36
-40
-40
-39
-46
-45
-41
-35
-33
-25
-25
-35
-28
-36
-37
-40
-42
-43
-48
-49
-54
-48
-47
-44
-40
-40
-38
-47
-47
-49
-54
-49
-61
-69
-75
-76
-73
-76
-68
-69
-60
-60
-56
-59
-63
-50
-45
-47
-50
-45
-47
-55
-57
-53
-53
-53
-56
-49
-40
-31
-28
-22
-12
-10
-3
-2
-6
-1
-3
-4
-2
-8
-13
-13
-3
-5
-5
-3
-1
6
16
24
25
32
25
20
18
16
17
17
13
14
14
13
9
6
1
2
-2
-4
1
-3
5
12
10
11
15
17
13
12
17
24
25
15
7
6
10
11
8
8
11
18
15
17
21
27
35
37
49
55
51
46
40
39
45
45
46
50
55
59
69
68
65
66
71
82
83
85
90
97
96
101
102
101
104
106
110
114
107
101
96
88
94
93
92
85
91
91
83
83
70
61
52
50
52
48
46
38
39
37
26
21
24
24
22
32
30
30
31
20
20
23
25
24
27
29
23
21
18
18
21
22
24
27
25
26
30
31
23
23
15
20
28
27
20
11
16
17
24
26
20
18
9
4
6
8
6
1
1
0
-2
0
3
7
6
0
-4
-15
-19
-19
-21
-26
-29
-27
-26
-17
-18
-19
-20
-23
-27
-30
-32
-38
-36
-32
-33
-30
-33
-33
-24
-26
-36
-45
-42
-55
-59
-59
-60
-57
-57
-59
-60
-58
-54
-48
-49
-45
-47
-48
-52
-54
-56
-62
-62
-65
-60
-56
-56
-61
-64
-57
-54
-47
-52
-51
-51
-59
-62
-58
-54
-56
-53
-58
-53
-52
-45
-39
-43
-42
-40
-41
-44
-42
-37
-32
-29
-35
-41
-48
-51
-42
-40
-42
-43
-40
-38
-30
-31
-30
-27
-28
-28
-34
-41
-44
-47
-41
-36
-42
-49
-56
-49
-36
-28
-27
-25
-27
-28
-28
-31
-32
-34
-36
-24
-19
-20
-21
-27
-25
-28
-31
-32
-27
-19
-13
-3
-2
4
1
-5
0
-2
2
0
1
3
-2
4
4
8
16
13
13
19
20
19
16
19
29
37
41
44
43
46
45
44
51
45
48
48
48
41
36
44
41
42
37
37
35
31
31
24
26
22
26
28
29
26
20
15
7
8
4
8
15
21
21
22
14
5
-1
2
8
8
7
9
10
10
13
18
21
18
14
8
15
17
21
25
23
27
29
36
42
49
46
50
53
51
54
48
46
43
42
42
40
44
46
50
47
43
45
47
56
66
65
67
66
63
62
61
65
65
59
55
53
52
49
44
47
49
48
54
54
50
50
48
54
54
51
54
51
55
53
48
40
33
34
35
39
46
44
44
41
35
33
29
24
27
24
16
14
7
3
-2
-4
-2
-3
-6
-6
-12
-13
-16
-17
-15
-15
-13
-19
-20
-18
-16
-7
-7
-7
1
-4
-7
-14
-20
-26
-25
-25
-30
-30
-35
-34
-37
-39
-42
-44
-51
-45
-43
-51
-54
-56
-55
-58
-61
-62
-62
-62
-56
-54
-59
-64
-62
-55
-49
-49
-42
-38
-40
-37
-32
-30
-31
-33
-37
-32
-29
-37
-37
-34
-37
-41
-46
-47
-43
-34
-30
-26
-29
-29
-28
-24
-23
-21
-23
-25
-22
-22
-17
-24
-28
-30
-32
-28
-31
-31
-25
-24
-25
-22
-17
-17
-7
-3
-7
-10
-13
-13
-9
0
-6
-7
-13
-12
0
0
3
1
4
-8
-12
-6
-3
1
3
4
2
2
0
3
-6
-8
-9
-11
-6
-8
-14
-16
-21
-25
-29
-32
-32
-35
-33
-35
-39
-40
-36
-34
-31
-34
-41
-42
-52
-53
-54
-55
-51
-51
-53
-50
-49
-46
-34
-32
-23
-19
-25
-24
-29
-27
-30
-22
-22
-24
-19
-19
-11
-6
-8
-8
-3
-1
3
2
4
6
8
13
23
32
36
36
38
42
41
41
39
39
42
47
49
51
56
56
56
55
50
44
45
38
35
37
35
36
29
32
34
30
28
22
16
13
12
18
22
22
10
4
-4
-7
2
-4
-7
-8
-6
-3
-2
2
3
0
-4
6
8
10
10
11
11
10
11
9
16
18
23
22
21
15
12
10
8
13
18
25
32
36
34
36
44
47
43
40
41
41
44
43
34
32
28
24
26
21
21
23
30
29
22
27
24
20
22
14
12
11
9
10
1
0
8
4
2
0
-8
-8
-3
3
3
0
-1
3
5
10
5
-2
0
4
5
3
-1
-8
-6
2
6
4
9
12
21
24
19
18
10
9
0
3
6
2
-2
-3
3
13
19
20
18
10
9
11
11
9
0
-4
3
6
3
9
8
5
8
17
18
13
14
17
17
19
19
10
9
3
10
17
15
12
13
12
12
7
-2
-3
-8
-1
-4
-14
-14
-17
-18
-14
-18
-24
-25
-28
-31
-39
-43
-38
-37
-35
-40
-38
-35
-35
-38
-45
-45
-51
-52
-48
-42
-36
-41
-44
-46
-47
-44
-42
-39
-37
-37
-37
-42
-42
-45
-47
-50
-54
-50
-51
-41
-31
-31
-25
-14
-15
-11
-13
-16
-11
-12
-17
-17
-17
-16
-12
-11
-13
-16
-12
-6
-7
-8
-4
-4
-4
2
8
10
9
3
4
7
8
8
8
6
9
17
16
14
11
11
8
5
0
1
-1
0
5
4
4
5
10
13
10
3
-3
-10
-13
-17
-14
-17
-23
-17
-20
-12
-10
-13
-22
-28
-26
-29
-30
-24
-18
-13
-9
-12
-13
-12
-5
-5
-6
-11
-6
-9
-10
-8
-6
6
12
15
19
23
27
25
18
19
25
22
25
25
29
40
37
38
28
28
29
17
21
21
19
22
17
16
12
15
16
13
19
28
21
19
15
15
17
17
17
17
20
19
12
7
11
5
1
0
-3
-9
-7
-8
-5
-6
-9
-3
-4
-1
-1
-2
0
9
14
11
12
17
23
19
25
20
23
25
31
32
29
34
30
26
28
31
33
32
30
35
32
33
35
41
44
42
39
34
35
34
36
33
27
26
26
24
22
18
19
19
15
20
18
18
23
26
25
15
10
7
7
15
13
12
0
-7
-1
1
0
1
4
10
21
28
24
30
29
33
32
27
25
18
18
23
26
24
29
28
28
34
32
36
36
36
31
23
21
20
16
13
12
8
13
10
11
12
9
4
0
0
-2
-1
-6
-9
-10
-8
-7
-6
-10
-13
-13
-15
-8
-11
-20
-24
-22
-16
-12
-22
-21
-22
-22
-19
-20
-11
-13
-1
4
4
3
-6
-4
-6
-15
-18
-6
-14
-16
-13
-18
-16
-9
-2
-9
-5
-7
-7
-4
-5
-3
-4
-6
-7
-16
-13
-10
-13
-19
-18
-18
-21
-24
-31
-33
-37
-35
-34
-30
-30
-32
-42
-49
-52
-51
-49
-58
-62
-64
-56
-58
-64
-68
-61
-55
-54
-56
-61
-64
-68
-63
-69
-63
-59
-60
-55
-56
-47
-42
-32
-31
-28
-30
-30
-27
-26
-26
-23
-15
-16
-14
-10
-10
-7
-11
-17
-9
-13
-12
-4
-1
-2
-2
-4
-11
-15
-20
-14
-15
-13
-17
-16
-16
-21
-16
-17
-15
-17
-29
-32
-36
-41
-37
-41
-44
-42
-37
-32
-42
-39
-35
-28
-19
-19
-12
-18
-20
-23
-21
-20
-20
-15
-16
-7
-6
-3
-3
9
19
19
24
30
27
26
28
31
34
36
37
37
41
40
40
41
36
31
30
23
23
25
29
24
22
20
18
18
18
27
28
27
23
24
22
19
22
13
12
2
-4
0
2
3
6
14
12
8
3
11
15
22
33
23
34
35
33
30
24
25
23
21
18
23
31
32
32
32
30
35
30
36
42
38
39
38
34
31
34
34
33
22
21
21
16
17
23
27
24
24
24
28
29
26
31
32
32
34
35
42
39
31
33
36
38
41
40
39
33
29
25
28
30
28
29
29
29
29
32
29
25
24
28
25
30
30
24
27
25
21
21
26
24
26
22
19
24
20
27
20
20
17
17
20
15
16
9
4
3
2
0
-3
-9
-10
-14
-16
-13
-11
-12
-11
-15
-21
-9
-14
-15
-19
-23
-20
-29
-24
-23
-30
-34
-32
-34
-37
-37
-38
-38
-39
-37
-35
-30
-25
-25
-22
-22
-25
-24
-30
-34
-34
-35
-37
-33
-31
-29
-32
-34
-29
-25
-30
-32
-39
-39
-39
-41
-34
-36
-35
-37
-36
-30
-26
-28
-24
-31
-37
-34
-35
-38
-38
-37
-42
-42
-41
-38
-39
-34
-24
-25
-27
-32
-35
-33
-37
-34
-30
-31
-30
-32
-33
-30
-23
-25
-25
-23
-27
-17
-10
-12
-17
-15
-14
-7
-3
-4
-3
-10
-16
-22
-23
-24
-23
-17
-13
-16
-17
-18
-17
-7
-3
-1
4
2
-2
-1
-4
-1
0
-2
1
-3
5
9
4
2
1
3
9
6
4
7
13
12
12
10
1
6
6
0
2
0
7
9
14
17
15
14
9
12
13
14
15
12
10
15
27
32
26
25
21
18
11
14
13
8
13
14
13
14
15
15
14
8
6
10
12
16
23
22
19
13
13
12
11
13
15
21
21
14
16
20
22
24
23
15
18
16
18
20
25
26
16
12
13
16
21
27
28
31
33
37
42
37
42
48
46
42
44
50
52
54
53
48
40
40
37
38
44
45
46
44
46
44
44
53
55
50
46
35
35
34
29
28
27
29
31
28
24
29
22
9
5
-2
-11
-17
-16
-10
-9
-9
-3
1
1
2
-1
0
-4
-7
3
9
4
3
-2
-6
-4
-3
1
6
10
4
-3
0
1
4
5
6
5
0
6
15
22
17
18
17
19
22
17
15
6
12
13
15
16
15
15
8
6
11
12
9
8
4
-4
-9
-14
-16
-21
-24
-25
-29
-29
-32
-35
-37
-43
-45
-58
-60
-62
-63
-56
-54
-52
-56
-55
-59
-58
-59
-58
-58
-54
-50
-52
-53
-48
-43
-41
-40
-37
-29
-27
-20
-15
-8
-5
-1
-1
6
14
15
18
28
39
42
42
45
39
48
43
48
52
47
52
50
51
51
49
44
39
31
24
23
25
26
29
26
21
10
4
3
-3
-9
-14
-15
-19
-23
-31
-38
-44
-45
-48
-46
-47
-49
-53
-59
-58
-66
-74
-73
-73
-64
-60
-64
-70
-66
-63
-66
-66
-68
-72
-71
-71
-71
-60
-57
-53
-47
-44
-41
-39
-41
-46
-41
-35
-39
-31
-25
-12
-4
-2
4
2
3
3
-2
-12
-4
-1
4
2
-2
-5
-10
-5
2
7
3
1
-2
-5
-10
-8
-5
-8
-9
-10
-14
-9
-7
-14
-15
-19
-16
-19
-18
-23
-21
-18
-21
-15
-12
-8
-5
-1
-3
0
3
11
13
11
15
15
15
17
17
22
27
21
21
17
15
20
24
28
28
35
37
44
44
39
44
41
40
47
46
47
40
34
29
24
24
14
25
32
30
31
22
24
26
24
17
18
18
17
17
18
20
12
13
14
15
18
16
13
12
13
11
9
-5
-9
-5
-5
-1
4
10
14
11
7
2
4
9
7
8
1
-5
-4
-2
1
-1
-2
5
-1
-3
-6
-10
-11
-19
-14
-18
-26
-28
-31
-30
-22
-19
-15
-11
-11
-7
-15
-12
-7
-6
-5
-8
-12
-16
-11
-10
-5
-2
-5
2
2
2
4
0
6
14
20
23
23
19
17
19
14
14
19
21
32
30
32
34
38
40
42
51
58
58
55
48
43
43
34
29
34
28
22
19
28
36
33
32
32
31
27
23
15
13
11
7
5
9
6
1
2
1
0
-8
-15
-16
-20
-20
-27
-20
-19
-21
-24
-29
-24
-28
-29
-26
-27
-28
-24
-26
-33
-28
-29
-24
-12
-8
-6
-5
-3
-1
8
8
4
15
17
21
26
24
25
26
32
30
31
39
42
40
34
33
34
29
27
25
19
18
18
17
17
16
13
16
15
15
12
4
-1
-6
-14
-24
-41
-51
-52
-54
-54
-55
-59
-58
-57
-59
-55
-55
-53
-60
-60
-63
-67
-71
-72
-80
-80
-81
-84
-83
-80
-76
-74
-63
-62
-55
-48
-51
-49
-39
-40
-29
-23
-28
-25
-23
-23
-15
-16
-10
-4
-1
8
14
17
10
5
8
15
8
12
19
19
18
22
31
29
29
35
28
31
28
24
29
29
38
36
30
24
19
23
14
12
10
1
-6
-10
-8
-9
-7
-5
-1
6
4
-2
-12
-18
-16
-13
-15
-23
-24
-27
-27
-27
-24
-25
-25
-18
-14
-1
-3
-8
-5
-1
1
-3
-3
-5
-2
3
2
4
7
8
11
11
7
9
12
9
15
11
14
18
16
16
21
19
11
19
26
22
22
23
23
33
34
34
41
41
37
37
33
28
26
30
30
34
33
29
27
29
29
23
23
21
22
21
15
8
7
9
11
10
15
8
2
4
4
4
8
15
11
12
13
16
11
8
6
3
0
3
4
7
12
13
13
7
8
1
5
8
8
11
3
-4
0
1
-2
0
1
0
-1
0
3
7
2
7
3
-5
-1
1
4
7
9
11
18
15
15
18
17
28
37
38
38
38
40
50
56
49
51
49
48
48
49
49
51
51
50
47
46
46
40
34
34
26
16
21
15
8
0
0
1
-3
-7
-14
-7
-2
-11
-12
-15
-22
-22
-20
-16
-24
-27
-26
-30
-28
-18
-14
-18
-13
-18
-20
-14
-11
-11
-7
-7
-8
-5
-3
-9
-10
-3
0
1
-1
-2
-3
5
9
12
17
17
20
16
10
7
2
5
5
0
-4
-11
-14
-16
-19
-27
-30
-37
-40
-34
-32
-36
-37
-45
-44
-45
-49
-54
-56
-57
-60
-58
-63
-62
-64
-65
-61
-59
-63
-63
-55
-52
-48
-47
-53
-53
-46
-43
-38
-40
-41
-39
-40
-29
-22
-18
-21
-17
-12
-13
-8
-5
-2
-1
2
5
9
8
10
9
7
15
18
16
16
13
11
6
4
8
9
9
9
9
2
-4
-2
-8
-10
-17
-20
-20
-26
-35
-41
-42
-39
-30
-32
-31
-29
-28
-28
-28
-30
-36
-34
-33
-29
-28
-25
-27
-26
-22
-19
-17
-20
-20
-18
-21
-21
-16
-18
-18
-17
-20
-11
0
2
2
2
4
0
-1
-7
-8
-1
0
4
7
7
6
7
5
5
6
7
17
13
13
11
2
1
7
9
7
9
10
14
17
18
19
12
8
11
12
17
20
20
20
15
15
14
21
29
30
37
38
37
38
39
38
45
44
51
59
59
61
62
59
53
45
44
40
38
42
47
46
39
35
34
40
38
36
35
30
29
29
24
15
11
11
10
10
11
13
20
27
24
23
21
19
23
31
38
42
41
39
35
31
36
31
27
28
32
32
31
32
34
35
31
29
31
34
31
31
27
24
20
16
13
15
14
12
14
15
15
13
11
12
11
4
-2
-7
-3
0
-5
-6
-10
-13
-13
-8
-14
-12
-9
-12
-20
-32
-31
-30
-25
-28
-30
-28
-28
-23
-19
-25
-30
-31
-34
-27
-24
-19
-15
-19
-14
-9
-5
-3
-1
1
4
7
6
3
6
10
7
10
7
14
17
12
19
21
18
21
10
1
-1
1
4
1
0
-6
-8
-11
-13
-9
-11
-13
-18
-21
-24
-28
-30
-36
-38
-37
-42
-43
-48
-52
-52
-48
-49
-48
-44
-46
-44
-45
-43
-51
-49
-42
-40
-38
-39
-35
-37
-38
-34
-32
-30
-28
-20
-13
-11
-10
-12
-11
-12
-5
-3
-8
-4
-4
-10
-5
1
-1
-5
-4
0
-1
1
-4
-13
-19
-25
-22
-26
-27
-33
-22
-19
-18
-17
-22
-24
-31
-35
-39
-41
-45
-50
-50
-52
-52
-52
-57
-58
-54
-56
-54
-52
-48
-49
-51
-48
-50
-47
-42
-35
-28
-20
-9
-8
-12
-17
-16
-18
-20
-10
-3
-2
1
1
2
5
12
16
18
24
28
25
28
24
25
30
31
36
35
39
42
51
60
57
58
53
57
58
61
54
45
49
46
40
40
43
45
45
49
51
61
60
57
57
55
55
52
47
45
44
43
46
36
40
39
36
35
32
29
33
33
34
36
30
26
22
22
25
23
24
21
29
26
16
14
16
17
14
13
5
4
6
9
1
0
0
-5
-5
1
2
0
3
6
7
5
1
1
7
5
6
7
0
-4
-1
7
15
14
6
6
8
10
10
11
11
10
11
16
18
20
25
25
24
32
29
28
40
41
38
41
41
31
30
30
34
35
42
36
36
35
35
40
37
40
36
41
36
34
30
22
23
21
14
7
10
11
14
17
13
10
7
8
19
18
18
21
19
22
12
7
10
10
13
14
13
12
11
6
7
9
8
9
5
2
-2
1
-4
-3
4
-5
-10
-11
-14
-10
-12
-9
-12
-17
-16
-19
-16
-12
-12
-14
-16
-21
-14
-16
-10
-15
-24
-30
-32
-29
-29
-20
-20
-20
-14
-14
-20
-20
-16
-23
-22
-26
-28
-29
-30
-25
-25
-27
-27
-29
-29
-23
-23
-30
-38
-45
-49
-51
-52
-50
-56
-55
-56
-57
-51
-55
-61
-60
-56
-54
-63
-67
-61
-58
-53
-50
-50
-46
-48
-50
-48
-41
-35
-39
-35
-37
-33
-30
-28
-28
-24
-24
-25
-23
-26
-19
-26
-24
-25
-26
-22
-28
-34
-37
-33
-30
-23
-20
-19
-18
-17
-16
-14
-9
-7
-12
-16
-18
-24
-24
-25
-30
-20
-20
-20
-16
-24
-25
-24
-27
-22
-25
-28
-20
-19
-14
-20
-25
-28
-33
-34
-29
-28
-24
-17
-11
-6
0
4
-2
-4
-6
-6
-6
-5
-5
-8
-4
-1
-2
2
-1
4
19
25
32
31
27
27
33
27
33
28
23
23
21
30
30
34
40
44
46
42
38
32
29
25
21
23
25
24
23
18
12
10
8
11
10
11
13
9
10
7
6
1
-4
-6
-4
1
5
14
14
20
21
26
28
29
31
33
37
39
37
25
22
23
29
32
37
42
46
46
46
48
55
52
47
49
51
59
55
50
48
39
29
28
23
14
18
15
13
18
12
7
8
2
-5
2
6
5
6
1
0
-2
0
-3
-6
-8
-11
-7
-7
-4
2
2
3
11
6
11
17
16
20
19
16
14
16
17
19
21
25
28
32
36
31
28
30
34
34
34
34
30
33
33
27
19
20
21
21
23
24
23
18
16
18
22
26
28
26
27
22
21
17
11
10
4
-3
-3
-3
-1
2
0
7
5
5
8
7
-2
-3
0
1
-2
-7
-12
-17
-16
-12
-10
-17
-19
-21
-17
-20
-25
-24
-30
-31
-35
-34
-34
-40
-42
-40
-41
-41
-43
-44
-40
-44
-48
-52
-49
-42
-43
-39
-33
-35
-35
-35
-39
-40
-37
-37
-38
-38
-34
-31
-32
-32
-37
-35
-38
-42
-39
-41
-41
-46
-51
-44
-44
-45
-47
-47
-42
-43
-38
-40
-39
-36
-35
-35
-41
-44
-44
-38
-41
-37
-45
-48
-46
-48
-45
-45
-44
-44
-38
-32
-33
-27
-27
-32
-32
-36
-35
-35
-37
-39
-35
-30
-21
-22
-23
-17
-17
-15
-20
-21
-19
-20
-17
-21
-20
-23
-24
-23
-28
-24
-21
-16
-13
-8
-7
0
3
9
18
21
24
18
24
30
26
28
27
21
26
24
20
27
33
38
39
29
25
23
23
25
31
35
36
34
33
35
26
25
27
25
32
38
38
33
28
25
26
27
31
27
23
29
28
26
25
20
16
11
7
6
7
0
0
4
8
9
14
18
21
21
13
6
1
-1
-2
-11
-17
-20
-19
-15
-4
-1
-5
-4
-4
4
3
1
3
8
9
9
13
13
21
22
32
41
39
37
38
39
39
41
42
38
39
38
38
39
39
45
46
44
41
44
41
38
40
35
35
34
27
33
30
27
27
28
31
31
35
33
33
29
27
30
25
16
10
13
16
18
18
24
34
35
34
34
36
39
37
33
35
31
30
37
37
39
39
36
28
29
26
30
29
21
17
21
29
31
36
37
36
40
39
42
46
44
48
50
40
37
27
17
19
14
14
5
1
-2
-3
-3
-7
-9
-7
-12
-14
-12
-17
-22
-24
-37
-37
-39
-38
-39
-46
-45
-44
-48
-50
-46
-46
-46
-47
-44
-51
-46
-40
-37
-36
-46
-51
-49
-44
-40
-28
-21
-25
-26
-30
-31
-24
-19
-18
-18
-20
-13
-14
-23
-26
-25
-26
-32
-32
-35
-34
-34
-27
-28
-34
-32
-29
-34
-29
-24
-25
-27
-30
-33
-38
-31
-35
-42
-44
-37
-36
-35
-36
-30
-23
-23
-20
-19
-15
-11
-5
-10
-10
-6
-9
-9
-9
-11
-11
-13
-9
-10
-7
-9
-7
-4
2
3
3
2
-5
-10
-12
-14
-18
-18
-19
-20
-28
-34
-33
-34
-38
-46
-49
-48
-40
-37
-35
-32
-39
-36
-37
-37
-40
-43
-40
-39
-38
-42
-38
-29
-19
-22
-21
-22
-24
-20
-20
-15
-13
-7
-8
-6
-4
-4
-3
-1
2
7
14
13
20
22
16
16
21
18
18
22
22
21
30
22
16
16
14
20
16
16
8
-2
-2
-3
-7
-11
-15
-20
-18
-20
-30
-27
-33
-35
-29
-25
-24
-19
-16
-14
-6
-3
-1
6
3
2
11
10
14
19
22
24
18
15
17
21
20
26
28
30
37
44
47
46
48
46
52
53
56
59
52
53
52
51
53
61
59
55
60
64
64
62
56
51
51
54
53
53
56
55
56
51
45
39
40
39
37
38
34
28
21
14
16
15
7
3
4
7
13
12
4
-1
-4
-5
-5
-2
-6
-2
1
-1
0
-3
-8
-10
-8
-6
-3
2
0
-3
-1
-4
0
-4
-2
1
0
-1
-2
-7
-8
-10
-10
-13
-14
-14
-13
-6
-2
-4
-7
-7
-10
-6
-5
-5
-1
-5
-4
-2
-1
4
4
8
11
17
20
16
16
18
20
21
18
27
22
25
24
20
16
12
16
15
20
20
27
29
33
36
27
22
19
21
20
14
8
7
1
-4
-5
-13
-20
-23
-26
-22
-21
-19
-16
-15
-18
-17
-21
-23
-20
-23
-21
-26
-32
-38
-35
-37
-37
-33
-37
-34
-40
-41
-38
-35
-27
-25
-22
-23
-25
-25
-32
-34
-30
-35
-38
-30
-29
-25
-20
-21
-15
-11
-12
-14
-15
-16
-11
-6
-15
-18
-22
-24
-20
-13
-12
-14
-7
-10
-12
-10
-16
-17
-23
-21
-25
-24
-26
-30
-28
-37
-30
-32
-35
-36
-43
-39
-44
-50
-42
-42
-44
-37
-36
-31
-33
-39
-42
-44
-43
-42
-43
-50
-44
-40
-33
-30
-36
-26
-22
-19
-17
-16
-18
-19
-17
-22
-21
-16
-16
-14
-13
-4
6
11
16
19
19
22
19
19
19
17
17
12
16
13
10
21
26
33
40
46
49
52
51
51
47
41
44
47
47
46
52
62
60
51
54
54
59
59
55
54
56
57
54
49
39
37
38
33
29
32
34
30
29
25
19
23
24
24
16
15
16
13
12
6
8
8
8
4
1
-5
-10
-11
-17
-15
-13
-12
-13
-9
-11
-9
-10
-8
-4
-7
-10
-10
-7
-5
-6
-4
-4
-4
-3
2
4
2
-1
-3
2
4
2
7
14
12
13
20
21
22
23
22
22
20
26
27
33
39
39
45
43
40
44
39
40
46
42
48
47
42
38
36
41
37
34
33
31
33
35
29
27
17
15
21
19
26
26
25
20
12
12
5
3
9
6
5
3
4
7
5
9
2
-4
-1
-4
2
3
9
3
2
10
19
23
26
21
15
18
15
17
11
9
11
12
19
22
23
21
21
22
26
29
33
29
25
23
26
23
16
18
16
18
20
15
12
15
13
8
5
3
4
4
5
-4
-7
-14
-24
-28
-35
-37
-38
-32
-35
-40
-42
-42
-44
-39
-38
-40
-40
-43
-45
-49
-50
-59
-59
-57
-59
-53
-52
-52
-56
-57
-52
-49
-51
-46
-46
-49
-54
-54
-49
-46
-43
-45
-36
-36
-33
-29
-31
-27
-22
-23
-27
-25
-26
-20
-24
-27
-29
-24
-15
-23
-18
-12
-17
-22
-22
-19
-9
-6
-5
-9
-8
-12
-8
-8
-14
-5
-5
-3
-14
-18
-14
-11
-6
-1
-5
-16
-15
-25
-27
-19
-17
-9
-9
-11
-8
-2
-6
-6
-7
-20
-20
-29
-27
-30
-43
-43
-42
-36
-40
-36
-39
-38
-36
-39
-36
-39
-43
-39
-41
-39
-34
-27
-29
-29
-21
-16
-10
-5
0
-4
-9
-5
4
10
10
6
2
5
9
12
14
14
17
19
21
19
17
12
14
17
16
18
20
16
11
12
9
5
1
-2
-5
-8
-6
-13
-20
-19
-21
-25
-26
-27
-15
-12
-11
-8
-15
-16
-16
-18
-18
-15
-17
-19
-24
-18
-21
-24
-24
-27
-20
-19
-15
-8
-11
-9
-8
-10
-12
-16
-10
-6
0
8
17
20
25
27
28
21
19
21
18
23
24
35
35
35
37
42
40
39
48
52
56
55
49
49
51
52
53
52
58
56
55
61
56
57
56
58
56
60
62
61
65
64
56
45
40
35
37
44
44
44
49
42
40
35
33
40
34
40
43
41
38
32
35
29
35
32
29
30
29
33
30
31
30
29
29
23
22
21
19
18
12
7
8
10
13
11
6
11
7
12
24
21
18
13
4
6
3
1
3
-2
0
5
7
1
6
4
5
-6
-7
-8
-12
-6
-6
-2
-1
-1
-7
-4
-1
-7
-15
-13
-12
-14
-14
-11
-11
-10
-4
-4
4
-7
-10
-10
-12
-10
-13
-10
-12
-12
-9
-14
-11
-6
-9
-5
-2
-5
-3
-10
-17
-25
-29
-30
-29
-32
-37
-39
-42
-40
-45
-44
-47
-45
-48
-50
-47
-47
-43
-44
-40
-45
-48
-45
-42
-39
-37
-33
-29
-34
-31
-32
-29
-27
-23
-18
-22
-22
-25
-20
-17
-10
-6
-9
-7
-1
-2
-13
-16
-15
-13
-7
-12
-18
-22
-13
0
1
7
9
5
2
-6
-12
-7
-12
-11
-9
-7
-6
-1
-2
-9
-5
-6
-5
-6
-8
-10
-13
-20
-28
-32
-39
-33
-34
-37
-24
-23
-17
-17
-26
-24
-28
-32
-36
-32
-32
-43
-42
-46
-51
-52
-54
-50
-43
-35
-30
-26
-22
-20
-21
-20
-20
-18
-18
-10
-9
-6
-5
-9
-10
-17
-19
-18
-13
-20
-18
-14
-15
-12
-10
-8
-5
2
1
1
-1
-3
-4
-6
-3
8
9
8
9
7
6
9
5
5
2
10
20
23
32
28
33
34
38
39
34
33
35
37
38
36
32
28
21
12
10
11
4
13
22
23
27
25
25
26
29
33
31
28
22
18
15
10
11
9
14
18
22
33
38
43
44
45
44
47
52
50
53
52
54
52
44
39
38
36
43
47
51
51
51
45
38
35
30
29
31
30
30
31
30
27
17
11
14
23
20
25
32
34
36
34
31
28
25
24
26
31
40
41
39
36
36
37
32
33
29
30
28
22
26
16
20
14
10
14
15
16
13
7
6
14
15
18
18
16
16
18
14
5
0
1
8
6
9
14
12
7
10
15
20
23
25
24
27
31
30
30
27
27
30
27
23
24
22
23
19
21
20
13
13
9
6
5
0
-2
-6
-8
-12
-20
-17
-20
-16
-11
-12
-14
-16
-18
-17
-13
-17
-20
-16
-22
-27
-21
-25
-26
-22
-23
-19
-26
-26
-20
-18
-25
-26
-31
-42
-39
-42
-40
-40
-45
-47
-42
-38
-43
-38
-39
-45
-53
-62
-60
-61
-62
-67
-68
-65
-60
-56
-57
-61
-61
-62
-62
-55
-59
-61
-58
-54
-54
-44
-41
-42
-37
-38
-42
-43
-39
-41
-38
-41
-51
-50
-44
-36
-42
-41
-39
-32
-29
-38
-39
-38
-40
-37
-34
-34
-33
-36
-36
-35
-33
-33
-28
-21
-21
-24
-26
-20
-20
-28
-26
-23
-27
-27
-25
-19
-22
-24
-20
-20
-25
-23
-26
-22
-24
-23
-25
-29
-31
-27
-17
-19
-16
-18
-19
-21
-26
-28
-29
-27
-23
-18
-16
-9
-2
-2
0
-2
-4
-7
-4
-5
0
5
3
5
15
17
17
21
27
34
35
38
34
30
29
24
24
23
29
30
31
38
41
42
41
41
42
36
36
34
31
32
32
36
36
33
24
19
14
22
20
20
18
10
8
2
5
8
11
4
0
2
5
3
6
4
1
6
5
11
10
10
12
8
13
15
20
25
26
32
34
39
34
34
32
34
43
44
40
38
40
47
50
43
42
45
43
47
55
54
58
64
72
77
75
82
88
90
95
92
85
81
77
75
80
80
83
91
84
82
86
80
77
75
71
66
67
66
59
53
47
48
43
39
41
40
36
41
33
26
24
9
4
-5
-15
-11
-13
-18
-20
-22
-27
-27
-34
-37
-42
-48
-47
-46
-37
-39
-38
-33
-39
-34
-35
-31
-31
-37
-36
-34
-37
-43
-46
-45
-34
-33
-33
-23
-22
-21
-16
-15
-13
-9
-3
-2
2
-6
-5
-6
-7
-4
-8
-5
-5
0
-5
-6
-7
-9
-10
-11
-18
-17
-18
-27
-19
-26
-29
-34
-37
-40
-49
-41
-41
-40
-37
-42
-47
-53
-54
-49
-44
-42
-37
-38
-38
-43
-42
-45
-60
-56
-56
-58
-53
-49
-46
-45
-45
-49
-51
-49
-46
-46
-42
-47
-58
-59
-60
-62
-51
-47
-45
-43
-44
-37
-39
-42
-43
-40
-36
-36
-35
-38
-33
-27
-29
-27
-26
-28
-20
-16
-20
-16
-10
-8
-8
-3
-3
-12
-8
-3
-5
-3
4
3
0
3
-3
-1
-2
-8
-7
-13
-15
-15
-14
-16
-10
-8
-11
-14
-12
-11
-11
-13
-16
-17
-17
-18
-27
-27
-29
-26
-23
-27
-24
-25
-25
-29
-30
-28
-29
-26
-24
-27
-18
-14
-16
-8
-6
-5
-4
-8
0
2
2
1
0
-3
3
7
15
21
13
17
23
28
29
41
41
42
57
54
56
54
51
58
59
68
71
68
73
73
72
77
76
74
74
66
63
63
53
52
48
47
44
36
33
26
30
28
24
19
22
23
18
21
16
8
3
2
3
6
-1
0
2
-1
1
1
0
8
12
19
23
27
33
34
37
34
38
41
48
51
54
60
62
65
68
63
57
57
53
54
52
54
52
54
56
53
53
47
45
47
48
50
48
45
39
31
37
39
42
45
45
48
51
49
41
34
31
30
25
28
27
22
18
20
23
22
23
26
25
27
25
17
18
11
2
-2
-1
-5
-6
-7
-9
-7
-3
-3
-9
-10
-16
-11
-15
-23
-18
-23
-29
-28
-26
-24
-23
-24
-23
-21
-20
-19
-24
-27
-32
-33
-25
-21
-13
-15
-16
-16
-16
-15
-19
-17
-17
-18
-19
-15
-15
-12
-13
-11
-12
-11
-5
2
-3
-6
-7
-11
-11
-13
-15
-10
-4
-3
1
4
0
-1
-3
-1
-2
-7
-8
-6
-11
-11
-13
-17
-15
-16
-17
-21
-23
-29
-32
-37
-51
-56
-62
-65
-64
-66
-68
-73
-77
-78
-77
-73
-75
-74
-76
-80
-85
-89
-93
-94
-98
-91
-89
-86
-77
-78
-75
-70
-75
-76
-73
-78
-74
-74
-72
-69
-65
-60
-58
-57
-52
-54
-49
-41
-37
-20
-13
-4
-1
-1
4
9
6
8
17
20
22
29
26
28
26
26
36
40
42
43
42
39
45
40
39
35
27
32
30
24
19
16
14
8
8
2
2
3
-6
-5
-7
-12
-12
-24
-30
-34
-35
-34
-39
-37
-45
-44
-41
-41
-49
-53
-50
-51
-54
-54
-49
-52
-50
-47
-45
-45
-36
-35
-33
-34
-38
-34
-34
-32
-33
-32
-26
-25
-21
-16
-11
-10
-8
-7
-1
2
3
9
19
15
22
25
23
31
28
44
46
52
66
64
75
75
77
83
84
84
89
88
90
92
94
98
97
95
88
90
97
96
90
82
77
74
75
67
62
59
56
64
63
61
54
40
35
31
32
33
33
29
29
34
34
34
26
25
31
27
30
26
20
16
16
23
26
27
33
41
43
42
40
41
38
33
37
42
40
48
60
66
70
72
71
70
65
63
57
59
65
64
66
67
60
58
59
65
69
63
66
58
43
37
28
19
9
0
-4
1
2
-4
-9
-13
-14
-19
-30
-41
-50
-54
-66
-69
-76
-80
-89
-84
-76
-75
-71
-68
-73
-71
-71
-72
-74
-73
-65
-56
-50
-47
-45
-43
-33
-35
-33
-26
-20
-14
-12
-14
-13
-12
-9
-7
-6
1
4
12
21
23
23
21
16
22
22
16
12
12
19
24
24
26
26
18
17
12
8
1
-7
-9
-16
-23
-29
-30
-28
-29
-23
-23
-28
-34
-44
-44
-56
-59
-68
-76
-69
-73
-72
-76
-73
-71
-74
-71
-69
-78
-79
-83
-93
-94
-94
-95
-92
-86
-84
-72
-73
-76
-76
-71
-73
-72
-68
-65
-61
-60
-52
-52
-46
-42
-40
-38
-34
-25
-24
-25
-29
-28
-25
-17
-12
-7
0
10
11
16
16
12
18
21
18
25
25
16
16
22
22
28
40
41
39
37
44
43
37
32
22
17
8
5
1
-3
-6
-6
5
-1
2
-1
-4
-4
-4
1
-4
-4
-14
-19
-19
-17
-23
-27
-27
-19
-15
-15
-10
-16
-21
-23
-21
-18
-12
-10
-10
-17
-15
-16
-15
-11
-2
2
3
13
11
7
7
11
14
21
23
26
27
30
32
28
34
38
36
37
40
41
46
47
46
47
54
52
48
53
46
51
57
49
50
46
45
48
47
46
45
43
43
46
47
39
35
37
33
30
26
24
19
16
20
24
14
16
17
14
16
11
5
7
5
3
7
8
11
12
21
21
26
27
23
30
29
24
25
28
27
27
24
23
30
38
42
47
49
52
53
44
47
40
32
32
32
38
39
45
42
46
52
49
48
51
50
54
50
46
47
40
38
37
44
43
44
44
33
38
39
40
39
35
28
25
29
24
22
17
14
12
7
4
-1
-5
-6
-5
-8
-16
-18
-25
-26
-28
-33
-34
-39
-38
-35
-38
-38
-35
-40
-39
-41
-40
-41
-47
-47
-47
-46
-43
-35
-41
-38
-37
-34
-36
-44
-39
-34
-31
-31
-31
-29
-34
-37
-38
-38
-36
-35
-33
-27
-26
-26
-23
-19
-18
-16
-18
-20
-19
-17
-14
-21
-27
-27
-28
-28
-25
-30
-27
-23
-22
-23
-28
-30
-32
-33
-26
-25
-27
-25
-26
-23
-22
-17
-12
-12
-11
-13
-9
-13
-21
-13
-15
-15
-10
-5
0
3
8
8
4
-1
0
4
0
4
9
5
4
4
6
5
6
15
14
17
28
35
26
27
25
18
16
11
5
10
11
6
10
5
6
1
-5
-4
-13
-12
-14
-17
-14
-11
-12
-17
-17
-23
-26
-26
-22
-21
-33
-31
-32
-33
-38
-44
-40
-44
-40
-36
-40
-33
-37
-35
-34
-35
-32
-30
-31
-35
-32
-32
-37
-35
-32
-32
-24
-29
-28
-26
-23
-19
-18
-22
-19
-18
-20
-23
-28
-30
-31
-29
-24
-26
-28
-28
-29
-26
-23
-21
-23
-20
-18
-13
-5
-2
0
-4
2
-3
-3
-7
-14
-13
-10
-5
-9
-3
3
9
11
15
18
17
17
25
30
25
32
28
28
32
32
37
38
40
42
42
41
33
38
37
43
48
41
49
43
40
38
33
36
37
35
38
36
37
38
28
22
21
28
27
21
18
12
13
11
11
7
3
4
-1
-2
-6
0
3
6
11
5
5
3
3
3
6
7
6
7
6
4
3
6
7
12
9
12
13
10
12
8
13
14
23
33
32
34
38
39
45
48
42
40
38
34
36
38
32
33
31
31
37
37
36
37
32
30
27
21
16
8
14
10
14
13
13
14
5
5
1
1
-3
-6
-1
-2
2
0
0
8
7
7
10
4
-2
-1
-5
-4
-11
-11
2
-1
7
13
16
12
9
6
7
10
13
14
11
9
9
8
10
15
13
19
15
14
11
6
15
7
9
14
5
5
-2
-1
-6
-6
1
-4
1
-8
-14
-10
-15
-17
-13
-14
-13
-10
-13
-13
-18
-21
-23
-21
-21
-15
-21
-15
-18
-16
-8
-18
-19
-24
-22
-22
-26
-22
-18
-17
-9
-11
-11
-10
-20
-26
-26
-32
-38
-35
-28
-31
-28
-27
-31
-27
-30
-26
-23
-23
-25
-33
-37
-37
-42
-40
-43
-31
-32
-30
-26
-30
-29
-29
-23
-26
-27
-33
-29
-29
-26
-27
-27
-28
-32
-29
-28
-31
-25
-31
-25
-23
-19
-24
-35
-36
-36
-30
-30
-27
-25
-24
-27
-28
-29
-29
-25
-22
-22
-20
-14
-18
-23
-19
-20
-17
-14
-14
-20
-29
-31
-32
-27
-31
-29
-27
-29
-25
-27
-24
-23
-18
-16
-20
-23
-35
-33
-30
-35
-33
-29
-22
-20
-19
-24
-28
-19
-22
-18
-14
-15
-13
-16
-14
-17
-11
-5
-1
3
0
8
7
11
11
17
25
24
23
22
24
21
25
27
32
40
38
42
39
42
44
35
38
34
37
38
37
43
44
44
44
48
53
53
57
62
65
70
70
67
59
55
55
59
61
63
64
67
64
65
66
70
70
68
62
56
46
44
42
38
33
30
34
32
37
38
41
40
37
32
28
22
22
23
25
21
23
27
22
21
25
32
34
42
36
29
26
29
20
27
31
35
43
39
44
45
43
44
48
50
55
54
57
64
61
55
51
49
52
53
52
49
45
49
48
48
50
48
46
42
47
44
35
35
28
28
21
15
11
12
12
10
16
12
16
21
24
26
16
11
0
-4
-4
-8
-11
-13
-17
-19
-20
-15
-20
-25
-26
-33
-39
-50
-52
-53
-52
-47
-47
-49
-49
-51
-55
-51
-51
-50
-45
-45
-48
-54
-54
-57
-56
-49
-41
-34
-34
-30
-33
-32
-26
-30
-33
-37
-37
-39
-38
-48
-47
-45
-41
-33
-31
-31
-27
-25
-30
-31
-41
-42
-46
-49
-50
-50
-42
-37
-29
-29
-29
-27
-31
-32
-32
-25
-25
-31
-27
-34
-37
-38
-41
-36
-32
-24
-19
-20
-25
-23
-32
-35
-35
-36
-37
-39
-43
-41
-40
-47
-48
-52
-48
-54
-55
-54
-61
-61
-63
-69
-65
-65
-59
-58
-64
-61
-67
-68
-66
-65
-65
-65
-68
-54
-54
-53
-46
-47
-46
-41
-30
-33
-28
-24
-28
-25
-26
-29
-32
-30
-25
-16
-6
0
7
16
24
29
21
26
28
22
29
24
15
9
3
6
11
19
23
26
26
27
20
9
11
1
-4
-6
-12
-14
-17
-20
-22
-20
-23
-25
-21
-24
-33
-38
-45
-50
-48
-49
-44
-43
-42
-41
-37
-28
-22
-16
-8
-1
-1
-9
-4
1
3
12
16
22
28
32
37
48
56
64
69
78
76
76
79
77
77
82
88
88
94
96
92
93
92
90
91
96
102
106
103
98
99
92
91
88
85
85
79
78
71
61
57
52
53
56
58
59
54
62
61
57
49
46
42
35
30
30
28
28
37
33
23
18
11
2
4
2
4
3
-1
-5
-5
-12
-11
-6
-5
1
-1
-4
1
-1
-4
-11
-11
3
10
19
17
15
17
16
21
25
24
23
26
23
24
20
20
22
26
28
24
29
32
39
35
30
27
34
28
28
32
27
21
12
13
7
4
6
3
6
4
-2
-4
-2
5
2
1
0
-2
-5
-9
-7
-5
-7
-10
-11
-15
-16
-13
-20
-23
-21
-23
-24
-20
-14
-19
-20
-23
-26
-25
-29
-35
-40
-48
-51
-49
-45
-42
-39
-40
-45
-49
-53
-60
-60
-59
-57
-53
-52
-46
-48
-50
-48
-38
-36
-40
-40
-38
-33
-35
-22
-17
-16
-15
-24
-24
-18
-19
-20
-10
-7
-5
2
-1
-11
-12
-15
-17
-6
-11
-13
-14
-22
-25
-29
-30
-24
-27
-33
-31
-41
-46
-47
-58
-64
-66
-69
-68
-72
-71
-78
-77
-75
-77
-72
-70
-68
-67
-70
-70
-70
-67
-59
-59
-57
-59
-65
-66
-61
-58
-49
-47
-43
-42
-39
-35
-29
-21
-14
-14
-15
-8
-10
-14
-15
-11
-10
-1
6
2
8
15
17
23
22
26
30
30
36
39
42
44
46
54
54
56
56
56
57
52
54
50
56
49
53
53
49
54
50
51
49
49
43
42
38
28
20
17
20
17
19
19
15
16
12
15
15
10
6
-1
0
-4
-5
-9
-3
2
4
6
6
12
18
15
11
14
12
17
16
21
11
10
7
1
7
5
5
0
3
9
15
21
20
20
23
17
21
18
18
14
10
15
13
17
13
11
16
18
20
26
26
31
32
36
39
32
33
34
35
37
35
36
45
49
54
54
50
50
50
51
45
42
39
39
33
36
34
35
34
30
29
25
20
18
19
15
18
15
16
13
17
17
17
18
6
10
16
19
23
24
22
32
36
38
39
41
46
41
40
39
42
37
36
38
35
36
36
35
31
33
42
35
31
37
29
27
19
22
30
32
33
32
26
27
25
20
17
13
7
5
8
4
6
6
4
5
5
5
7
4
7
1
2
-2
-10
-8
-16
-17
-17
-18
-22
-23
-32
-36
-42
-47
-48
-50
-51
-61
-61
-67
-73
-75
-74
-75
-78
-77
-74
-76
-83
-76
-80
-86
-78
-71
-72
-68
-67
-66
-59
-52
-47
-48
-51
-46
-48
-49
-46
-39
-40
-38
-25
-28
-24
-17
-6
-2
11
15
15
8
12
15
10
15
19
23
18
24
23
23
27
21
21
15
13
18
15
11
11
11
13
12
6
7
8
5
-2
-6
-8
-16
-21
-30
-29
-34
-39
-39
-44
-42
-37
-41
-49
-54
-60
-66
-66
-62
-68
-63
-61
-68
-68
-71
-72
-70
-70
-69
-69
-66
-63
-60
-55
-54
-53
-47
-38
-30
-28
-30
-30
-36
-32
-25
-24
-14
-14
-9
-9
-9
-7
-9
-12
-7
-4
-1
4
7
14
20
17
17
12
10
6
13
15
11
18
16
23
17
8
4
3
6
4
7
6
6
5
4
6
8
9
15
17
20
17
4
-3
-6
-7
-12
-12
-11
-10
-3
-4
0
-2
-5
0
6
5
12
17
20
27
24
20
23
23
17
26
35
36
36
35
36
40
32
33
35
35
41
41
43
42
45
42
37
41
43
41
41
38
38
33
32
27
22
26
25
32
32
31
26
24
25
20
24
25
27
28
30
29
24
31
25
27
26
28
33
28
20
15
21
24
20
19
20
15
13
14
16
19
15
11
7
4
7
9
20
18
14
13
9
4
1
5
3
13
19
19
17
21
14
13
13
9
17
15
21
18
22
23
20
18
16
24
26
25
22
24
29
32
37
41
35
39
45
43
51
43
39
39
37
34
30
26
24
25
25
27
27
27
20
20
19
22
21
18
11
11
11
12
12
6
3
2
8
6
6
7
2
5
-2
-6
-5
-13
-20
-25
-33
-34
-39
-42
-36
-29
-23
-32
-35
-36
-44
-45
-44
-44
-50
-57
-66
-69
-73
-73
-72
-72
-71
-61
-60
-60
-59
-60
-59
-66
-65
-65
-66
-70
-75
-72
-76
-66
-60
-62
-51
-43
-36
-34
-37
-41
-42
-46
-54
-50
-47
-46
-42
-47
-44
-38
-29
-28
-28
-27
-27
-13
-15
-16
-14
-15
-11
-9
-13
-13
-3
-3
-2
1
0
2
-2
-8
-4
-5
-8
0
-5
-7
0
-7
-3
-3
-9
-14
-21
-21
-26
-24
-23
-33
-27
-23
-19
-13
-16
-9
-12
-18
-24
-19
-28
-27
-20
-22
-14
-10
-8
-7
-8
-7
-2
-3
-2
-2
5
10
13
14
17
17
14
15
14
24
27
29
28
28
28
29
28
36
42
48
53
55
52
49
50
50
49
48
54
53
53
47
39
40
36
35
38
33
24
24
18
14
9
3
-2
-8
-7
-6
-6
5
10
9
5
1
-5
-4
-7
-2
2
0
2
2
2
0
-2
-6
-3
6
16
13
14
14
10
14
16
18
26
27
31
29
30
32
37
29
25
32
28
44
46
52
46
48
50
53
59
57
59
47
45
42
49
46
50
45
44
53
50
50
48
49
50
51
53
53
50
50
51
53
57
58
55
47
45
48
41
43
42
40
42
37
37
40
37
38
37
37
31
27
23
17
17
11
5
3
9
5
-1
1
-6
-10
-15
-16
-14
-10
-4
-4
-6
-8
-5
-11
-14
-12
-11
-16
-21
-22
-25
-28
-26
-23
-20
-16
-12
-12
-10
-14
-24
-26
-32
-31
-28
-28
-27
-24
-21
-18
-17
-16
-14
-11
-8
-6
-8
-12
-10
-17
-20
-21
-26
-21
-20
-23
-22
-23
-11
-13
-17
-13
-19
-21
-25
-25
-31
-37
-35
-49
-52
-57
-60
-55
-54
-49
-51
-57
-63
-65
-68
-70
-66
-65
-64
-66
-68
-69
-69
-64
-60
-58
-51
-46
-45
-48
-57
-54
-44
-34
-24
-19
-21
-15
-8
-5
-5
-6
-6
-6
-11
-5
-8
-11
-11
-1
4
8
13
19
23
19
20
10
10
8
10
9
10
9
6
7
8
3
4
1
-5
-2
-4
-6
-6
-8
-13
-22
-31
-34
-35
-30
-30
-35
-34
-37
-35
-41
-47
-49
-60
-56
-53
-54
-53
-53
-52
-51
-53
-54
-54
-49
-40
-42
-41
-44
-41
-39
-36
-31
-40
-31
-23
-27
-20
-20
-15
-10
-10
-7
-5
-6
-3
0
6
16
14
13
10
6
1
5
6
6
11
11
12
8
7
9
13
12
14
17
7
5
4
11
10
11
19
15
18
20
19
20
22
21
33
31
23
27
28
27
34
34
32
31
37
44
45
46
41
48
42
43
44
49
51
46
45
44
52
43
44
41
38
37
32
37
35
32
27
32
26
26
36
34
29
26
29
33
32
28
21
14
11
13
16
17
22
26
25
21
15
13
3
10
18
19
24
27
24
24
22
21
30
30
28
22
19
24
27
22
26
25
26
28
32
37
37
44
45
52
50
47
47
45
47
47
41
39
42
43
47
44
43
35
32
24
20
19
7
8
-1
-6
-4
-3
1
-5
-4
-12
-11
-18
-22
-27
-35
-29
-39
-36
-34
-37
-38
-36
-36
-30
-31
-32
-31
-34
-28
-23
-15
-13
-13
-12
-12
-11
-9
-3
1
5
7
4
6
5
1
4
-5
-3
-3
-10
-5
-5
-6
-1
-1
-4
-1
0
-1
-1
-10
-11
-12
-7
-5
0
-4
-5
-4
-5
-2
-2
-9
-9
-13
-20
-21
-27
-19
-16
-15
-6
-7
-5
-6
-10
-7
-6
-12
-15
-25
-30
-33
-36
-29
-27
-19
-14
-11
-9
-9
-17
-22
-31
-38
-39
-41
-41
-40
-43
-34
-32
-18
-3
-5
-5
-4
-14
-17
-20
-22
-30
-36
-32
-33
-31
-28
-19
-17
-14
-12
-14
-22
-22
-25
-28
-30
-30
-29
-29
-31
-31
-36
-43
-42
-41
-41
-38
-30
-30
-35
-38
-37
-29
-24
-23
-20
-15
-20
-22
-27
-27
-29
-30
-29
-35
-26
-24
-24
-24
-25
-18
-17
-16
-13
-16
-19
-26
-26
-24
-18
-17
-16
1
1
7
8
13
10
10
9
2
5
2
7
12
16
11
15
22
25
24
26
23
24
26
26
25
15
13
12
13
14
17
16
20
27
28
33
32
29
26
27
29
30
32
30
32
31
26
22
17
15
17
16
16
9
7
6
6
7
3
7
7
2
0
-4
2
4
-4
-5
-8
-5
-10
-7
-3
-9
-8
-11
-9
-7
-9
-7
-1
3
8
10
11
6
3
5
5
14
20
21
20
25
23
23
22
22
30
41
43
44
45
37
38
44
40
43
51
59
56
52
54
50
55
58
60
60
60
59
62
64
61
60
61
65
65
61
63
61
60
60
54
55
50
45
46
47
46
48
40
42
39
35
33
27
36
30
26
18
13
12
9
6
3
8
9
11
12
10
13
13
16
9
2
-5
-9
-11
-16
-7
-13
-14
-14
-21
-18
-14
-17
-15
-10
-14
-8
-9
-7
-5
-10
-7
-4
8
12
13
7
8
9
11
12
14
8
12
14
16
21
15
19
17
25
12
6
4
4
3
0
3
-4
-3
1
-3
-6
-5
-6
-11
-10
-16
-20
-17
-17
-25
-27
-19
-26
-26
-34
-42
-53
-56
-60
-68
-66
-68
-68
-71
-62
-60
-58
-58
-62
-61
-63
-62
-61
-61
-74
-70
-71
-72
-69
-64
-56
-54
-46
-51
-42
-40
-37
-32
-32
-26
-27
-24
-26
-24
-27
-24
-25
-24
-23
-22
-18
-19
-17
-19
-17
-13
-11
-16
-22
-20
-19
-27
-24
-27
-30
-29
-31
-32
-32
-39
-38
-31
-34
-36
-40
-37
-45
-46
-47
-43
-43
-46
-44
-38
-32
-45
-37
-36
-36
-35
-34
-36
-45
-49
-55
-62
-64
-60
-59
-54
-52
-43
-36
-31
-30
-33
-30
-37
-40
-35
-32
-35
-29
-24
-25
-18
-17
-14
-12
-9
-8
-11
-12
-10
-6
-10
-10
-10
-8
-2
-2
5
2
8
11
12
13
16
20
20
26
23
23
30
27
27
25
26
28
29
40
41
41
48
51
51
51
54
56
53
60
58
55
52
51
51
47
55
62
64
61
57
62
61
65
65
59
53
54
53
50
53
48
46
49
48
50
48
46
51
51
52
47
50
52
52
42
42
44
38
39
38
41
44
46
46
51
52
55
52
54
48
47
49
44
44
52
54
50
54
58
53
44
37
40
38
40
45
37
41
37
40
43
40
42
44
42
43
37
39
31
27
28
21
17
18
14
6
7
0
-3
-5
-12
-18
-15
-10
-18
-17
-18
-23
-19
-21
-25
-24
-20
-21
-18
-19
-28
-29
-22
-23
-26
-28
-30
-27
-24
-24
-19
-18
-16
-10
-10
-8
-4
-11
-7
-2
-8
-7
-9
1
4
9
11
8
13
18
18
19
20
13
14
5
6
9
8
8
11
11
8
10
6
4
9
7
0
-1
-5
-11
-22
-23
-23
-20
-23
-26
-24
-24
-17
-26
-30
-30
-31
-34
-40
-45
-43
-43
-53
-54
-59
-68
-69
-65
-69
-71
-64
-70
-74
-73
-75
-76
-75
-68
-66
-62
-59
-59
-61
-57
-52
-56
-66
-66
-65
-66
-71
-64
-58
-51
-49
-47
-46
-45
-39
-30
-29
-25
-29
-32
-32
-32
-27
-32
-32
-35
-30
-19
-16
-17
-14
-16
-14
-14
-10
-12
-14
-9
-11
-5
-7
-3
-3
-9
-7
-4
-6
-7
-5
-6
-6
-8
1
0
-3
-2
-2
8
6
7
6
4
2
4
4
-3
-2
4
0
-7
-2
1
0
4
-3
-5
-6
-1
-11
-9
-11
-13
-7
-7
-4
1
2
8
5
3
7
7
14
14
19
25
29
34
35
31
29
36
42
42
36
31
35
40
39
45
40
39
47
49
58
53
54
54
51
47
39
36
46
50
47
49
49
49
43
41
42
44
46
44
42
42
39
38
31
32
28
28
26
25
25
24
27
15
19
14
16
17
14
16
17
18
14
21
10
2
5
6
1
5
3
3
8
4
7
5
8
7
6
7
9
10
11
13
14
14
16
25
19
22
27
24
28
29
32
40
42
46
49
46
50
48
48
51
51
53
54
56
55
59
54
52
55
52
54
56
57
52
48
38
37
35
32
33
21
15
15
12
6
1
8
4
-6
-11
-19
-23
-21
-27
-25
-23
-31
-27
-27
-30
-34
-30
-28
-25
-30
-41
-42
-37
-31
-25
-22
-21
-16
-14
-14
-15
-20
-16
-8
0
2
2
12
13
13
16
16
14
14
16
14
11
17
15
15
9
0
1
3
3
10
8
4
-1
-13
-10
-14
-11
-17
-24
-28
-24
-27
-32
-36
-37
-35
-38
-43
-56
-60
-59
-67
-72
-76
-81
-86
-89
-87
-88
-90
-90
-91
-96
-100
-105
-101
-101
-96
-93
-92
-96
-92
-90
-87
-84
-87
-82
-78
-68
-64
-55
-52
-48
-43
-34
-24
-15
-10
-7
-5
-6
-1
5
12
12
18
25
24
30
23
27
27
20
23
21
23
24
17
11
7
3
4
0
1
-1
-3
-3
1
-7
-8
-6
-3
-6
-14
-12
-12
-22
-28
-19
-24
-24
-22
-24
-20
-17
-21
-21
-21
-18
-16
-22
-21
-15
-9
-13
-14
-12
-12
-10
-11
-9
-4
4
4
-2
-3
1
0
-4
1
-2
2
13
12
10
17
17
10
11
15
18
21
26
27
27
26
25
23
28
30
33
36
42
44
40
39
35
35
32
31
31
32
35
30
20
15
17
14
12
8
9
4
1
1
-3
-4
-6
-5
-2
-1
-3
-1
-11
-15
-14
-12
-9
-17
-14
-17
-18
-7
-3
2
6
-2
0
3
10
18
23
25
25
31
26
29
35
38
46
53
49
52
58
56
61
63
64
69
69
65
62
56
58
58
55
56
52
56
58
63
66
68
66
62
56
51
47
41
39
37
32
31
35
35
38
41
33
31
26
27
29
26
18
8
-1
-2
1
2
0
-2
0
-3
0
-3
-9
-9
-12
-11
-16
-25
-27
-26
-21
-20
-24
-18
-12
-11
-13
-6
-14
-17
-18
-19
-17
-19
-19
-20
-15
-6
-2
3
11
10
15
15
19
23
22
20
15
16
12
12
11
18
11
13
18
14
13
13
14
5
0
-10
-8
-8
-15
-21
-27
-30
-26
-28
-32
-32
-33
-33
-41
-37
-41
-42
-45
-42
-36
-37
-38
-43
-45
-49
-54
-50
-48
-44
-44
-46
-47
-45
-45
-47
-47
-38
-34
-32
-27
-28
-29
-29
-30
-32
-25
-21
-14
-6
-13
-12
-13
-9
-4
-2
0
-2
-3
-4
0
2
0
4
9
17
21
21
25
16
13
15
10
11
13
6
7
8
3
5
-5
-10
-11
-11
-13
-27
-30
-27
-32
-32
-34
-38
-45
-45
-46
-50
-47
-52
-51
-57
-58
-62
-61
-58
-56
-52
-48
-43
-47
-47
-50
-45
-46
-39
-32
-36
-36
-40
-41
-45
-48
-48
-49
-43
-39
-35
-29
-35
-36
-38
-38
-33
-23
-17
-16
-12
-15
-4
-1
8
13
13
12
10
11
18
23
15
20
22
21
24
38
45
51
54
58
59
57
56
57
57
57
60
57
55
59
56
54
59
54
52
49
46
43
41
38
33
26
24
30
28
28
26
29
26
17
17
12
9
8
13
6
6
6
0
6
3
2
0
2
8
9
6
3
5
5
5
8
10
19
26
29
31
31
36
40
37
38
42
46
53
57
57
53
51
50
49
53
54
63
63
54
45
42
40
34
37
39
34
34
33
33
36
29
30
31
29
36
29
28
24
18
17
17
21
20
16
16
14
19
20
13
10
8
9
7
4
3
4
9
4
5
3
-2
2
-5
-1
2
1
-3
-2
1
1
-1
5
5
7
12
4
7
7
11
8
6
11
11
12
15
18
21
29
28
31
29
35
35
32
31
28
26
24
28
28
32
28
32
29
22
24
23
22
19
16
11
14
11
8
4
2
-2
-10
-8
-13
-19
-12
-17
-20
-20
-26
-30
-43
-42
-44
-44
-45
-51
-55
-57
-61
-61
-62
-76
-74
-79
-78
-82
-78
-73
-72
-72
-76
-77
-90
-82
-83
-77
-70
-71
-70
-74
-72
-70
-64
-63
-63
-58
-57
-53
-50
-46
-45
-37
-41
-38
-38
-45
-43
-41
-35
-26
-18
-15
-6
-4
-6
-10
-11
-10
-10
-3
0
1
-2
-1
1
3
5
10
11
8
17
13
15
13
9
7
6
8
10
3
3
10
7
9
0
-4
-19
-23
-20
-31
-31
-33
-31
-35
-40
-36
-40
-42
-40
-36
-41
-43
-38
-44
-43
-43
-41
-44
-46
-44
-43
-42
-42
-37
-34
-27
-26
-22
-16
-13
-11
-13
-8
-3
-4
2
3
6
-1
-5
-1
1
7
7
-2
-2
2
4
13
12
7
3
3
3
6
8
6
4
4
7
9
8
4
4
4
7
11
9
12
4
-1
3
-5
-8
-8
2
5
4
2
3
4
5
6
2
1
0
9
5
11
7
9
13
14
22
17
26
31
29
31
25
29
32
32
38
46
50
54
60
60
55
54
51
56
57
57
52
49
48
47
49
50
48
43
41
44
45
42
42
38
36
43
41
43
42
43
49
46
49
49
50
38
36
30
32
39
30
34
37
39
38
41
41
47
56
61
56
59
52
45
41
39
38
39
39
37
39
25
23
22
18
14
15
13
8
4
0
1
-2
-5
-9
-6
-7
-10
-10
-15
-18
-22
-17
-24
-24
-20
-26
-29
-31
-32
-31
-25
-27
-28
-31
-36
-35
-29
-31
-31
-28
-30
-28
-25
-28
-23
-23
-21
-20
-18
-13
-17
-14
-19
-25
-21
-19
-16
-16
-12
-7
-9
-2
1
4
7
0
-4
-12
-13
-9
-11
-14
-3
-3
-3
4
3
4
7
6
3
2
6
6
0
-3
-15
-15
-10
-9
-5
-2
-5
-7
-3
-7
-10
-8
-16
