13
21
20
28
24
28
28
28
24
20
21
15
12
15
17
18
15
14
15
15
18
20
25
27
34
30
37
44
36
40
37
43
40
40
35
29
30
25
27
30
27
19
16
14
13
11
9
10
11
10
3
-1
-6
-13
-15
-17
-13
-17
-25
-27
-31
-40
-42
-41
-44
-41
-46
-54
-62
-68
-72
-77
-72
-66
-68
-65
-67
-66
-60
-62
-59
-53
-56
-54
-52
-54
-53
-59
-59
-61
-62
-66
-70
-71
-69
-68
-72
-69
-68
-69
-74
-77
-79
-75
-79
-77
-71
-73
-69
-64
-53
-53
-51
-52
-56
-50
-40
-32
-31
-32
-31
-32
-34
-34
-30
-30
-27
-23
-17
-13
-8
2
10
14
15
17
15
18
17
20
23
26
27
25
29
29
32
33
31
33
35
29
25
21
21
24
25
23
14
14
12
5
-1
2
-1
-5
-11
-7
-3
-6
-12
-20
-18
-18
-13
-7
-9
-7
-7
-10
-13
-12
-17
-11
-8
-9
-8
-10
-7
-11
-5
-7
-9
-17
-15
-9
-7
-1
-3
2
3
14
15
19
18
14
23
25
22
22
24
18
23
25
22
26
19
18
18
18
20
19
24
15
19
15
15
15
11
10
6
4
2
7
5
2
9
2
2
5
-3
-2
-5
1
-3
-7
-7
-10
-10
-8
-4
-2
1
2
1
-2
-1
-5
-6
-7
-2
3
4
9
11
9
15
20
18
21
20
21
25
25
25
25
24
31
29
28
28
34
38
39
44
53
58
58
59
56
52
62
62
58
60
63
62
58
55
50
42
43
42
33
30
27
21
18
17
12
13
10
9
7
6
1
-3
-4
-13
-16
-13
-11
-9
-10
-11
-8
-11
-4
1
-5
-4
-5
-5
0
5
3
9
7
5
8
8
5
6
9
6
1
0
-3
-4
-3
1
5
8
7
8
7
4
5
1
4
3
-5
-8
-2
0
-2
-3
-3
-1
0
0
2
3
3
1
0
4
-1
-1
-7
-12
-14
-13
-14
-16
-14
-15
-13
-16
-11
-9
-13
-7
-10
-11
-4
-6
-4
3
7
7
-2
0
1
-3
-2
-6
-3
-7
-10
-2
-4
-3
-4
-6
-6
-8
-6
-10
-6
-3
0
-1
1
0
-5
2
4
4
6
1
0
-3
-5
-3
-10
-11
-16
-15
-16
-19
-14
-17
-8
-5
-4
-1
-1
-3
2
6
5
10
16
16
15
14
14
16
14
12
19
15
5
1
-7
-9
-10
-11
-11
-13
-18
-15
-14
-17
-17
-19
-18
-17
-17
-20
-15
-23
-24
-28
-30
-31
-34
-31
-33
-31
-38
-33
-43
-45
-45
-48
-52
-50
-52
-47
-42
-40
-39
-44
-40
-39
-40
-39
-30
-25
-24
-20
-10
0
-2
-5
-5
-1
2
3
-2
3
2
3
4
5
11
19
24
29
32
27
28
20
20
19
13
13
8
9
8
13
16
9
8
6
-1
-4
-10
-9
-13
-16
-19
-26
-28
-32
-36
-39
-41
-40
-41
-36
-37
-37
-35
-36
-30
-30
-37
-39
-32
-33
-32
-25
-22
-21
-17
-20
-18
-14
-11
-3
-2
0
0
1
4
9
1
-1
5
-2
0
0
0
-1
-1
-4
-6
-8
-7
-3
-3
1
2
3
2
-2
2
7
5
6
2
-2
-1
-10
-14
-17
-10
-10
-7
-6
-10
-5
-8
-4
-7
-8
-11
-16
-13
-14
-15
-11
-8
-3
-2
3
3
3
9
9
5
4
4
4
8
8
12
14
9
10
11
18
28
30
32
36
38
36
41
43
47
51
54
58
56
56
53
57
56
49
50
45
44
47
47
48
55
57
55
58
55
55
55
50
47
43
45
43
47
46
43
42
41
46
44
47
42
40
46
39
32
34
32
32
32
34
36
34
29
30
32
33
31
35
36
38
39
37
37
41
39
38
36
37
35
38
35
26
26
18
19
17
16
15
13
14
18
14
11
12
4
8
6
7
10
7
8
6
8
1
-3
-7
-9
-11
-10
-11
-15
-14
-18
-16
-10
-9
-9
-7
-9
-9
-12
-15
-21
-23
-21
-22
-24
-20
-25
-27
-23
-26
-22
-23
-15
-14
-21
-17
-21
-23
-24
-31
-34
-41
-44
-41
-34
-32
-31
-31
-36
-38
-43
-47
-46
-40
-37
-36
-39
-40
-43
-50
-47
-45
-37
-39
-45
-40
-51
-45
-51
-54
-52
-53
-48
-52
-53
-48
-43
-43
-47
-43
-49
-51
-46
-54
-55
-54
-56
-58
-56
-56
-49
-49
-49
-46
-46
-42
-37
-36
-34
-30
-35
-29
-32
-31
-27
-32
-30
-32
-29
-30
-27
-30
-34
-33
-28
-29
-23
-18
-19
-11
-15
-16
-15
-12
-14
-16
-19
-23
-16
-16
-16
-17
-17
-17
-17
-15
-16
-15
-16
-19
-18
-14
-8
-10
-8
-9
-12
-8
-4
-2
-1
6
11
18
24
21
27
21
15
16
10
6
7
8
10
19
24
27
29
35
35
40
36
33
36
30
31
30
32
35
39
40
41
45
49
47
44
47
46
44
41
40
38
33
32
32
30
28
34
40
43
38
34
35
27
30
35
32
31
28
30
28
30
26
26
30
30
35
38
38
46
51
49
54
60
59
60
59
57
55
48
53
52
51
48
49
50
52
54
57
57
48
48
47
48
43
43
33
29
23
21
22
22
27
20
22
20
17
14
13
5
-2
-5
-7
-8
-6
-1
-3
2
5
3
9
5
8
12
12
13
-1
-1
-6
-3
-3
-4
0
-5
2
4
5
8
-3
-7
-12
-16
-18
-31
-35
-36
-38
-37
-37
-30
-25
-22
-24
-25
-23
-24
-30
-28
-30
-33
-32
-34
-34
-33
-26
-27
-31
-28
-29
-28
-29
-32
-29
-28
-29
-27
-27
-23
-24
-24
-24
-31
-21
-18
-18
-18
-11
-8
-16
-19
-22
-24
-26
-23
-26
-26
-25
-21
-25
-27
-26
-30
-28
-30
-32
-36
-37
-37
-35
-35
-34
-35
-32
-23
-20
-21
-26
-24
-20
-22
-18
-12
-15
-14
-15
-18
-12
-10
-14
-13
-5
-8
-5
-4
-4
-4
-6
-5
-5
-3
0
2
6
7
6
11
14
20
25
18
17
12
3
4
3
4
5
-2
3
4
0
-2
0
3
2
8
10
7
11
11
5
3
4
6
3
6
4
5
1
-5
-6
-9
-11
-15
-14
-17
-20
-17
-14
-16
-13
-20
-17
-18
-12
-11
-5
-8
-11
-7
-7
-6
-11
-9
-5
-2
-6
-9
-7
-8
-7
-4
2
3
8
5
4
9
2
5
7
3
2
-1
-4
-6
-10
-6
-6
-3
-1
-4
0
7
8
5
8
11
12
13
8
8
13
11
9
8
6
5
3
0
10
14
18
29
33
32
33
39
33
36
34
30
33
35
37
38
38
37
43
47
48
51
57
61
60
53
53
45
37
39
35
26
29
25
25
27
20
14
8
8
2
-4
-9
-8
-12
-12
-8
-13
-11
-12
-11
-3
-4
0
-7
-13
-21
-23
-26
-29
-28
-25
-27
-24
-15
-15
-10
-4
-1
-1
-1
-1
-2
-4
-5
-6
-3
-2
-2
3
5
11
19
17
18
21
16
13
17
18
15
16
18
17
19
17
12
6
-2
-8
-5
-14
-13
-11
-14
-17
-24
-22
-30
-29
-30
-22
-17
-25
-27
-33
-37
-42
-44
-39
-38
-46
-42
-39
-37
-38
-32
-33
-36
-32
-40
-32
-31
-33
-31
-25
-17
-18
-16
-11
-6
-6
2
8
12
18
19
20
23
31
31
38
42
44
48
47
53
51
50
50
51
52
54
58
57
55
53
48
50
46
44
40
35
36
29
27
19
17
11
8
10
10
7
0
1
-1
3
3
7
10
2
-1
-5
-10
-14
-20
-19
-22
-25
-27
-29
-27
-27
-26
-29
-29
-31
-33
-32
-32
-35
-36
-33
-36
-40
-39
-39
-44
-43
-39
-40
-39
-43
-40
-38
-42
-44
-48
-44
-46
-40
-39
-41
-40
-45
-42
-41
-36
-36
-34
-34
-35
-39
-41
-39
-34
-33
-31
-25
-22
-20
-19
-12
-11
-4
-1
0
1
5
6
3
1
1
3
-2
3
9
12
13
18
17
15
15
6
7
3
3
3
-5
-12
-11
-14
-16
-12
-19
-14
-10
-13
-6
-11
-11
-12
-13
-8
-11
-4
0
4
11
10
12
14
25
30
31
30
33
38
43
40
41
37
33
37
36
33
30
26
24
20
20
22
21
17
16
20
22
19
19
21
18
22
14
10
6
1
3
1
2
-1
-3
-7
-5
-6
-8
-1
-5
-1
-6
-3
-4
-4
-4
-12
-10
-11
-12
-15
-12
-13
-18
-23
-26
-30
-26
-26
-29
-25
-26
-19
-20
-20
-19
-18
-21
-24
-18
-18
-22
-25
-31
-33
-30
-34
-26
-22
-19
-13
-13
-5
-2
-6
-2
-9
-6
-3
-2
0
2
4
5
12
16
17
18
27
29
37
38
39
39
43
44
40
41
40
47
41
45
45
46
47
52
54
55
56
54
59
61
62
62
63
66
72
69
65
67
73
68
64
65
63
65
62
64
66
62
61
59
59
57
57
52
51
44
40
42
35
30
27
28
20
12
8
8
-1
-7
-13
-15
-12
-15
-8
-6
-5
-4
0
-3
-1
-3
-8
-6
-5
-12
-11
-5
-2
3
8
18
21
20
25
26
24
20
16
19
13
11
8
9
11
12
16
14
17
14
7
7
1
-3
-8
-17
-20
-28
-27
-27
-27
-29
-30
-31
-37
-39
-35
-36
-41
-46
-51
-51
-57
-62
-58
-57
-53
-55
-53
-50
-51
-49
-51
-47
-52
-56
-53
-52
-45
-42
-38
-38
-28
-28
-26
-20
-18
-13
-13
-19
-20
-16
-18
-25
-23
-20
-12
-11
-10
-8
-8
-3
-4
-4
0
-3
1
2
-1
2
2
7
6
9
10
11
12
8
7
0
-9
-13
-19
-22
-23
-22
-24
-28
-25
-27
-22
-31
-38
-34
-37
-36
-45
-42
-46
-50
-54
-53
-52
-50
-45
-52
-48
-49
-50
-49
-56
-55
-60
-52
-49
-48
-44
-49
-45
-47
-42
-40
-41
-42
-46
-44
-40
-45
-48
-49
-51
-50
-51
-48
-46
-44
-40
-42
-40
-38
-39
-39
-38
-36
-37
-39
-35
-32
-39
-39
-39
-42
-37
-36
-38
-38
-34
-34
-33
-30
-24
-19
-22
-17
-15
-17
-16
-14
-5
0
2
2
5
8
15
17
20
32
39
42
40
40
45
53
49
49
57
56
56
54
59
63
67
71
75
85
86
85
84
88
84
83
85
88
82
85
85
79
80
74
75
67
69
71
70
69
68
69
72
77
69
70
64
66
62
58
54
57
55
51
49
53
57
55
51
53
56
55
56
53
52
51
48
48
37
32
32
31
31
30
36
41
46
46
46
44
44
37
31
26
22
27
21
17
21
18
17
19
21
18
23
17
14
16
11
13
9
7
5
4
8
14
10
15
21
23
20
12
18
17
19
21
19
23
24
24
25
24
18
20
18
16
20
17
20
13
12
18
16
21
18
17
14
15
15
5
5
5
6
10
11
8
10
9
7
4
4
-4
-8
-9
-14
-9
-15
-21
-34
-36
-42
-47
-43
-49
-49
-54
-55
-55
-57
-54
-56
-58
-63
-66
-65
-65
-64
-67
-59
-62
-67
-64
-67
-64
-63
-63
-67
-67
-68
-68
-63
-60
-65
-64
-59
-59
-58
-62
-64
-62
-59
-62
-65
-64
-70
-72
-73
-73
-71
-74
-68
-66
-70
-68
-68
-68
-66
-68
-75
-75
-76
-76
-76
-83
-81
-81
-74
-79
-80
-78
-83
-88
-82
-77
-76
-66
-70
-65
-63
-64
-67
-67
-64
-72
-62
-66
-61
-58
-55
-53
-48
-35
-32
-28
-27
-23
-24
-18
-20
-20
-19
-10
-2
-5
-1
1
6
11
15
14
18
19
25
31
25
29
24
24
24
32
32
32
35
37
38
39
49
45
43
43
46
50
49
55
59
55
55
52
49
44
46
43
40
50
45
35
33
34
27
18
16
11
5
7
9
8
6
0
0
-2
3
6
3
9
10
11
5
2
1
3
9
5
10
16
12
13
20
23
26
29
34
35
38
40
36
36
39
39
49
58
54
56
61
73
80
84
85
84
80
78
76
75
73
78
81
74
75
81
92
90
87
89
93
94
88
89
85
91
90
93
98
92
92
93
96
99
94
92
91
92
90
87
75
71
78
75
69
71
75
73
68
63
61
58
54
51
45
35
35
31
29
29
26
25
20
21
15
16
17
14
14
14
11
11
7
4
9
5
0
3
3
3
2
5
8
3
1
4
9
15
15
14
11
12
11
6
2
-8
-6
-4
-9
-6
-8
-14
-18
-17
-22
-25
-22
-21
-21
-24
-22
-24
-25
-34
-38
-39
-38
-38
-42
-37
-33
-36
-37
-44
-47
-52
-57
-60
-59
-62
-69
-71
-77
-78
-73
-71
-79
-82
-80
-76
-77
-83
-85
-83
-85
-85
-88
-90
-89
-92
-91
-85
-86
-84
-82
-86
-80
-78
-76
-79
-83
-85
-80
-77
-69
-66
-65
-59
-58
-58
-60
-59
-59
-59
-60
-59
-53
-48
-51
-50
-47
-48
-48
-44
-39
-36
-39
-43
-43
-42
-43
-48
-50
-46
-46
-47
-47
-41
-38
-41
-43
-43
-45
-52
-47
-45
-42
-40
-46
-42
-46
-38
-34
-35
-36
-33
-35
-38
-41
-45
-36
-42
-38
-35
-37
-36
-39
-37
-39
-42
-46
-43
-44
-48
-50
-47
-44
-37
-33
-34
-33
-28
-30
-25
-25
-26
-25
-23
-20
-19
-7
-5
-2
6
10
16
16
23
29
28
28
29
28
29
35
31
31
43
43
41
45
50
52
49
48
50
51
49
45
45
52
49
50
45
47
50
51
54
61
66
62
66
70
72
77
80
80
80
80
78
79
79
83
89
84
87
86
87
95
96
94
94
94
91
89
88
85
86
85
82
86
82
81
79
82
87
85
80
86
87
76
76
77
78
71
68
69
69
60
52
49
51
50
43
49
49
48
46
38
36
34
23
14
16
17
20
21
23
29
27
26
18
19
26
20
16
15
17
15
15
14
17
22
26
28
31
32
27
24
18
23
18
9
9
4
10
12
13
11
10
7
1
-1
-1
-2
-1
-9
-8
-9
-10
-6
-4
-3
-8
-6
-9
-16
-19
-19
-21
-23
-27
-29
-27
-28
-30
-35
-37
-39
-51
-52
-57
-57
-62
-62
-58
-59
-54
-53
-50
-49
-50
-52
-51
-48
-45
-47
-48
-45
-47
-47
-43
-39
-33
-32
-27
-25
-28
-30
-31
-28
-33
-37
-40
-40
-40
-39
-38
-46
-48
-44
-49
-50
-48
-55
-53
-57
-58
-56
-58
-56
-58
-58
-59
-60
-59
-57
-59
-54
-53
-51
-56
-55
-60
-63
-61
-64
-65
-65
-65
-68
-69
-74
-70
-74
-80
-80
-80
-82
-81
-82
-77
-75
-78
-69
-66
-70
-69
-65
-62
-57
-53
-51
-47
-47
-40
-37
-42
-37
-28
-25
-18
-11
-8
-9
-7
-8
-13
-11
-10
-12
-10
-10
-11
-6
-4
3
8
11
21
22
27
32
30
28
29
33
34
41
42
48
49
50
55
50
51
43
35
36
35
36
38
33
34
28
23
27
28
31
34
34
34
32
28
27
22
14
22
23
20
31
35
39
45
40
42
41
40
40
39
43
45
42
36
36
41
38
39
42
43
45
44
50
43
42
42
34
44
43
43
41
39
42
44
46
48
45
43
44
40
41
42
42
44
44
46
50
48
46
42
41
44
47
50
47
48
50
47
37
35
37
34
33
28
33
26
22
16
11
17
18
13
19
21
22
25
22
23
30
29
26
34
27
25
27
20
20
17
18
18
12
11
17
16
11
10
13
20
23
15
14
14
11
13
10
13
14
11
7
4
4
9
9
15
16
15
17
14
19
17
15
16
14
13
20
20
21
26
24
19
21
15
13
11
7
2
4
8
7
7
6
9
5
2
3
-3
-3
0
2
2
1
3
-4
-4
-13
-14
-19
-21
-14
-17
-18
-21
-20
-25
-24
-25
-25
-27
-33
-28
-34
-31
-31
-38
-38
-44
-44
-49
-48
-43
-40
-49
-49
-49
-54
-59
-60
-57
-56
-58
-63
-62
-62
-64
-68
-68
-72
-72
-78
-79
-73
-73
-71
-68
-67
-64
-63
-63
-53
-51
-49
-44
-39
-43
-44
-39
-36
-26
-28
-24
-19
-20
-17
-16
-16
-18
-14
-18
-16
-19
-18
-17
-15
-11
-14
-10
-13
-13
-17
-11
-10
-11
-12
-12
-10
-10
-11
-8
-4
-3
-1
-2
-3
0
-4
-8
-6
3
4
1
4
0
-4
-10
-15
-9
-8
-8
-9
-2
1
-2
-1
-4
0
1
-1
-4
-4
-5
-12
-10
-18
-15
-10
-8
1
4
6
10
15
16
13
7
14
14
14
16
15
20
20
21
23
18
19
21
19
21
17
13
13
9
7
3
-1
-4
-2
2
6
1
0
2
-2
-6
-2
-6
-6
-5
-5
-4
-9
-9
-14
-19
-23
-18
-21
-29
-27
-29
-29
-28
-29
-29
-28
-30
-29
-30
-30
-31
-28
-23
-21
-15
-14
-12
-15
-18
-15
-9
-10
-4
-1
6
22
24
27
36
37
40
37
39
48
49
51
52
58
63
60
60
60
64
66
65
62
63
62
57
55
51
52
47
47
50
52
57
55
63
60
60
52
47
45
42
37
35
31
26
26
19
21
13
21
16
15
10
2
0
-7
-14
-15
-12
-18
-16
-16
-12
-12
-13
-15
-17
-16
-19
-27
-27
-22
-24
-26
-27
-18
-12
-12
-8
-1
7
8
8
13
13
7
10
13
12
7
8
10
8
15
15
17
25
25
23
24
21
22
22
17
18
23
22
26
26
23
25
22
19
17
15
5
-3
-10
-19
-18
-20
-24
-27
-22
-20
-28
-28
-31
-33
-30
-31
-31
-36
-38
-33
-40
-38
-42
-42
-41
-41
-35
-31
-29
-27
-27
-27
-25
-26
-23
-18
-13
-6
-4
0
-2
-2
4
3
7
11
13
17
10
7
8
7
3
5
10
12
17
18
20
14
15
16
15
18
24
19
18
23
22
29
26
33
30
33
36
33
33
30
28
22
21
21
19
17
13
9
10
11
9
3
0
-5
-8
-15
-18
-12
-14
-9
-15
-22
-24
-29
-32
-30
-32
-37
-31
-35
-37
-37
-38
-38
-43
-43
-47
-40
-43
-50
-54
-59
-59
-58
-63
-62
-55
-57
-58
-56
-62
-61
-55
-55
-50
-49
-51
-54
-47
-45
-43
-45
-45
-39
-35
-31
-25
-25
-26
-25
-25
-23
-18
-15
-15
-17
-9
-4
3
6
7
11
8
8
2
5
4
6
6
3
10
16
22
22
20
20
20
21
18
23
24
20
22
22
17
16
11
4
7
4
1
3
5
5
4
2
2
8
-4
-1
5
2
5
7
11
9
11
7
9
7
3
6
8
6
6
12
19
22
20
25
23
25
26
26
23
20
27
32
27
26
22
22
23
25
28
27
22
21
16
7
4
-1
-2
-7
-6
-5
-7
-5
-7
-2
-2
-9
-14
-13
-9
-16
-20
-20
-21
-18
-16
-9
-2
-4
-5
-5
2
9
8
4
3
8
11
15
18
30
27
35
39
38
43
35
36
35
39
42
32
30
36
32
32
37
43
47
51
50
54
54
49
52
46
45
47
49
46
47
52
54
54
53
54
51
51
52
48
49
57
52
58
62
67
69
65
69
73
72
72
75
71
73
77
74
71
71
65
65
63
63
58
52
54
48
45
40
40
42
41
39
28
28
22
15
13
11
9
1
-2
-4
-10
-15
-18
-21
-17
-16
-19
-24
-26
-30
-33
-38
-43
-41
-44
-47
-47
-53
-57
-56
-53
-51
-47
-48
-49
-50
-53
-55
-58
-63
-59
-62
-58
-64
-63
-55
-57
-55
-51
-41
-35
-36
-31
-30
-30
-27
-31
-30
-31
-32
-33
-31
-28
-33
-25
-17
-16
-13
-17
-14
-18
-24
-22
-23
-26
-24
-21
-26
-32
-26
-25
-25
-23
-27
-31
-30
-37
-38
-38
-36
-31
-31
-34
-36
-34
-34
-36
-32
-40
-40
-38
-44
-40
-41
-35
-40
-42
-38
-39
-39
-40
-38
-41
-37
-40
-39
-36
-39
-37
-39
-39
-38
-32
-22
-24
-26
-27
-27
-29
-32
-23
-14
-10
-9
-13
-10
-7
-9
-11
-6
-2
0
-5
-4
-7
-12
-10
-18
-13
-11
-12
-3
2
3
1
2
2
3
2
-2
-8
-8
-1
0
1
-6
-4
-4
-1
2
-1
-2
-7
-9
-12
-10
-11
-15
-10
-12
-9
-9
-16
-13
-14
-13
-17
-18
-18
-26
-24
-28
-26
-23
-26
-26
-20
-16
-11
-2
-8
-2
4
7
4
6
11
8
9
13
19
23
18
19
25
18
17
20
22
19
26
26
28
33
29
33
31
32
33
35
41
45
49
47
48
49
51
48
48
49
47
43
40
38
37
36
39
33
33
40
42
43
48
48
50
46
42
41
42
42
39
48
48
51
53
54
54
47
48
44
45
43
44
40
32
37
33
32
30
33
36
38
41
39
39
39
43
38
34
33
33
35
35
34
31
35
34
34
36
34
32
34
29
30
27
25
26
17
17
10
4
1
-5
-6
-15
-9
-9
-18
-18
-18
-21
-29
-30
-27
-28
-26
-27
-33
-38
-39
-37
-41
-41
-43
-40
-37
-35
-29
-29
-23
-24
-25
-21
-25
-20
-25
-27
-26
-26
-26
-18
-13
-13
-3
-9
-2
1
0
0
-5
-8
-9
-11
-15
-13
-17
-24
-20
-14
-15
-12
-11
-7
-3
-4
-5
-1
-1
5
-1
-5
-1
-6
-7
-7
-8
-7
-4
-3
0
-1
-4
-9
-14
-15
-13
-13
-11
-9
-10
-9
-11
-11
-15
-18
-18
-20
-28
-24
-21
-25
-24
-25
-25
-28
-20
-18
-19
-23
-19
-16
-18
-15
-20
-30
-31
-26
-28
-28
-26
-16
-19
-25
-23
-24
-19
-18
-15
-16
-21
-21
-24
-24
-24
-20
-21
-22
-17
-9
-11
-18
-17
-14
-9
-11
-13
-22
-23
-21
-23
-18
-17
-19
-23
-32
-32
-31
-34
-37
-43
-44
-42
-40
-40
-40
-38
-34
-32
-29
-32
-35
-36
-37
-34
-31
-26
-21
-16
-10
-11
-11
-7
-11
-14
-8
-8
-1
4
-2
-2
-3
-1
-2
6
12
12
11
14
19
20
22
15
14
11
17
15
11
18
22
30
30
36
33
29
26
27
29
29
25
21
26
27
23
21
19
27
28
26
25
19
13
6
2
-2
2
-3
-5
-5
-2
2
5
8
10
7
1
3
-5
-3
-6
-10
0
-2
1
4
11
7
6
6
8
13
10
7
-1
3
8
8
14
17
21
22
28
27
28
30
33
29
35
31
27
30
27
31
31
31
42
46
52
61
59
61
58
56
55
53
59
52
54
52
55
64
60
64
64
66
65
67
61
57
55
45
40
33
28
23
26
29
29
35
37
39
38
32
27
24
29
23
20
23
19
13
11
15
16
18
28
25
25
19
17
16
14
13
12
16
12
13
12
18
15
9
2
2
10
11
9
6
7
8
9
13
15
11
13
15
19
20
19
22
20
19
15
15
22
17
21
23
22
23
15
12
16
13
7
3
0
-4
-4
-1
-4
0
-2
-7
-8
-10
-16
-23
-29
-34
-37
-39
-41
-48
-48
-52
-56
-60
-65
-66
-66
-71
-76
-74
-70
-69
-69
-71
-69
-68
-73
-66
-60
-59
-51
-48
-50
-49
-51
-52
-57
-58
-50
-55
-55
-50
-50
-47
-48
-53
-48
-43
-43
-42
-38
-36
-41
-42
-40
-43
-49
-47
-47
-46
-46
-45
-38
-36
-36
-38
-35
-29
-32
-29
-27
-27
-20
-18
-19
-14
-16
-15
-18
-20
-19
-18
-19
-21
-22
-15
-10
-17
-17
-15
-18
-22
-20
-25
-27
-22
-31
-26
-24
-27
-28
-28
-27
-28
-32
-32
-31
-30
-32
-34
-37
-31
-31
-38
-40
-45
-40
-43
-46
-42
-38
-34
-31
-27
-29
-30
-30
-27
-25
-27
-16
-11
-10
-8
-11
-12
-13
-11
-12
-11
-5
-6
-3
-10
-6
-5
0
8
4
6
2
3
5
5
8
8
16
19
22
24
28
31
32
40
39
45
46
48
55
56
55
58
56
51
50
51
48
45
46
49
52
50
48
46
40
39
37
37
35
38
36
33
37
30
31
34
38
40
43
45
46
50
51
51
47
48
47
50
55
52
53
55
57
57
59
60
59
60
62
64
58
61
53
54
50
50
54
54
58
58
62
63
59
57
55
50
50
46
47
38
36
33
32
35
28
26
24
26
21
12
10
0
-12
-14
-21
-21
-25
-31
-31
-34
-33
-34
-32
-32
-32
-35
-27
-22
-27
-22
-26
-25
-25
-28
-25
-22
-25
-24
-19
-17
-16
-19
-22
-23
-20
-20
-17
-17
-23
-22
-25
-17
-11
-11
-7
-10
-10
-8
-6
-2
0
4
1
2
4
4
5
2
2
4
5
4
5
1
3
-4
-6
-4
-8
-5
-8
-8
-6
-6
-8
-6
-10
-9
-7
-9
-11
-13
-12
-8
-5
-6
4
7
3
10
9
7
4
-1
2
0
-3
-4
-6
-4
-9
-6
-9
-15
-10
-17
-23
-23
-25
-22
-23
-22
-24
-28
-25
-20
-22
-31
-25
-26
-28
-30
-36
-40
-37
-36
-38
-32
-38
-44
-43
-42
-39
-38
-43
-39
-43
-44
-40
-41
-42
-46
-42
-46
-39
-39
-42
-35
-39
-37
-38
-42
-41
-45
-35
-31
-31
-23
-26
-19
-19
-14
-11
-22
-21
-19
-20
-19
-18
-18
-22
-22
-24
-19
-14
-13
-16
-11
-16
-23
-26
-26
-24
-22
-12
-11
-5
-4
-7
-7
-8
-9
-13
-9
-11
-15
-16
-17
-10
-12
-14
-13
-13
-5
-2
-2
1
-3
-9
-9
-4
-4
1
0
2
12
15
23
28
31
36
35
34
33
33
31
29
24
28
35
35
37
36
39
37
34
32
27
21
15
14
17
15
19
19
20
23
21
24
26
27
25
25
26
30
37
33
33
37
30
30
29
25
24
25
26
22
16
7
0
-3
-2
2
8
3
2
5
8
8
4
4
-2
-1
-4
-4
-11
-10
-8
-6
2
4
8
7
12
10
16
13
9
10
10
-2
-6
-2
-1
4
0
4
12
16
16
25
34
33
37
40
39
48
48
51
56
60
62
61
66
73
78
77
76
81
84
79
82
85
83
76
73
70
66
62
62
61
60
60
59
58
54
56
52
53
51
47
46
48
44
45
47
46
43
39
37
38
37
37
40
43
41
34
33
22
19
17
14
9
4
2
0
1
-3
-7
-8
-12
-4
-2
-2
3
-1
4
5
7
5
0
4
1
0
-4
-11
-12
-12
-14
-13
-12
-17
-18
-24
-23
-31
-38
-39
-45
-52
-60
-64
-65
-66
-70
-71
-72
-77
-82
-82
-86
-91
-91
-90
-88
-91
-92
-96
-92
-97
-97
-86
-82
-84
-89
-93
-89
-86
-86
-80
-86
-83
-86
-87
-79
-76
-70
-69
-61
-52
-44
-40
-30
-31
-27
-18
-18
-18
-12
-3
-1
4
4
9
16
18
21
19
22
21
19
21
14
15
15
14
15
11
13
17
16
15
14
14
17
12
2
-3
-3
-4
-2
1
1
-1
-2
-2
-6
-10
-17
-20
-24
-23
-29
-35
-36
-41
-39
-48
-54
-57
-62
-64
-65
-71
-71
-71
-74
-76
-69
-65
-67
-61
-56
-50
-48
-43
-41
-42
-44
-40
-45
-45
-38
-39
-37
-32
-29
-23
-19
-16
-9
-12
-4
-6
-10
-10
-5
-2
-4
2
5
13
16
23
32
35
37
35
43
44
44
47
37
38
35
29
32
31
30
38
42
40
37
36
37
30
26
17
18
20
23
27
26
26
30
32
32
35
36
34
32
36
39
37
37
40
44
48
45
48
52
47
51
53
46
47
50
44
46
52
60
59
60
64
68
71
70
78
80
82
81
82
83
83
85
90
97
97
94
99
97
92
85
75
80
74
68
70
62
57
50
44
41
41
43
38
35
32
27
30
25
25
21
18
16
12
10
6
6
6
3
4
-2
-7
-10
-9
-10
-21
-20
-20
-20
-26
-30
-30
-34
-39
-41
-43
-42
-43
-47
-47
-45
-44
-45
-35
-34
-24
-18
-17
-15
-11
-5
-10
-9
-9
-3
-4
-7
-1
0
-3
-4
-3
-9
-12
-10
-14
-17
-21
-26
-29
-30
-29
-31
-25
-22
-18
-13
-12
-5
-10
-4
-9
-16
-20
-20
-19
-21
-18
-19
-16
-16
-16
-21
-18
-17
-17
-17
-18
-17
-18
-17
-21
-20
-20
-23
-15
-17
-17
-15
-12
-11
-12
-8
-7
-10
-9
-13
-11
-8
-8
-6
-6
-4
-3
-4
-12
-16
-16
-16
-20
-26
-27
-31
-23
-15
-18
-18
-23
-22
-20
-23
-17
-17
-16
-13
-12
-17
-16
-14
-14
-17
-11
-11
-9
-7
-13
-20
-29
-30
-41
-45
-47
-52
-57
-61
-62
-64
-69
-75
-79
-83
-88
-91
-93
-95
-96
-101
-100
-99
-95
-83
-81
-81
-75
-65
-61
-54
-53
-51
-50
-51
-45
-44
-47
-51
-45
-42
-39
-30
-28
-27
-24
-19
-14
-11
-12
-12
-4
-3
-2
0
3
10
17
28
29
32
34
30
32
34
35
40
47
51
53
54
57
52
51
52
45
47
45
47
49
48
46
43
44
50
52
55
58
52
48
47
46
45
51
55
59
58
58
55
51
50
45
42
41
43
40
36
31
27
27
27
28
26
22
24
23
29
30
28
21
21
27
26
34
38
39
37
37
38
35
31
34
26
23
25
26
26
25
28
26
33
29
29
32
28
26
17
17
12
12
22
18
26
31
30
37
41
41
44
43
44
38
31
35
30
29
33
37
37
40
38
37
32
31
31
28
26
21
21
15
7
11
19
20
27
29
33
43
42
38
40
42
43
42
34
36
40
41
46
46
50
51
45
42
32
25
25
23
19
16
15
19
19
16
18
21
28
31
30
25
20
19
18
22
20
16
23
20
23
32
34
36
33
32
33
29
23
16
16
9
0
0
-3
-9
-8
-4
-14
-17
-22
-27
-33
-45
-51
-54
-52
-52
-53
-55
-56
-55
-49
-59
-61
-59
-63
-67
-62
-65
-66
-68
-78
-73
-75
-73
-74
-74
-73
-77
-78
-85
-87
-87
-91
-90
-86
-92
-92
-86
-84
-79
-80
-70
-69
-66
-61
-63
-55
-60
-56
-54
-56
-50
-47
-42
-41
-44
-42
-39
-37
-38
-39
-36
-37
-37
-38
-36
-43
-47
-41
-42
-48
-46
-51
-49
-49
-50
-48
-48
-52
-59
-62
-67
-65
-59
-55
-53
-51
-54
-46
-46
-51
-50
-47
-49
-50
-48
-45
-47
-47
-45
-44
-39
-35
-39
-32
-31
-39
-31
-31
-23
-20
-11
1
-1
6
7
17
32
34
38
48
54
60
55
60
67
60
63
59
56
59
54
55
63
64
55
53
47
47
40
34
37
29
28
24
20
18
15
20
19
22
27
26
30
26
19
18
15
15
14
7
7
12
11
12
12
15
16
10
19
17
16
23
22
18
17
15
20
26
24
26
27
29
33
38
40
39
39
40
37
43
38
36
32
31
35
30
31
33
31
34
39
42
42
43
44
36
45
48
45
50
53
55
54
61
55
61
69
71
78
81
80
84
78
69
70
66
64
61
57
55
53
57
48
46
42
39
39
38
40
37
33
26
24
18
25
25
23
28
29
29
33
33
24
11
7
6
-1
-4
-6
-8
-7
-10
-8
-11
-10
-12
-10
-12
-15
-19
-28
-26
-26
-28
-23
-17
-11
-6
-6
-7
-10
-8
-21
-23
-25
-26
-21
-27
-33
-32
-38
-41
-39
-41
-43
-47
-46
-51
-58
-61
-61
-63
-71
-69
-67
-62
-56
-56
-57
-55
-55
-57
-55
-60
-64
-71
-68
-64
-67
-66
-62
-57
-53
-61
-59
-60
-59
-53
-60
-59
-66
-64
-61
-59
-56
-52
-43
-36
-30
-34
-34
-33
-35
-32
-32
-29
-31
-29
-25
-28
-24
-18
-11
-8
-6
-2
-1
-3
-2
-1
-7
-4
0
-4
4
5
7
11
13
15
15
18
12
0
1
-1
-2
-4
-3
0
5
4
0
1
3
2
5
8
6
4
2
3
2
4
4
5
10
10
8
4
7
4
3
0
-1
4
1
0
0
3
1
7
10
15
19
14
18
15
9
7
9
5
1
2
6
1
-3
0
0
7
4
8
5
7
8
4
2
-4
-2
-8
-15
-17
-15
-12
-11
-8
-4
2
5
4
6
-2
-3
4
5
5
12
10
10
16
11
13
17
21
20
25
32
30
27
25
27
26
25
22
31
29
24
25
23
27
25
29
28
24
21
24
26
26
25
24
18
17
18
13
15
9
3
-3
-1
-3
-9
-14
-13
-10
-7
-4
-1
4
2
4
6
10
13
19
18
24
29
22
24
29
33
37
44
42
48
45
45
47
38
41
41
37
37
44
45
41
44
45
46
47
46
49
49
46
45
44
44
39
30
28
24
22
22
24
22
17
10
17
16
4
3
-7
-12
-15
-15
-11
-13
-12
-11
-15
-13
-11
-15
-17
-22
-17
-19
-21
-18
-15
-10
-9
-1
9
13
16
15
20
24
21
18
19
18
13
12
12
14
9
3
12
16
13
11
8
7
4
0
-7
-11
-11
-14
-16
-10
-15
-18
-13
-13
-17
-17
-16
-14
-17
-20
-20
-27
-27
-21
-22
-21
-23
-24
-22
-24
-24
-23
-22
-25
-28
-28
-30
-31
-31
-27
-30
-34
-25
-26
-17
-12
-9
-7
-5
-6
-7
-5
-8
-6
-6
-4
0
5
6
5
7
7
4
3
7
14
8
13
6
8
9
-5
-1
-7
-9
-12
-13
-13
-19
-11
-6
-11
-8
-10
-5
1
-1
-2
4
4
1
2
-1
-3
-9
-3
-2
-1
-1
2
5
6
11
10
3
-1
2
-7
-11
-12
-18
-17
-13
-10
-12
-16
-13
-15
-18
-19
-22
-26
-28
-31
-36
-36
-39
-40
-40
-35
-38
-41
-35
-38
-39
-44
-46
-48
-46
-49
-49
-50
-45
-49
-57
-48
-45
-43
-40
-37
-34
-31
-32
-29
-28
-27
-24
-21
-11
-9
-13
-3
-3
-6
-8
-2
3
3
6
3
-3
-6
-14
-15
-15
-14
-15
-15
-17
-25
-29
-33
-36
-35
-34
-30
-34
-32
-26
-27
-24
-29
-26
-20
-10
-11
-12
-10
-8
-3
-6
3
12
16
17
19
21
20
20
13
14
11
14
13
15
21
30
36
38
44
49
55
56
58
53
50
50
48
45
46
45
37
41
42
46
44
41
42
39
38
35
31
29
29
25
23
20
17
12
6
4
1
-3
-5
-6
-7
-6
-12
-6
-9
-11
-9
-11
-7
-7
-5
-4
-6
-7
-2
-4
-10
-7
-10
0
2
-2
5
1
0
6
14
19
25
32
34
35
40
42
43
49
52
54
53
49
50
55
57
65
62
57
59
57
57
50
48
46
44
37
31
32
28
28
23
26
21
15
15
8
4
-1
-1
-6
-9
-8
-5
2
2
1
8
7
8
10
12
10
10
11
8
14
8
10
8
5
9
7
1
-5
-1
-4
-5
0
0
5
1
1
7
9
10
10
12
10
10
2
6
7
6
2
-1
4
11
13
12
12
4
2
-5
-16
-30
-31
-34
-37
-36
-33
-28
-23
-20
-17
-16
-17
-18
-17
-16
-23
-28
-30
-33
-36
-39
-45
-40
-35
-34
-28
-28
-20
-16
-19
-20
-29
-39
-43
-53
-63
-69
-68
-61
-61
-59
-60
-53
-47
-49
-48
-46
-49
-45
-48
-51
-50
-51
-55
-53
-54
-55
-50
-54
-51
-48
-55
-52
-51
-53
-50
-49
-51
-54
-52
-52
-48
-45
-41
-36
-34
-33
-30
-30
-29
-24
-25
-19
-11
-7
0
5
10
15
16
24
24
18
12
16
17
18
26
21
19
23
18
23
25
29
34
40
42
39
36
34
33
25
21
12
10
11
14
16
16
17
19
12
11
9
3
6
3
-5
-8
-15
-13
-10
-3
0
0
10
13
12
7
12
10
11
8
5
7
8
10
17
18
21
22
18
20
20
19
11
6
3
-1
-6
-8
-8
-5
-6
-6
-2
2
1
-3
-4
-9
-15
-9
-8
-7
0
1
6
9
14
18
20
26
23
26
22
16
15
13
15
15
20
27
33
33
34
40
39
38
44
53
54
54
58
55
53
56
55
49
51
55
58
64
63
62
62
58
58
58
59
58
49
48
51
53
51
51
49
45
43
44
52
52
53
57
55
53
48
44
42
40
39
41
42
43
51
47
41
40
40
36
30
21
15
20
12
13
14
15
14
9
8
12
16
7
13
8
5
5
4
6
1
5
-5
-7
-5
-4
-2
3
3
4
4
5
5
3
0
-3
-3
-7
-6
-13
-14
-15
-27
-35
-41
-40
-36
-38
-39
-34
-37
-44
-48
-56
-61
-69
-74
-79
-74
-68
-66
-62
-62
-56
-54
-51
-50
-44
-40
-40
-32
-30
-26
-24
-19
-16
-17
-20
-16
-14
-10
-4
-1
-1
1
9
4
3
7
4
7
8
12
5
0
1
-1
-3
-2
-2
-10
-13
-14
-21
-26
-32
-37
-37
-43
-49
-54
-57
-56
-57
-60
-61
-58
-61
-54
-52
-53
-54
-61
-61
-56
-56
-62
-54
-54
-56
-49
-45
-39
-39
-36
-27
-24
-20
-22
-15
-13
-16
-7
-6
-5
-7
-6
-6
-2
-1
2
5
5
10
12
18
17
30
32
35
44
42
36
34
38
36
32
30
32
33
33
29
26
24
27
31
30
27
17
20
15
17
15
11
8
3
2
-9
-6
-5
-6
-5
-8
-8
-9
-13
-11
-10
-12
-9
-8
-11
-14
-15
-16
-18
-22
-23
-24
-19
-14
-7
-6
-6
-5
-9
-11
-10
-10
-13
-16
-19
-14
-11
-14
-13
-8
-11
-8
1
1
-8
-6
-8
-11
-7
-11
-8
-2
-5
-3
4
5
7
8
5
1
2
2
-4
-4
3
6
6
6
5
10
13
17
16
13
14
9
9
5
5
-1
5
9
7
18
16
13
20
16
13
14
14
17
15
12
10
9
12
12
12
12
8
16
11
10
2
1
2
2
4
9
15
18
21
27
34
35
32
32
28
22
20
17
24
25
23
16
19
24
25
28
22
18
20
16
12
13
16
14
13
16
15
14
14
17
18
21
21
23
23
24
20
14
12
9
13
17
19
15
18
20
24
19
9
7
1
-5
-8
-10
-10
-10
-11
-11
-7
-9
-12
-8
-5
-9
-8
-8
-12
-14
-17
-14
-13
-15
-16
-11
-6
-5
-10
-11
-13
-20
-19
-16
-22
-21
-17
-25
-26
-21
-18
-14
-12
-9
-6
-9
-8
-7
-8
-12
-17
-8
-12
-10
-8
-8
-5
-4
-2
-1
-1
2
7
5
5
1
-1
-7
-10
-10
-8
-11
-11
-3
-3
3
6
0
6
10
5
3
-3
-6
-4
-4
-3
-6
-3
-2
-2
-4
-4
-1
0
6
8
9
6
2
5
7
-2
2
5
0
-1
0
3
-3
-6
-1
-5
-8
-10
-6
-5
-2
-5
-16
-19
-17
-15
-17
-19
-13
-17
-14
-12
-13
-15
-18
-20
-15
-17
-21
-12
-12
-9
-10
-3
0
0
4
-1
3
9
8
9
-1
-1
4
0
2
-4
-5
-6
-9
-11
-11
-11
-14
-11
-9
-7
-10
-8
-9
-19
-18
-15
-16
-16
-11
-11
-18
-19
-17
-15
-13
-10
-12
-15
-11
-10
-9
-11
-8
-12
-14
-9
-9
-12
-14
-15
-15
-14
-16
-18
-24
-25
-27
-22
-21
-19
-14
-13
-12
-11
-7
-5
2
7
5
11
8
5
9
3
12
14
17
17
16
16
16
15
13
13
18
17
18
22
17
21
17
12
20
20
21
17
16
17
17
14
13
9
14
15
13
18
15
16
14
9
9
9
6
-1
-5
-7
-8
-7
-3
-4
-3
2
1
0
2
3
0
2
5
7
7
8
12
10
9
15
19
18
21
15
17
13
9
12
9
12
9
6
2
-3
-4
-5
-4
5
11
13
14
15
25
26
27
32
37
33
34
37
36
38
39
45
48
50
45
46
51
49
47
51
42
40
40
32
37
34
40
39
41
46
46
46
46
42
41
46
48
44
43
40
38
40
38
36
31
33
36
41
40
36
30
28
25
22
24
23
28
26
31
34
27
28
24
22
24
21
22
25
22
22
23
21
18
17
14
15
8
5
10
5
2
3
-2
-4
-1
-2
1
2
7
8
6
7
3
2
2
0
3
4
3
1
2
-2
-3
-10
-13
-14
-10
-8
-13
-14
-19
-24
-25
-25
-27
-28
-36
-39
-37
-40
-45
-53
-50
-52
-50
-56
-56
-55
-59
-61
-56
-54
-54
-53
-60
-61
-70
-75
-78
-85
-83
-79
-83
-74
-72
-68
-64
-70
-69
-72
-70
-69
-69
-69
-71
-65
-58
-56
-57
-64
-67
-66
-67
-69
-67
-69
-69
-71
-71
-72
-72
-59
-58
-46
-40
-35
-22
-14
-19
-19
-13
-17
-11
-6
0
2
1
4
6
3
0
6
8
8
7
5
3
3
-1
-5
-12
-15
-18
-16
-19
-17
-12
-14
-11
-11
-7
-11
-5
-1
-2
-5
-3
0
-7
-7
-10
-14
-15
-20
-23
-25
-25
-30
-30
-34
-34
-29
-26
-23
-23
-22
-20
-18
-14
-5
-8
-4
-3
7
11
13
17
17
15
19
23
22
23
19
21
18
17
15
19
24
23
27
27
25
30
29
26
28
33
30
28
31
28
30
32
30
34
32
27
31
30
36
38
32
30
24
19
22
16
12
14
10
17
16
20
25
26
30
36
35
33
32
29
41
40
41
40
35
42
37
38
33
33
31
30
31
31
34
31
35
29
31
40
37
38
41
36
35
35
34
37
39
41
38
41
37
36
35
32
35
38
37
34
40
42
37
35
32
27
27
27
25
30
33
37
38
38
41
49
43
47
47
47
52
48
52
49
53
47
43
45
38
37
35
34
30
28
20
12
2
6
8
3
0
-6
-6
-9
-13
-20
-23
-25
-31
-31
-32
-35
-36
-39
-39
-44
-43
-50
-47
-52
-57
-65
-71
-69
-72
-69
-69
-68
-67
-68
-66
-68
-73
-63
-59
-55
-51
-48
-53
-48
-52
-50
-37
-44
-39
-37
-35
-33
-31
-34
-35
-35
-35
-32
-39
-35
-34
-33
-31
-29
-27
-30
-32
-32
-26
-29
-32
-29
-24
-30
-22
-24
-31
-23
-25
-22
-20
-18
-21
-19
-16
-24
-26
-33
-33
-30
-27
-19
-15
-14
-8
-1
2
2
0
2
1
1
4
2
-4
-1
-3
-5
3
4
10
14
10
10
14
9
4
4
-2
2
-1
6
11
11
18
13
7
10
13
7
9
13
9
11
7
-1
-1
-3
0
-1
0
2
0
4
0
0
0
-4
-4
-9
-10
-8
-14
-10
-10
-7
-6
-5
-4
-9
-3
-7
-4
-5
-4
-5
-6
-6
-7
-5
-12
-11
-13
-11
-14
-18
-17
-19
-14
-17
-19
-15
-10
-6
-12
-12
-16
-18
-15
-14
-12
-8
1
3
2
4
8
7
11
7
8
6
5
2
-3
-2
3
5
8
18
21
19
22
23
26
21
18
23
21
24
30
28
33
36
41
46
50
48
51
50
45
41
37
36
34
28
31
32
33
33
33
36
43
42
40
40
35
36
38
39
40
35
33
29
29
34
31
30
31
33
33
35
30
26
22
21
13
16
22
22
28
34
36
37
34
30
29
27
29
22
23
21
23
25
23
25
19
20
18
17
10
0
3
-4
-2
1
-1
-7
-6
-4
-3
-5
-1
-2
-6
-1
-6
-6
-11
-10
-10
-12
-7
-5
-3
3
5
9
10
6
0
-3
-1
-1
2
-1
7
13
13
17
17
20
19
17
17
20
16
14
11
11
16
18
23
26
29
27
30
39
39
41
45
38
34
27
22
20
20
17
20
25
19
26
27
19
14
11
4
-6
-5
-11
-20
-21
-28
-32
-28
-24
-25
-20
-11
-10
-21
-19
-14
-24
-28
-23
-27
-31
-25
-30
-27
-28
-30
-26
-23
-23
-25
-22
-22
-23
-20
-22
-23
-25
-22
-19
-13
-10
-9
-8
-14
-19
-23
-18
-17
-15
-16
-18
-17
-16
-17
-18
-22
-25
-27
-28
-26
-29
-29
-29
-28
-29
-35
-32
-34
-33
-32
-37
-35
-43
-41
-42
-48
-52
-51
-56
-59
-50
-48
-43
-42
-40
-39
-38
-37
-37
-34
-33
-35
-28
-33
-32
-28
-31
-31
-33
-28
-24
-21
-30
-32
-30
-34
-37
-37
-37
-35
-29
-28
-26
-24
-20
-18
-19
-15
-7
-10
-14
-16
-19
-20
-13
-8
-6
-4
-5
-2
2
0
5
4
0
1
-2
-4
-4
-4
1
4
4
7
5
0
-7
-9
-11
-19
-22
-20
-16
-14
-21
-20
-20
-19
-19
-21
-14
-11
-11
-10
-17
-20
-16
-13
-15
-13
-13
-17
-14
-9
-6
-7
3
3
0
0
1
3
0
1
4
2
7
11
16
21
16
21
24
24
27
31
28
27
28
30
37
37
42
43
42
40
45
43
43
41
38
43
39
43
46
50
50
48
51
45
41
43
37
36
37
33
34
33
32
35
39
38
33
34
34
32
33
27
19
19
14
12
14
14
18
22
25
17
14
8
4
5
-3
-6
-4
0
-1
-6
-8
-13
-10
-13
-14
-5
-4
-3
0
0
4
7
4
6
12
19
21
25
29
33
41
38
37
31
28
31
32
38
36
36
41
42
37
35
32
33
30
26
24
25
28
26
29
27
33
37
35
37
37
38
36
36
36
33
33
33
28
30
30
30
24
25
26
22
16
9
2
-6
-9
-9
-16
-18
-23
-23
-22
-27
-24
-29
-26
-27
-29
-30
-36
-38
-39
-40
-39
-33
-30
-31
-30
-28
-28
-33
-33
-31
-31
-35
-31
-33
-33
-29
-30
-30
-34
-30
-28
-20
-12
-7
-12
-12
-13
-11
-5
-8
0
-2
-2
2
8
8
16
10
11
14
2
9
7
3
7
7
7
3
-2
-4
-9
-10
-15
-19
-22
-26
-36
-40
-43
-41
-38
-46
-48
-51
-48
-54
-55
-53
-54
-57
-61
-57
-65
-68
-72
-73
-76
-79
-75
-80
-85
-90
-96
-99
-96
-97
-90
-90
-90
-83
-85
-82
-83
-84
-80
-82
-81
-73
-70
-67
-63
-57
-54
-51
-46
-44
-40
-38
-24
-20
-10
-4
-2
7
6
19
18
24
28
25
26
33
36
39
42
43
54
63
69
76
81
78
79
73
79
78
76
77
73
72
67
67
67
61
61
58
50
50
49
42
37
43
35
27
24
18
14
3
-1
-3
2
0
-9
-19
-21
-20
-24
-24
-22
-17
-16
-14
-14
-16
-15
-14
-16
-16
-14
-12
-8
-3
-1
0
4
-1
3
9
9
20
20
21
21
22
22
29
35
32
41
49
51
56
63
63
65
67
66
68
70
71
74
77
76
82
87
85
86
86
83
80
74
69
64
62
59
56
52
56
52
48
47
44
44
38
35
24
26
27
25
24
21
22
24
22
24
24
20
23
20
13
15
15
19
23
19
18
19
21
20
22
24
25
26
29
30
35
39
39
49
52
57
62
62
63
71
71
79
81
76
77
72
68
61
57
51
47
45
46
47
45
39
33
27
30
30
21
18
14
5
1
-1
1
-6
-8
-12
-13
-12
-23
-24
-33
-42
-38
-44
-52
-55
-56
-58
-61
-61
-67
-71
-80
-84
-89
-97
-99
-103
-109
-113
-111
-112
-119
-118
-120
-120
-116
-114
-114
-113
-112
-112
-110
-110
-103
-98
-95
-90
-85
-84
-84
-80
-72
-68
-67
-65
-62
-57
-57
-52
-43
-43
-36
-29
-27
-24
-28
-26
-23
-21
-18
-16
-15
-8
-2
-1
0
2
3
-4
-8
-20
-19
-21
-26
-18
-25
-24
-26
-32
-26
-22
-24
-23
-23
-24
-26
-34
-38
-44
-45
-43
-41
-47
-45
-37
-38
-37
-40
-40
-44
-47
-42
-45
-41
-45
-47
-48
-41
-37
-33
-30
-31
-23
-21
-21
-21
-17
-15
-15
-11
-7
2
4
8
19
24
31
32
32
36
38
44
43
43
45
45
45
46
50
48
51
44
43
46
47
48
45
53
55
48
48
46
42
42
40
43
39
40
32
27
22
18
15
14
15
16
17
13
10
5
3
-2
-8
-11
-14
-11
-10
-13
-12
-13
-12
-10
-10
-12
-11
-1
2
4
7
7
6
4
14
22
28
35
37
46
49
54
57
57
59
60
58
55
55
55
60
57
57
59
61
59
63
66
63
59
58
57
56
64
68
65
61
68
69
72
74
70
77
78
78
80
75
67
64
64
66
63
61
52
47
44
39
40
41
40
37
39
29
21
24
21
19
20
14
12
9
3
-2
-7
-4
-4
-8
-11
-9
-13
-16
-13
-17
-20
-23
-25
-31
-33
-34
-37
-38
-36
-35
-35
-34
-30
-28
-27
-24
-24
-23
-23
-19
-15
-19
-25
-21
-22
-22
-25
-23
-29
-31
-29
-34
-37
-40
-43
-53
-57
-55
-54
-55
-58
-57
-51
-55
-55
-60
-67
-64
-64
-62
-65
-65
-68
-69
-71
-68
-67
-68
-66
-67
-64
-65
-61
-64
-64
-60
-60
-48
-44
-44
-43
-37
-28
-30
-25
-20
-14
-15
-14
-9
-11
-16
-16
-13
-10
-1
3
9
8
10
9
10
9
9
7
2
4
6
13
14
20
19
20
21
17
20
18
20
27
23
22
22
16
10
6
8
6
8
11
12
11
5
0
-3
-11
-16
-27
-33
-28
-31
-33
-30
-36
-39
-41
-45
-45
-45
-44
-44
-43
-40
-48
-42
-46
-48
-47
-42
-37
-38
-28
-25
-31
-29
-28
-32
-29
-30
-26
-23
-20
-15
-8
-4
-1
-2
0
0
-2
-3
-7
-4
-8
-4
1
7
10
16
17
18
28
25
26
31
31
38
40
38
41
40
42
41
43
47
49
48
47
51
51
47
47
43
34
37
35
37
39
33
33
34
32
27
26
22
21
17
21
26
26
33
33
36
33
33
33
27
25
23
24
25
28
29
27
31
31
36
33
34
34
25
20
17
16
18
11
12
16
17
17
18
22
25
30
35
44
40
39
38
42
45
45
51
53
54
57
58
60
56
48
49
45
39
29
26
21
16
17
20
20
18
11
8
5
-2
2
-3
-7
-9
-6
-7
-16
-19
-20
-16
-17
-14
-15
-14
-16
-19
-19
-21
-20
-28
-28
-29
-29
-30
-33
-30
-27
-20
-19
-18
-25
-26
-27
-29
-31
-31
-22
-15
-14
-12
-14
-14
-14
-8
-2
-4
4
1
5
12
12
15
19
20
17
23
20
16
18
16
14
14
9
10
17
15
18
21
21
20
17
21
18
10
7
-2
-4
0
0
0
2
4
-5
-13
-3
-3
-6
-5
-4
-5
-4
-1
-3
-10
-9
-6
-11
-7
-4
-14
-9
-6
-9
-5
-3
0
-5
-4
-10
-13
-12
-15
-12
-10
-9
-6
-6
-11
-12
-16
-20
-25
-28
-31
-37
-35
-35
-36
-31
-32
-26
-25
-21
-23
-26
-30
-38
-38
-39
-40
-37
-29
-26
-22
-23
-22
-18
-20
-20
-20
-21
-20
-20
-26
-26
-33
-29
-21
-20
-19
-19
-22
-22
-22
-21
-19
-24
-23
-25
-23
-23
-20
-18
-20
-14
-12
-14
-20
-22
-22
-16
-12
-15
-16
-13
-13
-20
-19
-14
-13
-11
-11
-11
-11
-11
-14
-14
-12
-11
-10
-12
-8
-11
-12
-16
-11
-7
-5
2
3
7
7
8
13
13
15
18
20
21
23
27
23
22
23
24
25
29
28
27
29
28
30
28
30
29
24
24
17
20
23
19
23
24
22
20
12
6
4
-2
-5
-3
-7
-7
-5
-13
-12
-13
-20
-25
-28
-28
-26
-31
-35
-32
-34
-34
-35
-34
-35
-32
-34
-40
-38
-39
-38
-33
-27
-19
-10
-7
-9
-5
-5
-2
3
1
4
8
7
6
11
17
20
21
20
20
22
26
19
15
9
4
5
3
4
4
2
-3
2
-2
5
14
10
8
3
4
6
5
10
8
9
12
9
8
6
7
13
14
12
11
14
16
13
13
16
15
12
17
22
24
21
27
27
23
27
25
22
25
25
25
31
36
40
45
43
47
48
41
36
35
39
40
46
46
44
39
38
35
34
31
27
31
31
28
27
26
19
17
15
14
14
13
13
12
12
11
9
14
15
17
22
22
16
16
8
4
5
6
7
-3
-9
-11
-12
-9
-12
-14
-13
-15
-9
-5
-2
-1
4
9
12
13
16
15
15
10
6
8
-1
-3
-2
-2
-6
-4
0
5
5
2
0
3
-3
-8
-8
-10
-11
-8
-15
-16
-17
-16
-16
-19
-18
-14
-8
-7
-7
-16
-23
-27
-24
-29
-32
-36
-38
-40
-44
-46
-49
-42
-50
-41
-39
-41
-37
-41
-48
-53
-52
-52
-54
-53
-58
-54
-46
-41
-35
-34
-33
-28
-29
-27
-27
-32
-40
-41
-38
-36
-34
-39
-33
-28
-23
-22
-18
-14
-15
-20
-22
-18
-14
-12
-6
-4
1
8
9
5
8
18
17
21
20
19
18
11
18
14
18
24
27
32
32
36
35
33
34
34
34
33
27
23
18
18
21
23
20
20
16
18
21
20
13
5
-6
-13
-15
-18
-16
-18
-18
-18
-19
-22
-23
-31
-36
-43
-44
-44
-42
-40
-46
-46
-43
-42
-42
-45
-48
-42
-42
-41
-40
-38
-41
-46
-37
-33
-33
-30
-26
-25
-21
-11
-4
-1
5
11
8
10
7
3
9
12
6
9
9
8
20
12
16
18
14
15
16
15
14
20
22
27
28
24
21
21
13
13
11
8
11
4
0
-3
0
3
3
11
10
16
13
12
10
7
5
0
0
-4
0
3
4
6
12
14
13
18
22
30
34
28
30
31
38
45
49
54
53
54
61
65
63
64
65
68
73
73
76
74
76
82
85
85
86
92
90
89
86
86
90
91
90
89
86
82
79
80
80
78
74
74
70
67
62
55
46
41
37
33
31
27
25
17
19
12
2
-2
-6
-18
-23
-28
-29
-26
-23
-20
-22
-24
-22
-21
-22
-17
-27
-25
-27
-30
-31
-33
-29
-29
-29
-31
-30
-30
-28
-22
-21
-18
-17
-16
-14
-11
-7
-10
-9
-6
-8
-5
0
7
3
-1
3
-1
1
5
12
14
16
20
16
19
21
18
18
20
18
17
10
5
6
-5
-6
-7
-10
-11
-15
-22
-26
-28
-32
-38
-46
-48
-50
-56
-56
-61
-63
-56
-56
-56
-61
-58
-61
-66
-67
-59
-51
-50
-49
-53
-49
-49
-52
-57
-62
-55
-59
-55
-61
-60
-57
-57
-57
-58
-48
-46
-48
-48
-44
-42
-39
-38
-37
-31
-27
-21
-16
-12
-6
-1
11
14
18
24
22
16
12
17
13
14
12
9
11
7
9
8
6
6
6
2
-3
-6
-11
-12
-20
-22
-19
-21
-19
-17
-11
-12
-18
-16
-14
-17
-22
-25
-24
-25
-29
-27
-32
-37
-37
-38
-32
-32
-34
-37
-42
-46
-46
-51
-49
-47
-44
-44
-51
-47
-46
-48
-53
-54
-53
-51
-44
-39
-38
-34
-36
-39
-29
-27
-28
-25
-23
-15
-17
-14
-10
-8
-8
-4
6
13
19
20
22
27
34
35
42
44
42
47
51
52
55
52
55
57
66
71
78
79
74
81
77
81
74
69
71
71
71
67
70
67
60
65
70
66
62
60
59
52
48
50
45
40
37
32
34
34
32
33
28
23
18
11
14
11
10
3
-1
8
9
15
13
2
11
2
1
12
6
4
3
1
0
2
-4
-3
2
-2
3
5
3
5
7
9
9
15
21
18
22
21
20
26
26
28
25
27
31
35
40
39
43
45
48
47
50
47
48
43
37
36
30
26
18
13
12
12
9
5
8
3
1
4
3
-3
-6
-2
-3
-6
-3
-8
-2
-6
-11
-11
-21
-14
-17
-25
-24
-19
-23
-22
-24
-31
-23
-23
-22
-15
-14
-13
-14
-12
-13
-12
-10
-10
-10
-11
-9
-11
-12
-3
-4
0
5
5
5
5
9
7
6
6
2
-2
-6
-12
-18
-20
-16
-8
-2
3
7
12
4
1
1
-10
-12
-11
-6
-12
-22
-28
-35
-31
-34
-37
-43
-45
-47
-49
-55
-61
-53
-57
-51
-53
-53
-49
-54
-51
-50
-52
-60
-57
-62
-64
-63
-71
-68
-73
-73
-68
-68
-63
-60
-63
-65
-65
-68
-70
-70
-71
-66
-58
-53
-48
-48
-44
-42
-35
-35
-27
-24
-18
-18
-27
-27
-27
-29
-28
-20
-17
-9
-5
4
13
18
21
20
20
18
24
22
20
24
21
18
21
25
21
23
26
30
37
33
26
28
22
21
17
10
13
14
13
9
7
6
3
6
6
4
8
9
12
16
17
20
18
13
15
12
12
14
14
6
0
-1
-3
-4
-9
-8
-7
-11
-13
-10
-11
-13
-15
-21
-26
-30
-29
-29
-24
-19
-15
-7
-4
3
2
8
8
6
7
2
0
-1
-5
-5
1
7
13
22
25
35
44
36
31
26
32
33
30
31
37
36
36
42
44
47
49
48
47
48
40
36
33
35
40
43
46
47
48
44
42
39
33
24
20
25
22
17
16
18
14
16
19
13
19
12
9
10
6
7
2
0
-2
-1
-7
-2
6
9
12
14
17
21
21
25
29
27
33
30
26
29
29
31
31
31
40
44
45
50
38
40
42
35
31
21
29
32
35
34
40
46
47
45
45
42
33
33
29
28
32
32
30
23
26
25
24
18
16
17
19
19
12
13
5
1
2
-5
-4
3
3
6
2
-2
1
0
-2
-1
3
12
11
10
7
9
10
9
11
11
14
18
19
19
16
9
6
11
12
10
8
1
3
7
3
0
-5
-8
-6
-18
-19
-19
-17
-11
-12
-10
-12
-16
-22
-27
-26
-28
-30
-39
-45
-41
-37
-39
-40
-35
-33
-31
-26
-22
-15
-14
-18
-15
-18
-25
-23
-21
-24
-18
-20
-18
-16
-20
-14
-7
-8
-11
-16
-18
-21
-24
-33
-31
-41
-42
-35
-38
-34
-36
-36
-41
-44
-45
-49
-52
-55
-58
-60
-64
-59
-58
-65
-64
-65
-65
-65
-67
-67
-73
-76
-77
-77
-78
-83
-78
-71
-65
-57
-51
-47
-45
-49
-51
-56
-61
-57
-62
-62
-57
-50
-41
-36
-30
-24
-16
-17
-19
-18
-11
-16
-17
-10
-10
1
6
6
4
2
2
2
10
16
15
12
12
7
4
-1
2
-3
-4
-4
-5
1
1
-4
-8
-7
-6
-6
-15
-15
-14
-7
-4
-7
2
1
-5
-3
-6
-11
-4
-6
-3
-4
1
6
-2
3
2
-3
-1
0
3
4
2
6
1
-2
0
-1
9
9
15
18
21
20
18
24
22
22
20
14
19
29
28
29
25
19
16
19
16
17
19
12
13
17
20
26
28
30
33
35
32
29
31
36
36
37
39
44
53
56
51
56
56
47
57
59
59
63
67
71
65
65
58
47
46
48
46
40
39
34
43
44
41
42
43
45
44
44
45
48
39
42
46
49
51
51
49
45
43
36
33
29
23
23
27
29
32
34
33
38
34
37
39
34
34
32
27
22
23
17
18
26
26
28
33
35
30
31
28
27
24
24
27
29
30
32
33
33
34
35
31
22
22
18
20
18
14
16
18
19
21
18
15
18
15
14
11
1
-8
-11
-12
-12
-17
-20
-28
-30
-30
-33
-37
-38
-39
-51
-54
-51
-51
-53
-46
-49
-43
-45
-52
-51
-56
-58
-59
-59
-64
-60
-56
-56
-55
-56
-57
-60
-58
-52
-50
-55
-51
-55
-54
-55
-59
-60
-62
-57
-59
-55
-54
-53
-52
-50
-53
-52
-45
-45
-39
-43
-43
-49
-53
-51
-54
-54
-52
-55
-59
-55
-48
-44
-47
-43
-42
-35
-30
-26
-23
-17
-18
-16
-11
-10
-7
-11
-17
-13
-15
-14
-7
-16
-19
-18
-19
-20
-22
-25
-22
-25
-23
-21
-29
-20
-20
-17
-16
-18
-16
-20
-24
-22
-25
-27
-30
-26
-21
-20
-18
-17
-16
-17
-15
-18
-20
-23
-19
-17
-17
-18
-19
-15
-16
-11
-7
0
-2
-6
-1
-4
-9
-7
0
1
6
13
11
10
4
6
0
3
5
4
11
11
6
1
3
-2
-2
-3
-8
-11
-5
2
-1
-3
1
3
11
11
11
11
8
10
16
18
20
21
13
11
13
15
17
19
26
26
31
31
28
29
21
25
27
29
32
25
24
19
28
33
31
34
37
43
45
38
38
38
37
38
37
40
43
43
45
49
54
54
62
67
70
70
64
65
57
60
64
63
68
68
74
76
77
75
71
70
64
57
58
52
49
52
57
55
60
63
61
65
62
65
66
62
62
59
55
55
55
50
54
54
55
52
48
56
45
43
35
30
26
18
14
13
11
2
3
2
2
-3
-10
-12
-18
-21
-25
-28
-30
-25
-26
-28
-24
-29
-27
-26
-26
-20
-20
-21
-22
-25
-23
-24
-21
-19
-18
-14
-11
-6
0
6
6
9
13
17
14
9
12
12
14
17
26
24
33
41
46
47
47
44
37
33
31
31
28
28
31
31
29
31
31
29
23
19
17
19
12
4
3
-2
-5
-4
-5
-9
-5
-7
-7
-12
-15
-23
-27
-33
-41
-40
-43
-46
-50
-56
-66
-66
-70
-75
-72
-73
-79
-83
-84
-77
-80
-84
-85
-85
-78
-77
-80
-84
-79
-85
-85
-88
-93
-93
-93
-88
-81
-78
-71
-69
-65
-66
-69
-58
-57
-59
-59
-57
-46
-47
-46
-41
-37
-30
-31
-23
-25
-23
-26
-29
-25
-23
-26
-28
-29
-30
-26
-28
-28
-23
-22
-30
-29
-29
-28
-24
-26
-30
-32
-35
-35
-39
-36
-35
-35
-36
-33
-30
-33
-35
-41
-45
-40
-48
-54
-52
-49
-46
-47
-40
-37
-32
-34
-33
-26
-28
-25
-22
-17
-17
-16
-11
-11
-8
-3
-1
-2
-4
-8
-6
-3
-3
-3
2
4
5
8
10
17
22
24
29
30
31
35
38
38
34
37
35
39
42
48
52
56
55
63
66
58
62
59
55
51
48
54
53
52
54
51
53
51
45
47
44
45
43
50
52
58
62
61
67
64
63
63
60
57
51
54
54
55
57
51
48
52
50
44
37
32
34
40
38
38
42
41
42
46
50
46
52
50
49
53
49
49
40
37
36
39
44
44
42
42
40
44
51
44
45
43
37
37
34
38
40
32
30
36
45
42
50
56
51
47
46
50
53
45
37
32
22
22
20
21
18
11
8
6
2
-2
-9
-13
-13
-19
-27
-27
-35
-37
-34
-35
-30
-31
-36
-34
-34
-38
-35
-41
-42
-45
-44
-35
-36
-37
-35
-32
-32
-33
-27
-22
-21
-18
-18
-19
-15
-8
-1
0
5
6
6
10
11
11
8
8
8
4
4
-2
-5
0
0
4
2
0
2
-1
-9
-10
-9
-8
-11
-16
-13
-16
-19
-22
-28
-34
-37
-37
-40
-37
-37
-35
-41
-44
-46
-55
-56
-64
-68
-67
-66
-62
-62
-62
-67
-70
-74
-73
-77
-82
-84
-85
-92
-86
-85
-89
-83
-79
-77
-73
-76
-81
-84
-81
-82
-82
-83
-83
-84
-86
-78
-78
-77
-68
-67
-63
-56
-50
-46
-42
-31
-28
-28
-25
-25
-22
-15
-11
-10
-3
-3
2
2
4
4
1
5
-1
1
2
4
7
4
2
1
5
5
2
2
8
11
13
13
10
17
18
12
11
16
22
16
17
11
6
2
-1
-2
0
1
0
1
0
8
4
1
2
-2
-7
-11
-5
-3
0
3
9
10
10
17
17
15
18
17
9
10
8
10
12
21
25
24
23
25
27
32
38
37
34
36
39
40
43
46
48
45
48
45
47
51
53
60
60
56
55
56
51
55
55
55
59
55
55
58
54
52
55
57
54
52
56
52
56
55
51
48
46
44
43
46
43
37
36
38
40
44
47
44
42
44
47
43
39
36
40
42
39
43
41
41
42
38
39
43
39
40
40
37
36
35
36
39
35
26
28
25
22
22
18
25
30
31
29
22
24
27
25
21
24
26
28
35
38
40
43
41
37
33
37
33
27
27
22
25
24
25
26
29
32
31
33
32
32
25
21
12
15
17
11
9
5
7
9
11
10
8
7
9
6
6
4
0
-2
-6
-11
-12
-17
-17
-20
-28
-30
-32
-34
-33
-32
-33
-27
-31
-35
-39
-44
-45
-45
-41
-43
-40
-39
-35
-35
-35
-32
-37
-33
-33
-39
-39
-39
-41
-39
-37
-40
-42
-40
-46
-46
-51
-53
-52
-56
-55
-60
-59
-59
-55
-51
-49
-45
-49
-52
-54
-57
-66
-68
-66
-68
-62
-63
-59
-61
-62
-63
-68
-65
-65
-65
-65
-62
-64
-62
-55
-57
-55
-52
-57
-55
-57
-60
-50
-47
-41
-36
-39
-35
-31
-29
-30
-30
-31
-28
-25
-26
-18
-13
-3
1
8
14
16
17
12
17
17
22
19
25
29
26
32
24
22
18
13
15
9
11
9
5
4
0
7
4
1
-2
-6
-5
-14
-15
-13
-13
-10
-7
-6
-10
-10
-13
-14
-13
-17
-19
-16
-19
-17
-17
-13
-8
-6
-4
-6
-8
-20
-16
-14
-15
-15
-21
-17
-15
-10
-10
-10
0
1
4
-3
-2
2
4
1
-6
2
2
1
2
10
17
17
16
15
17
21
26
24
26
29
27
35
40
41
53
57
60
58
60
61
67
69
64
60
55
56
50
48
48
46
42
38
39
49
48
48
47
47
49
48
47
33
37
28
22
30
27
30
32
36
32
27
19
17
15
10
12
8
6
8
4
5
5
4
10
10
4
2
1
0
-4
-1
4
8
14
15
14
21
25
27
30
28
25
22
25
23
15
24
34
32
30
33
38
40
36
34
37
40
36
28
31
34
30
29
27
30
32
33
33
32
32
24
25
17
7
3
-4
-9
-15
-16
-21
-24
-21
-22
-21
-20
-28
-30
-30
-37
-33
-34
-31
-31
-24
-28
-29
-23
-27
-20
-20
-11
-18
-22
-20
-23
-20
-16
-18
-26
-27
-29
-26
-25
-26
-32
-32
-25
-25
-25
-23
-24
-20
-16
-16
-20
-18
-17
-26
-30
-33
-37
-39
-37
-43
-44
-44
-44
-40
-37
-39
-37
-41
-42
-39
-42
-40
-43
-45
-41
-36
-39
-36
-27
-29
-32
-27
-27
-20
-20
-20
-20
-26
-27
-34
-38
-43
-35
-28
-31
-30
-22
-21
-20
-20
-21
-20
-23
-19
-21
-21
-20
-21
-23
-11
-8
0
8
3
3
0
5
-2
-2
3
3
6
11
17
13
9
6
8
10
11
3
-1
2
1
3
4
3
13
12
11
14
15
14
15
19
13
6
7
6
1
3
8
7
5
7
13
4
1
-6
-10
-6
-2
-4
-8
-10
-11
-12
-15
-11
-11
-9
-13
-15
-9
-7
-9
-12
-8
-13
-11
-17
-20
-16
-18
-12
-8
-6
-8
2
4
-2
4
4
8
14
14
15
14
16
21
15
17
20
24
26
24
20
19
21
26
41
46
47
51
49
39
39
41
35
29
27
31
27
25
31
34
38
45
49
50
50
44
34
28
29
23
21
10
10
9
5
8
5
12
13
13
12
12
8
13
8
-1
-5
-3
-7
-11
-5
-1
0
8
9
4
6
9
15
13
16
16
12
14
4
9
6
-1
-2
2
11
12
18
18
31
31
25
31
18
27
27
24
23
25
27
29
23
22
25
17
13
21
23
20
19
17
13
9
10
3
3
-1
2
-1
-3
1
-3
0
-4
-6
-8
-11
-7
-9
-9
-7
-13
-14
-10
-15
-16
-21
-24
-28
-34
-31
-39
-44
-42
-45
-40
-42
-45
-44
-48
-46
-36
-40
-35
-25
-22
-18
-9
0
-3
-4
-5
-8
-8
-6
-7
-9
-13
-9
-13
-6
0
-1
2
8
11
11
12
11
5
4
5
6
12
13
16
19
19
20
23
23
19
13
9
7
5
4
1
1
3
7
9
3
2
4
4
4
6
5
11
15
21
27
22
23
21
21
25
31
29
27
26
31
29
28
30
31
29
28
26
26
31
32
34
31
34
31
23
24
17
11
10
10
10
10
13
13
19
21
19
21
22
17
5
6
8
9
8
4
7
5
-4
-8
-8
-10
-15
-14
-12
-17
-19
-19
-25
-21
-26
-26
-28
-34
-35
-41
-42
-36
-46
-49
-43
-50
-48
-55
-55
-55
-57
-54
-58
-62
-62
-63
-64
-67
-73
-72
-67
-54
-51
-44
-44
-38
-39
-34
-28
-29
-32
-38
-34
-32
-26
-23
-16
-8
-8
-3
4
6
2
-1
4
8
8
5
9
11
9
4
2
4
-5
-4
-1
6
1
-3
-5
0
1
-7
-8
-6
4
3
2
5
1
-1
-1
-4
-5
-9
-7
-8
-5
-3
-8
-7
-1
-3
-1
5
5
1
-5
-8
-6
-3
2
-3
-2
-1
1
3
0
-2
-9
-11
-20
-17
-21
-22
-23
-28
-33
-27
-22
-20
-20
-26
-20
-22
-22
-25
-33
-34
-35
-33
-33
-30
-32
-26
-15
-20
-21
-21
-18
-17
-19
-20
-18
-19
-17
-14
-16
-15
-14
-14
-6
-1
0
-2
0
-3
0
4
6
9
2
8
8
3
4
9
10
9
8
12
13
15
19
11
12
22
26
25
29
27
32
32
34
35
38
37
32
35
34
39
39
38
34
30
32
31
27
26
28
25
31
38
44
37
26
24
25
31
33
33
32
34
38
33
41
47
42
40
41
50
44
50
54
54
55
54
56
54
59
63
68
67
59
61
63
66
70
71
69
69
66
67
63
60
58
51
47
38
42
37
23
21
18
15
3
0
-1
-4
-8
-14
-13
-21
-22
-22
-29
-29
-32
-30
-33
-25
-23
-23
-21
-31
-33
-38
-42
-48
-47
-48
-47
-45
-41
-39
-41
-39
-35
-32
-25
-18
-11
-7
-7
-2
1
3
4
3
3
10
14
19
20
19
17
22
21
22
29
25
18
21
21
17
18
22
24
25
25
23
23
18
14
7
1
-1
-2
-3
-10
-12
-16
-19
-27
-28
-33
-37
-38
-43
-41
-41
-40
-46
-47
-49
-57
-61
-67
-72
-77
-72
-72
-75
-73
-76
-70
-64
-64
-60
-53
-52
-51
-58
-63
-66
-66
-64
-66
-57
-51
-48
-48
-46
-43
-45
-44
-48
-47
-50
-51
-53
-49
-50
-44
-38
-34
-32
-32
-35
-39
-36
-46
-40
-40
-44
-42
-48
-52
-43
-38
-36
-34
-36
-35
-33
-32
-37
-42
-36
-33
-29
-27
-24
-23
-23
-14
-3
3
3
10
7
5
5
1
-5
-7
-5
-2
1
0
3
1
-1
-4
-4
-1
-5
-6
-7
-9
-8
-13
-8
-7
1
0
0
10
14
15
10
11
18
10
5
13
11
10
10
16
21
23
19
27
30
28
32
33
34
30
37
39
40
41
44
42
45
49
46
52
58
62
58
62
69
72
80
84
92
96
97
102
109
105
109
108
103
103
101
102
102
104
105
99
96
94
87
87
82
84
87
82
79
76
77
75
79
74
72
74
75
74
70
69
57
58
56
55
64
65
68
65
61
58
55
55
51
45
42
38
31
30
30
28
28
30
37
38
41
37
35
36
33
30
30
37
32
39
36
37
36
32
28
27
28
26
28
25
30
28
23
21
15
6
-1
-5
0
-4
-9
-6
-16
-17
-21
-22
-25
-28
-22
-29
-31
-31
-27
-28
-28
-31
-43
-39
-42
-40
-37
-41
-43
-49
-47
-51
-56
-58
-60
-64
-65
-65
-64
-64
-62
-58
-63
-58
-63
-66
-63
-64
-56
-54
-49
-36
-27
-22
-18
-21
-21
-29
-29
-23
-28
-27
-30
-27
-22
-20
-22
-31
-36
-36
-36
-38
-36
-43
-45
-42
-44
-49
-50
-54
-55
-52
-52
-51
-55
-59
-63
-72
-69
-72
-73
-69
-75
-76
-76
-76
-74
-70
-76
-79
-76
-83
-81
-81
-80
-78
-79
-80
-74
-66
-68
-70
-70
-69
-75
-74
-77
-80
-78
-80
-77
-76
-72
-68
-66
-64
-61
-58
-53
-57
-59
-50
-56
-57
-59
-56
-52
-49
-40
-38
-31
-26
-22
-26
-22
-29
-40
-46
-51
-57
-59
-53
-53
-50
-50
-50
-52
-57
-53
-55
-53
-48
-42
-36
-34
-27
-28
-31
-28
-31
-31
-25
-16
-11
-9
2
5
13
11
16
30
30
29
34
41
44
48
43
51
58
54
57
56
67
73
79
85
88
94
98
102
97
94
89
82
82
76
75
81
82
83
85
85
84
84
83
83
82
84
85
78
70
74
74
76
77
71
76
81
84
86
93
95
93
97
96
92
89
84
81
76
76
82
81
85
87
82
87
83
78
74
75
73
72
68
72
72
70
69
65
64
67
69
67
63
62
64
63
58
55
57
55
57
53
56
60
57
52
48
49
39
33
34
36
35
27
29
29
33
33
29
28
21
13
3
-3
-9
-16
-14
-11
-12
-20
-21
-19
-16
-19
-23
-18
-20
-20
-19
-24
-26
-23
-28
-28
-19
-17
-18
-19
-16
-14
-12
-9
-8
-8
-6
-8
-6
-10
-21
-19
-21
-25
-24
-21
-23
-20
-30
-32
-32
-35
-34
-41
-31
-33
-35
-34
-41
-43
-43
-44
-46
-46
-50
-45
-55
-55
-54
-58
-52
-49
-55
-61
-62
-64
-64
-64
-65
-68
-68
-68
-69
-64
-63
-62
-60
-59
-54
-57
-55
-51
-55
-66
-68
-60
-64
-64
-63
-63
-64
-71
-74
-73
-74
-74
-78
-75
-78
-81
-80
-86
-83
-83
-89
-92
-88
-89
-90
-84
-89
-90
-88
-89
-86
-92
-97
-99
-100
-100
-95
-99
-94
-83
-82
-74
-67
-65
-61
-60
-56
-46
-39
-37
-35
-37
-37
-37
-39
-36
-30
-23
-18
-13
-9
0
5
4
0
-9
-3
6
-2
5
11
11
9
9
16
13
18
20
14
20
20
25
31
35
43
40
39
44
38
38
39
33
28
22
23
33
38
37
37
39
41
44
46
46
49
56
53
48
50
50
53
53
58
67
74
83
87
91
91
91
83
78
75
78
77
81
84
81
92
95
96
98
97
97
99
95
90
88
90
93
87
85
85
85
79
72
72
68
71
68
63
64
61
58
52
50
55
50
47
45
45
43
37
31
34
37
34
32
26
24
25
35
36
36
36
37
36
37
32
30
25
20
19
19
23
28
30
25
25
28
31
35
33
28
30
28
27
30
29
29
29
28
28
29
27
29
32
30
27
31
37
35
39
40
36
36
35
29
26
26
19
13
10
6
9
7
4
2
6
8
10
11
11
6
8
-4
-9
-3
-9
-9
-12
-7
-6
-14
-12
-11
-11
-15
-26
-25
-25
-28
-24
-25
-29
-31
-31
-29
-33
-29
-31
-34
-35
-37
-34
-35
-38
-37
-34
-39
-43
-44
-49
-40
-46
-47
-48
-55
-52
-48
-43
-40
-39
-39
-37
-41
-38
-49
-57
-59
-61
-60
-60
-59
-62
-62
-63
-64
-62
-62
-60
-60
-53
-54
-59
-63
-65
-71
-75
-75
-76
-76
-83
-79
-76
-74
-74
-69
-61
-62
-60
-57
-54
-56
-61
-61
-60
-63
-58
-60
-59
-57
-60
-54
-57
-54
-55
-57
-53
-52
-51
-51
-50
-52
-58
-64
-66
-72
-67
-63
-64
-61
-55
-56
-53
-48
-44
-45
-40
-38
-38
-29
-32
-32
-28
-27
-27
-24
-16
-13
-6
-6
-9
-7
0
6
6
6
2
5
4
4
7
13
20
18
20
23
28
35
32
37
36
42
43
40
44
42
43
40
42
48
53
48
57
63
56
61
58
59
58
54
53
53
47
43
49
46
51
54
55
54
52
48
41
45
41
38
36
37
32
30
36
35
29
33
37
37
36
31
34
38
33
35
33
37
40
35
37
39
40
42
42
42
45
41
44
39
39
46
48
56
59
61
60
57
57
59
66
70
64
68
71
73
75
75
79
80
76
67
58
54
52
53
57
52
55
51
46
49
41
36
24
17
17
22
15
12
16
7
6
-5
-11
-9
-10
-14
-17
-17
-18
-16
-21
-19
-17
-15
-9
-10
-13
-10
-10
-10
-14
-17
-11
-19
-26
-21
-28
-23
-22
-25
-22
-17
-15
-10
-5
-5
-7
-14
-19
-19
-21
-19
-22
-24
-25
-21
-21
-22
-21
-27
-27
-32
-29
-25
-26
-27
-36
-36
-39
-41
-39
-40
-34
-30
-32
-30
-24
-24
-26
-30
-34
-35
-37
-38
-37
-33
-33
-31
-26
-25
-19
-16
-16
-21
-27
-27
-23
-28
-27
-27
-30
-26
-34
-35
-32
-31
-35
-33
-34
-38
-38
-39
-39
-39
-38
-43
-45
-43
-44
-43
-43
-42
-42
-42
-45
-45
-44
-43
-48
-55
-53
-46
-40
-36
-34
-36
-31
-33
-35
-35
-40
-42
-35
-33
-36
-30
-27
-28
-24
-23
-17
-13
-10
-8
-7
-7
-5
-3
-7
-3
0
-2
8
11
14
16
22
26
28
34
29
30
30
21
12
11
11
12
5
7
7
10
6
9
5
-2
-2
-10
1
-3
-5
-5
-8
-11
-13
-22
-24
-24
-28
-20
-20
-17
-13
-15
-14
-15
-12
-14
-15
-14
-11
-5
4
7
7
11
12
13
12
19
22
25
35
42
49
53
52
54
54
49
51
51
54
61
66
70
71
74
73
71
63
63
58
51
53
52
56
58
56
51
56
55
48
46
45
41
42
42
39
35
36
37
27
22
22
16
17
20
23
23
23
23
18
25
21
16
12
7
4
2
2
11
11
8
7
-1
-6
-5
-14
-11
-7
-5
3
-2
5
2
5
4
1
7
2
7
9
18
23
18
21
21
20
17
13
17
14
16
13
10
10
7
7
2
0
-1
0
-3
-1
3
-1
3
1
-2
-3
-9
-9
-14
-19
-21
-24
-25
-22
-17
-12
-14
-18
-17
-24
-22
-27
-26
-30
-28
-21
-27
-27
-32
-29
-25
-24
-17
-18
-10
-14
-10
-7
-18
-18
-24
-32
-31
-30
-28
-23
-16
-15
-9
-14
-13
-12
-24
-30
-33
-29
-34
-29
-21
-28
-26
-28
-31
-27
-24
-27
-19
-11
-2
5
5
2
-2
-3
-7
-11
-10
-7
-4
-1
6
14
21
25
35
39
37
39
36
40
42
43
41
34
30
25
28
27
17
14
7
6
10
10
11
8
6
-4
-10
-14
-14
-17
-20
-21
-23
-25
-23
-25
-28
-28
-32
-35
-41
-38
-33
-32
-26
-23
-25
-27
-32
-32
-28
-29
-25
-22
-15
-6
-3
2
-2
0
0
-4
-3
2
8
17
27
27
32
44
44
40
38
39
36
38
42
44
48
43
38
44
48
48
45
41
39
35
33
33
39
38
33
25
16
9
1
3
8
3
-3
2
1
4
5
-1
-6
-17
-25
-28
-16
-12
-12
-9
-15
-16
-17
-21
-25
-24
-23
-21
-20
-19
-16
-16
-8
-9
-12
-14
-15
-11
-9
-7
-1
3
3
5
7
2
5
5
-3
6
10
10
18
21
20
27
22
20
22
22
20
17
16
13
17
18
19
14
11
4
-4
-4
-8
-10
-9
-14
-13
-14
-16
-17
-14
-20
-25
-25
-30
-22
-17
-16
-15
-15
-20
-21
-26
-27
-33
-32
-31
-30
-22
-21
-13
-17
-20
-27
-28
-28
-37
-37
-39
-38
-37
-40
-39
-39
-41
-45
-51
-55
-63
-61
-60
-55
-54
-50
-49
-48
-48
-45
-54
-39
-55
-40
-56
-49
-28
-42
-30
-35
-39
-41
-43
-49
-25
-27
-16
-14
-21
-19
-8
-9
-12
-6
-8
-12
-23
-11
1
-8
-4
-2
-9
-7
-7
5
9
3
19
30
32
29
24
19
16
16
15
23
26
25
34
37
36
36
38
22
24
21
16
39
17
31
37
35
40
38
24
39
20
20
22
14
17
13
17
13
18
4
8
-6
-4
-5
-3
-4
12
8
12
10
6
6
3
2
0
7
8
15
22
32
35
32
33
30
23
23
25
28
38
40
44
46
46
44
41
37
35
41
37
48
58
57
58
52
44
42
39
38
35
43
49
47
52
55
54
51
52
51
47
43
41
43
43
44
45
40
39
39
29
25
20
19
18
21
22
21
20
13
13
14
12
11
12
12
19
19
14
19
18
11
2
-2
-1
-2
-12
-12
-3
-1
6
7
4
-1
-10
-12
-13
-11
-10
-8
-5
0
8
6
3
-5
-15
-12
-10
-6
-5
-5
-4
-2
3
0
-3
-1
-8
-22
-21
-25
-22
-16
-16
-20
-25
-22
-29
-35
-28
-36
-29
-31
-32
-24
-30
-31
-33
-36
-39
-40
-39
-39
-32
-38
-31
-24
-30
-29
-41
-39
-51
-57
-50
-52
-50
-46
-34
-36
-36
-33
-26
-29
-28
-23
-30
-23
-32
-35
-24
-28
-30
-34
-37
-33
-36
-36
-38
-35
-36
-42
-41
-47
-48
-44
-44
-44
-40
-40
-39
-31
-32
-34
-40
-44
-43
-43
-42
-45
-43
-48
-42
-37
-40
-39
-43
-43
-44
-50
-55
-56
-48
-40
-34
-26
-21
-23
-21
-23
-24
-21
-26
-22
-17
-14
-10
-7
-9
-12
-11
-13
-14
-13
-14
-10
-6
-6
-4
-2
-4
-9
-10
-13
-13
-18
-23
-14
-13
-4
-1
4
16
15
9
11
14
13
11
11
8
12
14
17
21
19
17
13
18
22
23
28
24
21
25
27
27
26
21
26
28
34
38
45
50
53
51
46
44
42
42
43
45
48
51
52
58
63
61
56
50
46
42
46
51
52
58
62
65
62
66
69
65
66
72
72
70
72
67
65
65
63
57
54
57
61
63
65
67
68
70
62
59
56
56
50
48
50
59
67
73
74
78
71
70
71
60
69
65
65
66
65
70
66
66
62
58
56
52
48
49
55
56
53
54
53
52
52
49
46
38
35
31
35
39
42
43
40
39
34
36
31
25
30
27
25
28
23
17
14
6
5
3
-2
-4
-4
-2
-2
-5
-10
-14
-15
-15
-16
-28
-24
-24
-27
-19
-25
-19
-20
-28
-28
-35
-41
-49
-52
-48
-50
-49
-45
-43
-47
-53
-54
-54
-56
-54
-47
-40
-39
-45
-49
-49
-56
-66
-72
-73
-64
-58
-50
-43
-44
-43
-43
-47
-49
-52
-60
-58
-57
-53
-51
-41
-33
-32
-34
-40
-42
-49
-44
-45
-44
-33
-33
-34
-31
-36
-41
-53
-56
-56
-56
-53
-55
-54
-55
-59
-56
-63
-63
-68
-77
-77
-72
-71
-70
-67
-64
-60
-62
-68
-72
-71
-66
-62
-60
-52
-51
-50
-52
-45
-44
-45
-55
-55
-55
-62
-59
-55
-47
-51
-53
-54
-57
-63
-65
-67
-63
-61
-63
-54
-50
-53
-57
-66
-67
-63
-59
-49
-42
-42
-44
-47
-43
-43
-46
-47
-50
-53
-54
-40
-33
-22
-14
-17
-9
-16
-11
-12
-9
-5
-7
9
14
14
20
18
16
21
18
17
16
13
11
11
12
15
14
13
17
14
11
10
7
10
14
13
14
13
18
15
17
20
14
16
12
20
27
32
42
46
46
46
44
41
41
38
46
53
52
49
59
57
57
50
47
60
57
66
76
83
86
85
85
78
78
77
78
81
84
88
88
82
76
78
75
76
76
72
73
74
71
74
80
77
79
75
70
67
61
59
55
52
51
52
60
62
58
53
50
47
39
32
29
28
29
33
28
31
34
32
29
22
22
24
27
26
32
37
41
43
38
32
35
37
44
49
56
60
57
60
56
57
54
49
54
52
62
73
76
76
70
70
67
62
50
47
51
44
51
52
53
53
50
50
44
40
37
32
21
15
14
9
4
-4
-8
-10
-15
-17
-23
-27
-32
-40
-55
-63
-60
-61
-63
-66
-63
-61
-61
-63
-62
-59
-60
-64
-64
-70
-76
-83
-83
-91
-97
-94
-90
-84
-83
-80
-79
-83
-84
-86
-83
-83
-87
-83
-85
-82
-73
-66
-64
-58
-53
-54
-53
-58
-60
-59
-60
-57
-57
-59
-62
-65
-67
-66
-63
-61
-60
-60
-60
-70
-69
-74
-79
-76
-76
-73
-77
-76
-68
-62
-59
-56
-57
-62
-64
-69
-67
-72
-77
-75
-72
-65
-60
-57
-55
-53
-53
-61
-65
-66
-70
-70
-75
-69
-63
-66
-65
-64
-62
-67
-72
-73
-67
-63
-58
-57
-57
-49
-61
-55
-69
-40
-109
-141
-43
-80
-68
-33
-48
-37
-61
-75
-2
-15
-23
32
2
-34
-4
-4
9
39
31
43
44
34
47
47
37
46
45
50
56
55
50
53
43
33
49
50
52
64
73
72
76
73
79
87
92
101
103
107
108
115
108
106
99
104
97
79
97
91
91
95
84
87
89
77
66
53
48
37
31
39
35
38
41
33
32
36
30
36
34
22
27
25
28
33
37
41
43
43
41
47
49
45
48
45
50
61
59
59
62
67
61
64
68
66
81
87
88
101
105
108
112
116
107
97
103
106
102
102
104
96
101
100
100
102
101
99
101
103
97
93
76
73
75
64
57
46
47
40
39
38
31
29
29
24
10
8
3
5
4
1
2
2
-3
-5
-5
-14
-19
-29
-32
-31
-28
-32
-24
-20
-23
-23
-29
-32
-37
-39
-41
-33
-36
-35
-32
-32
-30
-39
-29
-32
-27
-26
-25
-15
-84
-27
5
-16
7
7
1
-14
-37
-18
15
4
25
33
4
-29
-6
-13
-20
2
-6
-12
-10
-6
-27
-26
-49
-36
-21
-36
-29
-31
-46
-54
-64
-52
-43
-41
-49
-44
-59
-74
-68
-77
-74
-79
-86
-85
-97
-95
-101
-107
-106
-118
-116
-109
-122
-111
-107
-109
-99
-100
-93
-92
-88
-88
-88
-87
-89
-85
-74
-68
-67
-62
-67
-76
-71
-63
-60
-61
-60
-63
-62
-55
-53
-44
-49
-55
-46
-46
-43
-38
-31
-25
-26
-14
-6
-4
4
6
12
9
6
10
16
18
22
25
20
22
18
12
11
6
-3
-15
-11
-15
-28
-28
-35
-49
-51
-42
-51
-44
-38
-38
-37
-48
-49
-56
-59
-64
-61
-60
-54
-46
-53
-45
-32
-20
-13
-18
-23
-25
-25
-28
-25
-28
-24
-15
-13
-9
-3
1
-6
-3
8
12
22
30
38
42
46
51
56
57
51
59
61
64
81
89
87
89
93
94
90
95
93
94
94
86
89
86
85
84
82
83
88
82
80
80
69
75
69
64
68
66
66
62
57
56
54
53
48
46
40
32
32
23
18
14
9
8
3
11
12
10
8
5
10
-1
-9
-1
-5
-7
-3
2
4
3
6
11
6
13
21
18
26
35
37
35
33
29
35
40
44
43
40
39
42
48
46
53
64
65
71
68
62
65
54
50
50
55
59
64
64
64
55
49
51
51
53
57
54
43
42
36
36
31
26
27
25
23
16
10
15
14
9
6
8
6
-3
-7
-11
-20
-28
-23
-24
-26
-23
-26
-28
-33
-43
-49
-52
-44
-39
-35
-32
-35
-40
-56
-66
-66
-64
-62
-64
-71
-70
-65
-61
-62
-64
-56
-48
-47
-48
-40
-32
-26
-31
-32
-30
-26
-21
-20
-8
-8
-7
-9
-9
1
9
11
18
13
1
-7
-16
-23
-23
-24
-20
-27
-33
-28
-33
-43
-44
-48
-51
-49
-47
-44
-50
-50
-50
-58
-62
-58
-60
-73
-76
-85
-90
-89
-79
-85
-91
-95
-104
-97
-105
-107
-101
-101
-100
-91
-88
-90
-92
-95
-97
-91
-83
-68
-62
-58
-55
-49
-44
-38
-31
-21
-18
-21
-12
-11
-9
-15
-11
-2
0
5
5
10
21
19
24
31
34
36
42
47
48
51
44
43
38
31
36
38
47
51
50
52
52
53
54
57
51
36
31
31
31
35
34
29
29
26
21
28
24
27
28
24
27
23
21
22
25
18
13
22
29
29
31
25
24
22
20
15
19
24
14
14
10
11
24
30
35
31
29
28
26
33
32
36
39
34
35
39
40
41
36
27
24
28
32
38
41
40
35
36
39
41
32
24
21
16
28
36
38
38
38
31
25
26
26
32
29
31
27
33
29
27
38
33
30
24
28
30
21
21
20
18
18
16
18
21
14
9
4
-6
-3
-5
-6
-2
-3
-8
-12
-5
-10
-15
-11
-13
-14
-11
-12
-22
-31
-40
-45
-36
-25
-10
-4
1
-5
-15
-15
-10
3
7
14
8
-3
-1
4
1
2
16
23
31
28
23
17
4
1
17
31
38
43
40
32
19
16
15
19
23
20
19
24
19
14
11
11
12
11
12
12
6
-3
-18
-22
-10
-7
7
15
12
14
10
4
-5
-6
2
13
15
19
13
2
-6
-15
-11
-15
-12
-4
-8
-16
-19
-22
-26
-26
-13
-7
-8
-10
-18
-16
-14
-11
-9
-9
-5
-9
-9
-16
-18
-14
-13
-13
-10
-5
-7
-13
-14
-18
-18
-11
-18
-22
-16
-16
-18
-13
-9
-17
-22
-28
-34
-31
-21
-11
-8
-9
-12
-10
-14
-11
4
-4
-10
-14
-18
-14
-16
-10
-4
-8
-13
-20
-27
-28
-26
-24
-15
-5
-7
-5
-11
-20
-15
-16
-23
-10
-11
-16
-12
-10
-6
-9
-15
-12
-1
-4
-5
-8
-12
-7
-9
-17
-12
-12
-24
-22
-23
-25
-21
-18
-18
-18
-21
-18
-16
-13
-11
-14
-17
-8
-3
4
4
-1
-4
-17
-15
-13
6
18
11
16
1
-5
5
2
5
15
26
17
7
-2
-9
-9
-10
6
14
21
11
-2
5
-7
-13
2
7
12
12
9
7
4
6
9
12
8
0
-5
-6
-8
-7
-3
-1
0
-9
-11
-14
-13
-2
5
9
5
3
-1
-10
-17
-12
-3
1
2
6
7
9
13
9
3
1
13
16
7
-3
-8
-14
-21
-19
-11
-3
11
17
5
-5
-12
-19
-13
-3
9
16
19
8
-3
-7
-9
-2
6
15
15
16
5
-2
-1
-5
1
0
7
22
27
12
12
8
9
13
14
11
12
5
-5
-9
-23
-10
1
7
9
-1
-7
-12
-20
-18
-20
-19
-18
-23
-23
-18
-18
-16
-4
-2
-15
-18
-12
-14
-18
-14
-7
-16
-31
-25
-21
-10
-6
-8
4
-1
-11
-20
-20
-10
-9
-17
-16
-15
-21
-22
-21
-11
5
11
6
9
10
-1
0
12
31
35
28
35
32
17
5
12
13
12
22
37
43
33
19
9
10
9
9
12
14
13
1
-15
-9
-6
0
8
10
12
7
-8
-8
1
7
26
26
28
16
-7
-19
-35
-33
-19
4
6
2
-11
-26
-35
-38
-18
4
15
23
17
-5
-21
-28
-21
-3
18
38
43
28
14
3
11
19
22
27
26
29
22
0
-26
-29
-14
0
21
28
36
40
19
2
-11
-5
2
15
24
24
33
33
24
16
11
29
49
55
47
31
27
19
2
-2
11
22
24
15
18
17
19
16
18
32
23
14
19
13
14
24
28
29
25
5
-7
1
-7
-6
11
5
-3
-17
-36
-34
-31
-27
-20
-21
-14
-1
-16
-34
-36
-32
-29
-20
-15
-10
-13
-29
-46
-60
-53
-42
-33
-25
-18
-17
-27
-35
-34
-30
-18
-16
-16
-17
-22
-37
-49
-37
-16
-3
-2
13
11
-3
-17
-21
-11
-1
7
9
13
5
-5
-14
-16
-11
-13
-3
7
6
2
-4
-8
3
10
3
2
11
11
13
1
-11
-13
-16
-9
-1
1
-1
-4
1
-4
-10
-13
-11
0
0
-23
-27
-28
-46
-61
-51
-34
-12
-1
-8
-6
-14
-27
-27
-10
12
34
20
4
3
-7
-19
-17
2
18
11
2
0
-15
-28
-31
-21
-5
4
12
28
28
8
-4
-8
-8
3
14
21
28
16
-2
-11
-5
-3
-4
13
21
18
11
-1
-2
-8
-11
-1
17
24
23
12
-5
-19
-25
-15
-15
0
14
33
9
-3
4
23
8
-35
-30
-16
-25
-32
-3
4
-21
-60
-61
-45
-32
-10
7
-4
-32
-64
-69
-54
-24
-12
5
10
-12
-19
-36
-48
-53
-51
-39
-29
-16
-5
3
5
-16
-33
-29
-18
-4
16
27
37
22
3
-10
0
22
43
58
66
75
63
51
45
49
59
83
103
116
119
90
75
67
54
53
69
77
80
86
66
49
41
31
34
51
51
54
55
41
33
36
35
39
55
59
55
42
37
37
39
37
42
50
46
43
35
31
26
27
34
43
48
45
40
42
35
29
41
42
47
51
51
47
33
34
35
36
42
48
60
55
44
43
45
52
51
54
56
52
39
12
-5
-10
-8
5
19
24
25
7
-3
-11
-20
-12
-14
-9
-9
-20
-36
-43
-47
-51
-48
-58
-44
-28
-37
-50
-55
-57
-57
-51
-51
-48
-56
-73
-82
-86
-92
-85
-69
-53
-42
-52
-54
-50
-60
-61
-56
-43
-40
-29
-22
-30
-32
-40
-34
-28
-6
3
-5
-3
-10
-16
-14
-14
-3
-1
-4
2
6
-4
-14
-8
6
-9
-17
-20
-24
-22
-29
-35
-35
-23
-15
-15
-26
-15
-26
9
-52
-110
-55
50
99
41
9
-18
-75
-178
-126
20
128
120
53
2
-90
-165
-172
-78
24
76
67
26
-14
-110
-183
-171
-98
-22
28
48
32
-62
-176
-220
-188
-111
-53
6
43
21
-69
-146
-170
-154
-107
-65
-23
5
-16
-74
-104
-116
-128
-106
-66
-12
19
-7
-36
-72
-112
-121
-98
-38
4
23
29
16
4
-28
-32
-17
0
19
30
41
33
22
9
1
7
25
38
35
36
35
35
41
46
44
50
49
35
19
-2
7
23
35
44
52
50
38
38
23
35
46
50
55
47
40
22
12
-8
-4
22
32
47
53
44
23
9
-12
3
35
44
56
57
44
24
0
-8
22
49
52
69
75
54
27
15
35
67
72
80
92
77
42
25
41
55
66
76
101
118
96
72
61
55
54
62
64
76
74
53
36
34
30
33
60
71
70
58
43
32
27
23
17
26
32
27
31
28
16
26
29
26
26
33
37
28
25
2
7
4
-2
8
21
29
22
25
12
7
6
4
17
22
13
10
6
5
5
-10
-22
-21
-22
-30
-20
-2
8
8
10
13
-1
-15
-17
-6
5
7
8
10
11
-6
-13
-10
0
9
8
7
-1
-9
-7
1
0
2
0
1
9
5
-8
-18
-10
7
11
3
-2
-7
-18
-24
-24
-19
-12
-10
0
5
-16
-37
-39
-27
-16
-18
-10
-10
-16
-33
-52
-42
-25
-18
-18
-17
-26
-36
-51
-45
-28
-16
-4
-21
-40
-42
-37
-49
-50
-44
-46
-51
-49
-42
-39
-49
-70
-70
-58
-56
-64
-68
-60
-62
-75
-80
-71
-61
-75
-78
-53
-32
-26
-35
-46
-41
-36
-47
-49
-49
-41
-41
-48
-48
-48
-49
-43
-39
-28
-18
-20
-26
-46
-56
-56
-50
-38
-38
-46
-39
-42
-49
-52
-58
-62
-49
-49
-53
-41
-42
-61
-71
-75
-69
-61
-67
-73
-70
-58
-66
-61
-46
-45
-42
-47
-61
-54
-51
-59
-45
-27
-20
-13
-11
-10
-15
-20
-13
-4
18
32
28
35
37
33
27
13
16
27
29
31
36
55
53
35
24
17
28
55
61
75
78
59
44
38
38
45
64
82
100
95
79
66
68
81
96
106
116
107
82
61
49
57
52
56
73
82
79
76
74
70
71
63
57
63
74
73
69
60
46
45
52
57
70
83
83
75
60
45
39
44
46
49
53
48
47
33
20
13
12
7
14
44
55
59
51
49
62
49
37
48
57
56
53
48
56
66
41
27
40
34
31
43
38
53
56
32
32
36
31
32
46
58
56
46
34
47
51
48
69
82
79
76
73
63
69
73
71
74
66
60
45
36
40
40
38
34
24
17
10
9
7
0
-12
-27
-30
-25
-21
-33
-30
-17
-19
-32
-26
-5
11
13
3
-6
-25
-44
-52
-46
-34
-30
-29
-36
-44
-57
-71
-72
-53
-35
-20
-5
-18
-43
-58
-70
-64
-52
-50
-37
-29
-39
-46
-48
-44
-37
-32
-24
-26
-29
-48
-50
-52
-69
-68
-62
-58
-76
-78
-85
-98
-90
-79
-60
-44
-43
-51
-67
-86
-80
-64
-54
-46
-43
-51
-61
-75
-72
-67
-66
-45
-19
-19
-35
-56
-75
-75
-77
-73
-50
-35
-31
-47
-71
-84
-82
-77
-69
-49
-31
-23
-31
-42
-62
-67
-70
-59
-46
-55
-56
-51
-41
-36
-37
-37
-35
-36
-26
-16
-17
-22
-30
-34
-43
-43
-40
-30
-18
-4
2
11
12
-1
-13
-14
-10
3
-3
-8
-4
-7
-13
-15
0
11
20
12
5
-5
0
-2
-8
-3
-3
-14
-23
-16
-27
-35
-41
-33
-19
-14
-11
-5
-6
-24
-33
-36
-30
-9
-2
-1
6
2
-1
-6
2
5
-3
-8
-6
2
3
5
8
3
-8
-9
-11
1
11
10
21
23
21
15
16
17
19
30
40
50
49
53
54
47
54
63
64
65
60
59
60
68
78
81
75
75
77
78
70
72
77
76
71
50
52
63
68
59
57
65
68
68
61
59
62
62
57
52
49
40
43
48
67
83
66
44
42
41
32
29
36
55
48
28
21
8
12
19
17
18
14
6
-8
7
13
16
14
17
26
15
13
17
28
29
25
25
26
21
12
1
4
23
30
39
54
65
60
46
37
26
19
14
7
8
9
-1
-2
-1
-4
-8
-4
12
27
31
23
9
5
-4
-16
-16
-2
3
-7
-18
-23
-26
-27
-18
1
4
-9
-20
-33
-40
-44
-46
-47
-44
-44
-45
-37
-28
-20
-29
-28
-23
-29
-32
-34
-36
-26
-31
-39
-36
-31
-39
-50
-42
-31
-22
-26
-35
-41
-42
-57
-57
-48
-40
-38
-42
-29
-28
-24
-33
-34
-21
-25
-14
-3
5
4
-6
-10
-8
-9
-12
-15
-4
0
-10
-11
-12
-8
-20
-22
-14
-5
-6
-9
0
3
-14
-16
-4
4
10
9
7
2
-1
-4
-4
-5
-5
-9
-6
0
-5
-15
-22
-24
-27
-33
-41
-41
-42
-51
-47
-40
-34
-28
-27
-22
-22
-28
-34
-33
-27
-31
-35
-33
-29
-34
-39
-46
-55
-60
-65
-58
-44
-37
-51
-67
-70
-63
-56
-50
-46
-36
-38
-48
-47
-41
-31
-26
-21
-7
-4
-11
-23
-27
-15
-13
-10
-10
-12
-3
-2
-10
-8
-1
6
9
18
27
25
20
12
18
25
28
33
46
51
43
42
45
49
56
57
45
48
40
36
30
13
10
8
16
21
21
25
23
6
13
13
13
11
11
21
21
8
-1
12
17
25
39
40
36
29
24
29
37
43
50
53
50
42
27
16
16
10
13
23
29
21
14
26
31
28
25
31
28
23
23
30
33
21
16
17
23
18
18
28
36
34
30
19
10
-1
-14
-6
-1
-3
-17
-22
-17
-5
-4
-11
-4
0
-7
-9
-12
-16
-14
-14
-14
-5
4
3
-2
-3
-7
-16
-17
-13
3
11
9
12
4
-2
-2
8
25
29
23
21
20
18
16
13
22
28
28
35
44
44
38
27
24
30
36
43
44
50
49
39
38
39
42
45
53
52
47
56
53
49
45
41
36
46
48
36
35
35
35
35
27
21
14
10
8
19
37
42
49
47
39
30
25
14
16
21
16
15
13
8
1
4
5
5
5
-3
-5
0
2
-7
-18
-22
-26
-31
-23
-23
-20
-19
-28
-32
-42
-48
-49
-49
-43
-37
-40
-44
-52
-57
-47
-40
-42
-41
-34
-34
-50
-64
-70
-61
-42
-45
-45
-34
-34
-38
-42
-42
-42
-32
-28
-29
-21
-22
-29
-27
-25
-22
-16
-13
-4
-7
0
-2
-5
6
12
5
7
7
13
10
10
13
4
3
-3
-6
-2
1
-1
4
14
16
10
7
0
1
2
-3
6
1
1
0
-8
-19
-25
-25
-26
-24
-26
-22
-26
-27
-31
-30
-32
-38
-43
-42
-40
-50
-54
-48
-40
-30
-21
-15
-12
-11
-17
-23
-21
-23
-22
-20
-21
-21
-27
-31
-32
-29
-28
-28
-28
-37
-39
-39
-35
-34
-40
-38
-44
-48
-44
-39
-33
-22
-16
-25
-25
-27
-32
-31
-30
-27
-37
-34
-26
-29
-21
-24
-19
-16
-16
-7
8
14
13
4
2
5
13
18
16
16
8
2
3
6
8
8
5
1
-6
-5
-7
-10
-6
-1
13
7
2
-1
-8
-10
-20
-18
-9
-7
-4
8
13
9
4
4
10
20
20
10
14
9
3
-1
-2
7
6
8
18
24
20
23
23
20
23
24
24
26
29
23
20
30
33
31
30
41
45
47
51
55
60
61
55
46
43
42
40
34
37
44
56
54
55
62
56
49
42
51
53
50
48
51
56
54
56
57
54
50
52
56
58
55
50
52
46
47
47
41
37
35
27
21
19
18
21
16
15
14
13
6
1
6
7
1
2
3
8
12
0
1
-1
-6
-3
3
10
12
12
10
8
2
-2
0
-3
0
5
7
11
10
5
3
-1
-4
-11
-12
-1
3
5
7
8
-1
-9
-13
-3
9
14
21
23
24
19
16
9
4
4
2
5
1
3
-2
-12
-13
-7
1
3
12
10
9
4
-4
-1
-9
-17
-20
-24
-23
-18
-23
-25
-21
-20
-19
-15
-18
-17
-23
-30
-37
-45
-40
-45
-45
-38
-42
-44
-49
-53
-47
-48
-41
-35
-35
-34
-35
-32
-27
-26
-23
-19
-27
-33
-32
-33
-32
-32
-31
-32
-25
-25
-23
-20
-19
-20
-17
-24
-35
-30
-34
-35
-36
-40
-33
-28
-26
-17
-12
-8
-1
7
3
-8
-14
-15
-22
-30
-26
-27
-30
-34
-36
-34
-40
-39
-38
-42
-41
-51
-58
-69
-74
-77
-77
-79
-79
-75
-75
-73
-70
-68
-65
-63
-64
-63
-63
-66
-64
-61
-61
-54
-55
-54
-51
-51
-44
-37
-32
-29
-27
-25
-22
-24
-19
-16
-7
-7
-8
-2
0
2
7
16
30
33
39
45
45
45
47
47
51
51
52
63
63
64
62
62
61
58
61
58
57
63
61
60
62
57
57
59
52
51
52
49
43
34
38
34
41
43
43
48
45
37
27
20
16
16
12
15
7
-1
-4
-1
-3
-7
0
6
8
13
16
15
8
3
5
1
5
9
12
16
16
17
19
22
26
31
34
38
44
41
29
24
20
28
32
40
50
58
64
58
63
59
53
51
51
57
54
57
58
53
47
41
46
44
43
47
55
52
45
42
32
27
14
9
12
18
14
8
-1
-8
-13
-17
-13
-8
1
3
6
9
3
-1
-3
-5
0
12
11
8
3
1
2
4
13
13
22
21
28
39
37
38
32
25
24
35
46
46
43
40
50
53
49
55
60
62
63
53
54
60
54
45
35
36
33
32
33
34
36
41
43
45
41
36
30
21
15
0
-10
-9
-11
-10
-9
-3
-2
-5
-7
-17
-13
-15
-18
-21
-33
-45
-54
-58
-57
-51
-48
-51
-58
-62
-61
-66
-67
-64
-64
-60
-60
-61
-56
-66
-76
-74
-77
-74
-72
-71
-68
-65
-63
-67
-72
-73
-76
-74
-62
-61
-63
-71
-75
-76
-72
-72
-61
-49
-48
-41
-43
-43
-45
-52
-61
-63
-52
-54
-53
-40
-40
-37
-37
-38
-33
-33
-29
-28
-25
-28
-29
-32
-35
-31
-32
-23
-23
-17
-18
-21
-19
-12
1
-3
-7
0
3
3
-7
-13
-19
-25
-28
-19
-9
-14
-12
-12
-11
-9
-9
-12
-16
-20
-20
-26
-30
-30
-31
-28
-31
-31
-25
-18
-18
-15
-15
-16
-17
-19
-15
-10
-7
-1
6
4
0
-5
-3
-2
-1
5
9
10
13
10
11
13
6
7
4
4
5
9
12
7
2
-3
-1
2
8
13
16
19
25
18
15
12
11
17
15
15
10
7
3
-4
-1
4
3
0
7
3
-3
-3
-1
-1
-6
-8
0
7
5
4
-6
-7
-11
-8
2
6
8
9
21
27
29
33
37
30
30
30
31
33
35
33
27
28
24
31
35
43
57
64
73
71
67
68
66
63
57
52
51
57
61
61
62
61
61
59
69
78
86
83
80
72
72
71
68
69
61
57
55
57
52
48
49
53
60
62
70
73
62
51
45
44
41
32
23
14
10
6
9
4
-4
-1
3
0
3
1
-2
-7
-12
-14
-18
-17
-17
-24
-28
-22
-15
-16
-10
-13
-14
-11
-16
-17
-19
-23
-21
-9
-7
-2
0
4
12
7
8
8
13
7
2
-2
-1
2
4
6
-1
-5
-7
-6
-2
-4
-1
5
7
9
4
2
-5
-5
-2
-10
-12
-16
-17
-21
-20
-16
-19
-25
-33
-36
-37
-37
-42
-49
-59
-67
-65
-67
-70
-71
-76
-71
-61
-54
-54
-57
-59
-61
-57
-56
-56
-55
-58
-72
-71
-67
-64
-59
-57
-58
-55
-44
-49
-48
-45
-45
-40
-34
-29
-35
-36
-40
-39
-30
-29
-25
-16
-19
-9
-7
-3
6
2
4
1
6
2
2
3
-3
-5
-6
0
13
9
6
1
-7
0
-2
-8
-12
-14
-15
-22
-25
-21
-21
-19
-13
-10
-8
-10
-17
-27
-32
-46
-47
-47
-53
-48
-50
-47
-46
-41
-40
-46
-45
-47
-44
-33
-26
-25
-27
-25
-21
-20
-21
-17
-14
-9
-7
-8
-10
-16
-22
-18
-12
-5
5
7
9
14
11
1
-4
-9
-13
-12
-6
1
4
6
5
16
26
31
41
39
43
46
39
30
34
30
34
24
31
41
42
46
40
48
52
59
51
51
51
52
54
46
37
31
28
28
24
22
25
26
23
26
33
39
36
31
30
28
18
20
10
1
-3
-5
-5
-7
-3
-1
6
12
19
20
14
13
6
7
7
11
13
10
20
24
35
41
44
54
62
63
63
63
57
48
51
47
49
52
53
55
59
69
73
73
60
61
57
51
47
41
33
25
21
18
25
30
37
38
35
39
45
42
41
37
34
30
26
23
14
6
-4
-9
-6
-9
-19
-24
-31
-35
-35
-33
-26
-28
-34
-36
-39
-41
-44
-52
-59
-62
-60
-46
-37
-31
-22
-23
-16
2
7
9
3
6
7
6
11
8
13
13
23
31
42
53
46
47
49
48
47
39
27
16
17
28
33
35
32
33
36
31
34
38
36
34
34
25
28
25
20
12
6
1
-8
-14
-15
-9
-7
-1
4
10
10
5
0
-9
-17
-22
-32
-37
-37
-38
-34
-32
-35
-38
-35
-36
-37
-38
-41
-34
-35
-40
-42
-40
-41
-47
-41
-44
-50
-47
-45
-48
-40
-34
-30
-15
-11
-6
-3
-10
-14
-22
-22
-23
-24
-17
-15
-8
-7
0
8
19
26
28
31
23
22
18
8
-1
-9
-9
-9
-14
-10
-14
-11
-7
-14
-18
-19
-25
-24
-26
-31
-29
-38
-44
-50
-53
-54
-59
-62
-63
-68
-67
-73
-79
-77
-76
-72
-73
-73
-76
-79
-79
-83
-85
-93
-95
-91
-88
-81
-76
-68
-67
-69
-64
-58
-44
-36
-30
-21
-19
-22
-16
-11
-11
-6
-3
1
4
3
11
17
14
15
16
18
19
24
26
22
17
16
15
22
27
31
36
39
37
37
35
34
32
33
36
32
26
22
15
14
20
18
22
14
13
17
16
16
11
-1
-11
-15
-13
-16
-16
-14
-7
-6
-3
7
8
8
4
3
5
6
1
-1
-3
-4
-4
-3
2
6
10
7
6
7
10
11
6
5
7
9
7
6
8
11
15
18
22
26
38
44
46
44
36
37
42
41
44
46
47
52
54
59
64
56
47
48
43
40
36
27
29
22
26
26
19
28
19
26
24
17
24
23
16
14
21
21
31
32
28
33
37
35
35
29
30
30
30
31
33
36
30
26
25
29
36
40
42
39
34
34
26
24
26
23
24
20
24
28
38
41
42
48
47
51
51
48
41
38
38
33
36
33
29
29
24
24
21
22
21
17
22
20
10
11
10
-3
-8
-10
-8
-11
-10
-6
-5
-5
-5
-9
-13
-15
-18
-17
-21
-21
-28
-27
-31
-33
-36
-42
-45
-44
-43
-45
-38
-39
-36
-41
-49
-49
-49
-50
-46
-42
-42
-35
-34
-27
-28
-33
-32
-30
-31
-31
-30
-31
-35
-38
-32
-34
-35
-33
-28
-20
-24
-18
-16
-17
-20
-23
-24
-19
-15
-14
-12
-14
-12
-10
-6
-6
1
5
9
1
-1
-1
-11
-24
-33
-39
-46
-42
-46
-45
-42
-42
-43
-45
-46
-45
-49
-51
-59
-60
-58
-57
-58
-59
-56
-54
-47
-47
-49
-49
-50
-48
-57
-56
-55
-57
-51
-50
-49
-49
-49
-53
-50
-43
-44
-42
-43
-51
-45
-42
-40
-39
-37
-33
-21
-17
-16
-11
-10
-8
-4
-5
-1
2
1
4
5
14
14
12
11
10
7
9
8
4
3
-1
-2
-2
1
-5
0
1
-3
6
12
14
15
16
17
15
16
15
12
14
22
23
19
25
32
32
31
31
26
21
21
20
15
16
17
20
26
25
23
21
24
25
24
27
29
28
26
26
27
25
30
34
38
49
48
48
46
47
50
51
54
43
39
35
29
31
35
39
40
43
44
55
54
49
49
43
42
44
51
54
63
66
70
74
64
69
71
71
73
80
79
77
78
68
71
65
63
61
55
50
48
51
50
48
47
44
36
38
35
27
23
25
24
29
32
30
32
39
39
39
45
36
29
24
27
30
26
22
25
20
14
13
8
5
2
0
0
3
0
1
-1
-4
0
3
3
2
-1
-1
-3
-4
-4
-7
-8
-12
-12
-5
-9
-9
-4
-6
0
-4
-4
-2
-4
2
-1
1
4
1
-4
1
5
-3
2
2
5
10
11
10
4
6
5
2
-2
-6
-6
-4
0
-2
4
2
2
0
-8
-6
-5
-8
-9
-5
-10
-10
-9
-12
-19
-16
-11
-14
-18
-22
-26
-32
-32
-28
-30
-33
-34
-28
-30
-25
-25
-29
-30
-38
-34
-37
-40
-43
-38
-34
-37
-34
-36
-37
-41
-39
-35
-41
-46
-48
-48
-50
-44
-44
-43
-45
-47
-44
-35
-34
-37
-33
-37
-38
-29
-27
-28
-27
-23
-18
-14
-12
-15
-18
-15
-17
-24
-19
-17
-16
-27
-26
-25
-34
-30
-34
-35
-34
-34
-38
-39
-46
-45
-43
-42
-40
-43
-41
-46
-44
-43
-46
-51
-50
-55
-49
-41
-44
-43
-56
-57
-55
-59
-63
-60
-61
-62
-57
-57
-52
-50
-49
-46
-47
-44
-45
-37
-34
-42
-37
-32
-29
-29
-23
-21
-16
-9
-17
-17
-18
-19
-15
-7
-4
-2
2
4
9
4
6
4
3
2
2
5
4
5
4
6
9
9
8
6
4
5
6
3
11
13
13
5
4
6
6
12
9
8
9
11
9
11
13
14
12
13
14
12
20
22
26
37
32
35
38
33
34
38
48
46
44
36
34
35
32
39
40
47
45
41
40
46
48
47
43
46
45
44
45
54
55
50
46
49
59
56
51
45
49
47
46
52
56
55
54
58
57
55
49
48
47
47
45
47
45
40
35
31
33
40
43
41
37
40
47
39
36
40
42
49
47
46
47
51
47
48
47
42
41
38
35
35
36
38
40
38
36
31
33
30
27
24
16
14
15
8
10
7
5
10
4
7
10
12
4
4
5
3
5
-8
-9
-10
-14
-9
-10
-16
-14
-20
-21
-13
-17
-16
-12
-6
-2
-5
-3
-6
-12
-12
-9
-6
-10
-4
-3
-3
3
4
2
6
14
6
1
8
8
6
5
5
8
5
-5
-8
-14
-22
-24
-29
-33
-33
-33
-37
-35
-36
-39
-37
-35
-36
-43
-45
-44
-47
-51
-51
-57
-52
-49
-50
-53
-54
-54
-58
-58
-61
-63
-69
-71
-68
-67
-66
-66
-70
-72
-76
-83
-83
-82
-77
-74
-74
-69
-66
-65
-63
-56
-52
-54
-55
-52
-52
-46
-43
-43
-41
-37
-33
-33
-31
-22
-18
-14
-10
-12
-7
-13
-13
-12
-7
-5
-5
0
-2
6
10
10
10
11
8
12
17
15
14
16
21
25
32
31
33
27
26
24
22
19
13
7
0
0
-5
-3
-2
-9
-10
-13
-12
-7
-17
-25
-28
-29
-32
-33
-34
-37
-28
-25
-29
-23
-29
-29
-31
-24
-19
-23
-24
-27
-23
-25
-19
-11
-16
-19
-17
-9
-9
-10
-5
-9
-11
-6
3
-2
-2
3
6
11
16
31
26
30
32
33
39
36
37
35
32
31
35
38
42
47
45
50
50
47
47
46
48
48
48
47
49
50
51
49
47
46
48
49
47
37
34
29
30
31
25
23
13
13
11
9
3
10
10
9
9
2
7
3
6
14
16
28
34
38
37
38
38
36
44
39
37
41
43
49
52
51
50
54
55
65
69
63
56
52
51
54
54
55
53
51
56
61
64
67
63
57
56
53
54
53
47
47
48
48
48
44
36
31
27
33
35
29
28
27
23
19
13
9
3
-4
-9
-14
-18
-22
-17
-16
-20
-25
-26
-24
-31
-27
-22
-29
-42
-40
-37
-42
-47
-45
-36
-33
-29
-27
-27
-30
-32
-36
-25
-21
-26
-27
-34
-35
-30
-27
-19
-15
-15
-3
4
10
12
18
15
9
12
14
12
18
21
22
29
32
34
37
30
34
40
33
30
26
21
19
23
16
17
16
11
14
15
13
12
5
0
-5
-11
-13
-13
-14
-14
-15
-14
-13
-18
-24
-31
-32
-29
-36
-42
-50
-57
-69
-69
-74
-77
-71
-78
-73
-73
-75
-79
-80
-76
-76
-83
-82
-77
-79
-73
-67
-66
-61
-61
-55
-55
-50
-44
-43
-36
-38
-30
-30
-33
-29
-25
-23
-28
-26
-15
-14
-21
-19
-17
-19
-16
-15
-16
-12
-7
-1
-5
-6
0
-3
-6
-3
-7
-8
-13
-19
-12
-12
-15
-15
-23
-25
-26
-31
-35
-36
-38
-39
-44
-50
-48
-51
-49
-49
-50
-55
-56
-53
-54
-57
-65
-56
-55
-58
-56
-48
-46
-52
-45
-44
-43
-41
-42
-42
-47
-40
-31
-29
-31
-29
-19
-18
-16
-10
-10
-3
-4
-5
4
-2
5
9
12
13
11
16
12
10
7
7
16
24
30
31
27
25
20
20
19
22
31
34
37
42
49
46
42
45
57
58
61
61
54
49
52
57
61
60
57
56
53
61
57
59
50
41
43
38
43
39
36
33
30
34
35
36
32
31
29
29
33
32
33
37
35
36
34
26
25
18
23
23
26
29
24
31
30
33
36
41
46
50
51
43
48
48
47
46
41
43
41
41
38
42
44
42
43
43
48
46
46
44
41
42
42
35
32
30
28
29
31
33
33
39
37
38
44
49
42
40
36
31
23
18
16
14
9
12
15
6
8
4
-5
-9
-13
-17
-18
-17
-18
-22
-24
-20
-16
-19
-19
-17
-19
-13
-14
-18
-20
-20
-19
-23
-27
-27
-28
-29
-33
-25
-21
-23
-19
-19
-24
-21
-20
-21
-20
-19
-11
-8
-4
-2
1
-3
-4
1
2
-1
6
5
9
13
11
19
18
20
14
15
15
7
6
-3
-5
-5
-8
-4
-3
-4
-7
-6
-7
-11
-15
-21
-23
-21
-24
-22
-24
-28
-25
-30
-27
-29
-34
-33
-36
-44
-45
-49
-55
-60
-66
-69
-67
-66
-66
-70
-72
-71
-67
-68
-68
-69
-70
-70
-72
-76
-73
-72
-72
-71
-69
-64
-58
-56
-52
-51
-49
-49
-50
-46
-50
-44
-38
-36
-33
-29
-26
-23
-23
-17
-16
-17
-15
-17
-13
-8
-5
1
7
8
16
16
15
16
18
25
25
23
22
26
27
31
30
30
30
30
26
24
21
12
8
5
-1
-6
-9
-9
-7
-8
-3
-3
-6
-11
-9
-11
-11
-13
-12
-9
-14
-13
-13
-12
-12
-13
-5
0
-4
-3
-3
0
11
13
10
9
12
13
18
19
21
21
28
35
34
39
44
46
50
52
52
56
59
59
56
62
61
68
68
64
60
61
63
64
60
52
58
55
51
50
41
43
42
39
40
40
39
38
42
36
34
36
33
32
35
29
27
32
29
21
20
15
10
9
4
5
-3
-8
-13
-10
-16
-17
-15
-17
-15
-18
-15
-19
-22
-22
-23
-22
-20
-20
-15
-12
-9
-11
-10
-10
-10
-14
-9
-10
-7
-2
0
-2
0
5
-1
9
16
17
16
15
12
14
17
12
13
14
13
18
24
21
26
24
22
29
28
32
33
34
34
35
36
36
35
37
42
43
50
47
47
44
43
40
33
30
32
32
27
25
22
13
6
8
7
14
17
13
9
1
-1
-3
-5
-9
-18
-19
-21
-24
-25
-25
-28
-28
-29
-33
-32
-33
-32
-25
-20
-20
-15
-10
-12
-7
-1
6
7
8
10
11
10
16
17
16
27
29
32
28
25
25
24
27
23
25
21
17
23
19
17
12
11
10
5
1
-3
-6
-11
-8
-11
-16
-25
-26
-30
-32
-30
-35
-34
-38
-42
-50
-51
-58
-60
-68
-71
-69
-72
-70
-72
-73
-76
-72
-74
-78
-81
-85
-80
-82
-79
-76
-74
-71
-70
-59
-55
-56
-56
-51
-50
-41
-35
-30
-26
-22
-17
-15
-9
-4
0
1
4
7
2
9
11
12
11
9
14
11
15
14
11
13
14
9
8
8
10
8
9
12
14
21
15
14
14
16
16
16
10
2
6
1
-5
-7
-13
-12
-13
-14
-16
-16
-24
-23
-21
-21
-20
-24
-31
-39
-39
-43
-51
-51
-50
-53
-55
-54
-48
-51
-52
-52
-58
-53
-48
-49
-56
-61
-64
-64
-61
-62
-61
-60
-64
-61
-58
-56
-54
-51
-43
-38
-32
-21
-14
-15
-15
-10
-5
1
0
3
9
11
13
14
15
15
14
20
22
31
35
33
33
36
40
40
40
41
42
35
38
45
53
68
75
79
78
71
72
69
68
67
61
65
65
67
63
62
64
63
65
65
64
55
50
44
37
30
27
24
13
16
12
14
16
13
15
10
13
10
11
9
6
4
-1
5
8
12
13
11
17
20
26
27
23
21
20
17
23
25
28
38
35
38
37
32
38
32
31
28
26
25
30
32
34
35
31
32
33
37
39
42
41
39
42
29
26
21
24
18
36
13
95
133
74
46
77
119
8
15
13
45
-38
-91
-25
36
-12
-3
101
110
43
32
79
34
-43
-111
-68
-65
-129
-126
-33
-14
-29
17
88
75
36
48
24
-6
-40
-42
-63
-71
-29
-16
24
26
32
56
31
51
22
26
-39
-36
-22
-16
-12
-12
49
27
26
45
55
17
19
-17
25
35
15
10
24
34
-9
13
-14
-4
-12
-64
-49
-44
-20
-40
-49
-12
46
44
2
22
70
-24
-76
-77
1
-29
-138
-112
-31
-5
-138
-67
-12
-29
-118
-118
-51
-44
-116
-142
-72
-74
-120
-87
-3
-8
-56
-50
-5
-18
-47
-85
-75
-117
-51
-84
-76
-105
-75
-23
-62
-25
-27
10
-96
-59
-49
-45
-29
-52
-5
-43
-43
-58
-17
-29
-105
-83
-106
-115
-123
-75
-35
-53
32
69
40
57
84
65
-10
-29
-69
-88
-70
-154
-65
-58
-48
-15
18
29
12
59
-22
-4
-36
-53
-43
-54
-26
0
12
28
62
93
43
55
55
6
-44
-48
3
-38
-45
-19
41
26
20
27
51
-5
11
25
58
43
-8
73
36
49
28
68
-6
-79
-13
-11
-49
-57
-8
24
-12
18
106
115
71
69
59
55
-6
-17
-22
-10
-3
-40
81
59
87
68
77
19
-3
3
-63
-51
-52
-12
-61
20
58
90
93
70
94
62
53
0
50
32
-24
7
-6
21
32
78
78
73
6
-7
16
-20
-14
17
65
23
102
82
118
81
62
78
6
33
-42
13
-100
-82
-88
-43
-12
-22
72
100
99
59
98
83
75
25
58
36
29
-55
-32
28
-14
20
0
44
52
77
84
86
142
65
171
296
198
209
123
145
-1
-50
-95
-107
-160
-266
-106
-81
-16
25
207
235
256
211
263
314
58
-90
-69
-96
-126
-174
-35
24
10
75
146
280
162
103
32
-31
-67
-206
-273
-206
-145
-79
-18
116
206
139
158
133
144
14
-113
-155
-154
-194
-256
-181
-14
-21
-15
90
141
67
-26
-28
-108
-121
-244
-192
-137
-86
-43
62
144
120
111
42
-16
-44
-147
-250
-266
-304
-253
-234
-129
6
92
166
191
295
261
143
61
27
-7
-105
-95
3
30
67
152
230
262
177
134
60
-29
-161
-290
-269
-322
-293
-262
-95
-49
10
82
124
111
37
-62
-165
-211
-266
-199
-119
55
82
275
322
390
323
283
109
-34
-259
-423
-493
-576
-518
-524
-275
-271
-33
11
99
119
-33
-76
-261
-360
-522
-631
-541
-275
69
223
401
776
893
826
654
634
460
-53
-487
-650
-723
-982
-1028
-737
-432
-308
-62
376
686
633
543
549
568
259
251
349
291
160
96
376
223
147
-13
-24
-203
-475
-485
-548
-553
-540
-342
-86
98
226
430
473
476
265
203
17
-189
-235
-324
-212
-246
-53
15
96
197
199
179
-79
-103
-306
-455
-536
-558
-451
-458
-250
-173
85
-3
147
262
323
221
164
227
74
15
-61
38
-37
-113
-145
-73
-144
-161
-126
-16
3
36
133
237
259
234
232
208
121
53
33
8
-36
-50
16
57
68
132
226
213
401
381
406
320
345
343
242
300
225
287
107
106
110
122
45
-9
125
154
150
116
189
199
49
-27
-39
-95
-189
-335
-253
-272
-318
-233
-252
-51
-141
1
-39
-12
3
-276
-193
-348
-299
-374
-469
-302
-471
-425
-629
-568
-449
-397
308
651
847
649
1053
1549
1201
773
777
915
18
-1013
-897
-521
-1044
-1597
-969
-47
-240
-396
425
1100
486
-271
188
576
-108
-736
-261
216
-173
-257
524
985
577
344
674
725
156
-268
-328
-464
-705
-676
-233
6
146
437
769
975
1019
1054
826
581
523
276
-7
-265
-182
-317
-430
-269
-60
-64
-345
-84
114
90
-205
-90
-36
-265
-441
-279
-248
-467
-687
-534
-360
-573
-573
-637
-457
-780
-787
-696
-789
-1041
-1180
-795
-357
385
1008
1270
1437
1953
2323
1948
1436
1278
876
-411
-1513
-1561
-1473
-2205
-2555
-1631
-768
-855
-660
471
1053
397
15
642
878
97
-266
395
721
235
267
1066
1211
485
146
395
98
-758
-1231
-1095
-1219
-1413
-1138
-385
95
510
1146
1620
1949
1857
1860
1413
1097
716
295
-188
-655
-668
-886
-979
-766
-464
-462
-488
-164
231
202
189
172
283
109
-90
64
24
-114
-551
-276
-327
-396
-564
-617
-591
-1022
-841
-1016
-987
-1323
-1518
-1578
-1547
-1052
-170
1158
1777
1989
2471
3561
3519
2642
2060
1979
853
-1299
-2434
-2243
-2583
-3761
-3564
-1905
-1089
-1338
-283
1529
1893
803
802
1719
1431
200
-16
755
566
-277
62
1010
819
-91
-147
174
-346
-1100
-1274
-1206
-1458
-1364
-690
-46
400
876
1539
1913
2083
2157
1955
1369
923
711
212
-395
-631
-541
-876
-1009
-616
-404
-529
-531
25
376
339
432
661
684
317
130
282
-25
-641
-907
-801
-948
-1228
-1114
-771
-941
-925
-694
-417
-654
-1008
-1102
-1414
-1483
-1082
773
1668
1546
1631
3395
4273
2944
2098
2646
2328
-752
-2882
-2273
-1968
-4101
-4937
-2538
-672
-1575
-1280
1710
3168
1351
349
2022
2426
204
-921
416
836
-715
-899
964
1527
166
-199
805
644
-722
-1193
-909
-1386
-1899
-1398
-488
-103
229
1086
1838
2149
2296
2359
1906
1201
996
596
-118
-577
-573
-814
-1241
-761
-355
-467
-651
-110
538
433
341
673
790
286
-60
234
272
-545
-873
-585
-553
-966
-978
-524
-634
-971
-787
-319
-549
-1072
-1429
-1248
-1729
-1871
-970
1248
2105
1724
2261
4169
4818
3029
2211
2829
2173
-1471
-3669
-2734
-2395
-4873
-5455
-2468
-397
-1598
-1189
2221
3800
1467
175
2171
2659
33
-1409
362
967
-945
-1306
895
1651
-5
-688
404
418
-1089
-1857
-1518
-1608
-2036
-1666
-638
161
678
1376
1935
2341
2597
2271
1399
837
765
158
-842
-978
-464
-860
-1333
-700
174
-103
-632
46
717
395
-112
327
746
86
-404
236
473
-273
-738
-194
-150
-843
-881
-567
-595
-1333
-1029
-690
-727
-1357
-1633
-1228
-1829
-1889
-1408
1061
2295
2117
2177
3718
5207
3848
2304
2473
2677
-388
-3791
-3638
-2262
-4158
-5944
-3814
-486
-930
-1861
1067
4089
2580
-227
1049
3064
964
-1844
-604
1350
-153
-1875
168
2256
923
-990
-156
974
-445
-2148
-1979
-1266
-1888
-2253
-1149
300
813
985
1621
2485
2846
2305
1490
1068
1103
297
-627
-626
-93
-583
-1475
-810
274
-26
-921
-407
704
438
-325
309
995
385
-550
109
842
-3
-707
-327
202
-589
-1076
-539
-343
-1027
-1377
-761
-585
-1209
-1881
-1558
-1649
-1946
-2162
157
2691
2905
2067
3057
5890
5014
2242
1587
3267
1084
-4004
-5005
-2140
-2878
-6366
-5317
-334
281
-2391
-409
4507
4254
-332
-177
3370
2446
-1752
-1489
1823
984
-2069
-761
2571
1864
-1220
-1003
890
63
-2132
-2100
-1025
-1467
-2072
-1061
744
1275
1227
1543
2277
2778
2478
1569
844
888
517
-382
-575
234
-39
-1279
-998
377
432
-1041
-1028
324
405
-540
-112
1198
883
-332
242
1582
986
-437
-386
347
-482
-1486
-1048
-455
-1236
-1877
-1242
-362
-973
-1834
-1576
-1549
-1926
-2245
532
2698
2455
1684
3454
6188
4758
2247
2423
3626
532
-4289
-4395
-2003
-3962
-6999
-4929
-250
-580
-2664
377
4787
3590
-350
744
3669
1747
-1918
-867
1805
247
-2149
-157
2603
1317
-1114
-408
933
-367
-2057
-1760
-1161
-1876
-2095
-821
508
914
1214
1699
2144
2453
2398
1682
788
829
574
-130
-337
309
122
-993
-741
382
210
-1096
-1100
8
-1
-885
-353
730
433
-456
246
1461
792
-349
-94
333
-471
-1253
-864
-537
-1645
-2101
-1480
-1081
-1652
-2527
-2104
-1984
-2557
-1141
1796
3375
2309
2460
5640
6192
3669
1934
3322
2524
-2753
-5527
-3380
-2580
-6130
-6951
-2131
517
-1784
-1624
3158
5099
1133
-639
2429
3169
-666
-2195
961
1821
-1112
-1278
2088
2828
56
-971
619
344
-1931
-2537
-1686
-1777
-2523
-1788
-75
772
1048
1562
2112
2322
2274
1872
938
599
582
125
-496
-18
661
-187
-703
24
647
-491
-1447
-807
-238
-987
-1391
-270
302
-382
-457
937
1319
335
-56
624
384
-771
-868
-480
-977
-1974
-1845
-1129
-1498
-2243
-2595
-2050
-2413
-2154
941
2924
2945
1820
4732
6666
4741
2427
3101
3821
-615
-5097
-3951
-2087
-5013
-7586
-4047
413
-1247
-2395
1549
5248
2443
-665
1725
3711
593
-2226
151
2347
-52
-1433
1389
3206
1067
-648
567
758
-1430
-2509
-1852
-1895
-2452
-1970
-416
323
983
1977
2369
2187
2215
2380
1275
369
597
616
-303
-566
658
769
-135
-103
623
283
-1169
-1255
-527
-867
-1631
-1114
-26
-203
-497
603
1458
711
157
701
692
-513
-950
-648
-908
-1821
-2066
-1338
-1460
-1931
-2555
-2059
-2680
-1318
1599
2850
2039
2028
5879
6159
3587
2628
4837
3539
-2439
-4852
-1992
-2444
-7026
-7386
-2133
-251
-3384
-1762
3712
4515
-19
-211
3960
3209
-1485
-1618
2058
1636
-1766
-300
3406
2467
-517
125
2273
147
-2820
-2261
-1214
-2624
-3631
-1564
472
-96
47
2190
3336
2310
1466
2044
1519
423
-80
274
174
-143
-47
351
929
930
214
-431
-516
-526
-1106
-1683
-1336
-806
-890
-1039
30
1023
550
-197
540
1151
61
-701
-261
-293
-1526
-2120
-1259
-1249
-2256
-2894
-2432
-2776
-642
1565
3052
1468
2339
6312
6128
3369
2488
5546
3247
-3407
-4771
-1051
-2778
-7974
-7291
-942
-928
-4346
-1483
4800
3987
-1613
-211
4619
2877
-2528
-1352
3001
1317
-2248
502
4515
2667
-1047
307
2646
283
-3188
-2991
-1819
-2851
-4069
-2377
204
552
207
1131
3120
3576
2119
627
598
1312
58
-1232
-393
1173
182
-1281
835
3022
1482
-1376
-834
920
-474
-2680
-1782
-77
-1305
-2629
-442
1677
420
-1339
-131
1173
112
-1078
-176
-1
-1204
-2049
-1134
-493
-1931
-2584
-3337
-717
1480
2345
1102
1498
5078
5188
3029
2728
5681
4040
-2341
-3995
-9
-1234
-6947
-7418
-1463
-896
-5101
-2918
3589
3708
-1986
-1246
4463
3640
-1998
-1634
3225
2268
-2021
-239
4365
3213
-850
-67
2611
1081
-2397
-2529
-1429
-2309
-3725
-2697
-743
-155
-36
698
1988
2596
2443
1320
531
807
576
-610
-939
493
731
-451
52
1925
2142
197
-240
627
216
-1376
-1535
-320
-932
-2198
-1422
410
206
-1012
-676
102
-564
-1097
-521
-281
-1108
-1686
-845
-1052
-1293
-2119
-1566
883
1948
2240
1136
3257
4986
3496
1927
2904
4762
1511
-3254
-2551
-269
-2828
-6221
-4218
-345
-2370
-4079
-421
3154
723
-2411
376
3111
897
-1528
665
2772
639
-412
2477
3989
1743
47
1081
1440
-550
-1890
-1991
-2332
-2524
-2286
-1211
-524
-60
424
807
1733
2187
1569
77
-46
539
11
-963
-304
680
-68
-405
1371
2455
964
-203
536
974
-388
-1105
-397
-355
-1675
-1580
21
320
-1005
-1173
-214
-406
-1554
-1252
-793
-1389
-2275
-1730
-881
-1267
-1421
-1888
875
2582
3410
2066
2633
5311
4473
2206
1817
4137
2479
-2895
-3809
-101
-1178
-5467
-5210
17
-157
-3799
-1724
3123
1987
-2894
-1781
2612
1487
-2036
-629
2954
2030
-222
2156
4520
2925
479
856
1445
-286
-1838
-2188
-2602
-2680
-1980
-1222
-451
468
1478
1017
784
1877
2097
35
-1486
-231
304
-1324
-1461
685
1088
-495
81
2316
2112
230
-165
826
344
-872
-591
192
-574
-1390
-473
448
-423
-1244
-844
-919
-1813
-1823
-1324
-1572
-2410
-2194
-1950
-1517
-1636
-1080
1717
3012
3421
2188
4491
5824
4016
1936
2858
3953
202
-4009
-2718
-726
-3623
-6136
-2954
658
-1853
-2937
1302
3835
-167
-2823
393
2044
-1221
-2430
805
2274
305
684
3857
4344
2192
1406
1688
580
-1244
-2042
-2827
-3574
-2894
-1828
-1391
-284
1590
2142
1371
1718
2750
1601
-975
-1264
-318
-1239
-2186
-1144
513
-362
-523
1400
2082
750
-191
715
556
-707
-940
89
54
-712
-491
686
743
-341
-840
-808
-1361
-1987
-2436
-2082
-2386
-2317
-2531
-2324
-1252
-1836
468
2369
4054
2435
2617
5678
5203
2201
1759
4430
2919
-3003
-3927
-199
-1692
-6062
-5180
156
-771
-4273
-1101
4019
2050
-2553
-833
2444
272
-2470
-161
2076
545
-107
2663
4311
2813
2066
1992
1128
-357
-1181
-2169
-3832
-3470
-2448
-2148
-1189
886
2004
1326
1915
3434
2420
15
-436
259
-1064
-2575
-1346
19
-1037
-1612
460
1673
434
-293
562
532
-621
-609
209
34
-555
-156
685
716
337
31
-441
-1266
-1832
-1657
-2202
-2588
-2743
-2481
-2184
-2000
-1570
623
2498
3340
2037
3299
5916
4679
1947
2046
4773
2301
-2708
-2346
391
-2113
-5825
-3466
603
-1895
-4422
-477
3166
431
-2323
416
2050
-733
-1493
1308
1912
-215
474
3274
3316
2159
2462
2442
796
-278
-187
-1638
-3487
-3084
-2213
-2329
-1673
350
1218
917
1735
3066
2420
958
628
386
-649
-1191
-530
-516
-1261
-917
145
78
-171
89
12
-626
-379
337
-91
-564
56
755
362
317
841
565
-430
-971
-791
-1376
-2348
-2251
-2189
-2437
-2742
-1788
-1982
-484
1817
3521
2404
2346
5204
5195
2690
2029
4445
3102
-1938
-2887
97
-1338
-5127
-4071
53
-1275
-3927
-992
2762
692
-2250
-525
1485
-314
-1423
509
1431
263
810
2960
3375
2593
2559
2206
916
363
6
-1589
-3189
-2734
-2044
-2159
-1297
139
537
606
1681
2429
1783
1089
829
-86
-854
-311
169
-606
-1281
-458
363
-209
-300
288
-304
-1288
-903
374
153
-606
-434
196
341
278
408
152
-379
-1187
-1290
-1286
-1506
-1736
-2599
-2158
-2220
-1295
-2165
-1238
1473
2618
2287
1472
4790
5406
2893
1633
3988
4366
-510
-3164
-493
-746
-4898
-5435
-1027
-489
-4126
-2709
1938
2003
-1359
-1045
1430
633
-1422
-418
1091
671
212
1331
2683
2998
2886
2055
1213
1119
300
-1556
-2744
-2324
-2298
-3093
-2072
-47
529
325
1317
2444
1939
1230
945
323
-520
-683
-693
-1014
-852
-546
-638
-644
19
292
-632
-902
-305
10
-421
-350
152
12
-303
-23
363
41
-638
-1037
-1298
-1352
-1707
-1750
-2049
-2067
-2082
-1832
-1344
-1316
591
2124
2936
1927
3117
5203
4246
2037
2626
4649
1906
-2195
-1710
-90
-2910
-5426
-2867
-425
-2911
-3698
-146
2039
-255
-1372
493
1099
-251
-412
686
931
768
1170
1846
2894
3396
2481
1184
1245
1384
-509
-2209
-2201
-1938
-2842
-2921
-1060
195
143
601
1837
2358
1984
1522
975
357
-143
-560
-942
-701
-673
-1119
-959
-312
115
-430
-455
-189
-165
-47
166
243
-84
-26
28
-125
-206
-189
-685
-1495
-1592
-1368
-1452
-1764
-1897
-1710
-1887
-1520
-1622
95
2029
2759
1917
2214
5149
4824
2645
2323
4824
3341
-1011
-1556
501
-1436
-4830
-3788
-604
-2081
-3905
-1546
1284
282
-1372
-230
853
32
-301
493
808
741
1096
1739
2424
3161
3195
2216
1639
1722
682
-827
-1733
-1815
-2443
-2977
-2216
-1048
-450
11
915
1675
2056
2114
1816
1237
745
344
-316
-586
-598
-963
-1329
-1046
-285
-206
-467
-273
128
263
46
118
206
-70
-590
-625
-222
-341
-904
-1152
-1030
-1307
-1631
-1219
-1337
-1774
-2291
-1568
-1664
-1494
443
2149
2235
1345
3583
5043
3754
2444
3908
4375
1059
-1172
-165
-393
-3223
-4201
-1911
-1609
-3302
-2644
-59
452
-875
-774
188
-44
-645
-378
27
-36
192
824
1526
2332
3080
3194
2543
2536
2340
1295
-238
-1106
-1480
-2415
-3047
-2607
-1796
-1385
-1026
28
1079
1589
1583
1616
1605
1180
521
-114
-160
-662
-1313
-1504
-1065
-567
-623
-293
115
537
451
269
240
63
-511
-1140
-1378
-1247
-1344
-1644
-1662
-1539
-1282
-1263
-1195
-1009
-1173
-1288
-1647
-1745
-571
619
1225
843
1928
3581
3756
3088
3619
4712
3276
930
437
595
-1067
-3180
-2811
-2057
-3018
-3401
-2052
-600
-792
-919
-249
44
-47
-122
-307
-578
-602
-322
-210
233
1303
2243
2264
2406
3125
3483
2499
1545
1227
547
-928
-1926
-1794
-1932
-2444
-2387
-1479
-580
-326
115
748
1195
1009
509
489
395
-202
-1023
-1262
-850
-769
-783
-400
413
803
642
840
1126
903
43
-530
-622
-806
-1320
-1587
-1605
-1464
-1430
-1327
-1057
-793
-594
-781
-812
-694
-229
41
219
383
690
1256
1654
1771
1957
2285
2312
1604
970
776
463
-119
-594
-680
-831
-947
-779
-310
-40
-51
-133
55
283
203
-65
-230
-248
-442
-636
-524
-170
88
193
309
558
890
934
731
560
482
373
24
-141
191
351
113
-51
383
769
381
302
739
801
220
-29
339
191
-430
-451
67
304
72
219
712
735
433
245
373
159
-355
-690
-544
-292
-485
-774
-600
-71
19
-182
56
554
457
-71
-44
260
96
-429
-393
-89
-211
-319
-31
342
207
68
200
197
-157
-486
-482
-547
-806
-953
-877
-756
-728
-568
-289
-69
29
186
289
249
216
104
-42
-221
-227
-199
-216
-34
57
63
63
209
322
124
13
36
9
-112
-68
203
173
59
208
502
486
271
395
396
117
-19
88
48
-297
-282
43
225
435
650
867
881
924
964
793
571
328
24
-320
-350
-176
-274
-602
-488
37
174
-12
210
689
542
111
201
471
211
-299
-235
-32
-150
-287
-120
131
-1
-73
21
-35
-280
-454
-307
-418
-658
-699
-614
-588
-589
-321
-171
-246
-237
-185
-198
-298
-450
-535
-741
-797
-766
-705
-499
-404
-319
-310
-136
51
-101
-302
-329
-315
-370
-390
-96
107
-8
80
321
479
256
46
23
-219
-427
-546
-563
-662
-786
-522
-159
252
499
667
922
1053
1080
951
881
713
374
161
183
360
342
154
205
495
649
548
569
834
725
339
230
450
388
-14
-84
70
177
123
262
422
299
255
356
396
117
-77
77
65
-95
-118
18
18
-136
-24
158
224
122
-6
-120
-227
-374
-629
-761
-877
-997
-1082
-918
-584
-528
-516
-375
-149
-221
-533
-620
-694
-968
-1210
-1152
-916
-936
-918
-628
-267
-103
-122
-10
33
-9
-165
-263
-400
-588
-662
-604
-388
-154
-51
35
208
448
457
293
254
304
203
-39
68
423
525
336
488
1017
1176
980
1090
1425
1251
729
689
906
701
251
102
296
418
391
389
550
690
588
472
527
626
448
236
295
510
537
421
540
785
765
651
772
862
510
89
-10
-99
-362
-710
-744
-732
-707
-595
-444
-180
-61
-25
-43
-61
-75
-346
-610
-758
-828
-866
-922
-905
-859
-655
-446
-325
-255
-215
-157
-252
-302
-381
-590
-872
-991
-842
-737
-862
-910
-742
-611
-641
-631
-484
-561
-790
-795
-568
-444
-525
-456
-170
83
258
494
817
960
863
828
923
912
679
457
346
205
224
315
317
283
388
513
467
525
729
686
489
533
877
915
755
832
1119
1195
1082
1296
1473
1257
809
704
719
422
-16
-197
-152
-232
-256
-91
162
216
118
199
389
352
9
-201
-133
-242
-533
-553
-411
-494
-690
-538
-224
-212
-386
-358
-190
-232
-403
-473
-522
-661
-802
-731
-669
-801
-934
-963
-857
-866
-887
-902
-908
-881
-856
-689
-541
-474
-450
-319
-41
144
173
231
306
325
210
175
236
104
-165
-374
-262
-192
-418
-607
-493
-353
-500
-600
-318
-146
-264
-243
182
456
385
427
686
836
763
855
966
925
734
675
658
581
492
370
288
213
310
411
369
372
436
471
388
354
397
271
180
134
232
307
258
224
230
373
420
423
489
494
397
286
352
305
49
-130
-110
-62
-147
-206
-221
-340
-440
-437
-436
-570
-760
-831
-885
-885
-804
-669
-650
-633
-396
-115
10
30
115
135
40
-15
29
-34
-259
-444
-456
-375
-447
-613
-661
-641
-700
-832
-800
-745
-763
-819
-645
-355
-159
14
133
323
494
676
712
634
601
532
403
279
337
327
150
55
204
426
381
324
403
422
328
228
293
240
58
-32
26
114
98
66
38
72
173
273
393
484
495
540
673
788
711
600
583
510
368
303
264
55
-180
-204
-153
-246
-403
-403
-405
-520
-552
-407
-347
-423
-396
-206
-69
-30
93
217
212
138
213
341
290
150
36
66
61
-98
-224
-254
-296
-518
-628
-539
-511
-687
-749
-534
-408
-421
-391
-208
-111
-91
3
97
117
18
-9
5
70
72
-10
-33
7
100
132
143
153
83
-7
-52
-17
-35
-140
-145
-112
-44
-17
17
20
-15
-4
24
116
197
208
204
316
543
608
577
664
763
694
595
642
575
303
140
179
190
28
-23
73
114
125
198
361
417
355
344
386
416
375
305
276
247
214
228
243
227
150
111
123
42
-79
-189
-230
-362
-506
-534
-514
-546
-619
-533
-395
-324
-316
-272
-194
-232
-270
-276
-304
-435
-545
-556
-507
-490
-555
-498
-423
-376
-324
-177
-80
-214
-276
-204
-195
-344
-395
-314
-371
-447
-372
-222
-253
-371
-318
-213
-190
-203
-104
2
-4
43
172
280
273
262
313
341
328
256
159
100
73
3
-16
52
85
19
78
303
427
427
511
626
605
528
610
702
593
485
512
610
563
506
545
556
485
398
353
275
196
133
38
-64
-29
51
10
-7
154
295
251
212
376
421
239
100
142
81
-213
-349
-258
-255
-497
-534
-322
-291
-460
-423
-171
-234
-468
-464
-315
-402
-641
-575
-459
-516
-637
-567
-454
-543
-588
-553
-520
-583
-596
-515
-486
-447
-386
-280
-230
-193
-125
-110
-87
-107
-186
-313
-333
-321
-399
-466
-376
-269
-281
-206
18
170
185
227
353
371
304
333
407
405
301
349
477
512
482
515
635
613
536
516
546
542
417
356
357
436
471
459
552
655
708
663
709
757
684
550
477
460
329
207
167
177
108
20
66
86
40
-15
51
56
-106
-151
-138
-194
-350
-396
-354
-434
-487
-454
-405
-474
-551
-503
-466
-513
-555
-507
-467
-458
-423
-346
-272
-251
-239
-225
-177
-161
-246
-377
-436
-432
-521
-616
-556
-493
-547
-571
-378
-201
-216
-226
-118
-33
-103
-97
27
73
-22
-15
160
248
208
203
303
329
227
174
211
207
101
23
53
115
117
102
197
305
353
353
441
535
514
465
466
500
430
377
417
453
427
393
464
514
483
453
502
524
425
361
354
318
206
110
104
71
33
11
42
31
-47
-57
-40
-43
-116
-176
-189
-191
-173
-160
-115
-77
-64
-65
-12
50
-4
-156
-244
-259
-360
-509
-541
-507
-575
-695
-620
-479
-469
-523
-509
-438
-515
-558
-484
-428
-469
-512
-375
-237
-192
-178
-95
2
-43
-79
-41
18
-46
-166
-124
-46
-37
-87
-41
72
83
60
125
232
220
195
238
289
274
231
242
278
304
290
303
356
396
390
395
441
454
403
377
383
375
312
278
261
236
221
248
293
248
209
215
235
213
166
142
106
69
50
94
119
91
53
83
174
191
106
37
57
31
-63
-69
15
-21
-148
-146
-23
-1
-90
-137
-129
-187
-295
-306
-271
-315
-417
-422
-308
-247
-286
-272
-186
-166
-214
-208
-125
-134
-256
-286
-206
-187
-268
-267
-199
-200
-244
-235
-158
-176
-219
-201
-168
-174
-214
-211
-217
-205
-218
-224
-189
-171
-169
-169
-97
-49
-97
-113
-69
-28
-77
-85
-25
-33
-58
-11
125
156
105
131
231
263
211
228
276
264
236
295
386
394
345
347
438
461
424
381
388
387
329
335
404
442
388
345
395
435
422
353
284
244
162
93
55
38
-21
-97
-86
-29
-39
-90
-72
-36
-84
-126
-84
-43
-109
-176
-127
-99
-166
-237
-223
-231
-305
-372
-366
-370
-429
-445
-426
-401
-402
-388
-377
-396
-417
-418
-403
-410
-411
-379
-327
-301
-290
-239
-193
-182
-188
-170
-161
-194
-196
-156
-124
-124
-118
-102
-71
-61
-44
-9
11
12
37
106
177
193
183
201
267
295
271
256
259
275
252
277
362
431
444
423
472
520
523
472
399
366
306
245
205
219
210
155
169
238
275
224
198
226
207
152
136
178
169
117
137
209
232
196
181
191
152
86
49
23
-46
-93
-102
-97
-117
-112
-81
-102
-143
-144
-102
-144
-238
-262
-221
-233
-296
-284
-229
-239
-288
-268
-215
-236
-291
-286
-250
-257
-289
-306
-307
-325
-343
-324
-277
-246
-261
-229
-119
-30
-39
-54
12
45
14
-36
-26
-9
-59
-58
8
104
141
151
214
297
327
301
266
259
211
141
130
157
153
115
150
227
265
260
294
359
354
315
335
361
330
277
297
335
327
302
304
327
284
222
179
161
101
11
-15
-10
-38
-72
-51
-35
-81
-125
-80
-61
-125
-181
-166
-150
-213
-250
-217
-204
-250
-276
-229
-201
-232
-241
-196
-174
-214
-240
-248
-259
-308
-349
-353
-340
-352
-357
-302
-239
-218
-199
-154
-104
-106
-121
-135
-145
-128
-134
-127
-88
-20
10
-13
36
102
90
10
-19
8
-46
-127
-130
-81
-92
-132
-84
4
18
-16
-5
59
66
44
44
87
111
104
131
190
239
221
215
254
280
244
194
182
171
121
99
111
109
102
87
81
79
87
82
49
33
46
44
22
20
36
39
17
7
23
29
11
-7
15
45
41
1
-16
-13
-54
-114
-145
-151
-186
-251
-256
-194
-187
-234
-231
-169
-163
-209
-211
-192
-195
-240
-241
-172
-121
-131
-137
-86
-30
-49
-99
-113
-125
-191
-252
-242
-230
-261
-260
-207
-158
-126
-104
-77
-49
-43
-22
-18
-11
10
35
65
90
140
167
171
186
207
214
192
185
199
211
219
244
272
302
326
321
318
323
312
275
244
237
228
206
199
226
233
225
230
244
249
246
234
228
226
219
204
178
164
148
114
72
67
63
22
-2
0
0
-41
-72
-49
-34
-75
-107
-85
-74
-100
-101
-75
-40
-47
-70
-36
-14
-35
-84
-104
-117
-172
-210
-210
-209
-242
-256
-221
-193
-179
-161
-154
-151
-145
-130
-144
-156
-140
-134
-136
-110
-72
-65
-83
-64
-49
-76
-111
-122
-125
-146
-151
-122
-85
-61
-22
3
26
51
81
74
60
77
68
50
46
75
100
113
147
187
231
255
288
314
328
336
326
307
295
292
274
250
231
242
231
215
240
269
261
224
234
257
240
194
181
197
174
141
154
205
196
141
142
170
146
71
9
-22
-77
-163
-207
-216
-246
-282
-281
-249
-223
-234
-245
-230
-233
-253
-275
-283
-285
-317
-323
-297
-277
-280
-286
-268
-263
-271
-281
-292
-318
-339
-328
-335
-352
-328
-280
-277
-286
-239
-186
-196
-222
-180
-150
-180
-197
-155
-118
-133
-110
-51
1
27
66
122
144
160
184
178
147
129
118
89
59
54
58
41
45
83
125
124
122
155
180
179
182
214
229
222
230
277
309
302
289
307
312
275
225
180
148
91
32
-6
-11
-26
-58
-50
-8
17
-1
-2
41
57
21
11
40
31
-8
-10
21
25
-21
-37
-21
-34
-58
-81
-93
-110
-124
-146
-165
-163
-161
-183
-206
-189
-186
-222
-263
-252
-252
-295
-314
-297
-290
-308
-291
-245
-219
-205
-155
-98
-84
-71
-36
-9
-33
-57
-37
-42
-86
-108
-95
-106
-125
-107
-70
-62
-74
-53
-18
-12
-9
15
51
68
97
150
201
245
270
323
365
382
377
359
343
310
269
247
250
239
216
228
264
294
283
284
317
320
304
303
315
296
259
240
254
250
216
196
188
183
174
160
134
111
111
101
72
63
80
63
11
13
51
31
-51
-72
-57
-91
-148
-171
-173
-221
-269
-266
-242
-260
-275
-242
-215
-209
-185
-154
-154
-167
-165
-162
-173
-176
-178
-205
-217
-204
-180
-168
-179
-174
-160
-157
-144
-135
-129
-137
-130
-91
-56
-26
-7
22
58
92
107
108
102
91
74
44
44
54
36
32
73
118
131
133
172
213
216
227
254
278
254
242
258
270
252
230
223
211
207
195
184
166
161
162
141
141
155
159
131
127
167
163
125
107
121
97
48
41
54
22
-34
-48
-32
-58
-91
-96
-73
-86
-110
-89
-75
-102
-134
-142
-147
-166
-214
-235
-246
-267
-293
-297
-290
-299
-315
-321
-300
-295
-305
-311
-297
-288
-292
-271
-249
-230
-221
-203
-176
-166
-167
-153
-149
-166
-173
-169
-175
-191
-185
-155
-136
-134
-115
-76
-57
-43
-9
34
52
62
93
122
131
128
130
133
141
148
146
133
133
146
141
148
165
175
162
141
161
168
146
124
126
143
116
109
121
113
86
53
62
67
47
22
25
41
35
33
44
51
34
10
7
13
-10
-53
-80
-80
-91
-106
-98
-92
-102
-114
-114
-93
-103
-119
-115
-109
-113
-115
-107
-101
-95
-87
-76
-69
-65
-81
-90
-104
-120
-136
-144
-153
-172
-166
-153
-148
-148
-140
-125
-117
-107
-83
-68
-51
-48
-36
-13
-6
-13
-18
-4
6
-8
-5
9
28
20
15
38
58
63
51
79
107
108
98
114
142
124
131
159
176
178
165
179
185
176
172
179
192
188
198
220
242
248
237
245
249
238
213
192
190
168
146
149
154
133
114
126
141
129
109
114
107
81
66
76
83
62
51
64
68
52
26
20
16
-17
-50
-62
-78
-99
-129
-125
-127
-141
-147
-149
-147
-145
-145
-153
-155
-157
-161
-158
-162
-167
-170
-176
-163
-158
-153
-146
-136
-120
-116
-98
-84
-67
-71
-66
-35
-23
-22
-24
-6
2
11
26
37
56
58
61
71
76
70
73
91
114
132
158
186
200
206
211
235
242
220
199
191
181
158
133
135
132
112
116
133
148
130
122
135
129
110
97
97
83
53
51
75
71
52
42
52
48
15
-5
-14
-27
-64
-83
-90
-114
-145
-165
-162
-159
-169
-171
-169
-177
-189
-198
-197
-209
-236
-246
-234
-228
-238
-249
-246
-240
-243
-243
-220
-210
-226
-234
-215
-199
-217
-231
-222
-209
-208
-207
-192
-181
-185
-184
-167
-159
-158
-159
-145
-122
-112
-84
-53
-26
-10
12
43
67
81
78
76
80
88
92
102
108
106
101
116
137
142
158
166
179
186
190
196
201
201
200
206
211
223
223
223
224
224
212
195
190
173
144
127
114
98
80
63
68
69
64
55
43
37
16
11
4
-21
-47
-60
-65
-82
-97
-104
-101
-113
-119
-113
-115
-116
-131
-130
-117
-130
-141
-139
-136
-142
-154
-145
-136
-151
-164
-166
-165
-174
-178
-182
-169
-155
-151
-139
-113
-87
-90
-75
-47
-26
-20
-10
6
15
10
10
32
40
28
35
49
64
64
74
99
101
112
115
133
141
144
161
167
178
177
184
197
202
195
191
193
193
189
183
180
182
173
159
159
174
175
173
182
194
190
180
181
176
151
130
122
118
102
84
87
85
66
59
66
68
51
41
56
49
30
16
20
15
-5
-14
-11
-22
-35
-46
-57
-73
-98
-113
-124
-131
-144
-147
-160
-159
-159
-170
-165
-157
-160
-157
-152
-150
-155
-158
-143
-141
-158
-164
-152
-154
-167
-159
-138
-136
-146
-136
-120
-124
-121
-97
-70
-66
-55
-29
-2
-1
-3
15
32
43
38
47
54
52
47
52
71
87
95
104
116
128
138
137
148
158
154
142
140
153
153
149
154
162
162
155
147
154
142
139
141
135
132
122
120
114
112
106
96
81
66
47
25
5
-18
-34
-55
-72
-81
-92
-94
-99
-112
-112
-114
-112
-122
-122
-130
-128
-134
-139
-127
-127
-143
-154
-151
-156
-164
-175
-177
-184
-182
-187
-183
-170
-174
-166
-153
-138
-129
-120
-110
-97
-88
-89
-74
-61
-62
-63
-61
-61
-67
-71
-60
-48
-48
-51
-39
-19
-16
-8
5
18
23
30
37
37
39
45
56
65
60
79
95
100
107
114
128
130
137
149
159
165
158
166
170
163
168
161
154
145
129
117
107
100
96
86
82
81
68
57
57
68
64
56
66
73
66
60
63
64
60
39
29
10
-5
-25
-39
-46
-74
-89
-103
-108
-115
-125
-134
-140
-148
-141
-133
-135
-142
-149
-148
-148
-154
-162
-159
-152
-156
-165
-157
-151
-153
-151
-142
-131
-132
-134
-127
-114
-111
-111
-105
-87
-81
-86
-72
-51
-45
-54
-33
-10
-14
-6
1
22
27
23
36
61
73
78
91
106
122
124
132
136
131
114
108
113
110
97
93
94
88
85
78
81
75
77
90
101
103
112
120
122
132
128
117
101
105
108
99
88
82
74
58
50
44
39
21
12
10
9
3
7
13
-2
-16
-20
-19
-20
-41
-52
-61
-74
-86
-92
-91
-103
-104
-99
-87
-87
-95
-96
-102
-105
-105
-110
-121
-122
-120
-122
-127
-125
-120
-116
-111
-115
-103
-98
-97
-88
-89
-79
-71
-59
-56
-54
-34
-22
-10
9
18
23
21
26
35
38
44
47
51
54
57
65
73
80
88
100
113
122
139
149
156
165
167
168
177
177
176
176
172
174
166
163
163
157
154
151
155
139
135
136
127
130
126
117
108
103
85
73
61
48
31
23
14
-3
-19
-29
-29
-39
-49
-56
-69
-80
-96
-110
-108
-117
-130
-133
-137
-147
-152
-145
-145
-146
-148
-148
-149
-151
-158
-167
-166
-171
-167
-169
-163
-153
-147
-135
-126
-112
-103
-104
-94
-82
-78
-69
-65
-59
-58
-56
-46
-35
-26
-22
-6
17
29
36
49
65
69
73
83
98
99
98
112
118
103
97
109
102
84
80
86
86
86
85
94
100
94
103
101
115
98
119
124
98
103
91
98
96
95
87
101
86
66
75
73
67
78
86
90
59
10
-7
-15
-17
-13
-15
-9
-4
-40
-54
-58
-66
-46
-28
-47
-67
-75
-96
-97
-95
-92
-95
-96
-82
-81
-85
-98
-104
-108
-105
-107
-108
-101
-106
-116
-120
-113
-115
-126
-123
-120
-112
-101
-95
-84
-82
-83
-82
-81
-77
-68
-45
-49
-46
-44
-45
-48
-28
-46
-9
-18
26
75
56
144
165
118
108
114
91
117
99
87
110
51
0
9
15
21
71
102
79
88
61
69
70
67
71
79
100
112
102
113
120
108
105
118
130
120
121
119
98
95
74
46
41
9
-8
-20
-43
-65
-84
-82
-81
-95
-87
-77
-71
-66
-75
-68
-79
-109
-117
-121
-127
-120
-117
-106
-95
-89
-75
-74
-85
-98
-101
-106
-112
-111
-104
-105
-101
-96
-77
-65
-64
-68
-66
-75
-82
-86
-84
-79
-81
-71
-38
-5
4
7
24
22
10
2
1
9
4
3
13
30
39
41
48
61
69
61
59
74
86
89
107
134
134
132
137
131
135
129
117
119
114
110
115
107
115
114
104
115
101
83
66
62
53
40
44
53
58
52
56
54
50
41
25
14
9
5
-4
-4
-4
-7
-13
-14
-13
-27
-37
-49
-57
-65
-74
-81
-77
-72
-71
-64
-59
-56
-56
-53
-63
-69
-72
-78
-94
-97
-94
-87
-88
-78
-62
-60
-50
-52
-46
-43
-54
-51
-47
-42
-23
-12
-2
8
14
19
21
28
41
52
62
80
87
95
101
106
117
119
113
118
116
107
104
100
107
111
107
120
121
121
129
138
136
124
117
109
105
100
94
99
93
86
84
88
86
62
55
55
44
26
11
4
0
-16
-27
-25
-33
-44
-48
-44
-42
-58
-59
-55
-50
-59
-65
-65
-62
-69
-91
-88
-103
-121
-130
-138
-139
-141
-137
-129
-122
-125
-126
-118
-115
-116
-127
-127
-115
-121
-127
-121
-115
-115
-123
-116
-99
-93
-95
-88
-82
-84
-90
-83
-75
-70
-62
-55
-39
-32
-25
-15
-7
0
-5
-2
-1
2
5
6
8
11
13
18
26
35
40
46
52
49
49
43
52
62
64
69
74
87
84
79
81
81
73
62
59
52
55
51
36
37
35
32
29
21
11
2
-8
-13
-8
-3
-2
-10
-12
-13
-18
-31
-34
-45
-60
-64
-65
-68
-72
-76
-83
-85
-87
-88
-98
-105
-105
-105
-105
-108
-98
-93
-95
-87
-84
-88
-98
-104
-105
-107
-106
-96
-92
-82
-72
-60
-47
-39
-38
-43
-47
-53
-60
-61
-53
-40
-35
-18
0
12
24
35
55
52
52
52
46
51
45
53
59
68
78
88
101
111
116
111
113
113
111
109
113
112
113
117
109
116
129
129
126
131
138
129
123
118
114
115
108
103
97
94
91
98
102
98
98
106
108
108
117
106
89
60
45
41
24
19
17
8
1
3
16
31
21
14
11
-3
-16
-23
-36
-44
-50
-52
-45
-41
-34
-36
-29
-27
-43
-46
-41
-36
-46
-48
-60
-61
-63
-64
-54
-53
-56
-55
-45
-32
-20
-15
-11
-4
-2
0
4
7
-1
-11
-15
-8
-2
8
21
35
53
57
65
78
80
76
66
71
73
69
82
89
92
99
106
113
113
112
106
105
109
86
78
73
67
61
66
77
74
81
77
69
56
52
39
22
18
0
-13
-19
-26
-40
-41
-38
-45
-37
-38
-47
-54
-54
-58
-71
-78
-94
-104
-111
-119
-130
-131
-132
-139
-129
-120
-117
-113
-110
-112
-116
-124
-129
-131
-133
-136
-137
-137
-134
-119
-111
-110
-105
-90
-89
-90
-89
-77
-83
-82
-74
-76
-71
-65
-61
-54
-47
-48
-30
-17
-8
-8
2
11
12
16
14
14
1
-4
-1
1
5
13
32
37
47
63
68
69
70
63
48
34
33
37
38
37
36
34
36
43
52
62
56
51
46
41
39
35
28
34
31
25
22
22
25
11
11
19
17
13
0
10
3
-19
-24
-24
-21
-32
-37
-34
-44
-57
-57
-54
-45
-45
-48
-53
-55
-56
-63
-64
-68
-70
-70
-70
-64
-61
-48
-41
-35
-28
-32
-30
-30
-30
-31
-37
-51
-53
-47
-42
-35
-33
-19
-9
5
20
14
13
10
4
2
6
10
18
17
30
39
42
47
51
54
50
47
44
46
49
57
65
79
94
95
96
100
107
105
98
94
93
81
77
87
88
85
78
81
88
88
97
100
97
98
99
102
101
97
94
90
83
71
60
58
57
59
47
41
43
38
27
17
8
-1
-11
-26
-24
-20
-15
-18
-16
-8
-4
-5
-5
5
1
-10
-20
-32
-42
-49
-48
-53
-56
-58
-61
-56
-45
-42
-40
-35
-31
-26
-32
-27
-22
-35
-40
-39
-29
-37
-36
-34
-29
-17
-11
-5
1
14
10
18
19
25
26
23
21
28
30
20
27
33
38
45
53
57
58
63
69
71
67
62
60
54
55
52
47
48
52
57
59
60
60
61
61
59
65
59
51
42
39
35
33
29
21
22
26
26
26
31
29
29
29
24
16
12
10
0
-12
-19
-21
-25
-21
-26
-32
-40
-44
-35
-42
-52
-49
-51
-64
-78
-83
-84
-95
-105
-103
-100
-102
-103
-105
-103
-103
-109
-108
-104
-103
-104
-100
-92
-102
-98
-90
-83
-76
-83
-91
-98
-97
-97
-97
-85
-83
-80
-65
-56
-46
-39
-31
-24
-11
-7
-4
-1
2
3
-2
4
8
10
16
20
25
24
35
33
43
51
46
45
47
54
52
43
41
33
24
13
4
3
1
-7
-8
1
-1
-11
-9
-13
-20
-18
-24
-33
-36
-40
-49
-46
-49
-66
-72
-74
-73
-67
-70
-73
-77
-82
-82
-83
-83
-83
-86
-85
-89
-87
-78
-76
-79
-70
-66
-68
-62
-62
-57
-60
-58
-56
-56
-51
-44
-41
-32
-29
-28
-22
-17
-16
-8
0
1
5
15
18
17
20
21
28
33
43
52
58
65
59
70
73
70
73
76
74
70
74
80
78
82
93
96
98
92
91
93
87
85
82
78
76
73
77
76
71
77
77
76
76
73
70
58
54
51
44
40
39
39
30
23
28
25
15
22
26
14
12
6
-3
-12
-22
-27
-24
-21
-28
-26
-21
-17
-16
-20
-10
-9
-14
-15
-17
-12
-10
-14
-13
-12
-9
-6
-8
-2
-1
2
8
11
16
17
25
22
28
30
31
33
33
37
41
43
49
60
57
55
62
69
67
63
62
61
56
55
53
49
44
46
45
44
40
43
46
44
48
56
61
55
54
59
57
48
45
37
28
27
30
30
27
23
20
24
26
28
25
26
33
30
30
31
28
25
20
14
1
-4
2
4
-3
-11
-15
-17
-22
-34
-32
-33
-35
-36
-43
-42
-48
-54
-54
-56
-60
-63
-65
-62
-65
-76
-75
-73
-73
-73
-79
-89
-93
-89
-94
-95
-87
-93
-94
-87
-87
-81
-81
-82
-73
-74
-76
-82
-78
-72
-65
-57
-53
-47
-45
-37
-32
-34
-29
-19
-16
-20
-19
-9
-11
-12
-15
-11
-15
-13
-5
1
0
-1
0
-1
2
1
3
3
1
5
7
5
6
-1
-5
2
3
-2
1
3
5
1
0
-4
-2
-13
-20
-13
-18
-16
-19
-21
-15
-13
-20
-20
-15
-17
-18
-18
-28
-28
-25
-34
-24
-20
-11
-13
-18
-17
-19
-22
-26
-25
-29
-37
-45
-47
-46
-48
-48
-44
-39
-44
-44
-44
-51
-59
-63
-63
-63
-53
-50
-49
-43
-35
-28
-23
-22
-18
-17
-16
-19
-14
-14
-19
-11
-1
6
17
24
26
36
41
40
48
43
35
39
49
52
61
69
76
82
79
78
86
85
87
91
92
95
95
91
94
93
91
92
94
97
88
86
84
81
80
77
80
76
70
67
66
66
61
62
63
57
51
44
43
36
28
31
25
20
17
16
13
14
9
4
8
3
-3
-8
-10
-15
-20
-21
-27
-27
-34
-38
-34
-34
-33
-39
-34
-29
-31
-33
-33
-31
-30
-41
-42
-45
-44
-40
-39
-30
-32
-36
-30
-29
-31
-24
-21
-19
-15
-13
-6
2
14
12
19
25
27
27
25
34
35
33
35
45
55
57
68
74
78
76
73
72
67
65
56
56
61
63
63
62
61
59
61
62
62
67
61
55
50
41
34
35
37
40
35
38
38
38
41
34
35
29
19
20
14
7
6
-2
-14
-15
-13
-12
-11
-15
-12
-16
-16
-17
-22
-28
-30
-37
-39
-42
-50
-53
-55
-57
-60
-58
-60
-68
-68
-64
-70
-74
-78
-77
-80
-83
-83
-88
-75
-77
-79
-77
-78
-80
-84
-81
-86
-79
-74
-73
-64
-48
-42
-33
-33
-32
-22
-19
-11
-12
-7
-4
-5
-7
-3
4
9
9
18
22
26
34
38
33
37
34
28
29
31
30
27
30
31
30
25
23
27
25
18
16
5
1
-4
-10
-11
-13
-15
-14
-31
-35
-36
-41
-34
-41
-46
-46
-46
-42
-44
-45
-45
-45
-49
-51
-51
-54
-55
-60
-58
-57
-63
-65
-71
-62
-59
-65
-58
-59
-55
-53
-50
-46
-50
-48
-49
-48
-48
-52
-49
-48
-40
-38
-29
-23
-27
-24
-23
-22
-19
-13
-15
-13
-14
-10
-7
-6
3
8
6
11
13
21
24
18
14
9
8
5
10
14
20
29
33
33
36
35
31
38
35
32
35
33
35
43
45
50
50
50
52
53
53
52
47
49
54
48
54
53
46
46
49
51
49
52
52
43
37
32
29
22
16
11
9
3
-1
-3
-11
-11
-11
-10
-8
-15
-18
-19
-22
-23
-27
-21
-25
-25
-23
-20
-20
-18
-15
-18
-14
-3
4
-5
-4
-1
2
0
4
6
4
10
13
19
21
26
27
29
30
35
33
28
30
32
38
42
42
47
50
54
54
57
61
53
54
58
59
61
60
65
69
70
77
84
88
82
71
67
65
60
56
56
59
64
64
62
53
49
49
42
44
37
29
21
12
7
0
-3
-5
-11
-5
0
-4
-8
-10
-17
-19
-20
-29
-28
-27
-28
-32
-35
-36
-38
-38
-43
-44
-39
-43
-38
-43
-46
-48
-54
-51
-54
-55
-56
-65
-66
-64
-67
-76
-79
-77
-71
-71
-74
-77
-80
-76
-76
-71
-66
-65
-58
-55
-49
-45
-43
-42
-42
-45
-41
-33
-24
-15
-10
-2
8
18
25
27
30
25
26
35
43
46
43
56
63
71
72
69
75
72
69
75
79
74
72
75
73
75
70
70
74
68
58
52
50
47
39
33
35
33
27
23
24
21
15
8
11
11
2
-2
-10
-14
-18
-29
-29
-40
-45
-56
-66
-68
-76
-78
-78
-88
-94
-95
-102
-98
-103
-103
-100
-102
-100
-103
-103
-104
-101
-105
-103
-103
-106
-103
-98
-95
-94
-87
-85
-84
-78
-75
-66
-64
-64
-59
-52
-49
-42
-46
-41
-34
-27
-17
-13
-8
-11
-10
-2
5
16
17
23
34
46
58
64
66
68
77
79
82
78
83
79
76
92
90
89
87
86
90
91
95
96
91
94
96
92
85
87
86
81
81
77
77
67
62
61
61
59
60
58
47
41
30
30
20
20
17
11
10
7
6
9
8
1
8
13
13
10
8
8
0
-3
-7
-9
-19
-25
-27
-26
-28
-38
-45
-47
-48
-50
-51
-48
-51
-52
-49
-48
-45
-46
-50
-46
-51
-52
-49
-42
-34
-38
-40
-35
-31
-27
-21
-17
-12
-5
2
5
14
13
8
11
13
13
14
21
29
35
32
33
40
44
49
48
52
48
46
49
56
56
56
56
56
58
53
56
56
54
53
47
49
45
46
49
53
55
54
56
56
54
49
46
38
34
35
38
39
36
36
29
22
15
10
10
6
-1
-6
-5
-8
-13
-15
-18
-19
-22
-21
-14
-13
-22
-29
-32
-32
-33
-33
-27
-31
-24
-25
-20
-9
-9
-11
-11
-8
-9
-9
-9
-3
0
-2
3
3
-8
-8
-2
-2
-4
-2
-2
-2
-5
1
3
2
8
1
1
-1
-2
0
-10
-12
-16
-16
-12
-16
-16
-15
-10
-9
-5
-6
0
-2
-3
5
2
-1
-1
-2
-5
-7
-10
-6
-9
3
4
2
8
8
14
8
7
5
-5
-13
-23
-23
-25
-27
-23
-23
-22
-21
-21
-20
-19
-27
-34
-40
-50
-54
-58
-58
-57
-64
-64
-65
-64
-62
-59
-56
-56
-54
-53
-50
-46
-49
-53
-50
-47
-47
-50
-49
-47
-51
-53
-55
-54
-53
-55
-45
-37
-36
-32
-32
-30
-24
-12
-13
-7
-2
0
3
0
3
1
-1
-4
3
13
18
21
26
24
27
31
35
40
37
37
36
33
38
32
35
40
39
41
39
43
39
42
39
30
29
26
19
21
17
15
10
5
11
4
2
-2
-8
-11
-14
-20
-17
-19
-26
-30
-31
-29
-32
-32
-29
-29
-25
-28
-31
-40
-46
-43
-49
-48
-52
-51
-50
-49
-42
-40
-36
-37
-34
-33
-38
-36
-38
-40
-39
-37
-32
-29
-26
-29
-29
-25
-20
-18
-15
-10
-1
-3
-1
4
1
5
4
12
16
22
23
30
37
34
33
36
36
36
36
34
43
49
52
54
58
61
56
55
57
55
53
54
56
61
58
54
56
54
53
53
57
55
49
50
49
47
41
41
46
42
41
40
34
35
30
32
35
34
31
28
14
10
10
2
1
-6
-4
-3
2
6
7
6
-2
0
-4
-10
-5
-13
-18
-18
-23
-15
-8
-8
0
7
10
15
15
13
9
11
12
4
5
7
14
16
23
30
29
31
28
32
30
27
28
30
32
29
26
26
23
22
19
21
20
14
12
9
6
5
13
10
9
9
-2
-6
-10
-17
-24
-32
-37
-44
-47
-55
-64
-62
-66
-67
-69
-64
-65
-67
-64
-68
-66
-75
-79
-82
-82
-89
-87
-81
-78
-75
-71
-66
-62
-55
-52
-46
-44
-41
-38
-32
-28
-26
-20
-9
-4
-1
10
13
17
19
25
31
35
42
39
40
47
51
48
54
58
60
67
65
68
67
67
66
60
57
55
56
57
56
57
56
51
46
46
41
42
35
27
26
21
18
15
4
3
5
-2
-3
-9
-13
-16
-13
-16
-24
-21
-28
-29
-33
-37
-41
-42
-43
-44
-45
-45
-45
-40
-38
-38
-39
-41
-43
-45
-39
-40
-39
-41
-37
-35
-31
-28
-17
-12
-11
-5
-9
-7
-5
-13
-11
-12
-11
-2
1
2
-5
2
4
3
13
6
5
1
0
4
-3
-12
-12
-13
-17
-9
-10
-18
-16
-12
-17
-22
-22
-29
-30
-29
-33
-30
-31
-30
-36
-38
-35
-33
-35
-37
-35
-39
-39
-41
-38
-32
-28
-26
-17
-17
-11
-13
-21
-21
-23
-18
-17
-14
-13
-9
2
12
19
15
20
19
21
24
28
37
35
29
27
32
39
41
39
44
48
53
57
60
70
75
70
75
75
73
75
68
65
67
66
59
56
48
52
54
59
63
65
59
54
50
36
31
24
17
15
18
13
17
17
21
24
19
14
2
1
-1
-2
-9
-12
-20
-24
-25
-28
-20
-25
-22
-25
-31
-35
-37
-37
-45
-50
-55
-55
-57
-60
-63
-63
-65
-59
-56
-50
-45
-44
-35
-34
-35
-37
-43
-50
-47
-40
-39
-31
-28
-22
-17
-13
1
8
10
13
21
29
34
42
45
53
58
65
73
74
78
80
82
87
95
98
105
108
109
110
113
116
111
113
112
115
112
111
106
106
105
103
102
104
108
107
106
102
93
86
83
87
84
75
70
59
51
51
41
36
33
27
25
13
14
7
-2
-11
-18
-25
-29
-36
-42
-54
-52
-58
-60
-62
-67
-71
-75
-76
-78
-77
-89
-89
-98
-101
-99
-99
-101
-99
-100
-102
-95
-91
-83
-82
-78
-73
-75
-72
-75
-74
-72
-70
-71
-74
-69
-71
-65
-63
-61
-57
-61
-62
-61
-63
-62
-65
-69
-70
-68
-71
-67
-67
-71
-64
-68
-70
-72
-78
-80
-80
-79
-67
-62
-58
-50
-49
-45
-39
-37
-31
-32
-33
-22
-25
-18
-15
-9
-2
-3
1
-2
4
12
12
17
21
23
24
18
18
22
21
30
34
36
35
31
31
29
24
22
21
15
11
10
13
13
7
9
6
-6
-7
-10
-10
-12
-18
-17
-17
-22
-24
-28
-29
-33
-33
-37
-43
-42
-45
-49
-52
-53
-53
-50
-47
-43
-37
-31
-36
-34
-28
-23
-22
-20
-16
-15
-16
-20
-20
-26
-28
-35
-26
-26
-29
-18
-15
-13
-10
-1
-3
3
2
-1
6
-1
-6
-7
-9
-10
-6
-2
2
4
2
2
-2
4
4
9
11
9
14
11
13
17
16
19
23
21
23
24
30
38
41
44
48
58
57
65
68
65
72
72
77
78
78
73
72
74
78
89
91
93
94
97
101
96
94
92
85
81
80
79
78
78
76
75
74
74
73
75
71
73
73
67
67
60
56
47
49
49
45
49
45
51
49
47
42
35
24
23
20
19
17
17
17
16
14
7
10
6
8
6
13
20
15
18
17
11
8
8
6
8
6
5
6
12
11
11
16
20
21
16
15
13
16
13
6
2
6
3
2
1
-2
-4
-5
-8
-13
-10
-19
-27
-32
-30
-29
-29
-30
-32
-29
-28
-25
-30
-35
-37
-38
-36
-36
-38
-45
-45
-48
-47
-42
-45
-38
-36
-44
-41
-36
-32
-23
-29
-37
-36
-36
-42
-38
-39
-39
-37
-34
-30
-29
-25
-30
-31
-29
-34
-29
-31
-36
-35
-35
-34
-28
-26
-36
-31
-29
-30
-27
-23
-14
-14
-9
-8
-9
-7
-7
-4
-1
-8
-6
-13
-13
-14
-14
-13
-16
-8
-8
-4
-2
-4
3
6
1
-2
-3
4
-7
-12
-8
-13
-18
-15
-9
-16
-16
-14
-12
-12
-12
-13
-12
-11
-15
-15
-14
-18
-17
-10
-12
-7
-6
-8
-11
-19
-23
-26
-27
-26
-27
-31
-34
-34
-36
-37
-37
-46
-49
-49
-56
-57
-59
-65
-65
-68
-63
-58
-56
-45
-41
-43
-43
-40
-35
-30
-31
-30
-30
-26
-22
-21
-19
-22
-28
-26
-21
-11
-6
-7
0
3
3
2
2
7
2
-1
4
-2
-12
0
8
7
7
8
18
24
17
8
18
29
27
20
14
21
24
19
19
25
23
24
28
31
32
25
20
22
22
22
22
21
26
22
17
22
25
22
20
24
31
35
26
22
36
34
28
31
26
28
24
24
29
30
32
30
36
40
40
37
40
44
42
37
38
40
37
35
39
42
45
43
42
52
53
55
65
70
79
82
83
86
89
83
86
95
93
93
93
94
95
98
95
92
97
100
97
99
92
85
77
73
71
64
61
56
56
50
43
45
52
52
42
36
29
21
12
5
0
-10
-13
-20
-22
-26
-34
-30
-31
-31
-33
-40
-37
-39
-44
-49
-54
-54
-52
-45
-48
-41
-38
-35
-33
-33
-31
-28
-25
-26
-25
-22
-17
-11
-18
-12
-9
-4
7
12
19
14
12
8
10
12
12
12
9
9
8
9
8
7
12
12
11
11
11
13
14
10
3
3
0
-3
-3
-1
3
-3
-2
-2
-6
-8
-12
-9
-16
-18
-18
-22
-21
-21
-23
-22
-26
-29
-29
-35
-36
-38
-38
-38
-41
-44
-41
-38
-41
-42
-46
-46
-43
-49
-52
-49
-46
-45
-45
-44
-42
-35
-34
-28
-23
-27
-32
-33
-36
-38
-42
-50
-51
-49
-47
-42
-37
-40
-37
-40
-43
-50
-58
-62
-66
-67
-69
-64
-65
-64
-66
-69
-68
-64
-68
-72
-74
-76
-80
-80
-82
-78
-75
-71
-72
-69
-68
-74
-70
-74
-70
-71
-77
-75
-80
-78
-82
-79
-73
-71
-71
-69
-64
-64
-63
-60
-57
-56
-57
-53
-56
-54
-50
-53
-47
-48
-45
-38
-35
-24
-19
-17
-10
-2
-1
7
10
15
15
16
19
21
24
29
30
35
43
46
53
56
56
58
62
63
67
68
63
62
64
65
62
65
63
66
69
67
74
83
84
81
77
76
70
66
63
65
64
54
61
62
58
57
57
54
51
50
47
51
47
42
42
35
36
36
36
40
42
43
40
38
38
37
30
34
32
32
31
27
34
34
39
38
41
41
42
46
47
44
37
29
28
30
25
31
33
32
34
42
41
47
48
47
53
53
62
60
60
57
50
49
46
43
42
44
44
42
47
49
44
46
43
43
39
37
39
40
36
35
33
37
29
31
36
25
25
23
25
17
22
21
15
21
20
19
22
22
20
21
22
19
24
23
21
20
15
18
23
26
27
26
19
13
12
11
5
-2
-4
-5
-6
-4
-6
-4
-7
-7
-9
-13
-14
-13
-15
-21
-29
-31
-33
-35
-35
-36
-39
-39
-43
-46
-44
-50
-55
-49
-57
-56
-57
-57
-55
-55
-50
-54
-62
-64
-65
-66
-65
-63
-65
-61
-61
-60
-57
-55
-51
-52
-48
-50
-43
-40
-39
-34
-40
-39
-39
-36
-37
-41
-44
-45
-43
-43
-38
-42
-42
-39
-39
-36
-36
-38
-33
-28
-28
-26
-21
-24
-28
-29
-33
-39
-40
-40
-35
-34
-34
-29
-29
-22
-20
-21
-18
-19
-13
-15
-20
-16
-18
-19
-18
-19
-19
-14
-10
-12
-12
-11
-13
-16
-11
-13
-15
-11
-14
-11
-11
-17
-14
-17
-15
-18
-23
-16
-17
-20
-15
-20
-26
-30
-28
-27
-29
-35
-42
-37
-41
-46
-51
-52
-46
-44
-45
-44
-42
-42
-42
-39
-38
-36
-35
-33
-33
-39
-35
-33
-33
-31
-30
-33
-28
-26
-26
-25
-24
-20
-20
-14
-10
-5
0
6
9
13
12
14
23
22
26
30
30
33
37
43
42
44
43
50
48
44
50
49
51
53
54
56
58
51
48
45
42
41
40
42
42
39
44
40
42
45
47
55
53
53
54
50
46
45
49
47
48
53
50
58
63
62
57
58
60
54
57
60
61
60
63
62
56
57
57
60
61
55
52
53
51
51
56
49
48
55
52
46
48
51
46
45
43
41
37
32
34
34
25
27
37
41
43
48
44
34
34
26
24
29
31
28
28
28
27
28
24
27
20
25
27
24
23
18
16
14
9
10
10
10
15
12
20
19
13
18
13
18
20
11
7
4
5
2
5
10
8
13
12
8
5
2
2
7
5
8
12
-2
-9
-10
-11
-13
-4
-8
-2
2
-5
5
6
10
19
5
-3
1
2
7
9
14
15
14
11
16
17
16
14
9
9
0
2
1
-1
-4
-5
2
-3
-3
-2
-1
-10
-10
-14
-24
-22
-21
-20
-28
-32
-31
-35
-38
-37
-44
-48
-51
-48
-47
-45
-44
-46
-54
-59
-62
-63
-67
-75
-73
-73
-76
-79
-80
-78
-79
-79
-84
-86
-86
-83
-85
-89
-83
-85
-86
-86
-83
-86
-82
-91
-94
-94
-96
-92
-92
-85
-84
-83
-81
-74
-69
-73
-73
-73
-68
-70
-68
-60
-59
-61
-62
-63
-64
-59
-58
-59
-56
-48
-43
-48
-47
-47
-49
-46
-44
-42
-39
-38
-39
-37
-37
-33
-34
-37
-39
-39
-35
-37
-41
-39
-37
-38
-38
-34
-29
-27
-23
-23
-16
-12
-12
-4
-6
-2
-7
-7
-9
-6
2
3
5
3
5
11
13
17
23
22
23
17
15
9
13
21
14
22
19
16
19
14
13
17
16
20
16
18
30
38
42
41
40
39
37
46
50
54
54
45
44
47
43
33
25
33
38
38
36
39
43
40
33
40
56
47
50
51
55
55
53
51
48
65
66
70
74
77
74
74
83
76
72
77
74
80
85
85
90
93
91
84
82
81
81
78
75
72
63
59
57
59
56
58
58
57
59
61
61
59
60
58
62
67
73
71
73
69
61
58
53
52
50
48
49
48
48
44
40
41
39
34
31
28
25
29
30
32
30
35
29
26
19
7
9
4
3
1
3
0
0
7
6
7
-1
-3
-2
-3
-4
-10
-14
-13
-17
-22
-21
-21
-22
-21
-18
-15
-7
-13
-12
-8
-18
-26
-25
-29
-27
-27
-30
-29
-28
-28
-24
-24
-28
-25
-25
-24
-23
-22
-24
-26
-22
-20
-22
-24
-28
-33
-29
-30
-37
-34
-38
-35
-40
-47
-44
-44
-40
-39
-39
-45
-45
-46
-44
-37
-38
-38
-39
-43
-43
-45
-45
-39
-44
-36
-24
-22
-21
-23
-27
-27
-26
-26
-25
-29
-34
-36
-36
-30
-27
-29
-31
-30
-24
-17
-17
-18
-15
-16
-17
-20
-17
-16
-20
-27
-25
-22
-26
-30
-34
-31
-36
-36
-37
-35
-38
-42
-41
-46
-46
-49
-50
-55
-53
-48
-52
-52
-47
-50
-49
-46
-43
-50
-51
-51
-54
-53
-56
-55
-60
-57
-55
-55
-51
-56
-59
-60
-60
-60
-54
-47
-48
-39
-37
-40
-41
-47
-47
-44
-43
-41
-34
-33
-33
-20
-8
-5
-2
-5
-5
-1
7
10
9
11
12
19
17
18
21
22
28
39
40
40
38
29
27
28
30
30
31
40
48
48
53
50
45
44
46
51
46
50
46
39
39
41
41
37
35
36
42
44
46
47
48
48
50
47
43
45
42
43
38
33
31
28
27
20
20
21
23
26
21
17
25
18
16
21
18
24
22
27
23
24
29
22
21
19
14
9
8
7
14
20
20
23
22
20
19
15
18
21
26
30
27
32
29
26
28
31
26
29
38
39
50
48
57
58
61
60
56
53
51
52
52
52
50
51
52
50
45
44
47
45
42
37
29
23
17
11
13
14
13
14
8
9
11
7
9
12
8
4
3
4
5
7
6
7
12
12
15
20
26
30
30
31
30
24
24
29
32
38
35
34
35
26
29
35
30
31
33
37
41
38
38
41
37
38
39
46
43
38
36
35
35
30
34
32
33
32
29
25
25
23
21
19
17
14
8
12
11
4
-2
-10
-8
-11
-14
-20
-27
-31
-26
-33
-38
-42
-44
-42
-48
-48
-48
-45
-49
-52
-46
-50
-55
-62
-59
-56
-54
-52
-49
-50
-57
-60
-59
-54
-48
-50
-53
-52
-51
-45
-47
-52
-52
-52
-49
-49
-57
-54
-60
-65
-67
-67
-65
-71
-70
-71
-68
-68
-65
-66
-65
-67
-66
-71
-73
-70
-76
-75
-76
-77
-73
-70
-68
-69
-65
-59
-62
-64
-64
-69
-66
-68
-62
-57
-54
-51
-58
-59
-58
-59
-56
-47
-38
-37
-36
-37
-32
-29
-28
-28
-29
-31
-30
-27
-29
-28
-30
-32
-30
-28
-26
-21
-16
-19
-19
-16
-16
-9
-5
-3
-9
-11
-7
-5
3
5
6
5
4
9
12
18
21
20
23
15
16
18
17
23
23
22
26
21
19
19
21
19
18
22
21
19
20
15
18
17
10
12
10
9
4
8
6
7
10
13
14
7
11
11
10
10
9
15
16
10
16
14
18
14
10
18
19
26
27
26
22
17
16
21
23
26
25
27
34
31
28
30
30
29
32
31
33
32
29
28
30
34
40
45
47
49
45
48
41
41
47
46
47
40
43
39
37
37
39
43
49
52
53
56
53
55
59
62
63
63
70
59
56
57
54
55
59
64
64
65
60
61
58
65
60
55
52
50
54
53
48
48
46
41
38
36
34
30
27
23
22
19
13
6
7
11
12
10
12
21
20
18
20
18
15
19
17
18
17
14
15
14
18
20
22
28
30
27
30
32
30
31
31
26
30
30
23
31
26
23
25
22
24
22
20
13
14
14
11
5
-2
-9
-6
-13
-14
-15
-20
-21
-24
-27
-36
-40
-46
-44
-49
-54
-62
-65
-68
-74
-71
-75
-82
-86
-82
-87
-86
-83
-87
-92
-97
-105
-107
-112
-114
-111
-113
-107
-107
-108
-100
-102
-104
-101
-95
-97
-100
-95
-96
-88
-81
-71
-73
-71
-64
-62
-58
-53
-50
-49
-44
-35
-34
-30
-24
-26
-18
-10
-12
-7
-4
-3
0
3
6
6
6
5
7
12
15
16
17
22
19
21
16
12
15
17
16
13
19
18
18
17
16
18
13
13
10
8
5
-2
2
-1
-4
-11
-11
-10
-13
-12
-12
-13
-13
-12
-12
-10
-6
-10
-15
-12
-17
-14
-12
-7
-8
-11
-12
-16
-15
-13
-13
-15
-15
-19
-20
-28
-29
-23
-20
-20
-28
-30
-32
-35
-37
-35
-35
-36
-39
-33
-33
-25
-23
-24
-15
-18
-10
-9
-11
-7
-11
-10
-7
-6
-4
-2
3
-3
1
2
2
11
8
12
15
8
11
17
25
24
22
22
20
24
24
30
36
39
41
41
41
39
36
35
37
32
31
27
30
35
36
41
43
44
46
48
48
48
45
44
48
51
52
51
52
53
55
55
51
54
55
50
53
54
59
63
65
72
71
71
69
69
69
75
77
74
77
79
85
86
87
91
91
89
84
86
88
86
90
91
85
88
90
83
79
77
71
67
64
57
51
47
38
29
24
23
22
21
18
13
11
6
3
-6
-13
-11
-18
-23
-31
-34
-41
-44
-38
-38
-34
-29
-25
-23
-20
-22
-20
-19
-21
-19
-14
-21
-18
-20
-21
-14
-12
-8
-4
0
0
5
1
2
9
1
-4
-6
-5
1
-1
6
8
4
12
13
8
5
4
-6
-6
-10
-6
-5
-7
-7
-13
-12
-15
-18
-15
-19
-22
-19
-25
-25
-31
-28
-22
-26
-31
-38
-39
-36
-42
-44
-51
-58
-56
-61
-57
-55
-59
-55
-51
-48
-49
-52
-58
-61
-61
-65
-62
-68
-66
-62
-61
-61
-66
-68
-72
-68
-60
-60
-54
-56
-54
-51
-52
-52
-51
-49
-46
-38
-37
-35
-30
-34
-32
-32
-30
-25
-21
-15
-17
-14
-18
-21
-16
-22
-15
-17
-21
-21
-22
-22
-25
-29
-20
-23
-26
-22
-23
-25
-27
-22
-25
-28
-37
-37
-35
-35
-30
-32
-28
-24
-24
-13
-12
-15
-18
-20
-16
-13
-13
-15
-9
-13
-10
-9
-6
0
1
3
3
9
6
-1
2
-1
-1
2
-1
-7
-9
-14
-11
-4
1
1
-4
-3
-4
-9
-12
-11
-13
-9
-9
-13
-8
-7
-4
-3
-5
-1
-1
-1
0
6
10
11
10
7
6
9
5
10
14
14
19
14
13
13
15
16
19
20
20
24
19
21
20
22
20
18
19
10
13
21
26
22
25
24
21
27
26
24
28
22
18
24
25
24
18
19
21
27
31
33
35
36
45
46
46
43
38
40
44
46
52
51
51
52
55
56
56
56
59
59
61
62
62
60
59
51
55
55
53
61
60
63
63
61
57
56
50
49
51
56
56
51
44
45
48
46
46
46
48
46
49
48
48
43
45
44
36
42
36
30
32
26
21
18
18
16
5
3
1
7
10
6
4
5
0
2
2
-4
-4
-9
-12
-11
-11
-8
-12
-8
-8
-5
-6
-7
5
7
4
1
0
-2
-6
-4
-5
-7
-1
-1
4
6
1
-4
-3
-1
-2
-1
0
-3
-2
-3
-9
-10
-14
-14
-20
-22
-22
-23
-28
-32
-40
-41
-44
-48
-47
-52
-54
-69
-71
-73
-80
-73
-73
-68
-61
-62
-64
-69
-72
-72
-66
-63
-67
-64
-60
-63
-62
-61
-59
-50
-54
-51
-45
-40
-43
-45
-40
-41
-40
-39
-35
-37
-33
-29
-29
-19
-23
-18
-20
-19
-14
-15
-8
-7
-6
-5
-4
-3
-11
-10
-11
-12
-6
-8
-2
1
-4
-7
-13
-14
-15
-15
-13
-9
-2
-3
-5
-6
-12
-22
-23
-25
-27
-26
-25
-26
-26
-27
-34
-35
-34
-35
-33
-37
-34
-32
-35
-33
-23
-19
-16
-18
-11
-6
-5
-5
-4
-7
-16
-16
-13
-10
-13
-13
-9
-2
3
9
16
13
15
13
12
18
7
7
6
5
7
5
5
7
12
8
9
12
14
13
4
6
1
4
8
8
10
10
15
12
13
17
21
17
18
19
23
31
34
36
37
41
42
43
53
58
59
64
67
68
65
66
66
64
67
70
74
70
70
75
71
74
70
69
69
69
70
66
58
54
48
43
43
41
50
42
35
35
27
24
23
19
22
14
14
12
6
0
-7
-1
-8
-7
-7
-6
-12
-16
-12
-13
-17
-24
-24
-22
-20
-18
-15
-14
-10
-11
-13
-15
-12
-9
-8
-3
-3
0
0
-3
0
3
4
5
8
6
11
13
11
13
14
16
20
18
22
23
23
26
25
21
21
24
22
25
27
28
25
24
23
15
8
6
2
5
5
10
11
7
2
-1
0
2
1
1
2
1
5
6
0
-3
-8
-4
0
2
3
6
9
7
13
16
15
6
9
8
8
24
23
23
25
25
25
18
19
19
17
14
9
10
2
1
2
3
5
7
6
2
0
-5
-14
-17
-24
-28
-27
-34
-33
-34
-33
-34
-42
-47
-39
-30
-41
-61
-53
-57
-75
-70
-67
-63
-59
-48
-60
-55
-42
-58
-55
-41
-47
-46
-43
-48
-51
-51
-43
-43
-38
-32
-24
-20
-26
-26
-26
-28
-28
-22
-20
-20
-19
-16
-21
-12
-10
-2
10
3
3
-2
-1
-8
-7
-8
-5
-5
-11
-10
-11
-15
-11
-8
-9
0
-4
-4
-9
-19
-23
-32
-35
-30
-27
-31
-28
-32
-34
-31
-30
-35
-33
-31
-34
-33
-35
-36
-31
-24
-20
-16
-14
-14
-7
-5
0
5
6
0
0
-4
-4
0
5
12
13
23
25
32
32
33
32
26
33
31
31
33
33
34
31
31
31
33
37
35
42
41
34
33
28
24
24
24
21
17
14
16
20
23
18
26
22
19
24
24
26
24
24
22
19
18
20
13
8
9
7
7
3
1
-2
-8
-8
-10
-11
-14
-17
-21
-22
-21
-20
-21
-21
-17
-17
-17
-15
-17
-25
-24
-20
-22
-28
-32
-37
-39
-39
-36
-37
-33
-31
-29
-27
-34
-31
-32
-33
-29
-26
-24
-26
-25
-27
-25
-21
-22
-19
-17
-6
-2
0
0
7
15
12
15
14
7
15
11
16
17
23
27
19
24
24
24
20
21
22
24
22
19
12
10
7
7
11
15
13
11
16
15
9
10
7
3
-5
-9
-7
-6
-3
-1
0
-3
-1
-1
1
2
6
5
3
5
2
0
0
4
5
7
8
9
7
9
10
12
16
14
13
12
12
21
18
19
19
19
21
18
19
16
15
16
16
16
17
20
21
15
15
24
26
26
21
21
16
14
11
7
4
-1
10
7
9
12
8
3
-1
0
-9
-16
-18
-24
-24
-25
-30
-27
-29
-35
-36
-32
-37
-34
-31
-31
-32
-37
-36
-33
-29
-30
-28
-24
-23
-16
-11
-9
-4
-5
-1
2
6
8
8
14
18
22
24
35
41
47
55
57
62
62
59
61
65
63
62
67
67
65
68
74
74
75
69
66
64
57
51
47
44
39
36
35
32
30
27
27
27
21
20
16
0
1
-9
-17
-16
-25
-20
-23
-27
-20
-20
-25
-25
-23
-25
-29
-31
-37
-42
-33
-34
-30
-28
-27
-24
-22
-15
-14
-13
-15
-22
-26
-25
-23
-19
-16
-7
-2
3
4
11
7
3
10
11
11
14
6
3
5
2
1
-1
-4
-5
-6
-12
-14
-10
-15
-20
-27
-39
-44
-42
-41
-42
-42
-44
-46
-50
-47
-46
-42
-45
-42
-43
-48
-42
-51
-55
-54
-53
-50
-49
-44
-46
-47
-48
-51
-49
-48
-44
-44
-50
-49
-50
-38
-32
-38
-36
-34
-32
-28
-29
-29
-20
-19
-20
-22
-14
-17
-17
-14
-16
-19
-18
-13
-15
-15
-17
-20
-19
-21
-26
-29
-34
-33
-28
-26
-26
-24
-23
-24
-26
-29
-28
-29
-29
-25
-16
-9
-5
-2
0
-1
-7
-13
-12
-12
-9
0
4
8
9
15
16
18
21
16
16
15
16
15
16
21
21
23
25
26
30
29
29
26
25
23
23
20
15
12
13
14
8
14
15
19
20
18
23
22
18
15
17
20
24
22
23
18
15
19
23
27
30
31
32
31
29
30
27
33
32
34
36
34
38
38
48
52
55
53
59
64
60
65
61
65
67
71
74
69
71
72
70
76
79
80
80
82
79
78
81
78
79
79
81
81
83
75
66
63
55
51
49
46
44
43
43
42
43
43
44
43
39
36
33
32
33
25
20
22
15
13
13
16
19
16
17
18
12
12
4
3
4
2
-1
-1
1
1
1
6
7
7
9
9
8
8
6
5
-3
2
1
-4
3
1
4
0
4
0
1
0
-5
-7
-12
-11
-18
-14
-21
-21
-22
-23
-25
-33
-33
-36
-44
-48
-62
-63
-59
-61
-63
-69
-61
-58
-64
-60
-56
-60
-60
-63
-68
-69
-69
-68
-72
-71
-69
-73
-75
-78
-84
-89
-79
-76
-81
-83
-83
-89
-87
-87
-88
-91
-91
-82
-84
-84
-85
-84
-79
-81
-83
-80
-79
-81
-85
-79
-74
-67
-67
-67
-65
-63
-64
-62
-64
-63
-59
-57
-50
-49
-37
-33
-32
-32
-36
-35
-34
-30
-30
-31
-26
-24
-21
-20
-18
-13
-12
-11
-8
1
0
1
6
6
3
1
0
-6
-8
-6
-5
1
4
5
9
10
9
2
3
1
1
2
1
1
0
3
4
11
18
12
16
21
15
17
7
5
8
10
13
11
20
22
23
33
32
27
32
27
23
24
23
20
14
8
7
5
9
6
5
7
5
5
4
6
3
1
0
-5
-3
-3
1
8
8
12
16
16
20
21
21
28
36
37
35
36
31
33
35
38
48
43
49
56
58
60
58
63
60
64
69
72
74
75
71
70
72
66
64
65
62
61
54
52
53
52
55
58
59
62
61
58
63
65
60
58
54
54
53
58
57
61
67
61
64
58
54
56
54
51
54
51
46
49
51
51
52
54
57
62
62
61
66
62
61
64
62
62
63
62
60
63
62
63
60
63
66
68
67
64
63
60
58
50
50
42
33
32
34
30
25
23
20
15
10
5
0
-7
-6
-5
-12
-8
-9
-12
-14
-21
-19
-20
-20
-25
-27
-30
-32
-30
-30
-35
-32
-32
-33
-30
-34
-37
-43
-45
-54
-53
-51
-54
-41
-42
-37
-38
-37
-33
-31
-28
-35
-36
-39
-43
-47
-51
-50
-52
-55
-55
-49
-48
-42
-43
-47
-48
-50
-49
-56
-52
-58
-59
-56
-53
-57
-64
-66
-67
-66
-75
-76
-77
-86
-92
-96
-95
-98
-99
-101
-100
-94
-94
-90
-88
-84
-84
-85
-84
-82
-82
-81
-83
-84
-76
-67
-60
-55
-51
-55
-49
-43
-43
-36
-35
-43
-42
-37
-40
-36
-34
-26
-20
-19
-11
-7
-9
-14
-18
-24
-23
-22
-24
-26
-28
-25
-25
-23
-28
-30
-29
-29
-26
-29
-34
-29
-30
-31
-30
-26
-26
-26
-20
-18
-16
-16
-17
-22
-26
-22
-23
-21
-21
-15
-11
-7
4
6
7
6
7
6
5
13
12
13
16
15
21
19
21
21
17
17
12
10
15
10
9
9
11
11
17
21
23
23
23
27
25
23
24
30
28
29
31
25
24
25
26
29
31
38
40
51
56
56
53
56
61
58
69
63
66
64
68
68
65
69
72
76
78
80
82
82
75
77
77
73
73
76
81
80
79
82
84
83
85
84
80
84
81
81
83
79
78
76
75
77
79
76
73
68
61
53
51
53
50
58
50
49
49
43
46
37
35
32
31
37
43
42
47
52
56
55
52
50
46
46
44
49
45
43
52
50
52
60
59
50
47
45
40
37
29
24
23
22
19
15
14
19
16
15
16
13
11
8
6
1
-8
-12
-19
-20
-25
-24
-28
-28
-28
-22
-12
-21
-17
-17
-15
-14
-14
-15
-11
-11
-8
-11
-16
-14
-21
-21
-20
-21
-21
-17
-16
-15
-13
-14
-21
-26
-26
-33
-36
-35
-32
-36
-34
-35
-37
-37
-44
-40
-42
-43
-40
-34
-35
-40
-49
-51
-57
-64
-66
-69
-62
-69
-69
-75
-80
-82
-84
-81
-86
-86
-89
-86
-86
-92
-85
-84
-80
-77
-77
-69
-69
-67
-63
-63
-64
-62
-59
-61
-60
-62
-67
-63
-58
-58
-52
-48
-44
-43
-42
-38
-35
-29
-29
-30
-30
-33
-35
-38
-39
-37
-38
-32
-26
-22
-22
-24
-28
-37
-37
-39
-42
-49
-53
-53
-59
-62
-55
-57
-59
-57
-58
-54
-54
-57
-58
-58
-54
-57
-56
-52
-55
-53
-52
-46
-45
-37
-35
-34
-32
-35
-36
-37
-39
-33
-23
-24
-20
-9
-8
-5
3
9
14
15
14
13
17
18
21
27
28
31
34
34
38
41
45
46
45
43
40
41
41
44
47
50
55
57
57
57
54
54
51
51
48
42
41
39
39
38
43
38
36
32
27
26
22
25
19
22
25
22
22
23
18
23
24
26
29
33
36
32
36
39
37
39
42
48
53
60
56
58
56
56
62
59
58
61
61
66
69
70
71
71
71
71
73
73
79
81
80
82
78
71
70
61
65
59
58
61
59
61
61
62
66
65
63
65
65
60
47
46
37
32
30
26
29
34
35
34
32
34
26
21
16
10
5
-4
-10
-8
-11
-8
-9
-6
-9
-8
-10
-7
-6
-12
-13
-15
-17
-20
-18
-25
-24
-18
-16
-14
-12
-16
-17
-14
-10
-10
-10
-8
-9
-6
-13
-11
-19
-23
-18
-17
-12
-15
-17
-14
-11
-12
-16
-10
-11
-12
-13
-16
-16
-13
-16
-23
-23
-26
-25
-28
-28
-23
-23
-21
-21
-16
-20
-17
-18
-21
-24
-22
-20
-22
-16
-17
-24
-27
-28
-32
-31
-27
-22
-24
-28
-27
-28
-28
-31
-29
-34
-32
-29
-32
-31
-33
-32
-30
-30
-31
-33
-31
-28
-30
-27
-31
-32
-24
-23
-22
-16
-21
-23
-28
-30
-32
-34
-30
-29
-31
-27
-27
-29
-29
-28
-30
-34
-31
-36
-33
-30
-29
-31
-34
-29
-32
-34
-37
-35
-36
-41
-41
-50
-53
-51
-57
-56
-53
-57
-60
-58
-52
-51
-43
-38
-36
-35
-40
-40
-42
-42
-36
-36
-38
-37
-34
-37
-35
-29
-21
-18
-11
-10
-18
-16
-19
-16
-17
-13
-8
-7
-4
-3
-3
-7
-4
-2
2
11
0
-1
4
2
1
3
4
6
4
9
14
10
11
6
5
7
9
7
12
13
17
19
18
20
26
22
22
27
30
36
36
44
47
38
46
47
45
50
50
54
53
52
52
48
49
49
49
50
55
58
62
59
56
54
49
48
52
55
50
50
45
46
47
40
40
44
45
42
44
41
32
27
20
21
16
10
14
13
7
7
4
0
-2
-7
-7
-9
-9
-10
-11
-9
-9
-4
-9
-5
0
1
4
6
-1
-2
0
1
8
9
10
10
13
10
15
26
30
27
32
29
31
34
36
42
41
41
40
39
39
38
32
36
37
35
36
33
30
29
31
25
30
34
29
23
23
19
12
11
9
7
5
-1
1
0
-5
-8
-10
-19
-18
-16
-23
-22
-22
-22
-31
-29
-31
-37
-35
-31
-26
-31
-29
-23
-22
-21
-18
-17
-15
-13
-12
-10
-12
-8
-9
-6
-5
-9
-8
-9
-12
-9
-4
-5
-3
-1
5
10
7
6
9
8
6
7
5
2
6
10
12
12
13
16
19
21
22
20
18
19
14
8
6
2
4
3
1
-6
-2
-3
-9
-6
-12
-11
-16
-16
-13
-19
-23
-28
-35
-39
-41
-39
-38
-41
-35
-37
-33
-30
-28
-26
-29
-23
-25
-32
-34
-37
-40
-38
-37
-30
-28
-29
-28
-26
-26
-30
-27
-28
-32
-33
-29
-29
-27
-27
-25
-22
-14
-17
-12
-12
-12
-5
-11
-11
-12
-16
-23
-21
-18
-19
-20
-22
-22
-24
-29
-32
-32
-31
-37
-45
-50
-47
-50
-57
-58
-57
-59
-62
-62
-60
-62
-60
-55
-56
-51
-51
-52
-52
-52
-45
-39
-24
-19
-19
-15
-6
0
7
8
8
17
15
16
19
24
29
29
35
37
35
34
32
35
30
29
25
19
18
22
23
23
23
21
21
21
21
24
29
29
31
28
33
29
25
25
19
20
15
17
13
4
4
-2
-4
-7
-12
-10
-10
-14
-16
-17
-16
-13
-15
-15
-10
-15
-9
-12
-14
-12
-19
-16
-11
-5
-2
-2
-4
1
1
-2
5
7
7
10
13
12
14
12
12
15
16
19
21
21
21
22
24
24
25
26
20
18
16
15
19
16
15
17
15
14
12
11
10
0
0
1
0
0
3
3
4
4
5
8
7
8
4
9
8
15
20
21
24
24
23
25
25
27
29
25
36
36
34
38
45
55
58
61
64
64
61
60
62
62
59
62
63
58
60
59
56
56
51
52
48
42
42
42
40
44
46
35
33
33
28
24
23
23
27
30
26
24
22
21
20
21
25
21
19
17
18
13
9
8
3
5
10
9
7
5
-1
-4
-7
0
1
-1
4
3
6
4
7
2
-1
-1
-5
-7
-13
-11
-17
-19
-17
-17
-14
-10
-11
-9
-5
-5
-5
-17
-21
-34
-37
-38
-37
-36
-38
-38
-36
-40
-39
-39
-48
-42
-45
-44
-44
-43
-43
-44
-49
-47
-46
-48
-39
-40
-40
-31
-30
-28
-30
-37
-31
-27
-22
-16
-19
-17
-13
-14
-9
-12
-12
-11
-8
-5
-4
5
0
-2
0
-4
1
-1
-3
-4
-9
-9
-12
-9
-11
-13
-10
-12
-16
-12
-12
-13
-4
-10
-8
-6
-6
0
-2
-3
-1
-2
0
-3
-4
-2
-2
-4
-3
0
-1
-6
-8
-6
-5
1
0
2
-1
-6
-4
-8
-10
-11
-13
-12
-7
-12
-14
-15
-22
-21
-18
-18
-18
-17
-18
-20
-23
-22
-19
-20
-22
-25
-32
-31
-35
-32
-30
-29
-23
-25
-25
-29
-24
-30
-37
-40
-46
-41
-34
-37
-37
-31
-32
-29
-29
-29
-27
-28
-29
-26
-22
-23
-28
-28
-23
-28
-25
-20
-17
-15
-14
-11
-11
-13
-8
-6
-6
-6
-6
-3
-3
-5
-8
-3
4
9
14
15
13
12
7
2
-1
2
5
10
18
25
31
34
33
37
39
45
52
50
56
54
55
57
53
52
50
50
51
55
57
56
55
49
51
46
35
43
43
29
33
29
26
29
24
21
21
19
14
17
12
14
11
12
13
11
14
11
6
6
8
8
14
15
15
14
11
19
26
25
25
27
27
31
34
36
37
39
35
33
40
41
38
33
37
36
36
38
35
33
33
36
36
39
34
38
40
35
39
40
39
28
22
19
18
23
24
17
19
18
13
12
15
11
4
2
1
0
2
1
-2
-11
-15
-17
-18
-10
-2
-3
-3
-3
-5
-7
-5
-3
-3
3
6
11
14
14
18
19
22
24
26
26
28
24
22
23
22
26
28
35
36
36
33
34
31
32
31
29
20
10
12
11
10
11
14
12
12
7
0
-4
-12
-15
-25
-28
-22
-28
-28
-36
-37
-38
-41
-38
-36
-35
-36
-39
-41
-41
-39
-40
-43
-40
-44
-39
-42
-48
-46
-43
-41
-39
-38
-39
-36
-39
-42
-41
-37
-42
-41
-34
-36
-31
-31
-30
-27
-22
-29
-34
-28
-34
-33
-37
-40
-41
-48
-49
-52
-58
-58
-60
-58
-55
-58
-58
-57
-61
-60
-62
-59
-53
-47
-44
-43
-42
-47
-51
-50
-52
-50
-41
-40
-38
-38
-39
-33
-33
-29
-29
-23
-23
-25
-21
-20
-17
-21
-22
-20
-13
-7
-4
0
-5
-4
-14
-11
-8
-8
-3
-4
-4
-5
-1
0
-5
-8
-14
-19
-17
-18
-21
-24
-26
-28
-25
-27
-30
-29
-24
-25
-24
-28
-29
-32
-36
-33
-35
-35
-32
-37
-39
-34
-36
-34
-33
-33
-33
-34
-31
-28
-22
-17
-8
-7
-5
2
2
3
8
9
12
11
15
22
23
25
28
36
41
42
44
43
39
41
40
34
39
39
35
36
39
35
32
32
31
28
32
31
33
40
46
48
45
51
48
43
46
48
51
48
37
40
39
43
45
48
46
50
53
47
56
55
54
49
49
50
52
49
47
50
51
56
62
63
64
66
62
55
50
55
53
50
48
47
52
52
53
55
52
47
51
53
47
45
43
41
39
40
43
42
41
40
43
41
36
39
40
39
52
48
49
48
42
45
45
49
43
42
48
43
38
39
38
40
36
32
38
39
41
43
41
39
39
39
37
34
29
26
24
20
23
26
19
19
16
17
12
6
3
-2
-3
-6
-7
-18
-22
-24
-28
-23
-28
-25
-27
-29
-35
-40
-41
-44
-43
-42
-41
-40
-40
-42
-39
-38
-38
-38
-39
-39
-38
-39
-36
-36
-34
-38
-38
-34
-36
-32
-30
-24
-26
-29
-35
-36
-41
-42
-38
-37
-33
-42
-38
-39
-44
-41
-43
-40
-41
-43
-42
-49
-55
-56
-59
-63
-55
-57
-61
-61
-57
-61
-65
-63
-66
-72
-78
-79
-81
-86
-85
-82
-82
-80
-79
-73
-72
-70
-65
-66
-68
-69
-70
-67
-61
-56
-58
-54
-48
-46
-41
-40
-35
-34
-30
-22
-22
-25
-19
-15
-16
-13
-9
-3
-2
4
11
19
22
30
30
28
28
23
23
17
19
25
32
33
29
31
37
38
36
39
33
32
31
29
30
18
15
11
9
0
-5
-4
-9
-8
-10
-17
-23
-28
-31
-32
-32
-38
-41
-41
-39
-37
-40
-41
-40
-43
-45
-44
-42
-34
-28
-22
-21
-17
-9
-5
-1
4
3
7
12
9
9
10
13
13
18
25
31
38
42
36
34
39
37
39
41
39
37
40
41
45
45
41
53
57
61
66
61
58
60
60
57
56
57
59
55
54
54
56
53
46
43
41
38
33
33
33
28
23
20
22
19
16
16
22
15
8
13
8
4
6
5
6
9
15
16
26
32
30
31
29
32
28
30
33
31
26
26
30
35
34
36
37
41
48
51
58
67
68
65
66
66
62
61
54
46
43
43
48
52
53
54
57
55
54
54
53
51
45
46
42
41
42
43
49
54
54
50
50
48
46
39
32
28
26
24
21
15
10
12
5
1
-6
-5
-6
-8
-20
-32
-34
-37
-35
-37
-36
-36
-34
-38
-38
-42
-45
-49
-52
-52
-50
-50
-57
-55
-50
-45
-49
-43
-40
-41
-38
-35
-32
-30
-31
-31
-25
-26
-23
-23
-21
-18
-18
-15
-15
-15
-13
-14
-14
-13
-15
-19
-19
-18
-22
-21
-20
-20
-15
-16
-17
-10
-13
-14
-14
-19
-21
-22
-28
-28
-33
-40
-39
-41
-44
-41
-33
-39
-36
-32
-34
-38
-35
-32
-33
-39
-47
-52
-60
-66
-67
-65
-64
-63
-59
-59
-54
-57
-62
-63
-65
-60
-60
-61
-61
-69
-65
-69
-66
-58
-58
-56
-55
-51
-56
-54
-54
-48
-39
-34
-34
-31
-25
-25
-24
-22
-19
-16
-13
-13
-10
-3
-9
-3
-4
-4
-4
-5
-1
4
7
4
9
7
10
6
4
4
-4
-3
-6
-2
0
-6
-6
-6
-3
3
-6
-6
-5
-6
-2
-6
-9
-10
-11
-10
-8
-13
-12
-14
-16
-22
-24
-24
-28
-31
-37
-32
-30
-32
-31
-29
-31
-33
-36
-33
-32
-26
-18
-8
0
-2
-1
0
4
4
10
23
28
33
39
43
51
55
54
59
57
62
66
67
68
64
61
65
63
64
64
66
67
61
64
55
52
58
57
59
61
59
57
58
53
48
44
41
36
31
27
21
25
31
30
34
34
36
30
31
32
24
24
16
10
10
5
10
15
15
18
20
24
21
24
24
21
21
17
15
19
22
23
28
30
35
34
41
39
41
51
53
51
49
48
46
45
46
48
49
58
61
61
59
63
53
54
50
48
48
48
51
46
47
42
41
38
33
35
30
25
27
26
22
15
18
16
15
20
12
16
13
6
4
3
-2
-2
-8
-11
-5
-9
-10
-10
-12
-18
-13
-12
-16
-18
-19
-18
-20
-21
-22
-28
-26
-23
-21
-22
-22
-22
-29
-30
-38
-37
-42
-46
-46
-52
-51
-51
-51
-49
-46
-50
-48
-52
-59
-55
-51
-54
-56
-58
-65
-69
-75
-75
-67
-67
-64
-61
-52
-54
-52
-53
-56
-59
-56
-54
-53
-49
-55
-53
-55
-58
-55
-53
-48
-41
-43
-40
-33
-31
-34
-29
-29
-30
-22
-22
-19
-14
-10
-3
1
3
4
6
8
2
2
-2
0
-2
1
1
0
0
-9
-1
4
3
-5
-4
-11
-19
-19
-16
-15
-12
-14
-18
-16
-16
-18
-13
-9
-12
-14
-18
-19
-12
-12
-15
-18
-16
-16
-15
-15
-16
-11
-18
-16
-14
-19
-18
-15
-15
-12
-4
-8
0
-2
2
0
-6
1
-2
6
7
4
2
4
9
8
11
11
10
10
15
10
13
17
12
8
5
7
4
4
5
6
8
12
6
8
4
2
-2
-4
2
2
3
1
3
8
9
6
10
10
10
9
11
14
13
12
14
18
15
12
14
16
11
20
25
25
30
29
34
33
37
34
29
28
23
27
27
32
36
42
45
45
47
48
48
45
48
45
47
45
43
40
34
29
23
25
26
29
33
29
22
25
23
24
22
16
17
16
11
7
9
7
4
9
13
20
19
20
22
20
23
18
17
20
21
17
12
19
18
22
27
32
33
38
39
38
38
34
36
35
44
43
40
41
41
41
49
51
50
50
49
47
41
42
39
38
36
35
36
38
41
45
43
38
40
37
35
32
26
18
13
13
10
10
8
12
8
5
12
8
5
-5
-6
-6
-10
-10
-14
-16
-18
-14
-20
-14
-10
-14
-19
-25
-22
-30
-28
-33
-32
-24
-19
-10
-3
-3
-2
-1
0
-5
-5
-1
-15
-15
-13
-13
-8
-12
-11
-10
-14
-12
-13
-12
-14
-22
-24
-27
-32
-30
-40
-44
-51
-47
-43
-47
-46
-52
-48
-48
-53
-54
-60
-65
-67
-66
-64
-65
-66
-64
-64
-65
-63
-64
-60
-55
-57
-58
-60
-63
-60
-62
-57
-62
-55
-54
-52
-48
-54
-44
-50
-52
-45
-44
-40
-45
-50
-47
-45
-39
-36
-32
-28
-29
-14
-11
-11
-12
-20
-22
-30
-34
-39
-40
-39
-37
-37
-39
-33
-34
-42
-43
-37
-41
-39
-37
-38
-34
-37
-36
-30
-34
-30
-26
-23
-21
-18
-16
-17
-16
-16
-13
-10
-7
-3
1
7
9
12
19
20
19
19
16
9
12
12
12
17
16
17
17
15
15
19
18
18
19
17
15
17
13
14
15
16
19
14
14
7
5
3
1
2
3
-1
-2
7
10
14
10
10
8
8
11
20
28
24
26
23
23
29
26
24
25
34
35
36
38
35
38
38
32
31
32
30
33
39
42
41
45
43
44
43
43
54
49
49
48
44
42
39
43
38
41
47
49
51
48
44
41
40
35
30
28
23
23
18
13
8
7
9
4
9
7
8
8
4
12
2
4
9
11
15
13
19
20
20
20
23
24
25
31
31
32
40
42
40
45
46
45
50
44
46
48
47
47
47
49
48
53
55
53
55
55
52
50
44
42
41
39
36
32
29
25
29
29
27
27
25
23
20
23
16
12
10
2
-3
-2
-5
-7
-9
-11
-7
-8
-12
-17
-17
-20
-30
-28
-26
-31
-38
-44
-47
-46
-46
-45
-49
-46
-39
-36
-31
-38
-40
-38
-41
-40
-39
-34
-34
-34
-30
-35
-36
-37
-38
-36
-41
-37
-33
-34
-25
-24
-25
-19
-20
-20
-19
-24
-25
-26
-24
-20
-26
-29
-27
-21
-11
-13
-13
-8
-8
-8
-12
-15
-24
-32
-38
-34
-32
-36
-37
-38
-36
-39
-39
-40
-42
-44
-45
-44
-50
-46
-49
-51
-50
-49
-43
-38
-39
-39
-41
-42
-42
-46
-34
-34
-31
-31
-35
-28
-27
-29
-27
-29
-31
-30
-31
-24
-27
-23
-18
-22
-17
-17
-19
-18
-22
-19
-16
-8
-5
-1
1
-1
2
-3
1
5
8
13
15
13
13
15
14
20
22
26
26
20
17
12
18
16
14
16
11
9
5
-2
-5
-7
-8
-10
-14
-20
-17
-21
-27
-25
-27
-20
-17
-15
-19
-21
-13
-6
-5
-1
-1
-2
3
2
5
10
13
7
14
15
17
24
24
28
28
29
38
42
36
39
41
40
38
42
45
42
48
44
35
34
34
34
32
35
32
33
35
33
34
34
35
34
30
30
27
19
19
17
14
10
13
11
15
12
18
25
26
26
19
11
5
1
1
6
4
9
13
22
30
30
25
27
31
26
31
24
26
22
16
15
19
18
22
26
26
26
19
19
12
12
4
4
10
5
9
7
11
11
11
10
8
8
5
6
1
-1
4
6
6
12
18
19
18
18
14
13
11
16
11
12
12
9
11
13
9
14
15
16
15
9
13
13
14
16
11
9
13
11
10
11
13
12
12
8
6
10
11
4
2
-1
-2
5
5
11
16
14
12
12
6
10
7
5
4
0
1
0
-3
-3
0
-4
-6
-7
-6
-7
-13
-12
-13
-20
-23
-22
-22
-17
-20
-13
-8
2
-3
-10
-3
-4
2
7
9
10
13
15
11
14
12
16
18
11
12
14
13
16
13
10
7
3
9
8
8
9
10
9
2
1
-8
-12
-12
-19
-25
-21
-28
-29
-29
-30
-34
-39
-33
-36
-37
-35
-32
-35
-38
-39
-43
-41
-36
-41
-37
-35
-33
-37
-37
-35
-38
-36
-36
-34
-26
-19
-18
-18
-18
-19
-14
-12
-12
-12
-16
-11
-13
-8
-10
-12
-6
-9
-7
-1
6
5
3
-2
-2
0
-2
-6
-8
-2
-5
-1
-4
-5
-3
-5
-7
-7
-5
-8
-5
-9
-10
-14
-17
-24
-28
-25
-23
-22
-24
-21
-22
-25
-29
-32
-30
-28
-35
-37
-37
-42
-46
-49
-50
-49
-51
-49
-45
-37
-40
-39
-36
-33
-36
-42
-42
-45
-43
-43
-38
-32
-28
-25
-22
-18
-14
-18
-15
-14
-11
-11
-6
-8
-5
2
1
-4
-1
1
1
7
6
5
6
7
6
12
13
14
13
13
13
13
15
12
14
10
12
13
10
12
11
7
13
20
19
23
29
24
21
21
19
18
9
8
10
13
18
13
15
14
16
15
12
14
12
11
9
6
7
10
11
13
8
7
11
11
13
14
13
9
6
2
-6
-4
-6
-12
-8
-11
-10
-4
-5
-3
-3
-6
-3
0
3
3
5
8
9
12
12
21
26
31
37
33
36
36
33
34
32
31
35
37
35
43
42
42
45
44
48
49
52
50
56
54
55
58
53
56
56
52
46
45
43
41
41
33
34
30
25
32
29
29
33
30
20
18
13
9
7
5
6
2
5
2
-1
4
7
7
5
3
2
4
2
-1
-8
-14
-10
-7
-6
1
3
1
3
8
14
8
8
11
12
16
17
16
17
14
13
17
13
20
24
26
28
26
28
23
23
19
16
19
16
18
17
19
10
9
10
8
13
14
14
12
12
3
7
3
0
3
-3
-9
-11
-14
-17
-18
-25
-28
-24
-30
-34
-33
-33
-31
-35
-40
-41
-45
-48
-51
-52
-48
-40
-37
-35
-34
-35
-31
-33
-32
-36
-44
-47
-47
-49
-50
-48
-44
-45
-43
-40
-43
-39
-41
-38
-36
-37
-47
-45
-46
-52
-51
-49
-50
-49
-44
-42
-48
-44
-40
-47
-49
-46
-43
-44
-42
-40
-41
-40
-41
-39
-34
-29
-28
-21
-21
-27
-31
-37
-37
-41
-35
-31
-32
-30
-30
-24
-21
-19
-17
-11
-6
-10
-6
-8
-10
-7
-9
-11
-10
-6
-5
1
6
9
5
1
3
2
3
2
-3
-9
-13
-16
-20
-22
-19
-18
-17
-14
-22
-23
-21
-22
-21
-25
-20
-18
-15
-14
-15
-12
-13
-14
-9
-7
-3
-6
-7
-6
-1
3
6
12
14
21
23
26
33
34
37
42
40
39
42
43
40
43
42
42
46
42
50
53
53
52
47
49
48
49
50
49
51
48
45
48
53
52
48
43
38
42
37
41
40
31
26
21
31
32
34
37
38
40
36
33
34
30
26
25
21
22
22
27
25
25
24
26
31
36
51
55
54
55
51
46
40
40
41
45
50
52
52
57
67
68
73
71
77
71
69
70
65
61
58
61
61
61
58
57
57
59
61
56
55
51
42
36
34
25
27
24
25
26
20
21
22
21
27
24
19
18
15
8
-1
1
3
1
1
8
13
16
15
4
3
3
-2
-9
-14
-12
-14
-15
-11
-11
-12
-8
-9
-11
-13
-11
-13
-12
-11
-11
-14
-17
-16
-15
-19
-19
-20
-21
-20
-28
-24
-24
-23
-16
-17
-15
-19
-19
-22
-23
-24
-18
-17
-19
-16
-16
-19
-28
-29
-31
-29
-33
-39
-39
-44
-49
-48
-54
-64
-60
-66
-64
-63
-63
-67
-75
-77
-80
-83
-82
-80
-80
-75
-73
-74
-76
-79
-74
-75
-77
-75
-76
-74
-75
-73
-68
-71
-66
-70
-67
-67
-72
-69
-78
-75
-65
-68
-58
-51
-51
-54
-51
-51
-47
-44
-43
-42
-35
-36
-39
-33
-32
-27
-29
-33
-30
-25
-27
-26
-35
-38
-29
-28
-27
-24
-17
-21
-22
-19
-19
-23
-29
-29
-28
-23
-21
-17
-17
-13
-13
-11
-5
-5
-5
-8
-6
-5
-9
-7
-8
-10
-6
-7
-1
8
11
20
30
32
34
28
28
28
26
24
19
19
17
18
16
17
20
15
9
8
4
9
4
4
-1
-4
2
6
1
0
-1
1
5
5
10
12
11
7
8
10
8
13
14
12
19
21
20
23
22
17
18
21
21
23
18
20
32
30
30
34
37
44
46
46
42
49
50
53
52
48
56
47
49
48
48
54
55
56
61
62
53
51
51
48
53
46
46
47
42
39
44
44
44
51
47
54
54
49
45
44
41
33
33
35
34
37
35
41
35
31
31
29
26
17
20
17
20
23
21
24
22
25
21
19
22
20
23
22
27
25
25
23
31
36
35
47
43
46
50
52
54
56
55
55
56
57
52
52
52
50
54
47
51
53
50
42
37
38
28
30
26
19
21
17
17
14
15
12
13
9
1
-4
-9
-9
-17
-20
-24
-30
-35
-43
-44
-43
-52
-47
-45
-55
-55
-59
-68
-67
-74
-82
-82
-83
-78
-74
-68
-64
-64
-62
-61
-57
-58
-62
-60
-58
-59
-57
-53
-52
-52
-42
-35
-28
-25
-22
-14
-19
-14
-11
-14
-6
-6
-2
0
-2
-2
-4
-10
-11
-16
-12
-12
-8
-3
-8
-8
-12
-9
-8
-8
-2
-2
-3
-2
-7
-5
-5
-9
-8
-6
-1
1
8
12
5
-1
-4
-4
-6
-14
-19
-20
-29
-25
-27
-33
-32
-33
-36
-33
-36
-37
-32
-34
-38
-38
-39
-44
-47
-50
-48
-45
-44
-46
-43
-44
-44
-48
-49
-48
-47
-50
-45
-48
-51
-39
-42
-40
-41
-36
-30
-34
-26
-28
-31
-26
-21
-26
-23
-18
-8
-2
-3
-2
-4
-5
-8
-10
-19
-13
-12
-10
-4
-3
3
3
3
4
7
2
9
7
6
11
8
-3
-1
-4
-4
-3
-5
8
6
4
-3
-4
3
2
0
3
4
5
4
-4
-8
-10
-9
-10
-13
-7
-9
-11
-10
-21
-25
-21
-15
-15
-5
-1
-9
-2
6
4
6
7
6
9
15
19
23
27
29
33
41
41
41
43
48
54
59
67
69
66
72
76
78
84
81
86
86
83
84
86
83
83
77
74
78
80
83
81
81
80
79
77
75
70
69
71
66
57
59
56
52
51
50
50
55
47
37
33
28
24
22
25
16
16
13
7
15
12
14
18
13
10
1
-4
-8
-13
-17
-15
-8
-13
-10
-11
-14
-7
-3
8
10
5
15
23
17
22
26
23
19
22
20
24
23
26
27
21
30
26
26
26
28
29
19
20
17
14
17
15
12
16
19
19
29
16
13
13
11
10
11
3
0
7
7
7
9
4
5
9
4
3
5
7
-3
-7
-7
-7
-8
-4
-2
-5
-8
-4
-1
-7
0
-4
-5
-5
-6
-7
-14
-15
-13
-14
-10
-18
-16
-14
-17
-15
-18
-17
-18
-19
-26
-31
-33
-33
-34
-34
-33
-33
-32
-36
-36
-34
-36
-35
-30
-25
-36
-38
-32
-36
-37
-32
-25
-23
-20
-20
-18
-24
-28
-28
-31
-30
-33
-34
-39
-44
-43
-46
-47
-42
-48
-48
-46
-51
-48
-47
-55
-59
-56
-58
-57
-57
-56
-57
-71
-73
-66
-67
-73
-78
-84
-87
-87
-93
-95
-92
-104
-107
-107
-106
-101
-101
-99
-100
-95
-93
-88
-85
-84
-85
-91
-84
-80
-80
-74
-67
-61
-50
-38
-32
-24
-20
-22
-15
-11
-9
-5
0
7
12
14
11
18
19
25
28
34
32
41
43
36
45
45
44
54
56
51
47
40
33
29
33
31
37
40
35
32
25
22
13
17
31
32
30
28
28
17
16
15
13
15
17
20
15
15
11
10
14
16
14
20
25
32
29
22
25
20
18
15
16
21
27
31
22
25
26
26
23
32
36
36
48
42
41
41
40
40
40
38
40
40
40
47
46
42
38
40
43
43
41
43
53
51
50
49
53
52
48
49
39
36
40
41
34
35
43
45
39
36
35
29
30
25
21
14
10
7
3
-3
-7
-2
-4
2
6
4
-1
1
0
-5
-6
-11
-10
-6
-4
2
9
17
17
21
29
26
21
18
19
19
16
13
10
16
21
20
25
21
27
25
28
28
30
33
28
37
33
31
28
28
27
20
21
27
26
31
30
25
29
33
36
38
37
36
33
24
24
24
23
19
12
11
3
0
3
0
-3
0
1
-6
-17
-16
-14
-18
-18
-19
-21
-28
-22
-24
-22
-18
-22
-22
-19
-18
-18
-18
-22
-24
-26
-28
-31
-29
-30
-29
-36
-39
-36
-39
-40
-37
-49
-56
-56
-61
-60
-66
-68
-71
-70
-65
-67
-71
-68
-70
-69
-67
-63
-58
-58
-60
-62
-55
-58
-63
-69
-68
-75
-73
-64
-62
-58
-58
-48
-41
-41
-44
-53
-53
-54
-50
-41
-37
-39
-39
-34
-33
-25
-21
-17
-15
-17
-13
-18
-15
-14
-12
-7
-8
1
0
10
15
18
13
13
19
18
19
24
27
22
30
26
32
30
28
36
33
37
41
32
24
21
14
11
14
15
12
12
9
4
-1
-9
-5
-12
-14
-16
-23
-21
-29
-26
-25
-22
-15
-16
-15
-12
-13
-9
-11
-16
-16
-20
-22
-24
-26
-21
-19
-20
-14
-7
-5
-6
-5
-6
-6
-8
-8
0
3
12
13
16
25
27
22
17
13
7
10
9
8
4
0
7
9
15
15
20
13
12
11
4
0
-4
-9
-16
-13
-14
-11
-6
-7
-8
-4
-5
-1
5
3
-3
-4
-4
-10
-11
-11
-8
-9
-4
3
14
24
29
36
33
38
40
42
45
46
54
60
64
74
80
79
88
88
92
99
99
103
105
110
111
111
110
108
106
103
99
100
98
92
96
93
87
84
79
77
75
71
68
76
80
66
69
64
57
60
55
54
49
44
39
34
31
31
24
18
19
19
15
13
9
6
4
-4
-10
-13
-15
-16
-19
-24
-26
-24
-26
-28
-29
-33
-36
-42
-42
-40
-39
-39
-39
-46
-53
-47
-51
-47
-43
-49
-54
-55
-60
-65
-64
-68
-56
-53
-46
-45
-43
-41
-43
-43
-48
-49
-50
-49
-48
-48
-45
-42
-37
-33
-30
-33
-33
-32
-32
-32
-33
-32
-28
-21
-17
-18
-20
-20
-19
-12
-5
-5
-4
1
2
-3
8
5
-1
3
1
6
7
7
3
7
9
14
14
11
11
6
11
5
4
8
6
2
3
-4
-10
-3
-3
-5
-3
-8
-6
-3
-5
-1
-7
-8
-10
-12
-9
-14
-14
-17
-19
-26
-28
-25
-23
-18
-20
-10
-8
-1
-4
-8
-11
-21
-24
-22
-25
-23
-26
-30
-34
-42
-39
-41
-41
-52
-46
-43
-53
-47
-52
-57
-52
-53
-49
-46
-54
-60
-65
-66
-66
-65
-56
-47
-42
-37
-38
-36
-43
-43
-42
-44
-39
-48
-46
-47
-48
-46
-46
-51
-51
-48
-45
-40
-45
-44
-36
-31
-31
-36
-31
-31
-34
-30
-25
-27
-32
-27
-25
-17
-18
-9
-2
-1
10
12
15
15
17
18
15
19
18
22
27
30
40
44
47
54
59
58
63
66
67
73
72
74
80
77
80
81
77
78
83
84
83
82
82
87
86
84
82
81
72
69
67
70
71
68
67
61
62
60
57
48
45
45
39
36
35
33
27
32
35
35
31
34
27
16
11
5
0
0
4
0
-2
-4
-1
-6
-13
-21
-25
-30
-35
-41
-51
-50
-50
-43
-35
-32
-29
-30
-35
-33
-36
-38
-37
-34
-26
-31
-32
-33
-33
-32
-30
-25
-25
-19
-6
-2
2
7
4
5
7
10
15
10
10
8
3
4
1
2
5
6
5
7
9
11
14
14
20
21
21
22
27
20
19
16
11
8
5
10
9
13
17
19
25
25
33
33
36
29
25
21
12
16
13
16
10
6
9
13
15
16
11
10
-2
0
0
-4
-5
-6
-2
-5
-3
-4
-7
-13
-13
-13
-13
-16
-11
-10
-17
-12
-4
-6
-1
1
0
7
4
3
5
2
6
10
9
10
4
4
-5
-6
-6
-8
-7
-8
-3
-10
-12
-16
-21
-16
-17
-14
-14
-14
-13
-14
-13
-10
-14
-15
-15
-14
-12
-17
-18
-20
-16
-12
-13
-14
-15
-16
-21
-19
-24
-26
-26
-25
-22
-22
-24
-21
-21
-22
-19
-18
-12
-12
-9
-12
-11
-10
-10
-6
-6
-10
-8
-8
-13
-13
-13
-11
-8
-9
-9
-9
-8
-3
6
14
17
21
18
24
24
26
27
24
20
19
18
13
10
5
9
5
-1
1
1
6
4
-4
-5
-6
-6
-8
-14
-15
-15
-20
-23
-24
-21
-17
-14
-19
-18
-22
-30
-28
-29
-29
-29
-30
-29
-28
-27
-17
-20
-25
-21
-20
-18
-15
-17
-12
-7
-4
-1
6
4
2
4
5
-1
3
9
9
18
16
22
26
23
21
22
25
18
18
14
19
19
14
18
15
11
10
7
3
2
6
10
8
11
18
15
14
16
11
11
13
12
15
10
10
11
7
6
6
18
16
16
16
14
12
7
2
4
6
10
12
7
9
7
10
9
16
15
15
15
15
15
8
2
3
4
-1
1
2
2
3
1
3
-1
-2
-4
-11
-11
-13
-17
-19
-24
-25
-26
-28
-25
-20
-17
-19
-21
-12
-16
-21
-17
-16
-11
-7
-3
-7
0
12
17
24
25
27
25
21
21
24
26
25
30
39
39
40
44
47
41
43
47
43
51
44
45
47
48
49
54
52
47
51
46
47
43
42
36
35
38
31
30
28
25
23
26
20
16
15
14
14
15
14
10
14
12
7
6
-1
4
12
11
12
12
20
17
14
19
24
24
37
38
40
41
29
28
21
23
25
23
25
31
31
29
32
29
27
31
27
29
32
30
28
25
26
24
17
15
20
23
20
20
17
5
5
2
-3
-7
-16
-18
-17
-17
-23
-25
-34
-39
-37
-41
-40
-44
-52
-49
-51
-53
-52
-46
-48
-44
-44
-44
-41
-46
-51
-48
-45
-50
-56
-52
-55
-54
-49
-54
-49
-49
-51
-45
-38
-36
-31
-30
-36
-27
-30
-27
-26
-31
-24
-29
-22
-20
-15
-13
-12
-1
-6
-4
-6
-13
-11
-12
-16
-15
-18
-25
-24
-26
-22
-22
-28
-33
-34
-30
-31
-38
-39
-38
-37
-35
-36
-34
-41
-33
-31
-35
-26
-25
-28
-30
-26
-25
-28
-31
-39
-39
-39
-43
-45
-43
-47
-43
-40
-40
-36
-35
-41
-44
-48
-45
-48
-51
-47
-50
-49
-45
-47
-48
-42
-41
-43
-43
-46
-44
-43
-38
-32
-36
-37
-34
-26
-27
-29
-32
-30
-22
-18
-21
-19
-19
-17
-12
-10
-3
-2
-3
-7
-7
0
3
4
5
11
12
16
16
19
16
9
10
9
12
17
18
16
14
13
20
22
22
25
28
29
28
24
26
23
20
23
21
28
32
31
34
34
32
33
27
24
23
20
23
18
22
19
24
25
21
27
27
30
29
30
32
35
35
35
36
34
40
42
47
46
50
48
45
47
46
50
53
53
55
54
62
64
58
65
65
71
67
64
57
54
54
52
54
50
49
47
43
40
31
33
32
37
35
32
28
20
22
8
3
3
5
5
8
11
4
2
2
0
1
-2
-5
-4
0
0
1
9
8
9
4
10
10
8
12
11
18
21
18
19
19
17
16
15
22
18
26
29
27
34
36
33
25
28
21
26
29
28
33
31
32
28
29
32
35
34
35
39
40
36
37
33
33
33
30
31
31
37
37
35
34
35
22
19
13
5
7
0
-1
-7
-8
-14
-20
-17
-20
-19
-20
-17
-25
-34
-35
-44
-54
-63
-70
-67
-66
-71
-69
-71
-77
-80
-85
-87
-88
-88
-90
-92
-95
-94
-94
-95
-85
-82
-81
-82
-74
-76
-79
-74
-72
-71
-74
-70
-71
-70
-67
-63
-57
-56
-53
-50
-53
-48
-42
-41
-41
-43
-46
-43
-38
-38
-37
-36
-32
-32
-25
-19
-13
-10
-9
-9
-10
-11
-8
-11
-12
-10
-12
-14
-17
-8
-12
-11
-10
-15
-9
-7
-9
-11
-8
-8
2
-3
-6
3
-4
-4
-12
-21
-21
-25
-27
-25
-19
-19
-23
-21
-14
-14
-14
-11
-16
-16
-17
-17
-22
-17
-15
-15
-11
-14
-10
-5
-6
-2
1
-2
0
0
-4
-2
-4
-8
-10
-8
-6
4
11
6
7
10
8
14
23
23
20
20
20
22
20
19
20
19
25
24
17
22
24
25
25
29
38
39
41
43
49
51
49
52
55
52
59
62
55
59
56
56
53
54
57
54
55
48
50
51
52
52
49
50
45
46
42
40
38
37
42
39
44
41
34
36
35
29
28
23
16
17
14
15
15
16
20
28
36
39
40
42
47
45
46
48
52
55
52
59
58
57
55
55
55
58
63
68
71
69
69
68
66
68
70
66
71
73
70
61
57
54
46
47
47
52
50
40
41
38
31
31
29
30
28
22
23
20
22
13
5
4
-7
-10
-16
-16
-17
-19
-18
-21
-14
-18
-18
-24
-23
-21
-23
-15
-16
-17
-23
-29
-30
-28
-26
-23
-25
-26
-29
-24
-19
-20
-11
-11
-15
-12
-12
-12
-12
-16
-16
-13
-13
-12
-9
-7
-3
-1
4
4
0
0
-6
-5
-2
-10
-12
-13
-13
-15
-16
-19
-22
-32
-35
-35
-40
-41
-46
-54
-60
-59
-65
-65
-68
-72
-73
-76
-78
-78
-81
-82
-88
-90
-87
-89
-86
-82
-80
-77
-70
-70
-60
-58
-62
-58
-57
-55
-53
-49
-53
-53
-49
-48
-45
-40
-41
-39
-33
-31
-28
-29
-34
-37
-44
-44
-39
-49
-50
-45
-43
-37
-37
-38
-38
-34
-31
-32
-34
-37
-41
-44
-50
-43
-44
-49
-40
-39
-41
-41
-40
-47
-46
-43
-47
-45
-45
-38
-38
-45
-42
-36
-31
-31
-31
-30
-29
-26
-26
-31
-33
-35
-30
-29
-27
-20
-16
-11
-14
-18
-11
-19
-21
-18
-18
-13
-10
-6
-8
-4
-3
-1
0
-1
2
1
4
4
4
5
6
15
17
26
24
27
32
32
34
34
33
29
31
30
38
42
45
44
49
58
59
63
64
62
65
71
68
62
62
59
62
65
67
75
73
70
70
68
67
64
67
65
63
65
66
66
62
56
60
63
57
58
56
50
48
46
44
42
35
35
38
42
47
48
51
57
53
46
42
37
41
38
38
39
40
39
35
45
51
54
52
45
49
46
46
47
49
46
45
47
52
51
46
50
50
53
48
44
41
37
32
30
33
32
28
29
35
29
30
30
27
32
26
22
20
12
6
2
-1
4
8
7
14
12
14
18
12
10
6
7
12
10
3
0
0
-2
2
-2
-1
-5
-3
0
-7
-4
-6
-19
-21
-22
-21
-16
-21
-24
-19
-14
-13
-15
-14
-17
-21
-21
-27
-29
-31
-32
-34
-35
-35
-35
-30
-27
-28
-33
-25
-30
-29
-34
-36
-32
-40
-38
-42
-46
-46
-43
-46
-48
-50
-53
-59
-63
-59
-60
-63
-64
-71
-75
-69
-70
-67
-62
-60
-63
-63
-64
-66
-66
-68
-68
-68
-67
-61
-54
-54
-50
-48
-47
-42
-38
-39
-39
-40
-40
-45
-38
-31
-34
-33
-30
-30
-27
-27
-27
-24
-22
-24
-19
-17
-8
-4
0
-3
-4
-8
-12
-8
-9
-5
-13
-14
-13
-16
-17
-20
-24
-28
-28
-20
-18
-13
-15
-15
-17
-19
-17
-18
-20
-22
-17
-14
-12
-10
-9
-12
-11
-12
-12
-12
-16
-21
-22
-24
-24
-23
-26
-21
-26
-24
-19
-17
-11
-13
-15
-19
-26
-18
-23
-26
-20
-21
-13
-9
-1
4
1
-2
-3
3
7
6
5
3
2
4
6
8
9
8
15
19
23
26
28
25
31
31
30
32
27
30
29
31
27
26
24
23
27
27
34
32
32
36
41
39
42
38
36
36
34
39
37
41
36
41
45
39
47
48
52
60
58
63
61
58
57
58
59
60
63
66
66
64
64
66
65
69
74
73
69
71
75
71
72
69
64
68
65
68
69
63
58
61
57
50
51
43
49
49
44
42
33
35
36
30
22
22
22
16
16
10
8
10
6
4
4
1
-3
-9
-6
-6
-6
-6
-5
-6
-7
-2
-3
-2
-6
-11
-6
-6
-7
-9
-8
-3
0
4
7
11
9
11
10
10
12
7
8
6
10
10
6
9
13
20
24
27
30
25
25
32
34
34
38
34
34
34
40
42
37
37
22
21
19
13
17
14
10
11
18
15
13
11
8
7
0
4
0
-4
-5
-11
-10
-14
-12
-9
-10
-9
-13
-11
-11
-16
-14
-15
-15
-17
-19
-16
-20
-17
-19
-22
-21
-27
-34
-34
-37
-39
-44
-48
-50
-47
-45
-44
-43
-47
-53
-57
-60
-58
-60
-74
-80
-83
-80
-81
-84
-81
-79
-75
-74
-68
-69
-68
-71
-70
-70
-72
-73
-77
-73
-70
-65
-65
-66
-62
-53
-50
-48
-48
-54
-51
-48
-48
-52
-47
-43
-42
-38
-38
-36
-28
-24
-24
-19
-22
-24
-19
-17
-14
-15
-15
-18
-17
-20
-17
-16
-18
-19
-23
-20
-20
-20
-19
-27
-24
-29
-38
-42
-42
-36
-40
-40
-39
-38
-31
-36
-39
-35
-39
-43
-45
-50
-45
-48
-48
-53
-52
-44
-44
-37
-36
-36
-30
-32
-26
-20
-19
-14
-10
-8
-6
3
1
9
5
9
15
20
24
27
33
35
42
40
44
49
53
59
54
48
53
56
57
61
60
61
64
63
61
62
62
60
54
55
57
59
56
56
56
52
54
51
44
46
45
42
45
37
33
29
27
26
24
24
26
25
18
19
18
20
21
24
26
22
30
28
30
25
20
22
19
29
32
33
36
35
33
36
35
31
29
29
29
34
40
43
36
36
43
41
36
39
36
31
22
24
25
24
28
28
28
31
31
28
34
38
44
40
34
35
35
35
35
35
34
38
34
36
31
33
32
25
26
21
16
12
8
1
-1
-3
-5
-10
-2
0
-2
2
-3
-7
-7
-12
-9
-11
-13
-10
-15
-20
-21
-15
-19
-22
-19
-22
-15
-17
-17
-15
-14
-16
-12
-8
-9
-6
-7
-10
-6
-4
-2
-7
-11
-13
-18
-12
-9
-3
-2
-4
-6
-14
-15
-20
-18
-20
-20
-22
-24
-20
-18
-17
-13
-2
-7
0
0
2
-1
-4
0
-10
-10
-14
-17
-20
-23
-26
-32
-26
-22
-23
-25
-25
-28
-30
-32
-39
-40
-45
-50
-56
-55
-58
-56
-56
-53
-51
-55
-53
-54
-55
-60
-57
-53
-54
-47
-48
-40
-33
-35
-33
-30
-27
-24
-21
-23
-20
-20
-19
-18
-13
-9
0
0
-6
-3
-1
-5
-3
0
1
5
3
4
10
14
14
18
19
23
19
15
18
12
9
9
11
11
8
9
8
5
0
0
-8
-15
-18
-30
-36
-40
-46
-44
-44
-42
-39
-42
-43
-44
-45
-44
-42
-42
-47
-40
-44
-51
-51
-53
-50
-47
-45
-49
-48
-49
-41
-39
-41
-40
-44
-43
-42
-40
-42
-34
-27
-25
-19
-14
-6
0
4
11
15
16
16
16
20
29
31
35
45
47
51
51
54
57
53
55
55
57
59
64
68
68
77
79
77
72
72
66
62
61
57
53
54
51
46
43
41
35
31
33
34
30
29
25
19
18
12
11
13
12
8
14
15
15
21
12
13
14
17
17
10
10
4
10
7
3
6
5
6
6
11
12
15
10
11
13
11
10
10
18
18
18
13
16
22
19
27
24
22
24
23
20
19
16
11
13
12
18
25
22
15
16
15
15
7
5
4
0
7
11
14
17
16
22
21
18
21
17
19
14
15
14
11
11
10
17
14
14
18
20
20
16
11
9
8
6
6
9
6
10
9
12
13
16
18
16
21
21
25
24
25
24
24
26
30
27
31
33
29
34
31
32
29
27
21
20
19
18
14
8
3
1
-2
-5
-3
-7
-3
-1
-1
2
0
0
1
1
0
4
2
5
2
2
3
2
4
5
13
10
14
11
14
17
14
9
8
3
10
10
4
7
2
3
-1
-2
-10
-14
-23
-26
-25
-26
-26
-23
-29
-33
-26
-31
-34
-40
-42
-45
-46
-53
-55
-64
-66
-63
-61
-58
-56
-52
-46
-35
-39
-32
-34
-33
-33
-34
-33
-36
-34
-32
-29
-27
-27
-32
-33
-33
-32
-33
-39
-33
-29
-33
-26
-31
-33
-25
-24
-19
-15
-13
-18
-17
-16
-22
-23
-24
-25
-18
-14
-14
-16
-22
-27
-26
-24
-21
-22
-23
-18
-19
-20
-16
-20
-25
-22
-21
-25
-30
-28
-29
-29
-30
-25
-27
-31
-35
-38
-38
-45
-45
-47
-43
-36
-41
-38
-39
-39
-44
-43
-37
-34
-34
-38
-32
-32
-30
-30
-29
-25
-20
-21
-24
-18
-20
-15
-15
-12
-4
-8
-5
-7
-9
-10
-1
2
5
14
17
27
26
26
25
25
23
20
25
18
12
17
22
17
16
16
17
19
21
19
15
13
11
10
13
15
13
16
16
18
20
13
13
4
0
-2
-5
2
0
2
1
2
8
6
8
13
9
8
8
5
7
5
1
2
-1
1
10
14
20
18
19
16
19
19
17
18
21
27
29
30
36
41
42
48
44
38
42
42
45
49
54
50
53
51
49
50
52
58
60
60
60
61
61
54
53
49
49
49
44
43
38
43
48
48
44
38
33
29
30
25
21
20
19
17
8
14
18
19
26
24
28
32
28
28
20
13
16
16
16
12
16
12
10
9
16
18
18
25
28
29
31
27
23
24
25
26
21
24
21
25
25
23
16
12
15
15
20
15
13
13
12
13
10
5
6
0
-3
-2
-4
-3
-7
-5
0
-5
1
5
-1
4
6
7
9
10
0
-2
-7
-1
3
2
2
1
6
-2
-4
-6
-7
-10
-9
-10
-23
-23
-28
-36
-39
-37
-31
-27
-26
-30
-36
-37
-39
-41
-43
-42
-41
-38
-40
-39
-45
-45
-45
-50
-48
-45
-42
-44
-44
-44
-43
-47
-51
-52
-53
-51
-54
-49
-44
-51
-55
-54
-58
-55
-53
-55
-54
-55
-58
-62
-61
-63
-63
-61
-58
-58
-56
-59
-58
-60
-68
-65
-65
-61
-53
-49
-41
-31
-27
-26
-20
-16
-17
-14
-12
-9
-10
-9
-10
-14
-13
-18
-22
-18
-19
-17
-21
-15
-9
-13
-12
-19
-23
-21
-22
-23
-29
-32
-32
-30
-32
-32
-32
-35
-32
-29
-28
-29
-30
-27
-26
-21
-21
-22
-22
-14
-13
-16
-18
-19
-17
-18
-18
-18
-14
-17
-16
-15
-16
-15
-18
-19
-10
-8
-6
3
5
3
0
1
-1
3
2
6
15
16
13
14
14
6
16
18
21
24
20
26
30
41
41
37
35
34
35
37
36
31
35
28
31
39
45
45
47
60
65
67
73
74
72
70
65
64
64
66
66
68
74
69
71
72
68
66
57
54
52
44
43
38
32
30
32
38
42
46
49
53
51
49
48
41
38
39
38
42
46
52
52
53
52
51
52
48
50
59
57
58
58
63
63
63
63
62
64
61
69
75
74
78
73
72
68
69
69
71
71
77
77
75
82
79
80
77
78
76
75
78
76
75
70
68
69
69
70
69
65
60
56
49
47
42
34
32
37
40
26
19
16
10
3
-4
-5
-12
-14
-19
-23
-25
-32
-34
-34
-40
-47
-52
-49
-55
-54
-54
-60
-55
-59
-53
-51
-52
-48
-46
-46
-45
-51
-49
-50
-45
-48
-49
-41
-42
-41
-42
-44
-42
-40
-41
-44
-45
-48
-44
-42
-37
-36
-35
-32
-30
-27
-25
-25
-28
-21
-27
-35
-34
-40
-38
-35
-41
-39
-45
-46
-48
-58
-53
-54
-61
-57
-68
-71
-73
-73
-69
-70
-72
-75
-78
-83
-82
-89
-91
-100
-100
-103
-100
-98
-99
-100
-105
-99
-99
-95
-97
-99
-92
-96
-94
-94
-90
-77
-82
-80
-70
-76
-82
-79
-80
-80
-68
-54
-49
-42
-36
-37
-40
-43
-40
-34
-34
-32
-30
-26
-21
-20
-13
-7
-8
-6
0
4
0
5
9
13
12
19
19
19
13
7
13
15
12
3
3
3
8
13
14
-1
-7
-12
-11
-5
-6
-4
-9
-14
-11
-8
-10
-12
-15
-20
-18
-27
-19
-19
-20
-18
-25
-17
-13
-20
-12
-2
-10
-4
3
9
9
10
9
9
8
11
12
11
16
23
29
24
36
39
41
47
48
46
46
52
61
64
63
63
58
63
62
66
67
66
69
68
79
78
75
82
85
85
84
81
81
71
67
72
80
85
83
84
82
81
81
80
73
73
67
61
56
58
53
54
58
55
58
54
47
45
41
45
47
46
50
40
35
31
27
26
17
20
25
26
21
19
25
12
4
3
-4
-10
-7
1
3
13
13
20
30
30
36
32
38
42
39
36
31
25
24
32
28
29
39
45
47
41
33
33
32
30
31
23
22
19
27
29
24
34
32
34
42
46
48
44
30
29
28
29
21
12
18
13
12
3
-10
-6
-11
-21
-23
-27
-30
-38
-39
-43
-50
-53
-60
-61
-69
-68
-64
-65
-65
-70
-70
-75
-76
-77
-74
-75
-78
-73
-83
-76
-70
-78
-64
-60
-62
-48
-47
-55
-44
-48
-55
-66
-58
-57
-55
-34
-46
-40
-40
-47
-41
-43
-40
-41
-29
-25
-21
-22
-34
-28
-30
-25
-27
-20
-23
-24
-26
-26
-13
-6
-1
-5
-2
-4
-5
-8
-14
-9
-2
-7
-11
-12
-11
-18
-23
-20
-25
-26
-18
-9
-6
-19
-22
-21
-27
-24
-29
-29
-31
-34
-33
-34
-36
-33
-25
-33
-18
-26
-30
-22
-21
-25
-37
-30
-34
-32
-25
-17
-14
-8
-13
-16
-1
5
2
2
-2
0
6
-4
-1
-3
-7
-7
-4
-6
-3
12
6
-1
-8
-6
-9
4
8
-1
0
3
-2
-11
0
-8
5
8
-8
2
4
3
5
-1
3
9
5
5
9
5
-12
-17
-16
-20
-18
-20
-14
-11
-8
-14
-19
-24
-21
-22
-28
-26
-35
-36
-28
-27
-22
-28
-36
-25
-37
-34
-37
-28
-12
-18
-10
-4
2
5
5
2
7
0
14
18
17
23
25
30
24
34
34
38
44
46
59
67
68
60
59
71
74
83
83
79
78
78
88
79
75
73
85
89
82
73
75
72
76
83
85
90
78
86
85
79
86
84
78
73
82
73
68
63
59
54
49
55
50
43
38
41
32
30
28
22
21
9
7
4
0
-8
-7
-24
-27
-21
-29
-19
-17
-20
-14
-10
-7
-3
-10
-6
-11
-13
-4
2
7
16
28
25
32
41
34
43
43
41
40
37
38
36
43
41
53
59
57
60
67
71
79
77
73
69
65
67
64
60
47
51
47
52
58
49
44
32
21
21
17
9
12
2
6
1
-18
-17
-22
-30
-36
-31
-37
-41
-43
-53
-53
-48
-54
-47
-43
-52
-48
-52
-55
-54
-61
-66
-65
-61
-52
-50
-46
-45
-52
-57
-59
-54
-54
-60
-57
-48
-44
-44
-45
-48
-43
-35
-28
-23
-21
-19
-16
-21
-18
-8
-8
-3
2
2
-6
6
10
10
12
13
3
2
6
-2
1
-6
-15
-23
-35
-30
-33
-41
-39
-54
-50
-54
-63
-66
-68
-72
-80
-76
-86
-91
-103
-111
-106
-109
-111
-102
-100
-102
-106
-109
-107
-94
-87
-98
-94
-95
-90
-86
-84
-76
-69
-67
-68
-63
-55
-64
-70
-66
-69
-60
-64
-64
-47
-45
-41
-35
-38
-36
-36
-30
-24
-18
-11
-14
-17
-19
-18
-18
-4
2
6
4
4
6
0
-2
4
11
18
18
17
29
13
13
13
18
32
22
22
21
19
22
23
27
25
27
31
34
27
30
27
22
24
21
25
20
23
14
18
25
29
27
25
24
24
27
22
29
21
23
17
21
21
29
38
40
43
41
44
41
48
50
51
50
48
52
53
55
60
63
59
63
69
69
72
75
71
66
59
60
57
55
44
46
38
23
30
21
27
30
27
32
33
31
30
31
33
30
32
33
31
34
30
24
29
28
29
37
41
49
45
33
34
31
32
36
37
34
37
33
32
32
23
36
28
23
21
21
24
15
17
10
20
22
15
19
11
7
5
7
4
5
13
18
22
23
25
28
31
30
31
33
42
49
41
45
40
36
39
36
42
43
44
50
42
43
41
33
36
24
14
8
5
6
0
-5
-10
-15
-18
-24
-25
-29
-27
-33
-32
-36
-38
-33
-39
-41
-38
-36
-34
-42
-51
-42
-47
-50
-46
-50
-56
-57
-50
-51
-43
-43
-45
-45
-48
-41
-39
-36
-42
-48
-46
-43
-46
-50
-49
-53
-52
-38
-46
-51
-44
-50
-37
-36
-44
-43
-49
-50
-56
-60
-64
-64
-59
-64
-63
-54
-51
-51
-49
-50
-40
-36
-27
-33
-45
-42
-42
-36
-33
-35
-37
-32
-29
-23
-27
-31
-28
-27
-26
-30
-35
-40
-32
-35
-34
-29
-28
-27
-24
-27
-32
-26
-25
-16
-18
-18
-16
-15
-7
-3
-7
-3
1
4
6
-4
-2
-7
-1
4
-3
-8
-4
-4
-3
7
3
0
-3
-7
-11
-10
-7
-5
-3
-6
-3
0
-3
1
-1
-4
-3
-3
6
10
4
4
0
4
2
-1
-2
-10
-20
-13
-8
-6
-5
-6
-12
-15
-18
-16
-9
-13
-14
-10
-6
-3
-2
-7
-10
-6
-12
-9
-8
-3
7
5
15
12
13
16
18
16
11
11
15
15
17
21
24
27
30
35
35
39
34
33
39
41
40
44
46
43
43
41
49
49
49
47
46
43
36
35
28
28
30
35
35
38
48
42
47
39
37
38
35
38
31
33
30
28
32
30
26
33
34
42
68
63
62
60
51
52
51
52
56
55
56
53
56
58
50
54
50
57
64
64
63
49
44
44
34
30
35
26
26
31
28
29
32
35
31
33
37
37
43
45
41
32
44
44
48
46
37
41
35
33
24
24
29
27
29
22
18
21
13
8
-2
2
-1
-7
-5
-10
-11
-13
-8
-9
-8
-10
-13
-8
-11
-12
-3
-11
-11
-8
-21
-23
-18
-16
-12
-11
-8
-5
-5
-6
-5
-2
-4
-8
-3
-1
-2
1
2
4
-7
-10
-12
-15
-14
-19
-12
-14
-12
-21
-29
-21
-19
-22
-22
-18
-17
-24
-24
-21
-13
-6
-8
-7
-8
-12
-13
-6
-5
-5
-5
-2
0
-5
-5
-5
-10
-9
-13
-14
-11
-23
-27
-33
-34
-34
-36
-41
-48
-49
-44
-48
-54
-50
-54
-57
-63
-68
-66
-73
-74
-74
-76
-78
-82
-77
-73
-76
-74
-71
-80
-73
-65
-65
-67
-63
-65
-58
-56
-67
-55
-60
-55
-50
-40
-36
-38
-37
-38
-39
-40
-30
-35
-35
-22
-20
-12
-8
-15
-24
-21
-15
-14
-15
-11
-15
-17
-19
-32
-32
-28
-20
-18
-22
-21
-22
-16
-19
-18
-15
-24
-11
-14
-8
-5
-2
3
8
12
13
18
19
26
18
24
26
29
33
24
32
28
31
34
32
26
17
25
22
29
30
24
22
20
20
27
19
16
16
14
12
12
13
5
12
19
24
20
25
19
16
22
10
11
10
9
12
10
13
20
11
3
4
-1
-3
-12
-11
-7
-9
-5
-10
-9
-7
-7
-1
-4
-3
-5
-2
-1
-3
-5
4
5
-1
3
5
9
12
21
28
21
24
33
27
26
26
29
32
28
38
39
40
44
42
46
48
50
48
44
50
42
33
22
29
36
33
34
37
37
39
34
27
27
19
19
12
10
5
6
4
4
11
3
-1
-2
-6
-4
-2
-2
3
4
5
8
5
-1
1
8
8
7
4
5
9
4
0
3
7
8
7
2
0
-4
-2
3
9
18
24
25
31
32
31
34
30
32
38
31
30
37
32
26
24
26
30
27
32
40
37
41
34
33
36
31
32
30
29
29
32
23
22
24
24
27
27
22
12
10
17
12
0
-4
-8
-13
-16
-22
-18
-16
-25
-24
-14
-22
-27
-27
-31
-31
-36
-34
-20
-21
-29
-24
-25
-30
-27
-20
-14
-15
-21
-17
-20
-27
-18
-25
-27
-29
-34
-32
-35
-30
-34
-41
-45
-44
-46
-43
-42
-45
-37
-35
-34
-31
-33
-34
-21
-17
-12
-10
-11
-15
-19
-22
-31
-24
-28
-26
-26
-38
-36
-38
-33
-26
-30
-24
-23
-27
-34
-35
-28
-34
-24
-21
-18
-17
-16
-15
-14
-14
-17
-17
-20
-15
-14
-17
-13
-18
-23
-27
-31
-30
-26
-22
-24
-14
-15
-20
-12
-16
-15
-12
-12
-4
-11
-15
-20
-25
-16
-8
-7
-5
2
0
-3
0
-7
0
0
-5
8
9
9
10
6
3
8
9
7
11
10
9
14
16
11
12
4
6
11
17
24
21
16
14
15
22
14
5
5
6
11
8
4
-5
-13
-10
-17
-17
-12
-18
-18
-20
-13
-10
-13
-15
-21
-22
-21
-16
-24
-18
-24
-29
-29
-30
-28
-29
-25
-29
-29
-29
-25
-26
-28
-26
-28
-26
-26
-22
-22
-21
-10
-7
-10
-5
-1
3
6
7
7
3
3
2
5
10
14
14
11
11
14
18
18
20
16
26
26
23
30
36
38
35
42
38
40
34
30
37
44
45
45
52
47
49
46
47
44
42
45
40
43
42
40
46
43
43
47
43
41
41
44
47
51
49
49
61
63
65
70
69
71
70
65
65
58
62
58
56
69
61
71
67
60
68
68
64
67
70
59
61
62
58
57
59
55
60
55
49
48
56
53
47
50
40
35
31
29
24
21
12
10
8
3
4
0
-2
-9
-17
-17
-20
-18
-22
-23
-27
-26
-25
-29
-26
-24
-20
-28
-24
-20
-20
-21
-22
-24
-17
-16
-22
-19
-17
-24
-19
-13
-19
-25
-24
-19
-14
-15
-17
-14
-16
-4
-2
1
0
0
-3
-9
-8
-9
-13
-11
-3
-3
-12
-11
-9
-16
-17
-16
-4
-3
1
5
1
2
0
-3
-9
-18
-18
-16
-22
-17
-19
-21
-12
-15
-16
-20
-23
-27
-23
-31
-39
-38
-48
-50
-52
-53
-54
-52
-49
-53
-55
-52
-52
-53
-58
-63
-63
-59
-63
-62
-64
-68
-67
-63
-57
-61
-56
-66
-71
-65
-63
-60
-60
-62
-63
-58
-54
-51
-56
-50
-49
-56
-50
-51
-45
-39
-35
-36
-42
-41
-46
-42
-38
-39
-42
-39
-46
-46
-39
-38
-36
-34
-32
-37
-29
-24
-28
-27
-27
-24
-22
-23
-24
-25
-18
-16
-19
-15
-13
-13
-11
-17
-7
5
-3
-3
-5
-3
1
5
6
6
9
10
8
9
15
15
14
15
8
9
12
14
15
16
13
24
27
29
34
29
29
32
27
18
24
23
24
23
31
34
35
44
47
51
52
48
44
46
48
51
52
56
57
59
63
64
61
63
57
58
53
52
53
50
54
46
39
34
36
33
33
37
38
40
47
41
31
32
30
25
26
21
17
14
13
19
11
11
20
17
22
17
4
2
-2
-5
3
7
6
4
0
3
3
9
8
4
3
-3
1
-1
-7
-9
-6
-2
-1
2
5
4
4
7
9
9
4
7
11
16
27
35
36
40
47
38
42
45
48
48
43
50
46
50
58
59
58
67
65
54
50
51
50
49
39
33
33
29
24
29
27
21
19
13
16
15
15
9
4
-7
-15
-12
-17
-13
-14
-14
-21
-24
-29
-28
-25
-31
-34
-34
-35
-39
-35
-38
-37
-37
-47
-49
-43
-41
-41
-45
-46
-46
-48
-45
-53
-52
-55
-51
-44
-50
-42
-42
-44
-41
-38
-37
-41
-44
-39
-43
-48
-53
-50
-46
-42
-38
-37
-33
-28
-23
-27
-26
-23
-22
-17
-23
-22
-17
-17
-15
-11
-13
-11
-14
-14
-8
-9
-6
-15
-16
-17
-18
-18
-20
-22
-23
-20
-20
-22
-17
-17
-21
-20
-26
-28
-31
-30
-37
-40
-42
-36
-33
-35
-33
-30
-29
-28
-29
-24
-24
-28
-30
-30
-26
-28
-27
-24
-19
-12
-3
2
12
14
9
11
8
7
7
2
5
1
1
2
3
9
7
8
10
4
6
6
2
-7
-9
-8
-13
-11
-10
-12
-6
-6
-15
-15
-21
-16
-19
-15
-17
-20
-20
-20
-12
-10
-12
-17
-12
-13
-13
-18
-6
-5
-5
-12
-13
-7
-16
-17
-21
-20
-23
-16
-10
-12
-7
-8
-1
-5
-7
-3
0
0
3
2
0
0
0
-1
-1
-2
-5
0
-2
7
13
14
17
16
18
19
21
16
20
22
22
22
23
26
34
41
43
42
36
31
35
34
37
36
33
33
31
30
34
36
35
42
39
40
45
43
49
42
40
39
35
37
31
34
36
42
49
54
57
55
51
55
52
46
45
37
38
39
39
40
45
48
43
45
44
44
45
36
42
41
35
43
42
42
34
33
36
43
44
40
37
30
26
27
22
14
16
15
18
29
28
24
15
11
8
2
3
2
-2
5
8
7
15
16
21
19
21
24
23
19
22
21
16
9
6
9
1
0
-2
0
-4
-3
-1
-1
-4
-10
-8
-11
-14
-13
-12
-16
-14
-12
-17
-15
-12
-7
-6
-5
0
0
5
6
10
21
22
19
11
11
7
8
9
13
12
18
20
19
28
26
25
21
23
21
19
18
9
7
6
8
9
10
14
11
8
5
3
-2
2
-3
-10
-16
-20
-23
-25
-25
-24
-26
-24
-20
-23
-22
-28
-27
-30
-36
-40
-47
-46
-47
-56
-62
-61
-58
-54
-55
-63
-64
-72
-69
-73
-74
-67
-75
-69
-75
-78
-76
-74
-77
-79
-76
-75
-75
-64
-62
-66
-62
-61
-64
-60
-58
-61
-58
-54
-50
-50
-45
-48
-51
-51
-45
-35
-34
-29
-31
-33
-35
-34
-30
-28
-26
-26
-26
-23
-17
-21
-15
-14
-21
-17
-15
-18
-18
-16
-19
-22
-19
-18
-24
-23
-26
-23
-23
-26
-16
-18
-18
-15
-14
-15
-19
-13
-9
-6
-3
-7
-1
-1
-8
-4
-3
0
9
11
13
16
13
19
13
10
12
10
10
5
5
1
0
2
0
-5
1
5
4
12
7
3
10
12
13
14
11
5
-2
-2
-2
-2
2
1
9
17
24
27
22
21
25
25
27
29
31
31
30
32
31
34
32
36
40
39
42
40
41
43
41
45
40
42
45
44
42
40
41
35
36
37
36
44
46
48
47
46
48
47
48
45
41
43
45
38
35
37
43
46
46
44
46
42
43
45
33
35
34
38
36
31
33
28
28
30
29
24
25
32
31
26
31
32
33
28
32
32
23
27
21
18
15
15
18
13
20
23
27
28
29
25
24
31
22
20
21
22
19
18
7
3
8
5
7
9
8
8
15
13
15
22
15
17
13
6
4
7
7
2
3
-4
-2
-1
-4
0
4
3
10
14
19
19
20
19
17
24
30
31
28
22
20
13
14
18
18
21
25
27
32
33
33
30
20
20
21
12
2
-5
-4
-6
-10
-8
-9
-17
-23
-27
-25
-28
-34
-38
-50
-52
-51
-53
-51
-52
-53
-54
-58
-58
-56
-58
-61
-63
-56
-58
-57
-56
-51
-51
-57
-58
-64
-65
-65
-68
-64
-59
-59
-60
-52
-47
-50
-54
-57
-50
-51
-54
-51
-51
-54
-58
-58
-57
-52
-54
-52
-49
-49
-56
-64
-66
-70
-70
-63
-64
-60
-57
-59
-59
-54
-55
-53
-53
-53
-49
-52
-57
-62
-59
-61
-58
-57
-59
-53
-46
-41
-35
-34
-34
-42
-44
-43
-45
-38
-36
-33
-27
-23
-21
-15
-10
-3
-4
-2
6
1
2
2
-1
-7
-10
-1
2
5
15
13
14
19
20
20
20
21
29
19
19
16
9
16
16
15
15
19
24
22
22
19
17
18
13
7
16
18
7
13
14
10
14
14
18
20
18
16
18
12
12
14
9
9
6
6
11
12
16
20
19
20
22
17
17
15
17
17
15
16
19
26
25
25
24
26
35
33
34
35
31
27
29
30
30
33
27
33
43
48
62
63
60
65
69
67
65
64
62
64
66
68
73
69
74
83
80
81
88
90
88
89
85
83
90
89
91
89
90
89
86
87
83
80
70
73
73
70
72
76
70
72
73
64
64
61
55
58
54
51
46
46
47
39
41
41
43
39
33
34
28
24
22
20
15
10
9
6
2
3
3
3
1
-4
-7
-4
-4
-9
-10
-11
-8
-15
-12
-3
-5
0
7
7
6
8
9
1
-5
-4
-4
1
0
-2
-5
-3
-10
-17
-20
-23
-16
-19
-18
-21
-19
-19
-24
-23
-27
-30
-31
-30
-25
-37
-40
-40
-44
-46
-49
-51
-61
-60
-65
-71
-74
-71
-72
-70
-69
-68
-68
-69
-67
-73
-82
-83
-84
-87
-83
-83
-84
-76
-70
-70
-74
-76
-79
-76
-76
-81
-79
-80
-79
-76
-73
-79
-79
-79
-77
-66
-60
-59
-51
-48
-46
-45
-46
-43
-43
-44
-43
-39
-42
-38
-33
-28
-24
-23
-19
-19
-16
-14
-17
-10
-12
-13
-7
-8
-5
-3
8
14
17
17
16
23
23
26
27
28
31
36
35
24
26
22
21
20
20
22
21
23
20
21
20
16
9
4
5
-5
-9
-14
-14
-13
-19
-19
-21
-27
-29
-27
-27
-23
-25
-27
-26
-28
-26
-24
-30
-26
-27
-25
-22
-22
-28
-31
-29
-23
-21
-11
-16
-14
-8
-13
-3
-9
-9
-7
-10
-11
-3
0
4
11
8
11
14
17
18
26
24
21
27
20
26
20
19
20
23
24
25
33
34
35
38
45
40
39
40
38
41
42
37
42
42
42
42
39
43
40
42
44
40
41
37
41
32
26
32
29
33
32
30
31
25
31
28
24
32
36
36
37
39
33
34
31
29
32
23
27
31
37
34
33
31
36
34
33
37
34
35
34
30
21
20
17
18
16
20
21
17
17
13
11
10
6
5
-1
-6
-2
0
5
6
7
-1
-1
-2
-4
-1
-4
-2
-6
-9
-12
-15
-18
-14
-13
-12
-5
-1
-9
-14
-11
-12
-2
-2
-3
-4
-3
-6
-5
-5
-5
5
1
2
-1
-4
1
-3
-3
1
3
6
9
13
11
11
15
16
20
25
29
30
30
30
32
29
28
35
34
33
40
35
32
30
34
36
35
33
29
28
23
21
20
20
18
16
12
9
2
-1
-7
-9
-12
-15
-20
-20
-24
-32
-38
-46
-39
-36
-38
-35
-40
-34
-33
-36
-40
-43
-36
-37
-37
-39
-38
-40
-40
-43
-45
-42
-45
-40
-45
-44
-50
-58
-62
-69
-69
-72
-73
-71
-75
-73
-72
-66
-66
-71
-69
-69
-69
-78
-79
-73
-67
-66
-62
-61
-55
-48
-46
-38
-38
-37
-32
-28
-31
-24
-24
-26
-27
-24
-22
-17
-7
-7
-2
7
8
9
15
14
12
