-6
-11
-11
-13
-10
-16
-16
-13
-13
-12
-11
-10
-7
-10
-20
-19
-25
-27
-29
-29
-29
-23
-24
-27
-24
-24
-22
-21
-15
-11
-12
-11
-4
0
0
2
5
12
8
10
10
8
13
15
17
21
22
22
18
17
17
20
23
19
27
32
29
31
31
34
28
19
23
33
36
41
40
42
44
37
35
36
42
44
48
50
54
49
46
49
45
45
45
45
46
46
48
54
53
55
57
57
64
58
60
63
63
64
63
62
62
65
69
69
66
64
68
62
64
62
55
53
47
53
53
50
43
42
37
26
20
16
14
10
14
12
9
13
11
13
14
13
17
16
13
12
11
6
3
5
1
2
9
7
6
5
9
9
8
8
9
8
8
7
1
-4
-6
-7
-14
-18
-22
-20
-28
-28
-32
-36
-41
-43
-48
-50
-53
-53
-46
-59
-59
-57
-58
-55
-60
-62
-54
-52
-55
-55
-49
-51
-50
-53
-61
-52
-48
-43
-47
-50
-50
-50
-43
-39
-35
-33
-34
-32
-33
-32
-36
-32
-31
-29
-27
-26
-20
-22
-21
-26
-23
-22
-22
-27
-30
-25
-29
-32
-40
-42
-45
-45
-50
-63
-63
-66
-58
-58
-55
-55
-57
-55
-55
-55
-59
-51
-50
-48
-47
-48
-54
-59
-57
-56
-53
-48
-47
-47
-48
-46
-41
-42
-42
-42
-37
-29
-23
-18
-22
-24
-26
-31
-31
-29
-23
-15
-12
-9
-7
1
-1
-4
-2
2
5
9
12
17
12
9
10
12
13
11
13
9
7
9
9
5
2
5
5
2
0
0
-3
-7
-9
-4
-5
-8
-9
-16
-14
-19
-13
-15
-17
-17
-25
-8
-12
-18
-12
-12
-15
-18
-19
-18
-15
-21
-22
-24
-22
-16
-14
-7
-4
-3
-5
-5
2
4
9
4
8
8
6
10
12
15
16
20
21
13
15
17
21
25
28
26
25
36
41
45
47
53
60
60
55
62
61
55
59
57
58
56
59
61
60
60
58
57
53
59
62
60
62
62
55
52
52
53
51
54
58
56
53
52
51
44
48
38
38
45
38
34
37
40
33
30
28
31
30
24
25
25
25
24
16
18
18
17
18
18
24
21
29
30
31
33
33
34
35
36
33
31
31
37
41
42
45
44
37
42
47
55
58
58
55
50
45
43
40
45
43
40
41
38
44
46
41
35
37
34
32
31
25
29
25
28
25
14
12
9
-2
-9
-10
-12
-7
-11
-10
-15
-21
-24
-28
-30
-34
-32
-37
-37
-42
-52
-55
-54
-54
-54
-47
-53
-57
-51
-51
-52
-58
-64
-60
-68
-70
-64
-60
-63
-60
-57
-57
-50
-47
-44
-37
-42
-36
-32
-35
-34
-38
-34
-30
-28
-33
-38
-30
-30
-33
-33
-33
-33
-33
-34
-33
-32
-37
-35
-39
-43
-37
-36
-35
-43
-44
-40
-45
-41
-42
-42
-41
-44
-42
-48
-40
-37
-41
-44
-46
-48
-47
-54
-58
-56
-65
-66
-70
-72
-67
-57
-60
-63
-63
-61
-59
-60
-53
-49
-43
-38
-40
-39
-34
-35
-33
-26
-23
-20
-23
-19
-10
-14
-14
-11
-12
-8
-5
-6
-3
-1
2
2
4
10
8
15
20
21
30
33
37
40
41
43
43
46
45
51
56
54
56
54
55
53
48
50
57
56
55
56
57
59
58
62
57
58
58
56
54
52
53
45
43
44
35
29
20
14
14
13
11
-2
-9
-15
-12
-19
-20
-16
-16
-16
-20
-23
-32
-30
-25
-26
-23
-21
-18
-14
-15
-12
-11
-9
-5
-1
5
13
22
26
31
30
37
40
42
51
52
56
62
60
58
61
61
58
61
58
55
59
62
66
61
61
62
68
68
68
73
73
74
67
66
59
62
63
66
58
54
58
54
56
56
59
58
54
54
51
50
48
40
38
35
24
21
21
20
21
21
20
16
15
16
9
10
8
1
-1
-1
-2
-5
-2
-7
-12
-11
-13
-11
-11
-14
-16
-16
-19
-14
-2
-1
4
0
2
2
5
9
8
7
6
10
11
12
13
16
16
13
13
13
18
23
21
22
23
23
20
11
9
9
6
9
7
3
-1
-2
-6
-13
-21
-22
-22
-23
-24
-23
-27
-24
-29
-37
-37
-43
-38
-47
-44
-46
-50
-48
-52
-56
-61
-68
-69
-69
-67
-62
-61
-62
-64
-67
-68
-70
-73
-76
-77
-73
-72
-69
-70
-66
-66
-67
-60
-60
-60
-59
-59
-55
-50
-42
-41
-35
-32
-32
-28
-27
-25
-20
-17
-15
-15
-13
-13
-13
-6
-6
-3
-4
-2
1
-3
-3
0
-2
0
2
0
-3
-3
-4
-11
-11
-12
-9
-7
-3
6
9
9
10
11
16
14
10
14
15
18
23
20
19
25
23
21
24
20
20
22
20
11
7
7
2
4
5
-2
0
3
1
2
-1
-3
-5
-5
-8
-9
3
7
4
12
12
8
7
11
16
15
16
15
16
23
22
20
24
22
17
18
20
24
24
23
23
27
27
23
24
20
19
24
21
20
16
17
23
13
19
17
13
15
8
11
5
4
2
0
-2
-5
-10
-15
-12
-13
-14
-11
-18
-20
-23
-31
-33
-38
-40
-43
-43
-39
-40
-41
-36
-40
-43
-43
-47
-50
-47
-44
-45
-44
-48
-50
-46
-42
-33
-26
-22
-15
-19
-22
-21
-18
-18
-20
-18
-20
-15
-11
-15
-14
-10
-9
-8
-2
-2
4
4
3
4
4
9
6
5
5
2
-1
-2
1
3
-1
-5
-3
0
0
0
-1
-10
-10
-9
-6
-5
-9
-10
-8
-15
-16
-18
-18
-15
-19
-19
-18
-21
-24
-22
-23
-24
-28
-29
-25
-21
-28
-30
-26
-34
-33
-37
-34
-26
-21
-22
-28
-26
-29
-20
-17
-17
-14
-14
-14
-18
-20
-21
-21
-20
-19
-14
-17
-14
-14
-13
-8
-9
-8
-5
1
8
11
10
8
6
9
15
17
21
24
25
26
29
29
29
26
24
28
27
27
28
25
22
22
23
23
22
24
22
22
26
19
15
13
13
16
16
19
15
14
14
17
19
11
13
11
7
3
6
6
6
9
11
14
15
17
17
18
26
26
32
31
32
37
40
45
44
48
51
58
57
61
60
55
61
58
61
68
65
59
60
52
45
41
37
39
40
41
43
46
47
45
51
48
48
53
55
59
66
57
52
56
52
54
52
50
51
49
44
44
43
42
42
36
29
24
27
22
23
22
18
13
7
3
1
-1
-9
-9
-14
-22
-24
-22
-24
-27
-31
-36
-30
-28
-27
-29
-25
-19
-24
-23
-20
-17
-15
-15
-8
-8
-10
-11
-16
-15
-14
-13
-11
-6
-10
-11
-12
-11
-6
-9
-14
-18
-16
-17
-18
-16
-22
-24
-28
-32
-30
-39
-46
-44
-46
-52
-49
-47
-48
-49
-56
-56
-53
-53
-47
-46
-48
-50
-45
-44
-39
-34
-33
-30
-32
-28
-28
-25
-22
-17
-18
-14
-9
-17
-15
-13
-9
-7
-7
-4
-4
-4
-6
-5
-8
-10
-12
-8
1
0
4
3
-2
-2
0
1
-9
-11
-7
-9
-8
-9
-12
-15
-16
-16
-16
-22
-19
-20
-19
-17
-16
-12
-12
-12
-11
-11
-9
-13
-13
-13
-14
-13
-16
-11
-14
-13
-17
-25
-25
-24
-22
-26
-25
-31
-36
-35
-34
-31
-30
-36
-39
-29
-33
-32
-28
-33
-32
-32
-34
-36
-35
-32
-25
-23
-29
-25
-27
-25
-22
-22
-21
-25
-21
-19
-12
-13
-14
-12
-12
-9
-3
-3
-5
1
-1
9
14
16
24
23
26
33
30
35
32
28
31
33
28
30
25
17
17
13
17
16
16
16
16
13
16
18
15
21
25
29
33
36
34
33
31
30
31
31
35
33
36
40
42
45
46
50
56
57
62
58
54
54
54
60
56
62
54
48
47
45
39
36
37
31
34
32
31
30
31
34
33
37
37
37
34
33
35
34
33
36
35
28
24
22
24
29
28
27
32
25
25
27
25
24
23
29
24
29
29
29
32
34
38
36
38
38
36
30
31
32
34
44
47
41
44
40
38
40
29
33
36
38
45
47
46
43
37
33
34
26
27
25
26
31
32
22
18
10
1
0
-3
-8
-15
-13
-17
-25
-26
-26
-23
-21
-24
-23
-28
-26
-31
-38
-36
-39
-37
-35
-36
-32
-32
-36
-38
-41
-36
-33
-28
-28
-28
-28
-22
-19
-15
-10
-11
-8
-14
-12
-16
-17
-19
-19
-24
-27
-26
-31
-34
-29
-24
-21
-19
-20
-18
-22
-21
-26
-33
-34
-37
-31
-37
-37
-34
-43
-43
-46
-47
-52
-48
-41
-47
-48
-49
-51
-51
-48
-43
-44
-43
-43
-41
-39
-33
-32
-28
-31
-32
-25
-26
-15
-12
-19
-10
-15
-19
-19
-24
-24
-18
-22
-25
-23
-25
-22
-21
-19
-22
-19
-18
-17
-17
-23
-23
-26
-27
-34
-38
-41
-47
-47
-49
-44
-39
-38
-39
-35
-34
-27
-26
-26
-26
-21
-14
-15
-14
-14
-13
-13
-16
-20
-28
-27
-28
-29
-26
-28
-21
-24
-24
-28
-29
-27
-31
-32
-31
-22
-13
-16
-16
-18
-14
-12
-12
-4
-7
-3
-9
-9
-2
-1
0
1
0
3
8
10
12
7
11
12
13
23
20
19
17
15
17
17
15
13
10
4
4
7
6
3
-1
-3
-11
-11
-10
-10
-6
-12
-13
-11
-10
-15
-16
-17
-14
-6
-1
1
0
6
6
4
6
9
9
7
8
9
14
23
26
25
29
37
32
37
44
43
47
48
53
50
53
47
50
52
51
57
49
49
39
43
43
39
37
35
31
31
33
33
37
40
47
45
44
48
43
49
48
45
42
38
34
30
33
29
26
34
28
22
25
19
22
28
25
28
29
22
23
21
13
17
16
16
21
15
21
21
18
18
12
12
12
16
21
21
30
28
31
29
26
28
26
31
30
30
24
20
21
20
19
13
15
17
16
16
16
12
7
1
0
-2
-5
-5
-5
-7
-8
-10
-12
-10
-15
-16
-18
-21
-28
-29
-21
-23
-27
-28
-28
-30
-28
-24
-23
-22
-24
-31
-31
-30
-31
-35
-33
-28
-25
-23
-21
-23
-23
-18
-12
-13
-13
-10
-12
-8
-11
-7
-7
-10
-8
-10
-4
-7
-6
-8
-13
-4
-6
-9
-8
-7
-9
-7
-3
-10
-10
-3
-4
-6
-8
-4
-3
-7
-6
-16
-10
-9
-13
-8
-8
-4
-8
-10
-9
-6
-8
-14
-18
-24
-24
-24
-25
-34
-34
-41
-32
-25
-30
-27
-36
-33
-29
-32
-35
-38
-29
-21
-26
-29
-17
-23
-42
-27
-12
-20
-22
-27
-30
-25
-25
-23
-27
-45
-40
-19
-40
-46
-37
-41
-35
-30
-38
-32
-25
-28
-18
-21
-25
-16
-15
-21
-11
-3
-1
-10
-9
2
6
9
12
13
12
10
17
15
14
20
21
20
24
28
26
25
21
19
27
29
32
41
40
42
40
39
41
36
32
32
26
30
31
23
15
11
7
7
6
7
10
11
7
0
-6
-2
-4
-12
-12
-9
-17
-18
-20
-28
-28
-27
-26
-18
-17
-22
-22
-28
-25
-22
-23
-23
-26
-24
-21
-21
-23
-22
-21
-22
-16
-17
-19
-20
-13
-13
-14
-8
-6
-7
-5
-3
2
2
-2
3
4
6
10
14
12
15
12
16
27
27
25
30
36
33
30
33
35
32
33
39
47
53
54
54
56
54
53
64
64
63
61
62
66
58
55
62
66
65
67
64
64
63
64
61
57
58
57
51
50
54
52
55
54
54
51
52
52
53
51
49
50
41
35
36
35
37
36
36
34
40
39
34
27
22
19
22
23
17
15
15
16
8
10
7
6
10
0
-8
-9
-19
-23
-21
-24
-23
-22
-21
-21
-19
-17
-20
-16
-22
-25
-19
-24
-23
-27
-27
-30
-32
-30
-39
-36
-37
-41
-39
-40
-36
-33
-32
-29
-32
-36
-31
-23
-23
-22
-27
-30
-28
-34
-34
-24
-28
-27
-29
-33
-27
-24
-20
-18
-17
-16
-14
-16
-12
-17
-19
-20
-23
-22
-20
-19
-22
-21
-19
-13
-14
-14
-17
-17
-21
-20
-15
-18
-18
-13
-14
-8
-10
-15
-10
-13
-6
-2
0
-2
-8
-7
-13
-11
-8
-3
-4
-7
1
2
-2
1
-1
-2
5
0
9
14
20
22
19
21
17
19
13
13
11
6
9
9
9
13
11
5
-1
-3
-5
-8
-14
-20
-17
-16
-21
-23
-27
-23
-20
-23
-29
-32
-38
-36
-33
-39
-42
-45
-43
-44
-50
-48
-53
-59
-57
-55
-51
-51
-54
-54
-52
-52
-49
-44
-44
-42
-47
-46
-46
-48
-45
-44
-48
-45
-44
-43
-44
-37
-28
-27
-14
-17
-18
-15
-16
-13
-15
-17
-18
-16
-17
-19
-20
-13
-7
-7
-10
-12
-14
-16
-14
-12
-6
-6
-6
-6
-12
-15
-13
-18
-18
-8
-2
7
11
5
-1
1
6
-2
3
4
8
13
13
14
9
14
12
11
12
8
14
18
23
20
18
23
25
30
33
38
44
45
45
48
52
59
60
61
61
60
54
59
62
55
61
57
51
59
59
55
53
50
54
51
44
42
48
47
45
50
47
51
55
46
55
47
33
32
30
29
29
28
16
17
17
16
20
10
1
6
6
6
-1
0
-5
-10
-15
-15
-10
-13
-6
-8
-8
-10
-9
-2
-7
-6
1
2
-1
-5
-10
-13
-12
-17
-15
-4
-9
-11
-3
-5
-8
-13
-11
-9
-8
-12
-11
-4
-5
0
-2
1
-1
-6
-4
-1
3
7
7
2
-1
-2
-1
-3
4
6
13
17
16
15
11
12
20
22
22
28
28
20
20
24
17
16
22
19
19
21
17
18
23
25
21
16
9
4
4
5
4
5
6
0
2
0
-5
-9
-7
-1
0
1
3
2
-2
2
1
2
7
9
6
7
3
-2
5
4
-4
-6
-6
-4
-10
-15
-17
-18
-23
-28
-35
-40
-33
-35
-31
-33
-35
-36
-39
-34
-39
-31
-28
-27
-25
-25
-17
-16
-17
-20
-22
-20
-17
-15
-12
-12
-16
-18
-14
-22
-16
-5
-7
-4
-10
-9
-12
-14
-15
-11
-12
-10
-17
-23
-20
-16
-19
-20
-13
-14
-13
-12
-18
-21
-16
-19
-23
-22
-21
-20
-22
-20
-14
-25
-20
-22
-19
-8
-12
-15
-18
-16
-14
-9
-9
-10
-10
-2
-2
-5
4
2
2
-4
-7
-11
-10
-8
-16
-13
-12
-5
-9
-13
-22
-20
-22
-25
-17
-24
-14
-5
-2
-3
-6
-3
-4
-3
-4
-6
-7
-13
-15
-14
-16
-13
-11
-17
-13
-14
-11
-6
-8
-9
-8
-2
-7
0
5
7
2
-3
4
3
0
-1
-1
2
7
7
15
16
24
26
18
17
18
24
29
30
26
23
25
24
20
20
17
15
26
28
27
33
28
26
32
21
21
32
33
42
40
42
38
38
36
33
36
39
47
48
52
51
44
45
45
43
44
47
43
47
42
41
42
35
43
43
47
48
46
45
42
44
44
47
42
36
34
28
34
33
30
28
20
14
12
10
6
6
7
10
11
15
14
12
15
17
25
25
26
21
23
27
26
29
21
21
22
25
25
23
22
26
27
33
28
17
16
14
13
12
11
7
15
17
15
13
4
2
-2
-9
-12
-11
-11
-15
-15
-13
-17
-18
-14
-16
-16
-18
-18
-7
-9
-7
-12
-19
-12
-12
-11
-4
-7
-4
-5
-7
-8
-5
0
3
4
3
6
0
0
-5
-10
-6
-7
-14
-12
-12
-9
-1
-5
-7
-11
-14
-10
-9
-8
-9
-10
-9
-7
-8
-15
-18
-24
-30
-32
-27
-24
-18
-18
-16
-10
-14
-13
-14
-6
-5
-9
-10
-11
-13
-16
-15
-25
-20
-12
-18
-20
-28
-35
-32
-34
-38
-36
-29
-30
-27
-29
-32
-29
-38
-36
-33
-32
-34
-33
-34
-30
-31
-34
-39
-47
-45
-44
-44
-44
-43
-49
-51
-60
-64
-61
-63
-61
-61
-53
-58
-55
-61
-67
-66
-69
-67
-65
-66
-62
-55
-66
-65
-70
-64
-60
-58
-56
-58
-53
-57
-48
-45
-45
-42
-35
-37
-36
-34
-28
-31
-33
-30
-30
-30
-28
-24
-23
-23
-23
-19
-15
-16
-18
-14
-16
-15
-9
-2
4
0
-2
-6
-11
-6
-5
2
5
8
9
7
6
2
-4
-4
-5
-1
2
2
4
-3
0
-1
2
8
8
10
6
5
5
7
13
11
18
23
30
39
39
37
40
41
39
39
41
50
55
50
50
51
54
51
53
67
65
69
64
68
69
72
79
74
75
73
73
75
74
71
69
69
73
78
70
63
65
64
61
66
61
58
60
50
51
41
42
37
29
30
23
22
27
19
10
16
8
4
2
-4
-9
-10
-5
-8
-9
-8
-11
-18
-18
-21
-21
-24
-21
-16
-16
-14
-13
-13
-13
-7
-1
5
3
9
10
12
11
15
15
13
21
20
21
23
24
27
27
32
36
32
31
33
36
37
38
33
32
35
35
32
36
32
31
32
33
37
38
38
32
32
30
23
21
23
16
18
16
14
14
12
8
5
-2
-4
-8
-6
1
0
-6
-8
-9
-17
-20
-26
-30
-30
-36
-35
-35
-39
-40
-37
-40
-44
-42
-41
-34
-33
-32
-27
-22
-23
-27
-20
-18
-17
-19
-15
-22
-14
-5
-12
-7
-10
-9
-17
-16
-10
-7
0
-3
0
-3
-4
0
5
4
4
2
2
0
-8
-4
-8
-9
-4
-10
-17
-16
-19
-23
-20
-21
-24
-21
-24
-33
-33
-39
-45
-49
-49
-44
-42
-42
-49
-60
-71
-80
-72
-73
-75
-80
-85
-82
-79
-81
-81
-81
-79
-78
-81
-78
-71
-75
-74
-66
-69
-64
-61
-56
-60
-50
-47
-44
-36
-37
-31
-34
-30
-28
-28
-24
-19
-11
-12
-8
-7
-7
-7
1
12
11
22
17
16
15
19
22
17
16
13
19
16
18
23
24
22
18
25
26
22
18
20
19
16
14
13
8
9
12
11
17
16
11
12
15
18
19
19
15
9
12
14
20
18
17
23
22
20
15
17
17
12
14
15
20
17
18
16
9
13
12
7
14
20
16
26
20
22
24
23
34
29
34
38
42
49
56
55
53
59
57
60
60
65
66
68
69
68
65
66
65
56
60
55
56
57
60
54
48
45
34
39
39
41
37
32
25
23
14
7
4
6
9
11
18
14
9
8
0
-2
0
-6
2
4
4
12
15
12
11
8
12
20
27
37
37
33
34
34
36
35
37
37
39
49
49
52
45
41
41
44
44
44
45
47
53
52
49
48
49
47
45
45
47
49
47
40
37
41
41
42
43
38
42
46
44
37
34
30
26
22
13
12
3
1
-8
-8
-10
-19
-17
-27
-29
-28
-30
-34
-36
-38
-39
-42
-44
-45
-44
-48
-43
-43
-52
-57
-60
-59
-56
-57
-51
-41
-47
-46
-49
-49
-49
-54
-48
-46
-40
-41
-49
-42
-45
-45
-44
-36
-39
-39
-38
-46
-44
-46
-50
-48
-47
-51
-46
-46
-45
-40
-43
-43
-43
-53
-51
-51
-51
-44
-42
-38
-41
-36
-31
-24
-23
-18
-14
-13
-12
-19
-19
-11
-15
-17
-12
-14
-10
-8
-8
-6
-12
-16
-19
-20
-16
-11
-16
-18
-14
-21
-17
-17
-22
-22
-15
-17
-22
-17
-23
-21
-25
-26
-32
-37
-30
-30
-28
-29
-24
-24
-25
-23
-23
-21
-20
-17
-18
-11
-11
-9
-12
-15
-11
-16
-21
-23
-24
-22
-18
-22
-21
-28
-23
-23
-29
-26
-25
-23
-26
-27
-29
-24
-26
-28
-30
-26
-27
-37
-24
-18
-20
-23
-28
-27
-35
-34
-28
-27
-20
-23
-22
-22
-25
-22
-26
-28
-29
-24
-18
-21
-17
-16
-17
-12
-16
-13
-3
-2
1
5
5
4
12
13
17
28
29
25
21
25
22
17
20
21
22
22
34
36
32
37
41
41
41
42
47
59
62
59
55
53
61
68
73
87
92
96
96
90
90
91
89
89
82
77
70
69
69
68
72
66
63
64
68
62
59
53
48
46
36
33
29
27
22
17
16
18
10
8
9
0
-2
-8
-9
-6
-11
-7
-5
-7
-2
5
3
4
7
4
11
3
5
6
2
2
4
5
1
3
1
7
11
14
17
15
9
7
3
10
9
7
12
10
10
4
6
6
5
8
8
12
15
15
3
3
0
-1
1
-1
3
-3
-1
1
2
8
1
-2
-7
-15
-13
-16
-18
-18
-14
-13
-17
-20
-25
-26
-19
-22
-25
-28
-31
-29
-27
-26
-22
-16
-16
-13
-13
-15
-13
-13
-18
-19
-18
-13
-14
-10
-9
-3
3
6
5
10
9
5
10
17
18
15
18
21
22
21
19
23
25
33
37
28
28
28
28
21
16
18
8
4
1
-3
-10
-18
-17
-19
-21
-21
-25
-27
-30
-37
-44
-48
-53
-51
-51
-51
-49
-55
-60
-59
-61
-59
-59
-64
-61
-55
-56
-47
-46
-45
-37
-33
-35
-41
-40
-38
-35
-33
-35
-33
-38
-32
-35
-27
-19
-24
-24
-32
-28
-33
-40
-39
-38
-41
-45
-38
-41
-46
-46
-47
-44
-42
-41
-37
-28
-23
-15
-16
-18
-11
-18
-16
-13
-10
-5
1
3
-2
-3
1
0
-2
-1
4
12
7
11
17
14
13
9
3
8
11
17
21
21
17
17
15
14
14
13
14
14
21
24
27
29
22
21
18
16
16
19
17
22
25
17
20
25
19
20
24
25
31
31
27
26
24
11
10
12
22
29
22
28
24
20
14
3
3
0
0
1
-3
1
-1
-2
-1
-9
-2
-1
-5
-8
-1
3
-1
1
-8
-11
-12
-8
-1
3
11
16
19
21
18
19
22
21
23
22
27
34
31
31
32
29
22
22
22
22
25
19
13
11
12
18
19
19
20
31
32
29
31
26
23
22
22
22
30
33
28
32
32
37
39
37
37
36
43
46
53
55
61
60
59
61
63
70
69
73
80
81
78
77
70
77
75
71
75
69
72
63
56
59
54
47
43
39
31
22
21
21
18
12
14
21
21
20
21
19
12
9
7
7
3
3
5
4
3
-1
-3
-11
-20
-17
-20
-24
-17
-20
-17
-15
-25
-30
-30
-33
-27
-25
-27
-28
-32
-36
-43
-44
-42
-47
-46
-43
-38
-35
-36
-38
-39
-39
-39
-42
-36
-34
-31
-31
-31
-31
-39
-44
-42
-41
-47
-44
-43
-37
-37
-45
-43
-40
-43
-44
-44
-37
-32
-30
-34
-35
-30
-33
-33
-36
-35
-37
-37
-40
-44
-40
-47
-53
-55
-48
-44
-41
-46
-44
-44
-43
-34
-35
-35
-30
-28
-38
-30
-21
-25
-24
-32
-33
-28
-25
-22
-25
-21
-21
-22
-18
-23
-23
-21
-18
-16
-22
-21
-22
-27
-23
-23
-28
-28
-22
-22
-26
-25
-28
-34
-32
-24
-22
-9
-15
-22
-15
-17
-19
-13
-13
-14
-13
-16
-15
-20
-20
-19
-16
-13
-13
-13
-16
-14
-14
-18
-17
-23
-17
-12
-12
-17
-21
-16
-17
-9
-14
-14
-17
-29
-22
-20
-23
-25
-26
-25
-25
-25
-21
-19
-20
-23
-22
-26
-24
-21
-19
-14
-14
-11
-13
-10
-3
-6
2
3
4
14
17
19
27
23
25
21
21
21
14
16
17
17
23
30
26
27
22
32
32
33
41
42
39
46
45
33
29
25
31
35
41
45
45
46
45
42
39
44
45
47
56
58
59
60
55
56
63
64
59
56
52
46
49
50
53
46
49
47
42
43
45
52
51
51
46
46
47
43
41
42
40
42
40
36
38
27
24
24
18
19
19
27
26
22
13
11
13
10
15
15
14
13
17
12
8
7
4
4
2
4
12
16
18
17
17
18
16
12
5
4
3
8
5
12
8
-3
-4
-9
-7
-11
-13
-14
-13
-6
-5
-10
-9
-4
2
4
10
10
6
8
5
3
5
8
11
12
12
14
15
15
13
13
10
15
18
15
15
23
23
9
9
0
-4
1
2
4
5
1
-5
-3
-5
-8
-4
-5
-13
-15
-17
-21
-26
-31
-30
-33
-30
-34
-35
-40
-40
-39
-37
-34
-40
-45
-48
-39
-37
-34
-26
-26
-32
-35
-43
-40
-36
-31
-28
-24
-26
-22
-17
-24
-19
-20
-34
-33
-32
-37
-32
-39
-45
-47
-47
-47
-53
-52
-58
-59
-61
-65
-64
-60
-63
-58
-52
-51
-48
-50
-48
-44
-48
-40
-39
-37
-35
-37
-33
-29
-28
-27
-24
-20
-17
-15
-7
-2
-8
-14
-10
-11
-4
2
-3
-3
-5
-3
8
11
-1
-8
-8
-7
-1
-1
-1
1
-5
-2
-4
-7
-7
-4
-6
-5
-2
2
1
-7
-8
-19
-21
-21
-21
-18
-17
-16
-14
-19
-16
-11
-10
-5
-8
-2
-4
-1
0
-3
-2
0
10
10
14
11
13
17
12
19
23
31
33
39
44
46
48
46
42
41
43
42
41
46
42
48
48
45
53
52
53
56
51
48
48
44
45
45
38
37
31
32
34
29
30
22
17
12
11
11
1
2
5
-1
-4
-4
-6
-8
-7
-7
-7
-3
3
2
-4
-3
-2
3
6
0
-7
0
2
0
8
14
17
12
15
18
15
15
18
17
18
15
19
17
22
29
30
35
36
41
50
42
39
44
44
46
47
57
63
59
57
58
50
42
41
40
43
46
40
27
27
28
24
22
15
16
12
5
10
6
6
4
1
1
4
3
3
7
0
4
2
5
9
5
3
5
11
17
14
15
14
6
7
0
-8
-2
-3
1
1
-1
6
1
3
4
3
11
16
17
21
23
28
25
27
31
35
37
32
31
29
33
37
38
33
33
33
31
28
20
18
18
18
21
19
19
19
16
11
9
4
5
9
4
5
1
1
1
-5
-10
-15
-15
-14
-19
-24
-29
-34
-32
-30
-30
-32
-35
-31
-39
-46
-41
-46
-43
-49
-50
-53
-51
-42
-47
-46
-46
-41
-46
-47
-61
-72
-66
-63
-59
-63
-57
-57
-54
-60
-66
-61
-59
-55
-61
-58
-60
-57
-53
-52
-44
-48
-48
-46
-52
-53
-55
-45
-44
-40
-34
-34
-22
-20
-14
-15
-14
-12
-16
-15
-11
-5
-1
-5
-3
-3
-6
0
-2
2
5
-3
-4
3
2
5
4
-5
-8
-13
-13
-18
-20
-18
-19
-27
-29
-29
-42
-37
-40
-35
-33
-36
-35
-37
-34
-39
-45
-41
-43
-51
-43
-40
-38
-44
-48
-45
-43
-41
-39
-37
-34
-32
-27
-27
-23
-15
-12
-11
-12
-7
-6
-2
6
9
9
8
7
14
18
14
17
17
19
23
20
25
25
26
27
28
31
35
28
21
26
26
32
35
31
38
29
23
27
21
16
12
18
20
24
25
20
24
22
26
18
11
10
5
7
10
8
6
6
5
11
16
18
26
19
13
20
18
17
19
18
19
23
21
22
22
18
18
22
24
29
35
39
42
32
36
44
46
46
44
44
41
50
51
53
53
53
55
53
55
54
57
57
55
52
55
58
57
59
56
52
48
44
42
38
36
34
29
20
18
19
17
19
14
13
3
-6
-4
-11
-10
-12
-18
-18
-16
-11
-13
-12
-12
-18
-18
-21
-21
-15
-16
-17
-13
-15
-12
-15
-16
-13
-10
-7
-8
-12
-10
-15
-10
-12
-12
-4
-4
-3
-8
-3
7
10
10
8
4
8
7
11
18
14
14
10
11
14
14
16
23
23
29
32
31
37
40
48
50
49
42
40
36
35
35
32
27
31
31
29
33
31
27
22
21
17
21
19
15
10
-2
-1
-2
-6
-9
-21
-24
-28
-33
-33
-34
-38
-42
-41
-44
-43
-44
-42
-42
-47
-48
-52
-53
-54
-55
-55
-53
-53
-58
-59
-60
-65
-67
-60
-60
-62
-64
-67
-62
-64
-68
-65
-63
-56
-58
-62
-55
-57
-58
-57
-60
-56
-51
-49
-47
-49
-48
-48
-44
-43
-46
-46
-35
-28
-31
-32
-36
-35
-42
-35
-32
-37
-41
-38
-35
-32
-32
-32
-26
-27
-29
-28
-20
-21
-21
-17
-15
-15
-18
-14
-18
-14
-11
-10
-8
-4
-4
-3
-6
-7
-4
-4
3
6
12
13
11
13
13
18
18
18
22
21
19
26
26
26
26
30
38
39
39
35
42
48
48
49
48
51
57
51
49
49
48
49
53
54
52
51
48
42
43
43
48
44
43
47
39
42
39
34
38
41
42
44
48
45
39
38
43
42
36
37
32
32
28
22
19
15
3
2
1
2
9
1
-3
-9
-11
-12
-15
-16
-13
-16
-18
-16
-19
-13
-11
-8
-9
-14
-11
-17
-15
-18
-20
-12
-20
-23
-21
-23
-24
-23
-19
-18
-22
-25
-28
-29
-27
-24
-24
-31
-31
-28
-24
-21
-17
-13
-11
-4
2
7
4
7
6
13
18
24
27
34
35
40
40
39
44
47
56
50
56
50
48
39
34
46
42
40
43
43
45
50
46
49
51
42
43
45
44
48
49
44
47
48
41
40
40
36
38
35
33
29
33
35
43
46
41
44
37
42
40
47
52
47
51
44
39
37
37
32
26
22
24
25
26
23
13
12
10
16
19
22
16
8
14
7
5
4
3
5
3
1
9
9
2
-1
-3
-5
-7
-13
-15
-22
-21
-13
-14
-15
-16
-20
-23
-25
-28
-31
-34
-37
-37
-41
-42
-45
-53
-50
-50
-51
-51
-49
-50
-52
-58
-56
-54
-52
-49
-46
-43
-51
-51
-50
-57
-51
-45
-44
-45
-47
-50
-50
-51
-54
-49
-49
-45
-46
-42
-40
-36
-38
-38
-35
-41
-40
-39
-36
-33
-33
-32
-32
-30
-29
-24
-19
-23
-17
-20
-27
-26
-23
-22
-14
-15
-10
-8
-3
5
2
8
3
6
-1
-1
-1
-6
-5
-5
2
-6
-8
-7
-5
-12
-19
-22
-23
-25
-26
-26
-33
-31
-33
-34
-44
-42
-41
-47
-53
-56
-59
-68
-65
-63
-60
-58
-57
-54
-55
-52
-47
-46
-45
-44
-49
-46
-46
-44
-36
-33
-30
-30
-29
-25
-24
-21
-21
-17
-12
-12
-13
-12
-3
1
12
13
10
14
12
15
19
16
18
15
10
17
21
29
30
26
20
26
29
33
32
20
19
17
17
17
13
13
11
16
16
8
6
6
6
5
0
2
9
7
10
16
19
20
20
22
18
21
24
25
24
23
29
22
31
33
32
34
29
33
39
38
38
40
39
40
41
43
46
44
47
51
51
52
48
38
28
27
31
34
30
32
34
32
31
34
34
32
30
30
27
24
24
22
20
18
20
21
20
16
23
25
24
24
16
16
14
11
5
5
4
5
9
8
5
7
11
12
13
14
11
22
23
25
22
17
26
26
25
22
20
20
25
25
22
24
26
28
24
20
24
23
22
28
22
21
18
21
24
20
15
9
10
9
2
5
5
-2
1
2
5
4
-1
-4
-5
-3
0
0
-6
0
-4
-6
-4
-4
-4
-4
-2
-3
2
3
2
4
1
-5
-2
1
4
4
10
14
13
9
2
-3
-3
-5
-8
-11
-9
-5
-5
-6
-11
-5
-6
-6
-5
-6
-4
-3
-3
-7
-9
-11
-17
-15
-12
-6
-12
-15
-18
-25
-26
-24
-24
-22
-21
-29
-24
-26
-36
-38
-41
-47
-51
-53
-54
-55
-51
-49
-51
-53
-49
-46
-49
-44
-43
-50
-51
-48
-49
-57
-53
-54
-48
-52
-48
-46
-48
-44
-55
-50
-51
-53
-52
-50
-44
-42
-37
-36
-28
-31
-32
-35
-36
-36
-34
-24
-31
-33
-36
-32
-32
-36
-41
-36
-32
-36
-26
-31
-30
-34
-31
-32
-33
-22
-29
-23
-19
-22
-23
-20
-14
-12
-7
-6
-1
0
0
3
-2
3
5
3
4
13
21
18
23
27
28
27
28
34
35
32
35
36
33
33
26
29
34
32
28
24
23
24
29
26
25
20
16
20
24
28
33
32
28
29
31
34
35
34
42
37
31
33
28
30
31
33
34
37
39
38
37
33
35
32
28
24
22
21
31
33
33
26
23
21
9
21
17
11
11
8
7
2
-1
-7
-13
-13
-16
-12
-9
-8
-6
-12
-13
-14
-15
-10
-8
-9
-13
-11
-11
-17
-14
-18
-16
-12
-16
-12
-6
-4
0
3
12
16
22
28
32
32
33
33
33
42
42
42
46
51
49
44
53
51
46
55
52
59
61
62
61
64
59
59
66
69
71
72
75
75
76
69
63
66
64
55
56
60
61
54
50
47
42
42
46
40
44
43
38
35
26
31
29
27
23
20
18
15
12
4
6
4
6
5
0
5
2
-1
0
0
-8
-10
-14
-19
-19
-16
-22
-20
-21
-24
-18
-20
-17
-23
-28
-23
-22
-24
-31
-34
-37
-43
-44
-43
-44
-43
-37
-35
-37
-24
-27
-36
-30
-32
-36
-45
-50
-49
-48
-53
-57
-59
-63
-65
-66
-67
-65
-67
-69
-66
-68
-71
-74
-68
-63
-61
-54
-54
-57
-54
-52
-47
-45
-46
-43
-45
-46
-44
-47
-41
-39
-41
-43
-41
-29
-31
-33
-28
-22
-12
-12
-13
-16
-22
-25
-26
-28
-29
-30
-29
-31
-34
-37
-34
-32
-30
-24
-23
-22
-16
-12
-13
-14
-13
-14
-16
-20
-26
-27
-27
-30
-23
-25
-29
-26
-22
-12
-10
-15
-16
-17
-15
-11
-10
-9
-10
-13
-11
-12
-13
-19
-22
-16
-15
-17
-20
-20
-16
-13
-17
-19
-14
-20
-8
1
-6
3
-7
-5
-3
-8
-2
-5
-4
1
1
3
11
16
17
18
18
13
15
17
14
8
2
3
0
1
-4
-2
-5
-12
-9
-14
-15
-7
-10
-9
-2
-3
2
3
6
15
10
11
14
13
12
12
12
8
12
17
18
22
24
27
34
39
41
52
58
52
61
64
64
63
60
64
57
54
52
60
59
51
51
55
55
49
55
58
57
58
60
60
60
61
60
59
56
59
60
58
57
51
47
49
50
51
52
44
47
48
48
49
46
48
41
38
33
32
29
28
25
26
29
24
18
7
7
10
6
6
4
6
8
11
12
14
7
0
8
6
-1
1
-3
-3
-7
-8
-1
-2
-2
-4
-1
-3
2
11
10
12
9
5
-3
-6
-5
-7
-6
-8
-9
-12
-13
-5
1
3
12
15
14
14
11
11
10
14
14
11
7
2
-1
-3
-8
-5
-10
-14
-10
-14
-14
-16
-18
-16
-19
-25
-19
-21
-18
-15
-18
-21
-30
-34
-31
-33
-35
-36
-44
-48
-46
-45
-44
-46
-51
-52
-52
-54
-48
-43
-43
-40
-46
-46
-42
-38
-28
-29
-26
-25
-26
-25
-23
-25
-22
-18
-16
-9
-6
-4
-7
-7
-11
-16
-21
-22
-19
-17
-19
-25
-30
-30
-33
-37
-37
-42
-42
-43
-43
-44
-43
-44
-42
-45
-50
-52
-54
-59
-61
-63
-68
-69
-63
-60
-54
-57
-58
-53
-58
-56
-48
-50
-50
-49
-48
-45
-41
-40
-40
-35
-36
-31
-26
-23
-22
-24
-17
-15
-10
-6
-4
2
3
7
15
23
25
26
26
28
29
29
26
27
34
31
29
29
31
36
38
38
40
44
47
52
53
53
57
53
50
56
57
66
60
56
55
47
49
44
46
43
42
39
32
29
24
18
14
23
26
25
30
30
26
23
22
14
11
9
9
11
19
26
28
27
18
23
21
22
15
16
17
16
23
20
17
9
7
10
8
9
10
6
8
10
3
0
0
-2
1
2
4
6
6
6
6
2
0
-1
-2
-3
-6
-3
-6
-5
-7
-14
-14
-8
-6
-10
-8
-7
-5
-6
-3
2
-1
4
5
2
-1
2
2
2
4
2
4
8
9
12
14
11
16
10
11
13
11
18
22
25
26
26
23
17
23
28
29
33
34
34
33
34
32
31
31
34
30
26
31
32
34
42
42
37
36
38
38
43
50
46
49
48
50
51
50
52
50
48
50
52
61
63
58
56
47
45
47
45
37
37
39
34
27
21
23
19
18
12
4
4
-7
-6
-10
-14
-13
-21
-19
-20
-22
-19
-26
-29
-26
-27
-32
-36
-32
-35
-38
-38
-40
-37
-32
-26
-30
-28
-22
-29
-23
-23
-26
-24
-27
-34
-34
-30
-26
-22
-24
-24
-20
-24
-20
-20
-20
-17
-18
-18
-16
-17
-14
-8
-10
-9
-11
-11
-9
-10
-8
-11
-18
-19
-19
-13
-9
-9
-6
-6
-6
-4
-5
-12
-16
-14
-11
-8
-9
-9
-10
-8
-13
-20
-24
-27
-29
-27
-27
-30
-37
-42
-43
-41
-41
-40
-41
-44
-47
-50
-42
-38
-33
-28
-27
-25
-28
-22
-22
-20
-21
-23
-24
-30
-22
-28
-23
-24
-26
-16
-15
-16
-18
-15
-8
-8
-1
7
5
8
1
2
-3
-3
7
5
6
4
-1
5
2
-3
-8
-10
-7
-8
-9
-10
-7
-4
-3
-7
-6
1
4
5
9
2
-2
2
2
-8
-15
-16
-19
-19
-25
-29
-28
-29
-29
-26
-30
-23
-21
-19
-23
-26
-30
-31
-29
-27
-26
-33
-34
-37
-41
-40
-42
-47
-53
-54
-51
-43
-38
-34
-38
-42
-43
-41
-35
-33
-29
-28
-26
-30
-28
-22
-20
-9
-13
-10
-5
-5
1
-1
-4
3
11
7
12
9
7
7
9
15
12
13
17
20
21
21
26
28
28
32
35
32
38
33
29
32
30
31
30
36
40
41
43
43
43
42
49
50
51
53
53
52
52
57
54
54
43
45
46
44
50
49
44
36
39
39
43
38
40
41
41
42
40
45
42
40
42
45
44
40
42
42
41
37
33
33
38
43
47
42
38
37
43
42
47
53
50
54
54
56
56
53
52
53
49
47
48
45
50
43
44
41
37
37
32
36
34
32
31
24
22
23
27
29
31
22
11
4
-7
-7
-9
-3
-5
-7
-12
-17
-18
-23
-31
-34
-36
-33
-40
-42
-39
-42
-36
-33
-32
-34
-29
-24
-20
-22
-22
-15
-15
-21
-18
-24
-21
-20
-22
-17
-24
-26
-25
-20
-20
-22
-21
-21
-17
-15
-10
-9
-12
-12
-16
-15
-10
-12
-6
-8
-15
-9
-10
-11
-16
-15
-19
-23
-21
-25
-26
-24
-27
-21
-24
-24
-22
-20
-18
-15
-18
-18
-18
-20
-23
-27
-28
-33
-36
-42
-52
-59
-58
-51
-47
-46
-43
-48
-45
-45
-42
-39
-39
-33
-34
-36
-46
-49
-47
-46
-44
-50
-50
-54
-54
-55
-51
-52
-51
-47
-47
-38
-36
-31
-33
-38
-39
-36
-32
-39
-42
-41
-32
-31
-32
-31
-35
-34
-33
-37
-36
-33
-31
-22
-22
-22
-23
-25
-25
-25
-20
-19
-13
-10
-13
-9
-11
-14
-18
-15
-13
-12
-4
-1
2
-4
-5
-3
-3
-4
-7
-7
0
4
7
10
13
12
13
12
6
7
9
13
17
19
13
10
10
10
10
15
11
11
11
12
15
14
16
13
12
15
18
21
17
19
18
17
25
28
26
28
27
26
28
23
22
12
11
11
18
26
26
31
31
26
22
22
18
19
21
20
16
18
22
23
20
15
21
24
36
36
33
32
29
31
36
39
35
41
40
47
46
49
44
38
36
33
38
35
34
34
34
33
33
37
38
43
47
58
57
58
61
58
67
68
70
69
69
72
69
70
67
61
58
58
59
59
58
57
62
65
65
61
52
48
46
45
43
38
38
36
29
26
21
21
20
20
18
17
9
12
3
-4
2
1
2
0
6
6
3
0
1
4
1
0
-1
-3
-1
3
2
-5
-9
-7
-9
-9
-9
-4
-1
-1
-2
-8
-3
2
2
4
0
-4
-4
-6
-10
-11
-13
-9
-7
-1
0
-2
-2
-5
-6
-6
-4
-4
-9
-8
-9
-9
-3
7
6
6
4
3
4
2
-6
-8
-14
-24
-26
-30
-35
-46
-51
-54
-60
-65
-69
-71
-83
-85
-96
-100
-98
-102
-102
-105
-103
-109
-110
-111
-109
-115
-108
-100
-101
-97
-102
-95
-90
-84
-74
-69
-71
-70
-64
-68
-73
-73
-70
-66
-63
-58
-49
-44
-39
-39
-38
-32
-34
-32
-31
-27
-22
-19
-18
-17
-12
-15
-13
-13
-11
-8
-5
-1
-1
3
4
7
8
12
20
22
25
26
24
16
10
9
5
4
7
9
5
10
5
5
0
-6
-4
-5
-2
-1
-4
-3
-1
-3
-6
-3
-3
1
6
3
3
-2
-2
-4
-3
-8
-14
-14
-15
-9
-11
-7
-10
-9
-8
-7
-7
-6
-2
-5
4
2
-4
-5
-5
-2
-2
-2
2
4
9
10
9
10
8
1
1
7
9
21
27
27
25
24
18
16
14
15
18
19
22
22
30
23
19
17
17
18
15
20
18
20
20
17
15
17
20
23
30
33
29
28
30
28
30
33
30
28
22
25
25
21
18
16
11
16
20
20
20
23
25
24
30
24
23
28
24
24
22
29
36
37
34
33
34
37
41
46
53
54
52
54
55
59
59
60
68
68
69
66
65
67
66
67
66
67
70
73
77
75
76
72
71
71
71
73
70
68
69
62
58
47
38
36
33
29
17
12
9
-2
-4
-5
-12
-12
-14
-15
-10
-14
-21
-20
-18
-19
-20
-15
-14
-15
-16
-16
-20
-29
-24
-25
-24
-20
-21
-21
-22
-24
-22
-23
-19
-20
-27
-19
-18
-18
-15
-13
-13
-17
-15
-14
-10
-12
-10
-10
-14
-9
-16
-18
-17
-12
-12
-9
-14
-17
-10
-10
-8
-5
-6
-10
-6
-14
-19
-20
-22
-18
-16
-16
-11
-9
-16
-9
-11
-12
-11
-13
-20
-24
-24
-28
-27
-27
-35
-39
-43
-45
-46
-50
-41
-39
-47
-46
-52
-55
-54
-53
-48
-53
-56
-58
-57
-57
-64
-59
-61
-62
-59
-54
-45
-45
-50
-51
-45
-47
-49
-48
-49
-47
-40
-38
-31
-30
-38
-36
-37
-41
-36
-33
-36
-25
-24
-26
-21
-22
-22
-22
-19
-15
-13
-15
-13
-6
-1
-2
5
11
8
11
11
12
13
15
11
10
4
-4
-1
-2
-2
1
-3
0
0
-12
-16
-11
-11
-19
-16
-14
-17
-22
-25
-26
-29
-33
-32
-27
-26
-26
-24
-23
-19
-26
-25
-23
-19
-19
-18
-15
-14
-7
-5
-3
7
10
6
9
17
22
21
18
19
24
28
32
34
35
30
30
30
35
34
34
39
42
47
44
45
46
42
46
48
46
49
49
52
42
39
36
32
36
36
40
41
38
40
44
39
38
41
40
43
43
45
46
46
45
35
37
37
26
31
30
26
25
24
20
15
18
16
19
24
23
24
24
25
29
29
22
28
29
29
29
26
27
23
26
28
27
32
33
30
27
29
28
25
24
23
23
21
29
31
27
21
22
24
16
26
27
28
31
37
41
42
43
36
39
37
34
34
39
37
34
29
32
24
21
31
31
33
31
28
31
29
32
32
33
34
33
32
34
31
22
22
15
14
10
7
6
4
3
1
-2
-11
-14
-18
-20
-20
-23
-27
-33
-32
-35
-37
-35
-30
-31
-29
-24
-27
-22
-17
-19
-18
-12
-10
-7
-1
-4
-10
-6
-6
-4
-2
-2
1
1
-2
-3
-3
-4
-7
-3
2
1
2
3
2
-5
-3
0
-1
-4
-7
-4
-2
-7
-8
-9
-11
-16
-21
-23
-25
-27
-31
-39
-39
-41
-46
-50
-52
-45
-47
-39
-41
-54
-52
-52
-55
-52
-52
-55
-49
-51
-49
-44
-42
-38
-35
-38
-39
-36
-31
-24
-21
-29
-28
-33
-34
-35
-39
-39
-36
-33
-36
-35
-40
-42
-39
-36
-34
-36
-40
-40
-35
-33
-32
-31
-29
-29
-26
-27
-25
-25
-23
-22
-20
-19
-21
-18
-21
-25
-29
-27
-25
-27
-26
-31
-27
-29
-31
-28
-35
-34
-36
-38
-36
-39
-40
-40
-48
-49
-46
-46
-47
-47
-45
-39
-42
-46
-48
-49
-48
-52
-48
-47
-47
-40
-37
-35
-27
-25
-19
-23
-23
-19
-26
-17
-11
-6
-4
-5
-6
-8
-5
-5
-7
-3
-6
-3
-1
2
11
12
15
20
20
23
23
24
24
24
28
31
37
40
41
41
46
47
49
51
48
53
52
50
50
52
53
52
55
59
63
59
56
53
54
55
56
59
62
58
56
52
51
55
52
50
52
49
51
51
52
51
47
42
38
40
40
37
35
36
37
31
27
31
31
30
21
26
32
37
39
34
37
30
33
37
34
39
42
41
48
46
45
45
45
48
49
47
46
42
40
41
43
47
48
50
50
51
51
51
47
47
46
49
46
45
48
46
51
48
43
37
35
32
29
32
28
19
17
15
13
13
9
8
9
10
7
8
8
4
5
5
-5
-12
-19
-21
-19
-18
-21
-23
-18
-17
-17
-23
-25
-24
-26
-20
-26
-31
-27
-29
-26
-25
-29
-31
-29
-33
-31
-31
-29
-25
-28
-26
-31
-37
-38
-41
-37
-37
-36
-34
-32
-30
-26
-30
-32
-28
-26
-28
-38
-32
-35
-29
-29
-31
-27
-29
-24
-25
-31
-26
-21
-24
-26
-27
-29
-33
-31
-32
-29
-27
-29
-33
-28
-26
-27
-25
-29
-26
-23
-22
-21
-20
-25
-27
-28
-33
-33
-40
-48
-45
-46
-53
-54
-50
-53
-53
-49
-51
-52
-50
-52
-50
-58
-60
-59
-64
-63
-64
-61
-64
-60
-60
-63
-62
-65
-62
-64
-63
-61
-62
-56
-55
-56
-51
-54
-49
-47
-43
-38
-39
-33
-33
-29
-24
-20
-11
-15
-16
-10
-12
-12
-6
-2
2
1
3
4
5
13
10
14
17
16
13
14
18
21
22
24
24
22
20
20
20
22
19
21
26
24
22
20
18
16
18
19
22
19
21
21
19
18
8
4
0
3
11
10
10
16
14
11
8
9
4
0
3
4
13
20
20
20
22
23
25
28
32
34
39
45
42
42
43
42
41
44
48
44
43
48
49
43
39
38
38
40
48
51
52
57
57
62
70
68
68
69
73
70
69
70
65
61
62
58
58
56
55
56
57
56
50
42
37
33
25
28
30
29
30
26
24
20
18
22
21
25
23
19
25
16
19
24
21
21
17
15
16
13
4
7
4
7
12
8
7
14
14
11
16
14
17
22
18
11
7
3
4
7
9
4
3
6
4
7
8
8
6
4
5
3
6
3
2
5
7
9
6
5
0
-1
-3
-2
1
-2
-3
-6
-3
-6
-5
-3
-1
2
2
-1
-1
-4
-14
-15
-17
-18
-18
-24
-30
-30
-27
-28
-28
-27
-28
-25
-24
-26
-26
-28
-33
-35
-37
-29
-30
-33
-33
-34
-41
-38
-41
-42
-34
-35
-36
-32
-31
-37
-34
-43
-42
-41
-36
-32
-34
-32
-35
-29
-29
-32
-28
-34
-31
-28
-26
-27
-27
-19
-16
-11
-8
-6
-12
-15
-13
-13
-12
-18
-16
-22
-22
-19
-25
-16
-13
-10
-12
-12
-7
-10
-11
-3
-3
0
2
1
5
4
4
-4
-8
-6
-9
-7
-4
-8
-10
-15
-19
-25
-29
-31
-34
-30
-29
-33
-29
-26
-30
-31
-35
-36
-38
-41
-35
-38
-35
-33
-31
-24
-24
-26
-26
-26
-26
-27
-25
-25
-26
-23
-20
-19
-21
-22
-28
-29
-27
-24
-24
-18
-17
-16
-12
-13
-8
-6
1
1
1
2
3
2
6
6
5
8
12
14
21
23
21
22
24
32
34
34
30
33
34
33
35
28
29
24
18
17
10
14
10
6
1
-2
-5
-11
-10
-10
-9
-7
-11
-12
-15
-16
-21
-29
-31
-26
-20
-18
-25
-25
-20
-20
-19
-18
-12
-8
-4
-3
-6
-7
-8
-6
-3
-1
4
5
6
3
6
8
11
14
9
10
9
14
17
18
18
16
18
22
25
28
33
33
29
30
31
34
30
31
42
42
45
48
50
46
45
46
42
43
42
45
50
46
46
51
51
46
48
50
49
50
42
37
32
31
27
25
29
22
25
23
21
23
22
26
21
23
16
13
21
18
14
13
9
4
3
3
5
8
14
10
7
7
9
10
14
17
23
28
26
24
16
14
7
11
15
14
11
4
6
7
11
7
4
7
8
5
5
6
7
5
3
2
3
5
2
3
7
9
4
5
0
5
5
-1
2
-3
-4
-4
-3
-6
-5
-5
-10
-5
-5
-3
-4
-2
-9
-10
-9
-12
-15
-23
-26
-30
-32
-29
-30
-26
-28
-35
-30
-31
-32
-28
-28
-26
-27
-28
-29
-31
-29
-29
-23
-14
-13
-2
-1
-3
0
-2
-3
-2
-2
-2
-3
-3
-7
-6
-7
-7
2
6
4
4
9
8
12
14
14
21
24
23
24
23
22
20
20
12
6
6
1
1
-1
1
6
1
-4
-10
-8
-5
-11
-9
-6
-6
-4
-7
-7
-9
-14
-18
-27
-31
-33
-28
-30
-33
-37
-37
-38
-39
-36
-45
-42
-39
-41
-43
-43
-46
-46
-41
-46
-42
-42
-48
-46
-47
-48
-49
-48
-45
-46
-46
-46
-49
-47
-46
-50
-48
-49
-48
-48
-48
-49
-45
-48
-50
-50
-54
-46
-43
-43
-38
-38
-36
-29
-26
-24
-27
-24
-20
-18
-12
-11
-9
-2
1
0
4
9
11
8
1
9
10
5
6
10
14
13
13
12
10
9
5
11
15
16
24
22
19
14
14
21
21
18
18
18
19
18
18
21
25
31
31
34
32
32
29
31
35
34
36
37
46
46
53
55
53
53
50
57
55
58
53
44
43
41
40
39
42
42
40
46
48
42
45
41
38
39
42
51
53
58
61
59
54
54
51
55
57
57
58
56
56
53
51
47
45
38
35
35
35
36
30
30
26
20
14
12
14
9
6
6
1
-3
-4
2
2
8
11
11
11
11
10
13
14
16
23
19
22
17
17
23
20
18
17
15
14
11
9
4
8
13
9
14
12
12
10
14
12
12
12
15
19
19
21
24
26
23
24
24
22
16
12
9
4
-1
-4
-5
-6
-12
-11
-7
-11
-6
-4
-7
-2
0
6
4
4
7
3
-2
-1
0
3
4
2
5
0
-2
-1
2
2
-2
-4
-4
-8
-10
-16
-14
-10
-13
-15
-19
-13
-15
-16
-8
-9
-7
-2
2
1
-8
-16
-14
-22
-17
-16
-19
-23
-26
-20
-22
-25
-28
-28
-26
-33
-37
-39
-40
-41
-46
-44
-40
-37
-32
-36
-41
-38
-36
-37
-34
-41
-45
-48
-44
-43
-39
-47
-55
-56
-56
-58
-60
-55
-59
-58
-59
-58
-55
-60
-64
-61
-62
-62
-58
-62
-60
-57
-61
-57
-61
-62
-63
-59
-59
-67
-67
-71
-70
-65
-62
-63
-64
-59
-61
-61
-61
-62
-60
-63
-60
-59
-53
-48
-39
-30
-26
-18
-21
-22
-22
-16
-15
-12
-11
-18
-11
-9
-5
-8
-15
-11
-3
5
10
17
19
24
22
19
23
25
29
34
42
42
43
42
38
41
50
56
56
53
51
43
34
39
35
32
30
28
26
25
20
13
12
9
10
3
1
-3
-5
-2
0
5
2
1
-2
-1
4
-6
-5
-1
-5
1
0
2
2
1
1
4
0
2
0
5
6
6
8
9
16
21
26
27
34
35
41
47
45
52
53
48
49
51
48
56
62
60
66
68
70
65
58
59
64
61
63
71
69
74
72
67
63
62
65
65
65
68
63
63
61
53
56
59
56
52
49
48
44
39
35
23
25
28
23
19
12
13
12
10
4
9
6
4
3
-5
0
-1
2
5
7
8
4
2
1
1
8
8
6
10
10
12
12
8
11
11
13
15
15
15
13
13
16
13
8
17
16
13
13
13
10
14
15
14
19
15
19
16
8
4
0
-3
-3
-6
-10
-12
-14
-19
-19
-24
-25
-25
-27
-26
-27
-32
-36
-37
-40
-39
-36
-39
-41
-36
-36
-38
-42
-47
-50
-45
-51
-53
-56
-53
-51
-50
-51
-49
-48
-52
-54
-54
-49
-50
-45
-44
-43
-47
-48
-49
-50
-45
-43
-42
-39
-34
-35
-40
-37
-35
-36
-33
-28
-28
-27
-21
-24
-24
-21
-25
-25
-22
-21
-16
-8
-9
-9
-14
-11
-7
-9
-4
-6
-1
2
3
10
8
5
0
-6
-5
-3
-4
-3
-1
6
4
4
4
-1
2
4
7
0
1
-1
-8
-12
-16
-17
-23
-26
-23
-23
-23
-22
-24
-22
-27
-27
-26
-28
-27
-31
-30
-28
-25
-26
-26
-29
-28
-25
-20
-21
-22
-16
-19
-20
-21
-17
-16
-19
-19
-12
-14
-17
-17
-17
-18
-22
-18
-13
-11
-11
-16
-21
-15
-18
-13
-8
-1
4
3
14
14
12
12
10
7
8
15
18
14
15
14
14
10
4
5
3
7
10
14
13
13
17
20
20
14
13
12
11
11
8
8
7
-3
7
15
6
11
7
9
9
14
14
11
17
18
20
21
22
30
35
33
42
42
47
49
51
56
58
58
59
67
64
70
71
73
77
75
76
71
71
69
68
63
64
66
64
74
65
66
66
65
63
60
60
62
62
59
60
54
52
44
40
38
38
36
33
33
30
28
28
26
19
16
15
17
19
17
14
8
1
-2
-4
-9
-5
-2
-4
1
-1
-9
-9
-6
-6
-4
0
-2
-6
-10
-11
-14
-7
-7
-7
-2
-5
-3
-13
-15
-12
-11
-9
-9
-10
-11
-13
-13
-12
-13
-10
-15
-13
-21
-23
-17
-12
-13
-14
-13
-20
-21
-25
-30
-29
-34
-33
-39
-38
-36
-40
-38
-42
-39
-38
-33
-33
-33
-31
-35
-34
-34
-32
-31
-24
-19
-24
-23
-27
-28
-22
-26
-21
-17
-21
-21
-22
-23
-16
-19
-15
-11
-9
-10
-9
-5
-8
-4
0
7
4
6
5
4
7
10
11
11
9
5
8
11
14
8
4
3
-3
-9
-8
-11
-17
-12
-14
-16
-17
-21
-19
-23
-18
-18
-14
-14
-13
-11
-8
-8
-10
-9
-13
-8
-11
-2
0
-4
1
0
-1
0
5
5
7
2
7
5
1
-7
-3
-9
-18
-15
-17
-18
-19
-20
-25
-20
-24
-25
-25
-22
-20
-23
-24
-29
-28
-23
-20
-25
-26
-24
-31
-33
-39
-44
-49
-52
-62
-66
-63
-64
-63
-65
-65
-62
-62
-61
-54
-50
-45
-47
-48
-46
-54
-53
-43
-46
-48
-42
-40
-39
-34
-31
-28
-27
-23
-18
-21
-18
-14
-8
-8
-17
-13
-6
-6
-4
-6
-5
1
7
6
11
11
7
9
16
24
21
23
17
10
11
15
19
17
17
23
24
35
35
31
36
35
40
46
44
44
42
37
42
42
36
36
31
34
33
35
33
26
30
32
36
34
29
30
29
27
30
28
32
32
39
37
29
28
23
21
21
22
25
26
24
33
33
33
34
37
37
33
30
29
32
31
30
27
25
23
20
17
21
23
19
21
21
17
19
21
22
25
24
25
25
23
21
21
21
29
25
21
23
17
21
15
16
26
28
26
23
20
19
11
8
11
10
6
11
18
23
24
20
24
21
16
15
17
14
18
17
14
13
9
15
15
13
9
5
6
3
5
-1
5
7
10
13
7
2
-5
-2
-3
-4
5
4
3
6
0
2
-8
-8
-7
-8
-4
-7
-7
-9
-3
-4
-1
-4
-12
-7
-12
-6
-3
-3
-3
-5
-5
-2
5
-2
4
9
2
-2
-4
-7
-9
-3
-10
-10
-4
-5
-2
-1
0
-2
3
-5
-4
-2
-1
4
4
10
13
13
15
14
15
17
16
17
17
23
18
14
9
-1
0
-2
-3
-3
-6
-10
-10
-11
-12
-21
-27
-29
-29
-37
-41
-36
-38
-42
-42
-44
-45
-45
-46
-47
-51
-54
-58
-60
-59
-59
-58
-61
-60
-60
-63
-59
-61
-57
-54
-53
-52
-56
-54
-53
-57
-62
-63
-68
-68
-68
-66
-58
-55
-52
-49
-47
-45
-39
-41
-38
-32
-28
-27
-29
-22
-28
-27
-28
-27
-26
-25
-25
-28
-26
-28
-29
-24
-16
-15
-12
-12
-13
-12
-12
-14
-16
-14
-7
-3
-5
3
1
-3
-8
-16
-12
-15
-16
-9
-1
8
7
11
10
11
12
12
18
14
16
18
18
19
15
14
17
17
23
28
28
30
24
27
23
19
17
10
16
19
24
24
23
21
17
12
8
16
17
16
22
21
22
22
19
20
17
22
32
36
35
34
33
28
36
31
39
37
35
43
40
45
45
42
44
45
49
50
50
52
49
47
43
40
41
40
36
39
43
40
38
35
33
33
35
33
34
33
23
29
24
20
20
12
21
21
24
21
20
18
18
18
14
17
18
23
23
25
32
36
38
39
45
52
55
54
56
47
52
53
47
47
45
51
55
55
55
59
55
55
54
50
55
56
55
61
57
54
54
56
57
56
54
51
50
49
50
47
47
50
46
41
30
23
17
18
15
5
2
2
-4
-12
-13
-23
-28
-28
-32
-34
-34
-34
-40
-45
-45
-45
-47
-43
-46
-54
-51
-51
-57
-58
-58
-56
-47
-50
-50
-52
-51
-46
-49
-42
-42
-44
-41
-33
-32
-29
-30
-32
-30
-34
-29
-27
-28
-30
-28
-32
-31
-30
-31
-29
-27
-24
-22
-23
-20
-18
-19
-19
-25
-30
-29
-29
-29
-27
-30
-34
-35
-33
-29
-29
-28
-33
-36
-31
-32
-30
-33
-35
-44
-43
-45
-46
-42
-47
-48
-51
-54
-61
-65
-65
-61
-67
-68
-63
-64
-63
-58
-56
-53
-52
-59
-58
-53
-49
-47
-39
-39
-29
-13
-16
-16
-11
-13
-18
-17
-20
-21
-19
-22
-15
-15
-15
-17
-23
-25
-18
-20
-31
-29
-24
-27
-31
-28
-28
-27
-25
-29
-33
-30
-34
-27
-26
-28
-33
-31
-26
-25
-25
-27
-25
-23
-23
-22
-21
-25
-25
-29
-26
-27
-28
-26
-29
-19
-12
-8
-6
-10
-11
-10
-7
-5
1
4
10
16
17
16
20
22
26
29
27
33
35
38
43
45
52
56
59
61
63
72
74
77
79
80
80
81
85
84
89
93
90
90
84
88
89
86
90
90
86
88
87
85
82
77
75
74
72
68
72
70
68
64
61
58
54
46
36
33
38
34
29
29
24
23
19
20
16
12
16
12
7
4
5
4
2
-2
-7
-8
-15
-14
-14
-14
-6
-9
-6
-5
-3
-6
-7
-8
-14
-17
-16
-13
-8
-8
-7
-11
-11
-8
-7
-1
-2
2
3
12
18
15
15
19
20
20
21
26
25
21
22
14
9
7
2
2
7
5
4
-1
-1
-4
-5
-6
-8
-13
-7
-10
-6
4
-2
-2
-6
-16
-13
-15
-16
-13
-20
-22
-19
-19
-23
-24
-25
-23
-21
-25
-21
-15
-20
-21
-17
-12
-11
-9
-10
-10
-11
-10
-10
-18
-13
-10
-12
-11
-10
-4
-1
-4
0
3
9
9
12
11
13
13
15
17
21
24
16
22
23
25
29
23
18
15
14
10
10
11
10
2
-2
-3
-6
-10
-13
-7
-13
-12
-20
-25
-27
-31
-28
-32
-28
-29
-34
-37
-41
-38
-36
-41
-43
-45
-42
-48
-50
-48
-58
-58
-53
-50
-51
-55
-52
-57
-61
-66
-70
-71
-75
-73
-78
-77
-75
-74
-69
-75
-77
-71
-70
-72
-68
-60
-59
-62
-59
-56
-55
-50
-45
-40
-40
-31
-29
-24
-20
-22
-22
-16
-7
-5
5
14
13
19
24
21
24
28
24
31
33
36
40
33
32
38
39
34
29
36
40
39
40
44
44
42
43
36
35
36
39
41
42
50
43
43
43
40
34
29
27
24
24
20
20
24
23
17
14
18
24
21
14
14
19
17
14
8
5
10
7
8
12
11
8
4
2
3
9
8
14
16
17
26
29
32
36
35
37
36
35
43
40
38
36
32
34
35
33
35
34
32
26
22
19
16
16
15
17
15
18
17
19
20
14
14
10
7
2
-5
-6
-7
-8
-12
-11
-12
-18
-18
-15
-12
-9
-17
-16
-19
-21
-17
-13
-11
-11
-5
-5
-1
-1
0
0
1
1
2
7
8
11
15
9
1
3
2
0
5
4
5
0
2
11
13
10
8
14
19
23
24
27
25
27
34
39
36
31
37
37
40
31
26
27
21
31
32
28
22
22
26
28
33
23
21
11
12
17
15
11
5
0
-1
-1
-4
-9
-6
-4
-8
-8
-16
-17
-19
-18
-17
-18
-22
-29
-27
-33
-31
-30
-31
-39
-38
-32
-32
-24
-35
-35
-34
-36
-32
-30
-32
-28
-26
-27
-28
-29
-22
-21
-17
-11
-9
-14
-16
-11
-11
-7
-4
-4
-5
0
3
6
2
-5
0
3
9
12
9
12
16
11
16
16
9
9
8
3
-1
-1
-5
-5
0
-1
-4
-6
-13
-14
-19
-26
-25
-33
-29
-25
-32
-31
-30
-28
-24
-23
-25
-29
-33
-34
-32
-36
-38
-36
-40
-42
-36
-30
-30
-28
-29
-27
-29
-22
-19
-20
-16
-15
-22
-20
-22
-21
-19
-25
-25
-24
-16
-14
-7
-6
-10
-5
-3
-1
2
0
6
6
10
8
10
12
8
14
18
21
16
17
19
14
16
15
12
11
6
8
8
6
0
0
0
-5
-2
-5
-6
-5
-9
-10
-10
-8
-9
-12
-10
-8
-6
-12
-13
-13
-12
-9
-7
-1
-8
-4
-1
-4
-3
-6
-10
-13
-11
-7
-7
-10
-14
-21
-21
-23
-22
-25
-23
-20
-18
-14
-12
-14
-24
-18
-17
-15
-12
-12
-8
-5
-4
-4
0
-8
-8
-3
-6
1
-2
4
6
2
7
11
11
11
11
14
11
11
16
13
16
22
17
17
19
15
15
23
19
12
15
9
10
16
12
10
10
13
13
14
11
16
20
18
21
23
31
30
28
28
22
21
19
24
22
22
22
21
17
15
23
22
25
30
27
22
27
21
21
18
11
12
9
11
13
15
8
11
11
7
9
5
8
9
10
8
3
1
-1
-5
-4
-2
-7
-7
-4
-6
-6
-7
-15
-20
-22
-15
-11
-8
-7
-5
-3
-4
-3
-4
-2
4
0
4
7
6
10
11
12
7
3
6
15
19
20
25
26
19
16
13
15
16
15
12
15
19
13
14
11
13
18
19
18
17
15
15
17
12
17
12
14
14
12
18
15
7
2
5
6
6
4
5
-1
1
5
2
0
1
-1
1
3
-1
-1
-4
-4
-7
-12
-12
-8
-7
-8
-7
-11
-12
-14
-16
-14
-17
-16
-9
-11
-6
-2
-2
2
-1
-2
0
-9
-2
4
4
0
2
3
1
2
-3
0
4
4
11
17
17
15
8
4
2
0
-1
1
1
0
-3
-7
-11
-15
-14
-19
-22
-22
-17
-12
-15
-16
-19
-19
-21
-23
-29
-27
-28
-30
-25
-26
-33
-39
-39
-37
-35
-26
-27
-32
-31
-28
-26
-29
-31
-30
-30
-27
-21
-25
-29
-26
-26
-28
-31
-34
-34
-34
-30
-33
-34
-30
-30
-33
-30
-27
-26
-20
-19
-16
-18
-15
-10
-5
1
0
-3
-2
0
0
2
4
10
15
13
18
20
18
20
20
20
22
23
17
13
14
16
18
18
15
10
8
8
12
9
3
-5
-6
-6
-6
-6
-11
-10
-8
-7
-7
-6
-8
-4
-6
-5
-3
-8
-9
-16
-13
-8
-13
-14
-22
-16
-6
-15
-14
-13
-18
-16
-15
-8
-2
1
1
6
12
14
18
20
21
22
22
24
25
34
32
34
33
32
39
40
45
47
48
44
46
41
45
43
36
44
40
36
33
37
33
35
34
29
30
33
33
28
31
32
29
24
22
21
26
22
20
18
20
21
19
23
19
20
12
11
6
4
6
6
10
11
11
10
17
16
19
21
25
24
23
26
18
21
13
19
24
22
27
24
32
33
34
36
40
40
41
40
36
37
38
42
44
43
43
45
46
46
47
48
45
42
42
41
40
44
37
38
38
40
41
30
26
22
18
19
10
6
7
1
-1
-8
-9
-15
-16
-14
-17
-22
-26
-28
-28
-28
-32
-31
-32
-29
-26
-28
-31
-35
-44
-46
-45
-47
-45
-46
-50
-49
-52
-58
-58
-56
-55
-57
-64
-65
-64
-63
-64
-62
-56
-55
-54
-56
-46
-47
-45
-38
-38
-36
-36
-34
-31
-25
-20
-18
-13
-10
-10
-4
-1
1
-3
-7
-3
-1
-4
-6
-9
0
0
-3
1
0
-1
-9
-8
-10
-17
-19
-21
-21
-21
-24
-31
-42
-43
-42
-44
-45
-47
-45
-44
-44
-42
-41
-41
-32
-32
-31
-37
-37
-32
-33
-25
-26
-25
-26
-22
-20
-21
-18
-20
-23
-25
-19
-13
-21
-18
-16
-19
-18
-16
-13
-15
-8
-12
-8
-8
-7
-2
2
2
0
1
2
11
13
20
23
21
22
20
21
16
12
15
12
9
8
3
4
2
-4
-6
-10
-13
-13
-7
-10
-2
1
-2
0
-4
-2
-3
4
8
8
6
2
5
3
-1
5
9
6
13
14
10
10
12
9
12
20
22
18
16
15
14
14
12
11
14
15
14
14
10
3
0
-3
0
0
1
3
0
-1
2
4
0
-2
-3
1
4
1
7
16
17
17
21
21
27
25
29
37
39
47
46
47
48
47
47
53
49
51
49
54
59
55
59
55
64
62
66
67
70
73
63
64
55
53
46
44
42
41
46
43
41
34
35
27
19
17
13
19
20
17
17
11
5
-7
-8
-2
-6
-3
-4
-18
-23
-24
-31
-28
-30
-31
-21
-23
-26
-29
-36
-41
-44
-46
-52
-50
-49
-48
-45
-41
-33
-26
-23
-19
-18
-12
-8
-5
-1
4
13
16
20
24
28
30
33
36
39
37
43
51
51
52
51
52
46
48
50
50
47
43
43
37
37
30
29
26
20
17
11
8
8
2
1
-2
-9
-16
-18
-15
-16
-17
-20
-21
-20
-17
-20
-25
-33
-35
-34
-38
-37
-41
-40
-37
-40
-41
-39
-43
-41
-41
-45
-34
-41
-46
-39
-35
-32
-40
-36
-39
-40
-37
-38
-32
-29
-26
-24
-18
-16
-15
-17
-21
-21
-16
-15
-14
-10
-9
-6
-8
-5
-3
-3
-6
-7
-8
-9
-8
-11
-12
-11
-16
-11
-9
-14
-15
-19
-22
-23
-28
-31
-36
-33
-28
-31
-27
-32
-34
-33
-38
-37
-35
-42
-44
-37
-38
-39
-34
-38
-43
-50
-48
-46
-55
-47
-38
-40
-35
-35
-35
-33
-32
-29
-27
-26
-25
-22
-18
-16
-5
3
3
-1
3
3
13
21
18
20
26
30
29
28
28
30
32
39
44
45
45
49
48
46
48
52
51
52
49
52
58
60
60
57
53
47
45
44
46
43
44
44
37
35
29
18
10
9
10
12
12
7
4
-1
-2
-1
-6
-8
-9
-11
-15
-18
-18
-25
-24
-30
-27
-24
-31
-26
-33
-35
-33
-35
-36
-42
-38
-26
-22
-13
-10
-14
-14
-9
-7
-7
-5
-3
0
-2
-1
8
10
10
10
4
7
9
16
17
23
28
31
37
37
39
41
43
41
42
47
47
46
47
48
53
51
43
41
42
45
45
41
36
31
30
34
39
36
33
32
28
33
31
33
37
36
36
36
39
42
39
42
48
51
50
42
41
52
48
42
48
42
42
40
38
28
24
24
21
22
21
24
25
23
20
15
10
10
7
4
1
-2
-2
-3
-2
-8
-7
-7
-9
-11
-8
-4
-3
-1
-3
-3
3
-3
-1
-3
-2
2
3
5
8
11
3
-3
-6
-12
-12
-6
-4
-3
2
-4
-12
-18
-18
-25
-19
-12
-20
-19
-17
-20
-21
-25
-29
-31
-35
-35
-39
-36
-40
-38
-41
-38
-35
-42
-43
-45
-45
-48
-50
-47
-44
-43
-48
-45
-48
-47
-43
-43
-38
-36
-42
-45
-39
-41
-47
-41
-40
-45
-47
-47
-47
-42
-47
-43
-35
-36
-40
-43
-43
-40
-36
-27
-27
-31
-21
-22
-20
-15
-15
-19
-21
-23
-22
-21
-28
-26
-29
-30
-26
-34
-29
-26
-28
-29
-29
-23
-27
-27
-25
-21
-24
-19
-20
-26
-28
-27
-26
-24
-24
-26
-22
-27
-24
-22
-18
-11
-15
-16
-21
-19
-16
-18
-16
-13
-9
-9
-12
-10
-12
-16
-15
-15
-17
-16
-10
-10
-13
-13
-10
-6
-9
-12
-11
-18
-18
-20
-19
-20
-23
-19
-17
-12
-8
-14
-11
-15
-15
-16
-16
-14
-9
-8
-12
-6
-14
-7
-3
-1
2
2
2
2
5
11
10
13
19
20
26
27
27
24
26
29
32
34
31
29
26
30
37
38
38
37
38
34
36
36
36
42
47
49
43
39
40
40
42
38
33
35
31
31
32
27
24
23
17
16
18
20
19
16
15
14
25
23
26
29
32
38
34
34
31
31
31
32
33
38
40
39
49
47
45
40
37
39
36
40
42
38
35
34
32
30
34
36
35
32
38
38
36
43
39
36
36
28
24
25
26
36
37
35
33
28
20
18
20
17
17
18
18
22
18
17
12
10
13
11
7
3
7
2
-5
-6
0
2
0
3
4
6
8
7
5
1
4
7
0
0
-2
-6
-8
-5
-4
-1
1
5
13
16
13
8
14
12
14
18
14
20
12
9
6
-1
5
3
3
0
0
-2
-6
-8
-11
-12
-13
-8
-10
-9
-11
-16
-18
-18
-16
-19
-20
-24
-20
-18
-22
-28
-37
-34
-40
-41
-43
-47
-49
-47
-44
-44
-46
-56
-51
-56
-59
-63
-69
-64
-65
-65
-68
-72
-72
-72
-67
-68
-65
-64
-64
-56
-55
-60
-58
-59
-55
-58
-57
-50
-50
-53
-58
-51
-54
-52
-48
-49
-49
-45
-40
-38
-36
-39
-43
-45
-43
-51
-52
-46
-40
-36
-32
-34
-36
-31
-31
-29
-35
-31
-25
-25
-24
-19
-18
-20
-17
-15
-13
-11
-11
-4
3
3
7
9
9
8
11
13
18
19
17
18
21
24
21
30
32
26
27
31
34
37
44
45
40
43
48
47
49
56
49
51
51
51
53
51
52
50
49
53
52
46
42
39
30
24
23
23
25
22
17
7
1
0
0
-3
-3
-2
1
1
-1
1
-1
-3
-5
-7
-6
-10
-10
-9
-6
-4
-6
-1
2
4
14
11
11
11
11
15
13
17
21
20
20
20
12
13
14
13
18
24
30
32
32
34
29
20
19
20
28
30
29
30
29
30
30
31
27
24
24
21
26
27
25
30
24
25
21
21
24
18
20
18
17
18
16
12
10
16
18
17
19
20
25
33
34
39
37
32
31
35
30
29
31
30
33
31
40
50
50
46
43
42
44
44
41
44
43
44
42
37
38
39
40
36
36
40
40
39
32
33
29
23
26
17
20
18
16
19
22
23
17
17
20
19
14
9
11
6
1
3
2
0
-4
-6
1
-1
-11
-16
-18
-13
-14
-15
-16
-19
-25
-28
-33
-33
-30
-30
-28
-29
-22
-24
-23
-19
-21
-18
-23
-31
-36
-36
-38
-37
-33
-34
-32
-32
-41
-49
-50
-50
-54
-57
-56
-58
-58
-60
-63
-59
-59
-58
-62
-63
-68
-62
-66
-68
-60
-64
-61
-63
-56
-57
-61
-60
-61
-60
-60
-58
-53
-52
-53
-42
-42
-45
-43
-40
-35
-31
-27
-35
-33
-32
-32
-31
-29
-35
-41
-38
-37
-36
-39
-38
-33
-39
-42
-40
-45
-42
-35
-35
-34
-36
-37
-36
-36
-29
-26
-26
-23
-20
-16
-10
-11
-10
-1
-8
-9
-4
-2
6
7
14
15
20
19
19
26
26
27
26
25
24
23
19
21
25
29
31
30
21
19
26
28
33
38
32
29
23
20
24
23
23
28
26
21
21
15
12
14
21
20
21
20
16
17
17
10
4
4
1
3
4
1
-4
-4
-8
-8
-8
-9
-11
-8
-7
-5
-8
-13
-13
-23
-21
-20
-21
-16
-14
-9
-8
-8
-3
2
5
3
7
12
15
21
20
16
17
17
19
19
15
14
13
15
16
13
14
17
24
24
24
30
32
35
38
38
45
46
43
43
45
44
48
45
41
43
39
42
41
37
38
35
34
33
29
31
23
17
18
14
8
6
3
-3
-4
-3
-3
-4
0
0
5
7
2
-3
0
5
12
12
15
14
11
12
7
16
15
14
22
25
27
26
28
27
30
30
31
31
33
37
35
30
31
29
31
34
34
37
39
39
39
40
31
34
34
30
33
33
30
30
29
21
20
18
14
11
10
8
5
5
2
1
3
2
2
1
-4
-1
-4
-9
-17
-21
-22
-24
-31
-37
-42
-45
-45
-57
-62
-65
-61
-53
-54
-55
-60
-56
-55
-58
-57
-58
-58
-52
-52
-44
-42
-41
-36
-33
-31
-35
-33
-30
-30
-27
-21
-21
-23
-19
-21
-18
-15
-20
-22
-19
-18
-9
0
1
-2
-6
-11
-11
-5
4
2
-4
6
0
-5
-1
1
-1
-7
-8
-10
-14
-15
-15
-14
-16
-15
-10
-7
-8
-6
-6
-8
-13
-13
-14
-14
-9
-13
-13
-19
-16
-16
-17
-24
-24
-21
-23
-17
-14
-13
-14
-13
-14
-14
-16
-20
-21
-12
-5
-4
-5
-7
-7
-8
-14
-18
-13
-18
-14
-9
-11
-7
-10
-12
-16
-14
-17
-19
-17
-20
-14
-11
-16
-19
-10
-6
-7
-5
-2
-2
-5
-5
-6
1
0
12
12
6
14
8
11
8
6
7
10
13
12
9
8
16
12
11
15
9
12
10
8
7
5
7
1
0
9
10
14
19
16
18
21
20
21
30
30
28
33
25
26
27
27
27
27
35
33
29
36
35
36
34
32
33
28
27
28
27
24
26
28
26
34
29
33
31
29
27
28
36
36
34
33
33
34
41
38
42
43
36
34
30
29
26
21
19
16
14
16
19
20
23
26
21
17
12
11
7
4
0
1
0
-6
0
2
3
0
3
-2
-4
0
-8
-6
-5
-7
-13
-13
-11
-16
-14
-15
-14
-17
-20
-11
-14
-16
-17
-22
-22
-23
-22
-23
-17
-15
-14
-12
-11
-13
-20
-24
-19
-10
-4
-2
-2
4
6
9
4
3
9
12
13
12
17
18
20
21
24
26
21
26
27
27
29
31
31
33
40
42
38
41
40
44
46
42
47
50
48
48
48
44
43
41
37
35
35
34
29
32
30
29
23
20
16
9
2
-7
-13
-19
-23
-23
-25
-32
-34
-40
-41
-40
-43
-43
-39
-39
-45
-45
-41
-43
-41
-45
-39
-35
-38
-30
-30
-26
-28
-21
-17
-16
-7
-2
1
4
11
12
16
9
8
7
4
5
-3
3
-5
-4
-16
-10
-24
-10
-22
-50
64
-24
-43
46
-14
-47
-19
5
-23
-7
11
-10
-35
-2
-20
-35
-13
-26
-8
-34
-28
-26
-45
-39
-40
-25
-29
-35
-31
-36
-36
-27
-33
-32
-38
-36
-36
-36
-35
-47
-27
-39
-53
-34
-36
-48
-40
-37
-40
-29
-33
-36
-33
-35
-31
-27
-31
-31
-26
-23
-23
-22
-11
-16
-21
-11
-9
-4
-4
-4
0
0
-3
-5
-3
-1
-1
2
9
12
16
10
9
14
13
19
21
27
26
22
20
26
23
17
16
7
14
9
5
5
2
3
2
2
-1
-5
-4
-6
-10
-8
-14
-9
-6
-16
-24
-22
-14
-27
-22
-13
-23
-25
-21
-35
-32
-15
-30
-28
-25
-30
-28
-18
-21
-27
-17
-19
-27
-20
-20
-23
-22
-24
-18
-11
-11
-5
1
6
9
10
18
8
12
15
19
29
23
25
27
29
29
24
28
27
27
36
42
42
43
46
44
47
54
58
55
50
49
45
41
43
43
45
42
41
41
32
32
24
25
28
27
33
29
28
25
20
14
10
11
0
2
7
4
-2
-8
-4
-10
-9
-8
-9
-1
3
3
1
-1
3
2
3
5
2
4
6
11
1
1
6
0
4
4
8
8
13
22
21
23
26
29
33
35
31
30
32
29
34
36
34
36
37
38
42
37
41
37
28
32
28
28
24
18
19
22
18
15
11
5
2
1
-16
-5
-17
-13
-10
-14
-7
-13
-2
-15
-19
-19
-20
-24
-6
-20
-19
-16
-26
-15
-28
-23
-30
-30
-22
-31
-27
-22
-23
-22
-24
-28
-26
-22
-18
-19
-18
-20
-21
-14
-18
-10
-2
-5
3
5
9
11
17
21
21
28
29
31
33
42
32
31
33
24
25
28
26
21
18
14
6
-2
-1
2
6
0
-5
-11
-15
-16
-17
-24
-31
-42
-47
-45
-44
-42
-45
-54
-51
-49
-54
-55
-62
-65
-62
-65
-66
-68
-64
-67
-73
-68
-67
-64
-64
-67
-71
-68
-67
-72
-62
-56
-59
-55
-46
-43
-38
-33
-27
-21
-16
-15
-5
-5
-7
4
4
3
13
21
19
24
31
21
20
30
29
22
31
40
42
37
37
40
31
30
33
35
42
44
42
40
35
32
30
31
26
25
24
20
20
16
14
9
3
2
0
-3
1
4
4
4
-1
-9
-15
-14
-15
-18
-25
-24
-10
-19
-15
-11
-21
-20
-17
-22
-19
-20
-22
-13
-21
-26
-23
-16
-14
-7
-4
-4
2
4
2
1
-3
-4
-3
-1
6
4
-1
-2
-6
-10
-15
-17
-18
-20
-25
-25
-21
-23
-23
-19
-23
-27
-23
-17
-19
-18
-16
-16
-10
-7
-3
5
7
8
16
19
18
23
24
26
36
35
40
44
42
43
44
43
45
49
50
53
48
50
45
40
47
39
39
41
37
42
39
45
46
43
37
35
33
37
35
40
38
39
32
33
37
45
37
51
41
44
34
43
40
-5
41
36
53
42
39
28
11
5
43
41
42
33
11
37
15
39
37
27
26
20
31
30
10
21
19
16
2
19
23
22
-11
-28
-8
-15
-3
7
6
-6
-8
-21
-6
-11
3
4
17
20
23
28
18
3
-4
22
10
5
25
15
18
8
2
10
-1
-19
-11
-17
-21
-27
-32
-31
-48
-35
-39
-43
-41
-39
-39
-40
-36
-42
-32
-40
-36
-27
-19
-27
-31
-35
-26
-21
-21
-15
-13
-11
-21
-14
0
-16
-17
-13
-22
-22
-24
-24
-32
-32
-32
-32
-29
-35
-37
-30
-39
-40
-34
-34
-36
-30
-24
-27
-23
-19
-22
-11
-10
-13
1
1
6
7
8
12
9
10
15
12
7
8
14
9
10
0
6
12
-1
4
1
-1
-2
-4
-1
2
8
9
13
16
13
12
14
8
3
-1
-2
-1
-9
-15
-18
-20
-25
-25
-20
-22
-23
-26
-34
-33
-35
-40
-41
-47
-41
-41
-46
-44
-48
-53
-54
-62
-62
-58
-66
-62
-59
-54
-50
-48
-53
-58
-59
-52
-52
-44
-34
-33
-31
-37
-40
-38
-37
-43
-38
-31
-37
-36
-30
-43
-41
-38
-39
-49
-49
-43
-36
-35
-24
-36
-74
-22
-26
-25
6
-6
-2
-44
-25
-14
-24
1
1
-13
-7
-5
1
-2
-15
-1
6
6
-3
-2
0
-9
-9
3
6
17
15
10
18
13
14
21
18
20
39
48
41
42
46
46
49
53
63
78
77
75
81
76
71
66
66
81
79
81
79
72
68
59
59
60
70
62
61
64
61
70
64
57
61
55
60
69
73
74
69
70
60
58
61
58
57
55
59
56
53
60
55
54
51
45
57
50
38
35
28
27
24
28
33
32
33
28
23
13
4
2
13
22
12
19
18
16
16
11
16
13
9
8
2
-2
-14
-19
-13
-14
-17
-26
-23
-18
-17
-27
-34
-31
-32
-35
-34
-30
-29
-36
-41
-43
-45
-41
-42
-42
-37
-33
-31
-28
-26
-23
-25
-21
-17
-19
-11
-7
0
0
1
2
3
1
-1
6
14
18
19
23
11
6
13
13
10
8
5
-6
-10
-12
-9
-9
-11
-16
-12
-15
-10
-11
-18
-19
-21
-17
-31
-22
-17
-21
-19
-21
-16
-21
-24
-21
-29
-32
-32
-26
-34
-41
-43
-46
-44
-50
-48
-43
-43
-47
-53
-55
-54
-55
-55
-45
-43
-46
-46
-39
-35
-33
-29
-34
-32
-29
-32
-21
-26
-25
-25
-27
-17
-20
-14
-16
-13
-2
-6
4
2
1
6
3
0
-16
10
15
6
15
15
16
12
21
22
18
18
19
14
19
21
13
5
-14
-14
-8
-5
-7
-16
-11
-20
-32
-27
-26
-25
-29
-33
-30
-31
-35
-40
-39
-54
-52
-46
-59
-63
-52
-52
-54
-43
-50
-55
-47
-54
-56
-46
-46
-37
-36
-36
-35
-25
-25
-28
-19
-25
-20
-11
-9
1
-2
-2
6
9
17
22
31
35
36
43
50
50
52
57
57
57
55
54
62
64
66
65
67
72
72
72
73
63
52
51
51
48
44
43
39
33
32
38
40
37
30
27
31
30
22
28
30
29
28
24
27
29
26
23
23
17
9
12
10
8
6
1
3
1
0
9
17
19
5
12
22
22
32
33
30
35
39
41
41
42
46
51
55
56
52
50
48
51
54
53
48
47
40
38
44
41
49
44
37
31
24
25
29
29
22
23
25
23
19
23
21
15
7
7
4
1
12
10
8
11
10
12
15
8
8
7
1
-4
0
5
1
9
5
-7
-9
-14
-22
-24
-18
-18
-18
-18
-18
-19
-19
-7
-5
-5
-2
8
8
8
12
7
8
3
6
9
4
9
16
17
16
18
21
14
10
11
16
18
16
15
27
27
15
14
13
16
12
18
13
9
11
9
8
6
8
2
1
-1
-5
-2
-1
-9
-16
-17
-15
-15
-24
-29
-35
-42
-47
-43
-39
-45
-43
-47
-52
-47
-55
-58
-58
-57
-59
-67
-62
-64
-63
-71
-68
-66
-62
-66
-64
-56
-53
-47
-39
-33
-31
-26
-26
-21
-19
-22
-23
-18
-16
-14
-12
-13
-20
-20
-21
-20
-19
-16
-16
-12
-11
-13
-17
-28
-22
-18
-11
-6
-2
-3
-3
-1
-4
-3
0
5
11
10
4
3
2
-3
-7
-7
-6
-13
-12
-12
-19
-16
-25
-30
-33
-29
-26
-29
-31
-32
-30
-26
-31
-30
-25
-29
-37
-38
-34
-35
-38
-35
-33
-28
-22
-24
-28
-30
-26
-24
-25
-28
-26
-30
-32
-28
-27
-27
-28
-22
-21
-17
-13
-20
-18
-21
-21
-24
-21
-19
-26
-18
-18
-18
-9
-9
-13
-13
-14
-11
-17
-22
-18
-12
-8
-4
6
6
7
4
1
2
-3
-7
-7
3
5
4
3
5
5
6
13
16
23
30
35
30
24
20
18
21
21
20
24
19
9
9
7
12
16
18
15
11
14
10
20
20
14
18
22
22
24
30
26
23
28
28
31
36
34
32
40
36
38
46
41
49
51
54
56
51
49
46
58
63
62
68
70
66
69
73
76
74
63
58
64
60
59
55
47
44
43
42
43
45
43
40
33
30
28
34
35
36
39
36
28
19
15
15
19
27
25
23
19
12
7
5
8
11
7
3
-1
-9
-15
-18
-15
-2
6
6
4
-6
-4
-3
-2
9
12
3
-1
-9
-15
-12
0
3
14
11
-2
2
0
1
3
7
6
2
2
1
-1
-5
-10
-4
-4
-11
-19
-25
-19
-21
-22
-20
-19
-29
-29
-31
-26
-22
-19
-25
-32
-33
-36
-33
-34
-37
-33
-31
-24
-33
-34
-25
-30
-28
-21
-20
-21
-25
-37
-39
-37
-39
-35
-37
-39
-36
-39
-36
-37
-38
-29
-22
-25
-27
-27
-25
-31
-29
-26
-32
-29
-29
-29
-27
-31
-37
-35
-29
-33
-38
-37
-43
-44
-51
-53
-54
-54
-52
-50
-53
-56
-53
-50
-40
-38
-43
-45
-41
-42
-45
-36
-24
-22
-20
-14
-1
1
-4
2
7
8
10
15
20
17
18
19
13
17
21
17
25
20
15
22
19
17
11
14
19
27
19
11
7
-4
-5
-1
2
3
-1
-5
-6
-13
-20
-18
-22
-26
-26
-25
-32
-38
-35
-40
-41
-37
-37
-33
-33
-32
-34
-35
-31
-26
-23
-17
-19
-19
-10
-13
-6
-4
-5
6
13
12
14
8
11
14
15
19
29
28
21
27
28
29
31
40
46
49
48
43
43
42
36
42
39
41
45
43
39
35
34
33
31
38
47
41
40
32
30
39
39
37
30
36
36
42
53
50
45
38
40
43
45
38
34
40
36
27
18
21
26
28
28
29
28
28
28
32
40
39
36
28
19
18
24
35
31
34
44
39
36
33
31
29
32
30
23
34
33
20
18
25
28
25
33
33
37
41
36
34
37
33
24
24
24
34
39
36
33
38
42
37
31
30
34
39
37
31
28
24
25
21
19
25
31
19
9
7
9
6
-3
-10
-3
-4
-13
-10
-3
0
-3
-4
-2
0
-9
-20
-25
-16
-10
-11
-25
-22
-20
-34
-45
-51
-48
-58
-60
-61
-55
-45
-52
-56
-58
-55
-53
-54
-45
-43
-41
-43
-44
-45
-52
-49
-50
-42
-31
-31
-35
-36
-33
-32
-28
-28
-16
-11
-14
-14
-16
-12
-2
6
1
-2
-1
-4
-5
-6
-5
-9
-15
-13
-10
-13
-17
-17
-33
-30
-24
-25
-31
-32
-32
-29
-17
-17
-24
-25
-24
-24
-27
-37
-32
-35
-41
-44
-32
-26
-34
-31
-32
-25
-19
-24
-26
-29
-27
-27
-25
-21
-21
-24
-33
-39
-39
-38
-43
-43
-35
-32
-26
-16
-14
-18
-16
-11
-9
-4
3
3
0
4
2
-3
-11
-19
-9
-10
-16
-6
-4
-2
-2
-12
-12
-9
-7
-4
-10
-9
-3
-12
-7
-13
-11
-1
0
6
8
12
11
16
15
15
13
9
13
13
14
15
11
4
0
3
3
-7
-7
-11
-11
-13
-13
-5
-1
-4
-12
-6
-2
-1
-9
-15
-4
-6
2
-6
-7
-3
-5
-6
-6
-2
-14
-19
-22
-24
-23
-18
-20
-19
-26
-22
-21
-17
-12
-9
-2
-2
0
3
8
7
10
9
22
25
21
25
30
35
41
46
51
55
60
60
58
63
51
44
49
48
48
46
42
40
42
43
49
47
44
45
40
39
40
44
51
53
46
43
42
34
33
25
24
24
25
21
15
20
16
11
10
14
15
19
23
17
21
20
14
13
18
20
16
15
16
19
22
16
14
22
23
23
21
18
17
19
17
25
29
21
12
9
17
22
25
26
30
31
32
33
35
36
32
27
24
18
13
17
16
24
25
27
18
14
10
12
12
4
3
-6
-6
-4
-3
-11
-13
-10
-4
0
-1
2
-1
-3
-5
-8
-6
-10
-20
-29
-30
-33
-27
-28
-24
-24
-30
-23
-25
-30
-35
-41
-45
-45
-42
-36
-44
-53
-59
-61
-55
-43
-42
-40
-37
-45
-45
-43
-41
-46
-49
-49
-42
-38
-48
-52
-49
-47
-45
-42
-31
-26
-24
-27
-31
-30
-33
-21
-8
0
0
-4
-8
-16
-17
-20
-5
6
13
19
18
23
18
8
11
19
29
32
29
30
29
17
13
8
4
5
1
6
3
-2
-11
-21
-19
-23
-22
-23
-20
-19
-24
-24
-29
-26
-25
-31
-36
-35
-35
-37
-36
-36
-38
-34
-36
-41
-42
-48
-48
-56
-57
-48
-33
-23
-21
-23
-25
-20
-15
-7
-7
-1
3
1
-3
-11
-16
-18
-15
-9
-6
5
12
12
13
10
11
9
11
16
23
21
18
18
21
18
9
19
27
27
25
20
18
17
9
12
16
12
12
7
7
13
21
15
15
13
7
10
8
14
17
18
14
9
7
9
6
4
4
7
9
11
6
3
-3
-7
-2
-2
6
2
-8
-12
-6
1
-1
9
13
18
24
21
22
23
20
22
23
30
28
21
27
30
36
30
33
34
31
30
33
37
43
45
36
40
38
33
29
30
28
35
42
37
41
30
35
47
46
49
54
51
52
45
42
53
47
37
29
32
32
23
23
26
26
20
19
23
13
8
11
8
5
6
1
-8
-5
-13
-17
-13
-12
-9
-3
-4
-4
-6
-9
-8
-10
-10
-10
-7
-12
-8
-13
-6
-10
-14
-6
-9
0
-4
-5
0
3
12
18
22
24
17
14
16
22
19
7
12
13
13
15
16
14
18
18
18
21
11
8
6
9
6
4
7
5
-1
-8
-6
1
1
5
1
-2
-1
-7
-7
-11
-13
-15
-22
-25
-21
-16
-14
-12
-15
-18
-11
-7
-1
17
13
7
-4
-5
-2
2
-2
2
-2
1
11
10
12
8
7
2
5
7
13
14
12
8
9
9
4
0
-6
-8
-3
-4
-11
-12
-12
-17
-18
-25
-32
-34
-38
-35
-36
-37
-30
-32
-31
-29
-28
-26
-26
-28
-30
-31
-27
-30
-30
-31
-39
-34
-35
-30
-25
-25
-21
-15
-10
-15
-15
-7
-6
1
4
-1
-8
-13
-14
-16
-7
-5
-12
-15
-18
-21
-19
-17
-21
-33
-32
-39
-45
-39
-39
-39
-36
-39
-40
-39
-43
-52
-54
-52
-48
-46
-45
-49
-47
-45
-48
-42
-45
-44
-48
-46
-45
-38
-35
-43
-36
-31
-27
-23
-16
-22
-20
-10
-15
-9
-4
0
-2
-3
3
6
4
-2
2
6
18
19
16
17
17
21
21
27
30
29
20
15
18
17
18
14
20
22
28
23
12
14
9
14
12
12
10
2
-4
-6
-7
-13
-17
-16
-20
-20
-18
-18
-15
-18
-19
-19
-22
-20
-18
-16
-26
-29
-25
-22
-21
-27
-21
-23
-20
-18
-16
-3
0
-4
-2
4
4
4
1
6
6
4
7
12
14
6
7
14
18
20
24
34
40
37
32
32
39
34
38
39
36
33
29
39
46
43
34
42
49
47
52
53
57
51
38
35
42
41
44
50
43
38
32
22
19
33
37
35
40
39
41
34
34
41
36
37
42
42
38
33
30
23
28
29
26
26
21
29
29
30
24
20
29
24
31
38
39
35
25
27
31
25
32
33
32
31
25
32
35
35
35
41
43
33
26
30
37
33
34
37
26
25
24
21
23
13
9
11
6
-2
-6
-5
-3
1
1
5
4
1
0
-2
-3
-5
-2
-7
-8
-13
-24
-20
-18
-26
-28
-25
-23
-21
-20
-24
-26
-23
-27
-32
-41
-45
-39
-37
-29
-35
-40
-43
-47
-54
-56
-53
-48
-49
-49
-50
-53
-51
-52
-50
-45
-41
-45
-45
-42
-35
-34
-28
-28
-27
-17
-11
-13
-17
-8
-11
-9
-6
-5
-1
-1
8
4
1
9
8
7
9
4
-7
-8
-4
-1
3
12
8
1
-9
-12
-7
-11
-11
-2
0
-7
-17
-26
-28
-28
-30
-36
-32
-33
-42
-54
-53
-56
-55
-47
-53
-48
-56
-68
-66
-67
-66
-59
-50
-47
-51
-62
-69
-68
-60
-47
-41
-31
-32
-39
-41
-39
-41
-39
-32
-22
-18
-21
-23
-24
-27
-33
-36
-23
-14
-15
-22
-18
-16
-19
-13
-5
-1
-4
-2
-7
-2
0
-7
-5
-2
10
15
15
19
20
21
23
11
11
19
23
16
12
10
5
2
-2
14
19
21
16
17
17
9
-1
-5
0
4
18
26
18
13
11
14
25
31
34
38
37
32
28
25
22
13
15
33
41
43
43
37
43
43
48
62
62
57
57
61
65
65
63
68
66
72
71
59
60
59
63
59
56
61
50
41
44
46
46
44
39
45
47
43
33
15
6
6
16
29
35
30
22
22
26
27
29
26
27
29
29
27
35
38
31
32
37
34
29
26
24
23
26
25
20
24
16
16
19
18
18
19
15
18
22
11
7
2
7
16
22
20
21
21
16
3
-3
3
4
9
9
10
10
1
-4
-6
2
10
10
10
12
13
11
5
0
-1
-6
-8
-8
-13
-14
-6
-5
-8
-9
-15
-15
-12
-11
-15
-19
-20
-30
-33
-27
-25
-20
-20
-18
-11
-14
-23
-29
-35
-37
-30
-29
-29
-26
-30
-32
-34
-37
-31
-27
-24
-16
-14
-11
-12
-18
-15
-15
-5
1
2
0
-1
7
7
5
-1
-9
-12
-9
-1
8
11
6
-2
-8
-9
-7
-7
-7
-5
-5
-10
-16
-22
-30
-26
-32
-35
-29
-32
-44
-46
-41
-47
-42
-41
-45
-41
-36
-36
-36
-37
-39
-42
-35
-43
-47
-38
-41
-41
-50
-53
-55
-62
-64
-62
-58
-46
-46
-50
-50
-50
-49
-45
-43
-42
-39
-35
-28
-35
-32
-37
-35
-35
-36
-23
-25
-24
-32
-36
-26
-25
-22
-9
-6
-14
-19
-23
-17
-12
-8
-3
1
2
-8
-13
-14
-9
-1
4
8
10
-1
-7
-8
-7
-7
-3
-9
-11
-8
-20
-31
-36
-36
-33
-27
-24
-23
-25
-28
-28
-24
-13
-14
-19
-19
-19
-18
-28
-27
-18
-11
-7
-9
-14
-6
2
-2
1
7
10
9
7
2
0
9
12
26
34
34
31
24
26
36
46
48
54
49
38
34
23
29
40
48
55
61
55
46
36
39
44
45
49
43
50
42
37
37
43
47
52
57
54
52
46
54
50
57
59
56
53
45
42
49
58
59
55
47
41
35
23
15
20
19
21
19
12
7
1
2
5
7
15
20
15
-1
-6
-7
-10
-10
-10
6
-2
-8
-9
-6
2
5
18
20
19
21
12
10
9
18
25
30
28
20
20
20
20
30
35
27
21
21
20
17
15
19
22
25
17
14
20
23
20
15
19
26
30
28
26
19
12
18
27
39
41
35
27
23
28
29
32
29
15
10
7
5
6
0
-3
-5
-9
-6
-6
-15
-17
-15
-21
-33
-41
-40
-39
-43
-37
-25
-32
-28
-26
-31
-30
-35
-31
-33
-27
-29
-31
-29
-38
-32
-29
-30
-25
-24
-21
-8
-7
-9
-14
-12
-3
-9
-6
6
7
5
5
4
3
2
1
8
12
11
3
-2
-3
-3
0
-9
-13
-16
-23
-25
-24
-26
-20
-12
-18
-19
-23
-30
-36
-39
-25
-21
-24
-29
-38
-36
-47
-54
-46
-39
-24
-29
-49
-56
-63
-69
-66
-65
-60
-54
-59
-63
-67
-70
-68
-62
-54
-51
-59
-68
-78
-77
-67
-61
-57
-56
-58
-55
-48
-49
-49
-47
-41
-38
-37
-39
-41
-38
-30
-19
-7
-5
-7
-5
-2
0
2
14
18
22
25
29
30
30
27
20
20
31
39
42
33
20
20
9
6
5
6
9
9
8
-5
-12
-15
-20
-24
-23
-15
-13
-10
-8
-7
-2
-2
-3
2
1
-4
-6
-13
-22
-22
-14
-13
-14
-16
-12
-14
-14
-8
-4
6
5
8
3
8
14
15
24
30
34
24
20
28
39
40
39
41
41
53
45
39
44
42
39
44
55
51
51
56
54
55
57
59
64
70
78
78
76
69
63
64
66
64
69
69
66
70
66
64
66
70
65
62
60
58
55
51
46
40
39
40
37
32
31
37
31
27
25
24
18
10
8
2
8
10
0
0
9
4
-6
-1
1
-1
-8
-3
8
7
-2
-6
6
14
19
24
17
17
18
25
27
31
31
22
20
23
31
32
41
37
29
35
38
26
27
33
42
49
44
39
33
29
19
18
28
43
49
43
31
23
15
9
21
31
28
22
19
15
19
17
12
5
8
5
2
-3
-13
-16
-12
-4
-3
-8
-15
-17
-17
-12
-12
-8
-14
-23
-26
-29
-32
-30
-27
-33
-35
-35
-33
-28
-30
-31
-37
-41
-41
-36
-34
-34
-35
-33
-28
-33
-36
-30
-18
-6
-17
-17
-20
-20
-18
-15
-12
-11
-7
-13
-15
-23
-34
-40
-40
-24
-8
-2
-8
-16
-23
-29
-24
-15
-2
0
-11
-12
-12
-24
-35
-38
-35
-23
-22
-20
-15
-33
-41
-38
-32
-38
-41
-38
-41
-47
-57
-54
-46
-53
-59
-63
-65
-67
-77
-75
-67
-65
-75
-72
-68
-70
-67
-66
-60
-60
-54
-58
-65
-68
-77
-76
-65
-58
-52
-45
-45
-42
-47
-38
-26
-30
-25
-19
-14
-13
-15
-13
-12
-8
-9
-7
3
-5
-8
-2
2
1
5
12
16
17
19
34
26
21
19
18
24
22
31
40
38
33
25
22
20
17
15
17
23
9
3
7
-1
-5
-5
0
3
7
4
-1
-10
-19
-22
-10
-5
-5
-4
-8
-14
-17
-21
-12
2
-2
-6
-7
-4
-8
-13
-16
-8
3
8
12
14
13
13
10
11
12
9
14
6
5
20
17
16
21
28
30
27
26
29
42
47
40
42
44
46
43
42
56
49
43
46
52
49
44
48
56
55
53
49
41
37
32
30
34
43
41
32
34
27
17
27
40
44
47
46
46
39
31
30
35
35
28
32
39
38
39
34
39
35
22
13
23
28
22
18
20
32
32
34
34
34
34
21
15
20
20
19
14
14
16
16
10
8
10
16
24
27
33
24
12
8
9
12
18
24
15
14
10
10
14
13
8
10
23
18
9
-4
-12
-12
-17
-15
-14
-20
-23
-26
-33
-30
-28
-21
-20
-29
-32
-41
-42
-33
-31
-41
-39
-47
-57
-52
-49
-51
-47
-51
-58
-50
-47
-45
-48
-47
-42
-43
-39
-25
-21
-16
-19
-22
-20
-14
-8
-7
-9
-10
2
3
1
1
6
12
11
12
20
19
12
10
9
10
14
14
19
21
10
8
-3
6
0
-9
25
23
17
15
1
-15
-27
-23
-14
-3
14
1
-12
-18
-44
-41
-35
-18
-8
-15
-20
-36
-47
-54
-63
-56
-50
-40
-23
-30
-35
-41
-48
-41
-29
-13
-5
-6
-17
-40
-33
-25
-32
-18
-13
-8
-20
-39
-45
-44
-37
-28
-22
-19
-23
-28
-38
-35
-38
-42
-42
-38
-30
-36
-36
-39
-40
-40
-38
-31
-23
-18
-13
-15
-19
-31
-33
-29
-17
-18
-26
-19
-21
-19
-23
-25
-20
-18
-11
-10
-8
-9
-21
-28
-18
-2
2
2
0
-4
-1
2
2
8
11
2
6
5
-2
-3
-4
3
7
8
8
8
10
10
6
15
26
26
21
11
12
22
31
32
33
35
34
35
39
37
42
44
47
41
48
52
44
42
39
44
45
50
58
60
60
63
61
58
55
60
63
63
64
62
54
49
49
50
51
52
56
43
36
30
26
25
31
38
42
43
35
32
35
37
33
37
43
47
49
46
42
39
38
38
35
32
31
29
22
17
19
14
11
10
8
-3
-13
-15
-17
-17
-17
-17
-26
-18
-14
-18
-6
-9
-9
-7
-3
0
3
1
0
-2
-6
-3
-1
8
12
9
0
-9
-10
-15
-15
-3
-5
-3
-5
-9
-7
-13
-15
-12
2
2
7
8
2
-7
-12
-10
-9
3
9
1
-8
-13
-13
-19
-14
-14
-11
-5
-3
1
-8
-14
-26
-22
-13
-1
7
3
6
2
2
7
13
22
23
19
17
15
7
8
14
18
22
17
19
26
20
16
14
14
23
20
13
12
2
-9
-12
-8
-1
0
5
12
9
8
-2
-5
-13
-16
-6
4
1
-4
-9
-11
-18
-17
-7
-4
-1
-2
-6
-8
-15
-18
-15
-15
-7
-5
-8
-1
-7
-10
-16
-17
-16
-15
-13
-20
-25
-20
-23
-25
-30
-38
-38
-39
-42
-47
-51
-54
-48
-49
-47
-52
-62
-59
-57
-59
-67
-75
-77
-78
-81
-73
-73
-79
-78
-89
-79
-71
-73
-74
-75
-70
-63
-47
-45
-46
-44
-41
-39
-32
-17
-18
-18
-16
-19
-13
-10
-7
-6
1
5
11
7
7
1
2
7
4
5
7
4
-5
-6
-9
5
9
3
19
22
19
14
12
16
18
24
29
34
36
33
29
25
21
15
15
22
28
23
22
14
6
4
2
1
5
4
-4
-7
-9
-5
-14
-15
-13
-7
11
11
10
3
-3
0
3
5
4
15
16
12
8
6
-3
-8
-8
-8
-7
-8
-10
-8
-1
4
1
-1
8
11
14
18
17
17
13
11
12
12
17
15
15
16
17
11
13
15
21
24
19
16
11
12
13
7
7
12
8
9
3
2
5
6
-1
0
-1
2
5
5
15
20
19
22
36
33
27
28
24
20
21
26
25
19
16
15
13
12
13
20
28
25
16
15
11
10
13
17
16
12
14
16
23
29
35
39
45
42
34
32
28
30
33
40
39
50
40
28
29
24
30
33
37
32
18
15
11
7
7
0
-1
-4
-3
1
-1
-4
-5
-6
8
18
18
16
7
3
0
-1
-2
-1
3
7
9
6
4
0
1
6
11
20
15
4
1
-4
-6
-6
-2
-1
8
8
10
14
-2
-6
-7
-8
-6
-2
-2
-8
-8
-2
-3
4
-7
-10
6
10
13
4
-4
-4
-3
2
9
4
2
7
5
5
0
-6
-9
1
-4
-6
-3
-13
-12
-13
-8
-11
-10
-16
-25
-26
-21
-21
-24
-26
-24
-25
-28
-27
-34
-40
-37
-35
-25
-21
-25
-26
-28
-31
-33
-35
-39
-40
-30
-27
-19
-18
-24
-25
-27
-28
-34
-33
-31
-25
-24
-20
-24
-27
-32
-27
-21
-28
-23
-23
-31
-29
-30
-38
-45
-44
-36
-32
-26
-20
-19
-19
-13
-17
-13
-6
-8
-6
-11
-10
-5
-1
-7
-7
-2
-5
-4
4
11
14
12
3
3
-2
-6
-8
-14
-11
-9
-3
-7
-21
-23
-18
-18
-16
-14
-15
-22
-26
-32
-34
-36
-35
-24
-20
-18
-20
-27
-32
-34
-26
-18
-10
-6
-8
-3
-5
-10
-9
-4
-3
5
16
20
23
13
9
18
22
26
30
26
25
15
14
12
7
7
6
13
12
10
4
-3
-2
-3
4
12
10
8
10
14
13
15
12
22
30
33
33
27
22
21
21
17
24
26
29
20
20
23
22
16
11
15
17
22
17
13
10
7
6
9
13
21
20
23
30
29
27
27
30
28
35
42
37
40
35
34
36
37
43
49
51
52
53
56
51
45
48
49
47
49
54
48
38
35
34
41
44
42
40
40
38
24
23
15
8
7
7
14
13
5
-4
-1
-3
-2
3
5
10
11
7
0
-5
-3
-4
2
5
2
1
-3
-2
7
14
21
24
30
33
27
21
12
13
19
21
22
18
11
9
8
12
25
34
33
31
31
31
29
28
31
31
29
31
33
34
27
29
41
45
51
50
46
53
47
42
41
33
32
34
41
43
39
35
28
27
20
17
16
7
6
-1
0
1
-4
-13
-12
-11
-13
-13
-20
-24
-34
-36
-37
-38
-33
-37
-43
-54
-60
-63
-64
-59
-59
-62
-64
-68
-75
-76
-77
-81
-81
-80
-80
-78
-85
-92
-92
-90
-84
-76
-75
-74
-67
-67
-61
-55
-56
-54
-47
-39
-39
-38
-40
-43
-45
-38
-29
-29
-24
-23
-21
-15
-20
-26
-32
-42
-45
-47
-38
-33
-38
-39
-36
-35
-39
-34
-32
-33
-32
-25
-24
-22
-28
-38
-32
-32
-40
-44
-44
-42
-54
-53
-52
-55
-50
-46
-42
-38
-36
-35
-28
-20
-14
-13
-10
-10
-12
-12
-8
6
12
18
20
21
27
26
33
39
35
36
27
22
20
21
26
26
29
26
17
24
22
21
27
21
26
23
13
5
-3
-5
-6
-7
0
3
-5
-6
-4
-5
-1
-1
-4
-10
-9
-16
-27
-27
-36
-45
-41
-31
-25
-26
-33
-31
-32
-31
-25
-17
-14
-15
-10
-5
-4
-6
-8
-12
-9
-3
-2
-2
0
-3
3
8
13
12
17
19
15
15
12
14
20
19
26
37
41
38
38
32
33
34
31
41
48
54
52
60
59
50
47
49
56
56
54
50
42
30
25
34
37
44
49
52
62
58
54
51
51
51
48
51
49
44
39
40
34
31
37
36
40
50
47
45
38
31
43
41
42
40
37
36
29
25
21
22
21
23
24
26
29
26
21
25
29
34
34
38
41
35
30
29
35
36
36
36
40
40
39
34
39
39
32
42
42
39
38
34
27
30
29
23
18
17
18
20
23
20
23
19
17
18
11
13
11
6
1
-6
-5
-13
-14
-9
-14
-14
-14
-11
-9
-12
-10
-16
-27
-28
-29
-30
-34
-38
-41
-47
-46
-50
-50
-58
-58
-57
-60
-61
-59
-68
-76
-68
-70
-65
-61
-66
-69
-68
-67
-65
-57
-55
-56
-58
-54
-56
-56
-56
-50
-44
-40
-34
-39
-42
-44
-51
-53
-50
-41
-27
-30
-33
-35
-37
-28
-25
-18
-7
-8
-13
-13
-16
-14
-18
-20
-10
-9
-8
-4
-11
-11
-23
-25
-22
-26
-27
-29
-28
-29
-27
-32
-38
-41
-33
-27
-22
-17
-22
-20
-22
-26
-22
-23
-25
-24
-25
-17
-4
-4
-5
-2
0
-1
-3
-1
-3
-2
-2
-4
-4
2
1
2
4
-5
-15
-18
-18
-13
-8
-8
-2
-7
-4
2
-1
1
-6
-6
-5
-6
-5
-12
-19
-18
-22
-19
-6
-11
-13
-7
-8
-7
-10
-11
-18
-18
-16
-9
-8
-4
-1
2
11
17
22
21
17
17
24
27
25
21
21
24
26
20
28
33
32
40
41
48
46
45
43
42
48
42
37
33
41
43
45
44
36
36
33
38
35
33
31
28
30
34
32
28
30
21
21
20
15
13
8
9
13
20
22
16
15
13
11
17
20
25
23
29
30
24
16
10
11
18
25
32
32
31
27
28
29
28
36
37
39
44
47
36
24
19
18
24
24
34
43
46
44
38
39
30
30
35
30
33
34
26
21
20
17
10
8
2
5
4
7
4
2
5
2
-12
-20
-16
-11
-9
-5
-2
-2
0
-3
-1
-3
0
0
5
9
7
6
7
8
14
22
26
32
27
28
25
24
15
0
2
9
19
18
19
18
14
15
20
20
16
10
11
15
19
21
14
7
4
5
4
10
9
10
11
11
9
8
6
0
0
-3
-7
-10
-16
-24
-23
-22
-24
-28
-30
-28
-20
-21
-24
-26
-33
-36
-36
-39
-36
-36
-37
-42
-38
-38
-42
-42
-40
-47
-43
-37
-35
-38
-39
-37
-41
-34
-32
-32
-37
-41
-41
-42
-49
-49
-47
-51
-44
-46
-45
-52
-56
-56
-60
-58
-51
-45
-51
-55
-51
-54
-53
-46
-38
-33
-26
-19
-24
-24
-22
-18
-18
-15
-18
-19
-21
-27
-27
-30
-29
-29
-19
-16
-16
-19
-27
-25
-22
-21
-27
-30
-29
-24
-21
-27
-27
-29
-27
-20
-12
-6
-7
-4
-8
-9
-10
-11
-8
-12
-15
-22
-26
-28
-28
-21
-24
-21
-15
-16
-16
-16
-26
-29
-26
-23
-18
-15
-14
-14
-8
-14
-13
-11
-12
-8
-3
11
13
12
8
9
14
15
22
25
26
29
28
29
30
28
24
31
35
38
44
40
38
40
37
31
30
30
29
33
37
36
33
29
32
30
25
24
27
33
39
35
31
30
23
28
30
26
31
32
34
32
25
20
18
23
28
34
33
31
27
28
27
22
25
23
25
22
16
10
8
8
8
4
1
-1
-1
-2
-6
-7
-5
-1
-3
-6
-7
-10
-13
-11
-8
-10
-8
-3
-1
3
4
5
1
5
10
16
23
26
28
22
21
21
23
21
17
17
15
14
11
5
4
5
8
16
22
27
27
27
26
23
23
23
19
18
26
27
26
28
25
28
28
30
30
29
31
25
28
28
28
26
29
27
24
23
22
20
10
10
12
11
11
17
12
8
5
0
-3
-8
-13
-7
-4
-3
-2
-14
-18
-17
-12
-10
-11
-6
-5
-5
-9
-14
-14
-11
-9
-6
-6
-13
-17
-20
-25
-25
-23
-17
-22
-24
-22
-21
-24
-23
-25
-23
-19
-23
-26
-33
-30
-32
-25
-21
-20
-20
-19
-20
-21
-22
-26
-22
-18
-21
-19
-17
-24
-26
-26
-16
-17
-17
-14
-11
-9
-12
-7
-11
-16
-20
-24
-18
-16
-21
-25
-30
-34
-34
-32
-30
-22
-25
-23
-27
-32
-29
-28
-25
-28
-26
-23
-24
-24
-26
-17
-19
-18
-13
-22
-20
-27
-29
-28
-28
-27
-27
-28
-26
-26
-23
-23
-22
-10
4
8
11
10
10
17
17
24
29
31
32
35
29
33
33
27
30
25
26
32
35
35
31
23
20
24
22
23
22
20
21
24
21
21
21
24
25
31
30
23
20
16
13
17
17
20
14
13
10
13
15
16
17
8
6
4
1
-4
-13
-15
-13
-13
-19
-27
-28
-31
-20
-18
-22
-24
-29
-30
-27
-27
-27
-25
-34
-35
-36
-38
-34
-38
-34
-31
-31
-31
-29
-29
-31
-20
-17
-9
1
-2
-2
1
-3
1
7
14
15
19
24
25
28
17
15
17
19
23
26
26
23
18
12
5
7
14
16
14
17
21
21
19
13
7
5
8
15
18
18
6
4
10
10
11
11
10
9
5
1
6
6
10
19
23
26
24
22
25
24
27
28
28
33
30
28
28
27
26
27
25
22
15
16
15
6
8
8
6
5
7
19
19
20
26
26
30
26
26
27
32
42
41
38
38
34
37
37
37
41
44
43
38
35
35
34
29
28
26
29
26
22
18
14
14
13
13
12
12
11
6
1
-10
-12
-6
-5
-3
-8
-6
-15
-18
-20
-23
-19
-22
-15
-16
-12
-18
-18
-15
-20
-17
-13
-8
-6
-4
-2
-2
-5
-1
-4
-1
-3
-1
-1
-3
-7
-4
-1
0
0
5
7
11
12
10
8
3
6
-4
-2
-6
-9
-14
-16
-16
-15
-15
-18
-12
-17
-13
-14
-17
-14
-7
-11
-14
-12
-14
-9
-12
-12
-13
-10
-9
-3
3
4
3
4
3
1
-2
-1
-3
-3
1
1
1
-5
-8
-10
-15
-20
-23
-27
-23
-26
-28
-26
-28
-31
-42
-37
-34
-39
-39
-40
-41
-37
-39
-32
-28
-30
-25
-24
-24
-20
-21
-23
-20
-10
-9
-9
-8
-14
-14
-22
-20
-20
-23
-16
-17
-17
-14
-14
-18
-18
-23
-23
-20
-24
-25
-27
-28
-30
-29
-29
-29
-26
-27
-27
-27
-31
-33
-34
-36
-38
-37
-36
-33
-31
-29
-32
-31
-27
-27
-25
-20
-16
-20
-15
-14
-11
-10
-11
-6
-4
-2
-1
5
0
-3
4
6
6
1
1
-2
-1
-1
-1
-5
-4
0
-1
-4
-9
-10
-6
-6
-6
-4
-6
-4
-2
4
1
-1
6
2
2
6
8
2
0
4
-2
-2
-7
-11
-7
-5
-6
-2
0
-2
1
2
-2
-3
2
-3
1
5
5
6
10
10
7
9
15
19
16
20
17
21
23
27
28
24
20
13
13
15
15
11
13
18
22
27
25
24
26
26
28
29
28
29
27
23
25
24
18
15
19
15
16
14
8
14
9
8
6
2
-2
5
9
8
11
11
15
15
16
16
17
15
20
21
16
17
15
15
17
16
17
27
32
29
30
28
30
33
35
41
44
44
48
51
51
51
53
52
47
51
56
52
52
46
37
35
33
35
34
33
29
18
18
13
6
4
4
1
5
0
-2
3
-4
-4
-5
-3
-5
-2
-2
-9
-4
-6
-5
-11
-8
-13
-18
-19
-20
-17
-15
-13
-16
-14
-13
-12
-15
-15
-10
-9
-5
-5
-6
-6
-11
-11
-9
-7
-11
-3
0
1
2
-1
-1
-4
-6
-2
1
3
7
4
3
10
9
4
1
2
-5
-3
4
1
6
4
-3
0
-5
-6
-6
-8
-5
-3
-5
-15
-20
-23
-29
-27
-25
-30
-33
-29
-38
-41
-44
-50
-49
-50
-46
-40
-42
-46
-46
-49
-49
-48
-51
-50
-48
-41
-36
-35
-36
-36
-33
-38
-33
-21
-19
-15
-16
-21
-25
-27
-26
-26
-24
-16
-20
-15
-17
-19
-23
-33
-30
-25
-17
-15
-6
-6
-11
-11
-13
-11
-12
-10
-11
-15
-15
-11
-9
-9
-8
-9
-8
3
7
10
13
3
10
11
13
23
15
21
16
20
30
26
27
17
19
17
14
17
15
11
-1
-4
3
1
4
6
6
2
8
13
8
4
0
-9
-14
-12
-19
-18
-16
-19
-18
-18
-21
-17
-15
-10
-3
1
0
-2
-3
-3
-7
-9
-7
0
-3
-7
1
-2
-1
5
5
12
18
20
17
18
20
24
24
20
18
13
12
26
32
33
41
32
20
24
15
8
8
11
15
11
12
-3
15
-14
-27
13
-8
20
34
41
34
9
11
-6
6
18
12
25
21
4
21
-5
24
-44
-17
118
-27
-24
68
53
19
-28
35
59
31
-15
-17
90
64
-5
38
46
68
31
1
73
72
53
52
64
67
42
59
60
42
48
74
74
68
57
57
66
49
52
55
81
52
32
63
61
61
46
31
46
31
25
29
0
18
3
-18
-4
-10
-3
-2
-9
-14
-8
-16
-30
-29
-21
-16
-25
-32
-34
-22
-25
-31
-30
-16
-8
-17
-20
-20
-13
-13
-14
1
2
-9
-19
-8
5
10
19
17
16
11
7
8
15
9
2
-1
4
-2
-7
11
13
1
-7
-7
-18
-17
-18
-13
-13
-34
-33
-27
-31
-20
-21
-33
-31
-39
-60
-45
-42
-70
-56
-36
-33
-34
-31
-30
-41
-49
-57
-47
-41
-48
-37
-39
-52
-53
-50
-45
-43
-37
-26
-17
-15
-14
-21
-36
-43
-51
-55
-44
-36
-41
-41
-46
-43
-39
-34
-32
-26
-17
-11
-4
-11
-23
-26
-21
-18
-18
-20
-10
-4
-13
-22
-24
-19
-24
-23
-15
-13
-11
-25
-31
-37
-39
-35
-28
-25
-18
-9
-22
-26
-21
-15
-15
-16
-14
-12
-18
-14
-10
-2
-22
-15
2
-10
2
-43
8
19
-1
10
-16
1
-33
-13
-3
-3
8
5
29
9
11
15
12
29
15
24
27
4
-20
-18
-18
-20
-20
-22
-9
-17
-13
-10
-29
-35
-23
-10
-16
-24
-12
-24
-27
-27
-35
-31
-34
-31
-35
-42
-27
-20
-25
-10
-15
-8
7
6
7
2
-2
-1
11
15
10
20
16
15
20
26
39
41
43
35
30
32
30
9
14
8
16
23
17
24
20
28
27
24
34
33
28
33
35
36
46
38
21
38
44
37
42
47
44
50
36
30
38
31
36
49
38
50
38
15
28
31
41
57
60
41
38
31
38
44
38
49
44
32
34
41
46
39
32
30
26
28
33
31
29
33
27
32
40
41
38
37
48
49
59
45
33
39
43
39
29
50
59
64
51
25
20
16
12
17
29
19
11
7
7
12
19
12
-10
-9
-14
-9
-1
-11
-6
-13
-17
-19
-12
-10
-13
-8
-16
-21
-20
-21
-21
-27
-24
-25
-24
-19
-22
-24
-25
-35
-36
-31
-33
-37
-46
-45
-40
-36
-22
-14
-36
-34
-44
-46
-33
-31
-25
-25
-24
-23
-36
-48
-46
-46
-41
-26
-23
-24
-24
-16
-9
-2
-6
-3
2
3
1
3
7
2
4
-2
-1
0
-5
2
-9
-4
-1
0
-5
-16
-23
-26
-23
-22
-21
-29
-21
-27
-27
-19
-19
-15
-28
-39
-29
-24
-27
-31
-27
-37
-26
-38
-35
-32
-46
-37
-45
-35
-33
-36
-34
-39
-32
-31
-33
-36
-37
-22
-17
-13
-13
-12
-16
-22
-15
-8
-3
8
10
9
4
8
6
15
10
-11
-26
-22
5
10
11
13
3
-13
-21
-7
-9
-6
-15
-27
-23
-27
-31
-38
-36
-29
-17
-7
-19
-27
-31
-25
-6
3
-7
-24
-34
-23
-11
-9
0
0
-7
-14
-5
5
0
-12
-15
1
4
2
11
-1
-4
1
4
8
8
17
19
13
15
21
20
28
22
21
23
23
36
40
49
45
39
37
33
38
40
38
37
41
36
36
42
37
43
41
34
33
26
26
21
16
15
8
9
10
6
12
11
5
7
9
16
15
7
21
21
16
16
13
19
15
18
23
21
20
15
21
21
19
17
20
28
30
21
19
23
13
17
20
19
11
10
17
21
21
16
14
7
18
23
26
26
19
15
11
13
17
18
15
23
27
35
30
32
33
28
26
33
44
45
44
41
40
51
54
53
53
55
59
56
58
54
58
55
43
46
42
37
40
45
44
38
31
27
20
11
9
7
5
4
-5
-6
0
-7
-7
-9
-13
-15
-18
-19
-15
-13
-12
-12
-17
-24
-28
-24
-23
-24
-23
-21
-19
-24
-24
-28
-32
-33
-25
-18
-23
-17
-9
2
4
1
-4
-6
1
8
23
37
23
-2
5
18
20
23
10
3
-2
0
32
29
4
-4
-7
-15
-13
2
3
-23
-25
-11
-14
-3
-27
-32
-26
-14
-17
-29
-19
-39
-48
-40
-31
-34
-36
-39
-67
-63
-47
-49
-57
-60
-54
-60
-61
-40
-36
-17
13
19
-5
-17
-25
-72
-79
-40
-14
-15
-31
-47
-88
-76
-31
-51
-51
-54
-49
-32
-39
-25
-64
-62
-9
-13
10
0
-25
1
5
7
-19
-4
31
-14
-48
-46
-22
-8
-10
-5
-33
-61
-59
-62
-63
-37
-36
-71
-75
-61
-45
-84
-60
-16
19
73
31
-50
-131
-118
-50
-31
-45
-111
-154
-132
-97
-52
-71
-128
-147
-112
-36
-9
-44
-91
-103
-63
4
36
21
-12
-9
25
79
113
94
55
31
40
78
100
97
86
39
11
18
34
42
40
26
10
7
23
53
53
53
51
59
70
69
66
65
59
62
70
77
71
58
55
45
46
51
56
58
62
54
50
44
44
29
14
4
4
1
-3
-10
-7
-6
-10
-16
-41
-55
-61
-60
-67
-68
-59
-67
-82
-105
-117
-119
-130
-115
-104
-88
-89
-80
-65
-51
-46
-45
-63
-60
-27
10
25
29
17
18
20
30
22
-7
-12
-5
15
17
7
-17
-32
-41
-43
-52
-76
-104
-93
-39
35
78
95
80
79
134
249
342
376
366
325
283
276
331
373
366
326
269
233
240
247
204
126
36
-24
-59
-60
-62
-73
-98
-120
-121
-97
-71
-26
17
95
194
274
320
313
287
259
290
347
381
381
337
266
219
197
183
135
82
15
-70
-108
-115
-134
-179
-223
-263
-293
-275
-255
-269
-291
-294
-274
-252
-225
-198
-198
-180
-152
-140
-147
-148
-141
-161
-195
-211
-206
-219
-224
-212
-209
-216
-198
-202
-234
-255
-276
-254
-223
-181
-178
-197
-225
-250
-254
-254
-276
-315
-341
-319
-270
-251
-210
-243
-263
-278
-255
-179
-86
70
228
359
403
361
278
228
274
352
419
417
362
318
329
415
469
432
299
130
1
-42
-32
-53
-109
-187
-231
-227
-174
-129
-136
-189
-234
-223
-154
-58
25
85
141
219
291
352
379
363
323
302
317
353
383
405
391
342
293
240
185
143
104
61
11
-36
-58
-66
-66
-80
-103
-131
-179
-230
-245
-229
-214
-214
-214
-210
-200
-176
-134
-103
-121
-148
-165
-165
-158
-108
-61
-54
-36
-3
39
50
36
4
-12
-35
-33
-4
41
60
37
15
-17
-39
-70
-82
-105
-133
-158
-180
-174
-162
-155
-169
-165
-185
-189
-153
-116
-86
-72
-57
-42
-28
-10
9
33
60
71
79
91
88
77
75
72
64
46
43
36
36
21
5
-13
-30
-28
-21
-10
5
26
55
101
124
133
123
92
73
71
84
103
113
123
120
111
112
111
102
75
40
17
2
-2
-11
-23
-30
-27
-15
5
18
6
-15
-36
-28
2
39
57
75
96
110
141
160
168
157
124
110
115
147
188
202
213
200
194
189
175
161
144
130
122
131
138
151
158
138
112
90
66
61
57
70
84
90
87
82
85
83
72
45
24
12
32
54
58
44
23
5
-2
5
11
0
-19
-38
-44
-34
-35
-35
-49
-76
-96
-117
-128
-140
-155
-176
-205
-249
-289
-300
-298
-292
-305
-332
-351
-366
-378
-377
-360
-351
-363
-381
-387
-380
-354
-321
-262
-195
-142
-93
-60
-61
-71
-66
-41
-6
32
54
67
89
134
194
233
232
191
143
107
84
71
57
40
14
6
-3
-20
-37
-72
-101
-137
-158
-146
-107
-67
-33
4
42
87
107
140
175
192
200
194
238
289
337
381
410
434
429
450
473
424
382
349
333
341
355
389
363
271
231
218
179
179
160
97
60
66
72
73
64
56
42
21
-10
-13
24
15
84
-18
-166
-151
-184
-139
-65
-49
-166
-284
-357
-390
-334
-318
-373
-390
-402
-353
-322
-408
-460
-526
-531
-451
-400
-360
-371
-405
-414
-387
-352
-333
-339
-387
-427
-419
-402
-386
-374
-399
-440
-501
-513
-442
-291
-45
198
359
367
287
166
87
154
270
380
409
378
373
429
546
611
516
328
102
-57
-84
-50
-32
-115
-199
-254
-248
-179
-183
-235
-327
-369
-297
-166
4
154
237
315
418
553
686
763
770
711
658
691
768
853
883
822
708
581
511
463
409
317
174
30
-46
-54
-22
-14
-47
-133
-232
-266
-278
-250
-255
-282
-303
-298
-252
-188
-148
-140
-150
-202
-221
-203
-204
-204
-212
-228
-241
-224
-173
-150
-165
-216
-295
-351
-363
-321
-285
-276
-280
-309
-314
-323
-339
-373
-442
-486
-496
-460
-429
-391
-394
-455
-536
-562
-549
-528
-456
-453
-431
-416
-317
-66
292
724
980
991
812
600
552
682
878
990
901
734
630
673
842
871
704
327
-57
-245
-277
-216
-272
-419
-562
-622
-501
-348
-268
-328
-464
-512
-401
-178
92
267
377
478
618
818
937
968
847
675
556
553
611
649
615
486
329
188
110
63
-13
-136
-290
-387
-408
-321
-204
-120
-107
-138
-204
-248
-262
-278
-277
-298
-287
-226
-139
-53
-18
-38
-97
-155
-209
-226
-221
-198
-155
-112
-79
-10
61
50
2
-81
-175
-257
-238
-178
-110
-66
-75
-102
-165
-186
-209
-287
-371
-473
-520
-521
-451
-350
-314
-297
-350
-381
-422
-435
-438
-426
-347
-226
-60
121
374
605
786
834
755
601
499
515
631
769
800
710
579
537
607
691
663
442
146
-109
-189
-181
-190
-257
-390
-487
-469
-364
-256
-246
-329
-447
-504
-437
-290
-142
-19
61
152
239
359
447
421
342
217
150
186
285
362
370
304
205
128
90
41
-44
-176
-312
-363
-332
-218
-104
-48
-70
-178
-291
-387
-415
-412
-430
-458
-471
-399
-299
-202
-121
-128
-181
-235
-266
-201
-84
23
115
198
266
356
444
467
382
274
170
111
168
231
277
276
225
131
69
34
-24
-88
-211
-276
-288
-244
-138
-83
-68
-126
-178
-202
-186
-114
-96
-100
-114
-143
-109
-86
-68
-45
11
156
305
359
301
147
20
-3
60
151
186
163
130
183
327
473
515
428
247
83
-3
-13
0
-17
-56
-114
-144
-155
-177
-250
-366
-489
-579
-596
-557
-476
-412
-388
-385
-381
-350
-299
-288
-325
-365
-381
-335
-230
-95
35
120
178
194
223
259
287
292
269
263
277
341
416
468
466
421
346
252
194
157
93
35
-12
-32
-4
17
13
-57
-126
-171
-146
-85
-32
18
66
116
193
298
358
369
353
346
330
383
458
515
514
473
425
407
399
359
317
258
161
102
95
93
97
52
-24
-85
-129
-159
-200
-282
-398
-489
-535
-541
-552
-593
-654
-720
-736
-686
-516
-263
34
210
236
142
-9
-55
7
153
270
275
260
288
447
645
766
691
422
109
-119
-211
-245
-320
-438
-564
-628
-573
-498
-489
-601
-790
-919
-945
-824
-634
-463
-319
-191
-10
191
366
453
414
312
255
290
436
602
727
755
686
661
642
634
598
457
279
104
72
167
257
308
239
136
33
-33
-31
-65
-114
-175
-238
-197
-134
-57
-17
-43
-80
-120
-104
-40
15
75
81
117
184
257
356
397
419
407
372
365
349
318
298
228
207
143
73
-12
-105
-125
-253
-322
-472
-586
-658
-724
-715
-823
-865
-946
-980
-1005
-997
-1007
-1019
-977
-815
-455
119
733
1069
1087
808
514
403
506
763
818
655
423
294
399
557
590
290
-232
-693
-911
-917
-850
-935
-1075
-1158
-1038
-740
-478
-351
-449
-556
-536
-318
-22
233
371
457
626
879
1119
1219
1126
831
594
459
472
502
425
299
126
76
114
174
184
39
-105
-214
-190
-43
109
234
296
350
409
412
356
211
9
-169
-309
-338
-356
-364
-353
-389
-405
-437
-479
-504
-593
-574
-508
-394
-182
25
245
385
476
510
428
313
197
97
73
69
92
142
95
86
-59
-234
-464
-768
-956
-1143
-1097
-1049
-975
-957
-1019
-1078
-1060
-957
-859
-761
-597
-84
653
1475
1887
1803
1337
813
663
787
1029
946
608
268
172
394
590
487
-21
-646
-1036
-1050
-938
-868
-964
-1012
-824
-421
53
260
237
40
-20
158
459
713
792
834
961
1187
1396
1479
1295
945
583
365
311
279
236
130
39
49
126
174
109
-44
-186
-216
-153
-35
48
81
102
157
251
276
192
-20
-242
-388
-423
-384
-384
-457
-559
-652
-684
-659
-643
-685
-778
-793
-747
-588
-396
-174
-18
77
201
244
294
217
148
29
-53
-56
-61
-55
-169
-190
-294
-329
-385
-476
-599
-806
-872
-917
-875
-807
-691
-601
-549
-436
-345
-181
216
912
1649
2143
2163
1785
1264
884
836
880
878
637
362
223
349
572
595
308
-243
-712
-915
-875
-804
-776
-763
-597
-241
214
550
600
495
328
292
377
511
553
518
613
807
1055
1175
1119
816
435
165
10
-27
-92
-122
-163
-143
-22
32
38
-120
-279
-382
-407
-349
-296
-267
-241
-190
-123
-79
-201
-384
-627
-763
-768
-691
-575
-556
-541
-511
-471
-394
-376
-416
-494
-568
-481
-359
-213
-35
36
81
79
42
-1
-114
-175
-232
-338
-402
-425
-413
-416
-446
-476
-587
-662
-709
-719
-699
-653
-634
-617
-626
-532
-420
-305
-127
-23
284
802
1585
2221
2456
2185
1656
1122
846
766
739
508
125
-107
-113
148
345
300
-10
-449
-729
-810
-824
-846
-841
-689
-305
216
698
922
860
709
573
516
431
277
118
94
341
694
998
1097
938
586
180
-53
-166
-281
-323
-303
-148
54
282
413
341
145
-136
-342
-509
-590
-538
-452
-341
-203
-116
-100
-281
-581
-862
-1122
-1211
-1195
-1085
-913
-725
-533
-383
-286
-237
-269
-335
-330
-233
-40
129
319
435
461
405
321
163
6
-169
-317
-378
-504
-535
-560
-531
-484
-446
-443
-486
-564
-604
-588
-594
-557
-631
-582
-661
-574
-345
-155
233
755
1579
2353
2733
2655
2176
1566
1213
1011
977
795
455
231
149
387
594
569
248
-281
-681
-853
-929
-925
-944
-841
-488
-34
467
744
779
685
473
378
259
101
-106
-192
-11
314
641
893
961
821
515
237
52
-161
-242
-250
-141
73
263
426
421
321
107
-137
-383
-586
-635
-545
-355
-166
-36
-42
-165
-417
-648
-845
-1008
-1083
-1118
-1036
-842
-596
-396
-300
-264
-328
-359
-351
-185
-12
183
383
574
776
862
859
670
396
99
-113
-189
-201
-157
-228
-324
-398
-462
-412
-409
-443
-516
-614
-625
-666
-659
-793
-1016
-1083
-1055
-630
-7
883
1818
2438
2700
2523
2071
1611
1190
888
679
422
276
210
370
603
687
579
219
-227
-632
-950
-1141
-1256
-1166
-822
-369
187
595
748
652
384
126
-135
-394
-634
-823
-798
-529
-163
175
416
521
443
263
9
-99
-163
-175
-34
109
313
475
577
572
400
134
-216
-476
-623
-579
-381
-158
16
164
201
139
-96
-460
-754
-1056
-1170
-1152
-1027
-828
-639
-456
-332
-181
-115
-108
-121
-51
157
327
569
741
846
810
713
550
261
-25
-279
-376
-331
-120
84
263
271
178
13
-139
-288
-520
-650
-877
-957
-1038
-1104
-1084
-1193
-1121
-1050
-528
475
1659
2565
2733
2307
1654
1149
898
805
542
203
-208
-276
-24
291
438
166
-239
-587
-795
-906
-1092
-1226
-1097
-659
-39
463
727
731
542
281
18
-280
-625
-998
-1146
-1001
-630
-296
-103
30
105
108
-19
-142
-308
-288
-71
203
535
712
715
590
437
304
88
-126
-414
-532
-337
5
379
657
735
668
431
103
-223
-589
-833
-1026
-1082
-978
-795
-633
-523
-376
-237
-55
71
187
304
488
684
879
1028
993
906
632
380
99
-120
-197
-272
-177
-9
234
312
322
230
96
9
-93
-205
-398
-626
-864
-899
-1117
-1075
-1217
-1222
-731
211
1530
2324
2488
1979
1377
945
762
615
364
-107
-430
-412
-151
216
244
46
-312
-607
-677
-838
-1039
-1109
-843
-314
260
680
873
894
749
473
76
-324
-722
-1034
-1178
-995
-675
-424
-188
36
219
210
-16
-239
-288
-171
165
467
677
805
726
566
298
-7
-310
-557
-752
-739
-388
136
653
1032
1188
1072
780
345
-8
-348
-633
-806
-952
-882
-686
-507
-393
-348
-249
-100
190
517
800
963
1065
1117
1101
1023
821
417
-56
-374
-542
-399
-178
120
303
474
591
624
542
234
32
-348
-520
-664
-881
-1026
-1375
-1597
-1811
-1438
-259
1283
2481
2630
1980
1264
877
855
786
412
-112
-688
-782
-428
-49
134
-123
-512
-741
-823
-914
-1237
-1484
-1323
-717
17
536
773
782
670
484
97
-277
-670
-1080
-1279
-1182
-790
-442
-268
-94
-13
-74
-270
-451
-432
-249
254
671
864
1026
841
500
103
-275
-661
-880
-1039
-1065
-621
45
704
1207
1435
1310
1030
531
65
-396
-779
-918
-975
-859
-601
-489
-539
-520
-436
-310
-117
142
474
935
1353
1586
1556
1274
894
283
-185
-568
-816
-839
-662
-326
44
450
667
783
760
573
362
104
-145
-414
-807
-1225
-1632
-1923
-1935
-986
510
1986
2606
2051
1104
452
451
522
379
1
-322
-404
-117
240
348
145
-269
-545
-664
-597
-755
-1056
-1116
-750
-175
305
485
447
324
154
-103
-443
-642
-761
-862
-797
-541
-282
-164
-36
128
93
-97
-376
-421
-262
216
757
997
1159
1101
741
280
-46
-434
-732
-964
-1210
-1113
-580
213
989
1612
1807
1588
1083
498
-41
-538
-925
-1132
-1122
-823
-437
-333
-345
-338
-372
-383
-257
-63
253
681
1080
1417
1480
1341
948
265
-314
-846
-1109
-1197
-877
-337
192
734
923
955
734
445
162
-163
-476
-911
-1168
-1286
-1387
-886
428
2084
2940
2436
1117
42
-268
-58
103
-9
-228
-397
-191
106
394
240
-220
-597
-671
-363
-110
-128
-134
-43
260
572
573
377
57
-282
-596
-700
-624
-545
-594
-659
-490
-180
18
177
345
479
386
28
-208
-144
328
662
585
450
308
104
-54
-126
-203
-149
-284
-698
-868
-665
-190
376
842
1145
1356
1260
828
240
-299
-695
-1070
-1285
-1144
-753
-410
-183
-7
16
25
-80
-151
68
421
733
892
983
836
551
8
-605
-1012
-1242
-1205
-897
-475
39
401
415
470
237
90
-168
-327
-602
-1155
-1454
-1679
-537
1728
3957
4407
2810
650
-748
-868
-510
-189
-153
-149
-348
-325
-90
145
22
-705
-1199
-1052
-201
536
542
266
269
609
760
561
284
105
-148
-567
-904
-874
-757
-1037
-1502
-1503
-788
-2
525
808
1025
1104
922
784
682
606
366
-88
-480
-443
-167
-93
-235
-506
-622
-641
-759
-807
-477
225
855
1190
1216
1035
688
96
-569
-1116
-1344
-1296
-986
-544
-146
3
-144
-254
-327
-288
-274
-199
-15
274
613
884
853
501
86
-441
-772
-1065
-918
-678
-359
-65
-113
5
49
125
-71
-440
-794
-1262
-1709
-1991
-811
1880
4450
4856
2828
494
-497
38
558
598
269
102
45
29
33
-92
-724
-1877
-2311
-1578
-19
895
768
436
645
1070
911
220
-173
134
506
493
314
432
372
-415
-1514
-2056
-1722
-1179
-710
-171
489
911
890
616
599
860
903
601
378
558
780
623
9
-614
-1036
-1434
-1794
-1758
-1012
63
883
1167
1031
683
117
-450
-802
-791
-671
-579
-480
-194
18
-157
-523
-817
-782
-596
-307
72
570
914
909
442
-107
-363
-424
-566
-754
-792
-554
-233
-177
-183
-371
-257
-371
-604
-995
-1201
-1202
-1245
-88
1956
4085
4066
1873
-467
-1315
-300
842
1529
1635
1378
848
329
103
97
-286
-1007
-1114
-319
1067
1448
618
-438
-829
-587
-466
-416
-25
669
1179
1183
1115
1176
800
-174
-1046
-924
-47
438
452
319
342
135
-562
-1078
-836
-59
334
377
506
1090
1480
1066
224
-319
-244
-204
-452
-614
-204
350
275
-304
-849
-1134
-1359
-1542
-1304
-402
407
466
-106
-628
-797
-918
-1197
-1302
-862
-117
517
693
748
564
181
-544
-1128
-1344
-1146
-685
-503
-369
-425
-274
-418
-679
-952
-1217
-1229
-1358
-1170
-1021
201
2571
4848
5083
2522
-324
-1768
-1132
-209
471
1109
1395
698
-601
-1083
-498
-73
-614
-907
-27
1789
2668
1772
340
-394
-254
-27
269
892
1456
1347
429
-393
-389
-122
-411
-800
-433
874
1950
2174
1825
1316
762
-14
-627
-545
79
369
40
-336
-318
-165
-257
-439
-323
179
423
49
-456
-420
84
413
379
221
60
-347
-1040
-1745
-1978
-1726
-1354
-934
-491
-112
-156
-498
-813
-921
-795
-679
-447
23
545
744
254
-400
-1103
-1672
-1851
-1861
-1439
-1069
-682
-609
-942
-1365
-2011
-2262
-2272
-1527
783
3905
5874
4421
957
-1464
-1354
201
1411
1812
1630
779
-338
-915
-517
7
-390
-899
-652
265
679
-74
-1073
-1218
-376
745
1514
2015
2262
1806
758
-254
-609
-281
285
984
1564
1881
1535
724
42
-306
-453
-449
133
1338
2481
2658
1718
455
-372
-678
-692
-301
461
1029
891
58
-635
-791
-710
-797
-765
-202
430
432
-163
-679
-887
-1117
-1603
-1807
-1362
-731
-693
-1170
-1269
-714
-121
58
82
362
658
335
-308
-856
-790
-567
-536
-776
-1061
-1093
-1329
-1854
-2589
-3328
-3574
-3490
-1708
1844
5277
5689
2147
-1414
-2466
-410
2001
3357
3774
2615
302
-1886
-2098
-1023
-688
-1477
-1457
-115
1376
1014
-755
-1943
-1672
-330
832
1824
2630
2573
1419
-238
-963
-211
757
1239
1186
1406
1678
1279
505
29
450
1305
1639
1672
1795
1934
1233
-351
-1350
-1037
72
813
1087
1303
1327
631
-715
-1588
-1110
144
1160
1530
1319
743
-320
-1403
-1916
-1743
-1196
-903
-589
-294
-289
-691
-1163
-1339
-1339
-1232
-1032
-617
-276
-109
-4
198
509
215
-400
-962
-1072
-1001
-1304
-1510
-1874
-1901
-2415
-2287
-507
2274
3310
432
-3117
-3781
-789
2497
3840
3900
2926
735
-1890
-2544
-515
1575
1523
423
198
859
249
-2129
-4307
-4459
-2495
-342
1001
1499
1177
81
-1029
-983
569
2179
2677
2057
1440
1682
2006
1842
1247
882
974
700
224
70
620
1118
875
661
1056
1794
1765
1072
391
204
96
-31
127
761
1431
1191
323
-722
-1192
-1352
-1236
-748
-232
69
-296
-770
-1061
-1104
-1015
-739
-141
320
146
-487
-1006
-1119
-1019
-962
-843
-547
-255
-343
-764
-1164
-1321
-1493
-1737
-2052
-1772
-242
2005
2971
940
-2312
-3501
-1555
1349
2751
2790
1937
34
-2175
-2673
-545
1733
1902
597
-287
-299
-796
-2253
-3182
-2465
-760
228
32
-317
-588
-1095
-1969
-1897
-78
2207
3160
2132
519
-391
-391
280
1370
2571
3232
2631
1174
231
412
879
702
529
1150
1904
1674
432
-381
-173
382
566
571
1033
1528
1416
671
35
111
404
370
-3
-183
-59
-404
-1197
-1846
-1690
-1060
-751
-702
-595
-117
19
-592
-1318
-1343
-801
-374
-479
-572
-504
-648
-1162
-1826
-1890
-1230
701
2896
3240
515
-2986
-3707
-1436
1144
2275
2449
1649
-769
-3598
-3682
-616
2209
2144
562
191
717
111
-1860
-2998
-1985
-167
471
-240
-986
-1488
-2298
-3312
-3052
-1169
708
892
-210
-638
228
1351
1770
1906
2444
2927
2545
1589
1413
2198
2757
2204
1304
973
664
-307
-1332
-1181
-92
725
597
80
-111
104
520
896
1194
1354
1313
1018
615
411
384
326
194
160
142
-187
-1072
-1954
-2253
-1665
-697
176
534
268
-525
-1517
-1892
-1499
-565
-130
-404
-861
1
2162
3480
1740
-1979
-3688
-1871
1545
3441
3732
2824
199
-3489
-5056
-2170
2036
3248
1212
-708
-1025
-1340
-2474
-3077
-1984
-396
100
-391
-990
-1465
-2199
-2884
-2568
-1081
569
990
-16
-1321
-1759
-1063
-7
1102
2157
2778
2435
1089
58
326
1521
2435
2569
2419
2024
1209
408
405
1082
1342
694
-208
-577
-391
-198
-107
28
36
-261
-846
-1168
-1063
-648
-183
282
962
1372
1016
-31
-652
-282
427
675
477
404
180
-713
-2038
-2598
-2060
-1383
-1149
-161
2233
3875
2096
-1752
-3184
-503
3325
5035
4921
3955
1624
-1755
-3057
-289
3377
3729
1032
-1067
-1287
-1752
-3429
-4324
-2877
-695
-165
-1233
-2144
-2305
-2450
-2815
-2508
-1070
414
518
-712
-1689
-1322
-145
734
1055
1294
1363
635
-579
-798
686
2386
2576
1445
502
291
221
103
575
1611
2006
1020
-581
-1312
-776
392
1195
1202
553
-424
-1407
-2097
-1906
-893
145
275
-416
-1200
-1706
-1999
-1889
-1027
241
902
529
-188
-636
-730
-672
-331
149
615
1518
3032
3698
1792
-1720
-3156
-929
2630
4189
3643
2238
230
-2088
-2465
734
4704
5326
2329
-399
-650
-41
-430
-913
-111
1007
587
-1195
-2544
-2617
-2364
-2520
-2623
-2013
-1097
-979
-1997
-3044
-2743
-1049
670
1417
1373
1064
436
-461
-654
571
2378
2903
1739
299
-257
-69
289
868
1568
1594
451
-1057
-1513
-667
464
889
623
91
-587
-1310
-1721
-1507
-859
-413
-404
-617
-784
-1054
-1584
-1894
-1461
-553
-163
-711
-1564
-1954
-1721
-1112
-271
358
29
-717
-356
1564
2820
1748
-217
-172
1955
3588
3574
2955
2425
1113
-393
240
3157
4875
3054
-194
-1325
-394
155
-440
-540
276
626
-405
-1694
-1916
-1261
-691
-630
-683
-637
-589
-825
-1204
-1338
-849
74
804
866
370
-307
-764
-673
226
1543
2251
1830
944
475
445
404
510
1162
1912
1788
639
-540
-872
-434
184
560
466
-234
-1258
-2034
-2126
-1535
-789
-500
-851
-1496
-1969
-2225
-2204
-1661
-798
-335
-753
-1427
-1779
-1819
-1875
-1626
-1031
-912
-1351
-767
1505
3126
1545
-1504
-2004
774
3473
3843
3126
2587
1352
-410
-105
3004
5360
3699
129
-1163
189
1121
396
-205
310
508
-665
-2050
-2276
-1649
-1199
-1086
-914
-771
-870
-1246
-1526
-1417
-669
437
1291
1416
1005
533
307
521
1510
2887
3492
2617
1133
443
695
1206
1555
1814
1631
829
-83
-270
147
432
384
338
212
-296
-912
-1104
-806
-580
-601
-776
-1032
-1453
-1988
-2358
-2304
-1850
-1496
-1543
-1984
-2313
-2339
-2121
-1856
-1401
-998
-995
-1060
-82
1549
1746
-181
-1812
-636
2080
3400
2668
1666
843
-256
-583
1641
4723
4828
1437
-1364
-934
874
1308
732
608
446
-744
-2353
-2891
-2419
-1832
-1412
-965
-927
-1618
-2521
-2911
-2686
-1855
-468
790
911
72
-432
-1
663
1158
2007
3149
3384
2293
1224
1303
2049
2522
2729
2915
2594
1422
279
144
711
958
698
385
-3
-731
-1452
-1380
-583
24
-270
-1182
-1834
-1837
-1435
-1056
-811
-636
-752
-1358
-2152
-2441
-1982
-1454
-1424
-1644
-1635
-1260
-537
277
326
-915
-2103
-1211
1443
3316
2981
1610
493
-282
-291
1737
4734
5347
2381
-783
-862
934
1725
1218
916
597
-681
-2100
-2115
-1335
-1494
-2440
-2601
-1949
-1823
-2565
-3093
-2961
-2609
-2085
-1185
-397
-479
-1097
-1172
-465
531
1570
2466
2489
1402
509
1045
2576
3600
3757
3452
2693
1314
212
572
1997
2849
2229
796
-492
-1228
-1348
-747
94
403
-202
-1288
-2060
-2134
-1676
-1108
-658
-413
-473
-908
-1548
-1925
-1645
-1023
-588
-630
-864
-814
-81
925
968
-527
-2013
-1265
1327
3223
2821
1487
403
-495
-990
624
3993
5609
3284
-240
-874
1016
2277
1822
1392
1424
782
-678
-1369
-945
-729
-1429
-2062
-1985
-1932
-2481
-3184
-3503
-3444
-2963
-1974
-1130
-1177
-1857
-2211
-1810
-867
488
1847
2246
1220
-72
68
1691
3291
3820
3349
2282
1138
618
1245
2446
3133
2777
1671
299
-791
-1092
-541
249
487
25
-946
-2007
-2695
-2599
-1888
-1212
-967
-1114
-1511
-2056
-2345
-2004
-1274
-776
-740
-851
-886
-508
526
1775
1845
390
-753
209
2469
3706
3293
2288
1245
87
-138
1708
4158
4182
1523
-634
-224
1251
1670
1247
1084
959
233
-547
-575
-202
-234
-680
-1066
-1365
-1703
-1941
-2119
-2516
-2844
-2449
-1599
-1387
-2048
-2519
-2192
-1698
-1399
-684
536
1075
225
-771
-338
1334
2807
3227
2699
1679
771
690
1561
2615
3120
2888
1923
361
-941
-932
211
1037
582
-608
-1611
-2107
-2205
-1991
-1640
-1546
-1864
-2305
-2595
-2609
-2292
-1863
-1674
-1824
-1889
-1593
-1386
-1382
-833
811
2207
1791
10
-736
539
2374
3183
3059
2617
1655
551
676
2659
4452
3941
1717
351
801
1652
1631
1159
949
828
390
-158
-444
-638
-923
-1122
-1064
-1000
-1208
-1565
-1924
-2185
-2200
-1728
-1065
-922
-1459
-2041
-2018
-1430
-636
165
626
320
-485
-734
166
1449
1973
1554
930
630
636
860
1345
2024
2468
2215
1334
482
323
756
1076
919
504
14
-673
-1521
-2052
-1978
-1690
-1752
-2190
-2640
-2894
-3020
-3094
-2975
-2613
-2073
-1660
-1669
-2035
-2062
-1046
640
1506
701
-592
-613
795
2230
2767
2617
2060
1076
424
1299
3371
4451
3226
1256
760
1732
2433
2081
1534
1492
1486
950
201
-216
-306
-366
-391
-422
-745
-1393
-1989
-2208
-2098
-1705
-1094
-600
-764
-1446
-1872
-1633
-953
-185
469
683
272
-269
-175
499
1063
1242
1354
1410
1165
793
906
1524
2006
1989
1704
1370
934
585
603
924
1117
912
341
-437
-1089
-1260
-1000
-833
-1104
-1567
-1906
-2265
-2731
-2960
-2653
-2162
-2037
-2262
-2531
-2732
-2686
-1926
-445
623
182
-1166
-1601
-432
1222
2132
2169
1746
1024
475
920
2401
3578
3258
2014
1332
1602
1883
1622
1338
1530
1748
1388
632
-26
-403
-572
-468
-124
16
-403
-1178
-1784
-1922
-1600
-937
-329
-342
-1079
-1902
-1983
-1298
-380
262
437
250
-92
-228
26
579
1181
1602
1696
1511
1195
976
1036
1357
1785
2009
1809
1290
792
606
767
1068
1115
645
-144
-690
-722
-546
-544
-727
-962
-1337
-1899
-2316
-2260
-1914
-1692
-1665
-1800
-2132
-2461
-2124
-1019
-221
-620
-1469
-1367
-365
305
159
53
378
521
349
699
1718
2155
1364
574
1065
2129
2310
1516
911
1067
1408
1396
1084
601
-27
-509
-449
-4
121
-363
-1004
-1316
-1252
-1040
-846
-754
-919
-1232
-1441
-1345
-971
-483
-158
-179
-438
-566
-324
44
295
461
657
830
876
926
1077
1171
1084
1021
1190
1433
1447
1173
850
681
662
624
466
267
184
101
-172
-573
-762
-611
-427
-507
-779
-1046
-1286
-1472
-1427
-1032
-562
-411
-809
-1488
-1932
-1638
-568
501
688
-164
-1209
-1416
-642
588
1483
1488
674
-241
-331
513
1481
1740
1225
564
274
352
576
652
460
150
-23
31
95
-113
-590
-1040
-1110
-626
2
103
-573
-1403
-1517
-880
-194
-86
-391
-743
-919
-860
-549
-72
249
180
-129
-370
-365
-112
295
704
870
684
283
6
79
487
972
1226
1107
698
212
-54
98
586
972
880
384
-120
-301
-210
49
335
400
81
-484
-924
-931
-472
240
672
328
-623
-1240
-832
162
807
684
152
-378
-630
-351
454
1136
979
160
-320
67
658
685
245
-18
192
551
747
673
340
-115
-335
-4
597
763
200
-609
-947
-631
-53
339
272
-246
-918
-1238
-919
-252
127
-100
-590
-854
-724
-377
-53
140
135
-43
-246
-376
-409
-305
-71
203
256
-31
-460
-684
-544
-174
175
285
97
-260
-462
-313
95
454
596
498
294
126
101
276
485
543
366
156
70
65
28
-8
80
275
390
266
-49
-305
-292
-2
362
568
450
78
-282
-296
112
606
771
498
91
-107
-49
127
307
371
311
204
198
242
122
-144
-247
36
455
617
407
23
-265
-281
53
526
669
212
-491
-785
-492
22
285
173
-167
-457
-494
-312
-215
-357
-478
-332
-105
-185
-476
-578
-395
-285
-336
-342
-224
-221
-447
-584
-411
-95
8
-118
-240
-244
-216
-161
-21
167
265
202
70
-23
8
154
323
391
337
265
260
282
220
82
56
195
341
320
146
10
-1
19
-47
-119
-109
-83
-182
-290
-167
52
29
-258
-370
-73
313
410
263
114
1
-61
83
486
803
663
252
30
134
308
362
359
331
225
65
-4
67
154
171
143
119
106
127
129
-16
-274
-401
-242
-12
-55
-362
-613
-638
-584
-596
-588
-508
-470
-525
-550
-487
-397
-337
-268
-141
-50
-67
-129
-110
-5
115
135
8
-179
-243
-51
222
307
157
-14
-32
21
31
32
109
169
111
5
20
164
178
-25
-258
-284
-125
-24
-55
-90
-62
-95
-221
-280
-138
83
152
39
-100
-178
-184
-98
93
274
274
130
20
66
198
280
307
335
398
452
440
333
230
225
341
468
483
362
180
56
14
22
20
-31
-77
-44
-30
-158
-390
-529
-441
-253
-157
-175
-224
-306
-428
-496
-356
-89
45
-70
-250
-257
-77
132
222
200
119
67
112
247
341
296
169
134
196
214
139
101
161
195
102
4
43
136
95
-70
-121
-1
110
80
2
-26
-48
-129
-178
-94
45
99
19
-106
-179
-152
-54
58
94
10
-65
-41
24
43
8
16
84
113
68
1
-26
-20
-11
-1
44
114
167
155
60
-73
-125
-15
144
209
164
92
30
-36
-117
-141
-122
-121
-114
-70
-31
-115
-333
-474
-355
-100
55
30
-73
-127
-100
46
276
425
335
93
-12
135
332
355
274
231
238
224
206
260
310
257
123
52
119
228
257
202
98
-3
-24
87
193
162
3
-126
-114
-22
98
187
191
44
-161
-224
-99
43
44
-43
-113
-131
-115
-89
-66
-88
-158
-201
-173
-135
-158
-199
-189
-146
-98
-57
23
71
14
-84
-118
-46
42
95
104
40
-90
-218
-249
-204
-178
-206
-207
-125
-70
-160
-325
-402
-316
-141
-11
40
8
-102
-237
-268
-93
143
223
122
-19
-40
41
179
306
366
330
250
208
223
245
263
321
377
350
258
212
196
120
14
51
229
315
145
-107
-193
-115
-10
84
203
220
26
-210
-193
59
223
139
-19
-58
-50
-119
-172
-82
44
18
-153
-291
-302
-264
-259
-253
-192
-140
-178
-282
-363
-343
-253
-180
-160
-147
-132
-149
-223
-309
-326
-276
-212
-172
-158
-178
-227
-309
-386
-403
-338
-203
-72
-35
-123
-258
-319
-282
-189
-83
9
54
11
-85
-97
24
163
208
203
223
255
257
224
218
265
335
379
375
318
226
184
208
262
320
346
313
217
125
107
147
197
241
272
273
216
130
117
193
268
258
219
204
190
148
125
197
283
266
123
9
9
41
2
-90
-150
-147
-122
-140
-212
-311
-368
-346
-253
-187
-217
-318
-394
-396
-364
-334
-293
-229
-198
-224
-281
-298
-256
-211
-173
-114
-36
-53
-178
-273
-216
-82
-22
-34
-39
-17
-73
-184
-191
-84
48
83
31
-63
-164
-164
-28
144
167
63
-28
-19
22
71
160
239
202
62
16
142
304
315
217
178
246
306
308
325
394
457
416
345
340
393
418
394
371
368
354
318
301
307
284
187
78
43
61
40
-21
-52
-43
-55
-139
-240
-295
-285
-247
-219
-239
-323
-422
-423
-301
-191
-180
-241
-254
-202
-160
-146
-136
-101
-49
4
53
27
-63
-104
-42
70
123
111
80
37
-26
-73
-51
11
31
-7
-62
-115
-183
-246
-230
-178
-179
-268
-343
-304
-218
-186
-235
-272
-241
-148
-47
7
-9
-53
-47
53
214
332
369
322
280
291
336
417
511
578
551
465
407
413
414
359
315
327
322
220
66
-9
17
36
-19
-105
-160
-187
-199
-197
-224
-304
-374
-347
-237
-191
-265
-349
-320
-221
-180
-199
-190
-105
-26
-25
-49
-15
58
94
88
108
176
243
242
197
174
218
282
305
268
194
124
92
112
129
101
24
-71
-163
-225
-230
-206
-225
-324
-402
-369
-306
-356
-482
-522
-408
-260
-228
-288
-345
-347
-304
-155
53
175
124
-7
-32
84
253
398
483
471
360
232
224
331
410
379
273
178
96
21
-56
-77
-28
-8
-78
-219
-335
-366
-317
-258
-260
-322
-374
-354
-303
-295
-339
-325
-233
-154
-170
-222
-186
-61
38
46
49
124
223
269
260
271
318
352
365
384
426
420
341
282
305
362
349
267
179
130
109
82
45
18
-17
-77
-160
-234
-244
-226
-234
-305
-364
-339
-269
-222
-230
-272
-321
-338
-271
-103
53
86
-2
-84
-49
77
226
333
387
366
286
200
189
269
367
394
319
204
104
39
-8
-42
-63
-82
-118
-182
-288
-406
-463
-432
-358
-332
-368
-408
-405
-398
-421
-409
-323
-212
-183
-195
-152
-61
7
3
15
112
245
317
307
281
296
338
400
448
461
420
362
363
412
448
423
334
257
230
258
278
223
130
41
-9
-29
-48
-70
-94
-125
-154
-157
-138
-133
-162
-184
-171
-153
-130
-98
-32
34
56
25
-9
18
106
222
316
328
264
182
146
189
268
331
322
249
140
44
25
52
48
-8
-97
-163
-204
-259
-309
-333
-339
-373
-429
-465
-479
-486
-492
-485
-440
-401
-396
-397
-360
-262
-185
-164
-172
-136
-27
96
176
210
220
234
254
279
355
441
469
405
332
333
391
451
461
409
324
252
224
236
231
186
142
122
82
-3
-91
-112
-70
-38
-38
-43
-61
-135
-217
-206
-98
19
49
40
39
33
6
17
103
216
267
257
240
246
244
218
238
296
364
356
220
104
99
118
129
113
98
59
-112
-302
-172
-8
-256
-538
-482
-338
-340
-413
-482
-462
-446
-504
-539
-401
-273
-396
-526
-414
-190
141
190
-126
-116
5
-85
-105
12
71
159
458
495
156
28
-52
-282
-107
340
532
342
36
-160
-237
-210
-240
-205
-94
-10
19
-43
-149
-421
-534
-404
-273
-36
197
204
-44
-214
-184
-135
-137
-87
97
188
95
59
56
7
-61
-45
93
133
184
211
71
-9
-29
-56
-4
73
157
134
20
-46
-216
-326
-276
-114
97
110
1
-147
-316
-407
-364
-193
-32
77
108
15
-75
-96
-81
-59
4
96
134
71
20
-12
-75
-67
16
100
107
91
50
0
16
28
58
125
81
49
39
-63
-143
-119
-6
123
201
114
15
15
58
94
81
21
-73
-79
-64
-67
-41
-53
-111
-74
-1
-64
-118
-100
-123
-224
-178
-43
-60
-92
-99
-127
-151
-135
-124
-34
179
193
17
-95
-4
119
195
387
446
348
125
12
154
362
469
429
365
212
72
120
307
390
348
225
109
-62
-187
-130
33
114
4
-73
-106
-163
-203
-163
-53
1
35
66
85
50
-9
14
114
211
221
260
340
297
202
167
230
305
279
297
346
295
177
89
107
118
67
-16
-75
-76
-157
-181
-181
-210
-299
-388
-368
-330
-230
-195
-236
-346
-431
-386
-273
-150
-57
-35
-43
-128
-160
-96
14
113
113
169
162
98
-2
-57
11
64
112
98
51
-4
-59
-87
-152
-169
-130
-39
-11
-125
-202
-197
-110
-46
-6
60
79
22
-45
-12
90
218
240
141
58
69
143
226
281
267
248
204
134
90
149
245
288
276
215
175
147
92
88
164
200
137
46
2
-30
-19
3
3
-18
-67
-91
-95
-98
-135
-143
-105
-64
-73
-82
-96
-144
-172
-160
-121
-88
-71
-83
-106
-142
-190
-184
-152
-136
-136
-153
-163
-211
-238
-234
-220
-172
-174
-200
-216
-170
-159
-220
-230
-228
-194
-159
-141
-126
-122
-128
-148
-130
-84
-64
-59
-52
-31
-40
-60
-65
0
83
90
50
7
16
25
19
12
38
81
80
55
37
25
33
37
33
60
120
147
109
82
108
102
73
65
83
125
137
109
87
104
117
93
47
11
15
55
85
96
85
51
10
-10
-15
-6
25
39
9
-13
-12
-36
-58
-67
-100
-166
-184
-155
-146
-163
-175
-171
-189
-218
-236
-211
-159
-148
-144
-137
-151
-147
-123
-83
-64
-76
-74
-73
-39
28
68
51
39
86
89
43
7
-21
6
36
32
36
53
91
77
54
41
32
45
50
49
85
162
173
94
36
8
13
39
69
121
163
175
114
41
45
83
82
85
141
225
246
179
105
68
57
96
174
224
228
218
178
139
127
151
170
170
172
173
206
230
212
177
135
96
88
119
121
93
67
17
-27
-39
-44
-52
-50
-48
-84
-96
-101
-119
-134
-150
-115
-72
-32
-7
-11
-18
-59
-56
7
49
61
54
73
103
127
103
20
-15
12
43
39
31
15
-7
-42
-84
-76
-36
-9
-27
-57
-72
-85
-81
-84
-91
-72
-69
-90
-106
-108
-105
-111
-96
-49
-1
33
74
70
28
21
57
107
150
184
200
195
169
146
170
185
195
196
176
154
144
146
137
132
118
55
-22
-47
-30
-11
-11
-17
-56
-97
-119
-104
-78
-62
-56
-84
-92
-79
-59
-22
-3
-27
-57
-33
-2
-3
-12
-27
-28
-4
10
4
-5
-2
-8
-34
-44
-32
-28
-76
-123
-106
-68
-73
-122
-175
-216
-229
-223
-210
-198
-205
-228
-262
-273
-260
-251
-252
-235
-194
-170
-171
-171
-152
-152
-153
-119
-80
-46
-32
-39
-47
-24
-2
26
38
26
27
38
71
86
81
56
37
28
31
42
49
36
-12
-28
-8
8
10
-29
-64
-77
-66
-30
11
19
-13
-33
-13
39
80
104
127
128
110
125
170
201
204
185
164
151
163
175
172
160
145
123
99
87
85
73
41
17
1
-8
-7
-26
-75
-93
-96
-98
-99
-105
-102
-106
-125
-135
-142
-155
-156
-133
-97
-91
-123
-151
-163
-147
-113
-104
-86
-80
-90
-79
-65
-62
-62
-44
-41
-40
-28
-25
-38
-44
-36
-46
-39
-23
-26
-29
-31
-53
-74
-69
-40
-13
-8
-16
-35
-52
-44
-25
2
24
18
4
8
14
22
42
69
75
71
75
99
142
158
150
132
138
160
180
218
234
215
186
163
156
175
206
209
177
165
166
163
149
129
111
115
113
109
134
149
126
84
54
64
89
107
110
93
82
34
-13
-19
-8
-9
-24
-27
-33
-30
-46
-78
-92
-93
-77
-62
-39
-29
-47
-72
-85
-79
-59
-37
-17
-11
-13
-33
-48
-42
-37
-23
-14
1
-11
-47
-87
-116
-118
-105
-77
-61
-60
-74
-106
-125
-120
-105
-86
-63
-32
-7
-13
-22
-32
-39
-28
13
76
99
79
50
36
57
87
120
142
154
160
137
105
92
114
137
145
134
112
96
77
61
53
46
44
39
49
58
41
11
-15
-14
2
31
38
28
14
11
6
-1
-2
-8
-23
-37
-30
-31
-46
-66
-77
-80
-77
-91
-116
-122
-116
-111
-123
-136
-140
-134
-119
-118
-124
-142
-158
-161
-153
-145
-144
-140
-145
-171
-195
-191
-193
-195
-183
-157
-148
-168
-196
-206
-183
-153
-123
-106
-96
-96
-84
-66
-59
-43
-23
-5
9
22
35
45
52
55
61
83
107
94
68
72
87
106
111
112
108
105
101
79
83
103
107
104
87
76
79
81
84
70
86
103
110
96
68
82
91
116
135
139
133
104
88
75
78
99
114
106
77
50
31
34
46
41
36
23
9
-6
-12
-11
-13
-12
-31
-42
-48
-68
-73
-66
-70
-86
-98
-90
-77
-96
-125
-140
-147
-144
-135
-118
-91
-92
-105
-114
-120
-103
-85
-71
-63
-54
-39
-38
-35
-21
-4
2
-5
-12
-13
-2
1
9
25
25
28
19
0
2
18
25
32
36
27
17
22
44
71
79
63
44
40
60
70
75
87
90
87
73
68
81
101
100
95
108
108
105
95
100
128
134
119
107
109
104
86
78
97
111
97
74
56
52
51
56
55
35
16
9
10
17
7
-8
-27
-42
-44
-53
-48
-36
-31
-59
-92
-106
-95
-74
-59
-57
-62
-79
-105
-112
-97
-71
-57
-51
-42
-44
-54
-55
-41
-24
-17
-9
-18
-33
-30
-20
-9
-7
-6
-12
-15
-13
-18
-23
-21
-5
1
-3
-4
8
10
-1
0
-2
7
25
48
56
52
42
45
59
68
84
88
99
119
114
98
108
128
135
127
115
133
150
153
148
144
136
130
118
113
124
124
124
116
100
81
58
46
41
39
33
27
32
37
27
-16
-44
-42
-29
-11
-11
-21
-37
-60
-73
-77
-69
-65
-77
-81
-82
-73
-62
-59
-57
-55
-64
-78
-71
-54
-48
-48
-55
-70
-82
-88
-84
-89
-83
-90
-108
-113
-109
-106
-114
-121
-121
-118
-125
-143
-137
-121
-110
-118
-133
-126
-119
-114
-118
-122
-102
-86
-85
-87
-89
-82
-70
-63
-45
-16
2
22
28
33
33
30
33
43
64
77
72
62
65
58
47
50
60
69
69
62
51
51
39
26
19
17
30
45
44
27
18
7
7
26
48
55
50
39
35
46
57
69
73
77
81
72
65
75
90
90
79
76
66
46
29
20
20
13
-5
-29
-45
-49
-66
-79
-96
-104
-101
-106
-114
-122
-128
-145
-158
-144
-130
-129
-132
-138
-145
-150
-138
-117
-95
-69
-62
-64
-67
-66
-58
-48
-33
-16
2
7
2
-4
6
16
26
35
33
37
49
33
42
97
96
-26
-183
-192
-114
8
153
238
176
-12
-169
-199
-118
15
108
146
146
95
18
-45
-58
-16
82
188
255
236
146
59
-2
-2
54
112
158
163
135
82
22
-32
-60
-37
-10
7
-40
-57
-1
119
143
42
-114
-290
-373
-351
-179
13
126
55
-111
-239
-248
-199
-132
-52
-4
17
-41
-118
-173
-177
-104
-23
37
61
60
21
-19
-43
-36
-2
27
45
65
112
145
184
206
206
119
-19
-112
-130
-59
29
116
139
125
151
194
222
150
69
-33
-126
-152
-72
63
157
189
172
142
81
30
41
113
190
245
255
253
189
104
42
18
84
187
301
324
268
183
90
39
25
50
122
180
179
129
68
49
24
-20
-89
-126
-146
-171
-126
-51
-4
-25
-96
-194
-270
-283
-233
-139
-46
2
-4
-25
-63
-124
-159
-167
-152
-100
-56
8
56
14
-25
-88
-105
-46
-13
40
61
-20
-112
-153
-105
-42
-33
-32
-75
-142
-168
-155
-86
-81
-92
-92
-107
-76
-55
-62
-78
-90
-79
-45
5
66
69
52
24
-15
-29
-5
59
82
98
116
132
126
88
61
39
21
27
51
75
122
109
68
33
-19
4
78
71
34
-15
-45
-45
-36
7
-51
-78
-137
-114
8
24
31
-4
-72
-60
7
-22
0
-93
-153
-144
-27
125
88
31
-38
-38
-33
-16
-23
-47
-80
-86
-46
-10
59
18
-52
-177
-222
-157
-108
-46
-51
-135
-173
-187
-187
-135
-119
-101
-127
-81
-23
30
45
-24
-98
-78
31
159
239
213
173
103
114
155
185
209
186
173
180
231
300
285
186
80
26
1
47
96
47
3
-26
-58
-19
-15
-131
-144
-82
-112
-184
48
138
-277
-367
-280
-136
-50
-210
-338
-421
-303
-248
-188
-103
-198
-534
-550
-337
-45
28
-205
-372
-384
-65
143
14
-170
-178
-44
114
253
453
532
322
224
481
754
665
398
396
619
707
491
371
472
428
283
268
338
200
-59
-93
74
42
-181
-263
-186
-217
-329
-251
-161
-238
-378
-326
-173
-186
-299
-196
-10
16
-49
21
197
193
94
119
243
276
245
265
335
305
158
127
173
105
2
-97
-173
-223
-262
-312
-416
-560
-619
-672
-824
-902
-765
-433
-442
-780
-847
-514
-263
-453
-579
-196
100
-56
-195
270
940
824
275
415
1125
1311
845
702
1113
1225
825
640
999
1109
577
257
495
633
192
-199
-27
156
-162
-503
-386
-228
-442
-627
-453
-326
-581
-792
-539
-254
-357
-471
-222
0
-87
-147
133
384
279
147
354
600
583
545
708
817
660
500
540
548
391
199
141
170
93
-29
-115
-221
-405
-586
-687
-824
-982
-1011
-1062
-1180
-1306
-1193
-861
-900
-1201
-1235
-855
-539
-651
-737
-411
-171
-216
-265
229
884
813
393
521
1172
1399
989
802
1187
1367
1067
808
1070
1259
891
515
521
561
216
-97
10
130
-167
-563
-572
-383
-502
-704
-649
-622
-797
-887
-675
-451
-502
-545
-349
-172
-165
-180
83
382
368
287
408
632
751
770
825
831
747
710
762
802
718
535
352
188
101
75
-87
-326
-464
-565
-733
-1014
-1242
-1313
-1198
-1012
-1104
-1343
-1450
-1236
-833
-833
-1150
-1061
-671
-451
-542
-285
470
731
276
94
817
1458
1097
592
970
1539
1385
828
914
1379
1183
563
390
689
529
-23
-77
239
79
-485
-688
-461
-418
-649
-799
-763
-832
-993
-858
-605
-612
-785
-697
-421
-367
-404
-139
174
184
38
156
470
623
592
655
849
867
725
692
800
791
609
403
333
317
217
91
0
-135
-343
-614
-826
-962
-996
-784
-668
-1004
-1357
-1326
-837
-624
-1084
-1264
-825
-405
-568
-726
53
868
509
-178
116
1170
1347
675
642
1406
1697
1022
691
1299
1582
952
421
674
964
494
63
358
538
10
-543
-451
-230
-446
-715
-659
-579
-835
-982
-693
-499
-693
-915
-750
-491
-500
-411
-40
152
6
-107
144
458
479
465
622
769
718
653
738
847
772
545
393
352
303
273
167
-16
-202
-379
-545
-723
-937
-874
-583
-630
-1025
-1326
-1043
-558
-726
-1240
-1164
-603
-354
-686
-585
346
851
310
-193
485
1383
1193
565
800
1557
1597
932
901
1481
1458
805
485
820
862
315
134
486
417
-189
-478
-256
-166
-506
-703
-518
-551
-895
-880
-548
-483
-741
-849
-541
-343
-462
-353
55
230
17
-69
247
551
520
433
576
730
713
622
662
791
724
430
212
222
277
167
-41
-213
-325
-513
-810
-1030
-1098
-948
-749
-939
-1328
-1453
-1115
-744
-1010
-1452
-1261
-715
-587
-920
-636
393
694
-32
-346
614
1465
998
366
833
1644
1478
769
950
1638
1470
729
569
1046
999
364
305
691
509
-161
-339
35
70
-382
-523
-328
-412
-724
-636
-290
-337
-697
-732
-355
-269
-477
-270
206
203
-140
-112
352
576
375
348
632
725
534
469
683
809
528
163
122
216
151
-29
-165
-294
-505
-747
-899
-1056
-1199
-995
-854
-1159
-1547
-1473
-976
-880
-1434
-1667
-1125
-694
-920
-1150
-337
547
261
-532
-257
899
1194
501
368
1108
1503
1019
707
1320
1644
1069
566
816
1160
760
329
612
830
317
-174
4
284
-48
-455
-347
-151
-447
-722
-472
-184
-399
-729
-616
-316
-338
-428
-116
177
19
-223
4
406
483
369
466
636
619
529
604
733
689
445
278
269
251
195
129
4
-231
-468
-629
-774
-994
-877
-580
-729
-1285
-1522
-1036
-582
-965
-1565
-1328
-673
-668
-1127
-804
316
629
-186
-580
387
1253
816
260
767
1539
1350
684
899
1543
1429
850
794
1044
847
225
234
768
634
-51
-381
-26
-67
-573
-707
-310
-249
-655
-719
-416
-486
-953
-1012
-477
-148
-393
-332
99
236
-8
21
446
582
364
421
925
1160
947
666
609
617
538
425
415
364
151
-107
-287
-460
-602
-867
-1246
-1564
-1812
-1230
-192
60
-780
-1661
-1659
-1322
-1160
-511
852
1387
190
-1274
-687
1283
1982
1128
904
1961
2156
1009
760
1809
1934
470
-394
705
1760
1023
-219
-728
-962
-1690
-1821
-565
311
-725
-2273
-2369
-1530
-1146
-1069
-484
-141
-624
-959
-92
949
907
326
455
1257
1775
1888
2098
2152
1524
917
1273
2206
2398
1711
1065
735
384
90
138
286
-77
-841
-1351
-1351
-1274
-1586
-2028
-2112
-1969
-1999
-2195
-2281
-2303
-2423
-2507
-2155
-1974
-1595
-152
1410
1392
-314
-1220
-150
1159
1828
2876
4148
3346
232
-1134
1473
4324
3683
1558
1566
2435
1043
-754
-194
1042
-137
-2119
-1319
684
-96
-3164
-4529
-3228
-2043
-2015
-1445
-515
-1401
-3580
-3665
-1004
1130
1146
706
1033
1094
492
977
2631
3295
2481
2039
2899
3376
2382
1429
1553
1787
1465
1295
1598
1177
-341
-1390
-912
-98
-368
-1340
-1869
-2100
-2443
-2505
-2058
-1523
-1835
-2511
-2640
-2146
-1746
-1758
-1929
-1617
-1234
-1126
-1192
-1576
-410
1401
2265
1186
-544
-299
676
1296
2070
3472
3505
775
-1746
76
3551
3770
1198
124
1763
1599
-543
-923
526
570
-1568
-1952
249
609
-2122
-4199
-3080
-974
-720
-1095
-697
-1085
-2569
-2905
-610
1603
1474
499
491
788
449
698
2234
3093
2096
1349
1872
2486
1762
853
1317
1923
1527
881
827
637
-302
-1046
-361
540
195
-1027
-1853
-1801
-1668
-1470
-1210
-1085
-1425
-1896
-2111
-1883
-1481
-1297
-1427
-1412
-1363
-1307
-1681
-2133
-528
1480
2053
448
-1406
-1010
299
1187
2131
3166
2814
113
-1814
196
3339
3625
1552
559
1609
1358
-98
-262
430
288
-766
-502
665
-160
-2719
-3645
-2092
-579
-645
-898
-754
-1669
-3204
-2685
32
1620
880
74
481
743
27
433
2225
3091
2120
1329
1875
2224
1415
928
1780
2339
1663
797
692
481
-310
-444
466
836
-167
-1282
-1488
-1342
-1543
-1341
-686
-771
-1586
-2153
-1884
-1410
-1249
-1218
-837
-1092
-1717
-1991
-1846
18
1682
1875
369
-1448
-1202
340
1687
2540
2955
2340
173
-1521
358
3567
3740
1336
199
1766
2091
261
-592
149
527
-432
-626
429
-41
-2719
-4061
-2418
-295
-351
-1502
-1779
-2029
-2841
-2507
-400
1098
651
-313
-101
487
343
792
1990
2582
1915
1440
1954
2207
1471
1186
2237
2832
1802
460
418
777
435
138
656
822
-478
-1876
-1962
-1156
-1032
-1484
-1670
-1597
-1884
-2621
-2780
-2130
-1449
-1592
-1693
-1651
-1724
-2459
-2498
120
2406
2134
-555
-2019
-823
975
2127
3199
3941
2355
-780
-1521
1965
4881
3648
1060
983
2299
1475
-19
281
1179
303
-1236
-673
559
-646
-3472
-3827
-1595
-387
-1480
-2361
-2121
-2414
-3134
-2086
356
1140
-75
-892
-145
560
630
1447
2947
3131
1673
917
1831
2785
2383
2190
2871
2779
1381
131
285
856
706
446
544
58
-1292
-2635
-2737
-1809
-1337
-1621
-2284
-2780
-3085
-3273
-3015
-2507
-2112
-1941
-1991
-2120
-2097
-2506
-1623
769
2454
1826
-673
-1569
-249
1589
3073
4105
4148
1884
-1140
-820
3162
5605
4000
1171
927
1744
927
211
1000
1846
489
-1485
-1344
-321
-1314
-3306
-3121
-1103
-534
-2064
-3112
-2869
-2745
-2785
-1512
417
903
-142
-871
-352
199
942
2263
3379
2990
1567
1064
1774
2533
2810
3334
3376
2157
438
-3
805
1200
893
778
638
-654
-2381
-2937
-1958
-1105
-1423
-2170
-2640
-2884
-3396
-3374
-2588
-1799
-1891
-2477
-2548
-2188
-1736
-1894
-915
1134
2364
1320
-859
-1289
211
2126
3350
4170
3865
1631
-1029
-448
3402
5749
4280
1580
892
1051
415
366
1724
2518
835
-1465
-1895
-1189
-1633
-2469
-1909
-758
-1234
-2835
-3430
-2793
-2442
-2384
-1351
-147
-27
-792
-913
-150
370
766
1928
2982
2586
1293
955
2146
3172
3344
3464
3318
2316
948
534
1468
2187
1825
1067
308
-672
-1805
-2192
-1384
-714
-1193
-2307
-3143
-3286
-3323
-3103
-2281
-1787
-2191
-3155
-3300
-2545
-1681
-1672
-1113
685
1760
948
-945
-1186
415
2198
3270
3851
3596
1818
-524
-365
2998
5623
4829
2057
598
578
353
620
1863
2649
1154
-1317
-2347
-1785
-1495
-1743
-1470
-977
-1725
-3294
-3767
-2922
-2121
-1953
-1503
-817
-780
-1219
-1036
-155
565
1008
1675
2305
2089
1380
1381
2356
3351
3622
3497
3027
2205
1455
1433
2020
2311
1896
1131
275
-693
-1341
-1376
-1061
-1078
-1654
-2470
-3187
-3402
-3272
-2807
-2443
-2421
-2722
-3154
-3270
-2795
-1993
-1226
-1289
-1275
-143
1089
1096
-188
-654
614
2288
3000
3120
2991
2010
221
85
2846
5369
4465
1532
209
776
1073
1151
1972
2454
857
-1748
-2457
-1142
-332
-839
-1415
-1535
-2250
-3271
-3110
-1964
-1581
-2125
-2080
-1340
-982
-1173
-873
-129
177
182
700
1428
1453
1114
1398
2219
2720
2518
2379
2486
2148
1637
1716
2052
1927
1310
889
525
-240
-761
-778
-713
-1011
-1695
-2232
-2581
-2726
-2527
-2159
-2040
-2458
-3019
-2884
-2433
-2043
-1561
-1284
-1275
-1805
-1371
190
1380
1062
-19
-188
568
1467
2095
2868
3027
1838
150
332
2416
3790
3138
1822
1372
1145
634
750
1623
1840
670
-708
-952
-559
-538
-831
-841
-953
-1687
-2230
-1989
-1599
-1696
-1816
-1319
-849
-1065
-1221
-810
-394
-412
-374
218
938
987
752
911
1300
1511
1538
1777
1948
1621
1128
1067
1281
1289
924
524
290
-102
-460
-621
-754
-1002
-1411
-1640
-1514
-1401
-1494
-1838
-2099
-1865
-1471
-1264
-1210
-1220
-1297
-1315
-1136
-709
-133
294
432
248
-30
4
398
1012
1569
1707
1402
768
113
178
1123
2148
2296
1641
897
441
165
357
1089
1670
1362
329
-426
-464
-109
147
312
280
-219
-934
-1372
-1153
-521
13
27
-449
-945
-961
-633
-352
-125
195
433
179
-239
-92
551
951
850
624
546
425
275
526
886
733
156
-188
-59
144
65
-112
-318
-760
-966
-593
-13
-12
-785
-1352
-1180
-646
-281
-70
-116
-488
-977
-845
-163
240
210
7
-64
-264
-389
-110
429
487
129
-21
60
-139
-552
-253
578
907
449
60
211
302
43
67
739
1111
665
81
179
574
552
359
531
762
502
-14
-186
192
504
400
190
51
-90
-285
-343
-12
344
287
-146
-414
-190
265
332
96
-43
-49
-182
-376
-213
205
185
-366
-713
-523
-147
-134
-299
-342
-450
-720
-739
-145
335
-23
-728
-852
-387
90
340
443
280
-155
-322
93
646
746
387
55
-113
-170
91
583
654
-27
-754
-684
-261
-257
-429
-362
-282
-564
-843
-527
47
70
-406
-560
-221
136
114
171
465
470
145
-36
253
631
682
473
459
528
487
377
332
513
574
399
296
379
391
177
-92
-43
220
287
87
-220
-436
-515
-490
-387
-297
-380
-582
-751
-805
-726
-616
-546
-560
-673
-660
-488
-304
-180
-127
-195
-353
-370
-19
561
825
690
396
289
446
702
991
1184
1048
536
98
123
550
811
641
278
-84
-328
-478
-421
-259
-197
-379
-615
-708
-664
-598
-623
-581
-475
-389
-412
-416
-353
-232
-157
-57
131
178
32
-134
74
504
641
520
451
411
191
52
315
736
636
134
-87
33
72
-50
47
259
60
-580
-782
-425
-236
-473
-641
-419
-315
-668
-943
-695
-387
-321
-376
-238
-21
-97
-190
-74
94
140
163
408
715
734
629
644
697
742
827
967
1062
914
631
426
399
551
671
586
302
-25
-185
-188
-157
-122
-108
-161
-318
-446
-385
-266
-263
-265
-181
-85
-102
-218
-254
-163
-31
100
138
35
-157
-259
-155
92
277
320
217
-50
-281
-238
29
221
137
-77
-208
-263
-291
-256
-82
43
-82
-363
-578
-563
-437
-321
-189
-126
-257
-547
-737
-594
-230
26
72
-51
-198
-260
-214
19
248
283
209
145
204
333
483
640
669
538
401
427
530
601
578
484
353
241
250
334
366
252
47
-63
-20
33
83
97
72
13
-49
-24
43
82
145
178
73
-44
-86
57
252
278
177
82
59
38
50
179
364
332
99
-61
-36
43
4
-29
5
-57
-256
-353
-287
-235
-334
-418
-347
-392
-647
-850
-728
-518
-521
-607
-578
-573
-760
-844
-602
-209
-101
-282
-442
-436
-327
-171
50
208
186
55
-8
94
317
539
637
517
333
224
253
380
532
604
477
160
-67
22
286
404
286
126
9
-99
-144
77
371
347
46
-176
-69
179
257
222
201
144
63
65
248
435
370
221
179
276
373
357
326
306
217
165
199
220
176
18
-115
-123
-71
-80
-172
-336
-423
-425
-461
-490
-474
-454
-572
-778
-828
-611
-418
-472
-593
-537
-392
-409
-426
-259
-61
-95
-235
-133
139
198
66
97
257
317
205
247
472
503
258
40
92
230
303
301
254
33
-274
-336
-77
201
160
-88
-333
-442
-407
-182
67
75
-176
-389
-320
-94
53
72
88
16
-95
-75
118
321
309
184
188
266
270
242
288
383
299
139
149
247
209
19
-37
98
128
-88
-243
-185
-152
-340
-480
-308
-152
-302
-547
-557
-382
-326
-362
-248
-65
-86
-258
-271
-34
178
178
171
264
321
217
123
240
467
561
451
317
275
280
271
242
238
207
134
57
19
-7
-73
-135
-133
-80
-57
-101
-211
-298
-309
-205
-66
-59
-183
-324
-334
-214
-88
-7
33
-27
-164
-195
-77
112
199
157
101
42
-55
-76
48
242
303
126
-101
-190
-138
-38
52
116
87
-88
-268
-256
-126
-54
-71
-96
-84
-124
-225
-215
-63
53
40
-1
57
161
163
142
188
280
338
367
406
462
452
352
287
364
515
557
470
367
309
251
223
254
273
207
90
63
68
-10
-112
-81
56
69
-98
-204
-145
-96
-88
-48
25
-23
-206
-282
-161
-54
-81
-109
-93
-116
-200
-205
-95
-19
-45
-46
-29
-74
-238
-335
-204
-21
20
-110
-286
-430
-509
-421
-190
-49
-170
-398
-513
-517
-485
-369
-159
-75
-257
-488
-473
-270
-127
-62
20
82
-5
-116
-5
244
340
281
307
423
407
261
294
506
603
477
366
414
472
406
353
448
475
297
110
134
288
307
183
90
76
103
159
216
209
126
68
137
233
252
197
160
162
137
124
164
179
109
30
47
113
80
-33
-81
-51
-39
-82
-137
-218
-328
-421
-390
-303
-308
-439
-591
-670
-670
-614
-528
-466
-521
-701
-812
-751
-599
-484
-460
-473
-476
-468
-440
-359
-204
-58
-35
-79
-66
16
76
127
205
318
345
232
134
200
381
460
349
215
175
179
205
255
301
227
35
-104
-42
76
71
-24
-79
-33
-14
-36
-1
73
88
93
142
229
247
181
201
303
409
428
342
258
251
276
367
445
426
292
112
47
122
197
176
76
-85
-234
-343
-355
-250
-191
-279
-463
-607
-627
-581
-506
-422
-416
-515
-611
-624
-526
-404
-281
-165
-140
-211
-263
-161
54
228
271
234
191
168
235
402
518
453
286
220
288
384
389
318
203
87
41
83
152
118
-25
-151
-196
-203
-201
-181
-160
-164
-196
-199
-151
-123
-94
-38
55
117
101
76
118
224
328
401
413
364
278
259
352
479
504
414
293
186
128
130
190
235
152
-50
-218
-270
-243
-206
-177
-173
-259
-430
-538
-474
-344
-279
-263
-266
-327
-429
-440
-259
-30
63
30
-4
-7
-5
69
260
427
412
303
274
350
402
379
388
441
429
344
275
276
250
159
121
152
145
19
-90
-82
-64
-135
-214
-205
-169
-172
-208
-168
-99
-103
-131
-96
2
79
86
85
108
139
191
257
305
294
233
182
201
262
286
250
172
98
54
-1
-80
-115
-83
-95
-220
-383
-429
-407
-413
-410
-374
-357
-472
-601
-579
-420
-277
-253
-287
-313
-355
-335
-192
-7
106
106
76
53
65
143
286
397
404
364
342
346
354
368
404
440
422
344
270
221
208
223
212
159
95
46
-1
-41
-52
-30
-48
-105
-101
-43
-26
-79
-97
-25
67
65
39
65
116
113
106
165
229
228
153
106
108
116
129
127
59
-37
-103
-126
-136
-195
-281
-346
-406
-469
-549
-597
-623
-644
-651
-651
-659
-673
-661
-642
-614
-558
-478
-425
-437
-449
-379
-260
-182
-128
-53
47
66
25
87
237
317
301
301
375
408
348
330
399
456
408
326
300
306
270
245
270
246
148
64
61
91
61
10
1
-5
-31
-13
44
75
28
8
110
214
223
186
181
239
277
299
347
360
306
242
252
312
308
235
173
127
77
17
-20
-15
-62
-205
-329
-374
-389
-461
-542
-552
-550
-616
-699
-696
-615
-575
-611
-617
-551
-503
-501
-473
-377
-305
-299
-257
-139
-33
-21
-27
54
173
218
218
242
297
324
309
318
354
366
346
321
292
256
221
234
247
188
111
66
60
57
34
25
8
-49
-86
-40
20
30
-1
1
66
115
131
155
206
241
246
288
373
406
363
336
378
456
464
428
411
373
311
260
279
311
274
173
77
6
-56
-104
-123
-133
-202
-301
-367
-372
-366
-361
-360
-378
-400
-446
-454
-402
-327
-283
-298
-291
-231
-149
-121
-122
-75
10
67
75
80
139
196
197
193
219
273
275
234
220
225
211
176
155
157
122
45
1
6
8
-39
-113
-151
-154
-170
-185
-174
-152
-147
-152
-155
-143
-109
-86
-35
25
56
73
81
115
165
212
247
281
306
316
308
292
296
312
329
325
289
239
172
113
94
110
104
29
-83
-169
-200
-199
-194
-208
-228
-274
-343
-383
-364
-319
-298
-294
-290
-260
-243
-219
-164
-102
-58
-46
-19
28
77
96
140
204
228
205
201
236
270
258
231
252
253
209
160
150
156
129
65
25
-5
-57
-104
-108
-102
-147
-215
-225
-194
-220
-279
-302
-261
-223
-243
-235
-194
-180
-210
-207
-117
-29
-29
-51
-27
12
4
-23
23
98
101
46
6
5
-15
-52
-31
18
-6
-105
-179
-186
-184
-199
-192
-173
-196
-263
-308
-282
-242
-240
-266
-253
-209
-188
-194
-181
-112
-39
-22
-26
5
67
126
148
174
228
263
263
270
309
358
363
349
351
354
346
339
355
374
339
270
225
211
183
143
122
117
74
11
-16
-36
-79
-125
-137
-120
-137
-159
-170
-174
-188
-215
-174
-108
-86
-101
-98
-78
-77
-90
-48
32
57
28
-19
-22
-9
-10
6
28
26
-20
-67
-75
-67
-74
-88
-94
-115
-144
-161
-160
-168
-203
-218
-207
-193
-176
-174
-179
-181
-167
-124
-83
-61
-41
-5
21
39
61
103
152
163
168
195
239
259
259
266
274
287
306
332
331
309
276
271
277
264
234
213
201
170
140
138
138
95
38
7
10
24
16
5
-6
-21
-36
-33
2
32
42
37
20
9
20
38
73
91
80
42
4
-5
14
38
35
15
-11
-37
-54
-52
-54
-64
-83
-106
-118
-125
-135
-154
-172
-186
-204
-199
-183
-185
-201
-223
-231
-214
-185
-154
-124
-114
-117
-119
-117
-78
-30
2
12
17
34
47
61
68
101
135
158
150
146
143
143
167
185
200
182
163
143
144
158
168
166
130
81
47
58
91
105
91
74
61
44
42
69
106
118
88
48
43
67
84
88
87
69
37
15
19
39
40
19
-3
-14
-13
-26
-39
-43
-38
-45
-69
-78
-75
-85
-113
-140
-129
-116
-128
-140
-140
-130
-153
-182
-177
-148
-124
-126
-130
-153
-185
-196
-178
-136
-110
-112
-132
-149
-149
-128
-89
-55
-40
-41
-56
-72
-50
-9
28
32
6
-4
-4
8
24
50
68
58
29
-11
-11
4
18
32
42
39
19
6
6
24
50
66
48
19
9
18
40
46
34
22
7
-9
-18
-14
-6
-6
-15
-29
-38
-32
-29
-17
7
22
23
10
0
-4
6
28
40
42
29
11
6
0
-13
-16
-11
-14
-20
-14
-14
-31
-69
-89
-71
-52
-39
-30
-32
-51
-73
-76
-44
-11
-16
-35
-39
-38
-37
-27
6
34
9
-24
-26
3
17
20
23
28
10
-24
-28
-7
15
8
-12
-20
-18
-28
-40
-31
-22
-35
-58
-79
-68
-46
-53
-75
-90
-100
-104
-107
-95
-76
-74
-78
-76
-67
-59
-60
-45
-12
18
22
25
23
40
60
66
94
111
113
111
111
119
124
122
118
112
104
96
98
97
84
60
42
44
57
64
56
37
19
8
14
28
51
60
50
38
40
50
63
81
103
105
85
68
75
101
106
98
90
76
57
48
56
67
59
21
-11
-22
-32
-25
-18
-33
-65
-108
-118
-98
-78
-88
-111
-128
-140
-161
-161
-134
-116
-125
-148
-148
-145
-134
-119
-87
-50
-36
-45
-61
-50
-21
12
42
51
48
42
39
55
70
77
74
64
50
33
28
35
41
38
19
-3
-4
5
25
37
40
27
21
35
54
79
87
95
107
113
113
124
151
177
193
194
188
192
192
193
204
215
212
191
185
191
188
174
145
116
100
96
87
72
42
0
-24
-40
-53
-62
-71
-84
-111
-140
-165
-170
-170
-170
-162
-171
-188
-209
-211
-182
-145
-112
-99
-105
-127
-133
-102
-51
-17
-17
-29
-48
-60
-48
-24
-4
-7
-39
-68
-76
-68
-53
-58
-65
-87
-115
-126
-123
-107
-86
-83
-97
-109
-107
-84
-68
-46
-29
-22
-19
-21
-6
32
70
85
93
94
95
98
110
141
157
157
150
142
143
146
145
133
119
124
132
109
85
72
53
36
11
-7
-14
-24
-42
-60
-78
-96
-110
-112
-90
-77
-95
-128
-141
-126
-96
-75
-58
-53
-65
-77
-70
-39
-1
24
27
12
-3
-5
19
39
44
30
4
-16
-28
-30
-27
-33
-56
-81
-92
-108
-115
-108
-109
-116
-132
-143
-141
-132
-124
-110
-91
-95
-100
-97
-78
-47
-13
4
4
2
-2
8
31
60
75
92
99
88
85
92
102
111
122
129
127
113
100
106
114
107
89
81
69
51
36
32
16
0
-8
-7
0
-14
-27
-28
-25
-15
-4
11
24
18
12
17
35
48
68
80
86
86
71
73
82
87
79
67
67
69
60
41
26
22
21
11
-6
-23
-29
-28
-40
-54
-66
-81
-91
-93
-78
-67
-65
-75
-90
-91
-87
-71
-46
-31
-44
-61
-62
-49
-24
2
19
17
5
-12
-6
14
36
45
55
48
24
16
23
49
61
45
25
13
-2
-7
-13
-17
-29
-40
-45
-42
-38
-42
-44
-48
-43
-47
-40
-20
-14
-13
-8
0
18
29
45
66
76
92
96
107
113
113
120
142
163
165
150
140
135
135
140
146
142
124
120
112
108
105
95
81
69
67
71
69
63
56
40
36
35
43
53
50
30
12
11
11
23
37
39
27
1
-20
-19
-8
6
9
6
-6
-33
-46
-33
-12
-14
-30
-55
-71
-74
-87
-90
-86
-98
-120
-136
-134
-129
-135
-142
-147
-150
-158
-166
-154
-135
-128
-126
-122
-116
-113
-103
-83
-63
-53
-52
-57
-58
-51
-26
4
19
14
-2
6
15
31
49
68
83
70
57
58
76
83
82
90
100
85
65
56
67
79
73
65
64
62
49
43
48
56
44
27
21
25
26
19
15
6
-5
-11
-13
-5
-5
-22
-34
-35
-33
-21
-24
-29
-32
-52
-69
-70
-68
-70
-75
-87
-101
-118
-125
-129
-125
-129
-132
-130
-128
-124
-128
-128
-126
-122
-125
-124
-108
-88
-82
-83
-90
-93
-89
-84
-67
-46
-45
-57
-63
-52
-43
-30
-14
-2
9
8
15
15
19
27
41
57
62
54
29
26
37
53
60
60
48
34
28
32
40
38
37
34
28
24
32
42
44
35
29
32
43
51
51
45
41
36
33
42
54
46
32
25
12
6
0
0
0
-13
-26
-37
-41
-42
-43
-56
-58
-48
-38
-44
-50
-55
-61
-59
-52
-37
-27
-26
-39
-49
-52
-44
-31
-23
-19
-28
-36
-33
-20
-11
-17
-21
-12
-7
6
17
20
8
-7
-3
13
26
24
22
15
4
3
12
30
36
26
14
21
33
33
31
43
57
55
59
64
72
67
56
64
81
91
88
85
91
89
82
80
91
106
99
86
72
73
73
69
68
76
64
47
48
54
61
49
37
39
50
44
39
38
39
44
31
39
55
54
51
49
47
49
45
54
61
57
49
37
45
55
49
43
45
51
54
58
59
50
44
34
29
31
28
27
19
10
-5
-16
-12
-12
-16
-19
-14
-21
-31
-36
-44
-40
-39
-43
-39
-44
-59
-68
-68
-53
-44
-54
-58
-59
-62
-66
-64
-53
-44
-48
-59
-64
-61
-61
-61
-61
-60
-59
-69
-81
-82
-73
-72
-75
-65
-53
-45
-46
-49
-33
-25
-23
-19
-2
10
11
9
7
19
24
30
44
54
62
67
64
68
60
59
65
67
68
66
72
70
69
61
62
64
57
54
47
35
21
17
16
7
-7
-23
-28
-41
-54
-55
-52
-52
-55
-59
-58
-62
-73
-82
-86
-78
-63
-60
-67
-86
-98
-100
-101
-98
-87
-84
-85
-86
-87
-82
-84
-84
-87
-92
-92
-94
-98
-109
-121
-123
-115
-100
-101
-98
-94
-87
-81
-81
-75
-66
-60
-57
-48
-37
-31
-31
-24
-8
-2
2
8
14
21
22
24
36
48
58
69
68
64
71
82
95
96
95
99
101
91
77
77
83
92
83
78
73
58
50
52
58
53
46
43
43
43
41
33
28
20
14
14
16
10
0
0
-6
-13
-9
-11
-14
-16
-15
-15
-19
-26
-30
-25
-31
-30
-20
-14
-21
-42
-40
-24
-14
-24
-36
-38
-41
-56
-53
-30
-19
-21
-37
-39
-40
-41
-41
-34
-15
-9
-15
-5
8
5
8
25
43
52
50
55
59
62
66
71
81
87
91
93
89
91
89
89
97
102
101
90
92
97
101
97
93
94
100
99
91
95
96
91
82
80
81
73
63
52
45
41
33
31
29
18
21
23
30
27
17
14
22
31
31
37
31
27
18
18
24
32
30
25
14
6
4
4
7
2
1
1
-1
-6
-15
-19
-19
-18
-25
-28
-29
-38
-45
-46
-40
-42
-43
-44
-36
-37
-39
-30
-34
-24
-18
-11
0
-2
3
8
11
16
21
24
26
28
28
27
27
12
11
16
15
11
4
0
-8
-21
-27
-19
-8
-9
-11
-15
-23
-27
-26
-28
-26
-27
-31
-27
-25
-23
-24
-25
-28
-27
-16
-6
0
-9
-3
6
11
22
23
26
25
23
26
37
42
30
22
23
23
11
6
2
-3
-13
-23
-23
-36
-43
-50
-52
-59
-64
-74
-75
-73
-79
-78
-80
-82
-82
-76
-72
-71
-74
-76
-79
-76
-70
-65
-67
-65
-60
-57
-54
-65
-69
-70
-71
-71
-65
-69
-80
-93
-95
-85
-78
-82
-90
-97
-106
-111
-109
-97
-96
-99
-104
-106
-102
-99
-90
-73
-60
-60
-55
-47
-37
-23
-9
4
13
11
17
36
46
52
59
62
61
59
61
71
75
75
69
64
65
68
67
74
73
63
56
47
51
52
51
48
47
49
38
33
27
31
28
27
33
31
29
28
27
18
20
21
24
30
29
35
27
19
19
22
20
19
15
4
-5
-8
-15
-18
-23
-31
-39
-50
-59
-66
-62
-59
-55
-57
-64
-65
-69
-62
-61
-55
-46
-53
-48
-54
-54
-47
-47
-43
-38
-28
-30
-22
-15
-20
-13
-8
1
8
11
15
26
31
26
24
29
30
30
37
46
46
34
38
46
48
50
55
59
59
46
37
50
64
71
63
57
54
63
71
78
92
89
92
91
101
104
94
94
95
104
104
102
98
99
86
81
80
77
81
67
62
56
49
48
33
29
27
18
11
3
-3
-6
-11
-24
-32
-33
-36
-41
-53
-52
-51
-54
-53
-46
-33
-30
-28
-31
-34
-30
-25
-15
-10
4
3
-5
-6
-8
-4
-2
-4
0
-1
-4
-9
-17
-14
-13
-10
-5
-3
1
-6
-13
-4
8
20
25
21
18
20
26
36
49
49
42
37
37
40
41
43
48
44
43
44
48
54
53
53
51
46
41
34
28
26
17
14
13
2
-4
-11
-19
-28
-33
-34
-37
-39
-57
-65
-65
-64
-58
-50
-53
-56
-61
-61
-57
-48
-43
-47
-55
-69
-66
-59
-47
-43
-51
-61
-69
-70
-59
-51
-54
-58
-58
-62
-68
-70
-70
-64
-55
-63
-65
-70
-77
-76
-79
-75
-74
-78
-77
-81
-82
-84
-80
-68
-61
-61
-63
-57
-53
-41
-32
-27
-21
-24
-21
-16
-7
2
5
9
4
4
8
8
9
8
10
10
8
11
10
9
10
4
5
0
4
9
1
3
-1
3
7
13
14
11
9
7
8
11
15
20
22
15
16
30
40
38
33
28
29
37
58
81
72
45
27
11
-6
-1
22
34
17
-2
-17
-25
-14
2
7
-13
-31
-32
-27
-26
-41
-46
-39
-36
-32
-29
-14
5
8
-1
-9
-13
-22
-27
-26
-16
-5
3
6
-1
-1
-1
-4
6
9
7
7
4
-1
-2
8
17
22
13
-1
-7
-8
5
9
10
6
-1
-2
-1
2
-4
3
9
15
19
27
33
37
47
49
62
61
62
66
75
79
74
83
85
94
92
95
97
92
91
86
92
82
81
89
83
79
83
83
87
86
83
81
82
86
88
86
83
77
68
67
66
63
62
59
53
48
43
36
37
33
31
36
34
34
34
30
33
30
27
21
19
12
5
13
11
7
2
-7
-6
-1
-7
-6
-2
-5
-13
-21
-22
-19
-15
-12
-9
-8
-11
-12
-13
-7
-6
-8
-12
-9
-8
-12
-4
3
4
2
4
4
11
18
25
24
20
16
16
22
22
19
17
13
14
11
11
18
17
10
2
-3
-4
-1
-3
0
-2
-2
0
-5
-2
-4
-10
-4
-2
-2
-7
-3
-3
-8
-14
-26
-32
-43
-55
-59
-62
-61
-70
-78
-89
-93
-90
-98
-107
-116
-127
-133
-129
-125
-119
-114
-116
-118
-130
-127
-123
-124
-115
-115
-120
-120
-115
-107
-101
-104
-101
-102
-99
-90
-77
-66
-66
-69
-70
-59
-53
-40
-31
-26
-28
-37
-33
-36
-32
-23
-14
-12
-12
-15
-8
0
-4
-3
-7
0
-2
-8
4
13
18
27
24
25
26
30
32
40
38
45
45
49
38
48
136
121
-8
-89
-62
-46
-1
109
167
74
-26
-70
-67
-27
30
67
54
43
26
-25
-62
-71
-48
11
72
92
49
1
-39
-43
-24
15
57
71
48
18
-6
-23
-34
-34
-7
5
-4
-19
-10
-9
-26
-22
-15
-12
-23
-19
-23
-38
-35
-29
-40
-45
-31
-16
-18
-27
-28
-34
-55
-31
64
82
8
-47
-74
-118
-76
40
98
58
10
-27
-59
-35
15
42
48
58
64
31
2
-9
6
42
127
260
264
127
-21
-122
-157
-74
104
231
227
144
51
-38
-40
20
79
111
111
99
52
4
-29
-35
0
77
138
146
121
72
9
-19
-8
10
38
74
90
85
59
15
-32
-42
-23
-8
17
40
38
14
-19
-38
-51
-47
-15
4
9
-1
-23
-62
-85
-81
-46
-2
30
42
8
-44
-79
-80
-53
0
45
62
54
27
-7
-21
-14
-2
18
45
49
36
18
8
-2
-1
11
24
33
22
8
-2
2
3
14
25
17
5
5
8
6
15
24
29
18
11
10
12
19
31
32
34
44
32
14
8
11
4
6
20
25
23
10
2
-1
-2
-5
-11
-15
-26
-41
-53
-34
14
60
100
111
51
-63
-145
-160
-110
-24
39
45
1
-52
-89
-95
-65
-31
-7
-1
-20
-58
-105
-128
-126
-93
-48
-12
-1
-20
-53
-84
-87
-76
-64
-48
-34
-42
-54
-58
-49
-43
-50
-65
-78
-86
-86
-71
-45
-36
-42
-42
-61
-72
-71
-50
-39
-38
-38
-44
-38
-39
-24
-14
-10
-9
-18
-28
-19
-7
9
30
40
37
27
21
16
7
4
16
22
23
30
25
5
4
5
7
19
26
28
25
24
30
43
57
60
58
55
54
47
38
42
58
72
80
73
47
28
24
44
70
87
85
64
43
21
5
11
33
50
49
49
41
13
-14
-42
-17
-10
28
118
136
68
13
14
12
45
197
319
235
52
-81
-172
-233
-153
9
70
16
-34
-119
-211
-220
-141
-54
-7
27
12
-66
-156
-186
-160
-94
-6
49
43
13
-36
-52
-35
0
62
85
69
40
30
25
9
9
24
7
-36
-41
-25
-11
10
26
7
-31
-47
-26
-5
14
36
41
4
-27
-19
-11
0
35
67
68
46
29
19
23
53
85
114
118
111
85
36
20
34
52
55
58
64
37
-3
-5
3
3
11
-2
-13
-24
-23
-17
-9
-5
-21
-26
-17
-25
-32
-14
9
15
11
10
2
-22
-30
-8
16
41
55
41
19
-2
-6
-11
-11
-1
3
-7
-19
-8
-2
-3
7
17
27
28
58
138
157
107
39
-4
-30
-4
73
119
88
34
-6
-43
-32
13
44
53
44
29
-3
-46
-76
-75
-37
-4
22
24
5
-27
-37
-23
0
25
32
40
39
33
33
35
49
61
54
37
11
-1
0
9
29
33
19
-4
-26
-42
-57
-36
-4
5
-13
-38
-53
-72
-80
-64
-32
-25
-31
-40
-55
-67
-68
-42
-14
-4
4
-7
-16
-40
-50
-37
-34
-29
-37
-40
-41
-57
-53
-40
-44
-45
-38
-35
-39
-30
-36
-43
-43
-28
-8
-12
-11
-14
-31
-39
-29
-16
-15
-11
0
-8
-18
-5
4
-14
-27
-15
-3
-9
-4
2
0
-13
-27
-9
3
4
9
34
37
34
38
41
30
17
25
46
55
52
50
35
27
36
49
43
41
52
40
26
24
31
27
8
-7
-15
-22
-28
-24
-16
-24
-40
-37
-42
-43
-21
5
5
-1
2
-8
-20
-16
8
10
24
30
27
11
-11
-22
-36
-44
-34
-21
-18
-14
-36
-65
-77
-67
-47
-33
-16
-11
-18
-40
-71
-79
-73
-66
-65
-62
-57
-60
-64
-66
-61
-67
-59
-27
-13
-28
-28
-26
-23
-20
-17
-15
-16
-12
0
4
-16
-16
-13
-22
-18
3
6
-6
-6
-17
-27
-21
3
10
5
20
19
-1
-3
14
4
-9
11
27
26
16
1
-11
-10
8
16
30
26
22
32
40
56
58
47
31
17
19
25
39
52
50
47
47
37
16
-1
8
14
5
17
35
16
-10
-21
-25
-24
-8
20
30
27
16
14
4
-6
-2
-2
0
-2
5
8
-2
3
13
25
31
39
32
16
-7
-6
-2
-3
16
32
26
13
8
-10
-33
-19
19
38
46
37
18
-19
-38
-24
-2
14
26
29
17
3
-14
-22
-21
-9
14
22
21
30
26
18
14
33
44
44
36
18
25
26
20
17
19
17
15
17
18
21
26
27
6
7
24
24
15
24
37
36
35
27
22
22
25
44
56
60
45
27
24
21
29
47
56
68
60
43
32
26
21
26
34
31
30
24
11
-4
6
3
-15
-11
-2
-8
-24
-20
-14
-22
-15
-14
-23
-42
-63
-50
-32
-28
-8
1
-23
-44
-43
-37
-30
-21
-9
-6
-10
-31
-53
-54
-42
-40
-32
-19
-8
-11
-26
-32
-27
-4
8
15
29
24
-6
-20
-18
-11
-2
12
14
9
12
7
2
4
13
16
10
3
6
9
13
9
-6
-8
-3
6
19
12
10
6
-11
-24
-19
-2
8
-3
-20
-25
-32
-55
-63
-49
-42
-36
-39
-53
-54
-50
-46
-47
-37
-25
-19
-21
-31
-47
-65
-67
-53
-40
-37
-36
-38
-48
-49
-44
-50
-48
-38
-35
-48
-51
-40
-28
-24
-20
-30
-45
-48
-26
-7
-7
3
5
-20
-31
-15
2
21
21
23
6
-8
-22
-35
-32
-8
10
-8
-23
-31
-39
-35
-14
4
11
9
1
-5
-7
-2
3
11
7
-6
-2
11
16
11
11
13
17
20
29
29
21
29
26
28
25
15
20
15
15
24
32
32
23
12
0
8
11
10
3
-5
-2
-1
-14
-9
2
12
9
9
16
12
10
3
9
9
26
29
17
16
16
23
37
47
41
31
29
24
16
24
46
52
40
33
28
25
24
31
33
39
38
36
24
10
21
33
37
40
49
43
29
26
21
33
37
39
47
51
59
53
31
17
23
30
32
36
49
46
29
23
34
35
38
41
53
54
43
36
24
13
18
38
59
56
48
44
27
19
8
15
14
12
16
27
26
9
0
-7
-7
6
24
32
36
24
9
-1
7
12
18
28
21
13
9
-4
-16
-20
-6
5
3
-4
-12
-4
-8
-4
9
13
2
1
2
-5
2
8
11
13
24
15
-6
-17
-5
6
11
14
15
-2
-4
9
-2
-10
-16
-21
-31
-26
-21
-20
-26
-37
-37
-34
-35
-24
-21
-30
-45
-55
-62
-64
-48
-34
-34
-40
-36
-41
-52
-46
-33
-31
-27
-17
-16
-28
-33
-22
-8
-2
-2
0
-8
-9
-9
4
1
-7
-14
-25
-19
-5
2
-7
-8
-6
-21
-43
-47
-32
-18
-16
-15
-11
-21
-26
-35
-43
-36
-23
-12
-15
-25
-25
-31
-42
-43
-26
-15
-24
-29
-34
-38
-40
-39
-36
-34
-27
-18
-30
-39
-39
-40
-33
-22
-17
-25
-44
-50
-54
-54
-49
-48
-56
-60
-54
-55
-54
-56
-51
-47
-51
-56
-51
-43
-38
-33
-25
-30
-45
-45
-46
-43
-31
-16
-11
-18
-37
-40
-38
-36
-23
-14
-14
-20
-28
-41
-41
-31
-27
-22
-18
-12
-11
-24
-25
-21
-12
-5
-2
2
-6
-11
-7
4
13
30
35
26
23
30
37
37
37
39
32
32
43
36
31
24
25
23
27
43
55
56
51
49
46
50
65
63
47
44
47
46
46
41
31
33
33
34
38
38
28
20
5
0
3
13
28
30
34
29
23
9
3
3
5
-1
12
18
10
9
2
6
11
18
28
29
27
29
34
31
37
43
53
57
48
43
43
40
38
39
41
37
42
50
47
46
40
40
43
42
39
37
33
38
34
30
29
22
14
9
13
15
21
16
18
10
5
-2
-3
4
-3
-7
-12
-7
-7
-16
-19
-28
-32
-28
-21
-15
-13
-9
-18
-28
-31
-29
-23
-26
-19
-9
-7
-1
-6
-3
-4
-8
-4
-6
-10
-5
-7
-13
-11
-13
-14
-17
-15
-9
3
14
16
20
12
12
20
28
29
35
37
31
30
30
35
32
28
31
31
34
29
27
23
14
25
27
25
23
19
9
0
-1
4
9
5
-2
-2
-9
-16
-22
-27
-17
-12
-3
-7
-21
-24
-29
-27
-24
-24
-27
-35
-37
-38
-35
-33
-34
-34
-38
-35
-28
-27
-26
-25
-30
-24
-26
-25
-24
-26
-24
-17
-12
-13
-15
-26
-25
-23
-25
-24
-23
-28
-32
-36
-38
-30
-24
-17
-12
-9
-11
-22
-21
-24
-32
-21
-21
-23
-20
-24
-26
-31
-30
-23
-19
-18
-10
-16
-26
-34
-36
-33
-39
-40
-36
-37
-43
-42
-41
-42
-41
-43
-48
-54
-52
-50
-48
-46
-45
-38
-32
-30
-22
-12
-16
-10
-4
-7
-10
-7
-6
-5
-4
-7
-2
1
8
2
-3
1
0
8
11
13
16
11
10
11
13
17
15
15
16
19
22
14
11
12
22
25
35
43
39
36
28
25
25
29
31
40
34
29
27
13
8
1
-4
3
11
18
17
17
14
3
-3
-7
-8
-4
-4
-3
-6
-10
-16
-17
-14
-17
-12
-7
-3
-4
-6
-12
-15
-24
-19
-7
1
8
-1
-6
-7
-15
-8
-2
-4
6
12
6
-3
-3
0
1
10
27
35
38
30
17
24
31
39
44
49
49
47
44
43
49
57
67
70
80
81
81
80
80
81
77
74
70
70
68
73
76
73
76
81
75
75
68
69
58
56
54
48
47
41
42
35
36
32
30
23
22
22
17
14
10
9
-1
-4
-2
-9
-15
-13
-11
-11
-10
-9
-15
-19
-18
-19
-15
-13
-9
-13
-6
-12
-16
-16
-20
-20
-25
-21
-20
-14
-14
-10
-10
-9
-15
-19
-14
-14
-7
-4
1
9
9
12
12
4
1
3
13
23
28
29
30
22
10
11
8
14
16
14
10
4
-2
-10
-8
0
-1
-1
-2
-12
-19
-22
-19
-21
-16
-12
-13
-19
-24
-18
-22
-24
-25
-23
-22
-26
-24
-20
-16
-17
-17
-17
-20
-17
-19
-24
-22
-13
-8
-4
-1
-7
-14
-18
-19
-20
-26
-21
-20
-16
-16
-20
-18
-19
-16
-17
-15
-15
-15
-13
-16
-18
-25
-29
-33
-30
-29
-27
-24
-25
-26
-28
-27
-25
-26
-29
-27
-32
-34
-32
-32
-32
-43
-52
-53
-48
-48
-50
-51
-51
-57
-59
-64
-66
-66
-70
-79
-85
-86
-89
-87
-87
-90
-91
-86
-89
-83
-81
-80
-76
-74
-66
-68
-62
-55
-54
-47
-44
-35
-38
-31
-21
-25
-18
-16
-17
-16
-7
-9
-6
-1
-2
7
9
8
10
7
7
9
7
10
10
5
7
4
8
13
9
10
5
2
0
1
2
-4
-7
-12
-3
-2
-7
-8
-11
-16
-13
-4
-4
-8
-3
-7
-11
-5
2
13
21
21
20
23
23
27
26
36
44
39
35
34
31
35
42
41
45
42
43
47
39
36
39
42
47
47
47
49
56
55
54
54
55
62
59
59
59
60
61
60
68
64
67
68
63
61
59
66
65
68
69
73
70
64
63
62
65
63
62
61
61
59
53
50
48
55
57
54
53
52
47
48
54
49
47
50
50
46
50
49
40
48
48
39
33
40
40
39
41
34
33
34
26
21
26
29
26
18
15
10
2
-3
-2
-3
-4
-10
-17
-14
-15
-13
-19
-23
-24
-29
-33
-37
-31
-23
-20
-18
-23
-21
-13
-10
-3
3
2
8
9
3
7
2
2
-1
-3
-5
-6
-7
-6
-6
-9
-8
-5
-6
-5
1
3
3
-4
-10
-5
-3
4
3
0
6
7
3
3
-5
-6
-12
-17
-19
-20
-22
-22
-20
-32
-35
-43
-38
-34
-34
-35
-45
-49
-55
-51
-51
-51
-50
-52
-52
-49
-52
-57
-54
-57
-60
-64
-61
-57
-56
-48
-46
-48
-50
-51
-46
-45
-44
-44
-41
-42
-36
-33
-30
-24
-18
-17
-23
-32
-31
-28
-26
-28
-24
-23
-24
-29
-29
-24
-28
-31
-28
-22
-27
-33
-30
-36
-37
-31
-34
-34
-28
-29
-28
-30
-23
-16
-21
-12
-11
-5
0
3
9
3
3
1
2
5
5
3
0
-2
4
-1
-4
-7
-14
-11
-5
5
3
0
-4
-9
-8
-9
-5
-1
-1
1
3
1
4
4
3
0
-5
-6
-3
3
7
4
5
0
-10
-13
-14
-13
-13
-17
-21
-24
-26
-23
-19
-12
-6
-10
-11
-13
-17
-16
-13
-11
-11
-11
-14
-14
-10
-4
-5
-8
-3
-6
-7
1
2
5
8
10
14
12
10
10
17
17
24
30
32
36
32
36
32
31
33
33
39
39
36
36
36
35
37
50
60
62
66
59
59
62
62
60
60
66
59
57
61
54
57
60
60
59
56
57
59
63
66
63
59
65
60
58
60
60
63
61
64
64
61
60
60
57
57
59
59
55
51
53
52
51
50
51
47
47
46
44
43
37
38
36
37
41
40
38
34
30
23
21
21
23
26
26
19
23
24
22
21
15
14
13
20
22
25
26
20
13
12
11
17
20
12
9
4
-2
-5
-14
-20
-24
-26
-24
-30
-27
-32
-36
-42
-41
-40
-47
-42
-39
-34
-42
-43
-36
-41
-46
-49
-53
-46
-44
-43
-44
-47
-47
-46
-41
-43
-37
-34
-32
-30
-34
-36
-40
-37
-33
-33
-31
-32
-26
-21
-17
-17
-21
-20
-28
-33
-33
-40
-41
-39
-44
-46
-43
-41
-42
-34
-33
-31
-31
-33
-32
-37
-36
-35
-33
-37
-41
-41
-33
-28
-27
-28
-31
-36
-42
-38
-39
-33
-31
-35
-37
-41
-39
-34
-27
-27
-27
-20
-20
-18
-19
-16
-14
-18
-11
-9
1
9
5
4
0
-1
-3
-2
-3
-8
-8
-7
-6
-3
-11
-9
-7
-14
-12
-10
-3
-2
1
1
4
4
1
-6
-8
-10
-15
-16
-25
-23
-24
-26
-23
-25
-23
-28
-27
-25
-27
-27
-30
-34
-37
-35
-33
-26
-24
-31
-35
-33
-32
-37
-34
-29
-27
-22
-24
-22
-21
-18
-15
-17
-15
-17
-17
-13
-15
-10
-7
-8
-6
-5
-1
-4
-1
-2
-6
-6
-9
-5
-2
-5
-10
-9
-10
-12
-5
-3
1
-3
-5
-4
-7
-4
1
4
3
3
1
1
4
2
5
5
8
15
18
26
30
33
35
41
45
50
57
52
56
60
60
64
67
69
69
67
71
78
74
75
75
76
77
74
78
72
74
72
71
67
59
59
56
57
57
60
57
58
53
50
48
45
43
40
36
33
31
21
16
9
6
5
-1
-4
-6
-7
-10
-7
-9
-6
-12
-18
-16
-17
-17
-15
-7
-10
-13
-15
-11
-6
-4
2
2
3
3
8
9
12
11
13
13
8
8
5
5
7
5
1
3
7
6
9
14
14
18
13
15
10
12
15
14
7
2
-1
-4
5
8
3
4
4
4
12
9
7
11
6
2
3
0
1
-4
-9
-7
-16
-19
-24
-26
-27
-26
-28
-36
-38
-44
-39
-35
-35
-37
-32
-32
-31
-35
-37
-32
-34
-31
-28
-29
-25
-20
-18
-12
-13
-10
-13
-14
-15
-22
-20
-23
-20
-19
-18
-17
-21
-22
-23
-25
-20
-21
-15
-15
-20
-18
-19
-22
-24
-22
-27
-31
-31
-30
-35
-38
-36
-42
-33
-34
-32
-28
-30
-32
-28
-14
-11
-9
-4
0
8
9
7
10
16
12
17
17
20
18
20
17
17
25
18
22
22
23
20
16
17
16
15
14
13
1
5
7
0
-2
-3
-5
-8
-12
-14
-17
-30
-33
-32
-31
-30
-37
-36
-39
-32
-36
-36
-33
-36
-29
-30
-35
-39
-39
-38
-38
-37
-32
-27
-27
-21
-25
-22
-22
-24
-21
-20
-11
-6
-1
-4
3
7
5
6
10
14
14
12
11
9
9
7
7
8
8
10
11
8
9
15
10
7
10
7
7
11
12
11
7
9
12
13
13
11
12
3
4
-1
-5
-5
-10
-11
-14
-8
-6
-14
-10
-8
-9
-2
-1
4
14
19
28
31
28
25
24
30
35
39
43
44
44
46
48
52
49
51
60
59
59
63
61
63
69
67
67
71
66
66
61
54
53
52
58
49
49
48
39
39
36
34
33
22
14
8
0
-5
-11
-9
-12
-15
-15
-22
-23
-19
-19
-14
-11
-1
4
0
5
5
7
9
12
9
8
9
11
15
14
20
22
16
14
14
5
4
0
2
2
0
6
14
13
13
16
19
23
23
25
21
22
18
17
18
18
20
23
26
22
24
22
21
24
23
19
23
16
19
15
2
11
8
10
9
6
10
5
-5
-1
-4
-6
-5
-6
-4
-3
0
2
6
5
1
-4
-1
-7
-15
-17
-20
-14
-17
-15
-11
-17
-21
-22
-15
-12
-8
-7
-4
-2
-5
-11
-12
-11
-16
-13
-16
-11
-9
-11
-15
-18
-23
-30
-28
-32
-32
-34
-35
-37
-33
-34
-40
-45
-56
-60
-68
-65
-65
-62
-56
-55
-54
-50
-47
-45
-41
-41
-46
-48
-44
-45
-40
-38
-35
-26
-23
-20
-18
-15
-16
-19
-11
0
9
14
12
11
10
10
7
8
8
2
2
-3
-9
-5
-10
-10
-11
-14
-9
-11
-17
-22
-28
-33
-36
-37
-40
-38
-37
-41
-39
-43
-48
-53
-52
-48
-51
-52
-50
-45
-40
-45
-47
-48
-50
-46
-48
-46
-43
-44
-41
-42
-45
-42
-45
-40
-38
-36
-29
-29
-29
-35
-31
-25
-18
-19
-13
-13
-16
-4
-3
-2
2
2
0
8
15
17
16
13
14
12
10
13
15
16
15
13
24
15
15
20
18
15
15
18
13
13
10
8
4
5
6
0
-6
-9
-10
-8
-12
-8
-12
-19
-13
-14
-15
-12
-13
-4
-3
-4
1
-2
-10
-10
-10
-8
-2
2
10
11
15
18
20
29
25
25
32
35
36
33
34
38
41
41
47
49
47
53
55
62
65
60
59
61
60
69
71
74
78
79
78
71
66
63
66
64
64
60
59
55
55
54
51
59
57
52
52
47
48
43
36
36
39
38
33
38
36
32
36
31
29
28
31
26
22
18
18
26
20
16
15
10
4
6
8
6
2
-4
-2
-5
-1
2
-1
3
9
8
9
13
9
11
7
13
17
15
20
21
26
28
26
27
20
13
15
19
21
20
22
20
16
14
11
13
10
8
6
6
-1
-6
-11
-9
-7
-10
-6
-6
-7
-14
-19
-15
-22
-22
-22
-25
-30
-36
-33
-38
-40
-38
-35
-36
-42
-45
-49
-48
-43
-48
-48
-45
-47
-49
-46
-50
-55
-51
-53
-56
-51
-51
-47
-41
-40
-38
-40
-36
-36
-36
-33
-32
-27
-21
-14
-15
-15
-8
-6
-6
-2
-5
-2
2
8
7
4
4
1
4
1
1
1
2
4
5
4
8
8
9
11
13
18
19
10
3
0
-7
-11
-18
-13
-10
-9
-9
-10
-7
-8
-4
-7
-4
-6
-10
-14
-21
-20
-26
-32
-31
-36
-31
-30
-31
-29
-32
-35
-33
-35
-35
-38
-42
-41
-41
-38
-37
-36
-38
-43
-46
-42
-36
-32
-35
-32
-34
-38
-36
-31
-33
-32
-24
-20
-19
-18
-21
-27
-31
-30
-32
-31
-33
-39
-42
-39
-41
-41
-34
-32
-22
-19
-16
-14
-10
-10
-17
-7
-9
-2
7
8
12
14
17
19
23
26
24
23
29
29
24
30
29
34
37
29
32
27
25
27
22
22
19
14
18
18
25
27
21
27
29
24
27
29
25
27
27
32
33
34
41
41
40
45
43
43
42
40
38
37
35
29
31
31
30
25
22
20
21
26
28
33
30
30
29
35
38
36
41
31
29
32
31
37
39
42
41
36
41
41
34
32
26
25
26
19
22
20
19
19
18
14
12
12
8
17
14
17
17
19
21
19
16
15
16
15
16
20
15
8
12
13
11
13
14
19
18
19
16
11
15
10
8
6
15
14
9
8
5
5
6
7
4
2
4
0
-7
-3
-3
-4
0
-6
-4
-10
-19
-20
-25
-27
-31
-27
-20
-18
-20
-13
-9
-11
-9
-16
-10
-5
-13
-5
-11
-10
-9
-11
-9
-11
-9
-16
-13
-13
-14
-8
-4
-3
0
4
4
5
7
15
12
13
17
19
22
25
29
27
28
23
26
28
31
32
34
34
37
38
41
36
37
45
39
40
37
34
35
29
29
27
22
17
14
12
8
5
-5
-5
-1
-4
-4
-10
-8
-3
-7
-9
-9
-13
-17
-18
-19
-18
-16
-14
-16
-19
-26
-25
-29
-33
-30
-27
-25
-24
-24
-27
-23
-24
-21
-16
-14
-19
-19
-21
-27
-26
-25
-26
-29
-32
-27
-28
-31
-35
-37
-40
-47
-43
-45
-43
-45
-49
-46
-48
-52
-59
-60
-62
-63
-64
-59
-63
-68
-67
-64
-63
-66
-61
-61
-63
-65
-68
-68
-65
-65
-71
-74
-69
-67
-63
-61
-58
-53
-48
-46
-46
-37
-37
-33
-26
-25
-22
-27
-24
-22
-23
-21
-17
-21
-21
-19
-20
-17
-19
-12
-13
-13
-7
-2
0
-7
-5
1
3
0
5
2
-1
5
8
13
12
13
16
12
16
16
20
24
24
26
20
19
18
12
11
16
14
15
13
12
4
-2
4
5
7
13
15
17
15
16
23
16
14
11
15
21
28
30
31
36
37
33
29
28
23
21
21
25
26
26
24
30
31
20
25
25
28
29
23
23
17
18
17
19
20
16
19
15
14
12
19
18
20
22
16
17
16
12
11
0
-2
5
4
3
6
15
17
18
20
16
22
22
21
24
24
22
22
25
30
36
35
34
38
40
40
41
45
41
37
29
24
30
29
32
33
33
35
33
36
31
29
31
23
22
22
20
15
18
20
16
16
19
20
14
19
10
4
7
5
2
5
2
7
10
9
5
-2
5
4
10
12
10
11
11
15
17
16
15
12
15
12
12
12
10
15
16
14
17
18
19
25
27
29
31
39
37
26
22
25
20
22
20
18
22
13
7
4
-2
-1
1
3
3
1
5
2
-3
-5
-7
-11
-11
-18
-20
-20
-26
-29
-29
-34
-31
-34
-41
-38
-34
-31
-38
-36
-33
-31
-29
-35
-30
-30
-31
-30
-29
-32
-35
-32
-37
-35
-32
-26
-29
-29
-29
-33
-33
-34
-31
-32
-27
-26
-30
-37
-40
-43
-44
-38
-40
-43
-44
-46
-50
-49
-53
-61
-58
-58
-59
-56
-56
-59
-59
-60
-58
-51
-50
-46
-40
-34
-32
-32
-30
-33
-27
-27
-30
-26
-20
-17
-12
-16
-12
-11
-13
-14
-14
-13
-15
-10
-10
-9
-16
-12
-5
-8
-7
-1
8
14
20
13
18
21
22
23
17
17
18
22
20
26
23
23
24
27
29
29
35
37
37
36
33
28
29
26
25
29
30
36
35
30
36
30
26
24
20
15
14
16
20
12
10
18
17
20
17
24
27
27
30
25
26
23
20
23
23
21
20
24
18
19
24
25
24
24
27
25
22
17
21
13
10
10
10
14
14
14
10
7
6
13
14
9
7
8
9
15
18
19
21
20
23
21
23
27
26
30
29
28
27
26
21
22
26
25
25
22
25
28
35
33
32
32
27
24
22
21
18
15
12
16
19
24
23
20
18
18
17
16
13
4
2
2
2
4
1
-2
-1
1
1
-2
-2
0
4
8
12
9
7
9
8
8
10
10
11
17
13
8
8
5
3
2
6
-2
-1
2
5
10
10
12
13
16
20
17
20
25
24
23
23
21
19
20
20
23
23
25
26
22
20
17
17
23
23
21
19
19
14
17
14
7
5
-4
-3
-1
-2
1
-6
-11
-8
-8
-5
-1
-3
-3
-5
-11
-9
-8
-13
-18
-20
-21
-23
-27
-28
-29
-30
-39
-43
-43
-49
-56
-52
-58
-60
-58
-63
-62
-68
-69
-76
-74
-69
-73
-76
-79
-78
-78
-74
-77
-83
-82
-81
-81
-80
-81
-81
-78
-72
-64
-66
-68
-71
-71
-70
-67
-65
-60
-61
-57
-50
-49
-49
-49
-39
-46
-46
-42
-37
-30
-27
-27
-28
-25
-27
-28
-29
-27
-29
-33
-34
-30
-28
-26
-23
-19
-28
-23
-22
-21
-14
-18
-14
-16
-15
-19
-11
-8
-2
-1
-3
-1
0
-3
-4
-3
-8
2
1
3
0
1
4
5
1
-2
-1
0
2
0
4
6
5
9
10
11
17
16
16
19
10
14
13
8
3
4
8
9
9
10
7
7
11
10
16
19
19
25
32
30
30
32
30
36
39
41
43
42
42
42
40
38
42
37
37
42
43
40
34
30
28
26
25
29
29
29
33
30
31
33
31
35
36
35
38
34
34
41
40
41
34
37
34
38
43
37
46
43
41
40
37
38
38
34
36
34
31
29
27
26
22
25
26
28
30
26
30
30
32
32
26
25
17
21
20
14
14
12
16
20
19
20
24
26
29
33
36
32
29
27
26
28
31
33
37
36
35
29
32
34
40
50
51
50
46
45
43
39
41
33
24
25
21
19
19
12
10
5
0
-2
-5
-12
-13
-12
-10
-13
-17
-17
-18
-15
-21
-20
-10
-8
-3
-5
0
-3
-4
-3
-4
0
-1
-3
-5
-3
3
7
12
8
12
14
12
15
21
22
16
18
15
13
7
7
10
7
2
0
-2
-1
2
-5
0
-2
-5
-5
-13
-21
-25
-28
-35
-37
-35
-37
-34
-32
-31
-32
-33
-35
-42
-35
-37
-38
-40
-38
-41
-56
-58
-65
-64
-65
-72
-74
-82
-83
-86
-85
-82
-85
-83
-84
-85
-79
-80
-76
-74
-69
-65
-58
-57
-58
-56
-55
-50
-53
-49
-46
-44
-42
-39
-35
-33
-26
-19
-17
-17
-15
-10
-8
-12
-15
-12
-13
-18
-14
-13
-11
-13
-12
-9
-11
-6
-13
-14
-13
-11
-5
-1
2
1
3
-2
-4
-1
-5
-9
-8
-10
-9
-5
-9
-7
-7
-7
-9
-9
-6
-3
0
7
8
2
8
12
10
12
14
9
7
14
10
10
9
12
8
-1
1
4
11
12
15
17
16
17
12
9
9
4
5
2
1
0
-1
0
-3
4
4
9
14
16
27
23
24
27
26
34
37
39
44
40
40
40
41
43
42
42
41
45
52
48
42
38
41
39
40
40
38
32
24
17
12
10
10
12
11
14
12
11
12
14
16
17
24
25
22
25
20
18
20
24
21
17
17
7
7
8
13
13
5
10
6
9
10
7
5
2
3
1
2
-1
1
-6
-7
-11
-12
-6
-8
-7
-6
-3
-2
-4
-5
-2
3
5
8
13
16
15
13
13
17
20
23
24
26
23
25
26
27
29
26
27
28
28
28
23
23
25
26
30
27
26
30
25
21
18
15
18
18
15
6
9
13
13
9
5
8
12
13
11
14
11
13
11
9
9
14
15
11
22
23
23
23
15
16
10
11
14
12
9
16
15
13
11
6
-2
-1
1
8
8
-1
-3
0
6
-1
-1
-3
-12
-5
-5
-2
-3
-1
-2
-7
-4
-5
-4
-8
-11
-11
-11
-12
-13
-6
-7
-9
-5
0
0
-5
-7
-7
-8
-8
-10
-18
-18
-17
-14
-20
-27
-31
-37
-35
-43
-43
-43
-44
-43
-47
-52
-53
-57
-60
-62
-67
-70
-66
-64
-66
-62
-60
-56
-58
-55
-50
-46
-31
-30
-28
-27
-30
-30
-28
-21
-21
-20
-14
-20
-21
-20
-20
-26
-26
-20
-16
-15
-15
-15
-19
-22
-30
-32
-31
-28
-26
-30
-31
-27
-25
-21
-23
-25
-22
-20
-19
-19
-25
-21
-13
-9
-3
-7
2
1
3
6
-5
-5
-6
-6
-2
-6
-10
-11
-8
-11
-17
-18
-21
-25
-22
-23
-21
-24
-20
-23
-24
-16
-16
-22
-24
-21
-27
-25
-22
-26
-23
-17
-14
-16
-12
-11
-6
-6
-2
1
-1
-3
-2
5
1
5
9
2
3
4
3
6
4
5
6
4
2
2
3
4
1
4
-1
0
2
6
4
3
12
13
21
16
19
23
24
27
26
24
22
16
15
18
15
17
20
11
15
14
15
11
12
10
14
17
12
19
13
15
19
16
16
12
7
1
4
3
2
-2
-7
-5
-7
-9
-4
-8
2
7
7
13
9
10
11
14
17
20
22
22
26
23
26
30
31
35
39
38
31
35
36
35
36
36
42
38
34
37
37
32
31
31
28
30
34
36
41
46
44
41
37
35
31
29
30
32
34
37
40
43
42
47
46
48
45
39
43
38
34
26
26
26
28
31
30
29
34
40
38
38
34
31
35
38
35
31
29
28
25
25
21
20
21
16
17
20
18
22
24
21
19
19
26
28
23
22
20
16
13
11
14
8
8
7
7
11
15
16
8
7
9
14
9
6
5
-2
-2
-8
-18
-21
-28
-34
-37
-40
-41
-44
-45
-49
-52
-51
-57
-59
-59
-66
-63
-63
-66
-69
-76
-78
-75
-66
-64
-62
-60
-58
-57
-56
-57
-54
-51
-54
-39
-39
-36
-33
-35
-38
-45
-46
-42
-36
-30
-34
-32
-28
-32
-29
-25
-26
-21
-16
-13
-8
-11
-16
-13
-18
-24
-29
-29
-32
-30
-25
-23
-24
-24
-23
-23
-26
-24
-20
-28
-23
-24
-29
-27
-33
-37
-36
-33
-32
-35
-36
-38
-33
-36
-36
-35
-37
-38
-43
-43
-42
-40
-37
-33
-30
-27
-22
-15
-13
-16
-12
-9
0
2
2
10
11
16
21
26
27
26
24
30
28
27
33
35
37
34
36
33
28
33
42
45
48
51
47
50
44
44
41
35
38
45
50
49
48
37
42
37
34
38
35
32
28
26
21
9
8
11
17
9
9
7
4
12
10
5
-3
-1
-9
-10
-9
-13
-14
-16
-8
-10
-8
-8
-9
-9
-10
-2
3
6
12
15
10
9
2
5
6
6
8
17
20
18
24
24
28
36
38
33
42
45
46
46
43
39
38
37
39
39
37
35
31
35
32
28
27
32
33
35
35
30
24
24
29
29
27
23
22
20
19
19
22
17
15
16
12
9
11
9
5
8
8
14
18
8
7
12
14
18
17
19
19
18
18
24
24
24
24
22
26
29
28
29
26
20
23
15
15
17
13
17
21
20
18
18
15
18
20
20
23
20
13
9
6
4
8
8
7
4
3
-4
-8
-8
-9
-5
-8
-4
-6
-6
-6
-14
-15
-17
-22
-20
-18
-14
-22
-26
-24
-30
-33
-33
-38
-40
-43
-51
-49
-52
-52
-54
-46
-45
-45
-42
-44
-39
-36
-38
-41
-36
-38
-38
-36
-44
-41
-38
-39
-41
-34
-32
-33
-32
-33
-31
-27
-19
-20
-19
-15
-13
-6
-7
-7
-4
0
1
-4
4
4
2
5
1
7
3
-1
0
1
-5
-1
2
-4
-2
-3
0
1
-3
-9
-10
-6
-9
-7
-7
-7
-5
-2
-7
-8
-6
-11
-8
-8
-7
-3
-8
-14
-19
-23
-23
-27
-22
-21
-17
-16
-17
-18
-25
-32
-37
-34
-35
-31
-26
-22
-26
-26
-31
-37
-32
-34
-34
-39
-34
-35
-38
-35
-42
-46
-46
-41
-37
-34
-33
-33
-26
-27
-26
-26
-22
-14
-15
-9
-13
-21
-19
-12
-12
-7
-7
-7
-2
4
5
0
11
17
21
20
20
21
17
15
10
17
27
27
30
31
33
33
30
32
30
29
29
25
26
15
14
22
21
24
22
16
19
19
16
13
11
12
13
18
17
13
16
14
14
19
18
18
18
12
17
16
11
12
9
12
16
13
14
11
8
9
10
13
8
10
9
6
4
-5
-4
-5
-5
-1
-2
-7
-12
-14
-19
-22
-24
-19
-18
-16
-14
-12
-13
-15
-11
-7
-11
-12
-8
-6
-2
1
-4
-4
3
4
-1
0
-1
0
7
7
1
4
4
7
11
12
11
11
13
8
6
6
2
9
10
10
13
14
13
14
13
7
14
16
20
22
23
23
29
30
30
34
34
36
35
30
31
40
32
33
34
36
41
45
50
42
40
36
33
29
27
31
28
26
25
24
24
25
25
27
26
29
34
33
35
32
29
26
25
26
22
27
29
28
30
28
21
22
18
20
22
19
24
21
21
18
14
21
23
26
24
22
19
14
11
6
6
6
5
9
6
2
3
1
-1
-1
-9
-16
-13
-17
-14
-14
-15
-19
-21
-22
-24
-25
-30
-37
-37
-34
-37
-42
-45
-47
-45
-48
-54
-51
-46
-44
-43
-35
-33
-38
-38
-33
-39
-36
-35
-34
-31
-34
-29
-26
-29
-32
-31
-34
-34
-31
-33
-37
-33
-35
-38
-39
-40
-47
-44
-44
-42
-40
-39
-38
-39
-39
-43
-38
-41
-38
-35
-30
-28
-27
-25
-25
-29
-30
-26
-25
-17
-19
-13
-8
-15
-15
-12
-16
-20
-17
-13
-11
-7
-8
-8
-9
-14
-16
-12
-14
-10
-7
-4
-6
-3
-3
-5
2
2
11
12
17
24
22
30
34
30
34
36
28
31
40
32
30
30
22
21
15
18
24
20
23
20
12
8
4
2
3
0
-2
-4
-4
-3
-4
-12
-20
-20
-15
-10
-10
-14
-17
-19
-19
-20
-23
-24
-18
-14
-15
-16
-15
-8
-8
-8
-6
-8
-6
-5
-5
0
2
-1
-1
1
4
5
1
0
2
1
3
4
6
1
5
13
11
15
16
15
18
19
19
20
24
34
33
42
51
47
48
50
48
51
49
57
59
55
53
53
54
53
47
46
47
47
54
55
59
61
59
54
52
53
52
46
38
42
38
38
38
33
37
34
32
28
20
14
16
25
35
29
29
30
27
35
32
37
36
28
29
34
32
34
38
32
34
38
38
40
37
40
47
48
48
47
46
45
40
35
31
31
24
24
27
16
12
16
5
-5
-10
-17
-16
-19
-18
-22
-28
-30
-34
-36
-42
-47
-39
-34
-39
-34
-25
-20
-16
-20
-19
-15
-13
-12
-18
-25
-28
-25
-21
-30
-31
-22
-19
-19
-18
-20
-18
-18
-18
-15
-21
-24
-21
-24
-25
-24
-28
-27
-25
-25
-29
-26
-22
-12
-17
-23
-22
-21
-18
-24
-25
-24
-18
-23
-18
-15
-15
-12
-15
-12
-19
-20
-23
-23
-23
-23
-24
-22
-26
-30
-31
-38
-39
-36
-39
-41
-41
-44
-39
-35
-43
-43
-45
-45
-44
-49
-52
-58
-57
-57
-56
-55
-54
-45
-47
-48
-47
-45
-49
-54
-48
-52
-53
-51
-53
-51
-51
-46
-44
-36
-36
-35
-32
-34
-31
-30
-29
-32
-27
-28
-31
-30
-40
-43
-41
-33
-35
-38
-38
-42
-32
-29
-33
-30
-29
-27
-30
-32
-32
-31
-29
-29
-30
-29
-29
-30
-28
-36
-32
-27
-22
-16
-18
-9
-6
-4
-2
-2
0
3
4
5
4
9
13
14
12
20
24
22
22
16
13
12
16
13
14
12
8
8
11
14
11
15
24
19
24
28
18
26
33
31
36
35
41
40
43
50
59
58
54
50
47
45
41
47
48
44
41
45
48
44
44
46
45
50
49
49
54
50
52
50
52
50
48
49
49
53
47
40
35
37
38
38
41
42
41
42
40
42
44
40
38
42
42
42
45
39
32
32
27
22
19
21
25
22
27
24
16
20
18
24
25
21
18
18
14
15
16
11
17
23
21
22
30
32
33
34
30
31
36
34
41
39
32
36
36
33
36
40
40
41
37
38
35
31
29
26
21
25
22
17
18
13
7
7
10
3
1
-3
1
0
-7
-9
-13
-15
-19
-21
-24
-20
-22
-28
-26
-24
-23
-18
-15
-17
-14
-17
-20
-16
-18
-15
-14
-14
-18
-22
-22
-20
-19
-21
-15
-13
-12
-14
-18
-21
-27
-31
-35
-36
-33
-35
-39
-35
-41
-38
-36
-42
-36
-33
-30
-28
-31
-33
-37
-41
-37
-37
-35
-34
-31
-38
-39
-36
-34
-36
-42
-40
-42
-38
-40
-44
-43
-48
-51
-50
-49
-50
-51
-55
-54
-55
-58
-58
-58
-56
-56
-56
-56
-52
-54
-49
-50
-50
-40
-38
-31
-23
-21
-17
-18
-21
-21
-17
-11
-13
-6
1
0
0
-3
-5
-5
-6
-8
-8
-9
-9
-4
-10
-13
-17
-19
-14
-19
-18
-19
-24
-27
-32
-32
-33
-34
-33
-27
-27
-28
-21
-22
-22
-25
-21
-15
-12
-7
0
7
6
11
6
9
9
4
7
7
14
17
21
26
26
30
29
28
33
35
40
39
36
32
32
33
30
31
23
29
33
31
29
23
18
19
14
15
17
19
21
21
16
11
1
1
1
-1
8
5
12
16
14
14
20
18
16
17
19
22
24
23
20
17
19
21
19
22
30
32
32
34
38
37
39
42
39
39
38
35
42
48
52
57
56
51
49
53
52
54
59
54
55
62
57
52
52
48
52
47
52
49
45
47
41
46
43
38
41
33
34
26
23
26
22
24
26
34
27
31
33
21
25
23
20
20
22
23
20
23
17
6
6
7
5
7
9
6
13
16
14
17
12
11
11
8
8
12
14
11
8
8
6
2
0
-5
-1
2
5
5
2
-2
-2
-6
-6
-14
-14
-11
-17
-23
-17
-21
-20
-12
-17
-14
-16
-18
-20
-19
-18
-13
-16
-21
-26
-26
-22
-25
-26
-28
-29
-30
-28
-36
-36
-40
-47
-47
-47
-49
-43
-40
-42
-36
-37
-32
-28
-25
-22
-16
-14
-9
-4
0
-3
-3
-1
-7
-6
-8
-10
-13
-16
-13
-14
-10
-6
-9
-5
-12
-10
-8
-15
-17
-19
-24
-26
-26
-32
-26
-23
-27
-32
-32
-36
-35
-35
-43
-47
-52
-49
-43
-40
-42
-44
-45
-45
-43
-44
-50
-54
-51
-49
-46
-46
-43
-42
-44
-46
-46
-47
-39
-38
-36
-33
-32
-35
-31
-28
-34
-30
-26
-30
-25
-24
-23
-20
-20
-20
-24
-17
-17
-21
-21
-17
-17
-16
-18
-14
-8
-6
-6
2
5
6
3
0
7
6
13
14
14
18
13
12
15
14
9
1
1
5
2
4
5
0
3
2
5
2
9
14
14
16
11
9
3
4
8
7
8
9
11
17
19
15
15
12
11
7
13
19
18
25
21
20
19
21
23
20
22
23
21
24
26
20
23
26
18
17
18
12
7
9
6
2
3
-2
1
-2
-5
-3
-11
-12
-9
-13
-14
-15
-16
-11
-10
-8
-7
-4
7
8
2
5
-1
1
3
2
1
-5
-3
0
5
2
3
2
5
6
6
6
1
2
6
9
6
0
0
-3
-3
0
-4
0
2
5
13
11
16
20
14
10
8
12
18
13
20
21
17
25
27
26
25
22
22
28
33
32
33
38
41
39
43
38
41
39
37
42
35
38
39
37
39
37
41
35
31
32
32
32
29
31
31
32
32
35
43
40
37
37
32
33
31
28
30
30
28
25
26
25
20
14
14
16
12
17
14
8
4
-5
-2
-6
-14
-16
-15
-15
-18
-17
-19
-16
-14
-11
-9
-4
-4
1
7
6
8
6
0
-1
-5
-5
-5
-8
-6
-5
-10
-6
-9
-16
-13
-17
-16
-15
-12
-14
-18
-19
-16
-19
-14
-17
-16
-22
-22
-20
-27
-22
-21
-15
-15
-15
-17
-22
-22
-24
-22
-23
-21
-17
-13
-18
-19
-20
-22
-18
-12
-9
-8
-3
-13
-15
-10
-12
-9
-4
-2
6
10
8
12
6
5
13
11
11
10
10
9
0
1
-3
-7
-9
-8
-2
-3
-1
2
0
4
6
1
-4
-8
-14
-13
-14
-18
-18
-27
-23
-27
-25
-26
-26
-28
-28
-26
-27
-24
-25
-29
-25
-21
-24
-23
-25
-18
-15
-16
-14
-11
-10
-12
-10
-7
-8
-6
-4
-7
-3
-3
-1
2
2
7
3
3
1
4
-2
-5
1
-4
-3
-7
-10
-11
-10
-4
-5
-6
-7
-9
-7
-4
1
6
4
3
2
-5
-1
1
0
7
3
6
8
6
3
3
0
-3
-3
-6
-4
-3
-4
-5
-9
-6
-5
-7
-5
-7
-5
-12
-16
-14
-14
-13
-14
-12
-12
-14
-19
-23
-20
-16
-23
-21
-18
-20
-17
-18
-17
-15
-13
-13
-12
-13
-8
-1
2
6
7
11
10
6
1
-2
2
2
-1
-1
-1
-2
-7
-3
-8
-7
-1
-3
-4
5
13
13
14
8
7
5
18
20
7
10
6
14
21
18
16
21
19
25
29
30
31
26
27
26
28
31
29
31
26
24
24
22
19
15
17
17
21
22
23
26
27
24
27
30
31
35
41
46
45
41
35
34
35
39
42
41
42
41
44
53
51
49
46
39
37
47
48
43
44
39
37
36
38
44
42
46
41
36
38
35
34
24
25
25
22
22
16
18
21
22
21
21
24
17
16
10
7
0
6
1
-6
0
-2
-3
-5
-6
-6
-3
-9
-8
-5
-6
-5
-1
-4
-6
-3
-3
-5
-7
-10
-13
-18
-18
-19
-16
-13
-11
-2
-3
-1
0
-3
-3
-3
-6
-8
-8
-10
-11
-9
-9
-13
-18
-11
-10
-10
-10
-13
-12
-12
-14
-22
-24
-26
-27
-21
-20
-22
-17
-17
-13
-19
-21
-22
-28
-26
-29
-34
-35
-33
-31
-29
-24
-26
-31
-33
-37
-32
-28
-24
-33
-33
-31
-36
-35
-36
-31
-35
-33
-29
-27
-31
-37
-32
-34
-34
-34
-36
-39
-35
-36
-34
-34
-35
-35
-37
-37
-30
-26
-27
-23
-19
-20
-15
-18
-21
-18
-22
-15
-13
-5
-9
-8
-8
-16
-16
-20
-20
-21
-30
-23
-22
-24
-20
-23
-22
-21
-19
-22
-20
-22
-22
-22
-25
-20
-23
-21
-24
-28
-28
-27
-32
-39
-30
-28
-27
-24
-17
-17
-20
-19
-21
-21
-20
-22
-28
-35
-31
-26
-27
-23
-27
-32
-31
-26
-30
-26
-23
-27
-29
-35
-35
-34
-41
-43
-42
-47
-49
-44
-50
-42
-43
-45
-42
-37
-31
-27
-29
-31
-31
-30
-25
-27
-24
-25
-14
-16
-10
-8
-4
4
2
11
8
11
9
14
16
18
24
27
26
25
31
31
39
40
39
41
41
43
42
34
38
45
42
45
46
45
43
49
46
47
49
49
47
44
42
41
42
44
50
51
54
55
55
55
55
54
49
51
50
54
57
56
56
51
53
55
52
54
54
57
57
57
60
59
56
52
51
48
49
51
51
51
48
45
44
39
31
38
43
44
51
50
53
50
47
45
41
41
37
39
42
40
35
41
37
34
25
25
25
19
21
14
12
14
13
8
7
7
5
3
3
0
1
0
-6
-7
-7
-4
-5
-3
0
-10
-8
-5
-6
-2
-1
2
6
7
4
2
1
-2
-1
-1
-7
-5
-9
-16
-17
-16
-19
-19
-19
-21
-19
-25
-29
-28
-36
-34
-34
-33
-29
-40
-39
-38
-36
-32
-32
-34
-31
-28
-33
-35
-35
-37
-38
-42
-36
-28
-24
-23
-23
-20
-24
-18
-13
-15
-11
-14
-10
-10
-5
3
3
7
12
12
13
17
19
24
28
32
29
35
31
25
27
25
25
26
19
16
21
17
16
19
16
8
8
0
2
3
2
-5
-9
-10
-10
-9
-9
-10
-19
-21
-27
-30
-31
-32
-31
-27
-26
-27
-24
-23
-30
-33
-38
-46
-41
-44
-50
-43
-42
-41
-41
-49
-43
-41
-44
-42
-40
-46
-44
-43
-43
-43
-43
-46
-43
-42
-42
-42
-45
-44
-39
-38
-37
-29
-22
-27
-30
-31
-32
-26
-24
-23
-27
-29
-25
-25
-19
-13
-17
-22
-26
-23
-26
-20
-20
-21
-21
-23
-19
-26
-24
-25
-24
-26
-22
-14
-12
-8
-13
-12
-12
-13
-13
-12
-9
-6
-8
-5
1
3
3
9
11
16
18
20
23
27
24
21
23
21
24
24
22
28
32
32
37
32
36
38
36
39
42
52
52
54
53
52
54
54
60
59
61
58
59
56
53
53
45
47
55
56
58
61
63
64
69
71
71
77
74
78
70
64
65
61
57
56
56
56
53
55
51
54
58
55
55
49
41
35
28
27
34
30
26
21
14
6
4
4
-1
0
2
2
3
-1
-5
-1
-11
-10
-2
2
2
4
7
5
6
5
3
5
14
16
17
14
14
14
8
14
19
15
16
15
11
12
7
4
3
4
0
-1
2
2
6
0
-4
-2
-5
-7
-10
-13
-15
-17
-16
-13
-15
-17
-22
-17
-15
-15
-12
-10
-7
-6
-11
-13
-13
-14
-11
-11
-12
-8
-6
-10
-12
-16
-23
-30
-30
-28
-35
-35
-36
-34
-41
-46
-48
-53
-49
-50
-48
-49
-54
-52
-54
-53
-55
-53
-50
-48
-41
-46
-45
-45
-49
-51
-47
-39
-42
-41
-39
-32
-29
-27
-28
-30
-30
-39
-30
-32
-37
-33
-39
-36
-34
-35
-36
-37
-27
-22
-18
-14
-14
-16
-12
-6
-11
-9
-7
-4
-4
2
-1
0
3
0
5
3
9
6
-1
0
-2
-2
-9
-6
1
-5
-8
-14
-23
-28
-29
-41
-40
-41
-49
-43
-46
-52
-49
-46
-48
-50
-46
-43
-45
-49
-49
-51
-55
-58
-60
-61
-60
-57
-52
-50
-48
-40
-35
-34
-33
-29
-31
-24
-19
-17
-9
-8
-10
-10
-6
-2
2
1
3
7
10
10
10
13
10
18
19
21
21
21
27
26
26
27
33
32
29
24
25
25
31
32
35
38
26
26
29
28
23
19
14
15
13
9
11
15
11
3
4
5
6
9
5
6
10
12
17
16
19
24
22
22
23
29
29
33
34
33
36
40
42
40
45
42
46
48
45
42
43
46
46
50
54
56
59
73
71
69
66
66
65
63
62
61
60
54
52
46
52
51
53
50
45
41
43
44
45
43
42
40
40
40
31
30
26
22
26
24
29
28
29
25
26
32
33
34
38
36
38
43
38
40
36
34
32
29
26
17
14
14
14
16
15
14
5
1
-8
-6
-8
-12
-6
-11
-14
-17
-13
-17
-15
-17
-25
-25
-28
-32
-37
-34
-38
-37
-32
-30
-28
-29
-21
-17
-13
-9
-8
-8
-6
-2
2
4
2
-4
3
1
4
8
7
8
4
1
-2
-3
-2
-4
-9
-16
-19
-14
-16
-12
-9
-13
-12
-18
-22
-19
-19
-28
-26
-17
-22
-22
-20
-28
-30
-32
-33
-35
-34
-34
-36
-38
-41
-43
-50
-52
-52
-52
-46
-47
-53
-51
-58
-65
-57
-59
-52
-51
-52
-52
-50
-50
-49
-46
-47
-42
-41
-40
-40
-27
-22
-22
-23
-22
-22
-20
-19
-14
-10
-7
-4
-4
1
2
9
13
23
29
32
34
30
32
29
27
24
22
22
18
18
13
6
0
-8
-14
-19
-21
-20
-19
-18
-23
-22
-24
-33
-31
-35
-36
-36
-35
-40
-35
-42
-46
-45
-44
-41
-42
-37
-38
-34
-32
-33
-32
-30
-26
-25
-23
-25
-23
-13
-10
-6
-7
-10
-17
-18
-12
-8
-3
-4
-6
-13
-9
-12
-15
-16
-16
-18
-15
-14
-16
-14
-17
-15
-14
-15
-15
-5
-8
-4
-6
-7
-3
5
7
8
11
13
15
15
21
22
27
31
28
26
20
21
23
26
27
26
32
29
32
34
36
39
36
39
37
39
42
36
33
23
21
23
19
23
13
13
16
17
20
18
18
11
11
10
9
10
9
14
18
19
14
14
18
22
25
27
25
22
27
27
28
30
32
31
28
32
29
35
40
36
40
36
37
43
43
42
44
50
54
55
60
60
62
62
68
72
69
78
80
80
77
76
71
63
59
55
56
61
66
63
67
67
61
58
55
51
51
44
42
38
34
36
31
25
12
9
13
10
2
-6
-9
-14
-13
-17
-15
-20
-19
-18
-23
-25
-26
-25
-29
-30
-31
-31
-27
-25
-23
-20
-17
-17
-14
-13
-12
-10
-3
0
3
11
8
11
14
12
21
23
19
18
23
23
24
27
26
28
34
37
30
24
23
22
18
17
16
10
9
13
13
9
4
-1
-11
-13
-14
-18
-24
-28
-29
-33
-38
-39
-38
-33
-33
-31
-27
-26
-29
-35
-38
-42
-41
-43
-43
-46
-44
-40
-43
-51
-45
-48
-50
-43
-43
-39
-36
-35
-36
-32
-30
-28
-32
-27
-30
-33
-34
-38
-41
-44
-43
-43
-40
-33
-31
-25
-19
-19
-18
-15
-11
-9
-7
-2
1
1
0
2
1
3
1
-5
-8
-13
-14
-12
-14
-18
-21
-27
-35
-40
-42
-44
-52
-56
-59
-57
-56
-58
-54
-64
-60
-64
-68
-67
-74
-70
-72
-75
-70
-73
-73
-75
-77
-72
-70
-71
-67
-67
-63
-61
-56
-54
-58
-48
-38
-34
-35
-32
-26
-21
-17
-24
-16
-13
-17
-11
-8
-2
-2
5
7
9
6
4
-1
-1
2
3
0
-7
-11
-12
-15
-13
-13
-16
-8
-7
-6
-6
-5
-6
-10
-3
-3
-1
0
4
2
8
10
14
16
15
20
17
25
31
33
31
29
32
32
31
30
25
26
25
19
21
22
19
12
12
11
14
17
20
16
17
20
24
28
32
35
31
38
41
37
41
33
33
34
31
35
36
37
35
39
35
34
38
36
32
33
32
27
36
30
35
33
25
26
24
26
25
28
32
38
38
36
36
36
38
34
34
36
41
42
42
47
42
46
44
46
44
39
41
38
39
38
37
40
36
35
36
39
41
30
27
26
26
24
22
27
23
25
27
20
10
8
10
9
9
8
6
3
3
5
-3
-8
-7
-10
-10
-9
-11
-5
-5
-9
-1
-4
0
-1
-1
4
3
4
7
7
4
2
6
3
7
8
5
5
-2
7
5
1
2
0
2
6
1
3
14
20
22
21
23
18
14
15
10
10
9
10
14
8
8
4
2
0
-5
-4
-3
-8
-12
-14
-13
-16
-18
-19
-17
-18
-17
-7
-10
-12
-11
-10
-1
-6
-10
-5
-7
-9
-7
-10
-11
-10
-8
-12
-14
-17
-19
-19
-17
-18
-28
-18
-11
-14
-11
-17
-19
-19
-15
-15
-19
-9
-10
-14
-17
-14
-12
-10
-11
-17
-19
-20
-15
-23
-24
-30
-37
-38
-41
-39
-42
-48
-54
-55
-58
-65
-69
-75
-68
-66
-64
-60
-59
-54
-53
-55
-60
-56
-56
-59
-58
-57
-53
-52
-51
-49
-51
-44
-39
-35
-23
-12
-6
-3
-2
1
7
14
13
13
16
22
22
21
25
29
31
31
36
39
35
36
38
42
42
33
33
27
18
15
18
19
20
18
20
10
4
4
-6
-4
-4
-5
-6
-2
-4
-7
-6
-9
-13
-15
-9
-13
-9
-5
-11
-11
-13
-11
-9
-6
-6
-3
1
3
4
4
8
10
20
23
23
21
13
16
20
17
17
20
22
25
25
27
29
34
34
32
32
30
33
26
28
29
30
36
42
45
42
47
48
45
48
45
44
44
47
47
48
46
43
40
32
38
33
22
27
26
24
23
18
14
9
3
0
4
0
0
3
2
8
10
5
5
9
8
14
16
13
14
14
14
11
10
11
23
29
29
30
26
28
33
35
37
38
41
41
37
41
28
30
32
25
32
33
33
34
35
37
34
33
30
24
24
22
15
17
14
10
8
9
6
2
4
-2
-1
-1
-4
-3
-1
1
8
16
14
12
12
14
12
8
8
8
7
4
-2
0
4
-9
-14
-15
-14
-15
-10
-11
-17
-18
-17
-20
-22
-24
-27
-28
-29
-27
-28
-28
-30
-36
-33
-32
-37
-35
-38
-39
-38
-39
-40
-40
-45
-44
-41
-42
-47
-48
-45
-45
-41
-43
-43
-38
-35
-38
-28
-28
-26
-22
-24
-13
-12
-12
-13
-15
-13
-12
-14
-11
-7
-11
-5
-8
-13
-11
-14
-9
-8
-10
-14
-18
-20
-27
-28
-29
-30
-27
-27
-22
-21
-26
-25
-26
-24
-19
-21
-25
-24
-26
-28
-27
-31
-33
-36
-44
-46
-44
-45
-45
-47
-44
-43
-41
-41
-39
-39
-32
-34
-34
-29
-34
-40
-34
-35
-34
-31
-35
-30
-34
-30
-33
-34
-30
-37
-37
-37
-33
-30
-30
-30
-34
-26
-22
-25
-18
-10
-9
-3
-5
-4
3
0
1
2
7
8
8
11
11
10
8
5
1
7
7
7
9
8
3
-3
-1
-5
-8
-4
-7
-9
-10
-4
-4
-5
-8
-3
0
4
5
6
12
5
9
9
16
17
18
19
22
29
32
42
43
41
35
37
45
51
49
48
46
48
49
50
48
43
36
30
32
37
31
27
26
31
36
30
29
29
31
34
35
35
32
22
17
22
28
29
22
13
6
6
12
6
1
-3
-8
-1
1
1
-4
-10
-4
2
8
10
15
16
12
11
22
21
10
10
8
10
17
21
16
15
15
9
15
21
24
24
20
26
25
26
30
26
27
24
31
36
28
21
20
25
26
30
31
29
24
25
31
28
32
29
29
36
38
46
39
35
30
24
24
20
20
17
12
16
13
12
13
8
-1
-3
-5
-6
-1
-10
-13
-19
-22
-21
-16
-21
-27
-28
-20
-21
-25
-20
-19
-19
-21
-17
-17
-17
-14
-12
-10
-8
-2
0
-5
1
5
9
8
7
16
7
16
17
16
20
22
22
26
32
26
22
17
11
10
15
11
14
18
9
5
4
5
7
3
5
2
4
2
-3
0
-2
-4
-11
-19
-20
-21
-27
-26
-26
-24
-23
-21
-17
-17
-24
-29
-21
-26
-23
-25
-25
-25
-28
-29
-31
-33
-32
-31
-30
-28
-29
-28
-35
-40
-39
-36
-38
-45
-49
-46
-39
-38
-38
-41
-41
-46
-44
-38
-41
-38
-40
-39
-43
-45
-34
-29
-22
-21
-16
-13
-10
-5
-5
2
4
4
2
2
-4
-2
-2
-3
-2
-5
-5
-2
1
-2
-5
-5
-8
-8
-17
-26
-23
-28
-30
-32
-30
-26
-26
-22
-22
-21
-24
-26
-25
-25
-26
-20
-27
-22
-20
-23
-24
-25
-23
-24
-22
-22
-21
-23
-20
-26
-23
-27
-21
-12
-14
-14
-11
-8
-12
-10
-13
-13
-15
-14
-16
-16
-12
-4
-3
-4
-9
-12
-7
-12
-15
-14
-6
-6
-2
0
5
7
7
11
13
14
20
19
18
26
27
28
32
39
43
43
41
49
49
47
45
47
49
55
56
52
52
42
52
47
37
42
39
30
28
29
31
26
23
24
9
11
13
10
15
15
18
17
17
15
14
11
5
7
0
4
10
6
8
8
13
16
13
14
19
21
20
19
18
15
16
19
27
33
33
38
37
31
32
29
29
31
33
41
33
38
40
41
44
41
37
36
42
37
37
40
31
34
34
30
29
29
36
35
33
31
25
23
16
20
14
9
5
3
1
-9
-8
-17
-21
-21
-24
-21
-22
-24
-22
-24
-26
-28
-27
-26
-24
-28
-26
-24
-22
-18
-18
-19
-16
-13
-13
-9
-3
-2
3
4
2
9
15
19
18
21
30
25
25
31
34
35
40
37
37
42
43
42
46
42
46
47
42
43
43
44
38
39
37
37
32
30
31
28
28
26
19
15
17
14
9
6
6
11
13
14
17
7
2
-1
-6
-4
-10
-15
-24
-21
-26
-32
-30
-32
-33
-39
-41
-44
-49
-46
-52
-58
-64
-68
-74
-77
-83
-84
-85
-82
-79
-82
-82
-85
-85
-85
-81
-80
-83
-80
-74
-70
-66
-68
-72
-75
-68
-66
-64
-57
-63
-64
-57
-55
-53
-47
-39
-40
-41
-45
-41
-36
-43
-33
-36
-32
-30
-33
-30
-29
-30
-30
-26
-26
-24
-21
-14
-4
4
0
2
2
10
15
12
15
5
6
1
0
-2
-11
-11
-15
-15
-16
-19
-15
-17
-16
-16
-18
-20
-16
-17
-25
-25
-22
-24
-23
-22
-20
-18
-24
-29
-30
-30
-36
-39
-36
-38
-38
-36
-39
-32
-28
-26
-22
-19
-16
-12
-4
-2
3
9
12
18
19
21
25
32
34
34
43
47
51
50
53
51
52
51
51
54
54
59
56
57
63
61
67
64
66
64
56
55
61
62
55
52
50
45
35
35
34
31
32
37
38
40
38
39
35
25
28
23
21
25
20
16
15
14
17
19
23
24
16
22
19
17
22
18
18
18
19
19
21
14
19
22
22
23
20
20
19
16
15
21
20
24
21
24
26
22
30
32
37
40
42
47
48
53
55
56
56
55
56
47
47
42
32
32
35
32
33
29
25
25
20
17
20
13
8
9
2
-1
-3
-2
-2
-2
2
0
-6
-2
-8
-10
-11
-15
-19
-16
-15
-18
-15
-17
-18
-21
-26
-31
-26
-24
-31
-32
-38
-40
-38
-33
-30
-31
-34
-36
-35
-31
-30
-31
-28
-26
-28
-23
-21
-20
-23
-23
-17
-14
-11
-15
-9
-5
-2
-2
4
-3
-8
-1
1
5
10
16
22
24
29
31
31
34
35
36
32
28
26
25
21
18
13
5
3
-1
0
-3
-4
-2
-12
-13
-15
-18
-17
-25
-33
-29
-29
-27
-27
-33
-27
-33
-38
-43
-45
-40
-43
-42
-45
-52
-53
-53
-60
-61
-64
-61
-58
-56
-54
-60
-60
-60
-63
-63
-62
-56
-57
-58
-61
-66
-63
-61
-55
-53
-46
-42
-38
-35
-28
-22
-20
-18
-21
-18
-22
-18
-21
-18
-14
-17
-12
-7
-8
-5
-7
4
11
9
6
-1
0
-4
6
12
18
18
12
16
14
14
16
16
18
19
18
16
14
9
1
2
5
6
6
7
5
0
0
-2
-2
4
7
6
3
6
10
10
16
17
11
9
11
8
12
12
9
2
-1
3
-5
-1
0
2
4
14
21
18
24
21
20
19
26
33
32
35
34
32
36
36
39
43
41
34
34
41
35
36
36
42
45
45
52
45
50
49
51
58
51
59
58
57
59
62
65
64
63
57
55
53
58
58
51
51
48
51
54
51
49
44
41
38
37
35
30
27
29
21
15
15
9
9
14
14
16
13
9
6
10
7
11
19
13
15
12
16
21
19
17
15
16
13
17
17
11
12
9
12
10
12
10
3
-1
2
6
7
11
10
7
8
10
10
18
17
10
14
12
20
24
28
21
16
17
18
24
25
15
13
13
14
23
23
24
21
19
19
22
12
6
7
3
0
-4
-7
-12
-11
-11
-17
-28
-33
-35
-38
-40
-45
-43
-46
-47
-42
-47
-48
-50
-49
-50
-46
-45
-46
-44
-45
-35
-31
-31
-31
-28
-30
-30
-25
-27
-27
-26
-25
-22
-18
-18
-23
-26
-27
-30
-32
-29
-23
-20
-27
-22
-21
-18
-22
-27
-25
-27
-24
-27
-28
-39
-37
-35
-38
-37
-39
-38
-40
-46
-46
-44
-38
-41
-39
-39
-43
-39
-41
-41
-42
-48
-48
-54
-56
-48
-45
-38
-37
-39
-45
-47
-44
-43
-39
-37
-33
-30
-29
-33
-38
-43
-49
-48
-45
-43
-45
-46
-50
-48
-52
-56
-53
-55
-54
-52
-49
-46
-45
-44
-44
-45
-39
-36
-40
-36
-40
-40
-40
-34
-38
-40
-31
-35
-29
-25
-27
-25
-22
-12
-8
-7
-7
-1
-1
2
8
13
15
17
20
19
16
15
17
16
22
18
20
22
14
8
9
13
14
14
11
12
11
8
10
7
11
11
12
13
16
15
12
12
9
4
7
7
11
15
15
17
10
7
5
7
0
1
6
11
19
13
15
19
19
16
19
21
25
25
26
32
28
25
31
31
29
36
35
47
37
37
35
31
40
44
53
57
56
52
53
52
54
51
48
53
58
60
68
67
63
66
62
65
70
70
76
70
70
74
73
69
64
60
60
61
61
58
56
56
54
62
58
59
57
51
50
50
48
47
44
43
44
38
39
34
33
32
32
28
21
21
16
13
2
8
11
4
4
2
-2
-2
-2
0
-7
-15
-13
-15
-14
-15
-19
-22
-21
-20
-22
-20
-25
-26
-28
-30
-31
-28
-20
-21
-18
-25
-25
-26
-29
-21
-17
-10
-4
-2
-2
-2
-1
3
9
11
20
20
21
28
28
33
23
17
17
21
29
29
32
27
24
26
20
15
21
21
17
18
19
17
11
12
0
-8
-8
-13
-13
-18
-21
-19
-23
-35
-37
-42
-44
-46
-50
-47
-53
-56
-53
-55
-53
-55
-57
-51
-52
-50
-49
-55
-58
-61
-62
-61
-60
-59
-59
-56
-49
-47
-44
-44
-46
-41
-33
-30
-30
-23
-28
-33
-30
-27
-20
-20
-16
-14
-12
-7
-4
-5
-7
-7
-3
2
5
6
10
11
9
0
0
-4
-14
-9
-13
-14
-12
-12
-13
-21
-19
-19
-27
-30
-32
-39
-38
-40
-36
-27
-27
-34
-40
-38
-37
-37
-41
-36
-39
-38
-26
-30
-32
-27
-28
-28
-30
-32
-34
-38
-39
-36
-35
-35
-33
-32
-36
-32
-30
-30
-27
-26
-24
-23
-19
-17
-20
-21
-23
-19
-10
-13
-9
0
-1
-3
-4
-5
-1
0
8
15
17
17
19
24
21
17
26
31
28
31
35
39
41
49
42
41
39
38
37
39
41
37
37
27
25
23
22
23
23
21
25
19
17
21
13
11
8
2
-1
4
10
5
2
3
-1
4
4
0
2
-1
2
3
9
11
11
14
15
12
19
28
30
33
30
28
20
22
22
22
33
36
39
47
46
50
42
39
41
43
43
47
50
52
54
55
59
57
48
46
50
49
49
48
44
42
35
30
32
31
29
31
28
24
24
23
19
17
20
19
17
13
10
7
2
2
2
-4
-7
-12
-12
-15
-14
-15
-13
-12
-13
-5
-2
-2
1
0
-1
3
0
-2
4
0
1
1
3
13
11
13
15
16
19
22
25
26
32
30
35
37
38
34
31
33
34
35
36
41
32
27
30
23
26
23
25
24
22
27
28
26
27
29
27
34
34
32
32
33
38
34
29
24
23
18
12
14
8
9
7
1
-4
-8
-5
-9
-8
-9
-16
-22
-23
-24
-31
-36
-42
-46
-48
-50
-51
-50
-57
-59
-63
-65
-68
-72
-68
-73
-74
-81
-83
-86
-90
-91
-90
-83
-78
-82
-80
-76
-80
-73
-70
-68
-62
-61
-60
-54
-47
-45
-48
-48
-50
-49
-37
-35
-28
-25
-21
-13
-9
-9
-7
-8
-4
-1
1
-1
-1
-4
-3
-1
0
4
-8
-8
-13
-18
-18
-16
-11
-15
-13
-13
-21
-24
-28
-31
-34
-35
-37
-36
-36
-42
-37
-44
-51
-45
-50
-47
-52
-52
-52
-50
-47
-43
-33
-38
-33
-34
-37
-32
-35
-28
-27
-27
-28
-22
-23
-27
-26
-29
-23
-25
-26
-25
-21
-14
-8
1
-4
1
1
6
16
17
22
26
24
24
26
26
28
34
36
37
40
39
43
46
45
43
40
39
35
29
24
21
18
21
25
24
24
17
14
12
11
12
8
1
-4
-1
3
4
-1
-5
-9
-14
-16
-13
-17
-16
-18
-17
-8
-1
6
10
8
11
14
13
18
14
11
12
12
11
20
19
19
19
13
15
13
12
9
9
11
15
17
18
22
20
15
13
15
19
23
33
32
37
45
47
49
52
53
55
60
64
64
63
64
70
68
71
74
73
76
76
78
74
74
73
68
66
66
69
62
59
59
56
54
50
52
48
39
36
33
34
35
24
17
13
9
5
7
4
1
0
3
2
-2
3
1
5
6
9
11
13
15
10
12
14
13
13
16
17
12
11
11
15
10
14
19
16
14
15
15
6
9
10
7
9
13
14
13
4
1
6
6
4
2
4
8
13
14
14
23
25
18
17
13
9
9
7
3
-6
-9
-12
-17
-23
-28
-26
-32
-32
-35
-39
-42
-52
-55
-62
-64
-69
-75
-81
-81
-82
-77
-81
-88
-90
-92
-87
-88
-83
-82
-82
-77
-71
-67
-65
-62
-62
-62
-57
-50
-43
-43
-42
-40
-25
-21
-20
-14
-14
-6
-5
1
7
4
8
13
14
14
18
25
19
22
16
16
16
14
9
0
-4
-9
-11
-13
-14
-9
-14
-9
-10
-16
-10
-10
-10
-13
-17
-19
-25
-21
-21
-25
-21
-22
-30
-29
-29
-33
-36
-40
-42
-39
-42
-42
-35
-37
-38
-35
-39
-33
-33
-36
-40
-46
-45
-41
-40
-44
-39
-41
-39
-35
-30
-19
-23
-20
-20
-15
-5
2
7
0
4
8
15
25
28
35
36
37
40
42
46
50
53
51
55
58
57
55
49
44
40
37
37
41
40
41
38
38
43
44
45
40
40
40
38
44
40
34
31
29
30
25
26
24
29
27
24
18
14
15
19
20
18
16
18
16
13
12
11
8
5
5
4
5
-7
-5
-12
-13
-6
-9
-2
-2
6
-7
-5
-3
-10
-12
-12
-9
-13
-12
-5
-10
-7
-8
-14
-6
-8
0
1
6
8
5
12
12
14
19
27
29
28
30
24
26
39
40
43
39
42
49
49
50
51
49
45
47
41
41
45
41
45
41
42
38
31
39
41
41
37
36
41
39
42
39
36
32
17
18
15
12
15
11
15
13
13
12
14
15
10
9
13
12
10
10
8
3
2
1
8
7
8
8
11
16
6
-1
0
-4
-6
-4
-4
-4
-3
-10
-12
-2
6
4
3
6
5
12
17
21
21
27
28
30
36
37
39
43
46
43
41
42
44
36
36
34
24
28
25
18
9
5
3
-4
2
0
-16
-28
-33
-36
-44
-41
-40
-41
-42
-45
-46
-47
-51
-59
-61
-67
-74
-74
-79
-87
-89
-86
-87
-85
-89
-96
-93
-96
-93
-95
-102
-89
-87
-88
-81
-72
-72
-72
-71
-73
-68
-71
-72
-68
-63
-54
-54
-50
-44
-42
-34
-32
-32
-35
-34
-29
-30
-24
-21
-19
-12
-9
-6
-7
-4
-1
-5
2
0
6
5
1
2
8
8
4
14
11
18
22
15
12
8
1
-3
-3
-11
-9
-10
-7
-4
-10
-7
-5
-5
-7
-10
-14
-16
-17
-21
-17
-19
-23
-23
-24
-25
-31
-29
-27
-26
-26
-29
-24
-24
-25
-27
-27
-23
-22
-17
-16
-16
-16
-16
-16
-13
-12
-7
-7
-7
2
-1
1
5
5
8
9
10
10
9
12
16
21
20
17
19
23
26
24
18
17
15
19
19
19
17
13
17
12
8
13
10
8
8
7
14
16
10
9
8
7
7
9
6
4
3
3
7
6
-1
-6
-9
-5
-1
0
-1
4
4
-3
0
3
4
-1
0
-2
-4
-7
1
1
2
11
9
10
8
10
15
19
22
29
30
25
23
26
36
35
36
43
47
51
57
62
61
63
67
63
65
73
79
85
89
87
87
85
82
88
85
85
83
82
88
88
86
79
73
71
80
85
87
85
85
79
77
72
65
62
63
58
51
57
51
50
45
41
37
32
33
28
23
21
9
7
-8
-15
-20
-27
-28
-30
-28
-31
-33
-29
-29
-33
-34
-35
-29
-33
-32
-30
-29
-25
-26
-26
-33
-34
-29
-34
-33
-28
-30
-26
-24
-21
-19
-17
-12
-6
-10
-9
-9
-10
-11
-15
-17
-21
-14
-17
-16
-10
-8
-11
-12
-17
-15
-17
-17
-14
-18
-14
-20
-19
-30
-26
-30
-36
-33
-37
-42
-39
-37
-42
-43
-44
-41
-43
-38
-39
-40
-39
-41
-46
-47
-52
-49
-47
-53
-49
-51
-53
-57
-57
-55
-51
-50
-53
-51
-45
-45
-40
-40
-45
-40
-36
-34
-35
-34
-34
-31
-30
-28
-28
-23
-22
-30
-30
-33
-25
-20
-22
-24
-35
-36
-34
-37
-34
-28
-26
-27
-27
-22
-20
-20
-20
-23
-25
-27
-31
-26
-22
-27
-27
-28
-29
-28
-20
-13
-8
-6
-10
-16
-26
-28
-24
-28
-23
-16
-16
-12
-16
-14
-9
-9
-7
-8
-9
-6
-3
-1
4
8
4
11
19
17
15
16
18
20
26
26
27
31
32
35
33
33
32
29
27
20
18
18
15
10
7
7
11
18
19
20
22
26
28
32
38
38
30
30
23
21
27
23
26
23
17
19
20
16
14
16
23
27
30
34
37
37
40
40
40
39
35
37
38
41
37
37
34
33
39
43
43
33
36
33
28
27
28
26
27
26
29
29
19
22
20
13
12
17
13
14
15
17
19
21
22
24
25
26
29
27
26
19
21
15
12
12
13
16
20
21
22
27
21
20
17
18
21
23
32
29
27
36
40
47
51
55
59
56
58
55
55
63
62
60
65
59
65
64
57
54
55
53
53
56
53
49
48
53
49
43
41
36
