26
39
31
31
23
23
15
11
0
-5
-11
-14
-19
-19
-14
-17
-18
-15
-22
-30
-26
-28
-32
-33
-38
-38
-41
-39
-40
-42
-38
-31
-21
-16
-11
-15
-11
-13
-15
-18
-20
-16
-16
-17
-17
-17
-19
-18
-18
-22
-23
-19
-19
-17
-18
-20
-20
-17
-18
-18
-16
-18
-13
-14
-17
-11
-17
-22
-17
-20
-19
-12
-7
4
5
7
3
-3
0
-5
-8
-11
-19
-31
-32
-37
-38
-40
-33
-28
-27
-22
-18
-13
-17
-16
-20
-29
-36
-38
-40
-39
-36
-34
-29
-29
-33
-34
-33
-29
-20
-16
-16
-18
-16
-14
-20
-17
-20
-19
-17
-17
-14
-17
-17
-18
-19
-18
-16
-11
-5
-11
-6
-2
-3
-2
-3
-3
-8
-9
-13
-12
-7
-6
0
5
3
-2
1
-2
-4
-3
-4
-2
-6
-7
-5
-10
-10
-11
-13
-10
-17
-10
-12
-18
-19
-24
-25
-20
-21
-22
-18
-23
-19
-22
-32
-29
-32
-37
-34
-32
-42
-47
-49
-45
-44
-43
-37
-37
-37
-37
-34
-32
-36
-34
-26
-24
-26
-24
-23
-26
-24
-18
-21
-20
-24
-27
-25
-18
-9
-3
1
3
7
8
10
10
17
19
12
17
21
18
23
24
24
21
22
23
24
22
21
23
26
24
17
17
15
15
19
22
23
25
25
17
13
9
1
0
2
7
18
17
14
14
17
18
18
29
25
23
27
23
19
18
12
12
17
19
24
27
32
32
31
36
36
41
45
48
48
46
51
51
45
39
37
42
46
47
45
52
57
56
58
57
61
60
58
66
67
65
61
57
57
56
51
47
45
47
47
48
46
46
43
42
38
33
33
28
23
22
24
23
18
10
7
4
5
9
8
11
12
13
16
20
22
17
18
16
12
8
8
9
7
13
11
10
10
8
5
3
2
-1
-1
-9
-12
-12
-15
-11
-14
-13
-6
-13
-19
-18
-18
-24
-23
-27
-30
-33
-37
-36
-43
-48
-51
-52
-44
-40
-38
-39
-41
-43
-39
-37
-39
-38
-34
-34
-36
-31
-33
-32
-27
-26
-22
-15
-18
-13
-12
-11
-9
-11
-9
-15
-18
-22
-21
-18
-16
-12
-9
-4
-1
2
2
-4
-3
-2
-7
-6
-13
-18
-21
-19
-21
-19
-21
-25
-15
-18
-18
-14
-15
-19
-23
-32
-40
-36
-42
-37
-33
-31
-27
-33
-31
-29
-28
-31
-35
-29
-32
-30
-31
-33
-29
-29
-27
-23
-26
-17
-12
-8
-1
1
3
1
0
-3
-3
-2
-6
-14
-12
-14
-12
-11
-11
-3
1
-7
-4
-3
-8
-3
-7
-9
-6
-10
-11
-18
-24
-22
-23
-27
-28
-29
-28
-28
-31
-37
-37
-39
-38
-38
-39
-40
-42
-37
-34
-35
-32
-32
-27
-24
-24
-25
-29
-31
-33
-33
-36
-29
-23
-20
-14
-9
-12
-19
-14
-14
-11
-6
-5
-4
-7
-10
-13
-9
-3
1
3
8
12
12
10
12
7
0
7
-1
-2
0
1
11
7
11
10
11
12
15
16
17
22
23
28
27
28
35
38
34
39
45
44
43
47
45
42
41
46
44
43
45
50
54
51
58
54
52
54
58
53
58
61
57
59
56
54
53
60
67
73
73
69
65
71
71
69
69
63
62
60
61
59
55
51
49
39
35
32
29
27
21
22
21
22
21
20
13
10
8
4
-5
-8
-6
-10
-13
-9
-12
-12
-11
-9
-7
-9
-2
1
-1
-4
-7
-19
-17
-12
-16
-5
4
8
9
8
11
16
18
22
27
20
22
20
16
9
3
-1
-2
2
2
11
8
8
11
10
9
-3
-2
-14
-17
-17
-20
-22
-18
-15
-18
-14
-15
-22
-20
-21
-29
-28
-33
-32
-31
-40
-44
-41
-42
-40
-35
-31
-28
-24
-24
-27
-26
-27
-28
-29
-32
-33
-29
-26
-25
-24
-31
-31
-31
-37
-36
-36
-38
-33
-39
-40
-30
-23
-16
-13
-18
-21
-17
-17
-16
-17
-20
-25
-25
-27
-26
-24
-24
-15
-12
-13
-6
-9
-11
-11
-15
-20
-28
-32
-33
-36
-33
-30
-32
-30
-24
-24
-21
-21
-24
-22
-23
-23
-18
-19
-18
-23
-27
-23
-30
-26
-26
-25
-22
-22
-20
-26
-20
-24
-21
-14
-12
-14
-14
-13
-9
-3
-12
-11
-5
0
8
9
8
13
19
19
21
22
18
17
15
19
24
26
20
19
17
12
16
14
13
12
10
4
6
3
5
1
4
8
0
6
2
1
-3
-8
-7
-8
-16
-11
-7
-6
-4
-1
1
-8
-5
-5
-6
-7
-7
-7
-3
-8
-5
-1
-5
1
-3
-8
-3
-9
-6
-12
-16
-13
-15
-14
-8
-9
-13
-10
-10
-9
-10
-14
-29
-18
-19
-3
-26
36
151
135
131
125
125
123
122
118
120
125
120
117
104
101
97
86
78
78
76
75
76
76
76
76
73
64
59
60
57
63
65
60
54
47
41
35
37
38
28
23
17
18
11
-2
-5
-8
-7
-7
-10
-12
-14
-20
-22
-27
-31
-39
-46
-51
-50
-46
-37
-31
-34
-34
-37
-37
-41
-42
-35
-35
-34
-35
-36
-37
-32
-30
-31
-28
-27
-27
-22
-24
-27
-35
-43
-43
-44
-45
-45
-45
-45
-37
-41
-46
-46
-50
-49
-47
-44
-37
-32
-25
-32
-35
-37
-33
-39
-46
-44
-47
-49
-45
-36
-38
-38
-41
-47
-50
-54
-50
-50
-51
-53
-56
-57
-63
-59
-56
-53
-52
-49
-49
-49
-48
-53
-51
-46
-44
-41
-31
-33
-34
-36
-33
-23
-22
-15
-12
-11
-14
-9
3
8
15
22
25
36
33
33
34
31
32
27
27
27
28
33
35
33
35
36
34
31
23
17
9
6
4
4
0
-6
-6
-3
3
2
-1
-2
5
12
9
1
-2
3
8
10
11
12
11
15
10
17
20
16
19
19
17
18
19
14
19
14
15
14
19
20
12
15
20
21
18
21
23
16
23
24
23
30
30
36
39
45
52
54
54
58
55
57
59
61
65
63
69
70
71
71
78
84
84
77
74
71
68
65
64
60
56
54
52
56
52
50
45
42
30
23
26
18
20
17
17
17
12
13
11
9
13
16
20
26
21
19
18
19
24
25
25
25
35
33
32
31
27
27
19
15
10
7
8
8
1
-8
-9
-9
-6
-12
-14
-20
-23
-29
-29
-30
-26
-28
-32
-35
-35
-34
-33
-24
-24
-22
-20
-22
-18
-17
-15
-17
-18
-14
-6
-1
0
0
8
14
11
11
12
10
17
14
14
17
14
9
10
11
9
6
1
1
-4
-5
-9
-12
-12
-17
-27
-27
-25
-27
-30
-35
-40
-42
-41
-40
-37
-36
-37
-35
-41
-51
-49
-47
-48
-50
-52
-51
-42
-47
-56
-51
-54
-55
-56
-61
-60
-60
-58
-54
-49
-49
-46
-41
-43
-39
-45
-47
-43
-48
-43
-40
-40
-35
-35
-38
-41
-36
-30
-31
-26
-23
-21
-17
-24
-25
-31
-34
-27
-25
-21
-14
-11
-14
-12
-15
-19
-17
-20
-18
-21
-22
-21
-22
-19
-25
-26
-26
-23
-22
-25
-27
-30
-30
-27
-18
-13
-12
-11
-11
-9
-7
-5
-7
-13
-16
-11
-4
-1
0
5
8
9
11
10
11
10
6
9
6
9
12
4
2
-2
1
-1
1
4
7
11
7
13
15
4
-4
-12
-15
-12
-12
-9
-2
-4
-6
1
1
-3
2
-1
3
7
11
10
14
10
6
9
10
21
28
27
27
30
32
37
35
37
41
40
45
46
47
42
37
38
36
34
35
39
39
37
38
29
29
29
18
12
10
7
12
15
19
25
28
26
16
16
14
17
16
19
26
25
20
19
19
11
21
23
25
30
33
34
35
38
36
36
30
33
33
26
27
28
29
26
31
29
26
27
25
27
26
25
25
34
34
32
34
34
38
34
32
29
23
22
22
18
19
18
17
18
14
8
5
0
-1
-3
-1
-2
-5
-10
-9
-14
-16
-13
-13
-18
-20
-20
-20
-22
-18
-21
-25
-26
-31
-32
-34
-40
-41
-35
-34
-32
-35
-35
-31
-28
-27
-28
-30
-21
-16
-13
-10
-10
-3
-9
-6
-3
2
5
4
7
3
11
13
14
17
18
24
22
19
13
15
19
16
23
24
24
25
19
21
12
6
6
2
10
9
6
2
-9
-5
-8
-13
-10
-13
-15
-16
-19
-22
-27
-29
-32
-32
-34
-40
-36
-37
-34
-27
-26
-26
-26
-26
-27
-21
-20
-23
-29
-30
-28
-26
-26
-28
-31
-27
-26
-23
-27
-24
-17
-23
-19
-17
-24
-27
-39
-38
-37
-38
-38
-43
-50
-45
-42
-40
-34
-28
-23
-21
-17
-17
-17
-21
-24
-25
-20
-19
-15
-12
-18
-20
-20
-17
-17
-14
-8
-6
-6
-7
-1
-1
-7
-6
-9
-12
-16
-14
-9
-14
-14
-16
-15
-11
-9
-8
-5
-4
3
6
7
5
2
-3
-8
-11
-13
-14
-13
-11
-1
-4
-9
-4
-6
-2
-5
-6
-2
-5
-4
1
-2
-5
-14
-10
-15
-14
-3
-4
6
12
9
12
10
8
11
10
10
15
19
24
27
29
31
33
36
47
55
62
57
64
66
70
74
73
79
73
73
71
68
64
62
64
60
61
57
53
48
50
51
50
45
41
32
23
25
23
26
24
21
28
23
21
18
7
5
-5
-6
-10
-12
-12
-11
-4
-12
-10
-9
-1
7
2
3
-2
-5
-8
-17
-14
-19
-23
-24
-19
-16
-14
-8
-16
-12
-17
-15
-13
-16
-12
-15
-14
-15
-12
-9
-11
-12
-16
-13
-7
-4
-2
2
2
-4
-7
-8
-4
-5
-4
-8
-8
-11
-12
-8
-7
-7
-10
-16
-15
-16
-14
-17
-16
-13
-11
-5
-3
-5
-5
1
-1
1
-2
-1
10
16
23
22
21
25
19
28
38
44
40
33
40
33
35
40
48
46
54
57
55
55
45
48
45
51
48
45
45
45
44
42
41
38
40
36
36
28
24
21
20
19
10
15
13
9
9
12
12
16
15
24
28
20
23
18
11
5
-4
-3
-1
-2
-8
-7
-6
-8
-8
-10
-7
-10
-17
-13
-10
-19
-22
-20
-29
-28
-27
-27
-29
-29
-22
-29
-32
-37
-38
-36
-38
-39
-37
-36
-40
-36
-37
-40
-41
-40
-41
-46
-50
-55
-58
-54
-50
-45
-45
-52
-48
-52
-49
-45
-50
-51
-54
-57
-57
-50
-54
-56
-56
-59
-59
-60
-54
-49
-49
-47
-46
-39
-40
-33
-37
-41
-31
-30
-25
-20
-13
-7
-7
0
-3
-3
-3
-4
3
1
-1
2
9
16
22
29
33
33
39
44
40
35
20
15
10
13
7
8
9
5
18
13
10
7
1
3
-2
-5
-9
-10
-13
-18
-22
-20
-21
-20
-16
-17
-11
-16
-18
-21
-19
-16
-15
-17
-20
-17
-19
-14
-7
-5
-5
-13
-15
-8
-3
-4
-3
-3
-5
-12
-9
-3
-3
4
2
6
8
2
0
-4
-4
-5
-8
-5
5
7
11
11
13
19
20
23
23
28
33
34
31
27
17
21
22
22
30
24
28
25
24
26
21
17
21
24
28
28
29
25
27
26
20
17
11
8
9
9
4
7
5
4
7
3
4
7
4
5
13
10
7
5
-4
-5
-12
-8
-8
-13
-4
-3
-2
-2
-3
0
4
2
4
4
5
1
1
9
12
11
18
17
22
24
14
18
15
16
20
28
24
23
23
15
21
31
38
37
35
33
35
32
39
38
32
30
33
36
30
33
38
37
42
45
42
39
41
42
31
28
24
20
21
20
19
14
13
11
16
11
10
10
10
10
2
2
3
-4
-6
-9
-18
-19
-26
-23
-21
-20
-18
-21
-21
-17
-16
-23
-23
-17
-13
-12
-3
3
5
8
6
0
6
10
12
13
10
9
8
10
13
13
17
30
31
32
23
20
17
9
10
12
20
27
33
27
24
20
20
20
15
18
19
15
10
6
3
4
6
9
11
2
-3
-6
-13
-17
-22
-21
-25
-23
-28
-31
-34
-29
-27
-28
-27
-31
-29
-31
-26
-29
-35
-34
-38
-34
-36
-42
-44
-43
-48
-42
-40
-47
-46
-47
-51
-49
-48
-51
-47
-42
-40
-40
-49
-49
-45
-49
-47
-53
-54
-48
-47
-44
-42
-44
-44
-46
-43
-40
-39
-43
-48
-44
-41
-39
-45
-40
-42
-46
-45
-51
-54
-53
-48
-47
-51
-50
-49
-49
-50
-52
-49
-51
-55
-52
-55
-55
-51
-49
-46
-37
-31
-32
-24
-23
-24
-20
-18
-18
-13
-9
-10
-6
-3
6
6
11
11
20
25
30
33
40
44
44
52
51
54
53
52
48
50
51
54
53
51
54
53
53
49
47
43
39
42
40
32
29
27
26
31
27
29
31
26
23
27
22
24
29
27
23
17
20
20
15
16
13
11
3
2
4
2
4
1
1
1
-2
-2
-12
-20
-23
-27
-27
-29
-22
-15
-11
-4
-4
-4
-2
-5
-3
-3
-4
-1
-2
-3
-4
0
0
5
12
18
16
11
9
8
9
4
9
7
9
14
15
19
15
18
22
27
25
21
28
26
26
25
20
19
15
20
22
24
29
32
40
43
39
40
39
41
48
43
42
39
42
51
45
42
42
50
44
49
54
54
54
60
59
57
58
55
64
65
68
63
57
54
53
50
44
36
37
39
35
36
42
45
50
47
41
39
38
37
36
35
39
40
36
40
41
39
37
37
32
33
33
29
29
24
18
13
7
6
9
6
5
9
5
6
3
-5
-1
-14
-18
-20
-28
-22
-27
-27
-30
-29
-32
-30
-27
-31
-34
-31
-28
-31
-35
-43
-46
-49
-49
-50
-52
-56
-58
-50
-53
-58
-63
-68
-61
-53
-52
-53
-51
-56
-53
-55
-58
-57
-65
-65
-68
-67
-66
-63
-59
-56
-59
-58
-51
-48
-47
-46
-44
-45
-47
-49
-47
-44
-39
-37
-33
-23
-23
-25
-20
-27
-31
-33
-36
-33
-34
-36
-33
-39
-32
-29
-26
-19
-23
-24
-25
-27
-30
-29
-28
-32
-37
-38
-40
-37
-34
-32
-31
-24
-24
-30
-29
-29
-25
-24
-20
-17
-15
-13
-13
-10
-10
-14
-9
-8
-6
-5
-9
-7
-12
-9
-11
-9
-6
-8
0
3
5
4
8
9
7
6
7
11
10
11
12
12
13
13
12
17
18
10
13
16
7
8
2
3
4
11
18
17
17
11
13
16
18
15
3
3
2
10
8
10
12
5
3
4
5
4
5
5
7
13
13
11
5
1
5
4
8
6
9
11
9
15
11
7
8
5
6
5
2
-1
-3
-4
-4
2
1
1
11
14
19
15
21
25
25
29
27
23
22
21
17
18
19
23
19
14
15
17
15
20
23
21
22
21
20
19
31
36
38
45
41
41
41
45
48
39
40
44
44
47
45
50
51
52
58
56
60
59
62
55
57
52
47
36
33
31
37
39
39
44
37
37
37
34
31
32
27
26
17
17
16
9
9
3
-1
2
4
2
7
5
7
11
10
13
8
10
7
-1
-2
0
6
4
4
5
10
14
19
18
16
24
24
24
17
13
14
8
8
3
6
3
-5
-6
-8
-6
-7
-7
-12
-8
-2
-7
-10
-11
-15
-13
-9
-11
-8
-10
-9
-11
-12
-12
-14
-24
-32
-32
-32
-36
-33
-34
-33
-34
-32
-32
-32
-29
-32
-34
-37
-28
-35
-41
-42
-46
-45
-45
-38
-35
-35
-33
-27
-33
-35
-39
-40
-46
-53
-51
-52
-45
-48
-52
-47
-41
-38
-35
-36
-43
-44
-48
-47
-48
-51
-49
-57
-57
-54
-56
-51
-42
-42
-45
-45
-44
-42
-41
-42
-44
-43
-38
-39
-32
-30
-32
-28
-33
-31
-32
-27
-26
-22
-19
-19
-10
-18
-14
-12
-13
-8
-3
-2
-6
-4
-3
-1
-2
-1
3
4
1
-6
-2
-4
-4
-3
-5
-9
-10
-10
-9
-8
-17
-22
-21
-13
-4
-2
4
10
7
7
5
-3
4
6
4
8
14
11
9
14
13
22
23
23
33
36
44
45
42
43
41
47
44
49
52
50
49
47
50
50
47
46
46
42
45
42
42
40
39
39
38
39
32
23
16
14
15
11
10
5
2
2
4
4
-2
-1
-4
-5
-3
-5
-14
-20
-20
-18
-17
-18
-8
-3
-9
-11
-9
-10
-6
-2
4
5
6
7
6
10
9
10
9
14
21
21
20
27
25
28
30
31
35
29
27
24
27
28
21
22
29
28
22
30
28
25
32
33
40
43
42
37
37
43
37
38
40
40
41
42
35
34
35
33
35
37
33
37
38
41
39
37
37
33
34
33
29
32
38
36
41
32
33
37
34
35
30
25
29
26
28
24
14
12
11
13
11
11
18
19
20
18
12
7
1
-6
-9
-15
-18
-15
-15
-22
-20
-21
-23
-18
-32
-32
-27
-28
-32
-33
-32
-35
-37
-42
-41
-41
-47
-43
-41
-41
-34
-37
-30
-33
-40
-42
-39
-32
-29
-29
-24
-19
-20
-16
-14
-13
-10
-11
-11
-15
-16
-11
-12
-10
-10
-8
-3
1
4
0
-4
-3
-9
-10
-14
-20
-23
-16
-17
-17
-17
-22
-23
-20
-24
-28
-30
-30
-29
-34
-37
-44
-47
-46
-53
-47
-41
-43
-40
-48
-52
-55
-62
-64
-63
-58
-57
-56
-54
-57
-55
-55
-53
-50
-50
-51
-50
-51
-51
-47
-43
-40
-37
-33
-34
-31
-30
-20
-13
-6
-1
2
2
-4
10
13
12
16
14
13
14
16
17
23
19
22
20
18
13
16
18
22
28
26
30
32
28
28
26
23
11
11
15
14
26
15
12
13
13
15
8
-3
-9
-8
-9
-18
-13
-7
-3
6
4
0
-2
-9
-11
-15
-11
-7
-5
-5
-4
-7
-13
-13
-14
-3
2
9
9
9
4
1
3
2
-10
-12
-10
-8
-15
-19
-7
5
16
27
33
37
34
25
22
20
16
25
27
28
33
40
48
47
47
51
54
46
46
41
28
33
42
38
32
38
36
34
36
42
43
37
32
31
38
39
39
28
29
30
25
16
9
14
15
19
10
5
0
-2
1
4
5
9
14
9
-2
-7
-5
-13
-21
-12
-7
-5
1
0
0
-6
-15
-8
-5
5
8
3
4
6
-3
-8
-4
-4
-2
-8
-9
-6
-14
-16
-3
4
11
16
15
19
17
12
7
4
7
11
20
28
32
35
40
38
41
41
41
45
45
44
32
26
21
20
20
18
23
25
32
32
33
35
31
36
28
18
7
-7
-4
-3
-2
1
-1
-1
-5
-12
-12
-10
-10
-6
-2
4
4
1
-6
-11
-23
-27
-23
-23
-29
-27
-27
-34
-28
-25
-26
-30
-28
-30
-40
-33
-36
-37
-24
-11
-7
-12
-12
-18
-29
-37
-39
-30
-29
-22
-11
-6
2
1
2
-6
-9
-5
4
5
12
14
8
0
-19
-31
-47
-49
-48
-51
-54
-51
-45
-39
-35
-36
-43
-52
-60
-67
-73
-67
-50
-43
-34
-36
-40
-48
-59
-68
-79
-82
-83
-72
-56
-46
-28
-11
-2
-8
-9
-6
-7
-3
-1
12
17
24
14
5
3
-5
-6
-11
-8
-5
7
23
17
17
12
17
21
16
25
21
15
15
10
2
-6
-1
15
13
20
18
13
15
11
20
18
28
41
48
48
40
26
25
28
25
28
19
14
12
13
13
12
-5
-16
-13
-11
-11
-12
-13
-14
-12
-9
-11
-6
0
-1
-6
-10
-15
-18
-20
-18
-15
-14
-7
-10
-1
-2
3
14
13
7
0
-3
-2
3
-1
3
-8
-23
-32
-41
-46
-46
-28
-15
-11
-11
-8
-3
-3
9
22
18
17
9
1
-2
-10
-8
11
21
25
14
0
-11
-36
-49
-50
-49
-39
-24
-20
-14
-15
-23
-31
-36
-31
-29
-23
-19
-25
-21
-5
-7
-11
-7
-12
-15
-15
-14
-14
-8
3
6
16
25
32
36
40
48
46
51
59
65
71
74
71
69
68
65
61
66
69
72
76
66
57
45
40
37
30
20
13
10
10
7
0
-13
-12
0
2
3
5
9
19
25
28
30
24
19
22
34
50
54
56
49
38
37
41
42
44
45
36
29
23
21
20
15
19
34
53
66
59
49
34
28
33
38
40
45
57
59
61
53
46
44
44
48
50
43
44
42
38
34
27
23
26
10
3
8
-3
-12
-27
-37
-48
-63
-63
-67
-62
-52
-42
-33
-34
-32
-32
-37
-46
-55
-64
-72
-71
-71
-80
-73
-60
-49
-44
-46
-45
-52
-53
-41
-28
-14
5
24
24
25
23
20
24
25
16
13
18
23
39
38
31
23
18
7
6
22
27
44
56
68
78
84
83
72
71
80
69
59
63
64
65
59
43
23
13
-4
-17
-15
-15
-20
-22
-21
-22
-33
-44
-59
-78
-77
-84
-95
-94
-92
-90
-95
-98
-98
-92
-88
-98
-108
-93
-79
-72
-60
-47
-37
-37
-35
-36
-38
-44
-45
-48
-51
-50
-43
-32
-17
-14
-17
-15
-10
-1
4
14
30
43
56
49
34
40
35
36
39
40
29
16
7
1
1
-4
-8
-14
-18
-12
-17
-27
-44
-50
-41
-41
-39
-31
-29
-28
-32
-41
-43
-40
-47
-48
-46
-38
-28
-23
-26
-32
-31
-44
-52
-60
-68
-76
-83
-77
-68
-70
-74
-77
-87
-97
-102
-110
-115
-105
-82
-65
-50
-33
-25
-15
-10
-8
0
13
16
13
4
4
8
0
0
4
18
35
32
37
36
32
29
19
18
16
23
21
14
3
-13
-18
-17
-20
-21
-16
7
34
48
58
66
62
49
38
31
37
50
63
76
83
86
88
86
82
86
84
66
56
69
66
70
73
65
62
60
50
37
41
40
40
45
36
26
22
18
10
2
-1
10
18
27
30
25
34
44
56
51
45
45
39
40
40
47
52
53
49
40
35
19
13
5
9
18
20
28
41
53
63
58
47
42
34
36
45
58
58
56
49
36
36
39
36
32
32
33
36
37
40
53
62
69
67
67
59
55
42
33
32
29
25
21
23
12
4
2
-9
-20
-23
-29
-18
-12
-13
-9
-12
-24
-29
-23
-29
-38
-43
-56
-58
-60
-55
-57
-57
-46
-46
-43
-37
-21
-12
-12
-9
-11
-1
0
-4
-6
-6
-1
3
15
23
18
3
0
-7
-9
-7
-10
-13
-10
-6
-4
-8
-10
-7
-13
-21
-24
-30
-34
-30
-35
-48
-59
-68
-76
-76
-85
-87
-83
-74
-59
-57
-54
-67
-84
-95
-109
-108
-101
-94
-81
-72
-64
-63
-58
-56
-59
-57
-62
-56
-44
-37
-23
-14
-11
-8
-15
-23
-22
-16
-9
0
7
11
6
-10
-13
-18
-25
-24
-21
-12
-5
-2
-10
-7
-6
-25
-31
-30
-34
-37
-38
-44
-53
-52
-54
-53
-41
-37
-36
-36
-32
-21
-24
-23
-16
-7
0
-6
-4
-16
-29
-28
-34
-36
-34
-26
-30
-36
-38
-42
-49
-36
-26
-19
-19
-21
-20
-16
-12
-9
0
-3
4
2
4
4
3
-1
-4
9
19
23
14
5
4
7
2
4
13
17
23
23
16
7
11
11
9
16
18
19
22
26
26
23
20
11
5
12
13
10
18
18
22
23
23
26
28
35
33
35
36
29
15
22
28
30
24
10
9
3
-12
-9
-2
7
25
33
35
33
28
22
20
25
36
42
49
50
44
49
61
68
80
80
80
92
101
110
111
95
85
81
61
59
69
70
71
77
82
72
61
48
28
25
23
24
24
15
5
0
2
14
25
29
35
49
57
65
75
82
87
94
100
89
86
89
81
80
76
74
72
72
76
66
47
35
24
19
9
6
10
4
7
-1
-7
-9
-14
-8
4
24
30
22
17
19
16
24
46
54
55
58
55
65
80
79
80
94
94
90
82
69
57
43
30
11
7
1
-13
-28
-42
-55
-61
-66
-65
-73
-76
-86
-98
-91
-86
-86
-96
-109
-126
-137
-149
-156
-154
-152
-148
-150
-147
-142
-144
-153
-153
-150
-136
-125
-121
-109
-104
-94
-92
-89
-78
-76
-65
-61
-63
-49
-28
-17
-14
-5
-1
-5
-14
-9
-10
-16
-4
-1
7
26
18
17
8
4
-2
-6
-8
-5
-2
-1
0
5
18
21
18
12
3
-2
5
5
9
13
12
13
14
9
-1
-3
-3
-5
-6
-5
-9
-1
8
15
15
14
3
-7
-10
-12
-5
-6
-5
-18
-29
-27
-25
-25
-24
-28
-32
-26
-33
-27
-15
-24
-29
-32
-32
-30
-33
-37
-37
-37
-37
-31
-28
-25
-22
-20
-23
-21
-13
-7
-11
-20
-26
-27
-28
-22
-24
-28
-32
-42
-39
-42
-53
-65
-74
-80
-75
-80
-92
-91
-96
-87
-78
-76
-68
-59
-57
-47
-37
-30
-12
-9
-12
-10
-10
-18
-13
-11
-8
1
7
24
26
29
39
41
41
40
46
51
56
64
70
81
84
86
90
94
104
106
104
105
97
97
98
97
103
103
107
102
94
89
80
78
73
62
65
66
61
49
35
27
24
20
16
28
35
40
36
37
42
46
48
57
69
68
67
68
67
67
71
61
65
73
68
71
70
74
78
67
65
61
55
54
46
47
41
36
43
39
41
42
35
25
20
10
-1
-4
4
13
12
11
3
1
-6
-20
-30
-31
-27
-36
-41
-40
-29
-24
-29
-34
-39
-40
-40
-41
-37
-28
-26
-20
-20
-22
-23
-32
-23
-1
8
13
9
0
-11
-8
-8
-3
5
7
7
12
19
21
29
35
37
40
39
31
33
24
18
19
24
36
35
34
32
37
39
34
39
35
21
9
4
8
12
3
1
-4
-12
-24
-45
-61
-74
-78
-81
-94
-106
-110
-130
-136
-132
-130
-114
-112
-106
-112
-112
-113
-116
-107
-101
-91
-81
-67
-57
-56
-40
-27
-20
-10
1
2
7
8
9
16
18
19
12
16
20
14
4
1
-6
-13
-21
-30
-38
-46
-47
-45
-41
-46
-47
-38
-46
-46
-38
-48
-42
-35
-33
-29
-23
-22
-21
-20
-19
-16
-12
-11
-10
-3
-5
-3
-10
-11
-8
-20
-16
-19
-21
-18
-30
-30
-35
-37
-39
-43
-45
-55
-52
-44
-31
-20
-11
-12
-15
-16
-22
-25
-22
-18
-16
-11
-12
-13
-16
-24
-33
-40
-38
-50
-40
-32
-35
-29
-29
-23
-17
-17
-16
-11
-11
-18
-11
1
8
13
15
9
14
15
11
16
17
10
5
0
-5
0
2
8
11
13
15
8
18
26
32
35
30
32
29
34
47
55
55
58
66
75
72
60
67
76
82
97
104
106
92
87
82
79
82
87
87
86
79
75
72
62
65
63
56
43
36
28
23
13
8
0
-14
-35
-48
-41
-38
-33
-31
-35
-36
-35
-27
-19
-17
-10
1
6
10
10
15
21
26
39
40
41
42
54
58
53
68
73
79
77
79
79
64
52
49
58
66
71
65
64
63
59
48
39
38
40
40
28
26
25
18
18
8
-3
-8
-14
-16
-19
-14
-10
-10
-4
-20
-25
-28
-41
-33
-37
-44
-35
-29
-25
-26
-44
-53
-51
-60
-63
-72
-60
-55
-47
-44
-48
-31
-27
-21
-11
-3
-5
-5
3
11
15
14
28
40
44
38
36
39
36
56
49
47
61
65
78
71
70
73
66
56
43
48
35
26
35
27
33
36
27
27
19
9
-1
-20
-30
-25
-20
-23
-18
-10
-8
-17
-35
-39
-50
-57
-70
-83
-62
-59
-40
-35
-40
-39
-57
-49
-52
-69
-74
-71
-68
-59
-41
-32
-29
-21
-26
-34
-34
-45
-47
-50
-48
-34
-26
-3
-4
-6
-15
-39
-39
-50
-42
-21
-19
-12
-13
-26
-28
-50
-53
-55
-63
-45
-54
-63
-63
-66
-64
-74
-68
-61
-67
-73
-71
-63
-68
-64
-64
-64
-61
-65
-55
-50
-57
-57
-40
-38
-46
-36
-26
-13
-15
-14
6
14
12
11
30
32
40
52
64
76
63
64
62
66
77
83
92
81
82
88
80
80
73
79
82
71
76
80
75
72
58
51
35
12
14
9
15
6
-12
-22
-31
-14
-11
-22
-25
-23
-5
-11
-11
-11
-15
-17
-22
-23
-21
-4
1
1
16
0
-4
2
1
-6
-9
9
21
15
7
11
7
-10
-20
-8
7
13
15
14
-2
1
6
-3
-2
2
1
5
-3
-7
-9
-20
-19
-25
-19
-3
-7
-14
-24
-33
-34
-38
-48
-53
-53
-53
-70
-76
-68
-67
-58
-62
-73
-84
-82
-72
-60
-55
-65
-57
-56
-53
-24
-7
10
27
34
47
41
40
45
45
63
66
74
80
92
106
114
113
108
117
120
124
127
133
143
158
147
144
137
127
118
126
125
122
143
141
136
127
112
101
95
96
86
59
56
42
30
27
27
32
21
9
5
2
-3
-7
-5
-16
-19
-15
-16
-20
-22
-22
-19
-22
-22
-28
-33
-45
-52
-32
-17
-17
-19
-13
-4
-13
-27
-25
-39
-33
-23
-25
-25
-30
-32
-35
-33
-33
-41
-40
-41
-40
-47
-68
-70
-61
-71
-74
-86
-83
-72
-85
-93
-107
-108
-109
-117
-106
-116
-118
-121
-128
-117
-112
-99
-96
-97
-104
-106
-106
-115
-113
-118
-98
-76
-67
-42
-36
-26
-19
-12
-11
1
18
16
41
52
52
71
70
66
58
60
68
67
80
77
90
86
73
74
70
65
68
90
94
87
74
69
72
63
65
74
78
75
71
73
52
30
12
6
9
4
1
-2
-4
-4
-9
-39
-52
-53
-55
-40
-49
-57
-52
-61
-74
-82
-80
-77
-70
-79
-72
-66
-68
-62
-60
-42
-49
-39
-34
-31
-19
-20
-7
-15
-17
-14
-15
-19
-28
-26
-30
-27
-19
-9
7
1
-6
0
-4
-14
-23
-27
-15
-15
-23
-16
-19
-27
-33
-33
-21
-11
-1
22
31
21
37
34
16
12
-5
4
8
-2
10
14
2
-17
-17
-17
-20
-5
4
9
3
-16
-7
-18
-30
-16
-22
-14
-14
-10
9
9
17
36
21
29
40
39
47
41
61
70
68
80
79
98
91
85
92
84
77
60
50
50
57
52
44
33
24
26
15
-4
-3
-23
-32
-32
-35
-36
-54
-59
-61
-70
-82
-75
-77
-77
-59
-56
-40
-34
-23
-12
-4
4
5
7
15
24
34
42
53
67
77
71
48
47
53
63
69
63
75
79
69
74
65
58
58
50
34
35
32
23
27
33
31
29
46
42
29
27
15
21
25
13
18
15
14
26
12
19
37
40
53
48
39
28
24
19
4
13
20
13
18
18
21
13
7
8
0
-2
-12
5
20
26
17
16
20
14
9
3
7
12
13
20
16
16
13
2
5
-7
-5
1
4
1
-7
-4
-25
-31
-29
-23
-33
-38
-44
-67
-61
-63
-49
-64
-71
-79
-89
-83
-99
-87
-85
-101
-110
-108
-96
-109
-103
-104
-100
-95
-90
-98
-89
-63
-61
-44
-41
-29
-12
-27
-36
-42
-52
-41
-30
-8
13
9
-1
-4
-8
-4
-4
-3
19
7
2
13
12
23
32
27
30
41
46
53
53
56
55
46
37
42
36
39
55
52
57
59
61
61
60
67
74
79
88
91
92
99
99
98
78
73
69
63
65
50
46
43
33
33
18
11
-8
-22
-31
-38
-18
-17
-26
-38
-45
-45
-43
-30
-24
-27
-22
-19
-22
-13
-11
-22
-27
-27
-14
-6
-11
-7
1
-9
-18
-17
-12
-16
-8
-5
-8
-22
-18
-18
-33
-28
-49
-49
-54
-52
-52
-50
-44
-26
-36
-71
-75
-86
-85
-92
-91
-83
-82
-71
-67
-61
-44
-47
-59
-59
-72
-73
-82
-78
-67
-58
-47
-39
-27
-28
-35
-40
-50
-53
-40
-41
-32
-15
-9
-14
-20
-2
-4
-5
0
-1
17
12
23
30
9
1
-9
-19
-32
-30
-14
-14
-17
-17
-7
-2
-12
-1
6
18
13
11
37
28
18
14
18
40
26
25
44
45
53
33
18
23
28
32
36
38
28
24
10
11
16
4
9
22
22
14
26
36
38
22
13
30
11
6
17
30
53
55
49
46
55
51
45
27
23
41
38
38
35
38
39
18
15
25
19
14
22
28
30
35
40
41
46
38
32
45
36
26
5
-4
0
-7
0
0
18
22
18
19
-1
19
30
22
22
12
21
22
12
19
24
26
20
14
11
4
15
28
29
36
34
43
46
54
51
41
50
54
53
37
48
42
42
49
45
54
45
27
9
6
5
-5
1
20
21
22
26
19
24
11
3
-8
-14
-6
-16
-16
-7
-3
9
5
-4
-7
-27
-36
-38
-27
-35
-34
-15
-22
-22
-26
-33
-18
-13
-28
-29
-21
-11
-16
-20
-6
-4
-19
-22
-19
-23
-16
-25
-34
-21
-18
-7
-5
-12
-8
-9
-11
-6
-3
-18
-19
-2
-3
-9
-15
-13
-14
-18
-17
-5
-5
-14
-28
-26
-10
-9
-1
-11
-15
0
-8
-6
-2
3
18
24
44
56
46
26
2
-2
15
7
11
18
25
18
11
12
0
-11
-13
-20
-43
-44
-55
-67
-66
-70
-62
-49
-51
-41
-45
-54
-47
-55
-64
-55
-45
-37
-25
-15
-39
-49
-40
-26
-28
-43
-38
-45
-47
-43
-33
-33
-39
-28
-18
-21
-22
-32
-32
-30
-47
-50
-52
-73
-72
-72
-80
-85
-82
-71
-75
-73
-76
-65
-57
-64
-53
-32
-48
-44
-41
-45
-37
-45
-19
-19
-13
-1
-1
10
11
4
8
5
-9
3
5
24
17
20
31
13
20
11
26
32
26
33
33
25
20
14
8
13
12
22
14
4
2
2
4
10
4
-15
-16
-18
4
4
-8
-13
-11
4
-5
8
23
31
48
39
40
50
58
48
38
61
69
73
78
52
55
49
42
56
62
66
70
70
68
59
69
71
55
50
45
55
66
58
57
66
92
77
66
78
65
65
60
62
56
33
44
24
14
9
-2
8
0
2
-7
-20
-22
-29
-25
-30
-40
-43
-45
-30
-21
-29
-42
-43
-55
-64
-50
-55
-38
-46
-37
-29
-23
-7
-6
-3
-2
0
-2
15
10
21
32
48
67
59
59
46
49
50
59
76
74
70
76
83
90
98
96
99
97
105
108
89
86
81
79
81
79
86
65
64
63
58
45
20
29
20
31
33
21
28
-1
-13
-13
-15
-13
-20
-22
-17
-9
-10
-20
-31
-34
-23
-29
-28
-19
-10
-3
-24
-32
-30
-33
-32
-26
-33
-26
-24
-26
-30
-30
-24
-32
-18
-14
-26
-23
-10
-7
-23
-33
-20
-26
-20
-15
-17
-20
-20
-29
-33
-24
-31
-39
-53
-50
-45
-55
-53
-57
-67
-87
-94
-96
-97
-97
-96
-107
-117
-123
-136
-123
-122
-119
-112
-117
-106
-117
-115
-106
-111
-115
-117
-101
-83
-71
-60
-73
-96
-95
-95
-93
-74
-56
-48
-31
2
14
16
25
25
17
16
19
5
25
31
31
57
50
54
47
53
61
73
88
89
81
63
71
65
60
54
48
63
62
48
36
46
35
12
22
23
25
40
24
26
17
6
8
7
-5
-8
6
1
-3
-3
-5
-10
5
-2
-12
-5
-1
13
10
20
5
-1
12
-8
-8
-15
-23
-27
-37
-32
-27
-19
-19
-36
-36
-56
-71
-63
-50
-47
-52
-56
-56
-47
-54
-51
-61
-43
-28
-36
-50
-59
-64
-67
-59
-56
-42
-44
-44
-41
-38
-29
-14
-9
-19
-14
-11
-10
-10
-4
8
27
33
38
45
44
52
64
85
82
89
100
93
94
77
74
94
102
104
107
111
119
108
105
97
88
98
92
82
81
91
109
99
105
116
104
103
101
109
114
108
98
84
64
61
68
74
87
76
69
71
40
42
44
44
51
50
54
28
27
33
24
19
9
9
4
1
-1
-15
-17
-14
-9
-11
-9
-3
-2
6
0
4
7
-2
-19
-34
-26
-21
-6
-10
-15
-31
-34
-27
-40
-39
-55
-48
-33
-26
-8
-2
-2
-10
-17
-12
-22
-43
-46
-44
-53
-52
-45
-49
-46
-33
-21
-29
-43
-56
-63
-81
-81
-72
-67
-64
-69
-53
-56
-64
-71
-71
-60
-64
-57
-49
-50
-47
-37
-34
-33
-19
-23
-24
-16
-27
-15
-19
-31
-27
-24
-28
-29
-21
-33
-34
-36
-27
-18
-24
-16
-4
12
8
0
0
-8
0
-2
9
14
9
36
49
53
63
33
11
-5
-16
-14
-13
-5
-15
-12
-8
-10
-18
-34
-37
-30
-15
-23
-28
-42
-48
-41
-47
-30
-24
-33
-21
-36
-54
-45
-36
-41
-40
-49
-45
-29
-36
-19
-14
-3
-16
-39
-34
-34
-28
-25
-27
-30
-38
-32
-32
-46
-41
-35
-15
-16
-15
-26
-11
2
-7
-6
-23
-2
11
6
5
-2
0
4
10
11
24
35
29
32
38
27
28
21
3
-3
0
12
2
0
6
13
13
3
7
20
24
14
9
13
19
12
19
27
19
20
25
26
23
20
20
20
21
26
36
35
19
33
31
27
14
0
-1
-11
18
7
-3
10
-1
-8
-9
-7
1
-14
-14
-7
-15
-27
-36
-28
-33
-46
-44
-11
0
-1
3
-10
-11
-4
-5
11
17
19
25
24
22
18
6
1
14
27
44
38
31
37
43
39
40
41
45
48
47
45
30
48
56
48
50
44
43
36
45
53
63
79
57
63
66
61
66
61
83
78
69
71
68
49
41
42
33
43
18
22
15
11
26
20
21
12
16
2
0
-3
5
14
2
-6
1
-1
-18
-16
-25
-18
-16
-19
-18
-23
-15
-3
6
5
15
23
35
44
48
57
47
48
42
42
47
46
53
43
35
38
40
32
36
38
36
21
4
0
3
2
-2
-5
-20
-32
-48
-49
-46
-35
-39
-40
-48
-63
-63
-68
-50
-64
-67
-71
-76
-64
-63
-49
-38
-27
-37
-35
-31
-32
-28
-17
-11
-20
-20
-20
-15
-10
-12
-14
-25
-31
-27
-34
-22
-12
-5
-2
-1
10
12
3
-1
-5
-3
-6
-3
2
-2
0
-6
4
17
19
8
3
-13
-18
-11
-8
-7
-20
-12
-6
-14
-4
6
18
14
-1
-11
-16
-16
-5
7
11
13
-3
0
-3
7
5
-13
-17
-24
-25
-21
-33
-44
-44
-41
-31
-28
-30
-31
-31
-15
-23
-22
-17
-17
-8
-8
8
4
-6
1
8
7
-3
-5
18
31
39
25
29
36
30
44
29
30
14
3
14
6
5
-11
0
3
-22
-37
-49
-33
-32
-34
-28
-25
-24
-38
-45
-49
-62
-76
-76
-69
-70
-51
-51
-71
-59
-48
-37
-29
-37
-42
-40
-26
-9
-11
-13
-17
-21
-7
5
3
2
1
13
13
-2
-10
-12
-17
-21
-26
-19
-17
-31
-23
-23
-18
-14
-17
-5
-11
-16
-18
-13
-2
1
1
-9
1
9
21
31
34
51
66
65
55
50
57
60
62
75
71
65
52
49
58
44
48
48
53
52
38
32
32
28
25
34
36
44
46
49
38
17
13
7
20
25
20
21
19
25
22
31
30
29
45
41
35
20
16
39
44
36
43
45
24
8
13
10
-1
-6
-12
-8
-12
-30
-21
-20
-16
-7
-22
-17
-39
-32
-25
-31
-33
-44
-32
-34
-28
-34
-31
-29
-35
-39
-28
-24
-23
-13
-11
-5
-11
6
-1
-7
2
8
14
3
5
2
21
33
45
41
40
51
55
53
44
51
49
56
49
40
40
38
42
47
56
51
34
31
29
34
38
26
25
14
16
24
22
24
26
39
30
21
23
25
28
32
44
42
34
28
34
38
32
36
32
35
39
25
19
7
-2
-9
-13
-12
-16
-20
-29
-17
-12
-18
-23
-29
-28
-31
-24
-25
-27
-29
-30
-27
-10
-2
-9
-16
-18
-15
-17
-29
-31
-32
-23
-22
-26
-30
-32
-24
-28
-34
-31
-30
-32
-25
-21
-24
-32
-31
-28
-23
-21
-31
-47
-49
-36
-29
-23
-26
-19
-16
-12
-5
2
-1
-6
-11
-18
-31
-38
-37
-37
-36
-41
-36
-39
-35
-32
-40
-36
-40
-51
-52
-52
-38
-33
-34
-28
-33
-34
-56
-58
-52
-52
-49
-57
-60
-57
-60
-64
-58
-60
-59
-63
-63
-62
-59
-55
-63
-57
-48
-48
-51
-54
-50
-51
-51
-44
-47
-53
-44
-46
-37
-22
-18
-6
-9
-5
-6
-14
-5
-4
12
-1
-6
2
-5
-7
3
8
12
18
9
9
10
18
11
17
25
34
31
25
14
7
3
1
15
8
21
34
39
42
34
27
24
31
38
48
41
31
38
49
44
47
48
41
39
20
12
14
12
14
29
34
29
11
9
25
33
47
49
52
33
35
40
39
39
37
40
34
52
57
50
46
45
36
36
38
37
36
29
30
38
47
57
52
51
43
17
33
29
21
18
9
15
11
3
-4
-7
-12
-18
-23
-22
-5
-9
0
-2
-16
-21
-17
-11
-13
-16
-23
-22
-21
-23
-18
-11
-8
-11
-24
-19
-13
-8
-3
-1
20
20
18
21
17
29
18
18
22
16
19
27
40
46
32
26
31
27
19
15
23
24
21
27
29
22
25
25
29
27
24
19
19
38
40
45
51
57
59
35
31
38
27
29
34
42
27
30
36
28
30
27
27
25
14
20
21
7
5
4
10
2
-1
1
3
-1
-1
2
4
2
4
18
19
11
9
8
8
5
-10
-2
-3
-17
-21
-18
-16
-14
5
2
-10
-13
-5
-2
-1
-13
-22
-23
-35
-25
-25
-24
-14
-9
4
7
-5
-15
-17
-17
-16
-19
-23
-23
-13
-12
-21
-28
-32
-32
-42
-35
-22
-21
-32
-38
-44
-46
-33
-42
-39
-33
-48
-43
-37
-45
-51
-46
-43
-51
-36
-24
-30
-26
-30
-26
-18
-19
1
2
2
4
-8
1
5
10
14
0
-7
-6
-3
-12
-13
-12
-17
-13
-12
-19
-16
-16
-12
-17
-23
-20
-26
-26
-32
-46
-47
-41
-41
-33
-38
-42
-48
-50
-46
-40
-41
-47
-44
-42
-35
-40
-46
-44
-56
-60
-56
-56
-54
-52
-61
-59
-50
-45
-51
-56
-62
-66
-60
-65
-54
-41
-38
-34
-29
-39
-49
-60
-55
-37
-30
-9
13
15
8
2
12
16
20
24
33
42
33
47
45
53
59
63
66
65
60
60
70
65
62
60
60
60
56
52
50
51
46
43
49
52
54
54
41
36
34
40
43
40
41
32
26
26
30
26
23
23
28
30
24
14
19
25
21
14
9
14
3
-2
-4
-7
-11
-14
-7
-2
13
15
18
19
10
-1
6
11
22
37
37
41
49
53
53
61
38
33
36
41
49
45
52
51
51
38
29
29
28
27
19
22
26
30
34
27
28
23
11
7
15
19
18
24
17
0
-2
0
-3
-5
-17
-10
-15
-21
-17
-21
-9
-14
-18
-36
-60
-70
-72
-57
-48
-45
-44
-33
-22
-22
-14
-9
-9
-7
-5
1
8
3
-2
0
-1
11
8
2
-4
-6
3
3
3
12
15
21
27
25
26
13
13
-1
2
6
9
10
7
8
3
16
24
38
53
48
53
57
54
52
53
58
51
53
48
47
42
27
28
29
36
26
22
24
11
5
-5
-2
-9
-19
-19
-11
-19
-24
-35
-50
-49
-48
-40
-48
-45
-46
-44
-46
-55
-53
-63
-67
-70
-63
-56
-61
-55
-58
-53
-56
-59
-52
-66
-65
-68
-55
-55
-52
-38
-42
-39
-49
-55
-55
-53
-48
-55
-53
-58
-49
-41
-42
-39
-38
-23
-25
-31
-37
-53
-57
-60
-65
-60
-45
-32
-20
-11
-9
-10
-14
2
12
3
-4
-2
-7
-22
-19
-26
-20
-17
-29
-26
-25
-21
-13
-12
-3
1
-13
-23
-24
-22
-16
-19
-18
-15
-21
-16
-14
-14
-33
-28
-22
-22
-13
-25
-25
-31
-22
-24
-27
-27
-28
-26
-32
-35
-35
-26
-26
-24
-16
-7
-5
-2
-2
2
-3
2
13
15
21
29
39
43
56
57
56
50
58
55
53
61
53
54
42
42
48
49
44
38
34
31
35
31
29
36
32
25
24
34
22
18
14
9
6
-7
-12
-11
9
16
18
21
35
51
43
35
38
36
33
24
17
21
14
14
16
23
32
33
36
28
30
34
39
42
30
26
26
20
24
26
31
37
40
36
48
39
47
49
33
34
29
37
27
20
27
35
39
30
40
34
36
44
35
33
32
33
33
33
24
11
-2
5
11
12
4
-11
-12
-10
-10
-5
1
1
-1
-1
-7
-6
-12
-17
-20
-11
2
-4
-5
-2
6
10
2
-1
-7
-6
-5
-2
-3
-11
-16
-28
-32
-42
-48
-41
-36
-20
-3
-11
-11
-15
-19
-12
-3
-1
-13
-1
2
0
13
6
7
13
17
16
11
14
17
28
25
13
11
12
20
31
35
40
37
37
39
39
42
45
49
50
60
68
65
69
63
55
63
63
56
50
44
45
37
33
34
35
35
24
29
35
34
32
23
22
20
1
1
0
-2
4
2
5
-6
-11
-16
-22
-23
-25
-18
-1
-3
-9
-11
-10
-5
-15
-18
-24
-29
-32
-31
-25
-22
-17
-17
-29
-39
-42
-48
-58
-59
-65
-64
-55
-57
-67
-71
-72
-63
-55
-60
-62
-64
-54
-51
-59
-70
-77
-76
-76
-83
-74
-72
-81
-85
-75
-70
-67
-58
-63
-57
-65
-63
-58
-55
-49
-54
-47
-54
-53
-50
-49
-43
-48
-58
-68
-73
-66
-52
-55
-56
-44
-30
-34
-36
-39
-43
-37
-35
-29
-26
-30
-25
-24
-30
-18
-17
-12
-10
-16
-23
-16
-16
-15
-7
-13
0
-6
-6
4
-4
-6
-2
3
-5
-6
6
4
-3
5
13
22
37
33
32
32
16
18
28
35
43
44
41
31
29
30
37
38
31
32
40
58
69
67
61
54
59
60
58
59
55
56
41
34
37
27
28
20
25
24
27
21
14
21
15
6
8
9
3
8
3
10
4
-4
-9
-13
-16
-20
-10
-13
-7
-7
-1
-1
-10
-15
-18
-15
-8
-12
-11
2
10
17
9
6
6
8
9
10
15
6
-2
4
-1
3
-2
0
9
9
17
19
28
38
36
37
41
34
28
32
48
52
51
58
54
53
37
41
47
46
53
54
57
57
51
47
44
46
42
37
39
41
38
45
47
33
40
45
47
44
43
51
54
58
48
45
39
34
32
33
36
39
39
31
37
25
5
7
7
11
16
27
34
38
30
22
22
26
28
30
34
20
21
18
14
4
6
12
22
37
41
38
30
30
29
23
11
6
12
10
3
1
-6
-3
-7
-11
-13
-17
-25
-33
-22
-17
-16
-17
-28
-42
-45
-45
-39
-33
-33
-35
-35
-35
-35
-34
-39
-46
-56
-65
-65
-61
-58
-56
-53
-56
-55
-56
-53
-44
-52
-59
-55
-40
-27
-24
-29
-39
-46
-40
-42
-49
-46
-47
-35
-28
-29
-23
-30
-23
-20
-21
-21
-22
-17
-16
-21
-23
-16
-13
-12
-14
-20
-26
-33
-37
-37
-37
-32
-34
-36
-43
-46
-44
-53
-53
-49
-44
-39
-36
-38
-42
-43
-40
-39
-38
-36
-44
-39
-35
-34
-30
-34
-31
-27
-24
-18
-26
-22
-20
-12
-17
-24
-25
-31
-27
-39
-39
-45
-36
-23
-26
-18
-23
-32
-32
-31
-31
-39
-39
-31
-25
-17
-15
-34
-37
-35
-32
-19
-7
-6
-6
2
4
-4
-14
-15
-15
-10
-2
5
18
29
32
34
32
41
38
34
36
40
40
33
31
28
35
34
26
23
28
33
39
42
36
32
39
49
49
48
47
43
48
48
45
43
46
47
49
57
58
58
44
45
40
38
41
34
25
22
18
16
19
14
10
7
-2
2
-2
-13
-3
2
13
17
20
19
23
22
4
-2
-11
-13
0
5
8
-1
-1
4
4
11
12
19
20
29
34
32
29
26
27
21
24
27
44
38
32
35
24
10
2
5
9
16
16
9
7
7
6
15
8
4
1
2
18
13
17
16
17
20
20
29
25
23
20
18
15
16
25
31
34
34
30
22
18
19
29
27
30
29
29
35
34
44
45
45
45
43
33
23
22
17
11
15
10
13
17
10
14
9
12
16
13
13
15
17
18
25
17
18
12
8
-1
-13
-14
-20
-19
-19
-22
-32
-35
-37
-36
-33
-35
-35
-28
-26
-29
-34
-33
-32
-28
-23
-26
-18
-23
-25
-20
-22
-20
-25
-19
-20
-15
-13
-20
-23
-23
-24
-27
-20
-22
-4
5
6
2
1
0
3
9
5
6
-3
-2
-4
-15
-10
-8
-13
-9
-10
-16
-19
-15
-11
-17
-24
-33
-41
-39
-32
-27
-23
-26
-26
-29
-41
-47
-49
-47
-45
-30
-30
-30
-29
-38
-34
-38
-48
-50
-49
-52
-43
-47
-48
-43
-41
-42
-48
-48
-52
-50
-55
-67
-67
-63
-65
-62
-56
-56
-46
-50
-53
-54
-45
-37
-44
-38
-45
-43
-37
-36
-27
-22
-21
-12
-17
-22
-20
-20
-17
-12
-11
-10
-15
-15
-13
-13
-9
-13
-6
0
10
19
25
31
39
43
37
32
28
27
24
20
22
27
27
26
28
19
11
8
6
4
1
2
10
9
7
10
14
20
23
32
33
31
37
45
43
34
32
27
29
29
25
26
23
23
22
18
33
29
37
40
33
31
22
29
30
33
28
23
24
21
29
34
27
24
26
20
7
9
1
4
17
18
18
15
10
10
17
15
16
20
5
-2
-1
1
3
12
11
10
12
6
0
-2
-7
2
10
8
13
16
19
12
13
13
11
11
13
18
28
18
9
15
18
14
2
7
9
13
14
21
25
24
27
25
31
28
25
17
16
13
7
6
3
3
-9
2
5
7
10
2
0
2
3
4
2
-6
-12
-10
3
0
0
-1
3
3
-2
1
8
23
11
14
18
25
32
29
26
11
1
8
18
13
12
13
5
8
11
26
23
27
34
30
34
34
40
36
34
37
31
26
17
20
18
26
30
28
23
10
13
10
8
7
5
-2
-10
-10
-12
-17
-7
-11
-13
-13
-20
-22
-32
-31
-23
-29
-36
-43
-49
-53
-46
-51
-52
-50
-47
-39
-40
-30
-35
-34
-28
-23
-15
-11
-9
-5
-6
-15
-10
-11
-12
-3
0
6
7
3
-1
0
2
5
15
17
17
14
17
9
-4
-7
-8
-12
-14
-21
-35
-35
-40
-41
-31
-32
-41
-47
-49
-56
-66
-61
-66
-73
-80
-82
-79
-77
-60
-58
-57
-55
-61
-62
-66
-63
-58
-59
-75
-89
-86
-79
-80
-81
-70
-58
-53
-33
-19
-16
-5
4
2
4
8
-1
-5
-2
2
9
8
6
13
16
12
17
30
33
32
29
30
22
19
16
21
30
26
31
31
29
30
30
30
27
22
24
30
39
36
29
28
25
17
17
17
20
22
20
28
24
30
27
25
18
14
14
5
6
3
4
7
-12
-19
-16
-20
-14
-17
-12
-9
-8
-10
-14
-10
-6
-2
1
9
18
21
9
6
6
3
3
4
6
-1
-10
-22
-21
-22
-21
-24
-24
-23
-22
-23
-20
-9
-2
6
8
7
14
13
11
10
2
2
10
18
23
28
23
24
19
16
15
14
24
35
36
36
42
41
31
38
37
28
36
40
44
40
38
28
28
22
15
21
24
31
20
13
18
17
14
7
8
12
14
13
11
11
8
8
15
16
18
26
20
26
25
21
29
27
31
28
24
33
37
41
40
43
49
53
53
50
56
63
64
59
58
52
53
51
48
53
51
60
59
54
49
37
48
55
67
64
61
58
55
61
52
45
42
44
44
33
37
36
27
29
22
21
26
23
23
20
24
26
26
17
12
5
4
6
1
5
-2
0
-4
-3
2
0
-7
-12
-13
-19
-16
-22
-21
-24
-37
-44
-57
-63
-65
-63
-64
-70
-72
-73
-67
-67
-71
-70
-69
-61
-56
-48
-52
-56
-52
-54
-49
-54
-56
-54
-58
-49
-39
-34
-26
-24
-19
-13
-17
-18
-16
-19
-15
-23
-24
-24
-24
-26
-29
-28
-38
-42
-40
-33
-32
-41
-41
-49
-54
-43
-42
-31
-31
-37
-40
-48
-53
-55
-47
-45
-35
-37
-43
-41
-43
-45
-39
-35
-48
-45
-44
-48
-45
-41
-41
-44
-48
-50
-49
-48
-43
-37
-38
-33
-27
-29
-24
-24
-21
-21
-22
-15
-16
-10
-11
-15
-18
-21
-7
7
6
5
13
13
7
5
3
8
6
8
4
10
20
10
13
14
12
10
7
7
2
3
5
5
5
1
6
-4
-14
-2
4
3
1
1
5
3
4
2
-7
-4
-4
-1
1
-2
-12
-20
-14
-10
-8
-2
-3
-9
-10
-15
-15
-17
-12
-7
-4
-2
1
-2
-12
-18
-22
-17
-19
-17
-18
-14
-14
-13
-4
-4
-4
-10
-6
-2
-4
-2
0
4
5
2
-4
-2
8
13
9
8
8
10
16
24
29
30
28
37
39
44
45
45
59
65
61
66
71
70
80
80
91
94
95
102
87
86
86
89
95
99
105
106
99
93
101
110
108
100
90
93
92
89
86
80
76
79
76
78
75
58
52
45
45
44
36
33
33
28
26
24
20
17
27
29
32
33
29
33
19
18
12
11
16
14
9
10
12
8
7
-4
4
1
2
9
1
6
12
9
6
-2
-7
-9
-12
-13
-11
-9
-10
-15
-12
-19
-20
-23
-35
-34
-30
-29
-35
-32
-35
-35
-40
-47
-42
-45
-49
-54
-56
-54
-57
-62
-53
-51
-56
-57
-54
-49
-48
-53
-65
-60
-61
-63
-72
-75
-78
-75
-63
-66
-65
-63
-66
-66
-53
-53
-47
-45
-44
-44
-42
-38
-45
-41
-43
-40
-35
-30
-27
-28
-26
-29
-26
-25
-20
-16
-8
-5
-8
-13
-19
-16
-4
7
7
9
10
6
6
2
0
0
-1
-5
-9
-10
-14
-29
-33
-28
-20
-11
-14
-9
-18
-27
-28
-31
-30
-34
-38
-35
-33
-38
-35
-30
-29
-20
-17
-18
-16
-20
-16
-12
-15
-10
-9
-5
2
0
-3
-7
-2
-7
-9
-4
-8
-13
-11
-11
-11
-11
-15
-10
-7
-8
-1
8
8
6
1
-3
-5
-1
-1
-3
-7
-7
1
3
-1
0
4
4
5
11
12
13
3
-4
-1
-5
-8
-12
-8
-8
-4
-5
-3
-1
-1
1
-3
-3
1
1
1
-2
-6
-10
-18
-8
-4
-11
-6
0
4
5
8
9
6
9
8
6
4
10
12
15
22
20
14
15
20
20
22
27
30
31
32
33
27
24
26
29
27
25
33
39
48
44
35
32
28
30
29
28
36
33
27
35
32
22
21
22
26
33
36
33
33
36
27
25
34
31
32
30
28
26
13
17
17
20
19
11
3
4
13
18
14
16
21
23
27
28
36
38
34
27
25
22
18
17
13
14
13
21
29
32
29
30
33
35
39
42
44
50
46
33
29
28
32
36
39
43
45
48
48
48
35
38
35
40
39
39
45
42
46
45
37
37
40
33
34
32
33
27
19
16
19
20
19
22
15
11
7
6
7
-3
-4
2
0
0
-5
-11
-13
-19
-19
-24
-28
-24
-24
-24
-25
-24
-20
-17
-18
-28
-29
-31
-39
-45
-38
-35
-35
-39
-52
-55
-51
-44
-39
-35
-45
-41
-45
-44
-39
-40
-37
-34
-30
-31
-27
-27
-26
-31
-34
-40
-39
-40
-41
-47
-46
-44
-51
-50
-57
-56
-66
-69
-64
-64
-59
-62
-54
-51
-45
-43
-41
-49
-48
-46
-43
-33
-45
-47
-48
-47
-42
-41
-32
-40
-36
-38
-42
-43
-40
-37
-29
-19
-22
-25
-36
-38
-40
-36
-32
-26
-14
-2
-6
-12
-6
-7
1
4
0
-3
0
-3
0
9
13
18
20
26
26
29
26
20
20
26
33
31
30
30
25
25
29
23
23
19
22
27
37
41
36
33
32
36
35
27
21
16
17
16
15
21
18
16
14
5
10
2
0
2
-1
-5
-12
-13
-15
-20
-21
-23
-22
-28
-27
-29
-29
-29
-31
-28
-26
-17
-13
-17
-23
-23
-19
-16
-20
-25
-26
-23
-18
-11
-4
-3
-2
4
5
7
2
-1
0
0
-7
-2
5
3
-1
-6
-5
-14
-16
-12
-12
-11
-11
-5
-5
-4
0
4
1
2
2
-6
-11
-9
-4
-1
-4
1
3
9
11
8
16
13
11
17
22
28
26
30
35
35
37
29
34
35
37
42
40
48
59
60
58
56
57
50
40
38
32
37
41
42
46
45
42
52
55
56
56
59
61
58
52
45
43
40
38
31
30
34
29
26
31
25
20
20
20
26
21
21
18
14
13
6
7
5
11
16
16
17
10
5
-1
0
-3
-5
-10
-12
-9
-8
-9
-7
-8
0
6
-1
-3
-7
-4
0
8
11
8
16
12
8
4
0
5
13
20
22
25
26
25
13
3
-4
-3
-1
-3
-1
-8
-11
-16
-19
-18
-15
-21
-17
-15
-15
-13
-17
-22
-25
-27
-33
-33
-38
-38
-36
-38
-34
-33
-28
-32
-34
-34
-38
-33
-33
-33
-28
-29
-31
-30
-29
-30
-27
-30
-23
-15
-21
-27
-35
-34
-34
-27
-23
-24
-22
-17
-11
-22
-34
-38
-40
-41
-38
-33
-34
-41
-42
-35
-32
-38
-36
-39
-40
-41
-46
-46
-43
-42
-40
-34
-31
-30
-27
-23
-21
-17
-18
-26
-23
-17
-16
-14
-14
-5
6
13
13
19
16
19
17
18
16
17
12
7
3
-4
-1
-3
-3
-3
1
3
4
9
4
7
10
8
2
-5
-4
-8
-3
3
11
6
-4
-4
-9
-9
-8
1
8
8
9
7
4
3
6
10
10
1
-4
-6
-7
-8
-12
-6
2
3
0
-3
4
2
5
3
-1
1
-1
4
-3
-4
-5
-7
-2
0
3
2
8
2
4
7
2
-5
-5
-6
-2
3
5
7
9
16
13
12
9
7
12
3
-3
-2
-6
-1
1
-8
-10
-16
-11
-16
-17
-9
-7
-7
-12
-16
-24
-25
-24
-25
-29
-35
-32
-21
-24
-20
-10
-4
-5
-9
0
3
7
4
5
9
6
9
9
14
16
18
21
17
15
14
21
29
36
40
44
43
42
37
29
23
21
15
12
16
32
33
32
36
35
41
38
42
43
42
34
33
32
30
28
31
37
38
41
45
52
54
57
61
60
55
50
52
51
47
49
46
42
54
62
64
64
63
68
71
71
65
62
47
44
43
46
46
44
44
41
42
40
46
42
40
37
33
30
31
24
21
16
13
12
10
8
6
9
6
1
-1
-1
3
3
-1
0
-6
-8
-11
-9
-3
-2
-3
-6
-4
-4
-1
-3
-7
-8
-5
-6
-9
-11
-11
-11
-11
-11
-14
-17
-23
-26
-22
-27
-34
-41
-35
-34
-38
-38
-46
-42
-46
-45
-45
-57
-58
-66
-69
-67
-66
-67
-67
-64
-66
-71
-80
-75
-64
-58
-53
-57
-58
-63
-58
-58
-55
-55
-53
-45
-37
-32
-30
-27
-36
-32
-27
-22
-18
-24
-24
-24
-21
-15
-18
-17
-13
-10
-9
-10
-13
-17
-15
-11
-6
2
3
3
10
17
25
28
30
30
23
19
17
19
17
19
23
23
21
21
24
29
30
25
25
26
29
18
12
8
0
1
-5
0
-2
-3
-2
-4
0
-3
-4
-7
-12
-13
-13
-9
-13
-20
-23
-27
-33
-25
-35
-41
-38
-42
-37
-37
-37
-42
-43
-36
-28
-28
-27
-26
-21
-19
-21
-18
-20
-25
-34
-34
-38
-37
-41
-42
-36
-38
-43
-40
-37
-36
-26
-31
-31
-32
-26
-23
-25
-15
-17
-16
-13
-10
-11
-14
-12
-10
-5
-5
0
0
-5
-11
-12
-1
3
4
2
6
6
-1
-6
-13
-11
-3
-6
5
15
13
10
12
13
7
10
13
14
12
21
26
22
18
14
13
12
13
16
22
21
26
24
20
26
18
20
21
19
16
22
24
28
36
29
25
27
28
26
24
23
24
32
34
38
46
50
54
58
63
67
74
76
73
76
81
86
85
80
84
87
90
94
89
87
89
84
87
88
77
73
76
76
75
71
63
65
64
62
58
55
45
37
28
24
18
10
3
-6
-2
-6
-4
-14
-23
-19
-23
-16
-9
-14
-16
-16
-14
-13
-17
-16
-20
-17
-19
-24
-23
-26
-24
-20
-23
-18
-17
-23
-19
-13
-10
-8
-8
-7
-4
-7
-8
-8
-8
-12
-8
-12
-9
-7
-2
2
0
9
7
9
12
17
24
22
23
16
9
8
5
1
-6
-5
-13
-11
-19
-28
-23
-29
-32
-32
-29
-30
-31
-30
-38
-33
-35
-43
-46
-44
-47
-55
-60
-68
-65
-70
-71
-67
-70
-64
-63
-54
-50
-46
-41
-41
-41
-41
-26
-20
-24
-25
-29
-25
-22
-22
-23
-20
-19
-20
-20
-23
-23
-28
-26
-22
-27
-23
-20
-17
-20
-25
-31
-32
-28
-26
-22
-18
-17
-13
-6
1
5
8
14
19
19
16
16
9
15
12
12
9
2
0
-10
-7
-16
-14
-11
-15
-9
-5
-8
-12
-14
-13
-19
-29
-27
-32
-40
-42
-53
-58
-51
-48
-42
-40
-42
-42
-41
-41
-39
-44
-49
-49
-51
-55
-58
-62
-60
-53
-51
-47
-46
-41
-41
-28
-17
-14
-7
-8
-7
0
-5
1
6
4
3
9
14
22
20
16
23
22
20
23
23
17
13
9
9
10
1
9
13
14
11
19
26
32
36
32
35
31
26
20
11
5
4
2
7
11
12
16
22
22
22
30
26
26
29
24
14
10
10
5
9
14
16
16
15
24
25
34
37
28
33
29
33
41
33
36
33
36
42
45
49
50
60
63
66
66
62
63
60
60
65
63
60
66
67
73
70
68
78
79
73
75
77
74
75
76
78
78
80
77
73
70
71
77
77
77
78
75
74
74
74
68
69
69
62
57
45
38
38
32
32
30
28
26
24
21
19
14
8
2
-7
-9
-8
-4
-7
-5
-6
-4
1
3
2
-5
-17
-17
-15
-9
-3
-4
0
2
-1
-8
-11
-7
-4
-11
-13
-11
-15
-12
-17
-25
-28
-25
-26
-22
-21
-16
-8
-12
-11
-17
-26
-27
-35
-33
-30
-41
-38
-30
-27
-21
-15
-18
-20
-29
-31
-35
-41
-38
-42
-42
-46
-49
-44
-43
-45
-39
-39
-46
-47
-43
-43
-50
-53
-61
-65
-62
-68
-62
-60
-57
-54
-55
-55
-53
-51
-57
-53
-53
-68
-70
-72
-65
-59
-50
-39
-40
-35
-35
-37
-38
-39
-38
-40
-41
-41
-36
-34
-30
-27
-19
-17
-14
-10
-15
-10
-15
-17
-11
-16
-14
-15
-19
-15
-17
-17
-16
-8
-4
-3
-5
-7
-4
-8
-11
-10
-15
-20
-24
-25
-21
-16
-10
-14
-15
-13
-10
-16
-16
-17
-23
-21
-17
-18
-21
-20
-23
-19
-15
-10
-4
-7
-12
-8
-9
-15
-18
-17
-22
-21
-22
-22
-20
-16
-15
-13
-16
-24
-24
-27
-33
-32
-36
-37
-31
-29
-26
-25
-25
-28
-22
-26
-25
-21
-21
-22
-21
-16
-16
-16
-15
-10
-8
-7
3
2
6
9
4
11
18
19
10
11
14
18
28
35
35
35
37
32
37
36
29
23
14
14
18
17
19
22
22
21
28
36
42
46
50
48
41
32
31
26
21
28
25
30
33
32
31
37
35
30
35
30
29
32
28
29
28
28
32
33
39
45
51
52
54
52
50
48
51
52
51
57
59
58
56
55
54
63
70
64
67
56
54
56
53
61
57
58
66
62
57
54
51
46
39
37
36
43
37
30
28
33
41
45
41
40
42
32
36
34
34
35
24
22
11
10
5
0
1
4
4
-3
0
6
3
-1
-1
-6
-9
-9
-11
-8
-12
-7
-3
-4
1
5
7
4
5
7
7
4
10
11
12
11
1
-2
-3
0
1
-5
-9
-14
-23
-28
-28
-30
-38
-41
-40
-47
-48
-50
-56
-53
-56
-50
-48
-55
-56
-58
-60
-52
-54
-54
-56
-56
-51
-48
-47
-50
-52
-57
-59
-54
-47
-49
-42
-41
-44
-42
-44
-45
-45
-50
-49
-50
-54
-52
-49
-44
-43
-38
-39
-39
-39
-41
-41
-40
-38
-35
-35
-32
-29
-32
-31
-36
-37
-33
-37
-43
-39
-38
-38
-35
-37
-36
-33
-30
-25
-17
-14
-15
-17
-16
-12
-16
-18
-18
-18
-18
-11
-5
-9
-5
-6
-1
0
3
6
2
6
10
10
-1
-1
0
-9
-6
-1
1
4
1
-4
-4
-9
-10
-11
-12
-13
-13
-11
-11
-14
-15
-18
-24
-27
-25
-20
-16
-17
-16
-13
-20
-20
-14
-7
-3
-2
-4
1
5
8
2
3
5
8
15
13
17
29
30
28
33
34
36
39
36
35
36
34
31
31
26
20
12
17
25
28
29
26
21
20
15
10
8
10
4
4
8
3
9
5
5
3
-5
-6
-2
-6
-6
-3
-11
-12
-16
-19
-17
-13
-12
-14
-10
-9
-6
-3
-3
5
6
4
5
7
10
15
28
27
30
26
29
31
31
34
33
36
35
39
36
39
42
51
54
52
55
53
59
58
62
57
53
57
53
60
63
62
56
55
56
47
42
37
34
35
32
28
29
33
31
33
36
40
38
33
40
41
40
38
36
36
27
28
27
23
27
26
27
29
32
29
29
34
33
39
36
37
39
42
43
37
45
39
35
29
24
21
15
17
18
23
27
31
28
22
21
14
18
16
13
9
2
1
1
3
4
4
2
3
4
8
10
8
11
11
8
7
2
-5
-13
-18
-23
-28
-27
-28
-29
-28
-25
-20
-25
-33
-42
-39
-42
-44
-47
-65
-72
-78
-74
-67
-68
-65
-57
-57
-58
-63
-66
-63
-62
-68
-68
-62
-61
-57
-59
-57
-56
-49
-46
-44
-40
-36
-27
-22
-22
-27
-30
-30
-27
-25
-29
-18
-16
-16
-7
-7
-1
1
4
7
7
1
0
5
9
10
11
13
11
14
15
15
19
18
18
13
8
6
10
7
7
2
1
5
2
-3
-2
-6
-3
-5
-4
-5
-8
-10
-11
-13
-17
-17
-18
-11
-9
-13
-17
-21
-22
-20
-21
-17
-16
-22
-22
-29
-31
-29
-31
-27
-34
-38
-37
-37
-42
-40
-36
-32
-27
-23
-19
-22
-24
-34
-38
-37
-29
-26
-27
-24
-22
-23
-22
-14
-7
-4
-5
-11
-15
-20
-22
-16
-18
-22
-24
-21
-21
-19
-19
-16
-14
-16
-14
-19
-28
-29
-32
-34
-36
-35
-35
-34
-31
-30
-25
-20
-18
-21
-21
-24
-27
-24
-18
-14
-3
-4
-3
3
5
9
13
20
23
21
25
26
19
23
23
23
27
24
28
31
28
29
33
38
31
31
35
33
36
32
35
40
40
41
41
31
26
20
20
22
23
25
25
25
25
34
43
45
50
55
56
59
58
50
48
50
50
53
50
43
42
39
40
43
41
38
36
37
42
45
42
43
41
42
42
43
41
36
33
31
32
38
38
38
34
37
39
35
32
37
45
48
48
45
42
44
42
44
46
48
49
37
34
32
27
22
24
23
23
32
30
37
37
39
33
32
28
16
11
9
7
6
4
1
5
7
7
16
13
10
12
1
-4
-6
-2
-4
-8
-6
-10
-13
-13
-9
-11
-8
-6
-9
-12
-21
-25
-31
-34
-33
-36
-37
-42
-39
-41
-43
-48
-53
-50
-48
-43
-39
-35
-41
-40
-43
-45
-48
-54
-53
-54
-48
-43
-44
-41
-42
-38
-27
-26
-25
-24
-24
-15
-13
-18
-16
-16
-16
-14
-18
-18
-21
-20
-19
-15
-16
-18
-11
-11
-10
2
13
14
10
0
0
-6
-11
-16
-18
-18
-15
-13
-12
-9
-12
-17
-20
-22
-21
-26
-24
-23
-31
-34
-38
-42
-43
-58
-65
-64
-63
-68
-68
-67
-68
-67
-73
-76
-69
-64
-61
-54
-49
-51
-48
-44
-46
-52
-47
-42
-41
-31
-24
-17
-14
-9
-9
-5
-3
0
2
5
9
6
10
9
1
-2
4
2
2
0
2
7
8
4
1
0
-6
-5
-6
-8
-5
-9
-15
-17
-16
-17
-15
-13
-14
-5
-7
-16
-23
-26
-32
-29
-25
-27
-21
-16
-6
-5
-7
-4
-4
-7
-2
6
1
-3
-1
1
0
0
0
6
8
2
15
13
17
22
15
17
20
21
19
25
32
38
36
34
35
34
41
44
46
50
50
49
58
64
62
58
52
54
50
49
54
50
48
47
49
39
41
38
37
39
36
38
32
27
24
19
18
14
15
21
19
21
25
32
39
32
36
41
47
51
55
56
57
58
51
56
54
54
58
57
59
59
61
64
57
56
48
46
44
46
49
50
46
44
43
34
37
34
33
28
18
24
22
23
19
19
22
24
33
31
35
33
29
23
14
12
13
16
17
13
20
18
19
22
17
17
9
11
9
3
-3
-10
-6
-3
-7
-5
-6
-9
-1
1
1
-1
4
4
-4
-3
0
3
4
6
7
4
6
5
5
2
-5
-5
-1
-7
-9
-13
-19
-22
-24
-21
-29
-34
-35
-35
-31
-30
-28
-35
-42
-39
-41
-41
-40
-45
-46
-40
-39
-35
-41
-43
-40
-38
-36
-35
-35
-33
-34
-35
-33
-26
-16
-12
-16
-12
-13
-11
-14
-10
-6
-11
-8
-9
1
0
4
-1
1
2
5
7
6
8
3
-2
-3
2
9
14
9
6
5
4
3
1
-1
1
-8
-14
-18
-26
-36
-44
-43
-45
-45
-50
-55
-53
-52
-51
-56
-56
-65
-70
-79
-84
-82
-84
-87
-83
-72
-73
-68
-59
-56
-56
-52
-56
-45
-45
-53
-54
-49
-49
-44
-38
-40
-27
-26
-30
-26
-27
-28
-23
-24
-24
-16
-16
-11
-5
-3
-5
-8
-12
-5
-1
-7
-6
-7
-4
-1
4
4
8
14
12
15
19
22
29
32
27
23
18
15
13
7
8
1
-3
-4
-3
-3
-4
3
8
6
11
9
11
6
9
12
10
12
7
4
-5
-13
-20
-18
-18
-16
-17
-11
-1
8
10
9
11
7
10
13
8
2
-1
-7
-7
-5
0
9
15
15
16
23
32
34
38
38
37
34
32
31
35
39
39
46
50
54
54
55
49
45
42
45
50
46
45
41
40
42
45
45
43
46
46
41
38
32
30
33
29
31
25
23
28
29
33
36
31
29
25
24
24
20
18
22
14
13
21
19
19
10
9
4
0
-1
-6
-8
-11
-10
-8
-2
5
6
10
19
19
19
13
5
6
4
4
8
14
16
14
14
7
9
14
19
25
29
32
30
33
36
35
31
33
38
39
35
37
31
26
26
21
18
9
0
-7
-9
-9
-13
-10
-7
-9
-14
-13
-15
-20
-22
-24
-24
-25
-34
-37
-38
-36
-39
-43
-36
-35
-27
-23
-24
-28
-28
-31
-38
-34
-32
-29
-31
-33
-24
-20
-21
-18
-15
-17
-23
-22
-24
-28
-25
-28
-26
-26
-27
-21
-11
-8
-8
-6
-9
-6
-5
-5
-5
-5
-2
-1
3
3
4
10
7
2
-1
-11
-8
-7
-8
-8
-8
-4
-14
-19
-15
-16
-18
-17
-18
-17
-16
-15
-20
-20
-22
-25
-23
-20
-16
-15
-14
-13
-9
-10
-12
-22
-27
-21
-21
-23
-26
-36
-37
-36
-28
-27
-31
-23
-23
-27
-24
-22
-28
-26
-26
-26
-25
-24
-26
-23
-19
-23
-18
-24
-26
-25
-21
-21
-24
-17
-23
-29
-26
-20
-18
-16
-11
-9
-6
-5
-4
-4
-7
-3
2
-1
-4
-8
-10
-11
-9
-4
-11
-16
-14
-6
-7
-1
3
0
2
2
10
8
0
-5
1
0
3
0
-3
-7
-10
-5
-11
-7
-4
6
12
12
16
7
1
-5
-6
-8
0
-4
-5
-4
-13
-8
-10
-9
3
16
20
17
11
8
2
3
0
-9
-6
-7
-7
-1
1
3
3
5
7
9
7
6
10
18
19
15
9
11
15
26
37
38
41
38
46
55
54
54
53
52
48
52
49
52
59
56
60
61
65
66
69
68
71
69
69
62
57
55
48
45
39
37
42
38
33
36
30
26
24
24
22
14
15
15
16
13
7
15
11
4
0
-3
-1
-3
0
0
1
3
2
8
9
6
7
8
10
5
5
6
-6
-1
-1
-3
3
0
2
-1
6
6
2
3
-1
-1
-6
-3
4
15
16
20
14
13
19
16
9
1
-4
-7
-3
0
-2
-8
-4
-5
1
10
12
11
12
19
16
21
26
22
8
11
10
4
8
2
-4
-5
2
4
3
7
1
-6
-7
-12
-9
-9
-5
-4
-3
1
-7
-4
-7
-11
-3
-4
-1
6
4
-1
-2
1
4
6
2
3
4
3
2
6
6
2
-1
-3
-1
4
7
-1
3
6
6
7
0
-3
-6
-9
-7
-5
-6
-10
-12
-11
-9
-7
-9
-10
-14
-12
-17
-14
-22
-20
-19
-25
-26
-32
-27
-36
-33
-34
-30
-25
-26
-19
-18
-19
-22
-24
-24
-26
-29
-28
-31
-35
-38
-43
-45
-45
-46
-52
-44
-39
-42
-49
-60
-56
-54
-58
-69
-76
-71
-72
-71
-64
-67
-65
-64
-68
-63
-59
-56
-60
-58
-61
-57
-53
-49
-46
-52
-44
-41
-38
-34
-31
-28
-29
-26
-23
-21
-20
-12
-4
-3
1
3
1
8
15
8
3
6
7
9
10
17
17
13
12
13
16
15
15
19
15
13
15
16
16
10
8
6
4
3
-2
-5
-8
-11
-19
-14
-17
-14
-14
-15
-15
-22
-20
-23
-20
-25
-24
-24
-16
-12
-13
-12
-8
-2
-2
0
-3
-2
-6
3
11
11
15
17
24
31
41
44
49
53
51
57
61
69
67
66
72
71
79
80
78
77
78
76
78
80
81
82
79
75
77
74
68
70
73
70
72
70
61
63
53
47
49
45
37
33
28
22
21
14
9
6
5
4
0
-8
-10
-13
-17
-15
-22
-26
-29
-34
-32
-28
-26
-22
-23
-19
-20
-21
-15
-11
-4
-4
0
-1
-4
-3
-2
-3
3
1
2
12
12
12
10
8
3
7
9
13
21
26
30
37
33
26
24
20
20
11
9
10
4
6
8
9
17
19
22
22
26
28
26
29
24
18
13
10
3
-1
-2
-7
-12
-11
-11
-10
-9
-11
-8
-8
-9
-11
-10
-11
-17
-12
-12
-15
-18
-23
-23
-26
-23
-22
-12
-13
-13
-20
-21
-15
-19
-13
-4
-4
0
0
-7
-6
-8
-6
-8
-5
0
0
8
4
2
4
1
7
6
9
6
1
-7
-12
-9
-7
-5
-6
-5
-4
-7
-12
-9
-8
0
-2
-4
-8
-14
-13
-12
-12
-13
-10
-19
-24
-25
-30
-30
-25
-21
-27
-30
-29
-33
-33
-35
-38
-38
-38
-33
-39
-38
-44
-44
-35
-38
-37
-31
-26
-26
-29
-36
-40
-42
-49
-52
-52
-49
-50
-54
-55
-47
-44
-46
-48
-45
-51
-54
-47
-50
-45
-45
-44
-45
-43
-44
-48
-41
-37
-34
-26
-26
-31
-34
-36
-38
-29
-21
-12
-20
-22
-26
-37
-30
-30
-21
-20
-20
-17
-23
-24
-26
-28
-22
-14
-9
-8
-10
-12
-13
-8
-5
2
6
7
-3
0
2
1
6
6
14
7
3
1
-2
1
6
13
17
12
12
10
9
9
14
20
22
30
20
31
10
37
-38
44
98
-73
81
41
-17
66
20
44
30
51
37
17
75
55
33
91
53
54
97
43
72
81
43
81
86
65
89
65
64
73
56
71
69
65
72
59
56
56
44
73
58
47
58
48
46
44
36
27
39
42
36
56
55
48
61
44
43
49
29
37
35
21
34
21
13
24
11
4
12
3
3
7
0
8
5
-2
-3
-14
-15
-15
-25
-17
-15
-10
-2
-10
-16
-22
-25
-15
-10
-11
-10
-20
-18
-11
-14
-8
-9
-9
0
-4
11
10
8
16
13
15
21
19
14
15
-1
4
12
1
18
20
8
15
10
8
9
0
3
17
4
9
17
-8
14
6
-3
23
13
8
26
21
24
31
25
35
33
28
32
21
17
19
10
15
17
13
15
18
24
18
20
13
3
10
11
9
2
-3
-9
-15
-14
-11
-16
-22
-17
-17
-20
-17
-14
-21
-22
-24
-25
-18
-20
-25
-27
-27
-34
-37
-41
-42
-36
-47
-49
-45
-50
-46
-44
-44
-33
-37
-42
-39
-43
-45
-43
-38
-45
-35
-31
-37
-29
-30
-28
-16
-11
-7
-14
-9
-8
-17
-13
-16
-13
-23
-25
-27
-34
-20
-30
-31
-15
-23
-21
-12
-22
-19
-13
-23
-27
-25
-32
-38
-42
-44
-42
-46
-39
-45
-40
-33
-35
-38
-35
-37
-39
-39
-48
-54
-61
-63
-55
-65
-57
-49
-52
-42
-42
-51
-44
-46
-62
-52
-57
-53
-41
-54
-50
-39
-46
-33
-25
-27
-22
-26
-26
-21
-22
-24
-20
-28
-19
-17
-19
-10
-10
-7
-4
10
8
10
9
2
13
12
6
11
18
11
14
17
13
16
14
11
20
24
17
28
33
30
34
41
38
35
37
30
33
47
38
41
36
41
54
42
49
48
49
56
55
57
56
46
45
44
44
38
36
37
37
49
48
51
45
45
43
43
39
39
33
25
26
27
29
29
32
25
31
27
25
36
29
30
29
27
28
25
25
25
27
35
36
39
44
39
41
46
44
45
40
40
37
29
32
28
22
32
36
34
47
40
39
35
19
18
16
19
16
21
20
12
10
12
14
12
9
14
18
8
9
5
5
3
1
-1
1
-6
0
7
-5
-6
-15
-18
-17
-32
-22
-16
-26
-9
-11
-4
-5
-12
0
-10
-3
3
-2
1
2
2
1
5
2
5
11
10
8
14
19
12
22
25
13
18
12
17
27
18
18
22
16
18
18
14
19
13
13
21
20
21
11
5
7
6
13
11
1
4
2
-9
-10
-18
-20
-25
-24
-12
-20
-21
-22
-30
-26
-29
-36
-30
-32
-40
-34
-39
-48
-49
-49
-52
-50
-46
-55
-53
-54
-49
-36
-42
-43
-44
-60
-62
-60
-56
-49
-49
-45
-48
-40
-49
-46
-39
-46
-38
-34
-24
-16
-15
-16
-16
-14
-6
2
3
7
4
2
6
-2
-9
-7
-4
-1
-4
-4
-8
-7
-7
-8
-11
-16
-16
-23
-27
-33
-32
-39
-45
-47
-50
-50
-54
-53
-47
-49
-50
-59
-61
-66
-75
-76
-80
-73
-71
-77
-78
-73
-76
-77
-68
-69
-64
-59
-63
-54
-56
-60
-49
-45
-56
-52
-51
-54
-47
-47
-45
-45
-46
-42
-30
-32
-29
-18
-18
-8
0
6
13
15
10
15
12
18
24
18
22
20
21
27
32
36
41
47
54
57
52
54
53
47
41
41
41
48
45
44
49
49
56
62
61
62
63
56
60
55
54
49
48
58
63
65
56
62
64
70
74
79
80
73
73
65
66
68
76
67
66
68
58
63
61
55
63
62
55
63
58
56
55
46
51
48
40
40
37
35
29
31
27
21
21
19
22
17
16
18
18
17
18
13
12
17
10
10
12
7
13
7
12
9
11
21
15
19
24
27
28
27
20
11
11
10
8
5
0
9
17
22
24
19
31
29
21
23
15
9
7
6
3
-2
-5
-1
-1
0
5
6
11
11
2
-4
-11
-11
-11
-16
-10
-19
-23
-22
-28
-22
-16
-22
-23
-15
-12
-8
-3
-4
-7
-2
-1
5
5
8
8
18
21
15
15
18
20
19
30
35
39
44
47
45
42
44
41
33
29
32
25
24
26
26
26
25
25
19
27
30
28
34
35
20
10
6
-3
-5
-7
-6
-8
-10
-18
-27
-19
-24
-26
-28
-42
-38
-48
-59
-63
-60
-71
-80
-77
-83
-86
-86
-85
-88
-79
-81
-85
-77
-88
-90
-92
-91
-90
-86
-82
-78
-72
-71
-60
-59
-54
-55
-48
-37
-38
-38
-37
-32
-28
-23
-14
-16
-17
-15
-14
-12
-10
-7
-6
2
2
6
14
6
10
11
14
11
6
10
7
-4
-9
-10
-7
0
-2
-4
-9
-18
-21
-27
-28
-28
-37
-38
-40
-48
-48
-43
-44
-43
-47
-46
-48
-50
-48
-47
-50
-48
-49
-51
-50
-54
-50
-47
-41
-36
-39
-43
-44
-43
-45
-40
-36
-34
-33
-29
-24
-28
-28
-23
-20
-16
-14
-9
-9
-12
-11
-16
-7
-3
3
9
12
24
22
20
20
21
21
28
28
28
29
29
42
39
43
48
52
53
47
44
46
47
45
39
30
25
25
23
28
34
31
32
33
33
31
34
30
32
29
25
30
24
29
33
30
32
34
35
35
27
28
27
24
24
13
8
13
12
15
16
19
20
28
33
31
32
31
25
21
29
27
25
20
19
15
22
29
30
36
38
39
33
41
41
36
40
39
40
32
30
32
25
31
31
29
33
34
37
44
47
39
41
50
48
47
51
47
38
39
23
8
5
-9
-5
-15
8
19
-2
-2
-1
4
-1
7
25
8
7
5
0
12
11
8
12
6
7
7
4
-4
-12
-12
-21
-30
-28
-29
-33
-40
-44
-29
-34
-30
-17
-10
-10
-15
-12
-9
-12
-12
-8
-3
11
14
22
28
23
28
38
36
40
41
38
39
26
17
16
8
-1
7
10
10
17
13
14
16
12
16
14
9
9
7
9
6
-7
-7
-10
-12
-7
-6
-8
-16
-20
-22
-30
-39
-39
-41
-46
-42
-46
-46
-42
-51
-54
-54
-54
-57
-58
-44
-40
-37
-37
-47
-43
-44
-46
-40
-34
-28
-21
-23
-21
-17
-21
-21
-13
-15
-16
-12
-16
-16
-17
-22
-26
-24
-24
-23
-23
-27
-28
-28
-30
-28
-31
-29
-29
-31
-37
-33
-25
-25
-27
-21
-19
-22
-23
-24
-23
-28
-25
-22
-21
-23
-24
-18
-23
-28
-29
-28
-30
-30
-27
-37
-44
-45
-45
-50
-49
-50
-58
-56
-54
-52
-47
-43
-46
-47
-45
-43
-33
-32
-26
-25
-24
-19
-21
-18
-18
-14
-13
-8
-6
4
13
5
8
11
2
3
5
4
7
8
12
16
17
12
16
25
26
36
36
38
44
38
45
46
46
47
49
51
50
52
52
50
48
44
44
43
41
43
44
45
39
45
38
36
28
21
29
23
19
20
19
10
7
3
4
-1
-7
-2
-3
-2
-5
-5
-9
-5
-4
-2
1
-7
-8
-18
-16
-15
-19
-14
-14
-8
-4
0
1
-1
-9
-3
-5
-4
5
6
12
15
22
26
26
33
39
44
48
48
50
53
55
56
61
59
56
53
50
53
51
51
45
48
50
51
59
60
63
63
61
64
63
61
51
53
47
42
43
36
35
29
34
29
26
29
26
23
26
21
22
25
13
11
2
0
0
0
-2
0
4
2
-1
0
-6
-15
-6
-9
-11
-8
-17
-18
-24
-28
-31
-31
-26
-26
-17
-13
-18
-12
-12
-15
-12
-9
-4
-5
-7
-3
-3
-1
4
10
15
16
19
16
15
17
15
16
28
27
26
30
21
22
18
16
13
10
9
8
7
0
-1
-2
-2
4
-1
6
1
4
5
-2
-3
-9
-16
-21
-21
-23
-27
-27
-29
-28
-32
-35
-36
-39
-38
-40
-37
-39
-37
-40
-45
-45
-48
-43
-42
-31
-26
-23
-16
-17
-17
-18
-20
-16
-11
-6
-7
-1
0
-5
1
-6
-9
-11
-8
-6
-11
-16
-15
-17
-22
-18
-11
-13
-5
-3
-8
-5
-10
-18
-20
-22
-27
-27
-33
-27
-30
-35
-33
-38
-28
-30
-31
-28
-39
-42
-46
-56
-55
-53
-49
-51
-50
-46
-52
-58
-60
-66
-68
-69
-69
-64
-65
-60
-55
-52
-45
-43
-39
-34
-25
-15
-9
-7
-3
-6
-8
-7
-7
-8
0
2
2
10
6
13
16
15
18
16
15
12
10
14
13
15
20
24
24
25
20
13
15
15
16
17
21
22
21
20
11
6
7
7
16
24
21
21
18
15
11
1
-1
-8
-7
-2
-8
-7
-8
-8
-10
-9
-13
-15
-12
-18
-16
-20
-27
-25
-29
-34
-26
-28
-26
-21
-22
-19
-13
-10
-8
-7
-12
-19
-25
-17
-15
-10
-6
-4
-4
1
3
6
7
6
8
8
10
11
12
18
23
29
34
38
44
45
42
42
46
43
44
53
60
66
66
71
78
80
83
85
87
85
83
78
76
85
84
85
91
95
97
96
92
87
88
89
85
79
80
78
68
61
63
56
53
56
51
46
39
36
31
22
16
16
14
18
9
3
8
8
9
6
3
4
1
0
-2
-8
-11
-14
-20
-24
-28
-26
-18
-16
-9
-9
-9
-12
-15
-11
-16
-17
-16
-10
-9
-12
-8
-6
-8
-12
-14
-15
-11
-16
-17
-17
-20
-14
-19
-23
-16
-5
-1
-2
0
-2
-4
-8
-8
-7
-11
-13
-11
-15
-13
-12
-16
-16
-18
-18
-18
-19
-18
-23
-26
-27
-30
-35
-28
-34
-38
-26
-26
-21
-22
-17
-19
-19
-23
-28
-28
-31
-29
-21
-25
-25
-22
-25
-30
-29
-31
-30
-24
-22
-20
-25
-24
-25
-18
-17
-19
-12
-25
-29
-33
-29
-26
-32
-34
-30
-32
-30
-23
-24
-19
-23
-28
-30
-33
-32
-32
-32
-35
-32
-35
-38
-39
-36
-37
-44
-41
-40
-40
-37
-32
-34
-43
-48
-50
-43
-44
-42
-35
-36
-34
-41
-48
-51
-48
-47
-51
-49
-48
-54
-56
-60
-60
-63
-68
-63
-67
-67
-66
-57
-56
-51
-53
-54
-44
-41
-39
-33
-19
-15
-10
-6
-7
-1
2
10
14
22
29
31
37
40
39
42
49
55
59
64
68
65
69
63
60
67
70
66
66
59
53
54
47
45
45
41
36
35
30
33
40
35
31
25
25
19
12
17
11
14
10
0
8
3
6
10
13
21
27
28
37
34
24
25
20
15
16
12
14
16
11
16
21
23
23
23
21
19
23
25
22
22
21
20
14
12
8
6
3
6
14
11
15
15
5
6
5
4
12
18
17
17
17
10
6
11
9
14
18
17
14
14
13
14
17
15
14
15
19
15
17
21
26
26
31
37
36
39
37
40
43
45
44
42
43
43
45
47
46
46
48
51
59
61
61
57
57
59
49
55
50
45
42
37
28
24
25
21
20
18
16
16
11
9
9
2
-1
1
-8
-11
-17
-29
-32
-37
-38
-34
-39
-39
-39
-37
-30
-26
-18
-16
-13
-15
-16
-10
-8
-7
-10
-14
-12
-13
-9
-2
0
2
7
14
15
20
18
21
17
13
18
21
35
33
29
27
25
29
24
12
15
12
12
11
4
3
-2
-5
-4
-4
-2
-4
-13
-14
-20
-27
-23
-25
-33
-35
-43
-44
-46
-48
-45
-45
-41
-44
-49
-56
-68
-66
-59
-63
-60
-58
-56
-55
-55
-52
-50
-54
-56
-55
-50
-55
-53
-59
-64
-60
-59
-60
-63
-61
-55
-49
-44
-43
-42
-36
-30
-28
-25
-24
-34
-41
-39
-42
-32
-30
-36
-38
-40
-37
-30
-24
-24
-20
-22
-19
-23
-31
-30
-35
-31
-25
-19
-16
-19
-20
-21
-21
-20
-13
-3
-1
0
-3
-5
-3
-2
-1
-1
1
6
9
4
3
7
7
2
7
11
6
4
2
1
6
7
2
2
1
9
11
11
8
3
1
-2
0
-11
-16
-20
-20
-10
-14
-14
-18
-25
-25
-27
-26
-20
-21
-19
-15
-20
-22
-19
-17
-19
-10
-10
-8
-10
-8
-4
-5
-11
-15
-9
-8
-6
1
10
15
19
20
20
32
35
38
36
36
37
35
34
35
39
39
42
49
54
58
58
55
57
58
61
62
60
57
53
47
53
55
54
51
49
46
40
42
38
35
31
30
33
34
41
41
40
34
29
30
34
36
36
31
22
21
23
16
20
28
39
50
50
47
51
54
54
47
42
36
24
19
21
21
15
14
16
29
32
38
37
38
46
42
44
42
36
31
30
26
24
26
30
31
34
35
40
40
34
35
22
17
19
20
14
-2
-5
-3
3
6
7
5
3
3
2
-1
-4
-2
-3
-4
-3
-8
-16
-11
-15
-5
-13
-20
-16
-20
-18
-21
-15
-17
-17
-19
-12
-11
-14
-6
-6
-2
-2
-6
-3
1
-5
-3
0
-2
0
3
8
12
9
12
8
8
14
13
12
9
-2
-8
-7
-15
-17
-16
-17
-20
-19
-18
-21
-20
-17
-24
-31
-33
-39
-43
-47
-45
-44
-56
-55
-55
-58
-52
-53
-57
-64
-66
-75
-79
-83
-84
-81
-82
-74
-58
-58
-62
-61
-62
-62
-75
-75
-78
-78
-81
-80
-83
-83
-83
-89
-81
-80
-77
-70
-73
-72
-65
-65
-64
-62
-66
-71
-68
-61
-57
-56
-52
-49
-42
-43
-44
-34
-22
-18
-14
-7
-2
-3
-1
1
4
4
2
2
0
3
5
7
9
10
14
20
27
31
42
44
48
41
36
32
32
37
38
40
35
33
36
34
32
36
38
38
40
35
30
31
26
25
30
34
32
24
28
33
24
24
29
28
24
17
13
11
3
-1
1
0
-1
-6
-10
-10
-7
-6
1
4
2
-2
-7
-10
-14
-17
-21
-12
-14
-13
-7
-8
-8
-6
8
12
14
13
6
5
6
13
13
11
4
0
-6
-2
5
8
13
19
26
27
19
18
19
21
23
31
37
37
41
38
37
39
36
41
45
52
52
42
43
40
46
45
36
35
29
24
21
23
27
23
23
27
33
35
33
28
30
30
22
14
16
16
16
9
4
4
7
13
10
11
17
14
11
7
-3
-6
-7
-7
-12
-11
-3
-4
-1
1
1
-9
-8
-6
-11
-5
3
8
6
10
11
10
14
14
18
22
22
26
32
33
34
30
33
44
47
50
56
58
58
56
59
64
65
61
57
59
61
62
59
57
63
57
54
59
55
52
49
46
42
41
38
33
38
34
31
27
23
16
15
13
8
4
0
6
7
4
8
5
8
18
15
10
4
4
3
1
0
-8
-2
-4
-7
-8
-8
-4
-12
-13
-14
-17
-22
-21
-22
-26
-19
-28
-30
-29
-33
-32
-27
-30
-26
-28
-35
-42
-43
-42
-50
-62
-67
-65
-67
-69
-62
-59
-56
-52
-58
-62
-65
-64
-65
-63
-64
-59
-63
-63
-61
-71
-64
-66
-64
-60
-61
-65
-66
-69
-67
-57
-53
-53
-57
-59
-62
-59
-59
-54
-56
-55
-55
-59
-55
-58
-55
-50
-45
-38
-34
-31
-33
-31
-29
-26
-23
-23
-23
-25
-24
-18
-20
-18
-20
-22
-20
-15
-9
-1
3
6
1
-5
5
2
4
11
10
11
7
5
7
1
4
1
8
14
15
13
14
16
16
18
23
25
32
36
33
41
34
30
29
31
35
26
32
29
25
22
21
25
30
34
28
29
28
22
16
14
8
3
3
2
-2
-5
-4
-3
0
-1
-2
-7
-6
-8
-14
-17
-22
-25
-27
-31
-28
-24
-14
-5
-11
-11
-4
-1
0
-1
-4
-7
-3
-5
-9
-6
7
11
14
19
22
23
20
27
23
22
22
23
23
31
35
37
43
45
43
43
38
29
31
32
35
31
27
30
29
30
30
34
30
14
14
10
15
10
6
4
-2
-7
-16
-13
-5
1
-3
3
-2
-4
-3
1
4
5
-5
-11
-9
-16
-17
-12
-9
-4
-1
2
14
12
9
16
24
32
32
34
38
38
39
45
38
39
47
50
56
61
61
62
65
66
65
69
68
66
66
64
63
62
61
57
53
44
43
41
48
55
45
45
45
45
39
39
41
36
32
22
18
21
26
24
21
29
14
4
10
17
23
17
13
8
2
-8
-11
-15
-14
-12
-15
-14
-12
-19
-27
-29
-32
-32
-34
-32
-35
-44
-44
-50
-56
-52
-54
-64
-67
-69
-78
-76
-77
-82
-81
-74
-67
-70
-70
-68
-72
-74
-78
-73
-67
-77
-76
-77
-77
-76
-78
-79
-77
-74
-72
-65
-56
-46
-44
-44
-51
-47
-39
-40
-36
-36
-35
-37
-34
-24
-17
-5
4
11
9
5
6
5
4
13
16
11
6
0
8
10
7
13
13
15
6
3
3
1
5
2
6
7
6
3
-7
-8
-7
-2
3
2
4
9
8
3
0
-7
-14
-26
-32
-22
-24
-15
-7
-17
-26
-36
-36
-35
-31
-32
-32
-29
-31
-39
-38
-32
-32
-25
-20
-18
-13
-12
-18
-15
-15
-10
-1
1
2
6
7
10
15
17
21
31
38
32
32
35
33
34
41
45
40
41
37
41
45
38
38
34
37
36
30
27
20
23
20
16
19
16
21
14
4
2
4
4
6
6
1
3
8
15
13
11
6
5
4
-4
-5
-6
-2
5
9
9
9
5
-2
-4
-2
3
1
0
-8
-15
-18
-18
-9
-9
0
-1
-3
0
4
6
8
6
9
9
6
6
7
11
10
21
18
19
28
23
21
23
24
17
12
16
22
26
24
24
19
17
18
7
11
16
12
14
15
15
14
14
19
26
28
23
24
18
23
26
25
26
22
21
27
36
45
47
52
48
52
57
54
64
62
57
59
59
54
56
68
70
72
76
80
80
75
74
72
72
66
64
59
57
55
46
51
49
51
39
30
31
26
21
26
27
26
15
3
2
0
-5
-6
4
1
-3
-7
-18
-25
-28
-34
-33
-23
-24
-25
-25
-23
-26
-22
-23
-21
-12
-12
-11
-15
-22
-28
-31
-31
-21
-23
-24
-23
-14
-13
-13
-12
-19
-23
-29
-34
-28
-27
-37
-38
-34
-35
-38
-33
-29
-24
-28
-33
-32
-43
-49
-52
-57
-62
-59
-61
-67
-58
-54
-49
-40
-33
-37
-43
-40
-41
-48
-53
-60
-59
-60
-57
-50
-47
-43
-41
-46
-46
-41
-46
-50
-45
-42
-41
-41
-39
-44
-48
-37
-29
-17
-9
-4
1
-1
-9
-14
-16
-15
-9
-11
-14
-10
-10
-12
-11
-12
-5
-7
2
10
9
2
-1
-3
-9
-10
-13
-5
1
4
-3
-5
-8
-17
-18
-22
-15
-14
-17
-24
-28
-29
-32
-29
-30
-30
-32
-28
-29
-32
-20
-22
-20
-17
-15
-9
-14
-13
-19
-19
-17
-13
-10
-4
3
-7
-6
-5
6
12
18
25
22
30
22
22
21
24
32
30
24
20
18
13
11
10
21
23
14
17
20
17
20
20
18
21
22
18
16
21
13
11
15
16
16
10
15
14
3
1
4
6
5
13
13
13
12
9
9
9
10
5
5
4
1
-2
-2
3
4
4
5
3
0
-9
-12
-8
-13
-18
-23
-25
-25
-24
-31
-35
-32
-36
-39
-38
-27
-31
-33
-23
-20
-18
-19
-18
-16
-17
-16
-15
-11
-5
-5
-17
-19
-7
-2
2
7
14
12
13
17
25
27
32
41
47
48
44
41
46
49
47
52
61
66
72
76
79
87
83
88
92
91
90
95
94
95
93
89
87
81
92
99
105
111
108
102
98
90
85
75
76
75
67
69
65
57
48
43
39
33
30
19
11
12
7
6
-2
-9
-15
-15
-14
-14
-4
4
6
-9
-11
-9
-17
-21
-18
-23
-24
-20
-23
-21
-13
-12
-20
-20
-19
-24
-29
-25
-25
-32
-34
-43
-46
-41
-45
-54
-51
-45
-45
-44
-40
-38
-40
-46
-49
-47
-56
-57
-54
-57
-60
-65
-68
-67
-68
-64
-59
-55
-60
-68
-70
-75
-75
-75
-72
-75
-69
-73
-75
-63
-61
-66
-67
-62
-64
-60
-55
-53
-48
-51
-50
-44
-43
-32
-30
-32
-32
-36
-33
-29
-16
-13
-10
-7
-11
-18
-18
-14
-7
4
11
15
5
4
-3
-1
-1
8
10
12
13
9
8
0
1
6
9
13
18
19
19
17
13
12
6
9
13
11
5
-1
-2
-12
-6
-4
-1
7
1
2
6
0
-3
-2
-4
0
9
11
6
2
-2
-1
0
0
3
6
12
13
13
5
4
5
-2
-2
0
-2
-3
-12
-19
-20
-17
-10
-4
-5
-8
-6
-11
-21
-17
-18
-16
-18
-21
-21
-17
-21
-25
-17
-15
-16
-13
-17
-15
-12
-10
-9
-15
-11
-7
-1
-1
-11
-5
0
-8
-7
-3
1
-6
-13
-6
-3
-1
3
8
11
11
9
1
-1
2
-5
-10
-10
-2
-4
-2
2
7
15
21
23
20
28
29
28
26
23
32
35
38
39
40
48
43
42
46
47
48
54
58
58
49
40
42
39
44
43
42
43
39
33
35
39
44
46
52
55
57
54
54
56
55
60
59
53
52
49
45
50
51
48
48
43
44
48
46
51
54
49
49
51
46
40
42
45
45
46
46
47
46
49
49
51
49
44
48
47
36
33
34
37
40
41
43
48
40
37
51
45
39
34
25
22
16
6
-2
5
7
4
3
1
2
-5
-7
-10
-12
-12
-20
-20
-27
-35
-37
-40
-42
-40
-36
-38
-37
-39
-44
-52
-56
-53
-55
-63
-60
-57
-56
-55
-58
-61
-61
-54
-52
-45
-43
-40
-38
-38
-33
-40
-38
-41
-43
-38
-38
-38
-44
-37
-39
-39
-31
-30
-27
-38
-37
-31
-31
-28
-31
-25
-21
-22
-28
-31
-29
-35
-36
-31
-29
-32
-34
-33
-36
-34
-26
-20
-22
-26
-30
-29
-30
-27
-31
-32
-25
-26
-31
-35
-28
-21
-17
-13
-10
-13
-20
-18
-20
-20
-21
-23
-11
-10
-19
-18
-19
-18
-3
1
5
10
2
-8
-15
-15
-4
1
0
5
5
8
4
3
6
6
2
-5
-11
-18
-19
-14
-23
-22
-22
-26
-22
-20
-22
-27
-28
-30
-27
-28
-28
-27
-24
-24
-24
-20
-18
-13
-15
-18
-21
-26
-26
-28
-24
-19
-9
-3
-7
-4
0
-2
3
4
5
6
8
7
4
7
3
4
4
8
6
8
9
9
6
-1
-3
-3
0
-1
6
9
10
15
16
9
2
0
0
3
10
11
19
15
7
-2
-1
3
3
7
5
8
7
12
19
16
12
4
1
2
2
5
11
12
14
21
22
20
17
17
24
29
38
38
38
41
36
37
44
41
38
42
37
38
40
45
47
48
52
55
55
49
48
43
42
36
41
39
38
32
33
35
39
48
45
50
53
56
58
51
44
38
30
27
33
31
29
33
25
24
29
22
21
22
24
35
36
26
26
25
23
25
22
25
33
38
35
32
34
39
42
43
43
37
27
20
22
17
12
14
13
12
12
17
22
21
18
11
6
-4
-4
-10
-14
-12
-10
-11
-16
-15
-18
-21
-19
-18
-17
-17
-21
-15
-19
-28
-31
-38
-38
-33
-32
-35
-32
-27
-33
-37
-34
-30
-26
-33
-38
-40
-44
-49
-48
-42
-40
-38
-38
-36
-43
-42
-40
-45
-40
-34
-34
-33
-38
-44
-36
-47
-52
-44
-38
-36
-40
-44
-42
-40
-36
-26
-21
-12
-16
-20
-21
-21
-18
-19
-16
-20
-14
-20
-24
-16
-20
-11
-7
2
5
0
-1
-9
-14
-14
-13
-12
-12
-6
-2
6
7
10
3
5
9
5
10
10
13
10
9
6
7
8
6
0
6
10
3
3
4
6
-3
-9
-17
-24
-24
-25
-26
-21
-16
-12
-11
-18
-20
-23
-27
-32
-39
-37
-41
-43
-51
-57
-60
-59
-54
-42
-34
-33
-31
-27
-34
-41
-47
-47
-40
-32
-20
-19
-22
-27
-30
-27
-21
-12
-4
-3
-2
-5
-8
-10
-5
5
11
14
16
16
14
16
16
22
21
22
23
17
19
23
20
24
31
29
32
33
38
39
36
29
25
20
11
11
12
13
13
14
19
22
22
24
20
17
17
16
19
10
10
9
10
9
10
13
16
17
11
16
15
13
12
12
18
20
18
14
9
6
10
10
8
18
25
24
26
21
23
21
27
32
32
27
24
24
23
29
30
35
42
41
44
39
32
26
22
28
25
28
30
27
27
19
19
24
29
36
36
35
27
20
21
19
23
26
31
31
26
23
20
24
24
20
25
28
26
30
28
26
26
22
19
23
25
28
25
31
32
29
28
17
20
17
18
12
20
16
8
6
5
5
-1
-7
-15
-13
-10
-7
-4
-3
-8
-10
-18
-18
-21
-24
-22
-30
-30
-33
-31
-25
-20
-18
-21
-16
-16
-18
-16
-13
-14
-15
-13
-12
-7
-7
-4
-3
-2
6
10
12
11
7
13
18
21
22
25
25
20
18
11
16
15
17
14
12
8
3
8
1
-1
-4
-4
0
-5
-11
-23
-26
-31
-38
-43
-51
-52
-51
-50
-48
-44
-45
-44
-48
-50
-51
-47
-47
-51
-53
-51
-44
-49
-52
-45
-41
-37
-39
-40
-32
-29
-31
-20
-24
-22
-17
-17
-8
-5
-2
-4
-2
2
4
1
0
0
-2
5
5
3
-2
2
5
2
7
3
7
8
2
3
2
4
2
0
0
-3
-3
-7
-8
-7
-3
-3
-4
-10
-10
-9
-13
-15
-16
-22
-27
-31
-35
-27
-23
-19
-15
-10
-11
-15
-24
-27
-31
-30
-27
-31
-29
-32
-28
-23
-14
-10
-12
-5
-1
0
0
5
3
6
7
8
14
11
19
30
34
40
35
39
44
49
47
48
55
48
45
41
37
28
24
25
31
34
35
34
25
19
7
2
-3
-2
-4
-6
-4
-12
-18
-24
-23
-32
-32
-30
-33
-40
-43
-43
-50
-49
-48
-51
-50
-46
-44
-43
-40
-40
-46
-51
-61
-61
-59
-61
-65
-57
-49
-53
-46
-41
-34
-30
-27
-24
-22
-15
-15
-15
-12
-7
-6
5
12
10
15
17
25
36
30
30
32
33
34
35
40
46
54
59
61
72
77
75
79
74
79
77
73
74
69
71
72
76
84
81
80
82
79
77
80
75
75
72
70
62
57
56
55
57
52
48
44
39
38
33
36
34
33
30
21
12
10
10
5
-3
-5
-8
-7
-5
-4
-4
0
3
1
7
7
2
1
-3
-4
-4
-1
-8
-5
-3
-7
-3
-9
-7
-9
-6
-6
-11
-14
-18
-25
-28
-28
-27
-24
-27
-23
-23
-14
-16
-14
-6
-5
-6
-12
-18
-25
-23
-23
-18
-16
-17
-15
-15
-10
-11
-6
-8
-17
-12
-12
-19
-23
-34
-38
-40
-38
-34
-24
-24
-27
-22
-26
-28
-25
-27
-30
-30
-36
-35
-40
-48
-47
-41
-41
-45
-38
-37
-34
-35
-32
-32
-38
-34
-31
-38
-39
-36
-41
-35
-38
-32
-25
-25
-17
-16
-12
-18
-21
-18
-12
-9
-6
-2
-6
-6
-1
4
1
7
8
5
1
-1
5
6
4
9
6
8
7
5
8
5
1
-1
1
-7
-5
1
1
3
4
0
5
10
5
10
7
7
11
4
10
5
-1
-6
-8
-2
-4
-1
1
4
4
-2
-6
-4
-6
-4
-6
-8
-7
-8
-10
-9
-12
-13
-14
-18
-11
-13
-18
-22
-21
-20
-22
-19
-21
-13
-13
-14
-16
-21
-20
-22
-30
-36
-34
-41
-41
-37
-39
-35
-28
-26
-23
-16
-14
-14
-16
-14
-7
-2
2
9
6
-1
-1
-2
-3
-4
0
2
-1
0
-5
-9
-10
-8
-12
-3
3
-2
3
-1
-1
-5
-8
-5
0
0
-3
-8
-7
-5
-4
-5
-2
5
0
8
12
14
19
22
14
16
18
16
18
12
23
29
30
35
35
39
39
39
49
46
39
35
34
41
47
50
50
51
57
59
63
65
68
72
71
68
72
73
78
85
83
83
79
82
81
79
87
83
87
83
77
73
63
62
69
67
63
64
65
61
58
57
53
46
39
35
29
21
12
11
8
2
0
-3
-3
-3
-5
-1
-6
-16
-23
-34
-33
-33
-37
-34
-34
-34
-36
-38
-33
-33
-37
-35
-35
-39
-36
-27
-27
-22
-26
-26
-21
-24
-26
-29
-29
-27
-22
-25
-28
-22
-18
-19
-18
-15
-14
-10
-16
-26
-26
-28
-25
-26
-15
-13
-19
-20
-16
-9
-9
-10
-4
7
-7
-1
0
-1
-6
-6
-4
-4
1
3
8
6
6
5
7
2
1
1
-3
5
3
-4
-10
-11
-11
-13
-16
-19
-19
-23
-26
-26
-27
-35
-36
-36
-36
-36
-34
-34
-33
-37
-42
-35
-37
-28
-37
-37
-30
-34
-28
-34
-32
-32
-28
-25
-30
-30
-29
-24
-17
-10
-8
-6
-5
-11
-6
-2
-3
6
11
13
12
5
6
2
4
7
10
2
3
5
4
7
5
15
20
23
20
23
21
14
9
0
4
-2
-2
1
3
4
-1
1
3
2
0
-1
0
-7
-12
-13
-13
-12
-19
-18
-24
-27
-26
-26
-18
-14
-10
-8
-13
-17
-24
-33
-32
-27
-33
-31
-34
-31
-31
-36
-37
-40
-36
-32
-30
-29
-31
-29
-25
-26
-25
-25
-32
-24
-18
-16
-4
1
-4
-7
-6
-11
-5
4
8
10
19
16
11
11
6
3
12
16
20
20
19
15
7
6
-3
6
15
17
20
13
15
11
10
9
8
11
14
20
25
22
17
17
16
19
24
23
32
40
35
31
28
26
25
26
32
37
42
43
45
45
41
39
43
46
45
45
43
39
39
42
46
52
47
53
58
50
52
54
49
47
48
45
55
62
56
52
52
51
46
53
47
43
43
38
39
31
33
33
35
43
44
44
41
30
21
18
19
13
8
10
9
10
10
8
10
7
10
8
6
4
-2
-8
-14
-21
-27
-33
-32
-23
-18
-17
-19
-19
-21
-15
-19
-23
-20
-20
-25
-30
-26
-25
-30
-29
-23
-19
-20
-20
-22
-26
-30
-39
-40
-41
-36
-28
-26
-23
-26
-33
-38
-38
-34
-26
-28
-39
-42
-42
-46
-50
-49
-42
-39
-37
-38
-42
-34
-29
-27
-29
-32
-36
-31
-33
-27
-31
-32
-20
-21
-12
-16
-22
-21
-17
-11
-9
-2
-11
-14
-8
-13
-10
-9
5
7
3
3
3
3
2
0
-5
-5
-2
0
2
4
0
-1
-4
-1
3
-2
-5
-15
-20
-18
-14
-14
-21
-16
-18
-21
-24
-25
-35
-31
-32
-28
-22
-19
-14
-23
-25
-28
-30
-27
-28
-31
-36
-34
-23
-16
-11
-7
-6
-10
-14
-18
-16
-15
-16
-14
-18
-12
-12
-12
-4
0
4
6
4
3
4
1
2
4
0
-3
-6
-3
-4
-7
-1
-1
0
-7
-7
-4
-3
-3
-13
-18
-16
-17
-13
-7
-5
-2
-9
-17
-13
-21
-26
-25
-30
-28
-23
-18
-17
-16
-20
-22
-24
-22
-15
-15
-13
-10
-12
-7
-3
-3
-7
-2
0
-1
2
-1
1
-5
-6
-3
3
9
12
25
28
31
32
29
35
32
35
36
30
26
28
23
24
28
32
41
54
55
47
50
40
42
38
38
42
38
38
36
35
37
43
49
50
49
40
37
37
30
26
24
27
27
27
27
29
33
34
32
36
37
39
35
26
26
25
29
35
34
32
38
41
38
37
39
45
48
53
55
53
49
37
35
36
39
40
42
38
36
33
23
14
17
24
20
19
20
18
13
5
-2
-8
-9
-12
-13
-10
-10
-8
-10
-10
-7
-6
0
-1
1
-2
-7
-15
-16
-15
-13
-12
-10
-8
-9
-3
-1
8
11
15
25
29
28
25
27
23
19
25
26
25
32
35
40
40
34
30
31
26
16
14
11
8
7
3
3
1
1
0
-3
-2
-1
0
-2
-3
-10
-16
-13
-13
-11
-17
-18
-18
-21
-20
-18
-19
-23
-24
-34
-39
-42
-40
-41
-41
-42
-41
-37
-34
-34
-42
-47
-44
-41
-38
-41
-42
-38
-39
-40
-34
-26
-24
-19
-17
-17
-11
-15
-20
-29
-35
-33
-36
-34
-29
-30
-31
-34
-32
-39
-41
-31
-26
-19
-14
-16
-26
-37
-35
-34
-26
-16
-16
-9
-14
-16
-20
-19
-15
-17
-10
-6
-12
-18
-26
-29
-26
-32
-33
-24
-17
-15
-6
0
6
5
2
4
4
7
9
9
7
3
6
10
8
4
-1
-4
-2
-2
-2
6
4
9
11
9
4
-8
-6
-4
-5
-4
-8
-9
-8
-10
-13
-13
-9
-3
3
2
2
-1
-12
-12
-9
-3
-4
0
2
-3
-1
-5
-12
-7
-13
-16
-13
-14
-18
-19
-19
-17
-20
-21
-15
-16
-19
-21
-20
-19
-19
-22
-23
-25
-28
-29
-30
-33
-33
-32
-30
-27
-26
-31
-29
-26
-28
-29
-29
-37
-39
-40
-42
-33
-33
-26
-17
-12
-12
-20
-16
-18
-25
-29
-31
-28
-25
-18
-13
-15
-16
-8
-11
-12
-5
-5
5
8
8
12
14
20
23
29
38
47
46
48
43
41
38
32
36
34
31
35
43
48
58
58
63
72
69
71
70
69
70
68
66
67
64
62
67
67
66
66
64
64
69
65
74
71
66
58
49
49
50
53
48
50
43
37
41
35
36
36
32
27
29
33
30
34
36
28
29
35
32
33
28
33
39
36
39
29
24
28
24
21
29
38
38
35
39
37
37
35
35
29
23
19
17
18
21
22
17
20
22
19
16
16
7
5
-4
-4
-7
-14
-20
-23
-25
-27
-28
-33
-40
-41
-41
-48
-50
-51
-57
-56
-55
-57
-56
-56
-62
-62
-63
-67
-70
-72
-74
-73
-68
-75
-72
-72
-73
-62
-53
-47
-47
-45
-45
-41
-35
-39
-38
-30
-28
-25
-25
-24
-17
-13
-8
-9
-6
-5
-7
-3
-6
-11
-14
-13
-8
-9
-4
6
14
15
15
22
27
19
16
13
15
16
16
12
7
1
-5
-10
-11
-7
-4
1
-1
-2
-3
-9
-7
-13
-16
-17
-18
-13
-16
-22
-29
-40
-39
-43
-38
-32
-37
-41
-40
-41
-46
-45
-49
-48
-46
-48
-50
-48
-52
-59
-58
-54
-47
-36
-26
-29
-26
-23
-20
-26
-20
-18
-23
-13
-24
-32
-29
-31
-19
-9
-8
0
4
-6
2
1
4
0
-3
-5
-7
-2
-11
-12
-11
-4
-9
-11
-6
-8
-6
-3
-11
-11
-13
-12
-10
-2
-4
-6
-12
-15
-14
-15
-13
-16
-15
-13
-9
-9
-10
-9
-4
-2
1
11
9
10
17
17
13
13
8
7
4
13
12
10
8
8
12
11
15
23
25
27
29
15
19
19
18
20
15
11
11
11
12
17
23
25
24
24
32
32
28
30
29
23
23
26
26
23
29
35
37
38
43
49
44
44
44
44
44
44
46
49
48
49
50
49
47
49
50
55
61
56
53
54
61
63
57
55
58
50
46
44
38
32
24
24
19
28
20
22
31
24
28
29
23
21
15
17
14
7
7
-1
6
14
17
12
16
25
26
26
21
22
23
14
9
11
9
6
9
15
15
21
22
18
20
20
20
28
31
33
39
41
41
38
39
35
37
38
34
34
28
26
24
20
25
29
31
32
30
25
18
15
3
4
-4
-10
-17
-26
-30
-35
-41
-47
-46
-45
-42
-37
-38
-34
-36
-44
-53
-57
-57
-65
-63
-68
-70
-64
-68
-73
-65
-56
-48
-36
-30
-27
-26
-30
-31
-30
-24
-18
-14
-9
-6
-6
-1
-1
-1
-2
4
13
16
18
13
5
4
2
3
1
3
9
7
5
9
9
6
-3
-11
-11
-20
-17
-15
-20
-20
-25
-30
-28
-32
-39
-39
-35
-38
-37
-34
-33
-41
-45
-46
-49
-54
-57
-49
-45
-41
-42
-42
-42
-42
-50
-48
-47
-51
-33
-35
-42
-46
-43
-44
-42
-38
-37
-33
-27
-32
-30
-24
-20
-25
-26
-23
-18
-14
-16
-8
-2
-9
-10
-11
-10
-6
-11
-12
-16
-14
-15
-17
-18
-15
-12
-6
-1
7
13
12
12
10
10
1
-2
-4
-4
-1
-1
10
15
11
10
11
17
18
23
32
33
32
35
29
25
22
23
33
41
37
41
45
50
56
49
47
45
41
35
30
28
24
15
9
7
2
-3
-5
-7
-3
-6
-8
-17
-24
-25
-28
-31
-34
-41
-41
-42
-40
-36
-30
-33
-38
-33
-36
-38
-41
-36
-29
-27
-23
-17
-15
-12
-11
-3
8
14
21
22
21
18
22
24
28
32
38
40
40
56
61
66
65
65
68
69
64
60
61
68
66
68
68
63
68
63
71
76
68
58
54
53
47
40
33
32
32
30
35
41
39
41
34
35
28
15
16
7
4
1
7
12
8
0
-2
9
9
6
5
5
0
0
-1
-2
-1
-11
-8
-2
-1
1
0
5
11
11
6
11
14
10
14
21
22
22
16
18
19
17
14
13
15
15
18
13
11
3
-1
-1
-10
-6
-9
-8
-5
-5
-4
-17
-14
-19
-28
-27
-19
-11
-17
-13
-16
-23
-28
-37
-41
-39
-38
-39
-40
-40
-43
-45
-56
-58
-53
-50
-50
-49
-50
-50
-50
-44
-41
-35
-26
-25
-22
-19
-13
-15
-12
-16
-17
-15
-18
-22
-24
-18
-15
-16
-17
-17
-10
-10
-13
-10
-12
-12
-11
-18
-18
-14
-21
-28
-22
-13
-9
-2
5
7
2
-3
-2
-10
-8
-2
-4
-1
-3
-3
4
6
9
8
11
13
8
0
-6
-10
-7
-3
2
7
11
11
9
7
9
7
6
9
2
3
5
10
3
1
2
0
-2
-3
3
-2
-1
-2
-5
-8
-5
-9
-11
1
-1
0
3
3
7
2
7
0
-3
-11
-18
-15
-19
-16
-24
-25
-32
-31
-29
-33
-27
-26
-30
-37
-35
-41
-44
-43
-43
-40
-38
-38
-38
-43
-46
-49
-47
-38
-36
-33
-30
-31
-31
-34
-33
-32
-22
-22
-27
-23
-18
-15
-11
-10
-5
-4
-1
10
9
7
8
11
4
3
-2
-9
-6
-5
-5
4
0
-5
-2
3
2
10
17
14
21
22
21
20
22
16
13
12
8
9
13
19
19
21
25
29
33
36
33
40
43
36
35
29
35
36
41
50
46
48
43
43
44
38
38
37
44
48
56
57
52
53
58
60
61
58
54
51
45
41
33
33
37
31
30
32
28
22
20
25
31
28
25
30
19
17
9
5
-1
-5
-6
-7
-1
-7
-4
-7
-12
-12
-9
-8
-7
-9
-15
-14
-15
-17
-15
-13
-7
-8
-8
-5
1
3
2
7
2
1
-3
-1
-3
1
5
4
12
12
10
12
13
17
20
24
26
23
18
13
5
0
2
5
14
21
28
35
35
29
25
15
14
16
15
17
22
25
28
28
29
27
20
20
26
32
32
30
31
30
33
23
23
24
26
27
28
31
21
24
18
11
7
-3
0
12
13
8
6
6
5
5
2
5
7
0
4
2
4
6
2
-2
-9
-4
-6
-12
-15
-18
-24
-19
-20
-27
-23
-27
-28
-24
-26
-23
-20
-26
-38
-42
-48
-51
-52
-57
-50
-48
-48
-48
-45
-49
-47
-46
-55
-51
-45
-49
-45
-46
-50
-52
-58
-53
-46
-42
-37
-30
-18
-13
-15
-16
-13
-7
-11
-7
-6
-5
1
1
4
1
1
1
7
12
15
17
15
10
10
8
-1
-10
-18
-13
-18
-11
-11
-16
-20
-28
-29
-33
-33
-28
-30
-34
-34
-32
-30
-35
-41
-38
-39
-34
-38
-36
-36
-42
-45
-47
-45
-49
-47
-49
-49
-54
-57
-54
-59
-58
-59
-55
-51
-47
-49
-50
-53
-50
-46
-42
-33
-30
-29
-27
-19
-12
-9
-6
-7
-2
-7
-7
-6
-7
-13
-17
-13
-11
-3
0
5
6
12
13
12
12
7
9
4
5
6
4
6
5
8
12
16
19
25
21
18
19
21
24
26
26
23
24
25
21
23
28
29
32
36
41
43
43
40
39
45
44
41
44
43
43
43
44
51
48
44
44
40
43
43
44
47
45
37
39
39
39
33
28
29
27
29
28
25
25
26
24
25
19
24
26
19
24
22
24
20
10
-1
-3
0
3
2
-2
3
0
1
1
-4
-5
-5
-9
-8
-6
-7
-9
-6
-16
-19
-13
-12
-14
-11
-8
-9
-12
-13
-9
-13
-9
-7
2
1
-6
-8
-15
-9
-8
-4
5
5
7
6
6
5
3
-3
-5
1
8
12
17
16
18
19
16
15
16
20
21
19
23
29
24
25
22
19
14
18
27
32
36
41
49
48
52
48
45
45
40
37
36
32
37
36
34
42
39
43
39
39
45
45
44
41
38
32
30
24
24
23
19
16
24
22
19
22
13
8
-2
0
-3
-11
-6
-7
-9
-12
-17
-27
-25
-24
-21
-13
-9
-2
-3
0
-7
-12
-17
-21
-24
-23
-20
-17
-23
-29
-39
-50
-51
-52
-48
-49
-39
-36
-37
-37
-45
-45
-46
-49
-46
-39
-40
-44
-41
-43
-38
-32
-29
-26
-20
-20
-21
-15
-24
-28
-23
-25
-22
-18
-29
-36
-32
-29
-30
-27
-35
-35
-37
-42
-42
-39
-41
-44
-46
-51
-46
-55
-57
-59
-69
-73
-77
-72
-67
-72
-70
-70
-70
-67
-67
-63
-61
-61
-60
-49
-46
-46
-42
-42
-41
-37
-33
-32
-27
-29
-31
-29
-23
-17
-12
-16
-18
-17
-8
-2
3
11
13
19
17
14
13
9
10
10
9
5
3
3
8
12
21
26
27
33
35
38
43
42
43
44
44
46
47
51
49
51
46
41
41
42
41
40
36
30
26
15
13
10
3
12
14
21
18
15
16
16
18
12
16
21
29
29
26
27
20
10
3
3
4
9
14
17
15
13
13
18
23
23
25
25
28
31
30
25
19
15
29
27
25
30
31
34
39
45
46
45
38
43
39
31
33
31
27
25
22
18
16
7
10
5
6
7
6
8
7
1
-1
2
-3
-4
-7
-5
0
1
3
6
2
8
9
7
8
12
15
15
19
24
24
19
24
26
27
30
23
29
38
37
40
36
38
41
42
44
43
40
32
35
28
21
22
19
19
18
16
15
15
6
-2
-2
-2
1
8
8
12
11
15
16
11
9
1
4
5
15
20
17
17
21
24
26
27
33
39
32
30
30
25
26
21
17
18
18
32
38
36
37
36
34
29
28
19
17
14
13
13
6
6
4
7
13
14
13
18
21
19
18
12
4
-3
-17
-26
-33
-33
-22
-23
-19
-15
-15
-15
-21
-23
-30
-41
-43
-48
-47
-46
-51
-53
-51
-48
-44
-41
-38
-35
-37
-42
-44
-51
-57
-58
-62
-58
-64
-63
-53
-54
-45
-48
-47
-42
-52
-51
-49
-44
-45
-48
-44
-50
-53
-56
-57
-59
-54
-53
-55
-54
-50
-56
-62
-64
-72
-77
-79
-78
-79
-80
-82
-88
-89
-85
-86
-87
-80
-76
-69
-63
-61
-60
-59
-54
-47
-45
-47
-38
-32
-25
-18
-9
-5
1
9
15
21
23
21
19
25
24
15
17
10
13
19
21
24
29
36
35
30
31
29
28
32
31
33
28
24
18
16
17
17
20
26
28
26
28
24
21
20
23
27
27
33
27
29
25
24
25
25
31
34
39
35
30
25
14
18
10
4
8
3
4
4
3
5
-3
-4
-3
-6
-6
-10
-6
-11
-16
-23
-21
-20
-20
-16
-12
-8
2
2
-2
-3
-4
-5
-8
-8
-17
-11
-5
-7
-2
0
6
10
15
15
19
18
16
22
13
19
16
13
13
18
26
29
35
45
51
58
62
57
64
60
58
55
54
55
50
46
46
50
55
58
64
62
63
58
53
54
51
52
47
47
48
44
41
38
43
41
36
36
31
37
33
29
24
22
24
22
27
21
20
24
15
11
7
6
14
14
11
13
7
-2
-2
-6
-8
-17
-14
-15
-14
-12
-12
-12
-13
-12
-5
-4
-1
2
4
9
8
19
19
13
15
12
7
8
3
1
0
4
9
20
18
20
26
25
25
16
9
8
11
16
18
13
8
9
-1
-2
2
-4
-1
2
0
-4
-7
-13
-19
-29
-31
-32
-31
-35
-35
-38
-42
-42
-45
-41
-45
-45
-44
-45
-40
-39
-40
-41
-43
-44
-43
-45
-44
-37
-32
-29
-32
-26
-28
-30
-31
-37
-35
-32
-30
-32
-38
-32
-31
-32
-28
-32
-28
-29
-25
-23
-20
-21
-25
-24
-25
-22
-24
-22
-22
-19
-18
-19
-18
-22
-22
-25
-24
-21
-26
-26
-30
-36
-38
-38
-43
-40
-37
-37
-37
-37
-43
-50
-51
-52
-57
-60
-62
-57
-58
-56
-55
-58
-59
-57
-57
-57
-53
-52
-53
-59
-51
-49
-49
-45
-39
-30
-29
-21
-21
-15
-7
-10
-4
0
1
1
12
9
18
27
24
31
31
39
37
41
42
38
37
36
39
35
31
32
34
29
31
26
23
26
23
22
23
21
16
19
15
10
6
8
9
4
2
4
4
10
11
13
10
5
11
7
11
11
9
12
3
-4
-1
1
4
7
14
20
21
22
28
29
39
44
47
46
43
46
48
46
42
42
44
42
37
44
43
42
49
45
43
43
45
47
52
56
55
58
55
53
53
44
40
35
31
30
35
36
26
24
22
24
22
20
21
16
17
24
20
16
15
10
7
5
10
9
7
10
8
5
10
9
9
15
11
15
15
16
15
14
18
19
22
25
28
28
38
37
34
34
35
39
39
36
32
27
30
36
38
40
39
36
37
36
35
37
36
35
33
27
26
21
23
24
23
19
17
14
12
12
11
8
5
0
2
-3
-1
-4
-8
-8
-5
-10
-13
-15
-22
-18
-23
-15
-17
-17
-19
-23
-11
-11
-16
-12
-9
-7
-7
-4
-8
-6
3
4
6
5
5
4
6
7
6
7
5
4
-4
-11
-15
-16
-18
-23
-20
-21
-21
-17
-26
-25
-27
-24
-23
-30
-33
-34
-37
-42
-37
-39
-44
-45
-49
-42
-42
-41
-48
-49
-45
-43
-44
-41
-40
-41
-35
-38
-38
-35
-40
-41
-44
-50
-52
-51
-53
-51
-57
-61
-59
-70
-65
-65
-68
-68
-72
-71
-66
-71
-73
-72
-69
-66
-68
-64
-63
-55
-50
-51
-43
-32
-37
-40
-43
-44
-42
-40
-33
-34
-28
-21
-21
-20
-14
-10
-8
-1
-2
-3
1
3
-1
-6
-13
-16
-12
-5
-4
-6
-6
-7
-11
-10
-12
-11
-4
-2
4
4
4
5
9
9
15
18
18
21
16
16
12
7
8
5
5
7
17
17
20
26
23
28
31
31
35
37
37
39
37
41
40
36
25
23
27
33
40
42
47
40
29
27
27
21
23
22
15
19
21
23
26
24
21
27
25
28
33
29
31
35
33
27
31
30
28
29
33
34
35
37
35
26
12
6
2
8
13
8
8
9
2
1
3
0
-4
-3
-3
-2
0
-3
-2
-9
0
0
2
1
2
0
0
0
-1
0
-7
-8
-9
-8
-9
-9
-4
-2
1
4
9
16
19
25
26
27
34
37
35
38
37
32
34
25
29
33
33
28
29
29
22
20
20
19
17
16
20
22
25
25
26
31
34
35
30
28
30
25
24
25
25
23
25
22
21
24
26
32
29
24
18
16
12
4
5
6
6
5
1
4
-2
1
-1
-2
8
6
4
7
2
-1
-8
-15
-13
-14
-11
-12
-18
-21
-24
-31
-29
-32
-30
-27
-24
-20
-25
-30
-27
-25
-28
-27
-19
-18
-21
-21
-21
-18
-18
-23
-21
-14
-12
-2
-1
2
2
4
6
-4
-7
-4
-7
-10
-12
-12
-9
-7
-7
-14
-21
-19
-13
-12
-6
-12
-12
-12
-14
-9
-14
-19
-26
-30
-33
-32
-46
-43
-43
-44
-34
-27
-26
-30
-26
-30
-30
-34
-38
-45
-48
-51
-50
-48
-45
-45
-50
-46
-47
-53
-45
-44
-46
-48
-52
-51
-46
-47
-47
-40
-34
-30
-27
-24
-26
-27
-19
-20
-22
-22
-32
-32
-26
-26
-19
-16
-9
-6
-7
2
7
8
7
6
3
5
4
-1
2
3
5
13
11
13
16
15
12
10
16
15
18
22
18
17
14
13
21
25
24
25
27
24
21
21
13
16
24
19
17
17
17
18
14
10
11
13
9
5
0
-9
-15
-21
-16
-16
-10
-2
-4
2
3
4
4
-2
0
-2
-11
-12
-13
-17
-17
-17
-8
-9
-1
2
2
10
8
9
8
10
10
16
21
22
29
35
35
38
47
50
50
52
52
48
51
47
43
36
34
36
44
49
48
54
54
53
47
49
45
38
34
34
34
30
24
15
9
10
13
9
12
11
3
2
-3
-11
-14
-16
-18
-22
-24
-25
-29
-28
-27
-21
-18
-15
-15
-19
-17
-15
-18
-15
-13
-12
-10
-4
-3
-2
4
5
13
7
9
12
11
23
20
28
27
36
40
38
37
34
40
41
40
38
37
38
44
46
54
63
63
70
68
72
72
64
50
36
36
36
38
36
34
35
30
35
37
34
36
33
40
34
30
29
20
16
7
6
-2
0
-3
0
4
-1
-10
-14
-9
-10
-7
-9
-10
-6
-7
-7
-11
-18
-21
-25
-24
-23
-18
-14
-2
3
12
14
11
12
15
14
10
8
4
0
-11
-5
-7
-9
-10
-11
-5
-1
-1
-5
-4
-4
-3
-11
-21
-22
-23
-20
-21
-26
-27
-32
-35
-35
-40
-36
-39
-47
-53
-53
-55
-60
-63
-67
-64
-60
-59
-65
-64
-63
-65
-62
-63
-69
-66
-63
-64
-57
-51
-53
-52
-52
-48
-47
-45
-45
-44
-34
-32
-35
-36
-35
-32
-31
-29
-30
-28
-30
-28
-22
-22
-18
-14
-15
-14
-15
-13
-8
-14
-13
-14
-12
-12
-12
-12
-15
-6
-4
-7
-4
-4
-3
1
-2
-4
-2
0
2
9
13
5
4
2
-3
-3
5
9
15
16
16
12
13
16
10
14
19
15
16
20
16
16
17
21
23
23
22
27
26
23
20
11
15
8
7
10
8
10
10
8
5
3
1
2
2
-3
-5
-11
-12
-13
-17
-14
-15
-13
-9
-9
-9
-10
-10
-5
-8
-8
-13
-18
-21
-22
-19
-20
-24
-20
-22
-24
-18
-22
-18
-14
-16
-8
-11
-6
-6
-14
-16
-18
-14
-21
-19
-12
-12
-9
-3
-1
0
-4
-5
-2
-2
3
10
12
12
14
18
18
12
14
11
15
20
24
28
31
37
39
39
32
36
39
40
32
41
37
33
37
32
43
40
38
39
36
37
31
36
40
44
50
47
53
46
45
49
49
54
61
57
54
53
47
37
35
30
29
37
36
37
35
35
37
38
42
39
43
41
43
39
32
38
36
35
28
30
30
39
37
31
31
24
21
11
5
2
-8
-7
-7
-2
2
2
10
7
7
-4
-10
-9
-10
-12
-5
-10
-6
-7
-15
-9
-11
-15
-19
-19
-15
-13
-10
-10
-10
-7
-5
-5
-7
-13
-15
-20
-16
-17
-18
-12
-14
-8
4
13
24
25
16
14
9
-10
-16
-13
-20
-21
-22
-21
-20
-16
-13
-16
-13
-18
-23
-31
-36
-34
-37
-35
-35
-38
-37
-39
-41
-40
-37
-36
-36
-38
-42
-46
-50
-48
-59
-61
-54
-46
-37
-37
-33
-35
-43
-38
-34
-35
-36
-34
-29
-38
-45
-45
-53
-56
-53
-42
-34
-32
-27
-37
-41
-50
-50
-51
-51
-38
-38
-34
-35
-36
-40
-40
-39
-44
-41
-37
-22
-14
-14
-18
-41
-45
-33
-29
-20
-14
-26
-38
-42
-48
-43
-30
-27
-18
-16
-14
-18
-22
-28
-33
-37
-40
-27
-25
-16
-10
-9
-8
-5
0
5
6
7
0
-3
-4
-6
-2
1
8
23
29
34
34
30
28
19
18
17
20
29
28
27
20
26
31
24
27
21
18
17
14
24
18
4
0
-9
-9
-7
-3
8
10
15
25
27
31
27
31
23
14
23
24
14
10
15
17
23
33
48
54
49
46
46
39
30
26
37
43
37
42
38
32
38
38
39
34
27
33
39
42
45
52
43
28
34
28
28
38
39
37
35
32
20
11
12
5
5
15
24
24
30
32
27
18
12
9
-1
-4
2
-1
-5
-14
-15
-13
-8
8
8
9
9
-10
-9
-13
-28
-27
-23
-18
-15
-3
0
-4
0
9
15
24
31
26
30
38
39
46
47
54
55
53
58
57
60
59
61
55
54
67
72
75
69
59
49
38
40
50
64
69
66
61
49
43
43
52
50
49
45
40
39
40
40
35
27
13
16
18
20
30
31
28
17
10
6
-4
2
10
16
16
13
10
-13
-2
10
24
17
-3
7
4
-1
0
6
5
-8
-5
7
-8
-6
4
-10
-19
-32
-22
-24
-29
-25
-37
-33
-30
-24
-27
-31
-44
-48
-53
-47
-40
-49
-52
-75
-79
-77
-79
-71
-73
-71
-78
-89
-93
-101
-99
-95
-97
-108
-122
-124
-121
-109
-103
-95
-93
-91
-93
-85
-81
-84
-85
-90
-86
-84
-74
-74
-74
-72
-80
-78
-83
-75
-74
-64
-50
-51
-48
-54
-66
-68
-67
-59
-38
-20
-8
-13
-27
-29
-30
-13
-1
12
18
3
-3
-4
3
5
0
-1
-6
-1
13
25
33
27
27
14
9
9
19
26
24
16
6
7
7
15
23
28
34
40
36
36
40
43
36
28
19
8
-2
4
3
4
6
17
23
20
31
23
27
25
25
22
27
25
23
32
33
36
30
27
23
28
34
37
33
22
20
13
21
23
10
2
-5
-8
-4
-4
5
10
5
8
13
14
6
7
5
3
0
0
6
9
14
7
3
10
6
8
1
3
0
-4
2
7
15
10
9
14
10
12
14
8
9
1
0
1
4
18
23
26
32
32
23
8
8
17
37
48
50
44
22
14
14
15
30
35
29
17
19
37
50
56
49
31
12
17
25
45
65
56
38
21
26
40
56
65
65
55
35
28
29
37
34
30
24
22
33
43
46
41
27
29
31
35
40
27
22
28
36
51
52
49
44
43
43
47
66
62
49
33
25
24
20
22
32
25
13
10
9
12
11
5
9
0
-14
-15
-18
-8
-5
-5
-7
-21
-29
-33
-21
-13
-9
-17
-28
-31
-33
-30
-27
-21
-25
-32
-34
-28
-14
-12
-20
-22
-18
-17
-15
-17
-17
-19
-20
-24
-33
-31
-29
-30
-32
-26
-24
-30
-29
-31
-34
-38
-43
-40
-38
-30
-31
-38
-40
-44
-50
-53
-52
-49
-46
-53
-60
-53
-57
-61
-60
-62
-61
-53
-53
-56
-46
-52
-54
-50
-58
-65
-70
-78
-72
-75
-78
-74
-74
-60
-47
-67
-82
-81
-88
-90
-78
-57
-31
-38
-51
-45
-46
-28
-24
-28
-20
-17
-18
-18
-12
-7
0
-2
0
5
6
11
4
-2
-1
-1
4
3
-1
0
5
10
11
12
17
16
7
10
19
26
16
6
1
8
16
22
13
8
7
-3
5
10
13
18
20
17
12
8
13
12
14
18
20
26
32
34
35
34
33
28
27
37
39
40
44
49
48
44
38
41
39
33
35
37
40
37
30
26
24
19
18
22
25
20
13
26
34
22
17
16
14
11
17
22
25
21
9
0
-1
0
0
3
-4
-7
-9
-5
-4
0
-2
-5
-1
2
10
9
12
1
-6
-4
0
8
15
10
9
11
14
25
25
21
20
15
16
24
20
26
23
18
30
28
28
19
0
9
17
26
24
4
-6
-8
1
9
8
-5
-9
-10
-6
5
2
-3
-13
-13
2
-1
5
-1
-3
-5
-12
-20
-11
5
-4
1
3
13
12
18
20
18
21
21
28
24
18
22
33
31
29
33
36
36
29
27
22
25
24
10
15
13
15
11
17
30
40
36
28
33
43
49
45
41
39
21
5
25
40
44
52
47
29
23
34
41
26
33
19
24
32
16
34
30
14
12
6
17
25
15
13
16
8
11
9
-1
-11
-24
-14
-9
-14
-26
-28
-19
-9
-2
-15
-18
-15
-1
9
11
14
-4
-4
0
13
28
35
6
12
69
137
144
47
-35
-90
-86
-38
-9
17
-29
-84
-105
-108
-67
-62
-66
-84
-84
-51
-54
-39
-50
-100
-68
-2
76
80
1
-70
-105
-69
-35
-37
-30
-57
-84
-91
-68
-35
-69
-104
-133
-108
-74
-68
-85
-103
-115
-130
-109
-61
-35
-23
-21
-30
-42
-39
-25
-13
-2
-21
-40
-51
-54
-50
-32
-17
-23
-40
-21
-11
-7
10
4
0
0
-6
5
-2
34
45
23
28
32
41
41
39
50
29
26
47
51
67
46
47
55
60
52
37
34
32
30
58
82
63
20
13
31
36
45
42
9
9
25
-4
-18
-5
-6
-20
-37
-36
-26
-36
-56
-47
-30
-20
-36
-59
-45
-35
-17
-31
-52
-60
-85
-60
-29
-25
-36
-64
-101
-102
-78
-33
-14
-32
-76
-100
-79
-57
-51
-46
-61
-91
-103
-81
-51
-49
-69
-76
-77
-63
-55
-64
-56
-54
-63
-51
-35
-26
-48
-49
-46
-38
-3
6
-9
-6
-9
-6
13
32
53
77
99
101
120
124
132
151
167
189
208
217
222
218
229
232
241
253
244
227
204
194
178
153
137
117
86
78
73
52
34
36
38
30
28
21
2
4
1
10
18
14
20
13
27
15
17
46
48
46
26
8
13
8
-1
0
-10
-12
-21
-14
1
-29
-47
-36
-23
-52
-32
-28
-31
-48
-51
-47
-77
-79
-88
-80
-77
-86
-90
-78
-96
-98
-102
-99
-92
-103
-81
-66
-47
-57
-91
-81
-70
-62
-63
-60
-61
-81
-88
-96
-101
-92
-82
-89
-103
-102
-100
-107
-108
-116
-126
-109
-72
-34
-3
6
17
13
14
17
34
53
71
88
125
155
174
179
174
171
167
168
157
157
147
152
158
160
168
175
170
155
110
88
80
67
70
55
48
42
55
75
84
94
69
34
13
13
36
45
64
58
50
64
73
53
38
26
19
16
21
16
12
8
-2
-20
-21
-10
-26
-46
-61
-54
-67
-82
-76
-75
-79
-74
-82
-104
-112
-96
-112
-139
-148
-124
-84
-90
-118
-132
-113
-101
-99
-101
-113
-125
-119
-90
-57
-51
-78
-95
-97
-86
-92
-107
-124
-146
-128
-131
-142
-154
-156
-150
-168
-176
-176
-189
-197
-195
-182
-164
-159
-176
-186
-173
-159
-161
-184
-192
-202
-170
-116
-22
58
121
130
81
36
28
65
125
175
196
185
184
225
280
329
308
235
140
79
68
99
121
115
63
14
-16
-12
8
-3
-45
-114
-174
-183
-137
-59
-15
-5
-7
-30
-4
34
90
117
119
120
114
139
188
225
255
250
203
175
169
191
230
225
176
115
130
178
207
170
101
59
11
-3
16
40
36
-15
-71
-46
-28
-32
-57
-92
-136
-168
-118
-37
12
12
-17
-20
-2
-10
-3
-1
-12
-12
0
-21
-16
43
91
16
-79
-101
-84
-72
-55
-42
-68
-90
-177
-192
-165
-140
-185
-309
-321
-272
-216
-176
-187
-236
-294
-304
-275
-255
-247
-284
-327
-344
-312
-141
84
264
296
203
89
15
70
209
349
435
394
347
357
449
559
568
451
225
25
-63
-18
80
117
39
-81
-176
-178
-129
-89
-107
-213
-326
-371
-268
-57
121
189
137
71
87
161
302
408
434
405
370
412
499
583
597
516
408
311
283
321
355
343
239
111
28
40
136
190
142
0
-185
-277
-223
-77
-12
-48
-129
-206
-202
-134
-52
-41
-137
-245
-266
-155
-8
106
118
51
-59
-122
-110
-55
35
23
-40
-91
-102
-45
21
-14
-126
-241
-286
-254
-221
-184
-194
-260
-341
-424
-430
-404
-394
-434
-521
-545
-520
-483
-412
-391
-403
-461
-526
-538
-503
-383
-209
13
232
320
277
170
82
113
225
355
422
410
397
417
523
635
624
473
201
-18
-110
-73
-3
-5
-86
-206
-300
-296
-239
-176
-215
-332
-450
-468
-324
-101
105
207
199
148
162
250
378
469
480
474
507
583
667
685
626
505
379
292
280
318
325
268
185
87
40
22
17
-18
-83
-158
-263
-315
-335
-286
-216
-231
-254
-241
-235
-244
-260
-256
-268
-286
-249
-193
-72
18
29
18
16
26
12
29
28
-13
5
47
50
59
40
13
-64
-159
-218
-259
-245
-230
-249
-262
-288
-302
-338
-390
-458
-543
-553
-525
-421
-352
-320
-350
-405
-453
-450
-390
-301
-128
59
248
322
286
197
157
203
308
383
411
376
369
431
580
713
707
552
278
60
-34
-26
25
10
-86
-198
-263
-216
-157
-136
-240
-405
-525
-514
-356
-143
22
85
57
39
87
188
276
290
265
219
271
423
604
734
730
608
436
301
260
277
319
315
255
188
157
200
247
184
63
-82
-211
-256
-234
-174
-160
-188
-251
-290
-242
-191
-188
-228
-312
-394
-379
-239
-41
98
129
95
67
108
144
143
129
129
103
122
206
308
330
271
149
-5
-81
-96
-80
-94
-156
-210
-228
-240
-237
-260
-319
-432
-529
-554
-494
-392
-349
-373
-424
-475
-454
-392
-216
41
264
382
340
260
219
302
455
570
588
482
388
421
594
832
918
796
495
186
31
9
42
6
-150
-324
-420
-355
-227
-161
-258
-517
-773
-856
-701
-407
-139
-26
-43
-92
-35
123
280
307
199
59
57
257
569
837
875
698
433
268
236
272
274
159
0
-85
-17
167
307
281
59
-245
-455
-500
-383
-230
-149
-210
-336
-350
-285
-209
-195
-285
-443
-547
-478
-288
-80
42
56
53
108
185
200
180
81
19
65
193
311
365
357
281
172
60
-20
-58
-77
-136
-214
-253
-256
-249
-255
-304
-398
-554
-691
-755
-752
-708
-673
-640
-623
-575
-383
-3
415
691
617
356
104
105
405
765
1005
946
716
543
561
773
898
753
342
-121
-306
-225
-25
29
-195
-544
-816
-831
-615
-405
-380
-596
-845
-891
-689
-313
-10
117
109
55
151
341
564
654
568
379
284
387
686
921
932
673
247
-23
-82
65
177
83
-150
-391
-388
-188
42
132
-31
-293
-476
-440
-244
-61
-35
-160
-305
-290
-148
36
83
-99
-369
-587
-603
-387
-135
39
4
-61
-65
30
198
201
65
-142
-222
-47
216
458
544
405
188
-31
-74
-46
-16
-92
-294
-475
-491
-401
-271
-295
-582
-919
-1218
-1172
-972
-703
-528
-368
50
644
1142
1283
970
531
303
413
798
1070
1136
987
801
834
956
985
668
7
-600
-952
-913
-715
-596
-617
-735
-758
-600
-400
-230
-306
-499
-646
-560
-172
307
747
968
1003
979
941
929
874
697
504
330
297
419
551
601
417
126
-158
-381
-431
-459
-460
-476
-451
-281
-67
176
260
197
29
-177
-250
-214
-113
27
119
182
197
173
96
-92
-326
-545
-684
-669
-593
-449
-329
-242
-126
-42
56
27
-50
-147
-192
-94
66
262
395
416
400
294
144
19
-143
-247
-327
-373
-338
-345
-253
-378
-506
-723
-902
-930
-844
-663
-456
86
807
1588
1909
1712
1104
613
582
814
1103
1092
765
536
542
856
1053
801
75
-849
-1361
-1349
-1084
-818
-825
-900
-877
-606
-135
158
228
-13
-315
-349
-72
440
894
1128
1147
1047
1012
1014
938
740
385
6
-167
-127
67
172
104
-97
-361
-485
-515
-498
-441
-507
-515
-457
-251
32
189
264
98
-176
-400
-545
-537
-471
-412
-386
-412
-362
-300
-281
-317
-468
-608
-665
-592
-418
-239
-113
-30
16
145
242
259
189
-16
-136
-206
-104
14
51
35
-67
-174
-236
-344
-409
-577
-686
-689
-727
-519
-569
-529
-730
-874
-818
-727
-352
-168
393
1174
1963
2430
2240
1659
1078
825
1064
1213
1151
747
316
233
493
841
737
-13
-1000
-1713
-1760
-1455
-1152
-1042
-998
-779
-306
284
642
625
299
-44
-200
-3
399
729
909
900
901
868
838
673
364
37
-262
-356
-263
-87
46
119
113
110
63
22
-83
-152
-223
-226
-149
-8
128
237
252
119
-158
-530
-810
-999
-971
-860
-733
-660
-594
-500
-435
-416
-537
-709
-830
-803
-559
-230
111
373
521
608
614
558
415
186
-60
-205
-233
-113
-8
80
6
-152
-381
-555
-695
-824
-903
-965
-986
-913
-757
-668
-618
-757
-822
-853
-633
-344
347
1243
2124
2547
2449
1975
1448
1286
1354
1340
1071
573
260
335
808
1244
1149
447
-548
-1239
-1379
-1262
-1177
-1204
-1130
-731
-46
705
1104
1059
677
238
-22
-4
161
320
431
526
659
803
884
752
428
90
-207
-335
-283
-108
30
211
384
568
679
642
497
217
-12
-203
-257
-173
-53
98
237
254
100
-230
-628
-990
-1216
-1205
-1086
-879
-668
-448
-278
-198
-213
-391
-576
-689
-607
-398
-114
194
401
597
685
643
553
244
-59
-284
-468
-338
-300
10
136
185
133
-143
-374
-649
-745
-789
-784
-805
-781
-814
-725
-703
-753
-863
-1004
-854
-108
929
1955
2298
2027
1494
1102
1175
1285
1134
591
-103
-331
-5
694
1266
1186
531
-340
-872
-988
-1023
-1146
-1270
-1173
-635
160
892
1272
1180
792
232
-233
-501
-580
-491
-332
-151
76
306
457
472
282
53
-227
-346
-318
-167
37
285
522
767
843
748
549
247
-21
-272
-386
-403
-334
-136
151
322
282
2
-382
-733
-983
-1021
-992
-909
-763
-558
-288
-66
39
-38
-240
-445
-462
-331
-83
171
333
457
446
491
441
336
69
-212
-428
-536
-407
-125
216
361
348
178
-86
-293
-403
-499
-658
-846
-1046
-1060
-1013
-828
-777
-819
-532
148
1164
1821
1852
1406
829
683
914
1102
940
306
-191
-287
26
493
678
402
-183
-723
-917
-922
-926
-992
-1017
-750
-142
574
1106
1254
1045
649
154
-231
-484
-520
-442
-330
-208
-81
5
4
-123
-306
-480
-455
-275
-50
219
285
321
364
478
581
548
433
201
-30
-103
-36
135
229
260
260
192
105
-68
-202
-345
-440
-438
-409
-345
-323
-306
-349
-386
-431
-415
-368
-272
-60
165
415
574
653
578
434
260
92
-72
-235
-313
-262
-154
41
223
288
412
282
189
-37
-314
-395
-529
-380
-357
-496
-648
-1149
-1298
-1407
-1096
-37
1159
2237
2383
2006
1469
1042
979
858
490
-144
-728
-710
-244
401
822
834
408
-215
-649
-858
-993
-1222
-1296
-1071
-371
664
1584
2070
1903
1312
496
-325
-897
-1181
-1187
-990
-654
-169
335
708
739
447
-93
-646
-905
-826
-492
-158
219
491
686
805
767
591
201
-312
-751
-894
-638
-122
423
792
841
620
275
-46
-316
-525
-671
-724
-615
-347
-41
88
46
-217
-505
-654
-639
-435
-185
174
486
724
875
844
653
376
-5
-308
-529
-530
-396
-93
248
435
528
539
489
317
12
-287
-630
-792
-914
-975
-1125
-1337
-1432
-990
346
1730
2535
2223
1450
846
738
946
906
414
-221
-653
-435
22
421
437
143
-308
-693
-844
-853
-925
-1053
-1092
-852
-233
633
1343
1590
1387
835
182
-431
-852
-1061
-1108
-1009
-701
-184
333
583
523
248
-195
-580
-744
-682
-491
-185
195
560
757
729
485
108
-345
-768
-1002
-981
-671
-172
421
935
1135
955
462
-91
-528
-778
-852
-808
-624
-322
-1
190
150
-131
-513
-806
-899
-740
-372
69
562
969
1199
1183
873
487
-44
-472
-685
-755
-512
-126
284
608
725
678
535
388
129
-324
-808
-1071
-1123
-1033
-969
-1134
-636
839
2320
2965
2191
1136
364
260
488
406
107
-379
-561
-284
160
533
535
114
-529
-915
-845
-623
-514
-577
-554
-267
247
825
1219
1227
883
241
-485
-980
-1052
-898
-862
-904
-769
-312
250
597
578
277
-136
-367
-326
-188
-123
-76
3
43
135
217
264
65
-347
-776
-970
-777
-329
86
359
557
699
737
572
243
-142
-507
-712
-703
-500
-260
-115
-23
-60
-175
-299
-478
-619
-672
-456
-147
184
464
574
622
489
314
31
-227
-341
-403
-223
-60
251
564
671
653
397
161
-178
-486
-688
-900
-1083
-1185
-1156
-121
1694
3235
3375
2326
1249
709
569
452
-19
-480
-881
-790
-264
361
773
671
36
-775
-1017
-675
-360
-478
-604
-256
504
1179
1457
1456
1259
773
-81
-1003
-1492
-1388
-1029
-889
-866
-512
151
623
640
457
351
204
61
89
263
429
396
318
29
-302
-541
-701
-819
-1052
-1086
-839
-333
180
553
823
810
501
47
-334
-459
-436
-383
-402
-360
-106
201
307
186
-117
-440
-605
-621
-538
-445
-276
-85
83
239
274
171
-75
-326
-495
-495
-317
-183
99
176
323
351
351
201
-70
-292
-667
-1116
-1485
-1648
-1497
-142
1991
3452
3330
2393
1867
1459
985
420
97
-15
-518
-889
-523
347
749
351
-339
-804
-908
-799
-595
-355
-43
139
364
957
1735
2082
1686
868
63
-610
-1159
-1404
-1328
-1161
-1088
-858
-359
134
289
164
-48
-170
14
447
846
989
1027
1035
800
322
-238
-704
-1066
-1461
-1688
-1544
-1012
-364
200
715
978
822
225
-463
-831
-942
-950
-926
-770
-430
-30
208
300
205
-29
-276
-424
-376
-266
-117
-48
-68
-137
-137
-170
-269
-508
-706
-789
-771
-452
-97
238
415
418
351
195
-91
-551
-1049
-1408
-1729
-1281
700
2851
3660
2709
1581
1303
1116
749
225
173
14
-533
-506
367
1225
1069
223
-462
-687
-761
-887
-885
-530
-46
360
865
1564
1942
1655
979
385
48
-284
-607
-797
-768
-715
-589
-284
37
68
-186
-389
-526
-524
-207
209
479
576
636
746
689
419
111
-186
-590
-1075
-1265
-977
-574
-237
-22
215
324
-27
-592
-936
-1032
-1072
-1125
-950
-519
-80
135
125
0
-169
-412
-573
-570
-450
-202
62
262
412
377
150
-240
-725
-1047
-1402
-1431
-1144
-747
-175
333
702
633
235
-123
-672
-1104
-1843
-1404
949
3361
4062
2781
1753
1277
791
141
-472
-540
-838
-1201
-400
1279
2294
1738
774
321
259
-17
-409
-578
-424
-64
499
1475
2286
2250
1537
697
-55
-775
-1193
-1022
-563
-292
-22
630
1312
1356
846
271
-176
-677
-929
-656
-144
233
294
406
610
576
344
1
-275
-664
-1102
-1120
-768
-231
122
365
657
630
65
-737
-1286
-1471
-1525
-1424
-1029
-487
-68
52
66
80
-115
-528
-894
-1005
-877
-635
-349
-128
-75
-136
-293
-472
-597
-784
-949
-953
-826
-606
-302
-107
-249
-562
-1022
-1353
-1761
-1042
1405
3658
4183
2744
1803
1595
952
-132
-886
-603
-687
-1326
-957
453
1343
646
-298
-315
242
465
244
105
200
428
797
1678
2456
2359
1692
1116
656
-154
-1058
-1492
-1325
-966
-481
373
1362
1761
1503
1119
870
612
402
493
661
612
501
521
420
-60
-643
-864
-792
-761
-784
-579
-134
290
375
326
321
-12
-700
-1388
-1597
-1463
-1427
-1375
-1144
-530
129
473
537
323
-122
-632
-928
-932
-859
-868
-893
-855
-699
-624
-798
-1081
-1607
-1992
-2042
-1570
-903
-575
-291
-203
-290
-735
-1437
-1881
-817
1842
3758
3747
2524
1936
1580
557
-580
-1149
-1016
-1689
-2300
-1273
636
1491
920
585
782
648
91
-171
88
204
92
465
1666
2635
2523
1896
1363
680
-372
-1073
-1002
-630
-318
141
839
1346
1373
1129
810
347
-84
-26
613
1169
1390
1477
1604
1472
889
271
-135
-572
-1039
-1217
-782
-92
341
477
602
679
199
-796
-1645
-1904
-1867
-1867
-1707
-1267
-624
-233
-106
-142
-221
-463
-730
-694
-466
-236
-155
-169
-213
-472
-820
-1325
-1860
-2193
-2450
-2300
-1967
-1507
-1187
-1165
-1326
-1752
-2150
-890
2270
4567
4308
2530
1890
1958
1024
-183
-708
-610
-1703
-2892
-1992
-32
482
-549
-992
-446
-272
-721
-415
854
1679
1428
1278
2174
2930
2499
1718
1271
646
-586
-1416
-1052
-322
-165
-166
518
1389
1611
1451
1624
1695
1306
998
1337
1729
1525
1031
653
491
277
78
3
-100
-324
-479
-177
410
840
1010
1100
1051
523
-308
-1050
-1361
-1579
-1759
-1592
-1106
-537
-203
-107
-71
-209
-563
-809
-796
-574
-436
-308
-200
-161
-259
-466
-1053
-1792
-2580
-2798
-2590
-2279
-1766
-1361
-999
-1062
-1328
-1022
1221
3612
4001
2493
1366
1360
925
248
-11
328
-438
-2506
-3000
-1312
72
-526
-1328
-799
-13
117
90
571
813
366
-57
621
1694
1901
1636
1697
1598
648
-294
-358
-248
-761
-1149
-509
651
1201
1133
1211
1293
995
705
1165
1861
1907
1577
1481
1471
1250
924
757
585
250
-164
-319
-69
241
438
609
758
511
-150
-825
-1124
-1247
-1553
-1790
-1621
-1052
-513
-187
25
266
305
67
-185
-361
-466
-591
-711
-841
-993
-1118
-1169
-1202
-1553
-2010
-2361
-2618
-2681
-2887
-2708
-2887
-2247
804
4074
5368
3577
1924
1494
504
-439
-724
265
3
-1808
-2184
-466
824
-268
-1694
-1877
-1641
-1947
-1706
-450
433
251
105
1150
2199
1975
1430
1360
1062
67
-509
208
963
627
30
217
532
291
103
659
955
345
-82
499
1458
1739
1588
1561
1514
1254
1067
1177
1176
705
296
541
1098
1452
1468
1372
1117
406
-522
-1265
-1505
-1528
-1598
-1468
-1020
-433
-118
-78
-107
-222
-366
-471
-227
116
137
-104
-335
-376
-537
-1093
-1869
-2447
-2822
-2756
-2492
-2037
-1876
-1961
-2413
-1355
1793
4210
3748
1174
199
180
-334
-788
-243
924
-125
-2316
-2339
-489
237
-1173
-1993
-1297
-616
-747
-542
134
277
-465
-960
-27
1042
1055
516
168
-5
-298
-308
2
22
-233
-41
635
1369
1840
2143
2245
1757
936
582
895
1102
697
336
476
801
721
422
337
434
583
637
1159
2111
2785
2814
2602
2408
1691
214
-1116
-1540
-1372
-1369
-1481
-1204
-687
-356
-433
-504
-451
-489
-356
194
1149
1833
1870
1487
747
49
-708
-1626
-2536
-3464
-3981
-4207
-3752
-3270
-1199
2494
4547
3519
581
30
514
181
-138
680
2032
616
-1915
-2059
-600
-1061
-3263
-3717
-1999
-871
-1181
-528
1025
1332
-291
-1374
-66
1265
790
-155
-103
89
-981
-2085
-1699
-908
-884
-909
-5
1284
1733
1507
1416
1552
1544
1567
1876
2040
1649
1140
899
532
-32
-377
-322
-217
-253
-154
512
1419
1870
1916
2163
2640
2421
1373
564
396
359
-210
-848
-834
-599
-731
-1154
-1129
-822
-936
-1106
-805
20
646
926
1083
1122
1063
466
-403
-1150
-1856
-2136
-2327
-2385
-408
2932
4835
2849
-726
-1472
-1153
-1242
-1099
677
2442
362
-2507
-2177
-85
-532
-3078
-3333
-1080
60
-458
-65
947
307
-1876
-2299
-280
876
382
200
602
-176
-2309
-3142
-2118
-1264
-1250
-765
512
1192
767
269
151
-234
-621
-5
1541
2635
2674
2342
1929
916
-407
-1099
-898
-552
-511
-81
884
1630
1553
1044
968
1023
608
103
179
800
999
495
31
-12
66
-269
-486
-366
-183
-518
-911
-759
-511
-341
-321
12
310
172
-169
-565
-1033
-1446
-1999
-1400
2183
6173
6923
3174
-357
-684
-477
-780
-184
2132
2395
-1329
-3899
-2104
-165
-1677
-3695
-2335
146
126
-511
615
1389
-531
-2890
-1735
1291
2175
1373
1370
1432
-620
-3404
-3932
-2782
-2583
-2750
-1664
26
319
-533
-702
-349
-506
-523
934
2784
3034
1856
1098
930
331
-453
-297
622
702
-290
-779
-343
-237
-928
-1073
102
1274
1278
786
869
1064
381
-610
-663
137
534
436
518
654
178
-1012
-1534
-1337
-1064
-1058
-827
-126
130
-171
-675
-976
-1117
-1712
-1289
2157
6076
6661
3052
455
812
841
282
1567
4757
4513
-374
-3590
-1988
-348
-1815
-3008
-1028
677
-851
-1843
-576
73
-1856
-3207
-858
2406
3353
2857
2742
1902
-655
-2761
-2137
-410
43
-89
179
-17
-1463
-3145
-3572
-3091
-2649
-1767
32
2092
2827
2049
1196
702
442
514
1183
2056
2051
903
-521
-1265
-1261
-1026
-686
-136
84
-542
-1387
-1479
-914
-449
-369
71
878
1254
699
-209
-781
-1126
-1279
-761
330
759
238
-705
-1276
-1575
-2145
-2330
-1967
-1691
-342
2745
5697
4929
991
-897
40
1061
1691
3777
6039
4024
-1136
-3021
-705
719
-729
-1156
1146
1753
-683
-1914
-667
-526
-2836
-3336
80
3106
2667
1182
1161
982
-658
-1428
377
2187
1808
643
366
249
-884
-1908
-1721
-950
-825
-1166
-1068
-795
-1014
-1466
-1096
176
1362
1846
1941
1827
1251
270
-487
-257
470
757
691
589
85
-1365
-2965
-3209
-2192
-1252
-737
-108
655
531
-654
-1505
-1490
-1277
-1236
-716
221
473
-226
-1115
-1430
-1478
-1671
-1701
-1643
-1422
74
2740
4272
2346
-389
-517
404
632
1270
3746
4669
1063
-2886
-2293
735
1239
-317
-100
919
-758
-3072
-2024
759
1049
-651
-304
1826
1997
94
-964
-336
-25
-260
814
2670
2878
1356
58
-152
-86
-58
492
1323
1463
596
-443
-922
-1145
-1554
-1556
-919
-245
150
599
1218
1328
895
680
972
1484
1480
1041
709
312
-455
-1228
-1172
-642
-703
-1607
-2341
-2385
-2319
-2288
-1751
-426
269
-143
-751
-678
-615
-1091
-1201
-755
-459
-817
-1339
-1774
-1144
499
1813
823
-959
-759
758
1733
1938
3157
3838
1594
-1451
-1203
1433
1950
136
-473
-114
-1866
-4321
-4014
-1581
-676
-1370
-748
878
1058
-176
-377
610
658
159
1254
3237
3327
1439
200
442
836
882
1165
1574
956
-549
-1352
-949
-461
-447
25
921
854
-236
-899
-608
-35
406
1175
2220
2716
2215
1368
1086
1011
827
673
841
772
117
-458
-968
-1575
-2018
-2012
-1524
-1263
-1577
-2066
-2483
-2399
-2122
-1602
-670
190
389
195
-257
-29
1336
2776
2621
325
-984
-529
410
765
1475
2564
1562
-1495
-2817
-557
1932
1662
509
658
206
-1670
-2643
-1501
-701
-1491
-1919
-1144
-715
-1534
-2223
-1573
-687
-316
241
1368
1890
998
244
531
1342
1970
2614
2956
2307
836
-319
-489
-176
-34
-19
126
-141
-932
-1560
-1460
-1094
-803
-218
605
1261
1366
959
660
688
1012
1337
1640
1921
1794
1200
441
-166
-305
-240
-354
-708
-1035
-1324
-1658
-2003
-2143
-2293
-2265
-2105
-1910
-1908
-1781
-126
2125
3037
1148
-567
273
2226
3063
3508
4626
4068
421
-2613
-1528
1295
1886
709
499
18
-2244
-4265
-3365
-1358
-1103
-1553
-931
-297
-1374
-2848
-2622
-1519
-994
-538
706
1720
1137
-4
-429
-144
266
931
1972
2357
1677
702
244
477
695
785
946
1050
887
244
-488
-903
-1004
-1039
-1176
-1215
-898
-468
-256
-123
-36
-211
-503
-499
192
1117
1758
1891
1520
849
131
-466
-643
-678
-734
-640
-599
-690
-1287
-1808
-2254
-1841
-116
1728
1659
-251
-1277
-539
526
1303
2579
3825
2729
-36
-925
1114
3034
2746
2218
2255
1167
-1039
-1527
122
883
-408
-1763
-1954
-1991
-2677
-2864
-2234
-1846
-2187
-2348
-1769
-1388
-1423
-958
125
1058
1588
1864
1801
1095
571
805
1559
2002
1861
1530
1107
338
-569
-825
-445
-184
-468
-672
-556
-468
-698
-1038
-1096
-1127
-1393
-1670
-1534
-1108
-685
-306
85
133
-150
-276
-270
-218
-190
70
373
334
-171
-932
-1282
-1153
-1149
-905
366
1802
924
-1417
-1818
323
2085
2094
2614
3602
2509
-451
-992
2016
4115
3068
1797
1740
675
-1851
-2247
180
1662
742
-385
-256
-726
-2202
-2337
-624
535
-85
-780
-655
-913
-1631
-1315
-61
349
-277
-531
-63
271
305
759
1718
2264
2139
1749
1487
1276
1041
1228
1638
1650
909
-326
-1490
-1887
-1326
-510
-267
-698
-1420
-2298
-2949
-2633
-1340
-216
-377
-1228
-1518
-1181
-972
-866
-384
44
-430
-1251
-1249
-451
78
-97
-271
-410
-694
-569
267
640
-310
-1224
-538
670
1134
1375
1927
1408
-464
-1021
1297
3836
3798
2545
1879
1208
-227
-572
1078
2248
1152
-574
-1242
-1398
-1838
-1678
-395
286
-598
-1779
-1897
-1371
-981
-329
668
1044
621
302
594
1018
1034
942
1211
1586
1536
1185
1046
1278
1473
1481
1550
1582
1326
769
383
475
651
495
188
-107
-678
-1581
-2123
-1766
-1128
-986
-1400
-1931
-2217
-2230
-1866
-1191
-701
-893
-1520
-1882
-1604
-998
-525
-375
-605
-869
-1087
-1127
-369
1131
1831
562
-1119
-1048
255
896
1085
1718
1627
-163
-1506
71
2687
3024
1645
978
736
-425
-1069
419
1933
1116
-558
-849
-521
-992
-1326
-571
-83
-968
-1795
-1227
-472
-742
-1149
-675
-153
-442
-575
71
677
668
616
1101
1556
1473
1333
1613
2105
2148
1852
1715
1691
1486
1230
1287
1539
1611
1219
514
-228
-665
-648
-422
-307
-442
-772
-1092
-1355
-1542
-1452
-1194
-1112
-1386
-1661
-1617
-1453
-1498
-1576
-1402
-1152
-1360
-1790
-1790
-1155
-98
978
1357
383
-891
-903
409
1549
2085
2390
1830
0
-1345
-108
2298
2926
1770
876
302
-849
-1419
-19
1547
997
-553
-915
-709
-1332
-1898
-1203
-391
-994
-1932
-1803
-1282
-1440
-1667
-1048
-295
-449
-801
-515
-73
-100
-172
491
1355
1508
1112
1070
1444
1557
1271
1153
1354
1389
1238
1382
1867
2033
1527
963
849
819
507
222
347
392
-123
-833
-1022
-815
-888
-1252
-1448
-1372
-1481
-1714
-1561
-1012
-707
-918
-1110
-1023
-902
-993
-828
-551
-373
-83
480
552
-315
-842
24
1328
1662
1647
1940
1638
154
-331
1472
3337
2897
1445
932
647
-369
-655
777
1779
512
-1508
-1859
-1212
-1155
-1254
-533
-45
-1066
-2461
-2469
-1389
-798
-840
-785
-662
-1152
-1809
-1502
-359
470
571
438
288
-42
-189
479
1472
1909
1679
1332
1026
595
347
763
1539
1822
1492
1035
753
485
363
745
1325
1351
590
-391
-926
-1045
-940
-741
-670
-1034
-1778
-2184
-1931
-1361
-1108
-1214
-1383
-1488
-1410
-1064
-398
81
-4
5
558
770
-12
-698
151
1524
1791
1527
1853
1815
291
-725
1084
3876
4161
2371
1179
883
37
-464
1080
2843
1973
-613
-1802
-1231
-800
-751
-198
50
-1176
-2706
-2675
-1540
-1016
-1194
-1209
-1229
-1790
-2109
-1461
-572
-403
-575
-417
-180
-231
-146
349
765
826
851
1011
921
605
575
1072
1660
1750
1344
925
615
441
666
1004
1140
997
589
-143
-688
-425
32
-204
-975
-1406
-1530
-1732
-1821
-1430
-1120
-1721
-2635
-2586
-1732
-1230
-1188
-927
-605
-830
-1029
-12
1336
1153
-90
-204
1070
1732
1440
1736
2593
2055
497
667
2767
3650
2419
1517
1809
1534
629
1093
2500
2126
52
-920
-232
145
-456
-541
-129
-925
-2448
-2599
-1362
-828
-1393
-1555
-1274
-1783
-2421
-1893
-633
-52
-326
-600
-627
-684
-660
-46
797
1096
757
381
272
432
896
1336
1366
1184
1150
1049
776
675
1029
1246
800
315
455
624
67
-577
-483
-173
-599
-1320
-1459
-1251
-1445
-1817
-1804
-1691
-2016
-2464
-2489
-2162
-1830
-1515
-1228
-1427
-1803
-1706
-756
471
891
333
-238
247
1310
1797
1847
2038
1930
890
252
1562
3573
3578
1809
746
954
1056
1030
1937
2752
1690
-394
-1010
3
665
417
388
402
-668
-2091
-2207
-1137
-542
-767
-1047
-1209
-1677
-2070
-1601
-635
-201
-446
-662
-622
-594
-422
193
891
1028
598
214
94
200
574
1218
1740
1650
1140
659
535
782
1231
1635
1600
1187
734
374
202
333
520
229
-577
-1322
-1537
-1377
-1292
-1361
-1525
-1945
-2438
-2620
-2264
-1798
-1613
-1582
-1608
-1630
-1613
-1527
-1203
-441
381
544
-128
-597
-42
948
1383
1485
1724
1638
679
77
1106
2730
2911
1719
1066
1295
1318
1098
1659
2478
1961
288
-509
204
1000
906
549
320
-377
-1417
-1722
-893
-91
-210
-925
-1497
-1749
-1835
-1574
-924
-384
-521
-1103
-1361
-977
-330
156
431
534
355
52
115
694
1349
1639
1617
1426
1069
746
912
1486
1822
1671
1352
1097
769
459
563
914
906
347
-340
-775
-1012
-1128
-1048
-973
-1182
-1695
-2179
-2367
-2206
-1889
-1770
-1858
-2023
-2091
-1956
-1701
-1363
-851
-169
96
-516
-1270
-1010
254
1190
1176
862
766
339
-219
385
2236
3240
2262
911
811
1374
1564
1949
2694
2536
932
-357
37
1014
1194
921
745
59
-1251
-1837
-989
77
61
-707
-1325
-1781
-2175
-1971
-992
-188
-419
-1207
-1627
-1512
-1109
-471
326
804
553
-50
-262
208
1025
1747
2121
2012
1458
830
731
1352
2108
2311
1959
1449
987
612
551
937
1320
1148
493
-86
-274
-346
-499
-571
-641
-1044
-1777
-2308
-2220
-1852
-1796
-2046
-2288
-2383
-2451
-2407
-2023
-1560
-1414
-1370
-1000
-657
-915
-1259
-734
351
788
538
504
749
537
245
1106
2545
2664
1391
583
1010
1495
1480
1777
2293
1778
345
-253
478
1099
781
290
16
-652
-1512
-1479
-536
-31
-634
-1473
-1813
-1919
-1920
-1459
-665
-429
-1078
-1791
-1773
-1193
-627
-246
142
400
197
-149
132
1051
1706
1635
1343
1333
1439
1458
1723
2320
2575
2048
1321
1172
1417
1498
1490
1659
1625
980
162
-83
129
70
-318
-570
-733
-1230
-1786
-1775
-1378
-1368
-1864
-2267
-2352
-2406
-2350
-1892
-1321
-1281
-1756
-1981
-1481
-587
-112
-324
-679
-503
138
652
834
915
939
630
258
760
2054
2662
1857
823
723
1081
1138
1285
1729
1507
265
-673
-226
626
554
-13
-179
-407
-1218
-1752
-1254
-574
-785
-1399
-1456
-1247
-1455
-1692
-1292
-661
-696
-1119
-1073
-663
-511
-500
-54
610
762
448
415
826
1208
1388
1685
2087
2124
1750
1506
1688
1957
2000
1917
1929
1836
1469
1068
949
1017
899
610
455
403
81
-459
-733
-711
-838
-1191
-1322
-1143
-1179
-1568
-1839
-1737
-1615
-1674
-1629
-1384
-1282
-1455
-1476
-1216
-907
-514
13
177
-359
-748
-157
717
817
484
565
722
203
-149
822
2085
1771
327
-195
478
782
490
686
1197
716
-572
-927
-62
432
-87
-533
-430
-635
-1347
-1540
-876
-390
-791
-1364
-1362
-1131
-1134
-1085
-688
-419
-656
-961
-741
-188
216
475
730
844
645
518
887
1483
1773
1710
1597
1476
1279
1224
1521
1892
1889
1518
1169
1076
1089
1059
1087
1211
1172
741
196
-23
76
150
51
-116
-358
-717
-992
-904
-608
-541
-766
-1040
-1248
-1417
-1339
-930
-608
-785
-1212
-1307
-1071
-894
-796
-431
17
-113
-858
-1287
-730
174
481
246
91
-3
-485
-916
-327
984
1460
532
-457
-436
24
199
395
837
704
-343
-1149
-755
156
432
135
-209
-644
-1256
-1490
-904
-81
73
-449
-943
-1057
-952
-682
-130
469
505
-88
-592
-400
215
677
908
1027
802
214
-65
432
1259
1582
1337
991
740
534
571
1065
1641
1675
1140
650
571
732
926
1167
1382
1210
618
129
126
350
392
308
247
-16
-593
-1003
-874
-573
-592
-823
-949
-1087
-1366
-1427
-1055
-710
-817
-1131
-1246
-1218
-1252
-1214
-938
-530
-314
-480
-970
-1375
-1137
-289
357
232
-254
-492
-620
-788
-360
819
1516
736
-493
-639
107
593
678
904
915
105
-758
-443
595
879
291
-151
-233
-485
-771
-377
399
494
-181
-668
-560
-404
-383
-59
493
534
-61
-506
-318
175
515
735
877
686
228
-17
284
853
1212
1231
1044
757
525
550
876
1267
1364
1099
764
639
701
835
1004
1141
997
482
-9
-35
299
452
301
37
-261
-636
-889
-770
-459
-366
-614
-942
-1164
-1226
-1097
-791
-568
-641
-935
-1216
-1288
-1094
-819
-688
-770
-1003
-1069
-774
-395
-417
-824
-998
-587
-11
171
42
-55
-175
-470
-402
472
1354
1096
-25
-575
-32
642
729
641
681
368
-333
-468
355
1039
708
-20
-259
-108
-76
-17
386
679
313
-256
-229
284
535
364
299
425
329
47
58
452
638
359
157
321
432
201
78
406
772
703
487
536
650
551
471
711
942
785
474
435
572
540
414
462
542
325
-63
-182
13
154
81
-42
-124
-286
-497
-534
-351
-201
-325
-556
-691
-739
-786
-782
-683
-697
-909
-1139
-1117
-857
-659
-665
-793
-907
-975
-965
-721
-242
42
-284
-934
-1115
-564
105
270
29
-214
-480
-708
-434
496
1265
952
-39
-548
-187
448
852
1071
1040
481
-253
-315
473
1229
1133
428
-117
-277
-225
44
519
781
404
-297
-568
-260
84
125
80
129
96
-100
-188
-5
223
279
273
352
392
261
111
193
471
651
584
393
205
90
147
410
674
645
300
-12
8
241
469
619
611
335
-95
-269
-12
293
294
98
-74
-291
-574
-646
-391
-165
-298
-581
-671
-628
-659
-714
-659
-556
-608
-793
-872
-741
-586
-582
-647
-646
-643
-759
-843
-676
-320
-71
-78
-278
-587
-797
-587
-15
394
299
-103
-427
-599
-538
-42
659
838
162
-666
-758
-181
398
671
640
274
-334
-604
-74
771
1087
735
271
36
-15
142
640
1188
1208
649
132
137
462
711
818
874
747
382
72
125
440
630
569
436
306
144
31
127
344
407
254
108
76
28
-83
-111
9
112
58
-27
-22
-12
-59
-41
159
354
284
15
-138
-18
167
269
358
400
238
-110
-296
-126
160
202
-41
-320
-482
-523
-470
-357
-293
-373
-597
-805
-817
-660
-543
-650
-869
-1052
-1102
-1045
-965
-964
-1072
-1056
-923
-858
-972
-1222
-1266
-889
-378
-166
-303
-460
-546
-571
-294
374
1007
1049
474
15
216
772
1171
1340
1376
1113
588
310
699
1379
1611
1250
783
534
471
584
913
1257
1172
624
145
97
321
463
463
439
313
5
-278
-273
-26
136
81
-34
-89
-136
-203
-152
15
170
232
252
290
273
209
229
380
535
597
611
564
408
246
291
504
623
527
297
87
-60
-125
-67
46
10
-269
-628
-794
-729
-646
-704
-839
-948
-1084
-1286
-1358
-1186
-1009
-1066
-1248
-1268
-1167
-1144
-1130
-942
-750
-816
-974
-829
-474
-320
-402
-468
-288
15
145
10
-136
-93
66
247
424
542
533
307
-1
22
542
1100
1132
709
302
218
337
538
836
1075
885
287
-128
42
519
808
771
549
290
74
58
349
698
806
649
458
426
488
545
578
669
780
774
661
545
475
459
481
554
623
546
281
0
-75
32
154
152
-21
-274
-520
-677
-667
-504
-342
-383
-594
-780
-852
-837
-767
-622
-477
-500
-701
-895
-904
-755
-577
-459
-446
-572
-763
-859
-711
-435
-289
-334
-439
-503
-517
-443
-263
-106
-95
-175
-266
-250
-151
-109
-42
50
7
-202
-352
-256
-116
-95
-133
-237
-324
-352
-347
-254
-150
-175
-359
-519
-428
-163
41
54
-34
-93
-102
9
311
664
830
745
581
563
697
880
1094
1307
1366
1186
917
839
1034
1306
1420
1328
1106
844
687
718
868
963
872
618
380
247
173
140
135
117
-4
-215
-397
-473
-479
-512
-569
-594
-624
-693
-794
-866
-876
-851
-746
-618
-597
-720
-838
-782
-630
-479
-339
-222
-260
-440
-461
-212
50
112
59
39
18
-97
-146
31
234
205
7
-126
-152
-158
-148
-103
-94
-191
-325
-386
-381
-398
-414
-359
-351
-428
-485
-453
-382
-348
-354
-377
-283
-166
-154
-233
-269
-155
4
52
-8
-33
45
93
142
329
496
427
221
176
356
570
676
762
784
640
439
477
791
1062
1086
947
815
725
702
802
972
1005
812
562
459
514
558
531
480
410
280
101
22
86
142
68
-73
-177
-251
-310
-327
-299
-316
-427
-534
-545
-493
-484
-536
-584
-578
-526
-482
-434
-405
-426
-498
-498
-374
-245
-228
-301
-352
-339
-287
-224
-137
-66
-81
-141
-147
-81
-13
44
91
79
9
-49
-49
-41
-70
-86
-47
-40
-161
-335
-388
-293
-202
-196
-217
-218
-284
-404
-403
-235
-32
25
-49
-103
-77
-2
109
262
394
388
307
337
488
586
574
551
574
595
576
577
628
638
554
481
517
593
547
398
305
323
379
382
346
303
221
108
44
99
184
150
11
-119
-182
-205
-205
-184
-191
-272
-387
-449
-432
-397
-388
-389
-381
-411
-477
-507
-485
-465
-479
-470
-419
-430
-494
-493
-413
-355
-375
-391
-330
-286
-303
-313
-259
-229
-284
-315
-275
-236
-267
-300
-294
-285
-293
-293
-250
-216
-239
-263
-256
-227
-168
-106
-87
-100
-77
-23
16
18
23
57
93
108
134
178
219
230
237
259
289
346
404
437
441
470
542
593
582
587
665
721
699
704
785
839
763
659
685
779
771
665
601
589
514
377
323
363
326
157
15
6
14
-61
-138
-162
-187
-283
-380
-386
-344
-364
-442
-472
-465
-489
-566
-612
-597
-572
-573
-581
-560
-562
-583
-570
-510
-452
-442
-447
-448
-448
-442
-401
-315
-266
-289
-326
-318
-281
-271
-276
-231
-178
-193
-236
-227
-176
-148
-126
-74
-17
-53
-159
-195
-129
-57
-37
-31
-18
-24
-67
-103
-51
44
91
92
89
122
144
138
171
255
350
384
382
416
463
493
535
606
675
685
660
683
757
808
784
732
713
691
658
646
676
701
658
570
501
488
499
500
482
442
367
271
239
287
291
189
91
50
19
-51
-126
-131
-135
-218
-322
-348
-316
-325
-368
-395
-407
-438
-477
-466
-419
-416
-451
-471
-470
-462
-473
-478
-457
-434
-432
-456
-462
-427
-401
-407
-418
-403
-370
-393
-446
-460
-439
-420
-428
-439
-446
-440
-439
-433
-394
-341
-313
-320
-319
-270
-210
-176
-160
-116
-48
-4
24
77
159
215
229
269
343
388
389
409
493
531
486
452
496
559
539
504
530
579
566
524
521
561
577
562
566
577
556
495
456
480
507
479
424
367
332
309
292
280
269
238
167
110
92
121
151
134
68
-1
-36
-48
-41
-33
-42
-75
-133
-182
-212
-234
-239
-221
-214
-262
-343
-374
-360
-372
-421
-444
-436
-455
-489
-500
-490
-513
-569
-567
-501
-457
-470
-496
-486
-470
-489
-484
-419
-371
-360
-388
-377
-337
-302
-257
-237
-238
-259
-270
-249
-209
-185
-191
-216
-228
-204
-170
-152
-136
-98
-61
-53
-72
-41
16
40
60
86
126
136
120
140
186
229
241
244
271
313
348
367
376
388
414
461
489
473
462
469
503
539
547
541
528
520
499
485
494
488
437
372
353
355
328
278
229
187
129
52
9
-9
-51
-119
-175
-197
-246
-323
-361
-340
-319
-362
-423
-449
-447
-444
-444
-420
-396
-401
-417
-412
-387
-353
-317
-283
-252
-248
-245
-241
-232
-198
-154
-106
-83
-91
-116
-111
-75
-25
14
32
22
-4
-11
-7
-3
18
48
63
45
3
-16
18
56
62
73
94
75
16
-9
51
110
112
101
124
147
123
113
176
275
300
263
250
295
344
371
396
407
376
337
334
376
417
424
400
361
317
301
300
306
295
245
193
135
96
65
39
2
-38
-67
-90
-116
-155
-197
-232
-251
-264
-255
-246
-250
-275
-304
-305
-297
-286
-270
-251
-242
-243
-244
-246
-244
-228
-202
-174
-161
-173
-189
-189
-165
-160
-173
-190
-192
-174
-160
-173
-192
-194
-187
-195
-203
-194
-196
-192
-167
-140
-132
-171
-188
-148
-110
-97
-99
-65
-27
-19
-7
33
82
96
109
142
192
235
265
302
348
391
438
486
509
508
533
588
614
610
603
600
592
582
581
589
558
500
461
449
429
385
345
315
290
258
216
165
107
69
63
45
-6
-59
-92
-123
-167
-183
-176
-195
-246
-293
-308
-317
-320
-306
-294
-314
-359
-391
-362
-305
-288
-297
-316
-332
-330
-314
-276
-234
-225
-246
-269
-280
-261
-233
-213
-217
-248
-275
-297
-308
-303
-279
-271
-300
-336
-360
-378
-396
-391
-364
-349
-371
-406
-413
-408
-399
-379
-329
-300
-309
-310
-259
-198
-183
-175
-126
-51
-9
13
41
83
95
103
165
262
324
339
349
371
394
420
463
519
554
543
525
525
544
565
581
591
583
548
498
484
511
531
505
438
380
342
299
280
277
266
210
136
95
85
82
69
48
15
-31
-68
-80
-91
-101
-106
-119
-137
-165
-177
-195
-215
-209
-195
-203
-243
-267
-260
-248
-256
-263
-270
-290
-313
-311
-283
-269
-282
-298
-300
-296
-302
-312
-306
-298
-305
-300
-287
-279
-281
-274
-246
-220
-219
-233
-232
-208
-176
-154
-130
-111
-104
-87
-47
-5
19
38
57
80
96
102
118
144
156
168
201
231
232
219
219
244
275
287
294
308
314
278
253
284
331
347
324
290
267
262
258
278
298
277
226
186
172
177
174
174
150
106
72
66
86
88
64
25
0
-11
-8
0
8
-1
-33
-61
-76
-67
-63
-70
-84
-98
-125
-150
-155
-144
-133
-138
-139
-154
-171
-174
-161
-138
-136
-142
-143
-139
-151
-153
-136
-124
-129
-149
-162
-153
-135
-120
-107
-97
-95
-112
-114
-88
-58
-46
-51
-51
-50
-50
-35
-1
38
56
61
61
69
76
93
137
171
176
167
174
201
219
241
272
298
297
265
257
290
323
326
312
315
313
298
293
302
309
291
261
233
221
206
176
164
152
130
103
74
53
22
-6
-19
-31
-62
-89
-113
-146
-175
-185
-173
-174
-205
-232
-254
-272
-270
-263
-241
-222
-234
-256
-254
-233
-215
-217
-219
-231
-238
-227
-203
-180
-196
-225
-246
-237
-224
-221
-213
-201
-210
-233
-232
-206
-181
-181
-189
-176
-164
-166
-161
-138
-117
-113
-125
-126
-107
-77
-54
-27
4
18
10
12
37
77
107
123
142
150
146
162
203
244
264
262
267
272
275
291
325
342
327
315
309
312
295
278
268
254
221
193
192
195
188
161
142
120
93
71
62
71
71
38
-8
-30
-32
-35
-50
-68
-73
-88
-118
-131
-116
-106
-118
-140
-146
-155
-183
-210
-207
-196
-212
-241
-260
-250
-245
-245
-254
-268
-287
-303
-287
-265
-258
-267
-272
-264
-269
-272
-258
-253
-256
-252
-238
-227
-216
-210
-214
-207
-207
-199
-163
-136
-131
-131
-134
-135
-116
-86
-51
-26
-18
-16
-4
28
58
83
105
122
139
152
166
193
237
258
259
276
296
315
326
344
374
379
372
377
403
429
428
437
447
443
428
421
426
434
430
418
391
357
336
337
343
325
289
248
212
180
161
161
140
96
48
7
-32
-62
-84
-100
-128
-187
-240
-263
-268
-270
-284
-305
-325
-358
-381
-384
-373
-369
-385
-384
-381
-382
-378
-363
-341
-328
-324
-307
-278
-258
-245
-226
-202
-198
-203
-188
-157
-145
-146
-138
-123
-111
-111
-99
-78
-78
-76
-66
-46
-37
-36
-25
-10
5
12
17
25
31
49
73
82
100
116
135
159
193
229
255
266
267
285
313
343
373
395
409
415
404
403
414
451
481
472
435
408
406
403
393
386
386
363
327
292
282
284
256
220
186
160
140
107
83
76
65
33
-9
-36
-49
-62
-81
-95
-102
-120
-145
-167
-179
-183
-196
-207
-220
-239
-266
-294
-299
-300
-312
-326
-340
-347
-357
-364
-368
-371
-386
-401
-405
-397
-382
-375
-381
-390
-395
-400
-387
-366
-338
-329
-330
-320
-307
-290
-266
-238
-209
-185
-161
-140
-107
-69
-34
0
28
52
80
105
128
157
186
215
229
243
257
282
306
309
299
290
290
293
299
305
294
269
247
230
228
231
227
214
183
161
151
146
131
124
119
100
72
56
61
67
61
50
41
26
18
14
28
31
27
8
-14
-26
-32
-28
-23
-26
-44
-52
-65
-73
-67
-59
-55
-71
-88
-101
-115
-113
-109
-102
-100
-123
-145
-159
-160
-156
-155
-161
-179
-198
-213
-217
-215
-218
-210
-216
-223
-222
-224
-213
-200
-190
-173
-160
-166
-165
-148
-122
-101
-83
-66
-59
-44
-31
-14
11
30
54
84
103
113
126
136
146
156
164
178
190
200
213
219
223
216
214
224
229
227
225
216
204
194
192
190
190
179
169
165
160
157
145
142
133
123
100
84
74
63
57
48
41
25
7
-7
-4
-5
-15
-25
-33
-39
-47
-59
-71
-77
-84
-87
-98
-111
-121
-120
-123
-123
-114
-110
-123
-146
-158
-165
-167
-162
-154
-153
-164
-172
-165
-163
-158
-156
-149
-135
-126
-114
-110
-105
-93
-82
-64
-58
-54
-41
-35
-27
-10
5
27
56
76
83
91
111
133
149
166
177
182
190
195
208
215
214
214
226
233
250
259
260
261
248
243
238
245
237
226
222
208
190
176
166
160
153
130
110
94
94
96
82
70
55
44
33
22
16
12
-4
-24
-27
-31
-31
-26
-36
-53
-82
-92
-86
-75
-62
-68
-80
-105
-121
-123
-119
-117
-136
-148
-158
-159
-150
-144
-147
-163
-179
-183
-189
-187
-179
-176
-181
-201
-213
-219
-218
-218
-222
-215
-219
-224
-225
-223
-209
-196
-185
-183
-172
-163
-158
-146
-132
-119
-110
-90
-80
-71
-53
-32
-8
16
34
55
74
92
109
130
141
144
152
172
198
203
208
225
240
251
248
251
268
283
279
278
283
273
254
244
253
252
233
217
212
196
173
158
142
127
102
80
60
33
12
-3
-17
-34
-57
-85
-105
-115
-125
-137
-150
-158
-179
-200
-217
-215
-217
-225
-222
-223
-232
-249
-254
-241
-225
-226
-224
-225
-231
-222
-215
-198
-188
-195
-198
-188
-181
-168
-158
-148
-139
-140
-137
-125
-106
-87
-75
-70
-58
-48
-39
-25
-9
8
15
8
11
20
29
42
50
58
68
71
72
86
89
94
110
123
129
129
137
151
168
171
169
172
181
181
176
181
186
190
187
183
176
173
176
168
159
145
138
138
136
128
113
90
74
69
60
60
54
43
25
12
-1
-11
-6
-10
-16
-31
-49
-65
-81
-90
-90
-99
-98
-105
-119
-129
-138
-141
-138
-134
-143
-149
-155
-163
-160
-160
-162
-161
-169
-174
-175
-163
-154
-149
-149
-148
-147
-146
-137
-121
-109
-109
-105
-96
-87
-89
-93
-71
-55
-45
-36
-23
-9
-3
14
39
67
86
101
108
120
135
145
162
184
197
208
218
229
234
231
233
241
238
237
248
251
248
240
234
228
222
210
196
190
185
174
168
161
150
139
124
117
109
96
73
54
43
30
17
-1
-9
-9
-18
-22
-35
-50
-55
-56
-52
-51
-60
-66
-75
-78
-84
-95
-98
-95
-92
-102
-96
-96
-100
-97
-93
-93
-105
-113
-118
-117
-116
-118
-116
-120
-126
-130
-134
-121
-121
-127
-134
-136
-124
-123
-119
-113
-107
-98
-89
-80
-72
-77
-83
-84
-77
-65
-54
-50
-50
-49
-42
-29
-17
-13
-1
7
11
24
28
39
44
55
67
77
92
105
117
126
132
144
152
159
166
156
148
136
132
141
151
156
148
140
139
150
161
162
156
136
124
118
111
118
114
107
93
79
64
50
41
34
22
8
-3
-17
-34
-51
-59
-67
-70
-84
-97
-116
-127
-131
-146
-154
-168
-183
-196
-206
-208
-214
-222
-228
-234
-230
-223
-218
-212
-212
-215
-216
-222
-220
-207
-193
-186
-184
-179
-171
-169
-160
-145
-129
-113
-98
-84
-74
-70
-60
-47
-32
-15
0
11
26
43
58
67
68
84
96
114
131
146
164
163
155
153
157
167
174
176
178
178
170
169
171
170
167
158
155
157
150
148
151
149
139
136
132
122
109
98
95
94
82
68
58
49
44
37
38
44
37
13
1
-3
-11
-20
-32
-37
-45
-60
-73
-76
-85
-91
-105
-111
-118
-127
-134
-137
-136
-150
-156
-164
-172
-181
-186
-183
-185
-179
-180
-185
-183
-188
-181
-171
-160
-155
-150
-146
-138
-129
-117
-102
-91
-81
-69
-60
-50
-39
-19
4
11
21
31
48
61
75
93
97
109
124
132
140
152
158
164
172
190
205
215
227
232
228
230
231
241
238
233
235
234
241
234
228
222
219
210
204
202
191
188
176
169
165
149
139
126
110
103
97
90
84
69
60
44
30
25
18
13
5
-7
-20
-29
-42
-47
-61
-68
-77
-97
-109
-121
-129
-136
-145
-152
-158
-169
-175
-179
-178
-180
-187
-181
-181
-180
-180
-178
-170
-169
-175
-173
-158
-146
-140
-133
-129
-121
-111
-97
-81
-68
-67
-61
-49
-44
-29
-27
-16
-4
4
18
30
44
61
73
85
93
93
96
96
110
117
125
128
118
109
106
115
128
136
134
132
122
105
99
98
101
106
97
89
85
80
86
90
88
87
79
74
83
84
77
66
50
39
38
33
26
25
19
11
5
-6
-8
-15
-23
-28
-39
-44
-47
-50
-49
-46
-57
-65
-68
-71
-81
-89
-92
-98
-102
-104
-110
-119
-126
-131
-139
-144
-141
-129
-139
-148
-152
-159
-160
-163
-154
-157
-156
-155
-151
-145
-137
-130
-130
-120
-128
-126
-119
-103
-90
-88
-79
-72
-68
-59
-43
-30
-16
-6
3
8
19
22
26
44
56
57
60
69
76
79
84
89
97
112
116
122
130
139
137
125
119
116
116
106
108
105
101
90
72
78
71
61
55
47
41
31
21
23
26
17
2
-11
-22
-24
-33
-37
-40
-54
-56
-62
-67
-76
-79
-82
-89
-95
-97
-97
-96
-93
-105
-116
-122
-124
-119
-116
-105
-114
-124
-125
-126
-112
-113
-117
-120
-115
-106
-100
-94
-80
-75
-72
-68
-67
-51
-44
-44
-41
-32
-28
-17
-6
0
18
32
39
47
54
68
80
88
105
119
127
135
144
151
152
154
154
159
163
163
168
171
177
184
185
192
193
186
185
195
205
194
188
180
167
161
161
164
165
164
161
151
137
140
148
140
126
116
108
102
92
83
71
54
46
35
26
14
-1
-14
-19
-29
-39
-42
-56
-64
-71
-82
-94
-101
-105
-114
-120
-128
-128
-131
-143
-149
-149
-146
-153
-159
-161
-164
-159
-161
-159
-161
-157
-155
-154
-150
-143
-131
-119
-112
-110
-103
-95
-77
-66
-54
-48
-39
-31
-24
-6
10
21
25
36
50
57
64
73
80
89
88
89
97
106
110
112
121
132
125
117
118
122
125
121
122
122
116
106
100
96
95
90
85
88
72
65
60
51
49
40
33
27
8
2
5
0
-3
-17
-31
-47
-42
-27
-47
-61
-54
-41
-49
-73
-78
-81
-106
-103
-90
-90
-110
-128
-118
-116
-113
-110
-120
-136
-140
-133
-126
-126
-126
-127
-98
-124
-146
-120
-99
-89
-114
-119
-110
-98
-91
-95
-89
-71
-68
-82
-84
-70
-42
-45
-53
-45
-33
-27
-25
-9
-7
-11
-11
-3
-2
4
11
20
40
38
45
51
58
70
73
70
67
76
81
86
85
79
76
84
91
81
81
76
82
87
81
84
85
84
71
70
72
66
55
51
55
46
42
37
27
29
24
21
16
14
12
6
-4
-7
-16
-28
-32
-35
-37
-40
-44
-53
-59
-67
-66
-67
-71
-69
-75
-83
-89
-90
-88
-86
-93
-91
-98
-94
-88
-82
-75
-79
-82
-81
-80
-80
-77
-80
-76
-69
-64
-68
-62
-52
-42
-37
-32
-26
-16
-8
4
8
22
28
30
42
42
50
54
68
73
91
98
98
100
105
120
121
127
130
133
139
135
135
134
135
140
142
151
145
145
142
144
139
141
145
150
146
130
124
171
191
196
513
469
29
-119
264
590
348
386
512
316
-100
-104
514
546
-154
-216
282
18
-486
-192
123
-207
-369
-287
-128
-154
-298
-200
-301
-236
-409
-534
-277
-309
-163
-200
-315
-428
-618
-427
-218
-17
50
-184
-254
-230
-336
-141
131
222
75
-89
8
-81
-21
235
260
170
71
14
29
197
307
221
42
-98
-123
-73
29
74
90
-56
-354
-410
-276
-159
-115
-61
-27
-196
-366
-213
19
84
72
16
18
14
97
255
295
261
164
106
217
378
458
439
377
283
181
189
319
419
364
256
162
96
44
62
111
93
-11
-139
-171
-123
-96
-124
-208
-284
-294
-273
-195
-167
-201
-190
-185
-231
-217
-134
-63
-45
-3
53
-32
-28
59
186
185
101
120
75
59
83
101
64
-13
-77
-120
-96
-71
-106
-195
-209
-235
-291
-269
-232
-203
-239
-261
-256
-273
-280
-239
-175
-157
-155
-129
-93
-70
-9
58
100
117
110
150
194
231
254
258
238
206
221
235
244
235
193
125
94
102
119
115
84
47
-15
-44
-34
-12
17
9
-9
-33
-32
-29
-8
41
27
8
20
69
83
73
87
81
77
68
78
71
47
55
36
15
-15
-52
-48
-51
-24
-28
-84
-116
-128
-118
-147
-156
-132
-164
-188
-195
-184
-201
-213
-174
-184
-206
-197
-161
-163
-184
-159
-129
-133
-149
-121
-89
-101
-114
-89
-73
-82
-82
-55
-73
-90
-52
-54
-79
-98
-75
-58
-50
-46
-24
-17
-50
-41
0
46
65
69
75
85
102
148
189
210
192
187
205
220
238
232
232
220
211
225
235
229
214
205
208
201
200
176
164
170
156
150
126
102
90
84
80
91
88
34
15
34
29
14
48
53
34
45
26
8
19
71
97
74
54
40
44
43
51
47
3
-42
-66
-53
-61
-89
-97
-139
-175
-183
-181
-151
-138
-160
-201
-185
-146
-170
-177
-155
-135
-139
-135
-112
-125
-129
-116
-110
-93
-57
-70
-88
-65
-45
-44
-23
-14
-34
-15
6
36
41
12
38
48
16
4
56
91
67
75
75
53
42
74
117
110
92
112
128
129
128
105
104
130
140
133
129
117
81
84
119
106
57
47
79
61
23
35
36
-2
-45
-3
44
-3
-47
-24
4
-39
-47
-19
8
-5
-38
7
13
-17
-41
-38
-21
-14
-11
-36
-56
-49
-42
-60
-60
-56
-80
-85
-75
-67
-90
-132
-116
-86
-112
-146
-154
-139
-139
-144
-123
-135
-165
-149
-121
-128
-131
-124
-117
-94
-89
-86
-63
-40
-46
-58
-29
-25
-14
5
37
36
-2
20
24
38
43
33
36
22
21
34
53
40
39
32
41
44
59
78
80
79
59
75
63
75
110
117
129
110
114
120
121
136
133
149
145
114
104
123
124
109
100
85
66
55
53
52
37
14
-6
-10
-1
-27
-41
-29
-31
-49
-73
-85
-116
-107
-89
-108
-111
-95
-87
-118
-118
-83
-67
-92
-89
-58
-53
-59
-67
-53
-65
-84
-84
-72
-84
-92
-69
-79
-103
-111
-99
-94
-94
-79
-76
-91
-88
-80
-87
-87
-81
-85
-96
-59
-48
-70
-89
-85
-63
-40
-1
8
6
-2
17
54
56
63
82
85
89
95
90
91
101
126
106
86
111
115
102
96
117
120
84
74
106
108
96
91
79
65
51
76
61
77
87
78
78
85
123
112
98
110
128
113
103
124
115
86
75
97
86
62
62
63
43
6
5
3
-23
-39
-36
-37
-73
-84
-67
-77
-94
-110
-116
-111
-112
-102
-113
-116
-121
-107
-73
-81
-90
-89
-68
-59
-68
-63
-50
-27
-35
-37
-28
-29
-44
-24
-2
-17
-35
-42
-16
-30
-33
-17
-8
9
9
9
-6
6
31
51
57
67
82
83
92
95
118
117
119
140
154
161
165
186
193
179
174
178
192
195
183
180
160
119
94
89
97
87
74
53
39
16
-4
5
-1
-16
-41
-57
-53
-60
-76
-83
-76
-68
-78
-70
-49
-64
-78
-72
-76
-91
-90
-76
-72
-75
-80
-80
-86
-82
-68
-54
-64
-74
-64
-60
-66
-78
-75
-85
-97
-92
-81
-88
-103
-102
-99
-111
-113
-96
-95
-108
-107
-92
-95
-103
-95
-86
-68
-47
-32
-30
-23
-7
7
3
5
10
18
24
34
50
34
19
24
37
34
31
38
35
31
28
28
22
43
58
46
31
46
68
67
75
77
70
71
91
110
116
119
130
136
133
129
122
125
125
127
122
109
94
87
82
84
78
56
28
12
13
-4
-13
-20
-43
-72
-87
-79
-82
-104
-130
-130
-145
-151
-137
-127
-134
-146
-143
-148
-136
-127
-123
-127
-135
-130
-126
-126
-116
-98
-97
-103
-102
-85
-72
-81
-79
-64
-80
-80
-76
-80
-72
-89
-79
-93
-107
-85
-77
-86
-90
-69
-65
-63
-59
-42
-37
-41
-28
-14
-20
-19
2
27
38
33
51
64
80
97
103
104
102
113
115
110
118
123
119
105
101
98
95
100
104
88
72
67
73
64
61
66
62
51
37
40
41
45
41
38
28
24
23
34
52
44
28
21
30
33
33
36
44
43
34
42
47
35
33
36
40
37
25
29
31
25
16
7
-7
-8
-8
-15
-15
-29
-43
-53
-39
-33
-47
-53
-61
-66
-84
-80
-62
-71
-83
-88
-85
-72
-67
-65
-66
-65
-48
-54
-58
-51
-39
-27
-23
-10
-1
0
18
30
41
44
59
72
68
82
103
107
94
89
92
100
102
103
112
105
103
106
105
96
99
114
106
96
97
93
95
88
90
94
79
65
70
80
75
60
52
54
50
38
23
27
24
13
0
-12
-10
-21
-21
-23
-45
-49
-50
-46
-37
-42
-57
-64
-61
-56
-57
-64
-73
-84
-93
-99
-102
-107
-107
-106
-102
-105
-115
-120
-126
-115
-106
-108
-111
-119
-120
-111
-92
-79
-80
-79
-68
-60
-52
-46
-40
-30
-22
-7
1
-3
-4
7
17
18
15
32
38
42
55
62
57
53
59
54
56
66
73
63
51
57
59
53
58
58
42
28
41
53
52
51
45
42
30
34
44
49
49
46
40
31
27
30
43
39
38
34
32
33
27
37
47
37
28
32
21
12
13
13
4
-19
-20
-11
-22
-38
-41
-37
-45
-68
-70
-54
-60
-65
-66
-69
-80
-89
-93
-93
-84
-87
-91
-97
-96
-96
-104
-95
-92
-94
-103
-97
-82
-91
-85
-83
-77
-71
-68
-52
-49
-56
-65
-44
-36
-35
-26
-16
-6
0
4
5
8
7
7
12
15
13
19
33
33
34
41
43
37
44
57
55
56
64
68
62
53
52
56
61
67
58
54
51
53
57
51
39
28
22
26
24
26
19
3
7
6
8
3
-3
-6
-12
-10
-20
-23
-33
-36
-40
-45
-39
-42
-48
-49
-32
-29
-35
-36
-38
-33
-39
-36
-35
-39
-36
-27
-13
-13
-21
-12
-5
-4
-3
-1
7
-3
-2
-1
-4
4
1
15
30
35
34
44
56
51
48
52
54
52
60
64
65
59
48
58
59
63
63
67
72
59
62
58
60
61
65
81
70
66
66
76
80
70
68
67
64
64
63
60
67
74
71
68
67
74
82
87
91
84
72
79
80
77
82
73
70
64
76
75
58
56
55
61
49
45
46
35
24
16
19
16
1
-8
-10
-9
-16
-27
-38
-44
-37
-40
-47
-53
-59
-64
-60
-64
-71
-74
-77
-76
-75
-80
-93
-96
-94
-91
-90
-87
-82
-83
-79
-77
-76
-79
-82
-79
-76
-73
-72
-76
-80
-80
-81
-79
-83
-73
-57
-45
-35
-35
-28
-23
-14
-11
-8
11
19
25
31
38
45
56
64
70
76
72
78
92
99
94
99
90
87
86
81
83
79
80
82
78
65
58
43
37
34
30
21
11
-2
-2
-9
-9
-5
-8
-2
-6
-1
-5
-3
-12
-10
-7
-14
-8
-4
1
-2
-7
-11
-13
-12
-14
-13
-24
-37
-46
-51
-55
-62
-65
-84
-90
-93
-93
-96
-105
-114
-124
-131
-135
-141
-156
-159
-156
-157
-163
-154
-148
-145
-140
-137
-135
-134
-133
-121
-105
-100
-102
-95
-86
-79
-69
-63
-56
-58
-50
-37
-28
-23
-23
-23
-23
-18
-3
9
3
5
23
27
22
20
23
32
38
41
38
40
48
44
58
72
79
79
77
86
96
96
91
90
81
79
77
76
78
78
80
77
68
60
55
55
56
54
42
31
16
8
7
3
-2
-10
-3
-5
-21
-25
-22
-26
-36
-36
-35
-35
-41
-38
-37
-44
-45
-39
-34
-34
-41
-46
-44
-48
-39
-25
-20
-18
-19
-24
-20
-8
-4
-2
4
3
-3
-4
3
7
8
8
13
18
21
30
34
30
42
54
57
65
64
56
49
52
56
59
59
60
65
73
73
70
73
79
87
94
87
90
88
87
89
83
84
90
88
87
85
89
89
92
88
78
72
62
66
61
58
52
39
32
27
23
8
9
10
0
-12
-25
-32
-34
-33
-37
-36
-32
-28
-23
-24
-19
-30
-42
-31
-23
-26
-28
-33
-43
-46
-44
-39
-40
-42
-29
-21
-28
-27
-29
-33
-40
-38
-33
-39
-43
-36
-27
-35
-37
-40
-35
-34
-33
-26
-30
-30
-30
-28
-22
-14
-7
-4
-5
0
7
10
14
13
16
19
25
32
38
35
40
45
37
41
44
50
55
52
54
47
40
34
31
39
44
41
47
38
24
18
18
14
9
18
12
9
8
10
8
5
16
19
26
21
23
23
9
4
0
-8
-8
-13
-15
-18
-23
-19
-21
-15
-12
-15
-21
-26
-30
-38
-45
-55
-57
-64
-63
-57
-65
-65
-66
-66
-78
-79
-70
-75
-78
-82
-84
-80
-88
-81
-75
-74
-74
-80
-76
-70
-65
-65
-62
-65
-67
-68
-68
-65
-68
-61
-53
-47
-39
-35
-31
-28
-30
-23
-24
-22
-20
-24
-20
-14
-16
-13
-19
-18
-7
1
3
11
12
7
6
5
8
9
6
14
26
24
29
30
29
35
35
30
28
27
30
32
42
41
35
31
27
32
29
28
29
26
20
18
15
21
21
23
22
25
22
18
22
20
18
21
22
13
7
-1
-5
-11
-16
-19
-18
-17
-23
-20
-22
-26
-30
-34
-40
-43
-50
-54
-54
-60
-58
-59
-56
-50
-51
-50
-54
-53
-41
-38
-39
-43
-43
-35
-27
-19
-8
2
2
9
20
33
34
30
37
43
55
62
75
77
81
88
94
98
94
98
102
98
97
95
94
88
87
95
97
92
87
84
81
79
79
73
74
67
55
55
61
56
52
47
34
32
27
29
29
26
24
27
20
16
7
1
-2
-5
-1
2
2
-5
-8
-12
-16
-20
-20
-18
-24
-20
-21
-23
-20
-22
-20
-21
-22
-26
-25
-23
-16
22
44
20
2
3
-30
-54
-14
19
12
-1
-20
-47
-68
-59
-43
-24
-9
-24
-44
-39
-31
-33
-39
-27
-22
-32
-21
1
14
3
-9
-4
-2
8
31
45
55
56
42
29
30
26
31
46
48
36
28
34
30
26
27
23
23
31
39
44
53
48
39
34
41
47
50
53
55
58
50
43
46
49
49
40
40
28
21
23
15
13
11
6
-4
-4
-4
-14
-15
-21
-36
-42
-41
-42
-48
-44
-45
-55
-54
-64
-68
-72
-74
-74
-75
-77
-84
-86
-92
-90
-95
-93
-86
-80
-68
-67
-66
-64
-70
-72
-69
-60
-59
-59
-51
-51
-47
-47
-38
-33
-27
-23
-24
-28
-32
-31
-28
-19
-17
-22
-15
-10
-9
-14
-16
-15
-14
-15
-9
-10
-18
-14
-21
-27
-25
-19
-17
-12
-12
-9
-3
-2
-6
-8
-12
-17
-14
-18
-19
-17
-17
-19
-15
-11
-19
-18
-11
-9
-4
-4
4
4
-8
-14
-14
-6
-4
-10
-5
-7
-9
-8
-9
-14
-18
-16
-20
-10
-8
-17
-20
-24
-20
-20
-18
-13
-16
-10
-6
2
-4
-12
-11
-16
-12
-6
-3
-14
-15
-14
-21
-22
-17
-19
-16
-18
-21
-17
-21
-21
-13
-14
-16
-5
1
12
25
23
26
27
28
27
27
26
27
26
30
35
35
38
38
38
48
49
53
62
59
57
56
57
57
54
53
54
60
62
61
64
56
56
59
59
55
57
61
58
55
52
52
45
45
45
50
44
40
37
35
40
40
35
32
22
17
20
22
27
25
22
17
12
11
15
8
-1
-1
-5
-5
-6
-5
-3
-9
-12
-9
-20
-25
-31
-41
-39
-42
-41
-38
-35
-33
-33
-28
-25
-22
-15
-10
-4
0
1
-3
-4
-5
-6
1
-1
-2
0
9
13
14
13
10
12
14
19
23
27
24
24
24
30
29
34
45
47
50
52
57
60
71
66
68
70
73
82
90
90
87
79
73
76
75
79
77
87
85
79
78
73
70
63
56
48
44
37
28
28
23
18
9
-2
-4
-2
-3
-2
-5
-15
-23
-35
-41
-43
-46
-51
-59
-66
-64
-64
-62
-60
-63
-56
-55
-63
-62
-65
-60
-58
-65
-69
-76
-84
-80
-65
-58
-58
-60
-62
-68
-72
-69
-69
-70
-69
-70
-63
-65
-71
-67
-67
-64
-56
-58
-59
-53
-46
-45
-44
-39
-42
-39
-42
-35
-30
-30
-27
-31
-28
-35
-35
-35
-35
-29
-28
-25
-24
-22
-23
-22
-24
-32
-28
-22
-23
-22
-18
-17
-25
-29
-26
-23
-16
-12
-15
-20
-20
-27
-29
-25
-29
-31
-34
-29
-25
-23
-9
-13
-18
-25
-31
-29
-24
-24
-32
-37
-38
-38
-38
-41
-32
-27
-28
-23
-16
-14
-20
-22
-24
-25
-16
-15
-13
-19
-20
-15
-18
-10
-7
-5
3
10
14
14
6
3
-1
0
2
5
7
12
19
18
20
25
26
27
27
30
26
27
28
36
46
42
47
54
54
55
60
61
56
60
63
59
61
64
66
72
69
66
68
67
70
75
78
75
73
80
80
79
75
78
80
82
78
75
69
62
60
53
48
46
41
42
38
29
29
27
23
20
19
19
14
8
3
10
6
-3
-4
-7
-5
-12
-15
-21
-25
-26
-30
-22
-21
-19
-16
-16
-18
-26
-31
-34
-32
-35
-33
-30
-28
-30
-32
-27
-27
-30
-27
-16
-11
-5
-1
-4
-5
-4
-7
0
4
3
14
21
19
21
18
15
14
15
19
25
29
36
42
44
41
40
44
44
41
36
43
47
49
56
58
57
57
59
65
65
52
46
45
45
47
44
45
47
45
46
46
44
44
49
56
61
62
49
49
43
34
30
32
40
33
27
26
19
22
23
22
19
16
11
6
5
-4
-12
-22
-18
-21
-28
-28
-27
-28
-37
-41
-46
-44
-40
-43
-42
-41
-43
-52
-59
-57
-56
-57
-61
-65
-70
-78
-81
-85
-86
-90
-84
-84
-82
-73
-76
-74
-75
-73
-74
-71
-75
-74
-66
-69
-63
-59
-59
-57
-57
-48
-41
-37
-35
-36
-31
-30
-24
-31
-31
-26
-30
-23
-15
-11
-9
-9
-11
-14
-9
0
-3
0
-8
-4
-4
-6
-1
1
5
8
9
15
17
13
15
6
4
-5
-14
-15
-14
-17
-19
-19
-23
-20
-23
-22
-25
-31
-28
-29
-34
-31
-34
-30
-36
-47
-51
-49
-45
-50
-46
-44
-42
-43
-42
-45
-47
-46
-50
-43
-37
-38
-34
-37
-36
-32
-35
-35
-27
-20
-14
-7
-12
-9
-11
-19
-15
-8
1
-1
7
17
13
20
26
27
24
19
27
29
33
36
32
32
28
25
26
30
31
37
44
48
48
49
53
53
49
42
41
47
51
53
49
52
50
44
39
39
40
44
41
46
43
39
43
32
35
38
40
46
51
46
43
36
33
28
27
25
10
17
20
23
10
10
10
5
10
5
4
2
1
-6
-12
-21
-27
-31
-32
-29
-24
-22
-17
-20
-22
-21
-27
-31
-33
-31
-36
-37
-40
-33
-28
-34
-24
-20
-19
-15
-10
-5
-2
1
0
3
11
8
16
21
19
31
31
36
39
42
43
49
49
53
63
64
67
68
71
64
56
54
52
51
54
60
56
62
60
52
56
50
48
42
37
34
34
32
28
29
29
28
27
26
23
23
20
22
25
22
19
13
13
16
15
22
25
23
28
24
20
20
13
6
7
7
10
7
1
1
-6
-9
-8
-10
-8
-12
-14
-19
-21
-25
-25
-22
-26
-24
-21
-25
-23
-22
-28
-29
-27
-22
-21
-18
-17
-13
-10
-15
-17
-19
-19
-19
-25
-24
-23
-24
-23
-23
-16
-15
-16
-19
-24
-29
-30
-23
-15
-11
-8
-6
-6
-4
-8
-4
-3
-4
-2
-1
-5
-6
-5
-5
-7
-9
-6
-9
-5
-7
-2
4
7
4
-3
-9
-17
-17
-23
-24
-22
-22
-26
-24
-23
-24
-19
-22
-21
-24
-25
-29
-32
-41
-43
-42
-52
-51
-60
-61
-63
-65
-64
-61
-58
-57
-58
-61
-58
-53
-51
-48
-45
-49
-52
-55
-48
-52
-47
-46
-51
-38
-34
-38
-34
-29
-25
-22
-26
-23
-23
-19
-14
-8
-6
-12
-20
-20
-21
-19
-13
-13
-2
5
16
20
22
21
21
24
22
21
18
19
15
12
9
11
17
19
21
30
28
28
32
33
34
33
35
34
30
33
31
30
34
31
33
35
35
36
36
40
43
38
37
32
25
30
26
28
26
23
25
29
26
18
26
25
23
17
13
20
14
6
6
11
5
-2
-3
-16
-23
-24
-22
-21
-22
-25
-26
-33
-36
-36
-41
-41
-42
-34
-36
-34
-33
-41
-42
-34
-26
-31
-28
-26
-21
-15
-12
-18
-23
-22
-20
-21
-19
-16
-14
-18
-9
-1
-2
4
2
9
13
12
15
9
18
20
16
17
19
22
18
22
28
26
30
32
34
41
42
44
50
57
62
66
71
69
65
68
66
63
69
69
72
76
74
79
78
79
84
86
86
95
96
93
85
74
72
67
64
60
63
61
64
64
58
60
48
46
37
30
32
30
30
27
24
15
16
14
8
7
9
8
8
4
-2
-11
-15
-13
-14
-10
-10
-8
-11
-12
-15
-13
-11
-10
-4
-1
-5
-6
-7
-6
-3
-1
-3
-2
-1
-3
-2
-6
-8
-10
-4
1
3
5
0
-1
-3
2
3
0
-4
-13
-13
-10
-8
-9
-11
-14
-12
-10
-7
-14
-15
-20
-22
-18
-23
-17
-26
-38
-40
-36
-41
-39
-38
-38
-42
-47
-44
-52
-56
-63
-68
-77
-79
-81
-83
-81
-79
-78
-74
-77
-80
-77
-83
-85
-85
-93
-96
-101
-96
-95
-98
-99
-99
-98
-97
-94
-92
-91
-94
-90
-89
-88
-85
-86
-83
-81
-79
-79
-78
-65
-58
-52
-45
-46
-40
-38
-28
-28
-26
-19
-18
-11
-5
1
7
12
22
28
30
37
38
41
43
44
48
45
52
58
62
62
67
66
61
64
62
57
50
46
47
39
43
46
44
44
41
39
32
29
18
17
13
7
3
-1
-6
-15
-18
-13
-13
-12
-16
-18
-14
-17
-15
-19
-22
-22
-29
-28
-26
-26
-30
-34
-32
-27
-28
-24
-21
-27
-18
-19
-16
-18
-14
-7
-13
-9
-12
-12
-6
-8
-2
-5
-2
-1
-1
5
2
3
7
5
6
8
9
8
9
11
12
13
13
12
12
14
12
11
11
11
17
21
20
23
22
22
26
31
33
33
32
30
34
45
43
50
56
51
51
48
46
50
48
48
42
40
46
46
50
44
44
48
49
57
51
50
60
63
61
67
69
71
77
79
83
80
82
86
90
91
94
94
94
93
96
96
86
86
82
79
79
77
78
77
79
70
67
65
61
56
53
47
37
40
33
29
24
17
19
16
13
7
-1
-5
-12
-14
-13
-16
-18
-17
-23
-20
-19
-18
-15
-10
-7
-8
-20
-21
-18
-19
-16
-19
-15
-17
-14
-16
-15
-11
-20
-26
-28
-38
-42
-36
-41
-39
-39
-42
-45
-49
-45
-48
-46
-46
-46
-40
-40
-35
-36
-39
-31
-32
-32
-30
-25
-26
-25
-22
-28
-26
-25
-33
-35
-35
-36
-34
-39
-38
-32
-35
-38
-38
-42
-40
-44
-46
-48
-47
-44
-53
-57
-65
-70
-74
-71
-69
-67
-68
-75
-73
-74
-76
-79
-83
-85
-88
-87
-88
-89
-81
-80
-84
-80
-85
-86
-77
-77
-70
-67
-65
-66
-70
-71
-76
-79
-82
-80
-73
-69
-70
-71
-65
-68
-70
-71
-71
-64
-67
-58
-54
-56
-50
-42
-38
-36
-33
-27
-12
-9
5
16
16
26
32
34
34
40
41
46
49
46
48
52
56
58
66
71
75
78
77
74
73
69
73
75
71
72
72
63
58
57
54
54
56
56
57
55
49
49
42
35
29
25
22
16
15
7
6
4
4
3
-4
-2
-7
-5
-8
-9
-9
-14
-9
-12
-12
-14
-18
-17
-15
-15
-14
-12
-4
-2
-2
3
1
11
13
11
9
0
4
7
7
5
9
11
8
15
20
28
28
35
42
41
44
44
41
34
34
38
37
41
46
52
52
55
55
47
49
48
46
51
54
48
51
54
47
47
44
42
43
44
42
45
43
38
49
51
49
54
51
44
47
43
47
52
57
53
51
53
50
54
47
45
47
40
39
44
44
48
51
45
46
48
54
54
44
39
45
44
44
43
39
36
35
37
34
36
34
29
23
14
13
7
6
6
8
1
-2
2
-1
-7
-4
-4
-2
-4
-5
-6
-11
-12
-13
-6
-14
-12
-3
-2
-1
-5
-2
-4
-9
-6
-2
0
-3
0
4
8
5
6
0
-4
-1
-9
-9
-10
-15
-18
-20
-17
-28
-34
-41
-45
-45
-44
-43
-43
-45
-50
-51
-53
-56
-54
-58
-62
-63
-63
-59
-56
-61
-59
-56
-58
-54
-57
-55
-51
-53
-50
-56
-59
-57
-61
-65
-67
-64
-62
-65
-64
-66
-67
-69
-61
-67
-69
-64
-63
-58
-64
-69
-69
-67
-66
-65
-67
-63
-65
-64
-57
-58
-57
-58
-60
-58
-61
-62
-62
-58
-55
-60
-58
-55
-55
-51
-46
-40
-36
-36
-38
-40
-34
-34
-31
-29
-28
-23
-19
-21
-16
-22
-17
-11
-9
-7
-11
-5
-2
0
3
5
9
10
8
11
17
20
25
34
39
41
41
39
35
36
38
42
49
50
50
42
41
35
30
34
32
35
37
39
33
33
32
19
22
17
15
19
21
20
15
10
13
10
9
8
2
3
3
5
5
9
11
10
12
8
0
2
-2
-3
-2
-6
-8
-11
-17
-14
-12
-12
-8
-4
-12
-10
-1
-1
0
4
9
9
7
4
7
5
2
11
10
14
20
22
37
36
40
44
49
51
51
54
58
63
62
58
54
53
57
58
57
60
62
56
60
52
45
49
44
42
38
34
29
31
31
34
35
33
36
36
36
35
44
41
39
48
40
41
39
38
32
25
33
33
39
43
48
58
55
51
53
50
49
51
45
45
39
32
32
28
23
20
16
18
21
21
22
16
15
12
6
3
1
-1
-5
-4
-3
-6
-3
-2
-2
4
7
8
6
2
7
7
5
6
4
5
7
8
7
1
-1
2
-5
-9
-10
-6
-10
-12
-14
-20
-25
-26
-31
-30
-30
-33
-34
-39
-37
-45
-44
-49
-48
-48
-43
-40
-38
-35
-37
-36
-33
-24
-22
-23
-15
-9
-18
-14
-13
-12
-13
-18
-16
-14
-8
-1
2
4
0
-1
-7
-15
-18
-17
-14
-16
-16
-16
-15
-18
-23
-29
-33
-36
-39
-40
-45
-49
-50
-52
-58
-56
-59
-60
-56
-63
-66
-65
-64
-66
-67
-64
-67
-62
-60
-65
-63
-59
-57
-57
-67
-64
-63
-65
-59
-58
-53
-56
-53
-46
-46
-48
-50
-42
-41
-40
-43
-37
-34
-31
-19
-19
-15
-19
-10
-6
-7
-9
-9
-8
-12
-5
-10
-4
-4
-5
-3
1
5
5
9
14
15
15
23
28
34
31
31
33
30
30
32
29
23
30
29
28
26
25
29
30
33
33
36
28
33
30
20
19
17
17
17
19
21
18
13
11
10
7
1
-1
3
6
5
10
8
11
14
15
17
11
21
20
22
24
20
25
26
22
18
23
23
27
34
36
35
29
24
20
12
9
11
14
14
19
20
13
8
8
5
1
-9
-10
-17
-16
-13
-17
-19
-18
-14
-12
-16
-15
-5
-7
2
7
5
3
4
10
15
24
27
28
35
32
35
33
32
30
19
20
24
22
19
20
17
14
19
19
20
17
15
9
4
2
-1
-11
-14
-18
-9
-1
-2
9
13
18
18
17
18
15
13
13
11
18
25
21
22
25
27
32
37
44
42
42
46
52
57
55
57
53
51
53
49
51
47
44
36
32
35
37
41
41
45
40
33
30
22
25
24
19
19
20
14
13
10
9
12
11
15
18
22
23
21
15
7
5
6
5
6
8
12
3
-6
-1
-10
-14
-10
-12
-10
-13
-16
-16
-18
-18
-23
-23
-25
-22
-26
-28
-27
-28
-28
-36
-34
-27
-25
-22
-16
-18
-17
-14
-14
-11
-10
-7
-5
0
0
0
4
-2
2
3
-3
1
-2
-4
-6
-13
-20
-27
-39
-42
-48
-53
-57
-68
-67
-73
-79
-81
-82
-81
-78
-78
-81
-81
-85
-85
-82
-83
-83
-76
-70
-67
-61
-54
-47
-37
-35
-27
-31
-32
-24
-27
-22
-11
-6
-1
4
6
9
12
15
19
16
11
13
17
17
19
18
15
16
20
24
29
31
28
31
24
21
18
17
16
9
13
16
11
10
9
10
10
4
-8
-7
2
5
-5
-5
-3
4
8
8
4
-5
-6
-8
-4
-3
-8
-13
-18
-18
-8
-3
1
6
6
13
9
10
14
14
5
1
1
-3
-6
-7
-3
0
7
7
5
4
9
12
8
7
1
-8
-10
-15
-21
-23
-28
-32
-35
-34
-31
-30
-31
-31
-28
-30
-36
-35
-34
-35
-39
-36
-37
-44
-47
-42
-35
-30
-32
-30
-27
-27
-29
-26
-20
-15
-2
-4
5
14
12
19
18
22
20
22
24
23
28
28
36
47
47
47
60
59
62
64
61
59
56
57
53
49
42
39
37
32
30
34
34
35
42
43
42
38
34
29
31
24
20
21
22
26
26
28
23
21
18
16
16
16
13
12
10
4
2
1
-2
-1
-5
-1
4
6
12
16
15
15
9
15
14
18
25
26
32
29
27
28
33
29
29
33
29
31
31
27
32
34
43
40
37
34
31
26
24
23
19
15
11
7
0
5
5
9
12
10
12
9
3
1
0
-2
-1
-4
-3
-3
5
15
15
4
10
15
16
19
19
28
26
26
27
29
38
36
37
40
37
40
40
32
29
22
12
12
9
5
3
-1
-6
-9
-12
-20
-29
-37
-43
-37
-42
-49
-44
-47
-56
-54
-58
-57
-48
-56
-57
-66
-67
-70
-70
-66
-67
-60
-61
-63
-59
-62
-65
-66
-67
-60
-61
-62
-62
-57
-57
-66
-65
-65
-62
-58
-52
-47
-49
-46
-49
-42
-41
-40
-36
-34
-29
-30
-19
-12
-17
-17
-16
-16
-13
-11
-10
-7
-4
-3
-8
-7
-2
0
7
14
16
14
11
7
9
1
-1
-6
-7
-10
-9
-8
-14
-17
-26
-32
-36
-34
-33
-35
-32
-32
-26
-26
-31
-27
-23
-23
-20
-24
-27
-22
-18
-14
-11
-5
0
-2
7
10
16
21
16
19
22
17
15
20
13
15
14
17
18
16
22
28
26
21
15
20
18
19
21
17
19
15
14
15
18
18
13
19
24
28
21
18
22
21
21
22
21
23
22
20
20
14
17
20
20
25
23
18
10
5
9
7
2
-1
4
0
1
2
-5
-3
-10
-12
-18
-22
-20
-21
-17
-18
-17
-14
-11
-13
-13
-11
-10
-7
-12
-7
-3
-2
-7
-7
-3
-1
6
6
9
9
13
14
16
21
20
18
15
13
16
13
18
25
23
25
21
21
21
21
18
13
14
16
16
19
22
24
32
34
30
32
33
29
28
23
20
20
22
26
31
40
41
44
50
48
53
55
53
65
64
61
64
56
56
59
56
64
54
61
66
65
65
63
64
59
59
52
55
51
47
44
39
41
36
38
33
39
41
40
39
40
38
37
29
26
20
15
14
9
7
-1
0
-1
0
-5
-14
-13
-16
-23
-22
-26
-29
-23
-22
-26
-23
-18
-16
-16
-16
-19
-20
-21
-28
-24
-17
-22
-21
-22
-25
-27
-28
-29
-31
-30
-31
-31
-33
-29
-37
-40
-42
-43
-45
-43
-44
-49
-51
-58
-55
-58
-62
-68
-70
-70
-70
-70
-67
-67
-65
-63
-62
-59
-63
-72
-74
-70
-65
-70
-72
-68
-65
-61
-58
-55
-47
-41
-35
-25
-18
-19
-17
-19
-21
-16
-13
-7
-2
2
9
12
10
13
19
16
18
17
16
24
20
22
28
27
31
36
38
40
42
43
43
33
27
29
32
27
23
25
25
29
31
22
16
4
-2
-9
-12
-9
-20
-24
-27
-26
-27
-31
-33
-35
-34
-33
-32
-33
-37
-39
-38
-45
-40
-41
-42
-34
-38
-37
-36
-35
-32
-31
-28
-30
-29
-30
-31
-25
-27
-29
-30
-27
-27
-25
-23
-29
-29
-24
-24
-32
-36
-34
-36
-28
-26
-25
-24
-27
-27
-25
-20
-26
-26
-24
-23
-22
-19
-13
-10
-8
-17
-12
-7
-13
-7
-7
-6
-2
0
0
-2
3
15
22
24
25
28
26
25
27
28
29
30
31
31
33
39
42
48
47
51
55
61
62
61
62
56
53
46
47
44
45
49
53
56
52
56
59
50
51
48
41
37
35
36
38
31
35
38
36
41
42
37
34
30
23
19
19
18
15
15
13
10
8
3
14
17
15
17
21
17
17
20
19
11
3
9
11
16
15
16
20
24
24
24
22
16
14
10
17
17
18
25
25
31
33
31
35
38
44
40
37
31
25
24
25
26
18
17
22
21
18
17
23
29
30
29
26
25
23
23
18
13
15
10
12
9
0
8
12
14
17
15
12
11
8
-3
-10
-9
-14
-15
-14
-15
-15
-19
-25
-27
-26
-24
-26
-20
-23
-24
-19
-25
-20
-23
-32
-30
-25
-22
-17
-12
-9
-9
-10
-11
-8
-15
-15
-17
-18
-10
-13
-17
-21
-23
-28
-26
-25
-26
-23
-24
-29
-32
-32
-31
-43
-49
-47
-43
-48
-47
-44
-42
-34
-35
-39
-36
-32
-31
-34
-37
-37
-39
-43
-41
-49
-54
-50
-43
-37
-33
-23
-25
-22
-24
-26
-22
-20
-14
-11
-11
-7
-14
-11
-13
-14
-15
-8
-4
-2
-2
-6
-5
-5
-1
-3
4
1
5
11
11
17
10
6
5
7
2
-5
-8
-9
-6
-5
-4
-3
-3
-1
2
9
8
8
11
10
10
8
4
0
-7
-11
-17
-23
-22
-19
-22
-23
-26
-30
-32
-34
-37
-33
-31
-29
-18
-17
-15
-10
-13
-14
-11
-11
-9
-4
-3
0
3
0
1
2
3
0
-5
-4
-2
-1
-3
-9
-7
-8
-11
-16
-25
-24
-21
-22
-24
-18
-17
-22
-21
-26
-25
-26
-30
-34
-34
-33
-30
-23
-19
-18
-18
-15
-16
-11
-12
-10
-5
-8
0
0
-1
2
3
7
8
8
18
18
21
22
15
17
15
25
29
29
34
34
37
35
38
38
42
45
45
42
46
50
44
40
37
36
34
35
36
45
47
48
41
38
34
32
30
36
40
38
37
32
35
34
37
38
37
38
42
41
40
39
37
40
43
46
51
52
49
54
60
58
60
58
57
56
54
51
51
55
52
49
51
53
54
53
57
55
59
58
56
48
43
41
35
34
36
35
38
39
28
29
19
23
18
15
18
14
16
12
10
10
9
5
3
-3
-4
-6
-5
-9
-15
-21
-26
-24
-21
-24
-26
-27
-32
-27
-25
-23
-26
-37
-41
-45
-40
-29
-32
-32
-29
-35
-25
-23
-27
-30
-28
-23
-23
-21
-26
-26
-28
-26
-25
-22
-17
-18
-17
-17
-16
-22
-26
-26
-32
-31
-23
-24
-28
-24
-23
-28
-33
-37
-42
-41
-38
-35
-29
-27
-27
-28
-32
-31
-32
-30
-26
-31
-33
-32
-36
-34
-36
-41
-39
-34
-34
-20
-22
-19
-13
-18
-13
-15
-9
-11
-8
-4
-13
-12
-10
-10
-14
-16
-23
-17
-17
-15
-9
-14
-14
-12
-8
-12
-8
-11
-14
-13
-14
-17
-18
-23
-24
-24
-33
-30
-24
-25
-27
-25
-32
-29
-21
-22
-26
-24
-17
-16
-21
-26
-34
-27
-30
-37
-40
-39
-33
-35
-33
-39
-41
-35
-35
-39
-36
-29
-14
-2
-4
-6
-6
0
-1
-1
0
-5
3
2
2
3
3
1
1
3
-1
6
11
10
4
-4
-6
-2
2
0
3
5
7
7
3
-3
-9
-9
-4
2
-3
-2
0
7
4
-2
-6
-3
-1
0
4
-3
-9
-5
-3
-8
-8
-11
-17
-9
-13
-10
-3
-10
-6
-9
-9
-2
-2
9
12
10
11
15
16
19
19
13
16
21
28
35
39
37
35
39
39
42
47
46
52
54
56
50
49
47
45
44
41
46
52
51
49
58
58
57
57
51
47
46
46
46
44
41
45
42
43
43
45
45
39
38
36
43
48
42
43
51
51
51
51
56
57
62
65
63
60
59
62
66
65
67
62
62
60
59
64
66
71
62
57
47
42
41
38
33
29
31
33
33
33
32
32
26
16
10
-3
-8
-6
-4
-9
-14
-19
-21
-24
-19
-26
-30
-30
-28
-30
-33
-30
-39
-41
-47
-44
-47
-48
-49
-49
-56
-59
-57
-63
-69
-73
-65
-67
-55
-49
-48
-43
-43
-38
-41
-47
-51
-44
-45
-48
-50
-57
-54
-59
-58
-53
-45
-42
-45
-44
-43
-47
-47
-54
-61
-59
-56
-51
-48
-39
-35
-34
-32
-31
-32
-39
-31
-31
-31
-34
-35
-35
-34
-29
-26
-28
-22
-10
-3
2
2
0
2
1
-1
-8
-10
-5
-1
8
5
10
18
15
21
26
27
21
17
15
10
1
-4
-6
-11
-13
-13
-11
-10
-12
-14
-17
-17
-15
-14
-19
-19
-25
-33
-30
-31
-34
-38
-34
-35
-30
-32
-29
-24
-28
-24
-23
-26
-30
-30
-30
-35
-31
-30
-35
-31
-35
-34
-36
-32
-33
-35
-31
-30
-18
-14
-14
-17
-16
-19
-22
-19
-17
-13
-14
-14
-14
-12
-6
-1
9
14
22
22
16
14
11
12
16
14
20
17
21
28
29
32
32
34
31
34
35
34
28
30
34
35
35
34
34
35
36
36
29
27
24
22
16
12
15
12
10
11
7
4
5
-2
-2
-1
1
7
3
4
0
-3
4
10
10
12
10
7
7
3
2
-4
-2
-1
-4
5
7
8
13
21
21
22
30
37
35
41
45
45
49
51
57
58
62
61
60
65
60
64
69
67
61
58
60
63
61
54
56
54
52
54
58
61
59
54
49
50
47
48
49
49
45
44
43
38
38
41
36
36
38
28
24
19
15
14
14
12
15
11
12
13
11
11
6
12
11
14
15
10
6
2
0
-3
-6
-8
-7
-11
-15
-14
-18
-21
-19
-22
-21
-19
-19
-16
-13
-7
-5
-8
-10
-17
-18
-20
-19
-17
-18
-17
-17
-14
-10
-10
-12
-17
-17
-17
-15
-21
-21
-19
-21
-27
-31
-29
-31
-28
-34
-37
-39
-36
-36
-37
-36
-36
-36
-36
-34
-33
-27
-23
-19
-19
-23
-22
-18
-18
-16
-20
-24
-26
-25
-26
-31
-26
-26
-27
-22
-14
-8
-7
-12
-8
-6
-6
-2
-1
-5
-4
-5
-8
-11
-7
-6
-13
-11
-9
-6
0
-3
-6
-10
-7
-10
-9
-6
-6
-7
-6
-3
-6
-5
0
0
4
6
3
3
7
5
4
11
1
2
5
-2
0
2
-5
-16
-20
-21
-16
-12
-14
-13
-16
-11
-13
-16
-14
-16
-14
-13
-17
-26
-26
-23
-23
-25
-31
-31
-36
-34
-32
-31
-29
-31
-31
-39
-40
-43
-49
-46
-48
-53
-44
-34
-27
-24
-21
-18
-16
-17
-21
-23
-24
-25
-13
-9
-11
-4
-2
12
16
20
22
20
22
19
12
14
10
8
6
5
14
19
21
21
21
20
20
17
22
21
15
8
6
11
2
6
9
9
10
6
6
4
3
2
-4
-3
-7
-7
-9
-9
-10
-16
-12
-14
-13
-13
-5
-2
-2
-3
-1
2
0
5
-1
-3
-5
-2
4
-3
-2
-4
-10
-5
-1
0
4
1
5
15
14
17
18
14
25
28
27
33
33
27
27
39
36
39
38
32
37
44
53
55
49
43
45
49
54
49
50
45
42
43
42
48
46
40
41
38
37
45
43
43
42
32
30
31
31
28
24
22
21
21
20
20
17
11
11
11
10
4
4
7
10
9
8
7
6
9
11
11
9
10
6
6
6
6
9
10
14
11
8
5
-1
2
2
-2
-5
-7
-9
-12
-13
-22
-24
-14
-20
-23
-24
-28
-31
-36
-36
-33
-30
-36
-37
-35
-32
-31
-29
-36
-40
-44
-43
-44
-45
-41
-45
-43
-41
-31
-34
-31
-34
-33
-23
-16
-11
-5
-2
-7
-9
-10
-11
-15
-11
-4
-3
3
12
18
20
20
15
10
4
11
17
17
24
23
19
17
16
9
7
12
12
12
10
12
13
10
7
2
4
2
2
8
7
1
-3
-1
-3
2
4
1
3
5
11
12
8
9
11
5
7
8
4
4
-1
6
6
12
14
14
17
15
12
9
5
-1
-6
-6
-2
2
2
3
5
7
9
6
8
6
1
-5
-16
-14
-24
-30
-31
-31
-26
-28
-30
-29
-22
-23
-24
-20
-33
-43
-50
-55
-54
-53
-48
-46
-45
-41
-41
-46
-42
-39
-39
-41
-47
-43
-46
-52
-53
-52
-50
-50
-47
-48
-46
-41
-45
-43
-43
-43
-49
-51
-44
-43
-37
-24
-17
-9
-7
-5
1
6
16
18
18
24
28
23
22
23
19
17
21
19
23
28
24
22
25
24
15
13
15
12
6
2
2
7
13
14
14
7
3
3
0
7
6
-1
0
5
7
7
14
11
14
15
16
14
11
18
21
19
20
17
23
31
38
39
38
37
36
37
29
34
26
22
31
31
36
36
30
37
44
50
49
49
52
46
48
47
39
38
32
38
39
37
36
29
20
19
20
18
21
19
12
6
7
0
-8
-10
-19
-24
-23
-20
-21
-23
-27
-39
-41
-41
-46
-46
-46
-44
-44
-33
-32
-29
-25
-19
-17
-12
-7
-8
-4
-2
1
1
0
4
9
21
25
21
26
24
22
14
14
9
2
2
3
2
1
-1
-2
3
7
9
14
19
23
17
12
12
7
9
0
3
3
3
12
12
7
-1
-2
2
1
5
6
3
6
-3
-2
-5
4
5
1
9
2
-4
-4
-10
-11
-7
-9
-6
-8
-12
-11
-9
-3
2
-1
4
9
9
11
6
1
3
2
5
7
14
19
14
15
16
18
22
20
21
21
22
15
12
11
9
14
11
16
18
16
7
-3
-2
-11
-17
-9
-11
-17
-13
-8
-7
-1
8
9
12
13
11
11
14
19
24
25
20
24
24
23
26
21
21
27
22
23
17
14
10
9
12
9
8
7
2
-1
-2
-1
0
-7
-7
-16
-17
-22
-28
-32
-39
-38
-42
-39
-43
-44
-50
-55
-60
-60
-59
-58
-58
-62
-62
-54
-54
-55
-52
-52
-47
-48
-48
-47
-46
-42
-44
-50
-53
-53
-56
-49
-42
-36
-35
-32
-34
-39
-36
-41
-39
-42
-45
-46
-48
-48
-48
-43
-41
-40
-33
-32
-34
-37
-30
-28
-33
-39
-41
-42
-45
-43
-40
-41
-39
-35
-38
-40
-46
-47
-38
-35
-34
-38
-36
-32
-26
-27
-26
-26
-23
-18
-9
-7
-13
-14
-7
0
2
13
15
14
12
17
27
30
31
33
38
46
54
61
63
65
72
72
72
86
90
99
101
107
112
113
114
108
104
101
99
100
100
103
99
97
90
83
77
71
69
60
63
62
54
48
44
40
41
42
46
45
38
38
31
30
17
9
7
5
12
20
26
22
23
24
20
20
14
13
11
9
5
3
7
10
13
18
18
16
9
10
14
11
4
-9
-10
-15
-10
-4
-3
2
-4
5
8
6
7
-1
-2
-1
-3
-4
-13
-16
-17
-18
-17
-23
-19
-14
-14
-10
-14
-21
-19
-23
-21
-19
-18
-17
-18
-22
-26
-23
-32
-32
-29
-31
-32
-36
-35
-40
-42
-38
-38
-42
-45
-40
-37
-33
-25
-21
-19
-13
-11
-6
-3
-1
6
4
6
10
11
8
10
10
2
10
11
6
3
0
3
-3
-5
-2
-6
-10
-5
0
-1
1
-2
-1
-10
-8
-8
-2
4
7
7
0
1
2
7
12
15
16
19
12
14
16
9
12
15
21
20
15
17
25
24
25
23
18
19
15
3
2
0
-6
-6
-12
-5
-9
-14
-12
-19
-22
-19
-17
-23
-24
-24
-25
-25
-28
-34
-32
-35
-35
-30
-25
-29
-30
-34
-41
-44
-46
-38
-42
-45
-49
-55
-55
-62
-62
-68
-69
-68
-68
-67
-67
-63
-60
-59
-60
-62
-59
-60
-60
-52
-47
-45
-41
-34
-27
-27
-27
-26
-20
-17
-16
-25
-28
-34
-38
-33
-36
-33
-18
-17
-12
-5
-2
0
-3
-1
-4
-3
-3
-7
-4
-2
-6
-6
0
6
15
25
28
30
25
27
30
36
43
35
34
33
37
38
28
20
20
17
26
27
24
29
27
30
30
27
19
13
9
7
1
0
-2
-2
1
-1
0
8
8
8
14
16
22
21
25
32
37
41
45
44
54
63
61
65
64
58
53
54
60
64
63
64
59
58
55
50
50
42
40
41
42
38
33
28
26
27
28
30
34
38
34
40
38
36
35
32
28
23
20
11
16
17
18
22
24
25
20
20
18
15
13
11
9
12
5
5
6
4
1
-3
1
5
6
7
7
6
13
6
4
3
6
12
9
15
12
9
8
8
11
13
22
23
20
23
20
20
13
17
23
24
31
28
23
24
19
20
22
26
29
20
16
12
6
1
0
-10
-12
-7
-16
-13
-4
-7
-12
-12
-16
-16
-14
-16
-24
-31
-32
-31
-27
-30
-27
-28
-25
-18
-13
-6
-11
-14
-16
-13
-20
-20
-17
-23
-18
-12
-14
-10
-4
-5
-2
3
7
6
4
1
3
-2
-5
0
-3
-2
5
10
12
14
11
16
17
14
8
4
-5
-6
-3
-5
-5
-10
-10
-13
-14
-10
-11
-11
-12
-10
-7
-8
-5
-10
-5
3
5
3
-2
-8
-9
-7
-9
-12
-15
-15
-18
-21
-20
-22
-22
-23
-28
-23
-24
-30
-35
-44
-47
-54
-63
-63
-68
-66
-57
-52
-47
-47
-45
-45
-46
-41
-50
-49
-47
-51
-57
-60
-58
-62
-59
-53
-56
-50
-42
-40
-34
-34
-36
-42
-47
-48
-49
-55
-51
-48
-44
-44
-49
-44
-46
-46
-44
-45
-49
-49
-52
-53
-52
-47
-44
-38
-35
-29
-21
-26
-29
-25
-26
-22
-15
-12
-4
1
10
12
16
19
16
18
18
14
9
8
6
7
6
3
3
1
9
6
5
4
1
-2
-6
0
-7
-4
2
2
14
13
19
25
29
36
40
42
37
39
40
38
42
45
47
41
44
46
51
61
59
59
59
63
62
59
62
57
58
61
58
56
56
54
54
49
58
56
57
58
57
60
55
58
62
69
66
72
75
77
81
78
78
73
71
73
65
58
58
56
59
58
58
58
57
58
51
45
41
40
33
24
29
26
26
21
16
12
7
5
0
3
4
12
10
12
20
15
16
12
12
7
7
10
10
7
4
0
-2
4
3
3
7
10
11
5
5
2
5
4
2
-4
-20
-19
-24
-22
-23
-20
-23
-28
-24
-23
-18
-21
-21
-21
-21
-17
-18
-25
-26
-32
-32
-26
-27
-30
-34
-34
-28
-22
-13
-16
-17
-12
-13
-17
-15
-17
-19
-8
-12
-10
-6
-7
5
1
0
3
7
5
1
2
-5
-2
-6
-9
-14
-18
-18
-19
-20
-22
-19
-27
-30
-27
-27
-31
-29
-26
-24
-28
-29
-33
-27
-26
-23
-21
-22
-16
-17
-19
-20
-16
-18
-13
-8
-12
-15
-16
-13
-15
-12
-11
-19
-27
-25
-23
-26
-22
-23
-20
-24
-31
-27
-33
-30
-21
-18
-19
-18
-15
-17
-19
-21
-25
-22
-23
-23
-20
-24
-32
-29
-30
-34
-26
-25
-24
-24
-25
-23
-33
-26
-18
-20
-12
-5
-7
-10
-18
-20
-24
-26
-21
-22
-23
-28
-30
-33
-30
-30
-22
-21
-23
-23
-28
-29
-41
-45
-50
-44
-47
-43
-35
-37
-33
-36
-38
-36
-32
-33
-33
-30
-34
-37
-39
-37
-44
-44
-36
-34
-28
-27
-20
-17
-15
-15
-10
-9
-11
-7
1
6
3
4
11
20
27
25
24
25
23
26
23
25
17
12
9
12
12
10
16
9
14
14
18
22
20
21
17
19
12
7
10
8
17
25
27
33
39
38
37
40
40
42
36
35
39
38
37
32
36
34
28
30
34
36
44
52
51
48
50
50
49
51
55
56
59
63
62
58
63
65
64
68
66
69
74
68
67
68
74
77
76
76
75
78
79
75
64
57
52
53
62
56
53
49
50
46
44
43
43
40
31
30
30
19
8
7
-3
-3
-2
-5
-11
-12
-10
-13
-15
-19
-18
-23
-29
-28
-31
-31
-26
-19
-14
-13
-8
-12
-13
-10
-11
-10
-16
-19
-22
-18
-19
-24
-27
-24
-20
-17
-19
-23
-16
-17
-20
-22
-25
-24
-23
-24
-29
-27
-23
-18
-19
-12
-9
-4
-4
-4
2
1
7
6
3
-4
-9
-5
3
9
13
17
24
28
25
25
21
28
35
28
23
14
16
17
18
25
26
25
26
21
23
14
11
9
4
10
3
5
3
-4
-8
-8
2
-1
4
-1
-6
-9
-18
-18
-14
-17
-24
-27
-37
-37
-46
-50
-47
-55
-56
-55
-57
-66
-74
-78
-80
-88
-84
-81
-79
-74
-69
-58
-55
-57
-59
-54
-48
-47
-51
-53
-57
-61
-59
-55
-47
-47
-47
-44
-36
-37
-38
-30
-38
-36
-34
-28
-26
-31
-30
-25
-26
-19
-19
-16
-14
-16
-13
-9
-7
-7
-4
-4
-5
-15
-16
-16
-20
-27
-37
-37
-34
-37
-41
-45
-39
-44
-45
-42
-45
-38
-33
-27
-29
-32
-26
-19
-22
-20
-17
-19
-14
-16
-18
-21
-28
-24
-23
-20
-18
-18
-12
-5
1
6
9
13
22
24
22
29
37
41
43
41
45
53
55
49
41
42
46
48
55
48
43
44
40
31
28
20
20
14
19
28
25
28
23
23
22
28
27
27
25
28
25
29
42
36
34
30
30
26
18
15
11
7
6
1
0
-7
-5
-4
-1
13
19
20
19
16
11
19
30
27
24
25
26
25
24
23
25
31
40
40
41
45
39
35
33
31
34
35
36
43
44
35
37
47
57
59
62
64
70
71
71
67
66
71
67
60
60
65
56
61
61
51
48
42
38
39
33
35
36
31
28
25
28
24
22
23
22
19
15
8
11
13
4
4
-2
-1
-6
0
-4
-11
-10
-22
-26
-32
-27
-29
-37
-36
-38
-37
-38
-38
-45
-42
-45
-46
-39
-37
-36
-41
-38
-31
-29
-32
-37
-38
-45
-46
-50
-41
-35
-44
-37
-35
-31
-29
-28
-29
-29
-29
-22
-21
-20
-11
-13
-8
-5
-4
7
8
0
-2
-2
4
11
13
24
25
21
12
7
7
2
3
-5
-5
1
0
3
-3
-1
-3
-7
1
1
9
10
-7
-7
-4
-7
-6
-15
-22
-28
-30
-29
-35
-30
-38
-45
-47
-54
-56
-52
-47
-43
-42
-41
-41
-43
-40
-37
-35
-36
-40
-36
-28
-23
-28
-37
-34
-29
-31
-31
-21
-19
-21
-18
-20
-18
-16
-21
-20
-17
-18
-16
-9
-7
-9
-15
-10
-5
-7
0
-2
-4
-3
-8
-6
-7
-8
-3
1
3
-4
-17
-21
-30
-37
-44
-47
-48
-53
-59
-63
-62
-60
-63
-64
-58
-60
-56
-50
-50
-56
-60
-60
-58
-55
-51
-48
-38
-30
-36
-31
-29
-31
-36
-37
-27
-27
-26
-16
-14
-4
-2
3
8
15
24
27
29
35
37
39
45
44
49
45
47
51
60
63
62
64
65
61
63
54
45
51
42
52
55
52
57
50
59
60
61
62
65
70
68
74
79
70
74
68
64
64
57
68
62
60
61
57
46
37
37
33
37
21
16
17
9
20
20
18
22
16
14
19
17
12
19
24
14
8
9
13
6
10
15
11
7
-1
-2
-11
-15
-15
-16
-17
-16
-16
-22
-19
-21
-16
-7
-7
-6
3
1
-8
-18
-26
-13
-3
-4
8
9
7
3
-6
-2
3
2
-4
-4
-6
-2
1
3
4
8
6
9
9
15
27
29
30
33
39
40
29
29
28
27
25
21
17
7
7
7
3
4
0
-2
-8
-4
8
12
10
7
5
6
3
-5
-5
0
5
0
2
11
11
9
6
11
19
23
24
24
25
17
12
5
13
18
16
16
10
10
10
11
11
13
24
31
32
30
29
31
38
39
37
38
38
39
37
41
36
32
25
20
22
21
17
8
-1
2
-3
-11
-11
-14
-14
-14
-13
-11
-12
-19
-30
-36
-37
-42
-47
-45
-41
-48
-50
-50
-56
-54
-62
-69
-64
-74
-77
-75
-75
-74
-67
-59
-63
-63
-52
-46
-45
-34
-39
-41
-40
-45
-40
-41
-41
-42
-43
-40
-44
-40
-39
-40
-39
-40
-42
-40
-38
-31
-22
-25
-27
-31
-26
-28
-24
-12
-8
3
3
3
5
5
11
20
21
14
11
8
18
22
15
9
3
3
6
7
5
2
-4
-2
5
3
0
-3
0
-1
3
-1
-7
-9
-9
-3
-6
-4
-4
-3
-6
-8
-11
-12
-11
-17
-8
-18
-23
-19
-17
-16
-14
-18
-19
-16
-21
-26
-27
-24
-25
-20
-26
-23
-18
-26
-24
-26
-25
-20
-20
-21
-26
-33
-38
-39
-36
-37
-39
-38
-43
-39
-34
-28
-21
-21
-17
-14
-7
2
12
15
22
27
29
40
49
52
49
48
42
42
43
45
42
30
29
37
31
34
34
30
32
37
41
41
50
52
52
54
57
61
55
56
52
50
55
61
58
48
49
43
43
44
36
32
23
21
19
16
17
16
16
11
11
13
9
10
5
10
19
16
16
19
21
21
11
4
10
7
0
-4
-4
-7
-10
-10
-12
-15
-17
-18
-23
-19
-17
-13
-8
-8
-4
-5
-3
0
1
-2
-2
3
5
12
8
8
7
12
13
6
1
1
4
9
6
7
5
2
0
-4
-2
-1
7
7
6
18
20
22
16
24
29
28
28
20
20
17
14
10
11
6
0
-3
-3
5
6
0
2
4
8
11
9
9
19
27
28
32
27
36
39
34
38
40
50
48
52
58
54
55
54
56
53
54
56
47
43
47
43
42
39
39
36
38
46
49
46
41
39
37
39
36
32
31
32
21
14
10
7
0
-5
-14
-18
-21
-26
-28
-39
-44
-54
-56
-61
-61
-62
-69
-75
-81
-80
-87
-95
-97
-90
-96
-95
-99
-103
-100
-101
-96
-95
-104
-109
-109
-112
-108
-109
-107
-107
-100
-94
-94
-92
-92
-85
-75
-70
-63
-58
-56
-48
-41
-32
-34
-37
-27
-22
-16
-17
-16
-17
-15
-12
-13
-7
-10
-8
-7
-14
-10
-12
-12
-8
-8
-8
1
11
19
17
6
9
11
19
24
23
20
19
22
17
18
13
6
2
1
3
5
-3
-10
-14
-13
-16
-17
-17
-12
-10
-11
-3
1
-1
0
1
4
8
11
8
1
-3
-1
3
2
1
2
0
-6
2
4
6
6
6
3
5
7
9
17
14
12
14
12
15
15
12
17
19
17
14
20
18
17
19
20
17
11
10
7
14
10
10
8
4
9
10
18
17
18
23
26
23
21
26
28
29
24
26
32
37
33
28
26
22
21
17
16
19
26
27
18
14
7
8
10
6
13
13
9
14
10
11
9
2
1
0
1
12
17
16
16
4
0
4
4
5
5
1
-6
-1
8
5
8
8
10
17
25
35
40
43
39
38
32
37
36
32
35
34
45
55
54
51
53
49
48
48
47
50
42
47
45
38
38
33
29
28
32
42
40
32
33
33
38
43
47
48
44
45
40
41
38
25
25
17
6
10
9
2
-4
-9
-13
-13
-14
-13
-11
-1
-1
2
2
-5
-3
0
6
13
11
14
15
20
18
10
5
4
8
11
14
6
1
-3
0
0
-4
-1
-1
2
5
10
8
5
4
3
5
7
5
1
-1
0
2
7
6
7
6
6
7
4
-1
-8
-20
-27
-29
-36
-41
-48
-55
-54
-54
-55
-58
-57
-58
-62
-60
-65
-66
-64
-62
-63
-64
-69
-72
-70
-72
-61
-61
-64
-58
-57
-57
-59
-55
-48
-46
-46
-45
-46
-40
-46
-51
-45
-37
-37
-28
-18
-16
-6
-10
-9
-8
-10
-12
-14
-11
-16
-18
-22
-28
-31
-33
-32
-35
-35
-36
-36
-36
-41
-38
-36
-35
-36
-32
-33
-32
-27
-23
-19
-19
-22
-22
-16
-20
-22
-20
-18
-13
-20
-25
-24
-24
-26
-23
-24
-27
-30
-23
-18
-16
-11
-17
-17
-13
-10
-5
-5
-3
0
7
15
24
24
17
13
4
11
16
12
7
6
6
3
7
6
3
9
9
4
10
8
6
9
7
8
14
14
15
21
22
26
19
16
19
19
19
13
15
12
8
12
14
21
20
24
29
32
36
33
38
37
38
43
46
47
52
56
60
63
68
64
58
57
54
55
50
47
42
36
29
30
30
21
21
20
21
19
14
23
18
7
0
-7
-7
-5
-2
-5
-7
-1
-4
-1
-2
-7
-8
-5
-8
-7
-7
-8
-14
-17
-16
-16
-15
-14
-9
-12
-8
-7
-5
4
11
16
18
21
22
22
24
25
25
30
31
33
34
38
44
36
33
37
40
39
43
43
50
51
49
44
42
46
45
36
27
30
26
30
40
46
44
40
43
38
37
35
29
24
26
27
22
27
21
12
10
5
12
8
11
18
19
24
21
15
7
4
3
8
12
6
4
-1
-4
-3
-11
-13
-15
-13
-14
-16
-24
-26
-22
-30
-31
-27
-32
-34
-37
-40
-34
-39
-34
-37
-39
-41
-37
-29
-30
-25
-30
-28
-32
-33
-34
-41
-40
-44
-40
-45
-44
-54
-57
-50
-46
-32
-33
-33
-38
-39
-32
-24
-28
-29
-31
-28
-26
-21
-23
-18
-7
-6
6
9
10
2
2
1
-4
-3
-7
-15
-21
-26
-26
-27
-26
-23
-23
-24
-21
-21
-17
-13
-18
-13
-19
-26
-25
-33
-35
-33
-36
-39
-41
-40
-37
-38
-35
-37
-44
-38
-47
-51
-60
-57
-51
-50
-45
-43
-43
-38
-37
-33
-26
-24
-22
-29
-26
-22
-15
-9
-7
-2
-2
0
1
11
11
11
14
2
12
8
4
6
-2
3
6
2
0
3
2
8
7
8
13
17
20
20
14
19
21
15
13
12
10
6
2
-2
-1
-5
-4
-5
-8
-7
-8
-7
-7
-7
-6
-4
-4
-6
-2
3
1
4
18
26
26
28
32
34
32
33
30
26
22
25
22
18
22
23
27
30
26
29
30
25
40
34
26
25
21
21
20
15
15
23
29
31
26
27
24
29
30
27
23
16
13
8
-2
-2
-2
-3
5
5
6
1
-7
-2
1
3
6
3
-3
3
-1
-2
1
-3
-5
-10
-9
-7
-2
-5
0
-2
-3
-5
-2
-2
-3
3
9
14
5
7
8
19
23
26
28
25
25
25
31
35
43
39
42
43
37
41
45
42
43
43
47
55
54
55
47
43
47
40
39
39
39
38
37
43
38
41
42
40
49
52
49
52
47
37
28
23
23
22
23
21
23
21
17
10
14
17
11
13
8
2
-3
0
2
0
-2
-6
-10
-4
-4
-6
-10
-11
-12
-17
-14
-16
-9
-8
-12
-6
-7
-10
-9
-12
-5
-3
-6
-4
-10
-11
1
-1
6
8
0
3
3
2
-3
-1
-3
1
3
0
1
4
1
2
2
-6
-10
-14
-20
-25
-29
-28
-27
-32
-34
-31
-33
-34
-28
-26
-20
-13
-13
-10
-18
-16
-12
-18
-11
-12
-20
-21
-23
-21
-22
-19
-16
-24
-21
-20
-20
-21
-25
-19
-17
-21
-24
-18
-22
-32
-30
-25
-30
-35
-44
-50
-50
-58
-53
-56
-54
-44
-46
-55
-64
-66
-65
-71
-77
-77
-83
-79
-79
-81
-75
-70
-61
-56
-49
-39
-37
-31
-30
-40
-37
-39
-36
-29
-30
-30
-32
-27
-29
-28
-24
-25
-18
-17
-18
-18
-17
-21
-26
-25
-26
-19
-9
-5
-3
3
9
23
25
23
26
26
30
35
34
33
32
32
41
45
46
37
41
41
41
38
30
30
22
19
22
21
19
18
18
22
26
30
33
30
25
16
12
11
8
11
3
8
8
4
8
6
2
-5
-8
-15
-19
-20
-14
-10
-16
-13
-15
-14
-14
-11
4
13
16
17
11
12
16
20
25
29
29
28
25
24
23
25
23
19
25
22
17
17
9
14
12
10
14
16
22
29
27
23
18
16
17
15
18
18
19
11
9
11
6
12
8
7
10
16
19
14
10
9
7
4
8
5
5
5
12
22
23
31
31
25
28
32
40
44
43
50
51
49
58
51
47
51
39
42
46
45
50
52
51
45
43
48
52
53
61
69
68
72
74
70
63
62
66
60
64
71
70
78
85
79
71
73
77
71
66
63
53
45
34
28
27
23
19
16
14
13
13
7
-1
-7
-15
-17
-19
-31
-41
-42
-44
-47
-51
-62
-66
-64
-62
-60
-57
-63
-64
-60
-59
-62
-61
-56
-53
-45
-49
-49
-45
-42
-45
-52
-51
-49
-50
-44
-47
-48
-47
-52
-63
-62
-56
-54
-47
-48
-55
-61
-61
-63
-51
-43
-42
-45
-41
-31
-27
-26
-28
-28
-28
-32
-28
-26
-25
-27
-36
-39
-47
-52
-53
-50
-41
-36
-35
-45
-55
-59
-57
-55
-48
-52
-53
-47
-40
-37
-38
-38
-41
-37
-36
-31
-27
-33
-45
-49
-55
-57
-54
-51
-51
-51
-50
-52
-47
-43
-45
-44
-38
-38
-37
-31
-36
-31
-29
-31
-19
-19
-9
-2
0
4
9
12
14
20
23
32
32
36
40
37
42
44
39
35
35
35
38
34
34
34
38
42
42
42
41
45
45
46
40
37
37
37
32
31
28
26
29
23
13
12
11
16
15
12
13
4
10
8
9
14
12
-2
-7
-9
-12
-15
-8
-3
-5
-7
-10
-14
-14
-13
-18
-22
-22
-26
-26
-13
-14
-14
-17
-18
-17
-15
-5
-2
-3
-3
6
10
14
21
26
24
18
22
34
38
37
40
44
39
41
45
44
46
40
34
34
31
20
19
17
12
17
16
15
16
16
21
19
11
3
4
11
12
11
12
14
14
14
9
11
2
-2
2
3
8
14
20
24
30
34
37
42
39
40
37
36
43
44
48
51
45
41
33
33
40
34
38
39
39
39
30
30
29
22
16
11
8
6
12
24
23
23
21
17
20
29
24
18
23
25
36
32
34
40
36
34
36
39
40
42
37
31
26
18
18
17
11
10
4
-3
3
7
5
7
8
5
-1
-7
-14
-10
-12
-11
-9
-15
-16
-19
-17
-18
-20
-15
-10
-10
-14
-16
-21
-28
-24
-26
-19
-12
-6
5
5
8
7
0
-6
-1
-4
-12
-10
-11
-11
-12
-8
-9
-13
-11
-10
-13
-25
-23
-27
-43
-44
-43
-48
-52
-62
-62
-59
-51
-47
-51
-55
-58
-56
-50
-49
-47
-48
-50
-53
-48
-56
-65
-64
-66
-63
-56
-56
-51
-55
-56
-54
-70
-70
-66
-63
-60
-57
-56
-57
-52
-58
-54
-45
-41
-39
-36
-31
-24
-18
-15
-14
-15
-16
-16
-20
-27
-19
-19
-24
-18
-15
-15
-10
-4
-1
3
2
10
12
17
18
10
9
10
11
9
8
11
18
19
23
30
36
36
36
41
41
41
34
24
26
24
20
21
16
11
10
13
19
25
32
40
39
37
37
32
33
25
22
18
26
23
19
20
18
23
26
23
22
17
9
10
9
13
14
11
9
16
18
16
9
7
5
0
1
1
2
4
2
-2
-1
-6
-8
2
5
-1
-4
-10
-17
-26
-34
-33
-32
-26
-20
-27
-28
-25
-27
-25
-16
-14
-13
-16
-17
-15
-12
-15
-11
-6
-5
1
0
1
-3
2
4
5
6
0
-4
-7
-2
-2
-8
-4
-8
-6
-2
-4
-2
-4
4
2
7
14
13
9
7
14
17
21
15
11
8
1
4
9
2
0
4
3
12
24
26
28
25
23
16
11
15
12
14
26
28
28
27
24
32
34
38
38
44
45
47
45
44
43
38
37
35
37
42
46
49
47
40
41
45
45
39
34
33
40
36
29
31
33
27
25
19
12
13
10
10
9
4
8
6
1
5
13
14
9
7
8
10
14
12
8
-1
5
15
21
22
15
22
24
33
37
34
34
17
12
15
5
4
-1
-13
-3
-5
-1
2
0
-1
-3
-3
-7
-9
-4
-4
3
-7
-11
-16
-16
-10
-2
0
-5
-11
-15
-11
-15
-20
-24
-29
-32
-30
-28
-23
-27
-30
-37
-36
-36
-35
-24
-29
-33
-34
-40
-42
-45
-48
-60
-63
-50
-49
-50
-45
-53
-59
-58
-59
-65
-67
-69
-58
-53
-57
-60
-54
-48
-42
-44
-49
-48
-47
-42
-44
-40
-34
-33
-30
-33
-41
-44
-37
-33
-36
-35
-30
-28
-22
-26
-24
-19
-18
-14
-8
-1
7
21
21
17
15
16
18
23
31
30
29
29
29
30
34
39
38
39
38
34
26
24
16
12
16
4
1
5
0
1
2
0
-4
-5
-6
-4
1
-4
-8
-13
-13
-6
-3
-6
-10
-11
-11
-11
-7
-8
-15
-13
-14
-15
-12
-15
-14
-9
-9
-7
-10
-11
-15
-11
-11
-21
-20
-15
-12
-5
5
12
15
5
9
11
8
10
10
9
6
5
6
6
4
0
-1
5
8
6
4
5
-2
-8
-10
-15
-13
-19
-27
-29
-35
-34
-34
-30
-27
-31
-32
-36
-44
-40
-36
-34
-33
-38
-39
-40
-37
-39
-33
-27
-24
-16
-4
5
4
7
8
2
9
12
17
16
9
16
16
20
28
31
39
34
30
31
27
27
30
27
28
38
38
35
33
34
45
51
54
62
67
77
80
82
77
74
75
79
82
82
93
91
88
80
74
86
90
89
95
89
89
87
84
91
87
81
82
90
88
82
81
80
81
72
75
76
70
70
69
57
48
44
37
39
34
33
32
33
28
22
24
22
19
12
8
10
5
-6
-7
-12
-13
-9
-11
-14
-12
-16
-11
-9
-10
-5
-7
-13
-20
-26
-39
-41
-41
-33
-28
-27
-23
-26
-24
-19
-14
-10
-13
-12
-17
-26
-27
-35
-37
-32
-34
-33
-35
-38
-31
-31
-35
-38
-40
-40
-43
-39
-38
-42
-46
-45
-50
-56
-57
-59
-63
-74
-70
-63
-58
-59
-66
-58
-54
-51
-48
-48
-46
-49
-57
-51
-51
-55
-52
-55
-52
-54
-55
-56
-55
-47
-45
-42
-36
-26
-23
-23
-33
-32
-32
-23
-11
-14
-10
-8
-2
1
7
6
5
8
6
10
10
16
15
8
2
-2
1
2
9
9
11
11
9
1
-6
-4
-7
-13
-20
-29
-34
-24
-23
-20
-26
-25
-19
-23
-25
-20
-21
-23
-21
-23
-20
-19
-20
-21
-22
-30
-28
-21
-19
-20
-18
-20
-20
-17
-10
-7
-8
0
-1
0
-3
-6
-6
-4
-5
-7
-1
-2
-1
1
-2
-2
1
-7
-11
-15
-19
-18
-23
-16
-19
-25
-28
-24
-28
-30
-24
-26
-26
-22
-19
-15
-8
-12
-15
-14
-12
-7
-2
4
1
8
-2
-7
-1
-1
4
7
4
1
4
2
4
3
2
2
2
2
3
3
7
10
13
11
-5
0
0
2
6
12
20
21
23
17
24
30
33
31
32
34
38
45
44
45
46
44
44
47
49
44
42
40
38
42
44
44
44
47
49
45
40
47
51
49
41
43
41
35
39
34
36
31
29
32
29
34
36
37
37
32
31
34
33
41
42
51
54
50
47
47
51
51
52
46
52
55
57
55
50
55
56
56
55
60
63
51
49
52
47
44
31
15
15
20
21
23
22
16
15
14
11
10
7
5
-4
-4
-2
-2
-4
-10
-13
-16
-10
-4
-4
-5
-11
-16
-20
-30
-27
-35
-42
-42
-45
-42
-35
-32
-30
-29
-25
-21
-23
-20
-26
-32
-30
-32
-34
-35
-32
-29
-34
-40
-44
-36
-35
-36
-34
-44
-44
-43
-44
-39
-36
-33
-32
-38
-32
-30
-33
-26
-24
-24
-26
-27
-36
-41
-43
-47
-49
-48
-45
-48
-47
-51
-51
-45
-41
-38
-36
-37
-37
-32
-36
-36
-35
-37
-44
-42
-39
-39
-36
-32
-29
-22
-12
-9
-2
2
6
7
0
-5
-13
-12
-10
-9
-12
-17
-13
-11
-16
-20
-19
-10
-4
4
12
6
11
10
7
7
4
7
1
-2
0
-5
1
2
2
4
0
2
5
2
0
-6
-8
-16
-20
-25
-32
-27
-29
-25
-32
-31
-28
-28
-23
-18
-5
-1
-2
-3
-10
-10
-8
-8
-5
-8
-3
-4
-2
-1
2
9
11
8
8
10
7
4
-1
-2
5
9
9
10
7
6
1
-7
-3
-6
-2
2
-2
-3
-4
-4
-6
3
-2
-3
-4
-11
-10
-14
-12
-10
-12
-9
-8
-9
-4
-2
-9
-6
-3
-8
-5
-7
-12
-10
-12
-6
-2
-3
-1
5
5
3
4
-3
2
-2
0
2
-5
-5
-4
-5
1
8
13
14
15
23
23
32
35
34
29
17
20
29
31
35
37
38
38
37
40
37
36
40
36
34
36
36
37
37
37
39
40
41
45
42
43
44
40
42
43
46
51
52
50
52
48
45
42
42
42
41
44
36
28
30
26
31
30
25
32
32
36
36
34
41
41
40
43
48
49
47
41
31
35
37
42
44
45
46
40
32
29
32
27
24
22
20
27
26
23
26
24
24
30
29
18
17
13
13
13
8
5
0
-1
-2
-6
-7
-6
-15
-11
-15
-20
-20
-23
-21
-23
-21
-25
-24
-16
-11
-13
-13
-20
-16
-19
-12
-13
-19
-15
-19
-18
-18
-14
-14
-13
-20
-18
-17
-18
-16
-22
-24
-32
-34
-35
-39
-40
-47
-49
-55
-50
-46
-43
-43
-47
-39
-38
-44
-46
-47
-46
-45
-46
-46
-46
-50
-47
-48
-49
-45
-44
-37
-36
-36
-39
-34
-34
-35
-38
-35
-33
-37
-34
-27
-28
-26
-19
-19
-15
-15
-10
-3
-7
-7
-2
7
5
13
12
9
6
9
21
30
31
31
31
19
15
20
27
24
23
19
16
15
14
12
15
10
4
3
1
3
1
1
-15
-21
-22
-22
-16
-15
-15
-23
-27
-25
-25
-25
-20
-16
-20
-21
-16
-21
-22
-25
-22
-17
-18
-18
-21
-22
-18
-16
-17
-19
-13
-16
-16
-20
-27
-26
-24
-22
-15
-15
-19
-10
-18
-18
-15
-12
-5
-8
-9
-10
-11
-12
-3
-4
-8
-9
-16
-14
-14
-21
-25
-25
-28
-28
-24
-27
-31
-33
-37
-36
-37
-35
-31
-33
-32
-35
-36
-37
-36
-32
-26
-21
-18
-17
-13
-3
-5
-1
-2
3
8
9
15
13
13
10
13
21
24
35
34
31
30
33
35
33
39
42
41
39
46
46
37
35
39
38
50
56
60
60
55
55
54
53
56
67
65
64
71
64
61
63
63
70
70
73
71
74
73
69
70
69
66
59
62
58
66
70
69
63
50
47
43
40
41
43
43
45
40
32
27
24
22
16
15
20
22
24
16
14
14
9
16
16
21
23
22
18
9
1
-4
0
7
7
8
9
14
11
-1
2
4
5
3
4
-2
-7
-11
-13
-12
-12
-10
-8
-11
-8
-4
-4
-13
-12
-14
-17
-14
-10
-2
-4
1
2
-2
-1
-1
-13
-15
-12
-15
-16
-16
-12
-17
-11
-16
-16
-17
-27
-26
-33
-28
-30
-40
-45
-43
-42
-47
-42
-46
-44
-43
-45
-44
-44
-42
-39
-39
-38
-31
-28
-24
-28
-30
-35
-37
-30
-23
-17
-13
-8
-6
-7
-5
-7
-10
-6
-2
1
0
-2
2
-5
-9
-13
-17
-13
-19
-13
-14
-12
-9
-10
-7
-9
-12
-14
-20
-22
-24
-19
-22
-21
-19
-18
-17
-19
-24
-25
-15
-19
-15
-18
-23
-23
-20
-21
-18
-13
-15
-12
-6
-6
-12
-14
-13
-9
-9
-4
-6
-14
-13
-15
-12
-9
-9
-3
3
6
5
3
-2
-4
-2
-1
-2
-3
-10
-23
-19
-20
-32
-27
-23
-22
-22
-21
-19
-21
-26
-26
-27
-27
-23
-20
-21
-19
-18
-22
-24
-25
-21
-26
-33
-27
-28
-33
-25
-22
-21
-22
-24
-18
-14
-10
-6
-9
-5
-2
-1
6
-1
-2
-3
-6
-11
-7
-8
-4
2
3
7
5
5
2
4
12
10
3
-2
-3
-6
-7
-5
-7
-1
-2
-2
1
3
-4
-6
-9
-16
-18
-16
-6
-4
-3
-4
-8
-1
-5
-5
2
5
10
6
8
10
8
10
9
9
22
27
21
20
21
21
20
12
11
8
12
16
11
21
28
38
45
47
40
39
37
40
45
47
47
44
45
39
38
38
44
52
48
49
53
50
48
46
42
41
44
49
55
57
56
57
53
43
45
53
52
58
60
60
62
62
63
56
52
55
60
58
60
58
54
49
47
46
46
50
52
62
55
51
50
44
45
45
44
45
48
48
48
51
52
50
49
50
47
41
32
32
35
26
13
-2
-13
-15
-15
-16
-17
-23
-24
-31
-32
-35
-40
-48
-49
-57
-60
-54
-67
-67
-69
-69
-74
-75
-72
-67
-61
-63
-57
-59
-63
-59
-56
-58
-57
-60
-57
-54
-54
-49
-54
-53
-44
-41
-39
-34
-29
-25
-24
-28
-29
-26
-28
-24
-28
-26
-29
-35
-29
-34
-33
-25
-31
-28
-28
-23
-18
-16
-10
-12
-6
-7
-8
-5
-9
-7
-15
-18
-11
-11
-5
-3
1
3
11
20
22
24
27
22
17
12
7
10
18
9
3
-1
3
1
1
7
3
2
-1
-5
-9
-3
0
-3
-7
-5
1
-4
-6
-3
-4
-3
-1
-5
-7
-8
-8
-5
1
-4
-9
-12
-20
-21
-21
-22
-22
-29
-31
-32
-31
-34
-35
-35
-37
-33
-33
-27
-19
-32
-33
-28
-32
-34
-30
-32
-33
-29
-39
-42
-48
-52
-48
-53
-53
-57
-50
-46
-48
-46
-54
-47
-41
-46
-44
-41
-39
-38
-42
-43
-43
-39
-37
-39
-46
-39
-30
-32
-23
-19
-20
-15
-1
2
5
3
-4
-1
-6
-10
-5
-4
-1
5
10
13
14
16
11
10
9
12
7
7
3
3
9
15
20
21
26
24
30
40
47
43
40
37
41
51
53
53
55
57
63
68
64
66
67
71
74
76
81
75
79
77
74
69
67
69
74
77
77
72
62
67
65
68
71
63
66
61
61
62
58
58
52
42
40
39
36
23
14
16
18
20
21
21
25
25
31
40
37
34
29
32
32
30
32
24
28
27
28
32
23
24
19
20
18
14
8
3
1
4
8
11
13
8
7
9
1
1
4
6
6
10
10
1
2
-1
-4
-8
-6
-4
-4
-7
-13
-16
-14
-13
-18
-21
-24
-30
-27
-29
-33
-38
-41
-42
-48
-39
-35
-42
-45
-44
-46
-47
-36
-35
-37
-39
-44
-40
-39
-45
-53
-53
-54
-45
-37
-38
-37
-37
-39
-41
-38
-36
-33
-38
-31
-25
-21
-28
-33
-32
-26
-19
-13
-14
-14
-9
-10
-10
-6
-5
-4
0
1
3
12
14
12
12
13
17
18
28
33
38
42
47
51
48
45
45
53
52
53
52
47
52
54
54
55
48
45
40
30
19
14
3
-1
-1
-6
-7
-4
-5
-3
-2
-3
-1
-2
-5
-6
-8
-13
-22
-25
-30
-34
-37
-43
-52
-52
-49
-48
-45
-47
-51
-57
-63
-71
-69
-66
-65
-66
-64
-60
-55
-54
-60
-63
-66
-67
-63
-61
-62
-62
-65
-59
-54
-54
-52
-44
-40
-34
-31
-34
-34
-36
-29
-31
-20
-13
-10
-4
1
9
9
8
5
-1
0
1
2
6
4
-4
-2
5
9
15
22
23
15
11
3
3
-4
-4
-10
-18
-24
-27
-28
-25
-20
-17
-12
-17
-17
-18
-7
0
-1
-4
-2
-1
-6
3
5
5
14
15
15
12
16
16
15
11
12
13
9
15
17
19
17
17
17
16
24
22
21
23
19
25
25
27
29
28
39
37
42
44
39
38
40
39
33
32
35
37
36
47
48
44
50
49
48
48
44
46
42
39
46
42
37
36
39
37
35
34
30
28
30
26
15
8
3
-1
-7
-5
-5
-2
-5
-10
-7
-11
-8
-11
-16
-10
-4
-1
2
2
8
12
14
16
10
2
5
8
12
9
3
12
11
14
17
14
10
10
10
9
5
4
-2
-4
-6
-5
-4
-7
-5
-7
-12
-6
-4
-1
-2
-4
-5
-2
1
-2
2
2
10
18
25
30
36
32
24
25
18
16
8
8
11
15
17
14
8
8
13
7
6
7
-3
-5
-4
-8
-13
-18
-17
-19
-15
-14
-13
-11
-16
-10
-6
-9
-18
-15
-15
-15
-8
-14
-14
-11
-7
-3
1
3
5
7
8
11
15
19
16
10
4
4
1
3
11
3
1
0
0
10
20
26
32
34
26
24
24
20
17
10
3
-2
-3
0
1
-8
-17
-19
-23
-26
-25
-28
-24
-22
-21
-20
-20
-25
-25
-18
-23
-25
-20
-16
-14
-13
-12
-16
-12
-15
-18
-20
-21
-23
-23
-19
-26
-23
-27
-25
-31
-38
-40
-38
-38
-40
-38
-45
-41
-43
-40
-41
-39
-40
-39
-34
-35
-38
-39
-42
-41
-44
-40
-28
-27
-24
-24
-22
-19
-9
-7
-3
-8
-13
-16
-20
-23
-29
-28
-29
-32
-27
-23
-25
-27
-29
-32
-34
-29
-26
-23
-29
-34
-38
-40
-39
-39
-46
-43
-40
-41
-36
-28
-28
-28
-21
-19
-17
-10
-8
-6
-1
2
8
11
6
9
16
12
18
27
24
22
19
19
16
11
5
5
1
4
10
13
12
10
14
12
10
11
13
14
14
11
12
11
10
3
-2
3
-3
-2
8
9
10
11
15
16
24
27
30
35
40
51
48
52
50
53
57
55
62
60
59
51
50
54
62
63
63
70
75
82
83
76
73
74
71
67
63
63
59
58
61
65
65
65
65
59
62
60
58
56
65
65
67
64
59
55
50
45
42
39
28
19
10
0
-7
-10
-13
-12
-19
-20
-13
-20
-21
-23
