30
41
33
33
32
36
32
31
32
44
46
53
54
50
49
48
50
51
48
46
45
39
32
34
29
28
40
47
51
54
52
56
56
56
54
51
48
41
37
33
28
28
32
39
42
42
46
49
46
46
43
38
32
21
23
20
20
19
19
16
17
20
14
16
15
12
17
14
15
16
17
17
8
12
15
11
9
5
3
3
3
5
4
2
3
7
13
10
11
14
13
16
12
14
13
5
-1
2
6
0
1
0
3
2
4
-3
-3
-2
-13
-10
-6
-11
-14
-18
-20
-24
-22
-21
-22
-18
-21
-22
-19
-23
-32
-35
-39
-43
-43
-47
-45
-48
-55
-54
-53
-54
-54
-52
-51
-51
-50
-51
-51
-50
-55
-55
-54
-58
-50
-49
-48
-51
-49
-47
-54
-55
-57
-52
-55
-48
-37
-32
-28
-31
-32
-34
-39
-37
-38
-36
-32
-30
-27
-28
-25
-22
-27
-25
-22
-29
-29
-32
-41
-45
-48
-53
-53
-50
-53
-48
-45
-45
-42
-40
-39
-42
-47
-45
-44
-48
-51
-50
-51
-48
-48
-53
-54
-53
-51
-49
-46
-44
-43
-43
-44
-41
-44
-42
-38
-41
-37
-37
-39
-40
-44
-43
-44
-49
-46
-43
-36
-38
-38
-39
-38
-38
-39
-41
-39
-36
-34
-36
-35
-34
-31
-23
-12
-10
-9
-8
-2
5
8
13
15
18
15
21
17
21
23
28
34
36
41
39
35
35
36
33
34
37
38
38
44
50
48
53
51
50
55
55
53
48
46
42
38
34
35
40
42
39
35
35
36
39
36
28
28
21
21
26
18
19
13
15
23
23
34
33
29
30
23
23
26
33
28
22
31
30
38
41
48
55
52
60
62
61
59
58
57
56
55
56
59
54
59
66
69
79
81
83
85
82
76
67
61
62
59
60
60
58
57
51
44
36
38
40
45
43
39
41
39
37
41
35
33
35
30
33
27
21
19
8
6
1
1
-4
-2
4
3
2
-1
4
5
2
-11
-11
-9
-4
-6
-13
-5
-4
-2
0
1
-6
-8
-5
-4
0
2
-2
-9
-11
-13
-8
-2
2
9
13
11
16
12
7
8
6
6
7
1
8
6
-1
1
2
6
14
13
12
17
13
7
-5
-9
-16
-16
-19
-26
-31
-35
-31
-31
-29
-29
-31
-31
-27
-35
-31
-43
-43
-44
-48
-48
-43
-40
-47
-48
-54
-50
-46
-43
-49
-54
-50
-52
-45
-46
-45
-43
-52
-50
-54
-61
-60
-59
-63
-65
-69
-66
-63
-63
-62
-68
-70
-66
-69
-63
-61
-66
-56
-53
-57
-53
-51
-48
-50
-54
-52
-40
-42
-38
-40
-44
-42
-40
-36
-42
-42
-38
-44
-42
-38
-40
-40
-41
-46
-44
-41
-44
-46
-48
-52
-49
-50
-54
-46
-45
-43
-42
-36
-36
-35
-36
-36
-27
-24
-22
-28
-29
-31
-39
-28
-28
-33
-25
-26
-20
-22
-19
-15
-11
-5
-6
2
0
-4
0
-1
-4
-2
-1
-3
3
2
4
7
11
19
21
24
23
24
32
31
32
35
33
37
35
30
31
30
31
31
32
35
39
44
38
38
39
42
41
38
36
33
42
45
46
50
48
42
43
39
34
40
37
37
38
34
32
31
35
33
38
42
36
34
35
39
31
27
24
23
24
26
30
30
35
34
32
40
42
41
44
40
46
45
41
41
43
44
51
55
55
56
55
60
59
59
55
53
51
50
48
46
50
49
53
50
48
56
55
57
57
49
52
51
50
53
45
40
37
44
47
49
53
51
46
47
41
42
35
32
33
33
35
31
30
30
29
28
32
30
26
26
29
33
31
34
33
33
38
33
35
34
32
28
30
29
27
22
21
16
12
17
17
20
21
22
22
23
22
20
19
13
13
6
3
2
-1
1
1
-6
-4
3
-1
-2
-3
-6
-15
-23
-29
-31
-37
-37
-32
-41
-42
-42
-38
-37
-38
-36
-46
-53
-53
-56
-58
-54
-55
-49
-42
-38
-41
-37
-38
-41
-36
-34
-40
-44
-46
-48
-43
-50
-51
-43
-41
-40
-37
-36
-37
-40
-42
-47
-52
-55
-56
-49
-50
-42
-42
-51
-44
-48
-54
-54
-59
-59
-55
-57
-56
-55
-56
-55
-53
-56
-64
-61
-57
-52
-51
-45
-50
-52
-56
-60
-57
-57
-49
-50
-50
-48
-48
-48
-52
-56
-58
-53
-49
-46
-49
-44
-44
-42
-34
-34
-33
-30
-30
-33
-32
-36
-28
-34
-37
-32
-34
-31
-32
-25
-28
-19
-13
-12
-9
-15
-8
-15
-12
-9
-6
1
4
8
1
9
5
13
17
20
24
15
11
5
13
-3
58
97
84
97
87
85
75
76
76
72
70
67
62
65
64
55
51
41
35
40
41
34
33
32
31
30
27
23
23
23
27
24
19
17
5
0
-2
-7
-10
-5
-5
-8
0
-5
-6
-6
-9
-6
-4
-4
-5
-7
-7
-2
-1
2
6
7
13
18
19
23
22
23
26
25
24
19
18
20
24
27
33
40
30
33
26
19
15
8
14
16
21
23
21
23
16
10
8
-1
-5
-6
-2
-3
-7
-10
-16
-7
-7
-11
-10
-13
-11
-15
-21
-27
-35
-35
-26
-26
-26
-28
-31
-27
-27
-21
-16
-16
-14
-8
-12
-17
-8
-15
-10
-10
-8
-9
-16
-11
-11
-6
-11
-9
-7
-9
-6
-7
-4
-10
-7
-1
-5
-8
-9
-12
-13
-11
-10
-7
-6
-8
-10
-2
2
5
2
4
6
11
7
9
7
0
3
4
10
11
22
24
32
32
27
30
27
33
29
33
36
37
37
37
35
38
40
37
43
46
44
47
49
46
42
40
35
31
25
32
34
28
39
39
43
36
32
31
35
35
34
38
32
23
17
9
5
2
0
11
11
5
7
-3
-3
-4
-13
-10
-19
-19
-18
-18
-16
-23
-26
-24
-24
-30
-27
-22
-24
-23
-20
-24
-24
-25
-20
-14
-13
-5
-4
-1
2
0
-8
-10
-8
-8
-4
-4
0
7
3
1
5
1
7
6
11
14
7
5
3
-2
-2
2
3
1
3
6
5
0
0
3
-4
-5
-6
0
6
7
4
0
-1
-5
-5
-8
-10
-15
-23
-25
-23
-19
-22
-26
-22
-23
-22
-18
-21
-21
-21
-20
-20
-17
-17
-17
-15
-18
-17
-17
-15
-12
-7
-2
-2
-8
-8
-7
-7
-7
-5
-9
-10
-8
-5
-1
5
5
5
0
-1
-4
-2
-1
1
4
-4
-2
-9
-12
-13
-11
-12
-16
-15
-19
-17
-22
-27
-25
-30
-29
-25
-24
-24
-22
-26
-24
-18
-20
-20
-24
-18
-18
-26
-29
-29
-29
-33
-25
-29
-23
-19
-16
-13
-17
-14
-10
-18
-17
-17
-16
-12
-10
-9
-13
-7
-7
-8
-5
-7
-13
-13
-15
-13
-15
-14
-14
-10
-2
3
-2
-2
-2
1
7
2
8
6
1
6
10
12
17
18
19
26
22
21
16
14
11
16
20
22
23
24
26
25
25
28
26
27
24
26
28
27
23
19
21
16
19
16
14
15
8
4
-3
-7
-8
-10
-10
-11
-10
-9
-10
-6
-12
-10
-8
-8
-10
-9
-8
-14
-12
-14
-14
-14
-16
-19
-8
-8
-5
-5
-7
-5
-13
-4
-1
-8
-9
-8
-5
0
-2
-2
0
1
5
8
10
15
21
17
20
22
27
32
40
37
40
44
42
51
49
47
46
50
48
53
53
53
57
57
65
72
79
78
74
70
65
58
46
43
39
28
28
24
27
31
34
38
39
37
35
29
22
18
9
2
0
0
1
6
7
12
11
12
17
11
8
11
10
7
6
0
-6
-6
-1
-4
-1
0
6
10
18
19
20
25
24
22
18
18
18
16
10
11
19
14
21
21
17
16
14
16
10
16
19
16
15
18
17
16
15
19
23
21
22
22
19
11
9
6
4
6
6
3
9
9
2
-2
-6
-18
-19
-21
-23
-28
-33
-31
-33
-30
-26
-27
-33
-34
-36
-47
-48
-49
-54
-57
-67
-69
-76
-75
-74
-71
-68
-68
-60
-64
-63
-63
-64
-62
-68
-64
-63
-64
-62
-62
-64
-56
-54
-49
-41
-36
-33
-29
-32
-38
-32
-26
-24
-23
-23
-26
-27
-33
-32
-29
-25
-23
-20
-20
-10
-5
-6
3
9
18
20
19
22
19
20
22
21
19
15
17
14
17
10
14
17
12
10
10
6
-1
1
-2
1
1
-8
-9
-9
-11
-15
-24
-21
-27
-26
-22
-28
-29
-32
-37
-38
-46
-48
-46
-44
-40
-43
-42
-43
-46
-43
-40
-38
-37
-33
-30
-25
-24
-24
-22
-18
-20
-20
-17
-21
-12
-7
-5
-9
-9
-8
-4
0
-6
-3
-8
-6
4
1
7
4
3
6
8
8
13
14
12
13
7
9
3
-1
-2
2
3
2
5
-1
2
4
4
10
3
2
7
2
3
-5
-9
-10
-5
-2
-5
0
-4
1
7
11
13
15
22
25
27
25
28
26
26
24
26
30
34
37
33
35
36
40
40
42
38
34
40
44
47
47
46
45
48
52
47
47
51
54
54
51
49
51
50
51
53
50
54
64
73
71
68
73
66
54
52
53
56
52
51
53
48
49
49
46
43
40
38
32
26
28
24
16
10
1
-2
2
5
11
3
-4
1
-3
-4
-5
-9
-15
-21
-24
-27
-22
-20
-25
-27
-24
-19
-19
-20
-16
-17
-10
-7
-12
-15
-18
-22
-12
-9
-17
-16
-19
-20
-10
-11
-13
-8
-4
-3
-3
0
3
0
1
4
8
9
11
13
10
8
3
5
5
2
11
13
15
14
6
10
8
1
-2
-7
-9
-9
-13
-14
-18
-22
-22
-27
-31
-33
-33
-35
-38
-35
-35
-45
-48
-48
-53
-51
-59
-58
-53
-56
-52
-55
-58
-57
-60
-60
-68
-62
-54
-53
-51
-53
-50
-52
-47
-41
-44
-38
-34
-29
-24
-34
-31
-36
-36
-28
-27
-19
-22
-17
-16
-17
-13
-14
-19
-19
-16
-14
-15
-9
-11
-13
-8
-14
-14
-12
-13
-9
-8
-8
-7
-4
-7
-7
-9
-9
-2
-7
-3
1
0
-3
-1
-1
0
0
-3
-5
-3
-1
1
1
3
3
2
1
-2
0
0
-2
-4
-7
-11
-6
-10
-9
-7
-9
-10
-12
-14
-17
-21
-21
-23
-22
-19
-22
-19
-17
-20
-13
-11
-15
-9
-7
-8
-8
-11
-20
-22
-22
-22
-19
-18
-13
-13
-16
-8
3
0
-1
3
5
9
15
17
14
13
15
15
25
27
30
42
47
46
49
46
43
48
44
49
51
53
57
51
59
63
59
59
62
59
58
55
51
53
46
45
45
38
41
44
39
34
31
37
28
22
23
11
14
11
7
12
9
8
7
7
3
3
-1
0
0
-2
-3
-8
-10
-11
-10
-6
-10
-7
-1
0
0
-1
1
-1
5
1
3
9
13
19
21
24
29
31
32
38
42
43
40
41
31
34
38
30
36
38
38
42
43
48
44
37
37
38
35
33
31
29
32
25
21
22
23
19
18
21
22
23
19
16
10
7
4
5
11
12
6
8
4
3
5
7
12
13
18
17
15
13
11
10
5
6
5
3
7
9
6
2
2
3
2
1
2
-1
-2
-4
-2
-2
-6
-7
-10
-7
-4
1
2
2
6
2
0
1
-1
0
3
0
-3
-4
-5
-4
-15
-13
-11
-12
-15
-18
-16
-20
-15
-15
-20
-23
-28
-25
-27
-26
-27
-28
-36
-38
-41
-46
-44
-49
-45
-52
-63
-59
-56
-58
-60
-60
-62
-59
-60
-60
-59
-61
-60
-55
-53
-54
-57
-54
-52
-54
-53
-47
-40
-40
-37
-42
-36
-39
-44
-38
-39
-36
-36
-32
-33
-30
-18
-12
-16
-16
-7
-4
5
8
9
10
8
11
8
10
6
1
1
2
5
3
4
4
2
6
11
12
12
13
13
11
9
9
11
17
19
19
23
19
12
10
9
5
6
4
4
-1
-1
-1
-6
-2
2
-2
-5
-6
-6
-8
-11
-12
-17
-22
-24
-24
-28
-31
-23
-28
-27
-23
-24
-17
-18
-27
-32
-31
-37
-41
-42
-42
-39
-44
-44
-45
-44
-42
-44
-40
-35
-27
-24
-26
-26
-28
-31
-27
-27
-25
-17
-16
-6
-10
-8
-5
-10
-6
-5
2
6
9
13
12
14
12
17
19
23
23
25
24
28
35
37
39
36
39
40
43
41
39
41
38
32
33
36
36
33
32
30
33
32
29
30
25
25
19
18
17
21
21
25
26
27
25
23
23
22
18
20
23
27
27
22
28
32
39
40
43
43
45
48
37
33
38
36
41
42
45
41
38
47
44
44
43
38
35
37
29
31
30
24
25
19
27
31
29
26
31
30
24
25
15
14
10
12
15
13
19
21
24
18
19
13
8
1
-6
-5
-12
-14
-16
-11
-4
-3
1
5
4
8
6
3
8
7
3
-5
-4
-4
-3
-5
-4
-3
-2
-3
1
5
5
7
7
10
4
4
-2
-6
-4
-7
-4
-8
-8
3
5
4
5
0
-8
-9
-15
-16
-22
-24
-19
-19
-17
-22
-21
-20
-17
-11
-8
-4
-3
-14
-8
-9
-4
3
-1
1
-1
3
5
9
7
12
14
10
12
11
12
19
16
18
20
14
17
5
4
2
5
6
0
-3
-10
-11
-12
-15
-20
-23
-15
-11
-20
-19
-22
-31
-36
-38
-43
-44
-48
-49
-50
-48
-53
-54
-48
-51
-48
-45
-46
-47
-52
-55
-55
-56
-57
-55
-52
-57
-50
-57
-55
-51
-51
-47
-42
-38
-38
-38
-45
-40
-40
-41
-43
-49
-44
-43
-42
-41
-39
-30
-30
-35
-31
-28
-27
-30
-24
-26
-26
-26
-30
-27
-35
-33
-33
-33
-33
-29
-25
-27
-25
-26
-22
-25
-20
-18
-12
-7
-6
-2
-5
-5
-6
-4
4
9
11
9
7
11
7
10
14
16
24
28
24
28
28
26
26
26
29
29
31
38
42
47
50
47
44
40
33
34
32
37
38
44
47
43
46
43
40
42
41
37
36
34
33
32
34
28
25
24
22
24
23
19
19
16
17
18
15
13
14
21
20
17
17
23
22
25
21
26
26
21
25
23
31
29
26
33
34
32
39
39
42
39
38
37
37
37
29
35
33
30
34
33
30
26
27
24
23
23
21
17
19
19
15
16
17
17
19
20
19
24
18
13
16
18
18
17
21
18
10
17
18
19
19
15
22
26
26
32
36
38
35
35
40
35
38
40
40
43
48
50
50
45
45
41
40
43
37
39
41
40
39
40
43
36
33
26
30
24
15
23
26
18
12
18
11
15
11
3
5
1
-8
-11
-14
-17
-10
-10
-7
-7
-10
-12
-15
-18
-19
-20
-26
-25
-28
-29
-25
-30
-27
-22
-22
-19
-15
-12
-10
-7
-10
-9
-16
-19
-11
-13
-11
-7
-9
-4
-8
-13
-17
-23
-19
-20
-22
-28
-32
-36
-40
-51
-53
-50
-49
-45
-40
-29
-34
-35
-37
-42
-43
-46
-46
-43
-45
-42
-38
-41
-38
-42
-43
-39
-36
-30
-28
-36
-34
-33
-41
-44
-45
-44
-47
-49
-47
-43
-51
-45
-44
-48
-45
-48
-53
-52
-52
-54
-56
-56
-60
-62
-55
-60
-60
-62
-65
-64
-68
-69
-64
-65
-72
-69
-70
-75
-80
-79
-78
-76
-72
-67
-64
-63
-57
-61
-53
-51
-56
-47
-51
-46
-39
-35
-34
-33
-31
-30
-23
-17
-12
-1
5
7
10
19
29
28
32
30
32
34
31
30
31
31
27
36
41
43
40
41
47
45
44
41
36
26
22
19
10
6
7
8
5
1
8
12
19
24
22
23
13
3
4
2
9
10
8
8
3
-2
-3
-1
8
13
15
19
25
26
25
30
34
37
34
39
43
46
53
51
53
52
54
53
58
56
57
62
62
64
61
61
59
60
61
60
56
51
48
45
47
51
49
49
50
45
51
50
49
50
41
42
40
39
41
35
38
37
34
33
31
33
36
35
32
25
20
20
12
8
5
8
8
6
4
3
12
8
6
7
3
2
4
1
4
8
7
10
7
8
9
5
9
11
13
16
16
26
30
30
30
32
29
26
35
32
32
37
32
28
27
25
29
34
35
34
38
36
31
32
27
21
16
16
11
8
2
-2
4
-2
-1
-3
-4
-5
-13
-15
-15
-15
-15
-18
-19
-20
-25
-27
-29
-24
-25
-26
-33
-34
-39
-48
-55
-61
-63
-60
-56
-54
-51
-55
-47
-44
-43
-41
-43
-47
-52
-46
-41
-45
-47
-48
-49
-51
-46
-49
-48
-45
-45
-43
-45
-43
-42
-41
-43
-43
-41
-41
-35
-29
-32
-25
-19
-23
-24
-25
-29
-32
-28
-30
-30
-30
-26
-20
-16
-12
-8
-11
-9
0
0
1
-3
-5
-10
-9
-13
-19
-18
-21
-17
-19
-18
-13
-15
-19
-17
-21
-26
-29
-32
-34
-43
-43
-38
-36
-40
-42
-44
-46
-49
-50
-49
-51
-51
-52
-54
-52
-51
-51
-47
-47
-43
-39
-41
-37
-31
-32
-27
-22
-21
-20
-19
-12
-8
-6
-9
-3
-1
3
7
12
10
5
9
9
11
11
14
23
33
33
37
36
35
34
37
37
33
37
38
41
38
37
34
27
29
34
32
36
34
30
29
28
26
29
28
21
24
14
16
20
21
21
17
21
14
10
3
-1
-8
-5
-4
-7
-9
-8
-11
-18
-15
-10
-4
-3
4
2
0
-3
-9
-1
0
3
6
12
9
12
15
20
22
25
28
30
33
30
30
30
34
33
39
37
40
38
38
45
42
47
46
50
53
57
67
67
69
72
77
80
84
83
76
78
78
80
78
78
77
74
75
74
72
67
65
65
59
58
52
38
32
23
25
27
24
25
22
20
14
14
10
5
1
-8
-10
-3
-7
-16
-18
-16
-18
-14
-14
-23
-26
-24
-25
-31
-38
-45
-44
-43
-41
-42
-38
-28
-23
-15
-12
-15
-16
-15
-15
-12
-4
7
6
3
3
6
6
10
11
13
21
31
39
36
30
26
33
36
39
44
46
49
47
47
38
33
32
25
31
29
28
27
25
17
18
15
4
4
1
2
3
4
0
-6
-9
-9
-14
-11
-15
-19
-19
-30
-34
-42
-51
-55
-60
-60
-57
-57
-53
-55
-59
-60
-65
-69
-77
-80
-77
-74
-71
-75
-77
-72
-73
-68
-62
-59
-57
-49
-44
-43
-35
-35
-35
-31
-23
-19
-10
-3
-1
6
15
12
14
21
21
24
24
28
25
26
24
28
31
44
46
37
35
28
26
18
13
10
7
-4
-4
-1
-6
-7
-9
-18
-27
-26
-26
-30
-33
-34
-45
-48
-52
-58
-63
-69
-71
-67
-68
-73
-70
-69
-69
-69
-70
-70
-71
-66
-63
-59
-54
-60
-57
-52
-50
-48
-40
-36
-30
-26
-25
-20
-23
-16
-13
-8
-4
0
-1
2
12
17
21
18
17
16
15
9
8
14
18
14
16
12
12
17
14
15
19
21
22
28
25
30
26
23
24
25
22
19
14
16
14
15
23
17
13
8
7
2
-3
0
-3
-8
-13
-12
-11
-10
-10
-7
-10
-22
-23
-24
-27
-25
-28
-28
-22
-18
-16
-18
-17
-14
-19
-18
-11
-13
-8
-2
-3
-5
1
9
8
14
12
12
15
19
27
28
35
38
43
47
52
54
52
55
63
64
67
72
68
63
63
63
65
66
60
61
61
60
61
60
59
48
48
47
47
36
31
32
22
19
11
9
5
6
6
0
-5
-11
-11
-10
-7
-8
-8
-8
-3
-7
-11
-11
-12
-12
-10
-3
-4
-4
-5
0
-3
-9
-4
-8
-9
-4
4
7
12
13
19
24
25
31
28
27
23
22
26
32
35
34
35
33
31
32
32
33
40
41
44
46
48
45
38
40
32
28
29
26
26
21
20
17
12
11
9
9
6
4
-4
-5
-6
-5
-11
-18
-21
-30
-31
-25
-27
-25
-26
-26
-27
-27
-32
-32
-32
-32
-34
-37
-32
-38
-41
-38
-38
-34
-30
-37
-39
-40
-50
-54
-50
-51
-45
-43
-43
-42
-43
-38
-35
-32
-26
-28
-29
-24
-25
-21
-26
-24
-22
-23
-11
-11
-11
-8
-5
-6
-6
-3
0
-3
-7
-16
-21
-17
-17
-15
-7
0
-2
-3
-2
1
-2
-8
-7
-15
-23
-20
-21
-19
-21
-25
-19
-17
-20
-21
-24
-22
-24
-30
-30
-32
-35
-41
-39
-39
-39
-34
-37
-38
-32
-30
-22
-27
-35
-39
-36
-38
-36
-28
-26
-25
-23
-24
-29
-23
-23
-25
-18
-13
-8
-7
-11
-2
-9
-6
0
2
9
16
20
19
16
11
8
5
6
7
15
16
17
21
18
22
24
19
15
17
15
10
2
1
0
0
0
-1
-2
-3
-2
-3
0
1
0
-3
-6
-6
-4
-9
-12
-6
-2
1
7
10
11
10
12
12
15
18
8
7
11
11
15
16
19
25
25
25
32
36
42
49
51
53
53
54
52
50
51
51
52
45
43
51
50
50
49
44
43
42
41
43
32
31
25
26
28
20
20
17
16
12
6
8
7
6
4
9
10
5
-3
-8
-6
-9
-10
-13
-11
-8
-12
-9
-6
-7
-3
-4
0
6
10
16
15
20
21
16
15
9
12
14
23
28
30
33
31
38
40
42
48
50
46
46
47
47
44
40
46
45
48
52
52
41
43
46
43
38
32
33
34
36
35
31
23
14
18
19
11
9
9
4
-1
0
-6
-15
-13
-14
-10
-6
-2
-3
-8
-11
-17
-23
-28
-32
-36
-38
-40
-42
-39
-38
-41
-38
-29
-28
-30
-31
-27
-22
-25
-26
-28
-30
-29
-20
-17
-19
-13
-14
-6
-4
-3
-7
-9
-6
-4
6
7
8
11
13
14
20
21
21
18
15
14
12
16
14
13
12
9
6
6
3
1
2
5
4
-3
-8
-19
-28
-36
-43
-44
-45
-48
-50
-48
-54
-55
-54
-57
-53
-54
-56
-63
-71
-74
-75
-76
-77
-69
-69
-65
-58
-61
-58
-59
-55
-49
-44
-41
-33
-28
-23
-17
-18
-10
-5
-3
3
5
8
9
9
11
13
17
18
18
23
18
17
17
15
13
6
8
2
-1
1
-4
-5
-11
-16
-21
-28
-35
-36
-36
-36
-35
-33
-35
-39
-44
-38
-33
-34
-35
-30
-24
-25
-23
-25
-25
-33
-26
-23
-18
-12
-16
-14
-14
-9
-5
-3
-4
-7
-8
-5
-14
-14
-14
-11
-7
-7
-4
-4
-1
2
8
10
10
6
5
1
6
1
-1
0
4
12
14
11
5
12
14
18
19
21
21
20
23
24
26
26
28
29
31
33
34
33
29
27
24
23
23
20
17
22
29
28
28
28
25
26
25
27
29
29
22
18
20
18
21
20
21
23
20
24
24
27
21
18
21
16
12
9
8
11
9
13
13
13
18
18
18
16
7
2
-4
-1
2
3
5
0
5
2
1
2
-4
-3
-6
-6
-7
-3
0
6
10
8
15
24
31
32
38
39
35
36
41
39
37
38
45
47
45
48
52
53
56
61
53
55
54
49
47
43
43
41
35
32
26
20
17
18
19
13
16
15
15
15
5
0
-5
-10
-11
-20
-31
-35
-38
-36
-37
-36
-41
-45
-46
-47
-43
-48
-40
-40
-39
-34
-29
-32
-33
-30
-30
-19
-18
-19
-14
-12
-5
1
2
3
4
11
11
10
21
20
18
20
25
25
22
20
16
17
17
27
25
21
22
24
26
24
20
20
21
23
24
20
12
12
6
7
1
2
-2
-5
-8
-12
-12
-18
-19
-27
-26
-33
-39
-40
-44
-45
-42
-40
-44
-38
-34
-36
-32
-35
-37
-40
-40
-44
-47
-48
-52
-49
-47
-44
-39
-35
-35
-36
-32
-30
-26
-25
-26
-29
-30
-25
-27
-20
-17
-13
-3
-4
4
9
11
13
10
14
8
9
8
-2
2
-4
-2
8
15
9
10
11
13
15
19
15
15
20
19
15
10
3
-3
-8
-4
-10
-13
-7
-12
-15
-14
-13
-16
-19
-25
-31
-36
-41
-40
-39
-35
-36
-36
-39
-41
-42
-44
-39
-42
-39
-45
-41
-45
-50
-53
-55
-48
-47
-39
-30
-25
-23
-23
-23
-26
-25
-21
-23
-20
-19
-21
-21
-17
-15
-16
-14
-14
-11
-13
-9
-10
-10
-7
-10
-7
-8
-13
-15
-6
-3
1
3
-4
-4
0
4
5
7
6
10
8
2
4
6
9
11
12
16
19
21
24
29
28
27
27
27
30
33
32
30
29
31
33
33
34
30
34
32
32
37
39
39
42
47
44
40
39
45
42
41
48
54
51
53
54
50
54
47
42
43
44
44
47
47
51
56
57
62
58
64
62
60
59
57
50
45
47
43
49
47
47
43
41
39
43
42
40
41
35
33
30
25
15
2
8
6
5
11
9
10
6
6
3
9
9
9
8
3
5
-1
-2
-6
-11
-16
-23
-18
-20
-18
-20
-23
-19
-23
-21
-17
-12
-8
-9
-4
1
5
5
5
5
1
0
-1
2
-2
-1
-4
2
3
2
4
7
18
28
32
28
32
21
17
19
18
24
21
31
32
36
41
39
41
40
37
27
30
26
27
30
24
25
18
14
11
10
7
9
11
4
4
-6
-14
-15
-26
-27
-16
-19
-16
-19
-30
-24
-22
-26
-26
-24
-25
-33
-30
-36
-40
-35
-38
-35
-29
-28
-23
-22
-24
-28
-25
-26
-22
-24
-30
-28
-34
-37
-33
-36
-34
-36
-41
-40
-38
-26
-25
-26
-32
-37
-37
-34
-39
-42
-44
-48
-41
-40
-47
-48
-52
-57
-60
-58
-62
-58
-57
-59
-53
-55
-52
-59
-54
-48
-45
-42
-49
-47
-54
-51
-49
-50
-49
-52
-50
-47
-48
-48
-48
-44
-46
-46
-49
-48
-43
-45
-42
-43
-37
-32
-27
-23
-21
-23
-26
-29
-34
-33
-31
-23
-18
-5
-4
-2
5
4
2
3
-2
-10
-16
-19
-19
-20
-9
-8
2
4
-1
-1
-3
2
2
13
11
9
11
7
3
-2
5
5
10
15
24
27
25
23
20
18
14
16
7
6
3
6
12
19
21
21
18
22
18
17
18
11
12
12
19
21
28
24
16
16
18
19
14
18
14
15
13
12
12
9
8
13
15
16
14
19
20
19
22
18
18
19
27
24
26
34
37
39
50
60
62
60
59
65
64
69
70
67
64
60
61
63
68
65
64
64
62
65
64
57
59
58
57
53
47
48
47
44
44
43
43
45
46
42
35
35
28
20
14
20
18
11
15
12
16
18
23
20
15
16
17
15
8
15
6
9
15
13
16
20
22
24
31
29
28
33
34
36
36
36
37
32
31
24
22
24
21
27
33
29
28
28
28
28
32
23
19
18
14
21
19
18
18
19
22
21
20
23
23
17
20
15
15
15
9
10
4
6
1
-3
-4
-8
-11
-10
-12
-15
-20
-27
-31
-36
-38
-48
-47
-47
-46
-45
-46
-54
-57
-56
-62
-61
-64
-70
-74
-74
-74
-75
-77
-70
-71
-69
-67
-68
-68
-63
-59
-61
-55
-54
-56
-55
-57
-60
-63
-59
-52
-51
-52
-50
-52
-50
-54
-51
-44
-47
-42
-34
-33
-37
-36
-37
-41
-33
-32
-36
-37
-35
-29
-31
-32
-28
-27
-25
-23
-21
-21
-19
-21
-25
-19
-23
-22
-25
-20
-17
-24
-24
-25
-25
-26
-23
-23
-33
-30
-25
-25
-29
-26
-29
-37
-34
-37
-36
-34
-34
-29
-30
-24
-24
-29
-25
-29
-24
-24
-30
-31
-34
-27
-26
-21
-15
-15
-12
-8
-5
-13
-15
-12
-12
-8
-8
-11
-6
-2
1
7
5
12
12
11
15
23
29
25
23
16
18
20
28
31
37
38
41
43
37
41
31
27
25
25
27
31
31
31
30
25
28
28
30
24
24
19
16
16
13
13
12
8
12
12
11
10
9
15
8
13
10
7
6
5
8
8
13
15
12
9
12
15
20
27
29
32
27
29
32
33
40
39
37
40
42
44
40
46
51
47
50
49
43
43
41
46
43
43
45
44
44
46
52
53
54
56
64
57
58
57
54
52
48
57
60
67
62
58
61
64
67
62
63
60
57
47
45
42
43
48
49
54
50
49
49
45
45
38
38
42
39
38
32
30
29
28
31
26
23
26
24
19
18
21
12
16
20
24
19
14
7
3
6
1
0
-8
-8
-9
-13
-16
-16
-23
-27
-25
-27
-26
-29
-31
-35
-33
-29
-28
-28
-32
-30
-26
-26
-28
-25
-22
-27
-30
-32
-29
-31
-33
-31
-26
-25
-26
-32
-33
-32
-28
-26
-23
-16
-17
-18
-19
-20
-25
-28
-30
-31
-25
-28
-28
-29
-34
-29
-30
-28
-32
-39
-39
-33
-35
-33
-35
-35
-34
-29
-29
-32
-30
-39
-41
-41
-41
-38
-40
-33
-28
-29
-24
-29
-23
-16
-14
-13
-18
-21
-22
-30
-31
-33
-42
-39
-37
-35
-34
-33
-34
-34
-31
-27
-32
-32
-38
-41
-43
-48
-38
-41
-36
-38
-39
-36
-41
-42
-43
-46
-46
-48
-47
-46
-51
-52
-54
-49
-48
-38
-36
-37
-36
-44
-39
-44
-47
-44
-47
-46
-47
-42
-38
-37
-36
-36
-32
-30
-29
-29
-31
-30
-31
-29
-27
-25
-27
-34
-33
-31
-29
-22
-20
-18
-18
-22
-22
-23
-18
-13
-10
-6
-4
0
5
7
5
9
6
9
12
7
7
11
14
13
17
20
23
26
27
27
26
28
32
34
33
31
30
29
29
33
34
35
34
36
36
39
46
44
41
45
51
53
58
55
49
47
49
56
66
66
64
71
64
63
63
63
74
76
79
76
78
73
68
64
55
55
55
54
52
44
42
35
29
30
28
29
25
25
21
11
10
6
-1
1
1
2
4
-1
1
6
3
7
9
6
2
1
8
9
12
10
10
11
13
17
12
17
18
16
23
24
20
23
21
22
22
26
26
26
21
17
16
6
10
6
3
8
6
6
5
10
9
14
16
19
19
19
27
25
23
21
23
22
28
30
30
31
20
25
24
20
25
22
24
22
20
24
22
16
10
12
10
6
5
8
7
6
9
5
7
5
2
2
-3
-4
-6
-2
-6
-14
-13
-16
-8
-5
-3
-4
-9
-4
1
-8
-11
-15
-17
-15
-13
-10
-10
-8
-12
-14
-19
-23
-24
-27
-24
-28
-38
-41
-37
-40
-40
-45
-55
-55
-60
-57
-63
-64
-69
-68
-68
-72
-64
-62
-66
-72
-72
-73
-70
-67
-67
-74
-70
-64
-55
-51
-55
-53
-60
-56
-51
-55
-56
-49
-48
-48
-48
-51
-52
-57
-53
-51
-42
-36
-39
-37
-36
-32
-35
-42
-43
-46
-48
-44
-42
-38
-46
-41
-39
-36
-39
-45
-39
-38
-32
-38
-41
-36
-35
-27
-22
-17
-15
-12
-12
-9
-6
-7
-9
-15
-14
-13
-6
-3
3
6
6
10
10
15
16
11
10
11
8
2
0
0
2
10
10
17
22
21
17
13
16
17
13
6
9
10
11
8
13
13
11
17
21
22
20
21
21
24
21
17
16
17
15
17
17
22
25
28
30
27
29
29
26
27
27
25
26
26
33
33
30
28
20
29
27
25
31
30
33
36
32
33
32
33
37
38
41
41
42
42
41
36
32
29
29
34
33
39
40
39
41
40
49
51
53
50
48
49
49
49
46
45
53
58
63
71
67
71
69
63
63
61
60
62
61
55
49
40
36
37
41
46
45
41
46
38
40
39
27
25
15
14
16
20
18
15
12
13
15
7
5
5
6
3
5
8
9
8
5
4
3
7
9
9
10
8
6
4
1
4
6
11
13
16
13
10
12
13
19
15
13
11
7
7
9
3
8
11
15
19
15
16
8
10
5
7
11
3
4
2
4
3
2
0
5
9
14
13
9
8
-2
-8
-10
-14
-13
-12
-16
-17
-18
-13
-12
-12
-10
-13
-19
-21
-23
-22
-20
-20
-27
-27
-29
-34
-29
-32
-31
-27
-28
-28
-33
-39
-43
-53
-49
-49
-50
-49
-49
-45
-48
-45
-49
-47
-48
-48
-50
-55
-53
-56
-51
-48
-47
-41
-44
-44
-44
-43
-45
-47
-51
-51
-49
-48
-48
-52
-46
-48
-47
-45
-49
-50
-50
-48
-43
-43
-45
-51
-51
-51
-49
-49
-45
-34
-26
-20
-19
-14
-14
-22
-22
-21
-25
-25
-24
-28
-25
-18
-18
-19
-20
-17
-13
-12
-5
-6
-12
-14
-17
-18
-22
-17
-15
-16
-12
-9
-8
-12
-11
-12
-11
-19
-28
-33
-37
-32
-29
-24
-26
-32
-23
-20
-23
-22
-20
-22
-20
-18
-20
-15
-16
-15
-14
-10
-4
0
1
4
3
1
9
6
3
5
10
15
19
27
21
20
21
23
25
28
24
24
25
28
27
30
39
37
44
42
51
58
54
53
51
48
44
50
46
48
52
53
52
49
47
47
45
46
45
49
54
49
46
47
44
36
36
34
28
27
25
27
20
18
14
12
10
7
10
10
5
5
4
3
-2
-6
-11
-17
-11
-8
-6
-8
-4
1
3
4
1
4
8
6
9
13
7
7
12
10
9
11
4
9
8
9
18
14
16
13
6
3
3
10
13
10
11
14
19
20
24
25
22
28
29
26
22
23
17
13
18
21
29
33
37
39
40
38
38
38
38
37
34
32
31
33
32
29
32
34
38
43
40
42
37
30
26
21
13
13
13
7
17
17
18
17
17
15
11
8
8
10
8
5
5
4
-2
-1
-2
1
1
0
1
8
4
-5
-10
-6
-12
-12
-10
-14
-15
-17
-20
-23
-24
-25
-30
-36
-32
-40
-40
-45
-45
-47
-43
-34
-36
-36
-33
-33
-36
-35
-41
-51
-56
-62
-54
-54
-53
-49
-49
-47
-47
-42
-37
-39
-39
-38
-39
-40
-44
-50
-52
-53
-49
-44
-42
-39
-31
-22
-21
-23
-25
-25
-26
-23
-19
-17
-21
-23
-19
-28
-26
-21
-21
-24
-21
-19
-17
-17
-21
-24
-23
-25
-24
-23
-23
-22
-22
-16
-21
-26
-25
-21
-18
-21
-28
-25
-18
-17
-16
-22
-24
-19
-13
-10
-13
-12
-12
-11
-9
-10
-4
5
9
12
15
13
15
15
15
11
5
5
5
5
6
10
11
16
13
9
7
6
8
4
3
9
6
-1
4
3
0
10
10
14
14
14
16
13
10
11
14
22
28
31
34
28
33
35
34
35
40
40
36
40
38
37
39
35
31
29
28
38
41
39
37
30
29
25
23
14
14
14
10
9
5
1
-4
1
-4
-5
-6
-9
-13
-15
-12
-12
-8
-14
-15
-11
-11
-15
-21
-20
-17
-22
-27
-31
-33
-35
-37
-36
-33
-27
-28
-24
-24
-29
-24
-20
-19
-14
-13
-12
-3
-3
-7
4
4
2
5
8
7
9
11
16
23
16
19
23
21
26
25
31
38
33
32
32
28
26
25
19
13
16
17
13
13
14
18
19
18
20
22
26
24
24
20
14
16
17
19
17
21
28
27
36
34
36
38
38
38
43
46
46
41
39
43
40
41
43
43
37
40
44
42
46
45
39
42
41
39
43
46
49
44
43
42
41
40
47
44
41
40
28
28
26
17
16
20
13
12
12
5
4
-2
-8
-13
-15
-16
-19
-25
-35
-25
-28
-28
-28
-27
-30
-31
-28
-25
-27
-30
-27
-36
-26
-20
-19
-17
-17
-15
-10
-7
-9
-15
-21
-15
-20
-18
-20
-23
-20
-18
-12
-9
-2
-4
-3
-3
-2
-1
-9
-9
-6
-8
-5
-6
0
2
4
-1
-5
-2
-7
-6
-12
-14
-16
-19
-23
-19
-21
-15
-6
-6
-6
-9
-8
-15
-14
-13
-12
-13
-18
-18
-21
-20
-20
-23
-22
-20
-20
-23
-22
-27
-28
-30
-33
-33
-30
-33
-35
-33
-39
-35
-37
-36
-36
-39
-39
-36
-37
-30
-24
-25
-21
-18
-14
-22
-16
-10
-7
-6
-4
-13
-17
-18
-23
-14
-13
-10
-2
-3
-8
-7
-10
-7
-4
-9
-7
-7
-12
-13
-17
-22
-19
-18
-19
-12
-10
-19
-19
-24
-26
-25
-28
-30
-33
-38
-32
-31
-33
-36
-39
-42
-40
-37
-43
-35
-36
-40
-35
-35
-33
-32
-30
-24
-20
-21
-21
-18
-23
-24
-33
-32
-33
-39
-35
-41
-39
-36
-32
-20
-18
-18
-23
-22
-23
-17
-11
-8
-4
-2
0
2
1
3
3
1
3
8
15
16
17
20
21
21
26
30
31
32
33
37
38
38
37
34
38
35
38
41
38
35
36
41
45
48
50
49
42
42
38
42
45
41
43
38
33
35
34
35
32
35
37
41
40
43
43
39
37
39
39
39
37
42
40
41
42
42
46
42
40
35
32
29
33
28
32
32
29
37
40
39
40
36
36
37
34
37
32
33
32
35
35
35
38
34
35
35
31
33
28
29
24
20
22
20
24
25
26
25
23
24
18
15
13
9
12
11
13
19
21
23
24
23
23
19
15
7
-4
-5
-5
-12
-9
-16
-20
-11
-11
-9
-7
-8
-13
-15
-19
-24
-27
-25
-24
-22
-22
-22
-18
-21
-19
-15
-12
-6
-4
-5
-7
-12
-14
-12
-4
-1
1
0
8
10
5
5
1
-4
2
7
6
8
8
1
-1
5
8
7
3
3
4
6
8
9
9
7
2
-2
-4
-8
-4
0
5
3
-1
-1
-1
-1
-4
-3
-1
-8
-12
-11
-11
-16
-10
-10
-20
-17
-23
-28
-30
-35
-37
-47
-45
-48
-52
-52
-59
-62
-64
-61
-69
-73
-73
-72
-73
-74
-77
-84
-87
-88
-91
-95
-89
-90
-91
-81
-75
-67
-65
-63
-67
-63
-60
-60
-62
-62
-56
-55
-55
-53
-46
-45
-37
-32
-30
-23
-23
-18
-15
-10
-6
-4
-2
-3
2
-1
-6
1
3
1
3
9
12
6
12
9
11
10
7
9
8
11
13
11
10
12
15
15
13
8
16
16
16
17
14
13
6
7
-2
5
6
4
6
5
4
-2
-3
-5
-8
-19
-20
-21
-22
-21
-29
-30
-32
-32
-30
-28
-28
-28
-29
-31
-20
-19
-19
-20
-22
-18
-16
-11
-4
-4
-1
2
5
12
12
18
22
20
23
26
29
34
35
38
40
45
56
53
57
62
67
64
71
73
69
74
75
79
86
94
93
97
100
98
98
96
93
88
86
86
78
78
77
75
76
73
79
73
66
63
61
53
56
54
40
32
25
27
29
27
19
18
22
22
13
9
4
2
2
-3
3
1
1
6
4
10
9
9
7
18
20
25
30
25
23
27
30
33
38
41
47
46
48
55
55
57
56
57
59
62
60
65
63
64
69
63
62
57
55
48
43
42
29
26
13
7
3
-3
-1
-7
-7
-12
-17
-25
-32
-31
-38
-40
-44
-52
-56
-62
-72
-74
-75
-80
-75
-72
-64
-60
-63
-62
-69
-70
-67
-63
-56
-51
-51
-48
-48
-47
-38
-39
-35
-31
-33
-24
-27
-27
-25
-20
-10
-7
-6
0
3
7
13
11
5
2
1
-3
-2
-3
-5
-8
-10
-13
-17
-14
-16
-21
-18
-23
-23
-25
-28
-31
-39
-37
-40
-48
-48
-53
-53
-49
-54
-49
-52
-55
-53
-57
-63
-62
-63
-62
-54
-55
-58
-57
-52
-55
-59
-59
-55
-54
-55
-49
-37
-41
-45
-41
-42
-42
-43
-44
-43
-40
-44
-42
-43
-41
-35
-31
-33
-35
-29
-28
-27
-19
-12
-7
-7
-6
-3
0
6
8
8
5
-2
-2
-1
1
6
11
10
18
16
11
8
12
10
4
3
1
0
-7
-5
-5
-10
-6
-11
-10
-10
-11
-11
-12
-11
-12
-12
-21
-26
-30
-34
-35
-37
-33
-30
-29
-27
-30
-37
-35
-38
-38
-43
-36
-34
-37
-31
-32
-36
-36
-27
-22
-15
-11
-10
-8
-11
-7
-3
-3
-1
4
8
10
20
25
26
28
32
39
43
49
50
49
46
45
49
53
57
57
65
76
75
75
77
81
86
82
82
77
81
84
80
80
74
72
69
73
71
66
62
59
66
62
61
60
57
63
59
57
57
52
52
49
48
51
46
48
38
32
35
28
18
19
19
19
19
18
16
18
23
27
22
24
26
27
34
33
42
38
35
37
43
44
46
48
49
47
46
42
46
52
49
53
44
43
40
37
36
29
28
26
23
22
16
13
8
6
7
9
8
14
12
12
7
0
0
0
-5
-5
-7
-16
-15
-18
-22
-24
-23
-21
-24
-28
-25
-24
-26
-23
-33
-33
-36
-40
-39
-36
-40
-36
-32
-37
-31
-37
-33
-24
-29
-31
-37
-39
-36
-36
-34
-31
-28
-29
-18
-15
-11
-3
-3
-2
-9
-14
-16
-20
-28
-29
-29
-33
-27
-24
-23
-16
-14
-14
-20
-15
-13
-22
-30
-39
-36
-41
-46
-48
-49
-50
-48
-44
-45
-45
-50
-48
-49
-53
-53
-55
-61
-62
-62
-63
-66
-66
-68
-69
-63
-57
-46
-50
-52
-52
-52
-48
-52
-45
-42
-41
-39
-39
-37
-32
-27
-27
-30
-31
-31
-30
-25
-17
-12
-13
-11
-12
-12
-15
-13
-12
-16
-14
-16
-19
-12
-7
-11
-8
-7
-8
-4
-6
-9
-10
-8
-9
-1
2
0
-1
-3
-2
-3
-1
0
-4
3
2
2
1
-6
-9
-10
-7
-8
-4
-3
1
1
0
-6
-8
-9
-10
-10
-9
-8
-10
-4
-8
-8
-3
-6
-7
-9
-2
4
4
-4
-6
-7
-9
-8
-9
-4
0
13
18
20
23
23
15
13
18
18
25
28
32
34
39
39
40
43
41
47
47
46
41
34
35
31
36
43
45
47
42
46
48
41
40
37
30
27
24
27
26
26
22
23
24
23
29
26
24
25
27
25
25
29
23
25
29
26
32
32
35
36
34
29
28
30
35
40
38
39
38
42
44
40
41
36
33
28
28
25
22
22
21
19
21
25
28
29
28
31
32
34
31
25
16
20
16
25
27
22
26
28
32
31
37
33
37
43
45
43
42
35
26
33
39
33
35
41
41
41
43
41
34
30
22
21
24
22
18
9
9
11
15
17
15
18
15
14
15
11
3
0
-7
-10
-9
-13
-10
-17
-11
-7
-7
-5
-11
-10
-14
-15
-12
-14
-16
-15
-11
-11
-12
-16
-16
-15
-26
-26
-25
-27
-19
-24
-33
-36
-37
-30
-36
-32
-37
-41
-39
-38
-46
-47
-43
-44
-38
-44
-50
-51
-48
-48
-47
-41
-40
-40
-37
-41
-41
-38
-44
-45
-52
-53
-47
-44
-39
-39
-37
-35
-31
-30
-29
-36
-37
-32
-36
-36
-40
-40
-40
-38
-38
-39
-38
-38
-34
-29
-28
-29
-27
-33
-35
-39
-40
-38
-35
-36
-43
-44
-43
-40
-40
-43
-42
-39
-33
-31
-32
-20
-22
-20
-17
-19
-16
-17
-17
-15
-9
-2
-7
-10
0
1
1
2
2
5
10
9
10
11
10
11
13
13
13
7
3
5
3
11
5
11
16
17
22
22
18
11
4
-1
-2
-1
0
-5
-4
-14
-11
-9
-13
-7
-12
-12
-12
-12
-19
-28
-25
-21
-22
-19
-14
-14
-16
-20
-21
-17
-22
-21
-20
-20
-17
-17
-16
-8
-6
-6
2
1
-4
3
1
-5
5
5
3
12
16
17
24
25
22
29
31
35
33
32
32
31
32
29
35
37
39
44
44
52
50
53
56
58
63
65
62
54
55
52
52
52
52
47
46
44
39
38
31
29
31
22
21
21
27
28
24
31
30
34
38
34
36
35
33
33
33
35
38
42
44
45
42
40
40
39
38
35
34
33
26
25
26
24
25
20
19
17
16
15
13
11
6
6
6
4
5
8
13
17
23
24
22
21
27
23
15
12
8
7
3
-2
5
6
0
5
3
7
10
8
12
3
3
1
-4
-6
-15
-18
-22
-20
-20
-19
-16
-13
-10
-15
-13
-9
-11
-14
-15
-12
-17
-14
-9
-8
-15
-17
-20
-25
-19
-21
-16
-7
-11
-12
-22
-21
-16
-19
-18
-16
-8
-8
-2
-3
-6
-7
-13
-4
-5
-4
-2
-3
-5
-3
0
-5
-6
-3
0
1
0
-3
-5
-11
-17
-21
-22
-25
-21
-22
-24
-19
-26
-27
-32
-37
-40
-45
-44
-44
-46
-49
-54
-56
-54
-52
-58
-60
-63
-61
-61
-63
-62
-65
-59
-61
-62
-65
-66
-65
-67
-65
-59
-57
-57
-56
-54
-55
-53
-49
-47
-41
-38
-35
-33
-34
-36
-32
-26
-24
-22
-23
-19
-14
-18
-11
2
4
6
10
9
12
9
7
4
3
5
-1
3
3
7
11
9
14
10
9
11
15
9
12
7
4
6
9
5
8
7
3
11
13
11
5
7
0
-2
-3
-1
-8
-5
-6
-11
-7
-12
-8
-14
-13
-12
-9
-6
-8
-14
-16
-15
-16
-14
-11
-14
-3
1
7
20
18
16
14
14
12
13
15
17
20
23
23
27
33
37
42
43
47
47
45
46
47
44
48
52
50
51
51
54
60
59
53
57
58
52
49
50
47
47
47
45
47
49
50
46
44
43
38
33
30
28
19
16
11
7
5
6
13
14
12
13
11
13
7
0
-3
-4
-7
-9
-10
-10
-12
-8
-6
-6
-3
-3
-2
-2
1
0
7
7
6
6
10
11
13
12
12
12
6
12
15
12
7
6
4
5
14
15
19
17
18
22
18
21
24
26
29
25
32
32
33
38
36
41
43
39
39
41
38
42
40
35
31
30
35
40
47
43
39
37
35
29
25
18
20
23
22
25
26
26
21
19
16
16
14
12
12
10
9
6
1
2
0
-1
1
2
6
8
3
0
-1
-1
-8
-10
-16
-17
-16
-18
-18
-21
-20
-22
-17
-13
-15
-18
-23
-21
-25
-27
-26
-26
-28
-24
-27
-23
-23
-23
-17
-29
-26
-28
-29
-29
-28
-28
-29
-25
-28
-23
-25
-25
-23
-18
-16
-15
-15
-12
-17
-20
-19
-17
-14
-11
-8
-6
-6
-13
-15
-14
-15
-20
-13
-14
-18
-13
-17
-16
-24
-22
-22
-28
-22
-23
-26
-34
-33
-28
-36
-33
-39
-44
-49
-52
-54
-54
-49
-46
-47
-43
-43
-43
-36
-40
-40
-39
-37
-36
-37
-36
-31
-23
-22
-20
-19
-15
-7
-12
-12
-15
-19
-15
-11
-7
-7
-7
-8
-7
-2
2
2
-1
-3
-5
-1
3
2
4
5
5
6
8
11
11
6
-2
-2
0
-3
-10
-13
-12
-11
-12
-13
-14
-25
-21
-24
-22
-19
-19
-21
-19
-20
-18
-18
-24
-22
-21
-20
-16
-18
-19
-12
-19
-20
-21
-27
-24
-20
-16
-11
-11
-7
-4
-7
-7
-6
3
6
7
2
3
6
3
1
-3
0
0
-5
2
13
15
16
14
11
19
16
19
27
25
25
25
25
23
26
24
25
24
24
20
15
23
26
26
31
34
30
28
28
25
24
31
23
16
17
12
11
16
17
16
17
20
18
18
11
7
3
12
11
9
7
0
7
10
9
6
12
11
14
16
13
11
5
5
4
9
12
14
18
22
27
27
32
32
37
45
45
43
42
45
44
44
44
42
50
46
48
49
45
45
43
44
45
44
41
47
51
57
60
62
58
51
50
48
43
45
39
30
37
34
35
33
33
32
29
32
28
20
25
20
13
12
3
-5
-7
-8
-8
-5
-4
-3
-6
-10
-13
-18
-17
-22
-29
-30
-34
-31
-35
-38
-39
-39
-36
-30
-22
-24
-25
-28
-33
-32
-34
-34
-34
-32
-29
-29
-20
-25
-27
-21
-21
-20
-18
-20
-17
-19
-28
-28
-26
-24
-27
-32
-24
-20
-19
-14
-13
-21
-26
-25
-22
-13
-14
-13
-10
-8
-3
4
8
8
8
4
7
7
9
7
4
1
0
3
8
12
14
10
10
13
13
10
0
-5
-6
-15
-16
-17
-16
-16
-17
-22
-26
-27
-30
-27
-30
-33
-30
-37
-44
-45
-48
-51
-47
-46
-49
-49
-47
-46
-49
-45
-50
-48
-44
-47
-46
-44
-49
-55
-58
-57
-52
-49
-47
-52
-48
-41
-43
-39
-43
-42
-39
-43
-34
-31
-30
-32
-42
-41
-28
-33
-29
-26
-27
-24
-30
-28
-22
-22
-16
-15
-13
-12
-19
-23
-24
-22
-23
-23
-17
-14
-13
-17
-17
-18
-19
-20
-18
-19
-25
-16
-16
-17
-23
-24
-21
-21
-19
-15
-15
-15
-12
-10
-4
1
5
12
8
8
13
17
22
21
20
22
30
29
36
37
33
40
40
44
44
44
53
58
63
66
66
70
66
67
71
69
63
60
53
42
46
41
37
41
43
43
50
47
47
46
36
37
37
32
32
30
29
31
28
28
26
19
22
20
20
19
18
21
19
17
18
25
24
23
24
23
25
26
20
18
15
10
16
18
16
15
16
17
21
28
29
27
32
33
31
27
27
33
32
30
32
32
26
26
20
23
32
30
30
31
22
18
17
21
20
20
22
24
26
25
25
25
25
22
25
21
20
20
16
18
14
10
11
13
14
19
23
22
17
22
22
23
28
26
25
25
15
9
10
9
12
10
11
14
14
18
13
13
14
7
10
1
-2
-2
-8
-11
-13
-15
-17
-18
-21
-19
-17
-19
-16
-14
-11
-8
-8
-2
-2
1
-2
-5
-8
-9
-6
-8
-5
-8
-5
-6
-6
-3
2
3
4
8
5
4
1
-1
1
3
1
0
-1
2
-4
-2
-2
-13
-18
-19
-22
-13
-11
-15
-14
-16
-16
-15
-20
-17
-19
-26
-29
-35
-40
-42
-43
-42
-42
-39
-38
-39
-37
-37
-38
-33
-34
-39
-41
-46
-52
-54
-56
-55
-49
-50
-48
-41
-41
-38
-36
-37
-38
-40
-43
-52
-54
-54
-52
-50
-47
-47
-44
-43
-36
-28
-31
-29
-30
-33
-35
-37
-40
-37
-32
-36
-37
-32
-30
-27
-32
-27
-28
-36
-36
-36
-31
-28
-32
-34
-22
-22
-23
-22
-19
-19
-19
-20
-26
-25
-26
-22
-21
-22
-19
-20
-16
-16
-15
-15
-15
-9
-12
-20
-20
-19
-18
-16
-15
-14
-12
-15
-13
-11
-10
-2
0
3
3
4
6
3
8
8
11
15
11
9
16
12
8
11
11
11
11
15
19
22
20
28
26
25
24
22
30
31
30
29
25
23
23
22
21
21
24
19
18
25
24
24
19
17
12
11
12
4
4
6
10
9
4
3
5
11
13
15
18
21
23
23
26
19
25
31
26
28
35
33
29
28
31
31
31
36
34
36
44
44
42
44
41
40
37
45
44
44
41
40
43
39
43
38
40
35
35
35
33
36
35
36
38
36
32
35
29
30
28
29
33
31
29
30
32
32
31
34
31
27
30
23
27
23
22
28
36
40
35
40
35
38
36
30
31
30
34
32
27
28
28
23
18
15
16
17
17
18
17
13
8
6
6
2
2
-7
-7
-1
-8
-6
-12
-12
-23
-31
-27
-25
-20
-25
-26
-25
-28
-31
-31
-31
-28
-28
-29
-34
-37
-37
-36
-38
-35
-35
-35
-31
-26
-24
-24
-30
-28
-29
-27
-26
-27
-26
-33
-34
-30
-29
-25
-26
-28
-24
-24
-19
-30
-32
-27
-30
-28
-26
-27
-27
-23
-22
-27
-27
-31
-25
-21
-36
-31
-32
-33
-27
-29
-24
-24
-22
-25
-29
-28
-34
-34
-35
-36
-35
-33
-35
-40
-38
-36
-29
-28
-31
-31
-35
-35
-35
-40
-40
-43
-43
-37
-38
-45
-42
-36
-41
-38
-42
-50
-48
-49
-50
-46
-40
-39
-37
-36
-34
-27
-25
-17
-20
-21
-21
-24
-26
-32
-29
-23
-16
-12
-10
-3
1
0
-4
-2
-8
-7
-4
-9
-14
-13
-16
-11
-4
-1
10
6
11
14
12
12
9
8
4
2
8
11
11
16
22
25
27
26
22
21
23
21
14
12
11
9
9
8
9
12
16
9
11
7
3
4
3
-1
-5
-6
-3
-1
0
1
4
2
4
1
-5
-6
-9
-3
-2
-6
-5
-4
2
7
9
20
19
16
21
23
21
24
17
16
20
26
27
30
36
38
41
40
45
43
40
44
48
45
46
46
41
44
47
48
48
50
53
56
58
58
59
63
60
59
58
63
67
67
73
74
73
70
72
67
62
63
67
68
68
69
66
66
62
64
64
58
57
56
47
47
43
36
29
22
23
22
17
17
15
4
-3
-6
-2
4
-2
-5
-2
-5
-4
-8
-14
-12
-14
-15
-17
-17
-15
-19
-17
-9
-5
-5
-5
4
3
6
9
10
9
3
7
9
13
17
15
15
14
8
6
6
6
4
11
21
18
25
16
14
12
6
10
12
11
6
5
5
3
2
4
3
0
7
5
4
4
0
-3
-1
-8
-3
1
-2
-1
-2
-8
-9
-7
-13
-14
-24
-27
-25
-23
-32
-29
-26
-30
-22
-21
-22
-24
-26
-24
-26
-30
-31
-36
-38
-37
-40
-36
-38
-38
-40
-37
-35
-35
-35
-33
-31
-33
-30
-31
-33
-32
-27
-21
-22
-24
-25
-22
-19
-19
-21
-21
-21
-23
-25
-26
-28
-24
-23
-21
-23
-27
-23
-22
-13
-12
-7
-10
-14
-12
-19
-20
-23
-22
-21
-21
-25
-26
-24
-20
-20
-27
-27
-31
-34
-33
-28
-24
-26
-27
-26
-31
-28
-35
-40
-36
-42
-42
-43
-43
-44
-40
-39
-37
-36
-35
-31
-30
-30
-35
-39
-42
-42
-46
-51
-50
-45
-44
-43
-42
-41
-36
-26
-24
-27
-27
-28
-23
-22
-24
-19
-19
-16
-13
-11
-6
-5
-1
-2
-1
0
0
-1
-3
-5
0
-1
-6
-2
3
5
10
11
9
8
3
-7
-3
-10
-13
-16
-20
-11
-16
-17
-14
-12
-10
-9
-7
-8
-5
-8
-13
-14
-11
-14
-12
-11
-6
-6
-2
3
5
11
13
18
22
31
36
44
47
47
48
51
51
49
49
44
44
48
56
59
62
67
65
62
59
65
69
64
72
72
67
65
57
57
56
62
64
65
69
71
75
68
67
64
63
63
56
55
57
54
53
52
48
43
41
40
34
35
32
28
25
24
25
20
20
26
25
28
27
22
19
15
12
9
7
12
9
9
12
11
4
4
8
10
13
15
16
12
11
5
4
7
5
5
7
8
14
13
5
4
5
2
5
2
3
2
-5
-1
1
5
8
1
2
-2
-1
-2
-6
-6
-2
1
5
1
3
5
4
6
3
15
13
12
8
4
4
3
12
15
11
8
9
7
15
9
10
12
8
13
13
16
11
3
-2
2
-3
-2
-1
-6
-8
-8
-9
-10
-19
-18
-23
-30
-28
-28
-27
-31
-29
-25
-32
-34
-36
-40
-42
-44
-46
-40
-37
-38
-38
-41
-38
-30
-30
-27
-19
-18
-23
-23
-29
-32
-26
-30
-29
-29
-32
-33
-37
-35
-35
-35
-31
-31
-29
-27
-31
-33
-30
-35
-38
-36
-35
-40
-43
-37
-35
-36
-36
-39
-38
-39
-42
-40
-40
-37
-43
-48
-48
-51
-52
-56
-55
-50
-56
-55
-39
-38
-43
-50
-53
-48
-46
-40
-44
-39
-39
-43
-40
-43
-41
-44
-42
-42
-43
-41
-45
-41
-38
-34
-30
-27
-28
-32
-33
-36
-31
-35
-33
-27
-22
-23
-22
-22
-25
-19
-19
-23
-18
-16
-14
-9
-8
-7
-7
-1
1
4
3
1
0
4
11
14
15
9
15
15
16
20
20
25
26
27
35
42
41
43
39
33
38
44
45
44
48
44
41
48
52
49
51
54
57
64
63
57
52
46
49
50
55
58
57
62
60
63
61
60
53
47
45
40
38
34
29
28
30
29
30
30
24
22
23
17
20
14
7
6
2
-1
4
5
-2
-2
-2
-2
4
1
4
2
3
3
-1
-2
-1
3
0
4
9
6
6
5
7
10
2
6
4
7
7
12
14
13
16
16
14
11
14
12
13
11
13
12
8
6
7
12
15
16
26
26
24
29
23
26
26
28
28
33
36
34
42
53
56
56
61
61
61
60
63
58
56
56
58
61
58
60
59
63
64
63
64
62
56
52
51
51
48
47
48
51
50
58
56
50
51
47
46
44
39
36
30
31
34
38
38
39
41
45
46
40
38
34
27
25
21
14
6
-1
-3
-8
-9
-5
-8
-11
-19
-24
-24
-28
-33
-31
-36
-43
-46
-46
-49
-54
-56
-54
-58
-63
-64
-69
-77
-81
-81
-86
-87
-80
-78
-77
-77
-76
-77
-81
-81
-84
-84
-84
-79
-75
-74
-69
-70
-70
-63
-64
-60
-55
-56
-53
-55
-57
-60
-65
-64
-62
-60
-61
-59
-53
-53
-57
-57
-62
-61
-60
-65
-61
-67
-66
-58
-60
-56
-53
-55
-55
-51
-50
-48
-44
-43
-38
-33
-33
-31
-36
-41
-36
-29
-28
-19
-17
-16
-12
-10
-6
1
2
-1
-1
-3
-2
-2
-3
-4
-4
-2
-1
-1
-1
-6
-4
-7
-7
-1
2
7
10
9
12
11
6
1
-5
-6
-5
-5
-6
-6
-3
3
0
2
6
8
8
7
7
8
5
1
3
-7
-9
-11
-17
-14
-16
-16
-20
-26
-28
-27
-25
-28
-24
-22
-27
-27
-25
-26
-31
-28
-23
-23
-23
-18
-15
-15
-6
-7
-14
-12
-12
-7
3
6
11
18
24
34
31
30
28
32
30
31
37
38
46
46
44
48
56
51
53
55
51
55
54
54
54
55
52
50
47
42
40
46
44
41
47
42
43
43
43
43
38
36
37
39
37
27
39
41
39
47
51
49
46
48
43
41
36
32
32
34
32
34
36
32
40
42
45
52
50
48
38
39
37
29
30
31
37
35
40
43
43
45
46
50
45
49
53
56
58
57
57
53
51
51
57
53
58
60
55
52
47
38
36
39
35
37
42
43
45
36
26
25
28
20
16
13
8
9
1
-3
-8
-8
-12
-8
-9
-8
-7
-13
-21
-26
-26
-30
-30
-34
-38
-36
-36
-38
-37
-34
-34
-32
-35
-34
-36
-36
-34
-39
-33
-36
-38
-36
-42
-40
-40
-43
-42
-40
-40
-34
-31
-29
-34
-39
-36
-41
-42
-39
-36
-35
-37
-38
-40
-42
-41
-38
-33
-33
-27
-21
-28
-28
-33
-34
-36
-40
-42
-42
-42
-47
-47
-49
-52
-48
-48
-48
-42
-40
-45
-48
-49
-51
-55
-55
-51
-53
-50
-49
-48
-43
-43
-36
-35
-43
-41
-40
-39
-37
-37
-42
-43
-41
-37
-35
-39
-37
-35
-34
-33
-30
-35
-33
-33
-41
-34
-28
-26
-16
-16
-11
-10
-8
-12
-11
-7
-2
-2
2
9
14
14
19
23
22
26
26
28
24
22
22
17
14
13
14
18
18
23
25
26
23
20
17
12
6
1
-3
0
-4
-5
-7
-7
-7
-10
-12
-7
-11
-11
-15
-20
-23
-28
-27
-32
-24
-25
-23
-15
-8
-4
-11
-11
-11
-9
-12
-10
-9
-12
-11
-8
-6
-2
4
7
13
11
10
15
14
14
15
13
10
16
29
30
41
51
51
52
49
49
46
49
50
50
54
55
53
56
57
65
62
62
64
59
61
55
48
44
33
34
33
30
27
26
32
28
26
24
24
24
18
12
6
5
4
3
1
-1
-2
-2
3
0
2
7
4
8
5
4
-4
0
5
6
15
22
28
28
37
37
46
44
44
49
48
45
48
48
51
52
49
58
56
57
61
60
57
62
60
57
49
40
37
37
37
36
37
37
35
35
29
26
35
33
34
36
37
35
30
19
18
17
9
9
1
-4
-10
-8
-9
-17
-13
-14
-11
-13
-13
-17
-22
-23
-23
-26
-32
-37
-38
-33
-32
-31
-27
-25
-24
-29
-30
-27
-32
-41
-40
-38
-38
-33
-27
-26
-27
-19
-17
-13
-5
-3
-13
-12
-10
-15
-16
-10
-9
-11
-7
-6
-3
1
4
4
5
4
6
12
9
10
8
2
-2
-5
-4
-2
-5
-12
-10
-7
-1
-3
-5
-4
-8
-10
-10
-10
-15
-20
-22
-22
-26
-29
-38
-35
-39
-39
-37
-38
-39
-46
-42
-40
-43
-39
-35
-39
-36
-30
-33
-30
-33
-29
-23
-18
-15
-20
-25
-20
-18
-20
-23
-19
-8
-7
-5
-9
-7
-8
-12
-22
-24
-26
-29
-24
-30
-26
-27
-29
-28
-27
-26
-27
-20
-31
-34
-35
-38
-35
-36
-40
-37
-30
-33
-32
-36
-35
-37
-38
-36
-43
-45
-39
-33
-29
-29
-30
-29
-35
-33
-31
-34
-28
-24
-20
-16
-21
-19
-18
-16
-11
-6
-5
-8
-6
-12
-15
-16
-19
-22
-19
-14
-15
-12
-12
-20
-16
-19
-21
-12
-11
-13
-8
-9
-12
-11
-5
-3
1
3
3
5
4
11
11
14
17
24
22
19
18
19
22
23
35
44
46
43
43
45
50
52
52
53
52
55
52
53
59
68
71
70
71
66
65
58
56
51
46
41
45
44
39
39
35
34
31
31
29
25
17
11
7
2
0
-1
-3
-3
-1
-3
-5
-9
-11
-9
-18
-13
-14
-19
-13
-18
-15
-14
-16
-9
-7
-10
-14
-12
-14
-11
-5
-6
-4
1
9
10
17
21
19
19
24
28
32
33
30
28
27
33
38
41
43
47
46
52
55
52
49
48
47
44
43
41
41
43
40
39
39
38
39
40
36
35
33
27
25
30
29
20
13
6
4
4
6
13
13
13
12
6
6
3
0
-6
-12
-11
-8
-3
4
6
0
0
2
6
10
12
10
10
9
8
2
1
-2
5
2
1
-4
-11
-7
-13
-10
-9
-12
-12
-11
-18
-15
-18
-21
-19
-18
-15
-15
-11
-7
-8
-9
-6
-9
-12
-11
-12
-7
-8
-9
-10
-7
-12
-14
-17
-21
-21
-23
-25
-32
-33
-35
-36
-32
-26
-27
-24
-27
-32
-32
-34
-35
-32
-35
-35
-40
-43
-42
-47
-49
-51
-52
-51
-52
-53
-52
-56
-57
-59
-60
-57
-51
-54
-59
-53
-53
-48
-46
-48
-45
-49
-48
-47
-46
-47
-44
-39
-36
-30
-27
-23
-23
-26
-19
-24
-14
-15
-17
-11
-12
-7
-3
-2
-10
-10
-9
-5
-4
1
0
4
4
1
6
6
7
9
6
7
8
3
5
2
-3
0
-1
2
-3
-6
-5
-12
-13
-11
-13
-12
-10
-10
-6
-6
-3
-3
-10
-13
-17
-12
-6
-9
-8
-6
-10
-7
-6
-3
-7
-14
-11
-10
-7
-3
4
0
-1
8
6
10
10
10
15
16
18
23
22
20
21
24
28
32
32
33
37
34
29
30
32
30
28
27
26
24
24
17
15
13
15
20
23
26
30
34
31
24
20
23
21
22
20
22
21
18
13
5
7
7
8
11
13
18
18
16
15
14
17
18
25
30
33
27
24
21
15
14
1
3
10
12
19
22
25
21
24
27
25
22
20
16
16
14
13
12
7
14
13
10
16
19
28
32
30
31
29
32
34
33
36
36
44
48
50
56
52
50
57
57
61
63
60
57
56
60
61
61
62
64
68
79
87
89
88
86
84
81
79
76
67
67
63
59
56
48
44
43
40
36
36
31
25
16
16
13
11
3
-1
-3
-8
-8
-10
-14
-21
-19
-20
-24
-26
-24
-27
-28
-29
-35
-30
-31
-32
-34
-46
-45
-49
-48
-48
-47
-45
-48
-40
-37
-36
-28
-28
-30
-31
-30
-31
-36
-36
-39
-37
-29
-19
-23
-27
-24
-22
-21
-23
-23
-19
-18
-27
-33
-32
-35
-34
-36
-35
-32
-30
-32
-37
-36
-39
-44
-48
-46
-52
-53
-50
-51
-49
-49
-52
-52
-53
-52
-50
-49
-48
-43
-44
-48
-43
-47
-44
-37
-42
-43
-39
-39
-44
-41
-35
-36
-36
-32
-31
-28
-27
-23
-14
-17
-12
-11
-19
-19
-17
-14
-8
-8
-10
-9
-8
-10
-12
-9
-5
-9
-6
-2
-4
-4
-6
-17
-20
-23
-21
-22
-31
-31
-33
-39
-38
-36
-36
-34
-33
-30
-29
-28
-29
-26
-29
-27
-27
-33
-32
-27
-26
-25
-22
-21
-16
-17
-20
-16
-14
-6
-4
-7
-11
-11
-17
-17
-18
-23
-25
-31
-25
-25
-25
-16
-21
-24
-26
-27
-32
-29
-27
-31
-30
-33
-34
-33
-30
-33
-25
-19
-13
-10
-8
-4
-5
-10
-12
-8
-8
-1
1
3
6
5
7
8
10
11
17
25
33
36
36
39
38
44
41
37
39
36
36
40
37
38
40
43
47
57
60
63
67
67
68
61
63
64
61
62
60
56
62
61
61
68
66
63
65
65
66
61
56
50
45
40
33
39
39
36
36
36
38
39
36
33
29
23
29
25
23
22
15
13
12
12
10
20
28
26
26
28
22
14
13
13
11
20
24
24
28
31
36
41
37
31
32
25
21
22
21
24
28
25
24
25
30
35
37
41
44
40
33
25
23
22
13
8
10
5
8
11
12
15
14
13
19
19
20
20
19
16
17
14
8
9
10
13
11
13
14
17
16
18
20
20
19
22
24
22
18
14
10
4
6
12
13
10
5
2
-1
-4
-6
-12
-11
-11
-8
-7
-4
-6
-13
-15
-22
-26
-33
-38
-40
-42
-42
-47
-48
-42
-38
-39
-41
-43
-45
-44
-46
-44
-48
-55
-56
-54
-48
-43
-35
-34
-29
-27
-32
-34
-37
-37
-33
-31
-26
-23
-26
-30
-32
-27
-28
-27
-26
-22
-22
-23
-20
-26
-26
-30
-30
-31
-36
-39
-37
-33
-38
-43
-47
-51
-50
-53
-56
-60
-62
-63
-63
-60
-62
-61
-66
-66
-70
-65
-73
-78
-82
-85
-79
-81
-84
-81
-74
-71
-68
-69
-66
-69
-68
-63
-57
-55
-55
-55
-56
-51
-47
-38
-42
-47
-35
-34
-29
-25
-26
-17
-12
-12
-3
-2
1
4
2
13
16
19
20
20
28
23
31
32
25
38
41
37
32
38
41
40
46
42
40
41
44
49
49
50
47
42
36
33
36
31
38
33
32
27
20
24
15
11
6
3
6
2
1
2
-4
1
5
7
7
9
7
10
13
9
13
7
1
-1
4
8
10
11
10
18
26
22
20
18
15
15
11
11
17
14
12
16
11
15
15
24
29
30
34
29
29
31
27
23
20
21
23
19
23
28
35
40
41
44
47
54
56
61
58
54
56
55
60
58
61
58
56
56
56
60
57
57
57
57
55
58
61
61
61
56
58
57
59
58
56
60
56
53
50
50
48
46
40
37
36
41
43
39
40
40
37
36
34
35
31
25
27
25
20
10
4
-2
-1
-2
-4
-2
5
7
8
9
6
9
11
6
7
6
5
3
-3
-2
-11
-9
-4
-2
-5
-3
-4
1
-1
2
6
-2
2
2
0
-1
7
5
4
8
10
11
7
6
7
2
0
-3
-4
-8
-11
-8
-9
-4
-2
4
-1
-5
-3
-10
-17
-28
-35
-35
-34
-28
-28
-29
-26
-27
-31
-29
-29
-28
-27
-31
-31
-32
-30
-35
-38
-41
-47
-44
-38
-42
-42
-41
-42
-43
-48
-51
-53
-51
-44
-49
-41
-34
-38
-37
-31
-28
-33
-28
-30
-32
-34
-37
-35
-38
-41
-43
-43
-35
-32
-36
-38
-40
-43
-45
-46
-45
-47
-48
-45
-44
-45
-46
-46
-48
-48
-56
-61
-60
-61
-71
-71
-73
-75
-77
-82
-80
-79
-72
-78
-79
-77
-84
-81
-81
-80
-77
-75
-70
-66
-60
-58
-51
-51
-44
-45
-42
-37
-37
-29
-28
-28
-28
-33
-35
-30
-28
-17
-8
-7
-1
-3
3
7
7
4
8
7
11
11
13
17
22
31
29
32
37
46
47
46
45
42
41
40
45
50
51
50
52
56
54
53
47
45
48
46
48
45
48
41
37
41
38
41
37
44
38
38
39
29
24
14
16
15
15
13
15
17
16
20
20
23
25
26
26
28
17
23
24
25
26
22
25
28
34
32
35
37
38
37
37
33
35
35
37
42
43
42
44
48
45
46
47
46
45
41
40
35
37
33
35
42
47
51
56
59
56
55
52
51
44
50
47
49
55
58
60
64
59
47
54
52
50
52
44
50
53
50
55
58
64
57
58
65
62
61
59
50
45
38
35
29
27
31
30
28
27
19
14
14
8
6
7
-1
-3
-8
-15
-14
-14
-15
-19
-18
-16
-17
-16
-14
-20
-22
-21
-19
-15
-15
-13
-15
-14
-15
-18
-17
-25
-23
-16
-15
-13
-18
-17
-21
-21
-17
-15
-8
-8
-1
-2
0
2
-4
-8
-15
-18
-24
-19
-16
-24
-28
-32
-32
-33
-31
-34
-34
-31
-29
-29
-35
-42
-50
-55
-56
-54
-61
-62
-64
-68
-61
-62
-59
-66
-73
-77
-79
-77
-79
-76
-76
-81
-85
-89
-91
-86
-86
-86
-87
-86
-84
-83
-75
-72
-69
-67
-61
-53
-45
-38
-31
-31
-34
-34
-32
-31
-35
-27
-32
-30
-24
-17
-8
-7
-5
-6
0
-3
-1
0
2
5
-3
-2
-1
-5
-3
-3
-1
2
4
9
5
4
3
0
-3
-9
-11
-9
-9
-10
-7
-8
-9
-10
-9
-7
-6
-8
-9
-10
-7
-6
-14
-16
-13
-13
-20
-17
-19
-26
-24
-29
-24
-22
-23
-22
-23
-27
-28
-26
-27
-34
-40
-36
-35
-30
-27
-26
-22
-18
-14
-12
-7
-1
-2
-1
4
6
10
8
10
9
10
15
22
26
26
26
28
28
27
25
20
23
28
29
24
23
28
30
33
38
44
37
34
40
37
38
38
33
34
31
34
36
40
42
43
45
44
52
51
50
52
47
46
46
46
44
53
56
53
60
67
64
64
63
65
69
69
71
71
67
69
75
72
79
83
78
73
69
68
66
65
65
61
57
60
59
63
58
54
57
51
56
55
55
57
53
52
51
48
47
42
41
43
41
42
40
33
27
26
21
19
26
25
28
31
30
28
29
27
20
17
17
18
14
12
1
-5
-9
-11
-14
-15
-13
-16
-17
-17
-20
-23
-24
-25
-27
-31
-35
-36
-35
-35
-34
-36
-32
-34
-33
-27
-32
-28
-25
-30
-32
-37
-39
-47
-48
-45
-44
-44
-40
-39
-43
-44
-41
-42
-45
-46
-42
-42
-42
-35
-29
-25
-29
-21
-15
-14
-7
-7
-7
-8
-6
-2
-4
-2
-1
1
1
7
13
14
14
9
9
5
-1
-2
-4
-7
-3
-6
-10
-6
-9
-12
-12
-12
-18
-18
-22
-25
-25
-33
-29
-27
-30
-29
-31
-30
-28
-38
-40
-44
-48
-54
-55
-52
-59
-58
-59
-53
-49
-50
-48
-52
-51
-49
-45
-40
-36
-42
-45
-44
-48
-43
-40
-35
-27
-26
-20
-13
-12
-15
-17
-18
-16
-11
-7
-4
-3
3
5
3
-2
-4
-8
-13
-14
-16
-16
-17
-21
-28
-27
-27
-30
-29
-27
-28
-35
-41
-37
-36
-35
-36
-34
-37
-44
-43
-43
-45
-43
-39
-32
-29
-35
-32
-32
-37
-30
-28
-28
-26
-23
-12
-8
-7
0
6
4
3
9
6
7
11
14
18
19
23
29
28
24
34
36
37
43
41
43
42
38
42
41
35
38
35
34
34
37
36
29
28
29
26
28
25
19
24
30
31
30
26
28
27
23
24
32
32
33
35
33
28
28
26
26
27
29
39
41
44
45
41
35
28
27
21
29
31
28
27
26
24
27
35
35
37
38
32
32
28
19
11
5
4
4
6
14
13
16
11
10
4
5
2
2
0
-5
1
2
-2
-11
-10
-9
-9
-9
-9
-3
0
0
-2
-2
-4
0
8
11
13
16
19
17
22
17
20
19
22
23
27
26
24
30
23
25
21
22
28
25
24
24
23
22
27
29
28
28
28
23
23
27
18
16
7
0
-4
-7
0
-3
-3
-2
-6
-8
-8
-2
4
-3
0
-3
-8
-7
-14
-17
-20
-21
-15
-18
-21
-16
-17
-13
-14
-21
-18
-16
-15
-9
-3
3
2
1
-1
-2
-7
-4
2
4
6
9
8
10
13
17
10
9
14
11
12
17
17
8
2
-4
-6
-7
-9
-2
-3
-1
3
-3
-6
-6
-3
-9
-13
-16
-15
-14
-20
-23
-29
-34
-29
-31
-25
-23
-28
-23
-22
-18
-14
-18
-16
-21
-27
-23
-24
-25
-23
-24
-24
-24
-18
-21
-22
-20
-20
-21
-27
-26
-34
-39
-46
-40
-31
-27
-25
-21
-21
-21
-22
-24
-23
-30
-31
-34
-37
-35
-34
-37
-37
-36
-40
-34
-27
-23
-14
-18
-21
-22
-16
-16
-18
-17
-19
-16
-15
-11
-8
-10
-6
-11
-14
-12
-14
-7
-4
-6
-1
-8
-7
-12
-9
-6
-6
-7
-9
-1
-9
-8
-13
-16
-13
-12
-3
-1
2
0
0
0
3
8
9
7
14
18
15
17
14
11
10
12
16
14
14
14
10
4
0
-9
-16
-13
-14
-16
-15
-19
-18
-14
-20
-21
-20
-22
-21
-21
-22
-19
-22
-23
-25
-27
-26
-18
-11
-12
-8
-10
-10
-11
-12
-11
-12
-10
-8
-4
-2
2
4
-1
-3
-5
-5
-4
3
8
2
10
5
4
9
5
9
11
12
12
12
10
5
7
3
1
3
7
9
13
18
18
22
25
22
30
33
32
28
31
30
22
24
23
28
36
36
37
37
35
36
33
37
38
34
32
34
39
35
39
35
30
33
30
27
25
30
37
40
35
34
30
27
30
25
25
33
33
33
33
37
36
34
34
34
33
39
38
36
34
36
45
46
50
49
49
45
43
44
39
36
31
28
28
27
23
20
24
25
24
18
13
11
7
6
7
3
-3
-3
-3
6
6
5
10
4
1
5
-4
-6
-8
-9
-7
-6
7
5
8
12
13
7
6
8
1
4
6
4
4
5
2
4
9
11
11
12
10
6
9
9
5
4
0
-1
9
13
19
19
16
15
14
17
11
8
10
5
5
11
17
14
14
17
21
28
24
21
18
17
18
14
7
4
-4
-9
-3
-2
0
0
-8
-8
-11
-11
-10
-15
-17
-20
-30
-32
-31
-40
-42
-41
-41
-40
-38
-35
-36
-43
-45
-51
-51
-53
-57
-54
-56
-53
-58
-51
-51
-53
-52
-53
-55
-60
-61
-65
-63
-63
-62
-60
-58
-56
-53
-51
-50
-49
-45
-49
-54
-55
-57
-54
-54
-53
-57
-57
-52
-52
-52
-50
-44
-43
-44
-37
-45
-48
-49
-53
-47
-44
-37
-34
-26
-17
-13
-14
-19
-18
-18
-19
-19
-8
-1
-4
-3
-6
-6
-9
-10
-8
-14
-5
-5
-5
-7
-13
-17
-18
-19
-21
-23
-21
-20
-23
-19
-25
-30
-31
-32
-30
-25
-28
-30
-23
-24
-23
-24
-21
-21
-22
-16
-16
-8
-11
-12
-6
-6
-2
2
6
5
7
10
10
17
20
26
25
23
22
22
22
22
21
22
20
12
16
21
22
25
28
25
24
25
30
25
22
28
26
27
28
31
30
33
39
38
39
37
31
34
25
26
26
21
23
20
18
18
24
21
20
18
20
23
22
23
23
26
26
24
21
19
14
16
22
22
31
40
47
53
52
51
54
60
63
63
64
65
67
62
60
67
72
78
81
86
85
87
92
91
89
81
81
83
82
80
77
76
80
82
85
88
88
81
82
75
63
62
56
51
46
43
41
46
41
43
44
41
43
35
32
28
21
27
20
16
18
10
8
4
4
8
9
7
9
10
5
-3
-13
-14
-21
-25
-20
-20
-25
-27
-26
-23
-22
-18
-15
-11
-15
-17
-16
-24
-25
-25
-26
-30
-35
-32
-35
-37
-29
-33
-27
-30
-31
-34
-46
-51
-53
-56
-51
-55
-61
-56
-58
-58
-54
-61
-61
-57
-63
-64
-65
-73
-77
-77
-77
-77
-71
-65
-67
-65
-67
-62
-63
-63
-61
-65
-58
-56
-56
-54
-54
-55
-48
-46
-42
-38
-37
-33
-34
-35
-34
-34
-29
-30
-31
-27
-29
-26
-24
-32
-27
-28
-30
-28
-27
-26
-24
-22
-16
-16
-14
-20
-23
-18
-19
-14
-14
-11
-11
-13
-20
-21
-17
-13
-14
-17
-20
-19
-16
-16
-23
-24
-21
-22
-18
-20
-19
-22
-32
-29
-27
-26
-29
-22
-22
-26
-23
-24
-31
-29
-31
-37
-36
-39
-36
-37
-34
-33
-30
-27
-26
-29
-36
-34
-37
-47
-38
-45
-44
-37
-40
-32
-34
-35
-32
-30
-26
-26
-25
-27
-24
-25
-26
-18
-17
-13
-11
-16
-12
-6
-7
-13
-14
-13
-13
-5
1
4
14
15
19
24
31
32
30
30
32
34
33
34
32
36
43
43
46
49
56
60
63
65
67
71
67
68
65
66
66
65
69
68
64
68
68
73
79
78
73
69
66
67
70
65
67
72
75
78
78
73
72
68
64
65
62
64
64
68
67
66
70
72
76
73
70
69
65
61
57
53
48
46
38
40
43
43
48
44
48
50
50
45
46
49
49
58
59
61
55
53
53
53
55
54
51
52
53
54
53
47
49
53
55
53
47
48
45
39
40
31
26
21
17
18
24
28
27
22
14
6
-2
-3
-9
-6
-6
-12
-16
-19
-18
-22
-23
-24
-19
-20
-24
-20
-23
-21
-28
-32
-32
-46
-45
-42
-39
-34
-33
-25
-23
-17
-23
-27
-30
-37
-30
-38
-41
-38
-37
-36
-27
-23
-21
-9
-13
-13
-10
-15
-18
-26
-29
-31
-36
-39
-41
-39
-33
-35
-31
-29
-31
-29
-33
-36
-37
-42
-49
-49
-53
-47
-47
-51
-51
-49
-52
-52
-56
-57
-56
-62
-66
-71
-72
-70
-69
-64
-62
-59
-65
-63
-60
-62
-63
-71
-69
-63
-61
-61
-64
-70
-63
-60
-59
-56
-59
-54
-58
-61
-60
-69
-72
-73
-70
-70
-68
-66
-65
-63
-60
-58
-51
-49
-52
-58
-62
-60
-55
-54
-46
-33
-32
-26
-16
-22
-17
-17
-20
-14
-21
-24
-19
-12
-14
-6
3
-1
6
3
11
5
5
2
-5
1
-1
5
6
6
13
19
18
17
19
20
15
10
9
7
5
10
9
16
21
25
23
23
29
29
32
26
22
19
16
13
8
6
6
1
6
16
12
17
18
18
21
17
21
23
17
17
23
18
25
22
27
31
31
37
37
35
38
45
45
38
42
48
48
53
54
56
60
61
66
67
69
65
59
65
63
60
62
62
61
61
62
60
51
42
47
44
43
44
37
34
30
27
26
27
24
20
15
13
17
16
8
15
10
8
9
5
12
11
15
18
24
25
28
27
20
18
13
20
27
26
29
36
40
41
43
45
49
50
59
56
51
55
50
48
53
48
47
49
50
56
64
64
63
68
63
63
58
49
46
37
33
38
36
37
34
36
30
28
29
22
21
11
7
0
-2
-3
-12
-12
-17
-17
-15
-18
-23
-27
-30
-30
-31
-32
-34
-40
-38
-40
-44
-44
-47
-41
-35
-30
-29
-26
-28
-33
-26
-29
-36
-38
-35
-26
-23
-20
-26
-28
-19
-21
-19
-19
-21
-22
-22
-25
-27
-32
-33
-31
-31
-28
-28
-27
-26
-31
-34
-34
-32
-39
-45
-35
-32
-30
-30
-37
-39
-38
-37
-43
-48
-52
-58
-60
-63
-66
-62
-64
-64
-62
-60
-53
-58
-59
-61
-63
-63
-67
-65
-65
-60
-54
-58
-55
-50
-45
-42
-49
-45
-46
-43
-45
-43
-37
-28
-21
-21
-17
-20
-19
-22
-21
-15
-12
-15
-18
-16
-21
-19
-15
-12
-12
-10
-14
-13
-15
-17
-14
-13
-15
-10
-8
-8
-2
-6
-5
-4
-3
-1
2
8
10
11
8
7
3
2
1
-1
6
11
17
16
14
19
22
21
23
25
20
20
19
15
15
16
14
12
13
11
13
11
9
8
3
-4
-8
-13
-13
-12
-12
-7
-4
7
13
8
9
10
12
16
15
10
12
10
7
9
11
15
12
18
23
19
22
18
18
16
16
16
22
19
15
15
14
12
14
18
22
21
15
22
18
15
5
4
4
0
1
1
1
-2
2
-2
0
4
4
9
9
9
11
14
17
14
14
8
12
14
6
12
12
15
19
19
19
20
21
24
24
19
21
27
29
29
25
22
25
29
28
31
35
33
39
33
33
34
33
36
41
40
43
44
49
55
51
46
42
43
40
37
41
44
43
48
50
49
49
45
44
44
46
45
48
49
46
46
39
41
46
38
35
34
30
34
33
20
23
16
15
19
19
18
22
24
17
19
16
14
12
8
6
6
2
1
2
5
-1
-5
-5
-11
-9
-11
-17
-21
-23
-27
-26
-26
-21
-20
-23
-18
-19
-17
-19
-23
-25
-29
-34
-34
-31
-24
-21
-20
-16
-20
-25
-20
-16
-19
-17
-17
-21
-19
-20
-27
-24
-18
-16
-11
-10
-11
-12
-10
-16
-20
-20
-21
-24
-17
-17
-17
-17
-22
-22
-11
-12
-12
-15
-20
-24
-26
-21
-28
-26
-24
-27
-24
-25
-21
-20
-23
-24
-23
-23
-24
-26
-31
-33
-28
-29
-26
-25
-34
-34
-31
-28
-28
-27
-30
-32
-33
-32
-34
-30
-23
-23
-22
-21
-18
-20
-17
-19
-20
-22
-21
-15
-18
-12
-9
-5
-1
-4
-7
-5
-6
-5
-1
-1
0
2
-1
0
5
6
6
3
4
6
1
-7
-7
-12
-16
-15
-14
-15
-10
-10
-8
0
-6
-5
-13
-21
-21
-24
-25
-34
-34
-34
-30
-27
-21
-24
-27
-27
-33
-31
-36
-37
-47
-54
-57
-58
-55
-53
-52
-46
-42
-34
-32
-31
-31
-35
-34
-38
-47
-46
-42
-45
-43
-35
-30
-28
-24
-16
-15
-9
-2
-6
-5
-1
3
-2
2
8
9
14
12
19
24
24
25
31
31
26
30
28
33
37
38
48
48
50
47
47
53
47
47
40
34
27
30
34
34
41
35
35
42
39
41
45
41
39
36
32
27
24
24
26
25
26
32
34
35
37
36
31
25
22
18
18
18
18
16
13
17
15
16
11
17
15
14
18
16
18
16
18
12
15
13
13
16
18
19
21
23
25
24
24
28
28
28
32
35
36
36
34
29
32
32
34
32
35
37
37
37
35
35
33
33
34
39
39
40
37
33
26
26
29
24
20
16
16
13
12
11
11
7
10
7
10
8
3
6
-1
-5
-6
-8
-7
-10
-10
-8
-12
-8
-4
-4
-7
-9
-5
-9
-9
-3
-4
-1
1
1
3
3
1
-2
0
0
-1
-4
-4
-5
-3
-7
-7
-7
-5
-5
-4
4
3
4
6
4
1
3
5
4
4
-6
-9
-11
-9
-2
-5
0
-5
-5
-2
-3
-3
-4
-4
-9
-17
-18
-21
-22
-22
-21
-17
-23
-28
-27
-37
-37
-33
-35
-36
-34
-33
-36
-33
-34
-32
-36
-37
-41
-45
-56
-60
-60
-58
-58
-56
-51
-61
-59
-59
-58
-60
-64
-59
-64
-63
-60
-65
-62
-58
-58
-51
-48
-44
-43
-42
-40
-39
-32
-32
-29
-22
-18
-13
-12
-10
-6
-4
-6
-5
-10
-12
-7
-7
-7
-7
-1
-2
-4
-4
-7
-5
-8
-3
-6
-8
-6
-8
-4
-4
-3
1
2
0
3
5
5
9
4
1
-1
-2
-5
-2
-11
-7
1
-1
7
7
11
8
0
-3
-3
1
0
2
2
-2
3
6
-1
-3
0
1
-1
2
-1
-2
0
1
-1
5
6
3
6
6
8
10
10
10
8
6
10
1
3
2
-4
4
11
14
17
18
23
25
22
23
24
21
28
23
21
14
14
13
16
24
26
30
33
35
32
35
37
38
32
34
28
31
30
22
25
26
22
27
30
31
38
40
34
32
29
28
30
33
37
38
37
33
37
38
31
32
33
35
35
38
33
25
23
20
24
23
22
17
21
27
29
30
32
25
23
21
23
18
17
16
13
17
22
23
25
30
24
28
30
27
26
31
32
39
40
31
38
38
38
37
39
43
34
33
30
35
36
40
43
42
44
44
44
46
46
38
33
32
25
22
24
25
22
22
19
16
14
12
6
8
7
-1
0
-4
-6
-7
-12
-7
-6
-10
-9
-9
-6
-4
-6
-12
-11
-8
-11
-12
-11
-11
-9
-9
-9
-11
-14
-12
-14
-13
-11
-16
-22
-18
-19
-25
-27
-22
-18
-25
-17
-22
-23
-28
-26
-30
-24
-37
-41
-36
-17
-26
-34
-34
-139
-79
60
69
22
-52
-79
-83
-128
-30
44
20
-30
-83
-115
-64
-13
-17
-18
-33
-36
-37
-46
-41
-55
-69
-55
-49
-42
-45
-46
-56
-65
-59
-58
-54
-52
-53
-65
-55
-37
-46
-51
-56
-60
-52
-44
-48
-66
-63
-61
-61
-55
-51
-48
-45
-38
-47
-50
-36
-32
-28
-29
-36
-38
-34
-31
-41
-32
-21
-18
-12
-13
-15
-12
-17
-19
-15
-15
-9
-2
-9
-6
-4
1
4
-2
-1
7
15
18
22
18
17
7
4
10
13
9
10
13
12
17
18
12
13
5
7
16
5
-7
-9
-2
-19
-13
-3
-4
-7
-17
-17
-18
-14
-18
-17
-22
-25
-28
-22
-22
-36
-29
-29
-26
-10
-12
-22
-29
-24
-18
-18
-18
-17
-7
-11
-14
-17
-10
3
6
5
10
10
10
15
15
16
17
22
20
27
36
44
39
41
49
43
47
50
51
55
51
57
58
60
65
64
72
71
69
77
75
67
61
55
56
53
55
51
51
48
53
52
44
51
55
58
59
59
61
56
56
55
40
37
52
50
48
44
44
48
49
49
38
40
44
38
38
34
33
36
36
37
20
12
23
25
29
27
20
26
23
20
15
15
18
19
12
9
15
10
22
20
9
11
13
19
21
14
18
17
10
11
8
2
6
12
12
10
3
5
4
-8
0
-8
-7
5
-9
-16
-13
-14
-9
-6
-9
-8
-10
1
-2
-2
-4
-9
-11
-12
1
3
2
-2
-4
-11
-12
-14
-16
-14
-15
-17
-11
-17
-13
-8
-8
-12
-21
-29
-28
-24
-24
-21
-24
-30
-33
-22
-23
-32
-35
-32
-25
-19
-22
-21
-27
-39
-33
-18
-18
-24
-25
-30
-20
-16
-20
-17
-25
-28
-20
-15
-15
-20
-25
-35
-35
-25
-23
-23
-20
-27
-22
-15
-21
-11
-6
-8
-1
-9
-19
-13
-16
-10
-8
-9
-15
-19
-17
-19
-12
-24
-29
-22
-17
-21
-25
-36
-37
-34
-38
-37
-46
-54
-60
-52
-46
-49
-59
-58
-69
-65
-53
-51
-52
-60
-56
-60
-59
-59
-55
-60
-54
-49
-41
-42
-45
-44
-44
-35
-39
-27
-37
-35
-19
-29
-34
-33
-31
-27
-25
-28
-17
-15
-19
-26
-18
-13
-12
-5
-7
-4
6
8
4
7
5
0
5
9
8
10
13
9
5
-2
5
8
21
31
28
22
19
22
22
28
29
21
20
25
26
27
24
24
27
27
22
29
24
21
22
16
15
15
25
18
24
14
35
-48
-83
-1
-9
16
35
27
30
-8
-8
51
41
66
96
61
38
45
49
62
73
78
82
81
78
83
64
59
47
37
49
45
49
41
30
23
17
19
21
28
36
53
58
55
54
45
44
55
67
69
66
70
73
62
63
46
44
58
49
53
67
65
57
77
75
63
54
50
44
27
25
42
32
18
22
38
20
30
3
-30
16
12
23
29
3
13
-18
-25
22
7
18
26
7
-4
-22
-15
7
0
13
15
3
4
-11
-25
-17
-22
-17
-9
-1
7
-9
-13
-10
-13
-9
-1
16
9
8
16
12
16
15
18
23
23
43
51
52
60
60
54
38
24
29
37
27
31
35
24
18
10
10
7
3
18
10
6
15
11
6
5
9
12
7
-14
-10
-10
-16
-12
-12
-13
-16
-27
-34
-23
-27
-33
-38
-42
-45
-53
-69
-68
-64
-70
-59
-55
-69
-79
-71
-69
-69
-68
-67
-67
-72
-72
-66
-61
-57
-53
-57
-54
-42
-42
-50
-45
-46
-49
-45
-49
-44
-41
-42
-47
-36
-34
-28
-26
-28
-24
-13
-20
-18
-17
-8
-40
-12
-60
-126
24
23
-67
-81
-27
-47
-88
-72
5
-17
-44
-25
-51
-86
-51
-32
-54
-43
-12
-32
-51
-35
-41
-74
-58
-26
-35
-27
-36
-53
-66
-59
-58
-53
-35
-36
-39
-57
-51
-54
-73
-64
-46
-47
-40
-15
-17
-33
-31
-26
-33
-25
-17
-13
-3
-4
-40
-36
-5
-22
-23
-3
-1
3
5
-9
-7
4
2
1
0
5
3
-3
10
12
8
18
25
22
12
10
18
10
2
-2
0
1
-5
0
8
1
4
11
7
-1
6
12
13
14
21
26
18
19
18
20
26
25
25
20
12
2
-1
14
29
16
5
20
16
23
35
41
49
58
56
52
36
29
38
34
37
46
41
40
40
34
44
36
52
72
76
69
61
63
57
63
78
90
95
98
92
82
79
79
81
89
91
100
92
77
78
79
63
58
68
67
66
60
64
66
46
40
54
50
49
50
37
41
36
32
27
31
38
29
21
20
19
14
13
9
3
0
-3
-3
-6
-8
-5
-14
-16
-13
-14
-13
-6
5
-2
-10
-7
-8
-8
-6
-5
-6
-1
7
7
8
3
0
3
-4
-17
-9
1
-1
-3
-1
-1
0
-3
-12
-9
-1
3
-8
-2
2
1
11
17
8
-2
6
7
2
9
21
15
3
-4
-3
4
8
4
-5
22
20
-4
-25
-23
-13
-26
-19
-22
-17
-8
-28
-23
-10
-17
-20
-14
-4
-17
-33
-33
-34
-43
-55
-55
-40
-47
-48
-52
-61
-62
-62
-56
-66
-55
-62
-75
-78
-73
-75
-80
-74
-64
-67
-68
-66
-68
-71
-67
-52
-44
-44
-54
-66
-60
-56
-58
-44
-29
-24
-26
-39
-36
-24
-27
-18
-11
-10
-15
-12
-7
-8
-11
-11
-9
-11
-4
-8
-8
-3
-9
-18
-21
-11
-1
-11
-14
-4
-16
-33
-36
-25
-24
-32
-38
-41
-42
-56
-52
-42
-38
-37
-50
-51
-46
-56
-45
-32
-32
-32
-51
-47
-36
-45
-29
-10
1
-16
-24
-19
-30
-15
3
-4
-1
-13
-18
-15
-12
4
-4
-6
7
16
6
2
7
10
14
17
14
23
26
18
27
48
50
29
27
35
48
55
57
54
46
35
37
46
46
52
55
51
57
59
51
52
53
41
40
45
50
47
43
55
54
63
62
52
57
61
59
48
38
40
39
31
32
35
38
36
49
50
43
38
30
31
37
32
34
43
38
29
19
24
29
21
35
50
57
48
32
16
10
6
7
21
20
19
16
13
7
4
-6
1
19
22
30
28
22
20
11
8
14
23
27
27
21
20
18
17
24
26
37
42
46
46
45
39
30
36
48
54
52
50
34
16
19
25
22
22
32
30
15
8
6
19
23
17
11
7
-1
-5
-2
-6
0
-5
-3
5
7
11
5
-1
2
1
4
8
10
-6
-25
-21
-22
-32
-27
-7
8
-3
-10
-17
-16
-27
-35
-13
-2
3
-1
-1
1
-8
-9
0
16
27
22
8
-1
-9
-9
-4
13
20
8
6
-2
-7
-8
-4
2
-5
-18
-15
-21
-33
-32
-30
-23
-13
-19
-27
-32
-44
-44
-33
-23
-26
-35
-40
-44
-54
-73
-67
-50
-46
-49
-52
-48
-56
-68
-74
-66
-47
-41
-42
-37
-40
-52
-66
-76
-70
-61
-42
-25
-23
-39
-54
-62
-63
-63
-51
-26
-9
-15
-36
-52
-51
-51
-46
-26
-6
19
11
-5
-8
-18
-26
-20
3
29
40
32
18
-2
-25
-24
-15
-3
10
11
10
7
-8
-35
-35
-29
-13
7
8
20
12
-21
-39
-47
-50
-31
-26
-17
-15
-29
-38
-34
-28
-35
-37
-28
-18
-10
-20
-31
-33
-42
-59
-54
-39
-34
-19
-21
-23
-20
-28
-42
-39
-31
-18
-4
-3
11
12
0
-5
2
-6
1
13
13
23
25
10
-6
-10
-5
1
9
27
25
17
1
-19
-16
-15
-11
-6
6
10
-6
-16
-20
-18
-28
-15
9
12
2
-14
-16
-13
-29
-26
-7
5
7
-5
7
24
18
7
13
20
16
6
9
17
17
13
11
1
5
13
17
39
44
42
39
24
24
28
28
48
57
56
52
40
33
21
20
32
31
32
42
44
37
23
10
9
13
16
24
40
42
29
14
11
24
34
34
38
40
33
26
21
14
17
17
9
0
8
16
2
-1
8
10
13
13
23
31
33
27
20
22
24
22
25
37
33
28
28
26
38
55
67
63
48
41
31
24
24
29
41
44
40
14
-3
1
7
15
22
36
36
20
5
-5
-6
1
14
22
13
6
0
-4
-4
2
-1
-5
14
15
0
-7
-16
-27
-29
-12
14
11
0
-11
-18
-20
-19
-5
8
25
31
11
-2
-5
-15
-14
6
20
31
40
31
13
1
0
7
19
26
28
22
13
-5
-14
-16
-19
-13
5
23
15
6
-9
-20
-26
-34
-9
9
14
6
-13
-28
-34
-35
-26
-3
9
4
-13
-23
-30
-35
-35
-32
-15
-16
-13
-7
2
-8
-35
-33
-24
-19
-14
1
6
2
-20
-39
-25
-15
-11
-4
7
3
-8
-26
-36
-22
-20
-23
-11
-2
6
-2
-7
-5
-14
-16
-21
-15
-13
-20
-28
-30
-42
-45
-30
-17
-22
-35
-38
-46
-58
-57
-50
-36
-35
-45
-51
-51
-39
-53
-51
-31
-25
-27
-37
-48
-54
-55
-54
-54
-48
-40
-35
-36
-43
-50
-50
-44
-36
-23
-12
1
5
-10
-25
-30
-28
-14
-6
11
23
9
5
0
1
6
3
5
10
12
2
-16
-20
-26
-37
-32
-18
-9
-8
-7
-9
-23
-30
-26
-24
-23
-17
-18
-19
-22
-27
-25
-24
-18
-13
-6
-3
-3
-1
-1
2
3
6
12
10
6
4
0
6
11
14
17
25
16
7
4
3
11
15
29
36
27
30
35
26
30
37
42
44
46
42
27
33
29
17
14
21
41
38
24
20
18
17
14
20
21
28
19
0
3
4
8
17
22
26
19
10
7
6
1
5
19
22
23
18
11
12
4
-2
22
41
46
38
29
26
14
3
5
32
59
60
50
43
32
21
10
25
49
69
73
62
60
52
42
40
51
61
78
84
82
73
58
41
38
44
47
61
74
73
60
39
34
37
40
48
54
52
52
52
43
42
49
44
39
41
44
49
44
37
27
15
5
3
0
4
14
10
10
3
-2
-7
-15
-12
-11
-8
-3
0
-1
-7
-12
-24
-24
-19
-12
-7
-3
-2
-9
-14
-14
-19
-22
-24
-6
3
-8
-11
-11
-8
1
2
9
19
19
12
12
18
10
16
26
26
16
10
18
19
25
32
36
40
25
3
-3
7
8
14
16
10
10
3
-12
-18
-10
0
11
12
0
-19
-24
-32
-31
-14
-7
-13
-15
-17
-22
-25
-39
-43
-49
-51
-48
-46
-43
-45
-59
-67
-65
-56
-51
-47
-42
-44
-53
-76
-85
-78
-76
-78
-71
-68
-75
-82
-88
-81
-79
-76
-70
-62
-54
-73
-78
-76
-75
-84
-76
-61
-62
-63
-67
-63
-57
-49
-49
-43
-34
-33
-38
-37
-27
-22
-29
-32
-33
-33
-29
-35
-33
-20
-22
-27
-30
-38
-37
-35
-36
-44
-32
-21
-13
-10
-20
-26
-38
-44
-41
-23
-27
-39
-42
-43
-40
-53
-56
-48
-33
-26
-29
-27
-29
-30
-41
-43
-36
-16
-13
-14
-5
-3
-7
-16
-10
7
15
9
10
18
16
6
5
11
14
10
14
22
18
13
16
18
10
-2
-7
2
2
8
16
15
9
4
12
15
12
14
24
40
41
36
41
45
45
46
47
58
62
52
48
41
32
33
32
40
49
54
59
61
37
20
30
39
52
57
64
59
48
25
12
12
23
40
46
53
53
37
21
11
21
32
39
45
40
32
21
10
15
18
20
26
32
28
20
23
28
28
29
39
45
49
54
57
61
57
44
50
60
64
70
84
91
81
74
66
70
77
82
87
90
92
76
60
61
65
68
68
73
87
83
73
67
54
49
45
40
51
58
58
48
28
19
2
10
17
28
36
36
32
13
5
-8
-1
11
4
-11
-16
-19
-28
-26
-36
-21
-17
-28
-29
-35
-37
-29
-28
-34
-28
-28
-34
-35
-31
-26
-23
-24
-24
-27
-34
-32
-23
-24
-21
-27
-22
-7
-16
-19
-15
-6
-2
-10
-22
-19
-8
-10
-8
-10
-2
3
1
2
0
3
3
0
-3
2
1
-6
-7
-5
-6
-9
-7
-11
-9
-13
-14
-15
-10
-8
-11
-7
-6
-11
-22
-34
-44
-40
-35
-34
-29
-28
-36
-40
-45
-52
-51
-43
-43
-43
-49
-57
-57
-56
-60
-55
-39
-35
-43
-53
-71
-84
-92
-93
-88
-83
-77
-79
-87
-85
-79
-88
-84
-87
-89
-79
-77
-78
-74
-78
-83
-79
-76
-57
-49
-36
-44
-51
-49
-47
-30
-25
-18
-24
-24
-27
-24
-25
-32
-28
-19
-13
-4
9
15
9
2
-4
-14
-11
7
16
18
12
7
-2
-16
-20
-9
10
21
25
21
21
10
-2
-14
-23
-19
-14
0
6
-11
-31
-49
-49
-39
-26
-13
-3
0
-11
-24
-32
-37
-33
-28
-21
-20
-15
-1
-6
-8
-19
-17
-6
3
12
19
22
14
6
6
6
11
20
29
44
46
46
44
40
32
43
58
62
64
64
63
59
55
52
50
43
38
43
49
57
53
45
43
31
25
32
43
45
36
35
38
28
11
2
4
15
16
19
27
20
16
4
0
16
17
26
27
22
25
15
17
18
9
18
20
30
39
27
30
32
39
47
47
48
45
56
54
48
59
57
50
54
54
57
70
74
72
74
75
78
82
84
81
83
78
69
77
78
78
78
77
83
83
83
81
78
79
83
81
78
75
69
60
54
51
51
44
34
36
37
33
27
19
17
18
4
-1
-4
-9
-13
-11
-14
-16
-11
-18
-22
-31
-40
-42
-36
-42
-47
-52
-56
-61
-68
-68
-61
-46
-36
-40
-38
-36
-35
-41
-54
-57
-59
-51
-33
-29
-22
-20
-25
-26
-27
-22
-22
-16
-11
-12
-15
-6
-5
-6
3
8
15
24
23
24
23
19
19
8
-3
-4
-3
0
13
21
19
10
3
-4
-15
-15
-7
-1
7
-3
-18
-41
-61
-72
-78
-67
-60
-55
-57
-68
-86
-95
-96
-90
-85
-72
-64
-67
-76
-91
-105
-109
-99
-84
-71
-64
-56
-69
-71
-79
-86
-83
-82
-66
-68
-66
-68
-69
-61
-61
-58
-54
-57
-45
-30
-23
-16
-22
-29
-32
-35
-29
-14
2
4
8
5
-4
-16
-18
-16
-5
-2
-2
-2
-14
-23
-20
-18
-13
-5
-3
3
6
0
-7
-6
-12
-17
-13
-13
-12
-9
-12
-18
-14
-12
-7
-7
-10
-6
-13
-15
-18
-18
-21
-23
-19
-27
-38
-40
-42
-37
-35
-40
-37
-25
-20
-31
-16
-9
-12
-11
-26
-26
-22
-15
-9
3
2
-3
-2
-8
-3
-2
7
20
32
31
26
29
22
19
21
19
31
36
39
42
41
40
38
43
56
61
66
71
70
72
66
60
61
63
62
69
75
72
72
71
64
57
54
49
54
67
68
66
65
51
44
42
40
43
53
60
59
48
36
34
34
31
33
38
37
36
35
28
17
15
18
22
26
28
30
32
19
16
17
23
32
36
34
33
26
15
25
26
29
33
41
49
45
48
43
39
41
37
36
42
43
45
46
39
37
45
42
35
32
27
26
32
28
29
26
15
11
7
-4
-4
2
7
4
-11
-12
-11
-16
-9
-7
-4
-2
-13
-13
-15
-16
-12
-9
0
4
5
-1
-6
-10
-13
-19
-21
-16
-14
-17
-17
-17
-7
-3
-4
-3
0
3
0
1
3
5
1
-1
-4
-11
-15
-20
-10
-7
-10
-14
-14
-9
-21
-20
-12
-12
-5
-1
4
-2
-10
-9
-11
-2
0
-2
-7
-10
-11
-19
-30
-36
-33
-32
-33
-33
-28
-33
-38
-35
-34
-35
-28
-25
-33
-40
-45
-40
-42
-36
-40
-39
-39
-48
-54
-59
-61
-62
-58
-61
-67
-72
-79
-73
-68
-66
-63
-64
-63
-77
-85
-92
-100
-106
-103
-97
-87
-81
-84
-89
-88
-84
-78
-68
-59
-59
-60
-55
-61
-62
-65
-61
-53
-47
-41
-32
-26
-37
-33
-26
-13
-10
-11
-7
-4
1
1
5
-1
2
17
24
26
26
25
33
33
36
43
54
46
37
35
28
35
28
34
31
39
36
32
39
33
30
25
39
39
40
29
22
18
17
17
17
29
23
26
26
29
30
19
9
7
8
10
13
6
4
1
-4
-6
-3
-1
0
3
4
2
2
-2
1
5
-1
-9
-4
-5
-4
-3
0
4
1
4
9
9
12
22
24
28
32
31
28
23
22
25
23
21
20
27
30
26
28
30
37
38
43
48
48
47
38
37
37
37
35
38
35
28
25
19
21
26
37
37
34
37
34
30
23
26
24
25
31
28
28
27
25
24
27
36
34
33
37
34
29
26
26
23
24
20
24
31
31
29
19
10
3
6
9
15
24
24
30
22
25
29
30
36
33
29
29
33
29
27
28
29
33
33
28
32
33
28
27
20
28
33
28
33
23
19
22
30
29
23
12
10
15
10
11
5
7
2
1
-2
-7
-7
3
3
0
-1
-10
-14
-17
-11
-16
-12
-10
-14
-4
-11
-11
-8
-9
-5
-3
2
-1
-6
-8
-4
1
3
7
4
2
1
-4
-2
-1
8
5
5
7
3
4
0
-4
-1
-4
-4
-8
-8
-9
-12
-11
-17
-17
-19
-26
-22
-26
-37
-44
-42
-42
-42
-40
-48
-49
-49
-51
-52
-54
-55
-50
-46
-51
-55
-61
-61
-67
-64
-63
-63
-60
-60
-58
-65
-65
-62
-58
-46
-44
-36
-28
-35
-36
-32
-34
-31
-29
-25
-22
-22
-23
-25
-20
-15
-14
-14
-6
1
-2
3
4
0
0
-2
0
-7
-4
-3
-5
-2
-1
-8
-11
-10
-15
-17
-21
-25
-29
-31
-28
-27
-22
-20
-20
-11
-16
-7
-9
-9
-1
-10
-8
-16
-15
-23
-33
-28
-25
-22
-17
-16
-22
-26
-20
-16
-12
-11
-12
-13
-24
-23
-18
-13
-7
5
9
11
11
11
5
13
14
4
17
22
21
19
20
20
26
29
22
23
24
26
23
15
5
-1
-2
-2
-5
-11
-16
-15
-12
-11
-10
-14
-9
-4
-5
-2
1
3
2
-6
-9
-15
-15
-3
0
9
9
8
8
6
10
14
18
25
23
21
20
11
7
9
12
14
15
19
14
4
-2
-6
-10
-6
5
14
12
6
8
-1
5
6
0
8
6
3
6
17
19
18
18
16
16
18
18
14
15
16
19
19
19
21
22
22
24
33
31
30
31
32
31
23
19
10
9
10
13
18
19
30
31
28
29
25
23
21
20
26
27
22
21
18
17
21
23
29
35
38
43
41
46
49
49
46
50
53
48
48
45
49
44
46
49
54
55
50
57
51
51
42
41
40
42
44
35
32
32
31
25
28
30
19
19
17
9
7
5
4
-2
1
0
-3
1
-2
-2
-4
-4
-9
-13
-11
-14
-13
-9
-4
1
1
1
-4
-11
-12
-16
-17
-27
-31
-33
-31
-23
-22
-21
-32
-34
-38
-40
-39
-36
-32
-39
-34
-32
-28
-28
-37
-31
-28
-28
-26
-23
-23
-33
-31
-33
-39
-39
-36
-29
-29
-30
-27
-22
-19
-16
-15
-14
-15
-15
-8
-8
-10
-11
-13
-10
-10
-7
-6
-12
-16
-14
-8
-13
-6
-9
-10
-6
-11
-5
-7
-3
0
-1
1
-5
-12
-16
-18
-15
-14
-14
-15
-17
-24
-30
-31
-27
-32
-33
-33
-37
-27
-31
-34
-38
-47
-40
-45
-41
-39
-34
-32
-35
-31
-31
-30
-32
-35
-37
-41
-46
-46
-42
-45
-48
-46
-44
-44
-39
-35
-27
-29
-26
-25
-30
-28
-30
-35
-37
-44
-45
-41
-33
-26
-27
-26
-25
-25
-25
-27
-21
-19
-17
-15
-18
-13
-19
-18
-12
-13
-6
-1
5
1
4
4
5
11
11
15
14
11
10
13
14
19
22
19
20
15
16
20
17
11
12
10
6
13
10
11
8
13
21
18
22
23
25
29
33
30
30
27
27
31
34
31
36
35
31
34
36
38
31
40
39
33
27
22
22
27
24
23
31
28
31
29
26
26
26
29
31
30
32
31
32
24
20
22
18
20
19
16
20
18
14
15
16
19
21
22
21
27
28
23
30
26
27
29
27
30
27
26
28
33
34
27
33
32
30
38
35
34
33
34
35
36
45
48
46
52
48
44
48
44
41
41
39
36
38
39
42
44
41
41
42
37
33
40
47
52
52
55
58
54
52
46
44
45
49
50
46
45
42
38
36
28
30
33
31
34
31
24
18
11
11
5
-2
1
1
0
-3
-1
-6
-12
-12
-6
3
1
4
-1
-1
-4
-10
-11
-17
-14
-16
-11
-12
-16
-22
-28
-32
-31
-33
-33
-39
-43
-41
-46
-47
-46
-43
-45
-47
-40
-42
-43
-41
-50
-54
-51
-45
-49
-50
-51
-43
-43
-48
-49
-41
-41
-43
-42
-40
-39
-41
-41
-44
-40
-36
-38
-31
-26
-25
-29
-34
-31
-29
-24
-24
-26
-28
-33
-33
-30
-32
-36
-32
-27
-27
-26
-22
-22
-27
-28
-36
-43
-42
-37
-37
-42
-49
-53
-50
-46
-36
-36
-41
-44
-44
-41
-38
-38
-38
-36
-37
-33
-33
-28
-21
-25
-16
-19
-20
-20
-19
-19
-23
-21
-22
-20
-14
-15
-20
-24
-20
-22
-26
-22
-23
-24
-29
-32
-34
-40
-37
-38
-40
-36
-29
-26
-25
-23
-29
-34
-31
-30
-31
-23
-23
-22
-20
-18
-12
-12
-9
-3
1
0
-1
0
1
-2
-1
1
3
7
4
3
4
4
4
8
14
12
12
12
16
13
15
15
13
21
13
20
20
21
22
20
21
17
29
32
35
32
32
38
36
40
38
34
29
35
35
36
37
34
38
48
50
47
48
37
31
34
37
33
34
38
37
36
35
47
48
43
37
30
36
32
27
28
25
24
22
23
23
24
30
33
40
43
49
47
43
41
32
26
27
24
23
23
24
28
26
26
24
24
21
26
30
23
24
23
18
16
16
18
19
24
25
29
27
21
22
23
18
16
25
32
30
37
39
38
43
32
27
22
27
30
29
28
24
26
27
22
21
21
22
28
31
25
20
10
6
8
1
0
1
1
0
0
-5
-2
-6
-13
-11
-15
-13
-7
-9
-13
-9
-16
-14
-15
-21
-22
-24
-23
-21
-23
-21
-24
-28
-25
-24
-20
-13
-9
-2
0
-3
-10
-15
-17
-18
-18
-20
-18
-27
-33
-34
-42
-41
-39
-34
-29
-29
-34
-35
-31
-26
-27
-30
-32
-30
-36
-38
-37
-40
-35
-34
-40
-41
-43
-43
-38
-33
-33
-30
-26
-27
-24
-27
-26
-30
-33
-32
-27
-27
-28
-25
-31
-32
-32
-32
-35
-29
-35
-36
-37
-41
-39
-43
-43
-42
-38
-39
-41
-34
-36
-34
-33
-36
-33
-44
-44
-54
-55
-50
-54
-53
-48
-49
-43
-35
-37
-30
-32
-25
-24
-28
-30
-27
-22
-24
-22
-19
-20
-18
-15
-12
-11
-6
-2
-7
-7
-7
-4
0
-5
-9
-11
-12
-12
-10
-4
6
5
2
5
-1
-1
-5
-2
-1
3
2
5
7
10
19
20
22
20
30
25
27
30
31
33
21
26
25
23
24
27
30
40
46
45
48
41
42
43
32
27
27
26
28
20
23
23
11
15
19
20
18
19
18
9
7
0
-2
2
1
5
6
9
14
8
5
11
17
19
13
6
6
4
0
3
7
16
24
28
32
30
31
32
37
39
41
41
40
35
36
36
33
35
38
40
34
33
37
38
41
39
35
33
32
32
33
31
30
28
28
32
34
40
40
44
37
30
39
30
33
40
41
44
46
44
32
35
35
28
32
33
27
26
23
20
13
6
6
11
12
10
17
18
13
12
12
5
5
11
16
21
25
26
22
26
20
24
31
29
36
36
28
31
34
32
29
34
41
40
37
32
32
29
23
25
25
22
20
18
16
20
22
16
19
16
9
5
3
2
-4
-6
-8
-11
-15
-15
-17
-19
-16
-11
-13
-16
-22
-26
-27
-28
-34
-31
-33
-37
-36
-40
-35
-28
-30
-30
-24
-15
-17
-18
-15
-19
-21
-23
-27
-23
-27
-21
-22
-19
-15
-6
-2
-4
2
-4
2
0
0
0
-1
2
2
-6
-8
-8
-5
-8
-11
-11
-13
-11
-21
-20
-15
-14
-9
-16
-16
-19
-20
-24
-26
-34
-37
-37
-40
-38
-40
-45
-40
-40
-37
-38
-43
-35
-43
-43
-48
-48
-46
-49
-50
-47
-49
-48
-46
-48
-41
-44
-39
-43
-44
-51
-52
-46
-43
-44
-44
-41
-43
-44
-43
-35
-33
-37
-31
-35
-32
-27
-28
-22
-22
-18
-19
-22
-16
-10
-11
-10
-15
-9
-12
-15
-11
-18
-15
-13
-18
-14
-15
-10
-6
-6
-6
-4
-4
-2
4
-3
2
3
-5
-4
-11
-8
-6
-6
-9
-14
-14
-15
-8
-6
-8
-3
-8
-5
-1
-6
-3
-5
-10
-15
-16
-16
-18
-13
-11
-12
-17
-18
-17
-15
-9
-12
-20
-13
-10
-10
-13
-15
-21
-21
-21
-24
-18
-22
-19
-15
-13
-10
-7
-3
-9
-9
-10
-13
-12
-16
-7
0
0
5
2
4
3
3
4
4
7
8
14
16
17
21
19
24
23
19
24
25
26
32
30
28
32
35
39
40
35
31
38
38
36
34
35
40
44
45
42
43
52
54
52
57
57
56
50
53
48
50
56
54
55
52
55
61
64
67
67
70
65
63
68
61
55
57
52
51
49
46
54
55
54
49
49
49
49
46
47
50
53
55
53
52
48
44
37
36
39
40
34
30
35
37
32
30
31
30
29
30
28
29
24
23
24
17
16
16
12
6
3
2
2
4
-2
-5
-6
-11
-11
-10
-13
-14
-14
-16
-17
-19
-21
-27
-33
-33
-25
-28
-25
-21
-28
-25
-26
-22
-23
-32
-31
-33
-34
-34
-40
-50
-48
-47
-44
-38
-40
-35
-31
-26
-27
-34
-28
-30
-27
-23
-26
-25
-23
-25
-35
-35
-31
-29
-27
-24
-21
-18
-23
-23
-27
-33
-32
-42
-42
-43
-42
-35
-22
-19
-23
-24
-30
-28
-24
-22
-18
-13
-14
-14
-9
-12
-13
-17
-20
-9
-5
-2
-5
-13
-12
-17
-22
-21
-23
-25
-22
-22
-20
-20
-25
-25
-25
-32
-34
-29
-33
-37
-43
-46
-46
-52
-52
-55
-58
-49
-51
-50
-48
-52
-48
-53
-47
-46
-44
-43
-48
-48
-52
-49
-48
-49
-42
-41
-46
-39
-34
-32
-24
-28
-30
-30
-30
-25
-23
-24
-25
-28
-29
-26
-27
-24
-17
-17
-14
-12
-15
-14
-12
-15
-13
-13
-8
-9
0
4
-2
3
6
10
6
9
15
17
22
23
20
19
21
16
21
24
19
18
16
19
23
25
23
21
22
21
18
17
17
17
13
18
14
15
17
19
22
21
22
25
28
23
23
24
33
27
28
29
26
22
27
32
29
35
37
38
37
41
36
35
31
33
41
37
39
42
45
48
50
53
51
54
54
46
47
45
50
54
48
44
40
45
49
47
43
39
35
36
44
46
47
43
43
42
42
42
40
44
47
48
48
44
49
44
48
47
43
37
36
35
29
23
21
25
24
21
25
24
24
27
17
19
23
16
16
10
7
10
13
16
13
13
16
19
25
24
24
28
29
29
24
24
25
28
32
33
35
33
30
29
36
38
34
36
31
31
31
35
33
35
33
29
29
20
18
9
5
8
9
5
6
3
-5
-5
-8
-6
-8
-11
-9
-6
-14
-19
-21
-28
-29
-34
-30
-26
-26
-26
-25
-22
-25
-24
-24
-26
-28
-26
-23
-26
-23
-27
-28
-25
-24
-33
-36
-32
-29
-28
-23
-28
-26
-27
-27
-21
-31
-37
-39
-39
-30
-32
-34
-38
-44
-37
-41
-40
-36
-39
-46
-49
-56
-60
-57
-56
-53
-46
-46
-46
-41
-39
-40
-45
-49
-55
-54
-57
-57
-57
-56
-53
-53
-41
-43
-40
-43
-46
-38
-41
-39
-38
-46
-45
-46
-44
-46
-44
-40
-34
-31
-36
-34
-30
-33
-36
-35
-33
-36
-34
-27
-25
-26
-28
-20
-19
-15
-14
-22
-15
-16
-10
-6
-8
-5
-4
-5
-1
5
2
4
6
6
9
11
14
17
19
18
15
18
18
14
15
19
16
10
9
14
14
11
15
20
17
24
24
20
23
24
24
15
10
8
-2
1
5
2
8
10
11
8
5
3
2
-1
-1
-5
-5
-7
-5
-9
-13
-14
-14
-13
-7
-6
-10
-11
-16
-16
-21
-26
-22
-14
-12
-13
-14
-11
-11
-11
-9
-7
-1
1
2
6
4
7
9
5
23
27
31
37
37
40
38
44
38
38
36
34
37
37
31
28
36
39
40
37
36
40
30
29
31
25
28
23
18
14
12
8
-4
0
5
5
9
9
10
9
10
11
14
9
16
15
15
17
11
17
22
25
27
23
22
27
23
17
12
7
14
19
17
21
23
30
25
27
28
26
29
24
23
22
61
22
-25
16
48
59
53
31
29
25
-2
20
40
32
34
10
-24
-7
11
28
46
23
0
3
13
34
29
15
0
-8
-6
-7
2
-1
-15
-16
-21
-15
-14
-23
-21
-28
-33
-36
-31
-26
-30
-34
-33
-26
-23
-25
-23
-22
-24
-23
-21
-17
-12
-14
-14
-15
-13
-10
-9
-1
5
12
7
2
1
-3
-1
-4
-6
-9
-13
-12
-5
-10
-8
-5
-4
-5
-5
-12
-16
-18
-25
-23
-21
-27
-18
-18
-21
-18
-13
-9
-9
-8
-15
-19
-23
-20
-22
-22
-21
-18
-22
-26
-22
-28
-22
-27
-26
-32
-38
-35
-38
-35
-32
-31
-29
-28
-26
-19
-12
-14
-14
-20
-25
-20
-30
-27
-27
-22
-22
-20
-14
-19
-22
-18
-8
-13
-13
-7
-4
-4
-2
5
5
12
16
20
26
26
24
23
20
14
17
14
18
22
27
30
26
27
30
32
28
24
21
15
18
18
8
7
2
3
2
3
6
3
5
8
9
10
4
4
-2
-4
0
1
6
7
4
2
4
2
6
7
16
16
17
15
15
18
10
6
-6
1
8
7
7
1
0
-3
-2
-3
-3
-6
-15
-6
-15
-17
-19
-22
-28
-32
-24
-31
-26
-28
-32
-26
-22
-21
-26
-27
-23
-22
-25
-15
-20
-27
-27
-28
-31
-33
-30
-22
-12
-6
5
5
14
12
10
12
8
16
19
17
19
21
32
34
33
34
26
28
34
45
42
36
32
31
27
24
29
28
30
31
33
35
35
25
22
15
13
12
12
15
16
10
8
7
12
18
16
15
3
4
4
0
5
-2
-4
-3
-3
3
1
1
0
-5
-3
-4
-4
1
-5
0
3
5
10
7
5
10
13
15
18
18
21
25
26
25
26
27
28
28
29
31
36
37
27
31
37
29
29
27
29
33
28
20
19
20
15
14
16
16
13
17
13
13
6
5
6
-6
4
4
2
3
4
9
14
13
8
7
0
0
6
14
18
23
19
27
27
30
33
28
31
32
24
26
28
14
14
12
18
19
16
15
14
14
21
23
19
18
11
10
9
5
0
-2
-5
-2
0
-10
-9
-7
-6
-6
-7
-11
-14
-11
-11
-12
-14
-15
-20
-27
-26
-32
-35
-39
-42
-34
-33
-29
-30
-28
-19
-25
-29
-26
-29
-26
-23
-22
-26
-24
-26
-28
-20
-21
-16
-11
-8
-2
-4
-4
-5
-4
-1
-6
-5
-6
-10
-9
-8
-13
-12
-19
-19
-16
-18
-18
-22
-21
-27
-31
-30
-31
-35
-32
-35
-41
-38
-38
-40
-36
-36
-34
-34
-38
-31
-35
-34
-32
-38
-38
-40
-39
-30
-31
-27
-25
-28
-26
-28
-29
-32
-32
-29
-28
-27
-27
-29
-29
-29
-35
-31
-31
-27
-22
-25
-27
-30
-20
-23
-20
-21
-24
-23
-24
-21
-21
-16
-24
-21
-24
-28
-26
-27
-31
-35
-29
-31
-31
-24
-24
-23
-23
-29
-28
-29
-25
-25
-27
-27
-30
-26
-24
-21
-12
-10
-17
-13
-17
-19
-15
-18
-13
-12
-3
-1
7
5
10
18
23
26
24
23
21
26
27
26
25
26
30
27
32
34
33
32
29
35
34
35
28
33
35
31
33
29
29
25
31
27
24
23
22
25
23
28
21
23
23
23
24
24
28
26
28
28
28
33
30
34
38
36
41
39
37
41
39
44
44
46
50
48
53
54
51
55
53
53
46
46
51
50
52
52
51
53
60
58
63
60
53
50
47
50
45
46
38
30
34
36
39
31
24
26
30
30
20
12
14
9
6
6
0
-8
-10
-11
-16
-15
-18
-19
-16
-22
-22
-20
-19
-21
-19
-19
-20
-17
-12
-11
-17
-11
-4
-5
-6
-5
-2
-5
-7
-7
-5
-4
3
6
10
16
17
19
18
20
27
31
33
37
34
33
29
36
38
39
39
34
36
35
35
36
27
29
31
33
37
35
37
27
26
26
22
15
11
7
-1
-4
-6
-13
-10
-1
-10
-14
-18
-27
-31
-32
-31
-38
-43
-49
-53
-57
-61
-64
-75
-75
-74
-77
-81
-87
-94
-102
-103
-102
-104
-101
-98
-95
-99
-105
-103
-110
-112
-113
-118
-113
-113
-113
-107
-109
-110
-108
-108
-106
-104
-97
-96
-95
-94
-96
-96
-97
-102
-104
-96
-96
-93
-94
-92
-88
-96
-92
-89
-76
-58
-48
-38
-20
-8
7
29
49
69
77
90
108
117
123
129
132
131
127
130
127
123
121
118
117
111
114
110
113
117
112
110
109
115
119
111
114
110
110
109
103
115
111
105
103
93
91
85
82
75
59
52
50
48
46
40
29
28
15
16
11
5
2
-12
-20
-32
-42
-53
-61
-76
-85
-93
-103
-102
-107
-114
-121
-131
-141
-148
-140
-135
-143
-146
-159
-169
-172
-180
-185
-189
-187
-189
-201
-200
-204
-212
-212
-210
-216
-217
-208
-208
-216
-223
-223
-215
-203
-190
-165
-136
-100
-72
-41
-4
30
61
83
107
139
167
185
202
210
216
219
231
242
251
251
249
258
266
275
278
288
297
298
298
300
293
295
291
290
291
291
288
274
270
255
248
234
219
209
202
198
196
195
181
178
177
174
168
159
159
152
138
123
109
93
71
50
36
19
9
-4
-17
-35
-52
-67
-82
-90
-96
-100
-107
-120
-124
-128
-141
-151
-158
-166
-170
-174
-182
-185
-194
-213
-221
-231
-236
-230
-229
-231
-236
-235
-240
-246
-250
-261
-262
-270
-276
-280
-284
-289
-292
-288
-274
-274
-281
-284
-271
-253
-240
-226
-205
-163
-126
-91
-44
11
56
89
124
163
202
228
239
247
253
259
264
276
283
280
274
273
279
286
294
298
306
304
296
291
286
280
266
258
251
241
231
213
198
180
155
139
123
111
93
85
74
58
46
30
16
1
-1
-9
-7
-9
-25
-32
-51
-66
-80
-93
-109
-122
-124
-130
-142
-152
-176
-189
-200
-202
-196
-199
-195
-197
-194
-198
-203
-203
-200
-194
-195
-191
-188
-197
-205
-207
-214
-217
-208
-208
-211
-211
-217
-222
-230
-238
-242
-247
-254
-248
-253
-270
-276
-284
-298
-326
-350
-336
-305
-289
-271
-237
-193
-150
-119
-75
-16
39
70
102
146
184
209
220
236
253
266
272
277
290
289
272
262
266
276
281
288
300
311
324
319
314
315
307
294
300
302
295
280
263
250
224
204
193
181
165
159
151
140
131
109
93
82
74
69
66
64
53
30
7
-19
-43
-67
-79
-98
-117
-133
-151
-169
-193
-208
-217
-214
-209
-206
-202
-205
-210
-216
-221
-223
-220
-210
-202
-188
-186
-196
-199
-206
-208
-209
-198
-187
-178
-164
-164
-165
-169
-181
-182
-184
-176
-163
-171
-173
-167
-164
-186
-228
-242
-220
-192
-178
-157
-115
-65
-30
3
61
136
189
231
275
326
371
387
385
397
414
420
411
407
416
412
387
376
382
384
385
380
392
393
383
374
371
355
338
327
324
320
293
269
238
202
173
153
146
132
110
94
84
63
39
13
-5
-22
-32
-26
-19
-22
-44
-69
-91
-108
-125
-141
-163
-173
-180
-205
-236
-271
-300
-321
-328
-319
-312
-307
-306
-301
-296
-298
-290
-284
-288
-277
-259
-258
-261
-268
-267
-268
-266
-261
-242
-218
-201
-194
-182
-172
-172
-162
-158
-157
-148
-139
-150
-151
-139
-146
-174
-212
-224
-194
-170
-164
-145
-102
-59
-19
18
81
161
223
265
310
372
407
413
406
423
432
432
427
420
420
407
376
355
362
363
351
350
355
349
325
310
300
280
253
233
229
217
193
170
145
105
66
35
14
-7
-26
-33
-43
-56
-81
-111
-125
-130
-121
-116
-113
-105
-113
-125
-143
-163
-185
-204
-210
-214
-217
-231
-262
-293
-316
-340
-340
-329
-320
-303
-298
-292
-291
-292
-281
-278
-268
-247
-226
-212
-215
-220
-221
-224
-224
-210
-192
-179
-170
-163
-154
-150
-151
-151
-149
-149
-145
-130
-129
-140
-142
-144
-166
-197
-217
-207
-183
-174
-158
-120
-69
-30
3
59
138
206
243
285
340
389
411
417
435
450
457
450
456
466
453
416
399
402
396
384
380
388
389
367
352
351
339
316
296
289
276
246
220
186
147
100
71
53
28
13
-9
-28
-40
-60
-89
-106
-122
-129
-120
-113
-100
-99
-116
-136
-148
-168
-190
-205
-214
-215
-222
-238
-260
-282
-309
-314
-306
-290
-275
-256
-240
-231
-228
-228
-227
-225
-212
-185
-156
-140
-123
-119
-120
-118
-105
-84
-66
-51
-36
-26
-16
-11
-5
4
-1
0
-6
1
17
12
-13
-23
-11
-23
-67
-119
-127
-109
-99
-99
-74
-29
5
22
71
151
218
255
270
321
381
406
406
404
407
399
384
389
401
387
345
305
294
299
292
279
271
268
259
247
254
240
205
172
157
156
143
126
98
59
11
-22
-28
-38
-69
-88
-98
-102
-107
-111
-131
-153
-168
-165
-148
-130
-126
-138
-144
-152
-158
-170
-184
-197
-209
-215
-217
-233
-247
-266
-287
-283
-263
-237
-217
-198
-179
-165
-152
-141
-136
-133
-116
-86
-66
-56
-49
-38
-37
-36
-28
-4
20
39
62
77
90
93
88
82
81
86
82
75
67
51
20
3
-2
-24
-66
-121
-136
-120
-110
-109
-88
-57
-28
-14
22
84
135
163
177
210
248
264
255
242
216
197
195
184
190
173
133
104
87
88
84
81
85
95
85
76
85
74
41
7
5
3
-14
-24
-40
-62
-93
-117
-121
-128
-134
-139
-132
-119
-119
-126
-125
-133
-141
-136
-120
-105
-96
-92
-90
-86
-94
-105
-125
-138
-142
-138
-130
-125
-125
-141
-153
-151
-133
-114
-98
-79
-58
-41
-32
-23
-19
-22
-28
-12
12
33
48
50
54
60
65
76
81
92
108
117
122
128
128
111
83
65
54
36
11
-17
-43
-72
-90
-92
-109
-147
-200
-219
-210
-198
-194
-179
-147
-126
-108
-76
-19
23
43
49
76
111
125
130
111
101
89
69
73
81
66
39
15
0
22
52
15
22
42
31
26
25
40
28
-22
-38
-17
-27
-29
-25
-58
-76
-79
-79
-67
-73
-69
-49
-38
-18
1
16
15
-1
8
22
40
63
74
58
76
94
86
84
76
80
75
66
100
130
115
114
109
108
121
137
142
154
164
180
199
205
205
183
169
171
172
178
185
189
185
176
170
167
164
151
135
130
122
115
100
63
20
-28
-79
-104
-114
-140
-169
-183
-175
-182
-221
-303
-341
-342
-344
-347
-305
-265
-235
-281
-318
-210
-55
22
-23
-35
21
87
85
176
203
101
22
90
177
158
73
46
113
106
126
187
233
154
-30
-127
-11
111
88
-15
-66
-103
-111
-87
12
-69
-154
-52
34
-11
-62
20
5
-147
-223
14
207
200
68
-9
-19
67
135
154
110
15
56
130
181
190
215
202
125
90
191
316
259
59
-85
-109
-47
43
71
-4
-151
-216
-173
-112
-96
-131
-206
-315
-353
-332
-298
-300
-313
-327
-315
-339
-355
-419
-504
-530
-535
-488
-567
-677
-791
-814
-163
1045
1842
1250
83
-162
433
675
572
1054
1778
1394
193
-20
822
1105
88
-754
-453
130
27
-382
-616
-972
-1713
-2085
-1466
-582
-382
-776
-918
-496
-125
-59
11
170
243
337
869
1639
1795
1199
576
446
458
311
298
355
122
-316
-447
-238
-311
-804
-1146
-1037
-695
-301
47
297
182
-116
-203
30
343
463
443
614
940
1053
881
501
139
-193
-360
-290
-69
49
-73
-288
-449
-537
-603
-690
-699
-579
-338
6
245
307
153
-49
-144
-77
107
244
301
166
39
-34
-123
-317
-532
-718
-651
-589
-500
-488
-610
-880
-1027
-1104
-973
-772
-684
-258
809
2270
2668
1864
850
684
602
559
747
1519
1512
465
-655
-777
-490
-601
-1140
-1314
-1077
-794
-561
-313
-356
-762
-1113
-776
67
787
1060
1067
1072
972
761
681
695
523
179
139
441
528
153
-321
-616
-860
-1054
-937
-536
-223
-201
-144
180
519
624
590
630
771
808
814
940
945
698
246
-230
-531
-765
-882
-741
-360
71
239
135
40
-45
-122
-105
114
408
693
887
892
736
347
-90
-387
-592
-577
-402
-179
4
-148
-359
-457
-535
-543
-514
-418
-227
-80
5
96
-96
-285
-466
-585
-525
-455
-434
-361
-503
-735
-1116
-1552
-1460
-472
1378
2428
2027
1057
697
608
278
254
1103
1702
1014
-172
-359
258
278
-613
-1284
-1026
-578
-492
-413
-59
-92
-673
-883
-146
808
1045
739
696
869
842
671
633
548
88
-358
-221
154
109
-311
-594
-702
-767
-620
-201
122
118
66
278
664
886
962
796
514
298
135
142
172
100
-208
-620
-725
-701
-710
-713
-548
-122
195
270
399
479
496
402
217
242
268
234
179
46
-72
-221
-469
-624
-779
-870
-748
-570
-257
57
121
104
-80
-246
-271
-241
-255
-216
-210
-149
-283
-536
-714
-747
-810
-840
-878
-978
-987
-1265
-1253
-1087
-172
1662
3216
3319
2428
1650
1574
907
56
219
911
539
-953
-1647
-832
-314
-1188
-1826
-1325
-549
-691
-840
80
932
473
-55
546
1812
1957
1182
879
940
472
-350
-504
-148
-410
-1135
-1159
-490
-212
-604
-867
-602
-386
-371
42
812
1215
1041
891
1141
1289
919
480
273
48
-431
-630
-331
-189
-633
-1023
-816
-484
-484
-587
-289
139
270
292
436
526
262
-211
-358
-194
-132
-184
-144
36
98
-53
-181
-268
-468
-646
-700
-494
-228
-165
-189
-184
-195
-86
-54
-50
-60
-249
-193
-168
-220
-285
-425
-515
-599
-722
-814
-1018
-1268
-1334
-831
819
2932
3779
3208
2408
2051
1399
-1
-615
-146
-248
-1323
-1985
-950
315
61
-719
-629
-35
-33
-334
250
1102
880
267
625
1590
1673
750
29
-167
-679
-1349
-1409
-896
-735
-1173
-1012
-96
519
398
217
441
463
173
316
914
1049
585
351
700
882
338
-234
-320
-344
-631
-794
-418
-54
-126
-185
86
368
237
-61
47
306
345
250
249
391
290
-67
-311
-371
-448
-608
-600
-357
-183
-178
-152
-109
-177
-376
-551
-560
-489
-396
-147
133
336
356
327
298
130
-264
-680
-849
-854
-813
-822
-858
-825
-945
-972
-962
-860
-993
-1003
182
2326
3743
3638
2982
2815
2234
741
-284
-237
-432
-1935
-3108
-2397
-714
26
166
728
1456
1294
645
746
1173
624
-231
-59
1084
1692
1420
1168
843
-157
-1485
-2066
-1756
-1693
-1955
-1601
-390
716
1152
1406
1620
1211
254
-233
42
288
11
-235
33
306
207
-75
-149
-245
-613
-854
-593
-51
-20
-314
-330
-89
63
-92
-53
166
146
13
-85
100
174
-97
-283
-360
-306
-392
-536
-461
-444
-514
-517
-367
-204
-234
-276
-263
-252
-287
-369
-222
-4
-18
-30
96
342
321
26
-316
-734
-1222
-1419
-1358
-1210
-961
-781
-363
-43
-96
206
1118
2577
3402
2943
2543
2240
1540
435
-347
-208
-706
-2188
-3019
-2474
-1231
-634
-317
671
1598
1722
1565
1778
1927
1075
-89
-178
527
869
725
586
618
105
-850
-1320
-1343
-1435
-1776
-1672
-671
402
1011
1428
1781
1759
1106
405
97
-255
-850
-1239
-1158
-764
-457
-173
166
355
309
48
-85
-60
-233
-502
-572
-369
-169
-157
-75
68
10
-257
-430
-367
-247
-215
-200
-45
55
-43
-157
-161
-139
-419
-768
-840
-800
-794
-787
-717
-491
-347
-246
57
291
400
437
394
451
476
301
1
-492
-948
-1114
-1187
-1197
-1188
-1226
-1098
-1029
-706
760
2923
4151
3803
3071
3159
2731
944
-402
-553
-912
-2539
-3808
-2716
-927
-488
-488
443
1809
1997
1494
1823
2220
1282
-163
-456
329
539
57
119
528
268
-523
-858
-742
-1231
-2140
-2052
-955
13
452
1165
2231
2558
2062
1638
1401
535
-847
-1572
-1419
-1196
-1184
-805
66
630
625
516
520
293
-452
-1072
-1190
-1064
-1062
-1059
-544
136
559
641
531
391
41
-316
-486
-505
-416
-371
-207
-48
16
8
-181
-526
-970
-1321
-1392
-1257
-991
-723
-392
75
491
794
968
1076
911
558
150
-39
-227
-724
-1203
-1401
-1526
-1514
-1593
-1346
-1160
-854
835
3091
4178
3848
3494
3918
3160
1229
342
213
-982
-3353
-4195
-2535
-1169
-1134
-593
1050
2193
1797
1617
2483
2448
790
-391
161
1000
583
58
571
871
66
-693
-441
-236
-1263
-2282
-1773
-636
-193
-40
891
2011
2128
1792
2039
2146
1120
-458
-1272
-1357
-1693
-1999
-1475
-593
-29
238
752
1307
1003
121
-515
-792
-1044
-1496
-1521
-1006
-521
-77
329
626
508
0
-346
-461
-651
-859
-836
-560
-266
-65
212
424
197
-416
-1028
-1327
-1478
-1627
-1530
-1093
-492
126
769
1347
1484
1169
615
119
-387
-1008
-1583
-1984
-2151
-2228
-2067
-1646
-756
1239
3324
3918
3372
3255
3876
3186
1340
567
488
-825
-3198
-3947
-2412
-1399
-1564
-1092
490
1699
1562
1527
2148
1960
662
-169
418
1239
1108
869
1263
1452
811
30
-290
-749
-1860
-2658
-2285
-1412
-880
-407
567
1626
2033
2110
2340
2218
1319
199
-280
-415
-943
-1451
-1344
-885
-628
-542
-186
216
79
-383
-569
-427
-454
-756
-907
-684
-409
-303
-220
-104
-125
-423
-676
-672
-629
-650
-547
-330
-52
51
42
25
-202
-584
-1044
-1311
-1445
-1601
-1583
-1255
-814
-360
65
853
1239
1155
788
509
165
-497
-1208
-1615
-1852
-2093
-2340
-1713
672
2742
3195
2814
3554
4414
3331
1718
1629
1411
-643
-3024
-2991
-1451
-1261
-1632
-774
658
1036
625
996
1659
977
-281
-390
572
1116
916
1205
1928
1889
1243
947
836
-107
-1622
-2385
-2125
-1858
-1712
-1153
-122
775
1284
1925
2607
2499
1527
678
379
83
-496
-804
-679
-568
-605
-463
-89
95
-159
-565
-729
-719
-742
-812
-703
-416
-106
170
517
763
590
152
-256
-553
-789
-1019
-1075
-978
-816
-425
-60
129
104
-246
-624
-1016
-1385
-1676
-1869
-1720
-1188
-683
68
825
1261
1353
997
514
-147
-1067
-1818
-2456
-2713
-2678
-1571
915
2860
3092
2762
3509
4041
2684
1043
1087
857
-1153
-2901
-1914
-130
-137
-573
582
1919
1715
798
801
883
-427
-1685
-1149
342
1021
970
1701
2830
2907
2271
1904
1620
358
-1295
-1796
-1358
-1345
-1663
-1302
-231
475
713
1236
1795
1439
452
124
347
145
-463
-607
-228
-1
60
390
615
217
-601
-1115
-1154
-1305
-1632
-1715
-1379
-863
-309
303
745
690
345
125
-47
-446
-953
-1275
-1363
-1309
-1023
-464
-67
-75
-260
-479
-760
-1054
-1337
-1517
-1521
-1377
-954
-424
225
633
875
909
555
-171
-970
-1794
-2216
-2751
-2540
-375
1793
2633
2275
2991
4208
3292
1363
990
960
-953
-3789
-3793
-1487
-560
-875
196
2207
3100
2526
2286
2546
1115
-1327
-2361
-1653
-733
-763
-344
1193
2222
2461
2557
2879
2477
723
-748
-962
-812
-1082
-1318
-625
371
804
977
1539
1750
951
-70
-488
-563
-931
-1171
-603
154
619
920
1185
1329
719
-324
-1135
-1662
-2059
-2428
-2333
-1713
-967
-298
413
1051
1216
900
395
-133
-792
-1442
-1719
-1641
-1467
-1254
-891
-336
-134
-406
-734
-926
-1292
-1903
-2140
-1881
-1451
-1052
-355
582
1125
1143
908
474
-222
-1405
-2393
-3094
-2145
149
1450
1456
1694
3552
4214
2691
1573
1796
685
-2293
-4010
-2757
-1581
-1833
-1403
1029
3045
3441
3467
3666
3080
788
-932
-1102
-952
-1202
-1222
-55
1283
1669
2069
2626
2587
1474
134
-157
-240
-784
-1195
-679
396
1036
1349
2073
2635
2110
998
332
-2
-845
-1817
-1934
-1274
-616
-58
696
1521
1843
1356
627
155
-546
-1694
-2779
-2996
-2466
-1962
-1198
-248
597
1110
1316
1423
1055
215
-677
-1334
-1655
-1754
-1641
-1411
-1070
-828
-679
-500
-564
-1014
-1596
-1896
-1924
-1847
-1691
-940
-106
448
771
886
938
421
-726
-1843
-1621
83
933
463
407
2095
3062
2012
1429
2168
1616
-1325
-3373
-2440
-1482
-2097
-2146
-286
1624
2087
2684
3863
4039
2264
407
57
90
-554
-1140
-569
529
1106
1667
2668
3145
2332
1017
514
325
-481
-1381
-1329
-591
23
548
1608
2722
2761
2144
1865
1691
713
-688
-1402
-1442
-1457
-1349
-716
221
770
857
767
684
317
-516
-1422
-1985
-2162
-2179
-1978
-1489
-893
-415
54
466
649
477
68
-294
-631
-886
-1145
-1213
-1076
-1020
-1146
-1246
-1200
-1354
-1671
-1915
-1927
-1939
-1919
-1486
-784
-383
20
104
716
668
126
-604
-1090
328
1225
996
85
514
1973
1483
347
813
1583
241
-2545
-2545
-1024
-1043
-2049
-1483
831
1659
1682
2450
3355
2871
872
27
338
65
-759
-1230
-254
729
1160
1924
2858
3152
2265
1551
1520
1123
-103
-1163
-1075
-657
-593
-200
856
1740
1534
1277
1788
1913
981
-186
-403
-221
-508
-777
-364
291
422
160
207
440
73
-926
-1695
-1764
-1667
-1826
-1866
-1459
-925
-479
-20
517
696
213
-261
-564
-669
-1048
-1539
-1609
-1549
-1468
-1446
-1224
-1140
-1344
-1685
-1619
-1650
-1856
-2005
-1552
-1203
-782
-650
71
420
305
-184
123
1672
2176
1198
93
910
1470
159
-795
329
848
-1000
-2792
-1529
-312
-1029
-1786
-444
1185
1186
1227
2469
3349
2281
687
639
1106
502
-687
-803
32
276
397
1262
2524
2716
1991
1958
2493
2262
973
100
316
330
-135
-31
977
1366
844
805
1603
1790
825
64
122
233
-123
-362
4
331
164
-22
206
429
-71
-869
-1213
-1110
-1122
-1317
-1283
-1261
-1216
-1062
-612
-193
-344
-586
-689
-612
-579
-795
-923
-1107
-1435
-1700
-1664
-1384
-1647
-1923
-1922
-1639
-1509
-1732
-1557
-1326
-1346
-1277
-1228
-774
-385
-512
913
2450
3197
2358
1935
2941
2283
168
-743
-302
-1213
-3751
-4095
-2057
-1207
-1774
-1031
1426
2367
1973
2183
3249
2940
935
-38
504
631
-221
-647
378
1142
816
853
1752
2275
1491
657
1022
1612
1252
426
600
1226
1267
1034
1445
2159
1739
919
973
1421
1141
357
270
630
521
321
641
990
544
-274
-416
-117
-320
-1082
-1287
-981
-903
-953
-570
27
-142
-773
-847
-592
-637
-1113
-1449
-1410
-1448
-1338
-1060
-669
-685
-1069
-1332
-1376
-1349
-1809
-2307
-2513
-2618
-2438
-2333
-1947
-1634
-1678
-1513
-1243
-971
-704
770
2311
2634
1903
2429
3841
2967
880
308
602
-1228
-4394
-4796
-3030
-2755
-3408
-2276
344
1640
1765
2580
3866
3546
1767
665
756
734
-119
-797
-84
874
1134
1295
1951
2592
2085
1136
1067
1413
926
-162
-273
488
809
616
1263
2470
2501
1652
1590
2196
1914
599
-6
398
484
92
189
1031
1355
697
252
571
576
-331
-1297
-1432
-1274
-1441
-1564
-1130
-540
-385
-550
-491
-254
-427
-894
-1256
-1280
-1524
-1721
-1592
-1092
-929
-1118
-805
-713
-912
-1503
-1912
-2200
-2923
-3504
-3338
-3155
-2945
-2977
-2159
-1388
-121
1804
3005
3061
2486
3727
4051
2406
867
888
253
-2640
-4737
-3710
-3233
-4207
-4532
-2268
-138
249
768
2205
3432
2748
1661
1494
1639
991
-344
-580
437
865
873
1170
2392
2927
2170
1692
1982
2023
686
-502
-362
163
-62
-380
656
1811
1916
1915
2602
3297
2647
1595
1413
1339
682
-119
-13
478
324
80
572
1255
848
-79
-235
51
-286
-1155
-1328
-942
-893
-963
-582
102
136
-454
-747
-479
-583
-1379
-2037
-1940
-1709
-1827
-1650
-884
-493
-865
-1198
-978
-1009
-1929
-2842
-3265
-3355
-3893
-3842
-3406
-2040
-192
1193
2199
2637
4146
4901
3914
2758
2522
1743
-952
-3585
-3602
-3438
-4420
-5274
-4082
-2350
-1594
-791
599
1910
1970
1450
1564
1833
1824
969
242
563
1045
1220
1123
1679
2434
2400
2081
2194
2567
1934
759
211
298
113
-547
-528
74
412
582
1315
2488
3038
2813
2736
2912
2733
1833
1148
742
211
-506
-660
3
237
-33
-156
256
558
258
-65
-190
-441
-957
-1292
-961
-651
-678
-865
-647
-167
-258
-606
-849
-920
-1356
-1884
-1842
-1705
-1760
-2032
-1990
-1416
-1346
-1497
-1801
-1986
-2334
-2946
-3409
-2395
-1158
-683
-802
-105
2246
3264
2684
2867
3887
3315
647
-1047
-680
-1484
-3971
-5170
-4079
-3461
-3510
-2858
-1179
-71
-120
342
1171
1494
1297
749
455
729
1140
1473
1519
1805
2307
2528
2515
2794
3011
2225
1175
752
903
610
-266
-430
-105
-60
19
604
1465
1761
1650
1979
2633
2868
2540
2184
1933
1543
884
468
502
273
-333
-659
-254
230
103
-213
-195
-17
-112
-439
-433
-438
-720
-1184
-1351
-1073
-949
-1189
-1528
-1507
-1395
-1275
-1284
-1290
-1312
-1657
-1935
-1920
-1764
-1840
-2270
-2631
-2646
-1359
-591
-275
-773
-127
1465
1365
837
1348
2214
1476
-531
-639
444
-392
-2155
-2592
-1686
-2059
-2785
-2561
-1462
-1443
-2337
-2001
-964
-376
-494
-872
-251
455
661
873
1370
2396
2710
2369
2563
3604
3990
2898
1956
1980
1785
508
-640
-490
-651
-1533
-1666
-694
303
393
693
1767
2564
2675
2645
2787
2653
1972
1369
1177
1057
527
16
-46
301
470
380
367
488
542
198
-56
-126
-255
-774
-1226
-1108
-946
-1158
-1340
-1232
-929
-1076
-1180
-936
-949
-1147
-1555
-1516
-1445
-1798
-2088
-2467
-1433
-596
-273
-479
-124
1495
1627
966
1235
2101
1701
-357
-1092
-305
-923
-2491
-3068
-2007
-1997
-2341
-1773
-741
-551
-1405
-1318
-701
-831
-1272
-1963
-2100
-1775
-1608
-1168
-691
283
1081
1609
2446
3712
4412
3937
3483
3593
3463
2693
1650
1045
218
-967
-1357
-1197
-1167
-1518
-1498
-652
177
681
1201
1747
2128
2060
2160
2406
2369
1799
1061
926
1083
1119
948
927
1082
1062
1017
1122
1159
775
-44
-615
-831
-1097
-1428
-1898
-1885
-1801
-1657
-1312
-830
-437
-665
-740
-702
-509
-711
-1323
-729
-317
-298
-554
-206
1411
1426
783
1094
1990
1838
340
-240
20
-845
-2328
-2672
-1931
-2488
-3191
-2826
-1962
-1566
-2132
-1732
-1022
-1019
-1077
-1119
-943
-889
-1194
-1196
-1086
-871
-718
-550
-70
667
1482
1768
2291
3039
3467
3461
3125
3056
2598
1549
839
420
-151
-1015
-1409
-1254
-1152
-1096
-834
-197
98
160
392
733
1025
943
793
965
1280
1479
1425
1525
1762
1879
1641
1510
1671
1493
982
394
236
59
-492
-1038
-1210
-1382
-1564
-1827
-1758
-1436
-1409
-1273
-1213
-754
-553
-47
650
977
968
811
1573
2002
1371
1247
1683
1749
832
162
835
536
-728
-1427
-918
-1140
-2417
-2759
-2364
-2431
-3303
-3451
-2588
-2471
-2653
-2331
-1756
-1243
-1274
-1060
-801
-583
-392
-398
-306
110
682
791
695
1309
1983
2046
1770
1952
2359
1836
1205
1095
1079
520
-207
-228
-90
-255
-462
-469
-280
-359
-426
-450
-490
-443
-528
-575
-538
-225
109
215
489
1000
1534
1747
1856
2081
2011
1760
1392
1080
640
-121
-598
-960
-1241
-1444
-1786
-1663
-1708
-1637
-1297
-1154
-312
220
552
815
1073
2149
2343
2062
2209
2821
2899
1928
1593
1926
1554
449
-229
136
-415
-1469
-1674
-1542
-1557
-2355
-2545
-2197
-2194
-2317
-2430
-2425
-2274
-2210
-2202
-2265
-2014
-1740
-1625
-1337
-667
424
801
972
1698
2487
2871
2594
2538
2573
1977
1312
971
794
127
-630
-815
-752
-747
-884
-764
-553
-505
-359
-240
-144
-209
-426
-530
-654
-558
-501
-591
-645
-500
-99
126
265
469
761
947
870
980
1069
906
581
194
42
-93
-494
-889
-1161
-1280
-1345
-1500
-899
-110
390
297
753
2035
2594
2417
2546
3229
3212
2130
1729
2180
1932
782
207
559
493
67
-76
163
51
-455
-746
-899
-1145
-1384
-1901
-2622
-2811
-2546
-2498
-2783
-2668
-1937
-1514
-1410
-764
269
640
410
658
1421
1833
1578
1413
1736
1819
1650
1559
1602
1496
1006
592
344
136
-220
-670
-1049
-1243
-1239
-1292
-1408
-1435
-1359
-1220
-1128
-1003
-800
-686
-681
-567
-343
-98
19
6
80
153
280
377
363
142
5
-71
-161
-365
-702
-956
-1211
-1475
-1535
-1577
-1037
-364
3
348
790
2000
2674
2503
2654
3251
3508
2754
1992
2098
2062
1172
228
328
419
-149
-509
-373
85
-131
-564
-350
-171
-183
-326
-646
-750
-839
-971
-1197
-1436
-1510
-1553
-1628
-1582
-1109
-743
-608
-224
403
1052
1395
1521
1846
1958
1819
1677
1527
1293
858
636
420
178
3
83
152
-169
-387
-295
-364
-822
-1229
-1325
-1453
-1872
-2071
-1926
-1728
-1767
-1655
-1290
-956
-720
-580
-380
-231
-268
-254
-291
-382
-448
-632
-603
-839
-837
-968
-1026
-1069
-1351
-1252
-653
-308
-272
-448
102
1087
1162
1169
1784
2687
2672
2203
2225
2768
2622
1677
1255
1279
887
330
-80
-101
-130
-618
-808
-694
-584
-524
-661
-858
-825
-695
-667
-704
-817
-845
-691
-488
-208
113
267
508
791
1088
1459
1589
1520
1430
1479
1548
1512
1335
1153
994
849
785
710
551
348
122
-161
-340
-440
-605
-933
-1235
-1253
-1094
-1081
-1203
-1251
-1118
-977
-1002
-1055
-1050
-1136
-1289
-1424
-1421
-1332
-1336
-1328
-1256
-1071
-871
-743
-877
-854
-874
-838
-1064
-1191
-689
-443
-467
-540
-50
794
825
749
1296
1911
1972
1524
1526
1747
1643
1139
901
963
729
500
360
267
288
-13
-218
-375
-542
-541
-702
-1000
-1238
-1180
-1060
-977
-973
-914
-586
-227
128
558
812
1068
1252
1441
1858
2109
2161
2080
2148
2294
2338
2256
1985
1766
1495
1232
1041
729
418
53
-227
-282
-328
-472
-735
-840
-814
-745
-731
-821
-837
-867
-782
-648
-584
-574
-648
-739
-773
-827
-872
-1124
-1430
-1596
-1691
-1585
-1670
-1771
-1758
-1723
-1419
-1336
-1224
-580
-191
-29
-135
245
971
896
551
705
1259
1214
767
768
1027
1075
628
520
848
651
347
67
-9
-24
-344
-633
-793
-823
-798
-854
-967
-996
-886
-903
-944
-895
-872
-749
-688
-491
-182
37
432
894
1344
1755
2171
2620
2867
2989
3059
3073
2849
2422
2166
1968
1676
1253
888
762
576
309
88
5
-118
-501
-833
-925
-943
-1128
-1402
-1326
-1043
-840
-701
-505
-140
23
82
92
84
-64
-450
-780
-1054
-1261
-1414
-1702
-1904
-2085
-2011
-1892
-1941
-1668
-1303
-890
-745
-549
154
512
518
655
1100
1455
1196
863
775
758
442
66
-56
-171
-318
-405
-492
-360
-397
-516
-718
-925
-895
-872
-1153
-1481
-1579
-1466
-1416
-1474
-1390
-1195
-939
-727
-422
-78
200
485
723
1034
1470
1763
1929
2015
2228
2477
2569
2484
2374
2294
2094
1870
1677
1421
1129
798
505
341
161
31
-182
-385
-472
-355
-325
-505
-629
-563
-373
-368
-483
-430
-278
-234
-274
-240
-73
-10
-84
-361
-315
-407
-664
-1083
-1560
-1661
-1748
-1668
-1543
-1321
-1006
-586
42
474
821
1111
1336
1449
1351
1154
886
438
-42
-322
-419
-557
-746
-945
-962
-821
-679
-657
-825
-951
-958
-861
-948
-1065
-1133
-1271
-1380
-1380
-1206
-1073
-1151
-1119
-895
-565
-276
-8
263
425
728
1091
1460
1603
1620
1722
1789
1800
1766
1725
1541
1287
1206
1273
1297
1185
1017
986
963
904
778
565
332
87
-111
-273
-437
-674
-781
-782
-682
-589
-456
-215
-92
21
163
351
390
245
82
42
-140
-358
-635
-893
-977
-812
-506
-349
-324
-60
529
814
913
1104
1457
1538
1335
1082
1052
831
359
-135
-359
-492
-699
-1029
-1304
-1263
-1163
-1166
-1202
-1115
-835
-689
-758
-695
-578
-612
-942
-1175
-1126
-1096
-1236
-1416
-1247
-876
-610
-321
44
501
850
1069
1288
1491
1473
1311
1116
954
776
579
350
203
192
263
415
482
596
766
870
932
916
880
784
583
430
251
147
-106
-374
-524
-619
-576
-667
-728
-717
-645
-476
-336
-256
-153
-117
59
-17
27
-95
-271
-196
-81
275
401
406
651
1029
1280
1522
1810
2042
2025
1861
1650
1585
1169
569
54
-367
-661
-1019
-1361
-1596
-1682
-1676
-1599
-1484
-1312
-1117
-959
-892
-714
-609
-697
-863
-925
-810
-767
-847
-861
-738
-502
-248
2
251
454
680
833
915
999
897
719
496
303
213
-6
-255
-394
-462
-439
-413
-316
-208
-68
26
194
360
421
435
372
297
320
217
-2
-337
-614
-670
-774
-825
-998
-957
-920
-814
-710
-642
-540
-612
-620
-662
-709
-781
-730
-475
-169
129
463
954
1506
1781
2195
2628
3011
3087
2873
2658
2374
1958
1312
714
189
-260
-681
-1073
-1352
-1494
-1609
-1646
-1599
-1407
-1198
-1056
-984
-845
-634
-575
-630
-612
-449
-318
-243
-180
-31
165
284
476
678
868
970
962
963
950
919
721
459
182
-10
-214
-498
-693
-820
-892
-976
-913
-702
-531
-497
-396
-162
61
121
120
87
79
6
-105
-249
-507
-652
-757
-818
-895
-978
-916
-952
-918
-989
-966
-905
-1144
-1180
-1304
-1293
-1109
-983
-536
-188
167
583
1155
1652
2057
2504
2797
3088
3075
2919
2724
2297
1850
1467
1032
639
180
-88
-345
-598
-820
-871
-954
-1074
-1137
-1122
-1017
-1028
-1042
-1072
-1021
-858
-659
-452
-221
83
393
707
1085
1365
1650
1772
1926
1996
1846
1674
1407
1125
728
280
-63
-375
-681
-943
-1018
-975
-961
-921
-805
-536
-381
-342
-321
-255
-136
-172
-247
-298
-312
-311
-363
-400
-398
-455
-506
-595
-643
-711
-833
-957
-1144
-1290
-1379
-1581
-1805
-1977
-2170
-1933
-1662
-1235
-832
-406
103
737
1249
1711
2249
2552
2669
2593
2477
2333
1957
1412
1146
946
771
425
198
88
13
-243
-421
-529
-661
-845
-1067
-1098
-1099
-1205
-1296
-1237
-1057
-772
-512
-193
195
639
1087
1512
1818
2103
2294
2361
2338
2160
1917
1594
1204
793
465
203
-85
-326
-483
-416
-347
-382
-380
-336
-222
-270
-402
-481
-555
-630
-737
-703
-666
-668
-645
-530
-352
-261
-242
-199
-246
-347
-459
-671
-781
-1159
-1418
-1717
-2076
-2187
-2571
-2487
-2317
-1866
-1360
-979
-468
39
650
983
1386
1720
1876
1856
1629
1475
1329
904
680
535
646
539
465
370
411
311
119
-117
-404
-637
-985
-1252
-1438
-1594
-1737
-1805
-1639
-1308
-905
-516
-94
455
901
1416
1761
2067
2245
2254
2252
2105
1911
1627
1374
1106
882
743
583
484
344
310
337
237
168
58
-58
-204
-350
-462
-594
-666
-683
-575
-451
-346
-215
-67
58
160
164
119
3
-206
-397
-594
-811
-1073
-1353
-1584
-1738
-1841
-2012
-2090
-1948
-1645
-1105
-769
-418
-123
141
335
481
720
839
822
650
577
642
568
425
420
620
811
771
741
642
470
186
-125
-415
-820
-1245
-1573
-1665
-1735
-1800
-1811
-1687
-1352
-1017
-626
-235
146
411
705
1039
1282
1387
1381
1450
1506
1487
1431
1410
1389
1381
1384
1415
1361
1191
1011
908
776
519
207
-23
-189
-325
-361
-369
-321
-259
-40
223
476
565
549
512
479
401
236
-7
-274
-576
-726
-860
-889
-969
-1200
-1178
-1224
-1107
-1268
-1273
-1136
-698
-457
-313
-95
58
155
155
380
698
855
729
676
711
865
702
639
641
732
534
357
166
-49
-407
-831
-1025
-1149
-1293
-1515
-1534
-1413
-1289
-1263
-1230
-1023
-843
-722
-563
-346
-145
-100
25
230
529
720
776
885
1056
1169
1192
1172
1187
1158
1027
861
805
634
447
263
162
72
7
1
59
93
126
240
375
468
493
567
619
550
350
255
200
97
-45
-149
-184
-209
-256
-299
-297
-365
-482
-722
-807
-1056
-1108
-1091
-815
-493
-253
-79
249
552
674
918
1190
1435
1368
1189
1045
1048
850
629
548
646
589
328
131
71
-163
-507
-784
-933
-1091
-1417
-1534
-1517
-1501
-1570
-1620
-1416
-1169
-1012
-851
-562
-270
-154
-4
212
483
581
624
672
755
804
771
715
698
626
496
301
103
-55
-238
-360
-483
-533
-548
-467
-342
-223
-57
119
286
374
477
600
621
581
439
340
286
177
142
107
86
-17
-43
-72
-165
-280
-518
-606
-789
-1099
-1294
-1297
-1061
-666
-353
-60
334
654
844
1057
1287
1544
1572
1360
1198
1147
1078
829
682
802
928
803
638
516
338
67
-314
-569
-774
-1125
-1365
-1426
-1395
-1385
-1450
-1374
-1190
-1012
-866
-658
-457
-355
-292
-148
113
297
397
487
616
797
872
877
827
774
650
398
108
-135
-339
-582
-783
-902
-896
-846
-794
-688
-490
-355
-278
-225
-133
-51
-46
-47
-61
-52
-49
3
118
206
288
258
252
216
73
-44
-400
-577
-900
-1034
-1317
-1390
-1294
-899
-409
-72
300
531
814
830
958
1074
1325
1267
1139
1036
1199
1267
1265
1316
1541
1598
1441
1174
903
611
114
-305
-633
-805
-1018
-1082
-997
-813
-752
-764
-713
-591
-615
-649
-696
-629
-636
-581
-375
-69
255
480
737
948
1138
1119
1017
889
717
434
126
-133
-288
-403
-469
-467
-469
-475
-478
-451
-454
-502
-596
-651
-682
-670
-596
-472
-393
-350
-265
-148
-9
17
31
-55
-108
-228
-294
-407
-495
-640
-722
-879
-867
-1158
-1087
-974
-568
-181
55
274
408
617
548
776
861
1127
1068
1021
1016
1225
1165
1186
1225
1467
1489
1332
1130
978
709
354
78
-84
-206
-453
-479
-398
-300
-403
-488
-502
-502
-583
-575
-453
-342
-318
-198
124
457
655
728
868
958
982
839
735
671
509
353
207
207
156
125
72
65
17
-134
-252
-388
-495
-609
-702
-713
-680
-603
-489
-353
-287
-234
-280
-267
-274
-281
-316
-486
-507
-648
-581
-630
-657
-805
-954
-1105
-1238
-1316
-1658
-1401
-1172
-592
-172
45
304
563
585
540
736
852
874
653
567
742
825
733
856
1009
1235
1112
996
869
671
245
-62
-228
-341
-475
-559
-402
-262
-264
-307
-312
-327
-356
-414
-260
-149
7
75
343
634
845
917
893
914
752
634
406
331
209
70
101
215
374
465
527
571
568
415
210
91
-119
-301
-430
-462
-373
-273
-213
-62
33
54
6
-128
-185
-293
-341
-535
-618
-736
-707
-807
-851
-876
-1091
-1165
-1444
-1542
-1683
-1901
-1628
-1190
-561
-124
92
327
422
453
295
476
490
452
320
255
489
572
573
698
874
1006
918
741
600
323
-67
-391
-507
-633
-690
-723
-606
-439
-453
-483
-535
-537
-502
-432
-212
-54
163
290
516
760
897
988
890
832
640
587
477
386
321
263
413
543
659
660
702
647
554
436
300
205
92
-29
-25
78
197
298
361
455
498
446
327
214
67
-35
-152
-258
-382
-451
-574
-661
-748
-926
-1084
-1294
-1402
-1590
-1713
-1715
-1662
-1282
-873
-242
141
230
300
304
239
238
366
460
494
506
506
608
626
541
619
686
667
506
359
193
-117
-415
-531
-612
-720
-773
-712
-622
-609
-638
-675
-675
-650
-498
-275
-102
42
173
325
482
563
607
595
500
399
390
445
379
380
475
659
788
895
955
938
875
775
750
667
545
426
374
395
482
552
630
726
777
809
761
662
499
309
147
8
-56
-153
-256
-393
-439
-592
-758
-859
-1057
-1085
-1363
-1434
-1458
-1430
-1399
-1344
-984
-460
-35
157
177
210
115
18
116
247
347
341
366
454
459
425
474
563
595
406
331
242
-10
-340
-600
-619
-706
-851
-838
-649
-525
-534
-516
-417
-378
-409
-386
-283
-164
-212
-218
-124
-11
-49
-67
38
98
81
72
161
253
323
377
538
682
783
780
802
870
924
906
868
884
879
910
970
1046
1084
1096
1087
1009
923
767
566
355
141
21
-87
-102
-178
-281
-422
-528
-632
-755
-828
-933
-1032
-1062
-1122
-1112
-1079
-1057
-943
-902
-730
-423
-82
130
175
71
-56
-109
-108
-13
125
225
266
285
238
144
58
24
3
-46
-94
-113
-205
-334
-422
-442
-486
-552
-512
-458
-395
-405
-500
-611
-719
-744
-720
-623
-538
-472
-411
-352
-303
-276
-253
-209
-201
-197
-138
-92
8
149
334
510
672
828
956
1022
1087
1184
1234
1236
1210
1199
1248
1256
1224
1140
1075
1005
904
832
726
610
422
288
197
48
-87
-253
-389
-543
-673
-712
-728
-798
-877
-850
-782
-722
-700
-650
-641
-593
-570
-542
-434
-317
-165
-96
-133
-285
-389
-384
-328
-258
-133
-5
-43
-172
-285
-297
-263
-245
-173
-97
-10
25
21
-17
-49
-123
-225
-261
-243
-217
-236
-280
-368
-410
-441
-407
-387
-380
-386
-424
-480
-515
-543
-566
-494
-378
-247
-70
109
224
338
481
642
737
843
931
1002
1027
1070
1130
1187
1206
1200
1190
1175
1156
1040
959
881
848
797
736
645
467
275
134
5
-125
-248
-341
-437
-489
-497
-507
-503
-578
-586
-532
-493
-478
-521
-567
-598
-621
-630
-681
-673
-566
-347
-190
-238
-376
-446
-382
-361
-301
-167
-47
-91
-217
-232
-117
-21
13
113
248
361
335
260
206
120
13
-80
-89
-45
-40
-33
-83
-192
-360
-432
-468
-527
-526
-553
-586
-587
-507
-375
-177
-18
122
214
313
368
424
476
573
675
753
884
992
1070
1097
1160
1196
1189
1098
940
821
756
700
633
599
598
548
493
462
417
297
117
-2
-69
-118
-168
-246
-344
-442
-489
-465
-427
-453
-525
-558
-552
-573
-611
-667
-715
-789
-812
-793
-801
-742
-629
-412
-285
-306
-442
-513
-489
-471
-416
-281
-102
-74
-135
-169
-97
-26
51
139
223
278
221
152
92
67
-13
-84
-120
-99
-113
-149
-194
-302
-404
-475
-456
-384
-275
-226
-202
-163
-89
-42
53
172
254
301
334
384
462
552
662
735
795
851
848
842
785
713
636
582
546
527
525
537
526
468
437
393
357
349
362
321
209
117
66
55
21
-31
-115
-223
-299
-326
-359
-424
-520
-583
-609
-611
-618
-634
-678
-754
-805
-796
-791
-818
-896
-917
-795
-622
-457
-451
-523
-603
-538
-467
-373
-276
-173
-152
-236
-223
-167
-64
-32
30
97
212
186
149
136
140
120
40
30
38
31
-7
39
49
-5
-73
-75
-13
102
130
111
102
156
222
308
417
452
458
443
479
488
507
487
449
424
452
518
551
552
536
555
588
625
624
589
558
526
467
440
427
432
425
441
450
413
345
253
160
74
-15
-86
-137
-201
-258
-307
-320
-373
-461
-524
-567
-593
-677
-739
-771
-795
-838
-825
-790
-763
-786
-825
-749
-576
-435
-488
-588
-713
-701
-656
-559
-425
-272
-234
-273
-246
-186
-66
-10
79
169
248
241
249
269
315
283
263
260
291
307
296
284
231
177
101
161
281
364
341
272
243
293
285
280
282
261
215
213
268
328
374
359
381
460
538
627
676
634
574
538
569
599
581
558
564
601
643
685
715
691
642
586
524
438
328
222
116
61
34
-1
-63
-171
-286
-381
-435
-485
-549
-614
-668
-679
-688
-690
-699
-737
-794
-839
-854
-878
-902
-950
-991
-971
-860
-651
-519
-536
-653
-708
-663
-588
-505
-396
-229
-171
-172
-126
-17
120
187
233
340
431
455
444
421
407
361
284
262
313
338
323
281
220
150
83
54
69
91
94
84
104
153
170
196
242
291
325
323
300
309
339
381
453
524
586
628
676
706
737
755
779
774
735
708
695
692
673
628
586
566
524
457
380
284
147
-3
-139
-221
-286
-377
-489
-580
-631
-654
-688
-725
-772
-822
-864
-881
-883
-920
-949
-949
-935
-916
-915
-938
-961
-996
-1020
-1045
-1004
-888
-691
-557
-552
-607
-637
-573
-521
-426
-267
-138
-116
-125
-78
47
139
163
230
317
371
360
341
344
318
228
154
193
212
192
173
173
188
126
55
52
108
143
148
176
243
294
296
364
474
516
502
498
550
607
642
690
765
837
873
926
1002
1061
1072
1050
1056
1027
934
848
760
680
565
471
405
325
244
148
57
-59
-195
-310
-368
-414
-487
-576
-643
-683
-709
-702
-677
-662
-689
-720
-714
-706
-731
-776
-801
-783
-749
-718
-705
-718
-799
-856
-845
-790
-791
-829
-775
-624
-490
-492
-563
-651
-636
-618
-535
-357
-196
-170
-242
-249
-152
-10
41
90
149
197
200
186
182
192
125
58
75
157
206
227
243
276
254
222
265
335
407
418
433
480
563
618
692
818
896
929
969
1015
1050
1062
1088
1116
1133
1130
1125
1098
1042
963
898
878
813
691
567
489
419
332
239
176
107
40
-10
-34
-60
-144
-211
-245
-240
-271
-319
-354
-387
-412
-404
-335
-300
-347
-410
-439
-461
-514
-595
-652
-701
-736
-736
-702
-702
-799
-925
-1000
-989
-977
-958
-972
-992
-955
-824
-682
-682
-792
-883
-841
-770
-647
-503
-338
-302
-343
-354
-280
-163
-102
-20
98
211
219
230
252
309
282
248
268
362
462
555
632
653
602
568
624
740
842
868
883
880
877
885
962
1010
990
912
891
901
893
859
822
782
715
668
684
690
610
488
401
399
366
320
270
229
180
140
168
200
190
115
59
30
28
-14
-68
-125
-209
-293
-341
-352
-407
-496
-557
-568
-585
-612
-647
-696
-801
-916
-974
-971
-983
-1018
-1063
-1088
-1095
-1130
-1154
-1150
-1173
-1199
-1199
-1147
-1115
-1137
-1091
-938
-792
-771
-839
-883
-874
-837
-753
-573
-365
-307
-335
-328
-188
-18
91
193
322
427
480
562
675
748
708
646
677
782
871
913
932
921
869
834
885
959
931
849
809
844
877
861
857
842
779
679
658
696
694
641
603
630
665
667
660
653
610
560
538
569
594
540
478
451
420
365
312
268
182
57
-32
-57
-93
-204
-339
-425
-465
-506
-571
-622
-693
-789
-857
-873
-861
-887
-964
-1039
-1065
-1066
-1058
-1055
-1071
-1082
-1070
-1032
-1017
-1019
-1059
-1086
-1095
-1083
-1039
-990
-957
-940
-917
-903
-807
-666
-531
-489
-520
-525
-454
-371
-272
-116
79
216
247
284
377
499
580
677
800
889
898
878
911
972
960
924
928
955
948
940
971
993
923
808
812
871
898
873
849
847
825
777
785
838
843
797
771
783
782
758
761
792
786
740
713
713
660
564
491
471
413
300
203
152
99
14
-58
-113
-193
-294
-363
-396
-433
-516
-596
-635
-648
-673
-701
-737
-794
-858
-880
-849
-846
-894
-964
-997
-1015
-1018
-1002
-976
-987
-1012
-1002
-941
-896
-904
-913
-910
-882
-831
-778
-739
-737
-739
-717
-665
-645
-637
-563
-430
-313
-272
-261
-238
-196
-152
-21
187
359
379
341
364
477
615
716
819
893
911
919
982
1075
1102
1041
991
1013
1067
1098
1118
1089
1025
939
908
956
978
952
896
866
847
835
835
829
785
696
640
626
603
561
508
481
452
406
374
348
292
212
150
123
102
47
-24
-84
-145
-218
-275
-329
-377
-431
-479
-506
-552
-627
-698
-751
-798
-831
-844
-861
-904
-973
-1016
-1013
-1020
-1039
-1051
-1054
-1054
-1051
-1027
-988
-980
-998
-1001
-963
-922
-897
-896
-898
-898
-894
-846
-786
-750
-742
-746
-726
-681
-662
-645
-612
-514
-362
-197
-89
-40
-15
7
53
146
311
506
605
603
613
665
773
872
983
1080
1133
1141
1160
1229
1277
1239
1159
1111
1098
1114
1160
1181
1147
1049
959
942
964
968
930
857
770
712
704
736
744
657
541
472
437
402
355
309
245
176
132
131
126
42
-64
-144
-208
-252
-302
-356
-429
-549
-640
-660
-664
-706
-779
-836
-869
-903
-933
-921
-925
-982
-1049
-1082
-1086
-1106
-1139
-1147
-1131
-1127
-1114
-1073
-1024
-1019
-1029
-1004
-933
-864
-809
-745
-682
-627
-593
-532
-451
-395
-376
-349
-303
-272
-251
-239
-216
-188
-143
-102
-44
10
102
209
304
330
324
339
365
439
560
734
865
902
886
924
1015
1141
1240
1316
1340
1318
1299
1339
1377
1334
1247
1176
1164
1193
1229
1228
1155
1009
885
829
841
835
772
666
555
484
453
436
377
251
109
39
23
13
-27
-100
-196
-287
-330
-331
-347
-446
-569
-641
-653
-647
-676
-722
-772
-824
-841
-815
-784
-800
-829
-842
-812
-790
-810
-837
-864
-886
-882
-848
-809
-799
-824
-819
-776
-731
-718
-704
-673
-646
-615
-549
-478
-439
-423
-398
-344
-281
-230
-182
-146
-127
-105
-71
-27
6
22
40
72
111
130
150
172
187
213
303
462
591
621
580
558
583
646
763
925
1056
1086
1058
1049
1088
1144
1199
1257
1294
1311
1300
1289
1270
1209
1119
1039
990
949
893
821
714
571
426
314
241
185
103
-1
-95
-174
-236
-284
-320
-378
-465
-531
-546
-559
-585
-606
-616
-609
-607
-588
-582
-605
-655
-700
-705
-693
-683
-704
-721
-732
-741
-733
-719
-725
-748
-768
-756
-743
-755
-772
-790
-808
-797
-762
-719
-692
-684
-662
-621
-565
-522
-500
-466
-423
-381
-325
-266
-223
-193
-162
-103
-31
17
50
61
71
105
168
236
287
300
296
305
342
397
433
443
448
455
499
597
738
846
874
827
782
774
787
821
878
935
927
896
869
883
894
889
876
881
867
811
762
716
654
563
479
425
385
335
278
220
145
44
-63
-147
-204
-264
-322
-367
-423
-487
-548
-581
-601
-625
-647
-679
-711
-754
-773
-763
-746
-753
-760
-737
-697
-669
-667
-664
-665
-677
-676
-638
-596
-590
-607
-606
-588
-556
-523
-488
-467
-480
-489
-471
-432
-409
-399
-376
-347
-312
-281
-239
-189
-151
-109
-66
-15
38
77
124
171
215
255
302
352
394
427
456
483
503
515
532
542
541
552
573
579
568
545
530
523
518
525
530
549
596
658
689
677
616
551
510
513
568
639
668
637
585
547
554
574
587
584
548
489
427
381
333
255
150
51
-15
-62
-95
-142
-218
-308
-409
-475
-506
-542
-596
-660
-710
-740
-751
-757
-753
-770
-779
-767
-737
-697
-670
-648
-623
-600
-557
-519
-492
-462
-443
-408
-359
-319
-288
-269
-243
-224
-187
-156
-138
-127
-126
-110
-92
-74
-59
-48
-40
-23
0
16
25
37
49
70
111
156
202
231
257
293
326
362
403
447
474
492
511
533
569
591
600
611
622
632
657
674
677
657
604
578
555
535
498
439
384
327
291
261
246
243
235
214
170
121
69
23
-2
-4
35
64
56
10
-52
-101
-109
-67
-26
-17
-70
-143
-199
-244
-273
-309
-364
-434
-472
-478
-474
-490
-540
-608
-661
-674
-636
-595
-576
-589
-625
-643
-635
-596
-555
-527
-526
-524
-504
-447
-384
-348
-327
-308
-267
-221
-154
-100
-66
-53
-44
0
55
98
108
99
99
112
139
171
186
181
176
187
218
253
275
290
303
328
361
385
416
433
443
462
483
517
541
554
570
592
607
606
611
613
606
581
541
515
499
472
436
399
350
284
225
161
100
25
-64
-139
-207
-264
-325
-377
-417
-448
-459
-447
-429
-436
-463
-484
-489
-483
-457
-408
-357
-343
-355
-359
-355
-335
-296
-261
-246
-255
-287
-321
-340
-357
-373
-396
-428
-444
-432
-412
-400
-404
-426
-451
-449
-422
-377
-346
-332
-331
-326
-310
-280
-237
-196
-162
-135
-100
-57
2
55
106
156
195
241
275
305
329
352
386
415
452
486
503
508
520
527
542
561
577
587
569
553
542
544
543
547
541
520
503
486
488
477
456
432
417
412
405
393
374
344
311
297
281
269
242
195
155
125
87
45
3
-50
-111
-180
-223
-261
-305
-360
-429
-492
-553
-599
-638
-674
-708
-739
-773
-791
-773
-730
-679
-654
-643
-632
-621
-599
-556
-482
-402
-346
-312
-285
-250
-205
-150
-91
-50
-26
-11
-1
10
13
12
1
-11
-19
-16
-8
-6
-18
-36
-46
-47
-31
-8
13
37
56
83
125
175
223
262
312
368
423
491
544
582
602
628
661
698
731
732
733
737
744
725
704
681
648
620
591
586
575
539
504
468
433
399
370
343
323
295
270
258
243
215
169
122
91
68
57
36
-7
-69
-136
-182
-206
-212
-234
-273
-312
-343
-371
-398
-424
-463
-501
-541
-572
-595
-633
-664
-692
-716
-732
-746
-768
-783
-801
-816
-817
-803
-782
-768
-758
-750
-730
-687
-615
-532
-466
-441
-430
-419
-398
-353
-283
-205
-133
-70
-26
9
48
88
128
172
209
229
248
254
263
274
278
292
297
312
338
359
369
372
366
369
398
439
489
517
545
567
579
603
636
670
681
684
679
678
673
665
649
629
611
594
568
538
492
430
377
331
292
251
218
181
138
90
51
10
-26
-62
-96
-122
-153
-191
-228
-243
-257
-276
-293
-306
-321
-351
-376
-398
-421
-448
-457
-458
-471
-484
-504
-517
-542
-579
-606
-623
-630
-627
-642
-655
-671
-687
-698
-707
-704
-699
-689
-681
-669
-654
-649
-638
-629
-606
-562
-504
-446
-406
-354
-310
-264
-222
-180
-121
-47
31
96
147
184
217
259
310
372
431
467
500
524
535
561
573
606
641
664
679
676
671
654
643
626
619
605
597
598
587
574
546
510
481
477
483
489
480
454
424
392
367
360
352
341
318
294
275
253
229
203
169
135
108
85
65
33
-2
-41
-83
-118
-152
-183
-215
-251
-288
-308
-320
-333
-356
-382
-401
-419
-427
-428
-433
-451
-479
-500
-505
-495
-488
-476
-470
-467
-465
-471
-462
-448
-442
-439
-431
-404
-382
-366
-356
-349
-337
-319
-301
-282
-261
-247
-219
-184
-158
-120
-97
-83
-62
-42
-2
49
94
134
171
202
236
254
269
288
325
359
396
443
485
524
534
532
527
522
521
530
552
571
574
564
548
537
524
516
518
510
495
476
454
430
399
363
324
282
249
227
212
196
171
142
109
76
47
36
30
12
-14
-44
-72
-99
-116
-130
-150
-176
-192
-205
-218
-239
-261
-283
-304
-307
-313
-312
-310
-318
-324
-322
-321
-317
-317
-317
-306
-294
-275
-273
-275
-273
-276
-274
-263
-249
-241
-239
-241
-241
-234
-224
-215
-206
-195
-178
-155
-131
-102
-71
-44
-27
-14
4
30
61
85
105
119
134
163
190
206
222
233
244
264
289
315
329
336
328
312
298
298
300
295
285
263
239
211
180
151
123
89
67
53
34
22
1
-27
-48
-75
-97
-107
-122
-133
-157
-173
-174
-182
-193
-194
-194
-196
-187
-187
-181
-182
-190
-194
-198
-190
-188
-195
-212
-232
-249
-253
-251
-243
-245
-252
-256
-252
-236
-229
-220
-220
-220
-219
-210
-189
-176
-171
-162
-154
-137
-111
-91
-71
-50
-31
-6
21
40
54
62
60
68
82
109
132
146
150
143
146
162
183
201
201
198
200
208
221
231
235
235
240
256
277
292
297
294
292
290
300
311
308
292
279
262
242
228
208
192
165
143
119
92
67
32
12
-10
-26
-51
-91
-136
-180
-211
-230
-247
-269
-299
-328
-341
-343
-355
-375
-395
-404
-404
-401
-394
-393
-402
-412
-413
-402
-376
-351
-328
-306
-292
-278
-260
-243
-223
-212
-199
-174
-156
-138
-126
-110
-103
-89
-69
-42
-2
11
17
17
26
50
65
76
107
121
140
158
159
187
209
228
258
288
318
356
368
468
508
458
476
506
528
527
525
577
602
524
513
513
482
491
502
496
481
446
426
407
364
345
317
275
257
231
211
202
160
144
130
88
72
59
40
20
-16
-23
-22
-44
-47
-64
-101
-119
-146
-164
-169
-190
-208
-233
-265
-288
-320
-337
-350
-356
-365
-383
-400
-424
-450
-473
-476
-478
-481
-473
-452
-462
-476
-483
-473
-452
-449
-431
-391
-356
-349
-336
-324
-315
-301
-267
-212
-165
-151
-135
-111
-82
-64
-33
10
45
74
89
121
151
171
193
225
267
289
303
340
373
393
398
418
446
448
460
485
497
498
495
498
509
501
497
500
492
479
466
453
438
411
389
373
352
335
317
302
280
248
209
177
145
112
81
47
15
-18
-51
-74
-106
-140
-159
-188
-193
-183
-235
-295
-308
-323
-364
-391
-391
-399
-427
-451
-456
-464
-472
-479
-482
-511
-524
-513
-523
-528
-515
-495
-500
-490
-474
-466
-456
-433
-400
-381
-366
-354
-347
-342
-330
-326
-316
-305
-296
-268
-246
-233
-212
-197
-179
-150
-113
-69
-49
-32
4
32
46
72
115
148
166
187
235
272
283
302
347
381
392
407
446
473
458
444
465
490
489
485
502
511
489
463
466
476
461
439
437
443
426
395
373
364
337
302
283
278
274
235
204
191
166
129
107
96
85
56
27
12
-30
-80
-126
-157
-167
-199
-226
-242
-272
-303
-333
-357
-373
-384
-407
-424
-429
-447
-463
-470
-471
-470
-480
-472
-466
-466
-468
-462
-452
-444
-421
-402
-388
-365
-350
-336
-317
-303
-287
-263
-226
-187
-170
-146
-106
-86
-65
-32
4
36
64
96
144
152
147
165
173
198
214
242
270
263
265
272
291
314
340
374
403
420
421
408
400
401
410
426
449
472
470
452
436
433
430
407
415
425
426
407
385
357
316
272
249
263
264
232
210
192
159
122
91
81
66
40
20
20
20
-18
-64
-84
-102
-124
-146
-159
-162
-179
-201
-214
-218
-238
-274
-278
-275
-285
-306
-315
-317
-332
-352
-361
-372
-385
-401
-399
-379
-368
-370
-361
-358
-358
-349
-332
-303
-280
-256
-233
-208
-178
-167
-149
-129
-107
-81
-61
-29
1
17
27
54
78
104
136
168
193
215
231
243
255
262
276
285
297
311
330
338
333
328
328
332
331
323
317
315
305
299
288
263
239
224
220
213
216
204
187
170
145
128
117
114
107
87
62
48
38
30
12
-17
-32
-54
-69
-79
-104
-116
-133
-145
-148
-151
-162
-188
-211
-246
-284
-316
-322
-306
-302
-308
-303
-317
-340
-364
-371
-365
-357
-344
-341
-337
-343
-362
-370
-370
-360
-345
-313
-279
-257
-249
-249
-241
-237
-225
-209
-175
-137
-109
-88
-65
-55
-53
-45
-26
1
33
78
115
134
148
152
159
175
195
223
250
281
307
316
317
329
328
334
352
368
390
397
396
392
388
368
354
333
323
325
316
307
290
266
237
213
197
179
157
135
107
73
45
12
-16
-40
-62
-82
-92
-98
-95
-108
-128
-130
-141
-143
-150
-162
-169
-175
-186
-194
-209
-216
-218
-225
-215
-211
-218
-230
-250
-259
-269
-272
-266
-266
-270
-287
-294
-286
-286
-281
-286
-289
-286
-279
-268
-257
-238
-230
-202
-191
-178
-147
-140
-133
-129
-115
-89
-69
-47
-16
-3
8
27
47
57
65
87
106
123
138
148
152
159
173
192
211
231
257
257
262
279
288
300
306
309
321
323
320
330
335
342
335
324
322
307
296
291
273
264
261
254
253
253
228
210
187
158
140
115
88
66
37
21
12
2
-8
-18
-30
-39
-57
-70
-82
-103
-114
-138
-153
-161
-173
-182
-184
-180
-177
-172
-165
-162
-163
-164
-156
-152
-145
-141
-148
-150
-149
-154
-161
-158
-148
-130
-115
-102
-88
-80
-82
-84
-83
-76
-74
-66
-52
-43
-31
-32
-28
-9
-1
0
11
22
36
41
47
70
78
81
82
76
82
93
90
98
100
94
91
95
96
94
88
81
87
90
86
91
95
92
82
84
79
75
77
75
77
75
77
63
59
55
60
59
44
36
24
8
-3
-14
-30
-46
-66
-88
-96
-96
-99
-109
-112
-123
-133
-137
-148
-156
-162
-165
-170
-167
-170
-173
-177
-184
-180
-174
-174
-161
-146
-140
-137
-134
-133
-134
-132
-129
-124
-108
-95
-80
-72
-58
-53
-44
-28
-11
22
39
52
73
73
76
83
90
104
124
138
158
172
175
172
170
173
184
194
205
222
227
228
223
216
209
210
211
217
224
218
203
190
173
158
158
155
161
155
138
120
99
82
60
36
16
1
-3
-11
-24
-33
-46
-67
-86
-103
-122
-141
-157
-178
-197
-210
-227
-236
-240
-254
-261
-272
-285
-288
-294
-300
-309
-319
-322
-329
-343
-353
-356
-351
-341
-337
-331
-329
-322
-313
-303
-287
-264
-255
-247
-232
-221
-214
-205
-193
-176
-151
-128
-107
-90
-77
-67
-40
-18
5
17
25
32
46
76
103
128
152
173
189
213
236
253
274
294
311
335
351
375
388
393
402
416
420
429
443
457
463
464
458
451
443
439
433
434
432
413
399
384
362
344
322
309
302
291
277
257
233
204
174
145
119
94
64
44
27
0
-28
-57
-78
-101
-119
-138
-162
-179
-203
-228
-244
-265
-290
-310
-320
-332
-335
-345
-359
-364
-366
-368
-376
-381
-385
-381
-372
-369
-377
-379
-378
-373
-374
-363
-354
-348
-327
-319
-301
-276
-260
-237
-225
-203
-172
-150
-119
-98
-86
-60
-38
-6
27
46
77
108
128
150
165
176
190
213
227
239
252
264
266
268
279
286
289
292
295
312
321
317
326
323
331
338
341
349
357
347
341
348
344
337
324
308
291
282
268
256
249
242
227
215
204
191
179
162
138
124
112
91
79
57
39
19
-12
-27
-33
-41
-50
-67
-79
-108
-128
-143
-164
-167
-181
-197
-208
-222
-241
-252
-274
-292
-301
-307
-313
-322
-322
-325
-319
-318
-320
-324
-328
-324
-327
-325
-308
-302
-294
-283
-274
-265
-249
-239
-221
-205
-191
-175
-169
-164
-159
-155
-142
-117
-95
-75
-63
-41
-35
-25
-5
22
42
52
73
83
97
111
120
122
135
149
163
176
180
180
178
190
198
212
216
221
215
206
206
200
193
193
187
180
178
181
178
166
161
151
149
139
130
119
107
93
71
59
49
41
31
15
7
-3
-20
-34
-45
-52
-66
-88
-107
-120
-127
-131
-141
-147
-154
-172
-192
-206
-214
-226
-226
-228
-224
-224
-227
-227
-229
-225
-226
-212
-195
-184
-181
-170
-188
-191
-186
-179
-158
-152
-135
-125
-114
-108
-99
-90
-81
-58
-46
-34
-26
-21
-15
-8
8
23
39
50
56
69
90
97
107
110
110
122
131
146
160
175
181
188
200
202
194
188
189
197
204
207
206
200
194
177
164
160
153
155
163
166
164
155
134
109
95
82
78
73
67
60
48
38
24
14
8
6
12
11
1
-6
-20
-50
-65
-72
-91
-93
-96
-106
-109
-125
-134
-131
-134
-128
-127
-131
-130
-129
-143
-146
-143
-142
-130
-127
-124
-114
-109
-110
-104
-89
-80
-69
-64
-56
-48
-40
-34
-35
-16
-6
4
23
36
44
63
75
83
102
113
129
138
148
162
162
171
174
182
188
202
207
212
214
204
212
205
200
203
199
194
192
181
173
172
169
157
146
143
129
115
103
95
86
75
63
56
44
33
22
-1
-8
-21
-34
-45
-55
-62
-69
-73
-87
-89
-103
-118
-124
-136
-141
-149
-148
-152
-165
-166
-162
-162
-154
-156
-151
-152
-158
-165
-175
-175
-175
-171
-170
-164
-151
-148
-150
-152
-147
-142
-127
-123
-119
-115
-114
-108
-98
-94
-80
-60
-46
-36
-27
-18
-10
1
12
26
38
58
68
72
81
86
96
107
121
132
136
134
137
133
126
132
136
142
144
140
135
133
129
130
138
146
146
142
141
135
130
119
117
115
112
110
98
92
82
70
58
47
32
28
22
9
2
-10
-24
-39
-48
-58
-64
-79
-92
-99
-114
-125
-139
-150
-157
-162
-172
-178
-192
-193
-186
-185
-183
-192
-198
-201
-210
-215
-216
-215
-214
-217
-216
-214
-211
-203
-200
-192
-184
-170
-152
-150
-147
-143
-133
-129
-127
-119
-110
-100
-88
-81
-66
-46
-35
-24
-11
1
10
16
24
34
44
62
78
88
102
110
123
140
146
148
162
170
176
183
186
189
194
197
206
209
209
213
200
188
175
174
181
182
180
177
169
157
145
142
137
143
142
139
133
109
86
72
66
53
44
43
48
42
37
24
10
5
-11
-16
-21
-32
-47
-60
-71
-85
-96
-108
-112
-117
-122
-127
-134
-131
-137
-141
-139
-136
-133
-138
-141
-139
-135
-130
-120
-119
-113
-114
-118
-118
-123
-123
-114
-105
-95
-89
-83
-76
-68
-51
-33
-23
-13
-4
-1
0
8
10
17
29
37
58
73
86
92
96
110
123
129
128
132
135
134
137
138
152
157
160
169
171
164
158
158
157
157
155
151
151
147
144
135
137
141
131
136
132
124
112
99
88
80
76
66
67
64
55
46
31
14
7
-4
-12
-17
-29
-39
-42
-47
-51
-55
-66
-72
-76
-73
-79
-87
-94
-103
-100
-96
-99
-108
-108
-107
-104
-108
-103
-92
-91
-92
-95
-93
-88
-86
-91
-83
-75
-72
-66
-60
-49
-43
-38
-24
-18
-9
5
14
14
20
23
25
40
47
52
63
67
65
66
71
76
84
89
93
101
102
100
94
89
88
89
90
91
89
86
82
81
76
72
67
57
58
57
55
56
50
41
34
23
10
4
-6
-14
-20
-32
-43
-54
-65
-63
-68
-71
-72
-78
-76
-83
-86
-91
-107
-121
-139
-146
-152
-167
-167
-166
-172
-169
-166
-170
-171
-175
-179
-185
-185
-188
-185
-189
-184
-182
-180
-176
-169
-160
-156
-145
-135
-124
-131
-128
-131
-129
-118
-113
-101
-78
-64
-61
-52
-39
-22
-11
1
11
20
19
24
30
39
45
55
68
80
93
100
112
116
126
138
141
148
160
160
156
155
158
164
176
186
184
191
179
175
169
168
171
161
161
158
153
151
144
139
144
144
141
137
125
111
98
83
71
64
58
51
41
29
12
5
-3
-11
-17
-26
-41
-53
-70
-85
-99
-112
-115
-126
-134
-139
-146
-158
-164
-175
-182
-185
-193
-194
-196
-194
-199
-209
-208
-208
-213
-208
-195
-190
-180
-180
-176
-162
-162
-150
-136
-125
-116
-103
-88
-85
-75
-68
-58
-53
-39
-26
-16
-1
11
19
26
45
55
72
90
95
109
117
126
130
142
152
156
172
181
188
194
201
210
224
231
241
240
237
233
232
240
237
235
235
231
231
224
218
221
221
206
196
185
173
164
151
146
136
127
117
106
102
86
71
61
47
30
17
1
-7
-13
-25
-34
-41
-48
-50
-62
-70
-76
-88
-106
-119
-124
-132
-148
-158
-162
-168
-170
-173
-175
-176
-176
-173
-172
-163
-162
-164
-166
-166
-165
-160
-148
-143
-136
-137
-129
-114
-111
-101
-86
-73
-61
-55
-53
-50
-45
-37
-32
-19
-3
8
18
28
35
42
51
59
64
73
84
88
100
100
107
111
115
116
111
119
125
128
133
134
131
130
124
121
119
115
113
105
99
94
91
83
75
70
64
62
54
40
27
15
6
0
-3
-18
-32
-40
-49
-54
-61
-59
-58
-65
-68
-73
-78
-82
-87
-94
-102
-107
-119
-126
-126
-133
-132
-132
-140
-142
-145
-149
-147
-146
-145
-139
-135
-138
-142
-140
-134
-131
-130
-132
-131
-126
-116
-109
-102
-96
-94
-86
-84
-77
-63
-48
-38
-31
-27
-26
-23
-15
-15
-10
-3
5
13
18
19
20
28
37
44
43
50
48
53
62
64
68
72
69
67
65
65
68
68
67
67
73
72
75
69
70
78
74
71
71
73
70
64
60
63
62
58
50
45
45
42
45
43
42
31
36
35
30
24
20
18
15
7
-2
-4
-10
-11
-13
-15
-20
-27
-33
-43
-51
-48
-43
-42
-44
-47
-54
-64
-73
-78
-77
-73
-76
-74
-72
-67
-61
-66
-63
-56
-53
-47
-42
-39
-34
-31
-29
-28
-16
-2
2
11
11
17
26
29
29
33
37
38
40
50
58
67
76
82
84
86
92
101
112
118
129
138
137
139
136
129
135
142
148
153
146
150
146
138
139
135
137
133
134
125
113
105
88
84
77
63
65
60
52
46
43
37
27
16
10
4
-1
-5
-9
-18
-22
-30
-42
-46
-58
-56
-67
-82
-85
-93
-98
-101
-108
-113
-113
-115
-112
-114
-117
-116
-116
-117
-119
-111
-104
-95
-85
-77
-69
-62
-60
-59
-49
-43
-34
-25
-17
-5
2
9
21
26
30
40
47
55
59
70
73
81
86
85
83
86
91
98
103
98
103
104
97
93
90
92
91
94
89
82
79
70
67
68
68
64
59
57
52
37
26
16
8
3
-5
-10
-12
-20
-24
-27
-38
-44
-48
-54
-66
-68
-69
-77
-90
-98
-100
-100
-101
-109
-109
-109
-106
-105
-107
-105
-111
-116
-118
-116
-113
-118
-119
-120
-120
-123
-126
-117
-113
-113
-109
-105
-106
-100
-106
-110
-107
-104
-103
-104
-92
-91
-87
-88
-90
-86
-82
-74
-65
-56
-52
-49
-40
-31
-22
-15
-11
-5
3
13
13
21
25
28
39
44
54
58
58
59
58
57
62
65
70
71
77
80
81
82
79
82
85
86
91
93
88
94
94
91
86
75
72
64
64
61
63
56
54
52
45
39
34
30
26
27
18
12
9
6
0
-4
-12
-26
-33
-34
-37
-39
-43
-48
-48
-45
-49
-54
-60
-66
-75
-83
-83
-85
-93
-97
-96
-95
-94
-97
-105
-104
-101
-96
-91
-87
-80
-83
-85
-83
-79
-79
-66
-57
-51
-44
-35
-21
-10
7
14
26
29
39
41
44
47
55
64
68
75
78
85
87
93
93
108
113
118
128
136
147
155
161
160
157
152
158
160
161
170
174
173
165
160
151
140
132
126
118
115
111
110
113
108
99
93
83
66
58
52
41
35
31
22
16
0
-6
-9
-13
-14
-14
-13
-13
-19
-28
-40
-47
-54
-53
-57
-64
-66
-78
-87
-93
-93
-94
-97
-96
-95
-93
-97
-100
-107
-117
-119
-114
-105
-102
-94
-95
-99
-97
-91
-87
-73
-60
-51
-42
-40
-33
-28
-25
-26
-28
-19
-17
-10
1
10
20
26
30
31
35
41
41
46
56
61
62
64
61
69
71
75
77
74
82
85
87
95
92
94
91
97
98
97
95
92
88
86
83
74
64
52
50
42
36
30
23
11
3
-8
-10
-13
-19
-19
-36
-46
-58
-66
-75
-83
-90
-89
-93
-96
-102
-108
-112
-119
-122
-128
-129
-131
-128
-122
-118
-114
-119
-121
-115
-119
-121
-124
-127
-123
-119
-115
-115
-115
-110
-109
-106
-105
-95
-81
-77
-73
-64
-62
-57
-53
-46
-40
-30
-22
-21
-11
-11
-4
4
16
21
27
34
36
34
31
29
31
33
39
44
48
46
50
55
48
46
48
48
50
51
52
51
44
49
47
45
40
37
42
48
46
45
47
47
46
47
45
41
37
32
30
26
24
15
16
17
19
10
5
5
-3
-7
-12
-16
-17
-25
-28
-35
-44
-39
-47
-52
-52
-51
-52
-54
-51
-56
-58
-63
-65
-62
-63
-64
-60
-60
-62
-59
-60
-59
-59
-57
-55
-56
-55
-58
-45
-42
-36
-29
-28
-18
-17
-18
-12
-11
-12
-9
-2
-3
-6
5
1
6
15
19
31
46
54
58
71
77
80
89
83
85
87
90
97
98
98
111
122
121
125
128
128
124
126
130
135
138
142
147
148
143
140
138
143
140
135
130
126
127
119
110
98
103
104
96
91
87
78
73
69
61
55
46
45
35
21
10
-8
-20
-28
-31
-33
-39
-44
-49
-57
-64
-70
-77
-84
-89
-96
-103
-104
-107
-113
-116
-113
-106
-106
-101
-103
-102
-106
-103
-95
-98
-96
-97
-95
-90
-91
-86
-76
-73
-67
-63
-62
-62
-57
-50
-38
-28
-22
-13
-7
0
2
13
18
24
37
43
42
44
45
45
51
57
62
66
71
75
75
75
82
83
91
91
92
92
85
85
83
81
76
80
73
76
71
72
73
65
64
51
48
39
45
36
36
35
26
21
13
11
-1
-4
-9
-12
-24
-28
-32
-47
-45
-49
-56
-65
-70
-68
-72
-70
-83
-85
-87
-91
-86
-90
-87
-90
-95
-94
-93
-91
-90
-92
-88
-91
-93
-88
-90
-84
-86
-85
-79
-76
-71
-73
-72
-68
-68
-66
-60
-55
-54
-46
-34
-25
-23
-21
-18
-10
-5
0
9
18
29
32
37
45
44
43
43
42
39
44
49
51
53
49
51
57
61
59
49
45
41
40
41
46
43
41
48
44
47
46
40
34
35
27
27
22
14
12
-3
-9
-9
-16
-19
-18
-30
-36
-35
-36
-42
-48
-52
-62
-62
-62
-62
-62
-64
-57
-55
-56
-61
-65
-71
-76
-72
-69
-70
-64
-59
-57
-55
-60
-53
-44
-43
-44
-43
-43
-43
-37
-43
-45
-40
-38
-38
-33
-23
-23
-13
-7
-8
-3
0
3
9
10
12
17
11
15
27
25
27
32
39
49
48
59
61
61
62
54
62
58
59
67
67
71
70
66
66
67
64
63
61
58
57
60
59
62
58
58
55
55
52
52
49
48
48
36
27
25
25
27
23
27
24
20
13
2
-2
-8
-13
-17
-14
-18
-24
-25
-34
-44
-44
-55
-54
-49
-52
-49
-49
-51
-54
-44
-38
-35
-26
-26
-19
-16
-15
-10
-9
-7
-4
-4
-4
-7
-10
-4
-5
6
12
20
26
19
24
29
31
40
43
45
44
47
49
47
45
53
63
71
77
79
81
79
80
83
80
79
77
77
74
74
75
80
82
71
65
64
59
58
47
44
43
35
30
29
19
17
19
14
18
20
21
21
15
10
9
4
5
4
6
5
-1
-8
-11
-17
-18
-20
-27
-26
-26
-34
-42
-47
-47
-54
-54
-55
-61
-67
-72
-72
-80
-87
-87
-80
-79
-85
-88
-83
-80
-76
-73
-75
-72
-72
-70
-65
-68
-74
-68
-64
-64
-61
-61
-56
-49
-37
-34
-31
-27
-26
-25
-20
-9
-5
-2
-10
-9
-11
-8
-12
-11
-3
0
10
24
30
28
35
38
39
36
45
46
46
50
50
55
49
46
44
43
44
51
51
48
45
42
44
39
36
30
19
13
9
7
2
-2
-10
-12
-13
-14
-17
-18
-17
-26
-25
-30
-35
-39
-48
-49
-58
-58
-58
-62
-64
-67
-70
-73
-77
-82
-79
-80
-81
-80
-84
-88
-88
-94
-98
-93
-86
-74
-69
-63
-63
-63
-63
-54
-54
-57
-51
-54
-53
-52
-48
-45
-49
-41
-35
-29
-29
-28
-23
-28
-28
-27
-33
-37
-32
-29
-33
-30
-26
-21
-15
-6
3
-1
8
19
24
30
35
36
42
47
48
51
51
56
63
70
74
78
79
85
90
93
97
93
103
100
99
99
93
98
97
102
103
104
102
106
110
106
104
99
95
87
81
78
66
56
56
50
41
28
24
12
9
5
-1
-1
-12
-17
-22
-34
-39
-41
-52
-57
-58
-64
-67
-68
-71
-76
-72
-69
-66
-68
-68
-64
-68
-62
-55
-52
-47
-38
-37
-31
-23
-19
-11
-11
-2
1
7
14
16
26
27
36
42
52
62
67
74
75
85
91
91
94
93
92
96
94
94
101
108
107
110
116
122
128
128
127
124
116
116
110
101
96
90
83
79
78
73
75
75
79
87
84
77
62
61
51
45
39
34
30
22
22
16
11
4
4
2
-4
-7
-11
-18
-19
-18
-17
-15
-22
-29
-36
-38
-42
-52
-56
-57
-61
-68
-70
-71
-76
-76
-76
-71
-73
-76
-79
-75
-76
-83
-77
-76
-74
-64
-65
-60
-62
-62
-56
-54
-60
-55
-56
-64
-60
-65
-65
-70
-64
-55
-54
-53
-53
-45
-43
-37
-32
-30
-21
-16
-10
-4
4
8
7
13
17
17
23
26
34
33
29
34
39
38
40
38
35
31
28
33
22
20
19
16
15
8
7
5
-1
-2
-6
-9
-14
-9
-6
-11
-14
-21
-24
-28
-28
-34
-37
-47
-48
-50
-52
-47
-53
-54
-57
-62
-70
-74
-76
-78
-83
-93
-99
-107
-107
-107
-101
-96
-102
-100
-95
-90
-92
-92
-89
-82
-79
-78
-78
-77
-71
-67
-63
-61
-55
-54
-44
-38
-32
-28
-27
-28
-23
-17
-21
-18
-12
-8
-7
-3
4
8
9
12
15
15
16
9
11
13
13
19
22
28
32
35
38
34
31
27
23
23
26
26
21
21
20
18
17
19
24
30
34
25
25
24
22
17
13
8
8
14
10
17
15
14
18
11
10
8
16
17
13
11
7
12
14
10
8
8
10
13
14
14
11
8
8
11
11
11
11
5
4
7
6
9
9
1
3
5
3
12
17
21
30
36
35
37
36
33
31
35
40
41
45
43
46
48
53
60
64
65
62
61
63
62
60
60
62
61
62
66
68
73
75
77
83
87
95
97
89
82
79
73
78
75
74
74
76
87
88
85
83
84
78
80
70
66
61
57
57
53
49
42
47
49
51
59
57
55
58
55
51
48
39
37
32
31
28
24
20
15
11
8
1
2
-4
-10
-22
-25
-22
-30
-32
-41
-50
-56
-59
-59
-56
-62
-64
-67
-70
-61
-66
-66
-62
-61
-53
-56
-57
-56
-59
-63
-63
-67
-71
-68
-64
-65
-63
-62
-55
-50
-50
-46
-42
-37
-35
-30
-31
-36
-36
-32
-32
-29
-20
-17
-11
-5
-13
-11
-5
-6
2
8
9
11
10
5
14
16
8
13
12
4
1
-6
-15
-20
-27
-29
-29
-35
-40
-39
-37
-47
-43
-41
-42
-38
-46
-48
-56
-65
-72
-77
-83
-77
-78
-83
-85
-88
-80
-83
-81
-79
-83
-80
-85
-89
-90
-91
-92
-91
-87
-84
-78
-79
-78
-71
-68
-62
-64
-64
-64
-67
-65
-60
-55
-44
-30
-22
-13
-4
0
9
13
12
13
6
10
11
8
13
20
27
30
36
44
48
48
41
41
40
39
38
33
38
39
33
29
33
43
48
48
51
56
56
52
47
44
42
42
35
40
44
43
46
42
42
41
40
33
26
16
12
11
11
12
14
8
6
8
10
15
11
9
2
-3
-7
-11
-18
-25
-17
-11
-6
-9
-5
-6
-8
-9
-14
-18
-21
-27
-28
-25
-29
-30
-32
-33
-28
-29
-29
-28
-26
-27
-24
-20
-23
-16
-17
-10
-1
5
11
18
20
21
19
15
23
17
14
21
24
27
33
31
34
40
42
45
50
53
48
52
52
50
53
52
56
68
70
75
77
76
84
81
85
87
81
83
81
77
74
76
81
75
75
80
80
77
81
74
66
60
56
55
54
50
43
41
38
42
39
39
42
43
43
41
41
39
37
36
32
25
29
28
25
26
18
23
13
10
7
1
-4
-7
-11
-9
-11
-8
-7
-10
-10
-14
-15
-21
-23
-30
-38
-44
-50
-50
-53
-56
-53
-51
-49
-47
-52
-53
-44
-42
-42
-42
-41
-38
-34
-26
-24
-23
-22
-18
-10
-12
-10
-12
-9
-1
-4
0
3
2
-1
1
6
8
6
10
18
19
23
19
13
4
3
10
16
16
19
20
17
11
9
16
12
13
14
11
11
9
5
5
-4
-2
3
0
5
-1
-8
-4
-6
-11
-15
-23
-23
-20
-25
-28
-29
-29
-27
-22
-27
-29
-29
-37
-42
-49
-51
-50
-56
-60
-64
-66
-69
-67
-68
-67
-66
-71
-78
-87
-89
-93
-94
-95
-101
-97
-101
-101
-97
-102
-103
-94
-90
-85
-76
-75
-70
-75
-67
-57
-55
-50
-47
-40
-38
-42
-34
-35
-29
-26
-23
-15
-12
-12
-7
3
4
7
6
14
18
27
32
31
35
33
38
38
41
43
45
53
52
57
58
56
57
54
51
53
55
49
45
44
46
42
36
28
13
7
12
15
13
6
-6
-10
-9
-9
-11
-16
-19
-22
-19
-22
-29
-37
-43
-50
-50
-57
-56
-59
-62
-57
-62
-53
-52
-51
-46
-47
-49
-50
-47
-42
-40
-39
-32
-26
-26
-16
-13
-12
-10
-8
-3
2
8
7
11
14
20
27
35
36
40
40
45
50
52
52
50
47
45
46
40
47
47
42
42
46
49
54
55
56
57
51
50
46
42
39
50
52
56
57
59
68
71
72
65
71
75
73
71
75
74
71
71
73
76
75
77
80
75
78
75
76
77
64
59
52
52
49
47
40
41
47
46
47
38
36
35
37
29
23
23
19
18
23
23
17
11
5
8
9
0
-2
-7
-9
-14
-21
-25
-29
-34
-31
-27
-31
-30
-41
-44
-48
-46
-44
-48
-49
-51
-49
-50
-49
-44
-35
-28
-21
-18
-12
-5
-4
-1
-3
1
9
12
16
19
15
23
33
35
36
34
35
30
33
32
32
34
28
28
29
33
32
31
37
33
31
29
26
28
23
17
13
13
5
4
2
0
-5
-11
-14
-13
-14
-18
-18
-26
-33
-41
-51
-51
-48
-51
-53
-53
-58
-58
-55
-67
-70
-73
-74
-68
-69
-68
-70
-66
-62
-55
-52
-52
-49
-56
-53
-59
-56
-55
-53
-55
-53
-56
-61
-64
-65
-57
-55
-50
-44
-43
-46
-43
-43
-52
-52
-51
-55
-52
-50
-51
-43
-46
-44
-39
-39
-28
-24
-31
-24
-19
-25
-28
-26
-19
-20
-23
-20
-15
-14
-13
-13
-8
-9
-6
-1
-2
-3
-1
5
12
15
14
10
4
11
14
11
7
6
5
4
2
1
-3
-5
-2
-8
-7
-6
-9
-7
-11
-13
-15
-21
-16
-10
-14
-12
-8
-8
-8
-5
-8
-13
-11
-6
-7
-3
-2
-7
-13
-17
-22
-21
-20
-18
-14
-16
-15
-14
-17
-22
-18
-15
-20
-21
-22
-27
-29
-26
-16
-10
-10
-8
-1
3
7
10
15
19
21
30
26
27
25
24
24
26
28
33
38
37
45
45
49
56
53
47
48
51
49
43
37
38
39
45
52
53
52
60
58
57
60
58
55
51
50
52
50
47
56
55
52
52
50
50
46
44
41
43
42
41
45
44
41
44
40
39
39
34
30
28
28
35
30
26
31
27
23
17
15
23
24
23
17
13
4
0
-1
-3
5
-3
-2
-5
-4
0
2
4
1
10
14
20
19
16
7
0
1
2
0
0
7
12
18
26
30
28
27
27
25
22
27
33
33
33
38
40
36
37
38
43
44
47
56
51
47
42
33
32
31
32
33
31
36
33
37
34
34
38
37
38
41
38
38
35
32
25
22
18
17
22
24
29
26
22
24
20
14
9
2
0
-2
-8
-15
-14
-20
-22
-28
-33
-34
-34
-37
-41
-49
-53
-56
-62
-67
-77
-72
-79
-85
-78
-84
-85
-83
-83
-80
-85
-91
-91
-88
-93
-93
-96
-106
-102
-92
-100
-104
-90
-82
-90
-103
-94
-83
-83
-96
-87
-66
-54
-57
-61
-53
-42
-35
-35
-25
-18
-19
-10
-4
1
6
3
6
11
20
20
25
35
33
34
40
47
51
43
36
43
43
43
37
40
41
34
36
37
40
44
44
39
32
27
22
18
9
1
-5
-10
-18
-30
-32
-35
-34
-35
-38
-41
-38
-43
-49
-48
-55
-61
-67
-69
-66
-61
-60
-57
-59
-60
-60
-62
-60
-60
-63
-58
-61
-62
-60
-64
-54
-48
-52
-53
-49
-43
-38
-41
-42
-37
-37
-26
-21
-17
-11
-12
-6
-3
5
11
8
6
1
5
9
8
10
14
20
24
20
21
30
24
16
16
17
16
18
16
14
13
10
8
8
20
22
20
25
28
31
32
27
29
31
31
25
30
26
28
34
31
36
42
54
57
58
55
50
45
51
52
48
49
51
47
55
52
47
50
40
38
38
34
37
40
36
39
46
50
55
57
48
54
59
56
64
61
56
57
54
53
51
59
69
68
71
69
67
63
57
52
48
45
32
22
15
18
18
20
20
25
27
22
19
16
14
8
5
1
-5
-8
-7
-7
-11
-14
-12
-12
-12
-7
-9
-14
-14
-5
-3
-2
2
3
4
-3
-1
6
10
13
15
17
20
20
18
22
20
15
20
24
27
32
34
36
37
38
41
46
54
56
54
57
52
54
54
51
48
43
39
40
39
37
35
27
18
13
21
17
12
12
7
1
-2
-11
-10
-13
-18
-24
-30
-35
-41
-45
-53
-55
-61
-64
-72
-67
-68
-69
-65
-72
-73
-83
-86
-86
-83
-81
-84
-84
-85
-94
-94
-94
-101
-96
-95
-90
-89
-84
-75
-68
-63
-61
-60
-52
-44
-47
-40
-40
-41
-38
-35
-27
-21
-11
-7
-3
5
10
8
13
19
14
20
20
21
21
17
15
11
12
15
18
16
10
13
13
10
6
3
6
-1
-6
-10
-13
-15
-19
-21
-21
-25
-27
-23
-26
-33
-39
-43
-46
-56
-61
-63
-72
-71
-71
-70
-73
-70
-70
-66
-67
-68
-65
-74
-78
-85
-82
-81
-78
-74
-73
-72
-68
-56
-48
-40
-36
-33
-32
-33
-32
-34
-31
-29
-28
-28
-19
-10
-4
2
0
6
10
11
9
11
12
14
16
22
26
31
34
31
30
29
37
43
45
44
44
45
49
51
51
53
56
60
60
63
71
73
72
73
68
62
55
54
51
52
52
51
56
51
50
49
41
30
28
27
19
20
21
20
18
17
13
8
7
1
-5
-12
-18
-22
-25
-24
-17
-18
-19
-15
-15
-9
-12
-10
-8
-7
-7
-9
-10
-8
-9
-10
-3
1
5
6
11
13
18
23
27
35
37
38
38
39
45
47
47
49
49
53
49
49
48
49
55
53
58
63
58
64
69
66
66
65
62
62
61
59
56
53
52
50
50
46
43
39
41
44
34
33
27
23
13
12
15
13
17
15
17
22
26
28
26
26
34
36
34
27
21
16
17
20
16
21
22
22
18
19
24
19
22
24
22
26
28
27
30
32
35
40
35
31
27
32
28
30
30
27
28
27
29
28
30
28
29
28
21
8
4
-2
-10
-10
-19
-25
-21
-20
-19
-17
-19
-24
-30
-39
-45
-49
-55
-53
-63
-68
-67
-71
-72
-72
-74
-75
-78
-79
-77
-74
-73
-83
-82
-84
-81
-78
-75
-77
-74
-65
-61
-62
-69
-63
-60
-50
-42
-43
-37
-38
-40
-41
-39
-34
-20
-17
-9
-14
-15
-6
-10
-6
-1
0
1
3
1
3
-2
-7
-9
-11
-18
-16
-14
-10
-4
-5
-5
-6
-8
-15
-19
-16
-15
-18
-22
-18
-20
-26
-33
-38
-43
-53
-55
-57
-61
-68
-72
-76
-76
-78
-79
-74
-79
-71
-73
-76
-80
-85
-81
-84
-79
-80
-73
-66
-67
-59
-54
-54
-47
-41
-37
-38
-34
-19
-23
-18
-17
-11
-8
-9
-1
6
6
5
12
13
21
18
21
28
30
41
44
48
54
49
52
49
54
57
54
56
56
57
53
56
58
57
52
43
47
49
51
47
47
42
38
34
30
37
39
45
44
41
37
35
27
24
23
16
11
9
17
16
15
14
6
6
5
5
10
10
10
6
-3
-9
-8
-11
-5
-5
-6
1
-4
-4
-10
-13
-24
-22
-15
-14
-12
-11
-12
-12
-7
2
9
15
22
30
38
35
41
48
53
49
51
56
58
63
63
64
65
70
69
66
68
74
76
78
80
87
86
85
86
85
87
84
84
90
91
89
87
80
72
68
68
71
77
75
69
66
63
53
41
39
39
42
41
36
30
28
24
16
16
11
8
7
5
1
4
1
-2
-8
-14
-15
-13
-4
-6
-10
-11
-10
-5
-11
-14
-19
-19
-12
-12
-13
-19
-16
-17
-22
-15
-17
-22
-26
-22
-18
-26
-32
-35
-38
-44
-44
-40
-39
-33
-29
-24
-34
-37
-33
-35
-39
-44
-44
-47
-51
-57
-54
-60
-56
-47
-46
-45
-44
-40
-42
-42
-44
-47
-49
-56
-56
-48
-47
-44
-41
-38
-36
-32
-35
-37
-35
-37
-38
-48
-48
-47
-55
-49
-44
-41
-31
-26
-25
-26
-23
-27
-25
-30
-33
-27
-21
-16
-11
-10
-10
-6
3
3
6
7
3
5
8
4
-4
-17
-26
-26
-30
-33
-37
-39
-39
-39
-42
-45
-54
-57
-53
-56
-61
-60
-59
-53
-50
-50
-51
-50
-48
-49
-48
-46
-45
-50
-49
-50
-51
-44
-41
-40
-37
-33
-31
-26
-26
-31
-36
-37
-42
-39
-42
-48
-38
-40
-38
-37
-40
-30
-25
-24
-24
-22
-23
-22
-16
-10
-9
-9
-6
3
9
9
17
22
24
24
26
26
26
27
28
26
24
26
28
29
36
38
32
41
41
39
41
39
39
37
36
31
31
29
27
22
22
22
19
24
26
26
27
27
26
24
25
31
23
23
32
37
33
32
28
31
37
36
38
39
40
41
46
46
44
43
48
48
45
44
43
40
45
40
39
42
43
45
46
46
45
45
39
38
38
38
41
46
49
56
54
52
52
56
54
55
61
55
54
53
54
52
54
55
49
49
51
55
52
49
51
46
44
44
40
32
25
26
24
23
17
14
13
14
14
12
5
-2
-1
-8
-8
-3
-7
-6
-3
-5
-1
-2
-4
4
8
11
11
11
9
6
9
5
10
11
11
14
23
29
29
33
32
32
32
33
30
30
28
27
28
22
21
12
12
13
10
9
4
7
5
-3
-13
-12
-17
-22
-23
-31
-31
-30
-33
-29
-25
-34
-39
-37
-36
-35
-32
-30
-37
-35
-36
-38
-38
-40
-34
-33
-34
-39
-36
-26
-26
-21
-18
-19
-16
-13
-6
-5
-1
-2
-2
-6
-11
-11
-15
-14
-19
-14
-7
-8
-6
-12
-12
-15
-16
-15
-13
-17
-25
-26
-27
-23
-26
-18
-20
-21
-21
-19
-21
-26
-24
-32
-31
-31
-39
-38
-40
-43
-49
-54
-45
-48
-49
-47
-50
-51
-53
-48
-51
-54
-56
-60
-59
-57
-61
-63
-60
-59
-58
-62
-61
-67
-70
-62
-60
-60
-55
-51
-50
-49
-45
-45
-38
-34
-31
-23
-23
-25
-19
-19
-18
-17
-15
-9
-7
-2
2
7
16
13
15
20
16
12
19
26
29
28
18
17
16
14
9
8
11
13
16
15
12
11
9
5
11
10
10
15
10
5
3
1
-2
-4
-4
-5
-5
-3
-7
-5
-8
-12
-8
-13
-14
-20
-18
-13
-15
-16
-12
-12
-12
-14
-9
-8
-2
4
10
9
4
5
9
12
7
13
15
19
22
22
24
15
18
16
25
29
29
31
29
33
25
29
26
33
31
31
29
27
33
29
28
27
25
29
30
29
36
40
43
42
41
40
42
42
42
37
37
37
41
41
38
38
41
39
40
46
47
43
41
41
39
39
42
48
50
48
55
58
59
56
52
50
43
40
40
33
32
33
31
33
34
36
39
41
39
45
51
52
44
36
35
31
28
31
34
39
35
42
42
37
39
37
35
31
31
33
30
29
29
25
15
17
13
6
15
7
3
-1
-7
-9
-17
-23
-25
-18
-24
-25
-25
-32
-24
-33
-32
-34
-40
-46
-48
-42
-43
-50
-53
-52
-46
-41
-38
-38
-43
-41
-41
-39
-42
-43
-42
-36
-35
-39
-38
-41
-40
-39
-35
-35
-35
-28
-26
-28
-26
-26
-25
-29
-28
-26
-25
-19
-18
-14
-13
-10
-9
-8
-6
-7
-4
-3
3
5
12
14
13
8
1
2
0
0
-7
-10
-13
-17
-20
-20
-19
-19
-20
-18
-20
-20
-19
-23
-25
-33
-36
-30
-33
-27
-29
-38
-38
-39
-35
-34
-33
-31
-28
-30
-34
-35
-36
-34
-34
-32
-29
-30
-32
-30
-29
-30
-28
-33
-40
-44
-48
-49
-47
-51
-50
-45
-43
-36
-29
-25
-25
-27
-23
-22
-21
-26
-26
-25
-23
-25
-27
-19
-18
-12
-5
-3
-8
-6
-4
-8
-1
-3
1
-4
-9
-1
-6
-2
1
1
7
7
9
10
11
12
6
3
-2
-8
-4
-3
-2
0
4
5
4
9
9
9
11
18
12
13
19
8
2
-2
-2
0
2
4
1
3
2
-6
-6
-4
-2
-2
-1
-2
-3
-1
-4
-9
-8
-8
-5
0
-3
-1
-2
5
9
3
6
5
7
10
14
17
16
19
13
18
17
21
25
33
36
36
39
43
50
53
55
55
57
53
62
60
54
60
63
60
68
70
70
70
69
69
62
67
63
57
64
55
56
58
54
54
53
50
48
51
54
51
53
48
46
48
38
37
29
26
25
21
19
23
30
28
30
27
15
11
10
16
14
12
9
10
8
3
3
-4
-12
-9
-4
-7
-7
0
1
3
5
3
4
6
6
2
6
6
7
6
7
8
5
10
8
8
9
15
19
17
11
11
9
3
5
6
1
-1
2
3
-5
-2
-4
-4
-1
-4
-1
-6
-7
-3
1
3
0
-4
3
4
7
10
9
10
5
10
-1
-5
-2
-2
-3
-8
-3
-4
-2
-6
-5
4
-2
-4
-6
-13
-18
-16
-21
-22
-24
-26
-22
-27
-27
-28
-32
-26
-21
-25
-22
-25
-21
-21
-30
-27
-23
-24
-23
-16
-16
-18
-13
-14
-20
-19
-24
-21
-15
-18
-15
-22
-25
-24
-31
-33
-34
-33
-34
-36
-38
-36
-35
-44
-40
-37
-38
-39
-42
-47
-50
-46
-46
-49
-45
-47
-49
-45
-45
-42
-36
-34
-34
-32
-32
-39
-37
-34
-39
-38
-32
-32
-35
-31
-28
-28
-20
-19
-21
-17
-12
-9
-10
-13
-21
-25
-27
-23
-20
-17
-18
-13
-9
-11
-7
-15
-18
-21
-21
-25
-35
-32
-30
-28
-27
-31
-27
-26
-22
-23
-25
-25
-28
-28
-24
-22
-16
-17
-17
-18
-19
-18
-16
-4
-6
-8
-11
-12
-14
-8
-6
-8
-9
-6
-3
0
1
-4
-5
-7
-3
-1
5
8
11
12
8
15
16
26
32
30
33
33
23
22
25
22
20
26
35
32
34
34
34
39
36
36
31
23
19
16
18
13
10
4
1
10
11
12
10
6
8
12
13
15
22
22
18
19
23
25
28
30
28
22
26
31
32
36
39
39
44
48
47
48
46
53
52
47
45
40
42
45
50
56
56
52
56
61
59
56
55
48
48
45
40
44
41
34
33
32
33
30
33
34
31
25
24
26
18
15
12
3
-1
-9
-13
-8
-19
-18
-14
-12
-12
-15
-18
-23
-19
-22
-27
-27
-26
-26
-20
-16
-18
-11
-8
-7
-2
-5
-3
0
-6
-4
3
2
6
6
9
13
13
23
21
21
24
21
24
22
21
20
21
25
20
21
27
26
26
30
29
27
24
18
17
14
11
9
15
22
15
12
19
18
17
15
11
6
0
-2
-11
-17
-23
-28
-30
-33
-35
-36
-31
-23
-23
-21
-29
-36
-42
-53
-61
-63
-67
-66
-59
-59
-54
-51
-50
-53
-53
-54
-54
-52
-52
-52
-53
-55
-52
-46
-43
-44
-37
-36
-26
-19
-24
-23
-24
-23
-21
-17
-12
-9
-2
-2
5
3
6
8
-2
4
5
7
9
11
7
6
5
0
0
-1
2
3
5
8
10
5
0
-4
-10
-11
-7
-7
-4
-5
-5
-3
4
2
-6
-1
1
-3
-5
-2
-2
-4
-5
-13
-18
-19
-22
-20
-22
-27
-28
-30
-29
-36
-37
-46
-53
-49
-48
-47
-44
-48
-50
-51
-51
-44
-37
-38
-38
-34
-35
-36
-33
-30
-28
-28
-25
-22
-20
-18
-18
-24
-25
-21
-22
-11
-10
-12
-11
-13
-13
-14
-9
-9
-10
-4
-3
-5
-2
5
6
8
8
13
18
24
25
24
25
24
24
26
26
26
27
29
26
23
20
17
16
17
19
21
17
17
13
14
15
14
15
8
17
13
18
21
21
23
20
23
18
20
15
11
10
7
10
11
14
18
19
20
21
18
21
19
17
22
21
21
21
22
21
22
27
32
33
27
32
38
41
44
45
46
44
47
49
47
43
43
41
41
37
33
30
30
28
30
30
30
35
36
45
46
40
36
27
25
20
15
13
10
8
7
8
3
6
5
3
-1
-4
1
0
-2
-5
-9
-8
-14
-4
0
-2
1
7
13
14
19
10
11
15
13
11
6
9
13
15
15
16
18
15
20
17
17
23
18
12
16
7
8
16
17
18
14
16
16
17
16
20
21
19
19
22
25
26
23
18
22
22
23
25
23
22
18
19
21
20
15
11
16
15
17
10
11
15
11
17
15
16
15
17
7
6
9
10
17
12
7
4
-3
-5
-5
-2
-2
3
6
2
-11
-22
-25
-28
-30
-31
-38
-38
-34
-33
-32
-37
-38
-34
-29
-28
-33
-32
-35
-34
-24
-24
-28
-27
-27
-22
-26
-34
-29
-31
-35
-32
-34
-29
-30
-29
-25
-28
-22
-18
-24
-28
-29
-26
-27
-21
-17
-14
-10
-12
-11
-11
-17
-21
-20
-23
-20
-26
-25
-29
-35
-31
-34
-31
-30
-35
-44
-42
-43
-48
-54
-55
-59
-65
-72
-65
-61
-66
-59
-59
-54
-61
-68
-66
-74
-73
-73
-81
-80
-78
-77
-73
-68
-62
-62
-60
-61
-58
-61
-61
-59
-59
-53
-56
-56
-47
-40
-41
-32
-35
-38
-34
-33
-25
-27
-15
-9
-10
-8
-2
4
12
18
15
19
24
27
33
39
40
39
47
47
46
45
44
45
44
41
42
40
41
39
35
37
32
26
26
31
28
33
38
37
41
40
34
33
32
30
27
23
24
31
35
36
40
40
38
40
39
35
32
29
32
33
26
27
26
30
35
35
41
41
43
43
41
36
30
25
19
12
11
7
11
14
14
23
24
19
19
23
26
25
23
30
35
34
37
35
39
41
37
40
39
40
38
36
37
43
36
29
27
21
20
26
25
27
31
29
27
25
18
9
10
5
5
4
9
15
7
6
8
13
10
12
19
18
20
16
13
13
14
14
17
18
24
33
36
33
30
22
21
18
16
20
16
22
25
31
34
34
37
43
48
50
46
43
38
36
35
30
27
28
28
34
36
36
39
33
36
27
22
18
12
5
3
4
2
4
5
6
10
10
6
5
-8
0
-3
-2
-2
-7
-12
-20
-16
-21
-21
-20
-19
-19
-21
-28
-34
-32
-32
-31
-27
-22
-21
-24
-27
-28
-32
-35
-29
-38
-41
-42
-56
-61
-62
-67
-69
-69
-66
-66
-60
-60
-64
-60
-65
-64
-69
-69
-71
-77
-74
-76
-68
-70
-67
-67
-65
-59
-61
-59
-56
-56
-60
-56
-56
-60
-58
-53
-45
-39
-36
-32
-31
-25
-19
-18
-12
-11
-8
-8
-11
-15
-17
-16
-16
-23
-18
-18
-15
-13
-14
-8
-16
-13
-13
-11
-10
-14
-11
-12
-10
-9
-12
-9
-8
-18
-17
-18
-21
-25
-26
-25
-26
-24
-29
-27
-30
-33
-36
-43
-41
-45
-43
-43
-38
-37
-33
-25
-23
-17
-11
-10
-8
-4
-7
-11
-5
-6
-6
-9
-11
-7
0
8
16
20
24
35
35
40
43
43
41
41
44
43
41
40
37
42
47
43
44
43
46
44
40
38
36
38
33
32
31
34
36
39
42
42
47
43
42
44
35
31
20
11
13
14
11
8
13
8
10
11
15
19
20
17
7
14
14
15
9
5
6
5
13
10
4
-3
3
5
-2
-3
5
6
14
22
22
21
16
24
24
24
25
24
33
32
33
35
37
31
29
30
29
36
44
40
40
42
41
42
40
39
43
48
51
53
55
58
59
69
66
68
69
68
72
69
69
62
63
62
55
58
58
55
54
56
56
56
51
54
51
46
46
41
40
35
34
30
29
26
29
25
21
24
25
24
20
17
9
5
0
-3
-6
-10
-12
-15
-22
-32
-35
-35
-39
-36
-37
-37
-37
-38
-42
-42
-39
-50
-52
-56
-66
-63
-66
-67
-60
-57
-51
-51
-46
-36
-38
-38
-31
-33
-27
-24
-21
-18
-20
-25
-19
-20
-24
-29
-32
-23
-18
-14
-19
-23
-23
-30
-24
-23
-24
-26
-22
-16
-11
-6
-11
-14
-17
-21
-26
-32
-41
-39
-35
-41
-44
-46
-45
-48
-57
-58
-56
-52
-53
-53
-53
-58
-63
-68
-64
-63
-64
-61
-57
-46
-41
-40
-42
-43
-41
-41
-43
-42
-41
-40
-46
-48
-45
-45
-43
-43
-35
-28
-19
-14
-3
1
0
1
-2
-4
-9
-11
-8
-7
-9
-4
-3
-7
-4
-3
-6
-5
-2
5
2
0
-5
-9
-7
-10
-11
-11
-15
-13
-10
-14
-13
-8
-7
-8
-11
-6
-14
-15
-17
-22
-27
-34
-29
-29
-34
-30
-27
-20
-18
-17
-19
-21
-13
-12
-11
-17
-16
-14
-13
-15
-16
-21
-21
-18
-23
-23
-23
-16
-9
-9
-2
6
9
9
9
20
20
25
29
26
28
28
27
24
30
30
34
40
45
50
52
52
52
62
61
61
61
57
62
63
56
59
61
66
64
65
71
72
66
59
62
62
55
51
45
38
37
33
28
28
25
21
27
25
23
24
22
19
20
22
18
14
16
15
21
19
12
19
17
17
15
13
13
15
13
10
12
12
19
22
25
28
26
31
32
31
33
38
33
34
30
29
25
25
29
26
30
23
25
29
27
21
14
14
14
15
21
27
30
28
27
25
23
24
19
13
13
13
3
4
3
-3
-6
-5
9
6
10
10
5
5
10
4
0
-1
-8
-4
-5
-1
-1
2
0
-2
1
5
7
-3
-1
-6
-11
-12
-18
-19
-17
-10
-9
-5
1
4
7
10
9
5
6
6
8
2
-1
-2
2
-1
2
-1
-5
-6
-5
-2
-7
-8
-16
-9
-11
-7
-7
-16
-7
-5
-3
-3
-4
-1
1
3
-2
-5
-2
-3
-6
-15
-16
-14
-8
-9
-15
-15
-11
-10
-9
-12
-14
-12
-19
-15
-16
-16
-12
-16
-20
-20
-22
-24
-25
-23
-23
-28
-28
-25
-33
-33
-32
-35
-37
-37
-31
-33
-35
-38
-38
-40
-45
-49
-57
-56
-58
-57
-53
-53
-50
-57
-56
-53
-58
-59
-58
-53
-49
-53
-51
-50
-49
-47
-44
-29
-20
-11
-1
-1
0
5
-4
-5
-9
-3
-2
-6
0
0
-1
1
-4
-5
-1
-4
-5
0
-2
-4
-6
-2
-9
-10
-10
-8
-8
-10
-7
-10
-9
-8
-6
-11
-13
-18
-17
-19
-21
-17
-14
-8
-12
-15
-16
-13
-5
-2
4
5
9
6
7
9
3
7
10
10
13
15
13
13
13
10
13
8
15
14
9
14
21
24
24
26
32
35
34
33
30
28
29
30
20
12
7
4
2
-3
-7
-5
-9
-10
-9
-10
-6
-16
-16
-20
-29
-29
-25
-26
-24
-22
-18
-19
-27
-27
-26
-30
-35
-40
-40
-35
-38
-46
-47
-44
-40
-33
-29
-12
-3
2
7
10
17
19
18
21
26
31
29
34
38
41
43
44
42
44
48
57
57
56
56
56
64
67
69
70
70
76
73
68
70
62
63
58
53
50
46
51
49
46
44
46
42
44
46
47
49
45
51
53
55
59
54
57
61
60
56
56
60
55
50
52
51
53
55
49
47
45
44
41
39
40
43
48
51
47
47
46
47
43
35
30
17
14
2
3
0
-4
6
8
6
2
0
-10
-7
-13
-21
-20
-21
-22
-31
-22
-18
-12
-7
-12
-11
-10
-4
-9
-12
-10
-9
-8
-10
-8
-10
-16
-13
-17
-13
-16
-12
-8
-13
-11
-8
-5
-10
-15
-18
-16
-16
-13
-14
-11
-16
-26
-35
-36
-30
-32
-38
-37
-36
-34
-28
-22
-17
-17
-21
-21
-17
-21
-19
-14
-15
-15
-24
-24
-29
-35
-42
-47
-41
-42
-38
-42
-42
-35
-34
-38
-44
-44
-41
-35
-32
-26
-21
-23
-25
-16
-20
-26
-21
-23
-21
-29
-32
-36
-43
-42
-44
-41
-40
-42
-46
-42
-36
-40
-42
-40
-37
-34
-31
-25
-25
-25
-35
-37
-34
-40
-44
-44
-51
-48
-47
-47
-52
-60
-59
-57
-52
-54
-52
-49
-49
-56
-63
-67
-68
-62
-56
-57
-54
-50
-47
-46
-50
-48
-43
-36
-29
-29
-25
-23
-24
-21
-19
-19
-11
-5
2
5
7
13
20
15
18
11
10
11
7
11
12
14
17
20
15
16
12
6
4
7
5
2
3
2
8
6
0
3
5
7
12
12
11
9
10
2
-9
-12
-14
-9
-10
-3
3
2
5
6
9
3
5
11
12
15
11
11
9
7
8
16
20
27
26
24
29
24
28
29
32
35
47
52
54
63
66
64
65
67
77
80
82
87
83
84
76
71
67
70
78
77
76
77
87
94
89
83
82
77
77
80
76
73
74
72
64
58
55
53
53
52
49
46
41
33
25
20
17
19
17
22
22
24
31
28
35
34
29
32
23
22
22
22
24
25
32
31
31
26
29
35
29
21
20
24
28
24
16
17
16
18
17
19
26
27
25
18
19
17
15
19
20
26
25
23
20
18
20
22
24
27
27
20
14
10
10
5
4
4
7
12
15
19
9
11
13
3
-2
-14
-22
-27
-29
-32
-32
-30
-29
-24
-24
-24
-24
-31
-30
-31
-42
-42
-40
-42
-42
-46
-51
-47
-48
-51
-51
-48
-54
-58
-57
-61
-66
-71
-69
-68
-72
-69
-70
-69
-62
-57
-59
-60
-62
-65
-66
-65
-68
-69
-66
-70
-68
-69
-64
-64
-64
-66
-69
-61
-62
-57
-54
-54
-53
-55
-46
-48
-50
-45
-46
-41
-38
-28
-32
-29
-22
-22
-18
-29
-26
-27
-27
-30
-29
-23
-28
-24
-27
-30
-25
-25
-31
-24
-20
-21
-19
-22
-21
-21
-26
-30
-28
-32
-36
-42
-52
-55
-55
-52
-56
-54
-49
-50
-45
-43
-47
-43
-50
-50
-52
-53
-49
-42
-38
-37
-31
-25
-23
-20
-20
-23
-15
-12
-7
-6
-2
1
3
1
-2
6
7
16
22
24
31
30
31
36
39
44
49
54
59
63
61
58
51
52
59
61
68
68
68
71
69
77
74
69
64
63
55
52
56
50
48
35
40
35
35
39
34
28
20
23
20
17
22
16
9
4
-3
-7
-10
-12
-5
-9
-3
2
-3
0
-2
-1
1
4
-2
-2
0
1
4
1
5
7
11
12
11
20
27
32
34
34
37
44
46
44
42
46
51
54
58
64
71
72
76
75
75
79
83
84
86
86
85
84
83
80
82
76
64
67
66
69
62
62
59
59
62
55
56
50
46
42
35
30
22
18
16
18
20
7
3
-6
-6
-10
-19
-17
-20
-20
-27
-27
-27
-27
-25
-30
-31
-32
-33
-33
-30
-20
-21
-21
-16
-12
-14
-21
-27
-25
-16
-12
-8
-1
6
3
4
10
1
5
6
3
2
5
9
13
17
16
15
14
19
18
14
14
6
1
-3
-13
-11
-14
-13
-16
-18
-15
-8
-5
-6
-10
-19
-23
-28
-31
-36
-42
-49
-53
-53
-53
-54
-58
-59
-58
-57
-66
-67
-68
-70
-67
-66
-58
-56
-57
-54
-53
-49
-54
-54
-52
-55
-54
-58
-54
-51
-50
-42
-46
-49
-48
-47
-45
-42
-34
-27
-30
-31
-33
-31
-25
-18
-11
-9
-2
6
9
7
4
6
8
20
17
13
10
5
0
-4
-6
-8
-9
-4
3
2
5
2
1
-1
-5
-5
-4
-6
-11
-11
-10
-11
-13
-17
-25
-27
-32
-34
-34
-31
-31
-31
-35
-36
-40
-44
-46
-44
-37
-36
-43
-44
-48
-51
-52
-58
-57
-59
-50
-43
-40
-40
-40
-41
-45
-41
-46
-42
-38
-33
-30
-31
-20
-15
-10
-1
-5
2
14
12
19
15
10
13
8
12
21
23
28
30
29
36
41
41
45
51
52
62
59
66
65
63
70
67
69
67
64
63
53
41
35
32
26
19
21
26
27
24
25
27
26
24
19
13
13
16
18
17
16
9
8
4
0
4
-3
-1
-1
0
-3
-2
-1
0
4
3
7
11
19
24
28
35
32
29
34
34
37
44
50
50
50
56
52
45
47
43
46
44
47
46
40
45
47
39
40
44
45
48
47
49
51
53
48
38
38
38
33
28
23
14
14
11
5
5
1
6
8
10
6
7
9
1
-3
-8
-13
-19
-23
-24
-26
-27
-28
-26
-31
-33
-29
-34
-38
-41
-37
-35
-42
-46
-44
-40
-37
-36
-33
-29
-21
-19
-21
-16
-16
-14
-12
-12
-5
-6
-6
0
3
3
-1
0
3
7
-1
-1
0
3
4
-4
-2
0
2
8
13
7
10
9
8
7
5
6
7
10
14
14
18
22
22
24
25
27
34
39
42
38
38
38
36
43
42
43
44
48
55
50
46
35
24
23
22
23
19
11
12
8
-1
-3
-5
-5
0
0
-2
0
1
4
-6
-17
-22
-22
-26
-29
-31
-35
-39
-40
-38
-42
-47
-44
-45
-41
-41
-45
-45
-46
-46
-48
-51
-48
-43
-38
-41
-45
-46
-56
-48
-47
-50
-48
-52
-46
-50
-52
-49
-53
-48
-43
-44
-47
-43
-41
-45
-40
-38
-41
-38
-35
-33
-33
-33
-36
-31
-25
-28
-28
-26
-18
-9
-3
-5
-5
-2
-9
-4
-4
-10
-10
-12
-5
-10
-1
1
0
4
2
-1
-6
-3
-8
-14
-14
-12
-14
-16
-23
-26
-25
-19
-18
-16
-12
-9
-4
0
-5
-11
-10
-4
-1
6
16
15
14
12
7
7
6
-3
-2
-1
3
5
5
10
7
10
12
16
15
18
25
23
15
4
0
1
-1
-11
-7
-4
-2
5
2
0
-5
-3
-1
1
5
3
3
5
0
-3
-1
-3
-8
-13
-12
-12
-14
-15
-11
-11
-13
-18
-25
-26
-27
-22
-22
-19
-19
-22
-19
-25
-28
-27
-23
-20
-20
-16
-5
-4
0
9
7
11
15
13
18
11
8
2
-5
-4
0
3
1
7
14
23
25
29
32
39
42
37
41
42
41
44
38
40
45
48
57
60
62
62
60
56
56
55
46
44
51
50
51
54
53
53
57
62
57
62
58
60
65
65
65
67
57
50
48
52
58
54
60
66
69
69
72
77
77
74
70
70
71
68
72
70
69
74
69
75
67
59
63
59
62
56
49
48
47
48
43
47
48
50
50
42
39
35
29
25
13
10
5
-1
3
2
2
2
4
6
1
-5
-12
-22
-26
-23
-26
-22
-21
-22
-23
-17
-14
-20
-15
-14
-16
-19
-18
-17
-19
-24
-29
-31
-26
-27
-34
-42
-49
-44
-46
-41
-43
-46
-50
-52
-49
-51
-49
-49
-48
-43
-40
-41
-42
-48
-49
-55
-57
-59
-68
-68
-66
-65
-62
-61
-66
-68
-63
-64
-66
-67
-70
-63
-62
-66
-65
-63
-59
-64
-58
-56
-57
-49
-50
-47
-52
-56
-62
-61
-59
-55
-44
-41
-37
-32
-28
-15
-7
-12
-6
-5
-6
-6
-13
-16
-17
-24
-24
-23
-22
-18
-22
-23
-25
-33
-33
-25
-25
-29
-26
-27
-28
-28
-31
-34
-35
-38
-41
-41
-44
-46
-47
-47
-46
-42
-43
-41
-37
-37
-32
-34
-32
-36
-38
-36
-46
-43
-37
-35
-27
-22
-19
-12
-9
-15
-18
-17
-23
-21
-22
-27
-26
-24
-27
-23
-14
-9
-6
-5
-1
2
4
6
4
1
1
6
6
11
17
22
24
21
25
26
26
21
20
16
18
20
22
19
22
25
28
34
38
41
43
51
49
44
35
43
36
32
41
34
40
36
34
30
29
24
24
28
23
29
27
29
32
29
33
39
35
29
30
32
36
38
31
27
26
28
29
27
25
35
36
38
40
41
46
43
46
46
47
52
53
58
66
66
71
73
72
65
64
59
58
54
43
48
45
45
47
52
55
59
64
65
65
66
64
63
75
72
71
65
59
63
61
67
66
68
67
69
69
65
61
56
52
47
43
38
34
39
38
37
42
36
32
24
18
16
10
2
-5
-7
-14
-20
-23
-35
-37
-32
-32
-26
-17
-17
-24
-23
-23
-25
-19
-19
-18
-22
-15
-16
-18
-26
-30
-27
-28
-23
-24
-25
-29
-30
-36
-34
-31
-35
-35
-33
-28
-30
-34
-35
-38
-37
-41
-42
-40
-41
-42
-43
-42
-43
-42
-46
-53
-53
-59
-54
-50
-52
-46
-41
-38
-40
-38
-32
-31
-28
-28
-26
-21
-16
-19
-25
-30
-30
-26
-26
-30
-28
-22
-19
-17
-17
-15
-18
-18
-20
-21
-20
-23
-26
-25
-22
-21
-21
-23
-23
-19
-20
-22
-27
-26
-29
-26
-26
-24
-24
-24
-20
-21
-22
-22
-22
-22
-21
-21
-16
-18
-16
-11
-10
-11
-12
-7
-8
-13
-9
-12
-8
-12
-16
-25
-27
-27
-27
-24
-24
-20
-20
-16
-14
-12
-11
-14
-13
-15
-15
-14
-19
-23
-27
-29
-33
-29
-22
-20
-14
-10
-8
-12
-20
-23
-25
-25
-24
-18
-11
-8
-6
-5
-9
-9
-7
-9
-4
-7
-9
-12
-16
-17
-22
-19
-22
-16
-12
-8
-10
-10
-3
0
5
9
7
6
6
6
13
11
13
14
4
6
9
14
10
10
14
19
25
23
24
30
38
35
36
37
33
39
38
37
40
41
38
39
37
37
39
42
39
34
38
34
25
24
25
25
21
23
25
22
29
28
26
25
23
22
22
19
13
12
10
9
12
9
7
6
11
17
24
27
24
22
20
22
24
25
26
28
28
30
35
33
31
31
32
31
29
26
28
24
21
22
25
26
23
27
25
18
23
22
29
31
27
29
29
34
29
27
18
17
19
21
22
26
27
31
36
28
33
37
39
41
44
44
45
46
38
36
39
42
36
37
41
38
37
27
20
19
16
18
27
30
28
19
18
15
12
11
2
-3
-8
-8
-3
-8
-10
-9
-2
-2
-1
-3
-5
-3
-6
-6
-11
-13
-9
-6
-11
-14
-11
-9
-3
5
9
6
5
4
-7
-14
-15
-11
-10
-13
-10
-16
-14
-15
-20
-20
-22
-19
-17
-13
-11
-15
-19
-16
-19
-20
-24
-24
-26
-21
-15
-21
-22
-26
-34
-33
-34
-35
-32
-33
-25
-23
-26
-26
-25
-30
-34
-33
-39
-42
-45
-41
-36
-32
-31
-41
-42
-51
-55
-51
-45
-42
-49
-53
-50
-55
-55
-57
-58
-48
-52
-49
-48
-46
-41
-44
-41
-45
-45
-43
-42
-42
-40
-40
-35
-28
-26
-20
-19
-20
-20
-19
-19
-16
-20
-26
-20
-20
-16
-13
-10
-10
-13
-17
-13
-13
-9
-8
-12
-15
-22
-25
-32
-33
-32
-21
-14
-16
-16
-20
-17
-14
-20
-20
-20
-17
-16
-18
-11
-12
-11
-8
-8
-5
-8
-4
-5
-13
-10
-5
-2
-2
-7
-10
-9
-10
-13
-10
-2
0
1
3
-3
-4
-11
-14
-15
-20
-21
-18
-7
-9
-6
-3
-9
-9
-16
-16
-16
-19
-13
-12
-10
-8
-7
-1
4
8
8
4
8
5
5
9
7
7
8
9
10
11
7
10
12
11
13
8
1
3
6
8
8
8
14
12
13
21
26
32
31
34
26
19
20
22
28
32
37
40
44
55
57
54
56
56
58
58
60
61
60
58
59
60
57
59
56
56
59
54
55
55
54
50
41
43
48
42
41
41
41
42
46
45
46
44
42
45
48
55
56
49
48
54
52
56
61
57
63
62
60
55
45
42
42
43
45
45
45
48
44
46
48
46
46
55
58
57
49
33
27
20
17
13
14
14
11
10
11
6
3
2
-5
-1
-4
-7
-16
-20
-23
-36
-39
-49
-47
-48
-47
-42
-44
-40
-38
-39
-41
-46
-44
-45
-49
-52
-51
-40
-35
-31
-29
-29
-26
-21
-20
-18
-18
-14
-11
-14
-12
-14
-14
-20
-27
-20
-17
-17
-8
-4
-6
-10
-6
-3
-2
2
3
9
10
-1
-6
-6
-6
-2
-6
-8
-10
-5
-4
-2
-6
-8
-11
-15
-12
-13
-19
-26
-30
-29
-29
-35
-35
-30
-34
-30
-27
-32
-38
-41
-43
-40
-45
-52
-55
-61
-60
-65
-61
-68
-64
-54
-55
-45
-44
-45
-48
-54
-52
-65
-70
-64
-72
-64
-58
-59
-53
-59
-54
-52
-48
-44
-42
-37
-35
-28
-26
-27
-27
-32
-28
-25
-17
-16
-20
-16
-17
-10
-13
-18
-20
-25
-27
-29
-19
-20
-23
-20
-21
-23
-25
-27
-28
-25
-20
-19
-18
-18
-19
-19
-19
-15
-13
-10
-10
-7
-8
-1
-3
-5
-14
-20
-12
-16
-14
-11
-8
-9
-8
-10
-11
-5
0
-1
0
5
7
8
12
15
12
12
18
20
14
14
13
17
12
10
15
16
27
33
38
43
45
51
45
45
43
43
42
40
40
44
50
50
48
48
50
46
49
52
55
52
45
43
39
40
38
42
48
51
52
52
47
42
40
31
32
38
41
37
36
38
33
24
21
23
30
34
30
31
34
33
25
18
17
17
15
18
26
28
32
34
32
32
34
25
23
18
12
15
11
7
7
12
11
13
16
11
15
15
15
23
23
30
26
29
35
33
30
31
30
29
24
22
22
23
23
27
33
32
36
36
39
41
41
42
45
48
47
45
40
41
43
41
45
43
45
40
38
37
41
41
32
27
29
27
27
30
28
30
25
20
20
24
27
21
26
25
17
16
16
10
5
-5
-10
-14
-21
-27
-35
-37
-41
-39
-37
-37
-39
-38
-34
-38
-39
-39
-32
-33
-34
-31
-32
-24
-26
-24
-21
-24
-26
-27
-27
-27
-27
-25
-25
-25
-27
-34
-37
-30
-33
-31
-24
-30
-30
-29
-29
-23
-19
-19
-15
-16
-24
-31
-35
-42
-50
-51
-51
-56
-51
-47
-50
-45
-37
-36
-39
-32
-31
-35
-33
-41
-39
-39
-43
-46
-49
-44
-48
-42
-46
-45
-41
-40
-42
-45
-40
-42
-38
-38
-38
-36
-36
-40
-40
-43
-43
-45
-42
-43
-43
-37
-36
-32
-35
-29
-28
-30
-34
-38
-43
-48
-50
-46
-38
-44
-33
-28
-22
-16
-14
-7
0
7
6
4
3
5
1
-2
-5
-2
2
-1
6
6
7
7
6
5
4
5
8
10
12
10
3
5
-3
1
2
-1
5
3
7
4
-1
-5
-4
-2
2
6
0
-7
-7
-6
-7
-8
-9
-15
-18
-17
-15
-15
-19
-21
-18
-12
-7
-11
-16
-21
-25
-26
-33
-34
-30
-35
-34
-32
-31
-27
-21
-14
-16
-8
3
6
14
19
21
28
33
37
41
44
46
48
53
51
57
61
58
61
66
69
70
73
74
81
80
88
84
80
79
76
80
78
78
75
72
65
65
62
56
52
46
39
39
35
30
38
41
33
29
23
12
12
10
5
11
12
8
14
14
11
6
-2
-4
-4
-5
-7
-2
2
5
2
4
6
10
10
11
18
14
10
11
16
20
22
21
23
15
20
21
24
27
24
24
17
12
4
8
6
-1
6
9
11
13
18
22
25
25
27
28
25
23
16
4
-1
-3
-7
-10
-15
-13
-7
-12
-8
-9
-9
-10
-18
-19
-18
-21
-18
-12
-13
-11
-9
-10
-12
-11
-14
-8
-10
-20
-25
-25
-20
-23
-15
-11
-6
-3
-4
-8
-12
-13
-12
-9
-13
-14
-12
-12
-14
-11
-14
-16
-16
-18
-17
-15
-12
-17
-22
-15
-18
-18
-10
-8
-5
-3
3
3
-4
1
1
4
11
8
7
13
20
12
12
11
10
4
-6
-4
-9
-9
-14
-20
-20
-14
-8
-10
-9
-5
-7
-3
-3
-2
0
-5
-15
-19
-26
-30
-29
-34
-34
-34
-34
-38
-39
-33
-33
-27
-25
-37
-43
-48
-50
-47
-50
-49
-54
-48
-42
-40
-40
-37
-33
-38
-38
-46
-49
-48
-48
-44
-45
-47
-48
-46
-50
-47
-43
-38
-30
-27
-24
-27
-24
-20
-23
-22
-20
-16
-14
-8
-10
-15
-11
-8
-15
-11
-2
-4
-1
1
-1
7
6
4
10
11
12
15
22
23
20
20
23
18
19
22
17
18
18
21
15
15
18
18
20
27
28
25
28
23
25
23
20
18
13
19
19
16
20
21
22
18
14
14
14
18
17
13
9
7
3
0
-1
-9
-7
-9
-6
-2
1
2
2
-3
-6
-10
-7
-4
-4
-7
-13
-14
-16
-14
-10
-3
3
8
9
8
10
11
17
17
15
29
22
17
21
22
28
31
32
35
34
33
37
41
36
31
31
31
27
29
40
39
40
39
48
50
47
48
43
42
44
45
44
37
35
30
18
14
11
14
14
14
16
18
16
18
17
14
11
3
5
9
10
7
10
14
13
10
12
11
14
11
17
23
24
35
34
40
43
43
45
45
47
47
47
47
51
51
50
52
50
50
54
52
49
45
41
37
32
33
36
41
35
31
33
29
27
23
17
14
11
11
15
14
6
9
4
3
7
9
9
5
4
1
-1
-4
-8
-15
-23
-19
-17
-16
-20
-24
-20
-26
-30
-31
-34
-43
-48
-50
-51
-53
-52
-55
-60
-60
-60
-58
-57
-55
-57
-59
-54
-51
-58
-61
-64
-67
-63
-67
-64
-62
-66
-70
-67
-63
-65
-58
-58
-54
-45
-49
-50
-48
-51
-52
-45
-42
-36
-35
-33
-29
-30
-27
-28
-20
-15
-13
-6
-2
1
0
2
6
5
5
9
13
17
24
23
25
26
23
27
25
22
29
27
25
22
16
12
5
-4
3
6
1
-3
-7
-4
-10
-12
-21
-20
-22
-26
-20
-27
-32
-43
-48
-50
-54
-58
-52
-56
-62
-57
-52
-48
-49
-47
-50
-49
-48
-51
-46
-46
-41
-39
-41
-42
-45
-35
-33
-28
-26
-21
-15
-19
-13
-16
-14
-13
-10
1
3
2
-3
-5
5
11
13
14
13
17
17
14
8
4
4
5
5
7
3
9
11
10
3
7
7
0
3
10
12
9
16
16
15
12
13
21
23
27
29
24
21
19
15
16
19
15
18
19
18
15
15
13
14
18
19
20
22
29
33
33
29
29
26
28
24
24
20
19
32
26
29
27
28
34
40
47
46
50
55
64
63
62
62
54
53
59
54
52
60
62
65
63
59
60
58
60
54
46
43
43
44
38
37
36
34
43
46
42
52
54
58
56
52
50
42
40
37
26
16
13
14
13
7
5
10
6
11
13
15
12
6
8
1
2
-1
-5
-5
-15
-21
-26
-27
-20
-18
-20
-15
-17
-16
-10
-14
-14
-14
-11
-9
-13
-9
-5
-2
3
6
6
8
8
8
15
18
16
18
17
13
15
16
18
14
9
8
12
18
13
14
12
11
14
13
15
14
13
14
14
10
6
3
-4
-9
-8
-12
-17
-26
-39
-40
-43
-48
-53
-54
-60
-56
-64
-69
-72
-75
-72
-69
-72
-79
-78
-75
-79
-83
-83
-86
-85
-91
-87
-85
-87
-81
-77
-78
-75
-66
-56
-47
-42
-43
-48
-43
-46
-42
-37
-34
-22
-13
-11
-7
-9
-9
-7
-3
-6
-3
-3
-8
-2
4
2
3
4
6
9
5
11
12
15
17
12
1
-1
-2
-2
-3
-7
-3
-2
-3
-10
-12
-8
-9
-13
-12
-12
-17
-19
-23
-26
-30
-32
-29
-34
-32
-35
-35
-32
-37
-35
-37
-32
-36
-42
-42
-47
-46
-49
-56
-51
-46
-44
-40
-35
-28
-23
-14
-7
-9
-7
-1
-1
2
2
-2
-2
-2
4
7
5
7
13
19
29
26
28
24
28
29
26
27
24
28
28
34
36
33
32
35
31
36
32
29
32
26
29
22
18
16
14
13
10
8
10
13
10
9
6
5
4
1
-2
-3
-4
-6
3
-7
2
4
-4
1
-3
-3
-3
-6
-4
-2
-2
2
4
14
16
20
30
35
41
46
50
52
51
53
57
53
47
50
58
62
64
68
69
74
77
69
69
73
70
67
74
67
61
72
80
85
88
83
79
73
71
73
65
63
57
55
55
49
42
35
33
35
36
39
39
34
30
22
16
16
13
17
19
21
22
26
22
23
23
18
16
14
6
6
3
-5
1
0
4
4
7
13
14
15
13
15
15
13
5
2
11
5
3
3
0
0
0
-1
-4
-5
-5
-6
-11
-6
-5
-2
-5
-7
-1
-7
1
0
3
7
4
-1
-6
-15
-16
-17
-21
-19
-19
-18
-23
-27
-25
-31
-33
-35
-35
-35
-30
-26
-31
-29
-30
-28
-24
-26
-23
-26
-30
-38
-46
-51
-52
-51
-46
-40
-39
-36
-33
-36
-33
-31
-34
-26
-23
-21
-29
-29
-33
-36
-33
-33
-27
-34
-40
-35
-34
-34
-44
-49
-50
-61
-57
-58
-52
-45
-47
-42
-42
-42
-45
-38
-40
-39
-34
-32
-31
-34
-29
-26
-29
-26
-18
-17
-23
-15
-9
-11
-2
-6
-3
3
-2
5
8
5
14
18
18
20
15
11
7
6
2
0
-3
-10
-15
-22
-25
-33
-33
-41
-45
-41
-42
-48
-53
-53
-52
-56
-57
-53
-55
-52
-53
-58
-62
-65
-61
-57
-57
-57
-60
-63
-61
-61
-57
-58
-61
-55
-49
-46
-51
-54
-50
-44
-44
-44
-38
-37
-34
-33
-26
-14
-8
3
4
9
11
13
18
21
21
26
26
25
31
38
47
46
49
46
48
55
53
57
61
59
55
54
54
47
42
40
40
38
39
44
43
38
33
24
18
27
27
31
30
33
37
28
36
35
30
30
23
23
18
15
9
15
15
10
14
17
19
21
26
32
31
37
39
38
36
40
43
46
54
48
48
53
57
57
59
67
65
61
59
55
46
48
50
56
68
70
70
74
76
73
71
67
66
69
71
69
70
70
69
63
60
58
53
52
57
54
47
43
33
28
21
21
18
21
17
8
6
6
7
5
1
-5
-11
-15
-15
-16
-26
-41
-39
-42
-45
-50
-51
-44
-42
-39
-42
-44
-48
-46
-44
-43
-46
-41
-35
-27
-18
-22
-16
-11
-7
-5
0
-3
-8
-8
-8
-7
-4
2
3
13
17
20
24
23
28
22
15
10
13
8
1
-2
-9
-6
-9
-12
-18
-17
-17
-14
-16
-21
-24
-22
-22
-26
-23
-22
-21
-24
-25
-28
-36
-35
-39
-44
-47
-53
-48
-42
-42
-48
-45
-44
-43
-40
-44
-42
-40
-40
-50
-57
-55
-57
-53
-52
-45
-40
-32
-26
-33
-33
-32
-35
-32
-31
-31
-32
-29
-33
-41
-38
-36
-19
-10
-11
-6
-8
-6
6
0
2
-2
1
4
10
16
8
8
7
8
11
13
12
10
9
10
15
6
2
0
-6
-4
-10
-11
-13
-16
-20
-22
-21
-20
-15
-17
-21
-19
-26
-36
-34
-30
-34
-39
-41
-52
-52
-54
-60
-58
-63
-59
-56
-54
-45
-34
-25
-18
-17
-17
-13
-12
-17
-19
-19
-24
-19
-16
-20
-20
-13
1
5
12
16
23
27
27
33
33
31
31
33
39
40
43
39
36
31
30
34
38
45
43
47
48
49
49
47
47
49
52
54
50
52
53
40
34
30
35
36
30
31
38
45
44
35
32
27
25
18
16
17
2
1
-3
7
1
-12
-6
5
12
17
14
12
8
4
8
3
-5
-10
-1
7
16
20
19
20
20
20
24
28
30
32
34
33
32
32
41
51
47
48
46
44
51
54
53
44
32
33
40
43
40
37
39
45
39
33
32
32
25
25
29
29
31
31
28
17
8
2
4
9
5
12
5
2
-2
-9
-8
-9
-5
-1
1
-4
-11
-13
-13
-11
-14
-22
-16
-20
-24
-18
-21
-18
-20
-22
-18
-14
-11
-13
-14
-13
-12
-7
-11
-7
2
3
8
8
10
11
14
20
19
16
13
15
9
5
7
9
6
6
2
1
3
5
8
5
1
-6
-12
-16
-20
-25
-26
-28
-34
-31
-33
-29
-29
-33
-30
-29
-28
-25
-22
-25
-33
-33
-33
-37
-35
-38
-43
-37
-34
-37
-29
-28
-29
-27
-26
-24
-29
-30
-33
-29
-26
-26
-19
-17
-18
-15
-19
-17
-17
-16
-12
-4
2
-4
-1
-6
-10
-3
8
9
14
13
11
15
15
22
22
24
19
19
13
12
15
8
2
-1
2
-1
-8
-6
-2
-5
-7
-15
-15
-18
-16
-21
-29
-33
-34
-38
-41
-41
-43
-40
-41
-41
-43
-47
-48
-51
-58
-62
-64
-59
-57
-57
-61
-63
-63
-66
-63
-62
-61
-59
-58
-47
-44
-51
-55
-52
-52
-48
-45
-44
-31
-29
-28
-33
-35
-28
-25
-26
-26
-25
-21
-20
-20
-16
-14
-15
-18
-10
-2
4
6
8
5
3
1
1
0
4
8
7
13
17
16
23
21
18
16
23
26
29
24
18
19
19
24
29
28
20
25
33
29
32
27
18
10
7
10
14
17
17
22
17
15
17
16
16
13
17
16
18
17
13
16
16
13
15
21
22
19
25
23
24
23
22
24
24
32
32
32
32
37
37
39
41
38
36
44
49
48
49
47
49
51
54
55
57
54
54
56
53
56
61
58
60
59
57
60
56
58
51
47
47
47
45
42
38
39
35
34
30
27
34
29
32
31
23
14
11
13
7
2
-6
-7
-11
-9
-10
-7
-1
3
-2
-8
-7
-6
-11
-8
-14
-17
-3
-11
-10
-10
-10
0
6
14
26
36
35
41
45
41
40
37
35
36
36
31
27
26
27
27
29
32
30
32
34
42
42
46
43
25
23
24
25
18
11
13
13
17
18
11
4
0
-1
-7
-4
-4
-7
-8
-11
-16
-21
-21
-25
-29
-30
-29
-28
-30
-33
-41
-48
-48
-47
-49
-52
-47
-45
-40
-44
-54
-53
-52
-48
-48
-55
-53
-53
-52
-46
-47
-43
-37
-40
-37
-38
-35
-32
-37
-36
-38
-33
-34
-34
-32
-27
-24
-21
-15
-19
-22
-16
-13
-10
-10
-8
-4
-9
-7
0
2
5
3
5
10
9
5
1
3
-3
-7
-10
-12
-11
-5
-7
-15
-15
-19
-20
-22
-19
-14
-16
-15
-16
-17
-22
-26
-22
-21
-17
-17
-17
-12
-12
-12
-10
-5
-4
-4
5
13
20
26
25
33
30
31
30
35
37
41
44
44
51
48
44
37
37
44
47
44
49
47
41
36
36
40
40
47
46
52
52
43
38
40
35
32
30
23
22
20
16
13
12
4
-4
-5
5
5
4
8
6
1
-4
-8
-5
-8
-15
-17
-16
-19
-19
-20
-20
-25
-25
-30
-31
-30
-34
-30
-29
-23
-31
-30
-26
-23
-22
-26
-24
-24
-29
-30
-17
-18
-11
-4
-3
-6
-6
-7
0
2
-6
-5
-9
-15
-15
-11
-15
-13
-11
-14
-12
-10
-3
-11
-11
-7
-5
5
7
10
10
17
29
33
32
29
25
27
22
19
16
13
19
20
22
25
26
25
29
27
30
30
24
16
6
13
8
-6
-11
-9
-7
-10
-9
-6
-15
-22
-32
-32
-32
-44
-38
-33
-41
-50
-49
-50
-34
-24
-23
-16
-21
-25
-23
-29
-31
-35
-34
-34
-37
-33
-32
-43
-38
-30
-33
-23
-16
-14
-12
-2
9
11
3
5
15
19
17
20
26
26
28
39
46
47
45
49
54
57
64
66
69
71
68
68
73
64
57
62
62
58
62
61
57
53
51
44
46
38
37
37
33
31
32
41
26
28
21
21
21
9
11
11
7
6
8
10
17
13
8
19
16
13
15
7
1
-6
-8
-1
0
2
-1
2
-2
-1
0
-6
-3
-8
-4
-6
-9
-3
4
7
8
5
6
4
5
0
-6
-5
-10
-11
-13
-19
-24
-24
-29
-33
-39
-42
-49
-53
-57
-53
-54
-57
-56
-58
-50
-59
-59
-50
-47
-46
-49
-47
-48
-49
-59
-59
-52
-54
-54
-48
-45
-48
-50
-53
-48
-41
-41
-43
-48
-58
-53
-54
-53
-55
-62
-59
-60
-58
-57
-57
-59
-60
-56
-58
-59
-57
-54
-50
-51
-51
-47
-46
-40
-34
-38
-45
-45
-43
-38
-35
-32
-30
-27
-27
-19
-20
-16
-16
-20
-11
-10
-13
-19
-16
-17
-17
-17
-17
-17
-17
-20
-19
-21
-25
-23
-24
-33
-35
-33
-43
-42
-40
-37
-40
-41
-46
-40
-38
-39
-36
-37
-41
-53
-57
-66
-69
-68
-69
-68
-65
-63
-62
-58
-59
-66
-67
-68
-72
-73
-71
-67
-64
-65
-65
-63
-64
-58
-55
-54
-41
-35
-31
-32
-33
-25
-21
-14
-6
1
5
10
13
16
24
30
46
57
70
81
92
95
96
107
106
109
117
124
132
131
132
135
136
143
144
145
142
144
146
141
138
139
139
136
131
132
124
128
124
114
111
107
116
113
108
111
104
93
99
95
84
80
74
65
55
55
54
53
46
47
54
52
50
51
51
39
37
33
33
30
14
4
2
2
-7
-8
-3
-1
-1
-6
-10
-11
-12
-10
-11
-12
-22
-27
-23
-27
-23
-16
-18
-22
-13
-8
-3
10
13
14
15
11
10
16
19
17
19
21
23
20
18
23
22
20
21
24
25
32
46
49
48
41
37
43
37
39
32
30
19
17
17
16
18
15
13
8
7
12
14
11
8
0
0
-4
-8
-13
-21
-23
-25
-25
-22
-26
-26
-28
-23
-21
-20
-22
-19
-17
-23
-24
-31
-27
-25
-29
-35
-37
-39
-44
-42
-44
-45
-39
-35
-30
-32
-42
-45
-50
-52
-56
-57
-50
-53
-60
-53
-51
-45
-39
-36
-33
-42
-46
-44
-32
-23
-22
-27
-29
-25
-25
-21
-25
-28
-28
-28
-21
-21
-26
-25
-28
-22
-25
-29
-33
-40
-34
-38
-36
-30
-34
-26
-23
-23
-21
-22
-16
-25
-32
-29
-26
-28
-33
-33
-34
-45
-40
-35
-32
-30
-40
-33
-31
-41
-45
-49
-54
-61
-68
-74
-73
-67
-62
-61
-62
-65
-70
-63
-68
-73
-70
-70
-61
-60
-66
-67
-72
-70
-64
-58
-56
-56
-45
-37
-41
-38
-33
-34
-27
-27
-20
-14
-8
-2
-3
-7
-5
4
8
14
19
25
30
29
31
33
33
40
45
47
51
56
59
55
57
65
63
58
56
57
60
54
58
61
64
63
63
74
76
78
89
95
90
89
85
87
88
82
75
68
68
66
65
65
65
68
65
59
60
58
65
68
66
59
53
55
44
30
28
34
38
34
24
27
23
26
27
25
29
23
18
17
22
19
14
19
17
24
36
38
40
39
41
42
39
36
40
42
43
41
36
41
36
36
31
23
25
24
22
17
12
12
19
16
11
8
15
22
22
16
13
8
4
6
-2
-9
-10
-11
-3
-9
-16
-12
-12
-21
-19
-10
-2
0
-9
-12
-11
-6
4
1
-10
-8
1
8
17
13
5
5
3
-4
-6
-14
-20
-23
-28
-28
-31
-27
-32
-32
-33
-31
-16
-10
-13
-15
-18
-22
-23
-22
-19
-21
-25
-24
-19
-26
-25
-19
-11
-4
-11
-19
-19
-11
-8
-4
-8
-14
-20
-16
-10
-14
-13
-6
-7
-13
-10
-13
-15
-16
-14
-18
-27
-25
-24
-24
-28
-32
-34
-37
-34
-33
-23
-26
-32
-31
-37
-31
-28
-31
-33
-31
-35
-32
-32
-33
-37
-42
-45
-53
-52
-52
-55
-59
-52
-50
-56
-56
-58
-58
-57
-59
-56
-57
-55
-50
-41
-40
-44
-39
-37
-30
-22
-22
-21
-12
-7
-3
-12
-11
-5
-9
-4
5
15
14
12
23
24
31
35
31
26
19
23
26
19
14
12
6
13
21
21
21
12
5
5
13
12
4
1
-2
4
-1
-12
-11
-16
-14
-18
-26
-30
-33
-38
-45
-48
-50
-44
-41
-51
-56
-46
-39
-39
-40
-47
-42
-33
-34
-31
-27
-23
-24
-18
-9
-1
-3
-6
-6
2
-2
-3
5
11
12
12
23
32
30
37
46
43
45
41
39
34
31
25
30
36
30
24
22
26
22
22
22
22
20
19
28
35
31
29
29
21
19
12
13
16
9
6
11
9
5
7
4
6
8
8
8
-2
-1
-5
-5
-3
-4
1
-1
10
8
4
3
2
5
1
1
1
10
5
-4
0
-1
2
-2
-5
-2
8
10
9
9
3
-2
-1
-3
-3
-5
0
2
1
4
9
14
12
12
16
17
15
7
9
10
6
12
9
12
15
13
23
26
24
23
29
26
20
22
22
22
13
12
24
29
30
29
34
35
41
42
37
42
42
42
37
35
30
34
32
33
32
26
25
24
22
20
14
10
19
15
9
5
9
12
18
19
23
28
28
24
17
19
15
12
11
3
7
10
18
20
12
13
9
15
27
29
25
24
14
11
9
4
-1
-8
-7
-5
-1
8
8
11
12
2
4
5
7
8
14
2
-6
3
-1
2
-2
-2
-2
-11
-19
-20
-18
-16
-17
-28
-31
-29
-31
-32
-29
-18
-12
-12
-17
-13
-10
-11
-17
-17
-17
-18
-12
-7
-9
-17
-10
-3
7
14
7
3
7
-1
-3
1
4
15
17
14
19
21
27
30
29
35
36
38
39
35
36
38
34
41
38
27
29
32
29
22
23
23
21
19
24
18
17
16
14
18
12
10
3
6
9
9
13
7
5
1
6
6
-7
-19
-25
-22
-23
-19
-20
-20
-27
-37
-37
-36
-35
-43
-42
-49
-51
-49
-49
-40
-46
-55
-51
-47
-42
-35
-39
-46
-47
-51
-56
-59
-59
-51
-45
-43
-42
-50
-46
-42
-38
-42
-40
-40
-41
-37
-36
-49
-51
-47
-53
-56
-57
-42
-41
-42
-36
-29
-23
-23
-23
-32
-31
-35
-31
-26
-31
-35
-40
-37
-43
-42
-35
-31
-29
-25
-19
-13
-12
-19
-20
-18
-13
-14
-7
-10
-17
-6
0
5
6
12
24
25
27
28
29
31
29
27
28
29
31
36
44
45
46
48
49
49
47
40
39
41
42
49
40
32
33
29
25
35
40
37
44
38
34
22
11
24
14
12
18
15
14
7
4
9
8
13
11
15
12
13
17
14
20
18
20
25
26
32
39
36
40
41
33
30
29
19
24
40
41
45
43
38
40
39
46
40
42
45
43
46
45
47
43
43
39
45
54
55
59
54
52
44
32
36
36
33
33
24
19
18
10
4
4
10
1
7
15
22
27
21
9
1
9
7
3
9
11
4
3
4
0
4
6
8
15
16
17
23
21
23
25
26
34
34
30
29
33
33
33
30
27
31
32
37
38
44
46
45
48
48
45
42
36
42
47
39
40
34
30
20
8
6
12
13
9
10
3
5
3
-1
4
-3
-14
-23
-29
-33
-33
-41
-46
-51
-65
-59
-62
-70
-61
-61
-60
-57
-63
-64
-62
-65
-65
-61
-69
-73
-76
-77
-79
-87
-84
-74
-71
-72
-78
-77
-75
-76
-81
-78
-81
-84
-79
-80
-79
-79
-79
-70
-74
-76
-70
-79
-83
-83
-83
-90
-95
-87
-87
-85
-83
-80
-84
-88
-92
-96
-92
-91
-93
-96
-94
-100
-94
-96
-108
-107
-110
-106
-99
-99
-105
-104
-99
-99
-100
-100
-95
-91
-79
-71
-61
-62
-59
-53
-45
-36
-37
-37
-35
-34
-28
-25
-28
-16
-9
-8
0
3
2
7
7
10
18
17
12
8
3
-3
0
8
9
13
17
21
27
31
33
29
25
22
20
21
24
22
25
28
24
30
37
45
49
54
57
58
56
55
55
48
51
53
52
48
47
46
49
48
40
38
35
29
28
27
22
18
17
21
20
17
15
12
7
16
20
21
17
14
13
11
16
22
25
19
21
21
22
27
31
25
28
36
38
41
39
40
41
37
46
56
57
62
63
65
65
62
68
79
84
91
89
95
103
107
111
112
116
116
123
120
116
118
121
121
119
119
122
123
118
121
122
123
117
109
104
97
97
93
93
81
76
73
75
79
69
61
62
58
47
45
40
31
26
23
14
15
11
4
1
-8
-10
-16
-26
-30
-31
-35
-38
-39
-44
-41
-49
-47
-44
-40
-41
-38
-32
-36
-37
-38
-35
-44
-51
-47
-41
-41
-32
-25
-18
-17
-22
-19
-15
-13
-14
-11
-13
-9
-6
-13
-14
-15
-5
-6
-8
-5
-13
-12
-16
-21
-23
-21
-25
-26
-29
-33
-37
-48
-47
-46
-39
-37
-36
-29
-28
-30
-31
-37
-36
-38
-51
-49
-51
-54
-49
-47
-50
-49
-52
-53
-45
-43
-37
-40
-37
-34
-36
-38
-43
-47
-50
-49
-53
-58
-57
-54
-53
-55
-55
-64
-64
-59
-60
-60
-54
-51
-54
-52
-54
-61
-65
-67
-70
-64
-59
-60
-62
-60
-61
-58
-63
-56
-50
-54
-49
-54
-53
-46
-48
-51
-48
-42
-42
-39
-38
-36
-26
-24
-27
-30
-24
-22
-22
-21
-22
-16
-14
-12
-18
-16
-11
-12
-4
-3
1
-5
-8
-3
-1
-5
-6
1
-1
-1
-2
9
1
-2
4
11
19
21
23
24
31
25
21
18
17
16
19
29
31
26
30
41
46
53
52
56
60
61
55
58
54
52
53
46
44
48
56
49
51
51
51
57
55
52
45
41
38
30
28
26
18
12
13
8
5
9
13
11
10
8
7
3
-2
-5
-8
-12
-11
-11
-12
-9
-10
-1
0
-3
-3
-9
-8
-11
-13
-7
-3
2
5
9
12
15
19
25
26
21
25
23
30
34
33
39
44
48
56
61
64
67
71
81
89
91
93
93
87
81
74
75
80
80
86
82
87
84
81
84
84
86
81
86
87
90
92
91
89
84
88
88
91
84
77
69
64
66
70
64
63
59
49
46
48
49
43
44
38
34
32
25
22
19
17
19
16
18
21
16
13
3
-5
-10
-14
-25
-33
-30
-32
-37
-37
-32
-35
-36
-36
-32
-30
-36
-43
-45
-53
-63
-70
-73
-72
-72
-71
-71
-69
-69
-63
-57
-59
-63
-63
-56
-55
-58
-66
-63
-60
-62
-61
-63
-56
-56
-52
-47
-46
-49
-54
-47
-47
-40
-37
-39
-33
-38
-41
-46
-53
-55
-57
-61
-57
-50
-54
-57
-56
-59
-60
-57
-54
-59
-56
-48
-46
-50
-58
-58
-61
-60
-55
-57
-54
-38
-38
-45
-37
-31
-21
-13
-19
-17
-19
-22
-19
-14
-13
-19
-14
-4
1
7
6
-4
-7
-7
-5
-7
-12
-4
-6
-8
-1
2
7
2
-1
-5
-12
-13
-15
-15
-16
-23
-35
-28
-31
-32
-34
-31
-22
-25
-22
-27
-34
-39
-38
-37
-31
-23
-19
-16
-17
-11
-13
-18
-18
-25
-29
-29
-30
-41
-43
-35
-36
-36
-39
-30
-30
-30
-21
-20
-21
-21
-19
-20
-23
-24
-21
-16
-19
-18
-17
-16
-13
-10
-7
-2
0
2
6
-1
-4
-6
-4
8
-1
-2
2
3
5
4
3
3
7
5
4
-1
1
-2
3
9
7
1
-7
-9
-11
-6
4
0
1
-1
-9
-6
1
4
10
11
10
16
19
23
23
23
17
19
21
22
28
31
35
41
45
50
50
49
56
55
56
55
55
52
51
56
64
71
77
78
75
72
70
67
61
58
55
52
53
52
52
55
57
54
52
54
53
52
48
49
44
37
33
31
28
21
20
18
18
16
22
28
26
25
26
19
13
7
5
5
6
10
8
13
13
10
10
11
12
5
4
7
2
0
-3
3
10
9
11
10
10
13
11
8
8
0
3
-4
-6
-10
-12
2
8
18
19
21
25
31
30
31
27
27
27
26
29
29
29
24
30
35
43
38
40
38
37
32
30
38
33
35
33
35
33
32
29
24
28
29
30
28
24
18
6
6
9
14
11
8
9
10
5
0
-3
-1
2
-5
-7
-8
-12
-13
-6
-11
-21
-26
-22
-28
-35
-31
-32
-35
-33
-36
-38
-36
-35
-35
-33
-36
-41
-49
-51
-48
-62
-60
-67
-68
-59
-62
-61
-67
-71
-73
-72
-70
-73
-72
-72
-70
-73
-75
-75
-74
-70
-69
-72
-74
-71
-70
-64
-64
-60
-59
-60
-56
-56
-50
-45
-34
-29
-34
-33
-28
-25
-24
-26
-26
-22
-20
-20
-25
-27
-25
-26
-17
-9
-2
10
3
9
20
19
25
27
25
25
27
30
32
31
38
44
40
48
53
50
58
59
60
64
69
71
76
80
71
71
67
64
57
61
56
54
59
49
49
48
48
49
53
47
45
40
35
35
26
17
9
1
-2
-6
-22
-25
-21
-20
-20
-28
-31
-28
-28
-31
-28
-27
-26
-18
-24
-29
-29
-34
-39
-38
-38
-36
-40
-44
-48
-50
-51
-60
-62
-64
-61
-63
-67
-68
-70
-65
-66
-59
-57
-54
-49
-45
-42
-41
-38
-32
-31
-34
-28
-24
-18
-8
-3
4
9
17
25
22
27
32
40
45
44
48
53
51
52
52
48
53
55
61
64
66
70
75
75
75
73
73
74
63
61
62
52
50
45
47
44
48
54
50
59
54
55
55
59
51
50
49
44
47
43
36
33
33
28
29
28
36
29
29
33
32
26
20
16
13
10
7
9
6
14
17
15
9
7
16
11
4
-4
-7
-3
-3
-8
-4
0
-7
-4
-4
0
1
-2
4
2
5
8
2
2
1
5
5
11
13
14
18
23
28
29
18
20
22
25
26
22
25
23
25
22
19
20
17
