-19
-36
-30
-25
-29
-29
-27
-27
-27
-24
-23
-20
-15
-16
-21
-18
-19
-12
-10
-8
-6
-7
-6
-13
-12
-13
-15
-13
-13
-20
-19
-17
-16
-12
-11
-8
-5
-6
-6
-6
-3
-5
-18
-23
-22
-30
-26
-22
-28
-28
-35
-39
-34
-32
-30
-25
-25
-25
-20
-18
-20
-23
-15
-16
-11
-7
-7
-5
-9
-11
-15
-14
-16
-14
-11
-15
-16
-15
-13
-15
-17
-15
-17
-11
-9
-8
-4
-3
-6
-15
-13
-16
-13
-6
-8
-4
-8
0
-4
-11
-12
-17
-16
-15
-13
-13
-16
-15
-17
-20
-17
-22
-25
-26
-26
-18
-18
-21
-19
-21
-17
-24
-26
-29
-34
-36
-34
-30
-36
-36
-32
-35
-41
-34
-30
-28
-29
-29
-32
-26
-22
-19
-14
-14
-13
-11
-7
-8
-6
-7
-10
-6
-4
-1
6
8
11
7
7
18
14
16
21
16
16
17
18
24
15
12
15
8
-4
-2
2
1
1
-4
-5
-3
1
7
10
9
10
9
10
10
12
14
19
14
10
11
7
8
16
16
14
13
8
11
11
6
6
9
16
17
25
25
33
29
28
34
30
33
36
29
26
29
18
21
17
17
22
25
33
33
35
37
35
30
22
16
19
16
24
28
28
31
26
24
22
31
31
36
41
29
26
21
24
25
24
29
35
37
39
47
45
41
46
47
45
47
44
44
41
43
48
51
49
42
40
38
43
41
35
32
31
27
27
29
30
39
36
38
33
31
26
18
13
8
12
8
7
4
4
-2
-5
-9
-17
-16
-18
-20
-20
-20
-17
-16
-12
-14
-10
1
7
16
11
10
9
10
11
7
6
2
1
-1
0
8
6
9
8
11
17
15
10
7
5
5
3
-4
-8
-14
-13
-10
-1
1
-4
-3
-6
-9
-11
-10
-18
-22
-23
-25
-26
-30
-25
-26
-21
-17
-10
-10
-17
-23
-27
-22
-23
-20
-24
-26
-26
-32
-29
-24
-24
-19
-14
-12
-10
-14
-6
-9
-9
-7
-11
-11
-11
-15
-14
-9
-11
-9
-13
-11
-11
-12
-10
-14
-10
-3
-8
-11
-20
-18
-21
-24
-20
-25
-27
-24
-27
-32
-33
-43
-45
-47
-52
-50
-55
-53
-47
-54
-53
-50
-49
-47
-53
-54
-49
-53
-53
-50
-53
-50
-53
-49
-48
-52
-45
-46
-40
-35
-37
-42
-40
-37
-35
-29
-24
-21
-17
-14
-19
-16
-17
-12
-6
-7
-1
4
5
13
13
16
15
16
15
6
16
11
10
16
18
24
23
25
17
16
19
19
23
15
12
5
-2
-6
-2
-2
3
11
9
5
9
7
5
12
16
11
9
8
3
2
0
2
7
7
13
11
12
17
18
24
16
17
18
15
19
17
21
18
21
31
27
29
26
17
14
11
12
14
16
15
13
13
17
20
23
21
22
24
18
9
3
3
6
6
7
10
19
24
27
24
19
17
16
12
12
19
12
14
18
13
9
10
13
6
2
-1
-8
-8
-3
-9
-11
-19
-14
-10
-12
-10
-4
8
9
10
10
10
10
8
14
13
11
10
7
7
11
18
23
28
26
29
36
44
47
46
48
39
41
46
45
55
58
58
65
60
57
56
48
53
56
55
59
60
56
50
50
42
38
34
26
21
20
12
11
14
16
20
14
8
18
20
15
17
6
3
6
4
3
6
2
-4
2
-5
-6
-10
-18
-21
-22
-18
-22
-19
-25
-27
-27
-25
-31
-38
-42
-45
-45
-46
-48
-45
-45
-46
-44
-42
-39
-39
-38
-36
-36
-41
-38
-38
-33
-24
-23
-22
-20
-16
-14
-12
-10
-1
8
16
18
23
21
17
15
13
18
20
20
15
17
19
17
15
3
4
3
-1
10
1
-2
-7
-8
-7
-15
-22
-25
-23
-27
-22
-20
-25
-30
-33
-33
-32
-36
-39
-41
-43
-43
-44
-43
-45
-46
-42
-44
-41
-35
-35
-30
-33
-33
-33
-43
-44
-46
-48
-49
-43
-45
-49
-46
-47
-46
-46
-44
-35
-37
-40
-38
-39
-37
-36
-33
-26
-25
-27
-22
-26
-24
-28
-24
-16
-18
-17
-9
-5
-6
-3
-2
3
4
15
15
12
14
13
18
16
15
12
13
17
22
22
24
22
23
23
21
14
7
3
-1
-1
-2
-10
-13
-12
-15
-17
-18
-23
-22
-19
-20
-18
-13
-18
-16
-15
-16
-14
-18
-19
-23
-27
-30
-25
-18
-15
-13
-5
-6
3
6
-3
1
9
10
5
12
15
16
16
10
13
10
11
14
15
20
26
31
33
33
30
29
35
37
33
33
29
25
21
20
24
24
26
22
25
31
28
24
17
14
14
18
26
29
24
28
27
15
23
21
12
13
11
12
17
17
19
13
9
4
-7
-6
-5
-1
0
-3
-2
-1
-5
0
2
2
4
12
14
21
23
17
14
-1
-9
-16
-18
-8
-2
-1
5
5
3
8
11
11
8
16
18
17
16
10
12
5
6
2
6
10
7
11
13
18
22
26
16
15
12
10
14
11
4
1
6
4
3
11
16
21
29
23
30
31
29
26
27
32
33
32
29
29
30
32
30
27
28
31
21
26
22
25
29
22
26
19
12
7
-1
7
20
27
27
23
18
18
22
15
16
15
11
5
8
12
11
10
11
16
20
24
28
33
29
33
32
34
32
24
20
22
21
17
21
21
23
18
24
26
27
27
24
27
22
23
20
16
15
5
4
6
5
3
-1
2
1
-1
-9
-4
-4
-12
-5
-8
-13
-19
-21
-26
-28
-27
-25
-23
-15
-12
-7
-1
5
7
7
8
-2
7
5
10
21
20
18
20
21
19
17
19
22
25
26
22
23
26
23
22
30
26
16
17
14
10
8
7
5
6
7
5
4
0
-10
-18
-24
-22
-26
-35
-34
-38
-40
-36
-40
-39
-49
-52
-62
-63
-58
-62
-55
-58
-57
-61
-63
-64
-69
-75
-70
-64
-70
-68
-69
-75
-75
-68
-63
-57
-59
-60
-66
-64
-59
-65
-60
-57
-60
-53
-45
-46
-43
-45
-47
-46
-41
-38
-39
-34
-27
-24
-22
-16
-20
-26
-27
-24
-18
-16
-12
-12
-13
-12
-20
-17
-11
-6
-3
-4
-2
-6
-12
-10
-19
-13
-12
-11
-9
-11
-9
-16
-16
-14
-18
-19
-16
-17
-12
-7
-12
-9
-11
-9
-7
-9
-13
-15
-17
-16
-25
-24
-19
-21
-9
-6
-1
-2
-1
-6
-9
-13
-19
-19
-26
-19
-17
-9
-3
-8
-6
-5
-7
-5
-9
-15
-12
-7
-11
-14
-14
-15
-13
-12
-13
-4
1
3
8
10
11
8
9
6
5
4
9
7
16
23
30
40
42
50
43
41
43
40
36
34
44
41
42
43
36
38
34
28
28
28
27
23
21
25
30
34
39
35
33
29
23
23
27
32
31
36
31
35
34
31
22
17
18
21
24
21
24
18
22
26
25
25
28
32
27
35
32
33
38
31
33
36
36
34
34
27
27
24
23
27
24
30
37
42
45
50
49
54
55
59
60
59
52
46
46
45
45
48
54
53
62
61
56
53
51
47
39
36
43
40
44
38
31
35
28
23
14
12
14
9
10
6
0
0
-1
-5
-16
-23
-30
-38
-39
-38
-40
-47
-51
-52
-50
-43
-42
-49
-52
-51
-48
-54
-59
-54
-50
-52
-48
-44
-48
-46
-51
-45
-39
-38
-31
-32
-33
-29
-29
-24
-27
-30
-28
-23
-20
-20
-17
-17
-22
-25
-25
-21
-19
-17
-15
-7
-8
-11
-9
-15
-14
-17
-17
-11
-7
-4
-4
-7
-13
-18
-18
-15
-14
-18
-13
-20
-31
-33
-31
-35
-31
-24
-21
-20
-21
-17
-17
-22
-27
-28
-30
-34
-38
-42
-46
-46
-51
-48
-48
-53
-52
-50
-45
-44
-35
-35
-32
-26
-28
-25
-15
-14
-15
-12
-10
-7
-8
-6
-1
-13
-6
-8
-9
-3
-4
-7
-10
-8
-11
-9
-9
0
0
0
-3
-6
-7
-4
1
3
-1
1
4
1
4
-1
0
5
13
11
6
7
6
7
4
9
3
1
4
2
11
11
13
9
8
15
10
17
14
14
13
13
10
2
3
-2
-2
4
7
0
2
15
9
12
12
7
9
4
2
10
7
2
7
3
9
15
9
7
7
6
8
16
21
31
37
35
39
35
40
41
38
39
40
38
37
41
37
39
36
37
42
48
48
49
51
48
51
46
43
38
40
42
38
31
25
26
31
31
27
20
20
17
11
14
8
11
9
3
2
-12
-11
-14
-13
-9
-9
-5
-16
-23
-23
-18
-22
-26
-21
-25
-24
-24
-24
-21
-23
-25
-25
-21
-25
-22
-21
-16
-19
-19
-18
-19
-21
-20
-15
-14
-7
-8
-10
-8
-7
2
5
11
16
20
20
16
24
23
25
31
29
38
44
49
51
48
53
53
52
55
57
56
59
60
61
64
65
62
59
61
53
53
48
41
37
26
25
30
34
30
24
24
20
20
21
20
15
7
-3
-9
-9
-19
-20
-20
-24
-23
-22
-24
-28
-35
-35
-33
-34
-30
-34
-37
-42
-43
-30
-28
-26
-29
-24
-26
-27
-24
-28
-28
-29
-28
-34
-25
-16
-13
-7
-2
0
1
0
-4
-7
-6
-8
-11
-16
-21
-17
-12
-7
-2
-1
1
9
9
13
0
-4
-7
-11
-11
-16
-13
-17
-21
-16
-16
-21
-15
-18
-21
-19
-20
-15
-19
-24
-19
-20
-16
-19
-24
-14
-12
-13
-15
-7
-6
-9
-8
-14
-19
-25
-29
-27
-25
-25
-26
-14
-18
-14
-12
-14
-9
-9
-8
-9
-3
-3
2
7
-2
-1
6
12
18
19
19
18
19
27
20
18
16
15
24
17
14
9
8
7
6
10
5
10
13
12
11
6
6
-1
-1
-5
-6
-8
-8
-3
-6
-13
-13
-19
-23
-32
-40
-30
-36
-35
-37
-35
-36
-39
-37
-36
-25
-15
-11
-19
-20
-27
-31
-29
-30
-27
-33
-35
-30
-27
-26
-33
-31
-23
-21
-23
-24
-21
-24
-24
-27
-30
-33
-32
-31
-32
-33
-34
-32
-31
-33
-36
-35
-33
-25
-18
-16
-11
-12
-18
-21
-21
-10
-4
1
5
1
-2
-3
4
1
3
12
14
10
11
17
22
24
25
29
33
35
37
27
28
38
30
34
34
26
21
23
30
32
31
26
29
25
36
44
32
30
22
16
20
26
15
19
17
16
25
17
26
28
27
35
42
32
34
32
33
40
29
31
21
17
19
25
33
26
23
15
10
17
15
17
17
17
22
26
28
26
27
24
23
22
24
24
11
11
16
9
8
11
11
24
27
27
34
37
30
29
30
12
9
11
15
15
19
21
18
14
10
10
6
11
17
17
27
28
13
13
10
5
2
-2
-10
-12
-8
-2
-7
-20
-13
-6
-3
0
-7
-2
5
2
0
1
-11
-20
-22
-22
-12
-21
-20
-21
-27
-26
-19
-9
-9
-9
-7
-13
-11
-21
-25
-22
-26
-15
-14
-13
-6
-6
-2
3
-3
-7
-8
-5
-4
2
8
2
-8
-11
-13
-14
-5
0
-6
-7
-4
1
-3
-8
-14
-17
-9
-6
-5
-7
-7
-6
6
10
-4
-6
-6
-7
2
4
5
-1
0
-3
-9
-1
-9
-9
-13
-10
-7
-14
-13
-20
-16
-15
-14
-13
-10
-5
-15
-13
-9
-19
-20
-22
-24
-22
-28
-31
-25
-28
-30
-32
-35
-31
-27
-26
-18
-12
-15
-18
-22
-17
-16
-22
-15
-20
-26
-22
-24
-24
-18
-23
-33
-31
-27
-33
-26
-33
-37
-35
-42
-36
-42
-47
-43
-42
-35
-37
-34
-30
-30
-25
-21
-23
-29
-24
-24
-27
-11
-13
-12
-10
-11
-8
-23
-27
-23
-22
-15
-10
-16
-18
-14
-14
-16
-10
-13
-15
-11
-12
-17
-19
-21
-16
-13
-5
5
-2
-7
-7
0
7
5
12
15
7
-1
-5
-7
-1
4
7
9
12
23
29
25
28
29
27
29
32
26
27
26
31
34
41
42
34
40
39
45
51
51
52
54
56
55
55
59
60
59
52
49
50
54
54
48
53
57
53
50
43
39
41
48
46
36
35
34
32
32
25
23
17
18
26
20
23
24
18
16
18
19
20
21
16
9
8
7
6
1
-3
0
3
11
15
12
7
4
10
15
8
4
-2
-5
-6
-5
-2
3
5
2
5
1
6
4
7
6
0
4
0
-4
-8
-7
4
17
24
25
24
20
21
21
21
31
33
22
22
18
4
4
4
6
17
12
17
12
11
19
14
14
10
10
3
-1
2
2
8
4
2
-1
-1
6
10
19
21
23
21
20
16
22
23
24
26
26
21
16
23
19
13
21
19
22
20
23
28
27
28
18
12
11
9
9
5
-3
-8
-4
-7
-10
-9
-13
-8
-6
-11
-9
-12
-9
-11
-14
-14
-20
-15
-21
-30
-28
-35
-39
-38
-39
-46
-48
-48
-44
-50
-50
-52
-52
-48
-49
-38
-39
-39
-36
-41
-35
-46
-52
-48
-53
-46
-36
-40
-39
-35
-39
-40
-41
-36
-26
-31
-33
-35
-38
-38
-38
-35
-38
-40
-42
-42
-38
-36
-37
-38
-42
-48
-43
-46
-51
-49
-54
-46
-50
-45
-40
-46
-44
-34
-31
-36
-36
-34
-38
-45
-50
-48
-39
-36
-37
-39
-29
-26
-17
-8
-13
-10
-7
-10
-15
-16
-14
-10
-8
-15
-20
-20
-16
-12
-15
-15
-10
-8
-7
-6
-8
-4
-7
-11
-15
-11
-11
-3
3
4
14
10
16
6
5
4
6
1
-2
6
11
13
12
15
12
15
18
16
17
16
14
5
9
14
8
9
11
7
12
16
13
11
16
17
10
5
14
10
6
-1
0
0
1
1
1
15
13
24
23
20
16
17
23
11
12
15
14
12
13
21
17
12
17
20
19
21
28
30
34
31
27
26
23
21
26
31
28
29
32
37
40
43
38
37
38
46
45
38
43
42
50
49
49
48
51
56
51
51
57
57
59
51
44
39
41
52
44
44
43
45
43
30
24
27
40
36
31
22
18
20
18
19
19
27
27
30
27
22
30
31
22
14
6
3
10
17
12
15
14
14
17
8
1
-3
1
6
11
9
8
1
0
-1
-1
-1
2
-1
-1
-4
-10
-8
-10
-11
-18
-14
-11
-7
-7
-11
-15
-17
-19
-19
-17
-20
-9
-1
-4
-6
-7
-10
-21
-22
-22
-13
-6
-10
-10
-17
-22
-18
-15
-20
-26
-27
-18
-19
-16
-20
-23
-23
-23
-25
-26
-24
-22
-24
-29
-28
-23
-21
-26
-27
-28
-25
-11
-11
-16
-16
-17
-17
-19
-19
-27
-24
-22
-21
-29
-26
-24
-28
-21
-29
-27
-20
-18
-13
-11
-7
-10
-7
-9
-15
-9
-5
-1
4
1
-2
1
6
4
-1
-8
-12
-8
-13
-17
-15
-26
-19
-5
-10
-15
-18
-18
-18
-21
-27
-35
-38
-47
-51
-48
-51
-45
-43
-34
-30
-31
-24
-25
-31
-33
-38
-36
-36
-33
-28
-26
-21
-22
-19
-22
-19
-15
-9
-5
-9
-10
-4
2
4
-1
-13
-12
-8
-6
1
-3
-7
-11
-13
-5
-1
-2
1
1
-1
8
14
16
11
1
-3
0
4
3
6
0
1
5
-2
-1
10
12
13
6
3
8
8
5
2
-1
0
2
2
-2
-8
-8
-11
-9
-6
-4
-2
-9
-5
-1
2
-3
-6
-10
-9
-8
-8
4
9
10
7
11
8
8
16
15
13
17
18
23
36
31
33
40
39
45
47
41
43
45
52
54
55
62
54
56
57
67
71
74
78
76
70
66
71
78
76
70
63
61
66
54
54
54
51
44
41
42
29
32
29
25
28
25
17
14
3
-5
-4
-4
-6
-9
-13
-18
-16
-15
-19
-16
-18
-12
-10
-11
-7
-12
-13
-7
-9
-5
1
6
11
13
9
11
6
4
5
10
20
23
25
22
23
22
23
24
20
18
21
23
25
28
33
32
29
26
24
26
26
28
29
28
34
22
14
19
15
10
9
4
3
3
-6
-9
-13
-12
-11
-14
-9
-9
-10
-15
-24
-17
-14
-15
-15
-18
-19
-21
-21
-19
-22
-14
-15
-11
-11
-15
-8
-10
-9
-16
-17
-14
-10
-2
-4
-1
0
-3
0
-8
-11
-9
-9
-2
0
3
-1
-6
-1
5
3
-4
-11
-13
-14
-15
-10
-17
-22
-24
-27
-30
-32
-33
-29
-30
-24
-20
-17
-13
-23
-19
-25
-30
-28
-31
-32
-45
-40
-44
-48
-48
-52
-49
-46
-44
-37
-34
-31
-30
-35
-39
-38
-35
-37
-40
-42
-47
-44
-40
-35
-38
-43
-39
-42
-38
-35
-40
-34
-33
-45
-45
-44
-44
-48
-57
-58
-54
-46
-37
-35
-40
-40
-42
-40
-35
-36
-35
-44
-43
-39
-40
-36
-39
-39
-35
-37
-32
-20
-12
-11
0
-1
2
3
6
17
21
26
30
31
27
29
24
19
21
22
31
34
30
29
29
29
14
13
14
13
14
3
2
1
-3
-9
-11
-15
-15
-16
-19
-13
-14
-7
-6
-4
-4
-9
-19
-16
-12
-9
-4
-9
-9
-9
2
2
7
12
14
20
24
25
19
19
13
12
14
15
13
15
14
11
19
21
21
23
27
29
28
37
34
29
31
25
25
31
32
31
29
30
34
34
35
35
34
35
29
25
25
32
33
29
29
31
36
39
36
32
28
33
31
25
27
28
30
32
35
30
33
31
30
33
36
36
35
32
36
31
23
23
25
29
27
34
32
39
37
31
33
37
36
31
26
17
18
20
22
25
33
30
24
24
24
20
24
17
14
13
11
5
5
6
5
18
22
24
35
35
27
22
18
10
7
6
6
6
-5
2
0
-2
-3
0
2
2
2
-1
2
-5
0
4
5
7
4
10
7
8
8
4
6
6
7
5
5
3
-1
-1
-4
-11
-9
-16
-19
-17
-20
-25
-33
-29
-31
-31
-32
-39
-48
-53
-55
-54
-55
-52
-53
-52
-60
-60
-61
-66
-69
-68
-69
-75
-68
-58
-53
-59
-66
-68
-61
-60
-53
-51
-46
-38
-37
-33
-28
-22
-20
-15
-12
-13
-13
-13
-14
-14
-12
-12
-5
-1
2
9
8
10
10
8
4
3
4
6
1
4
1
-7
-6
-10
-11
-8
-8
1
2
4
4
-1
-8
-16
-17
-15
-10
-7
-6
-5
-4
3
-1
3
8
8
13
8
3
2
5
4
3
-1
-1
0
-3
-7
-11
-8
-3
-6
-4
-17
-21
-24
-32
-22
-27
-26
-31
-32
-28
-28
-25
-27
-33
-34
-28
-33
-29
-28
-23
-19
-25
-26
-31
-28
-25
-22
-21
-29
-22
-12
-10
-6
1
10
5
7
17
14
4
0
2
11
20
22
20
17
16
12
10
9
11
22
30
34
32
24
27
31
30
37
26
28
34
28
26
23
17
8
12
15
22
29
27
27
25
26
23
20
17
22
29
27
27
20
21
26
27
25
20
19
21
25
27
32
40
43
41
41
38
44
40
34
31
29
30
30
27
33
35
39
45
45
43
39
35
37
38
26
23
16
17
20
24
29
30
43
46
42
40
37
37
39
39
36
40
34
31
30
31
37
35
33
30
28
20
11
6
3
2
-2
-2
-6
-6
-7
-8
-7
-4
-9
-13
-12
-8
-10
-18
-27
-30
-24
-25
-18
-14
-8
0
3
0
0
-6
-15
-18
-24
-28
-35
-34
-33
-32
-31
-34
-32
-28
-26
-21
-13
-10
-8
-14
-20
-23
-23
-22
-14
-11
-11
-15
-8
-4
-11
-1
3
2
0
1
10
6
12
20
24
23
25
28
20
15
9
12
17
22
22
25
19
18
11
8
6
6
6
1
7
-1
-4
-7
-14
-17
-14
-10
-7
-2
-2
-8
-6
-10
-24
-33
-35
-33
-32
-36
-35
-37
-35
-38
-39
-36
-32
-30
-31
-32
-44
-50
-55
-62
-56
-51
-48
-43
-40
-27
-26
-24
-17
-25
-25
-29
-25
-27
-23
-23
-28
-24
-28
-21
-18
-18
-20
-18
-17
-15
-14
-13
-11
-13
-8
-9
-8
-2
6
7
9
1
1
7
7
-3
-8
-11
-11
-10
-6
-3
-1
6
5
8
11
11
10
8
3
-4
-2
-8
-17
-18
-17
-11
-6
-4
-1
-4
-2
-4
-7
-12
-19
-25
-21
-19
-19
-16
-26
-24
-25
-20
-13
-9
-7
-10
-4
-14
-12
-9
-10
-13
-10
-3
-3
-6
-14
-12
-9
-11
-17
-14
-13
-11
-12
-6
-1
-1
5
9
7
5
4
8
14
6
7
1
6
13
16
18
21
19
13
10
12
11
15
9
9
13
5
5
4
6
8
11
21
28
29
33
36
37
31
36
38
30
29
24
19
17
20
18
11
8
-4
-3
-3
2
5
0
-1
-6
-8
-4
-1
-3
9
10
7
10
7
9
11
11
16
16
14
5
10
22
25
30
30
26
23
24
29
38
36
40
48
49
45
51
54
57
56
57
61
63
61
56
52
48
46
43
45
43
42
35
35
30
25
21
18
18
19
18
13
22
22
17
21
16
20
17
16
21
17
14
12
10
10
8
4
-2
-7
-8
-9
-8
1
-4
-8
-4
-10
-9
-9
-15
-18
-21
-24
-23
-30
-34
-38
-36
-31
-44
-49
-50
-47
-50
-55
-51
-51
-56
-62
-56
-55
-54
-53
-51
-42
-45
-44
-47
-56
-53
-46
-42
-30
-26
-27
-28
-29
-20
-21
-16
-11
-8
-11
-16
-14
-14
-18
-10
-5
-5
-3
-4
-6
1
5
1
2
3
4
6
9
5
0
-2
-9
-11
-10
-7
-6
2
4
5
2
-8
-9
-5
0
10
13
12
7
-3
-7
-2
1
12
15
10
4
-1
-2
4
3
2
3
5
13
13
15
13
7
7
5
0
0
1
7
10
7
-2
-5
-8
-8
-2
0
7
11
16
9
6
0
-10
0
-2
-3
-2
-4
-1
-2
4
1
-6
-7
-13
-16
-12
-6
-7
-12
-12
-12
-20
-27
-31
-33
-34
-36
-37
-39
-37
-39
-40
-35
-36
-32
-35
-34
-31
-30
-30
-31
-27
-29
-30
-25
-28
-31
-25
-18
-18
-9
-9
-17
-10
-9
-9
-12
-12
-8
-9
-15
-18
-14
-7
4
5
1
1
8
10
14
12
12
13
15
22
19
21
26
21
21
19
20
18
20
18
19
19
13
9
21
32
38
45
41
40
42
39
38
38
36
39
38
44
41
44
46
45
45
43
46
49
51
54
58
44
45
44
37
40
37
32
33
24
16
22
10
5
0
-5
-1
-2
2
5
1
4
0
-3
-1
-4
-12
-14
-8
-10
-6
-3
-10
-7
-2
-3
-2
-3
-3
1
-4
-6
2
2
3
12
11
10
13
14
18
22
14
16
20
15
14
7
13
22
21
31
45
49
47
43
38
38
35
36
34
31
35
37
37
31
25
28
24
25
27
18
24
29
28
30
21
13
6
5
10
12
14
6
-2
-6
-9
-13
-15
-16
-17
-10
-10
-9
-6
-8
-9
-13
-14
-14
-18
-13
-21
-22
-21
-24
-25
-31
-35
-37
-37
-32
-24
-24
-20
-17
-20
-15
-13
-13
-7
-1
9
14
18
15
10
14
18
16
18
17
22
26
17
21
19
20
17
13
18
17
16
12
9
6
-1
-6
-14
-18
-13
-8
-11
-19
-25
-35
-38
-31
-30
-32
-31
-31
-38
-41
-46
-53
-54
-59
-56
-56
-62
-60
-59
-54
-50
-46
-46
-45
-47
-45
-39
-41
-38
-38
-44
-46
-43
-48
-46
-39
-44
-53
-54
-50
-51
-52
-50
-50
-49
-47
-41
-45
-49
-42
-37
-33
-33
-29
-34
-43
-39
-36
-29
-30
-30
-24
-16
-11
-6
-3
0
7
6
4
-2
-7
-11
-10
-8
-7
-9
-12
-8
1
12
19
28
33
33
30
30
40
39
37
38
38
36
30
25
24
26
23
25
18
12
14
11
13
12
2
-4
4
3
2
0
-3
-2
3
1
-4
-6
0
-5
-5
-9
-15
-12
-10
-8
-2
1
2
2
-6
-9
-3
3
5
8
10
18
19
13
12
12
19
18
24
30
29
27
20
25
20
17
19
17
16
22
23
18
13
11
8
12
10
7
7
6
8
16
18
24
27
26
27
25
29
32
25
20
11
10
2
-3
-4
-3
-3
-1
0
-2
6
10
18
24
21
15
9
9
10
6
9
12
6
6
6
10
18
17
14
13
10
11
12
21
26
25
29
36
37
34
45
51
50
55
54
55
55
62
64
60
61
62
65
61
62
59
51
47
41
34
29
26
25
28
26
22
23
22
21
19
19
20
13
11
13
11
7
7
5
-2
-5
-5
-5
-5
-3
-8
-11
-11
-11
-20
-19
-20
-20
-18
-18
-17
-19
-16
-20
-17
-14
-17
-12
-9
-15
-19
-24
-34
-38
-39
-45
-46
-49
-54
-57
-65
-62
-64
-63
-61
-66
-68
-67
-66
-69
-62
-60
-52
-43
-44
-38
-35
-39
-35
-37
-41
-29
-22
-18
-19
-20
-21
-20
-16
-17
-19
-18
-16
-15
-16
-19
-14
-15
-13
-11
-14
-13
-12
-3
-1
4
6
8
6
2
2
2
-6
-8
-2
-4
-4
-1
-5
-13
-15
-9
-7
-7
1
4
6
5
-2
-7
-15
-8
-6
-8
-8
-15
-14
-16
-16
-17
-16
-18
-23
-27
-26
-22
-20
-18
-12
-15
-13
-11
-15
-9
-10
-9
-6
-6
2
-5
-6
-8
-9
-7
-4
-6
-4
0
0
-1
1
2
1
5
4
7
9
15
16
18
19
11
9
12
14
19
19
15
12
10
13
17
15
10
0
-10
-5
-6
-3
-6
-11
-13
-18
-19
-20
-22
-26
-25
-25
-20
-18
-20
-25
-26
-21
-24
-26
-28
-32
-29
-19
-16
-17
-18
-18
-18
-16
-7
2
7
11
22
22
23
28
22
21
25
26
27
28
29
27
30
34
33
42
40
38
46
41
42
45
47
52
56
57
61
60
57
55
55
50
52
53
49
49
47
42
43
45
47
52
53
49
46
39
42
41
43
39
39
43
40
33
23
16
12
13
15
26
26
20
8
0
0
-1
0
-1
2
-8
-14
-15
-20
-16
-10
-4
-5
-12
-10
-17
-19
-14
-12
-2
-6
-1
9
14
17
20
19
10
3
4
9
13
16
14
11
-3
-5
2
11
11
18
27
25
29
26
19
13
14
12
8
11
9
7
8
6
7
5
1
-1
4
2
-5
-2
-5
-5
-1
0
-2
-7
-3
1
0
3
1
1
-4
-2
-5
-6
-2
-2
7
5
-1
3
6
10
17
17
9
-2
-7
-12
-13
-17
-20
-20
-19
-19
-19
-14
-15
-10
-8
-5
-4
-9
-14
-21
-26
-27
-25
-32
-31
-28
-31
-28
-27
-30
-31
-35
-36
-30
-31
-26
-25
-25
-26
-25
-19
-15
-8
-9
-12
-17
-24
-20
-17
-20
-13
-15
-17
-16
-15
-12
-15
-13
-16
-24
-29
-35
-40
-42
-40
-50
-47
-44
-40
-44
-45
-43
-45
-41
-40
-37
-36
-37
-38
-34
-31
-25
-26
-26
-23
-22
-17
-14
-7
-7
-10
-11
-20
-27
-26
-28
-23
-25
-27
-27
-24
-18
-12
-11
-20
-21
-26
-27
-27
-34
-32
-25
-20
-10
-10
-7
-6
0
1
2
6
4
10
7
9
18
22
26
19
19
24
27
30
32
32
31
34
35
35
31
32
27
26
25
22
18
10
7
6
8
7
1
-1
-2
-2
-3
3
3
6
3
-3
-1
-5
-7
-10
-15
-19
-18
-12
-9
-8
-9
-11
-9
-3
-6
-7
-4
4
12
16
9
6
3
-1
-3
-7
-2
0
1
2
-3
-6
-3
0
3
7
10
10
10
11
11
9
6
10
13
7
8
7
8
10
8
5
4
11
11
8
11
3
2
6
4
11
11
20
24
25
28
25
23
24
26
33
39
42
44
35
36
38
39
35
36
37
32
31
34
33
33
30
27
32
24
32
33
40
44
43
40
36
32
27
25
25
29
26
25
30
35
26
25
24
25
32
29
26
25
28
31
37
31
26
19
13
15
20
23
27
32
28
30
20
14
17
7
3
0
-1
-5
-8
-8
-7
-4
-9
-10
-11
-5
-5
-5
-8
-7
-18
-23
-20
-24
-21
-19
-15
-10
-5
-11
-11
-14
-11
-8
-7
-7
-14
-15
-19
-21
-21
-19
-15
-5
0
-7
-4
-1
-5
-10
-13
-6
-9
-10
-12
-18
-17
-14
-10
-12
-12
-20
-17
-18
-18
-22
-29
-27
-33
-36
-32
-33
-36
-37
-40
-41
-38
-30
-28
-30
-23
-22
-20
-24
-27
-28
-25
-24
-22
-17
-15
-13
-16
-13
-11
-11
-13
-17
-18
-10
-14
-14
-13
-17
-20
-22
-22
-18
-10
-10
-6
-8
-11
-8
-10
-4
-5
0
-1
-9
-11
-15
-8
-13
-13
-17
-24
-18
-16
-17
-15
-14
-9
-8
-8
-10
-10
-14
-19
-22
-24
-20
-23
-27
-23
-27
-24
-28
-27
-25
-23
-21
-25
-20
-24
-22
-21
-21
-19
-19
-23
-23
-24
-19
-16
-11
-12
-8
-6
-9
-4
-6
0
0
0
-5
-6
-11
-15
-12
-13
-10
-8
0
6
1
4
4
5
7
4
5
7
5
1
0
-7
-8
-9
-6
-2
0
3
6
12
12
14
24
27
22
16
14
13
12
13
13
8
5
7
10
12
18
23
36
35
33
36
34
32
27
28
31
30
31
32
30
34
36
41
42
41
40
48
48
49
53
51
49
45
37
33
35
36
35
33
36
35
34
33
35
36
34
35
27
27
26
20
21
19
21
17
16
12
16
19
23
31
31
32
33
33
33
33
34
33
37
32
30
36
34
30
25
21
20
21
21
17
17
17
12
13
9
4
4
4
3
9
13
5
2
8
10
12
19
26
25
30
29
29
22
20
20
15
18
20
21
23
24
24
21
22
20
18
18
18
22
23
28
29
26
25
21
24
23
15
22
24
27
33
32
31
27
32
30
24
25
24
23
13
13
16
17
9
4
3
2
-2
-4
-4
-7
-7
-6
-4
-8
-7
-11
-14
-23
-32
-35
-44
-47
-53
-51
-53
-59
-65
-80
-77
-74
-73
-77
-74
-68
-75
-71
-73
-78
-76
-72
-79
-76
-69
-69
-75
-75
-76
-79
-78
-77
-68
-61
-63
-61
-60
-62
-60
-64
-56
-50
-45
-47
-51
-52
-60
-63
-63
-57
-44
-48
-47
-50
-54
-47
-39
-37
-34
-27
-30
-35
-33
-26
-27
-30
-26
-27
-31
-36
-39
-34
-31
-30
-27
-23
-21
-26
-24
-26
-22
-20
-26
-21
-23
-32
-35
-38
-32
-26
-22
-20
-25
-16
-14
-15
-10
-6
-2
-5
-7
-8
-11
-16
-19
-20
-24
-26
-18
-10
-1
5
7
5
4
5
16
11
17
21
23
20
10
4
-1
4
3
9
12
22
22
21
19
20
25
24
30
27
26
27
28
30
32
33
28
24
21
18
11
10
18
24
28
28
21
14
9
8
8
11
9
4
-1
0
3
-1
2
0
7
9
11
18
21
24
22
19
15
21
20
21
24
25
26
25
25
30
26
32
33
30
30
28
28
28
32
30
34
34
35
32
34
41
39
47
47
44
42
39
41
43
39
35
33
37
43
41
34
40
35
29
36
41
46
46
44
53
57
50
43
42
39
34
34
35
38
37
38
33
34
32
34
41
41
42
37
34
34
35
29
28
26
23
24
24
38
35
39
37
33
36
31
27
25
29
20
20
26
18
20
23
20
23
23
14
9
3
0
3
1
-3
-5
-9
-4
0
-3
3
10
15
13
14
10
11
7
2
6
4
9
4
5
3
-2
2
-3
-5
-7
-6
-1
-1
0
-2
-7
-21
-20
-25
-27
-27
-32
-23
-25
-27
-30
-35
-42
-44
-43
-49
-49
-55
-54
-51
-58
-61
-56
-55
-55
-57
-62
-68
-68
-64
-69
-65
-61
-62
-58
-61
-62
-62
-60
-56
-61
-66
-66
-66
-67
-69
-72
-70
-70
-69
-66
-62
-62
-65
-61
-61
-57
-52
-53
-48
-47
-50
-45
-49
-45
-45
-41
-38
-37
-29
-32
-29
-29
-24
-28
-22
-17
-12
-13
-20
-16
-24
-14
-11
-13
-9
-7
-8
-12
-8
-2
-12
-9
-5
-10
-2
-6
-7
-8
-10
-7
-13
-18
-17
-7
-13
-13
-11
-12
-10
-10
-10
-8
-4
-4
-3
-6
-4
-10
-4
-5
-9
-12
-16
-13
-8
-8
-18
-12
-16
-11
-9
-11
-6
-4
-5
-5
-2
-3
1
7
12
11
15
17
21
20
19
24
21
26
29
25
27
32
27
26
29
32
37
38
37
45
49
47
44
42
51
44
42
39
35
36
41
45
42
38
39
35
29
33
28
39
39
36
46
37
33
28
22
24
18
20
22
21
18
15
13
18
22
23
25
21
23
25
21
17
11
9
9
15
17
12
19
17
19
27
27
22
25
24
30
34
33
32
32
31
31
38
38
36
36
47
56
57
55
64
63
59
63
56
60
57
51
53
52
47
51
54
54
50
46
54
47
45
44
39
36
29
28
19
13
10
11
10
9
1
1
5
-1
1
5
7
11
10
5
0
-4
-6
-7
-7
-11
-15
-17
-23
-21
-21
-18
-13
-21
-19
-18
-13
-9
-7
-7
-11
-9
-3
-6
-5
-7
-5
-2
-1
6
3
-3
-7
-3
-5
-3
-6
-6
-12
-10
-7
-3
1
-3
-2
-1
3
8
14
13
9
-1
-5
-1
-7
-6
-5
-11
-3
-2
-12
-13
-20
-25
-18
-18
-19
-22
-20
-19
-25
-28
-17
-18
-19
-19
-20
-17
-19
-18
-21
-28
-27
-33
-32
-31
-34
-27
-39
-44
-40
-40
-40
-49
-35
-34
-33
-28
-34
-36
-37
-41
-38
-36
-27
-30
-32
-36
-42
-38
-43
-44
-35
-33
-38
-36
-41
-41
-42
-45
-37
-33
-28
-32
-34
-30
-31
-36
-37
-31
-27
-26
-23
-23
-20
-22
-24
-30
-32
-33
-36
-31
-36
-32
-29
-34
-34
-33
-34
-35
-35
-42
-36
-37
-32
-27
-31
-30
-26
-24
-25
-28
-27
-23
-30
-33
-35
-33
-35
-33
-23
-14
-6
-5
-3
-7
0
7
9
13
7
12
19
24
23
26
34
30
30
35
38
36
38
35
32
33
27
18
19
24
21
30
26
19
20
13
16
15
17
15
19
19
12
8
5
7
9
13
13
13
14
18
20
19
16
17
16
20
20
22
26
30
35
37
38
36
33
36
42
40
42
35
34
30
29
30
30
32
25
27
19
18
6
10
10
10
12
11
20
23
21
26
31
22
24
25
29
29
22
25
21
20
16
19
23
25
30
33
36
34
30
23
19
16
15
13
9
16
18
17
18
18
20
26
27
26
26
25
21
21
17
20
21
19
17
17
23
27
26
24
28
31
29
27
24
18
20
25
26
22
25
23
25
31
29
38
35
32
24
19
19
11
13
13
6
5
3
6
9
6
14
13
12
15
14
16
19
20
13
15
16
11
6
4
0
-2
-1
-2
-3
-10
-10
-8
-8
-8
-10
-6
-1
-3
-6
-10
-15
-19
-19
-18
-18
-18
-18
-13
-15
-7
-8
-9
-8
-15
-17
-18
-21
-25
-28
-32
-30
-34
-41
-37
-42
-37
-40
-39
-28
-33
-36
-40
-40
-44
-36
-32
-36
-36
-45
-51
-47
-49
-43
-42
-40
-40
-43
-38
-37
-36
-35
-28
-29
-23
-28
-31
-24
-27
-25
-25
-20
-22
-23
-24
-28
-25
-19
-9
-8
-17
-18
-21
-25
-23
-28
-25
-25
-29
-32
-32
-35
-41
-43
-44
-44
-45
-46
-47
-49
-50
-51
-50
-48
-48
-48
-43
-36
-39
-33
-26
-26
-24
-28
-24
-21
-25
-28
-31
-28
-26
-23
-18
-22
-19
-18
-15
-11
-10
-2
1
1
0
1
-3
-8
-7
-7
-4
4
0
1
-1
3
12
12
18
17
18
13
26
31
34
43
39
38
39
41
34
37
30
30
27
25
22
19
22
22
24
20
23
23
25
11
10
11
6
3
-7
-8
-16
-17
-14
-11
-10
-8
-8
-12
-2
1
9
14
6
0
-2
1
5
12
17
24
29
32
31
33
33
28
32
36
40
31
28
27
32
30
34
35
27
33
32
37
31
33
33
27
26
26
28
24
29
40
45
46
47
49
47
46
38
31
33
27
27
29
26
21
24
23
22
25
23
18
21
24
21
31
30
37
33
33
39
31
33
26
20
20
16
16
13
7
7
5
-2
-9
-14
-16
-15
-22
-23
-18
-19
-20
-11
-15
-11
-9
-8
-5
-2
0
1
3
3
10
12
9
11
11
8
11
3
2
1
7
8
9
13
10
9
5
7
10
14
17
16
15
20
21
17
22
24
25
26
23
13
4
5
1
-5
1
1
-4
-18
-21
-21
-17
-10
-10
-10
-16
-11
-13
-14
-18
-27
-23
-16
-14
-3
-3
-8
-6
-5
2
1
-1
-4
-8
-13
-17
-18
-19
-21
-22
-17
-12
-11
-5
-9
-10
-12
-11
-9
-5
4
12
16
13
18
19
14
8
3
1
7
12
7
9
7
5
-3
-4
-2
-3
2
-2
-5
-16
-16
-16
-24
-21
-22
-19
-14
-16
-13
-15
-17
-10
-7
-6
-9
-10
-15
-23
-28
-37
-38
-43
-46
-44
-42
-47
-47
-53
-44
-40
-45
-39
-40
-40
-45
-46
-49
-42
-38
-31
-28
-33
-25
-27
-26
-27
-23
-25
-27
-27
-33
-38
-38
-37
-33
-26
-19
-15
-23
-21
-14
-17
-18
-17
-15
-14
-12
-12
-4
-7
-10
-2
-6
-6
-3
0
3
11
12
8
10
7
4
12
11
1
-1
-8
-7
-12
-17
-10
-5
-2
-1
-2
-1
-5
-7
1
7
10
10
0
-4
-1
-7
-7
-10
-11
-11
-13
-9
-10
-9
-12
-8
-6
-12
-11
-15
-15
-16
-14
-12
-9
-6
3
10
10
15
11
16
18
16
28
21
19
14
16
23
18
30
27
22
26
34
40
43
40
37
34
35
26
18
18
16
27
31
35
27
28
26
27
21
17
29
25
23
13
1
-11
-8
-2
-9
-2
-4
-4
-1
-6
-10
-14
-15
-11
-7
-10
-14
-14
-9
-7
-7
-4
-8
-8
-11
-8
-8
-9
-1
-3
-3
1
1
-5
-3
3
6
8
4
8
8
10
12
8
7
5
10
8
10
17
27
31
30
24
25
29
32
28
28
29
27
38
37
42
37
43
50
46
48
44
51
42
43
43
38
44
29
26
24
25
25
20
14
16
15
10
16
16
16
11
6
6
6
5
8
7
1
-4
-8
-15
-20
-22
-19
-12
-9
-9
-9
-15
-13
-10
-8
-6
-14
-13
-15
-11
-6
-9
-9
-13
-13
-10
-6
-1
-1
4
-3
-4
-9
-13
-13
-16
-13
-14
-6
-7
-5
-4
-8
-4
-8
-3
-1
1
2
-5
-6
-9
-12
-11
-9
-10
-4
-3
-10
-7
-13
-13
-14
-6
-7
-8
0
-5
-2
-10
-14
-15
-19
-17
-10
-10
-8
-9
-12
-13
-14
-16
-21
-22
-23
-11
-12
-20
-23
-29
-29
-21
-22
-24
-28
-25
-30
-30
-30
-36
-34
-33
-26
-25
-31
-29
-26
-24
-26
-22
-15
-15
-10
-8
-5
0
2
0
-2
-2
-3
-9
-9
-7
-11
-11
-1
0
-2
-7
-6
-4
-4
3
-2
-8
-19
-22
-23
-23
-32
-35
-32
-27
-25
-26
-18
-19
-14
-11
-13
-13
-19
-19
-16
-17
-15
-12
-10
-13
-9
-9
-12
-10
-6
0
-1
1
3
4
2
1
0
-1
0
4
1
0
0
-7
0
3
4
9
3
-1
-4
-5
-4
6
10
5
1
-6
-5
1
4
7
8
9
10
10
10
10
12
18
12
13
15
23
26
20
21
16
12
15
18
16
20
17
18
20
13
16
16
11
17
24
22
18
16
16
17
17
14
25
26
27
30
21
17
12
3
2
0
11
21
26
25
20
22
24
15
15
21
15
19
18
17
21
16
8
9
12
16
23
23
24
27
26
21
19
21
16
13
18
21
23
24
14
12
13
14
17
21
27
22
32
39
37
37
40
40
46
52
53
56
56
47
36
32
28
27
29
31
37
30
29
27
23
22
13
13
12
16
11
5
10
12
18
14
17
25
26
27
27
24
25
22
12
14
12
18
19
28
32
34
29
22
24
19
10
6
10
10
10
-1
-3
3
-1
3
8
7
13
11
8
13
10
8
-1
-10
-15
-17
-16
-21
-9
-7
-12
-15
-15
-19
-18
-16
-29
-27
-28
-27
-23
-22
-26
-22
-13
-7
-12
-18
-15
-20
-15
-11
-16
-16
-15
-17
-14
-11
-15
-18
-21
-29
-28
-36
-39
-39
-46
-47
-43
-42
-39
-33
-36
-35
-38
-37
-38
-39
-40
-43
-46
-53
-55
-61
-67
-67
-58
-54
-58
-57
-60
-64
-70
-71
-71
-68
-71
-71
-71
-73
-71
-70
-68
-64
-61
-59
-52
-54
-46
-43
-44
-43
-44
-46
-44
-43
-41
-41
-42
-36
-36
-34
-31
-26
-20
-14
-12
-11
-14
-16
-8
-8
-5
-2
-7
-2
7
12
16
17
16
17
18
22
23
22
17
20
20
22
19
15
13
5
4
2
3
-1
2
2
-3
-15
-17
-13
-5
3
3
12
15
15
4
-6
-9
-6
-6
-2
3
-2
-4
1
-9
-13
-6
-4
3
5
2
2
-11
-14
-19
-20
-8
-4
-1
-2
8
6
1
6
12
14
18
22
17
20
17
17
18
20
24
24
30
28
31
27
27
33
35
29
27
31
33
36
36
38
41
39
38
36
34
44
52
54
58
58
56
55
51
48
44
43
45
39
35
27
24
31
37
36
39
38
37
43
43
38
34
28
18
16
24
26
20
20
21
23
25
29
33
30
33
36
38
38
30
28
20
27
22
22
25
25
25
27
29
28
33
29
34
35
42
46
45
46
48
44
42
36
30
29
26
29
28
25
20
17
20
23
28
28
32
28
27
24
13
11
8
9
2
7
5
2
3
2
-3
-5
-6
-12
-11
-13
-18
-25
-30
-27
-32
-37
-40
-38
-40
-47
-53
-63
-54
-52
-58
-62
-63
-59
-61
-56
-46
-52
-53
-52
-54
-45
-47
-42
-42
-45
-37
-33
-32
-32
-31
-30
-28
-27
-22
-13
-14
-15
-8
-14
-9
-13
-19
-16
-16
-15
-17
-8
-5
-3
-5
-8
-15
-12
-12
-13
-15
-16
-12
-21
-26
-27
-26
-26
-21
-26
-28
-25
-29
-34
-33
-34
-41
-42
-40
-38
-36
-39
-43
-34
-33
-33
-41
-46
-44
-54
-47
-42
-46
-45
-51
-45
-38
-36
-26
-26
-26
-22
-21
-19
-14
-18
-17
-13
-8
-6
-11
-9
-12
-6
-1
-3
-4
-8
-10
-6
-8
-12
-6
1
3
5
6
6
4
1
-8
-7
0
-6
-12
-11
-6
3
-1
-2
-9
-11
-1
-4
4
5
3
7
12
11
7
8
2
10
17
19
17
16
18
23
26
24
25
23
19
29
35
32
37
29
32
28
24
28
31
32
33
42
42
41
39
36
31
35
36
33
29
28
31
28
29
25
19
13
17
16
17
25
31
34
36
30
23
20
15
13
21
25
20
21
18
17
21
21
15
15
23
32
30
36
40
37
32
29
32
34
32
34
46
47
43
42
41
34
38
38
36
43
43
40
36
31
31
35
28
28
27
26
26
24
26
19
17
17
19
19
21
17
17
16
8
15
14
14
21
26
28
26
27
21
10
8
6
4
7
11
15
12
14
22
23
20
17
12
11
6
3
11
15
19
11
8
13
12
5
-5
-9
-11
-12
-18
-20
-20
-16
-20
-17
-13
-13
-17
-16
-19
-20
-24
-23
-13
-14
-10
-12
-10
-6
-8
-6
-7
-1
-2
2
9
11
9
7
8
7
7
16
16
12
2
-1
-3
-8
-8
-16
-8
-4
-1
1
2
5
3
-7
-12
-12
-13
-19
-21
-21
-20
-24
-31
-30
-26
-28
-33
-30
-35
-32
-30
-34
-34
-41
-42
-41
-41
-42
-39
-38
-42
-37
-36
-40
-41
-42
-41
-49
-47
-51
-51
-51
-45
-43
-42
-39
-39
-33
-34
-30
-34
-34
-36
-38
-37
-40
-36
-28
-25
-30
-34
-33
-26
-33
-29
-20
-17
-18
-12
-6
-3
1
-4
-3
-9
-11
-13
-14
-12
-5
2
0
0
-4
0
-2
-6
-7
-15
-19
-28
-32
-35
-37
-43
-46
-44
-48
-41
-41
-37
-36
-29
-26
-24
-17
-20
-21
-12
-17
-17
-15
-16
-14
-18
-12
-13
-11
-3
4
7
4
12
9
6
7
5
3
1
4
0
-5
-1
6
6
-4
-1
-4
-3
10
5
6
7
3
-2
-1
-2
-3
1
-2
-1
-5
1
0
-6
-3
3
12
12
6
8
0
4
13
15
16
17
17
16
19
15
19
23
23
15
11
19
23
28
30
29
29
20
17
22
18
16
22
21
16
19
20
18
19
27
27
30
38
37
40
38
32
31
28
23
32
33
40
40
42
44
38
37
35
39
46
48
49
54
50
54
55
52
55
51
58
58
52
51
51
62
63
64
56
50
51
47
51
55
62
51
51
50
54
52
52
51
51
52
51
51
43
49
47
40
38
36
32
32
32
27
25
20
24
25
21
13
11
7
1
1
-2
-1
-9
-11
-17
-28
-27
-29
-36
-38
-36
-38
-35
-37
-36
-40
-44
-42
-51
-52
-55
-57
-59
-59
-62
-58
-63
-73
-66
-63
-56
-46
-42
-41
-45
-36
-32
-33
-28
-29
-27
-21
-20
-17
-21
-17
-14
-11
-13
-10
-3
-3
-6
-7
-3
-1
3
4
6
3
-5
-3
4
-2
-10
-11
-11
-6
-6
-10
-9
-9
-10
-9
-4
-5
0
-4
-2
-5
-9
-6
-13
-14
-21
-20
-20
-21
-30
-35
-40
-46
-46
-48
-46
-47
-52
-56
-46
-54
-51
-51
-49
-46
-49
-44
-48
-44
-47
-62
-61
-59
-57
-53
-50
-45
-40
-37
-37
-35
-31
-33
-27
-28
-21
-14
-11
3
4
5
9
13
16
19
16
21
18
18
30
23
29
32
30
26
21
23
21
13
6
4
-4
-3
-9
-12
-1
-2
-6
-7
-11
-9
-3
-7
-4
-2
-8
-13
-20
-20
-21
-17
-17
-22
-17
-13
-17
-23
-29
-33
-32
-31
-24
-22
-17
-19
-20
-17
-15
-12
-13
-15
-11
-11
-9
-7
-8
-5
-5
-3
-7
-3
-1
4
0
1
14
11
16
19
16
23
23
30
35
38
41
45
57
65
70
75
73
70
76
71
67
64
68
77
79
80
79
70
70
64
55
50
51
51
51
50
50
45
38
39
33
28
26
25
21
27
23
19
18
13
13
15
17
18
20
24
27
19
15
15
9
8
7
8
10
5
7
7
4
4
10
10
11
15
16
19
14
24
26
22
16
19
17
20
23
17
14
8
2
2
2
5
9
10
13
9
14
17
18
19
18
18
16
23
18
16
16
25
22
14
21
22
29
27
28
28
19
24
21
18
14
15
15
14
11
3
-3
-10
-13
-15
-15
-14
-12
-23
-29
-22
-21
-22
-27
-29
-30
-25
-25
-33
-34
-29
-32
-38
-33
-35
-32
-27
-25
-22
-21
-16
-17
-15
-15
-15
-16
-16
-15
-19
-23
-29
-19
-25
-28
-22
-20
-13
-11
-6
-7
-11
-3
0
-6
-8
-14
-17
-21
-22
-19
-11
-12
-13
-12
-11
-14
-18
-16
-16
-16
-21
-23
-27
-28
-25
-27
-39
-36
-32
-38
-35
-39
-39
-38
-46
-44
-40
-49
-51
-54
-60
-61
-57
-46
-48
-43
-52
-53
-44
-46
-45
-48
-48
-49
-43
-41
-40
-36
-33
-36
-40
-33
-34
-33
-35
-32
-31
-33
-21
-17
-12
-12
-9
2
7
10
15
18
18
21
24
22
23
18
18
19
24
26
24
24
29
36
33
30
25
26
22
26
26
19
13
8
6
0
-3
-1
7
9
13
9
6
9
8
15
12
6
12
16
15
11
5
-3
-2
-1
-2
0
-1
-4
-2
-3
-7
-7
-6
-4
-2
1
-1
0
3
9
8
8
5
2
2
-1
0
2
4
2
-2
-7
-4
-10
-2
-1
-6
-8
-15
-9
-15
-12
-7
-12
-11
-17
-14
-10
-4
-1
5
13
11
16
20
16
21
19
17
20
22
25
22
17
24
27
31
36
34
34
34
36
40
38
32
33
31
36
43
45
48
45
37
38
37
33
33
27
26
27
24
22
26
27
32
35
36
32
30
28
29
32
39
41
28
26
27
35
38
35
38
33
30
32
36
32
23
23
20
9
10
13
12
8
5
10
5
8
2
2
0
-8
-6
-14
-21
-27
-21
-16
-5
-4
0
2
-6
-9
-13
-2
-8
-4
-3
-6
2
-1
9
-3
2
1
-13
-13
-10
-11
-9
-9
-9
-6
-11
-14
-17
-17
-18
-19
-27
-30
-25
-33
-41
-43
-46
-44
-42
-31
-32
-32
-28
-28
-29
-25
-28
-37
-41
-34
-34
-45
-38
-41
-41
-30
-20
-21
-17
-4
-5
-10
-17
-13
-14
-20
-10
-2
-6
-4
-1
-1
-6
-9
-12
-1
0
-12
-12
-10
-11
-14
-6
-1
-3
-7
-7
-12
-10
-9
-19
-21
-21
-13
-15
-5
-9
-12
-14
-16
1
-11
-11
-6
-7
-5
-5
-6
-12
-14
-8
-1
-2
5
-2
3
6
-1
1
-15
-5
1
3
12
5
8
10
12
6
7
-2
-1
5
-8
-1
-4
-6
-8
-18
-21
-18
-13
-27
-33
-21
-15
-21
-15
-9
-14
-16
-20
-6
-4
-7
-3
-10
-12
-9
-9
-5
-5
-6
13
13
3
-2
-7
1
-2
-10
-1
-2
5
2
-12
-7
-6
0
5
1
6
4
4
13
18
18
5
13
15
9
15
13
13
13
14
9
12
6
13
15
7
21
16
21
25
24
8
12
13
6
18
18
21
2
7
15
3
4
0
9
7
3
7
0
-3
-5
0
-6
-2
2
-10
-15
-14
-12
-20
-7
-2
0
-3
-2
0
-10
0
-7
-15
-7
-10
-20
-13
-11
-6
-5
-8
5
1
2
3
3
13
18
16
15
12
5
8
10
12
10
11
17
24
24
28
33
27
21
24
18
17
22
14
16
19
24
29
33
39
32
30
34
30
29
34
36
35
26
20
25
25
27
28
28
26
23
19
8
7
6
2
4
5
-4
-7
-3
1
4
-7
-10
-6
-20
-18
-11
-20
-23
-21
-21
-18
-13
-13
-10
-7
6
8
10
8
-1
1
-2
5
6
7
13
9
1
5
13
12
13
16
19
18
19
18
19
13
4
8
10
5
2
7
11
12
18
12
13
15
13
17
13
14
17
17
9
5
-7
-14
-10
-13
-16
-9
-5
-7
3
0
0
-12
-14
-11
-11
-10
-8
-8
-18
-13
-12
-5
-5
-5
-12
-14
-9
-9
-8
-5
2
-1
9
2
1
5
-4
-11
-14
-19
-21
-29
-31
-25
-29
-25
-15
-11
-9
-16
-19
-15
-21
-22
-18
-23
-24
-28
-29
-36
-35
-35
-27
-25
-29
-32
-33
-19
-30
-30
-26
-18
-15
-14
-5
-14
-16
-9
0
1
7
11
11
13
11
9
10
12
7
-4
-4
-1
-1
12
9
3
3
-2
-2
3
7
4
9
14
6
8
8
-3
-7
-8
-7
1
-2
-6
-10
-13
-7
-19
-18
-15
-23
-12
-16
-17
-18
-26
-30
-43
-50
-43
-38
-38
-39
-32
-22
-22
-21
-11
-10
-15
-13
-16
-15
-20
-21
-20
-28
-22
-30
-29
-24
-23
-19
-20
-20
-15
-18
-14
-11
-8
-4
-7
-7
-12
-19
-15
-5
-11
-9
-11
1
10
6
8
8
5
6
10
9
4
-4
-9
-12
-21
-15
-17
-18
-16
-22
-14
-12
-8
2
1
3
-4
1
1
-3
2
10
9
7
7
6
16
20
21
26
25
35
41
46
52
55
51
46
49
46
42
50
59
49
53
56
48
53
56
57
48
47
55
57
69
76
69
60
55
45
48
45
37
29
26
35
30
31
31
26
27
20
21
9
8
7
3
-7
-13
-12
-10
-8
-9
2
-2
-4
-7
-12
-9
-6
-4
-1
-3
-4
-3
1
4
0
-3
-6
-7
1
5
13
14
8
11
7
2
4
4
0
4
5
2
11
14
22
26
23
22
22
23
19
15
14
10
4
-3
-5
-6
2
6
6
3
7
12
9
13
9
19
21
20
19
17
18
7
10
8
9
6
11
8
-2
4
7
10
3
11
15
9
5
1
-3
-16
-16
-22
-31
-33
-32
-41
-42
-37
-35
-34
-36
-30
-37
-35
-36
-42
-38
-54
-65
-71
-78
-73
-70
-75
-76
-66
-52
-43
-41
-44
-49
-40
-31
-30
-25
-26
-28
-34
-32
-22
-18
-18
-11
-4
4
3
13
8
8
17
22
32
37
38
39
43
37
37
33
32
35
39
46
47
50
47
49
40
29
26
23
12
13
13
7
1
-3
-5
-14
-18
-26
-27
-26
-28
-33
-37
-40
-44
-47
-44
-45
-41
-44
-50
-58
-64
-64
-65
-67
-72
-67
-65
-70
-66
-68
-64
-66
-61
-56
-50
-47
-47
-34
-29
-26
-34
-26
-16
-19
-17
-16
-5
0
2
3
5
7
-1
6
8
5
17
19
17
20
25
30
20
19
20
20
24
25
24
21
21
25
30
32
33
26
23
22
15
10
10
21
30
29
29
26
29
22
15
18
16
16
13
11
8
5
3
0
4
5
5
2
2
-1
7
5
-4
-8
-8
-7
-9
0
2
1
-2
1
9
14
20
20
14
10
18
14
15
27
24
29
38
34
39
44
47
43
37
46
46
37
40
41
36
40
34
35
43
46
43
42
51
53
51
45
44
35
27
34
36
38
34
26
20
24
16
12
14
9
12
11
9
-1
-10
-14
-12
-7
-1
-16
-21
-17
-22
-19
-28
-19
-20
-18
-13
-11
-7
-8
-6
-6
-18
-13
-12
-17
-10
-7
6
13
16
17
15
25
34
31
36
42
47
44
44
48
48
39
35
30
38
36
31
35
23
27
27
21
18
17
23
24
20
20
17
15
11
3
-5
2
8
8
12
11
9
2
3
1
-1
2
2
2
-4
-7
-6
-8
-8
-16
-16
-14
-19
-13
-13
-16
-14
-17
-22
-28
-30
-26
-26
-27
-17
-16
-17
-12
-12
-11
-14
-18
-18
-15
-12
-16
-26
-27
-16
-23
-21
-16
-24
-27
-23
-19
-25
-25
-19
-22
-21
-16
-18
-11
-2
-2
-7
-11
-11
-11
-15
-19
-12
-13
-16
-20
-23
-16
-17
-18
-20
-21
-22
-19
-26
-28
-27
-21
-20
-24
-26
-20
-27
-32
-33
-32
-28
-27
-22
-13
-6
-15
-12
-7
-8
-7
-9
-16
-13
-12
-14
-6
-12
-9
-16
-20
-23
-24
-17
-17
-18
-20
-17
-18
-22
-26
-30
-29
-34
-34
-30
-33
-36
-28
-37
-30
-28
-33
-30
-31
-22
-28
-24
-27
-28
-27
-25
-26
-34
-31
-33
-30
-21
-18
-14
-9
-6
-7
-12
-15
-11
-3
-2
-3
0
-2
-3
-3
-6
-2
-1
1
-3
-11
-6
-2
-7
-9
-15
-15
-12
-10
-11
-23
-21
-13
-17
-17
-12
-12
-8
-5
-5
-5
1
3
3
-5
-4
4
9
14
11
13
12
15
22
26
33
30
32
38
37
29
27
30
31
34
41
44
49
50
54
50
48
48
46
49
44
42
46
50
42
41
45
45
40
34
37
38
39
44
44
42
44
37
36
32
32
37
45
44
41
44
39
33
26
28
26
32
36
31
28
24
17
17
26
27
27
28
22
11
8
17
14
17
12
9
15
14
13
11
8
8
15
17
17
11
9
3
6
8
3
4
-6
-3
0
-1
11
6
7
5
5
13
14
19
22
21
18
11
10
12
19
21
24
26
23
27
21
16
17
17
17
18
25
26
23
13
9
3
2
7
12
16
11
3
-9
-8
-8
-9
-14
-10
-3
-3
0
1
1
-8
-9
-1
-2
-8
-14
-15
-19
-25
-19
-17
-30
-30
-29
-28
-28
-20
-17
-26
-35
-38
-29
-35
-41
-40
-35
-33
-33
-37
-37
-40
-46
-43
-38
-32
-38
-35
-38
-38
-33
-29
-22
-25
-32
-35
-36
-35
-36
-36
-36
-35
-33
-38
-30
-25
-24
-22
-25
-26
-22
-30
-30
-32
-33
-31
-29
-14
-14
-20
-18
-16
-16
-21
-27
-20
-16
-17
-25
-31
-33
-28
-28
-27
-15
-13
-16
-11
-14
-15
-8
-4
-2
-3
-2
-1
-6
-6
-1
-4
-4
1
8
11
5
-3
-1
-3
-12
-15
-18
-21
-22
-22
-21
-16
-13
-12
-16
-22
-25
-20
-20
-18
-18
-17
-21
-24
-26
-27
-20
-27
-23
-20
-19
-13
-13
-13
-14
-12
-7
1
6
0
-2
4
3
9
17
13
18
17
16
21
19
27
25
22
28
29
21
23
20
17
18
14
15
14
15
11
15
15
23
30
24
20
24
22
20
20
24
28
17
10
5
3
4
16
15
13
16
20
15
9
5
3
9
9
11
14
13
13
15
19
23
22
28
23
27
23
19
24
22
22
25
25
24
25
26
26
29
32
30
31
28
25
28
28
33
33
32
36
36
36
32
32
34
27
32
24
19
20
19
18
18
18
16
27
26
37
42
42
36
38
38
33
36
34
26
33
34
34
31
26
36
30
40
42
48
48
44
38
34
38
34
34
32
30
26
22
20
14
8
9
12
19
19
15
11
13
13
12
7
7
1
-5
-15
-17
-25
-29
-35
-38
-34
-39
-46
-47
-42
-48
-39
-37
-36
-42
-44
-41
-45
-47
-38
-31
-27
-22
-28
-24
-17
-20
-18
-14
-10
-21
-30
-23
-15
-6
-10
-10
-9
-6
1
1
0
1
-10
-15
-8
-5
3
-6
-10
-10
-17
-11
-13
-16
-15
-10
-11
-14
-14
-19
-21
-27
-30
-36
-40
-35
-39
-44
-44
-44
-45
-52
-50
-47
-51
-49
-48
-48
-46
-40
-36
-27
-22
-21
-25
-30
-29
-31
-23
-30
-27
-28
-26
-22
-23
-12
-14
-12
-8
-12
-14
-7
-8
-15
-12
-12
-16
-21
-21
-22
-17
-12
-13
-13
-11
-15
-15
-7
-3
0
-5
-3
-6
-15
-14
-16
-14
-15
-14
-13
-19
-15
-16
-12
-9
-11
-12
-17
-23
-24
-23
-24
-27
-33
-33
-31
-25
-26
-23
-21
-28
-25
-23
-16
-10
-11
-4
2
-2
-1
4
-1
-2
-5
2
9
11
10
9
15
8
9
17
13
8
7
16
14
12
7
6
7
0
-1
3
10
17
15
12
15
14
13
10
12
10
2
4
14
8
2
-3
0
7
11
17
15
16
17
20
19
15
21
24
16
24
23
25
25
19
15
11
11
11
13
12
5
5
13
5
6
6
3
6
3
2
0
-3
-2
2
-3
1
7
10
16
11
10
0
1
1
-1
2
-1
5
5
9
11
9
16
18
17
23
27
31
33
32
35
29
28
30
33
36
39
35
33
29
24
28
32
30
33
36
35
40
48
52
51
54
53
42
35
38
34
29
29
31
33
32
40
40
32
34
39
42
38
34
30
21
15
17
6
7
1
-3
3
2
4
9
9
10
10
4
3
-3
-4
-7
-14
-18
-24
-32
-38
-34
-22
-14
-18
-23
-26
-22
-15
-18
-13
-17
-18
-15
-22
-18
-10
-10
-9
-9
-10
-9
-6
1
3
-1
-5
-7
-6
-6
-10
-12
-15
-16
-21
-26
-23
-23
-20
-15
-11
-13
-9
-9
-15
-13
-11
-8
-7
-9
-12
-20
-8
-2
-4
-7
-12
-11
-11
-7
-9
-17
-19
-21
-29
-22
-23
-22
-27
-28
-31
-38
-38
-37
-31
-30
-28
-20
-15
-20
-14
-15
-18
-12
-16
-10
-13
-10
-9
-15
-16
-18
-15
-14
-12
-7
-4
-5
-1
-3
-3
-7
-11
-13
-9
-2
-2
-10
-10
-2
-4
-8
-3
9
8
4
1
0
4
10
14
13
13
7
6
10
6
12
5
2
1
-1
1
-8
-4
1
-1
-8
-13
-20
-17
-23
-26
-29
-30
-37
-46
-44
-47
-43
-41
-38
-40
-39
-33
-36
-43
-40
-45
-49
-50
-53
-54
-55
-54
-49
-42
-41
-36
-30
-24
-17
-10
-10
-7
-3
-8
-6
-7
0
4
9
12
15
26
26
29
31
31
37
39
41
39
38
36
35
29
21
22
23
22
30
31
30
27
27
19
17
24
27
33
31
28
19
17
9
0
1
-4
1
4
10
9
12
16
18
14
15
8
6
9
8
16
15
7
-5
-7
-8
-9
-1
5
7
12
14
18
18
15
17
16
14
16
12
13
18
14
6
11
9
8
18
19
20
20
27
31
25
26
35
41
41
36
33
28
27
30
31
28
24
17
19
22
20
27
34
34
33
31
26
20
23
21
15
15
19
16
17
24
21
31
38
41
42
35
32
32
34
42
30
25
27
23
21
24
28
26
30
27
25
22
17
12
11
16
20
16
17
10
2
-8
-8
-5
-11
-13
-20
-22
-15
-14
-14
-13
-16
-23
-22
-22
-17
-13
-15
-15
-16
-17
-21
-17
-16
-16
-13
-5
-4
-7
-3
-4
0
-1
9
8
7
10
6
10
12
12
19
19
21
28
24
28
25
18
20
18
18
20
25
29
25
16
15
14
1
-1
-2
-1
-5
-8
-8
-16
-17
-23
-27
-31
-33
-35
-43
-45
-53
-53
-53
-57
-55
-52
-49
-48
-53
-56
-55
-52
-49
-50
-46
-46
-42
-40
-43
-44
-43
-41
-34
-31
-26
-24
-22
-21
-22
-21
-20
-16
-14
-14
-20
-13
-20
-23
-24
-25
-25
-20
-14
-14
-11
-5
-3
-5
4
-2
-7
-7
-12
-9
-5
-2
-1
-3
-5
-7
-7
-5
-13
-13
-14
-21
-20
-25
-26
-32
-34
-35
-28
-23
-24
-24
-28
-28
-27
-30
-25
-23
-31
-34
-31
-32
-28
-27
-32
-29
-26
-26
-20
-21
-24
-19
-23
-26
-27
-28
-26
-23
-24
-15
-8
-11
-10
-3
-6
-5
1
1
9
11
20
25
29
30
24
25
24
23
24
25
21
16
18
19
19
19
20
24
21
15
14
10
13
8
11
13
16
21
14
5
5
11
16
21
21
23
26
24
31
31
29
30
29
29
23
23
25
21
23
24
22
20
25
28
20
13
14
17
17
17
14
8
9
10
5
-1
-2
1
6
11
12
18
20
19
25
33
32
32
32
31
37
43
45
41
42
41
37
42
46
47
49
54
53
47
46
39
39
44
41
48
49
50
55
60
62
65
65
60
57
57
57
46
42
29
26
26
18
18
15
19
21
25
23
22
23
18
14
6
5
6
4
-5
-8
-11
-21
-25
-28
-27
-27
-19
-17
-18
-10
-10
-10
-14
-17
-22
-24
-24
-25
-26
-31
-33
-34
-36
-35
-37
-30
-26
-27
-21
-20
-17
-13
-14
-19
-14
-6
-1
6
5
7
5
4
1
1
9
11
13
13
13
6
6
9
8
7
9
15
7
6
7
10
12
10
15
15
17
19
23
23
22
14
3
0
-4
-6
-10
-7
-6
-13
-20
-25
-25
-26
-23
-26
-39
-36
-40
-44
-47
-50
-48
-50
-55
-49
-51
-48
-41
-43
-45
-54
-54
-56
-56
-50
-45
-42
-44
-40
-40
-43
-37
-34
-31
-27
-27
-27
-28
-30
-31
-27
-24
-27
-30
-23
-22
-25
-32
-29
-30
-33
-28
-29
-23
-21
-19
-21
-20
-23
-23
-23
-25
-17
-19
-24
-25
-31
-40
-35
-31
-32
-21
-19
-24
-25
-27
-22
-15
-15
-12
-5
2
3
4
6
10
8
3
-6
-9
-7
-10
-7
-8
-7
-9
-13
-9
-16
-11
-10
-8
-5
-5
2
1
0
0
-5
-7
-1
8
11
18
21
21
26
30
25
29
40
36
37
36
35
35
31
29
29
33
37
40
41
45
44
34
31
26
21
20
18
11
10
6
2
0
-2
3
2
4
7
8
2
2
2
1
-3
0
4
2
4
5
1
7
7
-1
9
9
16
16
18
17
15
18
18
25
30
26
25
28
22
19
19
21
28
35
34
37
35
22
15
13
17
20
18
16
20
17
12
16
20
23
23
29
27
30
23
18
20
17
20
16
21
26
31
30
27
25
28
30
39
46
46
46
43
41
44
41
35
30
32
37
37
37
37
36
35
27
21
23
22
20
23
20
13
10
7
5
9
4
5
7
4
1
6
2
3
1
-6
-2
1
-4
-8
-13
-13
-4
-15
-20
-21
-24
-28
-25
-15
-15
-10
0
-2
-3
-2
-2
2
3
0
-1
-3
-5
-1
-5
-12
-10
-11
-2
2
4
5
12
18
22
21
15
11
7
1
-4
-3
-1
2
0
3
2
4
5
10
12
9
5
2
2
-5
-4
-1
-7
-13
-17
-21
-24
-27
-30
-31
-34
-36
-33
-41
-38
-39
-40
-46
-51
-51
-48
-48
-59
-64
-67
-76
-82
-81
-71
-61
-55
-62
-62
-62
-61
-57
-58
-59
-57
-53
-56
-61
-59
-63
-61
-50
-42
-38
-26
-17
-10
-4
-4
1
-5
-9
-14
-14
-8
-10
-7
-15
-11
-5
-3
-4
5
6
2
5
3
0
-8
-14
-15
-15
-17
-18
-20
-21
-29
-29
-28
-28
-27
-29
-29
-22
-19
-16
-11
-5
-3
-3
-2
-8
-17
-21
-28
-30
-28
-26
-29
-27
-26
-25
-23
-24
-17
-16
-15
-17
-13
-18
-17
-13
-11
-2
2
9
8
12
16
22
24
22
18
21
27
21
17
20
25
24
24
19
18
23
28
30
30
31
27
22
24
22
24
22
17
18
19
19
15
17
15
23
25
28
32
24
21
20
23
24
21
17
17
20
15
10
10
10
10
9
12
11
9
13
19
16
23
18
16
23
22
17
16
17
19
21
23
30
29
29
32
39
44
48
50
51
48
48
49
42
47
54
55
58
56
55
52
52
53
55
61
56
57
51
51
47
50
53
47
51
40
39
38
35
36
34
29
21
19
14
10
13
12
10
15
20
20
14
13
12
12
14
8
5
-4
-6
-5
-3
3
0
0
-2
1
7
7
6
3
2
2
1
4
2
-5
-2
3
15
17
19
24
12
9
7
0
-1
-1
1
8
8
7
6
10
16
18
21
24
15
10
4
0
-1
-3
-7
-9
-12
-9
-1
1
5
6
9
13
11
2
-7
-5
-11
-12
-19
-25
-31
-39
-37
-51
-47
-50
-48
-46
-49
-48
-51
-52
-53
-53
-60
-61
-57
-62
-68
-73
-77
-66
-62
-64
-60
-61
-57
-49
-45
-41
-39
-37
-39
-40
-42
-52
-50
-51
-53
-55
-53
-52
-52
-52
-50
-47
-46
-47
-49
-47
-44
-48
-52
-52
-57
-57
-52
-56
-54
-56
-48
-41
-40
-42
-40
-40
-32
-24
-26
-30
-27
-21
-24
-25
-23
-20
-18
-12
-7
-7
-11
-6
-5
-2
-6
-10
-7
-6
-3
-3
-4
0
5
1
-3
1
1
-3
1
-2
-2
-3
-3
-5
-8
-11
-8
-5
-4
1
-3
-8
-4
0
3
11
19
17
23
25
16
16
14
13
16
18
20
19
16
18
26
34
38
42
46
44
37
37
37
36
29
26
30
20
21
27
25
24
23
30
35
39
38
39
40
35
24
21
19
20
18
20
22
24
25
22
22
21
23
26
30
27
24
25
31
29
31
29
26
31
29
27
25
25
23
19
23
25
21
20
19
21
30
34
37
33
31
28
33
31
28
28
29
31
29
28
32
35
35
36
41
46
48
55
63
60
54
51
50
46
50
53
47
49
53
51
51
52
52
49
45
48
48
42
34
30
32
26
24
15
15
16
18
20
11
9
2
2
7
6
4
-5
-9
-14
-19
-11
-6
-7
5
11
11
7
9
9
5
9
12
14
11
13
11
11
12
7
9
6
3
8
9
10
5
2
0
-11
-11
-10
-12
-13
-16
-19
-23
-26
-32
-27
-24
-26
-27
-25
-21
-22
-22
-29
-29
-37
-38
-42
-50
-54
-49
-45
-53
-49
-53
-44
-33
-29
-29
-28
-20
-23
-20
-21
-21
-20
-24
-35
-30
-31
-35
-28
-31
-30
-28
-28
-30
-28
-28
-32
-28
-32
-36
-46
-48
-45
-49
-57
-64
-60
-60
-58
-57
-46
-44
-39
-32
-38
-43
-41
-46
-52
-54
-62
-71
-72
-67
-70
-58
-57
-63
-55
-50
-47
-46
-37
-42
-44
-54
-62
-64
-64
-59
-58
-57
-48
-40
-44
-45
-38
-32
-28
-28
-25
-22
-25
-27
-26
-19
-19
-20
-13
-11
-10
-8
-9
-5
0
4
7
14
13
16
16
14
16
15
17
18
29
27
20
22
20
15
15
16
18
24
19
25
24
25
32
29
28
26
27
30
38
42
51
56
57
56
52
55
55
58
55
51
43
33
30
25
25
15
14
23
26
33
34
34
35
34
32
31
29
27
23
12
9
6
-4
-1
3
3
3
3
0
4
5
2
12
11
13
9
10
2
0
2
-4
2
2
3
3
4
3
2
9
13
28
35
33
35
36
34
39
42
44
46
39
36
33
34
31
31
39
45
52
50
43
41
42
43
41
37
38
37
39
34
24
22
15
27
32
36
45
31
25
22
17
20
28
25
26
21
17
16
17
20
17
18
13
14
17
6
-5
-7
0
3
-2
0
2
-7
-13
-9
-2
3
4
4
1
-1
-9
-16
-7
-6
-8
-13
-15
-20
-24
-28
-24
-18
-18
-18
-22
-16
-16
-22
-24
-26
-20
-21
-21
-13
-23
-24
-28
-30
-22
-24
-25
-18
-16
-11
-10
-10
-4
-11
-6
-6
-7
-6
-4
-4
-9
-14
-17
-15
-18
-18
-16
-16
-10
-13
-14
-9
-11
-14
-18
-17
-17
-19
-14
-17
-23
-32
-38
-40
-41
-33
-28
-27
-33
-40
-47
-48
-48
-40
-31
-30
-30
-36
-39
-51
-53
-53
-46
-32
-25
-28
-29
-24
-26
-23
-22
-22
-15
-22
-27
-22
-25
-25
-26
-29
-24
-17
-17
-12
-10
-8
-16
-17
-10
-12
-18
-20
-14
-18
-18
-17
-18
-13
-14
-11
-3
-3
-6
-4
-1
1
1
6
6
-5
-7
-13
-13
-18
-19
-13
-9
-9
-15
-12
-10
-8
-6
-9
-7
-7
-10
-2
-6
1
-4
-5
-1
0
1
-4
2
6
10
7
6
8
7
1
2
8
7
9
10
7
10
6
2
6
12
16
18
17
24
21
15
20
28
31
33
29
25
23
22
23
18
19
22
16
18
22
24
23
23
27
28
24
23
21
24
26
24
22
19
20
14
21
25
18
21
20
24
25
30
36
40
47
51
51
45
44
40
42
39
38
32
27
29
32
29
23
29
30
32
27
25
28
20
19
16
10
11
12
14
18
16
15
11
8
9
8
10
6
1
-9
-12
-5
-2
-5
-3
7
2
3
5
0
1
-3
-9
-11
-18
-16
-19
-19
-10
-13
-12
-12
-8
-12
-14
-20
-22
-19
-19
-22
-23
-19
-22
-12
-8
0
2
1
-3
-5
-2
-1
8
6
2
-6
-4
-5
-3
-6
-10
-8
-12
-16
-20
-18
-17
-20
-18
-14
-15
-7
-2
-1
6
1
-12
-8
-3
-7
-9
-11
-14
-12
-18
-21
-18
-26
-27
-22
-11
-1
1
8
10
8
9
8
7
11
12
3
6
2
-5
-4
-4
-1
0
2
4
12
10
7
6
0
6
6
7
13
11
9
11
11
11
10
7
2
3
14
12
10
12
9
15
14
14
13
11
14
20
24
26
29
16
13
17
9
4
4
4
1
2
7
8
5
5
-2
-2
2
-3
-3
-5
-11
-15
-20
-23
-19
-25
-21
-25
-31
-31
-37
-34
-38
-37
-36
-37
-27
-23
-21
-22
-25
-25
-21
-20
-22
-20
-19
-17
-13
-6
-4
-6
3
12
12
19
20
18
25
22
27
27
23
21
18
22
31
34
27
34
29
22
23
18
17
13
12
11
8
4
-5
-15
-15
-24
-32
-31
-31
-30
-32
-38
-43
-39
-44
-40
-33
-38
-44
-48
-44
-37
-43
-40
-35
-33
-40
-41
-38
-46
-46
-47
-37
-33
-31
-29
-24
-20
-26
-24
-27
-14
-4
0
2
-4
1
0
5
7
17
26
31
31
16
20
20
21
25
27
28
21
23
15
18
15
11
11
13
16
19
16
8
15
14
13
9
9
2
-6
-6
-7
3
2
-5
-6
-4
-3
-4
3
-3
-7
-14
-15
-8
-9
-11
-10
-8
-7
-7
-12
-17
-14
-12
-13
-7
5
6
9
7
1
-2
-3
-2
11
16
10
15
20
22
20
18
20
23
23
16
10
10
-2
-8
-6
-9
1
3
7
17
24
28
32
38
33
36
33
29
35
30
27
16
14
10
11
17
14
10
7
3
15
20
16
16
12
13
6
2
6
1
-3
-4
-8
-12
-10
-12
-12
-8
-2
1
1
5
10
2
2
-1
-3
-1
-2
6
-1
-3
-7
-5
-2
5
17
25
31
34
28
21
22
21
22
24
32
38
40
41
37
39
46
51
55
54
54
50
44
34
29
34
27
30
28
26
24
17
17
15
16
6
4
10
7
3
0
-5
-4
-7
-9
-16
-16
-19
-25
-28
-30
-37
-40
-33
-25
-18
-20
-23
-28
-29
-34
-35
-34
-44
-35
-31
-24
-22
-27
-26
-26
-11
-1
4
7
8
8
5
2
-8
-10
-10
-2
7
0
-1
4
3
1
3
8
20
18
15
18
13
8
5
-5
-11
-4
-14
-18
-12
-10
-4
-13
-19
-19
-20
-22
-23
-21
-25
-26
-26
-36
-37
-40
-50
-55
-56
-55
-54
-58
-60
-58
-54
-53
-49
-47
-33
-32
-34
-33
-34
-35
-42
-38
-36
-20
-15
-22
-20
-15
-10
-12
-10
-3
9
14
18
26
28
27
18
19
18
15
18
20
24
30
33
34
37
39
34
34
28
30
27
26
22
13
8
-9
-6
3
1
7
2
7
4
-3
-3
-3
-8
-10
-10
-9
-5
-12
-12
-10
-13
-18
-26
-31
-30
-29
-25
-23
-24
-19
-24
-26
-23
-25
-30
-28
-25
-22
-22
-34
-36
-30
-23
-18
-17
-14
-11
-12
-9
-11
-4
5
5
7
5
3
5
7
5
14
26
33
40
44
47
52
55
59
57
58
67
67
59
52
46
44
41
53
62
63
60
57
58
52
48
49
46
42
41
40
35
32
30
30
23
23
15
10
16
15
10
9
13
8
4
15
12
2
-1
-7
-14
-13
-11
-16
-12
-12
-21
-17
-4
-7
-6
-3
-1
5
-3
-6
-13
-14
-18
-24
-12
-16
-16
-15
-11
0
3
5
9
11
6
10
11
11
13
6
4
-1
2
9
11
18
22
19
21
30
27
27
26
32
32
31
32
29
33
22
15
16
21
21
18
15
11
11
11
16
14
8
6
3
6
10
5
-11
-19
-21
-30
-35
-33
-24
-22
-26
-27
-29
-26
-29
-34
-33
-31
-37
-38
-37
-40
-36
-33
-24
-15
-5
2
1
3
12
12
11
13
16
20
17
14
11
15
16
20
20
28
45
42
45
46
41
31
20
18
15
9
4
-7
-10
-10
-12
-19
-14
-8
-6
-6
-19
-17
-22
-27
-31
-37
-36
-36
-35
-41
-42
-44
-46
-41
-34
-30
-35
-38
-39
-33
-35
-41
-44
-47
-45
-51
-52
-51
-53
-55
-50
-38
-33
-34
-38
-30
-19
-19
-16
-13
-7
-5
-3
6
-2
-13
-7
-5
1
8
9
6
7
8
1
0
0
2
5
11
4
-8
-14
-28
-21
-20
-20
-19
-19
-14
-18
-23
-25
-24
-21
-19
-18
-13
-20
-29
-33
-38
-33
-23
-25
-25
-27
-28
-41
-39
-31
-23
-14
-17
-8
1
5
-5
-7
-6
-14
-15
-12
-8
-7
-12
-9
-1
9
11
7
15
23
32
31
31
33
25
20
17
11
6
14
12
21
22
19
16
20
16
9
14
14
12
8
5
-2
2
2
12
13
8
13
11
20
19
22
24
17
19
14
15
16
17
22
26
25
26
31
31
29
37
34
32
36
38
44
45
37
28
27
17
27
37
34
29
33
30
21
13
6
1
1
4
-2
-2
-4
-11
-17
-18
-20
-21
-18
-20
-24
-26
-29
-36
-33
-29
-21
-16
-15
-9
-7
-7
-10
-8
1
2
0
6
7
1
1
10
26
31
30
31
44
46
45
34
30
43
41
39
34
41
47
39
40
41
47
61
64
61
61
59
45
37
35
26
29
27
27
29
23
19
26
32
34
28
24
21
25
21
6
4
-3
4
2
-3
1
-1
-12
-13
-18
-26
-26
-30
-28
-25
-29
-34
-39
-37
-34
-36
-40
-42
-30
-26
-27
-28
-27
-29
-25
-22
-18
-20
-16
-5
-2
5
11
17
11
7
15
17
17
19
11
5
6
8
12
13
11
-2
-7
-11
-5
0
-4
-4
-6
-6
-12
-20
-31
-36
-34
-31
-27
-13
-18
-22
-29
-28
-27
-26
-24
-25
-13
-16
-22
-23
-30
-32
-30
-37
-32
-32
-37
-36
-37
-38
-37
-37
-32
-17
-19
-17
-17
-16
-14
-20
-11
-8
-13
-9
-20
-24
-30
-29
-29
-24
-18
-23
-20
-24
-24
-23
-27
-30
-33
-32
-29
-30
-28
-26
-19
-23
-22
-21
-22
-11
-11
-11
0
4
-7
-22
-32
-33
-38
-31
-33
-33
-31
-38
-42
-45
-39
-27
-20
-17
-18
-7
-9
-22
-22
-20
-20
-20
-14
-2
-3
0
0
-3
-2
-3
-15
-15
-9
-11
-8
-11
-7
-1
-1
-1
7
10
9
6
1
1
8
15
24
25
20
17
20
25
25
27
23
17
22
25
20
18
9
11
13
7
16
13
13
12
16
21
20
13
5
4
2
8
18
19
17
10
11
13
13
19
19
19
25
33
35
32
34
31
30
36
31
29
24
13
16
20
20
23
30
30
30
25
22
22
19
16
21
23
21
23
15
6
4
8
11
16
12
9
9
-1
6
15
21
23
25
20
12
9
8
6
9
12
15
23
24
19
18
23
29
35
37
42
50
48
45
42
38
31
31
31
34
39
35
33
37
43
40
32
34
39
34
31
25
19
18
11
11
12
19
18
18
25
20
15
10
3
1
2
-4
-1
1
4
2
8
5
-4
-4
-2
-1
5
2
-8
-9
-12
-9
-19
-20
-28
-26
-31
-35
-23
-25
-28
-27
-16
-12
-10
-8
-7
-12
-11
-14
-20
-17
-11
-11
-19
-25
-22
-18
-19
-18
-13
-15
-16
-5
-6
-10
-12
-14
-16
-6
-1
-1
-3
-10
-16
-19
-23
-22
-7
-4
-8
-13
-8
-5
-13
-16
-16
-7
-9
-16
-16
-26
-29
-28
-24
-20
-24
-38
-40
-35
-31
-34
-29
-22
-20
-20
-15
-8
-5
-2
-8
-8
-5
-5
-8
-6
-12
-20
-23
-18
-11
-2
-4
-3
-6
-9
-13
-24
-22
-24
-10
-4
-5
-11
-20
-22
-26
-26
-18
-14
-17
-21
-20
-24
-21
-12
-14
-17
-17
-15
-13
-25
-35
-31
-30
-22
-16
-14
-14
-17
-20
-22
-11
-7
-18
-16
-28
-30
-33
-35
-23
-22
-12
-16
-21
-17
-22
-26
-21
-15
-14
-8
-17
-27
-24
-23
-27
-27
-28
-27
-28
-37
-28
-28
-31
-25
-26
-11
-4
1
6
1
-2
-3
-4
-4
-1
3
9
10
19
23
27
30
27
23
23
28
21
11
10
10
12
11
7
7
10
17
15
16
23
26
27
35
42
36
28
29
29
38
37
35
46
42
43
47
46
55
62
69
72
66
65
53
52
56
51
43
47
48
41
36
28
29
31
31
34
36
40
45
46
40
42
36
28
31
32
31
29
25
27
29
28
25
26
26
20
12
9
3
4
4
11
16
11
10
4
1
7
4
3
2
2
5
1
8
5
6
10
10
15
21
21
15
5
6
4
5
3
-2
2
0
-8
-15
-15
-17
1
7
12
19
14
10
8
11
10
8
7
11
11
6
2
-3
-1
-12
-12
-5
1
1
2
8
4
5
-1
-5
7
3
5
5
3
-2
-3
8
10
4
-2
-4
7
13
10
4
3
16
17
15
14
8
11
11
13
8
9
9
0
-5
-14
-17
-10
-8
-4
-4
-5
-8
-11
-11
-19
-21
-16
-14
0
2
-1
-9
-4
0
-2
-5
-3
-6
-11
-14
-12
-14
-25
-29
-32
-30
-34
-32
-35
-34
-25
-20
-25
-23
-19
-19
-16
-15
-25
-29
-29
-40
-50
-42
-21
-13
-12
-14
-4
-3
-13
-17
-18
-19
-19
-29
-29
-15
-17
-21
-22
-12
-10
-8
-8
-5
3
-2
-17
-22
-18
-27
-29
-23
-17
-22
-28
-27
-21
-24
-32
-23
-24
-22
-25
-25
-25
-25
-36
-35
-33
-37
-33
-35
-36
-41
-40
-39
-39
-35
-40
-39
-33
-27
-31
-36
-28
-24
-26
-28
-25
-27
-21
-16
-17
-9
-16
-24
-20
-19
-19
-19
-9
6
10
7
7
14
8
3
11
9
2
2
0
2
-4
-8
-4
-5
11
14
15
18
17
20
16
14
9
13
7
6
7
-3
-14
-17
-11
-19
-27
-25
-20
-12
-14
-23
-16
-14
-21
-19
-13
-13
-20
-30
-39
-35
-35
-43
-35
-21
-10
-5
-1
7
6
4
15
21
23
20
20
20
8
2
7
13
21
31
27
38
55
49
45
38
45
42
42
49
46
45
44
40
44
50
56
59
56
61
66
75
66
65
66
60
66
71
71
69
62
45
42
39
31
25
18
31
29
30
31
34
45
39
37
43
45
37
35
30
26
34
35
32
22
14
14
17
14
12
16
12
11
14
13
13
15
14
14
20
7
7
6
6
9
3
7
3
5
-2
-11
-5
-6
1
-4
1
3
3
7
7
12
9
13
6
-3
3
2
-1
0
4
0
-5
-5
-8
-14
-3
-2
-5
2
-5
1
8
6
-5
-9
-7
-3
-5
-10
-9
-16
-22
-23
-23
-17
-9
-7
-6
-2
5
0
-14
-19
-25
-21
-17
-17
-15
-8
-3
6
17
16
19
11
5
-2
4
4
-4
-9
-19
-17
-17
-14
-7
-9
-16
-12
-21
-18
-19
-29
-25
-24
-23
-21
-28
-29
-29
-27
-22
-27
-22
-20
-32
-25
-15
-13
-23
-22
-20
-15
-12
-16
-21
-20
-14
-20
-12
-4
-10
-20
-20
-11
-9
0
-2
-7
-5
-3
-7
-12
-21
-20
-19
-22
-23
-27
-31
-31
-35
-46
-36
-35
-41
-38
-38
-38
-30
-30
-31
-22
-18
-22
-16
-20
-30
-36
-38
-33
-28
-32
-32
-34
-40
-47
-53
-44
-43
-40
-43
-39
-35
-37
-39
-40
-39
-30
-22
-26
-27
-31
-28
-24
-21
-9
-8
-10
0
5
4
-3
2
12
10
22
24
20
12
7
2
1
-6
-4
5
7
9
2
-8
-10
-8
-4
1
8
7
5
4
8
4
-1
6
11
17
17
14
12
16
20
18
22
24
26
30
27
28
33
31
30
31
31
24
23
20
14
20
21
24
27
20
20
23
20
23
25
28
33
38
35
26
23
15
21
25
32
34
35
34
27
24
15
12
15
11
11
15
7
10
15
15
11
18
20
27
42
41
37
37
36
30
34
36
39
44
41
38
36
35
30
21
26
39
42
42
39
38
36
33
37
45
43
36
37
38
35
30
25
17
12
13
8
8
3
-1
3
-6
-2
7
5
-2
-2
-2
-4
-10
-18
-26
-33
-30
-26
-17
1
0
-5
-3
-8
-11
-18
-25
-10
3
3
-3
-6
-4
5
7
4
5
1
-5
4
2
1
9
7
14
13
10
8
7
-1
1
-3
-8
-9
-1
4
0
7
7
13
16
14
4
4
-1
-10
-18
-19
-19
-15
-20
-17
-12
-16
-15
-18
-16
-14
-17
-12
-13
-18
-19
-16
-18
-26
-27
-25
-24
-25
-24
-16
-18
-20
-8
-6
-7
-4
-6
-7
-7
-10
-14
-15
-13
-17
-17
-10
-18
-20
-29
-37
-33
-34
-40
-32
-20
-21
-21
-17
-12
-14
-20
-12
-3
-3
-6
-7
-2
0
-2
1
-4
1
11
7
8
-3
-11
-13
-21
-21
-21
-22
-17
-12
-16
-20
-16
-17
-27
-37
-30
-23
-22
-27
-28
-30
-36
-39
-36
-31
-31
-28
-30
-33
-34
-37
-38
-36
-36
-38
-35
-32
-39
-39
-33
-31
-32
-39
-37
-34
-32
-33
-39
-36
-37
-36
-35
-30
-28
-27
-20
-19
-26
-25
-31
-28
-24
-22
-10
-5
-1
-2
-1
-11
-17
-14
-8
0
9
11
12
16
15
16
9
2
7
14
20
22
23
23
20
21
20
32
33
32
38
26
19
11
2
0
-7
-7
-4
-5
-14
-19
-23
-26
-23
-19
-14
-19
-15
-14
-19
-22
-27
-22
-18
-15
-8
-8
-1
6
2
13
11
12
15
10
19
16
20
24
21
23
16
18
19
24
30
31
39
36
42
45
46
45
36
41
43
38
34
36
36
38
37
42
46
57
60
62
74
76
82
86
82
76
73
74
72
73
66
59
54
55
53
51
58
55
58
59
59
59
53
48
42
35
34
29
35
38
31
33
24
25
17
17
18
12
11
7
4
0
11
14
4
8
7
7
4
7
19
17
9
11
7
3
7
5
11
9
10
13
3
-3
-7
-13
-21
-19
-11
-7
-4
-9
-12
-7
-4
-6
-5
-6
-6
-10
-5
-8
-16
-16
-7
0
2
4
6
21
15
16
22
22
27
23
29
28
27
31
24
28
26
22
25
27
18
28
23
11
11
3
4
5
7
3
-4
-10
-19
-28
-30
-35
-29
-26
-37
-28
-22
-24
-19
-24
-30
-31
-33
-32
-37
-34
-42
-47
-51
-54
-58
-60
-53
-53
-56
-53
-40
-39
-39
-42
-45
-45
-47
-49
-47
-47
-52
-52
-50
-49
-47
-44
-40
-26
-21
-15
-10
-11
-8
-9
-11
-17
-24
-23
-33
-35
-30
-26
-20
-19
-20
-20
-17
-22
-22
-26
-30
-28
-30
-31
-36
-41
-51
-58
-54
-56
-57
-53
-52
-43
-49
-48
-48
-55
-54
-49
-47
-43
-34
-42
-48
-53
-58
-63
-64
-59
-51
-41
-40
-37
-34
-34
-30
-28
-29
-26
-28
-24
-21
-28
-26
-22
-22
-18
-11
-1
10
13
13
11
11
5
3
8
7
5
0
-5
-5
-8
-3
2
7
16
20
31
29
32
39
33
35
35
30
28
32
28
28
28
20
22
21
16
19
29
28
28
24
23
29
22
18
20
26
29
33
30
21
25
21
20
32
31
32
28
31
37
41
38
37
38
37
35
35
45
44
40
42
43
44
42
36
37
39
37
42
49
52
51
55
57
54
51
52
50
52
59
62
65
60
55
54
55
54
53
60
64
63
63
66
64
60
60
62
61
55
54
53
46
42
35
40
43
45
47
38
32
36
36
34
24
22
21
13
8
1
-2
-7
-6
-5
0
-4
-9
-22
-21
-17
-17
-21
-25
-27
-32
-38
-38
-40
-40
-32
-30
-25
-22
-21
-17
-22
-31
-32
-32
-24
-27
-32
-31
-35
-24
-24
-20
-24
-23
-18
-14
-18
-20
-15
-13
-12
-11
-3
-7
-3
-5
-5
2
2
4
9
8
10
9
2
3
7
4
8
10
7
13
13
11
10
2
-1
-1
4
6
8
6
4
18
13
3
1
-5
-8
-12
-18
-19
-22
-22
-18
-28
-22
-23
-27
-29
-30
-30
-30
-30
-35
-36
-42
-47
-52
-50
-48
-51
-56
-59
-57
-56
-50
-54
-55
-54
-54
-54
-56
-52
-54
-56
-53
-49
-48
-48
-51
-54
-56
-62
-60
-65
-66
-64
-67
-71
-68
-60
-52
-47
-43
-34
-32
-29
-34
-33
-38
-41
-32
-23
-19
-26
-24
-19
-17
-15
-16
-3
-8
-13
-14
-18
-18
-21
-18
-15
-18
-16
-14
-15
-9
-12
-12
-13
-13
-13
-11
-4
-4
-3
-3
1
5
13
17
19
22
19
17
13
8
5
6
14
26
27
34
35
32
40
38
44
43
38
41
47
47
41
40
36
40
41
44
47
46
51
57
62
59
48
42
32
28
24
25
25
24
28
29
22
18
19
10
21
20
22
17
9
9
0
-2
-10
-9
-4
-10
0
3
2
-1
-1
9
11
13
11
-2
1
4
9
18
22
23
24
24
23
22
15
16
19
20
32
31
39
50
45
46
45
36
39
42
32
28
32
29
29
35
37
35
40
41
39
38
40
37
40
37
34
29
19
10
8
16
20
19
22
21
23
17
14
22
15
10
17
21
16
15
16
12
21
29
27
32
29
26
29
23
29
30
33
27
23
28
29
21
13
16
15
15
14
9
8
12
6
6
11
7
8
-2
-2
1
6
5
-1
-8
-10
-9
-9
-11
-17
-21
-22
-20
-18
-5
-8
-11
-12
-10
-8
-15
-17
-15
-25
-23
-22
-23
-22
-27
-29
-32
-32
-20
-20
-24
-19
-15
-21
-22
-18
-21
-26
-32
-27
-30
-32
-29
-31
-33
-31
-28
-29
-30
-38
-47
-41
-33
-28
-27
-28
-29
-27
-28
-33
-39
-32
-24
-23
-17
-17
-28
-34
-39
-42
-37
-38
-32
-35
-30
-23
-36
-34
-35
-45
-32
-20
-19
-14
-14
-17
-16
-10
-9
-5
-2
-2
-2
6
1
2
19
25
18
26
35
35
33
28
27
18
11
9
6
2
4
3
-1
11
16
8
6
18
17
16
16
15
18
11
0
4
1
-10
-12
-8
2
-5
-15
-26
-30
-23
-28
-28
-25
-18
-26
-29
-19
-17
-17
-21
-20
-13
-14
-22
-22
-18
-25
-35
-19
-22
-29
-17
-20
-22
-27
-27
-27
-30
-27
-31
-38
-32
-29
-35
-33
-39
-42
-40
-40
-42
-29
-31
-40
-33
-44
-34
-26
-30
-33
-28
-24
-26
-18
-12
-19
-13
-6
-24
-25
-20
-19
-21
-16
-5
-6
-11
-20
-14
-15
-17
-1
11
18
12
19
32
30
35
42
47
41
43
42
34
36
38
30
38
55
58
60
63
73
70
64
73
65
48
42
41
53
50
41
45
45
37
34
47
55
49
46
47
40
47
53
45
35
20
15
24
21
16
11
-1
-11
-8
1
5
4
-8
-8
0
2
-1
-7
-2
-8
-5
4
2
6
7
17
12
6
26
20
15
14
8
14
15
11
17
19
8
14
18
14
11
19
22
11
29
31
26
17
17
12
12
23
13
17
22
25
16
18
16
-1
-6
1
1
-9
-14
-13
-2
-6
-12
-6
-6
-18
-20
-16
-22
-27
-33
-31
-25
-30
-25
-25
-32
-20
-18
-23
-31
-33
-24
-28
-27
-23
-25
-27
-30
-27
-14
-16
-21
-17
-21
-11
-13
-14
-7
5
9
7
28
33
33
33
28
22
31
28
20
28
39
41
39
53
47
53
55
48
45
44
43
35
37
34
37
32
33
34
26
31
28
24
22
15
9
15
17
4
-7
-8
-16
-26
-27
-21
-24
-41
-44
-47
-54
-52
-54
-64
-63
-57
-58
-56
-61
-66
-64
-64
-66
-62
-58
-59
-60
-60
-55
-56
-59
-56
-51
-39
-43
-46
-44
-43
-43
-61
-66
-51
-45
-43
-42
-36
-26
-31
-23
-14
-11
-16
-8
-2
-7
-2
-5
-8
-19
-21
-14
-3
-6
-4
-2
-6
2
0
0
0
-4
-5
-1
1
2
2
7
8
-3
0
-3
-2
-1
-1
-3
-9
2
3
-3
-8
-6
-9
-12
-8
-10
-14
-13
-14
-15
-14
-17
-18
-12
-18
-20
-12
-13
-20
-20
-15
-16
-9
-1
4
-1
-5
5
4
6
8
-1
-3
-7
-4
2
10
-1
-1
15
13
11
12
15
18
15
13
13
8
5
13
22
21
23
24
25
24
21
22
28
33
27
26
36
41
45
43
55
60
61
65
60
57
54
54
52
46
35
33
39
39
42
41
48
45
49
60
53
37
30
26
21
21
13
6
5
0
1
9
7
1
-4
-3
-8
-10
-6
-5
-8
-11
-10
-12
-12
-12
-18
-16
-20
-20
-29
-30
-19
-22
-16
-17
-9
-3
0
6
7
12
14
15
13
15
18
9
13
19
17
18
24
31
31
43
43
52
56
59
59
62
70
69
69
67
61
63
57
49
51
53
51
53
58
64
59
57
59
52
46
36
33
33
30
22
18
15
21
17
13
5
-9
-5
-17
-20
-20
-23
-26
-29
-27
-21
-19
-28
-29
-41
-41
-38
-37
-36
-37
-41
-50
-42
-37
-36
-33
-42
-39
-41
-46
-44
-42
-35
-30
-31
-28
-28
-37
-40
-43
-28
-16
-27
-27
-25
-22
-22
-21
-9
-3
-4
1
9
4
2
4
1
3
-3
-8
-4
-8
0
10
7
5
10
12
8
11
9
8
-1
-2
3
5
-10
-18
-15
-22
-22
-21
-12
-18
-33
-36
-32
-31
-37
-36
-45
-55
-53
-54
-61
-62
-67
-69
-59
-63
-60
-58
-63
-65
-62
-59
-66
-64
-65
-67
-61
-60
-52
-46
-51
-49
-52
-47
-38
-37
-31
-23
-18
-25
-34
-28
-27
-28
-17
-17
-19
-12
-10
-3
-5
0
-2
2
5
6
12
10
7
5
10
13
8
3
7
7
2
12
10
0
5
2
-1
-11
-13
-8
-5
-4
-4
1
-7
-11
-7
-1
-7
-11
-16
-19
-13
-12
-17
-24
-24
-24
-20
-29
-30
-21
-23
-26
-15
-9
-17
-18
-17
-18
-9
-5
-7
4
6
8
9
12
24
27
34
38
45
49
47
55
61
65
68
75
87
93
94
83
83
88
91
99
97
93
95
88
83
92
89
93
96
82
85
87
76
60
53
52
49
49
42
29
22
22
15
18
14
6
7
7
-4
-4
-5
-9
-7
-5
-11
-16
-9
-9
-5
2
5
-1
-1
4
4
4
-2
0
8
10
16
14
5
3
5
5
5
11
9
6
11
15
25
18
17
18
10
12
20
19
11
17
20
23
25
14
13
15
22
20
18
21
24
24
20
19
19
22
16
13
16
7
0
-2
-7
-12
-22
-24
-17
-18
-15
-18
-28
-29
-39
-46
-43
-45
-45
-39
-31
-34
-37
-37
-32
-37
-41
-38
-36
-37
-38
-30
-22
-19
-18
-17
-14
-12
-11
-9
-10
-18
-17
-22
-21
-18
-16
-8
-11
-3
3
8
10
8
6
5
12
16
12
1
6
4
3
3
-6
-8
-4
0
5
13
10
0
-6
-7
-15
-18
-14
-18
-28
-19
-26
-35
-37
-43
-36
-38
-34
-29
-30
-27
-24
-24
-23
-27
-28
-27
-29
-27
-30
-29
-27
-25
-25
-31
-39
-45
-41
-35
-31
-32
-36
-42
-40
-42
-43
-40
-44
-40
-35
-34
-28
-21
-25
-20
-17
-15
-15
-11
-9
-11
-1
-3
-5
-5
-13
-12
-18
-14
-17
-15
-16
-26
-17
-13
-17
-15
-14
-13
-23
-25
-23
-21
-23
-27
-24
-20
-16
-16
-14
-26
-29
-27
-29
-30
-34
-35
-32
-29
-26
-31
-28
-18
-21
-17
-9
1
-4
-4
7
3
0
3
15
16
16
17
23
31
29
36
40
35
36
37
30
27
34
33
38
38
45
47
54
49
40
41
41
44
38
43
44
44
52
58
65
60
56
60
55
54
53
43
35
30
28
24
23
23
21
29
31
37
35
33
29
23
20
19
19
13
14
10
7
6
4
4
7
20
19
14
13
5
5
-1
-3
4
0
4
8
12
11
2
-4
-1
-2
-3
16
25
25
28
32
33
28
26
27
23
15
22
17
9
9
10
18
17
14
18
24
22
21
20
16
11
17
10
16
22
15
12
2
9
7
7
15
12
13
15
15
11
10
15
8
-3
-7
-11
-5
-5
3
6
3
-6
-9
-4
-2
1
6
10
5
5
7
5
5
8
8
7
10
9
16
18
11
5
7
6
7
13
7
6
7
14
15
8
3
-2
-4
-3
-2
7
16
13
15
24
28
21
18
20
21
25
18
17
4
-7
-4
-11
-3
0
7
14
12
2
4
5
-2
1
2
4
2
1
-4
-12
-12
-18
-19
-20
-21
-17
-18
-24
-22
-24
-26
-23
-27
-23
-30
-45
-51
-54
-55
-58
-62
-55
-49
-54
-46
-47
-52
-53
-51
-48
-44
-39
-40
-43
-51
-55
-58
-60
-59
-61
-61
-49
-44
-38
-30
-30
-18
-16
-17
-18
-23
-22
-21
-20
-25
-25
-22
-17
-13
0
-1
5
15
12
18
18
15
13
12
4
2
3
-6
-8
-13
-7
-9
-13
-16
-16
-14
-29
-25
-22
-16
-19
-25
-25
-28
-30
-29
-26
-36
-32
-34
-34
-38
-49
-42
-42
-33
-21
-18
-17
-20
-27
-29
-34
-28
-23
-20
-21
-23
-17
-20
-17
-12
-9
-8
7
16
11
12
17
13
12
19
15
3
-5
-16
-19
-11
-7
-6
-2
1
2
4
5
6
4
7
11
5
1
2
1
1
7
16
22
24
27
29
25
29
31
26
25
23
17
18
22
12
10
18
20
20
26
21
6
2
11
21
29
36
38
37
33
26
16
17
23
27
41
41
41
43
39
41
40
41
37
31
31
35
37
25
24
21
15
17
25
26
23
25
32
39
40
37
39
38
49
58
51
43
35
32
23
20
30
39
35
44
51
42
39
37
21
16
21
25
28
25
27
23
17
23
24
29
37
38
29
23
16
11
12
13
16
20
25
21
22
17
11
3
6
19
21
18
14
8
12
13
6
-3
-4
2
8
14
14
4
-6
-13
-16
-9
6
21
20
29
24
6
-3
-6
-2
1
10
12
5
3
-2
-3
4
9
8
10
12
3
-9
-5
-7
-16
-15
-8
-16
-15
-17
-23
-18
-18
-18
-21
-27
-37
-39
-45
-50
-41
-35
-40
-49
-49
-45
-52
-50
-55
-56
-50
-50
-47
-38
-35
-45
-48
-51
-59
-53
-39
-35
-31
-28
-29
-43
-42
-34
-29
-24
-26
-26
-37
-39
-34
-33
-35
-38
-34
-38
-27
-17
-15
-17
-31
-24
-20
-6
-4
-13
-11
-13
-19
-20
-15
-28
-34
-30
-26
-19
-10
-7
-14
-20
-14
-17
-21
-10
-14
-19
-24
-32
-34
-32
-31
-19
-17
-21
-19
-26
-32
-25
-28
-32
-18
-18
-22
-24
-30
-33
-38
-40
-34
-24
-17
-20
-21
-17
-11
-14
-7
-6
-16
-19
-25
-25
-25
-23
-19
-26
-26
-23
-17
-17
-9
4
4
4
2
5
0
-3
-3
-10
-3
6
3
14
17
6
9
10
21
23
25
34
36
35
32
31
31
34
38
34
30
36
34
39
43
40
40
34
31
30
27
34
44
39
43
40
30
28
34
31
30
37
32
28
25
28
28
33
34
31
28
24
23
25
17
22
22
18
20
21
16
10
11
9
20
19
28
37
36
31
23
20
27
37
34
39
42
48
39
39
37
37
31
28
40
41
47
45
37
33
26
15
22
39
44
48
44
41
34
34
34
25
21
16
12
6
14
16
8
15
23
24
18
16
9
2
7
6
6
9
9
2
0
3
3
19
27
29
35
32
37
30
27
31
26
28
35
42
40
38
30
27
24
29
34
37
40
28
18
9
4
4
5
3
-8
-13
-17
-17
-16
-9
-11
-11
-7
2
5
1
4
-3
-15
-20
-10
-9
-9
-4
-15
-16
-13
-24
3
-16
-41
-24
-21
-25
-13
1
-29
-40
-43
-54
-25
-19
-36
-30
-39
-45
-29
-28
-19
-3
-4
-24
-31
-43
-57
-51
-30
-39
-33
-25
-41
-33
-30
-34
-43
-42
-50
-49
-50
-46
-52
-62
-47
-50
-49
-45
-44
-42
-41
-32
-36
-46
-42
-38
-29
-25
-25
-31
-33
-25
-28
-24
-21
-27
-38
-37
-24
-27
-23
-21
-21
-26
-22
-16
-21
-17
-31
-29
-28
-15
-5
-2
6
1
-9
-24
-25
-28
-23
-19
-10
-6
-2
-6
-17
-8
-14
-9
-3
-2
2
5
-1
-8
-14
-25
-23
-25
-22
-19
-16
-29
-24
-29
-37
-31
-40
-30
-13
-14
-12
-17
-23
-20
-26
-28
-30
-26
-34
-30
-16
-5
9
0
-13
-26
-21
-19
-11
-13
-21
-31
-41
-31
-26
-2
0
-2
-8
-8
0
19
29
22
14
0
-10
-7
2
-3
1
0
9
14
14
13
10
19
28
21
8
6
7
14
31
41
32
22
13
4
10
30
41
48
47
44
40
24
20
26
32
41
48
44
37
29
33
34
33
28
20
28
39
56
59
47
39
22
19
23
33
45
35
29
16
18
27
35
40
33
30
29
32
47
58
58
59
39
38
37
35
45
40
49
33
35
47
54
69
64
56
42
33
47
56
61
59
38
33
32
46
48
41
41
40
46
43
54
50
42
40
36
37
43
40
33
23
7
-4
-11
-6
-4
-3
-6
-20
-30
-34
-32
-22
-21
-22
-39
-47
-39
-36
-24
-41
-33
-46
-66
-51
-41
-19
-30
-42
-48
-52
-25
-17
-12
-21
-27
-13
-19
-34
-39
-30
-32
-28
-25
-34
-31
-22
-23
-29
-35
-30
-11
3
-15
-27
-26
-36
-34
-38
-39
-32
-11
2
-1
-15
-23
-10
-6
-6
-17
-11
-1
-1
16
21
14
28
29
36
48
50
60
63
71
71
68
75
88
95
104
100
90
79
64
60
55
54
51
51
45
39
20
13
15
17
24
17
18
21
27
35
23
14
14
9
11
3
2
-2
-15
-15
-12
-27
-33
-28
-36
-39
-42
-48
-51
-53
-66
-69
-68
-68
-65
-71
-72
-86
-103
-99
-96
-101
-103
-100
-104
-110
-121
-129
-124
-131
-121
-118
-119
-116
-116
-106
-111
-105
-105
-95
-89
-85
-78
-80
-89
-86
-85
-87
-81
-76
-70
-71
-63
-54
-48
-52
-56
-65
-69
-63
-62
-60
-66
-66
-69
-68
-67
-58
-51
-51
-46
-46
-43
-39
-12
8
10
18
19
25
35
40
51
67
80
90
107
112
113
129
137
133
141
139
140
145
147
139
129
123
113
112
105
104
106
105
109
112
106
97
100
92
87
75
67
68
71
77
78
79
73
59
61
69
72
72
63
61
63
65
50
47
40
30
41
47
49
31
24
20
12
-4
-17
-4
-2
-10
-22
-40
-55
-48
-53
-44
-37
-60
-67
-62
-53
-39
-45
-72
-55
-36
-54
-59
-52
-31
-13
-47
-82
-54
-45
-46
-44
-53
-66
-50
-40
-50
-57
-77
-77
-83
-72
-79
-93
-105
-111
-100
-106
-101
-119
-109
-93
-96
-93
-95
-94
-75
-80
-86
-92
-87
-75
-76
-79
-63
-13
2
21
62
67
47
46
77
107
130
143
153
180
209
222
229
224
201
182
160
147
152
146
147
136
115
104
82
78
69
46
37
13
13
22
30
36
48
71
74
91
114
120
136
157
176
201
218
244
240
218
196
182
181
182
212
193
137
134
110
66
76
102
120
82
-2
-50
-38
-27
-74
-91
-129
-181
-123
-73
-67
-108
-177
-139
-118
-98
-86
-87
-89
-104
-101
-122
-104
-72
-69
-67
-80
-105
-120
-119
-95
-139
-191
-218
-260
-271
-255
-250
-268
-295
-303
-319
-328
-298
-317
-310
-338
-334
-337
-346
-326
-348
-329
-307
-272
-259
-289
-234
-43
271
498
453
258
36
-6
119
330
498
519
443
324
288
312
322
264
133
-30
-135
-170
-139
-95
-111
-217
-377
-459
-459
-391
-316
-291
-284
-269
-196
-66
80
211
253
266
277
346
504
682
788
778
672
559
513
521
558
525
428
274
154
79
43
18
-78
-181
-268
-295
-264
-230
-211
-234
-285
-306
-300
-239
-165
-112
-86
-67
-42
-15
29
32
6
-26
-24
-20
11
25
10
-8
-69
-131
-181
-201
-206
-187
-183
-226
-235
-241
-218
-190
-226
-265
-292
-263
-252
-254
-264
-255
-242
-258
-285
-311
-345
-379
-355
-338
-280
-256
-230
-258
-294
-304
-339
-171
145
541
689
558
278
77
132
310
562
672
641
511
422
456
543
546
431
201
-22
-139
-148
-51
-14
-30
-176
-342
-430
-435
-364
-320
-296
-296
-274
-191
-19
167
318
350
331
313
362
489
602
698
721
754
739
705
650
561
476
371
325
275
244
199
106
17
-81
-143
-159
-181
-183
-203
-217
-225
-281
-334
-370
-321
-252
-198
-153
-143
-138
-112
-114
-130
-132
-102
-45
19
121
174
187
166
110
75
69
96
109
122
116
88
63
15
-32
-93
-243
-325
-279
-267
-268
-277
-350
-406
-397
-443
-452
-429
-382
-311
-258
-191
-164
-157
-153
-95
-36
-24
-11
17
96
265
444
503
414
255
159
138
223
312
333
293
247
240
277
322
328
246
129
6
-97
-105
-58
8
18
-33
-123
-188
-204
-187
-183
-212
-252
-279
-242
-159
-58
7
5
-60
-139
-169
-128
-50
27
82
109
144
208
260
266
211
130
86
106
172
264
334
309
241
165
160
128
82
59
13
-51
-130
-141
-150
-140
-220
-268
-281
-327
-333
-302
-240
-207
-169
-164
-142
-43
26
36
21
47
96
103
141
214
262
268
251
229
194
189
176
159
148
106
29
-46
-73
-76
-65
-98
-159
-189
-193
-175
-153
-186
-215
-255
-271
-221
-165
-131
-140
-189
-264
-317
-345
-357
-344
-337
-333
-333
-296
-197
-131
-119
-190
-285
-316
-247
-81
88
202
236
221
227
248
313
366
341
255
146
94
94
122
121
34
-91
-219
-287
-289
-276
-278
-335
-433
-499
-501
-440
-365
-321
-282
-257
-236
-198
-132
-51
16
69
98
150
263
416
553
650
665
597
509
479
528
587
599
520
453
406
405
438
418
384
248
49
-14
49
87
33
-37
-40
-44
-48
-30
3
-83
-160
-135
-127
-63
34
148
234
180
153
202
173
175
263
340
250
151
104
112
197
141
83
-2
-107
-113
-104
-89
-104
-234
-368
-414
-365
-301
-294
-301
-399
-487
-570
-579
-532
-509
-501
-547
-603
-588
-555
-521
-457
-412
-216
20
220
290
194
127
119
238
398
520
588
570
566
582
601
595
471
314
119
-22
-81
-133
-161
-228
-325
-441
-550
-602
-620
-638
-662
-683
-637
-524
-354
-171
-44
40
93
157
234
329
454
554
654
782
872
981
1015
1011
979
876
788
642
565
472
395
352
251
168
22
-93
-174
-240
-234
-240
-234
-234
-254
-224
-211
-174
-138
-106
-30
28
74
92
136
167
151
163
193
204
196
198
241
242
204
146
60
-1
-41
-35
-30
-99
-202
-247
-280
-310
-347
-399
-487
-564
-594
-584
-568
-626
-673
-728
-750
-783
-750
-752
-705
-695
-704
-679
-704
-449
-67
498
809
719
405
113
211
487
859
1026
921
777
665
712
793
686
443
37
-263
-392
-395
-293
-305
-403
-614
-813
-884
-831
-720
-680
-698
-685
-592
-353
-7
347
540
522
448
428
558
766
929
1011
961
919
908
881
850
692
498
274
148
144
167
174
40
-145
-362
-483
-463
-394
-319
-297
-327
-354
-347
-319
-276
-254
-249
-224
-145
-45
41
58
-19
-150
-261
-290
-221
-109
-17
35
54
73
81
96
81
28
-51
-71
-50
26
76
67
-8
-162
-278
-392
-427
-466
-501
-577
-641
-708
-718
-721
-709
-724
-800
-826
-826
-695
-583
-190
326
882
1096
895
590
377
524
746
1046
1103
1025
921
910
994
980
755
359
-67
-303
-360
-337
-292
-375
-457
-620
-676
-665
-612
-562
-581
-564
-486
-297
1
352
646
773
762
725
735
814
906
919
879
832
789
760
637
435
178
-93
-254
-330
-302
-277
-292
-376
-492
-565
-603
-557
-503
-436
-348
-270
-186
-137
-131
-162
-216
-245
-259
-229
-187
-170
-193
-274
-360
-440
-476
-460
-399
-329
-282
-215
-140
-42
29
78
114
122
160
198
251
254
210
144
93
78
31
-70
-198
-335
-398
-392
-471
-544
-682
-717
-712
-667
-671
-621
-259
336
1061
1381
1259
859
599
668
1035
1396
1457
1304
1085
1108
1290
1348
1071
500
-121
-526
-636
-486
-358
-335
-508
-717
-799
-811
-716
-695
-689
-699
-621
-365
26
486
808
915
893
819
832
911
963
954
796
731
694
712
705
501
219
-168
-414
-523
-538
-554
-671
-781
-850
-822
-710
-607
-563
-577
-602
-525
-380
-199
-87
-103
-177
-237
-213
-127
-101
-159
-296
-436
-467
-468
-418
-428
-498
-557
-604
-555
-452
-366
-272
-234
-162
-109
-50
58
66
93
34
38
47
69
102
59
-24
-173
-321
-372
-417
-506
-577
-703
-696
-652
-500
-164
367
996
1351
1281
1005
714
786
1022
1362
1548
1424
1315
1245
1418
1499
1259
720
36
-420
-570
-595
-540
-629
-778
-885
-912
-745
-653
-696
-831
-968
-870
-589
-153
346
669
828
842
859
961
1055
1094
954
738
550
514
599
654
535
245
-147
-447
-547
-538
-513
-654
-829
-960
-935
-745
-561
-463
-509
-591
-568
-450
-272
-160
-183
-298
-422
-420
-309
-156
-121
-235
-397
-537
-533
-448
-344
-325
-384
-408
-338
-162
16
87
66
2
-16
79
194
300
255
147
-52
-185
-243
-255
-262
-369
-526
-672
-723
-696
-649
-709
-788
-957
-963
-888
-307
673
1706
2198
1956
1462
1051
1111
1355
1670
1689
1413
1131
1190
1539
1745
1415
588
-330
-916
-1054
-1003
-913
-1007
-1109
-1110
-860
-470
-247
-314
-584
-799
-709
-356
192
757
1075
1160
1042
965
927
897
758
529
261
97
144
177
316
194
-50
-383
-668
-635
-566
-404
-405
-489
-516
-481
-296
-130
-114
-175
-304
-265
-174
-81
-42
-235
-418
-585
-608
-502
-428
-416
-487
-585
-570
-526
-433
-380
-332
-294
-253
-133
41
239
322
413
429
509
545
581
581
441
343
228
142
71
-159
-331
-554
-719
-796
-879
-907
-1003
-1089
-1159
-1174
-1109
-438
594
1771
2224
2036
1612
1266
1279
1296
1421
1250
902
637
783
1216
1509
1163
453
-383
-908
-1119
-1277
-1329
-1387
-1212
-795
-178
434
688
452
28
-345
-434
-288
-27
371
677
852
904
832
679
320
-118
-524
-642
-558
-299
86
295
423
290
72
-131
-288
-354
-382
-311
-204
-77
82
177
184
14
-250
-410
-503
-431
-365
-341
-348
-464
-499
-445
-374
-342
-468
-618
-689
-646
-416
-181
-24
68
59
108
155
217
239
188
110
103
260
426
562
548
364
131
-160
-304
-292
-300
-237
-266
-316
-390
-521
-724
-849
-1032
-1086
-1140
-724
320
1608
2497
2382
1906
1300
1014
795
690
574
273
-76
-91
259
771
883
466
-86
-658
-956
-1201
-1376
-1441
-1287
-863
-102
692
1232
1222
706
103
-390
-665
-729
-551
-209
174
388
522
491
235
-242
-734
-934
-940
-691
-414
38
496
736
853
674
419
41
-336
-531
-570
-489
-314
-72
176
338
299
127
-116
-313
-433
-421
-316
-180
-85
-15
66
97
-45
-333
-707
-959
-945
-720
-326
35
317
486
558
537
409
192
-4
-116
-14
209
475
592
537
400
97
-84
-251
-334
-434
-523
-442
-404
-320
-440
-662
-965
-1325
-813
629
2151
2769
2083
1229
814
702
721
541
393
59
-287
-259
93
504
476
40
-402
-678
-786
-900
-1019
-943
-783
-396
255
948
1322
1102
560
53
-386
-711
-892
-753
-378
-130
-13
96
215
233
25
-304
-576
-748
-747
-554
-176
265
536
577
471
295
48
-253
-581
-803
-909
-817
-503
-142
167
318
410
407
234
-10
-254
-347
-324
-260
-91
126
293
295
83
-235
-542
-739
-717
-514
-109
320
630
780
860
829
655
326
-68
-265
-376
-158
90
444
616
558
460
199
56
-236
-390
-567
-592
-578
-473
-553
-732
-64
1375
2799
2943
2131
1193
753
632
394
147
-3
-121
-204
-100
140
263
-79
-493
-701
-634
-597
-752
-772
-519
-107
237
683
1150
1218
776
175
-286
-612
-965
-1140
-996
-633
-377
-345
-211
76
319
282
118
-33
-110
-195
-203
-52
160
300
248
163
38
-166
-532
-826
-999
-1086
-1048
-812
-437
-108
150
299
359
239
53
-153
-306
-435
-529
-473
-266
-5
93
-16
-234
-475
-604
-657
-595
-382
-19
311
578
781
857
780
530
265
-66
-255
-352
-253
-43
206
453
485
450
246
-19
-362
-615
-858
-992
-1125
-1085
220
2262
3887
3866
2782
1880
1218
620
-199
-716
-743
-536
-317
-134
271
624
469
-49
-621
-1009
-1310
-1455
-1059
-228
495
911
1316
1865
1938
1117
-25
-986
-1582
-1859
-1683
-1133
-639
-435
-354
-153
23
1
-230
-407
-326
-91
175
349
380
470
437
244
-92
-457
-795
-1135
-1209
-1035
-777
-567
-283
23
176
236
357
376
134
-342
-702
-824
-816
-681
-410
-63
125
59
-59
-109
-188
-249
-379
-463
-380
-50
334
539
559
368
25
-248
-333
-297
-301
-349
-186
28
343
459
362
158
-242
-618
-952
-1178
-1379
-1607
-931
1191
3434
4397
3657
2558
1894
1582
1101
112
-619
-788
-369
18
150
204
208
14
-295
-611
-770
-1008
-1235
-977
-87
896
1587
1899
1946
1635
871
74
-683
-1231
-1520
-1510
-1209
-722
-181
249
370
172
-197
-474
-501
-349
56
526
763
818
815
678
274
-219
-612
-896
-1095
-1250
-1171
-944
-629
-277
-51
151
239
298
253
-3
-385
-811
-1071
-1190
-1195
-1000
-688
-359
-130
21
152
167
95
-93
-183
-132
-5
160
231
330
310
169
-73
-213
-312
-253
-154
-85
-45
-50
127
173
64
-461
-1158
-1693
-2150
-1705
339
2886
3992
3305
2224
1712
1480
1191
687
282
18
-152
-24
328
601
528
323
135
-383
-959
-1077
-595
81
486
783
1238
1789
1939
1346
531
82
-226
-674
-1062
-929
-418
-120
-106
-135
-10
64
-65
-186
-168
-45
64
349
645
723
673
423
77
-568
-1030
-1014
-821
-597
-627
-656
-484
-175
2
-17
-87
-161
-253
-272
-220
-207
-322
-648
-1036
-1258
-1168
-1010
-929
-848
-650
-304
95
395
455
308
-24
-298
-447
-396
-351
-400
-374
-249
-112
-97
-88
-72
-56
-47
-15
-210
-440
-629
-1074
-1616
-1746
-88
2617
4043
3360
1918
1461
1372
806
-106
-402
54
286
396
668
1045
1015
462
12
-358
-867
-1381
-1234
-291
819
1388
1584
1900
1950
1311
225
-445
-563
-680
-861
-772
-306
174
311
341
388
251
-73
-267
-157
-32
69
281
489
581
490
200
-136
-483
-791
-950
-1004
-1031
-1025
-883
-567
-297
-258
-389
-404
-323
-320
-345
-256
-146
-222
-416
-628
-699
-687
-665
-686
-767
-876
-931
-768
-496
-245
-236
-387
-511
-483
-262
-122
-121
-276
-376
-364
-234
-148
-148
-224
-516
-572
-504
-547
-953
-1355
-1725
-1074
1333
3670
3931
2173
1130
1268
1198
450
-107
302
689
246
-253
-110
306
118
-66
191
269
-255
-790
-219
857
1531
1478
1432
1813
1935
1265
337
-106
-296
-684
-924
-650
-155
95
157
309
455
493
481
624
900
1034
985
884
681
351
2
-174
-250
-410
-583
-692
-757
-869
-1004
-1018
-775
-490
-403
-340
-242
-270
-582
-974
-1099
-1065
-874
-589
-247
70
244
127
-211
-541
-849
-1124
-1222
-1095
-809
-475
-245
-254
-407
-550
-686
-798
-829
-827
-780
-509
-137
105
-12
-219
-533
-1028
-1475
-2132
-2103
215
3625
5038
3531
1435
736
786
585
-163
-390
-11
317
519
699
1021
690
205
79
-113
-597
-1083
-730
410
1517
2051
2308
2630
2514
1520
218
-255
-98
9
52
211
336
211
52
9
-102
-340
-385
88
831
1335
1594
1718
1578
950
238
-145
-300
-331
-257
-15
206
159
-178
-623
-848
-845
-845
-763
-467
-61
19
-307
-811
-1327
-1711
-1985
-2058
-1703
-956
-156
361
502
348
60
-333
-835
-1228
-1346
-1125
-893
-633
-464
-425
-474
-727
-998
-1331
-1368
-1167
-855
-697
-913
-1297
-1712
-2119
-1021
1862
4310
4261
2050
607
398
334
-292
-739
-128
628
852
468
164
75
-79
-158
-283
-389
-291
-137
248
840
1373
1496
1419
1406
1407
1041
578
418
269
117
165
706
1499
1780
1347
777
533
465
176
-184
-100
340
848
1069
1022
1000
814
304
-271
-483
-391
-308
-305
-276
-159
-94
-55
-222
-599
-795
-632
-266
-159
-350
-677
-934
-1087
-1172
-1251
-1247
-1132
-1122
-1104
-855
-424
-35
5
-249
-678
-1011
-1259
-1550
-1592
-1463
-1228
-1072
-711
-344
-223
-281
-712
-1225
-1731
-2024
-2382
-2447
-519
2864
5023
4084
1533
134
34
-522
-1548
-1371
228
1037
499
182
728
790
-317
-1082
-772
-179
-372
-615
127
1287
1494
1022
1068
1534
1252
145
-238
490
883
297
-288
97
773
784
683
1168
1852
1898
1511
1313
1337
1328
1127
781
480
376
444
533
552
468
245
-70
-350
-415
-273
-9
187
118
-214
-469
-516
-635
-926
-1131
-1094
-985
-966
-785
-380
-97
-154
-557
-898
-1006
-859
-590
-371
-153
-31
-7
-250
-691
-1454
-2293
-2779
-2734
-2296
-1699
-1016
-616
-669
-906
-1365
-1870
-402
2512
4374
2838
147
-159
1011
1172
-95
-322
493
282
-1244
-2113
-1460
-745
-821
-584
191
792
262
-294
417
1412
1355
597
652
1527
1869
1345
914
583
-94
-801
-869
-284
309
653
1067
1356
1375
1201
1146
1322
1509
1634
1839
2019
2028
1742
1260
778
252
-162
-237
158
542
524
204
99
254
269
140
200
429
390
-92
-766
-1147
-1230
-1228
-1210
-1051
-682
-394
-324
-504
-768
-1012
-1154
-1050
-760
-154
339
497
343
-223
-960
-1968
-2756
-3074
-3023
-2653
-2130
-1644
-1626
-2178
-813
2523
4829
3097
-757
-1760
-12
1482
921
715
1516
1477
-30
-1601
-2002
-1995
-2127
-1515
-223
317
-585
-1509
-989
139
404
140
667
1714
2149
1600
1255
1255
698
-67
-231
396
815
697
764
873
444
-236
-348
230
936
1472
1985
2587
2764
2170
1285
708
742
929
1070
1249
1322
1220
792
142
-520
-1001
-1079
-660
-18
515
585
364
-116
-745
-1143
-1142
-649
-68
498
713
393
-375
-1217
-1816
-1916
-1696
-1222
-755
-525
-522
-822
-1099
-1487
-1839
-2197
-2517
-2691
-2599
-2126
-2010
-216
2765
4502
2228
-2107
-3045
-1231
661
600
1269
2465
1985
-337
-2015
-1816
-1490
-1819
-1551
-211
72
-1159
-2531
-2098
-1207
-1089
-979
322
1997
2093
1085
658
1039
620
-332
-153
1185
2108
1671
1201
1199
936
128
-581
-290
620
1358
1517
1402
1363
1300
1102
886
837
1055
1402
1840
2178
2158
1696
1107
783
574
331
11
-111
-199
-449
-812
-1050
-968
-715
-543
-494
-412
-270
-240
-371
-239
226
907
1266
1040
533
-64
-504
-1012
-1449
-1718
-1994
-2378
-2800
-3053
-3275
-3105
-3036
-1472
1798
4484
3585
-732
-2934
-1795
527
1100
1508
2555
2387
244
-2039
-1968
-1181
-1407
-2003
-998
134
-602
-2679
-3306
-1869
-968
-1190
-1180
-11
994
442
-251
74
429
241
390
1554
2280
1478
332
169
745
1086
986
889
945
859
511
211
215
368
716
1266
1686
1585
1079
653
625
577
550
1146
2301
3154
2811
1745
879
346
-191
-555
-417
128
420
40
-605
-1164
-1558
-1791
-1458
-389
916
1447
1145
810
555
354
184
361
758
720
302
-538
-1313
-2410
-3159
-3773
-3656
-1240
2081
3824
648
-3369
-3716
-788
1418
1509
2198
2900
1750
-1256
-2341
-599
985
662
-20
196
-362
-2603
-4471
-3792
-2195
-1738
-2040
-1522
-267
-391
-1900
-2239
-575
1147
1431
1152
1666
2021
1131
-213
-634
469
1953
2441
1850
952
145
-585
-1244
-1142
-162
1062
1545
1041
358
-27
-68
-20
303
964
1632
1905
1738
1224
891
761
531
454
589
1065
1139
609
-129
-605
-630
-714
-894
-962
-550
-143
-252
-684
-941
-444
550
1294
1400
1212
1002
602
-150
-777
-905
-1174
-767
1177
3319
2585
-1839
-4586
-3185
154
1139
758
1341
1115
-785
-2879
-1671
1061
2180
1646
1436
1412
-149
-2658
-3343
-1652
-336
-625
-1579
-1862
-2357
-3933
-5227
-4272
-1343
1087
1843
1276
494
-179
-596
-437
359
1820
3288
3732
2760
1127
-395
-1379
-1669
-1113
59
1102
1237
413
-753
-1465
-1403
-760
167
1028
1404
1018
65
-691
-471
436
1157
1420
1531
1399
846
10
-400
-254
-102
-170
-539
-657
-345
72
8
-597
-1051
-1170
-1122
-999
-410
456
763
344
79
169
1756
4022
5297
2754
-1595
-2515
207
3246
3093
2229
1424
-441
-3192
-4250
-1955
340
832
649
1078
543
-1852
-3311
-1817
580
1147
388
236
715
-16
-1926
-3126
-2522
-1470
-1188
-1180
-942
-1052
-1910
-2293
-1302
605
2012
2287
1947
1498
1007
508
511
1305
2002
1723
730
-150
-607
-842
-965
-822
-574
-669
-1121
-1364
-1045
-431
-43
184
276
272
420
517
335
-20
-50
419
1026
1165
662
-324
-1116
-1305
-1117
-701
-284
-10
-452
-1415
-2329
-2239
-1371
-698
-405
910
3589
5060
2768
-1025
-1478
1580
4211
3947
3331
3395
2203
-540
-1644
693
2767
2021
158
-460
-859
-2643
-3707
-2363
-70
455
-565
-1176
-1106
-1383
-2053
-1625
152
1645
1639
598
-153
-317
-312
-362
-281
245
693
396
-623
-1150
-478
627
1042
694
442
631
693
448
249
564
1031
921
208
-474
-665
-673
-857
-1255
-1287
-990
-777
-1023
-1503
-1651
-1559
-1300
-781
-5
382
9
-648
-714
34
863
1007
492
-157
-600
-996
-1236
-1202
-797
-720
-1429
-1538
-58
1814
861
-1845
-2260
828
3819
3515
2236
1939
1874
677
264
2358
4360
3659
1602
820
683
-722
-1962
-1069
598
530
-1221
-2128
-2039
-2260
-2860
-2385
-498
786
269
-978
-1223
-331
606
1150
1467
1824
1927
1369
373
-190
411
1675
2439
2000
823
-8
-32
228
262
191
447
721
432
-301
-876
-745
-420
-491
-698
-635
-483
-973
-1794
-1973
-1255
-501
-332
-579
-857
-1395
-2283
-2833
-2064
-597
130
-378
-1242
-1305
-1004
-724
-948
-849
-619
408
2196
3554
2387
-1372
-3317
-1484
2098
2903
1635
547
-143
-1469
-2315
-268
2822
3517
1718
396
199
-699
-1733
-372
2274
3021
1050
-494
-515
-670
-1596
-1823
-444
446
-372
-1861
-2327
-1939
-1267
-343
718
1031
544
66
143
724
1343
2170
2630
2569
1879
1209
1121
1376
1669
1767
1826
1649
1068
223
-415
-361
196
564
343
-255
-845
-1356
-1632
-1515
-1113
-807
-913
-1307
-1696
-1666
-1306
-1055
-1064
-1089
-971
-800
-1031
-1357
-1558
-1276
-961
-1094
-1373
-1770
-1263
331
2348
2226
-279
-1859
-273
2612
3246
2076
1398
1210
88
-931
488
2951
2617
-169
-1752
-1013
-950
-2264
-1966
382
1565
-441
-2609
-2142
-471
-96
-549
14
884
258
-1355
-1803
-637
559
792
549
371
240
70
-27
108
543
1232
1679
1401
835
704
1290
1780
1709
1539
1684
1790
1259
616
721
1540
2109
1906
1219
559
67
-378
-602
-484
-226
-202
-583
-1182
-1752
-1981
-1807
-1453
-1320
-1394
-1551
-1571
-1339
-859
-469
-412
-576
-718
-783
-735
-679
-111
1450
2692
1475
-1965
-3474
-1004
2774
3440
1721
625
503
-342
-1194
667
3628
3732
721
-1053
-340
-230
-1804
-1961
408
1746
-362
-3071
-3124
-1776
-1629
-2149
-1206
113
-501
-2473
-2855
-1204
245
335
178
661
948
426
-206
150
1125
1761
1509
949
611
680
1014
1324
1508
1530
1489
1265
934
795
1173
1921
2274
1796
844
269
358
477
495
611
695
132
-1068
-1784
-1453
-599
-295
-883
-1706
-2198
-2226
-1897
-1210
-590
-599
-1334
-1949
-1815
-1141
-522
-344
252
1720
2984
1932
-762
-1772
649
3581
3526
1431
235
322
-401
-1160
480
3222
3277
322
-1539
-778
-273
-1389
-1523
592
1788
-183
-2756
-2635
-1084
-1058
-2002
-1710
-607
-1077
-2918
-3491
-1982
-448
-293
-711
-664
-532
-828
-852
205
1588
2091
1323
269
-18
546
1474
2199
2484
2062
948
-353
-630
580
2238
2839
2017
813
71
-80
145
701
1212
1078
297
-551
-814
-594
-337
-246
-501
-1076
-1616
-1564
-920
-399
-524
-1050
-1472
-1673
-1648
-1381
-897
-403
-387
-705
-512
814
1992
1163
-672
-646
2015
4030
3233
1567
1505
1829
773
186
2191
4271
2672
-845
-1656
-82
-3
-1412
-723
1705
1343
-2247
-4127
-2143
-228
-1089
-2195
-1129
-370
-2029
-3642
-2271
254
544
-1053
-1938
-1593
-1473
-1575
-801
635
1189
512
-323
-526
-333
294
1363
2065
1643
642
221
658
1264
1693
2042
2004
1321
417
109
498
902
860
567
168
-348
-749
-721
-460
-442
-756
-1067
-1188
-1190
-1077
-917
-880
-1046
-1278
-1357
-1417
-1469
-1368
-931
-558
-532
-995
-1219
-365
1444
2207
613
-1238
-379
2663
4089
2908
1890
2408
2417
1146
1398
3804
4635
1895
-611
216
1595
321
-1288
29
1772
19
-3351
-3479
-892
48
-1266
-1657
-652
-1090
-2997
-3139
-816
591
-553
-1795
-1248
-481
-1125
-1629
-412
1120
885
-477
-949
-177
605
842
1042
1134
734
148
159
897
1561
1791
1774
1426
716
180
484
1292
1591
1082
490
171
-141
-533
-620
-302
-243
-714
-1370
-1736
-1906
-1946
-1724
-1318
-1180
-1549
-2005
-1955
-1357
-852
-839
-1115
-1206
-1088
-951
-771
57
1609
2433
976
-1423
-1405
1538
3962
3292
1487
1351
1911
1132
519
2486
4994
4034
681
-396
1187
1647
176
1
1676
1367
-1812
-3670
-1831
177
-585
-1885
-1172
-193
-1388
-2929
-2045
49
407
-875
-1458
-787
-347
-485
-275
308
330
-360
-799
-552
-56
356
774
1066
843
500
568
913
1027
954
1202
1588
1489
978
801
1133
1337
993
625
563
350
-247
-557
-190
208
-266
-1373
-2048
-1935
-1512
-1350
-1442
-1676
-2064
-2539
-2710
-2398
-1808
-1372
-1213
-1334
-1383
-1358
-1157
-893
-475
485
1821
2312
897
-1026
-817
1647
3345
2515
1061
1084
1500
817
574
2586
4369
2836
-228
-561
1372
1580
-148
-79
1892
1668
-1519
-3064
-894
876
-601
-2268
-1139
197
-1173
-2961
-1782
681
720
-1187
-1759
-602
-93
-678
-556
589
890
-222
-1109
-620
406
956
1026
922
584
232
363
928
1433
1692
1856
1771
1262
848
1117
1707
1820
1379
1000
803
426
-80
-213
32
-93
-845
-1653
-1962
-1883
-1879
-2067
-2301
-2504
-2633
-2596
-2343
-2082
-1958
-1876
-1702
-1428
-1141
-766
-368
-141
-164
-334
-283
396
1404
1649
662
-202
508
2016
2214
884
71
648
1292
1126
1305
2343
2412
660
-668
227
1487
910
-163
520
1553
164
-2381
-2414
37
1173
-258
-1444
-887
-636
-1686
-1932
-234
1102
208
-1202
-1042
-110
-172
-514
217
1107
611
-630
-676
379
1025
979
1064
1241
875
490
1031
2071
2401
1968
1622
1552
1334
1207
1605
2032
1630
646
116
228
344
182
-66
-442
-1138
-1768
-1770
-1390
-1335
-1835
-2324
-2395
-2208
-2121
-2052
-1739
-1326
-1188
-1452
-1548
-1103
-478
-324
-537
-406
86
284
-83
-272
448
1437
1396
6
-1231
-801
953
2106
1571
375
-204
-228
-271
145
1489
2494
1603
-309
-880
154
730
100
-46
907
1017
-763
-2168
-1118
753
774
-615
-974
-177
-169
-1101
-1099
364
1265
385
-863
-870
-118
179
124
475
1003
826
190
116
831
1548
1663
1508
1420
1267
1021
1033
1493
2025
2043
1442
754
512
817
1243
1296
958
502
44
-461
-839
-716
-210
15
-495
-1358
-1950
-1980
-1623
-1201
-938
-1056
-1467
-1808
-1649
-1120
-663
-571
-723
-908
-1138
-1189
-818
-120
343
31
-761
-1260
-1156
-627
98
707
531
-699
-1843
-1349
543
1724
936
-570
-1117
-694
-304
228
1337
1940
757
-1236
-1694
-383
734
758
738
1002
307
-1257
-1530
296
1843
1083
-502
-654
113
41
-521
83
1337
1193
-371
-1129
-126
966
819
331
635
1046
598
-15
396
1418
1687
1053
601
782
968
871
887
1213
1321
934
437
342
588
875
957
687
149
-217
-77
218
199
-29
-48
-85
-535
-1092
-1044
-528
-340
-635
-840
-777
-969
-1415
-1480
-980
-614
-846
-1211
-1214
-1058
-1036
-1008
-846
-778
-1051
-1292
-1192
-926
-991
-1140
-673
205
343
-817
-1922
-1465
155
1042
415
-530
-714
-480
-449
-197
656
1138
368
-696
-508
583
941
418
394
1146
1244
163
-481
396
1522
1329
385
166
497
289
-241
115
1179
1406
397
-486
-152
626
772
489
530
746
510
25
53
631
1003
824
503
431
492
548
743
1092
1207
915
553
481
703
896
945
907
755
430
104
120
473
692
382
-252
-600
-505
-346
-405
-469
-395
-554
-1119
-1604
-1412
-808
-542
-871
-1328
-1502
-1434
-1318
-1183
-1065
-1097
-1255
-1356
-1286
-1193
-1089
-1005
-1023
-1076
-828
-232
-57
-773
-1544
-1143
142
731
87
-666
-544
-31
158
366
955
1217
538
-246
76
1111
1478
990
766
1156
1170
480
141
816
1484
1034
97
-70
433
624
337
284
664
762
259
-171
52
530
555
232
193
467
483
125
30
548
1107
1064
623
401
538
723
846
1039
1249
1169
809
543
598
861
1049
1022
762
335
-12
-28
204
365
230
-163
-625
-926
-936
-671
-425
-443
-703
-1033
-1263
-1312
-1165
-949
-904
-1065
-1225
-1281
-1316
-1353
-1270
-1098
-1061
-1230
-1328
-1186
-970
-888
-890
-888
-818
-614
-270
-202
-751
-1253
-743
602
1203
253
-964
-844
255
798
522
530
993
791
-132
-381
629
1483
1066
331
439
796
366
-192
351
1366
1272
162
-357
202
647
318
56
465
840
436
-191
-119
517
900
726
422
330
423
518
613
752
932
1036
946
773
649
676
776
856
888
823
627
383
237
300
436
429
200
-107
-264
-226
-144
-168
-211
-237
-367
-616
-751
-584
-337
-406
-769
-1069
-1117
-1019
-915
-826
-833
-1012
-1236
-1213
-1005
-899
-942
-979
-968
-1017
-1039
-849
-547
-439
-589
-708
-683
-714
-728
-383
182
199
-473
-968
-645
37
216
-177
-484
-408
-207
-74
105
308
288
113
61
202
312
323
472
811
948
639
220
181
516
708
610
600
785
796
453
206
501
1044
1171
817
527
600
786
834
915
1155
1218
855
369
288
656
1019
1054
790
470
205
36
23
168
410
560
422
-26
-551
-717
-349
163
295
-16
-393
-491
-438
-379
-207
83
192
-173
-662
-769
-475
-213
-232
-406
-584
-731
-814
-733
-561
-540
-668
-828
-922
-907
-813
-711
-704
-799
-883
-841
-786
-786
-779
-755
-864
-1130
-1193
-795
-364
-506
-1052
-1315
-1009
-552
-362
-344
-247
-194
-363
-395
-7
519
638
339
168
376
668
739
806
1053
1182
915
519
652
1295
1740
1545
1053
897
1077
1131
989
1109
1489
1541
1003
426
499
967
1093
785
613
668
535
158
14
335
636
486
120
-53
-92
-149
-44
310
522
248
-166
-159
195
409
374
386
464
364
137
126
338
434
265
14
-105
-172
-263
-322
-317
-343
-502
-705
-881
-989
-961
-842
-820
-1053
-1339
-1344
-1081
-959
-1118
-1271
-1268
-1252
-1339
-1354
-1205
-1093
-1156
-1182
-1020
-928
-1079
-1176
-910
-422
-209
-460
-823
-886
-501
73
419
339
54
-65
87
374
688
993
1152
1016
736
640
864
1140
1161
1094
1136
1182
1036
797
750
885
943
856
783
734
585
371
360
581
692
500
255
251
362
331
253
414
673
617
281
121
394
760
846
743
653
570
452
470
695
921
842
487
164
81
240
436
446
195
-153
-376
-443
-496
-554
-514
-457
-617
-997
-1276
-1206
-974
-889
-1001
-1149
-1253
-1370
-1438
-1359
-1186
-1140
-1267
-1373
-1347
-1297
-1282
-1150
-853
-641
-751
-947
-894
-561
-289
-290
-368
-308
-141
-62
-90
-74
40
151
197
218
262
272
158
-16
-8
211
417
407
175
-50
-127
-38
189
410
490
384
199
149
317
524
623
626
605
630
645
637
674
811
1012
1158
1140
1007
947
1020
1165
1252
1260
1220
1143
1063
1037
1050
1022
897
733
664
641
557
434
334
258
151
35
-50
-140
-294
-425
-448
-472
-589
-735
-763
-712
-747
-877
-956
-924
-923
-1052
-1142
-1024
-911
-1055
-1293
-1258
-951
-787
-928
-1038
-888
-694
-697
-747
-627
-453
-421
-463
-360
-163
-137
-270
-283
-60
155
129
-68
-206
-187
-105
-48
-28
-32
-61
-132
-218
-263
-210
-94
-55
-128
-210
-180
-75
-13
-43
-94
-77
40
208
300
268
184
168
291
474
637
763
824
833
828
880
1021
1202
1341
1387
1326
1212
1171
1232
1303
1341
1321
1212
998
761
696
817
910
783
513
333
303
296
237
176
101
-24
-199
-346
-355
-290
-269
-368
-539
-668
-704
-678
-681
-717
-725
-722
-751
-806
-829
-794
-725
-677
-655
-676
-716
-703
-625
-518
-450
-458
-497
-524
-500
-422
-335
-307
-357
-406
-418
-406
-346
-252
-202
-295
-471
-509
-370
-217
-185
-189
-160
-191
-334
-387
-176
73
54
-115
-108
42
39
-108
-59
230
352
135
-41
144
473
547
408
410
571
655
607
617
747
841
775
692
788
955
977
851
763
799
855
817
736
731
755
690
594
565
609
599
471
350
298
280
265
307
377
319
92
-133
-155
-54
-7
-53
-134
-268
-475
-605
-529
-351
-288
-413
-631
-822
-922
-876
-693
-538
-602
-825
-993
-971
-841
-746
-682
-632
-619
-676
-703
-646
-557
-503
-476
-443
-444
-466
-484
-467
-433
-387
-332
-294
-332
-416
-404
-296
-220
-259
-300
-241
-183
-195
-220
-153
-52
-38
-69
-60
12
63
75
140
248
298
283
287
371
476
526
566
582
552
549
653
829
861
711
598
686
870
922
864
838
873
855
770
771
897
996
949
841
781
743
689
678
736
768
656
478
374
334
277
185
125
88
-31
-216
-312
-300
-323
-480
-656
-694
-655
-675
-791
-896
-915
-917
-941
-944
-867
-775
-790
-890
-949
-871
-754
-729
-774
-794
-744
-711
-730
-749
-718
-621
-555
-536
-541
-550
-556
-535
-458
-374
-331
-342
-373
-389
-382
-341
-262
-208
-216
-227
-189
-139
-141
-149
-61
84
153
114
87
126
201
239
294
398
431
387
371
467
598
634
605
622
680
721
744
822
918
927
894
919
989
1013
1005
1065
1162
1140
996
915
984
1057
1008
914
860
784
642
533
533
553
470
321
225
176
73
-51
-72
3
26
-106
-298
-382
-358
-334
-348
-352
-358
-415
-540
-620
-607
-551
-541
-583
-599
-609
-654
-699
-658
-588
-564
-592
-632
-640
-607
-576
-583
-590
-566
-520
-522
-609
-689
-663
-540
-473
-500
-531
-508
-480
-489
-463
-373
-279
-285
-349
-339
-249
-202
-210
-200
-117
-39
-63
-111
-81
31
132
164
184
239
285
303
316
379
485
566
577
544
568
662
762
811
788
761
761
778
790
811
876
907
839
709
637
672
717
681
584
522
508
437
315
269
331
375
293
150
84
90
79
56
91
111
29
-121
-214
-182
-122
-129
-197
-265
-317
-369
-410
-407
-373
-374
-424
-472
-489
-483
-500
-530
-529
-482
-471
-528
-593
-605
-591
-620
-662
-622
-530
-497
-562
-621
-557
-460
-450
-511
-515
-454
-444
-483
-495
-419
-327
-314
-333
-294
-233
-232
-252
-200
-46
69
56
13
40
108
160
203
257
317
345
337
349
409
461
475
468
478
497
509
529
555
560
528
510
544
579
541
461
441
491
539
514
471
474
509
513
474
464
492
496
460
472
531
527
406
270
242
312
339
270
184
103
-9
-115
-111
-44
-58
-183
-292
-311
-338
-432
-485
-438
-412
-517
-649
-667
-628
-657
-723
-723
-681
-722
-827
-844
-742
-671
-722
-789
-757
-682
-644
-645
-624
-576
-541
-508
-471
-404
-341
-291
-261
-254
-247
-218
-139
-37
28
24
-15
-36
-5
76
164
218
190
90
22
86
221
294
254
156
147
233
306
311
293
309
339
349
364
410
481
512
497
474
472
496
545
649
763
772
684
597
609
698
780
821
802
726
629
559
551
580
594
571
514
441
368
314
272
237
223
220
170
66
-30
-55
-45
-103
-227
-303
-301
-328
-430
-514
-498
-491
-578
-682
-680
-607
-609
-704
-763
-708
-647
-645
-653
-619
-601
-621
-628
-564
-475
-440
-444
-448
-420
-406
-396
-352
-298
-297
-339
-339
-281
-220
-211
-228
-232
-249
-283
-288
-218
-123
-70
-74
-117
-149
-127
-47
58
136
165
169
182
202
239
318
420
463
438
426
474
552
597
624
680
740
751
720
709
756
805
829
842
826
789
733
706
712
711
674
607
565
566
579
542
450
365
322
314
287
234
175
100
0
-89
-116
-125
-174
-253
-312
-340
-379
-453
-492
-476
-461
-483
-516
-496
-458
-482
-530
-518
-443
-397
-425
-474
-475
-452
-448
-431
-393
-370
-396
-435
-434
-390
-353
-357
-372
-393
-412
-426
-424
-403
-374
-351
-353
-386
-431
-407
-309
-227
-212
-248
-266
-242
-209
-166
-103
-50
-43
-84
-102
-58
27
117
167
161
126
107
155
270
386
434
424
402
418
466
532
602
642
658
658
641
620
616
643
703
731
670
578
546
572
568
512
452
421
386
312
264
274
264
180
81
56
89
95
58
13
-31
-79
-116
-105
-91
-135
-213
-265
-294
-318
-337
-324
-315
-370
-456
-483
-446
-443
-483
-500
-475
-481
-534
-566
-523
-474
-492
-534
-540
-528
-511
-483
-440
-397
-397
-427
-433
-405
-377
-349
-312
-291
-295
-311
-321
-305
-267
-233
-216
-191
-177
-162
-151
-135
-99
-55
-7
27
43
76
119
169
207
225
253
291
337
372
396
421
447
453
445
451
490
531
527
506
508
528
527
501
491
491
483
469
452
448
430
410
407
401
383
368
341
308
274
259
274
267
210
134
96
77
46
3
-14
-21
-50
-117
-186
-239
-276
-280
-254
-231
-251
-313
-381
-410
-394
-342
-300
-311
-383
-447
-435
-385
-356
-350
-355
-370
-380
-375
-341
-305
-299
-326
-350
-356
-330
-293
-267
-250
-248
-248
-252
-260
-236
-173
-100
-65
-89
-120
-100
-36
26
56
60
54
44
47
74
137
192
207
206
213
225
226
243
294
379
413
366
311
328
422
493
514
511
508
482
433
423
502
591
588
516
465
458
477
487
487
484
443
378
318
303
318
314
273
200
145
120
103
53
2
-13
-20
-58
-130
-178
-182
-178
-213
-252
-264
-246
-246
-284
-318
-332
-359
-388
-385
-349
-347
-398
-450
-469
-460
-453
-434
-409
-401
-422
-441
-437
-413
-382
-357
-320
-306
-332
-360
-335
-271
-223
-219
-250
-248
-231
-214
-180
-139
-116
-127
-131
-112
-107
-106
-73
-15
33
27
14
33
76
114
155
203
236
238
233
267
314
345
342
358
383
393
399
415
445
454
436
434
451
459
446
409
394
407
416
401
371
343
316
292
277
261
249
230
187
147
119
87
48
15
5
0
-39
-114
-167
-170
-165
-193
-248
-273
-288
-322
-360
-361
-338
-355
-406
-451
-455
-443
-434
-427
-425
-443
-479
-487
-446
-413
-403
-406
-422
-421
-427
-421
-386
-358
-349
-372
-389
-392
-376
-343
-316
-304
-308
-301
-285
-258
-219
-163
-114
-98
-100
-87
-47
3
40
73
112
120
119
146
203
241
249
261
295
331
335
339
377
436
455
447
452
475
494
499
513
555
572
531
498
517
555
562
536
519
516
489
464
445
453
457
418
356
298
273
258
244
228
195
150
80
15
-8
6
13
-28
-102
-150
-174
-207
-246
-241
-218
-245
-322
-383
-369
-336
-351
-390
-394
-386
-424
-476
-469
-421
-405
-437
-464
-460
-447
-457
-458
-423
-400
-404
-423
-400
-347
-323
-326
-332
-306
-264
-229
-204
-190
-172
-161
-156
-149
-134
-97
-50
-22
-27
-47
-36
4
42
75
109
141
145
136
153
188
216
241
278
319
351
354
343
357
386
421
456
492
509
498
496
499
521
541
540
537
529
524
519
513
508
494
467
449
449
442
411
377
352
333
301
272
263
263
234
173
118
88
82
71
43
-10
-64
-101
-133
-149
-164
-188
-211
-244
-276
-308
-321
-331
-347
-368
-380
-391
-407
-405
-397
-389
-402
-409
-404
-391
-387
-404
-408
-400
-396
-390
-378
-364
-364
-378
-367
-332
-309
-321
-334
-330
-300
-267
-256
-233
-210
-200
-196
-158
-108
-71
-61
-54
-19
28
49
61
96
148
188
183
174
202
262
308
312
315
330
342
346
373
428
460
436
387
380
416
452
449
433
427
400
358
331
340
345
328
303
272
249
207
174
169
161
142
105
64
20
-19
-37
-35
-40
-74
-143
-184
-194
-196
-196
-206
-213
-239
-281
-306
-294
-258
-249
-284
-329
-349
-348
-330
-321
-322
-330
-354
-388
-399
-372
-341
-333
-353
-377
-375
-355
-336
-322
-311
-305
-318
-330
-329
-307
-281
-252
-231
-228
-228
-210
-179
-148
-128
-107
-68
-46
-61
-51
-6
45
68
67
79
117
158
180
206
234
254
260
274
310
343
341
334
347
371
387
384
393
401
407
405
399
393
385
383
381
372
342
320
304
305
305
296
270
230
191
184
197
199
179
152
116
68
28
16
29
38
7
-48
-84
-93
-89
-91
-95
-115
-136
-163
-195
-220
-231
-229
-251
-277
-303
-314
-316
-318
-321
-332
-342
-355
-362
-354
-342
-351
-357
-353
-337
-334
-336
-326
-305
-284
-272
-265
-260
-250
-231
-206
-188
-168
-152
-130
-103
-85
-70
-36
4
41
63
64
83
111
144
169
191
210
235
250
267
296
312
330
349
365
377
366
354
367
394
401
392
388
385
380
372
372
378
378
360
349
342
330
309
290
292
293
269
232
196
172
169
170
159
127
84
48
26
24
28
18
-16
-65
-107
-112
-101
-90
-104
-142
-173
-208
-228
-226
-217
-214
-222
-232
-260
-292
-312
-311
-295
-280
-293
-311
-319
-338
-351
-340
-309
-288
-295
-314
-311
-291
-274
-263
-238
-225
-237
-252
-237
-182
-144
-140
-144
-133
-119
-102
-76
-33
3
4
-13
-4
24
55
80
98
106
114
117
126
165
207
241
248
234
216
223
258
304
333
331
320
303
306
315
339
363
356
331
301
286
289
302
298
279
256
224
208
207
197
187
166
132
109
100
110
95
54
14
2
-12
-40
-66
-59
-59
-93
-149
-178
-169
-174
-195
-222
-227
-239
-274
-293
-297
-292
-296
-322
-341
-347
-347
-346
-338
-333
-340
-342
-339
-328
-315
-310
-303
-292
-302
-306
-288
-262
-249
-254
-248
-228
-214
-220
-223
-204
-171
-145
-136
-123
-97
-75
-55
-44
-31
-12
2
20
52
76
94
109
112
118
139
172
201
198
200
216
234
240
254
283
302
298
276
278
293
307
305
295
301
300
295
291
294
298
284
275
274
262
255
242
227
213
185
165
154
137
105
66
41
20
3
-7
-15
-43
-79
-104
-111
-116
-133
-152
-165
-169
-188
-201
-202
-200
-216
-232
-223
-215
-220
-242
-242
-234
-235
-253
-269
-267
-256
-259
-259
-252
-247
-252
-256
-239
-214
-211
-218
-214
-201
-187
-186
-186
-181
-164
-139
-125
-115
-86
-59
-35
-21
-1
18
33
39
45
78
108
121
119
134
152
172
191
204
233
255
259
265
285
314
334
335
332
335
343
352
364
375
371
357
350
350
345
333
320
317
308
289
267
246
225
200
180
162
149
132
119
99
81
66
43
26
3
-10
-11
-11
-25
-42
-63
-74
-87
-99
-101
-118
-138
-158
-170
-179
-184
-191
-207
-212
-220
-231
-241
-251
-247
-237
-233
-240
-239
-236
-237
-242
-244
-236
-220
-209
-207
-204
-200
-191
-181
-158
-141
-135
-137
-144
-137
-116
-98
-87
-68
-49
-38
-21
2
31
60
84
96
96
110
125
159
181
193
198
205
219
227
233
240
259
277
286
284
280
275
275
270
277
294
298
276
234
217
220
224
229
212
201
181
153
153
168
174
142
104
81
74
74
65
46
24
-8
-51
-62
-64
-67
-90
-126
-149
-165
-179
-192
-191
-197
-213
-227
-241
-247
-247
-258
-259
-255
-257
-277
-298
-294
-287
-295
-308
-299
-298
-308
-311
-315
-295
-272
-276
-287
-279
-265
-258
-264
-252
-238
-232
-225
-207
-171
-148
-133
-137
-125
-83
-43
-19
-10
0
-1
4
28
66
101
117
125
119
122
146
172
205
213
219
220
208
214
235
263
277
269
253
253
256
261
271
278
272
263
244
225
231
248
245
223
189
166
156
146
143
136
126
108
87
63
46
34
31
21
10
-3
-24
-28
-46
-59
-68
-80
-94
-116
-132
-148
-156
-158
-170
-185
-204
-211
-219
-230
-239
-246
-246
-259
-272
-276
-275
-273
-276
-267
-252
-246
-247
-247
-234
-221
-210
-218
-213
-198
-186
-176
-166
-151
-141
-124
-117
-104
-92
-77
-52
-23
-3
3
7
16
32
65
90
110
121
132
155
169
182
198
217
227
235
240
251
261
259
261
272
283
286
280
286
299
309
314
307
294
280
270
268
272
279
277
262
239
218
216
222
222
204
179
170
161
157
154
141
124
91
67
50
32
21
9
-6
-27
-50
-70
-79
-92
-114
-136
-136
-136
-145
-161
-175
-180
-188
-198
-220
-232
-239
-239
-251
-258
-255
-261
-266
-273
-277
-273
-256
-249
-250
-253
-254
-240
-220
-201
-193
-178
-168
-170
-165
-143
-102
-71
-57
-53
-47
-29
-8
13
42
65
76
87
97
117
138
146
152
159
179
190
197
206
207
215
220
227
231
235
239
232
231
230
228
222
220
215
206
204
205
203
190
186
187
176
170
160
138
120
106
96
86
75
65
49
26
14
5
0
-4
-18
-31
-47
-61
-76
-86
-95
-109
-118
-133
-155
-168
-172
-165
-170
-186
-198
-208
-214
-224
-229
-233
-234
-241
-254
-254
-251
-248
-256
-261
-267
-259
-251
-250
-241
-232
-221
-207
-193
-185
-174
-166
-158
-150
-142
-122
-104
-88
-76
-68
-62
-42
-32
-18
-2
13
33
46
62
73
81
100
124
137
145
149
161
174
180
181
182
188
193
201
205
216
212
202
207
215
217
206
207
212
201
191
185
177
178
167
154
145
133
116
99
96
86
70
55
38
32
17
4
-3
-18
-29
-43
-58
-78
-93
-100
-117
-126
-132
-133
-136
-146
-159
-160
-153
-153
-165
-176
-177
-175
-179
-186
-180
-179
-183
-190
-183
-178
-176
-186
-185
-172
-166
-159
-151
-150
-145
-141
-135
-131
-118
-112
-109
-100
-102
-90
-78
-69
-59
-45
-35
-22
-5
14
34
41
51
53
79
104
112
124
131
143
141
147
157
178
195
202
203
212
225
236
248
250
243
236
238
238
238
232
222
227
229
227
229
223
212
198
184
173
171
167
152
137
111
102
97
89
75
56
39
22
12
0
-14
-29
-33
-46
-62
-66
-73
-85
-96
-106
-117
-127
-140
-151
-154
-160
-169
-186
-191
-191
-197
-198
-195
-197
-198
-211
-217
-207
-203
-205
-209
-213
-209
-205
-189
-179
-172
-163
-152
-137
-123
-105
-91
-69
-51
-36
-30
-32
-20
1
20
40
54
63
78
88
102
117
134
147
160
171
172
180
197
204
197
202
208
216
222
225
223
222
225
221
217
222
216
210
204
192
189
190
190
176
162
151
142
127
120
124
126
119
90
74
80
79
74
67
59
48
28
9
-7
-10
-14
-29
-44
-63
-78
-90
-93
-92
-104
-113
-127
-136
-141
-148
-152
-157
-161
-176
-185
-194
-200
-187
-180
-182
-193
-203
-198
-195
-196
-191
-195
-190
-178
-193
-191
-167
-138
-140
-156
-155
-152
-125
-111
-103
-94
-93
-78
-69
-59
-46
-37
-17
-2
7
15
26
39
55
73
73
74
84
108
119
124
123
129
132
130
132
136
150
149
143
141
143
148
151
149
153
152
145
137
128
129
114
106
103
89
84
64
52
45
39
39
30
17
-4
-23
-31
-33
-37
-50
-71
-90
-105
-123
-135
-135
-136
-139
-149
-155
-154
-152
-150
-149
-151
-163
-174
-177
-174
-171
-161
-155
-160
-173
-174
-163
-159
-160
-151
-149
-160
-167
-162
-150
-142
-142
-136
-133
-123
-114
-98
-71
-58
-48
-57
-52
-36
-20
-5
1
8
17
32
48
63
68
75
82
86
100
117
140
157
158
155
154
164
176
191
199
199
198
196
204
207
213
218
220
227
221
207
203
197
197
194
178
174
161
145
134
126
125
110
97
86
82
83
70
55
47
35
23
11
6
-2
-16
-28
-49
-63
-71
-77
-81
-91
-101
-113
-123
-127
-129
-128
-140
-145
-155
-148
-148
-164
-173
-182
-187
-161
-160
-148
-148
-146
-143
-158
-101
-122
82
102
-59
-223
-47
482
402
203
-77
-125
-136
296
734
-116
-128
540
698
315
26
220
14
-31
516
657
58
-543
-157
-98
-232
-111
-247
-325
-248
-60
-278
-517
-751
-767
-629
-445
-164
-191
-147
-73
-332
-460
-295
93
435
658
678
533
510
380
460
753
912
959
938
881
840
672
417
412
310
177
222
247
186
66
-262
-649
-779
-803
-739
-560
-442
-502
-669
-909
-1014
-939
-768
-491
-255
-161
-153
-151
-134
-41
32
115
300
504
643
671
605
496
329
214
248
351
443
450
343
123
-184
-390
-408
-364
-361
-340
-369
-446
-589
-751
-777
-778
-724
-553
-398
-303
-255
-196
-198
-201
-111
69
250
412
596
620
526
430
421
481
606
650
587
595
564
454
280
102
31
74
106
30
-72
-151
-222
-278
-381
-444
-348
-239
-189
-157
-167
-186
-165
-136
-88
6
117
227
271
260
235
221
218
238
264
259
247
226
204
115
-4
-70
-90
-128
-106
-125
-216
-259
-287
-337
-402
-380
-366
-346
-305
-264
-233
-238
-205
-187
-173
-126
-66
16
37
7
-6
11
34
4
-7
5
-24
-61
-64
-97
-174
-212
-219
-230
-237
-213
-201
-242
-291
-284
-225
-194
-172
-145
-101
-72
-10
59
69
98
159
233
311
324
271
286
311
327
353
364
324
289
302
319
257
156
118
125
146
159
144
67
2
-19
-9
-21
-32
32
55
66
58
50
73
86
112
122
171
243
285
306
282
216
159
185
199
220
272
287
234
147
82
12
-11
-17
9
13
-46
-101
-130
-158
-182
-176
-201
-213
-165
-81
-56
-88
-146
-182
-203
-175
-61
24
4
-29
-26
-44
-72
-84
-95
-44
14
42
-6
-121
-144
-86
-28
-98
-160
-162
-97
-47
-78
-138
-204
-196
-110
-37
-37
-63
-43
-22
-32
-39
-5
49
70
107
117
117
104
91
100
110
94
131
139
122
105
115
138
89
74
53
44
70
121
126
90
36
-11
-17
55
143
110
82
68
90
103
158
173
91
88
107
147
129
138
174
123
90
78
76
77
107
133
66
-9
-43
-26
0
14
19
-29
-51
-51
-68
-79
-81
-102
-136
-149
-167
-199
-187
-156
-170
-209
-224
-213
-183
-135
-122
-193
-240
-212
-189
-193
-192
-158
-117
-111
-141
-146
-106
-69
-37
-24
-15
-18
0
52
69
59
28
4
39
61
62
67
66
21
-26
-12
5
13
39
47
-37
-132
-121
-53
-28
-52
-61
-70
-59
-4
-4
-11
-1
21
90
114
125
140
144
120
85
79
138
192
178
144
133
120
66
20
-15
-6
13
44
7
-61
-106
-135
-147
-159
-121
-101
-93
-76
-82
-118
-112
-100
-87
-29
42
101
121
88
44
40
59
85
124
145
165
139
79
12
-24
-12
2
14
-10
-38
-57
-49
-103
-185
-250
-244
-179
-153
-135
-140
-183
-255
-290
-240
-175
-121
-89
-58
-46
-61
-70
-55
-37
-12
68
101
114
103
106
91
36
7
35
102
131
164
154
105
30
-2
22
25
70
127
146
91
32
16
-17
-14
40
92
115
116
122
104
76
50
20
57
116
199
223
185
136
55
34
60
112
122
132
150
134
69
-2
-39
-58
-30
17
17
-20
-55
-91
-154
-192
-190
-166
-109
-68
-78
-149
-203
-214
-228
-228
-181
-136
-122
-100
-110
-158
-195
-191
-145
-71
-21
12
-13
-53
-58
-66
-52
-24
34
66
89
90
59
35
9
7
21
53
99
119
123
100
27
-13
16
63
84
97
119
130
107
77
71
77
93
145
195
195
177
174
156
131
116
124
169
198
197
177
124
88
89
90
75
74
98
95
68
18
-35
-57
-49
-30
-17
-25
-17
-20
-47
-54
-54
-53
-47
-19
-1
23
51
26
-1
-10
-10
11
39
72
70
54
35
30
8
-7
15
3
-14
-23
-35
-56
-80
-111
-156
-176
-158
-123
-136
-188
-216
-227
-222
-205
-210
-221
-212
-197
-172
-147
-158
-175
-138
-91
-78
-68
-47
-30
-36
-19
5
10
18
38
67
73
69
51
31
17
29
41
22
33
39
28
22
28
53
58
34
28
29
31
44
59
52
45
65
95
117
130
140
131
117
112
113
118
122
125
107
94
77
64
55
42
40
24
0
-18
-20
-25
-46
-68
-74
-75
-77
-74
-54
-51
-54
-79
-88
-88
-87
-61
-44
-34
-53
-63
-50
-20
-2
-16
-34
-28
-9
-16
-24
-14
-6
-16
-18
-4
-6
-33
-37
-15
-38
-72
-77
-71
-88
-74
-60
-89
-132
-144
-126
-112
-117
-136
-131
-129
-129
-127
-119
-96
-95
-92
-74
-74
-60
-32
-15
-23
-18
11
21
17
32
58
67
59
53
62
68
85
83
72
83
85
88
89
77
69
75
86
96
91
84
70
69
69
59
65
67
61
43
41
41
50
41
14
3
11
39
38
25
23
13
-4
-21
-8
1
7
23
19
10
-4
4
-10
-7
3
-4
-4
-7
-14
-20
-28
-36
-36
-48
-49
-59
-71
-84
-79
-88
-125
-131
-125
-107
-109
-108
-101
-107
-101
-86
-76
-71
-59
-26
-21
-35
-24
11
34
44
55
56
62
84
121
119
92
91
130
151
152
158
131
101
99
112
109
102
110
107
105
97
92
90
77
74
67
66
73
68
69
71
70
68
59
56
73
88
83
84
88
90
87
87
100
102
106
99
94
79
69
69
58
53
51
38
27
47
43
24
6
1
24
36
26
16
-4
-33
-41
-35
-23
-19
-13
-21
-40
-60
-62
-49
-63
-64
-73
-81
-82
-83
-101
-120
-114
-123
-128
-125
-108
-93
-98
-100
-105
-102
-93
-55
-16
-14
-8
0
14
21
42
61
73
88
95
89
86
85
78
85
84
77
80
79
70
66
58
39
20
10
14
26
41
34
5
-15
-31
-7
6
22
27
15
20
32
26
20
26
37
30
19
20
14
16
14
6
-16
-23
-12
-4
-10
-17
-28
-50
-70
-80
-71
-75
-76
-65
-76
-94
-102
-95
-89
-96
-90
-91
-106
-110
-98
-105
-132
-150
-146
-141
-139
-117
-111
-130
-157
-182
-186
-174
-154
-135
-137
-148
-147
-145
-139
-124
-100
-87
-73
-64
-74
-63
-41
-10
-6
-13
3
26
35
48
64
58
57
54
60
69
74
81
63
50
40
33
24
25
34
37
30
9
-5
-4
0
3
8
16
18
0
-11
-14
-6
4
5
-3
6
26
30
34
31
31
28
37
53
54
46
43
44
34
43
42
26
36
49
40
28
24
24
17
19
31
23
11
13
11
1
6
26
42
37
26
32
40
34
30
24
28
44
44
42
41
44
39
25
10
10
7
-4
-15
-37
-53
-56
-69
-96
-98
-93
-106
-117
-119
-108
-114
-128
-124
-111
-105
-98
-89
-77
-79
-77
-65
-64
-43
-28
-12
-3
9
25
26
36
41
58
71
79
90
85
82
97
111
111
99
105
123
150
156
145
138
138
151
151
159
164
170
175
165
161
160
171
178
181
186
177
168
152
147
136
129
129
118
103
84
77
78
57
23
8
-5
-24
-27
-37
-64
-85
-98
-108
-123
-124
-113
-113
-122
-119
-115
-105
-91
-95
-97
-94
-75
-61
-52
-43
-41
-43
-38
-26
-31
-25
-7
-6
-12
-21
-17
-17
-28
-36
-42
-45
-53
-58
-65
-67
-69
-61
-62
-67
-61
-50
-41
-35
-30
-28
-16
-3
22
36
42
55
61
65
71
86
94
83
74
80
86
80
88
87
70
57
50
46
30
15
-1
-9
-19
-22
-32
-46
-40
-38
-37
-38
-37
-23
-19
-19
-17
-22
-33
-44
-27
-5
4
0
-7
-10
1
2
2
8
13
15
0
-5
-9
-28
-45
-49
-56
-68
-76
-89
-105
-113
-112
-116
-140
-170
-161
-138
-138
-148
-155
-159
-157
-144
-135
-131
-131
-126
-120
-117
-95
-84
-76
-70
-64
-60
-55
-38
-34
-31
-17
-10
-8
-3
7
16
15
9
6
22
38
51
60
62
63
64
74
86
95
104
105
112
110
99
94
89
94
98
101
87
81
85
86
72
53
62
53
55
57
51
37
16
12
15
16
25
21
17
15
21
27
18
5
-10
2
10
2
-4
-9
-3
-2
3
5
5
-2
12
21
5
-14
-30
-38
-41
-40
-35
-40
-41
-36
-44
-51
-57
-51
-47
-47
-40
-37
-39
-37
-33
-27
-26
-31
-34
-22
-20
-15
-20
-17
-9
-4
14
22
32
18
6
1
-2
-8
-3
0
-5
-4
-1
-10
-19
-20
-23
-14
-14
-5
-3
6
13
34
80
96
82
89
100
80
67
85
95
79
89
105
99
97
103
103
101
96
90
74
64
73
57
49
61
67
52
38
56
61
60
68
61
54
49
54
50
58
62
47
46
45
42
30
32
33
13
2
-9
-21
-30
-27
-29
-34
-26
-32
-49
-55
-44
-49
-77
-81
-68
-60
-56
-49
-54
-66
-64
-67
-66
-60
-56
-54
-64
-59
-63
-68
-70
-72
-66
-58
-46
-49
-45
-36
-27
-28
-33
-29
-9
11
43
55
44
37
27
41
53
67
76
76
85
83
81
88
89
86
80
81
85
84
86
80
65
54
55
57
46
34
33
29
8
1
-7
-14
-14
-12
-7
-11
-13
-3
-10
1
4
-13
-10
-9
-4
-3
-1
2
5
3
10
8
-3
-13
-24
-37
-48
-46
-47
-47
-54
-68
-74
-81
-86
-88
-93
-90
-95
-106
-101
-103
-102
-94
-93
-94
-96
-95
-89
-82
-72
-62
-64
-61
-54
-56
-51
-45
-35
-24
-19
-24
-30
-35
-29
-23
-23
-22
-16
-2
3
5
3
2
0
2
8
17
10
10
16
16
18
25
25
21
20
30
37
34
36
39
32
28
37
48
53
58
68
66
58
55
55
54
51
51
48
45
50
44
40
37
26
19
12
10
4
0
-12
-22
-33
-44
-53
-46
-44
-43
-45
-58
-65
-64
-68
-78
-79
-76
-69
-81
-78
-73
-68
-69
-73
-78
-87
-78
-74
-70
-69
-76
-78
-78
-72
-68
-63
-65
-68
-62
-57
-56
-59
-56
-61
-55
-51
-37
-22
-11
-7
-3
-2
0
8
15
24
15
26
30
37
42
49
51
48
50
52
51
47
43
46
60
68
68
67
66
71
71
67
71
65
63
77
75
70
78
74
71
73
75
78
78
74
66
61
63
66
68
77
81
80
86
92
90
81
62
48
43
39
51
57
61
65
58
57
46
37
27
20
7
-4
-9
-7
-5
-13
-20
-15
-7
-8
-15
-17
-20
-33
-47
-50
-43
-39
-31
-21
-17
-22
-28
-33
-42
-42
-41
-46
-51
-46
-37
-26
-13
-5
-1
1
-1
-11
-6
0
-7
-12
-6
2
11
17
32
25
14
13
5
13
19
29
33
34
48
52
56
57
54
51
38
35
33
32
37
50
58
59
64
59
62
60
52
61
49
49
57
62
68
65
52
38
32
26
28
22
19
18
7
-2
-2
0
3
4
-6
-6
-4
-13
-28
-39
-41
-52
-46
-38
-42
-31
-32
-38
-44
-43
-40
-48
-58
-60
-63
-73
-66
-74
-68
-60
-59
-61
-72
-71
-66
-58
-58
-54
-50
-45
-40
-43
-44
-46
-48
-44
-37
-34
-34
-43
-46
-44
-46
-45
-47
-45
-42
-43
-45
-50
-56
-63
-65
-60
-54
-49
-45
-46
-41
-45
-51
-42
-36
-21
-11
-5
6
13
15
14
8
2
0
-3
-1
1
18
22
28
34
31
29
20
17
12
7
3
-11
-15
-12
-15
-13
-13
-9
-8
-15
-23
-21
-27
-27
-24
-25
-20
-16
-11
-14
-20
-16
-11
-20
-26
-28
-34
-29
-28
-30
-30
-32
-26
-32
-40
-41
-35
-37
-39
-36
-36
-38
-45
-49
-54
-50
-49
-46
-44
-51
-56
-66
-60
-48
-46
-48
-52
-52
-41
-31
-25
-28
-34
-29
-23
-13
-5
2
20
32
46
51
50
45
47
44
40
43
45
55
66
70
64
68
68
64
70
69
64
59
48
44
43
40
48
56
54
51
52
52
54
52
46
48
51
58
64
64
65
64
64
55
52
54
58
62
63
66
67
55
48
44
35
30
27
22
23
24
16
12
11
7
11
11
7
2
-5
-8
-15
-12
-4
-2
-3
-1
6
16
17
17
17
14
24
27
31
29
33
32
39
49
44
44
46
39
32
43
42
42
39
44
49
51
57
49
47
47
47
41
42
40
39
45
47
49
51
42
36
32
34
39
44
53
59
68
66
63
64
59
56
57
62
56
45
46
47
52
58
64
63
63
56
48
39
36
31
27
24
11
9
7
6
7
-1
-8
-9
-24
-32
-25
-27
-26
-26
-27
-31
-41
-45
-52
-58
-67
-76
-82
-88
-87
-79
-74
-70
-68
-69
-76
-80
-87
-95
-97
-102
-105
-101
-95
-92
-83
-83
-82
-76
-72
-66
-64
-63
-56
-51
-46
-42
-28
-19
-19
-22
-24
-29
-35
-31
-25
-21
-25
-12
-6
-3
1
2
5
-2
-9
-7
-9
-13
-11
-14
-9
-9
-12
-12
-12
-10
-18
-22
-27
-31
-34
-28
-35
-38
-38
-45
-47
-56
-55
-58
-59
-62
-61
-57
-62
-72
-64
-50
-51
-46
-41
-40
-33
-31
-29
-34
-33
-30
-28
-20
-20
-14
-17
-19
-14
-19
-27
-27
-31
-40
-41
-39
-34
-26
-23
-21
-13
-10
-21
-23
-29
-38
-37
-37
-30
-31
-25
-17
-15
-7
2
0
-2
-4
-14
-10
-10
-8
-6
-10
-3
-2
0
-1
3
1
-2
-2
-10
-11
-6
4
11
19
20
30
27
25
32
31
32
33
37
40
41
51
63
67
67
67
71
73
74
73
68
67
73
78
90
90
94
94
92
83
73
71
63
63
63
63
62
68
65
54
47
44
33
25
27
17
12
6
8
6
0
0
-1
4
0
-1
-7
-14
-20
-23
-23
-25
-19
-21
-15
-18
-16
-15
-19
-20
-26
-19
-21
-13
-12
-8
-5
2
15
15
14
5
6
-1
-3
-4
-2
-1
-2
4
2
7
5
5
-1
6
10
6
12
14
20
20
25
27
28
38
35
34
35
35
37
40
39
44
52
59
60
60
63
63
60
62
65
62
61
67
70
65
65
66
64
62
54
58
68
68
65
56
50
54
61
58
53
51
42
34
28
20
14
8
8
0
-7
-11
-9
-14
-20
-20
-27
-34
-43
-54
-49
-47
-48
-46
-54
-60
-68
-80
-77
-86
-91
-91
-90
-95
-103
-97
-102
-95
-103
-110
-103
-106
-115
-121
-122
-122
-110
-102
-108
-108
-99
-93
-95
-102
-96
-82
-82
-77
-76
-77
-65
-59
-51
-41
-30
-25
-23
-32
-33
-27
-17
-1
4
10
17
29
30
28
35
27
34
35
33
34
51
66
53
62
68
64
58
50
44
45
44
35
36
36
35
36
33
39
37
35
17
7
1
-6
-3
-7
-4
-4
-7
-7
-9
-15
-26
-29
-30
-36
-33
-37
-34
-32
-30
-30
-29
-31
-26
-27
-31
-27
-33
-38
-37
-32
-31
-28
-24
-35
-35
-41
-39
-30
-37
-33
-25
-13
-9
-1
6
8
7
-5
-11
-16
-23
-25
-22
-20
-7
1
7
15
15
15
16
9
2
-1
7
14
12
22
25
34
37
33
40
39
40
40
38
34
32
29
27
30
33
43
47
43
33
30
22
22
22
19
29
30
31
32
35
19
13
11
11
11
8
20
23
20
20
25
20
15
4
-13
-11
-18
-15
-10
-4
3
-1
5
8
6
3
0
1
-1
-4
-8
-7
-8
-9
1
3
9
21
13
5
2
-6
-11
-7
1
0
5
14
11
16
19
18
17
15
16
18
24
33
39
46
48
45
48
41
34
28
22
19
23
21
22
15
18
19
16
18
5
-8
-11
-16
-22
-19
-21
-20
-13
-15
-16
-20
-18
-13
-21
-14
-9
-5
5
7
10
2
7
10
3
7
5
7
15
9
7
18
12
17
27
25
22
25
25
24
13
9
11
22
27
23
23
18
17
16
23
17
10
15
18
19
19
14
14
19
21
22
30
24
17
23
15
11
16
20
26
26
30
27
12
20
13
1
5
3
1
6
8
4
-4
-15
-21
-20
-21
-30
-33
-31
-30
-31
-16
-14
-16
-19
-20
-27
-28
-27
-25
-20
-23
-14
-2
-4
-7
3
-4
-4
-10
-15
-10
-21
-16
-8
-8
-2
0
13
12
11
18
15
6
11
10
-3
5
4
10
10
9
6
-1
-4
-3
1
1
-5
-3
-1
1
1
9
7
1
-1
-10
-16
-26
-31
-36
-43
-45
-40
-41
-38
-36
-41
-42
-44
-44
-47
-48
-48
-51
-52
-59
-69
-75
-75
-79
-71
-67
-73
-71
-67
-55
-51
-47
-41
-45
-40
-46
-50
-42
-38
-35
-33
-25
-18
-7
-3
-4
-3
2
1
6
6
-1
8
17
16
18
30
23
19
31
19
15
17
14
16
16
15
17
26
26
30
37
40
31
25
24
22
16
13
11
7
6
17
20
22
17
11
14
10
10
12
6
-4
-5
-4
-11
-12
-15
-24
-23
-26
-15
-9
-14
-15
-18
-20
-29
-32
-33
-37
-43
-36
-43
-52
-45
-41
-43
-37
-32
-26
-20
-22
-17
-21
-31
-33
-37
-40
-37
-31
-24
-21
-13
-11
-12
-15
-18
-14
-9
-10
-11
-5
-9
1
1
5
1
-7
-4
-1
10
16
27
31
36
46
51
50
55
65
69
68
68
69
67
71
72
75
82
81
78
85
96
103
111
103
100
98
84
88
77
66
63
60
55
58
57
59
59
43
42
34
29
20
20
14
7
6
-6
-5
-9
-14
-15
-16
-23
-29
-40
-46
-39
-37
-36
-34
-30
-34
-47
-41
-39
-43
-32
-39
-43
-40
-37
-32
-35
-29
-19
-19
-16
-19
-13
-13
-14
-2
12
19
21
26
25
30
35
39
35
36
44
43
37
39
42
45
45
45
50
47
46
46
39
37
42
39
27
21
12
5
-1
-6
-12
-19
-19
-23
-17
-22
-21
-17
-21
-23
-18
-24
-23
-18
-19
-15
-32
-33
-34
-40
-37
-26
-22
-17
-5
0
3
11
9
4
2
0
2
1
8
1
1
1
4
9
7
5
3
-1
-9
6
-3
-7
-4
-19
-29
-35
-33
-39
-33
-30
-33
-34
-33
-39
-47
-49
-54
-58
-62
-59
-64
-59
-55
-58
-47
-50
-57
-59
-49
-53
-59
-59
-61
-59
-59
-53
-50
-49
-41
-39
-48
-49
-55
-56
-44
-39
-32
-28
-28
-28
-18
-14
-12
-10
-4
-4
-9
-3
-5
-5
8
6
2
7
9
15
19
20
15
11
13
15
16
20
20
22
19
22
16
6
13
10
14
24
23
17
20
20
19
20
16
11
5
9
4
-1
6
5
5
14
14
18
24
23
26
27
31
31
24
19
18
26
29
31
31
28
20
19
14
3
1
-8
-9
-6
-10
-9
-8
-8
-15
-20
-25
-28
-33
-41
-37
-33
-42
-42
-41
-45
-44
-40
-34
-37
-31
-27
-27
-30
-34
-30
-31
-22
-14
-16
-9
-4
7
3
10
19
17
27
23
25
26
36
38
38
50
51
58
70
71
75
77
75
76
75
80
82
78
80
81
78
75
79
83
84
91
100
103
103
98
100
99
95
88
80
77
73
61
52
48
45
45
41
35
37
39
31
17
12
1
-12
-18
-27
-23
-21
-21
-22
-22
-22
-17
-25
-24
-28
-26
-25
-30
-32
-28
-14
-23
-15
-17
-25
-32
-39
-41
-41
-37
-31
-27
-25
-15
-12
-12
-12
-13
-10
-13
-17
-18
-19
-16
-10
-4
-1
2
10
14
21
24
32
37
29
32
23
19
20
15
22
23
20
24
26
24
26
23
25
23
21
18
13
18
18
17
14
17
16
13
21
15
9
5
4
1
-1
-3
-3
-4
-11
-4
-8
-5
-3
-9
-15
-21
-21
-28
-28
-31
-29
-27
-25
-25
-22
-22
-24
-23
-25
-26
-25
-22
-22
-22
-22
-20
-22
-23
-26
-23
-22
-24
-34
-40
-42
-44
-42
-38
-34
-33
-37
-37
-39
-40
-44
-51
-50
-48
-38
-37
-35
-27
-25
-25
-30
-24
-21
-21
-20
-22
-23
-33
-29
-24
-13
-19
-19
-18
-22
-25
-40
-45
-48
-43
-36
-31
-36
-31
-28
-29
-32
-38
-39
-45
-46
-41
-39
-45
-34
-28
-32
-27
-22
-27
-36
-37
-40
-42
-35
-42
-41
-33
-29
-32
-35
-23
-21
-27
-27
-30
-30
-29
-21
-25
-22
-14
-17
-16
-15
-18
-24
-21
-21
-16
-14
-17
-10
-5
-1
4
1
-1
9
13
16
22
27
34
42
39
44
43
48
53
52
57
49
60
62
59
61
56
57
55
57
59
59
57
51
49
48
47
50
48
41
41
38
41
34
30
29
30
23
23
24
12
11
10
13
9
6
11
4
3
0
-5
-12
-13
-6
-8
-10
-9
-11
-9
-6
-10
-6
-9
-6
8
10
8
-1
-3
-7
-8
1
-5
1
10
20
25
36
39
31
32
28
25
32
38
37
35
31
37
36
44
46
48
45
43
35
26
26
30
32
30
33
33
40
45
44
32
25
18
7
-1
-2
0
2
11
16
18
19
13
2
6
8
17
14
16
24
22
24
24
28
32
28
30
27
24
27
26
32
38
38
50
44
43
48
35
36
37
30
36
43
42
44
45
44
36
27
16
13
7
4
1
-4
-5
-4
3
6
11
10
10
4
-3
-6
-18
-19
-11
-14
-18
-19
-19
-15
-20
-20
-27
-30
-33
-40
-43
-50
-53
-58
-56
-56
-55
-53
-64
-72
-77
-66
-64
-67
-66
-66
-64
-65
-60
-61
-73
-69
-70
-72
-71
-72
-69
-80
-76
-69
-71
-72
-69
-71
-78
-74
-72
-68
-61
-62
-58
-54
-52
-62
-67
-60
-65
-67
-70
-59
-52
-44
-43
-34
-22
-15
-13
-17
-18
-18
-14
-3
3
8
9
9
14
25
40
36
33
31
31
35
40
34
32
32
35
40
44
42
26
16
22
30
22
23
10
9
14
12
16
5
3
-11
-5
-11
-24
-19
-19
-20
-23
-31
-25
-14
-29
-28
-29
-38
-40
-48
-43
-43
-47
-37
-41
-48
-42
-50
-52
-51
-60
-63
-66
-65
-58
-61
-56
-47
-42
-41
-55
-52
-42
-35
-32
-30
-30
-21
-2
10
22
20
13
6
18
23
20
25
20
31
47
60
64
68
61
66
82
62
64
73
61
60
73
69
58
63
63
59
62
63
68
70
76
65
63
63
60
62
70
67
53
50
47
41
38
28
26
37
38
33
30
37
28
37
49
51
53
37
34
44
48
50
45
36
33
34
44
38
30
26
33
37
36
34
25
24
26
41
36
24
15
10
7
15
19
18
4
5
20
32
42
23
17
10
9
16
31
28
17
21
23
20
27
31
16
3
4
8
8
7
5
-2
-8
-9
-17
-17
-24
-20
-12
-4
-4
-12
-18
-23
-24
-14
-7
-8
-12
-10
-9
-9
-5
-5
-5
-2
9
16
26
28
13
12
17
13
19
17
19
20
9
13
22
27
28
28
41
40
34
30
19
20
15
5
2
-5
-5
0
5
3
6
0
-3
2
2
0
-4
-10
-18
-15
-16
-36
-40
-25
-19
-20
-23
-35
-34
-31
-31
-30
-35
-34
-34
-35
-34
-47
-45
-39
-42
-43
-53
-45
-43
-39
-35
-44
-37
-40
-51
-43
-50
-47
-36
-26
-29
-28
-32
-38
-29
-33
-37
-43
-49
-45
-40
-42
-41
-50
-42
-29
-27
-29
-43
-44
-47
-40
-41
-49
-51
-61
-56
-59
-60
-64
-56
-46
-42
-40
-39
-29
-24
-30
-40
-34
-30
-29
-25
-25
-30
-24
-28
-27
-25
-19
-15
-10
-4
-4
-4
0
14
20
19
7
2
0
6
1
2
12
8
8
8
-4
-28
-28
-26
-20
-19
-19
-10
-11
-11
-21
-22
-11
-16
-14
-14
-27
-33
-27
-32
-35
-25
-20
-18
-15
-15
-18
-15
-23
-25
-21
-21
-23
-22
-15
-9
-6
-7
7
8
7
9
10
35
37
32
27
27
25
26
28
33
39
50
62
57
55
53
44
43
51
54
59
59
60
61
62
68
73
67
61
57
52
59
72
82
67
55
47
41
50
48
43
36
30
27
11
10
3
1
3
2
-2
-8
-17
-19
-20
-21
-11
2
8
10
4
-5
-1
-1
3
4
1
-1
2
2
5
11
9
9
19
20
20
18
20
25
23
23
26
27
24
27
30
40
51
45
36
32
37
43
41
38
37
41
45
52
47
54
47
27
34
35
18
18
32
36
35
34
31
29
31
38
38
34
26
24
19
15
13
8
6
5
-5
-8
-2
4
5
-13
-16
-13
-5
-2
-7
-16
-21
-17
-16
-17
-18
-28
-29
-19
-12
-8
-10
-7
-11
-13
-10
-11
-23
-23
-26
-25
-13
-14
-15
-9
-11
-14
-7
-7
-16
-19
-17
-14
-11
-20
-20
-16
-8
-7
-14
-5
-5
-3
5
3
-5
-3
8
13
8
1
1
-5
-8
-11
-8
-6
-10
-13
-12
-15
-18
-21
-24
-24
-29
-23
-27
-32
-31
-31
-29
-33
-40
-43
-35
-32
-45
-46
-55
-61
-56
-53
-54
-59
-57
-63
-64
-63
-59
-65
-68
-63
-67
-64
-67
-66
-63
-62
-61
-56
-54
-55
-56
-50
-44
-46
-33
-42
-43
-37
-34
-26
-19
-23
-28
-24
-24
-34
-31
-29
-28
-14
-9
-14
-12
-4
-10
-1
1
-3
-4
3
1
-11
-16
-16
-12
-6
-6
-12
2
5
8
15
5
1
-5
-3
4
8
8
3
3
-6
-9
-20
-27
-21
-20
-19
-12
-18
-29
-26
-23
-18
-8
-3
-9
-12
-9
-15
-10
0
-2
-7
-2
-2
-7
2
2
6
11
17
26
32
41
48
54
61
64
56
46
48
59
59
55
50
51
45
43
40
45
49
55
60
50
53
48
50
48
44
39
33
28
33
39
44
40
35
35
32
34
34
41
41
38
35
27
12
11
10
11
12
13
16
15
12
4
9
9
4
4
9
11
12
3
-3
-1
-4
4
8
6
7
4
7
11
16
25
22
27
27
34
41
35
44
40
42
47
42
42
41
51
64
59
60
52
43
45
46
49
58
66
57
58
58
52
53
45
42
38
34
32
35
38
37
49
48
41
37
33
39
38
38
34
30
30
19
12
16
15
18
23
20
16
11
15
13
16
15
12
14
9
3
2
-3
-13
-13
-18
-18
-15
-11
-15
-21
-12
-15
-18
-32
-34
-28
-41
-35
-38
-45
-40
-40
-43
-44
-41
-45
-43
-41
-40
-34
-36
-35
-42
-46
-53
-55
-54
-50
-46
-44
-40
-40
-32
-33
-31
-34
-40
-39
-38
-29
-30
-21
-19
-22
-20
-22
-11
-11
-8
-4
-3
-2
-6
-12
-14
-8
-2
-3
-4
-9
-8
-13
-24
-14
-12
-10
-22
-22
-15
-15
-7
2
7
3
3
-10
-21
-25
-28
-25
-28
-24
-18
-7
-7
-12
-17
-25
-25
-33
-44
-45
-44
-43
-41
-41
-35
-35
-29
-28
-29
-22
-22
-18
-18
-22
-28
-31
-31
-24
-24
-35
-34
-41
-33
-23
-30
-26
-26
-18
-10
-9
-14
-20
-28
-31
-25
-19
-14
-13
-15
-17
-19
-22
-19
-11
-15
-18
-23
-27
-18
-13
-12
-12
-17
-18
-12
-13
-15
-23
-26
-27
-21
-15
-14
-19
-15
-8
-4
-5
-8
-2
-10
-10
-6
-4
-6
-5
-5
-13
-12
-5
-4
-9
-6
-2
12
15
10
7
-1
-4
-6
-9
-3
2
13
20
24
34
25
27
27
26
34
24
21
14
15
24
30
32
31
28
30
34
38
38
31
26
32
34
31
31
33
37
41
38
36
38
37
43
47
47
47
50
41
48
55
49
48
42
49
53
61
66
66
64
51
47
53
51
49
51
53
59
65
56
56
60
55
48
47
47
42
45
42
40
37
27
29
24
18
11
16
16
11
11
6
7
10
-1
-1
-7
-10
-6
-6
-7
-7
1
-10
-4
-5
-7
-9
-9
-4
-2
1
0
0
-1
1
-5
-12
-19
-19
-13
-5
-4
-7
-2
-3
6
9
-1
-5
-7
-14
-18
-23
-21
-19
-16
-8
-13
-12
-3
0
5
3
-5
-4
2
6
3
-6
-12
-16
-15
-8
-4
2
7
3
0
2
1
-3
4
-7
-11
-16
-18
-17
-23
-26
-30
-23
-21
-22
-23
-16
-9
-16
-19
-16
-20
-27
-28
-31
-32
-33
-37
-37
-34
-31
-30
-25
-31
-27
-32
-38
-26
-25
-26
-27
-23
-20
-17
-13
-14
-7
-6
-6
2
3
-4
1
8
9
8
12
15
12
16
14
9
12
8
13
14
13
14
13
12
13
5
3
4
2
2
-8
-10
-5
-3
-3
-11
-20
-29
-31
-34
-34
-30
-34
-38
-45
-37
-33
-37
-34
-36
-39
-40
-44
-45
-51
-52
-51
-58
-58
-60
-55
-43
-43
-50
-58
-66
-69
-67
-63
-62
-55
-55
-49
-49
-50
-42
-47
-44
-44
-40
-40
-33
-23
-15
-12
-15
-8
-1
0
0
7
11
16
14
18
18
12
16
19
26
32
34
33
39
41
41
39
37
37
36
39
41
40
44
43
33
39
44
48
44
46
48
51
55
49
46
33
34
41
42
50
45
39
38
32
27
28
21
19
22
16
21
17
10
10
8
8
-2
-4
-4
-13
-13
-7
-8
-10
-15
-21
-31
-32
-26
-28
-21
-22
-13
-9
-5
-5
-8
-4
-1
0
2
3
-5
-1
1
10
16
18
18
15
19
21
18
22
17
21
23
17
19
14
19
27
35
30
21
19
16
25
30
24
23
21
16
14
21
24
26
24
21
21
24
17
17
22
18
23
22
12
18
14
8
9
4
-8
-6
-11
-19
-7
-4
-2
2
2
-6
-6
-10
-7
-7
-11
-10
-3
1
3
6
4
9
8
15
11
8
9
16
25
22
24
23
22
10
8
6
14
22
22
32
40
39
32
30
29
24
23
23
27
28
24
25
30
31
32
34
34
30
29
20
24
16
10
8
5
7
7
8
1
7
9
16
9
0
-6
-6
-4
1
-3
-12
-13
-9
-5
-9
-17
-19
-24
-26
-32
-40
-45
-46
-49
-50
-50
-52
-47
-46
-52
-52
-53
-51
-39
-33
-30
-28
-29
-23
-27
-30
-27
-26
-22
-17
-12
-6
-3
-11
-3
-1
-8
-7
-13
-14
-11
-5
0
-5
-11
-16
-17
-4
3
8
13
11
2
-6
-5
-7
-11
-8
-16
-18
-10
-16
-18
-18
-17
-19
-22
-23
-28
-20
-25
-23
-22
-24
-29
-34
-28
-26
-29
-32
-30
-25
-20
-24
-16
-16
-16
-22
-23
-20
-32
-28
-28
-35
-36
-36
-31
-34
-38
-37
-37
-30
-26
-23
-20
-22
-23
-18
-11
-8
-8
-7
-6
-9
-4
-1
2
1
4
6
5
4
10
8
11
12
12
16
9
6
0
1
8
4
-2
1
6
12
14
16
17
12
4
3
7
6
10
7
4
1
-2
-8
-16
-11
-8
-9
-14
-10
-9
-13
-13
-10
-10
-10
-14
-11
-17
-18
-7
-8
-8
-10
-9
1
4
-4
0
0
4
12
9
5
1
8
7
4
7
-1
-1
1
3
7
0
-1
1
7
10
14
20
17
17
19
20
24
23
28
34
36
38
39
42
39
39
35
35
37
41
39
36
35
37
42
42
47
47
45
39
35
34
35
34
38
38
44
44
38
41
43
45
52
55
58
53
44
32
22
17
12
12
13
11
3
0
-6
-12
-10
-12
-13
-15
-19
-12
-16
-9
-6
-9
-9
-10
-6
-10
3
0
-8
-4
-4
-4
-2
-8
-8
0
0
2
3
6
6
10
14
15
18
14
12
9
10
15
14
17
19
27
29
34
36
33
26
22
18
12
4
5
4
3
5
1
6
6
7
5
2
0
-2
1
-1
-2
-2
-5
-3
0
-4
-9
-8
-12
-18
-18
-28
-28
-33
-39
-39
-32
-32
-35
-35
-35
-39
-41
-40
-38
-36
-40
-34
-31
-30
-27
-25
-29
-25
-24
-25
-19
-25
-19
-17
-15
-6
-5
-6
-9
-1
-1
-6
-2
-6
-10
-17
-20
-18
-16
-10
-16
-21
-24
-25
-22
-14
-8
-9
-8
-16
-17
-16
-23
-21
-20
-26
-26
-27
-32
-30
-33
-36
-33
-38
-42
-41
-38
-36
-34
-39
-40
-40
-40
-44
-42
-40
-26
-17
-22
-21
-25
-20
-23
-28
-20
-15
-9
-12
-17
-11
-19
-21
-23
-23
-23
-28
-23
-23
-16
-13
-17
-13
-12
-13
-15
-8
-3
6
12
14
21
16
14
16
12
14
19
22
21
12
11
17
17
22
25
20
17
18
18
9
20
26
29
34
32
36
40
42
41
38
40
34
25
24
27
24
16
13
18
17
13
8
3
4
11
5
-1
-3
-13
-9
-6
-6
-7
-14
-16
-10
-4
2
2
4
-2
1
6
11
7
4
7
11
9
4
4
0
-4
-6
-11
-8
-8
-12
-3
1
3
11
7
7
8
4
6
8
12
21
28
29
32
39
38
38
40
39
37
34
36
26
26
30
34
32
27
30
23
22
23
25
28
34
28
31
34
26
33
33
34
31
30
31
31
41
44
45
50
50
45
46
41
40
34
24
28
26
30
25
21
14
6
6
7
12
12
15
20
17
16
17
18
18
17
14
17
19
14
6
-1
3
7
11
7
11
15
12
8
5
4
1
3
5
9
14
21
15
9
7
0
2
6
7
4
9
8
5
9
8
13
9
6
12
13
14
11
7
-1
-10
-4
-3
-1
-2
-6
-10
-8
-1
-3
-3
-2
-3
-6
-1
3
-2
-2
-1
-2
-5
-14
-17
-21
-21
-20
-25
-26
-34
-47
-44
-45
-46
-45
-49
-45
-47
-51
-53
-50
-53
-49
-41
-37
-41
-50
-54
-44
-45
-35
-32
-26
-19
-23
-26
-25
-20
-29
-36
-41
-39
-43
-35
-33
-33
-27
-25
-26
-21
-22
-23
-22
-17
-14
-15
-13
-21
-20
-16
-13
-8
-15
-15
-15
-14
-23
-20
-10
-18
-19
-20
-21
-16
-18
-13
-9
-18
-20
-21
-23
-17
-11
-9
-11
-15
-12
-12
-10
-8
-12
-9
-14
-19
-13
-11
-11
-9
-19
-19
-17
-22
-32
-32
-29
-33
-30
-32
-24
-26
-26
-30
-32
-28
-35
-36
-36
-33
-30
-27
-21
-15
-12
-10
-8
-12
-12
-14
-16
-18
-21
-16
-19
-17
-13
-13
-8
-12
-10
-9
-5
2
4
9
9
13
7
2
1
1
1
1
6
13
22
21
21
24
19
24
30
30
31
33
26
24
22
18
14
10
7
9
11
16
17
19
23
24
27
26
29
29
33
34
35
39
32
29
34
40
43
40
29
31
32
42
44
41
42
37
39
40
34
32
36
37
46
51
52
59
63
64
53
50
53
55
53
45
47
46
43
45
42
37
38
36
31
34
39
39
34
28
18
12
12
17
24
27
27
22
15
13
22
17
12
10
8
0
-4
-4
-4
-14
-15
-12
-20
-11
-16
-13
-11
-15
-10
-12
-10
-9
-11
-12
-8
-10
-20
-16
-14
-19
-17
-18
-14
-15
-13
-3
-3
0
-2
-1
3
2
5
1
1
4
1
-5
-10
-16
-17
-17
-12
-5
-6
-7
-2
3
4
6
9
9
6
-1
-5
-6
-11
-10
-12
-20
-21
-23
-19
-16
-16
-13
-8
-5
7
9
7
7
3
-2
0
-1
-9
-4
-5
2
8
1
-7
-15
-19
-18
-15
-11
-12
-3
3
0
-12
-21
-23
-26
-21
-28
-30
-33
-36
-42
-40
-38
-36
-39
-36
-33
-32
-21
-23
-21
-28
-29
-26
-25
-24
-22
-18
-15
-21
-24
-22
-18
-18
-17
-17
-18
-17
-20
-18
-20
-16
-17
-18
-20
-18
-17
-21
-18
-19
-23
-14
-6
-5
-3
-2
1
4
9
8
10
10
0
-3
-9
-13
-15
-22
-15
-11
-6
2
2
3
7
5
4
-1
-7
-6
-5
-10
-15
-16
-18
-14
-16
-17
-12
-11
-9
-7
-13
-16
-26
-34
-34
-35
-33
-27
-18
-13
-3
-4
-9
-16
-15
-8
-9
-9
-13
-14
-17
-16
-18
-14
-8
-9
-2
-1
-1
5
1
-2
-5
-11
-18
-19
-17
-15
-10
0
1
3
3
3
6
10
14
10
13
21
22
27
23
23
24
17
22
19
22
24
28
28
23
17
16
16
10
11
12
19
20
18
21
21
28
28
23
23
20
24
31
32
36
39
37
39
36
32
27
29
29
25
24
27
26
17
24
21
23
28
31
31
29
26
23
16
17
24
20
20
16
24
28
28
28
26
30
30
37
36
36
43
48
48
44
34
28
26
26
24
34
40
45
42
40
45
41
45
46
53
54
64
66
51
53
49
43
48
47
41
43
43
40
43
38
28
27
33
37
33
32
34
32
30
25
25
19
15
13
15
19
15
19
20
21
13
5
7
4
1
-5
-10
-13
-16
-15
-15
-17
-24
-27
-33
-39
-33
-39
-42
-45
-49
-50
-45
-44
-45
-37
-40
-34
-40
-47
-46
-49
-53
-52
-45
-44
-47
-49
-44
-44
-38
-38
-34
-29
-28
-32
-30
-30
-29
-22
-20
-18
-14
-8
-10
-14
-14
-18
-17
-18
-19
-15
-11
-3
1
-3
-9
-17
-19
-19
-22
-19
-14
-11
-17
-30
-30
-35
-33
-27
-28
-25
-32
-35
-35
-33
-34
-36
-26
-24
-27
-27
-39
-47
-57
-57
-50
-51
-48
-48
-49
-49
-44
-38
-39
-37
-40
-41
-42
-41
-43
-38
-30
-25
-22
-21
-27
-32
-31
-35
-34
-27
-30
-29
-28
-26
-27
-28
-25
-29
-32
-28
-22
-17
-12
-15
-12
-8
-12
-17
-19
-17
-7
3
10
20
21
15
14
11
4
-3
-9
-10
-9
-13
-16
-20
-22
-18
-17
-23
-25
-22
-24
-23
-24
-22
-24
-31
-34
-32
-31
-30
-25
-21
-17
-12
-16
-21
-17
-15
-18
-14
-12
-5
8
13
10
5
2
5
9
13
12
12
22
28
29
27
30
25
31
43
50
59
55
54
51
43
38
35
36
37
42
46
50
50
49
44
37
39
45
43
49
54
47
45
47
48
44
47
52
59
62
62
61
62
59
57
62
60
59
64
63
70
67
62
65
59
57
53
50
50
44
39
36
33
38
41
40
38
48
56
54
52
52
49
40
29
25
20
19
21
18
16
16
21
20
21
18
17
18
14
16
22
21
20
18
10
3
7
6
5
9
7
14
18
23
26
25
21
15
7
9
8
11
5
1
9
2
1
0
-7
-9
-4
-1
4
12
13
11
12
16
10
2
0
-5
-3
-8
-17
-21
-22
-19
-23
-20
-9
-1
1
0
-4
-12
-15
-20
-31
-40
-44
-50
-44
-35
-41
-44
-43
-39
-35
-37
-40
-40
-43
-41
-42
-46
-52
-61
-62
-63
-61
-56
-52
-48
-46
-42
-44
-45
-42
-40
-30
-34
-31
-25
-29
-35
-36
-25
-25
-31
-28
-20
-29
-29
-27
-34
-32
-35
-37
-37
-34
-26
-20
-18
-22
-26
-27
-34
-37
-35
-42
-46
-53
-59
-53
-45
-42
-36
-39
-37
-37
-43
-40
-45
-49
-44
-41
-36
-37
-36
-35
-35
-39
-44
-41
-41
-37
-29
-31
-33
-35
-33
-35
-35
-29
-25
-26
-20
-16
-10
-10
-8
-8
-11
-6
-13
-9
-7
-10
-11
-8
-16
-19
-18
-20
-7
-1
6
8
-2
6
4
0
1
-9
-12
-7
-6
-2
3
6
7
2
-1
-4
-7
-7
-6
1
2
3
7
1
3
1
5
1
-9
-4
-2
4
7
12
20
24
22
26
27
31
34
39
45
44
47
44
48
51
49
53
55
49
43
45
47
47
41
36
30
36
34
29
33
33
44
52
47
50
44
39
36
31
31
30
24
28
35
37
38
36
35
29
35
35
28
31
25
24
24
21
18
16
17
13
17
20
25
34
37
39
43
45
46
44
40
44
49
51
57
63
67
62
63
61
54
44
37
37
37
37
39
41
46
48
39
37
36
34
23
30
31
29
26
21
25
25
21
20
28
28
31
30
33
39
32
26
21
22
21
26
29
29
23
15
8
14
12
14
16
21
31
38
49
36
25
16
13
13
4
12
13
13
16
10
1
-11
-20
-15
-19
-16
-9
-11
-9
-18
-19
-21
-29
-29
-22
-25
-30
-29
-30
-29
-36
-34
-34
-35
-34
-32
-27
-27
-26
-25
-25
-24
-26
-25
-25
-32
-40
-45
-50
-54
-58
-55
-53
-51
-49
-50
-47
-41
-35
-35
-36
-36
-34
-39
-45
-46
-51
-49
-41
-47
-44
-41
-37
-34
-36
-34
-35
-36
-37
-36
-37
-37
-27
-30
-26
-19
-25
-25
-30
-30
-24
-16
-9
-9
-4
-7
-7
-7
-9
-5
-6
-8
-4
-4
-5
-9
-11
-10
-19
-24
-25
-26
-28
-32
-29
-33
-37
-37
-36
-35
-31
-27
-23
-26
-32
-34
-39
-34
-34
-37
-32
-35
-36
-35
-35
-35
-38
-42
-35
-35
-35
-29
-33
-28
-30
-33
-33
-34
-33
-35
-27
-27
-21
-21
-25
-17
-19
-19
-19
-27
-26
-24
-24
-24
-21
-14
-13
-13
-13
-11
-14
-12
-7
-14
-11
-7
-4
-1
-4
2
10
4
14
20
9
10
10
12
18
21
23
29
33
36
40
33
24
19
13
13
13
15
20
17
22
23
24
23
19
20
20
26
30
30
30
33
28
23
18
13
13
10
16
21
21
20
17
18
21
20
23
28
25
27
30
33
25
27
30
25
27
31
31
32
27
24
18
15
14
9
18
15
11
14
12
7
1
-7
-13
-7
-7
1
8
12
17
17
10
9
17
17
16
19
31
33
36
38
35
35
33
34
41
47
50
54
61
73
72
61
56
51
52
61
63
65
66
66
59
59
59
53
52
62
65
68
63
46
43
37
36
27
29
25
28
29
27
19
8
-2
-6
-6
-11
-8
-6
-2
0
3
-4
-8
-12
-17
-15
-11
-4
-2
-3
-5
-6
-11
-19
-23
-23
-21
-26
-22
-16
-21
-21
-31
-37
-37
-36
-36
-33
-32
-31
-31
-28
-28
-32
-33
-34
-29
-31
-26
-19
-12
-12
-14
-15
-21
-13
-9
-7
-1
-3
-6
-4
-12
-15
-16
-20
-18
-15
-16
-17
-22
-21
-15
-22
-25
-34
-35
-33
-33
-30
-24
-27
-32
-35
-41
-40
-42
-33
-25
-17
-4
-8
-11
-21
-31
-32
-34
-36
-32
-24
-21
-23
-23
-19
-22
-25
-23
-17
-13
-13
-13
-15
-15
-16
-10
-14
-10
-1
-2
7
2
-5
-5
-13
-22
-28
-23
-24
-23
-18
-13
-14
-13
-11
-20
-13
-10
-12
-12
-4
2
1
2
-2
-9
-8
0
3
2
-6
-7
-12
-12
-10
-16
-9
-10
-14
-19
-22
-27
-25
-26
-32
-33
-37
-33
-37
-34
-30
-28
-25
-27
-25
-19
-18
-17
-15
-15
-8
-14
-13
-8
-12
-10
-11
-5
-3
-9
-10
-1
3
-4
-6
-13
-8
-8
-9
-4
-10
-5
0
1
8
10
14
21
20
30
31
28
24
23
27
28
30
27
24
22
22
21
23
23
24
25
25
25
27
30
32
36
40
43
43
44
41
40
35
30
33
30
34
33
30
37
34
28
25
23
21
22
21
14
11
8
15
15
9
1
-1
-2
-2
5
2
8
6
7
6
7
9
10
12
4
6
4
-3
-6
-9
-4
-5
2
9
12
14
2
10
13
17
22
27
28
20
17
16
9
7
7
8
14
20
22
25
29
30
29
28
27
22
27
28
29
35
34
31
30
26
33
35
40
45
42
37
41
41
37
36
30
28
29
32
39
38
32
26
17
11
10
11
6
7
5
1
4
-1
-6
-13
-18
-18
-13
-8
0
0
-7
-8
-9
-8
-8
-10
-9
-4
-4
-4
0
-1
5
3
3
1
2
9
7
11
9
2
7
8
8
14
8
13
21
26
26
22
20
12
13
16
14
7
8
8
-2
-2
2
-5
-6
-10
-16
-15
-23
-22
-22
-27
-31
-30
-33
-28
-20
-20
-15
-15
-20
-20
-16
-19
-19
-19
-27
-31
-33
-40
-38
-38
-32
-34
-34
-38
-37
-36
-40
-32
-31
-35
-41
-51
-51
-47
-43
-38
-36
-32
-32
-32
-34
-27
-34
-32
-23
-23
-10
-13
-10
0
-1
1
-2
-8
-15
-10
-7
-9
2
-3
-3
-1
-2
3
-2
-3
2
7
8
6
5
-6
-10
-4
-1
1
-2
1
-2
-7
-11
-15
-14
-9
-7
-6
0
1
-3
-8
-11
-11
-7
-4
1
6
-1
-4
-8
-14
-11
-8
-12
-11
-13
-14
-16
-17
-20
-27
-26
-33
-34
-34
-38
-38
-48
-55
-60
-59
-68
-71
-75
-70
-66
-66
-62
-62
-60
-60
-55
-55
-47
-40
-29
-25
-23
-24
-26
-26
-22
-19
-18
-15
-4
3
8
15
17
14
14
14
17
14
12
22
24
21
24
27
22
28
28
31
35
32
31
27
21
17
17
13
12
11
10
15
17
15
12
4
2
7
3
7
6
1
2
2
-2
-4
-12
-14
-6
-9
-4
-2
5
8
8
8
2
-1
-2
5
7
15
21
25
30
33
41
44
44
46
46
43
48
47
46
49
44
42
49
52
58
58
56
57
56
61
64
67
65
69
71
76
78
81
76
79
80
81
87
77
77
73
76
70
67
63
52
52
43
44
46
42
40
34
31
20
20
15
13
15
16
14
4
-3
-12
-21
-23
-28
-25
-22
-20
-16
-16
-21
-18
-19
-27
-27
-33
-38
-40
-34
-23
-24
-22
-30
-32
-31
-30
-25
-16
-15
-5
1
0
-2
-3
0
3
5
0
13
12
14
17
5
1
3
11
12
14
13
11
5
1
-5
-4
-7
-6
2
2
4
5
-2
-8
-11
-16
-12
-14
-17
-12
-14
-17
-16
-19
-23
-25
-25
-17
-21
-30
-31
-36
-44
-44
-47
-47
-44
-47
-48
-46
-52
-50
-56
-60
-57
-53
-50
-55
-57
-59
-58
-67
-72
-74
-78
-77
-75
-78
-71
-63
-59
-48
-45
-40
-27
-29
-23
-21
-19
-12
-10
-7
-3
-8
-6
-2
-1
8
12
18
21
22
27
34
36
39
37
31
28
29
25
19
19
17
15
20
21
18
15
12
9
6
11
9
5
6
-6
-17
-21
-21
-22
-27
-34
-36
-34
-29
-30
-34
-38
-32
-29
-27
-26
-30
-24
-25
-27
-33
-35
-34
-37
-37
-37
-31
-28
-22
-20
-21
-19
-20
-22
-23
-18
-21
-20
-30
-32
-30
-33
-27
-27
-24
-23
-18
-17
-17
-17
-7
3
3
9
16
17
21
16
15
20
23
15
18
24
22
25
24
21
19
19
13
12
21
26
22
25
27
27
26
24
30
21
16
16
22
24
21
20
23
20
25
23
20
20
17
15
8
9
11
10
19
29
32
36
26
25
25
20
22
28
25
26
27
24
29
33
38
44
50
51
54
55
53
50
51
49
50
50
50
57
53
56
58
57
56
53
54
47
52
63
59
53
47
47
52
50
42
39
47
49
50
47
45
46
48
51
48
49
46
42
37
41
42
38
35
30
28
29
25
12
10
0
-4
2
4
5
8
12
5
-1
-6
-6
-5
-3
3
0
0
-6
-12
-12
-12
-10
-11
-4
-5
-2
-1
-6
-4
-2
-4
2
6
6
12
9
11
11
11
9
7
4
4
3
4
7
5
7
6
5
3
-1
-4
-3
1
2
-5
-7
-10
-20
-11
-11
-15
-11
-14
-17
-14
-13
-16
-16
-22
-22
-21
-25
-29
-28
-29
-28
-27
-40
-40
-36
-44
-46
-39
-37
-37
-34
-35
-37
-41
-42
-45
-42
-35
-37
-42
-45
-42
-46
-47
-51
-47
-37
-34
-35
-36
-40
-44
-41
-40
-39
-41
-43
-37
-43
-44
-41
-43
-46
-53
-52
-56
-57
-56
-50
-42
-38
-33
-41
-43
-42
-45
-49
-49
-39
-33
-27
-30
-33
-40
-41
-40
-34
-28
-28
-27
-33
-24
-27
-25
-25
-28
-25
-21
-22
-16
-11
-9
-4
-3
-7
-8
-9
-9
0
2
-3
-5
-11
-14
-13
-12
-6
-6
-1
-2
-2
2
0
0
2
1
-2
-8
-4
2
9
6
5
-7
-11
-9
-7
-2
-1
-4
-6
-1
1
5
8
12
9
14
11
4
-1
-9
-10
-11
-2
2
5
7
9
21
19
18
12
12
14
17
11
2
2
7
13
17
24
22
28
29
29
31
24
20
27
27
26
29
28
27
21
27
24
18
9
5
1
1
5
2
3
1
3
-2
-7
-9
-9
-8
-9
-9
-6
-4
-6
-8
-4
-12
-12
-3
-3
8
18
20
29
32
30
34
29
34
34
31
38
42
44
42
44
49
54
68
78
78
72
76
73
77
74
69
68
63
66
68
74
67
61
59
62
67
62
54
55
58
60
59
57
51
43
38
45
43
42
43
41
38
40
39
30
30
29
35
41
41
34
26
27
26
16
11
11
13
14
13
14
2
-1
3
2
5
7
7
7
5
-2
-1
-2
-12
-9
-9
-5
-7
-14
-12
-14
-15
-19
-25
-26
-31
-23
-16
-17
-17
-12
-12
-24
-34
-38
-48
-46
-51
-50
-51
-52
-58
-61
-56
-59
-50
-46
-46
-45
-42
-45
-46
-44
-52
-49
-43
-38
-34
-29
-32
-36
-38
-43
-45
-40
-36
-29
-27
-29
-29
-41
-45
-43
-39
-38
-31
-21
-19
-17
-16
-20
-22
-16
-27
-29
-24
-23
-24
-26
-28
-26
-22
-27
-18
-13
-9
-9
-7
-12
-13
-10
-18
-16
-15
-14
-11
-8
-8
-5
-6
-11
-15
-21
-19
-9
-9
-14
-9
-8
-13
-18
-13
-14
-17
-9
-17
-15
-4
-2
1
-5
-13
-12
-8
-9
-4
3
9
15
16
9
6
-1
-5
-6
1
2
-3
-3
-6
-11
-10
-11
-16
-10
-11
-4
-11
-21
-24
-37
-39
-44
-45
-46
-47
-40
-36
-28
-30
-37
-39
-47
-51
-48
-48
-41
-33
-30
-37
-46
-45
-41
-36
-33
-27
-18
-15
-7
-5
-3
2
1
9
13
21
24
16
20
20
21
21
23
20
19
37
48
53
54
54
48
43
43
48
43
41
39
40
35
28
26
19
25
24
23
26
28
35
35
35
32
31
27
13
15
17
11
15
17
13
17
21
28
28
30
36
32
27
31
31
29
27
29
28
33
30
33
39
32
34
36
35
41
40
40
46
46
47
44
47
46
54
55
51
51
51
48
38
35
32
20
20
25
27
28
30
25
12
15
10
7
5
11
17
13
14
9
8
-1
-2
6
15
20
26
29
27
23
18
9
2
-4
-6
-7
1
8
9
12
13
13
15
16
21
22
19
21
16
21
23
18
19
17
28
32
33
31
20
20
22
25
21
19
15
13
19
24
13
14
10
16
22
17
7
-3
5
2
1
-3
0
-6
-6
-6
-9
-7
-9
-18
-27
-22
-27
-31
-26
-33
-33
-32
-33
-34
-31
-38
-45
-34
-31
-26
-28
-23
-25
-20
-27
-39
-34
-36
-33
-29
-31
-41
-43
-45
-49
-47
-44
-42
-45
-36
-28
-25
-29
-37
-29
-35
-32
-41
-41
-41
-51
-45
-40
-38
-45
-48
-54
-49
-46
-55
-54
-55
-53
-54
-42
-45
-47
-42
-37
-34
-35
-31
-24
-25
-29
-27
-34
-37
-33
-28
-32
-21
-20
-23
-16
-16
-14
-6
-5
-9
-8
-11
-7
-7
-4
-8
-15
-10
-9
-7
-15
-16
-8
-5
1
-7
-13
-12
-1
-3
-3
4
-4
7
8
10
17
18
19
22
20
13
13
10
8
10
11
7
5
2
6
10
6
1
2
-1
0
4
-4
-15
-13
-16
-20
-16
-9
-8
-3
-6
-9
-10
-15
-15
-17
-15
-11
-6
-8
-5
-6
-1
4
-3
0
9
10
21
18
19
17
8
9
6
5
9
12
23
19
17
21
23
22
16
16
15
20
17
17
14
14
13
16
23
28
34
33
31
29
27
31
37
39
37
35
27
28
36
41
32
30
30
33
24
20
18
10
16
19
18
17
20
14
9
9
5
-4
-8
-8
-16
-20
-24
-31
-29
-29
-18
-15
-12
-5
0
5
0
0
7
6
-3
6
8
14
18
10
9
15
11
13
16
18
25
30
35
32
32
35
34
40
49
50
49
49
46
44
43
34
31
31
30
34
35
38
38
36
37
30
32
32
29
29
28
23
17
20
23
15
9
17
25
28
34
33
28
21
14
10
13
15
11
12
5
4
5
5
-2
-4
1
-5
-1
-1
-6
-10
-13
-20
-22
-25
-28
-30
-26
-28
-30
-28
-32
-30
-33
-40
-45
-41
-42
-42
-46
-41
-44
-53
-52
-50
-45
-47
-46
-43
-35
-37
-36
-35
-39
-33
-31
-24
-21
-22
-16
-16
-22
-23
-28
-32
-28
-23
-16
-16
-14
-12
-10
-9
-14
-13
-14
-6
-8
-10
-12
-18
-17
-23
-22
-20
-20
-25
-23
-21
-17
-18
-16
-17
-20
-21
-18
-20
-23
-25
-22
-17
-27
-30
-33
-32
-36
-35
-32
-31
-35
-38
-34
-34
-32
-40
-41
-34
-33
-30
-29
-23
-22
-30
-29
-26
-28
-21
-20
-19
-15
-18
-16
-13
-16
-11
-5
-10
-8
-9
-8
-10
-11
-2
0
3
1
4
10
7
6
2
-3
-1
-3
-4
3
0
6
14
10
16
12
12
12
9
10
9
5
8
9
2
2
-2
-1
0
-2
-8
-3
3
-3
-6
-10
-13
-19
-14
-9
-7
-2
1
11
4
8
11
16
20
15
20
17
18
10
11
20
20
20
15
16
17
16
21
15
11
9
8
11
12
15
23
25
26
28
29
24
22
33
35
36
41
43
42
42
36
32
40
48
51
51
53
52
53
51
47
52
43
44
54
39
49
57
53
54
50
42
39
42
37
33
34
29
25
27
19
17
11
5
6
-1
-6
-10
-10
-10
-12
-9
-15
-10
-8
-9
-4
2
0
1
0
-1
1
-6
-4
-12
-17
-11
-8
-10
-17
-15
-6
-3
2
7
6
6
6
15
19
22
21
23
35
40
44
44
47
45
52
59
56
60
60
58
56
54
56
50
46
51
51
49
44
33
28
22
19
16
14
14
10
6
-6
-8
-13
-16
-12
-14
-18
-23
-23
-25
-28
-38
-40
-42
-38
-39
-42
-38
-49
-51
-48
-47
-55
-52
-47
-44
-35
-38
-34
-36
-40
-36
-43
-40
-32
-25
-25
-18
-18
-15
-14
-12
-11
-15
-4
-1
0
6
6
-5
1
-6
-7
-8
-11
1
2
-3
-4
-3
-1
3
1
7
3
1
7
-2
-4
-1
-10
-10
-8
-10
-8
-7
-6
-8
-12
-15
-7
-1
-4
-4
-7
-9
-9
-16
-16
-18
-22
-24
-19
-14
-13
-14
-15
-16
-20
-22
-30
-41
-40
-41
-38
-41
-48
-49
-46
-43
-47
-45
-45
-33
-26
-25
-26
-36
-41
-40
-42
-44
-40
-47
-45
-41
-44
-42
-44
-39
-35
-33
-26
-19
-15
-5
-7
3
5
10
13
4
3
6
9
3
4
13
17
19
27
32
40
38
35
39
36
38
41
37
34
33
27
18
19
18
19
22
16
25
30
29
27
16
13
10
14
13
14
10
12
14
5
-4
-7
-6
-7
-5
-3
4
-7
-8
-9
-10
-7
-10
-8
1
0
1
2
-1
-2
0
0
1
4
6
7
1
1
8
17
12
14
11
10
13
6
-3
-1
1
-8
-7
-6
-9
-2
7
4
9
4
-1
9
5
-3
-2
9
15
20
20
13
9
15
20
15
16
11
8
10
12
7
8
15
18
17
10
18
21
4
0
10
6
3
-2
-3
-1
-3
2
-3
-12
-11
-12
-13
-13
-6
0
-3
-5
-6
-7
-2
-4
7
4
0
3
1
15
10
10
8
6
24
19
15
17
20
24
23
25
30
31
28
22
21
18
19
16
14
20
23
21
18
19
31
33
31
42
41
47
42
34
40
38
28
26
19
9
6
8
1
-4
5
-4
-7
-7
-10
-9
-19
-18
-26
-32
-41
-48
-48
-51
-51
-45
-44
-50
-49
-59
-60
-51
-47
-49
-51
-54
-47
-49
-48
-42
-46
-40
-41
-42
-36
-40
-44
-45
-30
-30
-22
-24
-29
-17
-14
-9
-6
-4
-6
0
0
-2
2
12
18
19
26
34
27
25
29
33
42
44
50
42
44
47
41
45
41
41
42
45
43
42
36
36
38
26
22
22
19
22
20
14
19
10
12
17
16
2
-5
-6
-12
-7
-12
-24
-22
-26
-27
-17
-15
-2
0
0
-3
-14
-16
-14
-19
-20
-9
-13
-15
-22
-28
-27
-26
-15
-19
-20
-22
-27
-32
-35
-27
-28
-33
-41
-42
-44
-40
-44
-48
-43
-44
-41
-45
-45
-43
-43
-38
-34
-27
-34
-33
-29
-28
-16
-20
-9
-4
-9
-3
0
4
12
20
21
23
25
18
25
30
26
28
27
27
31
28
32
28
32
42
36
30
24
26
25
24
25
23
19
9
11
11
2
-1
-1
-11
-7
-1
-1
-4
-7
-3
-5
2
8
5
-2
-11
-11
-11
-9
-10
-23
-25
-14
-13
-19
-9
-15
-20
-15
-14
-11
-15
-19
-18
-11
-16
-14
-14
-19
-19
-16
-8
1
3
-4
-6
-2
-3
-5
3
8
3
8
8
13
16
16
16
15
21
19
20
20
25
26
23
27
20
25
22
15
10
11
14
18
24
21
16
11
11
2
4
4
12
15
13
13
8
10
3
5
2
4
10
9
8
8
4
-7
-5
-2
1
2
7
12
16
22
20
12
12
9
7
1
7
17
14
25
28
29
32
26
31
33
31
38
36
35
32
28
32
29
26
30
25
30
36
34
36
31
30
29
32
33
37
44
45
42
42
41
42
38
35
39
39
37
42
43
35
40
34
25
20
16
12
15
13
11
8
3
-2
0
-2
1
10
8
5
7
2
6
3
-12
-5
-4
-7
-9
-13
-11
-15
-5
-7
-7
-5
-8
5
4
0
0
0
-10
-16
-22
-15
-14
-18
-14
-15
-6
1
4
2
1
0
4
2
-3
-7
-18
-18
-10
-8
-11
-7
-9
-15
-15
-18
-17
-20
-27
-20
-12
-13
-12
-20
-23
-25
-25
-25
-28
-21
-29
-27
-23
-26
-32
-41
-40
-39
-33
-29
-28
-29
-27
-22
-24
-23
-21
-27
-34
-37
-34
-34
-32
-34
-43
-38
-38
-33
-34
-38
-40
-37
-33
-35
-40
-53
-52
-60
-63
-64
-60
-52
-51
-49
-47
-51
-56
-52
-45
-38
-35
-36
-36
-35
-32
-26
-23
-13
-8
1
1
-2
-1
0
1
0
5
-1
-4
0
0
3
0
-8
-5
-3
-13
-16
-11
-7
-2
-5
-16
-22
-17
-17
-19
-24
-28
-27
-24
-25
-32
-28
-38
-39
-36
-40
-38
-39
-32
-33
-32
-32
-36
-29
-31
-31
-31
-34
-30
-28
-24
-21
-14
-7
-2
-2
0
1
7
5
11
7
10
16
20
24
14
21
27
34
36
41
49
49
49
45
46
45
41
47
47
47
47
46
44
48
50
48
57
67
65
66
66
63
68
66
72
70
65
63
63
66
65
71
65
63
64
63
59
58
63
65
66
61
54
46
50
42
39
34
22
27
26
21
18
16
14
16
18
22
22
24
22
24
23
17
15
10
17
11
16
19
19
20
13
11
8
9
5
6
5
7
7
6
1
10
10
11
18
7
13
18
19
11
11
4
5
3
5
18
19
16
13
16
21
21
14
17
22
17
18
15
9
7
4
6
4
-1
-1
-5
-6
-9
-19
-11
-16
-13
-12
-15
-12
-16
-14
-14
-12
-16
-14
-26
-30
-28
-33
-35
-44
-42
-42
-35
-30
-34
-29
-33
-38
-42
-48
-49
-51
-46
-44
-41
-44
-55
-51
-52
-54
-49
-54
-48
-39
-45
-45
-48
-53
-59
-58
-51
-50
-48
-48
-45
-51
-53
-57
-54
-57
-57
-54
-61
-57
-55
-58
-65
-61
-55
-59
-51
-58
-58
-59
-62
-61
-62
-60
-64
-56
-53
-49
-40
-42
-38
-36
-32
-25
-31
-23
-23
-28
-33
-34
-35
-32
-23
-19
-16
-15
-13
-14
-5
-3
-11
-17
-16
-18
-17
-16
-15
-20
-18
-13
-19
-13
-14
-15
-14
-7
-5
-1
2
-1
-9
-13
-15
-18
-19
-15
-5
-5
-7
-9
-8
-8
2
6
5
8
8
9
9
7
2
4
7
18
22
27
29
28
36
30
39
39
34
44
42
42
44
55
53
50
48
47
47
53
58
52
55
61
66
76
80
76
86
80
79
78
70
72
73
71
65
66
60
61
53
56
55
54
51
43
44
38
40
29
27
37
44
43
34
35
34
40
42
36
29
38
37
36
31
30
34
36
44
46
54
53
53
50
47
53
51
48
51
54
58
61
63
71
68
66
67
72
71
65
61
60
62
59
58
57
50
46
42
43
39
39
31
26
18
18
17
12
10
1
7
4
-4
-7
-7
-2
-2
0
1
0
-2
3
4
0
0
1
1
4
4
-7
-5
-14
-16
-18
-18
-22
-27
-30
-31
-26
-20
-17
-26
-22
-28
-32
-37
-41
-40
-35
-35
-31
-22
-19
-17
-23
-25
-31
-28
-23
-16
-16
-23
-29
-22
-19
-19
-30
-39
-31
-21
-12
-16
-25
-25
-27
-29
-32
-34
-30
-27
-22
-19
-30
-32
-30
-31
-30
-27
-28
-38
-31
-27
-29
-36
-41
-31
-28
-26
-37
-40
-27
-20
-24
-28
-30
-24
-26
-27
-28
-29
-24
-28
-37
-48
-49
-54
-55
-47
-54
-61
-50
-52
-69
-74
-74
-83
-73
-63
-70
-78
-82
-84
-74
-79
-86
-76
-75
-75
-68
-72
-78
-81
-81
-68
-57
-58
-61
-51
-48
-54
-48
-50
-54
-42
-33
-25
-25
-23
-12
-18
-20
-27
-29
-13
-3
0
1
4
7
13
13
24
27
26
27
26
29
35
27
25
24
17
22
14
14
14
15
27
21
21
18
13
7
7
18
20
21
15
12
14
8
7
11
8
2
-5
7
4
5
7
-7
-4
11
16
10
14
11
15
30
30
24
20
32
46
45
48
49
47
47
47
43
39
45
49
50
46
52
53
55
56
52
50
53
58
57
58
55
57
58
50
51
43
42
38
37
46
41
39
33
27
25
25
28
30
23
7
8
12
17
19
20
17
13
22
18
20
20
14
20
15
13
17
16
10
6
12
16
18
24
21
17
17
24
28
24
29
35
29
25
28
27
28
34
32
37
39
45
45
34
31
35
29
27
20
17
19
21
22
13
1
4
10
14
14
14
15
14
4
-6
-3
-23
-25
-25
-19
-15
-26
-26
-36
-27
-19
-23
-30
-31
-30
-33
-19
-21
-23
-20
-20
-20
-28
-32
-29
-23
-10
-16
-29
-33
-26
-22
-16
-11
-14
-13
-11
4
-2
-11
-14
-18
-14
2
-2
-20
-27
-24
-18
-22
-33
-31
-30
-35
-30
-21
-19
-24
-28
-28
-39
-47
-42
-39
-33
-27
-33
-43
-40
-37
-34
-33
-33
-33
-29
-26
-33
-33
-44
-44
-41
-34
-23
-29
-24
-24
-21
-16
-26
-31
-27
-28
-21
-23
-21
-15
-14
-4
-7
-12
-3
-7
-10
-4
-9
-9
-6
-10
-20
-31
-38
-30
-15
-13
-14
-8
-4
-8
-14
-21
-13
-17
-24
-18
-19
-23
-24
-24
-30
-24
-24
-27
-25
-22
-22
-23
-29
-23
-10
-14
-18
-11
-5
-5
-5
-5
-12
-1
1
-3
-7
-8
-3
6
21
15
20
18
17
18
25
29
30
34
27
32
22
25
25
23
31
25
28
29
34
45
37
31
39
42
31
28
35
30
37
35
25
26
30
30
21
14
2
-1
6
-2
-1
-2
4
8
6
15
8
6
-1
-8
-6
-17
-12
-17
-26
-24
-23
-9
-6
-1
0
-5
-8
4
8
0
6
0
-11
-5
-3
-8
-3
2
-3
1
3
8
12
12
10
18
17
9
21
26
12
5
8
15
17
23
5
-2
8
13
19
21
17
9
16
16
10
11
11
15
8
14
17
11
24
18
9
10
17
18
17
19
17
24
30
28
20
20
19
20
30
33
31
22
21
20
28
28
18
18
21
16
18
24
17
8
8
13
7
13
13
15
13
5
9
11
6
3
5
1
2
7
12
13
10
6
17
15
15
11
5
5
15
19
9
1
-3
6
6
0
-1
-7
-10
-10
-2
5
6
4
-2
12
11
5
13
11
12
16
14
9
10
11
15
13
15
13
15
20
16
9
3
-6
-3
-5
-9
-9
-22
-17
-8
3
0
-13
-13
-22
-17
-12
-8
-10
-11
-4
-5
-1
2
5
9
9
13
15
14
10
14
19
22
21
21
23
27
32
35
40
34
34
32
26
31
35
32
33
25
28
27
21
29
25
15
6
5
11
13
14
10
6
4
2
-4
-6
-10
-9
-9
-13
-21
-18
-23
-30
-22
-22
-28
-25
-15
-14
-20
-30
-30
-33
-26
-21
-27
-28
-30
-35
-33
-26
-25
-27
-26
-36
-41
-46
-49
-49
-53
-50
-42
-41
-46
-40
-32
-25
-22
-36
-49
-52
-47
-43
-47
-43
-51
-42
-41
-39
-32
-31
-31
-21
-12
-13
-11
-5
-2
-7
-11
-15
-12
-8
-7
-2
-8
-12
-8
-14
-14
-14
-11
-12
-9
-6
-10
-6
-11
-19
-18
-13
-18
-19
-24
-28
-31
-28
-26
-21
-19
-24
-20
-12
-3
0
3
5
8
0
-8
-6
-7
-5
-10
-12
-11
-12
-7
-3
2
-3
0
-6
-5
-4
-15
-9
-6
-2
-2
-10
-10
-10
-9
-5
-3
-5
-10
-2
-2
-1
-3
-6
-12
-11
-2
-4
2
-3
-3
6
3
7
0
-5
1
4
8
7
7
15
13
10
6
5
8
2
2
3
3
6
6
7
6
6
15
14
6
8
15
13
13
18
13
7
0
1
7
5
12
9
7
16
11
11
22
23
17
20
27
20
21
26
26
22
17
16
19
27
28
28
28
24
28
32
36
49
49
47
47
29
23
30
33
35
39
27
17
22
22
28
21
17
18
21
25
20
20
12
6
12
10
8
7
0
6
10
12
12
6
2
6
15
19
19
7
5
2
10
12
10
6
10
10
5
7
2
-5
2
6
4
18
12
11
17
15
8
1
-5
-2
4
9
12
1
-14
-16
-12
-6
-12
-12
-10
-9
-7
-6
-2
-7
-10
-15
-18
-14
-10
-15
-22
-24
-28
-24
-21
-17
-17
-18
-10
-5
-1
3
-4
-10
-8
-8
-1
1
0
-3
1
0
-11
-14
-9
-10
-15
-16
-18
-24
-29
-24
-25
-28
-35
-31
-20
-18
-20
-23
-17
-12
-6
-5
-6
-12
-14
-10
-5
-5
-3
-9
-7
-1
-1
10
3
4
0
2
9
13
12
11
3
-1
-1
2
-4
-18
-15
-15
-15
-9
-8
-15
-20
-18
-24
-28
-32
-30
-23
-28
-26
-28
-28
-27
-33
-38
-32
-27
-26
-24
-29
-31
-27
-25
-23
-26
-23
-12
-15
-10
-10
-19
-21
-23
-23
-19
-15
-14
-8
-9
-15
-17
-19
-15
-22
-30
-29
-27
-27
-23
-21
-22
-22
-21
-26
-24
-13
-4
-8
-11
-19
-25
-30
-25
-13
-4
8
6
9
14
14
15
18
21
19
23
24
26
29
30
31
35
43
49
48
46
46
45
47
45
38
30
26
26
20
18
19
19
13
12
13
12
11
5
-2
5
10
10
9
5
3
-5
-4
-9
-14
-11
-10
-4
-4
-6
-5
-4
9
16
13
13
15
23
23
25
19
14
20
27
28
31
32
30
28
37
35
46
53
54
66
66
67
62
50
51
46
46
48
47
56
56
55
54
53
50
50
50
56
47
38
40
36
29
29
25
24
21
17
17
14
9
1
-3
-3
-9
-7
-6
-9
-12
-16
-20
-25
-29
-39
-40
-41
-41
-37
-43
-45
-45
-48
-46
-40
-39
-40
-32
-35
-33
-30
-33
-26
-22
-21
-16
-14
-6
-5
-6
-9
-6
-8
-8
-3
-3
3
9
9
10
17
20
22
23
17
10
18
16
12
17
21
20
27
23
25
20
15
26
23
19
17
12
1
3
3
1
8
14
12
7
10
16
15
14
12
14
8
9
10
13
19
15
16
9
5
9
13
21
27
28
31
32
28
22
15
11
10
7
10
12
7
3
-5
-9
-1
2
0
-3
-4
-2
1
-5
-8
-11
-12
-13
-8
-4
-9
-7
-18
-17
-17
-16
-8
-10
-24
-19
-13
-10
-3
-7
-8
-7
-6
-7
-2
-5
-19
-17
-16
-15
-14
-12
-17
-18
-18
-22
-21
-27
-23
-21
-26
-28
-24
-31
-32
-32
-35
-30
-31
-29
-26
-19
-30
-29
-23
-29
-26
-32
-28
-27
-31
-23
-18
-19
-17
-14
-19
-22
-23
-23
-28
-37
-38
-39
-37
-39
-39
-37
-37
-34
-28
-26
-31
-26
-21
-26
-21
-23
-31
-30
-28
-25
-22
-16
-7
-7
-2
-5
-10
-7
-7
1
8
11
12
10
8
2
-3
-2
2
4
1
3
1
3
3
-1
-2
-6
-8
-9
-11
-8
-6
-7
-11
-16
-20
-24
-32
-28
-29
-33
-30
-34
-36
-35
-44
-40
-33
-33
-25
-33
-39
-38
-42
-44
-45
-41
-40
-32
-31
-30
-22
-16
-10
-8
-13
-11
-7
-3
1
1
-1
0
-6
-10
4
5
8
21
28
27
29
28
24
24
17
23
30
37
37
44
44
42
39
39
40
46
50
45
46
45
46
43
43
38
42
47
46
52
43
39
42
40
39
32
28
36
38
35
33
25
27
26
30
35
31
32
31
31
26
17
13
13
11
13
18
20
16
15
15
20
25
25
25
24
21
23
24
23
21
18
20
19
24
24
31
32
30
33
29
27
30
31
29
27
32
30
25
24
23
25
19
24
29
27
29
25
15
20
21
17
21
19
16
19
22
15
13
17
19
23
23
22
20
18
12
5
9
7
9
13
17
11
7
11
7
4
-4
-8
-7
-7
-13
-13
-13
-17
-17
-15
-9
-7
-3
-4
-9
-7
-3
0
-3
-4
0
3
2
-1
-4
-13
-12
-13
-14
-13
-15
-9
-12
-13
-9
-9
-6
-6
-15
-15
-14
-20
-18
-11
-15
-18
-19
-17
-16
-19
-17
-17
-15
-15
-16
-19
-20
-30
-31
-33
-36
-27
-27
-26
-32
-35
-38
-33
-32
-32
-28
-34
-31
-30
-40
-46
-49
-53
-49
-47
-50
-61
-70
-75
-76
-77
-81
-73
-64
-58
-55
-51
-56
-55
-53
-65
-61
-60
-54
-48
-49
-47
-53
-46
-43
-45
-42
-39
-36
-33
-32
-28
-23
-23
-23
-28
-31
-31
-36
-39
-37
-41
-35
-30
-30
-29
-27
-28
-22
-22
-20
-16
-18
-14
-17
-17
-17
-17
-14
-12
-10
-4
0
-1
-4
-3
-2
3
9
9
5
8
13
14
15
10
10
5
4
9
10
10
5
0
-2
-1
2
-2
5
5
2
5
11
5
7
15
18
17
16
21
19
24
26
25
33
34
40
35
35
31
31
39
37
37
46
57
64
72
71
65
62
61
61
61
66
68
67
67
64
63
56
57
64
65
73
68
71
70
63
62
53
51
51
56
59
53
51
51
56
50
50
50
39
41
39
29
30
38
43
42
44
38
31
33
34
26
21
24
25
23
22
21
11
13
13
11
8
5
2
1
5
11
9
7
2
3
7
2
8
9
13
13
19
20
14
14
11
11
12
17
20
24
23
24
24
31
37
36
33
36
33
32
35
28
28
24
25
24
27
30
29
39
37
32
30
31
30
26
25
27
25
23
23
24
21
19
9
3
10
6
3
-2
-4
-12
-9
-6
-17
-11
-8
-13
-10
-9
-13
-24
-36
-37
-38
-40
-40
-43
-40
-34
-32
-38
-40
-34
-29
-27
-30
-39
-39
-43
-41
-35
-33
-37
-32
-30
-39
-43
-49
-57
-60
-58
-56
-60
-56
-54
-64
-76
-72
-77
-74
-71
-72
-69
-74
-74
-77
-79
-78
-78
-73
-61
-53
-49
-48
-47
-47
-45
-49
-49
-45
-41
-40
-45
-46
-43
-42
-44
-45
-41
-29
-16
-17
-19
-22
-28
-33
-35
-38
-33
-27
-32
-36
-34
-31
-24
-20
-19
-19
-18
-14
-18
-24
-28
-28
-29
-24
-24
-26
-22
-23
-18
-19
-22
-26
-23
-19
-23
-21
-23
-21
-15
-11
-12
-11
-8
-12
-12
-14
-12
-12
-14
-13
-17
-18
-19
-14
-8
-1
-1
4
5
1
7
7
6
10
13
14
10
9
12
16
15
21
25
25
34
33
36
43
41
35
37
38
36
38
39
34
43
44
46
46
43
42
42
41
32
27
19
19
19
20
21
21
19
14
13
12
11
15
15
12
14
4
3
1
0
11
10
7
11
13
18
23
24
25
27
23
22
28
22
28
34
33
41
40
40
36
40
44
46
47
49
50
49
49
39
34
34
38
47
44
42
42
40
39
39
38
38
38
43
48
49
45
45
46
35
32
34
37
35
25
22
13
9
8
0
-3
-4
-5
-5
-5
-7
-9
-10
-7
-2
-6
-11
-8
-3
4
2
0
-5
-9
-9
-9
-12
-15
-18
-15
-15
-12
-3
0
8
13
13
8
4
-6
-10
-18
-15
-15
-19
-17
-20
-13
-11
-3
0
3
-3
-8
-14
-17
-17
-20
-15
-10
-12
-17
-16
-12
-15
-20
-14
-14
-16
-21
-23
-28
-28
-31
-35
-24
-21
-9
-11
-15
-16
-24
-23
-31
-34
-36
-32
-28
-27
-28
-33
-31
-28
-27
-22
-20
-13
-20
-25
-26
-38
-44
-49
-49
-40
-35
-31
-29
-20
-25
-23
-31
-36
-40
-42
-40
-45
-39
-44
-43
-48
-55
-53
-44
-40
-32
-25
-30
-33
-38
-47
-43
-41
-40
-31
-36
-32
-30
-36
-39
-38
-33
-29
-26
-20
-19
-12
-10
-7
-8
-4
2
1
8
13
18
19
17
14
17
15
20
26
32
40
46
50
48
50
52
50
52
45
46
42
43
42
35
31
23
27
22
22
19
13
15
18
18
14
9
3
1
3
0
-1
-5
-5
-5
-6
-8
-14
-20
-20
-17
-24
-20
-19
-22
-20
-15
-14
-10
-15
-10
-12
-19
-13
-15
-13
-14
-10
-6
-3
-2
-7
-4
-3
1
-2
-1
3
0
7
11
17
20
25
32
38
45
47
45
52
47
51
56
56
51
45
50
46
51
51
51
57
52
57
60
53
47
41
41
48
52
54
53
49
50
51
48
41
41
40
40
35
30
21
23
25
19
17
18
22
17
18
23
20
10
3
-2
-4
-6
-11
-13
-13
-15
-12
-8
-11
-5
-9
-12
-8
-12
-9
-6
-9
-11
-13
-16
-14
-14
-12
-8
-3
-2
-1
2
-1
-2
1
6
2
1
2
5
5
0
-1
-5
-6
-8
-4
-6
-4
-3
-3
-5
-6
-3
4
8
6
10
15
16
12
10
4
4
6
10
19
26
29
28
27
20
19
24
13
18
19
14
13
8
9
3
1
-5
-5
-3
-7
-13
-15
-16
-22
-22
-27
-24
-22
-19
-15
-11
-12
-18
-21
-28
-26
-28
-26
-22
-17
-12
-16
-13
-11
-6
-8
-4
-7
-6
-4
-8
-8
-11
-6
-3
-9
-3
-3
-6
-4
-7
-13
-20
-17
-17
-15
-17
-17
-10
-13
-18
-16
-14
-22
-24
-23
-29
-34
-39
-32
-37
-47
-38
-39
-41
-35
-30
-32
-33
-37
-35
-35
-38
-34
-33
-31
-29
-34
-39
-36
-36
-31
-30
-26
-21
-24
-20
-17
-16
-15
-17
-13
-19
-18
-18
-16
-9
-11
-10
-9
-1
3
11
15
12
9
7
11
17
22
25
26
29
31
34
33
33
38
42
46
46
47
44
41
38
37
36
36
38
34
35
36
30
28
24
29
24
19
20
17
14
8
3
8
9
5
2
-4
-4
-7
-8
-10
-19
-20
-16
-17
-14
-14
-14
-21
-23
-22
-19
-18
-21
-22
-23
-18
-19
-21
-20
-26
-29
-27
-27
-31
-35
-39
-39
-39
-37
-40
-41
-32
-33
-31
-30
-31
-32
-35
-39
-40
-38
-36
-31
-26
-24
-27
-22
-21
-13
-11
-6
5
3
7
10
9
15
14
15
22
29
32
34
36
40
41
33
36
36
37
31
28
26
22
16
11
12
14
14
14
13
13
15
16
21
14
11
9
-1
-4
-7
-10
-11
-17
-16
-14
-16
-11
-13
-14
-4
-7
-10
-8
-11
-10
-18
-23
-22
-25
-18
-15
-16
-12
-13
-8
-4
-8
-6
-4
0
9
8
2
4
-3
-1
3
10
11
17
21
27
31
32
36
35
42
48
55
56
57
62
66
69
68
67
68
64
68
77
74
78
74
71
72
77
74
68
68
65
60
56
53
51
43
30
30
27
29
28
27
22
22
23
23
22
14
5
-10
-18
-27
-29
-22
-25
-30
-31
-37
-43
-41
-44
-39
-35
-34
-39
-45
-48
-52
-46
-49
-44
-46
-50
-43
-44
-42
-42
-43
-47
-45
-37
-43
-40
-42
-44
-43
-40
-44
-41
-40
-42
-39
-43
-39
-39
-35
-42
-34
-26
-23
-16
-11
-8
-4
-2
4
11
15
19
19
23
21
28
29
27
30
34
40
38
42
39
41
41
41
32
26
30
29
28
34
34
28
27
25
17
11
7
0
-2
-2
-3
-9
-17
-17
-23
-15
-11
-10
-5
-5
-9
-14
-19
-22
-20
-21
-27
-35
-36
-30
-27
-26
-29
-24
-18
-10
-8
-8
-2
-6
-7
-9
-6
-7
-7
-6
-7
-7
-8
-8
-15
-18
-19
-14
-20
-23
-22
-23
-23
-19
-21
-26
-22
-31
-32
-32
-37
-39
-38
-39
-38
-34
-28
-25
-25
-19
-21
-24
-18
-21
-21
-22
-31
-35
-35
-34
-37
-34
-29
-27
-23
-15
-20
-22
-18
-20
-19
-16
-19
-22
-16
-16
-17
-19
-22
-16
-16
-9
-4
-3
-1
0
2
1
2
3
-1
2
4
6
13
11
15
18
20
26
24
33
28
32
38
44
48
43
44
42
44
41
45
43
35
40
35
33
31
29
29
30
29
27
26
23
21
20
23
25
27
23
18
18
13
15
12
10
5
7
13
14
12
9
7
3
8
5
12
13
7
19
25
26
27
27
25
30
31
28
21
17
18
15
16
20
21
24
29
28
28
25
24
25
27
18
19
19
16
12
14
20
18
22
25
25
28
27
30
37
42
42
48
52
50
50
49
49
51
43
40
35
35
33
31
24
22
26
22
29
31
29
26
20
11
7
1
4
11
7
6
0
-6
-6
-2
4
6
9
9
3
0
-1
-7
-11
-9
-13
-12
-6
-8
-5
-1
-2
-4
-7
-9
-14
-12
-11
-14
-14
-11
-16
-14
-15
-10
-7
-10
-2
-5
-2
-2
-1
0
-6
-9
-4
-5
-8
-3
-4
-4
-5
-2
-2
-5
0
3
0
1
1
-4
-8
-9
-12
-9
-8
-5
-9
-11
-6
-10
-10
-11
-12
-8
-6
-3
-8
-9
-10
-19
-29
-26
-21
-23
-20
-25
-29
-32
-39
-35
-43
-49
-44
-37
-34
-40
-44
-47
-54
-54
-51
-50
-50
-49
-48
-48
-53
-49
-48
-51
-41
-37
-39
-36
-44
-46
-44
-48
-41
-42
-38
-33
-27
-23
-26
-24
-28
-34
-29
-27
-28
-28
-30
-28
-28
-27
-23
-22
-24
-29
-27
-23
-20
-24
-24
-21
-17
-17
-20
-20
-18
-8
-7
-7
-12
-15
-14
-23
-27
-24
-26
-26
-27
-28
-25
-29
-27
-23
-21
-19
-18
-23
-25
-25
-24
-24
-27
-19
-22
-17
-17
-16
-17
-18
-14
-12
-6
-3
-2
-6
-3
-1
1
7
7
13
15
17
13
12
9
6
3
-1
6
10
5
5
2
2
3
10
15
14
8
3
6
5
8
13
12
14
23
23
22
19
14
13
11
9
14
17
24
23
15
13
12
24
23
17
18
18
19
21
25
27
31
27
31
35
39
34
34
34
34
39
35
37
38
34
30
32
36
38
46
47
45
49
44
43
43
44
46
41
42
42
44
45
44
45
45
51
55
59
62
60
65
64
58
50
45
43
40
47
42
43
42
41
41
48
49
49
53
45
46
41
39
35
36
38
37
46
46
50
48
43
44
42
46
43
41
40
37
34
30
31
30
29
32
30
20
18
12
4
-1
-1
-9
-10
-14
-15
-14
-13
-13
-16
-20
-24
-34
-37
-37
-45
-50
-55
-52
-54
-53
-48
-46
-48
-48
-45
-48
-48
-55
-48
-54
-52
-49
-56
-48
-47
-42
-44
-41
-33
-29
-28
-23
-17
-25
-22
-23
-22
-22
-27
-29
-20
-15
-15
-11
-14
-13
-13
-13
-7
-12
-15
-19
-18
-15
-18
-18
-19
-17
-11
-7
-3
0
-5
-8
-11
-9
-14
-16
-13
-15
-20
-25
-27
-40
-46
-43
-48
-43
-32
-32
-40
-44
-42
-44
-48
-48
-51
-57
-58
-61
-60
-70
-73
-71
-74
-70
-68
-63
-61
-61
-60
-67
-70
-68
-71
-64
-64
-63
-57
-58
-56
-60
-61
-62
-58
-53
-40
-27
-23
-19
-20
-17
-23
-27
-27
-31
-30
-27
-28
-30
-27
-23
-10
-8
-3
9
7
5
7
3
4
3
4
10
9
12
19
23
23
24
24
27
20
23
32
41
38
38
39
37
37
33
34
34
37
36
36
36
33
35
38
33
31
39
33
37
42
39
44
38
33
36
36
36
27
28
31
25
18
17
16
10
8
9
3
4
4
6
6
1
1
0
-2
-6
-10
-4
4
8
11
14
10
12
10
9
18
22
30
28
23
32
32
33
39
39
45
48
52
52
53
57
51
51
56
60
66
66
62
61
64
59
53
52
50
47
45
41
37
36
37
41
47
45
41
39
35
37
44
38
37
31
25
26
25
30
34
39
45
46
43
38
43
40
39
40
43
49
42
40
32
34
32
38
41
43
45
43
35
28
21
13
10
5
3
1
3
-3
-2
0
1
4
10
12
5
5
0
-1
-8
-9
-9
-11
-4
-1
9
1
3
9
5
4
7
11
7
7
5
-4
-8
-3
-6
2
4
0
4
3
3
-1
3
7
8
4
7
10
5
1
-9
-5
-11
-15
-12
-14
-12
-11
-14
-16
-8
-12
-12
-12
-13
-14
-17
-18
-22
-23
-28
-35
-36
-42
-42
-44
-45
-42
-44
-48
-56
-49
-53
-48
-43
-46
-52
-56
-53
-54
-53
-55
-59
-59
-53
-63
-60
-55
-56
-48
-41
-42
-34
-32
-36
-34
-38
-43
-35
-39
-40
-33
-37
-36
-33
-34
-34
-34
-33
-35
-36
-36
-35
-37
-37
-37
-47
-52
-48
-45
-46
-43
-43
-45
-54
-56
-54
-52
-48
-49
-47
-49
-53
-57
-63
-66
-74
-70
-69
-71
-61
-61
-57
-59
-61
-58
-63
-59
-54
-43
-35
-29
-29
-29
-26
-29
-26
-18
-13
-12
-8
-10
-15
-15
-14
-13
-9
-5
4
12
12
21
22
20
26
27
25
19
25
27
33
41
39
41
40
38
40
43
48
47
50
50
43
45
36
33
28
23
20
23
31
34
35
36
30
29
34
36
34
31
25
22
25
24
27
24
25
30
22
29
28
26
26
24
20
15
19
13
15
15
19
25
27
24
28
36
34
33
31
25
25
23
27
22
20
19
11
16
22
28
22
27
28
33
32
33
31
15
15
21
30
33
29
27
29
33
34
45
48
47
49
49
54
55
57
50
51
54
56
58
54
51
51
53
53
48
46
53
48
55
50
39
39
38
33
40
37
36
38
33
28
27
33
35
39
38
32
28
19
9
1
3
3
5
7
4
5
4
3
0
2
5
9
9
11
10
3
5
-2
1
6
8
12
11
15
9
8
8
9
9
9
14
15
17
15
7
5
-3
4
9
5
4
3
-2
-7
-6
-12
-9
-17
-16
-10
-15
-15
-19
-24
-24
-24
-21
-21
-28
-28
-38
-41
-42
-45
-48
-52
-49
-50
-53
-51
-57
-58
-59
-58
-62
-60
-58
-63
-61
-65
-69
-74
-80
-80
-83
-81
-73
-78
-78
-83
-86
-82
-78
-73
-76
-68
-60
-53
-54
-55
-54
-53
-51
-51
-47
-43
-42
-39
-39
-33
-29
-24
-28
-29
-16
-9
-7
-9
-7
-4
-9
-13
-13
-13
-9
-6
-12
-12
-13
-15
-17
-14
-7
-6
-6
-7
-4
-1
1
0
4
7
5
8
6
-1
-4
-12
-12
-17
-16
-10
-12
-7
-6
-9
-16
-15
-15
-18
-15
-12
-13
-12
-11
-22
-24
-21
-19
-12
-13
-9
-8
-11
-18
-20
-23
-29
-30
-33
-30
-22
-24
-26
-20
-16
-13
-14
-19
-21
-24
-21
-25
-19
-16
-16
-9
-8
-7
-3
3
2
7
11
14
13
17
13
9
15
24
34
35
46
49
50
48
43
38
33
37
41
46
43
42
39
34
35
39
40
44
43
39
34
28
21
20
21
22
28
31
31
26
26
24
26
26
26
25
27
32
30
25
25
24
23
21
27
31
23
17
18
18
26
27
25
30
27
21
23
33
29
33
33
33
40
37
33
37
40
47
50
52
56
65
67
65
69
71
76
72
76
79
75
77
73
76
75
78
78
80
76
73
81
76
72
68
63
58
53
46
45
48
48
47
44
33
29
23
25
25
19
17
11
13
8
0
0
-5
-8
-11
-13
-19
-15
-13
-15
-15
-26
-19
-16
-19
-23
-21
-11
-11
-6
-13
-15
-13
-15
-6
-8
-10
-8
-11
-17
-17
-10
-5
3
3
7
8
6
6
4
-3
-6
-8
-11
-11
-15
-20
-18
-17
-14
-7
-11
-10
-12
-11
-7
-8
-6
-11
-18
-18
-16
-19
-22
-20
-24
-26
-21
-24
-28
-37
-42
-38
-38
-38
-42
-45
-41
-39
-46
-46
-46
-48
-51
-59
-63
-65
-73
-75
-82
-81
-83
-80
-72
-67
-64
-63
-61
-58
-59
-53
-53
-53
-53
-58
-59
-56
-51
-58
-52
-50
-46
-40
-34
-36
-37
-31
-34
-30
-27
-19
-17
-11
-12
-19
-16
-27
-31
-37
-39
-38
-35
-32
-34
-26
-31
-26
-28
-29
-24
-29
-26
-27
-34
-40
-44
-41
-40
-39
-31
-31
-26
-24
-29
-29
-34
-28
-30
-33
-36
-36
-30
-35
-29
-30
-32
-33
-29
-20
-27
-24
-25
-21
-20
-17
-15
-24
-16
-11
-4
4
2
6
8
10
11
12
12
6
10
18
21
20
25
30
31
30
27
36
35
37
40
43
40
41
40
41
42
46
51
51
60
63
61
62
65
53
54
49
48
50
50
53
50
51
40
39
37
38
38
36
38
29
32
27
25
27
32
28
25
30
28
32
29
26
23
24
25
27
31
23
16
17
16
18
28
33
35
32
34
38
34
35
32
32
32
26
22
26
26
20
22
17
20
18
17
21
21
24
20
16
16
16
13
19
16
16
17
24
29
19
27
24
23
23
24
24
26
29
28
28
29
24
33
36
34
35
33
37
30
28
26
27
27
23
22
21
27
22
21
22
10
7
12
4
3
9
-1
-1
-1
-10
-15
-21
-24
-27
-28
-29
-28
-33
-33
-32
-34
-27
-27
-26
-28
-31
-37
-38
-40
-38
-33
-34
-36
-37
-37
-38
-38
-37
-36
-28
-26
-24
-25
-32
-38
-38
-32
-32
-28
-26
-27
-32
-26
-27
-22
-17
-12
-4
0
-3
-7
-2
-14
-18
-20
-28
-23
-18
-8
-4
-6
-3
-9
-8
-11
-11
-11
-13
-16
-16
-19
-19
-16
-18
-18
-17
-17
-23
-28
-30
-25
-26
-32
-33
-32
-31
-36
-28
-26
-21
-11
-15
-17
-14
-16
-12
-14
-13
-16
-17
-12
-14
-12
-10
-1
3
10
19
21
17
14
9
4
-2
-2
7
2
-3
5
5
-1
-3
-3
2
-2
-2
-6
-10
-17
-20
-16
-19
-13
-14
-16
-11
-10
-17
-17
-16
-14
-16
-8
-8
-9
-4
-6
-8
-5
-2
-6
-1
3
5
10
7
8
5
3
3
5
-1
-4
2
-4
-2
1
0
3
-4
-1
4
5
7
8
8
2
7
4
3
8
10
7
7
2
4
4
-4
-9
-9
-7
-4
-2
2
-1
-6
-5
-11
-13
-14
-23
-24
-29
-29
-27
-26
-28
-27
-20
-14
-10
-5
1
7
8
4
6
1
-1
-2
-1
1
5
7
5
7
11
13
10
11
15
16
17
14
12
9
8
9
9
10
12
13
18
18
15
20
23
29
31
33
30
26
33
32
32
36
39
44
46
46
42
36
37
37
32
38
41
46
45
51
57
54
56
54
53
52
45
41
38
35
35
32
34
35
36
36
40
41
41
39
36
34
29
27
23
19
16
15
16
7
3
5
7
14
17
18
15
8
13
11
1
3
-1
-1
0
-4
-7
-12
-13
-17
-19
-19
-18
-18
-22
-17
-15
-17
-22
-25
-27
-29
-31
-30
-30
-33
-28
-33
-30
-27
-34
-32
-38
-34
-32
-36
-32
-28
-24
-25
-28
-21
-15
-9
-9
-7
-9
-9
-13
-12
-9
-12
-8
-1
1
9
11
10
18
16
22
24
22
22
24
24
22
17
11
16
18
22
21
21
19
19
24
25
30
37
40
33
27
28
28
29
25
26
31
30
27
25
14
15
12
1
4
2
5
6
7
11
7
5
5
4
5
2
4
1
1
-2
-7
-4
-3
-4
-6
-4
-1
4
1
-4
-10
-14
-8
-13
-18
-22
-28
-26
-26
-30
-30
-32
-28
-28
-33
-29
-26
-29
-31
-38
-40
-40
-35
-39
-38
-41
-41
-41
-44
-40
-45
-51
-59
-59
-59
-62
-63
-57
-52
-46
-47
-40
-39
-37
-33
-32
-36
-41
-42
-42
-43
-45
-40
-33
-24
-27
-26
-21
-14
-9
-11
-7
-3
-3
-3
0
0
4
-1
-3
4
8
3
3
6
6
12
8
7
0
-6
-13
-13
-19
-19
-14
-22
-22
-20
-21
-26
-22
-23
-23
-28
-29
-27
-31
-37
-38
-34
-34
-29
-33
-32
-26
-27
-25
-18
-17
-17
-21
-19
-16
-16
-9
-11
-2
0
4
3
5
11
12
17
20
23
26
24
21
24
27
25
31
32
35
33
30
26
22
26
28
30
32
29
26
25
24
23
19
15
19
19
20
15
8
14
12
10
9
11
12
10
12
21
20
18
21
21
26
30
25
28
33
37
33
31
30
26
30
31
29
29
35
37
38
39
39
41
39
33
34
32
31
33
37
37
40
38
31
34
34
34
40
38
36
36
37
34
35
35
35
40
40
48
47
46
48
45
48
49
47
47
47
50
49
50
51
41
39
42
34
28
28
25
35
32
29
27
19
20
20
22
27
23
23
28
21
24
18
12
11
6
3
9
9
6
9
6
7
4
5
-1
-7
-8
-13
-16
-18
-22
-30
-37
-37
-31
-31
-27
-23
-23
-32
-38
-36
-42
-41
-43
-40
-41
-42
-45
-46
-44
-41
-37
-34
-32
-30
-31
-32
-29
-30
-23
-18
-19
-12
-8
-6
-11
-9
-11
-11
-8
-5
-4
-3
-3
-3
-3
-9
-14
-19
-20
-17
-17
-21
-26
-23
-25
-28
-28
-33
-34
-40
-39
-37
-42
-41
-41
-47
-45
-45
-47
-42
-44
-46
-44
-43
-45
-48
-45
-46
-48
-43
-47
-40
-36
-34
-25
-29
-27
-24
-29
-30
-34
-39
-32
-27
-19
-20
-18
-11
-13
-9
-2
-3
2
-5
-9
-10
-13
-8
-7
-3
6
7
5
9
4
3
-1
7
3
2
0
-11
-15
-19
-15
-15
-11
-17
-19
-24
-29
-34
-36
-30
-35
-32
-28
-25
-27
-28
-30
-32
-33
-34
-30
-34
-34
-31
-28
-30
-30
-29
-22
-16
-14
-11
-7
-6
-8
-7
-14
-11
-17
-19
-11
-13
-15
-11
-8
-5
1
3
4
9
15
22
27
20
19
18
22
27
31
32
32
37
39
40
40
45
43
48
47
47
45
44
42
45
53
56
59
60
65
60
60
60
54
49
53
56
57
62
58
58
57
52
45
42
42
47
53
56
47
48
55
56
63
61
59
56
57
62
57
66
63
61
57
51
52
53
44
38
43
48
40
37
35
27
27
22
23
24
21
15
14
13
14
12
18
18
10
12
15
17
15
15
11
8
14
11
7
5
0
8
13
16
14
11
12
15
19
20
18
21
24
16
15
9
1
-5
-10
-12
-19
-18
-19
-22
-24
-25
-20
-20
-14
-9
-13
-9
-16
-15
-18
-31
-37
-38
-39
-39
-35
-34
-28
-21
-17
-13
-10
-11
-9
-11
-13
-9
-10
-14
-15
-13
-13
-9
-10
-12
-10
-8
-10
-15
-13
-17
-14
-11
-13
-10
-10
-14
-17
-20
-26
-28
-24
-22
-24
-23
-20
-22
-19
-21
-16
-10
-4
-3
-6
-6
-6
-12
-19
-20
-27
-23
-28
-28
-27
-29
-21
-21
-19
-22
-27
-28
-24
-24
-26
-30
-36
-34
-38
-42
-41
-40
-37
-35
-33
-35
-39
-48
-51
-53
-55
-54
-53
-52
-55
-47
-51
-53
-50
-53
-47
-47
-44
-46
-40
-34
-34
-36
-44
-44
-43
-40
-35
-30
-28
-30
-25
-25
-23
-22
-27
-25
-24
-19
-19
-18
-15
-9
0
5
7
10
12
11
10
12
2
4
1
-9
-2
0
-1
2
12
5
1
6
4
0
-4
0
7
10
6
5
7
6
2
-4
-7
2
-2
0
-1
-3
-1
-11
-12
-9
-9
-12
-12
-11
-18
-23
-26
-32
-40
-38
-41
-45
-48
-47
-40
-41
-37
-34
-35
-39
-31
-30
-30
-29
-30
-25
-25
-20
-7
-3
-1
7
8
13
19
22
30
34
36
39
44
40
46
37
35
43
49
52
47
51
48
47
46
48
39
36
34
36
39
35
47
51
46
46
45
47
47
49
50
49
40
34
34
30
36
40
42
38
40
46
48
42
46
37
24
25
18
14
16
23
25
23
22
25
27
23
25
31
34
28
23
34
30
20
16
21
28
27
31
31
30
28
28
23
19
22
28
35
44
53
44
45
38
34
43
35
38
44
35
29
37
36
33
29
30
33
26
27
27
31
35
32
36
29
24
25
20
20
23
24
16
18
22
17
14
9
6
8
2
-4
-10
-10
-14
-18
-16
-21
-19
-21
-17
-22
-28
-33
-35
-38
-41
-36
-43
-43
-40
-42
-47
-47
-44
-45
-36
-36
-41
-36
-41
-41
-50
-50
-51
-50
-49
-55
-53
-50
-45
-50
-47
-41
-35
-38
-36
-39
-36
-31
-33
-24
-30
-26
-19
-20
-16
-21
-24
-13
-10
-6
-1
-5
6
13
18
10
2
2
-1
-3
-4
-3
-4
-7
-10
-13
-10
-8
-4
-2
-5
-5
-9
-12
-19
-22
-17
-23
-32
-24
-30
-30
-30
-41
-41
-46
-37
-34
-36
-38
-34
-32
-33
-29
-36
-28
-26
-26
-16
-21
-27
-23
-23
-15
-6
-19
-19
-14
-12
-1
-9
-13
-5
-11
-8
-10
-7
-1
2
-2
-6
-2
-7
-9
-8
-8
-8
-12
-13
-12
-14
-16
-22
-19
-25
-23
-12
-7
-6
-10
-11
-10
-14
-18
-20
-20
-18
-17
-12
-22
-15
-19
-21
-14
-17
-9
-5
2
-2
-6
-2
-10
-12
-18
-18
-20
-21
-18
-4
-6
-6
-5
-5
-1
0
7
2
8
2
1
-1
1
4
11
16
22
35
40
44
46
30
35
36
32
34
37
40
37
44
33
43
48
44
59
58
64
72
67
52
47
53
45
40
51
56
58
57
58
56
63
68
61
58
62
61
59
52
49
50
42
42
37
40
52
53
58
61
45
39
39
40
43
42
43
37
32
28
27
26
22
24
18
24
21
22
31
25
20
16
20
12
13
20
6
13
14
20
19
11
10
0
8
10
-7
-3
0
-1
-2
-6
1
-3
-12
-12
-1
-5
0
0
-1
2
-3
4
-2
-1
-8
-4
1
-6
2
-3
-11
-7
-2
-6
-4
-5
-2
1
2
2
2
0
0
-2
-7
-3
-6
-3
-7
-15
-11
-12
-7
-3
-1
-3
-10
-4
-2
1
3
3
4
12
18
10
12
11
19
18
12
12
9
5
9
5
-2
5
3
-1
-3
-7
-7
-7
-14
-14
-20
-21
-21
-27
-33
-35
-27
-35
-35
-39
-39
-37
-40
-41
-47
-48
-51
-42
-37
-36
-43
-43
-52
-60
-45
-39
-36
-50
-39
-28
-29
-21
-20
-16
-17
-18
-16
-13
-12
-16
-15
-16
-24
-19
-25
-21
-22
-21
-14
-21
-8
-14
-18
-30
-31
-27
-38
-37
-36
-43
-55
-56
-54
-62
-54
-55
-55
-55
-53
-51
-58
-47
-45
-45
-52
-54
-46
-49
-44
-45
-39
-43
-48
-46
-50
-46
-48
-41
-32
-33
-33
-24
-22
-32
-26
-21
-24
-26
-20
-20
-24
-20
-27
-24
-15
-9
-3
-1
4
8
11
8
4
10
14
16
13
19
17
16
21
20
17
15
20
28
29
25
18
18
15
4
11
15
11
15
14
8
2
7
8
7
11
12
21
23
19
20
11
6
16
15
9
10
19
26
24
24
24
23
23
24
31
30
30
35
26
26
30
20
20
22
30
35
35
37
38
37
33
33
35
38
37
38
38
35
36
39
43
43
37
36
31
40
45
42
41
40
39
47
45
43
46
43
47
47
53
54
48
48
49
46
43
43
47
57
60
61
66
50
42
50
46
51
54
58
63
58
53
51
44
43
44
44
43
45
44
35
29
22
14
9
-3
0
9
3
6
5
-9
-9
-17
-18
-17
-31
-34
-34
-26
-24
-27
-27
-25
-13
-17
-16
-15
-18
-22
-24
-24
-30
-25
-24
-26
-25
-28
-20
-17
-15
-4
-9
-11
-18
-21
-28
-33
-28
-26
-24
-21
-16
-18
-19
-25
-23
-12
-6
-5
-4
-1
-6
-8
-8
-13
-18
-20
-15
-1
0
-12
-9
-13
-19
-16
-20
-13
-10
-6
-9
-16
-17
-25
-21
-20
-17
-17
-17
-19
-30
-36
-36
-32
-34
-33
-32
-33
-32
-26
-29
-35
-36
-40
-39
-40
-42
-43
-44
-47
-53
-44
-47
-48
-46
-38
-30
-36
-28
-28
-37
-43
-42
-40
-42
-37
-35
-38
-37
-35
-32
-28
-31
-30
-20
-18
-18
-17
-25
-25
-21
-20
-24
-21
-14
-12
0
-2
-2
-1
-8
-2
-5
-4
2
1
4
4
0
1
5
5
8
13
20
17
22
22
16
18
12
11
12
12
11
10
5
0
7
5
4
1
4
11
7
8
13
11
7
3
-2
-5
-5
3
-7
-7
-9
-8
-5
-9
-11
-12
-2
0
0
-4
-11
-14
-13
-9
-5
-7
3
1
2
7
7
12
2
4
10
8
9
8
9
7
13
16
16
31
37
40
37
39
44
43
33
33
31
33
36
43
42
27
36
37
36
38
42
43
46
46
43
45
47
46
45
43
39
38
35
38
29
31
26
22
23
17
11
6
4
4
1
1
3
3
2
0
1
-8
-9
-16
-20
-19
-20
-22
-25
-27
-26
-22
-26
-22
-18
-17
-11
-9
-3
-2
-8
-8
-8
-2
-2
-2
5
8
10
16
23
25
30
36
34
35
37
36
34
41
40
38
36
43
41
39
42
43
47
47
44
49
45
41
42
38
38
37
28
23
18
11
6
0
3
1
-3
-9
-7
-12
-8
-5
-14
-14
-15
-19
-17
-24
-33
-37
-40
-36
-40
-33
-31
-28
-23
-21
-21
-20
-17
-15
-12
-16
-11
-7
-5
-8
-10
-6
6
1
5
12
13
22
21
25
19
20
23
17
18
18
19
18
25
28
24
24
21
26
34
36
36
36
37
31
24
25
27
28
29
26
24
17
6
7
-2
1
-2
-8
-10
-8
-8
-6
-5
-9
-17
-20
-21
-23
-22
-33
-31
-33
-36
-35
-34
-42
-42
-40
-34
-35
-33
-30
-35
-37
-43
-41
-38
-38
-37
-28
-26
-27
-26
-28
-32
-39
-35
-28
-29
-21
-21
-32
-27
-31
-27
-18
-18
-19
-23
-20
-20
-17
-17
-19
-11
-9
0
1
-4
-4
-8
-9
-7
-3
1
-3
-5
-7
-6
-5
-5
-4
-7
-2
2
2
4
-3
-3
6
3
-9
-10
-13
-19
-21
-26
-28
-24
-22
-31
-32
-28
-19
-19
-14
-8
-19
-19
-24
-31
-33
-38
-34
-32
-33
-33
-36
-35
-38
-35
-36
-46
-43
-42
-46
-49
-44
-41
-42
-43
-38
-41
-47
-42
-40
-40
-47
-43
-43
-46
-42
-32
-32
-27
-21
-24
-18
-14
-13
-12
3
8
15
19
17
22
22
27
35
42
40
46
49
53
56
50
46
51
51
54
62
62
60
54
60
51
47
49
46
47
45
47
39
29
26
21
15
16
14
22
16
16
18
13
7
-3
-3
-2
-5
-8
-6
-15
-14
-13
-8
-12
-11
-7
-14
-13
-20
-23
-27
-27
-22
-20
-21
-18
-27
-22
-11
-19
-13
-11
-11
-5
0
3
5
6
8
14
14
15
26
36
36
39
42
33
35
31
34
50
56
62
66
69
66
61
58
54
57
56
63
66
60
61
55
48
42
40
45
41
44
47
50
46
37
30
23
18
19
27
22
12
-4
-8
-9
-7
-3
0
-3
-1
6
2
-3
-1
0
-8
-10
-11
-5
4
5
4
8
8
6
14
13
23
23
22
24
29
34
37
39
30
35
27
13
19
25
30
32
27
24
20
13
24
29
25
21
10
-4
-6
-11
-10
-2
3
-4
-1
-7
-10
-5
-17
-24
-25
-25
-31
-29
-33
-34
-28
-26
-31
-42
-47
-42
-37
-29
-35
-42
-49
-67
-71
-60
-56
-61
-56
-56
-47
-40
-42
-56
-63
-56
-64
-60
-55
-51
-50
-55
-58
-58
-50
-50
-56
-55
-42
-35
-30
-30
-40
-42
-40
-36
-41
-42
-35
-28
-17
-26
-25
-21
-18
-20
-22
-13
-21
-23
-15
-18
-14
-9
-9
-13
-4
3
-3
-2
-11
-3
4
2
-4
-6
14
16
16
15
11
0
-2
4
-3
-11
-8
-6
4
6
2
-10
-25
-38
-30
-20
-19
-6
-8
-19
-23
-32
-34
-44
-49
-41
-39
-27
-40
-50
-58
-49
-41
-35
-25
-47
-57
-49
-50
-61
-53
-28
-24
-20
-28
-35
-41
-47
-41
-35
-22
-24
-18
-14
-13
-10
-9
7
10
11
16
12
12
16
30
41
45
35
30
43
37
28
30
32
39
46
56
64
69
60
60
54
48
46
30
20
35
43
42
39
29
30
30
25
16
9
0
-12
-9
10
22
21
21
13
9
7
12
16
19
26
24
18
13
9
11
19
20
16
19
30
32
19
13
19
33
40
36
34
31
33
39
34
36
47
47
47
51
55
55
66
53
49
58
64
63
60
65
72
75
74
65
65
67
73
75
68
77
69
72
89
94
87
74
73
76
67
69
82
85
75
74
73
58
46
50
53
56
61
51
48
42
34
35
37
35
40
29
25
16
13
13
7
16
11
5
4
14
9
6
-4
-19
-32
-21
-9
-16
-14
-14
-4
-11
-11
-28
-37
-43
-36
-23
-21
-21
-28
-24
-30
-32
-35
-37
-36
-25
-27
-28
-24
-32
-38
-38
-31
-29
-30
-33
-40
-42
-37
-36
-38
-36
-34
-45
-35
-24
-33
-38
-31
-28
-25
-16
-23
-29
-33
-25
-32
-32
-39
-46
-39
-49
-46
-54
-51
-47
-49
-46
-42
-61
-69
-70
-63
-44
-43
-46
-52
-49
-53
-53
-59
-67
-54
-37
-34
-34
-28
-36
-36
-31
-39
-34
-32
-38
-31
-20
-19
-13
-21
-24
-31
-48
-40
-38
-32
-26
-27
-32
-43
-38
-36
-42
-54
-59
-53
-47
-45
-46
-43
-46
-47
-46
-49
-42
-46
-56
-45
-42
-43
-45
-47
-40
-41
-44
-41
-46
-53
-56
-48
-36
-26
-27
-31
-35
-28
-23
-25
-15
-12
-5
-9
-15
-19
-20
-19
-18
-20
-21
-20
-27
-26
-32
-26
-28
-26
-12
-10
3
1
5
6
3
6
0
6
14
15
8
5
3
8
18
13
19
30
31
30
37
44
42
43
41
35
41
50
53
56
57
63
58
52
42
46
45
50
50
45
56
50
54
51
57
57
55
60
54
52
48
41
40
49
51
48
35
29
31
28
32
30
26
27
27
33
40
42
28
9
11
10
14
14
8
11
14
14
15
6
8
16
17
19
15
16
18
28
31
26
26
19
20
17
16
23
32
27
31
36
32
27
23
23
23
28
26
30
42
38
31
30
32
35
25
23
33
40
37
27
27
29
36
38
35
33
23
19
19
19
14
14
21
28
23
19
25
15
10
13
6
5
6
2
-1
0
9
10
5
10
13
4
-1
0
-1
-4
-3
-8
-11
-6
-2
4
15
19
19
15
9
4
-4
1
11
14
5
7
6
2
2
1
-9
-9
-12
-13
-8
-10
-6
-4
4
-10
-23
-23
-20
-16
-27
-33
-35
-38
-39
-42
-46
-43
-45
-50
-38
-37
-33
-27
-35
-41
-43
-29
-25
-28
-23
-24
-30
-30
-31
-25
-22
-21
-24
-27
-21
-20
-17
-18
-25
-17
-12
-17
-21
-17
-25
-29
-21
-12
-18
-16
-19
-25
-25
-24
-23
-24
-17
-20
-19
-29
-26
-25
-25
-25
-28
-33
-38
-33
-30
-26
-27
-22
-28
-31
-28
-29
-33
-44
-45
-47
-48
-42
-46
-49
-41
-38
-32
-31
-35
-32
-42
-41
-36
-34
-31
-29
-23
-21
-16
-15
-16
-16
-15
-19
-8
-2
-6
-1
-3
9
16
14
15
18
20
14
17
16
25
27
20
12
13
9
10
10
19
26
24
26
14
11
5
5
4
3
4
2
-1
-3
2
-1
1
6
14
12
15
15
14
11
-2
3
11
11
13
7
10
15
18
23
18
23
18
13
14
11
6
2
6
5
5
7
6
6
7
4
2
1
5
2
3
-2
0
0
-6
-8
-13
-8
-6
-4
-4
-1
-12
-12
-5
-4
-2
-1
4
-3
1
3
15
16
13
14
12
15
22
16
18
33
32
32
40
45
46
34
33
31
35
49
45
46
37
32
29
27
33
34
37
37
40
44
46
48
42
45
45
45
49
56
58
58
55
49
49
42
48
56
49
45
45
54
54
52
53
51
57
53
51
49
38
36
31
25
21
19
17
15
12
21
25
23
21
21
15
22
26
17
22
20
19
10
5
1
1
0
2
8
15
24
20
18
14
11
3
-2
-6
-8
-1
-4
-1
2
3
0
3
-4
-10
-3
-7
-11
-17
-21
-21
-24
-26
-23
-25
-27
-29
-37
-37
-40
-37
-34
-32
-27
-24
-19
-23
-24
-24
-24
-22
-21
-17
-22
-22
-27
-23
-21
-18
-10
-10
-1
-5
-5
-2
3
3
3
2
4
11
11
17
13
10
13
15
19
14
5
-2
-7
-3
-2
-11
-9
-11
-9
-5
-3
-5
-1
-1
-7
-11
-10
-4
-13
-15
-6
-11
-8
-17
-22
-25
-37
-35
-40
-38
-29
-18
-20
-31
-45
-54
-53
-54
-49
-48
-49
-49
-53
-52
-51
-54
-47
-42
-49
-54
-58
-62
-65
-67
-66
-58
-68
-63
-58
-63
-61
-60
-58
-58
-60
-53
-52
-46
-40
-39
-37
-42
-42
-38
-38
-42
-33
-22
-19
-18
-15
-15
-11
-14
-17
-17
-25
-23
-15
-4
-7
-4
-6
-3
-3
-9
-9
-18
-17
-8
-7
-5
-3
-4
-5
-5
-4
-4
2
7
6
2
-10
-17
-15
-11
-8
-8
-13
-15
-16
-13
-9
-8
-2
4
-1
-4
-12
-14
-15
-14
-9
-12
-3
4
0
-9
-6
-6
-6
-1
-2
-2
0
2
-1
0
1
-3
-4
-3
1
6
2
11
20
19
21
18
13
11
14
15
18
21
21
23
30
34
40
45
39
35
36
45
55
51
46
42
37
40
45
46
45
36
40
38
35
34
38
34
34
39
39
40
28
32
29
25
27
28
31
32
26
29
32
22
28
25
26
28
15
18
18
17
18
13
16
15
17
26
28
30
26
23
23
18
22
23
20
20
19
15
17
14
8
16
24
31
31
30
33
31
36
37
36
36
49
50
47
56
53
55
57
59
57
62
57
64
69
71
70
62
67
59
60
54
47
47
43
48
43
39
37
25
17
19
16
19
18
3
-2
-11
-16
-15
-10
-12
-16
-22
-31
-27
-27
-28
-30
-38
-42
-46
-47
-49
-51
-53
-57
-58
-50
-40
-34
-31
-35
-42
-47
-46
-46
-46
-43
-33
-27
-29
-33
-36
-38
-32
-23
-17
-6
-4
-1
-3
-5
-3
-7
-5
-6
-6
-2
3
7
2
-4
-2
4
5
5
2
2
0
-8
-18
-23
-18
-22
-28
-31
-38
-49
-49
-58
-60
-64
-65
-67
-70
-70
-70
-70
-77
-79
-81
-81
-86
-88
-83
-77
-72
-69
-73
-75
-76
-74
-72
-65
-59
-52
