11
16
12
9
12
11
2
1
-5
2
-3
-3
-2
-11
-13
-14
-18
-15
-15
-20
-19
-22
-27
-26
-31
-34
-35
-38
-41
-40
-39
-40
-40
-46
-47
-46
-46
-47
-50
-53
-51
-49
-50
-43
-40
-37
-37
-34
-38
-41
-45
-50
-55
-57
-54
-51
-51
-54
-52
-48
-45
-42
-38
-43
-39
-44
-47
-41
-38
-39
-36
-31
-31
-32
-35
-32
-28
-25
-27
-31
-32
-34
-38
-37
-26
-27
-26
-19
-19
-11
-5
-1
2
-1
-3
0
-5
-4
-2
-3
-5
-4
0
5
6
7
13
15
18
15
18
15
12
7
2
-2
-2
1
-2
-1
-6
-11
-13
-15
-15
-17
-12
-15
-20
-12
-12
-21
-18
-16
-18
-15
-15
-13
-15
-14
-16
-20
-20
-26
-20
-20
-15
-8
-6
-6
-14
-20
-25
-20
-23
-25
-27
-29
-30
-30
-31
-32
-32
-34
-26
-23
-24
-23
-25
-22
-19
-13
-10
-16
-18
-15
-9
-8
-4
3
0
3
5
2
5
3
5
14
17
17
15
13
20
22
20
27
30
32
38
41
39
38
35
28
25
21
20
30
30
28
30
29
39
43
47
43
39
43
40
40
44
37
33
31
34
36
36
41
40
46
50
48
49
40
39
42
39
46
42
44
46
43
42
43
43
41
39
38
37
36
37
30
35
39
37
43
45
42
44
45
45
49
41
45
48
49
53
48
51
50
53
56
55
56
49
52
43
39
37
37
39
41
46
42
43
42
38
42
45
35
29
27
25
22
19
17
10
15
14
13
14
10
10
7
13
14
10
5
5
6
8
5
6
-1
-4
-2
-8
-9
-6
-10
-14
-12
-15
-9
-6
-5
-3
-4
-5
-8
-12
-14
-18
-18
-17
-15
-12
-22
-21
-21
-27
-26
-19
-19
-17
-13
-16
-9
-11
-15
-17
-21
-13
-16
-19
-20
-16
-16
-19
-21
-21
-19
-16
-15
-18
-20
-21
-25
-26
-19
-20
-24
-16
-15
-20
-24
-28
-32
-32
-32
-35
-34
-36
-36
-34
-37
-33
-28
-32
-33
-31
-33
-33
-30
-32
-39
-37
-40
-41
-38
-44
-43
-43
-44
-36
-34
-33
-32
-31
-27
-26
-25
-24
-18
-24
-28
-32
-32
-36
-42
-44
-42
-42
-37
-28
-30
-28
-27
-24
-28
-31
-31
-27
-26
-20
-27
-31
-31
-44
-40
-43
-39
-39
-45
-47
-45
-42
-45
-48
-53
-56
-52
-44
-37
-40
-41
-47
-49
-47
-47
-44
-45
-44
-47
-41
-38
-40
-41
-41
-38
-34
-21
-21
-25
-17
-21
-15
-16
-16
-18
-23
-22
-25
-28
-27
-30
-23
-20
-13
-6
-7
-6
-8
-4
1
5
-2
-8
-3
-3
4
14
12
15
21
17
17
17
22
14
13
19
18
18
19
20
22
22
30
38
36
43
50
52
49
48
47
42
43
42
51
55
52
61
63
62
61
62
74
76
79
74
64
61
54
50
51
51
48
42
41
42
41
44
44
40
36
32
30
26
26
27
24
19
16
13
16
22
20
18
16
6
7
5
2
5
5
11
15
15
14
16
21
24
26
29
30
27
22
28
32
37
39
40
52
60
62
62
59
54
54
54
56
60
60
63
65
64
58
60
58
57
60
57
52
48
41
35
33
25
25
26
18
16
16
14
9
7
6
4
7
6
6
1
-7
-11
-15
-6
-4
-1
-2
-7
-9
-15
-15
-23
-23
-15
-11
-13
-7
-4
-3
0
4
-2
-9
-4
-5
-8
-6
-8
-11
-18
-17
-11
-9
-4
-1
3
4
2
8
2
-5
-13
-21
-24
-31
-33
-38
-36
-33
-33
-32
-25
-23
-17
-14
-16
-23
-28
-29
-35
-36
-39
-44
-43
-43
-46
-47
-49
-45
-42
-40
-41
-39
-45
-50
-51
-52
-44
-43
-42
-36
-34
-30
-31
-39
-39
-35
-34
-29
-29
-28
-34
-32
-31
-36
-33
-33
-29
-34
-35
-35
-41
-46
-45
-44
-38
-40
-48
-40
-43
-37
-30
-33
-32
-29
-32
-30
-30
-37
-32
-25
-31
-24
-28
-22
-16
-24
-19
-23
-24
-21
-20
-20
-18
-16
-18
-13
-9
-19
-11
-14
-14
-10
-13
-6
-5
-6
-7
-8
-12
-16
-9
-9
-11
-11
-9
-10
-9
-6
-11
-4
-5
-9
-12
-17
-21
-16
-16
-13
-13
-17
-20
-24
-22
-25
-29
-30
-30
-29
-29
-26
-21
-22
-22
-19
-12
-7
-1
0
-5
-1
5
5
2
3
3
6
6
9
15
17
22
23
26
27
29
35
36
41
45
48
45
48
47
48
50
52
51
48
51
39
44
50
47
44
38
30
31
38
40
38
31
29
25
19
13
9
5
-2
2
3
-1
2
0
-1
7
9
11
14
13
10
12
16
16
9
12
6
8
11
11
15
12
13
16
19
17
13
16
18
20
26
26
27
17
14
14
21
23
23
22
23
32
31
30
26
26
23
21
22
24
23
20
23
20
22
25
16
11
9
8
8
6
3
2
-2
-4
-4
-7
-10
-8
-8
-4
-8
-10
-11
-18
-15
-6
-6
-3
5
3
4
4
4
2
3
5
14
20
23
28
26
30
34
29
29
35
35
37
39
35
35
38
37
44
43
42
48
42
42
47
48
45
46
41
36
32
30
31
24
24
24
24
20
19
17
9
14
9
7
4
-6
-9
-18
-23
-26
-27
-25
-23
-18
-15
-12
-4
-2
-4
-4
-9
-8
-7
-9
-18
-16
-16
-19
-11
-14
-13
-8
-5
1
1
6
6
9
9
5
4
4
8
8
11
16
17
14
17
15
15
18
22
20
26
26
18
20
16
13
11
7
8
2
3
0
2
1
3
1
-3
-7
-11
-20
-30
-29
-37
-35
-38
-42
-43
-43
-42
-38
-37
-34
-36
-43
-39
-42
-46
-47
-51
-50
-44
-41
-40
-38
-32
-23
-19
-18
-15
-7
-6
-10
-10
-9
-9
-6
-8
-9
-8
-5
-2
-5
-3
-1
-2
6
10
12
15
8
0
3
2
5
3
2
4
12
11
14
15
10
13
12
9
6
4
-1
0
3
2
-2
-2
-1
-5
-14
-13
-14
-17
-17
-19
-21
-23
-28
-24
-24
-26
-27
-31
-29
-29
-34
-29
-32
-35
-32
-34
-39
-34
-31
-33
-29
-31
-28
-25
-33
-36
-34
-32
-36
-32
-30
-27
-22
-32
-26
-22
-29
-25
-26
-21
-15
-13
-8
-12
-14
-15
-14
-21
-17
-13
-8
-7
-10
-13
-13
-22
-31
-29
-33
-31
-33
-30
-25
-26
-25
-27
-21
-20
-19
-15
-20
-23
-23
-19
-15
-18
-15
-8
-5
-5
-10
-4
3
6
4
2
-3
-8
-8
-6
-1
5
7
14
13
10
10
8
3
7
6
1
6
10
6
9
11
7
13
13
14
21
26
26
30
31
31
31
31
32
32
34
35
40
35
32
35
34
33
35
40
40
41
41
45
49
43
40
40
34
34
37
40
40
37
35
34
32
27
27
29
29
27
26
23
22
19
23
25
23
22
13
9
7
6
6
6
8
12
10
11
14
9
6
4
0
-4
-9
-10
-13
-8
-15
-20
-23
-17
-13
-14
-10
-16
-13
-12
-4
-1
-6
-6
-2
-1
3
3
-1
4
6
13
21
24
29
28
32
31
35
42
42
45
50
51
43
43
42
39
38
37
43
48
44
41
40
39
36
33
37
36
25
23
14
7
3
-1
-5
-6
-7
-7
-11
-13
-11
-10
-11
-17
-21
-28
-27
-32
-32
-35
-36
-33
-37
-31
-27
-29
-22
-22
-25
-25
-25
-22
-24
-24
-17
-20
-19
-8
-4
-4
-6
3
3
1
6
8
8
7
10
4
-2
-2
0
-1
-1
-2
2
2
4
4
5
5
4
5
-1
-10
-19
-22
-23
-24
-20
-21
-22
-23
-29
-34
-38
-44
-50
-44
-45
-46
-46
-48
-45
-55
-59
-57
-65
-62
-62
-64
-60
-59
-60
-62
-61
-56
-55
-50
-47
-50
-51
-51
-54
-56
-49
-50
-41
-42
-33
-26
-27
-22
-20
-15
-15
-13
-10
-12
-17
-18
-17
-18
-14
-11
-12
-11
-8
-9
-10
-13
-14
-8
-10
-10
-16
-17
-15
-19
-18
-16
-23
-33
-32
-28
-30
-34
-37
-37
-37
-38
-35
-34
-38
-31
-28
-30
-31
-30
-27
-24
-20
-16
-10
-8
-11
-10
-5
-5
-2
-5
-3
-1
1
3
4
8
2
3
7
16
19
20
22
23
22
18
10
9
9
12
16
16
22
22
33
33
34
39
41
44
41
44
44
42
44
46
48
48
48
47
54
54
57
64
68
66
65
65
69
64
64
66
65
70
73
77
77
81
82
82
79
80
79
77
71
66
58
53
50
45
45
47
52
52
48
47
51
45
31
36
32
27
23
18
18
18
17
14
17
13
15
24
26
29
27
25
25
15
12
13
14
12
12
12
11
13
12
16
18
9
14
21
19
30
31
29
29
30
25
24
29
31
34
36
37
35
35
28
33
33
33
39
37
44
50
49
52
54
48
47
46
48
51
51
49
44
42
36
39
28
24
21
15
17
13
15
8
-1
-5
-14
-19
-21
-26
-38
-37
-44
-50
-46
-57
-58
-62
-61
-58
-61
-57
-62
-63
-62
-60
-60
-62
-59
-56
-58
-55
-56
-58
-59
-60
-62
-57
-55
-53
-46
-45
-45
-43
-42
-37
-29
-37
-33
-29
-32
-33
-33
-33
-33
-35
-28
-28
-29
-20
-21
-16
-19
-19
-14
-18
-11
-7
-11
-14
-17
-16
-20
-20
-22
-22
-22
-29
-26
-27
-31
-39
-38
-44
-47
-41
-54
-51
-54
-59
-64
-65
-70
-71
-67
-72
-78
-81
-80
-86
-88
-91
-96
-98
-100
-99
-92
-89
-88
-84
-87
-83
-72
-74
-78
-75
-72
-70
-73
-68
-62
-56
-56
-61
-53
-48
-45
-29
-22
-28
-22
-23
-22
-16
-14
-9
-1
0
3
8
8
15
15
16
13
20
26
24
28
25
27
25
25
22
11
19
19
24
27
19
21
19
21
17
19
24
20
16
20
20
16
19
18
25
21
19
20
19
22
27
37
31
33
28
26
26
24
20
22
27
22
28
32
40
45
52
56
55
61
56
52
56
54
48
45
46
51
52
53
54
63
69
70
72
77
86
87
84
88
84
77
77
80
80
83
92
95
98
94
87
83
78
83
82
80
74
67
69
65
63
61
56
57
56
56
60
54
47
43
38
38
30
21
16
15
18
18
17
17
12
14
14
11
10
2
-2
-3
-3
-3
-8
-6
-11
-17
-14
-11
-11
-7
-8
-10
-8
-13
-13
-9
-15
-14
-16
-13
-12
-8
-8
-5
2
-5
2
8
2
2
7
5
12
13
12
10
10
12
12
15
7
3
9
12
20
21
21
22
17
15
16
19
16
11
10
9
4
2
0
-8
-10
-14
-18
-20
-26
-32
-38
-42
-43
-46
-47
-46
-47
-52
-58
-58
-66
-71
-69
-74
-81
-73
-71
-66
-68
-68
-67
-79
-79
-78
-81
-79
-73
-67
-65
-58
-51
-51
-47
-42
-34
-32
-25
-17
-14
-10
-13
-12
-12
-10
-1
11
10
15
19
21
24
23
25
23
25
22
16
17
16
10
10
3
1
1
-4
-10
-23
-28
-28
-29
-29
-35
-38
-44
-56
-56
-58
-65
-71
-74
-76
-78
-84
-91
-91
-90
-87
-84
-77
-76
-79
-73
-80
-75
-77
-81
-81
-80
-77
-67
-61
-61
-52
-49
-40
-38
-36
-35
-27
-26
-19
-16
-21
-13
-10
-5
4
12
16
18
29
33
38
40
37
33
30
23
23
27
28
26
31
31
29
37
36
37
37
39
41
37
36
31
29
21
12
6
5
6
10
10
9
12
8
7
8
15
16
17
18
19
22
15
16
13
15
18
17
20
24
22
23
24
24
34
35
41
41
44
42
34
41
42
46
47
53
58
54
53
47
44
44
43
44
41
42
40
36
34
37
36
37
42
46
53
55
55
52
51
47
47
38
32
33
30
28
29
29
32
34
36
42
42
37
40
39
41
32
27
27
20
26
26
23
28
27
27
30
29
36
40
37
38
36
39
38
43
48
47
44
44
45
48
48
41
37
47
48
46
56
55
50
47
42
36
34
40
42
39
41
38
36
30
27
26
17
25
27
23
19
7
3
-5
-11
-8
-6
-8
-15
-9
-12
-18
-12
-19
-15
-15
-21
-26
-30
-33
-42
-50
-50
-48
-47
-41
-42
-39
-39
-41
-38
-33
-33
-42
-46
-44
-49
-49
-50
-46
-45
-44
-41
-37
-39
-37
-38
-36
-32
-28
-30
-29
-30
-34
-29
-32
-27
-27
-28
-25
-21
-17
-22
-22
-21
-26
-26
-24
-21
-21
-13
-9
-7
-5
-4
1
8
17
12
2
-4
-8
-5
-13
-11
-7
-11
-9
-8
-2
-6
-6
-10
-12
-11
-14
-12
-19
-23
-25
-31
-40
-37
-40
-41
-38
-38
-38
-41
-42
-50
-54
-54
-56
-56
-49
-51
-53
-57
-55
-60
-62
-59
-60
-58
-63
-60
-62
-58
-55
-47
-48
-43
-36
-43
-33
-32
-36
-37
-40
-39
-37
-38
-37
-29
-27
-23
-19
-18
-13
-14
-13
-6
-8
-6
-2
-1
-1
-1
-2
1
3
7
7
13
16
21
19
8
3
0
0
-2
-1
-3
-3
-1
0
7
10
12
17
17
16
16
6
6
1
-6
3
1
3
5
4
14
14
9
13
13
12
10
14
17
17
19
16
16
17
21
23
28
33
37
43
39
41
40
41
50
54
61
60
57
62
59
57
60
59
57
61
64
63
62
59
56
58
53
44
46
46
44
45
44
45
41
39
41
36
28
27
22
13
12
7
6
1
-4
-10
-7
-10
-10
-10
-7
-8
-17
-11
-10
-12
-8
-11
-5
-6
-8
-3
-3
-2
-1
-4
-4
-6
-3
-2
-3
2
4
8
15
14
10
17
18
16
17
26
27
22
21
19
10
12
12
17
19
21
23
21
23
29
29
31
30
25
29
29
36
31
28
27
20
19
16
10
14
11
14
19
15
15
15
15
12
11
12
8
6
3
-1
-1
0
0
1
-5
0
1
4
9
5
3
3
10
9
5
8
7
0
-5
-8
-17
-24
-25
-25
-20
-14
-13
-15
-15
-18
-28
-30
-33
-30
-33
-38
-39
-41
-46
-55
-56
-56
-53
-46
-45
-40
-45
-42
-41
-41
-43
-47
-42
-42
-35
-34
-31
-28
-29
-27
-18
-11
-5
-5
-1
-6
-8
-7
-5
-2
-4
-2
-9
-5
-9
-5
-4
-1
2
3
9
1
7
6
4
8
7
7
-5
-12
-13
-14
-8
-17
-14
-14
-15
-8
-19
-25
-30
-32
-30
-27
-22
-25
-30
-30
-36
-36
-42
-47
-53
-58
-53
-56
-46
-48
-51
-43
-42
-40
-43
-40
-40
-39
-31
-30
-29
-30
-27
-26
-19
-10
-5
2
11
15
19
17
13
13
13
18
22
19
17
20
18
19
23
23
27
22
22
19
13
10
10
7
4
7
11
9
9
5
2
4
0
4
2
0
-5
-7
-5
-5
-4
0
4
8
10
11
14
12
12
5
3
0
-4
-9
-10
-9
-4
0
-2
-4
-5
-8
-7
-1
-2
-6
-10
-8
-5
-3
2
2
3
-2
2
4
9
13
15
10
8
5
-1
0
2
11
14
15
19
19
18
12
17
22
23
26
25
30
28
24
23
17
15
18
21
25
26
27
32
28
25
26
18
16
17
13
17
17
18
18
15
11
16
23
23
20
23
16
9
12
0
-4
1
1
4
11
10
7
4
4
6
6
6
6
4
3
8
13
16
16
16
19
20
21
23
28
34
30
33
36
39
36
33
33
35
40
35
39
37
38
41
40
40
37
38
36
41
38
36
37
34
33
32
26
16
15
11
9
9
3
2
2
-1
7
8
8
8
4
-5
-2
-5
-7
2
-4
-3
-2
-5
-10
-9
-8
-13
-13
-14
-14
-12
-15
-10
-6
0
6
5
11
11
7
9
4
-3
-1
-2
2
1
0
-2
3
2
2
5
1
0
-3
-2
-2
2
3
5
3
-4
-5
-15
-15
-17
-22
-22
-21
-21
-24
-21
-18
-17
-13
-7
-16
-21
-19
-16
-21
-24
-27
-30
-37
-34
-27
-26
-24
-21
-13
-12
-13
-13
-14
-15
-18
-23
-23
-30
-29
-25
-22
-17
-14
-7
-10
-6
-4
-7
-4
-10
-9
-5
-4
1
-7
-6
-4
-1
5
3
3
8
8
0
-6
-10
-17
-26
-22
-21
-18
-10
-17
-13
-12
-18
-17
-20
-20
-18
-21
-23
-21
-25
-28
-28
-30
-32
-32
-30
-34
-38
-36
-38
-32
-31
-34
-28
-28
-28
-30
-25
-26
-29
-24
-24
-21
-21
-25
-22
-26
-24
-16
-17
-16
-13
-13
-7
-6
-8
-6
-9
-13
-16
-18
-25
-23
-22
-24
-19
-17
-14
-15
-15
-17
-16
-9
-15
-21
-24
-28
-30
-32
-33
-34
-26
-24
-18
-11
-14
-9
-7
-4
-4
-4
-9
-9
-7
-12
-5
1
2
9
13
19
14
8
9
9
13
16
15
11
16
20
20
23
23
22
25
22
25
21
22
22
23
23
25
22
19
12
9
14
17
13
12
14
8
8
16
22
22
22
28
24
27
29
22
20
22
24
29
28
28
32
33
35
34
32
38
45
50
49
55
54
56
51
48
49
42
49
43
44
50
44
35
32
33
35
38
43
47
42
41
33
25
17
13
18
17
14
13
12
8
10
6
7
5
-7
-4
-2
-4
-8
-4
-9
-7
-8
-7
-8
-8
-13
-22
-16
-22
-21
-16
-19
-18
-18
-18
-14
-8
-5
3
9
9
12
22
15
11
19
17
16
21
26
26
33
40
41
42
52
57
64
68
69
66
62
56
50
52
45
53
49
48
47
40
39
36
28
28
22
14
11
7
8
7
-3
-11
-9
-15
-8
-11
-13
-15
-25
-29
-29
-27
-36
-36
-39
-42
-40
-44
-45
-41
-41
-40
-41
-38
-41
-47
-46
-46
-47
-43
-39
-41
-35
-38
-42
-42
-40
-41
-45
-48
-49
-37
-35
-36
-35
-32
-33
-33
-33
-31
-27
-21
-22
-23
-24
-25
-24
-30
-31
-29
-24
-22
-22
-27
-24
-26
-24
-21
-24
-27
-34
-34
-41
-34
-35
-40
-39
-35
-28
-26
-25
-21
-27
-26
-22
-23
-22
-25
-27
-26
-31
-36
-32
-34
-34
-25
-21
-20
-28
-33
-33
-41
-42
-44
-43
-39
-41
-41
-37
-44
-44
-45
-48
-49
-47
-47
-44
-41
-41
-43
-42
-42
-40
-33
-33
-32
-31
-33
-31
-30
-26
-33
-32
-22
-22
-13
-18
-18
-18
-17
-18
-15
-13
-9
1
5
6
6
12
8
14
16
16
22
29
31
32
38
41
44
50
54
48
49
43
40
38
37
39
29
32
33
31
36
37
32
35
34
26
23
24
21
17
18
16
13
9
11
14
12
14
16
13
13
7
9
5
-3
3
10
13
16
12
14
16
13
18
21
21
18
20
22
28
28
26
30
33
44
49
55
54
51
51
50
53
48
48
51
51
52
49
54
55
62
68
68
73
80
78
76
77
73
69
65
63
62
61
64
63
64
66
63
65
63
63
63
62
57
52
46
40
36
29
30
29
34
26
26
30
25
29
26
22
17
12
9
6
7
11
10
18
19
13
8
3
-12
-16
-13
-12
-7
-7
-6
-6
-5
-4
-7
-2
7
7
7
7
6
5
1
-4
-2
-1
4
8
12
13
15
16
10
4
5
2
2
4
-3
-1
-6
-10
-6
-5
0
2
-3
-6
-4
-3
-7
-7
-10
-12
-15
-18
-23
-21
-22
-26
-24
-30
-28
-29
-35
-41
-47
-44
-53
-53
-55
-60
-66
-63
-65
-70
-66
-74
-75
-76
-75
-74
-70
-71
-73
-76
-75
-77
-74
-75
-82
-81
-81
-81
-85
-81
-75
-75
-73
-67
-62
-59
-57
-54
-53
-54
-47
-46
-45
-50
-47
-48
-45
-44
-39
-39
-33
-25
-25
-18
-20
-16
-21
-19
-23
-25
-26
-33
-24
-22
-22
-16
-17
-17
-14
-15
-13
-11
-7
-12
-12
-8
-7
0
1
4
2
6
13
14
16
10
10
9
15
14
9
10
6
11
10
4
-5
-5
-13
-13
-9
-15
-16
-17
-20
-28
-28
-29
-22
-18
-18
-18
-22
-19
-18
-21
-26
-25
-26
-19
-19
-21
-16
-18
-18
-18
-11
-6
-7
-1
2
5
6
8
8
7
12
17
23
21
22
25
24
29
26
27
28
30
38
39
38
38
38
39
46
47
51
55
52
53
52
51
49
44
43
35
34
38
34
29
27
19
20
17
17
19
15
17
5
6
9
12
19
13
15
8
7
9
11
13
13
15
18
24
29
30
31
40
46
54
57
57
56
56
60
60
62
62
61
63
68
71
75
82
85
91
97
95
94
89
83
80
75
65
70
71
73
80
85
87
85
83
78
81
79
75
66
64
62
52
50
42
36
37
30
25
25
26
32
33
30
22
21
12
3
1
-2
2
-1
-8
-10
-18
-26
-25
-25
-28
-25
-22
-24
-25
-28
-34
-34
-38
-34
-35
-40
-38
-41
-39
-42
-45
-42
-41
-40
-35
-37
-43
-43
-40
-42
-45
-50
-53
-48
-51
-55
-55
-49
-45
-44
-41
-40
-43
-48
-43
-40
-45
-49
-48
-53
-59
-61
-51
-47
-38
-42
-40
-33
-36
-33
-36
-35
-39
-37
-40
-42
-39
-41
-41
-39
-38
-39
-31
-32
-31
-28
-36
-37
-38
-43
-39
-38
-43
-41
-40
-46
-44
-44
-35
-35
-35
-34
-43
-43
-41
-40
-40
-41
-44
-38
-39
-42
-36
-35
-37
-31
-28
-30
-22
-18
-16
-13
-12
-11
-15
-14
-11
-10
-7
-8
-3
-5
-2
0
-2
-5
-4
-4
-4
3
3
0
0
4
4
10
9
8
3
-1
-4
-13
-14
-15
-15
-9
-5
-5
-6
-10
-9
-9
-7
-12
-16
-18
-22
-23
-23
-24
-29
-35
-31
-29
-30
-31
-29
-35
-34
-33
-32
-28
-28
-29
-23
-12
-16
-7
-8
-12
-12
-16
-13
-12
-9
-7
-2
-2
2
11
12
17
14
13
14
17
16
16
17
18
30
38
40
38
41
44
44
51
49
44
45
51
54
55
56
51
53
55
59
57
54
59
58
56
58
60
61
54
49
51
52
50
53
57
52
53
53
54
57
55
55
57
56
56
51
54
49
44
43
42
40
37
35
40
44
45
42
41
35
33
36
35
43
50
48
48
47
49
45
34
34
28
30
30
28
28
34
37
49
45
45
47
45
46
41
38
37
32
25
20
19
19
25
31
33
32
26
20
20
24
20
18
18
21
23
12
8
2
0
3
-1
-5
-4
-5
-8
-4
-11
-18
-26
-27
-28
-24
-17
-24
-24
-26
-32
-37
-32
-35
-40
-42
-42
-41
-39
-35
-29
-19
-18
-17
-15
-15
-22
-21
-15
-8
-8
-6
-2
-6
-2
6
7
5
4
0
3
5
8
10
11
17
24
29
25
26
21
14
9
-4
2
0
0
-2
-8
-7
-14
-18
-23
-28
-31
-37
-42
-49
-55
-60
-72
-73
-72
-70
-65
-68
-61
-63
-69
-68
-67
-72
-70
-73
-71
-67
-76
-77
-76
-69
-62
-59
-57
-61
-54
-53
-51
-47
-53
-52
-56
-53
-54
-56
-57
-63
-60
-52
-51
-43
-39
-47
-48
-51
-45
-42
-44
-48
-54
-54
-53
-47
-40
-45
-48
-47
-44
-42
-47
-42
-36
-37
-37
-38
-38
-35
-29
-26
-23
-19
-22
-20
-15
-12
-15
-13
-11
-12
-13
-17
-11
-6
-7
-6
1
7
12
5
1
-2
-4
1
0
0
-3
0
6
14
14
19
18
21
23
21
18
17
21
21
19
18
21
25
25
30
31
33
36
34
35
33
30
32
32
29
21
23
23
29
40
49
49
53
58
56
51
46
49
50
56
54
51
51
52
50
56
59
65
68
74
79
75
69
60
55
48
49
53
56
60
54
56
53
50
47
40
43
43
42
40
40
35
27
28
22
21
24
19
24
25
17
15
15
16
12
12
12
16
12
6
8
9
9
9
12
13
13
5
-1
5
8
10
13
12
10
19
15
7
4
3
11
4
5
10
12
14
20
18
26
31
32
37
42
39
38
45
41
31
28
19
16
20
14
17
19
26
28
32
34
33
34
28
19
14
8
3
3
-7
-7
-6
-9
-7
-4
3
4
-6
-4
-9
-19
-16
-14
-20
-16
-17
-17
-16
-22
-19
-21
-14
-13
-14
-11
-12
-12
-22
-26
-24
-24
-19
-18
-14
-17
-21
-21
-19
-20
-20
-23
-28
-32
-39
-37
-35
-34
-31
-26
-26
-27
-33
-32
-38
-40
-39
-39
-39
-41
-44
-44
-45
-48
-45
-41
-40
-48
-45
-45
-49
-42
-43
-45
-43
-49
-52
-54
-57
-53
-51
-50
-45
-45
-48
-50
-51
-49
-46
-44
-47
-38
-26
-26
-36
-39
-47
-43
-35
-33
-30
-27
-23
-30
-36
-38
-37
-33
-29
-29
-25
-16
-10
-7
-9
-13
-7
-5
-3
0
-4
1
-2
-3
-6
-8
-5
0
5
0
7
4
-2
-2
-4
1
4
4
5
2
1
3
5
3
2
0
-3
0
-5
-5
-6
-4
-5
-5
-8
-8
-1
3
10
8
10
13
13
14
15
16
17
11
8
6
11
13
11
13
12
14
19
17
12
8
7
12
14
19
16
20
28
21
23
24
21
25
27
32
35
32
32
30
27
28
27
32
27
27
35
36
35
39
44
41
44
48
47
46
40
32
33
37
37
35
38
30
28
29
23
21
19
22
22
20
15
11
9
10
10
9
8
7
9
10
5
0
0
-8
-3
-1
-2
0
0
2
1
3
6
5
4
2
-1
-1
-6
-3
-9
-13
-5
-12
-13
-14
-14
-13
-11
-6
-4
-5
-4
-1
-3
3
2
6
11
5
4
1
2
7
13
12
11
13
17
22
28
28
26
30
28
35
36
25
26
29
29
26
31
27
22
25
19
21
23
26
26
29
28
22
24
21
23
21
16
15
10
11
8
5
3
3
-3
-4
-9
-17
-20
-30
-33
-31
-30
-29
-25
-25
-19
-24
-19
-17
-21
-22
-28
-29
-33
-32
-33
-25
-18
-12
-5
-4
-1
3
4
-4
-2
-1
-5
-5
-2
2
0
7
12
15
14
15
20
18
15
11
10
11
11
4
0
0
-1
-1
-2
-1
-5
-8
-12
-8
-9
-8
-6
-15
-28
-32
-36
-40
-35
-29
-22
-18
-12
-8
-11
-14
-19
-19
-20
-20
-20
-24
-19
-22
-16
-12
-12
-6
0
5
5
5
13
11
7
11
19
23
23
22
23
26
31
33
33
34
36
37
33
35
32
27
21
14
19
14
7
9
4
3
2
-2
-4
-7
-9
-9
-6
-11
-17
-17
-19
-28
-26
-30
-28
-19
-21
-18
-24
-24
-25
-29
-32
-30
-28
-33
-28
-29
-38
-38
-36
-42
-42
-45
-49
-51
-50
-45
-39
-35
-33
-26
-25
-25
-25
-23
-22
-21
-21
-19
-18
-21
-24
-25
-24
-20
-21
-21
-19
-16
-20
-19
-17
-17
-8
-9
-4
-7
-13
-12
-18
-18
-14
-11
-11
-5
-1
3
1
-2
-5
-5
-2
3
4
6
11
9
16
15
18
18
15
14
11
10
9
3
3
0
2
6
9
11
12
6
2
11
11
7
6
-6
-12
-12
-13
-11
-15
-18
-18
-16
-17
-13
-8
-9
-6
-1
1
5
3
1
-1
2
1
-5
-6
-7
-4
3
2
7
9
7
9
13
13
10
4
6
10
4
-2
2
2
1
6
11
17
17
13
13
10
6
7
3
2
3
3
5
4
4
6
14
14
17
25
24
28
28
27
26
19
22
17
16
18
22
26
24
19
21
26
19
24
27
27
31
28
29
26
18
23
26
24
31
31
24
20
17
15
16
14
23
27
26
30
27
34
33
42
49
52
51
50
53
48
50
43
39
38
41
42
46
48
45
48
54
49
35
28
26
17
19
16
12
11
10
7
-2
-2
1
-1
-2
-1
0
-4
-7
-8
-7
-12
-6
-6
-6
1
-2
-6
-11
-14
-20
-21
-23
-30
-29
-29
-25
-18
-16
-14
-10
-12
-14
-19
-19
-19
-26
-24
-24
-21
-20
-19
-16
-8
-5
-4
-3
-3
-5
-5
-1
4
2
2
4
3
0
-5
-4
-2
0
-5
-1
-1
-2
-3
-5
-2
-4
-5
-3
-6
-1
5
5
5
0
-6
-12
-21
-23
-24
-27
-31
-40
-40
-37
-41
-35
-33
-31
-33
-37
-38
-40
-44
-54
-60
-63
-58
-57
-58
-61
-64
-60
-57
-54
-58
-63
-65
-66
-56
-49
-50
-44
-45
-39
-31
-29
-25
-25
-28
-32
-38
-32
-33
-36
-32
-28
-23
-23
-24
-18
-15
-18
-16
-17
-14
-16
-19
-17
-25
-21
-23
-28
-27
-32
-31
-30
-26
-23
-21
-17
-13
-4
-4
-4
-2
-7
-6
-3
-7
-10
-6
-4
-5
-5
-3
0
4
4
4
3
2
-4
0
9
7
6
13
11
8
8
4
1
3
0
-7
-3
-9
-5
-3
-8
3
8
6
13
10
11
17
10
10
9
14
14
8
7
4
9
7
13
17
16
21
22
23
19
20
26
30
29
36
34
34
32
34
39
34
36
38
32
34
32
31
38
37
41
41
41
42
40
43
39
38
36
36
46
44
43
45
42
43
43
37
37
39
45
45
42
40
39
38
36
40
40
34
39
30
24
26
19
19
23
27
26
20
20
17
12
10
1
3
5
13
20
24
25
27
25
32
32
34
37
34
35
35
35
27
30
34
37
42
43
51
57
66
71
67
69
67
66
66
56
59
54
54
52
44
43
38
42
43
51
46
45
45
42
36
27
28
22
14
15
11
9
6
5
9
8
8
4
3
-6
-12
-9
-13
-12
-15
-17
-18
-19
-24
-26
-22
-30
-29
-23
-29
-28
-28
-34
-35
-31
-31
-32
-29
-30
-38
-35
-41
-41
-36
-32
-25
-27
-25
-29
-27
-23
-22
-22
-22
-19
-16
-20
-29
-25
-26
-29
-21
-22
-16
-16
-15
-9
-7
-11
-19
-12
-16
-18
-19
-24
-28
-30
-34
-37
-32
-36
-39
-41
-41
-45
-47
-46
-43
-43
-48
-49
-60
-66
-62
-63
-62
-60
-63
-64
-65
-62
-58
-52
-53
-49
-50
-59
-61
-63
-63
-64
-61
-65
-61
-60
-68
-62
-70
-73
-70
-73
-66
-65
-59
-54
-59
-55
-54
-51
-53
-47
-42
-33
-26
-26
-30
-20
-14
-10
-3
0
4
8
16
13
20
17
17
21
23
23
21
21
20
28
29
31
26
18
20
14
12
7
3
-3
-3
0
-8
-12
-7
-6
-11
-13
-15
-16
-20
-23
-29
-29
-30
-27
-24
-28
-28
-33
-31
-28
-28
-30
-28
-30
-26
-28
-29
-27
-27
-25
-26
-31
-25
-14
-12
-7
-1
4
4
3
2
1
5
9
15
14
12
19
9
15
21
18
25
31
29
34
36
38
44
39
47
51
56
56
60
64
74
80
71
67
66
64
66
68
67
69
71
62
72
78
81
83
77
76
71
72
74
73
70
70
74
72
67
60
60
63
68
67
70
69
65
69
75
77
77
73
75
69
67
71
70
71
63
57
56
55
48
54
51
50
46
44
51
46
46
45
37
33
32
26
21
21
22
22
20
22
21
17
19
22
23
15
12
15
15
16
17
8
2
1
-3
-3
-4
2
-1
-1
-1
-4
-4
-5
0
-3
-2
-9
-19
-15
-19
-21
-22
-30
-34
-37
-45
-49
-50
-47
-45
-42
-39
-35
-38
-44
-45
-42
-41
-49
-46
-43
-39
-39
-34
-34
-35
-30
-31
-33
-31
-31
-38
-48
-50
-49
-47
-46
-50
-44
-45
-43
-40
-40
-36
-34
-31
-34
-35
-30
-34
-26
-21
-20
-26
-26
-24
-26
-29
-27
-21
-21
-19
-20
-27
-30
-27
-27
-36
-38
-39
-40
-45
-50
-48
-52
-53
-56
-62
-64
-63
-63
-67
-73
-73
-75
-72
-64
-60
-60
-55
-54
-63
-58
-54
-55
-51
-54
-55
-50
-47
-42
-34
-32
-30
-27
-23
-23
-25
-26
-23
-18
-16
-16
-11
-9
-4
-2
0
8
8
9
12
10
8
6
5
5
-4
-4
-5
2
2
-4
4
4
0
2
6
7
2
-3
-7
-8
-11
-15
-10
-7
-2
2
-3
-11
-8
-12
-13
-18
-16
-20
-24
-30
-35
-31
-42
-37
-33
-32
-25
-23
-20
-17
-14
-7
-10
-9
-13
-5
-1
-5
-3
-8
-6
-7
0
7
8
8
15
17
13
13
19
18
18
22
25
33
33
34
33
30
25
15
15
17
23
24
29
36
38
37
42
44
52
56
58
55
44
39
42
43
31
35
36
33
39
39
45
47
51
54
57
62
55
55
58
57
56
59
56
64
68
71
70
68
74
74
72
70
75
79
80
71
70
69
65
65
66
64
62
64
65
63
65
63
55
53
47
43
43
47
57
61
62
60
53
44
43
36
35
31
26
28
30
30
28
26
18
13
16
17
26
28
28
26
19
18
16
14
18
15
14
15
15
16
16
7
4
5
-7
-9
-6
-3
-2
1
3
5
4
-1
-4
-2
-1
0
2
-2
-9
-20
-22
-17
-14
-12
-14
-14
-16
-15
-13
-18
-24
-23
-29
-27
-24
-25
-28
-32
-34
-41
-41
-45
-37
-39
-31
-23
-25
-23
-28
-36
-36
-32
-29
-25
-27
-25
-26
-26
-23
-26
-28
-32
-34
-42
-45
-50
-52
-51
-58
-59
-54
-50
-45
-40
-37
-34
-43
-44
-46
-51
-52
-56
-52
-57
-61
-54
-54
-49
-43
-42
-45
-46
-46
-41
-48
-50
-53
-56
-55
-59
-53
-53
-44
-41
-36
-30
-33
-31
-34
-36
-38
-36
-41
-41
-41
-39
-30
-27
-20
-18
-13
-12
-9
-1
-5
-10
-19
-24
-25
-25
-21
-15
-18
-19
-12
-7
-2
1
6
10
9
7
5
4
-4
-7
-11
-13
-12
-12
-12
-10
-2
-6
-4
0
-1
-7
-8
-8
-10
-7
-1
-3
-9
-13
-21
-25
-28
-27
-34
-40
-40
-40
-32
-31
-31
-32
-33
-34
-37
-29
-25
-23
-23
-25
-28
-31
-27
-20
-21
-13
-13
-13
-4
7
16
27
33
39
42
37
37
39
40
42
45
40
32
35
39
33
38
37
38
37
37
45
38
38
37
29
28
33
30
34
37
35
36
39
44
39
39
40
33
32
25
16
16
17
18
22
28
23
28
33
30
32
29
35
35
34
33
29
25
28
26
24
34
29
32
30
29
28
31
32
30
27
28
29
30
23
22
18
15
14
13
16
6
4
-4
1
6
9
17
15
22
18
19
18
17
12
8
10
11
9
2
5
7
4
5
9
9
8
15
17
12
4
2
1
-2
-8
-8
-5
1
7
10
14
19
23
21
21
17
17
12
11
14
10
9
9
12
14
14
14
14
11
12
11
10
12
16
16
10
11
5
4
6
5
1
4
8
10
13
7
7
4
3
-2
-3
5
11
10
11
11
8
5
2
0
-5
-9
-9
-5
-13
-10
-3
-4
1
4
10
12
10
6
-1
-10
-10
-14
-17
-24
-29
-24
-27
-23
-20
-18
-11
-19
-25
-15
-22
-18
-20
-28
-28
-33
-32
-37
-43
-46
-46
-38
-41
-35
-43
-40
-30
-42
-43
-45
-42
-49
-47
-47
-48
-50
-53
-47
-45
-41
-38
-34
-30
-29
-28
-30
-25
-31
-31
-22
-22
-15
-14
-17
-15
-13
-14
-11
-11
-7
-7
-4
3
6
8
11
14
6
2
5
6
8
9
8
1
0
-6
-4
-3
-6
-3
1
5
0
-5
-11
-9
-10
-13
-15
-17
-17
-12
-11
-5
-12
-12
-12
-18
-15
-18
-18
-24
-29
-27
-35
-36
-34
-32
-27
-26
-20
-16
-13
-25
-28
-23
-23
-19
-19
-18
-14
-8
-7
-10
-11
-6
-12
-3
-4
1
6
5
9
8
14
13
13
12
7
12
6
1
-1
2
1
3
8
5
4
5
5
6
10
11
9
2
1
5
4
5
3
0
0
-2
-3
0
-1
3
5
11
14
12
7
8
6
5
11
5
9
2
4
7
3
10
17
23
24
28
26
34
37
32
31
28
27
29
29
27
33
33
35
32
29
29
28
31
30
39
45
45
43
44
36
28
29
28
31
31
37
37
40
38
44
51
53
55
61
58
52
45
44
37
33
39
41
43
45
48
42
46
50
45
47
42
40
40
36
34
33
32
36
37
38
41
44
45
45
43
43
39
35
36
32
23
21
19
12
12
11
9
6
9
8
6
10
11
9
10
13
6
10
18
18
19
21
18
23
20
14
13
16
20
13
15
21
21
24
28
32
39
32
29
31
24
14
4
-2
-5
-3
-3
0
4
3
5
8
12
15
9
3
-2
-6
-14
-18
-22
-27
-33
-34
-34
-34
-34
-32
-29
-30
-36
-36
-35
-39
-37
-39
-42
-48
-54
-49
-46
-46
-44
-43
-45
-45
-48
-47
-48
-41
-35
-32
-30
-32
-38
-42
-43
-42
-34
-30
-29
-30
-33
-38
-32
-33
-33
-27
-22
-19
-24
-22
-27
-30
-33
-36
-41
-45
-45
-51
-47
-43
-41
-29
-25
-28
-32
-31
-34
-44
-49
-52
-55
-61
-64
-62
-66
-69
-69
-72
-72
-73
-71
-66
-70
-75
-73
-78
-77
-77
-79
-77
-78
-81
-70
-69
-69
-66
-61
-59
-59
-45
-42
-36
-34
-34
-28
-31
-26
-25
-22
-20
-13
-6
-3
2
2
4
8
11
11
15
18
16
15
15
19
18
22
23
16
12
15
12
14
9
2
6
4
-1
-3
-6
-5
-3
-1
2
-1
-6
-13
-10
-15
-14
-13
-12
-6
-3
-2
-5
-2
0
-5
-3
-6
-7
-4
-7
1
2
4
9
7
12
12
9
17
19
22
19
11
17
18
24
29
30
33
32
31
40
44
46
51
52
55
55
54
58
51
43
41
36
38
35
34
39
41
39
41
45
49
49
47
49
52
49
48
49
46
45
48
54
54
55
55
57
55
57
57
60
61
61
68
73
79
80
77
75
70
72
75
76
77
74
73
71
65
62
69
66
63
63
57
57
60
57
57
61
56
51
45
39
33
26
24
21
20
17
16
23
25
22
22
22
20
18
14
9
4
-1
-4
-4
-5
-1
-3
-1
5
4
10
15
12
8
4
2
4
1
-1
-6
-3
6
12
19
23
24
9
10
7
6
4
-4
0
-8
-13
-15
-20
-19
-19
-19
-20
-13
-12
-10
-8
-14
-18
-29
-35
-44
-45
-40
-35
-33
-35
-40
-44
-46
-41
-48
-51
-46
-49
-50
-56
-59
-58
-56
-56
-52
-48
-46
-52
-48
-51
-50
-47
-50
-47
-48
-46
-38
-35
-38
-41
-44
-49
-43
-37
-39
-34
-31
-35
-41
-43
-49
-48
-47
-51
-44
-44
-41
-40
-44
-47
-41
-43
-45
-45
-46
-45
-48
-50
-54
-57
-54
-54
-54
-43
-44
-50
-47
-48
-46
-42
-42
-45
-47
-49
-52
-52
-42
-42
-39
-40
-45
-43
-48
-49
-44
-47
-48
-39
-34
-35
-31
-32
-30
-27
-25
-29
-30
-31
-31
-32
-34
-38
-42
-40
-40
-32
-33
-29
-24
-32
-28
-26
-25
-25
-20
-19
-16
-20
-23
-20
-21
-17
-10
-3
-1
-4
-6
1
1
2
2
4
12
15
28
30
30
29
27
26
23
31
41
44
40
49
47
50
54
56
61
60
58
54
61
58
54
51
47
50
47
43
50
46
47
51
49
42
43
37
39
40
40
43
41
43
37
33
36
30
25
24
26
23
31
38
35
35
32
37
35
36
32
29
34
27
31
28
27
22
24
25
26
27
30
38
42
49
58
65
64
71
69
66
62
64
66
68
68
63
66
60
75
77
74
73
66
71
67
71
72
70
67
63
69
72
72
66
64
64
61
56
56
46
47
49
45
54
50
42
44
42
42
36
30
28
22
21
20
14
11
9
2
-6
-17
-19
-18
-14
-12
-14
-18
-28
-29
-29
-30
-26
-27
-29
-25
-24
-27
-32
-36
-36
-32
-29
-25
-31
-30
-28
-29
-18
-16
-15
-16
-17
-13
-6
-3
-1
-1
-3
-4
0
3
1
4
3
4
7
4
6
4
3
3
1
4
-2
0
-2
3
8
-1
-6
-14
-16
-19
-23
-21
-21
-24
-26
-30
-32
-39
-43
-45
-40
-38
-42
-43
-47
-47
-51
-51
-59
-64
-64
-68
-64
-63
-63
-60
-63
-57
-57
-57
-60
-65
-60
-58
-60
-60
-56
-53
-55
-53
-57
-56
-54
-52
-55
-52
-45
-49
-44
-49
-48
-48
-52
-49
-47
-49
-45
-45
-48
-45
-47
-47
-46
-45
-43
-46
-45
-46
-48
-44
-48
-47
-51
-53
-52
-55
-54
-53
-52
-54
-54
-57
-56
-55
-49
-50
-53
-56
-62
-62
-61
-53
-51
-49
-41
-38
-33
-32
-35
-29
-24
-16
-14
-9
-10
-6
-2
-3
1
-8
-13
-12
-5
-1
4
6
11
13
15
23
17
16
15
17
21
24
27
25
23
26
33
37
48
52
53
51
54
51
46
50
49
52
48
53
54
59
59
53
55
52
47
50
49
50
52
50
57
51
57
53
49
49
47
45
38
34
35
41
38
44
41
45
51
49
53
54
47
40
38
35
31
29
27
24
24
22
26
19
15
14
10
20
19
16
8
1
0
-10
-15
-14
-11
-13
-12
-7
-2
-4
-5
1
-2
5
7
6
3
2
2
4
10
13
18
28
34
45
50
45
45
49
49
52
53
55
55
54
57
52
58
56
52
57
61
63
66
67
67
68
71
75
71
68
71
72
63
57
51
44
39
35
33
41
38
33
38
33
31
29
27
24
20
26
20
19
18
10
8
6
0
-11
-10
-10
-10
-10
-10
-4
2
1
-1
0
-3
-9
-13
-19
-25
-26
-28
-34
-36
-39
-39
-35
-32
-31
-29
-26
-21
-19
-22
-22
-25
-26
-27
-30
-34
-35
-39
-43
-46
-48
-48
-38
-33
-35
-33
-34
-40
-40
-39
-39
-35
-34
-38
-41
-42
-46
-47
-54
-56
-53
-54
-58
-55
-53
-57
-55
-56
-52
-52
-45
-42
-44
-46
-48
-42
-42
-45
-49
-47
-41
-44
-45
-42
-40
-38
-35
-29
-31
-32
-36
-32
-31
-31
-34
-37
-39
-42
-36
-30
-26
-26
-22
-25
-26
-28
-36
-37
-33
-31
-27
-28
-30
-33
-36
-32
-27
-24
-13
-9
-12
-7
-11
-10
-11
-15
-11
-11
-7
-10
-8
-7
-5
2
1
8
13
13
7
8
-1
-3
0
-3
-7
-6
-5
-6
3
2
7
5
7
17
16
14
10
7
0
-3
-1
-1
5
7
7
7
11
14
15
15
9
5
8
8
6
10
7
4
6
5
10
7
11
8
9
10
8
16
12
5
2
3
-3
-5
2
1
4
6
3
1
-9
-7
-10
-3
4
4
9
3
9
21
17
15
20
21
21
19
15
17
9
13
15
15
23
18
24
28
32
34
30
32
26
33
38
34
42
40
37
40
44
44
47
56
58
62
66
65
62
70
60
63
66
61
62
61
63
63
63
63
66
72
71
74
69
72
77
74
75
73
68
58
50
51
50
49
49
47
47
48
51
50
45
49
51
46
40
33
32
29
27
21
21
19
21
18
18
24
8
10
5
3
2
0
-1
1
-3
-11
-15
-22
-17
-14
-11
-10
-11
-11
-11
-10
-12
-16
-17
-21
-20
-28
-32
-34
-39
-32
-30
-25
-25
-25
-22
-19
-22
-24
-24
-26
-26
-23
-22
-24
-28
-36
-35
-33
-32
-31
-29
-33
-26
-23
-19
-20
-17
-21
-27
-18
-18
-23
-22
-23
-22
-23
-28
-27
-27
-27
-27
-24
-22
-23
-22
-23
-22
-24
-24
-20
-19
-21
-23
-25
-21
-23
-25
-30
-34
-22
-18
-14
-15
-13
-14
-14
-21
-27
-32
-40
-40
-41
-42
-42
-39
-36
-28
-29
-27
-29
-23
-19
-22
-18
-17
-21
-26
-28
-38
-34
-32
-31
-28
-24
-26
-22
-21
-26
-23
-21
-21
-23
-21
-18
-20
-24
-29
-30
-36
-35
-42
-46
-46
-41
-39
-38
-38
-44
-45
-48
-47
-52
-51
-55
-49
-46
-48
-50
-57
-54
-55
-54
-54
-50
-54
-47
-40
-41
-34
-32
-34
-33
-24
-21
-15
-10
-6
-4
-2
6
4
12
16
21
19
20
24
21
23
18
23
26
28
28
28
28
29
24
24
25
22
17
16
17
14
15
12
14
12
10
14
13
13
5
3
3
2
6
5
3
11
7
8
16
14
13
13
13
12
16
11
11
7
4
3
0
7
10
13
19
27
25
26
22
19
21
20
24
28
31
33
32
38
37
42
41
39
43
50
55
53
53
41
44
45
51
46
38
44
48
40
41
54
52
52
50
56
56
57
57
51
51
55
51
47
51
58
54
50
47
48
49
38
37
34
38
44
37
37
35
33
29
34
39
38
43
38
39
45
40
38
36
29
33
27
28
25
20
17
20
22
13
14
13
7
6
1
0
2
-2
-1
-6
-9
-16
-16
-14
-12
-9
-14
-18
-18
-22
-27
-36
-37
-35
-34
-35
-33
-35
-38
-34
-41
-36
-27
-26
-22
-21
-10
-9
-5
-4
-2
-1
1
9
8
2
-6
-4
-1
-12
-7
2
3
2
-4
-2
-7
-6
-11
-14
-20
-23
-25
-24
-23
-30
-28
-32
-33
-43
-54
-58
-62
-68
-68
-62
-59
-64
-64
-61
-60
-63
-62
-66
-67
-62
-67
-62
-66
-65
-68
-66
-68
-63
-54
-53
-51
-47
-37
-31
-29
-28
-28
-33
-32
-21
-25
-25
-17
-10
-5
0
8
1
6
14
19
15
10
11
5
11
8
11
25
25
30
32
38
38
25
19
14
6
0
-2
0
-4
0
10
10
7
7
7
12
7
4
-1
-4
-6
-11
-5
-9
-16
-18
-24
-36
-36
-36
-36
-30
-33
-36
-38
-41
-39
-34
-32
-24
-23
-18
-15
-15
-18
-20
-22
-21
-16
-24
-18
-15
-18
-20
-19
-12
-4
2
4
8
8
6
15
19
9
11
17
11
11
6
10
12
11
17
14
12
17
16
14
11
11
10
14
21
22
31
25
19
15
9
7
4
5
11
8
7
9
10
19
20
21
26
29
26
22
26
23
22
19
20
22
19
18
17
24
22
29
30
32
38
36
39
37
32
34
33
27
28
31
31
34
31
22
21
15
11
23
23
8
8
11
8
1
13
36
29
17
20
17
1
8
11
13
14
20
3
-9
25
34
12
11
23
15
-8
-1
29
18
-5
-3
13
-8
-14
2
16
15
1
2
-2
-15
-24
-17
-8
-3
5
9
7
4
-2
-4
-5
1
4
-3
0
11
7
4
4
3
10
4
11
24
28
32
34
29
16
9
1
2
7
12
19
21
23
29
30
27
29
30
30
29
27
27
21
27
32
29
34
31
33
32
30
24
27
28
21
20
22
15
12
16
20
17
12
9
5
3
-4
2
4
5
2
-1
2
-2
-1
-1
1
5
8
3
0
-3
-7
-12
-15
-14
-16
-11
-13
-11
-7
-12
-18
-14
-19
-27
-31
-34
-38
-44
-44
-44
-43
-43
-41
-38
-38
-38
-40
-36
-37
-42
-40
-37
-36
-38
-37
-36
-36
-38
-39
-38
-42
-45
-52
-50
-47
-47
-38
-40
-34
-30
-28
-22
-20
-15
-18
-17
-9
-4
-2
-3
-4
-10
-10
-17
-12
-7
-3
-2
-1
2
-1
3
3
9
8
-2
-2
-4
-13
-15
-19
-16
-11
-16
-14
-9
-13
-13
-11
-11
-9
-8
-9
-6
-8
-15
-16
-11
-8
-11
-5
-8
-16
-19
-23
-25
-26
-22
-21
-15
-18
-21
-23
-22
-20
-18
-18
-19
-12
-12
-14
-14
-18
-22
-27
-27
-26
-26
-17
-15
-14
-3
-10
-13
-13
-20
-20
-19
-23
-22
-23
-18
-14
-14
-5
-2
-1
-3
-5
-4
-14
-17
-12
-6
-2
-2
4
4
4
8
6
-3
-5
-7
-9
-4
-7
-4
-2
2
-3
-6
-2
5
12
11
21
24
29
32
28
28
24
21
20
25
21
23
30
25
25
28
32
27
31
32
28
28
28
30
23
16
15
21
23
26
17
19
22
19
23
28
25
25
22
30
39
33
35
33
30
29
28
23
24
16
11
11
4
5
8
16
22
20
22
28
30
23
20
23
20
16
27
32
34
35
33
24
26
24
25
26
32
37
30
31
31
32
33
28
28
25
20
26
29
32
32
31
33
33
30
31
33
28
29
21
12
11
6
6
3
7
16
19
20
16
21
17
16
12
12
16
11
15
13
12
6
3
3
2
-1
0
0
6
14
7
3
-3
-5
-5
-9
-8
-10
-7
-13
-18
-8
-8
-13
-10
-9
-8
-8
-5
-11
-20
-27
-30
-23
-27
-26
-20
-20
-25
-26
-24
-26
-31
-36
-40
-40
-49
-50
-37
-38
-52
-45
-36
-38
-41
-35
-20
-27
-30
-25
-23
-29
-27
-16
-17
-17
-3
3
0
7
9
13
19
17
8
9
13
8
11
7
6
12
15
16
21
28
27
33
33
28
15
6
4
-4
2
6
4
0
-2
-11
-14
-15
-20
-22
-24
-21
-28
-33
-41
-49
-58
-65
-65
-60
-60
-61
-65
-70
-70
-74
-66
-70
-69
-73
-56
-97
-164
-141
-87
-40
-36
-20
-3
-26
-58
-62
-64
-32
-5
-15
-22
-17
-3
-8
-18
-5
3
12
40
33
6
0
-8
-18
-22
-10
2
18
39
39
25
13
9
2
11
25
33
48
40
42
27
31
29
25
22
17
35
32
26
11
23
21
17
6
-13
-16
-17
-17
-30
-35
-33
-18
-8
-13
-13
-10
-12
-29
-41
-47
-44
-29
-17
-10
-9
-5
3
-4
-11
-8
-1
0
6
-3
6
12
16
23
26
38
47
53
49
48
48
48
47
45
47
56
59
54
55
53
57
63
67
61
65
76
66
58
52
55
56
53
51
47
50
48
38
39
39
43
44
38
46
35
30
28
26
23
18
14
12
14
9
13
10
9
7
7
13
10
11
5
0
7
12
19
33
32
25
27
27
24
22
18
21
27
25
28
26
26
23
21
24
33
37
36
34
31
30
26
29
26
21
18
21
25
17
16
18
23
23
22
17
18
21
21
17
16
17
13
14
12
6
4
4
3
8
5
3
-2
-5
0
0
-7
-6
-9
-14
-7
-12
-10
-5
-18
-27
-32
-39
-34
-38
-37
-25
-29
-27
-28
-25
-20
-22
-12
-14
-14
-12
-8
-5
-2
-8
-14
-13
-16
-15
-11
-8
-10
-11
-12
-13
-13
-17
-17
-17
-14
-11
-16
-21
-25
-22
-23
-12
-16
-13
-15
-21
-16
-24
-20
-17
-19
-22
-27
-32
-36
-40
-37
-31
-28
-20
-20
-18
-18
-25
-24
-21
-20
-26
-25
-27
-57
-70
-47
-21
-24
-28
-13
-8
-35
-47
-38
-29
-21
-28
-31
-38
-41
-41
-49
-49
-38
-34
-34
-32
-35
-45
-58
-63
-61
-50
-40
-45
-45
-42
-47
-58
-60
-58
-63
-64
-49
-39
-35
-24
-22
-25
-23
-18
-14
-13
-19
-14
-9
-14
-6
-7
1
5
4
-5
-10
-2
-7
0
5
4
12
18
19
27
22
19
12
1
-1
0
4
11
11
14
14
8
6
2
-1
-2
-2
-2
-4
-24
-29
-13
-11
-14
-12
-2
3
-11
-14
-11
6
6
-6
-4
4
5
-9
-25
-7
2
6
11
9
9
0
-4
-6
9
26
29
26
29
32
24
18
14
10
20
23
27
38
48
49
47
51
52
55
54
61
64
74
81
82
88
86
83
72
61
60
66
67
56
57
67
65
62
52
56
50
46
48
48
40
31
21
8
5
-4
-3
-1
8
12
17
20
7
10
2
-6
-2
2
5
10
11
16
15
13
20
27
33
44
50
45
50
37
45
40
41
42
41
45
41
49
46
42
37
41
36
33
29
22
19
16
18
15
19
23
20
18
14
18
23
25
17
14
18
10
13
8
1
-1
-6
-6
0
0
-12
-19
-23
-26
-24
-25
-22
-22
-24
-25
-26
-24
-28
-29
-34
-30
-30
-32
-35
-29
-30
-24
-29
-32
-28
-26
-19
-20
-8
-8
-10
-15
-15
-16
-20
-23
-22
-24
-24
-26
-33
-32
-31
-23
-22
-18
-20
-18
-17
-23
-22
-26
-34
-35
-37
-37
-37
-38
-46
-45
-42
-42
-34
-32
-32
-29
-22
-22
-28
-36
-46
-47
-46
-46
-43
-47
-47
-47
-48
-47
-43
-46
-47
-38
-39
-35
-38
-44
-49
-47
-40
-37
-36
-30
-26
-27
-25
-23
-23
-26
-28
-33
-34
-34
-29
-24
-21
-23
-24
-29
-26
-19
-22
-23
-18
-22
-26
-27
-26
-23
-21
-17
-16
-13
-21
-19
-22
-23
-20
-21
-28
-27
-28
-29
-27
-23
-17
-18
-11
-6
-11
-14
-10
-8
-8
-8
-13
-18
-15
-16
-16
-12
-9
-9
-4
3
4
-2
-2
-7
-1
2
-1
-2
-5
-1
-2
-3
3
5
1
8
15
15
19
23
26
27
22
15
18
15
16
17
13
8
6
2
4
6
3
4
10
7
12
7
3
9
12
17
25
29
32
38
39
42
37
36
39
40
47
49
48
53
58
57
61
68
69
69
58
57
61
61
60
61
64
60
55
54
50
46
50
50
41
29
30
33
32
33
29
31
31
36
32
27
30
25
23
22
17
12
17
26
35
37
34
26
27
21
21
19
19
21
19
16
16
11
10
15
10
12
12
13
13
14
17
15
13
15
17
18
18
21
25
22
26
30
34
24
20
19
17
22
21
20
20
27
29
35
35
35
37
33
37
32
40
40
39
37
39
42
31
30
29
24
33
34
30
28
27
23
14
7
12
12
12
9
-3
-4
-10
-14
-20
-27
-25
-26
-26
-27
-31
-30
-26
-23
-27
-25
-33
-39
-38
-40
-35
-27
-29
-32
-30
-30
-33
-29
-28
-23
-15
-16
-20
-21
-16
-18
-16
-17
-14
-19
-29
-29
-32
-29
-31
-31
-33
-39
-35
-32
-30
-33
-35
-30
-30
-28
-33
-33
-34
-37
-30
-30
-34
-36
-37
-42
-43
-41
-39
-36
-41
-37
-35
-40
-42
-42
-49
-46
-41
-41
-37
-41
-44
-49
-54
-52
-49
-52
-51
-45
-48
-44
-47
-43
-36
-37
-35
-41
-34
-32
-36
-39
-41
-43
-45
-39
-38
-41
-32
-26
-25
-21
-17
-21
-19
-15
-6
2
5
6
1
-9
-14
-10
-11
-5
-7
-7
-3
-7
-9
-9
-14
-13
-19
-15
-7
-2
1
-2
4
6
5
1
-4
-6
-4
-1
5
12
14
15
10
6
10
9
15
15
7
10
2
-4
-6
-12
-10
-1
1
10
15
13
11
5
4
-2
-6
-11
-15
-12
-11
-8
-16
-13
-4
-12
-16
-15
-16
-14
-13
-20
-21
-22
-20
-22
-25
-26
-23
-14
-21
-24
-17
-16
-14
-10
-3
-1
4
7
12
18
25
28
28
23
18
18
22
32
32
34
30
25
29
33
35
39
38
39
31
30
35
28
26
26
27
25
28
25
24
25
21
27
33
30
25
23
18
20
23
27
32
31
31
22
21
24
25
27
24
26
31
35
36
30
32
34
34
35
30
34
37
34
38
37
31
34
37
30
31
31
31
28
27
21
19
22
21
22
24
30
24
20
20
20
23
21
29
32
35
37
37
38
39
41
43
34
34
38
35
38
36
32
24
19
25
28
29
29
28
32
31
30
19
14
12
7
4
7
11
16
20
18
25
20
17
21
21
21
18
18
16
13
6
10
7
1
4
0
1
4
6
3
-4
-11
-10
-15
-14
-14
-14
-14
-13
-17
-17
-20
-17
-15
-21
-20
-30
-28
-26
-23
-18
-20
-23
-26
-32
-32
-37
-40
-33
-34
-36
-41
-42
-48
-47
-42
-45
-43
-43
-43
-45
-48
-57
-59
-72
-75
-67
-69
-67
-65
-63
-64
-62
-56
-53
-43
-41
-40
-40
-41
-43
-48
-37
-37
-37
-33
-37
-35
-38
-37
-31
-31
-27
-19
-22
-20
-21
-23
-30
-38
-34
-34
-28
-30
-31
-22
-29
-28
-26
-23
-21
-21
-24
-21
-18
-20
-30
-35
-31
-32
-29
-33
-33
-34
-36
-32
-34
-36
-38
-38
-36
-31
-26
-27
-26
-23
-23
-19
-17
-16
-12
-9
-6
0
11
7
7
12
12
11
11
16
22
19
20
20
20
21
19
18
21
25
27
31
42
46
44
44
41
50
45
45
46
44
43
45
48
45
44
40
37
35
34
26
21
16
13
15
10
10
15
9
5
6
1
5
6
4
1
0
4
2
-2
-3
2
6
8
14
11
14
16
12
4
3
0
1
1
3
5
7
13
18
20
23
25
27
28
32
31
25
22
22
24
25
27
26
27
32
27
31
32
39
45
39
42
38
33
32
30
37
39
41
42
36
38
39
40
31
29
38
37
41
39
40
39
40
40
35
39
27
27
25
18
17
20
25
26
29
26
25
27
30
32
33
32
30
29
24
22
22
21
21
21
18
18
17
10
9
15
10
7
1
-7
-11
-9
-2
-13
-10
-2
-3
-4
-3
-3
-10
-8
-6
-3
-6
-11
-13
-14
-16
-17
-12
-2
-1
-2
-4
-6
-3
-6
-6
-9
-9
-10
-7
-1
2
3
6
7
4
-1
-6
-10
-8
-8
-5
-1
2
6
10
17
18
16
14
9
5
-7
-12
-16
-21
-20
-23
-27
-29
-27
-20
-16
-14
-7
-4
-4
-9
-15
-18
-24
-30
-32
-40
-45
-40
-36
-40
-41
-37
-35
-36
-31
-32
-33
-39
-44
-41
-49
-44
-37
-41
-41
-41
-37
-35
-36
-36
-40
-43
-43
-42
-42
-41
-42
-37
-33
-32
-31
-25
-22
-18
-18
-19
-14
-20
-13
-10
-40
-38
-17
0
-13
-18
13
9
-22
-18
-3
2
-8
-17
-11
-3
-5
-14
-14
-6
-9
-17
-15
-6
-14
-36
-40
-38
-35
-41
-43
-34
-25
-28
-34
-36
-28
-31
-39
-32
-27
-30
-34
-36
-41
-36
-42
-50
-42
-36
-31
-27
-16
-12
-12
-17
-15
-13
-19
-18
-15
-15
-10
-8
-2
6
8
15
16
23
24
17
23
29
25
24
23
23
27
29
33
27
29
24
24
22
21
29
17
18
14
16
19
18
29
26
25
26
24
14
8
8
4
2
4
14
12
11
14
18
25
31
38
34
25
18
17
17
13
7
4
8
13
15
18
20
25
27
27
26
28
24
21
23
24
26
17
10
10
5
7
11
20
25
21
17
17
18
15
26
24
17
21
11
6
4
-2
-1
1
1
2
10
12
11
13
15
9
10
8
6
11
13
18
17
13
18
24
28
32
31
30
31
32
32
31
35
34
32
32
29
38
42
39
41
34
36
42
42
41
42
46
43
47
44
37
36
25
26
29
22
17
17
13
11
1
-8
-2
-2
2
-1
-8
-9
-14
-15
-22
-21
-23
-33
-31
-44
-44
-36
-35
-33
-35
-30
-23
-18
-15
-5
-3
-1
-2
-1
-2
4
12
13
10
3
11
17
21
25
28
27
29
32
25
28
23
22
26
25
22
17
16
16
20
18
20
18
15
15
10
6
-1
-2
-4
-2
-5
-5
-3
-8
-7
-14
-7
-6
-10
-16
-23
-24
-31
-44
-50
-48
-49
-52
-48
-38
-37
-35
-32
-27
-29
-20
-24
-30
-39
-43
-40
-48
-43
-41
-45
-43
-39
-36
-34
-37
-33
-26
-27
-22
-25
-24
-20
-23
-19
-23
-24
-27
-26
-22
-24
-31
-34
-32
-28
-22
-20
-19
-19
-16
-11
-10
-9
-11
-8
-7
-15
-25
-22
-17
-20
-22
-25
-28
-27
-31
-35
-29
-28
-23
-26
-27
-22
-18
-15
-16
-17
-22
-14
-12
-7
-4
-12
-13
-10
-6
-1
5
4
5
0
-4
1
1
-2
-1
1
4
-2
-7
-10
-9
-8
-7
-5
-9
-3
-3
-8
-5
-5
-4
-6
-6
0
3
-11
-12
-16
-17
-14
-18
-16
-14
-7
1
1
5
7
5
5
2
5
5
2
3
2
3
3
4
10
12
15
18
18
19
11
7
5
7
12
9
10
7
5
6
4
7
9
4
-1
3
10
11
7
1
0
2
5
5
2
-1
-5
-9
-7
-4
5
10
14
15
18
17
19
17
17
18
10
2
2
5
5
15
17
17
20
27
32
29
31
34
32
31
33
34
35
37
41
42
43
46
41
43
45
51
55
54
61
60
62
61
62
62
56
63
59
59
70
74
70
74
78
71
74
70
71
74
65
64
68
59
53
48
44
47
44
46
48
44
42
39
35
32
27
25
22
18
8
3
5
1
-4
-10
-18
-23
-18
-21
-21
-17
-22
-25
-28
-31
-25
-29
-36
-31
-34
-33
-28
-20
-19
-17
-16
-18
-11
-11
-7
-6
-9
-10
-3
-2
-2
1
3
6
-3
-1
2
0
12
10
16
22
14
14
8
10
5
7
9
2
1
-1
-3
-14
-15
-19
-16
-16
-19
-15
-19
-23
-21
-23
-34
-37
-39
-43
-42
-40
-41
-47
-52
-57
-59
-61
-63
-61
-57
-57
-53
-55
-58
-51
-48
-42
-37
-41
-39
-40
-40
-37
-33
-37
-32
-32
-24
-14
-15
-13
-20
-17
-13
-12
-15
-22
-16
-14
-17
-16
-17
-15
-10
-8
-11
-17
-20
-26
-27
-25
-28
-34
-37
-35
-37
-36
-32
-36
-32
-35
-33
-27
-34
-31
-32
-39
-36
-34
-35
-27
-22
-28
-25
-21
-22
-25
-25
-21
-27
-18
-14
-11
-10
-13
-15
-21
-14
-10
-16
-13
-15
-23
-24
-33
-36
-36
-33
-23
-25
-32
-23
-23
-31
-29
-27
-26
-32
-32
-37
-44
-34
-32
-29
-27
-26
-22
-17
-17
-9
-8
-12
-8
-4
4
5
14
17
11
3
3
10
16
29
31
37
36
39
41
39
41
41
39
35
37
29
28
27
30
39
44
49
47
43
47
45
45
41
42
38
40
43
40
40
34
37
36
37
42
48
47
42
39
36
31
30
33
33
39
44
42
44
41
41
34
24
25
19
25
28
29
33
27
30
29
34
38
38
39
37
40
32
33
30
27
34
32
35
39
44
42
41
40
39
38
38
31
27
34
31
39
38
33
34
27
25
28
30
30
32
23
18
12
1
-3
-10
-11
-5
-4
-9
-12
-8
-11
-12
-14
-21
-21
-16
-14
-13
-14
-17
-23
-20
-12
-14
-6
-5
-8
-4
1
3
6
7
6
7
3
0
5
6
13
13
6
17
19
19
17
18
20
19
23
21
17
19
19
15
14
12
9
-2
-3
-6
-13
-13
-9
-5
-1
3
4
-4
-7
-12
-9
-6
-8
-3
-3
-6
-9
-13
-22
-26
-25
-24
-23
-22
-18
-20
-21
-22
-24
-28
-24
-14
-19
-25
-27
-29
-37
-42
-49
-51
-45
-43
-39
-34
-34
-41
-43
-42
-43
-40
-43
-42
-35
-39
-38
-37
-42
-42
-40
-36
-32
-28
-27
-32
-37
-35
-39
-36
-39
-40
-48
-48
-45
-44
-35
-35
-32
-30
-31
-36
-35
-31
-32
-28
-32
-30
-30
-32
-31
-26
-27
-25
-13
-16
-19
-20
-22
-25
-25
-27
-23
-20
-19
-12
-17
-11
-15
-21
-20
-22
-20
-19
-19
-25
-20
-17
-14
-19
-19
-14
-19
-18
-15
-14
-11
-9
-9
-7
-10
-12
-7
-1
-2
0
0
8
14
17
16
13
21
25
28
26
28
30
29
28
23
18
15
15
12
13
14
13
14
16
13
13
10
5
9
14
17
21
22
20
21
14
7
7
3
4
7
15
24
25
29
32
33
34
40
36
39
41
37
40
36
31
21
26
38
43
46
46
46
42
48
56
59
58
60
61
48
42
41
39
38
40
39
41
42
34
34
26
27
24
27
20
15
16
13
17
11
8
7
9
9
5
11
7
5
3
1
0
-4
3
6
8
14
7
7
3
1
2
-1
0
5
7
7
8
4
7
15
17
21
27
26
26
23
21
28
27
28
33
33
32
34
29
33
28
29
30
25
27
20
14
5
4
4
-1
-1
10
10
8
13
12
11
4
7
3
0
2
-2
-6
-9
-17
-15
-8
0
5
6
8
0
-1
-4
0
4
4
8
7
9
-2
-7
-14
-13
-3
1
12
15
10
5
-1
-2
4
14
18
18
12
10
10
4
0
-6
-8
-7
-5
-7
-8
-5
-4
-8
-8
-11
-8
-6
-6
-9
-17
-24
-35
-40
-44
-41
-39
-40
-40
-47
-40
-38
-46
-44
-50
-49
-49
-47
-41
-37
-35
-31
-32
-30
-36
-41
-39
-39
-26
-27
-28
-31
-34
-33
-33
-22
-12
-8
-7
-10
-14
-15
-17
-9
-7
-10
-11
-11
-9
-11
-19
-23
-25
-18
-26
-29
-32
-39
-36
-44
-45
-46
-45
-46
-47
-43
-44
-37
-36
-36
-38
-41
-47
-45
-46
-44
-35
-34
-33
-28
-30
-26
-30
-32
-32
-36
-33
-33
-40
-36
-34
-35
-32
-24
-14
-13
-12
-14
-8
-8
-7
-10
-1
4
-4
0
-1
9
11
9
15
20
21
21
21
27
34
31
30
29
25
26
24
22
25
24
21
13
12
6
1
-1
-3
-7
-10
-10
-11
-19
-25
-31
-27
-22
-25
-22
-27
-31
-31
-38
-40
-39
-35
-25
-33
-29
-27
-26
-16
-15
-5
-9
-6
2
12
19
18
22
25
22
31
39
41
45
42
43
43
40
40
45
56
58
54
51
49
49
48
50
53
53
47
42
41
39
36
36
30
25
27
27
26
17
16
21
18
14
17
15
9
10
7
8
7
7
11
17
14
14
12
14
12
9
15
13
10
6
7
3
0
6
4
9
10
7
5
8
8
10
16
20
32
36
39
39
40
37
41
48
50
50
44
49
51
59
57
50
47
38
30
33
30
35
40
34
43
43
45
49
47
48
47
49
46
43
38
30
31
36
40
33
25
25
18
16
17
7
3
-1
-1
-3
-2
2
1
-5
0
0
-1
-2
-9
-5
-8
-14
-19
-19
-33
-37
-39
-36
-30
-34
-30
-39
-47
-49
-48
-48
-42
-38
-39
-39
-40
-39
-37
-32
-29
-32
-30
-31
-32
-33
-33
-31
-28
-34
-36
-36
-29
-21
-22
-20
-19
-20
-24
-24
-25
-29
-22
-18
-21
-20
-19
-17
-21
-15
-14
-6
-4
-5
-5
-8
1
-1
-3
-5
-7
-11
-14
-10
-8
-17
-16
-22
-22
-19
-31
-31
-32
-28
-38
-48
-50
-61
-68
-71
-73
-67
-71
-73
-76
-77
-74
-75
-67
-62
-58
-51
-47
-47
-41
-34
-34
-34
-30
-18
-12
-16
-18
-24
-29
-30
-26
-19
-12
-5
0
2
6
8
8
12
22
30
30
31
30
22
20
23
22
22
28
32
29
23
22
14
12
13
16
15
16
20
19
19
8
-1
-3
0
5
1
2
1
-2
-1
-12
-16
-16
-20
-21
-24
-34
-30
-31
-31
-23
-15
-13
-10
-9
-13
-12
-22
-27
-23
-19
-20
-26
-27
-30
-36
-37
-35
-26
-19
-13
-7
-1
-4
0
5
8
13
20
19
24
35
33
34
36
43
48
49
52
58
62
64
63
66
63
64
61
61
62
60
58
54
52
58
59
56
53
56
60
65
69
66
62
52
48
53
52
49
49
48
44
38
38
34
36
27
27
30
23
25
16
12
11
18
24
26
30
33
34
33
31
24
21
15
22
22
22
24
18
18
14
17
22
22
26
25
26
22
19
12
4
1
-1
-5
0
4
5
11
5
13
15
11
11
11
15
17
14
12
7
3
-2
2
6
14
18
18
14
12
6
8
12
11
20
21
22
19
20
13
11
10
5
12
14
16
12
10
2
-2
-8
-15
-17
-16
-14
-19
-16
-15
-18
-20
-17
-20
-22
-27
-27
-31
-40
-45
-46
-45
-49
-51
-48
-43
-40
-39
-37
-37
-38
-39
-50
-45
-40
-39
-41
-42
-39
-34
-34
-41
-44
-36
-29
-26
-27
-33
-26
-26
-24
-21
-13
-8
-2
0
-5
2
0
3
7
9
16
19
27
31
28
23
22
24
24
24
25
21
21
16
8
5
8
12
10
9
11
6
1
-9
-19
-25
-34
-33
-26
-35
-41
-42
-50
-60
-64
-63
-63
-69
-71
-73
-80
-81
-85
-86
-86
-87
-81
-69
-65
-64
-61
-61
-60
-60
-58
-52
-53
-51
-47
-45
-52
-51
-46
-42
-35
-34
-26
-15
-11
-5
-5
-1
0
3
7
8
19
21
17
12
18
28
26
32
32
31
36
33
36
46
45
44
45
47
50
44
36
34
38
32
26
30
26
25
23
16
17
18
24
30
34
39
38
32
33
26
22
15
3
2
-2
-6
-7
-7
-5
-8
-10
-6
-15
-17
-14
-19
-24
-34
-36
-30
-31
-27
-29
-24
-22
-21
-18
-14
-7
0
8
11
10
14
18
20
20
22
31
37
44
39
32
40
47
46
50
60
69
71
74
73
68
71
66
61
63
62
63
64
61
59
52
49
52
50
46
48
40
34
37
30
29
31
25
21
16
15
14
13
10
6
4
3
-5
-13
-16
-24
-28
-25
-24
-29
-30
-23
-29
-31
-34
-35
-36
-34
-29
-33
-32
-29
-29
-27
-25
-16
-6
-5
6
9
5
4
5
12
19
25
31
40
42
44
46
48
51
59
69
69
72
68
64
61
59
59
60
59
59
61
55
54
54
51
50
43
40
38
32
30
27
14
5
4
-3
4
7
3
5
-5
-9
-16
-23
-35
-47
-52
-58
-56
-57
-60
-59
-55
-52
-55
-48
-47
-47
-48
-57
-57
-60
-61
-61
-58
-58
-57
-50
-45
-43
-39
-35
-36
-31
-35
-37
-36
-42
-43
-42
-39
-37
-31
-35
-28
-23
-25
-27
-27
-28
-27
-24
-23
-21
-22
-22
-24
-24
-30
-24
-20
-8
-4
-16
-22
-27
-34
-30
-24
-30
-28
-32
-25
-21
-24
-29
-30
-34
-32
-28
-33
-30
-34
-36
-34
-40
-38
-42
-39
-31
-33
-33
-40
-40
-41
-49
-41
-36
-33
-31
-41
-43
-45
-44
-35
-25
-20
-21
-19
-21
-19
-11
-6
-1
2
-5
-4
3
2
6
7
9
15
19
16
17
21
26
34
40
44
50
50
49
48
38
37
34
28
25
25
33
33
29
28
29
29
29
28
19
23
18
14
10
4
1
-1
-1
-1
-8
-6
-5
-5
0
0
-3
-6
-6
-10
-2
4
5
9
4
0
-4
-6
-10
-20
-25
-22
-17
-10
-7
-9
-2
-3
-7
-12
-15
-9
-8
-9
-4
-3
-3
-5
-5
5
13
13
18
19
15
27
33
35
39
34
37
32
35
39
41
48
45
39
38
37
39
44
40
45
41
39
37
30
29
29
31
28
30
36
42
45
42
36
37
37
33
29
27
24
23
24
26
28
36
40
44
42
45
47
46
39
33
36
47
50
54
58
53
48
43
42
41
45
42
45
42
36
30
20
20
24
27
34
32
29
33
20
12
13
14
12
14
12
7
6
-6
-9
-3
7
10
13
17
16
17
14
12
9
11
6
7
6
6
-4
-12
-4
-4
-3
-5
-6
2
0
0
3
4
4
-1
-1
-7
-2
2
3
5
0
1
-9
-13
-12
-21
-23
-25
-25
-18
-19
-18
-11
-12
-20
-17
-16
-15
-10
-10
-6
-10
-15
-20
-22
-23
-18
-18
-20
-18
-16
-14
-24
-23
-35
-42
-41
-46
-50
-46
-41
-47
-50
-56
-57
-57
-53
-50
-47
-41
-41
-49
-52
-57
-58
-55
-51
-46
-43
-42
-43
-52
-65
-61
-54
-35
-29
-24
-30
-20
-35
-54
-47
-56
-43
-36
-41
-40
-34
-43
-44
-39
-37
-22
-20
-19
-9
-25
-33
-30
-32
-28
-17
-7
9
9
-3
-4
-12
-21
-28
-21
-11
-13
-18
-17
-27
-34
-31
-34
-28
-22
-10
-6
-4
-13
-27
-29
-32
-30
-30
-30
-30
-31
-43
-51
-50
-41
-32
-24
-22
-16
-17
-18
-23
-24
-14
-16
-5
0
3
-1
-10
-14
-8
-5
-9
-11
-7
-8
-12
-17
-20
-16
-22
-21
-14
-10
-7
-2
2
3
4
5
13
16
26
29
28
28
23
19
18
18
28
33
28
35
35
35
30
27
25
20
24
29
31
26
22
18
10
11
6
8
15
17
19
21
22
16
7
1
5
5
11
14
17
16
13
15
15
16
17
16
17
18
19
21
12
9
9
3
5
9
12
14
15
19
22
21
26
31
39
39
39
43
46
43
39
40
42
43
48
49
53
52
52
53
56
59
54
60
66
69
71
73
74
73
68
77
81
79
76
72
74
75
83
84
81
76
74
77
77
78
72
69
70
63
62
56
44
37
34
32
34
38
33
27
22
18
10
3
-1
-6
-5
-9
-12
-20
-25
-29
-29
-25
-34
-32
-32
-32
-32
-36
-39
-36
-43
-43
-39
-38
-35
-34
-30
-32
-33
-29
-27
-28
-24
-20
-22
-22
-24
-31
-28
-30
-23
-26
-26
-18
-24
-21
-23
-20
-15
-10
-10
-12
-13
-19
-28
-40
-39
-35
-35
-34
-26
-25
-25
-23
-25
-20
-22
-27
-26
-23
-24
-33
-37
-39
-49
-56
-54
-55
-46
-50
-52
-41
-39
-34
-30
-39
-37
-37
-40
-40
-43
-39
-40
-45
-40
-34
-31
-25
-22
-25
-24
-28
-24
-27
-28
-21
-22
-25
-29
-27
-27
-20
-16
-9
-6
-16
-20
-24
-26
-26
-25
-24
-18
-18
-23
-18
-19
-21
-18
-10
-6
-5
-8
-12
-15
-16
-24
-24
-20
-15
-11
-9
-1
-1
-3
-2
1
-3
0
11
11
6
1
-1
-4
-4
-11
-5
3
4
0
1
-2
-1
3
-4
-7
-10
-18
-16
-19
-24
-24
-30
-38
-41
-42
-46
-46
-40
-32
-31
-28
-33
-29
-30
-28
-24
-22
-13
-12
-19
-16
-22
-27
-19
-20
-12
-5
1
10
8
3
2
0
4
10
6
12
23
24
31
31
26
30
30
31
36
43
43
49
53
51
48
49
51
53
55
54
51
51
48
43
41
45
51
45
41
40
42
41
37
33
41
41
41
39
30
36
40
36
40
37
34
32
37
38
28
23
19
18
19
18
17
23
24
19
23
23
21
29
25
24
22
21
14
15
16
19
29
29
33
42
42
39
34
28
34
36
38
43
48
52
55
57
52
54
59
53
49
49
45
46
48
49
57
62
61
63
59
57
60
59
55
62
60
48
41
28
16
8
2
3
3
-2
-4
-2
-1
-7
-14
-14
-22
-21
-15
-17
-18
-23
-33
-41
-48
-51
-46
-48
-36
-31
-34
-26
-32
-40
-43
-44
-39
-41
-44
-39
-43
-50
-53
-58
-69
-63
-54
-47
-31
-26
-32
-35
-40
-50
-46
-39
-34
-26
-21
-24
-29
-29
-37
-36
-23
-10
-1
9
17
13
3
-4
-6
-3
3
13
13
11
15
14
12
12
10
7
10
10
7
6
1
-3
-8
-9
-11
-10
-16
-19
-26
-32
-28
-31
-24
-24
-22
-28
-41
-44
-43
-39
-35
-38
-42
-41
-42
-44
-44
-33
-33
-32
-28
-32
-29
-30
-21
-18
-16
-10
-15
-18
-20
-24
-26
-20
-22
-15
-17
-15
-16
-16
-18
-26
-14
-14
-11
7
10
9
8
4
3
-6
-7
1
19
17
11
15
18
7
-3
3
5
9
11
17
13
4
-8
-14
-7
-11
-11
-11
-14
-20
-27
-32
-32
-34
-29
-35
-29
-27
-32
-31
-41
-35
-35
-38
-35
-38
-38
-28
-27
-37
-42
-37
-36
-28
-23
-16
-16
-14
-8
-11
-11
-5
-5
-4
1
8
9
5
11
9
10
8
9
8
12
14
15
17
17
14
11
11
9
13
13
21
14
9
9
10
12
15
15
12
19
22
24
19
12
12
10
13
23
26
24
22
21
22
26
25
24
28
35
40
43
42
45
41
28
26
23
26
26
32
31
27
36
36
38
45
44
39
37
34
27
27
29
28
24
25
22
21
27
26
28
29
25
23
32
36
29
25
16
11
7
9
16
22
20
21
29
31
36
34
35
31
31
30
31
29
20
18
18
19
14
18
16
17
23
31
26
26
22
12
4
1
0
0
0
3
-5
-8
-6
-9
2
-6
-8
-4
-3
-4
-8
-8
-20
-24
-21
-13
-8
-4
-4
-4
-11
-8
-16
-16
2
1
0
-4
-9
-7
-11
-13
-4
1
6
7
12
7
2
-7
-11
-1
0
3
9
11
9
8
-2
1
10
6
6
16
13
7
6
2
6
15
23
30
27
19
18
5
-7
-3
1
1
3
5
9
15
11
7
12
11
7
-3
-11
-16
-33
-35
-37
-39
-35
-40
-42
-33
-32
-40
-39
-36
-36
-36
-35
-31
-36
-48
-54
-48
-51
-51
-40
-38
-31
-29
-32
-36
-34
-35
-28
-23
-21
-24
-29
-40
-43
-39
-37
-33
-38
-33
-35
-36
-33
-37
-43
-38
-36
-39
-36
-38
-41
-45
-44
-43
-45
-47
-48
-55
-57
-51
-42
-42
-43
-43
-40
-34
-36
-35
-26
-32
-40
-32
-25
-22
-28
-26
-23
-30
-29
-25
-11
-13
-15
-10
-16
-15
-16
-15
-15
-4
-1
7
14
10
9
12
5
-1
5
5
14
15
11
15
23
16
10
14
16
21
24
28
26
18
12
10
24
30
34
33
38
35
29
27
29
38
35
36
41
41
34
25
19
6
5
6
10
18
7
5
4
-7
-17
-18
-10
-6
-3
2
-2
-8
-12
-18
-23
-14
3
13
22
21
21
8
5
7
7
16
18
23
26
26
20
23
17
20
28
31
36
39
36
33
34
33
38
38
43
48
52
56
51
47
43
39
36
40
44
42
44
45
33
38
33
29
36
43
48
37
36
35
34
37
33
32
31
27
18
19
26
29
32
38
38
35
34
30
33
36
43
43
41
48
52
49
49
44
45
49
40
43
54
48
37
33
34
37
35
32
34
42
30
24
31
30
32
33
31
32
29
22
21
19
14
10
7
6
1
-7
-17
-13
-15
-20
-18
-14
-12
-9
-10
-8
-11
-19
-31
-31
-28
-30
-27
-24
-16
-16
-21
-26
-21
-23
-15
-11
-10
-6
-19
-22
-21
-27
-29
-31
-28
-17
-17
-8
0
1
7
-3
-4
2
4
9
7
7
11
11
5
4
8
9
6
0
1
-7
-17
-27
-35
-36
-37
-39
-35
-39
-44
-42
-44
-47
-52
-55
-56
-55
-51
-56
-65
-64
-62
-62
-65
-60
-51
-55
-56
-52
-57
-60
-51
-47
-48
-47
-44
-45
-45
-46
-46
-34
-36
-44
-44
-41
-44
-39
-34
-39
-30
-38
-43
-35
-31
-26
-14
-18
-20
-16
-20
-26
-19
-20
-23
-16
-17
-21
-20
-20
-30
-35
-39
-41
-39
-36
-33
-29
-32
-39
-38
-38
-34
-29
-21
-17
-12
-9
-16
-22
-29
-29
-26
-24
-20
-21
-13
-13
-16
-18
-17
-16
-13
-4
-6
-2
-4
-7
-15
-12
-14
-16
-17
-12
1
9
4
0
0
-11
-3
-3
-10
-2
1
-5
-2
-3
-8
-2
-8
-8
1
6
5
4
-2
-9
-13
-12
-7
-3
-1
1
6
15
21
25
30
29
27
23
26
30
30
32
32
38
40
45
49
47
47
41
35
36
39
37
37
33
29
35
39
45
55
63
65
64
65
71
67
59
55
54
52
53
65
57
50
51
46
43
39
35
32
26
19
18
16
19
19
28
25
23
26
29
29
21
20
15
19
20
26
28
21
19
25
27
34
40
43
45
43
40
30
22
18
22
34
44
47
55
51
38
35
36
35
44
49
50
51
56
53
46
39
29
36
38
42
45
38
22
20
18
9
15
15
21
34
28
21
16
8
-4
-5
0
7
12
11
1
-7
-14
-21
-20
-20
-6
-4
1
6
-2
-13
-13
-17
-15
-7
-9
-8
-16
-24
-25
-13
-18
-13
-6
-12
-22
-26
-20
-20
-31
-41
-43
-46
-45
-45
-38
-33
-26
-25
-32
-30
-37
-42
-50
-52
-45
-47
-55
-56
-58
-53
-53
-49
-37
-25
-21
-25
-23
-25
-37
-47
-52
-58
-53
-56
-58
-57
-57
-53
-53
-54
-48
-39
-36
-29
-33
-34
-33
-41
-50
-43
-43
-42
-38
-41
-38
-40
-40
-40
-36
-29
-28
-28
-27
-25
-20
-19
-18
-16
-16
-17
-18
-20
-20
-16
-15
-13
-16
-12
-10
-13
-8
-4
-10
-17
-20
-17
-15
-25
-23
-35
-38
-39
-37
-33
-37
-39
-38
-31
-34
-33
-23
-17
-19
-15
-11
-13
-13
-9
-12
-13
-5
4
15
13
14
8
5
8
10
10
12
13
16
18
13
5
4
15
26
32
37
35
32
26
19
6
11
13
16
22
22
19
7
0
-11
-13
-7
0
6
6
2
0
0
3
-9
-12
-7
-6
1
1
-3
-6
-20
-32
-26
-17
-6
5
13
16
14
12
15
15
14
11
12
14
10
3
3
2
7
16
16
20
24
26
18
24
24
23
24
30
27
26
24
15
19
23
31
43
49
43
45
46
41
36
31
42
49
51
50
43
40
36
40
46
45
43
37
31
37
47
44
29
33
46
52
48
52
53
47
45
49
54
58
57
48
58
53
48
37
37
32
29
32
37
38
35
27
11
7
-4
0
-2
-3
5
6
15
11
8
9
13
18
19
12
10
6
-8
-15
-19
-22
-15
-13
-13
-10
-10
-17
-15
-10
-11
-8
-8
-8
-3
-2
-5
-6
-6
3
-2
-4
-2
-3
2
1
1
5
4
7
8
7
5
13
13
6
13
11
11
7
-2
-3
-6
-9
-3
2
1
5
8
12
6
3
-1
-1
-2
-13
-15
-10
-2
-1
2
0
-14
-11
-10
-15
-9
-3
-3
-5
-8
-11
-10
-15
-22
-27
-18
-16
-18
-16
-24
-30
-30
-31
-30
-20
-20
-30
-28
-29
-33
-41
-43
-45
-43
-43
-52
-55
-60
-69
-65
-61
-55
-49
-43
-40
-33
-25
-24
-20
-21
-21
-24
-33
-29
-28
-26
-25
-23
-16
-14
-13
-1
13
17
15
17
16
10
3
-8
-8
-4
-4
-8
-15
-16
-11
-10
1
11
13
12
6
3
-3
-2
-2
-5
-1
-6
-6
-10
-11
-14
-19
-18
-19
-18
-26
-23
-26
-29
-16
-12
-19
-25
-27
-40
-47
-46
-48
-42
-42
-40
-40
-42
-43
-41
-39
-33
-23
-17
-17
-16
-26
-32
-36
-38
-33
-20
-7
3
10
11
13
6
-3
-7
-1
1
5
5
11
18
21
30
39
42
43
35
35
34
31
23
19
11
3
2
-10
-5
-5
1
0
-1
10
16
18
20
20
24
19
15
14
17
14
12
21
24
18
15
18
24
31
30
29
28
27
16
17
12
9
15
6
6
10
16
18
16
21
23
15
16
21
26
24
15
10
12
15
20
38
42
40
37
26
20
12
10
14
22
29
33
26
26
17
11
13
15
23
35
47
40
27
14
7
6
6
15
25
32
36
37
34
31
26
14
7
10
10
5
7
8
10
11
7
14
10
15
20
20
26
27
28
26
29
25
22
14
6
5
9
14
9
12
8
5
10
16
23
27
32
25
12
16
10
13
17
16
18
14
12
12
19
25
35
36
41
50
51
50
47
39
27
23
23
28
33
34
37
39
39
47
50
47
46
47
46
45
40
34
26
22
24
23
16
15
15
13
18
16
11
7
-3
-11
-13
-22
-28
-40
-46
-53
-57
-53
-52
-47
-46
-49
-55
-60
-62
-66
-69
-66
-66
-68
-70
-77
-80
-79
-84
-81
-86
-86
-84
-91
-85
-86
-86
-87
-86
-90
-87
-82
-85
-83
-84
-80
-73
-64
-59
-57
-48
-39
-45
-40
-40
-38
-34
-27
-22
-28
-22
-28
-33
-39
-43
-47
-57
-52
-51
-42
-35
-34
-29
-18
-13
-12
-14
-20
-28
-29
-24
-21
-18
-21
-22
-24
-21
-14
-11
-9
-6
-5
-8
-7
-10
-8
-5
-6
-4
-11
-6
-13
-21
-21
-22
-17
-10
-8
-6
-9
-12
-6
-10
-12
-18
-21
-18
-21
-20
-25
-30
-29
-28
-22
-24
-19
-9
-11
-12
-15
-20
-19
-19
-19
-12
-3
1
-1
-4
-6
-8
-5
-7
-13
-8
-7
0
2
1
9
9
14
18
24
31
17
15
11
10
17
15
20
19
11
7
-2
-2
-2
6
11
13
18
16
17
15
20
26
27
32
32
26
15
10
10
18
21
26
32
31
34
24
19
24
26
34
40
50
53
59
57
55
65
66
67
63
71
70
69
73
73
77
87
93
93
89
86
86
84
79
79
80
79
86
85
80
81
69
65
69
70
71
68
69
72
73
73
79
75
70
57
48
48
45
48
48
50
52
50
50
43
37
35
34
37
39
41
39
41
40
42
49
53
52
48
50
52
50
48
43
47
49
49
49
48
49
40
41
37
22
24
23
19
18
9
5
6
2
-2
-2
-15
-27
-36
-42
-44
-49
-49
-47
-39
-41
-46
-50
-46
-46
-54
-55
-53
-55
-46
-43
-49
-42
-33
-27
-25
-22
-24
-26
-25
-26
-22
-19
-19
-9
-11
-10
-10
-13
-16
-21
-16
-16
-6
-8
-9
-7
-13
-14
-13
-15
-15
-12
-17
-23
-30
-35
-43
-43
-47
-48
-47
-51
-52
-52
-60
-60
-56
-61
-59
-63
-65
-62
-71
-76
-75
-76
-68
-61
-56
-51
-51
-52
-47
-46
-47
-45
-43
-43
-45
-38
-30
-27
-26
-32
-34
-32
-30
-25
-25
-21
-18
-22
-23
-27
-21
-22
-24
-21
-17
-19
-29
-34
-41
-40
-49
-48
-45
-49
-46
-50
-47
-48
-51
-52
-57
-56
-54
-57
-61
-63
-63
-62
-60
-55
-53
-45
-47
-51
-56
-56
-59
-55
-54
-56
-50
-48
-38
-37
-43
-40
-39
-46
-39
-37
-35
-31
-28
-25
-25
-21
-23
-23
-19
-13
1
8
8
8
5
3
1
1
5
-4
-5
-5
-7
-8
-9
-8
-1
4
5
3
3
7
8
8
12
18
19
23
26
26
31
31
29
27
27
24
30
28
30
39
48
54
54
61
61
70
73
74
77
75
74
74
74
75
71
83
82
82
89
92
91
88
93
92
94
93
88
80
83
81
75
75
73
68
61
60
58
57
59
54
50
44
35
24
17
14
11
13
15
18
21
16
14
9
-1
-5
-11
-13
-12
-14
-12
-14
-11
-13
-14
-15
-13
-2
4
16
18
19
23
20
19
28
28
33
34
34
30
35
41
37
39
34
30
40
47
47
52
54
54
56
55
57
61
58
50
45
39
36
38
38
33
35
33
36
38
36
37
29
22
22
22
17
15
5
-12
-18
-25
-27
-32
-42
-41
-35
-31
-28
-27
-32
-28
-24
-23
-20
-22
-25
-30
-33
-33
-35
-38
-38
-39
-32
-35
-34
-22
-13
-6
-10
-7
-4
-4
1
1
-3
-5
-6
-5
-6
-16
-17
-13
-12
-7
-7
-18
-21
-20
-22
-25
-25
-28
-32
-33
-33
-37
-43
-44
-46
-44
-39
-41
-41
-44
-44
-40
-45
-43
-46
-56
-63
-62
-60
-63
-62
-55
-58
-56
-61
-62
-64
-64
-56
-58
-47
-44
-37
-32
-25
-17
-19
-16
-15
-15
-9
-12
-16
-20
-24
-22
-21
-23
-20
-23
-21
-21
-20
-14
-20
-21
-24
-22
-20
-27
-19
-18
-23
-22
-19
-21
-23
-25
-24
-30
-31
-27
-24
-22
-13
-12
-17
-24
-28
-30
-33
-34
-37
-37
-42
-46
-49
-51
-44
-44
-40
-38
-48
-42
-44
-46
-50
-45
-41
-42
-34
-37
-36
-35
-27
-19
-16
-16
-14
-4
-1
10
16
20
22
14
14
15
17
23
23
20
29
26
27
35
30
34
28
25
29
38
38
43
47
47
49
40
35
37
36
36
37
38
40
36
32
29
36
38
44
50
46
46
39
43
38
32
37
37
32
27
27
27
31
31
32
36
39
40
36
40
38
42
38
29
27
26
30
34
39
39
42
40
44
41
45
48
52
49
42
44
42
37
35
31
22
25
32
40
45
39
33
31
28
24
22
13
12
9
10
19
15
20
28
30
24
26
25
15
13
18
13
6
9
8
16
22
24
23
15
14
14
12
22
25
23
20
16
20
20
17
19
24
24
28
34
28
19
16
14
11
6
12
18
32
43
45
41
38
36
32
32
29
29
21
16
15
10
6
1
-1
-4
-5
-8
-6
-6
-6
-6
-12
-16
-19
-28
-34
-26
-26
-31
-30
-29
-29
-34
-36
-41
-47
-46
-40
-39
-33
-40
-40
-41
-43
-39
-40
-43
-40
-39
-41
-42
-44
-41
-47
-47
-39
-29
-27
-22
-19
-19
-16
-23
-25
-23
-17
-9
-12
-14
-10
-10
-4
7
17
21
27
34
31
29
26
23
18
14
4
0
3
5
10
14
12
8
9
14
8
-1
-2
3
3
2
-2
-10
-17
-13
-16
-14
-11
-11
-8
-13
-21
-28
-25
-29
-30
-33
-46
-49
-52
-53
-52
-57
-59
-61
-57
-56
-56
-59
-66
-69
-59
-52
-49
-47
-45
-39
-39
-48
-46
-50
-55
-57
-55
-47
-42
-44
-42
-41
-38
-37
-33
-33
-33
-29
-30
-32
-36
-40
-37
-35
-37
-33
-30
-27
-24
-23
-18
-17
-15
-13
-15
-7
-3
-1
2
1
5
8
9
12
12
17
17
13
18
23
19
18
21
21
20
24
24
9
9
3
3
6
0
-3
-9
-6
-5
-5
-9
-14
-15
-19
-21
-22
-18
-17
-20
-17
-11
-14
-11
-1
2
5
11
11
5
5
11
12
20
24
25
27
24
26
27
27
28
31
33
32
36
43
51
54
53
53
59
64
64
69
72
73
71
69
68
62
62
65
63
55
50
48
46
47
50
46
42
41
37
32
32
27
24
20
18
16
11
15
17
16
21
18
15
19
11
8
9
10
15
15
11
1
3
2
5
10
6
12
15
8
5
5
2
1
0
-3
4
12
13
15
15
18
20
23
33
34
40
45
40
40
39
35
31
32
31
35
37
33
32
29
28
29
26
29
23
19
17
14
10
10
13
10
12
13
6
4
-6
-12
-15
-18
-17
-20
-21
-26
-18
-14
-19
-25
-25
-25
-24
-23
-27
-27
-28
-32
-33
-36
-39
-42
-42
-42
-39
-36
-34
-30
-28
-27
-26
-26
-28
-27
-19
-21
-19
-20
-28
-28
-28
-31
-35
-27
-27
-18
-15
-15
-11
-14
-17
-19
-18
-12
-8
-9
-4
-8
-7
-8
-8
-11
-16
-9
-6
-6
-13
-17
-21
-25
-23
-25
-27
-20
-14
-8
-15
-18
-18
-18
-18
-15
-9
-12
-10
-12
-22
-20
-17
-20
-17
-19
-24
-31
-28
-29
-27
-33
-28
-20
-24
-24
-32
-35
-37
-34
-38
-35
-38
-40
-43
-41
-36
-32
-32
-30
-22
-22
-21
-24
-27
-23
-21
-21
-17
-19
-22
-19
-17
-16
-15
-14
-14
-8
-3
-6
-2
-1
-3
-5
-1
-3
-6
-9
-11
-10
-6
-5
-3
-5
-15
-10
-10
-8
-4
-7
-7
-8
-5
-8
-9
-6
-4
0
6
7
9
12
14
15
20
25
23
14
16
16
13
22
26
25
22
18
12
10
9
11
15
18
8
5
14
15
14
12
6
1
-6
-12
-15
-10
-7
-1
0
-4
-5
-8
-4
-8
-17
-26
-21
-20
-19
-6
-4
-4
-5
2
0
0
7
4
9
12
13
16
14
13
23
25
21
21
16
21
23
30
32
30
34
36
44
44
37
38
37
44
50
49
49
45
44
40
43
46
47
44
43
45
48
48
53
60
61
72
73
68
68
58
44
40
32
29
20
11
16
14
14
22
20
28
30
28
24
17
18
12
10
18
22
21
25
19
17
24
21
22
19
17
21
23
25
26
24
21
29
33
34
33
29
30
30
31
34
32
30
24
21
15
15
17
14
16
17
20
18
16
12
10
10
11
12
7
11
16
15
16
18
20
14
13
10
7
11
8
3
-2
-12
-14
-10
-10
-5
-10
-8
-8
-11
-12
-14
-14
-24
-21
-19
-10
-12
-4
0
4
8
3
7
13
21
16
20
22
25
26
23
20
11
7
3
0
5
8
11
10
5
3
4
4
6
12
12
2
2
-8
-12
-16
-22
-22
-25
-29
-27
-28
-36
-36
-34
-41
-43
-41
-39
-32
-32
-43
-52
-46
-46
-42
-40
-39
-35
-43
-47
-45
-40
-39
-40
-39
-43
-39
-42
-51
-57
-57
-60
-55
-51
-55
-55
-55
-56
-58
-56
-61
-58
-55
-53
-55
-62
-60
-62
-67
-61
-56
-53
-53
-57
-50
-49
-54
-55
-56
-61
-61
-58
-60
-54
-46
-45
-54
-52
-51
-50
-51
-52
-40
-41
-42
-34
-39
-37
-32
-34
-28
-24
-24
-20
-22
-15
-9
-5
4
8
10
10
18
21
21
23
21
15
5
3
-4
7
9
14
13
14
8
8
11
-6
-6
-12
-8
-4
-6
-7
-12
-13
-23
-30
-24
-23
-21
-14
-16
-15
-11
-13
-18
-22
-20
-15
-8
-6
-4
-7
-9
-12
-15
-8
-2
6
10
19
24
29
37
38
42
43
48
52
50
46
46
52
53
53
61
63
60
56
50
55
51
39
43
44
51
52
49
47
42
43
44
43
43
45
46
49
48
54
51
50
44
45
51
50
55
60
59
57
51
55
59
58
59
47
52
51
46
41
48
57
53
52
50
43
36
39
40
40
32
33
34
36
37
36
35
36
39
35
38
35
31
29
22
13
17
24
25
41
38
41
49
52
51
51
50
42
37
27
20
14
10
6
3
7
11
14
10
6
4
-4
-7
-5
-10
-14
-14
-7
-5
-9
-7
-19
-28
-24
-21
-16
-11
-12
-10
-9
-9
-4
-5
-10
-12
-10
-14
-13
-13
-9
0
1
4
11
11
8
8
-3
5
8
2
-5
0
6
1
5
5
-1
-9
-13
-9
-11
-14
-16
-20
-21
-24
-20
-20
-27
-22
-20
-23
-20
-24
-28
-38
-45
-40
-42
-51
-56
-47
-50
-55
-52
-50
-49
-53
-48
-47
-42
-39
-40
-44
-47
-45
-47
-47
-40
-36
-35
-35
-40
-36
-37
-37
-34
-34
-31
-31
-25
-23
-24
-27
-28
-36
-44
-43
-42
-40
-32
-36
-38
-39
-42
-42
-45
-43
-48
-47
-45
-54
-59
-61
-62
-58
-52
-48
-50
-50
-53
-49
-46
-52
-53
-43
-42
-43
-42
-37
-33
-35
-38
-35
-33
-34
-33
-39
-41
-36
-25
-21
-21
-17
-14
-10
-14
-16
-17
-15
-13
-11
-12
-11
-10
-15
-6
0
1
4
0
9
7
7
16
7
2
6
15
17
17
21
23
22
17
20
28
28
31
33
36
40
36
37
37
34
28
28
25
22
25
26
29
28
26
28
25
26
33
33
34
33
31
30
19
19
15
10
5
4
7
5
8
7
5
-2
0
3
1
5
1
0
5
5
1
2
8
16
5
2
0
0
-1
-2
-4
3
7
-5
-1
0
7
13
16
30
31
33
34
38
40
41
38
39
42
42
43
49
41
44
50
55
67
66
72
72
73
81
85
74
65
63
64
74
76
74
73
76
77
76
79
77
77
69
64
65
56
52
51
47
47
43
42
42
40
46
42
40
38
35
26
29
32
30
28
22
19
8
1
4
-1
-6
-8
-2
-6
-11
-6
-4
-14
-18
-15
-13
-20
-23
-15
-18
-15
-13
-10
-9
-11
1
3
-3
0
3
3
7
8
5
2
9
7
5
1
9
6
1
4
7
6
7
9
9
12
8
12
15
11
11
8
12
7
1
6
4
3
-2
5
2
-6
-7
-13
-13
-19
-23
-29
-30
-24
-15
-27
-35
-36
-51
-61
-56
-44
-53
-71
-74
-79
-90
-104
-99
-103
-111
-104
-99
-101
-113
-115
-112
-105
-109
-103
-93
-88
-83
-81
-86
-89
-82
-74
-63
-54
-49
-39
-48
-53
-48
-47
-42
-46
-27
-15
-27
-16
-12
-17
-25
-19
-7
-10
-5
3
7
4
1
1
6
8
15
16
17
14
7
1
4
7
-7
-4
8
8
11
9
9
-1
-6
2
-1
-5
2
4
-8
-19
-18
-17
-24
-25
-9
-10
-14
-7
-5
-16
-28
-20
-20
-16
-12
0
0
-11
-3
-9
-20
-15
-9
-9
-18
-20
-17
-19
-20
-7
-4
-13
-14
-11
2
8
3
10
6
4
14
12
2
7
17
14
4
13
14
12
3
-7
-3
-4
-3
-4
-6
-4
5
3
-9
-15
-3
-11
-22
-14
-7
-4
-5
0
3
-2
-6
-4
0
-4
-7
-10
-13
-15
-9
-14
-7
3
8
12
14
22
24
25
20
17
20
23
20
20
20
24
31
28
31
40
46
44
45
50
46
49
50
57
55
50
50
43
48
47
46
44
45
53
46
38
44
57
51
39
39
50
46
46
46
42
43
52
58
53
58
66
55
48
53
59
55
50
49
65
66
69
65
71
64
62
68
80
80
78
82
76
81
77
66
64
65
60
65
57
51
45
24
11
14
18
6
-3
6
0
-6
-15
-13
-25
-36
-49
-53
-49
-41
-52
-60
-65
-70
-71
-69
-62
-66
-71
-67
-60
-50
-49
-53
-56
-56
-64
-66
-63
-65
-78
-78
-60
-61
-54
-49
-42
-33
-39
-37
-22
-21
-24
-23
-17
-11
-12
-15
-8
-8
-4
-18
-23
-9
-10
-29
-50
-61
-54
-63
-83
-83
-75
-94
-108
-93
-90
-99
-94
-88
-78
-70
-68
-64
-64
-50
-42
-28
-5
30
46
54
73
91
114
117
124
151
157
161
164
169
171
165
162
162
151
145
144
128
107
96
83
62
47
46
33
16
14
3
1
2
-6
-8
-6
-4
6
10
12
17
13
23
25
29
39
41
41
29
17
4
-13
-31
-45
-67
-94
-125
-148
-172
-204
-241
-264
-291
-333
-355
-372
-386
-409
-426
-434
-437
-442
-424
-406
-399
-394
-364
-336
-316
-305
-275
-216
-192
-198
-150
-99
-101
-106
-100
-52
-33
-27
26
119
212
216
178
171
195
191
156
194
312
365
282
230
298
332
244
175
252
306
240
163
187
209
121
11
5
70
75
39
44
78
85
48
24
57
113
132
141
194
271
301
285
275
314
343
330
347
410
437
405
373
377
394
341
293
272
254
205
161
157
135
71
9
-25
-55
-84
-108
-119
-130
-144
-161
-171
-173
-183
-193
-184
-174
-153
-130
-122
-125
-127
-131
-133
-127
-121
-130
-149
-167
-178
-200
-238
-266
-268
-299
-334
-329
-338
-357
-411
-417
-424
-458
-464
-453
-438
-455
-461
-422
-407
-409
-374
-355
-371
-338
-295
-277
-218
-74
31
126
225
305
294
248
310
433
463
531
655
696
607
540
621
627
525
508
575
583
474
394
378
276
112
12
17
31
-5
-37
-53
-91
-143
-188
-185
-141
-90
-61
-17
69
146
170
165
179
222
268
313
422
531
530
506
520
515
440
412
442
422
338
315
345
273
123
46
50
-39
-126
-108
-83
-169
-283
-313
-338
-395
-431
-417
-396
-390
-370
-348
-335
-331
-323
-303
-272
-219
-157
-141
-171
-172
-152
-168
-196
-157
-135
-179
-222
-237
-226
-256
-330
-349
-365
-424
-449
-459
-455
-496
-555
-594
-597
-556
-567
-567
-511
-501
-444
-296
-185
-14
72
92
122
146
247
388
498
595
703
767
753
712
779
815
735
693
730
739
645
528
449
332
171
45
13
16
-48
-155
-226
-284
-360
-415
-434
-415
-380
-341
-296
-212
-144
-122
-128
-89
-1
94
172
276
402
469
488
515
561
556
510
478
514
535
499
445
399
321
171
54
18
-27
-113
-193
-243
-311
-407
-491
-549
-595
-627
-634
-604
-578
-570
-579
-582
-566
-535
-483
-412
-329
-275
-246
-221
-190
-162
-146
-118
-100
-68
-35
-21
-21
-59
-101
-157
-205
-235
-239
-268
-322
-363
-406
-447
-498
-506
-528
-574
-579
-556
-453
-317
-182
-2
69
76
82
123
235
378
526
729
883
890
865
874
954
925
900
962
1027
997
894
795
698
510
294
170
160
145
61
-25
-114
-235
-382
-477
-510
-495
-465
-443
-396
-311
-271
-264
-265
-232
-172
-77
52
202
339
446
505
538
547
557
558
527
555
622
664
615
528
428
317
167
91
97
69
-40
-161
-237
-363
-515
-606
-645
-681
-698
-671
-640
-644
-676
-730
-736
-689
-602
-491
-359
-267
-221
-202
-201
-180
-140
-91
-6
81
144
177
190
131
56
52
12
11
19
3
-30
-122
-249
-290
-332
-462
-457
-433
-372
-280
-169
-7
46
20
-55
-64
63
224
342
568
785
784
734
759
861
902
863
916
1005
1023
926
814
761
601
346
210
204
205
145
40
-77
-210
-360
-493
-548
-524
-489
-506
-482
-402
-356
-378
-409
-392
-318
-209
-69
113
289
383
397
444
466
506
550
568
634
710
756
726
621
522
438
305
215
238
233
97
-81
-194
-339
-514
-615
-657
-688
-730
-777
-780
-796
-867
-937
-944
-892
-822
-713
-593
-508
-492
-495
-462
-415
-342
-267
-160
-89
-51
8
35
4
-11
19
-14
14
4
-22
-43
-172
-231
-282
-374
-412
-386
-270
-149
-56
115
124
-14
-73
-108
9
255
363
534
702
683
588
591
810
866
827
901
993
1018
925
782
677
559
323
208
277
316
206
26
-131
-265
-401
-491
-520
-502
-480
-518
-521
-442
-425
-489
-568
-560
-460
-331
-166
31
175
180
161
230
309
341
389
487
564
587
623
676
632
455
346
329
303
271
267
183
-23
-228
-382
-500
-580
-635
-665
-685
-736
-796
-838
-911
-1027
-1061
-992
-895
-767
-635
-597
-620
-625
-613
-538
-428
-288
-143
-67
-26
0
16
-31
-84
-44
56
90
56
53
41
-142
-299
-317
-253
-58
56
179
358
294
73
-33
-17
86
228
428
687
745
718
661
698
808
778
847
1031
1120
1069
1039
983
845
593
432
428
483
462
408
284
146
-87
-290
-334
-332
-351
-363
-345
-301
-290
-362
-445
-496
-501
-464
-330
-104
93
125
125
164
182
175
260
368
450
502
568
650
610
496
419
368
295
322
370
321
187
9
-173
-317
-408
-464
-495
-545
-617
-667
-722
-822
-916
-966
-994
-943
-836
-716
-645
-649
-668
-672
-657
-542
-440
-322
-202
-129
-93
-45
-44
-87
-37
-74
-63
-1
-50
-132
-198
-257
-98
118
348
479
352
99
20
9
102
277
607
801
584
397
539
689
657
581
779
1015
995
896
981
997
735
324
257
499
642
606
541
461
311
17
-181
-115
-16
-80
-171
-92
72
70
-163
-307
-352
-377
-400
-229
79
222
104
57
94
103
76
94
156
222
265
364
478
429
288
157
55
57
213
277
213
88
-76
-270
-386
-431
-476
-522
-617
-640
-623
-678
-814
-929
-1046
-1079
-1016
-889
-723
-679
-751
-806
-804
-756
-636
-558
-454
-335
-298
-282
-215
-183
-248
-348
-334
-264
-236
-261
-249
-92
109
331
427
363
226
125
-18
12
376
818
964
657
425
567
679
555
593
933
1066
816
614
760
821
453
-48
-101
213
355
263
278
288
27
-422
-557
-270
-23
-90
-187
-35
185
110
-106
-105
-39
-105
-173
126
573
674
392
253
339
349
223
308
504
473
260
250
425
388
74
-137
-126
-151
-148
-50
-19
-196
-509
-744
-783
-716
-694
-725
-728
-765
-792
-773
-790
-845
-895
-917
-840
-642
-488
-454
-527
-609
-635
-575
-482
-298
-228
-318
-324
-303
-325
-362
-392
-467
-535
-673
-478
17
369
402
216
115
75
-93
-225
191
881
1126
773
621
1032
1167
749
591
1103
1498
1271
1009
1300
1525
991
209
77
445
542
265
283
511
381
-234
-617
-361
-99
-302
-498
-170
235
183
-130
-99
57
-65
-276
14
592
884
732
643
740
720
538
519
729
858
763
636
720
718
430
88
-54
-79
-125
-196
-198
-252
-560
-948
-1143
-1168
-1194
-1244
-1249
-1191
-1173
-1240
-1347
-1372
-1367
-1359
-1259
-1008
-681
-516
-587
-667
-677
-664
-614
-454
-173
-18
-22
-72
-111
-157
-339
-492
-514
-360
-20
490
817
654
374
173
29
-207
-50
658
1230
939
461
687
1053
788
412
748
1299
1242
870
992
1426
1190
335
-68
284
639
504
398
601
645
119
-410
-312
138
118
-203
-85
367
482
198
114
284
251
-49
33
570
1011
899
703
754
809
623
539
711
842
682
476
550
652
474
128
-46
-119
-282
-380
-335
-338
-583
-943
-1201
-1249
-1228
-1316
-1388
-1368
-1347
-1399
-1435
-1432
-1405
-1419
-1505
-1431
-1132
-910
-908
-940
-975
-954
-875
-854
-693
-471
-528
-639
-644
-670
-635
-693
-814
-488
184
554
399
178
328
313
-272
-338
770
1671
1119
341
750
1400
941
313
802
1635
1359
570
718
1590
1542
515
-113
332
727
456
222
641
941
349
-473
-307
434
519
-14
-15
630
860
501
410
794
837
301
130
803
1412
1297
1009
1084
1143
878
662
822
983
731
390
427
575
456
129
-198
-456
-623
-780
-798
-670
-795
-1163
-1478
-1556
-1489
-1488
-1593
-1622
-1554
-1546
-1549
-1417
-1299
-1353
-1477
-1439
-1192
-934
-772
-762
-814
-869
-914
-876
-718
-634
-727
-828
-860
-875
-957
-1025
-711
-83
189
-67
-72
324
185
-562
-614
646
1556
855
156
857
1470
725
-2
770
1826
1399
326
521
1500
1365
155
-319
398
750
190
-80
618
1091
328
-634
-348
529
605
138
363
1176
1311
780
723
1318
1478
956
805
1489
2068
2014
1835
1906
1890
1559
1247
1319
1498
1378
1084
932
895
698
301
-94
-340
-509
-756
-856
-725
-844
-1279
-1631
-1775
-1845
-1955
-2015
-1880
-1773
-1810
-1807
-1671
-1562
-1633
-1730
-1657
-1415
-1166
-972
-848
-810
-875
-1024
-1056
-982
-905
-902
-995
-1102
-1136
-922
-227
310
23
-360
-165
-64
-590
-854
177
1436
1043
-67
235
1302
1076
8
213
1425
1527
449
216
1200
1510
274
-752
-311
447
186
-319
133
880
405
-633
-642
241
532
-29
-150
684
1284
1039
934
1462
1773
1282
882
1393
2187
2418
2295
2363
2505
2351
2052
1948
1956
1776
1524
1403
1432
1449
1327
925
332
-142
-371
-474
-534
-590
-714
-1006
-1337
-1526
-1590
-1647
-1779
-1923
-1957
-1833
-1682
-1559
-1529
-1645
-1790
-1811
-1707
-1446
-1209
-1092
-1188
-1343
-1465
-1431
-1349
-1380
-1484
-1735
-1994
-1692
-380
503
262
-361
-394
-538
-1381
-1387
485
1985
1149
-60
314
1143
525
-458
77
1137
710
-336
-41
1217
1013
-913
-2039
-1402
-698
-815
-799
126
613
-447
-1603
-1060
248
496
-58
193
1355
1888
1673
1876
2571
2430
1533
1359
2411
3463
3545
3096
2897
2734
2169
1733
1761
1916
1642
962
639
975
1170
644
-204
-833
-1000
-1052
-842
-328
-98
-475
-1050
-1329
-1133
-835
-756
-772
-747
-686
-579
-475
-495
-758
-1359
-1839
-1793
-1265
-778
-773
-1386
-2023
-2554
-2903
-2936
-2700
-2583
-2391
-1387
456
1455
728
-455
-1064
-1412
-1344
173
2615
3403
1748
28
-398
-457
-816
-582
117
146
-678
-1010
-491
-531
-2058
-3819
-4086
-2932
-1498
-370
441
532
-448
-1604
-1471
26
1471
1917
2070
2792
3516
3534
3117
2729
2098
1181
978
2101
3462
3555
2346
956
8
-571
-611
-42
522
524
206
179
603
836
343
-329
-267
638
1760
2679
3091
2636
1457
333
119
736
1347
1412
952
373
-157
-685
-1285
-1837
-2445
-2816
-2476
-1744
-1124
-1392
-2146
-3200
-3588
-3430
-2558
-1632
-1139
-1465
-1192
1045
3372
3689
1656
76
-238
-105
280
2303
4029
2628
-1057
-3330
-3102
-2449
-2303
-1931
-1604
-2093
-2675
-2290
-1712
-2426
-4192
-4793
-3168
-454
1715
2745
2559
1161
-379
-605
775
2396
3023
2799
2691
2844
2424
1381
297
-736
-1603
-1464
10
1703
1920
575
-920
-1494
-1331
-484
914
2125
2450
2108
1939
2206
2261
1657
956
1047
2090
3256
3587
2880
1480
-103
-1191
-1209
-388
543
835
319
-381
-925
-1322
-1729
-1982
-1796
-1140
-252
431
563
8
-1064
-1950
-2017
-1209
-273
63
-465
-680
834
3184
3682
1619
-711
-1334
-1005
-581
826
2779
2574
-666
-3850
-4385
-3210
-2384
-2090
-1768
-1489
-1603
-1663
-1515
-1948
-3272
-4126
-3011
-257
2135
2765
1927
488
-757
-1241
-510
965
1885
1603
1113
1186
1077
18
-1369
-2131
-1961
-1067
387
1748
1917
578
-992
-1407
-711
540
1896
2810
2956
2368
1667
1292
1037
479
16
296
1434
2520
2593
1480
-129
-1290
-1575
-992
98
1257
1638
1041
63
-519
-758
-855
-946
-686
51
808
963
304
-583
-1414
-2063
-2094
-1368
-479
-230
-251
1770
4858
5303
2564
-58
-295
300
530
1969
4353
4165
233
-3784
-4606
-3635
-3086
-2597
-1639
-1002
-1398
-2239
-2625
-3105
-4153
-4506
-2731
545
3059
3239
1828
112
-1282
-1908
-1373
179
1506
1575
894
371
-296
-1619
-3031
-3473
-2822
-1514
138
1406
1432
303
-887
-1167
-603
695
2373
3499
3348
2219
1209
698
317
13
70
619
1312
1600
1132
124
-956
-1681
-1636
-831
391
1362
1558
931
48
-719
-1098
-897
-263
437
914
958
447
-479
-1762
-2208
-1791
-1148
-582
-645
-617
1625
5184
6633
4068
615
175
1331
1675
2441
4841
5651
1683
-3452
-4757
-3286
-2388
-2373
-1632
-194
-80
-1262
-2093
-2527
-3318
-3741
-2162
1360
4303
4781
3204
1071
-634
-1660
-1685
-409
1077
1180
460
-483
-1347
-2750
-4315
-4839
-3916
-2341
-585
871
1092
149
-1065
-1415
-817
589
2391
3801
3763
2464
1086
140
-482
-892
-951
-481
469
1149
932
-171
-1526
-2351
-2349
-1599
-285
1053
1668
1238
374
-351
-674
-581
-352
175
570
675
491
-49
-831
-1742
-2379
-2275
-1609
-1273
-938
1758
5977
7374
4374
582
212
1539
1553
2062
4895
6213
2512
-2739
-4293
-2997
-2360
-2495
-1550
480
1198
162
-851
-1318
-2112
-2563
-1017
2276
5086
5443
3786
1686
49
-1127
-1593
-807
424
753
229
-415
-1396
-3095
-4672
-4788
-3555
-1947
-329
1072
1493
603
-583
-886
-577
87
1449
2970
3306
2199
531
-933
-1826
-2111
-1829
-1100
-131
545
530
-226
-1228
-1835
-1827
-1366
-503
657
1402
1243
326
-878
-1582
-1587
-1253
-677
-234
-27
-219
-1008
-1851
-2568
-2851
-2484
-2174
-2111
90
4997
8290
6312
1514
-158
1140
1451
1285
3752
6599
4344
-1878
-5202
-4165
-2971
-3224
-2754
-282
1637
1124
-76
-552
-1131
-1991
-1257
1964
5695
7130
5923
3709
1704
-24
-1356
-1144
183
1018
785
450
131
-1345
-3673
-4851
-4139
-2429
-591
1255
2327
1691
90
-654
-457
-83
661
1882
2777
2268
903
-362
-1377
-2421
-3140
-2554
-933
271
410
-253
-1008
-1626
-1985
-1846
-980
107
750
655
184
-587
-1543
-2039
-1965
-1412
-903
-510
-437
-920
-1902
-2877
-3351
-3254
-2606
-1884
25
4414
7853
6706
2059
-541
457
1121
848
2706
5772
4613
-1378
-5883
-5591
-4307
-4226
-3552
-858
1451
1134
-120
-416
-716
-1783
-1485
1530
5405
7245
6589
4925
2893
574
-1433
-1603
-132
925
801
613
703
-413
-2484
-3770
-3411
-2161
-576
1650
3588
3740
2115
727
452
631
1202
2098
2884
2598
1352
34
-828
-1512
-2429
-2508
-1323
102
703
186
-707
-1329
-1755
-1911
-1685
-783
249
567
138
-805
-1787
-2500
-2639
-2021
-1377
-811
-583
-867
-1592
-2783
-3926
-4117
-3672
-2689
1923
7840
9548
5086
-168
-764
341
-230
729
5104
6961
1734
-4827
-5780
-4442
-5159
-6132
-3892
-9
1185
-191
-594
-363
-1881
-3577
-1702
3148
6619
6485
5151
4050
2457
-149
-1856
-890
594
523
39
767
1142
-537
-2746
-3473
-2794
-1806
-214
2203
3980
3832
2362
1308
801
1019
1958
2778
2800
2070
1302
695
128
-690
-1568
-1501
-332
1088
1812
1593
533
-665
-1381
-1274
-560
80
355
138
-366
-1048
-1743
-2337
-2639
-2575
-2039
-1128
-721
-841
-1680
-2979
-4290
-4839
-4223
494
7165
9518
5769
538
-317
180
-927
-550
4157
7079
2666
-4189
-5335
-3469
-4283
-6395
-5300
-1526
144
-819
-881
-104
-1516
-4052
-3179
1500
5429
5616
4457
3959
3019
570
-1551
-1043
259
-37
-617
265
1062
-233
-2405
-3251
-2816
-2331
-1457
348
2076
2594
2199
1985
1548
1030
1013
1520
1866
1517
1299
1295
981
85
-823
-637
349
1075
1268
1504
1456
754
-84
-345
9
320
253
-61
-199
-405
-1026
-1689
-1725
-1682
-1660
-1676
-1450
-1011
-971
-2066
-3065
-3711
-3051
1974
7635
8977
4569
475
356
223
-1224
249
5016
6186
325
-5325
-5007
-3362
-4361
-5509
-3710
-1157
-1356
-2516
-1398
-10
-1760
-4180
-2729
2101
5145
4671
3677
3260
1964
-545
-1547
119
1132
-268
-1437
-432
146
-1524
-3234
-2964
-2194
-2200
-1581
332
2018
1744
804
886
1302
1625
1933
2288
1775
298
-557
-239
510
185
-752
-594
703
1407
1146
1021
982
465
-354
-398
491
1269
1126
241
-453
-884
-1294
-1459
-1287
-983
-548
-557
-930
-1283
-1458
-1890
-2268
-2950
-2918
1764
7876
9603
5162
822
955
1077
-1027
-158
5470
7821
1690
-5098
-4997
-2839
-4057
-5433
-3019
279
-581
-3135
-2432
-310
-1652
-4375
-3007
1850
4818
4239
3541
3405
1841
-1149
-2184
32
1560
326
-930
-303
-227
-1960
-3277
-2843
-2145
-2346
-1771
13
1582
1509
777
751
611
523
1041
2038
2064
487
-922
-1043
-366
-247
-763
-597
157
521
474
640
857
459
-365
-628
-109
614
747
338
-331
-1121
-1758
-1653
-1249
-1045
-925
-806
-791
-1395
-2084
-2254
-1919
-2661
-158
5662
9561
7109
1976
1049
2097
543
-492
3651
8261
5535
-1608
-4020
-2401
-2646
-4365
-3239
280
1032
-1608
-2341
-587
-933
-3929
-4419
-521
3600
4643
4383
4509
3343
137
-2300
-1084
1264
1342
338
595
953
-665
-2859
-3547
-3141
-3031
-2646
-1187
693
1475
925
448
-11
-479
-407
481
1602
1538
546
-497
-928
-1246
-1617
-1277
-287
473
509
557
697
480
-344
-1118
-988
-411
73
356
165
-471
-1740
-2396
-2159
-1797
-1367
-1135
-726
-1116
-1855
-2362
-2141
-2501
-2585
1448
6605
8240
4783
2005
2156
1520
-608
516
5381
7257
3000
-1528
-1911
-1943
-3660
-4126
-1490
946
-140
-1927
-1079
7
-1702
-3834
-2533
861
2899
3534
4867
5755
3970
264
-1256
423
1824
1429
1192
1907
1387
-890
-2741
-2951
-2618
-2951
-2857
-1703
2
880
693
427
-27
-490
-627
40
970
1205
493
-331
-593
-1018
-1367
-871
119
268
-201
-48
347
320
-452
-1306
-1277
-919
-631
-458
-570
-1350
-2492
-2839
-2660
-1944
-1470
-875
-875
-1361
-1983
-2565
-2293
-2775
-931
3102
6433
5987
3211
1643
1019
-339
-727
2330
5477
4650
891
-1034
-1501
-2895
-3804
-2490
-167
292
-1007
-1182
-263
-848
-2716
-2807
-827
1110
2005
3442
5159
5165
3050
736
433
1126
1389
1639
2570
2832
1519
-145
-1357
-1747
-2133
-2098
-1610
-585
287
793
1110
572
-286
-932
-974
-568
19
522
556
188
-392
-1005
-836
-137
377
385
243
229
117
-197
-591
-914
-1129
-1319
-1233
-941
-951
-1668
-2442
-2433
-2262
-1902
-1405
-849
-796
-1422
-2416
-2407
-2469
-2161
220
3696
5395
4618
3528
2021
-201
-1942
-458
2448
3799
2692
1458
56
-2754
-4604
-3448
-1256
-368
-451
-530
-536
-1422
-2587
-2429
-1111
-251
81
1194
3094
4049
3701
2645
1604
1013
698
842
1828
3087
3239
2434
1182
-144
-1202
-1606
-1527
-976
20
744
1042
938
634
34
-492
-695
-592
-61
192
209
378
450
297
368
847
941
560
331
378
468
341
-170
-689
-944
-1212
-1286
-1304
-1492
-2009
-2016
-1884
-1979
-1692
-1403
-787
-1197
-1796
-2267
-1967
-1636
-1614
329
2864
4006
3017
2145
1717
580
-782
-548
1643
2905
2265
928
-393
-2250
-3528
-2832
-1177
46
52
-412
-1028
-1870
-2620
-2540
-1549
-680
-118
655
1778
2307
2133
1581
1054
792
530
906
1779
2648
2720
2145
1313
258
-535
-1049
-944
-568
52
490
620
709
212
-365
-896
-795
-286
-64
12
123
641
754
609
791
1205
1426
1175
1007
1013
1157
988
281
-333
-733
-718
-643
-710
-1073
-1389
-1343
-1277
-1155
-719
-545
-689
-1215
-1661
-1506
-1579
-962
-560
-305
226
545
806
1003
1264
1053
540
-294
-253
624
1259
1084
409
-335
-1486
-1735
-1079
-260
400
438
-238
-1181
-1695
-2244
-2129
-1299
-623
-98
200
347
91
-8
-162
-122
443
877
1117
1422
1797
1484
1216
1018
719
190
-350
-484
-323
89
10
-121
-241
-791
-1269
-1298
-814
-530
-337
-156
191
722
951
989
1109
1352
1337
1275
1319
1383
1264
835
354
62
-98
-452
-729
-812
-667
-322
-111
17
41
-127
-606
-1055
-1003
-654
-609
-580
-190
-87
-615
-1532
-1612
-621
149
590
990
1628
1641
914
351
459
606
448
417
830
1333
922
187
-557
-864
-1086
-1101
-962
-867
-1053
-1275
-1245
-1245
-1102
-1106
-975
-938
-768
-354
227
777
1167
1168
858
626
705
806
729
592
632
560
184
-288
-730
-933
-1204
-1447
-1444
-1144
-840
-727
-406
73
522
583
321
186
470
896
1217
1639
1801
1482
910
531
346
200
16
-219
-210
-97
-13
-9
121
88
-255
-545
-695
-431
-200
-56
114
501
736
275
-473
-819
-663
-612
-534
-643
-475
62
69
168
393
865
484
385
557
1187
1598
1418
876
140
-345
-960
-915
-569
-325
-75
-79
-410
-778
-939
-1108
-1132
-854
-424
26
370
593
502
359
172
156
355
387
262
248
447
316
-59
-491
-801
-1174
-1551
-1409
-881
-476
-569
-538
-127
373
380
182
415
824
979
1006
1486
1816
1441
775
281
198
129
-49
-226
-148
71
139
287
479
390
-55
-469
-465
17
519
679
921
1158
1113
528
-112
-300
-381
-334
-287
-23
302
307
-20
-316
-298
-305
-168
-203
3
317
396
115
-111
-390
-621
-784
-956
-856
-690
-214
-2
-7
-83
-315
-739
-1123
-1136
-887
-230
452
809
926
794
469
205
55
-52
216
555
574
383
-39
-633
-1211
-1681
-1983
-1765
-1328
-1218
-1120
-729
-170
47
-21
-174
-88
152
370
827
1443
1927
1725
1309
917
612
334
56
210
357
557
646
689
576
170
-264
-628
-550
-211
225
575
918
1006
869
864
772
506
76
-240
-302
-138
261
574
609
379
-62
-432
-603
-465
-270
209
592
574
291
-46
-244
-575
-830
-902
-564
-316
-352
-506
-600
-734
-1104
-1252
-1179
-966
-854
-638
-408
-284
-21
44
143
-1
-108
-52
132
357
234
189
-45
-604
-1246
-1552
-1594
-1474
-1350
-1180
-626
-296
-421
-748
-748
-623
-373
231
792
1282
1323
1040
755
781
814
697
655
568
523
531
738
928
922
562
70
-194
-158
-46
198
629
891
867
815
867
899
783
466
253
240
364
572
802
838
655
327
111
-34
-83
66
291
454
460
421
268
108
-212
-378
-491
-384
-350
-357
-353
-242
-229
-645
-779
-972
-882
-674
-302
47
462
516
184
-131
-251
-352
-372
-31
-17
-231
-581
-836
-978
-1183
-1275
-1317
-1386
-1453
-1505
-1054
-585
-510
-785
-948
-916
-913
-572
-142
307
282
60
-71
-84
-11
127
432
516
447
277
285
329
217
59
143
158
-45
68
389
751
926
928
1038
1316
1285
1008
932
822
533
447
604
821
924
783
626
565
443
479
773
1061
1080
913
973
909
648
337
266
350
132
38
-118
-148
-180
-354
-469
-473
-422
-469
-253
-72
338
507
434
494
527
218
64
249
282
297
126
-161
-398
-734
-1173
-1118
-1253
-1280
-1323
-1134
-986
-811
-738
-692
-656
-970
-877
-580
-152
124
201
164
32
-46
-54
-29
-119
-247
-380
-393
-370
-447
-591
-661
-698
-809
-794
-591
-264
11
186
347
429
311
350
274
314
375
310
174
197
200
234
374
203
-14
-146
-33
268
563
600
786
962
812
588
474
379
381
280
195
-50
-171
-82
-34
-23
-110
-289
-521
-295
-18
351
714
872
981
912
685
559
748
846
763
784
460
190
-79
-501
-653
-525
-612
-755
-727
-794
-628
-729
-637
-398
-263
-231
-277
-99
101
280
126
277
210
197
18
-99
-149
-242
-335
-346
-325
-554
-518
-736
-683
-809
-627
-459
-142
-262
-107
153
38
67
-70
125
-33
-200
-320
-77
-52
34
103
129
-121
-289
-289
-108
183
306
510
523
250
131
306
278
291
214
289
222
156
39
-66
-84
-294
-455
-417
-294
-45
119
205
477
586
641
545
595
673
687
629
577
637
672
339
35
-30
-259
-476
-755
-597
-359
-244
-309
-188
58
-201
-282
-154
132
183
327
145
161
259
154
146
-25
-131
-225
-192
-394
-358
-217
-288
-469
-722
-599
-595
-404
-181
-92
13
96
179
45
-71
-252
-315
-184
-317
-234
-48
-195
-267
-199
-254
-457
-424
-409
-225
-48
73
400
465
472
123
144
106
137
86
164
170
-5
55
-94
-4
-282
-521
-501
-168
21
265
728
822
720
535
482
680
749
587
579
666
545
494
463
289
196
-185
-430
-363
-116
73
382
514
430
353
40
84
231
445
652
647
617
543
476
245
82
61
182
131
-22
-58
-126
-156
-285
-278
-331
-134
-53
5
120
166
268
131
-38
39
34
-147
-323
-395
-436
-493
-682
-623
-573
-820
-813
-751
-568
-417
-287
-293
-175
-204
-296
-41
83
-43
-166
-326
-385
-453
-458
-338
-175
-359
-658
-672
-735
-514
-342
27
250
365
339
336
291
198
286
285
295
223
179
106
235
80
-84
-297
-395
-320
-267
-179
-64
206
114
247
189
343
586
628
585
769
740
572
657
588
558
411
453
220
152
24
15
50
233
183
88
124
206
317
379
401
493
593
211
293
253
262
97
162
17
-133
-237
-326
-253
-370
-375
-413
-462
-554
-399
-193
-281
-299
-263
-244
-274
-265
-112
-199
-254
-243
-331
-447
-455
-664
-741
-680
-748
-666
-409
-299
-180
-186
-235
-144
56
-20
23
200
87
31
-61
-21
-51
-134
-311
-462
-566
-603
-467
-335
-199
-197
-222
-224
-150
-4
184
346
478
508
475
454
395
410
461
336
337
258
192
130
119
134
203
250
252
419
397
367
394
411
432
400
427
595
588
432
415
403
278
235
132
151
140
43
2
71
-76
-37
-77
-66
-57
-69
-138
-154
-145
-83
53
-197
-179
-227
-333
-424
-399
-410
-434
-605
-624
-438
-550
-374
-162
-209
-118
-101
-90
-52
-69
-66
93
-48
-78
-9
-78
-202
-314
-406
-399
-410
-522
-384
-389
-348
-316
-359
-318
-176
-203
-218
22
183
303
294
294
108
73
53
125
133
141
221
143
187
51
163
132
205
317
326
359
343
357
356
350
433
496
585
540
368
398
388
344
334
388
382
359
224
266
245
245
236
332
329
299
197
148
295
235
190
129
203
126
-72
-69
-106
-298
-376
-325
-286
-211
-242
-145
23
-18
-157
-86
-151
-94
-87
-34
38
-7
-32
-117
-198
-387
-383
-546
-432
-513
-609
-525
-535
-578
-515
-564
-500
-400
-480
-382
-82
-121
-115
-44
-3
26
-161
-124
18
-63
-186
-166
-42
18
-79
-116
-55
7
-78
158
127
192
269
178
176
303
251
270
348
241
242
217
197
281
337
315
220
87
170
186
223
328
387
400
320
272
358
426
370
426
522
431
266
252
116
43
-17
-62
-4
61
29
160
244
89
120
53
63
-69
46
128
319
350
174
208
-15
-97
-165
-199
-328
-216
-341
-304
-335
-341
-353
-458
-454
-438
-296
-326
-279
-257
-355
-328
-266
-183
-262
-256
-340
-398
-388
-398
-256
-303
-263
-243
-341
-244
-192
-135
-143
-129
-146
-127
-121
-28
103
-145
-209
-114
-105
-216
-139
-49
62
-3
-187
-73
-60
-42
36
78
179
42
33
140
302
222
303
420
313
322
197
258
235
117
58
145
177
26
143
247
353
308
299
275
222
275
243
378
505
410
454
410
393
260
290
153
191
74
24
182
119
109
39
31
-109
-36
-24
7
170
5
1
-47
-70
-92
-70
-68
-168
-175
-154
-288
-297
-341
-304
-245
-295
-236
-165
-229
-333
-291
-271
-218
-318
-198
-211
-226
-242
-257
-296
-418
-369
-305
-262
-282
-274
-241
-311
-305
-349
-218
-238
-215
-288
-133
-64
60
-18
32
61
-8
-57
-68
-82
-138
-39
-135
14
-43
32
41
160
166
203
214
256
348
312
380
366
485
355
379
376
324
336
248
215
256
337
329
381
363
317
277
224
248
269
361
341
330
281
275
330
276
232
180
192
77
165
137
115
54
-7
19
3
-6
-83
1
-37
-6
12
2
-37
-60
-55
-176
-104
-118
-163
-196
-257
-322
-249
-248
-303
-367
-323
-310
-353
-320
-294
-247
-309
-270
-173
-166
-235
-239
-238
-272
-284
-260
-210
-133
-287
-316
-315
-257
-224
-182
-199
-98
-8
-65
-38
-68
-57
9
29
10
186
115
109
102
118
114
110
107
45
211
182
245
304
309
257
282
296
317
386
317
371
356
357
325
326
307
282
240
142
114
154
201
124
145
104
153
74
107
91
89
150
88
37
65
136
81
69
10
-16
-63
-69
-94
-38
-96
-177
-154
-184
-138
-201
-151
-171
-126
-209
-159
-99
-168
-105
-181
-210
-221
-141
-260
-193
-162
-208
-226
-281
-219
-189
-143
-188
-33
-84
-98
-102
-101
-78
-149
-44
-150
5
-55
-22
-93
-88
-62
-67
-17
-79
-39
-29
5
48
125
60
131
72
87
76
148
122
150
145
106
185
114
84
124
63
53
92
95
189
151
168
133
129
49
147
158
117
185
82
120
81
204
122
115
4
30
27
13
52
-36
10
-59
5
-79
11
-45
15
-95
-71
-46
-41
-66
-93
-94
-167
-148
-233
-221
-213
-220
-244
-168
-240
-198
-243
-255
-217
-190
-184
-241
-212
-231
-172
-206
-229
-237
-216
-156
-155
-133
-147
-165
-172
-244
-205
-155
-79
-49
-41
-10
-38
-15
-91
-16
43
-10
20
13
33
67
78
33
50
50
46
-35
39
157
145
191
154
231
139
197
172
302
303
253
191
160
296
255
255
195
279
216
191
153
203
212
171
130
157
188
125
97
41
124
93
129
119
92
114
77
35
-37
6
23
-32
-35
-58
-8
-71
-61
-66
-58
-71
-86
-139
-128
-88
-160
-84
-120
-147
-141
-150
-181
-152
-89
-176
-112
-199
-220
-214
-222
-159
-116
-59
-114
-36
-136
-134
-121
-73
-67
-127
-110
-160
-90
-225
-193
-170
-151
-179
-107
-125
-131
-130
-159
-77
-38
-26
-21
73
47
112
94
88
112
170
137
203
202
187
159
205
219
228
214
208
191
175
238
258
303
268
259
274
265
222
283
343
325
251
315
269
280
248
246
276
183
177
180
204
157
172
104
141
136
75
38
58
8
18
-11
14
19
45
16
-18
-65
-81
-93
-134
-100
-81
-82
-95
-60
-146
-160
-171
-168
-122
-158
-105
-155
-177
-160
-170
-215
-218
-270
-300
-267
-260
-242
-254
-268
-256
-306
-296
-261
-223
-211
-166
-200
-171
-82
-77
-90
-71
-69
-101
-45
-102
-22
-56
-20
-48
20
-99
-34
-6
-56
32
79
121
104
66
99
131
79
125
180
190
257
193
196
236
178
198
177
151
198
189
176
226
202
154
170
100
183
155
104
158
185
138
119
133
88
102
11
28
89
46
81
83
32
26
-1
-108
-61
10
-44
-19
-40
-86
-117
-156
-153
-235
-229
-251
-234
-233
-270
-216
-253
-255
-306
-328
-304
-276
-300
-307
-285
-266
-281
-245
-217
-254
-302
-316
-248
-232
-226
-173
-147
-165
-224
-247
-203
-159
-97
-84
-51
-4
-48
-17
-21
12
-14
6
72
72
119
98
174
158
164
119
142
140
177
221
268
280
232
232
196
201
181
212
262
316
331
330
269
252
271
189
271
229
233
230
236
278
269
225
173
184
192
115
129
158
148
173
91
60
39
-11
-78
-37
-65
-64
-82
-25
-34
-77
-110
-141
-100
-136
-192
-199
-133
-160
-125
-162
-139
-162
-215
-290
-315
-293
-301
-223
-215
-166
-211
-269
-259
-228
-291
-216
-154
-121
-92
-92
-72
-123
-119
-147
-80
-39
32
14
24
14
-2
-20
-45
19
25
38
116
135
101
85
115
68
52
110
188
182
242
244
228
240
285
282
238
275
204
334
347
282
442
258
278
196
340
216
379
308
295
300
59
188
152
233
94
236
63
128
42
37
107
141
179
93
115
16
52
31
23
98
61
82
-21
-3
-130
-102
-144
-213
-152
-202
-210
-183
-190
-319
-225
-260
-226
-244
-287
-206
-185
-227
-210
-234
-252
-212
-214
-243
-173
-204
-159
-165
-208
-229
-202
-300
-211
-149
-287
-93
-135
-114
-147
-153
-193
-143
-114
-66
-58
-87
56
4
-79
25
125
-3
14
77
142
79
151
191
193
169
144
218
217
177
246
238
192
209
190
102
114
156
114
109
111
134
183
136
60
189
124
123
131
126
51
145
150
94
81
101
144
28
6
-83
-20
-33
-21
-3
-69
-41
-177
-79
-224
-181
-79
-120
-61
-111
-107
-144
-65
-195
-106
-106
-162
-108
-162
-100
-205
-224
-225
-179
-257
-214
-121
-144
-102
-252
-156
-147
-181
-172
-103
-140
-136
-182
-146
-148
-119
-91
-87
-127
-118
-77
-102
-83
-83
-24
3
-31
-118
69
-37
40
-16
85
13
28
134
15
47
-31
12
24
80
14
86
55
150
168
88
92
209
146
160
212
238
341
215
287
189
130
20
172
156
148
141
116
117
24
82
54
140
48
207
111
122
69
129
164
23
83
90
53
79
19
-14
35
26
-32
32
-81
-129
-42
-174
-124
-66
-66
-123
-153
-120
-187
-93
-163
-166
-191
-166
-93
-263
-202
-140
-115
-189
-126
-257
-68
-232
-155
-83
-134
-70
-103
-86
-169
-127
-188
-63
-65
-66
-13
-84
-111
-97
-117
-113
-46
31
69
47
-74
121
56
40
105
204
280
146
264
192
237
230
230
209
236
205
285
294
231
174
175
159
199
205
180
300
246
235
261
218
277
308
165
263
150
255
188
188
114
208
92
50
123
54
137
12
21
55
80
-44
20
4
62
-26
-80
-107
-89
-98
-146
-92
-124
-65
-134
-111
-154
-153
-114
-160
-66
-65
-145
-164
-188
-228
-142
-157
-257
-66
-124
-159
-103
-240
-220
-154
-224
-249
-136
-215
-76
-129
-155
-188
-115
-150
-155
27
-32
116
-104
50
-81
-2
-65
0
52
-14
128
71
-13
-32
81
43
86
33
67
131
112
121
235
146
70
175
191
217
171
145
185
140
163
82
190
100
117
61
50
65
32
119
122
61
76
-13
50
-7
-42
-4
-3
14
-119
-4
-154
-3
-145
-91
9
-125
-137
-57
-144
-127
-19
-181
-45
-121
-171
-93
-142
-205
-91
-136
-236
-116
-231
-202
-178
-224
-165
-156
-173
-200
-160
-179
-105
-200
-153
-64
-131
-91
-100
-40
-83
-45
-130
-66
-73
-66
17
-23
-6
-37
34
-139
-13
7
39
-12
25
120
46
107
60
126
110
66
93
201
130
59
188
172
42
139
61
55
97
106
139
167
72
150
125
38
112
122
70
72
91
24
60
28
75
54
96
8
45
26
12
-26
71
48
-21
49
20
8
4
-26
-27
16
-116
-65
-23
-48
-83
-56
-95
-134
-54
-100
3
-83
-101
-101
-134
-106
-64
-48
-95
-56
-50
-83
-82
-72
-97
-104
-89
-114
-62
-40
-99
-79
-91
-129
-118
-129
-123
-78
-51
-24
16
-37
10
-22
-48
37
82
11
38
78
118
123
82
94
83
85
78
94
139
96
195
154
146
95
97
142
173
184
161
215
146
239
220
216
178
235
201
192
226
214
207
182
188
208
184
164
208
110
121
119
81
88
112
66
77
63
21
46
-10
37
60
26
15
-9
-34
-35
-25
-24
-38
-35
-48
-58
-82
-77
-95
-119
-141
-141
-118
-129
-104
-145
-128
-160
-182
-198
-198
-166
-158
-144
-116
-115
-152
-144
-160
-154
-138
-105
-97
-77
-80
-69
-92
-86
-104
-126
-65
-86
-60
-63
-51
-25
-37
-38
-55
-40
-55
-6
12
18
53
59
80
92
82
68
89
116
129
138
142
158
159
139
171
153
170
150
147
148
155
145
109
146
136
122
128
128
131
124
118
111
101
92
62
72
75
72
64
29
39
39
21
31
-12
-7
-51
-41
-61
-56
-73
-86
-76
-130
-135
-162
-148
-178
-159
-169
-164
-170
-181
-201
-194
-205
-205
-191
-207
-170
-156
-148
-163
-170
-173
-174
-198
-193
-184
-187
-154
-165
-172
-164
-173
-161
-159
-141
-115
-105
-100
-73
-73
-72
-67
-72
-48
-27
-14
2
21
16
37
24
24
48
40
48
57
65
74
57
51
64
58
76
66
84
91
92
114
106
103
75
86
79
98
99
92
94
96
74
71
85
86
94
95
88
94
93
92
90
76
69
52
63
53
53
39
58
36
33
26
12
15
-6
1
-15
11
2
-2
15
-2
-30
-36
-17
-22
-31
-59
-60
-79
-85
-86
-99
-109
-119
-120
-122
-92
-90
-79
-83
-85
-75
-76
-102
-100
-70
-59
-44
-45
-44
-16
-44
-42
-40
-39
-37
-60
-26
-22
-23
-31
-20
-11
-6
4
10
20
21
32
57
71
54
57
71
72
78
90
91
89
106
115
117
129
115
116
137
125
135
139
116
122
125
123
113
128
141
141
132
131
116
108
105
103
110
103
107
91
89
89
95
86
76
67
62
41
44
44
29
13
-13
-25
-37
-42
-58
-69
-63
-57
-62
-64
-56
-64
-60
-52
-59
-45
-59
-68
-81
-77
-55
-57
-56
-72
-76
-101
-100
-107
-97
-86
-93
-95
-95
-94
-96
-85
-74
-83
-77
-53
-47
-53
-46
-27
-23
-23
-14
15
30
28
30
35
34
29
33
45
51
75
77
81
85
78
92
61
75
86
87
107
95
106
89
84
94
102
131
113
119
129
131
136
123
125
112
105
101
109
99
86
75
48
38
29
26
16
-2
-21
-39
-38
-48
-72
-69
-71
-78
-85
-95
-95
-107
-109
-113
-100
-101
-113
-122
-134
-125
-153
-169
-179
-165
-164
-174
-168
-183
-171
-158
-157
-165
-174
-174
-169
-157
-152
-154
-151
-158
-147
-127
-124
-123
-119
-107
-105
-95
-80
-73
-65
-59
-58
-34
-19
-1
1
-14
-4
-4
20
23
24
44
36
33
34
49
57
59
72
81
92
89
101
110
124
133
114
130
126
122
121
131
133
108
107
105
101
90
80
93
83
78
82
75
82
78
75
72
75
73
54
49
46
56
56
44
46
23
14
3
3
4
1
-3
-23
-33
-59
-56
-70
-72
-64
-67
-53
-48
-54
-70
-70
-76
-73
-62
-60
-63
-75
-82
-95
-84
-86
-87
-86
-77
-62
-60
-57
-47
-53
-71
-57
-59
-54
-34
-43
-32
-43
-44
-41
-32
-12
-22
-4
6
21
22
27
39
43
49
63
71
88
95
93
98
82
97
91
87
79
69
89
93
84
86
86
81
81
80
89
113
115
135
130
113
109
106
113
109
95
96
91
81
79
81
66
55
47
33
34
36
34
19
16
12
14
17
5
-5
-15
-19
-12
-23
-30
-29
-32
-40
-46
-50
-59
-66
-66
-58
-42
-60
-65
-68
-73
-90
-108
-87
-93
-91
-92
-81
-92
-106
-99
-92
-88
-85
-58
-54
-37
-36
-38
-26
-40
-34
-29
-12
1
7
9
9
14
6
8
15
15
24
23
29
31
27
27
20
20
35
33
46
58
73
77
63
75
76
83
89
90
91
79
81
76
66
62
64
72
67
71
70
71
74
72
67
78
75
74
67
45
49
31
35
31
22
11
-16
-9
-10
-8
-17
-22
-18
-21
-31
-37
-43
-51
-54
-65
-73
-85
-82
-84
-95
-101
-109
-120
-119
-110
-111
-114
-121
-118
-109
-94
-92
-98
-93
-88
-82
-80
-61
-66
-67
-71
-77
-72
-89
-89
-96
-91
-78
-72
-59
-55
-49
-48
-47
-45
-24
-9
-8
-5
-3
5
11
18
19
31
26
23
34
41
50
38
35
36
43
39
37
48
52
52
58
67
76
77
66
78
65
69
80
72
64
43
43
55
46
43
49
43
38
37
35
22
8
-1
-3
3
-3
-3
-8
-20
-27
-51
-61
-70
-77
-65
-62
-62
-76
-85
-69
-68
-65
-60
-71
-64
-59
-64
-58
-59
-63
-72
-77
-68
-62
-66
-71
-73
-67
-64
-64
-56
-63
-56
-61
-61
-48
-43
-31
-30
-20
-18
-13
6
20
29
36
29
39
38
47
47
43
48
49
53
55
67
72
82
82
93
99
112
119
119
126
116
126
134
128
119
114
110
110
116
115
112
101
99
102
95
96
87
90
90
77
68
58
56
47
32
24
17
11
5
0
-4
-9
-16
-24
-31
-30
-37
-40
-39
-45
-53
-51
-51
-62
-63
-81
-87
-93
-105
-104
-107
-111
-123
-122
-119
-117
-123
-119
-113
-100
-93
-99
-92
-93
-88
-85
-77
-75
-75
-73
-69
-58
-58
-60
-58
-55
-47
-47
-46
-36
-29
-28
-33
-18
-3
9
13
23
29
37
35
38
50
52
61
63
59
71
78
78
90
89
103
109
100
104
107
101
110
116
111
109
115
121
122
116
105
106
96
98
100
96
95
86
79
79
72
64
70
63
71
61
67
65
47
46
30
24
2
-5
-5
-10
-16
-26
-29
-37
-43
-56
-57
-52
-54
-59
-65
-65
-70
-83
-89
-93
-85
-79
-80
-81
-87
-98
-109
-104
-108
-109
-111
-100
-101
-107
-117
-111
-104
-97
-87
-76
-75
-81
-72
-63
-50
-49
-45
-37
-37
-27
-21
-14
-6
-7
-12
-6
-5
-1
5
8
18
20
27
30
37
39
31
35
28
35
39
39
42
51
47
49
55
47
51
51
58
58
62
81
83
87
80
72
74
71
73
68
73
68
63
54
40
31
22
17
22
23
21
16
12
23
3
-6
-4
-12
-20
-23
-21
-26
-30
-38
-42
-43
-51
-63
-61
-55
-61
-67
-72
-72
-74
-75
-75
-72
-68
-77
-82
-72
-55
-54
-55
-56
-55
-56
-57
-46
-34
-28
-36
-28
-28
-22
-14
-10
2
0
7
19
22
22
16
9
19
29
31
35
27
29
33
33
37
39
38
42
50
53
49
49
56
61
66
65
64
56
55
57
64
60
57
48
49
47
25
17
15
16
17
27
33
30
21
16
8
6
13
20
19
14
7
-2
-6
-11
-21
-25
-28
-24
-24
-30
-37
-44
-49
-56
-48
-49
-49
-48
-47
-36
-33
-44
-40
-46
-52
-56
-56
-48
-55
-59
-66
-57
-57
-56
-48
-40
-39
-41
-46
-48
-47
-49
-52
-57
-54
-56
-46
-44
-43
-42
-45
-45
-33
-24
-22
-13
-4
-3
0
8
13
31
34
40
45
45
41
46
51
54
49
45
49
46
53
58
66
73
78
83
89
90
91
94
95
99
99
98
95
93
94
98
101
101
97
87
85
80
81
82
78
70
62
58
57
57
47
48
47
50
46
43
47
37
29
23
29
24
15
8
-1
1
2
-11
-13
-3
-6
-13
-22
-26
-31
-41
-44
-43
-43
-38
-33
-37
-46
-57
-64
-60
-54
-53
-48
-43
-46
-53
-58
-52
-45
-40
-35
-31
-28
-27
-30
-30
-31
-31
-33
-37
-27
-28
-27
-20
-23
-20
-22
-20
-10
-4
3
11
9
8
9
3
7
19
23
26
30
31
36
37
32
27
20
11
20
19
16
19
16
13
4
-1
1
10
14
16
15
7
8
-1
-2
-2
-9
-23
-26
-23
-30
-30
-34
-30
-23
-30
-34
-38
-44
-40
-45
-52
-51
-55
-59
-65
-70
-72
-81
-86
-86
-83
-79
-74
-69
-69
-71
-76
-74
-63
-53
-49
-44
-35
-38
-47
-49
-49
-47
-40
-36
-35
-28
-27
-27
-12
-9
-9
-7
-6
-3
2
4
8
7
8
15
15
20
24
27
34
38
36
34
32
32
21
26
27
19
22
20
18
19
17
16
9
5
19
15
17
17
19
24
20
21
15
21
18
21
21
14
12
9
9
8
11
8
2
-4
-5
-8
-8
-6
-3
-3
-9
-12
-11
-10
-5
-4
-5
-2
-3
-7
-9
1
7
12
11
11
10
2
-1
-9
-14
-15
-26
-25
-18
-13
-9
-10
-16
-20
-18
-17
-17
-17
-22
-20
-24
-24
-20
-13
-10
0
8
13
21
21
11
12
13
8
8
7
16
23
26
23
30
30
35
39
46
48
62
63
56
53
62
68
71
87
90
100
103
108
113
116
110
98
95
99
111
104
94
92
87
90
92
93
97
88
81
79
74
73
72
57
53
52
44
46
46
40
38
31
23
14
7
0
1
-2
-13
-12
-18
-23
-17
-20
-28
-27
-34
-40
-43
-46
-55
-61
-61
-58
-60
-68
-77
-72
-71
-74
-67
-67
-67
-68
-75
-78
-79
-77
-69
-72
-66
-59
-66
-63
-68
-67
-66
-67
-62
-57
-56
-57
-55
-57
-55
-51
-43
-32
-27
-26
-21
-21
-21
-20
-20
-26
-21
-9
-2
1
1
6
-1
2
8
10
13
15
16
18
15
16
6
7
19
17
18
12
13
15
19
25
28
37
37
36
39
37
31
35
24
20
28
27
26
19
9
13
7
14
18
14
11
6
3
-10
-16
-23
-38
-39
-30
-29
-31
-46
-56
-67
-70
-71
-65
-59
-60
-53
-62
-68
-73
-75
-73
-76
-73
-68
-63
-58
-51
-54
-55
-55
-58
-44
-33
-30
-29
-27
-22
-18
-18
-16
-7
0
7
9
17
16
14
11
11
10
6
6
9
12
15
19
17
16
25
32
37
38
33
36
41
43
39
39
38
37
41
40
43
39
39
33
31
33
36
32
28
30
28
28
24
19
11
0
-9
-11
-18
-18
-18
-17
-8
-8
-11
-15
-17
-24
-22
-15
-18
-12
-13
-18
-26
-28
-27
-29
-24
-31
-29
-17
-13
-12
-9
-12
-14
-16
-18
-17
-12
-10
-18
-19
-16
-10
-19
-19
-13
-14
-1
8
12
14
7
5
14
20
23
22
20
22
24
25
33
33
31
41
41
39
43
43
43
46
49
54
60
46
41
51
58
64
62
63
62
64
72
71
66
62
56
59
67
66
60
58
55
60
56
58
59
51
52
54
48
43
45
42
45
39
39
37
38
35
33
41
35
34
25
20
28
22
22
10
8
14
11
11
2
5
9
7
0
-2
-1
-3
-8
-13
-21
-27
-32
-26
-28
-33
-27
-29
-32
-37
-38
-40
-43
-42
-51
-56
-58
-66
-68
-68
-71
-71
-71
-64
-69
-67
-56
-49
-39
-41
-41
-43
-44
-39
-34
-30
-31
-22
-25
-24
-25
-21
-19
-20
-8
-1
8
17
22
23
14
9
10
9
15
26
33
37
37
36
39
45
45
44
46
49
60
57
51
48
38
27
22
23
23
22
20
14
12
6
-6
-6
-14
-15
-18
-22
-23
-28
-28
-34
-36
-38
-42
-50
-55
-56
-55
-45
-46
-52
-51
-48
-49
-54
-63
-61
-62
-65
-60
-60
-61
-64
-68
-66
-56
-57
-51
-47
-46
-43
-40
-40
-48
-48
-46
-44
-47
-51
-45
-42
-43
-41
-39
-32
-31
-20
-19
-15
-8
-9
-13
-13
-10
-6
8
13
14
17
19
22
24
30
28
25
25
26
25
29
29
26
26
23
27
29
23
24
18
18
16
16
15
16
19
15
18
14
15
14
15
18
14
12
5
5
2
-1
-1
-8
-7
-8
-7
-9
-12
-21
-26
-24
-26
-29
-29
-26
-26
-26
-23
-24
-18
-17
-21
-25
-18
-12
-16
-16
-15
-21
-19
-22
-20
-10
-8
-4
-6
-16
-21
-11
-5
2
9
13
15
13
15
14
12
13
19
32
33
33
40
39
39
35
36
32
35
42
47
47
50
44
47
51
48
47
46
45
39
42
43
40
40
35
35
39
38
45
48
45
50
57
58
57
56
52
48
47
53
57
61
59
50
47
48
45
48
45
46
43
41
40
41
39
42
44
40
38
33
27
13
7
6
5
5
7
2
-5
-13
-18
-16
-19
-19
-20
-21
-20
-22
-23
-23
-32
-39
-43
-49
-49
-50
-55
-57
-61
-61
-63
-65
-66
-69
-59
-54
-57
-51
-55
-54
-53
-46
-39
-34
-30
-23
-23
-20
-20
-22
-21
-28
-30
-28
-17
-11
-12
-6
-3
0
3
11
19
23
24
28
31
24
19
14
12
15
24
31
33
34
31
23
19
20
23
17
15
13
15
24
18
17
10
9
8
16
21
20
23
11
6
4
1
-8
1
2
-5
0
-5
-6
-8
-16
-16
-24
-32
-39
-42
-48
-52
-53
-54
-59
-53
-49
-56
-59
-66
-66
-68
-69
-73
-79
-73
-69
-63
-62
-59
-59
-61
-58
-56
-52
-52
-56
-60
-61
-61
-54
-46
-41
-42
-32
-28
-30
-24
-18
-17
-22
-22
-24
-21
-16
-11
-14
-16
-9
-6
-1
6
4
12
13
10
11
10
15
19
20
19
15
17
26
30
29
29
27
31
34
34
39
30
27
30
30
36
35
39
44
42
37
33
30
32
30
27
25
22
25
20
20
21
19
16
12
10
7
0
2
1
-2
-1
1
-3
5
0
-5
2
-2
6
3
-1
-5
-6
-12
-17
-17
-18
-18
-19
-13
-15
-9
-15
-19
-12
-14
-9
-8
-8
-1
0
-5
5
4
7
10
8
6
4
4
2
1
-3
-2
6
16
19
20
27
31
35
35
37
41
44
40
40
42
40
42
40
46
44
46
48
53
58
57
58
54
61
66
65
55
56
54
42
45
39
40
36
28
30
27
25
21
20
21
22
22
17
16
16
20
16
16
16
13
15
12
10
16
15
9
0
-6
-1
-2
2
0
-2
-5
-13
-12
-10
-7
-14
-13
-19
-25
-15
-19
-14
-10
-11
-12
-15
-16
-17
-20
-22
-16
-23
-24
-27
-29
-26
-22
-11
-9
-10
-7
-9
-5
-6
-12
-11
-11
-2
-1
0
4
2
2
8
11
12
8
4
5
7
11
16
16
17
15
15
23
27
25
20
24
25
21
21
21
20
19
18
20
29
31
33
35
32
24
15
13
13
16
8
6
9
8
3
-5
-1
-8
-19
-27
-30
-34
-41
-45
-54
-58
-58
-61
-63
-64
-68
-72
-78
-86
-89
-88
-90
-92
-96
-96
-90
-89
-85
-88
-84
-80
-78
-72
-76
-80
-75
-72
-75
-66
-66
-69
-60
-53
-45
-37
-29
-21
-20
-24
-16
-7
-2
-6
-4
-4
-9
-3
2
8
9
10
15
21
27
33
26
31
33
28
37
42
45
54
56
57
58
60
59
58
55
51
57
55
55
55
50
50
49
51
50
51
47
44
42
35
29
27
22
19
16
21
17
14
15
12
11
11
8
2
-1
-3
-3
-10
-13
-21
-24
-20
-29
-22
-11
-15
-19
-27
-31
-28
-37
-44
-48
-49
-49
-52
-46
-48
-46
-43
-39
-36
-24
-14
-8
4
3
13
17
12
12
10
10
16
21
18
15
15
12
11
8
11
12
12
16
17
12
12
12
9
17
32
40
41
37
36
40
39
37
34
33
32
35
39
41
43
42
43
43
41
43
47
44
45
45
42
44
43
40
34
34
34
30
23
18
16
19
16
14
11
12
11
10
8
10
10
6
-1
-5
-2
-1
-3
-1
-2
-3
-3
-4
-1
4
5
10
12
10
11
5
4
-4
-11
-15
-21
-19
-24
-30
-31
-28
-29
-21
-25
-24
-23
-26
-27
-29
-35
-37
-37
-39
-32
-36
-38
-38
-38
-35
-36
-35
-37
-32
-31
-34
-33
-34
-28
-30
-29
-20
-23
-26
-20
-17
-13
-13
-12
1
6
0
-3
3
1
6
9
6
12
13
15
15
17
15
16
19
18
25
23
24
25
27
27
30
35
31
23
21
26
28
24
13
14
21
23
20
18
17
14
8
3
10
12
7
0
-10
-11
-4
-4
-13
-13
-12
-16
-20
-21
-19
-29
-32
-37
-43
-38
-33
-32
-30
-28
-29
-23
-25
-26
-25
-27
-27
-23
-24
-23
-25
-28
-26
-34
-32
-28
-21
-18
-17
-12
-5
-4
-9
-7
-9
-4
-2
7
14
12
13
10
17
24
20
17
17
19
18
12
14
20
22
25
21
27
33
31
23
22
19
11
10
10
9
6
1
-2
0
3
9
10
13
20
21
21
15
14
8
-2
-4
0
2
-2
3
5
2
-2
1
-3
-10
-11
-14
-21
-17
-14
-17
-18
-22
-23
-28
-34
-39
-40
-36
-43
-43
-43
-46
-36
-34
-33
-28
-32
-33
-28
-25
-28
-21
-27
-25
-28
-29
-21
-22
-14
-15
-9
-3
0
5
16
19
21
18
16
16
12
14
18
15
15
15
10
16
18
19
20
21
16
17
21
21
27
34
35
30
25
28
32
36
45
40
37
33
35
31
30
32
24
22
22
18
22
18
13
10
6
5
8
12
16
12
9
13
6
5
0
2
5
-1
-2
-10
-16
-17
-19
-20
-24
-20
-15
-18
-23
-25
-29
-26
-18
-24
-17
-23
-20
-16
-19
-15
-16
-8
-12
-15
-6
-4
-6
-6
-6
0
6
13
17
28
35
26
28
25
27
25
25
29
20
14
7
-2
2
1
16
17
18
25
22
28
27
26
22
20
21
21
21
20
19
21
22
19
24
23
25
28
30
34
32
35
34
40
42
41
44
46
45
43
42
42
32
27
29
20
12
10
14
12
14
16
14
9
11
12
15
15
9
8
10
11
10
12
12
12
10
10
14
7
4
4
-1
-1
-3
-1
6
8
15
13
9
11
9
8
9
10
1
-4
-5
-5
-29
-31
-11
-36
-19
6
-19
-28
-5
14
5
-39
-51
2
0
-29
-36
-39
-21
-6
-7
-26
-49
-22
20
-8
-31
-43
-27
1
-25
-47
-34
-34
-3
-3
-33
-19
-10
1
-7
-31
-22
-2
-2
3
-3
-18
3
18
14
9
12
18
35
25
11
14
-7
4
11
-3
-1
-11
-18
-16
-14
-21
-17
-28
-23
-5
-24
-28
-30
-24
-21
-45
-55
-65
-51
-44
-43
-43
-74
-64
-52
-55
-79
-88
-50
-42
-72
-86
-73
-54
-52
-71
-92
-84
-73
-65
-63
-89
-81
-69
-61
-56
-75
-69
-65
-53
-48
-61
-67
-63
-41
-37
-48
-57
-19
7
-19
-23
-16
-6
-4
-15
-17
-9
-9
-7
8
8
17
24
23
28
45
37
43
56
56
53
41
37
42
40
36
40
35
40
47
40
48
62
31
40
54
50
47
35
39
40
18
7
19
18
21
17
2
15
36
21
8
3
14
30
5
-7
2
3
-3
-4
2
2
-7
-4
1
0
9
2
5
7
6
4
-9
-3
3
9
1
-3
-2
-3
2
4
8
0
-2
7
14
15
19
15
14
22
26
24
35
26
23
11
-3
23
64
73
63
64
52
62
67
128
160
586
1092
765
364
887
1171
592
39
581
1499
233
-1123
-539
843
1327
203
-565
-502
-221
-40
-450
-745
-20
315
-556
-1517
-850
-229
-748
-923
-847
-45
-193
-596
36
126
-1196
-1366
-888
-160
566
152
-269
190
246
-516
-647
-147
572
622
-91
98
730
376
-65
144
409
268
-149
-205
382
639
390
141
-110
-231
-264
-230
-95
-109
-405
-231
72
-300
-629
-591
-174
-154
-538
-379
119
95
49
-25
-11
-88
-67
330
330
57
424
817
491
247
327
551
372
-40
179
624
295
169
302
225
-90
-405
-203
-165
-252
-101
97
-14
-200
-357
-278
-197
-149
-189
-281
-88
76
-11
72
284
116
-181
-256
15
307
409
408
471
127
-106
-7
176
213
92
133
120
-77
-138
-24
122
102
-240
-406
-318
-261
-178
-98
-20
-9
-307
-461
-349
-27
118
3
-7
2
-51
-70
44
185
246
103
-29
-80
30
174
228
210
54
-78
-164
-125
-27
40
43
-49
-163
-201
-160
-83
-116
-207
-191
-77
-32
-54
-36
-18
-57
-62
-65
-82
-44
64
175
159
87
51
147
164
83
93
94
26
93
139
148
135
19
-64
-95
-139
-146
-50
-3
-27
-140
-201
-211
-189
-120
-56
-20
-73
-103
-73
-11
34
42
64
37
-24
-33
58
161
219
223
187
133
89
68
126
231
224
114
-23
-56
15
88
85
19
-23
-53
-79
-79
-38
6
6
-46
-141
-197
-156
-110
-70
-45
-81
-138
-158
-91
18
117
91
14
-16
3
78
164
152
166
145
108
88
94
173
185
153
69
79
117
136
93
49
77
160
161
57
25
24
87
127
84
49
74
77
63
106
128
133
69
7
39
96
71
-2
8
50
59
20
-21
-5
4
-36
14
72
29
-6
21
141
180
90
62
92
112
71
14
-21
-44
-32
-12
-1
-33
-96
-147
-153
-134
-108
-99
-204
-271
-232
-98
-34
-138
-247
-243
-135
-94
-147
-141
-59
-39
-114
-207
-182
-113
-57
-47
-85
-92
-112
-123
-87
-3
40
-45
-141
-117
-17
95
102
48
12
-5
20
61
113
111
49
-2
34
112
156
94
64
70
59
52
85
150
107
98
113
155
147
62
35
80
83
19
-63
-80
21
52
4
-49
-29
-10
-46
-64
-50
18
21
-38
-60
-59
-46
-24
-50
-50
-24
-60
-54
-27
7
18
-34
-63
-45
-10
-9
29
22
-94
-113
-40
-55
-56
-64
-90
-64
-86
-129
-171
-103
-22
-45
-103
-130
-118
-85
-118
-119
-56
-27
-59
-77
-23
-12
-31
-45
-106
-114
-52
11
67
64
63
62
30
-40
-66
-7
36
54
18
-9
29
73
73
16
-47
-54
-26
65
175
143
79
65
50
53
59
52
57
110
153
134
119
109
112
106
53
28
75
149
190
187
132
59
58
51
6
-16
-20
26
81
95
11
-90
-66
-25
-70
-161
-191
-98
-23
-42
-76
-113
-167
-218
-216
-134
-82
-95
-126
-127
-35
-6
-80
-155
-132
-38
-24
-55
-69
-27
-6
-96
-133
-95
-76
-60
-46
37
104
106
58
6
-14
12
13
13
30
38
70
80
90
72
39
-20
-15
59
89
78
104
100
78
53
4
-2
35
61
38
75
115
61
43
46
40
28
-23
-73
-49
14
71
62
21
-21
-56
-62
-74
-10
29
-17
-25
13
36
8
-54
-81
-59
-16
34
72
107
115
105
51
34
56
36
30
71
168
205
130
55
37
28
28
30
40
58
64
89
84
51
-6
-62
-91
-83
-36
8
17
5
6
-17
-56
-102
-91
-37
13
39
36
47
47
23
-22
-38
-36
-40
-56
-37
12
26
-15
-78
-115
-103
-103
-126
-133
-117
-55
-18
-42
-78
-75
-72
-106
-102
-41
24
25
1
7
24
29
2
-14
15
79
89
89
138
163
114
85
93
109
118
103
155
210
165
110
118
112
50
19
49
95
62
-10
-12
39
33
-62
-117
-95
-37
-15
-50
-78
-54
-34
-40
-78
-87
-62
-52
-45
-39
-17
-25
-66
-84
-75
-71
-73
-47
-19
-27
-35
-7
12
-21
-79
-82
-27
19
-5
-54
-18
19
0
-51
-75
-25
-24
-56
-34
9
6
-33
-43
-33
-44
-99
-115
-42
8
1
-43
-50
-7
2
-49
-78
-41
-20
-3
-1
2
-19
-62
-80
-93
-83
-80
-78
-53
-18
-22
-59
-73
-73
-60
-74
-65
18
47
24
28
68
108
95
76
97
137
156
161
167
155
136
147
134
111
88
78
112
138
121
91
74
52
27
-16
5
35
21
-27
-66
-23
-9
-55
-114
-99
-82
-101
-105
-97
-42
-40
-89
-121
-105
-60
-51
-86
-92
-69
-63
-69
-78
-64
-66
-82
-80
-64
-51
-60
-70
-73
-50
-28
-44
-60
-68
-68
-27
1
-12
-36
-55
-36
-22
-31
-60
-65
-45
-45
-51
-71
-55
-13
9
-7
-38
-24
19
59
65
42
43
86
107
83
62
86
124
117
102
127
162
169
147
145
150
149
124
81
111
153
139
91
73
111
131
95
51
47
67
83
79
78
50
25
23
6
1
-7
-22
-12
14
-8
-52
-59
-27
-4
-30
-64
-44
0
10
-2
-4
14
31
19
4
4
31
34
21
44
68
56
34
29
33
41
55
51
29
21
14
6
3
-17
-21
-16
-8
14
9
0
12
30
-4
-65
-70
-14
4
-46
-68
-41
-26
-56
-84
-67
-43
-49
-72
-78
-55
-30
-38
-54
-42
-28
-50
-66
-41
18
32
4
-3
12
33
22
12
17
35
49
54
61
74
63
47
56
49
45
44
39
53
58
51
52
54
54
57
73
72
72
54
39
46
29
28
7
-1
10
1
1
13
10
2
-13
-9
-1
-30
-32
-21
-11
-26
-53
-47
-55
-59
-50
-70
-90
-89
-69
-46
-56
-60
-53
-65
-71
-82
-77
-64
-76
-94
-98
-86
-63
-58
-78
-85
-72
-54
-51
-45
-31
-7
-15
-37
-19
9
22
4
-19
-8
8
17
-1
-5
1
10
9
-11
-13
-1
18
34
28
10
-4
-8
-13
-29
-24
-35
-53
-54
-49
-42
-50
-70
-82
-86
-83
-90
-87
-65
-71
-72
-77
-72
-38
-34
-44
-48
-30
-7
-15
-36
-33
-4
19
4
-10
16
42
40
25
35
58
49
34
33
58
70
43
41
56
61
58
50
61
68
52
44
43
52
46
22
12
4
4
3
-10
1
2
-16
-22
-28
-31
-39
-42
-47
-68
-67
-62
-52
-52
-78
-71
-65
-60
-41
-38
-28
-25
-19
-14
-31
-41
-32
-10
11
7
4
21
33
40
38
36
44
58
80
73
75
99
111
116
117
119
138
137
122
139
159
161
140
133
136
136
137
119
111
108
102
91
76
63
52
51
41
17
2
-5
-4
-5
-18
-40
-46
-46
-67
-85
-66
-45
-66
-104
-105
-83
-57
-65
-88
-85
-100
-101
-83
-71
-73
-67
-57
-53
-43
-47
-42
-24
-23
-16
-14
-5
0
3
10
6
22
25
25
29
40
50
61
66
46
43
45
58
59
57
53
38
32
22
26
28
32
28
20
15
16
17
-3
-5
-6
-5
-5
-13
-18
-24
-31
-24
-28
-53
-53
-39
-27
-19
-18
-20
-13
0
15
9
-8
2
27
31
28
30
26
24
22
27
36
48
51
54
50
57
56
48
41
37
33
28
32
31
25
27
39
31
12
5
6
10
0
-5
-11
-20
-22
-25
-37
-51
-37
-40
-55
-59
-50
-55
-54
-58
-39
-9
-11
-10
-2
-9
-60
-124
-127
-70
-61
-70
-53
-56
-115
-166
-184
-175
-169
-129
-92
-91
-123
-163
-191
-175
-120
-82
-47
-21
-6
-24
-41
-35
-12
19
54
72
88
92
88
82
71
70
77
76
67
52
37
50
48
30
22
33
34
10
-8
-21
-11
4
6
9
15
29
32
7
-5
5
6
-2
4
9
4
-7
-18
-16
-10
-8
-24
-33
-36
-43
-48
-41
-13
-11
-14
-12
-12
-9
-9
-5
9
30
38
42
40
48
56
42
30
32
40
37
18
9
26
34
36
29
14
2
0
-7
-14
-9
-18
-15
-21
-22
-25
-53
-74
-65
-47
-35
-24
-31
-26
-18
-27
-28
-39
-45
-23
-12
-25
-28
-16
-16
-29
-32
-23
-10
-11
-4
9
12
14
25
31
30
31
35
38
31
32
37
41
54
56
42
36
42
55
69
77
67
63
58
60
65
58
57
53
53
50
50
49
45
31
34
37
30
37
53
56
55
54
44
52
54
59
61
51
45
43
45
32
19
27
35
36
20
3
2
12
7
-12
-23
-22
-30
-34
-36
-37
-34
-33
-31
-34
-32
-39
-41
-33
-31
-30
-23
-17
-20
-15
-19
-24
-19
-9
-3
-7
-13
-20
-14
-23
-22
-19
-21
-13
-11
-18
-27
-22
-13
-5
-11
-8
1
8
4
6
17
28
36
34
34
39
52
54
47
44
50
53
42
32
36
42
45
31
12
20
19
13
19
22
13
-1
1
0
3
-6
-24
-28
-36
-36
-35
-34
-38
-45
-34
-20
-12
-9
-16
-13
-8
-11
-13
-18
-7
-1
1
8
9
12
12
24
24
12
-11
-11
1
-1
2
-7
-9
-13
-19
-28
-42
-40
-41
-58
-64
-61
-53
-48
-57
-67
-69
-68
-61
-63
-59
-62
-66
-52
-47
-44
-59
-71
-64
-46
-33
-34
-36
-36
-30
-30
-28
-29
-20
-11
1
9
8
14
10
16
14
23
36
45
52
54
61
61
68
65
55
63
72
66
61
62
57
47
34
30
25
25
20
19
21
13
11
6
3
-9
-18
-16
-8
-9
-22
-21
-15
-18
-30
-41
-39
-30
-27
-35
-38
-35
-33
-39
-51
-52
-59
-60
-48
-35
-29
-36
-46
-40
-36
-26
-39
-49
-33
-19
-16
-23
-21
-6
3
2
-6
-15
-5
0
9
23
29
39
39
32
28
25
20
21
31
33
35
38
26
17
17
20
15
16
18
24
31
39
38
32
39
29
31
26
8
2
-3
4
6
-2
-12
-27
-23
-17
-10
-2
-9
-18
-13
-5
-17
-27
-27
-13
-4
-8
-16
-20
-10
1
1
-1
-4
3
23
25
17
23
27
29
41
40
34
28
29
41
29
21
29
38
34
24
32
35
26
20
27
32
24
18
19
11
6
15
16
1
-18
-24
-27
-36
-39
-30
-23
-23
-16
-12
-17
-20
-14
-14
-13
-7
-8
-1
10
6
-4
-6
2
13
15
6
13
31
35
27
22
23
30
33
33
33
38
38
30
33
33
41
46
43
43
35
31
24
25
21
13
16
29
28
23
9
6
8
8
15
4
-1
-4
-7
-7
-3
-13
-9
-10
-16
-22
-26
-23
-29
-29
-30
-32
-30
-37
-40
-45
-44
-38
-38
-36
-39
-32
-19
-24
-21
-20
-22
-21
-21
-17
-16
-16
-12
-3
0
1
4
7
13
13
20
20
18
22
15
11
4
5
12
14
5
-8
-5
-10
-9
-14
-11
-7
-3
6
-9
-26
-39
-36
-31
-29
-28
-30
-34
-42
-49
-46
-36
-25
-25
-19
0
7
-5
-12
-5
-1
4
11
24
15
16
24
20
25
23
27
36
46
47
39
22
20
22
27
39
52
57
54
50
47
53
53
59
62
62
59
49
52
50
47
48
50
48
44
31
22
18
9
8
7
-2
-12
-16
-26
-30
-31
-30
-31
-33
-42
-46
-51
-56
-61
-58
-57
-61
-63
-68
-75
-81
-74
-72
-73
-68
-64
-59
-68
-80
-80
-78
-72
-71
-68
-63
-56
-46
-37
-26
-11
-2
2
2
-2
-1
7
10
10
17
19
21
17
17
29
35
33
31
34
31
27
12
11
4
-1
-5
-16
-19
-15
-13
-11
-8
-8
-11
-17
-25
-31
-27
-20
-21
-30
-39
-41
-44
-50
-57
-54
-48
-45
-43
-43
-41
-38
-46
-51
-45
-35
-30
-25
-14
0
3
-2
5
7
15
19
6
1
1
8
10
10
10
13
19
6
3
5
9
11
2
-4
-5
-3
-9
-11
-9
-4
-6
-4
-6
-8
-7
-9
-11
-15
-19
-20
-19
-13
-10
-9
-5
0
-1
2
7
12
17
23
25
21
27
27
23
21
27
36
41
53
59
65
65
64
65
72
77
77
72
68
67
65
72
71
73
63
63
61
57
65
61
63
59
50
47
46
47
48
41
33
27
25
28
24
22
21
22
25
29
37
43
43
41
39
37
29
25
20
13
7
8
9
1
-5
-3
-3
-4
-7
-16
-18
-12
0
1
-10
-20
-22
-23
-25
-19
-12
-3
-10
-20
-15
-8
-8
-8
-5
0
6
12
16
26
31
31
34
31
36
37
35
32
25
24
18
7
8
12
20
29
32
34
32
26
26
31
31
33
28
20
16
10
15
18
16
17
16
16
16
16
9
8
11
8
-5
-17
-21
-22
-26
-25
-19
-11
-17
-26
-24
-26
-24
-20
-22
-17
-16
-20
-26
-29
-29
-29
-24
-24
-15
-15
-18
-23
-20
-19
-30
-29
-33
-33
-38
-42
-48
-55
-62
-60
-55
-52
-52
-57
-60
-63
-61
-63
-62
-54
-55
-58
-66
-72
-75
-75
-81
-85
-85
-82
-75
-75
-73
-71
-78
-77
-66
-62
-63
-70
-64
-58
-57
-54
-57
-60
-61
-53
-49
-42
-39
-38
-35
-31
-24
-25
-26
-20
-8
-3
-6
-11
-11
-1
3
3
10
18
21
22
23
23
22
24
24
17
21
23
21
14
8
9
4
1
0
-9
-10
-13
-10
-7
-9
-13
-19
-21
-26
-24
-25
-25
-25
-23
-25
-27
-26
-30
-18
-7
0
2
-1
2
12
20
18
12
5
7
11
20
28
26
23
18
16
10
14
23
39
47
44
38
37
48
40
35
31
37
43
34
34
45
39
48
45
53
63
59
58
54
60
59
64
45
38
43
43
44
34
36
35
35
34
40
42
45
47
50
59
56
54
54
57
49
47
47
59
63
54
52
54
57
54
50
50
61
62
61
63
67
67
69
73
70
67
60
62
64
68
67
67
70
67
61
59
57
53
52
49
39
39
29
27
24
25
28
25
22
19
19
14
5
-7
-18
-25
-34
-42
-47
-39
-36
-46
-46
-50
-45
-40
-41
-36
-32
-31
-36
-34
-38
-37
-41
-40
-40
-41
-35
-32
-26
-21
-21
-16
-15
-14
-7
-14
-19
-21
-17
-14
-13
-14
-10
-17
-21
-13
-5
-1
1
5
2
-1
2
-2
-8
-18
-21
-22
-25
-25
-27
-26
-28
-33
-37
-33
-33
-34
-39
-46
-51
-44
-43
-45
-44
-42
-45
-40
-33
-37
-40
-52
-55
-65
-68
-63
-65
-64
-70
-70
-66
-63
-62
-60
-55
-54
-50
-48
-48
-59
-53
-55
-60
-58
-60
-59
-56
-52
-50
-45
-47
-44
-40
-43
-48
-47
-47
-47
-45
-40
-36
-32
-33
-32
-29
-27
-25
-18
-17
-12
-20
-31
-30
-37
-36
-39
-28
-21
-22
-15
-17
-17
-15
-19
-22
-16
-10
-12
-12
-18
-23
-21
-18
-17
-8
-1
0
6
6
-1
-4
-1
-1
3
10
15
22
24
30
35
37
41
37
36
38
30
27
25
26
30
30
30
36
38
36
34
32
30
29
23
18
17
20
15
7
7
9
8
8
4
13
14
12
14
13
12
8
9
-1
-2
-1
-4
1
8
13
18
21
26
31
36
34
28
27
22
21
19
11
13
10
23
34
40
48
48
50
51
57
58
61
55
47
43
38
38
42
45
55
59
60
63
61
70
67
64
66
62
58
58
55
56
46
45
42
38
43
38
39
42
44
50
49
43
46
43
44
41
35
41
38
36
36
31
30
31
34
29
27
35
33
28
26
26
25
20
15
16
16
19
24
20
16
16
18
18
15
10
9
12
6
-3
-3
-9
-14
-10
-8
-9
-10
-10
-7
-8
-5
-6
-12
-12
-24
-28
-28
-28
-35
-41
-39
-40
-36
-33
-38
-38
-30
-29
-30
-34
-33
-37
-36
-38
-34
-25
-24
-21
-21
-15
-8
-7
-15
-19
-13
-8
-9
-18
-15
-13
-8
-11
-9
-3
-1
-1
-2
2
-3
-2
-8
-13
-14
-15
-3
3
-1
0
-2
4
13
10
9
12
10
6
4
1
-7
-5
-5
-5
-10
-3
2
-2
2
-2
-9
-15
-19
-20
-26
-25
-21
-27
-31
-35
-37
-35
-41
-43
-48
-48
-49
-45
-52
-56
-51
-49
-45
-46
-42
-44
-44
-49
-53
-54
-61
-60
-54
-48
-47
-42
-36
-28
-17
-16
-16
-10
-7
-3
-1
-6
-5
-8
-14
-14
-16
-19
-13
-2
6
14
18
13
7
2
-3
-12
-16
-17
-21
-26
-27
-25
-32
-31
-23
-17
-7
-8
-13
-19
-19
-24
-29
-31
-25
-23
-21
-13
-10
-10
-4
-4
-2
-1
-2
-1
-3
1
0
5
13
17
22
19
14
17
19
21
20
23
28
30
29
23
24
26
25
27
24
15
16
12
7
4
-1
-7
-6
1
-10
-6
-7
-14
-13
-16
-6
-3
-3
-4
-8
-1
-5
-10
-12
-13
-11
-7
2
3
1
-1
5
11
10
14
17
16
15
12
16
14
14
15
15
19
15
16
14
11
12
10
7
10
10
10
8
12
17
16
19
16
14
13
13
15
10
11
14
20
22
22
18
17
19
22
18
15
11
3
0
-3
-6
-7
-2
5
5
5
6
5
6
6
2
-1
3
6
6
2
-5
-7
-3
-3
4
5
12
17
24
27
26
28
29
34
29
31
36
37
40
51
56
51
56
59
60
58
54
53
51
43
44
41
35
24
15
15
17
21
20
23
20
18
15
13
4
2
-3
-5
-6
-8
-7
-15
-21
-25
-27
-25
-25
-24
-27
-26
-20
-22
-25
-19
-19
-14
-3
-5
-8
-11
-6
-8
-9
-10
-6
1
2
8
15
18
23
28
27
24
21
26
20
21
22
19
20
22
32
29
26
24
22
23
30
32
22
20
17
11
7
3
1
-1
-3
-6
-7
-10
-13
-11
-16
-22
-22
-29
-33
-32
-38
-41
-48
-50
-51
-58
-61
-63
-68
-72
-66
-71
-68
-58
-59
-55
-54
-56
-48
-46
-52
-52
-54
-59
-59
-56
-48
-43
-40
-38
-31
-30
-26
-24
-25
-19
-15
-18
-12
-11
-16
-18
-14
-5
-2
3
0
8
17
12
16
16
9
0
-6
-3
-2
-6
-9
-10
-13
-17
-17
-13
-17
-22
-22
-19
-18
-23
-27
-34
-35
-40
-37
-43
-45
-40
-44
-47
-50
-45
-44
-47
-44
-48
-49
-38
-42
-38
-35
-29
-23
-20
-15
-13
-12
-13
-22
-15
-16
-20
-16
-12
-4
4
8
8
6
8
11
5
7
7
7
7
7
10
12
10
16
23
27
30
29
32
30
27
22
21
20
21
19
20
26
28
31
29
28
29
32
33
26
25
16
16
23
18
21
22
23
29
31
28
28
28
14
12
9
6
3
0
1
-7
-2
3
-2
-6
-4
-3
0
7
8
7
7
7
5
8
14
14
20
24
26
28
26
30
28
29
31
36
42
42
45
43
41
40
37
39
38
33
39
43
38
30
28
20
20
23
27
30
31
33
31
32
40
42
42
43
36
42
45
44
53
48
45
45
44
41
38
44
39
33
33
29
30
29
29
34
35
40
44
39
39
40
38
36
29
24
28
30
27
29
33
33
34
29
27
29
28
27
29
34
35
36
37
39
45
49
46
41
38
31
28
28
27
30
32
25
16
14
11
21
22
21
20
16
23
17
12
9
6
-5
-11
-16
-15
-8
-8
-9
-15
-16
-18
-17
-22
-22
-33
-36
-35
-41
-49
-51
-51
-46
-43
-48
-48
-53
-59
-55
-57
-57
-61
-67
-71
-73
-71
-77
-78
-89
-85
-86
-87
-79
-85
-85
-83
-83
-79
-82
-81
-71
-65
-67
-62
-66
-64
-61
-61
-57
-52
-49
-47
-42
-35
-31
-27
-12
-6
-4
-3
-2
-2
-3
-9
-6
-5
-4
2
0
-2
2
12
13
17
17
11
10
13
10
3
7
9
-1
-4
-9
-5
-6
-13
-13
-21
-29
-28
-25
-26
-30
-37
-45
-51
-50
-47
-42
-43
-47
-50
-48
-45
-45
-43
-49
-47
-53
-53
-53
-56
-53
-48
-43
-41
-34
-25
-15
-6
-3
-3
1
-3
1
-1
-2
5
13
18
13
20
21
22
28
26
29
28
32
32
29
30
28
27
23
21
20
24
23
16
13
11
15
12
10
8
3
5
-2
3
7
5
3
-2
-2
0
-5
-5
-11
-5
-1
-5
-6
2
3
3
7
9
10
11
14
14
15
19
27
33
38
43
43
40
32
33
35
41
47
46
53
46
44
47
49
57
60
62
64
72
73
74
69
62
55
49
47
49
49
49
46
46
50
46
53
60
57
59
56
53
54
47
42
44
40
37
31
30
31
23
29
32
43
42
37
29
27
25
7
18
21
22
17
31
18
12
2
-3
11
8
-2
6
9
-10
-13
-21
-21
-21
-19
-18
-10
-21
-20
-14
-22
-25
-32
-35
-27
-25
-29
-22
-26
-27
-28
-27
-28
-27
-22
-25
-26
-24
-24
-23
-15
-18
-18
-10
-18
-19
-18
-12
-13
-14
-15
-11
-5
-2
-2
-1
6
11
15
14
16
14
10
4
6
7
7
7
13
20
13
10
5
0
-3
-1
3
2
-10
-16
-22
-35
-46
-56
-54
-51
-51
-50
-52
-52
-60
-67
-71
-76
-69
-76
-83
-82
-83
-85
-83
-83
-82
-79
-83
-86
-86
-83
-76
-78
-83
-78
-76
-71
-67
-58
-45
-34
-37
-35
-27
-25
-24
-23
-31
-33
-32
-30
-24
-12
-1
3
4
3
8
13
19
18
21
27
21
18
13
13
14
20
22
28
30
26
29
21
17
21
24
21
17
16
13
20
19
12
8
9
13
6
5
0
-2
0
-1
3
2
-2
-8
-11
-10
-10
-13
-15
-13
-13
-12
-1
4
2
-7
-3
2
4
6
4
7
12
14
16
22
16
19
22
24
30
34
31
29
34
34
33
32
33
38
37
45
52
51
56
53
53
49
47
54
42
45
49
45
49
51
48
50
49
45
45
41
44
43
41
40
41
34
26
32
26
23
25
20
24
28
30
32
29
23
23
19
20
17
6
-2
-9
-7
-7
-9
-4
-9
-7
-3
-7
3
-1
-11
-15
-18
-18
-14
-8
-15
-15
-20
-25
-17
-16
-19
-17
-15
-14
-12
-5
-11
-18
-12
-8
-9
-12
-2
-4
-7
-5
-7
-1
7
12
13
11
9
15
11
12
17
20
21
17
18
20
20
21
25
22
23
21
15
7
7
9
4
11
10
10
14
11
8
8
8
6
1
-3
0
1
-7
-8
-6
0
-5
-2
0
-1
3
-2
-4
-6
-9
-8
-4
1
3
8
7
2
5
1
1
1
-1
-1
-2
-1
0
5
11
10
8
7
8
9
9
11
4
0
-1
-1
-1
-2
-1
-1
-4
2
5
2
5
3
0
1
-6
-10
-8
-14
-4
0
-1
8
9
15
16
13
17
10
5
5
5
4
5
-5
-4
-3
-10
-5
-8
-11
-16
-21
-17
-22
-25
-30
-34
-32
-36
-35
-29
-29
-25
-33
-38
-36
-39
-38
-42
-42
-49
-44
-41
-39
-38
-35
-32
-33
-24
-23
-19
-19
-21
-19
-18
-13
-10
-16
-17
-12
-7
-1
5
11
12
17
25
23
20
16
18
22
27
29
33
36
33
32
33
32
32
36
38
34
31
33
29
26
26
31
28
31
28
27
27
23
24
14
8
4
5
0
-5
-3
-2
-6
-4
-8
-13
-15
-18
-20
-26
-23
-23
-32
-34
-39
-40
-38
-41
-32
-30
-29
-29
-28
-27
-32
-33
-31
-31
-25
-23
-26
-24
-21
-14
-12
-14
-19
-20
-21
-19
-9
-7
-1
-4
-9
-6
-5
1
2
-3
-1
-2
-7
-14
-17
-14
-17
-18
-22
-21
-17
-20
-19
-24
-25
-23
-16
-16
-18
-23
-30
-34
-31
-26
-21
-16
-18
-12
-17
-18
-17
-15
-14
-25
-23
-17
-19
-12
-17
-18
-11
-8
-3
-3
1
-1
-1
0
-1
2
-1
4
2
8
17
19
22
17
14
4
2
5
0
-4
-11
-7
-6
-9
-10
-10
-7
-2
-2
-7
-7
-10
-12
-8
-10
-18
-21
-18
-18
-9
-2
10
14
3
5
10
12
12
11
18
17
20
27
26
27
28
28
30
36
32
38
45
43
46
45
45
46
49
55
57
54
53
53
51
49
49
46
44
44
42
47
46
45
42
37
34
29
34
31
28
22
20
23
25
23
22
21
19
14
14
10
10
8
4
7
3
14
12
6
7
1
7
6
4
2
5
5
4
5
6
13
15
13
14
21
22
20
17
17
19
14
13
18
21
27
32
29
27
29
33
34
29
28
25
30
31
26
20
16
14
10
15
10
7
10
10
12
12
17
9
8
8
12
12
5
4
3
-1
5
14
10
13
11
6
0
-9
-18
-29
-23
-20
-13
-10
-13
-9
-19
-14
-11
-10
-6
-8
-10
-16
-21
-23
-25
-26
-24
-29
-33
-31
-31
-28
-33
-26
-29
-38
-42
-42
-40
-40
-41
-39
-47
-46
-43
-48
-50
-54
-54
-50
-45
-48
-50
-51
-48
-47
-47
-50
-47
-40
-38
-31
-34
-42
-42
-39
-35
-35
-35
-37
-34
-29
-26
-17
-22
-27
-31
-33
-29
-31
-24
-21
-23
-24
-33
-33
-33
-36
-35
-37
-36
-37
-34
-42
-41
-34
-40
-29
-30
-28
-22
-23
-19
-21
-24
-23
-13
-17
-18
-17
-19
-18
-19
-16
-10
-6
2
4
1
7
10
16
13
15
20
19
24
26
21
14
14
15
15
22
28
33
31
39
38
34
37
33
33
34
27
28
27
21
20
10
9
9
13
12
13
9
4
7
0
-5
-9
-14
-16
-13
-16
-16
-15
-17
-17
-17
-12
-7
-9
-11
-8
-9
-8
-9
-15
-9
-8
-13
-10
-2
-4
-2
2
2
10
14
13
11
15
21
17
22
31
32
35
33
30
36
40
46
50
51
57
55
62
66
63
67
64
68
69
70
66
56
62
59
69
70
65
66
65
66
73
71
65
62
59
60
58
53
49
47
45
41
39
40
47
51
51
42
33
21
18
19
19
18
11
0
-5
-5
-9
-10
-5
-4
-2
-5
-5
-6
-15
-17
-25
-20
-16
-15
-11
-10
-11
-10
-8
-13
-17
-22
-22
-18
-16
-12
-16
-14
-11
-16
-14
-6
-4
-1
0
-1
5
0
0
1
-5
1
6
6
14
14
11
20
17
18
21
25
21
16
13
9
7
3
-3
-4
0
-1
-1
-1
-3
-10
-7
-7
-11
-7
-5
-2
0
-4
-9
-16
-24
-24
-23
-24
-25
-30
-34
-39
-47
-47
-46
-47
-46
-44
-43
-37
-38
-34
-29
-36
-36
-38
-42
-48
-42
-47
-47
-40
-42
-47
-52
-57
-59
-55
-51
-50
-50
-51
-52
-47
-48
-51
-50
-51
-46
-48
-50
-49
-53
-53
-54
-51
-49
-47
-43
-40
-35
-34
-35
-32
-32
-33
-30
-20
-19
-27
-24
-29
-28
-20
-19
-19
-18
-17
-19
-17
-20
-20
-16
-14
-21
-15
-1
3
6
3
4
5
7
9
10
14
12
14
12
15
21
22
22
18
21
21
20
28
34
31
18
16
18
15
17
21
22
25
26
26
22
21
20
14
15
11
14
17
13
11
3
1
6
4
5
12
17
12
14
20
17
26
19
18
19
14
13
9
9
14
12
15
17
19
18
17
18
13
11
4
1
7
5
-4
-3
-3
-2
1
3
-1
1
-3
-1
-1
0
0
-4
0
4
5
3
-1
0
4
-1
10
12
8
10
10
12
13
10
6
1
-2
5
-1
-2
-2
-3
-3
-6
-5
-5
-4
-5
-4
-1
-1
-2
-2
-7
-3
-2
-2
4
7
9
13
16
11
15
15
18
21
20
35
35
39
47
44
41
42
42
40
49
46
42
42
45
50
49
49
45
47
51
53
54
58
56
52
43
41
41
32
29
29
25
22
12
12
15
7
7
12
17
16
14
9
5
3
-1
-4
-10
-11
-14
-10
-13
-14
-9
-15
-17
-10
-9
-17
-15
-17
-18
-24
-27
-25
-27
-26
-26
-26
-27
-17
-13
-11
-5
-3
-4
0
-7
-13
-8
-12
-8
-7
-9
-5
-2
2
5
13
18
21
19
13
12
9
10
6
6
9
7
10
8
12
11
11
8
2
5
-1
-9
-16
-22
-22
-20
-24
-20
-18
-22
-26
-27
-28
-31
-32
-36
-40
-45
-45
-49
-49
-42
-38
-40
-38
-39
-41
-46
-42
-38
-40
-42
-41
-39
-39
-34
-36
-34
-34
-32
-29
-26
-22
-23
-27
-32
-34
-33
-38
-29
-26
-29
-18
-20
-14
-12
-10
-1
-5
-5
-9
-7
-4
-1
-1
1
3
0
3
5
8
6
4
4
6
8
13
14
16
20
24
23
23
27
27
23
23
22
17
12
13
15
19
17
18
22
23
32
34
33
29
26
24
16
14
11
11
9
6
6
4
3
-4
-5
-5
-6
-6
-14
-22
-25
-29
-32
-34
-40
-39
-32
-29
-24
-21
-24
-20
-24
-26
-28
-27
-23
-28
-24
-30
-28
-22
-23
-19
-12
1
-4
-5
-4
-9
-6
-7
-9
-2
-7
-1
1
2
8
6
4
-4
-1
1
-1
-2
-3
4
14
14
11
6
7
8
11
13
6
6
6
5
2
2
-2
4
7
8
19
19
21
13
13
13
18
22
17
11
8
2
2
-1
-1
3
2
4
5
5
10
11
10
13
20
19
10
12
12
8
7
8
9
11
13
13
10
11
12
13
13
15
11
16
23
24
24
25
28
26
35
40
42
42
38
37
32
36
40
44
46
48
49
49
48
43
43
43
39
32
28
29
30
33
30
27
33
35
36
34
35
34
32
29
25
20
18
23
22
18
17
20
24
28
24
26
28
21
21
20
18
21
18
21
22
21
14
15
14
13
13
14
15
11
15
7
9
9
8
14
13
6
2
-1
-4
5
11
8
5
6
7
10
13
8
3
-4
-7
-6
-10
-12
-11
-12
-7
-10
-5
-6
-5
-7
-14
-16
-15
-13
-23
-28
-39
-45
-48
-47
-46
-46
-40
-40
-41
-41
-39
-41
-39
-43
-49
-45
-47
-47
-53
-52
-49
-55
-51
-49
-42
-36
-34
-34
-39
-40
-46
-55
-59
-56
-52
-52
-49
-49
-46
-46
-41
-38
-37
-31
-32
-34
-37
-40
-41
-43
-42
-41
-35
-33
-28
-27
-31
-26
-26
-24
-15
-13
-13
-10
-6
-9
-18
-17
-12
-6
3
7
8
9
7
6
4
2
5
0
1
-5
-7
-9
-10
-8
-10
-11
-14
-13
-13
-15
-18
-23
-28
-33
-38
-40
-43
-45
-47
-51
-50
-49
-49
-53
-57
-56
-53
-52
-54
-52
-54
-51
-53
-51
-51
-49
-47
-48
-46
-42
-32
-27
-21
-20
-16
-10
-11
-10
-10
-7
-7
-2
1
6
9
16
21
29
32
33
39
40
39
39
46
45
48
48
47
48
46
46
45
50
57
55
60
56
54
54
55
54
47
42
44
40
37
35
36
40
38
43
43
40
42
38
32
29
26
31
30
30
30
29
30
27
26
19
19
20
21
22
18
21
20
17
23
21
18
25
24
26
25
26
30
32
32
28
38
37
38
37
39
43
45
39
36
36
36
35
29
34
40
38
37
34
37
45
44
48
51
53
58
57
51
44
43
46
44
49
50
50
53
53
48
50
49
53
55
52
49
40
37
31
29
25
24
25
23
25
25
24
25
25
17
12
12
5
-4
-8
-8
-10
-11
-17
-25
-26
-30
-31
-26
-27
-32
-38
-38
-39
-42
-41
-42
-46
-54
-53
-48
-47
-47
-47
-46
-50
-50
-44
-38
-36
-37
-39
-42
-37
-33
-35
-30
-22
-26
-24
-23
-20
-20
-20
-16
-14
-9
-7
-4
-5
-5
-4
-5
-8
-13
-13
-14
-14
-18
-19
-21
-27
-27
-28
-32
-33
-31
-28
-26
-29
-38
-43
-48
-49
-45
-44
-44
-53
-51
-51
-53
-56
-60
-65
-63
-57
-60
-62
-67
-71
-69
-64
-71
-74
-67
-61
-54
-51
-57
-55
-57
-54
-51
-49
-43
-50
-47
-42
-36
-31
-26
-15
-12
-8
-3
-1
1
-10
-8
-2
-4
-2
-1
2
0
2
8
6
10
7
5
2
-4
1
-3
-2
-3
-1
8
5
7
9
1
-1
1
0
1
-5
-6
-12
-8
-5
-3
1
2
5
7
11
8
9
3
3
7
-1
-1
-4
-4
-4
-4
-3
-7
-8
-9
-10
-16
-15
-10
-9
-17
-15
-10
-10
-4
-3
-4
-3
-4
-4
-3
-6
2
5
10
5
6
13
18
26
21
23
26
33
33
38
43
47
50
52
51
53
60
61
66
67
68
74
76
78
80
80
83
84
80
76
65
64
66
69
73
72
67
60
58
61
57
54
49
43
47
47
45
35
34
30
23
21
21
16
17
24
18
11
14
12
16
13
14
17
17
17
13
11
16
15
16
18
13
20
20
20
14
5
7
10
9
8
5
10
13
14
20
13
17
21
26
30
24
21
26
26
19
19
9
13
9
10
13
15
17
14
12
6
12
14
7
1
-7
-4
-4
-11
-17
-23
-24
-23
-20
-13
-14
-9
-9
-12
-12
-23
-21
-19
-20
-13
-13
-23
-22
-20
-14
-11
-12
-10
-11
-8
-9
-7
-8
-18
-15
-18
-27
-24
-24
-25
-28
-32
-32
-31
-36
-32
-33
-31
-26
-33
-31
-34
-38
-40
-47
-43
-39
-43
-42
-40
-38
-36
-34
-29
-33
-26
-23
-24
-20
-21
-26
-25
-22
-27
-23
-14
-10
-8
-2
-1
4
6
4
0
6
4
3
3
-2
-7
-7
-9
-15
-8
-12
-7
-5
-7
-13
-15
-13
-17
-17
-20
-23
-27
-34
-38
-43
-47
-51
-49
-57
-59
-54
-53
-56
-55
-54
-55
-53
-52
-53
-54
-52
-47
-44
-41
-35
-39
-39
-39
-43
-44
-34
-31
-26
-12
-14
-9
-5
-13
-6
-7
-8
-4
0
7
5
5
4
4
6
6
7
2
0
3
2
-2
3
4
10
18
22
19
22
31
35
39
37
39
39
33
34
34
32
29
23
27
26
23
25
24
23
25
27
26
27
24
23
18
15
12
12
6
6
11
13
14
12
17
17
18
13
15
15
14
18
20
21
20
21
19
14
17
24
21
19
24
29
28
33
30
29
28
23
28
26
28
28
29
27
26
28
28
37
45
49
50
46
44
43
41
41
46
46
45
41
39
36
36
33
32
35
36
38
43
43
38
36
30
27
23
26
26
29
32
28
27
20
22
23
24
22
20
22
19
18
16
14
3
1
-3
-7
-2
-1
-4
-6
-13
-15
-16
-17
-16
-13
-13
-12
-18
-28
-32
-35
-32
-36
-32
-37
-39
-34
-35
-32
-33
-31
-32
-34
-34
-29
-27
-32
-29
-24
-25
-22
-17
-14
-5
-6
-2
1
5
8
17
19
15
17
20
23
25
23
15
19
14
11
18
20
22
21
15
8
12
18
13
13
7
7
7
10
3
-13
-23
-30
-29
-26
-29
-31
-29
-32
-34
-38
-41
-48
-47
-48
-53
-50
-49
-48
-47
-46
-43
-42
-39
-38
-40
-47
-49
-51
-52
-51
-48
-39
-42
-37
-32
-24
-14
-13
-7
-5
-2
1
-2
-2
-1
-4
4
6
10
13
13
16
17
14
11
19
22
32
28
23
25
20
21
24
16
20
19
23
27
17
10
-1
-4
-12
-10
-8
-17
-21
-25
-22
-21
-20
-14
-15
-18
-18
-23
-24
-23
-19
-24
-27
-25
-32
-27
-30
-31
-35
-34
-27
-26
-26
-21
-15
-9
-10
-5
-5
0
-2
-7
0
-5
-6
-7
-8
-3
3
8
9
17
17
17
18
14
17
13
5
-3
-5
-4
-8
-8
-10
-10
-11
-11
-12
-8
-1
5
3
5
8
3
-1
-16
-22
-27
-21
-12
-11
-8
-14
-12
-13
-12
0
-2
-4
-4
-4
-9
-11
-11
-14
-9
-4
-1
3
-3
-3
-3
-4
1
0
2
4
5
11
12
9
10
8
13
13
19
23
20
19
17
18
13
11
11
11
12
13
16
11
13
13
20
23
24
29
24
33
32
30
31
25
30
34
35
35
36
30
27
28
31
32
35
42
43
43
40
46
36
27
27
31
35
32
28
23
25
26
26
25
24
21
27
34
31
22
21
20
16
13
12
12
14
16
16
15
12
12
4
6
4
7
5
-6
-5
-7
-6
-9
-9
-15
-14
-17
-15
-7
-5
-6
-12
-10
-15
-12
-13
-12
-7
-9
-6
-8
-9
-11
-13
-12
-11
-8
-6
5
6
11
12
16
16
14
14
17
16
16
17
18
23
15
13
19
19
22
25
26
31
32
29
27
23
30
29
29
33
31
28
31
29
27
32
31
34
33
37
34
32
28
25
19
12
15
12
7
9
5
-2
-5
-8
-11
-18
-18
-15
-21
-27
-29
-38
-40
-37
-37
-36
-32
-30
-32
-35
-42
-45
-45
-45
-42
-40
-39
-42
-39
-38
-44
-43
-49
-49
-49
-46
-46
-53
-53
-55
-59
-52
-51
-50
-48
-44
-39
-29
-22
-10
-6
-1
7
9
16
17
19
18
17
18
16
20
24
30
34
36
42
43
43
38
34
28
21
27
23
17
13
6
5
2
-2
-3
-4
-2
-4
-4
-5
-5
-11
-14
-15
-22
-28
-32
-44
-45
-50
-61
-61
-61
-51
-53
-50
-47
-50
-58
-61
-60
-66
-66
-70
-67
-70
-67
-66
-67
-57
-48
-45
-43
-37
-37
-28
-27
-20
-22
-29
-26
-33
-34
-31
-29
-27
-21
-17
-10
-3
-4
-5
4
6
11
13
6
9
8
9
9
2
6
5
5
10
8
13
11
13
19
14
11
7
8
5
2
10
9
1
6
7
7
11
12
13
17
18
14
14
10
1
-1
3
2
-1
2
4
2
7
9
7
7
9
11
12
14
5
1
5
1
3
0
0
11
18
24
30
42
47
52
54
56
52
38
36
45
50
56
63
62
65
70
72
67
63
61
69
63
65
73
74
75
75
80
74
78
78
72
82
78
66
67
64
57
55
58
56
59
57
54
49
39
34
25
27
16
12
14
3
-3
-12
-16
-24
-27
-29
-32
-33
-41
-44
-45
-47
-48
-44
-42
-38
-30
-31
-34
-34
-30
-36
-40
-35
-34
-31
-33
-40
-42
-40
-32
-29
-21
-14
-3
5
12
14
15
13
11
10
10
14
19
22
29
28
22
25
30
28
31
32
29
25
25
23
19
25
20
22
23
18
20
17
12
14
6
3
4
-4
-8
-4
-2
-1
-7
-13
-8
-14
-20
-27
-28
-28
-26
-27
-35
-41
-44
-42
-44
-40
-40
-43
-44
-49
-49
-57
-56
-54
-52
-55
-56
-55
-64
-54
-47
-50
-49
-44
-34
-22
-19
-21
-21
-22
-22
-12
-11
-12
-13
-13
-11
-4
-4
-1
3
-1
1
-3
-6
2
2
2
5
7
2
5
7
13
20
19
25
19
14
8
2
-2
0
-2
-9
-13
-15
-13
-18
-16
-18
-18
-19
-22
-22
-26
-35
-43
-49
-54
-56
-52
-48
-53
-52
-51
-49
-48
-54
-60
-60
-64
-60
-62
-70
-74
-70
-70
-67
-63
-62
-56
-45
-34
-42
-39
-43
-52
-48
-49
-42
-32
-31
-31
-31
-31
-27
-22
-14
-1
6
13
12
16
11
13
20
33
44
54
62
64
59
53
55
53
59
66
73
76
79
74
72
70
66
67
61
62
57
60
54
37
33
28
24
20
19
23
28
26
22
16
8
-1
-10
-12
-19
-23
-24
-20
-23
-28
-24
-23
-24
-25
-19
-21
-19
-19
-22
-22
-24
-25
-27
-27
-21
-14
-9
5
3
5
11
11
17
23
26
27
31
27
33
35
35
40
49
52
48
52
59
56
56
61
64
66
61
66
62
64
69
63
65
62
62
56
52
51
49
50
55
55
55
54
45
49
48
49
47
40
46
46
46
44
44
40
38
47
41
34
29
23
23
22
24
24
28
21
20
15
16
11
9
12
11
11
5
4
-3
-6
-6
-10
-10
-20
-22
-28
-31
-33
-33
-34
-43
-41
-42
-42
-38
-37
-29
-23
-25
-33
-32
-19
-13
-15
-12
-13
-16
-12
-8
-9
-10
-10
-6
-6
-11
-13
-11
-13
-7
-5
-3
5
5
9
6
9
4
-1
-6
-11
-10
-7
-4
-7
-6
-11
-6
-6
-12
-7
-5
-8
-8
-7
-8
-11
-20
-24
-27
-30
-33
-33
-35
-35
-38
-32
-32
-32
-31
-34
-34
-42
-35
-34
-38
-40
-46
-50
-51
-48
-45
-43
-44
-47
-50
-43
-44
-41
-39
-36
-31
-30
-35
-37
-39
-36
-32
-29
-27
-21
-20
-17
-15
-10
-11
-6
0
6
9
8
9
-3
-6
-4
6
12
9
6
7
10
10
7
2
1
-1
-2
-1
-3
-7
-8
-13
-18
-17
-14
-15
-19
-18
-17
-18
-21
-22
-22
-23
-25
-28
-34
-37
-37
-36
-38
-36
-35
-34
-30
-31
-29
-36
-34
-30
-31
-29
-28
-22
-24
-21
-16
-16
-17
-20
-15
-14
-14
-7
-4
-5
-1
0
-2
5
3
7
6
7
12
11
13
15
15
19
29
35
36
37
37
37
40
38
37
34
32
32
38
39
42
39
29
33
35
38
37
36
28
25
24
21
26
16
14
15
20
19
21
17
11
10
9
11
12
12
9
5
1
5
11
11
17
11
13
16
12
16
26
31
28
28
27
24
24
29
32
34
38
38
42
44
42
38
37
37
40
44
47
40
41
37
35
31
28
29
22
26
22
22
22
20
19
15
10
8
14
13
14
14
12
9
12
18
15
8
3
9
10
14
13
20
27
24
27
23
26
23
26
30
29
29
29
27
22
14
14
11
10
11
10
11
13
13
3
1
-2
0
4
7
7
-1
-1
-6
-17
-18
-21
-26
-29
-34
-34
-37
-42
-37
-39
-38
-33
-25
-23
-30
-27
-33
-42
-45
-49
-49
-45
-46
-41
-38
-30
-20
-17
-23
-27
-24
-27
-34
-33
-36
-37
-34
-35
-36
-34
-27
-25
-28
-27
-19
-21
-23
-18
-16
-10
-12
-7
-4
-4
2
-1
-1
-2
-6
-8
-7
-7
-7
-9
-11
-15
-21
-16
-15
-18
-22
-18
-18
-22
-25
-31
-37
-34
-32
-29
-28
-36
-32
-27
-21
-19
-18
-22
-18
-18
-21
-17
-26
-29
-30
-31
-24
-21
-25
-25
-29
-24
-17
-8
-9
-14
-10
-8
-7
-6
-4
-3
-5
2
7
9
14
16
14
14
13
7
4
3
5
4
8
3
11
15
14
21
16
13
17
18
18
20
18
18
14
14
18
17
25
29
29
27
32
36
38
40
33
31
28
31
32
33
31
19
20
16
18
24
18
19
16
18
18
19
21
20
15
15
17
11
12
10
10
6
1
-1
-4
-8
-9
-11
-13
-10
-15
-16
-11
-8
-9
-15
-22
-31
-31
-34
-36
-37
-35
-35
-31
-19
-14
-16
-17
-15
-10
-9
-10
-10
-18
-17
-10
-7
-1
10
8
15
25
22
23
23
19
19
17
20
27
27
28
33
34
34
35
40
41
34
31
24
18
18
11
8
3
3
3
1
2
1
9
13
13
10
2
1
-10
-9
0
-1
-3
-3
-8
-11
-11
-13
-8
-13
-13
-12
-15
-13
-20
-19
-23
-21
-21
-17
-12
-10
-7
-11
-3
-8
-14
-15
-13
-9
-7
-1
2
2
1
6
7
11
23
33
41
38
44
44
40
46
43
49
45
44
49
47
47
42
36
33
32
41
42
39
38
35
34
26
20
20
15
18
15
7
2
-7
-8
-14
-14
-10
-10
-6
-11
-16
-15
-19
-19
-19
-22
-24
-22
-24
-29
-28
-32
-39
-36
-33
-27
-18
-20
-19
-13
-14
-19
-22
-27
-27
-26
-22
-17
-17
-14
-15
-10
-9
-10
-16
-15
-15
-12
-9
-15
-10
-12
-7
-1
1
2
12
18
20
21
25
26
21
25
24
22
25
25
27
32
35
44
45
42
47
48
46
47
43
37
40
37
37
37
30
25
26
21
17
15
9
6
4
2
0
1
-6
-12
-11
-17
-13
-11
-14
-20
-18
-24
-31
-30
-34
-33
-36
-32
-27
-26
-22
-26
-21
-17
-19
-18
-23
-27
-28
-27
-31
-28
-29
-30
-27
-23
-11
-12
-11
-11
-15
-16
-24
-21
-17
-12
-11
-9
-7
-7
-3
-3
-6
-6
-9
-13
-5
-8
-10
-14
-13
-10
-11
-10
-16
-13
-11
-10
-18
-24
-19
-23
-20
-18
-20
-22
-19
-19
-20
-24
-25
-27
-25
-27
-33
-28
-27
-28
-31
-36
-36
-38
-35
-37
-37
-33
-34
-31
-29
-29
-31
-28
-26
-23
-25
-22
-17
-12
-13
-19
-29
-27
-19
-22
-16
-18
-15
-10
-11
-3
3
5
6
6
7
7
6
7
5
4
7
11
16
17
17
19
21
24
26
22
12
9
11
8
8
4
0
4
6
10
13
12
11
13
9
16
15
16
12
5
5
-2
0
-1
-4
-5
2
2
6
11
5
8
6
3
12
12
10
9
4
5
7
9
6
0
7
3
11
15
1
6
8
15
12
13
14
12
14
13
12
12
12
12
13
17
22
17
19
25
28
30
33
40
48
52
52
51
49
50
55
57
63
64
61
65
64
67
70
75
70
66
63
56
57
49
50
55
54
55
60
60
56
51
47
44
33
30
23
18
16
10
5
5
3
1
0
-2
6
8
7
15
9
-6
-15
-21
-24
-29
-30
-28
-29
-26
-28
-24
-20
-25
-24
-21
-16
-22
-22
-30
-29
-28
-29
-22
-24
-18
-18
-14
-15
-11
-5
-1
-3
-4
-3
-3
3
1
4
-1
0
5
8
18
18
11
13
12
8
11
11
16
15
9
4
0
-3
-1
-7
-7
-9
-11
-17
-23
-26
-33
-34
-41
-46
-50
-55
-58
-60
-58
-63
-69
-76
-77
-79
-77
-74
-65
-60
-55
-47
-54
-51
-62
-59
-58
-58
-56
-51
-45
-41
-24
-25
-25
-22
-18
-14
-14
-13
-12
-13
-14
-16
-18
-18
-13
-15
-10
-4
-5
-1
1
-4
-1
4
9
4
0
-1
-1
2
2
-1
-1
2
7
16
14
17
15
14
10
7
12
11
9
10
8
8
6
7
8
3
0
1
-4
-5
-7
-7
-1
-1
-3
-5
-7
-17
-16
-15
-14
-17
-21
-19
-24
-25
-17
-13
-11
-14
-19
-21
-23
-21
-29
-32
-36
-34
-30
-29
-29
-38
-39
-42
-38
-33
-36
-35
-37
-35
-33
-35
-33
-29
-23
-18
-15
-14
-5
0
-3
-2
-1
-1
5
10
11
13
12
15
17
20
27
28
31
31
30
36
38
39
44
41
46
41
43
49
40
33
26
24
25
27
29
31
33
27
28
34
34
41
41
34
34
34
31
28
32
34
31
30
29
29
26
24
27
35
38
40
45
38
36
48
53
52
56
55
57
56
55
51
47
50
52
52
63
70
71
71
69
75
78
76
75
70
67
66
68
69
69
65
62
55
51
49
47
48
45
49
44
42
43
40
33
25
21
21
15
10
4
0
-1
-5
-7
-4
-4
-11
-20
-25
-21
-24
-21
-27
-27
-27
-28
-25
-26
-20
-21
-15
-13
-15
-12
-11
-9
-3
-1
-4
-1
2
2
8
3
1
7
9
14
19
17
15
20
17
17
14
9
11
7
2
5
6
5
1
2
0
0
-3
-11
-15
-16
-13
-21
-19
-23
-25
-26
-27
-23
-25
-20
-22
-30
-36
-39
-37
-36
-42
-44
-42
-37
-38
-36
-33
-37
-33
-32
-35
-40
-45
-48
-50
-56
-61
-63
-62
-58
-56
-61
-59
-56
-54
-51
-50
-51
-48
-53
-49
-52
-54
-52
-58
-54
-51
-51
-44
-41
-43
-44
-41
-45
-41
-41
-40
-39
-39
-40
-47
-50
-52
-57
-54
-47
-49
-50
-56
-53
-47
-49
-44
-46
-47
-43
-49
-43
-40
-39
-33
-38
-30
-26
-22
-20
-25
-20
-21
-20
-15
-16
-12
-16
-14
-12
-10
-1
3
4
7
12
12
10
11
10
8
3
1
3
-2
-4
-11
-10
-10
-6
1
5
6
2
6
0
2
5
4
-1
0
0
0
0
-5
4
5
5
6
6
5
5
4
4
6
8
11
14
10
18
25
30
32
35
31
30
30
28
32
34
33
31
38
37
43
44
47
55
58
61
57
49
51
43
33
33
39
42
44
45
48
46
41
38
30
27
24
20
27
25
22
17
18
18
19
23
17
20
23
27
25
26
30
23
26
16
13
15
10
14
22
33
36
36
38
34
24
23
24
23
22
28
30
26
32
31
24
25
26
23
21
25
26
22
22
18
8
6
7
14
15
12
19
16
21
20
24
28
24
25
23
24
25
20
19
24
24
20
20
19
23
22
19
19
14
19
19
18
18
20
20
15
14
14
17
17
15
12
8
11
11
15
17
18
19
16
14
15
16
18
17
20
18
16
14
8
12
12
12
9
6
7
1
0
2
-5
-8
-11
-17
-21
-23
-29
-29
-28
-30
-26
-27
-30
-33
-33
-26
-34
-39
-41
-42
-41
-39
-48
-51
-46
-45
-36
-36
-37
-39
-36
-35
-37
-39
-51
-54
-56
-55
-54
-48
-49
-51
-55
-53
-43
-47
-41
-42
-52
-54
-56
-59
-65
-73
-72
-64
-62
-58
-59
-64
-60
-60
-60
-56
-56
-57
-52
-59
-60
-58
-56
-51
-49
-44
-44
-46
-42
-41
-44
-41
-46
-50
-38
-41
-38
-31
-31
-25
-28
-28
-20
-15
-10
-8
-10
-7
-10
-13
-14
-14
-10
-4
0
6
6
5
7
7
11
6
9
11
9
14
17
16
9
7
7
7
14
18
17
22
18
19
27
34
28
28
30
34
40
37
33
25
23
20
22
22
30
22
14
16
12
11
10
13
14
18
22
22
19
19
15
18
21
16
9
14
8
3
2
1
5
3
2
0
4
2
0
7
8
4
6
-3
-1
-4
-8
-5
-1
7
11
16
18
17
16
20
12
13
26
27
30
32
36
35
32
35
35
43
51
51
51
53
53
62
61
61
64
67
66
69
66
55
55
53
58
55
49
50
47
46
42
35
38
40
42
44
43
39
34
27
23
21
20
25
24
17
20
16
16
21
24
24
22
24
24
27
28
26
30
29
30
33
32
36
35
29
31
32
38
37
34
30
24
30
28
27
22
16
17
10
21
19
16
17
10
15
11
13
15
13
9
9
10
10
4
-3
-4
-5
0
4
-3
-4
-6
-4
-7
-15
-13
-5
-2
-6
-4
-10
-14
-12
-13
-15
-22
-20
-24
-28
-22
-19
-19
-16
-17
-13
-11
-15
-21
-23
-24
-29
-32
-42
-42
-45
-42
-41
-37
-43
-40
-29
-25
-26
-27
-33
-36
-33
-32
-32
-41
-45
-56
-63
-62
-60
-58
-55
-49
-44
-48
-50
-57
-55
-50
-58
-62
-66
-61
-59
-56
-59
-59
-56
-55
-48
-45
-32
-32
-32
-29
-33
-33
-31
-32
-30
-28
-24
-20
-17
-20
-20
-23
-23
-24
-21
-8
-16
-14
-18
-26
-28
-36
-32
-27
-33
-38
-42
-41
-41
-41
-44
-49
-46
-42
-41
-43
-44
-50
-46
-49
-48
-41
-38
-35
-35
-40
-41
-47
-46
-42
-41
-36
-40
-36
-30
-31
-30
-25
-19
-16
-21
-25
-18
-17
-19
-24
-22
-20
-23
-17
-19
-13
-1
3
3
6
7
9
10
11
15
17
17
21
21
29
38
33
34
27
24
30
38
40
43
46
53
51
51
51
47
44
41
40
43
48
46
43
38
42
45
46
53
55
52
47
39
32
27
26
26
25
26
28
28
28
40
38
44
46
43
44
43
46
46
42
38
38
37
43
40
41
39
31
32
32
38
36
34
30
28
33
24
20
29
32
31
37
40
43
43
38
46
42
46
41
44
43
40
39
36
48
44
44
41
39
43
40
39
43
41
43
41
34
38
33
29
24
17
15
17
17
17
14
8
7
2
2
-2
-1
-4
-8
-9
-13
-8
-18
-21
-24
-27
-26
-22
-23
-25
-26
-29
-29
-22
-17
-18
-23
-30
-32
-34
-28
-31
-32
-31
-31
-23
-23
-18
-21
-18
-14
-14
-9
-11
-18
-23
-19
-17
-16
-14
-16
-10
-8
-8
-11
-10
-7
-6
-7
-15
-8
-16
-15
-8
-8
-6
-6
-5
-9
-15
-17
-9
-4
-13
-9
-10
-9
-5
-9
-8
-9
-4
-3
-8
-9
-11
-17
-22
-24
-28
-34
-38
-32
-30
-28
-26
-31
-30
-31
-29
-25
-23
-27
-31
-36
-36
-35
-38
-45
-52
-48
-51
-55
-53
-56
-56
-59
-57
-60
-48
-42
-39
-32
-37
-33
-36
-38
-34
-38
-43
-43
-44
-39
-35
-33
-29
-26
-24
-17
-2
0
4
1
-8
-8
-1
3
6
9
7
12
13
9
13
14
15
21
20
20
16
10
11
6
4
10
11
12
11
10
5
5
1
1
4
0
5
9
14
16
18
18
13
3
4
3
-3
0
-5
-2
-2
-8
-9
-7
-2
1
5
1
3
6
3
0
-5
-9
-9
-5
-5
-4
4
1
1
1
2
7
14
10
17
20
22
25
28
34
35
42
41
46
46
47
53
49
48
47
45
40
36
36
38
40
46
48
48
44
34
32
32
36
33
40
35
31
23
13
12
12
14
20
20
9
14
15
12
11
16
14
11
8
6
11
6
0
2
2
5
8
13
13
18
19
18
15
21
32
22
19
21
18
16
19
20
20
22
25
24
23
19
23
16
6
14
9
13
13
17
16
11
13
11
9
7
7
3
2
-6
-9
-4
-1
-1
1
8
10
9
9
3
6
3
-4
-5
-2
1
-1
4
8
10
4
6
17
16
17
13
15
17
11
12
10
7
4
2
1
3
3
3
2
-4
-2
-1
-3
-5
1
4
0
-2
-5
-5
-9
-10
-10
-12
-12
-11
-15
-17
-17
-12
-18
-17
-22
-22
-18
-23
-19
-23
-27
-21
-7
-6
-9
-9
-9
-9
-2
1
3
2
-10
-6
-3
3
6
3
9
14
19
19
16
15
12
14
18
17
24
25
20
12
9
6
4
0
2
2
7
10
2
-8
-17
-18
-19
-18
-22
-29
-34
-36
-32
-37
-39
-38
-43
-39
-33
-33
-33
-37
-40
-46
-44
-49
-49
-48
-51
-46
-38
-34
-39
-36
-36
-33
-26
-20
-13
-8
-11
-14
-13
-14
-11
-7
-6
-7
-5
-3
-5
-3
4
4
-5
4
10
12
17
13
10
6
8
5
9
4
0
6
4
1
-1
-2
1
2
1
0
0
4
7
2
-6
-6
-11
-7
-13
-11
-11
-12
-15
-17
-12
-13
-13
-12
-12
-14
-11
-11
-14
-15
-22
-20
-14
-12
-2
-8
-12
-13
-20
-23
-20
-19
-15
-15
-18
-20
-18
-18
-21
-12
-6
-8
1
4
5
6
2
0
-1
1
8
4
0
1
0
0
0
-1
4
2
7
12
6
3
-4
-6
-13
-13
-14
-16
-13
-9
-3
-2
0
1
1
3
6
13
11
4
2
-2
0
8
10
12
21
24
26
29
26
22
22
19
22
30
33
37
40
32
33
32
27
33
26
29
32
31
33
27
22
24
21
19
22
16
22
20
20
17
11
14
10
6
-1
-11
-7
-12
-15
-13
-13
-12
-7
-7
-2
-1
0
7
9
8
9
8
10
8
9
14
18
19
13
10
10
7
4
6
10
10
9
13
16
21
22
25
16
19
17
15
15
14
17
20
20
15
20
26
29
29
25
24
26
27
23
26
34
27
20
13
12
14
20
21
13
11
5
-2
0
2
-2
-7
-2
-6
-8
0
-6
-9
-11
-12
-15
-16
-12
-18
-13
-7
-8
-4
-10
-12
-13
-11
-12
-9
-7
-6
-3
-3
1
2
5
2
1
0
2
5
4
4
0
-3
-4
-1
-4
-3
1
1
-4
-7
-10
-12
-13
-8
-2
2
1
-9
-4
-3
-5
-7
-9
-12
-18
-12
-16
-18
-13
-8
-14
-15
-11
-14
-17
-15
-12
-12
-9
-11
-17
-22
-23
-18
-17
-19
-18
-17
-19
-17
-21
-20
-16
-21
-13
-14
-17
-20
-30
-32
-35
-28
-23
-29
-28
-18
-19
-19
-17
-12
-13
-13
-10
-15
-15
-21
-25
-26
-27
-30
-26
-17
-14
-8
-8
-7
-3
-6
-7
-1
-2
-2
-7
-5
-3
-5
-4
-5
-6
-6
-4
0
5
7
6
6
7
4
-1
-6
-2
-3
2
-4
-1
-4
-7
-7
-11
-8
-11
-5
-10
-12
-14
-16
-18
-15
-11
-7
-1
0
-2
-3
-1
-8
-9
-6
-6
-8
-1
-2
-5
6
13
14
12
10
12
14
12
14
11
9
11
15
17
9
7
8
2
5
10
5
9
3
-2
-5
-10
-15
-19
-20
-16
-9
-12
-19
-15
-9
-9
-5
-7
-6
-9
-15
-15
-16
-11
-16
-17
-19
-12
-7
-10
-3
-10
-5
2
1
5
12
14
14
20
21
16
18
20
23
26
27
21
19
25
27
26
28
31
30
30
27
26
23
17
16
14
10
8
2
-1
5
8
7
11
15
11
16
18
13
8
1
1
0
-2
0
0
1
6
10
17
19
20
23
22
20
14
15
23
16
20
20
19
22
23
28
30
31
32
30
29
34
34
28
31
37
40
46
47
45
45
48
49
50
49
46
48
50
48
45
43
41
43
47
48
45
37
32
30
32
31
23
20
22
21
25
26
17
17
16
5
3
2
3
-1
-12
-17
-17
-19
-22
-26
-23
-18
-19
-17
-18
-11
-11
-12
-14
-21
-23
-21
-20
-21
-25
-26
-29
-31
-33
-31
-29
-23
-20
-18
-18
-20
-14
-19
-16
-18
-13
-8
-6
-8
-6
-11
-14
-14
-19
-14
-19
-21
-17
-20
-20
-21
-20
-23
-29
-34
-32
-24
-30
-33
-27
-25
-28
-29
-26
-30
-25
-28
-31
-31
-30
-20
-19
-20
-19
-19
-26
-23
-18
-22
-19
-22
-21
-18
-21
-17
-15
-20
-25
-32
-32
-27
-27
-22
-24
-27
-25
-23
-22
-25
-27
-25
-29
-31
-29
-35
-38
-42
-38
-41
-37
-32
-27
-20
-19
-21
-21
-20
-20
-22
-16
-17
-12
-17
-20
-11
-11
-5
-7
-5
-6
0
2
8
12
8
10
-4
-3
-4
-8
-9
-9
-8
-5
-10
-17
-15
-12
-9
-3
-4
-4
-4
-2
-6
-10
-9
-11
-6
-4
-5
-6
-5
-4
-2
0
0
-3
0
-3
-5
-1
-5
-8
-15
-13
-5
-12
-12
-14
-18
-18
-18
-18
-12
-14
-12
-8
-6
-2
-4
-1
1
-3
0
-1
4
4
4
18
16
15
11
15
16
16
12
16
19
11
13
13
16
18
20
27
32
36
39
38
35
26
29
28
38
32
33
41
39
42
40
40
36
36
30
35
34
25
32
30
34
39
33
37
43
43
44
38
38
33
27
25
28
23
22
25
24
23
23
31
31
32
28
31
33
17
18
19
22
21
20
14
15
16
7
8
9
5
-1
-1
1
6
8
2
-1
5
5
4
7
1
1
-3
2
7
10
11
11
23
26
25
31
35
36
41
37
35
31
20
22
19
23
22
16
20
23
20
23
20
10
11
10
15
7
-1
-4
-6
-12
-21
-25
-27
-24
-19
-16
-13
-16
-14
-17
-21
-17
-25
-26
-28
-23
-24
-25
-21
-22
-17
-22
-12
-6
-13
-15
-15
-9
-3
-5
-7
-6
-6
-5
-2
-5
-14
-14
-9
-5
-4
1
-5
-7
-6
-10
-7
-14
-13
-9
-6
-7
-14
-16
-22
-18
-17
-19
-14
-18
-11
-12
-10
-16
-24
-28
-32
-28
-24
-26
-25
-25
-27
-23
-24
-23
-28
-25
-24
-21
-18
-26
-23
-21
-17
-21
-24
-29
-34
-32
-31
-26
-20
-26
-32
-29
-30
-24
-26
-25
-21
-24
-24
-24
-28
-30
-30
-26
-22
-30
-36
-42
-37
-43
-48
-38
-42
-35
-38
-44
-46
-52
-56
-56
-52
-55
-54
-51
-51
-39
-39
-35
-28
-26
-19
-16
-11
-7
-7
-2
3
1
-1
-1
4
9
9
9
7
12
14
9
9
11
17
14
12
13
16
21
22
21
26
23
21
22
16
11
1
-5
-12
-21
-20
-26
-24
-13
-13
-14
-21
-24
-21
-19
-11
-13
-20
-19
-20
-22
-27
-22
-25
-29
-20
-18
-11
-4
0
7
8
10
15
17
16
20
23
23
28
28
25
27
33
43
42
44
50
53
59
56
56
58
57
59
64
64
57
63
67
62
59
54
57
59
60
57
57
61
54
49
44
40
41
36
30
37
34
31
38
37
31
16
14
7
16
14
16
16
12
10
3
13
11
11
10
8
8
9
8
9
10
16
23
25
26
18
15
17
24
22
23
27
34
40
38
40
44
44
50
55
56
54
57
47
45
44
42
41
43
48
50
53
49
46
45
43
42
47
43
40
36
26
22
26
31
28
32
28
28
27
31
32
29
30
23
22
18
18
21
20
12
11
11
3
7
7
4
2
5
7
6
4
4
0
-10
-11
-8
-15
-14
-16
-19
-22
-24
-24
-24
-25
-28
-23
-28
-23
-23
-26
-26
-31
-37
-39
-45
-49
-41
-39
-38
-40
-33
-27
-31
-33
-38
-42
-42
-43
-38
-34
-39
-46
-48
-53
-55
-51
-48
-45
-44
-41
-47
-55
-64
-72
-70
-71
-66
-66
-72
-68
-61
-57
-54
-48
-43
-46
-46
-45
-47
-49
-51
-52
-48
-49
-49
-45
-42
-34
-36
-34
-31
-35
-36
-30
-29
-29
-33
-39
-32
-27
-32
-28
-30
-31
-28
-28
-29
-32
-33
-27
-21
-17
-18
-18
-19
-18
-17
-13
-9
-13
-9
-7
-12
-11
-12
-13
-14
-14
-10
-12
-14
-13
-15
-15
-15
-15
-13
-10
-9
-5
-7
-8
-12
-11
-9
-1
4
2
4
0
-6
-6
-7
-10
-12
-12
-15
-20
-21
-11
-9
-2
5
4
6
8
3
-1
2
0
1
-4
-8
-3
3
13
18
17
15
21
28
30
29
24
23
16
19
21
21
32
32
26
25
20
29
22
27
28
27
38
32
31
33
31
30
32
35
42
40
42
41
34
25
33
41
41
47
49
53
53
59
62
57
62
59
60
55
54
54
50
53
56
63
63
64
70
75
70
69
64
65
63
62
63
62
57
47
40
32
28
26
31
34
29
25
26
24
22
15
8
3
6
11
13
19
21
23
20
13
15
9
4
12
7
1
8
13
16
14
14
22
20
24
27
27
24
24
23
23
20
23
24
21
21
16
23
18
21
18
11
12
14
13
9
12
9
17
9
-2
-4
-8
-9
-11
-10
-14
-15
-17
-11
-11
-17
-23
-25
-24
-20
-22
-27
-28
-36
-30
-33
-36
-32
-34
-38
-31
-28
-31
-28
-31
-31
-27
-34
-33
-37
-37
-40
-38
-34
-42
-43
-49
-44
-39
-33
-27
-34
-41
-49
-43
-46
-42
-38
-43
-38
-39
-33
-33
-33
-38
-39
-38
-41
-39
-42
-45
-43
-48
-49
-55
-59
-52
-54
-51
-48
-45
-49
-54
-56
-64
-65
-66
-70
-75
-76
-79
-70
-72
-71
-68
-65
-52
-53
-45
-47
-48
-49
-52
-53
-58
-49
-40
-37
-37
-40
-43
-46
-49
-45
-33
-29
-29
-28
-34
-40
-37
-37
-35
-31
-23
-22
-18
-18
-20
-21
-20
-18
-16
-7
-5
-3
-5
-3
1
-2
8
18
10
12
17
19
20
16
15
10
16
19
21
29
34
40
43
43
41
37
36
32
31
30
32
29
31
37
23
32
40
45
52
52
51
45
38
31
33
28
28
26
23
28
25
28
33
32
27
29
27
27
28
22
21
21
25
22
19
22
20
17
17
16
12
10
13
10
19
27
26
26
23
28
31
30
37
37
33
36
35
29
32
39
36
35
42
44
47
43
34
36
34
40
44
36
36
27
21
16
19
23
22
21
18
19
24
20
18
18
15
8
9
16
17
26
29
27
27
24
29
25
26
27
27
27
26
29
26
21
23
22
27
34
38
36
35
30
21
23
24
21
15
13
10
16
19
20
17
10
15
13
10
14
9
15
14
20
27
22
15
14
16
18
18
22
29
20
19
21
23
21
17
19
23
31
31
28
26
23
14
9
17
17
20
13
11
7
7
1
1
9
7
7
5
-2
-10
-17
-25
-17
-12
-13
-15
-22
-21
-21
-15
-12
-15
-17
-18
-14
-10
-9
-9
-17
-19
-18
-21
-15
-20
-17
-18
-22
-23
-26
-25
-28
-32
-31
-39
-37
-37
-37
-36
-42
-43
-38
-41
-45
-39
-35
-32
-40
-40
-43
-40
-31
-32
-43
-46
-46
-50
-55
-44
-41
-46
-52
-52
-51
-51
-43
-47
-46
-45
-44
-45
-44
-40
-43
-44
-47
-44
-37
-35
-37
-38
-34
-32
-32
-33
-36
-33
-31
-28
-28
-39
-44
-40
-40
-32
-23
-19
-16
-21
-19
-19
-18
-21
-21
-20
-16
-17
-18
-23
-25
-20
-18
-16
-6
-1
-1
5
11
11
4
10
4
-1
-3
-6
-4
1
-5
-4
5
3
6
8
13
12
11
14
17
20
18
15
18
13
9
14
10
15
16
9
8
6
1
-1
-3
0
6
8
9
1
2
3
0
2
-4
-6
-6
-7
-3
-6
-13
-11
-1
4
8
17
14
14
12
3
7
1
-5
3
2
9
14
10
12
15
15
10
13
9
6
9
17
15
17
12
10
11
10
14
16
20
22
24
27
33
31
39
38
39
42
45
45
47
50
47
44
40
48
45
50
46
52
62
56
57
53
56
58
57
58
53
41
39
40
33
27
21
22
27
33
39
38
38
32
32
23
14
11
0
-3
-1
2
4
6
4
-7
-4
-5
-9
-2
-4
-4
-6
-15
-20
-28
-24
-27
-27
-21
-26
-11
-7
-10
-9
-9
-12
-18
-13
-14
-13
-13
-13
-14
-14
-6
-5
-4
-4
2
4
7
15
12
9
10
11
16
21
17
16
20
14
16
13
9
11
15
23
22
23
24
21
21
21
19
18
14
10
10
1
0
-4
-8
-3
-2
-8
-13
-8
-7
-7
-4
-1
-4
-12
-15
-21
-18
-16
-18
-19
-21
-28
-26
-26
-29
-26
-19
-21
-21
-14
-23
-21
-27
-35
-36
-34
-25
-23
-24
-25
-26
-27
-30
-26
-21
-9
-7
-1
-1
-9
-7
-15
-14
-11
-8
-1
3
3
4
-5
-5
-12
-13
-11
-5
-2
-3
-6
-17
-15
-23
-21
-17
-13
-12
-15
-21
-30
-31
-35
-45
-44
-41
-39
-44
-47
-50
-50
-45
-44
-44
-51
-56
-58
-56
-60
-57
-54
-59
-56
-51
-51
-44
-40
-35
-32
-32
-33
-31
-25
-30
-35
-28
-26
-21
-19
-16
-19
-21
-18
-20
-18
-19
-11
-11
-11
-9
-4
-11
-14
-9
-7
-5
-3
-1
-1
1
-3
-7
-9
-6
-9
-5
-4
-6
-7
-7
-9
-8
-5
-14
-11
-7
-11
-9
-3
-4
-8
-12
-15
-18
-18
-14
-18
-21
-19
-20
-17
-6
-6
-2
-2
-6
-2
4
4
8
8
9
10
8
12
14
12
10
11
15
16
21
30
33
30
31
26
25
26
27
29
35
40
43
43
42
47
50
49
47
42
42
47
46
45
50
44
43
44
41
43
38
39
42
35
34
35
37
37
41
47
41
42
48
43
37
40
42
42
50
48
37
32
29
29
33
33
32
29
24
26
23
16
18
15
16
15
15
18
12
13
7
5
3
3
11
9
8
7
6
10
12
14
13
14
19
25
22
25
30
27
34
28
26
27
34
35
34
38
34
33
38
42
45
42
44
51
48
47
45
43
39
44
40
38
48
45
51
44
38
35
22
19
19
21
20
23
18
15
14
16
18
13
1
-1
4
1
-4
-9
-7
-18
-22
-23
-22
-21
-27
-24
-25
-21
-12
-15
-19
-23
-22
-25
-24
-26
-30
-35
-37
-34
-32
-27
-27
-26
-26
-29
-27
-27
-30
-30
-26
-27
-21
-17
-12
-10
-11
-19
-27
-33
-27
-23
-29
-23
-25
-26
-31
-31
-30
-34
-35
-32
-22
-24
-18
-24
-26
-33
-35
-29
-33
-28
-29
-27
-30
-30
-26
-31
-34
-40
-41
-41
-39
-31
-28
-33
-34
-35
-36
-35
-32
-26
-23
-29
-27
-33
-29
-28
-25
-25
-25
-25
-25
-22
-27
-27
-29
-28
-32
-31
-25
-28
-31
-33
-28
-27
-31
-31
-31
-30
-21
-18
-20
-15
-10
-15
-23
-22
-33
-33
-30
-33
-29
-25
-19
-24
-23
-18
-19
-14
-11
-15
-14
-16
-17
-13
-14
-9
-11
-4
-2
-10
-5
-8
-21
-21
-19
-21
-20
-19
-20
-19
-22
-23
-18
-21
-23
-20
-23
-26
-32
-37
-40
-35
-31
-28
-26
-22
-17
-22
-21
-18
-19
-18
-21
-25
-25
-31
-25
-21
-15
-5
-4
-5
-7
-5
-3
-3
4
10
14
20
22
23
29
36
44
51
55
64
72
73
74
74
70
68
65
64
70
81
88
91
88
86
86
82
83
82
84
83
74
73
70
67
60
59
56
56
57
58
62
52
51
49
38
32
30
25
28
25
26
35
38
33
25
17
13
13
13
15
14
15
13
16
9
4
11
9
13
18
17
21
22
19
18
13
13
14
21
21
19
30
30
32
36
34
35
38
34
30
31
30
22
23
27
24
30
30
23
28
25
24
21
14
14
11
9
16
16
19
21
19
17
16
15
16
14
12
0
-6
-11
-18
-20
-25
-19
-22
-24
-25
-28
-27
-20
-24
-24
-24
-22
-24
-28
-25
-30
-31
-35
-37
-37
-36
-32
-33
-29
-25
-21
-20
-25
-25
-24
-32
-32
-39
-40
-32
-30
-27
-30
-38
-41
-38
-41
-32
-24
-23
-18
-23
-23
-19
-25
-23
-22
-29
-23
-19
-19
-22
-28
-41
-43
-47
-43
-33
-27
-20
-19
-12
-12
-15
-18
-26
-27
-27
-26
-27
-32
-26
-19
-24
-24
-23
-29
-28
-27
-28
-34
-42
-39
-40
-43
-42
-52
-51
-53
-52
-53
-59
-53
-51
-59
-61
-57
-65
-62
-61
-59
-56
-55
-52
-49
-47
-40
-34
-37
-28
-24
-19
-15
-13
-19
-19
-13
-7
-3
0
5
6
5
7
15
11
16
17
20
24
21
20
20
24
19
23
28
28
21
19
14
10
11
13
11
13
19
19
23
16
19
21
21
22
20
20
16
17
17
21
25
27
27
24
19
18
20
13
21
20
16
19
18
19
19
18
18
22
17
16
13
9
2
-6
-3
-7
-4
8
13
16
16
15
18
25
24
22
21
19
15
7
7
8
8
6
13
16
24
33
38
46
47
44
33
26
18
18
17
21
26
25
36
40
35
33
34
30
28
33
38
36
34
34
27
28
23
17
19
21
25
22
15
14
9
9
12
12
13
13
11
9
9
6
8
7
6
10
12
11
14
16
16
17
19
13
16
14
9
10
11
17
20
20
19
22
23
19
23
27
24
27
31
38
37
35
36
25
27
22
25
33
35
33
32
38
37
38
40
41
47
45
38
34
30
29
27
30
32
28
24
20
16
12
10
6
2
0
-1
4
1
0
-4
-8
-16
-12
-4
-8
-11
-20
-30
-32
-30
-33
-32
-39
-42
-41
-41
-44
-42
-44
-42
-44
-42
-35
-33
-26
-26
-22
-31
-34
-33
-32
-29
-24
-24
-25
-16
-17
-21
-21
-13
-14
-10
-16
-16
-14
-22
-22
-19
-23
-29
-28
-30
-22
-27
-26
-24
-25
-27
-28
-28
-29
-22
-26
-18
-16
-8
-11
-12
-14
-11
-3
-2
-2
0
-1
-7
-4
-6
-4
-7
-1
0
-3
2
3
2
3
5
0
7
4
-4
0
0
-1
-6
-9
-14
-11
-13
-12
-7
-7
-5
-8
-10
-7
-8
-18
-20
-17
-15
-11
-10
-10
-10
-14
-12
-15
-15
-10
-5
1
-4
1
2
-6
-6
-7
-7
-9
-20
-22
-20
-27
-16
-20
-24
-22
-25
-16
-20
-27
-33
-38
-39
-39
-38
-36
-33
-36
-37
-38
-34
-34
-30
-25
-32
-32
-33
-38
-36
-30
-23
-22
-20
-24
-18
-20
-17
-22
-28
-24
-30
-25
-16
-6
-8
-5
-1
0
2
6
8
7
1
3
0
0
-1
0
0
3
11
15
12
7
11
6
6
6
8
9
10
8
12
18
19
28
26
19
20
23
23
24
24
25
28
24
26
26
26
29
35
34
35
35
35
34
30
31
25
26
21
20
23
21
23
22
24
15
11
15
13
16
5
5
7
13
18
17
27
27
27
22
18
17
19
20
23
26
24
26
24
25
25
24
28
33
32
34
32
30
31
28
29
22
20
24
30
37
36
41
38
37
35
37
39
37
35
27
32
29
26
19
13
16
19
18
22
27
22
19
15
15
10
7
4
1
2
1
11
9
8
14
11
15
6
6
14
11
9
9
14
13
11
5
3
0
0
-1
0
4
9
3
0
2
-4
-4
-10
-8
-3
-2
-4
-8
-5
-5
-6
-4
-11
-9
-7
-9
-5
-5
-5
-4
-2
-6
-1
-7
-8
1
-3
2
-1
-2
6
5
4
9
12
8
11
6
4
3
-5
-4
-7
-1
-3
-9
-11
-14
-13
-17
-21
-22
-27
-29
-32
-33
-35
-32
-35
-32
-31
-35
-38
-35
-34
-33
-34
-41
-40
-39
-36
-40
-44
-43
-38
-34
-34
-34
-34
-34
-35
-34
-28
-27
-28
-32
-42
-41
-41
-42
-46
-47
-42
-42
-38
-33
-31
-27
-21
-22
-24
-29
-28
-33
-41
-43
-40
-34
-36
-33
-35
-35
-37
-31
-27
-30
-29
-28
-26
-19
-22
-26
-27
-33
-28
-25
-25
-21
-22
-22
-23
-23
-23
-22
-20
-18
-25
-24
-21
-22
-25
-24
-34
-31
-24
-27
-29
-27
-25
-22
-18
-23
-23
-13
-11
-6
5
5
0
-6
-5
-9
-7
-10
-14
-11
-14
-8
-9
-5
1
0
5
8
11
11
3
5
5
9
9
7
13
16
19
12
8
6
7
12
14
14
13
8
10
11
9
16
21
17
22
22
19
13
11
8
6
9
9
13
10
8
10
10
14
16
22
19
20
22
18
26
26
30
33
35
38
36
32
31
34
35
31
37
33
30
35
39
45
49
58
58
56
58
61
52
44
48
49
44
46
48
46
43
46
45
49
56
57
60
58
52
44
40
48
45
39
46
51
54
55
65
60
61
56
57
58
56
57
51
56
55
56
48
47
50
47
50
49
48
40
42
40
45
50
41
31
26
29
29
27
23
23
24
23
25
28
30
31
26
21
21
16
15
18
12
12
7
-3
-6
-8
-13
-13
-14
-17
-12
-8
-15
-14
-18
-24
-18
-17
-21
-22
-22
-28
-33
-33
-33
-34
-29
-25
-23
-17
-14
-17
-17
-20
-24
-28
-35
-36
-39
-33
-31
-32
-26
-20
-14
-10
-9
-13
-8
-2
1
2
-3
0
-2
-9
-10
-13
-19
-13
-10
-11
-13
-20
-26
-28
-30
-30
-32
-31
-28
-24
-25
-27
-25
-30
-34
-37
-34
-37
-31
-33
-40
-43
-49
-44
-54
-45
-48
-48
-42
-45
-39
-43
-43
-41
-38
-39
-39
-37
-46
-41
-36
-37
-28
-24
-18
-17
-14
-13
-19
-17
-21
-13
-11
-11
-9
-11
-16
-26
-26
-28
-31
-25
-27
-28
-32
-39
-35
-29
-30
-33
-35
-36
-38
-39
-44
-42
-44
-49
-43
-53
-57
-53
-53
-53
-56
-54
-38
-36
-42
-41
-45
-43
-34
-39
-40
-45
-40
-39
-36
-31
-22
-18
-18
-15
-14
-12
-15
-11
-15
-12
-15
-16
-11
-5
-6
0
5
7
11
20
26
29
24
21
27
22
20
21
19
14
15
14
14
14
18
21
24
20
18
20
18
16
11
7
7
7
-3
-2
-7
-5
-6
-4
-3
-5
3
4
7
12
12
14
12
14
18
17
25
26
26
34
39
42
42
41
40
41
45
46
48
56
60
55
49
51
53
46
50
54
53
54
53
57
63
63
58
53
45
49
52
45
47
49
48
48
48
47
49
56
47
47
46
42
41
35
35
29
24
28
29
26
25
27
24
19
20
27
39
40
36
31
32
28
25
21
23
21
25
25
24
26
20
16
17
19
16
17
18
17
20
21
18
18
14
13
12
10
9
7
4
4
6
7
6
6
6
13
11
15
20
15
8
3
3
1
4
6
7
12
17
13
8
4
-1
-2
1
-3
-11
-10
-15
-8
-6
-11
-6
-15
-17
-21
-28
-27
-29
-33
-38
-40
-46
-46
-53
-48
-43
-48
-43
-43
-43
-45
-47
-40
-34
-32
-35
-37
-38
-40
-33
-34
-38
-41
-38
-36
-41
-47
-52
-50
-54
-53
-50
-51
-54
-51
-55
-55
-46
-48
-50
-47
-41
-39
-37
-33
-42
-44
-44
-48
-46
-45
-45
-46
-49
-46
-39
-40
-34
-29
-25
-21
-23
-18
-18
-12
-15
-17
-18
-18
-11
-16
-10
-6
-3
1
-2
-1
0
12
12
10
4
-2
-1
-7
-13
-15
-21
-27
-26
-33
-33
-29
-35
-34
-37
-33
-32
-31
-34
-41
-40
-44
-44
-43
-47
-44
-44
-48
-47
-45
-37
-31
-31
-36
-34
-34
-30
-31
-32
-36
-31
-24
-14
-10
-12
-2
3
6
14
21
20
24
23
22
20
19
17
16
18
18
19
16
15
15
22
21
26
26
27
20
20
12
6
11
11
15
9
12
10
1
4
4
4
6
14
17
17
19
17
24
16
12
12
8
5
2
5
6
6
8
10
13
23
25
31
33
28
27
23
22
23
26
27
27
23
26
32
31
35
38
38
42
49
53
55
56
53
51
49
49
54
55
57
59
66
69
65
63
65
63
58
62
63
68
69
69
65
60
58
59
53
50
51
51
48
44
40
33
34
36
42
45
44
43
40
37
33
29
31
31
27
23
23
21
23
19
16
16
19
12
9
11
8
15
10
3
2
6
10
10
11
6
9
7
9
14
9
8
3
4
12
13
16
17
18
19
17
20
21
15
6
7
6
1
-1
3
2
8
10
14
16
16
20
13
15
11
12
14
11
4
-4
-13
-11
-12
-7
-4
-4
4
4
4
2
-11
-19
-19
-23
-21
-27
-29
-32
-30
-35
-34
-26
-21
-19
-18
-20
-22
-22
-27
-22
-21
-25
-26
-23
-17
-11
-9
-12
-14
-15
-7
-6
-9
-10
-6
-9
-12
-12
-11
-10
-12
-8
-6
-9
-8
-12
-18
-23
-24
-26
-35
-28
-23
-30
-31
-32
-42
-49
-53
-53
-52
-56
-60
-68
-70
-65
-67
-64
-58
-55
-43
-39
-41
-34
-39
-38
-34
-36
-32
-34
-39
-39
-43
-47
-44
-45
-44
-44
-40
-42
-41
-45
-52
-52
-54
-55
-53
-50
-46
-41
-39
-42
-41
-49
-49
-59
-62
-63
-62
-62
-60
-49
-53
-46
-46
-39
-33
-25
-18
-23
-21
-19
-23
-20
-16
-21
-13
-6
-7
-2
0
7
17
21
27
29
29
30
30
29
27
23
19
13
10
5
10
7
7
7
13
12
6
11
6
10
12
13
12
2
0
3
-1
3
3
1
-1
5
9
7
5
3
3
0
1
6
0
-1
-1
-6
-3
-7
-8
-6
1
3
10
12
8
7
7
4
5
8
9
14
12
15
13
16
22
31
38
45
46
48
52
47
44
47
48
45
45
43
43
44
52
62
69
71
72
74
72
73
70
68
65
57
52
48
49
46
45
44
47
52
51
52
54
57
59
60
55
54
47
39
30
26
22
21
22
25
25
25
30
27
31
28
23
29
24
25
29
23
26
21
20
25
23
31
29
35
40
40
38
39
43
47
43
42
39
40
43
43
41
46
46
40
44
43
38
40
43
40
38
32
30
18
15
12
6
10
9
12
10
8
7
6
4
-7
-6
-12
-21
-21
-28
-30
-29
-33
-31
-26
-29
-29
-26
-24
-27
-28
-24
-28
-30
-31
-35
-40
-42
-40
-46
-51
-52
-47
-40
-42
-38
-41
-40
-43
-41
-37
-37
-43
-41
-48
-52
-46
-51
-56
-59
-55
-59
-50
-46
-45
-45
-44
-40
-39
-36
-39
-43
-46
-43
-40
-38
-33
-29
-30
-25
-19
-17
-19
-22
-21
-17
-21
-22
-29
-27
-28
-31
-28
-26
-27
-29
-24
-17
-17
-20
-22
-26
-25
-29
-31
-34
-37
-40
-40
-38
-46
-47
-52
-50
-51
-52
-48
-45
-49
-49
-51
-53
-52
-62
-62
-57
-57
-59
-54
-47
-41
-44
-47
-45
-45
-43
-43
-43
-47
-45
-48
-47
-46
-42
-44
-41
-31
-29
-19
-17
-13
-10
-13
-16
-18
-18
-14
-1
3
8
12
12
10
9
15
16
22
20
23
22
20
24
24
28
27
28
32
30
26
17
20
19
17
21
25
27
27
33
33
28
24
23
26
20
19
18
17
24
24
24
22
25
25
22
22
22
20
15
11
9
5
2
0
2
9
14
18
16
12
15
16
18
21
22
19
21
21
22
20
13
18
28
29
34
44
41
42
46
46
47
43
40
42
42
48
53
51
54
54
53
57
62
65
67
68
69
64
60
58
56
55
57
59
54
53
53
52
50
51
47
42
37
41
47
50
49
42
35
29
23
20
17
8
7
6
1
1
-2
-3
-6
-2
2
2
5
7
6
7
2
-2
-5
-8
-6
2
5
9
12
11
16
17
18
18
20
23
27
30
26
26
29
39
45
46
46
42
37
38
40
35
31
28
26
22
23
26
25
17
16
15
15
18
13
12
11
0
3
-1
-8
-6
-10
-14
-6
-6
-5
-1
-6
-6
-7
-7
-9
-17
-15
-12
-23
-19
-18
-27
-27
-31
-27
-27
-28
-32
-26
-23
-29
-38
-39
-35
-39
-37
-36
-36
-39
-38
-33
-36
-37
-42
-47
-50
-54
-58
-58
-61
-59
-52
-59
-55
-53
-54
-55
-53
-49
-50
-50
-49
-46
-47
-39
-40
-39
-41
-43
-38
-39
-32
-33
-31
-30
-31
-28
-30
-32
-25
-22
-21
-18
-16
-15
-20
-24
-19
-19
-24
-31
-35
-33
-35
-39
-40
-30
-29
-29
-30
-31
-28
-28
-28
-34
-34
-41
-45
-49
-43
-38
-32
-34
-33
-32
-29
-23
-25
-21
-22
-20
-20
-20
-28
-34
-28
-29
-22
-21
-21
-17
-17
-18
-22
-24
-22
-21
-19
-16
-15
-16
-19
-17
-14
-12
-6
-9
-10
-1
0
5
8
12
16
15
23
21
32
35
28
32
26
21
26
23
20
27
31
21
23
27
25
33
29
32
31
29
26
28
30
21
22
13
8
14
19
14
11
13
11
7
-1
-5
-10
-12
-9
-10
-5
-4
-3
-3
-2
-3
-10
-7
-6
-8
-6
-7
-12
-14
-12
-9
-11
-3
6
10
18
22
17
19
24
28
34
42
50
48
44
41
44
46
47
52
55
52
57
59
54
62
64
64
57
58
62
64
65
67
66
63
62
57
56
55
51
51
52
45
43
49
44
39
39
37
32
38
37
32
32
31
28
24
20
20
27
26
21
19
15
15
15
12
8
4
3
6
10
7
8
4
2
0
1
2
0
3
-4
-9
-4
-1
-1
3
3
4
6
9
6
9
4
4
1
3
0
-8
-9
-8
-4
-4
-5
-6
-3
-8
-5
-5
-4
-3
-3
-6
-9
-8
-12
-9
-10
-13
-19
-20
-22
-29
-23
-24
-21
-19
-25
-26
-31
-33
-40
-38
-41
-36
-34
-36
-37
-37
-33
-31
-36
-37
-37
-38
-28
-36
-32
-31
-34
-25
-29
-28
-22
-30
-30
-32
-33
-33
-30
-25
-27
-25
-20
-25
-28
-21
-21
-21
-25
-24
-29
-28
-24
-25
-22
-17
-13
-9
-4
-3
2
4
1
-7
-12
-16
-17
-15
-15
-9
-10
-5
3
4
2
2
-5
-7
0
-4
3
0
-3
-7
-11
-11
-9
-5
-6
-7
-10
-10
-6
-7
-12
-16
-18
-22
-25
-29
-31
-31
-23
-25
-26
-29
-24
-36
-42
-38
-43
-39
-48
-43
-39
-46
-48
-42
-40
-40
-33
-30
-34
-36
-32
-33
-30
-35
-28
-24
-23
-15
-12
-11
-11
-8
-8
-1
2
8
8
13
14
12
18
14
13
17
19
22
21
25
26
28
26
31
37
37
41
44
53
51
50
43
38
38
35
37
39
42
36
35
28
29
24
22
23
12
15
23
23
15
9
4
-3
-3
-1
-2
-7
-20
-26
-23
-17
-21
-24
-20
-20
-18
-14
-13
-15
-5
-1
-5
-8
-12
-9
-9
-6
-10
-5
2
5
2
10
18
19
23
24
27
28
33
33
33
35
35
36
34
37
38
40
46
48
49
50
41
35
35
24
23
32
29
32
32
34
35
28
28
28
19
19
16
18
19
10
15
14
8
10
16
15
16
14
17
21
16
16
18
16
10
7
6
3
3
3
11
19
16
16
18
17
22
18
11
15
13
15
12
12
8
14
13
15
17
21
33
26
32
35
33
28
27
24
25
23
20
24
24
23
26
29
24
23
24
25
25
30
28
20
23
21
17
16
9
9
9
3
-2
-9
-11
-12
-17
-23
-22
-23
-27
-30
-32
-21
-23
-23
-25
-25
-25
-28
-27
-32
-26
-25
-20
-19
-18
-19
-25
-17
-14
-9
-1
5
13
9
6
10
5
6
1
3
1
-1
-1
5
10
10
14
13
14
16
16
14
16
21
16
12
14
9
12
6
2
-4
-9
-6
-9
-9
-9
-8
-10
-9
-9
-12
-17
-15
-10
-16
-20
-20
-26
-27
-30
-29
-27
-32
-31
-29
-26
-24
-28
-24
-22
-18
-23
-30
-27
-34
-32
-30
-32
-30
-34
-41
-38
-33
-31
-30
-28
-25
-26
-22
-27
-29
-27
-28
-34
-36
-31
-28
-24
-24
-26
-28
-32
-30
-34
-34
-34
-35
-35
-42
-41
-44
-46
-53
-46
-43
-42
-33
-29
-27
-29
-32
-29
-29
-30
-28
-31
-33
-32
-33
-37
-30
-32
-36
-28
-19
-24
-22
-18
-19
-19
-15
-14
-16
-17
-21
-20
-16
-16
-6
-3
-2
4
-1
-2
0
-6
-4
-7
-12
-6
-10
-11
-11
-9
-10
-15
-18
-19
-16
-12
-15
-15
-13
-17
-17
-13
-7
-10
-7
0
0
3
6
8
14
11
3
7
7
8
13
18
19
21
25
24
25
33
41
42
39
37
42
39
45
38
32
30
30
30
42
45
44
45
51
53
47
44
37
39
38
41
32
27
22
18
19
19
26
24
19
19
20
16
13
11
13
5
9
14
5
8
11
9
16
19
15
13
7
14
15
14
13
18
24
21
18
21
29
25
35
32
29
29
26
30
30
25
25
28
27
32
37
34
32
32
33
35
35
39
35
35
36
38
39
40
46
45
49
49
48
42
40
44
47
57
55
56
55
54
53
48
49
56
60
62
66
62
60
55
47
46
50
44
40
32
25
21
18
17
13
15
8
8
3
1
5
9
7
3
-6
-14
-10
-13
-12
-13
-15
-20
-22
-16
-12
-13
-18
-17
-11
-11
-13
-11
-11
-8
-16
-20
-20
-22
-23
-26
-20
-24
-27
-30
-36
-38
-32
-23
-22
-27
-26
-27
-32
-36
-35
-35
-33
-36
-41
-43
-44
-44
-47
-41
-44
-47
-49
-54
-52
-52
-50
-45
-44
-38
-38
-35
-37
-46
-49
-55
-57
-55
-57
-54
-51
-56
-47
-47
-46
-47
-45
-51
-51
-48
-50
-53
-54
-53
-62
-66
-61
-60
-55
-53
-49
-48
-49
-45
-45
-46
-53
-48
-50
-41
-35
-33
-28
-26
-18
-22
-21
-26
-24
-17
-21
-21
-21
-23
-25
-24
-20
-17
-15
-9
-4
-8
-3
-6
-14
-14
-16
-17
-16
-13
-13
-13
-14
-13
-16
-19
-11
-10
-13
-7
-13
-17
-15
-21
-20
-21
-22
-15
-14
-10
-7
-10
-11
-11
-7
-8
-11
-11
-10
-5
-2
0
0
4
-4
-1
-9
-12
-10
-10
-6
-7
-5
-5
-7
-5
-5
-8
-1
4
2
0
1
2
1
-4
0
0
3
9
18
22
22
24
27
29
28
36
34
35
39
42
45
45
44
44
54
57
60
62
62
61
63
61
56
57
47
44
43
38
45
45
47
53
53
49
49
49
42
44
47
40
41
41
34
29
26
17
14
10
15
18
21
28
26
23
18
19
21
22
27
35
36
34
26
27
24
28
32
34
37
40
53
63
71
70
73
70
66
69
67
62
63
62
64
66
70
70
71
69
69
74
71
77
67
66
64
56
60
52
51
51
53
54
53
53
49
45
46
45
41
38
31
25
23
15
12
8
5
4
3
3
0
-4
-5
-4
-9
-7
-12
-10
-9
-15
-18
-20
-21
-24
-30
-28
-26
-24
-22
-26
-24
-27
-23
-24
-28
-29
-29
-24
-24
-31
-32
-35
-37
-25
-18
-17
-18
-16
-19
-21
-20
-20
-20
-30
-36
-38
-35
-39
-46
-48
-59
-55
-56
-56
-53
-54
-59
-60
-62
-67
-66
-74
-77
-73
-70
-60
-60
-60
-60
-61
-56
-51
-44
-39
-41
-43
-45
-46
-46
-53
-54
-50
-52
-42
-36
-35
-33
-33
-36
-37
-35
-31
-26
-25
-16
-17
-13
-13
-17
-15
-19
-20
-22
-24
-19
-26
-35
-42
-46
-40
-43
-40
-41
-43
-43
-44
-41
-44
-47
-49
-54
-49
-48
-49
-53
-55
-50
-53
-55
-51
-52
-50
-46
-44
-40
-37
-33
-37
-38
-38
-31
-27
-28
-23
-25
-28
-27
-29
-29
-28
-26
-25
-24
-23
-23
-22
-19
-15
-6
-2
8
7
5
8
10
17
15
16
11
12
15
16
22
20
17
18
15
19
17
14
17
17
15
14
21
23
23
23
27
30
35
36
33
27
24
28
27
23
19
15
18
14
21
21
23
30
35
34
33
36
30
34
32
40
39
34
34
36
43
41
47
52
55
58
59
60
58
61
57
58
57
60
53
51
52
48
52
51
51
49
47
45
47
39
39
41
45
53
52
63
57
62
63
64
71
68
68
63
61
63
59
55
53
48
52
62
69
73
71
67
62
61
63
58
54
43
36
37
37
45
47
42
43
39
41
39
30
26
20
19
13
14
5
-2
-4
-11
-10
-16
-16
-13
-12
-15
-13
-13
-20
-21
-19
-20
-19
-12
-7
-7
-6
-5
-10
-12
-17
-19
-17
-12
-10
-9
-7
-7
-3
-2
-1
-3
1
-3
-1
-8
-9
-8
-12
-3
-8
-5
-4
-2
-2
3
3
-7
-9
-18
-21
-21
-19
-19
-14
-9
-4
-5
-9
-10
-10
-12
-17
-21
-21
-21
-27
-32
-40
-47
-50
-45
-51
-50
-53
-52
-50
-53
-57
-63
-65
-66
-59
-58
-59
-63
-69
-71
-65
-64
-67
-70
-72
-73
-75
-79
-80
-74
-71
-72
-64
-61
-56
-54
-54
-53
-54
-56
-61
-61
-60
-55
-53
-57
-55
-51
-44
-37
-39
-43
-43
-39
-38
-42
-45
-43
-39
-38
-40
-42
-42
-40
-41
-42
-39
-38
-36
-40
-41
-42
-46
-44
-49
-45
-37
-40
-35
-38
-38
-31
-37
-33
-27
-29
-27
-31
-35
-32
-33
-32
-29
-26
-27
-30
-28
-28
-19
-18
-14
-9
-11
-13
-10
-9
-13
-10
-11
-12
-5
-4
0
1
-2
3
5
10
13
16
21
26
29
33
36
31
38
39
39
40
42
42
44
53
58
62
57
53
58
65
65
66
65
73
69
63
71
66
70
73
71
68
65
68
58
53
52
55
51
50
54
56
56
54
53
52
54
54
57
54
42
40
41
42
43
44
48
46
47
52
50
57
52
48
51
47
41
34
28
24
22
25
26
22
24
24
24
21
16
12
20
18
22
22
23
17
15
17
14
16
17
23
25
29
30
30
28
28
29
22
23
22
20
20
21
24
25
26
22
25
28
27
24
26
27
22
21
26
21
25
31
34
42
49
48
50
50
38
34
31
34
32
37
40
43
49
45
47
46
41
42
48
43
38
30
22
24
17
20
19
19
19
16
20
13
7
8
-6
-11
-14
-18
-17
-17
-21
-30
-29
-37
-35
-40
-47
-45
-47
-47
-47
-46
-50
-45
-44
-42
-44
-43
-40
-39
-33
-32
-39
-37
-34
-35
-36
-33
-30
-29
-31
-30
-23
-21
-18
-16
-10
-11
-13
-13
-16
-20
-24
-20
-25
-22
-25
-35
-31
-38
-39
-41
-50
-49
-57
-49
-45
-46
-41
-45
-47
-51
-50
-60
-59
-51
-54
-58
-56
-58
-55
-57
-61
-58
-61
-53
-55
-51
-47
-53
-53
-46
-47
-41
-38
-43
-42
-48
-45
-48
-48
-43
-45
-40
-34
-28
-25
-23
-22
-19
-12
-9
-12
-10
-9
-9
-8
-8
-5
-6
-2
0
2
6
4
6
10
14
13
15
17
7
3
0
-4
-8
-7
-5
-9
-9
-14
-15
-17
-18
-17
-19
-21
-24
-30
-35
-40
-42
-35
-35
-32
-34
-29
-24
-26
-25
-19
-14
-22
-25
-26
-27
-27
-27
-28
-29
-27
-20
-14
-7
-5
3
11
19
23
26
28
28
25
21
17
21
17
16
20
26
34
38
43
44
38
43
46
43
43
41
38
28
26
20
24
30
34
30
31
30
28
32
29
33
36
35
36
29
29
31
31
28
25
26
27
34
33
35
41
39
44
54
53
55
57
53
50
50
57
57
53
53
58
56
48
44
36
40
43
43
43
38
37
29
28
31
29
23
19
20
17
17
14
9
4
8
12
10
11
12
12
8
7
2
7
9
7
10
7
10
7
4
11
12
8
11
8
6
5
5
7
8
5
2
1
1
5
9
11
10
14
17
21
20
17
13
14
16
12
12
19
21
22
20
22
24
24
29
29
29
32
31
26
29
25
20
21
21
18
14
15
16
14
10
11
12
6
4
5
-2
-3
-8
-9
-4
-10
-8
-8
-17
-19
-12
-5
-1
-2
-2
-6
-7
-7
-15
-21
-22
-20
-19
-20
-19
-14
-11
-17
-19
-14
-22
-27
-25
-36
-34
-32
-38
-36
-37
-29
-35
-42
-39
-39
-40
-36
-43
-44
-51
-56
-62
-58
-55
-56
-53
-58
-53
-54
-53
-53
-54
-52
-42
-39
-43
-42
-42
-41
-40
-41
-42
-39
-34
-34
-34
-38
-46
-48
-47
-41
-36
-27
-28
-29
-22
-20
-20
-29
-29
-27
-30
-26
-30
-28
-30
-29
-34
-36
-33
-32
-27
-27
-23
-26
-27
-27
-25
-28
-27
-29
-29
-29
-28
-25
-24
-17
-22
-19
-24
-19
-20
-21
-26
-35
-24
-21
-10
-8
-6
-9
-10
-4
-5
-2
-2
1
4
7
8
5
4
3
4
4
7
6
3
7
9
13
15
12
18
18
21
20
14
15
16
18
20
18
22
24
22
25
23
22
23
26
23
24
21
19
22
17
16
17
14
16
16
16
15
13
11
11
7
4
2
-6
-7
-11
-12
-4
3
1
3
1
-2
-7
-4
0
-4
-2
2
3
1
-2
-1
2
4
5
6
9
10
9
11
7
7
13
18
17
16
15
18
24
28
21
25
27
27
32
29
27
28
32
26
25
27
34
36
40
47
43
50
47
46
45
40
34
34
38
36
39
35
35
34
36
44
42
47
48
49
47
41
40
37
37
32
33
39
42
47
43
42
42
38
35
36
37
36
35
36
30
27
24
28
31
31
31
30
28
29
27
27
24
20
28
38
39
40
41
44
45
45
47
41
33
31
35
32
33
32
30
28
20
21
20
20
25
23
20
17
18
15
3
-5
-13
-14
-18
-19
-24
-25
-29
-28
-25
-27
-22
-24
-23
-28
-29
-33
-36
-36
-36
-37
-38
-35
-36
-25
-24
-26
-17
-24
-15
-7
-6
-7
-9
-13
-14
-10
-14
-19
-24
-20
-19
-20
-17
-18
-23
-21
-18
-22
-18
-27
-29
-31
-36
-42
-46
-53
-53
-46
-50
-44
-38
-38
-43
-48
-50
-48
-44
-45
-46
-43
-44
-42
-43
-54
-55
-58
-56
-48
-38
-29
-22
-16
-19
-18
-19
-13
-9
-13
-15
-12
-11
-17
-18
-21
-24
-19
-12
-6
0
0
3
1
0
-4
-12
-10
-15
-17
-17
-18
-22
-25
-26
-25
-24
-22
-24
-29
-33
-34
-38
-43
-41
-42
-41
-38
-38
-35
-35
-32
-35
-36
-38
-41
-39
-40
-37
-44
-44
-46
-47
-40
-36
-33
-35
-25
-25
-20
-14
-12
-9
-17
-16
-12
-16
-17
-12
-13
-3
4
3
7
11
12
14
17
15
20
18
22
23
28
27
21
28
29
35
40
42
41
36
34
30
24
24
24
18
17
17
18
12
3
6
5
6
0
-6
-1
0
-2
-2
-6
-7
-6
-8
-10
-8
-9
-4
-4
-4
5
4
9
17
19
22
19
20
18
17
21
16
12
10
16
25
26
30
34
39
37
40
36
35
32
27
24
26
29
25
26
27
36
37
37
44
44
42
52
49
45
42
41
35
32
33
33
37
36
37
36
30
29
31
27
31
40
42
46
50
46
43
36
34
38
28
25
29
29
33
28
22
22
23
21
21
26
27
26
28
28
23
16
13
12
8
13
7
3
5
1
8
17
13
16
17
13
13
10
5
6
2
0
8
8
11
7
11
14
13
17
14
13
9
9
10
18
20
21
22
28
27
20
24
22
29
25
24
23
13
9
3
2
-2
-8
-8
0
-3
-10
-12
-15
-20
-24
-27
-29
-35
-36
-42
-48
-51
-60
-51
-58
-54
-54
-53
-53
-57
-60
-60
-60
-61
-59
-62
-61
-68
-60
-57
-60
-56
-58
-54
-53
-49
-52
-50
-47
-51
-48
-50
-44
-40
-36
-36
-45
-38
-38
-38
-38
-40
-38
-40
-34
-30
-27
-25
-28
-30
-29
-30
-25
-26
-23
-20
-19
-12
-16
-15
-12
-15
-14
-14
-10
-3
-7
-15
-16
-20
-17
-12
-17
-12
-12
-10
-15
-16
-12
-14
-18
-23
-21
-27
-20
-25
-24
-22
-29
-20
-19
-19
-16
-12
-10
-8
-8
-7
-5
-7
-7
-2
-4
0
-4
-3
1
1
-3
-3
-2
1
6
2
10
10
7
7
11
11
18
13
12
16
9
14
10
9
11
11
8
8
10
10
14
18
18
18
20
19
18
16
19
15
19
28
27
37
38
41
43
38
34
34
32
34
26
29
30
23
27
18
15
15
9
8
7
4
9
9
8
5
4
5
7
9
6
5
1
1
-2
2
3
4
3
9
8
2
3
-3
0
-6
-3
7
8
8
3
3
6
6
7
14
14
17
20
23
32
30
28
27
28
29
36
35
28
31
32
32
32
27
23
30
23
27
37
33
33
30
28
28
26
22
25
28
27
35
30
26
23
25
20
17
25
28
32
27
24
28
27
21
22
23
21
29
28
23
15
11
10
9
9
11
10
13
19
17
25
23
35
36
33
33
32
38
35
33
33
30
27
25
29
33
31
35
37
40
43
41
33
32
34
31
30
30
25
23
27
24
22
27
28
32
31
26
21
20
18
11
8
-3
-4
-4
-9
-10
-13
-16
-17
-13
-14
-21
-25
-26
-37
-40
-40
-40
-41
-43
-46
-45
-45
-48
-53
-50
-43
-45
-45
-51
-56
-55
-53
-54
-46
-37
-45
-45
-45
-51
-47
-50
-46
-48
-51
-46
-48
-46
-40
-38
-33
-29
-32
-29
-33
-31
-31
-38
-37
-40
-34
-35
-38
-38
-34
-27
-22
-8
-5
-6
-7
-11
-19
-18
-22
-24
-14
-13
-10
-6
-4
-6
-3
-1
4
5
4
0
-3
-2
-3
-5
-8
-9
-10
-11
-8
-12
-9
-5
-12
-15
-11
-18
-24
-28
-28
-27
-29
-25
-28
-29
-28
-27
-33
-39
-40
-42
-41
-45
-44
-38
-40
-35
-32
-26
-26
-26
-25
-28
-27
-29
-35
-36
-37
-32
-18
-10
-13
-8
-11
-15
-13
-9
-5
-8
-6
-16
-20
-18
-15
-18
-16
-12
-15
-13
-12
-14
-12
-15
-19
-12
-6
-5
-5
-2
-5
-11
-5
-5
-8
-10
-18
-16
-15
-11
-9
-4
-2
1
7
4
4
5
11
14
13
15
16
20
19
27
34
39
39
41
42
38
43
38
36
32
37
41
35
33
33
33
32
33
37
37
44
45
50
53
51
49
43
37
33
33
32
26
28
36
35
42
49
45
42
45
45
49
47
41
33
26
20
23
30
26
30
36
36
32
33
33
29
22
19
21
20
18
24
27
27
29
24
29
31
35
37
37
35
32
29
26
26
28
28
34
33
30
26
24
25
20
14
17
15
16
17
17
18
16
13
11
10
6
11
10
12
16
11
12
8
3
3
9
3
9
12
13
15
11
12
14
15
15
13
8
9
5
6
13
12
12
13
5
0
8
6
4
6
6
8
5
6
1
0
3
6
8
1
-2
-10
-16
-7
-7
-8
-5
-3
-7
-12
-14
-19
-21
-23
-22
-22
-26
-28
-33
-35
-35
-34
-30
-25
-27
-35
-39
-45
-48
-46
-41
-40
-47
-48
-50
-45
-44
-44
-41
-36
-35
-36
-36
-31
-34
-37
-38
-42
-43
-33
-29
-27
-20
-19
-14
-18
-19
-18
-15
-22
-27
-26
-22
-20
-22
-22
-23
-19
-22
-17
-20
-21
-19
-21
-19
-20
-18
-24
-25
-28
-29
-26
-20
-17
-21
-17
-21
-19
-21
-32
-39
-31
-29
-28
-27
-27
-29
-31
-28
-35
-37
-39
-40
-40
-43
-42
-35
-38
-41
-38
-48
-46
-41
-39
-39
-41
-36
-42
-38
-43
-47
-47
-45
-40
-36
-25
-30
-24
-19
-17
-17
-18
-12
-13
-4
-4
-6
-12
-16
-14
-15
-14
-5
4
1
3
6
13
10
13
7
11
12
4
8
8
13
9
14
10
9
14
11
15
25
21
20
18
19
22
23
28
30
32
31
30
30
32
27
26
23
26
31
29
34
30
34
39
37
41
31
27
34
31
31
26
24
21
16
16
15
17
19
23
22
19
21
19
21
24
20
17
18
21
22
22
24
22
23
29
31
33
39
38
38
32
30
26
26
31
30
36
35
40
34
33
37
35
44
48
50
48
48
49
45
45
48
50
51
55
61
59
55
51
47
43
41
37
37
42
48
48
47
43
43
43
41
37
37
37
35
33
22
19
12
14
20
23
29
25
25
27
21
18
18
6
13
5
4
8
-1
-1
-2
-2
-1
-2
-2
-2
-2
-8
-11
-18
-26
-28
-29
-28
-30
-29
-29
-28
-28
-31
-28
-32
-33
-30
-31
-30
-32
-32
-33
-30
-34
-31
-29
-28
-28
-30
-27
-26
-20
-18
-17
-14
-11
-13
-12
-11
-10
-8
-5
-6
-4
-8
-7
-3
-3
0
1
4
12
11
-1
8
11
3
-4
-10
-14
-20
-20
-20
-20
-24
-27
-20
-22
-21
-20
-21
-19
-17
-16
-14
-17
-20
-16
-21
-25
-23
-22
-21
-22
-23
-28
-32
-27
-26
-23
-23
-22
-18
-22
-17
-15
-16
-19
-21
-23
-27
-38
-38
-42
-47
-48
-47
-42
-46
-44
-42
-41
-40
-38
-40
-37
-40
-41
-41
-49
-45
-43
-36
-35
-30
-33
-35
-31
-31
-27
-20
-16
-17
-15
-21
-23
-25
-25
-15
-10
-5
-3
2
7
1
-1
-4
-1
-1
-2
1
3
0
-2
-7
-12
-10
-13
-11
-4
-5
-1
-3
-1
-1
-4
-1
-6
-8
-10
-12
-3
-8
-12
-9
-14
-19
-19
-14
-8
-4
-4
-10
-16
-27
-28
-24
-23
-18
-14
-11
-12
-9
-11
-11
-2
2
7
10
6
9
5
8
14
16
21
24
28
24
30
37
44
42
47
48
49
52
52
53
54
51
49
46
50
55
59
59
56
59
53
53
45
38
42
39
36
42
37
34
35
25
22
17
12
10
7
9
8
10
11
5
-2
-9
-3
3
7
14
14
11
10
6
3
3
1
8
13
16
14
17
16
17
20
26
25
26
31
31
36
33
36
34
31
37
41
44
44
48
42
40
49
50
53
55
58
51
51
54
52
49
44
45
49
49
47
45
42
42
38
34
30
31
27
25
18
14
12
4
3
0
0
-5
-7
-8
-11
-9
-15
-27
-26
-19
-22
-18
-17
-19
-23
-26
-30
-37
-45
-44
-42
-40
-39
-38
-38
-42
-40
-39
-37
-43
-44
-43
-42
-44
-45
-43
-49
-42
-40
-38
-27
-25
-28
-24
-23
-22
-23
-23
-27
-23
-24
-19
-19
-18
-14
-18
-14
-9
-1
-4
-5
-4
-8
-12
-16
-15
-17
-20
-16
-13
-11
-9
-2
-1
1
8
9
10
9
5
6
9
6
13
16
16
18
19
16
10
12
7
7
10
2
1
-3
-8
-7
-11
-14
-15
-14
-17
-22
-23
-29
-35
-35
-40
-48
-51
-50
-53
-50
-51
-50
-48
-50
-45
-47
-45
-41
-42
-42
-45
-43
-38
-38
-37
-33
-27
-24
-22
-20
-19
-18
-13
-11
-15
-10
-13
-13
-12
-9
-5
1
7
11
13
7
3
3
-2
0
3
-7
-1
0
-10
-12
-12
-11
-12
-11
-7
-5
-7
-10
-15
-13
-10
-7
-10
-13
-20
