-37
-57
-55
-57
-54
-59
-59
-66
-63
-65
-65
-67
-65
-66
-67
-64
-62
-58
-56
-55
-50
-48
-47
-44
-53
-44
-48
-56
-50
-43
-34
-36
-42
-48
-47
-50
-45
-48
-54
-48
-49
-46
-44
-42
-45
-47
-46
-40
-26
-27
-24
-23
-25
-16
-16
-18
-16
-22
-20
-10
-9
-11
-14
-13
-7
-6
-7
3
8
10
13
16
19
14
14
24
26
25
18
8
5
3
-3
-3
-5
-1
3
-3
-3
-1
8
1
-6
-4
-5
2
1
2
5
10
13
14
19
22
26
26
32
36
37
35
29
29
42
42
41
38
29
47
54
48
44
41
41
39
39
37
40
44
37
37
33
24
25
16
17
26
19
22
25
26
31
31
27
29
31
32
30
23
24
29
22
10
6
7
6
2
-4
-3
3
4
-3
-2
3
6
-3
-9
-6
4
8
-1
4
4
-1
-7
-11
-10
-8
-3
-2
-3
-3
0
-7
-10
-8
-2
-2
-7
-10
-8
1
5
6
3
12
13
13
12
8
13
13
15
15
16
18
15
14
20
22
22
20
17
20
23
26
23
23
30
23
20
12
16
24
19
20
17
21
17
18
18
20
27
28
28
27
32
35
30
39
41
41
33
24
27
31
37
37
37
36
40
37
30
27
23
20
23
23
20
20
18
19
19
24
33
31
24
26
31
29
21
11
4
5
0
-7
-12
-9
-18
-24
-24
-19
-12
-18
-19
-25
-21
-21
-30
-28
-35
-45
-43
-45
-40
-31
-25
-22
-26
-24
-28
-28
-34
-35
-28
-24
-16
-21
-15
-7
-8
-9
-21
-25
-19
-19
-27
-26
-15
-14
-15
-17
-17
-17
-26
-28
-25
-23
-22
-28
-29
-23
-21
-20
-26
-25
-24
-25
-16
-19
-17
-12
-10
-11
-17
-6
-4
-7
-15
-15
-16
-14
-14
-18
-21
-23
-19
-23
-20
-12
-15
-16
-16
-13
-17
-23
-21
-20
-20
-17
-23
-27
-25
-28
-36
-43
-48
-54
-47
-38
-43
-36
-27
-27
-31
-35
-31
-28
-28
-33
-37
-28
-29
-28
-24
-14
-11
-19
-22
-24
-16
-15
-20
-18
-8
-8
-14
-13
-13
-13
-7
-4
-3
-4
-13
-17
-25
-30
-30
-28
-23
-22
-21
-22
-13
-13
-13
-1
2
11
1
-2
3
-5
0
-12
-15
-8
-3
3
9
20
24
30
41
44
36
28
29
25
27
29
42
44
43
41
41
41
39
43
37
30
26
24
26
31
28
30
29
25
23
19
7
9
13
9
18
20
15
19
30
27
25
23
20
16
20
26
27
33
30
29
25
23
14
15
20
22
28
32
30
31
29
31
29
25
24
18
15
17
21
19
24
25
32
37
31
33
31
44
43
46
47
44
55
47
39
38
30
29
39
48
53
53
43
43
39
35
30
22
26
29
36
41
41
38
38
39
36
27
24
21
9
16
15
12
13
14
14
6
6
7
3
-3
-8
-11
-13
-10
-18
-17
-11
-14
-15
-12
-9
-5
3
0
-3
1
-5
2
-6
-4
-6
-13
-6
-14
-13
-12
-6
3
13
16
17
20
13
18
22
16
15
10
22
32
37
36
36
39
28
33
21
10
9
10
22
29
32
33
28
20
14
9
1
0
3
2
4
4
3
8
8
10
5
7
3
3
5
-9
-10
-14
-19
-21
-30
-31
-32
-32
-30
-27
-30
-33
-33
-39
-36
-46
-55
-54
-61
-62
-68
-78
-80
-78
-71
-62
-54
-56
-66
-67
-71
-70
-69
-77
-78
-78
-81
-73
-61
-68
-67
-65
-63
-53
-54
-50
-56
-56
-58
-53
-42
-43
-38
-32
-26
-32
-38
-40
-44
-43
-53
-52
-38
-44
-49
-44
-50
-44
-44
-42
-29
-29
-34
-31
-32
-33
-33
-44
-34
-31
-43
-39
-41
-42
-41
-34
-31
-25
-24
-23
-24
-20
-13
-20
-18
-16
-17
-23
-22
-14
-12
-7
-2
1
0
-10
-15
-12
-11
-15
-16
-10
-16
-16
-13
-11
-6
-9
-6
3
1
-11
-15
-17
-17
-18
-18
-14
-12
-6
-14
-15
-3
-8
-8
-11
-7
2
3
1
6
18
16
15
23
29
28
29
34
35
35
46
51
45
47
46
51
43
35
33
41
44
44
52
58
62
53
56
60
69
70
64
74
77
65
61
60
52
47
48
42
37
35
25
18
16
22
33
40
38
47
49
47
44
24
13
8
2
2
8
13
27
29
24
30
25
19
9
5
11
12
14
23
29
32
30
27
24
26
27
22
28
30
37
41
47
56
55
61
61
56
49
53
53
45
49
49
47
51
42
40
39
37
36
35
25
19
21
10
10
18
21
21
23
23
20
16
12
8
11
4
-4
-3
6
13
15
16
20
18
11
19
18
16
29
25
22
25
21
15
12
11
8
17
19
12
11
13
14
8
6
13
10
5
-1
0
4
5
-3
-1
0
-13
-19
-22
-25
-32
-34
-40
-48
-52
-51
-54
-56
-54
-62
-68
-72
-73
-69
-61
-61
-68
-73
-71
-67
-72
-75
-77
-77
-78
-88
-87
-85
-82
-77
-71
-68
-70
-67
-69
-67
-64
-59
-62
-63
-62
-63
-56
-53
-48
-52
-55
-48
-45
-47
-41
-30
-27
-26
-28
-19
-20
-16
-14
-9
4
-3
-9
-2
-3
-4
-1
-7
0
6
8
12
16
21
26
27
20
22
26
31
29
32
35
35
38
43
39
43
50
46
49
47
49
46
36
31
34
28
19
18
16
19
16
12
3
7
9
4
5
1
8
5
0
1
5
-5
-12
-13
-10
-9
-15
-23
-24
-27
-26
-23
-20
-13
-11
-11
-10
-16
-15
-21
-27
-32
-37
-31
-25
-24
-22
-24
-24
-19
-20
-6
0
-1
-9
-6
-6
-12
-14
-12
-14
-15
-17
-6
10
2
2
14
19
26
33
40
46
42
36
37
36
33
29
36
43
50
51
53
60
60
63
61
68
65
58
55
54
53
60
62
58
52
50
54
51
51
50
44
36
32
32
39
41
41
38
31
23
17
18
11
6
10
7
8
5
4
2
-9
-6
-5
-4
4
5
5
7
1
-4
-8
-9
-11
-6
-7
-13
-7
-17
-5
2
5
10
10
15
11
19
10
3
4
-2
4
0
3
12
16
19
29
32
32
25
26
27
26
22
22
23
27
37
41
39
39
35
33
40
34
42
48
45
42
41
42
37
29
24
31
37
32
27
22
25
25
19
22
27
29
21
14
7
5
3
-10
-19
-18
-16
-23
-26
-33
-34
-34
-48
-51
-43
-47
-43
-41
-42
-38
-35
-43
-53
-47
-44
-51
-49
-46
-36
-31
-37
-41
-38
-32
-33
-40
-38
-25
-20
-18
-21
-16
-14
-15
-30
-33
-26
-32
-34
-38
-33
-25
-23
-32
-37
-30
-26
-31
-27
-16
-6
-2
-14
-13
-11
-7
-8
-17
-17
-11
-14
-17
-12
-6
6
3
-7
1
1
-6
-14
-26
-28
-27
-35
-41
-35
-25
-29
-25
-28
-31
-35
-41
-43
-44
-34
-44
-48
-48
-47
-43
-45
-45
-48
-38
-39
-48
-48
-45
-37
-30
-29
-17
-15
-21
-22
-34
-34
-34
-38
-40
-37
-23
-21
-18
-18
-26
-27
-31
-35
-34
-26
-20
-20
-24
-17
-17
-17
-22
-17
-14
-23
-22
-18
-10
-7
-14
-10
-7
-13
-12
-10
-8
-12
-16
-8
-1
4
10
15
12
12
8
11
12
11
10
7
12
12
7
-1
-5
-10
-15
-17
-20
-19
-12
-2
3
4
7
6
7
3
2
1
-3
1
-5
-9
-10
-11
-10
-7
-8
0
-5
-1
9
10
16
5
1
2
-2
-10
-6
7
13
16
12
14
18
17
13
12
15
21
18
26
29
33
26
18
30
23
29
35
34
34
33
34
32
27
32
36
34
35
32
32
31
28
30
33
38
40
41
46
52
54
44
41
45
48
44
38
40
46
38
36
37
38
47
44
43
40
40
41
29
25
31
37
39
34
38
42
44
43
36
39
48
50
44
37
41
40
38
33
33
47
43
44
47
50
62
49
45
46
49
43
37
42
49
46
35
30
33
33
29
26
26
23
15
15
7
12
16
9
8
-3
-5
1
2
-10
-12
-11
-9
-15
-30
-21
-18
-21
-30
-32
-24
-24
-28
-27
-25
-23
-33
-37
-36
-39
-39
-44
-38
-33
-34
-34
-34
-27
-21
-15
-17
-23
-17
-16
-24
-21
-14
-12
-14
-16
-16
-20
-18
-21
-17
-10
-9
-4
-9
-11
-10
-4
-7
-13
-5
1
8
1
-10
-7
-11
-18
-26
-25
-26
-31
-31
-28
-25
-23
-30
-33
-27
-31
-30
-28
-33
-39
-46
-49
-51
-58
-57
-56
-50
-49
-46
-50
-49
-51
-51
-51
-55
-51
-54
-51
-48
-43
-39
-38
-35
-31
-25
-29
-26
-28
-29
-29
-32
-26
-31
-28
-17
-10
-3
-9
0
5
1
5
8
12
11
16
13
21
26
20
8
7
13
10
15
13
18
16
10
10
9
12
15
9
10
22
20
22
25
29
30
25
21
14
12
10
1
-4
-3
0
3
-3
-7
-15
-13
-9
-15
-11
-10
-15
-26
-32
-29
-35
-36
-34
-27
-16
-18
-14
-22
-27
-25
-31
-33
-32
-35
-32
-21
-11
-4
-4
4
4
8
13
13
20
19
31
35
31
33
34
36
35
31
30
33
37
37
32
32
33
30
25
27
37
36
35
35
35
37
35
42
39
31
34
31
32
30
18
11
12
14
14
13
16
9
9
5
10
8
7
7
2
7
5
0
-8
-6
-2
-4
-3
-11
-12
1
-3
-4
3
3
2
-11
-17
-8
-10
-8
-6
-10
-2
-5
-8
-5
-2
3
2
9
14
17
28
27
30
38
45
45
47
58
63
69
68
71
70
66
70
68
75
84
89
88
87
87
88
87
86
83
76
78
72
58
55
54
53
53
50
48
49
47
40
34
25
29
18
10
3
2
6
-5
-15
-13
-10
-17
-24
-23
-16
-24
-36
-35
-32
-30
-38
-40
-38
-37
-38
-47
-48
-47
-44
-49
-56
-60
-54
-47
-45
-39
-40
-39
-40
-37
-41
-40
-35
-33
-23
-21
-12
-12
-17
-17
-8
-10
-10
0
-5
-2
-1
-5
-2
-1
4
7
7
10
9
16
18
13
18
16
0
-1
-9
-12
-11
-20
-26
-22
-21
-29
-29
-35
-45
-49
-46
-51
-54
-55
-61
-58
-60
-58
-51
-50
-54
-54
-53
-58
-67
-66
-66
-60
-60
-65
-61
-56
-54
-57
-56
-49
-42
-42
-38
-33
-31
-32
-34
-43
-39
-36
-35
-27
-38
-36
-38
-44
-47
-50
-38
-34
-38
-43
-42
-38
-40
-53
-43
-39
-38
-39
-44
-38
-34
-33
-35
-35
-26
-16
-19
-17
-14
-9
-1
-2
-2
0
-2
-3
-7
-2
8
16
20
27
26
40
47
37
38
42
42
38
26
32
39
32
29
19
16
23
24
14
11
16
17
4
-6
0
11
0
-10
-10
-15
-12
-23
-29
-25
-21
-20
-23
-17
-16
-18
-33
-33
-36
-31
-31
-31
-16
-14
-5
-9
-11
-10
-4
-3
1
-1
-1
7
0
-4
-5
4
10
10
6
16
29
29
24
31
43
34
44
40
50
53
51
55
56
62
59
62
61
62
63
64
63
55
53
61
60
61
61
68
74
67
67
67
68
66
56
46
39
34
27
23
19
18
20
14
10
9
13
17
5
4
11
3
-4
-5
-6
-6
1
0
-5
1
-3
7
5
6
16
13
13
11
11
22
16
15
21
24
40
33
27
34
29
34
36
28
35
34
32
35
32
39
37
32
23
27
32
25
24
19
21
21
17
15
21
25
23
21
19
19
26
25
12
11
7
6
-1
-9
-2
-1
-4
-4
0
5
2
-1
-5
-3
1
-13
-17
-27
-24
-22
-23
-19
-20
-16
-21
-25
-34
-38
-41
-42
-43
-49
-43
-36
-28
-36
-29
-23
-34
-32
-35
-26
-23
-26
-27
-23
-9
-11
-13
-17
-12
-7
-10
-13
-10
-10
-4
5
6
1
4
9
6
6
12
19
16
8
14
12
12
8
-2
-6
-14
-14
-20
-17
-22
-29
-30
-30
-29
-29
-31
-31
-32
-30
-27
-35
-39
-30
-28
-36
-40
-42
-43
-43
-42
-40
-41
-43
-49
-51
-48
-46
-52
-58
-59
-55
-50
-47
-41
-40
-36
-33
-29
-27
-24
-23
-22
-26
-30
-24
-18
-16
-17
-17
-3
1
-4
2
5
17
17
17
14
17
16
13
12
15
21
10
8
4
9
11
7
4
7
4
8
4
7
6
-7
-4
-8
-5
-3
-7
-10
-13
-13
-19
-22
-26
-24
-18
-20
-11
-15
-14
-17
-22
-21
-26
-30
-34
-39
-39
-38
-37
-35
-35
-33
-33
-28
-28
-32
-33
-37
-32
-31
-29
-22
-18
-9
1
11
14
21
21
17
14
15
20
23
28
33
43
42
40
48
47
53
53
57
65
67
65
63
69
64
68
72
71
79
68
73
76
76
80
74
82
78
78
77
79
71
66
71
68
58
53
46
43
48
42
37
38
42
38
30
28
25
25
26
25
25
17
12
10
6
7
9
2
-3
-4
-5
-9
-11
-13
-16
-11
-10
-4
2
-2
0
0
-2
3
1
-1
0
4
6
17
10
17
19
17
19
17
24
29
31
30
28
31
35
30
32
36
43
45
39
38
38
32
27
39
41
44
49
45
46
43
43
36
39
41
43
46
41
44
30
33
23
13
16
12
16
7
7
9
7
5
0
-16
-17
-19
-30
-32
-32
-35
-37
-35
-44
-40
-45
-34
-39
-43
-42
-59
-59
-71
-73
-72
-69
-65
-55
-47
-39
-45
-54
-57
-62
-64
-66
-59
-50
-42
-41
-52
-46
-46
-49
-44
-44
-37
-34
-32
-34
-28
-24
-26
-28
-18
-22
-19
-16
-11
-3
-12
-9
-14
-13
0
-1
-2
1
-1
-1
1
7
5
3
-2
-2
1
-10
-13
-4
-5
-11
-12
-18
-16
-10
-22
-26
-22
-28
-30
-40
-56
-59
-62
-57
-55
-52
-49
-52
-53
-68
-71
-70
-60
-62
-64
-55
-54
-52
-55
-49
-51
-54
-66
-66
-62
-54
-53
-53
-46
-40
-38
-55
-61
-66
-65
-57
-54
-47
-40
-31
-22
-17
-14
-13
-6
-13
-9
2
4
10
13
2
8
12
9
13
21
16
13
12
10
23
24
30
35
38
41
39
37
43
45
40
38
31
33
30
22
16
19
20
22
27
20
19
13
16
15
9
12
11
8
0
1
5
5
5
6
8
10
10
7
10
2
2
-12
-13
-9
-14
-15
-23
-20
-19
-17
-15
-5
-1
-2
-5
-9
-23
-19
-8
-11
-6
-8
-4
5
13
20
23
29
34
29
34
34
35
38
32
36
42
53
56
63
73
66
62
58
58
59
54
49
53
54
55
51
55
50
45
51
43
44
40
36
39
30
31
28
31
31
33
32
32
32
27
25
22
12
8
0
3
12
5
7
10
21
13
3
6
-1
5
-4
-7
-1
3
12
9
20
16
10
13
8
15
19
17
9
15
13
19
25
34
42
44
50
45
50
37
36
34
28
37
49
53
49
49
47
43
37
30
28
31
26
28
23
22
28
16
10
2
-6
-3
-7
-7
-2
7
5
3
-5
-14
-17
-28
-25
-20
-22
-17
-24
-33
-28
-29
-21
-25
-25
-27
-32
-31
-34
-36
-41
-51
-50
-50
-46
-42
-47
-47
-53
-40
-37
-34
-28
-32
-40
-45
-54
-58
-52
-54
-50
-40
-33
-32
-29
-39
-35
-29
-28
-28
-31
-28
-27
-27
-38
-38
-29
-33
-29
-28
-19
-6
0
1
-10
-10
-8
-21
-24
-22
-30
-20
-17
-15
-13
-7
-11
-17
-14
-17
-16
-22
-21
-21
-21
-27
-26
-21
-21
-13
-22
-21
-17
-18
-19
-23
-26
-30
-31
-24
-20
-13
-6
-6
-3
-6
1
-3
-9
-10
-8
2
7
1
0
7
9
15
7
6
14
10
13
14
16
19
11
13
18
24
31
22
25
22
24
22
20
18
12
9
-1
-4
2
13
6
-2
-6
5
19
13
8
12
16
18
11
10
17
17
11
2
-3
-4
2
-4
-11
-4
-4
-5
-9
-7
6
0
-3
-5
-12
-9
-8
-12
-15
-11
-7
-15
-22
-24
-20
-24
-16
-18
-8
-5
-20
-14
-20
-12
-5
-6
-10
-12
-13
-16
-15
-17
-7
-7
-13
-19
-11
7
13
25
34
34
40
43
44
44
45
40
31
35
40
55
56
59
55
59
62
61
61
63
65
68
72
74
79
71
63
51
53
59
59
64
57
60
65
64
59
56
53
52
54
50
52
49
45
33
22
23
16
14
8
9
15
18
16
25
17
4
3
-13
-9
-5
-14
-11
-10
0
-4
-9
-16
-21
-16
-20
-23
-28
-40
-37
-36
-44
-39
-37
-37
-24
-24
-12
-4
-12
-11
-13
-16
-24
-24
-17
-17
-13
-12
-11
-5
3
8
12
20
17
19
17
16
17
24
28
20
13
14
23
26
26
34
34
30
28
20
16
9
-3
-9
-11
-13
-5
1
-5
3
2
0
-6
-15
-8
-14
-2
-2
8
9
-3
1
-8
-9
-5
-6
-18
-25
-26
-28
-22
-22
-21
-22
-23
-25
-29
-29
-28
-30
-28
-35
-29
-29
-43
-48
-58
-61
-75
-67
-70
-71
-60
-59
-46
-45
-42
-43
-44
-43
-47
-40
-41
-47
-45
-46
-47
-51
-48
-49
-42
-41
-42
-36
-38
-35
-28
-32
-25
-19
-18
-19
-21
-19
-21
-13
-17
-14
-9
4
13
7
6
-4
0
-5
-17
-18
-26
-24
-12
-12
-8
-8
-13
-7
4
1
-6
-13
-20
-21
-23
-15
-15
-17
-22
-22
-30
-28
-30
-30
-30
-34
-17
-18
-7
-8
-17
-13
-13
-14
-14
-10
-3
-5
-1
-4
4
8
-2
-8
-15
-6
-1
-6
-2
-4
-1
0
2
4
5
2
8
25
22
32
42
37
41
36
26
20
19
14
13
21
22
38
38
41
43
34
38
30
25
22
15
14
19
29
17
16
20
9
13
1
-1
6
8
16
12
2
-12
-8
-5
-6
1
-9
-5
-8
-9
-9
-14
-11
-26
-20
-14
-20
-18
-22
-24
-16
-12
-12
-11
-7
-8
-2
3
4
6
-2
-1
-10
-2
8
21
23
27
34
29
33
34
42
38
34
32
24
31
31
34
38
47
53
58
60
57
71
67
71
64
46
54
56
63
69
59
62
51
43
46
37
41
37
40
31
19
16
8
26
29
33
25
24
17
10
12
1
0
-10
-18
-31
-23
-12
-11
-18
-29
-34
-31
-29
-31
-33
-34
-27
-23
-13
-14
-6
-18
-29
-24
-21
-14
-19
-19
-17
-9
-8
-10
-6
-5
-4
0
10
26
25
29
24
17
15
16
17
9
12
8
22
22
19
18
11
13
9
6
7
6
6
5
-6
-7
-6
-15
-11
1
-4
-6
-10
-10
2
1
-2
1
-13
-9
-7
-14
-24
-24
-28
-32
-30
-33
-36
-43
-41
-35
-41
-41
-40
-41
-32
-27
-18
-21
-31
-35
-44
-50
-47
-38
-33
-33
-34
-37
-36
-34
-47
-38
-35
-29
-19
-25
-8
0
0
1
-8
-8
-10
-12
0
0
7
12
4
-4
-6
-4
-2
15
14
16
21
11
15
13
14
26
23
11
2
-6
5
7
13
24
15
5
-4
-2
1
13
13
19
27
24
21
16
16
5
9
7
2
-6
-7
0
1
-3
-16
-22
-23
-27
-23
-19
-14
-18
-35
-45
-50
-45
-40
-28
-26
-21
-23
-26
-17
-18
-26
-35
-36
-40
-40
-41
-26
-16
-11
-12
-14
-12
-16
-13
-7
0
-4
-4
-9
-5
-8
-7
3
9
13
16
21
18
18
10
15
17
16
8
-1
-3
12
27
26
28
23
27
27
31
39
42
40
39
27
26
37
36
42
38
39
32
26
21
19
23
22
17
12
12
7
20
20
21
33
25
21
15
6
10
10
15
14
18
27
33
32
34
39
20
10
13
14
13
13
22
27
27
29
27
28
37
32
33
36
25
22
28
35
39
40
31
28
23
20
30
37
33
27
27
30
32
29
20
20
12
7
9
-1
-7
-9
-6
-8
-7
-17
-22
-20
-27
-26
-22
-15
-1
-7
-4
1
-4
-6
-8
-8
-10
-10
-4
4
-3
-9
-3
-11
-11
-11
-15
-2
-1
-2
8
11
12
14
14
9
10
12
17
20
26
33
28
26
23
26
28
24
24
28
26
23
25
25
21
23
19
30
35
36
28
21
21
17
25
22
9
12
18
16
13
9
3
-4
-1
5
9
9
5
2
-6
-10
-9
-16
-21
-25
-27
-27
-34
-24
-10
-17
-20
-23
-21
-14
-16
-33
-41
-39
-40
-31
-35
-38
-26
-33
-40
-33
-26
-30
-34
-43
-49
-56
-56
-52
-60
-60
-63
-65
-55
-53
-53
-59
-68
-57
-57
-57
-53
-49
-45
-51
-42
-40
-41
-38
-39
-42
-45
-52
-53
-42
-41
-38
-32
-27
-27
-26
-20
-20
-22
-23
-12
-8
-6
-13
-15
-6
-9
-11
-17
-28
-23
-25
-21
-11
-17
-20
-15
-14
-23
-26
-29
-29
-35
-42
-41
-41
-40
-43
-48
-47
-35
-31
-34
-32
-32
-36
-37
-25
-25
-30
-37
-43
-42
-45
-35
-30
-23
-23
-19
0
-4
0
-6
-7
-6
-15
-10
-10
-10
-14
-20
-1
12
16
20
18
23
23
20
20
22
27
21
21
23
23
24
28
40
36
46
47
33
29
13
22
20
16
20
18
20
29
38
36
34
25
25
18
23
28
26
27
30
37
29
26
30
25
15
21
19
14
7
12
14
22
19
16
15
3
1
2
2
5
6
0
11
12
10
6
3
4
1
14
18
23
18
23
25
35
39
38
45
42
45
51
57
53
52
44
33
27
34
32
28
35
29
27
36
46
49
48
39
36
38
31
26
21
21
30
27
35
39
34
29
19
26
35
37
26
33
42
41
36
29
31
31
32
31
34
36
33
28
27
31
25
18
21
26
29
26
17
6
0
3
4
7
3
9
15
15
15
22
21
7
12
13
13
15
23
21
28
19
9
3
-2
12
12
14
7
11
4
-11
-6
-4
-8
-7
-14
-6
-1
-11
-8
-4
-7
-7
-7
-15
-12
-13
-22
-25
-31
-36
-33
-39
-35
-32
-31
-30
-38
-33
-34
-31
-24
-23
-22
-22
-28
-29
-30
-31
-31
-31
-18
-22
-25
-28
-30
-26
-22
-17
-18
-17
-18
-28
-30
-30
-19
-15
-16
-17
-21
-22
-20
-22
-26
-17
-18
-13
-14
-18
-16
-25
-30
-29
-29
-30
-34
-29
-32
-29
-29
-31
-33
-40
-36
-43
-37
-35
-34
-32
-47
-49
-41
-37
-32
-33
-38
-39
-34
-48
-45
-49
-48
-32
-30
-20
-21
-29
-31
-21
-7
-6
-11
-13
-9
-13
-17
-17
-23
-34
-38
-37
-36
-26
-26
-30
-39
-37
-39
-37
-33
-27
-19
-16
-21
-26
-12
-7
-10
-4
-15
-13
-10
-4
3
-9
-1
2
11
8
11
10
8
16
14
19
15
17
14
17
15
17
22
16
19
16
9
6
8
13
22
16
10
8
10
22
31
31
38
40
35
36
33
25
24
23
22
32
30
22
19
17
25
28
34
43
42
44
34
28
17
11
14
13
18
22
22
25
28
37
43
39
41
43
49
61
61
68
64
72
71
70
70
71
72
61
73
65
55
59
59
62
60
73
69
56
52
45
53
57
61
62
61
56
50
62
57
55
48
35
31
24
29
25
22
27
20
28
29
28
23
22
17
5
5
-1
-4
-3
-4
-7
0
10
4
-5
-9
-9
-6
-10
-16
-15
-10
-9
-10
-4
3
12
8
10
10
12
20
24
23
22
15
6
7
11
14
9
-7
-11
-11
-6
2
2
-7
-6
-13
-19
-29
-29
-20
-14
-10
-8
-5
-9
-15
-18
-16
-15
-13
-21
-21
-22
-23
-19
-23
-23
-27
-27
-25
-23
-23
-21
-21
-27
-31
-40
-46
-56
-60
-59
-54
-47
-45
-41
-42
-49
-43
-51
-53
-51
-57
-57
-43
-28
-27
-19
-12
-10
-12
-9
-6
-3
9
1
-9
-18
-21
-17
-15
-12
-20
-15
-21
-23
-22
-32
-28
-28
-31
-39
-36
-24
-14
-12
-19
-22
-29
-35
-38
-39
-37
-35
-44
-38
-32
-29
-29
-30
-33
-38
-40
-37
-42
-44
-38
-42
-33
-34
-39
-41
-41
-36
-40
-39
-39
-42
-46
-46
-42
-39
-47
-56
-60
-62
-62
-57
-55
-44
-38
-48
-50
-56
-54
-49
-49
-49
-44
-49
-54
-53
-56
-50
-55
-49
-39
-37
-25
-24
-17
-10
-16
-12
-14
-3
1
9
17
20
31
34
29
25
29
28
34
35
26
23
33
26
28
34
22
21
11
19
28
32
37
36
42
35
31
32
32
32
44
49
43
35
34
37
32
28
18
8
11
22
20
16
20
17
17
25
22
22
13
9
13
14
19
26
21
15
22
26
24
11
6
12
15
31
32
25
23
28
40
44
50
58
62
65
61
59
61
53
46
40
31
32
33
26
31
30
28
27
26
20
17
20
19
21
19
22
26
30
29
27
32
31
31
33
41
44
44
48
42
36
28
23
26
19
23
10
4
5
-2
-1
-2
-5
-14
-18
-7
-5
-2
-10
-8
-3
-7
-6
-9
0
-2
7
4
7
7
9
13
10
12
10
16
20
18
16
16
23
20
22
23
12
7
1
-1
-1
-1
-3
-7
-2
2
3
-3
-1
4
4
3
1
3
7
11
5
13
10
6
8
9
7
1
-1
2
0
-1
-1
-5
-3
0
-9
-13
-12
-21
-23
-29
-26
-24
-37
-40
-41
-46
-38
-35
-38
-39
-40
-35
-49
-56
-63
-59
-51
-55
-52
-56
-55
-48
-40
-40
-43
-50
-58
-64
-54
-47
-45
-39
-46
-49
-45
-44
-35
-27
-17
-12
-9
1
-4
2
6
7
12
8
16
20
12
10
14
27
27
31
23
22
27
24
31
13
5
3
-3
8
10
7
6
11
21
23
23
9
6
-4
-5
3
-3
-3
-14
-15
-15
-8
-2
0
-3
-5
2
3
7
-1
2
-7
-13
-13
-22
-14
-26
-26
-19
-21
-19
-34
-37
-41
-44
-36
-29
-25
-26
-25
-22
-18
-11
-4
3
2
-9
-10
-13
-19
-11
-4
0
5
6
13
19
15
22
22
26
26
17
22
20
21
23
29
40
33
27
26
28
28
21
17
14
13
11
7
7
9
9
13
10
4
2
6
7
-2
-3
-20
-30
-32
-23
-12
-10
3
-2
-9
-12
-15
-14
-5
9
19
24
12
10
8
-3
-6
1
17
24
11
7
3
2
8
5
22
26
24
24
18
12
12
8
5
23
35
33
25
26
26
24
31
28
31
34
33
28
24
25
33
34
27
33
37
42
32
16
12
10
10
8
9
21
30
33
28
24
29
35
36
36
28
22
18
9
12
20
18
26
27
17
12
0
-7
-16
-27
-27
-26
-23
-24
-24
-22
-17
-15
-12
-10
-15
-12
-15
-23
-30
-32
-28
-24
-14
-17
-21
-13
-9
-7
-7
0
6
15
16
21
21
20
27
25
29
28
38
41
44
39
30
36
33
34
30
38
38
34
34
33
27
31
34
38
40
41
44
34
28
21
19
19
23
29
29
19
19
20
20
11
5
5
11
6
1
-2
-7
-3
-13
-18
-18
-24
-26
-23
-25
-33
-28
-35
-39
-44
-46
-38
-40
-37
-38
-36
-36
-39
-33
-32
-28
-29
-31
-25
-28
-32
-38
-39
-36
-41
-36
-36
-28
-26
-28
-32
-35
-30
-41
-49
-45
-40
-36
-35
-41
-48
-41
-33
-29
-29
-23
-18
-17
-25
-28
-26
-26
-19
-15
-10
-14
-15
-17
-17
-20
-26
-31
-33
-34
-37
-35
-40
-36
-36
-36
-32
-28
-26
-24
-23
-21
-20
-13
-14
-20
-13
-5
-2
-1
2
0
1
2
1
10
7
4
2
-5
-2
-1
4
6
15
21
17
19
9
6
6
1
-4
-1
-9
-10
-9
-14
-16
-15
-14
-8
-4
-6
1
-3
-4
-4
-6
-12
-2
1
-1
3
0
4
-5
-8
-7
-3
-6
-16
-16
-20
-20
-23
-29
-29
-31
-35
-39
-35
-31
-24
-34
-38
-35
-41
-40
-36
-34
-32
-29
-28
-28
-32
-21
-17
-15
-9
-9
-4
-6
-5
2
-5
-2
-6
-9
3
2
1
6
9
11
4
-6
-1
2
9
15
9
9
9
8
8
11
14
16
21
20
24
23
26
31
35
36
32
35
40
31
23
18
17
25
25
26
22
18
17
13
8
13
7
3
7
0
2
7
9
12
18
19
26
26
30
28
23
30
26
26
28
23
29
34
29
36
37
42
41
35
33
17
16
10
8
9
17
23
26
32
29
38
37
35
32
31
37
45
48
50
55
58
57
58
60
54
54
45
43
41
39
39
36
39
35
33
28
26
28
30
32
39
36
27
27
22
19
19
19
22
22
18
12
10
7
2
7
-2
-4
-8
-11
-13
-18
-10
-12
-12
-6
-5
-4
-11
-20
-23
-24
-27
-27
-25
-22
-13
-14
-13
-18
-17
-13
-12
-12
-15
-17
-15
-9
0
8
9
1
-1
-2
-1
1
-1
0
-8
-7
-13
-22
-19
-23
-13
-4
4
4
3
6
5
4
-3
-10
-8
-8
-6
-1
3
5
1
-2
-4
-2
-5
-7
-8
-11
-16
-18
-11
-4
5
6
6
6
-5
-4
-8
-10
-10
-12
2
4
-4
-12
-27
-39
-37
-41
-41
-41
-30
-23
-20
-14
-13
-14
-18
-16
-21
-26
-26
-23
-22
-22
-14
-15
-25
-23
-24
-18
-15
-23
-22
-17
-18
-26
-40
-36
-23
-27
-32
-28
-26
-22
-26
-34
-22
-13
-2
-16
-20
-18
-19
-21
-14
-13
-23
-15
-25
-33
-34
-35
-38
-36
-41
-52
-41
-33
-32
-29
-30
-29
-35
-41
-38
-34
-30
-23
-28
-24
-15
-7
5
-3
-6
-11
-8
-7
-8
-3
-6
1
3
1
2
1
2
1
5
16
16
17
17
16
19
12
3
8
6
6
13
18
19
21
16
13
17
16
18
20
33
38
37
33
26
27
23
21
28
33
36
33
33
26
19
16
15
11
11
13
12
13
12
14
15
18
21
26
29
25
25
19
14
17
15
24
32
39
47
44
48
43
27
17
10
3
12
28
28
27
34
36
33
33
38
33
30
30
23
23
20
21
20
13
14
17
22
32
41
43
40
37
39
37
29
23
16
14
16
15
19
20
22
26
23
19
15
10
14
12
10
11
1
1
2
7
10
8
-3
-8
-6
7
27
35
27
17
15
21
25
14
11
18
19
13
13
15
26
27
12
-6
-6
-8
-7
-7
-7
-12
-13
-1
5
9
7
7
1
-4
0
6
9
4
0
-1
1
3
4
2
0
-3
0
-1
-4
-5
-6
9
14
11
3
-2
9
10
8
8
6
9
-2
-9
-3
8
12
11
8
9
12
11
8
5
7
2
2
1
2
1
4
3
-5
-9
-16
-22
-26
-23
-21
-15
-20
-29
-30
-33
-32
-44
-51
-59
-59
-49
-50
-51
-45
-42
-46
-48
-57
-57
-57
-59
-48
-39
-31
-28
-22
-17
-9
-12
-16
-22
-25
-28
-36
-31
-42
-42
-42
-53
-51
-57
-62
-67
-62
-65
-60
-47
-47
-39
-39
-35
-34
-36
-33
-35
-39
-45
-42
-41
-47
-46
-54
-55
-53
-55
-59
-67
-61
-54
-58
-54
-52
-54
-56
-53
-52
-52
-54
-53
-57
-50
-42
-39
-35
-46
-48
-42
-38
-32
-17
-13
-6
-1
0
3
-1
-7
-11
-5
-5
-1
-4
-8
-3
0
5
10
16
10
13
15
16
20
18
21
20
19
17
8
4
5
11
13
11
18
22
33
32
25
27
27
31
33
34
35
38
43
40
46
42
33
30
22
20
20
12
8
8
17
25
20
18
14
10
15
27
34
36
43
45
44
45
40
37
20
2
15
24
21
19
24
8
-11
-18
-18
-8
-15
-18
-19
-20
-17
-14
-2
2
5
7
5
9
14
12
12
14
15
22
31
32
27
25
28
28
29
26
25
34
39
46
56
53
37
20
18
20
27
29
25
30
22
25
31
26
31
23
23
21
21
37
37
36
31
36
40
42
45
39
42
48
53
57
56
57
49
50
41
39
44
39
36
34
34
28
25
14
3
-2
-7
-11
-6
-1
9
13
24
35
38
49
52
48
43
45
43
39
37
43
37
37
43
44
45
37
33
29
23
25
18
12
1
-6
-12
-22
-18
-16
-21
-16
-15
-19
-10
-8
-1
0
0
-5
-13
-17
-20
-21
-26
-21
-24
-21
-25
-30
-33
-30
-28
-37
-32
-36
-38
-39
-33
-27
-29
-32
-40
-37
-39
-41
-37
-38
-39
-42
-44
-51
-48
-44
-41
-35
-35
-28
-29
-26
-30
-31
-31
-38
-43
-40
-36
-39
-29
-27
-22
-25
-28
-30
-39
-33
-37
-32
-28
-20
-12
-9
-11
-15
-15
-24
-19
-14
-15
-4
3
-1
-1
-3
-10
-17
-18
-28
-39
-26
-15
-9
-10
-9
-14
-17
-26
-35
-23
-19
-25
-27
-28
-28
-29
-19
-26
-34
-41
-44
-44
-44
-37
-37
-28
-30
-37
-34
-26
-22
-22
-23
-24
-15
-17
-16
-16
-17
-12
-15
-20
-29
-25
-18
-12
-8
-1
2
-5
-10
-20
-18
-15
-18
-8
-4
-13
-8
-6
-5
-2
2
0
-6
-5
-13
-15
-15
-11
-2
3
13
18
16
11
8
8
7
13
15
18
22
23
24
20
16
10
13
12
19
25
21
26
28
31
29
26
21
15
18
22
19
23
25
24
22
20
11
3
4
1
7
16
20
19
20
26
28
25
18
17
20
29
24
18
22
20
19
22
23
25
28
29
35
41
40
39
46
45
43
39
36
36
33
43
50
44
44
47
42
33
33
37
42
44
43
50
52
56
56
55
53
54
43
38
33
30
36
31
34
36
37
36
32
25
21
21
23
25
24
34
41
44
28
27
39
37
33
29
32
38
44
40
38
40
30
29
23
21
24
20
21
21
19
20
19
12
15
12
4
3
1
1
12
20
26
18
12
18
15
13
9
11
15
12
13
17
17
12
4
4
1
5
6
14
18
17
23
17
15
9
4
1
-4
-6
-12
-19
-16
-22
-28
-36
-35
-33
-33
-30
-33
-42
-45
-44
-42
-39
-38
-35
-31
-33
-37
-41
-41
-31
-35
-30
-27
-31
-32
-29
-34
-31
-28
-36
-31
-37
-41
-45
-53
-50
-48
-48
-46
-43
-40
-36
-27
-31
-33
-28
-23
-25
-29
-30
-32
-36
-40
-35
-33
-30
-30
-34
-33
-37
-42
-49
-56
-58
-55
-52
-50
-51
-48
-45
-46
-44
-40
-39
-47
-51
-53
-45
-39
-30
-30
-44
-53
-56
-54
-54
-55
-56
-55
-57
-53
-55
-48
-51
-56
-54
-59
-57
-56
-56
-51
-51
-45
-36
-35
-34
-30
-31
-33
-35
-39
-33
-31
-29
-24
-20
-14
-11
-11
-8
-5
-3
2
-5
-15
-15
-20
-21
-18
-11
-11
-6
0
-2
1
-12
-8
-4
-4
-4
-5
-6
-5
0
11
15
19
20
26
36
33
36
40
38
37
45
49
45
45
49
49
55
51
56
59
66
69
70
78
76
71
63
61
53
51
45
38
39
34
29
27
21
29
38
40
40
41
44
41
45
37
30
20
12
21
19
6
11
5
-5
-7
-6
-5
-5
-8
-10
-14
-19
-6
-1
2
13
13
11
10
8
16
18
24
30
31
31
34
39
38
43
47
49
47
40
42
41
42
49
41
39
33
28
28
32
34
34
29
32
36
37
38
34
37
37
34
41
39
36
41
46
56
55
49
45
41
32
36
38
34
41
36
32
37
34
26
25
26
23
27
22
25
34
33
25
27
26
18
15
6
7
10
14
15
5
0
-3
-2
5
8
10
10
3
-6
-9
0
8
11
6
7
7
4
9
6
3
-7
-9
-14
-17
-12
-19
-29
-34
-37
-41
-39
-43
-46
-39
-36
-31
-26
-26
-19
-21
-20
-21
-31
-28
-29
-30
-33
-43
-44
-45
-44
-42
-44
-45
-45
-53
-57
-58
-65
-67
-65
-62
-59
-57
-56
-51
-41
-31
-28
-30
-27
-24
-33
-33
-30
-30
-26
-27
-26
-23
-26
-28
-31
-31
-35
-45
-59
-56
-59
-63
-67
-59
-58
-60
-59
-53
-47
-43
-41
-45
-38
-38
-35
-37
-37
-31
-25
-17
-23
-26
-28
-29
-27
-22
-20
-17
-12
-13
-9
-11
-10
-5
-6
4
4
2
5
3
-2
-2
-4
-10
-10
-14
-19
-22
-25
-29
-26
-25
-27
-23
-26
-30
-22
-21
-21
-22
-15
-10
-11
2
8
13
16
16
12
4
4
-4
-5
-6
-7
-5
-12
-11
-9
-13
-14
-10
-7
-5
3
15
16
11
12
14
14
21
26
29
29
36
44
42
44
40
41
43
41
36
27
27
24
24
18
18
18
20
22
23
31
25
32
35
32
31
32
27
29
37
35
42
39
42
40
37
28
27
29
23
21
18
13
5
10
10
13
17
18
22
20
26
30
30
32
31
35
43
51
54
61
60
56
54
51
49
44
41
45
47
45
47
44
46
51
54
50
48
46
40
38
31
31
31
40
45
45
46
47
49
48
45
28
31
33
31
31
21
24
22
24
20
21
21
18
20
22
26
28
30
29
27
19
12
15
10
14
15
11
10
9
14
7
11
8
11
13
11
9
5
9
12
11
11
14
7
11
5
3
9
5
-9
-19
-22
-23
-22
-28
-28
-28
-22
-13
-17
-16
-17
-23
-25
-27
-20
-22
-23
-18
-17
-22
-19
-10
-16
-22
-17
-18
-22
-18
-13
-6
-14
-19
-12
-10
-8
-2
-10
-13
-13
-21
-19
-18
-24
-31
-26
-23
-21
-16
-19
-18
-25
-24
-18
-20
-18
-22
-24
-25
-29
-31
-26
-23
-19
-17
-18
-22
-31
-40
-39
-40
-40
-35
-23
-16
-13
-17
-24
-27
-33
-39
-43
-50
-49
-47
-41
-39
-33
-31
-34
-33
-42
-39
-43
-48
-50
-55
-55
-47
-40
-39
-34
-30
-24
-20
-21
-19
-19
-18
-24
-33
-37
-45
-49
-57
-56
-52
-55
-53
-52
-53
-59
-59
-61
-58
-56
-45
-47
-53
-50
-47
-44
-43
-40
-37
-31
-32
-33
-37
-39
-36
-39
-38
-35
-35
-42
-40
-37
-40
-46
-42
-35
-22
-8
-5
-2
-1
-6
-4
8
11
12
19
20
10
10
19
40
48
48
47
40
34
31
28
32
38
35
27
29
24
11
12
14
24
31
31
36
36
39
32
24
24
24
22
18
11
13
9
8
2
-5
-6
-14
-13
-13
-9
-4
-2
5
1
4
10
4
5
11
18
21
21
20
27
35
38
42
41
40
38
31
25
20
18
17
19
23
20
18
18
13
13
14
14
18
18
23
31
28
29
29
29
29
25
29
33
33
21
19
15
17
16
14
11
12
21
18
15
14
17
26
33
29
30
33
33
33
31
40
44
46
39
38
43
41
42
39
44
42
39
44
45
46
48
43
41
30
22
26
22
22
24
26
30
34
35
27
25
21
24
23
18
13
15
21
13
16
16
24
17
7
4
3
-5
-7
-5
-4
-3
1
7
3
3
2
11
11
12
14
4
3
-2
-2
-8
-5
0
0
-1
-7
-1
2
-7
-9
-11
-17
-16
-15
-17
-19
-20
-27
-27
-26
-26
-21
-22
-17
-18
-18
-14
-20
-21
-30
-35
-30
-30
-33
-33
-29
-32
-33
-39
-36
-32
-39
-37
-37
-41
-44
-46
-43
-46
-51
-45
-43
-39
-37
-41
-37
-37
-34
-31
-28
-23
-17
-8
-1
4
5
-2
-9
-13
-10
-12
-11
-10
-10
-3
-5
-4
-6
-20
-25
-24
-25
-20
-14
-10
-13
-19
-20
-26
-29
-32
-37
-34
-30
-25
-26
-29
-30
-38
-34
-31
-40
-42
-43
-46
-46
-45
-41
-34
-29
-34
-33
-28
-22
-12
-20
-20
-14
-19
-22
-24
-27
-26
-23
-16
-17
-18
-8
-7
-8
-4
-3
-4
-6
-4
1
-6
-1
-1
-1
5
5
3
5
7
11
14
13
10
7
5
7
3
5
5
12
18
18
23
21
24
24
27
25
21
29
29
26
27
26
29
29
23
20
21
18
20
17
12
6
3
4
7
6
11
18
19
23
22
24
17
18
17
16
11
3
7
9
11
10
11
15
14
18
22
21
23
28
26
26
30
32
32
27
23
29
41
44
48
45
39
39
25
24
15
7
10
17
20
21
20
17
18
16
18
20
23
27
27
27
37
37
38
42
41
43
48
59
66
75
76
72
66
59
56
57
53
55
51
48
48
45
42
43
44
43
46
48
50
44
36
31
31
24
11
9
11
10
10
9
0
-6
-9
-15
-19
-16
-15
-10
-14
-19
-22
-27
-23
-26
-21
-15
-11
-9
-10
-13
-13
-23
-25
-23
-24
-21
-18
-7
-4
-4
-1
5
7
7
6
3
9
14
16
18
13
9
6
11
14
13
11
14
14
16
14
8
8
7
5
7
9
9
18
19
21
18
13
13
8
7
9
4
-3
-4
-3
-1
0
-2
-3
-8
-13
-23
-25
-23
-28
-25
-24
-18
-17
-26
-29
-24
-24
-32
-38
-30
-28
-29
-24
-22
-24
-21
-19
-23
-30
-35
-38
-37
-31
-37
-33
-33
-36
-37
-37
-36
-29
-27
-26
-19
-18
-14
-8
-8
-11
-15
-19
-19
-20
-22
-22
-20
-23
-14
-11
-24
-31
-39
-46
-48
-48
-45
-49
-48
-50
-56
-60
-60
-57
-55
-49
-43
-39
-47
-49
-43
-43
-37
-36
-38
-40
-40
-40
-39
-37
-35
-29
-31
-25
-25
-33
-30
-36
-32
-23
-17
-13
-9
-17
-17
-18
-25
-28
-32
-28
-22
-17
-20
-16
-17
-22
-26
-30
-32
-39
-44
-36
-32
-31
-26
-24
-19
-20
-12
1
5
9
10
8
8
14
15
14
8
5
5
12
15
11
12
8
8
6
8
10
15
12
7
10
15
20
14
16
16
19
31
30
34
29
25
25
23
21
19
20
24
20
17
17
11
13
14
17
18
20
21
21
20
22
17
14
19
21
23
27
38
38
40
36
26
27
21
16
11
14
16
13
14
18
23
28
29
29
28
27
24
19
29
34
33
42
45
47
41
37
46
43
48
47
51
46
38
34
28
30
27
32
33
32
34
31
27
17
14
14
12
6
2
-8
-8
-6
-8
-4
-10
-17
-20
-22
-23
-25
-28
-33
-20
-23
-23
-16
-18
-13
-20
-11
-7
-8
-1
-1
4
10
13
15
20
19
25
26
24
25
22
30
30
29
33
25
24
24
21
29
33
33
36
37
36
34
37
49
55
59
62
61
65
63
60
64
63
58
50
39
37
25
12
8
-2
-2
-3
-8
-3
0
-4
-2
-9
-14
-17
-22
-23
-22
-20
-24
-24
-27
-31
-34
-41
-41
-39
-32
-32
-31
-30
-40
-41
-50
-52
-51
-49
-50
-57
-53
-55
-51
-47
-47
-51
-52
-49
-51
-53
-55
-60
-58
-59
-65
-64
-63
-63
-60
-49
-50
-50
-44
-43
-45
-55
-51
-45
-47
-40
-33
-28
-28
-28
-30
-26
-19
-14
-8
-4
-1
-5
-6
-10
-17
-22
-20
-24
-20
-14
-13
-12
-15
-7
-10
-9
-7
-4
7
8
10
10
16
19
22
21
24
27
25
23
20
17
6
2
6
1
-1
1
8
14
12
11
1
-1
0
-2
4
4
4
7
8
12
6
7
4
7
7
9
19
19
12
6
3
1
-1
-2
-4
-6
-11
-10
-11
-14
-12
-15
-11
-11
-13
-9
-6
-6
-5
1
11
7
4
1
-5
-11
-13
-13
-12
-9
-12
-4
-3
-6
1
4
5
9
12
9
2
5
6
7
9
6
8
9
6
8
14
18
19
21
21
25
17
18
20
16
24
25
30
28
32
31
30
34
36
34
36
37
38
49
52
57
57
55
62
58
51
48
49
47
47
52
45
41
48
46
45
49
50
57
52
46
47
45
42
37
31
31
31
30
31
25
25
23
24
22
23
21
17
15
3
0
-3
-2
0
4
8
2
6
2
2
4
1
1
-5
-5
-4
-4
-4
-6
-3
-4
-2
0
3
6
6
9
5
0
-5
-8
-8
-6
-6
-1
6
12
10
8
8
18
22
19
20
20
17
14
16
15
11
10
4
11
12
5
10
6
9
14
13
17
13
11
7
0
3
0
2
7
0
3
2
-7
-5
-17
-21
-21
-17
-19
-24
-29
-33
-27
-27
-26
-27
-38
-38
-36
-34
-31
-33
-30
-27
-28
-31
-33
-34
-28
-32
-33
-36
-33
-32
-39
-39
-39
-37
-39
-38
-38
-34
-29
-29
-26
-20
-21
-20
-27
-32
-34
-37
-41
-43
-42
-41
-36
-37
-34
-35
-31
-33
-40
-39
-46
-53
-53
-53
-55
-51
-50
-46
-39
-37
-42
-41
-36
-32
-25
-19
-18
-16
-13
-11
-8
-6
-7
-8
-5
-6
-5
-2
-2
-12
-19
-22
-24
-24
-24
-20
-11
-12
-10
-16
-15
-11
-17
-9
-7
-9
-12
-7
-9
-14
-10
-6
-6
-5
0
4
2
2
10
10
7
5
5
-2
-3
-1
2
5
4
9
7
4
-2
-5
-2
-5
-3
-1
-7
-7
-12
-17
-18
-19
-23
-30
-29
-35
-38
-40
-41
-29
-21
-12
-5
-5
-7
-10
-4
-7
-9
-7
-3
-4
-8
-5
-6
-1
-4
-4
-1
2
-3
-11
-10
-14
-13
-16
-21
-16
-14
-10
-6
-1
2
8
16
26
27
29
28
24
26
20
22
24
22
21
16
17
19
20
28
37
40
39
46
45
39
41
44
49
55
59
62
60
60
56
53
53
55
58
57
51
52
50
45
39
42
39
38
41
41
37
31
31
27
22
17
13
13
9
7
6
11
8
11
18
22
23
18
25
18
15
12
9
0
-3
3
6
10
17
15
10
12
6
7
3
-2
1
8
16
16
12
8
6
8
12
17
10
8
3
-7
-6
-15
-12
-12
-11
-5
-5
-1
3
12
16
15
18
20
23
27
29
26
26
29
35
39
40
39
35
29
28
21
12
7
4
3
11
9
9
8
6
10
-3
-6
-9
-20
-24
-22
-17
-10
-7
-10
-19
-28
-36
-41
-43
-39
-40
-36
-39
-47
-49
-54
-48
-50
-53
-54
-53
-50
-54
-52
-44
-44
-34
-33
-42
-40
-43
-41
-41
-40
-34
-34
-34
-39
-40
-36
-35
-30
-26
-22
-26
-28
-25
-25
-16
-13
-7
-3
-2
0
0
3
3
12
12
5
8
8
5
3
3
-1
6
15
15
17
17
19
19
13
9
4
9
7
11
19
13
13
7
5
-3
-12
-18
-25
-25
-29
-32
-36
-31
-34
-34
-35
-33
-38
-40
-38
-46
-47
-46
-46
-41
-39
-36
-27
-31
-30
-28
-28
-25
-17
-13
-16
-3
-3
-7
6
10
14
13
13
11
13
17
17
21
25
23
20
16
18
20
21
30
31
33
32
27
25
18
16
20
20
19
17
18
22
18
15
13
10
6
2
-2
3
1
1
8
1
-4
-6
-12
-14
-19
-24
-19
-22
-25
-21
-19
-13
-8
-9
-11
-16
-11
-13
-15
-15
-13
-9
-4
0
1
-1
-2
4
6
4
1
8
9
6
9
12
14
14
21
23
28
23
25
20
15
17
17
19
24
21
25
34
34
41
41
44
43
44
41
41
37
36
37
42
36
24
27
27
23
25
24
24
28
26
21
27
36
37
35
40
37
41
42
37
40
41
40
37
39
32
27
29
21
12
13
12
14
8
4
7
14
20
23
19
21
22
23
25
20
25
18
18
20
16
16
11
5
5
4
-1
2
2
13
13
9
12
18
19
23
35
42
45
51
48
49
55
51
47
48
47
40
42
36
39
35
32
34
32
30
33
30
32
33
25
23
19
17
14
15
12
6
-4
-10
-16
-17
-13
-14
-21
-13
-12
-17
-18
-27
-25
-21
-25
-29
-36
-38
-44
-45
-50
-51
-54
-54
-51
-44
-40
-42
-33
-33
-30
-33
-36
-35
-43
-47
-45
-39
-41
-33
-30
-24
-16
-21
-24
-28
-35
-39
-36
-40
-45
-41
-36
-28
-21
-19
-21
-24
-26
-28
-24
-27
-27
-25
-22
-11
-17
-12
-9
-18
-18
-23
-24
-18
-16
-13
-10
-19
-18
-19
-24
-34
-39
-41
-44
-44
-42
-45
-45
-40
-38
-28
-19
-14
-17
-12
-14
-16
-18
-28
-31
-29
-25
-24
-21
-24
-17
-10
-7
-5
-8
0
3
15
19
14
15
10
9
6
5
9
0
-5
-6
-5
-10
-15
-22
-25
-25
-33
-39
-37
-29
-26
-23
-19
-20
-26
-26
-26
-26
-22
-22
-26
-32
-28
-27
-31
-31
-34
-40
-37
-38
-44
-48
-53
-54
-47
-49
-51
-48
-42
-39
-32
-26
-25
-23
-22
-25
-25
-25
-25
-21
-21
-15
-9
-9
-14
-13
-9
-4
3
5
5
16
19
22
27
27
25
31
30
23
28
28
21
20
24
26
28
32
31
29
26
18
18
26
28
34
45
54
56
56
54
45
47
41
41
43
36
38
35
42
45
50
46
43
43
44
44
46
47
42
48
51
56
56
57
59
57
54
55
58
57
58
60
56
47
43
38
34
30
32
30
29
33
32
32
32
34
28
21
20
14
12
4
3
0
-11
-8
-6
-2
-3
-3
3
-3
-4
3
3
-2
-3
0
5
7
4
5
9
11
16
17
15
13
13
10
12
11
14
20
20
13
15
18
17
19
15
12
16
11
16
18
16
19
12
14
15
17
16
18
17
10
8
3
-5
-7
-8
-5
1
6
11
9
3
5
3
8
12
11
3
1
4
2
1
5
7
1
-3
-6
-7
-9
-14
-20
-25
-31
-34
-36
-34
-29
-20
-16
-5
-5
-2
-5
-9
-12
-22
-27
-35
-48
-53
-56
-54
-51
-54
-52
-55
-55
-52
-52
-54
-53
-50
-49
-45
-34
-34
-29
-27
-28
-27
-27
-24
-32
-32
-25
-27
-29
-26
-33
-37
-34
-39
-41
-40
-37
-33
-24
-15
-9
-11
-13
-15
-13
-15
-22
-22
-25
-26
-27
-24
-24
-19
-28
-29
-30
-30
-29
-33
-36
-41
-40
-41
-42
-42
-37
-35
-37
-35
-29
-26
-24
-26
-21
-19
-9
1
2
5
1
5
10
6
9
16
16
21
25
35
37
36
29
23
21
15
11
11
15
19
22
23
24
23
18
10
9
18
17
22
24
32
37
33
38
32
33
30
26
20
17
19
24
29
24
23
24
23
21
20
17
17
18
15
21
17
17
21
19
23
24
21
25
21
15
20
17
14
9
2
1
-7
-13
-19
-32
-28
-24
-23
-14
-7
5
12
11
12
10
21
29
33
32
24
22
21
12
6
8
8
6
7
7
3
5
1
0
-3
4
5
4
13
12
17
23
20
16
23
18
16
15
10
14
14
18
11
13
19
16
21
15
15
21
22
29
33
35
41
47
45
46
47
38
36
34
24
24
18
11
20
25
31
36
32
29
30
32
27
24
21
20
23
23
24
19
19
17
17
11
11
8
9
10
12
10
6
6
3
-5
-5
3
3
3
6
4
-1
3
6
11
16
20
19
19
17
18
13
8
0
-5
-8
-15
-10
-9
-5
0
-4
-1
-4
-10
-9
-9
-6
5
11
18
24
26
18
7
4
-2
-12
-20
-25
-26
-21
-21
-20
-19
-26
-26
-30
-31
-33
-35
-27
-28
-30
-22
-15
-12
-19
-25
-31
-34
-45
-47
-49
-49
-43
-49
-47
-48
-51
-51
-52
-55
-52
-49
-51
-52
-52
-46
-48
-43
-41
-40
-34
-39
-36
-24
-24
-16
-11
-10
-4
1
6
8
10
6
0
-8
-12
-14
-14
-17
-15
-12
-11
-8
-9
-11
-10
-11
-14
-19
-22
-23
-26
-20
-14
-12
-11
-11
-17
-17
-15
-18
-21
-15
-13
-14
-15
-13
-18
-23
-23
-25
-30
-22
-21
-24
-24
-27
-22
-20
-13
-14
-11
-11
-13
-16
-15
-10
-8
-2
-2
-4
-2
-2
-2
-6
-12
-15
-12
-13
-16
-17
-15
-9
-10
-13
-23
-24
-22
-27
-29
-22
-16
-13
-7
-1
-4
5
1
3
-1
1
7
-4
1
7
8
9
10
12
14
11
10
6
0
-1
4
3
11
14
19
20
20
24
21
16
8
8
4
-2
-1
-13
-12
-16
-17
-10
-14
-12
-17
-23
-23
-16
-11
-3
4
5
1
-2
-2
-5
-3
4
6
9
12
13
21
22
20
26
22
22
13
8
8
5
10
7
9
8
6
8
11
8
-2
-5
-12
-8
1
3
8
6
8
14
12
16
18
14
14
15
15
22
28
29
30
39
42
47
55
58
62
69
77
79
75
70
71
76
75
74
82
83
84
76
62
56
49
46
52
56
57
58
52
46
43
38
36
29
28
23
16
11
8
8
3
-4
-4
-7
-6
-8
-11
-7
-10
-7
0
-3
-4
3
4
9
8
0
-3
-13
-16
-15
-16
-15
-13
-9
-12
-18
-21
-21
-17
-14
-8
-2
-3
4
4
11
10
8
10
6
4
4
9
11
8
3
3
-5
-9
-9
-5
4
11
10
13
22
16
18
13
6
3
3
-7
-4
-14
-10
-18
-21
-34
-31
-41
-52
-23
-117
5
27
-138
-54
-43
-78
-66
-81
-6
-34
-104
-43
-24
-88
-12
15
-51
-9
-27
-34
-12
-35
-25
-32
-38
-9
-34
-29
-7
-33
6
-25
-4
-5
-9
10
-9
10
14
8
-5
11
-1
-10
2
-3
5
-9
-11
-1
-21
-24
-18
-30
-38
-12
-40
-30
-3
-34
-30
-31
-38
-38
-33
-48
-38
-30
-39
-25
-31
-28
-37
-48
-45
-48
-54
-49
-53
-49
-52
-55
-33
-34
-29
-10
-16
-12
-13
-15
-8
-16
-19
-11
-10
-9
-7
-7
-8
-8
-8
-14
-13
-12
-11
-8
-15
-10
-3
-12
-7
1
0
-11
17
16
-6
7
8
1
-2
12
5
10
14
7
20
27
16
24
17
15
18
9
14
19
14
9
17
19
15
6
9
12
8
10
13
4
4
11
16
27
17
23
23
17
24
23
25
25
23
28
33
38
40
40
41
40
39
38
35
33
29
31
25
16
6
-1
5
2
0
4
3
7
4
4
5
-2
6
4
14
14
12
15
10
10
7
4
-4
-3
-5
0
7
12
13
12
16
22
27
22
23
31
30
36
33
32
39
41
42
51
45
49
60
62
62
58
57
59
54
56
58
59
65
59
57
58
55
55
55
54
61
55
50
52
53
39
37
32
33
24
23
31
28
27
28
42
27
32
36
16
21
19
15
21
14
20
10
6
3
4
-5
-12
-10
-22
-16
-20
-18
-12
-18
-16
-9
-9
-1
-10
-1
3
-2
5
10
15
12
12
11
3
-5
-5
-11
-19
-22
-19
-19
-9
-5
-4
-1
-1
4
4
8
10
5
1
-4
-12
-9
-9
-18
-11
-8
-6
-8
-10
-12
-20
-13
-26
-26
-23
-24
-34
-34
-27
-34
-31
-32
-33
-25
-28
-29
-31
-35
-27
-32
-33
-35
-40
-42
-32
-38
-36
-30
-36
-36
-44
-46
-48
-46
-49
-49
-54
-52
-51
-51
-44
-48
-52
-49
-51
-60
-50
-49
-50
-42
-42
-43
-42
-37
-35
-33
-32
-29
-32
-30
-25
-20
-22
-21
-15
-14
-11
-8
-3
-18
-15
-16
-27
-23
-19
-18
-16
-6
-2
-3
1
7
6
6
10
10
6
10
5
5
-4
-8
-10
-12
-11
-15
-18
-17
-18
-28
-29
-38
-39
-41
-32
-21
-22
-11
-14
-6
-9
-9
-6
-11
-16
-13
-14
-18
-14
-29
-33
-29
-32
-31
-23
-28
-33
-29
-28
-30
-28
-33
-37
-42
-39
-29
-25
-26
-20
-10
-10
0
5
3
5
1
-5
-7
-18
-12
-3
-4
0
5
13
13
23
26
35
32
28
28
30
32
26
32
31
28
17
18
16
20
28
19
30
35
33
27
17
15
13
11
8
2
17
14
11
15
21
14
13
17
1
5
4
-3
5
2
6
6
7
13
17
26
15
16
18
12
21
25
19
19
17
17
30
35
36
44
52
56
46
44
41
41
45
42
50
52
55
54
63
65
74
89
83
91
87
86
86
73
68
56
50
48
50
47
44
39
40
44
34
27
22
24
22
21
15
11
14
12
15
20
21
19
13
11
-3
-11
-18
-29
-33
-31
-30
-28
-21
-24
-19
-19
-19
-20
-28
-22
-29
-30
-33
-35
-28
-25
-25
-18
-12
-24
-24
-23
-17
-24
-23
-19
-22
-21
-14
-8
-5
4
11
19
25
28
28
27
15
14
14
9
5
10
19
18
21
28
32
28
22
16
15
16
20
20
14
10
12
11
6
1
-2
-11
-17
-24
-27
-25
-31
-30
-30
-27
-30
-23
-27
-34
-27
-31
-27
-22
-25
-24
-25
-19
-25
-32
-33
-33
-35
-37
-38
-41
-40
-39
-37
-38
-34
-36
-36
-29
-28
-24
-26
-32
-29
-35
-33
-32
-35
-33
-23
-10
-12
-3
1
3
1
2
1
-6
-3
-12
-7
-3
-1
-3
-7
-3
-8
-14
-9
-6
-6
0
-2
6
1
-1
0
-3
-3
4
11
13
8
-3
-3
-10
-10
-12
-17
-20
-18
-17
-13
-12
-17
-17
-20
-13
-12
-13
-10
-7
-8
-14
-13
-14
-16
-15
-13
-11
-16
-17
-16
-13
-6
0
2
7
8
7
8
3
-3
-3
-5
-6
-3
-5
-7
-4
-2
-4
-6
-3
-5
-6
-9
-7
1
-5
-2
-4
0
0
0
-7
-8
-8
-11
-9
-15
-12
-9
-10
-8
0
2
-5
4
6
4
9
5
-1
-1
4
4
0
-5
-11
-13
-11
-22
-15
-9
-11
-2
3
4
8
10
-5
-7
-4
4
1
-3
3
-3
-7
-6
-3
-5
-1
5
7
10
18
19
29
30
33
34
33
34
35
43
44
42
47
52
49
50
47
45
50
52
56
61
62
54
54
53
54
57
55
60
61
58
57
55
54
55
53
58
61
60
52
48
49
44
43
43
42
46
51
49
44
40
37
31
27
24
23
17
15
16
16
20
21
20
22
16
17
21
13
10
9
4
0
-6
-12
-13
-8
-12
-12
-13
-15
-16
-17
-17
-19
-15
-15
-9
-9
-16
-18
-17
-17
-11
0
-1
5
9
10
10
8
12
13
11
13
17
19
25
28
34
43
42
45
44
41
37
29
29
29
30
25
23
13
15
16
14
13
13
18
16
19
12
7
2
0
-3
-2
3
1
-3
-10
-14
-17
-19
-24
-27
-31
-38
-40
-43
-51
-47
-47
-53
-43
-41
-36
-32
-30
-32
-35
-41
-43
-29
-44
-32
-27
-33
-36
-49
-55
-45
-51
-51
-48
-60
-55
-57
-56
-53
-53
-55
-54
-55
-55
-59
-60
-58
-59
-64
-65
-58
-59
-49
-45
-40
-33
-32
-27
-29
-27
-23
-25
-27
-30
-33
-31
-25
-28
-31
-25
-27
-29
-27
-31
-33
-34
-35
-38
-33
-33
-42
-35
-31
-27
-21
-23
-31
-37
-36
-43
-47
-50
-49
-42
-49
-53
-50
-53
-47
-40
-38
-33
-31
-32
-35
-32
-33
-34
-32
-35
-40
-39
-39
-34
-26
-28
-28
-25
-25
-28
-28
-24
-22
-19
-13
-18
-23
-18
-20
-23
-24
-15
-18
-18
-10
-7
-3
2
11
18
26
29
31
40
46
50
57
62
66
68
68
64
66
62
52
55
55
47
47
55
55
57
60
58
64
63
57
53
44
40
27
25
23
19
20
21
21
20
18
11
13
15
14
14
11
10
6
4
3
3
8
12
16
18
21
20
20
17
14
19
17
17
18
14
21
25
21
21
27
33
30
30
37
31
25
34
29
33
33
28
28
27
28
33
42
47
50
52
52
49
48
46
52
53
55
54
57
58
64
65
59
49
45
46
42
42
40
39
39
40
39
36
35
31
25
32
22
16
15
11
14
14
17
11
5
0
3
-1
-2
3
2
3
9
5
8
8
4
7
2
2
5
8
8
3
3
7
9
13
14
23
30
35
30
28
24
19
19
20
17
6
6
4
-1
-7
-6
-6
-12
-13
-15
-13
-14
-19
-19
-18
-22
-22
-23
-18
-25
-28
-21
-33
-39
-41
-41
-37
-41
-39
-38
-46
-43
-45
-48
-46
-47
-42
-45
-55
-59
-55
-56
-51
-48
-49
-48
-47
-51
-62
-59
-54
-54
-58
-55
-52
-55
-52
-49
-49
-46
-47
-49
-55
-62
-58
-63
-65
-60
-51
-52
-59
-51
-46
-50
-39
-44
-44
-48
-54
-55
-57
-57
-59
-50
-38
-29
-28
-24
-23
-22
-26
-30
-27
-34
-30
-17
-15
-16
-20
-21
-15
-7
1
5
5
6
13
12
15
23
18
18
16
10
16
17
14
12
8
-4
3
8
13
16
14
15
15
20
11
8
6
7
-1
-8
-8
-10
-5
-15
-9
-4
-3
1
0
-4
3
4
-6
-16
-21
-16
-21
-24
-8
-5
-4
-11
-5
3
10
13
15
1
-3
10
12
20
26
36
28
12
12
22
33
35
34
22
17
21
22
22
22
10
4
30
31
-11
6
28
50
7
-21
27
20
13
22
31
46
15
-5
5
10
27
53
47
35
15
-9
5
10
22
45
49
49
37
29
31
27
27
29
38
51
49
46
47
36
31
37
45
51
56
54
48
39
40
40
41
44
40
31
14
20
22
19
27
38
54
45
43
40
33
27
34
45
36
29
26
27
25
12
34
44
37
43
60
50
35
40
46
40
34
45
45
41
20
43
40
32
34
20
45
53
31
30
37
28
24
21
36
54
49
52
44
31
26
9
-4
4
12
6
1
5
-5
-13
-13
-14
-6
-2
-7
-9
-8
-18
-25
-30
-29
-36
-34
-30
-32
-32
-44
-42
-40
-35
-29
-35
-32
-31
-42
-57
-48
-37
-40
-38
-35
-34
-41
-37
-28
-22
-25
-20
-18
-28
-29
-29
-26
-19
-19
-17
-9
-7
-15
-16
-19
-20
-23
-22
-18
-22
-29
-23
-19
-23
-19
-8
-7
-2
-3
-5
-11
-7
-7
-15
-14
-17
-12
-21
-24
-20
-26
-34
-39
-25
-26
-33
-31
-30
-29
-42
-39
-32
-40
-42
-42
-48
-44
-33
-33
-39
-53
-49
-45
-53
-53
-50
-42
-40
-42
-49
-54
-44
-49
-64
-59
-48
-51
-58
-50
-47
-48
-40
-39
-39
-35
-39
-34
-30
-32
-25
-28
-18
-16
-14
-7
-3
-3
-5
-2
-3
-10
-3
-3
-4
-13
-17
-19
-78
-61
-12
3
-2
-1
19
-3
-30
-19
-8
-13
7
10
-18
-25
-13
-3
-14
-22
-6
-2
-9
-12
-33
-57
-55
-47
-38
-47
-32
-19
-28
-34
-38
-33
-44
-41
-31
-24
-21
-27
-20
-22
-19
-17
-16
-11
-17
-12
-8
-7
-3
0
6
14
27
18
5
15
22
30
25
22
30
30
30
27
35
43
56
64
66
63
64
49
1
-23
1
40
65
83
93
81
50
41
43
44
55
66
51
32
26
29
30
37
45
44
53
64
57
33
13
6
-11
-37
-36
-7
20
19
0
-23
-29
-39
-41
-31
5
68
92
67
23
6
3
5
28
44
58
72
72
48
14
12
21
19
20
36
46
46
24
15
-4
-1
22
31
45
47
51
43
37
38
33
43
65
71
74
78
84
74
66
69
64
68
74
68
61
49
44
36
29
32
30
35
28
25
20
15
18
1
-3
-1
10
20
21
24
25
26
17
6
-7
-6
-7
-5
1
-3
-4
0
-3
-11
-14
-14
-4
-10
-8
-3
-2
-7
-15
-20
-25
-24
-19
-18
-20
-23
-21
-22
-26
-25
-15
-12
-4
4
0
0
2
3
0
-5
-8
-5
-1
-1
0
-11
-18
-15
-14
-17
-13
-10
-11
-10
-8
-1
-2
-1
-2
1
0
10
14
12
10
3
-1
5
8
-6
-11
-13
-14
-23
-21
-21
-23
-21
-26
-24
-31
-31
-32
-33
-33
-31
-29
-30
-35
-38
-42
-46
-48
-48
-47
-57
-66
-66
-59
-56
-53
-56
-60
-58
-62
-67
-71
-76
-65
-56
-58
-67
-60
-57
-60
-51
-53
-48
-52
-63
-61
-64
-65
-65
-70
-69
-64
-55
-53
-50
-35
-38
-30
-24
-22
-22
-24
-19
-25
-27
-33
-31
-27
-32
-26
-31
-32
-26
-21
-21
-24
-19
-12
-5
2
0
-3
3
2
10
10
12
16
14
14
22
25
23
31
31
33
28
26
22
15
10
11
15
7
17
21
24
28
30
29
30
31
31
30
21
15
8
4
7
6
8
7
9
14
14
17
14
21
23
28
41
43
45
47
45
45
52
45
42
43
44
40
46
45
44
46
38
41
39
43
50
51
51
47
45
36
38
45
53
56
50
53
49
44
43
39
40
39
39
48
48
38
39
37
26
21
21
29
33
36
32
20
10
-1
-7
-6
1
8
4
2
2
0
3
-3
-11
-10
-6
-12
-13
-14
-16
-17
-8
-5
-3
-2
-5
-3
-6
0
-2
-6
-5
4
2
3
5
1
3
7
12
14
16
16
16
26
31
39
40
45
53
53
46
46
46
49
50
42
45
36
34
34
34
33
32
28
17
19
26
29
21
15
14
12
22
21
19
18
22
31
25
20
6
2
1
-1
5
5
2
-3
-8
-10
-8
-5
-2
6
7
12
13
7
3
3
8
8
9
5
6
-4
-14
-20
-18
-8
-9
-7
-6
-10
-14
-16
-19
-26
-28
-16
-15
-20
-19
-30
-29
-29
-24
-19
-20
-25
-36
-41
-40
-40
-44
-46
-44
-37
-38
-45
-45
-52
-55
-63
-66
-62
-64
-55
-58
-59
-62
-63
-63
-69
-70
-75
-75
-75
-68
-66
-65
-60
-62
-58
-56
-53
-50
-51
-47
-47
-42
-50
-43
-42
-48
-37
-44
-41
-47
-49
-52
-43
-37
-37
-34
-36
-24
-23
-28
-21
-29
-28
-30
-34
-27
-27
-21
-23
-21
-21
-20
-15
-10
-10
-4
-8
-27
-29
-27
-5
10
18
23
26
21
12
15
26
45
46
44
33
28
26
16
18
24
36
41
31
23
9
-3
-3
-3
14
17
4
0
-7
-9
-13
-13
-15
-9
-7
-3
-2
-12
-11
-15
-13
-8
-7
-10
-10
-14
-17
-15
-22
-21
-20
-10
-10
-15
-15
-15
-9
-9
-9
-10
-10
-12
-17
-21
-17
-10
-10
-7
3
8
15
22
22
24
27
32
31
26
22
19
22
26
30
28
27
33
35
37
34
33
35
34
37
41
39
40
39
34
34
26
25
20
17
18
21
16
15
8
3
2
1
9
4
11
11
9
9
4
7
9
15
19
30
30
32
34
32
34
32
40
38
38
41
41
50
50
53
54
56
59
54
58
53
49
56
58
55
56
58
63
63
68
74
72
68
70
58
60
42
44
43
34
57
47
41
23
7
0
7
29
42
54
57
32
15
-8
3
9
3
3
-6
-3
3
3
0
-9
-5
-1
4
10
7
-1
-14
-23
-30
-17
-14
-7
-5
-1
-3
-16
-28
-45
-38
-29
-14
-8
-10
-9
-21
-25
-26
-30
-25
-33
-29
-32
-33
-46
-64
-39
-34
-34
-29
-27
-23
-21
-35
-24
-17
-16
-27
-46
-33
-25
-41
-40
-35
-33
-35
-35
-37
-36
-38
-46
-46
-39
-35
-40
-42
-45
-44
-51
-46
-41
-29
-28
-25
-24
-32
-30
-32
-27
-20
-11
-12
-13
-16
-15
-16
-17
-5
-4
1
-1
0
-11
-13
-13
-16
-7
-4
3
0
4
1
-3
-2
0
11
10
12
12
12
10
5
7
1
6
12
7
11
11
6
6
10
-1
3
13
7
16
14
8
-3
-5
-8
-9
-9
-10
-3
-2
-1
-7
-12
-17
-23
-18
-15
-18
-17
-17
-19
-20
-17
-18
-15
-20
-9
-7
-19
-26
-31
-32
-29
-34
-39
-32
-33
-29
-28
-24
-16
-10
-12
-15
-12
-4
-10
-10
-6
-11
-9
-10
-15
-20
-15
-14
-15
-12
-14
-13
-13
-11
-12
-17
-16
-16
-12
-15
-17
-14
-16
-11
-11
-8
-8
-6
4
1
10
14
16
17
18
25
28
27
28
22
24
22
20
18
20
21
21
29
30
37
36
36
37
38
45
42
41
39
40
42
41
46
43
44
42
35
29
24
31
24
23
22
20
23
27
26
24
29
27
30
26
22
20
26
32
31
34
38
33
34
30
28
29
28
31
26
28
32
33
27
29
28
33
37
29
34
31
29
28
24
21
15
19
16
21
23
27
26
23
18
14
18
11
12
14
5
3
4
11
12
7
5
2
0
-6
-8
-16
-21
-16
-11
-3
8
16
22
27
29
20
23
27
31
37
30
31
25
16
14
5
2
5
5
12
11
15
17
6
3
1
4
10
13
11
6
0
-4
-2
0
3
9
6
7
8
6
-2
-10
-1
5
15
12
15
8
-2
-2
-9
-6
-8
-7
-7
-9
-12
-13
-17
-17
-12
-10
-16
-14
-12
-15
-13
-29
-35
-41
-43
-37
-35
-24
-28
-27
-32
-39
-29
-30
-26
-23
-23
-22
-28
-33
-43
-47
-50
-49
-41
-41
-40
-34
-39
-36
-32
-38
-36
-43
-44
-47
-48
-37
-36
-32
-29
-34
-37
-36
-36
-37
-36
-38
-39
-33
-42
-44
-43
-50
-53
-53
-56
-47
-48
-53
-54
-56
-54
-51
-43
-38
-34
-28
-26
-28
-29
-30
-28
-35
-36
-38
-45
-46
-48
-41
-41
-37
-35
-40
-35
-28
-28
-34
-31
-36
-36
-38
-39
-35
-32
-27
-21
-20
-18
-12
-16
-10
-7
-2
1
-2
-1
-7
-11
-11
-10
-16
-11
-5
-5
-5
-4
1
-3
2
3
0
-6
-6
-11
-11
0
7
8
10
11
10
11
10
14
10
7
11
5
11
16
15
13
15
14
10
12
21
20
14
13
7
11
7
0
-6
-7
-10
-14
-11
-7
-5
-6
7
11
11
12
14
17
14
20
14
22
24
25
32
30
31
37
41
39
46
50
58
60
57
54
54
52
49
46
42
39
36
42
38
45
47
49
54
57
54
56
54
45
47
38
39
43
41
43
50
49
40
35
34
32
26
29
31
32
28
19
11
11
5
6
12
11
20
22
25
26
26
29
38
42
41
40
39
39
34
30
27
34
44
46
47
42
42
47
49
50
51
46
33
25
22
16
16
18
25
27
30
34
30
30
23
13
8
7
3
13
15
9
4
-6
-10
-7
-6
-1
2
-2
-7
-10
-19
-20
-25
-23
-17
-12
-7
-10
-11
-15
-16
-12
-16
-19
-14
-14
-17
-16
-19
-20
-17
-16
-14
-11
-13
-10
-10
-7
-9
-9
-5
-11
-13
-12
-12
-13
-13
-9
-14
-16
-24
-36
-34
-35
-33
-30
-26
-30
-26
-33
-45
-44
-49
-46
-41
-39
-44
-46
-48
-49
-46
-57
-48
-33
-32
-29
-30
-38
-44
-43
-50
-41
-26
-18
-11
-14
-13
-14
-15
-18
-13
-4
3
7
7
0
-4
1
0
3
6
9
20
20
15
11
6
0
-4
-8
-9
-7
-10
-14
-23
-30
-27
-33
-40
-37
-39
-39
-37
-41
-45
-37
-36
-36
-35
-42
-40
-43
-39
-32
-37
-39
-41
-37
-39
-37
-36
-39
-47
-40
-46
-40
-32
-23
-20
-46
-31
-47
-35
-14
-30
-17
-11
-27
-24
-27
-19
-6
-10
-7
-17
-10
-16
-19
-7
-6
0
2
-2
6
7
1
0
2
13
19
28
35
35
32
25
21
21
24
24
29
24
21
23
13
15
21
20
26
28
21
16
21
19
16
19
16
17
21
13
13
24
27
27
27
28
17
10
13
17
24
16
12
17
16
24
28
26
27
29
31
28
30
27
20
12
16
19
24
29
28
27
24
28
31
41
41
37
33
26
20
17
25
31
27
30
27
23
34
30
29
32
30
26
30
30
23
22
31
27
29
40
40
50
50
47
39
35
34
32
39
40
41
44
51
48
45
37
33
35
30
20
15
15
9
18
24
25
24
25
19
19
19
17
18
16
18
12
9
13
15
8
9
12
17
17
14
8
6
5
6
3
2
3
-3
1
9
12
13
15
15
11
2
1
7
3
3
8
9
14
11
13
11
10
15
11
8
6
4
4
6
14
18
12
12
17
16
15
12
15
16
9
8
8
4
4
1
0
-2
-2
-6
-11
-4
-5
-6
-10
-11
-12
-22
-19
-21
-22
-18
-29
-34
-32
-43
-46
-38
-34
-29
-26
-27
-24
-22
-27
-24
-26
-30
-31
-41
-42
-38
-39
-41
-42
-46
-47
-48
-52
-51
-47
-44
-37
-36
-31
-29
-33
-25
-21
-24
-21
-16
-16
-14
-16
-16
-11
-13
-15
-19
-15
-12
-15
-16
-28
-28
-37
-39
-36
-35
-29
-28
-28
-31
-34
-37
-31
-27
-28
-27
-28
-35
-44
-45
-55
-55
-51
-49
-42
-42
-41
-40
-44
-41
-35
-33
-30
-29
-38
-46
-47
-50
-48
-43
-40
-34
-32
-31
-32
-33
-39
-36
-28
-27
-19
-18
-18
-25
-27
-22
-26
-24
-22
-28
-23
-22
-22
-14
-14
-13
-8
-2
4
7
14
8
-3
-10
-18
-27
-25
-21
-17
-19
-18
-11
-11
-10
-4
1
4
6
7
7
2
-9
-16
-16
-14
-2
1
6
7
1
3
-2
4
6
10
16
14
23
16
18
9
4
8
4
8
6
8
0
0
1
4
12
18
25
29
33
27
24
19
15
21
26
31
32
29
39
45
46
45
47
53
57
57
51
48
40
39
39
42
44
43
39
38
36
38
43
42
47
51
65
62
67
58
46
46
44
49
47
47
38
34
36
35
33
34
31
30
29
29
33
37
36
26
21
13
15
25
32
39
37
39
33
25
25
29
29
25
24
21
11
6
9
14
20
31
34
32
37
37
36
36
35
37
36
34
35
33
27
19
13
16
18
19
26
28
24
19
13
16
25
31
35
32
28
27
26
23
22
29
26
19
23
22
21
19
17
21
17
17
13
12
7
-11
-16
-15
-11
-11
-11
-8
-3
-9
-14
-8
-12
-10
-7
-7
-13
-14
-25
-27
-23
-31
-34
-32
-31
-31
-35
-30
-30
-34
-34
-34
-38
-42
-36
-30
-29
-33
-35
-38
-40
-37
-44
-39
-42
-42
-40
-40
-31
-30
-26
-20
-24
-32
-27
-30
-34
-27
-35
-35
-40
-43
-39
-36
-36
-41
-43
-41
-41
-47
-38
-34
-39
-43
-36
-33
-36
-41
-47
-46
-43
-49
-38
-31
-33
-33
-35
-37
-35
-33
-25
-22
-29
-29
-29
-32
-39
-33
-41
-51
-47
-46
-40
-43
-38
-30
-32
-26
-21
-22
-25
-26
-23
-27
-24
-31
-31
-18
-21
-22
-22
-23
-24
-31
-30
-21
-15
-19
-15
-12
-14
-11
-11
-10
-8
-11
-11
-8
-7
-1
1
7
19
24
27
29
31
32
31
28
35
37
34
35
31
28
25
20
24
29
40
40
36
36
28
16
14
23
29
25
21
18
16
9
11
16
24
25
24
19
8
4
-4
-9
-9
-9
-6
-3
-1
-1
-2
-6
-12
-9
-4
6
10
9
9
-3
-10
-4
8
17
15
15
3
-8
-1
1
9
18
26
29
29
36
41
39
42
41
46
47
49
49
47
45
38
37
38
48
56
53
54
50
35
23
16
28
34
40
50
47
44
43
47
50
47
51
44
33
29
26
23
24
23
24
28
31
36
47
56
55
42
38
36
35
43
35
34
31
19
12
15
20
26
23
26
33
30
25
23
34
32
30
25
17
18
16
16
17
15
14
15
20
19
23
33
31
32
34
24
12
6
8
11
18
21
33
32
21
18
19
18
11
9
18
22
23
15
9
9
7
1
1
2
2
6
6
-3
-10
-9
-14
-10
-5
3
11
13
7
-7
-15
-17
-23
-21
-22
-18
-16
-16
-19
-15
-13
-28
-28
-29
-33
-34
-36
-53
-63
-62
-59
-51
-46
-42
-41
-48
-50
-51
-64
-67
-72
-76
-77
-74
-73
-78
-80
-86
-83
-81
-69
-65
-65
-62
-78
-85
-88
-86
-75
-70
-62
-61
-58
-66
-69
-62
-55
-43
-42
-40
-38
-45
-45
-42
-36
-31
-33
-30
-25
-31
-36
-41
-34
-25
-27
-24
-27
-31
-35
-41
-38
-40
-30
-24
-28
-33
-37
-41
-42
-37
-38
-36
-44
-44
-51
-52
-54
-61
-58
-57
-55
-52
-51
-47
-44
-44
-47
-45
-42
-43
-36
-29
-29
-31
-28
-24
-33
-31
-27
-28
-23
-18
-16
-14
-11
-5
-9
-6
4
14
26
32
37
35
34
35
29
19
27
28
31
35
35
29
26
33
31
36
32
34
38
38
36
26
24
29
38
37
36
34
24
30
29
25
17
7
-2
-6
0
8
20
28
24
24
15
17
29
34
39
42
38
27
20
19
21
19
25
31
36
41
35
33
28
27
23
28
43
40
37
45
51
53
48
53
54
55
61
59
66
61
55
44
32
38
37
47
58
66
67
59
53
44
47
45
48
51
45
39
37
37
25
27
34
35
40
51
50
45
29
15
11
4
1
10
19
21
20
16
12
14
16
17
22
21
17
17
13
7
10
12
13
28
34
38
38
31
24
16
17
17
20
27
32
38
40
37
32
35
26
21
20
21
24
8
7
5
-1
-1
6
6
1
6
4
0
1
4
2
-1
-4
-4
2
7
7
1
-2
-9
-8
-8
-8
-3
-10
-21
-16
-12
-14
-15
-14
-12
-9
-11
-21
-22
-19
-24
-27
-24
-21
-22
-28
-33
-41
-48
-47
-43
-43
-37
-33
-35
-35
-36
-38
-37
-42
-47
-49
-62
-65
-72
-70
-63
-54
-40
-37
-40
-41
-44
-46
-47
-45
-46
-55
-62
-67
-63
-61
-59
-52
-47
-39
-40
-44
-43
-43
-48
-49
-50
-37
-31
-32
-35
-34
-23
-15
2
2
5
2
-6
-5
-2
6
11
22
25
32
23
13
-2
-21
-19
-20
-12
-5
0
0
-9
-11
-23
-30
-22
-19
-18
-22
-21
-28
-44
-44
-51
-38
-34
-34
-28
-17
-11
-19
-17
-23
-24
-25
-25
-20
-16
-17
-19
-20
-24
-31
-38
-33
-26
-35
-42
-43
-37
-32
-29
-28
-26
-16
-11
-17
-14
-1
4
13
13
20
27
26
25
22
36
37
41
42
40
37
40
50
52
55
49
49
51
48
44
39
33
38
41
43
47
44
47
43
50
51
47
48
42
44
40
39
40
40
39
33
32
28
27
29
26
28
25
22
17
14
14
11
21
24
19
21
18
12
11
16
24
27
21
19
8
5
1
3
9
10
21
22
13
6
0
-4
-6
-4
4
7
4
0
5
9
13
19
25
21
19
14
18
17
10
14
11
8
13
19
24
36
39
43
41
35
29
27
25
24
31
27
33
25
11
12
15
25
37
41
45
42
35
29
25
25
22
27
22
22
22
14
12
12
15
18
22
36
40
44
34
21
13
8
11
17
30
35
29
16
11
6
8
14
18
23
26
22
15
8
-2
-9
-10
-6
-1
4
1
-1
-8
-15
-18
-21
-16
-17
-16
-11
-5
-3
-6
-8
-10
-17
-30
-27
-13
-7
-2
-1
-8
-12
-18
-20
-17
-2
2
-5
-11
-18
-27
-31
-28
-20
-23
-21
-9
-5
-1
-8
-16
-16
-21
-17
-16
-13
-6
-7
-13
-20
-28
-32
-29
-22
-13
-15
-8
-6
-12
-21
-24
-22
-19
-22
-20
-13
-17
-22
-27
-36
-32
-26
-29
-24
-13
-13
-10
-13
-17
-19
-26
-22
-15
-9
-11
-21
-26
-32
-30
-32
-31
-23
-19
-21
-16
-16
-23
-21
-20
-20
-25
-22
-25
-32
-29
-21
-27
-25
-27
-29
-20
-23
-21
-21
-21
-25
-34
-43
-38
-30
-33
-36
-49
-50
-51
-56
-49
-42
-42
-44
-53
-57
-68
-83
-70
-57
-50
-40
-41
-55
-62
-79
-80
-77
-64
-62
-62
-53
-57
-59
-63
-59
-51
-47
-36
-17
-1
9
5
-11
-21
-30
-25
-18
-6
8
20
23
16
10
4
4
8
17
23
26
25
14
5
2
4
10
15
24
25
28
29
34
38
31
31
36
44
46
52
49
42
33
20
10
7
8
21
37
38
46
40
35
28
20
19
22
9
3
2
2
0
-11
-7
-6
5
12
19
27
27
23
18
15
15
23
30
40
41
31
12
7
9
9
11
13
25
33
41
34
32
26
15
13
19
38
42
47
42
31
35
30
27
42
48
62
65
59
51
34
34
32
33
40
50
55
41
31
35
40
47
52
53
47
36
29
28
36
40
43
49
49
46
37
35
36
32
32
36
39
35
33
31
26
27
23
32
34
36
33
27
24
17
15
19
22
28
32
33
33
26
27
28
33
37
36
48
49
38
23
20
20
13
11
10
8
8
11
8
5
-3
-9
-3
7
7
9
4
1
-6
-11
-5
-5
1
0
2
7
4
-4
-3
-3
1
14
17
20
17
3
-12
-17
-12
-5
3
1
-6
-14
-21
-20
-23
-24
-18
-20
-10
-15
-28
-36
-39
-35
-35
-32
-29
-27
-22
-34
-39
-36
-36
-34
-29
-21
-21
-31
-39
-50
-57
-58
-59
-57
-55
-52
-54
-63
-69
-71
-67
-66
-55
-46
-50
-52
-63
-76
-89
-90
-80
-70
-64
-61
-61
-61
-61
-54
-50
-49
-43
-52
-55
-50
-50
-50
-52
-44
-41
-36
-35
-33
-28
-21
-17
-16
-13
-13
-18
-29
-34
-32
-38
-34
-30
-23
-30
-44
-42
-40
-30
-23
-17
-10
-3
-2
-4
-10
-16
-20
-15
-9
-8
-4
-8
-18
-24
-20
-14
-14
-22
-18
-9
2
2
-7
-7
-13
-17
-13
1
12
11
8
3
-10
-11
-6
-11
-6
-1
9
18
15
20
19
18
20
31
40
45
48
44
43
40
26
26
26
21
35
31
29
29
26
29
32
38
46
56
54
49
42
28
13
9
16
29
35
30
30
18
9
-1
-8
2
4
14
14
9
1
-1
-5
-12
-3
5
7
7
2
0
0
-3
2
14
32
41
41
32
28
26
29
29
36
51
52
55
42
44
45
52
57
51
51
41
38
39
38
39
40
42
45
40
46
53
56
55
50
53
58
57
64
67
71
71
72
80
72
64
56
54
58
57
61
62
71
77
77
76
69
60
55
57
55
48
44
36
30
35
36
37
34
27
22
17
15
18
16
9
7
6
7
3
4
-1
-4
-7
-7
-8
-8
-7
-13
-23
-28
-25
-32
-31
-37
-32
-36
-42
-46
-44
-37
-41
-39
-37
-33
-35
-35
-35
-44
-51
-60
-52
-49
-47
-43
-39
-42
-40
-38
-31
-22
-22
-23
-28
-26
-18
-15
-16
-12
-5
-2
-1
-7
-7
-7
-13
-14
-19
-12
-1
7
11
7
2
-5
-8
-2
1
-6
-9
-14
-19
-19
-18
-16
-15
-23
-29
-25
-38
-43
-48
-54
-52
-61
-66
-75
-73
-84
-93
-96
-97
-94
-90
-78
-78
-82
-87
-90
-92
-99
-97
-85
-83
-80
-81
-85
-79
-77
-73
-68
-71
-73
-73
-67
-66
-59
-51
-50
-48
-43
-41
-35
-29
-32
-26
-17
-16
-16
-9
-9
-15
-10
-7
-9
-9
-18
-13
-10
-6
-7
-14
-23
-29
-22
-13
1
11
13
11
4
-11
-16
-22
-13
5
7
16
12
5
0
-5
-10
-6
-1
10
8
1
-5
-15
-11
-15
-3
6
19
16
9
-5
-15
-18
-25
-17
-10
-2
-1
-4
-8
-13
-10
-11
-5
1
8
17
4
-3
-10
-6
0
8
25
41
40
34
31
25
19
21
27
40
54
55
51
45
41
38
44
42
48
57
57
57
51
49
52
53
55
63
63
66
65
58
52
38
30
28
29
35
40
47
46
45
41
37
37
49
44
42
51
51
54
48
37
34
32
33
34
39
40
32
29
22
25
29
27
25
18
16
8
3
13
20
24
31
30
23
16
15
26
23
28
29
21
12
7
8
3
7
12
18
31
33
33
22
15
17
21
29
33
37
33
29
15
8
9
14
27
37
49
55
50
44
35
28
31
37
43
44
39
30
25
26
29
28
33
34
36
39
27
17
11
3
4
12
12
8
-3
-20
-29
-33
-35
-32
-21
-13
-18
-28
-39
-41
-44
-46
-43
-36
-34
-41
-40
-42
-45
-43
-45
-41
-40
-36
-30
-30
-35
-39
-40
-43
-37
-25
-21
-21
-23
-14
-8
-19
-23
-20
-28
-24
-24
-19
-15
-22
-30
-34
-28
-24
-21
-15
-11
-15
-26
-31
-34
-34
-32
-32
-25
-19
-25
-27
-33
-35
-35
-47
-53
-47
-39
-38
-36
-32
-38
-39
-38
-43
-40
-41
-50
-48
-51
-52
-42
-39
-32
-29
-32
-32
-28
-26
-21
-17
-13
-12
-14
-13
-15
-8
-3
-3
-6
-11
-11
-11
-4
-3
-6
-7
-8
-13
-17
-11
-8
-10
-11
-8
-6
-8
-10
-8
-11
-6
-1
-2
-6
-11
-10
-13
-9
-8
-14
-18
-13
-14
-10
-2
1
9
11
16
15
16
12
13
13
8
9
8
4
4
5
4
10
13
15
17
20
21
11
8
3
0
4
3
10
13
15
10
9
7
7
11
13
10
1
-6
-14
-19
-13
-10
-7
-2
2
7
3
1
-2
-6
-3
1
4
5
4
-2
-10
-20
-23
-18
-13
-11
-6
-6
-12
-14
-14
-10
3
9
11
15
15
11
18
20
21
35
40
41
41
48
45
43
43
34
35
40
46
48
48
47
45
51
48
45
51
47
43
37
37
38
36
33
30
29
28
34
31
21
18
10
12
21
25
30
29
23
15
7
5
2
2
9
8
15
12
6
8
2
6
15
22
22
24
20
11
10
5
7
14
13
19
18
15
20
20
30
39
44
54
58
52
43
37
38
41
46
52
51
51
57
51
48
50
51
57
61
62
62
62
57
57
58
61
63
63
63
69
65
57
46
30
25
29
32
35
27
21
22
9
-2
-7
-5
-4
-1
-16
-27
-32
-34
-42
-47
-42
-49
-48
-58
-60
-63
-69
-75
-75
-75
-78
-68
-80
-85
-76
-67
-61
-52
-46
-37
-34
-36
-34
-36
-40
-37
-29
-36
-38
-35
-36
-37
-35
-21
-10
-13
-14
-6
-4
-9
-8
-12
-12
-7
-6
-8
-7
-7
-4
-3
-2
-5
-9
-11
-16
-15
-15
-26
-29
-31
-33
-23
-19
-20
-14
-11
-22
-19
-15
-20
-24
-28
-31
-35
-33
-28
-25
-21
-30
-33
-25
-25
-14
-10
-15
-23
-27
-35
-36
-35
-38
-39
-33
-26
-33
-29
-30
-34
-30
-27
-29
-33
-33
-29
-27
-27
-22
-29
-29
-29
-30
-28
-23
-18
-25
-26
-23
-26
-25
-21
-27
-24
-18
-18
-13
-8
-10
-15
-16
-16
-23
-19
-23
-22
-12
-12
-10
-12
-11
-6
-13
-7
-2
-1
2
-2
-3
-6
-6
-9
-6
1
5
9
9
13
14
12
8
11
9
18
19
13
8
3
9
14
19
22
21
16
16
12
7
2
-10
-12
-4
-2
-1
-4
-6
-11
-8
0
-1
1
0
-1
-8
-18
-28
-33
-31
-25
-24
-12
1
-2
-1
-2
1
-1
5
6
6
6
7
4
6
9
16
20
18
23
30
30
29
35
32
38
43
45
49
49
53
55
64
71
63
54
43
40
47
45
47
43
32
33
27
26
31
39
46
51
56
49
45
43
40
40
38
40
42
43
46
49
50
43
38
41
49
52
55
47
44
44
38
35
33
40
38
34
31
29
32
28
23
18
9
12
8
11
18
31
30
20
17
15
20
21
27
33
25
22
20
21
18
17
20
20
20
21
19
17
10
6
-2
-7
-3
-5
-11
-9
-13
-15
-18
-24
-18
-19
-15
-17
-10
-9
-15
-16
-13
-13
-21
-29
-25
-23
-19
-17
-16
-23
-25
-28
-29
-28
-27
-23
-23
-22
-22
-22
-27
-24
-23
-17
-12
-20
-28
-31
-38
-31
-24
-24
-20
-17
-13
-12
-7
-6
-11
-14
-12
-17
-17
-18
-20
-14
-16
-18
-18
-16
-12
-12
-13
-9
-5
-4
-1
1
-3
-12
-15
-13
-23
-29
-31
-36
-40
-34
-35
-38
-35
-29
-27
-29
-34
-40
-37
-39
-38
-39
-43
-41
-49
-47
-46
-38
-34
-38
-38
-44
-35
-31
-32
-31
-35
-24
-24
-23
-17
-26
-30
-33
-31
-24
-18
-18
-16
-8
-4
-2
-5
-1
2
7
3
-5
-10
-14
-14
-15
-16
-12
-7
-1
4
5
9
6
5
7
5
1
2
-1
-5
0
1
-6
-5
-10
-15
-15
-17
-20
-15
-23
-27
-20
-24
-16
-16
-16
-16
-12
-6
-5
-3
-6
-4
-9
-7
-5
-8
-6
-2
1
-4
-2
7
14
20
16
18
15
16
11
13
16
18
21
17
21
20
23
18
17
21
16
12
10
8
12
16
20
22
24
24
19
20
20
14
21
22
24
29
30
30
34
31
26
22
20
20
22
25
30
20
19
22
24
27
30
33
31
33
39
44
41
42
40
44
46
45
45
37
33
32
34
34
37
37
38
37
40
34
28
25
13
10
6
7
5
3
8
9
14
12
15
18
16
14
7
1
-2
-5
1
-4
-5
-6
-8
-7
-4
1
2
5
2
2
0
-3
-3
-6
0
16
16
19
18
8
4
2
7
10
14
17
20
21
29
30
33
35
30
21
17
21
22
24
23
26
22
24
20
26
21
22
25
23
20
16
5
-3
1
3
11
8
7
7
7
6
4
1
-1
-5
-2
-5
-6
-9
-12
-14
-14
-12
-8
-4
-3
-9
-12
-14
-16
-14
-13
-10
-10
-5
-6
-7
-15
-22
-18
-12
-13
-22
-18
-21
-24
-24
-23
-24
-28
-23
-19
-21
-14
-13
-12
-9
-18
-21
-26
-31
-35
-36
-33
-31
-29
-28
-23
-27
-24
-20
-22
-26
-24
-23
-34
-38
-39
-38
-36
-31
-27
-23
-23
-19
-14
-11
-10
-6
0
0
0
4
11
6
-2
-5
-10
-8
-8
-11
-12
-8
-9
-13
-15
-18
-24
-31
-17
-14
-13
-6
-6
-7
-10
-14
-18
-15
-16
-13
-13
-18
-21
-26
-22
-24
-18
-25
-31
-33
-31
-24
-18
-14
-22
-23
-24
-29
-34
-33
-35
-33
-32
-32
-29
-34
-31
-29
-26
-25
-29
-28
-25
-22
-28
-25
-26
-28
-15
-6
-4
-9
-7
-8
-9
-7
-10
-11
-14
-10
-6
-1
6
5
1
3
7
6
5
5
2
9
6
4
7
-2
-9
-10
-11
-12
-6
-9
-13
-16
-20
-23
-23
-27
-21
-21
-19
-16
-15
-12
-17
-12
-9
-2
0
4
3
3
2
-1
4
1
3
6
6
3
-1
4
4
4
13
15
14
13
15
22
28
36
40
41
37
30
30
25
28
31
33
36
34
30
30
34
34
33
35
35
35
34
29
24
24
21
19
22
24
23
15
15
17
15
14
13
10
13
15
12
14
14
13
10
5
13
14
21
20
18
19
16
15
15
9
4
-1
-4
6
13
15
14
12
7
14
10
3
6
8
7
5
5
12
12
12
12
11
19
20
17
16
13
15
10
6
4
-3
4
15
17
19
22
25
25
20
22
17
16
14
12
12
8
5
5
11
15
19
18
17
11
12
8
4
8
4
9
9
4
-2
2
7
9
14
12
5
0
5
7
6
10
5
-2
-7
-7
-7
-11
-9
-8
-2
1
-3
-13
-19
-20
-25
-19
-13
-12
-13
-19
-25
-21
-19
-12
-8
-5
7
0
0
-7
-15
-13
-17
-15
-14
-19
-19
-19
-16
-17
-18
-8
0
2
5
4
7
11
13
20
20
24
24
19
19
15
15
18
15
12
12
11
13
10
9
6
5
6
4
2
-6
-11
-9
-4
-2
-7
-6
-5
-3
-5
-6
-6
-9
-14
-28
-30
-34
-35
-41
-43
-41
-44
-43
-49
-55
-49
-51
-45
-43
-48
-54
-57
-57
-57
-53
-51
-55
-56
-56
-60
-59
-57
-55
-56
-59
-56
-58
-51
-49
-49
-42
-40
-31
-23
-25
-26
-20
-19
-16
-13
-11
-10
-11
-5
5
5
3
6
12
10
15
16
15
10
10
14
11
18
17
17
13
12
12
10
10
4
-1
-10
-13
-9
-2
0
1
-2
2
-4
-6
1
-3
-5
-9
-9
-6
-3
-7
-10
-15
-13
-8
-8
-3
-7
-12
-11
-5
1
-2
-3
-2
-4
-4
-8
-8
-3
1
6
11
16
17
17
23
29
34
40
39
37
38
38
43
43
51
50
49
52
48
51
50
55
60
60
57
57
57
53
51
53
54
60
62
57
62
55
57
56
54
58
54
55
52
43
41
32
35
31
34
32
27
22
12
17
19
17
19
22
21
25
27
24
22
18
17
13
8
6
6
4
2
4
0
-1
2
-3
-7
-7
-7
0
5
3
-1
-2
0
8
13
16
18
20
31
37
34
37
42
35
35
38
38
40
37
39
35
43
54
57
54
57
55
57
58
55
52
39
38
39
41
36
41
43
47
47
40
45
43
39
40
40
37
34
32
23
10
5
3
-2
-5
-2
-4
-5
-12
-21
-13
-13
-19
-22
-22
-22
-17
-20
-18
-15
-18
-24
-28
-27
-30
-32
-33
-33
-36
-42
-45
-47
-46
-47
-54
-50
-47
-54
-52
-61
-66
-62
-63
-58
-53
-52
-53
-50
-54
-57
-54
-56
-48
-40
-39
-39
-45
-43
-44
-55
-56
-64
-65
-63
-64
-60
-53
-52
-54
-54
-56
-52
-49
-45
-44
-39
-38
-37
-31
-31
-35
-41
-37
-42
-39
-36
-38
-45
-48
-41
-48
-47
-48
-43
-36
-41
-46
-46
-47
-51
-48
-52
-50
-46
-43
-45
-40
-30
-31
-28
-32
-30
-35
-38
-29
-32
-28
-29
-33
-30
-29
-27
-22
-15
-15
-13
-11
-11
-16
-15
-15
-14
-13
-13
-9
-16
-13
-13
-13
-17
-16
-5
-4
6
10
11
7
7
5
3
7
8
13
12
9
2
-2
-2
-8
-6
-11
-6
1
11
19
23
19
19
19
10
11
7
14
6
-3
-4
-5
-2
-1
5
1
9
10
9
3
-6
-2
-14
-12
-7
-10
-9
-3
1
-1
8
16
15
16
18
17
10
11
17
17
17
17
22
26
37
39
43
43
40
38
34
32
37
42
44
54
60
62
66
72
73
77
78
74
82
82
78
86
79
74
72
70
69
72
74
82
83
84
87
80
83
83
80
85
82
82
82
82
84
79
68
61
57
53
54
54
51
41
34
33
22
16
12
13
15
18
24
14
9
-1
-8
-9
-9
-8
-6
-10
-13
-13
-20
-22
-20
-19
-20
-23
-17
-12
-11
-4
1
-2
-4
-2
-9
-12
-12
-10
-4
-7
-10
-15
-21
-20
-9
-5
-2
-3
3
-1
3
5
0
6
3
6
2
4
7
3
2
1
5
3
3
2
5
2
1
5
4
6
0
1
-4
-10
-9
-7
-8
-11
-11
-18
-9
-12
-10
-6
-10
-11
-13
-17
-23
-25
-31
-28
-36
-35
-38
-41
-42
-43
-48
-50
-45
-44
-40
-45
-39
-36
-37
-39
-44
-43
-45
-40
-47
-46
-39
-31
-28
-21
-19
-21
-17
-16
-16
-20
-26
-27
-26
-32
-30
-30
-30
-32
-29
-24
-21
-20
-19
-16
-17
-23
-23
-23
-27
-22
-26
-29
-27
-35
-33
-27
-35
-31
-24
-27
-26
-31
-41
-39
-40
-39
-41
-49
-46
-48
-47
-48
-47
-49
-48
-51
-47
-49
-51
-49
-48
-42
-41
-32
-31
-31
-27
-30
-28
-30
-30
-27
-32
-34
-31
-32
-35
-27
-23
-22
-21
-18
-16
-24
-26
-27
-30
-29
-24
-19
-21
-23
-18
-15
-14
-1
2
5
8
3
7
-1
2
9
15
12
15
24
26
30
25
23
24
26
30
31
29
25
26
26
19
15
21
32
37
38
38
38
39
40
42
39
35
30
29
28
26
25
31
37
38
46
51
53
53
54
58
53
58
50
47
43
43
43
46
50
53
59
64
67
72
77
71
74
74
67
68
71
75
75
74
70
70
78
71
70
70
64
64
58
55
54
51
45
47
49
56
55
49
52
47
41
29
29
26
26
28
22
23
26
18
13
19
11
8
5
-1
-10
-11
-11
-12
-12
-12
-19
-19
-16
-23
-14
-19
-19
-26
-24
-19
-26
-23
-27
-32
-20
-18
-21
-18
-22
-15
-13
-13
-6
-2
-4
-2
-3
-5
-3
-3
-1
2
9
8
11
15
21
17
14
13
13
16
12
13
8
6
-1
-5
-5
-10
-17
-20
-20
-26
-24
-19
-22
-23
-19
-19
-12
-12
-15
-9
-7
-9
-4
-2
0
3
10
14
13
20
29
36
45
56
57
65
70
66
66
68
69
74
70
75
74
69
64
54
60
52
47
50
45
43
32
22
12
-2
-11
-22
-30
-38
-45
-58
-72
-81
-91
-98
-103
-104
-112
-118
-118
-121
-118
-120
-119
-118
-115
-116
-116
-118
-123
-128
-128
-132
-137
-135
-135
-132
-136
-137
-137
-144
-145
-138
-147
-146
-143
-145
-144
-141
-146
-148
-143
-144
-139
-135
-130
-127
-124
-120
-119
-115
-110
-93
-79
-70
-55
-35
-14
3
28
54
73
99
113
123
145
151
165
167
166
162
147
145
141
141
131
130
127
124
124
121
122
122
116
111
116
111
110
105
92
78
70
65
62
58
57
58
53
61
57
57
59
51
50
49
41
40
33
19
23
22
22
19
18
14
9
3
-7
-13
-25
-31
-41
-46
-57
-67
-69
-78
-85
-88
-91
-95
-103
-109
-119
-119
-117
-126
-128
-132
-140
-142
-143
-145
-141
-145
-142
-144
-147
-146
-151
-154
-151
-152
-158
-157
-164
-171
-175
-175
-175
-175
-171
-156
-151
-154
-156
-153
-140
-125
-110
-86
-58
-27
6
36
78
118
152
176
197
226
245
258
268
276
275
272
270
270
269
260
255
258
265
273
274
276
271
268
266
265
262
253
244
237
234
227
216
203
183
182
184
179
176
165
152
146
139
132
123
115
102
91
84
82
80
66
54
46
36
26
18
0
-12
-28
-41
-55
-66
-78
-82
-94
-108
-109
-117
-126
-127
-134
-136
-144
-158
-162
-171
-177
-182
-191
-200
-205
-216
-222
-229
-231
-231
-234
-238
-246
-252
-261
-271
-275
-276
-280
-283
-291
-287
-287
-291
-304
-311
-309
-288
-266
-250
-225
-192
-155
-117
-69
-5
50
93
130
175
218
248
270
283
293
300
304
306
306
308
299
292
294
298
306
306
306
315
326
330
326
320
308
301
297
293
283
271
248
231
218
198
188
169
149
136
117
101
85
71
46
31
22
4
-2
-13
-28
-37
-57
-67
-86
-115
-132
-160
-171
-184
-190
-197
-217
-230
-249
-256
-259
-257
-258
-252
-250
-252
-254
-262
-271
-280
-280
-280
-279
-283
-286
-286
-285
-286
-287
-279
-279
-277
-276
-277
-274
-271
-270
-281
-286
-279
-282
-282
-282
-272
-274
-283
-298
-292
-263
-243
-216
-192
-143
-90
-54
-5
66
124
166
198
240
297
333
350
362
380
395
401
405
409
408
393
379
380
391
396
393
392
388
386
383
377
377
362
346
342
340
336
323
302
274
244
221
208
189
171
155
143
128
114
91
60
37
16
2
-8
-20
-38
-55
-73
-85
-108
-137
-162
-178
-189
-206
-221
-234
-255
-264
-278
-289
-294
-297
-294
-290
-283
-281
-277
-281
-287
-291
-286
-275
-265
-257
-256
-252
-253
-253
-246
-238
-230
-227
-221
-217
-205
-205
-214
-212
-206
-204
-203
-177
-164
-178
-204
-230
-216
-184
-173
-159
-127
-72
-22
23
80
153
219
266
316
373
434
467
474
484
491
498
503
508
517
504
476
459
453
455
451
443
441
440
437
433
420
396
372
363
355
351
332
313
288
254
228
205
186
162
135
114
107
104
86
58
32
2
-21
-33
-32
-36
-55
-75
-94
-115
-143
-172
-201
-225
-235
-246
-254
-278
-303
-324
-340
-345
-346
-343
-340
-337
-330
-319
-321
-324
-334
-341
-331
-327
-322
-308
-307
-307
-310
-310
-302
-293
-279
-279
-267
-251
-245
-245
-245
-237
-233
-238
-230
-206
-209
-232
-268
-271
-243
-205
-180
-146
-96
-45
2
55
129
213
274
314
364
436
485
504
521
527
539
548
566
574
567
542
525
518
527
522
509
498
490
479
475
465
437
401
364
355
347
329
295
260
216
168
135
105
76
38
3
-16
-32
-50
-79
-114
-148
-179
-197
-208
-211
-231
-258
-283
-301
-326
-354
-378
-404
-413
-418
-423
-436
-457
-479
-493
-495
-493
-495
-493
-498
-483
-459
-447
-430
-437
-437
-423
-407
-372
-353
-341
-324
-315
-299
-281
-271
-251
-240
-227
-206
-193
-194
-184
-174
-162
-145
-130
-104
-82
-83
-110
-144
-147
-120
-83
-60
-37
8
60
103
148
220
286
339
377
424
486
528
546
551
552
554
567
569
573
560
530
516
511
513
513
501
490
484
469
458
443
411
372
341
326
318
293
275
241
188
140
96
74
38
-6
-43
-76
-89
-110
-134
-164
-205
-238
-249
-246
-242
-250
-275
-295
-307
-325
-347
-373
-385
-396
-403
-400
-401
-409
-428
-438
-441
-436
-424
-424
-417
-396
-370
-347
-329
-308
-299
-293
-272
-242
-209
-182
-165
-145
-129
-118
-92
-64
-29
-10
9
18
28
43
38
33
24
28
40
44
59
76
71
23
-8
-3
27
49
55
93
138
180
202
254
322
378
408
434
486
541
562
559
560
568
557
528
517
512
490
449
421
406
408
400
379
356
338
324
307
292
267
233
195
168
155
136
124
95
62
21
-18
-35
-63
-96
-126
-153
-170
-181
-199
-212
-232
-252
-265
-256
-244
-241
-236
-241
-247
-257
-262
-275
-290
-308
-321
-325
-324
-322
-317
-320
-326
-332
-322
-311
-288
-261
-239
-222
-212
-199
-188
-175
-166
-152
-141
-110
-78
-61
-57
-51
-42
-24
-3
9
32
51
66
75
82
82
65
46
40
38
25
32
69
93
64
-12
-55
-49
-34
-27
2
66
105
114
137
208
281
303
312
345
392
429
449
456
447
416
368
349
349
346
320
263
224
200
184
178
170
156
112
76
79
93
77
43
3
-35
-74
-99
-77
-91
-136
-182
-205
-203
-220
-244
-263
-287
-315
-314
-295
-278
-296
-311
-310
-315
-315
-297
-278
-264
-273
-281
-271
-277
-283
-285
-298
-313
-303
-259
-225
-209
-196
-193
-190
-181
-156
-117
-91
-87
-69
-44
-22
-7
-12
-8
-2
6
37
73
99
108
117
119
114
124
132
139
128
118
118
107
88
51
36
0
14
77
135
43
-209
-271
-167
-46
-39
-4
63
23
-108
-47
216
441
401
242
107
146
219
379
636
763
682
423
288
314
420
440
415
349
311
292
385
539
572
262
-133
-267
-177
-35
4
-30
-274
-669
-883
-734
-454
-410
-548
-687
-758
-682
-482
-282
-304
-530
-639
-428
1
332
423
291
85
-6
102
362
510
429
216
82
119
221
251
61
-260
-525
-570
-411
-226
-203
-350
-589
-741
-687
-564
-447
-401
-369
-338
-199
-11
48
-88
-270
-309
-178
83
284
397
292
100
-10
-48
-58
-138
-282
-313
-316
-242
150
937
1954
2252
1679
910
605
787
1032
1302
1800
1971
1461
611
185
378
452
106
-316
-461
-395
-382
-535
-756
-1166
-1591
-1692
-1283
-576
-82
39
13
-33
47
228
495
775
880
943
1080
1257
1304
1005
543
87
-321
-523
-456
-298
-368
-659
-830
-849
-933
-1006
-884
-663
-459
-261
95
432
472
234
-66
-205
-160
-12
219
446
545
423
102
-265
-563
-733
-792
-738
-547
-282
-101
-66
-191
-377
-599
-692
-602
-359
-17
247
387
365
211
-18
-153
-208
-99
61
205
231
115
-104
-328
-580
-791
-823
-707
-521
-416
-362
-315
-311
-592
-492
299
1690
2767
2835
2193
1482
971
704
692
1098
1508
1201
319
-439
-491
-318
-485
-911
-1071
-926
-684
-535
-384
-292
-445
-631
-427
172
784
1070
1068
905
672
487
415
414
282
37
-120
-114
-123
-321
-630
-912
-1166
-1234
-941
-470
-185
-94
169
339
354
394
415
380
255
163
169
130
-15
-399
-969
-1342
-1375
-1207
-962
-608
-296
-111
-54
-4
25
21
9
-16
62
255
340
329
220
-91
-381
-618
-657
-591
-480
-300
-223
-183
-124
-166
-280
-451
-461
-274
-84
51
136
35
-51
-117
-380
-409
-384
-399
-383
-622
-291
362
1107
1883
1876
1509
881
358
246
389
706
1089
883
326
-246
-233
49
190
-122
-252
-264
-227
-147
-66
79
-28
-321
-264
146
710
967
860
656
439
241
51
52
27
-119
-259
-284
-165
-206
-366
-513
-648
-686
-585
-313
102
409
633
695
613
511
391
164
-54
-198
-280
-323
-440
-628
-848
-989
-1002
-933
-818
-506
-138
169
334
365
261
60
-131
-234
-242
-228
-270
-320
-370
-448
-495
-527
-644
-790
-767
-540
-244
-30
96
183
87
-119
-45
16
191
279
240
366
2
-250
-400
-875
-971
-1193
-1102
-225
823
2206
2642
2259
1706
939
425
342
708
1312
1287
567
-2
114
431
454
39
-240
-272
-496
-396
-89
290
378
47
21
390
828
963
820
693
495
299
188
287
315
33
-197
-356
-287
-222
-248
-261
-362
-357
-246
1
250
472
617
556
462
290
213
103
-101
-260
-367
-296
-259
-444
-660
-794
-704
-540
-338
-100
76
142
42
-52
-188
-339
-569
-828
-909
-812
-680
-542
-453
-382
-409
-579
-755
-780
-717
-637
-535
-323
-213
-198
-263
-159
-63
-54
160
193
168
50
-31
-97
-404
-770
-817
-1218
-1392
-779
812
2480
2849
2371
1916
1500
817
255
508
1159
783
-440
-913
-193
515
472
44
44
3
-456
-629
-160
441
418
156
536
1303
1698
1600
1395
1097
472
-190
-352
-113
-48
-233
-211
-15
96
-63
-251
-344
-630
-904
-789
-252
256
483
568
679
578
120
-213
-328
-447
-635
-830
-570
-207
-211
-408
-578
-525
-604
-754
-664
-403
-162
-237
-275
-174
-219
-430
-671
-708
-614
-580
-482
-179
58
15
-296
-672
-979
-1355
-1563
-1435
-1284
-1056
-758
-515
-110
91
222
363
263
71
5
33
-169
-595
-1118
-1526
-1552
-763
1122
2721
2868
2169
1524
1137
521
46
572
964
269
-981
-1182
-131
612
512
455
722
572
11
-152
286
439
-147
-419
402
1419
1889
1765
1663
1358
463
-345
-397
-59
-48
-295
-13
686
982
869
792
703
221
-311
-337
50
243
188
309
580
637
450
235
73
-227
-748
-1009
-960
-862
-941
-969
-709
-543
-510
-467
-317
-144
-289
-449
-462
-387
-242
-230
-98
0
-84
-227
-360
-372
-451
-644
-856
-1112
-1340
-1551
-1607
-1496
-1261
-997
-680
-370
-23
332
623
836
675
420
-6
-592
-1038
-1446
-1541
-1682
-1900
-1157
659
2755
3412
2808
2461
2179
1340
285
253
861
239
-1253
-1638
-357
851
915
889
1284
1354
539
-40
372
675
105
-500
53
1265
1882
1946
2015
1908
1112
20
-411
-322
-560
-1036
-926
-105
610
941
1280
1507
1083
172
-312
-173
-220
-516
-397
295
907
1099
1272
1417
992
1
-899
-1191
-1259
-1572
-1744
-1415
-887
-692
-635
-339
-27
-10
-272
-354
-239
-253
-420
-500
-367
-300
-444
-569
-563
-632
-916
-1266
-1508
-1710
-1870
-1929
-1695
-1186
-672
-235
204
591
760
732
539
275
-207
-710
-1055
-1292
-1403
-1535
-1798
-1984
-1440
431
2447
3128
2783
2474
2409
1565
509
556
776
-274
-1973
-2218
-633
665
888
1081
1639
1632
840
483
987
1064
166
-431
248
1362
1825
1889
2181
2121
1239
291
165
237
-394
-1261
-1263
-568
-123
163
869
1537
1328
602
380
586
291
-430
-586
-102
242
318
618
1003
802
-122
-808
-1018
-1346
-1972
-2439
-2242
-1709
-1286
-773
-25
592
621
300
92
-29
-276
-632
-788
-776
-765
-726
-608
-456
-473
-760
-1070
-1408
-1807
-2111
-2240
-2137
-1807
-1356
-710
-27
395
630
621
494
249
-279
-885
-1316
-1644
-1848
-1976
-1955
-1089
874
2826
3358
2684
2262
2175
1239
51
157
696
-243
-2220
-2583
-787
713
886
1074
1857
2017
1083
492
1013
1066
-117
-984
-132
1493
2200
2205
2468
2533
1554
329
145
493
-2
-1073
-1176
-259
345
458
925
1545
1351
576
470
916
798
-6
-465
-142
289
461
719
1211
1134
285
-411
-483
-549
-1257
-2102
-2200
-1897
-1639
-1224
-438
334
397
70
40
154
-98
-630
-1015
-1075
-1087
-1039
-743
-392
-350
-669
-962
-1202
-1499
-1889
-2122
-2100
-2054
-1734
-1155
-523
49
374
507
534
237
-136
-718
-1512
-2132
-2619
-2528
-1398
787
2850
3425
2920
2795
2649
1611
196
-177
-4
-1052
-2697
-2715
-943
578
941
1390
2436
2874
2106
1289
1216
876
-404
-1396
-808
783
1748
2091
2617
2981
2464
1410
888
794
138
-829
-1001
-237
532
853
1290
1840
1812
1202
810
749
339
-506
-1011
-794
-334
17
566
1302
1515
1007
475
343
-35
-922
-1750
-2010
-2002
-2001
-1634
-790
21
234
61
62
161
-21
-495
-942
-1143
-1329
-1366
-1046
-542
-253
-412
-712
-823
-1110
-1560
-1955
-2131
-2140
-2146
-1807
-1164
-429
97
472
579
302
-215
-741
-1161
-1800
-2491
-2745
-2407
-950
1567
3461
3721
3136
2975
2586
1029
-337
-257
-439
-2131
-3603
-2682
-306
783
842
1578
2656
2626
1654
1270
1465
667
-969
-1512
-282
1223
1775
1983
2582
2871
2096
1239
1190
1057
-21
-1141
-949
135
741
992
1603
2132
1842
1243
1190
1327
586
-604
-1031
-724
-419
-250
308
991
1074
664
593
758
302
-761
-1633
-1881
-2020
-2208
-1943
-1200
-592
-478
-422
-86
139
-166
-661
-1019
-1232
-1434
-1483
-1157
-707
-542
-645
-747
-924
-1301
-1839
-2180
-2309
-2476
-2394
-1866
-1081
-334
161
633
1018
881
351
-254
-974
-1865
-2684
-3204
-2698
-932
1479
2796
2759
2845
3346
2804
1176
238
312
-675
-2959
-3828
-2030
116
719
1015
2250
3309
2836
1839
1648
1350
-221
-1936
-1895
-264
1011
1454
2079
2991
3089
2279
1767
1750
986
-636
-1539
-987
-131
245
746
1690
2211
1944
1778
2067
1804
598
-596
-960
-818
-795
-603
63
632
616
394
598
811
253
-745
-1324
-1421
-1571
-1797
-1596
-1014
-653
-646
-418
100
288
-124
-699
-939
-1058
-1350
-1462
-1196
-881
-800
-911
-848
-879
-1212
-1711
-2138
-2436
-2734
-2713
-2180
-1320
-604
63
616
933
801
420
-148
-1093
-2264
-2852
-1923
235
1575
1613
1747
2684
3018
1804
870
947
149
-2333
-4103
-3174
-1196
-365
130
1608
3227
3513
3169
3181
2875
1216
-912
-1746
-1176
-369
181
1053
2349
3150
3202
3129
3139
2374
733
-582
-897
-696
-524
-84
885
1767
2196
2481
2827
2775
1866
578
-277
-645
-971
-1190
-868
-185
232
387
784
1189
888
-92
-842
-1098
-1379
-1875
-2102
-1758
-1344
-1089
-805
-296
148
122
-224
-554
-806
-1099
-1443
-1562
-1405
-1180
-1047
-922
-917
-1137
-1543
-1936
-2169
-2597
-2886
-2881
-2552
-1873
-1029
-98
585
839
829
461
-76
-940
-2001
-1686
-42
1190
901
599
1849
2657
1707
897
1388
1172
-1453
-3803
-3271
-1608
-1147
-1099
445
2461
3168
3220
3747
3925
2467
128
-1112
-940
-539
-448
-16
1122
2131
2535
2978
3590
3341
1934
530
37
-70
-380
-387
253
998
1437
2044
2988
3439
2853
1747
894
261
-452
-993
-984
-622
-472
-299
443
1321
1450
766
33
-359
-876
-1639
-2086
-2031
-1884
-1920
-1727
-1077
-407
-263
-429
-452
-429
-626
-1000
-1161
-1222
-1486
-1729
-1637
-1434
-1531
-1979
-2185
-2191
-2397
-2547
-2594
-2396
-2185
-1857
-1045
-325
120
236
203
59
-541
-1384
-1626
-636
630
694
81
497
1729
1818
874
809
1329
316
-2192
-3174
-1946
-844
-1104
-953
669
2259
2664
2815
3321
3240
1708
-58
-557
-109
67
-212
70
1145
2115
2634
3136
3571
3151
1936
927
565
271
-266
-502
-137
512
1210
2009
2823
3114
2666
1963
1456
983
228
-514
-760
-690
-639
-440
280
977
907
264
-157
-202
-569
-1432
-1958
-1859
-1684
-1775
-1648
-902
-269
-289
-521
-459
-344
-671
-1234
-1399
-1402
-1651
-1912
-1929
-1717
-1820
-2092
-2231
-2182
-2196
-2333
-2395
-2249
-1975
-1506
-895
-448
-114
-213
-113
-213
-656
-263
882
1716
960
-200
375
1111
290
-745
-360
430
-973
-2833
-2421
-613
-130
-826
-357
1336
2170
1994
2157
2906
2618
1021
-62
243
827
499
-73
295
1244
1695
1900
2607
3209
2826
1943
1687
1839
1388
528
174
428
669
851
1458
2262
2532
2123
1788
1898
1759
1014
230
133
226
-146
-435
-87
442
294
-158
-54
295
14
-750
-1066
-796
-779
-1249
-1493
-1158
-803
-912
-1031
-813
-519
-672
-1065
-1012
-848
-996
-1419
-1744
-1841
-2062
-2427
-2619
-2648
-2599
-2620
-2517
-2273
-1764
-1286
-1017
-791
-624
-377
-287
-545
-900
-587
723
1748
1333
455
669
1189
257
-971
-732
98
-788
-2612
-2552
-869
64
-171
27
1183
1889
1758
1750
2214
2192
1105
-1
-44
638
876
443
342
922
1508
1835
2223
2766
2790
2262
1903
1944
1907
1409
860
656
663
785
1129
1670
2004
1886
1714
1795
1852
1471
897
554
376
-3
-341
-172
176
89
-253
-111
327
274
-259
-650
-587
-733
-1308
-1674
-1588
-1348
-1435
-1486
-1149
-736
-684
-856
-769
-624
-748
-1133
-1524
-1707
-2065
-2500
-2769
-2954
-2871
-2933
-3010
-2768
-2343
-1801
-1287
-1205
-867
-766
-555
-519
-312
944
2056
1970
936
637
1395
902
-763
-1526
-1276
-1826
-3592
-3717
-1942
-751
-869
-466
1370
2676
2567
2355
2467
2056
636
-438
-304
149
184
-35
330
1162
1730
2010
2330
2656
2400
1789
1642
2004
2036
1450
1043
1244
1534
1495
1486
1744
1849
1508
1216
1430
1791
1650
1202
970
1094
1113
819
542
359
144
-204
-475
-454
-318
-369
-609
-668
-337
-75
-275
-764
-1052
-1079
-1300
-1562
-1643
-1558
-1532
-1590
-1256
-700
-481
-617
-1017
-1335
-1710
-2201
-2675
-3095
-3423
-3629
-3643
-3305
-2711
-2110
-1651
-1314
-769
-410
-160
102
1304
2569
2344
1340
1049
1737
1189
-785
-1630
-1260
-1974
-4001
-4606
-2764
-1476
-1754
-1464
554
2384
2617
2563
3066
3080
1760
301
-58
160
-78
-563
-395
546
1357
1735
2180
2828
2994
2372
1838
1922
1994
1375
674
685
1261
1684
1826
2122
2493
2490
2188
2069
2107
1867
1277
872
885
1011
1013
837
562
213
-79
-175
-210
-290
-451
-586
-546
-263
150
253
-3
-424
-726
-876
-1015
-1155
-1378
-1811
-2063
-1899
-1360
-905
-763
-845
-965
-1158
-1413
-1757
-2266
-2860
-3486
-3875
-3816
-3430
-3004
-2616
-2239
-1594
-1023
-579
118
1781
2912
2656
1676
1808
2608
1578
-364
-908
-622
-2021
-4612
-4961
-3005
-2153
-2814
-2494
-208
1526
1859
2218
3177
3405
2068
715
517
755
383
-433
-483
373
1175
1605
2065
2783
3061
2631
2205
2193
2094
1389
513
184
455
851
1249
1697
2171
2490
2626
2854
2980
2741
2116
1475
1070
868
829
861
685
281
-18
-25
36
-160
-431
-673
-800
-763
-481
-106
25
-121
-385
-680
-747
-758
-986
-1551
-2182
-2295
-2040
-1789
-1629
-1417
-1302
-1289
-1297
-1370
-1400
-1984
-2742
-3310
-3603
-3406
-3423
-3424
-3284
-2863
-2106
-1447
115
2048
2874
2436
1973
3094
3515
1900
228
-140
-578
-2914
-5109
-4680
-3509
-3649
-4202
-2948
-735
518
1200
2142
3089
2928
1999
1533
1365
1005
174
-658
-661
-33
760
1308
1776
2427
2880
3095
3128
3117
2759
1790
826
240
124
182
271
535
950
1566
2361
3025
3283
3132
2874
2560
2004
1483
1173
890
341
-194
-188
69
101
-87
-140
-26
-53
-162
-133
-102
-272
-596
-835
-915
-988
-1023
-1174
-1341
-1570
-1584
-1411
-1446
-1545
-1687
-1597
-1536
-1671
-1738
-1810
-2026
-2531
-2945
-3078
-3118
-3309
-3652
-3603
-3268
-2660
-1125
666
1717
1840
2089
3440
3889
2765
1618
1252
308
-2058
-3965
-3865
-3429
-4085
-4671
-3736
-2060
-982
-255
596
1472
1703
1496
1441
1531
1491
995
252
-6
342
870
1171
1343
1741
2242
2729
3113
3307
3245
2803
2242
1730
1241
793
329
10
-110
133
762
1490
2016
2340
2691
2962
2966
2748
2493
2083
1378
733
441
329
48
-236
-204
46
267
319
352
402
321
48
-324
-681
-898
-1230
-1587
-1873
-1945
-1818
-1672
-1460
-1360
-1309
-1164
-1044
-1122
-1370
-1645
-1759
-2183
-2656
-2853
-2981
-3158
-3439
-3555
-3313
-2375
-905
164
339
573
1994
3181
2884
2199
2261
2088
260
-1923
-2461
-2357
-3242
-4487
-4448
-3308
-2367
-1772
-956
76
607
674
763
979
1063
725
133
-97
207
697
961
1140
1541
2050
2436
2657
3005
3194
2995
2435
2147
2265
2107
1470
818
607
670
659
777
1092
1373
1611
1853
2156
2411
2568
2459
1921
1476
1393
1356
898
265
144
297
381
483
725
938
769
515
536
517
91
-641
-1133
-1386
-1718
-2094
-2293
-2204
-2146
-2172
-1981
-1564
-1318
-1344
-1516
-1480
-1505
-1730
-2176
-2564
-3039
-3266
-3503
-2974
-1759
-914
-629
-625
598
2054
2300
2033
2285
2480
1372
-385
-1078
-1326
-2408
-3948
-4566
-4335
-4131
-3621
-2824
-1992
-1498
-905
89
722
828
862
757
522
294
507
986
1072
999
1220
1961
2664
2904
2890
2830
2664
2436
2141
1862
1476
921
413
138
199
432
614
706
921
1419
1971
2395
2684
2786
2674
2305
2006
1827
1539
1007
449
180
186
281
291
283
422
649
765
728
678
630
311
-417
-993
-1263
-1481
-1976
-2509
-2628
-2440
-2165
-2058
-1706
-1576
-1355
-1418
-1506
-1532
-1529
-1981
-2254
-1883
-1382
-1242
-1627
-931
315
759
710
1331
2172
1941
815
394
484
-221
-1612
-2421
-2649
-3256
-3768
-3855
-3580
-3489
-3445
-2939
-2373
-1836
-1174
-714
-567
-354
188
740
764
915
1378
1865
1965
2205
2955
3479
3431
3248
3326
3212
2625
1884
1278
592
-142
-663
-850
-955
-874
-481
-10
522
1213
1983
2386
2481
2642
2884
2745
2252
1923
1780
1520
1163
980
1006
978
844
832
847
761
617
511
366
63
-180
-401
-710
-1126
-1442
-1556
-1776
-2084
-2234
-2108
-2170
-2217
-2262
-2011
-1909
-1601
-741
8
228
69
586
1433
1383
812
798
1153
823
-247
-560
-220
-390
-1258
-1795
-1628
-1589
-1907
-2124
-2289
-2460
-2794
-2882
-2830
-2845
-2715
-2737
-2864
-2710
-2096
-1342
-1025
-821
-181
665
1376
1920
2535
3025
3116
3277
3631
3949
3817
3269
2697
2101
1545
970
278
-568
-1322
-1551
-1482
-1478
-1292
-829
-224
129
527
1344
2011
2100
1849
1891
2182
2203
1934
1719
1721
1705
1562
1473
1509
1574
1388
987
682
578
429
4
-585
-886
-1072
-1147
-1298
-1310
-1351
-1421
-1563
-1609
-1559
-1598
-1238
-917
-700
-650
-451
375
1169
1346
1513
1942
2401
2264
1709
1364
1054
263
-737
-1330
-1693
-2189
-2609
-2826
-2795
-2746
-2644
-2383
-2269
-2280
-2177
-2207
-2417
-2552
-2430
-2332
-2537
-2575
-2126
-1448
-994
-513
355
1241
1891
2535
3348
3957
3998
3737
3636
3461
2904
2140
1444
761
-36
-676
-1020
-1222
-1486
-1692
-1673
-1521
-1302
-987
-638
-354
-54
369
873
1273
1491
1679
1824
1888
1878
1883
1831
1677
1467
1337
1278
1184
1067
869
527
278
39
-157
-418
-825
-1023
-1295
-1542
-1622
-1669
-1623
-1423
-1085
-626
-415
-152
422
1097
1331
1415
1770
2147
2099
1598
1220
1233
1003
458
-74
-483
-766
-1119
-1534
-1923
-2274
-2558
-2773
-2932
-2932
-2736
-2643
-2665
-2568
-2179
-1853
-1864
-2015
-1930
-1646
-1509
-1502
-1293
-840
-330
250
908
1714
2392
2912
3312
3607
3701
3538
3116
2542
1986
1418
689
-128
-792
-1163
-1481
-1870
-2054
-1871
-1672
-1635
-1531
-1155
-671
-419
-273
50
493
780
953
1099
1335
1472
1517
1502
1493
1482
1357
1278
1079
988
912
785
652
551
348
215
-147
-479
-710
-1107
-1174
-1059
-923
-1004
-964
-443
424
864
1190
1780
2452
2615
2404
2237
2243
2013
1359
707
277
-126
-525
-877
-1248
-1514
-1764
-1884
-1944
-2035
-2127
-2242
-2424
-2604
-2585
-2472
-2470
-2502
-2316
-1950
-1553
-1262
-954
-574
-328
19
511
972
1224
1380
1657
2004
2208
2246
2323
2326
2148
1924
1704
1392
928
382
-51
-476
-995
-1377
-1534
-1691
-1878
-1918
-1645
-1340
-1209
-1040
-633
-280
-177
-93
78
240
242
190
254
379
455
581
689
780
934
1060
1084
1066
1031
1057
826
511
281
140
69
51
-59
-148
-277
-116
231
444
573
826
1282
1700
1894
2014
2147
2233
2071
1805
1606
1284
811
204
-381
-786
-1230
-1565
-1805
-1962
-2017
-1993
-1860
-1729
-1662
-1641
-1652
-1648
-1588
-1523
-1449
-1422
-1319
-1120
-777
-282
304
770
1100
1467
1875
2165
2174
2059
1972
1774
1461
1128
834
544
222
-74
-292
-530
-763
-908
-1039
-1203
-1333
-1366
-1367
-1404
-1454
-1336
-1114
-984
-947
-839
-595
-343
-266
-261
-210
-173
-224
-267
-283
-278
-344
-308
-182
50
292
450
582
591
630
597
557
549
543
369
160
56
312
498
489
567
978
1440
1570
1491
1570
1811
1869
1682
1556
1572
1477
1179
754
443
182
-213
-732
-1133
-1372
-1566
-1772
-1904
-1832
-1676
-1609
-1497
-1238
-942
-764
-679
-592
-484
-387
-266
-54
192
363
604
948
1350
1618
1749
1904
2061
2061
1861
1573
1263
890
472
15
-410
-767
-1051
-1243
-1414
-1533
-1568
-1526
-1441
-1357
-1244
-1112
-1040
-1035
-1038
-977
-901
-936
-1033
-1129
-1130
-1082
-1016
-1016
-1062
-1057
-939
-756
-568
-464
-306
-202
-47
10
166
370
672
832
828
833
972
1184
1128
941
920
1106
1185
1053
895
970
1080
1093
1055
1114
1204
1223
1088
892
712
537
332
44
-196
-350
-445
-581
-767
-875
-951
-996
-1063
-993
-807
-604
-469
-290
-39
281
525
770
976
1108
1212
1322
1461
1487
1487
1476
1569
1617
1565
1437
1264
1085
864
593
221
-173
-549
-879
-1234
-1553
-1757
-1785
-1757
-1734
-1638
-1425
-1209
-1097
-1017
-863
-678
-728
-886
-1063
-1128
-1257
-1458
-1582
-1654
-1721
-1753
-1616
-1439
-1213
-1121
-962
-878
-684
-344
183
446
526
646
997
1307
1317
1333
1483
1674
1579
1383
1251
1228
1026
745
557
558
514
366
279
311
314
266
226
200
111
2
8
53
-82
-275
-345
-240
-147
-105
-39
180
315
375
529
797
987
1009
1021
1207
1465
1563
1556
1555
1619
1663
1626
1545
1481
1301
1106
940
819
690
486
265
26
-173
-347
-572
-869
-1134
-1265
-1332
-1453
-1580
-1601
-1519
-1437
-1334
-1225
-1038
-994
-1068
-1174
-1170
-1208
-1404
-1724
-1870
-2072
-2105
-2207
-2099
-1926
-1945
-1761
-1380
-606
-64
233
346
736
1161
1380
1347
1412
1502
1486
1205
983
890
781
409
93
62
104
17
-217
-338
-342
-365
-377
-316
-242
-268
-247
-103
30
63
-57
-105
-69
-65
-21
175
357
415
473
743
1213
1574
1740
1946
2184
2376
2372
2288
2191
2058
1820
1545
1311
1108
936
768
644
533
437
353
288
186
35
-156
-290
-411
-510
-602
-698
-771
-866
-953
-1004
-1045
-1070
-1134
-1245
-1296
-1347
-1360
-1443
-1577
-1618
-1721
-1769
-1938
-2005
-2140
-2176
-2294
-2336
-2158
-1849
-1316
-999
-642
-235
339
770
1097
1373
1699
1782
1657
1392
1198
901
465
4
-254
-420
-637
-838
-944
-949
-1016
-1047
-937
-777
-731
-695
-526
-331
-221
-287
-271
-118
-3
58
138
274
429
547
720
975
1250
1490
1759
2029
2231
2414
2515
2617
2603
2527
2391
2207
1951
1603
1250
946
670
350
104
-31
-62
-42
-45
-4
94
186
228
195
147
59
-101
-306
-471
-632
-780
-927
-1051
-1138
-1191
-1276
-1395
-1479
-1590
-1653
-1808
-1960
-2046
-2142
-2257
-2234
-2090
-1664
-1210
-933
-649
-359
74
408
696
927
1238
1388
1355
1168
1065
940
691
319
94
-91
-317
-682
-982
-1141
-1335
-1560
-1672
-1661
-1595
-1444
-1276
-1073
-960
-877
-716
-469
-336
-249
-169
-9
155
284
533
843
1098
1338
1668
2070
2344
2422
2455
2550
2592
2514
2330
2147
1934
1681
1454
1313
1134
871
628
489
420
339
246
143
86
85
146
210
232
206
175
182
194
187
85
-58
-224
-431
-589
-759
-929
-1182
-1423
-1579
-1569
-1672
-1757
-1856
-1894
-1750
-1517
-1125
-852
-635
-544
-236
108
392
595
848
1093
1207
1118
1078
994
798
454
239
165
-50
-407
-755
-933
-1095
-1303
-1514
-1605
-1640
-1665
-1623
-1512
-1474
-1540
-1538
-1362
-1151
-983
-857
-702
-489
-251
30
325
576
785
1054
1350
1637
1799
1880
1975
2101
2163
2117
2011
1881
1689
1457
1249
1048
804
545
329
191
148
108
83
110
215
381
569
678
776
757
719
683
606
503
314
113
-114
-305
-455
-556
-737
-854
-1031
-1091
-1239
-1323
-1491
-1551
-1434
-1128
-741
-538
-337
-267
37
286
526
713
959
1074
1017
877
862
798
574
288
199
165
-8
-291
-539
-653
-862
-1115
-1292
-1333
-1410
-1543
-1660
-1670
-1705
-1832
-1876
-1732
-1555
-1406
-1299
-1122
-928
-677
-371
-51
217
405
614
886
1139
1242
1248
1270
1333
1357
1347
1294
1171
1020
909
852
772
632
480
351
256
207
146
78
5
-32
-3
56
113
107
116
168
303
410
480
513
510
514
475
424
244
130
-139
-263
-637
-809
-1092
-1194
-1157
-869
-486
-247
-8
93
368
614
823
932
1091
1134
1091
876
775
662
560
360
310
294
225
6
-183
-257
-363
-521
-722
-825
-865
-900
-1003
-1081
-1240
-1486
-1629
-1615
-1562
-1522
-1512
-1417
-1239
-991
-647
-294
11
223
468
704
944
1037
999
944
892
852
806
745
612
430
305
291
301
242
168
88
16
-22
-38
-67
-129
-213
-284
-324
-356
-384
-429
-446
-360
-244
-133
-32
29
91
140
178
183
193
176
40
-63
-233
-368
-443
-312
72
398
531
591
735
942
1101
1185
1327
1465
1438
1256
1091
984
819
507
307
341
361
194
-16
-87
-57
-118
-205
-193
-162
-209
-250
-238
-232
-425
-743
-950
-935
-952
-1044
-1102
-1085
-1004
-867
-568
-230
18
171
316
522
706
768
700
593
450
351
292
241
150
21
-48
-10
67
111
141
97
57
0
-17
-88
-212
-382
-548
-682
-810
-967
-1101
-1164
-1130
-1071
-958
-795
-679
-544
-472
-320
-191
-146
-192
-233
-316
-383
-513
-489
-313
135
447
683
904
1075
1315
1467
1727
1938
2080
1888
1648
1398
1242
922
596
309
229
128
11
-82
-69
-89
-154
-194
-78
25
46
-26
-82
-154
-283
-449
-551
-562
-555
-516
-426
-278
-160
-12
249
476
633
717
717
693
615
476
335
154
-6
-91
-85
-56
-59
-36
28
97
147
182
197
116
-35
-207
-335
-472
-667
-866
-1000
-1125
-1212
-1346
-1409
-1440
-1380
-1319
-1212
-1138
-1094
-1020
-1072
-985
-1108
-1059
-1204
-1289
-1392
-1488
-1293
-1066
-442
66
579
898
1240
1480
1685
1804
1969
2073
1936
1554
1194
940
681
426
227
280
364
373
334
384
405
339
149
35
-65
-158
-265
-380
-470
-635
-757
-737
-491
-223
85
332
599
834
1052
1295
1437
1435
1264
1094
880
707
450
243
44
-78
-104
3
182
298
368
411
469
475
425
325
168
-68
-322
-498
-621
-695
-769
-811
-811
-797
-788
-819
-874
-954
-1056
-1158
-1253
-1354
-1477
-1590
-1679
-1723
-1815
-1842
-1821
-1770
-1736
-1669
-1349
-825
-230
248
538
820
965
1095
1077
1150
1219
1291
1130
922
766
731
657
553
568
706
767
610
436
333
194
-95
-411
-584
-627
-670
-691
-590
-495
-440
-377
-132
198
522
767
949
1086
1138
1207
1309
1396
1352
1266
1210
1194
1157
1116
1074
988
877
825
808
791
695
546
400
250
140
95
89
38
-13
-13
74
162
184
151
132
69
-104
-307
-519
-713
-933
-1195
-1329
-1420
-1480
-1530
-1584
-1555
-1564
-1545
-1616
-1642
-1749
-1889
-1925
-1778
-1372
-857
-409
-60
252
499
739
939
1159
1349
1524
1408
1165
902
715
508
266
94
99
97
-26
-159
-259
-351
-553
-779
-917
-931
-946
-964
-939
-888
-880
-813
-575
-210
134
436
698
933
1130
1292
1453
1556
1607
1575
1556
1506
1460
1388
1283
1138
1055
1008
970
902
807
719
594
498
384
361
335
272
194
173
190
203
178
154
158
118
27
-72
-168
-293
-426
-604
-652
-737
-803
-951
-1034
-1139
-1288
-1470
-1664
-1829
-2037
-2258
-2188
-1901
-1308
-766
-401
-7
251
535
653
884
989
1200
1140
937
737
567
445
299
239
313
452
395
223
0
-225
-537
-940
-1339
-1582
-1723
-1808
-1839
-1770
-1659
-1531
-1328
-953
-518
-109
186
375
523
660
854
1050
1212
1268
1310
1343
1393
1455
1450
1374
1225
1136
1039
950
866
760
689
610
567
567
611
581
464
363
286
274
193
138
124
119
99
49
45
61
63
-16
-70
-147
-158
-240
-452
-565
-799
-987
-1185
-1387
-1510
-1677
-1835
-1756
-1316
-744
-259
36
167
313
391
384
432
567
734
661
495
445
496
497
466
504
705
819
666
392
100
-212
-642
-1089
-1392
-1520
-1630
-1710
-1675
-1581
-1561
-1598
-1531
-1314
-1079
-892
-756
-608
-441
-229
83
430
750
933
1034
1117
1205
1223
1159
1050
929
854
833
879
901
922
906
869
808
803
773
606
398
207
99
42
9
28
108
188
232
278
312
332
289
188
102
45
-18
-104
-199
-328
-433
-584
-638
-813
-979
-1120
-1283
-1081
-795
-273
123
343
464
510
603
566
646
718
795
740
567
486
504
519
535
640
832
942
820
622
345
31
-405
-817
-1060
-1198
-1253
-1313
-1305
-1298
-1333
-1374
-1320
-1162
-1002
-881
-838
-764
-644
-472
-230
-1
192
317
397
447
485
505
468
434
436
513
617
734
830
911
958
961
927
870
783
614
424
239
117
33
3
22
87
125
86
47
-6
-69
-173
-307
-377
-430
-399
-447
-472
-475
-506
-512
-506
-580
-585
-742
-649
-303
155
602
698
776
776
796
761
770
824
864
790
658
560
601
573
548
650
779
914
863
682
486
151
-136
-439
-657
-786
-871
-870
-831
-852
-915
-1015
-1019
-951
-846
-720
-639
-617
-628
-553
-352
-165
-41
-13
15
-9
-23
-3
13
-3
-19
37
162
317
426
497
543
575
529
470
456
421
299
178
147
156
163
172
238
297
243
132
10
-90
-224
-399
-591
-673
-706
-747
-783
-806
-796
-851
-835
-794
-737
-757
-777
-763
-617
-256
216
663
803
799
709
679
658
678
730
798
845
710
637
609
612
589
609
731
806
760
584
411
204
-42
-290
-441
-500
-437
-352
-309
-304
-362
-433
-445
-330
-216
-184
-219
-273
-295
-271
-227
-198
-190
-216
-244
-227
-179
-180
-231
-279
-235
-109
27
150
237
255
246
270
307
325
304
261
254
312
347
365
381
420
441
406
328
200
19
-222
-423
-582
-686
-768
-838
-929
-971
-1002
-1031
-1068
-1083
-1106
-1166
-1147
-1107
-1014
-921
-596
-126
295
402
336
261
249
316
368
519
670
758
598
541
567
640
652
684
802
847
784
575
448
267
68
-151
-203
-161
-90
-33
-10
-4
-55
-89
-50
124
192
197
148
122
90
104
149
139
104
8
6
42
33
-33
-56
-39
46
144
262
374
370
308
283
378
429
445
417
414
460
499
533
572
604
580
549
489
408
237
-6
-231
-357
-432
-486
-578
-695
-875
-1032
-1094
-1188
-1265
-1319
-1373
-1418
-1385
-1349
-1323
-1220
-924
-532
-188
-145
-278
-393
-320
-176
-35
185
422
530
469
484
577
766
786
830
941
1024
933
759
632
511
386
197
176
275
371
320
268
207
119
65
70
172
224
174
80
46
68
151
226
233
235
230
250
312
316
261
230
264
350
475
589
644
574
501
561
698
762
738
704
666
666
675
687
687
625
534
468
409
304
88
-151
-278
-319
-349
-426
-538
-699
-881
-1048
-1144
-1217
-1334
-1430
-1501
-1548
-1590
-1600
-1632
-1607
-1413
-1079
-706
-538
-639
-807
-788
-667
-546
-399
-150
91
103
63
136
311
396
392
481
649
662
516
405
358
307
177
86
141
271
284
191
143
35
-101
-150
-74
42
75
34
16
86
158
211
246
273
296
315
349
343
303
282
361
551
733
873
927
913
904
951
1048
1091
1026
918
843
862
904
898
839
759
690
624
525
395
211
14
-103
-146
-167
-245
-370
-536
-705
-806
-886
-967
-1039
-1121
-1212
-1264
-1319
-1414
-1473
-1500
-1483
-1420
-1290
-1057
-798
-727
-861
-1000
-1029
-922
-784
-619
-372
-125
-72
-142
-154
-98
-27
-29
5
95
166
151
119
106
78
7
-61
22
118
156
113
65
6
-52
-67
-47
41
64
92
135
145
152
175
218
286
337
342
407
510
609
742
899
1012
1057
1067
1105
1177
1186
1173
1170
1170
1169
1155
1159
1163
1141
1068
988
892
775
648
535
413
296
180
77
9
-92
-196
-267
-337
-437
-523
-569
-601
-697
-814
-943
-1010
-1024
-1074
-1136
-1195
-1240
-1262
-1276
-1271
-1132
-888
-783
-845
-950
-988
-880
-758
-667
-478
-243
-203
-314
-400
-405
-338
-287
-191
2
164
127
2
-54
-31
-63
-160
-170
-55
93
135
119
55
-36
-128
-107
34
154
192
136
49
57
171
302
437
539
595
689
767
792
820
860
953
1068
1177
1283
1357
1326
1286
1301
1340
1350
1286
1212
1127
1031
890
796
752
730
709
665
611
499
339
186
80
7
-52
-107
-185
-285
-388
-477
-557
-661
-706
-722
-761
-813
-886
-964
-1033
-1130
-1197
-1220
-1199
-1069
-846
-669
-699
-832
-956
-905
-815
-747
-603
-426
-371
-498
-558
-492
-320
-279
-260
-157
-29
-48
-147
-208
-252
-301
-397
-352
-205
-74
-96
-147
-177
-198
-225
-223
-136
-80
-66
-41
2
80
162
228
335
438
489
537
588
612
660
756
889
1012
1088
1116
1153
1150
1103
1069
1046
993
906
853
839
863
836
796
788
782
759
720
659
545
412
296
233
193
147
64
-56
-153
-231
-280
-331
-399
-500
-595
-668
-714
-767
-856
-930
-1008
-1068
-1080
-1052
-1073
-1141
-1091
-927
-746
-738
-855
-980
-981
-954
-892
-711
-486
-435
-601
-706
-668
-505
-446
-378
-271
-169
-205
-284
-268
-234
-232
-333
-316
-198
-86
-94
-125
-143
-193
-249
-230
-80
41
69
63
96
140
169
242
373
488
524
533
593
635
658
686
766
833
844
853
903
917
847
807
814
869
888
888
892
901
856
787
794
845
865
829
780
735
676
586
511
431
331
233
156
104
21
-115
-250
-336
-412
-475
-537
-596
-666
-773
-867
-905
-936
-1009
-1071
-1109
-1152
-1132
-975
-776
-698
-782
-940
-1020
-988
-967
-897
-748
-598
-580
-610
-604
-534
-432
-397
-288
-133
-34
-69
-97
-69
-28
-60
-105
-77
-2
75
85
80
20
-92
-179
-107
54
140
130
96
116
184
254
337
436
452
399
402
466
537
572
565
598
678
774
863
919
899
847
843
892
954
984
948
924
939
958
1009
1056
1076
1050
1006
948
880
750
602
465
355
283
216
156
60
-56
-178
-282
-359
-426
-531
-622
-683
-720
-748
-780
-836
-918
-978
-1029
-1053
-1067
-1131
-1163
-1039
-852
-736
-776
-900
-966
-882
-819
-757
-582
-426
-372
-432
-443
-342
-187
-111
-34
66
151
147
130
154
173
127
10
-12
46
126
107
61
23
-29
-28
27
79
83
66
43
90
171
214
284
337
334
348
413
466
476
455
469
583
710
797
822
824
799
821
903
990
1036
1019
1006
1019
1060
1077
1043
987
909
849
831
796
707
564
421
323
233
127
8
-141
-328
-458
-506
-524
-574
-672
-749
-770
-777
-822
-888
-969
-1058
-1128
-1141
-1119
-1118
-1162
-1225
-1255
-1191
-1017
-833
-758
-826
-930
-912
-829
-762
-673
-510
-354
-321
-373
-382
-270
-163
-89
2
135
194
139
65
57
88
37
-30
-26
65
129
124
69
-3
-66
-66
-19
17
41
43
59
86
135
190
275
316
336
378
441
502
530
554
628
739
821
894
943
956
949
976
1055
1138
1153
1112
1075
1063
1053
1009
936
846
750
647
567
483
354
191
34
-63
-95
-135
-237
-385
-514
-584
-618
-655
-730
-803
-837
-861
-865
-852
-841
-864
-913
-963
-971
-945
-968
-1030
-1061
-1074
-1076
-975
-782
-580
-553
-672
-794
-765
-715
-686
-584
-390
-246
-255
-303
-306
-209
-164
-77
57
226
217
119
60
91
104
11
-49
-37
70
102
130
128
82
-18
-43
38
183
258
240
224
258
329
393
496
551
583
619
688
778
865
915
970
1053
1129
1211
1277
1276
1226
1178
1151
1130
1080
1012
955
893
814
734
659
603
508
381
245
140
45
-67
-164
-226
-265
-326
-376
-413
-444
-478
-513
-547
-569
-585
-612
-635
-662
-689
-695
-673
-671
-707
-759
-822
-876
-919
-942
-950
-948
-995
-1012
-917
-721
-548
-529
-648
-780
-792
-759
-658
-503
-298
-224
-257
-308
-257
-143
-70
0
53
135
140
142
145
184
136
76
79
162
265
301
323
293
253
231
298
398
480
491
485
512
562
614
700
812
875
898
899
933
969
989
1015
1070
1088
1075
1072
1060
1014
919
832
780
732
652
586
536
483
399
304
247
225
189
135
90
38
-50
-131
-176
-194
-204
-227
-275
-343
-402
-439
-453
-483
-547
-630
-679
-678
-679
-701
-749
-795
-848
-898
-916
-923
-964
-1050
-1122
-1143
-1110
-1087
-1114
-1090
-985
-811
-695
-701
-819
-911
-895
-824
-675
-483
-291
-257
-324
-392
-314
-161
-30
67
163
239
259
285
292
318
269
233
272
422
575
656
623
513
436
449
553
684
767
760
738
725
760
811
885
921
900
846
823
820
814
789
746
717
706
736
783
779
697
592
519
491
490
482
444
398
332
282
265
265
242
198
130
67
5
-54
-108
-194
-301
-370
-391
-419
-488
-583
-655
-707
-729
-746
-777
-831
-900
-957
-965
-963
-997
-1047
-1076
-1073
-1089
-1124
-1169
-1203
-1230
-1235
-1195
-1133
-1115
-1136
-1075
-908
-725
-681
-728
-803
-779
-721
-611
-416
-206
-104
-160
-196
-133
49
181
305
420
524
553
586
646
709
698
610
612
705
840
886
877
808
744
704
740
820
862
825
777
787
831
873
875
849
797
766
768
811
812
763
715
727
781
823
838
834
774
688
666
689
702
643
557
492
460
410
339
266
155
60
16
16
2
-84
-223
-338
-397
-453
-520
-582
-629
-700
-763
-795
-804
-839
-928
-1009
-1033
-1042
-1063
-1091
-1097
-1092
-1111
-1113
-1094
-1085
-1111
-1142
-1154
-1120
-1071
-1039
-1024
-1009
-1032
-1043
-964
-812
-640
-566
-579
-617
-583
-505
-391
-247
-63
87
135
161
225
343
449
560
680
812
862
855
865
908
957
963
977
1001
1038
1058
1091
1107
1069
1008
978
1019
1086
1106
1068
1019
966
937
922
942
957
933
895
868
847
823
813
815
816
781
755
744
715
655
580
514
445
347
257
199
157
108
32
-51
-131
-208
-270
-308
-363
-460
-564
-629
-658
-686
-737
-804
-885
-949
-984
-996
-1008
-1068
-1156
-1218
-1209
-1183
-1168
-1166
-1187
-1210
-1208
-1173
-1132
-1114
-1117
-1103
-1056
-1003
-982
-992
-999
-988
-928
-872
-829
-826
-850
-771
-582
-387
-311
-314
-329
-268
-159
-27
167
350
420
407
443
569
716
788
848
945
1053
1095
1108
1141
1166
1116
1037
1037
1099
1150
1160
1168
1150
1104
1026
1001
1039
1062
1036
991
957
905
852
825
825
818
779
741
711
661
596
553
517
470
427
381
344
287
212
131
73
-3
-94
-159
-193
-235
-327
-428
-488
-530
-586
-633
-683
-733
-815
-894
-945
-966
-1004
-1059
-1121
-1164
-1185
-1203
-1198
-1194
-1191
-1192
-1181
-1162
-1153
-1160
-1160
-1124
-1063
-997
-952
-921
-888
-857
-824
-788
-735
-688
-656
-629
-601
-565
-522
-488
-439
-383
-276
-110
64
149
156
125
112
164
244
424
633
763
765
748
761
847
936
1029
1153
1230
1253
1246
1293
1345
1341
1251
1187
1215
1266
1303
1314
1263
1142
1002
935
974
1012
974
883
786
729
734
749
752
704
604
494
434
397
354
310
245
188
136
90
56
-10
-116
-234
-303
-340
-374
-429
-515
-588
-655
-700
-725
-753
-804
-842
-878
-903
-908
-936
-985
-1031
-1053
-1049
-1040
-1053
-1070
-1081
-1072
-1048
-1022
-997
-987
-988
-973
-929
-864
-812
-765
-709
-644
-587
-536
-500
-475
-460
-445
-384
-312
-255
-229
-228
-209
-168
-121
-58
-7
4
25
126
285
421
470
451
450
493
576
723
881
969
975
966
1022
1135
1235
1285
1342
1382
1414
1441
1461
1459
1399
1307
1278
1305
1328
1314
1251
1168
1064
967
900
854
790
700
607
521
435
352
264
167
78
-1
-48
-100
-176
-282
-372
-412
-430
-456
-499
-549
-610
-663
-703
-730
-749
-785
-823
-854
-864
-867
-863
-862
-878
-895
-894
-884
-889
-910
-942
-971
-988
-999
-988
-961
-938
-941
-933
-902
-865
-815
-771
-734
-704
-677
-628
-579
-536
-495
-443
-371
-308
-245
-219
-205
-215
-198
-148
-82
-11
19
40
69
119
160
213
243
274
306
353
430
549
674
744
780
777
807
855
931
1029
1142
1226
1250
1253
1249
1264
1286
1303
1349
1376
1355
1301
1219
1143
1068
970
883
808
734
648
575
494
378
247
115
30
-31
-81
-127
-210
-318
-424
-506
-524
-537
-566
-602
-659
-712
-748
-762
-762
-772
-807
-830
-817
-802
-824
-864
-891
-904
-905
-885
-839
-807
-822
-856
-856
-817
-778
-753
-744
-742
-747
-759
-742
-712
-679
-661
-640
-607
-582
-551
-517
-472
-409
-348
-285
-223
-170
-133
-91
-39
26
100
163
218
257
289
326
373
422
461
485
518
568
619
648
659
672
685
708
735
762
776
772
742
722
725
753
806
830
838
809
768
731
708
707
734
769
765
742
686
627
584
568
564
555
521
464
402
342
280
198
95
-20
-119
-183
-212
-261
-342
-440
-535
-609
-633
-633
-634
-660
-728
-794
-833
-824
-803
-798
-806
-814
-813
-791
-758
-741
-740
-735
-718
-674
-615
-568
-546
-539
-529
-496
-446
-391
-360
-359
-370
-357
-313
-259
-205
-180
-180
-178
-151
-116
-82
-65
-43
-20
15
61
114
158
183
209
254
316
366
398
419
448
477
514
559
609
645
661
684
729
764
774
767
755
764
775
777
766
737
699
665
640
619
584
537
486
433
388
341
280
215
192
223
285
292
223
118
20
-28
-25
25
82
80
16
-55
-109
-134
-154
-161
-184
-223
-280
-328
-366
-418
-496
-589
-637
-642
-630
-615
-622
-674
-746
-803
-802
-765
-723
-713
-722
-729
-717
-684
-643
-587
-548
-524
-487
-442
-395
-354
-321
-270
-210
-145
-84
-36
-6
5
9
26
66
115
145
157
181
213
240
266
281
306
333
355
378
399
413
429
445
476
520
544
553
557
570
587
620
661
683
690
698
699
704
709
711
710
712
714
698
664
611
564
519
481
445
392
318
231
149
76
6
-60
-128
-199
-278
-337
-380
-412
-443
-497
-571
-637
-686
-705
-692
-636
-571
-554
-602
-672
-708
-718
-691
-628
-543
-489
-482
-511
-551
-563
-551
-505
-448
-402
-386
-399
-407
-426
-444
-460
-462
-454
-425
-388
-366
-366
-391
-411
-398
-343
-270
-220
-189
-184
-175
-134
-77
-5
50
103
146
176
214
261
312
363
407
450
505
557
596
610
602
597
608
629
665
702
724
745
750
744
738
739
747
757
752
743
722
698
676
655
657
644
621
578
533
504
477
444
408
356
296
245
196
160
116
55
-11
-69
-111
-151
-206
-268
-348
-430
-498
-540
-571
-603
-641
-691
-740
-790
-827
-857
-892
-922
-932
-932
-927
-934
-951
-966
-980
-969
-939
-899
-830
-744
-675
-641
-630
-623
-600
-551
-479
-376
-286
-237
-222
-218
-198
-152
-81
-5
48
73
77
81
93
108
114
110
116
146
199
259
303
318
319
329
368
439
525
599
638
643
653
679
744
817
864
890
887
882
903
923
940
933
908
892
894
900
891
865
817
762
726
696
684
662
630
580
517
462
414
384
341
290
225
168
124
82
42
-17
-84
-143
-198
-244
-287
-331
-379
-433
-472
-511
-545
-593
-630
-660
-684
-688
-707
-730
-747
-767
-792
-807
-828
-835
-835
-838
-824
-807
-793
-776
-765
-759
-746
-728
-708
-693
-670
-624
-578
-545
-514
-498
-480
-455
-427
-390
-347
-317
-295
-251
-170
-87
-35
-5
12
48
88
139
222
309
354
382
413
457
505
556
614
672
711
738
774
806
829
828
819
822
837
852
868
873
860
825
807
800
798
808
793
764
731
696
673
658
637
603
558
514
481
436
391
348
300
263
224
190
155
106
51
-1
-42
-79
-120
-167
-226
-277
-325
-352
-382
-419
-455
-494
-526
-550
-587
-627
-659
-694
-711
-716
-716
-733
-760
-773
-779
-771
-762
-752
-754
-751
-746
-729
-709
-703
-695
-699
-689
-668
-635
-597
-574
-568
-556
-533
-504
-463
-418
-370
-333
-292
-252
-214
-175
-147
-118
-74
-16
49
94
124
142
159
176
199
250
318
399
464
489
498
505
539
569
595
637
662
669
653
659
662
658
655
652
662
660
649
638
629
595
552
508
461
428
412
394
364
334
292
249
225
201
178
149
105
62
21
3
-12
-29
-70
-124
-170
-196
-211
-230
-250
-286
-327
-344
-340
-345
-345
-356
-371
-391
-416
-428
-441
-458
-477
-496
-518
-529
-536
-551
-560
-565
-575
-575
-567
-556
-551
-555
-545
-523
-488
-447
-416
-384
-360
-324
-279
-237
-196
-154
-104
-49
13
57
102
137
178
224
253
286
312
340
368
410
453
477
487
491
497
503
510
515
518
514
497
486
481
474
459
440
422
409
391
363
346
324
297
270
245
227
203
173
153
147
140
119
109
108
114
104
84
62
35
9
-6
-3
-6
-17
-35
-54
-75
-96
-102
-98
-109
-131
-167
-190
-204
-225
-254
-280
-309
-335
-337
-336
-334
-344
-354
-369
-372
-366
-360
-347
-350
-347
-336
-319
-290
-266
-241
-222
-200
-176
-156
-126
-95
-72
-61
-46
-34
-30
-28
-9
11
38
75
98
111
121
136
165
189
217
242
272
318
354
384
400
413
420
441
467
493
526
543
558
564
572
582
591
593
580
569
555
542
508
467
431
390
350
301
260
224
174
127
74
23
-21
-69
-112
-146
-179
-214
-241
-276
-319
-370
-409
-438
-455
-468
-487
-502
-526
-541
-546
-552
-570
-572
-571
-567
-573
-594
-610
-620
-614
-596
-566
-528
-504
-492
-491
-485
-466
-430
-384
-344
-311
-290
-273
-265
-247
-226
-195
-163
-136
-109
-82
-61
-38
-11
20
54
87
119
148
180
204
233
260
282
299
320
345
366
400
433
452
458
458
475
494
513
524
523
526
527
528
524
529
528
519
510
496
491
494
494
478
443
394
356
350
349
335
312
267
218
192
169
147
117
88
54
25
1
-32
-60
-102
-139
-177
-219
-249
-276
-302
-311
-327
-344
-368
-408
-445
-488
-505
-504
-506
-517
-537
-560
-574
-590
-595
-612
-620
-612
-605
-592
-587
-581
-587
-599
-602
-592
-565
-535
-496
-468
-453
-429
-405
-375
-337
-291
-254
-219
-192
-168
-148
-135
-101
-56
0
38
67
101
130
176
218
259
289
316
344
375
411
447
481
511
552
587
622
641
654
667
676
693
703
715
718
707
684
678
680
654
623
592
562
545
526
514
486
445
399
354
324
293
263
229
207
184
151
122
92
46
-1
-42
-74
-88
-101
-128
-153
-175
-205
-215
-237
-256
-270
-297
-316
-329
-338
-344
-350
-343
-345
-357
-363
-365
-357
-360
-366
-370
-371
-383
-405
-408
-413
-404
-396
-390
-388
-387
-374
-361
-344
-335
-331
-327
-316
-289
-268
-238
-216
-196
-180
-160
-127
-85
-52
-24
15
45
80
105
128
160
184
214
245
267
294
326
358
384
411
431
444
459
463
468
462
449
447
445
456
466
459
447
424
395
375
367
349
337
317
285
258
232
212
197
173
148
122
96
67
41
23
2
-21
-56
-85
-116
-148
-164
-178
-191
-209
-240
-274
-294
-304
-317
-325
-346
-378
-404
-423
-431
-428
-429
-420
-404
-397
-375
-356
-340
-328
-327
-315
-293
-267
-250
-240
-227
-218
-204
-191
-179
-170
-161
-136
-110
-84
-67
-60
-46
-23
4
27
31
31
42
59
84
121
165
200
223
244
269
297
321
335
352
369
395
422
456
471
459
436
422
417
412
415
421
407
385
371
346
320
297
275
253
230
206
180
160
126
82
48
19
-6
-44
-74
-98
-118
-138
-169
-215
-251
-276
-294
-318
-351
-387
-413
-420
-437
-462
-485
-518
-538
-554
-565
-565
-557
-546
-560
-574
-587
-594
-594
-583
-569
-554
-535
-513
-498
-494
-505
-494
-471
-454
-431
-411
-369
-331
-290
-260
-225
-191
-177
-150
-119
-78
-33
12
49
73
92
107
142
189
230
267
305
334
362
399
430
458
476
493
520
549
567
585
597
601
590
587
598
617
636
646
645
637
644
655
660
646
636
628
615
615
613
596
562
536
506
479
457
423
392
365
342
309
275
232
190
159
115
86
51
10
-41
-99
-135
-166
-190
-235
-282
-321
-343
-365
-395
-422
-453
-476
-500
-528
-544
-573
-600
-608
-623
-627
-637
-659
-670
-683
-683
-686
-681
-685
-686
-667
-652
-635
-625
-613
-594
-571
-537
-496
-463
-436
-408
-384
-352
-315
-272
-224
-178
-128
-83
-41
3
46
91
136
171
202
233
255
287
318
339
371
398
427
463
482
484
489
496
505
518
529
549
555
556
552
540
546
559
596
612
612
604
582
564
556
561
560
556
539
512
486
455
445
443
436
410
378
354
333
304
271
245
224
203
185
172
166
154
133
106
70
32
8
-10
-41
-62
-92
-123
-147
-167
-186
-221
-257
-293
-317
-329
-340
-370
-399
-432
-465
-482
-505
-518
-540
-557
-562
-561
-554
-553
-555
-561
-565
-559
-544
-529
-510
-492
-476
-459
-440
-423
-418
-421
-407
-383
-344
-311
-289
-268
-247
-216
-180
-142
-103
-70
-32
1
25
48
72
93
117
138
165
191
211
230
253
284
302
310
298
285
283
287
295
293
276
250
218
201
186
167
154
153
162
168
166
157
141
114
95
84
90
92
75
50
30
25
22
13
-2
-21
-28
-29
-24
-18
-19
-34
-56
-73
-70
-66
-72
-72
-63
-46
-38
-41
-49
-72
-79
-77
-63
-51
-39
-40
-54
-48
-52
-47
-37
-39
-46
-47
-48
-54
-59
-64
-51
-45
-31
-16
-12
-7
15
45
74
91
81
75
85
97
109
112
105
104
107
115
132
150
148
133
132
141
151
160
166
155
144
138
131
125
121
114
111
113
117
119
111
84
61
47
37
25
10
-13
-26
-29
-28
-39
-68
-90
-104
-116
-128
-141
-156
-177
-194
-206
-218
-225
-244
-259
-275
-283
-280
-282
-286
-303
-313
-314
-314
-300
-297
-308
-321
-322
-319
-324
-319
-309
-294
-287
-276
-256
-231
-199
-163
-149
-160
-163
-155
-131
-86
-39
-5
14
21
33
63
98
128
159
184
219
267
302
325
347
359
373
403
426
442
457
465
482
500
508
529
542
562
563
567
564
561
556
545
544
537
530
512
497
482
467
463
445
422
408
383
368
351
327
300
260
207
166
140
119
102
73
40
13
-12
-24
-42
-72
-101
-131
-152
-172
-202
-221
-248
-275
-286
-300
-327
-361
-377
-390
-397
-391
-386
-386
-401
-425
-426
-426
-438
-442
-449
-455
-453
-459
-465
-464
-463
-457
-439
-433
-435
-429
-418
-399
-379
-355
-341
-327
-317
-308
-291
-277
-266
-241
-207
-193
-172
-161
-142
-110
-77
-50
-33
-24
-7
22
58
93
125
158
183
197
219
245
261
276
293
316
337
364
378
385
391
395
397
394
405
415
423
433
430
419
406
388
381
387
387
383
371
344
325
304
276
261
236
227
214
188
156
122
108
87
70
53
29
8
-15
-42
-75
-109
-135
-153
-160
-177
-198
-230
-264
-287
-312
-340
-354
-351
-357
-365
-381
-390
-403
-422
-428
-433
-436
-440
-433
-433
-443
-448
-431
-418
-403
-390
-384
-370
-354
-332
-314
-285
-267
-253
-236
-224
-207
-197
-174
-147
-126
-98
-73
-53
-35
-27
-25
-8
26
67
100
117
119
122
129
150
179
202
212
223
234
246
259
264
261
254
252
245
251
264
271
266
254
246
232
227
238
237
230
220
214
210
199
194
176
168
156
150
158
148
146
142
121
102
92
72
52
40
30
17
3
-2
-22
-56
-80
-95
-93
-99
-103
-115
-124
-135
-148
-161
-173
-177
-194
-211
-213
-204
-202
-206
-222
-221
-223
-217
-198
-200
-205
-216
-205
-192
-176
-161
-158
-152
-145
-127
-111
-97
-82
-65
-47
-29
-3
19
36
40
64
90
103
127
152
171
194
210
227
244
257
284
303
322
332
340
336
337
330
332
341
343
351
349
348
341
334
322
317
307
304
295
292
281
256
237
213
203
188
169
148
134
127
113
94
76
65
42
27
17
-10
-31
-58
-77
-102
-133
-164
-184
-189
-206
-231
-254
-269
-288
-300
-302
-296
-295
-305
-309
-309
-298
-295
-303
-311
-328
-332
-327
-313
-290
-285
-284
-285
-273
-257
-243
-224
-209
-192
-177
-170
-151
-142
-126
-104
-96
-76
-51
-26
-2
15
27
41
49
70
104
125
137
150
150
148
136
138
150
146
155
172
182
172
170
187
185
189
193
187
188
179
180
188
193
184
179
182
182
179
172
171
171
186
188
185
175
159
150
145
143
128
121
106
93
80
63
42
29
21
18
12
1
-10
-34
-54
-68
-85
-102
-125
-148
-170
-190
-195
-204
-212
-217
-231
-247
-256
-270
-280
-284
-288
-285
-285
-304
-315
-316
-315
-306
-300
-295
-297
-285
-279
-282
-272
-269
-261
-243
-230
-218
-195
-166
-141
-129
-117
-113
-97
-60
-37
-11
10
22
42
75
93
119
135
150
176
185
202
209
213
219
226
239
256
267
268
275
270
289
306
307
302
289
289
292
290
285
285
273
258
248
237
227
205
180
159
155
162
162
141
104
61
29
9
3
-2
-11
-23
-39
-48
-57
-67
-91
-112
-119
-124
-127
-140
-162
-162
-153
-160
-171
-184
-192
-186
-189
-190
-199
-215
-219
-221
-206
-205
-207
-208
-210
-220
-235
-224
-212
-195
-191
-194
-190
-185
-163
-140
-121
-111
-103
-88
-79
-69
-54
-26
3
11
12
5
6
18
31
40
48
69
99
127
137
143
150
147
155
171
187
213
229
228
231
228
232
246
252
260
264
267
265
260
256
255
261
272
286
295
285
261
247
241
232
231
223
205
193
189
183
175
151
119
97
88
83
87
93
72
53
29
11
1
-19
-37
-54
-70
-85
-88
-97
-121
-141
-145
-148
-149
-163
-184
-202
-206
-195
-203
-212
-222
-235
-248
-254
-249
-251
-247
-246
-237
-235
-232
-219
-217
-219
-217
-200
-176
-162
-154
-151
-146
-128
-117
-101
-93
-90
-73
-51
-32
-17
-2
21
39
51
45
51
64
71
84
90
96
109
117
115
120
127
138
148
148
152
155
162
160
160
153
147
145
153
156
149
141
140
139
128
124
112
100
84
79
72
69
64
57
59
54
47
32
19
12
1
-6
-8
-13
-14
-24
-25
-37
-54
-73
-84
-83
-79
-70
-76
-94
-115
-128
-131
-120
-115
-126
-134
-142
-149
-153
-152
-147
-140
-142
-141
-144
-153
-148
-153
-155
-171
-167
-153
-138
-114
-117
-123
-127
-113
-99
-82
-68
-76
-69
-74
-79
-68
-50
-27
-13
-7
-2
4
3
5
20
41
65
88
93
88
88
95
112
126
127
128
116
108
119
122
123
111
110
109
118
134
136
142
127
119
113
115
120
114
119
120
107
84
67
46
28
26
22
16
12
13
-4
-21
-38
-54
-64
-90
-110
-117
-112
-118
-120
-126
-138
-149
-155
-152
-166
-176
-189
-191
-190
-187
-179
-182
-189
-189
-178
-182
-191
-192
-170
-157
-151
-137
-129
-126
-145
-151
-140
-120
-106
-98
-83
-59
-37
-33
-19
3
16
31
45
67
87
90
101
119
138
159
171
173
179
181
182
193
204
212
224
215
209
203
195
192
196
200
201
209
216
224
213
208
207
212
211
201
201
192
178
161
146
135
128
123
124
111
91
67
54
42
35
42
40
37
19
8
-6
-14
-15
-23
-28
-33
-46
-65
-88
-103
-113
-120
-131
-140
-132
-135
-146
-157
-170
-194
-217
-220
-220
-212
-209
-209
-212
-223
-230
-233
-227
-225
-219
-213
-204
-202
-209
-201
-189
-174
-169
-161
-144
-131
-112
-81
-56
-35
-24
-14
-3
12
26
45
63
85
99
111
118
122
137
151
165
180
185
188
198
208
213
217
230
235
251
261
264
262
262
275
278
269
263
264
257
255
256
253
243
228
212
196
192
183
174
161
149
129
104
82
65
59
53
46
29
11
-13
-40
-43
-46
-49
-50
-66
-91
-127
-153
-165
-172
-163
-165
-173
-180
-198
-212
-221
-228
-238
-240
-237
-235
-229
-228
-236
-250
-254
-245
-234
-222
-205
-197
-194
-193
-194
-194
-196
-197
-187
-169
-147
-134
-137
-139
-133
-124
-105
-93
-92
-86
-74
-58
-36
-19
-21
-14
1
15
30
41
48
56
65
70
72
88
106
112
114
123
130
126
132
145
152
167
173
176
182
182
180
187
192
178
171
167
169
173
167
149
149
157
155
154
154
145
128
119
116
123
103
76
55
35
31
29
23
3
-19
-33
-45
-59
-73
-88
-104
-103
-104
-118
-127
-145
-148
-147
-155
-163
-173
-190
-203
-197
-195
-190
-186
-192
-207
-211
-206
-195
-184
-186
-182
-180
-173
-181
-184
-189
-188
-169
-152
-145
-136
-123
-113
-104
-95
-80
-69
-54
-41
-41
-25
-4
11
34
46
60
71
72
81
88
112
131
143
158
159
164
166
177
184
183
189
191
199
216
224
224
224
213
218
218
222
231
231
226
213
209
201
196
192
180
177
170
161
151
138
118
105
104
99
92
83
64
52
35
22
19
-2
-20
-33
-42
-53
-64
-69
-85
-91
-91
-95
-86
-84
-98
-110
-118
-124
-127
-125
-115
-112
-112
-108
-116
-116
-117
-114
-103
-96
-91
-95
-88
-92
-95
-89
-81
-75
-63
-63
-71
-75
-73
-59
-46
-36
-30
-19
-12
-11
1
15
28
42
48
51
58
62
65
61
61
64
74
84
89
91
88
83
82
84
98
110
121
136
132
137
133
131
134
138
155
157
163
167
161
158
161
154
150
142
131
137
129
123
115
108
90
68
50
28
18
10
4
-10
-24
-45
-61
-80
-87
-85
-91
-102
-118
-132
-137
-149
-160
-170
-180
-179
-180
-176
-182
-194
-202
-214
-215
-223
-225
-219
-214
-203
-188
-178
-168
-151
-136
-127
-125
-131
-132
-116
-95
-75
-67
-67
-70
-71
-76
-69
-40
-21
-11
-3
9
14
26
38
38
37
41
43
43
37
45
52
62
73
80
83
81
81
89
92
94
102
103
109
107
100
86
88
84
83
95
102
104
95
85
84
66
55
51
47
42
26
22
14
10
-1
-10
-18
-24
-23
-22
-20
-24
-28
-32
-40
-49
-51
-57
-72
-83
-106
-122
-132
-132
-124
-127
-132
-130
-137
-138
-137
-142
-143
-144
-147
-151
-161
-161
-159
-158
-159
-166
-163
-158
-155
-149
-136
-122
-116
-103
-101
-98
-88
-75
-59
-46
-37
-29
-13
-4
-7
0
13
29
48
61
81
96
98
100
109
113
122
134
148
165
162
161
159
148
153
176
193
199
192
183
188
186
178
183
189
194
203
202
195
188
166
156
164
167
168
160
147
135
124
110
99
92
88
73
64
43
21
11
4
8
-4
-8
-23
-46
-58
-75
-87
-86
-95
-108
-108
-104
-110
-108
-107
-116
-127
-140
-147
-156
-155
-159
-162
-154
-146
-147
-154
-144
-130
-127
-119
-101
-84
-78
-90
-87
-82
-91
-96
-88
-85
-78
-67
-57
-56
-57
-47
-38
-26
-12
-3
0
11
24
23
25
31
36
47
59
80
98
108
117
129
123
114
109
105
113
125
145
153
150
145
139
143
148
156
165
172
172
158
142
137
130
124
117
115
116
113
113
103
90
79
73
69
58
56
51
46
35
30
24
20
17
11
5
-2
-11
-8
-3
-17
-36
-48
-44
-48
-58
-66
-88
-102
-106
-107
-114
-121
-126
-120
-112
-121
-130
-141
-146
-144
-135
-128
-123
-127
-135
-125
-122
-119
-118
-122
-121
-119
-109
-99
-89
-84
-76
-69
-64
-49
-40
-34
-36
-26
-15
-14
-18
-14
-6
4
9
16
30
35
37
36
41
42
45
62
71
78
74
73
69
67
71
76
90
90
94
95
85
77
64
67
69
63
60
62
62
50
39
26
7
-10
-12
-16
-16
-20
-29
-35
-45
-45
-44
-48
-44
-51
-60
-58
-63
-73
-82
-91
-80
-68
-68
-68
-79
-91
-95
-85
-79
-74
-70
-69
-75
-85
-84
-88
-101
-106
-101
-95
-86
-85
-84
-76
-72
-66
-52
-52
-50
-48
-45
-40
-34
-19
-7
1
-3
1
8
10
24
43
54
63
59
52
56
79
101
118
129
124
122
117
116
123
125
128
135
125
116
116
115
114
121
112
108
113
118
123
116
106
97
102
100
103
100
93
83
75
68
50
40
40
36
36
33
22
13
4
1
-4
-18
-21
-32
-45
-55
-65
-68
-63
-68
-80
-97
-111
-127
-134
-134
-135
-126
-125
-129
-146
-164
-172
-177
-176
-176
-172
-163
-155
-142
-135
-138
-136
-133
-126
-122
-124
-112
-96
-88
-80
-72
-65
-54
-39
-29
-19
-11
-4
7
21
39
53
64
70
81
91
99
106
106
106
109
117
130
152
162
156
158
173
176
175
179
182
187
181
185
188
183
186
196
191
183
175
172
184
187
183
182
171
168
158
142
134
124
119
117
115
105
100
90
82
76
66
62
52
44
30
19
7
-5
-11
-29
-40
-48
-61
-67
-71
-80
-83
-91
-84
-90
-100
-101
-114
-116
-117
-127
-136
-138
-129
-122
-118
-115
-113
-110
-115
-121
-121
-120
-114
-111
-105
-106
-112
-110
-109
-114
-112
-103
-95
-88
-80
-84
-88
-79
-77
-71
-74
-76
-76
-67
-55
-49
-49
-42
-28
-18
-8
-6
2
13
30
47
51
43
38
43
47
56
67
69
64
61
57
67
73
75
72
59
54
59
68
70
71
69
64
58
67
74
72
64
56
55
46
44
39
35
31
21
19
14
4
-7
-23
-28
-32
-40
-49
-55
-53
-43
-40
-39
-47
-66
-76
-78
-79
-73
-74
-79
-73
-75
-77
-74
-83
-87
-91
-98
-94
-92
-93
-97
-102
-112
-113
-111
-98
-91
-95
-91
-94
-93
-97
-93
-90
-78
-71
-69
-68
-73
-66
-62
-56
-52
-49
-40
-25
-17
-12
-15
-20
-17
-16
-21
-25
-27
-25
-11
-5
0
3
7
21
31
35
30
29
40
39
39
40
39
53
54
53
57
61
68
72
64
64
55
53
50
42
30
25
32
33
36
33
34
22
16
11
11
13
13
14
10
-3
-17
-13
-8
2
3
-3
-2
-3
-18
-31
-39
-43
-39
-39
-41
-45
-50
-53
-49
-48
-39
-35
-35
-31
-29
-31
-29
-22
-29
-37
-31
-27
-16
-5
5
17
22
32
24
23
29
32
44
46
48
54
65
79
88
88
88
94
104
109
118
124
122
126
131
135
141
147
146
150
159
157
160
153
149
144
139
133
130
131
136
138
132
137
138
135
137
129
112
95
79
68
68
64
55
45
38
27
23
26
15
11
6
-2
-11
-23
-33
-47
-61
-69
-67
-76
-84
-82
-87
-86
-88
-99
-108
-114
-110
-108
-115
-119
-122
-121
-120
-119
-116
-125
-137
-143
-142
-140
-128
-120
-108
-106
-102
-99
-94
-86
-78
-75
-79
-76
-63
-55
-50
-39
-38
-36
-39
-32
-16
0
13
20
24
23
27
30
33
45
49
57
58
51
57
57
62
76
82
89
95
98
93
81
70
65
70
74
76
71
68
67
60
60
61
57
55
53
52
49
39
35
37
38
33
34
27
16
7
4
-1
-13
-16
-20
-20
-23
-32
-50
-67
-72
-68
-70
-84
-92
-101
-106
-115
-123
-131
-136
-143
-158
-163
-157
-145
-140
-144
-139
-130
-127
-124
-126
-127
-127
-122
-121
-122
-127
-113
-97
-92
-87
-92
-88
-83
-75
-62
-49
-48
-45
-45
-37
-28
-22
-10
10
29
36
39
30
28
28
28
35
39
47
43
35
43
51
59
66
75
82
81
79
79
84
84
78
69
58
48
48
44
46
56
51
47
47
46
42
40
35
35
35
26
22
12
12
12
13
16
13
15
21
28
29
26
25
31
30
25
23
23
27
32
39
29
25
27
19
12
8
4
7
4
2
3
-6
-6
-5
-11
-9
-17
-28
-28
-18
-19
-21
-21
-17
-16
-25
-27
-19
-11
-10
-12
-14
-16
-18
-17
-16
-8
-6
3
8
14
20
28
35
44
51
50
54
58
59
57
60
55
58
53
49
59
71
84
88
87
92
98
100
95
100
104
103
111
112
113
113
114
122
122
128
131
121
117
111
102
97
99
97
99
86
79
79
70
68
68
64
52
46
35
26
18
5
0
-4
-5
-5
-5
-14
-18
-17
-18
-15
-14
-28
-37
-52
-63
-67
-71
-67
-77
-82
-84
-83
-77
-80
-81
-81
-82
-78
-86
-85
-74
-71
-70
-71
-72
-78
-79
-75
-65
-65
-73
-73
-73
-69
-65
-56
-45
-33
-25
-25
-22
-17
-18
-18
-12
-1
-2
-5
0
-2
-3
-4
0
0
2
6
12
23
33
39
41
29
20
26
36
42
46
41
44
49
51
48
35
29
31
38
40
45
46
31
21
7
-9
-15
-6
-4
-5
-8
-15
-16
-24
-31
-40
-44
-46
-47
-50
-55
-63
-66
-60
-64
-65
-65
-59
-62
-59
-62
-74
-75
-78
-74
-77
-80
-83
-88
-90
-86
-79
-76
-79
-84
-85
-81
-75
-71
-69
-65
-61
-48
-41
-42
-35
-29
-31
-29
-29
-26
-27
-20
-11
-6
3
12
15
14
13
11
15
21
31
33
40
47
60
67
63
64
59
55
56
60
67
72
77
74
66
58
52
50
45
47
53
54
49
42
40
44
47
38
30
25
14
17
18
17
24
23
19
23
26
19
6
-10
-14
-13
-14
-32
-46
-42
-45
-43
-41
-45
-49
-51
-62
-64
-71
-81
-87
-86
-84
-84
-79
-85
-86
-84
-83
-82
-77
-70
-70
-78
-82
-73
-64
-58
-58
-52
-52
-45
-39
-34
-33
-40
-36
-27
-22
-24
-18
-16
-18
-5
9
18
27
35
48
56
65
67
68
73
72
78
78
80
88
92
93
97
105
102
101
100
103
110
105
100
100
99
98
92
89
85
84
83
80
89
91
96
88
85
78
74
80
76
74
73
69
73
71
63
59
51
34
33
26
27
29
23
17
5
0
-11
-19
-22
-26
-33
-33
-41
-54
-54
-53
-52
-55
-60
-67
-68
-70
-78
-68
-65
-68
-72
-75
-83
-89
-89
-87
-81
-80
-74
-72
-78
-79
-84
-81
-75
-73
-71
-57
-48
-39
-35
-33
-31
-28
-28
-25
-18
-21
-16
-12
-7
-5
-4
2
4
7
3
5
15
22
19
17
25
34
46
49
52
48
48
50
53
63
69
71
64
68
68
64
64
57
49
44
41
39
39
39
36
37
39
39
34
32
28
32
32
30
30
28
26
22
15
19
21
12
5
5
-7
-6
-11
-24
-22
-25
-24
-24
-21
-25
-28
-27
-34
-30
-26
-26
-20
-29
-44
-50
-52
-45
-42
-43
-43
-40
-37
-35
-32
-42
-41
-39
-39
-28
-33
-34
-44
-58
-57
-58
-48
-36
-23
-26
-34
-41
-51
-57
-54
-52
-44
-38
-36
-25
-28
-22
-11
-5
-8
-2
3
2
9
10
13
16
13
13
20
23
29
39
37
39
39
42
43
36
39
35
24
11
8
3
-1
3
-3
-3
-6
-5
8
12
-1
-13
-19
-16
-17
-20
-16
-21
-18
-22
-12
-12
-19
-18
-28
-29
-35
-38
-48
-52
-57
-51
-45
-47
-42
-46
-43
-49
-51
-55
-60
-63
-68
-66
-60
-56
-53
-51
-43
-34
-36
-33
-33
-29
-22
-20
-9
5
27
34
38
43
42
42
36
44
51
62
61
59
64
62
62
66
70
73
80
78
83
86
82
83
75
80
81
76
76
67
64
59
53
52
57
62
64
72
76
75
77
72
63
52
52
49
45
45
42
39
34
31
27
25
29
36
30
32
30
23
18
19
10
-7
-12
-21
-29
-24
-23
-26
-31
-41
-52
-59
-65
-63
-67
-72
-69
-68
-67
-72
-78
-86
-84
-82
-73
-60
-59
-62
-62
-67
-68
-65
-63
-56
-47
-38
-37
-29
-20
-12
-9
-5
3
11
18
22
32
37
34
38
44
45
58
62
74
85
90
94
91
99
99
106
106
101
111
115
116
119
106
93
83
82
90
93
92
94
93
87
91
91
92
94
90
90
87
85
79
66
53
51
49
42
43
37
39
37
36
31
24
17
5
0
0
-1
-4
-14
-30
-41
-50
-51
-51
-58
-58
-62
-68
-68
-66
-71
-78
-76
-76
-75
-76
-83
-83
-93
-99
-101
-105
-106
-108
-104
-94
-88
-84
-84
-95
-94
-90
-86
-87
-86
-87
-90
-88
-89
-82
-76
-68
-67
-65
-57
-50
-42
-35
-30
-33
-39
-31
-19
-10
-1
2
3
-1
4
8
11
21
27
22
16
21
25
23
21
25
27
26
26
29
19
17
14
7
14
16
14
12
11
5
3
9
6
-1
-9
-14
-21
-26
-25
-32
-42
-44
-47
-46
-53
-54
-57
-64
-60
-51
-56
-64
-66
-73
-68
-67
-61
-62
-69
-69
-72
-64
-62
-67
-73
-72
-76
-73
-71
-72
-76
-73
-69
-57
-48
-47
-45
-50
-48
-52
-46
-48
-47
-40
-34
-21
-25
-26
-27
-33
-28
-24
-18
-14
-13
-9
-6
-7
-2
-2
1
0
-1
6
14
15
25
23
11
18
22
28
35
36
42
51
56
53
62
72
65
66
68
71
68
72
74
65
68
75
83
79
83
78
80
83
83
85
72
63
50
46
44
45
39
31
33
39
42
47
58
52
46
43
39
35
41
41
35
26
24
28
21
17
14
12
10
5
5
0
2
-5
-5
-3
-5
-8
-7
-12
-21
-17
-17
-17
-19
-26
-25
-17
-18
-17
-17
-22
-20
-16
-8
-4
-2
3
4
5
6
7
13
18
14
18
24
16
15
22
32
45
52
46
44
46
48
47
50
54
58
65
60
62
58
56
63
61
65
70
72
72
73
69
66
62
59
59
56
54
55
50
50
62
56
49
41
37
36
35
32
34
40
47
51
43
33
26
13
2
-4
-18
-23
-28
-36
-33
-33
-31
-34
-39
-44
-41
-43
-49
-57
-66
-74
-79
-78
-86
-92
-91
-85
-74
-69
-64
-59
-61
-62
-57
-60
-72
-81
-79
-76
-77
-72
-64
-56
-47
-45
-37
-35
-40
-40
-45
-38
-36
-35
-30
-24
-20
-18
-15
-20
-18
-7
2
4
7
10
10
12
10
12
13
12
10
4
0
-2
0
-2
0
-1
2
7
0
0
-5
-11
-10
-5
-4
-5
-5
-4
-14
-21
-23
-29
-32
-38
-37
-34
-33
-34
-29
-37
-36
-35
-40
-40
-46
-47
-53
-60
-61
-63
-60
-63
-68
-69
-56
-47
-39
-33
-32
-34
-33
-35
-42
-42
-42
-45
-43
-32
-31
-33
-37
-39
-36
-31
-19
-12
-7
-3
-5
-3
-4
-9
-8
2
7
9
11
7
9
6
6
11
18
23
31
32
35
38
38
37
34
32
37
46
48
42
46
38
42
48
41
42
40
41
47
49
51
50
47
45
34
40
39
37
47
42
42
42
42
34
33
31
37
40
36
37
38
41
41
45
41
37
29
30
36
34
36
30
30
23
16
16
18
26
28
28
28
26
19
12
10
10
6
2
-2
-7
-9
-9
-11
-11
-11
-7
0
0
5
4
2
3
-8
-17
-13
-10
-6
-13
-10
-13
-19
-12
-7
-8
-3
10
12
10
7
5
12
21
26
37
38
35
34
25
29
37
47
53
54
57
56
57
68
72
77
83
85
93
97
105
110
109
106
108
105
101
101
94
97
99
98
96
91
83
81
85
83
74
63
56
54
48
48
51
44
37
26
21
15
7
4
-5
0
-3
-6
-7
-5
-10
-19
-15
-21
-26
-28
-20
-15
-21
-28
-35
-42
-49
-49
-47
-42
-46
-46
-53
-54
-49
-50
-54
-63
-67
-71
-72
-70
-69
-75
-70
-66
-70
-65
-66
-66
-61
-59
-57
-55
-55
-61
-65
-59
-48
-46
-38
-39
-36
-36
-28
-22
-24
-21
-16
-17
-24
-22
-17
-9
-11
-9
-7
-6
1
3
-4
-7
-6
-7
-8
-10
-11
-10
-8
-2
1
-3
-6
-8
-8
-2
1
1
-10
-19
-18
-19
-15
-10
-15
-24
-25
-22
-20
-21
-29
-36
-40
-42
-52
-56
-62
-65
-65
-66
-59
-61
-61
-61
-59
-63
-64
-66
-71
-71
-73
-77
-86
-93
-88
-85
-79
-76
-68
-61
-57
-61
-57
-45
-49
-47
-47
-47
-45
-49
-53
-47
-40
-32
-33
-29
-26
-25
-19
-15
-17
-16
-14
-10
-4
1
2
3
-4
-9
-10
-8
-3
-3
-2
-6
-5
-6
6
12
12
12
8
18
14
19
15
7
6
1
-5
-7
-9
-5
0
1
6
0
2
5
18
24
30
35
29
28
21
19
20
23
22
25
24
22
24
26
29
25
25
26
26
23
15
14
18
11
10
5
-3
-2
-4
-5
-3
-8
-11
-13
-10
-1
0
1
10
12
11
10
16
22
27
31
29
30
42
42
40
44
39
42
40
45
54
53
61
52
58
66
71
76
67
63
55
61
56
57
58
54
57
57
57
53
49
50
58
60
63
64
63
62
60
59
62
63
64
72
68
62
62
61
65
65
71
71
66
71
69
64
59
54
56
55
54
55
49
43
32
26
26
30
32
27
29
22
15
10
1
-5
-16
-16
-22
-23
-20
-13
-10
-6
-5
-11
-10
-18
-26
-38
-37
-34
-36
-38
-42
-42
-43
-43
-39
-36
-41
-43
-49
-51
-48
-45
-45
-43
-43
-41
-38
-41
-46
-48
-48
-46
-46
-41
-38
-36
-34
-32
-25
-26
-24
-23
-28
-29
-23
-26
-18
-9
-9
-7
-9
-6
-2
-5
-3
-2
0
6
16
22
20
29
35
35
30
20
20
22
25
23
20
23
20
20
17
17
11
5
-2
-12
-16
-17
-18
-17
-15
-20
-26
-32
-35
-36
-38
-39
-37
-44
-50
-59
-69
-75
-81
-83
-84
-86
-85
-80
-80
-83
-87
-85
-83
-83
-80
-82
-87
-95
-97
-93
-92
-95
-96
-92
-79
-79
-79
-75
-81
-82
-72
-66
-63
-52
-51
-50
-51
-53
-52
-51
-47
-40
-27
-15
-14
-15
-17
-22
-21
-20
-21
-15
-3
-1
0
8
17
26
23
29
29
27
34
36
36
36
40
37
39
39
35
37
36
43
51
54
64
71
74
68
64
54
48
48
40
42
37
41
40
35
36
29
33
29
24
32
36
39
46
36
31
31
25
27
26
21
23
21
15
12
13
17
8
10
8
7
7
3
1
-3
-6
-1
6
7
6
3
-1
-2
-5
-6
-3
2
3
2
5
16
26
25
23
23
11
2
5
-2
4
13
17
18
18
17
13
23
28
29
36
38
39
47
58
67
70
59
57
56
60
57
61
66
67
70
61
66
69
69
71
69
68
71
76
80
80
69
71
71
74
82
82
84
87
92
85
83
80
79
87
78
82
80
73
76
73
70
62
53
50
43
34
31
28
25
27
21
24
21
22
19
10
9
4
-5
-9
-16
-14
-11
-24
-27
-25
-28
-32
-31
-31
-26
-28
-29
-27
-35
-34
-37
-41
-43
-44
-45
-35
-37
-40
-26
-24
-22
-17
-21
-19
-20
-29
-32
-35
-42
-45
-45
-34
-30
-20
-20
-19
-22
-35
-38
-40
-43
-44
-40
-42
-40
-40
-41
-31
-32
-36
-35
-34
-31
-28
-29
-31
-36
-33
-35
-38
-36
-35
-35
-28
-29
-31
-38
-41
-39
-39
-42
-45
-43
-44
-39
-36
-35
-36
-35
-36
-33
-28
-27
-24
-30
-36
-33
-30
-27
-30
-39
-34
-32
-33
-33
-39
-41
-43
-36
-37
-36
-36
-32
-30
-30
-26
-27
-29
-35
-34
-40
-43
-43
-43
-42
-53
-58
-55
-57
-54
-56
-51
-48
-50
-41
-40
-42
-45
-47
-48
-52
-50
-46
-52
-49
-44
-40
-37
-34
-38
-46
-41
-34
-28
-24
-23
-12
-5
-4
-5
-7
-4
-7
2
1
1
10
9
5
5
14
14
11
10
11
15
19
15
9
7
5
11
14
11
13
13
15
19
12
16
18
18
8
1
-4
-10
-14
-16
-19
-23
-23
-25
-27
-36
-32
-36
-34
-29
-29
-26
-21
-15
-14
-12
-7
0
-1
-3
-6
-4
-5
-5
0
4
8
12
16
18
18
20
21
27
36
37
43
46
47
50
48
50
54
55
61
64
69
77
75
71
62
58
58
52
57
63
60
62
66
70
68
63
62
63
67
70
74
75
78
74
68
65
64
66
68
72
73
72
70
69
71
66
68
66
63
67
65
69
70
69
67
69
71
67
69
62
61
56
49
46
43
41
32
41
47
48
48
36
27
26
20
10
-1
-2
-6
-14
-19
-17
-21
-29
-32
-24
-18
-28
-34
-34
-27
-29
-34
-38
-45
-45
-38
-40
-33
-37
-41
-45
-47
-40
-41
-42
-44
-45
-47
-42
-35
-35
-39
-33
-25
-22
-28
-29
-24
-25
-26
-23
-24
-28
-26
-24
-18
-11
-4
-4
-1
0
-8
-7
-3
5
6
4
-8
-13
-13
-14
-9
-13
-6
-3
-3
-5
-9
-10
-7
-10
-19
-17
-23
-25
-17
-17
-13
-8
-6
-12
-19
-27
-27
-21
-21
-23
-27
-20
-16
-20
-27
-26
-14
-20
-20
-20
-16
-20
-33
-41
-40
-40
-42
-47
-43
-44
-48
-48
-54
-53
-58
-63
-67
-58
-58
-52
-48
-52
-54
-59
-57
-57
-57
-50
-48
-49
-53
-55
-55
-59
-60
-58
-55
-51
-36
-29
-30
-30
-31
-33
-38
-34
-29
-24
-18
-14
-10
-5
-6
-4
3
6
8
10
24
30
25
21
18
24
27
36
38
45
46
38
34
34
34
38
46
36
31
32
33
32
36
36
34
28
31
34
24
20
13
11
13
9
1
-1
-1
-3
-3
-9
-4
-4
-5
-11
-14
-19
-22
-20
-16
-9
3
1
3
4
-1
0
-5
-6
1
6
4
7
3
-2
-3
-4
6
10
16
18
18
21
22
18
23
31
33
29
28
32
31
33
36
44
43
43
44
41
39
40
33
32
38
33
33
39
41
36
38
39
42
45
45
46
39
41
41
40
41
37
35
29
28
40
36
37
38
37
39
37
39
36
34
29
32
28
27
30
24
22
23
22
29
32
31
29
31
27
17
15
18
17
16
19
16
18
11
9
14
7
2
-6
-6
-2
-5
-4
-2
-10
-16
-11
-14
-17
-22
-23
-19
-19
-19
-26
-31
-33
-36
-31
-22
-10
0
-7
-6
-2
-6
-7
-10
-12
-10
-9
-5
-5
-3
-10
-5
-3
0
9
13
13
5
5
6
4
5
2
8
8
9
13
6
8
8
9
7
11
18
16
15
14
11
8
-2
-5
-6
-7
-5
-3
6
6
5
8
9
16
18
18
22
29
23
18
17
18
21
17
15
5
1
-4
-1
8
7
9
6
7
2
-1
-8
-8
-8
-15
-14
-18
-24
-26
-35
-36
-38
-37
-32
-32
-36
-37
-38
-46
-48
-54
-54
-61
-60
-58
-59
-61
-64
-62
-62
-67
-67
-66
-72
-69
-73
-77
-67
-69
-68
-66
-63
-64
-57
-58
-56
-57
-53
-49
-51
-39
-48
-49
-46
-47
-41
-38
-33
-28
-24
-21
-17
-14
-14
-16
-17
-14
-8
-1
-4
-4
6
11
16
14
18
25
30
33
35
37
32
27
27
25
19
19
20
20
19
22
29
26
22
20
20
25
25
24
27
20
14
11
5
8
5
4
9
8
4
6
8
10
13
11
9
-1
-6
-11
-12
-12
-17
-23
-29
-36
-33
-31
-30
-22
-20
-22
-27
-29
-32
-38
-39
-39
-38
-36
-34
-34
-34
-25
-20
-21
-19
-20
-20
-18
-18
-12
-8
-4
0
-3
0
3
10
11
8
12
14
24
19
20
20
21
26
22
23
24
27
35
34
36
43
41
42
39
39
36
34
40
37
36
39
40
42
42
43
42
39
45
46
48
49
47
44
44
42
38
31
29
31
28
32
25
24
18
15
13
10
10
9
11
12
15
14
16
10
9
11
11
13
13
11
5
5
6
6
6
6
8
9
8
10
8
10
12
13
19
19
19
18
14
14
15
16
16
14
18
12
9
12
14
17
25
23
23
21
26
26
28
33
25
27
27
26
32
40
33
34
31
29
31
30
33
35
37
28
23
26
26
27
31
23
19
15
10
7
5
7
-4
-7
-6
-10
-15
-20
-24
-24
-23
-19
-18
-20
-20
-19
-22
-25
-31
-44
-37
-38
-38
-31
-35
-38
-44
-44
-52
-52
-46
-37
-25
-24
-18
-24
-26
-28
-39
-41
-41
-33
-32
-25
-22
-20
-19
-23
-22
-19
-11
-10
-13
-23
-25
-25
-19
-25
-28
-21
-18
-13
-6
-2
0
4
-1
0
-5
-3
-2
-6
-7
-15
-5
2
3
-5
-5
-7
-14
-13
-12
-15
-20
-19
-31
-29
-27
-30
-27
-29
-19
-26
-32
-31
-36
-31
-33
-29
-24
-27
-28
-33
-37
-37
-31
-29
-35
-34
-33
-23
-27
-31
-36
-37
-35
-34
-23
-25
-19
-18
-15
-10
-10
-5
-8
-3
-2
4
3
-2
-5
-7
-5
-11
-9
-6
-6
-7
0
0
-8
-10
-11
-16
-23
-22
-20
-17
-14
-6
-5
-7
-1
0
-5
-9
-9
-12
-8
-4
-3
-1
-2
-2
2
-1
2
-1
-1
-1
-1
1
9
10
4
11
12
11
11
16
22
21
24
21
21
20
26
32
28
34
35
37
42
43
38
37
32
29
36
33
35
36
33
33
30
29
30
32
32
37
37
29
27
25
26
34
30
33
34
30
27
26
34
35
36
38
33
39
33
26
24
18
18
14
13
12
6
-1
2
1
-4
-3
-6
-2
2
6
5
3
1
1
-1
-2
-3
-2
-6
-1
7
9
16
10
5
4
9
18
22
23
18
17
12
13
15
13
17
9
8
12
14
13
10
15
14
15
21
21
24
26
27
27
27
23
25
25
21
25
31
35
34
37
33
34
36
36
37
35
38
38
34
32
25
19
25
34
40
43
37
33
29
33
30
26
23
19
20
20
15
11
14
16
15
20
22
15
11
13
11
11
11
6
5
4
5
7
5
0
-4
-9
-6
-3
-12
-11
-18
-17
-16
-14
-18
-23
-32
-36
-41
-42
-40
-44
-48
-50
-54
-54
-52
-54
-45
-42
-34
-28
-24
-28
-36
-36
-42
-43
-37
-39
-42
-37
-30
-31
-25
-18
-16
-12
-9
-13
-10
-8
-12
-17
-23
-26
-26
-30
-31
-32
-28
-23
-25
-23
-22
-25
-31
-34
-36
-42
-47
-48
-41
-38
-38
-37
-43
-45
-52
-56
-56
-63
-65
-70
-70
-71
-76
-69
-73
-70
-66
-64
-59
-65
-62
-57
-58
-56
-53
-52
-56
-54
-51
-44
-42
-37
-35
-40
-31
-33
-28
-30
-31
-29
-28
-21
-25
-21
-20
-21
-10
-9
-9
-5
-8
-8
-5
-2
-2
-6
-5
0
9
9
12
11
10
12
15
17
15
9
6
3
5
13
15
10
6
9
6
14
20
20
15
14
19
25
26
28
30
29
33
34
43
39
36
36
32
36
39
35
39
40
36
35
34
36
38
41
47
50
44
37
29
19
17
16
11
10
15
21
16
16
13
9
13
10
8
7
4
6
1
5
5
5
9
11
11
14
20
22
29
28
25
25
28
26
22
28
34
36
33
40
46
51
57
56
55
54
53
46
39
41
39
39
34
35
35
38
40
33
29
28
25
23
24
18
17
14
10
14
11
18
21
17
12
10
11
10
12
12
12
12
11
10
7
8
12
11
15
14
15
7
3
3
-4
-10
-8
-6
-2
-2
3
12
13
15
11
12
18
13
9
11
15
12
14
19
21
15
11
16
22
20
20
26
18
14
14
10
7
9
8
6
12
20
23
24
23
17
14
14
12
15
12
12
7
2
2
-5
-6
-4
-4
-10
-16
-13
-14
-24
-26
-25
-28
-27
-25
-24
-23
-22
-31
-35
-41
-48
-51
-47
-50
-54
-48
-46
-38
-37
-40
-40
-37
-39
-37
-37
-45
-51
-45
-36
-40
-40
-37
-33
-24
-16
-2
-4
-1
2
-3
-5
-6
-9
-20
-19
-20
-20
-15
-9
-4
-2
5
9
11
13
9
6
6
-3
-8
-8
-10
-13
-16
-14
-8
-15
-19
-26
-22
-18
-22
-29
-40
-49
-49
-52
-48
-44
-45
-41
-41
-41
-45
-44
-50
-53
-56
-60
-62
-63
-63
-70
-75
-68
-58
-50
-48
-53
-56
-51
-52
-49
-53
-47
-42
-50
-43
-48
-43
-43
-31
-16
-18
-13
-22
-31
-25
-18
-8
4
2
3
-1
-2
4
3
9
13
18
19
20
19
15
12
12
16
22
17
20
22
28
29
23
28
31
33
34
34
39
40
48
49
43
52
59
60
60
58
50
44
54
52
53
56
56
58
61
61
57
51
47
49
46
44
36
33
37
40
45
40
42
38
33
26
20
23
15
10
7
3
1
-1
7
0
1
4
4
10
3
5
-1
-2
-3
-5
-3
0
-3
0
5
10
17
17
19
23
22
22
22
25
27
29
23
27
30
24
26
24
31
33
30
31
29
30
29
23
20
14
12
10
17
25
26
34
29
23
16
20
19
20
16
9
11
9
9
10
4
-2
3
9
11
9
1
0
4
-6
-4
-6
-8
-2
-2
5
13
17
19
14
8
15
14
18
19
14
8
17
16
16
27
27
27
30
30
32
34
32
36
37
38
37
33
30
25
26
29
27
30
32
34
40
39
36
32
33
34
32
33
31
37
31
24
22
9
11
5
1
3
-4
4
3
-2
1
-6
-9
-10
-22
-27
-29
-32
-25
-23
-19
-19
-27
-31
-28
-30
-32
-31
-32
-31
-36
-38
-40
-47
-43
-53
-48
-46
-49
-51
-54
-43
-49
-49
-54
-58
-58
-58
-59
-58
-50
-48
-45
-38
-38
-37
-41
-44
-45
-46
-44
-45
-42
-43
-39
-43
-41
-34
-35
-36
-30
-25
-21
-16
-13
-8
-10
-10
-16
-18
-19
-18
-15
-10
-11
-16
-15
-22
-21
-26
-29
-28
-29
-32
-39
-39
-45
-47
-43
-36
-36
-33
-31
-32
-36
-36
-47
-53
-50
-53
-49
-46
-43
-33
-27
-27
-25
-32
-31
-26
-26
-25
-31
-35
-32
-28
-24
-24
-24
-23
-26
-21
-21
-24
-23
-23
-24
-20
-15
-17
-15
-12
-9
-8
1
8
9
16
23
30
31
27
25
18
18
18
22
27
30
39
36
39
40
35
40
34
28
36
33
32
29
30
23
18
19
14
15
18
18
12
15
13
5
5
8
7
0
-2
-7
-6
-5
-7
-5
-2
-2
-2
-4
-7
-11
-15
-17
-14
-13
-7
-4
-8
-1
-4
-5
-12
-8
-4
-15
-4
-6
-6
-3
-3
2
-3
0
9
8
7
12
20
25
30
32
32
35
39
44
48
44
48
51
56
62
63
72
68
71
81
80
85
87
91
87
79
79
76
79
77
74
70
71
69
69
70
63
62
55
59
64
55
53
47
40
37
34
30
21
20
18
15
16
8
6
8
9
11
6
3
1
2
-1
-8
-2
-1
-7
-9
-5
0
3
3
-1
-3
-10
-12
-8
-7
0
0
-6
-5
-4
-6
1
6
6
12
15
13
5
-2
-1
-5
-4
0
-3
-2
1
-4
-5
-3
-7
-9
-9
-15
-23
-23
-29
-36
-39
-40
-34
-33
-35
-34
-41
-48
-48
-55
-52
-56
-56
-51
-53
-51
-56
-58
-57
-62
-53
-50
-50
-48
-44
-43
-47
-45
-43
-45
-40
-37
-29
-25
-25
-24
-23
-21
-20
-14
-18
-15
-8
-6
-3
-3
-6
3
1
3
-1
-2
0
-6
-6
-12
-1
-2
-2
-7
-4
-6
-16
-14
-19
-9
-12
-8
-10
-14
-14
-19
-23
-24
-25
-27
-24
-26
-23
-27
-30
-31
-37
-36
-36
-39
-47
-44
-35
-28
-22
-16
-23
-23
-24
-24
-26
-34
-33
-32
-33
-27
-30
-34
-33
-24
-24
-18
-8
-14
-11
-19
-23
-20
-28
-44
-41
-42
-44
-38
-35
-26
-17
-15
-8
-11
-14
-12
-13
-8
-9
-9
-10
-5
-4
2
1
-1
2
11
12
14
19
21
28
27
31
24
23
27
21
21
20
19
20
20
28
35
30
33
32
24
27
28
36
34
22
25
21
21
22
12
10
14
10
11
12
7
2
0
-3
-1
-2
1
5
5
8
3
1
-5
-9
-13
-14
-8
-5
0
4
13
16
17
19
23
18
27
31
30
35
37
46
48
53
50
53
55
59
56
60
62
63
70
69
73
73
73
69
73
71
80
90
89
82
86
87
78
81
78
74
75
77
74
71
67
63
58
57
57
53
50
49
51
52
52
49
45
39
36
36
37
35
28
20
18
16
16
17
22
24
26
19
21
24
23
17
10
10
7
7
3
6
0
-2
-3
1
5
-4
5
8
10
8
9
8
5
5
-1
4
-2
-9
-12
-12
-14
-20
-15
-17
-19
-26
-26
-22
-25
-30
-40
-39
-40
-33
-36
-34
-34
-31
-25
-27
-23
-29
-36
-33
-28
-25
-22
-20
-16
-13
-12
-14
-15
-10
-3
1
1
-1
-9
-16
-19
-21
-25
-25
-22
-20
-19
-12
-11
-15
-13
-22
-19
-18
-16
-19
-22
-24
-19
-18
-22
-24
-34
-37
-44
-38
-39
-41
-43
-47
-45
-40
-38
-41
-44
-45
-41
-38
-41
-41
-47
-53
-52
-56
-55
-54
-48
-53
-53
-50
-47
-44
-46
-49
-51
-53
-58
-62
-58
-61
-60
-53
-57
-58
-61
-66
-61
-56
-58
-53
-56
-57
-54
-47
-45
-45
-39
-41
-40
-35
-26
-22
-21
-21
-18
-23
-23
-25
-21
-21
-16
-11
-12
-9
-13
-8
-5
-9
-9
-4
-10
-4
2
1
-5
-8
-2
-1
4
3
4
10
11
5
5
-2
-4
-8
-3
5
-7
-6
-8
-5
1
-2
-1
-5
-11
-13
-18
-20
-17
-16
-17
-14
-15
-20
-18
-16
-17
-11
-9
-9
-16
-17
-21
-20
-22
-26
-26
-29
-22
-18
-15
-14
-10
-5
-5
-9
-7
-6
-6
-1
-1
5
13
19
19
22
19
21
21
18
19
23
23
22
28
28
36
39
45
47
48
49
50
49
48
51
46
45
40
36
40
43
41
52
54
55
52
51
55
53
56
48
52
55
53
49
48
49
48
49
47
49
45
45
46
50
52
51
52
57
61
58
58
58
56
62
60
61
60
59
54
51
48
46
48
51
58
63
63
58
60
58
52
49
43
46
44
40
40
34
41
40
39
40
37
36
30
26
21
20
20
19
15
10
11
11
13
12
13
13
9
10
2
-3
-10
-14
-15
-13
-14
-10
-4
-1
2
-3
0
-5
-9
-16
-19
-20
-18
-16
-18
-14
-15
-10
-10
-16
-12
-4
-6
-7
-8
-13
-18
-23
-20
-22
-20
-19
-11
-11
-2
-5
-15
-13
-20
-18
-18
-17
-19
-20
-22
-23
-24
-30
-32
-33
-31
-27
-22
-28
-21
-22
-28
-28
-35
-32
-37
-34
-35
-36
-29
-35
-34
-28
-30
-27
-23
-27
-25
-28
-28
-30
-38
-39
-45
-54
-51
-51
-51
-47
-47
-47
-50
-56
-57
-58
-58
-56
-51
-49
-49
-51
-52
-57
-57
-53
-53
-51
-55
-58
-58
-61
-58
-62
-57
-61
-59
-58
-59
-57
-59
-56
-50
-49
-50
-47
-49
-44
-47
-46
-39
-39
-41
-39
-39
-38
-36
-34
-29
-28
-25
-26
-22
-15
-12
-6
-2
-4
-11
-17
-22
-17
-14
-14
-11
-6
-4
-4
-1
-4
-5
-7
0
10
8
8
5
2
6
8
6
8
4
9
16
15
13
5
5
5
0
3
2
3
8
5
4
1
-4
-4
-4
-2
0
2
9
12
14
14
12
11
10
6
7
14
19
21
25
23
16
16
19
24
23
27
28
26
28
31
28
21
23
18
19
20
23
33
34
36
44
51
47
46
46
47
49
46
45
43
43
41
42
44
44
49
50
52
59
57
59
58
56
55
53
52
52
47
39
41
43
47
46
46
42
40
47
48
46
48
43
39
41
37
39
38
36
39
40
40
41
37
33
35
41
49
49
49
56
51
49
46
50
55
48
43
44
42
32
37
38
42
52
55
63
63
60
62
48
50
49
41
37
33
37
38
32
33
31
37
40
39
45
49
47
42
44
36
32
27
22
26
25
28
32
25
24
31
24
17
13
13
9
-3
-9
-12
-16
-15
-11
-13
-21
-17
-10
-14
-11
-13
-14
-17
-20
-22
-23
-28
-27
-20
-32
-32
-29
-30
-30
-30
-32
-29
-26
-29
-33
-39
-42
-47
-48
-46
-46
-42
-51
-55
-58
-64
-67
-74
-77
-74
-72
-70
-72
-68
-64
-63
-61
-61
-61
-65
-67
-67
-73
-67
-67
-63
-53
-48
-44
-47
-39
-35
-34
-33
-36
-36
-37
-37
-38
-33
-33
-34
-28
-32
-35
-35
-38
-34
-36
-31
-30
-32
-24
-23
-26
-26
-27
-23
-20
-19
-18
-14
-19
-25
-26
-30
-27
-20
-21
-17
-15
-21
-24
-20
-24
-27
-28
-28
-31
-34
-35
-39
-42
-48
-45
-42
-41
-41
-40
-37
-38
-38
-40
-45
-50
-45
-50
-44
-41
-37
-27
-30
-32
-27
-19
-17
-14
-20
-19
-16
-18
-15
-23
-21
-22
-21
-8
-5
0
6
4
-2
-2
1
2
-1
-7
-11
-14
-4
-7
-9
-14
-17
-14
-14
-9
-10
0
-3
-7
-4
-8
-4
-5
-3
-1
4
2
4
6
7
11
4
-2
5
8
14
19
25
32
26
26
24
27
34
35
34
29
28
28
32
32
34
36
34
39
38
41
46
49
53
49
42
40
37
34
40
44
40
45
44
46
46
44
41
36
35
37
41
41
46
45
49
55
65
64
58
57
56
52
50
45
44
50
49
47
44
42
44
43
44
43
37
36
39
37
36
36
32
22
12
5
15
15
17
24
21
24
24
23
21
21
20
22
24
26
27
33
31
25
23
25
27
29
30
31
33
31
29
32
31
23
21
26
29
40
48
46
53
53
56
46
39
32
34
37
33
35
29
30
32
35
34
27
25
18
17
12
8
0
-12
-9
-9
-13
-16
-22
-26
-27
-27
-30
-32
-34
-36
-37
-34
-36
-36
-30
-22
-20
-20
-22
-24
-26
-28
-27
-28
-36
-36
-39
-40
-36
-37
-34
-32
-30
-28
-28
-29
-35
-41
-40
-45
-47
-37
-40
-36
-34
-32
-33
-36
-28
-29
-28
-26
-27
-38
-44
-46
-47
-47
-46
-44
-48
-48
-48
-52
-49
-45
-50
-46
-53
-53
-49
-61
-59
-56
-50
-48
-51
-45
-48
-44
-37
-32
-29
-31
-38
-39
-41
-42
-34
-33
-21
-19
-25
-25
-19
-20
-18
-19
-19
-10
-3
5
11
0
0
4
4
11
10
2
-1
-6
-12
-8
-11
-16
-16
-13
-7
-9
-16
-23
-18
-20
-19
-18
-22
-28
-40
-23
-27
-32
-37
-40
-23
-20
-16
-14
-22
-20
-13
-9
-7
-5
-2
0
1
1
0
3
6
11
13
18
18
22
18
18
29
29
33
33
32
36
35
35
36
42
39
40
41
34
38
36
27
30
27
23
30
24
23
25
20
25
28
20
17
8
12
13
10
15
15
22
12
10
10
1
-3
-2
-2
5
10
9
5
2
2
11
11
9
7
9
6
-6
-7
-8
-10
-10
-10
-2
-2
2
9
7
20
24
31
36
35
46
47
50
49
41
44
37
31
35
26
35
34
33
35
28
36
31
30
31
26
26
29
36
43
43
39
33
33
33
37
39
38
40
38
40
37
43
49
42
47
43
40
43
39
34
41
35
39
42
37
43
38
42
45
39
41
38
37
33
30
33
28
26
34
33
36
36
40
44
39
44
33
31
27
19
17
14
11
7
13
16
22
22
20
22
20
23
12
6
-4
-7
-1
-3
-5
-9
-10
-13
-15
-10
-7
-18
-24
-18
-23
-33
-36
-38
-37
-37
-25
-27
-27
-23
-30
-20
-23
-19
-18
-23
-30
-34
-29
-30
-25
-26
-19
-19
-16
-17
-10
-14
-20
-20
-22
-26
-28
-28
-39
-37
-43
-36
-37
-30
-28
-29
-28
-37
-35
-32
-28
-35
-36
-34
-34
-41
-41
-43
-40
-34
-36
-32
-35
-32
-35
-32
-23
-20
-21
-17
-12
-13
-14
-11
-6
-12
-13
-9
-13
-17
-17
-12
-16
-14
-9
-11
-8
-12
-11
-9
-7
-6
-8
-18
-27
-24
-23
-27
-25
-29
-32
-34
-36
-29
-35
-37
-33
-32
-28
-39
-29
-32
-42
-44
-39
-32
-35
-27
-22
-26
-19
-24
-34
-27
-34
-27
-29
-28
-31
-38
-31
-30
-19
-16
-15
-16
-31
-28
-33
-38
-33
-39
-34
-35
-27
-27
-23
-15
-21
-16
-16
-23
-25
-27
-24
-22
-22
-18
-17
-12
-7
-4
1
4
-1
-4
-5
-11
-10
-15
-11
-18
-17
-16
-11
-9
-6
2
-6
-1
-9
-11
-16
-16
-13
-14
-10
-7
3
4
5
-4
7
9
1
1
6
8
2
0
4
11
11
20
22
14
18
21
17
14
6
7
4
7
7
12
20
16
30
23
32
32
25
38
30
27
29
32
33
36
28
30
35
33
34
36
39
43
50
46
49
47
43
48
43
48
48
53
49
55
59
53
62
54
50
51
47
46
46
50
43
47
41
40
39
33
38
29
28
26
35
21
19
26
29
38
33
48
41
41
34
33
29
25
21
14
18
21
23
18
32
24
21
33
33
29
25
24
8
6
9
6
-7
-8
2
5
5
8
10
10
14
14
16
14
22
13
8
11
5
2
7
7
8
4
6
6
6
10
9
10
5
11
14
12
24
16
10
13
5
0
6
14
14
10
10
2
5
20
21
18
16
19
23
11
5
6
-4
4
8
3
0
7
-5
-3
-2
3
12
10
9
1
5
-3
2
-10
-11
-16
-20
-23
-24
-25
-31
-23
-34
-42
-54
-45
-43
-41
-43
-49
-50
-47
-48
-50
-45
-51
-44
-37
-35
-36
-44
-39
-34
-31
-37
-45
-41
-39
-35
-30
-33
-36
-40
-37
-42
-43
-42
-56
-51
-54
-52
-49
-47
-45
-40
-32
-32
-22
-28
-32
-29
-37
-48
-48
-54
-50
-48
-48
-36
-42
-39
-37
-38
-40
-34
-29
-37
-31
-35
-36
-41
-46
-35
-32
-35
-38
-39
-37
-31
-30
-35
-35
-40
-38
-31
-26
-21
-13
-8
-13
-14
-15
-6
-10
-19
-10
-7
-10
-7
-1
6
3
-2
6
5
15
18
19
9
12
22
11
9
16
20
18
15
9
20
12
9
3
4
4
-6
1
-4
-1
-2
-2
-7
-4
-2
5
9
8
10
0
5
1
-3
6
8
13
4
1
7
12
3
-1
-6
3
13
16
26
34
22
11
19
11
4
13
12
10
11
20
22
22
16
19
35
37
36
37
34
25
41
45
42
38
31
35
38
47
51
49
38
53
42
38
38
30
34
39
49
37
43
45
39
49
50
40
41
36
45
54
43
43
43
44
45
47
51
44
50
45
50
56
42
46
44
43
38
42
40
46
37
30
35
30
37
26
35
44
34
40
42
39
31
36
33
28
42
30
24
21
11
17
15
8
6
6
14
18
16
12
0
1
5
14
8
10
0
-5
2
-1
10
2
-1
1
-5
5
9
11
15
9
6
7
5
-3
1
8
10
12
2
3
-1
-3
0
-4
-7
-12
-10
-5
-11
-12
-13
-15
-11
-14
-16
-7
-8
-3
-6
-11
-5
-4
-7
-13
-18
-17
-12
-11
-27
-21
-12
-17
-21
-14
-25
-21
-15
-25
-17
-28
-25
-22
-29
-28
-25
-32
-25
-26
-37
-37
-38
-35
-29
-28
-35
-28
-31
-41
-36
-36
-29
-27
-27
-23
-28
-34
-39
-38
-33
-34
-34
-44
-44
-44
-43
-34
-40
-43
-46
-44
-47
-43
-50
-48
-54
-66
-64
-68
-67
-69
-65
-64
-56
-66
-67
-62
-53
-50
-53
-53
-52
-62
-60
-54
-61
-49
-59
-59
-49
-48
-39
-41
-38
-31
-28
-35
-20
-20
-30
-12
-15
-25
-19
-18
-10
-1
-27
-7
-7
-15
0
-6
-4
-6
-11
-21
-15
-7
-13
-8
-14
-7
-5
3
6
7
0
0
1
-12
-1
-1
1
9
11
9
1
0
10
6
-9
1
2
-2
3
-6
-5
-6
0
7
9
7
14
18
16
23
7
7
9
13
9
10
8
8
25
22
40
34
36
44
50
55
51
44
46
55
52
54
49
55
59
66
62
54
61
58
57
63
67
62
57
49
44
45
41
41
27
28
31
43
37
28
24
20
24
26
23
16
13
12
21
17
14
12
8
6
4
5
10
8
15
14
11
14
16
8
-1
4
1
1
-1
1
9
3
0
4
6
10
9
12
13
4
16
19
19
25
15
13
17
21
12
16
19
20
31
15
22
21
23
28
25
20
18
21
11
18
13
6
5
-7
-1
5
-5
4
-4
-7
-5
-6
-3
-16
-19
-28
-18
-12
-18
-17
-18
-14
-12
-10
-4
6
1
-2
6
5
9
11
12
17
11
6
5
3
4
3
-2
8
7
6
8
7
-1
0
12
14
20
8
11
3
-3
4
-1
-4
-5
-5
-6
-3
-9
-1
-6
-6
-2
-11
-10
-22
-19
-23
-26
-26
-34
-28
-41
-40
-31
-25
-22
-19
-16
-26
-24
-27
-31
-25
-24
-17
-17
-24
-20
-19
-24
-20
-22
-25
-13
-21
-18
-11
-19
-26
-23
-21
-31
-23
-20
-18
-15
-13
-14
-7
-12
-15
-12
-11
-19
-20
-17
-20
-20
-21
-6
-13
-17
-4
-7
-2
3
-3
-2
-4
-4
-5
-15
-9
-13
-12
-10
-11
-1
-9
-10
-18
-17
-12
-13
-9
-4
0
-3
-4
-5
-5
-1
-5
-8
-10
-6
-7
-8
-3
-17
-14
-12
-9
-10
-10
-8
-16
-7
-17
-11
-19
-20
-14
-24
-25
-24
-20
-19
-20
-14
-9
-14
-14
-23
-33
-28
-24
-25
-24
-26
-29
-28
-16
-17
-12
-10
-9
-10
1
6
5
7
7
15
17
15
8
8
10
15
22
25
28
19
17
15
6
6
5
9
14
12
12
14
19
20
13
8
12
11
18
26
22
29
25
20
21
19
14
22
26
33
33
25
36
31
33
34
26
35
24
28
25
31
37
32
36
25
25
25
15
4
15
14
10
13
10
10
13
14
18
16
13
22
22
21
23
24
27
30
14
16
23
19
28
26
32
27
22
29
37
37
28
24
26
25
26
26
26
30
29
31
37
44
42
41
33
29
30
16
27
25
23
28
21
23
19
18
22
25
26
19
19
12
5
15
14
8
7
10
7
9
12
6
11
5
4
6
5
3
2
4
4
-4
-6
6
8
3
5
9
13
6
5
4
-3
6
7
1
6
10
9
10
9
10
13
24
27
20
15
22
21
13
13
11
20
28
25
27
25
24
25
17
20
22
17
23
22
19
15
10
10
14
3
-1
-4
-9
-7
-14
-12
-13
-11
-22
-25
-20
-27
-27
-36
-47
-46
-47
-45
-47
-51
-63
-60
-59
-63
-55
-50
-54
-50
-54
-53
-49
-54
-50
-47
-50
-40
-38
-41
-31
-26
-25
-30
-28
-24
-13
-20
-24
-17
-25
-27
-27
-29
-21
-19
-20
-13
-11
-12
-21
-19
-15
-24
-26
-30
-31
-39
-43
-32
-33
-31
-30
-36
-43
-59
-56
-51
-56
-58
-56
-51
-54
-49
-58
-50
-46
-50
-42
-42
-36
-36
-31
-38
-37
-32
-26
-30
-23
-17
-20
-13
-22
-32
-30
-26
-29
-31
-29
-24
-18
-11
-9
-14
-25
-21
-22
-25
-19
-12
-13
-15
-19
-22
-21
-21
-19
-17
-10
-6
-4
-6
-9
-7
-12
-12
-18
-25
-17
-18
-8
-16
-19
-19
-16
-9
-19
-16
-15
-12
-16
-14
-8
-19
-13
-11
-12
-5
-6
4
0
4
10
4
8
12
14
15
22
19
22
20
17
24
20
20
28
28
31
37
39
40
42
45
49
53
57
52
54
55
60
58
54
60
55
58
63
64
62
72
65
64
71
62
64
64
69
66
62
64
58
52
53
49
44
52
54
52
55
57
51
53
46
44
46
46
50
38
44
42
35
41
32
34
32
30
22
23
33
29
32
32
25
27
27
24
25
29
37
36
31
32
30
19
24
22
15
22
25
19
28
27
18
29
27
21
26
25
15
20
27
25
28
22
27
26
30
36
35
25
13
13
10
15
14
10
15
10
4
11
1
-7
-10
-15
-21
-27
-26
-33
-39
-41
-46
-42
-40
-41
-43
-48
-38
-39
-39
-36
-33
-35
-31
-26
-32
-30
-32
-38
-24
-35
-40
-38
-32
-26
-32
-28
-31
-31
-28
-34
-36
-35
-29
-24
-27
-28
-24
-18
-15
-21
-24
-27
-27
-20
-24
-22
-29
-29
-17
-22
-22
-30
-34
-29
-26
-17
-17
-23
-31
-30
-27
-25
-22
-24
-24
-24
-21
-19
-30
-32
-35
-32
-30
-42
-39
-35
-26
-31
-44
-39
-29
-23
-23
-22
-27
-28
-34
-39
-47
-47
-44
-49
-42
-41
-33
-30
-31
-36
-29
-27
-33
-35
-37
-32
-32
-30
-39
-34
-34
-40
-41
-29
-30
-25
-10
-17
-21
-21
-22
-20
-25
-28
-31
-26
-13
-16
-15
-13
-13
-15
-7
-7
-8
-6
-5
-3
-9
-12
-1
-6
-9
-14
-12
-1
-1
-3
5
5
8
14
12
11
9
13
9
5
5
8
4
-2
6
6
11
5
3
3
1
12
13
15
9
10
7
11
4
-9
-2
-5
-2
-4
-10
-1
0
9
16
12
7
3
8
4
9
17
20
29
21
25
32
36
36
38
43
51
56
60
69
62
57
55
50
52
50
49
53
56
61
62
66
61
57
64
65
69
69
65
70
68
66
63
62
63
66
75
72
72
76
77
72
65
62
57
56
45
44
48
42
44
47
43
30
34
38
35
35
28
32
32
28
23
20
17
24
27
26
22
13
13
18
18
17
14
10
9
13
16
4
-7
-7
0
5
2
-3
-6
-4
-5
-10
-5
4
8
15
11
9
1
-1
6
1
-4
2
-2
4
2
3
7
2
8
7
8
5
-4
-4
1
-1
-3
3
2
-1
-1
3
2
1
-3
-9
-13
-20
-23
-22
-22
-17
-22
-14
-18
-26
-21
-23
-26
-17
-13
-21
-23
-21
-21
-23
-24
-21
-17
-19
-18
-19
-16
-23
-17
-14
-26
-24
-35
-36
-38
-39
-34
-34
-33
-39
-41
-40
-35
-45
-50
-50
-43
-36
-37
-29
-33
-35
-40
-38
-31
-32
-28
-31
-31
-43
-42
-38
-41
-31
-25
-30
-31
-33
-32
-21
-16
-17
-18
-18
-20
-25
-31
-36
-35
-28
-19
-11
-18
-17
-10
-10
1
-1
-13
-18
-16
-3
-2
-9
-11
-12
-13
-17
-21
-28
-25
-17
-15
-15
-24
-28
-22
-15
-19
-27
-28
-26
-32
-31
-30
-29
-30
-36
-32
-36
-42
-39
-32
-35
-38
-37
-34
-34
-23
-24
-21
-15
-23
-22
-25
-24
-27
-25
-18
-10
-12
-15
-13
-17
-7
-8
-6
-3
0
10
8
1
1
11
14
13
11
11
11
7
6
-2
-8
-14
-7
-7
-12
-10
-17
-1
2
-2
-1
-11
-6
-2
-9
-9
-15
-19
-18
-18
-22
-25
-32
-26
-14
-22
-13
-18
-13
2
-10
-13
-15
-16
-13
-15
-18
-18
-15
-5
-6
-16
-10
-10
-11
-10
-6
-2
-7
4
7
9
6
17
17
21
23
15
27
18
22
30
25
29
35
40
45
47
50
60
63
66
68
61
63
62
67
75
71
72
78
78
79
79
77
81
78
65
72
66
59
59
58
63
56
51
56
53
44
46
44
40
35
43
40
31
23
22
14
8
11
7
8
0
-2
-10
-13
-12
-16
-15
-12
-9
-10
-6
-12
-13
-11
-15
-9
-14
-13
-4
-10
-8
-3
-4
-1
6
5
13
27
19
26
27
24
30
28
34
27
26
21
25
33
24
26
32
37
30
27
27
20
17
14
15
17
7
5
4
6
8
1
0
-4
-16
-12
-14
-24
-20
-24
-27
-20
-26
-28
-23
-25
-22
-33
-35
-39
-42
-48
-57
-57
-57
-61
-61
-63
-60
-61
-56
-48
-50
-48
-48
-37
-38
-30
-23
-34
-29
-22
-26
-19
-16
-15
-13
-22
-19
-12
1
4
7
5
9
14
14
19
14
8
17
15
19
11
11
22
15
14
10
10
12
21
27
26
30
33
33
30
34
28
20
23
21
19
15
11
10
9
7
9
7
4
2
2
-8
-13
-17
-24
-22
-31
-39
-38
-39
-33
-32
-41
-39
-44
-51
-53
-55
-48
-45
-43
-45
-43
-41
-41
-41
-36
-36
-37
-38
-29
-27
-32
-34
-41
-41
-40
-37
-29
-24
-18
-16
-16
-17
-22
-19
-18
-16
-14
-19
-18
-15
-8
-5
-12
-8
2
1
2
-6
-7
-5
0
7
8
5
0
8
11
14
9
14
20
15
7
-1
-1
2
2
3
4
3
5
6
8
4
3
-1
7
12
5
-7
-9
-13
-8
-8
-14
-18
-13
-7
-6
3
3
6
0
3
7
8
7
6
10
6
6
8
17
32
36
37
42
40
33
31
33
34
41
50
52
53
52
49
53
53
51
53
47
53
59
60
60
57
56
54
64
62
66
71
68
63
60
53
50
50
45
42
39
39
44
48
45
36
32
33
27
27
24
15
15
14
10
4
5
5
6
4
0
-2
-6
-8
-14
-12
-15
-24
-21
-17
-22
-22
-29
-25
-23
-27
-21
-31
-21
-16
-21
-15
-17
-18
-13
-8
-7
1
8
10
8
11
14
13
12
14
14
18
23
26
29
32
31
33
42
35
34
40
35
35
41
42
31
30
29
23
23
22
18
20
23
21
20
19
24
26
20
16
16
11
9
9
14
15
1
3
5
3
7
1
4
4
-4
-8
-18
-20
-26
-23
-17
-18
-24
-28
-30
-32
-33
-33
-37
-36
-39
-50
-50
-56
-52
-52
-55
-46
-45
-43
-41
-42
-39
-39
-43
-36
-36
-39
-38
-36
-29
-26
-22
-17
-18
-18
-21
-22
-28
-23
-22
-22
-15
-18
-16
-27
-28
-21
-21
-17
-23
-25
-26
-24
-22
-23
-21
-24
-28
-27
-26
-32
-29
-23
-23
-26
-30
-34
-36
-33
-34
-38
-41
-41
-37
-36
-35
-34
-36
-33
-35
-36
-36
-43
-45
-42
-40
-41
-45
-44
-46
-45
-40
-40
-39
-33
-35
-42
-42
-41
-37
-44
-43
-38
-43
-36
-25
-23
-17
-17
-18
-17
-18
-18
-15
-11
-10
-9
-22
-19
-13
-7
-3
-12
-13
-14
-10
-9
-13
-17
-9
-3
3
0
-4
-2
8
8
9
13
5
10
14
12
7
6
3
-4
5
9
7
1
14
9
6
18
1
3
2
0
3
-5
-7
-6
-9
-15
-13
-14
-13
-12
-12
-8
-7
-3
3
10
16
16
16
19
15
13
14
19
15
17
18
20
28
36
44
45
47
51
52
49
52
57
64
63
60
60
57
56
63
62
62
70
70
74
71
74
68
59
57
49
55
58
56
57
51
57
54
58
59
57
60
60
54
45
49
47
39
37
36
38
36
37
45
45
44
41
38
35
26
29
31
28
35
35
29
32
35
36
36
28
30
27
25
32
29
29
32
29
19
22
20
18
20
16
18
13
14
10
12
19
12
10
6
6
7
4
5
-5
-11
-11
-14
-9
-9
-9
-4
-8
-6
-3
-8
-4
-5
1
0
-6
-2
-10
-14
-21
-24
-23
-22
-22
-26
-17
-15
-16
-7
-10
-5
-8
-10
-8
-11
-20
-27
-30
-35
-39
-38
-32
-33
-34
-37
-35
-33
-39
-27
-27
-34
-29
-26
-26
-24
-34
-36
-41
-39
-38
-47
-45
-45
-42
-40
-32
-36
-41
-39
-40
-45
-51
-59
-55
-48
-41
-39
-51
-51
-46
-41
-41
-39
-38
-33
-32
-32
-27
-31
-38
-29
-19
-12
-13
-15
-7
-10
-7
-5
-5
-4
2
0
-2
-5
-12
-12
-15
-7
-12
-12
-13
-12
-7
-10
-11
-12
-9
-7
-12
-17
-11
-16
-28
-31
-30
-31
-34
-24
-22
-18
-19
-23
-22
-29
-33
-27
-24
-27
-35
-37
-37
-37
-35
-36
-44
-42
-38
-35
-32
-27
-28
-28
-27
-36
-38
-39
-44
-44
-39
-30
-31
-26
-22
-25
-21
-20
-15
-16
-17
-15
-16
-8
-2
-8
-4
-2
1
2
11
10
10
17
17
17
17
22
23
24
19
21
20
27
39
42
44
41
48
47
52
57
54
56
63
70
70
70
64
61
63
58
51
56
59
61
64
56
51
58
55
50
49
43
38
31
30
24
19
11
8
15
13
10
13
16
21
13
13
18
13
11
14
8
3
-1
2
7
8
7
3
5
5
10
11
10
10
10
19
11
16
11
6
17
24
26
29
33
24
35
37
35
38
38
42
45
37
38
44
42
48
45
47
49
46
47
38
40
37
44
45
39
36
33
42
36
30
27
30
27
31
24
18
19
15
13
10
13
9
18
24
24
21
18
16
19
18
10
11
14
14
15
15
15
16
12
19
20
17
16
14
15
18
19
11
9
9
11
5
5
13
12
11
8
7
9
5
11
17
10
6
7
11
11
4
-9
-18
-21
-17
-11
-15
-17
-16
-12
-8
-13
-6
-9
-7
-3
-10
-13
-19
-20
-25
-31
-36
-32
-30
-29
-31
-38
-41
-41
-39
-42
-40
-44
-41
-37
-44
-47
-43
-45
-49
-42
-45
-49
-50
-58
-62
-62
-65
-66
-63
-63
-63
-69
-61
-54
-52
-49
-51
-49
-51
-49
-46
-45
-40
-47
-46
-48
-44
-39
-42
-32
-26
-25
-23
-28
-25
-24
-27
-22
-26
-21
-19
-18
-16
-12
-14
-10
-4
-2
-6
-10
-11
-9
0
0
-5
-6
-1
-2
3
3
0
10
13
19
10
8
5
-5
2
0
-5
-11
-13
-7
-9
-13
-20
-18
-18
-19
-19
-25
-23
-27
-33
-30
-30
-35
-38
-36
-35
-33
-41
-50
-41
-47
-50
-47
-49
-48
-48
-47
-45
-45
-46
-50
-48
-39
-43
-39
-34
-39
-35
-33
-33
-23
-15
-14
-10
-5
-4
5
3
1
-1
-3
5
3
5
12
14
24
24
18
21
21
21
28
21
24
24
27
32
29
27
34
34
38
44
42
35
29
31
30
27
24
25
27
28
26
27
31
27
19
19
18
22
19
10
8
6
-1
-6
-11
-11
-7
-4
3
4
4
7
4
3
3
-1
2
1
0
7
11
8
12
10
8
15
17
20
27
30
37
36
35
36
41
53
64
63
64
56
56
62
62
57
57
61
63
56
52
57
61
69
62
64
63
61
63
62
67
62
56
43
48
50
44
43
43
47
44
40
35
37
35
31
26
24
25
21
15
13
9
5
10
6
6
-1
-4
-1
-6
-3
-11
-28
-26
-21
-23
-18
-25
-26
-25
-23
-16
-23
-16
-15
-12
-13
-20
-21
-17
-20
-22
-19
-12
-4
-2
-7
-7
-4
1
4
-2
-12
-4
0
-1
1
-6
-7
-9
-1
-1
-2
-2
-5
-5
-5
-4
-12
-10
-7
-8
-1
-7
-8
-3
-4
-10
-12
-21
-22
-14
-21
-24
-31
-28
-20
-20
-16
-13
-8
-13
-12
-8
-15
-20
-27
-35
-34
-41
-49
-47
-44
-30
-26
-28
-24
-24
-26
-24
-30
-29
-34
-32
-34
-41
-41
-42
-35
-35
-35
-35
-35
-32
-34
-30
-35
-34
-32
-31
-23
-25
-24
-12
-12
-20
-14
-14
-11
-6
-9
-7
-6
-6
-4
-1
-2
-7
-1
-4
-4
-2
-10
-10
-9
-10
-9
-14
-12
-8
-3
-1
-5
-1
-6
-4
-1
-5
-13
-18
-15
-7
-9
-9
-14
-18
-13
-7
-2
-3
-3
-5
-4
-9
-18
-11
-13
-19
-14
-17
-22
-14
-13
-6
1
-7
-6
-5
-8
-6
-11
-16
-18
-12
-13
-20
-23
-18
-14
-17
-14
-17
-16
-12
-8
-10
-15
-11
-7
-6
0
4
5
9
5
7
15
14
19
19
26
32
23
25
23
29
36
34
35
39
44
49
44
32
32
25
29
34
27
37
39
35
37
38
36
35
38
36
36
31
26
29
25
21
23
25
23
17
22
23
22
26
15
11
11
5
5
6
-1
3
9
8
10
14
23
19
18
17
19
22
21
23
25
25
29
29
26
23
31
37
41
43
41
49
50
53
50
49
53
50
46
44
45
42
41
43
39
41
40
44
45
42
45
45
47
44
43
42
43
39
33
35
34
35
37
36
35
31
31
32
25
30
27
19
17
13
8
-2
-4
-3
-4
-6
-1
3
0
-7
-6
-5
-12
-15
-27
-26
-26
-19
-16
-22
-19
-17
-18
-18
-14
-15
-15
-14
-16
-9
-8
-13
-9
-4
-4
-4
-2
4
0
-2
2
1
-5
2
10
3
4
10
11
11
8
6
10
7
5
-1
-2
1
3
2
-5
3
2
-1
5
1
1
-6
-12
-11
-14
-18
-22
-22
-27
-33
-38
-34
-33
-36
-29
-33
-42
-45
-50
-41
-42
-44
-46
-49
-55
-55
-55
-62
-63
-66
-74
-74
-71
-75
-70
-70
-70
-73
-71
-64
-62
-65
-62
-57
-63
-62
-57
-55
-48
-44
-40
-39
-46
-53
-51
-56
-53
-54
-43
-36
-36
-29
-29
-25
-26
-25
-25
-26
-26
-28
-27
-21
-23
-27
-28
-21
-14
-16
-11
-10
-11
-4
1
-6
-5
-2
-7
-3
-2
7
7
4
10
10
9
8
6
6
0
-5
0
3
6
8
11
11
8
5
3
3
-2
-7
-11
-8
-6
-9
-9
-7
-11
-8
-14
-18
-10
-10
-11
-9
-12
-17
-19
-22
-16
-16
-13
-15
-10
-12
-14
-3
0
5
8
3
-4
-2
6
7
8
10
12
18
20
28
26
26
28
29
27
26
26
27
31
41
38
31
37
44
52
54
56
60
61
62
60
60
59
54
55
49
48
48
53
53
55
50
47
49
42
46
42
41
38
36
42
33
25
25
27
24
29
24
20
20
12
11
0
-2
-3
0
6
2
5
12
12
13
13
16
13
10
10
4
10
13
13
17
19
19
19
19
30
32
35
33
32
31
31
35
33
34
26
28
28
24
21
17
23
22
22
29
27
29
32
30
34
27
26
32
32
26
25
18
12
9
5
5
4
3
6
3
2
3
1
0
-2
-4
-2
-2
3
8
-1
-7
-9
-8
-11
-9
-5
-11
-15
-8
-6
-17
-20
-21
-22
-20
-18
-21
-26
-25
-21
-18
-16
-15
-14
-14
-13
-22
-25
-31
-31
-25
-24
-17
-22
-18
-18
-15
-8
-7
-11
-18
-13
-14
-23
-25
-20
-24
-22
-22
-25
-22
-19
-18
-15
-19
-20
-16
-18
-19
-22
-20
-26
-29
-26
-28
-25
-24
-18
-24
-21
-15
-22
-19
-17
-23
-30
-30
-29
-24
-28
-30
-31
-29
-33
-38
-41
-46
-50
-47
-45
-49
-42
-42
-40
-39
-47
-51
-48
-48
-53
-52
-53
-55
-53
-52
-50
-49
-58
-54
-50
-52
-57
-60
-57
-53
-51
-47
-44
-42
-39
-37
-28
-24
-16
-16
-15
-6
-8
0
2
3
4
6
9
4
15
13
13
16
23
28
27
35
36
30
31
34
33
29
28
28
29
28
20
26
26
22
21
24
15
6
4
-2
-3
-6
-6
-4
1
-5
-13
-14
-13
-14
-16
-22
-25
-22
-23
-18
-16
-12
-11
-12
-13
-14
-13
-7
-6
-5
-2
2
8
1
1
8
13
19
25
36
36
37
34
35
36
43
48
49
59
58
60
58
55
54
51
55
56
58
62
65
66
73
69
64
62
59
56
53
51
52
52
47
46
41
34
29
29
35
38
28
23
27
20
15
8
-2
2
-1
3
9
13
14
15
15
8
14
12
12
11
8
9
11
10
12
9
8
12
18
21
20
24
21
20
21
23
20
23
19
23
21
18
22
26
26
23
24
25
31
32
34
30
31
33
29
25
25
29
36
39
42
42
31
27
19
14
20
10
7
8
2
-4
1
2
-4
-1
2
5
6
5
4
2
-7
-9
-14
-16
-17
-17
-16
-13
-11
-8
-9
-13
-15
-14
-11
-18
-9
-8
-8
-9
-9
-7
-5
0
-4
-1
-3
1
-1
-10
-8
-9
-8
-8
-1
-2
0
-6
-12
-11
-17
-17
-20
-23
-25
-18
-20
-22
-12
-11
-10
-15
-20
-17
-22
-19
-22
-29
-24
-32
-34
-32
-28
-27
-18
-19
-23
-23
-20
-18
-22
-24
-20
-20
-27
-31
-35
-38
-39
-34
-24
-20
-21
-18
-17
-17
-14
-20
-26
-27
-28
-28
-27
-27
-21
-21
-21
-14
-17
-20
-23
-22
-21
-26
-28
-32
-31
-30
-41
-43
-47
-50
-43
-40
-47
-49
-56
-64
-65
-64
-66
-68
-70
-71
-74
-76
-76
-75
-68
-62
-58
-60
-62
-54
-53
-49
-48
-51
-51
-45
-35
-37
-34
-27
-25
-25
-18
-14
-12
-7
-4
-1
0
8
16
11
11
10
14
9
7
6
6
1
-2
-3
-5
-7
-6
-2
-6
-1
-8
-6
-1
-7
-3
-10
-14
-17
-21
-23
-20
-13
-11
-9
-7
-9
-10
-15
-13
-6
-10
-9
-8
-2
7
2
2
2
3
7
11
13
7
10
17
24
34
40
38
29
38
39
42
44
33
34
39
41
44
47
48
46
54
53
49
50
47
47
43
34
35
30
28
30
26
31
29
28
27
28
23
22
22
25
22
15
20
17
15
13
15
8
6
9
12
14
16
21
17
18
17
14
18
19
17
16
17
15
16
22
18
17
19
17
23
23
23
29
31
33
26
23
20
20
21
18
20
17
18
22
19
21
18
14
18
21
25
18
24
25
24
29
25
28
27
24
29
25
27
26
27
26
28
23
24
32
35
31
29
31
21
20
22
24
29
32
30
33
34
36
27
23
29
24
23
19
15
14
12
11
13
14
19
18
19
24
20
20
25
25
27
30
30
24
23
26
19
14
13
11
7
0
-4
-9
-13
-22
-25
-24
-30
-35
-39
-38
-31
-25
-29
-34
-37
-39
-38
-41
-48
-49
-54
-55
-50
-53
-43
-43
-42
-35
-33
-36
-35
-30
-30
-28
-24
-17
-15
-12
-10
-7
-2
-4
-3
-9
-8
-8
-4
1
0
-2
-2
-4
-2
-3
-5
3
3
-3
-9
-9
-17
-18
-14
-18
-21
-24
-25
-27
-33
-34
-34
-37
-42
-45
-46
-53
-59
-61
-67
-68
-73
-70
-66
-65
-57
-56
-50
-46
-47
-44
-48
-45
-42
-47
-41
-36
-30
-27
-25
-23
-22
-24
-25
-17
-21
-23
-19
-25
-24
-17
-18
-12
-8
-9
-3
-2
-2
1
3
2
2
1
1
0
1
3
-2
3
11
7
3
5
8
12
7
3
1
3
6
6
4
10
9
12
15
20
24
14
16
16
19
18
16
18
18
22
26
25
27
22
25
27
23
26
20
12
9
7
4
1
9
1
-4
3
-4
-9
-12
-16
-20
-16
-17
-19
-18
-7
-11
-10
-6
-11
-3
-1
1
3
5
9
11
10
9
5
13
13
10
16
20
24
28
30
28
31
31
30
28
31
27
31
30
36
42
42
40
40
42
44
48
46
54
53
56
59
61
63
61
66
72
70
73
77
74
71
67
60
62
65
69
68
62
59
66
71
69
63
58
59
56
56
51
45
35
28
27
24
23
29
27
33
32
24
19
15
11
9
10
6
8
7
2
4
3
3
3
2
-1
-4
-1
-2
-3
-3
-6
-11
-12
-6
-6
-2
-4
-3
1
-1
0
2
2
0
-2
2
7
7
12
5
10
3
1
-1
0
2
1
3
-7
-10
-10
-4
-1
1
-2
2
-1
-5
-8
-12
-10
-12
-15
-21
-22
-26
-26
-22
-19
-22
-22
-22
-22
-26
-29
-29
-26
-25
-29
-29
-37
-43
-47
-46
-39
-40
-37
-33
-33
-33
-35
-33
-37
-32
-32
-33
-36
-36
-26
-25
-18
-17
-22
-16
-16
-10
-11
-11
-14
-20
-20
-19
-22
-23
-21
-21
-18
-25
-25
-24
-27
-29
-27
-27
-29
-34
-32
-29
-28
-27
-26
-22
-23
-26
-28
-33
-36
-40
-43
-43
-49
-52
-54
-47
-41
-50
-51
-50
-54
-60
-66
-69
-71
-70
-64
-72
-74
-66
-65
-61
-60
-54
-52
-51
-54
-58
-64
-65
-64
-62
-55
-59
-44
-40
-41
-37
-34
-25
-18
-15
-12
-2
-1
0
1
0
-5
-3
2
1
3
4
10
13
12
11
12
8
11
16
19
18
16
15
16
22
23
23
17
16
16
16
11
11
12
9
14
14
19
24
21
23
22
31
32
28
27
20
18
16
16
24
28
26
25
22
21
20
19
19
21
22
19
21
21
27
27
21
22
22
25
23
24
20
20
14
10
15
13
14
12
16
20
22
22
16
16
13
14
15
14
18
24
26
28
30
33
32
33
32
33
38
29
19
19
20
24
28
27
32
34
37
36
39
45
39
40
41
38
37
34
34
37
33
38
34
37
47
48
52
49
49
42
48
50
41
46
41
43
38
38
36
37
37
31
33
31
31
26
29
31
28
30
25
20
22
24
19
16
17
18
16
16
11
13
12
12
13
16
17
18
19
15
20
10
15
18
14
17
18
18
16
18
20
22
27
30
21
22
26
22
23
22
18
21
25
19
22
17
17
15
5
8
4
-2
-6
-7
-15
-21
-23
-23
-28
-35
-31
-32
-46
-53
-54
-53
-56
-56
-60
-70
-79
-84
-84
-85
-79
-76
-80
-84
-81
-86
-82
-82
-81
-82
-84
-75
-77
-69
-69
-67
-60
-57
-57
-52
-42
-41
-35
-38
-35
-29
-31
-29
-17
-17
-18
-16
-17
-9
-10
-6
-5
3
8
11
10
8
7
3
3
4
8
8
13
9
8
7
2
-4
-6
-10
-17
-20
-25
-31
-31
-30
-26
-28
-30
-31
-40
-43
-45
-47
-47
-47
-49
-57
-61
-59
-54
-56
-55
-55
-56
-44
-45
-47
-45
-42
-37
-48
-48
-46
-44
-43
-44
-37
-35
-24
-19
-22
-24
-24
-21
-21
-13
-7
-5
1
12
8
7
21
17
20
23
20
18
18
24
16
21
21
25
29
30
32
30
30
26
28
22
16
15
13
7
9
11
12
20
20
23
25
29
26
27
27
28
23
22
29
25
24
20
25
25
17
15
12
7
12
14
14
21
22
23
23
22
24
20
21
15
28
31
27
30
27
31
33
37
39
43
41
39
43
46
46
45
45
38
44
48
42
41
41
47
47
48
50
49
50
47
53
49
50
47
41
49
53
55
56
63
69
70
66
67
66
61
61
63
54
56
60
56
54
58
60
59
64
59
62
59
48
48
42
40
34
34
40
45
46
47
42
38
25
20
21
12
10
7
7
8
7
7
1
-3
-6
-7
-13
-19
-27
-31
-28
-30
-33
-34
-34
-35
-28
-22
-15
-11
-7
-7
-2
-1
-5
-4
-4
-7
-10
-5
0
0
4
6
8
9
6
7
10
23
25
29
32
29
25
23
27
19
13
19
14
18
22
9
12
9
6
4
-2
-4
-10
-16
-22
-17
-26
-36
-30
-33
-34
-41
-40
-46
-51
-46
-45
-43
-44
-48
-53
-53
-56
-56
-57
-57
-59
-60
-65
-62
-63
-66
-62
-58
-52
-52
-53
-61
-59
-52
-50
-50
-49
-50
-46
-37
-37
-37
-33
-32
-28
-27
-30
-28
-31
-29
-33
-38
-39
-42
-36
-41
-42
-45
-49
-43
-44
-50
-51
-51
-55
-60
-63
-58
-62
-66
-69
-75
-73
-68
-72
-75
-75
-81
-79
-80
-72
-71
-82
-74
-70
-72
-65
-62
-68
-64
-58
-54
-52
-49
-44
-49
-40
-38
-31
-18
-17
-13
-13
0
7
12
14
21
21
12
11
10
10
10
12
18
25
27
28
25
29
40
47
44
45
49
49
42
37
44
41
41
42
45
47
46
58
51
38
38
26
21
10
5
7
-8
0
2
-4
0
-7
-3
0
4
-1
-4
-5
-8
-14
-20
-19
-19
-21
-15
-19
-23
-17
-19
-14
-15
-19
-17
-18
-21
-16
-15
-10
-6
-2
7
8
6
11
18
26
28
25
26
28
32
31
35
42
43
47
48
52
53
51
46
41
46
45
52
46
41
45
41
48
51
58
59
58
58
62
69
61
59
53
47
51
50
56
53
55
56
49
51
49
52
52
55
58
53
57
51
51
44
41
42
42
44
43
38
31
32
28
35
38
39
38
36
35
34
26
18
19
21
22
21
20
19
16
20
25
29
28
29
31
28
32
34
40
37
35
34
30
38
43
36
31
22
22
25
20
14
9
8
2
0
-6
-11
-16
-19
-17
-20
-23
-29
-30
-28
-32
-35
-33
-37
-40
-42
-42
-41
-44
-39
-45
-43
-40
-40
-41
-47
-45
-49
-47
-42
-47
-45
-42
-41
-44
-51
-49
-51
-52
-51
-55
-50
-47
-50
-48
-44
-35
-30
-29
-32
-40
-40
-38
-34
-30
-27
-21
-14
-15
-18
-17
-17
-12
-12
-13
-13
-14
-7
0
3
5
4
0
-1
0
-2
-1
-2
0
5
3
4
0
-5
-9
-8
-5
-12
-11
-15
-13
-19
-24
-24
-23
-23
-28
-35
-43
-39
-44
-43
-41
-42
-40
-43
-45
-50
-52
-55
-56
-57
-51
-50
-58
-53
-51
-52
-52
-53
-54
-49
-47
-47
-47
-43
-49
-46
-43
-46
-41
-40
-37
-35
-31
-27
-24
-16
-2
-5
-4
-4
-1
2
-6
-2
-2
5
12
12
10
10
11
16
21
18
22
23
24
15
12
18
18
19
12
9
11
16
10
11
14
11
15
18
25
21
19
23
25
27
23
21
18
24
25
15
16
12
13
20
25
31
35
35
36
38
33
39
33
28
33
32
23
25
31
31
38
34
35
38
38
42
44
48
47
49
46
51
53
46
44
43
45
53
52
56
62
56
53
60
61
47
41
31
23
27
22
27
28
23
29
30
26
24
24
27
24
24
19
17
17
16
12
11
2
-2
3
-2
-1
-5
0
-4
-10
-3
-7
-12
-10
-2
7
5
-1
-4
-6
-5
-6
-4
-7
-9
-6
-6
3
-2
-6
1
1
0
-2
1
-1
-7
-8
-4
-6
-3
-2
-4
-4
-1
7
7
16
15
15
20
24
23
25
29
29
34
38
38
40
48
49
49
56
55
57
50
49
43
40
43
32
36
36
37
34
30
28
27
34
33
29
26
18
14
12
9
8
7
5
-6
-4
-4
-2
-1
-5
-5
-5
-8
-16
-22
-32
-36
-33
-31
-32
-26
-23
-21
-18
-20
-15
-15
-14
-14
-11
-19
-22
-26
-29
-29
-31
-27
-30
-31
-24
-21
-25
-22
-24
-28
-28
-32
-39
-42
-42
-41
-42
-48
-45
-40
-36
-33
-27
-26
-23
-28
-32
-35
-39
-41
-43
-32
-32
-35
-38
-42
-43
-40
-41
-41
-40
-37
-33
-31
-31
-32
-31
-31
-32
-30
-25
-20
-25
-26
-25
-22
-19
-18
-18
-23
-21
-20
-18
-11
-10
-10
-7
-6
-10
-16
-16
-13
-13
-11
-6
-8
-7
-1
3
6
3
1
-4
-11
-17
-16
-10
-6
-9
-7
-9
-1
0
4
4
4
5
0
2
6
14
6
3
0
1
-2
-3
5
-1
2
2
5
9
3
-1
-4
-1
3
-2
0
4
1
-1
-1
-5
-11
-12
-12
-16
-14
-14
-16
-20
-20
-23
-28
-30
-30
-29
-36
-34
-34
-35
-37
-33
-30
-38
-36
-30
-27
-28
-35
-32
-35
-31
-29
-32
-30
-39
-36
-36
-27
-20
-12
-13
-20
-13
-11
-8
-5
-2
-6
-8
-3
8
11
10
13
14
12
17
22
17
16
18
21
19
27
27
30
36
37
41
38
39
44
51
51
47
51
50
44
44
42
38
36
33
37
42
42
43
38
47
53
48
44
42
42
42
38
39
45
43
42
38
38
37
39
44
42
39
39
42
42
37
31
32
23
19
14
13
11
10
10
-2
6
6
16
17
13
13
11
8
-6
-5
-1
1
0
-5
-5
-6
-7
-3
-1
2
4
3
2
6
-1
-2
-2
-10
-13
-13
-11
-10
-3
3
0
-3
2
-1
-3
4
9
18
17
16
12
3
2
0
6
4
8
12
12
11
14
18
14
18
22
25
23
26
26
21
16
17
16
15
20
19
17
12
12
11
8
11
11
15
12
9
13
9
7
-1
-3
-13
-11
-9
-16
-17
-18
-16
-21
-16
-16
-17
-11
-8
-5
-7
-8
-7
-9
-10
-17
-17
-16
-19
-15
-16
-19
-16
-16
-17
-15
-15
-15
-12
-11
-14
-25
-30
-27
-34
-32
-29
-29
-20
-19
-20
-20
-29
-32
-31
-36
-43
-48
-55
-57
-60
-55
-53
-60
-58
-61
-58
-61
-60
-56
-62
-68
-69
-74
-75
-73
-75
-70
-69
-61
-57
-51
-49
-51
-53
-52
-45
-37
-33
-34
-28
-31
-27
-25
-28
-25
-24
-18
-17
-20
-16
-15
-14
-6
-4
2
3
7
7
10
14
18
16
16
24
13
16
13
15
19
16
15
23
22
22
24
17
18
10
8
9
6
7
1
-4
2
11
13
16
7
7
5
11
5
6
1
-6
-1
-4
6
6
5
6
6
5
-3
-10
-11
-9
-11
-14
-18
-15
-10
-2
4
1
1
6
8
7
6
7
10
14
14
14
16
16
18
18
23
21
20
20
15
14
8
8
15
17
20
24
26
33
25
30
27
33
35
22
18
20
23
26
29
29
32
41
48
45
46
49
54
56
52
55
50
49
50
55
58
53
58
63
69
77
79
82
89
89
82
77
73
67
71
71
66
65
72
69
70
71
69
69
67
71
65
64
61
53
50
45
42
42
38
42
35
35
36
35
34
34
32
29
26
20
17
13
14
9
8
12
10
2
-9
-6
-4
-9
-15
-23
-23
-26
-26
-28
-28
-29
-29
-25
-29
-37
-37
-35
-36
-35
-31
-28
-30
-30
-29
-24
-16
-12
-10
-3
0
6
-2
-2
-4
-14
-10
-11
-6
-5
2
3
8
13
14
17
22
17
14
15
16
14
12
9
11
16
13
17
9
5
5
5
5
3
-2
-6
-5
-9
-8
-4
-8
-8
-9
-9
-10
-15
-15
-13
-14
-17
-22
-27
-32
-33
-33
-33
-32
-26
-26
-32
-30
-34
-37
-44
-42
-41
-43
-33
-30
-28
-31
-27
-30
-29
-28
-30
-27
-29
-22
-25
-26
-25
-22
-19
-19
-15
-12
-20
-16
-20
-23
-25
-29
-31
-39
-37
-39
-32
-38
-31
-29
-31
-29
-31
-29
-36
-40
-43
-46
-50
-60
-62
-65
-63
-61
-63
-63
-68
-67
-73
-75
-81
-86
-82
-87
-89
-90
-90
-93
-92
-92
-90
-85
-85
-84
-88
-85
-87
-84
-82
-82
-79
-80
-70
-69
-61
-53
-51
-52
-46
-40
-33
-32
-29
-20
-16
-16
-5
-4
-1
10
5
8
14
18
23
29
27
27
37
38
37
41
40
34
38
44
46
50
56
63
61
68
72
77
78
75
78
69
66
63
60
62
54
54
53
50
51
52
54
47
42
36
32
31
25
18
13
6
5
8
4
2
-1
-2
-4
-8
-2
5
1
2
-3
-8
-11
-10
-11
-9
-7
-4
1
5
9
9
13
13
10
14
10
10
15
12
15
12
15
20
24
33
30
29
28
32
26
24
28
21
21
25
31
31
30
33
39
40
38
44
50
46
46
44
51
48
53
59
61
65
59
61
62
66
66
66
71
67
69
67
62
64
63
64
64
63
59
53
51
47
46
40
44
46
48
48
46
43
36
35
35
32
28
31
22
19
23
20
17
21
20
19
19
15
17
13
11
3
0
4
3
4
2
4
2
2
-1
0
-3
-3
1
-2
-4
-8
-13
-18
-15
-16
-17
-26
-30
-27
-30
-34
-37
-44
-47
-52
-52
-50
-35
-37
-37
-38
-48
-42
-44
-50
-59
-62
-65
-70
-73
-74
-75
-76
-74
-71
-72
-72
-70
-67
-70
-77
-79
-80
-86
-86
-89
-90
-88
-82
-77
-77
-72
-72
-73
-75
-72
-72
-69
-68
-59
-59
-58
-53
-46
-41
-37
-35
-31
-21
-18
-15
-14
-15
-18
-16
-16
-12
-1
5
9
13
20
13
17
21
17
25
21
22
22
13
16
19
24
28
34
37
39
38
35
35
33
26
22
22
26
24
17
10
3
-3
-2
-3
-2
-1
-4
-6
-9
-10
-8
-16
-22
-27
-27
-29
-30
-29
-29
-30
-34
-36
-36
-36
-43
-44
-40
-41
-41
-42
-52
-46
-52
-55
-48
-45
-35
-31
-29
-35
-36
-36
-42
-46
-42
-35
-37
-37
-33
-34
-28
-22
-19
-18
-12
-9
-5
-1
-1
8
14
15
19
27
29
26
21
30
35
32
39
40
38
39
37
34
40
47
48
50
51
49
48
51
47
50
58
62
61
65
65
64
73
76
77
76
78
74
71
63
56
50
54
59
61
67
66
70
68
68
64
61
60
58
55
55
56
52
55
53
60
64
64
66
71
72
64
60
58
49
50
42
42
43
39
46
44
47
45
46
50
50
38
32
36
25
24
22
18
20
25
31
32
33
29
26
25
26
25
22
21
18
27
23
19
19
18
15
17
18
11
8
4
2
-5
-9
-9
-8
1
7
5
-2
-2
-3
-4
-5
-11
-14
-24
-35
-33
-35
-37
-40
-41
-44
-44
-47
-46
-44
-47
-41
-42
-46
-45
-42
-50
-50
-49
-47
-45
-42
-38
-39
-31
-29
-24
-21
-24
-20
-18
-11
-8
-9
-5
-8
0
0
6
4
-7
0
8
10
10
15
13
16
14
10
22
19
20
25
16
12
1
-4
-11
-19
-18
-18
-26
-24
-24
-27
-26
-32
-32
-35
-33
-27
-32
-33
-37
-45
-49
-54
-51
-53
-59
-55
-58
-59
-55
-55
-62
-62
-69
-68
-70
-72
-71
-74
-71
-75
-75
-75
-71
-70
-70
-62
-62
-66
-62
-63
-60
-56
-54
-49
-50
-46
-41
-40
-43
-34
-28
-28
-25
-23
-15
-6
-1
-7
-12
-16
-7
-2
-6
-4
-10
-3
-4
-1
6
2
6
9
17
12
11
8
4
1
3
0
-4
0
0
2
2
-1
-8
-9
0
4
0
0
2
7
7
4
4
3
3
3
5
4
-1
1
5
4
9
7
3
4
4
4
5
4
1
3
3
-4
-4
8
2
0
-1
-8
4
1
1
-3
-2
4
9
16
11
4
-1
2
0
0
3
4
12
14
21
24
31
36
33
33
35
43
40
40
36
35
34
38
39
39
46
47
50
52
56
56
54
49
48
43
38
35
30
24
20
21
25
27
30
27
23
33
28
23
22
19
15
12
16
13
10
12
14
13
14
10
9
8
4
4
6
5
-1
3
9
16
20
15
17
22
24
26
28
28
26
24
17
19
22
26
32
38
41
42
45
47
49
54
54
49
41
39
40
35
35
29
34
31
33
35
35
33
24
20
12
14
14
11
6
6
3
-4
-1
-7
-7
-11
-14
-9
-16
-24
-27
-31
-39
-45
-43
-41
-39
-40
-48
-48
-51
-49
-47
-49
-53
-54
-56
-57
-50
-48
-51
-50
-52
-42
-33
-32
-28
-30
-25
-19
-22
-25
-23
-19
-15
-15
-16
-8
-8
-8
-3
-8
-4
-3
-1
2
4
5
3
7
7
6
10
8
11
8
3
5
7
11
9
13
16
22
21
17
18
21
15
11
12
8
4
5
1
-5
-10
-16
-7
-7
2
3
-2
-5
-14
-16
-17
-16
-18
-27
-23
-18
-21
-19
-19
-17
-19
-20
-16
-19
-22
-25
-30
-27
-29
-28
-25
-28
-29
-27
-24
-28
-32
-30
-32
-37
-41
-46
-47
-47
-45
-40
-40
-38
-35
-32
-35
-35
-39
-36
-28
-33
-32
-40
-38
-47
-46
-43
-49
-44
-46
-45
-44
-31
-32
-32
-24
-25
-24
-20
-23
-27
-23
-19
-16
-10
-5
-8
-15
-11
-8
-2
0
0
3
0
0
6
12
5
-2
4
6
10
11
10
4
4
8
9
13
17
21
21
24
23
26
27
25
29
34
39
40
46
48
48
52
50
47
45
48
54
45
47
48
37
43
32
26
39
36
42
50
50
45
42
39
38
33
26
28
21
18
17
25
23
17
19
18
27
31
26
26
25
15
15
11
12
13
13
18
20
22
17
18
23
21
15
17
24
23
15
11
3
0
-5
1
4
3
0
4
1
0
-1
-2
-6
-13
-6
-6
-4
-1
-7
-10
-5
-11
-6
-5
-5
4
3
0
-4
0
0
6
15
18
9
4
8
10
16
14
10
7
6
12
15
23
32
40
46
41
54
56
59
56
57
54
56
62
57
58
54
56
53
53
60
71
66
67
67
66
64
62
66
62
63
63
61
60
56
53
55
50
46
40
32
27
30
30
31
27
23
17
13
14
12
7
6
10
8
8
1
-5
-12
-14
-15
-24
-24
-26
-27
-35
-40
-35
-43
-38
-35
-31
-25
-38
-40
-40
-46
-38
-36
-35
-35
-43
-39
-35
-34
-37
-36
-35
-38
-38
-45
-40
-30
-26
-31
-36
-36
-35
-33
-28
-28
-34
-37
-44
-47
-53
-46
-39
-47
-46
-40
-44
-51
-47
-44
-57
-58
-54
-53
-45
-39
-39
-39
-31
-28
-28
-31
-27
-28
-30
-26
-30
-30
-35
-35
-35
-36
-29
-24
-18
-12
-12
-16
-16
-23
-32
-39
-39
-34
-39
-35
-34
-32
-30
-27
-22
-22
-22
-22
-16
-18
-22
-25
-38
-38
-37
-30
-26
-25
-17
-13
-13
-9
-3
-3
-15
-19
-15
-18
-17
-14
-16
-19
-21
-16
-14
-15
-19
-23
-17
-19
-26
-29
-27
-28
-24
-20
-18
-17
-24
-22
-28
-34
-34
-40
-38
-35
-30
-28
-33
-35
-30
-31
-23
-15
-16
-16
-17
-15
-19
-19
-20
-21
-21
-21
-23
-25
-27
-28
-21
-16
-21
-20
-18
-22
-24
-24
-18
-14
-10
-5
-2
-2
3
11
9
9
21
24
27
28
29
30
33
38
42
52
54
59
63
61
61
71
78
79
80
76
80
80
78
81
74
73
89
88
84
89
86
83
84
87
90
86
83
81
79
76
73
79
73
69
77
72
73
77
78
77
70
69
74
64
51
57
56
54
51
45
47
48
47
47
40
39
37
29
21
19
18
18
16
13
12
6
-1
-3
4
5
6
0
-7
-6
-11
-16
-22
-29
-27
-26
-27
-25
-18
-21
-24
-21
-24
-21
-26
-25
-26
-32
-31
-31
-31
-33
-27
-25
-18
-14
-12
-14
-18
-18
-18
-16
-14
-18
-15
-12
-15
-9
-1
-4
-7
-7
-9
-1
6
1
3
10
13
12
11
13
19
15
14
18
19
22
21
17
15
19
19
21
16
17
19
14
15
20
16
5
10
11
0
-7
1
-4
-11
-7
-1
-4
-11
-9
-7
-13
-6
-8
-16
-7
-9
-17
-20
-25
-29
-38
-28
-28
-35
-28
-32
-36
-44
-47
-50
-49
-52
-60
-54
-54
-55
-57
-53
-52
-57
-57
-68
-67
-60
-53
-55
-66
-60
-65
-73
-66
-61
-65
-72
-69
-58
-61
-60
-51
-53
-55
-51
-45
-45
-48
-41
-40
-42
-40
-35
-35
-36
-35
-34
-38
-40
-32
-38
-47
-39
-37
-37
-34
-37
-27
-22
-35
-27
-19
-22
-15
-11
-6
-8
-10
1
-3
0
9
5
1
12
13
15
19
21
19
19
17
23
21
19
23
22
24
21
20
15
12
12
16
16
16
26
20
21
25
26
26
25
28
24
23
22
19
18
21
21
14
14
19
22
18
13
18
15
9
8
11
14
13
9
4
-2
-7
-3
1
-1
0
4
2
-3
1
-1
2
4
-2
-8
-10
0
3
4
0
1
4
6
0
5
11
9
0
4
14
14
12
14
27
25
23
27
29
29
27
39
37
38
39
39
38
35
33
35
37
23
24
32
43
47
46
47
46
61
62
57
53
47
50
47
52
49
59
51
44
47
56
52
52
59
59
64
53
56
55
47
41
46
43
37
39
49
47
40
39
41
42
42
40
36
37
40
35
31
30
23
20
22
29
31
22
29
33
32
37
38
29
20
18
12
12
12
5
10
11
13
20
22
31
26
27
26
20
15
7
2
-8
-15
-12
-11
-10
-10
-7
-11
-12
-12
-13
-12
-17
-15
-24
-25
-21
-25
-27
-32
-26
-26
-32
-29
-26
-31
-35
-35
-44
-52
-47
-42
-41
-42
-37
-38
-43
-41
-35
-33
-33
-26
-26
-37
-34
-38
-48
-47
-40
-34
-36
-27
-20
-28
-36
-29
-26
-31
-31
-30
-32
-36
-31
-27
-33
-28
-22
-25
-18
-11
-5
-3
-4
-6
-8
-19
-14
-4
-3
-2
-2
-1
2
0
-3
-1
-2
4
3
2
9
9
-2
-2
4
-1
-8
-1
3
0
-4
-3
-1
-6
-11
-17
-17
-23
-21
-14
-21
-22
-25
-30
-41
-44
-48
-54
-51
-44
-45
-55
-53
-50
-53
-56
-51
-54
-63
-65
-61
-59
-69
-76
-75
-77
-72
-69
-58
-55
-57
-51
-45
-53
-44
-40
-48
-47
-51
-53
-57
-54
-53
-50
-51
-51
-36
-30
-29
-28
-31
-25
-22
-22
-17
-22
-16
-18
-18
-16
-19
-19
-23
-17
-19
-23
-20
-19
-14
-19
-19
-13
-12
0
-3
0
3
-2
-6
0
3
10
2
-5
4
11
9
19
26
21
18
19
24
19
17
15
12
5
5
1
-1
5
7
8
6
14
25
24
25
32
30
31
28
32
41
47
52
46
50
50
50
53
61
66
64
61
59
58
56
58
59
64
62
53
60
65
69
68
66
65
62
61
57
56
46
48
55
48
37
36
38
39
40
38
43
43
40
43
37
30
26
20
12
15
14
8
6
9
10
6
6
10
4
-7
-5
-2
-2
-4
-5
-1
7
7
13
10
10
17
12
12
9
2
-1
-5
-7
-6
-7
-8
-6
-1
3
6
13
18
20
19
23
23
19
24
31
32
28
30
35
38
33
34
35
30
27
30
42
44
45
52
50
56
51
48
51
45
44
40
34
33
37
30
25
28
23
23
24
19
18
17
22
20
9
4
3
2
-4
-4
-6
-4
-3
-3
-7
-11
-12
-14
-10
-19
-24
-26
-39
-38
-45
-53
-50
-51
-53
-55
-51
-54
-62
-64
-68
-67
-67
-67
-69
-75
-78
-82
-83
-85
-78
-77
-73
-66
-69
-70
-76
-68
-71
-67
-58
-57
-55
-52
-47
-41
-44
-45
-44
-42
-42
-31
-24
-26
-20
-17
-8
-2
-2
-10
-14
-20
-19
-18
-15
-8
-8
-5
6
2
3
5
3
1
-2
-3
-9
-12
-14
-12
-11
-16
-7
-8
-10
-7
0
2
-8
-9
-6
-9
-13
-12
-17
-18
-17
-18
-20
-13
-8
-12
-8
-6
-9
-6
-3
-5
-6
-6
-8
-11
-16
-7
-1
0
0
4
6
5
14
20
18
10
7
5
-1
-1
-1
-6
-2
-6
-7
-10
-11
-2
-5
-10
-8
1
4
4
2
1
0
-8
-13
-10
-15
-16
-16
-12
-11
-13
-8
-12
-8
-5
-9
-18
-19
-13
-19
-23
-28
-26
-33
-31
-24
-28
-28
-32
-27
-22
-27
-30
-33
-37
-33
-27
-24
-24
-20
-12
-12
-18
-12
-5
-5
3
-3
-2
4
4
9
11
21
31
33
42
56
59
63
65
74
70
67
71
70
73
73
79
87
96
93
98
95
90
98
96
99
102
104
103
97
105
102
94
95
98
91
90
96
91
87
82
82
81
74
73
76
74
72
68
72
64
57
57
50
47
40
29
24
20
18
14
8
4
3
-6
-10
-15
-10
-4
-10
-7
-5
-7
-6
-7
-4
-2
-2
-6
-7
-5
-3
1
6
4
10
18
16
22
11
4
4
1
-4
-6
-7
-15
-19
-24
-20
-16
-11
-9
-16
-20
-22
-27
-22
-20
-23
-23
-24
-18
-18
-21
-27
-26
-26
-28
-27
-28
-29
-31
-29
-39
-34
-32
-32
-26
-20
-16
-21
-20
-19
-16
-20
-25
-26
-24
-23
-25
-19
-15
-9
-13
-9
-7
-12
-10
-7
-3
-4
-2
-8
-11
-9
-9
-9
-3
2
-2
-3
-5
-5
2
3
-4
-7
-5
-6
-5
-5
-9
-10
-12
-12
-19
-22
-23
-25
-26
-26
-26
-28
-27
-31
-30
-30
-22
-22
-26
-30
-30
-29
-39
-39
-43
-41
-40
-44
-47
-53
-57
-56
-56
-64
-67
-67
-66
-61
-58
-61
-61
-60
-56
-54
-60
-56
-59
-62
-70
-76
-79
-83
-80
-80
-78
-77
-74
-66
-63
-67
-67
-63
-67
-73
-76
-84
-81
-71
-71
-70
-67
-66
-55
-49
-48
-35
-24
-21
-22
-19
-20
-16
-9
-7
-3
0
9
20
16
18
15
20
20
17
22
20
28
28
28
31
40
39
39
44
38
31
32
26
26
24
20
24
26
30
35
41
43
41
44
41
39
36
35
29
36
37
28
26
29
28
27
37
40
42
40
41
43
41
45
39
30
39
39
47
41
43
50
45
44
38
45
39
41
46
51
46
49
55
46
46
45
46
42
43
36
33
37
32
34
35
33
40
37
34
34
31
27
23
26
27
18
13
15
19
20
15
11
15
15
13
19
19
13
13
16
16
15
14
14
22
23
30
39
39
39
36
37
35
35
36
31
30
29
33
32
29
34
29
28
27
30
34
32
31
31
28
29
29
30
34
33
35
33
41
39
40
43
43
42
39
35
37
39
42
40
35
40
33
27
22
23
19
12
18
14
7
6
0
-6
-2
-5
-3
5
10
8
1
1
-3
-4
-6
-2
-2
-13
-15
-18
-18
-18
-17
-24
-28
-29
-30
-30
-33
-36
-40
-43
-44
-47
-52
-56
-61
-65
-68
-66
-61
-59
-59
-54
-58
-60
-60
-61
-67
-67
-69
-71
-73
-72
-67
-69
-72
-77
-73
-67
-68
-57
-53
-53
-47
-40
-38
-36
-34
-39
-40
-37
-34
-32
-31
-31
-37
-41
-38
-44
-44
-45
-40
-34
-30
-32
-37
-35
-34
-31
-35
-35
-36
-39
-35
-31
-26
-24
-25
-24
-18
-9
-12
-9
-6
-5
0
-4
4
7
4
7
12
12
8
8
10
11
12
12
14
16
14
14
16
12
10
11
13
14
14
17
13
11
9
2
-5
-8
-7
-5
-5
-5
-6
-10
-12
-18
-19
-17
-17
-23
-23
-26
-34
-34
-37
-40
-38
-38
-36
-33
-33
-33
-24
-23
-28
-26
-23
-26
-24
-27
-34
-28
-25
-21
-16
-10
-10
-9
-2
1
-5
-3
1
5
12
15
18
23
26
32
36
40
41
45
44
43
45
40
39
41
44
40
39
42
40
46
52
57
57
48
45
42
42
38
41
44
42
42
46
50
52
51
53
47
48
50
42
43
38
43
53
49
54
58
56
62
61
56
57
49
44
50
50
49
39
37
31
33
39
40
34
29
31
31
30
32
31
22
19
22
18
11
9
7
10
5
9
4
-8
-3
-1
-2
1
1
3
2
0
-6
-3
-2
-8
-14
-17
-22
-20
-24
-28
-21
-19
-9
-6
-6
-4
-1
-3
-1
-1
0
-7
-14
-9
-14
-13
-9
-6
2
13
16
21
29
27
26
31
31
21
19
20
20
28
31
34
32
33
44
40
36
42
34
31
31
29
25
24
25
21
23
31
31
23
20
15
10
5
6
2
0
5
-1
7
4
4
2
2
3
8
8
4
5
0
4
9
9
8
7
8
6
1
0
-4
0
-6
-9
-8
-16
-22
-28
-25
-26
-23
-22
-26
-21
-23
-24
-23
-23
-29
-39
-43
-46
-47
-46
-45
-48
-50
-52
-56
-63
-66
-68
-73
-79
-77
-71
-71
-72
-67
-66
-70
-68
-72
-75
-77
-77
-77
-82
-86
-79
-83
-80
-70
-66
-63
-58
-53
-54
-48
-52
-54
-54
-52
-49
-51
-52
-43
-41
-45
-35
-37
-36
-23
-15
-3
-2
0
4
4
1
1
3
7
4
2
13
9
3
2
3
2
7
15
20
14
14
17
12
4
-2
-7
0
4
6
11
11
16
12
17
18
16
16
18
25
23
25
23
17
19
25
26
22
24
23
17
14
8
6
-1
-8
-12
-10
-16
-13
-10
-12
-13
-15
-11
-11
-18
-11
-2
-1
-2
-3
-8
-12
-10
-7
-4
-9
-11
-5
-4
-2
2
1
-9
-8
-7
-10
-5
-6
-11
-13
-19
-19
-19
-21
-16
-16
-10
-14
-7
-4
-6
-3
-6
-4
-13
-15
-20
-21
-23
-25
-19
-18
-11
-10
-6
9
15
22
17
23
22
21
23
21
25
29
36
34
31
31
30
31
31
23
23
26
21
25
30
32
38
39
39
45
49
50
45
41
44
42
39
32
32
27
35
39
35
39
44
44
43
53
55
55
54
54
54
55
58
64
65
65
66
63
64
65
60
58
54
50
48
43
53
51
53
56
46
49
42
36
38
33
31
25
15
10
6
-1
1
1
-4
-5
0
2
7
11
5
3
-6
-17
-19
-20
-18
-16
-26
-31
-28
-33
-37
-41
-40
-37
-38
-34
-39
-40
-39
-42
-44
-47
-48
-43
-43
-40
-39
-40
-42
-44
-39
-41
-39
-29
-27
-18
-4
1
5
8
12
11
8
-2
-12
-3
0
3
7
4
9
12
19
26
27
36
33
30
30
27
26
24
24
16
17
24
20
13
16
17
18
21
16
13
11
7
1
-7
-13
-8
-3
-7
-9
-9
-6
-6
-9
-6
-3
0
-1
-3
-4
-8
-15
-20
-20
-24
-27
-30
-32
-32
-32
-31
-36
-33
-30
-35
-31
-37
-36
-32
-36
-36
-35
-37
-43
-47
-51
-53
-59
-58
-56
-53
-51
-50
-50
-50
-45
-44
-39
-41
-44
-48
-54
-53
-58
-65
-67
-70
-72
-72
-70
-63
-61
-58
-60
-59
-51
-58
-53
-52
-52
-56
-52
-47
-47
-44
-41
-35
-35
-28
-32
-31
-29
-24
-13
-12
-17
-10
-3
0
7
6
10
11
12
20
24
31
30
30
38
44
45
47
50
49
52
59
63
64
62
59
56
52
54
56
62
68
70
66
66
71
69
68
60
61
59
62
62
59
67
59
59
53
50
52
42
37
36
31
22
24
18
15
13
8
6
7
2
0
7
-1
-2
-7
-9
-12
-13
-13
-13
-12
-13
-13
-11
-12
-10
-5
-4
-7
-9
-8
-8
-3
2
4
4
1
5
-1
2
12
7
14
12
7
1
3
7
10
13
12
18
18
18
17
19
22
22
17
17
20
22
13
16
18
18
22
19
20
19
22
23
25
30
28
29
30
28
26
29
35
37
40
37
42
47
42
37
37
40
43
41
48
53
51
53
54
59
65
62
63
57
55
57
57
53
47
48
45
55
57
57
62
61
60
62
62
61
56
47
45
40
33
31
28
26
28
21
17
12
16
12
5
-1
-14
-20
-26
-30
-39
-40
-43
-47
-47
-44
-42
-47
-52
-52
-47
-49
-51
-51
-43
-44
-44
-43
-46
-40
-38
-41
-46
-47
-46
-47
-48
-47
-46
-49
-48
-51
-53
-41
-48
-53
-56
-50
-45
-48
-36
-40
-38
-36
-33
-29
-29
-29
-30
-34
-32
-38
-43
-35
-36
-34
-27
-30
-32
-34
-35
-32
-29
-28
-26
-34
-37
-41
-46
-44
-45
-43
-42
-43
-38
-38
-35
-28
-25
-24
-20
-23
-23
-21
-24
-18
-23
-17
-9
-13
-9
-11
-9
-9
-8
-15
-16
-7
-12
-16
-17
-14
-18
-16
-8
-3
4
10
3
2
-5
-12
-16
-23
-25
-29
-27
-31
-30
-27
-33
-24
-21
-20
-17
-16
-24
-28
-24
-34
-39
-41
-42
-43
-40
-36
-31
-32
-35
-36
-35
-41
-45
-47
-43
-39
-43
-44
-40
-39
-31
-25
-28
-26
-28
-30
-26
-22
-22
-16
-18
-21
-17
-23
-23
-24
-18
-9
-4
5
1
9
16
16
22
22
27
27
31
35
35
34
35
38
34
38
35
32
35
37
37
38
36
42
47
53
57
58
60
57
57
57
55
53
47
38
39
