28
42
28
35
32
29
26
28
23
26
19
18
21
26
29
21
25
23
24
31
21
13
18
13
15
10
4
4
5
8
4
3
4
2
2
8
10
13
7
7
9
4
6
7
6
9
11
21
22
19
24
33
38
41
45
48
51
56
61
62
57
57
62
69
67
74
70
66
72
72
74
71
71
71
65
58
55
52
51
48
56
49
47
44
42
50
48
40
38
33
31
36
23
22
23
21
19
21
25
20
20
14
5
5
6
6
4
-2
-4
-3
-5
2
3
4
4
2
4
1
3
-3
-4
-3
1
1
-3
-3
-4
-8
-6
-1
-3
-3
-9
-4
-8
-13
-18
-16
-19
-23
-14
-15
-14
-14
-11
-11
-9
-14
-13
-15
-24
-31
-28
-27
-36
-33
-42
-43
-47
-47
-49
-49
-48
-49
-51
-58
-66
-62
-62
-58
-53
-55
-52
-52
-46
-44
-48
-54
-54
-53
-48
-48
-52
-44
-42
-44
-47
-52
-49
-49
-54
-51
-54
-54
-55
-62
-67
-64
-53
-48
-56
-57
-60
-57
-57
-55
-51
-55
-54
-51
-46
-48
-51
-54
-62
-61
-59
-52
-46
-47
-40
-41
-40
-36
-31
-30
-29
-22
-19
-16
-15
-23
-20
-14
-10
-1
0
4
5
8
10
13
18
16
18
19
20
26
26
36
43
31
34
37
38
43
48
45
41
40
45
44
35
42
36
31
31
26
21
11
11
9
10
11
10
4
0
-3
-16
-25
-28
-30
-35
-36
-40
-40
-40
-49
-39
-32
-38
-35
-44
-38
-34
-39
-33
-31
-31
-30
-28
-29
-24
-21
-18
-7
-6
-1
6
11
13
18
20
14
20
19
18
28
19
22
27
31
30
35
38
33
37
34
32
32
27
24
29
31
29
29
31
23
24
27
26
22
27
36
38
36
29
23
30
33
29
34
31
33
33
33
37
36
42
37
43
46
41
43
44
52
45
43
47
44
45
45
50
43
44
43
44
48
47
52
56
58
63
59
62
62
60
72
69
64
69
78
80
81
85
85
80
80
84
80
82
84
80
87
85
79
79
74
73
69
63
64
59
50
47
41
41
46
45
48
47
48
52
47
45
33
33
32
27
26
20
24
21
22
21
24
29
27
27
26
25
27
25
25
18
12
7
-2
-4
-8
-10
-14
-25
-27
-32
-41
-52
-53
-54
-59
-60
-61
-62
-69
-67
-71
-79
-85
-86
-89
-94
-96
-89
-90
-84
-80
-91
-88
-92
-96
-101
-103
-95
-90
-87
-95
-102
-107
-109
-101
-102
-104
-104
-116
-113
-114
-109
-101
-98
-91
-90
-83
-83
-76
-74
-72
-59
-60
-52
-48
-45
-46
-50
-46
-44
-44
-40
-36
-35
-35
-36
-29
-21
-23
-18
-12
-13
-14
-15
-18
-15
-12
-18
-10
-8
-5
1
-2
6
9
8
8
13
10
2
7
4
4
-1
-2
-1
0
-5
-10
2
-1
-4
-5
-1
-2
-3
2
-7
-7
-9
-10
-10
-8
1
-3
-2
-4
-2
2
5
8
5
3
2
-1
0
-2
-2
-1
-7
-1
3
1
-2
0
-5
-2
-1
-8
-7
-10
-12
-9
-9
-4
-11
-12
-11
-19
-16
-17
-17
-13
-5
-10
-3
-6
-7
-2
-11
-13
-18
-13
-13
-6
-3
-8
-4
-7
-8
-13
-6
-7
-3
-2
0
4
6
15
18
24
30
37
38
44
38
36
37
37
38
35
42
44
50
56
57
55
50
48
47
44
43
44
47
50
41
36
37
38
39
42
47
50
53
59
55
47
49
53
52
49
48
46
49
44
44
38
40
48
54
62
64
70
66
70
65
68
68
72
73
64
67
62
68
65
64
69
69
62
55
54
52
46
51
48
39
44
39
40
42
40
38
37
41
41
38
38
44
36
35
37
42
44
45
45
35
34
29
24
22
17
12
7
3
0
2
-1
-9
-2
-3
-3
-8
-10
-9
-15
-17
-19
-19
-19
-19
-22
-24
-21
-21
-21
-20
-17
-18
-16
-11
-11
-17
-16
-15
-22
-16
-21
-33
-33
-31
-35
-38
-38
-33
-29
-27
-29
-31
-38
-48
-44
-56
-62
-67
-71
-67
-64
-61
-70
-68
-65
-70
-70
-79
-83
-81
-85
-82
-87
-82
-87
-92
-93
-96
-89
-97
-99
-100
-102
-100
-103
-98
-100
-104
-98
-98
-101
-102
-94
-91
-85
-84
-81
-78
-71
-68
-73
-64
-65
-62
-57
-58
-58
-59
-58
-53
-55
-54
-51
-46
-38
-30
-29
-24
-16
-7
-7
-9
-4
-1
7
4
3
8
11
10
15
21
26
25
28
28
29
31
23
21
17
18
22
19
19
23
2
-16
-6
0
8
7
14
23
21
30
34
30
33
34
36
45
50
50
52
58
69
72
75
85
88
90
83
78
71
74
80
74
76
81
82
82
78
77
73
70
73
67
64
61
60
52
48
38
37
39
46
52
44
47
45
50
47
47
44
39
39
42
43
43
41
34
40
45
45
42
44
41
43
40
40
41
38
42
43
46
48
46
41
37
40
31
21
20
18
13
9
7
7
13
11
12
12
5
-5
-4
-9
-8
-9
-16
-19
-28
-31
-36
-33
-26
-29
-31
-31
-33
-35
-37
-34
-35
-34
-28
-23
-24
-25
-25
-24
-27
-32
-35
-40
-37
-44
-36
-35
-38
-38
-40
-35
-42
-40
-39
-38
-40
-36
-36
-30
-26
-24
-24
-27
-23
-25
-19
-17
-16
-16
-12
-5
1
-2
-5
-2
-9
-11
-10
-6
-3
-4
-3
-2
6
7
9
13
13
8
2
3
5
2
-3
-3
-4
-1
-5
-3
-9
-8
-7
-11
-8
-10
-10
-13
-18
-22
-25
-29
-37
-37
-39
-39
-39
-38
-34
-39
-37
-39
-37
-41
-41
-35
-40
-40
-36
-31
-28
-30
-32
-32
-33
-43
-42
-37
-30
-40
-37
-33
-30
-26
-35
-34
-35
-38
-36
-34
-38
-37
-32
-23
-21
-19
-21
-16
-4
-6
-5
-9
-4
4
1
5
0
1
2
-2
1
5
12
22
29
23
20
14
14
17
17
23
29
33
40
37
32
28
26
20
21
25
22
23
17
19
17
14
8
5
-1
0
0
0
0
-10
-6
-14
-20
-19
-18
-21
-16
-11
-14
-14
-13
-20
-24
-26
-25
-21
-26
-25
-27
-30
-25
-26
-29
-27
-24
-26
-20
-22
-19
-22
-19
-20
-22
-15
-13
-7
-3
9
16
15
18
18
25
30
31
40
48
50
58
55
57
60
64
67
65
72
75
77
73
73
72
70
74
74
75
77
79
81
82
82
81
78
76
69
63
60
59
59
53
49
45
43
43
43
53
53
45
46
42
43
41
34
26
21
23
26
32
32
27
29
33
30
30
28
24
23
18
23
23
21
25
30
33
30
30
31
28
24
16
11
19
20
17
20
16
18
21
21
18
14
12
6
6
1
2
-3
-9
-3
-2
1
-10
-15
-19
-21
-18
-24
-24
-31
-35
-39
-28
-30
-40
-41
-37
-34
-38
-31
-31
-33
-32
-27
-35
-37
-38
-44
-43
-45
-43
-39
-35
-31
-20
-19
-21
-10
-11
-23
-29
-31
-30
-34
-29
-27
-28
-23
-20
-9
-12
-4
-6
-6
1
-3
0
-6
-2
-1
1
3
2
2
1
5
8
1
3
6
-8
-11
-8
-5
-7
-2
2
2
-2
-18
-22
-30
-35
-33
-39
-38
-40
-34
-33
-35
-38
-36
-33
-40
-36
-39
-42
-41
-45
-51
-47
-43
-36
-35
-42
-40
-44
-45
-45
-47
-49
-53
-50
-51
-50
-46
-44
-47
-46
-48
-48
-44
-50
-44
-54
-53
-50
-51
-50
-52
-48
-42
-38
-37
-37
-35
-36
-39
-43
-39
-40
-44
-39
-37
-34
-29
-33
-26
-19
-16
-13
-14
-6
-2
7
16
18
18
17
12
8
10
6
10
13
15
25
23
19
14
11
14
13
10
3
6
5
4
2
2
3
8
10
6
6
-7
-17
-19
-28
-32
-35
-41
-39
-29
-28
-25
-23
-32
-30
-20
-21
-25
-27
-33
-38
-39
-34
-35
-35
-25
-23
-17
0
5
15
16
11
18
16
17
15
14
22
21
25
30
44
45
47
50
51
58
63
66
67
65
69
72
71
80
84
79
79
78
76
74
65
64
67
74
76
75
79
78
85
88
88
88
84
77
70
69
60
57
56
56
59
59
61
67
68
65
62
65
60
60
45
38
38
36
34
35
46
33
34
32
27
26
24
22
20
21
10
9
8
6
8
6
0
4
7
7
1
-2
-6
-11
-11
-19
-17
-15
-13
-10
-8
-3
-5
-2
4
5
10
5
1
1
3
2
0
3
3
7
8
12
13
6
7
6
1
-5
-6
-9
-7
-4
-7
-12
-17
-16
-9
-11
-8
-8
-8
-7
-14
-13
-15
-21
-20
-17
-18
-20
-17
-23
-20
-18
-15
-21
-24
-18
-22
-21
-30
-38
-38
-34
-36
-32
-35
-34
-32
-34
-38
-40
-41
-36
-25
-26
-20
-18
-18
-25
-34
-37
-41
-33
-30
-28
-25
-23
-19
-18
-15
-11
-12
-10
-7
-9
-14
-11
-7
-6
-8
-8
-12
-13
-9
-9
-7
-3
-2
-4
-1
0
-8
-11
-14
-16
-17
-18
-18
-20
-22
-22
-24
-19
-26
-22
-23
-30
-29
-36
-33
-32
-30
-31
-32
-30
-29
-35
-37
-40
-41
-40
-46
-43
-44
-48
-44
-42
-34
-30
-26
-20
-12
-16
-24
-22
-22
-27
-27
-27
-36
-29
-40
-40
-34
-27
-26
-25
-17
-10
-9
-16
-19
-21
-26
-31
-27
-25
-18
-21
-17
-12
-10
-11
-14
-16
-18
-15
-16
-16
-20
-25
-23
-19
-27
-29
-27
-28
-27
-29
-26
-24
-21
-18
-20
-23
-23
-23
-19
-12
-9
-6
-12
-11
-18
-21
-14
-17
-15
-12
-2
4
5
2
2
5
3
5
4
6
9
9
23
28
26
34
36
41
47
47
50
53
50
55
59
57
67
64
68
74
73
76
75
80
85
86
88
91
95
97
105
106
105
103
104
105
98
99
97
95
98
99
91
79
80
79
78
76
77
86
82
78
78
75
69
63
57
58
61
58
52
48
44
42
38
37
35
32
33
32
25
23
22
16
9
3
3
-6
-11
-10
-13
-11
-14
-15
-16
-12
-7
-9
-13
-15
-15
-25
-33
-37
-42
-40
-44
-41
-40
-38
-34
-30
-31
-33
-27
-24
-21
-22
-21
-20
-22
-23
-21
-21
-17
-15
-17
-16
-20
-19
-18
-14
-17
-17
-15
-18
-13
-12
-12
-11
-14
-9
-10
-9
-12
-16
-20
-24
-22
-19
-16
-17
-14
-17
-14
-8
-1
-5
-9
-10
-12
-6
-4
-2
-10
-9
-3
-5
-2
-5
-3
-7
-8
-11
-8
-5
-5
-1
-11
-6
-3
-2
-8
-16
-20
-27
-23
-22
-22
-23
-29
-32
-30
-26
-27
-28
-30
-36
-32
-32
-41
-48
-48
-41
-39
-29
-33
-38
-37
-41
-40
-34
-32
-28
-30
-38
-33
-43
-41
-44
-42
-34
-40
-37
-34
-26
-27
-28
-26
-26
-27
-27
-26
-26
-22
-22
-22
-19
-18
-21
-22
-23
-31
-23
-22
-20
-20
-26
-29
-33
-33
-30
-32
-32
-27
-19
-18
-18
-21
-28
-25
-25
-25
-29
-33
-36
-28
-27
-24
-18
-14
-11
-11
-11
-11
-13
-14
-17
-22
-22
-20
-19
-20
-10
-10
-8
-8
-7
-3
-5
-2
-4
-10
-15
-15
-16
-10
0
-1
-5
0
4
6
16
22
24
28
28
23
19
18
13
17
21
17
26
33
38
37
37
36
34
34
27
29
27
27
24
20
13
12
17
16
24
29
26
21
18
17
16
17
13
6
10
6
12
16
26
33
30
38
33
32
32
37
38
35
39
42
45
44
50
49
51
59
59
60
65
68
70
67
70
70
69
64
68
63
56
54
47
50
40
43
46
37
38
44
50
43
35
32
29
29
24
26
15
17
17
13
12
10
4
0
3
4
11
8
5
-4
6
6
11
15
11
10
10
12
3
0
2
2
-1
1
-5
-3
-2
-4
-8
-11
-4
-12
-15
-15
-20
-16
-13
-11
-12
-12
-9
-6
-5
0
-5
-2
4
-1
3
3
5
4
2
-4
-1
-2
-6
-2
-7
0
0
6
2
1
-3
-6
-7
-20
-15
-18
-16
-16
-15
-10
-10
-15
-20
-16
-22
-16
-15
-17
-11
-17
-23
-24
-30
-33
-37
-33
-42
-35
-33
-27
-25
-34
-26
-26
-25
-24
-16
-17
-21
-23
-23
-32
-36
-39
-42
-38
-33
-29
-37
-31
-32
-34
-37
-40
-39
-42
-41
-39
-43
-45
-42
-40
-45
-38
-36
-34
-33
-30
-30
-30
-18
-16
-15
-12
-2
2
-4
3
6
9
10
8
11
6
11
20
21
24
28
37
45
44
45
43
44
45
45
42
41
32
31
32
30
31
35
34
31
35
30
25
19
9
-1
-6
-9
-11
-12
-9
-11
-12
-12
-13
-12
-15
-18
-20
-14
-11
-21
-21
-19
-26
-32
-28
-25
-26
-26
-31
-31
-32
-40
-46
-51
-55
-50
-53
-48
-46
-43
-42
-40
-40
-43
-42
-44
-46
-54
-57
-59
-57
-57
-60
-51
-46
-39
-43
-38
-41
-38
-30
-35
-35
-34
-31
-27
-18
-17
-14
-9
-4
-2
-1
0
-4
2
7
14
14
20
27
31
36
37
38
42
41
41
43
35
35
38
38
38
39
44
47
46
49
48
47
44
38
35
39
38
36
38
37
36
43
51
56
53
57
53
55
57
55
63
57
60
54
55
54
49
51
46
50
49
48
44
44
42
46
50
44
41
35
29
24
21
23
23
24
16
16
19
15
16
5
5
0
1
11
8
19
12
2
-3
-6
-6
-5
-7
-5
-6
-7
-11
-14
-17
-20
-20
-19
-12
-16
-13
-22
-26
-27
-33
-23
-27
-30
-21
-17
-11
-4
-2
-3
4
-9
-10
-10
-14
0
-6
-13
-8
-8
-5
-8
-6
-4
-8
0
5
9
8
4
-5
-8
-17
-11
-15
-15
-9
-13
-9
-15
-17
-15
-15
-13
-20
-15
-12
-16
-17
-17
-12
-14
-17
-13
-8
-5
-3
-1
1
4
5
13
14
17
29
26
36
39
37
43
46
47
43
47
51
52
48
51
53
51
54
53
45
42
35
34
36
34
31
37
34
32
29
17
17
14
7
3
8
8
-2
1
-2
-7
-9
-14
-18
-29
-29
-31
-27
-31
-31
-27
-27
-33
-32
-26
-32
-31
-26
-23
-17
-14
-14
-10
-13
-3
1
-3
9
7
0
-2
-3
5
8
9
14
14
19
20
12
13
5
3
5
-4
0
-7
-16
-23
-28
-33
-35
-35
-40
-43
-43
-42
-46
-53
-55
-51
-60
-62
-61
-65
-64
-73
-79
-82
-83
-84
-91
-85
-85
-89
-84
-78
-83
-87
-82
-80
-71
-64
-64
-60
-60
-61
-62
-61
-63
-62
-57
-59
-44
-39
-32
-28
-25
-25
-27
-33
-26
-19
-15
-14
-19
-18
-22
-16
-17
-12
-12
-8
-5
1
0
0
9
4
4
-2
1
2
-1
2
-2
7
16
15
17
22
22
26
21
22
26
27
19
23
26
25
29
31
35
27
26
27
36
38
46
47
49
53
53
56
57
62
64
71
74
73
75
68
67
67
60
65
69
66
64
65
62
60
58
56
52
47
46
37
35
30
29
27
19
18
11
9
13
14
4
3
-2
-2
1
-3
-7
-10
-7
-9
-3
2
-5
-4
-2
3
11
19
23
21
15
18
23
20
20
28
28
29
32
21
23
26
22
23
18
23
20
23
26
26
28
20
25
20
14
7
2
2
1
-1
4
7
7
6
4
-3
-10
-11
-11
-12
-11
-9
-16
-13
-16
-17
-15
-24
-21
-19
-24
-24
-20
-17
-22
-20
-19
-12
-11
-18
-11
-11
-17
-6
-4
-10
-2
-3
-2
-1
1
3
2
1
6
10
7
8
13
20
20
29
30
25
26
25
24
24
20
19
29
36
37
32
28
30
32
34
34
28
21
23
20
17
16
13
16
12
14
9
8
3
-2
-2
3
-2
-4
0
-8
-5
-6
-8
-2
-1
1
6
1
2
-1
-1
2
-5
-5
-13
-15
-12
-11
-7
-10
-10
1
2
3
4
-2
-1
-8
-10
-12
-15
-18
-20
-13
-16
-22
-25
-27
-27
-36
-31
-39
-48
-49
-55
-51
-53
-56
-55
-56
-50
-45
-45
-51
-57
-57
-62
-61
-59
-56
-59
-59
-61
-52
-54
-55
-50
-50
-42
-43
-44
-46
-49
-52
-53
-51
-47
-44
-47
-38
-44
-54
-52
-62
-62
-70
-68
-68
-62
-60
-65
-54
-55
-57
-60
-50
-41
-41
-37
-38
-39
-34
-27
-26
-26
-25
-12
-8
-5
0
6
14
12
18
14
16
21
17
21
23
31
30
36
43
51
53
56
59
60
66
63
70
70
64
62
59
62
64
67
70
68
70
72
72
72
66
68
69
65
64
58
56
54
62
64
57
58
53
52
52
45
48
48
33
31
29
30
30
24
27
16
22
20
15
12
9
4
-1
2
-5
-2
-1
-2
3
-1
-3
-13
-11
-17
-20
-21
-22
-23
-30
-26
-21
-11
-12
-4
-2
4
13
6
12
14
17
17
15
15
10
13
12
18
21
24
32
36
33
35
34
29
28
18
21
19
17
20
13
18
24
16
10
15
15
12
10
2
3
-6
-16
-17
-13
-13
-16
-10
-13
-18
-21
-24
-24
-28
-29
-31
-39
-37
-42
-43
-41
-39
-38
-41
-36
-43
-46
-44
-49
-47
-40
-48
-54
-49
-52
-52
-49
-43
-33
-33
-24
-13
-12
-6
-9
-8
-5
-6
2
12
9
14
28
24
20
26
27
34
37
42
50
53
49
51
50
48
49
46
46
45
44
39
40
43
41
41
36
41
39
40
33
28
26
23
26
29
28
25
29
27
29
21
25
26
21
25
22
14
14
13
11
11
7
9
12
11
13
13
8
11
2
5
3
0
1
2
3
-6
-7
-6
-9
-6
-3
-3
1
1
1
1
-5
-4
-13
-20
-20
-26
-24
-24
-22
-24
-20
-20
-20
-22
-25
-21
-22
-21
-27
-35
-41
-44
-45
-51
-53
-52
-52
-58
-54
-60
-60
-62
-75
-66
-77
-77
-78
-85
-85
-83
-82
-83
-85
-91
-84
-87
-90
-78
-83
-81
-75
-73
-75
-68
-61
-58
-51
-50
-45
-41
-37
-35
-34
-29
-24
-19
-17
-15
-15
-11
0
0
1
2
2
0
0
4
0
1
-2
0
4
6
7
6
2
7
10
9
5
9
8
11
13
9
11
10
19
17
18
23
24
23
27
27
22
21
28
30
32
37
47
43
44
52
42
41
46
44
47
44
43
53
48
48
56
58
51
51
48
48
51
54
52
52
57
53
53
53
50
48
53
49
42
41
41
33
23
26
19
17
17
16
13
6
7
7
2
0
3
2
5
3
-4
-9
-4
-10
-7
-4
-10
-3
-3
-10
-4
-1
0
-8
-13
-9
-11
-8
-4
-3
0
1
-5
-3
-5
-4
-8
-15
-8
-7
-4
5
5
1
7
9
8
9
2
-1
-3
-4
-6
-14
-16
-17
-20
-22
-29
-20
-16
-18
-9
-12
-15
-17
-20
-29
-28
-28
-27
-26
-27
-26
-29
-23
-29
-32
-28
-25
-18
-16
-19
-16
-24
-22
-21
-22
-10
-6
3
6
8
10
13
17
15
22
24
26
31
32
31
34
35
37
42
45
50
59
60
62
63
62
60
53
52
39
41
47
45
50
55
59
60
62
50
54
57
53
51
56
51
38
39
28
31
30
33
32
39
33
23
26
15
16
9
1
-2
-1
1
8
8
3
0
-1
-6
-3
0
-4
-3
-11
-8
-8
-5
-8
-5
-1
-6
-9
-7
-10
-19
-13
-16
-18
-18
-27
-25
-28
-23
-30
-32
-31
-41
-44
-45
-39
-49
-57
-57
-69
-65
-59
-62
-61
-63
-62
-60
-60
-61
-61
-63
-70
-77
-80
-87
-88
-87
-84
-85
-86
-88
-87
-81
-79
-83
-78
-70
-77
-75
-67
-64
-63
-61
-64
-65
-60
-56
-49
-39
-42
-35
-32
-33
-19
-18
-13
-7
-7
-6
-9
-3
-5
-4
-3
-6
-4
-5
-4
-5
-2
-6
-4
-1
-2
2
1
8
10
4
7
3
0
5
8
14
13
4
4
2
6
7
9
7
8
6
6
11
8
12
7
9
5
7
7
-4
0
6
5
7
17
19
23
23
22
23
20
23
22
23
31
38
38
40
37
38
35
30
39
41
48
51
50
49
51
53
51
44
48
43
35
33
30
28
27
25
26
30
27
29
24
31
27
25
29
29
30
29
26
16
15
17
18
17
14
11
8
13
8
10
17
19
13
13
20
15
17
18
18
18
18
20
28
33
31
29
34
32
29
27
24
26
24
26
24
25
25
28
30
31
31
28
26
30
30
30
41
39
40
39
33
32
23
32
30
21
19
18
15
16
18
20
25
25
29
25
27
27
21
24
23
24
24
27
27
24
23
29
22
26
32
31
31
38
36
31
37
37
40
37
41
39
38
39
37
27
30
27
20
20
18
19
21
21
14
18
15
15
5
1
1
-6
-4
-8
-4
-7
-8
-10
-14
-16
-12
-17
-19
-25
-28
-36
-39
-46
-51
-50
-57
-52
-55
-50
-50
-48
-51
-52
-49
-52
-49
-53
-53
-57
-59
-54
-58
-48
-43
-41
-40
-48
-42
-44
-46
-45
-53
-50
-49
-60
-60
-57
-59
-53
-60
-61
-60
-58
-65
-72
-68
-77
-77
-77
-80
-77
-78
-81
-82
-84
-83
-76
-79
-79
-83
-90
-86
-88
-84
-86
-87
-78
-78
-82
-76
-69
-68
-68
-60
-54
-52
-39
-39
-28
-20
-17
-5
-2
4
5
6
9
13
18
17
18
20
22
27
34
26
31
39
37
41
46
50
46
43
38
38
38
40
34
34
37
25
29
33
30
29
30
34
39
40
30
29
23
16
16
14
18
20
17
19
14
12
8
9
10
3
9
10
10
7
5
6
6
2
-6
-4
-9
-9
-5
-5
0
-4
5
10
11
9
3
7
7
10
2
7
9
9
13
19
9
9
13
10
24
15
17
23
20
23
27
27
27
28
25
23
21
20
20
23
14
19
19
12
13
5
9
16
19
25
27
20
28
26
22
30
25
29
30
31
31
31
30
31
32
27
28
32
34
38
32
29
29
29
26
22
20
12
12
9
16
11
16
18
16
16
11
16
22
20
29
25
23
33
21
23
29
24
25
34
34
31
32
25
30
37
39
43
50
55
55
47
40
40
37
40
38
39
45
37
41
46
41
49
46
40
48
53
49
48
50
44
44
48
42
42
37
36
34
32
37
31
26
26
21
17
6
4
-2
-9
-11
-25
-29
-26
-33
-28
-26
-37
-40
-43
-44
-49
-53
-57
-56
-61
-61
-56
-65
-67
-72
-79
-76
-79
-81
-78
-80
-80
-75
-79
-80
-83
-83
-78
-90
-81
-78
-81
-75
-73
-70
-71
-73
-72
-76
-72
-62
-63
-56
-56
-48
-45
-52
-41
-43
-40
-41
-43
-40
-39
-41
-39
-32
-38
-31
-23
-23
-23
-17
-23
-21
-22
-28
-28
-25
-24
-19
-23
-29
-25
-29
-26
-26
-26
-22
-32
-28
-29
-33
-34
-40
-34
-39
-28
-29
-39
-39
-39
-26
-28
-31
-19
-16
-12
-2
-3
-2
12
15
12
17
22
19
19
26
23
28
32
38
48
49
59
68
87
92
94
95
98
96
91
94
88
94
91
93
92
89
86
73
76
67
64
55
51
48
39
37
32
32
24
23
19
18
13
7
9
13
15
1
8
1
0
2
3
8
9
11
17
18
15
20
12
10
9
5
9
6
5
1
-7
-3
-4
-14
-12
-16
-19
-14
-23
-18
-23
-30
-30
-31
-24
-31
-28
-26
-25
-21
-29
-29
-35
-30
-28
-31
-26
-20
-22
-19
-18
-16
-11
-8
-6
-9
-1
7
14
13
17
15
18
22
20
23
14
4
6
4
6
1
2
8
8
13
9
20
15
15
18
14
10
14
8
4
15
12
8
14
9
13
16
13
11
7
10
17
22
25
30
24
32
29
33
24
21
24
20
20
21
23
30
34
34
36
40
35
41
47
42
41
33
29
25
21
18
13
18
25
25
23
27
29
29
35
26
24
23
18
27
21
21
27
22
18
27
30
33
35
37
35
27
26
26
20
23
16
17
18
7
11
5
7
-2
-9
-13
-14
-19
-23
-27
-28
-34
-37
-36
-40
-31
-40
-45
-49
-58
-61
-59
-58
-61
-63
-57
-55
-55
-56
-54
-46
-45
-41
-41
-49
-54
-57
-46
-55
-55
-57
-57
-49
-44
-40
-41
-44
-48
-47
-45
-45
-50
-47
-43
-39
-37
-37
-40
-31
-20
-26
-14
-11
-13
-14
-20
-12
-21
-22
-16
-15
-9
-8
1
-4
0
3
-4
4
5
2
3
3
4
1
-1
4
1
0
-4
-3
-8
-13
-12
-10
-11
-17
-15
-11
-9
-13
-12
-8
1
-5
-9
-10
-8
-8
0
-3
-2
6
9
13
3
15
15
19
29
26
31
31
38
37
39
39
40
41
45
48
51
48
52
52
56
57
50
56
48
43
34
33
31
25
21
20
25
21
20
16
8
6
-4
-5
-7
-11
-10
-9
-11
-19
-28
-22
-20
-23
-19
-24
-29
-21
-28
-32
-25
-29
-25
-21
-19
-12
-13
-6
-3
-5
1
-2
0
-2
4
12
6
11
8
2
1
2
10
9
5
0
-1
5
8
6
9
13
7
7
6
0
4
6
4
4
7
1
3
3
-6
-9
-3
-3
-2
-2
-6
-4
-2
-1
-12
-14
-4
-12
-14
-18
-27
-19
-28
-23
-25
-32
-22
-29
-26
-25
-14
-12
-14
-13
-17
-13
-10
-12
-15
-16
-12
-7
-8
-11
-9
3
-3
2
5
10
11
12
12
10
13
14
18
15
24
30
32
33
35
33
34
29
30
32
33
29
34
33
32
36
29
30
31
33
25
22
23
20
12
14
10
9
20
19
23
30
31
29
24
22
19
15
12
11
19
31
35
38
26
34
37
31
35
32
34
29
34
41
44
46
50
49
52
63
61
60
59
52
47
41
29
23
21
15
21
16
8
10
5
0
-2
-3
-4
-3
-7
-2
-5
-6
-8
-14
-15
-18
-12
-14
-15
-17
-21
-14
-15
-10
-8
-13
-9
-7
-10
-10
-13
-13
-16
-17
-15
-12
-16
-13
-10
-18
-25
-24
-18
-29
-28
-24
-32
-39
-48
-56
-63
-71
-73
-76
-80
-73
-74
-83
-83
-84
-88
-91
-94
-94
-106
-109
-112
-120
-119
-114
-113
-113
-107
-106
-105
-99
-97
-95
-90
-89
-92
-81
-75
-74
-65
-61
-55
-49
-44
-43
-46
-49
-44
-42
-36
-27
-36
-28
-24
-19
-9
-12
-1
0
11
19
22
24
18
27
18
23
34
33
41
47
49
46
51
52
51
59
65
58
58
52
50
49
52
53
50
54
54
53
55
57
54
51
55
53
46
47
41
34
33
37
42
44
40
42
41
44
49
45
42
49
47
40
42
36
35
41
40
43
47
41
48
46
40
38
32
38
31
26
24
19
16
15
14
18
20
19
21
21
20
14
8
8
1
-6
-3
0
-1
1
-5
-5
-11
-14
-14
-14
-19
-27
-30
-28
-25
-34
-37
-36
-36
-31
-37
-38
-38
-32
-34
-34
-32
-43
-30
-30
-25
-24
-19
-15
-14
-19
-19
-19
-27
-24
-30
-24
-18
-18
-19
-16
-8
-4
-2
1
10
13
21
24
18
21
22
24
31
25
29
34
47
51
45
48
49
48
57
60
64
55
55
66
58
63
59
64
69
64
61
64
59
57
55
43
46
44
39
35
41
41
33
30
29
38
32
26
32
28
26
24
19
19
15
15
21
8
12
8
-4
-7
-7
-6
-12
-15
-19
-23
-22
-14
-14
-8
-9
-11
-4
-11
-12
-10
-14
-13
-12
-14
-19
-22
-18
-22
-21
-13
-10
-10
-1
-7
-15
-10
-6
-12
-22
-23
-20
-30
-20
-26
-35
-35
-41
-37
-37
-44
-47
-51
-47
-50
-64
-56
-54
-55
-61
-60
-59
-60
-56
-60
-62
-57
-55
-50
-42
-49
-48
-43
-50
-51
-48
-50
-50
-40
-47
-49
-47
-49
-48
-40
-39
-34
-35
-33
-32
-39
-41
-44
-41
-44
-45
-43
-53
-51
-43
-37
-33
-40
-24
-23
-22
-15
-10
-9
-2
-1
-5
4
4
3
2
11
11
15
19
26
27
18
27
28
31
29
21
15
11
17
19
17
15
2
2
2
-5
-6
-11
-16
-16
-13
-14
-21
-25
-30
-26
-25
-24
-17
-12
-2
-5
-7
-7
1
-6
2
4
0
5
-2
2
3
-1
5
9
4
10
5
3
8
7
11
13
15
19
14
21
19
24
27
23
24
19
21
22
19
15
17
24
23
36
36
36
38
40
49
53
54
48
48
46
45
50
54
51
51
54
53
57
60
58
62
53
55
51
45
46
37
39
40
37
35
30
33
26
27
25
24
24
19
13
7
9
3
0
0
2
7
-5
-3
-5
-5
-12
-15
-14
-22
-23
-26
-27
-32
-18
-19
-20
-10
-8
-10
-7
-2
-1
-5
-9
-11
-25
-26
-24
-19
-14
-12
-5
-2
6
6
4
2
3
4
1
6
0
0
6
0
4
10
8
8
1
5
5
5
5
0
7
3
0
-3
-5
-1
1
3
-1
0
-3
-4
-3
-11
-8
-10
-6
-12
-10
-17
-24
-21
-20
-18
-25
-22
-21
-22
-31
-27
-23
-25
-29
-22
-23
-26
-22
-26
-26
-28
-29
-21
-18
-15
-14
-8
-1
2
7
9
11
12
10
7
7
13
6
9
7
18
21
16
30
29
28
28
38
33
30
29
26
23
21
20
8
11
10
8
10
11
2
3
7
4
-1
-8
-11
-10
-9
-20
-21
-20
-19
-19
-15
-15
-12
-7
-18
-25
-25
-20
-13
-14
-13
-13
-17
-18
-15
-18
-14
-17
-18
-18
-17
-12
-10
-13
-18
-18
-16
-11
-14
-22
-22
-20
-24
-27
-35
-32
-27
-28
-27
-28
-33
-30
-27
-25
-31
-33
-33
-26
-28
-34
-31
-25
-17
-19
-16
-17
-13
-2
-6
2
2
6
13
22
25
24
26
28
26
21
23
21
21
14
12
18
26
26
15
15
20
15
19
19
19
23
25
21
14
12
12
6
13
18
19
18
20
24
14
16
18
14
11
4
5
-1
-8
0
-5
-7
-2
-2
1
2
5
1
5
0
1
0
-1
-8
-13
1
1
2
9
8
12
17
19
25
20
21
17
13
20
20
25
29
27
27
35
35
29
24
26
24
27
28
29
31
18
19
9
8
18
18
17
12
9
1
0
-10
-10
-11
-18
-17
-21
-27
-37
-32
-34
-39
-39
-43
-42
-46
-42
-41
-44
-35
-34
-41
-48
-43
-47
-31
-29
-30
-25
-30
-23
-26
-23
-26
-17
-16
-16
-14
-16
-13
-16
-14
-20
-20
-15
-15
-9
-1
1
8
-1
-4
3
1
7
7
6
11
16
15
15
19
17
17
18
16
12
18
20
17
23
21
18
15
23
21
23
34
31
31
21
16
12
16
10
7
9
3
14
19
28
36
31
39
41
39
38
37
34
31
26
19
25
27
25
35
28
26
26
34
38
38
38
39
44
40
42
35
39
33
24
28
32
37
35
34
44
45
41
35
24
23
15
7
9
4
11
15
5
3
5
5
8
10
4
-4
-1
0
-7
-11
-7
-17
-20
-9
-10
-11
-10
-9
-13
-12
-16
-13
-13
-15
-17
-21
-15
-20
-22
-22
-17
-15
-12
-16
-10
-10
-10
-8
-5
4
1
-8
-7
-5
-15
-16
-20
-20
-20
-20
-12
-6
0
3
4
0
0
-7
-16
-17
-17
-12
-5
0
-4
5
8
4
2
5
6
11
12
9
15
15
18
16
15
12
13
10
7
7
-1
-12
-10
-3
1
5
0
-2
-8
-5
-7
-14
-13
-18
-19
-25
-21
-22
-22
-19
-17
-15
-22
-18
-10
-8
-7
-12
-14
-15
-18
-21
-27
-31
-37
-34
-35
-39
-36
-37
-41
-40
-47
-45
-42
-44
-48
-49
-43
-43
-38
-40
-40
-43
-45
-51
-49
-46
-39
-37
-47
-49
-49
-51
-56
-56
-53
-55
-59
-55
-58
-58
-59
-51
-52
-46
-43
-43
-38
-35
-35
-32
-30
-32
-27
-32
-27
-30
-24
-19
-20
-17
-14
4
8
1
18
22
12
15
10
10
5
5
1
8
10
15
21
16
33
32
31
34
39
35
31
30
27
19
9
7
11
19
13
15
13
20
30
23
26
27
25
31
27
20
24
21
22
20
17
16
22
17
15
27
23
31
35
41
44
41
42
42
45
45
46
53
52
49
53
55
57
57
53
56
58
58
58
59
60
65
67
63
62
54
58
57
62
58
56
56
59
65
57
56
54
49
49
56
52
51
41
39
40
41
37
39
42
39
43
34
25
25
27
13
12
6
12
16
3
3
2
-3
-5
-10
-9
-7
-13
-18
-24
-22
-23
-18
-20
-22
-19
-21
-22
-15
-14
-14
-10
-10
-11
-16
-18
-15
-17
-19
-13
-9
-9
-3
-1
-3
-8
-8
-2
-3
1
-3
-1
12
9
7
7
11
11
11
20
19
6
12
12
14
19
11
17
18
18
22
11
2
-2
-8
-14
-20
-16
-19
-29
-31
-29
-27
-24
-27
-39
-34
-33
-42
-35
-41
-44
-50
-62
-60
-52
-56
-53
-57
-56
-48
-48
-53
-58
-55
-47
-37
-40
-38
-48
-49
-46
-52
-48
-45
-46
-38
-38
-40
-35
-43
-40
-37
-37
-30
-30
-34
-32
-32
-31
-28
-24
-27
-31
-26
-30
-45
-40
-42
-34
-35
-38
-42
-49
-46
-47
-48
-51
-42
-42
-50
-43
-49
-47
-41
-43
-31
-30
-32
-27
-28
-22
-15
-18
-19
-27
-29
-19
-19
-22
-23
-20
-19
-14
-13
-17
-16
-11
-19
-17
-19
-16
-10
-4
-6
-16
-9
-13
-11
-9
-2
5
4
10
2
4
0
-5
1
7
12
17
17
13
20
21
17
25
30
31
33
36
35
32
29
29
38
32
21
18
19
25
24
26
23
24
20
15
13
18
21
19
17
18
23
27
30
27
24
23
23
28
38
40
36
34
34
39
43
48
54
58
55
50
46
39
40
34
41
47
54
57
59
66
67
71
66
59
64
66
64
63
64
62
59
57
52
53
52
49
48
53
50
43
48
42
47
51
44
43
36
39
37
29
39
32
30
40
50
51
45
45
42
46
42
37
37
36
45
43
44
44
47
43
36
32
28
29
15
21
20
14
15
8
6
9
9
7
11
13
7
11
8
-4
5
-9
-6
-2
-3
2
-2
-3
0
0
1
3
-3
4
7
9
3
-7
-7
-18
-14
-19
-20
-23
-26
-26
-23
-26
-39
-45
-44
-48
-51
-49
-52
-51
-55
-46
-38
-40
-40
-40
-40
-42
-49
-58
-46
-44
-41
-47
-48
-41
-46
-40
-35
-41
-36
-42
-48
-37
-48
-47
-43
-46
-42
-43
-45
-46
-45
-51
-49
-43
-41
-45
-45
-44
-51
-48
-47
-40
-38
-37
-33
-36
-36
-30
-32
-33
-26
-24
-21
-29
-22
-18
-20
-23
-27
-25
-30
-23
-22
-19
-16
-15
-10
-8
-9
-8
-10
-10
-10
-11
-5
-7
2
1
-1
0
-2
-5
-14
-10
-14
-12
-14
-18
-16
-19
-13
-17
-27
-25
-32
-23
-33
-45
-39
-46
-41
-40
-37
-31
-25
-19
-13
-7
-7
-12
-15
-23
-22
-26
-22
-15
-22
-25
-29
-16
-8
2
0
-4
-3
-4
5
-4
-15
-17
-29
-29
-34
-35
-31
-25
-21
-18
-13
-12
-3
1
-6
-6
-8
-9
-15
-17
-13
-16
-16
-16
-13
-6
0
2
-4
-2
-1
-5
6
1
-3
-6
0
2
2
15
17
16
16
13
19
30
22
20
19
17
19
23
24
34
33
29
36
34
34
28
37
40
38
39
48
50
50
51
49
50
56
67
71
79
83
87
87
85
90
84
86
95
88
90
93
96
99
95
96
90
96
91
92
93
83
90
90
86
78
80
73
73
75
67
69
66
61
51
48
42
35
30
25
29
29
22
20
20
18
12
4
6
6
6
5
3
2
8
11
-3
-5
-5
-2
5
-1
-4
-10
-17
-21
-27
-27
-27
-31
-34
-37
-42
-40
-35
-31
-29
-33
-34
-39
-46
-51
-51
-50
-42
-46
-46
-47
-50
-47
-51
-49
-43
-42
-41
-40
-44
-46
-40
-38
-33
-39
-40
-34
-36
-30
-40
-40
-40
-37
-37
-35
-27
-29
-27
-25
-16
-23
-23
-27
-29
-27
-26
-30
-40
-39
-43
-45
-44
-38
-35
-25
-21
-27
-32
-40
-46
-42
-44
-52
-52
-55
-59
-57
-48
-42
-38
-31
-29
-28
-21
-20
-17
-7
-7
-12
-16
-7
-7
-7
6
9
10
15
19
19
27
27
30
26
23
28
24
19
16
18
24
22
29
29
33
33
32
28
18
23
23
27
24
24
24
21
24
13
13
10
14
13
11
15
11
5
6
-3
-15
-10
-16
-11
-16
-16
-17
-23
-30
-35
-25
-26
-30
-36
-38
-45
-43
-40
-45
-43
-44
-46
-55
-56
-52
-50
-54
-53
-47
-44
-50
-52
-48
-50
-43
-36
-29
-27
-32
-35
-36
-26
-26
-24
-21
-22
-9
-12
-6
-3
1
1
-2
4
2
9
18
22
22
25
28
23
18
15
17
10
15
9
10
15
16
23
15
19
17
21
23
24
28
24
28
28
20
21
25
26
35
34
35
33
25
24
22
21
26
31
27
20
13
13
4
1
6
7
5
6
10
14
6
4
-1
-3
2
-3
0
1
2
2
-1
4
8
3
13
20
15
15
15
18
15
6
1
5
10
16
24
27
24
33
30
28
37
41
48
38
33
37
35
31
29
27
25
33
35
37
36
37
43
35
31
27
27
33
29
28
18
21
26
23
25
29
30
29
32
30
22
22
12
13
15
15
23
20
25
21
27
24
15
13
14
16
15
18
10
10
13
13
18
13
16
19
20
21
24
31
28
20
16
14
18
23
24
25
30
30
28
27
25
24
21
17
14
19
28
24
21
21
15
20
23
26
24
16
19
16
10
11
-1
1
6
2
1
-3
0
-2
-4
-8
-5
-10
-13
-12
-16
-15
-19
-20
-23
-28
-31
-39
-42
-45
-52
-46
-53
-59
-52
-63
-67
-69
-70
-69
-59
-58
-69
-73
-85
-85
-87
-91
-96
-99
-100
-94
-84
-87
-80
-79
-78
-69
-73
-74
-74
-70
-67
-65
-61
-53
-53
-44
-38
-38
-38
-36
-20
-19
-16
-16
-8
-14
-11
-7
-7
0
0
0
3
9
7
7
-1
2
9
9
9
10
13
15
23
18
17
11
2
1
4
5
-5
-10
-14
-16
-10
-14
-17
-10
-11
-6
-10
-15
-13
-15
-17
-24
-22
-26
-23
-20
-16
-18
-24
-22
-20
-18
-16
-11
-13
-18
-16
-19
-21
-12
-9
-8
-2
-3
5
9
11
8
4
7
6
9
6
4
4
7
2
10
19
24
29
27
25
23
28
21
25
32
31
33
37
39
36
31
37
40
42
47
50
43
38
30
26
24
25
28
22
24
23
24
11
11
13
7
10
8
11
19
20
15
11
9
5
9
5
-5
-8
-11
-2
1
-5
-6
-3
-2
-4
5
16
12
12
5
11
24
23
28
30
28
25
30
35
35
32
28
40
38
38
46
39
42
45
46
47
41
50
49
45
57
57
60
64
61
65
60
53
50
49
47
54
55
52
48
49
55
50
42
38
41
46
39
37
32
31
38
44
41
38
45
36
40
39
32
30
21
11
8
-1
6
11
4
10
14
16
10
12
12
15
10
-2
-7
-8
-9
-15
-24
-21
-22
-25
-24
-18
-13
-16
-13
-12
-21
-23
-23
-35
-35
-37
-38
-42
-47
-48
-54
-53
-57
-57
-66
-59
-59
-62
-58
-64
-64
-64
-57
-62
-63
-68
-67
-63
-63
-55
-63
-67
-70
-75
-65
-65
-67
-61
-58
-60
-62
-61
-53
-49
-45
-46
-46
-40
-42
-44
-44
-44
-42
-39
-38
-38
-46
-47
-43
-42
-46
-41
-44
-39
-39
-34
-26
-31
-36
-37
-41
-44
-38
-37
-29
-28
-26
-23
-23
-24
-15
-7
-2
-1
-2
5
4
5
0
-2
-2
-2
-5
-20
-12
-9
-9
3
5
11
8
8
13
19
10
8
8
0
3
-3
5
4
8
13
4
9
9
2
9
7
1
7
7
14
16
14
22
18
15
17
13
16
14
20
18
13
11
11
5
6
6
12
12
10
18
16
19
14
16
18
19
11
9
12
7
13
9
13
19
19
24
35
32
37
35
31
36
25
32
41
36
34
35
36
43
41
51
55
60
61
56
66
63
63
63
69
62
60
58
49
47
36
35
31
29
31
29
36
27
20
19
20
23
18
24
26
20
9
8
16
10
10
20
23
22
25
15
12
13
17
18
18
15
12
13
14
24
20
16
10
13
16
15
7
8
6
3
-3
-8
-12
-17
-14
-17
-22
-28
-28
-30
-29
-30
-28
-23
-24
-26
-23
-30
-28
-29
-25
-21
-21
-23
-28
-24
-25
-23
-30
-25
-21
-19
-25
-24
-16
-16
-15
-17
-15
-18
-15
-20
-22
-13
-6
-3
-11
-5
1
1
0
-1
-3
3
-3
-6
-3
-6
-3
-6
-8
-4
8
7
13
14
13
17
20
18
17
11
11
7
2
4
3
6
-1
1
3
5
0
-3
-2
-4
-2
-5
-12
-16
-22
-23
-20
-18
-10
-13
-16
-11
-8
-7
-11
-11
-6
-5
-10
-13
-11
-6
5
9
0
10
14
13
17
16
13
14
14
12
9
5
1
-1
3
10
9
10
7
6
3
1
-3
-8
-2
-2
-9
-10
-4
-7
-6
-6
-5
-11
-19
-15
-20
-27
-22
-23
-22
-23
-24
-24
-14
-12
-9
-11
-16
-7
-3
-6
-8
-3
-7
-6
-3
-9
-10
-5
-4
-6
-1
11
19
21
15
10
9
6
1
3
0
0
-2
-6
-2
-1
6
6
8
10
11
11
13
17
13
16
16
22
23
17
17
18
23
14
8
5
0
-1
0
2
4
10
6
6
6
5
7
9
16
14
13
10
0
-2
2
-3
-2
-2
-10
-11
-3
-4
-3
2
0
3
3
-4
-2
1
4
7
12
6
7
21
23
27
31
35
37
43
31
32
36
30
30
32
34
34
31
28
28
33
33
22
20
16
10
15
13
16
13
6
0
-11
-12
-18
-20
-20
-26
-35
-37
-46
-52
-42
-40
-38
-37
-43
-40
-37
-45
-42
-38
-42
-41
-40
-42
-44
-40
-41
-44
-39
-42
-38
-31
-31
-32
-28
-22
-29
-23
-21
-22
-16
-24
-23
-15
-19
-19
-20
-25
-29
-26
-25
-19
-21
-22
-22
-26
-22
-23
-30
-36
-34
-29
-27
-24
-18
-21
-18
-17
-19
-18
-13
-15
-20
-23
-22
-24
-23
-29
-30
-30
-33
-25
-27
-19
-21
-23
-19
-24
-17
-13
-16
-17
-21
-21
-22
-24
-12
-10
-9
0
9
10
2
6
3
1
7
2
5
10
6
12
12
14
17
23
25
30
40
38
50
51
56
50
48
50
51
52
53
59
59
65
69
65
62
61
64
69
68
68
68
68
62
58
59
51
50
46
48
47
35
30
27
30
36
33
29
28
26
30
26
24
24
28
29
19
15
14
11
8
12
18
24
25
24
23
19
23
19
14
14
13
17
13
12
14
11
14
11
15
20
22
29
31
31
29
29
31
32
33
31
28
26
29
35
36
32
36
33
33
40
32
35
34
33
33
34
45
44
45
40
27
28
19
19
13
7
4
-4
-2
-3
-8
-16
-13
-13
-12
-5
-15
-17
-19
-34
-36
-42
-44
-41
-46
-51
-52
-48
-47
-48
-51
-53
-54
-52
-51
-55
-51
-50
-45
-40
-41
-35
-34
-36
-44
-50
-53
-54
-45
-50
-49
-47
-46
-42
-40
-35
-29
-28
-38
-37
-37
-43
-41
-47
-51
-50
-52
-52
-51
-54
-55
-45
-50
-36
-36
-40
-34
-29
-24
-24
-25
-28
-32
-38
-37
-36
-38
-38
-41
-34
-35
-37
-37
-37
-34
-32
-28
-25
-26
-26
-27
-30
-31
-37
-39
-42
-38
-42
-45
-42
-38
-36
-38
-33
-30
-23
-34
-31
-30
-28
-26
-32
-29
-27
-25
-19
-18
-17
-10
-9
-10
-10
-6
-4
1
3
10
18
20
21
21
28
33
27
32
33
34
34
30
36
33
41
38
35
36
34
34
29
35
37
29
31
36
34
30
22
22
24
24
26
24
22
23
23
22
21
24
25
20
20
19
8
5
4
0
10
8
7
5
3
8
5
0
-7
-11
-9
-3
-8
-8
-9
-6
6
5
4
7
2
4
11
10
11
14
16
13
22
33
35
39
46
48
51
55
52
62
70
68
70
76
77
76
80
81
81
75
83
88
86
87
86
81
74
73
69
62
59
65
64
65
63
63
50
53
52
41
35
29
24
22
28
24
26
24
23
24
13
15
16
22
28
18
17
21
12
7
14
19
20
25
26
24
28
22
23
19
21
22
22
22
18
18
13
14
12
17
19
22
22
30
29
29
31
29
30
22
22
25
29
31
21
16
14
6
9
1
-1
-1
-6
1
-2
-9
-6
-7
-15
-16
-17
-19
-26
-28
-36
-47
-50
-54
-51
-54
-58
-62
-67
-66
-63
-65
-73
-76
-80
-89
-88
-90
-96
-97
-96
-94
-99
-100
-105
-108
-104
-106
-102
-102
-102
-102
-102
-101
-106
-102
-95
-93
-84
-83
-80
-81
-80
-74
-75
-70
-66
-69
-68
-68
-65
-68
-75
-68
-65
-56
-52
-47
-45
-49
-48
-53
-50
-43
-40
-33
-31
-29
-25
-19
-19
-18
-15
-14
-14
-12
-13
-14
-12
-13
-10
-3
-4
-4
-4
-8
-5
-3
-2
-6
-14
-12
-17
-18
-11
-9
1
7
9
12
3
1
-6
-6
-7
-10
-2
-10
-11
-11
-10
-11
-7
-6
-10
-2
-2
2
-4
-3
0
-3
2
4
3
14
18
16
16
15
15
17
20
19
23
25
22
22
24
26
35
41
37
34
35
31
33
36
35
37
34
28
24
29
26
26
27
21
23
19
14
20
12
17
15
11
16
15
15
15
25
21
22
29
31
35
35
30
30
30
34
32
35
38
40
44
40
45
44
45
43
42
43
50
51
53
56
55
55
63
62
52
61
55
61
67
63
67
62
56
55
55
61
68
64
63
60
64
63
58
55
50
52
45
45
52
48
67
65
60
63
61
72
63
64
60
56
57
53
54
47
46
44
48
49
57
61
54
63
50
47
40
33
31
27
27
21
22
19
13
10
4
4
5
-1
-11
-21
-23
-33
-33
-28
-29
-23
-22
-17
-20
-28
-32
-37
-33
-39
-40
-38
-44
-41
-40
-38
-42
-44
-31
-38
-32
-34
-42
-40
-39
-38
-37
-34
-40
-38
-40
-45
-38
-45
-39
-39
-40
-41
-51
-51
-57
-61
-65
-63
-65
-61
-48
-50
-47
-38
-40
-40
-38
-37
-38
-41
-43
-34
-36
-39
-36
-38
-29
-28
-31
-29
-31
-32
-30
-30
-35
-38
-33
-37
-39
-38
-43
-41
-44
-40
-46
-52
-46
-53
-55
-55
-54
-55
-51
-53
-48
-46
-49
-57
-55
-49
-51
-49
-55
-50
-48
-45
-46
-45
-42
-40
-38
-37
-33
-31
-36
-35
-29
-27
-25
-29
-26
-25
-35
-29
-29
-29
-26
-20
-15
-14
-15
-22
-27
-30
-35
-36
-37
-45
-36
-32
-34
-28
-30
-32
-30
-27
-28
-24
-27
-27
-24
-27
-19
-18
-18
-18
-14
-19
-12
-8
-17
-13
-20
-21
-16
-17
-21
-16
-13
-6
-5
-6
-3
1
0
-3
-3
6
15
12
12
13
16
20
28
29
27
27
30
28
32
32
30
33
23
34
28
27
29
31
37
38
42
44
43
43
47
46
50
44
54
57
58
63
60
68
67
64
71
67
68
69
62
58
62
67
70
72
78
82
90
95
89
91
90
87
85
78
81
88
86
85
88
92
91
91
95
95
91
87
80
83
77
76
65
64
64
54
52
42
46
49
52
48
47
44
37
40
29
33
38
41
47
50
51
48
42
38
34
33
31
31
34
41
35
28
17
16
22
20
13
15
20
17
18
17
10
0
1
-6
3
-1
0
-1
-3
9
4
8
8
12
8
9
11
7
4
-2
4
2
-1
-4
-5
-8
-2
0
-4
-6
-18
-16
-9
-15
-17
-18
-20
-22
-24
-23
-29
-27
-24
-33
-32
-33
-34
-28
-28
-28
-29
-17
-19
-18
-12
-19
-12
-16
-22
-29
-29
-29
-32
-26
-24
-17
-13
-16
-14
-19
-21
-24
-34
-31
-35
-35
-43
-50
-51
-59
-55
-54
-52
-48
-54
-55
-55
-61
-70
-73
-87
-95
-91
-88
-85
-89
-82
-76
-70
-66
-58
-57
-52
-52
-57
-53
-58
-57
-59
-63
-61
-60
-63
-55
-46
-43
-49
-36
-33
-39
-38
-41
-43
-52
-53
-49
-50
-57
-53
-62
-59
-60
-63
-60
-61
-56
-52
-49
-58
-60
-58
-59
-51
-49
-55
-47
-49
-49
-48
-50
-54
-49
-50
-45
-29
-37
-38
-35
-33
-31
-30
-38
-37
-28
-26
-22
-28
-32
-33
-34
-26
-27
-29
-24
-21
-19
-10
-14
-9
-15
-16
-13
-19
-17
-18
-13
-8
-8
-6
-7
1
7
23
31
31
41
44
47
52
46
40
48
44
47
56
55
60
68
70
76
77
76
80
77
79
77
72
63
65
60
52
57
52
49
53
54
56
53
54
60
55
50
53
55
51
49
41
37
36
36
40
33
33
29
30
36
35
35
32
30
31
31
33
27
34
30
38
42
41
45
46
47
43
53
52
52
50
45
41
46
42
43
43
43
48
55
55
54
50
43
49
49
48
49
56
51
49
48
45
48
48
52
49
51
47
49
49
44
38
42
43
41
39
39
42
36
41
39
34
26
23
25
24
15
12
11
12
18
18
16
14
13
7
8
5
-7
-5
-8
-13
-11
-11
0
-1
2
3
-3
0
-9
-5
-1
-1
5
8
6
3
14
17
17
14
17
21
21
19
10
4
2
3
-1
-2
-8
-7
-6
-13
-18
-21
-20
-20
-23
-25
-30
-36
-36
-35
-39
-39
-40
-43
-44
-48
-49
-56
-58
-60
-64
-74
-77
-77
-87
-78
-80
-83
-81
-75
-74
-74
-75
-76
-87
-90
-81
-95
-87
-80
-88
-82
-85
-81
-75
-80
-85
-90
-87
-91
-90
-91
-93
-95
-95
-94
-89
-74
-70
-75
-72
-74
-72
-65
-61
-59
-60
-56
-60
-59
-51
-48
-45
-35
-26
-24
-18
-17
-17
-25
-18
-21
-19
-10
-10
-3
-5
1
-2
-6
-6
-5
-6
-10
-12
-9
-2
-1
4
3
9
18
16
16
21
19
24
13
10
12
11
12
14
15
15
15
25
19
18
28
19
21
19
12
20
25
20
18
21
20
19
26
32
29
28
27
34
39
33
29
31
19
27
27
26
33
30
35
35
34
39
38
37
40
41
46
50
49
48
48
48
45
48
49
53
56
53
59
49
44
40
34
41
41
43
45
48
35
36
36
39
37
37
31
27
27
21
21
9
9
2
9
7
12
12
10
9
9
-1
3
8
4
4
-6
-1
3
7
9
9
9
11
17
15
21
20
17
17
15
14
18
17
18
30
24
31
39
38
44
52
52
51
59
54
54
58
53
56
61
60
58
59
55
58
52
53
55
54
55
53
57
53
55
58
54
51
50
42
35
31
26
25
24
21
28
37
33
31
28
28
30
31
30
25
20
15
8
0
-4
-4
-5
-8
-6
-11
-7
-7
-8
-10
-16
-19
-31
-36
-38
-46
-46
-49
-50
-51
-60
-59
-55
-65
-62
-60
-63
-61
-64
-60
-60
-62
-60
-55
-55
-52
-39
-39
-45
-43
-40
-45
-46
-44
-38
-33
-37
-29
-22
-31
-35
-32
-30
-31
-25
-27
-31
-34
-37
-30
-30
-24
-27
-26
-20
-21
-20
-26
-38
-45
-46
-45
-47
-48
-45
-45
-37
-35
-35
-25
-26
-27
-28
-36
-42
-42
-44
-41
-39
-34
-36
-30
-26
-28
-23
-31
-23
-25
-22
-24
-29
-24
-19
-12
-15
-15
-14
-9
-5
-4
-11
-8
-12
-12
-14
-16
-16
-23
-19
-16
-14
-13
-11
-12
-8
-10
-15
-16
-15
-22
-14
-14
-16
-4
-5
6
9
7
14
15
16
10
9
8
11
12
9
12
20
22
18
21
23
20
18
21
15
14
5
8
1
-3
4
3
13
15
11
15
14
21
18
15
21
11
11
5
10
10
2
8
7
8
0
0
-1
-1
-1
3
7
-1
6
10
10
9
14
14
10
8
6
10
3
-1
-4
3
7
8
7
6
5
17
12
10
24
17
15
22
22
22
27
24
27
27
31
35
40
39
44
42
42
42
38
39
38
42
40
40
48
50
45
41
39
39
42
43
39
37
32
26
25
27
20
17
12
13
9
2
9
5
2
-6
-10
-14
-19
-20
-24
-32
-34
-39
-39
-37
-33
-27
-23
-20
-14
-16
-6
-3
-4
-4
-3
12
13
9
9
9
9
22
20
20
20
23
28
24
29
29
26
27
28
30
29
31
34
34
34
33
28
24
33
31
28
29
33
29
36
32
27
32
30
27
22
21
15
17
14
11
7
-1
-6
-5
-6
-12
-12
-10
-7
-14
-17
-22
-31
-31
-31
-32
-27
-31
-38
-31
-35
-32
-31
-38
-32
-34
-33
-28
-25
-26
-36
-33
-29
-23
-19
-19
-17
-17
-19
-20
-14
-14
-18
-21
-15
-3
-4
-3
-2
-4
0
-3
-11
-11
-5
-8
-9
-14
-15
-9
-11
-16
-18
-12
-12
-7
-5
-6
-16
-14
-16
-25
-22
-25
-29
-31
-36
-34
-32
-32
-31
-33
-29
-29
-33
-29
-32
-43
-34
-30
-30
-33
-34
-34
-28
-28
-25
-19
-25
-27
-27
-29
-27
-26
-18
-15
-14
-13
-17
-10
-10
-9
-7
-12
-8
-11
-11
-11
-10
-14
-16
-11
-9
-7
-7
-9
-6
-1
-6
0
4
2
2
9
11
10
13
15
18
21
13
18
27
31
38
31
28
28
33
34
41
44
41
40
37
42
41
41
46
52
53
59
62
56
55
49
46
46
41
39
37
34
35
37
37
34
31
27
31
26
19
18
10
8
1
-2
-1
-9
-12
-10
-8
-4
2
1
-14
-18
-22
-24
-32
-36
-35
-34
-35
-42
-49
-42
-47
-44
-38
-34
-30
-23
-31
-42
-32
-43
-40
-46
-46
-36
-31
-37
-32
-30
-30
-19
-24
-19
-19
-20
-22
-26
-29
-27
-23
-21
-21
-16
-12
-12
-13
-6
-11
-21
-15
-7
-12
-7
-2
0
8
7
7
7
10
9
3
1
7
7
-1
-1
2
6
9
2
10
4
14
17
15
20
6
13
8
6
8
6
12
11
9
15
16
24
24
19
24
24
19
21
20
25
30
16
22
12
18
29
20
24
29
24
20
26
23
17
20
21
21
16
12
5
2
5
0
-5
-1
1
-1
0
-3
-5
2
-4
-5
-9
-12
-7
-5
-2
2
-7
-11
-1
-5
-3
-6
-3
6
1
4
0
8
16
14
24
23
20
30
33
28
34
34
32
31
37
35
34
31
28
31
32
38
36
42
35
33
33
31
28
24
25
20
23
17
15
10
1
2
-1
7
8
10
13
18
18
19
19
16
15
12
7
7
14
18
17
22
25
27
26
33
37
31
29
29
33
28
27
32
37
37
32
34
36
36
33
31
31
26
25
17
12
13
7
11
9
7
12
7
4
-1
-5
-8
-8
-5
-5
-9
-17
-17
-20
-28
-33
-30
-28
-31
-35
-36
-34
-36
-29
-35
-38
-37
-37
-39
-41
-38
-39
-35
-27
-26
-30
-28
-34
-35
-36
-32
-30
-32
-24
-36
-39
-37
-33
-32
-38
-37
-36
-26
-29
-43
-41
-35
-27
-28
-26
-28
-26
-26
-29
-21
-28
-26
-28
-24
-21
-28
-19
-20
-22
-17
-15
-14
-17
-23
-18
-26
-27
-24
-19
-20
-24
-28
-32
-26
-28
-28
-25
-32
-27
-31
-36
-37
-48
-46
-55
-54
-54
-53
-61
-62
-51
-52
-38
-41
-36
-39
-36
-40
-44
-41
-43
-41
-43
-38
-37
-35
-28
-28
-23
-21
-19
-18
-18
-14
-18
-15
-20
-16
-8
-11
-14
-10
-11
-13
-8
-3
-7
-10
-9
-11
-4
-8
-1
2
4
6
3
4
9
11
8
17
17
17
26
26
27
32
30
31
32
26
29
35
35
34
41
38
34
34
31
31
28
28
27
28
29
38
39
36
33
31
30
27
37
25
21
25
17
15
16
10
10
12
13
16
12
7
7
6
8
12
13
15
15
12
9
16
11
14
19
22
29
29
32
28
34
40
39
38
37
39
42
36
28
26
25
27
24
31
28
28
29
29
30
26
25
28
28
26
25
30
36
41
40
38
44
40
40
42
39
44
41
47
44
48
47
45
47
45
45
49
54
49
54
54
52
51
44
47
45
50
49
43
44
47
48
42
40
31
28
28
25
22
15
5
3
7
4
2
2
8
1
0
-2
-3
0
-6
-8
-7
-7
-12
-7
-5
-9
-5
-6
-6
-5
-4
-6
-3
4
3
0
-11
-7
-4
-7
-5
-6
-11
-6
-8
-3
3
1
-10
-11
-16
-18
-31
-37
-36
-39
-32
-39
-38
-40
-43
-46
-39
-38
-36
-34
-35
-36
-42
-38
-42
-37
-40
-46
-39
-40
-36
-40
-47
-37
-39
-37
-39
-34
-37
-40
-38
-39
-38
-40
-39
-42
-36
-35
-36
-41
-49
-55
-55
-49
-47
-48
-50
-53
-50
-50
-50
-43
-43
-42
-48
-42
-44
-52
-56
-55
-52
-49
-49
-52
-48
-46
-43
-37
-31
-45
-44
-49
-47
-45
-45
-41
-40
-38
-44
-41
-39
-42
-44
-42
-35
-39
-37
-34
-44
-50
-51
-52
-52
-50
-48
-47
-48
-42
-44
-38
-34
-42
-36
-42
-45
-37
-36
-37
-41
-40
-34
-28
-25
-27
-17
-12
-12
-13
-12
-10
-9
1
0
8
10
12
19
16
17
15
13
10
3
6
0
4
4
2
10
5
7
10
16
11
11
15
11
6
2
2
2
2
9
12
13
32
35
35
38
36
41
43
42
38
48
47
49
53
60
65
68
72
66
64
68
70
72
66
64
71
69
66
65
61
52
57
61
60
59
49
57
56
57
59
53
55
48
47
46
42
47
46
41
40
47
50
45
55
57
55
57
55
59
64
64
60
63
62
59
56
57
67
65
66
69
66
72
74
69
68
62
61
60
62
61
57
53
51
49
45
58
47
42
44
33
36
42
40
30
33
34
26
18
26
29
23
21
16
14
9
2
2
0
-1
8
3
-2
0
1
4
11
5
-1
-2
-8
-13
-21
-26
-25
-26
-29
-26
-25
-23
-26
-23
-28
-30
-32
-29
-25
-25
-30
-24
-20
-25
-30
-30
-25
-21
-17
-18
-14
-13
-15
-22
-22
-22
-20
-12
-19
-23
-27
-23
-23
-21
-17
-20
-21
-20
-14
-14
-16
-17
-23
-28
-31
-26
-28
-20
-16
-18
-13
-19
-15
-23
-27
-28
-37
-32
-32
-38
-44
-51
-47
-54
-44
-41
-42
-44
-44
-40
-43
-42
-40
-31
-32
-33
-42
-46
-47
-42
-42
-45
-49
-64
-67
-66
-63
-58
-71
-81
-77
-86
-81
-80
-81
-80
-85
-81
-84
-88
-95
-87
-86
-87
-92
-100
-92
-89
-81
-83
-79
-77
-81
-82
-72
-78
-76
-80
-72
-69
-69
-66
-70
-63
-62
-54
-50
-53
-47
-38
-40
-38
-41
-45
-45
-46
-43
-42
-43
-35
-28
-23
-15
-12
-19
-20
-21
-24
-17
-15
-9
-11
-11
-9
-14
-3
2
12
18
29
33
31
37
32
37
36
37
43
42
43
51
52
51
55
53
58
59
56
70
71
72
86
85
87
96
97
94
99
98
95
94
91
91
91
92
86
85
91
89
84
88
89
82
86
83
79
71
61
64
66
68
66
61
61
61
56
70
79
74
76
69
71
61
53
56
55
55
51
44
40
33
36
36
32
37
32
33
24
23
28
28
24
25
32
28
28
32
30
34
35
30
34
34
33
31
31
28
30
36
36
39
36
33
30
34
38
29
33
30
26
28
28
34
36
34
28
28
26
29
28
26
28
32
33
26
24
25
16
17
16
12
13
9
8
9
8
5
15
16
19
23
22
22
17
17
19
21
11
13
11
2
-3
-6
-1
-3
-4
-6
-16
-10
-13
-11
-16
-21
-19
-16
-11
-15
-13
-19
-14
-19
-16
-15
-18
-13
-21
-22
-26
-27
-29
-34
-37
-44
-41
-41
-42
-41
-43
-45
-49
-52
-51
-61
-61
-56
-66
-59
-62
-65
-63
-74
-74
-74
-73
-73
-72
-69
-76
-73
-68
-70
-71
-68
-67
-61
-61
-69
-65
-66
-70
-71
-69
-68
-71
-66
-67
-71
-69
-76
-76
-80
-82
-81
-80
-77
-78
-70
-74
-78
-76
-73
-78
-73
-71
-74
-73
-71
-69
-70
-66
-60
-59
-47
-42
-36
-30
-40
-26
-19
-19
-15
-22
-18
-18
-19
-26
-22
-18
-15
-9
-13
-13
-9
-7
-2
-8
-3
0
-1
7
5
7
15
10
4
4
-3
-3
-6
-10
-10
-12
-5
-3
3
8
8
8
7
11
12
11
18
23
22
16
14
12
16
25
25
31
38
46
48
44
48
44
47
43
38
35
32
37
34
34
40
45
46
45
39
36
36
38
44
44
40
42
40
40
40
38
35
36
33
35
34
25
27
30
30
24
32
28
25
24
17
15
14
15
11
21
19
19
23
22
26
24
31
34
35
35
42
41
36
37
31
34
41
52
58
50
54
57
60
59
60
66
68
59
58
56
55
61
58
62
62
56
55
58
51
53
48
53
54
50
46
41
39
40
37
30
38
33
34
28
29
27
24
22
35
37
25
29
18
16
18
19
25
23
21
28
28
18
14
12
12
14
19
21
20
21
25
23
23
19
27
27
26
28
25
33
27
33
38
32
31
32
37
34
32
37
39
38
40
34
35
32
26
27
20
12
7
11
13
0
-1
-6
-9
-6
-16
-19
-20
-25
-38
-46
-52
-60
-61
-57
-58
-62
-57
-56
-54
-62
-71
-68
-67
-65
-76
-74
-73
-82
-74
-68
-64
-60
-51
-49
-47
-48
-51
-52
-55
-56
-60
-59
-61
-63
-59
-57
-58
-56
-58
-59
-55
-60
-59
-61
-69
-71
-65
-60
-62
-58
-51
-45
-46
-39
-38
-31
-25
-25
-23
-30
-18
-19
-18
-10
-11
-8
-5
-7
-4
2
-1
-3
-5
-6
-5
-12
-11
-7
-3
-1
-12
-17
-21
-24
-26
-31
-32
-35
-38
-39
-42
-41
-40
-36
-39
-39
-31
-27
-29
-25
-26
-28
-30
-34
-28
-23
-16
-16
-14
-15
-10
-10
-19
-16
-13
-12
-16
-22
-25
-35
-28
-25
-20
-21
-25
-18
-14
-14
-5
-11
-20
-18
-13
-7
-13
-22
-23
-10
-12
-17
-7
-7
-6
-3
-9
-8
-9
-13
-15
-13
-23
-19
-10
-14
-12
-4
1
-11
-8
-13
-6
-2
-3
1
2
2
3
5
-3
6
6
4
5
2
-1
3
6
5
-3
0
10
15
25
24
27
22
18
27
27
29
33
39
44
57
59
58
68
68
74
73
78
81
81
82
79
73
71
71
66
75
77
75
76
74
80
77
73
71
74
74
71
73
68
60
59
57
57
58
47
48
46
49
45
42
38
33
29
22
27
24
27
27
27
30
26
21
18
19
18
12
12
16
21
23
20
19
18
17
16
25
32
21
20
19
12
19
23
15
22
22
23
25
17
13
20
23
24
27
21
14
14
15
19
10
14
19
4
1
-4
-6
-11
-21
-25
-24
-30
-28
-21
-19
-23
-22
-14
-10
-17
-16
-4
0
-1
-5
-8
-6
-16
-15
-12
-13
-19
-25
-17
-19
-23
-23
-15
-18
-22
-29
-35
-33
-27
-29
-29
-22
-23
-17
-28
-39
-36
-34
-34
-33
-27
-32
-32
-23
-22
-21
-20
-15
-15
-21
-26
-30
-27
-25
-20
-19
-19
-20
-14
-9
-9
-4
-4
-7
-10
-13
-16
-22
-12
-9
-19
-12
-17
-20
-18
-20
-14
-11
-4
-7
-17
-22
-27
-26
-15
-16
-3
0
-15
-21
-24
-24
-30
-18
-10
-12
-25
-40
-47
-44
-41
-43
-50
-49
-52
-56
-46
-45
-47
-51
-53
-60
-64
-61
-58
-58
-54
-50
-48
-51
-54
-43
-27
-24
-26
-35
-44
-46
-47
-47
-48
-41
-47
-42
-43
-47
-37
-21
-20
-24
-20
-21
-15
-15
-9
-13
-10
-10
-10
-5
-7
4
0
7
9
10
14
19
20
17
16
17
15
18
20
17
19
19
29
30
32
33
25
15
13
15
15
22
21
9
16
25
36
39
38
42
34
31
32
43
44
42
50
39
34
37
36
45
43
41
42
47
34
34
38
31
37
39
40
40
44
43
43
40
34
38
34
35
41
39
34
31
32
30
26
33
37
39
45
41
33
34
30
36
38
33
27
25
27
24
25
18
14
14
19
13
14
9
7
6
1
-1
-11
-13
-17
-14
-20
-24
-31
-37
-29
-33
-33
-29
-23
-13
-15
-12
-12
-8
-5
-17
-20
-30
-27
-24
-22
-25
-28
-15
-13
-10
-4
-2
7
16
16
20
23
20
18
21
25
40
42
46
51
61
66
56
63
62
59
67
63
56
57
64
64
68
68
66
63
59
63
58
47
45
47
51
49
45
44
42
37
38
37
28
24
18
6
8
5
-5
-1
-7
-10
-8
-5
0
-7
-7
-13
-14
-13
-16
-11
-20
-24
-30
-42
-48
-49
-46
-44
-41
-40
-46
-47
-41
-39
-35
-42
-39
-39
-44
-42
-41
-42
-43
-41
-42
-42
-38
-42
-36
-34
-26
-27
-30
-27
-33
-26
-28
-28
-36
-32
-31
-30
-39
-41
-38
-34
-24
-29
-24
-32
-34
-27
-29
-28
-26
-30
-30
-27
-26
-24
-23
-27
-29
-21
-24
-27
-23
-23
-25
-19
-21
-18
-19
-22
-19
-19
-20
-13
-10
-9
-7
-3
6
5
4
7
13
8
11
11
12
5
7
8
7
5
2
5
5
7
1
12
15
5
-1
-6
-8
-11
-11
-15
-11
-5
-9
-11
-11
-16
-12
-10
-4
4
-5
-4
-12
-14
-15
-14
-8
-9
-6
-1
5
5
10
9
6
5
3
6
-2
0
-5
-13
-12
-4
-2
-12
-15
-16
-16
-20
-30
-33
-34
-35
-36
-32
-34
-38
-30
-27
-32
-36
-35
-33
-33
-35
-34
-34
-27
-31
-36
-35
-31
-25
-25
-20
-19
-20
-30
-34
-31
-38
-39
-30
-26
-20
-15
-9
-10
-2
2
8
10
9
14
17
19
13
14
18
25
33
34
30
32
42
43
48
49
49
61
55
52
51
55
60
58
64
64
64
67
61
58
57
51
43
47
46
46
46
35
30
32
34
39
38
30
30
25
20
14
10
15
18
19
18
15
11
13
7
13
15
15
19
19
17
13
16
21
21
17
20
25
21
19
18
20
21
24
28
29
30
29
31
31
33
34
34
35
31
31
27
20
17
17
15
14
17
10
12
15
8
4
3
3
-2
-9
-15
-20
-17
-13
-17
-20
-25
-26
-30
-26
-22
-25
-24
-29
-33
-36
-37
-39
-36
-34
-23
-23
-18
-20
-24
-23
-25
-18
-14
-18
-21
-17
-18
-14
-8
-6
2
0
4
4
4
7
4
-2
-4
-8
-2
1
-3
4
-1
1
4
-5
-4
-3
-5
-5
-4
-3
-7
-12
-11
-15
-6
-9
-12
-7
-10
-4
-4
-5
-2
0
-1
6
3
-1
0
1
-3
-2
-3
-6
-17
-18
-9
-3
0
1
4
2
-2
-3
-4
-7
-6
-7
-11
-18
-22
-23
-22
-24
-27
-25
-27
-23
-23
-23
-28
-23
-26
-21
-16
-23
-25
-22
-19
-20
-23
-34
-36
-32
-25
-29
-28
-31
-23
-17
-17
-19
-28
-30
-28
-30
-34
-36
-43
-45
-49
-48
-48
-48
-39
-45
-39
-33
-30
-34
-35
-27
-24
-25
-28
-26
-13
-6
0
-2
-6
-3
2
0
-9
-7
-5
4
10
16
11
8
13
11
17
22
20
22
23
18
20
17
13
8
9
11
15
11
18
19
15
22
17
18
16
15
7
1
3
2
2
4
5
6
2
4
8
9
8
2
4
5
2
6
4
1
5
0
-1
0
0
0
1
1
-2
7
6
2
7
5
8
9
12
17
14
16
14
2
4
5
1
-3
-4
4
-4
-4
-3
6
13
6
10
10
11
8
2
7
7
6
15
12
7
1
0
4
-4
0
8
8
9
11
16
13
14
16
14
5
8
9
7
5
4
0
-8
-6
-6
-4
1
4
8
11
10
13
9
3
2
8
13
12
11
5
12
19
24
31
31
28
30
29
26
31
26
32
38
38
41
47
43
43
42
41
39
39
36
37
35
26
26
23
31
28
28
29
33
32
32
30
24
18
15
18
11
8
4
7
16
24
24
28
29
30
35
29
35
27
25
23
21
11
4
7
4
5
10
15
9
16
12
12
14
12
9
8
6
8
6
-6
-10
-10
-9
1
4
5
13
8
12
7
1
2
0
1
-3
-12
-17
-16
-12
-11
-9
-9
-9
-5
-9
0
0
1
-1
-4
-5
-8
-9
-13
-10
-11
-15
-24
-27
-28
-29
-27
-24
-28
-35
-34
-26
-27
-24
-28
-32
-29
-24
-28
-25
-21
-26
-24
-29
-33
-35
-32
-25
-24
-22
-22
-20
-24
-26
-18
-23
-22
-17
-18
-12
-8
-9
-18
-16
-15
-17
-17
-23
-23
-24
-17
-14
-19
-22
-20
-25
-28
-28
-25
-36
-37
-35
-40
-42
-52
-51
-44
-39
-33
-32
-28
-27
-26
-27
-33
-24
-24
-32
-27
-24
-21
-18
-12
-11
-14
-8
-5
0
1
1
-4
-8
-13
-14
-12
-11
-12
-10
-9
-10
-18
-19
-11
-11
-15
-23
-23
-36
-44
-42
-41
-43
-41
-42
-46
-40
-33
-32
-35
-36
-42
-43
-48
-51
-51
-47
-53
-49
-47
-48
-35
-29
-28
-26
-25
-30
-29
-30
-32
-31
-30
-31
-33
-30
-31
-32
-19
-11
-2
8
7
9
16
16
15
18
23
27
33
28
32
39
45
47
36
37
38
44
53
52
47
52
58
59
55
58
62
60
62
61
62
59
60
59
58
55
60
68
67
73
75
79
73
65
64
61
60
57
58
54
44
41
41
38
40
42
38
41
38
30
30
24
24
23
16
20
25
24
22
24
26
28
23
27
20
16
24
19
23
17
13
20
18
16
19
15
15
20
22
24
14
14
17
16
15
18
11
14
12
10
10
-1
-1
-5
-1
-3
-4
2
4
12
6
2
6
8
17
24
27
24
18
20
20
27
25
18
18
24
34
31
32
34
34
39
43
41
33
37
31
25
22
17
16
9
8
2
2
11
11
8
8
8
4
3
-3
-10
-11
-13
-15
-10
-11
-14
-16
-12
-16
-17
-16
-17
-17
-22
-22
-20
-18
-18
-22
-31
-24
-19
-19
-22
-27
-29
-27
-23
-20
-22
-30
-29
-31
-29
-29
-23
-18
-21
-19
-21
-23
-29
-31
-25
-27
-27
-31
-30
-30
-36
-26
-30
-32
-30
-29
-35
-40
-39
-45
-57
-62
-57
-59
-66
-65
-63
-64
-55
-59
-67
-71
-67
-61
-64
-68
-72
-66
-68
-68
-66
-63
-70
-62
-54
-60
-55
-55
-49
-48
-41
-42
-39
-33
-33
-31
-34
-34
-39
-38
-35
-35
-36
-38
-30
-27
-21
-17
-22
-17
-14
-11
-13
-10
-11
-12
-10
-8
-2
0
9
9
10
9
8
9
6
4
2
-2
4
11
10
16
6
2
6
8
11
2
2
5
0
-1
5
4
4
3
6
4
8
16
14
16
17
17
13
13
10
12
20
23
31
29
22
22
25
18
18
20
19
22
18
20
22
23
28
27
26
32
25
23
26
21
16
14
14
19
20
15
14
11
21
30
27
25
24
19
17
15
9
9
3
-1
12
17
21
20
20
23
22
27
28
31
30
23
24
27
27
20
29
30
32
39
40
42
42
52
52
53
52
52
54
52
44
42
48
49
49
47
48
49
49
47
49
45
43
47
39
43
45
42
32
31
31
29
26
21
21
20
26
19
17
22
23
29
27
28
26
29
30
20
20
14
18
20
18
19
18
23
27
26
26
29
32
37
28
24
31
28
34
32
31
36
32
36
33
33
40
39
39
43
49
51
50
48
46
44
36
39
40
37
40
38
32
35
30
28
23
22
20
20
12
3
-1
-7
-7
-14
-18
-25
-21
-26
-26
-25
-32
-38
-41
-38
-40
-42
-50
-60
-69
-70
-70
-73
-76
-83
-88
-92
-94
-98
-89
-87
-86
-89
-87
-82
-81
-75
-71
-58
-57
-56
-53
-50
-53
-52
-47
-49
-44
-41
-33
-30
-28
-21
-24
-21
-13
-15
-14
-16
-11
-8
-13
-7
-5
-3
-2
0
-3
-6
-4
-5
-6
-5
-2
-1
-1
-6
-11
-16
-17
-14
-15
-12
-18
-18
-25
-29
-29
-34
-32
-39
-42
-41
-38
-35
-35
-37
-41
-34
-32
-37
-36
-41
-43
-40
-46
-47
-48
-45
-43
-38
-39
-45
-43
-40
-49
-52
-48
-55
-53
-57
-56
-50
-45
-47
-46
-40
-43
-37
-34
-32
-31
-33
-30
-25
-31
-32
-29
-29
-32
-29
-22
-20
-11
-9
-4
-3
0
8
11
10
12
8
9
12
16
17
14
14
12
13
16
19
23
24
22
20
18
29
38
44
44
44
41
31
32
37
36
37
42
45
47
55
61
63
66
67
63
66
63
63
58
49
49
46
44
43
46
44
42
43
41
40
42
45
39
38
39
34
37
45
42
41
37
40
39
34
28
27
28
25
35
35
40
35
37
38
38
39
41
46
45
44
39
40
35
36
48
49
53
52
55
64
59
56
52
48
47
50
46
41
38
36
36
33
37
32
34
36
32
31
28
25
18
13
2
-3
1
-4
-7
-5
-6
-8
-8
-4
-11
-10
-5
-5
-7
-7
-3
-3
-2
-6
-5
-2
2
9
11
14
21
20
17
17
12
13
1
11
7
6
12
7
12
5
9
16
14
19
21
22
21
12
11
4
-6
-6
-9
-13
-12
-11
-10
-9
-9
-10
-13
-12
-2
-3
-6
-11
-14
-17
-21
-23
-27
-32
-30
-32
-37
-38
-44
-43
-48
-49
-56
-62
-57
-54
-54
-54
-55
-59
-57
-58
-63
-66
-69
-69
-68
-63
-59
-59
-60
-63
-62
-63
-50
-49
-52
-50
-53
-53
-55
-51
-49
-43
-39
-33
-32
-30
-32
-24
-20
-23
-18
-22
-25
-24
-26
-27
-30
-31
-33
-29
-26
-30
-27
-27
-23
-24
-29
-33
-40
-42
-37
-40
-40
-42
-49
-45
-39
-35
-36
-38
-40
-41
-46
-50
-51
-51
-49
-46
-40
-40
-42
-39
-38
-35
-34
-36
-36
-37
-33
-30
-23
-20
-19
-17
-20
-16
-11
-13
-14
-14
-17
-16
-20
-19
-21
-25
-27
-31
-32
-25
-15
-15
-9
-10
-7
-1
-5
-2
-1
1
4
5
7
10
13
15
19
14
18
26
30
29
35
37
40
36
35
39
37
40
43
44
43
43
51
58
55
63
61
58
58
56
57
57
54
52
46
43
44
48
44
43
41
38
37
36
31
29
29
24
28
24
24
21
17
25
26
25
27
25
31
29
30
28
21
20
17
20
19
22
18
15
26
30
38
41
35
36
42
40
37
39
37
37
35
36
36
31
31
32
33
37
38
36
33
34
33
38
40
39
39
36
34
39
35
33
34
30
31
33
37
39
41
40
35
43
41
44
45
41
41
38
43
34
27
24
25
21
21
20
15
20
23
17
11
4
-4
-2
-2
-5
-7
-7
-11
-11
-10
-11
-4
-8
-8
-8
-6
-12
-7
-7
-10
-7
-12
-7
-3
3
6
10
7
14
9
9
10
13
16
19
18
20
20
14
20
18
18
20
13
14
13
5
9
10
0
-2
-3
-1
-7
-6
0
-9
-5
-3
-7
-8
-9
-12
-18
-18
-27
-31
-32
-32
-33
-38
-39
-34
-39
-38
-37
-46
-41
-42
-45
-48
-54
-51
-51
-43
-44
-49
-51
-52
-48
-47
-47
-47
-45
-50
-52
-57
-62
-66
-67
-65
-64
-63
-65
-69
-68
-60
-56
-53
-55
-58
-46
-40
-37
-34
-39
-33
-36
-29
-28
-32
-32
-26
-19
-17
-19
-18
-11
-13
-7
-7
-5
-6
-4
-5
-12
-18
-22
-18
-20
-19
-18
-22
-14
-5
-6
-5
-10
-17
-10
-17
-21
-28
-30
-34
-34
-35
-38
-34
-36
-26
-14
-10
-9
-17
-20
-14
-16
-20
-20
-25
-32
-31
-25
-23
-19
-16
-11
-5
-10
-6
-1
0
-2
-2
5
2
9
11
6
14
13
16
16
18
23
20
24
20
22
20
28
35
43
50
48
53
48
50
51
55
43
37
37
31
30
35
33
31
33
32
27
26
30
28
31
26
22
24
28
19
21
19
13
16
10
17
19
12
17
10
4
-1
2
2
3
5
8
15
12
10
11
14
16
9
5
7
12
10
15
18
17
24
27
32
30
32
31
30
31
32
29
28
32
33
35
46
51
48
47
44
54
58
55
54
53
51
53
49
45
42
41
49
52
54
49
46
46
48
52
51
47
44
45
50
51
47
41
39
41
42
42
43
41
37
31
25
20
24
25
22
20
11
1
3
-1
-4
-10
-13
-12
-14
-17
-11
-16
-23
-20
-23
-17
-19
-23
-21
-29
-36
-41
-44
-43
-51
-48
-54
-57
-51
-50
-51
-45
-39
-42
-40
-45
-48
-49
-45
-44
-45
-41
-47
-50
-43
-38
-41
-43
-41
-40
-26
-21
-28
-34
-40
-32
-31
-30
-26
-29
-35
-38
-47
-46
-41
-44
-36
-40
-40
-35
-37
-41
-41
-34
-29
-22
-21
-17
-17
-17
-14
-13
-11
-9
-9
-9
-8
-7
-8
-3
6
1
3
3
0
8
9
7
13
13
9
12
9
11
13
16
13
11
12
11
12
1
-1
-3
-7
-8
-7
-9
-7
-16
-20
-21
-25
-26
-32
-32
-34
-34
-34
-39
-37
-35
-31
-29
-27
-33
-34
-32
-30
-26
-36
-37
-38
-31
-28
-27
-22
-23
-16
-8
-9
-15
-16
-17
-25
-25
-27
-28
-27
-31
-34
-29
-25
-32
-31
-27
-29
-28
-25
-23
-28
-22
-26
-28
-33
-34
-30
-31
-29
-27
-19
-19
-20
-17
-13
-6
0
1
-1
-3
0
5
6
5
2
10
15
15
10
13
13
17
18
17
24
23
25
17
19
16
16
17
15
19
17
19
13
14
19
17
18
12
17
23
24
30
27
30
24
21
22
24
28
25
25
26
29
37
41
32
34
32
36
41
31
36
35
33
38
40
41
36
38
39
41
42
38
28
22
19
17
12
12
13
11
15
15
12
9
6
11
13
9
-1
-7
-10
-15
-15
-16
-16
-19
-16
-9
-4
-2
-7
-8
-8
-5
-10
-17
-17
-17
-7
-1
0
0
3
7
11
9
7
7
12
17
18
26
27
28
28
24
23
25
26
30
29
30
32
35
29
32
37
38
43
44
47
51
58
56
57
66
65
61
60
56
59
57
56
60
55
52
57
55
51
43
46
42
33
31
23
22
22
18
15
14
8
6
-2
-11
-12
-16
-22
-20
-19
-18
-13
-16
-12
-11
-9
-11
-8
-7
-2
-5
-10
-11
-5
-1
-4
1
9
14
14
19
19
21
18
15
3
4
14
16
12
12
15
11
18
24
20
21
23
20
11
7
0
-9
-8
-13
-15
-9
-17
-21
-23
-24
-18
-29
-29
-35
-46
-52
-52
-51
-51
-56
-60
-61
-57
-53
-50
-46
-49
-54
-54
-53
-63
-67
-66
-70
-67
-61
-56
-54
-46
-46
-46
-44
-44
-45
-45
-45
-44
-42
-40
-38
-44
-43
-37
-37
-36
-34
-31
-30
-32
-37
-35
-33
-35
-34
-32
-26
-18
-15
-8
-4
-3
-1
0
0
0
-1
-2
-2
1
-2
0
6
5
5
3
5
4
4
-1
-4
-2
-3
-8
-3
1
3
8
5
5
2
8
9
6
3
-1
-1
-5
-8
-10
-14
-14
-16
-25
-25
-21
-22
-25
-27
-30
-31
-43
-41
-37
-32
-31
-27
-27
-30
-24
-32
-32
-35
-33
-37
-41
-36
-40
-35
-29
-23
-23
-27
-23
-24
-21
-20
-20
-18
-28
-24
-21
-13
-11
-14
-13
-12
-8
2
-1
5
17
18
22
21
25
34
33
35
42
42
46
46
45
47
58
63
65
69
62
63
63
63
67
71
71
70
70
70
68
62
57
52
50
46
46
40
35
28
22
30
28
25
24
25
20
12
12
14
14
8
10
11
18
22
23
28
24
22
24
29
30
35
37
41
42
38
39
45
39
45
51
52
53
54
47
37
42
38
38
34
33
34
34
30
31
27
23
29
27
29
30
28
19
16
23
21
17
14
19
19
15
16
16
15
22
24
23
23
27
26
21
21
18
18
21
21
21
17
14
8
6
2
7
18
15
8
-2
-7
-5
-3
-8
-11
-15
-20
-18
-21
-24
-27
-32
-29
-35
-31
-30
-33
-30
-25
-23
-34
-31
-29
-32
-31
-34
-29
-31
-26
-19
-19
-19
-16
-18
-16
-14
-18
-19
-26
-25
-21
-18
-12
-16
-16
-16
-17
-20
-26
-27
-27
-22
-22
-28
-31
-30
-28
-27
-26
-29
-29
-25
-28
-23
-28
-30
-25
-33
-34
-37
-42
-37
-28
-29
-23
-20
-20
-16
-18
-25
-25
-31
-40
-41
-35
-31
-39
-48
-46
-47
-45
-42
-51
-52
-50
-50
-62
-68
-71
-72
-75
-74
-74
-66
-66
-66
-58
-51
-49
-48
-43
-41
-38
-44
-35
-34
-29
-19
-21
-19
-17
-13
-12
-10
-3
-7
-5
-6
-5
6
8
11
8
9
11
12
11
8
6
-4
-3
-4
-2
-3
-8
-5
-3
-2
-6
-3
3
0
-2
-6
-10
-17
-20
-30
-24
-21
-21
-11
-20
-17
-21
-21
-22
-27
-25
-31
-27
-33
-35
-39
-39
-32
-36
-36
-39
-33
-36
-31
-27
-35
-27
-23
-18
-20
-22
-22
-14
-5
-4
5
9
16
18
21
24
22
18
32
31
30
38
40
54
55
61
66
70
73
76
84
92
92
91
93
89
97
99
106
108
110
109
106
98
96
100
96
95
94
92
82
85
74
70
76
66
70
62
52
40
35
34
34
33
32
32
28
31
26
24
26
26
21
14
13
12
15
12
17
18
16
18
12
16
16
14
16
10
6
4
2
-2
-10
-4
-1
-6
-7
-9
-1
-2
3
-1
-3
0
2
9
7
7
4
9
11
18
22
25
23
21
26
26
28
31
31
34
41
40
39
37
44
46
45
42
42
38
38
41
35
35
30
25
31
38
41
34
36
36
31
26
20
14
11
16
6
-4
-6
-12
-12
-15
-18
-17
-20
-20
-24
-32
-37
-37
-32
-31
-39
-36
-37
-35
-28
-28
-21
-23
-21
-15
-21
-17
-16
-19
-22
-22
-16
-8
-9
-6
-6
-5
1
3
15
8
5
1
0
3
5
3
0
-3
-2
0
1
3
-1
5
3
-1
-12
-17
-19
-25
-26
-33
-34
-35
-34
-27
-28
-29
-29
-31
-32
-33
-36
-40
-42
-44
-48
-46
-46
-48
-46
-54
-54
-51
-50
-48
-55
-57
-70
-71
-73
-79
-79
-79
-70
-72
-72
-79
-83
-83
-82
-78
-74
-75
-74
-70
-73
-69
-64
-68
-67
-58
-61
-53
-48
-46
-43
-47
-42
-42
-34
-32
-29
-25
-24
-20
-21
-17
-14
-6
0
0
1
0
-1
-4
-10
-8
-1
-1
3
7
10
17
9
6
12
11
13
10
10
7
0
-6
-9
-8
-5
-13
-12
-10
-14
-17
-22
-20
-19
-14
-14
-15
-11
-10
-1
2
1
4
7
4
1
11
12
9
6
9
5
4
7
8
12
14
6
1
12
15
21
20
15
17
14
13
14
15
23
27
29
28
24
29
29
24
31
37
36
36
36
35
33
39
39
34
41
50
52
52
53
54
63
62
55
50
55
61
55
56
61
54
59
67
58
63
62
60
55
51
51
52
46
42
44
42
40
43
45
45
47
44
43
39
33
32
31
30
33
35
36
35
35
34
34
41
47
48
51
55
51
50
54
58
56
49
46
41
46
49
50
55
53
48
47
46
48
44
38
38
36
25
20
17
19
13
15
16
11
14
6
4
9
5
2
5
6
9
9
5
9
11
6
1
-2
-7
-13
-10
-7
-9
-4
-3
1
0
-3
0
-7
-12
-15
-19
-27
-34
-35
-36
-38
-43
-45
-50
-50
-54
-53
-55
-58
-58
-59
-59
-56
-58
-69
-71
-67
-67
-64
-62
-65
-66
-66
-64
-61
-62
-62
-62
-64
-69
-69
-69
-66
-57
-58
-54
-49
-46
-43
-47
-45
-42
-46
-51
-51
-52
-49
-43
-52
-52
-53
-53
-40
-36
-27
-28
-39
-37
-42
-43
-46
-41
-41
-48
-47
-41
-29
-26
-17
-14
-11
-9
-11
-11
-11
-10
-10
-6
-7
-4
-10
-8
2
7
5
1
7
1
6
6
4
1
-1
9
-4
-8
-12
-9
-8
-10
-8
-8
-6
-15
-18
-21
-14
-12
-25
-31
-26
-30
-21
-13
-18
-16
-20
-20
-17
-17
-14
-13
-9
-7
-15
-10
-4
-3
-1
4
10
10
8
7
-1
0
3
4
8
14
11
14
19
17
23
18
19
22
22
20
17
11
15
26
23
31
37
45
43
38
44
51
49
39
41
43
43
47
48
54
54
51
48
48
46
47
42
39
43
39
40
35
29
21
16
22
23
25
23
19
28
25
14
9
9
7
10
7
0
-1
-4
-9
-1
1
-5
3
-1
-12
-7
-11
-19
-18
-19
-15
-10
-5
0
-2
-3
-1
3
-1
-10
-6
1
2
4
13
18
20
20
20
19
20
20
24
27
26
31
22
15
18
21
30
25
20
13
20
15
6
3
3
7
7
7
8
11
15
22
18
26
25
20
21
28
33
38
44
42
52
56
58
65
62
56
61
63
63
60
66
68
58
57
58
62
60
58
46
43
45
38
32
26
28
28
28
20
13
9
8
7
5
-1
-4
-4
-8
-11
-11
-12
-19
-19
-18
-18
-13
-10
-12
-19
-17
-18
-19
-18
-19
-23
-26
-16
-8
-12
-5
-9
-14
-2
-6
-7
-8
-5
-9
-15
-18
-24
-21
-26
-22
-25
-31
-30
-25
-20
-18
-23
-30
-31
-30
-25
-32
-36
-46
-48
-50
-51
-54
-61
-61
-60
-49
-45
-47
-51
-51
-51
-50
-46
-55
-57
-63
-64
-60
-54
-52
-54
-52
-50
-51
-59
-61
-61
-57
-60
-56
-47
-42
-39
-42
-47
-47
-45
-43
-36
-40
-35
-32
-26
-21
-20
-16
-14
-16
-7
2
9
14
8
17
16
22
21
17
19
13
15
19
22
19
17
13
12
11
12
11
16
19
11
4
-3
-4
-8
-11
-17
-17
-11
-9
-13
-14
-10
-10
-7
-7
-8
-2
-5
-6
-10
-13
-18
-18
-14
-12
-10
-6
-5
-7
-8
-4
0
-3
0
-2
0
2
2
8
10
13
13
5
9
11
3
11
8
3
2
5
-3
-9
-9
-9
-8
-12
-13
-12
-10
-1
-1
-9
-16
-15
-21
-27
-21
-20
-10
-9
-14
-15
-8
1
7
3
-3
-7
-1
7
9
12
8
11
7
-1
4
6
8
9
15
24
22
23
24
24
25
22
24
18
18
28
33
35
33
33
36
30
30
33
30
30
31
28
32
25
19
23
23
23
20
27
33
36
36
31
37
40
38
47
47
49
50
47
48
51
45
46
53
54
54
53
53
53
49
42
43
42
31
37
44
50
53
43
39
38
32
32
35
28
25
22
21
24
28
17
22
28
20
17
5
11
10
15
15
-2
-4
5
11
2
0
-4
-4
-1
-3
-9
-14
-9
-2
-8
-9
-11
-26
-29
-27
-31
-32
-31
-37
-37
-37
-37
-34
-36
-39
-45
-45
-45
-44
-45
-55
-48
-47
-46
-46
-40
-27
-31
-29
-33
-31
-24
-17
-34
-39
-34
-37
-37
-31
-20
-21
-26
-23
-27
-29
-18
-21
-21
-21
-22
-10
-3
-1
1
-3
2
-2
-6
-11
-10
-7
-13
-4
-8
-17
-10
-8
-9
-17
-16
-13
-16
-10
-10
-8
-3
-3
2
4
-2
1
12
6
4
0
-2
11
10
6
7
4
9
8
7
7
7
11
11
14
6
8
12
3
-1
-4
-9
-8
-3
0
-6
-18
-21
-16
-16
-21
-17
-20
-16
-9
-7
-6
-7
-11
-14
-11
-2
-1
-7
-17
-17
0
4
-1
-5
-8
-2
2
0
-2
-5
0
-1
-7
-9
-9
-11
-11
-15
-16
-23
-24
-26
-27
-24
-26
-24
-18
-16
-21
-30
-28
-25
-26
-29
-28
-26
-32
-29
-30
-26
-12
-18
-24
-27
-18
-11
-13
-17
-15
-9
-3
-2
2
-3
5
12
14
23
17
15
10
10
18
17
10
6
-2
3
7
8
12
11
-5
-18
-18
-22
-23
-34
-39
-33
-27
-23
-30
-37
-32
-32
-28
-30
-33
-30
-35
-33
-32
-32
-34
-38
-40
-35
-28
-23
-22
-19
-16
-18
-9
-3
0
2
4
5
0
4
2
8
15
16
20
27
37
37
37
29
26
34
43
40
39
44
44
49
50
42
41
34
32
34
31
31
31
30
25
33
37
36
34
40
48
42
44
38
31
29
29
32
37
42
48
51
49
53
59
63
58
59
64
55
55
50
49
50
41
41
43
47
46
41
45
43
41
40
31
23
12
12
12
12
9
8
14
12
9
12
19
17
10
9
4
2
5
0
4
9
19
19
21
26
29
30
28
29
18
19
15
14
9
4
4
-4
0
1
0
-1
-10
-10
-9
-14
-19
-24
-25
-18
-15
-12
-11
-13
-2
-2
-3
-4
-1
-5
-10
-3
0
-1
2
4
10
17
20
24
23
25
22
14
7
5
4
2
-1
-10
-8
-13
-10
-1
4
8
11
6
0
-2
-4
-22
-29
-35
-39
-33
-30
-23
-27
-28
-32
-33
-29
-23
-16
-25
-29
-42
-45
-45
-54
-50
-53
-54
-52
-48
-41
-38
-40
-39
-41
-40
-31
-29
-30
-33
-29
-20
-12
-17
-21
-19
-20
-19
-22
-30
-25
-20
-20
-22
-27
-23
-22
-20
-30
-30
-28
-30
-27
-26
-26
-26
-23
-22
-31
-25
-12
-9
-8
-7
-5
-1
3
-6
-1
5
3
1
-2
1
6
4
-2
2
-1
-2
-8
-17
-22
-26
-26
-24
-22
-21
-24
-24
-24
-29
-30
-32
-31
-36
-39
-42
-46
-43
-45
-41
-27
-28
-21
-12
-12
-1
-3
3
7
4
3
3
-1
7
14
12
21
24
25
21
18
19
19
21
19
20
18
13
8
11
12
12
7
9
18
12
12
8
-3
-2
-2
-2
-1
-13
-13
-6
-9
-8
0
-1
-6
-8
-10
-9
-8
-6
-6
-11
-14
-17
-12
-10
-7
-3
-1
7
4
4
-2
1
-3
-6
0
5
15
15
17
20
17
12
19
15
13
15
13
16
11
12
12
12
15
19
21
20
27
28
22
13
15
21
26
37
33
36
45
49
51
48
51
49
47
44
46
53
48
48
59
65
47
44
81
73
34
51
82
57
36
37
36
35
29
21
41
29
8
24
12
11
17
12
0
21
23
6
21
22
9
12
9
6
10
14
18
13
17
21
19
25
29
22
21
22
25
23
23
22
21
27
31
32
16
7
11
9
6
6
4
10
8
8
7
6
9
11
6
-3
-7
-10
-12
-17
-20
-18
-16
-16
-20
-20
-17
-16
-16
-8
-8
-7
-3
-12
-7
-17
-24
-30
-29
-21
-28
-31
-32
-27
-41
-49
-48
-41
-42
-37
-42
-50
-44
-44
-51
-57
-50
-47
-51
-50
-50
-50
-45
-33
-39
-37
-32
-41
-40
-36
-30
-37
-33
-30
-26
-19
-20
-16
-15
-15
-3
5
6
12
12
5
8
9
7
10
5
-2
1
10
15
13
14
19
25
25
27
29
18
19
20
18
12
-2
3
-5
-8
-9
-15
-19
-25
-31
-45
-19
-21
-50
-32
-27
-35
-41
-37
-18
-32
-36
-51
-29
-38
-40
-28
-58
-43
-53
-52
-28
-20
-38
-45
-53
-5
-29
-23
-14
-30
-19
-41
-7
-26
-19
-37
-41
-15
-39
-35
-35
-32
-19
-28
-24
-13
-19
-9
-12
-18
-3
-6
-4
-8
-9
1
3
8
7
6
5
4
16
10
11
13
-3
8
6
5
10
14
12
1
3
8
7
8
3
1
-3
2
3
2
12
12
11
4
5
12
10
3
6
7
7
12
14
9
14
21
19
25
24
28
26
31
37
40
35
38
49
46
44
39
45
46
43
48
52
44
49
51
60
55
54
52
47
51
51
59
56
52
55
53
56
44
38
45
34
40
36
32
27
29
25
21
25
23
35
29
22
27
14
20
30
31
33
32
34
33
35
32
29
31
27
34
42
42
40
34
32
37
38
38
38
39
35
34
38
39
39
37
33
28
24
26
27
24
17
14
21
15
15
13
10
14
8
10
10
1
5
11
5
3
5
0
-5
1
2
2
7
9
10
13
9
4
1
6
4
3
-2
-12
-14
-14
-8
-3
-11
-5
-1
-8
-6
-1
-2
-6
-11
-14
-13
-23
-26
-21
-24
-19
-16
-20
-23
-22
-19
-6
-5
-15
-17
-15
-9
-12
-21
-27
-26
-25
-21
-22
-18
-23
-16
-16
-28
-20
-32
-32
-42
-47
-44
-54
-47
-49
-58
-61
-62
-70
-73
-73
-79
-84
-86
-81
-75
-76
-76
-69
-72
-67
-59
-55
-48
-54
-52
-51
-59
-53
-44
-40
-38
-36
-30
-26
-23
-20
-15
-7
-4
1
-3
-10
-10
-15
-9
-10
-14
-9
-10
-11
-10
-11
-12
-11
-13
-9
-8
-12
-17
-21
-24
-29
-27
-28
-29
-26
-23
-26
-28
-32
-38
-46
-43
-43
-50
-48
-52
-43
-50
-45
-42
-41
-39
-39
-27
-31
-28
-28
-29
-25
-17
-8
-10
-4
-1
-7
-4
4
8
13
11
9
16
17
22
19
12
12
11
14
5
5
1
-2
-4
0
9
8
12
16
14
13
13
10
7
7
5
4
8
11
12
15
20
22
20
25
35
39
31
31
38
43
47
45
43
41
42
48
59
58
62
66
65
68
60
51
62
60
63
70
64
61
55
60
60
68
70
64
66
71
67
60
57
52
63
59
59
55
56
57
53
50
39
44
49
59
59
48
42
35
39
32
32
28
19
26
26
24
20
18
17
15
23
28
24
14
12
10
8
5
5
4
6
12
13
16
11
12
18
26
20
9
7
5
6
3
4
0
1
-7
-2
-7
-5
-3
-5
9
0
0
1
-4
-2
-3
0
-3
-3
1
-5
-8
-13
-16
-21
-17
-15
-15
-21
-21
-20
-18
-7
-10
-14
-18
-20
-16
-14
-27
-27
-19
-22
-21
-22
-17
-5
-6
-7
-5
-3
0
-7
-6
-9
-5
4
-7
-5
-6
-4
-5
-7
-6
-7
-8
-7
-10
-23
-29
-33
-32
-40
-40
-43
-47
-51
-50
-58
-61
-59
-64
-62
-67
-72
-73
-74
-72
-71
-71
-65
-69
-65
-58
-58
-61
-60
-56
-51
-48
-46
-46
-47
-51
-44
-40
-45
-38
-31
-25
-23
-18
-22
-24
-25
-28
-20
-20
-23
-20
-20
-21
-12
-17
-24
-22
-25
-26
-28
-37
-30
-31
-28
-27
-33
-29
-27
-24
-30
-36
-39
-42
-28
-23
-25
-39
-46
-39
-33
-21
-20
-29
-35
-38
-27
-24
-24
-20
-23
-24
-21
-17
-11
-6
-2
0
5
7
11
13
14
17
14
11
12
11
16
21
18
20
13
12
13
5
4
-3
2
0
-6
-7
-10
-9
-10
-6
1
-2
-1
4
12
18
19
27
19
17
19
20
25
26
29
31
35
34
40
40
39
45
48
45
41
49
47
50
49
43
44
46
49
50
45
41
42
40
33
30
37
40
42
41
39
39
34
34
34
35
34
29
36
41
40
45
43
42
46
41
36
32
21
26
29
23
25
24
24
31
31
38
39
44
43
35
39
35
29
20
12
11
16
22
20
18
19
25
37
41
41
28
21
20
19
24
23
15
8
11
13
12
16
5
12
11
12
12
4
6
-3
-5
-4
0
0
3
2
7
20
22
21
25
23
20
20
19
9
7
10
8
18
14
18
25
28
37
38
39
32
29
21
22
16
12
15
5
7
10
16
14
16
20
27
29
26
20
15
17
24
27
15
21
18
17
24
18
12
13
7
6
-3
1
-11
-13
-9
-14
-18
-26
-24
-29
-35
-43
-46
-46
-51
-55
-64
-74
-74
-81
-79
-74
-71
-70
-67
-62
-61
-58
-55
-53
-61
-48
-40
-40
-37
-38
-32
-27
-21
-22
-14
-14
-12
-16
-19
-21
-30
-27
-27
-32
-42
-44
-36
-34
-36
-37
-37
-40
-37
-40
-38
-31
-30
-24
-28
-25
-24
-24
-27
-33
-26
-24
-21
-17
-8
-2
2
5
8
9
8
10
6
-6
-10
-7
-10
-13
-14
-22
-11
-11
-17
-13
-17
-19
-18
-17
-18
-19
-23
-23
-22
-24
-26
-26
-29
-31
-30
-29
-26
-24
-19
-20
-22
-22
-24
-23
-23
-18
-22
-22
-22
-27
-29
-31
-25
-20
-22
-30
-25
-24
-28
-24
-21
-21
-21
-8
5
6
6
3
7
14
18
21
21
23
18
16
20
23
23
24
20
15
24
23
25
25
18
20
20
28
27
22
25
11
20
21
11
7
3
3
2
4
9
10
13
16
15
21
27
33
34
33
30
27
27
28
31
37
36
41
49
50
47
42
46
41
50
46
39
36
33
24
24
28
29
28
27
27
17
15
18
25
26
31
33
37
31
28
31
25
30
39
39
46
47
47
45
49
52
48
42
42
37
33
31
28
28
30
31
19
16
10
10
12
13
12
5
5
4
1
3
4
4
2
7
7
7
10
7
0
0
4
5
7
6
7
10
13
13
12
5
5
5
1
-2
-13
-11
-12
-18
-17
-15
-10
-17
-14
-9
-13
-10
-14
-11
-12
-15
-9
-13
-13
-11
-10
-5
-5
-5
-5
-7
-6
-5
0
-2
-6
-6
-9
-9
-17
-14
-15
-14
-12
-17
-16
-21
-20
-27
-32
-25
-20
-22
-23
-27
-27
-24
-29
-28
-24
-26
-25
-24
-23
-25
-32
-35
-34
-34
-29
-23
-22
-22
-27
-27
-29
-33
-34
-36
-34
-34
-35
-32
-37
-40
-42
-40
-40
-38
-34
-41
-35
-33
-28
-24
-26
-28
-26
-27
-19
-19
-16
-10
-12
-7
-4
-6
-4
-1
0
-2
-1
-2
-6
-12
-23
-17
-19
-30
-23
-22
-25
-23
-28
-28
-25
-20
-16
-11
-9
-9
-8
-5
-8
-10
-2
1
6
6
17
21
20
19
19
24
26
25
24
24
16
17
21
22
21
23
18
13
8
-1
0
5
1
-5
-8
-9
-11
-9
-5
-1
8
8
19
19
18
25
16
14
9
10
9
9
6
0
0
-8
-8
-5
-6
2
7
7
-4
-14
-19
-26
-29
-33
-30
-25
-22
-22
-21
-11
-11
-5
0
9
15
13
16
14
10
13
20
23
27
35
45
48
44
50
49
51
48
43
38
34
30
24
20
19
18
12
16
10
3
2
1
1
0
-5
-7
-6
-11
-11
-10
-9
-16
-17
-15
-11
-8
-6
-8
-7
-8
-6
-1
-6
-7
-9
-6
-5
-10
-15
-17
-26
-30
-31
-35
-39
-40
-36
-33
-32
-27
-23
-21
-16
-11
-11
-12
-6
-10
-9
2
7
17
24
32
40
45
53
66
72
71
72
70
74
69
64
64
64
63
58
56
52
47
42
37
33
26
19
18
16
22
24
19
25
23
24
21
13
14
11
6
4
7
0
5
11
3
5
2
1
4
2
3
2
-3
-4
-5
-8
-12
-17
-23
-24
-17
-14
-18
-15
-16
-15
-12
-17
-14
-15
-20
-18
-18
-14
-12
-9
-3
-2
2
-1
-1
1
-1
-3
-5
-9
-4
-6
-5
-5
-11
-11
-8
0
2
3
5
5
4
6
-2
-2
2
-2
-5
-5
-2
-2
6
13
17
19
15
16
16
13
14
9
9
10
12
17
16
11
8
8
12
14
17
14
7
3
-3
5
0
-1
-1
-2
4
5
4
8
8
2
1
-1
-4
-5
-3
0
6
10
8
7
6
5
4
0
-6
-8
-16
-12
-17
-19
-18
-23
-21
-25
-22
-24
-22
-16
-21
-26
-31
-29
-33
-34
-30
-34
-33
-34
-32
-30
-26
-22
-16
-4
-3
-5
-2
0
-7
-6
-7
-8
1
0
5
8
1
2
-1
2
-3
-5
-5
-11
-18
-21
-22
-24
-21
-24
-27
-28
-26
-23
-21
-25
-29
-31
-36
-29
-28
-32
-31
-27
-22
-21
-17
-12
-8
-5
-4
-9
-10
-10
-8
-13
-16
-13
-17
-15
-11
-13
-5
-9
-10
-7
-11
-10
-9
-7
-8
-7
-2
-1
6
2
1
4
-1
-1
-1
7
12
10
14
18
16
19
19
15
12
10
14
9
6
-1
-3
-6
-14
-15
-22
-22
-21
-21
-22
-14
-8
-8
-7
1
-2
0
4
0
6
4
4
7
7
8
14
15
23
32
23
21
19
19
20
20
25
19
16
10
5
5
2
3
2
1
5
7
10
16
15
17
20
19
15
14
17
21
26
28
37
43
46
52
48
37
39
45
38
33
31
27
25
27
22
20
13
8
8
3
-3
-10
-15
-27
-23
-21
-28
-18
-21
-19
-14
-13
-12
-17
-9
1
4
3
9
14
10
15
14
16
29
34
39
42
43
42
35
42
38
34
38
35
36
39
39
41
43
37
31
30
29
30
24
24
25
21
24
15
15
12
10
17
16
24
27
37
48
41
27
13
5
9
10
11
6
-6
-12
-16
-15
-12
-12
-15
-28
-23
-22
-23
-24
-40
-42
-39
-29
-27
-31
-29
-41
-48
-52
-54
-46
-35
-16
-2
6
10
2
-2
-8
-8
-6
-10
-1
7
7
6
4
0
-3
5
5
7
4
-1
-7
-14
-18
-23
-25
-18
-13
-17
-17
-26
-34
-34
-25
-20
-16
-10
-2
0
-4
-6
-16
-18
-19
-13
-6
-7
-9
-19
-24
-27
-26
-31
-36
-43
-49
-50
-53
-61
-69
-67
-67
-65
-64
-65
-63
-61
-55
-50
-44
-34
-35
-35
-36
-28
-21
-25
-24
-25
-18
-11
-2
10
10
12
14
11
14
6
2
-1
-3
0
-8
-14
-15
-22
-25
-24
-22
-18
-12
-15
-12
-10
-13
-13
-15
-14
-21
-22
-20
-15
-9
-6
-10
-13
-20
-22
-12
-16
-12
-20
-26
-27
-27
-23
-25
-27
-32
-35
-37
-39
-43
-42
-40
-34
-28
-20
-18
-23
-18
-14
-7
-3
2
12
17
28
29
28
31
25
29
32
28
26
24
28
30
31
32
31
35
36
32
33
30
28
23
20
21
19
21
23
19
23
21
20
21
22
28
32
33
35
35
32
35
41
46
44
44
41
29
21
20
28
33
34
32
24
15
21
23
28
27
19
15
13
8
5
-3
-13
-16
-16
-10
-11
-13
-17
-12
-19
-26
-27
-20
-9
-5
-1
0
-4
-4
7
7
6
11
10
15
8
9
5
6
4
7
21
24
30
33
34
29
27
28
20
23
22
24
28
32
35
37
44
42
53
53
57
69
71
80
85
85
78
84
87
81
77
66
61
59
59
62
62
68
70
65
69
70
62
53
43
39
33
24
20
13
5
4
4
-3
-8
0
2
6
4
0
-8
-13
-12
-9
-13
-13
-19
-23
-28
-28
-25
-22
-17
-22
-27
-31
-27
-29
-25
-27
-29
-29
-29
-14
-17
-16
-23
-21
-24
-28
-20
-20
-11
-4
7
4
3
5
6
9
1
1
3
-3
0
3
-6
-7
-10
-13
-16
-20
-23
-29
-26
-24
-33
-33
-40
-47
-48
-56
-62
-69
-72
-75
-80
-77
-75
-77
-76
-76
-78
-75
-70
-69
-67
-58
-55
-51
-43
-44
-43
-39
-47
-48
-47
-50
-49
-50
-47
-40
-39
-29
-29
-31
-29
-27
-27
-29
-26
-21
-20
-16
-12
-15
-6
2
6
12
8
11
16
18
18
21
25
20
14
20
19
21
18
14
9
12
9
1
1
-12
-14
-24
-30
-32
-32
-31
-35
-38
-39
-43
-35
-30
-35
-36
-39
-32
-35
-41
-38
-36
-31
-23
-21
-17
-16
-17
-19
-21
-29
-38
-33
-37
-30
-24
-24
-19
-16
-12
-9
-4
-1
1
-1
-1
-5
-9
-7
-2
0
3
5
14
28
31
39
36
35
37
40
40
47
51
56
56
54
51
52
52
55
62
59
62
64
52
30
21
25
31
26
27
37
48
35
15
18
27
23
16
8
5
4
9
20
17
19
25
33
33
29
40
46
39
19
11
12
14
13
8
10
12
12
5
9
10
15
16
12
5
-1
-2
-2
2
-1
-5
3
16
15
18
24
31
36
43
54
63
64
51
49
53
54
48
45
58
55
45
43
43
41
45
43
43
36
33
37
41
34
26
18
14
9
4
11
8
12
9
7
5
3
11
14
19
19
22
25
25
21
23
15
10
7
-4
-4
-12
-14
-11
-14
-16
-12
-10
-15
-17
-17
-16
-19
-18
-29
-34
-30
-35
-40
-40
-42
-44
-35
-30
-26
-25
-19
-14
-24
-28
-27
-29
-28
-25
-30
-28
-20
-19
-20
-14
-13
-10
-16
-24
-20
-23
-24
-24
-19
-15
-16
-16
-11
-12
-11
-8
-6
-5
-1
7
9
5
3
6
6
9
10
8
9
5
4
-1
-2
-10
-16
-14
-16
-8
-2
-7
-10
-13
-6
0
-4
-7
-10
-16
-20
-23
-29
-31
-29
-26
-26
-28
-31
-24
-19
-20
-21
-23
-26
-26
-26
-24
-35
-44
-39
-42
-42
-42
-38
-38
-41
-36
-33
-33
-34
-32
-33
-36
-31
-28
-26
-18
-19
-13
-8
-19
-25
-32
-25
-23
-36
-34
-40
-41
-40
-43
-41
-41
-39
-35
-32
-30
-36
-37
-41
-38
-36
-37
-33
-28
-21
-22
-20
-19
-13
-2
0
-1
3
3
1
0
6
5
0
5
-1
2
3
1
0
10
13
15
14
10
18
14
21
20
22
24
20
27
36
42
39
46
52
57
65
64
62
59
61
59
49
50
46
48
48
43
45
43
40
37
29
24
23
24
23
20
16
15
25
24
15
19
16
26
26
29
35
31
33
21
19
21
23
20
21
19
20
15
10
11
11
20
19
16
6
5
6
6
8
3
9
14
23
26
22
25
31
32
36
36
35
41
34
30
32
28
27
20
20
19
19
14
15
5
-7
0
-7
-8
-14
-14
-17
-14
-14
-13
-9
-12
-9
-11
-12
-8
-6
-1
7
10
16
22
25
32
28
23
21
15
14
11
2
8
8
3
9
7
8
10
18
21
27
30
31
39
37
35
38
40
43
50
57
55
51
55
52
57
62
55
52
51
58
55
55
49
38
29
20
19
14
2
-5
-12
-17
-20
-27
-34
-37
-36
-38
-36
-37
-37
-33
-29
-27
-26
-27
-25
-22
-28
-29
-29
-29
-36
-35
-38
-39
-22
-23
-22
-21
-18
-21
-24
-27
-25
-32
-34
-35
-38
-43
-44
-38
-44
-35
-27
-30
-37
-41
-46
-44
-44
-42
-38
-34
-27
-28
-22
-19
-17
-10
-7
-15
-19
-13
-16
-17
-18
-14
-12
-14
-10
-15
-14
-8
-4
2
-1
-1
1
-2
-6
-15
-17
-14
-13
-7
-3
1
3
2
11
7
5
4
3
3
6
6
-2
-7
-20
-25
-29
-29
-31
-28
-24
-22
-27
-34
-35
-39
-40
-36
-35
-35
-34
-46
-51
-48
-45
-46
-47
-40
-31
-27
-29
-30
-23
-23
-22
-25
-28
-24
-24
-20
-16
-16
-21
-23
-19
-18
-24
-13
-8
-10
-11
-10
-9
-1
5
3
7
5
3
-2
3
10
13
19
21
26
34
38
42
45
48
46
49
50
50
44
36
32
25
25
26
27
22
30
37
33
33
35
22
15
9
1
-6
-7
-10
-13
-16
-13
-5
-12
-8
-9
-15
-25
-30
-27
-27
-27
-23
-20
-17
-17
-15
-12
-4
-6
-6
-15
-18
-6
-3
2
6
6
12
15
20
25
26
27
24
30
29
28
34
40
43
50
51
56
56
63
65
61
61
63
69
64
59
60
57
45
46
38
35
29
31
31
25
29
28
23
19
15
15
21
19
23
18
18
20
12
11
8
8
12
10
9
12
13
7
7
12
3
1
4
0
-2
-9
-11
-19
-23
-19
-25
-33
-33
-31
-29
-26
-27
-32
-38
-45
-44
-44
-45
-36
-34
-31
-32
-38
-26
-23
-22
-19
-15
-16
-19
-7
-9
-4
-1
-7
-4
1
8
-1
-8
-9
-10
-19
-16
-8
-13
-15
-16
-16
-14
-8
-1
6
3
-5
-2
-2
1
-5
-7
-2
-2
-2
6
10
-1
12
13
15
26
19
34
41
29
26
28
26
22
31
29
11
13
25
18
25
24
16
14
-2
-3
0
-7
-17
-12
-19
-44
-44
-33
-49
-44
-56
-46
-36
-42
-39
-43
-40
-49
-41
-32
-27
-43
-26
-18
-25
-5
-17
-17
-11
-6
-9
-1
1
-9
-11
-13
-5
8
-2
-14
-2
-12
-20
-13
-6
-6
-6
-10
-18
-9
-24
-33
-31
-33
-35
-30
-28
-47
-41
-42
-41
-34
-44
-32
-22
-43
-46
-32
-38
-36
-30
-45
-39
-46
-45
-41
-44
-47
-54
-40
-35
-29
-39
-36
-27
-24
-33
-21
-27
-36
-43
-43
-28
-29
-21
-24
7
-11
-34
-1
0
12
1
27
26
24
30
39
63
44
56
69
71
57
57
34
48
43
51
-9
8
57
38
55
27
29
-6
13
39
52
53
29
7
6
33
24
41
23
36
43
35
40
35
18
14
0
25
32
24
21
-17
-24
-50
-29
-35
-11
-3
-21
-19
-36
-48
-37
-16
-14
-3
-12
-28
-29
-39
-28
-21
-22
-6
10
15
14
11
5
3
-15
-11
6
18
19
20
17
6
2
5
17
11
17
22
18
10
15
10
4
30
47
45
50
43
24
44
43
45
64
55
47
41
65
45
48
68
58
68
63
29
34
31
8
23
19
9
15
12
-13
16
14
4
19
13
26
33
16
9
23
12
16
11
16
36
32
24
37
58
34
47
60
44
58
46
32
35
9
33
33
19
22
18
4
13
35
9
24
18
12
24
4
6
26
18
-3
40
56
18
26
40
13
27
38
13
35
35
4
14
26
12
3
17
15
9
6
-8
14
18
10
2
-9
-5
-4
-5
-1
23
2
-18
7
14
17
-9
-16
-15
-3
-8
-8
4
-32
-32
-33
-29
0
0
-14
-32
-50
-66
-56
-50
-60
-34
-43
-65
-63
-54
-48
-55
-55
-46
-31
-53
-60
-45
-66
-68
-64
-50
-37
-46
-42
-56
-52
-32
-49
-60
-31
-20
-51
-57
-48
-50
-47
-61
-55
-22
-22
-28
-33
-43
-44
-43
-42
-18
1
-24
-21
-25
-32
-25
-11
-5
-4
6
-19
-26
-40
-41
-23
-10
-8
-10
-19
-34
-33
-16
8
-17
-17
3
-5
-26
-34
-8
-42
-48
-32
-21
-11
-33
-41
-45
-51
-39
-31
-25
-25
-31
-43
-60
-47
-53
-47
-13
-34
-27
-16
-16
-33
-50
-31
-13
1
-9
9
2
-33
-35
3
11
21
38
19
25
13
-3
-13
-3
39
13
19
19
5
7
-1
26
48
55
36
36
21
-15
13
19
23
29
19
1
2
12
15
36
20
12
22
26
5
26
34
15
32
19
16
23
20
7
13
31
15
20
27
11
10
17
7
29
37
29
40
32
13
26
49
40
41
25
6
24
21
18
55
45
24
32
48
45
45
45
40
53
54
35
42
73
81
72
87
126
88
72
79
61
46
88
98
99
89
48
70
68
52
78
92
66
49
28
10
5
7
15
23
36
20
17
3
-34
-28
-8
9
11
20
7
-19
-16
-15
-1
2
3
0
5
-14
-17
1
-5
-10
18
27
0
-18
-13
-7
-7
6
23
21
-11
-21
-14
1
-4
-9
-7
-10
-21
-15
-7
2
14
13
9
4
-17
-33
-18
-15
-22
-11
-25
-41
-31
-37
-34
-16
-18
-31
-14
-16
-36
-32
-21
-5
2
-3
-1
4
-19
-16
6
-11
-14
-1
-4
6
11
-16
-28
-15
-17
-15
1
-14
-28
-32
-38
-53
-48
-37
-33
-27
-44
-60
-52
-50
-52
-28
-34
-50
-50
-52
-83
-69
-31
-36
-39
-36
-46
-63
-42
-45
-49
-29
-40
-42
-43
-48
-65
-71
-54
-59
-41
-33
-51
-56
-67
-77
-64
-51
-41
-23
-24
-35
-31
-35
-42
-21
-11
-33
-30
-21
-28
-17
-19
-7
-7
-21
-25
-17
-14
-8
-3
-8
-17
-40
-63
-48
-21
-31
-21
-12
-31
-41
-38
-16
4
-2
-14
-26
-15
-33
-31
1
-9
3
13
3
0
6
-4
-16
-13
-21
-30
-29
-40
-33
-18
-23
-24
-10
-13
-32
-19
-27
-18
10
19
0
-6
2
-11
-2
4
28
48
48
44
43
53
45
62
80
77
63
44
52
55
55
71
74
80
77
75
86
72
50
63
70
67
57
54
58
56
54
51
77
72
58
36
36
42
39
39
41
50
26
31
31
36
40
21
25
33
31
13
27
25
24
21
18
8
-2
9
-7
8
12
6
15
13
16
15
13
-4
-3
-8
-10
13
-3
-3
13
3
5
33
42
36
43
29
33
44
32
17
21
20
20
36
34
31
29
21
13
25
32
26
14
4
7
21
30
31
14
-5
-11
-13
6
27
27
19
8
8
19
29
24
9
19
17
3
7
8
13
20
16
11
31
22
-3
-10
11
20
4
10
9
18
12
6
13
23
1
-38
-26
-12
-9
-5
-4
14
19
-8
-13
16
30
-6
-13
12
-8
-19
-21
-12
6
3
-6
1
6
-12
-27
-18
-4
-42
-39
-36
-41
-22
-26
-37
-44
-42
-56
-43
-28
-28
-23
-22
-29
-34
-25
-27
-22
-23
-27
-13
-15
-27
-23
-10
-16
-27
-30
-38
-42
-38
-45
-39
-32
-36
-36
-40
-46
-49
-43
-44
-36
-32
-34
-32
-37
-35
-29
-34
-43
-49
-31
-15
-11
-20
-56
-67
-48
-39
-30
-15
-30
-56
-61
-60
-53
-43
-32
-17
-6
-1
-12
-25
-25
-22
-13
-10
-5
1
-5
1
-6
-6
-6
-9
19
38
28
12
-2
-3
-3
1
19
17
18
17
25
33
22
16
23
27
25
34
26
11
1
10
36
41
27
18
19
6
-1
-1
-5
3
-5
-22
-13
-2
-8
-19
-4
5
-4
-4
-23
-22
-3
-10
-25
-27
-31
-24
-12
-14
-22
-26
-15
-25
-24
-7
-6
-18
-17
-22
-26
-23
-35
-26
-8
-9
-7
-3
-8
-8
-5
7
8
-11
-12
-6
-4
1
12
22
33
38
36
42
50
29
18
33
31
30
17
22
34
15
7
9
21
5
-2
14
20
3
-23
-24
-5
9
-3
-2
2
1
-13
-18
-9
-6
-14
-26
10
28
20
26
29
39
41
31
21
23
27
21
19
23
24
22
19
25
30
32
24
30
36
40
40
31
23
9
17
21
37
51
37
27
26
33
30
51
63
49
46
46
54
34
41
40
35
41
28
38
44
47
34
45
44
22
20
19
36
30
20
30
28
18
4
5
13
31
34
40
40
31
22
16
26
40
33
17
14
8
-3
-8
-1
0
-13
-16
-19
-31
-37
-37
-35
-26
-17
-27
-41
-41
-58
-51
-31
-14
0
-2
-7
-27
-40
-48
-37
-24
-19
-6
-3
-19
-34
-31
-24
-11
-14
-12
-2
-2
-9
-20
-22
-31
-31
-4
-5
0
-6
-23
-19
-17
-15
-27
-20
-6
-2
6
2
2
-2
-14
-9
3
12
13
11
2
-2
0
7
4
3
9
2
1
4
-6
-25
-22
-16
-19
-14
-19
-26
-31
-21
-33
-45
-44
-46
-44
-41
-41
-42
-42
-48
-48
-54
-54
-57
-56
-51
-46
-52
-63
-65
-58
-52
-53
-34
-23
-27
-32
-16
-4
-3
-6
-6
-6
17
35
7
-6
2
-3
-5
18
9
21
44
-8
-1
27
-5
7
31
30
29
30
-9
-7
13
-2
1
16
16
6
14
2
-5
6
-1
15
28
9
2
-3
-9
-15
-2
14
2
-11
-29
-31
-26
-21
-17
-18
-28
-37
-34
-40
-37
-41
-40
-32
-40
-42
-40
-42
-36
-40
-42
-40
-46
-42
-28
-25
-26
-24
-3
13
24
26
9
6
14
15
5
5
13
24
31
43
42
49
50
37
45
48
42
46
61
55
47
42
30
28
34
37
33
32
30
25
26
30
22
23
27
38
40
26
21
16
12
7
14
20
24
33
37
43
44
38
27
25
28
20
16
18
15
13
12
4
-3
-6
-4
0
3
-2
-2
6
7
17
19
11
15
12
8
17
21
5
-3
8
5
14
30
27
25
28
3
-8
-2
9
7
3
-1
-1
8
1
2
-1
5
19
35
42
26
9
14
24
30
26
14
13
8
12
21
20
18
5
9
14
6
-10
-17
4
-9
-24
-25
-14
-19
-23
-28
-19
-10
-11
-1
3
0
-20
-19
0
8
9
14
26
15
13
17
19
26
21
24
37
40
29
17
10
4
4
12
26
23
8
-10
-4
9
4
6
7
13
19
0
-11
-10
-19
-28
-18
-6
-4
-13
-15
-5
-3
-4
-13
-5
0
-6
-7
-6
-8
-14
-17
-2
14
13
3
7
16
11
15
9
1
1
-8
-11
-12
-19
-29
-24
-6
5
-2
-9
-2
6
-6
-20
-7
-8
-8
-14
-17
-15
-32
-37
-30
-25
-25
-24
-30
-31
-23
-31
-34
-29
-39
-37
-36
-38
-29
-20
-32
-38
-37
-30
-26
-29
-22
-29
-26
-23
-29
-38
-23
-16
-17
-6
-7
-15
-22
-25
-31
-18
-7
-5
8
10
-1
-14
-15
-7
-7
-9
-6
-13
-17
-22
-26
-26
-16
-21
-10
1
-6
5
4
-1
-14
-7
6
12
19
17
9
2
-10
-8
0
9
1
-7
8
2
-6
-8
-14
-6
-7
-2
3
17
22
5
-7
-6
9
11
15
13
0
-8
-15
-22
-1
13
10
11
27
39
26
20
10
14
17
3
14
26
19
6
-3
-3
-3
-4
-3
0
-7
2
-10
-24
-23
-33
-40
-33
-13
-18
-29
-30
-35
-52
-59
-43
-36
-26
-13
-15
-10
-26
-34
-31
-15
-6
-7
6
7
8
3
-5
5
12
6
11
25
15
6
14
19
26
29
30
37
50
44
38
47
46
33
36
41
43
46
38
37
44
42
38
41
36
24
16
17
27
30
27
22
13
4
9
17
21
23
14
12
17
21
14
11
9
9
18
27
32
34
14
7
16
34
44
37
30
38
34
23
20
21
22
20
23
22
27
20
11
8
12
15
17
21
19
16
1
-2
-6
-11
3
20
22
16
9
2
-6
-8
-3
5
11
12
11
14
20
13
8
8
4
5
7
-5
-15
-17
-24
-30
-25
-18
-21
-23
-24
-32
-27
-32
-45
-44
-50
-51
-49
-53
-59
-53
-51
-41
-32
-27
-38
-47
-46
-44
-50
-49
-41
-38
-22
-24
-24
-14
-18
-15
-3
0
-9
-1
11
13
7
7
14
26
33
26
25
24
23
19
28
38
28
13
10
20
23
18
16
21
29
27
21
24
29
34
24
29
41
29
19
20
10
-1
-6
-3
3
7
11
1
-11
-15
-18
-23
-31
-39
-34
-36
-39
-28
-40
-51
-46
-42
-31
-15
-10
-15
-23
-39
-47
-45
-44
-55
-52
-45
-45
-41
-33
-41
-32
-18
-29
-20
-15
-17
-25
-29
-32
-36
-29
-41
-46
-35
-40
-38
-29
-21
-21
-16
-14
-5
4
-3
-10
-15
-21
-26
-18
-12
-10
-3
-3
-2
1
-5
1
4
-3
11
21
13
11
3
5
10
17
19
13
10
0
2
12
14
20
34
34
33
38
30
24
16
11
13
32
34
24
21
13
9
13
15
14
14
10
1
-2
0
-10
-7
-2
-9
-14
-12
-9
-14
-15
-17
-27
-19
-1
-7
-7
-14
-25
-28
-21
-15
-15
-18
-29
-34
-31
-28
-20
-15
-17
-25
-20
-14
-12
-4
-1
-6
-11
-12
-8
-8
-6
-5
-1
4
11
10
16
22
16
18
20
27
23
20
24
18
9
9
17
26
25
23
23
23
20
19
17
20
22
16
9
10
2
-8
-20
-22
-13
-9
-1
1
1
-7
-10
-12
-7
-1
-1
3
-1
0
3
7
8
3
9
23
26
14
5
10
8
11
14
20
22
27
35
34
31
28
22
28
36
35
46
50
44
40
35
32
39
52
56
56
54
49
42
48
46
45
50
53
56
61
73
70
72
76
72
67
74
78
73
72
64
59
59
50
47
47
50
43
40
43
36
32
26
30
24
26
26
12
9
-1
-10
-19
-20
-9
-6
-14
-15
-8
-10
-10
-7
-11
-13
-11
-6
-3
-4
-12
-13
-16
-6
14
13
14
10
1
1
5
6
7
-1
-11
-15
-14
-6
-8
-13
-19
-25
-24
-27
-33
-40
-38
-32
-29
-12
-7
-10
-10
-12
-13
-22
-23
-28
-32
-29
-33
-31
-21
-26
-34
-29
-31
-39
-36
-29
-27
-30
-35
-40
-32
-31
-35
-38
-39
-36
-36
-39
-39
-39
-36
-34
-38
-34
-40
-49
-50
-54
-59
-67
-64
-65
-65
-62
-64
-63
-64
-65
-58
-55
-48
-55
-54
-49
-51
-48
-42
-41
-45
-43
-45
-43
-45
-45
-48
-44
-35
-37
-30
-32
-24
-29
-29
-19
-23
-19
-20
-22
-25
-22
-20
-18
-22
-24
-18
-16
-16
-14
-15
-18
-19
-12
-9
-10
-8
-11
-10
-10
-12
-12
-12
-21
-24
-23
-25
-23
-25
-34
-29
-24
-29
-21
-14
-12
-8
-11
-21
-18
-14
-6
-7
-3
-5
-7
-9
-14
-1
4
8
11
5
-1
-3
1
-3
-7
-2
0
-5
-6
5
-6
-6
0
7
21
25
26
27
17
9
16
20
28
35
42
44
51
50
48
57
62
63
65
73
74
77
69
67
67
62
64
66
67
68
71
71
71
74
70
63
61
60
57
54
50
44
43
42
37
36
34
35
42
45
42
35
34
30
22
26
28
22
22
22
21
21
20
23
19
22
17
21
27
23
25
25
32
37
38
40
34
27
25
30
26
22
23
28
28
28
33
35
34
35
40
40
43
43
32
36
38
27
25
27
26
30
36
33
34
24
17
23
27
20
17
10
3
-1
-3
-3
-17
-11
-8
-20
-22
-26
-22
-27
-26
-25
-33
-30
-29
-29
-30
-29
-30
-32
-37
-37
-40
-36
-35
-38
-41
-31
-21
-22
-12
-5
-8
-12
-12
-12
-12
-12
-9
-7
-11
-14
-9
-9
-3
-3
2
3
4
5
-4
-7
-13
-26
-30
-29
-27
-21
-31
-38
-34
-37
-41
-41
-43
-39
-38
-44
-45
-50
-50
-49
-48
-42
-39
-42
-33
-29
-29
-22
-19
-14
-14
-8
-10
-20
-17
-19
-19
-23
-26
-26
-24
-20
-24
-21
-18
-18
-17
-23
-20
-13
-13
-15
-21
-16
-19
-29
-20
-28
-33
-36
-35
-31
-32
-27
-35
-35
-33
-33
-36
-40
-39
-44
-47
-51
-49
-49
-47
-39
-39
-39
-39
-43
-46
-41
-41
-42
-41
-48
-49
-55
-62
-58
-58
-59
-57
-57
-45
-42
-50
-41
-46
-48
-44
-39
-41
-38
-32
-32
-32
-34
-36
-39
-40
-23
-20
-23
-22
-27
-30
-33
-31
-31
-25
-27
-20
-22
-25
-22
-22
-3
1
11
16
21
27
25
23
27
34
45
59
61
62
56
51
59
59
63
58
59
67
70
68
56
58
64
71
71
73
71
64
58
53
50
55
58
55
57
59
57
51
55
51
51
48
43
45
44
47
46
48
48
48
52
50
58
65
60
58
56
53
51
46
40
37
34
42
43
38
32
32
31
32
37
39
47
52
52
52
52
50
55
54
62
61
62
61
56
53
45
48
50
52
49
42
40
36
37
37
32
36
34
40
49
40
37
39
36
38
38
30
22
23
27
29
34
37
42
43
31
20
17
16
11
15
24
19
15
9
1
-1
-8
-9
-7
-3
-4
-8
-5
-13
-20
-27
-26
-18
-19
-13
-16
-16
-22
-31
-31
-32
-31
-38
-35
-29
-23
-20
-13
-10
-12
-9
-11
-15
-11
-15
-11
-17
-17
-9
-16
-19
-17
-13
-19
-13
-6
0
6
3
6
10
8
3
3
1
1
3
13
10
15
9
1
-2
-6
-10
-11
-14
-16
-20
-23
-20
-26
-27
-35
-41
-45
-49
-55
-59
-57
-60
-69
-69
-72
-75
-79
-84
-89
-93
-93
-98
-90
-89
-92
-97
-99
-93
-86
-87
-87
-79
-74
-67
-59
-50
-44
-40
-46
-43
-40
-39
-38
-30
-32
-31
-25
-26
-21
-17
-13
-11
-9
-9
-9
-6
-11
-10
-11
-2
5
11
14
15
17
17
16
19
15
16
18
20
24
15
8
6
9
4
-3
2
-2
-12
-9
-5
-9
-14
-23
-24
-24
-23
-31
-31
-25
-33
-29
-26
-13
-17
-25
-30
-26
-22
-24
-18
-19
-13
-15
-13
-9
-5
-12
-12
-9
-5
3
-1
4
5
4
2
-4
1
2
4
3
5
5
0
-4
-11
-11
-11
-15
-6
-5
-12
-8
-4
0
-3
-3
1
2
6
5
10
7
14
14
15
29
23
22
25
34
35
39
44
40
42
35
35
34
31
32
32
31
34
35
29
29
26
23
27
23
18
21
20
11
10
13
17
22
28
30
39
46
43
48
47
43
42
43
43
40
39
37
41
38
39
43
48
50
54
51
46
46
39
35
39
42
44
39
42
37
35
33
35
36
34
31
33
42
43
42
42
41
44
47
50
51
44
41
43
39
38
38
36
33
30
30
37
37
33
31
29
25
22
28
24
17
18
10
5
5
-2
-5
-1
-6
-13
-19
-20
-17
-15
-16
-17
-13
-17
-21
-24
-26
-25
-37
-41
-39
-42
-48
-40
-38
-43
-40
-38
-37
-32
-31
-31
-31
-37
-33
-33
-35
-39
-39
-34
-32
-29
-38
-36
-35
-31
-26
-32
-22
-25
-29
-27
-25
-32
-36
-31
-28
-29
-30
-31
-35
-38
-39
-39
-39
-30
-32
-30
-27
-20
-20
-23
-16
-20
-23
-22
-14
-19
-20
-22
-21
-14
-9
-6
-4
3
5
8
4
9
10
1
-4
-3
-1
2
5
4
3
6
3
3
6
5
2
8
5
-1
0
0
-3
-5
-4
-9
-10
-16
-16
-13
-18
-13
-6
-4
-6
-9
-15
-22
-22
-18
-23
-20
-14
-14
-21
-17
-14
-21
-10
-3
-9
-4
-7
-15
-3
-2
-8
-13
-12
-9
-13
-12
-7
-11
-16
-11
-18
-20
-19
-26
-31
-36
-40
-35
-36
-37
-39
-47
-48
-45
-49
-56
-54
-56
-60
-60
-64
-60
-65
-67
-64
-59
-58
-54
-55
-55
-50
-51
-45
-40
-36
-27
-23
-14
-13
-15
-9
-5
0
4
9
17
23
22
27
28
26
29
33
38
46
50
48
54
62
58
56
52
46
47
54
51
51
53
51
50
51
53
54
64
60
54
49
42
42
41
37
33
35
27
33
33
27
24
20
19
18
23
22
15
15
15
12
8
3
6
8
11
13
8
9
10
12
8
16
22
27
30
23
22
19
21
22
21
24
29
29
36
44
42
45
43
46
49
45
44
41
42
41
37
37
34
37
27
24
25
22
27
23
18
12
13
11
4
2
2
2
1
4
7
11
8
7
4
0
1
-3
6
11
9
9
12
12
7
10
11
17
16
15
19
19
24
24
23
24
22
22
23
18
19
19
22
29
19
19
24
20
22
27
22
14
20
22
27
28
32
32
27
31
30
28
21
18
15
18
14
15
10
9
13
11
15
14
16
15
11
3
-1
-7
-13
-19
-22
-23
-20
-12
-11
-2
4
7
0
-9
-8
-13
-18
-18
-25
-25
-30
-30
-28
-34
-37
-39
-40
-35
-33
-33
-37
-39
-38
-35
-38
-41
-38
-41
-36
-41
-48
-46
-47
-50
-49
-45
-41
-38
-38
-40
-40
-45
-50
-46
-41
-37
-38
-39
-40
-42
-46
-44
-48
-49
-45
-41
-34
-33
-32
-27
-27
-32
-35
-34
-30
-30
-31
-33
-26
-25
-26
-25
-25
-24
-32
-33
-33
-31
-29
-28
-30
-32
-32
-36
-33
-34
-31
-24
-23
-21
-16
-8
-8
-12
-4
1
-4
-5
-15
-19
-16
-22
-24
-24
-22
-23
-23
-19
-15
-20
-14
-10
-15
-5
-4
-4
-1
0
4
7
5
14
15
18
28
30
30
29
25
20
16
14
21
27
29
28
27
28
24
23
23
20
18
15
14
17
15
7
5
3
-3
3
2
1
-1
-3
-7
-16
-14
-15
-17
-23
-24
-24
-27
-34
-36
-39
-39
-33
-38
-40
-37
-37
-36
-34
-28
-25
-22
-22
-20
-22
-21
-18
-12
-5
-9
-7
-8
-6
-3
0
9
16
20
23
31
24
24
28
27
32
29
35
37
35
33
34
29
29
27
25
26
27
34
34
33
38
34
39
40
45
48
46
49
45
47
43
50
50
51
52
47
53
63
64
66
69
64
65
60
60
54
55
49
40
50
55
56
54
58
57
59
59
56
61
53
59
52
47
49
47
51
43
40
40
40
40
40
41
42
39
36
41
35
38
35
33
39
32
30
27
24
16
7
8
4
1
1
2
0
-6
-5
-6
-6
-10
-12
-18
-21
-24
-33
-34
-39
-43
-48
-44
-41
-38
-36
-40
-36
-37
-41
-38
-36
-42
-44
-47
-51
-58
-58
-64
-65
-61
-62
-55
-58
-58
-57
-57
-53
-48
-43
-45
-47
-40
-42
-43
-42
-35
-31
-22
-19
-18
-14
-12
-11
-14
-9
-11
-1
5
0
5
9
7
5
6
5
5
7
10
6
9
8
1
6
5
5
7
10
20
27
31
28
26
18
11
9
3
11
10
7
7
9
10
6
0
1
-5
-4
-5
-8
-5
-9
-10
-14
-23
-27
-23
-20
-23
-22
-23
-28
-29
-40
-49
-51
-54
-59
-59
-59
-54
-56
-54
-57
-56
-47
-49
-51
-55
-54
-51
-53
-50
-52
-50
-50
-49
-47
-40
-41
-39
-36
-36
-31
-33
-30
-32
-28
-29
-26
-24
-25
-21
-27
-24
-20
-25
-24
-17
-11
-11
-8
-4
-5
-2
1
7
5
1
2
4
5
2
-2
-5
-5
-1
0
4
4
2
2
1
4
2
11
11
8
14
11
5
12
8
9
8
9
11
15
18
14
17
20
22
24
26
29
27
22
24
28
31
31
33
35
37
39
39
39
39
40
47
45
47
47
43
46
46
45
44
47
43
49
44
44
50
50
57
58
62
58
56
57
58
55
55
55
50
49
37
37
44
45
48
44
45
43
39
39
33
33
31
28
20
22
22
10
5
5
8
9
8
11
10
4
5
-3
-3
-7
-8
-9
-13
-10
-12
-8
-9
-11
-5
-7
-3
-3
-7
-3
-10
-11
-12
-12
-14
-13
-11
-15
-8
-8
-4
-5
-3
-1
4
9
6
6
8
6
6
8
8
13
15
12
10
11
13
17
23
22
22
27
24
25
22
19
20
19
17
21
16
14
13
5
4
4
2
3
5
14
23
24
21
24
20
12
10
-1
-4
1
-4
-5
-2
2
-1
-2
-3
-2
-9
-15
-21
-25
-24
-23
-25
-29
-29
-31
-36
-35
-26
-23
-27
-23
-18
-23
-19
-21
-26
-19
-18
-18
-18
-22
-24
-21
-20
-22
-22
-23
-21
-23
-24
-20
-20
-22
-24
-17
-21
-22
-16
-19
-15
-18
-21
-22
-23
-24
-32
-33
-29
-27
-25
-23
-26
-27
-28
-32
-27
-27
-28
-29
-23
-24
-31
-31
-26
-33
-28
-23
-26
-23
-28
-36
-34
-41
-44
-43
-47
-42
-38
-39
-37
-36
-36
-33
-33
-32
-23
-20
-26
-30
-35
-39
-38
-34
-32
-28
-27
-21
-27
-25
-18
-21
-25
-28
-19
-19
-17
-12
-12
-3
2
4
16
24
30
34
33
34
33
42
41
38
41
41
37
36
42
40
35
36
27
23
21
15
8
7
9
4
9
8
7
3
-4
-2
-6
-5
-7
-9
-11
-10
-11
-16
-11
-14
-16
-10
-16
-18
-18
-16
-17
-19
-15
-15
-17
-11
-14
-17
-18
-19
-14
-14
-14
-14
-17
-16
-18
-23
-22
-24
-24
-17
-17
-14
-12
-12
-14
-19
-18
-16
-17
-19
-17
-18
-6
2
2
8
13
12
7
13
18
24
30
31
34
36
37
45
47
49
59
62
63
63
66
65
66
67
64
58
57
57
62
72
70
70
79
77
72
71
65
63
55
53
50
48
50
50
48
41
39
36
33
32
24
19
20
16
14
8
8
12
9
12
13
14
15
14
7
10
11
4
2
5
1
6
10
5
7
1
5
3
5
5
6
8
1
4
5
9
5
9
14
14
11
11
15
11
14
11
8
10
12
15
18
20
19
17
20
17
13
7
8
5
-3
-1
-7
-14
-16
-19
-22
-16
-24
-20
-16
-22
-26
-27
-27
-28
-38
-44
-38
-38
-42
-43
-42
-42
-40
-35
-26
-25
-27
-26
-30
-30
-33
-28
-24
-20
-22
-17
-13
-14
-16
-24
-25
-28
-27
-23
-27
-28
-30
-37
-35
-36
-30
-32
-29
-17
-10
-8
-3
-4
-7
-6
-14
-14
-11
-14
-4
-4
-1
4
0
2
1
8
6
11
13
10
9
-1
-10
-15
-19
-9
-8
-12
-6
-8
-9
-16
-17
-20
-25
-27
-33
-37
-41
-38
-37
-41
-44
-41
-48
-43
-45
-46
-48
-49
-41
-40
-39
-39
-38
-38
-31
-27
-23
-24
-22
-31
-38
-40
-32
-27
-23
-25
-29
-18
-17
-21
-26
-27
-27
-23
-25
-29
-30
-23
-25
-23
-13
-10
-7
2
7
5
10
0
0
6
3
0
-4
-3
-4
1
7
6
8
14
14
20
23
13
15
20
12
14
11
7
15
9
9
12
11
8
14
10
4
1
-2
6
4
7
5
8
2
-1
2
-4
-1
-6
-3
0
0
7
6
4
4
0
2
1
-4
0
0
2
1
0
10
14
14
18
20
24
28
26
26
31
35
36
35
38
39
39
36
39
42
46
48
50
38
34
40
43
45
43
45
45
45
41
44
43
38
45
52
47
47
42
37
34
39
38
38
43
37
32
25
25
24
27
28
28
22
16
16
4
1
2
-9
0
0
-3
-5
-5
0
-4
-2
-7
-6
-6
-9
-12
-8
-4
-1
5
5
11
13
18
17
25
25
30
28
26
36
32
25
19
20
23
29
38
46
48
49
47
44
45
45
43
42
48
45
42
42
36
36
34
37
29
28
27
23
21
16
19
16
14
11
11
14
15
7
4
8
8
-2
1
0
-4
2
-2
-5
-9
-6
-1
-3
-6
-9
-11
-14
-15
-21
-24
-20
-19
-23
-27
-22
-23
-19
-21
-23
-26
-25
-23
-24
-23
-25
-23
-29
-29
-22
-28
-27
-24
-28
-26
-27
-31
-38
-41
-39
-44
-44
-42
-42
-35
-37
-36
-36
-39
-33
-27
-25
-25
-22
-27
-25
-27
-33
-33
-40
-40
-40
-38
-37
-40
-46
-44
-41
-39
-42
-47
-43
-41
-41
-47
-47
-38
-41
-31
-35
-34
-40
-40
-37
-31
-28
-31
-27
-29
-24
-27
-26
-29
-28
-22
-25
-23
-23
-23
-26
-25
-28
-25
-28
-30
-25
-21
-21
-23
-27
-29
-34
-35
-34
-31
-33
-34
-33
-33
-33
-32
-31
-26
-21
-19
-20
-17
-16
-20
-19
-21
-18
-14
-6
-1
8
12
11
11
3
5
7
5
9
14
14
15
15
15
18
21
21
21
20
21
21
21
16
13
14
14
18
23
15
14
11
6
0
-6
-11
-9
-6
-6
1
-4
0
2
-1
-3
-5
-2
-5
-10
-10
-12
-12
-19
-19
-17
-15
-6
-2
3
2
4
10
15
14
19
18
22
28
29
41
43
41
44
44
43
50
52
54
59
61
60
58
56
50
43
52
53
52
55
56
64
69
66
71
62
61
67
58
62
62
57
55
49
40
43
40
44
49
49
43
40
41
37
41
37
35
38
37
39
47
40
39
49
45
47
46
49
55
57
53
43
48
47
39
45
39
41
39
34
38
30
21
21
20
11
9
3
2
1
-2
-2
0
3
-3
-3
-2
-3
-4
-10
-14
-13
-17
-19
-16
-17
-12
-8
-8
-11
-15
-18
-19
-23
-24
-22
-31
-28
-26
-27
-23
-24
-28
-22
-20
-29
-33
-32
-24
-21
-25
-30
-30
-36
-42
-42
-42
-38
-38
-43
-45
-42
-46
-47
-47
-45
-39
-36
-35
-36
-33
-30
-29
-32
-34
-32
-33
-27
-27
-24
-19
-22
-13
-17
-16
-23
-23
-23
-25
-22
-29
-28
-32
-32
-32
-30
-30
-26
-22
-20
-20
-18
-14
-20
-17
-23
-23
-26
-22
-19
-20
-13
-10
-12
-13
-14
-23
-23
-30
-31
-31
-29
-30
-33
-28
-22
-18
-14
-9
-7
-4
-4
-4
-7
-8
-8
-8
-10
-9
-16
-19
-17
-21
-27
-23
-22
-26
-24
-24
-26
-30
-35
-37
-34
-35
-31
-26
-27
-20
-19
-21
-19
-23
-16
-17
-16
-18
-15
-14
-18
-18
-25
-25
-23
-29
-32
-31
-33
-30
-31
-32
-29
-28
-28
-21
-26
-18
-15
-18
-22
-19
-15
-18
-15
-16
-16
-22
-18
-11
-4
-4
-4
0
0
-1
9
10
4
5
-2
3
4
2
6
8
14
20
28
33
30
27
27
23
22
26
27
25
22
25
27
30
31
28
26
24
28
29
35
35
30
24
18
18
22
22
20
22
28
29
30
32
30
29
32
33
27
29
28
22
23
25
27
33
38
46
46
44
53
47
44
49
52
52
55
62
61
62
60
59
51
48
50
45
43
41
41
39
37
33
30
31
23
29
26
25
26
20
19
20
10
9
8
1
8
7
8
15
9
5
2
-1
-2
-7
-8
-4
2
7
11
13
9
8
6
12
18
16
21
14
12
8
6
7
3
-1
-2
1
7
13
17
14
16
16
19
14
17
20
17
13
7
7
7
11
16
20
30
39
36
36
35
29
27
26
30
25
22
22
18
23
19
25
32
33
38
46
51
40
44
40
39
38
38
38
22
23
29
34
30
35
32
23
25
18
16
9
6
-4
-9
-10
-12
-14
-20
-17
-26
-27
-33
-38
-36
-35
-37
-35
-42
-40
-49
-53
-51
-54
-52
-54
-53
-55
-61
-63
-64
-66
-64
-59
-60
-69
-70
-72
-69
-66
-70
-68
-69
-72
-70
-67
-64
-71
-67
-63
-54
-49
-53
-53
-57
-58
-62
-59
-63
-62
-58
-54
-53
-50
-43
-34
-32
-31
-26
-22
-23
-25
-27
-30
-34
-37
-38
-32
-27
-32
-28
-30
-24
-18
-23
-22
-26
-34
-38
-37
-43
-45
-45
-44
-46
-44
-35
-38
-36
-31
-26
-28
-27
-21
-24
-28
-22
-24
-28
-24
-15
-7
-1
3
4
8
7
6
1
1
2
4
9
9
15
16
20
28
27
30
35
34
37
38
37
37
27
21
17
24
20
17
20
18
11
4
0
3
2
-6
-6
0
2
1
-3
-1
5
9
12
8
12
8
5
11
14
11
15
22
30
32
25
20
20
21
18
18
20
15
16
15
23
27
29
36
40
37
33
29
29
35
31
29
29
21
13
10
3
5
10
9
10
11
14
9
7
15
15
18
25
25
22
23
25
25
28
31
31
35
36
33
36
38
37
30
36
39
33
43
49
46
45
48
50
51
54
55
64
66
62
70
71
69
66
57
62
61
64
65
64
64
58
65
65
66
60
63
61
55
53
53
58
56
56
53
56
58
57
63
60
55
55
55
54
49
39
35
35
33
36
30
27
22
18
16
13
8
1
2
4
-2
1
-2
-11
-15
-19
-21
-21
-22
-22
-21
-21
-27
-32
-33
-37
-38
-35
-41
-40
-41
-44
-43
-48
-51
-55
-56
-57
-57
-61
-63
-60
-58
-60
-57
-62
-62
-57
-64
-57
-53
-58
-56
-50
-55
-56
-54
-49
-45
-50
-52
-50
-50
-51
-50
-52
-52
-40
-43
-42
-39
-40
-39
-40
-36
-38
-37
-37
-30
-28
-21
-19
-24
-26
-27
-30
-32
-27
-29
-30
-33
-32
-36
-39
-43
-41
-44
-48
-48
-55
-55
-53
-52
-52
-57
-60
-58
-61
-59
-58
-51
-50
-48
-50
-54
-49
-50
-56
-59
-56
-55
-52
-46
-47
-45
-39
-45
-39
-29
-28
-21
-22
-24
-29
-30
-19
-19
-11
-3
0
4
3
8
9
5
8
4
7
7
3
-3
-8
-5
-11
-12
-14
-19
-19
-28
-38
-35
-42
-43
-47
-54
-51
-50
-49
-42
-43
-41
-43
-43
-40
-42
-40
-39
-32
-27
-21
-21
-21
-19
-19
-13
-15
-12
-1
7
9
14
22
21
16
25
26
35
39
45
52
48
54
59
61
64
70
76
79
88
89
90
91
92
87
93
90
95
100
98
97
92
95
93
94
93
95
97
98
100
99
96
94
89
81
79
79
79
73
66
68
63
60
59
58
52
49
42
40
38
29
31
21
22
15
12
7
3
5
0
2
-1
0
3
1
-3
-5
-3
-1
4
8
11
12
14
18
13
13
14
15
11
4
7
10
10
13
18
27
33
34
40
40
41
39
38
41
41
44
49
47
46
43
43
38
36
35
29
31
29
29
19
19
16
10
13
12
8
12
14
9
6
5
3
5
3
-1
-1
-3
-10
-15
-15
-16
-10
-8
-11
-13
-18
-21
-26
-31
-33
-33
-30
-33
-38
-38
-42
-37
-33
-32
-29
-33
-36
-37
-32
-36
-28
-24
-34
-23
-30
-33
-32
-33
-35
-33
-30
-29
-27
-27
-19
-22
-22
-16
-11
-9
-5
5
9
13
15
15
11
11
9
7
8
5
13
14
14
13
8
5
-4
-2
-8
-16
-25
-33
-41
-50
-52
-50
-50
-51
-55
-58
-61
-61
-68
-71
-70
-78
-81
-84
-84
-80
-77
-73
-65
-65
-68
-68
-76
-86
-86
-89
-86
-87
-87
-81
-78
-71
-72
-67
-61
-51
-49
-55
-45
-45
-42
-39
-45
-39
-31
-29
-24
-19
-13
-9
-6
-6
-7
-3
-5
-4
-4
-2
-3
-1
1
1
5
9
18
19
23
19
23
29
31
31
33
37
33
36
34
23
30
33
33
35
29
28
23
15
15
11
3
5
7
9
6
1
3
5
6
-2
-6
-6
-9
-10
-12
-17
-21
-12
-13
-13
-12
-13
-10
-11
-6
-6
-2
2
5
-1
2
6
10
20
22
28
32
32
31
33
37
40
43
42
45
53
50
52
56
58
54
53
61
65
63
58
53
40
38
35
35
35
37
40
37
36
36
39
33
30
26
28
34
34
35
35
34
30
32
36
32
29
34
29
25
28
17
13
12
15
21
13
17
13
13
11
10
12
9
13
10
9
7
7
4
3
-1
-4
-4
-5
-2
-6
-4
-4
-6
-8
-9
-13
-9
-5
-10
-7
-2
-1
-2
6
8
13
17
15
20
26
25
28
27
30
31
31
34
30
33
36
36
38
38
37
38
33
30
26
13
17
13
11
12
7
7
4
3
6
0
-1
-4
-10
-11
-15
-19
-17
-13
-10
-10
-8
-6
-11
-12
-9
-12
-12
-17
-22
-21
-23
-19
-22
-14
-11
-17
-10
-4
-2
-6
-10
-12
-15
-12
-10
-15
-15
-18
-23
-15
-12
-10
-10
-11
-9
-3
-5
-9
-7
-8
-8
-12
-8
-14
-16
-15
-16
-15
-13
-17
-20
-10
-6
-7
-8
-12
-12
-8
-10
-11
-18
-18
-21
-21
-26
-31
-39
-40
-35
-36
-34
-38
-40
-38
-43
-45
-47
-48
-48
-53
-56
-57
-57
-60
-56
-52
-50
-49
-50
-48
-40
-41
-44
-49
-47
-41
-39
-31
-24
-23
-14
-9
-7
-5
-5
-5
-3
8
12
14
10
10
5
6
10
10
11
10
11
13
14
12
10
11
6
11
8
11
15
16
16
15
18
11
15
15
15
11
12
16
18
15
17
18
13
17
16
12
10
9
8
6
8
10
3
10
18
19
27
23
23
21
25
25
30
25
17
13
8
10
9
10
9
4
3
5
7
3
-2
0
-4
-10
-13
-11
-6
-3
-6
-7
-4
-7
-9
-10
-11
-17
-22
-22
-19
-19
-24
-19
-18
-23
-16
-17
-16
-10
-8
-7
-3
1
-2
-4
-7
-11
-6
-2
-4
2
5
1
1
-2
-5
-7
-7
-1
2
3
0
-5
-1
-2
4
10
18
19
18
23
22
25
26
27
26
26
30
26
30
34
35
41
43
44
45
41
40
40
37
34
31
22
21
26
21
27
29
32
39
36
45
41
42
35
28
29
20
26
26
24
24
24
17
11
7
7
6
5
6
1
5
-2
-5
-2
-2
-3
-6
3
6
2
-4
-6
-10
-8
-6
-4
8
14
23
32
30
25
28
23
15
22
9
10
2
-6
-1
-8
-3
-7
3
1
2
2
12
9
26
15
-40
4
9
4
20
-20
-9
-5
-52
72
135
49
-152
-197
167
235
80
-71
-78
162
135
15
-17
19
-6
-11
53
115
1
-226
-131
73
177
75
-136
-107
-14
42
68
10
-53
-94
-40
48
38
-14
-59
-8
38
-19
-37
53
58
-35
34
-19
-5
110
-2
-35
11
-5
10
26
6
11
-24
-72
-69
19
25
9
-35
-83
-30
3
14
-77
-71
29
127
39
-102
-63
-15
-23
71
88
-78
-198
-146
82
123
24
-194
-209
102
137
76
-97
-131
-24
-13
36
39
-51
-185
-153
44
144
33
-130
-166
-61
31
-14
-11
-30
-76
-65
-60
0
-74
-14
66
221
504
38
-294
-148
25
146
-40
-154
-304
-273
-115
-26
43
-67
-108
-160
-89
7
-161
-296
-302
-185
-36
-14
-80
-196
18
99
12
114
-38
-105
30
116
159
75
67
196
144
21
28
115
179
66
-113
-53
-66
7
74
18
-60
-71
-12
-117
42
23
-110
-131
-46
-65
-62
75
21
-26
-123
69
28
93
122
-5
171
47
82
-71
176
230
-64
133
181
63
-34
-101
-25
70
-125
-329
-261
-247
-383
-107
2
-197
-515
-584
-212
-123
-172
-334
-556
-527
-385
-327
139
89
-222
-200
-129
160
-51
-44
118
242
199
82
372
597
489
357
545
658
612
480
501
710
634
473
523
622
576
461
314
450
386
160
147
99
110
19
-36
1
224
-241
-333
-198
-301
-380
-472
-157
-467
-428
-272
-354
-349
-290
-340
-394
-201
-550
-252
-197
-381
-256
-340
-437
-387
-119
-762
-461
246
-27
-500
-743
-38
410
-150
-740
-175
555
107
-651
-247
1126
983
-167
-141
1121
1402
34
-429
925
1710
480
-531
516
1581
713
-409
193
1305
691
-684
-381
806
562
-483
-371
647
563
-656
-685
514
524
-412
-512
265
615
-271
-599
447
828
-118
-539
175
550
95
-511
170
547
-133
-458
-110
442
21
-720
-606
40
-323
-1139
-874
-578
-768
-1310
-1105
-159
-196
-1126
-1522
-539
279
-694
-1584
-719
401
167
-897
-506
1194
1332
5
-182
1336
2000
675
-211
1077
2424
1227
-298
451
1986
1430
-361
-369
1061
1040
-641
-1119
276
679
-650
-1282
-340
240
-772
-1500
-515
187
-569
-1179
-376
329
-271
-727
62
845
208
-502
236
1030
593
-183
222
1080
674
-80
220
967
641
-236
-340
268
147
-890
-959
-445
-658
-1430
-1023
57
-208
-1338
-1718
-366
147
-1291
-2000
-624
549
-401
-1585
-400
1517
986
-693
-195
1764
1824
-2
-285
1819
2583
703
-443
1030
2328
1142
-545
94
1506
783
-971
-649
744
475
-872
-1092
-33
-8
-1172
-1198
-207
-114
-1006
-1201
-178
99
-747
-788
171
481
-327
-627
339
928
95
-383
373
880
305
-242
410
1033
423
-235
-13
385
-65
-713
-699
-466
-881
-1177
-412
107
-632
-1639
-1152
44
-480
-1705
-1459
-189
54
-1213
-1308
589
1453
130
-749
644
1991
1129
-216
615
2495
1924
151
249
1945
2283
316
-401
977
1599
256
-890
92
1032
91
-1085
-560
260
-344
-1161
-730
32
-376
-1248
-788
96
-237
-856
-399
435
213
-549
-172
902
794
-124
-45
865
1056
312
121
881
1024
349
-157
389
518
-152
-503
-489
-437
-1013
-958
-52
-81
-1092
-1877
-1027
-23
-1066
-2123
-1312
10
-407
-1731
-1035
939
1169
-545
-852
1207
2071
639
-338
1337
2917
1579
-270
517
2503
2137
2
-131
1574
1761
-105
-727
672
1248
-67
-1136
-339
490
-335
-1071
-502
47
-653
-1280
-607
50
-393
-895
-286
392
-81
-605
21
930
640
-167
200
998
853
182
340
1024
956
264
31
475
326
-261
-438
-358
-574
-1206
-837
136
-199
-1364
-1941
-819
-55
-1461
-2304
-1158
100
-610
-2005
-979
1233
901
-1014
-825
1510
2138
211
-599
1746
3087
1126
-587
932
2910
1776
-444
139
2041
1576
-653
-685
1123
1199
-581
-1215
24
305
-822
-1200
-321
-65
-1106
-1444
-371
-25
-908
-1128
-114
221
-599
-884
341
952
36
-496
352
1069
404
-267
493
1108
485
-288
-63
599
31
-812
-735
-404
-820
-1308
-396
208
-718
-2038
-1668
32
-476
-2163
-1882
-213
124
-1501
-1607
814
1775
-221
-1371
740
2604
1299
-684
785
3318
2339
-219
164
2728
2919
180
-472
1638
2268
158
-1076
612
1560
-30
-1546
-670
410
-687
-1546
-792
-157
-1064
-2022
-984
25
-809
-1782
-925
213
-404
-1320
-509
915
451
-805
-365
889
918
-48
-153
880
917
49
-119
453
402
-534
-790
-428
-504
-1181
-777
247
-172
-1598
-2040
-643
-9
-1556
-2259
-918
154
-807
-1920
-224
1742
848
-1186
-471
2083
2269
95
-184
2508
3431
951
-423
1644
3512
1858
-529
630
2661
1685
-648
-444
1616
1350
-935
-1421
155
379
-1102
-1423
-294
-159
-1536
-1823
-389
-98
-1355
-1729
-392
137
-885
-1259
156
1007
-176
-1003
107
1225
623
-330
213
1208
706
-280
-47
615
149
-866
-931
-422
-169
-63
-212
-544
-1181
-1050
-207
-592
-1787
-1492
-290
-31
-1229
-1212
1031
1641
-271
-1222
971
2562
997
-710
1081
3429
2224
-339
668
3154
2590
-84
-319
2202
2327
-123
-771
1263
1730
-338
-1425
-13
729
-848
-1895
-425
243
-1092
-2037
-858
387
-777
-2046
-1055
214
-309
-1303
-675
655
357
-680
-423
850
834
151
252
793
899
332
285
872
499
-346
-565
-226
-363
-544
149
372
-438
-1544
-1029
297
-323
-1926
-1505
-94
-55
-1440
-1374
1119
1748
-253
-1397
615
2285
989
-661
809
2988
1983
-379
314
2812
2543
43
-575
1642
2279
144
-843
923
1821
153
-1331
-254
775
-387
-1672
-831
184
-559
-1643
-1195
-108
-532
-1640
-1085
-67
-434
-1196
-855
373
219
-896
-809
438
775
-51
-290
439
796
285
-206
265
474
-223
-903
-955
-761
-274
373
431
-435
-1518
-1031
-105
-598
-1900
-1168
246
118
-1375
-1176
1237
1643
-443
-1170
1415
2757
747
-1087
871
3316
1975
-716
266
2904
2151
-657
-727
2022
2197
-831
-2079
398
1642
-201
-1650
-190
884
-906
-2473
-1099
565
-391
-1799
-1098
366
-269
-1548
-833
679
104
-1104
-513
1188
1187
-235
-480
613
677
-331
-203
993
1138
-10
-923
-512
-222
-1050
-1721
-1441
-1620
-2263
-1273
300
621
-1288
-2712
-1988
-763
-1185
-735
1941
2792
118
-2869
-1077
2802
3597
1502
1791
3938
2995
-287
-504
3217
4485
953
-1437
1267
3451
1084
-2247
-1612
108
-1292
-3662
-1995
1379
497
-3555
-4883
-2566
-658
-1303
-1496
165
333
-1564
-2085
188
2046
1520
383
1175
2483
2055
1462
2320
2873
1711
855
1809
3272
2563
407
-444
111
174
-325
-542
-477
-1582
-3667
-4490
-3436
-2475
-3049
-4276
-5274
-3616
-1254
-89
-1130
-2845
-2954
-1447
320
1752
4390
4362
795
-2303
282
6291
8739
5596
2867
3895
3203
665
987
5354
6642
1449
-3220
-821
2563
-90
-4607
-4360
-1284
-1705
-4535
-4153
-1398
-3079
-7505
-6864
-1277
2071
-590
-3074
-1564
145
-634
9
3615
5557
2852
-104
1890
5444
5273
3002
3030
4166
3463
1476
1520
2781
1745
-838
-1082
390
193
-2492
-4459
-4129
-3665
-4398
-4517
-3737
-4587
-6554
-7784
-4209
701
1821
-1195
-4403
-3826
-911
2465
4129
5925
5082
840
-1694
1965
8503
10219
5544
1428
3671
5099
2973
1307
3331
4622
943
-2851
-839
2284
-1259
-6645
-6247
-1350
-210
-4286
-6533
-4462
-3954
-6324
-5028
-47
2506
-1096
-4421
-1869
2454
2586
1372
2812
4692
3813
1606
2854
5624
5257
2971
2848
4305
3556
703
-471
944
1354
-255
-1416
-1542
-2661
-4834
-5703
-4151
-3400
-5002
-6524
-6017
-5545
-5798
-3071
-60
1345
-2830
-5585
-2384
3106
5094
3667
3902
3455
1097
39
5160
10643
8946
2280
1170
5587
5730
1722
35
3996
4786
-89
-3021
-781
194
-4378
-6959
-3168
911
-2542
-8053
-7852
-3707
-2914
-4882
-3465
123
141
-3372
-3053
1465
3911
1876
837
3292
4905
3277
1762
4367
6375
4652
2196
2656
3944
2421
24
390
2102
920
-2169
-3313
-2203
-2597
-4601
-5260
-4026
-4212
-6138
-7519
-5769
-4672
-5094
-2536
150
1003
-3166
-5477
-1718
4546
6219
4308
3908
2580
607
755
6246
11138
8740
2072
1800
5506
4529
1120
523
4704
4701
-996
-3826
-1540
-906
-4710
-5706
-2413
-357
-5046
-9148
-6854
-2645
-3146
-5254
-3245
-164
-797
-3843
-2071
2497
3848
1458
1394
4312
4763
2146
1803
5599
7629
4887
1615
2243
3418
2037
733
1959
2921
48
-3672
-3911
-2021
-2154
-4135
-4485
-3751
-5106
-7151
-7384
-4725
-4406
-4726
-2206
652
426
-4424
-5345
61
6408
6381
3504
3090
2475
1194
1988
7463
11758
8340
1644
2341
5954
4877
979
764
5637
5089
-1393
-4749
-2136
-836
-4013
-5111
-2160
-979
-6582
-10612
-7133
-1691
-2217
-5592
-4747
-1670
-1836
-4216
-1780
3175
4381
1229
284
3165
4469
2861
3340
6949
8038
4581
1241
2731
4935
3600
1853
2574
3332
471
-3108
-3377
-1217
-1336
-3581
-4241
-3652
-4860
-7402
-7625
-5267
-3697
-5824
-4534
-920
936
-2549
-6259
-3081
3618
6364
3510
2432
2530
2039
1519
5101
10698
10693
4026
761
4890
7012
4146
860
3409
6243
1866
-3978
-3814
175
-840
-4199
-4443
-1864
-3913
-9457
-9728
-4389
-1061
-4167
-6940
-4934
-2118
-3391
-4029
-365
3518
2779
-567
-57
3124
4211
3785
5088
7459
6638
3229
2284
4694
6044
4617
3171
3330
2768
-68
-1880
-997
379
-667
-3449
-5079
-5181
-5594
-6347
-5863
-4909
-5570
-5686
-4323
-1652
-2227
-5558
-5308
-343
4046
3251
1375
720
1368
2079
4363
8383
9876
5623
1750
3896
6931
6332
3440
3808
6012
3614
-1482
-2619
774
1386
-1889
-4081
-3105
-3825
-7521
-8475
-4849
-1915
-4606
-8352
-7429
-4006
-3468
-4262
-2739
380
868
-1491
-1663
1300
3641
3711
4144
5851
6507
4509
2896
4559
6871
6616
4623
3820
3870
2730
683
149
1311
974
-1659
-4251
-4770
-4279
-4638
-5413
-5584
-5927
-7303
-6690
-4231
-2131
-3587
-6411
-5265
-522
2766
1249
-244
162
1728
2751
4281
7103
7863
4818
2409
4695
7200
6606
4054
4028
5592
3645
-124
-543
2230
2257
-1205
-3782
-3028
-3029
-5520
-6422
-4140
-2860
-5692
-8325
-6617
-3380
-3461
-5054
-3752
-849
-744
-2721
-2142
1264
3061
2628
2734
4520
4975
3187
3018
5653
7458
5945
3725
3703
4465
3134
1653
2207
2844
981
-2387
-3478
-2148
-1840
-3440
-4940
-5318
-6151
-6156
-4610
-2574
-3228
-6109
-6567
-3066
654
91
-1354
-1524
-111
809
1823
4219
6021
4450
1809
2804
5455
6557
4842
3909
4855
4526
2189
1355
3171
3790
1585
-1149
-1282
-841
-2341
-3613
-2701
-1876
-3501
-6085
-5720
-3301
-2967
-4368
-4293
-2471
-1955
-3239
-3430
-1134
677
365
321
1713
2540
1722
1372
3446
5379
4680
2879
2723
3525
3343
2728
2845
3202
1670
-906
-1716
-413
74
-902
-2822
-3671
-2956
-2818
-2923
-3804
-4229
-3815
-2066
-1226
-1168
-2171
-3148
-2316
-316
2067
2917
2024
293
598
2059
3599
4308
3751
3715
3115
2191
1653
2468
3688
3830
2247
451
-138
-433
-535
-695
-124
-76
-1719
-3923
-4171
-2648
-1414
-1625
-2456
-2312
-2473
-3213
-3059
-1393
294
18
-1170
-981
251
839
599
1095
2473
2640
1552
1139
1945
2677
2020
1340
1799
1851
371
-1051
-856
276
352
-1115
-1323
-1088
-1365
-2489
-3083
-2145
-848
-811
-1470
-1432
-1421
-1850
-1762
-115
2147
2775
576
-940
245
2047
3039
2508
2616
2832
1724
181
920
2878
3414
1998
344
374
157
-553
-765
147
600
-553
-2245
-2574
-2275
-2180
-1857
-1217
-944
-1758
-2726
-2511
-1406
-913
-562
-356
-135
-300
-675
-189
1026
1666
1315
905
825
1549
2184
2230
1724
926
675
1104
1480
1128
396
-409
-496
-386
-113
-167
-838
-2091
-2403
-1493
-465
-454
-1761
-2348
-1814
-705
-629
-656
-389
12
-142
-554
12
1360
1922
987
555
1049
2085
1836
1007
1304
2010
1475
426
745
1781
1796
-30
-899
-179
383
-382
-1085
-708
-693
-1807
-2938
-1941
-677
-798
-1700
-1891
-1468
-1764
-2092
-1014
652
713
-705
-1423
-116
1317
1202
826
1419
2041
1717
769
965
2288
2686
1661
746
743
960
484
232
996
1608
754
-1176
-2079
-1197
-45
-8
-563
-1144
-1568
-2001
-1890
-973
-184
-249
-699
-809
-912
-1142
-1082
28
1076
980
-2
-431
-1
299
390
709
1297
1153
380
-8
462
891
655
239
124
78
-350
-860
-930
-852
-911
-900
-762
-905
-1401
-1814
-1554
-1028
-728
-644
-543
-598
-900
-662
183
1111
1054
553
560
946
1136
1208
1736
2174
2014
1159
780
1158
1490
1286
923
1181
1398
753
-330
-709
-215
347
88
-396
-650
-817
-1085
-1244
-754
-351
-402
-648
-729
-640
-754
-719
-5
626
406
-147
-302
285
696
382
121
480
935
817
460
342
494
349
-16
-33
197
-45
-825
-1424
-1257
-705
-551
-742
-1095
-1504
-1807
-1710
-1119
-518
-526
-828
-1097
-1092
-687
-223
373
581
407
126
-13
280
744
1339
1534
1379
999
738
639
771
1186
1582
1701
1121
488
141
223
433
595
576
321
-179
-691
-665
-302
-30
-191
-537
-684
-625
-711
-669
-311
14
3
-355
-373
-157
85
174
325
364
309
310
584
1084
978
585
383
640
764
520
258
262
75
-154
-28
231
242
-450
-1018
-882
-604
-463
-472
-554
-711
-1142
-1309
-847
-483
-513
-717
-852
-838
-952
-859
-360
31
-86
-329
-218
63
101
-8
402
990
1078
763
520
644
817
850
867
1018
801
334
56
258
627
511
-3
-350
-339
-300
-337
-470
-321
-273
-511
-676
-616
-399
-430
-645
-527
-167
-76
-15
44
282
427
392
596
809
809
688
614
684
856
846
1020
1080
794
405
134
257
447
444
258
10
-338
-540
-626
-413
-283
-518
-866
-1078
-900
-846
-817
-840
-797
-732
-732
-556
-344
-271
-291
-105
302
631
517
361
476
730
955
975
951
822
446
211
346
630
706
307
-120
-361
-501
-585
-568
-425
-390
-634
-980
-978
-1020
-1222
-1185
-861
-397
-512
-985
-1031
-513
-41
61
42
136
256
106
60
435
953
1033
801
532
515
681
606
571
626
699
444
0
-227
-115
35
-102
-306
-449
-477
-674
-875
-903
-667
-448
-574
-739
-710
-389
-207
-260
-235
172
595
607
442
563
938
1068
974
1059
1361
1336
927
725
996
1274
1100
549
369
386
226
-43
-131
0
-131
-454
-696
-627
-745
-980
-1043
-818
-733
-1012
-1143
-906
-605
-699
-746
-418
-121
-216
-333
-133
191
241
85
307
739
707
332
42
231
480
450
281
196
26
-350
-559
-447
-130
-161
-642
-1076
-1134
-986
-914
-882
-756
-625
-767
-985
-962
-597
-70
157
90
7
101
337
567
666
804
1024
1029
892
720
899
1222
1169
920
783
800
716
493
335
454
486
227
-3
-153
-179
-256
-366
-272
-268
-523
-682
-577
-353
-309
-278
-76
103
-48
-269
-151
211
425
383
478
669
687
423
240
365
646
733
650
481
165
-82
-175
8
218
108
-245
-607
-697
-600
-526
-575
-566
-518
-460
-663
-864
-602
-195
-22
-265
-376
-82
241
96
-117
90
483
553
257
142
324
468
286
119
286
553
406
-37
-294
-154
24
-40
-121
-157
-221
-483
-616
-505
-292
-231
-371
-402
-412
-438
-399
-31
380
381
15
-91
221
490
551
565
796
897
664
478
667
866
789
659
696
782
506
122
149
382
420
173
-58
-135
-175
-299
-327
-230
-186
-289
-408
-446
-343
-141
-31
-73
-247
-199
52
273
229
70
140
282
285
165
189
308
296
95
55
170
137
-124
-363
-274
-226
-376
-614
-566
-487
-692
-963
-945
-679
-666
-857
-942
-758
-655
-725
-664
-377
-119
-183
-297
-168
34
39
85
331
583
544
331
347
577
600
402
433
609
624
304
29
164
319
196
-54
-155
-117
-132
-265
-344
-315
-283
-289
-360
-368
-253
-57
53
17
-81
-88
98
305
434
413
347
330
408
518
578
594
519
447
408
436
443
379
219
60
-60
-91
-52
-50
-153
-461
-669
-629
-469
-505
-726
-802
-654
-532
-608
-688
-558
-277
-231
-314
-331
-172
-52
-112
-80
165
360
286
128
168
381
374
255
272
396
303
1
-112
92
213
-29
-325
-400
-318
-323
-455
-516
-463
-542
-592
-554
-482
-386
-374
-266
-203
-333
-368
-158
113
231
147
150
301
353
339
406
566
633
523
439
462
472
438
396
387
343
183
68
55
49
-14
-90
-134
-202
-351
-395
-221
-44
-111
-270
-270
-103
31
53
104
167
213
177
281
477
581
518
471
566
659
622
515
559
664
603
347
224
298
387
229
-41
-162
-147
-160
-305
-430
-417
-382
-414
-458
-499
-438
-384
-382
-342
-292
-271
-197
-166
-116
-10
28
133
219
228
215
261
374
411
311
203
294
390
339
108
-72
-81
-64
-85
-98
-134
-276
-470
-590
-455
-343
-366
-467
-489
-450
-431
-406
-237
-88
-112
-224
-200
32
182
220
273
414
465
351
280
420
670
741
630
485
383
339
306
377
478
401
162
-13
-34
19
-43
-162
-151
-108
-115
-217
-305
-249
-152
-104
-88
-87
-84
-30
30
140
214
219
237
275
338
415
478
465
336
228
336
447
370
132
9
63
30
-163
-235
-179
-238
-447
-622
-542
-502
-674
-763
-585
-449
-582
-776
-674
-410
-403
-539
-448
-229
-226
-328
-200
120
165
-108
-139
187
400
238
58
207
347
193
23
117
299
186
-100
-94
90
55
-183
-288
-166
-79
-214
-315
-189
-94
-150
-248
-171
-15
-8
-65
-7
162
183
96
118
275
432
437
370
368
373
344
398
443
415
295
168
159
143
62
6
-30
-137
-266
-277
-226
-285
-491
-535
-354
-255
-365
-472
-389
-274
-332
-384
-211
-51
-101
-222
-112
141
145
5
27
196
277
176
114
221
253
143
124
173
190
75
-13
52
76
-37
-148
-156
-153
-165
-206
-181
-164
-248
-293
-251
-181
-161
-175
-177
-128
-69
-41
-46
-59
-3
131
230
195
86
11
45
170
258
226
105
-26
-50
25
95
74
-39
-169
-215
-163
-143
-181
-222
-211
-173
-185
-243
-217
-114
-36
-27
-91
-90
-4
87
155
217
273
307
256
219
270
432
574
544
422
357
395
446
443
414
486
501
366
231
225
311
324
203
168
234
198
73
9
104
192
93
-50
-22
44
10
-54
-28
62
8
-128
-108
60
94
-94
-223
-116
55
5
-178
-270
-200
-125
-150
-199
-191
-204
-256
-293
-273
-190
-215
-286
-283
-212
-163
-231
-301
-234
-103
-87
-169
-247
-194
-100
-58
-24
0
7
-67
-91
-12
116
198
174
109
40
19
83
173
217
196
140
88
54
87
157
198
170
120
134
155
120
126
197
247
192
94
169
308
251
103
106
237
314
212
154
256
273
123
40
157
322
284
104
51
120
121
54
22
69
98
33
-34
-53
-72
-105
-111
-36
40
-23
-193
-305
-236
-81
-37
-136
-262
-289
-266
-218
-181
-165
-200
-265
-267
-261
-267
-245
-159
-125
-213
-352
-354
-260
-226
-260
-232
-199
-289
-414
-432
-296
-196
-219
-262
-276
-319
-351
-305
-187
-113
-162
-162
-134
-163
-225
-166
7
80
25
-6
103
148
70
48
214
383
373
260
248
307
325
344
402
468
434
352
319
357
389
406
386
351
317
288
263
210
184
212
230
121
-29
-62
20
63
15
-51
-75
-98
-182
-196
-127
-57
-79
-190
-267
-273
-239
-219
-214
-208
-195
-216
-274
-332
-304
-202
-158
-175
-229
-233
-230
-287
-280
-225
-170
-180
-229
-227
-188
-211
-270
-247
-190
-87
-64
-110
-153
-191
-148
-54
42
111
92
3
-53
-18
125
243
251
220
189
173
189
246
354
379
284
228
276
307
258
224
280
327
221
72
64
160
164
114
82
90
22
-125
-119
-10
25
-83
-167
-140
-120
-182
-230
-163
-117
-115
-138
-158
-138
-145
-107
-41
-16
-17
2
47
8
-38
16
136
155
89
71
152
174
32
-12
101
246
238
92
28
65
79
91
159
231
200
25
-68
24
176
186
85
53
87
106
85
104
157
149
79
87
182
213
135
61
122
206
192
83
25
80
110
113
99
65
1
-88
-88
-27
-32
-96
-162
-205
-238
-265
-279
-240
-227
-278
-311
-325
-311
-304
-289
-231
-170
-157
-203
-237
-202
-117
-37
1
-16
-33
3
45
105
116
120
149
160
164
171
190
182
171
167
220
232
179
116
105
160
202
181
112
81
101
128
127
108
110
124
114
95
103
146
163
134
142
192
209
133
65
126
233
237
145
88
110
100
25
8
64
66
-29
-139
-186
-196
-199
-166
-138
-201
-331
-407
-365
-295
-302
-292
-234
-254
-376
-450
-342
-169
-146
-245
-274
-210
-186
-217
-166
-66
-37
-117
-156
-77
-44
-84
-114
-56
-15
-68
-130
-126
-97
-115
-132
-79
-36
-128
-212
-165
-44
0
-69
-103
-56
-46
-41
25
144
187
98
64
176
272
262
216
273
368
331
254
284
378
358
257
230
317
336
249
187
185
151
77
76
121
96
-41
-115
-69
-35
-70
-95
-63
-52
-108
-150
-92
-49
-92
-145
-103
-19
-15
-86
-103
-46
-29
-68
-84
-28
-20
-84
-154
-122
-55
-67
-133
-173
-172
-202
-230
-224
-167
-190
-281
-327
-266
-169
-180
-245
-247
-178
-146
-142
-127
-65
-28
-37
-14
29
62
65
100
171
216
193
180
215
220
189
194
250
287
255
194
162
124
95
115
177
167
61
-24
-26
17
16
-4
20
48
24
-37
-48
-8
19
43
65
93
77
30
38
80
110
120
116
112
89
30
50
120
159
107
18
6
30
13
-34
-51
-6
-10
-105
-160
-96
-16
-54
-152
-163
-68
-50
-108
-112
-36
-3
-65
-107
-45
21
-3
-20
17
82
71
29
61
96
74
22
32
94
95
48
-3
-19
-34
-41
-13
21
-27
-133
-165
-121
-68
-75
-99
-90
-96
-124
-134
-97
-54
-33
-22
4
19
-4
-3
36
88
102
94
94
97
102
128
170
192
157
119
138
179
178
135
125
139
137
89
64
100
133
111
59
51
71
77
60
78
106
86
28
13
61
84
61
33
55
92
91
64
54
57
41
22
15
38
12
-22
-44
-65
-80
-92
-71
-66
-115
-183
-198
-173
-144
-158
-194
-208
-211
-210
-216
-209
-199
-182
-169
-162
-152
-148
-132
-107
-99
-97
-78
-60
-48
-36
-15
4
4
-13
9
45
51
52
28
25
38
37
47
52
57
78
68
41
21
16
35
32
22
19
25
14
-12
-29
-18
0
-7
8
33
51
33
-2
-10
34
67
62
58
33
21
6
-1
37
60
53
37
24
8
-1
15
53
67
46
20
23
39
35
35
52
75
68
62
76
89
80
62
85
112
115
91
86
98
108
90
84
108
104
76
40
45
48
19
-11
-32
-36
-54
-66
-57
-56
-96
-142
-138
-117
-122
-148
-135
-129
-152
-209
-222
-188
-170
-173
-184
-163
-159
-185
-197
-170
-142
-138
-140
-135
-140
-167
-172
-150
-126
-132
-142
-132
-123
-147
-168
-145
-113
-97
-98
-96
-83
-81
-83
-56
-17
4
16
58
104
120
102
108
151
196
210
204
208
214
221
231
265
273
248
215
223
244
232
210
191
168
146
132
141
139
109
70
48
54
45
28
17
5
-13
-32
-36
-42
-56
-58
-50
-38
-44
-50
-42
-44
-51
-57
-50
-27
-26
-45
-57
-68
-72
-83
-86
-83
-72
-86
-119
-159
-180
-174
-160
-155
-172
-185
-197
-208
-208
-190
-163
-121
-105
-106
-93
-81
-81
-66
-12
30
43
27
30
69
103
136
150
143
130
120
137
153
150
132
106
87
84
86
110
124
88
48
49
86
112
96
69
77
100
82
54
68
96
115
107
117
149
146
118
103
137
175
168
132
120
130
106
83
88
116
108
52
4
-1
0
-19
-35
-35
-45
-86
-114
-102
-73
-74
-110
-130
-112
-100
-90
-76
-79
-110
-135
-120
-65
-36
-58
-82
-72
-57
-61
-56
-39
-18
-26
-60
-70
-51
-38
-58
-79
-68
-44
-38
-53
-68
-73
-59
-51
-50
-43
-43
-36
-43
-49
-39
-15
-3
4
23
51
61
42
50
90
127
123
100
106
128
111
82
102
145
154
97
67
92
105
83
55
65
77
49
16
38
59
37
-3
-14
2
6
-2
12
37
29
-9
-19
17
37
25
13
40
67
51
22
19
23
19
22
33
56
30
-10
-23
-19
-21
-26
-8
1
-33
-81
-98
-84
-75
-81
-82
-78
-104
-143
-135
-100
-80
-88
-99
-89
-85
-108
-117
-79
-43
-49
-74
-68
-56
-77
-86
-49
-12
-23
-76
-94
-70
-69
-89
-95
-84
-93
-123
-133
-113
-101
-117
-135
-125
-113
-128
-142
-114
-61
-59
-80
-83
-56
-33
-28
-11
44
79
74
46
40
68
83
111
130
143
116
67
72
109
142
134
111
101
92
65
45
65
80
69
25
7
17
4
-6
-2
32
39
15
11
31
52
40
29
33
56
54
40
56
72
58
34
42
62
46
4
-9
8
5
-36
-81
-86
-84
-94
-104
-103
-113
-151
-167
-148
-127
-144
-154
-133
-114
-125
-151
-128
-76
-73
-92
-73
-9
27
3
-11
17
47
54
60
97
100
59
39
71
113
101
70
77
92
64
34
44
69
63
26
16
38
35
4
-1
28
51
37
16
36
49
31
17
30
60
71
73
89
107
101
91
103
131
129
109
102
104
107
83
59
73
71
57
58
64
50
17
-2
16
17
-6
-14
-4
3
-23
-49
-31
-11
-16
-33
-13
35
50
36
25
31
55
68
85
107
103
72
46
59
86
92
62
44
44
29
-5
-20
-4
-12
-44
-74
-88
-93
-118
-139
-124
-108
-118
-145
-154
-137
-115
-117
-122
-101
-80
-59
-54
-42
-19
-2
-2
8
30
56
68
56
56
78
90
83
86
109
129
121
100
90
97
91
76
75
88
89
69
53
57
71
77
80
98
106
103
101
112
126
118
111
128
151
165
158
136
128
141
147
135
112
100
102
90
61
44
35
16
-16
-40
-50
-67
-107
-149
-152
-144
-162
-184
-194
-192
-192
-205
-206
-200
-194
-191
-180
-163
-157
-170
-181
-162
-124
-112
-128
-126
-106
-96
-108
-106
-92
-77
-79
-84
-71
-68
-96
-122
-112
-83
-79
-93
-114
-123
-128
-135
-118
-96
-86
-89
-82
-62
-57
-58
-57
-46
-19
3
15
26
20
11
26
56
70
58
46
61
73
73
59
58
65
55
43
33
23
20
4
-2
0
-4
-16
-28
-30
-29
-23
-24
-31
-29
-22
-26
-21
-18
-17
-13
-24
-28
-18
-8
1
-3
-10
-11
-13
-15
-22
-12
-5
-13
-33
-53
-48
-48
-43
-44
-49
-57
-67
-76
-90
-93
-95
-93
-86
-86
-80
-73
-81
-83
-76
-60
-42
-28
-22
-30
-41
-37
-17
3
8
-4
7
19
24
7
13
46
60
53
34
35
42
40
30
45
65
63
41
31
51
67
62
55
76
87
78
58
68
96
101
88
92
123
135
122
122
148
170
156
130
129
145
149
126
126
134
129
114
106
130
147
134
113
104
94
74
61
57
45
38
26
17
9
-12
-15
0
18
20
5
-1
-6
-6
0
-1
-1
-8
-4
0
11
13
6
2
16
31
39
31
13
9
2
12
12
11
-1
-22
-21
-18
-18
-19
-19
-19
-31
-46
-46
-39
-49
-54
-40
-31
-26
-40
-39
-18
-2
0
2
27
50
43
32
44
60
65
62
73
99
107
86
88
104
111
105
93
83
86
84
76
82
76
66
53
54
64
59
47
37
36
34
41
46
39
34
35
47
47
40
37
40
55
62
50
42
35
24
24
23
30
28
4
-16
-36
-44
-52
-65
-73
-74
-82
-97
-120
-144
-152
-146
-139
-145
-159
-171
-178
-187
-174
-161
-163
-167
-171
-163
-154
-156
-158
-148
-136
-122
-123
-121
-114
-112
-113
-112
-110
-104
-103
-101
-92
-78
-71
-75
-81
-78
-63
-46
-40
-46
-58
-66
-57
-44
-33
-28
-27
-30
-25
-16
-6
6
11
25
26
19
11
2
4
3
14
29
28
19
2
-5
7
8
-1
0
4
15
13
-6
-18
-10
-6
-20
-27
-22
-22
-28
-36
-31
-13
-11
-16
-19
-6
1
-7
-7
1
7
13
17
24
31
23
17
11
22
28
24
30
27
22
13
8
-1
-5
-3
-1
6
1
-6
-19
-25
-28
-28
-28
-17
-16
-19
-24
-36
-53
-55
-39
-29
-23
-35
-56
-57
-53
-36
-26
-32
-37
-49
-49
-47
-48
-55
-52
-46
-58
-59
-54
-44
-38
-30
-19
-6
1
-6
6
18
25
34
38
46
64
69
82
96
108
119
130
133
139
157
169
176
175
170
171
167
173
184
183
187
181
165
144
128
123
132
138
135
119
104
92
89
91
93
95
86
77
69
62
55
64
72
75
63
37
25
24
31
41
50
42
20
-4
-15
-7
-3
-4
-27
-44
-54
-48
-53
-66
-58
-46
-50
-64
-63
-55
-37
-35
-39
-36
-33
-30
-26
-7
11
22
23
26
32
30
34
41
57
72
63
45
34
40
53
70
71
60
41
30
36
52
53
42
31
12
1
1
15
19
24
15
8
12
17
23
26
33
38
42
34
39
48
51
53
40
42
52
57
47
31
33
31
30
19
5
-3
-8
-18
-23
-20
-20
-24
-38
-56
-58
-52
-54
-53
-58
-71
-79
-77
-74
-64
-64
-59
-60
-55
-47
-56
-58
-61
-54
-58
-66
-67
-70
-70
-69
-66
-64
-73
-87
-91
-89
-95
-108
-122
-118
-127
-150
-160
-160
-153
-153
-150
-149
-146
-148
-156
-146
-123
-114
-116
-113
-102
-87
-83
-79
-61
-39
-25
-18
-13
-15
-9
-5
0
11
7
-15
-30
-23
-28
-35
-15
-7
-12
-14
-32
-28
-8
-13
-10
-1
-10
-13
-2
4
5
0
-7
-3
4
8
3
9
15
17
14
14
27
30
24
14
14
4
-14
-18
-11
-5
-10
-17
-32
-39
-44
-50
-45
-45
-55
-67
-70
-69
-71
-71
-77
-66
-59
-44
-30
-27
-26
-26
-18
-4
8
10
7
14
16
19
29
25
19
19
16
21
31
31
25
17
22
16
6
2
8
18
17
16
24
29
31
39
54
60
64
62
65
82
93
92
88
106
111
101
100
112
130
126
117
119
126
116
91
89
98
108
97
76
69
71
70
64
70
72
62
52
45
55
60
50
49
47
49
42
43
56
66
73
69
64
65
69
73
74
75
66
58
50
36
39
32
24
17
-1
-18
-23
-29
-34
-40
-55
-62
-64
-69
-62
-60
-60
-60
-57
-48
-54
-46
-40
-33
-35
-37
-24
-11
0
1
7
21
26
30
35
46
56
51
43
34
35
38
37
35
28
25
23
23
15
14
13
11
8
4
8
8
13
11
10
16
21
28
32
33
29
27
22
21
29
32
29
26
27
37
38
32
27
33
23
9
-2
2
3
-10
-14
-17
-17
-19
-21
-21
-27
-37
-45
-38
-30
-34
-45
-49
-44
-39
-35
-32
-21
-23
-26
-21
-18
-10
-15
-24
-17
-16
-23
-36
-36
-26
-29
-31
-38
-47
-50
-54
-49
-50
-65
-73
-79
-81
-87
-94
-98
-102
-104
-104
-100
-95
-94
-93
-87
-88
-89
-79
-70
-68
-63
-64
-64
-63
-62
-68
-67
-56
-50
-54
-61
-60
-49
-42
-49
-57
-52
-44
-46
-52
-44
-39
-44
-39
-38
-31
-33
-33
-17
3
14
13
21
16
21
27
33
53
57
53
38
42
55
64
68
66
66
63
57
50
44
39
38
36
21
3
-6
-7
-5
-13
-21
-32
-36
-34
-32
-25
-31
-33
-31
-31
-42
-37
-31
-37
-36
-34
-36
-29
-25
-27
-16
-9
-6
4
-7
-17
-17
-12
-5
-13
-20
-28
-32
-34
-34
-25
-22
-30
-31
-23
-21
-21
-20
-18
-7
1
7
12
20
29
36
48
63
74
66
72
80
90
106
102
105
110
111
112
111
111
106
100
98
99
95
82
77
83
82
79
79
90
84
70
66
71
79
67
56
50
49
47
40
50
57
60
52
49
55
57
62
55
53
44
39
35
29
26
24
22
22
9
-3
0
-5
-5
-14
-17
-13
-24
-27
-34
-38
-34
-28
-34
-39
-40
-45
-40
-28
-17
-27
-38
-45
-40
-30
-19
-19
-21
-25
-26
-14
-8
-10
-17
-18
-8
-10
-13
-9
-5
-10
-20
-28
-16
-4
-12
-9
-7
0
8
6
13
20
20
11
16
31
37
37
39
48
50
48
54
64
67
58
47
46
52
57
56
51
49
46
39
48
56
57
48
35
37
35
32
23
23
23
28
27
22
16
15
26
38
47
61
112
224
356
234
70
-43
-302
-384
-144
149
353
284
-3
-351
-698
-621
144
498
195
105
-253
-887
-650
-263
-122
395
292
-216
164
98
-389
49
457
52
32
251
-157
-115
38
-120
177
527
316
111
-4
-360
-597
-254
51
4
-14
-248
-540
-413
-267
-324
-53
97
-168
-284
-161
-258
-210
89
105
192
241
-72
-177
94
83
229
494
334
161
154
-56
29
363
684
1073
952
502
-24
-373
-421
-433
-439
-90
-134
-454
-194
-24
-52
101
-131
-412
-313
-669
-857
-600
-616
-433
-206
-269
-96
3
-191
-90
-26
-53
72
69
110
160
4
123
402
458
536
524
367
286
56
-22
189
127
148
317
191
146
161
-9
3
40
-115
-208
-153
-335
-399
-275
-295
-202
-129
-205
-202
-284
-448
-493
-365
-181
-70
79
115
88
23
-32
-48
-15
62
104
99
199
311
217
202
275
213
150
174
111
139
219
159
89
95
51
4
-88
-217
-128
-44
-23
-19
-15
-96
-143
-112
-121
-40
72
87
76
34
-59
-71
-15
-8
-7
43
92
143
176
193
200
225
232
223
153
99
102
50
43
117
137
142
71
-60
-17
-8
-72
-59
-37
-63
-37
-38
-94
-76
-79
-132
-99
-59
-117
-110
-103
-76
14
31
18
-8
-84
-76
-18
7
19
-7
26
56
37
3
48
123
101
111
133
39
-16
-21
-10
55
141
195
170
114
57
22
16
-11
-13
31
64
88
22
-54
-10
-11
-53
-33
-21
12
2
-42
-39
-12
-5
47
30
-19
-22
-79
-156
-141
-80
25
117
105
118
112
82
110
145
156
159
70
-19
23
65
89
119
111
84
50
16
-28
-79
-64
-13
25
55
7
-26
-45
-101
-73
-53
-84
-33
-60
-150
-99
-49
-53
22
52
-72
-121
-110
-125
-79
-49
-41
-60
-103
-129
-128
-66
-6
-17
-1
85
51
-28
-13
-24
-81
-102
-95
-38
60
66
13
-9
-32
-64
-91
-124
-118
-66
-15
29
50
44
19
-18
-58
-45
-25
0
22
44
75
84
99
55
-10
-14
17
15
7
-18
-51
-42
-46
-53
-5
47
52
48
34
13
22
39
46
9
-25
-9
-9
12
21
-1
30
32
-30
-3
33
-10
-35
-35
-27
-16
-11
-3
32
34
-37
-87
-56
-39
-67
-41
-42
-71
-78
-75
-85
-86
-83
-133
-148
-118
-104
-48
19
26
19
39
39
40
-5
-15
33
45
69
61
70
100
59
-24
-75
-90
-60
25
101
123
126
77
-32
-99
-193
-232
-131
-81
-37
61
54
-30
-46
-71
-119
-105
-76
-66
-55
-73
-99
-61
-10
-3
-8
-21
-20
25
90
162
189
192
176
133
74
43
23
28
87
120
115
121
125
94
60
22
7
-8
-5
44
68
59
61
41
-3
-32
-69
-90
-62
-29
6
85
157
146
81
35
-20
-69
-47
-28
-30
42
91
54
13
-27
-51
-56
-69
-67
-32
19
51
28
-10
-25
-75
-112
-98
-105
-64
-19
-38
-57
-107
-153
-127
-85
-23
23
30
9
-42
-61
-32
-12
14
58
70
56
29
12
39
95
126
97
67
82
73
53
53
48
43
60
74
65
101
102
26
-37
-48
-56
-32
5
12
16
35
41
-8
-25
-11
-14
-13
-18
-13
24
54
32
-11
-54
-54
-22
5
19
28
32
15
29
71
78
89
81
33
14
33
41
31
52
46
-1
-6
-15
-32
8
24
-20
-8
52
57
47
31
-11
-36
-17
-39
-61
-23
-14
-25
-14
-25
-28
-15
-8
-11
5
47
63
41
14
6
-15
-33
-51
-64
-46
-24
-29
-14
20
28
28
-16
-65
-65
-56
-29
-8
11
25
16
6
-1
-2
12
42
75
73
71
64
41
44
63
69
77
97
67
30
32
33
30
43
61
48
22
-9
-19
-23
-31
-8
9
-2
-14
-31
-59
-63
-46
-6
33
40
46
16
-31
-57
-73
-65
-32
1
33
63
60
7
-50
-67
-79
-63
-58
-70
-56
-41
-34
-49
-47
-51
-77
-99
-108
-84
-46
-36
-28
-21
-52
-93
-111
-107
-88
-54
-10
13
31
23
-14
-26
-30
-24
-1
25
21
29
28
8
23
44
42
25
26
16
0
25
64
77
94
83
10
-47
-78
-85
-46
-2
-7
-16
-20
-64
-93
-72
-79
-85
-42
-68
-108
-106
-93
-75
-63
-44
-42
-49
-47
-59
-35
13
30
34
36
13
1
13
9
18
33
52
61
46
25
11
22
39
42
60
69
29
-13
-19
-20
-6
16
11
13
25
18
-5
-24
-34
-44
-46
-49
-55
-49
-43
-36
-31
-28
-23
-32
-51
-73
-73
-65
-66
-53
-57
-77
-69
-57
-51
-25
-2
-21
-52
-65
-87
-86
-64
-60
-59
-26
-24
-40
-20
-22
-18
-4
-17
-14
-1
-3
2
19
36
54
63
67
54
42
24
13
15
28
60
92
89
64
54
61
72
79
97
103
90
74
36
29
52
64
56
53
43
25
-1
-17
-4
17
42
35
4
-14
-6
2
34
55
59
67
44
13
14
41
60
96
105
98
103
88
71
75
86
87
84
72
55
47
60
71
73
65
36
6
-11
-22
-4
35
45
45
44
34
13
2
-13
-3
21
12
17
20
11
-7
-1
14
21
35
42
42
58
76
70
70
68
29
7
-1
-18
-7
10
34
42
33
15
1
-9
-25
-40
-25
4
9
18
26
24
17
21
4
-6
2
-2
-15
4
25
17
19
28
21
14
21
33
47
61
60
52
50
32
37
61
58
44
50
47
26
37
50
48
54
39
4
6
7
-14
-14
-33
-58
-80
-88
-93
-95
-83
-81
-97
-104
-123
-139
-119
-110
-113
-102
-100
-111
-112
-114
-116
-114
-114
-129
-121
-111
-104
-84
-70
-69
-63
-54
-74
-67
-76
-80
-68
-48
-31
-26
-6
-20
-44
-36
-40
-60
-46
-37
-41
-31
-32
-37
-31
-20
-28
-33
-25
-31
-23
-15
-12
-11
-21
-51
-69
-52
-32
2
17
12
3
-18
-33
-43
-39
-31
-20
-9
-17
-28
-18
-21
-24
-9
-29
-46
-42
-42
-36
-10
-1
-14
-1
-16
-62
-69
-57
-60
-29
-3
-15
-6
10
2
-12
-17
-17
-25
-19
-1
0
-5
4
2
-10
-3
-3
4
13
-1
-16
1
6
7
12
-11
-14
-12
-17
0
18
15
19
2
-14
-12
-17
-10
5
3
-2
-1
-6
-11
-20
-30
-31
-22
-12
-10
-19
-23
-9
-11
-9
-12
-23
-25
-28
-28
-17
3
23
24
10
2
7
24
28
35
57
64
61
58
64
63
75
97
110
121
114
107
100
89
103
111
115
125
127
115
108
108
117
120
113
109
105
101
104
93
90
99
76
60
50
49
56
78
83
80
77
58
49
48
34
20
26
32
34
33
29
27
22
14
3
4
24
29
32
42
52
58
63
59
56
55
49
54
62
77
70
65
70
68
70
82
102
110
125
124
103
86
68
46
50
55
51
56
64
64
58
61
63
56
39
20
2
2
5
-2
6
13
13
0
-14
-21
-30
-32
-36
-28
-29
-29
-35
-39
-44
-51
-52
-58
-57
-60
-57
-52
-53
-62
-59
-53
-41
-45
-64
-68
-69
-69
-54
-48
-50
-39
-42
-56
-43
-24
-23
-16
-21
-32
-33
-39
-48
-29
-7
-15
-27
-29
-31
-30
-25
-27
-17
2
-10
-41
-66
-77
-82
-73
-55
-57
-61
-58
-76
-80
-84
-83
-78
-87
-94
-105
-112
-115
-115
-109
-103
-114
-129
-138
-141
-118
-97
-72
-57
-64
-80
-97
-108
-105
-80
-61
-52
-50
-53
-59
-56
-49
-34
-18
-16
-26
-35
-33
-39
-32
-8
3
1
-6
-28
-48
-50
-54
-43
-24
-21
-7
-7
-20
-31
-32
-22
-23
-18
-30
-38
-37
-35
-30
-32
-26
-28
-33
-34
-26
-16
-5
-7
-15
-10
-15
-29
-24
-15
-9
-1
9
13
3
-18
-26
-19
-21
-18
-16
-18
-13
-23
-27
-15
-10
-7
-9
4
10
12
15
26
49
47
41
36
39
40
43
48
58
54
43
42
43
34
33
40
41
47
42
34
36
37
30
32
31
21
16
18
26
35
30
30
30
17
2
4
9
25
33
33
43
30
37
39
33
37
35
42
56
63
77
81
80
82
91
99
103
99
93
88
84
83
84
84
88
96
94
101
95
88
92
85
74
76
78
81
80
66
47
39
32
17
15
19
19
17
5
-6
-1
-3
-5
2
10
11
5
4
10
19
20
11
-1
4
11
5
3
20
20
27
35
21
24
21
17
12
22
35
39
44
42
38
28
19
13
24
36
44
44
43
50
45
44
38
27
40
47
45
48
58
62
72
71
57
53
60
69
83
83
73
85
80
67
55
44
53
60
53
47
35
18
5
-6
-4
3
-10
-29
-21
-23
-32
-36
-41
-51
-53
-67
-70
-60
-61
-57
-62
-55
-53
-64
-73
-78
-77
-66
-53
-48
-46
-61
-74
-82
-94
-102
-96
-89
-88
-86
-86
-91
-87
-89
-95
-95
-90
-83
-102
-115
-117
-116
-115
-119
-130
-127
-122
-120
-111
-100
-93
-85
-99
-104
-100
-106
-97
-91
-87
-90
-87
-84
-76
-70
-68
-63
-63
-60
-54
-48
-41
-47
-53
-46
-40
-42
-47
-41
-39
-37
-44
-65
-62
-55
-62
-53
-44
-38
-36
-36
-41
-38
-27
-21
-22
-25
-28
-33
-23
-16
-11
5
11
4
3
6
15
27
35
33
30
30
25
19
23
23
26
32
23
16
16
16
14
16
20
14
10
-2
-21
-13
-8
-11
-8
-6
-16
-29
-29
-27
-13
-1
9
16
7
4
4
2
11
16
31
38
37
43
39
40
52
62
56
51
35
26
39
46
61
76
75
67
62
55
53
57
59
59
60
51
35
27
22
21
26
28
33
33
30
27
25
36
27
16
15
-5
-12
-4
1
3
15
15
7
11
3
7
21
31
37
41
45
36
25
22
26
35
38
41
41
47
47
44
51
58
63
66
64
59
59
52
48
62
65
53
51
41
42
48
63
67
66
78
74
72
68
68
72
65
67
64
47
48
38
34
45
45
52
54
51
50
42
39
34
21
12
13
9
6
11
18
13
11
14
8
11
12
14
14
11
12
3
3
9
9
3
9
24
29
32
29
18
13
5
6
11
15
10
14
22
17
19
11
13
16
14
17
15
13
9
2
-3
-5
-5
-8
-5
-11
-12
-3
-11
-16
-18
-14
-6
-6
-6
-10
-9
-12
-15
-10
-5
-10
-25
-33
-26
-25
-26
-17
-25
-31
-42
-57
-57
-58
-48
-42
-46
-40
-52
-63
-68
-65
-67
-65
-55
-59
-56
-58
-63
-68
-66
-61
-63
-64
-56
-49
-51
-54
-55
-62
-64
-66
-72
-70
-74
-71
-52
-43
-47
-44
-46
-54
-60
-62
-51
-42
-43
-45
-50
-53
-57
-62
-61
-55
-52
-49
-35
-30
-30
-22
-22
-26
-36
-49
-51
-43
-30
-19
-11
-13
-23
-25
-21
-18
-20
-12
-11
-14
-10
-13
-8
0
0
3
1
2
-2
-4
-1
-7
-5
-11
-16
-14
-14
-16
-15
-11
-13
-9
-3
-8
-6
-3
-3
-4
-6
-14
-15
-13
-19
-21
-15
-16
-21
-16
-13
-15
-16
-11
1
3
4
-7
-13
-20
-20
-16
-18
-18
-17
-16
-16
-21
-27
-29
-23
-27
-35
-33
-30
-30
-26
-20
-19
-12
-5
-11
-13
-2
4
16
18
20
12
12
13
13
28
33
39
30
38
36
42
44
41
50
45
47
38
47
53
49
50
49
46
48
44
39
43
44
45
44
39
45
44
43
39
33
31
32
38
35
35
32
26
23
28
34
37
37
40
35
29
35
48
42
46
39
39
42
34
37
39
49
49
46
41
46
49
52
53
51
57
54
52
57
50
49
56
56
59
59
50
60
67
63
70
69
68
62
63
69
63
70
70
72
69
64
57
48
52
41
37
39
36
31
23
21
17
12
16
20
18
14
9
5
-5
0
-4
-15
-15
-16
-10
-13
-24
-15
-12
-13
-13
-6
-7
-7
0
1
5
-9
-12
-18
-29
-22
-17
-10
-1
3
-5
-10
-9
-5
-2
-1
3
4
0
-12
-16
-18
-26
-30
-25
-19
-22
-27
-38
-43
-40
-40
-38
-39
-48
-55
-56
-55
-56
-56
-59
-58
-52
-53
-59
-56
-51
-42
-38
-40
-37
-42
-45
-41
-35
-28
-35
-38
-40
-33
-25
-22
-17
-10
-13
-26
-33
-39
-43
-48
-38
-41
-47
-43
-43
-34
-26
-18
-19
-15
-16
-22
-28
-39
-41
-43
-41
-41
-32
-24
-24
-31
-23
-19
-21
-21
-22
-20
-25
-27
-32
-29
-23
-25
-38
-41
-39
-40
-34
-38
-38
-33
-35
-41
-42
-32
-30
-28
-24
-29
-28
-28
-24
-28
-27
-20
-21
-11
-8
-6
-8
-9
-3
-3
1
5
-3
-7
-3
-8
-3
1
0
6
5
3
-3
-1
5
3
3
2
3
-3
-5
-8
-9
-7
-8
-12
-8
-10
-23
-22
-27
-26
-23
-20
-15
-18
-17
-14
-17
-10
-5
-1
2
8
11
16
17
20
22
15
17
20
19
21
26
28
22
16
17
17
27
37
37
36
36
37
37
38
38
41
36
35
44
43
40
44
46
56
55
51
53
50
47
37
43
50
44
43
51
48
49
52
50
49
46
39
31
39
38
40
38
31
28
23
17
23
30
26
20
8
6
4
0
-2
-6
-13
-17
-15
-14
-12
-8
-8
-3
4
5
5
13
15
19
18
18
17
18
28
33
38
40
48
54
56
55
50
50
53
48
41
48
48
46
45
45
43
42
38
31
35
30
33
25
21
25
25
21
21
32
24
18
22
24
23
23
22
12
2
-3
-3
-1
0
2
-1
2
8
9
6
13
14
10
11
10
11
7
-5
0
-6
-7
-4
3
8
4
5
1
-5
-13
-18
-17
-20
-17
-17
-17
-17
-24
-19
-16
-15
-12
-13
-13
-10
-4
-16
-25
-28
-30
-32
-37
-29
-24
-17
-26
-33
-42
-41
-41
-39
-27
-30
-17
-20
-16
-12
-12
-11
-13
-13
-24
-25
-20
-21
-21
-19
-20
-25
-27
-26
-23
-20
-25
-25
-23
-21
-18
-23
-24
-27
-28
-28
-17
-22
-15
-18
-25
-19
-16
-9
-18
-18
-15
-16
-11
-10
-11
-12
-18
-28
-31
-31
-35
-35
-40
-46
-45
-61
-63
-50
-46
-42
-38
-40
-41
-39
-45
-41
-49
-53
-52
-54
-45
-49
-50
-43
-37
-39
-35
-34
-35
-30
-28
-24
-25
-17
-14
-13
-1
-4
7
9
7
12
9
11
9
12
10
7
7
6
7
-1
-3
-13
-5
2
-2
-4
-7
-8
-11
-9
-9
-16
-16
-19
-17
-11
-13
-7
-6
-12
-24
-25
-24
-25
-26
-23
-21
-25
-15
-21
-24
-8
-4
-9
-10
-7
6
3
-1
3
4
8
-1
2
3
6
3
0
4
4
1
4
0
-2
2
-3
4
0
7
6
8
10
8
7
6
9
13
18
17
18
22
26
34
38
34
21
2
-11
-17
-7
-7
1
16
16
24
32
36
36
27
21
24
18
17
24
30
35
24
24
33
40
43
43
36
26
21
22
20
27
36
39
37
40
42
35
27
22
22
22
27
25
28
25
30
38
46
45
36
37
35
33
32
31
32
37
41
36
40
34
33
31
27
35
33
30
30
34
28
22
18
22
18
18
26
17
23
24
20
17
19
16
14
15
19
23
26
23
23
26
34
39
35
37
44
44
39
42
37
38
44
43
43
37
42
41
32
29
27
22
17
18
18
18
18
21
25
17
17
19
12
11
11
11
7
-2
-3
-6
-5
-1
-3
10
13
4
1
-3
-12
-14
-13
-12
-18
-29
-30
-29
-31
-27
-20
-28
-31
-39
-46
-42
-44
-39
-49
-49
-53
-49
-46
-51
-46
-45
-45
-48
-47
-54
-59
-63
-59
-64
-69
-66
-59
-61
-60
-58
-59
-56
-61
-66
-66
-58
-58
-60
-61
-53
-46
-42
-47
-42
-36
-30
-27
-32
-35
-33
-37
-42
-42
-48
-48
-50
-41
-39
-38
-33
-38
-29
-25
-28
-26
-29
-32
-36
-36
-34
-31
-27
-28
-28
-22
-15
-10
-6
-5
-6
-13
-10
-11
-10
-8
-7
4
9
15
17
23
25
26
36
41
35
30
29
35
35
39
37
33
38
41
38
39
42
42
46
45
43
42
41
37
25
29
31
36
36
23
11
5
0
-7
-8
-16
-16
-15
-20
-23
-23
-22
-28
-33
-30
-24
-22
-18
-11
-22
-22
-20
-26
-24
-23
-20
-20
-15
-20
-16
-21
-23
-17
-22
-22
-20
-20
-24
-21
-23
-23
-19
-26
-17
-19
-13
-9
-6
3
-3
2
2
7
6
6
2
6
4
-2
-6
-9
-10
-15
-12
-11
-1
0
-1
-5
-6
1
-5
3
4
-2
-5
-4
5
6
10
13
16
18
16
17
18
21
26
30
28
28
35
39
41
43
49
46
50
55
49
45
52
57
57
65
64
66
65
68
73
69
71
74
73
66
62
64
60
66
60
55
56
50
51
51
49
45
43
32
30
33
30
27
30
23
27
27
30
31
27
31
29
31
33
38
34
37
40
36
32
39
42
38
36
30
31
33
33
30
31
29
29
32
38
41
33
38
31
27
27
16
19
12
13
8
9
9
9
5
-3
-9
-15
-8
1
5
-2
-3
-8
-15
-18
-11
-13
-15
-5
-15
-17
-23
-29
-22
-27
-23
-21
-22
-21
-24
-23
-30
-27
-25
-25
-25
-25
-31
-33
-35
-44
-47
-43
-41
-37
-35
-32
-30
-30
-32
-40
-37
-38
-39
-45
-39
-34
-37
-33
-39
-37
-41
-32
-33
-37
-40
-43
-44
-54
-43
-45
-36
-32
-37
-46
-50
-42
-40
-40
-40
-45
-46
-48
-56
-54
-51
-50
-42
-36
-36
-32
-26
-31
-37
-37
-40
-41
-45
-34
-37
-44
-51
-54
-44
-45
-39
-35
-32
-45
-41
-37
-38
-32
-30
-27
-30
-27
-27
-26
-23
-26
-17
-15
-14
-14
-10
-6
-7
-4
-4
-9
-1
1
-8
-9
-10
-4
-4
-8
1
-2
-9
-5
-2
6
3
-3
-5
-12
-20
-26
-17
-13
-14
-15
-14
-21
-23
-14
-13
-7
-12
-11
-9
-11
-15
-19
-23
-31
-32
-33
-32
-28
-23
-23
-15
-15
-8
-3
-6
5
0
-1
3
1
-4
1
-4
-12
-19
-16
-11
-13
-12
-13
-12
-17
-15
-15
-10
-12
-11
-7
-17
-12
-19
-19
-15
-15
-10
-10
-14
-7
2
5
13
8
12
16
16
14
17
18
10
11
16
26
23
29
31
34
36
39
49
50
54
51
51
52
48
48
48
48
42
48
49
58
59
59
61
59
59
58
62
63
68
63
60
59
62
70
84
85
89
94
88
89
90
93
91
88
80
84
83
78
79
76
76
82
86
88
87
79
75
75
69
64
63
59
61
53
48
47
48
54
65
71
62
57
56
54
41
33
30
21
22
18
16
24
29
27
20
26
33
32
31
26
22
18
17
16
16
12
14
12
13
18
13
16
11
-3
-10
-10
-10
-22
-26
-33
-31
-26
-26
-24
-20
-31
-32
-36
-40
-38
-43
-50
-57
-56
-61
-55
-57
-52
-56
-59
-57
-66
-74
-71
-68
-84
-84
-86
-89
-92
-88
-89
-84
-72
-73
-71
-74
-77
-78
-81
-76
-77
-79
-73
-74
-69
-73
-67
-70
-56
-50
-50
-46
-53
-48
-55
-49
-42
-39
-32
-37
-31
-29
-30
-24
-26
-20
-18
-22
-36
-43
-39
-38
-41
-28
-35
-36
-24
-29
-21
-23
-27
-26
-25
-32
-34
-28
-30
-36
-37
-38
-38
-37
-39
-39
-34
-35
-31
-34
-35
-34
-35
-32
-31
-25
-25
-19
-25
-24
-12
-10
-5
2
8
8
13
24
22
21
26
28
30
31
35
26
24
30
21
24
30
25
28
25
25
23
23
21
20
6
2
1
-3
-2
-9
-6
-4
-7
-10
-10
-12
-6
-9
-19
-15
-17
-18
-20
-23
-27
-21
-20
-21
-24
-22
-19
-16
-7
-4
-4
-12
-2
3
-2
12
15
12
16
15
10
17
26
26
23
25
33
30
33
21
21
25
27
34
36
35
46
55
49
54
61
53
51
46
44
46
48
50
50
43
45
42
39
39
34
30
31
36
30
28
29
27
25
27
29
31
28
26
34
37
25
23
17
11
15
12
16
20
23
29
22
16
28
29
29
29
29
39
40
38
43
46
45
46
48
48
54
57
57
53
55
58
53
57
54
49
48
48
46
45
36
38
43
41
43
45
40
41
43
41
40
36
29
20
17
12
6
8
7
9
6
1
-3
3
-3
-1
0
-6
-3
-4
-6
-1
-4
-9
-4
-4
-1
-9
-12
-13
-12
-10
-17
-19
-20
-18
-22
-20
-17
-15
-11
-12
-9
-8
-14
-9
-12
-20
-16
-20
-15
-18
-20
-12
-13
-13
-13
-23
-20
-17
-21
-18
-25
-22
-23
-24
-17
-21
-18
-12
-15
-15
-19
-18
-19
-23
-22
-26
-32
-28
-19
-26
-30
-24
-30
-30
-33
-40
-40
-39
-37
-41
-45
-40
-38
-43
-45
-52
-53
-45
-49
-46
-51
-49
-38
-53
-57
-61
-62
-59
-56
-52
-55
-54
-52
-51
-52
-38
-31
-28
-32
-31
-25
-24
-23
-24
-21
-23
-24
-27
-30
-22
-19
-30
-21
-11
-9
-9
-5
2
0
8
8
12
13
15
10
6
6
2
5
1
5
9
8
11
10
15
22
23
15
19
26
27
22
17
16
19
16
6
12
9
13
13
-5
-4
-4
5
6
5
6
2
7
-3
-6
-8
-9
-19
-19
-27
-39
-31
-31
-34
-38
-36
-28
-26
-23
-22
-19
-18
-17
-19
-28
-39
-41
-41
-49
-47
-43
-31
-29
-32
-25
-22
-13
-14
-11
-7
-7
-6
-10
-8
-7
0
-4
2
-3
1
16
22
24
15
10
9
7
10
14
18
22
23
25
27
27
37
38
38
41
33
28
30
24
25
27
24
31
29
32
39
42
43
38
35
26
21
28
17
18
26
21
23
22
20
26
20
15
11
17
23
17
20
21
27
28
25
21
19
15
11
12
15
19
13
11
14
18
24
28
31
31
36
35
33
26
29
34
30
27
26
22
27
35
37
39
41
43
40
38
32
29
33
29
25
33
34
34
36
32
31
27
26
25
21
16
14
10
9
15
17
17
14
8
10
12
12
11
14
15
3
-1
-1
-5
-3
0
5
8
3
4
2
0
4
2
-3
-3
-12
-6
-9
-15
-12
-16
-11
-12
-11
-8
-6
-5
-8
-9
-10
-11
-19
-22
-16
-19
-22
-22
-21
-14
-7
-4
-5
1
-5
-1
1
1
7
4
1
2
-1
-7
0
-2
-4
2
-4
-3
-4
-12
-10
-14
-14
-11
-14
-25
-22
-25
-33
-34
-28
-26
-34
-36
-38
-32
-34
-32
-30
-30
-26
-28
-22
-21
-16
-16
-12
-8
-8
-4
-8
-3
-7
-12
-9
-12
-15
-17
-10
-6
-9
-5
-5
-5
-5
-4
-1
-2
-2
-1
-2
-8
-10
-8
-10
-10
-9
-10
-15
-15
-11
-6
4
9
12
23
26
25
22
20
14
12
12
6
5
3
11
13
10
6
10
10
10
8
6
4
-7
-8
-12
-17
-24
-33
-38
-43
-45
-46
-56
-60
-64
-73
-73
-71
-68
-64
-70
-70
-67
-74
-73
-78
-85
-87
-86
-88
-84
-85
-82
-81
-77
-70
-75
-72
-65
-64
-67
-63
-65
-60
-56
-61
-60
-62
-57
-46
-42
-35
-26
-27
-21
-18
-13
-4
-5
1
4
5
10
15
12
16
26
28
36
45
51
49
41
47
46
41
45
51
54
57
58
60
51
47
46
46
44
47
52
49
49
42
40
39
31
39
39
35
28
22
21
12
15
19
22
23
22
25
19
17
27
28
23
13
14
14
18
26
25
29
27
25
26
27
33
34
35
40
41
42
45
41
41
43
46
54
63
68
65
60
63
62
65
65
63
65
69
69
77
83
80
75
70
62
57
52
60
59
59
67
60
61
60
60
56
55
54
51
48
41
37
38
36
39
33
34
38
34
36
29
25
14
13
12
8
9
6
2
-8
-12
-8
-4
-5
-15
-19
-16
-10
-11
-18
-19
-21
-20
-26
-23
-18
-21
-21
-21
-20
-23
-16
-10
-15
-15
-15
-15
-7
-8
-11
-8
-5
-3
3
3
3
7
11
9
5
5
14
23
22
23
21
17
14
12
6
-1
-3
-8
-14
-12
-8
-11
-8
-10
-9
-9
-17
-23
-29
-31
-31
-26
-35
-33
-37
-46
-42
-47
-50
-43
-41
-39
-44
-44
-43
-47
-41
-39
-41
-47
-47
-45
-45
-40
-36
-38
-41
-42
-43
-46
-43
-40
-47
-44
-39
-47
-45
-39
-33
-30
-31
-28
-21
-17
-15
-10
-6
-13
-13
-11
-13
-9
-8
-8
-4
3
-3
-11
-11
-9
-8
-16
-19
-31
-35
-37
-42
-46
-53
-50
-47
-50
-50
-54
-60
-61
-69
-76
-75
-74
-75
-77
-75
-71
-72
-76
-78
-83
-80
-75
-76
-76
-71
-70
-72
-72
-67
-62
-61
-64
-60
-51
-50
-44
-44
-39
-31
-28
-25
-20
-8
-6
-9
-14
-16
-19
-18
-15
-9
-7
-6
1
-5
-3
-1
7
12
13
24
32
33
35
34
29
28
30
30
35
38
33
37
38
43
46
44
45
50
47
46
51
43
38
39
39
30
27
26
28
25
28
33
30
33
28
30
28
27
27
26
25
26
20
16
15
20
19
19
20
22
25
21
22
24
18
15
18
16
20
16
17
13
11
19
24
27
35
35
39
43
44
43
49
48
44
54
56
57
64
69
70
74
71
69
74
68
70
74
77
82
81
83
89
90
88
86
92
90
89
89
84
87
86
78
75
79
82
78
78
77
70
73
72
70
69
68
68
64
57
54
52
45
42
34
25
23
16
6
10
10
7
5
10
8
-1
-4
-10
-14
-12
-17
-23
-21
-24
-25
-31
-35
-37
-34
-33
-33
-30
-29
-31
-32
-34
-35
-37
-35
-35
-38
-35
-29
-29
-29
-26
-29
-30
-28
-27
-23
-21
-27
-32
-39
-33
-32
-39
-44
-49
-49
-56
-53
-50
-48
-49
-45
-47
-52
-52
-51
-52
-48
-41
-44
-44
-44
-39
-37
-39
-30
-32
-27
-23
-24
-21
-22
-20
-25
-18
-15
-24
-26
-25
-22
-23
-18
-14
-6
-2
-4
-3
-1
0
3
4
0
-2
-3
-10
-10
-12
-18
-15
-15
-7
-7
-8
-13
-6
-11
-14
-16
-28
-31
-32
-32
-33
-36
-44
-48
-51
-53
-56
-56
-54
-56
-59
-60
-60
-52
-52
-54
-57
-62
-62
-56
-57
-63
-62
-58
-61
-61
-57
-50
-45
-40
-39
-38
-37
-35
-36
-38
-37
-35
-39
-45
-41
-34
-30
-30
-30
-26
-19
-18
-15
-13
-14
-17
-19
-19
-16
-15
-11
-7
-7
-2
1
10
13
12
13
9
1
-2
2
4
5
3
5
3
6
8
9
9
15
13
8
5
4
0
-4
0
-8
-6
-1
-1
2
0
10
13
6
3
4
3
5
11
16
19
19
32
25
29
34
34
36
30
38
36
40
43
42
49
53
54
51
55
54
48
46
42
43
43
44
42
40
42
46
39
32
34
32
29
35
38
37
40
40
42
43
47
49
49
54
54
57
56
50
45
44
48
58
53
54
59
57
61
58
55
56
49
42
42
38
40
33
36
34
29
35
35
34
30
30
28
32
29
24
26
22
25
21
17
31
30
33
35
32
33
34
32
36
35
34
28
32
43
43
49
51
47
48
46
39
31
30
30
28
18
6
4
0
-5
-11
-5
-8
-18
-16
-12
-16
-12
-15
-24
-20
-27
-38
-43
-48
-48
-50
-50
-47
-33
-31
-29
-33
-43
-37
-41
-40
-43
-44
-42
-43
-44
-45
-41
-39
-36
-35
-28
-27
-23
-21
-19
-18
-26
-26
-23
-17
-14
-16
-14
-14
-18
-8
-9
-14
-6
-6
2
5
0
13
17
13
20
20
24
22
22
22
22
19
22
26
24
23
21
20
18
23
29
35
33
29
19
8
0
-1
-4
-10
-12
-22
-23
-25
-25
-25
-23
-17
-22
-24
-27
-29
-30
-29
-32
-29
-34
-41
-39
-37
-41
-41
-39
-42
-38
-44
-42
-41
-42
-41
-39
-42
-41
-40
-46
-44
-43
-37
-34
-34
-29
-37
-36
-39
-39
-37
-39
-36
-38
-36
-39
-39
-41
-40
-40
-45
-47
-51
-48
-48
-55
-46
-45
-43
-36
-44
-49
-44
-40
-43
-38
-30
-27
-27
-25
-27
-34
-39
-40
-40
-29
-31
-34
-33
-32
-33
-37
-39
-41
-39
-42
-41
-45
-52
-51
-52
-43
-44
-38
-30
-36
-39
-33
-29
-33
-33
-38
-37
-41
-36
-33
-27
-21
-17
-14
-18
-18
-11
-7
-12
-15
-12
-14
-13
-8
-8
-2
4
12
19
25
24
24
25
19
24
28
27
26
30
31
35
44
42
36
42
46
50
47
48
52
56
64
58
57
52
57
57
58
60
58
64
62
70
74
76
80
85
87
86
83
87
84
80
78
81
92
89
90
87
84
81
84
84
83
87
86
90
94
88
83
81
76
75
69
64
67
63
59
56
51
49
49
44
41
46
44
43
43
42
40
34
32
24
20
14
18
26
21
23
11
7
13
15
24
30
25
23
19
17
12
14
10
9
9
12
21
21
14
14
12
8
7
11
11
11
6
0
1
1
4
0
-3
-11
-12
-13
-17
-16
-22
-13
-15
-17
-17
-16
-19
-23
-17
-21
-20
-20
-30
-35
-35
-32
-30
-28
-33
-29
-27
-32
-31
-33
-33
-26
-22
-23
-23
-26
-25
-25
-21
-11
-6
-5
-7
0
-1
-3
-5
-6
-9
-12
-10
-18
-14
-6
-11
-6
-2
0
6
-4
-6
-6
-13
-13
-16
-14
-24
-26
-23
-28
-30
-29
-30
-35
-32
-33
-45
-50
-51
-53
-54
-54
-54
-55
-57
-60
-60
-68
-67
-66
-66
-72
-67
-60
-64
-60
-64
-58
-60
-62
-62
-63
-64
-74
-70
-75
-74
-74
-79
-77
-81
-79
-77
-80
-85
-83
-77
-71
-69
-70
-70
-72
-70
-73
-74
-73
-71
-67
-70
-67
-67
-62
-57
-58
-50
-46
-39
-39
-32
-30
-28
-15
-13
-12
-22
-22
-21
-17
-15
-14
-5
-5
-4
5
2
3
8
0
3
4
2
1
2
3
-3
0
4
8
7
3
2
-2
-7
-5
-6
-7
-9
-14
-14
-8
-6
-3
-1
-3
2
12
9
12
9
8
16
17
23
22
28
33
33
37
39
45
45
45
43
40
48
49
57
58
68
78
83
85
89
93
93
96
94
96
99
94
96
102
100
110
114
112
116
121
124
128
129
122
123
118
114
115
110
107
104
105
104
108
100
91
87
83
81
81
72
63
54
46
49
47
44
36
28
26
22
20
24
28
21
19
21
25
25
22
25
21
25
30
34
37
38
40
40
45
40
40
41
41
34
28
33
39
37
39
37
33
27
23
18
17
14
7
16
14
18
21
13
14
3
0
2
-4
-7
-11
-15
-24
-24
-27
-27
-27
-34
-35
-38
-36
-38
-43
-44
-42
-48
-49
-48
-48
-52
-52
-51
-56
-60
-55
-54
-59
-52
-52
-51
-48
-55
-51
-50
-50
-55
-54
-52
-52
-41
-43
-40
-34
-35
-28
-27
-27
-24
-24
-18
-21
-19
-24
-26
-30
-32
-34
-37
-37
-37
-35
-31
-26
-27
-27
-24
-23
-24
-25
-25
-25
-21
-16
-18
-20
-23
-24
-30
-25
-21
-26
-23
-18
-15
-13
-18
-22
-26
-25
-26
-29
-33
-33
-32
-36
-41
-40
-38
-34
-28
-30
-29
-32
-30
-31
-35
-36
-31
-28
-31
-28
-22
-26
-32
-31
-36
-41
-43
-42
-41
-39
-49
-57
-64
-62
-56
-55
-51
-55
-49
-47
-49
-45
-41
-51
-54
-53
-57
-53
-56
-55
-50
-52
-49
-51
-50
-45
-47
-53
-49
-43
-39
-33
-35
-30
-27
-17
-8
-14
-10
-8
-8
-11
-9
-7
-8
-7
-13
-3
5
1
1
2
1
2
7
14
19
16
14
14
6
9
9
2
10
14
13
14
12
10
20
23
20
18
18
20
17
17
18
14
18
16
19
18
20
22
18
22
20
25
16
25
33
35
41
34
41
42
39
51
51
49
52
54
57
61
63
72
75
77
81
80
86
90
87
86
86
84
85
84
86
91
95
94
101
105
104
106
102
107
107
111
107
110
108
102
98
85
84
81
83
77
76
74
74
73
69
67
65
65
63
56
52
51
39
30
19
8
1
4
-5
-7
-1
-1
0
-5
3
3
3
5
2
-1
-4
-11
-7
-14
-12
-17
-24
-21
-20
-17
-17
-10
-8
-3
1
0
-1
0
-2
-4
-15
-26
-25
-29
-22
-25
-33
-34
-40
-41
-41
-36
-32
-35
-33
-31
-26
-27
-24
-23
-33
-34
-34
-33
-32
-31
-34
-43
-42
-39
-34
-29
-26
-24
-33
-35
-37
-39
-40
-46
-55
-59
-55
-58
-56
-49
-51
-51
-51
-48
-49
-37
-28
-36
-41
-44
-39
-44
-56
-49
-42
-54
-54
-42
-46
-42
-35
-38
-45
-49
-49
-43
-52
-52
-45
-58
-53
-60
-67
-71
-76
-73
-65
-62
-61
-55
-59
-56
-47
-54
-51
-43
-49
-46
-40
-44
-37
-32
-34
-30
-37
-38
-34
-30
-27
-21
-14
-12
-15
-8
0
2
11
16
16
22
24
22
28
25
27
23
28
27
26
36
35
33
38
41
38
40
39
39
35
35
31
22
20
15
15
12
18
22
20
25
25
19
13
8
7
8
-1
-8
-10
-12
-15
-13
-17
-19
-21
-22
-16
-21
-19
-21
-27
-30
-28
-27
-25
-19
-16
-19
-12
-15
-11
-6
-11
0
5
11
17
23
26
22
29
30
32
31
29
34
32
30
31
38
38
47
54
52
52
51
51
55
47
39
40
38
33
31
28
24
26
22
15
8
3
-1
-6
-7
-11
-4
-2
-3
8
6
3
8
5
3
7
7
11
14
10
10
15
17
21
25
25
29
28
33
36
33
31
32
31
31
32
34
33
32
36
38
42
36
39
38
29
27
26
24
25
22
22
25
27
31
33
32
31
30
29
38
41
34
27
20
16
7
2
-7
-10
-16
-20
-17
-12
-7
-3
-5
-10
-3
-2
-5
-14
-13
-19
-19
-18
-19
-24
-28
-29
-31
-33
-36
-38
-46
-41
-44
-45
-42
-38
-35
-33
-37
-30
-29
-26
-21
-23
-20
-20
-14
-8
-4
-8
-8
-5
2
6
5
7
3
5
-3
-2
1
1
-3
-6
1
-3
-5
2
5
8
9
15
16
14
18
15
18
18
22
20
26
31
29
34
34
31
30
33
33
34
31
33
26
24
25
18
16
17
14
14
15
16
21
16
14
11
11
7
7
-7
-9
-9
-13
-10
-16
-20
-27
-22
-26
-30
-27
-24
-20
-25
-20
-21
-14
-22
-27
-26
-28
-22
-29
-26
-31
-31
-31
-30
-29
-35
-31
-29
-30
-33
-30
-37
-37
-31
-38
-35
-32
-34
-39
-34
-35
-27
-15
-12
-9
-7
-3
0
0
1
0
7
10
13
12
17
18
20
26
28
29
27
31
34
32
35
34
32
32
31
26
20
16
12
14
18
18
22
29
29
24
25
21
20
21
23
16
11
11
11
6
-2
-6
-17
-15
-13
-16
-16
-17
-13
-10
-16
-15
-19
-21
-32
-28
-26
-33
-33
-38
-34
-37
-36
-38
-33
-32
-31
-32
-31
-36
-38
-40
-42
-35
-40
-39
-33
-27
-24
-20
-16
-14
-7
-4
4
-6
-7
-7
-17
-16
-16
-19
-20
-21
-23
-14
-8
-8
-9
-13
-17
-14
-15
-14
-8
-14
-20
-25
-30
-28
-29
-26
-29
-34
-28
-26
-22
-19
-13
-14
-13
-11
-17
-12
-7
-1
3
0
5
1
-1
3
-1
-2
-2
0
4
2
0
-3
1
0
-1
4
9
9
15
19
19
12
16
14
18
22
25
28
19
15
6
12
11
10
14
13
16
13
16
19
23
20
21
29
34
39
38
35
29
31
25
18
18
18
24
21
29
25
21
21
23
27
27
32
30
26
26
26
33
28
26
23
18
25
22
27
27
26
28
25
24
26
30
27
28
22
31
34
37
36
28
24
26
26
23
20
15
10
7
1
-4
-8
-10
-7
-8
-6
-2
-1
-7
-1
-1
-5
-8
0
6
8
7
1
1
-5
-3
-10
-10
1
-4
0
7
7
-1
9
7
8
12
14
16
17
16
14
14
17
17
10
12
9
11
5
6
0
-4
-7
-7
2
4
4
3
6
3
3
-2
-8
-12
-20
-30
-33
-34
-34
-38
-44
-41
-41
-33
-32
-32
-30
-25
-22
-24
-27
-23
-28
-26
-24
-30
-31
-34
-37
-37
-30
-32
-28
-21
-20
-23
-22
-33
-29
-25
-26
-21
-19
-11
-1
0
2
10
11
21
16
19
22
24
22
17
21
16
16
24
23
21
17
18
16
16
15
8
2
-1
-1
0
6
6
6
9
11
6
5
-3
-6
-6
-9
-9
-11
-13
-16
-16
-20
-8
-5
-5
-5
-4
-5
-10
-9
-18
-24
-28
-31
-34
-36
-36
-32
-31
-30
-30
-35
-34
-32
-29
-27
-26
-21
-25
-22
-22
-18
-13
-11
-14
-12
-8
-10
-7
-15
-10
-12
-14
-13
-8
-1
2
2
2
7
5
10
10
2
-1
-1
-2
-4
-2
-2
-3
-5
-8
-8
-7
-5
-2
0
-5
-2
-5
-9
-10
-9
-1
-4
-4
-4
2
5
2
5
5
14
21
21
21
15
15
16
13
11
12
10
6
6
2
1
1
-4
-2
-4
-3
-6
-7
-5
-9
-8
-11
-3
1
0
6
3
-1
1
0
-3
-1
3
5
8
11
20
21
21
19
14
16
13
8
13
17
18
20
29
35
34
40
37
42
49
47
40
35
34
32
32
30
34
35
34
35
34
35
32
34
36
41
43
43
37
30
29
35
34
30
27
26
23
19
15
14
21
20
14
15
13
16
17
16
21
19
15
15
12
11
9
1
-4
-8
-11
-12
-20
-19
-21
-23
-22
-25
-25
-25
-19
-14
-14
-17
-14
-13
-9
-13
-13
-6
-12
-13
-8
-6
-7
-4
5
5
11
16
17
24
26
30
21
21
25
28
31
30
31
37
41
40
41
45
40
41
47
47
54
52
53
48
42
52
47
44
40
37
34
28
31
27
25
27
29
33
30
21
17
14
6
0
-4
-1
-4
-13
-14
-16
-21
-26
-34
-34
-30
-28
-27
-26
-27
-30
-31
-32
-31
-29
-29
-29
-28
-35
-39
-39
-41
-35
-30
-35
-30
-22
-23
-22
-20
-25
-27
-27
-26
-28
-28
-30
-38
-42
-44
-43
-44
-44
-44
-42
-44
-44
-49
-56
-61
-63
-61
-59
-61
-62
-63
-65
-65
-71
-72
-74
-76
-79
-78
-83
-85
-86
-87
-82
-81
-82
-79
-67
-67
-63
-57
-56
-55
-51
-53
-55
-50
-54
-48
-41
-39
-31
-32
-30
-26
-32
-31
-26
-21
-17
-11
-7
1
7
15
18
16
26
28
34
35
26
23
12
22
24
23
32
33
38
37
39
39
38
37
39
43
46
39
36
33
34
30
30
26
22
27
26
30
27
29
28
20
18
22
27
34
33
32
34
41
51
51
49
43
39
36
36
37
33
25
25
23
22
26
19
16
12
10
10
3
-1
-2
-2
-4
-10
-10
-7
-5
-1
-4
-10
-10
-14
-16
-14
-20
-24
-22
-27
-32
-27
-23
-20
-19
-13
-14
-17
-15
-25
-22
-24
-26
-23
-19
-13
-16
-21
-19
-15
-9
-4
-1
6
10
15
14
17
16
14
18
16
19
25
33
33
32
31
32
38
36
34
34
32
31
37
40
41
46
43
42
48
45
50
50
43
44
38
34
24
20
17
16
13
18
24
26
29
27
30
27
29
32
28
29
27
27
29
37
37
38
39
38
46
52
52
50
58
64
62
60
54
57
57
54
58
58
57
55
51
49
51
53
52
56
53
48
44
41
39
34
31
25
26
23
22
19
12
10
3
6
7
8
0
-5
-12
-23
-22
-30
-27
-30
-33
-33
-31
-27
-29
-33
-34
-30
-34
-38
-42
-49
-47
-43
-40
-39
-38
-39
-46
-51
-50
-51
-51
-54
-55
-59
-66
-74
-72
-70
-73
-67
-67
-67
-57
-57
-60
-53
-57
-49
-49
-45
-48
-51
-46
-47
-47
-50
-46
-46
-50
-44
-44
-48
-46
-48
-48
-54
-60
-57
-58
-59
-63
-63
-64
-65
-69
-67
-68
-70
-67
-63
-62
-57
-59
-63
-56
-51
-47
-48
-41
-34
-37
-36
-28
-26
-29
-23
-23
-19
-13
-12
-12
-15
-10
-5
0
-5
4
8
4
4
2
5
0
1
-2
-2
8
8
8
9
11
17
14
14
16
16
16
18
14
13
12
14
23
28
33
34
41
46
45
41
41
37
36
35
32
36
37
39
39
38
42
40
49
50
36
39
34
38
38
34
32
27
25
24
21
14
9
2
6
0
-4
-9
-23
-24
-26
-23
-19
-16
-14
-18
-17
-11
-13
-10
-11
-18
-13
-16
-16
-4
-5
-5
-5
2
4
16
24
24
24
30
27
18
24
25
29
32
34
40
45
41
39
42
43
44
51
61
64
66
62
65
53
49
57
52
53
50
49
45
38
37
37
33
33
38
36
39
39
34
31
27
26
24
21
24
25
24
29
28
23
28
32
32
33
35
32
31
35
33
30
27
21
28
35
35
37
42
46
41
41
37
34
32
30
31
29
28
24
26
27
26
26
27
37
38
38
39
32
30
26
21
16
7
7
4
6
4
6
6
9
14
15
16
13
11
6
15
13
17
19
21
17
8
10
8
7
5
0
-3
-10
-17
-15
-6
-4
-10
-17
-18
-13
-17
-14
-16
-21
-19
-28
-29
-30
-32
-34
-40
-42
-44
-52
-50
-52
-53
-58
-65
-61
-66
-62
-67
-69
-67
-73
-75
-82
-79
-81
-81
-74
-73
-77
-76
-82
-77
-70
-69
-64
-64
-63
-65
-70
-71
-72
-68
-65
-62
-58
-58
-51
-49
-47
-48
-41
-40
-42
-41
-44
-44
-41
-42
-42
-45
-49
-54
-53
-53
-50
-50
-51
-44
-43
-41
-37
-36
-34
-31
-32
-37
-41
-43
-43
-36
-37
-39
-29
-24
-23
-23
-14
-14
-18
-17
-16
-14
-8
-3
-10
-6
-7
-18
-17
-13
-8
-1
4
8
9
11
12
15
20
20
20
21
16
17
22
15
13
15
17
12
17
26
27
34
37
43
39
36
35
26
25
21
27
29
27
33
28
33
28
26
33
35
35
33
35
25
24
22
22
20
21
20
11
13
8
11
7
12
14
8
12
5
12
13
13
15
13
19
15
21
23
19
21
19
18
13
12
14
11
12
12
13
13
16
15
15
21
25
25
25
18
10
12
7
12
17
20
21
18
20
27
28
30
31
36
42
41
50
48
39
41
44
51
46
55
50
50
53
47
48
43
47
48
50
46
37
42
39
37
32
32
27
25
25
25
22
19
23
26
27
26
28
20
19
22
20
8
10
11
9
13
8
9
7
3
-3
3
9
5
8
8
6
5
4
0
2
1
-2
3
1
-1
1
-3
2
-5
-6
-4
-11
-6
-14
-18
-16
-16
-16
-11
-12
-11
-8
-2
3
5
5
7
14
10
8
13
15
15
18
13
8
14
17
15
16
20
20
20
21
22
16
12
6
3
4
3
-3
-7
-9
-9
-10
-15
-16
-22
-23
-29
-29
-30
-34
-35
-39
-38
-45
-52
-54
-55
-61
-65
-65
-66
-64
-65
-59
-54
-60
-64
-58
-64
-57
-62
-73
-71
-77
-80
-85
-86
-85
-90
-86
-87
-82
-74
-76
-72
-70
-67
-68
-67
-66
-63
-58
-57
-53
-51
-46
-33
-22
-16
-10
-13
-8
-8
-7
-8
-12
-11
-14
-9
-7
-1
8
8
5
6
7
9
16
10
8
0
3
6
0
2
-2
-5
-4
1
5
9
4
5
6
0
1
-5
2
7
7
8
2
5
5
2
1
1
-3
-3
-5
-8
1
2
6
18
15
19
27
24
26
30
35
36
36
26
25
21
24
35
37
39
37
45
47
49
52
55
55
55
54
47
50
42
44
48
41
47
45
41
46
44
45
44
41
37
33
32
30
20
13
5
3
1
-2
-6
-6
-3
-8
-7
-6
1
2
2
5
0
-6
-10
-15
-14
-11
-13
-11
-12
-15
-10
-11
-10
-1
-5
-3
1
-8
-4
1
6
10
7
4
-3
2
-2
-4
1
1
7
11
13
22
24
24
25
24
30
35
31
27
23
20
18
19
19
17
17
11
14
13
10
11
8
8
4
7
4
0
-1
-4
-3
-2
5
3
2
3
4
-1
-5
-4
-2
-4
-5
-2
2
8
9
11
12
17
15
16
17
13
19
19
27
30
30
27
29
30
26
21
20
22
22
29
28
27
24
21
24
30
29
26
31
27
23
22
18
18
19
19
18
21
20
22
28
22
22
20
17
18
20
25
20
18
15
12
11
13
13
10
11
13
18
14
11
7
5
0
3
3
-8
-7
-11
-9
-7
-8
-8
-9
-14
-16
-19
-17
-21
-25
-21
-25
-30
-25
-25
-32
-29
-29
-21
-22
-24
-20
-24
-20
-26
-31
-30
-32
-34
-34
-32
-37
-35
-38
-40
-37
-40
-40
-36
-38
-37
-39
-38
-39
-38
-37
-36
-33
-29
-28
-26
-27
-35
-41
-42
-39
-42
-37
-31
-30
-26
-28
-30
-27
-28
-32
-28
-25
-23
-19
-27
-30
-24
-28
-26
-21
-16
-14
-13
-11
-22
-24
-24
-33
-29
-24
-23
-20
-16
-15
-13
-16
-14
-13
-12
-11
-11
-8
-13
-15
-15
-10
-15
-9
-6
0
3
-5
-1
1
10
13
15
13
15
21
18
20
24
26
22
18
14
10
11
9
6
10
16
15
12
12
7
4
3
1
3
1
-1
-1
-5
-13
-16
-21
-21
-19
-15
-18
-26
-24
-25
-31
-25
-26
-28
-28
-32
-26
-22
-26
-27
-24
-17
-10
-6
-6
-6
-4
-5
-3
-5
-5
-7
-7
3
6
13
18
19
16
19
24
20
20
16
16
19
13
5
10
13
15
15
13
12
10
8
12
17
13
11
6
11
11
12
11
10
11
10
12
8
12
12
8
10
7
5
10
9
3
5
11
12
14
16
12
8
13
10
11
14
12
13
12
13
9
10
17
22
23
23
25
24
25
30
31
33
34
32
33
33
36
35
35
37
40
40
43
45
39
43
40
40
38
37
42
41
34
34
40
43
46
41
38
39
39
37
32
30
29
24
21
27
22
24
28
29
30
27
26
23
23
24
16
16
13
11
10
2
8
11
19
18
21
16
14
14
8
4
-2
0
-9
-2
-1
-1
0
1
-4
-3
-7
-17
-21
-20
-19
-20
-18
-22
-23
-26
-27
-29
-31
-35
-34
-36
-35
-35
-44
-42
-40
-35
-34
-36
-32
-33
-38
-32
-30
-31
-30
-30
-26
-25
-25
-17
-22
-20
-13
-19
-21
-26
-31
-23
-25
-25
-20
-12
-10
-11
-13
-13
-9
-1
3
-2
1
1
-1
-10
-15
-18
-15
-20
-15
-9
-9
-11
-15
-15
-25
-30
-40
-35
-32
-31
-27
-31
-30
-25
-21
-23
-21
-32
-29
-29
-26
-27
-27
-16
-19
-14
-10
-10
-5
0
0
1
-7
-8
-7
-10
-3
-2
5
6
-2
-1
-4
0
-2
-3
-1
-2
-2
-11
-7
-13
-13
-20
-21
-11
-12
-5
-5
-2
-7
-7
-7
-10
-13
-14
-12
-21
-13
-14
-17
-14
-18
-14
-14
-13
-11
-5
-5
0
0
-7
-5
-5
-6
-4
-6
-7
-5
-1
1
-2
-3
0
1
-7
-8
-3
-9
-8
-9
-7
-9
-13
-8
-3
0
-1
6
4
3
8
6
6
14
18
15
16
17
17
14
14
16
15
15
8
5
3
6
0
-3
2
-1
6
6
12
10
9
7
-3
1
-3
3
9
6
7
11
12
15
14
13
16
20
22
26
23
24
25
30
30
22
25
19
17
14
9
14
9
8
10
7
9
16
14
17
19
9
13
15
18
18
18
21
19
23
23
20
15
14
15
18
23
21
17
13
20
22
15
15
20
21
30
30
33
36
40
45
45
51
51
54
52
55
57
57
59
58
53
50
49
47
51
55
54
51
50
53
57
56
51
46
43
49
45
41
41
36
32
20
20
22
21
23
17
9
3
1
-3
-10
-10
-13
-14
-12
-13
-15
-15
-16
-15
-7
-12
-21
-18
-23
-25
-25
-33
-30
-29
-24
-17
-3
-4
-1
-2
-8
-3
-10
-5
-10
-20
-15
-15
-10
-12
-11
-9
-7
-9
-17
-11
-16
-18
-19
-32
-25
-30
-30
-30
-33
-33
-37
-33
-36
-36
-36
-37
-42
-41
-35
-40
-37
-33
-31
-30
-35
-37
-35
-31
-35
-43
-45
-45
-38
-35
-31
-28
-26
-24
-23
-14
-15
-15
-20
-23
-18
-19
-12
-10
-12
-8
-8
-7
2
4
5
3
7
-3
-2
-11
-16
-13
-16
-14
-18
-14
-11
-14
-19
-22
-24
-22
-23
-20
-21
-26
-32
-40
-36
-36
-30
-28
-31
-31
-30
-33
-29
-23
-33
-40
-37
-36
-32
-28
-26
-28
-29
-32
-29
-31
-35
-29
-28
-24
-20
-22
-24
-19
-15
-14
-6
-2
-3
-2
-5
-11
-13
-15
-18
-19
-24
-24
-23
-24
-29
-26
-22
-27
-26
-24
-27
-27
-22
-16
-17
-13
-15
-16
-15
-16
-19
-18
-16
-15
-12
-8
-11
-14
-12
-10
-7
-7
-1
0
5
7
3
3
2
7
3
6
11
9
15
11
11
9
15
18
17
25
20
16
16
20
28
32
31
40
40
40
37
39
31
31
34
29
28
23
24
28
34
31
30
29
23
27
29
33
42
48
47
43
47
46
37
42
40
34
37
36
32
34
27
25
31
33
33
32
38
35
32
37
41
42
40
43
46
46
46
41
40
47
53
49
54
56
56
60
54
51
51
49
51
53
48
56
56
52
48
45
43
39
42
34
27
21
15
16
17
15
15
14
8
5
6
9
6
2
2
6
4
4
1
-7
-5
-2
0
-2
1
-2
-3
-2
1
1
6
8
3
-1
1
7
6
6
6
4
4
6
7
17
16
15
14
17
14
13
11
6
0
4
8
2
4
6
2
10
17
20
24
21
18
12
8
4
0
-2
-4
-8
-8
-12
-16
-20
-20
-18
-22
-20
-27
-30
-38
-40
-44
-48
-47
-54
-54
-55
-48
-50
-48
-50
-51
-48
-51
-48
-45
-47
-54
-53
-56
-50
-50
-49
-46
-50
-43
-42
-44
-42
-46
-47
-42
-43
-37
-35
-30
-26
-23
-23
-15
-11
-25
-29
-29
-29
-31
-34
-32
-34
-37
-37
-42
-50
-44
-44
-39
-37
-45
-45
-48
-53
-53
-55
-60
-54
-54
-53
-53
-55
-55
-59
-51
-44
-42
-37
-30
-34
-32
-26
-23
-31
-29
-24
-20
-18
-14
-14
-11
-10
-17
-6
-4
2
6
6
10
9
13
16
14
16
8
4
6
6
11
10
9
3
1
2
5
9
4
5
-2
-5
2
7
10
1
-6
-7
-2
-3
0
0
-8
-6
0
8
15
11
10
12
14
17
17
18
17
19
18
12
13
12
18
18
19
28
27
33
36
35
33
29
31
34
33
25
16
21
18
12
20
18
23
21
21
24
24
20
16
18
16
17
18
16
10
3
10
16
16
18
15
14
11
11
6
8
20
17
21
23
22
30
31
40
47
53
52
47
47
45
42
49
51
53
60
65
71
75
77
76
81
82
87
93
86
85
84
87
88
91
91
83
85
89
90
89
89
84
78
81
81
82
78
67
69
66
58
56
50
47
42
41
46
46
36
28
23
16
13
13
16
12
11
9
6
3
-10
-20
-26
-28
-33
-38
-36
-40
-42
-38
-37
-38
-35
-31
-29
-25
-30
-35
-39
-35
-30
-29
-33
-39
-39
-36
-33
-25
-20
-23
-23
-27
-25
-31
-26
-20
-21
-23
-24
-20
-21
-9
-10
-14
-20
-21
-18
-27
-30
-30
-29
-26
-31
-30
-24
-29
-27
-18
-21
-22
-24
-28
-21
-30
-39
-45
-51
-55
-52
-48
-47
-50
-55
-54
-47
-53
-48
-51
-60
-60
-64
-65
-56
-53
-53
-42
-48
-51
-48
-46
-41
-45
-45
-48
-47
-47
-47
-44
-42
-37
-45
-43
-36
-32
-15
-12
-11
-11
-16
-14
-12
-14
-12
-10
-15
-17
-15
-22
-29
-29
-26
-19
-20
-19
-20
-23
-21
-19
-21
-21
-24
-29
-26
-27
-29
-29
-33
-36
-40
-38
-38
-33
-28
-24
-28
-27
-25
-25
-22
-27
-26
-29
-22
-23
-20
-17
-23
-22
-19
-23
-20
-22
-23
-20
-21
-28
-31
-27
-26
-22
-17
-14
-13
-16
-19
-19
-23
-22
-23
-20
-19
-16
-9
-20
-21
-18
-16
-8
-5
-9
-17
-14
-14
-11
-17
-19
-14
-17
-10
-5
0
-4
-6
-6
-3
4
4
6
3
2
5
16
16
19
21
15
21
20
23
26
25
22
22
28
24
20
23
26
28
33
46
53
54
49
49
48
44
46
43
43
46
41
37
39
35
34
28
24
27
33
35
34
31
26
33
23
26
25
29
30
24
26
28
35
38
40
39
39
45
52
53
60
60
51
50
50
46
50
58
52
53
58
63
71
69
70
78
79
82
80
75
82
81
75
70
68
71
73
71
71
72
73
71
62
57
58
67
74
70
69
67
65
54
50
49
40
37
30
22
13
20
24
16
14
7
3
1
-3
-10
-13
-15
-18
-21
-25
-33
-41
-47
-42
-47
-49
-47
-50
-48
-59
-65
-63
-62
-59
-58
-55
-55
-52
-47
-52
-50
-47
-45
-44
-41
-39
-32
-34
-33
-28
-25
-28
-26
-26
-26
-24
-29
-29
-33
-33
-34
-47
-45
-46
-47
-45
-46
-45
-49
-46
-43
-38
-39
-43
-38
-41
-47
-38
-38
-40
-45
-47
-47
-48
-44
-41
-37
-30
-25
-31
-31
-30
-28
-30
-33
-38
-36
-31
-26
-29
-28
-21
-22
-19
-21
-29
-37
-31
-30
-36
-34
-33
-32
-32
-32
-33
-37
-29
-28
-29
-27
-31
-24
-28
-28
-25
-26
-21
-22
-20
-23
-20
-19
-17
-14
-11
-8
1
1
2
9
11
14
15
15
12
13
12
7
10
15
19
20
20
26
28
27
24
18
13
12
7
10
14
12
8
-2
2
7
18
20
21
18
21
21
23
27
17
12
9
7
5
4
4
6
1
7
9
2
-6
-6
-5
-6
-7
-3
-2
-14
-14
-20
-17
-18
-17
-15
-17
-13
-17
-19
-14
-13
-15
-14
-12
-16
-11
-3
-5
-4
-8
-7
-3
-3
-1
-2
-6
-4
-4
-3
4
12
13
12
18
16
24
25
20
19
23
26
30
32
28
28
28
34
37
40
35
28
23
24
32
34
41
39
37
32
30
31
27
32
31
31
33
29
35
29
24
23
30
30
39
44
36
40
42
43
41
39
38
44
44
49
48
44
42
42
42
45
46
44
46
46
43
43
45
38
35
27
27
38
36
41
44
41
37
33
34
34
39
38
38
37
32
32
27
26
30
29
31
30
25
27
20
20
19
16
13
10
15
5
-5
-8
-9
-13
-15
-20
-21
-15
-17
-22
-26
-25
-29
-34
-38
-44
-45
-37
-33
-30
-28
-27
-28
-39
-43
-48
-46
-46
-45
-38
-32
-29
-34
-24
-27
-28
-26
-22
-26
-29
-22
-25
-26
-26
-31
-23
-17
-16
-14
-16
-18
-16
-13
-23
-24
-26
-26
-20
-14
-6
-11
-16
-23
-21
-25
-29
-26
-32
-36
-35
-33
-33
-33
-36
-32
-36
-36
-34
-34
-31
-32
-37
-35
-34
-43
-43
-39
-48
-53
-45
-42
-37
-28
-21
-17
-17
-15
-10
-2
-1
-3
-2
-1
2
2
0
-5
1
1
2
8
5
7
4
3
8
11
12
10
12
13
19
16
9
13
11
16
18
14
19
18
25
28
23
24
25
27
24
19
16
13
14
14
11
13
13
19
15
8
15
18
17
17
16
10
3
6
6
4
3
-4
0
0
-3
1
0
-4
-3
-2
2
-2
-3
-7
-17
-18
-20
-13
-14
-11
-3
-10
-11
-14
-21
-22
-26
-36
-31
-30
-38
-35
-42
-44
-44
-42
-39
-43
-44
-42
-44
-54
-56
-60
-63
-60
-58
-57
-59
-52
-46
-45
-49
-50
-42
-48
-51
-49
-50
-41
-35
-32
-37
-34
-24
-27
-16
-13
-9
-3
6
12
1
1
-4
5
6
16
23
26
29
31
38
43
47
45
44
41
40
43
43
41
43
41
39
42
47
51
52
59
55
63
58
48
52
48
51
54
57
64
60
61
63
66
73
73
77
75
76
73
70
68
66
61
65
74
74
78
76
69
64
62
66
66
59
62
64
67
67
67
61
61
65
62
57
56
53
45
38
33
27
20
19
21
20
21
18
15
9
7
6
-3
-13
-18
-18
-23
-28
-31
-28
-25
-27
-28
-31
-27
-22
-16
-12
-7
-6
-13
-15
-18
-16
-11
-11
-14
-12
-13
-12
-16
-11
-7
-13
-9
-6
-14
-16
-15
-17
-22
-23
-25
-29
-26
-26
-28
-32
-30
-30
-27
-25
-24
-21
-22
-27
-31
-32
-28
-31
-29
-31
-37
-35
-34
-36
-34
-34
-34
-31
-35
-33
-33
-30
-32
-33
-30
-34
-31
-28
-31
-25
-22
-23
-25
-23
-26
-31
-29
-30
-28
-32
-29
-25
-22
-24
-16
-15
-8
0
1
3
6
8
9
14
10
18
23
27
30
27
30
28
32
32
35
35
31
24
23
15
10
14
19
12
7
10
13
16
10
8
6
-6
-15
-14
-21
-23
-21
-23
-24
-34
-29
-25
-24
-19
-23
-23
-24
-31
-31
-26
-25
-24
-31
-31
-28
-22
-9
-14
-15
-19
-22
-14
-19
-22
-18
-19
-22
-28
-27
-23
-17
-20
-23
-18
-19
-23
-30
-33
-28
-32
-34
-28
-31
-30
-23
-22
-15
-11
-15
-15
-14
-12
-16
-12
-15
-24
-19
-14
-17
-24
-26
-25
-23
-23
-22
-14
-14
-13
-16
-18
-20
-17
-6
-10
-18
-19
-24
-28
-24
-27
-21
-18
-13
-17
-22
-17
-12
-2
2
0
2
5
6
5
6
8
4
5
0
8
18
17
14
17
18
22
25
31
35
27
31
38
31
26
31
34
37
40
35
42
53
55
54
46
46
46
44
43
47
49
50
45
49
51
51
56
51
48
41
46
52
47
53
47
56
58
51
52
56
57
61
62
55
59
64
66
64
66
68
64
59
62
53
49
50
47
45
44
40
46
51
45
48
54
57
47
50
36
48
49
35
47
45
47
38
34
28
26
22
15
16
15
19
14
8
7
1
1
3
2
-4
-6
-7
-12
-16
-18
-16
-10
-10
-10
-8
-11
-15
-20
-22
-24
-21
-21
-25
-27
-23
-29
-40
-31
-31
-31
-28
-23
-25
-26
-26
-29
-26
-29
-27
-26
-29
-30
-37
-39
-39
-34
-35
-33
-34
-41
-43
-39
-39
-40
-35
-32
-30
-29
-35
-44
-33
-28
-26
-21
-24
-31
-32
-32
-24
-26
-32
-31
-32
-29
-31
-35
-35
-35
-38
-40
-38
-39
-36
-33
-39
-40
-40
-40
-40
-40
-44
-36
-32
-22
-24
-19
-11
-13
-7
-6
-3
0
5
7
7
9
7
10
15
14
17
15
19
22
20
19
12
15
15
11
7
6
6
4
3
-1
-1
5
6
1
5
0
-6
-9
-11
-17
-24
-34
-41
-53
-53
-49
-55
-48
-52
-51
-47
-53
-46
-45
-47
-52
-57
-64
-60
-56
-55
-49
-51
-49
-42
-44
-52
-45
-40
-36
-38
-43
-45
-46
-44
-46
-44
-41
-38
-37
-34
-35
-25
-21
-28
-27
-29
-30
-25
-22
-20
-23
-25
-16
-11
-15
-16
-22
-19
-12
-19
-16
-12
-13
-12
-11
-5
-6
-4
-6
-10
-5
-7
-7
-8
-10
-12
-13
-7
3
10
7
16
23
25
30
35
34
34
41
40
41
38
46
52
58
61
60
60
65
69
71
65
65
72
73
75
76
79
83
79
84
83
71
73
73
69
65
64
62
60
58
67
70
76
75
74
71
65
63
53
52
50
42
37
31
29
30
24
26
21
20
26
23
24
17
10
6
2
4
4
9
14
13
16
16
12
11
8
8
8
1
3
2
-1
1
1
8
1
3
10
6
14
13
20
22
16
18
18
19
17
23
22
27
29
29
34
32
37
44
41
37
24
16
15
15
10
10
14
13
16
13
17
15
14
10
3
4
5
6
7
3
-6
-9
-7
-15
-16
-18
-23
-24
-25
-20
-19
-17
-16
-9
-9
-14
-12
-15
-16
-18
-21
-29
-29
-37
-37
-38
-35
-36
-38
-36
-39
-35
-39
-39
-39
-40
-40
-43
-41
-45
-47
-51
-47
-46
-50
-46
-44
-49
-45
-40
-47
-38
-42
-41
-37
-35
-35
-39
-38
-35
-31
-30
-25
-20
-25
-15
-18
-20
-20
-25
-19
-23
-23
-25
-23
-26
-30
-24
-24
-20
-17
-15
-15
-20
-14
-9
-9
-5
-8
-8
-5
2
0
-1
-1
-1
9
7
2
3
3
1
-7
-12
-12
-16
-20
-20
-24
-25
-27
-35
-35
-31
-35
-32
-30
-29
-28
-34
-34
-36
-40
-43
-47
-49
-50
-51
-47
-43
-46
-42
-41
-37
-34
-26
-31
-31
-28
-32
-31
-32
-33
-36
-28
-26
-19
-15
-11
-10
-6
0
3
6
-1
4
6
10
12
6
5
6
14
11
11
11
10
16
11
10
7
1
-4
-10
-12
-11
-10
-11
-8
-2
-3
-6
-10
-4
-7
-9
-6
-11
-3
0
9
13
11
17
18
24
26
21
18
13
10
7
3
-2
-9
-6
4
13
17
25
27
28
34
34
36
43
45
44
48
46
46
47
51
52
57
61
64
67
73
78
80
81
74
79
79
74
75
78
88
82
82
87
91
93
98
102
101
101
96
96
90
92
92
90
96
88
80
77
75
81
79
71
71
61
58
57
50
46
40
42
35
34
38
38
34
31
21
12
6
-3
-8
-13
-24
-25
-28
-26
-23
-27
-32
-40
-38
-41
-44
-47
-53
-53
-59
-59
-61
-62
-65
-66
-68
-72
-68
-66
-60
-55
-57
-56
-55
-59
-59
-59
-50
-45
-45
-44
-45
-39
-40
-35
-26
-17
-7
-9
-5
3
5
4
5
4
4
9
10
10
9
16
17
24
23
23
23
12
20
20
14
17
16
15
14
11
6
3
9
7
8
3
3
2
0
0
2
-7
-6
-5
-15
-15
-12
-9
-17
-18
-18
-20
-17
-16
-23
-28
-32
-41
-47
-50
-50
-50
-49
-54
-58
-56
-57
-57
-55
-63
-57
-52
-53
-51
-46
-44
-40
-31
-36
-40
-35
-27
-20
-9
-12
-11
-5
-3
6
4
6
10
7
7
11
12
18
22
21
12
10
17
15
13
9
5
-4
-6
-4
-5
-11
-7
-11
-16
-23
-33
-35
-33
-37
-44
-51
-57
-62
-61
-57
-63
-64
-69
-69
-70
-67
-72
-79
-75
-72
-66
-64
-63
-58
-58
-53
-57
-55
-51
-54
-45
-44
-43
-41
-44
-38
-32
-28
-26
-20
-16
-12
-12
-4
-1
0
8
13
15
23
32
35
35
35
43
47
51
61
61
58
62
63
65
57
60
67
67
71
66
60
49
52
48
44
41
35
39
40
42
41
44
44
43
39
41
39
26
21
14
9
10
11
17
12
14
20
16
15
11
13
8
8
7
5
4
7
7
16
20
14
24
29
39
34
41
40
48
45
37
43
39
40
39
41
42
47
53
50
51
43
48
53
51
58
53
52
54
53
49
51
52
49
53
47
41
41
40
35
38
37
25
24
19
21
25
23
17
16
10
8
6
-2
-11
-17
-22
-24
-29
-28
-31
-35
-34
-38
-38
-43
-39
-31
-36
-40
-45
-45
-42
-48
-48
-42
-37
-35
-31
-33
-37
-31
-27
-25
-23
-14
-13
-9
-6
-12
-9
-6
-10
-2
-1
-3
-2
0
4
2
-1
3
6
14
15
17
17
14
22
27
27
33
30
24
22
19
22
21
20
20
22
22
20
23
22
19
19
16
12
3
-1
-5
-9
-9
-8
-2
6
9
1
-3
-3
-6
0
-3
-8
-14
-15
-9
-19
-23
-25
-29
-33
-32
-28
-35
-41
-43
-42
-42
-40
-35
-36
-36
-31
-39
-40
-32
-33
-34
-31
-38
-38
-32
-37
-37
-40
-42
-44
-39
-33
-28
-29
-24
-20
-14
-8
-13
-16
-20
-20
-19
-16
-18
-20
-12
-9
-4
-2
2
11
6
8
9
6
9
9
-1
-4
-1
-4
-1
-1
-4
-8
-9
-13
-15
-10
-10
-8
-8
-1
-3
0
-2
-6
-5
-16
-11
-8
-5
1
3
4
1
-7
-1
-5
-12
-12
-15
-9
-16
-19
-22
-25
-25
-27
-28
-30
-28
-28
-30
-30
-28
-26
-27
-28
-30
-27
-29
-24
-22
-24
-21
-26
-25
-25
-13
-8
-1
4
8
9
10
14
11
11
5
3
9
8
8
9
6
5
11
12
15
19
22
23
21
19
17
22
22
17
17
12
14
17
16
14
9
8
10
10
9
13
17
17
16
21
19
15
12
11
13
15
21
24
26
34
38
40
39
35
40
38
35
42
42
43
41
42
41
40
41
41
48
46
40
37
43
42
43
42
41
45
44
45
38
31
31
31
30
28
22
22
25
22
29
25
32
30
28
28
20
20
22
26
21
24
21
20
14
19
20
21
25
22
24
23
26
23
27
30
26
24
28
29
20
21
16
17
10
12
18
14
18
20
24
27
28
24
21
17
12
9
8
8
6
5
2
5
11
6
7
9
5
2
-3
-11
-17
-20
-28
-28
-32
-37
-36
-39
-41
-36
-31
-33
-36
-34
-34
-40
-38
-40
-40
-43
-46
-41
-44
-38
-34
-28
-28
-23
-24
-29
-24
-20
-21
-23
-23
-24
-17
-11
-9
-10
-6
-5
-2
7
6
4
9
12
10
9
8
9
11
3
0
6
4
-2
4
-1
3
3
8
13
8
6
1
-2
-8
-7
-8
-9
-7
-13
-7
-6
-3
1
-4
0
-3
3
-3
5
3
-1
1
-5
-7
-11
-7
-3
-1
-3
-4
0
4
4
2
1
-5
-7
-3
-3
-5
-6
-4
-9
-10
-7
-6
-6
-8
-10
-10
-14
-12
-8
-12
-15
-18
-22
-19
-22
-23
-23
-23
-20
-25
-29
-34
-30
-29
-34
-37
-32
-32
-34
-31
-34
-40
-47
-44
-40
-41
-44
-44
-49
-49
-45
-39
-30
-31
-32
-33
-30
-34
-46
-44
-45
-51
-52
-50
-47
-47
-45
-47
-44
-39
-39
-39
-40
-41
-41
-33
-29
-28
-28
-37
-42
-41
-40
-34
-30
-31
-30
-31
-33
-29
-31
-29
-26
-31
-27
-33
-31
-28
-30
-31
-23
-20
-18
-13
-14
-11
-15
-15
-13
-4
7
6
9
9
10
17
18
22
24
28
35
34
33
39
40
40
40
42
42
51
57
60
65
66
60
63
64
63
60
59
58
56
54
56
51
47
49
44
42
40
41
39
37
39
42
43
40
33
33
30
30
34
38
45
37
36
37
38
43
39
41
40
41
42
37
43
34
28
29
27
33
31
33
37
31
33
34
32
37
34
34
34
31
27
25
32
31
34
31
33
39
39
48
40
40
48
44
49
43
36
37
30
28
28
26
25
26
32
34
31
34
31
26
25
17
10
3
-12
-17
-13
-26
-32
-28
-28
-25
-21
-23
-21
-24
-25
-23
-23
-24
-20
-15
-16
-17
-20
-21
-12
-16
-18
-18
-18
-9
-12
-15
-13
-5
-2
2
7
11
15
11
13
14
10
10
13
5
9
6
5
5
1
2
-6
3
5
1
0
-4
-9
-7
-7
-4
-9
-12
-5
-9
-9
1
0
-5
-6
-5
-9
-18
-17
-21
-25
-25
-28
-25
-29
-30
-18
-17
-22
-18
-21
-21
-23
-28
-33
-41
-44
-43
-42
-44
-44
-47
-52
-48
-51
-58
-59
-57
-57
-59
-50
-52
-49
-42
-41
-36
-40
-40
-36
-37
-33
-35
-35
-40
-42
-47
-49
-45
-44
-36
-37
-39
-39
-42
-44
-44
-43
-41
-38
-43
-40
-35
-28
-25
-27
-27
-23
-25
-24
-27
-28
-29
-33
-27
-30
-27
-29
-32
-27
-25
-22
-22
-24
-26
-35
-45
-44
-40
-36
-34
-31
-30
-33
-39
-38
-35
-28
-21
-24
-26
-28
-30
-28
-27
-27
-28
-27
-18
-11
-4
-4
1
3
4
5
0
2
7
13
12
17
14
10
15
8
14
18
14
22
26
25
29
26
24
27
28
34
40
42
46
51
50
52
48
52
50
44
48
45
43
48
51
53
56
62
66
66
72
69
67
74
74
73
73
71
72
76
77
74
75
70
70
70
73
68
74
70
62
64
57
58
53
59
60
53
54
49
48
46
42
36
39
33
33
27
18
20
22
26
28
26
24
21
19
19
15
12
8
2
-4
-10
-15
-18
-14
-8
-15
-13
-10
-14
-19
-17
-21
-25
-22
-24
-24
-29
-20
-16
-16
-9
-8
-4
-5
0
11
7
6
6
4
5
5
5
-3
-6
1
-2
0
0
-3
-7
-8
-8
-2
-2
-1
5
3
1
-3
0
-2
-3
-2
-4
-11
-6
-6
-10
-12
-18
-19
-18
-20
-17
-12
-12
-11
-10
-6
-11
-8
-8
-7
-3
-5
-3
4
11
10
12
13
15
18
22
17
13
8
9
14
9
16
9
2
12
10
9
8
4
-1
-3
-5
-11
-9
-10
-10
-11
-14
-14
-15
-13
-8
-11
-18
-24
-27
-31
-34
-35
-40
-42
-43
-48
-50
-54
-53
-51
-56
-57
-58
-58
-55
-48
-45
-40
-46
-53
-49
-51
-45
-44
-45
-47
-48
-49
-47
-40
-35
-30
-32
-29
-25
-33
-31
-33
-33
-36
-36
-38
-41
-35
-27
-26
-28
-21
-17
-17
-16
-15
-20
-20
-22
-20
-20
-23
-23
-20
-18
-10
-5
3
1
-4
-7
-12
-13
-19
-24
-28
-29
-24
-21
-21
-24
-26
-25
-19
-23
-27
-25
-28
-29
-24
-25
-26
-29
-28
-25
-20
-14
-13
-11
-11
-6
-2
-1
-2
-6
-10
-5
0
-1
3
4
8
12
10
9
12
9
13
19
13
21
21
24
26
29
25
23
26
26
28
25
25
24
23
25
26
29
23
21
24
25
27
27
32
28
21
29
27
36
41
39
41
40
42
43
44
44
45
51
51
48
44
47
46
49
49
47
49
45
49
46
50
41
35
34
25
25
24
25
34
40
40
40
32
34
36
32
33
27
20
21
22
24
18
20
24
27
30
30
33
31
35
33
30
27
23
23
24
27
25
29
30
37
34
29
28
33
34
28
27
16
11
10
14
12
13
11
12
16
14
15
8
6
6
7
2
0
5
5
0
3
0
-4
-2
-1
-1
3
-2
-7
-13
-12
-14
-17
-20
-16
-15
-21
-15
-21
-22
-20
-23
-25
-28
-30
-30
-31
-35
-38
-34
-32
-30
-35
-38
-34
-32
-28
-21
-23
-23
-29
-30
-23
-15
-14
-8
-4
-11
-13
-17
-19
-17
-17
-12
-2
1
3
2
0
-9
-10
-8
-10
-5
-6
-12
-11
-16
-17
-16
-16
-14
-23
-29
-23
-17
-14
-13
-18
-13
-8
-13
-13
-13
-13
-12
-11
-8
-6
-2
0
8
7
3
6
6
5
3
-3
-2
-3
-3
-3
-7
-2
3
3
1
2
-1
-6
-9
-11
-16
-16
-19
-21
-20
-24
-24
-27
-23
-20
-16
-12
-11
-15
-24
-26
-27
-32
-33
-33
-37
-34
-38
-39
-43
-40
-33
-35
-31
-30
-20
-22
-27
-26
-35
-34
-35
-32
-34
-36
-34
-28
-30
-28
-28
-27
-21
-25
-27
-34
-32
-30
-32
-23
-20
-17
-19
-28
-25
-24
-25
-27
-23
-19
-16
-10
-4
0
5
6
8
15
18
22
21
25
21
19
25
26
27
27
33
28
26
28
31
34
34
35
35
37
36
32
36
32
26
27
29
30
31
34
37
33
29
31
35
34
34
34
35
37
34
32
28
23
23
24
29
33
22
18
27
29
31
33
28
27
30
24
23
23
18
23
21
23
21
16
20
24
23
29
32
26
23
22
16
17
16
14
11
10
7
3
7
4
7
5
5
3
0
2
-2
2
0
0
-5
-7
-6
-9
-6
-8
-7
-7
-14
-12
-7
-7
-5
-1
-8
-9
-7
-8
-7
-14
-14
-13
-16
-21
-18
-11
-7
-10
-8
-8
-16
-14
-11
-11
-7
-1
0
1
-1
1
0
2
3
4
10
9
14
11
8
13
16
16
18
25
26
25
26
27
18
15
17
15
17
14
19
18
12
13
9
11
10
14
14
6
6
5
3
12
7
1
-3
-5
0
-3
-6
-9
-13
-12
-12
-10
-8
-11
-17
-14
-12
-11
-9
-11
-13
-10
-6
-10
-10
-6
-1
0
-1
3
5
6
14
19
14
9
9
12
18
17
22
22
23
30
34
38
35
36
35
33
35
35
36
37
32
27
24
25
26
24
25
21
20
21
23
19
12
14
13
10
6
13
12
9
5
0
3
-3
-2
-3
-9
-15
-21
-23
-23
-24
-24
-23
-21
-24
-22
-25
-23
-22
-29
-34
-32
-32
-41
-46
-46
-48
-47
-44
-38
-37
-35
-36
-47
-44
-45
-47
-46
-48
-50
-59
-59
-62
-61
-63
-59
-56
-59
-54
-56
-58
-62
-67
-68
-70
-65
-64
-63
-60
-58
-54
-46
-52
-46
-43
-46
-39
-34
-28
-26
-26
-24
-14
-6
-3
-2
-4
-5
-6
-5
1
7
3
2
8
8
10
18
12
11
10
11
21
25
22
25
30
32
33
31
32
25
28
29
26
28
28
29
25
30
31
33
32
33
34
37
37
32
23
25
24
25
22
24
24
16
15
14
17
19
19
16
16
11
8
5
0
2
-3
-5
-7
-10
-7
-10
0
5
7
4
-1
-1
-4
-4
-1
-7
-6
-3
-4
-8
-10
-6
-13
-13
-10
-4
0
-3
-10
-13
-15
-19
-23
-27
-17
-16
-19
-17
-13
-13
-15
-11
-9
-12
-9
-13
-10
-6
-4
-1
1
-5
-2
5
8
10
17
21
23
31
33
29
27
28
33
25
31
37
41
50
48
46
45
46
47
45
41
38
39
38
36
35
35
34
36
38
33
36
35
32
30
29
35
28
31
34
33
41
38
40
35
31
31
32
28
25
26
16
14
16
12
13
17
13
11
14
12
15
18
7
6
0
0
-1
2
7
7
3
-3
6
5
9
14
8
8
4
6
12
15
15
11
9
5
6
8
-2
1
2
0
0
2
9
6
7
11
12
7
10
5
0
2
-1
-4
-6
-5
-4
-2
3
3
4
0
-8
-2
-2
-8
-14
-16
-24
-27
-30
-31
-32
-34
-33
-30
-30
-29
-21
-26
-33
-34
-38
-36
-39
-40
-38
-40
-39
-40
-45
-47
-44
-47
-46
-45
-53
-58
-62
-65
-55
-55
-53
-49
-45
-37
-43
-44
-50
-53
-56
-59
-61
-63
-64
-64
-64
-67
-62
-57
-50
-50
-50
-51
-52
-47
-45
-51
-49
-49
-47
-43
-41
-39
-35
-29
-24
-23
-24
-23
-24
-21
-23
-14
-14
-16
-12
-11
-5
-2
-1
3
6
14
13
12
18
18
23
23
25
32
37
39
42
36
35
37
35
33
32
28
25
23
20
21
24
25
31
36
37
41
40
40
33
35
29
31
32
26
23
17
19
16
16
26
27
27
33
30
22
26
21
19
16
15
17
20
14
13
14
15
16
10
13
4
10
6
2
10
7
3
5
3
2
1
-2
-6
-4
1
1
3
3
4
-1
7
11
9
7
6
0
-10
-11
-8
-3
-7
-2
-1
-8
-6
-3
-3
-1
-4
-2
-6
-13
-5
-7
-6
0
-2
-3
3
8
9
7
12
16
11
14
21
23
27
19
14
20
20
22
20
21
26
31
41
42
38
37
34
31
33
31
29
32
18
20
19
22
29
28
28
27
29
24
26
23
19
23
16
17
17
14
16
22
23
21
21
17
20
21
19
16
9
14
13
13
12
18
19
18
21
22
21
13
16
13
13
6
5
9
9
8
5
11
11
11
15
14
13
19
21
22
18
18
18
13
14
21
21
21
24
25
23
22
18
18
20
15
13
12
13
8
5
9
5
0
-6
-9
-9
-11
-13
-17
-21
-19
-16
-23
-30
-31
-38
-35
-37
-33
-30
-40
-42
-45
-44
-46
-45
-48
-48
-42
-42
-38
-37
-40
-41
-40
-42
-41
-39
-40
-42
-44
-44
-41
-39
-38
-36
-37
-35
-31
-31
-31
-31
-33
-34
-37
-38
-41
-34
-36
-41
-33
-30
-26
-24
-21
-25
-27
-21
-23
-22
-23
-19
-19
-20
-21
-17
-12
-11
-10
-12
-16
-13
-17
-21
-22
-26
-28
-27
-23
-21
-19
-18
-19
-17
-18
-16
-17
-20
-29
-26
-22
-24
-26
-28
-29
-29
-27
-24
-24
-19
-16
-19
-22
-19
-17
-18
-11
-16
-23
-20
-14
-16
-16
-15
-13
-8
-5
5
7
7
6
7
13
12
13
14
10
10
4
7
10
11
14
7
12
19
21
