15
20
10
18
26
24
26
29
34
36
27
29
18
10
11
3
-7
-9
-4
-2
-3
1
7
5
4
2
-2
4
15
15
11
11
14
6
0
7
-2
-3
10
12
13
12
10
16
20
29
28
37
41
22
14
21
24
23
18
15
13
13
19
33
37
39
44
47
61
60
60
46
46
46
40
50
52
53
39
41
54
57
57
54
52
60
69
63
60
49
43
49
54
62
46
41
52
56
56
53
54
45
36
39
39
36
37
28
27
24
26
21
15
15
22
24
30
31
30
33
26
26
23
23
21
18
16
11
7
17
24
16
5
12
18
8
11
14
9
17
26
23
14
12
7
-2
2
1
-8
-11
-14
-11
0
6
-11
-25
-24
-26
-15
-8
-16
-26
-30
-20
-23
-26
-28
-19
-17
-14
-12
-14
-8
-6
-10
-24
-22
-18
-18
-26
-32
-11
-8
-27
-40
-46
-39
-30
-23
-29
-30
-30
-38
-38
-33
-35
-40
-44
-52
-58
-66
-62
-48
-51
-71
-74
-61
-46
-55
-59
-56
-75
-83
-83
-83
-78
-78
-82
-79
-69
-57
-33
-17
-14
-14
-29
-39
-28
-23
-38
-42
-38
-44
-41
-25
-18
-17
-28
-24
-13
-9
4
11
14
23
25
18
25
38
44
32
16
16
24
25
17
14
8
23
30
20
28
35
33
34
30
23
17
6
-1
-20
-24
-14
-6
-5
-5
-13
-2
7
-4
-3
-16
-30
-23
-28
-40
-37
-44
-57
-60
-56
-38
-21
-25
-30
-35
-37
-13
-14
-40
-54
-54
-47
-47
-42
-38
-45
-48
-31
-21
-24
-22
-18
-25
-30
-25
-21
-11
-15
-25
-16
1
5
4
5
16
28
25
31
33
32
25
13
0
3
7
13
0
-16
0
16
14
15
21
14
20
41
51
42
30
20
11
14
22
13
-2
-20
-26
-12
-6
-11
-13
-6
-10
-11
-9
9
26
30
26
12
-15
-30
-32
-22
-16
-28
-22
-12
3
3
-7
18
32
30
30
15
8
20
27
21
16
11
27
48
39
37
34
29
35
39
30
21
34
18
10
29
50
61
59
53
46
54
63
69
62
57
52
42
36
47
43
45
56
47
44
39
43
41
49
46
48
58
43
41
39
35
41
32
10
0
1
3
4
4
27
22
15
15
6
21
36
33
7
0
0
-7
-4
-4
-6
-4
-2
-13
-11
-1
2
6
10
2
1
9
2
11
15
10
13
24
-3
-6
13
23
14
-3
-2
-2
5
3
2
-1
0
-1
-5
-4
1
-2
-20
-26
-28
-23
-7
-21
-35
-36
-31
-24
-13
-7
-7
-5
-9
-16
-22
-2
12
4
4
1
-12
0
2
5
0
-8
-6
-21
-6
4
-8
-5
-15
-17
-2
1
-2
1
12
-8
-25
-25
-15
-15
-20
-27
-20
-20
-25
-29
-39
-31
-22
-12
-17
-21
-25
-30
-37
-22
5
-3
-25
-43
-38
-24
-19
-10
-18
-14
1
-3
-7
-2
-6
-11
-18
-21
-10
-8
-18
-18
-18
-12
-13
-13
-11
-20
-8
-2
-12
-16
-16
-15
-8
4
13
-1
-19
-18
-26
-37
-23
-30
-29
-32
-58
-52
-34
-22
-29
-41
-39
-25
-24
-39
-42
-70
-71
-44
-51
-52
-44
-38
-39
-45
-50
-35
-22
-22
-35
-33
-15
-6
-11
-4
5
5
-6
-25
-22
-4
12
16
1
0
-7
-22
-15
1
6
15
7
-12
-20
-13
4
13
17
-1
-10
5
36
37
24
5
-8
-20
-17
7
-1
-7
-11
-2
0
-12
-10
-5
5
15
27
38
12
-13
-14
-15
-8
-5
7
-12
-24
-19
-17
-16
-4
5
14
32
21
30
44
34
32
35
37
27
25
18
-7
-16
-9
8
8
4
-3
10
19
24
46
53
42
32
33
40
43
30
31
29
11
3
7
4
8
11
2
-2
3
13
15
25
24
13
12
9
12
24
30
35
40
25
19
32
47
52
45
24
30
38
37
45
27
6
8
12
28
34
24
5
9
20
20
31
24
1
-1
0
4
31
38
13
22
31
17
34
37
41
36
25
20
12
5
-2
-5
-26
-17
6
25
38
17
2
11
2
6
20
4
1
3
8
19
16
-4
-10
-11
-15
-13
-8
-2
-3
0
8
34
45
38
38
42
55
51
27
23
32
40
47
37
21
19
29
41
51
53
39
13
11
20
2
-18
-19
-35
-39
-17
-4
0
7
15
18
7
5
15
21
33
9
-10
-12
3
17
11
2
-35
-38
-16
-15
-20
-7
8
0
-14
-11
-11
-25
-17
-17
-19
-25
-32
-29
-22
-22
-27
-28
-28
-47
-51
-29
-49
-66
-57
-53
-31
-42
-31
17
21
9
-8
-31
-22
-12
-13
-9
-1
20
16
2
-12
-22
-12
3
0
4
12
6
-4
-20
-30
-28
-14
12
20
14
-1
-14
-22
-27
-13
-14
-15
-22
-26
-24
-15
-5
-3
-6
6
14
13
20
35
49
51
43
32
35
33
27
24
11
6
7
6
16
14
3
9
14
12
8
10
8
-2
10
11
9
11
1
-5
-14
-27
-20
-1
3
-1
-15
-27
-30
-24
-8
-9
-31
-52
-45
-44
-33
-7
-16
-16
-13
-23
-12
-10
-25
-19
-3
6
7
-1
-15
-29
-23
-23
-25
-19
-6
-8
-13
-19
-17
8
1
-1
-11
-23
-23
-41
-37
-22
-16
-7
-19
-32
-36
-43
-43
-30
-21
-20
-13
-19
-25
-25
-22
-20
-17
-14
-21
-25
-27
-34
-36
-18
-25
-20
-14
-33
-23
-17
-7
-3
-24
-28
-33
-49
-50
-41
-34
-36
-41
-38
-42
-47
-48
-40
-29
-34
-48
-67
-67
-64
-76
-65
-67
-72
-76
-81
-71
-79
-88
-86
-77
-76
-84
-75
-82
-78
-67
-67
-68
-58
-43
-39
-17
-4
-3
-8
-8
-3
6
17
22
24
5
-13
-2
15
24
41
57
60
66
70
72
64
58
53
66
82
78
88
94
90
85
80
75
76
80
89
100
99
100
95
94
80
74
85
87
91
95
97
103
105
90
85
97
92
96
109
86
88
92
79
75
69
58
67
73
70
71
54
44
57
68
47
42
58
67
84
90
66
56
44
36
40
53
56
52
59
57
55
43
31
41
51
40
34
22
20
34
39
50
38
27
48
46
63
76
61
72
53
25
32
34
27
41
32
26
29
19
-1
-9
-18
-16
-7
-14
-28
-30
-36
-42
-30
-55
-52
-61
-76
-70
-66
-52
-56
-66
-90
-107
-113
-106
-92
-69
-65
-68
-75
-88
-87
-92
-84
-75
-70
-74
-75
-70
-62
-74
-88
-87
-90
-85
-85
-91
-70
-66
-79
-78
-90
-95
-92
-91
-83
-93
-86
-67
-62
-66
-78
-87
-69
-62
-47
-22
-35
-50
-64
-44
-35
-39
-23
-24
-24
0
-5
-26
-15
-6
3
15
4
-7
-3
3
13
26
25
27
17
14
29
27
26
28
19
17
17
15
27
42
48
50
36
19
28
39
41
39
43
49
54
58
49
45
60
52
41
38
15
19
18
18
18
0
9
12
8
21
7
2
9
4
4
13
-1
-8
2
2
-16
-15
-2
-3
13
7
0
-8
-4
-1
-3
-21
-21
-5
-5
-1
1
-7
-7
5
0
0
-6
-14
1
6
0
-2
-4
-6
-20
-16
-13
-13
-4
1
8
16
-6
-30
-23
-27
-26
-27
-21
-22
-34
-31
-34
-38
-50
-47
-35
-52
-62
-66
-57
-47
-47
-51
-74
-84
-90
-74
-59
-72
-69
-66
-68
-78
-81
-85
-89
-83
-79
-83
-76
-84
-77
-57
-69
-74
-62
-64
-62
-44
-35
-34
-23
-15
-14
-14
-9
1
16
37
36
34
35
29
33
34
28
41
44
54
69
56
52
70
73
86
90
85
91
78
81
79
89
102
97
93
96
91
96
104
103
126
122
102
103
104
96
90
83
78
80
65
56
63
44
47
70
62
63
62
55
57
55
55
52
49
55
59
68
60
59
64
63
66
58
57
69
70
66
70
63
54
68
67
66
75
71
87
98
79
71
68
59
63
61
53
51
56
55
46
41
37
22
21
14
3
1
0
-5
-6
-7
-14
-13
-24
-37
-28
-30
-30
-23
-12
-8
-31
-40
-32
-26
-22
-21
-21
-12
-25
-30
-31
-53
-51
-59
-60
-56
-59
-62
-60
-51
-47
-43
-52
-51
-42
-54
-50
-42
-53
-58
-57
-58
-61
-58
-68
-69
-63
-58
-52
-53
-76
-77
-76
-77
-73
-77
-82
-85
-74
-76
-82
-79
-72
-69
-74
-72
-71
-67
-62
-54
-41
-47
-62
-68
-58
-39
-33
-32
-22
-27
-27
-12
-8
6
8
11
4
2
10
10
31
22
19
23
17
25
16
3
11
11
10
20
15
3
13
19
33
35
12
18
31
23
13
6
-2
2
-3
-11
-10
-12
-7
1
0
-3
3
-5
0
0
2
-2
-16
-10
-15
-19
-20
-15
-12
-18
-7
-5
-19
-14
-1
2
-5
-21
-8
2
-18
-22
-26
-12
0
-5
-13
-15
-22
-35
-23
-24
-24
-25
-23
6
3
3
1
-9
-5
-6
-5
-16
-17
-3
4
0
1
-2
-12
-3
-2
8
9
13
17
4
-2
-1
2
-10
-17
-5
0
-3
3
9
5
8
2
6
16
8
1
-9
-10
-12
-7
-7
-9
-12
-15
-16
-10
-3
-6
-13
-18
-21
-30
-41
-34
-22
-7
3
-14
-8
-8
-11
-7
-3
-1
-9
-23
-27
-34
-39
-17
-8
-17
-15
-8
-16
-9
-12
-15
0
-3
5
2
1
7
8
11
5
2
4
11
11
17
16
7
10
12
17
21
21
13
15
20
19
18
30
30
27
27
27
37
39
37
42
44
34
39
51
46
55
68
61
61
58
56
68
72
74
68
72
76
70
85
92
93
91
83
77
82
86
79
80
79
79
78
83
82
81
87
93
91
93
99
96
106
92
77
74
66
74
67
57
62
58
59
60
56
52
41
36
31
28
23
28
34
39
39
30
29
28
32
26
16
14
-6
-16
-17
-12
2
0
-7
-4
-13
-3
0
-3
0
-19
-18
-22
-14
-7
-21
-26
-33
-46
-41
-35
-45
-47
-44
-51
-57
-60
-70
-84
-86
-91
-98
-90
-97
-96
-86
-88
-91
-92
-96
-109
-112
-110
-106
-108
-105
-105
-96
-79
-76
-88
-96
-77
-72
-69
-62
-87
-87
-83
-82
-69
-64
-67
-63
-49
-44
-34
-44
-53
-55
-61
-53
-50
-46
-49
-51
-41
-37
-39
-38
-35
-31
-33
-35
-29
-22
-13
-22
-45
-44
-41
-48
-50
-55
-53
-46
-54
-43
-46
-46
-33
-35
-39
-36
-27
-31
-34
-28
-17
-20
-4
6
6
8
1
11
10
14
17
9
9
16
16
15
19
13
18
32
34
35
43
35
47
56
50
57
54
58
69
69
79
77
57
52
50
48
59
62
60
68
59
53
53
50
47
50
40
29
20
3
-5
-4
1
-5
-14
-18
-25
-29
-27
-30
-26
-33
-34
-41
-46
-42
-59
-66
-81
-78
-69
-65
-61
-62
-64
-51
-45
-58
-57
-47
-41
-33
-33
-49
-44
-38
-31
-16
-18
-21
-4
5
10
9
18
23
20
22
28
40
36
34
30
27
24
16
23
25
29
36
26
40
42
34
39
35
28
27
37
39
42
39
35
34
35
50
47
47
45
43
45
50
64
46
34
42
37
38
34
35
31
33
44
49
59
53
56
54
49
46
48
44
34
23
17
13
20
23
30
39
48
51
42
47
55
64
61
51
43
40
47
35
21
14
11
16
14
19
22
16
31
38
50
48
51
43
42
47
37
38
35
43
37
35
31
38
53
44
46
45
29
32
46
44
35
37
25
21
24
24
27
19
25
31
32
36
29
24
14
14
24
20
11
1
-12
-20
-25
-19
-9
-18
-23
-12
-7
-4
-15
-37
-30
-30
-30
-25
-38
-36
-45
-48
-49
-48
-36
-37
-35
-33
-34
-40
-37
-47
-47
-40
-51
-51
-56
-47
-37
-36
-36
-37
-32
-31
-24
-21
-28
-37
-49
-57
-56
-62
-54
-49
-58
-53
-65
-65
-67
-76
-71
-62
-74
-73
-65
-73
-65
-62
-59
-60
-62
-60
-64
-62
-59
-61
-58
-62
-58
-51
-63
-56
-47
-41
-37
-41
-35
-27
-15
-2
-9
-18
-23
-15
-18
-26
-25
-21
-15
-11
-7
-7
-8
-15
-7
0
4
4
8
13
11
11
0
-6
-10
-7
-4
1
9
10
12
5
-1
2
-8
-8
9
15
4
1
0
9
11
2
3
-3
-5
-2
4
-1
2
5
-4
10
6
8
11
8
6
2
10
10
11
8
11
14
5
18
35
35
35
27
28
27
25
32
27
14
12
9
14
27
22
20
20
18
11
20
24
18
17
2
-2
6
5
3
8
2
5
4
9
12
6
0
-2
7
1
-10
-11
-15
-28
-28
-32
-23
-13
-17
-28
-19
-27
-27
-10
-15
-12
-10
-17
-13
-10
-1
10
2
7
-1
0
-4
0
-4
-4
11
9
21
25
22
19
28
43
46
37
35
25
27
33
20
32
30
22
21
29
29
37
52
39
40
35
26
34
32
41
52
47
44
39
51
57
47
52
50
46
46
50
43
39
40
40
52
60
65
64
63
51
32
35
41
37
29
35
31
34
38
35
40
40
46
39
50
57
47
46
37
40
40
35
36
36
32
29
30
30
20
18
15
19
29
32
39
34
30
15
10
8
5
5
6
10
13
15
20
15
4
1
-5
-13
-13
-5
-8
-5
-10
-17
-28
-35
-37
-42
-36
-31
-25
-13
-22
-27
-30
-32
-30
-35
-35
-35
-34
-36
-38
-38
-41
-56
-58
-55
-57
-43
-40
-38
-48
-49
-46
-51
-37
-45
-48
-45
-44
-38
-36
-35
-36
-31
-35
-34
-32
-34
-21
-36
-34
-35
-46
-36
-48
-59
-57
-50
-38
-33
-25
-21
-32
-37
-39
-35
-28
-27
-25
-32
-32
-28
-31
-26
-25
-35
-38
-32
-34
-36
-36
-47
-49
-45
-42
-34
-38
-43
-36
-31
-25
-19
-19
-18
-26
-25
-23
-24
-16
-8
-8
-5
0
0
7
6
7
2
-2
-4
-5
-7
-9
-7
1
8
6
10
3
13
13
10
7
7
-1
-7
-8
-16
-15
-7
-10
-18
-15
-18
-3
9
19
15
6
10
-3
1
4
-2
4
-1
-7
-15
-13
-11
-18
-19
-17
-21
-22
-11
-7
-1
4
-2
-1
1
0
2
6
-1
-4
3
10
10
3
13
3
-1
6
9
10
11
20
22
15
12
4
5
-1
-2
8
4
13
18
21
25
28
28
15
13
4
5
9
0
4
-5
-14
-11
-21
-18
-15
-6
-19
-20
-22
-29
-14
-17
-15
-17
-19
-19
-14
-12
-12
-9
-10
-17
-17
-15
-4
-5
0
8
6
7
4
12
26
29
40
46
38
36
39
36
35
48
58
57
60
50
44
47
57
78
84
82
82
71
72
78
73
78
81
86
90
87
86
87
83
81
79
81
85
80
67
61
59
55
59
56
62
70
61
61
62
58
60
53
53
45
45
53
55
52
45
48
49
40
37
42
38
33
40
36
38
43
38
36
30
25
28
27
23
32
22
21
35
28
21
18
11
6
11
7
-1
-3
-9
-17
-23
-30
-30
-26
-24
-28
-31
-42
-45
-43
-35
-40
-34
-37
-48
-40
-45
-51
-55
-53
-57
-57
-60
-60
-53
-61
-63
-61
-73
-77
-78
-80
-71
-66
-68
-81
-84
-91
-93
-79
-79
-70
-64
-63
-67
-69
-75
-77
-75
-80
-85
-78
-74
-70
-66
-74
-71
-68
-66
-59
-50
-51
-48
-44
-42
-47
-50
-50
-51
-41
-42
-44
-34
-32
-37
-38
-41
-48
-53
-44
-43
-34
-43
-45
-37
-42
-27
-29
-35
-40
-35
-22
-23
-19
-19
-22
-19
-16
-6
-3
3
6
11
20
24
14
7
-4
-14
-6
-8
5
4
1
3
2
3
-4
-7
-1
5
8
4
-8
-13
-17
-21
-19
-22
-22
-22
-15
-14
-10
-10
-10
-9
-17
-13
-11
-4
-1
-1
0
-6
-6
-3
-9
-3
2
3
2
0
1
1
-14
-28
-23
-10
-1
5
1
0
-3
-2
8
10
16
16
20
22
12
14
19
20
26
28
31
39
41
40
42
38
34
32
37
55
62
71
79
68
67
72
67
55
54
57
63
69
63
60
54
54
59
64
62
56
50
36
27
20
23
23
30
34
25
25
20
26
26
28
28
21
21
13
12
21
24
17
15
15
11
19
23
23
24
26
27
28
27
32
40
42
33
24
23
24
28
33
39
29
23
20
16
14
9
4
7
3
0
0
0
3
-1
-12
-5
1
-9
-6
-8
-7
-11
-5
5
1
16
23
24
19
11
16
14
18
25
22
22
23
17
19
14
7
3
1
8
12
11
9
10
6
7
-3
-4
-3
-6
-2
-3
3
9
4
1
-4
-1
2
12
12
8
18
16
17
16
22
22
27
30
29
31
27
30
24
18
11
6
6
13
13
9
15
16
13
6
14
7
0
7
5
-1
4
-7
1
6
4
4
-4
6
6
4
6
-4
-6
-2
-5
-2
-3
2
7
8
5
-1
1
-4
-5
-1
-14
-24
-28
-34
-40
-43
-46
-49
-42
-42
-44
-46
-46
-52
-61
-61
-63
-68
-64
-67
-72
-71
-72
-75
-73
-77
-79
-73
-70
-66
-67
-66
-62
-67
-69
-74
-76
-75
-77
-69
-66
-73
-69
-62
-60
-57
-53
-54
-48
-44
-52
-62
-68
-76
-74
-60
-49
-44
-45
-49
-51
-53
-49
-44
-40
-39
-37
-26
-24
-12
-16
-18
-17
-31
-30
-25
-19
-21
-15
-13
-22
-18
-16
-12
-7
-9
-2
-4
-5
-6
-7
-3
1
7
-5
-10
-4
-7
2
3
-9
-14
-14
-10
-7
-3
-4
-4
4
3
13
17
17
16
26
26
26
32
29
37
46
41
41
51
53
59
62
63
60
64
64
64
70
68
75
79
79
77
70
64
62
66
64
68
77
70
67
66
59
66
54
43
45
39
41
46
52
45
47
40
31
27
19
21
18
20
19
24
21
8
12
17
31
36
32
30
22
21
24
14
16
11
3
1
-4
-2
-5
-2
1
-3
2
8
14
17
19
13
5
4
4
5
4
2
0
-3
1
3
8
2
-8
-5
-11
-9
-9
-8
2
3
5
2
-3
-7
1
13
15
20
15
17
11
7
13
10
9
6
8
5
6
4
-2
-3
2
-1
-6
-7
-15
-19
-20
-22
-22
-20
-22
-14
-11
-18
-19
-19
-20
-22
-21
-23
-21
-18
-17
-12
-10
-14
-12
-1
4
3
7
-1
1
7
5
3
11
10
12
18
10
8
10
10
16
20
27
29
18
13
9
14
10
15
12
19
30
24
25
23
23
23
18
17
11
11
20
14
12
10
11
13
16
9
16
17
15
20
14
5
8
7
10
13
9
12
9
8
12
5
4
1
-6
-13
-18
-17
-23
-24
-30
-35
-34
-37
-37
-42
-46
-46
-51
-47
-52
-58
-52
-48
-48
-40
-40
-44
-48
-52
-48
-51
-49
-41
-40
-33
-31
-28
-24
-20
-19
-21
-20
-15
-7
0
0
-2
0
-8
-13
-17
-24
-26
-31
-32
-25
-27
-23
-28
-30
-33
-37
-35
-41
-39
-34
-26
-26
-23
-25
-31
-32
-35
-38
-37
-41
-36
-37
-41
-39
-39
-33
-37
-32
-33
-35
-34
-42
-42
-45
-40
-40
-36
-35
-34
-25
-30
-28
-21
-15
-7
-4
-1
-2
5
12
15
13
13
17
15
18
22
22
26
31
24
29
29
24
22
21
22
26
37
42
37
24
19
15
24
22
17
15
11
22
27
32
22
18
14
24
24
22
23
18
15
21
19
10
14
18
16
8
13
19
16
18
20
23
23
27
28
36
36
36
43
38
38
40
47
49
43
41
40
41
38
38
40
27
25
34
37
44
43
40
36
36
38
46
41
28
23
27
26
22
24
17
10
12
9
11
17
21
21
21
20
16
14
20
17
16
19
19
26
28
30
25
27
26
19
23
25
24
15
12
15
9
10
5
3
0
4
8
2
4
-1
2
1
-5
-4
3
0
-1
-6
-9
-11
-11
-11
-5
5
5
7
7
8
12
11
11
12
15
18
18
18
10
4
9
5
4
9
3
6
7
8
9
12
15
19
24
20
14
8
3
5
-1
2
4
7
6
8
10
8
18
25
20
18
5
-3
-4
-5
-12
-19
-18
-15
-8
-17
-20
-26
-33
-23
-22
-20
-18
-18
-22
-24
-24
-29
-24
-31
-34
-25
-31
-32
-30
-35
-36
-36
-42
-48
-39
-32
-29
-23
-23
-23
-17
-7
-9
-12
-8
-3
-5
-5
-3
-9
-2
-14
-8
-6
-7
-3
-17
-16
-11
-11
-23
-29
-36
-38
-34
-31
-35
-38
-40
-31
-30
-37
-45
-52
-50
-55
-47
-44
-44
-47
-51
-48
-56
-56
-63
-65
-50
-50
-53
-48
-41
-44
-44
-40
-32
-41
-39
-30
-24
-25
-19
-16
-16
-19
-17
-13
-15
-7
-12
-12
-11
-10
-16
-15
-17
-21
-6
-2
2
0
-6
-9
-11
0
4
13
22
22
20
19
22
23
22
17
19
20
23
21
19
24
19
19
24
15
13
13
14
13
11
12
3
3
4
7
3
-2
-5
-8
-9
-9
-14
-11
-7
-10
-8
-9
-16
-14
-6
2
17
18
11
7
7
14
17
16
8
3
1
-5
0
6
2
-1
-2
2
6
7
4
4
3
0
-1
1
-7
-4
-3
-7
-1
-1
2
8
15
18
22
23
16
14
11
5
15
22
26
32
28
30
29
33
43
45
53
48
46
47
46
51
50
51
50
49
47
47
50
50
57
57
55
59
58
56
61
62
62
66
61
61
57
53
50
47
47
47
49
44
43
46
44
42
41
40
36
36
41
37
32
41
34
36
32
33
38
26
28
25
24
22
22
12
11
15
12
7
-3
-1
-4
-7
-6
-7
-10
-4
0
-6
-6
-11
-15
-13
-12
-19
-20
-19
-10
-3
2
10
1
1
4
11
11
4
9
3
5
7
1
-7
-7
-12
-11
-1
-1
2
-3
-2
-2
-3
-8
-17
-23
-22
-22
-31
-35
-40
-47
-50
-41
-41
-46
-51
-54
-58
-67
-71
-78
-82
-77
-75
-86
-93
-92
-89
-78
-77
-83
-81
-81
-70
-72
-73
-70
-71
-70
-66
-60
-69
-74
-67
-63
-55
-52
-44
-40
-43
-42
-38
-32
-25
-21
-16
-10
-3
-5
-4
-4
-9
-7
-3
5
8
7
13
15
18
22
27
20
23
24
19
16
16
16
11
19
18
16
16
10
12
11
6
7
7
8
0
3
2
-1
3
3
3
2
1
-3
-3
-11
-15
-12
-13
-7
-6
-5
-4
-4
-8
-11
-8
-8
-9
-10
-11
-11
-18
-21
-18
-21
-17
-20
-19
-20
-23
-26
-19
-14
-14
-12
-14
-8
-10
-13
-17
-14
-10
-6
6
9
8
7
6
9
12
13
7
5
5
8
8
7
8
12
23
19
18
21
19
14
11
5
-1
-9
-10
-7
-8
-9
-7
-1
-3
-4
0
2
7
10
10
14
16
22
20
20
22
22
24
26
29
24
22
18
17
12
11
12
7
9
13
12
9
17
19
16
18
12
8
5
2
7
16
21
24
26
26
33
41
49
58
61
63
64
64
63
64
64
57
64
68
66
64
62
62
62
61
66
73
69
58
60
58
46
40
37
33
29
33
28
26
28
20
29
28
28
29
26
28
20
15
10
6
4
-2
-2
-2
-1
-1
-9
-3
-9
-6
1
3
4
2
4
4
5
1
10
10
11
18
8
6
-2
-1
12
16
12
14
13
9
7
8
8
1
-2
-8
-10
-12
-10
-4
-3
-10
-15
-12
-7
-4
-6
-1
8
4
0
2
-2
-3
-3
-4
-6
-6
2
6
5
4
-3
-3
-6
-12
-11
-11
-6
-4
-7
-9
-15
-19
-29
-26
-23
-29
-28
-30
-27
-24
-28
-28
-33
-35
-35
-31
-25
-28
-35
-43
-43
-48
-50
-47
-50
-52
-55
-53
-53
-54
-52
-57
-62
-65
-60
-59
-58
-55
-53
-55
-55
-55
-54
-57
-57
-48
-44
-43
-34
-38
-37
-42
-43
-37
-36
-30
-24
-18
-15
-12
-9
-6
-5
0
-1
-3
-7
-17
-11
-12
-11
-4
-6
-4
0
5
3
1
0
-4
-6
-8
-4
-5
-5
-6
-4
-1
-9
-14
-21
-23
-15
-16
-13
-16
-22
-26
-27
-25
-21
-17
-19
-21
-24
-22
-26
-28
-34
-36
-37
-36
-33
-32
-25
-22
-20
-14
-8
-7
6
10
10
11
8
8
6
3
5
5
9
2
-2
7
-4
-8
-3
0
-3
9
10
4
6
1
-4
-5
-2
1
2
3
3
0
0
0
5
4
8
13
16
17
13
15
14
22
22
21
22
17
15
3
11
9
14
20
26
32
25
31
32
24
17
17
21
26
30
32
30
33
43
41
45
45
44
47
48
50
52
52
45
37
33
30
26
27
27
26
25
27
21
19
16
9
9
10
18
21
20
22
20
20
21
25
29
34
38
41
40
41
42
40
36
42
52
56
59
60
51
54
55
58
59
57
61
55
49
48
49
44
43
43
47
49
49
47
44
32
26
22
18
19
16
15
12
11
15
11
12
7
8
-8
-10
-2
-6
-6
-19
-23
-27
-25
-29
-32
-33
-30
-24
-22
-22
-25
-28
-24
-12
-22
-28
-19
-19
-16
-8
-6
-7
-1
-4
-7
-10
-9
-10
-15
-17
-12
-8
-4
-5
-4
1
-2
4
-1
-3
-9
-11
-12
-5
0
3
5
2
12
6
5
-1
-1
2
-2
3
5
0
2
1
2
5
-2
5
1
-6
-7
-10
-15
-20
-31
-37
-36
-32
-32
-37
-32
-33
-36
-32
-25
-25
-29
-33
-29
-33
-37
-35
-33
-41
-43
-42
-42
-33
-29
-25
-23
-20
-22
-26
-30
-33
-39
-43
-47
-46
-46
-52
-51
-51
-51
-52
-52
-50
-48
-42
-47
-49
-47
-46
-45
-48
-42
-45
-44
-42
-47
-51
-44
-46
-47
-48
-53
-49
-48
-46
-41
-36
-40
-40
-41
-43
-44
-37
-42
-42
-45
-48
-43
-41
-37
-38
-30
-29
-27
-23
-20
-23
-16
-15
-10
-6
-8
-4
0
3
4
2
-3
-6
-7
-6
-2
0
-3
-8
-10
-14
-12
-8
-3
-1
4
11
11
17
16
14
13
13
17
20
19
19
21
20
22
21
26
37
44
47
43
41
34
36
38
35
35
36
43
44
42
40
38
34
31
25
34
39
44
48
53
60
60
57
57
54
59
63
61
59
57
53
53
52
48
49
56
59
50
53
45
41
43
37
33
31
32
27
30
26
21
23
22
17
16
21
25
26
22
29
18
16
14
9
6
6
11
8
15
15
18
13
14
13
8
2
-2
0
2
8
10
19
22
21
17
23
25
23
31
37
37
31
29
31
29
33
26
29
34
33
38
33
36
33
31
26
30
36
28
31
31
35
34
31
27
20
27
30
30
27
23
17
19
23
20
20
17
11
7
7
7
2
0
2
0
1
5
0
-2
1
1
-3
-5
-6
-2
2
4
2
0
2
-3
-2
0
-3
-10
-8
-14
-12
-3
0
1
-8
-12
-10
-11
-7
-5
-5
-9
-3
-3
-4
-8
-7
-4
-10
-3
-8
-8
-11
-20
-14
-19
-31
-39
-43
-48
-42
-46
-57
-57
-58
-60
-60
-64
-63
-60
-62
-61
-67
-73
-77
-76
-80
-82
-81
-82
-77
-71
-64
-66
-62
-57
-54
-53
-54
-53
-49
-51
-50
-52
-45
-38
-40
-32
-31
-30
-20
-16
-14
-7
-13
-12
-6
-8
-8
-2
-7
-11
-11
-16
-14
-11
-9
-7
-8
-13
-11
-16
-17
-22
-23
-21
-22
-23
-26
-29
-25
-31
-31
-26
-28
-26
-22
-20
-19
-16
-8
-10
-9
-10
-15
-8
-10
-13
-6
-8
-5
-6
-3
2
-1
-5
-9
-7
-10
-9
-9
-14
-14
-23
-12
-11
-12
-10
-15
-7
-5
-2
6
7
12
12
8
9
13
9
7
4
1
-5
-7
-8
-9
2
3
4
5
4
6
8
3
-1
-7
-9
-8
-14
-16
-10
-7
-7
-2
2
14
22
22
33
33
30
34
35
34
30
36
36
38
40
47
55
59
56
56
59
56
59
48
48
44
44
42
38
49
52
54
56
60
60
61
62
55
49
49
49
49
41
39
31
27
30
28
22
21
29
30
24
15
10
5
2
4
3
3
5
5
3
2
1
5
7
2
-1
-2
-6
-2
0
4
6
3
5
9
8
4
6
7
3
-1
4
2
1
3
10
11
10
14
12
16
21
25
29
32
27
28
28
28
29
36
37
36
40
37
37
31
40
39
36
33
24
24
19
15
11
7
6
2
1
3
4
0
-1
2
-1
3
4
0
1
-3
-5
-15
-14
-13
-15
-9
-16
-19
-28
-32
-30
-30
-32
-33
-32
-33
-35
-33
-26
-33
-33
-27
-29
-28
-27
-32
-30
-35
-33
-29
-23
-19
-16
-16
-17
-16
-12
-7
-9
-11
-17
-10
-8
0
1
0
9
14
15
5
0
4
5
4
1
-5
-7
-11
-12
-14
-13
-6
-9
-11
-5
-8
-11
-17
-25
-22
-21
-25
-27
-26
-27
-31
-30
-29
-31
-32
-35
-33
-37
-36
-38
-40
-30
-27
-30
-34
-36
-36
-37
-38
-41
-36
-36
-47
-47
-48
-45
-36
-30
-30
-26
-27
-23
-22
-18
-19
-27
-33
-33
-30
-30
-30
-24
-19
-20
-13
-14
-14
-18
-14
-13
-17
-18
-17
-23
-29
-24
-16
-8
-6
-4
-3
-2
2
0
6
3
3
10
10
17
25
20
25
30
26
25
26
32
29
27
21
20
13
5
5
1
6
-2
-5
-4
-7
-9
-11
-10
-7
-10
-3
-8
-8
-10
-9
-3
-4
1
-3
-2
1
2
1
6
3
-4
-7
-11
-14
-11
-7
-10
-11
-7
-4
-4
0
0
4
8
5
3
4
7
2
8
3
4
14
15
22
33
36
30
29
25
24
33
35
41
42
45
49
55
57
52
57
57
63
63
62
60
55
57
54
56
49
44
45
45
42
38
35
30
25
20
19
19
16
16
22
21
21
19
19
12
5
0
-6
-3
-7
-9
-18
-16
-12
-12
-13
-18
-14
-19
-15
-11
-6
-6
0
5
4
6
2
1
-2
-5
2
4
5
8
7
10
9
12
14
20
14
17
16
13
18
11
11
8
7
6
2
5
13
20
14
18
15
14
19
18
14
12
15
16
21
27
33
29
31
31
31
32
30
28
22
31
26
16
6
0
-2
3
6
4
8
10
10
5
4
4
-1
-3
-3
-6
-9
-6
-4
-5
-6
-8
-5
-6
-8
-7
0
0
2
2
4
-1
0
-6
-7
-4
4
10
3
-3
-2
-1
3
5
-2
4
7
11
9
14
11
11
19
18
24
20
19
20
22
17
9
13
11
8
7
5
1
6
6
4
3
7
1
-5
-10
-15
-18
-23
-18
-24
-36
-35
-38
-33
-30
-36
-37
-39
-40
-37
-42
-40
-41
-45
-44
-46
-47
-51
-46
-41
-38
-36
-47
-50
-51
-59
-61
-60
-56
-57
-57
-57
-56
-61
-58
-62
-72
-70
-73
-72
-66
-71
-73
-78
-77
-72
-73
-72
-71
-69
-65
-60
-57
-57
-53
-45
-46
-40
-33
-30
-30
-30
-27
-14
-10
-6
-3
-11
-3
-1
2
0
7
8
11
8
14
22
30
31
23
31
28
27
23
22
18
7
4
0
4
6
0
-1
-4
-6
-8
-6
-15
-16
-15
-16
-19
-27
-38
-41
-36
-39
-35
-31
-28
-26
-27
-25
-20
-18
-9
-2
-2
2
0
0
0
-1
-1
0
6
12
14
16
29
31
32
33
28
30
28
30
36
37
43
44
46
45
47
56
59
65
74
71
73
78
78
81
74
71
75
80
82
74
69
68
64
60
63
60
53
50
44
37
23
13
15
14
11
7
-2
0
-2
-4
-1
-1
-2
-3
-7
-12
-11
-16
-13
-18
-18
-18
-15
-16
-9
-2
4
12
15
15
13
19
16
20
21
26
29
32
35
39
45
40
45
50
56
59
66
63
57
59
52
50
51
55
58
56
53
49
50
56
52
50
44
41
36
31
23
21
25
20
24
14
15
16
15
9
5
4
7
8
1
-8
-15
-14
-11
-13
-15
-15
-19
-22
-24
-25
-20
-13
-14
-16
-17
-22
-30
-27
-28
-25
-22
-22
-18
-19
-25
-25
-24
-25
-22
-23
-18
-16
-14
-18
-16
-16
-15
-15
-17
-12
-11
-7
-14
-16
-18
-21
-19
-19
-18
-19
-15
-18
-16
-18
-18
-11
-13
-7
-8
-5
0
-3
-6
-10
-14
-19
-18
-17
-24
-25
-30
-27
-28
-29
-25
-32
-42
-42
-43
-42
-32
-36
-37
-40
-47
-52
-57
-51
-52
-53
-59
-57
-56
-57
-55
-61
-61
-60
-60
-55
-55
-49
-44
-37
-37
-33
-33
-37
-35
-28
-31
-35
-33
-35
-35
-29
-22
-27
-19
-17
-22
-12
-15
-12
-8
-10
-12
-15
-18
-13
-8
-16
-22
-21
-22
-15
-9
-5
4
3
3
4
3
3
6
7
3
3
0
2
1
5
6
7
14
11
14
8
1
1
3
2
3
5
5
7
13
10
4
7
11
8
9
6
-1
6
4
-1
1
-4
-9
-10
-14
-14
-9
-3
-6
-3
-2
-5
-4
-3
-10
-16
-16
-21
-24
-25
-25
-23
-19
-15
-11
-11
-9
-10
-7
-9
-9
-8
-4
-1
-1
1
5
4
4
4
9
13
11
13
13
20
23
24
29
36
41
37
39
38
39
45
46
43
44
49
51
51
49
52
57
48
55
55
51
50
50
61
63
68
64
61
53
59
60
59
62
54
53
47
46
48
49
48
53
53
57
58
57
61
50
54
56
55
52
53
57
51
51
56
57
57
57
54
54
56
53
53
49
44
44
36
34
26
23
17
19
21
22
24
19
15
14
13
13
15
17
14
10
4
3
1
2
3
4
1
4
5
-2
-7
-10
-15
-24
-23
-27
-17
-12
-13
-9
-13
-23
-25
-24
-30
-31
-32
-31
-32
-32
-29
-27
-30
-34
-30
-31
-22
-24
-21
-20
-28
-26
-34
-37
-32
-23
-16
-20
-15
-14
-15
-14
-18
-16
-18
-12
-7
-15
-12
-21
-21
-26
-24
-19
-23
-18
-19
-19
-26
-22
-23
-22
-23
-29
-28
-35
-30
-31
-35
-32
-24
-21
-19
-19
-23
-26
-26
-25
-32
-27
-25
-23
-16
-14
-13
-13
-10
-12
-7
-13
-13
-11
-14
-12
-6
-3
-9
-5
-10
-13
-12
-24
-19
-16
-14
-2
-7
-12
-14
-19
-26
-31
-28
-26
-26
-26
-28
-31
-30
-27
-29
-36
-37
-39
-42
-44
-48
-46
-47
-50
-54
-57
-50
-46
-42
-45
-43
-49
-55
-58
-64
-59
-58
-58
-59
-63
-65
-64
-64
-57
-58
-52
-45
-40
-32
-31
-30
-30
-31
-30
-30
-28
-24
-22
-22
-14
-14
-12
-11
0
5
3
6
1
-1
-9
-10
-13
-9
-11
-4
5
8
6
3
9
3
1
3
5
14
9
5
9
14
14
18
19
18
25
31
29
27
32
29
33
34
31
22
24
24
28
27
27
30
29
33
38
44
46
57
56
54
53
52
54
51
49
48
51
50
56
62
61
61
58
56
66
64
62
63
57
56
53
60
63
55
59
60
59
57
55
58
57
52
52
52
45
48
47
45
51
43
49
49
44
51
50
54
52
50
47
37
35
35
26
22
13
14
17
15
19
23
23
18
19
8
3
4
-1
-8
-19
-21
-27
-27
-28
-29
-26
-26
-25
-28
-24
-30
-35
-27
-32
-30
-30
-33
-31
-35
-35
-33
-25
-22
-24
-20
-23
-23
-20
-23
-27
-24
-22
-22
-19
-11
-12
-8
-3
2
2
6
13
10
16
21
24
22
14
8
16
20
20
32
36
31
31
27
26
28
33
31
27
24
26
24
21
20
19
17
7
8
7
13
18
21
21
13
16
15
6
7
7
7
5
8
8
4
0
-3
1
-6
-6
-4
-10
-9
-14
-18
-21
-26
-25
-29
-32
-33
-31
-36
-36
-36
-41
-40
-49
-49
-56
-59
-62
-67
-65
-64
-61
-63
-58
-58
-60
-55
-55
-59
-55
-57
-46
-41
-45
-47
-45
-42
-44
-41
-35
-32
-34
-28
-22
-13
-7
-12
-15
-14
-17
-19
-17
-18
-18
-19
-19
-21
-17
-17
-18
-16
-15
-13
-7
1
-6
-11
-14
-23
-25
-28
-35
-28
-34
-32
-32
-42
-35
-30
-25
-26
-20
-26
-25
-31
-38
-39
-41
-38
-38
-36
-31
-27
-22
-23
-19
-22
-21
-22
-27
-28
-29
-21
-11
-8
-11
-6
-8
-4
3
9
13
11
14
14
16
13
11
11
8
9
15
26
28
29
35
33
31
31
37
41
45
42
44
39
30
31
29
26
29
37
40
39
38
35
32
26
29
28
31
34
29
33
36
34
36
31
27
25
24
22
20
22
20
11
8
6
9
9
4
11
10
7
3
4
6
5
3
0
7
8
12
16
15
18
19
21
23
18
23
26
26
30
24
18
18
17
18
17
14
12
4
1
1
6
4
2
7
7
9
13
14
15
9
2
1
4
7
7
8
14
24
31
32
33
37
32
30
28
32
34
33
34
34
35
27
38
37
33
37
35
42
43
41
38
40
40
36
31
28
27
25
23
18
16
17
15
15
14
10
13
7
8
9
12
14
8
9
13
16
18
14
19
22
20
23
20
24
28
30
29
25
19
20
15
16
18
17
23
18
23
22
15
15
26
27
22
31
24
22
26
25
30
28
21
13
13
13
13
16
7
8
9
8
1
-5
-12
-16
-23
-27
-22
-28
-32
-32
-35
-40
-40
-41
-46
-53
-55
-52
-55
-59
-63
-64
-66
-66
-68
-66
-67
-61
-68
-72
-70
-70
-78
-80
-80
-80
-77
-76
-69
-65
-66
-60
-59
-51
-47
-43
-39
-40
-38
-41
-28
-21
-20
-17
-16
-11
-6
-4
-5
-4
2
-4
-6
-8
-10
-6
-9
-9
-15
-14
-10
-13
-18
-14
-1
-4
-4
-5
-9
-9
-14
-14
-17
-19
-21
-16
-15
-22
-24
-24
-19
-17
-13
-14
-20
-20
-15
-19
-26
-27
-34
-32
-32
-36
-30
-34
-30
-22
-23
-20
-21
-17
-21
-27
-26
-27
-27
-31
-33
-33
-34
-28
-23
-27
-22
-22
-10
0
-1
7
8
4
4
8
5
5
2
10
13
21
32
26
25
23
21
19
15
16
20
28
29
30
30
32
31
25
26
30
22
20
13
18
23
20
20
18
18
16
15
12
13
16
12
10
6
9
6
3
6
4
7
10
10
8
5
9
16
15
15
15
20
23
20
22
22
17
20
18
21
22
21
20
18
21
29
30
25
24
23
25
28
31
34
27
24
20
23
24
22
35
33
39
35
35
36
35
38
39
39
42
43
41
44
40
40
39
33
38
38
33
41
33
32
35
35
39
32
31
31
30
30
22
26
18
20
23
20
22
19
19
24
24
21
25
21
18
16
10
3
7
5
7
11
12
15
13
12
11
12
10
6
7
4
3
0
2
5
1
0
5
7
7
4
2
-1
-8
-13
-17
-20
-18
-16
-16
-19
-12
-15
-12
-8
-12
-10
-13
-12
-10
-8
-8
-12
-11
-5
-9
-9
-9
-11
-14
-16
-12
-11
-4
-7
-11
-11
-13
-15
-16
-30
-32
-36
-42
-43
-48
-47
-48
-50
-57
-59
-58
-62
-61
-66
-66
-63
-62
-63
-59
-54
-56
-57
-59
-63
-66
-60
-57
-59
-60
-64
-61
-53
-46
-45
-39
-39
-39
-34
-32
-32
-33
-38
-35
-32
-28
-22
-20
-21
-20
-15
-11
-3
-3
-1
2
-1
2
1
5
6
3
13
12
15
15
15
13
9
6
-1
-3
-10
-16
-12
-17
-16
-12
-16
-18
-12
-15
-16
-21
-23
-20
-25
-21
-27
-24
-25
-24
-28
-25
-28
-25
-19
-18
-11
-20
-19
-24
-24
-26
-31
-31
-26
-27
-31
-27
-27
-21
-24
-16
-10
-10
-4
-4
1
4
-5
0
2
5
9
18
21
22
28
27
28
26
25
23
29
38
47
56
54
55
47
43
56
56
53
43
51
50
35
34
25
23
29
30
29
36
34
30
35
38
35
31
31
30
22
21
17
13
11
12
19
16
18
19
20
20
18
18
20
17
12
14
13
19
23
22
23
23
19
15
8
10
14
11
12
18
13
9
7
2
-2
-2
2
8
8
13
15
12
15
11
14
16
17
20
24
32
30
32
32
32
40
41
38
37
38
39
42
41
45
45
39
40
47
45
40
40
42
46
46
51
52
47
43
43
45
43
37
31
23
19
29
37
34
32
30
30
32
28
21
15
17
14
9
8
5
3
-3
-1
-4
-7
-7
-7
-13
-12
-4
-6
-10
-18
-25
-27
-28
-25
-33
-30
-29
-30
-31
-34
-23
-23
-21
-20
-15
-14
-11
-16
-10
-3
-4
-1
4
3
1
2
1
1
1
-3
-5
-2
1
3
-1
0
-7
-7
-6
-3
-10
-12
-15
-17
-16
-16
-21
-24
-24
-20
-20
-19
-15
-18
-22
-24
-25
-28
-26
-33
-41
-48
-49
-48
-48
-47
-48
-46
-49
-49
-42
-42
-44
-43
-42
-41
-46
-49
-49
-49
-51
-45
-43
-50
-46
-45
-41
-37
-42
-36
-37
-35
-32
-34
-30
-31
-30
-27
-25
-20
-19
-17
-13
-18
-10
-16
-20
-22
-19
-17
-15
-13
-13
-7
-12
-8
-9
-14
-10
-12
-13
-9
-11
-14
-13
-19
-26
-23
-22
-17
-13
-10
-8
-9
-8
-11
-17
-18
-22
-18
-16
-12
-3
-1
-2
-2
-4
-3
-7
-13
-13
-10
-8
-7
-10
-11
-2
0
5
7
9
10
12
16
16
19
24
20
23
20
16
20
23
20
17
20
19
27
26
27
31
28
37
38
30
27
29
23
16
13
13
10
5
4
9
13
9
12
14
21
27
30
30
27
23
18
7
6
12
12
12
8
9
13
10
8
3
2
2
4
3
9
10
8
14
11
8
9
10
11
7
4
0
-5
-5
-4
-5
-11
-12
-6
-7
-8
-3
-4
-6
-4
-2
-2
-3
-6
-6
-17
-20
-21
-18
-12
-13
-2
1
1
8
6
7
7
4
8
12
18
23
19
26
23
18
25
22
20
25
30
34
35
35
31
31
31
27
31
28
34
39
39
32
34
31
31
37
34
30
32
32
24
22
17
16
17
18
16
10
11
16
16
14
11
13
18
18
15
16
13
9
8
-1
-1
-4
-6
-4
-1
5
6
9
11
6
1
2
4
7
7
3
1
4
6
5
2
4
7
5
11
15
15
21
15
14
13
14
13
9
10
11
5
10
19
12
15
8
4
3
9
12
2
0
-8
-8
-8
-12
-23
-18
-17
-15
-12
-14
-16
-14
-13
-22
-23
-26
-29
-26
-31
-33
-39
-39
-35
-38
-32
-30
-33
-33
-33
-34
-30
-32
-40
-39
-43
-47
-44
-43
-39
-34
-42
-44
-42
-36
-28
-31
-35
-38
-41
-42
-36
-35
-31
-31
-36
-30
-31
-24
-22
-22
-20
-23
-24
-20
-12
-10
-10
-11
-8
-11
-14
-13
-16
-18
-20
-23
-23
-17
-16
-9
-3
1
-1
3
6
2
4
9
10
6
-1
-1
-1
-6
-1
7
8
9
15
10
4
6
1
-4
-2
2
3
3
2
-4
0
0
3
7
5
3
5
5
2
-6
-8
-8
-10
-3
-7
-8
-1
-8
-7
-10
-11
-8
-18
-19
-15
-5
5
4
9
4
7
11
13
8
12
16
11
9
8
6
9
12
13
19
20
17
14
16
18
23
25
22
21
17
17
21
13
12
23
15
17
19
13
10
5
5
3
4
7
8
11
7
-3
4
1
3
9
9
13
18
16
15
14
8
8
7
4
2
5
8
5
14
13
17
21
19
17
13
18
15
22
13
8
14
4
1
-1
-2
-4
-1
5
4
3
-1
-6
2
1
2
7
8
7
3
6
1
3
10
7
13
16
19
21
25
24
23
27
28
30
33
37
33
32
28
30
36
36
38
35
25
25
19
20
24
22
25
32
30
31
28
27
25
26
31
34
43
39
41
45
41
42
40
33
31
32
34
37
35
31
26
21
18
16
15
18
15
16
13
9
10
5
4
1
2
1
-2
-5
-8
-1
-4
-6
-8
-4
-5
-2
1
4
6
13
16
14
18
9
13
14
18
23
16
18
21
16
14
9
8
17
13
13
8
7
1
-5
-5
-10
-9
-10
-11
-15
-22
-23
-26
-35
-38
-42
-47
-49
-51
-50
-50
-54
-55
-63
-63
-59
-56
-51
-51
-52
-48
-50
-54
-54
-60
-60
-56
-56
-56
-51
-51
-52
-41
-30
-29
-31
-35
-35
-34
-33
-35
-34
-35
-38
-34
-33
-28
-25
-23
-15
-18
-13
-17
-23
-24
-24
-19
-13
-14
-11
-6
-7
-4
-4
-2
-6
-2
-1
-7
-4
-8
-10
-14
-9
-8
-11
-16
-18
-16
-22
-15
-14
-21
-20
-28
-23
-22
-21
-18
-19
-10
-15
-15
-18
-20
-16
-17
-23
-17
-16
-17
-16
-16
-7
-5
-3
-3
1
4
4
0
-5
-7
-9
-13
-16
-8
-10
-7
-1
-6
-5
-4
-9
-6
-10
-15
-15
-14
-16
-23
-25
-26
-27
-27
-32
-23
-15
-9
-3
-4
-7
-11
-10
-6
-7
-6
-12
-15
-18
-22
-13
-10
-14
-8
-4
1
3
-2
2
-7
-9
-15
-12
-3
0
9
7
5
8
9
18
12
15
25
24
29
28
22
22
21
16
17
22
23
27
36
38
37
34
32
32
26
32
37
44
53
54
52
52
57
60
59
54
55
64
65
69
69
72
69
68
69
61
61
64
56
53
56
54
67
70
63
64
63
63
59
53
53
47
38
36
31
29
32
30
30
35
28
30
35
35
33
28
25
18
15
10
8
7
5
9
6
5
6
2
0
-1
-3
-7
-15
-21
-15
-17
-19
-15
-14
-6
-4
-11
-17
-19
-18
-15
-17
-19
-25
-26
-23
-29
-35
-37
-28
-22
-13
-11
-15
-18
-22
-26
-25
-23
-25
-23
-18
-17
-18
-18
-28
-26
-22
-11
-11
-11
-8
-11
-2
-3
-5
-6
1
2
-5
-4
1
3
-6
-6
-10
-9
-3
-9
-7
0
-4
1
4
0
-1
-1
-5
2
2
0
2
-1
-7
-4
-3
-10
-5
-7
-10
-6
-7
-5
-1
-3
3
4
5
6
8
2
-6
-7
-10
-12
-17
-19
-20
-21
-14
-12
-11
-16
-20
-24
-25
-28
-33
-30
-30
-29
-32
-32
-35
-33
-37
-40
-43
-43
-42
-45
-45
-49
-52
-55
-54
-57
-54
-57
-63
-63
-68
-70
-73
-71
-72
-75
-66
-64
-66
-64
-59
-56
-55
-51
-51
-47
-55
-52
-50
-50
-52
-51
-51
-45
-39
-39
-38
-37
-28
-31
-38
-38
-39
-40
-31
-29
-23
-12
-4
-3
-2
4
5
7
8
8
11
14
13
10
20
29
31
33
36
34
26
31
28
27
24
24
31
31
39
38
38
38
32
36
36
31
31
27
27
29
38
34
29
33
35
39
42
39
33
34
38
37
44
43
31
32
30
35
38
33
25
22
23
26
27
30
28
28
27
23
27
32
34
36
36
38
36
29
27
25
22
24
29
28
26
27
33
39
42
39
40
38
45
47
41
39
34
28
21
22
26
31
30
31
33
38
32
34
30
20
27
23
25
27
25
22
24
27
26
25
29
34
25
23
19
20
18
12
11
13
21
22
28
30
31
29
28
29
14
14
14
9
9
10
8
2
7
2
2
10
14
16
17
15
14
10
12
10
11
17
14
13
12
15
17
17
17
19
25
30
29
20
9
11
20
16
20
26
25
31
39
43
40
40
32
26
23
13
13
13
8
15
18
18
12
12
16
6
0
-2
-1
-2
-10
-11
-16
-20
-20
-26
-26
-29
-28
-34
-42
-47
-59
-63
-65
-57
-51
-55
-53
-53
-53
-57
-62
-60
-57
-60
-59
-63
-68
-66
-69
-65
-61
-60
-58
-48
-41
-37
-33
-33
-34
-34
-33
-28
-34
-33
-27
-21
-23
-24
-22
-20
-16
-20
-29
-33
-32
-28
-25
-29
-32
-29
-20
-20
-21
-21
-25
-24
-29
-33
-38
-39
-45
-47
-43
-51
-46
-49
-41
-32
-36
-37
-40
-38
-35
-41
-39
-40
-43
-46
-48
-42
-40
-31
-37
-33
-26
-30
-28
-30
-31
-37
-44
-47
-50
-52
-53
-54
-50
-49
-46
-45
-43
-40
-37
-36
-39
-36
-31
-34
-31
-30
-28
-26
-23
-19
-15
-11
-6
-2
-2
4
8
9
6
9
14
13
8
15
22
30
39
36
40
36
31
24
19
17
19
24
22
23
19
26
25
22
23
16
22
20
16
24
23
26
28
28
28
22
23
15
20
20
23
24
15
25
23
26
30
35
35
37
43
39
40
34
27
30
26
25
24
22
28
31
29
30
31
30
31
33
38
36
34
37
32
35
34
35
42
43
47
52
53
52
54
58
57
43
50
53
57
62
56
66
68
62
67
67
65
66
66
71
61
60
58
54
58
64
61
53
47
42
46
49
46
45
41
39
38
29
33
42
41
38
38
34
26
24
17
20
19
17
19
13
12
15
13
10
12
16
18
18
13
9
4
0
2
-1
-2
-2
-3
0
-1
0
0
-4
4
5
7
6
7
5
-3
3
-3
-6
-6
-9
-7
-13
-8
-7
-8
-9
-8
-7
-9
-22
-25
-23
-29
-32
-31
-30
-27
-34
-37
-32
-28
-22
-24
-27
-32
-29
-33
-44
-43
-46
-42
-41
-42
-39
-35
-33
-35
-31
-34
-31
-34
-39
-45
-47
-44
-41
-41
-38
-39
-40
-30
-27
-33
-35
-35
-32
-36
-39
-40
-41
-39
-40
-42
-49
-52
-47
-48
-49
-54
-54
-50
-48
-48
-51
-52
-52
-57
-50
-48
-55
-56
-62
-59
-59
-67
-68
-70
-67
-69
-65
-55
-49
-45
-40
-39
-34
-34
-32
-34
-29
-21
-21
-20
-14
-12
-7
-2
-2
-6
0
4
3
5
8
10
15
19
14
21
22
16
10
12
12
8
6
2
1
0
-2
6
6
7
3
0
4
-2
-6
-6
-12
-10
-10
-9
-10
-9
-4
-13
-15
-15
-18
-16
-17
-16
-19
-12
-10
-3
3
6
8
6
10
9
11
16
18
18
17
14
15
13
18
17
13
21
20
29
30
32
34
31
38
33
33
31
25
28
20
17
18
11
11
2
0
0
2
7
4
2
4
6
1
3
10
10
8
10
10
6
7
1
-1
4
3
0
-3
1
1
2
3
0
7
8
13
20
16
18
24
29
32
34
39
35
31
31
30
35
40
47
41
45
46
47
49
47
48
47
49
49
52
51
47
44
45
52
58
54
53
56
51
50
54
55
50
47
46
50
45
43
43
42
38
32
28
30
29
22
27
26
22
23
23
26
30
26
22
24
20
22
26
31
36
32
32
25
30
35
35
37
33
32
39
46
41
39
35
37
42
40
39
33
31
25
25
30
24
20
17
12
13
6
2
1
-5
-5
-12
-14
-20
-22
-23
-29
-36
-35
-33
-40
-34
-38
-42
-39
-36
-38
-43
-47
-45
-50
-54
-52
-49
-43
-47
-43
-40
-43
-37
-39
-33
-33
-30
-16
-19
-16
-15
-7
-6
-6
-6
-14
-9
-7
-5
-7
-13
-12
-6
-11
-23
-20
-18
-14
-15
-20
-20
-18
-27
-32
-36
-38
-41
-51
-48
-55
-58
-50
-54
-53
-52
-52
-57
-57
-53
-55
-58
-54
-56
-55
-50
-55
-49
-54
-52
-49
-42
-47
-44
-42
-42
-38
-38
-32
-32
-27
-27
-27
-30
-26
-25
-26
-23
-24
-18
-13
-7
-11
-16
-12
-6
-4
-2
2
0
1
-3
1
0
-1
-3
-1
-4
-2
-3
-8
-1
-5
-7
-5
-6
-10
-10
-1
-2
-6
-3
-3
-10
-17
-18
-11
-9
-11
-12
-17
-12
-13
-15
-18
-16
-4
-4
-6
-11
-13
-15
-19
-20
-17
-22
-30
-30
-25
-21
-21
-20
-19
-21
-17
-16
-18
-19
-22
-30
-30
-35
-34
-28
-22
-18
-21
-19
-23
-24
-22
-19
-15
-22
-19
-14
-8
-6
-6
-5
-5
0
2
1
1
7
10
18
16
13
18
15
27
39
42
50
50
49
46
42
37
37
45
54
55
55
54
63
70
69
70
69
62
58
69
66
68
62
60
66
66
68
73
73
71
68
62
56
54
51
48
51
46
39
45
40
39
40
34
38
41
45
43
31
27
28
22
21
22
18
16
25
35
37
43
45
46
47
45
41
39
41
42
33
33
31
24
32
27
29
28
30
34
35
33
30
33
26
25
27
30
27
28
33
33
34
29
26
23
19
16
22
15
7
7
7
5
-2
-5
-7
-12
-12
-10
-7
-10
-16
-19
-15
-15
-21
-32
-37
-31
-38
-39
-39
-40
-46
-45
-42
-42
-36
-37
-39
-34
-34
-37
-32
-31
-25
-20
-20
-12
-14
-10
-9
-11
-9
-8
-3
-3
-7
-8
-6
-3
-2
-4
-7
-12
-6
0
-3
-5
-1
-3
2
-1
-5
-4
1
0
-6
-7
-13
-15
-20
-25
-24
-23
-24
-21
-25
-25
-17
-20
-20
-26
-32
-33
-31
-30
-33
-36
-41
-43
-44
-47
-45
-50
-52
-48
-49
-52
-49
-49
-56
-52
-53
-49
-49
-48
-48
-46
-40
-52
-54
-64
-72
-71
-65
-51
-49
-46
-42
-42
-36
-38
-41
-41
-45
-42
-41
-46
-48
-50
-46
-47
-43
-43
-44
-41
-43
-41
-37
-35
-37
-39
-44
-43
-40
-35
-34
-33
-32
-28
-25
-22
-23
-19
-17
-10
-4
-3
2
-3
3
5
2
4
6
6
9
7
6
9
8
8
10
12
10
11
14
15
13
8
12
14
16
21
17
18
13
16
23
20
18
19
22
21
21
27
30
29
32
32
35
34
31
39
33
30
32
30
27
21
21
23
26
32
34
36
36
29
34
37
38
34
30
27
30
34
31
33
30
31
35
33
33
29
23
26
27
29
33
28
25
24
22
24
21
20
15
10
11
14
19
22
25
29
29
28
28
23
22
24
28
28
28
31
33
28
24
29
22
24
26
26
28
24
16
9
5
2
2
1
9
9
9
10
9
15
15
16
9
15
18
23
30
28
26
25
33
32
33
35
39
41
44
57
58
58
61
58
59
60
57
60
58
61
60
59
55
56
51
44
49
48
53
54
54
47
52
55
53
57
48
50
49
46
44
44
40
37
29
21
26
22
18
12
3
-2
-7
-1
-4
-6
-7
-7
-13
-18
-17
-19
-20
-18
-21
-29
-35
-36
-41
-39
-43
-52
-48
-53
-52
-53
-53
-50
-52
-49
-39
-38
-41
-38
-39
-38
-36
-38
-39
-41
-40
-38
-39
-42
-41
-40
-43
-39
-39
-38
-28
-28
-32
-34
-32
-40
-41
-43
-46
-44
-47
-50
-53
-50
-44
-43
-49
-49
-45
-47
-47
-48
-55
-58
-65
-63
-56
-53
-51
-49
-48
-48
-53
-54
-53
-60
-58
-61
-61
-59
-50
-49
-51
-54
-52
-43
-39
-33
-35
-31
-30
-32
-36
-37
-36
-36
-26
-22
-19
-13
-11
-8
-10
-5
-4
1
6
8
15
15
16
13
9
6
9
14
15
17
15
16
21
23
21
12
14
13
9
10
13
5
8
4
2
10
4
3
2
-1
-4
-3
-1
-4
-7
-6
-4
-12
-20
-20
-17
-15
-10
-7
-5
-6
-9
-7
-8
-8
-9
-7
-11
-16
-14
-16
-15
-10
-5
-3
-5
-1
1
-3
-12
-17
-19
-12
-7
-5
-3
-6
-4
1
-2
2
2
2
-4
-9
-6
-2
6
16
22
23
23
27
27
27
25
22
20
12
18
25
30
25
29
35
37
35
40
42
42
47
48
40
36
46
45
48
47
54
51
50
52
55
56
58
58
48
49
47
46
50
50
43
44
44
44
48
48
43
33
34
32
33
28
26
26
21
25
27
29
30
33
36
32
31
30
21
18
15
7
12
9
20
25
23
22
20
26
27
27
31
34
37
43
38
42
43
39
38
39
46
51
55
60
60
48
46
44
43
46
46
48
47
44
41
35
28
27
26
17
11
0
-6
0
-5
-8
-11
-14
-12
-11
-11
-14
-16
-19
-23
-37
-42
-41
-45
-44
-48
-55
-49
-50
-48
-48
-52
-46
-42
-40
-37
-43
-46
-53
-58
-55
-59
-59
-55
-46
-40
-41
-28
-24
-28
-28
-31
-36
-41
-41
-36
-42
-38
-31
-30
-30
-33
-31
-35
-33
-33
-31
-26
-23
-26
-32
-33
-34
-39
-38
-35
-25
-31
-39
-29
-34
-33
-32
-28
-28
-28
-28
-35
-43
-49
-50
-55
-46
-45
-42
-40
-45
-45
-38
-31
-28
-29
-30
-27
-28
-22
-23
-27
-29
-34
-38
-35
-31
-34
-27
-23
-19
-13
-7
-4
-2
2
2
4
14
16
12
11
8
7
10
15
3
6
7
5
5
6
13
13
16
13
15
10
6
1
1
2
-6
-11
-5
1
-5
-6
-7
-7
-13
-13
-15
-17
-13
-16
-23
-18
-19
-24
-23
-19
-27
-26
-23
-23
-17
-18
-17
-12
-13
-8
-10
-9
-4
2
7
9
13
16
16
14
17
14
15
15
20
20
17
18
20
24
20
21
20
24
23
17
18
11
4
8
7
7
13
15
17
14
13
14
9
2
2
3
3
5
3
2
-1
-4
2
2
-2
11
9
15
17
19
28
29
26
20
16
16
23
20
19
19
18
21
23
27
29
31
33
27
28
30
32
34
35
32
30
31
35
41
48
49
48
44
49
45
47
47
44
45
41
43
39
34
38
38
28
25
29
28
26
22
19
21
13
10
6
3
8
1
9
4
0
4
7
6
4
4
3
3
7
12
2
11
16
16
21
22
24
21
20
21
21
18
13
11
17
17
22
25
31
32
23
22
23
20
15
13
17
21
19
16
14
14
18
18
23
22
21
18
20
22
15
10
8
6
2
4
3
2
3
5
3
3
7
3
3
2
1
1
-2
-4
-12
-16
-16
-14
-11
-9
-15
-14
-11
-14
-14
-10
-11
-11
-15
-19
-16
-21
-18
-15
-15
-17
-16
-12
-7
-7
-3
-1
-4
-10
-13
-18
-25
-30
-31
-29
-29
-27
-28
-27
-25
-25
-31
-22
-25
-32
-34
-35
-38
-40
-46
-51
-48
-45
-39
-43
-37
-34
-35
-33
-33
-27
-26
-25
-23
-29
-24
-27
-27
-21
-23
-15
-12
-13
-8
-8
-1
1
5
4
0
-2
-5
-8
-3
5
0
1
-3
-3
0
-2
0
1
4
9
5
9
6
-2
-7
-7
-6
-11
-9
-7
-10
-12
-11
-12
-16
-15
-15
-17
-19
-16
-20
-18
-17
-20
-16
-21
-25
-16
-17
-21
-27
-34
-40
-45
-41
-32
-30
-26
-26
-31
-24
-22
-22
-26
-31
-26
-27
-26
-22
-26
-30
-31
-35
-33
-28
-31
-26
-25
-18
-14
-16
-11
-15
-14
-20
-19
-14
-18
-7
-6
2
10
7
9
12
11
10
17
13
13
18
18
24
26
21
20
23
24
27
22
21
24
24
26
20
27
28
28
30
27
30
30
29
35
31
26
20
17
21
17
21
21
21
23
21
22
17
11
13
-3
-3
-1
-5
-5
-4
-6
-5
0
5
8
14
16
10
11
12
10
9
6
10
9
10
14
11
15
13
21
27
32
33
34
35
27
25
23
24
26
27
24
25
22
23
24
21
27
31
28
32
32
30
31
33
26
28
32
25
29
20
23
23
16
20
18
19
15
20
22
20
25
23
23
24
23
15
13
7
7
1
-3
-6
-13
-10
-8
-9
-6
-6
-9
-9
-6
-4
-5
-9
-4
-8
-2
-1
-3
4
1
1
4
5
-1
5
3
2
2
0
-4
5
11
3
4
1
4
1
-1
-6
-11
-10
-17
-21
-24
-17
-15
-14
-13
-15
-13
-14
-15
-16
-14
-10
-14
-16
-15
-14
-20
-21
-19
-18
-9
-7
-4
-2
3
2
-5
-4
-10
-15
-13
-9
-6
-1
1
3
4
-1
-1
-2
-9
-16
-23
-20
-20
-23
-23
-20
-16
-15
-18
-26
-18
-15
-19
-26
-29
-30
-37
-36
-38
-33
-32
-27
-26
-29
-28
-29
-33
-34
-38
-27
-22
-21
-15
-16
-16
-11
-3
-5
-8
-3
-1
-2
5
-4
-8
-10
-8
-10
-13
-8
-3
-1
-3
-4
-7
-3
-11
-20
-21
-23
-21
-27
-28
-24
-30
-30
-31
-31
-27
-22
-21
-31
-33
-30
-41
-50
-48
-51
-52
-49
-50
-46
-43
-42
-44
-48
-49
-50
-54
-48
-43
-39
-37
-40
-33
-28
-20
-18
-22
-12
-8
2
7
10
20
19
18
36
34
39
40
49
48
54
48
69
60
64
68
35
74
29
126
28
-33
127
148
92
6
-29
70
57
64
98
34
29
32
14
19
59
74
64
18
-14
-5
29
46
29
-12
-10
14
27
12
-14
-31
-26
-11
-32
-19
-10
-12
0
-22
-15
-4
-5
-27
-14
28
-10
-28
30
33
-38
-20
43
32
-16
16
27
13
13
12
18
19
28
28
8
2
36
31
18
25
15
24
25
22
25
15
29
36
20
28
34
32
32
19
21
31
39
29
21
32
28
27
28
29
21
19
24
17
10
4
5
4
4
13
9
1
8
10
3
3
0
5
3
10
-10
-15
14
9
-3
-8
2
9
19
14
8
17
16
16
13
13
1
-5
5
-2
0
1
9
16
17
10
6
13
2
3
10
7
19
11
10
9
6
11
3
3
-2
0
-2
-3
4
17
4
-6
4
-1
-3
10
16
6
5
7
7
11
2
-8
-1
0
-7
-13
-6
-3
-10
-8
-11
-8
1
1
-4
4
-16
-28
-4
-21
-23
-22
-25
-13
-27
-32
-35
-40
-26
-31
-35
-33
-34
-28
-44
-49
-55
-54
-41
-41
-51
-57
-46
-45
-41
-46
-48
-46
-37
-21
-32
-36
-41
-31
-26
-27
-23
-26
-11
-11
-16
-13
-12
-11
-10
-7
-5
1
4
5
2
-3
-1
3
3
-6
-9
-10
-10
-11
-12
-17
-26
-20
-12
-16
-23
-18
-19
-19
-24
-19
-20
-43
-31
-21
-30
-36
-35
-23
-19
-21
-26
-25
-15
-7
-12
-17
-22
-26
-24
-18
-26
-35
-27
-24
-14
-13
-12
-2
-1
3
4
-6
-12
-7
-2
-4
-21
-19
-11
-9
-4
-9
-5
-11
3
17
11
13
13
26
24
12
13
3
5
9
15
21
18
22
6
16
21
13
18
25
28
20
24
27
25
26
27
15
21
31
18
15
14
23
25
22
14
7
10
13
17
3
0
12
16
12
4
6
7
6
11
13
8
-2
0
3
1
0
2
-9
-12
0
8
3
-3
10
7
11
21
20
9
5
11
20
26
34
33
25
29
31
35
31
35
33
39
43
41
31
28
36
29
36
39
42
37
36
39
45
44
38
41
41
49
48
45
36
30
32
34
35
34
35
27
23
25
19
19
17
15
16
25
20
6
4
4
5
8
4
2
5
5
8
8
2
-5
-8
-1
-9
-18
-14
-21
-20
-15
-16
-11
-9
-3
-7
-9
-7
1
9
8
1
-6
-6
-5
-1
0
-5
-13
-3
-4
-11
-3
1
-1
-3
-6
-7
-9
-9
-13
-17
-20
-22
-12
-17
-19
-25
-21
-10
-8
-13
-24
-23
-21
-18
-14
-15
-14
-5
1
-3
-6
-4
-5
-12
-11
-14
-17
-5
1
2
-6
-10
-6
3
12
5
1
10
9
2
2
-7
-11
5
9
2
-2
-12
-5
1
-8
-8
-8
-11
-9
-6
-11
-19
-21
-22
-27
-19
-14
-18
-18
-20
-13
-15
-11
-11
-8
-8
-13
-4
-3
1
-7
-2
-4
3
7
2
-3
-15
-7
-5
-7
-5
-6
-16
-18
-16
-20
-14
-14
-18
-16
-22
-19
-15
-23
-25
-19
-16
-16
-11
-21
-25
-13
-15
-23
-24
-24
-22
-21
-18
-21
-22
-20
-22
-26
-29
-25
-25
-22
-23
-29
-30
-30
-31
-33
-29
-27
-29
-18
-24
-36
-32
-29
-33
-35
-42
-42
-38
-37
-33
-31
-33
-37
-24
-21
-27
-24
-20
-23
-24
-27
-20
-15
-10
-6
-5
1
3
3
1
2
2
10
6
1
6
3
3
-1
1
4
6
9
12
13
19
19
26
30
22
17
19
23
20
19
18
21
23
23
26
34
34
31
33
32
33
32
29
28
30
30
31
33
27
36
44
41
40
35
31
32
35
28
30
26
17
19
16
18
19
22
15
9
15
12
10
11
12
11
10
10
1
6
13
16
18
15
21
18
17
12
16
11
14
15
9
17
14
24
28
20
28
33
39
46
42
35
23
27
29
30
27
25
37
35
40
48
41
36
39
38
41
42
43
36
25
6
14
15
-3
10
1
6
17
9
7
6
7
9
-1
1
-2
-9
-6
-16
-10
-8
-18
-20
-24
-34
-27
-28
-21
-33
-72
-47
-46
-46
-25
-39
-31
-44
-47
-22
-8
10
23
24
11
6
17
30
38
55
64
55
47
56
52
55
69
60
55
54
54
42
32
29
21
14
6
14
12
7
6
-2
1
9
13
17
18
17
21
24
21
22
20
15
16
15
17
16
12
14
16
14
10
7
0
-14
-11
-9
-18
-27
-32
-34
-36
-37
-40
-42
-40
-39
-40
-40
-40
-40
-47
-46
-37
-28
-24
-24
-24
-29
-30
-32
-32
-37
-41
-42
-42
-45
-44
-42
-48
-54
-61
-60
-63
-62
-56
-58
-55
-60
-58
-48
-51
-55
-59
-55
-51
-56
-61
-57
-53
-50
-42
-49
-53
-48
-41
-35
-32
-38
-41
-34
-37
-35
-28
-25
-34
-31
-28
-23
-24
-24
-12
-16
-19
-11
-10
-14
-18
-23
-24
-24
-17
-20
-22
-13
-5
-6
-13
-17
-20
-9
-3
-10
-11
-11
-11
-6
-8
-7
0
4
4
1
9
13
11
11
6
-4
-9
-5
-13
-19
-19
-19
-18
-16
-11
-17
-18
-11
-16
-14
-4
-6
-9
-12
-11
-8
-11
-19
-20
-14
-16
-14
-9
-4
0
3
8
12
14
18
26
27
26
28
28
29
34
30
29
30
29
31
35
38
36
37
35
35
36
42
50
41
31
39
42
43
39
38
42
37
43
45
44
44
42
40
37
35
34
31
39
42
40
42
44
44
42
45
39
43
48
51
50
52
54
44
36
35
34
41
33
26
25
22
22
23
27
24
22
23
24
27
28
30
33
36
37
36
32
31
29
27
25
30
31
25
28
28
27
23
24
22
24
26
25
20
20
20
12
13
12
17
17
14
15
11
16
11
17
13
9
7
2
2
-5
-4
-7
-9
-6
-14
-23
-29
-33
-32
-33
-30
-29
-28
-33
-29
-22
-24
-23
-27
-23
-13
-15
-12
-16
-11
-4
-8
-6
-8
-3
0
10
9
8
3
2
6
4
0
-2
1
6
4
6
2
2
5
2
1
0
5
4
3
4
5
5
-2
-5
-4
1
11
7
7
6
5
10
10
7
0
-1
-1
-2
-5
-7
-9
-15
-17
-23
-27
-28
-30
-32
-36
-40
-42
-46
-40
-46
-50
-49
-54
-57
-60
-64
-64
-68
-71
-70
-73
-71
-72
-70
-63
-62
-57
-65
-63
-56
-57
-55
-52
-49
-50
-48
-48
-52
-52
-49
-49
-38
-26
-28
-26
-30
-26
-26
-30
-28
-32
-31
-39
-37
-38
-35
-32
-37
-36
-33
-33
-29
-22
-23
-17
-14
-16
-20
-20
-14
-17
-23
-18
-12
-11
-9
-2
-5
-4
1
-3
-2
5
-3
-4
-10
-12
-15
-19
-11
-15
-13
-16
-14
-11
-8
2
6
3
4
3
-2
-4
-1
-1
-4
-4
-4
-9
-6
-2
1
3
1
13
14
18
21
24
27
20
11
13
18
15
22
20
19
24
16
13
21
23
35
40
34
32
26
19
21
17
15
19
20
23
24
30
27
34
38
27
28
33
29
25
24
30
31
28
37
39
38
44
52
49
42
40
43
46
44
45
46
43
41
42
41
50
53
50
48
42
37
42
48
49
44
43
49
51
52
46
45
43
44
41
39
35
31
31
26
28
29
27
24
23
22
21
24
24
17
22
28
21
22
23
18
21
25
30
32
33
36
33
32
33
25
28
32
30
39
44
45
52
50
38
35
32
37
41
39
36
30
30
27
26
23
18
18
17
15
16
9
-1
-1
-6
-10
-14
-19
-14
-13
-18
-20
-26
-37
-40
-42
-41
-35
-36
-32
-34
-38
-36
-36
-38
-38
-32
-33
-30
-23
-24
-25
-30
-26
-24
-24
-30
-28
-25
-28
-20
-13
-8
-14
-15
-13
-15
-10
-16
-17
-17
-23
-20
-13
-10
-14
-7
-11
-10
-10
-8
-6
-2
0
-7
-15
-21
-17
-19
-16
-17
-19
-22
-24
-28
-25
-28
-30
-23
-30
-24
-26
-29
-36
-42
-39
-43
-39
-42
-41
-42
-49
-59
-59
-56
-55
-59
-58
-51
-48
-50
-51
-42
-41
-40
-39
-38
-38
-40
-38
-39
-38
-38
-35
-30
-28
-22
-18
-22
-17
-18
-21
-20
-18
-16
-12
-15
-16
-5
-6
-2
2
8
3
3
1
-8
-9
-14
-15
-21
-16
-12
-9
-13
-16
-14
-14
-9
-8
-4
-7
-9
-8
-17
-21
-17
-15
-11
-8
-14
-13
-14
-16
-15
-16
-11
-14
-14
-17
-13
-19
-18
-12
-20
-20
-27
-24
-18
-20
-16
-10
-15
-17
-24
-30
-32
-32
-28
-32
-24
-20
-27
-19
-23
-19
-14
-14
-9
-11
-10
-19
-20
-13
-23
-17
-13
-12
-3
3
-2
-2
7
7
8
19
36
39
40
45
47
54
52
55
59
64
71
76
81
83
90
90
90
87
92
94
90
88
87
85
85
78
73
73
72
71
70
73
70
64
61
58
59
65
61
58
54
50
42
38
43
43
46
50
53
46
43
41
35
34
32
25
24
21
18
15
8
9
14
19
23
26
29
36
33
27
20
14
15
29
27
23
30
24
28
26
24
33
36
32
25
22
24
28
28
27
22
22
30
34
39
39
29
34
37
38
43
39
34
28
24
29
34
37
36
31
31
21
11
17
13
6
10
2
2
-6
-3
-4
-13
-6
-1
-3
-12
-11
-16
-26
-30
-35
-30
-23
-27
-27
-31
-38
-31
-28
-24
-19
-24
-31
-33
-29
-26
-39
-47
-44
-43
-39
-36
-34
-35
-41
-49
-56
-51
-52
-55
-46
-51
-50
-55
-57
-56
-66
-64
-57
-43
-40
-36
-40
-49
-54
-45
-40
-32
-36
-36
-36
-36
-37
-32
-27
-31
-33
-32
-27
-30
-35
-37
-30
-31
-25
-28
-22
-20
-23
-23
-32
-33
-35
-34
-31
-30
-26
-38
-49
-52
-52
-53
-46
-40
-52
-57
-59
-67
-64
-67
-67
-57
-58
-51
-52
-44
-40
-46
-49
-49
-46
-51
-41
-40
-48
-55
-65
-59
-56
-47
-36
-24
-23
-18
-30
-37
-28
-21
-11
-25
-27
-25
-29
-35
-32
-24
-25
-34
-27
-12
-6
-8
-13
-8
-14
-19
-18
-11
-2
-1
-1
2
2
-5
-1
3
-6
1
11
10
19
19
21
21
4
10
12
16
22
16
19
18
17
10
14
19
16
15
13
23
27
22
23
18
12
11
19
22
17
24
26
23
28
34
38
44
37
40
47
46
52
50
49
50
47
51
55
56
63
65
63
65
65
67
71
67
56
57
52
49
57
57
57
55
50
49
60
61
61
62
66
69
65
53
44
52
60
63
63
64
60
57
45
46
53
52
55
55
53
47
36
30
29
32
37
38
34
23
13
10
9
9
15
13
6
5
7
9
6
-1
-2
-3
4
6
2
6
10
8
5
9
13
10
11
20
21
21
19
18
28
34
31
23
20
23
21
27
37
38
36
29
23
16
14
17
24
34
31
25
17
12
9
13
26
33
30
25
20
9
8
10
13
12
-2
1
5
9
6
-2
-5
-9
-11
-10
-10
-3
-3
-13
-8
-10
-11
-5
-4
-2
-3
-7
-10
-4
-1
-10
-25
-38
-37
-37
-41
-33
-27
-34
-47
-52
-49
-39
-28
-26
-32
-37
-48
-56
-54
-60
-64
-55
-56
-59
-51
-54
-58
-65
-65
-56
-46
-40
-47
-49
-62
-77
-82
-81
-71
-62
-50
-51
-61
-63
-64
-63
-60
-55
-40
-36
-37
-37
-44
-41
-35
-34
-22
-7
7
6
-1
-12
-23
-25
-26
-9
4
1
-12
-19
-17
-20
-22
-26
-18
-22
-32
-34
-32
-30
-31
-35
-39
-42
-43
-41
-38
-35
-43
-47
-47
-48
-50
-40
-31
-25
-30
-32
-27
-31
-30
-30
-15
-3
-13
-21
-13
1
-6
-2
2
5
-2
-10
2
17
21
9
10
9
8
4
8
25
32
33
25
19
15
19
21
35
36
39
31
9
4
-6
-1
14
28
28
22
13
8
-8
-22
-4
15
19
-1
-10
1
4
-5
-15
-5
15
8
-8
-10
-10
-7
-7
5
15
7
5
3
-2
-3
-3
16
22
16
12
14
21
10
6
15
29
30
23
30
36
32
18
24
40
44
30
25
33
24
19
30
45
49
22
6
15
22
20
14
17
10
5
-7
-1
9
13
-3
-9
4
11
18
21
15
2
-10
-2
17
28
34
24
19
15
7
21
43
59
62
45
43
43
34
36
44
58
63
63
60
60
53
50
45
43
53
47
43
46
53
59
61
51
47
45
40
34
38
50
49
39
23
12
16
17
10
21
39
36
26
9
15
18
10
12
25
33
15
7
12
12
7
6
16
26
14
7
6
6
0
-19
0
19
13
4
5
19
21
12
13
13
9
-1
-6
10
17
2
-1
10
8
-11
-21
-4
14
14
5
-2
2
-10
-41
-45
-28
-23
-35
-40
-30
-39
-62
-56
-44
-46
-55
-56
-34
-43
-62
-83
-74
-55
-64
-68
-61
-44
-48
-72
-75
-54
-51
-45
-42
-39
-31
-40
-45
-41
-35
-38
-31
-24
-30
-33
-34
-29
-24
-18
-14
-8
-12
-18
-13
-14
-8
-14
-20
-13
-8
1
9
5
-6
-12
-15
-23
-17
-13
-12
-15
-22
-22
-29
-41
-34
-25
-15
-17
-24
-18
-29
-41
-44
-35
-23
-15
-9
-9
-15
-24
-41
-40
-31
-25
-32
-32
-35
-45
-52
-60
-59
-44
-35
-35
-29
-24
-27
-47
-54
-47
-32
-16
-12
-10
-15
-21
-35
-38
-29
-16
-8
-16
-22
-21
-18
-33
-36
-29
-21
-13
-11
-16
-21
-36
-40
-37
-32
5
22
20
14
3
-2
-3
-1
11
30
32
31
31
31
29
32
32
34
39
42
44
44
47
33
29
27
26
40
47
46
42
31
25
21
15
15
25
44
36
20
27
37
22
4
9
19
15
5
2
-4
-9
-16
-17
-4
-1
11
18
12
11
1
-6
-1
5
-8
-4
4
-2
-2
0
4
13
13
7
14
21
34
18
5
11
11
15
16
21
23
32
34
26
27
21
11
16
21
15
11
11
18
22
19
28
35
44
38
42
53
56
51
37
35
37
43
47
44
33
29
25
28
39
42
53
49
38
29
24
26
28
27
34
39
30
35
32
27
28
14
20
37
29
18
12
14
15
14
22
30
31
25
18
12
5
9
23
33
34
21
19
20
9
1
7
25
43
35
18
13
6
-6
-5
10
18
23
13
-4
-13
-12
-4
2
18
25
17
-1
0
10
-3
1
5
4
4
7
8
9
4
-3
-10
13
38
32
25
38
35
15
-1
1
16
18
14
11
4
-6
-14
-25
-20
-5
-1
2
-3
-23
-38
-40
-36
-34
-28
-17
-14
-30
-51
-65
-56
-44
-34
-13
-16
-25
-41
-57
-61
-56
-49
-39
-29
-36
-54
-65
-59
-57
-58
-55
-45
-39
-40
-46
-48
-42
-48
-44
-33
-22
3
5
-13
-18
-25
-20
-14
-20
-19
-19
-18
-20
-19
-12
-8
-18
-21
-12
-17
-13
2
6
-3
-3
-10
-19
-21
-23
-21
-17
-22
-23
-29
-28
-33
-46
-45
-45
-44
-37
-42
-46
-41
-45
-61
-57
-50
-62
-65
-67
-62
-53
-55
-59
-63
-59
-50
-47
-47
-47
-43
-42
-35
-27
-26
-28
-34
-34
-39
-38
-18
-5
-10
-23
-19
-26
-28
-18
-21
5
14
10
8
0
-4
-13
-7
11
28
32
26
18
14
14
16
22
37
44
48
39
25
31
24
24
33
40
48
43
38
30
29
40
41
43
48
48
35
20
18
23
25
26
31
28
26
18
26
25
25
41
39
32
24
20
25
14
4
5
18
24
14
7
19
28
10
3
19
30
26
26
37
30
7
-4
13
25
13
9
22
30
16
2
10
23
24
19
15
30
49
39
43
56
55
43
31
25
41
37
22
33
42
39
30
33
50
65
57
50
46
43
45
50
63
70
66
57
51
43
45
52
59
54
42
35
28
17
9
12
24
38
36
37
34
28
22
15
15
13
16
16
11
6
5
5
5
-7
-8
-1
-1
-6
-12
-18
-28
-33
-23
-13
-8
-15
-11
-12
-24
-26
-32
-33
-28
-25
-40
-36
-23
-23
-22
-18
0
7
8
-7
0
17
17
1
-17
-4
-5
-10
-3
1
6
10
2
-2
11
8
17
18
12
17
13
16
12
-6
-14
-13
-10
-10
-15
-5
-7
-14
-16
-24
-22
-15
-11
-5
-13
-18
-32
-42
-45
-47
-48
-50
-48
-57
-72
-80
-71
-79
-83
-83
-86
-91
-86
-76
-71
-65
-63
-62
-73
-70
-56
-42
-36
-32
-32
-36
-47
-59
-46
-35
-31
-23
-31
-49
-63
-76
-65
-47
-31
-18
-14
-20
-37
-51
-48
-39
-29
-16
-13
-14
-20
-31
-38
-23
-4
7
19
33
23
2
-6
0
13
4
-1
12
9
-12
-15
-7
0
5
-7
-3
12
20
8
-14
-19
-2
3
-14
-7
7
1
-14
-12
13
16
2
-10
-11
0
-7
-18
-7
-3
-17
-15
-22
-19
-31
-46
-37
-25
-17
-18
-16
-20
-36
-43
-37
-29
-20
-20
-10
1
-7
-20
-17
2
12
6
8
17
17
-3
2
20
32
39
35
39
42
31
13
17
36
51
55
53
55
45
40
37
58
71
68
61
41
31
35
40
37
39
47
46
38
37
31
29
39
33
30
30
30
38
32
19
15
26
30
33
34
40
36
22
7
10
20
19
19
17
18
-3
-20
-16
-5
5
10
14
16
19
14
3
10
27
29
14
24
35
28
18
13
32
62
66
50
59
66
61
48
35
45
58
56
46
48
51
47
28
32
50
56
54
55
62
47
32
22
41
52
50
47
44
41
25
34
25
19
12
10
15
11
14
25
22
4
-1
1
5
13
18
14
15
10
-13
-22
-17
-5
-11
-22
-18
-14
-16
-26
-32
-23
-5
-5
-5
-9
-14
-13
-22
-24
-12
8
11
-2
-5
5
17
6
1
1
1
3
0
0
0
12
2
14
40
41
42
27
16
23
26
28
34
44
41
28
13
16
23
24
28
17
12
0
-10
-17
-35
-32
-22
-15
-24
-39
-39
-36
-40
-42
-42
-38
-42
-55
-66
-77
-78
-85
-81
-77
-66
-69
-82
-79
-79
-83
-90
-81
-72
-74
-94
-107
-96
-91
-89
-78
-64
-59
-62
-62
-54
-63
-59
-58
-56
-56
-55
-42
-38
-42
-46
-40
-24
-18
-11
-1
3
1
-10
-13
0
12
4
-6
-12
1
11
12
18
18
15
7
-8
-8
-10
-6
1
6
1
-21
-22
-22
-10
-5
1
13
13
8
-14
-26
-30
-30
-35
-35
-19
-16
-35
-48
-38
-29
-30
-35
-26
-19
-19
-26
-22
-21
-30
-38
-30
-16
-23
-41
-47
-40
-49
-57
-41
-27
-35
-49
-43
-30
-19
-21
-25
-12
-9
-14
-22
-22
-11
-5
-4
11
27
28
25
24
25
21
19
31
51
56
54
41
32
38
36
37
54
77
80
68
56
48
38
25
26
40
61
59
37
28
15
9
6
18
39
43
32
22
17
9
4
-3
7
23
23
23
14
11
0
-18
-17
-6
8
20
15
10
15
10
4
8
24
20
13
18
27
32
23
15
23
30
28
35
43
35
22
15
26
30
36
39
40
38
30
26
30
36
32
33
33
38
41
41
39
41
41
37
38
39
43
50
41
30
29
34
32
27
25
30
37
36
40
43
39
32
23
28
42
35
24
23
18
15
12
16
28
42
45
46
39
27
25
28
21
26
28
30
36
22
14
21
25
25
25
16
15
15
12
8
10
13
18
13
17
24
21
17
17
24
21
0
-2
-2
-3
-6
-17
-14
-13
-21
-32
-28
-12
-12
-23
-31
-29
-24
-35
-29
-20
-15
-19
-30
-22
-29
-32
-34
-32
-30
-33
-33
-31
-29
-32
-33
-24
-27
-43
-51
-52
-45
-43
-46
-48
-37
-26
-30
-34
-42
-40
-47
-48
-34
-22
-18
-31
-40
-34
-33
-40
-40
-32
-32
-39
-48
-48
-36
-43
-62
-70
-51
-32
-30
-38
-44
-42
-47
-60
-57
-45
-32
-38
-42
-46
-39
-31
-31
-31
-31
-33
-42
-38
-36
-44
-48
-41
-37
-32
-36
-42
-35
-42
-43
-33
-27
-24
-33
-37
-31
-22
-17
-15
-7
0
-18
-32
-21
-18
-22
-29
-20
-5
-5
-15
-16
-14
-22
-31
-17
3
11
3
-5
-10
-5
4
3
12
9
4
5
8
11
7
3
-1
8
-1
0
9
7
11
-7
-18
-20
-8
13
16
17
15
7
8
-1
-1
10
18
21
18
27
17
5
11
13
18
20
27
34
25
11
14
20
28
24
31
41
39
23
11
12
23
25
23
30
39
38
19
16
16
20
22
15
22
22
11
1
-5
-7
-4
6
26
37
32
28
29
21
17
24
27
30
27
27
30
29
28
27
32
34
41
49
53
52
45
32
24
35
39
36
41
43
41
43
41
46
52
50
54
57
56
47
41
44
42
29
32
36
32
26
22
26
34
36
35
37
37
35
32
34
42
43
43
39
40
42
39
50
51
52
51
52
48
49
58
49
53
46
37
36
29
30
29
26
25
20
17
10
19
28
24
20
14
11
5
7
15
15
12
8
3
-3
-4
-7
-7
-10
-11
-10
-8
-2
-8
-15
-9
-2
-4
-8
-7
-10
-13
-17
-16
-6
-7
-17
-24
-17
-7
-3
-3
1
-5
-18
-17
-16
-15
-27
-40
-48
-39
-36
-40
-37
-35
-37
-40
-40
-42
-50
-60
-66
-66
-55
-55
-55
-49
-54
-50
-43
-33
-38
-42
-41
-40
-37
-46
-52
-53
-52
-52
-45
-30
-22
-26
-21
-6
6
6
1
-3
-5
-6
-16
-12
1
-1
-11
-21
-20
-8
-6
-6
-5
3
-5
-16
-16
-18
-16
-21
-28
-35
-29
-34
-41
-37
-30
-28
-37
-43
-44
-47
-51
-57
-44
-40
-47
-51
-52
-50
-53
-52
-59
-59
-56
-60
-59
-63
-56
-56
-55
-56
-53
-45
-49
-62
-65
-60
-59
-56
-55
-48
-51
-47
-39
-36
-34
-27
-17
-15
-19
-26
-22
-12
-15
-22
-21
-14
-6
-9
0
16
25
21
17
10
11
13
15
20
16
15
11
5
0
7
17
28
32
29
32
32
30
20
11
17
8
9
5
2
3
1
5
5
10
17
21
21
26
22
14
11
14
22
18
19
30
40
39
36
29
41
47
43
46
45
46
39
41
36
36
39
39
43
42
39
43
50
40
44
49
48
48
43
48
50
49
44
44
51
45
41
46
51
45
43
29
27
30
24
26
32
36
39
32
26
35
30
21
23
29
35
33
29
22
17
14
11
9
17
19
11
4
1
-1
-6
-2
3
5
-2
-8
-6
0
1
-6
-10
-15
-17
-12
0
10
8
11
17
17
15
20
23
28
28
32
32
31
28
33
40
43
47
44
47
48
47
42
42
48
52
47
36
36
31
25
16
17
25
27
26
21
26
28
23
18
22
32
29
21
10
11
5
-10
-5
3
2
-2
-6
-2
1
-11
-15
-14
0
7
4
0
-9
-13
-26
-32
-25
-20
-20
-19
-26
-26
-27
-25
-29
-29
-26
-23
-21
-30
-40
-53
-51
-55
-56
-61
-60
-49
-53
-57
-50
-45
-52
-59
-68
-60
-48
-54
-60
-59
-58
-66
-70
-69
-55
-56
-69
-76
-62
-59
-67
-63
-58
-53
-57
-55
-54
-47
-47
-54
-50
-41
-37
-39
-42
-40
-42
-44
-39
-31
-27
-26
-29
-32
-30
-35
-31
-28
-29
-28
-28
-32
-37
-38
-42
-40
-36
-33
-29
-29
-29
-27
-26
-30
-35
-34
-29
-26
-29
-26
-19
-18
-17
-18
-19
-11
-3
-2
5
5
-3
-10
-16
-9
5
8
9
13
18
12
12
13
14
20
30
38
42
41
38
36
34
37
32
29
33
33
31
27
23
17
15
14
20
27
30
26
22
23
25
38
43
45
40
37
28
28
25
18
15
4
6
0
4
2
-7
-3
-1
1
3
-3
-11
-12
-25
-30
-32
-25
-20
-26
-21
-24
-21
-31
-34
-31
-28
-22
-23
-13
-7
-6
-12
-26
-19
-4
5
11
9
14
12
2
-6
0
9
10
12
15
25
29
29
33
37
42
45
44
49
52
49
37
38
41
46
57
63
67
63
60
53
49
47
53
57
53
45
43
45
44
44
49
53
53
48
46
52
53
52
48
51
56
59
64
71
72
67
58
60
59
52
42
38
43
37
32
27
22
24
20
23
34
45
40
30
17
7
13
10
5
14
17
20
19
15
12
15
18
14
12
15
19
18
14
6
10
24
29
39
41
37
39
38
36
27
24
31
37
33
25
27
23
13
4
8
8
-2
-12
-17
-16
-22
-24
-20
-15
-24
-26
-29
-26
-24
-28
-30
-28
-24
-36
-40
-49
-52
-52
-55
-43
-32
-25
-25
-27
-28
-25
-23
-19
-16
-20
-22
-24
-22
-28
-38
-36
-32
-30
-32
-30
-20
-19
-29
-31
-38
-26
-21
-29
-24
-24
-24
-32
-34
-31
-32
-33
-34
-30
-29
-27
-30
-30
-30
-31
-25
-19
-25
-22
-24
-24
-26
-35
-34
-29
-27
-34
-38
-42
-45
-43
-46
-43
-42
-40
-39
-51
-55
-53
-55
-57
-57
-51
-56
-65
-66
-66
-67
-68
-69
-67
-56
-54
-62
-58
-47
-50
-59
-61
-47
-37
-45
-48
-43
-42
-43
-41
-32
-18
-15
-20
-31
-23
-20
-16
-12
-5
6
5
2
-1
7
5
8
17
20
13
12
11
8
10
12
21
19
17
19
14
10
5
8
9
18
23
21
23
21
14
11
14
17
18
14
17
8
-3
-1
3
17
20
20
27
33
25
13
8
5
2
-3
1
1
0
-11
-20
-17
-17
-11
-7
4
4
-2
-4
-9
-20
-23
-16
-12
-11
-9
-9
-15
-10
-9
-1
7
13
17
20
20
16
20
21
23
20
16
17
30
34
28
28
34
39
47
54
51
46
47
48
42
49
54
54
49
46
51
55
53
50
47
49
51
50
50
54
53
56
55
50
46
44
36
30
26
27
26
25
28
25
34
33
30
34
28
29
36
38
35
35
27
25
25
21
20
25
27
28
34
38
39
37
33
38
40
40
37
27
24
18
25
36
43
43
38
36
40
39
41
44
34
23
26
27
25
23
20
32
41
40
35
36
37
28
24
13
4
6
-3
-8
-9
-12
-15
-16
-16
-17
-17
-23
-19
-17
-22
-27
-32
-40
-42
-36
-35
-33
-29
-26
-27
-25
-26
-28
-34
-32
-25
-22
-17
-14
-11
-13
-20
-17
-14
-14
-6
-12
-19
-18
-19
-12
-15
-13
-4
-8
-1
-2
2
-4
-11
-15
-19
-18
-18
-10
-14
-17
-14
-9
-17
-22
-22
-22
-21
-21
-22
-22
-26
-31
-33
-34
-36
-40
-42
-47
-46
-53
-50
-47
-48
-48
-55
-59
-62
-61
-63
-63
-60
-52
-48
-49
-50
-57
-62
-56
-61
-65
-63
-58
-50
-51
-45
-50
-51
-47
-47
-35
-27
-36
-43
-43
-39
-38
-39
-41
-37
-31
-36
-39
-39
-35
-36
-41
-31
-29
-27
-29
-27
-21
-22
-17
-21
-22
-24
-24
-24
-20
-17
-21
-22
-17
-6
-3
-3
-3
-2
1
-1
-1
-5
-6
-5
-6
-8
-6
-4
2
4
2
8
4
-1
6
7
8
11
11
11
5
2
3
1
9
11
7
6
4
6
-2
2
7
8
8
6
13
9
7
7
6
4
8
23
24
21
21
22
27
24
20
22
30
28
34
37
27
23
18
18
16
24
33
41
44
40
44
46
40
32
25
24
31
38
38
37
34
37
40
43
47
51
52
46
41
39
42
39
37
37
39
48
44
43
44
49
53
52
53
53
56
57
47
47
46
50
48
37
38
38
38
37
33
38
36
34
35
33
31
29
29
30
31
28
27
29
32
35
32
33
32
29
36
35
31
31
25
31
29
25
24
10
6
6
17
26
28
28
27
34
37
32
23
16
4
-3
-7
-2
1
4
7
5
9
9
14
21
21
23
22
16
10
7
8
9
6
-1
-1
0
1
8
-3
-3
-1
0
0
-2
1
-3
-2
3
11
5
2
0
4
5
7
3
-3
-8
-16
-18
-27
-27
-25
-27
-22
-22
-17
-11
-15
-13
-16
-19
-20
-23
-26
-30
-29
-28
-26
-24
-31
-31
-27
-26
-25
-22
-20
-16
-13
-15
-22
-19
-20
-27
-30
-30
-29
-32
-30
-34
-33
-32
-28
-24
-20
-18
-19
-16
-17
-19
-26
-30
-38
-36
-35
-38
-37
-36
-37
-33
-36
-41
-41
-45
-44
-45
-51
-57
-50
-48
-49
-52
-61
-62
-56
-50
-52
-54
-46
-49
-49
-47
-52
-52
-53
-42
-39
-46
-40
-42
-42
-38
-36
-28
-25
-24
-23
-23
-13
-12
-14
-6
-9
-12
-15
-14
-10
-7
-11
-13
-6
-2
4
7
0
-2
-4
0
1
3
2
0
-1
2
11
12
5
-4
-6
-12
-12
-11
-4
1
4
10
3
0
-3
-1
-4
0
3
-4
-3
1
-1
-4
-5
-13
-6
-5
-7
-5
-1
-4
0
2
-2
7
5
2
7
9
11
12
9
13
21
23
27
29
24
17
20
21
19
22
23
24
19
17
23
30
37
45
45
49
49
48
48
49
45
47
45
43
46
46
52
51
54
53
50
47
46
46
49
42
36
38
34
42
36
32
29
21
26
23
21
23
18
17
12
6
12
17
13
10
4
1
-2
-5
-5
-12
-14
-18
-23
-26
-23
-25
-26
-22
-23
-19
-17
-20
-18
-19
-25
-26
-26
-18
-9
-6
-10
-6
-2
1
4
5
8
12
22
25
29
27
32
32
33
41
45
53
49
52
62
65
65
58
53
49
54
55
56
54
52
58
57
61
54
51
48
46
42
34
23
12
6
2
1
-5
-9
-8
-9
-7
-14
-11
-11
-15
-19
-25
-28
-31
-34
-41
-47
-51
-49
-41
-38
-39
-34
-33
-39
-40
-36
-31
-31
-25
-28
-23
-21
-19
-20
-29
-35
-28
-25
-22
-15
-21
-22
-33
-26
-24
-24
-20
-16
-16
-23
-25
-32
-36
-38
-35
-38
-38
-33
-34
-36
-42
-43
-37
-32
-32
-30
-30
-38
-46
-45
-41
-38
-31
-30
-31
-20
-24
-27
-30
-34
-28
-27
-18
-18
-15
-15
-15
-14
-14
-10
-7
-2
-3
-6
-9
-11
-11
-14
-14
-12
-8
-9
-9
-9
-8
-6
-6
-3
-5
-9
-13
-15
-18
-13
-12
-12
-11
-8
-7
-9
-8
-12
-13
-17
-10
-6
-11
-14
-18
-17
-11
-8
-2
8
8
10
5
3
6
8
5
5
5
1
4
1
-4
-5
-1
5
12
11
9
20
20
17
14
10
5
1
-1
4
9
9
14
20
16
20
15
9
6
-4
-6
-2
3
-4
-1
-4
-8
-12
-16
-10
-4
-3
-6
-12
-22
-27
-28
-30
-33
-30
-22
-16
-8
-5
-3
-3
4
9
6
2
2
2
7
7
8
17
14
20
25
27
39
41
43
45
41
37
37
34
32
36
35
28
35
32
35
36
34
30
23
24
18
16
15
17
15
10
14
11
10
14
13
8
1
-1
0
-7
-8
-7
-14
-13
-15
-11
-6
-7
-8
-1
2
-1
1
-4
-5
-3
-3
-6
-4
1
0
3
3
8
13
15
19
20
22
19
20
23
23
29
34
34
32
27
30
31
36
29
27
30
21
19
23
22
25
26
24
27
23
22
20
15
20
23
23
28
35
36
36
37
32
36
31
30
30
25
25
28
35
34
41
43
43
42
43
41
33
28
32
29
25
28
25
25
25
29
28
28
31
35
31
24
23
15
15
11
3
4
1
0
-2
-3
-4
1
2
4
9
13
12
0
1
-4
-12
-18
-17
-18
-17
-22
-22
-21
-19
-18
-21
-24
-25
-27
-33
-32
-32
-29
-35
-41
-48
-52
-51
-50
-46
-39
-29
-27
-25
-25
-27
-28
-32
-35
-34
-39
-38
-40
-38
-38
-34
-27
-29
-23
-18
-17
-16
-16
-18
-15
-18
-22
-16
-14
-14
-13
-10
-9
-2
-4
-3
2
0
-5
-7
-5
-8
-12
-11
-13
-12
-6
-9
-10
-7
-6
-4
-4
-9
-20
-20
-16
-11
-8
-9
-10
-10
-5
-4
-7
-12
-7
-16
-15
-16
-17
-16
-21
-20
-20
-20
-16
-12
-26
-33
-29
-31
-24
-20
-20
-24
-23
-20
-24
-20
-22
-24
-30
-31
-27
-27
-25
-23
-18
-24
-20
-19
-23
-25
-39
-48
-50
-49
-49
-48
-53
-54
-52
-48
-43
-48
-52
-55
-58
-50
-45
-42
-42
-40
-41
-48
-44
-44
-41
-32
-26
-21
-20
-19
-19
-22
-20
-19
-20
-15
-18
-16
-10
-4
1
6
15
15
14
14
16
18
19
10
12
11
18
23
25
33
40
44
47
48
43
46
46
44
42
33
37
35
39
43
38
36
34
37
34
30
30
30
27
33
27
29
28
17
21
22
24
24
21
19
25
23
20
16
14
17
12
11
15
18
24
23
30
30
32
30
32
32
30
40
38
40
35
34
28
31
38
39
39
38
42
40
36
35
38
35
32
33
30
32
32
30
33
35
39
34
34
34
33
33
30
35
32
32
33
29
25
22
21
18
19
20
20
19
20
21
20
20
19
19
16
16
10
2
5
12
9
10
0
-8
-4
0
4
3
5
4
8
2
-4
2
-2
-2
0
-3
0
4
8
7
9
5
2
2
1
-3
0
2
1
2
1
0
-4
-7
-2
1
3
1
-8
-9
-15
-19
-16
-13
-6
-3
-2
-2
2
0
3
2
-2
-4
3
6
4
-4
-11
-11
-14
-15
-13
-12
-12
-10
-9
-7
-10
-13
-11
-11
-14
-17
-19
-22
-16
-12
-9
-11
-15
-15
-17
-19
-16
-23
-26
-17
-21
-24
-31
-35
-37
-39
-45
-43
-41
-44
-43
-48
-48
-47
-44
-46
-52
-51
-49
-45
-50
-50
-51
-52
-49
-54
-47
-45
-55
-53
-54
-56
-59
-50
-47
-46
-40
-40
-32
-31
-29
-30
-42
-39
-34
-33
-32
-37
-39
-41
-40
-35
-31
-25
-20
-17
-12
-12
-13
-15
-20
-20
-16
-12
-15
-23
-25
-27
-25
-25
-24
-24
-23
-13
-9
-17
-24
-29
-28
-33
-33
-31
-23
-17
-16
-9
-12
-15
-21
-20
-22
-26
-14
-6
0
2
10
13
13
15
18
27
33
37
38
38
39
43
40
42
50
51
55
62
67
69
63
59
54
43
42
44
46
41
44
46
44
46
43
42
39
35
26
15
17
18
16
17
13
10
11
11
14
13
22
21
16
14
9
9
8
0
3
10
17
22
17
18
17
19
18
19
23
19
15
14
14
10
18
12
8
10
11
15
15
12
10
15
13
13
18
10
9
21
25
24
30
24
27
31
29
33
35
34
31
38
39
41
39
46
44
46
49
46
49
50
53
53
45
41
44
48
50
49
45
41
44
45
43
42
34
36
35
30
36
31
30
32
31
36
35
30
30
28
25
24
21
20
21
20
18
14
9
7
7
4
5
6
2
0
0
3
2
8
3
-2
-7
-7
-8
-12
-10
-19
-17
-17
-18
-10
-15
-18
-24
-19
-14
-14
-11
-12
-1
-3
-9
-11
-10
-7
-7
-8
-12
-8
-4
-6
-9
-5
-6
-11
-10
-12
-14
-15
-20
-20
-23
-18
-22
-24
-22
-27
-29
-34
-35
-42
-43
-47
-49
-47
-46
-46
-47
-47
-48
-45
-46
-40
-43
-47
-49
-46
-44
-47
-35
-40
-41
-35
-32
-30
-29
-22
-24
-28
-29
-27
-24
-22
-23
-21
-22
-20
-19
-15
-13
-18
-19
-19
-18
-12
-11
-15
-18
-23
-21
-18
-21
-23
-34
-42
-34
-25
-28
-31
-28
-23
-25
-28
-30
-26
-27
-34
-31
-38
-32
-24
-19
-24
-33
-24
-24
-23
-19
-23
-24
-28
-24
-21
-19
-12
-16
-17
-15
-12
-6
0
1
6
12
14
20
24
16
11
4
1
3
-3
-8
0
-2
-1
7
-2
0
5
2
1
3
-1
-1
-1
-3
-1
-3
-10
-3
-8
-10
-10
-15
-11
-7
-11
-8
-10
-13
-4
-3
-1
1
3
3
1
-8
-11
-11
-10
-9
-8
-5
-9
-9
-9
-12
-16
-22
-15
-10
0
6
1
-1
4
4
10
15
17
21
17
17
14
16
13
18
21
14
20
17
22
24
22
28
25
27
26
36
33
31
33
33
34
28
29
25
17
24
27
31
29
31
34
31
35
38
41
44
41
45
39
40
43
42
59
71
70
36
-7
-21
21
93
147
153
94
32
-6
-7
37
106
156
141
73
-1
-26
5
53
104
115
102
82
55
26
11
20
43
63
73
58
26
-4
-17
-12
2
17
28
24
9
-8
-10
-11
-13
-7
-14
-19
-25
-22
-25
-24
-25
-26
-15
-19
-26
-28
-36
-29
-21
-21
-22
-31
-33
-38
-39
-31
-28
-24
-25
-22
-12
-15
-24
-28
-32
-31
-29
-29
-27
-25
-26
-24
-22
-23
-25
-20
-13
-14
-23
-18
-16
-17
-17
-19
-13
-12
-6
-7
-16
-18
-20
-23
-20
-17
-23
-32
-32
-34
-37
-31
-31
-33
-36
-40
-39
-39
-35
-28
-29
-36
-34
-42
-42
-35
-38
-33
-35
-32
-35
-27
-22
-26
-17
-13
-15
-13
-11
-12
-5
4
4
6
0
-7
-10
-14
-13
-13
-8
-8
-9
-7
-13
-9
-5
-1
-3
0
6
12
8
8
8
2
4
2
-3
3
5
7
7
3
7
5
4
0
0
3
8
11
6
1
-4
-7
0
-1
-1
6
3
-3
-12
-22
-32
-35
-31
-27
-34
-32
-27
-36
-42
-48
-55
-51
-52
-52
-54
-60
-61
-62
-61
-62
-55
-51
-51
-47
-48
-45
-37
-35
-42
-47
-48
-47
-43
-32
-22
-16
-13
-13
-12
-11
-6
-7
-8
-8
-3
7
9
11
19
24
28
25
25
23
27
33
39
43
38
38
35
38
40
34
39
36
44
47
41
36
36
33
36
37
30
29
25
25
17
12
15
6
6
6
8
13
10
6
-5
-8
-5
-3
4
-1
-5
-9
-16
-12
-6
-8
-12
-14
-18
-15
-9
-5
0
10
5
5
14
16
29
39
44
44
48
49
43
38
36
41
49
58
65
62
57
67
69
77
81
78
72
66
74
71
77
73
69
65
62
70
76
71
65
62
58
62
58
55
52
46
47
45
40
38
40
32
33
21
18
26
19
18
8
2
2
-5
-8
-5
-6
-11
-8
-8
-19
-20
-23
-30
-34
-26
-23
-23
-16
-13
-18
-15
-9
-14
-12
-14
-12
-10
-13
-7
-7
-8
-4
2
1
-1
-5
-8
-2
-6
-2
-2
-6
4
11
15
15
15
19
17
19
16
17
11
6
9
16
15
8
4
-2
0
4
-1
-9
-4
-2
-2
-4
-8
-9
-11
-9
-9
-7
-10
-9
-4
-5
-6
-16
-27
-23
-21
-17
-12
-23
-33
-42
-41
-37
-33
-28
-25
-27
-29
-26
-22
-19
-17
-21
-21
-23
-25
-25
-28
-32
-30
-31
-28
-26
-24
-20
-19
-21
-24
-27
-26
-21
-21
-18
-17
-18
-16
-21
-22
-20
-17
-8
-12
-14
-16
-16
-10
-4
-2
3
1
-4
-11
-15
-8
-6
-9
-10
-16
-15
-18
-22
-21
-23
-20
-27
-33
-34
-30
-26
-30
-34
-44
-46
-45
-49
-48
-46
-45
-43
-40
-45
-53
-55
-54
-48
-51
-52
-57
-57
-55
-57
-55
-47
-49
-44
-39
-45
-38
-44
-50
-48
-44
-44
-48
-44
-47
-38
-39
-39
-34
-29
-23
-22
-19
-15
-14
-22
-23
-24
-20
-22
-19
-17
-17
-19
-21
-16
-5
2
6
8
6
9
9
16
14
18
19
26
25
24
28
27
32
28
35
39
35
33
32
29
35
35
34
43
44
45
42
42
35
29
28
30
34
34
36
34
28
21
16
16
22
22
20
19
18
19
24
33
34
35
38
34
36
35
39
38
36
41
41
42
46
53
48
55
63
62
64
62
64
59
61
61
62
56
45
48
47
52
58
64
61
58
62
65
67
66
63
57
49
47
49
48
44
44
42
39
41
42
42
43
38
31
23
13
8
8
6
-1
-3
0
0
-4
-20
-24
-27
-31
-27
-30
-28
-28
-32
-40
-39
-33
-27
-26
-32
-34
-29
-24
-20
-16
-30
-37
-34
-33
-27
-23
-17
-12
-7
-7
-3
-3
-2
1
-2
-6
-2
-4
-2
-6
-8
-5
-3
1
6
9
9
11
10
10
9
12
10
10
16
19
15
10
10
9
13
21
22
24
15
7
1
1
9
9
11
14
8
2
9
5
4
0
-7
-5
-9
-9
-15
-12
2
-5
-11
-9
-18
-12
-9
-12
-13
-22
-25
-22
-22
-25
-30
-33
-25
-24
-23
-14
-17
-17
-17
-25
-31
-31
-31
-33
-41
-47
-40
-43
-41
-38
-41
-37
-39
-35
-30
-34
-46
-51
-44
-45
-44
-36
-38
-41
-41
-36
-42
-41
-34
-38
-37
-37
-45
-47
-45
-41
-42
-43
-48
-50
-44
-44
-42
-41
-46
-46
-39
-38
-36
-27
-27
-25
-27
-18
-14
-17
-19
-22
-18
-13
-8
-8
-15
-18
-14
-13
-8
-10
-13
-18
-21
-22
-22
-23
-23
-24
-26
-26
-32
-26
-23
-25
-15
-17
-20
-14
-12
-15
-22
-21
-16
-9
-2
-5
0
-1
-4
2
9
15
16
17
16
19
22
19
16
13
15
13
12
28
33
32
31
29
35
36
34
29
35
41
31
37
42
37
41
43
37
34
36
35
30
24
26
20
19
17
12
9
12
21
23
26
26
22
19
18
14
4
-3
-7
-10
-9
-2
-3
2
6
11
8
11
19
17
14
9
9
9
13
11
5
10
14
20
25
18
23
25
27
29
26
32
23
19
27
24
29
34
31
36
40
38
41
40
35
31
38
37
38
40
38
43
51
51
54
59
56
55
51
52
54
60
64
64
73
71
68
63
61
66
68
69
74
68
65
60
53
60
58
50
51
51
41
39
43
51
50
45
41
35
33
27
27
25
17
14
10
8
9
6
5
0
-1
4
-5
-4
-14
-21
-20
-23
-21
-25
-30
-33
-33
-35
-38
-34
-31
-31
-24
-22
-26
-24
-19
-22
-18
-15
-18
-10
-14
-10
-15
-12
-17
-16
-11
-15
-9
-11
-7
-10
-10
-7
-9
-17
-18
-13
-12
-17
-15
-18
-26
-24
-24
-18
-18
-20
-23
-24
-28
-26
-24
-29
-29
-30
-32
-32
-26
-27
-33
-31
-34
-38
-43
-40
-33
-37
-36
-35
-36
-39
-37
-38
-34
-32
-34
-32
-25
-23
-29
-33
-40
-44
-50
-48
-48
-39
-42
-44
-43
-42
-45
-43
-44
-48
-43
-40
-33
-39
-37
-42
-47
-52
-45
-40
-46
-40
-38
-33
-21
-23
-21
-15
-15
-19
-18
-15
-15
-10
-7
-9
-6
-4
-1
-2
-1
5
0
3
3
4
5
8
6
6
9
6
2
6
2
-5
-6
-9
-7
-10
-16
-19
-24
-23
-20
-20
-18
-20
-24
-26
-24
-27
-30
-26
-31
-31
-33
-37
-36
-38
-42
-46
-45
-48
-48
-42
-42
-37
-34
-33
-30
-21
-24
-25
-25
-27
-27
-20
-16
-16
-14
-8
-1
4
5
13
15
16
15
17
20
17
24
26
30
38
42
43
46
49
53
53
60
59
55
57
54
58
60
59
60
56
56
60
62
61
60
58
52
49
45
45
46
51
54
46
43
44
39
29
32
37
24
26
20
14
20
19
24
20
17
22
15
10
13
11
11
7
5
4
2
0
-7
-2
-4
-2
-2
-8
0
1
3
4
5
10
17
13
12
10
6
4
2
3
6
6
3
7
9
21
16
10
15
12
11
8
2
10
17
13
16
13
14
21
22
18
21
26
21
23
21
19
16
16
6
2
5
6
6
12
10
6
5
3
5
4
10
16
18
20
24
23
33
37
38
38
41
45
45
47
55
60
64
71
73
81
81
81
84
88
91
92
87
82
78
77
76
76
75
70
66
63
58
52
42
34
25
17
12
2
-5
-9
-20
-25
-34
-34
-34
-43
-49
-56
-68
-71
-72
-81
-92
-102
-110
-113
-115
-125
-132
-135
-137
-137
-141
-143
-146
-149
-152
-157
-163
-165
-169
-168
-167
-171
-170
-168
-172
-173
-179
-177
-176
-183
-192
-198
-188
-175
-162
-147
-127
-104
-79
-65
-47
-19
7
28
43
58
80
91
98
107
113
119
123
124
126
125
124
125
132
135
141
146
146
144
140
138
138
144
143
141
145
150
151
151
147
134
131
128
120
117
111
99
94
94
90
86
75
68
71
64
61
53
41
30
18
10
-2
-8
-22
-40
-47
-55
-73
-84
-99
-111
-118
-130
-132
-143
-152
-163
-171
-176
-182
-185
-192
-196
-203
-210
-208
-215
-221
-228
-233
-229
-227
-228
-227
-222
-216
-217
-216
-220
-218
-215
-218
-210
-208
-196
-191
-198
-201
-205
-193
-168
-149
-120
-90
-72
-53
-21
21
64
98
128
165
187
197
217
230
241
251
246
258
278
277
267
257
253
263
269
272
280
273
280
285
283
277
268
262
260
268
263
257
243
221
200
192
195
189
178
165
158
148
135
116
110
101
92
94
94
92
74
57
43
32
17
7
1
-8
-12
-22
-40
-53
-70
-89
-100
-98
-92
-94
-101
-108
-117
-120
-120
-123
-125
-134
-138
-146
-159
-171
-180
-181
-182
-183
-180
-186
-189
-196
-196
-193
-196
-198
-202
-198
-197
-195
-201
-203
-193
-197
-205
-218
-222
-210
-191
-167
-145
-114
-95
-73
-37
12
70
112
137
163
190
222
244
256
262
273
283
292
301
304
292
281
272
282
309
306
289
272
286
326
340
325
305
272
259
262
273
282
265
238
203
170
170
172
162
144
121
113
109
92
67
41
28
31
37
40
32
3
-30
-46
-54
-55
-71
-90
-104
-120
-138
-166
-186
-207
-211
-210
-215
-215
-228
-237
-245
-248
-248
-255
-249
-252
-251
-262
-267
-281
-292
-290
-294
-289
-293
-291
-294
-296
-302
-309
-314
-308
-312
-310
-309
-310
-315
-326
-321
-309
-292
-301
-325
-323
-297
-271
-258
-235
-198
-157
-115
-72
-6
67
118
146
187
237
277
290
293
307
326
344
350
366
373
352
333
334
360
380
383
379
375
372
374
366
352
338
328
328
343
345
323
297
263
236
216
201
188
167
150
132
115
98
55
21
4
1
3
0
-8
-31
-59
-85
-98
-106
-124
-144
-162
-173
-189
-221
-253
-276
-299
-305
-305
-310
-308
-315
-320
-324
-322
-317
-315
-309
-307
-302
-301
-298
-312
-314
-306
-296
-285
-279
-277
-274
-268
-265
-252
-251
-249
-237
-229
-227
-222
-221
-217
-206
-181
-164
-181
-216
-222
-187
-147
-120
-93
-52
-5
36
73
141
220
273
310
345
407
458
472
475
485
502
514
513
512
513
486
463
460
464
468
459
444
448
447
434
411
386
368
355
353
350
338
303
264
232
202
179
154
139
116
90
70
48
18
-16
-40
-56
-50
-44
-42
-48
-71
-91
-111
-124
-136
-154
-178
-191
-205
-218
-239
-267
-283
-294
-290
-279
-270
-273
-277
-276
-271
-265
-253
-246
-241
-232
-230
-222
-221
-230
-227
-218
-200
-193
-189
-193
-194
-194
-190
-183
-171
-157
-160
-150
-150
-145
-145
-147
-134
-118
-111
-143
-190
-195
-163
-133
-118
-94
-50
-1
31
77
154
224
280
310
361
415
453
452
445
467
487
490
482
475
460
440
411
412
420
419
411
395
400
395
374
346
322
296
281
278
280
263
220
179
138
106
73
51
33
6
-20
-39
-53
-87
-124
-160
-163
-153
-154
-162
-181
-202
-227
-242
-256
-256
-269
-282
-294
-300
-313
-342
-373
-393
-396
-385
-370
-360
-359
-357
-347
-341
-322
-315
-307
-296
-284
-267
-270
-273
-271
-269
-260
-247
-224
-213
-202
-197
-198
-198
-191
-180
-185
-172
-170
-165
-159
-164
-163
-139
-123
-144
-186
-214
-190
-162
-139
-121
-86
-36
-7
26
93
181
246
282
318
386
445
468
459
452
479
497
498
499
497
472
434
412
414
423
417
402
394
396
380
359
335
307
286
278
291
280
251
209
159
113
78
63
51
30
3
-22
-41
-62
-101
-146
-173
-172
-155
-155
-159
-171
-201
-225
-247
-257
-266
-282
-298
-307
-309
-324
-358
-389
-411
-417
-402
-379
-369
-361
-362
-361
-348
-329
-313
-298
-272
-247
-221
-214
-217
-212
-197
-178
-158
-131
-116
-104
-94
-85
-72
-63
-53
-42
-35
-18
-2
-10
-27
-9
17
0
-51
-88
-76
-39
-30
-35
-8
52
90
95
141
231
310
340
360
423
492
510
493
487
512
535
535
529
525
507
467
427
425
430
426
407
391
390
374
360
338
311
280
269
279
273
255
209
168
119
74
54
45
26
-7
-30
-41
-55
-88
-135
-163
-167
-156
-135
-128
-134
-154
-182
-203
-209
-213
-228
-245
-249
-250
-257
-276
-307
-336
-349
-341
-323
-308
-299
-310
-318
-308
-292
-270
-252
-235
-213
-182
-161
-153
-164
-161
-150
-139
-119
-104
-78
-71
-74
-65
-51
-39
-30
-17
-4
15
12
-9
-17
6
13
-26
-88
-112
-82
-63
-54
-41
2
38
52
75
149
244
296
310
340
397
447
448
432
424
438
448
444
448
443
414
358
335
339
342
327
303
295
288
272
255
228
190
156
151
157
157
138
104
57
2
-39
-55
-65
-86
-117
-128
-130
-141
-169
-217
-240
-250
-237
-219
-209
-206
-219
-236
-248
-252
-264
-282
-297
-283
-272
-267
-287
-328
-363
-374
-364
-346
-320
-298
-283
-278
-265
-247
-241
-234
-225
-199
-152
-129
-125
-130
-135
-130
-121
-93
-54
-28
-7
-1
6
18
22
19
6
-1
14
19
10
11
27
24
-26
-99
-130
-111
-123
-90
-54
-15
21
-15
11
74
166
193
124
196
359
448
480
192
175
436
547
292
-87
127
454
603
407
135
131
227
216
220
202
399
516
288
-66
-99
199
380
278
25
-55
33
166
99
-134
-298
-314
-232
-190
-205
-201
-210
-283
-374
-364
-344
-329
-280
-284
-313
-287
-182
-121
-185
-313
-377
-315
-205
-152
-118
-194
-275
-270
-269
-219
-230
-249
-234
-186
-101
-6
-6
-127
-229
-219
-106
-19
-18
-55
-60
-56
-19
-1
-36
-83
-112
-47
39
43
53
26
-39
-108
-121
-71
-47
24
120
139
85
-15
-18
-37
-146
-99
115
324
337
210
224
361
464
484
485
567
644
691
710
725
720
591
520
494
468
528
539
401
343
287
216
208
159
145
26
-23
98
207
122
-55
-127
-122
-126
-97
-85
-131
-224
-254
-205
-225
-262
-308
-352
-404
-394
-298
-217
-269
-363
-374
-325
-284
-240
-204
-220
-201
-113
-33
-49
-139
-166
-138
-151
-150
-97
-30
-64
-135
-124
-86
-76
-101
-154
-193
-178
-60
40
-12
-101
-156
-116
-68
-89
-60
-74
-66
-11
-28
35
-14
-43
-17
-36
14
78
129
143
18
-85
-48
-21
-26
-94
-78
65
231
229
114
-26
-77
-57
-7
131
298
343
243
240
457
650
611
518
561
742
785
713
739
822
770
527
382
496
577
455
270
173
145
108
49
14
-63
-203
-290
-227
-179
-225
-326
-430
-488
-517
-486
-428
-478
-586
-608
-524
-431
-404
-461
-508
-522
-508
-419
-259
-186
-216
-273
-244
-106
-6
17
-3
-18
44
137
182
146
62
9
-36
-12
8
57
-12
25
102
33
-80
-219
-328
-377
-431
-452
-360
-318
-293
-405
-562
-566
-435
-300
-255
-324
-469
-513
-456
-338
-332
-357
-467
-655
-777
-701
-534
-105
451
1360
2106
1436
552
499
933
1068
1214
2076
2591
1711
660
762
1423
1166
436
154
383
354
-113
-308
-384
-1076
-2133
-2244
-1493
-879
-970
-1224
-1105
-899
-842
-606
-179
80
159
415
1153
1800
1860
1423
1087
935
765
719
928
982
636
191
-111
-244
-599
-1073
-1356
-1418
-1266
-1014
-773
-601
-756
-1091
-1202
-994
-617
-295
-25
281
573
737
615
341
28
-234
-378
-242
66
202
-8
-358
-650
-874
-1086
-1175
-1095
-901
-679
-437
-162
-170
-336
-521
-433
-227
104
345
519
461
437
416
343
65
-266
-419
-508
12
1340
2797
2766
1397
41
40
216
162
626
1607
1664
395
-481
60
607
10
-800
-677
32
297
409
579
375
-538
-1178
-651
409
917
835
804
928
913
797
721
590
201
-72
243
913
1071
623
22
-403
-750
-905
-634
-130
-23
-229
-189
142
333
95
-221
-267
-221
-87
285
631
585
36
-504
-751
-873
-1027
-1080
-956
-706
-511
-343
-348
-573
-901
-1190
-1137
-825
-354
42
198
233
18
-243
-370
-618
-641
-584
-416
-95
-29
-80
-361
-724
-879
-940
-824
-607
-512
-362
-313
-142
-246
-445
-594
-346
975
2544
3577
3158
2061
1273
794
117
190
957
1514
551
-741
-851
-150
-210
-991
-1219
-685
-159
-22
524
1013
739
-141
-180
762
1679
1781
1609
1587
1520
1152
1006
993
760
90
-263
127
568
440
-10
-419
-662
-895
-751
-240
162
64
-107
157
528
518
294
27
-113
-366
-413
-165
-33
-343
-905
-1352
-1361
-1280
-1270
-1240
-1000
-685
-449
-330
-237
-280
-579
-884
-923
-727
-531
-418
-369
-422
-536
-679
-847
-854
-1045
-1147
-1030
-953
-716
-555
-665
-732
-923
-908
-676
-457
-334
-1
48
40
-200
-8
1363
3159
3768
2751
1385
948
662
-386
-665
187
562
-637
-1580
-977
244
-73
-866
-684
50
384
494
1076
1647
1137
297
492
1373
1698
1413
1280
1313
1025
549
524
621
328
-143
-154
386
649
408
206
174
-16
-268
-55
563
720
468
402
703
780
430
73
-51
-233
-489
-480
-168
-43
-401
-877
-1096
-1027
-1056
-1133
-1073
-851
-602
-405
-307
-315
-555
-796
-973
-1013
-928
-872
-870
-759
-695
-563
-467
-672
-1022
-1302
-1312
-1330
-1197
-1097
-1117
-1244
-1482
-1206
-999
-949
-705
-821
-567
-466
-396
681
2135
3669
3481
2221
1644
1286
236
-815
-649
147
-417
-1843
-1841
-343
320
-193
-328
251
671
305
784
1878
2213
1422
947
1563
2090
1714
1255
1231
943
159
-67
373
627
131
-299
194
688
703
602
855
911
568
582
1205
1745
1397
901
1079
1179
1027
727
527
325
-396
-789
-673
-479
-483
-716
-860
-827
-822
-826
-732
-685
-785
-729
-508
-293
-262
-469
-663
-885
-1043
-1026
-964
-953
-975
-905
-688
-563
-751
-1048
-1380
-1735
-1881
-1730
-1359
-1260
-1160
-901
-931
-929
-865
-776
-839
-1228
-1096
165
2416
4293
4125
2720
1714
1143
-93
-1325
-1238
-680
-1578
-3123
-2721
-659
399
-215
-546
226
715
409
724
1810
2143
1165
785
1791
2802
2502
1677
1289
808
-109
-665
-214
286
-25
-141
777
1766
1828
1397
1398
1296
677
496
1425
2305
2058
1484
1581
1779
1057
263
120
-53
-580
-971
-551
104
-58
-559
-791
-732
-660
-800
-741
-343
-132
-194
-190
-104
-151
-590
-1230
-1502
-1495
-1498
-1400
-1257
-1135
-1160
-1214
-1176
-1285
-1608
-2082
-2224
-2187
-2025
-1911
-1882
-1574
-1419
-1242
-893
-777
-779
-1142
-1251
-773
1038
3565
4232
3219
2013
1866
1231
-831
-1659
-1221
-1828
-3764
-4497
-2227
16
161
-107
856
1727
1092
435
937
1672
882
-56
817
2364
2819
2087
1634
1472
348
-991
-1210
-599
-545
-928
-173
1444
2419
2202
2092
2262
1734
774
532
1281
1599
1212
1160
1766
2123
1490
803
754
327
-492
-854
-372
166
-16
-163
249
438
57
-474
-668
-497
-581
-768
-689
-493
-536
-750
-898
-982
-1117
-1492
-1633
-1419
-1288
-1187
-1070
-1013
-857
-1141
-1661
-1750
-1966
-2248
-2245
-2019
-1559
-1279
-1046
-486
-687
-1242
-1459
-1505
-314
1825
3040
2772
1821
1861
1896
266
-934
-812
-1448
-3607
-5114
-3620
-1033
-379
-595
394
1848
2070
1413
1340
1711
908
-440
-229
1253
2162
1845
1648
2130
1855
592
-195
-213
-544
-1254
-1055
385
1704
2029
2222
2801
2873
2195
1483
1433
1284
547
270
896
1730
1895
1506
1500
1658
966
189
8
31
-195
-629
-161
803
941
490
45
-169
-332
-848
-1046
-839
-856
-945
-758
-424
-145
-372
-881
-1013
-1191
-1408
-1474
-1492
-1438
-1540
-1706
-1527
-1513
-1786
-1977
-2017
-1860
-1622
-1537
-1266
-1220
-1675
-1994
-1477
858
3138
3142
2001
1634
1943
877
-873
-732
-249
-2033
-4819
-4838
-2163
-679
-950
-606
1090
2074
1653
1629
2136
1599
-243
-1250
-175
1142
1302
1171
1662
2054
1489
794
547
-57
-1277
-1747
-701
744
1510
1893
2522
2997
2731
2294
2233
1979
983
73
154
928
1438
1462
1594
1916
1804
1298
927
813
426
-453
-905
-356
355
552
487
443
427
75
-418
-654
-839
-1131
-1281
-1036
-480
34
233
221
27
-402
-856
-1256
-1841
-2330
-2667
-2723
-2412
-2244
-2112
-1820
-1813
-1763
-1680
-1591
-1655
-1975
-2324
-1575
1134
3177
3019
1754
1777
2500
760
-1461
-1006
-743
-2815
-5855
-5443
-2119
-1158
-1732
-964
962
1881
1107
1118
1836
881
-1474
-2224
-609
792
660
552
1498
2071
1349
1140
1483
860
-933
-1931
-802
721
1206
1492
2324
2900
2639
2280
2486
2218
749
-518
-422
415
890
1151
1619
2270
2385
2115
2197
2043
1161
-71
-882
-547
-42
-48
182
475
816
831
445
249
-190
-1032
-1587
-1575
-983
-420
-89
353
625
474
34
-421
-1003
-1952
-2947
-3185
-2963
-2751
-2437
-1868
-1296
-1078
-1307
-1184
-1290
-1806
-2397
-2492
45
2658
2858
1733
1499
2600
1687
-1163
-1398
-756
-2486
-5684
-6287
-2966
-841
-1326
-1070
711
2074
1496
861
1436
1143
-970
-2640
-1785
-16
312
13
547
1648
1539
994
1220
1172
88
-1241
-1106
347
1200
1435
1928
2598
2729
2292
2235
2282
1310
-72
-473
137
604
743
1131
1821
2342
2320
2387
2639
2299
1164
-77
-351
103
38
-301
15
733
1094
814
621
695
188
-852
-1335
-946
-352
-146
44
763
1246
933
500
137
-624
-2003
-3069
-3303
-3062
-3118
-2870
-2055
-1399
-923
-956
-944
-1028
-1610
-2244
-727
2079
3218
2044
1254
2677
2491
-185
-1469
-810
-1958
-5605
-7351
-4673
-2022
-2146
-2076
84
2138
2131
1373
1751
1630
-534
-2531
-2249
-713
-362
-689
27
1376
1664
1245
1337
1249
232
-1047
-1099
48
864
1122
1691
2644
3146
2961
2703
2566
1617
72
-640
-328
136
198
491
1400
2217
2489
2596
2897
2750
1798
614
196
360
77
-543
-532
239
748
609
463
642
467
-242
-673
-313
130
78
129
733
1342
1307
752
327
-345
-1615
-2555
-3124
-3263
-3630
-3714
-2863
-1868
-1326
-693
-441
-573
-1007
-996
1519
3088
2316
831
1126
2355
1089
-1364
-913
-468
-3053
-6383
-6196
-3249
-2432
-3489
-2273
399
1557
1233
1353
2270
1238
-1274
-2264
-1268
-622
-1411
-1629
-549
495
537
672
1374
1012
-239
-882
-389
339
301
406
1301
2033
2390
2620
2905
2587
1154
5
-165
-9
-301
-562
26
880
1461
1842
2540
3052
2601
1623
990
932
735
-38
-574
-353
214
558
642
809
922
505
-50
-302
-110
72
-43
340
1027
1499
1570
1096
730
-126
-1352
-2206
-2790
-3167
-3507
-3545
-2649
-1594
-1158
-592
-182
-145
-304
1295
3449
3295
998
365
1821
1302
-1144
-1712
-717
-2079
-5512
-6312
-3681
-2418
-3427
-3165
-676
1213
1071
873
1753
1507
-573
-1842
-1143
-385
-1176
-1905
-1079
-194
-217
-68
608
581
-414
-915
-240
399
213
132
931
1786
2027
2163
2747
2868
1771
579
509
622
-54
-733
-413
437
813
986
1643
2350
2370
1802
1304
1193
1034
383
-365
-479
-74
335
487
577
746
737
497
215
-103
-87
38
237
677
1162
1660
1666
1331
915
346
-518
-1568
-2452
-2924
-3107
-3121
-2555
-1797
-884
-470
-252
-146
1199
3639
4281
2524
931
1877
2371
-32
-1854
-926
-885
-4013
-6321
-4508
-2193
-2766
-3669
-1706
734
1039
581
1213
1916
526
-1444
-1317
-241
-512
-1695
-1512
-305
-98
-629
-170
456
-176
-1185
-861
271
378
-219
86
1290
1954
1832
2082
2588
2150
789
48
451
400
-477
-758
-123
637
862
1094
1809
2143
1871
1346
1130
1270
1029
210
-455
-357
25
143
1
53
253
250
144
120
134
251
403
602
1102
1506
1765
1644
1219
831
110
-769
-1726
-2545
-2988
-3013
-2836
-2299
-1724
-847
-7
446
2747
5291
5363
3097
1693
2938
2346
-780
-2149
-1329
-2241
-5513
-6151
-3401
-1810
-3119
-3391
-653
1266
970
540
1217
1480
-384
-1773
-739
154
-777
-1964
-1287
156
-193
-1043
-586
-213
-1138
-1961
-1184
222
218
-353
420
1752
2127
1748
1949
2388
1659
253
-141
275
-198
-1139
-1093
-163
469
323
710
1576
1791
1468
1251
1369
1264
573
153
99
30
-225
-391
-296
-409
-545
-476
-144
-115
-366
-128
474
1004
1303
1462
1625
1487
884
291
-214
-1037
-1669
-2559
-2733
-2673
-2618
-2144
-1748
-1153
-665
1609
4681
5714
4195
2990
4169
3931
906
-699
-392
-1321
-5153
-6952
-4201
-2104
-3153
-3906
-1391
1491
1560
739
1438
1874
-165
-2246
-1506
228
-339
-1989
-1555
429
856
-181
-293
3
-887
-2282
-2181
-672
-446
-1332
-918
923
2209
2074
2063
2748
2268
711
49
482
186
-1392
-1866
-678
344
291
314
1363
1842
1197
648
926
1283
333
-743
-411
578
711
-11
-53
452
110
-768
-994
-392
-488
-1287
-1070
153
1232
1362
1434
1995
2124
1319
480
-74
-675
-1978
-2945
-3017
-2808
-2891
-2588
-1600
-498
2020
4826
5861
4683
4119
5460
4501
1095
-412
-7
-1520
-5541
-6456
-3607
-2079
-3250
-3450
-722
1397
1142
543
1234
1596
-292
-2201
-1453
186
-108
-1312
-728
1061
1174
143
168
439
-790
-2512
-2501
-1262
-1094
-1863
-1180
871
2124
2152
2445
3418
3049
1217
332
795
355
-1522
-2260
-1013
93
-173
-308
921
1632
997
269
539
1188
443
-686
-595
441
969
403
149
587
461
-613
-1487
-1374
-1354
-2034
-2186
-1082
508
1006
1342
2189
2859
2590
1362
628
-128
-1673
-3064
-3633
-3393
-3481
-3369
-2261
-494
2573
4704
5269
4402
4688
5991
4507
1673
663
577
-1442
-5012
-5147
-2828
-2381
-3490
-2951
-85
1474
842
428
1087
1149
-502
-1698
-807
96
-608
-1192
115
1826
1601
623
745
815
-442
-2050
-2216
-1524
-1897
-2569
-1678
432
1606
1482
1903
3070
2927
1440
693
1038
404
-1404
-2010
-854
2
-474
-551
590
1329
834
165
383
573
-369
-1232
-781
213
393
-10
244
933
714
-400
-1164
-1411
-1933
-2725
-2802
-1687
-509
115
743
1848
2759
2885
2184
1403
315
-1200
-2598
-3519
-3682
-4060
-4042
-3423
-709
3069
4783
4389
4040
5899
6607
3626
1410
1531
927
-2806
-5513
-3509
-1472
-2581
-3931
-1858
1199
1388
223
303
1099
155
-1858
-1721
1
301
-988
-850
1486
2864
1835
1016
1525
1289
-521
-1891
-1533
-1368
-2494
-2962
-1205
768
1014
767
1871
3123
2444
1160
1292
1662
241
-1480
-1259
-27
-108
-1080
-711
646
1026
294
-80
325
274
-820
-1390
-622
222
-65
-614
34
893
448
-801
-1343
-1388
-2177
-3159
-2921
-1869
-1232
-944
35
1649
2360
2254
1989
1707
680
-1062
-2240
-2867
-3796
-4735
-4301
-989
2029
2648
2714
4284
6629
5713
3238
2855
2811
144
-3696
-4211
-2048
-2004
-3433
-2949
-256
1517
1320
1428
1870
1163
-722
-1973
-1520
-1059
-1520
-1683
-529
1440
2701
2925
2976
2955
2433
1316
184
-607
-1535
-2746
-3142
-1927
-360
260
568
1560
2662
2683
1899
1608
1295
304
-614
-612
114
132
-414
-177
652
755
40
-284
72
-191
-1173
-1376
-387
158
-295
-446
365
1037
458
-603
-1002
-1452
-2384
-3332
-3450
-2784
-2357
-1926
-775
460
1472
1681
2062
1938
1330
82
-1284
-2239
-3446
-4100
-2816
-251
1087
596
1192
4500
5787
3829
2517
3556
2719
-1422
-4035
-2413
-1535
-3545
-4437
-1760
1051
1362
1145
2133
2800
1233
-764
-1113
-847
-1766
-3171
-2758
-773
574
1129
2213
3486
3707
3061
2598
2313
1230
-695
-2023
-2143
-1520
-1258
-1080
-67
1233
1783
1935
2487
2681
1581
360
233
464
-5
-561
-205
371
469
294
371
761
467
-474
-1063
-719
-262
-763
-1118
-322
550
378
-188
32
159
-1013
-2346
-2802
-2678
-3133
-3543
-2709
-1466
-577
-245
664
1809
2028
1411
366
-431
-1347
-2641
-2619
-774
387
-211
-671
1939
4664
3351
1424
2374
3451
691
-2971
-2641
-1011
-2534
-4523
-3080
135
902
310
1044
2627
2422
562
-504
-424
-981
-2393
-2998
-1923
-783
-543
57
1652
3078
3383
3157
3202
3044
2034
541
-291
-519
-1176
-1866
-1495
-81
636
533
1166
2359
2434
1533
1201
1469
1060
26
-185
453
742
232
-193
248
913
583
-448
-695
-100
-143
-1048
-1103
-22
437
-311
-591
77
211
-960
-2111
-2451
-2787
-3354
-3517
-2992
-2152
-1860
-1115
141
1072
1438
1185
854
147
-1328
-1028
862
895
-744
-1542
1405
3506
1651
621
2361
2866
-321
-3005
-1527
-539
-3063
-5152
-3118
-286
-107
-418
1033
2769
2187
659
626
807
-550
-2531
-3001
-2090
-1718
-1799
-969
630
1779
2236
2841
3385
3482
2723
1645
1218
1020
255
-946
-1201
-287
-40
-595
-168
1225
1639
1027
1056
1808
1833
933
658
1112
1130
512
36
443
1009
682
-157
-89
723
716
-267
-546
146
219
-633
-911
-234
-324
-1190
-1724
-1561
-1772
-2740
-3083
-2693
-2301
-2452
-2292
-1142
-2
439
400
765
826
141
509
1547
1583
-158
-835
1281
2208
726
162
1720
2120
-623
-2333
-1212
-927
-3330
-4926
-3338
-1357
-1171
-1276
80
1858
1953
1409
1389
1328
296
-1380
-1946
-1752
-2040
-2655
-2470
-1140
200
1159
1956
2694
3344
3311
2882
2571
2298
1494
161
-335
90
64
-655
-625
260
680
506
591
1112
1129
783
873
1254
1281
802
499
770
1173
952
343
451
1028
913
335
370
1002
636
-362
-560
-197
-486
-1534
-2033
-1867
-2084
-2560
-2950
-2534
-2068
-2197
-1876
-1559
-726
-646
-610
-200
1035
2446
2838
2044
1912
3111
3643
1921
813
1571
1677
-547
-2495
-1737
-1287
-3045
-4491
-3757
-2493
-2609
-2894
-1695
-136
400
180
824
1968
2066
917
115
369
191
-1022
-1843
-1656
-1214
-1119
-790
197
1178
1601
1781
2197
2663
2369
1415
878
782
352
-301
-338
78
-32
-75
657
1341
1178
788
1032
1282
1010
518
89
-20
91
209
131
167
716
1081
1016
1061
1432
1427
717
201
169
151
-437
-1333
-1725
-1777
-1908
-2196
-2630
-2755
-2589
-2641
-2398
-2005
-1510
-1016
-47
1288
2334
2617
3089
4191
4305
3597
3403
3610
2727
527
-816
-664
-1270
-2955
-3924
-3593
-3273
-3578
-3635
-2948
-2219
-2132
-2002
-1397
-528
48
40
144
764
1397
1566
1368
1320
1429
1194
655
298
492
486
-182
-738
-502
0
-95
-439
-204
145
121
27
274
585
561
410
455
767
1118
1171
837
620
699
715
362
35
-89
-208
-255
-7
391
604
594
730
910
1080
975
558
31
-442
-621
-984
-1267
-1718
-1856
-1808
-1869
-1674
-1935
-2004
-2087
-1939
-964
37
485
682
1293
3011
3910
3622
3624
4309
4328
2827
1556
1355
846
-878
-2289
-2286
-2131
-2676
-3062
-3010
-2602
-2527
-2433
-2250
-2330
-2344
-2180
-1941
-1659
-1256
-683
-66
656
1510
2542
3312
3508
3482
3432
3170
2280
1224
419
-381
-1470
-2383
-2516
-2462
-2655
-2539
-1845
-872
-206
288
998
1578
1735
1543
1467
1482
956
35
-510
-335
-282
-722
-769
-260
246
311
520
1045
1163
869
490
406
205
-332
-855
-1592
-1679
-1596
-1757
-2063
-2225
-1668
-1366
-1803
-1228
19
1120
934
734
2210
3546
3485
2712
3146
4017
3433
1991
1500
1778
1145
-374
-765
-476
-509
-1237
-1517
-1151
-1205
-1529
-1623
-1713
-1909
-2218
-2214
-2220
-2392
-2319
-1953
-1476
-1248
-719
259
1363
2146
2652
3451
4262
4562
4379
3899
3339
2248
729
-547
-1462
-2293
-3413
-4157
-3881
-3068
-2459
-2009
-865
442
1096
1340
1689
2032
1604
780
322
33
-468
-1060
-1254
-1048
-703
-292
49
348
498
736
956
807
306
-261
-690
-1072
-1631
-2173
-2544
-2760
-2857
-2865
-2214
-1178
-128
313
727
2070
3512
4018
3763
3907
4503
4136
2996
2222
1892
1027
-362
-979
-774
-772
-1370
-1605
-962
-382
-349
-443
-303
-303
-760
-1194
-1211
-1325
-1923
-2391
-2252
-1766
-1447
-1118
-453
376
1058
1731
2511
3183
3415
3303
3318
3412
3145
2312
1399
710
9
-839
-1605
-2071
-2469
-2869
-2816
-2346
-1743
-1332
-1028
-500
191
730
725
266
57
162
10
-585
-1038
-1043
-914
-1004
-818
-279
144
27
-186
-13
267
-102
-829
-1449
-1705
-2157
-2782
-3112
-3244
-2997
-2350
-1370
-614
234
1327
2628
3143
3636
4323
4752
4076
3197
2728
2411
1313
83
-658
-925
-1336
-1656
-1600
-1308
-1111
-1094
-728
-284
-104
-346
-518
-586
-721
-1060
-1294
-1479
-1534
-1331
-776
-275
99
665
1461
2135
2622
2969
3103
2929
2552
2296
1889
1290
583
2
-361
-534
-755
-918
-912
-703
-518
-335
-99
-60
-309
-528
-362
-371
-646
-941
-975
-957
-981
-923
-768
-702
-755
-682
-596
-383
-442
-588
-688
-621
-474
-662
-967
-1204
-1540
-1726
-2191
-2453
-2379
-2045
-1569
-1409
-854
297
1335
1843
2408
3440
4161
3816
3206
3005
2774
1766
567
-154
-649
-1205
-1671
-1710
-1606
-1641
-1487
-995
-602
-473
-542
-471
-479
-580
-642
-727
-976
-1243
-1026
-428
-60
147
586
1378
2154
2667
3150
3462
3377
3043
2693
2412
1820
846
-181
-817
-1058
-1240
-1470
-1405
-1019
-492
57
746
1347
1513
1418
1362
1316
909
234
-426
-963
-1344
-1576
-1619
-1666
-1640
-1394
-1036
-742
-660
-638
-643
-841
-967
-1002
-1122
-1308
-1698
-1606
-1607
-1693
-1580
-1142
-603
-498
-323
382
1184
1526
1781
2456
3026
2947
2549
2435
2328
1615
713
147
-233
-793
-1321
-1524
-1558
-1673
-1681
-1320
-1035
-948
-894
-617
-412
-553
-812
-900
-970
-1125
-1174
-903
-577
-352
42
750
1622
2203
2565
2894
3288
3488
3309
2870
2405
1906
1159
269
-403
-848
-1331
-1781
-1823
-1348
-823
-485
-54
693
1441
1750
1732
1730
1768
1497
846
216
-169
-487
-999
-1501
-1515
-1276
-1207
-1368
-1380
-1019
-895
-1096
-1382
-1459
-1541
-1849
-2250
-2443
-2315
-1928
-1331
-890
-307
422
1258
1892
2253
2687
3108
3099
2772
2399
2232
1818
1003
218
-269
-598
-1123
-1617
-1876
-2027
-2122
-2051
-1823
-1616
-1536
-1296
-976
-825
-895
-918
-876
-926
-1064
-1038
-841
-686
-575
-189
471
1062
1429
1776
2258
2669
2739
2621
2430
2155
1753
1187
701
228
-240
-676
-942
-1000
-996
-944
-800
-531
-111
297
595
751
944
1227
1318
1104
786
627
497
183
-251
-448
-508
-539
-863
-941
-870
-788
-1007
-1286
-1276
-1468
-1704
-2307
-2466
-2314
-1998
-1643
-1508
-901
-1
908
1615
2208
3101
3625
3695
3503
3434
3228
2387
1382
664
254
-322
-1149
-1741
-1995
-2064
-2226
-2288
-2233
-2155
-2015
-1907
-1699
-1537
-1417
-1391
-1398
-1231
-980
-702
-517
-314
-63
273
777
1188
1438
1600
1915
2234
2252
2055
1886
1718
1274
651
164
-237
-700
-1135
-1243
-1088
-960
-859
-500
0
395
612
767
898
886
813
730
578
351
127
27
42
8
36
-11
-12
-44
-132
-108
-301
-531
-857
-1038
-1218
-1392
-1873
-1966
-1913
-1485
-1254
-1047
-644
-5
619
1089
1730
2451
2984
3055
3093
3291
3367
2824
2157
1553
1223
551
-159
-845
-1248
-1646
-1913
-2102
-2071
-2048
-1955
-1926
-1826
-1688
-1597
-1673
-1772
-1639
-1312
-1016
-894
-671
-126
532
1059
1444
1874
2244
2398
2458
2419
2292
1901
1480
999
535
16
-483
-912
-1229
-1447
-1535
-1506
-1316
-1012
-670
-233
219
619
836
1028
1099
1106
896
591
273
-15
-221
-402
-459
-541
-584
-559
-397
-210
-245
-389
-437
-635
-795
-1298
-1446
-1608
-1480
-1272
-1054
-646
-277
360
899
1565
2137
2544
2670
2658
2677
2736
2452
2082
1582
1420
1106
774
278
-132
-482
-847
-1103
-1229
-1438
-1644
-1824
-1713
-1722
-1787
-1942
-1913
-1843
-1764
-1539
-1255
-1025
-724
-270
398
945
1381
1755
2082
2391
2527
2504
2246
1898
1476
980
501
-29
-544
-1056
-1386
-1543
-1612
-1609
-1495
-1346
-1142
-863
-512
-189
32
209
315
476
612
611
349
123
102
41
-144
-371
-488
-533
-669
-729
-728
-743
-961
-1197
-1416
-1603
-1485
-1551
-1379
-1215
-933
-396
55
515
982
1611
2128
2516
2625
2768
2845
2583
2148
1862
1541
1207
587
202
-58
-246
-527
-750
-774
-875
-960
-1077
-1052
-997
-1194
-1428
-1543
-1512
-1489
-1567
-1457
-1242
-929
-646
-176
337
816
1232
1641
2012
2256
2337
2292
2051
1798
1456
1078
484
-93
-458
-741
-977
-1212
-1272
-1218
-1161
-1120
-911
-659
-548
-594
-553
-359
-205
-213
-290
-276
-282
-267
-173
-73
-57
-155
-250
-207
-212
-355
-629
-874
-1091
-1354
-1698
-1840
-1835
-1716
-1534
-1279
-770
-411
13
505
1245
1840
2227
2358
2603
2639
2479
2155
1939
1690
1378
918
621
398
97
-265
-488
-576
-697
-929
-1061
-1003
-947
-1091
-1179
-1128
-1089
-1112
-1130
-934
-726
-569
-397
-86
335
801
1194
1590
1846
2102
2196
2194
2083
1855
1560
1164
734
362
33
-248
-489
-612
-693
-696
-621
-518
-418
-393
-311
-208
-198
-266
-351
-374
-500
-704
-792
-760
-676
-665
-610
-373
-237
-105
-97
-8
-21
-253
-566
-860
-1214
-1581
-1825
-1888
-1565
-1508
-1177
-880
-355
92
685
1240
1832
1958
2085
2118
2192
1925
1652
1374
1199
918
562
404
233
6
-308
-417
-375
-422
-676
-835
-808
-858
-1110
-1302
-1360
-1305
-1379
-1351
-1043
-687
-407
-106
412
1071
1521
1785
2016
2230
2314
2197
1981
1744
1427
1017
633
301
4
-184
-357
-423
-447
-426
-348
-280
-232
-160
-132
-84
-42
-71
-111
-131
-226
-315
-490
-558
-566
-635
-692
-711
-574
-516
-420
-470
-352
-367
-554
-654
-914
-1172
-1295
-1447
-1099
-1027
-923
-789
-418
-49
331
803
1176
1500
1483
1474
1545
1384
1147
849
731
684
498
328
141
55
-134
-250
-369
-439
-644
-877
-959
-1038
-1184
-1370
-1465
-1448
-1375
-1288
-1114
-827
-602
-308
109
628
1099
1404
1651
1895
2026
1973
1821
1597
1320
982
618
354
76
-116
-225
-229
-157
-162
-122
-81
-60
-86
-175
-229
-279
-331
-345
-335
-247
-159
-50
2
83
227
265
181
90
-95
-214
-459
-738
-898
-1132
-1438
-1572
-1697
-1624
-1402
-1023
-538
-206
75
300
668
842
1011
1166
1283
1219
992
799
672
518
414
390
563
586
583
549
534
456
208
-1
-240
-507
-869
-1105
-1303
-1531
-1766
-1838
-1731
-1544
-1379
-1065
-689
-266
36
381
764
1067
1246
1231
1204
1177
1043
874
705
639
589
543
503
462
452
424
398
313
214
49
-133
-345
-483
-587
-672
-680
-619
-475
-308
-139
62
214
329
407
484
496
444
289
131
-52
-189
-449
-673
-814
-1164
-1183
-1506
-1514
-1342
-1187
-519
-229
142
370
677
880
1017
1231
1235
1301
1006
771
706
526
576
467
665
849
905
906
841
737
414
49
-321
-608
-1025
-1406
-1608
-1684
-1725
-1674
-1564
-1231
-895
-560
-258
79
295
436
515
646
746
724
607
548
555
553
581
572
653
731
724
723
639
614
430
175
-21
-211
-401
-651
-790
-856
-806
-680
-471
-210
45
327
540
607
644
568
498
298
74
-116
-333
-440
-632
-611
-643
-566
-467
-538
-526
-587
-878
-789
-842
-508
-291
-285
-156
-36
216
357
695
941
1304
1394
1307
1414
1395
1267
1119
930
1021
826
641
342
228
4
-249
-511
-653
-819
-1000
-1117
-1093
-1095
-1148
-1255
-1197
-1003
-817
-639
-426
-183
-35
225
499
746
872
835
872
897
872
798
688
583
448
369
264
181
75
-93
-232
-327
-316
-334
-408
-496
-450
-334
-254
-193
-110
13
67
119
140
157
64
-13
-84
-68
-121
-176
-198
-309
-168
-311
-261
-426
-613
-762
-1065
-1272
-1546
-1309
-1120
-602
-286
38
473
724
914
1098
1350
1526
1421
1200
977
947
807
611
605
747
868
763
717
678
598
206
-170
-478
-672
-1002
-1255
-1337
-1282
-1316
-1334
-1212
-938
-686
-483
-216
63
252
308
480
671
857
860
802
870
900
882
778
677
538
364
189
47
-53
-244
-390
-479
-457
-410
-424
-394
-352
-265
-219
-153
-96
-67
-117
-177
-183
-188
-293
-323
-293
-219
-184
-159
-134
-80
-32
-216
-299
-539
-813
-1092
-1447
-1735
-1906
-1815
-1521
-880
-342
75
616
867
1147
1235
1385
1438
1334
1064
799
715
633
525
527
691
994
1076
1115
1041
868
570
74
-304
-650
-1033
-1316
-1422
-1332
-1234
-1132
-1000
-744
-411
-208
25
166
229
255
343
483
678
808
877
1007
1115
1201
1189
1061
823
580
312
78
-135
-297
-406
-466
-427
-288
-195
-95
-89
-101
-128
-171
-222
-272
-314
-328
-252
-147
-59
-9
82
159
145
17
-61
-202
-373
-565
-857
-910
-1119
-1245
-1382
-1523
-1571
-1655
-1487
-1153
-565
-211
72
305
478
694
685
863
1035
1168
1075
977
906
963
877
784
833
1018
1016
880
680
549
345
-46
-372
-580
-686
-822
-921
-877
-784
-832
-910
-784
-562
-400
-263
-92
154
348
543
794
1115
1274
1305
1286
1260
1185
1013
756
554
392
270
225
235
277
290
270
260
283
220
82
-130
-325
-436
-448
-440
-342
-216
-55
105
268
346
343
256
118
-58
-233
-336
-506
-641
-771
-900
-1029
-1065
-1338
-1407
-1685
-1811
-1807
-1664
-1255
-779
-191
63
540
621
871
831
873
870
882
706
537
442
493
534
553
721
979
1045
912
719
464
191
-315
-735
-975
-1046
-1125
-1124
-1028
-820
-751
-729
-660
-478
-395
-324
-227
-54
131
339
581
907
1122
1187
1155
1116
1013
844
629
434
379
335
399
499
668
742
730
689
628
481
212
-78
-310
-425
-433
-364
-166
65
228
354
491
572
458
270
66
-121
-286
-419
-557
-561
-738
-767
-947
-931
-1119
-1404
-1588
-1872
-1799
-1910
-1520
-1045
-317
126
410
693
761
796
603
590
632
540
287
159
305
526
548
660
900
1059
878
559
316
-18
-475
-972
-1166
-1122
-1182
-1171
-999
-689
-591
-705
-689
-569
-477
-529
-464
-237
-69
47
253
601
862
833
759
741
746
586
450
448
562
634
697
876
1085
1093
963
847
788
643
317
97
-18
12
11
101
304
523
585
565
593
566
335
58
-162
-253
-362
-483
-509
-565
-561
-634
-718
-757
-869
-1079
-1288
-1439
-1560
-1593
-1680
-1450
-1001
-377
117
364
487
495
477
306
337
467
597
520
450
589
739
658
602
679
725
557
255
97
-76
-381
-801
-940
-886
-897
-951
-891
-647
-609
-768
-823
-686
-631
-700
-638
-353
-174
-178
-93
179
359
330
292
409
512
412
344
511
735
800
811
1035
1277
1224
1033
1001
1012
900
683
607
654
634
516
542
739
820
716
563
531
445
178
-101
-211
-314
-411
-479
-436
-396
-563
-622
-686
-705
-697
-946
-1010
-1092
-1163
-1175
-1131
-1116
-951
-703
-240
358
507
511
423
342
209
188
276
473
525
409
524
686
686
491
395
442
378
122
-67
-136
-379
-637
-725
-580
-580
-635
-585
-379
-338
-542
-662
-696
-701
-802
-747
-520
-336
-362
-311
-71
106
83
45
182
242
210
187
408
622
720
813
1038
1181
1184
1157
1226
1322
1227
1107
1050
1060
964
925
921
891
743
571
492
365
154
-91
-230
-287
-368
-442
-446
-466
-529
-658
-704
-741
-803
-855
-922
-869
-903
-914
-916
-858
-718
-622
-566
-480
-261
-15
148
62
-21
-135
-216
-187
-55
185
297
284
253
304
206
75
-44
3
9
-40
6
63
27
-136
-169
-147
-167
-320
-349
-286
-324
-474
-576
-584
-620
-631
-535
-308
-228
-306
-344
-247
-180
-263
-278
-213
-139
-96
87
392
601
664
787
1070
1278
1330
1312
1354
1322
1256
1197
1220
1193
1026
948
908
870
730
567
479
354
250
193
80
-116
-284
-394
-465
-575
-682
-728
-762
-802
-839
-809
-793
-828
-859
-739
-612
-617
-695
-717
-692
-734
-861
-868
-734
-563
-531
-566
-563
-592
-508
-434
-297
-159
-45
-126
-233
-297
-250
-174
-145
-30
90
255
224
195
121
91
-40
-106
-100
-68
5
-20
-22
-97
-150
-278
-259
-265
-312
-398
-438
-456
-429
-282
-110
130
245
390
529
693
731
761
831
931
1004
1069
1176
1274
1301
1281
1337
1377
1361
1193
1026
852
722
606
524
469
372
248
166
137
7
-133
-256
-347
-461
-484
-478
-528
-639
-710
-644
-628
-675
-696
-682
-711
-787
-867
-891
-903
-959
-1051
-1007
-814
-532
-420
-510
-588
-628
-540
-458
-343
-238
-102
-135
-184
-122
14
143
152
212
362
529
491
434
333
292
190
57
37
105
142
47
-20
-78
-147
-285
-365
-326
-283
-309
-317
-251
-92
69
152
258
398
472
545
591
638
703
764
867
1015
1177
1291
1335
1273
1243
1203
1126
981
778
612
519
510
497
507
494
455
415
364
326
219
13
-198
-307
-338
-335
-363
-415
-472
-514
-506
-468
-477
-591
-692
-782
-815
-850
-894
-982
-1033
-1051
-1032
-984
-899
-778
-626
-540
-629
-696
-713
-615
-586
-474
-299
-87
-65
-100
-84
-13
136
155
264
358
400
255
158
116
149
92
-1
37
102
123
52
41
-64
-152
-244
-194
-62
20
1
-23
56
170
302
373
490
558
573
622
751
842
865
834
860
912
927
876
804
755
674
641
633
685
645
580
544
565
530
453
338
238
193
132
106
34
-21
-81
-84
-86
-106
-184
-301
-407
-469
-538
-612
-673
-750
-817
-878
-865
-896
-941
-1040
-1123
-1161
-1171
-1239
-1286
-1157
-911
-680
-683
-737
-786
-724
-665
-579
-423
-233
-188
-282
-265
-188
-37
0
56
168
301
247
182
193
217
172
32
57
126
187
135
155
174
150
78
60
166
218
207
189
228
255
317
380
485
553
541
519
530
529
508
530
560
570
573
610
667
683
653
639
650
662
641
562
460
404
356
344
348
396
447
495
503
472
423
341
243
88
-22
-114
-213
-322
-395
-432
-479
-552
-606
-684
-768
-844
-943
-1013
-1076
-1147
-1218
-1224
-1179
-1125
-1149
-1116
-923
-698
-650
-722
-831
-887
-817
-748
-583
-321
-132
-190
-245
-189
-32
73
65
162
290
346
309
364
440
449
345
335
477
571
547
462
446
385
235
159
290
407
395
316
318
354
370
347
381
452
419
383
396
488
534
555
564
643
716
773
809
808
737
652
644
698
766
766
756
753
787
803
841
856
839
762
670
587
498
364
198
83
-8
-33
-83
-178
-300
-441
-562
-664
-734
-797
-866
-949
-1010
-1026
-1035
-1077
-1137
-1193
-1173
-1179
-1182
-1205
-1179
-1040
-798
-615
-648
-732
-832
-785
-734
-624
-459
-270
-261
-317
-251
-102
105
145
253
343
435
363
358
427
465
369
211
216
272
307
220
205
140
67
-21
56
157
175
99
43
108
177
229
254
332
318
298
339
454
531
512
477
587
740
853
923
965
938
905
937
1033
1125
1058
933
859
909
928
914
872
819
779
748
727
634
457
217
29
-83
-159
-251
-389
-553
-701
-781
-778
-787
-862
-988
-1091
-1096
-1086
-1113
-1151
-1199
-1241
-1253
-1215
-1177
-1196
-1277
-1360
-1282
-1054
-854
-800
-866
-908
-871
-737
-644
-498
-327
-217
-211
-225
-174
-77
10
0
107
218
278
207
191
217
214
126
57
114
168
161
92
101
59
-24
-73
-6
59
80
42
74
191
256
325
420
551
607
633
691
758
800
827
869
966
1036
1065
1083
1110
1115
1121
1175
1230
1234
1169
1101
1063
1022
913
807
692
588
455
355
296
197
51
-149
-258
-370
-456
-512
-633
-768
-860
-905
-913
-937
-960
-960
-994
-1031
-1032
-1020
-1020
-1042
-1096
-1101
-1062
-1016
-1020
-1026
-1066
-1030
-914
-718
-556
-592
-721
-810
-722
-660
-580
-507
-369
-321
-327
-306
-200
-92
-109
-60
79
237
188
115
61
93
52
-14
-26
32
45
23
119
194
217
131
148
265
402
440
460
500
541
569
674
825
880
877
902
1014
1110
1173
1203
1273
1327
1351
1371
1422
1391
1290
1234
1243
1262
1192
1057
944
861
773
674
573
476
329
203
107
20
-117
-260
-361
-418
-470
-525
-566
-633
-704
-758
-763
-756
-772
-815
-821
-792
-749
-753
-801
-831
-856
-892
-941
-986
-1052
-1115
-1145
-1152
-1120
-1068
-958
-812
-736
-765
-833
-874
-876
-845
-753
-576
-412
-376
-414
-385
-271
-147
-58
17
107
142
127
150
189
203
141
101
176
307
369
382
391
379
351
349
438
540
611
598
607
681
769
851
925
1011
1073
1125
1159
1173
1166
1146
1132
1157
1180
1214
1222
1170
1063
950
878
848
799
693
567
468
394
327
264
196
131
58
12
-26
-73
-133
-203
-277
-325
-346
-337
-319
-361
-439
-503
-532
-552
-594
-688
-787
-863
-898
-904
-931
-983
-1056
-1089
-1100
-1115
-1171
-1235
-1324
-1389
-1413
-1406
-1359
-1256
-1091
-956
-916
-991
-1034
-1013
-942
-852
-686
-481
-359
-377
-398
-325
-216
-138
-85
62
211
255
224
255
330
356
303
297
393
506
581
665
739
717
658
675
806
942
985
963
977
998
998
1029
1102
1119
1055
991
1006
1031
996
944
917
911
890
894
909
883
781
668
624
626
596
528
474
437
393
352
352
346
303
218
156
126
65
-16
-117
-220
-298
-365
-425
-504
-612
-721
-792
-841
-885
-912
-934
-984
-1060
-1144
-1190
-1197
-1229
-1256
-1270
-1301
-1328
-1331
-1322
-1296
-1280
-1277
-1253
-1224
-1138
-967
-804
-772
-859
-956
-934
-839
-748
-592
-375
-227
-227
-271
-225
-81
55
151
297
456
520
535
595
707
749
678
663
764
862
895
896
885
855
799
801
904
981
949
855
846
910
960
984
1011
1010
941
893
916
958
945
912
921
978
1035
1049
1038
971
866
763
739
754
730
664
601
557
512
462
407
338
229
114
24
-40
-128
-248
-372
-461
-530
-589
-635
-713
-809
-903
-940
-949
-963
-1001
-1035
-1062
-1108
-1144
-1167
-1175
-1203
-1231
-1232
-1211
-1221
-1287
-1339
-1361
-1331
-1305
-1246
-1216
-1199
-1122
-956
-765
-708
-764
-836
-777
-686
-578
-414
-206
-92
-104
-108
12
210
318
386
481
597
635
650
700
758
738
675
703
851
988
1011
997
986
957
936
983
1065
1102
1062
1059
1140
1227
1237
1209
1193
1148
1067
1041
1080
1080
1017
967
1006
1077
1075
1027
1003
958
865
777
735
693
594
453
391
358
277
156
58
-14
-77
-120
-148
-200
-332
-489
-572
-594
-640
-720
-814
-866
-912
-956
-999
-1036
-1096
-1150
-1162
-1165
-1183
-1246
-1298
-1304
-1297
-1272
-1235
-1216
-1225
-1263
-1280
-1260
-1248
-1249
-1229
-1193
-1161
-1140
-1115
-1011
-860
-747
-718
-749
-778
-733
-628
-507
-327
-146
-49
-1
95
227
376
488
568
698
812
869
916
968
1015
1029
1020
1067
1134
1153
1139
1133
1125
1081
1034
1043
1084
1093
1079
1086
1104
1091
1067
1059
1070
1059
1023
992
970
917
858
845
867
874
841
827
814
752
640
548
490
411
305
224
169
110
23
-56
-101
-160
-249
-314
-367
-448
-553
-632
-675
-728
-809
-879
-917
-962
-1047
-1113
-1143
-1188
-1265
-1330
-1353
-1361
-1378
-1413
-1433
-1441
-1448
-1441
-1396
-1362
-1374
-1388
-1380
-1338
-1301
-1267
-1218
-1145
-1084
-1027
-983
-910
-795
-630
-494
-431
-398
-370
-284
-184
-51
139
344
440
472
485
593
724
819
911
1023
1106
1131
1159
1194
1245
1203
1151
1162
1220
1265
1307
1313
1302
1269
1234
1244
1275
1285
1252
1219
1181
1148
1103
1078
1057
1002
926
885
855
827
790
758
729
683
634
603
559
470
351
253
198
153
94
15
-85
-190
-284
-362
-419
-484
-552
-637
-721
-803
-880
-959
-1048
-1146
-1207
-1235
-1262
-1320
-1384
-1401
-1393
-1377
-1354
-1329
-1313
-1307
-1295
-1258
-1212
-1178
-1153
-1095
-1036
-988
-948
-930
-910
-884
-841
-784
-736
-705
-679
-638
-588
-531
-475
-382
-229
-95
-43
-46
-42
15
91
177
320
496
625
687
738
815
922
1010
1106
1241
1330
1341
1347
1395
1445
1444
1403
1407
1445
1451
1444
1459
1463
1410
1328
1299
1320
1308
1246
1176
1119
1056
993
979
999
963
867
789
728
650
549
462
401
319
201
100
34
-45
-156
-249
-325
-420
-539
-634
-685
-748
-840
-915
-931
-913
-935
-974
-1004
-1036
-1076
-1100
-1077
-1057
-1078
-1127
-1147
-1140
-1147
-1170
-1173
-1156
-1144
-1133
-1101
-1076
-1073
-1077
-1050
-988
-925
-891
-873
-840
-797
-753
-710
-652
-619
-595
-565
-519
-454
-402
-370
-334
-276
-225
-182
-83
67
190
255
279
308
358
412
518
717
908
995
992
1002
1078
1186
1291
1394
1489
1518
1512
1541
1591
1599
1514
1413
1387
1430
1472
1480
1450
1348
1206
1084
1035
1006
921
797
679
587
523
456
399
310
186
79
21
-26
-103
-197
-261
-291
-335
-368
-397
-444
-542
-640
-691
-708
-744
-802
-853
-873
-888
-906
-922
-948
-986
-1022
-1011
-983
-987
-1037
-1092
-1132
-1156
-1161
-1147
-1144
-1158
-1173
-1155
-1106
-1062
-1032
-1013
-992
-962
-921
-868
-810
-754
-714
-674
-614
-530
-458
-402
-342
-285
-224
-160
-120
-82
-40
6
80
163
235
263
274
293
373
526
692
787
794
774
767
821
912
1049
1189
1291
1331
1364
1404
1450
1463
1450
1473
1514
1538
1524
1492
1426
1347
1255
1201
1187
1156
1081
981
876
762
642
529
435
344
247
158
91
11
-93
-191
-242
-281
-331
-403
-479
-549
-618
-671
-708
-726
-753
-788
-799
-803
-824
-868
-927
-974
-987
-984
-985
-980
-986
-998
-1012
-1011
-992
-981
-984
-997
-993
-972
-960
-947
-928
-895
-858
-837
-814
-770
-709
-651
-601
-544
-481
-422
-354
-286
-215
-151
-102
-56
-8
50
105
140
147
145
184
256
328
376
402
429
460
497
538
581
611
624
629
675
773
900
1002
1042
1031
1007
1022
1050
1107
1179
1264
1284
1253
1219
1205
1216
1211
1237
1268
1260
1191
1110
1037
976
882
769
684
613
535
459
393
292
150
-4
-112
-187
-263
-337
-415
-505
-596
-675
-711
-746
-800
-880
-936
-971
-1002
-1031
-1039
-1043
-1060
-1050
-1008
-945
-933
-954
-956
-930
-908
-882
-834
-783
-764
-764
-729
-667
-627
-613
-599
-572
-549
-540
-524
-498
-485
-482
-445
-404
-372
-346
-319
-268
-216
-174
-125
-66
-11
51
129
211
279
329
373
433
496
532
564
600
633
656
685
715
753
780
784
778
790
795
782
772
756
752
750
753
773
833
869
858
810
749
711
675
667
711
756
748
689
619
569
536
505
492
496
465
394
307
234
137
12
-105
-189
-258
-343
-410
-466
-521
-611
-704
-763
-796
-835
-879
-907
-924
-943
-948
-934
-936
-954
-967
-959
-932
-926
-918
-884
-835
-803
-775
-735
-694
-681
-684
-654
-615
-579
-546
-498
-441
-397
-369
-329
-287
-250
-214
-159
-105
-87
-68
-42
-5
21
39
61
91
119
147
184
229
273
304
332
386
449
495
545
587
620
646
679
722
757
785
807
815
836
846
848
850
855
836
788
741
706
684
636
579
511
448
379
336
282
216
151
124
138
134
95
22
-37
-97
-124
-96
-24
2
-51
-137
-175
-169
-153
-132
-135
-172
-245
-299
-315
-331
-412
-518
-587
-611
-616
-623
-647
-709
-803
-882
-893
-859
-833
-830
-831
-813
-784
-757
-719
-679
-661
-650
-604
-526
-458
-426
-391
-341
-281
-214
-147
-86
-67
-62
-37
27
98
144
160
164
179
200
241
280
316
341
364
398
433
462
476
479
494
526
565
613
650
665
671
682
702
739
756
761
772
780
797
813
816
801
785
765
756
756
736
693
638
583
544
508
457
405
339
260
178
102
28
-61
-136
-215
-278
-340
-402
-474
-559
-614
-617
-565
-528
-543
-608
-676
-721
-721
-678
-609
-558
-546
-559
-561
-552
-541
-526
-497
-459
-434
-419
-415
-413
-437
-471
-484
-472
-455
-435
-421
-420
-435
-461
-452
-428
-397
-386
-365
-341
-315
-282
-252
-207
-174
-136
-92
-39
22
88
146
205
269
344
417
481
527
556
589
624
669
711
742
756
759
763
789
816
828
828
836
848
849
835
808
773
735
720
716
711
691
650
606
564
539
523
504
477
432
379
335
301
264
216
153
88
36
0
-52
-114
-188
-264
-324
-370
-410
-474
-546
-622
-685
-737
-787
-831
-884
-932
-973
-989
-991
-999
-1014
-1044
-1063
-1037
-970
-883
-824
-809
-827
-824
-787
-744
-683
-610
-523
-467
-433
-410
-383
-365
-325
-263
-194
-147
-142
-144
-131
-131
-140
-130
-112
-79
-63
-32
-1
27
28
28
58
110
173
241
305
345
373
416
482
563
640
707
758
786
816
849
890
914
929
950
970
984
975
949
912
872
832
798
774
742
698
649
612
574
534
490
444
394
353
330
294
241
173
120
84
48
12
-39
-95
-154
-199
-225
-249
-271
-306
-342
-384
-416
-450
-481
-519
-565
-599
-619
-634
-671
-708
-751
-791
-833
-862
-875
-885
-905
-932
-962
-979
-985
-997
-992
-983
-967
-934
-909
-887
-854
-824
-787
-719
-628
-515
-441
-404
-391
-351
-289
-216
-106
13
121
174
191
214
243
286
351
424
490
534
558
570
575
564
552
566
598
641
688
731
761
764
764
768
797
832
868
915
938
935
921
907
913
928
943
949
940
906
860
814
756
728
692
661
631
582
526
457
389
334
293
248
197
148
102
55
-3
-60
-107
-143
-182
-226
-272
-317
-358
-407
-446
-474
-502
-529
-571
-603
-628
-649
-673
-700
-721
-743
-755
-768
-774
-779
-778
-785
-796
-788
-777
-765
-772
-776
-775
-767
-745
-703
-661
-636
-622
-612
-576
-536
-492
-448
-406
-363
-311
-242
-189
-146
-119
-84
-28
28
92
138
188
255
348
436
486
495
505
526
565
632
721
776
791
790
794
823
847
885
919
935
934
913
897
875
827
781
737
719
705
700
680
643
585
525
480
449
418
385
351
319
282
249
211
169
132
98
81
56
13
-50
-114
-172
-212
-234
-260
-287
-339
-395
-433
-468
-499
-526
-556
-592
-623
-641
-656
-664
-671
-682
-687
-690
-687
-694
-708
-726
-732
-721
-704
-676
-665
-660
-656
-642
-622
-596
-568
-548
-523
-500
-463
-424
-392
-359
-332
-298
-244
-195
-153
-130
-103
-67
-24
31
73
105
132
173
213
261
305
333
361
388
420
449
480
499
502
504
508
522
537
538
531
518
514
497
488
501
507
496
460
427
402
370
344
332
339
338
307
283
239
200
171
163
162
146
122
90
54
16
-15
-43
-74
-114
-142
-150
-155
-181
-224
-260
-290
-310
-317
-316
-322
-345
-375
-395
-405
-411
-414
-422
-426
-436
-440
-431
-414
-399
-378
-345
-326
-315
-305
-289
-263
-252
-260
-246
-228
-214
-192
-177
-167
-169
-164
-149
-118
-93
-81
-70
-68
-59
-44
-21
17
45
80
122
149
175
201
229
266
298
337
376
415
445
475
501
526
548
551
556
562
577
578
572
566
555
543
527
502
472
430
386
357
328
297
265
220
159
107
69
34
6
-26
-63
-101
-139
-161
-184
-213
-252
-288
-310
-307
-292
-278
-291
-321
-350
-376
-379
-358
-339
-326
-323
-327
-320
-324
-334
-319
-302
-277
-259
-250
-248
-264
-285
-298
-292
-289
-278
-260
-251
-245
-241
-224
-206
-195
-173
-141
-106
-89
-81
-63
-38
-11
25
60
97
124
151
181
219
262
296
318
340
360
383
401
420
428
432
434
441
452
461
468
459
457
453
460
461
457
450
433
431
432
438
428
420
414
399
386
372
367
358
351
339
313
282
246
206
171
139
105
80
45
13
-27
-72
-120
-174
-220
-267
-300
-337
-364
-397
-433
-465
-507
-541
-569
-598
-612
-625
-632
-632
-634
-656
-681
-694
-704
-698
-680
-665
-648
-642
-649
-641
-625
-613
-591
-570
-541
-506
-479
-439
-405
-380
-354
-326
-284
-237
-192
-145
-103
-64
-36
1
42
85
120
154
188
226
263
296
335
364
401
422
452
480
508
529
554
588
606
627
629
626
634
642
663
688
692
688
674
658
636
614
597
583
568
547
522
481
436
393
351
319
290
253
218
179
147
111
71
34
0
-31
-58
-86
-116
-136
-170
-198
-224
-244
-262
-287
-310
-342
-368
-390
-410
-430
-452
-470
-491
-508
-525
-547
-557
-568
-567
-568
-580
-584
-596
-612
-618
-609
-588
-572
-564
-553
-545
-545
-538
-520
-503
-482
-453
-428
-396
-371
-362
-342
-316
-285
-240
-208
-166
-118
-72
-30
1
41
76
112
164
207
247
283
322
361
393
431
461
490
515
550
578
599
623
632
654
670
675
684
681
682
677
666
662
664
658
645
627
609
596
578
558
537
521
498
463
429
397
361
319
276
239
203
164
121
80
35
-12
-50
-77
-109
-149
-182
-215
-252
-286
-314
-332
-360
-380
-390
-411
-430
-450
-463
-469
-469
-469
-467
-460
-455
-455
-451
-436
-436
-432
-427
-414
-393
-379
-372
-369
-355
-338
-319
-302
-277
-257
-241
-221
-203
-182
-157
-146
-143
-124
-106
-78
-43
-10
13
35
53
70
100
118
140
161
174
196
220
247
276
293
314
338
358
383
412
428
430
436
443
448
456
457
444
435
426
424
415
398
388
369
342
321
305
284
261
240
219
195
174
149
122
93
57
40
21
9
-11
-47
-80
-112
-131
-152
-160
-175
-203
-232
-259
-280
-301
-321
-340
-359
-385
-398
-406
-426
-444
-467
-477
-469
-471
-473
-468
-470
-460
-461
-447
-427
-417
-404
-387
-357
-332
-307
-284
-258
-231
-201
-170
-145
-118
-89
-59
-26
10
45
63
87
117
143
176
203
231
252
269
287
308
323
332
345
362
380
394
408
420
425
427
424
429
439
438
433
428
421
407
396
386
380
379
368
345
329
316
289
269
249
228
195
163
137
110
89
68
36
3
-32
-56
-76
-97
-121
-149
-175
-194
-215
-242
-268
-292
-304
-321
-338
-355
-367
-388
-406
-425
-441
-459
-476
-481
-489
-488
-496
-506
-518
-530
-540
-541
-529
-522
-518
-513
-510
-509
-506
-499
-486
-470
-451
-426
-401
-383
-364
-343
-322
-294
-262
-214
-174
-131
-92
-64
-36
-4
25
62
111
152
190
216
246
278
311
340
370
407
438
467
494
517
544
572
602
624
634
645
654
658
656
661
665
653
645
640
631
607
586
560
540
518
505
491
469
441
412
384
365
346
319
301
272
254
226
196
168
138
109
78
53
23
-2
-38
-67
-85
-111
-139
-166
-193
-227
-263
-301
-325
-348
-374
-401
-428
-446
-461
-485
-503
-521
-537
-543
-552
-556
-561
-563
-574
-574
-576
-575
-560
-548
-532
-524
-502
-486
-466
-440
-427
-416
-402
-374
-349
-320
-293
-258
-214
-181
-149
-121
-99
-79
-46
-18
25
63
91
126
149
180
211
244
271
293
320
339
361
373
388
399
402
414
430
440
452
465
462
459
459
454
445
439
428
427
421
417
413
395
377
356
336
323
309
285
260
235
213
197
177
157
137
120
101
74
56
36
17
4
-2
-15
-24
-38
-53
-68
-83
-87
-94
-105
-125
-134
-142
-159
-163
-168
-185
-202
-218
-229
-242
-251
-255
-259
-255
-243
-243
-245
-251
-266
-279
-286
-290
-276
-263
-258
-250
-239
-233
-222
-208
-192
-181
-166
-135
-114
-95
-83
-76
-64
-51
-32
-12
4
19
36
47
60
75
82
90
109
117
123
137
145
155
159
165
173
179
187
188
196
194
190
194
190
182
167
155
140
129
117
97
85
64
48
34
25
11
2
-12
-37
-63
-96
-119
-137
-148
-163
-178
-193
-211
-226
-240
-251
-261
-274
-277
-282
-277
-279
-295
-300
-303
-302
-305
-302
-301
-295
-287
-280
-258
-248
-239
-218
-195
-173
-150
-137
-120
-104
-87
-61
-35
-15
-3
5
21
42
60
79
108
127
144
162
179
202
211
227
242
258
276
298
302
298
306
314
327
337
348
350
352
353
355
357
357
352
340
339
338
333
324
314
301
291
274
270
254
231
215
190
172
152
135
112
84
71
56
43
20
-1
-27
-48
-56
-78
-87
-107
-128
-154
-171
-186
-203
-213
-235
-243
-256
-275
-281
-297
-316
-332
-340
-344
-349
-355
-358
-359
-363
-365
-366
-364
-361
-358
-361
-356
-347
-347
-336
-327
-315
-299
-291
-280
-258
-239
-222
-194
-173
-148
-127
-111
-86
-62
-30
-7
20
50
76
103
122
148
170
194
217
243
268
292
311
330
350
359
374
393
404
420
428
433
430
429
435
434
427
426
429
425
427
422
421
411
400
391
369
350
325
306
293
282
269
256
234
216
194
167
148
130
107
84
63
38
18
-9
-34
-54
-79
-95
-110
-128
-144
-161
-176
-191
-208
-235
-252
-264
-274
-278
-293
-312
-332
-343
-350
-358
-364
-362
-352
-353
-348
-346
-353
-358
-359
-367
-365
-350
-341
-339
-334
-324
-313
-297
-291
-272
-255
-241
-220
-197
-181
-167
-147
-126
-110
-84
-58
-40
-23
-5
21
37
61
76
100
129
144
167
184
200
219
231
247
265
283
298
308
316
324
326
330
334
345
349
349
352
358
354
347
349
339
334
327
316
303
292
284
271
258
244
227
203
182
167
146
130
111
86
63
34
9
-11
-34
-60
-84
-108
-138
-159
-191
-219
-246
-276
-293
-312
-326
-342
-362
-374
-392
-408
-413
-420
-430
-432
-434
-441
-447
-451
-448
-448
-435
-414
-401
-393
-385
-370
-356
-339
-317
-299
-279
-252
-229
-205
-187
-164
-138
-116
-91
-59
-38
-17
11
32
63
90
119
143
158
177
194
215
230
241
257
267
274
285
297
302
306
316
320
327
336
335
331
330
328
324
323
324
323
313
301
285
269
253
245
241
235
231
215
205
191
174
154
133
117
103
90
68
52
37
20
11
-5
-18
-25
-40
-58
-72
-88
-100
-119
-139
-155
-170
-182
-198
-206
-215
-224
-229
-235
-246
-257
-265
-273
-278
-283
-285
-289
-292
-291
-294
-289
-289
-283
-274
-264
-251
-235
-220
-206
-187
-183
-165
-153
-137
-121
-107
-90
-71
-55
-42
-26
-16
6
22
47
72
88
100
115
131
149
162
173
191
208
224
232
240
255
266
271
283
292
295
303
310
319
323
322
318
314
308
305
301
295
286
280
271
262
251
237
224
217
208
197
177
154
139
122
104
88
78
56
37
22
5
-7
-22
-38
-57
-70
-88
-102
-114
-134
-142
-160
-178
-188
-195
-201
-212
-224
-233
-241
-242
-243
-239
-243
-254
-259
-249
-249
-243
-236
-240
-234
-228
-225
-220
-207
-198
-181
-168
-145
-127
-115
-96
-83
-65
-54
-46
-36
-26
-13
3
25
42
63
79
94
119
135
135
139
148
155
163
168
170
174
176
173
174
180
187
193
193
184
181
176
165
154
145
138
128
123
124
118
101
89
83
84
78
69
63
53
45
30
18
10
-5
-15
-27
-37
-40
-53
-67
-75
-85
-93
-106
-117
-131
-143
-156
-171
-177
-184
-185
-196
-200
-204
-216
-224
-227
-228
-239
-238
-245
-243
-247
-251
-243
-241
-237
-240
-232
-227
-222
-221
-214
-204
-200
-190
-181
-173
-155
-144
-130
-108
-96
-77
-59
-50
-34
-16
-3
19
42
47
65
71
86
111
129
153
165
178
195
214
232
246
257
274
275
288
295
295
305
304
310
308
310
318
312
310
309
306
302
286
278
274
271
260
251
241
219
206
184
171
156
135
114
96
81
62
35
22
4
-15
-33
-52
-58
-75
-94
-115
-137
-154
-167
-174
-185
-202
-219
-224
-234
-244
-244
-249
-247
-249
-254
-250
-250
-254
-253
-254
-256
-250
-248
-253
-253
-254
-244
-239
-223
-214
-206
-196
-193
-183
-174
-158
-149
-132
-123
-110
-102
-92
-78
-69
-59
-42
-25
-2
22
30
46
50
62
75
77
85
102
114
125
137
144
154
164
175
182
197
206
212
218
225
231
230
231
241
247
249
247
252
252
250
255
261
261
260
252
245
231
218
208
198
194
184
170
159
145
141
136
121
103
86
77
62
47
28
13
-8
-23
-32
-40
-51
-63
-80
-96
-99
-116
-129
-140
-153
-163
-169
-173
-174
-182
-188
-194
-195
-196
-201
-205
-205
-205
-205
-207
-201
-192
-182
-176
-171
-163
-153
-141
-126
-111
-99
-86
-70
-62
-46
-36
-32
-20
-7
11
23
42
56
63
68
75
92
106
116
126
137
146
156
158
162
168
170
171
169
168
161
164
163
162
157
151
145
139
137
135
134
125
120
107
98
84
71
67
56
40
31
26
13
7
0
-5
-8
-25
-35
-37
-46
-54
-63
-77
-86
-98
-108
-120
-126
-125
-122
-128
-131
-136
-144
-153
-158
-165
-176
-185
-188
-185
-189
-194
-196
-200
-194
-192
-183
-174
-175
-171
-170
-167
-166
-160
-154
-141
-123
-116
-107
-101
-96
-81
-63
-49
-34
-25
-14
0
6
11
15
21
32
47
62
76
91
100
115
124
127
132
140
151
154
158
168
177
190
193
190
190
190
196
193
194
196
191
187
182
167
156
146
143
136
132
133
129
118
105
93
79
69
59
43
36
23
5
-3
-24
-41
-57
-66
-77
-83
-95
-118
-129
-143
-157
-165
-177
-192
-196
-203
-205
-207
-215
-225
-231
-235
-241
-247
-248
-252
-252
-251
-247
-237
-230
-225
-216
-211
-208
-202
-195
-192
-178
-168
-161
-152
-138
-130
-124
-107
-92
-81
-74
-58
-54
-40
-24
-8
9
19
39
54
70
85
100
107
121
137
148
163
171
179
189
196
208
214
219
228
230
236
243
246
246
245
243
237
234
232
233
227
222
221
226
224
222
221
212
204
201
191
180
171
164
149
141
133
119
113
98
90
78
71
65
45
31
11
-4
-11
-25
-36
-47
-62
-83
-92
-94
-107
-122
-137
-145
-158
-164
-170
-176
-182
-182
-187
-186
-180
-185
-182
-182
-180
-179
-177
-172
-173
-173
-167
-160
-155
-145
-136
-130
-122
-111
-94
-86
-69
-56
-44
-35
-27
-15
-4
9
17
27
36
49
62
79
87
99
112
118
132
146
156
165
179
182
191
197
207
212
215
220
222
229
226
230
233
229
223
216
218
205
195
182
174
170
152
142
132
111
100
87
75
66
55
50
39
20
1
-15
-35
-44
-57
-73
-85
-97
-110
-128
-137
-133
-142
-152
-167
-182
-187
-195
-202
-215
-223
-232
-235
-244
-250
-253
-252
-247
-243
-237
-233
-225
-228
-227
-231
-231
-223
-214
-206
-203
-191
-189
-184
-181
-171
-160
-141
-122
-106
-89
-84
-71
-58
-49
-37
-33
-31
-17
-8
1
13
27
45
60
71
74
79
91
98
105
111
111
115
125
125
127
131
138
143
151
165
168
174
169
162
159
158
161
163
156
151
146
139
132
126
123
112
105
102
101
92
81
70
61
51
34
24
4
-12
-18
-36
-46
-52
-62
-74
-83
-86
-96
-109
-116
-123
-129
-134
-145
-154
-161
-163
-168
-166
-174
-180
-180
-178
-173
-179
-177
-175
-172
-163
-163
-163
-160
-161
-156
-141
-131
-119
-114
-107
-93
-86
-73
-64
-61
-47
-36
-16
6
13
18
23
34
44
53
59
72
86
102
112
121
121
123
135
140
154
166
176
187
182
175
175
183
183
179
189
190
201
205
197
187
186
189
185
185
182
186
172
159
151
142
135
128
131
129
128
122
108
100
89
75
68
61
50
40
28
20
5
-6
-17
-28
-34
-43
-54
-56
-66
-70
-69
-82
-87
-94
-95
-102
-105
-113
-116
-116
-115
-113
-112
-115
-110
-105
-106
-108
-112
-102
-94
-84
-85
-88
-80
-84
-77
-69
-60
-53
-44
-29
-24
-21
-21
-16
-6
9
14
19
25
29
36
48
58
65
74
76
79
84
90
88
97
108
116
122
125
129
135
138
140
140
142
143
137
144
145
143
133
128
126
116
117
112
110
107
96
91
78
70
67
63
56
55
50
32
22
13
-1
-14
-23
-31
-40
-42
-52
-61
-71
-83
-91
-100
-101
-110
-117
-119
-126
-133
-149
-161
-165
-169
-176
-179
-181
-187
-191
-195
-196
-202
-206
-206
-213
-207
-202
-196
-189
-184
-180
-168
-159
-150
-133
-120
-109
-95
-86
-76
-70
-60
-51
-41
-32
-18
2
20
30
35
47
57
66
69
79
93
101
116
126
133
133
131
135
139
135
141
145
146
149
144
143
138
139
140
141
144
141
136
133
126
114
109
104
91
83
74
68
58
36
28
23
13
3
0
-10
-16
-25
-29
-40
-48
-68
-87
-94
-106
-113
-120
-122
-124
-129
-139
-150
-153
-161
-162
-165
-175
-184
-190
-187
-190
-195
-195
-195
-185
-177
-175
-177
-179
-180
-183
-181
-179
-177
-168
-156
-147
-141
-132
-125
-113
-110
-98
-95
-97
-86
-70
-50
-34
-20
-13
-3
11
18
26
43
54
63
81
89
94
107
115
123
138
150
164
176
189
197
195
202
198
197
201
196
199
199
199
200
203
203
199
196
190
196
191
182
172
166
162
151
139
130
121
110
110
111
107
92
85
77
66
62
47
35
27
17
7
-6
-18
-30
-47
-53
-53
-54
-55
-62
-69
-73
-78
-84
-86
-88
-88
-90
-87
-92
-96
-96
-96
-102
-107
-105
-103
-89
-83
-80
-72
-67
-62
-53
-52
-54
-48
-45
-44
-44
-46
-45
-44
-37
-29
-19
-4
7
13
17
20
24
30
30
34
38
39
48
53
59
66
73
78
80
80
85
89
85
88
92
92
102
111
109
111
103
107
111
104
108
105
98
97
93
94
96
89
81
76
77
68
66
64
62
57
55
52
41
34
28
23
19
15
10
8
-2
-19
-31
-37
-43
-52
-55
-58
-72
-75
-82
-83
-85
-92
-94
-101
-109
-111
-112
-114
-116
-109
-103
-102
-105
-105
-111
-110
-104
-102
-103
-104
-103
-98
-95
-88
-83
-75
-66
-61
-47
-44
-40
-45
-45
-41
-34
-31
-26
-17
-16
-6
0
5
15
11
12
20
24
29
40
51
46
48
51
50
47
56
64
61
58
63
62
56
51
51
54
55
53
46
37
31
28
33
27
20
16
-1
-9
-15
-21
-28
-38
-40
-44
-47
-50
-46
-53
-63
-67
-72
-76
-87
-99
-103
-103
-113
-119
-116
-111
-108
-101
-104
-99
-101
-100
-93
-96
-103
-107
-107
-105
-107
-112
-111
-110
-102
-98
-97
-92
-95
-92
-89
-93
-87
-84
-77
-71
-62
-61
-51
-42
-43
-30
-25
-14
5
10
21
27
36
38
46
50
61
67
68
76
79
92
94
100
112
121
133
137
145
150
143
145
146
146
153
157
160
162
162
161
162
162
167
161
153
154
151
150
144
139
139
139
130
120
118
112
107
103
83
70
58
55
43
29
21
4
-7
-13
-15
-24
-34
-48
-61
-69
-82
-94
-96
-96
-103
-109
-116
-123
-119
-118
-119
-121
-125
-129
-134
-136
-137
-139
-136
-133
-131
-124
-118
-111
-105
-98
-92
-86
-78
-75
-68
-53
-44
-39
-28
-17
-5
2
18
21
23
34
43
54
63
68
80
87
85
96
104
106
110
117
125
130
134
139
146
146
156
159
160
169
167
160
158
164
163
158
158
150
149
141
140
147
144
148
148
143
131
118
116
99
88
82
73
68
65
56
48
43
33
31
23
14
10
4
-5
-14
-21
-28
-40
-50
-58
-63
-69
-75
-81
-91
-94
-104
-113
-119
-120
-127
-136
-147
-150
-153
-161
-158
-161
-161
-155
-154
-151
-156
-149
-143
-146
-148
-149
-137
-133
-129
-114
-109
-104
-99
-97
-91
-82
-73
-71
-61
-51
-43
-36
-37
-26
-18
-15
-8
-2
13
17
23
23
26
37
41
56
60
64
70
74
83
76
76
80
84
90
88
89
85
76
80
87
91
97
91
93
98
91
93
76
61
47
36
30
34
27
16
17
9
11
10
0
-10
-17
-28
-32
-35
-40
-51
-53
-64
-81
-82
-82
-88
-94
-100
-105
-106
-108
-112
-125
-130
-130
-126
-121
-125
-124
-127
-127
-121
-121
-130
-128
-128
-128
-117
-116
-110
-105
-102
-100
-96
-90
-91
-80
-76
-73
-56
-51
-44
-46
-38
-34
-30
-23
-16
-16
-10
2
2
12
17
26
25
27
24
30
37
37
38
43
54
55
57
63
65
66
68
69
78
81
80
82
82
83
87
81
80
83
80
81
79
76
79
76
70
72
62
55
54
54
56
48
42
37
30
25
16
20
16
11
8
6
0
-14
-16
-16
-16
-22
-23
-16
-22
-28
-31
-33
-35
-39
-44
-55
-55
-55
-55
-55
-53
-55
-54
-48
-47
-49
-45
-40
-40
-34
-30
-29
-27
-23
-18
-12
-14
-13
-9
-8
-1
4
12
16
26
35
44
43
43
52
44
43
52
60
63
65
64
73
79
86
101
96
99
101
109
115
116
117
116
116
117
115
109
105
107
112
112
112
109
111
107
105
96
87
83
76
75
76
72
71
66
60
60
51
47
49
40
35
24
15
14
2
-5
-15
-7
-8
-8
-8
-12
-16
-26
-28
-38
-47
-54
-54
-60
-65
-64
-66
-65
-75
-81
-76
-76
-79
-78
-78
-78
-76
-83
-81
-82
-77
-76
-75
-65
-63
-60
-62
-57
-51
-54
-51
-55
-54
-51
-47
-42
-29
-23
-18
-17
-20
-20
-13
-4
-4
2
11
17
10
16
18
15
20
25
34
46
48
50
48
45
44
45
46
47
51
57
52
54
51
42
43
39
48
44
37
31
23
11
7
8
7
1
-6
-4
-7
-11
-18
-22
-28
-35
-34
-47
-49
-57
-63
-64
-69
-76
-81
-81
-90
-85
-82
-83
-87
-92
-97
-101
-98
-101
-106
-118
-118
-120
-118
-105
-106
-105
-102
-99
-97
-102
-100
-96
-93
-96
-103
-103
-98
-93
-81
-79
-83
-73
-73
-69
-65
-66
-65
-57
-55
-46
-34
-30
-23
-17
-15
-10
7
16
28
41
42
49
53
58
66
73
80
87
93
110
112
104
111
118
119
120
124
126
130
128
124
123
116
118
115
111
107
97
100
103
99
91
85
83
79
66
61
52
44
37
28
18
7
0
-8
-15
-16
-22
-29
-35
-42
-49
-58
-61
-69
-69
-67
-69
-69
-72
-77
-72
-71
-79
-75
-74
-76
-74
-76
-83
-81
-82
-87
-78
-79
-69
-64
-61
-57
-51
-46
-44
-36
-24
-18
-19
-9
-6
-11
-6
-3
-1
14
16
20
27
43
53
58
66
74
82
87
82
77
79
85
97
99
103
108
108
113
113
112
114
116
119
117
119
119
114
111
104
111
119
127
125
118
122
120
106
109
104
103
92
80
79
75
67
53
50
46
45
38
36
27
19
12
-5
-12
-14
-22
-22
-30
-31
-30
-39
-32
-31
-36
-33
-33
-41
-39
-42
-45
-37
-44
-48
-42
-43
-40
-34
-35
-39
-38
-42
-41
-29
-28
-31
-28
-31
-36
-30
-27
-27
-23
-19
-20
-20
-23
-22
-13
-8
-6
-9
-9
0
2
9
11
7
10
9
4
5
3
0
-6
-2
5
8
9
11
9
24
21
22
28
17
14
11
12
14
14
12
20
18
9
1
-1
1
0
-4
-2
-3
-9
-13
-14
-12
-16
-11
-20
-25
-22
-30
-29
-31
-40
-43
-47
-51
-52
-48
-46
-47
-51
-55
-55
-57
-58
-57
-64
-70
-79
-83
-80
-74
-76
-80
-70
-80
-77
-71
-78
-78
-76
-73
-80
-86
-86
-79
-70
-66
-63
-58
-59
-64
-67
-58
-51
-57
-50
-51
-51
-46
-46
-41
-31
-32
-26
-26
-26
-16
-13
-7
-2
5
7
7
10
14
17
25
33
42
44
49
58
56
51
50
51
57
64
64
59
58
62
57
61
60
55
57
51
51
45
40
33
33
31
36
33
22
24
23
23
22
19
15
7
-5
-14
-19
-18
-19
-18
-24
-35
-35
-39
-38
-42
-44
-60
-77
-76
-84
-88
-89
-86
-90
-91
-99
-100
-92
-95
-88
-87
-89
-84
-73
-75
-78
-81
-73
-67
-65
-59
-55
-46
-41
-35
-25
-18
-9
-5
3
15
21
26
25
32
34
42
52
57
64
65
76
75
77
83
91
97
112
115
123
124
125
131
127
125
115
122
128
125
129
133
127
136
142
137
144
144
129
127
120
117
112
110
106
105
97
90
97
89
81
85
84
76
69
61
59
57
50
36
26
25
20
15
0
-8
-11
-19
-21
-27
-30
-32
-33
-35
-47
-51
-52
-59
-56
-61
-60
-59
-63
-63
-63
-68
-75
-80
-75
-74
-67
-66
-68
-65
-71
-65
-60
-53
-47
-55
-60
-57
-59
-55
-50
-46
-46
-43
-36
-33
-30
-32
-31
-22
-18
-13
-8
-7
-1
10
6
11
16
16
31
32
34
38
42
36
40
40
37
42
39
35
29
27
32
38
46
50
51
52
52
50
50
46
40
37
40
37
40
40
30
28
26
26
21
25
18
17
19
8
2
-12
-18
-19
-27
-29
-34
-37
-45
-41
-39
-48
-47
-56
-65
-69
-72
-78
-81
-73
-78
-71
-68
-69
-74
-79
-75
-70
-63
-56
-56
-59
-61
-65
-64
-57
-52
-45
-39
-35
-37
-36
-38
-40
-33
-25
-25
-23
-26
-26
-28
-37
-36
-38
-38
-38
-33
-30
-21
-26
-27
-28
-31
-19
-18
-11
-4
-1
-2
-1
-1
-2
-4
-8
-6
4
11
5
12
5
3
5
5
11
13
26
27
23
21
22
24
15
18
15
8
8
4
0
-1
0
-1
-11
-17
-13
-6
-12
-13
-14
-15
-16
-23
-25
-28
-30
-31
-22
-29
-33
-29
-30
-28
-30
-26
-25
-29
-27
-27
-31
-28
-28
-33
-28
-25
-21
-18
-17
-14
-18
-18
-9
-2
2
7
10
7
8
11
18
27
29
32
37
32
40
41
52
58
59
62
57
65
62
69
60
62
70
66
76
72
76
74
69
79
77
84
86
84
86
75
66
71
73
81
86
86
82
82
79
83
92
78
85
70
67
65
61
65
52
53
56
58
55
51
48
45
41
31
23
21
18
22
15
10
15
9
-5
-11
-15
-9
-17
-12
-19
-20
-12
-13
-14
-20
-10
-22
-24
-25
-30
-27
-35
-20
-24
-17
-13
-30
-32
-36
-29
-28
-29
-34
-26
-25
-33
-29
-33
-29
-26
-30
-26
-17
-15
-16
-20
-21
-19
-10
-5
-2
4
-2
-4
-2
3
-2
11
9
8
37
17
12
28
23
23
21
26
32
31
41
39
37
39
41
41
31
33
28
37
37
26
23
18
20
17
30
22
10
13
10
14
14
-1
-16
-10
-13
-14
-14
-19
-16
-20
-25
-16
-21
-26
-24
-23
-30
-33
-40
-49
-53
-55
-54
-60
-55
-57
-55
-59
-59
-62
-57
-62
-63
-61
-67
-72
-77
-78
-81
-72
-70
-70
-73
-73
-74
-66
-57
-61
-62
-55
-52
-56
-55
-47
-45
-42
-35
-31
-30
-27
-24
-19
-18
-18
-20
-19
-17
-14
-10
-18
-15
-10
-7
-14
-12
-3
3
14
7
8
3
-8
-7
-4
3
4
4
7
4
2
1
-2
2
10
5
11
0
0
2
-4
5
12
18
13
7
6
10
10
9
12
9
7
8
8
9
-1
-8
-9
-9
-5
-16
-14
-19
-21
-19
-29
-29
-34
-9
-23
-18
-25
-43
-24
-37
-26
-24
-34
-35
-42
-32
-34
-37
-20
-33
-24
-23
-38
-25
-31
-27
-20
-28
-34
-29
-39
-39
-24
-33
-24
-29
-21
-5
-21
-15
-21
-10
-8
-5
3
-8
7
8
23
26
23
39
37
45
51
46
50
61
60
69
75
78
85
91
107
110
111
96
87
96
98
113
116
108
110
112
118
110
97
99
99
112
115
111
107
99
98
92
83
69
61
56
64
56
58
58
53
55
40
40
38
30
15
-1
3
-4
-19
-20
-26
-34
-36
-40
-45
-44
-46
-48
-45
-51
-59
-62
-66
-59
-55
-54
-61
-66
-65
-60
-55
-48
-54
-57
-49
-54
-51
-45
-34
-34
-23
-17
-17
-13
-16
-11
-10
-11
-19
-16
0
1
6
13
7
9
21
27
25
21
24
29
19
8
21
17
16
25
24
22
18
23
17
21
31
20
15
23
19
10
5
1
15
15
5
10
8
14
9
15
9
0
-4
-11
-6
-10
-4
-3
-10
-8
-14
-11
-11
-22
-27
-26
-19
-21
-31
-45
-58
-56
-51
-60
-44
-48
-56
-62
-58
-58
-58
-52
-68
-62
-77
-77
-70
-65
-67
-58
-42
-51
-41
-34
-41
-27
-12
2
-13
-10
-4
-5
16
5
-1
-4
5
0
5
8
5
9
5
16
17
14
9
15
1
-1
7
-3
10
-10
10
7
4
-4
-13
-1
-14
2
3
4
-6
-15
-18
-8
-8
1
-5
-11
2
0
-1
-8
-6
-7
-10
-11
-16
-6
4
-4
-12
-7
-25
-14
-26
-33
-6
-10
-8
-8
-19
-11
-1
0
2
-4
22
21
1
-6
-16
4
5
0
22
15
1
12
7
3
-7
0
0
-7
-7
-15
-7
-13
-18
-24
-20
-36
-39
-36
-18
-30
-35
-7
-47
-44
-50
-51
-48
-49
-32
-35
-47
-39
-39
-36
-13
-9
-4
-15
-7
3
-8
1
-21
-14
9
0
7
17
-1
3
22
21
23
43
30
38
56
50
59
49
55
53
61
58
59
56
73
64
79
79
77
77
59
79
56
63
84
61
56
66
41
62
68
59
53
53
55
41
67
45
36
42
17
20
33
31
29
34
29
24
18
14
12
12
20
6
13
5
-25
1
-10
-6
-14
-31
-21
-36
-9
-4
-24
-27
-49
-28
-33
-29
-34
-42
-18
-33
-13
-12
-17
-37
-20
-12
-2
21
-24
-2
-11
-3
-9
-31
2
-15
8
3
18
4
5
26
8
27
14
26
24
1
37
45
36
41
43
28
36
51
38
46
36
36
54
72
35
36
36
14
54
31
35
49
36
37
41
28
20
18
12
13
18
24
23
16
6
-14
-19
-1
-13
-1
-9
-33
-14
-9
-18
-18
-26
-40
-19
-28
-34
-30
-45
-64
-42
-20
-37
-27
-30
-31
-20
-35
-36
-29
-46
-40
-19
-26
-24
-26
-35
-26
-40
-54
-42
-60
-46
-48
-50
-40
-57
-36
-32
-33
-18
-17
-22
-16
-16
-23
-19
-22
-20
2
-4
-9
-10
-11
-11
-13
-7
-11
8
5
0
19
6
13
14
-2
16
1
4
27
12
-7
-14
1
-2
2
0
1
2
-5
-2
7
22
30
28
15
6
-4
-5
4
11
27
34
27
11
14
-1
-17
-16
-27
-18
-20
-21
-18
-23
-30
-46
-42
-30
-36
-35
-37
-51
-61
-60
-62
-62
-66
-68
-55
-58
-55
-59
-46
-31
-47
-37
-39
-37
-36
-43
-45
-49
-38
-39
-32
-29
-24
-28
-26
-28
-28
-7
-6
-5
-14
-18
-9
-15
-9
-3
-5
8
2
3
14
1
5
-3
-3
0
-4
0
8
-4
5
9
-8
0
11
16
-4
-20
-15
2
3
8
-1
-5
-2
8
21
20
8
7
25
15
23
32
31
25
30
38
28
37
39
47
44
41
44
38
42
33
28
29
31
37
33
37
37
43
49
38
37
20
23
33
26
19
19
16
9
12
-6
3
16
10
16
14
13
23
21
12
3
-4
19
7
-4
-5
-8
5
11
18
20
24
19
23
15
21
27
23
29
39
39
37
40
39
53
59
56
43
44
41
44
54
53
45
51
44
40
45
44
48
40
46
46
52
42
44
44
30
32
31
37
34
44
31
25
27
18
37
36
15
13
17
13
14
10
4
6
-2
-16
-23
-35
-32
-22
-31
-25
-29
-28
-29
-20
-18
-26
-21
-30
-45
-47
-37
-39
-29
-27
-37
-27
-13
-19
-27
-40
-45
-37
-26
-24
-32
-44
-35
-35
-41
-49
-41
-22
-19
-23
-24
-16
-22
-21
-24
-28
-26
-30
-23
-16
-18
0
-3
-13
-4
3
8
14
15
6
18
27
16
18
20
17
23
38
39
34
24
18
28
20
28
35
32
41
36
17
21
31
39
32
23
21
11
8
2
1
1
-15
-9
-3
-4
-8
-19
-21
-18
-18
-29
-32
-36
-44
-40
-43
-44
-55
-54
-48
-53
-60
-66
-59
-67
-66
-56
-49
-62
-68
-79
-73
-83
-85
-73
-82
-74
-79
-69
-75
-87
-62
-69
-80
-67
-66
-57
-52
-69
-63
-47
-53
-63
-46
-46
-52
-46
-44
-47
-47
-43
-48
-48
-41
-36
-30
-35
-26
-29
-27
-18
-20
-18
-15
-14
-11
-12
-14
-3
-1
7
8
9
20
27
31
28
32
39
37
35
35
40
42
47
56
50
56
65
69
60
62
66
68
84
84
81
79
79
80
91
85
86
89
77
77
71
66
55
61
70
59
57
57
53
52
54
54
41
35
28
25
20
11
10
11
11
5
-2
-1
7
-4
-5
4
6
13
-2
-15
-14
-26
-25
-23
-13
-7
-10
3
6
3
-3
-6
-15
-15
-13
-23
-23
-20
-19
-24
-21
-22
-18
-23
-22
-4
8
5
0
-7
-13
-5
3
6
-5
5
19
20
23
24
18
24
24
20
33
39
38
44
48
45
43
41
42
46
46
46
49
55
67
66
60
61
53
54
59
55
65
64
46
42
39
25
25
28
21
23
24
24
32
29
36
30
26
22
18
10
4
12
-3
2
0
-4
2
0
5
8
5
-4
-13
-10
-5
-5
-9
-5
-10
-15
-15
-21
-24
-16
-10
-14
-7
-10
-14
-16
-20
-13
-8
-14
-16
-13
-19
-18
-21
-22
-14
-4
0
2
10
9
-1
-3
-9
-11
-12
-9
-9
-9
-7
-14
-9
-11
-7
-2
5
0
-8
-6
-10
-16
-19
-18
-15
-18
-14
-12
-18
-20
-25
-30
-24
-20
-19
-21
-25
-23
-22
-26
-38
-41
-44
-48
-47
-41
-44
-37
-38
-45
-49
-60
-65
-64
-60
-66
-59
-74
-78
-69
-75
-73
-72
-70
-62
-60
-72
-70
-65
-70
-64
-68
-70
-64
-66
-66
-70
-64
-63
-60
-57
-52
-45
-45
-36
-45
-46
-46
-47
-37
-33
-36
-21
-18
-22
-12
-6
-7
-9
-1
-9
0
6
10
12
17
19
29
28
37
42
37
46
37
37
36
41
48
48
48
46
43
41
40
37
32
31
23
18
15
14
17
17
24
26
30
24
27
26
22
28
19
18
17
22
20
20
10
14
13
15
24
23
30
17
17
12
7
9
0
-5
-3
-1
-3
-3
-6
-15
-20
-22
-19
-22
-26
-21
-24
-23
-23
-23
-25
-21
-19
-24
-26
-19
-15
-10
-9
-15
-8
-12
-13
-19
-18
-24
-23
-18
-18
-16
-17
-12
-11
-1
2
11
8
9
10
15
25
5
17
27
28
31
39
36
31
38
39
45
50
54
50
55
54
65
70
61
68
80
86
86
82
75
75
73
72
68
76
84
76
76
74
66
69
64
69
69
62
58
58
53
48
56
50
44
38
37
34
41
31
31
40
40
40
33
25
25
30
24
16
7
15
5
4
5
6
13
12
17
20
14
11
12
4
-2
5
1
1
-2
-7
4
0
6
-1
-6
-11
-7
-2
-4
-9
-15
-18
-33
-30
-22
-22
-24
-30
-37
-40
-38
-35
-33
-30
-27
-38
-34
-44
-38
-27
-26
-30
-42
-37
-40
-36
-32
-26
-30
-42
-39
-44
-37
-43
-45
-31
-29
-32
-30
-31
-36
-30
-36
-30
-22
-22
-18
-14
-20
-27
-30
-33
-23
-17
-9
4
-2
-12
-14
-17
-13
-14
-2
-2
-12
-18
-14
-20
-26
-29
-31
-24
-31
-29
-35
-34
-27
-22
-24
-36
-38
-35
-40
-44
-48
-52
-50
-52
-47
-44
-42
-38
-34
-30
-22
-22
-23
-25
-30
-29
-32
-32
-24
-21
-24
-30
-26
-22
-19
-21
-18
-16
-15
-16
-23
-20
-21
-26
-18
-20
-24
-22
-22
-15
-17
-10
-8
-7
-4
-5
-7
-2
-3
-5
4
-1
-4
3
1
-7
-8
-7
-4
1
4
12
12
9
16
17
25
26
17
17
17
21
15
14
21
22
28
25
31
29
28
39
33
27
30
36
36
31
30
28
23
29
23
16
21
19
23
32
33
27
19
16
10
9
-7
-9
-2
-4
-1
-11
-15
-13
-10
-12
-16
-12
-9
-5
-14
-26
-22
-22
-25
-24
-24
-13
-18
-19
-20
-11
3
0
6
1
1
-4
-7
1
7
18
21
24
23
25
31
41
50
49
46
49
52
54
62
54
50
49
41
51
59
69
70
70
68
70
66
55
61
61
62
63
63
67
63
64
66
61
52
47
47
48
53
56
55
51
43
43
40
40
33
28
26
24
36
35
30
25
16
10
5
-1
4
5
9
11
5
11
-3
-6
-5
-12
-8
-5
-9
-10
-16
-20
-19
-18
-13
-19
-27
-21
-21
-22
-25
-33
-29
-31
-25
-24
-29
-30
-31
-21
-19
-13
-12
-14
-14
-13
-8
-9
-1
0
-3
-11
-8
-9
-7
1
5
9
13
12
12
9
11
10
8
5
12
13
10
0
-4
-9
-19
-11
-14
-7
0
1
2
-2
-2
1
-4
-5
-3
-6
-4
-10
-10
-14
-15
-19
-30
-36
-43
-36
-32
-27
-27
-34
-33
-38
-44
-38
-41
-47
-50
-51
-57
-56
-53
-54
-55
-53
-47
-45
-43
-44
-44
-43
-38
-38
-43
-42
-37
-31
-29
-32
-28
-25
-29
-24
-22
-23
-31
-24
-24
-24
-13
-18
-22
-28
-29
-27
-27
-15
-14
-18
-29
-29
-19
-17
-15
-7
-9
-9
-11
-13
-14
-14
-15
-18
-14
-17
-12
-12
-20
-22
-21
-16
-15
-10
-5
-7
-12
-19
-19
-16
-20
-17
-10
-14
-19
-20
-18
-13
-9
-4
-12
-14
-10
-8
-2
8
5
2
-7
-12
-12
-11
-9
-12
-12
-9
4
5
7
3
2
-9
-17
-15
-19
-9
-1
1
-5
-12
-10
-14
-12
-13
-10
-7
-2
-7
-13
-15
-17
-18
-11
-18
-14
2
0
5
4
1
7
6
9
15
8
9
-1
0
-4
-2
10
8
10
6
4
2
10
13
15
11
8
16
16
14
14
11
5
-2
1
15
14
12
18
13
19
25
26
33
34
40
43
40
38
40
46
47
51
52
57
64
71
68
65
67
67
68
57
63
70
63
56
60
73
62
54
54
50
53
45
41
39
31
29
24
35
37
33
37
33
33
21
21
16
14
9
12
5
3
6
-1
-1
2
10
7
9
0
-1
-7
-9
-14
-17
-18
-21
-15
-13
-15
-10
-14
-16
-10
-9
-5
-8
-22
-20
-22
-25
-25
-27
-16
-11
-8
-5
0
4
11
8
7
10
13
12
9
7
11
10
-1
13
18
10
2
4
7
3
-1
4
12
11
29
24
27
25
25
44
24
35
23
27
32
29
39
30
47
42
45
36
44
49
50
55
40
35
43
37
33
13
20
14
2
13
2
2
-4
-1
-14
-16
-10
-24
-24
-31
-36
-32
-49
-59
-55
-58
-64
-66
-70
-69
-71
-67
-55
-55
-60
-67
-61
-63
-66
-73
-71
-73
-76
-69
-70
-69
-71
-73
-62
-59
-59
-55
-56
-69
-68
-52
-57
-55
-58
-50
-50
-48
-43
-46
-45
-36
-22
-17
-19
-22
-21
-25
-21
-16
-17
-21
-19
-7
-18
-5
-1
-11
-3
-13
-7
-8
-10
0
1
-8
-7
-17
-13
-12
-2
3
-1
5
-5
0
3
6
0
1
4
-7
-5
-13
-18
-12
-15
-11
-7
1
4
3
0
-9
-8
-21
-19
-16
-9
-4
-7
1
-2
5
3
0
0
3
7
12
14
8
3
-3
-1
-9
-9
8
2
8
11
8
7
9
8
6
7
-2
1
2
-3
7
4
0
13
20
18
21
25
21
20
14
15
21
16
23
14
16
17
21
22
33
30
24
31
24
24
27
32
35
37
25
19
15
18
21
17
26
27
20
17
9
9
8
8
13
9
7
9
6
4
3
11
16
25
21
13
12
16
20
15
18
23
22
18
23
21
23
23
26
37
35
35
44
38
29
27
21
23
15
21
15
17
21
23
27
28
26
27
28
24
25
24
24
23
25
23
27
29
19
21
25
25
29
32
27
22
13
10
13
15
24
17
18
28
35
34
26
33
30
23
20
25
28
24
28
24
31
35
36
41
42
39
33
29
28
30
34
26
20
20
17
19
20
22
21
22
20
9
10
6
-4
1
2
8
1
-7
4
-3
-3
0
-5
-6
-7
-4
-14
-17
-24
-23
-28
-36
-28
-30
-34
-32
-23
-24
-23
-21
-22
-29
-34
-26
-23
-22
-25
-27
-29
-36
-36
-38
-37
-32
-38
-42
-38
-38
-37
-36
-46
-48
-46
-44
-39
-45
-47
-39
-37
-52
-43
-45
-48
-53
-59
-54
-59
-49
-41
-34
-24
-24
-31
-27
-28
-29
-31
-40
-38
-34
-33
-39
-34
-30
-25
-15
-10
-8
-3
-5
-6
-7
-16
-17
-13
-6
1
10
15
23
28
28
26
25
22
21
17
16
17
18
20
17
25
23
29
32
26
26
20
10
3
-5
-15
-18
-23
-29
-29
-25
-17
-22
-21
-26
-31
-30
-29
-28
-40
-47
-49
-51
-48
-46
-51
-50
-47
-51
-56
-57
-62
-58
-51
-50
-44
-40
-44
-41
-36
-31
-30
-39
-29
-25
-24
-25
-31
-37
-38
-38
-37
-31
-25
-17
-21
-15
-16
-14
-14
-14
-10
-11
-5
-1
1
10
12
14
19
18
11
14
18
16
19
17
25
23
16
16
25
30
31
29
22
27
30
35
37
31
27
24
27
26
30
36
37
36
39
42
39
41
41
37
34
37
37
35
38
35
40
37
33
38
38
35
39
45
35
34
35
39
36
35
37
33
36
42
46
43
43
42
37
33
39
45
41
39
35
26
25
31
24
26
24
21
22
23
21
16
6
-5
-2
2
6
8
11
11
15
8
11
10
5
12
17
20
18
18
23
20
23
25
27
29
28
34
32
24
27
24
23
19
23
27
19
21
13
16
26
28
31
30
30
29
25
27
20
13
17
18
9
4
-3
-6
2
-6
6
1
-6
-4
-10
-4
-12
-11
-6
-2
-1
0
0
-6
-4
-3
0
1
1
4
8
12
16
17
26
29
23
24
24
20
15
12
9
-2
1
0
-6
-3
0
0
-8
-9
-10
-12
-12
-16
-21
-15
-11
-14
-16
-20
-20
-25
-25
-17
-23
-22
-20
-31
-30
-31
-28
-26
-30
-36
-37
-35
-38
-33
-42
-43
-47
-52
-48
-50
-42
-40
-44
-40
-41
-43
-45
-38
-28
-37
-36
-35
-36
-35
-35
-37
-40
-41
-40
-40
-35
-28
-27
-28
-23
-30
-30
-29
-34
-31
-38
-33
-31
-31
-34
-36
-36
-38
-32
-33
-27
-34
-31
-32
-37
-36
-38
-39
-41
-44
-54
-54
-59
-42
-35
-29
-25
-32
-30
-22
-20
-25
-33
-39
-36
-38
-38
-32
-42
-41
-35
-29
-27
-28
-21
-20
-16
-10
-7
-8
-8
-12
-9
-16
-14
-18
-17
-13
-9
2
11
15
14
12
14
22
25
25
19
19
12
4
15
18
17
18
19
20
27
25
24
28
21
20
11
10
8
5
6
1
9
10
6
5
2
8
13
9
5
4
8
17
12
12
17
17
17
17
23
33
35
38
34
30
35
36
43
45
42
43
46
46
38
33
32
36
46
44
48
47
48
40
44
42
39
46
38
38
37
34
39
40
43
41
41
36
36
37
35
38
30
37
37
40
45
44
44
44
47
44
40
41
35
34
39
39
39
35
37
35
40
46
47
47
48
51
43
47
38
36
41
31
31
26
27
37
39
45
42
45
38
33
29
21
24
17
18
19
15
16
14
15
17
22
19
18
18
12
12
7
10
9
9
21
20
23
19
16
18
11
17
12
9
7
4
2
0
4
1
1
-2
1
-5
-8
-5
-9
-8
-13
-13
-12
-17
-19
-19
-14
-20
-26
-29
-34
-34
-29
-34
-34
-38
-37
-27
-31
-30
-28
-31
-31
-25
-22
-24
-28
-29
-32
-32
-32
-30
-30
-32
-34
-31
-31
-27
-25
-25
-28
-33
-35
-35
-35
-41
-43
-40
-40
-36
-35
-34
-33
-33
-39
-42
-40
-34
-33
-34
-28
-35
-40
-34
-27
-38
-36
-32
-33
-29
-27
-29
-40
-46
-50
-54
-56
-48
-47
-55
-61
-63
-63
-65
-68
-68
-63
-68
-64
-62
-71
-77
-85
-83
-80
-73
-71
-64
-57
-55
-58
-57
-54
-58
-53
-56
-50
-47
-47
-57
-56
-49
-49
-45
-32
-26
-23
-18
-23
-16
-10
-14
-12
-5
-7
1
5
4
3
0
1
4
5
4
-1
4
12
10
10
7
17
22
25
26
25
23
15
13
12
19
28
32
31
29
22
27
22
25
27
22
32
26
24
17
15
21
23
28
24
21
23
23
28
21
16
8
6
7
13
13
6
4
3
12
18
18
23
22
21
20
19
21
19
20
23
23
29
34
32
32
29
30
30
30
32
35
29
28
29
31
30
27
37
37
35
38
37
32
30
27
35
37
37
37
36
43
42
44
37
23
23
29
32
35
29
25
24
17
20
22
27
27
32
29
29
34
37
36
34
30
30
31
24
29
37
43
38
39
39
37
37
44
41
37
35
32
26
24
27
29
26
27
25
26
38
53
57
53
52
44
44
44
47
49
50
46
44
47
56
54
50
55
55
53
48
52
53
48
46
42
41
42
38
41
38
34
35
28
22
18
19
15
14
9
6
11
6
12
9
4
2
2
-3
-1
-13
-19
-22
-33
-42
-45
-45
-45
-41
-45
-44
-43
-46
-46
-47
-54
-56
-68
-73
-75
-74
-71
-71
-72
-67
-71
-69
-60
-61
-57
-58
-63
-67
-64
-68
-69
-66
-64
-61
-57
-60
-54
-45
-38
-37
-37
-33
-41
-35
-38
-35
-26
-24
-20
-28
-29
-25
-27
-16
-18
-27
-30
-36
-29
-25
-25
-31
-41
-39
-38
-41
-39
-43
-50
-57
-50
-55
-55
-46
-44
-44
-45
-44
-47
-43
-45
-42
-45
-48
-49
-53
-53
-56
-52
-41
-38
-37
-33
-40
-35
-27
-22
-23
-23
-25
-28
-33
-39
-39
-34
-27
-19
-18
-14
-5
-1
3
3
1
2
5
4
4
1
4
-1
-8
-8
-12
-11
-9
-7
-8
-1
2
6
0
-1
1
0
2
-2
-3
-3
-4
0
10
16
19
9
9
9
9
19
15
13
12
10
12
15
18
19
12
13
17
15
16
15
19
12
8
4
6
10
13
19
21
24
22
23
21
28
40
37
36
32
26
22
24
27
34
34
30
32
27
35
40
34
40
34
29
34
34
32
32
32
32
29
23
22
28
37
40
37
40
45
44
49
51
54
56
58
57
55
56
58
66
65
65
72
69
74
78
74
75
76
69
61
59
62
62
67
81
81
72
67
66
68
54
56
52
43
47
36
34
30
25
24
24
15
13
12
9
3
-3
-13
-18
-14
-12
-9
-15
-12
-14
-10
-6
-4
1
-2
-2
-6
-10
-12
-10
-9
-11
-6
1
6
8
6
10
4
9
14
19
13
6
7
5
8
6
16
16
6
13
16
17
16
13
13
11
11
15
12
1
-3
-11
-16
-16
-15
-22
-25
-18
-22
-27
-32
-34
-26
-29
-29
-27
-32
-26
-26
-36
-38
-44
-52
-47
-40
-43
-41
-37
-32
-22
-18
-25
-17
-11
-11
-11
-17
-16
-15
-18
-19
-18
-18
-19
-21
-24
-18
-19
-19
-16
-21
-21
-17
-18
-18
-24
-28
-35
-39
-46
-44
-37
-38
-42
-45
-48
-55
-48
-40
-42
-44
-41
-49
-48
-44
-46
-41
-44
-47
-47
-39
-36
-40
-42
-45
-50
-42
-39
-38
-30
-33
-31
-28
-27
-26
-31
-33
-38
-41
-37
-40
-28
-28
-28
-21
-17
-18
-22
-26
-27
-25
-29
-32
-36
-34
-35
-35
-44
-41
-29
-26
-10
-8
-15
-15
-15
-16
-12
-14
-19
-21
-24
-21
-24
-22
-15
-9
-7
0
7
15
21
24
23
24
22
20
21
26
30
32
37
33
32
35
31
28
27
27
33
36
38
40
38
40
39
37
35
35
29
20
17
10
7
2
3
11
8
13
19
12
10
8
4
-3
-10
-4
-8
-17
-28
-35
-36
-32
-24
-23
-22
-18
-16
-20
-21
-23
-26
-30
-34
-33
-25
-22
-21
-13
-15
-9
1
-2
8
10
8
8
10
18
22
32
33
35
34
37
44
43
47
45
45
41
36
35
37
30
36
38
44
49
41
40
40
43
42
42
38
33
33
39
39
41
38
44
39
27
25
16
20
19
13
17
15
16
10
14
18
20
22
22
25
14
8
2
-4
-3
-2
-3
1
2
7
11
5
9
4
10
16
17
21
18
13
6
9
10
9
15
18
21
25
23
23
36
36
31
36
35
39
31
31
29
29
25
25
29
23
27
19
13
8
6
11
11
9
7
-2
-4
-3
-5
-3
-9
-12
-15
-14
-19
-25
-25
-27
-21
-25
-24
-21
-25
-20
-22
-28
-28
-36
-36
-33
-30
-27
-27
-25
-25
-21
-14
-15
-16
-16
-23
-27
-29
-29
-25
-20
-20
-18
-23
-18
-8
-2
-6
-7
-7
-12
-2
-6
-5
-10
-20
-21
-18
-9
-4
2
-2
4
-5
-7
-3
-8
-2
-3
-9
-14
-19
-19
-18
-22
-22
-24
-20
-21
-22
-19
-25
-29
-36
-39
-40
-45
-39
-42
-44
-45
-43
-31
-26
-18
-12
-10
-10
-13
-15
-16
-24
-24
-24
-23
-21
-16
-12
-10
-5
-9
2
5
7
4
-1
2
3
6
8
14
20
22
22
14
16
17
16
12
7
3
1
11
11
22
27
25
27
14
19
10
6
10
2
3
-3
-5
-11
-16
-20
-17
-16
-21
-22
-21
-25
-26
-30
-35
-24
-26
-26
-31
-36
-38
-34
-28
-23
-28
-24
-24
-21
-18
-17
-13
-11
-5
0
10
11
12
12
10
9
9
14
21
25
21
14
8
12
22
23
26
28
25
24
25
30
29
29
22
17
19
22
14
8
9
4
2
1
0
2
3
3
0
-2
1
-4
-6
-3
-6
-9
-12
-16
-17
-13
-1
7
14
17
18
11
2
2
-3
9
9
11
15
13
20
20
23
26
13
17
29
31
29
30
33
29
32
30
32
38
36
34
36
32
36
38
37
39
34
32
33
34
35
34
28
31
39
35
31
26
28
28
33
34
33
33
33
28
25
26
25
24
21
19
20
21
15
18
16
15
17
26
28
25
27
20
20
13
15
19
13
15
15
13
16
14
14
9
4
11
8
18
16
8
4
1
-2
-8
-9
-5
-4
2
0
1
-3
-9
-8
-3
-2
-4
2
-4
-1
-1
-1
-1
-2
-3
-4
7
11
11
5
9
10
14
12
5
3
-1
-2
-6
-11
-9
-13
-17
-15
-15
-12
-10
-8
-17
-19
-16
-13
-20
-25
-26
-31
-38
-37
-40
-39
-34
-35
-24
-26
-22
-23
-24
-25
-33
-36
-39
-38
-42
-46
-48
-44
-42
-43
-42
-45
-43
-46
-55
-59
-52
-45
-41
-39
-41
-43
-43
-49
-49
-50
-47
-40
-26
-15
-21
-20
-24
-25
-27
-24
-19
-24
-17
-16
-8
-1
0
6
2
6
2
1
0
-4
-7
-13
-19
-25
-21
-21
-20
-16
-11
-16
-14
-11
-14
-16
-19
-15
-14
-12
-20
-17
-12
-19
-17
-12
-8
-7
-9
-8
-6
-12
-20
-22
-29
-23
-26
-21
-10
-5
-3
-10
-10
-12
-12
-16
-22
-17
-11
-10
-7
-10
-11
-13
-12
-14
-11
-14
-18
-15
-11
-11
-7
1
-6
-8
0
2
4
7
9
9
10
13
11
9
13
15
23
25
26
29
30
29
25
30
34
32
36
37
33
28
27
27
35
39
39
38
32
34
26
27
26
25
22
27
24
17
22
14
17
18
18
23
21
25
25
28
25
21
22
12
16
18
17
19
21
26
20
18
25
24
17
15
15
15
14
16
19
9
5
5
12
14
12
18
23
26
27
32
33
29
32
29
22
19
14
12
14
20
23
26
29
31
32
34
40
38
31
32
29
26
26
21
21
25
27
26
22
20
25
29
23
23
28
22
16
17
16
11
8
2
6
3
-4
-4
-4
5
11
7
2
6
8
13
14
10
8
4
4
8
8
-1
-2
-4
-9
-8
-5
4
5
11
14
7
10
7
8
11
2
1
3
-5
-10
-2
-3
-5
-6
-3
-3
-5
-9
-17
-15
-26
-29
-32
-41
-37
-36
-34
-41
-42
-45
-57
-59
-53
-51
-53
-50
-47
-40
-38
-36
-41
-40
-33
-35
-34
-35
-36
-40
-45
-45
-39
-26
-19
-18
-24
-25
-24
-22
-20
-21
-21
-19
-26
-29
-32
-30
-25
-18
-20
-28
-19
-23
-5
-3
-14
-9
-17
-21
-21
-23
-20
-13
-12
-16
-14
-17
-15
-9
-13
-6
-3
-5
-14
-21
-19
-13
-14
-11
-7
-2
6
10
13
20
19
26
24
17
24
19
19
14
7
1
9
9
6
0
-6
-8
-7
-3
2
2
-1
3
3
2
3
6
10
12
15
10
9
9
0
-2
-7
-5
-7
-6
-10
-14
-12
-15
-17
-17
-24
-29
-33
-46
-51
-51
-50
-48
-40
-38
-37
-39
-40
-44
-41
-40
-44
-42
-41
-43
-41
-35
-29
-18
-11
-7
-5
1
10
17
24
25
24
20
22
16
15
24
33
41
46
47
55
53
49
48
40
41
39
47
49
46
42
40
38
36
32
27
28
31
21
19
19
17
16
12
7
-2
1
3
3
6
3
15
7
1
5
3
-2
-5
1
-3
-4
-7
-3
-1
-2
0
-3
0
4
5
7
10
10
8
13
15
17
21
21
23
26
26
23
33
36
28
25
25
30
34
39
36
28
23
23
23
27
27
25
17
12
17
17
17
18
15
16
14
13
20
18
20
16
16
16
18
21
20
17
13
14
10
17
23
23
23
23
20
28
30
32
32
32
40
36
40
35
29
25
22
20
15
12
13
9
10
10
5
-2
-3
-1
0
0
2
7
12
10
5
4
0
-1
-2
2
0
-4
-4
-3
2
-2
-4
-3
-6
-6
-3
0
-1
-5
-7
-7
-7
-6
-7
-2
0
6
6
7
10
13
12
4
9
10
12
21
18
16
15
20
17
20
22
22
22
9
6
5
7
5
6
4
-9
-7
-8
-5
-1
-5
-5
-11
-14
-16
-20
-22
-25
-26
-29
-27
-28
-26
-24
-34
-40
-46
-47
-48
-50
-46
-39
-38
-38
-27
-26
-31
-31
-36
-37
-39
-39
-47
-48
-44
-42
-42
-43
-38
-36
-34
-41
-39
-40
-50
-48
-51
-47
-49
-54
-54
-62
-65
-63
-62
-59
-59
-61
-53
-55
-51
-48
-50
-51
-49
-43
-38
-32
-27
-28
-28
-19
-23
-22
-21
-31
-28
-26
-23
-17
-18
-15
-11
-3
6
13
12
7
9
7
-1
-2
4
3
-6
0
2
7
12
24
24
18
19
13
15
16
9
2
2
4
8
13
20
19
23
25
21
12
9
11
12
18
19
19
16
25
24
29
27
25
31
22
19
14
16
21
16
12
7
5
6
2
3
-2
0
-1
-3
-6
-11
-2
-7
-9
-8
-17
-20
-19
-15
-18
-17
-13
-5
-1
-3
-3
-12
-12
-10
-6
-7
-10
-9
-4
0
-2
-3
0
3
4
9
6
11
6
3
6
11
14
15
9
13
14
22
28
27
32
30
26
25
25
22
28
31
28
28
27
24
28
30
37
47
48
42
45
50
52
53
54
59
54
52
52
53
58
59
60
59
53
53
50
39
44
55
57
55
54
50
42
45
48
51
49
43
40
45
47
38
35
33
34
41
37
32
35
33
32
34
31
34
38
34
35
31
21
19
6
-1
-4
-7
2
-2
-2
-5
-9
-5
-2
-1
-6
-13
-17
-20
-16
-19
-16
-21
-30
-31
-37
-33
-34
-33
-33
-29
-24
-27
-24
-28
-31
-27
-29
-27
-24
-26
-28
-29
-28
-24
-28
-23
-24
-22
-20
-22
-18
-14
-10
-17
-18
-13
-8
-6
-5
-2
4
2
0
4
-1
3
2
5
9
5
2
-4
-1
0
-3
-7
-14
-17
-18
-23
-23
-23
-21
-22
-22
-21
-21
-17
-25
-27
-31
-37
-41
-44
-45
-45
-43
-40
-38
-40
-40
-40
-39
-38
-42
-42
-38
-40
-45
-49
-52
-49
-48
-45
-46
-45
-45
-44
-40
-43
-50
-47
-48
-50
-50
-50
-51
-57
-62
-61
-49
-42
-37
-36
-38
-37
-39
-37
-31
-35
-29
-25
-23
-22
-23
-20
-21
-20
-24
-29
-26
-21
-20
-17
-12
-19
-25
-24
-24
-18
-20
-17
-13
-17
-10
-12
-12
-21
-28
-32
-36
-32
-32
-22
-15
-15
-16
-11
-7
-5
-2
1
4
7
9
6
6
4
2
4
5
15
22
24
34
31
30
27
28
29
24
25
30
33
34
35
37
41
41
47
49
53
53
45
43
37
37
34
32
36
40
30
28
36
34
37
33
29
24
26
25
28
37
29
28
34
28
24
17
14
12
16
19
22
29
23
23
21
18
13
17
24
25
18
13
7
8
14
15
18
11
13
16
10
12
17
21
27
32
37
37
34
32
30
31
30
38
37
44
50
51
48
48
54
55
56
57
62
53
55
55
49
45
46
43
35
38
37
43
48
42
39
30
28
29
29
30
31
31
30
26
21
21
23
25
23
21
15
16
10
2
-2
-6
-6
-11
-9
-12
-7
-5
-2
-1
-4
-2
-7
-7
-11
-11
-9
-3
-4
-10
-4
-1
-5
-2
-5
-13
-15
-13
2
7
9
15
27
12
6
2
-10
-4
-9
-8
-9
-12
-14
-18
-20
-23
-15
-12
-16
-16
-21
-19
-18
-18
-18
-23
-24
-38
-37
-40
-42
-37
-33
-25
-28
-20
-21
-21
-25
-25
-34
-45
-50
-51
-43
-49
-40
-38
-42
-50
-51
-53
-55
-49
-59
-57
-59
-59
-48
-50
-50
-49
-51
-53
-52
-50
-49
-48
-57
-53
-56
-56
-50
-47
-37
-45
-46
-47
-43
-39
-41
-40
-45
-41
-36
-39
-38
-38
-35
-33
-30
-21
-22
-19
-20
-15
-15
-13
-10
-15
-18
-21
-13
-6
-5
-2
-1
4
9
9
9
1
-7
-10
-16
-22
-30
-26
-20
-22
-10
-7
-4
-3
-5
2
6
15
12
5
7
2
4
1
-2
-6
-2
5
8
11
11
7
0
2
6
12
8
6
0
3
2
1
12
9
11
11
11
11
16
10
12
18
15
12
11
14
13
13
14
17
10
12
11
12
11
7
9
12
19
25
26
27
23
28
32
37
30
24
23
15
16
14
12
18
15
14
14
8
7
3
6
8
3
9
9
6
6
8
16
14
15
23
15
22
29
26
32
31
40
43
40
35
32
34
37
32
34
32
28
34
28
28
28
28
33
41
42
39
46
47
45
45
39
44
41
40
51
47
43
39
42
49
53
52
54
52
52
57
63
64
58
49
39
35
27
30
38
43
49
43
37
41
42
41
41
39
31
30
33
27
19
12
9
7
8
9
6
8
2
7
2
-17
-18
-19
-21
-22
-20
-14
-18
-14
-16
-11
-4
-8
-1
-2
4
4
-7
-12
-14
-28
-31
-36
-36
-30
-25
-25
-29
-27
-31
-33
-38
-41
-48
-48
-44
-42
-44
-45
-45
-45
-43
-41
-38
-29
-25
-22
-16
-24
-28
-33
-33
-35
-34
-30
-32
-25
-21
-24
-19
-20
-22
-14
-17
-13
-8
-9
-18
-22
-24
-23
-17
-17
-16
-10
-11
-12
-9
-12
-14
-4
-5
-7
-6
-12
-9
-9
-19
-25
-22
-12
-5
-6
-13
-13
-11
-14
-16
-7
-14
-12
-11
-22
-23
-28
-26
-33
-37
-41
-45
-44
-46
-47
-49
-49
-43
-55
-58
-60
-66
-67
-72
-64
-67
-60
-51
-45
-38
-39
-33
-28
-20
-20
-13
-18
-25
-23
-29
-25
-22
-23
-24
-24
-18
-20
-21
-14
-16
-7
-6
-10
-13
-16
-13
-20
-20
-18
-17
-11
-6
-8
-7
0
4
13
14
7
2
2
1
-2
0
4
8
10
10
16
17
10
0
-3
4
5
7
6
2
-1
-5
-6
-1
1
2
9
10
13
10
4
3
5
1
2
8
9
10
6
11
13
20
18
15
16
17
21
25
29
28
26
24
20
22
26
25
33
42
45
51
54
48
43
38
37
37
41
45
43
48
47
44
40
39
37
38
33
29
29
29
31
25
26
33
35
36
27
21
21
19
20
15
22
22
18
24
22
25
25
23
28
23
18
16
13
18
22
20
22
27
24
33
34
31
27
29
36
37
38
39
43
35
33
31
33
35
34
43
41
32
29
32
32
34
27
27
23
21
20
18
25
22
18
18
21
22
22
21
21
23
24
26
25
19
18
24
23
24
26
40
42
33
30
18
21
19
20
16
12
16
10
12
11
9
7
9
6
10
7
5
4
5
2
-1
-5
-10
-8
-15
-15
-18
-13
-19
-23
-21
-21
-21
-9
-11
-16
-10
-12
-12
-12
-14
-16
-16
-19
-16
-10
-8
-4
-3
-2
-7
-7
-14
-21
-16
-19
-19
-10
-10
-14
-11
-14
-14
-15
-22
-23
-27
-33
-36
-30
-26
-32
-28
-25
-24
-22
-20
-25
-29
-33
-36
-38
-42
-41
-38
-41
-39
-42
-41
-40
-46
-42
-41
-38
-40
-44
-48
-51
-57
-59
-52
-49
-48
-50
-47
-52
-44
-46
-43
-38
-42
-38
-42
-38
-43
-43
-42
-46
-46
-42
-35
-30
-26
-21
-21
-24
-28
-27
-26
-23
-19
-19
-15
-18
-11
-14
-16
-21
-24
-24
-22
-16
-21
-22
-23
-26
-24
-21
-25
-29
-26
-24
-30
-33
-41
-37
-32
-25
-17
-16
-20
-12
-16
-22
-17
-23
-19
-18
-13
-12
-6
4
7
7
-1
5
11
21
24
29
31
29
29
29
33
24
20
22
20
21
18
18
18
17
12
10
4
0
-7
-19
-23
-20
-19
-24
-20
-24
-28
-29
-33
-26
-29
-23
-17
-15
-10
-10
-8
-9
-7
-8
0
2
-11
-6
-9
-6
2
7
13
9
19
16
21
24
28
42
36
48
49
47
45
49
53
50
53
59
72
68
68
76
66
60
56
58
52
46
47
44
41
45
52
53
57
61
65
56
62
65
62
60
63
67
63
66
58
58
58
55
64
60
59
53
59
59
45
49
41
30
31
35
42
41
35
32
30
32
36
35
24
23
23
22
20
22
16
17
26
25
27
23
18
31
34
34
37
26
24
22
21
29
20
11
18
15
16
15
15
9
3
-4
-11
-7
-8
-8
-20
-25
-27
-18
-22
-21
-16
-23
-21
-24
-29
-28
-28
-30
-27
-27
-24
-22
-18
-21
-20
-13
-4
1
4
6
2
4
4
5
3
5
7
4
4
4
2
2
0
4
3
3
0
-6
-9
-12
-12
-20
-23
-30
-32
-34
-42
-40
-44
-50
-50
-55
-50
-47
-46
-46
-42
-42
-50
-41
-45
-40
-40
-38
-41
-46
-43
-39
-41
-39
-38
-35
-31
-27
-21
-22
-19
-23
-15
-15
-19
-20
-19
-18
-20
-16
-19
-20
-19
-21
-17
-14
-15
-14
-18
-13
-12
-12
-13
-18
-22
-29
-27
-23
-25
-31
-34
-33
-38
-38
-41
-40
-36
-36
-42
-48
-47
-49
-50
-56
-64
-65
-70
-69
-61
-61
-57
-56
-56
-56
-63
-57
-51
-49
-47
-41
-35
-32
-34
-31
-28
-31
-28
-28
-23
-18
-4
-4
-2
3
4
15
20
21
16
16
16
16
16
20
21
15
11
8
9
15
13
9
4
-3
-3
-4
-5
1
-5
-7
-10
-7
0
5
-3
-4
-2
1
13
11
9
3
0
8
11
12
12
16
27
30
31
25
18
18
17
20
25
30
29
30
33
33
37
40
33
34
31
31
37
34
26
29
26
26
29
22
35
40
40
43
42
45
42
43
46
45
42
40
35
32
37
35
31
29
24
20
17
18
22
23
19
14
16
19
19
23
21
13
15
16
17
15
16
14
19
21
27
33
23
32
34
29
26
29
38
36
34
29
22
21
21
28
21
22
25
30
33
26
21
11
17
17
21
19
19
22
17
13
8
-1
-3
5
0
-2
8
10
10
15
16
18
19
17
23
19
25
24
18
21
20
17
17
20
15
13
17
21
21
17
14
13
11
6
8
11
3
2
-1
-2
-3
-6
0
2
2
2
3
2
-5
-1
2
-9
-8
-11
-14
-14
-21
-17
-15
-13
-8
-2
5
3
-3
-6
-6
-3
-7
-8
-8
-11
-15
-10
-13
-20
-18
-19
-11
-9
-10
-12
-23
-22
-30
-34
-39
-40
-37
-33
-35
-35
-36
-38
-31
-36
-35
-37
-34
-31
-27
-25
-29
-29
-30
-31
-31
-29
-29
-20
-24
-27
-26
-28
-23
-22
-21
-25
-24
-26
-26
-21
-15
-14
-13
-6
-5
-4
-3
-1
5
4
-6
-11
-18
-16
-7
-5
2
-1
-6
-3
-5
-1
-10
-11
-18
-18
-7
-13
-10
-8
-9
-20
-17
-20
-22
-27
-36
-29
-27
-28
-33
-36
-38
-33
-33
-26
-34
-38
-30
-30
-22
-18
-20
-23
-17
-19
-18
-10
-10
-14
-11
-9
-9
-8
-7
-14
-12
-15
-23
-19
-18
-17
-17
-16
-16
-19
-23
-19
-20
-20
-16
-14
-21
-22
-20
-27
-28
-29
-21
-22
-19
-19
-15
-12
-18
-15
-13
-12
-14
-11
-14
-12
-10
-11
-6
0
-3
-2
-1
-5
-2
3
3
3
-1
-4
-6
-5
3
9
18
15
13
15
17
23
22
25
31
29
30
35
38
36
35
34
36
36
30
38
33
35
35
35
36
38
45
36
41
42
39
35
34
31
36
44
41
37
33
34
35
36
35
33
36
39
42
41
42
45
39
37
29
23
27
32
26
24
15
12
20
23
26
16
16
17
10
14
13
8
9
15
20
18
22
25
15
17
16
9
6
6
9
8
2
-8
-7
-1
-1
6
19
21
24
28
17
13
17
17
21
20
18
18
15
19
18
18
22
15
12
11
18
21
21
22
16
20
17
11
13
10
13
12
11
8
11
6
2
7
7
12
17
15
13
10
5
3
-1
4
2
-3
-7
-10
-17
-20
-18
-20
-18
-13
-9
-13
-11
-4
-10
-15
-15
-16
-17
-16
-11
-11
-14
-15
-17
-23
-20
-29
-32
-29
-31
-28
-28
-24
-23
-23
-18
-19
-19
-19
-22
-24
-29
-28
-29
-38
-33
-30
-25
-19
-8
-3
-7
-10
-18
-15
-18
-21
-28
-33
-30
-29
-27
-29
-27
-22
-15
-15
-21
-22
-17
-18
-20
-13
-12
-12
-2
-4
-8
-6
-10
-6
-6
-8
-9
-8
-13
-10
-10
-10
-6
-14
-8
-8
-10
-8
-5
-4
-15
-17
-18
-19
-22
-25
-19
-26
-33
-21
-15
-5
-8
-11
-9
-16
-18
-22
-29
-36
-38
-34
-35
-29
-20
-15
-12
-8
1
-2
-8
-8
-6
-3
-13
-17
-20
-22
-18
-17
-12
-5
0
3
7
10
8
5
-1
-3
-12
-18
-22
-25
-25
-22
-11
-16
-16
-13
-8
0
1
-5
-6
-13
-21
-18
-19
-25
-26
-20
-20
-19
-24
-26
-17
-15
-9
-2
-12
-12
-15
-16
-10
-13
-15
-11
-12
-11
-2
-3
3
6
7
4
7
18
15
10
15
14
14
16
17
20
25
20
18
13
11
18
23
26
34
39
37
36
31
39
38
38
38
32
35
28
26
29
27
31
28
26
30
28
28
26
16
17
13
6
5
5
6
2
2
-5
-7
-5
-1
4
7
10
10
12
8
11
15
10
14
22
32
38
44
38
34
39
41
47
51
56
60
69
74
72
69
70
74
76
77
76
74
71
69
60
51
52
59
59
59
66
56
52
47
44
44
40
41
39
32
28
26
17
12
11
3
6
10
3
-1
-4
-12
-17
-20
-18
-16
-19
-14
-22
-23
-17
-19
-18
-16
-22
-24
-25
-33
-33
-35
-37
-38
-34
-31
-25
-20
-15
-1
-4
-9
-11
-13
-13
-20
-18
-17
-18
-10
-15
-4
7
5
11
15
15
18
20
24
23
16
18
15
17
14
19
22
15
15
9
7
11
1
-1
-1
-7
-7
-5
-2
0
-4
-2
5
2
-3
-4
-6
-9
-13
-18
-20
-20
-23
-15
-18
-14
-13
-5
-5
-16
-12
-17
-14
-16
-21
-26
-30
-34
-37
-39
-40
-40
-44
-40
-39
-36
-39
-38
-37
-36
-39
-50
-46
-40
-29
-31
-31
-28
-27
-28
-30
-32
-36
-35
-38
-38
-39
-37
-37
-38
-36
-31
-26
-25
-19
-14
-9
-18
-23
-22
-26
-33
-33
-24
-21
-27
-22
-18
-21
-15
-22
-18
-15
-20
-22
-24
-23
-26
-23
-31
-38
-42
-34
-30
-25
-24
-30
-36
-35
-31
-34
-35
-31
-22
-24
-23
-22
-22
-23
-16
-18
-25
-28
-22
-14
-15
-20
-21
-22
-14
-14
-11
-8
-5
2
4
1
2
6
4
3
-2
3
8
16
17
14
17
17
20
23
26
28
32
35
33
32
33
32
35
32
36
39
42
46
44
44
40
36
37
36
42
43
42
40
39
42
38
36
33
24
20
18
8
10
7
4
3
0
-2
-8
0
-5
-1
-2
-2
0
-3
6
-5
-5
-2
1
5
4
11
7
7
9
-2
-1
3
1
5
-3
-1
4
1
7
9
7
9
15
20
22
22
22
19
19
21
23
31
33
35
38
43
42
50
50
44
49
55
61
63
59
61
64
63
63
62
64
62
58
57
55
55
50
46
41
33
40
32
27
29
23
26
28
25
24
21
22
19
10
6
0
1
-1
-3
-8
-8
-5
-5
-4
-2
-2
2
-2
-6
-7
-12
-20
-23
-20
-16
-16
-13
-11
-19
-22
-11
-4
1
9
11
9
14
17
15
13
11
12
15
16
12
15
13
13
12
9
4
1
-1
0
2
1
4
4
0
-3
-11
-13
-9
-2
-3
-2
-3
-7
-8
-13
-13
-17
-17
-19
-24
-21
-29
-24
-23
-23
-13
-14
-10
-7
-4
-7
-8
-13
-16
-20
-26
-25
-23
-24
-23
-18
-22
-24
-27
-35
-30
-32
-31
-34
-38
-47
-50
-48
-50
-52
-53
-54
-52
-49
-49
-47
-50
-54
-56
-58
-55
-48
-53
-48
-48
-50
-47
-48
-46
-43
-38
-36
-34
-34
-33
-32
-32
-36
-35
-40
-28
-18
-20
-20
-27
-22
-23
-25
-30
-33
-32
-29
-33
-33
-32
-34
-33
-34
-32
-27
-23
-12
-14
-15
-12
-12
-7
-12
-16
-21
-19
-13
-14
-11
-15
-19
-16
-20
-24
-19
-16
-13
-18
-22
-15
-19
-25
-19
-18
-15
-13
-9
-6
0
2
4
-2
-15
-13
-6
-3
-12
-7
-2
-1
4
5
10
13
17
17
19
13
9
9
12
13
16
19
18
19
21
23
34
32
37
39
31
38
33
27
29
34
27
23
28
25
22
23
26
28
25
30
35
33
40
36
33
30
24
29
28
28
23
24
22
18
22
19
17
21
20
19
16
14
18
16
14
11
14
15
22
24
28
32
38
38
36
40
37
41
40
42
44
44
44
45
43
46
53
56
56
56
54
39
34
35
36
37
37
34
30
30
26
28
31
30
28
28
25
25
25
21
14
7
8
9
10
11
13
16
26
28
25
25
23
16
18
15
10
14
24
21
15
25
34
41
41
32
26
26
25
29
30
28
27
25
25
28
18
13
17
16
19
21
20
17
20
12
11
17
9
1
3
1
3
8
7
6
7
2
-6
-6
-5
0
-2
-1
-2
-2
3
4
4
3
1
-12
-16
-15
-17
-19
-21
-20
-17
-16
-16
-16
-12
-14
-14
-18
-24
-32
-38
-41
-39
-40
-34
-27
-31
-23
-26
-26
-33
-29
-23
-25
-27
-29
-32
-36
-45
-49
-48
-54
-50
-49
-51
-52
-51
-48
-51
-49
-55
-61
-58
-54
-52
-51
-53
-55
-59
-61
-61
-62
-58
-63
-61
-62
-63
-63
-69
-70
-62
-65
-67
-59
-56
-51
-48
-54
-47
-44
-45
-41
-46
-44
-41
-38
-39
-37
-35
-38
-41
-41
-47
-40
-38
-33
-21
-16
-9
-9
-8
-8
-5
-8
-4
1
-4
-3
-6
-10
-9
-2
1
3
-1
-4
-4
-3
1
-1
-5
-7
-12
-14
-18
-21
-10
-10
-14
-17
-16
-5
-5
-4
1
2
6
8
6
17
18
18
18
19
23
20
16
19
19
20
21
26
25
26
30
30
33
31
36
31
33
37
33
28
30
34
27
27
23
18
18
26
22
26
28
23
29
27
24
22
13
11
7
6
6
4
7
12
19
22
21
21
24
20
23
19
22
24
10
14
16
18
15
20
24
23
30
29
27
34
29
28
23
19
19
18
19
10
11
10
15
23
26
20
24
28
27
26
21
20
18
26
21
20
14
12
13
17
17
19
21
31
36
34
44
37
39
36
36
38
31
23
20
21
20
24
24
12
16
15
16
22
14
21
23
22
30
32
32
29
28
32
29
28
22
20
26
24
23
24
23
21
24
24
29
27
25
25
22
25
22
24
21
20
12
10
11
13
13
14
14
10
16
14
16
18
20
22
19
21
19
27
24
18
15
9
12
10
14
17
8
7
10
6
3
0
-3
-1
0
-4
-10
-9
-16
-17
-16
-18
-16
-19
-21
-29
-33
-34
-36
-32
-36
-37
-42
-45
-42
-44
-50
-49
-49
-52
-51
-56
-55
-58
-66
-66
-69
-71
-71
-79
-76
-75
-75
-70
-72
-69
-67
-63
-55
-58
-57
-56
-54
-47
-45
-53
-52
-45
-43
-43
-47
-43
-33
-36
-37
-30
-29
-33
-29
-30
-27
-21
-18
-21
-24
-28
-24
-14
-14
-11
-22
-20
-17
-15
-9
-16
-17
-18
-15
-17
-22
-15
-20
-28
-23
-22
-14
-16
-16
-14
-19
-19
-24
-20
-16
-16
-18
-14
-13
-18
-13
-14
-19
-20
-19
-25
-25
-20
-13
-14
-13
-9
-15
-16
-22
-23
-19
-21
-18
-17
-13
-7
-10
-6
0
1
7
5
12
16
15
20
16
18
14
6
10
8
8
12
7
-1
0
2
9
12
14
18
20
23
30
26
19
20
12
4
0
-1
-9
-2
7
9
15
18
16
19
24
17
29
29
23
24
26
22
23
25
22
24
22
20
14
12
13
16
21
21
28
30
27
26
29
27
31
37
28
26
32
32
33
31
31
34
39
38
43
44
45
51
56
57
55
59
56
53
50
52
55
54
50
45
47
43
46
39
34
46
46
48
45
43
43
38
34
40
43
41
35
38
32
27
24
27
28
26
35
39
37
33
36
33
35
31
25
29
23
25
33
34
32
27
29
24
28
28
23
26
31
21
11
7
0
-2
-2
-4
-2
6
2
1
6
2
2
2
-2
-3
-4
-10
-13
-15
-14
-11
-9
-13
-17
-6
4
6
4
8
6
-1
-1
-5
-6
-11
-8
-9
-12
-5
-5
-1
-3
-4
2
-2
1
1
-2
-2
-13
-20
-29
-26
-30
-23
-15
-18
-13
-11
-6
-14
-17
-22
-21
-20
-32
-33
-37
-36
-32
-26
-26
-30
-31
-35
-34
-38
-38
-38
-49
-52
-53
-57
-55
-48
-37
-34
-31
-32
-27
-27
-27
-27
-31
-30
-34
-39
-40
-39
-41
-43
-39
-37
-33
-27
-28
-18
-20
-28
-29
-36
-30
-30
-35
-35
-46
-47
-38
-42
-38
-32
-33
-30
-32
-32
-34
-33
-34
-45
-43
-44
-46
-44
-48
-51
-52
-48
-53
-52
-48
-47
-47
-41
-30
-26
-20
-23
-26
-27
-30
-26
-22
-24
-23
-22
-23
-23
-27
-25
-24
-26
-23
-21
-15
-15
-22
-21
-18
-17
-14
-18
-21
-22
-21
-24
-22
-18
-17
-13
-17
-14
-10
-17
-15
-10
-8
-10
-7
-8
-12
-6
-2
-1
3
1
3
4
-2
-4
-6
-3
0
-1
3
6
6
11
14
16
21
17
23
30
32
28
32
39
39
44
47
45
53
58
63
69
66
68
70
65
65
62
61
61
56
55
58
63
64
68
59
58
61
58
57
49
42
41
34
32
33
29
30
33
31
37
35
31
34
27
26
30
23
12
9
1
4
6
2
6
16
28
33
30
30
33
26
22
15
14
5
3
0
-5
-5
-5
2
5
8
15
21
25
30
28
29
30
24
25
19
20
21
19
20
23
25
23
18
27
29
33
44
39
42
45
47
42
39
32
27
31
33
36
32
32
33
32
28
23
26
28
35
34
28
31
23
25
24
21
20
16
18
19
19
21
21
18
16
19
15
18
14
9
11
13
19
15
15
13
12
16
14
17
14
11
11
6
4
-1
-5
-6
-10
-16
-19
-20
-18
-24
-30
-31
-36
-33
-33
-40
-44
-47
-45
-44
-39
-36
-39
-40
-41
-44
-52
-52
-51
-53
-51
-47
-44
-46
-53
-56
-47
-42
-43
-41
-41
-33
-32
-31
-32
-39
-38
-36
-34
-38
-40
-39
-39
-40
-38
-36
-36
-32
-34
-33
-26
-30
-31
-36
-35
-32
-32
-34
-31
-32
-34
-24
-16
-19
-21
-15
-18
-19
-18
-24
-29
-36
-43
-44
-53
-55
-49
-47
-51
-49
-48
-47
-43
-42
-40
-42
-43
-43
-40
-42
-34
-38
-32
-28
-26
-23
-24
-20
-22
-24
-24
-27
-25
-30
-30
-29
-30
-26
-29
-26
-24
-19
-9
-5
2
8
6
3
-9
-15
-12
-15
-14
-14
-12
-16
-19
-17
-18
-18
-8
2
1
7
7
6
3
5
1
3
9
14
10
9
14
16
15
12
6
10
19
15
18
16
15
23
24
18
18
18
17
24
22
23
27
29
35
34
30
30
25
27
33
36
41
39
47
43
40
37
35
36
35
29
38
39
35
38
29
26
29
26
23
31
30
29
33
30
35
36
36
36
30
29
27
24
28
19
22
20
19
29
30
33
28
26
24
25
26
31
29
23
30
26
31
32
35
40
43
47
50
51
50
44
35
35
29
26
30
31
34
40
39
37
43
42
37
28
22
22
23
26
17
15
14
11
13
15
21
24
27
32
34
41
33
30
28
20
21
20
23
29
32
30
34
37
33
32
32
35
36
31
30
29
20
22
23
16
11
10
4
5
4
3
2
3
4
2
5
4
1
4
5
9
0
-1
-2
0
0
-5
-7
-14
-10
-10
1
5
5
5
2
-3
-9
-13
-12
-18
-32
-31
-35
-34
-40
-36
-33
-35
-23
-32
-25
-28
-35
-35
-38
-34
-41
-43
-48
-46
-46
-46
-43
-41
-38
-38
-37
-36
-43
-41
-43
-45
-44
-44
-40
-41
-42
-37
-32
-30
-31
-30
-30
-25
-26
-35
-37
-37
-36
-37
-35
-37
-40
-40
-39
-36
-40
-43
-33
-26
-28
-25
-22
-22
-26
-28
-27
-21
-22
-23
-23
-20
-26
-30
-35
-39
-39
-36
-34
-32
-29
-37
-34
-40
-44
-43
-45
-45
-48
-48
-54
-48
-45
-40
-33
-30
-24
-30
-29
-33
-34
-28
-34
-33
-30
-27
-31
-31
-34
-42
-34
-31
-25
-24
-31
-33
-30
-35
-27
-23
-20
-12
-10
-4
-10
-11
-4
-3
6
6
8
1
-1
6
3
14
11
22
33
39
35
33
38
38
39
33
30
26
21
19
20
22
27
27
29
30
31
24
23
26
26
21
12
12
11
8
15
16
11
16
19
23
29
27
29
30
30
34
28
23
24
20
20
22
27
30
35
32
28
34
39
48
45
45
45
41
35
27
25
17
13
11
12
18
21
22
21
29
27
25
29
23
23
24
27
24
28
34
31
29
29
34
29
36
43
48
51
49
46
45
49
45
47
46
44
47
46
43
38
39
47
46
43
45
44
37
35
31
29
30
26
28
26
31
27
23
30
32
33
32
30
26
23
26
23
22
22
13
21
15
16
20
18
19
13
11
10
10
8
13
4
1
6
1
5
10
7
2
0
-1
3
-6
-10
-15
-16
-18
-24
-26
-26
-25
-26
-24
-27
-24
-30
-31
-28
-33
-32
-31
-32
-39
-41
-44
-46
-48
-48
-39
-37
-31
-26
-23
-24
-25
-31
-39
-29
-28
-28
-18
-22
-23
-25
-26
-29
-25
-28
-29
-20
-23
-25
-31
-34
-32
-30
-25
-25
-29
-35
-34
-32
-34
-32
-29
-25
-32
-35
-29
-28
-28
-21
-15
-15
-16
-23
-26
-28
-31
-30
-27
-27
-26
-25
-24
-25
-28
-23
-19
-21
-22
-23
-25
-28
-26
-28
-28
-32
-32
-29
-31
-31
-27
-28
-28
-32
-26
-28
-29
-25
-32
-33
-38
-36
-34
-28
-22
-13
-9
-10
-5
-1
4
-1
-1
2
6
12
9
8
6
8
10
4
-2
-4
-6
-4
-3
-14
-14
-11
-13
-14
-18
-19
-18
-12
-6
-5
-6
3
-2
-4
-4
-6
-4
-7
-6
-10
-2
-2
4
8
2
6
11
8
15
20
17
24
19
17
19
18
28
31
33
34
36
38
35
39
32
36
38
39
44
38
39
38
34
33
35
36
39
42
43
38
36
29
32
29
33
32
26
22
21
21
19
19
15
13
10
9
10
11
11
12
9
3
3
-5
-9
-11
-17
-17
-20
-20
-21
-19
-17
-18
-15
-13
-18
-18
-14
-13
-15
-20
-24
-23
-25
-21
-16
-15
-8
-5
1
7
12
13
11
4
2
11
19
23
22
18
22
20
24
28
24
30
37
39
39
36
37
35
32
32
24
32
35
30
37
36
37
40
36
38
37
36
30
29
31
22
24
27
30
34
41
39
42
43
39
37
36
35
29
29
29
21
18
14
12
17
21
16
12
11
7
-3
-13
-18
-22
-20
-18
-20
-17
-16
-22
-19
-16
-25
-27
-32
-43
-44
-42
-47
-42
-40
-39
-25
-25
-28
-32
-28
-21
-17
-17
-20
-23
-21
-12
-5
-5
-8
-6
-5
-5
0
1
0
1
-6
-6
-4
-6
-2
2
6
5
9
3
1
5
-2
-3
-3
-7
0
0
-1
0
-1
0
2
4
5
1
0
0
-7
-10
-17
-15
-18
-20
-14
-18
-14
-8
-5
-5
-15
-18
-23
-28
-22
-23
-22
-20
-13
-18
-19
-20
-21
-15
-13
-9
-1
1
-5
-10
-12
-14
-14
-21
-18
-19
-18
-13
-14
-10
-12
-9
-16
-19
-20
-23
-18
-16
-15
-18
-18
-19
-11
-8
-10
-12
-15
-16
-18
-16
-13
-14
-14
-14
-19
-20
-20
-19
-16
-17
-19
-22
-19
-12
-17
-14
-12
-8
-10
-18
-15
-12
-15
-10
-12
-16
-19
-21
-18
-23
-26
-27
-23
-23
-23
-24
-23
-20
-12
-11
-17
-16
-15
-16
-13
-16
-23
-17
-20
-13
-13
-17
-20
-21
-13
-11
-13
-14
-14
-16
-15
-17
-22
-29
-35
-35
-33
-31
-34
-30
-33
-32
-31
-37
-40
-28
-27
-26
-21
-24
-19
-12
-16
-17
-12
-12
-7
-3
1
0
0
6
6
15
17
19
25
27
31
31
36
33
34
30
32
30
29
31
34
35
34
40
45
53
61
57
59
51
44
47
46
52
46
48
52
53
50
47
53
59
59
58
61
64
68
63
48
46
36
25
28
26
29
30
32
32
34
33
31
28
27
34
34
36
29
26
19
16
16
16
15
10
14
16
20
19
17
21
30
29
33
37
28
30
27
30
28
26
28
29
34
33
37
37
42
43
38
43
33
24
26
26
27
24
22
23
21
22
14
4
2
-2
-3
1
-2
-4
-6
-5
-3
-2
1
-3
-2
-6
-3
-8
-7
-5
-6
-1
-2
-1
0
2
2
2
5
7
10
8
3
4
-1
-1
-6
-2
3
5
4
4
3
-1
-1
3
7
2
3
3
1
-8
-14
-18
-18
-12
-11
-9
-11
-9
-8
-2
-1
-2
4
9
10
11
11
3
0
6
4
3
3
-1
-12
-18
-19
-19
-21
-18
-22
-31
-31
-32
-33
-44
-44
-54
-56
-52
-53
-50
-59
-55
-56
-58
-60
-64
-68
-71
-67
-74
-77
-83
-82
-82
-78
-79
-81
-82
-83
-79
-80
-75
-75
-69
-69
-74
-70
-66
-67
-66
-70
-71
-67
-58
-65
-61
-58
-64
-54
-48
-45
-50
-47
-46
-49
-40
-43
-38
-35
-31
-29
-22
-19
-12
1
3
7
11
12
17
20
17
18
17
21
27
22
22
19
17
22
25
26
27
29
33
31
29
24
24
23
14
11
11
4
11
6
5
13
17
15
14
17
17
21
11
8
2
-3
-8
-5
-7
-11
-5
-4
3
9
8
9
9
9
8
11
13
15
16
17
22
22
28
23
20
21
20
19
17
21
18
18
22
18
22
25
25
29
24
24
25
23
23
24
28
26
19
16
15
15
16
19
22
20
17
17
16
19
22
26
28
25
26
30
21
15
19
19
18
10
11
10
7
7
7
13
12
14
22
22
21
27
35
33
33
36
35
37
32
33
35
31
35
32
36
42
42
42
40
39
47
44
40
41
45
41
46
43
45
52
46
48
46
40
33
35
35
29
29
29
30
38
40
47
47
48
50
46
39
40
36
34
35
30
35
34
33
34
27
28
33
32
34
34
36
37
39
37
28
20
21
15
13
10
9
4
3
6
3
3
1
1
-4
-5
-6
-12
-11
-14
-19
-19
-18
-22
-27
-24
-27
-21
-18
-13
-9
-8
-3
-7
-8
-6
-6
-7
-4
-9
-17
-20
-14
-15
-14
-16
-22
-24
-25
-20
-22
-22
-26
-22
-21
-14
-12
-23
-17
-26
-31
-29
-33
-37
-45
-47
-51
-51
-51
-56
-60
-65
-72
-69
-70
-75
-73
-71
-73
-66
-70
-71
-67
-68
-68
-69
-65
-64
-59
-54
-53
-51
-50
-53
-47
-45
-47
-41
-44
-45
-37
-34
-30
-33
-28
-31
-30
-21
-21
-20
-30
-32
-28
-24
-20
-13
-13
-15
-10
-13
-8
-11
-12
-13
-10
-4
-7
-2
-2
-3
-5
-8
-4
-2
-4
4
6
5
13
13
6
3
2
2
5
5
6
3
7
6
-2
-2
-4
-7
-7
6
2
-2
0
-9
-3
-8
-5
-7
-5
-6
-6
-5
-7
-9
-14
-14
-21
-19
-25
-25
-36
-36
-34
-35
-29
-31
-29
-31
-27
-25
-27
-28
-30
-32
-37
-40
-42
-36
-33
-28
-21
-19
-18
-18
-18
-18
-13
-10
-8
-1
4
6
11
13
14
21
25
27
34
39
43
41
44
53
55
50
47
45
43
49
52
58
64
64
64
61
59
57
60
60
62
67
66
64
65
63
59
59
56
57
62
64
63
62
54
46
45
43
40
36
42
34
31
27
30
28
17
20
16
15
10
9
8
11
11
9
10
9
8
9
10
15
19
18
21
23
21
20
22
19
20
21
14
11
14
18
19
25
31
34
35
38
35
37
35
33
35
35
40
46
42
43
44
37
37
29
19
24
19
11
10
0
1
-4
-3
5
2
5
5
3
2
1
-5
-5
-13
-19
-23
-26
-17
-10
-6
-13
-16
-18
-13
-13
-24
-23
-22
-26
-29
-31
-43
-45
-47
-47
-39
-33
-29
-25
-23
-20
-21
-22
-19
-21
-24
-22
-24
-26
-26
-21
-24
-27
-24
-25
-15
-10
-13
-12
-14
-15
-10
-12
-10
-5
-6
-2
1
2
4
2
3
8
8
11
14
19
18
15
21
19
22
15
16
7
9
16
7
2
-1
-6
-12
-10
-16
-19
-25
-26
-23
-26
-28
-34
-42
-42
-42
-44
-38
-46
-45
-39
-39
-35
-37
-44
-48
-45
-42
-42
-42
-44
-41
-46
-50
-48
-40
-37
-37
-34
-36
-34
-36
-33
-31
-32
-33
-27
-21
-20
-15
-11
-16
-14
-9
-14
-7
-4
-7
-9
-8
-8
-11
-10
-11
-13
-14
-11
-8
-12
-6
-1
-2
1
8
6
6
3
-1
0
-7
-9
-4
-1
0
0
-7
-1
1
3
6
3
1
-2
-3
-10
-15
-17
-16
-14
-15
-19
-18
-14
-9
-5
0
-3
-10
-3
-5
-12
-10
-10
-8
-2
4
6
8
10
8
9
6
2
3
3
-2
-4
-11
-17
-10
-14
-11
-5
2
10
8
13
13
14
20
18
26
34
33
32
27
25
21
22
17
18
19
21
26
28
22
24
21
24
33
31
34
30
21
20
19
24
24
22
23
27
38
40
43
37
42
45
42
38
30
34
30
30
27
26
24
24
18
15
17
15
12
10
13
4
5
4
3
8
11
13
18
24
31
36
34
33
31
28
21
21
22
22
14
9
20
25
24
24
29
29
27
24
28
19
19
24
20
21
23
26
26
27
35
39
35
33
34
40
30
24
27
30
33
35
33
27
26
22
17
19
12
6
5
4
1
-6
-1
-1
5
8
10
10
15
17
10
5
-1
-2
-5
-4
-1
-1
-5
-3
-12
-13
-9
1
-2
-4
-2
-9
-1
-5
-9
-12
-21
-15
-17
-20
-20
-16
-21
-15
-12
-17
-12
-10
-10
-7
-2
-6
-3
-4
-1
-5
-14
-11
-16
-16
-22
-30
-32
-39
-40
-36
-34
-34
-39
-35
-31
-33
-36
-35
-36
-36
-35
-40
-38
-38
-38
-37
-35
-35
-34
-25
-20
-21
-21
-28
-31
-33
-38
-37
-38
-36
-37
-39
-34
-39
-29
-27
-26
-24
-21
-16
-22
-23
-23
-28
-26
-18
-18
-20
-21
-17
-15
-13
-7
-1
-1
-1
-3
-7
-8
-9
-17
-22
-23
-18
-17
-18
-19
-15
-18
-18
-17
-20
-12
-10
-13
-7
-9
-11
-9
-12
-15
-13
-15
-17
-16
-11
-19
-24
-28
-29
-32
-33
-36
-37
-34
-37
-30
-27
-28
-24
-26
-31
-33
-35
-31
-30
-25
-26
-22
-22
-26
-34
-31
-18
-14
-8
-9
-11
-13
-7
-3
0
1
1
3
7
4
4
4
-5
-4
5
6
13
14
11
17
26
29
22
17
16
15
13
9
9
7
11
16
15
20
16
18
18
21
21
16
17
9
6
8
3
10
16
17
20
22
22
24
29
32
39
38
30
40
37
43
52
45
41
44
46
44
43
52
51
37
42
42
40
39
43
44
43
47
44
47
49
48
49
51
53
47
43
38
34
35
36
38
40
41
43
48
46
42
42
41
35
26
16
15
14
17
20
25
28
26
31
27
30
32
29
24
20
23
20
21
20
18
26
19
21
29
31
33
31
27
22
15
10
8
10
6
4
-3
-8
-8
-12
-10
-9
-11
-1
-2
4
7
4
2
-2
1
0
2
4
2
-1
9
1
5
0
-4
4
5
8
9
8
7
9
3
-1
-5
-5
1
3
1
-2
-3
-6
-11
-7
-10
-6
-2
-6
-4
-13
-22
-22
-23
-24
-18
-17
-18
-15
-17
-26
-26
-27
-28
-33
-41
-46
-48
-44
-47
-42
-44
-48
-50
-52
-49
-48
-47
-44
-46
-50
-52
-50
-55
-58
-53
-58
-57
-60
-61
-63
-63
-65
-60
-59
-68
-63
-65
-65
-58
-60
-61
-64
-60
-56
-56
-50
-44
-39
-36
-33
-28
-24
-23
-15
-8
-3
1
4
9
3
-6
-9
-10
-11
-2
2
1
3
-4
-6
-1
5
6
8
6
7
6
7
1
2
9
5
2
0
1
2
5
8
8
3
-2
-6
-11
-16
-18
-21
-20
-24
-30
-31
-35
-37
-46
-42
-43
-41
-35
-36
-33
-41
-38
-36
-37
-32
-20
-18
-15
-17
-17
-13
-12
-9
-10
-6
-7
-8
-6
-5
0
-2
4
14
6
4
10
12
17
19
21
20
18
24
29
34
39
43
49
51
52
45
42
52
53
50
46
41
39
32
29
26
27
35
30
29
33
30
26
21
18
13
8
7
9
13
10
15
12
15
7
0
2
-1
-2
-4
-11
-16
-11
-11
-9
-7
-7
-13
-7
-7
-2
13
11
11
13
6
11
12
12
18
25
28
34
41
40
41
42
44
49
53
56
60
58
51
52
52
51
47
48
51
48
47
42
40
44
45
45
57
59
53
61
59
61
66
64
67
71
71
65
67
60
54
52
48
51
46
41
43
42
42
41
39
36
32
30
34
31
27
27
31
29
21
16
18
21
20
17
16
13
9
10
6
13
7
3
-1
-2
4
2
-3
-5
1
-2
-6
-8
-11
-12
-10
-7
-1
-4
-10
-11
-14
-17
-12
-11
-8
-4
-13
-14
-13
-23
-21
-21
-24
-19
-21
-30
-31
-34
-40
-37
-41
-43
-48
-54
-54
-53
-48
-46
-48
-46
-41
-40
-37
-34
-37
-40
-37
-40
-36
-28
-30
-31
-33
-37
-32
-32
-31
-25
-22
-28
-35
-34
-35
-37
-32
-33
-28
-26
-21
-17
-19
-20
-22
-24
-26
-27
-26
-28
-30
-31
-41
-45
-43
-40
-36
-41
-43
-47
-48
-48
-50
-47
-39
-33
-35
-35
-35
-33
-35
-30
-25
-23
-19
-17
-18
-9
2
-1
-3
-8
-8
-4
-11
-16
-24
-28
-21
-26
-30
-31
-32
-28
-24
-23
-24
-24
-26
-22
-25
-23
-25
-31
-29
-34
-33
-33
-38
-33
-24
-21
-20
-22
-21
-21
-14
-22
-29
-28
-30
-33
-36
-35
-32
-33
-34
-29
-28
-20
-14
-17
-16
-8
-9
-10
-17
-22
-25
-29
-19
-16
-12
-10
-9
-5
-1
-1
4
3
-5
-4
-1
-4
-6
-12
-18
-14
-7
-1
2
10
14
20
22
23
24
21
20
26
32
35
31
29
35
34
32
27
25
21
11
12
12
14
17
17
24
27
32
30
32
31
30
31
26
29
26
24
29
31
31
29
35
42
46
51
53
53
54
54
53
46
45
47
45
45
44
44
53
47
52
50
52
53
45
51
51
52
59
60
58
56
59
52
51
49
44
44
43
38
32
30
30
28
35
33
29
20
20
24
11
16
10
13
10
13
21
17
18
18
11
11
14
16
17
16
14
13
19
16
15
23
23
24
23
19
10
6
3
-3
-4
-3
-2
2
0
5
8
10
17
15
10
12
12
15
11
9
4
1
5
5
1
6
4
4
8
6
3
1
-9
-10
-10
-13
-9
-16
-17
-14
-18
-15
-5
-4
-1
4
6
14
12
6
2
-4
-5
-5
-12
-16
-14
-9
-4
-10
-9
-14
-16
-17
-14
-16
-17
-17
-22
-18
-13
-4
-7
-3
-1
-3
3
1
-4
-6
-17
-14
-8
-16
-13
-10
-15
-21
-28
-30
-33
-33
-35
-38
-34
-29
-32
-36
-43
-42
-48
-51
-51
-49
-46
-41
-37
-33
-29
-36
-31
-33
-44
-44
-43
-38
-37
-34
-29
-32
-36
-27
-26
-29
-26
-24
-27
-26
-27
-31
-29
-30
-28
-26
-27
-23
-22
-23
-15
-15
-18
-12
-11
-13
-16
-20
-20
-13
-14
-24
-27
-26
-28
-32
-30
-33
-41
-43
-47
-42
-41
-37
-36
-41
-35
-38
-34
-38
-38
-40
-37
-24
-17
-14
-14
-6
-5
-3
-4
-13
-18
-28
-30
-28
-25
-22
-23
-21
-23
-13
-11
-4
8
11
18
15
14
17
10
11
11
17
22
24
30
24
28
29
36
34
29
36
35
39
31
32
31
28
31
29
30
36
40
33
31
23
22
20
18
21
20
32
32
42
33
37
38
29
35
35
38
36
35
28
24
17
20
16
17
27
25
29
25
30
30
32
28
16
17
13
18
18
16
24
23
25
30
30
30
29
31
33
28
16
15
13
10
8
3
1
4
5
1
9
8
6
11
11
15
15
14
16
20
21
18
19
17
20
25
18
16
16
16
14
18
17
15
18
12
16
11
6
7
4
1
-7
-7
-13
-9
-7
-9
-3
-5
-3
0
6
10
11
19
26
24
21
14
8
19
18
21
22
27
31
27
32
33
29
30
30
27
30
34
33
37
28
24
29
27
32
26
17
22
19
19
13
10
15
5
18
13
9
13
6
2
7
3
1
-3
-4
2
-3
8
3
3
1
-1
5
4
6
16
16
14
10
6
2
1
7
6
0
-5
-8
-6
1
1
1
-7
-16
-18
-18
-22
-25
-23
-26
-31
-36
-33
-33
-37
-39
-39
-38
-37
-29
-24
-26
-35
-40
-37
-34
-39
-37
-41
-42
-46
-48
-48
-57
-57
-65
-63
-50
-48
-46
-48
-45
-41
-44
-40
-40
-42
-45
-48
-48
-49
-48
-45
-45
-41
-38
-36
-30
-29
-36
-42
-53
-59
-58
-61
-52
-48
-51
-55
-53
-52
-50
-39
-37
-33
-34
-29
-27
-22
-14
-12
-12
-3
-4
-8
-1
1
4
0
5
5
3
7
10
14
12
11
14
20
28
31
30
42
35
40
36
25
20
22
23
23
23
19
23
23
16
9
9
9
4
0
4
2
1
1
-2
-9
-6
-7
-7
-6
-9
-6
-1
-1
-3
-3
-12
-12
0
-3
2
2
2
1
1
0
1
1
-7
-2
-11
-13
-18
-12
-13
-20
-12
-12
-8
-5
-1
0
9
5
8
13
13
26
26
24
21
20
17
15
18
18
16
11
12
18
17
16
12
14
10
10
15
14
14
14
17
21
15
18
17
21
25
18
28
28
33
38
33
27
31
37
30
30
30
31
36
38
33
35
32
24
29
22
21
26
19
18
25
29
29
31
26
27
28
29
28
28
34
36
41
37
30
28
30
25
17
18
19
17
17
28
37
37
42
48
50
43
42
40
34
35
31
28
22
24
25
23
24
33
41
41
43
40
30
29
30
21
19
17
18
19
19
14
10
10
1
-1
-10
-4
-1
-8
-16
-17
-15
-20
-13
-18
-24
-23
-23
-25
-23
-28
-37
-40
-41
-33
-28
-33
-36
-31
-42
-42
-33
-27
-28
-33
-28
-27
-29
-32
-30
-28
-31
-26
-21
-21
-14
-24
-25
-19
-23
-24
-24
-19
-25
-25
-22
-21
-11
-13
-11
-16
-12
-11
-16
-13
-12
-14
-12
-8
-7
-7
-12
-15
-22
-18
-13
-12
-12
-7
-3
-8
-7
-12
-6
-6
-13
-9
-10
-12
-12
-8
-13
-14
-15
-15
-19
-16
-11
-21
-20
-24
-24
-23
-34
-28
-29
-30
-30
-38
-42
-44
-48
-52
-41
-40
-37
-36
-37
-41
-51
-53
-54
-64
-61
-56
-58
-63
-64
-58
-56
-53
-53
-49
-51
-41
-34
-35
-30
-28
-34
-38
-35
-29
-22
-28
-27
-23
-15
-16
-11
-7
-12
-11
-4
5
1
-3
-1
-5
0
10
1
5
16
19
15
16
17
13
14
8
4
6
8
7
11
13
7
12
12
12
16
19
24
22
19
16
24
27
24
18
19
23
17
22
22
18
18
15
22
9
7
19
15
20
26
32
36
33
32
29
28
27
24
24
22
25
24
20
33
29
32
36
32
43
50
49
49
52
55
54
52
62
59
55
50
49
48
46
49
51
47
47
54
44
44
41
34
37
34
29
19
18
18
5
9
11
6
12
12
13
12
11
14
10
11
6
6
2
-3
-3
-5
-8
-6
-5
2
7
2
7
4
5
-1
0
-4
-13
-11
-17
-21
-18
-20
-13
-10
-8
-7
-5
-4
-10
-7
-9
-9
-13
-16
-13
-3
1
0
3
3
7
5
-1
7
7
20
14
7
11
6
7
9
22
13
19
24
29
32
33
27
16
29
31
35
38
36
34
35
40
40
38
29
26
24
31
33
21
22
20
15
18
16
22
30
32
40
41
32
19
13
8
1
6
6
4
6
-1
-1
1
-4
-4
-6
-3
2
-5
-9
-10
-15
-18
-17
-22
-24
-17
-19
-20
-25
-22
-16
-17
-16
-10
-13
-14
-14
-17
-18
-20
-19
-19
-16
-17
-21
-25
-26
-30
-28
-29
-36
-43
-43
-42
-32
-26
-35
-36
-40
-42
-50
-43
-41
-46
-41
-39
-36
-42
-42
-43
-43
-45
-45
-39
-43
-44
-53
-59
-58
-65
-67
-63
-58
-53
-52
-48
-39
-32
-33
-46
-46
-49
-52
-50
-48
-52
-53
-46
-38
-27
-25
-35
-30
-20
-20
-14
-24
-20
-27
-29
-28
-31
-35
-37
-31
-32
-30
-33
-27
-25
-19
-26
-21
-7
-8
-8
-10
-4
-9
-11
-3
-6
2
11
10
5
7
11
16
26
24
19
22
23
26
26
22
20
24
29
35
33
28
30
27
27
28
29
29
25
31
39
35
30
34
40
27
20
15
9
7
4
3
5
5
7
12
3
7
11
4
4
3
-6
-3
-13
-11
-1
-8
-11
-8
-4
-5
0
3
5
4
6
8
4
7
11
11
9
16
20
20
19
19
25
26
28
34
30
36
41
38
39
42
42
44
40
38
46
55
55
50
45
45
48
48
47
62
58
53
49
50
61
61
59
56
44
43
37
34
35
32
33
31
35
33
41
38
36
38
31
31
31
28
26
25
19
9
8
24
17
13
25
23
20
21
16
10
2
-2
3
-1
7
6
11
16
15
17
12
16
17
26
16
10
15
4
14
15
20
30
25
20
17
23
20
17
21
14
13
6
4
2
2
6
5
8
0
-1
-1
-2
-2
-2
-12
-18
-20
-29
-27
-32
-38
-43
-43
-36
-31
-34
-37
-40
-40
-39
-44
-45
-42
-36
-37
-36
-39
-40
-32
-34
-44
-55
-50
-46
-55
-55
-57
-57
-51
-50
-42
-38
-35
-39
-37
-33
-31
-33
-37
-38
-35
-35
-32
-35
-31
-24
-26
-22
-18
-12
-11
-9
-14
-21
-19
-13
-15
-16
-11
-10
-9
-1
-1
-3
-3
-12
-12
-9
-13
-15
-19
-20
-24
-23
-24
-21
-13
-13
-10
-7
-10
-12
-16
-18
-24
-18
-18
-29
-23
-17
-18
-19
-13
-15
-10
-16
-17
-20
-17
-17
-18
-15
-25
-16
-19
-16
-8
-8
-10
-13
-9
-14
-21
-30
-30
-30
-29
-26
-31
-30
-29
-35
-30
-32
-30
-27
-29
-24
-28
-28
-36
-35
-38
-37
-32
-39
-35
-38
-32
-35
-31
-26
-30
-31
-28
-19
-25
-22
-16
-11
-10
-13
-7
-14
-10
0
-1
3
0
3
7
11
14
13
11
13
18
25
28
30
22
16
11
5
10
9
14
13
21
25
28
30
25
22
15
15
3
6
15
6
7
5
1
5
11
19
20
25
24
25
25
16
19
19
13
19
24
23
25
26
33
34
37
36
34
34
27
36
33
27
33
32
31
22
33
41
39
45
43
45
40
35
34
35
39
30
34
29
33
38
35
39
40
42
42
43
48
49
50
48
39
38
37
44
45
45
52
53
50
55
50
41
45
44
40
36
38
33
34
37
32
32
35
29
29
31
27
26
16
18
11
9
17
17
14
15
19
19
14
13
12
20
27
19
27
25
23
22
4
-5
-15
-26
-16
-18
-19
-11
-10
-11
-3
-1
0
1
6
-2
-4
0
-6
-5
-9
-13
-18
-19
-15
-9
-13
-10
-12
-13
-7
-6
-7
-2
-4
2
6
-4
-3
-8
-10
-8
-3
5
2
-1
-4
-1
2
7
6
0
-8
-6
0
7
8
7
-1
-6
-3
-7
-9
-10
-9
-18
-30
-27
-25
-26
-25
-30
-32
-35
-41
-47
-39
-35
-42
-41
-46
-50
-39
-35
-33
-32
-31
-31
-30
-30
-30
-19
-24
-25
-20
-20
-16
-18
-25
-20
-17
-17
-14
-14
-10
-12
-12
-9
-11
-11
-14
-15
-16
-12
-11
-10
-14
-13
-12
-13
-9
-8
-14
-16
-23
-19
-12
-18
-16
-20
-20
-23
-21
-14
-23
-18
-21
-15
-18
-28
-25
-35
-31
-28
-21
-28
-32
-29
-35
-26
-28
-32
-36
-37
-43
-42
-35
-33
-29
-33
-32
-35
-27
-30
-27
-28
-22
-12
-21
-20
-30
-34
-33
-30
-28
-23
-22
-25
-16
-20
-17
-14
-14
-22
-26
-23
-26
-27
-26
-22
-21
-23
-24
-23
-17
-18
-16
-12
-9
-12
-5
4
6
13
12
10
17
17
18
16
10
21
26
27
26
27
28
34
40
39
39
37
44
46
39
33
30
29
26
28
18
21
22
27
34
23
26
30
32
37
30
23
15
9
6
5
4
-4
3
3
3
10
10
6
6
7
-2
-10
-5
0
