55
89
77
81
67
67
57
52
48
39
37
42
37
43
37
27
29
21
18
9
4
3
5
6
4
1
0
1
-2
-6
-8
-1
-4
1
-6
-8
3
2
14
17
8
-1
-4
-7
-6
-9
-20
-15
-16
-22
-22
-16
-18
-10
3
7
1
-8
-9
-3
-5
-12
-10
-8
-4
0
-7
-8
-9
0
15
21
26
29
32
33
31
20
11
13
15
16
16
14
15
13
22
28
25
26
30
39
29
23
16
11
13
4
4
3
-3
-9
-11
-18
-24
-22
-27
-37
-39
-43
-49
-47
-51
-40
-31
-36
-37
-43
-39
-42
-48
-52
-52
-48
-48
-49
-48
-46
-55
-60
-60
-62
-56
-44
-41
-37
-43
-54
-57
-54
-43
-43
-46
-47
-49
-50
-50
-44
-38
-31
-35
-31
-33
-42
-53
-58
-57
-53
-52
-49
-46
-54
-43
-34
-40
-45
-44
-36
-38
-31
-37
-43
-37
-40
-42
-45
-52
-54
-50
-53
-54
-59
-65
-63
-58
-51
-53
-47
-45
-39
-24
-20
-15
-13
-14
-16
-14
-16
-24
-25
-23
-17
-9
-2
-6
-16
-23
-21
-20
-15
-4
4
3
16
12
23
30
23
28
27
28
21
23
21
27
27
22
24
21
37
43
36
25
15
13
20
22
19
21
21
25
20
8
1
1
1
3
9
19
17
7
8
7
2
0
1
-4
-2
5
6
6
11
15
20
19
21
22
19
23
18
19
23
21
15
10
5
12
14
7
9
4
4
3
9
17
14
8
12
5
3
10
12
26
31
25
19
16
22
18
21
22
21
31
32
36
34
32
43
49
51
51
51
51
55
58
66
69
76
85
85
82
75
74
76
71
72
75
88
88
87
88
78
76
67
56
50
46
46
46
47
47
33
34
31
31
28
24
27
28
27
13
8
14
17
20
29
26
25
26
14
17
18
15
9
7
2
2
4
7
11
9
4
12
19
13
9
-1
-12
-16
-17
-21
-21
-28
-27
-31
-39
-35
-36
-36
-43
-46
-48
-44
-37
-36
-36
-41
-41
-37
-40
-40
-37
-39
-38
-33
-30
-33
-38
-42
-37
-27
-19
-14
-11
-13
-12
-14
-13
-8
-13
-16
-23
-29
-36
-36
-37
-35
-26
-24
-19
-16
-20
-24
-19
-19
-30
-32
-30
-28
-19
-31
-27
-20
-22
-10
-8
-9
-1
-2
-3
-1
-2
-8
-5
-10
-22
-29
-33
-37
-35
-38
-46
-41
-41
-48
-50
-46
-42
-31
-30
-23
-27
-26
-24
-17
-13
-16
-11
-26
-22
-24
-30
-26
-26
-21
-21
-23
-28
-30
-26
-23
-23
-20
-20
-23
-12
3
2
-3
-17
-18
-11
-5
4
5
10
14
12
14
16
24
35
30
28
20
16
21
16
21
15
13
12
6
13
9
14
16
12
4
5
10
8
10
7
15
18
6
-5
-3
-4
-1
3
-4
-6
-7
-7
-14
-23
-18
-18
-13
-18
-15
-12
-21
-15
-21
-22
-21
-26
-34
-41
-43
-49
-52
-53
-48
-38
-35
-33
-31
-30
-37
-42
-39
-32
-27
-28
-24
-29
-25
-22
-23
-22
-25
-21
-21
-12
-9
-12
-5
0
2
4
5
7
14
25
34
39
37
36
33
31
31
25
23
17
18
26
34
39
37
37
39
33
31
30
27
32
45
48
52
44
47
48
42
42
28
30
36
29
24
23
24
25
22
15
14
18
17
21
27
25
25
31
29
21
30
29
29
25
19
26
31
27
28
23
16
13
0
7
11
15
20
18
24
8
7
6
5
15
18
18
21
20
14
14
7
4
4
0
-8
-18
-24
-24
-32
-30
-24
-14
-4
3
4
1
7
4
7
2
-5
-5
-19
-21
-23
-29
-33
-34
-29
-25
-15
-15
-6
1
8
9
9
7
-4
-3
-5
-7
2
-4
-2
5
11
14
18
20
20
24
23
22
14
13
18
17
22
17
16
15
11
9
0
10
12
15
15
11
19
14
10
7
0
6
12
10
19
11
5
12
6
14
16
17
11
8
10
17
21
22
29
33
38
42
42
35
31
31
28
27
34
33
34
44
44
52
48
39
39
36
34
29
29
21
23
20
12
14
9
11
14
5
-5
-9
-11
-14
-18
-14
-17
-22
-35
-42
-46
-45
-41
-48
-50
-50
-45
-46
-58
-71
-71
-72
-61
-57
-58
-57
-51
-48
-46
-42
-55
-55
-45
-41
-28
-22
-19
-14
-18
-18
-18
-15
-19
-19
-14
-14
-10
-8
-6
-4
-1
2
4
11
11
12
14
14
10
3
2
-5
-16
-25
-29
-29
-18
-7
-2
-4
-5
-10
-15
-21
-26
-23
-28
-29
-34
-33
-34
-40
-54
-41
-59
-3
86
64
61
62
59
61
55
42
31
24
24
15
12
13
14
25
26
31
24
21
20
16
22
26
25
25
32
32
37
39
34
29
27
35
35
29
24
21
19
18
16
15
16
13
14
7
1
0
-3
0
0
-2
-10
-13
-19
-17
-16
-17
-15
-19
-23
-24
-20
-19
-21
-19
-21
-17
-16
-11
-9
-11
-17
-27
-24
-24
-27
-30
-30
-26
-21
-21
-25
-28
-31
-33
-32
-31
-30
-20
-20
-22
-18
-17
-14
-10
-8
-9
-2
-2
-3
-1
2
-2
0
0
-8
-6
-5
-6
-11
-22
-20
-20
-20
-23
-21
-19
-28
-32
-32
-28
-27
-25
-24
-19
-14
-10
-9
-15
-16
-14
-16
-17
-14
-13
-13
-8
-14
-20
-22
-11
-3
-2
-6
-4
3
-4
1
-1
-7
-12
-13
-6
-6
-9
-13
-7
-8
-11
-8
-11
-11
-13
-16
-26
-33
-25
-19
-12
-15
-17
-17
-26
-23
-25
-34
-33
-32
-22
-16
-16
-19
-23
-20
-20
-11
-4
0
-3
-7
-9
-7
-2
1
6
16
22
16
22
22
15
15
12
10
16
20
19
21
24
24
27
28
31
37
40
37
33
29
23
22
23
20
13
12
7
11
18
23
27
29
18
9
6
3
5
10
8
2
-4
-7
0
-2
-1
-7
-13
-8
-8
-9
-8
-9
-10
-5
-7
-5
-1
2
3
4
10
15
24
23
27
33
28
28
27
30
36
31
31
26
27
38
43
41
37
43
39
39
44
38
42
42
45
53
54
56
56
51
44
46
41
41
42
30
27
26
10
6
9
0
4
9
9
12
17
18
17
13
0
2
2
6
8
4
8
9
10
13
9
15
21
22
19
22
22
25
34
30
34
35
30
31
38
37
37
35
25
22
22
18
19
18
8
6
3
-1
-2
-4
-6
-7
-2
5
14
7
-6
-11
-13
-16
-20
-22
-16
-15
-15
-9
-14
-23
-29
-27
-22
-20
-22
-18
-9
-14
-19
-22
-25
-23
-13
-10
-9
-14
-17
-15
-17
-16
-16
-12
-18
-22
-24
-21
-22
-26
-27
-30
-37
-43
-50
-51
-47
-47
-47
-48
-39
-41
-45
-43
-45
-46
-44
-44
-41
-35
-42
-42
-44
-55
-54
-55
-46
-39
-36
-30
-32
-37
-36
-31
-30
-26
-28
-24
-21
-21
-19
-25
-25
-26
-21
-24
-16
-10
-8
-6
-1
6
-1
0
10
11
14
14
18
24
17
13
14
16
15
17
7
9
12
8
9
12
15
12
13
8
9
2
0
-3
-2
0
-4
-10
-15
-16
-13
-9
-20
-24
-29
-31
-34
-34
-36
-38
-39
-38
-36
-32
-24
-28
-26
-31
-31
-22
-25
-22
-14
-12
-8
-4
-3
0
4
6
5
6
13
23
28
38
40
35
37
35
39
49
48
48
52
50
46
41
39
36
38
44
43
40
40
41
37
37
32
35
35
33
28
20
25
20
12
9
-6
-8
1
-4
1
2
2
-5
-4
1
0
-7
-6
-4
-11
-9
-9
-2
4
10
7
9
16
14
20
19
8
4
5
3
3
2
-5
3
6
7
13
18
20
26
23
19
22
19
21
23
25
18
14
17
23
26
26
23
23
22
27
22
22
19
15
23
28
24
18
17
14
13
13
10
7
9
13
17
20
15
9
11
12
14
13
7
7
12
12
17
13
14
16
18
25
31
30
26
25
25
25
25
21
21
20
21
18
10
5
-1
-7
-5
-9
-19
-24
-32
-43
-48
-42
-39
-40
-39
-40
-41
-38
-41
-47
-49
-52
-53
-51
-51
-57
-49
-47
-52
-44
-45
-50
-47
-39
-41
-38
-37
-31
-32
-29
-30
-26
-17
-14
-3
1
0
4
0
2
8
1
1
0
5
11
14
20
14
17
19
23
25
19
14
16
14
13
7
-1
-4
-7
-11
-16
-24
-22
-16
-15
-17
-18
-21
-30
-33
-35
-36
-40
-37
-38
-44
-40
-41
-40
-40
-50
-39
-31
-28
-24
-25
-31
-36
-35
-27
-19
-15
-11
-7
-2
-1
2
3
1
-6
-5
-3
6
5
5
15
15
17
19
14
14
18
17
21
30
27
27
27
27
31
31
39
38
32
31
25
22
24
20
20
16
9
6
2
0
-6
-8
-3
-1
0
-5
1
8
8
8
9
10
7
4
-5
-13
-10
-6
-10
-16
-23
-29
-26
-18
-11
3
10
8
5
9
11
13
22
23
19
16
17
20
19
17
12
3
-3
6
9
16
15
10
10
12
18
15
6
3
3
0
-1
-1
-3
-4
1
-1
5
1
-2
2
3
9
8
11
8
11
10
9
17
10
5
7
8
0
-4
-4
-1
13
11
15
13
6
6
-3
-8
-6
-4
2
5
9
10
6
10
7
8
11
5
6
-1
-2
-1
-4
1
-4
-4
-3
-2
-4
-8
-11
-10
-14
-13
-12
-19
-14
-17
-13
-12
-13
-14
-16
-20
-24
-23
-22
-20
-14
-5
-1
2
6
3
6
16
16
11
4
0
-7
-3
-1
-2
6
8
6
4
3
9
12
17
20
21
17
13
13
15
21
17
11
13
15
22
20
20
17
12
12
10
3
2
1
3
12
12
9
11
12
17
20
18
12
8
10
16
12
21
28
26
22
20
24
23
21
14
16
16
17
13
4
5
7
9
14
15
17
13
15
10
3
7
6
8
15
16
15
18
20
19
17
17
17
19
17
17
14
10
5
-2
-1
-1
1
0
-6
-15
-11
-16
-20
-14
-18
-14
-20
-22
-21
-20
-17
-16
-13
-5
-1
-2
7
8
12
9
7
13
16
13
7
5
7
8
1
0
-4
-9
-8
-9
-12
-11
-9
-11
-2
4
4
1
-5
-5
-5
-2
-2
1
4
3
0
-3
1
-1
2
3
10
14
11
9
-3
-7
-11
-5
1
-2
-11
-11
-12
-13
-7
-11
-9
-2
-8
-2
-3
-9
-19
-11
-7
-15
-13
-16
-9
-14
-22
-21
-22
-20
-16
-16
-18
-17
-11
-19
-16
-14
-8
-6
-7
-10
-14
-12
-12
-2
6
6
7
9
4
-2
-1
9
9
16
17
7
4
6
6
10
4
3
4
4
3
-4
-9
-13
-11
-8
-6
-3
-1
-5
-7
-14
-14
-19
-23
-19
-22
-24
-26
-32
-28
-28
-24
-21
-23
-22
-24
-22
-30
-37
-42
-42
-45
-44
-52
-65
-65
-67
-61
-61
-62
-56
-52
-53
-61
-59
-57
-59
-58
-65
-65
-68
-66
-60
-53
-42
-35
-32
-29
-31
-29
-20
-20
-13
-10
-3
-4
1
5
4
13
17
24
25
26
29
32
37
46
44
38
35
36
35
28
29
25
14
10
8
8
10
9
9
13
12
7
3
0
-4
-8
-16
-16
-16
-13
-15
-12
-3
5
5
1
4
2
4
1
6
6
0
5
3
3
1
7
15
11
7
4
11
16
20
32
32
35
35
41
49
51
52
46
44
52
53
59
60
56
56
57
65
63
71
71
68
66
63
60
53
46
45
48
49
44
39
41
31
29
33
38
46
48
52
46
48
43
36
34
30
28
25
28
26
20
12
8
5
-1
0
-3
-3
0
1
-3
-3
3
2
5
-1
-5
0
5
12
8
14
15
12
10
9
4
0
-5
0
3
0
7
9
12
10
4
9
13
13
15
16
21
18
16
27
27
35
24
17
23
27
28
27
28
22
21
20
24
26
20
17
9
7
13
10
4
-1
-8
-12
-14
-20
-14
-8
-8
-1
-5
-15
-15
-15
-14
-19
-20
-25
-25
-28
-24
-15
-16
-14
-18
-26
-25
-22
-33
-32
-37
-41
-39
-37
-35
-39
-43
-39
-49
-51
-45
-47
-41
-42
-45
-46
-53
-57
-53
-52
-50
-49
-50
-52
-43
-47
-55
-49
-52
-49
-48
-46
-43
-36
-35
-31
-36
-41
-37
-35
-30
-28
-27
-24
-12
-12
-15
-13
-18
-19
-20
-22
-18
-18
-25
-24
-24
-25
-20
-21
-28
-37
-36
-39
-40
-34
-37
-35
-37
-36
-30
-32
-28
-32
-32
-31
-26
-25
-27
-29
-33
-36
-42
-46
-46
-47
-40
-34
-32
-36
-35
-32
-29
-22
-22
-21
-18
-18
-16
-13
-12
-15
-14
-14
-7
-3
2
6
7
18
18
17
16
12
19
15
15
18
20
21
26
36
36
43
41
37
37
35
43
46
46
48
54
52
46
49
53
49
41
33
28
31
38
36
31
26
25
19
16
18
15
10
7
0
-3
0
-3
-4
-7
-5
-3
-2
2
6
9
5
3
-1
-3
-4
-6
-9
-7
-10
-8
1
7
9
10
11
12
17
17
23
23
24
27
26
28
33
38
40
44
51
64
71
73
72
73
71
78
88
84
78
69
68
71
66
68
76
74
65
69
62
61
66
73
81
75
79
80
72
72
73
68
61
53
52
50
45
46
48
47
40
32
22
20
16
14
13
11
7
0
-1
1
5
7
8
14
11
9
7
-2
-7
-16
-13
-9
-8
-11
-20
-23
-17
-15
-11
-15
-21
-25
-26
-21
-25
-28
-36
-34
-28
-26
-20
-15
-13
-18
-24
-22
-24
-29
-34
-33
-31
-34
-32
-32
-30
-24
-25
-21
-26
-38
-37
-41
-34
-29
-24
-21
-20
-23
-28
-27
-35
-36
-38
-39
-39
-40
-42
-43
-40
-41
-40
-44
-46
-47
-50
-57
-60
-66
-73
-77
-84
-80
-85
-88
-88
-91
-93
-89
-84
-81
-86
-86
-89
-90
-87
-81
-81
-83
-84
-81
-72
-74
-77
-80
-72
-75
-71
-63
-58
-51
-51
-54
-52
-41
-33
-30
-31
-26
-22
-12
-5
-3
1
7
11
12
17
23
24
32
32
32
35
31
30
30
37
40
39
38
31
20
12
12
8
4
-4
-12
-13
-18
-19
-13
-12
-13
-13
-16
-21
-25
-26
-30
-31
-27
-34
-38
-40
-47
-51
-49
-47
-51
-47
-46
-42
-30
-27
-24
-24
-21
-21
-19
-13
-8
-8
-4
-4
-3
11
18
29
41
46
55
58
59
54
49
48
52
59
62
64
66
59
55
59
57
62
69
65
65
67
63
62
52
51
52
49
48
49
46
41
36
40
39
38
34
29
24
23
27
26
30
35
31
27
25
25
26
26
26
26
24
21
23
35
38
40
35
37
38
34
39
40
44
44
42
36
33
31
35
37
41
38
39
43
46
49
54
60
68
81
84
88
86
86
83
86
92
94
100
99
91
85
80
75
69
74
71
69
73
77
72
59
54
44
37
31
35
40
37
40
34
25
18
17
11
10
13
8
10
11
12
7
2
-6
-9
-10
-11
-13
-19
-24
-27
-27
-28
-28
-36
-36
-42
-42
-37
-35
-40
-41
-45
-52
-46
-44
-44
-46
-50
-53
-45
-45
-47
-45
-47
-52
-56
-51
-51
-54
-56
-60
-55
-49
-49
-49
-48
-48
-46
-44
-45
-49
-58
-55
-44
-36
-25
-24
-21
-15
-16
-6
-3
-6
-5
-10
-14
-14
-22
-25
-23
-23
-31
-30
-25
-25
-24
-26
-27
-29
-30
-34
-35
-45
-51
-51
-50
-53
-56
-61
-67
-66
-75
-76
-78
-74
-72
-77
-77
-84
-78
-79
-79
-70
-61
-65
-70
-66
-63
-59
-58
-58
-57
-53
-50
-45
-41
-49
-46
-43
-38
-26
-22
-19
-16
-20
-10
-14
-20
-20
-22
-16
-13
-9
-15
-17
-16
-8
0
8
16
10
9
11
10
13
14
14
15
15
7
7
4
1
3
4
7
2
3
4
5
5
4
3
-3
-8
-10
-9
-12
-6
-10
-10
-6
-13
-13
-13
-16
-9
-6
-8
-1
-2
-2
-5
-12
-15
-16
-12
-2
2
2
4
4
4
10
17
12
15
14
10
16
21
27
36
47
49
52
54
53
57
55
62
68
67
67
67
67
68
62
68
71
66
66
66
64
63
61
58
61
64
65
65
67
70
71
74
68
64
65
66
67
63
57
51
51
47
53
53
56
51
40
39
44
43
47
54
54
53
47
42
40
40
34
37
32
33
35
30
31
25
20
24
23
22
24
31
33
30
30
25
23
26
25
18
16
15
9
8
2
1
7
10
13
22
25
21
28
27
26
31
29
28
27
32
36
32
30
34
28
27
30
25
32
33
28
32
33
32
34
35
41
41
40
36
30
27
27
21
12
10
7
-2
-3
-6
-12
-14
-20
-20
-22
-25
-31
-40
-42
-42
-41
-37
-42
-45
-52
-50
-53
-52
-48
-52
-52
-50
-52
-57
-55
-59
-60
-59
-54
-58
-53
-50
-52
-42
-37
-30
-30
-37
-42
-37
-31
-28
-29
-28
-30
-38
-36
-27
-26
-23
-19
-18
-22
-27
-28
-28
-25
-23
-20
-25
-30
-29
-31
-36
-32
-33
-28
-29
-27
-28
-26
-24
-29
-32
-47
-39
-43
-39
-39
-41
-40
-48
-48
-54
-57
-62
-63
-56
-55
-64
-64
-64
-69
-70
-71
-66
-63
-62
-63
-68
-66
-66
-62
-64
-65
-68
-65
-60
-63
-56
-50
-49
-49
-46
-48
-47
-51
-52
-50
-49
-38
-37
-38
-35
-26
-23
-19
-10
-12
-11
-6
-8
-8
-6
-3
2
2
10
17
20
25
26
23
21
11
14
17
16
18
21
21
19
23
24
24
22
27
30
28
33
35
29
26
21
26
29
36
45
42
42
45
42
37
32
26
26
17
15
16
12
12
13
7
11
16
13
15
14
10
5
2
-1
-7
-2
7
13
17
20
19
22
23
23
28
31
34
37
37
36
36
40
37
36
47
47
50
56
57
51
52
50
46
51
57
65
66
77
81
78
68
66
62
59
65
60
60
59
54
49
50
49
47
47
45
46
43
38
32
29
20
13
9
5
3
3
7
5
5
2
-1
-3
-6
-13
-12
-16
-17
-20
-28
-25
-20
-14
-14
-19
-22
-19
-15
-10
-3
3
1
1
3
6
8
6
8
15
14
17
20
18
21
23
21
25
29
31
37
40
38
35
37
29
24
27
25
26
20
10
6
6
1
1
-2
-5
-4
1
6
5
6
-3
-1
-2
-5
0
-4
-9
-8
-9
-13
-13
-18
-24
-20
-26
-21
-13
-12
-10
-20
-22
-24
-33
-37
-40
-46
-45
-45
-40
-38
-42
-47
-52
-49
-39
-33
-31
-33
-35
-39
-37
-36
-39
-35
-36
-40
-40
-38
-33
-33
-34
-44
-46
-37
-35
-27
-28
-29
-28
-27
-24
-26
-26
-27
-27
-28
-21
-20
-17
-21
-13
-7
-11
-5
-5
-1
5
9
7
5
4
1
1
-3
-6
-1
5
3
0
-8
-12
-5
-8
-5
-4
-8
-14
-17
-16
-14
-11
-15
-15
-22
-26
-24
-20
-26
-24
-24
-37
-39
-33
-33
-36
-38
-44
-46
-49
-46
-46
-45
-47
-45
-39
-37
-31
-31
-29
-26
-30
-28
-28
-27
-25
-23
-14
-5
-4
-7
-3
-1
0
14
22
23
18
17
14
7
9
7
6
10
17
22
21
23
20
16
21
24
32
34
34
34
28
21
18
11
10
9
7
17
15
19
22
15
12
9
10
5
-1
1
2
3
3
6
0
-3
-2
1
-2
-6
-5
2
6
8
8
4
5
6
10
18
22
24
29
25
25
22
25
24
26
31
35
35
38
46
47
55
57
57
56
52
47
36
37
42
42
35
37
41
45
37
34
34
29
34
28
20
10
7
11
15
13
18
14
13
13
14
16
14
14
11
10
7
8
3
3
6
4
8
14
13
13
14
10
6
6
5
0
6
11
11
13
15
18
19
20
20
29
37
39
37
32
27
24
27
33
36
45
39
43
43
40
37
35
32
28
22
15
11
3
6
5
6
7
0
-3
1
-1
-3
-2
-14
-14
-12
-20
-20
-22
-15
-9
-12
-11
-17
-20
-23
-20
-20
-19
-16
-20
-14
-10
-5
-1
3
9
8
8
9
9
10
13
21
21
21
23
29
30
26
24
22
19
15
17
16
17
19
19
12
1
-3
-12
-12
-15
-15
-14
-15
-19
-21
-23
-30
-30
-42
-46
-42
-41
-40
-40
-39
-42
-39
-47
-50
-54
-54
-52
-55
-48
-49
-57
-59
-54
-55
-54
-47
-47
-41
-35
-35
-29
-28
-29
-30
-25
-25
-25
-22
-18
-12
-17
-13
-20
-18
-15
-16
-9
-4
-1
-5
-3
-3
-1
-2
-3
-2
-13
-15
-21
-25
-22
-26
-30
-32
-28
-28
-27
-29
-28
-35
-40
-41
-44
-45
-45
-49
-42
-46
-55
-53
-62
-67
-66
-73
-77
-72
-66
-62
-61
-57
-54
-51
-46
-51
-49
-44
-42
-32
-33
-35
-35
-29
-30
-24
-21
-24
-24
-25
-20
-23
-27
-24
-20
-21
-9
-5
-1
4
5
11
6
3
0
0
-6
-2
-2
-2
5
5
3
-4
-7
-8
-1
4
6
15
18
21
22
22
25
26
34
34
29
25
20
12
12
17
12
17
23
24
24
25
33
33
31
34
38
38
41
46
39
39
35
31
28
32
31
27
35
32
33
30
33
37
35
32
26
25
20
25
19
25
26
14
9
10
13
9
10
6
10
15
16
13
14
17
22
31
30
32
30
32
38
43
52
52
52
57
57
55
54
65
66
67
73
68
75
75
71
69
63
72
67
70
72
64
60
58
57
54
62
56
54
56
51
50
47
48
48
46
45
40
36
32
28
25
16
12
8
1
-1
-6
-10
-15
-15
-20
-21
-21
-19
-15
-16
-14
-11
-13
-20
-22
-20
-28
-35
-38
-38
-33
-37
-34
-35
-33
-28
-23
-18
-17
-11
-6
4
6
5
7
6
6
9
17
19
17
10
4
10
7
10
15
15
23
25
25
19
16
15
12
11
9
7
-2
-2
-4
-9
-13
-20
-25
-28
-24
-22
-20
-20
-22
-23
-22
-18
-11
-2
-5
0
3
1
0
-9
-7
-12
-12
-12
-7
-9
-4
1
-4
-3
-12
-13
-11
-13
-5
-5
-7
-6
-9
-17
-23
-23
-20
-18
-25
-29
-34
-38
-36
-34
-33
-31
-27
-31
-30
-35
-40
-37
-37
-40
-43
-44
-50
-47
-49
-52
-53
-54
-56
-60
-56
-51
-46
-35
-33
-34
-30
-31
-25
-22
-17
-15
-11
-7
-11
-4
-13
-17
-21
-24
-24
-21
-15
-15
-10
-9
-8
-9
-15
-12
-7
-9
-13
-10
-8
-11
-12
-17
-21
-25
-24
-28
-31
-35
-35
-33
-38
-33
-28
-28
-31
-29
-26
-24
-22
-23
-25
-29
-34
-37
-39
-42
-41
-37
-31
-27
-19
-8
-7
-2
-5
-8
-7
-14
-16
-16
-11
-3
-2
1
5
2
7
4
9
10
13
20
19
19
21
24
24
21
18
21
18
22
26
27
24
25
24
23
23
22
16
12
16
12
14
11
5
4
5
9
10
12
9
6
5
4
5
2
4
6
5
4
1
5
11
10
14
21
20
24
21
22
27
25
24
24
20
25
25
25
24
26
26
26
30
26
33
38
43
50
46
45
38
45
50
55
52
44
52
44
52
52
47
49
45
48
49
49
50
49
46
51
48
44
42
37
42
43
39
43
38
37
44
45
47
51
49
48
51
53
51
45
53
43
34
34
37
35
32
31
28
29
25
22
19
12
4
-2
-6
-8
-11
-13
-19
-20
-15
-14
-19
-17
-22
-24
-24
-25
-16
-18
-13
-12
-13
-12
-4
-7
3
9
11
15
14
15
13
22
18
18
25
22
23
18
19
16
16
23
19
26
30
35
34
34
37
31
31
23
20
12
8
10
13
18
20
19
23
27
21
24
22
20
19
16
10
5
1
-7
-9
-7
-13
-12
-15
-17
-16
-20
-25
-24
-28
-33
-38
-42
-45
-45
-44
-46
-49
-52
-45
-45
-44
-44
-45
-42
-46
-51
-55
-48
-49
-51
-40
-44
-46
-44
-45
-39
-40
-37
-39
-42
-47
-50
-43
-40
-35
-37
-40
-42
-41
-41
-37
-32
-38
-35
-40
-44
-41
-36
-36
-33
-31
-34
-29
-37
-44
-46
-53
-46
-47
-49
-53
-58
-56
-55
-49
-49
-56
-51
-51
-45
-39
-43
-43
-44
-44
-39
-40
-38
-35
-37
-42
-43
-37
-39
-32
-30
-37
-36
-43
-51
-44
-46
-48
-43
-37
-35
-33
-32
-38
-46
-47
-45
-49
-48
-49
-48
-49
-49
-46
-40
-40
-39
-37
-37
-34
-32
-29
-35
-32
-27
-21
-17
-19
-15
-13
0
1
-2
0
-6
-2
9
19
21
23
24
25
29
38
40
39
42
43
54
49
43
41
37
33
38
41
44
45
50
51
41
42
36
40
45
41
43
40
36
38
41
33
29
25
22
19
17
14
13
21
16
24
23
21
28
30
30
35
37
42
38
39
37
39
36
36
43
43
45
46
50
49
56
62
73
80
84
85
79
76
72
66
68
70
69
68
74
77
79
81
81
82
82
76
76
80
80
87
81
77
76
69
67
60
58
63
61
54
52
43
29
19
19
15
18
25
17
22
22
17
13
14
16
10
10
10
9
12
14
16
17
18
20
17
12
16
22
23
23
15
10
4
1
5
9
6
3
8
4
5
8
7
1
0
6
0
-3
-7
-10
-13
-11
-10
-15
-17
-17
-15
-14
-17
-23
-25
-27
-31
-31
-35
-40
-38
-44
-48
-51
-53
-55
-56
-54
-52
-56
-58
-53
-54
-58
-49
-46
-48
-48
-51
-49
-38
-32
-39
-43
-41
-42
-43
-45
-52
-55
-50
-47
-43
-47
-45
-42
-43
-38
-37
-37
-40
-42
-49
-47
-41
-42
-40
-37
-35
-33
-33
-38
-42
-42
-47
-47
-42
-44
-40
-39
-39
-41
-41
-43
-49
-45
-45
-46
-44
-49
-49
-52
-50
-42
-41
-38
-38
-40
-32
-24
-22
-21
-23
-28
-29
-29
-26
-23
-26
-22
-20
-23
-21
-16
-12
-8
-8
-7
-3
-6
-6
-5
-5
0
-1
-4
-1
1
-1
-4
-12
-22
-23
-20
-24
-24
-27
-36
-38
-35
-33
-29
-28
-32
-37
-37
-34
-36
-38
-45
-52
-46
-47
-43
-37
-35
-27
-31
-25
-19
-22
-24
-27
-27
-30
-22
-20
-20
-14
-18
-13
-3
3
6
10
10
11
15
20
17
17
15
19
24
28
33
39
46
40
32
38
43
43
47
52
52
53
54
52
56
56
59
65
68
66
66
68
71
75
74
76
70
74
80
75
82
83
87
91
92
93
88
91
92
92
91
91
90
86
83
84
84
81
78
77
80
75
77
79
75
71
74
78
69
73
73
78
76
67
65
54
43
30
24
26
22
17
17
16
20
14
20
18
14
15
10
12
12
18
20
20
23
21
13
12
9
15
19
21
24
19
16
15
10
9
12
14
16
25
23
21
19
24
24
19
17
11
11
14
17
14
12
5
2
2
2
3
-5
-11
-17
-21
-20
-23
-25
-34
-37
-40
-41
-43
-46
-47
-53
-53
-54
-61
-77
-77
-79
-78
-76
-84
-81
-89
-89
-87
-85
-79
-83
-84
-87
-83
-85
-82
-75
-74
-67
-66
-65
-64
-67
-63
-55
-54
-47
-41
-34
-35
-39
-34
-34
-35
-26
-27
-28
-21
-21
-18
-20
-19
-16
-19
-11
-11
-8
-5
-10
-9
-21
-20
-17
-12
-9
-9
-11
-16
-12
-10
-9
-6
0
-1
1
1
-1
2
4
0
-3
-4
-11
-13
-19
-21
-24
-30
-22
-23
-28
-26
-28
-27
-27
-25
-26
-31
-34
-40
-45
-44
-43
-44
-45
-46
-46
-44
-40
-43
-40
-40
-47
-49
-46
-48
-44
-42
-40
-37
-36
-32
-32
-28
-28
-27
-23
-16
-14
-16
-11
-9
-6
1
6
7
16
13
16
22
15
19
20
22
17
13
12
12
9
11
14
11
9
11
12
14
10
3
3
1
-4
-1
-5
-7
-9
-12
-7
-1
5
3
-3
-2
-7
-8
-9
-6
1
7
12
14
15
10
8
4
3
5
8
6
7
7
5
7
12
21
26
33
36
34
43
41
43
47
51
53
55
55
57
58
54
58
54
61
60
63
66
67
74
67
67
61
60
67
66
68
69
64
62
63
59
60
64
62
59
59
59
60
61
55
59
52
45
42
39
33
27
22
17
22
20
14
15
13
9
9
11
16
13
7
1
-1
0
-3
1
1
2
-1
-1
1
2
4
5
2
3
7
1
0
-5
-5
-1
-5
-4
0
-3
4
0
-6
-4
-4
1
2
5
9
7
8
13
11
9
15
21
19
18
20
14
17
18
18
21
25
22
14
16
16
13
9
7
5
8
7
8
10
13
15
14
13
11
13
7
-2
-6
-6
-4
-3
-9
-13
-23
-29
-32
-37
-32
-35
-39
-32
-35
-39
-44
-53
-47
-37
-34
-32
-33
-33
-39
-44
-47
-48
-43
-49
-43
-41
-43
-42
-44
-35
-36
-42
-44
-42
-42
-42
-42
-40
-40
-42
-35
-38
-34
-32
-29
-23
-24
-18
-15
-13
-12
-9
-6
-1
-4
-7
-3
-1
5
4
7
10
10
12
8
8
8
10
8
11
14
10
10
14
10
8
4
6
6
2
2
-2
-10
-11
-15
-17
-19
-24
-23
-20
-20
-17
-21
-26
-27
-31
-35
-36
-36
-37
-40
-43
-45
-46
-44
-43
-45
-46
-46
-47
-44
-45
-40
-35
-37
-33
-36
-39
-40
-37
-27
-30
-27
-24
-24
-28
-31
-29
-31
-27
-25
-24
-29
-26
-20
-19
-12
-8
-4
-1
-4
-3
-7
-6
0
-4
-4
-9
-17
-15
-11
-15
-14
-10
-11
-5
1
-2
0
8
7
3
-3
-3
0
1
0
2
1
-3
1
1
-6
-1
-4
-5
1
-1
1
0
-4
3
10
8
10
18
20
17
10
8
10
8
9
8
6
8
10
18
17
15
20
26
34
32
37
37
26
27
21
14
18
24
30
44
45
39
48
50
55
58
59
64
62
61
67
65
64
68
62
64
64
69
69
63
56
53
53
52
53
47
46
45
48
45
45
45
33
29
29
28
25
23
19
17
12
9
6
11
3
-4
0
2
4
11
15
10
7
3
6
6
13
18
15
9
9
10
5
5
9
11
14
19
26
31
33
36
36
40
42
43
41
48
53
59
58
50
45
46
50
47
48
48
50
47
51
50
46
48
43
46
48
51
48
47
54
53
55
48
39
28
11
5
13
17
13
8
8
-2
-10
-10
-6
-9
-18
-17
-27
-25
-30
-43
-55
-50
-60
-65
-51
-66
-60
-52
-57
-59
-43
-44
-39
-34
-47
-43
-48
-49
-37
-37
-39
-33
-35
-31
-27
-30
-33
-32
-31
-27
-27
-31
-24
-22
-22
-18
-17
-11
-15
-14
-13
-15
-14
-12
-8
-6
-5
-2
-9
-9
-18
-25
-25
-27
-20
-22
-23
-21
-19
-25
-30
-34
-31
-35
-33
-26
-32
-31
-34
-32
-29
-36
-40
-42
-42
-44
-43
-44
-45
-42
-39
-36
-37
-41
-46
-49
-50
-52
-53
-59
-55
-55
-53
-54
-49
-45
-50
-47
-48
-43
-41
-40
-39
-39
-36
-35
-33
-33
-21
-16
-13
-11
-11
-4
-6
-15
-30
-30
-32
-25
-19
-18
-8
-1
5
5
10
4
6
5
4
4
8
7
6
9
12
7
11
8
6
11
11
12
2
-3
-9
-11
-12
-12
-8
-11
-8
-5
-3
-2
0
-4
-12
-17
-23
-22
-17
-19
-15
-10
-17
-8
-5
-8
-1
0
4
1
0
-6
-8
-12
-19
-21
-19
-14
-10
-3
-2
8
19
25
27
27
30
32
35
33
37
40
44
51
60
65
70
74
75
80
81
74
66
52
43
44
44
45
47
53
55
52
55
55
57
57
56
52
51
51
51
48
41
41
36
37
35
34
37
29
29
28
21
15
16
16
10
10
9
11
13
13
18
16
16
14
14
17
9
8
13
13
12
15
13
16
17
20
19
18
17
12
12
10
18
13
11
9
11
14
10
16
22
18
16
15
6
3
7
7
6
9
10
10
11
18
23
25
23
18
15
13
9
8
10
6
6
4
0
2
6
3
1
5
9
5
2
7
12
18
19
23
23
20
15
8
2
-3
-6
-7
-16
-22
-16
-21
-26
-24
-27
-23
-25
-30
-32
-37
-38
-44
-55
-55
-56
-58
-55
-50
-50
-45
-41
-36
-25
-22
-22
-27
-28
-33
-35
-33
-30
-30
-25
-23
-22
-21
-23
-21
-18
-14
-13
-5
-5
-8
-6
-6
-2
2
7
6
9
8
4
7
8
14
4
4
-1
-5
-4
-8
-14
-15
-11
-5
-5
-14
-17
-16
-13
-13
-18
-19
-21
-25
-28
-34
-37
-36
-35
-31
-31
-30
-31
-29
-34
-33
-37
-39
-42
-37
-36
-33
-34
-32
-26
-24
-15
-9
-3
-4
-4
-4
-10
-12
-8
-9
-6
-9
-11
-13
-19
-13
-6
1
2
6
0
-4
-1
-7
-7
-3
-3
-5
-4
-9
-10
-9
-6
1
4
1
-4
1
1
-5
0
3
8
8
4
7
12
12
6
0
-2
-2
3
2
-1
6
10
9
7
6
7
14
17
15
16
14
8
12
10
4
12
5
3
3
-1
-5
-3
1
3
7
1
-1
-7
-14
-13
-15
-15
-16
-15
-18
-19
-20
-22
-23
-19
-17
-14
-6
-8
-9
-6
-1
2
-4
-8
-3
-11
-14
-14
-12
-8
-3
-2
-4
-4
-5
-3
-2
-4
-1
5
6
4
4
4
11
14
14
22
26
37
41
38
38
34
29
34
39
43
48
45
42
42
39
39
45
48
49
51
48
51
49
50
55
50
46
46
50
58
57
48
46
44
40
38
33
31
27
29
35
40
40
40
43
38
31
31
27
23
21
19
21
17
18
17
17
14
13
15
12
12
17
22
19
14
8
10
13
4
9
3
1
6
9
10
9
12
6
4
2
2
2
4
6
5
0
1
4
0
0
1
5
7
6
8
4
1
-4
-11
-13
-12
-10
-13
-10
-8
-11
-5
-6
-3
-9
-8
-6
-9
-7
-2
-3
-4
2
-2
3
1
-5
-10
-12
-15
-19
-25
-26
-22
-14
-7
-5
-2
-5
-13
-13
-12
-11
-11
-2
-3
-5
-12
-25
-23
-24
-28
-23
-22
-27
-24
-23
-26
-29
-28
-33
-36
-35
-32
-29
-30
-29
-30
-32
-41
-42
-44
-42
-44
-50
-52
-50
-44
-38
-33
-39
-36
-40
-42
-44
-46
-43
-41
-40
-38
-41
-40
-35
-36
-24
-23
-15
-10
-11
-6
-7
-3
1
11
13
13
13
11
5
0
-3
-2
-7
-13
-11
-12
-12
-8
-11
-14
-15
-13
-10
-13
-10
-9
-13
-24
-27
-30
-41
-40
-47
-52
-50
-57
-61
-61
-61
-62
-57
-52
-50
-49
-46
-47
-45
-46
-45
-42
-48
-46
-45
-46
-39
-37
-29
-30
-27
-21
-14
-13
-9
-4
-5
-5
-3
4
3
10
8
7
5
4
6
6
9
10
8
10
10
14
22
26
28
29
32
26
32
38
35
34
34
33
29
30
30
30
28
32
37
37
31
32
31
23
26
22
18
17
17
18
24
30
35
39
34
27
21
20
21
24
23
20
18
14
19
26
28
35
43
46
45
40
34
35
33
38
40
36
30
30
32
34
39
40
37
38
34
35
34
32
37
34
34
32
31
32
31
33
30
39
39
42
43
34
29
27
29
32
33
30
34
36
42
45
49
49
46
40
40
46
42
41
38
32
35
36
34
31
30
34
39
45
44
38
31
26
17
12
13
9
9
9
10
11
10
8
7
2
0
-7
-8
-11
-20
-12
-7
-6
-6
-10
-12
-15
-18
-16
-22
-28
-35
-32
-31
-33
-32
-32
-33
-32
-27
-26
-22
-19
-14
-14
-15
-11
-4
-8
-5
-4
-5
-5
-4
0
3
9
7
13
16
11
7
6
6
12
10
9
5
-1
-1
-4
-10
-13
-15
-23
-23
-28
-29
-29
-26
-28
-37
-35
-49
-49
-48
-47
-43
-45
-46
-49
-53
-56
-51
-53
-58
-64
-66
-63
-61
-62
-63
-57
-55
-58
-58
-58
-51
-46
-44
-42
-37
-34
-37
-39
-48
-52
-56
-56
-54
-49
-47
-42
-41
-43
-38
-39
-40
-39
-41
-42
-40
-42
-37
-35
-42
-40
-37
-42
-38
-36
-33
-37
-32
-30
-34
-35
-38
-35
-39
-32
-27
-24
-24
-20
-15
-17
-20
-21
-20
-16
-22
-24
-29
-28
-25
-23
-18
-18
-9
-9
-12
-9
-5
-5
-10
-9
-10
-14
-14
-11
-13
-9
-11
-10
-4
4
6
-2
-6
-5
-7
-2
1
4
4
-1
2
5
8
11
13
15
15
18
17
11
9
4
7
13
19
23
32
42
51
52
51
56
55
63
66
66
66
63
62
58
61
61
64
65
69
68
64
69
64
68
70
63
60
62
62
56
58
58
58
58
54
50
49
46
38
38
25
30
22
27
36
27
23
25
25
21
25
25
27
20
17
18
16
13
24
27
28
33
32
36
40
40
40
42
38
36
36
28
31
34
38
40
39
41
46
51
56
61
55
46
48
43
51
60
60
66
65
60
63
62
54
51
50
49
44
40
44
40
38
35
37
37
32
34
28
23
19
15
10
10
8
1
0
-3
-5
-6
-6
-7
-9
-11
-13
-7
-14
-22
-27
-31
-29
-29
-30
-26
-21
-12
-10
-11
-10
-12
-7
-14
-15
-19
-24
-25
-30
-20
-13
-14
-12
-16
-19
-18
-18
-18
-18
-18
-19
-19
-21
-17
-12
-14
-10
-7
-1
-3
-8
-9
-16
-17
-21
-15
-9
-12
-12
-10
-7
-8
-3
-5
-12
-8
-17
-23
-30
-33
-33
-33
-39
-40
-43
-43
-45
-57
-49
-42
-47
-45
-48
-55
-57
-57
-57
-57
-53
-58
-58
-59
-62
-65
-60
-55
-55
-58
-62
-53
-54
-55
-55
-56
-52
-56
-60
-57
-52
-54
-54
-52
-56
-57
-55
-56
-50
-42
-44
-36
-24
-23
-23
-29
-30
-30
-33
-29
-28
-28
-30
-32
-32
-28
-26
-32
-32
-27
-22
-18
-15
-10
-11
-13
-18
-22
-25
-31
-28
-28
-36
-33
-28
-30
-27
-25
-27
-29
-34
-33
-23
-22
-20
-21
-24
-21
-22
-19
-20
-20
-21
-19
-22
-20
-12
-16
-16
-10
-3
-7
-7
-10
-9
-2
-4
1
2
0
0
5
13
10
12
14
15
19
16
10
2
14
12
14
12
16
23
26
31
31
36
32
36
35
37
36
35
35
28
29
31
32
35
39
41
45
46
54
53
52
55
56
56
58
66
65
67
70
69
68
68
67
70
68
69
65
62
64
55
52
49
51
55
55
54
55
49
47
45
46
40
34
29
33
36
36
30
28
33
27
21
18
16
13
8
12
15
18
25
22
28
27
25
27
23
23
24
26
36
29
22
24
21
17
21
23
26
36
39
44
41
35
28
29
31
28
23
17
15
14
17
15
13
12
8
7
13
13
10
12
3
7
2
-1
5
5
7
6
7
2
-5
-9
-13
-19
-20
-15
-15
-12
-14
-14
-17
-15
-13
-9
-3
-8
-10
-9
-19
-23
-16
-24
-32
-35
-37
-32
-34
-29
-26
-23
-22
-28
-24
-25
-24
-26
-24
-24
-27
-26
-33
-34
-36
-30
-29
-32
-29
-22
-21
-20
-19
-18
-15
-10
-10
-10
-12
-17
-14
-11
-17
-18
-23
-28
-22
-24
-22
-25
-26
-27
-26
-24
-25
-23
-24
-29
-28
-21
-28
-29
-33
-38
-39
-38
-39
-42
-44
-41
-45
-49
-48
-45
-38
-35
-43
-42
-44
-48
-47
-49
-50
-51
-52
-49
-45
-56
-56
-62
-65
-67
-60
-53
-52
-40
-42
-38
-29
-34
-32
-32
-26
-15
-9
-2
-3
-6
0
0
-4
-8
-11
-10
-9
-7
-11
-9
-6
-5
-3
1
9
19
22
26
32
30
27
27
22
22
15
15
12
15
11
13
11
4
9
13
19
19
19
14
11
6
4
-4
-2
3
-3
-1
-6
-6
-7
-8
-10
-7
-1
-6
0
-5
-4
4
11
19
23
22
22
22
21
20
19
18
10
12
14
17
25
27
34
41
44
45
48
56
54
58
57
47
44
47
45
45
41
39
35
30
28
28
31
30
33
32
29
21
19
14
12
15
9
11
9
3
9
15
16
13
8
6
0
-1
10
15
14
17
25
20
23
27
27
31
26
28
23
20
18
16
24
21
27
31
31
36
40
44
49
50
49
45
35
34
34
30
34
35
30
28
29
24
21
16
19
16
13
13
12
13
12
15
18
10
4
4
-2
0
3
5
6
5
9
3
-3
0
-5
-4
-4
1
-2
-4
-5
7
10
10
11
5
9
3
8
14
10
8
5
2
3
-6
-14
-15
-14
-7
-5
-1
-5
-6
-4
-10
-10
-11
-9
-10
-14
-23
-14
-17
-20
-11
-18
-20
-24
-20
-14
-7
-1
-3
-3
-5
-7
-1
-3
-1
1
-1
-1
-6
-1
0
0
-2
-1
-3
-9
-6
-5
-7
-12
-9
-15
-19
-15
-11
-7
2
10
7
2
-8
-14
-14
-9
-11
-16
-30
-38
-39
-37
-33
-41
-40
-41
-33
-17
-15
-22
-32
-31
-31
-35
-32
-34
-44
-52
-47
-44
-36
-42
-44
-42
-46
-38
-36
-43
-42
-40
-37
-32
-30
-28
-34
-30
-29
-28
-29
-31
-24
-28
-31
-29
-27
-25
-26
-27
-23
-22
-19
-16
-11
-10
-10
-8
-9
-6
-4
-10
-8
-10
-16
-16
-13
-12
-20
-14
-11
-10
-9
-1
-3
-9
1
2
0
0
0
-3
-3
-4
-5
-8
-12
-9
-11
-13
-6
-1
-2
-6
-3
-1
-2
0
1
2
-1
6
5
9
17
16
20
11
11
16
13
22
20
22
19
24
32
37
38
42
45
43
48
43
37
31
30
22
23
16
10
12
4
5
3
-4
2
4
5
8
9
4
5
0
0
5
-1
0
-3
-4
-6
-3
-4
-1
4
0
2
-2
-3
-6
-6
-6
-6
1
-2
1
6
9
13
19
25
21
20
23
19
18
15
8
8
10
15
18
11
9
13
17
17
22
23
21
19
18
22
21
23
23
21
21
27
19
22
21
23
28
25
36
28
24
27
26
27
25
24
24
30
28
34
32
25
18
13
14
9
9
8
8
9
8
8
16
18
16
19
14
12
16
17
15
16
11
9
8
4
6
7
7
11
15
15
12
9
10
7
2
3
2
-1
-3
-5
-4
-9
-6
-8
-17
-13
-11
-9
-13
-19
-18
-13
-4
-7
-3
-5
-4
-6
-7
-11
-13
-15
-18
-10
-12
-11
-15
-13
-14
-12
-8
-12
-12
-11
-15
-18
-19
-24
-19
-19
-15
-15
-19
-16
-21
-15
-18
-20
-23
-31
-29
-28
-30
-26
-26
-24
-22
-19
-17
-23
-22
-25
-30
-27
-29
-31
-32
-30
-24
-31
-25
-19
-16
-17
-14
-19
-23
-22
-22
-18
-14
-17
-19
-14
-9
-5
-4
5
6
7
7
9
8
12
13
-2
-1
-1
-2
1
1
2
1
9
17
17
12
16
19
22
16
1
-4
-5
2
1
3
1
1
-2
-5
0
-3
-2
2
-3
2
-10
-18
-16
-15
-11
-14
-15
-20
-22
-24
-30
-35
-39
-41
-39
-37
-33
-39
-37
-34
-37
-36
-32
-22
-20
-19
-15
-6
-13
-19
-18
-23
-20
-21
-22
-13
-8
-4
-1
-2
7
8
7
13
8
12
17
23
30
35
31
29
27
20
17
18
27
25
30
28
19
9
11
19
28
37
42
41
38
36
34
35
35
38
33
29
28
22
21
24
21
7
3
0
-1
1
3
-1
-2
3
-4
-1
-4
-8
-6
-10
-11
-9
-16
-27
-22
-18
-19
-17
-24
-22
-19
-17
-15
-10
-9
-12
-12
-13
-14
-13
-16
-11
-9
-9
-6
-8
-4
-2
-2
-2
1
-2
0
1
6
8
14
20
25
35
31
30
34
40
38
40
42
34
32
34
32
32
39
38
34
39
32
32
31
28
26
29
25
20
18
9
9
9
19
18
11
6
3
-4
-7
-1
-3
-8
-7
-4
7
8
17
23
23
16
11
11
3
4
-3
2
-3
-8
-1
-1
0
3
5
7
10
10
5
3
8
10
9
10
3
4
10
6
5
4
5
6
6
6
12
12
17
20
19
15
11
20
22
30
32
32
29
28
32
35
36
34
36
40
33
30
26
19
19
23
27
28
30
29
20
21
11
0
-5
-12
-16
-20
-19
-21
-24
-24
-26
-27
-31
-32
-35
-39
-43
-39
-35
-34
-38
-44
-47
-48
-48
-44
-42
-40
-35
-38
-32
-34
-41
-48
-43
-47
-47
-48
-37
-32
-23
-22
-24
-13
-15
-8
-5
1
-1
1
3
-2
3
6
6
8
7
10
15
11
9
9
4
-4
-6
-5
-3
0
1
0
2
2
6
11
4
5
4
-2
0
-4
-8
-9
-9
-8
-10
-15
-16
-19
-16
-18
-12
-7
-14
-12
-14
-14
-17
-20
-23
-28
-32
-34
-32
-34
-34
-34
-36
-38
-43
-50
-43
-34
-27
-27
-28
-26
-20
-18
-13
-6
-7
-8
-11
-4
0
3
8
11
13
15
18
19
23
21
15
19
12
11
14
7
-1
-1
-4
-6
-7
-10
-14
-15
-18
-18
-14
-16
-19
-17
-20
-17
-18
-19
-18
-20
-23
-19
-15
-12
-10
-13
-22
-22
-18
-21
-21
-24
-22
-24
-21
-17
-18
-16
-17
-13
-14
-15
-8
-6
-3
-6
-3
-1
1
-1
-3
-3
-5
-3
-3
-1
5
2
5
8
7
12
11
13
13
12
13
6
8
12
13
9
7
4
5
16
21
20
24
24
27
32
33
32
38
41
40
47
49
46
51
47
37
38
31
30
36
29
28
27
29
37
33
34
30
31
31
34
45
42
38
31
26
17
14
15
15
17
21
21
22
20
20
17
11
7
4
9
-1
-8
-6
2
1
2
3
-8
0
13
19
24
20
13
5
6
0
3
16
17
19
20
15
20
27
37
39
38
35
26
28
29
31
35
33
30
29
31
36
37
39
36
34
33
26
26
23
22
20
18
19
11
9
6
1
-4
-11
-15
-17
-18
-21
-24
-24
-25
-21
-23
-22
-25
-24
-19
-14
-16
-11
-8
-12
-16
-13
-13
-20
-19
-15
-8
-5
-4
-1
2
-2
-4
-5
-10
-13
-8
-10
-11
-6
-10
-12
-9
-13
-14
-12
-11
-8
-9
-9
-8
-4
-6
-16
-16
-22
-18
-15
-21
-28
-33
-31
-31
-29
-29
-33
-31
-23
-23
-20
-24
-31
-28
-31
-30
-23
-29
-27
-30
-31
-31
-33
-24
-27
-25
-28
-32
-28
-34
-29
-29
-27
-26
-28
-22
-18
-17
-18
-13
-13
-16
-18
-20
-19
-16
-17
-15
-22
-24
-26
-29
-32
-31
-27
-27
-28
-34
-33
-25
-26
-31
-31
-33
-30
-31
-33
-31
-27
-27
-25
-23
-24
-23
-24
-18
-20
-15
-12
-10
-5
-5
1
-8
-9
-5
-4
-2
-4
-5
-3
4
4
1
9
4
-1
1
8
12
7
9
3
2
3
5
9
7
4
2
-5
-14
-14
-15
-12
-5
-9
-14
-14
-13
-11
-12
-15
-13
-16
-16
-18
-14
-7
-8
-3
2
-7
-9
-9
-9
-6
-7
0
-5
-4
-3
-3
3
-1
2
6
10
14
13
15
17
15
17
16
22
31
31
37
38
43
45
46
55
55
56
48
46
45
45
46
41
36
33
34
36
45
42
41
40
33
39
31
24
26
27
30
27
26
28
24
20
24
31
29
29
30
31
36
36
29
30
34
37
38
46
52
58
56
49
51
59
63
55
61
67
72
77
78
80
74
63
59
65
69
66
60
60
52
43
38
37
38
35
34
30
24
15
15
17
17
17
18
22
18
18
19
16
14
10
6
1
4
1
7
4
3
9
1
2
-3
1
0
-6
-7
-6
-9
-12
-12
-16
-21
-22
-25
-20
-14
-9
1
5
7
3
1
2
5
3
-7
-8
-9
-9
-6
-1
2
4
10
6
6
6
-4
-5
-10
-16
-20
-22
-21
-22
-26
-23
-21
-26
-21
-29
-33
-38
-44
-43
-43
-44
-47
-48
-52
-56
-55
-55
-55
-55
-52
-51
-52
-52
-53
-48
-43
-42
-42
-44
-36
-34
-38
-34
-31
-28
-28
-29
-36
-38
-42
-38
-38
-43
-50
-53
-50
-52
-50
-51
-50
-55
-59
-59
-62
-59
-59
-58
-56
-56
-59
-64
-66
-71
-64
-66
-63
-60
-59
-57
-61
-61
-69
-64
-63
-60
-57
-55
-55
-49
-48
-45
-46
-47
-47
-45
-43
-39
-31
-27
-19
-20
-21
-20
-17
-24
-19
-20
-22
-14
-11
-5
-8
-11
-5
-14
-15
-14
-16
-13
-12
-16
-14
-11
-10
-3
-1
7
18
19
17
19
15
11
4
3
4
-6
-6
-2
2
3
11
12
9
17
22
18
14
12
10
13
18
20
16
16
25
25
27
30
32
31
36
38
47
57
59
66
64
63
61
59
61
62
56
49
49
46
48
46
43
46
46
52
52
44
43
43
49
47
52
55
45
47
46
46
48
53
50
50
47
48
49
43
46
50
53
56
62
59
58
54
51
53
59
62
63
67
66
73
73
67
74
75
71
70
65
59
62
59
60
56
53
53
55
56
53
48
48
48
47
42
40
45
46
44
44
39
39
43
47
43
39
39
33
31
23
28
34
26
33
27
22
18
8
9
7
8
4
-2
-2
-6
-5
-3
-4
3
3
3
2
4
10
8
11
11
3
5
8
10
10
12
8
0
0
-3
-9
-13
-18
-20
-22
-32
-39
-42
-42
-43
-39
-40
-42
-47
-50
-50
-59
-61
-58
-58
-60
-59
-62
-59
-51
-48
-42
-41
-40
-38
-39
-39
-46
-51
-54
-60
-64
-65
-68
-68
-67
-68
-57
-57
-53
-55
-58
-59
-57
-62
-68
-69
-69
-68
-71
-71
-68
-65
-60
-58
-59
-57
-62
-60
-69
-75
-78
-86
-83
-84
-83
-73
-71
-66
-63
-67
-68
-70
-67
-65
-64
-67
-67
-69
-63
-61
-59
-58
-55
-55
-57
-56
-52
-49
-50
-50
-49
-41
-39
-35
-27
-27
-28
-26
-27
-26
-20
-14
-11
-9
-3
5
11
14
14
17
17
25
25
19
24
22
27
32
34
32
26
30
31
30
37
37
29
31
29
29
27
25
25
22
23
20
15
12
18
23
30
33
32
33
27
26
22
13
7
2
-4
-3
0
-3
-5
-2
0
0
1
2
5
8
5
10
9
7
12
7
17
15
15
19
11
18
19
21
23
26
23
24
26
32
40
39
50
44
42
46
44
43
40
37
34
37
41
48
53
56
57
59
63
64
69
69
62
60
53
44
39
39
39
47
50
53
60
47
46
43
38
41
35
37
36
33
33
37
40
42
41
45
41
34
33
34
30
23
24
19
16
18
18
17
17
18
17
16
16
14
14
12
6
7
6
7
15
8
8
5
2
4
0
-1
3
7
6
7
5
2
1
4
12
16
21
24
26
27
24
23
21
17
17
18
18
14
17
19
27
33
36
38
38
39
36
33
26
18
16
10
8
0
-2
-2
0
0
-7
-10
-18
-14
-17
-14
-21
-25
-26
-29
-22
-19
-18
-18
-18
-27
-35
-41
-42
-41
-47
-49
-55
-58
-54
-55
-51
-49
-50
-43
-40
-40
-40
-36
-39
-41
-43
-47
-49
-55
-54
-49
-46
-40
-40
-42
-41
-42
-42
-32
-26
-28
-33
-38
-40
-40
-34
-32
-33
-34
-40
-40
-36
-36
-30
-30
-31
-29
-37
-37
-33
-32
-23
-21
-18
-21
-19
-16
-19
-15
-21
-26
-25
-33
-34
-30
-28
-20
-20
-20
-24
-27
-27
-30
-23
-21
-22
-24
-24
-31
-28
-24
-23
-25
-25
-22
-35
-35
-33
-33
-36
-41
-36
-34
-28
-30
-21
-11
-8
-13
-17
-12
-11
-10
-8
-4
-8
-2
-1
-3
4
10
12
17
23
23
23
25
15
15
18
17
28
25
25
29
30
29
27
36
35
34
34
33
31
34
32
33
33
29
31
27
24
20
17
13
10
8
10
2
-8
-9
-9
-17
-14
-12
-19
-17
-24
-28
-30
-34
-29
-27
-30
-30
-28
-28
-25
-26
-20
-11
-17
-13
-4
-2
-1
4
9
8
9
13
12
15
22
28
37
45
52
55
50
49
53
49
52
55
55
56
52
52
55
58
61
63
59
62
59
60
62
54
54
49
46
44
40
43
33
35
33
31
33
29
30
28
26
23
22
21
23
18
20
23
31
36
38
44
42
41
35
33
28
25
27
24
27
23
25
20
12
16
18
20
25
19
25
27
24
24
22
21
22
16
17
16
13
13
15
14
21
28
25
29
26
33
35
31
26
27
24
19
14
8
10
9
6
4
11
8
9
8
4
6
7
6
-2
-4
-7
-12
-7
-8
-5
-2
-4
-5
-2
-2
-7
-13
-21
-17
-22
-18
-14
-13
-9
-16
-22
-32
-32
-32
-28
-31
-30
-31
-42
-48
-62
-59
-58
-58
-58
-54
-55
-68
-62
-63
-63
-65
-69
-73
-69
-70
-68
-68
-68
-66
-63
-59
-65
-65
-62
-68
-68
-67
-72
-67
-69
-69
-61
-55
-48
-49
-45
-35
-33
-25
-16
-10
-6
-12
-14
-20
-22
-22
-20
-16
-14
-8
-13
-12
-7
-10
-5
-9
-9
-4
-3
6
3
2
4
1
4
1
1
-2
-1
1
3
1
3
0
-5
-2
1
-4
-10
-11
-12
-12
-19
-19
-19
-19
-19
-18
-19
-22
-21
-18
-17
-18
-20
-19
-23
-23
-21
-16
-14
-19
-17
-15
-16
-15
-6
-3
-2
0
0
6
10
13
11
6
7
12
16
14
14
17
16
17
17
18
22
25
29
25
27
24
20
17
19
20
15
18
16
13
16
13
13
15
13
10
11
7
12
13
8
9
7
6
-2
2
-1
-1
2
1
3
1
3
2
3
5
8
12
8
9
15
20
22
20
21
16
21
18
13
19
15
19
20
24
32
38
40
37
36
37
43
37
37
40
34
33
24
22
23
23
25
30
30
36
34
28
30
29
29
25
29
26
24
20
12
9
1
2
4
11
14
17
17
13
8
6
-3
5
9
14
14
14
8
6
10
7
8
7
6
9
17
10
8
10
9
14
16
13
16
20
11
13
12
7
12
15
9
12
10
12
11
10
14
12
15
22
28
26
26
22
22
25
24
15
14
17
19
28
25
21
20
23
23
28
30
25
29
26
23
23
26
18
9
10
12
7
8
19
18
15
11
7
4
5
9
4
0
-4
-9
-10
-12
-11
-17
-20
-24
-22
-25
-23
-17
-21
-18
-22
-29
-38
-44
-43
-47
-47
-43
-44
-40
-49
-53
-53
-57
-61
-61
-59
-53
-52
-54
-50
-50
-52
-48
-50
-46
-44
-42
-39
-37
-33
-30
-30
-33
-23
-20
-19
-13
-10
-3
-1
1
6
6
11
6
7
4
2
4
7
5
-4
5
2
4
5
5
9
14
14
7
7
1
-3
-5
-3
1
4
4
3
3
5
4
0
-1
-4
-7
-6
-4
-3
-3
-10
-11
-7
-3
-2
-6
-10
-9
-12
-12
-20
-23
-19
-22
-19
-19
-16
-14
-18
-16
-13
-9
-4
-3
-8
-9
-11
-13
-12
-11
-4
-7
-7
0
-2
-4
-1
1
-5
-8
-6
-3
-3
-3
2
6
6
4
12
11
13
18
16
23
14
6
0
-6
-8
-14
-17
-17
-15
-18
-19
-17
-12
-18
-22
-21
-19
-18
-21
-27
-25
-18
-23
-23
-23
-28
-22
-18
-19
-17
-11
-3
-4
1
5
2
-2
3
10
9
16
14
10
8
7
6
6
9
14
18
15
19
26
31
35
28
31
27
25
23
20
26
24
27
24
20
15
21
21
17
23
24
23
20
19
20
21
12
14
14
10
12
10
7
11
8
15
17
21
29
26
30
27
25
25
23
20
20
21
20
20
21
28
28
29
25
24
23
28
29
30
29
28
23
12
20
20
22
18
16
19
20
26
22
25
25
23
23
22
22
21
26
20
17
20
16
13
11
13
19
21
19
19
28
20
19
22
11
13
3
1
-2
-3
-4
-9
-12
-12
-15
-11
-7
-13
-14
-24
-27
-33
-27
-28
-30
-28
-35
-28
-34
-39
-38
-37
-33
-26
-29
-23
-21
-26
-21
-14
-12
-11
-10
-8
-11
-10
-4
4
5
1
6
4
3
2
2
4
7
11
11
12
10
9
12
10
5
7
2
1
1
-2
-6
-9
-6
-12
-15
-20
-27
-24
-28
-33
-31
-25
-20
-25
-29
-30
-34
-33
-31
-31
-24
-25
-26
-21
-21
-20
-19
-21
-19
-17
-12
-15
-13
-5
1
-3
-3
-2
-2
0
0
12
13
14
12
10
9
10
5
5
0
-7
-3
-4
-10
-17
-18
-19
-15
-17
-20
-19
-17
-15
-9
-12
-15
-19
-30
-36
-35
-38
-43
-42
-45
-45
-45
-48
-43
-44
-43
-37
-47
-48
-49
-48
-44
-46
-53
-49
-46
-42
-40
-39
-38
-35
-26
-25
-18
-17
-15
-12
-12
-6
-7
-6
-3
0
-4
-7
0
4
-1
-2
-5
1
3
-3
-1
6
5
2
4
-1
1
6
10
12
13
10
14
9
16
15
11
13
8
13
11
10
14
18
18
18
21
20
15
19
18
15
12
11
12
2
4
10
6
10
8
12
9
15
15
14
20
19
16
15
14
18
26
26
27
31
30
29
31
29
28
25
22
21
16
15
10
5
6
6
8
17
17
12
13
9
7
7
0
-1
4
4
3
0
-1
-5
-2
-5
1
3
8
11
7
7
8
6
2
1
1
8
14
18
24
28
26
26
25
23
29
27
22
24
22
24
32
37
36
44
42
43
49
47
47
48
53
50
45
37
32
30
28
28
30
33
29
30
30
33
39
36
38
33
33
42
39
35
31
29
30
24
24
26
23
23
24
20
13
12
11
11
17
25
24
20
18
12
6
1
-1
-5
-5
-1
-3
-3
3
3
4
8
13
17
19
12
12
8
8
6
-4
-10
-11
-10
-10
-9
-9
-5
-4
-11
-11
-12
-11
-14
-19
-25
-31
-31
-31
-37
-35
-33
-34
-30
-42
-44
-48
-45
-43
-42
-44
-49
-49
-55
-62
-64
-61
-59
-62
-64
-61
-60
-55
-58
-57
-54
-56
-56
-65
-62
-55
-50
-42
-36
-32
-30
-29
-29
-25
-28
-24
-24
-18
-16
-19
-15
-17
-14
-19
-18
-13
-16
-9
-4
-2
3
-1
0
1
9
14
17
19
19
16
14
14
12
7
6
8
7
7
5
7
9
5
3
5
11
10
4
0
-2
0
1
4
8
11
14
6
5
5
9
14
11
14
10
13
7
9
14
19
24
15
19
18
17
14
18
15
12
8
3
9
1
-11
-13
-16
-10
-3
-7
-3
-8
-10
-3
-5
-4
-3
-5
-5
-1
-6
-11
-15
-22
-25
-30
-31
-31
-33
-34
-39
-37
-31
-29
-30
-25
-24
-26
-16
-14
-17
-16
-17
-17
-22
-19
-14
-13
-16
-10
-7
-11
-6
-9
1
6
7
6
6
12
9
19
22
24
28
25
32
32
33
35
29
31
34
36
39
40
48
47
48
49
43
45
44
42
50
51
46
43
39
31
30
28
27
29
23
20
19
21
28
32
25
19
21
19
19
19
16
18
21
21
22
18
20
24
27
33
32
31
29
30
31
34
37
35
39
43
41
39
42
45
45
43
37
35
35
34
38
41
41
45
41
39
33
28
26
25
22
19
12
5
3
-10
-15
-17
-19
-20
-19
-27
-33
-35
-33
-37
-35
-38
-50
-50
-55
-56
-56
-55
-63
-65
-68
-70
-64
-63
-58
-62
-59
-57
-59
-54
-57
-50
-49
-45
-47
-44
-40
-38
-34
-29
-21
-27
-19
-18
-7
-3
1
5
5
10
15
17
19
25
32
31
44
46
39
37
36
33
24
24
17
15
16
13
9
2
-9
-7
-6
-7
-7
-10
-11
-17
-18
-9
-9
-15
-16
-26
-24
-24
-28
-30
-32
-29
-24
-18
-14
-10
-3
-7
-11
-13
-10
-11
-12
-12
-16
-18
-23
-25
-32
-34
-33
-33
-30
-32
-32
-29
-24
-22
-25
-24
-32
-34
-24
-29
-23
-20
-21
-25
-23
-19
-24
-24
-19
-20
-23
-23
-18
-19
-21
-21
-19
-14
-16
-19
-13
-16
-14
-14
-16
-10
-11
-7
-9
-5
0
3
14
19
17
17
19
21
28
31
31
31
32
36
31
25
23
15
17
20
18
20
21
16
15
12
10
15
17
12
18
22
20
14
6
-2
-2
-3
-3
-3
-2
-5
-2
-2
-5
1
2
2
2
1
5
3
12
13
14
19
20
24
29
31
38
40
42
41
35
39
35
29
37
43
42
45
51
52
50
47
47
42
38
33
23
17
20
17
14
10
6
7
-1
-2
-1
-6
-6
-9
-14
-24
-26
-33
-39
-37
-39
-34
-32
-33
-38
-31
-30
-31
-29
-33
-38
-38
-40
-40
-39
-35
-30
-35
-28
-26
-29
-27
-27
-25
-20
-18
-15
-12
-12
-6
0
3
2
0
4
10
9
11
17
19
22
20
24
23
19
29
27
22
12
13
15
13
16
17
19
18
24
26
30
24
15
17
18
14
11
4
-2
0
5
2
2
4
7
2
1
4
8
12
11
19
16
11
12
13
17
19
22
33
39
34
39
41
44
39
38
43
41
39
39
39
46
49
42
46
43
38
40
39
33
31
26
21
15
16
10
8
10
9
10
12
15
23
23
22
20
17
21
19
17
16
15
11
10
4
3
1
-3
0
1
6
5
-1
4
-4
-5
-1
2
7
0
-1
-3
-14
-17
-17
-19
-16
-14
-15
-21
-25
-27
-29
-28
-33
-32
-36
-38
-40
-42
-48
-52
-47
-50
-55
-53
-50
-47
-43
-42
-35
-24
-22
-15
-8
-13
-12
-10
-5
-4
-6
-7
-8
-17
-14
-11
-14
-7
-4
2
6
2
2
3
7
10
14
20
22
23
21
25
18
20
19
12
12
11
13
7
4
3
1
6
8
8
13
10
11
11
9
10
7
1
-3
-3
-8
-10
-8
3
23
25
22
9
0
-6
-13
-6
1
3
-4
-14
-21
-26
-32
-33
-26
-19
-21
-24
-32
-39
-45
-51
-50
-51
-47
-40
-34
-34
-42
-50
-57
-55
-53
-48
-39
-38
-39
-36
-44
-46
-45
-45
-40
-37
-38
-38
-50
-54
-55
-55
-42
-35
-26
-31
-38
-43
-43
-45
-48
-43
-40
-36
-36
-40
-42
-37
-34
-27
-15
-7
-2
0
-2
-4
-5
1
-3
-5
-7
-8
-8
-14
-11
-4
-1
4
10
10
13
14
18
24
22
24
20
19
21
24
24
23
21
18
16
13
13
16
16
12
7
5
13
19
25
31
31
35
33
25
18
17
21
17
21
21
20
24
18
15
19
27
34
39
40
45
51
46
46
43
48
53
50
54
53
48
46
48
41
40
43
36
28
38
47
51
59
59
56
63
64
68
71
70
57
51
51
39
37
28
29
30
24
25
28
32
27
30
28
29
32
27
24
19
22
24
19
13
10
2
-3
-5
-1
-5
-6
-5
-8
-6
-12
-12
-12
-9
-2
-2
1
-1
3
0
-4
-3
-6
-5
-9
-3
-4
-7
-3
-7
-7
0
9
7
11
14
8
13
12
8
14
14
4
-3
-4
-6
-10
-6
-6
-10
-10
-8
-8
-7
-11
-12
-14
-15
-18
-20
-23
-24
-23
-33
-35
-42
-40
-41
-49
-52
-52
-46
-39
-37
-41
-33
-30
-37
-30
-27
-27
-26
-22
-22
-22
-23
-24
-19
-19
-15
-12
-4
-2
-2
4
5
5
5
9
9
8
4
-2
-11
-14
-20
-22
-15
-16
-18
-23
-23
-33
-41
-40
-44
-43
-44
-48
-47
-50
-48
-42
-39
-35
-36
-45
-47
-51
-54
-56
-61
-66
-66
-65
-66
-64
-63
-66
-61
-52
-45
-36
-30
-27
-32
-35
-35
-42
-39
-41
-43
-40
-40
-30
-27
-23
-23
-19
-15
-19
-8
0
6
11
9
10
9
9
8
12
15
16
14
12
11
8
8
8
8
5
2
3
6
8
11
14
8
13
11
6
6
-2
-5
-9
-6
-6
-9
-11
-15
-14
-21
-17
-14
-10
-2
3
5
6
19
9
13
18
14
24
15
15
18
24
26
24
21
17
27
31
29
30
27
27
21
16
16
16
17
16
13
10
9
10
19
24
30
30
27
24
21
26
23
20
22
22
25
26
27
24
24
19
20
25
26
31
32
33
35
27
20
23
24
33
31
30
31
32
29
29
29
31
37
37
36
29
27
25
28
31
27
32
35
37
43
44
40
35
33
32
37
35
36
37
33
35
34
30
31
33
32
41
41
45
54
56
56
54
53
49
45
46
41
37
32
28
34
29
23
21
20
23
17
14
19
25
33
34
29
24
22
16
13
14
16
13
8
9
9
5
6
3
-2
1
-4
-2
0
1
10
7
6
3
-2
-5
-3
-5
-3
-6
-8
-13
-23
-22
-28
-32
-36
-37
-35
-32
-29
-32
-30
-29
-28
-23
-19
-24
-23
-29
-23
-24
-33
-26
-28
-23
-23
-26
-23
-19
-21
-17
-15
-17
-15
-10
-5
-3
-7
-5
-4
-8
-15
-18
-19
-18
-17
-21
-21
-20
-21
-17
-15
-11
-14
-14
-17
-19
-10
-13
-20
-28
-35
-41
-45
-42
-40
-36
-33
-27
-27
-30
-28
-30
-35
-33
-37
-36
-33
-34
-28
-33
-34
-42
-47
-50
-51
-48
-52
-50
-48
-52
-50
-43
-44
-40
-38
-36
-30
-28
-31
-27
-32
-40
-37
-39
-39
-42
-34
-30
-33
-30
-28
-23
-13
-10
-7
-4
-1
-3
-7
-6
-10
-10
-10
-18
-25
-25
-25
-22
-15
-18
-25
-26
-27
-21
-21
-21
-20
-16
-13
-15
-13
-9
-11
-12
-13
-14
-22
-29
-31
-31
-33
-34
-30
-31
-28
-25
-24
-24
-20
-15
-16
-20
-23
-23
-16
-16
-20
-21
-23
-22
-22
-19
-9
-10
-1
6
14
19
21
19
25
33
34
48
54
61
58
52
52
55
50
49
59
54
54
59
57
58
56
60
59
58
56
56
57
52
50
47
44
39
41
47
43
43
49
55
57
55
62
65
63
56
57
54
56
52
48
51
47
49
52
49
50
51
48
53
52
51
47
43
44
38
39
36
33
36
32
40
36
34
33
26
26
18
22
21
16
13
18
18
19
19
19
25
26
28
27
25
17
18
21
20
20
18
18
16
21
18
17
18
10
5
-3
-6
-12
-14
-15
-17
-15
-16
-18
-21
-18
-12
-13
-10
-15
-16
-12
-13
-17
-19
-16
-18
-17
-13
-13
-13
-10
-8
-8
-13
-11
-4
-3
0
-3
1
3
-5
-9
-4
-4
-4
0
-1
0
4
1
0
0
-2
-1
-6
-10
-15
-16
-24
-28
-28
-33
-32
-33
-42
-46
-47
-40
-42
-42
-39
-38
-33
-32
-29
-23
-20
-21
-15
-13
-12
-5
-8
-4
4
4
3
6
6
11
13
11
14
13
10
8
5
11
10
6
7
-1
-4
-8
-10
-10
-15
-18
-29
-33
-33
-33
-35
-40
-49
-54
-57
-58
-64
-79
-81
-84
-82
-80
-85
-85
-90
-91
-97
-98
-95
-95
-86
-85
-84
-77
-76
-72
-72
-69
-63
-66
-55
-47
-44
-36
-34
-29
-28
-20
-18
-11
-3
0
6
7
12
14
14
13
11
18
21
21
17
19
16
21
21
20
22
19
14
9
8
3
5
0
-2
-7
-11
-7
-4
-3
1
4
0
-1
-6
-9
-4
-5
0
4
4
8
8
10
10
12
23
29
20
21
22
21
21
26
30
19
18
22
19
18
21
26
30
31
32
31
25
26
28
26
24
22
28
26
24
26
30
32
36
32
34
33
25
28
31
29
21
25
28
29
31
31
39
39
45
50
46
48
43
38
40
38
34
32
33
44
35
29
29
38
40
25
16
20
29
15
1
9
24
16
3
9
27
8
-10
1
20
13
-6
12
25
10
-7
9
24
12
6
20
32
21
14
21
30
24
8
21
27
14
14
19
23
11
4
18
19
15
12
26
33
22
19
28
32
27
35
45
46
40
36
45
43
38
41
44
41
39
42
43
40
34
38
40
42
39
30
28
17
11
17
16
13
12
10
6
2
-7
1
-4
-12
-16
-18
-24
-29
-21
-23
-29
-29
-29
-30
-33
-33
-25
-23
-21
-24
-24
-21
-23
-22
-19
-12
-21
-18
-13
-20
-15
-19
-16
-17
-16
-14
-19
-14
-12
-6
-9
-19
-15
-15
-16
-17
-20
-21
-25
-27
-33
-38
-44
-44
-41
-41
-40
-35
-29
-24
-28
-34
-33
-32
-35
-32
-34
-39
-36
-31
-32
-28
-25
-26
-26
-26
-18
-11
-7
-3
1
3
3
5
9
12
10
7
9
11
0
4
3
0
1
-3
-8
-9
-12
-7
-4
-6
-4
-14
-14
-21
-26
-27
-32
-44
-47
-49
-55
-52
-53
-52
-56
-60
-61
-57
-60
-62
-61
-56
-55
-57
-60
-59
-61
-68
-69
-67
-58
-55
-52
-47
-44
-35
-26
-25
-18
-15
-9
-3
-1
2
9
7
9
11
10
16
10
8
12
16
14
14
23
26
22
22
22
23
23
22
22
19
17
14
15
13
7
2
-2
-7
-9
-13
-21
-21
-30
-31
-31
-30
-27
-33
-26
-28
-27
-35
-42
-41
-39
-37
-41
-32
-34
-38
-32
-31
-27
-27
-20
-8
-3
2
8
18
22
29
32
31
34
41
48
46
46
48
56
69
73
80
84
84
86
92
97
100
101
100
98
92
93
91
89
88
90
91
88
84
79
75
73
64
61
66
71
78
71
67
61
50
49
52
52
47
41
33
23
18
18
21
22
22
21
25
20
16
15
10
7
2
1
-7
-13
-17
-27
-28
-18
-14
-16
-15
-19
-20
-22
-23
-25
-28
-29
-28
-26
-27
-23
-24
-18
-13
-14
-14
-23
-20
-21
-24
-21
-21
-29
-28
-24
-19
-25
-24
-14
-10
-6
-4
-3
4
6
5
11
5
6
4
1
3
11
5
0
2
-7
-4
-4
-2
5
1
1
-2
-5
-1
-5
-4
-7
-11
-12
-18
-19
-17
-17
-11
-11
-10
-1
1
-2
1
5
9
6
4
8
3
4
2
5
7
-4
-5
-8
-8
-13
-17
-16
-15
-9
-6
-2
-9
-12
-11
-10
-4
0
-1
-6
-9
-9
-3
-4
-7
-8
-13
-12
-12
-11
-3
-1
0
1
-1
-2
6
9
7
5
-4
-1
-8
-16
-15
-14
-14
-12
-1
-6
5
3
6
5
-1
-1
-2
-4
-11
-14
-21
-20
-25
-26
-23
-31
-33
-36
-38
-39
-45
-45
-50
-53
-55
-52
-49
-47
-47
-43
-42
-47
-39
-40
-44
-53
-60
-65
-68
-72
-76
-71
-70
-66
-59
-56
-53
-46
-39
-36
-34
-26
-25
-23
-21
-12
0
5
6
5
4
6
11
16
23
25
25
20
19
24
22
24
28
34
42
46
51
49
47
46
38
32
25
22
22
27
24
24
25
17
16
15
14
10
11
7
1
4
0
-2
-2
-6
-12
-17
-17
-19
-19
-17
-20
-15
-21
-30
-29
-26
-25
-24
-21
-19
-18
-15
-11
-10
-7
-15
-17
-7
-8
-2
1
1
7
6
12
22
28
29
31
38
39
35
32
34
38
39
42
34
35
39
44
41
41
42
37
44
37
37
42
38
37
35
25
27
16
14
16
11
-8
-15
0
-12
-15
-17
-32
-31
-37
-31
-19
-81
-116
-111
-89
-77
-61
-30
-28
-57
-48
-23
10
60
53
86
68
7
9
26
48
71
67
85
86
53
45
47
31
23
25
35
27
-3
-25
-47
-67
-60
-45
-22
0
-3
4
-7
-26
-29
-32
-23
8
29
47
45
31
21
5
-5
13
35
50
49
44
36
31
18
29
31
48
26
-30
23
10
4
36
19
36
20
-7
75
54
41
83
60
45
49
42
115
82
-39
91
79
28
75
40
56
16
-38
69
76
33
65
68
26
-66
-22
33
-4
57
81
46
27
-6
-3
-13
-31
13
40
13
-1
-34
-54
-61
-76
-18
19
1
9
7
-17
-36
-35
-6
12
-2
19
20
-7
-23
-34
-15
-16
-22
1
11
-1
-26
-26
-28
-50
-35
-24
-14
-18
-30
-24
-38
-49
-29
-14
-8
-6
2
4
-19
-35
-35
-28
-23
-16
1
-7
-39
-52
-46
-37
-31
-18
1
-2
-15
-17
-25
-38
-51
-51
-45
-34
-38
-38
-37
-56
-56
-46
-36
-16
-8
2
5
-9
-11
-10
-1
6
10
11
10
0
-15
-26
-27
-35
-25
2
-7
-23
-35
-38
-37
-38
-23
-15
-26
-19
-14
-19
-23
-16
-17
-32
-32
-31
-29
-23
-28
-19
-17
-38
-21
-16
-19
-6
-8
-5
-13
-28
-26
-24
-20
-8
-2
-7
-18
-21
-30
-30
-8
-2
5
18
2
-11
-7
-18
-16
1
10
6
19
7
-7
-11
-13
-4
-5
-9
-19
-26
-35
-40
-36
-19
-10
-7
-12
-19
-24
-22
-16
-13
-13
-10
-12
-12
-18
-16
-5
-5
-3
-7
-9
-7
-14
-9
-1
-6
-13
-8
-10
-22
-25
-28
-17
-15
-18
-12
-11
-12
-3
7
8
11
17
19
23
26
29
36
34
39
43
43
41
45
38
29
24
35
41
38
44
41
44
46
56
56
45
48
51
43
41
51
48
45
47
42
48
44
36
42
41
25
30
31
33
42
38
30
20
18
27
35
39
35
24
24
25
24
32
27
19
4
10
18
19
19
27
21
3
3
-7
-14
-6
-2
2
3
-2
4
2
-3
7
7
3
0
-1
0
8
1
3
16
10
6
0
9
25
27
31
30
30
27
27
32
38
43
25
18
21
11
9
24
29
26
27
11
9
11
1
8
23
17
17
15
8
10
2
11
21
18
12
3
13
-7
-17
1
-3
-4
2
-16
-18
-11
-23
-13
0
-6
-7
-15
-26
-16
-13
-25
-16
-25
-34
-37
-38
-40
-28
-35
-39
-37
-48
-50
-46
-36
-25
-21
-32
-31
-29
-28
-36
-41
-23
-11
-20
-26
-23
-16
-26
-16
-6
0
-2
-10
-7
-18
-38
-33
-20
-23
-21
-25
-13
-6
-20
-27
-19
-7
-16
-28
-17
-29
-29
-14
-21
-31
-41
-38
-25
-20
-33
-26
-11
-30
-44
-28
-33
-28
-22
-24
-21
-29
-43
-31
-28
-32
-22
-24
-27
-26
-32
-40
-37
-35
-35
-33
-30
-34
-28
-20
-16
-16
-19
-15
-4
1
9
17
13
3
1
1
-4
-3
8
13
15
11
-1
-5
-11
-10
-6
4
8
4
0
-11
-2
-5
0
12
20
14
-2
2
4
4
3
9
15
13
8
12
12
12
16
18
22
20
16
23
23
22
23
14
10
4
-8
-8
-3
-1
1
-3
3
8
-1
-11
-2
-1
-9
-10
-18
-14
-12
-11
-7
-1
1
-4
5
2
8
7
-5
2
7
-1
1
0
-3
-2
-10
-4
7
13
5
13
16
0
13
19
21
26
19
20
16
8
13
34
51
55
59
48
35
37
37
42
62
71
68
68
68
67
67
74
82
83
75
66
54
38
27
37
44
47
49
39
30
29
31
37
39
45
45
35
36
37
33
36
31
31
37
37
42
35
16
14
19
12
8
-3
-6
-12
-8
-5
-13
-8
-8
-15
-4
-1
-1
6
0
-6
3
1
1
9
2
1
4
7
12
14
7
7
9
19
39
46
50
48
43
33
31
33
30
31
23
21
11
0
-1
-4
1
6
13
14
12
4
-5
-3
-5
-2
3
1
-6
-15
-35
-43
-42
-43
-48
-56
-56
-56
-64
-70
-60
-61
-68
-66
-68
-66
-69
-74
-58
-61
-60
-54
-56
-49
-54
-56
-67
-48
-41
-41
-27
-18
-14
-23
-25
-35
-8
-14
-9
-7
-7
-16
-21
-30
-27
-12
-14
-1
-19
-24
-25
-19
-21
2
10
17
15
5
11
7
11
18
21
17
11
-1
-11
-8
-13
-9
-2
-4
-9
-22
-20
-20
-11
-14
-20
-30
-20
-18
-28
-30
-41
-34
-38
-37
-35
-34
-39
-45
-47
-46
-49
-48
-35
-34
-38
-48
-43
-39
-37
-29
-26
-29
-33
-42
-48
-50
-57
-44
-39
-43
-48
-59
-57
-55
-48
-38
-19
-13
-10
-5
-15
-25
-30
-22
-15
-22
-26
-29
-34
-40
-36
-19
-18
-11
-13
-13
-9
-7
4
12
16
6
8
14
1
6
17
20
25
25
24
27
25
21
29
35
39
39
32
31
23
37
46
56
68
66
60
49
39
35
35
40
57
63
60
53
42
34
33
38
47
56
48
38
30
23
23
15
24
41
36
30
23
22
27
36
41
52
57
56
62
56
42
37
38
38
47
48
43
49
42
36
38
42
53
49
46
46
45
49
48
58
70
81
83
76
70
70
62
57
55
55
48
36
33
21
11
9
11
17
15
10
8
12
10
-2
1
1
-9
-19
-20
-15
-11
-16
-12
-7
-9
-18
-19
-14
-8
-10
-11
-8
-6
-7
-10
-5
-12
-11
-12
-14
-8
-11
-12
-8
-10
-8
1
7
7
15
20
24
23
13
13
13
15
18
23
26
24
16
13
10
12
13
8
16
19
15
0
-6
-8
-12
-8
-9
-5
-10
-10
-16
-21
-27
-33
-23
-17
-18
-23
-36
-47
-47
-52
-51
-40
-36
-37
-37
-44
-51
-52
-62
-54
-50
-51
-52
-61
-64
-68
-69
-64
-54
-41
-29
-20
-15
-16
-29
-26
-24
-17
-8
-3
2
-6
-13
-6
-2
0
10
22
22
19
11
3
2
1
2
1
7
1
-6
-9
-16
-24
-25
-26
-19
-14
-15
-16
-25
-33
-45
-47
-44
-40
-35
-30
-32
-47
-54
-56
-61
-61
-60
-56
-53
-57
-66
-71
-69
-72
-66
-50
-43
-39
-45
-49
-58
-61
-47
-31
-16
-12
-18
-32
-34
-37
-38
-27
-19
-10
-11
-13
-15
-23
-26
-18
-18
-9
-7
-14
-15
-17
-16
-24
-25
-17
-3
2
6
7
-4
-15
-25
-23
-11
-2
8
9
4
1
-4
-4
11
20
33
35
29
27
20
14
6
12
21
27
38
42
42
35
29
31
31
39
42
49
49
50
37
34
30
24
37
40
41
38
37
32
24
10
15
28
37
41
56
56
37
32
29
34
40
53
64
59
46
20
14
10
3
15
25
25
24
19
10
5
6
11
25
32
33
34
33
26
21
29
32
39
43
39
39
38
36
28
29
41
47
47
42
45
36
24
18
15
22
29
32
34
32
28
18
13
13
25
37
41
43
35
22
10
6
7
15
23
32
33
20
13
-4
-4
-3
1
13
15
12
8
-3
-12
-6
5
21
30
42
38
24
12
1
1
7
13
17
17
16
5
-8
-17
-23
-23
-19
-7
-2
-6
-9
-7
-10
-4
1
14
26
22
24
14
6
-3
-5
4
7
11
15
19
18
12
12
12
12
16
21
20
11
4
-3
-10
-7
-8
-3
6
6
0
-4
-2
-2
-4
-10
-1
12
16
16
5
-7
-17
-27
-31
-31
-35
-36
-38
-44
-57
-64
-60
-57
-51
-40
-38
-28
-27
-32
-36
-37
-43
-49
-49
-48
-47
-50
-49
-57
-55
-54
-46
-41
-32
-21
-30
-33
-36
-41
-36
-41
-38
-29
-30
-31
-34
-25
-31
-43
-41
-38
-32
-23
-27
-29
-26
-33
-28
-21
-14
-9
-7
-4
-16
-23
-25
-26
-18
-10
1
-7
-8
-23
-40
-38
-40
-27
-10
2
-5
-15
-33
-40
-35
-25
-18
-8
-7
-14
-26
-37
-50
-52
-44
-38
-35
-33
-44
-49
-57
-63
-51
-44
-28
-20
-11
-18
-17
-17
-17
-11
-18
-16
-7
0
-2
-5
-6
3
15
24
33
36
34
28
15
16
7
11
21
14
22
26
21
27
32
30
27
22
22
20
27
28
30
29
21
17
15
19
21
29
32
22
13
9
9
-1
-3
0
-4
-7
-12
-11
-6
-16
-16
-1
9
20
26
14
8
-1
-2
10
16
28
30
23
19
18
20
27
33
34
36
19
9
5
3
5
4
7
4
7
4
12
18
13
22
20
16
16
16
15
18
22
31
35
36
43
43
37
34
36
29
30
27
17
21
19
16
15
21
19
23
29
32
39
41
49
59
59
57
65
77
71
67
76
73
58
45
38
35
29
31
41
40
38
30
28
29
14
20
25
29
38
39
35
28
10
3
-1
3
13
15
15
0
-7
-7
-5
-7
-3
4
-2
-18
-28
-34
-40
-44
-43
-30
-26
-25
-26
-24
-27
-28
-17
0
13
10
-2
-4
-10
-19
-13
-5
4
7
1
-15
-22
-27
-30
-20
-27
-28
-25
-23
-27
-35
-34
-30
-27
-25
-16
-18
-15
-17
-23
-26
-26
-32
-33
-24
-30
-33
-35
-37
-38
-41
-48
-51
-52
-48
-40
-37
-39
-46
-47
-46
-38
-33
-27
-15
-16
-27
-28
-32
-34
-29
-21
-14
-16
-18
-25
-18
-15
-17
-8
-1
1
-2
-6
-15
-19
-16
-9
2
4
0
0
-7
-11
-3
7
6
4
7
3
1
-5
-9
-3
-5
-21
-21
-22
-21
-18
-19
-31
-46
-51
-53
-45
-45
-45
-42
-44
-49
-48
-36
-25
-24
-25
-37
-44
-46
-46
-32
-31
-29
-29
-28
-33
-38
-34
-28
-20
-17
-7
6
5
-9
-14
-18
-10
3
15
19
13
8
0
-5
-3
2
6
10
16
26
26
15
10
15
24
32
44
45
38
32
14
11
18
24
33
50
52
45
42
28
27
32
45
53
61
70
56
39
21
25
37
33
24
27
27
18
11
15
18
22
23
24
18
17
15
11
7
14
13
13
30
29
27
20
20
15
15
18
23
25
33
29
16
12
12
13
16
26
26
31
27
14
13
15
17
18
31
35
26
15
7
7
10
15
26
29
31
24
26
20
12
8
7
14
12
14
8
6
0
-2
12
13
13
20
20
15
12
12
12
14
13
24
29
16
12
12
12
10
21
34
25
24
17
13
26
37
43
42
24
10
6
-7
-1
15
32
33
36
29
26
16
6
3
4
12
13
23
16
15
5
-1
3
13
23
27
34
24
8
-12
-17
-16
2
14
30
32
15
6
-1
3
2
11
16
11
8
-1
-8
-9
-3
2
18
25
24
19
7
-6
-18
-6
-2
9
18
14
10
-3
-9
-11
-7
-14
-12
-15
-10
-24
-32
-38
-50
-27
-38
-18
-8
-25
-44
-42
-48
-24
-15
-23
-4
-17
-29
-32
-32
-35
-28
-36
-48
-59
-56
-57
-60
-71
-68
-63
-56
-43
-35
-46
-65
-82
-85
-73
-61
-54
-58
-60
-68
-64
-57
-53
-43
-31
-22
-24
-28
-37
-45
-41
-40
-39
-27
-16
-13
-23
-29
-34
-31
-23
-17
-14
-19
-16
-20
-26
-31
-28
-22
-23
-16
-13
-20
-19
-21
-31
-37
-32
-17
-15
-17
-19
-25
-35
-41
-40
-23
-13
-22
-29
-22
-26
-39
-31
-25
-23
-16
-15
-14
0
0
-12
-9
-6
-4
-1
5
9
13
19
29
25
21
19
13
22
21
26
33
27
19
18
15
10
14
18
23
27
22
15
22
35
42
41
26
30
34
23
25
24
25
8
5
11
10
18
20
27
21
16
6
13
17
20
22
22
23
22
22
20
29
29
35
26
21
12
10
7
17
31
24
29
20
9
13
14
12
17
20
16
15
19
20
16
10
9
14
26
43
41
43
44
32
21
30
32
29
33
24
28
23
14
15
21
25
42
34
30
28
24
26
29
41
49
56
46
52
50
48
58
67
66
68
67
66
66
63
56
46
46
42
53
60
60
53
48
47
33
31
48
56
53
49
30
14
3
-6
2
20
29
34
35
26
22
13
11
18
17
28
24
4
-9
-24
-31
-30
-22
-8
4
-5
-22
-30
-35
-42
-38
-36
-24
-22
-28
-23
-28
-35
-27
-25
-30
-18
-16
-15
-21
-36
-37
-26
-16
-8
-3
-10
-15
-25
-30
-19
-14
-9
1
1
-4
4
-9
-14
-12
-22
-24
-20
-11
-4
-12
-27
-21
-21
-27
-19
-17
-15
-12
-34
-46
-38
-39
-49
-40
-33
-30
-29
-31
-27
-28
-41
-58
-38
-28
-29
-27
-23
-30
-25
-50
-24
-4
-13
-18
-17
-20
-45
-39
-29
-20
-19
-22
-21
-21
-37
-38
-35
-32
-42
-62
-61
-59
-56
-58
-40
-29
-40
-42
-50
-62
-53
-56
-47
-41
-51
-41
-43
-44
-40
-38
-35
-30
-28
-36
-40
-42
-41
-32
-38
-37
-33
-40
-24
-20
-26
-33
-33
-38
-53
-57
-46
-39
-28
-19
-20
-33
-45
-56
-46
-18
-14
-7
0
2
-2
-10
-16
-14
-10
-1
10
16
13
1
-14
-20
-14
3
31
45
45
36
29
19
8
11
8
12
10
5
2
-8
-3
2
19
34
43
46
34
25
24
18
21
35
42
48
31
12
13
18
22
28
37
43
35
24
8
13
16
28
45
41
34
28
17
17
25
31
42
46
47
29
21
6
9
22
34
45
49
38
36
32
18
21
19
31
45
44
33
34
21
14
14
21
31
31
28
36
31
21
19
27
39
51
50
48
39
20
20
24
25
34
43
39
35
12
12
18
25
30
33
28
24
15
14
25
31
32
30
31
25
32
22
14
15
22
37
44
46
51
50
43
50
50
58
64
60
48
37
34
28
30
23
18
22
21
34
33
21
10
6
12
21
29
21
26
33
44
48
41
45
45
42
37
34
39
38
19
12
-2
0
11
14
23
26
13
4
8
-5
-6
-14
-18
-20
-17
-14
-17
-19
-26
-21
-23
-34
-36
-34
-35
-32
-42
-52
-56
-61
-69
-65
-66
-65
-54
-54
-42
-43
-45
-52
-52
-51
-50
-45
-47
-39
-36
-36
-27
-27
-24
-11
-12
-13
-9
-15
-13
-22
-19
-19
-24
-21
-20
-16
-9
-2
-5
-3
2
-12
-22
-20
-24
-12
-15
-24
-27
-29
-29
-36
-34
-32
-25
-25
-25
-27
-29
-40
-37
-32
-46
-41
-40
-37
-40
-40
-35
-37
-49
-57
-47
-39
-35
-29
-25
-43
-56
-69
-69
-55
-37
-24
-20
-10
-17
-33
-34
-30
-19
-13
-9
-11
-22
-25
-36
-36
-23
-17
-5
4
16
25
19
8
1
4
8
12
15
8
3
0
-9
-11
-5
0
7
2
-2
-3
-4
-4
-7
-6
-2
2
0
7
3
-3
-5
-5
-4
0
3
0
6
0
-7
-9
-9
-4
-2
1
5
-2
-7
-6
-7
-9
-12
-7
-8
-10
-14
-10
-6
-10
1
-2
-7
-8
-17
-11
-10
-12
1
13
-1
-4
7
1
4
5
7
15
4
0
-5
-8
-2
2
-1
-6
-3
-7
-4
-5
-1
9
10
8
15
8
2
5
3
20
30
29
23
18
14
13
23
24
38
55
60
56
48
45
43
37
45
52
56
63
56
46
40
39
40
50
52
49
55
40
28
24
16
18
21
27
43
51
52
46
38
32
36
41
37
42
40
41
42
28
20
12
9
9
8
8
6
-1
-8
-7
0
8
11
8
9
15
19
18
18
22
30
33
29
28
26
19
15
16
18
19
13
8
4
1
-1
2
6
14
12
5
4
0
-4
-1
9
11
9
9
14
11
8
5
-2
-5
-5
-10
-10
-16
-24
-19
-16
-17
-15
-4
0
-1
-6
-13
-11
-13
-7
-5
-3
-2
5
1
-8
-9
-8
-7
-10
-13
-13
-17
-22
-19
-18
-21
-19
-18
-17
-11
-9
-6
4
2
-1
-3
-4
-8
-13
-13
-12
-19
-19
-13
-12
-7
-1
-5
-2
4
0
-2
-2
-3
-5
-15
-18
-19
-13
-4
-1
-4
-4
-8
-5
2
4
4
-3
-8
-17
-12
-20
-18
-8
-12
-13
-11
-10
-10
-14
-19
-20
-12
-12
-18
-8
-15
-10
-6
-16
-11
-22
-23
-19
-17
-7
-4
-8
-6
-10
-18
-21
-23
-20
-23
-23
-23
-30
-32
-35
-35
-35
-37
-34
-39
-38
-41
-53
-59
-57
-57
-56
-51
-51
-54
-55
-51
-44
-37
-41
-39
-40
-44
-44
-42
-34
-27
-26
-26
-21
-15
-8
-10
-8
-13
-6
-4
-1
0
-6
-4
-8
-4
-4
-5
3
6
9
15
20
26
27
22
18
14
8
2
1
-4
-8
-14
-17
-20
-25
-22
-21
-23
-22
-24
-19
-13
-15
-20
-22
-25
-29
-31
-31
-26
-18
-13
-8
-4
-1
0
2
-1
-5
-4
-7
-3
1
0
-1
-3
-3
1
2
11
18
16
20
27
24
27
27
28
31
36
46
47
37
43
51
51
52
43
46
46
44
44
45
47
49
50
44
46
45
46
49
45
42
39
39
52
58
55
52
45
44
48
49
50
49
47
44
37
27
17
14
14
7
7
3
-4
-4
-6
0
-2
4
5
3
11
9
1
4
3
3
4
5
10
15
18
21
21
27
37
31
32
28
25
25
15
5
6
6
10
13
13
16
20
25
21
21
18
25
29
25
29
31
33
30
43
45
51
53
58
66
61
60
54
55
54
55
41
33
31
34
41
41
44
45
40
41
39
35
35
35
33
24
18
10
-3
-7
-12
-13
-12
-22
-22
-24
-23
-32
-36
-36
-42
-42
-45
-38
-33
-34
-40
-43
-42
-35
-27
-26
-28
-37
-43
-44
-48
-43
-34
-31
-25
-27
-22
-27
-29
-23
-23
-24
-26
-26
-29
-30
-30
-43
-52
-51
-50
-43
-42
-41
-41
-46
-51
-51
-51
-46
-47
-46
-40
-46
-48
-48
-52
-45
-48
-43
-31
-34
-41
-44
-47
-50
-53
-51
-39
-39
-36
-28
-30
-34
-36
-35
-31
-30
-28
-27
-30
-41
-46
-48
-47
-40
-40
-43
-50
-50
-48
-54
-57
-51
-45
-45
-48
-35
-32
-33
-36
-36
-32
-33
-26
-30
-23
-23
-20
-20
-16
-7
3
5
0
0
-3
6
9
13
20
24
28
29
36
44
45
42
33
30
31
29
27
28
21
25
19
21
23
20
20
15
17
15
8
5
4
-3
-4
-8
-9
-12
-18
-17
-22
-22
-20
-22
-27
-35
-38
-41
-43
-42
-38
-34
-30
-23
-25
-24
-27
-34
-27
-21
-16
-4
-4
-7
-5
2
6
5
5
10
12
16
20
19
19
20
22
29
35
44
54
57
61
65
59
62
69
75
83
83
83
80
78
74
68
72
75
80
73
68
62
58
56
53
49
51
57
56
56
52
55
48
50
43
37
35
31
31
29
29
24
24
20
20
20
21
16
13
19
23
20
12
13
19
26
37
43
43
44
51
54
57
60
55
57
59
60
60
54
57
61
61
61
65
68
68
71
73
71
70
63
52
37
36
37
31
37
34
30
26
19
12
13
11
3
0
-1
1
4
1
0
-11
-19
-23
-30
-37
-36
-41
-39
-38
-46
-44
-48
-48
-43
-43
-44
-48
-46
-44
-41
-42
-42
-43
-48
-47
-46
-48
-56
-53
-58
-58
-55
-52
-53
-48
-45
-46
-40
-42
-44
-48
-43
-46
-42
-37
-37
-31
-30
-31
-37
-33
-29
-30
-25
-25
-32
-32
-33
-35
-31
-31
-36
-37
-40
-42
-44
-43
-50
-50
-51
-60
-60
-59
-49
-42
-40
-47
-45
-45
-47
-48
-47
-47
-44
-45
-39
-44
-50
-52
-54
-47
-52
-48
-42
-42
-38
-32
-33
-35
-41
-42
-40
-44
-41
-33
-35
-30
-35
-37
-37
-35
-27
-25
-20
-16
-13
-18
-15
-16
-15
-14
-12
-10
-8
-3
-1
4
11
4
2
8
6
14
16
15
8
8
8
11
11
12
17
13
18
15
18
17
15
20
14
17
20
21
23
25
31
25
22
25
26
22
24
27
22
24
24
30
27
30
27
16
12
7
7
7
2
-8
0
3
4
13
9
3
1
4
7
6
8
5
3
-1
-4
-8
-12
-8
-6
-1
0
5
7
6
9
5
7
7
15
13
13
14
17
24
30
31
38
41
41
39
40
48
45
39
39
38
34
30
29
33
29
29
29
29
29
29
29
27
27
26
23
15
12
13
14
17
12
17
21
20
20
15
8
-1
-2
0
-3
-3
0
-2
1
2
7
13
8
10
10
15
16
15
14
7
3
9
13
17
17
14
11
8
13
15
13
16
17
16
21
26
28
27
29
23
22
18
21
18
23
24
24
29
26
22
19
21
22
21
23
19
18
20
18
18
14
13
17
17
11
12
10
10
10
18
23
14
16
15
8
8
4
-5
-1
2
-2
-1
-1
-5
-2
1
-3
-7
-9
-7
0
0
-4
0
-6
-4
-4
-9
-7
-7
-13
-16
-20
-20
-13
-13
-15
-9
-6
-6
-2
-3
-9
-7
-4
-7
-5
-8
-8
-11
-7
-7
-7
-10
-12
-11
-11
-10
-7
-9
-10
-9
-7
0
0
-3
-3
-3
-5
-7
-4
3
4
5
3
-4
-8
-14
-15
-22
-25
-21
-24
-26
-35
-36
-34
-31
-23
-17
-17
-21
-20
-19
-15
-10
-17
-17
-17
-25
-21
-18
-17
-18
-20
-27
-24
-19
-22
-21
-17
-12
-8
-4
-4
-6
-5
-4
-6
-3
-6
-15
-23
-26
-23
-18
-10
-7
-7
-10
-8
-8
-9
-15
-16
-12
-13
-17
-11
-10
-7
-2
-2
8
7
1
0
8
4
0
-6
-11
-19
-29
-24
-16
-14
-18
-15
-11
-11
1
11
12
7
4
2
3
1
-1
-5
-6
-5
-4
6
6
1
8
9
7
12
5
1
1
3
7
3
7
7
6
9
15
9
12
10
3
9
7
4
-3
-12
-16
-18
-21
-22
-21
-25
-25
-23
-21
-22
-26
-22
-26
-29
-31
-32
-31
-38
-41
-45
-52
-48
-51
-40
-32
-22
-16
-26
-21
-28
-29
-31
-29
-34
-31
-29
-29
-11
-10
-3
4
2
1
-3
-4
-4
-7
-11
-15
-18
-14
-9
-3
0
1
10
12
14
15
10
6
0
5
4
-3
-8
-6
1
0
10
10
10
15
14
23
26
28
31
32
28
24
20
21
22
20
33
33
32
40
36
33
39
35
35
33
17
28
33
26
34
37
29
32
43
44
50
51
47
54
45
38
37
35
38
34
42
45
50
52
50
40
48
47
49
50
54
49
48
44
39
40
41
43
44
42
39
37
33
38
39
33
31
29
27
29
28
28
33
29
28
31
30
32
33
31
28
25
26
29
29
27
26
23
20
19
18
19
10
10
14
12
9
3
-1
-1
-4
-7
-11
-10
-11
-12
-9
-13
-17
-16
-22
-26
-31
-33
-34
-39
-40
-30
-30
-24
-18
-13
-12
-14
-9
-14
-13
-17
-28
-35
-39
-36
-36
-40
-36
-37
-35
-35
-30
-26
-24
-21
-24
-25
-26
-24
-16
-12
-13
-17
-17
-8
-5
-2
-4
-4
1
4
6
2
3
3
6
2
-3
-6
-10
-7
-6
-4
-4
-5
-4
-3
1
3
2
1
-2
-7
-16
-28
-36
-35
-40
-50
-54
-58
-63
-67
-68
-63
-65
-60
-58
-63
-58
-59
-54
-49
-46
-45
-57
-60
-60
-61
-60
-59
-60
-62
-58
-61
-57
-54
-56
-51
-46
-39
-34
-28
-29
-28
-26
-24
-20
-22
-22
-16
-21
-22
-15
-13
-21
-26
-25
-22
-21
-20
-18
-17
-8
-4
-5
-6
-8
-12
-9
-6
1
-2
-3
-2
-1
4
1
-7
-14
-16
-14
-4
-3
-3
-1
-4
-1
4
5
-2
-5
2
5
4
6
9
6
6
3
2
7
3
2
5
7
17
21
19
17
12
17
20
19
23
27
31
32
37
36
32
27
27
29
27
26
23
18
21
30
35
37
38
34
31
32
36
30
35
33
31
31
30
28
32
33
24
22
27
25
24
33
30
34
36
34
33
33
33
33
38
32
29
28
29
34
32
43
47
49
49
50
50
50
45
39
36
37
36
34
42
46
50
50
56
54
46
48
44
45
44
39
35
30
29
31
36
37
34
31
24
24
23
22
17
14
17
21
25
22
18
8
0
3
5
7
11
11
14
18
21
24
25
21
26
33
29
34
38
35
36
30
27
26
23
28
36
39
36
35
36
34
34
35
26
24
24
24
18
18
19
17
12
5
11
6
4
9
7
1
-7
-5
-16
-21
-14
-9
-14
-18
-14
-26
-33
-38
-34
-37
-42
-35
-36
-35
-43
-40
-40
-45
-40
-39
-43
-43
-48
-53
-51
-54
-61
-61
-62
-64
-57
-52
-50
-47
-49
-51
-53
-49
-52
-52
-49
-52
-54
-57
-56
-54
-55
-61
-58
-57
-56
-53
-59
-54
-58
-55
-55
-57
-58
-57
-48
-46
-36
-37
-35
-35
-37
-43
-46
-54
-59
-58
-57
-59
-53
-54
-45
-37
-32
-29
-33
-34
-33
-31
-37
-29
-29
-33
-39
-40
-45
-50
-45
-37
-35
-29
-24
-15
-7
-10
-22
-30
-31
-31
-23
-18
-7
-2
-6
-10
-5
-4
-2
14
18
28
35
31
32
16
9
9
10
13
9
13
16
11
18
15
4
0
2
-5
3
12
19
22
15
21
21
15
21
21
17
17
15
18
15
11
12
14
17
22
31
32
27
25
22
20
26
30
33
25
20
31
27
22
16
14
24
26
31
39
30
24
26
23
20
28
31
32
34
33
33
31
24
18
18
16
19
24
22
21
13
17
22
10
0
0
-1
-1
6
25
24
6
6
11
14
6
2
13
19
11
18
28
23
11
13
21
19
21
25
31
29
20
22
24
29
32
39
48
54
53
52
50
48
55
57
57
52
63
67
66
64
57
51
38
33
45
58
51
52
59
48
37
39
44
39
34
39
34
24
11
2
-7
-24
-22
-1
-1
8
16
11
-9
-28
-24
-32
-30
-23
-11
-15
-21
-20
-23
-34
-30
-12
-10
-12
-10
-7
-15
-32
-27
-30
-46
-44
-30
-28
-29
-18
-21
-26
-24
-19
-20
-8
5
0
-3
-4
0
-13
-16
-9
-15
-25
-26
-15
-22
-26
-20
-15
-14
-10
-8
-6
-19
-24
-24
-30
-32
-34
-38
-44
-49
-46
-55
-71
-65
-61
-67
-70
-59
-62
-66
-72
-65
-62
-67
-60
-52
-50
-53
-51
-50
-49
-39
-39
-53
-47
-44
-44
-41
-37
-35
-40
-35
-25
-16
-17
-10
-1
-6
-7
-3
-4
-10
-10
-2
-2
5
7
9
3
4
16
23
35
38
32
29
23
21
21
28
35
31
32
37
36
33
34
31
22
10
13
26
25
18
16
11
-2
-1
0
-6
2
-1
-1
3
-5
-13
-17
-26
-20
-15
-26
-18
-13
-17
-15
-10
-15
-19
-19
-25
-28
-23
-24
-32
-27
-22
-19
-22
-21
-12
-15
-11
11
19
11
10
20
11
1
9
25
29
28
32
32
32
26
22
27
36
35
27
37
42
23
16
21
31
32
32
41
39
37
28
27
31
28
17
20
27
24
22
21
16
10
-3
-1
5
12
7
9
16
7
12
9
11
19
15
4
18
26
6
5
12
14
-2
-5
3
6
-6
-11
-2
-3
-12
-7
8
14
9
4
17
23
20
19
28
29
22
27
32
46
45
42
49
52
46
42
39
27
27
26
30
36
33
28
40
34
26
37
32
19
12
12
-1
-2
-4
-17
-13
-15
-15
-2
0
5
5
0
-7
-9
-22
-26
-16
-23
-23
-25
-20
-22
-34
-31
-28
-34
-31
-24
-27
-35
-37
-27
-31
-42
-30
-18
-38
-31
-19
-31
-41
-39
-35
-35
-40
-40
-30
-44
-42
-17
-13
-25
-24
-25
-32
-32
-28
-14
-20
-36
-35
-22
-17
-9
10
6
11
19
20
20
27
28
17
14
32
44
42
51
71
72
60
67
81
81
69
77
83
75
73
81
77
76
66
69
81
75
74
79
76
67
60
60
53
50
39
38
35
23
23
32
31
20
27
23
9
-4
-11
-17
-32
-45
-41
-54
-75
-77
-82
-94
-85
-87
-92
-88
-103
-123
-123
-121
-121
-129
-141
-139
-145
-166
-159
-132
-136
-154
-148
-138
-154
-175
-162
-141
-148
-149
-133
-116
-130
-142
-126
-129
-137
-128
-119
-117
-112
-112
-129
-136
-121
-104
-92
-66
-36
-18
-10
20
92
137
143
169
201
199
189
231
301
332
323
326
360
365
340
338
356
346
290
265
292
301
250
209
190
150
97
70
95
117
93
60
63
60
31
17
42
69
77
85
105
128
114
82
77
86
91
95
104
110
99
54
24
11
5
-25
-56
-53
-70
-94
-138
-181
-218
-281
-331
-342
-341
-366
-394
-414
-441
-464
-491
-490
-480
-488
-492
-497
-487
-456
-446
-454
-456
-436
-415
-412
-363
-328
-333
-335
-335
-322
-304
-264
-121
70
170
169
174
203
135
27
137
432
521
358
340
502
468
271
323
590
595
353
347
563
533
260
153
220
149
-15
-13
169
196
-19
-158
-125
-114
-191
-198
-81
-13
-58
-85
3
92
45
-38
7
111
172
208
321
420
403
344
375
461
469
420
415
455
477
464
452
464
438
321
233
254
286
224
131
91
57
-23
-113
-126
-129
-212
-306
-323
-287
-291
-343
-382
-396
-421
-446
-406
-342
-328
-357
-391
-383
-344
-329
-324
-291
-275
-281
-275
-249
-228
-253
-304
-325
-321
-304
-277
-288
-310
-351
-413
-450
-447
-427
-437
-432
-353
-227
-83
-15
4
-26
-46
-37
-17
131
412
537
424
384
527
594
510
561
775
819
631
606
786
784
544
421
448
412
293
288
390
368
137
-22
-14
-8
-71
-85
-32
-17
-63
-109
-68
-16
-63
-134
-124
-38
54
104
143
204
215
163
159
236
296
259
211
252
321
306
253
265
270
161
68
98
157
94
-19
-77
-110
-188
-280
-317
-314
-366
-464
-500
-473
-479
-544
-605
-609
-591
-597
-569
-508
-484
-519
-572
-556
-490
-449
-428
-363
-301
-291
-290
-259
-226
-246
-295
-296
-253
-248
-270
-295
-291
-342
-405
-442
-420
-339
-286
-161
20
89
39
-24
-2
27
33
196
501
627
502
489
671
720
601
666
920
959
760
742
924
876
570
429
494
470
317
288
401
361
91
-102
-85
-77
-183
-223
-146
-85
-156
-226
-192
-136
-204
-303
-245
-101
-26
-14
51
165
177
97
116
246
296
235
263
369
414
359
312
330
293
159
93
154
171
73
-35
-93
-153
-279
-386
-384
-392
-488
-571
-573
-572
-631
-709
-731
-706
-705
-682
-606
-517
-504
-541
-554
-533
-478
-437
-387
-296
-232
-218
-201
-145
-103
-85
-84
-87
-40
-29
-62
-84
-130
-165
-190
-211
-132
13
162
233
206
134
105
109
101
149
378
639
634
498
571
763
758
628
774
1064
1030
811
839
990
845
518
423
532
510
355
334
440
327
27
-117
-83
-105
-206
-237
-153
-98
-183
-263
-231
-224
-338
-400
-296
-140
-73
-82
-14
78
33
-59
-1
131
150
120
195
332
377
310
275
302
253
134
98
184
201
94
-33
-96
-151
-279
-376
-370
-359
-433
-530
-551
-543
-609
-702
-728
-675
-638
-625
-573
-500
-487
-535
-551
-479
-391
-336
-267
-180
-139
-146
-144
-111
-68
-49
-39
-1
38
43
-4
-43
-100
-194
-237
-177
-17
108
216
311
290
127
-8
58
178
258
401
609
677
526
470
630
728
663
704
919
993
853
791
847
740
461
305
365
428
354
271
273
143
-118
-285
-304
-270
-306
-358
-331
-275
-308
-384
-411
-415
-460
-492
-424
-246
-108
-70
-68
-43
-30
-56
-35
60
166
205
213
291
368
350
264
231
241
222
187
222
267
186
18
-94
-159
-245
-330
-367
-369
-415
-502
-551
-579
-651
-740
-779
-753
-693
-635
-591
-560
-567
-623
-633
-593
-512
-405
-337
-298
-231
-181
-190
-190
-172
-154
-139
-163
-133
-54
-105
-213
-249
-184
-72
22
183
363
379
215
112
193
293
320
463
682
700
579
588
753
855
805
869
1031
1028
874
850
893
756
516
417
467
460
378
339
306
119
-157
-272
-241
-247
-296
-296
-271
-299
-388
-423
-390
-418
-477
-443
-351
-223
-125
-73
-49
-60
-99
-83
-8
77
169
235
250
281
320
323
290
259
252
257
243
243
254
192
21
-127
-212
-248
-299
-339
-348
-386
-482
-578
-613
-632
-691
-744
-730
-665
-621
-594
-563
-557
-602
-643
-600
-491
-390
-331
-264
-195
-184
-193
-156
-127
-124
-139
-160
-147
-134
-159
-178
-107
44
255
357
332
314
256
117
56
271
640
762
596
508
606
578
498
666
996
1073
846
771
961
946
645
458
499
439
258
305
558
582
220
-127
-196
-181
-292
-290
-80
24
-131
-296
-251
-132
-228
-431
-439
-262
-165
-128
0
161
136
-98
-202
-77
71
79
83
197
280
225
138
172
237
136
-27
-5
152
194
87
-29
-84
-215
-403
-447
-325
-269
-379
-496
-507
-511
-602
-699
-659
-593
-629
-639
-527
-392
-419
-549
-589
-524
-471
-428
-303
-163
-118
-197
-242
-166
-137
-186
-204
-185
-220
-311
-266
-18
207
307
337
359
302
131
60
248
532
706
707
680
669
642
554
619
825
956
876
812
869
878
688
455
367
316
189
124
268
402
247
-55
-216
-256
-328
-405
-297
-97
-54
-160
-163
-56
-60
-227
-299
-197
-70
-19
106
298
367
232
109
119
169
166
193
266
308
296
245
195
136
45
-80
-160
-122
-36
-49
-151
-264
-379
-519
-614
-592
-494
-467
-553
-613
-619
-650
-731
-780
-731
-689
-673
-603
-469
-394
-446
-547
-554
-494
-421
-330
-213
-140
-149
-191
-240
-229
-246
-325
-367
-418
-388
-161
190
396
332
227
193
42
-214
-37
619
989
747
555
827
957
602
503
1032
1404
1053
729
1053
1382
972
357
318
561
337
-21
220
739
569
-159
-483
-236
-207
-580
-604
-125
92
-270
-486
-169
74
-236
-578
-383
43
101
-9
198
551
438
21
-58
248
390
193
150
437
569
342
140
214
232
-37
-310
-209
28
-36
-286
-403
-412
-591
-870
-925
-719
-628
-776
-858
-734
-642
-791
-939
-871
-742
-771
-782
-580
-330
-337
-492
-513
-422
-377
-318
-211
-51
17
-91
-171
-169
-198
-244
-343
-374
-168
165
431
405
308
331
203
-283
-343
385
1057
821
458
772
1132
665
281
895
1646
1300
682
977
1605
1363
593
488
871
662
8
78
790
920
184
-328
-127
42
-387
-605
-155
276
-62
-492
-275
196
72
-402
-420
-8
100
-77
53
527
671
283
-3
203
450
311
117
271
503
390
150
202
363
166
-261
-410
-237
-174
-352
-459
-424
-533
-866
-1071
-954
-839
-955
-1111
-1083
-942
-928
-994
-925
-804
-818
-934
-895
-655
-479
-566
-626
-518
-408
-408
-372
-168
-39
-139
-328
-332
-266
-287
-348
-173
305
633
478
385
614
540
-120
-357
468
1224
898
453
992
1460
820
235
996
1894
1475
661
998
1741
1425
556
595
1110
772
-38
51
857
973
188
-222
49
97
-392
-507
27
395
16
-374
-115
283
164
-196
-154
123
133
0
267
786
954
591
289
383
517
364
249
396
541
311
-30
-8
139
-112
-570
-770
-648
-618
-742
-669
-541
-780
-1286
-1506
-1355
-1180
-1205
-1194
-1077
-1062
-1202
-1212
-1059
-911
-962
-1046
-944
-694
-567
-584
-695
-749
-824
-891
-825
-596
-311
-455
-793
-924
-903
-898
-337
688
1282
933
486
408
16
-480
280
1865
2109
1055
634
1056
663
-80
546
1902
1654
318
195
1190
1140
-125
-611
-56
-158
-912
-441
1099
1531
193
-845
-540
-60
-191
139
1373
2066
1393
714
1237
1952
1678
1017
1119
1630
1708
1606
1960
2254
1569
255
-458
-172
187
44
-174
-198
-527
-1301
-1828
-1671
-1443
-1750
-2056
-1738
-1060
-825
-1063
-1293
-1476
-1787
-1746
-1043
-75
375
59
-440
-696
-761
-729
-561
-325
-242
-397
-670
-688
-759
-1138
-1727
-1940
-1802
-1508
-1190
-1153
-1321
-1924
-2455
-2710
-1658
623
2798
2812
1386
267
-44
-239
511
2810
4590
3723
1304
166
57
-78
95
1128
1456
357
-652
-308
1
-1072
-2564
-2792
-2099
-1162
187
1670
1852
225
-1350
-1188
274
1787
2959
3727
3752
3074
2602
2720
2794
2231
1595
1648
2302
2781
2613
1695
192
-1305
-1950
-1308
-19
844
554
-583
-1605
-1912
-1677
-1234
-670
-153
180
450
754
885
456
-490
-1206
-1055
-130
846
1166
560
-696
-2015
-2736
-2561
-1842
-1287
-1300
-1711
-2024
-2182
-2325
-2565
-2607
-2362
-1835
-1157
-347
33
-372
-1317
-1883
-1728
-1004
-230
764
2554
3859
3205
832
-787
-957
-433
241
2015
3808
3158
-152
-2927
-3341
-2453
-1294
82
1249
1132
-72
-1216
-1498
-1693
-2082
-1759
-101
2069
3470
3548
2393
569
-843
-755
958
3144
4300
4008
2842
1564
480
-153
-83
473
1047
1514
1955
2009
1103
-531
-1658
-1497
-211
1502
2858
3165
2028
108
-1085
-979
-57
954
1718
2064
1773
789
-379
-1241
-1730
-1839
-1295
-265
494
356
-665
-1927
-2936
-3211
-2616
-1399
-327
30
-373
-1173
-1944
-2464
-2419
-1875
-886
-216
152
-133
-810
-1753
-2558
-2594
-2067
-1356
-1191
-1403
-1656
-238
1892
2575
460
-1613
-1571
-368
421
1799
4124
4051
116
-3897
-3591
-991
565
744
1251
1301
-341
-2295
-2198
-1163
-1620
-2568
-1345
1699
3281
2348
625
-524
-1299
-1151
833
3812
4950
3440
1441
806
802
534
633
1487
2095
1934
1871
1976
1175
-734
-1799
-921
1029
2510
3217
3034
1551
-707
-1677
-511
1141
1831
1858
1999
1665
396
-887
-1115
-911
-956
-544
651
1331
485
-1185
-2222
-2319
-2037
-1380
-228
506
96
-1150
-2068
-2250
-2139
-1875
-1233
-525
-294
-677
-1443
-2078
-2691
-2949
-2856
-2124
-1720
-1670
-2279
-1998
183
2487
1993
-527
-1561
-476
432
597
2409
4520
3013
-2118
-4669
-2618
-1
221
233
1244
854
-1753
-3373
-2130
-1115
-2209
-2622
85
3098
3057
1166
139
-232
-873
-422
2335
5079
4718
2283
1021
1190
810
112
696
2089
2285
1557
1451
1503
270
-1446
-1423
406
2152
2839
2921
2354
643
-1115
-1012
632
1992
2258
2139
2014
1266
-38
-784
-583
-241
62
772
1633
1443
54
-1395
-1925
-1745
-1079
-79
645
427
-670
-1679
-2252
-2508
-2404
-1720
-938
-496
-671
-1104
-1793
-2726
-3416
-3313
-2425
-1700
-1371
-1594
-1016
928
2662
1800
-606
-1592
-534
371
784
2680
4563
2590
-2809
-5731
-4007
-1224
-285
413
1514
734
-2427
-4324
-2975
-1455
-2004
-2028
662
3473
3303
1426
447
41
-806
-547
2174
5130
5059
2537
673
181
-374
-922
28
1766
2285
1477
918
668
-241
-1414
-1233
478
2304
3281
3484
2876
1283
-390
-742
465
1981
2819
2919
2475
1377
-97
-1065
-924
-195
467
981
1465
1377
272
-1253
-2055
-1751
-841
114
893
1017
183
-1075
-2022
-2277
-2009
-1359
-516
226
164
-621
-1775
-2776
-3443
-3518
-3012
-2236
-1650
-1732
-732
1895
3286
816
-2666
-3012
-789
219
662
3249
5081
1274
-5297
-7022
-3646
-1014
-580
750
2541
993
-3177
-4684
-2525
-1385
-2425
-1643
2135
4506
2934
569
-137
-657
-1752
-983
2508
5225
4212
1453
3
-505
-1471
-1630
237
2210
2368
1647
1335
741
-768
-1742
-720
1345
2859
3637
3800
2725
431
-1293
-992
557
1791
2475
2920
2596
1056
-750
-1462
-993
-152
645
1494
2007
1606
352
-1030
-1812
-1698
-763
432
1313
1372
545
-751
-1913
-2335
-1901
-905
33
703
583
-294
-1663
-2739
-3374
-3296
-2752
-2078
-1895
-1224
1628
4185
2760
-1728
-3703
-2207
-847
-709
1908
5419
3720
-3402
-7608
-5424
-2328
-1787
-642
2336
2686
-1442
-4717
-3477
-1751
-2810
-3097
579
4369
3687
761
-409
-684
-2182
-2763
153
4083
4552
2128
519
179
-1058
-2451
-1383
1425
2854
2562
2382
2285
819
-1306
-1623
244
2392
3612
4175
3872
2034
-670
-1972
-1190
432
1635
2477
2996
2503
740
-1018
-1573
-1004
112
1338
2418
2743
1966
448
-976
-1724
-1522
-444
919
1696
1496
666
-464
-1536
-2291
-2050
-937
265
756
560
-249
-1473
-3079
-3974
-3886
-2984
-2285
-896
2785
5779
4016
-1044
-3539
-2464
-1586
-1474
1980
6419
5089
-2342
-6933
-5461
-3335
-3262
-1415
2636
3601
-594
-4285
-3708
-2684
-4044
-4116
115
4300
3880
1149
18
-616
-2674
-3824
-1067
3116
4309
2701
1667
1236
-731
-3112
-2661
288
2338
2745
3033
3036
1398
-1124
-2025
-747
1093
2538
3713
4104
2706
78
-1616
-1645
-953
15
1671
3418
3639
2204
465
-628
-1206
-1002
368
2326
3234
2689
1488
171
-1268
-2189
-1610
14
1233
1454
1328
940
-188
-1660
-2152
-1454
-398
440
968
971
-37
-1908
-3267
-3693
-3630
-3095
-1601
2394
5920
5049
716
-2149
-2409
-2642
-2857
636
5684
5769
-283
-5057
-5036
-4299
-4580
-2636
1732
3548
476
-2881
-3085
-3023
-4863
-5157
-1234
2997
3352
1522
939
281
-2222
-4230
-2515
1196
2924
2442
2511
2710
670
-2685
-3594
-1589
482
1544
2691
3432
2328
-188
-1836
-1651
-724
568
2291
3580
3155
1282
-422
-1242
-1630
-1354
157
2396
3645
3366
2361
1076
-477
-1513
-1014
686
2156
2581
2225
1275
-344
-1925
-2261
-1370
-320
485
1291
1883
1353
-122
-1239
-1474
-1096
-497
525
1322
1023
-439
-1986
-3167
-3436
-3607
-1689
3200
6850
5093
629
-1177
-1023
-2712
-3585
668
5943
4400
-1964
-4326
-2927
-3547
-5294
-2912
1827
2290
-1355
-2885
-1422
-2167
-5496
-5306
-605
2657
1746
959
1982
1298
-2038
-3880
-1815
859
1181
1190
2790
3506
781
-2632
-3167
-1863
-980
61
2025
3059
1790
-126
-758
-750
-1031
-522
1341
2892
2562
1373
783
189
-1142
-1795
-385
1822
2712
2515
2432
1944
246
-1568
-1610
-296
686
998
1412
1373
112
-1514
-1753
-892
-324
-50
780
2034
2213
1085
99
-245
-481
-654
-346
600
795
-13
-1374
-2454
-3195
-2958
702
5049
5758
2836
705
298
-1433
-3312
-739
4528
5182
336
-2811
-2167
-2412
-3936
-2798
1004
1954
-840
-2714
-1435
-1072
-3641
-4942
-2470
271
318
145
1662
2164
-178
-2815
-2714
-1023
-319
98
1908
3596
2458
-393
-2007
-2091
-1980
-1189
829
2287
1920
834
525
362
-570
-1153
-337
1080
1540
1340
1637
1657
390
-1205
-1315
120
1398
1970
2407
2752
1969
185
-1130
-1257
-746
-256
389
901
636
-346
-1172
-1205
-879
-652
-248
584
1478
1533
1086
611
53
-504
-882
-664
35
163
-749
-1659
-2488
-1028
2509
4788
3738
1763
1363
453
-1751
-1832
2085
4980
2553
-1311
-1627
-1306
-2983
-3354
-56
2609
1039
-1870
-1854
-719
-1896
-3679
-2799
-655
-557
-1224
261
2160
1621
-577
-1687
-1512
-1701
-1906
-315
2275
3012
1460
210
-292
-1627
-2831
-1813
392
1207
631
495
1047
751
-325
-830
-638
-590
-523
425
1711
1955
1139
173
-441
-772
-526
788
2334
2774
2050
1117
76
-1237
-2079
-1532
-454
-31
-264
-527
-565
-817
-1186
-1182
-739
-403
100
823
1372
1097
479
-12
-512
-909
-777
-628
-680
-1617
-1276
1775
4391
3974
1822
1214
517
-1574
-2388
1003
4751
3665
-221
-1394
-895
-2252
-3295
-690
2526
2175
-415
-969
-122
-1265
-3366
-2845
-503
-272
-1755
-1150
1133
1621
199
-529
-242
-848
-2276
-1894
573
2185
1551
884
1170
547
-1378
-2019
-923
-201
-507
-470
565
936
311
24
198
-342
-1752
-2064
-645
657
942
1167
1663
1175
-393
-1117
-86
1361
1768
1759
1938
1444
-274
-1705
-1706
-1175
-1252
-1552
-1217
-824
-975
-1120
-817
-668
-931
-1089
-433
473
1139
1019
685
61
-503
-955
-1155
-1483
-1127
1529
3988
4320
2917
2182
841
-1943
-3604
-1014
2858
3385
1228
181
-423
-2488
-3479
-805
2360
2450
663
355
952
-81
-1949
-1913
-505
-518
-1528
-787
986
1290
341
136
501
-89
-1485
-1631
15
1415
1433
1314
1868
1555
29
-837
-410
-121
-559
-554
244
704
331
176
630
525
-733
-1817
-1621
-960
-528
177
1417
2053
1228
76
-184
131
223
548
1334
1619
739
-387
-816
-1129
-1854
-2388
-2104
-1749
-1970
-1946
-973
-174
-245
-591
-422
-273
-187
295
1200
1319
398
-453
-656
-1040
-2105
-796
2030
3698
2616
1742
1688
374
-2067
-2207
669
2412
1268
209
515
-248
-1940
-1351
1190
2618
1667
643
625
249
-963
-1454
-541
-297
-1284
-1482
-388
287
119
254
687
649
39
-288
167
882
1292
1503
1925
1964
1287
637
453
129
-254
-384
-252
-168
-207
-164
75
198
-151
-685
-1014
-1212
-1311
-717
337
1242
1581
1512
1213
724
216
-45
119
432
317
-67
-250
-654
-1401
-2170
-2606
-2793
-2904
-2751
-2117
-1283
-741
-592
-444
-404
-613
-529
103
651
588
67
-132
-523
-1168
-552
1031
2197
2043
1628
1171
-23
-1504
-1515
0
851
474
214
178
-633
-1297
-526
829
1495
1456
1520
1363
438
-649
-874
-460
-584
-1082
-883
-343
-350
-452
-112
351
421
289
387
937
1403
1505
1657
2001
2044
1629
1295
1246
1077
591
33
-270
-463
-587
-328
101
271
-133
-650
-853
-1101
-1414
-1207
-329
515
924
1170
1449
1312
608
102
234
322
-160
-594
-445
-359
-881
-1618
-2105
-2602
-3288
-3484
-2719
-1731
-1141
-805
-511
-320
-628
-576
47
676
704
831
1146
781
366
358
774
780
388
-125
-467
-941
-1729
-1816
-1183
-591
-535
-475
-481
-413
-101
315
1014
1707
2023
1802
1794
1660
1066
482
71
-394
-913
-947
-854
-724
-638
-720
-802
-709
-311
118
863
1541
1895
2063
2058
2019
2055
2187
2015
1668
1369
1048
637
139
-294
-462
-304
-28
-107
-327
-394
-433
-620
-762
-469
104
489
590
865
1298
1299
680
246
281
225
-240
-591
-512
-402
-754
-1339
-1759
-2090
-2592
-2819
-2235
-1300
-647
-301
-110
-181
-421
-516
-224
43
176
350
656
571
-12
-527
-909
-1450
-2108
-2177
-1615
-1026
-789
-696
-517
-477
-758
-828
-318
319
749
938
1296
1746
1904
1778
1625
1551
1095
414
-210
-617
-959
-1178
-1148
-1088
-1099
-1215
-1098
-776
-153
422
998
1491
1887
1919
1755
1949
2314
2588
2415
2236
2041
1689
1113
701
632
516
295
145
196
186
110
48
4
-4
-62
-36
89
317
591
852
1060
1118
972
749
527
336
128
-116
-350
-621
-996
-1436
-1856
-2098
-2050
-1827
-1449
-1057
-695
-572
-572
-496
-298
-68
82
159
292
250
-105
-349
-527
-730
-1252
-1678
-1874
-1901
-1939
-1971
-1742
-1590
-1565
-1705
-1435
-1210
-1002
-721
-312
478
1150
1741
1788
1669
1081
404
-63
-421
-509
-611
-498
-640
-644
-991
-1105
-911
-533
2
341
749
912
1240
1179
1335
1653
1958
1912
1639
1599
1543
1520
1149
961
990
1069
840
604
856
1002
846
466
448
569
565
406
533
1037
1229
1155
1141
1395
1381
1089
749
703
707
379
-42
-327
-410
-788
-1119
-1189
-1072
-1008
-1063
-943
-719
-505
-523
-379
-170
-176
-302
-232
-80
-118
-234
-282
-236
-425
-891
-1304
-1450
-1751
-2127
-2210
-2020
-1888
-1823
-1623
-1257
-1050
-1073
-1091
-835
-358
8
369
621
453
-143
-734
-1015
-1133
-1179
-1096
-1084
-1131
-1308
-1467
-1230
-902
-658
-336
75
390
706
1027
1388
1691
1701
1551
1335
1199
1066
1148
1186
1028
872
792
845
866
943
1071
1155
956
716
635
735
875
946
1040
1136
1176
1163
1199
1308
1495
1486
1280
1154
1005
786
560
444
359
177
-169
-436
-428
-452
-481
-423
-242
-160
-108
2
226
400
341
283
174
-44
-265
-379
-415
-485
-638
-739
-918
-1352
-1751
-1841
-1784
-1846
-1721
-1478
-1252
-1216
-1284
-1098
-766
-538
-266
105
141
-76
-398
-671
-860
-1066
-1163
-1076
-1010
-1110
-1176
-1205
-1116
-972
-930
-706
-457
-301
-180
-46
30
182
272
82
-19
106
448
583
597
696
759
643
379
482
704
865
790
781
820
777
648
700
874
947
1066
1082
1412
1608
1637
1593
1692
1694
1408
1110
922
773
554
407
316
392
278
222
304
420
342
212
358
496
644
791
929
847
556
250
30
48
53
-123
-279
-356
-516
-692
-848
-976
-1056
-1221
-1411
-1474
-1215
-933
-759
-543
-479
-353
-391
-399
-257
-104
-141
-300
-414
-710
-1038
-1201
-1234
-1301
-1362
-1336
-1343
-1297
-1145
-918
-715
-518
-496
-437
-218
15
74
149
-124
-180
-96
136
234
357
529
358
207
-33
-25
126
178
212
484
415
466
342
602
701
696
601
719
946
1133
1402
1326
1377
1341
1084
718
571
447
456
461
351
337
333
170
203
397
538
550
487
659
786
915
930
915
812
646
429
425
459
314
84
-140
-255
-661
-739
-838
-771
-879
-999
-1163
-1187
-889
-802
-506
-269
-33
33
-8
-247
-401
-323
-395
-471
-597
-746
-1003
-1094
-1330
-1376
-1357
-1414
-1341
-1302
-1042
-909
-757
-567
-593
-497
-353
-227
-299
-352
-352
-147
-93
-74
-45
133
264
61
71
193
343
-14
-199
-113
-57
-68
-131
97
549
515
348
532
714
800
839
1050
1347
1194
955
781
687
646
637
661
725
738
733
591
563
675
628
619
592
796
861
920
871
841
727
544
397
622
757
541
404
378
247
-10
-40
-126
-205
-329
-505
-561
-394
-446
-320
-204
-144
1
64
192
126
174
-159
-341
-477
-808
-904
-855
-822
-1095
-1267
-1219
-1271
-1455
-1469
-1286
-1144
-1187
-1054
-822
-623
-781
-854
-759
-585
-601
-561
-391
-173
-126
-186
-172
-302
-293
-333
-329
-300
-91
-279
-476
-487
-511
-333
-176
30
80
126
215
373
398
512
700
676
629
647
669
608
531
327
402
479
489
653
783
805
725
647
526
655
773
888
994
1043
1030
900
864
885
925
917
802
625
658
527
477
466
434
361
300
209
83
139
118
216
400
490
507
491
393
323
166
27
-149
-369
-524
-468
-414
-499
-518
-589
-650
-1008
-1113
-1102
-984
-921
-796
-624
-661
-754
-830
-733
-755
-720
-564
-458
-406
-321
-379
-406
-560
-588
-491
-576
-661
-557
-627
-705
-742
-686
-578
-526
-384
-298
-167
-173
71
205
246
294
333
352
239
295
292
356
346
300
342
316
528
603
641
713
612
545
392
351
581
825
833
930
978
940
788
711
725
864
813
777
870
888
903
725
551
538
409
203
379
439
578
512
412
463
439
374
166
259
62
-118
-245
-274
-191
-228
-170
-227
-292
-544
-603
-790
-739
-682
-690
-644
-589
-579
-746
-722
-712
-658
-670
-628
-620
-630
-531
-468
-420
-358
-528
-532
-645
-677
-724
-682
-703
-686
-700
-729
-760
-694
-544
-614
-427
-355
-203
-238
-147
-194
-165
-237
-322
-112
-136
23
21
85
122
243
355
385
493
424
381
343
393
325
557
609
585
634
664
617
544
517
463
616
652
702
742
782
657
603
535
397
407
482
579
769
904
936
873
745
642
506
394
276
260
188
164
185
167
108
-33
-136
-187
-279
-435
-360
-352
-278
-341
-313
-369
-558
-500
-446
-442
-593
-621
-537
-488
-563
-590
-478
-509
-650
-748
-694
-739
-691
-747
-785
-742
-775
-763
-832
-850
-738
-695
-602
-542
-458
-515
-533
-472
-422
-392
-363
-401
-363
-244
-257
-113
-82
61
117
179
147
122
143
73
131
167
309
380
381
416
553
465
443
421
453
492
459
624
704
779
678
607
563
452
436
542
763
879
924
964
973
792
680
669
560
513
434
502
527
582
516
471
402
253
105
-19
23
53
65
40
126
15
-48
-84
-104
-85
-123
-127
-193
-104
-106
-117
-135
-192
-330
-449
-381
-374
-440
-486
-548
-558
-603
-681
-750
-726
-823
-799
-710
-665
-663
-675
-606
-599
-641
-636
-569
-564
-606
-557
-507
-359
-340
-331
-209
-201
-213
-219
-145
-186
-201
-164
-64
81
79
158
231
278
240
199
236
258
268
213
368
457
461
505
480
467
426
509
595
728
784
878
932
908
909
918
794
764
638
586
656
672
661
642
621
463
480
294
289
308
414
415
440
401
366
325
250
273
174
247
171
147
105
93
98
60
-48
-199
-252
-305
-418
-414
-435
-440
-483
-490
-528
-486
-524
-637
-597
-676
-643
-667
-533
-462
-513
-608
-576
-584
-716
-723
-681
-547
-635
-672
-724
-637
-599
-572
-532
-486
-410
-534
-510
-507
-404
-311
-193
-105
-45
-127
-211
-158
-135
-149
-120
-32
79
99
69
65
103
-7
15
228
347
413
417
541
553
462
415
503
403
315
354
404
529
503
589
585
525
338
389
458
361
419
412
482
423
370
311
410
355
317
300
398
389
274
338
343
337
199
142
78
-22
-81
-103
12
13
-62
-92
-198
-179
-299
-320
-303
-296
-452
-392
-257
-295
-319
-463
-385
-443
-457
-533
-410
-416
-497
-571
-630
-526
-532
-485
-475
-456
-557
-503
-544
-516
-484
-441
-327
-210
-212
-292
-338
-383
-365
-379
-303
-201
-134
-213
-155
-90
-103
-126
-92
-38
56
130
241
299
320
344
251
219
180
214
248
318
384
487
433
420
378
306
282
277
386
374
456
394
384
446
444
511
534
529
483
470
421
469
504
419
420
411
311
237
263
193
186
181
133
173
132
149
97
38
0
43
2
-113
-49
-75
-89
-77
-118
-135
-193
-234
-232
-190
-231
-318
-347
-409
-391
-405
-295
-274
-304
-363
-353
-362
-381
-297
-237
-210
-240
-217
-262
-227
-242
-258
-234
-211
-287
-227
-206
-168
-95
-94
-152
-98
-73
-131
19
78
149
237
266
138
225
109
69
47
191
255
292
316
262
250
118
178
121
223
185
269
257
283
270
333
387
407
483
406
477
443
474
490
528
507
456
425
336
286
288
276
259
285
261
227
179
197
194
154
42
-1
100
46
45
27
25
-18
-110
-140
-132
-43
-171
-195
-276
-280
-340
-444
-316
-275
-278
-314
-274
-352
-381
-452
-463
-323
-311
-379
-373
-378
-424
-448
-402
-386
-440
-411
-403
-384
-328
-263
-300
-198
-291
-264
-216
-121
-113
-13
-19
-90
-80
-160
-90
-65
40
-6
110
61
38
78
57
121
61
89
66
81
48
125
232
215
243
261
312
337
373
343
393
382
356
356
406
413
333
310
335
287
251
260
290
318
280
240
191
179
162
109
99
100
151
150
106
127
37
-48
-98
-14
-120
-65
-178
-224
-218
-303
-329
-390
-236
-302
-206
-177
-273
-265
-338
-360
-345
-333
-410
-318
-322
-364
-471
-412
-486
-542
-482
-451
-405
-406
-461
-376
-418
-441
-386
-289
-280
-253
-138
-231
-312
-353
-292
-248
-261
-196
-122
-72
-112
-207
-103
-16
-169
-164
-72
-125
-40
18
56
139
181
164
163
193
156
296
365
355
384
390
407
467
429
489
455
428
349
399
484
493
573
607
554
414
424
436
506
485
498
443
476
416
359
384
379
396
353
312
269
299
254
154
137
107
100
26
-68
0
-3
0
-71
-53
-191
-154
-215
-225
-206
-223
-277
-282
-248
-415
-321
-300
-240
-263
-263
-360
-219
-384
-458
-392
-345
-343
-372
-302
-343
-292
-464
-397
-414
-433
-349
-178
-239
-255
-239
-264
-199
-342
-291
-243
-143
-117
-84
-83
-131
-101
-69
-20
10
23
155
120
157
134
213
245
293
257
197
243
248
343
316
480
415
448
431
369
363
399
429
441
456
303
366
453
562
490
480
421
410
323
326
500
454
357
426
233
177
307
275
228
327
269
128
217
90
132
104
83
58
126
-62
-186
-162
-292
-174
-257
-176
-125
-143
-291
-315
-222
-259
-240
-338
-233
-309
-363
-375
-403
-408
-553
-460
-443
-357
-428
-392
-409
-436
-393
-458
-457
-332
-428
-478
-393
-283
-256
-287
-296
-363
-310
-391
-347
-233
-130
-207
-110
-69
-79
-53
-114
-24
-27
2
19
77
200
162
299
183
282
111
287
253
171
226
302
322
211
327
240
380
215
361
390
466
287
260
238
171
296
261
353
323
351
217
295
239
205
197
236
152
87
112
-53
43
38
75
28
40
39
-4
2
-124
-163
93
22
-96
-97
-38
-125
-198
-202
-154
-153
-273
-254
-346
-376
-469
-346
-360
-399
-409
-282
-368
-443
-363
-404
-497
-443
-323
-277
-291
-336
-277
-318
-379
-399
-213
-228
-303
-374
-224
-175
-208
-216
-72
-95
-143
-109
-219
-173
3
37
59
153
47
16
53
-19
-3
220
172
143
222
259
121
178
226
181
231
318
407
365
255
329
379
381
400
387
491
505
418
346
454
325
375
434
344
329
322
330
334
310
153
266
238
248
305
250
202
188
222
66
161
104
188
173
43
-31
-64
-44
-87
-62
-183
-85
-198
-243
-264
-241
-228
-191
-209
-291
-254
-297
-292
-243
-358
-300
-313
-355
-362
-295
-332
-342
-303
-388
-307
-366
-311
-281
-188
-304
-304
-207
-226
-207
-256
-159
-134
-112
-96
4
31
-53
-28
-7
-10
-8
108
156
142
107
192
219
102
174
254
284
310
323
337
335
340
328
410
418
354
403
426
414
404
488
530
436
379
371
298
301
314
324
337
357
319
301
265
216
317
316
271
256
241
149
173
144
79
82
39
24
-21
-51
-54
-122
-139
-141
-157
-166
-184
-182
-149
-218
-266
-252
-247
-244
-221
-237
-240
-290
-423
-392
-402
-422
-428
-369
-399
-421
-406
-442
-343
-316
-373
-410
-370
-384
-358
-308
-290
-257
-276
-225
-237
-217
-173
-190
-203
-151
-108
-87
-34
-79
-71
-61
-41
41
68
90
121
121
72
161
173
170
208
244
276
244
252
238
303
249
268
350
337
305
356
389
315
335
336
365
401
350
338
338
300
245
250
240
262
229
209
233
154
119
46
13
-12
16
-25
3
30
-17
-78
-98
-94
-95
-99
-131
-131
-182
-204
-245
-227
-209
-263
-288
-266
-326
-354
-347
-341
-352
-341
-350
-325
-309
-315
-307
-328
-311
-360
-364
-327
-271
-253
-249
-234
-257
-253
-233
-215
-217
-214
-223
-179
-156
-178
-165
-107
-77
-80
-90
-71
-39
-36
-17
18
50
55
72
81
93
96
76
105
124
137
161
195
230
246
244
267
269
269
280
311
339
339
349
331
310
313
282
290
311
300
298
294
285
250
236
189
198
191
171
165
143
161
122
115
109
93
66
55
49
5
11
-27
-37
-55
-55
-79
-97
-94
-153
-174
-198
-210
-210
-194
-189
-154
-160
-199
-216
-258
-261
-229
-241
-249
-228
-214
-240
-227
-228
-244
-227
-218
-218
-208
-179
-194
-189
-165
-145
-126
-116
-94
-87
-84
-63
-69
-68
-39
-10
20
32
20
27
25
39
59
112
156
174
197
209
199
199
205
223
250
293
298
305
327
313
302
313
328
297
308
322
320
316
294
288
271
272
257
235
243
247
230
229
205
202
183
159
151
129
127
91
98
86
41
20
6
6
-16
-40
-42
-60
-93
-133
-158
-134
-128
-148
-155
-190
-209
-233
-264
-265
-266
-275
-289
-287
-298
-298
-296
-304
-320
-334
-336
-344
-344
-323
-300
-291
-276
-262
-260
-266
-268
-266
-264
-255
-247
-196
-166
-167
-149
-132
-132
-146
-141
-99
-49
-12
26
51
65
77
77
85
96
140
175
206
228
248
264
258
241
224
246
257
268
294
332
341
319
318
310
302
288
295
322
308
298
284
279
273
251
231
243
232
222
217
188
167
152
141
107
87
65
29
20
16
-13
-39
-72
-92
-108
-130
-137
-152
-178
-212
-234
-236
-252
-273
-279
-281
-278
-279
-280
-291
-320
-340
-346
-348
-342
-339
-324
-311
-310
-306
-304
-311
-316
-311
-321
-292
-249
-226
-218
-210
-215
-223
-223
-221
-192
-152
-107
-71
-39
-16
-5
-36
-31
-27
12
60
93
129
133
155
149
153
157
174
187
204
233
247
269
268
281
292
279
280
289
299
312
301
297
309
291
269
251
244
251
259
276
265
256
254
244
240
224
211
198
188
181
167
142
120
97
79
47
38
32
15
-10
-31
-27
-51
-100
-110
-119
-126
-133
-134
-132
-157
-170
-212
-210
-213
-221
-229
-219
-214
-239
-253
-275
-294
-316
-325
-311
-295
-288
-288
-282
-281
-290
-292
-295
-285
-255
-233
-210
-170
-145
-142
-149
-156
-158
-141
-114
-105
-81
-55
-37
-24
-26
-27
-5
1
24
55
82
132
148
170
158
160
161
158
183
210
237
243
259
257
265
258
254
259
274
289
304
313
302
284
267
264
263
271
273
276
270
257
242
229
207
192
175
172
158
135
136
120
95
58
51
57
53
60
28
6
-10
-52
-57
-56
-53
-67
-70
-86
-111
-129
-157
-173
-199
-215
-232
-228
-223
-223
-224
-230
-231
-245
-255
-253
-219
-205
-196
-187
-184
-177
-192
-191
-195
-186
-176
-171
-158
-144
-120
-115
-100
-89
-97
-80
-69
-64
-37
-5
23
38
43
52
51
51
64
77
85
102
115
129
139
134
126
118
127
149
167
195
226
232
230
226
222
215
219
228
252
263
249
235
231
216
214
211
199
184
173
169
145
126
128
131
118
102
94
100
99
83
61
56
48
18
-4
-17
-17
-29
-48
-69
-91
-112
-139
-163
-169
-167
-176
-185
-200
-205
-233
-253
-251
-243
-234
-231
-222
-224
-220
-240
-236
-223
-224
-242
-249
-234
-239
-245
-229
-207
-190
-189
-193
-182
-177
-153
-135
-100
-87
-83
-78
-59
-34
-29
0
19
39
56
61
78
95
95
87
92
113
122
138
167
193
193
187
187
185
188
191
199
212
225
227
218
208
202
194
194
187
182
182
172
151
153
147
134
112
88
89
81
82
87
82
69
45
30
29
19
4
0
-8
-22
-56
-79
-85
-94
-98
-112
-116
-127
-144
-157
-168
-178
-198
-209
-214
-206
-213
-219
-224
-223
-228
-241
-243
-254
-251
-255
-253
-249
-248
-245
-247
-245
-252
-250
-248
-227
-204
-191
-168
-160
-159
-154
-140
-119
-110
-94
-72
-53
-46
-38
-35
-25
-13
0
22
45
60
81
114
126
133
153
168
180
192
212
219
230
244
250
250
242
244
251
261
255
252
257
254
251
244
240
236
234
230
226
221
226
229
219
209
193
183
167
153
146
128
112
77
60
37
20
9
-12
-25
-32
-35
-35
-41
-62
-75
-82
-87
-99
-105
-110
-102
-121
-136
-145
-148
-149
-152
-146
-150
-153
-159
-166
-177
-180
-191
-194
-193
-179
-166
-160
-147
-139
-136
-125
-112
-112
-108
-102
-89
-89
-87
-89
-88
-79
-73
-66
-49
-29
-5
16
40
56
52
53
60
70
83
97
114
131
142
162
179
182
182
182
189
192
191
196
201
195
195
194
203
205
204
213
210
202
203
201
192
171
162
155
138
128
120
117
108
99
85
72
60
54
50
43
28
10
0
-23
-42
-51
-56
-58
-66
-78
-87
-91
-108
-123
-133
-138
-135
-142
-154
-177
-184
-191
-199
-196
-204
-199
-202
-200
-195
-195
-183
-167
-159
-165
-164
-166
-157
-152
-150
-148
-145
-152
-152
-144
-139
-127
-118
-102
-93
-81
-74
-58
-40
-38
-35
-21
-16
-4
3
16
33
44
48
45
51
59
68
75
86
88
94
106
110
116
117
122
127
131
139
151
156
155
151
154
157
149
142
136
136
129
118
110
93
81
71
73
77
78
78
65
53
44
37
32
29
20
0
-19
-35
-49
-66
-77
-80
-89
-94
-108
-122
-132
-143
-164
-169
-173
-177
-185
-194
-189
-197
-202
-199
-186
-193
-202
-204
-203
-204
-208
-204
-201
-200
-213
-202
-199
-190
-177
-174
-154
-141
-127
-114
-96
-89
-80
-71
-64
-44
-32
-20
-7
6
16
25
29
40
55
60
69
77
91
114
122
133
135
144
147
155
170
180
189
192
196
196
199
184
191
194
194
199
194
192
196
197
190
185
189
187
169
172
177
169
156
145
141
138
128
121
115
108
88
81
77
67
63
54
42
30
17
-4
-21
-22
-24
-26
-23
-32
-50
-66
-74
-80
-88
-92
-103
-108
-109
-114
-129
-137
-136
-144
-153
-151
-136
-126
-127
-128
-126
-111
-116
-120
-106
-102
-92
-88
-78
-64
-62
-60
-47
-40
-30
-25
-18
-10
-7
11
24
39
59
73
86
96
104
115
130
148
152
163
173
172
170
171
176
177
182
184
192
202
200
207
212
220
215
198
200
200
198
200
191
188
177
162
149
146
139
121
115
109
93
85
82
74
62
48
30
12
-1
-12
-18
-24
-30
-39
-52
-67
-78
-95
-118
-122
-123
-131
-144
-151
-153
-166
-181
-189
-188
-190
-203
-202
-207
-214
-220
-231
-228
-232
-228
-225
-219
-213
-216
-215
-212
-199
-196
-193
-182
-177
-174
-163
-147
-140
-133
-125
-111
-91
-84
-66
-56
-50
-34
-20
-10
6
17
16
26
26
42
58
69
78
80
90
104
120
131
138
152
161
163
165
166
168
166
178
183
177
174
170
166
162
151
148
141
128
116
105
97
93
83
79
70
60
50
37
36
26
22
5
-8
-16
-33
-45
-63
-73
-90
-99
-110
-123
-131
-145
-155
-168
-175
-176
-179
-179
-184
-186
-186
-189
-191
-191
-193
-198
-194
-188
-185
-199
-190
-179
-174
-176
-170
-161
-168
-167
-158
-145
-133
-126
-118
-113
-108
-103
-90
-81
-70
-61
-51
-32
-22
-22
-19
-7
-1
9
29
41
47
49
58
73
86
98
107
116
123
128
128
136
143
141
144
153
163
168
163
170
173
170
175
173
178
185
189
188
182
173
162
159
163
155
146
137
126
107
104
100
91
82
69
73
74
67
55
50
43
35
22
12
15
0
-16
-28
-40
-46
-58
-64
-66
-73
-78
-92
-96
-89
-95
-102
-106
-107
-109
-118
-124
-127
-134
-136
-129
-123
-117
-109
-100
-99
-98
-95
-89
-80
-68
-59
-54
-48
-42
-45
-41
-35
-29
-23
-11
-2
5
12
17
21
27
30
39
58
63
72
78
90
91
93
104
108
115
122
131
137
138
139
135
139
150
145
146
144
135
127
127
128
125
128
130
132
131
128
129
128
121
116
111
109
103
82
67
56
49
48
37
30
23
10
5
-4
-13
-19
-27
-33
-39
-49
-50
-66
-73
-79
-85
-86
-95
-102
-107
-105
-108
-106
-114
-129
-135
-138
-134
-138
-141
-143
-146
-150
-161
-156
-150
-141
-136
-132
-131
-134
-140
-142
-135
-127
-115
-104
-86
-81
-83
-71
-63
-50
-43
-35
-26
-22
-18
-10
-5
2
12
19
27
32
40
43
46
54
55
61
68
71
81
82
89
94
98
102
106
107
111
117
118
111
100
106
108
110
99
93
91
88
91
88
87
82
65
50
42
30
19
5
0
-1
0
-13
-20
-20
-34
-36
-42
-45
-58
-71
-84
-102
-108
-118
-114
-114
-120
-124
-130
-137
-147
-148
-154
-151
-160
-170
-169
-170
-162
-160
-148
-137
-134
-133
-134
-123
-121
-118
-120
-113
-103
-104
-95
-92
-82
-67
-58
-43
-37
-34
-21
-12
3
16
24
30
45
50
67
89
100
110
111
117
114
111
115
123
131
140
147
155
159
155
153
154
152
145
145
151
150
140
135
143
145
141
135
141
142
124
113
109
111
107
99
92
88
78
63
59
51
50
45
27
26
15
9
1
-14
-26
-34
-35
-43
-52
-68
-74
-85
-86
-99
-107
-107
-108
-108
-110
-115
-114
-110
-115
-116
-123
-125
-124
-120
-123
-123
-117
-118
-116
-108
-100
-94
-88
-82
-73
-69
-63
-60
-57
-49
-37
-29
-20
-11
-10
-8
7
22
31
42
44
53
49
50
59
72
76
88
98
103
112
106
112
109
112
118
124
126
127
126
116
117
116
119
128
127
127
122
117
122
122
123
126
127
128
130
127
120
119
115
113
102
92
83
77
69
61
53
46
42
40
37
31
36
25
11
-8
-18
-23
-35
-35
-43
-50
-54
-59
-69
-82
-92
-90
-95
-95
-100
-96
-103
-117
-125
-134
-120
-118
-115
-132
-128
-122
-117
-113
-106
-100
-107
-98
-98
-97
-106
-105
-104
-91
-93
-95
-83
-82
-78
-80
-77
-70
-60
-48
-48
-42
-38
-25
-17
-10
-9
-15
-9
-10
4
6
13
17
28
43
50
58
57
58
62
67
67
73
72
77
81
77
78
87
93
92
93
95
94
93
93
85
77
70
69
58
54
52
51
51
42
32
19
13
10
9
1
-7
-9
-12
-14
-28
-46
-55
-63
-78
-80
-85
-93
-96
-109
-118
-123
-118
-116
-125
-124
-122
-130
-136
-139
-132
-124
-123
-119
-123
-131
-131
-136
-135
-138
-131
-128
-125
-121
-113
-97
-88
-83
-75
-72
-68
-58
-51
-40
-29
-18
-9
1
7
18
23
29
41
57
66
72
77
76
75
77
88
98
113
120
123
131
143
149
151
150
147
141
132
135
138
137
135
127
124
120
113
107
99
101
95
89
85
81
66
55
58
55
58
58
55
50
42
25
16
13
8
5
-2
-12
-19
-26
-35
-43
-49
-56
-65
-60
-58
-63
-66
-68
-64
-69
-74
-81
-79
-85
-86
-88
-83
-78
-81
-79
-78
-77
-83
-76
-72
-80
-95
-83
-80
-93
-80
-70
-66
-51
-51
6
-14
85
64
-32
-79
-12
166
39
-72
-7
76
88
155
155
102
-33
41
150
358
229
144
97
194
691
746
439
561
981
320
-409
50
1212
1095
-221
-505
340
97
-684
-197
679
381
-779
-713
46
-19
-458
-198
-12
-940
-1140
-304
118
-136
-325
-178
-379
-873
-667
180
231
-278
-141
127
-222
-521
-23
538
327
-167
-52
217
129
91
340
527
320
-140
-329
-34
114
89
79
19
-131
-351
-526
-354
-109
-183
-244
-324
-453
-412
-344
-217
-92
-256
-437
-360
-224
-80
125
240
185
85
-42
12
253
422
482
456
348
248
271
332
426
403
244
159
134
120
136
174
133
-22
-220
-271
-182
-112
-91
-83
-94
-175
-238
-210
-98
-7
51
114
139
120
138
242
297
275
255
276
303
278
300
384
397
271
149
106
81
90
118
125
79
-33
-142
-197
-200
-175
-157
-208
-256
-241
-231
-231
-229
-193
-179
-198
-189
-105
-5
33
33
7
-25
-40
-10
35
57
79
71
28
-30
-55
-60
-73
-80
-127
-169
-184
-182
-182
-224
-274
-292
-278
-273
-270
-209
-116
-71
-119
-137
-84
-22
17
39
79
121
128
106
119
152
158
151
151
153
165
187
200
172
93
60
73
58
26
7
14
2
-38
-69
-65
-77
-108
-127
-114
-67
-43
-26
-13
2
1
0
43
89
127
122
110
135
161
157
141
117
106
99
86
90
107
117
97
39
-25
-50
-43
-31
-33
-63
-94
-82
-109
-139
-130
-89
-77
-100
-118
-87
-29
-27
-53
-56
-73
-116
-110
-35
20
-29
-76
-52
-25
-54
-53
-5
11
-31
-64
-5
44
0
-33
9
20
-35
-28
44
74
15
-22
39
69
20
13
84
113
71
55
98
99
60
63
96
84
43
68
90
82
47
79
115
79
36
34
76
48
31
55
72
47
4
28
61
84
82
90
104
76
117
197
203
132
84
112
114
74
49
66
38
-19
-44
-58
-54
-46
-58
-118
-143
-124
-86
-93
-142
-131
-103
-120
-153
-119
-50
-19
-60
-98
-85
-53
-22
-16
-36
-62
-71
-83
-49
-18
-8
-18
-56
-92
-81
-16
-11
-40
-66
-65
-59
-49
-16
38
26
-27
-17
19
45
50
65
73
81
65
76
102
102
99
100
87
80
117
132
121
113
110
113
72
29
57
82
63
49
53
51
10
19
67
101
89
43
53
69
68
90
124
120
73
50
82
82
92
130
129
85
54
59
78
82
66
47
8
-25
-31
-21
-15
2
-19
-90
-132
-127
-97
-90
-119
-119
-113
-139
-157
-150
-156
-147
-140
-170
-188
-164
-114
-98
-116
-140
-153
-164
-185
-153
-119
-106
-103
-130
-150
-171
-140
-112
-128
-162
-146
-93
-98
-84
-62
-42
-62
-99
-77
-28
-3
13
25
33
33
6
-16
15
52
59
72
78
79
91
96
88
84
81
78
91
91
107
133
132
109
63
45
43
47
66
86
79
45
43
49
25
-5
-9
26
14
-45
-57
-11
12
-31
-63
-62
-76
-112
-123
-77
-33
-58
-104
-103
-78
-79
-73
-51
-36
-30
-40
-58
-65
-50
-57
-69
-87
-88
-59
-57
-71
-52
-30
-52
-82
-104
-88
-66
-65
-67
-57
-66
-85
-98
-104
-95
-71
-76
-97
-77
-50
-60
-89
-60
-18
-27
-70
-46
10
17
20
51
68
28
-10
8
51
51
35
53
45
1
-10
23
41
27
27
38
42
58
78
95
70
64
63
52
47
69
129
160
149
140
146
149
143
159
166
172
174
150
133
136
162
157
108
79
93
90
72
74
92
79
30
1
1
16
12
19
45
38
0
4
43
56
53
44
47
40
33
60
95
91
57
47
58
27
8
38
41
-3
-48
-29
-8
-40
-81
-65
-40
-71
-93
-80
-61
-70
-74
-64
-48
-42
-39
-18
-5
21
38
45
39
33
51
72
82
87
90
92
87
71
84
112
115
93
84
93
92
92
94
95
58
7
10
26
19
-2
0
5
-17
-56
-49
-15
-1
-18
-37
-34
-23
-22
-14
-12
-11
-1
-3
9
12
45
77
60
27
15
37
31
16
21
29
10
-20
-23
-14
-14
-27
-21
-17
-33
-30
-13
-5
-19
-21
-13
-29
-55
-57
-16
-2
-39
-64
-61
-62
-70
-71
-47
-31
-63
-86
-85
-68
-60
-69
-96
-113
-115
-105
-101
-101
-92
-97
-116
-133
-137
-129
-121
-133
-144
-148
-146
-142
-140
-133
-124
-122
-123
-102
-84
-72
-44
-25
-22
-20
-1
32
41
38
60
70
72
58
66
83
73
60
65
80
71
73
83
79
60
49
49
47
38
28
29
33
33
22
13
3
15
8
-7
-1
0
-18
-35
-31
-20
-13
-15
-23
-36
-36
-24
-20
-36
-47
-46
-52
-63
-67
-61
-65
-77
-90
-96
-91
-78
-85
-105
-105
-101
-94
-98
-107
-100
-104
-109
-103
-100
-100
-106
-111
-113
-117
-120
-107
-94
-98
-94
-96
-74
-62
-66
-61
-53
-36
-26
-9
-5
1
29
45
37
33
47
63
62
61
82
108
108
94
101
115
116
94
95
109
110
112
116
112
103
106
108
107
105
121
125
119
105
114
121
104
96
102
107
83
71
79
83
65
45
67
74
56
49
71
90
83
78
82
77
73
75
86
85
84
94
90
62
54
65
55
29
16
33
31
32
35
41
17
-11
-14
4
14
21
14
-7
-29
-41
-34
-10
12
3
-28
-29
-16
-33
-32
-3
2
-30
-52
-46
-24
-20
-21
-16
-13
-24
-35
-23
-9
2
15
22
17
9
20
33
31
29
42
41
40
46
66
78
84
86
81
84
85
93
115
113
94
87
91
91
89
88
83
79
61
52
56
56
56
51
30
14
15
18
17
12
22
24
-5
-16
-6
0
-8
-29
-36
-45
-56
-54
-44
-36
-52
-73
-82
-76
-80
-89
-83
-77
-83
-94
-100
-96
-93
-95
-101
-98
-89
-84
-80
-89
-83
-77
-77
-85
-86
-77
-68
-59
-64
-68
-72
-75
-75
-73
-76
-79
-76
-76
-72
-61
-47
-45
-61
-72
-61
-51
-59
-62
-52
-42
-47
-55
-54
-47
-41
-55
-58
-54
-52
-54
-69
-59
-50
-55
-72
-81
-71
-60
-65
-60
-56
-53
-63
-68
-45
-19
-20
-26
-13
3
-3
18
32
24
29
39
41
35
62
67
58
50
52
57
51
60
67
75
82
72
54
66
79
50
47
72
58
12
15
32
0
-5
20
5
-22
-16
-4
-18
-32
-28
-41
-70
-62
-63
-76
-70
-61
-72
-87
-82
-78
-83
-77
-80
-96
-97
-90
-99
-100
-70
-77
-96
-82
-63
-77
-70
-30
-27
-54
-48
-16
-26
-43
-22
-1
-5
-5
16
33
30
49
66
70
84
94
102
112
117
116
115
122
131
132
137
139
129
119
115
116
110
101
94
90
84
82
84
81
62
51
56
61
59
57
64
61
42
35
45
44
33
30
36
35
33
33
31
28
24
25
17
16
23
30
34
26
32
31
31
33
26
31
41
45
45
36
43
50
47
51
46
37
33
25
27
26
29
35
29
20
12
8
11
20
17
10
6
3
0
1
7
3
0
0
-8
-7
-4
-2
-3
-3
-7
-4
0
1
6
13
13
6
4
12
17
20
24
19
19
22
29
38
46
42
40
43
46
49
45
54
64
61
55
48
52
52
50
54
47
37
34
36
34
26
18
20
15
-3
-7
10
6
-13
-29
-25
-21
-34
-32
-27
-37
-58
-63
-63
-65
-73
-79
-85
-85
-98
-97
-95
-107
-115
-120
-128
-140
-127
-124
-126
-134
-139
-135
-143
-151
-139
-128
-124
-122
-118
-116
-115
-117
-104
-96
-96
-84
-73
-68
-58
-54
-54
-52
-50
-42
-26
-13
-1
10
22
21
17
25
34
36
26
20
21
21
18
18
16
11
-8
-21
-20
-22
-11
-6
-5
-11
-17
-20
-24
-26
-27
-21
-17
-23
-27
-16
-4
-8
-13
-11
-7
-14
-16
-1
2
-7
-3
6
5
3
5
6
0
9
11
23
26
-2
-14
-10
-13
-20
-9
-1
5
-13
-26
-22
-31
-47
-40
-16
-20
-34
-33
-31
-33
-30
-21
-19
-25
-30
-41
-39
-36
-39
-43
-53
-56
-61
-63
-61
-62
-58
-59
-70
-73
-66
-56
-51
-49
-52
-55
-56
-45
-26
-8
6
8
7
11
12
31
47
56
58
62
72
66
77
93
98
94
102
115
104
113
112
113
110
102
100
97
97
101
112
114
118
119
125
130
132
137
131
126
120
117
117
109
115
116
117
115
113
108
92
80
75
73
69
64
47
36
20
7
1
0
3
-3
-10
-15
-19
-31
-34
-33
-38
-45
-49
-53
-56
-50
-49
-49
-43
-43
-36
-33
-35
-26
-30
-31
-29
-34
-32
-31
-24
-12
-11
-20
-26
-24
-22
-34
-33
-30
-32
-45
-42
-36
-37
-30
-21
-5
-13
-12
-3
3
4
5
11
16
18
19
31
46
42
33
29
32
31
28
34
35
33
28
32
29
32
38
42
46
46
44
41
40
37
43
42
50
54
53
54
45
44
41
45
39
39
36
39
43
41
45
47
48
40
38
41
44
41
29
22
9
-6
-19
-21
-24
-35
-48
-47
-40
-52
-48
-39
-33
-45
-58
-59
-55
-57
-67
-66
-70
-76
-73
-72
-67
-66
-70
-64
-63
-52
-52
-63
-65
-63
-59
-51
-41
-43
-35
-27
-22
-18
-18
-8
-4
-7
-7
-5
4
3
9
13
7
5
9
17
27
29
39
40
29
22
21
26
20
20
15
11
3
-3
-4
-2
0
-9
-29
-30
-34
-38
-33
-31
-38
-48
-53
-51
-50
-55
-54
-47
-46
-49
-49
-47
-39
-48
-45
-36
-36
-42
-39
-39
-43
-39
-45
-37
-37
-41
-32
-26
-27
-31
-32
-36
-40
-38
-23
-24
-31
-20
-14
-21
-25
-17
-12
-5
-8
-14
-10
-11
-14
-16
-12
-13
-12
-5
-4
-4
-3
3
3
-3
-3
-2
2
-3
3
13
21
19
18
20
24
21
21
27
14
16
18
24
19
18
19
24
24
22
32
36
33
34
38
32
27
17
15
17
16
17
23
26
23
24
21
30
30
27
30
31
30
26
26
31
40
31
29
25
26
20
18
22
18
18
18
22
18
12
16
16
14
13
10
-1
-4
-7
-11
-13
-16
-23
-25
-21
-23
-21
-22
-33
-36
-41
-44
-43
-45
-40
-46
-50
-50
-55
-47
-38
-33
-31
-34
-43
-43
-43
-37
-39
-40
-30
-25
-20
-20
-18
-10
-4
-5
-3
-1
2
7
11
15
21
20
29
38
51
57
60
71
62
63
60
68
68
69
74
69
75
79
92
100
101
102
102
102
95
91
84
75
63
52
48
45
48
47
51
58
60
58
61
65
65
59
52
50
44
37
26
27
25
9
14
10
4
1
2
5
-2
-14
-18
-20
-24
-33
-33
-32
-37
-42
-45
-47
-46
-44
-46
-42
-49
-50
-51
-45
-48
-60
-60
-57
-61
-59
-56
-49
-49
-55
-49
-38
-29
-28
-18
-9
-15
-24
-20
-20
-21
-18
-11
0
-4
0
5
11
10
8
19
19
12
11
12
11
8
7
4
6
8
10
20
23
18
11
15
9
-2
1
2
-1
-6
-7
-6
-4
3
6
4
2
-1
1
4
4
9
-1
-4
-6
-10
-13
-17
-19
-29
-35
-36
-31
-34
-31
-34
-39
-43
-48
-48
-50
-55
-51
-54
-57
-59
-60
-52
-54
-51
-53
-56
-60
-58
-57
-54
-53
-51
-49
-58
-60
-57
-50
-45
-41
-35
-31
-34
-31
-30
-32
-32
-35
-37
-36
-30
-30
-30
-30
-27
-14
-8
-2
5
8
15
10
14
22
29
24
14
14
13
12
11
11
20
19
12
11
11
7
6
4
8
14
13
12
6
6
5
3
2
3
12
11
14
18
16
15
14
21
26
28
33
39
41
43
39
41
51
54
54
48
53
55
52
56
51
50
50
50
52
52
58
51
45
32
27
25
20
16
16
17
15
11
8
10
9
7
2
2
6
1
-10
-19
-25
-26
-32
-40
-41
-38
-38
-39
-37
-38
-35
-36
-35
-39
-38
-38
-39
-28
-24
-19
-17
-11
-5
-4
-2
-1
6
6
14
19
23
26
18
20
21
27
40
44
49
47
47
50
49
49
48
55
50
49
50
50
49
45
52
53
55
57
55
59
60
56
54
55
50
42
46
38
28
27
22
14
8
10
2
0
-7
-6
-12
-22
-18
-22
-26
-26
-23
-26
-22
-24
-21
-20
-26
-27
-31
-27
-26
-20
-21
-19
-11
-11
-7
-5
-7
-8
-3
-6
-12
-12
-10
-10
-3
-8
-9
-7
-14
-11
-6
-3
-1
-3
-2
4
-3
1
2
2
4
6
9
4
5
7
9
12
11
10
15
8
11
13
15
19
13
9
6
8
12
17
15
10
8
7
3
3
1
3
3
2
1
-3
-4
-8
-7
-4
-9
-14
-8
-8
-4
-5
-5
-1
5
4
4
1
0
-1
-4
-4
-11
-10
-13
-12
-9
-9
-7
-7
-8
-4
-11
-18
-15
-20
-22
-23
-18
-19
-20
-16
-26
-25
-23
-26
-27
-23
-32
-35
-33
-36
-35
-34
-31
-35
-36
-39
-39
-45
-48
-48
-49
-46
-44
-35
-30
-30
-31
-28
-19
-22
-27
-21
-15
-19
-16
-18
-19
-14
-8
-6
-5
0
-5
-2
0
0
-1
-7
-10
-8
-7
-5
-2
-2
-1
1
1
0
-1
5
12
14
17
19
15
10
4
-1
-4
-7
-7
-4
1
1
9
12
8
13
8
9
16
14
18
16
22
23
21
19
16
19
11
11
11
8
12
8
6
3
9
7
-1
5
1
7
3
0
-1
-7
-6
-9
-1
5
11
7
6
9
5
-1
-5
-8
-18
-16
-16
-14
-5
-9
-8
-11
-11
-11
-14
-16
-18
-16
-15
-15
-10
-8
-9
-8
-6
-2
3
9
13
21
21
18
19
24
24
29
33
34
31
34
38
34
37
38
37
31
31
30
30
28
28
25
15
20
23
24
26
21
18
23
17
14
17
18
16
17
15
10
7
2
1
1
5
3
1
4
4
7
9
3
1
2
2
5
8
7
9
8
3
6
-1
-7
-7
-4
4
2
3
5
4
3
3
-2
-8
-8
-11
-11
-10
-10
-17
-20
-20
-19
-13
-10
-10
-7
0
9
10
8
0
-4
3
3
11
7
3
5
9
16
5
4
11
12
16
26
32
37
40
35
35
38
33
31
33
34
37
31
28
26
17
14
19
18
15
16
11
7
10
11
10
10
11
9
10
11
2
0
-1
-2
-5
-6
-3
2
2
4
8
2
5
3
-4
-1
-6
-11
-19
-22
-26
-37
-39
-32
-33
-32
-39
-42
-42
-52
-54
-58
-68
-68
-73
-76
-71
-76
-79
-77
-73
-73
-65
-55
-50
-46
-50
-49
-45
-46
-44
-48
-47
-45
-46
-37
-37
-30
-26
-21
-16
-27
-27
-31
-32
-28
-27
-20
-19
-15
-7
-5
1
4
3
6
8
9
6
3
-3
-5
0
-1
0
5
6
15
18
16
14
11
16
13
17
18
17
16
13
4
1
8
4
-4
-3
0
2
-3
0
3
-2
-2
-4
-3
0
0
-8
-2
-2
-10
-14
-20
-22
-23
-17
-7
-6
-3
-7
-8
-7
-6
-3
-1
0
-5
-9
-8
-7
-12
-10
-6
-5
-6
-1
-3
-6
-6
-7
-2
-10
-9
-12
-14
-6
-13
-9
-7
-1
3
1
4
-3
-6
-8
-9
-4
-8
-8
-4
1
6
9
10
12
14
13
16
16
12
7
8
6
4
20
20
25
32
34
40
40
48
50
49
45
40
41
43
46
41
41
46
51
55
60
60
61
65
56
59
53
46
47
44
46
50
54
52
50
49
43
47
42
42
42
35
31
27
27
31
28
27
25
27
18
14
18
8
11
5
3
6
3
4
5
5
0
-2
-2
0
0
4
11
15
19
22
22
19
19
19
20
25
34
33
34
33
33
30
26
24
22
26
24
25
21
23
20
26
26
27
32
22
26
25
25
26
27
18
17
19
19
16
22
25
23
23
22
23
13
10
14
18
14
14
14
13
12
15
20
20
16
9
15
11
9
5
-2
-10
-7
-4
-10
-10
-17
-13
-18
-23
-22
-31
-34
-39
-48
-47
-46
-45
-44
-52
-51
-46
-45
-43
-40
-42
-49
-48
-50
-55
-56
-54
-54
-54
-56
-51
-54
-61
-60
-59
-59
-65
-65
-69
-72
-72
-67
-68
-72
-72
-71
-71
-71
-61
-55
-61
-66
-69
-65
-62
-66
-72
-75
-73
-77
-68
-58
-68
-72
-68
-65
-64
-61
-57
-56
-56
-57
-53
-44
-41
-40
-43
-39
-43
-39
-33
-36
-30
-36
-32
-26
-26
-20
-17
-20
-21
-14
-6
-7
-7
-8
-8
-9
-8
-9
-6
-3
7
12
9
12
19
15
7
10
11
10
7
3
3
-2
-5
9
4
5
6
5
10
9
15
13
6
8
9
11
10
13
8
3
3
-2
0
1
1
8
7
5
-1
1
0
-7
-5
-6
-4
-1
-3
-11
-18
-14
-11
-14
-12
-10
0
0
5
12
13
21
18
17
20
18
23
16
20
24
24
26
32
39
41
35
35
40
49
57
64
63
60
62
59
66
68
71
74
78
79
82
89
93
91
93
91
87
85
88
84
81
82
75
79
69
67
74
76
73
67
67
62
56
59
57
56
50
39
38
32
31
31
31
29
24
26
26
24
18
11
11
16
18
24
25
22
21
25
22
15
14
11
10
7
10
14
13
7
3
-2
-12
-9
-8
-5
-3
-3
-7
-9
-10
-12
-6
-10
-9
-8
-14
-10
-7
-6
-9
-16
-10
-12
-4
5
2
-1
2
3
-2
1
3
2
3
7
5
11
9
3
-1
0
6
2
-2
0
-3
-6
0
0
0
-8
-13
-18
-24
-17
-22
-26
-38
-38
-39
-41
-30
-34
-40
-44
-51
-52
-47
-45
-45
-49
-53
-52
-54
-50
-49
-49
-50
-52
-58
-57
-61
-67
-67
-73
-74
-69
-67
-74
-75
-74
-71
-66
-73
-72
-72
-68
-67
-56
-55
-54
-47
-52
-45
-45
-45
-44
-42
-41
-41
-36
-29
-32
-29
-26
-19
-17
-14
-9
-10
-10
-9
-6
-5
4
4
-1
-3
-2
0
2
2
3
2
1
2
0
-7
-9
-9
-11
-14
-19
-17
-22
-26
-21
-17
-16
-12
-3
-6
0
3
2
0
-1
1
0
7
16
16
12
15
14
15
15
18
21
13
8
9
11
13
8
6
8
10
12
18
19
16
15
10
6
11
15
19
22
24
25
19
24
26
26
26
21
21
20
23
31
34
27
23
21
21
20
23
27
19
14
19
18
15
11
3
4
4
1
-1
-4
-8
-9
-10
-6
2
4
-6
-11
-8
-14
-13
-9
-8
-12
-5
5
11
13
18
23
20
21
19
31
37
45
40
43
52
62
64
62
65
56
59
60
64
63
56
53
51
55
57
58
58
56
58
54
61
72
74
79
77
77
71
69
65
55
51
50
48
43
43
40
33
29
27
25
28
23
22
17
17
21
22
24
14
11
4
1
2
-7
-10
-12
-11
-16
-18
-13
-13
-17
-20
-25
-27
-28
-30
-31
-36
-43
-50
-50
-50
-49
-46
-46
-49
-44
-40
-35
-32
-36
-40
-49
-49
-43
-46
-46
-45
-45
-39
-30
-16
-10
-9
-7
-7
-8
-6
0
1
-1
2
-1
2
4
8
7
4
7
7
8
6
6
-1
-1
4
3
3
-2
-4
2
2
1
4
1
-2
-11
-16
-16
-14
-16
-16
-19
-21
-15
-17
-12
-20
-22
-21
-28
-26
-28
-27
-23
-19
-21
-24
-21
-17
-14
-17
-12
-14
-15
-18
-21
-21
-29
-30
-28
-23
-25
-26
-25
-26
-21
-18
-12
-2
-6
-5
-2
4
9
9
8
8
17
23
24
19
16
18
16
15
14
17
14
14
16
20
24
22
25
20
11
16
11
5
1
-4
-7
-6
-8
-13
-16
-21
-15
-11
-5
-4
-6
-13
-22
-28
-23
-21
-24
-24
-23
-22
-18
-14
-11
-11
-14
-13
-13
-11
-14
-18
-20
-14
-7
-3
4
2
-3
-4
-3
-5
-8
-8
-14
-19
-17
-16
-16
-18
-19
-13
-14
-11
-11
-9
-7
-10
-10
-8
-7
-7
-7
-8
-9
-4
-2
-4
0
4
5
8
5
-1
-2
-4
-2
-1
-4
-1
2
1
3
10
13
16
7
10
13
7
0
-3
-3
-3
-2
-10
-13
-17
-18
-12
-16
-13
-10
-12
-14
-7
1
3
6
3
5
6
12
21
17
17
20
20
19
16
17
24
23
22
27
19
24
25
19
14
10
14
14
16
17
17
18
16
9
4
6
9
10
13
6
7
12
9
11
8
2
5
6
4
6
12
15
11
6
3
4
3
5
6
7
9
1
1
-2
-2
-6
-6
-5
-8
-4
-7
-6
-8
-12
-7
-9
-13
-8
-14
-16
-16
-17
-15
-17
-20
-17
-17
-14
-8
-9
1
3
4
13
12
9
7
5
16
22
31
33
33
38
39
46
46
48
42
38
35
31
37
37
29
23
27
31
31
30
34
37
35
33
38
36
31
35
32
28
30
27
27
24
26
21
10
9
8
7
2
0
2
-1
-7
-3
-5
-9
-5
-6
-7
-6
-8
-12
-12
-20
-23
-20
-25
-21
-22
-30
-23
-21
-23
-21
-23
-21
-14
-18
-18
-9
-9
-11
-11
-6
-5
-5
5
-1
-10
-12
-13
-12
-9
-13
-14
-15
-18
-14
-8
-7
-12
-12
-11
-4
-2
-1
5
5
-5
2
3
0
0
-13
-14
-22
-19
-18
-13
-12
-15
-7
-11
-11
-13
-17
-15
-13
-17
-16
-15
-16
-16
-10
-4
-4
-3
-3
-7
-3
-5
-1
-8
-12
-10
-13
-7
-6
-4
-3
-5
2
0
-3
-4
-5
-3
-8
-15
-13
-11
-11
-11
-12
-16
-21
-25
-28
-31
-34
-35
-35
-43
-51
-51
-49
-40
-38
-39
-38
-37
-32
-27
-21
-23
-19
-19
-19
-20
-26
-26
-30
-28
-23
-16
-17
-19
-20
-20
-20
-21
-18
-22
-22
-17
-21
-21
-14
-17
-13
-8
-16
-13
-12
-13
-10
-9
-6
0
4
8
9
4
3
1
1
1
7
2
4
2
0
-1
-2
6
4
6
8
3
4
9
12
12
9
2
5
11
7
5
0
-6
-6
-12
-11
-8
-12
-10
-6
-11
-16
-19
-22
-21
-24
-16
-9
-15
-6
-8
-10
-5
-1
7
5
6
9
14
21
27
24
28
30
27
37
38
32
33
33
29
33
33
29
34
37
39
42
47
49
52
46
44
46
43
38
37
39
46
49
47
49
46
42
45
51
52
50
45
43
37
31
32
28
30
32
35
40
39
36
40
40
36
45
44
50
51
51
60
61
61
59
57
58
58
67
69
66
68
63
62
59
62
59
60
60
57
62
54
48
49
45
46
48
50
45
45
47
45
39
36
33
26
28
17
15
14
10
1
-10
-14
-22
-23
-33
-42
-38
-35
-35
-39
-47
-46
-54
-55
-51
-52
-52
-51
-51
-49
-42
-41
-43
-47
-47
-46
-49
-50
-51
-47
-42
-45
-38
-33
-40
-39
-38
-33
-26
-24
-26
-18
-20
-19
-20
-21
-19
-20
-20
-25
-23
-24
-19
-15
-14
-8
-9
-5
-5
-9
-5
-4
-7
-6
-14
-15
-17
-17
-12
-16
-24
-30
-29
-25
-27
-19
-17
-27
-27
-28
-26
-25
-34
-37
-38
-44
-46
-47
-43
-45
-46
-39
-38
-36
-37
-37
-31
-29
-27
-24
-25
-31
-39
-39
-34
-34
-31
-30
-32
-29
-25
-22
-23
-30
-28
-27
-29
-21
-24
-25
-28
-31
-30
-29
-26
-23
-26
-26
-26
-29
-32
-33
-36
-41
-30
-30
-33
-30
-31
-28
-24
-25
-26
-24
-25
-23
-24
-24
-25
-28
-36
-32
-30
-29
-25
-26
-31
-28
-31
-28
-19
-21
-20
-18
-15
-9
-2
-8
-8
-1
6
7
8
10
14
7
9
8
3
-4
-3
-6
-7
-2
-7
-6
-3
-2
3
3
1
4
0
0
5
3
4
8
13
17
17
19
16
19
20
22
23
27
22
28
33
32
43
43
41
39
36
30
33
37
42
40
45
49
51
57
51
45
41
40
40
44
54
46
42
37
31
30
24
23
21
28
25
25
35
34
31
24
20
18
20
19
16
16
17
17
21
25
25
27
27
28
21
21
27
22
22
21
26
24
26
36
33
40
42
42
41
38
42
47
51
58
64
65
73
70
67
67
66
65
67
64
64
67
62
60
51
47
45
48
49
51
52
49
56
54
47
45
43
38
32
27
21
24
22
21
20
14
7
5
-1
-4
-6
-5
-9
-16
-18
-21
-21
-22
-25
-22
-22
-25
-25
-24
-27
-27
-24
-17
-15
-12
-16
-21
-21
-23
-19
-22
-21
-19
-17
-15
-19
-20
-25
-30
-33
-27
-26
-16
-11
-9
-8
-9
-2
-7
-10
-12
-5
-5
-14
-9
-15
-17
-13
-16
-15
-20
-18
-15
-11
-11
-15
-17
-22
-23
-25
-26
-26
-26
-30
-33
-31
-34
-37
-34
-38
-38
-35
-31
-34
-40
-46
-47
-49
-48
-50
-54
-50
-51
-53
-56
-58
-57
-62
-60
-60
-64
-61
-62
-54
-51
-52
-53
-54
-48
-44
-51
-53
-50
-49
-45
-43
-43
-41
-39
-43
-42
-44
-40
-37
-34
-36
-40
-42
-42
-39
-35
-33
-31
-26
-23
-19
-16
-15
-13
-12
-13
-3
0
1
-2
-6
-9
-5
-2
-1
2
-3
-2
-3
-5
-5
-11
-21
-20
-16
-9
-1
2
2
-2
-3
4
12
20
21
16
13
7
9
4
-3
-5
-9
-5
-3
-8
-11
-16
-13
-12
-12
-11
-13
-13
-15
-8
-2
3
1
-3
-7
-8
0
3
0
5
7
8
10
15
17
14
17
15
20
26
33
34
35
41
45
48
47
40
40
40
39
27
24
26
21
20
27
29
33
32
27
29
30
33
30
27
26
28
25
23
23
24
26
29
28
28
28
23
21
22
20
13
17
18
21
22
20
28
27
26
25
27
25
30
27
22
26
24
29
31
27
21
26
22
23
29
24
19
12
14
18
18
22
21
25
27
22
30
31
31
31
36
38
38
39
46
41
43
46
49
53
56
56
64
64
67
73
66
67
63
65
62
65
65
61
63
57
52
49
47
41
37
40
31
21
11
9
8
-1
1
-5
-11
-11
-13
-9
-9
-10
-12
-9
-5
-2
2
-4
-4
-5
-5
-5
-1
-4
-12
-12
-16
-7
-3
-7
-11
-15
-14
-14
-6
-5
-10
-16
-19
-14
-5
-2
-1
0
-2
3
7
13
17
10
10
7
2
5
-2
-3
-1
0
-3
-3
-1
0
1
1
-4
-7
-11
-9
-3
-5
-9
-13
-16
-23
-18
-21
-31
-29
-32
-35
-36
-36
-43
-48
-46
-47
-48
-46
-51
-56
-61
-63
-71
-72
-76
-86
-90
-92
-93
-90
-87
-86
-86
-88
-83
-81
-77
-75
-77
-78
-77
-76
-66
-64
-68
-66
-68
-58
-55
-51
-48
-40
-31
-31
-28
-25
-22
-24
-21
-14
-13
-5
-3
-2
-7
-9
-6
-7
-1
4
11
14
11
11
12
9
8
5
3
5
5
1
-4
-6
-3
-3
-2
0
5
6
5
4
7
9
0
-3
-11
-10
-12
-15
-11
-15
-21
-23
-22
-19
-21
-20
-22
-26
-21
-23
-20
-14
-7
-7
-8
-11
-13
-8
-5
-9
-9
-13
-21
-22
-16
-12
-9
-5
-2
-5
-11
-7
-14
-15
-12
-15
-13
-20
-23
-20
-14
-12
-13
-12
-11
-7
-1
2
5
4
1
8
11
13
14
10
7
1
0
8
10
12
9
12
12
10
7
1
-1
-1
7
6
8
13
10
10
16
16
20
15
18
16
19
28
32
40
44
46
47
46
46
56
57
60
55
54
57
50
55
51
50
54
57
56
56
53
51
50
51
54
55
54
52
48
45
44
45
38
39
41
42
50
46
45
45
46
45
43
45
40
44
46
47
58
52
57
57
55
52
49
52
43
39
39
41
44
44
45
43
38
36
37
42
43
42
41
30
23
18
13
12
8
7
9
5
1
-3
-9
-12
-17
-18
-22
-27
-24
-26
-23
-19
-15
-11
-12
-14
-13
-11
-16
-20
-15
-17
-19
-10
-11
-12
-20
-16
-13
-13
-6
-7
-6
-15
-13
-7
-12
-17
-6
-4
-4
-5
-5
-7
-12
-8
-6
-9
-8
-6
-9
-11
-18
-17
-19
-25
-21
-25
-28
-33
-32
-28
-28
-22
-25
-25
-24
-25
-31
-36
-41
-48
-53
-57
-51
-55
-62
-66
-60
-65
-64
-68
-69
-74
-81
-78
-83
-75
-75
-69
-64
-65
-64
-64
-68
-74
-79
-80
-76
-70
-64
-58
-58
-54
-57
-57
-57
-54
-43
-41
-33
-29
-21
-14
-20
-11
-8
-5
-6
-7
0
-2
-5
-3
2
5
3
9
9
9
8
8
10
6
13
17
13
12
12
13
16
7
4
3
-2
-1
-4
2
-3
-5
0
-3
-3
-8
-7
-5
0
-4
-3
-8
-16
-9
-9
-9
-6
-16
-18
-15
-17
-10
-6
-9
-4
-5
-5
-2
0
-1
-6
-8
-6
-1
0
3
6
4
1
-1
6
10
13
15
12
11
11
7
8
15
16
21
28
22
17
18
22
26
30
25
26
26
31
35
36
46
46
53
58
59
58
57
46
40
44
39
43
43
41
35
35
38
33
34
27
28
28
29
37
35
35
29
24
22
23
25
26
21
16
16
17
21
26
29
27
20
25
25
25
30
31
30
24
29
27
30
30
26
28
32
37
38
44
38
38
39
35
30
28
28
22
24
25
30
26
24
22
26
32
29
33
27
24
28
28
22
26
26
21
22
13
11
10
4
8
11
15
7
1
3
-2
0
1
5
-1
-4
-6
-1
0
-2
0
-5
-6
-13
-13
-16
-14
-18
-21
-15
-14
-15
-11
-14
-10
-8
-9
-11
-16
-16
-17
-11
-8
-7
-5
-5
-4
-8
-6
-3
0
-1
-1
1
-3
-7
-11
-8
-4
-5
-2
-3
-2
7
-1
-7
-10
-13
-11
-10
-6
-5
-5
-7
-1
-5
-4
0
4
1
-7
-6
-9
-13
-16
-15
-5
-5
-9
-13
-15
-20
-27
-29
-30
-34
-45
-53
-51
-57
-60
-60
-59
-55
-52
-51
-50
-46
-47
-42
-37
-38
-44
-39
-47
-45
-46
-49
-41
-36
-27
-27
-21
-19
-19
-19
-19
-13
-13
-7
-7
-5
1
6
11
14
23
18
21
21
21
20
18
26
19
16
17
11
18
19
17
14
10
8
1
-3
-7
-7
-1
-5
-6
-8
-8
-12
-14
-12
-19
-17
-17
-27
-22
-30
-39
-35
-41
-39
-42
-41
-41
-41
-41
-39
-42
-47
-43
-37
-35
-32
-32
-34
-40
-41
-35
-29
-27
-26
-22
-21
-12
-8
0
0
-2
1
-2
-7
-7
-10
-8
-6
-2
2
7
11
12
10
9
7
10
11
10
14
14
15
19
23
15
15
15
19
18
18
20
17
19
19
22
21
27
33
34
34
39
34
36
43
48
42
38
41
41
48
44
45
50
47
47
51
49
45
45
46
44
44
41
38
35
30
31
33
36
30
28
22
20
19
14
6
4
-2
-3
-1
1
14
16
20
15
7
10
4
1
-2
-8
-12
-12
-6
-1
7
2
1
0
-4
-3
-4
-5
4
2
4
12
14
21
24
26
24
22
14
12
15
15
14
16
21
21
24
32
31
27
21
12
13
9
10
5
3
8
3
6
7
3
4
7
11
13
10
11
9
8
12
12
14
15
14
5
4
3
-2
1
1
2
-4
-8
-9
-15
-20
-18
-14
-12
-12
-5
-6
-12
-5
-9
-6
-8
-15
-15
-20
-21
-10
-14
-16
-8
-14
-10
0
0
-1
-5
-8
-8
-7
-8
-19
-17
-22
-22
-18
-24
-20
-19
-11
-7
-13
-8
-7
-13
-12
-10
-8
-4
-1
1
-2
-3
-5
-6
-4
-6
-10
-12
-12
-14
-14
-17
-18
-14
-12
-12
-11
-10
-9
-13
-15
-15
-18
-22
-26
-25
-19
-20
-24
-24
-22
-19
-20
-20
-18
-17
-18
-16
-11
-7
-10
-12
-10
-13
-11
-5
1
2
5
10
7
5
4
1
-1
2
0
-1
-2
-12
-12
-17
-23
-23
-19
-19
-23
-26
-30
-29
-31
-37
-37
-35
-35
-37
-44
-47
-44
-44
-46
-42
-43
-44
-41
-39
-31
-35
-38
-36
-37
-35
-39
-39
-39
-37
-34
-26
-21
-17
-14
-16
-18
-21
-14
-13
-7
-6
-6
-3
-3
-2
-1
-3
4
13
17
22
24
24
28
25
19
25
23
25
22
25
21
19
28
29
33
37
32
28
29
30
36
33
29
29
29
27
27
32
38
38
38
45
37
30
27
25
27
23
18
13
10
11
4
2
-1
-4
-4
-3
1
-3
-5
-11
-10
-9
-8
-13
-11
-10
-9
-3
-6
-4
4
5
-1
7
5
7
2
0
9
10
15
15
11
22
27
23
24
16
11
10
8
8
7
10
5
10
13
10
17
21
18
14
13
8
9
5
-2
4
3
3
7
7
9
11
11
11
12
11
11
17
19
22
29
23
27
29
30
31
26
23
21
19
19
20
15
18
19
19
20
20
24
28
34
31
33
34
36
41
40
38
38
36
37
38
40
44
50
54
52
60
60
61
65
63
59
56
57
54
48
45
48
41
33
37
30
25
20
14
11
6
3
0
1
8
4
-3
5
-1
-1
-5
-12
-14
-16
-16
-14
-15
-23
-28
-26
-19
-24
-29
-27
-27
-29
-32
-29
-30
-34
-36
-40
-32
-34
-34
-31
-35
-28
-27
-22
-22
-27
-27
-26
-22
-20
-22
-20
-22
-24
-20
-23
-18
-15
-12
-21
-27
-27
-31
-27
-21
-20
-12
-6
-9
-4
1
7
10
13
12
14
13
10
10
13
10
10
13
9
0
5
5
6
12
8
7
8
4
-3
-4
-7
-7
-9
-4
-6
-11
-16
-13
-9
-18
-19
-21
-23
-25
-32
-32
-32
-43
-37
-32
-43
-32
-34
-39
-41
-48
-51
-58
-62
-60
-61
-60
-52
-54
-48
-48
-58
-55
-52
-46
-43
-40
-42
-37
-32
-29
-27
-35
-37
-32
-28
-24
-28
-33
-34
-33
-29
-29
-35
-38
-35
-33
-35
-32
-30
-29
-27
-31
-24
-24
-28
-29
-25
-29
-29
-28
-30
-28
-27
-22
-19
-18
-18
-19
-18
-23
-19
-20
-22
-25
-21
-17
-21
-23
-15
-9
-10
-5
-2
-3
0
1
4
-2
-4
3
-1
-2
-3
-9
-4
3
6
10
9
14
10
11
11
14
17
18
25
21
29
30
32
32
32
34
34
36
36
39
37
39
39
39
39
37
41
38
44
46
47
51
49
46
45
50
41
38
41
39
32
36
40
38
36
26
25
28
20
20
25
25
23
19
20
30
34
31
33
35
36
29
25
23
17
14
8
6
10
12
17
24
24
23
24
28
29
29
23
29
29
27
28
24
33
31
33
38
31
25
24
25
17
12
12
11
17
21
20
15
8
8
15
15
16
15
14
10
13
10
8
13
12
13
19
24
21
22
17
19
27
21
22
30
28
29
25
20
15
13
7
8
13
16
16
14
14
10
11
12
11
8
8
4
7
11
13
15
16
20
19
15
10
8
5
10
8
10
15
6
6
2
-6
-3
-6
-8
-2
-9
-12
-13
-18
-18
-20
-17
-18
-19
-18
-25
-31
-33
-30
-35
-36
-34
-38
-38
-34
-31
-34
-34
-33
-32
-27
-29
-36
-32
-36
-29
-27
-29
-24
-24
-25
-23
-22
-27
-26
-29
-26
-32
-33
-31
-31
-25
-30
-35
-39
-43
-53
-55
-53
-55
-60
-63
-59
-55
-60
-61
-62
-64
-63
-61
-61
-65
-64
-65
-68
-62
-61
-69
-64
-61
-61
-60
-61
-59
-54
-54
-53
-53
-56
-58
-58
-47
-42
-44
-46
-40
-32
-29
-23
-21
-19
-14
-11
-11
-8
-7
-2
5
4
9
12
5
12
15
18
24
20
21
22
16
18
19
19
17
19
19
21
19
20
23
26
29
24
23
19
12
6
4
0
-4
-3
0
-2
-3
-1
-2
-4
-9
-15
-17
-19
-24
-27
-26
-27
-20
-16
-12
-5
-1
2
2
3
11
14
13
14
10
3
-1
-1
-3
-2
5
10
15
22
23
26
31
26
27
33
38
44
45
44
45
47
47
51
54
50
56
57
59
59
64
70
68
65
62
60
57
54
48
42
51
51
51
58
56
55
56
58
58
51
42
43
45
42
44
46
43
43
46
44
46
46
41
41
42
42
45
45
41
37
35
38
42
43
38
46
49
44
48
49
47
48
52
51
47
47
46
43
44
46
45
48
47
50
45
44
44
39
38
32
28
23
17
10
5
7
6
10
11
6
8
5
9
-3
-2
-6
-10
-7
-11
-5
-7
-9
-13
-16
-17
-17
-20
-21
-21
-18
-15
-14
-19
-15
-13
-16
-14
-19
-14
-19
-18
-18
-21
-21
-21
-22
-23
-20
-25
-21
-21
-27
-26
-26
-29
-31
-32
-34
-34
-29
-27
-28
-31
-28
-30
-34
-31
-32
-33
-33
-33
-36
-38
-41
-44
-46
-46
-46
-43
-40
-44
-46
-42
-39
-45
-41
-40
-32
-30
-39
-41
-43
-47
-47
-45
-43
-43
-39
-32
-36
-34
-38
-42
-45
-51
-46
-46
-45
-39
-37
-35
-37
-36
-39
-36
-38
-35
-31
-31
-30
-36
-38
-37
-36
-37
-33
-33
-35
-39
-34
-30
-27
-28
-31
-32
-35
-32
-32
-34
-32
-29
-35
-32
-34
-33
-33
-30
-33
-35
-34
-36
-36
-40
-31
-30
-29
-30
-26
-27
-22
-17
-13
-13
-19
-21
-20
-15
-12
-9
-9
-4
-4
0
1
8
16
16
17
17
20
24
24
17
18
16
19
27
28
25
18
14
12
13
14
11
7
7
7
8
10
10
8
-4
-7
-5
-6
-5
-4
-7
-4
-1
6
2
2
1
-3
-2
-1
5
4
5
5
12
15
19
22
28
24
27
33
33
35
37
38
36
40
42
46
46
49
56
59
57
57
62
65
63
68
73
66
64
64
59
59
61
60
60
64
65
69
75
74
72
66
62
63
58
63
68
68
66
64
67
69
70
70
70
67
67
64
60
61
51
55
49
45
42
35
35
34
36
35
35
33
24
20
16
15
18
15
21
14
14
10
7
10
12
7
1
2
-3
-3
-3
1
4
3
4
3
-1
-2
1
3
-6
-7
-5
-4
-7
-11
-13
-16
-16
-16
-16
-17
-15
-16
-11
-10
-16
-18
-25
-27
-31
-31
-33
-33
-37
-32
-29
-29
-26
-31
-31
-32
-29
-25
-25
-19
-18
-19
-23
-26
-24
-26
-22
-22
-26
-33
-37
-36
-35
-38
-38
-43
-43
-47
-49
-40
-37
-36
-36
-39
-36
-34
-33
-32
-34
-31
-31
-32
-34
-31
-30
-33
-31
-32
-27
-26
-22
-23
-31
-23
-24
-26
-23
-22
-22
-24
-20
-20
-25
-26
-26
-30
-34
-30
-29
-30
-27
-27
-32
-35
-35
-39
-39
-38
-34
-37
-40
-37
-39
-41
-46
-43
-41
-39
-29
-27
-22
-21
-29
-30
-35
-35
-35
-39
-45
-46
-44
-48
-46
-46
-45
-41
-39
-32
-29
-34
-38
-39
-40
-40
-42
-45
-47
-42
-45
-38
-35
-34
-31
-34
-28
-29
-28
-31
-33
-34
-34
-33
-30
-28
-30
-23
-21
-22
-17
-16
-15
-11
-13
-10
-2
-1
1
8
7
4
9
6
5
9
16
20
27
27
28
38
44
48
44
46
43
37
37
33
32
34
29
27
27
34
37
34
33
36
36
38
38
32
30
30
27
25
27
25
26
25
26
25
23
24
28
29
32
35
38
38
42
40
43
48
45
53
53
53
49
61
71
62
67
67
71
71
70
71
75
78
77
79
80
79
80
84
92
89
84
85
83
74
74
74
67
70
74
71
67
69
70
65
65
59
54
47
48
49
38
36
37
37
34
28
31
29
30
28
26
29
25
20
11
9
4
0
4
-3
-7
-3
0
-6
-4
-3
-4
-3
-11
-15
-20
-17
-15
-10
-9
-4
-3
-3
2
3
-3
-5
0
-4
-6
-12
-13
-5
-8
-7
-5
-9
-7
-9
-11
-13
-19
-22
-18
-23
-26
-26
-21
-16
-18
-15
-17
-24
-28
-28
-29
-37
-41
-38
-36
-32
-27
-31
-27
-22
-19
-17
-16
-11
-16
-17
-17
-17
-17
-16
-15
-17
-17
-20
-15
-18
-15
-18
-21
-17
-21
-21
-23
-22
-17
-14
-16
-16
-14
-15
-22
-23
-16
-20
-22
-20
-21
-27
-26
-25
-29
-30
-31
-34
-32
-30
-38
-32
-37
-45
-42
-42
-41
-44
-44
-47
-54
-55
-52
-57
-59
-66
-62
-63
-64
-64
-64
-62
-62
-53
-52
-44
-39
-33
-35
-34
-33
-31
-32
-32
-28
-35
-32
-28
-22
-19
-12
-8
-15
-7
-9
-7
-3
-5
-10
-13
-11
-12
-12
-6
1
-4
-6
-6
-3
1
-2
-4
-4
-4
-2
2
-3
1
-3
-4
-6
-9
-7
-6
0
3
7
6
8
5
7
6
2
-1
-6
-2
2
4
4
6
0
0
1
-2
4
5
4
5
5
3
1
-4
-11
-5
-5
-7
-1
-8
-5
-3
-4
1
3
8
6
3
0
3
7
5
1
-3
-4
-1
4
2
2
8
13
13
16
13
12
18
16
11
15
9
7
12
6
6
8
10
11
15
19
23
23
27
33
34
36
39
41
47
48
47
47
43
41
44
44
49
52
54
55
54
55
58
60
60
59
61
64
63
61
55
54
53
51
45
41
45
42
38
41
41
42
38
36
35
33
35
32
30
23
22
17
14
15
12
18
10
7
8
3
5
5
0
0
1
4
-5
-6
-7
-10
-15
-12
-7
-11
-10
-11
-12
-8
-5
-7
-8
-7
-3
1
2
2
2
-1
-1
1
-1
-2
-6
-2
1
6
12
8
6
8
5
3
3
0
-3
-3
-1
-7
-9
-8
-12
-13
-11
-12
-17
-18
-21
-23
-20
-25
-29
-28
-34
-38
-43
-39
-38
-46
-44
-45
-42
-49
-54
-54
-56
-59
-55
-46
-44
-42
-42
-33
-26
-20
-12
-11
-9
0
7
7
6
5
1
6
15
20
25
24
26
29
27
28
31
31
32
28
24
29
28
25
22
19
19
14
14
19
11
3
4
4
5
1
-1
-5
-8
-9
-12
-17
-22
-23
-27
-30
-37
-42
-49
-53
-56
-63
-60
-64
-61
-57
-62
-60
-63
-57
-59
-56
-56
-61
-66
-73
-70
-67
-61
-61
-56
-56
-57
-47
-44
-37
-28
-34
-27
-21
-23
-14
-3
0
8
16
17
27
26
27
30
28
25
20
19
15
23
23
18
25
20
22
27
25
22
21
20
18
21
14
18
16
9
7
6
7
9
12
12
10
8
5
10
7
4
3
-2
0
-1
-3
-3
-8
-12
-14
-12
-13
-15
-11
-16
-14
-17
-18
-14
-9
-7
-9
2
2
3
10
8
10
8
7
10
11
8
9
6
5
16
14
16
14
8
12
17
6
5
1
3
2
1
1
-1
0
-7
-5
-7
-10
-8
-11
-7
-6
0
3
5
7
6
4
1
6
7
9
8
9
12
11
14
12
12
15
13
18
14
18
25
24
27
30
30
33
34
30
30
30
27
25
23
24
19
15
15
17
20
20
21
22
24
19
14
17
15
15
13
18
23
24
26
30
32
28
23
26
33
29
26
28
22
24
26
27
31
37
40
35
34
34
29
28
31
29
25
23
27
26
27
24
17
18
15
11
7
14
12
9
8
3
4
0
7
-3
-1
0
5
7
1
3
-4
-2
-1
-5
-3
-3
-7
-3
-4
1
-2
-11
-8
-13
-10
-13
-14
-8
-8
-8
-10
-18
-17
-22
-28
-29
-30
-34
-44
-37
-42
-39
-32
-38
-31
-29
-23
-17
-16
-10
-11
-10
-15
-10
-12
-8
-2
-3
2
0
1
4
9
6
5
6
3
2
5
3
6
3
8
10
9
11
9
9
9
11
15
18
16
6
9
5
4
6
5
7
5
5
1
-8
-10
-5
-7
-10
-7
-11
-13
-9
-13
-10
-19
-14
-9
-7
2
-3
2
0
-3
1
-1
-6
-5
-4
-6
-7
-19
-24
-20
-23
-15
-11
-9
-13
-15
-17
-22
-14
-18
-14
-13
-18
-15
-15
-14
-16
-19
-19
-17
-18
-14
-9
-7
-7
-7
-9
-9
-9
-17
-15
-15
-12
-15
-12
-18
-23
-23
-28
-23
-23
-20
-17
-18
-19
-24
-25
-25
-26
-26
-31
-27
-23
-19
-18
-21
-28
-29
-28
-30
-37
-37
-37
-38
-38
-38
-35
-34
-32
-35
-29
-28
-28
-29
-30
-27
-30
-36
-38
-32
-24
-21
-20
-16
-17
-16
-19
-15
-12
-17
-9
-3
2
4
8
9
8
13
20
25
28
34
39
37
38
39
39
37
36
38
36
40
44
45
46
51
48
53
50
44
46
45
51
48
48
50
48
54
52
56
53
52
49
43
39
28
24
20
21
26
26
21
16
12
7
1
-3
-1
-4
-6
-9
-20
-22
-24
-18
-18
-21
-13
-15
-15
-22
-29
-40
-42
-45
-52
-48
-50
-44
-45
-39
-31
-24
-19
-17
-10
-13
-10
-10
-9
-3
1
5
10
20
30
35
41
47
52
59
63
65
61
61
58
55
57
53
52
55
56
62
70
73
73
67
67
62
60
53
51
50
47
49
42
41
39
37
38
40
37
39
39
30
28
22
22
19
17
15
9
22
17
17
13
11
11
7
6
4
-2
-6
2
-2
-3
-5
-7
-5
-15
-21
-23
-23
-23
-22
-24
-23
-25
-20
-13
-18
-16
-17
-13
-15
-10
-9
-11
-7
-11
-13
-11
-13
-14
-15
-23
-17
-17
-18
-18
-22
-22
-27
-28
-30
-31
-32
-32
-27
-32
-37
-36
-40
-41
-44
-46
-46
-48
-49
-51
-48
-49
-45
-49
-51
-48
-48
-43
-48
-51
-55
-50
-50
-54
-53
-54
-51
-50
-44
-39
-39
-39
-36
-41
-35
-34
-33
-34
-29
-28
-18
-9
-14
-4
-7
-6
6
7
10
11
17
23
22
20
19
18
18
19
22
22
22
26
30
35
38
33
30
25
22
17
12
7
10
9
8
15
11
16
16
12
11
6
2
-1
-7
-11
-15
-11
-11
-12
-8
-7
-7
-7
-14
-20
-23
-18
-32
-40
-43
-42
-45
-51
-46
-50
-46
-42
-46
-44
-44
-44
-49
-49
-48
-49
-47
-51
-48
-44
-45
-48
-53
-47
-48
-43
-35
-32
-30
-27
-23
-24
-15
-9
-7
1
-1
7
12
6
8
5
-4
-5
-5
-9
-1
0
-5
-3
1
5
5
11
11
11
8
7
8
10
14
7
7
14
13
20
24
25
34
30
27
30
33
35
38
43
45
41
46
47
44
48
55
57
58
61
56
62
65
65
65
65
63
64
65
63
62
58
55
57
53
48
43
41
41
38
39
36
34
33
32
35
31
31
31
23
21
23
21
19
20
20
20
23
23
21
22
19
13
14
15
14
20
22
20
23
29
34
31
30
32
37
30
36
36
34
32
28
31
25
26
25
25
19
19
21
17
22
21
20
23
25
21
17
17
14
9
7
9
7
1
-7
-4
-2
-10
-8
-14
-16
-16
-16
-15
-13
-15
-27
-27
-23
-23
-22
-22
-22
-18
-14
-18
-12
-14
-10
-14
-13
-9
-10
-6
-8
-7
-8
-7
-2
1
1
12
15
14
19
20
19
21
13
9
9
3
-2
-11
-8
-6
-7
-4
-3
4
5
1
2
2
3
-2
1
-2
-2
3
2
-1
-4
1
-9
-14
-13
-17
-29
-35
-42
-43
-47
-42
-36
-35
-29
-32
-36
-39
-45
-43
-47
-52
-53
-58
-63
-64
-61
-64
-63
-63
-62
-58
-57
-54
-53
-58
-55
-61
-57
-53
-49
-46
-46
-40
-35
-35
-29
-30
-40
-38
-40
-45
-46
-48
-48
-49
-46
-45
-51
-51
-51
-51
-52
-43
-39
-42
-47
-51
-54
-52
-50
-53
-49
-48
-43
-39
-41
-36
-34
-36
-35
-29
-29
-38
-33
-35
-28
-24
-20
-16
-14
-3
4
14
15
18
20
22
18
18
17
13
16
13
15
12
14
11
8
16
16
18
17
22
29
29
25
31
36
43
44
43
43
39
33
22
19
12
13
10
8
8
9
14
16
21
24
28
30
30
30
34
33
28
22
22
16
13
15
14
20
18
16
12
6
7
4
0
-7
-5
-6
-5
4
11
18
21
26
29
28
30
27
25
26
27
28
21
19
23
21
20
21
23
31
27
31
31
29
38
38
36
37
37
42
45
47
48
42
35
28
24
20
13
11
12
14
19
19
26
33
35
39
40
43
40
34
30
31
36
33
30
33
33
33
30
30
28
27
32
29
37
39
45
48
48
49
50
54
52
49
47
47
48
45
41
36
33
34
32
23
33
35
33
32
34
34
26
22
16
16
18
21
19
12
10
10
9
9
10
14
13
5
3
-1
-2
-1
-9
-3
4
0
-2
-2
6
14
10
10
10
1
-4
-9
-8
-4
-9
-12
-11
-11
-11
-17
-19
-15
-20
-18
-24
-23
-33
-44
-50
-57
-58
-59
-50
-50
-44
-45
-52
-47
-56
-57
-57
-55
-58
-64
-68
-72
-74
-82
-74
-64
-61
-58
-56
-60
-61
-54
-62
-61
-59
-58
-63
-62
-55
-55
-52
-53
-51
-41
-42
-43
-40
-39
-41
-41
-41
-39
-30
-31
-33
-26
-23
-22
-24
-25
-20
-21
-21
-23
-23
-25
-31
-28
-26
-24
-26
-25
-28
-31
-22
-23
-23
-27
-20
-21
-28
-22
-32
-27
-32
-32
-25
-25
-22
-29
-32
-31
-30
-34
-32
-34
-33
-24
-23
-18
-20
-18
-10
-6
-2
1
3
1
3
5
-1
1
-1
-5
-10
-7
-1
-2
1
4
7
0
1
7
8
8
10
12
9
15
18
16
18
19
17
20
21
22
16
18
21
22
22
22
28
27
31
32
39
37
43
44
39
39
39
40
41
35
32
34
33
31
29
25
29
32
38
33
31
31
31
30
26
26
18
17
20
23
19
16
12
5
7
10
12
13
11
8
6
4
5
4
2
1
6
8
17
13
12
17
14
11
13
14
12
14
13
11
6
7
8
8
17
21
23
29
38
37
45
50
47
42
43
51
52
54
49
49
50
53
54
51
52
47
46
47
41
39
33
31
31
23
21
20
15
20
25
21
26
26
24
23
17
17
12
9
4
-2
-3
-4
-5
-13
-15
-4
-4
0
5
1
-2
-2
1
0
1
3
6
10
7
4
2
-2
-2
-4
-2
-1
0
4
10
11
15
21
25
23
24
28
26
29
29
20
16
19
15
17
19
21
23
26
27
22
20
17
13
10
12
10
11
13
8
9
6
6
4
-1
3
4
5
-2
-8
-12
-11
-5
-11
-10
-15
-19
-18
-22
-22
-23
-26
-24
-26
-28
-30
-37
-34
-37
-41
-41
-38
-40
-44
-46
-43
-46
-47
-50
-46
-48
-52
-51
-52
-53
-52
-49
-46
-45
-41
-44
-44
-43
-47
-37
-41
-46
-44
-45
-41
-42
-45
-43
-38
-39
-38
-27
-29
-26
-28
-28
-29
-25
-21
-21
-13
-13
-10
-6
-5
-8
-9
-4
-8
-13
-5
0
-1
-4
0
-6
-3
-2
-3
-4
-7
-8
-15
-24
-29
-30
-29
-28
-28
-24
-24
-24
-23
-25
-26
-26
-27
-35
-37
-40
-36
-41
-47
-46
-43
-42
-37
-34
-28
-21
-22
-17
-20
-26
-22
-19
-18
-18
-17
-15
-10
-9
-8
-1
9
11
8
9
21
19
26
33
32
35
38
38
34
31
31
35
36
36
35
32
32
31
27
23
25
18
18
18
9
10
8
8
10
3
7
8
4
0
2
3
4
0
-4
-1
-5
-8
-6
-8
-12
-12
-14
-13
-10
-15
-10
-4
-6
-6
-3
-5
-2
-2
0
1
-3
4
3
0
8
17
18
24
30
31
35
35
37
38
41
42
45
47
53
54
58
68
64
68
69
67
66
66
62
61
61
56
59
54
48
47
40
39
41
45
49
44
44
42
34
30
29
33
33
25
22
21
21
18
20
18
12
13
12
4
0
2
1
1
6
8
12
10
12
15
18
14
5
4
3
7
1
-1
-2
5
2
-3
-3
-5
-5
-2
-2
-5
-4
-4
-9
-9
-10
-14
-11
-8
-3
-6
-2
0
2
-1
-1
-2
-5
-10
-8
-7
-11
-13
-18
-13
-15
-13
-14
-17
-13
-14
-9
-5
-3
-2
-3
0
3
3
-2
-5
-4
-6
-8
-6
-10
-18
-21
-27
-24
-21
-22
-22
-22
-12
-18
-19
-21
-22
-12
-16
-17
-16
-13
-19
-21
-22
-22
-24
-25
-22
-22
-18
-15
-21
-18
-15
-11
-4
0
13
15
21
19
19
16
10
13
11
9
6
0
-8
-8
-9
-13
-13
-14
-10
-12
-14
-17
-23
-29
-27
-28
-28
-30
-33
-34
-34
-34
-35
-28
-37
-41
-43
-52
-49
-51
-46
-49
-51
-48
-45
-43
-40
-37
-32
-19
-20
-19
-16
-18
-18
-20
-24
-24
-24
-27
-28
-32
-33
-35
-39
-36
-35
-39
-38
-32
-33
-33
-28
-30
-33
-30
-27
-24
-25
-26
-25
-28
-24
-20
-26
-27
-23
-20
-24
-20
-16
-16
-11
-4
3
6
10
14
13
12
15
16
12
20
21
18
23
25
33
31
27
26
28
27
20
20
22
26
29
28
31
35
28
32
36
36
32
33
30
29
29
24
24
23
18
20
16
20
22
22
28
19
19
16
21
23
22
22
22
22
19
22
20
16
9
7
1
1
-2
-5
-11
-12
-13
-9
1
3
8
10
16
24
24
23
22
20
22
22
20
27
25
33
36
32
36
40
38
38
44
39
41
39
38
42
49
46
42
45
45
55
50
48
48
49
47
40
33
30
22
13
13
18
22
18
15
14
16
18
20
18
13
16
15
13
18
18
19
19
16
20
20
17
18
17
13
15
10
10
15
15
18
11
7
5
7
8
13
11
16
22
22
21
12
14
9
9
5
-5
-6
-11
-13
-14
-12
-12
-14
-17
-17
-17
-19
-13
-15
-17
-20
-19
-14
-14
-16
-13
-11
-17
-21
-22
-24
-26
-28
-26
-27
-28
-24
-21
-14
-8
-6
-5
-6
-7
-5
-5
-1
-2
-4
-5
-9
-5
-6
-12
-13
-14
-13
-15
-18
-20
-21
-21
-20
-22
-15
-11
-15
-21
-20
-20
-25
-28
-33
-30
-35
-34
-38
-43
-45
-45
-48
-53
-46
-43
-42
-40
-36
-31
-28
-26
-26
-30
-20
-15
-16
-13
-13
-15
-15
-12
-14
-14
-16
-10
-12
-8
-4
0
2
0
5
6
5
2
2
0
0
2
3
-1
-2
-2
-1
0
-2
-3
-4
-5
-4
0
-11
-13
-13
-11
-12
-8
-5
-9
-9
-16
-13
-16
-16
-19
-25
-32
-37
-42
-39
-39
-37
-31
-30
-24
-23
-21
-21
-16
-12
-9
-10
-13
-13
-10
-1
4
10
1
5
7
10
13
8
11
7
12
10
11
8
11
11
10
14
11
10
10
11
1
-8
-10
-12
-20
-19
-23
-23
-23
-26
-24
-24
-29
-30
-28
-28
-23
-26
-28
-25
-23
-19
-22
-21
-17
-9
-10
-4
4
1
3
1
3
10
9
10
16
19
23
23
21
19
18
19
21
21
17
20
19
18
23
25
26
29
32
35
37
43
41
40
48
44
43
53
45
42
42
38
39
37
36
30
29
25
27
29
23
22
20
21
23
16
12
13
12
10
13
10
7
2
-3
-5
-8
-10
-12
-3
0
0
-1
-5
-2
-8
-6
-7
-5
-1
-5
-3
-2
0
4
7
13
14
18
20
17
9
5
3
1
0
4
4
3
8
12
18
23
32
33
31
30
29
32
29
29
30
24
26
31
29
33
37
39
39
39
37
40
33
32
35
33
29
23
17
13
15
16
24
25
25
25
28
23
24
26
21
20
17
15
7
6
6
4
6
2
8
3
1
4
5
9
5
4
8
9
8
5
5
4
-4
-6
-6
-14
-14
-17
-25
-26
-31
-24
-27
-25
-14
-13
-15
-14
-16
-24
-26
-30
-20
-24
-29
-24
-28
-29
-30
-34
-33
-28
-33
-30
-24
-26
-26
-24
-23
-21
-16
-23
-24
-19
-23
-25
-29
-35
-42
-46
-50
-54
-61
-63
-69
-65
-65
-64
-62
-65
-61
-66
-64
-60
-59
-57
-67
-68
-61
-56
-69
-66
-59
-66
-59
-62
-57
-54
-61
-60
-58
-54
-51
-44
-42
-40
-36
-28
-20
-19
-12
-1
-2
-2
6
6
3
-1
-6
4
7
5
5
8
11
9
17
15
18
22
27
37
38
44
40
46
49
47
49
44
43
44
49
48
45
53
51
45
43
35
31
32
30
36
36
32
30
26
30
19
15
15
1
-1
-9
-20
-28
-37
-41
-43
-43
-42
-42
-43
-41
-39
-40
-40
-38
-42
-42
-40
-38
-41
-42
-40
-40
-38
-41
-38
-32
-28
-24
-21
-23
-17
-9
-15
-11
-7
-3
1
-1
7
12
18
20
22
23
26
31
30
36
33
33
38
34
43
46
50
53
54
59
57
62
59
56
59
58
62
56
59
68
64
64
63
64
58
56
56
51
55
54
53
52
51
46
45
47
46
44
45
47
48
45
41
39
38
36
33
40
36
33
26
29
33
30
29
30
32
32
36
36
37
32
33
42
46
46
50
55
55
61
60
59
58
53
55
55
53
54
53
52
50
52
47
43
48
42
44
44
43
42
35
29
23
21
18
14
6
1
-3
-15
-25
-26
-33
-34
-34
-36
-31
-35
-34
-32
-33
-33
-37
-34
-34
-41
-45
-49
-55
-62
-64
-63
-61
-62
-58
-51
-54
-50
-47
-48
-47
-48
-46
-46
-43
-46
-42
-45
-47
-43
-42
-37
-35
-39
-39
-41
-41
-44
-47
-43
-46
-51
-45
-41
-44
-38
-34
-28
-33
-27
-25
-22
-21
-25
-21
-24
-18
-18
-19
-22
-22
-20
-18
-17
-14
-14
-15
-14
-12
-8
-11
-16
-13
-13
-15
-11
-14
-19
-20
-26
-32
-27
-27
-27
-26
-33
-31
-30
-33
-30
-25
-21
-26
-27
-32
-33
-31
-29
-33
-36
-36
-40
-43
-41
-44
-46
-44
-50
-54
-50
-49
-49
-40
-40
-36
-35
-38
-38
-34
-34
-28
-28
-23
-21
-24
-15
-16
-16
-17
-15
-15
-11
-18
-16
-8
-12
-6
1
1
2
7
12
14
16
19
20
18
11
11
14
15
10
8
12
17
10
14
15
13
10
-2
-4
-6
-6
-7
-8
-12
-13
-8
-11
-10
-9
-10
-11
-11
-11
-4
-8
-13
-19
-21
-16
-20
-18
-12
-7
-7
-5
-4
3
12
17
23
27
25
17
21
26
28
30
32
29
33
40
34
32
34
33
33
37
39
42
42
46
40
41
42
50
61
64
68
66
70
68
71
73
71
72
74
75
74
75
75
77
78
75
74
69
65
65
69
68
64
62
58
60
50
42
39
24
25
17
17
17
11
11
11
11
5
1
-5
-6
-14
-10
-9
-16
-18
-20
-16
-14
-14
-12
-9
-5
-1
0
-3
0
-1
3
10
14
16
21
26
27
30
32
32
37
42
43
43
38
33
26
25
27
26
23
21
30
25
22
19
12
20
20
19
15
11
12
5
13
3
-2
-4
-10
-8
-11
-12
-20
-15
-16
-21
-24
-22
-23
-24
-18
-21
-19
-22
-19
-19
-22
-23
-24
-22
-24
-24
-25
-23
-31
-35
-32
-33
-28
-33
-41
-42
-40
-47
-38
-33
-38
-37
-35
-33
-39
-40
-41
-42
-37
-45
-51
-48
-54
-48
-42
-42
-31
-28
-24
-24
-29
-34
-39
-37
-39
-32
-30
-32
-37
-31
-28
-28
-31
-32
-32
-31
-29
-32
-34
-43
-43
-45
-54
-47
-40
-40
-39
-40
-35
-36
-33
-32
-29
-31
-30
-27
-28
-28
-31
-34
-33
-34
-29
-27
-26
-25
-29
-22
-18
-15
-18
-20
-17
-15
-11
-4
-1
0
4
4
4
6
8
6
2
3
4
4
6
4
9
11
9
12
9
16
14
11
14
15
19
25
38
39
35
40
41
44
41
38
40
42
38
33
35
37
41
40
42
43
40
38
38
39
34
31
25
23
26
24
22
24
24
26
23
19
19
11
12
16
10
8
10
5
3
4
3
9
8
6
6
6
8
6
4
3
-1
-3
-6
-7
-13
-16
-14
-19
-17
-13
-15
-17
-18
-19
-14
-13
-4
-5
-1
-3
-10
-8
-9
-8
-12
-8
-5
1
0
5
11
5
7
11
14
24
24
21
27
30
31
38
37
35
39
37
42
43
43
43
43
41
38
38
33
33
30
27
26
19
18
18
20
12
12
18
17
16
16
14
8
6
8
8
0
-3
-3
-3
1
-2
-5
-7
-10
-8
-3
0
6
4
6
4
-3
3
8
8
14
23
25
23
24
27
28
29
26
29
30
25
26
25
20
17
18
23
28
30
26
34
29
31
22
16
17
14
15
9
11
4
2
7
6
3
4
5
0
2
2
2
-3
-8
-9
-14
-11
-10
-14
-16
-20
-15
-13
-17
-23
-25
-29
-29
-34
-33
-31
-33
-28
-26
-20
-23
-18
-13
-17
-17
-23
-18
-15
-13
-9
-13
-14
-12
-9
-7
-3
-4
-6
-4
-7
-10
-14
-12
-16
-20
-18
-23
-24
-23
-23
-25
-27
-37
-39
-43
-46
-51
-55
-56
-55
-50
-52
-44
-44
-45
-42
-32
-27
-21
-21
-25
-25
-25
-23
-25
-25
-23
-21
-17
-15
-9
-6
-2
-4
-6
3
4
2
8
5
6
9
8
13
15
19
15
13
15
12
7
7
4
2
2
3
6
2
2
-2
-5
-3
0
-2
-5
-13
-10
-10
-13
-10
-13
-12
-10
-8
-6
-4
-11
-10
-7
-9
-16
-16
-11
-17
-12
-18
-21
-23
-23
-20
-27
-26
-23
-24
-30
-27
-31
-32
-32
-35
-32
-36
-38
-34
-34
-31
-20
-17
-21
-16
-12
-15
-12
-10
-10
-10
-2
2
-7
-4
-6
-8
-4
-5
-5
-5
-1
8
5
7
6
0
1
1
4
5
-3
-2
-6
-13
-12
-12
-6
-10
-9
-7
-5
-9
-8
0
-5
2
3
4
14
11
18
23
19
21
29
33
37
42
42
42
48
46
37
34
37
40
36
38
44
41
41
41
40
37
39
45
43
37
31
25
18
17
11
10
13
12
6
4
3
3
5
2
-3
1
2
6
7
8
12
13
12
14
18
15
15
12
10
13
17
17
17
21
21
17
15
16
16
22
23
20
17
16
19
18
23
29
33
35
34
35
35
31
24
25
22
19
15
12
15
14
10
6
2
2
8
14
15
18
19
16
15
8
7
0
2
-4
-3
3
4
10
0
1
4
6
3
3
5
5
9
10
11
11
11
16
15
16
25
27
28
24
21
16
17
15
15
16
16
18
20
27
26
26
26
21
17
17
15
15
10
6
-1
0
0
2
2
-1
-4
-5
-6
-7
-7
-13
-12
-12
-15
-13
-19
-18
-20
-30
-29
-32
-31
-25
-29
-37
-35
-34
-31
-39
-37
-38
-39
-38
-42
-47
-45
-47
-53
-54
-63
-61
-64
-62
-59
-64
-57
-49
-52
-51
-52
-50
-48
-46
-46
-45
-39
-34
-28
-28
-34
-39
-34
-30
-28
-28
-33
-27
-33
-37
-29
-29
-24
-26
-27
-21
-25
-21
-24
-22
-24
-23
-14
-16
-12
-14
-12
-4
-8
-11
-10
-15
-9
-15
-14
-12
-8
5
-2
-7
-5
0
-1
-5
-8
-6
-9
-12
-10
-11
-12
-11
-9
-8
-5
-4
-5
-3
-6
-8
2
9
6
3
-2
-4
-6
-4
-7
-5
1
4
8
12
8
10
17
17
19
23
18
20
20
21
20
19
26
31
36
40
39
39
45
39
41
37
39
39
38
31
23
34
32
32
31
32
34
33
32
31
33
30
27
23
21
21
20
23
21
18
17
14
15
10
7
8
6
-1
-7
-11
-1
0
-4
2
4
10
11
2
6
6
3
3
1
4
4
2
1
3
5
12
13
13
17
14
15
13
13
13
13
17
12
14
20
24
27
28
30
34
33
33
31
34
37
34
41
42
54
66
65
71
73
79
72
63
62
59
51
43
37
40
41
41
35
40
41
45
49
41
38
34
33
28
24
21
23
22
20
18
15
7
7
11
10
2
-7
-13
-20
-27
-23
-22
-23
-21
-17
-12
-13
-11
-16
-18
-20
-16
-25
-28
-17
-18
-19
-22
-20
-16
-14
-15
-10
0
-2
2
-2
-8
-10
-13
-12
-9
-7
-7
-10
-15
-21
-19
-14
-16
-19
-22
-20
-18
-22
-26
-24
-23
-22
-19
-20
-13
-9
-9
-15
-20
-18
-24
-26
-27
-29
-26
-25
-31
-35
-34
-34
-36
-40
-37
-40
-43
-46
-41
-43
-46
-37
-45
-49
-51
-47
-47
-50
-53
-52
-51
-53
-54
-56
-52
-50
-46
-49
-41
-38
-40
-41
-41
-39
-41
-32
-31
-28
-29
-29
-26
-22
-15
-11
-13
-8
4
4
5
6
1
6
10
5
7
20
24
30
31
24
27
26
20
19
14
12
7
0
-6
-11
-6
-3
-3
-10
-10
-11
-14
-13
-18
-19
-20
-22
-19
-19
-15
-18
-20
-21
-27
-28
-32
-36
-38
-38
-43
-48
-52
-48
-45
-42
-37
-33
-25
-27
-26
-24
-22
-23
-27
-19
-19
-19
-17
-20
-20
-13
-10
-13
-15
-12
-13
-9
-5
-1
3
4
6
5
3
6
6
9
13
11
17
30
33
33
29
30
35
36
36
32
29
30
30
23
25
29
32
31
32
31
30
29
28
29
23
26
24
22
15
15
17
9
4
3
6
9
10
5
-1
4
5
8
7
5
10
11
6
7
3
2
19
20
22
15
14
19
27
23
17
22
22
30
32
33
33
33
36
37
40
32
32
36
29
27
31
36
32
29
26
24
31
35
23
17
18
28
34
31
29
33
38
34
38
34
36
38
30
31
33
36
39
37
35
36
36
38
34
30
33
34
31
25
16
15
17
15
10
5
5
8
10
-1
-5
-7
-6
-4
-5
-9
-15
-12
-8
-12
-14
-14
-9
-7
-11
-10
-11
-14
-11
-8
-14
-8
-7
-12
-11
-15
-14
-11
-13
-12
-14
-9
-4
-2
-10
-13
-9
3
6
3
8
13
10
14
14
12
22
17
17
14
13
11
4
8
9
13
14
12
13
13
11
20
20
15
18
22
25
22
17
12
12
13
19
19
15
14
12
2
6
0
-11
-11
-12
-18
-21
-24
-27
-30
-33
-35
-43
-43
-44
-45
-43
-42
-48
-56
-55
-58
-66
-66
-65
-67
-68
-66
-59
-55
-57
-57
-53
-43
-37
-38
-36
-33
-24
-23
-23
-28
-27
-17
-14
-13
-10
-9
-5
-4
0
-1
-2
4
6
7
3
4
-5
-4
-5
-6
-5
0
-3
-5
-5
-4
-3
-12
-15
-27
-30
-26
-26
-27
-24
-21
-26
-26
-25
-21
-19
-22
-21
-23
-32
-27
-27
-35
-30
-29
-30
-31
-31
-26
-20
-21
-22
-22
-22
-13
-13
-9
-13
-15
-9
-1
3
6
6
6
10
14
13
18
15
21
30
26
29
31
35
36
36
33
35
33
26
18
21
24
16
17
21
21
14
12
10
-2
-9
-7
-4
-10
-9
-17
-11
-11
-15
-16
-20
-19
-19
-17
-21
-24
-23
-15
-16
-22
-22
-25
-24
-22
-35
-35
-31
-29
-25
-29
-27
-25
-22
-23
-25
-19
-14
-7
-8
-12
-2
0
-2
5
-5
-6
-5
-15
-16
-20
-18
-12
-12
-6
-1
6
9
10
11
18
23
27
30
31
34
33
37
39
34
44
44
49
49
44
52
54
57
56
50
50
53
56
60
58
60
63
74
79
76
79
77
77
76
73
73
75
73
75
78
71
70
73
79
77
77
75
69
75
77
69
61
57
55
56
50
50
54
55
58
53
45
44
38
32
24
21
11
9
8
1
6
6
9
12
9
7
7
-1
-5
-15
-20
-21
-34
-33
-31
-25
-18
-20
-27
-27
-20
-24
-30
-30
-24
-23
-19
-23
-24
-20
-15
-16
-16
-10
-10
-4
-8
-18
-17
-19
-17
-13
-18
-23
-15
-15
-13
-13
-16
-13
-11
-12
-17
-19
-27
-29
-28
-26
-31
-28
-29
-36
-28
-38
-43
-41
-37
-41
-46
-46
-43
-38
-44
-42
-39
-39
-37
-38
-43
-44
-40
-39
-34
-34
-31
-22
-19
-24
-25
-17
-17
-15
-12
-16
-12
-15
-15
-16
-18
-10
-2
6
-1
2
13
10
4
0
-3
-2
-2
-10
-7
-6
-7
-4
-10
-10
-8
-9
-11
-7
-4
-9
-14
-12
-10
-12
-9
-16
-10
-5
-7
-12
-18
-20
-23
-23
-29
-26
-27
-32
-35
-42
-38
-37
-40
-41
-44
-41
-47
-45
-43
-51
-48
-53
-56
-65
-64
-56
-61
-61
-59
-49
-50
-50
-47
-50
-42
-42
-41
-41
-49
-45
-42
-35
-33
-32
-31
-31
-26
-23
-20
-22
-18
-16
-14
-17
-22
-22
-24
-25
-24
-19
-11
-6
-7
-5
-4
2
-3
-5
-10
-14
-9
-11
-15
-15
-4
2
5
2
-2
-2
-2
-7
-6
-6
1
8
7
5
10
11
17
18
16
28
29
32
27
26
25
22
25
26
28
31
41
44
44
43
44
53
52
44
44
50
53
56
62
58
62
69
71
78
81
84
80
78
81
79
82
78
80
81
84
84
88
81
80
84
82
81
78
81
76
71
65
63
63
60
58
54
54
46
41
39
36
29
20
22
20
20
19
16
20
19
20
22
19
27
21
14
17
18
20
13
16
11
7
7
15
20
21
16
16
22
19
21
13
13
14
9
9
0
-4
0
-1
0
0
-4
-9
-10
-10
-18
-16
-18
-18
-13
-16
-17
-15
-9
-14
-18
-20
-21
-26
-29
-29
-32
-25
-23
-23
-22
-16
-7
-9
-9
-7
-5
-5
-7
-10
-9
-13
-12
-13
-18
-15
-6
-7
-10
-11
-13
-7
-6
-8
-13
-12
-12
-22
-24
-29
-25
-16
-14
-22
-22
-16
-4
-2
-13
-17
-12
-12
-11
-15
-22
-15
-15
-19
-23
-26
-26
-26
-34
-35
-32
-36
-35
-31
-33
-28
-20
-26
-25
-31
-29
-32
-39
-39
-41
-41
-46
-46
-41
-39
-39
-45
-42
-39
-35
-30
-37
-41
-40
-39
-46
-44
-38
-38
-41
-42
-40
-35
-35
-38
-34
-40
-37
-33
-38
-46
-47
-47
-43
-45
-45
-40
-41
-39
-47
-42
-34
-36
-45
-56
-61
-60
-51
-54
-58
-51
-47
-36
-43
-49
-45
-46
-45
-54
-46
-47
-43
-39
-39
-38
-34
-28
-30
-30
-34
-29
-36
-36
-27
-28
-20
-19
-12
-8
-5
-4
1
11
14
22
19
17
18
23
26
21
29
35
33
34
33
38
31
26
23
27
34
32
30
26
30
30
34
37
40
49
53
58
57
56
53
53
50
49
49
52
59
60
50
56
58
57
67
66
73
79
82
78
78
82
79
83
90
88
84
90
88
84
80
77
75
73
72
71
66
64
66
66
66
61
65
66
60
60
60
61
57
55
52
44
45
44
34
39
37
38
41
34
28
29
26
23
21
18
24
23
20
16
9
5
5
3
0
-1
0
-4
-7
-13
-21
-18
-14
-11
-20
-19
-12
-14
-6
-7
-5
-8
-2
5
11
12
9
14
13
12
14
11
5
12
15
17
20
18
24
26
26
31
20
25
29
26
26
23
26
21
24
20
17
15
7
6
5
6
9
8
1
-5
-6
-4
-11
-18
-16
-15
-19
-29
-28
-22
-20
-19
-19
-18
-19
-19
-24
-22
-20
-31
-28
-33
-32
-31
-34
-38
-40
-36
-29
-22
-20
-17
-20
-22
-17
-9
-12
-15
-16
-17
-19
-18
-16
-18
-20
-28
-30
-29
-29
-34
-35
-33
-42
-45
-44
-45
-49
-56
-60
-56
-58
-63
-59
-64
-69
-69
-71
-74
-83
-83
-77
-79
-77
-78
-75
-77
-80
-80
-80
-86
-85
-88
-92
-91
-94
-89
-89
-85
-78
-74
-69
-65
-58
-52
-53
-57
-58
-54
-53
-48
-47
-50
-45
-38
-33
-33
-27
-21
-20
-13
-17
-10
-10
-10
-10
-11
-1
4
9
7
11
11
12
12
9
13
13
13
10
12
14
14
16
9
8
19
18
17
10
9
11
1
4
3
9
11
12
21
30
33
38
41
42
50
46
45
44
44
42
40
38
33
39
33
35
35
35
39
41
37
34
41
45
45
34
26
26
26
24
21
15
12
14
17
14
17
16
10
13
15
15
19
19
10
16
17
14
15
11
11
13
11
16
11
11
9
10
12
11
15
19
22
20
26
25
22
28
29
30
29
34
34
37
42
41
39
36
40
49
42
45
42
41
46
45
46
42
52
45
47
45
49
52
46
43
37
41
38
34
27
26
27
22
19
16
6
1
6
6
5
7
5
9
16
21
20
21
16
15
12
11
16
15
14
12
17
18
15
10
7
1
6
10
15
21
15
25
24
23
26
21
21
16
14
17
17
17
20
8
6
16
11
20
16
15
17
18
13
7
5
3
-3
-4
-4
-11
-12
-14
-13
-22
-29
-29
-31
-27
-32
-33
-40
-41
-28
-34
-37
-38
-36
-39
-39
-35
-31
-31
-34
-34
-40
-40
-36
-38
-41
-42
-43
-42
-40
-38
-40
-39
-39
-38
-43
-43
-44
-41
-37
-38
-44
-44
-44
-44
-44
-43
-40
-40
-37
-44
-39
-35
-27
-25
-26
-23
-29
-22
-24
-30
-31
-29
-27
-27
-22
-20
-14
-10
0
-2
8
10
4
10
7
9
7
8
14
15
13
10
9
-1
-1
6
13
16
11
13
12
16
17
19
16
15
13
15
14
11
8
5
4
1
0
-2
-4
0
3
1
0
-6
-11
-7
-12
-9
-17
-18
-15
-17
-20
-21
-22
-26
-26
-27
-25
-22
-26
-31
-31
-35
-27
-33
-31
-29
-31
-20
-20
-25
-19
-15
-17
-16
-22
-23
-22
-21
-11
0
2
-1
0
1
5
6
7
15
15
16
19
21
17
19
16
16
23
19
17
19
16
14
18
17
14
10
15
11
14
15
9
11
11
9
11
10
9
10
8
9
5
0
-2
-2
0
1
-2
0
2
0
2
2
-2
2
6
0
-2
-6
-2
-3
-5
2
6
5
3
4
5
2
-2
3
6
7
9
5
9
13
13
19
20
23
28
29
27
29
33
39
39
38
43
41
38
36
37
41
42
37
38
41
35
29
21
12
13
7
-1
-3
3
4
-5
-9
-7
-10
-9
-12
-19
-20
-18
-12
-16
-20
-20
-26
-27
-30
-26
-22
-30
-32
-30
-25
-20
-14
-13
-10
-8
-4
-1
1
10
14
16
15
14
16
26
28
32
35
35
44
39
46
51
52
57
53
55
57
61
63
57
53
55
56
54
53
45
46
56
56
54
55
52
51
51
44
44
40
39
32
26
27
25
20
17
18
14
12
13
11
7
6
9
9
3
4
2
3
0
-7
-10
-9
-15
-20
-19
-16
-17
-20
-21
-24
-23
-19
-17
-17
-21
-20
-17
-18
-20
-21
-22
-23
-25
-24
-21
-20
-18
-17
-19
-23
-24
-23
-24
-24
-28
-26
-24
-19
-25
-22
-18
-21
-20
-23
-14
-13
-12
-12
-16
-17
-15
-19
-21
-21
-23
-24
-24
-23
-25
-27
-28
-24
-24
-21
-16
-15
-17
-22
-22
-26
-25
-24
-27
-28
-33
-36
-35
-34
-35
-38
-37
-39
-30
-30
-33
-24
-25
-23
-23
-20
-30
-29
-24
-32
-31
-35
-34
-28
-27
-27
-25
-25
-25
-25
-30
-29
-25
-26
-25
-30
-29
-22
-19
-15
-11
-15
-14
-16
-14
-13
-14
-13
-11
-11
-6
-3
-3
0
-3
0
5
2
6
3
2
6
2
12
8
9
12
11
8
11
7
-2
1
-1
-3
-5
-12
-10
-11
-9
-9
-10
-15
-20
-19
-18
-21
-24
-23
-32
-38
-28
-28
-31
-29
-29
-23
-20
-19
-20
-17
-18
-23
-23
-31
-33
-30
-29
-24
-18
-16
-16
-9
-4
-3
-6
-5
-6
-1
3
5
9
13
16
11
17
16
19
17
14
19
18
21
20
27
32
33
32
35
38
34
38
34
32
36
39
39
40
35
37
37
34
33
34
42
44
45
42
41
41
39
37
33
29
22
18
22
24
30
31
33
33
30
34
35
32
33
36
30
24
20
17
15
19
18
13
15
14
22
24
21
25
31
35
39
42
36
31
27
29
28
25
29
24
27
29
28
30
33
28
32
35
27
31
32
24
21
18
14
14
15
9
2
3
4
4
6
0
-3
1
-2
-9
-15
-18
-16
-17
-20
-24
-24
-17
-13
-14
-17
-23
-29
-35
-32
-35
-39
-40
-44
-50
-49
-48
-47
-46
-42
-34
-37
-37
-32
-32
-31
-30
-35
-29
-26
-25
-25
-28
-27
-24
-17
-20
-20
-19
-23
-18
-12
-12
-8
-10
-3
2
5
7
13
16
13
16
14
17
18
19
11
1
6
12
13
13
12
11
19
26
20
17
15
16
17
11
12
12
10
13
10
13
8
6
4
1
2
-3
-9
-9
-6
-9
-6
-6
-9
-7
-7
-12
-20
-18
-13
-15
-19
-22
-32
-35
-37
-37
-34
-40
-37
-35
-32
-32
-37
-36
-37
-35
-32
-36
-36
-37
-38
-38
-42
-37
-32
-37
-39
-37
-42
-33
-36
-37
-38
-48
-40
-40
-35
-27
-30
-23
-25
-27
-18
-22
-18
-15
-12
-13
-13
-8
-2
-1
5
11
14
23
22
24
27
20
18
19
17
14
11
12
15
21
27
37
36
37
35
33
37
24
29
27
25
22
19
18
18
20
15
15
17
16
15
14
15
20
19
18
20
19
22
24
23
26
25
20
19
16
14
17
16
13
15
10
17
25
21
21
20
21
19
14
18
17
15
15
22
19
27
30
32
36
34
36
31
22
19
14
12
9
9
10
10
12
10
9
7
4
3
9
7
6
4
0
1
-7
-10
-8
-9
-8
-11
-12
-9
-3
-3
-6
-4
-4
-13
-16
-10
-18
-16
-21
-26
-23
-21
-16
-13
-12
-13
-20
-21
-22
-17
-17
-19
-16
-11
-6
-1
1
-3
11
15
22
27
28
29
28
28
27
25
23
23
19
23
23
16
16
20
24
33
35
38
38
33
31
38
36
35
35
33
27
24
18
15
21
20
20
23
29
24
31
25
18
21
21
20
18
16
15
19
18
15
10
9
14
14
15
12
10
5
2
2
-3
-4
-3
-2
-2
4
7
3
11
10
7
7
-1
6
1
-5
-8
-10
-5
2
6
2
3
3
6
-1
-5
-4
-2
0
5
2
-3
-2
-6
-12
-17
-17
-17
-23
-23
-27
-36
-37
-37
-44
-50
-50
-49
-49
-52
-49
-47
-47
-39
-42
-41
-40
-39
-37
-41
-38
-44
-46
-41
-38
-35
-32
-30
-26
-31
-23
-27
-27
-21
-27
-26
-32
-23
-21
-22
-18
-14
-12
-14
-9
-13
-12
-13
-18
-18
-25
-25
-21
-24
-21
-20
-15
-10
-8
-8
-10
-8
-9
-11
-13
-12
-10
-9
-10
-12
-7
-2
1
2
3
3
11
9
2
2
1
-1
-1
-5
2
10
16
15
12
16
10
19
14
11
7
4
1
-5
-4
-2
1
5
3
-6
-4
-9
-10
-12
-13
-18
-22
-18
-21
-22
-19
-12
-24
-20
-15
-16
-8
-18
-26
-26
-29
-32
-38
-37
-37
-35
-29
-35
-28
-28
-27
-29
-34
-25
-27
-17
-16
-17
-15
-8
1
5
6
1
3
3
8
10
10
10
10
4
7
15
13
18
23
23
20
19
23
24
17
24
15
14
17
16
23
21
15
12
12
17
17
18
16
13
12
9
16
18
18
14
20
34
33
28
30
25
20
24
26
22
20
18
15
13
11
14
13
16
22
20
22
24
20
23
25
22
20
22
26
36
39
40
39
38
41
40
40
37
35
31
31
27
25
26
31
36
37
36
33
30
34
40
32
37
30
31
34
29
33
34
25
25
28
22
26
25
27
28
29
30
24
24
20
25
25
23
22
24
24
21
27
27
24
25
27
27
27
22
15
12
15
19
27
23
20
25
27
25
22
16
19
23
22
19
21
22
21
21
17
14
7
1
-1
-5
-10
-12
-17
-16
-17
-19
-16
-20
-18
-16
-21
-16
-16
-26
-30
-29
-30
-36
-35
-36
-31
-32
-38
-38
-44
-41
-35
-37
-37
-39
-32
-27
-29
-27
-35
-37
-43
-41
-42
-39
-39
-38
-39
-35
-32
-37
-42
-42
-42
-42
-43
-49
-50
-44
-40
-42
-42
-42
-34
-34
-35
-34
-34
-31
-30
-34
-34
-35
-43
-44
-42
-40
-45
-52
-52
-46
-45
-50
-47
-39
-36
-36
-35
-33
-28
-25
-25
-25
-32
-29
-29
-27
-24
-27
-31
-34
-32
-34
-31
-25
-24
-29
-36
-35
-25
-23
-22
-18
-19
-20
-20
-19
-22
-22
-19
-24
-24
-24
-30
-27
-27
-26
-27
-31
-26
-26
-25
-28
-24
-16
-23
-18
-16
-24
-23
-27
-21
-21
-14
-9
-16
-16
-12
-8
-9
-8
-9
-4
-5
-2
4
6
17
23
21
21
19
24
29
30
31
34
29
33
33
37
46
48
49
52
59
62
62
64
61
58
54
48
51
42
46
44
37
43
40
38
40
35
36
28
24
23
13
15
9
9
10
4
2
-1
3
7
13
8
7
17
16
12
14
11
23
21
19
21
16
21
26
27
28
28
33
35
32
36
42
44
46
49
48
49
46
43
42
43
45
45
42
42
45
43
40
40
37
41
37
34
41
34
32
31
30
31
33
28
31
28
22
22
16
23
23
15
17
20
14
17
21
21
24
24
28
27
31
23
18
21
19
22
26
27
23
25
31
33
32
33
33
36
38
36
39
36
36
41
38
33
30
32
33
26
17
12
9
8
9
8
8
13
22
20
19
21
21
19
18
18
15
11
5
8
10
6
4
4
2
-3
-7
2
3
4
-1
-6
-8
-9
-18
-25
-26
-28
-25
-32
-36
-40
-39
-39
-40
-33
-37
-35
-34
-39
-43
-41
-42
-51
-51
-46
-46
-53
-45
-44
-48
-45
-49
-50
-55
-54
-51
-54
-50
-47
-47
-48
-48
-46
-42
-52
-60
-59
-61
-60
-63
-60
-55
-57
-52
-50
-45
-42
-38
-38
-38
-34
-40
-42
-49
-51
-48
-49
-45
-46
-43
-40
-41
-41
-39
-37
-38
-39
-41
-38
-38
-43
-44
-44
-45
-45
-42
-43
-49
-49
-45
-46
-45
-37
-38
-38
-36
-34
-35
-34
-35
-32
-31
-30
-26
-21
-18
-19
-20
-18
-19
-19
-14
-17
-11
-9
-9
-6
-10
-8
-4
-3
-6
-4
-1
1
2
9
16
16
12
10
16
13
9
11
11
12
8
10
11
9
14
20
19
29
39
38
42
33
29
32
29
25
26
21
24
28
22
20
18
20
18
21
17
21
27
21
22
17
21
20
22
17
18
15
13
10
14
16
15
23
15
15
17
21
15
14
13
11
9
12
11
9
11
16
14
15
21
22
28
28
29
27
31
28
27
29
32
28
26
29
32
33
37
39
38
34
33
36
30
38
36
41
39
37
41
41
38
32
28
26
29
34
36
31
33
38
43
37
31
29
21
25
30
21
22
15
12
7
-1
0
-1
0
2
7
10
11
9
8
5
1
5
10
6
4
4
0
0
2
4
8
8
10
14
11
15
13
14
15
10
15
14
14
17
15
16
13
22
26
23
25
26
27
33
37
28
33
23
20
22
22
19
17
19
12
10
10
17
15
19
12
12
12
9
11
10
9
4
-3
-4
-2
-3
1
-5
-5
-8
-8
-5
-12
-19
-16
-19
-17
-15
-23
-19
-24
-27
-24
-25
-27
-22
-18
-20
-18
-18
-20
-26
-26
-33
-34
-28
-30
-22
-33
-31
-29
-37
-34
-36
-33
-34
-36
-36
-39
-39
-39
-41
-35
-35
-30
-27
-33
-26
-28
-35
-38
-43
-42
-37
-32
-26
-23
-18
-16
-15
-17
-16
-9
-10
-11
-11
-16
-17
-16
-15
-20
-21
-21
-18
-18
-21
-18
-16
-14
-17
-14
-18
-26
-26
-25
-24
-26
-24
-21
-24
-22
-21
-17
-18
-23
-19
-16
-18
-24
-27
-27
-24
-25
-23
-22
-19
-20
-22
-31
-33
-33
-33
-28
-30
-34
-31
-35
-38
-34
-33
-30
-31
-30
-27
-26
-27
-32
-31
-34
-33
-33
-27
-26
-25
-18
-14
-9
-6
-4
-8
-4
0
5
10
11
12
12
13
10
10
5
11
15
13
16
18
19
22
22
13
9
10
7
5
3
0
0
-1
-6
-3
1
7
10
11
7
13
18
19
23
20
23
18
21
24
22
32
36
41
46
46
51
60
65
65
64
60
64
61
59
60
59
62
59
59
59
59
53
51
52
48
46
45
43
39
39
39
40
39
37
39
33
25
25
22
20
22
22
20
10
6
9
12
13
11
11
15
7
9
15
12
11
8
3
2
9
13
15
12
13
17
14
11
16
16
20
21
11
14
15
22
15
14
19
17
17
16
8
3
8
9
7
9
7
8
11
19
19
19
12
10
14
17
13
7
8
-2
-4
-9
-9
-5
-6
-5
-4
-2
2
2
6
4
-3
6
4
1
1
-4
3
-3
2
3
2
4
4
8
11
13
14
3
-1
2
-2
7
7
3
8
4
0
5
-2
-1
-1
-6
-10
-14
-18
-22
-19
-23
-23
-20
-17
-22
-25
-21
-23
-20
-18
-25
-28
-36
-35
-28
-29
-26
-25
-20
-23
-25
-23
-25
-24
-20
-21
-25
-22
-21
-25
-23
-18
-18
-13
-5
-4
-7
-10
-10
-15
-14
-15
-19
-12
-14
-15
-7
-11
-14
-9
-5
-9
-15
-16
-21
-25
-28
-25
-25
-22
-22
-27
-21
-25
-29
-30
-32
-39
-40
-43
-47
-56
-63
-63
-62
-64
-66
-64
-67
-65
-66
-71
-71
-68
-65
-63
-62
-59
-57
-54
-46
-42
-38
-35
-36
-37
-38
-41
-38
-40
-38
-37
-37
-34
-30
-33
-24
-18
-20
-21
-17
-19
-20
-20
-20
-13
-14
-20
-16
-9
-6
-4
-4
1
1
6
11
13
10
11
10
7
10
10
12
14
15
17
22
17
20
15
16
14
10
8
9
9
12
17
19
20
17
17
16
16
16
21
18
13
7
14
18
13
13
14
18
18
21
23
26
17
18
26
25
30
28
33
35
40
45
43
45
53
54
59
60
52
47
41
43
43
47
54
56
55
54
56
51
53
51
56
60
56
59
60
65
65
52
50
50
46
50
53
59
55
49
49
45
42
39
36
32
35
35
32
29
30
29
23
19
19
20
16
16
19
15
14
14
10
10
7
0
-5
-3
-2
-8
-6
-8
-14
-10
-7
0
6
5
5
0
-4
-7
-7
-3
-5
-3
-2
-2
-2
-3
-2
2
4
11
13
14
14
15
18
14
11
12
19
23
23
26
27
21
20
24
18
17
17
26
24
21
27
31
30
28
31
27
33
32
22
26
20
20
18
15
16
16
9
5
-4
-9
-8
-13
-10
-15
-20
-19
-28
-32
-32
-34
-35
-44
-46
-53
-58
-56
-59
-63
-67
-71
-70
-72
-72
-75
-78
-75
-77
-73
-69
-66
-69
-69
-65
-62
-56
-54
-47
-36
-35
-34
-31
-30
-31
-33
-33
-31
-33
-28
-28
-23
-21
-17
-14
-14
-8
-7
-8
-7
-6
0
4
3
-3
-11
-13
-16
-16
-15
-26
-29
-30
-27
-31
-36
-35
-43
-49
-49
-45
-50
-49
-54
-56
-58
-59
-54
-52
-47
-51
-49
-51
-53
-55
-58
-58
-53
-51
-49
-53
-55
-56
-60
-58
-56
-55
-48
-43
-39
-35
-31
-25
-22
-27
-30
-28
-27
-23
-20
-11
-8
-2
3
9
11
10
9
8
15
17
19
23
30
37
39
47
43
37
38
41
41
39
40
45
45
47
54
52
59
62
65
71
62
61
61
59
57
52
50
45
43
39
40
47
43
41
39
33
28
21
19
18
14
12
19
20
18
13
14
10
10
5
5
-1
-7
-3
-3
0
3
5
9
17
16
13
13
10
13
14
18
22
20
18
20
23
24
33
39
41
52
61
67
72
73
70
65
62
63
58
61
67
73
79
87
86
82
86
76
74
76
71
69
68
60
61
53
45
46
46
44
37
33
26
25
22
21
16
7
7
8
4
5
4
-1
-2
-4
-4
-5
-6
-9
-13
-19
-20
-24
-28
-21
-23
-17
-19
-20
-15
-13
-15
-18
-20
-20
-17
-22
-22
-21
-15
-12
-6
-8
-2
-1
-2
1
3
6
9
11
8
6
6
0
0
-3
-1
1
-1
0
-5
-3
-2
-10
-16
-17
-20
-15
-15
-15
-9
-8
-10
-6
-8
-17
-20
-26
-36
-35
-35
-44
-31
-33
-25
-16
-21
-24
-31
-33
-31
-31
-25
-31
-31
-31
-31
-29
-32
-35
-42
-37
-36
-34
-27
-26
-22
-28
-27
-27
-34
-33
-32
-31
-27
-27
-27
-24
-23
-20
-24
-28
-30
-27
-25
-23
-21
-19
-12
-6
0
-1
3
3
-2
-2
-4
-8
-10
-10
-14
-16
-15
-12
-11
-15
-20
-15
-17
-15
-13
-11
-8
-11
-8
-12
-14
-18
-16
-14
-12
-9
-9
-11
-9
-10
-16
-19
-17
-19
-19
-16
-23
-17
-20
-24
-24
-34
-31
-30
-31
-22
-24
-26
-22
-22
-20
-19
-24
-26
-29
-35
-29
-26
-19
-14
-13
-10
-8
-2
-4
-3
0
2
5
14
18
17
19
22
27
26
25
27
32
32
37
41
43
46
42
39
34
36
35
32
31
28
27
29
21
22
12
10
12
3
1
-4
-2
-1
-7
-9
-12
-18
-21
-27
-32
-34
-39
-35
-31
-26
-23
-21
-17
-17
-13
-13
-16
-17
-8
-11
-8
-7
-13
-5
-6
-1
3
4
13
18
24
29
30
34
31
33
32
33
34
33
28
31
31
31
36
30
30
32
32
27
31
29
26
23
16
15
12
11
9
9
8
5
7
7
10
16
10
8
10
0
-3
-5
-13
-19
-22
-18
-17
-12
-9
-8
-5
-1
-7
-9
-12
-8
-6
-6
-3
-4
0
5
8
11
13
15
20
26
25
23
21
19
17
15
21
24
26
28
31
34
37
40
41
39
33
28
23
24
18
17
16
13
14
16
20
19
19
20
17
15
11
6
-2
-6
-9
-8
-12
-8
-8
-11
-13
-11
-6
-13
-14
-20
-19
-17
-21
-19
-22
-18
-18
-10
-15
-17
-14
-12
-8
-12
-12
-18
-12
-18
-14
-11
-20
-11
-10
-4
-2
0
4
-2
-3
1
0
-3
-4
-3
1
1
-2
-2
0
7
6
7
6
2
9
5
3
8
2
2
1
0
0
10
12
16
19
13
12
10
3
-2
2
-6
-8
-9
-12
-12
-9
-5
-4
-7
-11
-14
-25
-31
-32
-33
-30
-27
-25
-22
-24
-20
-16
-15
-14
-14
-9
-6
-9
-4
-5
-6
-7
-7
-2
-5
-8
-6
0
5
10
14
8
10
9
7
4
3
9
2
1
-2
-4
-5
-6
-10
-13
-15
-17
-12
-12
-10
-8
-10
-10
-9
-16
-22
-30
-35
-35
-38
-39
-37
-31
-25
-24
-25
-21
-20
-20
-14
-12
-10
-8
-9
-6
-9
-10
-6
-4
0
6
3
0
6
5
4
0
0
2
1
1
5
7
8
13
11
15
12
7
0
-5
-9
-11
-9
-6
-5
-3
-3
-3
0
-3
-7
-10
-13
-14
-14
-18
-22
-22
-26
-26
-25
-21
-14
-12
-14
-5
-7
0
3
7
11
11
11
10
16
14
14
13
10
10
14
17
20
24
21
27
31
31
37
35
38
38
40
40
36
29
25
17
16
15
8
11
11
18
16
8
9
5
-1
-2
-8
-8
-6
-6
-8
-16
-14
-20
-24
-22
-15
-17
-25
-19
-23
-17
-18
-18
-16
-19
-17
-16
-14
-15
-20
-17
-9
-6
-4
-1
3
10
14
17
20
22
25
33
38
38
47
49
51
51
61
63
60
71
73
77
75
70
66
60
56
57
58
55
53
53
58
59
52
47
38
36
30
26
27
25
18
19
18
18
20
14
3
-5
-5
-5
-7
-8
-11
-16
-10
-11
-13
-11
-9
-11
-9
-9
-12
-8
-1
1
1
2
5
2
7
6
11
11
15
23
25
29
23
25
25
25
25
21
16
14
13
13
14
12
11
5
-1
-4
-11
-5
-9
-13
-2
-9
-10
-10
-14
-16
-21
-26
-28
-29
-27
-26
-26
-19
-25
-28
-31
-38
-40
-43
-38
-42
-40
-38
-36
-42
-46
-48
-53
-51
-48
-41
-40
-35
-30
-29
-38
-44
-40
-47
-41
-37
-42
-36
-29
-23
-17
-23
-19
-16
-11
-6
-10
-6
-5
-3
3
1
5
3
6
6
4
13
5
2
2
4
8
7
11
6
-4
0
-3
-7
-3
-2
3
9
9
9
2
-1
-11
-9
-4
-12
-8
-3
0
6
11
1
-2
-7
-10
-14
-14
-15
-19
-16
-18
-19
-20
-23
-23
-18
-18
-18
-22
-24
-25
-29
-32
-34
-37
-38
-34
-32
-27
-34
-26
-24
-32
-31
-38
-37
-51
-54
-66
-63
-62
-69
-63
-59
-57
-62
-58
-57
-59
-60
-57
-55
-50
-49
-44
-35
-32
-30
-31
-27
-28
-28
-24
-16
-19
-18
-7
-6
-3
-7
-12
-14
-11
-3
-7
-3
5
10
13
13
14
10
9
8
7
14
17
22
31
27
32
29
27
33
31
32
33
31
33
36
39
41
44
44
48
47
49
58
62
57
52
53
51
51
57
59
57
54
53
55
59
55
50
55
57
56
55
54
49
50
54
46
48
45
46
49
46
46
40
39
40
46
47
50
56
56
59
61
58
52
52
53
53
50
49
53
51
48
38
35
34
27
25
24
28
34
34
30
23
18
15
11
6
1
-3
0
-3
-3
3
-1
-9
-6
-9
-16
-20
-33
-38
-34
-42
-36
-35
-37
-34
-41
-40
-40
-40
-34
-34
-30
-25
-25
-23
-18
-18
-17
-11
-9
0
5
8
13
14
16
11
8
5
-7
-9
-9
-6
-6
-5
4
9
12
8
5
6
7
7
3
4
9
13
18
13
8
7
7
8
6
8
12
14
13
9
16
13
12
17
13
9
8
-3
-3
0
-7
-2
-7
-2
-3
-8
-14
-14
-7
-7
-2
-7
-9
-15
-23
-28
-39
-44
-40
-38
-42
-41
-40
-42
-40
-40
-45
-48
-45
-45
-45
-44
-49
-55
-58
-65
-68
-71
-77
-79
-84
-88
-84
-85
-80
-75
-72
-70
-66
-65
-67
-62
-59
-53
-49
-52
-46
-48
-48
-42
-46
-44
-43
-37
-27
-17
-13
-5
-1
-3
-3
-3
-2
-10
-9
-14
-15
-11
-17
-15
-16
-16
-6
-9
-13
-6
-1
0
5
8
7
6
8
7
11
7
3
9
13
16
21
21
24
27
25
22
22
17
15
18
18
21
21
19
22
26
25
22
16
19
19
18
18
14
13
7
16
17
14
14
18
23
22
28
29
29
31
33
38
41
40
38
40
45
49
54
57
53
52
50
46
42
36
41
40
44
42
38
36
34
31
28
21
16
13
13
12
12
11
5
3
2
6
0
7
2
0
2
0
-7
-12
-16
-15
-14
-16
-14
-14
-15
-14
-9
-4
-1
1
3
0
2
3
2
8
6
6
5
12
16
15
20
23
21
20
18
14
18
21
24
29
29
32
27
25
27
22
28
31
36
39
43
39
43
46
56
55
50
55
55
65
63
60
57
54
52
54
51
50
51
48
52
51
50
46
42
38
28
25
22
21
16
21
20
17
13
7
10
5
-1
-4
-4
-8
-12
-17
-9
-10
-7
-8
-18
-14
-19
-21
-22
-14
-13
-7
-3
-4
-7
-6
-4
-3
-5
-4
-1
1
0
0
-4
-7
-11
-14
-13
-17
-23
-26
-21
-24
-25
-27
-31
-39
-38
-36
-39
-39
-39
-40
-42
-34
-35
-37
-34
-33
-32
-35
-42
-39
-34
-38
-29
-19
-21
-25
-23
-20
-16
-19
-26
-24
-28
-34
-31
-30
-34
-36
-38
-33
-30
-31
-33
-29
-28
-30
-26
-26
-27
-32
-30
-28
-32
-34
-34
-32
-27
-22
-17
-14
-11
-7
-2
-6
-10
-7
-5
-9
-8
-9
-14
-14
-13
-13
-17
-12
-10
-12
-15
-12
-11
-12
-16
-20
-22
-23
-21
-22
-24
-26
-17
-19
-15
-19
-26
-21
-22
-26
-29
-23
-16
-17
-14
-7
-9
-12
-5
-4
-9
-16
-23
-19
-23
-24
-22
-20
-19
-15
-16
-21
-29
-32
-29
-29
-30
-28
-27
-31
-30
-30
-33
-34
-36
-33
-31
-26
-25
-25
-28
-32
-30
-31
-33
-33
-31
-31
-27
-25
-18
-9
-19
-11
-11
-15
-14
-16
-12
-6
4
11
12
1
3
6
11
7
14
28
25
32
39
39
36
36
42
48
49
49
48
45
46
48
49
50
52
55
60
64
58
65
64
62
69
69
68
64
57
55
58
56
51
41
39
46
43
39
38
40
46
43
35
30
31
31
27
32
32
32
32
25
28
26
30
33
30
38
43
39
37
35
39
36
29
29
28
30
32
29
32
34
25
20
20
18
12
8
10
19
21
15
16
14
10
10
13
14
19
16
14
15
16
20
19
25
26
25
25
29
23
18
17
17
14
9
14
12
6
3
3
7
7
1
2
-2
-7
0
-2
-5
-14
-13
-10
-18
-14
-8
1
2
5
-1
1
1
-9
-8
-9
-9
-3
-1
-2
2
3
8
5
6
2
1
1
4
8
1
3
-8
-13
-13
-12
-8
-14
-13
-12
-13
-18
-23
-27
-31
-28
-38
-39
-41
-39
-33
-25
-13
-10
-13
-8
-8
-9
-9
-10
-10
-14
-11
-14
-5
-1
-2
-3
-1
2
0
-3
-12
-15
-21
-31
-31
-35
-37
-38
-38
-43
-44
-43
-40
-35
-43
-42
-51
-58
-55
-60
-62
-65
-68
-66
-55
-56
-52
-44
-50
-57
-57
-57
-58
-59
-66
-74
-69
-63
-60
-59
-54
-51
-51
-44
-47
-39
-39
-34
-28
-33
-34
-25
-23
-26
-18
-16
-11
-9
-4
-2
-2
-7
-9
-5
-4
-1
-2
-8
-10
-10
-3
4
2
-5
-5
-2
-3
-2
1
1
0
2
10
8
1
-2
-2
0
-6
-5
-10
-14
-13
-16
-15
-22
-26
-30
-25
-20
-22
-20
-23
-21
-19
-20
-28
-28
-34
-36
-30
-27
-22
-20
-15
-21
-16
-9
-9
-7
-5
-2
-3
4
4
8
11
12
14
16
15
14
17
13
12
17
13
18
24
23
25
22
26
25
31
34
32
33
34
42
48
47
47
46
46
48
49
55
56
53
60
64
66
65
62
60
52
52
47
42
42
43
43
40
36
31
39
38
32
29
32
33
30
33
34
32
25
29
29
33
39
42
49
45
44
51
49
47
47
43
46
47
49
50
44
44
42
48
44
38
46
49
52
49
48
48
52
47
47
45
45
47
39
39
46
46
37
40
41
38
35
35
31
25
24
22
24
24
23
25
25
21
18
16
8
6
6
7
8
-1
2
-4
-11
-17
-18
-20
-29
-36
-34
-29
-31
-27
-32
-29
-35
-32
-24
-27
-26
-24
-17
-17
-23
-16
-16
-23
-16
-13
-9
-4
-2
2
10
13
14
6
2
-1
-3
-6
-13
-20
-22
-16
-27
-30
-33
-34
-35
-39
-38
-39
-41
-46
-47
-47
-50
-53
-54
-58
-67
-66
-63
-66
-71
-75
-75
-74
-68
-66
-65
-68
-68
-68
-64
-58
-53
-57
-59
-54
-50
-48
-47
-43
-48
-50
-42
-31
-22
-21
-18
-14
-15
-18
-21
-27
-34
-28
-26
-18
-17
-17
-20
-25
-25
-25
-26
-31
-28
-25
-30
-30
-26
-23
-19
-25
-20
-23
-27
-28
-28
-32
-25
-26
-26
-17
-22
-16
-16
-17
-20
-15
-9
-6
0
-4
-5
-7
-13
-15
-12
-13
-16
-7
-8
-9
-9
-14
-15
-15
-10
-3
-9
-14
-21
-23
-20
-13
-12
-11
-1
2
-1
-3
6
5
3
0
-3
2
-4
-12
-16
-16
-15
-12
-6
-7
-11
-9
-3
-3
-4
-12
-16
-15
-8
-8
-10
-8
-6
-1
2
5
12
13
6
1
2
15
21
17
22
24
28
30
31
25
29
30
27
36
34
28
32
34
44
51
54
62
52
57
64
68
75
75
83
78
78
78
75
75
80
84
85
83
77
79
77
74
66
62
60
60
60
57
58
60
62
58
57
53
56
58
50
55
50
48
47
49
52
48
52
49
50
45
44
47
44
40
46
48
37
34
30
32
35
38
39
38
38
42
39
43
42
32
32
26
28
28
30
24
24
25
18
18
5
4
-1
-2
-1
-3
-3
-8
-6
-10
-9
-4
-9
-5
-11
-11
-17
-19
-19
-22
-20
-16
-19
-21
-20
-18
-19
-19
-14
-18
-18
-25
-27
-30
-27
-27
-35
-38
-37
-41
-43
-44
-47
-56
-60
-62
-59
-53
-53
-55
-58
-57
-56
-55
-51
-55
-52
-52
-56
-59
-57
-61
-56
-55
-55
-51
-52
-59
-61
-62
-64
-57
-63
-62
-61
-65
-59
-62
-58
-59
-68
-63
-59
-57
-55
-51
-48
-46
-46
-47
-41
-44
-42
-41
-41
-43
-44
-41
-44
-41
-35
-30
-27
-26
-20
-15
-3
2
5
9
11
12
11
12
16
19
18
16
11
10
7
12
14
20
20
13
14
17
17
12
8
7
5
7
4
1
3
5
2
2
-6
-3
-3
-3
-4
-9
-12
-16
-15
-20
-23
-23
-26
-24
-19
-21
-22
-25
-24
-19
-20
-19
-14
-10
-15
-13
-12
-12
-9
-12
-12
-15
-19
-18
-18
-21
-25
-24
-21
-21
-20
-22
-16
-16
-15
-11
-6
-7
-6
0
2
1
0
6
4
6
14
15
23
26
28
30
33
35
39
41
38
42
48
45
45
44
47
48
49
57
51
46
46
51
54
53
52
53
46
45
46
40
49
43
40
50
54
55
63
64
63
65
53
49
49
44
46
41
40
47
41
47
54
57
55
59
62
63
60
52
49
46
43
39
32
34
27
27
34
23
24
22
25
24
20
12
10
13
13
14
12
7
5
16
17
18
12
6
10
7
7
12
11
5
6
4
6
5
4
0
-5
1
0
-3
-7
-4
-3
1
4
4
4
3
2
2
4
2
-7
-4
-1
-5
-4
-6
-8
-11
-8
-8
-16
-11
-10
-21
-26
-23
-20
-20
-14
-14
-14
-17
-21
-16
-11
-11
-14
-9
-17
-20
-19
-11
-10
-13
-8
-6
1
-1
1
-4
2
-2
-6
-4
-12
-16
-16
-17
-14
-11
-13
-3
-8
-6
0
-2
-3
-6
-5
-10
-11
-10
-15
-18
-16
-21
-20
-16
-17
-10
-12
-12
-10
-12
-14
-18
-20
-24
-22
-20
-20
-18
-23
-24
-24
-27
-29
-29
-31
-30
-40
-43
-39
-38
-36
-40
-45
-46
-45
-50
-52
-51
-56
-50
-49
-49
-51
-52
-44
-41
-39
-41
-41
-40
-39
-38
-35
-35
-35
-31
-31
-20
-14
-13
-9
-16
-17
-13
-6
-1
-8
-10
-7
-8
-7
0
2
7
6
11
19
15
16
23
30
29
24
25
21
16
25
20
16
15
13
18
26
20
25
28
31
36
29
32
31
35
31
31
31
26
28
33
38
36
29
28
21
14
21
24
20
10
7
7
4
0
-6
-2
-7
-7
-7
-10
-10
-10
-11
-7
-6
-9
-8
-9
-7
-6
-5
-3
2
-2
4
2
-3
4
1
7
6
1
1
6
8
11
9
10
9
11
10
4
3
-1
1
-4
0
6
4
4
4
-1
0
2
2
2
5
5
6
5
-3
-3
-5
-4
0
-5
-13
-3
4
-1
2
3
2
0
-3
-3
-4
-4
-5
-4
-5
-9
-8
-11
-14
-16
-17
-20
-22
-22
-27
-24
-20
-19
-13
-17
-15
-13
-11
-10
-13
-11
-10
-8
-7
-9
-13
-4
-5
-4
5
4
4
12
20
24
21
21
19
21
12
16
18
15
16
21
25
27
30
28
24
21
15
13
15
16
16
14
17
19
16
15
15
11
12
20
18
15
12
12
16
18
17
22
25
26
29
24
22
18
15
19
12
3
6
3
10
11
7
11
17
20
20
20
15
7
9
10
12
5
4
8
11
10
4
7
11
11
9
6
-1
-5
-8
0
7
2
0
0
2
5
7
8
11
9
13
15
10
4
1
5
7
5
10
8
3
4
3
3
2
0
4
1
-7
-4
-4
1
1
4
6
-1
-1
-8
-12
-6
-9
-2
2
0
1
-1
1
-6
-5
-4
-5
-2
-6
-4
-4
-8
-7
-7
-10
-2
0
-8
-1
0
1
2
1
8
11
4
2
2
6
1
-3
-3
-7
-12
-14
-15
-14
-20
-24
-22
-29
-31
-29
-23
-22
-25
-16
-9
-5
2
6
5
7
3
1
3
5
4
1
2
-4
-6
2
3
-1
2
2
-1
-5
-8
-6
-10
-8
-9
-14
-14
-16
-18
-26
-20
-21
-18
-18
-23
-18
-26
-26
-25
-26
-25
-24
-24
-28
-24
-28
-25
-24
-29
-27
-30
-21
-29
-25
-21
-29
-26
-21
-11
-4
-6
-10
-1
2
5
9
7
5
4
10
8
1
0
0
5
6
5
6
3
-3
0
-2
-6
-7
-8
-3
1
2
1
6
5
3
10
7
2
0
-2
-4
-10
-19
-21
-20
-24
-25
-27
-26
-24
-27
-31
-30
-31
-36
-41
-38
-37
-33
-29
-30
-28
-26
-27
-24
-23
-26
-29
-31
-32
-38
-39
-40
-43
-41
-36
-36
-36
-30
-28
-24
-26
-31
-28
-31
-34
-26
-17
-16
-14
-15
-10
-7
0
3
6
4
12
20
19
19
18
28
29
26
24
24
22
22
33
39
36
33
29
28
28
29
31
29
27
31
33
37
36
33
39
40
39
42
46
49
53
53
51
45
37
37
30
25
24
27
24
26
31
30
39
42
48
50
55
59
59
51
50
44
37
44
41
32
30
31
28
27
31
34
34
35
36
35
34
27
26
20
12
18
21
19
20
26
22
22
17
17
20
23
26
28
28
25
33
28
30
30
32
31
25
26
19
15
9
5
8
18
16
14
14
14
22
23
18
22
20
23
22
15
13
6
5
5
0
-9
-3
-4
-1
-1
-3
-2
-2
-4
-14
-12
-12
-15
-17
-18
-12
-10
-10
-6
-14
-17
-13
-10
-10
-9
-7
-13
-11
-5
-11
-3
-3
1
10
8
11
5
-2
-6
-7
-5
-7
-1
1
7
7
4
5
3
-3
-9
-6
-5
-6
-2
-12
-8
-7
-13
-11
-10
-2
-5
-7
-5
-10
-18
-28
-36
-40
-46
-50
-49
-47
-52
-51
-54
-60
-59
-61
-59
-55
-58
-67
-65
-66
-71
-74
-78
-79
-80
-77
-74
-78
-72
-71
-79
-77
-80
-79
-78
-80
-81
-79
-79
-78
-73
-66
-61
-60
-55
-51
-56
-55
-52
-58
-55
-52
-53
-47
-41
-41
-34
-25
-22
-17
-16
-15
-16
-19
-14
-9
-10
-14
-13
-17
-18
-14
-14
-11
-10
-9
-8
-6
-4
-5
-9
-4
0
4
4
-3
-4
-2
1
-4
-9
-11
-13
-7
-5
-4
-5
-7
-5
-2
0
2
1
10
12
13
15
10
15
12
12
15
14
13
13
15
21
24
25
27
34
34
32
36
30
23
25
27
34
36
37
41
43
43
46
53
52
55
58
63
63
65
71
69
71
73
73
74
68
70
75
72
70
74
71
72
65
63
68
65
63
65
64
58
58
59
47
33
31
32
34
30
27
21
17
17
15
11
11
14
8
7
7
8
10
9
11
17
23
27
22
23
22
25
27
23
17
18
28
24
34
42
48
48
51
53
52
56
49
50
41
38
39
40
44
45
57
56
53
59
53
52
50
43
38
35
31
28
27
32
32
30
29
26
21
18
13
7
5
6
-4
-8
-13
-16
-12
-13
-14
-16
-22
-28
-25
-28
-28
-23
-39
-42
-43
-52
-49
-55
-55
-54
-45
-47
-57
-54
-52
-52
-56
-56
-56
-55
-56
-54
-55
-53
-54
-49
-47
-44
-42
-43
-34
-35
-36
-43
-50
-49
-44
-39
-33
-36
-31
-24
-21
-17
-21
-18
-17
-16
-8
-10
-9
-17
-23
-15
-15
-19
-20
-19
-19
-23
-22
-23
-22
-25
-25
-27
-33
-34
-40
-38
-41
-44
-48
-51
-58
-61
-59
-59
-56
-56
-61
-56
-55
-48
-52
-51
-52
-57
-52
-56
-56
-58
-59
-56
-59
-60
-57
-59
-58
-56
-52
-48
-46
-45
-45
-45
-41
-34
-30
-24
-30
-25
-14
-12
-10
-10
-8
-4
-9
-7
-1
1
5
4
1
4
3
7
7
4
5
3
-3
-8
-9
-14
-14
-10
0
-3
-9
-13
-9
-12
-11
-10
-6
-3
-4
-6
-8
-9
-12
-11
-14
-12
-7
-3
2
7
7
10
11
6
15
14
23
25
33
34
28
30
31
40
39
46
50
48
60
56
57
52
43
48
45
50
54
53
57
59
59
63
67
67
66
66
67
69
66
66
67
64
63
64
65
64
64
68
65
69
70
64
59
54
51
48
40
36
38
36
33
29
26
25
12
10
22
23
29
27
22
21
19
15
9
4
2
3
4
4
-2
-5
-8
-3
1
5
7
8
11
14
9
9
13
8
15
16
19
25
31
34
35
38
40
39
36
41
40
37
34
38
40
44
45
48
48
44
43
44
46
46
43
39
38
32
26
32
31
28
29
31
27
25
28
26
21
14
14
5
-6
-8
-13
-19
-20
-23
-28
-30
-30
-34
-36
-31
-35
-34
-33
-36
-28
-31
-21
-19
-21
-18
-19
-10
-12
-8
-11
-13
-10
-7
-8
-3
2
7
10
9
6
5
3
2
2
4
6
9
4
-2
-1
-1
7
12
17
13
13
11
6
-1
-8
-8
-13
-19
-17
-13
-13
-14
-16
-16
-24
-34
-34
-39
-40
-41
-45
-47
-57
-54
-53
-52
-55
-62
-62
-63
-65
-65
-66
-71
-71
-72
-73
-74
-73
-77
-83
-76
-73
-71
-68
-72
-73
-75
-64
-61
-59
-60
-65
-65
-68
-60
-57
-58
-59
-58
-53
-58
-66
-65
-69
-66
-61
-61
-59
-56
-57
-57
-60
-63
-60
-59
-55
-52
-48
-43
-42
-42
-38
-33
-33
-25
-19
-16
-5
6
7
0
-4
-6
-1
6
14
15
19
16
14
22
24
20
21
25
23
30
31
28
32
31
35
35
32
34
35
32
30
25
19
20
21
20
25
23
26
23
20
19
16
19
17
21
19
21
19
13
10
6
10
5
9
15
12
14
23
27
35
32
30
33
24
24
26
29
29
27
20
28
32
27
29
25
30
30
29
35
37
37
43
42
38
37
37
37
40
42
47
50
48
43
37
38
34
37
32
29
29
23
21
16
16
11
15
10
8
11
5
5
6
-1
3
0
-2
-2
-4
-5
-7
-9
-10
-3
-2
0
0
3
4
3
4
7
12
11
16
21
20
27
28
29
28
31
34
40
45
48
46
49
51
52
53
60
63
63
64
60
59
63
65
64
67
65
61
62
60
56
61
53
46
50
48
48
42
42
48
42
45
44
36
34
27
26
24
19
18
12
9
6
6
0
-3
-7
-11
-7
-7
-10
-16
-20
-27
-29
-29
-32
-35
-31
-35
-41
-38
-36
-34
-30
-37
-37
-36
-41
-42
-43
-45
-48
-45
-46
-48
-46
-44
-37
-35
-37
-36
-35
-34
-35
-37
-37
-31
-27
-28
-25
-28
-30
-29
-29
-27
-26
-32
-37
-42
-40
-35
-35
-33
-32
-31
-32
-32
-30
-32
-36
-39
-36
-35
-36
-35
-32
-28
-27
-30
-32
-33
-34
-33
-34
-34
-32
-33
-35
-35
-36
-32
-33
-36
-41
-38
-34
-41
-44
-45
-48
-43
-44
-43
-43
-39
-38
-33
-28
-26
-22
-21
-24
-23
-21
-24
-14
-14
-23
-26
-28
-31
-28
-29
-22
-19
-19
-12
-7
-6
-6
-5
1
-3
5
10
9
13
11
9
10
12
12
10
9
9
12
16
18
19
17
14
14
19
18
14
11
8
0
0
-6
-5
-5
-7
-13
-12
-6
-15
-16
-23
-24
-24
-35
-41
-49
-51
-50
-51
-48
-45
-51
-49
-46
-49
-50
-43
-36
-34
-37
-30
-29
-25
-13
-11
-5
2
11
7
13
14
13
21
20
24
28
38
35
35
33
36
39
42
48
48
55
63
67
66
70
65
63
60
61
63
61
59
59
63
59
63
66
65
65
71
73
73
70
69
65
69
74
73
70
69
70
62
58
52
47
45
42
42
40
38
35
30
29
24
22
18
18
14
6
8
7
3
5
-1
-3
-7
-5
-2
1
2
3
7
1
-5
-5
5
10
11
14
16
18
19
22
24
24
28
28
31
30
28
29
23
24
25
28
29
28
26
28
29
27
25
23
25
22
20
16
10
4
4
6
5
8
7
7
5
0
0
-9
-7
-4
-8
-8
-8
-11
-12
-10
-12
-13
-12
-12
-12
-10
-15
-19
-16
-24
-19
-20
-24
-26
-21
-12
-13
-13
-19
-23
-23
-20
-18
-15
-13
-18
-21
-15
-12
-11
-11
-13
-8
-12
-6
-5
-9
-10
-14
-10
-10
-16
-18
-18
-17
-11
-7
-12
-13
-18
-16
-14
-16
-11
-11
-11
-4
-2
4
4
-3
-9
-12
-9
-14
-19
-25
-29
-31
-32
-34
-32
-35
-35
-28
-32
-35
-32
-31
-34
-32
-33
-36
-42
-41
-40
-46
-46
-49
-48
-49
-44
-41
-49
-49
-51
-52
-56
-60
-58
-55
-57
-55
-51
-49
-47
-50
-48
-48
-49
-48
-51
-47
-50
-51
-47
-51
-53
-51
-48
-44
-40
-35
-30
-30
-28
-32
-27
-29
-33
-24
-34
-32
-31
-26
-22
-18
-12
-11
-13
-2
-2
5
11
10
12
4
9
11
13
14
18
20
17
19
19
22
27
34
30
28
31
31
36
33
29
27
23
18
16
14
16
12
15
15
11
18
19
14
11
9
6
5
3
6
9
4
0
-6
-8
-3
-6
-2
-2
-3
-5
-8
2
5
9
14
23
26
21
23
20
23
29
34
28
26
32
25
34
32
28
34
34
30
34
29
31
39
34
31
31
29
29
31
30
28
25
26
26
29
32
35
33
31
33
33
34
32
35
38
41
41
43
44
