-25
-45
-38
-40
-33
-27
-23
-26
-24
-30
-26
-23
-26
-25
-26
-22
-14
-6
-6
-4
-3
-4
0
3
6
9
3
3
5
11
15
11
15
18
16
23
19
21
22
20
19
19
17
13
14
15
19
19
14
14
18
22
21
18
15
15
13
10
12
12
13
11
9
12
20
25
25
32
30
26
28
31
23
19
18
11
8
9
12
8
17
26
22
21
23
22
19
17
21
22
27
29
29
37
43
50
48
51
52
51
51
54
52
47
45
46
50
55
60
61
57
52
49
46
52
51
52
54
49
52
55
55
61
63
54
53
45
38
38
38
37
31
34
35
30
33
39
35
33
36
33
25
22
12
8
5
3
3
9
14
12
19
15
11
18
24
30
25
15
9
-1
-4
-1
-4
-3
5
7
12
10
10
10
6
4
3
8
8
6
8
8
4
6
7
2
12
14
20
18
14
9
11
11
6
11
17
16
15
21
24
22
18
18
15
12
13
12
6
3
7
7
8
11
5
8
8
3
6
3
-10
-16
-21
-30
-26
-23
-26
-28
-32
-37
-34
-33
-40
-40
-41
-37
-36
-38
-43
-49
-52
-49
-47
-47
-47
-49
-46
-45
-42
-46
-41
-41
-45
-42
-49
-41
-42
-42
-45
-45
-39
-34
-32
-31
-30
-34
-33
-40
-41
-37
-37
-32
-28
-23
-20
-21
-17
-19
-19
-19
-19
-22
-19
-24
-26
-19
-13
-10
-11
-11
-12
-17
-18
-14
-16
-17
-17
-17
-20
-19
-18
-15
-13
-15
-18
-20
-22
-25
-25
-32
-31
-37
-47
-50
-53
-53
-50
-42
-48
-49
-52
-55
-55
-54
-56
-61
-57
-63
-63
-64
-61
-62
-60
-58
-53
-46
-43
-36
-32
-26
-27
-23
-22
-21
-19
-11
-4
0
5
1
8
9
8
7
-1
-1
-2
6
7
15
18
10
13
13
14
10
10
7
4
1
-2
3
6
12
7
6
7
8
3
10
19
15
14
7
7
12
10
10
14
20
25
32
33
34
36
36
40
45
46
48
55
58
57
58
50
47
54
54
50
50
49
46
38
38
47
49
50
48
46
43
38
39
44
41
46
47
45
44
43
44
50
51
46
44
44
45
51
48
44
45
43
41
41
38
34
38
36
34
31
37
40
41
45
45
45
42
45
31
30
30
26
32
35
39
43
45
39
37
38
36
32
30
27
28
25
20
18
12
7
6
9
8
13
18
21
32
31
31
26
20
15
10
18
19
18
17
18
17
15
14
13
8
9
11
3
7
-2
-7
-5
-4
-11
-9
-7
-2
2
3
6
7
8
5
1
-5
2
2
2
3
-4
-7
-16
-19
-25
-21
-19
-18
-17
-18
-16
-20
-21
-15
-13
-12
-14
-20
-22
-27
-30
-32
-33
-36
-36
-28
-29
-28
-29
-25
-19
-22
-13
-13
-12
-12
-20
-20
-23
-27
-31
-29
-26
-20
-24
-27
-26
-25
-20
-17
-16
-15
-18
-16
-19
-22
-20
-21
-20
-16
-19
-16
-19
-19
-22
-23
-23
-32
-29
-28
-30
-27
-30
-33
-34
-37
-42
-46
-47
-52
-55
-57
-50
-49
-50
-46
-50
-46
-41
-41
-35
-41
-43
-43
-41
-38
-41
-40
-46
-40
-34
-28
-19
-17
-20
-18
-14
-7
-6
-8
-9
-10
-10
-9
-8
-8
-9
-7
-12
-11
-9
-7
-11
-14
-16
-14
-16
-16
-18
-22
-14
-17
-13
-15
-15
-13
-15
-16
-14
-15
-20
-21
-15
-12
-12
-11
-3
0
-2
7
7
-4
-2
-4
-2
-11
-11
-3
-5
7
7
11
5
7
6
8
12
-1
-4
-5
-9
-6
-5
-5
-3
7
20
20
24
21
18
22
20
27
26
21
21
22
22
24
25
23
21
20
22
24
30
23
24
29
21
18
4
4
3
6
15
14
17
11
7
8
10
9
11
19
13
14
14
7
3
4
4
3
1
6
8
6
12
15
16
28
28
33
33
31
32
30
33
27
24
21
21
16
15
16
13
15
17
17
18
27
27
32
39
35
38
35
28
22
24
22
24
23
22
24
23
30
32
29
27
35
36
44
45
41
42
37
39
45
45
47
49
52
55
59
67
64
64
64
59
65
59
55
50
47
44
40
33
30
40
39
41
40
33
29
25
15
16
17
12
15
10
2
3
-3
-9
-14
-22
-23
-20
-18
-19
-19
-20
-22
-24
-25
-28
-31
-36
-38
-39
-43
-48
-51
-48
-40
-43
-43
-38
-42
-37
-36
-29
-24
-27
-28
-29
-29
-26
-24
-26
-22
-26
-27
-26
-26
-15
-20
-14
-10
-18
-17
-15
15
18
-1
2
-8
-4
-7
-9
-9
-14
-13
-19
-23
-27
-33
-38
-31
-30
-42
-50
-59
-66
-66
-74
-81
-83
-76
-77
-76
-70
-71
-78
-83
-79
-78
-77
-74
-70
-64
-63
-58
-55
-55
-55
-49
-43
-41
-28
-28
-20
-17
-23
-18
-23
-19
-16
-17
-10
-7
-5
-3
-1
1
-2
8
9
9
18
24
27
29
27
25
26
30
27
26
27
23
23
27
25
21
23
26
29
28
31
36
40
36
33
28
21
31
28
26
23
21
26
15
9
12
14
16
16
21
23
15
14
16
13
4
4
4
5
0
-5
6
6
11
9
9
10
13
16
18
20
16
16
24
30
21
32
33
35
43
41
51
51
46
40
37
37
30
31
40
40
39
42
35
42
36
36
36
29
35
25
24
18
13
14
7
8
2
6
-1
0
-1
-4
-3
-5
-7
-9
-12
-11
-18
-28
-25
-27
-25
-27
-31
-27
-28
-24
-23
-28
-24
-24
-16
-17
-9
-13
-7
-7
-8
-9
-18
-7
-9
-2
-8
-6
-3
-12
-3
1
5
7
6
8
14
8
4
11
17
30
41
35
34
29
26
26
34
36
32
33
38
37
36
41
40
41
43
48
52
49
38
31
37
38
31
24
16
17
20
18
25
17
18
18
15
16
13
4
3
5
-5
-9
-11
-16
-19
-16
-18
-21
-27
-27
-31
-30
-35
-40
-35
-39
-36
-35
-35
-42
-46
-57
-61
-58
-57
-57
-58
-61
-55
-57
-54
-46
-54
-52
-52
-45
-45
-39
-42
-49
-45
-47
-48
-49
-43
-42
-38
-33
-26
-26
-29
-32
-24
-19
-18
-16
-10
-2
1
0
-4
-9
-8
-5
-12
-8
-4
-5
-7
-4
-6
-13
-8
-6
-3
-5
-2
-12
-19
-20
-24
-26
-27
-18
-21
-25
-20
-18
-21
-19
-22
-19
-19
-22
-23
-25
-32
-33
-32
-34
-36
-26
-28
-24
-19
-21
-22
-24
-20
-17
-16
-19
-13
-4
-3
9
11
11
7
10
12
6
20
22
27
37
34
39
44
35
39
33
36
44
39
38
31
31
25
23
25
19
27
28
29
29
37
38
39
38
32
26
20
23
17
18
15
23
22
23
23
22
25
21
12
7
10
4
-1
-6
-12
-17
-17
-20
-14
-17
-19
-13
-13
-13
-16
-13
-15
-19
-19
-20
-15
-11
-14
-20
-23
-27
-28
-28
-35
-35
-36
-31
-21
-24
-16
-17
-16
-19
-13
-17
-14
-6
-8
7
-3
0
8
11
12
17
28
29
39
47
51
56
56
58
68
74
80
76
81
83
81
81
71
72
69
74
71
65
75
78
70
63
65
59
59
58
44
44
44
39
38
38
34
31
28
28
29
25
25
28
27
29
28
15
15
20
17
22
15
13
19
15
14
16
11
2
1
-10
-11
-12
-17
-20
-17
-11
-13
-3
-6
-8
-10
-12
-6
-10
-8
-2
-6
-4
-5
-6
3
-2
-2
0
0
4
6
9
9
17
8
-3
1
7
2
7
2
8
15
10
9
2
3
-4
0
-8
-14
-16
-22
-26
-38
-37
-39
-35
-42
-40
-34
-41
-51
-43
-48
-53
-52
-57
-50
-54
-47
-44
-48
-44
-47
-38
-32
-36
-39
-42
-41
-45
-44
-44
-33
-34
-34
-28
-22
-22
-24
-25
-29
-19
-23
-17
-15
-11
-3
-3
-2
-9
-12
-14
-12
-9
0
1
0
8
6
3
13
23
23
26
30
27
24
22
16
11
14
16
17
13
8
8
5
2
4
7
5
8
7
1
1
-9
-15
-15
-14
-15
-17
-14
-19
-18
-21
-15
-19
-31
-38
-44
-46
-42
-40
-45
-46
-58
-58
-54
-55
-49
-44
-48
-46
-47
-49
-50
-57
-58
-57
-53
-52
-42
-26
-26
-19
-15
-18
-10
-8
-10
-10
-15
-19
-14
-8
-3
1
11
12
13
15
15
15
20
22
21
19
21
18
20
18
7
9
15
19
22
23
20
22
14
14
7
10
16
17
23
21
15
17
29
21
17
19
14
15
17
25
22
23
22
27
26
22
30
33
34
31
30
27
23
17
13
9
8
10
20
23
23
23
16
15
9
14
13
17
17
14
14
7
8
9
17
22
24
30
35
37
41
34
26
26
23
22
26
26
23
24
21
18
23
18
17
31
32
37
37
31
33
30
32
31
24
23
27
17
23
32
22
23
20
21
23
26
33
25
18
15
14
13
14
6
3
5
4
5
3
0
1
4
9
9
1
-1
1
-4
1
-2
-8
-15
-15
-11
-11
-4
-12
-9
-11
-12
-13
-16
-17
-24
-25
-26
-17
-21
-19
-15
-15
-9
-5
2
5
5
6
6
1
5
4
0
-4
-4
4
5
2
-4
3
10
7
11
9
10
9
9
4
1
1
3
4
-3
-1
-6
-1
-7
-7
-11
-8
-6
-13
-13
-18
-17
-18
-23
-23
-24
-27
-27
-31
-33
-31
-31
-29
-34
-32
-30
-35
-40
-37
-46
-48
-43
-51
-49
-45
-52
-54
-53
-60
-63
-59
-59
-61
-54
-57
-53
-54
-52
-48
-47
-43
-43
-37
-37
-36
-32
-35
-30
-27
-28
-28
-26
-21
-17
-12
-7
-5
2
11
9
12
11
12
18
11
10
12
19
20
16
13
13
16
14
13
20
23
22
26
18
19
21
12
7
4
4
10
4
-3
-8
-7
-9
-10
-5
-8
-10
-11
-13
-10
-9
-15
-19
-21
-23
-23
-18
-21
-24
-19
-19
-20
-18
-20
-15
-14
-12
-4
-7
-8
-7
-9
-9
-10
-5
-9
-9
-4
-2
3
5
10
17
18
24
34
32
36
36
32
25
23
24
24
30
29
24
26
24
26
34
35
38
42
46
40
37
32
29
22
22
26
25
29
28
29
31
24
23
27
30
30
27
24
24
21
16
8
1
-7
-8
-6
-3
-1
-2
-8
-10
-11
-12
-8
-4
0
-2
-7
-9
-14
-14
-9
-18
-24
-25
-30
-25
-27
-29
-24
-23
-16
-10
-10
-9
-11
-14
-13
-12
-13
-10
-10
-9
-8
-6
7
12
20
23
20
25
24
30
41
38
38
36
35
38
35
35
26
26
32
37
38
45
38
39
45
43
42
37
39
34
34
34
32
30
32
27
29
30
30
35
34
37
40
35
32
26
23
22
22
18
18
21
14
4
5
6
7
15
12
20
11
6
9
7
0
-7
-2
-4
3
-3
-11
-14
-17
-10
-8
-9
-1
6
6
7
2
-6
-5
-6
0
0
-2
6
7
5
2
-2
0
7
15
16
18
20
24
22
19
18
9
12
10
10
2
0
5
0
-5
-7
-11
-8
-5
-10
-7
-10
-11
-14
-22
-23
-27
-26
-24
-29
-22
-17
-15
-20
-19
-18
-18
-16
-16
-22
-20
-29
-33
-31
-38
-38
-42
-44
-46
-43
-40
-39
-40
-38
-39
-40
-39
-37
-32
-40
-39
-35
-34
-32
-35
-36
-35
-36
-33
-36
-33
-36
-30
-26
-29
-23
-26
-23
-23
-27
-27
-33
-27
-21
-24
-24
-28
-26
-16
-10
-7
-4
-5
-2
10
12
7
3
2
-3
-8
2
8
8
7
10
9
9
4
4
6
6
6
3
7
7
8
3
1
-2
0
0
6
6
4
6
-6
-2
-10
-13
-13
-16
-17
-22
-20
-20
-15
-12
-17
-15
-14
-15
-11
-11
-16
-24
-26
-27
-26
-28
-33
-28
-33
-34
-30
-29
-26
-21
-23
-19
-25
-15
-13
-15
-15
-23
-19
-19
-18
-20
-13
-11
-10
-5
2
3
8
13
14
17
20
15
12
20
19
20
22
20
19
20
28
37
38
35
32
35
35
38
38
43
44
38
41
37
34
28
21
26
22
19
21
15
16
6
5
9
8
8
5
1
1
5
-3
-7
-7
-11
-13
-10
-10
-8
-7
-2
1
0
1
2
3
11
19
19
17
21
17
17
19
19
23
28
29
29
32
32
37
36
31
33
39
41
45
40
40
43
42
41
49
49
55
51
46
46
43
41
35
36
37
35
38
39
38
31
24
20
14
7
11
7
3
3
-4
-5
-9
-11
-11
-12
-9
-15
-8
-8
-14
-20
-23
-19
-20
-17
-20
-14
-21
-23
-27
-26
-25
-26
-24
-25
-17
-20
-18
-20
-27
-29
-30
-31
-27
-22
-24
-33
-26
-19
-18
-15
-20
-18
-7
1
2
3
0
-1
5
8
3
5
9
7
8
8
8
12
12
17
19
20
22
18
15
11
7
6
4
0
2
-1
-1
-2
-5
-6
-3
-8
-7
-8
-12
-12
-13
-7
-11
-8
-6
-12
-15
-18
-19
-24
-23
-30
-32
-28
-23
-18
-23
-25
-32
-32
-30
-27
-29
-27
-27
-35
-36
-48
-53
-53
-59
-62
-61
-65
-64
-63
-60
-59
-62
-54
-53
-47
-50
-48
-41
-44
-44
-48
-44
-36
-36
-34
-33
-26
-18
-12
-5
-5
-2
-4
-5
1
4
1
3
1
-3
0
4
1
-2
3
10
14
18
23
22
18
8
10
9
6
6
8
9
13
10
8
6
3
2
5
14
18
21
16
12
14
10
11
12
10
11
15
13
12
17
12
10
9
10
9
13
13
11
13
9
18
15
21
20
17
18
20
13
6
13
2
1
0
-3
-3
2
4
2
5
1
6
12
12
16
14
15
10
10
10
12
10
5
5
11
20
19
20
18
20
27
30
33
30
33
40
40
41
36
29
22
31
36
42
47
44
44
44
39
39
35
32
30
26
30
33
34
35
39
36
39
35
37
34
33
30
23
20
12
16
16
19
22
21
22
19
16
13
15
6
0
-2
-2
-2
-6
-3
-3
-4
-9
-4
1
7
3
2
6
2
0
-1
3
12
13
16
20
23
27
27
22
23
27
26
30
36
38
29
28
23
21
23
23
23
23
21
10
13
5
-3
4
0
-1
-9
-12
-9
-13
-15
-14
-15
-11
-13
-12
-11
-12
-14
-14
-14
-22
-24
-25
-30
-30
-29
-27
-27
-27
-29
-32
-26
-22
-20
-17
-15
-22
-28
-27
-23
-22
-25
-25
-21
-25
-21
-19
-15
-4
3
7
7
6
11
10
6
-1
3
2
3
5
2
4
4
7
8
9
15
20
22
22
21
16
19
17
9
8
-1
-5
-11
-11
-9
-12
-20
-21
-22
-29
-28
-35
-36
-40
-46
-48
-44
-46
-46
-38
-41
-37
-32
-37
-36
-40
-42
-43
-43
-44
-38
-31
-36
-38
-41
-30
-27
-24
-24
-26
-27
-29
-26
-29
-37
-35
-38
-41
-33
-29
-32
-33
-22
-17
-18
-22
-28
-26
-23
-6
7
-32
-56
-50
-39
-27
-8
6
0
-15
-17
-11
6
11
13
18
19
18
7
12
11
17
27
24
25
20
28
32
28
27
20
22
20
15
10
9
12
11
18
14
12
11
3
3
11
18
9
6
-2
-3
6
16
9
14
15
7
17
13
6
4
1
-4
-3
-2
-1
9
11
8
8
3
-2
3
-3
5
6
1
-1
-13
-8
-14
-6
-1
0
9
10
2
1
13
10
11
17
18
23
18
10
15
11
16
22
21
23
25
21
18
10
3
18
23
34
37
32
35
30
22
14
22
18
19
24
13
16
17
10
-2
-7
1
9
11
13
19
12
7
6
0
-3
-8
-4
-4
-12
-16
-20
-20
-21
-14
-11
-15
-15
-6
-1
-2
-3
-7
-9
-4
-3
-4
0
-6
-7
-9
-10
-14
-12
-7
-6
-2
-7
-1
4
8
4
7
10
6
4
2
6
9
13
13
12
24
22
20
17
16
8
7
4
4
9
12
19
18
15
19
20
14
20
22
17
12
8
7
7
-4
-5
-8
0
9
0
6
6
6
13
11
11
8
9
10
-6
-11
-5
-4
-5
-9
1
7
4
8
12
7
2
0
-2
-3
-10
-5
-1
-4
-3
-16
-18
-1
3
1
1
1
1
3
-1
-4
-10
-7
-2
-1
3
5
3
2
6
9
15
9
15
14
17
17
14
14
6
6
7
3
-1
-3
-12
-20
-19
-23
-29
-40
-37
-29
-27
-28
-31
-32
-30
-25
-26
-30
-36
-38
-37
-34
-34
-30
-31
-31
-24
-24
-24
-21
-19
-9
-12
-15
-11
-20
-23
-21
-23
-15
-14
-16
-18
-23
-12
-15
-14
-6
-5
-8
-10
-4
-6
0
-10
-11
-4
-6
-8
-6
-5
3
10
10
16
21
19
7
1
7
10
2
6
2
6
14
21
31
34
31
26
16
14
15
13
0
-4
-14
-21
-14
-12
-8
-15
-10
-7
-9
-14
-7
-8
-18
-20
-18
-21
-18
-16
-16
-20
-24
-22
-22
-23
-26
-18
-18
-13
-15
-17
-13
-13
-15
-12
-14
-13
-7
1
-6
-12
-10
-11
-3
-1
-3
-13
-19
-27
-16
-5
-12
1
0
2
0
-2
14
13
6
7
10
15
11
11
7
3
3
3
1
-5
-2
3
11
19
23
24
19
14
21
29
25
25
24
27
29
22
21
16
19
23
22
27
22
17
18
7
11
17
17
22
23
21
11
6
1
-2
1
-1
-5
1
-5
-11
-12
-8
-1
-3
1
16
22
21
20
20
17
26
33
34
39
38
42
44
38
43
47
47
51
60
64
65
73
73
74
72
78
78
78
88
86
80
77
80
71
69
74
73
70
74
73
69
62
61
60
56
61
48
41
35
32
24
11
10
3
14
9
5
5
-1
-4
2
5
-2
0
2
-2
-5
-12
-11
-12
-17
-11
-14
-14
-11
-4
-1
-14
-21
-17
-22
-24
-11
-15
-18
-18
-25
-26
-28
-28
-41
-43
-48
-52
-43
-39
-35
-49
-55
-56
-48
-34
-39
-46
-40
-52
-53
-49
-45
-44
-47
-44
-47
-42
-38
-32
-27
-26
-35
-33
-31
-32
-31
-35
-34
-38
-40
-31
-35
-34
-34
-42
-34
-29
-28
-30
-32
-35
-43
-51
-43
-40
-47
-48
-49
-47
-44
-35
-32
-25
-12
-14
-14
-16
-10
-10
-13
-5
-1
-8
-3
4
4
8
8
10
10
1
-4
-7
-6
2
-9
-11
-9
-12
-14
-18
-18
-18
-18
-23
-28
-20
-25
-35
-30
-32
-29
-34
-33
-33
-25
-22
-21
-20
-24
-15
-16
-16
-17
-13
-9
-9
-2
6
-2
-10
-6
-1
-1
-1
-2
-8
-6
-16
-18
-17
-21
-18
-18
-16
-20
-21
-19
-18
-13
-15
-23
-32
-31
-29
-32
-40
-48
-52
-50
-35
-38
-36
-34
-33
-29
-25
-27
-29
-25
-29
-31
-23
-17
-19
-16
-21
-17
-11
-9
-9
-8
-9
-3
-8
-11
-12
-15
-8
-13
-9
-7
-2
9
11
13
15
15
10
20
27
26
33
37
41
45
47
53
55
59
63
65
63
60
64
63
64
63
61
63
67
61
60
60
58
67
67
62
56
58
52
47
55
49
50
47
39
44
43
38
35
26
25
23
20
22
22
24
17
13
11
3
4
4
12
11
8
2
-3
-6
-8
-4
-7
0
-1
-1
-10
-11
-3
-5
-5
0
-1
-2
4
11
7
5
6
-2
7
16
13
7
8
10
7
16
22
26
23
24
25
25
36
37
32
25
22
17
19
27
27
28
35
30
21
26
34
29
32
28
28
33
27
28
25
19
6
7
12
3
11
13
16
19
11
16
17
12
8
8
3
-3
-2
1
-1
-1
-7
-16
-19
-10
-13
-15
-21
-24
-26
-31
-31
-34
-38
-38
-36
-38
-32
-30
-26
-27
-33
-37
-40
-43
-42
-31
-32
-31
-27
-29
-24
-27
-23
-21
-17
-10
-10
-13
-8
-2
5
1
-5
-4
-1
4
-2
-1
-1
-8
-8
-9
0
-7
-10
-13
-23
-28
-28
-26
-35
-33
-39
-34
-35
-41
-39
-35
-38
-42
-41
-47
-50
-49
-51
-59
-58
-60
-54
-48
-47
-37
-40
-42
-35
-39
-39
-35
-39
-42
-44
-43
-42
-50
-46
-45
-40
-32
-26
-21
-20
-15
-12
-21
-18
-15
-19
-17
-14
-14
-14
-14
-15
-3
3
5
14
21
27
18
19
19
30
39
36
37
36
34
38
41
42
43
41
39
35
43
33
34
36
30
42
37
38
36
26
22
22
23
22
17
11
14
7
15
25
24
25
18
10
5
-1
4
-1
1
-3
-6
1
8
12
2
2
8
8
10
-1
-6
-1
-6
-10
-13
-10
-12
-2
-4
-7
-2
-5
0
3
5
2
2
5
6
6
6
9
9
9
5
12
17
19
21
20
21
24
27
31
35
30
36
36
40
47
47
41
36
42
34
26
33
34
38
34
27
21
14
18
23
10
11
24
14
11
13
12
13
8
7
16
15
13
12
13
14
7
16
16
14
14
21
23
10
17
12
13
4
5
4
14
21
8
16
16
13
12
14
22
19
21
25
27
28
34
39
34
41
38
33
37
36
47
41
34
36
31
24
26
29
22
24
23
27
29
34
27
31
28
19
27
23
22
20
9
6
12
8
14
15
10
16
11
4
-2
-9
-15
-18
-14
-13
-17
-15
-16
-17
-21
-24
-25
-26
-15
-23
-33
-37
-44
-47
-45
-38
-38
-30
-29
-30
-31
-35
-36
-42
-40
-43
-44
-46
-47
-45
-37
-31
-32
-34
-31
-27
-24
-13
-13
-13
-17
-16
-19
-21
-22
-25
-23
-27
-27
-21
-15
-6
2
-2
-6
-4
4
7
7
5
-6
-5
-6
-8
-4
3
5
-6
0
-7
-3
1
-3
0
-7
1
-3
-4
-3
-5
-3
-17
-15
-10
-11
-14
-13
-16
-21
-18
-16
-19
-20
-29
-32
-35
-41
-34
-38
-40
-44
-46
-53
-50
-50
-50
-50
-46
-47
-42
-31
-38
-30
-32
-39
-34
-36
-44
-47
-45
-41
-34
-38
-35
-34
-32
-27
-23
-27
-32
-22
-19
-19
-22
-20
-24
-26
-26
-27
-27
-30
-32
-29
-30
-35
-36
-34
-31
-32
-27
-22
-17
-15
-11
-8
-17
-11
-10
-8
-1
-9
-10
-16
-19
-18
-16
-9
-4
-1
-2
1
8
16
17
24
27
19
24
19
19
16
14
19
16
11
9
16
19
23
24
26
35
41
41
37
37
38
35
39
39
40
38
33
40
44
50
47
46
45
43
44
41
42
39
35
35
33
33
31
36
27
30
38
30
28
29
37
35
33
33
33
28
25
25
23
20
22
23
22
18
9
7
9
4
7
11
7
5
-1
-3
3
3
0
1
0
8
7
3
5
4
0
-1
-5
-3
6
12
7
2
6
4
10
13
9
2
-3
-3
-5
0
7
13
8
10
9
11
15
9
14
7
-2
1
7
14
17
25
26
28
24
21
22
12
15
23
28
28
29
36
40
38
38
40
36
39
38
43
50
53
47
39
38
36
44
43
41
43
41
36
36
31
31
28
21
23
14
4
1
4
4
4
0
-9
-10
-4
-7
-9
-10
-8
-20
-20
-14
-15
-24
-31
-20
-22
-16
-18
-26
-24
-33
-30
-31
-36
-36
-42
-39
-35
-38
-37
-32
-28
-30
-26
-30
-28
-27
-25
-27
-20
-14
-16
-15
-17
-14
-16
-12
-12
-8
1
1
1
-7
-4
-8
-6
-2
-6
1
-4
-11
-11
-7
-4
-12
-14
-16
-13
-13
-14
-18
-20
-17
-24
-29
-34
-43
-44
-43
-40
-41
-45
-44
-43
-46
-50
-57
-64
-66
-67
-63
-64
-61
-67
-67
-64
-57
-55
-51
-46
-45
-49
-50
-49
-57
-52
-55
-52
-47
-40
-38
-46
-47
-44
-36
-42
-31
-27
-24
-28
-36
-32
-38
-32
-38
-42
-35
-31
-29
-24
-27
-19
-18
-22
-18
-19
-5
-5
-3
-6
-11
-7
-12
-4
1
3
6
9
10
11
19
20
11
13
21
21
23
22
20
17
15
11
10
9
4
8
9
13
16
15
14
14
16
15
16
11
11
16
11
11
10
5
5
9
13
18
13
19
23
26
29
25
28
32
32
36
38
33
36
36
39
35
35
38
35
31
26
32
33
34
43
44
48
56
56
56
64
71
70
79
79
70
64
66
67
65
71
67
60
61
66
71
69
61
57
57
54
47
47
43
41
40
47
46
43
33
36
30
26
34
36
40
39
47
41
34
40
36
35
38
34
37
34
30
25
22
16
13
14
18
29
29
29
32
33
25
19
14
7
6
1
5
12
0
-5
-5
-13
-4
-5
-1
5
3
2
1
4
3
-1
-3
-5
-3
-6
-7
-4
-9
-9
-17
-21
-18
-16
-17
-19
-15
-16
-17
-19
-24
-19
-12
-14
-18
-20
-18
-18
-19
-18
-18
-21
-26
-27
-21
-27
-28
-27
-29
-25
-29
-26
-27
-21
-27
-26
-26
-28
-28
-28
-30
-33
-30
-36
-32
-42
-37
-39
-40
-38
-31
-30
-34
-28
-29
-23
-17
-20
-16
-16
-20
-22
-11
-7
-14
-6
-9
-13
-5
0
4
8
6
7
9
2
3
9
2
-4
-5
-6
-7
-7
-7
-12
-18
-14
-13
-20
-27
-25
-28
-40
-41
-42
-40
-44
-51
-49
-51
-53
-57
-59
-59
-63
-63
-62
-63
-73
-75
-70
-67
-65
-63
-61
-68
-68
-71
-76
-71
-70
-76
-74
-71
-70
-66
-65
-68
-64
-65
-62
-51
-45
-47
-53
-56
-46
-35
-25
-24
-21
-18
-19
-13
-10
-17
-11
-5
-5
6
4
6
-2
6
17
16
9
2
3
1
4
7
6
9
6
-1
10
10
8
14
9
14
21
27
27
22
23
28
24
22
23
18
20
23
23
16
9
13
22
20
24
20
25
31
26
31
25
30
32
28
43
39
43
55
52
54
58
51
48
52
44
54
50
44
42
44
47
39
35
44
46
47
59
57
59
57
51
56
53
56
58
52
52
52
55
54
54
51
59
61
65
64
52
54
58
57
51
48
49
50
51
45
45
38
37
33
30
28
32
37
26
25
20
10
21
15
11
10
15
16
16
20
19
16
10
1
0
10
8
-1
-2
-5
-12
-13
-13
-12
-14
-9
-3
1
7
10
11
7
4
2
0
3
5
5
-4
-5
-6
-5
-2
-8
-5
0
-8
-7
-3
-4
-6
-12
-15
-11
-5
0
-3
-5
-2
2
2
8
7
3
10
2
0
-2
-7
-8
-17
-12
-5
-10
-18
-20
-19
-18
-17
-27
-24
-20
-24
-18
-22
-25
-32
-34
-38
-42
-34
-32
-26
-28
-31
-29
-30
-20
-20
-18
-18
-27
-18
-11
-11
-7
-17
-25
-24
-29
-25
-25
-28
-25
-36
-23
-13
-14
-9
-5
-8
-11
-6
-19
-13
-13
-10
-7
-10
-12
-13
-4
-9
-10
-10
-16
-15
-18
-20
-23
-25
-32
-35
-35
-35
-33
-31
-25
-21
-22
-18
-18
-19
-27
-33
-32
-28
-27
-29
-24
-30
-34
-33
-37
-27
-24
-35
-38
-39
-46
-48
-48
-48
-43
-43
-46
-38
-32
-37
-38
-41
-39
-34
-35
-30
-33
-39
-35
-37
-33
-30
-25
-24
-23
-12
-17
-13
-9
-11
-9
-13
-11
-6
-4
4
10
14
20
23
19
21
21
22
24
15
26
24
20
27
22
16
15
16
24
25
27
31
27
31
32
20
18
20
26
28
29
32
32
33
29
30
27
28
31
30
29
35
32
30
30
27
28
29
30
31
30
26
20
19
13
13
13
12
22
19
21
24
28
23
25
29
29
29
27
28
29
21
22
29
30
32
23
27
27
33
31
26
32
29
33
23
21
18
20
21
16
21
24
24
19
20
31
35
25
25
26
20
21
17
11
21
14
11
9
5
10
3
1
-2
-4
-5
0
9
13
18
12
9
9
9
18
26
34
27
23
28
22
18
22
18
23
31
27
32
36
30
28
30
28
31
24
17
16
18
23
22
20
11
13
8
11
21
26
24
14
9
10
4
2
6
9
12
7
0
-3
-8
-7
-10
-2
-7
-15
-15
-26
-23
-25
-21
-17
-20
-11
-12
-18
-22
-22
-19
-17
-13
-10
-6
-5
-7
-10
-15
-16
-12
-5
-15
-12
-10
-23
-17
-21
-21
-24
-24
-16
-15
-11
-13
-15
-11
-8
-3
-13
-17
-15
-17
-24
-26
-27
-36
-33
-33
-35
-42
-46
-50
-42
-44
-44
-44
-51
-46
-42
-43
-50
-44
-32
-33
-29
-23
-31
-27
-26
-26
-23
-18
-18
-17
-13
-17
-15
-15
-12
-14
-12
-8
-7
-9
-7
-9
-16
-16
-14
-14
-15
-15
-11
-8
-17
-17
-23
-18
-13
-14
-2
-1
-1
1
-1
-2
-12
-13
-4
-2
-6
-7
-1
-7
-8
-2
-6
-18
-17
-14
-17
-14
-19
-17
-12
-8
-6
-7
-9
-13
-12
-8
-12
-16
-11
-10
-9
-12
-10
-8
-10
-14
-14
-9
-7
-4
-3
-6
-1
2
-3
-5
-3
-9
-15
-9
-14
-13
-7
-12
-13
-12
-8
-7
-7
-4
-13
-12
-9
-16
-22
-23
-26
-26
-31
-28
-21
-26
-23
-27
-25
-19
-27
-27
-21
-23
-20
-17
-6
-10
-16
-13
-22
-21
-15
-10
0
1
-3
-5
3
-2
-2
10
3
4
11
18
19
24
20
20
26
29
42
45
49
51
53
60
55
61
66
64
65
62
58
59
52
50
42
34
42
47
49
42
46
40
41
40
33
39
30
26
25
19
18
20
20
29
38
33
27
25
28
28
31
25
22
24
21
29
28
25
19
20
22
22
26
30
30
30
34
30
37
32
33
30
30
33
24
29
31
34
31
29
30
31
22
19
24
22
25
19
13
17
15
14
6
1
-4
-4
-2
-6
-1
3
0
4
1
-1
1
3
2
0
6
3
0
-5
-17
-23
-30
-27
-33
-37
-30
-42
-43
-41
-48
-47
-38
-35
-41
-41
-45
-42
-43
-44
-37
-41
-40
-32
-37
-30
-24
-14
-16
-20
-12
-4
0
-9
-5
-11
-11
-7
-8
-3
-2
7
15
13
19
18
15
23
12
13
11
9
10
4
10
14
12
20
22
21
18
9
5
2
2
0
2
-2
-3
-8
-10
-5
-12
-16
-20
-15
-18
-11
-11
-22
-21
-21
-18
-22
-20
-15
-11
-15
-11
-18
-24
-25
-30
-25
-26
-30
-29
-29
-28
-33
-36
-35
-42
-39
-32
-29
-33
-36
-38
-41
-42
-48
-48
-49
-51
-47
-43
-41
-39
-34
-24
-25
-25
-22
-28
-24
-22
-29
-23
-15
-20
-22
-17
-18
-14
-5
-6
-6
-5
-4
-9
-12
-11
-8
-2
-5
-2
0
-5
-3
-3
-14
-15
-17
-17
-10
-17
-19
-20
-16
-17
-12
-12
-19
-18
-25
-22
-15
-12
-18
-14
-8
-13
-5
-7
3
3
-1
-2
-18
-15
-9
-8
-4
-1
-1
-7
-7
-3
-6
-2
6
11
21
17
8
6
3
-6
-2
-8
-7
-3
7
9
16
15
12
16
16
26
32
36
33
32
37
37
38
35
41
45
44
53
56
59
61
63
60
60
71
65
63
67
72
72
65
63
60
59
54
51
46
50
51
50
50
52
50
44
40
31
26
30
24
20
22
17
15
5
6
4
10
20
17
27
26
14
13
6
-3
4
-1
-5
-5
-2
-2
-3
5
1
4
12
8
9
10
8
14
19
20
23
20
28
33
25
30
23
21
23
22
25
21
23
31
32
34
38
28
26
30
26
21
17
13
6
10
10
15
18
20
24
26
22
20
22
18
17
14
14
14
17
12
17
20
20
21
21
25
14
6
7
0
-9
-8
-9
-13
-24
-32
-25
-20
-14
-18
-20
-15
-12
-10
-19
-19
-24
-31
-27
-35
-38
-33
-27
-13
-10
-5
-5
-9
2
-2
-5
-12
-17
-12
-17
-13
-18
-15
-17
-17
-13
-16
-11
-10
-10
-10
-10
-9
-2
-3
-2
-12
-15
-24
-27
-18
-26
-26
-24
-31
-28
-21
-25
-23
-24
-26
-31
-34
-35
-37
-30
-34
-35
-40
-47
-47
-45
-31
-30
-34
-33
-31
-34
-30
-30
-31
-30
-31
-32
-35
-33
-40
-39
-48
-44
-40
-44
-40
-38
-37
-37
-34
-31
-33
-38
-37
-37
-37
-33
-28
-26
-33
-41
-45
-49
-41
-43
-36
-38
-49
-53
-48
-38
-45
-34
-38
-37
-29
-29
-20
-15
-16
-14
-10
-13
-6
-6
-2
2
7
5
13
17
13
11
15
14
8
14
10
5
1
0
-6
-10
-7
-1
4
6
8
4
2
2
2
-1
-3
-6
-7
-7
-13
-12
-7
-15
-19
-16
-12
-12
-15
-15
-16
-20
-21
-19
-18
-14
-13
-10
-12
-6
-11
-8
-10
-17
-11
-6
-1
-5
3
5
4
11
14
18
22
18
19
30
36
30
33
33
37
45
50
55
56
55
66
73
78
83
77
73
73
79
76
76
70
71
72
64
68
61
53
55
48
47
44
39
37
27
26
26
23
24
25
29
28
27
26
19
16
15
15
13
10
11
18
14
10
8
18
24
22
23
20
19
19
19
19
21
23
26
28
26
30
33
33
31
27
33
38
38
41
37
45
58
59
59
57
54
58
54
47
49
53
53
48
49
44
41
43
39
37
33
25
31
32
20
21
14
12
19
19
14
8
2
3
2
-9
-15
-20
-24
-35
-35
-27
-29
-28
-32
-29
-30
-40
-45
-50
-56
-60
-57
-57
-56
-59
-53
-49
-49
-48
-48
-41
-40
-32
-37
-45
-53
-60
-54
-56
-55
-58
-58
-55
-60
-59
-52
-54
-54
-60
-59
-48
-47
-43
-45
-51
-45
-55
-51
-42
-45
-41
-43
-40
-36
-34
-40
-45
-44
-43
-30
-25
-31
-25
-30
-36
-39
-45
-45
-47
-50
-44
-35
-31
-28
-30
-28
-33
-32
-32
-28
-18
-23
-22
-21
-30
-27
-29
-23
-17
-16
-11
-11
-12
-15
-14
-11
-12
-8
-6
-8
-8
-7
-10
-3
-6
-13
-7
-8
-3
-6
-11
-11
-13
-13
-16
-18
-14
-15
-11
-10
-15
-17
-11
-20
-23
-19
-22
-14
-4
-6
-12
-12
-17
-16
-15
-19
-15
-15
-11
1
-1
-1
3
-1
0
15
16
10
11
3
11
4
1
3
0
8
2
7
15
14
10
7
7
7
10
5
7
17
20
19
16
16
19
18
22
25
22
26
26
31
28
27
37
41
48
48
53
47
49
53
45
44
39
45
57
61
62
59
58
57
58
57
52
50
57
49
47
45
37
39
35
42
39
39
41
41
42
42
45
39
41
41
46
45
46
43
40
43
45
48
47
45
39
41
37
34
33
29
33
36
29
27
24
16
24
29
27
32
29
30
23
18
16
10
10
6
7
8
7
10
5
0
8
10
12
15
7
5
9
9
3
7
5
7
4
-2
8
10
16
17
8
7
-1
-6
-9
-11
-8
-8
-4
-4
1
0
-1
1
-2
-6
-9
-9
-8
-11
-13
-20
-23
-18
-23
-14
-11
-13
-15
-20
-15
-16
-20
-20
-19
-27
-32
-27
-25
-23
-16
-21
-21
-16
-19
-19
-16
-13
-17
-22
-22
-20
-17
-19
-18
-18
-22
-21
-19
-25
-21
-22
-26
-17
-17
-15
-7
-4
-7
-12
-17
-9
-8
-11
-8
-17
-16
-12
-16
-17
-14
-13
-14
-6
-2
-7
-4
-5
-13
-20
-26
-30
-33
-30
-31
-36
-34
-30
-31
-33
-27
-26
-30
-32
-33
-37
-39
-36
-44
-46
-49
-41
-42
-40
-34
-33
-32
-30
-29
-35
-34
-43
-42
-33
-30
-28
-36
-35
-26
-20
-19
-19
-13
-13
-3
6
5
7
4
2
5
7
11
15
17
13
15
16
6
4
4
6
10
9
11
6
4
1
3
-2
-10
-7
-8
-9
-16
-14
-14
-14
-7
-3
-4
-13
-12
-16
-20
-19
-25
-22
-20
-15
-7
-8
-2
4
8
8
13
10
11
16
19
27
24
26
29
27
27
30
32
29
29
33
30
27
30
31
25
28
28
25
27
27
31
22
20
23
15
12
16
16
13
7
-3
2
3
1
-2
2
5
-1
-1
-7
-2
-1
-1
-4
-3
-2
-5
-3
-4
2
1
8
8
14
13
14
16
16
19
12
10
5
5
0
3
-1
-5
-1
-3
-2
-3
-7
-5
-8
-4
0
-8
-1
-9
-14
-13
-14
-12
-13
-20
-22
-18
-21
-17
-9
-6
4
13
13
16
17
14
14
8
3
-2
-8
-8
-3
1
4
1
5
8
10
24
29
27
23
20
24
27
28
28
23
25
23
28
27
30
31
30
38
35
37
43
45
44
38
34
31
28
30
27
25
21
25
28
27
17
21
12
6
13
16
17
16
15
10
13
5
-1
-9
-14
-21
-25
-26
-33
-35
-37
-36
-28
-24
-27
-24
-29
-28
-30
-43
-45
-45
-40
-34
-35
-41
-36
-33
-31
-23
-21
-19
-28
-29
-33
-35
-27
-25
-13
-12
-8
-4
-1
2
4
1
2
5
-1
2
9
7
12
15
20
19
14
23
28
33
27
26
31
38
36
30
32
24
25
22
26
29
28
30
27
26
24
25
26
25
24
16
12
7
7
3
-1
-11
-13
-14
-19
-15
-16
-17
-12
-17
-17
-10
-11
-9
-11
-17
-20
-15
-21
-30
-30
-30
-31
-35
-29
-29
-29
-26
-23
-22
-24
-26
-24
-21
-22
-29
-25
-30
-30
-30
-30
-29
-34
-28
-31
-26
-22
-19
-12
-9
-13
-17
-10
-10
-10
-13
-15
-10
-14
-6
-1
-1
4
3
-1
-3
0
-8
-13
-15
-18
-20
-23
-16
-16
-15
-14
-23
-32
-32
-31
-32
-40
-47
-50
-52
-50
-41
-38
-29
-29
-28
-20
-30
-26
-27
-29
-27
-28
-25
-25
-19
-16
-12
1
1
9
12
12
13
7
12
11
12
13
13
13
16
14
8
19
23
29
31
30
36
27
26
33
36
27
28
32
28
28
25
24
18
21
18
20
23
19
17
16
16
14
20
17
15
10
7
12
9
5
6
7
7
12
15
18
12
13
15
17
17
7
8
8
3
-1
9
6
1
-1
-1
14
11
17
15
10
15
13
14
9
10
9
8
13
4
6
8
2
4
1
1
8
14
13
19
25
21
17
16
18
18
23
24
20
13
13
6
11
12
15
13
13
13
16
16
8
4
5
8
10
12
15
19
13
8
-4
-4
-3
5
12
12
17
17
18
20
22
21
20
23
21
20
14
15
13
9
14
13
13
16
17
20
18
15
12
10
11
15
15
13
15
9
6
7
4
13
14
13
22
24
25
25
22
24
26
32
38
35
39
35
35
38
41
48
44
46
44
41
42
45
49
44
43
49
46
37
33
31
24
25
21
18
15
8
11
9
4
8
7
-3
-14
-14
-16
-26
-26
-31
-32
-32
-36
-34
-41
-46
-50
-56
-58
-53
-51
-61
-65
-69
-70
-67
-62
-70
-72
-65
-69
-60
-60
-60
-55
-58
-50
-52
-46
-50
-51
-50
-46
-43
-44
-43
-42
-39
-39
-33
-30
-27
-32
-29
-28
-29
-28
-30
-28
-24
-28
-22
-18
-16
-15
-15
-10
-6
-6
-10
-13
-13
-8
-11
-11
-12
-16
-13
-9
-1
-10
-15
-15
-18
-22
-21
-23
-33
-31
-27
-26
-24
-26
-21
-20
-18
-15
-11
-9
-12
-14
-21
-19
-20
-17
-17
-17
-20
-20
-11
-15
-15
-16
-21
-13
-6
-10
-9
-6
-8
-10
-8
-2
7
11
14
6
-3
-5
-8
-5
-5
0
5
4
11
5
3
3
0
8
8
3
1
-1
0
-6
-5
-1
3
5
11
10
12
13
16
15
9
5
11
17
21
20
18
13
15
17
13
17
13
11
15
12
14
13
10
15
16
20
23
24
23
24
22
19
17
13
12
16
22
24
19
22
20
18
26
23
28
27
31
38
37
30
30
31
24
19
13
11
14
16
13
17
19
27
32
36
46
45
41
42
41
35
35
33
29
25
28
37
36
34
34
32
35
30
33
34
35
41
42
42
45
37
32
36
35
35
39
41
32
32
25
23
24
25
26
25
22
24
22
17
10
6
13
12
11
10
14
17
20
16
10
6
3
7
4
0
3
-2
-2
1
-3
-3
-2
3
5
0
3
-1
-2
-6
-11
-16
-20
-10
-10
-9
-9
-13
-8
-5
-6
-4
-4
-7
-5
-12
-5
-6
-10
-12
-18
-17
-19
-21
-32
-37
-47
-44
-43
-49
-53
-58
-53
-53
-49
-45
-40
-43
-33
-40
-45
-44
-48
-48
-51
-50
-50
-46
-52
-45
-47
-42
-37
-36
-28
-31
-40
-46
-52
-53
-49
-48
-48
-46
-39
-39
-34
-30
-27
-22
-31
-27
-25
-25
-17
-15
-15
-14
-17
-14
-12
-13
-5
1
-1
5
8
7
4
-1
4
-1
-3
-3
-6
-9
0
0
2
5
10
17
13
10
11
11
7
9
7
9
13
18
17
14
10
16
17
9
14
11
8
4
0
2
0
-4
2
4
2
6
8
8
4
10
10
9
8
2
0
-1
0
1
6
7
4
8
8
4
0
-7
-12
-11
-13
-18
-20
-23
-24
-21
-16
-21
-16
-17
-19
-19
-16
-9
-8
-10
-12
-19
-19
-14
-13
-5
-4
-1
-4
-8
-8
-15
-20
-16
-9
-2
-3
1
4
2
4
-2
0
-4
-6
-4
-1
4
6
10
8
12
20
20
23
23
24
20
21
24
20
21
23
30
36
42
43
52
56
54
51
50
51
46
49
47
45
51
51
50
50
46
45
41
43
45
44
39
32
29
29
33
32
31
37
35
37
30
35
33
27
25
18
12
4
9
13
16
14
17
15
18
20
13
20
10
5
0
-1
-1
-10
-9
-5
-4
-1
1
-2
0
-13
-20
-20
-25
-23
-16
-17
-13
-9
-1
-1
-4
-12
-14
-16
-19
-17
-16
-14
-15
-13
-20
-15
-13
-14
-15
-12
-4
0
3
4
3
3
-3
1
8
6
3
7
9
9
11
7
-1
-2
-5
3
0
-6
3
4
3
1
-3
-7
-7
-7
-6
-9
-14
-16
-12
-10
-7
-6
0
1
8
17
23
35
33
32
32
38
34
27
26
25
29
27
28
28
30
31
30
29
30
32
34
35
30
24
20
20
20
17
8
2
-6
-12
-15
-13
-14
-9
-9
-9
-13
-14
-8
-13
-15
-21
-14
-14
-14
-11
-14
-12
-16
-27
-23
-21
-18
-16
-20
-11
-13
-15
-14
-15
-16
-21
-26
-27
-28
-23
-22
-26
-32
-35
-29
-35
-33
-29
-30
-25
-27
-28
-32
-28
-35
-39
-37
-32
-29
-34
-34
-35
-29
-28
-27
-28
-26
-21
-17
-13
-13
-22
-29
-30
-37
-42
-39
-40
-40
-43
-39
-42
-46
-38
-49
-46
-46
-49
-46
-51
-48
-52
-53
-52
-51
-44
-38
-41
-33
-28
-34
-27
-29
-34
-32
-34
-30
-31
-22
-18
-14
-9
-5
9
9
19
18
10
8
4
6
8
9
17
23
20
29
28
31
35
30
27
24
21
23
27
28
30
32
33
36
28
27
22
16
18
12
7
5
2
-4
-7
-1
-1
-3
6
2
8
8
6
5
0
-9
-20
-20
-22
-19
-17
-11
-12
-10
-4
-5
-4
-8
-7
-2
2
2
3
-1
-6
-6
-9
0
6
4
5
10
13
18
22
21
19
28
29
26
27
27
32
33
36
39
46
49
40
44
49
51
60
61
59
60
60
53
52
50
43
37
30
33
34
39
37
37
33
30
39
35
35
30
25
27
19
20
14
14
14
19
15
12
21
13
15
11
4
2
-2
-2
4
1
3
5
7
13
7
7
9
6
8
3
4
13
19
29
32
32
37
36
41
48
46
45
40
38
33
33
33
25
27
28
25
32
38
37
38
34
29
28
28
25
26
22
17
12
12
14
11
11
11
13
10
7
6
8
-1
-7
-16
-24
-30
-29
-21
-26
-24
-25
-24
-28
-32
-35
-37
-39
-42
-39
-39
-43
-44
-43
-45
-45
-42
-38
-37
-38
-42
-43
-42
-37
-37
-29
-24
-23
-15
-10
-7
-6
0
-2
-12
-16
-15
-12
-12
-20
-15
-11
-11
-8
-12
-13
-12
-6
-8
-7
-11
-12
-11
-22
-28
-33
-30
-31
-33
-32
-33
-28
-29
-33
-40
-48
-53
-56
-57
-59
-58
-65
-67
-67
-72
-61
-59
-54
-42
-41
-42
-46
-47
-60
-58
-57
-59
-62
-68
-59
-53
-52
-51
-45
-46
-44
-40
-36
-35
-44
-46
-54
-56
-57
-53
-55
-57
-57
-56
-47
-38
-30
-24
-17
-17
-13
-5
-2
1
3
-1
2
5
5
6
12
17
18
24
28
34
26
31
36
32
34
33
34
29
26
18
17
15
12
12
9
13
8
8
4
3
1
1
10
2
0
4
3
-3
-3
-6
-10
-8
-7
-4
-4
-2
-1
-3
-4
-2
0
0
8
17
15
18
18
18
21
22
19
13
8
10
9
17
20
20
23
23
25
27
31
34
34
32
37
41
42
44
45
41
45
51
55
62
63
62
57
58
55
55
59
59
67
65
67
69
65
64
63
60
57
56
53
50
46
46
44
41
36
43
46
43
45
35
36
41
36
35
35
35
31
32
39
34
30
30
28
25
20
24
19
15
19
23
28
33
35
38
39
43
49
46
42
35
38
37
35
30
28
27
23
27
35
33
28
28
26
28
23
19
25
13
12
11
5
3
2
-3
-9
-5
-7
-7
-2
1
-3
4
-2
-3
-4
-7
-10
-13
-17
-14
-13
-14
-15
-16
-15
-10
-4
-6
-12
-19
-14
-16
-21
-26
-31
-26
-31
-34
-32
-32
-29
-26
-29
-31
-31
-32
-30
-31
-25
-24
-27
-26
-34
-39
-43
-49
-45
-43
-43
-44
-44
-47
-55
-56
-62
-58
-53
-48
-37
-45
-46
-48
-51
-44
-50
-55
-59
-60
-56
-52
-50
-53
-54
-55
-54
-49
-53
-50
-46
-51
-51
-52
-60
-63
-65
-61
-60
-64
-53
-54
-56
-50
-51
-48
-48
-48
-46
-48
-49
-48
-50
-54
-54
-49
-43
-35
-27
-16
-15
-14
-13
-19
-21
-18
-17
-27
-31
-28
-29
-30
-26
-35
-28
-25
-20
-10
-7
-9
-13
-16
-16
-12
-14
-9
-7
1
5
10
15
18
22
20
18
20
25
30
26
23
21
18
21
21
21
27
32
36
43
43
44
42
39
36
30
29
30
26
23
22
19
19
22
26
24
36
41
39
41
31
22
23
22
19
22
18
18
19
21
26
24
25
25
28
29
27
25
21
19
19
22
21
24
30
28
25
23
23
25
27
33
28
35
36
37
37
40
43
38
35
35
33
33
35
31
29
24
21
20
20
19
14
15
14
8
9
8
13
7
8
8
2
1
-2
-1
-3
-3
-5
-5
-10
-11
-15
-12
-3
0
7
10
6
7
7
6
10
6
4
4
5
1
1
7
9
19
25
22
21
24
31
30
33
33
30
28
26
31
35
32
35
35
32
32
29
28
31
35
34
35
30
31
30
37
38
40
39
30
31
29
29
30
37
34
37
36
27
31
25
32
33
28
32
33
22
19
13
4
8
-4
-5
-7
-5
-8
-9
-14
-19
-15
-20
-16
-17
-21
-27
-28
-19
-23
-28
-27
-31
-35
-41
-39
-43
-39
-38
-40
-41
-46
-44
-39
-35
-33
-30
-30
-34
-35
-39
-43
-41
-48
-51
-48
-55
-56
-54
-53
-52
-56
-54
-53
-56
-48
-53
-53
-52
-55
-47
-49
-45
-44
-42
-35
-34
-29
-23
-26
-25
-25
-25
-25
-25
-25
-22
-16
-16
-17
-16
-15
-15
-14
-12
-15
-17
-26
-23
-9
-15
-12
-7
-8
-7
-8
-8
-6
-7
-15
-15
-16
-16
-23
-20
-21
-22
-19
-14
-3
-7
1
2
-2
-6
-3
-2
-4
-3
0
-1
0
8
13
12
21
20
17
18
14
9
4
3
4
6
5
8
10
13
19
21
14
19
23
12
16
12
8
8
10
12
11
7
6
5
1
2
-1
-4
-3
-8
-9
-6
-5
-7
-5
-3
-3
0
-7
-16
-20
-22
-20
-19
-25
-26
-21
-22
-21
-18
-20
-12
-13
-14
-18
-17
-12
-15
-14
-15
-13
-10
-7
-2
0
3
5
14
11
5
-1
-1
-2
-4
5
-1
0
10
9
10
14
14
14
18
19
21
22
20
28
30
22
23
19
13
11
16
15
16
18
17
15
14
19
17
23
21
28
35
29
31
31
29
27
32
39
42
42
43
49
47
52
49
46
48
48
43
40
38
31
38
44
38
32
40
47
53
57
56
60
61
62
65
64
56
52
49
48
45
42
45
45
43
46
42
37
38
32
31
28
27
25
23
14
8
3
-2
-3
-14
-10
-4
-6
2
1
1
2
-1
-7
-11
-14
-8
-13
-17
-19
-22
-15
-16
-13
-9
-12
-8
-10
-11
-11
-22
-22
-23
-27
-22
-22
-14
-15
-12
-11
-15
-19
-22
-18
-22
-20
-23
-19
-27
-25
-23
-27
-19
-22
-18
-15
-8
-7
-10
-6
-15
-19
-15
-15
-17
-9
3
9
12
22
23
24
21
23
26
24
25
23
19
13
8
2
4
-2
-8
-3
-5
-9
-8
-8
-7
-5
-6
-6
-9
-8
-11
-19
-21
-27
-28
-28
-28
-30
-32
-30
-21
-25
-25
-26
-27
-27
-31
-29
-33
-34
-32
-40
-38
-38
-39
-38
-32
-26
-18
-20
-30
-26
-30
-39
-35
-33
-33
-32
-36
-35
-39
-39
-43
-41
-37
-41
-39
-38
-32
-29
-22
-18
-18
-19
-17
-15
-14
-13
-10
-8
-12
-18
-18
-14
-16
-14
-13
-13
0
-3
-8
-4
-11
-14
-16
-12
-14
-10
-5
-5
-6
-3
6
9
13
18
20
21
17
12
7
2
0
3
10
14
16
18
17
15
16
15
11
13
12
12
6
-6
-6
-7
-6
-9
-11
-5
-2
-4
-7
-8
-9
-6
-10
-8
-9
-11
-7
-7
-12
-14
-10
-16
-11
-6
2
3
1
5
-1
-5
-1
0
4
2
-1
-1
-6
-3
1
8
7
8
9
5
7
12
8
2
5
2
2
-1
6
6
6
9
4
8
6
6
4
5
7
2
2
2
6
4
-1
2
0
5
13
11
8
9
10
8
10
5
9
7
9
14
9
16
15
15
17
17
20
19
26
24
21
28
33
33
31
35
38
39
35
28
28
29
19
20
22
24
27
27
34
42
44
46
46
45
48
45
47
46
49
49
47
45
43
44
46
46
39
39
34
34
30
33
34
27
33
30
29
31
36
38
25
22
20
15
13
14
11
10
13
12
17
27
26
27
26
21
21
16
12
15
12
10
12
13
13
13
11
0
1
3
2
7
2
6
4
-4
-13
-21
-15
-14
-4
0
2
4
-5
-9
-19
-19
-19
-19
-23
-21
-21
-24
-25
-29
-27
-31
-28
-30
-30
-31
-37
-38
-41
-36
-41
-35
-39
-42
-35
-33
-27
-26
-26
-32
-39
-37
-36
-42
-43
-38
-33
-37
-35
-33
-42
-42
-39
-35
-30
-35
-40
-43
-48
-54
-58
-57
-52
-50
-45
-44
-46
-44
-40
-40
-41
-37
-41
-41
-35
-39
-40
-36
-32
-26
-21
-21
-16
-11
-11
-7
-5
-9
-8
-10
-12
-11
-12
-8
-3
-5
1
5
2
12
10
11
7
1
-2
-10
-13
-7
-6
-2
-4
0
7
7
10
6
7
5
0
0
-1
-5
-5
-6
-9
-7
-5
-8
-6
-3
-5
-9
-14
-15
-21
-19
-21
-20
-18
-17
-21
-18
-12
-12
-15
-17
-24
-32
-33
-36
-33
-37
-43
-35
-29
-27
-22
-19
-22
-17
-15
-13
-6
-9
-12
-14
-14
-6
2
6
8
12
15
16
23
21
20
21
14
7
11
12
18
25
31
40
39
41
35
42
46
40
42
36
32
31
26
28
36
29
30
31
33
30
23
23
27
34
33
33
32
28
35
38
35
43
43
43
37
32
27
28
31
29
35
28
28
26
25
25
22
19
18
20
17
13
12
9
10
12
12
14
12
15
18
17
18
21
18
16
17
16
17
20
20
28
31
30
34
26
27
39
39
45
42
44
42
42
48
48
51
48
53
52
52
52
49
45
40
36
28
32
25
19
26
16
14
13
7
9
14
17
17
18
19
18
9
7
2
3
2
-3
-2
-2
-4
-2
-3
-15
-11
-21
-28
-26
-27
-25
-28
-24
-25
-24
-28
-25
-22
-19
-10
-15
-18
-25
-27
-19
-21
-19
-19
-16
-19
-21
-13
-10
-8
-10
-7
-2
-1
4
4
2
-1
-5
-6
-5
-9
-2
1
-4
-2
2
3
-4
-2
4
1
0
-3
-7
-6
-10
-16
-21
-22
-27
-27
-26
-29
-33
-28
-33
-29
-23
-23
-22
-32
-23
-28
-30
-29
-35
-34
-42
-41
-40
-40
-42
-45
-44
-41
-42
-37
-29
-33
-26
-33
-36
-38
-42
-39
-34
-32
-36
-29
-29
-27
-27
-28
-30
-36
-35
-33
-33
-33
-33
-32
-32
-26
-24
-25
-27
-23
-18
-24
-26
-26
-26
-21
-26
-23
-29
-26
-19
-23
-19
-22
-19
-21
-17
-13
-12
-11
-14
-17
-22
-24
-23
-17
-15
-19
-19
-17
-17
-15
-9
-4
-5
-7
-3
-1
1
4
2
0
7
5
11
16
12
9
9
8
5
3
0
10
11
12
13
13
6
10
7
7
3
0
-3
-7
3
2
12
6
8
13
16
18
12
9
8
12
8
12
12
13
14
16
14
9
21
20
21
25
25
31
25
23
18
27
26
28
30
27
26
17
15
10
6
9
13
15
15
20
19
25
28
31
39
40
44
33
28
24
25
19
17
17
18
15
18
18
19
22
19
20
22
19
15
13
5
9
7
6
9
3
8
13
10
15
12
7
15
15
10
12
12
9
10
14
13
11
8
10
11
12
19
14
8
10
12
12
16
18
23
29
30
28
28
28
27
29
31
29
23
17
20
19
12
14
17
18
19
19
23
21
20
16
15
18
18
22
26
26
31
31
25
20
20
16
16
20
16
22
23
23
23
22
16
15
13
6
12
11
7
12
8
5
2
-7
-3
0
-2
3
3
-4
-5
-12
-16
-18
-22
-19
-24
-23
-18
-24
-25
-20
-22
-26
-27
-33
-28
-25
-32
-34
-38
-42
-40
-47
-51
-51
-51
-47
-46
-37
-29
-35
-38
-37
-29
-35
-38
-39
-40
-42
-39
-35
-34
-29
-22
-18
-11
-8
-4
-7
-12
-18
-17
-11
-21
-23
-21
-28
-33
-35
-26
-28
-33
-32
-34
-40
-43
-46
-49
-50
-50
-52
-47
-43
-44
-33
-27
-23
-20
-25
-36
-38
-34
-36
-43
-45
-42
-41
-43
-36
-32
-37
-27
-29
-28
-21
-17
-21
-18
-12
-9
2
3
6
5
4
3
8
2
1
0
5
11
4
10
9
10
12
15
23
31
28
31
31
22
18
14
12
10
10
11
14
10
10
11
11
12
8
5
3
1
-5
-11
-14
-18
-20
-20
-16
-20
-15
-13
-16
-15
-15
-16
-12
-11
-17
-9
-7
-5
1
-2
1
2
0
2
5
8
10
13
16
8
12
15
14
16
25
35
34
37
42
50
50
53
50
53
54
49
48
41
41
42
48
49
41
36
36
37
38
28
24
29
29
25
23
19
15
12
12
10
11
13
16
16
13
18
18
18
12
10
8
6
4
0
4
4
6
6
8
5
3
4
5
0
0
4
6
6
5
7
0
-3
8
6
5
3
1
7
5
5
2
7
14
15
26
28
23
24
26
33
35
32
39
44
45
40
37
36
37
37
40
38
39
47
41
41
42
41
37
33
29
30
24
19
23
19
20
24
23
20
25
26
19
24
22
14
6
-2
-3
1
1
0
1
1
-3
-4
-9
-15
-11
-14
-14
-10
-11
-13
-18
-13
-13
-10
-11
-18
-17
-12
-11
-6
-8
-9
-14
-22
-27
-30
-24
-25
-27
-32
-29
-21
-10
-2
9
21
19
20
15
10
12
6
7
5
11
15
13
9
9
13
17
18
14
16
17
15
5
8
-1
-7
-9
-13
-5
-4
-7
-12
-11
-12
-15
-19
-22
-26
-29
-28
-28
-31
-34
-32
-33
-30
-28
-29
-25
-28
-34
-42
-47
-49
-42
-48
-51
-49
-45
-41
-41
-42
-37
-31
-34
-34
-28
-27
-32
-27
-31
-27
-20
-22
-23
-17
-16
-15
-10
-10
-12
-13
-16
-18
-24
-18
-18
-21
-12
-10
-15
-25
-24
-26
-30
-25
-18
-19
-32
-32
-32
-40
-34
-30
-29
-28
-30
-28
-36
-44
-46
-41
-44
-48
-45
-42
-38
-32
-20
-17
-11
-4
-2
3
1
4
2
-5
4
2
4
10
13
16
12
18
19
18
5
2
8
8
15
12
6
6
7
5
6
6
4
3
5
7
6
4
1
-2
-7
-6
-2
-4
-1
3
3
5
4
4
-1
-7
-4
-12
-11
-9
-7
-2
3
3
-2
-8
-5
-5
-5
-12
-18
-25
-32
-34
-41
-38
-41
-33
-27
-17
-10
-17
-7
-7
-8
-6
-8
-5
2
5
4
5
13
18
25
25
29
34
33
41
49
51
49
43
33
41
38
40
42
38
37
34
34
30
26
28
27
26
24
27
30
23
22
27
23
26
22
19
12
13
16
13
11
11
17
17
22
27
37
31
31
38
36
35
34
38
36
31
25
33
31
27
33
35
38
44
44
44
43
41
37
39
38
41
44
39
43
44
44
50
47
43
38
33
33
34
29
32
20
14
18
21
23
28
31
28
34
34
30
23
22
18
15
13
7
5
7
1
-6
-6
-13
-15
-13
-15
-22
-25
-20
-31
-32
-27
-26
-24
-26
-31
-25
-22
-21
-21
-24
-29
-37
-34
-34
-29
-28
-26
-20
-23
-20
-17
-21
-27
-25
-32
-33
-29
-35
-31
-35
-28
-19
-21
-21
-27
-30
-28
-29
-24
-25
-25
-24
-24
-25
-25
-30
-25
-22
-18
-13
-16
-10
-12
-13
-12
-13
-11
-11
-16
-17
-13
-11
-7
-4
-1
2
13
17
14
19
12
6
-2
0
-9
-15
-15
-17
-15
-15
-15
-9
-9
-17
-23
-26
-29
-32
-23
-20
-21
-29
-42
-42
-41
-39
-38
-34
-34
-31
-28
-26
-24
-19
-16
-17
-18
-15
-20
-34
-30
-38
-40
-44
-39
-36
-33
-27
-35
-34
-36
-28
-24
-18
-14
-15
-13
-13
-14
-15
-16
-15
-15
-9
-3
0
4
6
8
7
6
11
16
12
13
13
14
18
13
13
20
15
15
18
12
9
7
3
-3
-6
-10
-10
-12
-17
-20
-17
-16
-16
-17
-19
-25
-18
-19
-24
-24
-24
-22
-27
-21
-26
-20
-18
-16
-10
-8
-5
-7
1
-2
1
3
1
10
8
13
17
13
22
20
14
16
21
23
29
33
31
38
35
41
50
44
46
49
47
48
48
54
48
54
56
59
58
59
64
59
59
56
61
53
52
55
54
58
55
57
52
50
48
49
55
51
49
48
47
44
41
34
29
28
18
20
22
22
24
24
22
16
12
12
12
9
6
0
4
-6
3
8
-1
6
6
6
5
10
10
8
7
8
10
8
6
12
9
17
21
19
26
26
32
29
28
27
22
18
26
33
32
33
32
33
27
27
24
20
16
14
13
5
6
3
4
6
4
4
9
8
6
2
-1
-2
-5
-9
-12
-5
-12
-17
-16
-13
-13
-19
-19
-17
-13
-13
-16
-17
-22
-26
-25
-27
-29
-24
-29
-33
-34
-37
-36
-36
-38
-43
-40
-40
-38
-45
-42
-39
-41
-36
-39
-26
-31
-33
-33
-35
-30
-34
-30
-32
-29
-28
-29
-24
-27
-26
-21
-20
-13
-8
-1
0
4
8
9
17
15
18
21
21
30
29
23
27
22
25
24
13
7
1
1
3
3
3
7
11
1
-8
-9
-20
-17
-17
-20
-19
-24
-25
-31
-34
-37
-43
-57
-60
-58
-57
-54
-62
-62
-71
-76
-74
-72
-66
-71
-71
-71
-71
-69
-75
-81
-78
-77
-75
-66
-68
-67
-68
-68
-61
-55
-46
-43
-33
-26
-29
-24
-34
-33
-27
-25
-17
-17
-15
-11
0
4
9
7
10
19
16
24
17
17
18
18
19
23
28
29
34
33
34
36
30
26
21
25
27
23
22
13
11
16
15
18
15
13
14
4
-2
0
-2
-6
3
-1
-3
-1
-4
-3
0
8
6
6
7
-7
-8
-11
-18
-11
-15
-16
-13
-11
-8
-4
-3
6
4
11
17
13
24
21
25
21
11
16
19
24
27
30
32
38
46
46
48
49
46
53
59
57
61
62
66
59
55
50
52
57
61
70
71
69
63
64
61
64
67
70
58
49
54
49
50
45
39
41
42
44
45
41
37
39
44
44
43
35
24
28
22
17
20
18
11
17
19
17
16
15
17
11
14
14
11
3
0
-1
-10
-5
-10
-12
-18
-24
-21
-20
-23
-29
-26
-22
-16
-19
-27
-31
-28
-23
-22
-19
-20
-13
-11
-1
6
2
2
1
0
5
6
5
12
12
17
21
16
21
23
24
29
25
17
16
26
27
18
16
13
10
2
8
8
5
7
6
9
9
0
-6
-8
-16
-19
-18
-19
-18
-20
-23
-32
-33
-33
-34
-30
-33
-31
-29
-39
-38
-35
-41
-40
-47
-53
-48
-47
-51
-49
-55
-59
-53
-47
-49
-33
-32
-36
-36
-37
-34
-34
-32
-29
-26
-24
-24
-31
-30
-31
-24
-20
-19
-20
-13
-10
-3
3
-5
-6
-15
-11
-8
-8
-6
-6
-8
-10
-10
-11
-8
-19
-20
-17
-15
-13
-17
-22
-29
-34
-27
-26
-21
-28
-30
-29
-37
-36
-37
-42
-41
-29
-29
-24
-22
-21
-18
-13
-17
-29
-28
-25
-30
-26
-30
-30
-28
-30
-24
-19
-8
-8
1
9
7
7
8
11
10
9
14
13
20
16
19
24
16
11
10
11
17
21
20
17
27
28
24
26
23
29
32
43
47
43
33
30
32
30
27
23
24
20
25
30
21
22
25
15
11
7
-4
-6
-8
-13
-16
-28
-26
-33
-34
-30
-32
-28
-32
-31
-33
-28
-29
-33
-39
-40
-43
-48
-43
-45
-37
-36
-32
-29
-33
-35
-31
-28
-28
-23
-15
-16
-8
3
10
16
16
26
29
33
41
44
45
47
51
51
50
55
60
64
66
67
69
77
85
88
89
92
90
90
93
89
81
76
76
77
73
75
72
63
63
66
62
63
62
55
62
55
52
48
47
47
43
39
29
22
18
21
21
21
12
2
1
3
1
4
-2
-11
-9
-11
-9
-3
-5
-8
-5
-4
-4
-2
6
5
7
1
-2
6
4
1
6
4
6
10
9
16
19
23
30
28
25
33
30
28
18
13
14
12
13
14
19
13
15
9
12
17
12
11
12
15
16
17
14
12
9
1
0
2
-2
-5
-7
-8
-10
-16
-22
-31
-32
-30
-25
-28
-35
-32
-32
-33
-33
-42
-46
-45
-50
-52
-52
-56
-68
-72
-69
-73
-71
-66
-62
-58
-60
-59
-61
-61
-60
-61
-57
-57
-57
-56
-49
-52
-56
-45
-48
-54
-48
-40
-36
-28
-23
-19
-12
-11
-8
-11
-12
-14
-10
-10
-10
-7
-3
0
5
-4
-4
-2
-5
-1
-3
-2
-11
-11
-5
-6
-6
-5
-11
-18
-21
-22
-25
-25
-25
-31
-30
-30
-26
-22
-27
-33
-39
-40
-38
-36
-38
-40
-50
-47
-47
-50
-50
-50
-47
-43
-35
-32
-33
-38
-42
-45
-47
-42
-42
-40
-45
-48
-48
-41
-35
-42
-32
-28
-26
-28
-26
-29
-22
-23
-27
-21
-18
-16
-11
-5
-2
-2
5
3
4
14
10
7
9
16
17
16
23
18
13
17
16
21
21
18
18
19
12
4
-4
-6
-6
-14
-7
-3
-3
2
3
1
-2
-8
-3
-2
-6
-11
-9
-9
-8
-2
-2
-3
1
6
12
16
18
31
31
31
42
42
41
44
41
48
48
48
47
48
53
53
62
65
62
58
60
63
67
69
72
75
75
75
71
74
74
74
76
73
70
60
62
65
64
66
65
63
62
60
68
68
72
72
66
64
60
57
50
46
39
25
20
23
23
19
24
24
23
26
17
21
25
11
7
2
0
0
-3
-8
-20
-11
-10
-3
-1
1
6
-3
-4
-6
-8
-13
-19
-21
-24
-27
-25
-20
-18
-22
-24
-20
-22
-22
-17
-16
-19
-19
-15
-23
-27
-28
-21
-18
-14
-13
-11
-7
-17
-17
-20
-18
-16
-12
-15
-14
-4
-3
-2
-4
-2
0
-2
1
1
4
0
-2
6
7
7
8
7
9
18
25
23
27
23
22
22
20
20
20
17
15
15
20
16
11
8
1
1
2
5
-2
0
-4
-5
-8
-10
-9
-13
-9
-10
-10
-8
-7
-17
-20
-23
-23
-26
-33
-38
-42
-42
-38
-30
-37
-40
-36
-38
-34
-35
-37
-35
-36
-35
-34
-33
-39
-43
-39
-41
-37
-38
-47
-50
-47
-48
-46
-43
-42
-41
-42
-47
-58
-60
-58
-51
-52
-49
-52
-42
-42
-44
-39
-47
-41
-33
-25
-19
-23
-21
-21
-26
-24
-26
-26
-20
-14
-14
-11
-9
-7
-11
-9
-7
-9
-8
-10
0
7
13
11
5
-7
-8
-10
-13
-7
-13
-10
-10
-6
-1
-6
-9
-6
-1
3
8
18
15
9
10
10
15
17
19
20
25
23
22
20
26
28
26
31
26
27
23
28
28
24
25
20
23
26
24
22
19
15
9
13
14
11
11
17
23
23
21
18
22
15
15
19
16
16
18
20
17
17
20
25
26
20
26
33
31
31
36
37
30
30
28
29
25
17
19
24
22
31
35
34
28
29
29
20
23
12
9
5
8
4
5
12
6
6
8
16
14
8
7
6
11
14
13
11
11
11
9
4
8
6
3
5
0
1
-3
-4
-1
1
9
13
14
9
12
16
10
12
15
12
11
11
10
8
13
8
0
0
-3
4
6
4
11
10
6
9
7
13
18
9
1
4
7
11
9
9
8
16
17
18
17
17
21
12
17
21
19
18
11
11
14
8
4
4
1
1
9
10
5
4
3
1
2
2
4
6
4
3
-2
-8
-14
-15
-15
-14
-17
-17
-20
-25
-28
-28
-21
-22
-14
-15
-18
-21
-21
-17
-18
-12
-22
-24
-20
-17
-19
-17
-17
-14
-15
-25
-15
-13
-11
-13
-9
-8
-4
-6
-6
-3
-2
3
4
6
2
-1
0
4
0
-1
3
0
7
11
9
11
10
4
5
4
-1
-2
-6
-9
-14
-19
-19
-12
-4
-8
-6
-8
-6
-3
-3
0
-5
-11
-17
-21
-21
-24
-23
-23
-22
-21
-25
-21
-16
-15
-19
-21
-21
-8
-4
-10
-13
-19
-20
-18
-17
-15
-15
-17
-17
-20
-13
-15
-16
-8
-13
-3
1
3
-2
0
-4
-7
2
-6
-8
-4
7
4
4
7
9
11
14
23
20
21
22
21
18
17
8
6
7
3
-3
-3
-3
-9
-9
-16
-11
-15
-18
-17
-28
-33
-38
-41
-53
-53
-50
-52
-49
-48
-46
-46
-43
-48
-56
-56
-54
-55
-46
-47
-47
-49
-41
-39
-41
-26
-27
-35
-28
-27
-30
-19
-17
-11
-6
-6
-1
5
5
0
2
7
12
17
25
25
30
27
19
27
28
32
35
34
39
42
41
39
39
38
36
39
34
34
37
34
36
35
33
38
38
40
37
38
37
35
34
24
23
17
13
10
11
7
8
6
5
2
-6
-4
-4
-3
-12
-15
-15
-20
-20
-20
-22
-18
-14
-16
-17
-13
-6
-17
-16
-14
-11
-10
-11
-10
-1
6
12
24
23
25
32
43
46
43
43
49
44
39
35
33
35
38
37
41
35
41
40
31
31
27
29
30
30
27
29
29
24
16
10
9
9
15
23
23
21
17
18
19
14
10
13
14
21
20
21
20
21
22
23
23
19
13
18
19
11
8
13
17
23
19
25
28
24
24
17
17
26
27
20
16
12
16
15
14
9
4
3
6
9
1
5
14
7
7
9
10
10
10
11
9
9
2
2
1
-6
-1
5
7
5
3
8
12
9
14
14
16
15
2
-6
-4
-1
1
2
-1
-8
-15
-17
-20
-30
-32
-34
-40
-33
-34
-36
-44
-50
-44
-45
-45
-42
-49
-57
-62
-62
-60
-62
-61
-57
-56
-59
-54
-51
-57
-57
-62
-61
-58
-54
-46
-42
-45
-44
-38
-38
-38
-32
-25
-23
-27
-31
-31
-38
-36
-34
-39
-38
-34
-34
-30
-24
-24
-13
-15
-13
-11
-20
-18
-20
-18
-22
-24
-20
-18
-20
-17
-14
-12
-11
-6
-2
-7
-6
-7
-12
-19
-27
-26
-19
-19
-16
-11
-10
-12
-10
-13
-14
-11
-14
-18
-20
-27
-26
-33
-36
-32
-34
-38
-38
-30
-26
-24
-29
-21
-18
-23
-21
-25
-29
-29
-32
-25
-21
-23
-21
-24
-22
-17
-13
-10
-1
5
4
16
27
30
32
32
34
31
26
22
18
16
17
21
26
34
36
37
43
44
46
44
40
42
41
45
44
41
39
43
40
36
43
46
46
39
38
40
46
48
47
44
47
47
41
43
42
46
46
47
39
31
30
25
24
16
11
14
18
19
15
15
21
19
17
16
12
18
11
11
10
2
3
-1
-3
-5
-3
-1
0
2
8
11
17
24
23
30
29
35
45
43
44
38
37
37
36
38
43
46
43
52
55
56
65
67
71
74
72
74
69
58
53
43
38
39
39
39
40
46
46
48
42
37
38
37
31
30
27
19
17
10
4
6
2
0
-7
-7
-8
-10
-12
-15
-17
-19
-17
-15
-24
-27
-33
-38
-27
-27
-27
-24
-25
-24
-23
-25
-26
-27
-33
-30
-26
-27
-27
-25
-23
-18
-11
-13
-3
-3
-4
3
-1
5
3
-4
-5
-10
-13
-17
-18
-15
-10
-7
-3
2
-1
1
-1
-5
-9
-6
-9
-10
-17
-23
-18
-26
-31
-31
-30
-28
-26
-27
-35
-37
-36
-40
-40
-41
-41
-45
-44
-53
-62
-62
-65
-62
-67
-67
-60
-62
-65
-64
-68
-64
-61
-56
-55
-60
-59
-54
-55
-58
-66
-68
-67
-63
-61
-58
-54
-53
-46
-38
-34
-34
-32
-39
-39
-34
-33
-30
-29
-29
-25
-17
-8
-1
3
6
7
11
9
9
6
-5
-1
0
3
8
8
11
4
2
4
3
2
-1
-1
1
0
-3
-5
-1
-4
-9
-9
-5
-5
-1
3
6
0
-8
-10
-10
-7
-4
-9
-12
-12
-11
-6
-6
-5
-11
-10
-10
-15
-13
-10
-11
-6
-10
-6
-3
-6
-7
-13
-17
-17
-16
-14
-10
-9
-21
-22
-18
-9
-1
1
12
4
15
14
15
22
25
29
28
34
37
39
42
41
43
42
35
44
45
45
49
57
60
60
63
68
71
65
65
62
57
59
55
58
53
48
39
33
35
33
35
40
45
44
45
50
44
45
41
36
27
23
25
19
17
15
15
13
12
14
13
18
21
18
14
7
7
6
7
5
8
2
-4
-6
-5
2
1
10
11
13
14
16
20
17
23
19
12
15
9
14
11
11
13
13
13
12
14
12
20
15
27
30
23
27
30
29
33
31
32
34
25
26
28
21
15
12
14
13
19
18
18
17
9
10
5
1
4
2
8
4
-3
-3
-19
-21
-23
-27
-28
-32
-31
-29
-27
-35
-35
-39
-43
-41
-44
-35
-40
-41
-36
-41
-45
-40
-40
-38
-40
-40
-36
-39
-33
-29
-29
-31
-25
-20
-25
-20
-30
-40
-37
-41
-28
-21
-21
-20
-23
-18
-19
-14
-12
-12
-6
-3
-6
-8
-6
-6
-6
-7
-2
0
5
9
12
15
12
23
24
19
16
15
12
4
5
3
3
4
0
2
0
-5
-1
3
-7
-5
-4
-3
-2
-9
-16
-23
-26
-33
-30
-30
-30
-25
-26
-28
-28
-27
-30
-27
-29
-32
-33
-38
-43
-47
-54
-48
-45
-40
-36
-42
-35
-34
-36
-34
-36
-35
-31
-33
-27
-29
-23
-24
-29
-25
-24
-19
-18
-18
-15
-12
-7
-6
-4
-3
-2
-3
-8
-4
-1
6
7
1
10
6
7
13
16
16
17
17
13
8
10
14
7
5
3
3
4
4
10
14
21
23
25
22
22
20
18
17
11
8
5
8
13
14
14
11
9
13
14
17
14
6
1
3
8
4
5
9
8
11
15
10
15
18
12
15
22
23
25
25
23
25
21
16
18
23
23
21
18
21
24
20
26
30
29
28
31
30
30
31
23
16
15
18
16
11
15
10
11
13
8
10
9
10
8
10
6
1
0
-1
-3
0
-1
-5
5
9
9
14
17
9
3
-7
-12
-12
-9
-4
-6
-5
-4
-5
-8
-6
-11
-13
-11
-13
-7
-6
-10
-9
-13
-11
-12
-6
-6
-4
4
11
16
17
10
5
5
6
15
20
28
31
33
36
41
44
48
45
41
42
42
42
44
43
45
38
44
44
38
43
33
31
34
28
23
22
16
15
13
5
7
10
14
12
16
16
13
7
2
2
-6
-2
-3
-5
-8
1
-1
-8
-6
-8
-8
-6
-4
0
-1
-4
1
1
1
1
3
0
-2
-4
-5
-5
-6
-9
-4
-10
-9
-7
-8
5
4
7
6
7
5
6
2
-6
-7
-10
-8
-11
-15
-16
-14
-11
-11
-7
-4
1
5
8
8
9
8
12
9
13
13
9
10
12
14
9
13
5
3
-3
-6
-4
-9
-11
-11
-7
-4
-3
-4
-7
-2
-6
-5
-9
-14
-13
-20
-21
-22
-22
-20
-21
-23
-21
-26
-27
-27
-31
-29
-33
-32
-32
-37
-33
-29
-29
-25
-24
-24
-31
-32
-37
-37
-36
-35
-35
-36
-33
-33
-33
-34
-31
-29
-35
-36
-39
-37
-32
-34
-33
-38
-43
-43
-49
-45
-35
-39
-34
-29
-30
-28
-25
-22
-17
-22
-23
-27
-26
-25
-29
-29
-34
-24
-23
-21
-23
-23
-19
-21
-20
-13
-12
-23
-14
-15
-11
-8
-13
-18
-22
-14
-14
-10
-13
-8
-4
-5
2
5
5
4
-4
-5
-7
-5
-3
-8
-9
-11
-16
-14
-9
-8
-9
-2
-1
5
9
9
2
6
11
6
4
0
1
-1
-3
1
6
4
6
12
9
19
19
12
21
15
12
13
15
14
12
16
21
24
24
29
31
32
32
29
28
28
23
20
16
19
19
22
23
20
24
22
24
26
24
18
16
17
20
20
22
26
25
24
31
32
34
34
40
42
37
33
20
21
20
21
18
22
21
20
26
20
27
28
25
19
19
16
17
21
18
22
16
19
27
25
25
33
25
20
25
30
34
37
36
31
37
43
45
50
48
52
54
46
50
51
43
38
39
43
54
49
46
45
41
42
33
29
24
24
25
22
19
16
17
10
4
7
7
5
0
1
1
1
6
-2
-4
-4
-2
1
5
9
8
7
1
2
-1
-3
-8
-10
-10
-9
-5
-6
-1
-8
-8
-5
-3
-4
0
-3
-9
-9
-12
-13
-8
-11
-17
-17
-23
-19
-19
-18
-13
-16
-10
-8
-9
-15
-19
-20
-20
-17
-19
-20
-18
-14
-20
-13
-13
-10
-12
-18
-16
-16
-17
-16
-13
-13
-12
-15
-13
-24
-28
-25
-27
-24
-31
-27
-28
-30
-25
-32
-35
-38
-42
-43
-44
-46
-49
-47
-44
-48
-46
-49
-51
-55
-57
-58
-68
-67
-63
-65
-66
-61
-61
-61
-57
-57
-59
-54
-53
-53
-54
-55
-54
-57
-55
-58
-59
-61
-61
-50
-48
-52
-51
-48
-49
-48
-46
-37
-39
-35
-33
-32
-25
-27
-19
-20
-24
-15
-22
-19
-13
-12
-8
-8
-7
-3
2
-4
-2
-5
-7
2
2
7
10
11
18
14
19
20
29
23
16
18
14
15
9
13
11
14
16
19
24
21
22
26
18
22
22
22
27
32
27
24
19
11
20
17
18
12
13
22
20
21
24
25
30
35
34
38
42
52
55
53
44
41
46
43
47
45
45
47
45
48
52
58
54
52
54
54
58
55
45
42
40
40
34
35
44
37
33
36
35
30
29
29
32
28
25
28
26
26
18
18
13
19
30
28
29
34
37
37
36
37
30
25
27
29
35
33
34
31
26
23
19
13
9
19
17
17
19
10
7
3
2
2
2
5
2
1
0
3
-2
-7
1
-3
4
3
4
4
6
10
11
9
-1
6
10
11
11
11
3
10
10
6
14
12
13
10
8
11
11
2
1
3
9
11
9
9
6
11
10
3
6
5
-1
1
3
1
-1
-1
-4
3
2
6
3
3
4
-2
-1
-1
8
8
13
5
2
9
11
5
3
4
9
8
8
13
10
7
1
-4
-3
-3
-4
-7
-7
-11
-11
-10
-17
-22
-25
-26
-26
-20
-22
-25
-31
-27
-27
-28
-25
-23
-23
-30
-33
-35
-41
-48
-51
-51
-46
-47
-43
-41
-39
-47
-46
-47
-56
-50
-55
-48
-50
-48
-50
-54
-55
-64
-51
-48
-43
-38
-34
-35
-43
-44
-41
-41
-44
-46
-47
-41
-32
-23
-16
-27
-30
-24
-37
-41
-30
-23
-29
-21
-22
-31
-13
-21
-20
-13
-14
-3
3
-18
-23
-28
-34
-29
-22
-31
-37
-29
-25
-14
-15
-19
-18
-15
-12
-12
-19
-12
-19
-26
-27
-30
-38
-30
-25
-12
8
-8
-2
-3
-12
-10
-4
-1
0
7
6
18
18
8
9
10
5
14
26
21
17
17
15
13
17
21
16
15
16
18
7
1
6
3
-2
-6
-6
-6
-7
-7
-5
-7
-10
-11
-14
-14
-15
-22
-20
-15
-10
-8
-5
0
-7
2
-1
-15
-27
-20
-31
-50
-43
-23
-19
-26
-9
-19
-17
-8
1
21
21
13
16
20
22
33
35
33
52
61
51
58
48
50
47
34
36
32
34
35
33
30
34
37
40
41
37
46
51
50
48
47
46
47
52
60
63
64
70
59
65
66
69
70
72
72
60
62
57
51
51
43
53
50
49
49
43
37
35
37
33
34
35
41
29
26
18
13
10
6
7
14
16
13
12
7
2
-7
-10
-11
-5
-7
-12
-10
-16
-20
-22
-16
-18
-14
-14
-17
-17
-16
-17
-17
-16
-20
-18
-13
-13
-7
-10
-6
0
2
9
6
12
16
19
16
21
22
13
17
14
15
21
14
6
2
4
4
8
9
5
6
4
-6
-16
-23
-31
-28
-26
-27
-23
-25
-24
-22
-24
-22
-24
-33
-35
-31
-30
-30
-32
-34
-36
-32
-27
-25
-24
-30
-30
-33
-42
-41
-36
-39
-41
-37
-34
-28
-25
-22
-20
-14
-14
-12
-7
-13
-10
-5
-3
-8
-5
0
-7
-5
-3
8
11
8
8
8
9
3
1
3
1
9
6
4
5
10
15
10
6
2
4
-6
-13
-4
-8
-19
-14
-19
-25
-22
-26
-29
-34
-37
-41
-48
-52
-50
-53
-57
-62
-61
-59
-56
-63
-64
-55
-58
-60
-55
-44
-43
-40
-36
-35
-28
-26
-24
-25
-23
-26
-32
-29
-27
-27
-24
-20
-12
-7
-8
-7
-10
-10
-13
-21
-18
-20
-25
-19
-23
-20
-13
-10
-15
-9
-5
-6
-1
-8
-5
-6
-11
-10
-6
-6
4
11
11
13
5
12
13
17
18
18
18
18
21
15
16
21
21
23
27
25
28
25
26
26
22
24
28
37
31
32
34
31
36
32
28
25
22
19
12
13
10
13
25
23
20
24
21
22
22
19
14
18
17
14
23
29
26
19
24
26
25
35
33
30
36
29
34
35
34
30
35
45
39
37
34
37
41
40
35
34
29
31
33
31
22
17
26
28
38
44
33
23
17
16
12
14
12
7
10
6
5
4
8
13
16
19
21
18
8
6
5
5
-1
-4
1
11
16
9
9
10
22
22
14
16
20
22
18
19
18
25
28
31
35
27
23
26
29
33
33
24
21
28
32
32
41
45
49
50
44
48
45
39
36
32
26
22
20
13
13
12
11
18
15
15
23
21
23
22
9
5
-1
-15
-15
-17
-18
-17
-12
-16
-13
-7
-13
-12
-9
-14
-16
-24
-26
-25
-27
-32
-21
-14
-12
-11
-12
-12
-17
-14
-18
-27
-38
-39
-39
-39
-39
-38
-35
-31
-25
-20
-23
-30
-30
-33
-31
-36
-50
-51
-51
-54
-52
-52
-49
-49
-47
-45
-46
-45
-43
-36
-29
-26
-25
-25
-32
-42
-42
-40
-33
-26
-24
-26
-23
-22
-22
-25
-21
-23
-31
-21
-22
-20
-20
-27
-20
-11
-8
-14
-11
-15
-23
-28
-39
-30
-22
-16
-16
-14
-3
-12
-9
-17
-25
-24
-29
-22
-30
-37
-52
-53
-54
-50
-44
-38
-30
-33
-33
-35
-41
-42
-33
-25
-24
-26
-26
-33
-32
-35
-31
-32
-29
-25
-27
-27
-28
-25
-34
-28
-31
-27
-22
-30
-28
-30
-25
-20
-12
-9
-8
-18
-17
-10
-8
-7
-13
-3
2
8
8
3
4
10
15
14
15
19
6
3
1
7
22
23
15
16
25
23
20
20
24
17
13
8
5
7
4
-1
0
8
11
12
10
10
4
-1
2
2
6
4
1
-1
8
9
7
13
14
7
13
24
20
19
18
27
28
30
31
31
36
37
43
43
39
28
25
29
41
39
42
36
32
32
28
37
48
50
47
51
52
55
53
45
49
54
53
58
70
62
52
58
62
68
65
66
78
67
67
67
61
56
54
57
59
60
54
54
51
50
55
50
42
45
43
36
35
28
26
12
14
20
13
17
23
21
15
18
16
10
10
18
12
13
7
3
2
2
6
4
1
1
-4
-2
-3
-3
-7
-3
4
-6
-3
-7
-7
-4
-4
-1
9
11
4
4
-9
-2
3
3
7
14
12
11
8
8
7
14
26
28
23
20
6
-5
-3
-12
-7
-1
-1
-5
-15
-19
-25
-31
-28
-26
-25
-25
-37
-43
-50
-56
-56
-66
-71
-74
-73
-70
-79
-86
-85
-75
-71
-65
-63
-68
-76
-85
-86
-81
-78
-72
-70
-64
-59
-64
-60
-58
-49
-41
-26
-19
-17
-13
-17
-17
-15
-4
-3
6
12
4
9
7
10
20
27
27
23
19
10
13
16
22
33
36
28
31
24
11
21
20
12
17
13
13
11
1
-7
-9
-13
-10
-13
-12
-17
-21
-24
-30
-38
-47
-45
-46
-48
-50
-53
-70
-69
-70
-66
-64
-72
-64
-68
-69
-84
-76
-71
-75
-71
-69
-72
-69
-67
-69
-54
-44
-36
-38
-42
-43
-41
-35
-32
-21
-16
-18
-19
-16
-6
-3
0
1
7
19
21
20
26
36
35
47
46
46
46
41
41
38
45
44
44
51
52
52
57
55
53
54
53
53
56
50
46
43
29
12
23
22
8
19
16
14
16
13
2
16
21
8
9
2
-7
-8
-11
-15
-11
-14
-16
-7
-1
-6
-2
3
4
13
9
6
16
17
14
18
21
25
20
15
11
11
15
18
32
29
27
29
31
36
44
46
48
48
49
42
37
41
38
42
39
37
40
47
45
50
50
47
47
41
42
42
40
30
27
25
14
22
24
27
25
21
19
22
27
22
19
18
20
22
22
20
28
30
25
17
19
23
20
25
25
17
12
13
18
23
17
18
17
11
14
18
24
22
25
23
27
27
22
22
31
38
38
34
28
30
31
36
42
42
41
42
27
20
17
19
19
21
26
24
19
7
5
-2
-2
10
12
4
-1
-18
-27
-17
-20
-18
-20
-16
-14
-16
-19
-19
-15
-7
-9
-16
-21
-31
-31
-21
-25
-23
-23
-17
-13
-8
-6
-19
-18
-15
-13
-18
-18
-17
-16
-16
-14
-10
-19
-23
-18
-15
-10
-13
-19
-16
-14
-14
-14
-11
-14
-9
-11
-8
11
-1
-17
-15
-5
-1
-12
-14
-17
-14
-10
-12
-6
-8
-15
-21
-24
-19
-28
-26
-17
-18
-21
-35
-33
-37
-36
-32
-41
-44
-45
-58
-60
-50
-56
-53
-43
-55
-65
-67
-66
-65
-53
-52
-51
-53
-62
-60
-54
-51
-55
-38
-26
-27
-27
-32
-31
-29
-22
-14
-4
-1
-16
-28
-25
-22
-21
-16
-11
-4
6
3
-2
8
16
9
13
19
13
13
19
16
16
22
15
18
25
15
7
19
19
7
9
7
3
3
0
-5
-2
-9
-12
-2
-5
-4
-5
-16
-23
-21
-20
-17
-26
-26
-32
-31
-33
-31
-33
-36
-30
-39
-31
-26
-20
-25
-25
-24
-38
-31
-24
-20
-14
-12
-17
-16
-13
-14
-14
-7
4
4
5
-4
-15
-17
-9
2
5
20
31
28
17
10
11
15
8
2
5
11
12
6
4
12
12
11
10
4
5
2
9
15
17
-1
-3
-2
-2
2
-4
-8
-7
-9
-22
-28
-28
-27
-26
-18
-12
-9
-11
-11
-10
-8
-3
1
2
3
3
0
9
1
-2
9
14
24
30
44
46
49
47
45
54
71
89
83
80
72
82
82
84
108
120
111
91
96
98
100
104
88
99
107
93
85
87
91
94
86
83
91
87
71
63
62
56
50
49
55
48
40
29
26
29
26
24
24
28
21
12
9
-2
-3
2
-8
1
4
-8
-7
-10
-14
-22
-27
-21
-10
-10
-25
-23
-28
-51
-48
-36
-37
-35
-23
-17
-13
-14
-29
-32
-25
-28
-19
-8
-21
-22
-25
-24
-8
5
14
18
16
12
6
7
1
-7
4
6
6
7
4
3
4
1
-1
11
1
-13
-18
-32
-32
-41
-41
-38
-31
-29
-22
-17
-30
-38
-36
-42
-45
-35
-30
-38
-47
-47
-49
-42
-50
-57
-43
-35
-43
-48
-52
-53
-54
-57
-55
-43
-40
-44
-29
-23
-30
-41
-48
-41
-35
-42
-55
-51
-49
-43
-28
-42
-40
-29
-17
-12
-7
-8
-14
-15
-21
-18
-16
-24
-33
-26
-10
-16
-19
-10
-10
-16
-13
-12
-5
8
-3
-10
-13
-18
-31
-26
-13
-17
-24
-33
-38
-32
-25
-20
-24
-21
-24
-23
-13
-13
-10
-18
-20
-20
-10
-5
-10
-5
-10
-9
-15
-20
-22
-22
-15
-5
0
3
1
-1
8
7
9
1
-8
-8
-4
-3
-17
-24
-27
-13
-4
-7
-12
-9
-15
-13
-4
-6
-4
-5
-13
-15
-13
-26
-41
-40
-36
-22
-16
-21
-31
-37
-36
-30
-14
-13
-8
-14
-15
-18
-30
-22
-17
-17
-15
-8
-14
-17
-10
-5
1
-3
-8
8
11
14
27
26
38
33
30
31
33
31
27
40
47
58
48
34
25
44
46
50
60
56
49
44
51
45
47
46
47
51
48
32
25
33
27
37
46
44
42
29
28
31
39
40
52
59
50
51
51
49
45
42
39
48
52
47
37
29
37
37
38
41
47
46
38
46
51
54
59
63
64
60
53
48
56
67
70
66
62
57
66
71
54
56
68
64
57
59
68
66
57
51
61
69
60
43
43
40
27
27
23
21
26
23
20
19
18
8
-13
-10
-1
-3
-11
-11
7
7
1
-11
-15
-16
-16
-5
0
5
-3
-3
-7
-2
-11
-14
-8
-9
-2
-8
-18
-28
-24
-17
-20
-13
-9
-20
-24
-21
-12
-10
0
1
-6
-11
-25
-20
-16
-14
-21
-23
-23
-31
-35
-40
-29
-23
-16
-17
-18
-25
-28
-34
-49
-43
-41
-43
-34
-39
-49
-55
-60
-59
-58
-55
-56
-55
-62
-59
-60
-76
-70
-64
-62
-65
-66
-67
-66
-62
-59
-56
-62
-71
-72
-65
-65
-55
-53
-51
-47
-52
-47
-55
-61
-62
-61
-55
-52
-47
-47
-42
-39
-39
-36
-40
-39
-32
-40
-39
-31
-33
-43
-42
-36
-27
-31
-18
-20
-33
-24
-26
-23
-22
-23
-10
-1
-6
-11
-14
-10
-1
2
-4
-3
1
2
2
9
5
1
1
-1
5
2
-6
-7
-2
-8
-11
-5
10
7
-13
-19
-14
1
1
-6
-2
-4
-8
-8
3
13
8
-3
-4
14
8
6
5
3
-5
-14
-6
0
-5
-24
-24
-5
-5
-21
-27
-27
-23
-12
-9
-10
-5
-10
-13
3
15
4
2
4
11
21
17
12
29
46
37
52
62
52
55
51
40
39
47
37
42
51
53
60
50
46
49
53
37
39
55
58
42
42
44
48
56
46
51
64
57
34
24
24
29
30
20
22
22
14
2
-2
2
-15
-20
-13
-6
-8
-12
-11
-5
6
11
8
-2
2
20
25
16
16
18
18
31
33
35
46
40
34
37
47
52
38
35
57
70
65
64
52
51
59
59
59
71
64
46
53
56
48
46
49
43
47
46
37
47
43
41
34
39
34
19
25
29
15
-11
-19
-10
-12
-16
-15
-12
-11
-17
-14
-10
-2
-20
-27
-16
-15
-15
-12
3
8
0
-11
-6
3
4
5
15
21
11
-1
-9
-3
3
6
12
14
8
-2
-8
5
3
-7
-8
-1
4
-2
-19
-30
-34
-25
-9
-3
2
0
-3
-20
-39
-35
-30
-29
-31
-21
-9
-30
-70
-61
-50
-62
-53
-45
-37
-43
-60
-72
-57
-56
-81
-73
-62
-55
-44
-55
-63
-44
-48
-54
-40
-41
-40
-40
-41
-40
-52
-69
-71
-50
-31
-31
-35
-45
-59
-56
-49
-39
-44
-46
-30
-34
-38
-45
-49
-43
-50
-51
-43
-39
-34
-40
-36
-28
-37
-55
-49
-23
-22
-31
-35
-44
-43
-39
-34
-24
-24
-33
-26
-13
-13
-15
-16
-13
-5
7
13
15
6
-10
-10
0
-6
-3
0
-1
9
14
18
16
13
9
-4
0
8
10
1
-8
10
18
16
7
2
6
19
22
24
25
16
17
4
1
-8
-8
-19
-11
1
-3
11
2
2
16
15
13
15
22
22
20
2
9
19
10
16
23
22
14
20
26
32
39
28
17
26
24
16
20
30
26
20
22
22
15
16
16
22
38
40
41
38
20
12
34
40
32
52
55
43
45
44
35
29
19
22
43
44
35
38
41
26
15
19
25
43
63
70
65
49
31
11
18
43
55
53
32
28
35
39
37
35
38
50
66
66
60
40
28
25
36
58
57
46
36
21
23
19
11
32
50
47
39
32
25
24
17
16
22
26
27
20
16
15
13
2
-4
14
25
8
-7
2
8
0
-9
-7
9
9
8
11
13
11
5
10
21
7
-6
-4
-5
2
3
6
9
1
-9
-3
1
-2
-5
-12
-11
-16
-17
-18
-9
-9
-9
4
-6
-6
-5
-20
-24
-24
-31
-28
-30
-41
-47
-36
-27
-21
-23
-32
-37
-33
-13
-6
-4
-5
-19
-21
-14
-12
-8
-18
-30
-35
-18
-11
-32
-28
-23
-16
-18
-28
-23
-16
-31
-33
-20
-29
-30
-29
-32
-31
-28
-33
-37
-21
-16
-27
-28
-34
-45
-54
-50
-41
-27
-31
-43
-37
-43
-44
-43
-46
-45
-44
-48
-41
-44
-52
-52
-44
-30
-30
-26
-23
-20
-26
-36
-27
-19
-11
-14
-13
-14
-5
-9
-1
12
4
-7
-17
-15
-14
-16
-20
-14
-12
-19
-12
-4
-7
-4
0
1
13
20
13
1
-10
-22
-29
-22
-17
-13
-4
-2
-5
3
1
-6
-8
-6
-9
0
13
14
15
9
15
23
21
19
32
39
37
33
28
23
11
9
23
37
35
31
33
40
41
29
24
17
19
23
19
9
-2
-11
-27
-32
-18
-14
-7
6
2
-4
-17
-33
-37
-30
-12
-13
-7
-4
-13
-21
-31
-39
-39
-24
-19
-8
-8
-5
-21
-27
-17
-16
-6
3
9
17
19
5
-11
-12
-3
11
16
20
22
14
6
-1
1
6
15
37
51
45
27
16
24
41
40
44
51
53
49
39
49
50
49
53
53
48
47
43
47
46
42
49
37
44
46
50
47
42
42
29
31
33
21
24
30
11
13
18
16
10
5
-4
-3
0
0
-6
1
9
1
-2
-7
-5
-6
-22
-20
-20
-24
-13
-9
-8
-8
-2
0
-1
-1
-6
-15
-27
-17
-6
0
1
-16
-21
-16
-5
0
0
15
8
-7
-17
-26
-29
-27
-23
-14
3
-3
-18
-20
-11
-8
-6
-7
-1
-6
-10
-12
-17
-24
-34
-37
-30
-7
-2
0
-2
-8
-11
-22
-26
-21
-17
-14
-15
-12
-18
-29
-34
-40
-35
-30
-19
-12
-16
-28
-23
-24
-24
-14
-12
-6
0
0
3
-1
-14
-26
-19
-17
-22
-26
-20
-10
-25
-30
-20
-16
-4
-5
-6
7
11
3
-16
-15
-8
-6
-8
-5
13
22
13
7
10
11
12
3
6
13
13
20
18
19
26
17
11
22
32
25
9
10
14
17
17
26
26
22
26
19
14
15
27
15
15
16
8
6
1
-1
0
-7
-18
-11
-5
-6
-3
-2
-3
-1
0
-3
-2
-4
-9
2
-1
-17
-7
-4
3
3
2
7
-1
-3
3
12
11
3
2
-1
-1
4
1
6
12
8
7
16
20
24
31
17
7
22
19
15
18
23
7
4
1
3
13
-1
-9
-9
-3
-5
-14
-31
-21
-13
-19
-15
-18
-20
-37
-28
-9
-4
-11
-20
-11
-16
-9
-13
-14
-9
-3
-3
2
0
-12
-6
-8
-14
-6
-10
-15
-7
-22
-29
-22
-20
-21
-18
-23
-33
-32
-25
-17
-5
-8
-28
-23
-12
-2
-7
-15
-14
-16
-10
-8
0
15
8
12
22
15
18
17
23
33
36
29
26
33
29
36
45
44
34
29
32
29
31
37
43
49
44
42
36
35
31
28
22
20
20
16
15
24
31
22
14
5
8
4
-8
-13
-9
-11
-3
-15
-19
-14
-20
-19
-22
-27
-32
-23
-22
-20
-11
-25
-30
-24
-10
-1
-5
-10
-15
-13
-5
4
3
5
-4
-11
-11
-13
-11
-2
-3
-2
7
6
6
14
15
13
29
26
22
37
30
18
10
11
16
22
20
24
32
31
25
15
14
13
8
6
14
15
7
-1
-5
-13
-12
-8
1
9
14
14
7
8
9
7
4
6
1
-3
-8
-11
-8
-5
9
13
12
10
12
3
-7
-8
-7
-1
4
2
-3
6
8
6
8
10
15
19
20
24
23
14
21
19
27
29
25
32
24
27
26
26
22
11
13
4
1
8
10
8
4
0
-3
-10
-18
-17
-16
-13
-2
-5
-13
-13
-21
-23
-15
-4
-2
-11
-21
-29
-30
-34
-36
-36
-33
-28
-32
-18
-8
-16
-27
-29
-16
-4
-9
-16
-6
-8
-19
-20
-13
-15
-17
-12
-5
0
-7
-7
-1
2
0
-9
-1
8
0
-5
-5
-8
-16
-13
-10
-14
-14
-25
-24
-13
-17
-7
-7
-7
-8
-10
-11
-16
-23
-31
-40
-37
-28
-36
-33
-38
-32
-33
-30
-23
-25
-24
-23
-21
-23
-24
-31
-34
-29
-30
-26
-19
-17
-19
-19
-24
-23
-24
-24
-26
-36
-40
-32
-28
-36
-41
-44
-38
-32
-28
-28
-28
-31
-32
-27
-28
-28
-26
-21
-20
-19
-12
-5
4
-5
-15
-16
-13
-9
-4
0
2
-7
-22
-16
-20
-19
-18
-24
-18
-19
-10
-4
2
8
12
12
9
16
24
30
33
34
40
34
38
44
44
40
37
44
40
44
43
49
42
35
44
45
49
43
37
35
28
26
30
34
22
15
16
20
28
26
15
14
11
2
4
-2
2
2
-6
-4
-6
-12
-7
-3
-2
2
6
3
-3
-3
-24
-22
-14
-5
10
4
1
4
-2
6
12
11
18
16
26
31
38
34
28
31
27
32
30
40
34
40
43
33
29
37
38
44
51
43
47
45
33
29
44
42
42
42
33
40
47
47
38
39
30
28
37
34
45
46
37
31
27
29
30
39
41
43
40
31
29
23
19
17
18
21
26
25
19
12
4
4
3
7
6
-1
-7
-10
-14
-15
-14
-5
-4
3
8
7
3
-14
-23
-30
-29
-32
-33
-28
-38
-46
-51
-59
-60
-59
-59
-47
-49
-52
-57
-62
-61
-58
-59
-63
-63
-67
-62
-59
-59
-58
-55
-52
-47
-44
-43
-41
-43
-47
-46
-43
-52
-50
-49
-46
-27
-23
-29
-25
-19
-19
-6
3
10
15
10
14
9
8
10
11
16
16
16
20
21
14
13
14
21
31
29
26
25
21
13
16
15
8
9
7
9
3
0
-3
-1
-2
0
8
5
-1
-13
-22
-27
-25
-26
-27
-13
-6
-13
-15
-22
-27
-33
-34
-33
-26
-17
-27
-28
-32
-32
-22
-18
-13
-13
-7
-12
-16
-15
-26
-29
-28
-24
-27
-31
-31
-25
-23
-26
-27
-30
-26
-25
-23
-18
-23
-25
-33
-39
-27
-26
-24
-25
-29
-33
-39
-34
-30
-23
-16
-19
-26
-26
-28
-29
-25
-20
-20
-19
-12
-13
-13
-16
-17
-10
-9
-11
-10
-15
-12
-5
3
9
14
15
11
13
11
13
10
10
16
23
32
29
29
30
35
47
51
46
39
34
33
30
33
36
26
27
33
36
31
24
23
32
33
31
27
31
41
37
41
42
35
32
28
29
34
35
43
41
41
34
32
37
34
29
30
31
34
39
37
34
31
25
22
35
37
40
38
34
34
35
40
40
35
42
41
47
44
28
30
29
29
38
42
36
28
21
21
19
17
17
17
14
21
16
12
25
24
22
23
26
28
28
30
25
20
13
2
-2
4
-3
-4
0
3
13
24
31
34
37
32
37
33
28
25
24
22
27
32
22
17
17
18
21
30
31
30
24
17
5
-1
1
-2
-1
-4
-6
-3
-3
-10
-20
-20
-24
-28
-22
-24
-24
-26
-30
-33
-31
-33
-26
-24
-34
-31
-30
-28
-27
-26
-26
-28
-34
-34
-34
-36
-32
-38
-41
-46
-55
-49
-51
-43
-37
-31
-30
-29
-34
-32
-29
-30
-27
-16
-10
-12
-11
-12
-14
-23
-23
-22
-18
-16
-10
-9
-17
-13
-17
-12
-7
0
6
2
7
4
-1
2
-5
-2
-3
1
1
1
-1
1
10
9
5
1
0
-3
-2
-9
-14
-19
-22
-27
-34
-29
-31
-31
-35
-37
-34
-34
-28
-32
-40
-48
-48
-40
-38
-37
-34
-35
-39
-47
-53
-55
-51
-46
-40
-32
-35
-34
-35
-36
-41
-55
-51
-48
-44
-33
-32
-33
-37
-41
-38
-28
-24
-22
-20
-22
-18
-14
-12
-11
-9
-14
-2
0
7
12
6
15
16
24
30
25
22
16
10
3
3
5
3
13
11
12
18
16
10
4
1
3
8
9
9
5
-1
-10
-12
-14
-17
-6
-4
1
4
2
-6
-12
-11
-15
-6
-6
-7
-3
-2
-16
-16
-17
-26
-18
-19
-20
-21
-21
-16
-11
-15
-14
-9
-13
-10
-13
-12
-16
-14
-18
-10
-1
-5
1
-2
2
4
5
11
15
15
11
18
27
26
25
25
28
36
36
37
36
39
44
42
42
50
47
49
58
64
62
61
60
58
56
62
57
61
68
62
61
51
45
38
39
43
44
47
44
51
53
50
45
46
46
44
48
42
43
42
42
47
52
58
58
51
51
60
58
56
56
54
53
54
52
44
45
45
43
48
48
46
48
44
49
49
48
43
45
51
49
46
42
39
32
32
29
38
38
31
39
39
29
24
24
18
17
18
23
32
37
23
19
19
22
23
24
29
28
26
16
6
-2
-5
-11
-10
-7
-3
-8
-19
-22
-31
-41
-41
-43
-46
-42
-36
-41
-42
-48
-58
-57
-59
-52
-54
-52
-58
-57
-55
-59
-56
-53
-48
-41
-29
-25
-36
-41
-43
-50
-45
-45
-41
-41
-45
-35
-35
-30
-25
-30
-26
-19
-22
-20
-22
-28
-28
-30
-33
-40
-36
-38
-35
-30
-34
-29
-30
-28
-21
-20
-17
-15
-20
-26
-34
-36
-31
-34
-42
-42
-42
-38
-44
-48
-51
-52
-45
-45
-49
-53
-56
-63
-62
-62
-61
-60
-64
-67
-61
-65
-74
-72
-78
-69
-67
-68
-70
-71
-59
-65
-66
-64
-60
-51
-54
-51
-46
-46
-52
-47
-45
-38
-32
-25
-17
-15
-15
-17
-12
-15
-17
-16
-19
-24
-18
-22
-20
-13
-9
-4
-8
-2
-3
-2
-2
-2
-2
-5
2
-2
-4
-2
-7
-4
-2
1
0
2
1
4
2
-1
-2
-1
3
1
2
9
6
-2
3
-4
-6
-4
-10
-7
-2
-5
0
2
5
4
8
9
6
12
22
26
22
28
21
25
27
24
28
30
35
41
39
40
40
39
31
27
26
22
23
26
34
37
41
40
43
38
38
44
49
58
66
65
69
64
65
70
73
80
78
79
80
78
81
80
70
71
74
82
93
93
94
87
84
83
82
83
79
75
74
82
79
79
78
72
77
77
78
79
74
72
70
63
57
54
48
49
49
39
42
47
49
46
43
35
30
37
34
34
33
22
18
9
8
9
14
19
8
15
12
9
4
7
13
13
18
16
10
8
3
2
-3
-5
-1
4
6
7
10
11
7
5
6
3
2
11
17
10
7
6
7
11
12
13
14
5
5
8
9
2
-6
4
6
7
10
7
3
-5
-6
-10
-23
-24
-27
-34
-37
-48
-44
-43
-44
-43
-37
-41
-54
-56
-57
-61
-64
-67
-67
-73
-70
-69
-67
-72
-76
-75
-78
-74
-76
-76
-76
-79
-78
-73
-71
-70
-71
-66
-62
-61
-54
-60
-63
-63
-66
-72
-68
-68
-67
-59
-58
-52
-48
-48
-44
-43
-39
-47
-47
-41
-49
-38
-45
-48
-45
-50
-44
-51
-55
-54
-51
-45
-44
-46
-44
-37
-42
-46
-51
-57
-60
-55
-53
-66
-59
-57
-62
-58
-55
-60
-59
-55
-51
-54
-50
-49
-55
-51
-50
-45
-49
-47
-48
-51
-52
-53
-49
-45
-36
-28
-30
-24
-22
-18
-6
-11
0
5
-1
2
0
-7
-6
-4
-2
5
12
22
22
21
21
24
29
33
32
29
37
38
38
37
30
29
32
41
43
41
42
37
35
35
30
31
28
28
36
37
31
36
38
43
48
41
43
39
42
44
38
40
41
39
37
35
34
38
43
45
48
41
33
37
35
35
35
35
34
34
34
34
37
35
31
26
30
30
31
30
26
32
24
27
28
28
24
21
26
34
42
45
41
42
38
29
34
36
36
41
46
52
51
50
56
56
53
53
52
59
62
62
60
60
59
58
55
57
57
56
56
55
56
53
53
50
54
54
48
52
56
51
47
44
36
38
37
38
44
41
37
31
31
29
33
32
26
24
27
24
19
16
9
0
0
0
0
0
-4
-7
-14
-16
-21
-23
-21
-23
-22
-24
-17
-15
-17
-15
-22
-21
-21
-15
-16
-13
-8
-17
-15
-15
-13
-7
-5
-10
-6
0
-1
-5
-13
-17
-17
-12
-13
-10
-9
-16
-20
-26
-25
-21
-15
-21
-20
-14
-11
-16
-22
-21
-29
-41
-51
-48
-42
-46
-49
-50
-50
-45
-43
-41
-39
-40
-38
-42
-50
-52
-64
-68
-65
-69
-65
-67
-69
-70
-64
-53
-48
-48
-40
-39
-42
-35
-36
-41
-39
-35
-34
-33
-32
-35
-36
-28
-32
-32
-26
-19
-10
-9
-4
-4
-6
-8
-9
-17
-14
-4
-9
-7
-8
-4
-11
-16
-25
-32
-23
-17
-17
-26
-26
-28
-36
-39
-37
-45
-53
-49
-53
-48
-51
-59
-53
-56
-49
-48
-54
-60
-63
-62
-64
-55
-57
-60
-49
-41
-34
-27
-28
-26
-21
-17
-13
-6
-3
-6
2
6
10
10
12
16
18
20
24
22
20
28
34
35
41
40
44
45
41
39
36
32
31
28
22
14
13
14
18
23
18
23
27
25
24
18
14
11
17
18
16
14
6
4
4
4
7
13
18
22
26
32
29
22
22
18
14
16
18
17
23
25
27
27
26
33
41
43
45
47
45
45
40
37
41
42
39
40
44
46
49
51
53
49
49
48
52
50
46
46
44
39
33
35
39
33
34
27
27
30
28
22
9
15
15
6
6
5
2
9
9
14
10
9
9
9
11
4
-4
-9
-7
-10
-8
-1
2
0
0
-3
-8
-14
-18
-12
-11
-13
-10
-10
-5
0
-4
-4
8
8
6
8
10
7
9
9
4
12
13
16
17
16
16
15
18
22
25
24
19
14
15
7
10
11
9
19
19
19
18
14
17
21
19
21
20
21
19
23
23
17
21
10
8
16
15
12
13
10
7
10
10
10
10
4
2
6
4
-2
-3
-6
-3
-7
-11
-11
-15
-14
-13
-12
-7
-8
-13
-20
-17
-22
-26
-22
-23
-19
-21
-15
-9
-7
-5
-7
-6
-6
-2
2
5
4
4
3
6
2
7
13
17
22
19
19
22
22
21
18
19
23
23
21
13
12
10
10
9
14
17
14
13
9
5
3
-8
-14
-12
-13
-9
-10
-19
-25
-31
-33
-32
-37
-31
-24
-32
-38
-43
-46
-52
-56
-52
-48
-41
-41
-44
-45
-48
-47
-49
-51
-43
-39
-41
-34
-38
-36
-38
-35
-29
-30
-27
-33
-34
-29
-23
-26
-31
-28
-31
-27
-25
-23
-19
-21
-18
-20
-23
-22
-25
-22
-18
-18
-17
-16
-20
-18
-22
-22
-18
-18
-14
-6
-13
-13
-16
-20
-21
-21
-19
-22
-22
-26
-19
-27
-32
-32
-30
-28
-30
-28
-22
-21
-24
-27
-31
-37
-38
-35
-32
-28
-33
-34
-27
-30
-26
-25
-31
-36
-32
-28
-28
-21
-24
-24
-22
-26
-19
-16
-12
-10
-10
-10
-12
-9
-5
-6
-1
3
5
5
4
6
4
5
10
10
16
21
24
27
32
31
29
33
33
29
32
34
32
38
39
42
45
43
47
49
44
49
47
44
45
35
37
34
32
33
32
26
21
23
19
23
23
24
26
16
10
6
0
0
-2
-6
0
-3
-11
-2
0
-2
-4
-7
-7
-5
-7
-8
-3
-3
1
-2
-1
4
5
11
14
20
19
24
24
16
22
20
26
30
34
36
37
42
41
50
46
48
56
54
60
61
58
58
59
58
54
48
44
46
49
52
55
54
45
42
40
35
30
33
25
25
29
23
23
23
24
19
14
15
14
16
20
14
14
13
20
19
16
13
10
15
7
12
15
15
15
16
19
15
13
12
13
7
8
9
11
9
12
12
7
11
19
17
15
19
21
17
18
20
11
7
0
5
1
0
4
5
12
2
8
9
9
6
-1
0
-4
-3
-3
-5
-10
-6
-3
-5
3
6
8
11
3
-8
-5
-9
-16
-15
-19
-20
-14
-13
-13
-13
-13
-14
-15
-20
-18
-17
-18
-23
-33
-36
-45
-45
-46
-41
-41
-46
-40
-42
-44
-40
-39
-44
-44
-47
-46
-50
-54
-54
-61
-65
-66
-61
-59
-62
-56
-52
-57
-52
-42
-43
-47
-48
-47
-43
-41
-43
-40
-40
-41
-41
-43
-35
-21
-21
-17
-15
-21
-23
-27
-21
-21
-17
-18
-16
-15
-13
-13
-15
-13
-19
-20
-16
-11
-9
-8
-8
-8
-5
-7
-9
-11
-17
-15
-14
-18
-22
-21
-21
-24
-24
-19
-21
-15
-19
-22
-20
-28
-38
-43
-42
-48
-45
-37
-34
-30
-29
-27
-27
-24
-20
-21
-23
-18
-13
-18
-18
-19
-25
-21
-19
-15
-12
-13
-13
-15
-5
3
6
11
8
7
2
2
7
9
16
17
23
27
27
25
31
37
41
48
45
46
50
54
59
55
57
60
57
55
49
50
44
34
33
36
35
26
31
29
30
32
25
28
22
21
24
21
11
0
-8
-9
-5
0
10
13
13
9
5
14
10
10
11
14
9
5
7
8
4
9
8
10
21
29
34
29
29
25
21
31
31
30
30
31
38
35
35
32
37
44
49
48
50
47
47
39
43
48
47
60
62
61
59
57
52
50
49
52
56
57
50
40
40
32
26
23
22
37
37
30
31
18
8
4
-2
-5
-3
3
1
-2
-6
-6
-8
-10
-6
-3
1
4
-1
-3
-6
-13
-9
-5
3
8
17
20
5
-3
-7
-10
-11
-2
6
8
11
9
3
-4
-1
0
2
10
14
9
-3
-5
-9
-14
-17
-21
-11
-9
-12
-7
-15
-12
-6
-7
-5
0
-6
-1
9
2
-3
-14
-19
-26
-24
-24
-25
-23
-19
-10
-8
-2
-1
-3
-10
-10
-2
-2
0
0
-4
-14
-15
-10
-21
-23
-20
-25
-23
-16
-6
-11
-7
-6
-17
-18
-20
-20
-26
-32
-34
-33
-37
-43
-42
-48
-46
-39
-45
-45
-45
-41
-42
-45
-40
-43
-39
-37
-43
-47
-52
-49
-53
-58
-48
-41
-37
-30
-20
-19
-30
-24
-28
-39
-40
-33
-33
-34
-32
-31
-29
-30
-28
-31
-25
-17
-17
-19
-19
-19
-21
-23
-19
-18
-27
-24
-20
-22
-25
-21
-13
-21
-24
-29
-33
-38
-38
-34
-36
-40
-37
-31
-32
-30
-31
-36
-45
-50
-47
-37
-35
-33
-43
-45
-39
-45
-37
-27
-33
-34
-30
-32
-23
-25
-20
-23
-22
-15
-5
-3
1
6
1
4
2
12
18
18
25
33
34
28
36
42
32
34
36
26
26
29
26
32
44
43
41
48
46
45
42
42
39
33
34
37
39
48
51
45
48
50
48
41
40
40
41
39
28
21
21
25
20
30
36
41
36
31
23
19
21
17
14
14
19
14
13
12
10
11
19
23
26
38
48
46
50
50
40
37
28
29
29
34
35
31
33
35
25
21
39
37
35
38
32
22
15
15
12
18
27
28
26
18
9
-3
1
14
15
29
28
25
21
22
28
23
29
30
26
27
28
28
17
6
9
6
10
18
25
28
25
18
13
7
8
10
5
7
5
7
-5
-18
-27
-26
-17
-12
-9
-4
0
-4
-5
-15
-15
-20
-26
-21
-20
-16
-19
-20
-23
-17
-9
-2
-1
-3
3
8
8
-4
3
10
-1
-2
-1
-3
-10
-10
-1
-7
-5
-6
-9
-9
6
9
12
11
8
6
0
6
15
27
32
33
19
18
22
26
21
29
28
17
11
19
16
6
19
17
21
13
12
4
-5
-13
-18
-15
-14
-8
-20
-23
-25
-33
-37
-28
-39
-40
-25
-28
-33
-42
-38
-51
-55
-54
-60
-58
-71
-71
-73
-76
-72
-79
-71
-65
-63
-62
-62
-63
-82
-77
-77
-74
-68
-58
-44
-56
-52
-42
-45
-46
-33
-33
-44
-28
-20
-36
-42
-29
-41
-47
-26
-21
-31
-25
4
1
-8
11
9
-14
-11
-5
-13
-9
2
-7
-28
-22
-14
-19
-11
-6
3
-3
3
-4
-22
-21
-25
-36
-45
-40
-49
-57
-49
-50
-49
-33
-24
-21
-36
-27
-33
-47
-33
-24
-15
-25
-30
-25
-28
-28
-25
-19
-17
-10
1
2
4
15
16
9
16
19
24
17
20
32
31
37
35
40
47
51
59
73
75
64
58
66
78
75
75
78
68
52
48
48
42
32
28
31
36
37
37
39
34
37
27
30
41
45
40
40
39
23
12
2
9
15
24
37
27
19
22
29
34
41
50
43
27
14
14
16
21
25
26
30
20
26
25
15
29
37
52
43
48
40
30
43
34
31
12
7
9
23
33
41
33
23
23
22
33
43
43
35
36
37
38
32
26
23
19
25
31
31
43
37
39
32
31
37
18
27
16
3
10
9
8
6
-8
-5
-11
-2
3
-1
0
5
0
-5
9
13
8
3
4
-2
4
-3
5
0
-8
-4
-13
-20
-18
-17
-23
-18
-18
-23
-37
-36
-32
-28
-18
-16
-17
-16
-24
-14
-23
-28
-26
-44
-38
-50
-38
-39
-38
-36
-34
-17
-10
-1
2
5
-9
-4
15
29
49
62
44
28
20
14
39
46
61
58
70
71
69
78
64
58
52
54
63
60
63
63
46
49
39
43
46
43
46
34
41
35
31
38
30
34
22
8
0
-11
-19
-21
-39
-51
-58
-63
-72
-69
-65
-70
-74
-80
-84
-87
-92
-89
-94
-101
-108
-119
-126
-138
-137
-141
-146
-164
-175
-186
-189
-174
-167
-164
-173
-171
-178
-195
-205
-197
-184
-173
-155
-150
-155
-175
-188
-161
-136
-128
-122
-105
-99
-112
-103
-86
-78
-71
-83
-79
-41
-30
-34
-62
-60
-39
-26
-37
-45
-26
-43
-50
-29
-13
-27
-49
-50
-36
-12
18
47
64
84
101
111
127
135
135
126
130
162
182
203
208
201
206
216
226
223
212
192
168
165
164
158
147
119
110
96
92
95
97
103
101
99
90
91
104
112
119
126
120
120
124
123
126
121
120
122
127
132
127
122
109
105
91
73
67
69
74
65
51
39
20
9
1
-18
-40
-54
-55
-62
-82
-92
-108
-112
-114
-109
-104
-104
-94
-96
-88
-88
-96
-100
-95
-79
-74
-75
-62
-62
-71
-72
-65
-57
-54
-61
-64
-65
-68
-66
-75
-80
-87
-100
-102
-94
-91
-93
-88
-94
-100
-93
-87
-74
-71
-59
-56
-52
-43
-32
-31
-29
-24
-29
-22
-15
-7
-6
-1
3
14
26
37
58
60
54
55
61
68
79
92
102
104
107
113
129
142
146
153
159
160
155
152
143
138
132
123
122
118
110
97
84
77
62
60
60
60
61
63
64
62
66
60
58
59
63
62
66
66
78
87
86
85
71
65
68
72
73
77
63
49
38
29
32
20
13
-5
-37
-32
-30
-17
-35
-56
-71
-70
-56
-59
-46
-66
-74
-72
-57
-54
-62
-65
-59
-50
-56
-51
-48
-44
-51
-57
-63
-70
-72
-59
-49
-62
-75
-83
-92
-91
-89
-91
-108
-125
-122
-133
-138
-145
-153
-155
-163
-162
-165
-176
-178
-185
-182
-170
-181
-193
-210
-198
-192
-194
-186
-181
-180
-186
-179
-163
-152
-155
-148
-136
-97
-66
-53
-53
-58
-56
-59
-39
-14
2
22
27
34
61
86
102
101
99
80
70
70
72
81
83
71
56
53
59
63
57
67
57
40
55
93
135
158
154
129
123
157
173
188
211
210
219
203
218
261
278
255
235
269
273
256
186
146
182
195
203
146
71
0
6
88
113
49
-45
-55
-39
11
65
47
-3
-22
-41
-22
45
71
99
73
15
-1
30
65
32
-6
-43
-50
-83
-142
-136
-188
-195
-160
-179
-241
-331
-367
-342
-261
-215
-267
-401
-402
-293
-244
-262
-307
-294
-293
-272
-227
-197
-236
-285
-258
-178
-135
-156
-228
-252
-201
-146
-137
-138
-83
81
232
306
276
181
103
107
219
340
394
362
309
303
353
384
386
308
202
119
74
79
95
88
47
-23
-78
-87
-67
-46
-50
-61
-80
-64
14
134
245
322
366
397
406
440
473
499
519
514
523
524
511
480
445
394
317
254
200
149
128
88
30
-47
-111
-126
-135
-157
-191
-211
-219
-226
-223
-203
-217
-250
-249
-180
-147
-139
-103
-96
-116
-141
-115
-104
-99
-89
-107
-155
-178
-156
-128
-146
-205
-254
-239
-240
-289
-292
-225
-244
-330
-363
-373
-373
-409
-395
-373
-386
-420
-419
-410
-407
-384
-424
-424
-386
-317
-287
-271
-224
-225
-151
-14
278
544
600
483
264
152
238
461
647
665
559
418
366
452
546
549
376
149
-41
-109
-68
-18
-8
-96
-210
-278
-270
-219
-178
-193
-242
-284
-253
-129
44
205
291
316
332
354
420
491
530
508
459
441
434
468
484
458
356
235
170
128
121
103
56
-22
-115
-149
-138
-138
-149
-186
-228
-260
-303
-295
-255
-274
-334
-294
-198
-169
-138
-154
-170
-200
-182
-97
-55
-69
-61
-5
26
36
25
3
1
18
-10
-45
-41
-11
14
28
-40
-151
-229
-252
-212
-181
-204
-279
-350
-388
-367
-323
-287
-282
-301
-298
-245
-214
-171
-132
-129
-114
-111
-125
-88
-31
-27
6
2
101
207
247
230
147
47
-11
59
135
212
230
183
172
195
245
289
255
192
110
33
22
68
123
135
120
70
27
17
18
-6
-62
-123
-147
-146
-109
-56
-53
-66
-94
-99
-77
-68
-59
-45
-25
11
66
117
154
182
154
129
130
138
167
212
248
234
203
157
156
141
137
110
51
6
-25
-17
-1
-3
-100
-153
-152
-129
-124
-103
-67
-60
-39
-25
35
65
92
93
71
72
124
171
207
257
255
221
174
171
207
246
231
192
146
101
84
68
68
33
2
-12
-52
-46
-41
-39
-79
-100
-123
-128
-114
-121
-125
-149
-168
-214
-230
-236
-242
-261
-291
-290
-279
-268
-291
-331
-360
-360
-299
-227
-143
-101
-107
-114
-129
-107
-60
4
56
67
88
105
119
143
150
133
71
10
-13
-20
-1
17
18
-15
-88
-132
-169
-214
-225
-231
-234
-238
-218
-178
-122
-86
-91
-51
-41
-36
47
116
149
151
176
249
318
370
388
392
336
347
388
368
361
382
403
334
325
357
338
215
216
244
200
164
110
93
117
186
160
191
155
101
63
106
173
165
174
159
161
182
267
251
146
93
145
137
97
112
180
236
200
151
100
52
-8
-80
-215
-284
-286
-365
-394
-344
-405
-576
-663
-604
-502
-490
-537
-606
-647
-638
-607
-573
-584
-589
-576
-527
-527
-531
-517
-471
-339
-100
153
274
292
176
101
66
110
243
348
411
374
310
321
344
380
306
121
-59
-223
-246
-227
-200
-221
-314
-412
-484
-491
-435
-421
-436
-449
-421
-318
-186
-1
170
332
460
584
693
765
830
863
883
924
941
952
916
839
733
601
504
384
288
188
83
-8
-71
-128
-200
-244
-258
-271
-252
-211
-193
-202
-198
-165
-153
-93
-2
46
94
147
189
200
167
142
132
144
99
29
31
19
2
-80
-132
-150
-190
-229
-227
-210
-253
-348
-392
-396
-416
-467
-551
-556
-637
-680
-686
-669
-663
-739
-799
-847
-851
-787
-766
-680
-644
-548
-312
53
536
746
689
425
240
347
631
940
1043
900
692
557
636
755
713
455
60
-248
-385
-377
-311
-324
-427
-588
-683
-651
-582
-514
-510
-530
-510
-389
-117
235
553
723
769
785
843
984
1133
1244
1239
1175
1100
1052
990
881
717
488
302
145
51
-19
-126
-255
-398
-498
-542
-535
-479
-434
-397
-384
-386
-385
-331
-263
-210
-157
-122
-85
-40
11
41
27
-46
-86
-123
-105
-88
-68
-68
-44
-56
-82
-118
-134
-123
-135
-141
-192
-154
-163
-116
-135
-151
-244
-338
-427
-478
-419
-492
-538
-667
-714
-742
-722
-639
-611
-570
-396
-11
556
903
927
690
446
520
709
1050
1156
1041
861
766
968
1208
1225
914
375
-94
-329
-353
-279
-268
-426
-605
-709
-664
-535
-492
-514
-626
-700
-603
-335
32
361
583
726
773
896
1028
1125
1143
1018
918
820
791
785
690
530
244
-5
-183
-304
-362
-491
-618
-741
-759
-700
-637
-578
-616
-657
-671
-641
-570
-498
-472
-466
-455
-413
-341
-271
-228
-272
-346
-367
-334
-275
-198
-200
-283
-330
-333
-285
-199
-164
-178
-198
-158
-82
62
120
85
13
-76
-118
-91
-73
-83
-144
-261
-370
-488
-513
-592
-605
-629
-649
-517
-150
425
973
1135
976
586
428
587
930
1308
1323
1165
925
1014
1395
1729
1727
1241
530
-53
-329
-280
-151
-183
-382
-632
-725
-598
-455
-473
-705
-1046
-1237
-1146
-733
-186
227
447
470
515
624
818
995
1026
968
820
783
801
860
844
621
296
-100
-346
-464
-480
-493
-629
-797
-975
-1000
-903
-795
-724
-780
-858
-861
-761
-572
-449
-419
-438
-475
-444
-339
-254
-230
-286
-340
-344
-297
-215
-186
-172
-283
-346
-389
-371
-317
-298
-259
-276
-240
-166
-49
-38
-89
-115
-187
-210
-225
-263
-311
-364
-362
-386
-392
-422
-516
-537
-592
-436
-44
549
1092
1269
1233
991
900
965
1169
1344
1310
1154
1042
1212
1586
1917
1872
1436
796
223
-94
-236
-237
-300
-438
-532
-492
-304
-217
-291
-572
-895
-1055
-981
-639
-222
190
517
728
887
973
958
858
723
641
690
769
877
909
844
649
337
31
-285
-522
-690
-792
-796
-779
-703
-656
-693
-716
-830
-892
-910
-883
-760
-669
-562
-465
-425
-362
-348
-350
-402
-495
-503
-498
-355
-185
-66
-38
-96
-114
-152
-141
-172
-189
-182
-100
68
279
435
442
305
98
-31
-89
-68
-64
-108
-210
-348
-389
-429
-415
-527
-696
-838
-876
-427
281
1113
1493
1431
1147
925
1033
1276
1536
1498
1233
976
998
1350
1763
1856
1497
853
224
-180
-406
-534
-702
-899
-1011
-901
-539
-209
-116
-283
-616
-871
-940
-743
-376
9
364
646
883
1049
1095
952
720
459
293
190
154
230
253
298
190
23
-226
-548
-780
-958
-996
-959
-868
-707
-565
-379
-240
-246
-321
-511
-631
-661
-626
-497
-448
-396
-370
-393
-413
-534
-692
-854
-941
-875
-683
-443
-209
-69
10
-5
-5
-38
-82
-65
-23
138
284
466
523
461
266
6
-100
-176
-76
-97
-137
-312
-559
-698
-849
-866
-879
-440
347
1261
1816
1836
1522
1137
881
906
1004
1008
870
608
599
818
1164
1307
1065
510
-73
-596
-934
-1107
-1184
-1182
-1052
-625
18
539
690
518
156
-184
-384
-401
-250
24
308
613
881
1054
1020
644
155
-307
-620
-724
-728
-555
-332
-99
84
141
85
-99
-301
-519
-699
-756
-714
-545
-299
-52
203
262
180
-59
-390
-645
-813
-871
-829
-716
-539
-327
-219
-206
-323
-522
-714
-801
-701
-450
-134
115
319
419
456
455
260
89
-109
-193
-114
20
247
281
286
125
-25
-164
-381
-483
-632
-659
-604
-571
-478
-550
-323
448
1499
2382
2389
2038
1527
1250
1080
970
890
663
438
267
361
605
640
404
12
-325
-429
-660
-867
-1042
-1132
-996
-614
52
785
1062
975
703
433
262
31
-165
-214
-151
-2
186
393
541
426
80
-312
-571
-754
-818
-764
-575
-240
4
205
290
251
133
-85
-351
-606
-778
-791
-666
-435
-196
17
80
51
-74
-253
-428
-599
-698
-662
-464
-209
60
78
8
-166
-373
-467
-534
-473
-317
-112
178
483
685
775
646
387
112
-88
-192
-117
-68
100
237
270
340
260
210
70
-126
-262
-439
-553
-593
-519
-388
-19
864
1848
2563
2444
1968
1445
1113
838
594
423
292
217
169
275
394
362
79
-281
-524
-591
-778
-901
-954
-816
-569
-203
347
822
930
733
436
215
12
-300
-548
-614
-547
-454
-359
-190
-25
-2
-130
-304
-411
-546
-661
-675
-473
-145
84
177
119
7
-122
-297
-505
-723
-892
-970
-889
-612
-310
-48
28
-15
-166
-325
-434
-512
-564
-612
-529
-394
-217
-107
-111
-177
-356
-488
-499
-361
-58
214
398
531
637
751
775
664
401
115
-150
-227
-127
71
223
304
340
250
162
-114
-181
-327
-431
-484
-585
-702
-420
712
2177
3285
3133
2513
1864
1438
1045
567
189
-90
-317
-354
-19
345
439
74
-361
-672
-760
-1040
-1170
-1079
-848
-518
-120
592
1261
1359
900
338
-124
-459
-829
-1084
-1062
-956
-900
-784
-490
-100
61
-59
-237
-305
-321
-299
-285
-152
23
108
158
115
3
-271
-572
-831
-941
-931
-888
-753
-584
-328
-87
82
115
-2
-225
-443
-605
-683
-678
-621
-494
-381
-295
-261
-246
-295
-350
-413
-323
-50
263
559
678
691
677
595
392
162
-82
-349
-411
-376
-142
115
402
585
546
389
94
-157
-459
-730
-889
-1107
-701
722
2550
3881
3794
3056
2306
1711
1055
277
-209
-441
-499
-398
80
737
1040
902
539
91
-416
-1122
-1517
-1273
-736
-167
369
1151
1950
2122
1564
643
-354
-1237
-1861
-1948
-1466
-883
-562
-317
73
419
505
242
-126
-479
-734
-805
-635
-245
126
280
243
109
-138
-525
-937
-1258
-1483
-1499
-1292
-831
-290
158
484
589
439
85
-364
-779
-1085
-1224
-1132
-757
-260
126
280
168
-12
-205
-343
-483
-517
-351
-50
310
663
891
885
749
485
209
-12
-177
-225
-79
202
543
806
748
620
209
-298
-730
-1230
-1425
-1615
-1288
116
2216
3906
4191
3622
2893
2314
1490
377
-349
-580
-392
-123
190
684
932
744
474
242
-163
-938
-1642
-1575
-873
-211
436
1213
1985
2250
1704
827
-5
-858
-1666
-2090
-1913
-1269
-658
-131
363
675
522
153
-273
-498
-541
-674
-634
-408
-59
130
191
166
-58
-491
-982
-1277
-1368
-1334
-1108
-736
-321
70
426
748
744
372
-214
-894
-1406
-1658
-1698
-1514
-1138
-649
-203
83
247
234
2
-336
-554
-559
-444
-200
47
296
424
431
279
97
0
-222
-230
-242
-51
237
395
560
477
204
-325
-919
-1420
-1860
-1296
389
2440
3548
3245
2710
2395
2221
1627
775
173
-247
-560
-600
-154
548
872
728
392
77
-358
-989
-1310
-1044
-508
-62
556
1445
2091
1966
1277
668
105
-638
-1292
-1460
-1147
-801
-581
-174
434
783
594
51
-460
-701
-740
-719
-441
50
386
345
15
-229
-409
-655
-907
-1121
-1242
-1233
-963
-527
-139
103
252
327
174
-85
-336
-624
-924
-1182
-1252
-1065
-831
-598
-457
-352
-159
12
127
129
78
-4
-147
-270
-283
-193
-230
-330
-370
-405
-386
-394
-60
275
427
445
233
30
-257
-605
-1027
-1539
-1672
-422
1811
3509
3644
2828
2287
1992
1357
375
-167
-101
99
182
329
914
1311
1179
736
344
-17
-751
-1350
-995
-14
632
840
1262
1965
2018
1104
247
-30
-359
-1066
-1559
-1158
-305
134
330
618
910
776
229
-235
-307
-117
-101
-157
64
468
573
374
70
-184
-652
-1297
-1603
-1560
-1370
-1158
-788
-381
-116
-6
37
3
-209
-460
-617
-695
-773
-829
-802
-650
-553
-575
-675
-741
-543
-334
-212
-157
-104
28
-8
-87
-148
-231
-465
-672
-705
-550
-372
-106
106
178
159
105
73
-250
-567
-1011
-1570
-1474
442
3006
4196
3400
2333
2050
1887
1078
-45
-376
-381
-530
-589
-25
1052
1496
1316
1175
1042
422
-754
-1235
-486
516
768
1004
1917
2716
2222
809
-52
-441
-1152
-1920
-1887
-938
-144
124
445
1037
1386
1084
523
218
171
22
-194
-178
98
303
263
156
25
-320
-798
-1111
-1221
-1251
-1228
-943
-487
-212
-212
-308
-455
-808
-1315
-1593
-1503
-1167
-880
-623
-282
-5
-3
-274
-556
-683
-733
-871
-902
-678
-298
-70
-103
-272
-443
-629
-892
-1009
-1065
-845
-595
-315
-36
-52
-205
-491
-826
-1227
-1933
-1784
404
3203
4584
3567
2107
1536
1385
660
-383
-518
-378
-380
-329
404
1356
1383
776
486
368
-146
-1066
-1203
-212
919
1394
1885
2695
3078
2328
1014
306
-37
-573
-1092
-1005
-447
-54
105
417
719
529
140
-2
185
402
506
637
726
736
517
161
-157
-416
-673
-841
-814
-658
-540
-507
-376
-218
-221
-231
-116
-21
-231
-712
-1219
-1639
-1957
-2124
-2005
-1602
-1028
-505
-41
236
371
309
28
-382
-792
-959
-994
-903
-793
-732
-755
-788
-773
-715
-752
-682
-662
-589
-575
-729
-909
-1212
-1579
-1985
-416
2697
4991
4424
2193
1239
1031
447
-697
-864
-131
-127
-481
-163
943
1326
690
281
339
235
-646
-1041
-187
957
1252
1131
1728
2500
2270
1185
445
158
-451
-957
-394
1029
1895
1722
1494
1525
1232
348
-434
-586
-218
208
585
1024
1375
1329
827
142
-505
-952
-1135
-956
-597
-310
-101
139
264
13
-438
-556
-386
-404
-671
-920
-958
-1001
-1216
-1449
-1444
-1269
-1192
-1164
-983
-459
54
214
112
-131
-407
-841
-1350
-1577
-1597
-1614
-1456
-1185
-727
-315
-145
-149
-435
-833
-1311
-1861
-2056
-2295
-1291
1532
4472
5246
3286
1540
817
234
-818
-1272
-466
-161
-346
-48
1189
1819
808
-230
-186
165
-448
-1184
-587
907
1548
1354
1789
2656
2503
1015
-67
57
-89
-920
-1267
-202
1067
1339
1324
1935
2592
2278
1280
558
564
726
655
541
574
710
718
603
353
-4
-365
-583
-560
-394
-207
-41
30
-135
-476
-767
-847
-845
-981
-1065
-1077
-1016
-985
-902
-701
-538
-522
-762
-967
-1024
-842
-569
-361
-205
-104
-123
-370
-1021
-1762
-2318
-2687
-2762
-2514
-1783
-976
-327
-149
-16
-478
-1072
-2267
-2252
464
3594
4665
2468
1070
1296
1507
205
-1186
-862
-711
-1345
-1932
-952
532
357
-138
250
1170
838
-207
159
1430
1574
377
277
1664
2517
1527
205
352
624
-146
-1007
-669
362
581
403
872
1739
2115
1819
1495
1644
1784
1557
1235
1118
1111
777
303
108
185
149
3
-168
-271
-327
-245
125
392
399
253
39
-364
-1038
-1530
-1544
-1385
-1413
-1675
-1600
-1085
-583
-489
-799
-968
-954
-862
-636
-357
64
241
164
-200
-702
-1379
-2295
-3063
-3486
-3226
-2667
-1998
-1390
-1096
-909
-1487
-956
1502
4128
4050
1000
-575
71
1073
739
448
1114
952
-536
-1877
-1660
-1079
-1521
-1751
-687
655
659
2
445
1564
1543
500
219
1149
2112
1953
1667
1852
1605
567
-484
-671
-376
-161
280
990
1529
1495
1276
1181
1490
1809
1945
2033
1993
1834
1474
1139
828
476
231
275
483
554
366
34
-267
-579
-714
-501
99
504
353
6
-294
-594
-1037
-1428
-1383
-1006
-649
-595
-669
-667
-738
-1004
-1389
-1564
-1448
-1176
-871
-646
-487
-709
-1220
-1851
-2299
-2555
-2547
-2193
-1949
-1751
-2273
-1711
776
3611
3825
612
-1568
-1108
484
906
997
1751
1578
-129
-1813
-1836
-1392
-1919
-2246
-1251
81
46
-979
-894
50
301
-518
-511
894
2248
2368
1839
1746
1282
430
-85
245
944
1243
1338
1474
1345
774
220
39
428
949
1508
2082
2477
2428
1844
1191
867
1105
1510
1811
1902
1786
1490
877
73
-675
-1047
-883
-344
152
320
267
6
-563
-1246
-1607
-1212
-456
162
647
945
1084
711
77
-546
-791
-923
-1086
-1360
-1619
-1798
-2050
-2255
-2444
-2238
-2239
-2214
-2657
-2382
-2342
-1439
1022
3544
3666
243
-1792
-1221
597
1016
1089
1724
1337
-631
-2463
-2108
-1187
-1432
-2037
-853
475
14
-1901
-2445
-1720
-1595
-1956
-1272
1009
2205
1537
626
1016
1351
454
-252
507
1712
1745
1155
1107
1412
1075
144
-324
241
1125
1424
1172
937
856
704
669
1049
1541
1791
1769
1781
1827
1681
1455
1327
1290
1166
978
728
387
-285
-980
-1436
-1536
-1278
-908
-527
-293
-196
-222
-238
-96
190
559
867
945
690
374
92
-256
-647
-1017
-1273
-1747
-2340
-2966
-3648
-4059
-4142
-3288
-560
3078
4605
1926
-1793
-2449
-580
806
1061
1976
2606
1106
-1464
-1998
-546
-386
-1839
-2168
-553
-67
-2034
-3818
-3085
-1528
-1454
-1712
-575
1156
991
-459
-759
14
274
40
768
2144
2239
990
134
386
1038
1200
1064
1103
1113
769
73
-288
-119
189
613
1218
1797
1817
1238
617
240
68
251
1185
2349
2944
2496
1552
768
147
-101
-130
148
300
32
-511
-1104
-1500
-1814
-1681
-943
196
1099
1369
1121
552
191
139
466
690
760
525
71
-619
-1760
-2871
-3785
-3765
-1418
2046
3367
61
-3627
-3402
-555
1292
1508
2685
2869
656
-2311
-2064
429
1280
414
293
987
-335
-3438
-4944
-3570
-2133
-2332
-2318
-792
284
-939
-2950
-2840
-944
611
1243
1811
2349
1946
674
-229
-164
656
1692
2314
2311
1567
314
-878
-1330
-772
394
1470
1911
1511
471
-642
-1162
-974
-105
981
1868
2136
1738
1170
749
850
928
977
941
922
882
474
-4
-418
-500
-429
-475
-649
-758
-669
-663
-822
-1050
-665
197
1120
1445
1287
1071
748
490
-41
-438
567
3123
4430
1573
-2806
-3693
-1025
1110
796
669
924
-506
-3224
-3661
-627
1618
1237
759
1612
1393
-1475
-3471
-2056
247
430
-602
-501
-93
-1749
-4577
-5622
-4130
-2297
-1065
403
1742
1433
-408
-1451
-649
1036
2063
2303
2226
2029
1392
586
131
263
522
451
198
-168
-402
-757
-1038
-1030
-530
238
766
939
755
418
98
-39
14
298
637
615
433
359
582
857
909
770
69
-853
-1639
-1748
-1116
-209
441
376
-80
-943
-1537
-1673
-938
-69
610
425
450
2438
4954
4738
539
-1928
-130
3239
3849
2900
2660
1230
-1993
-4103
-1879
1147
792
-1242
-1000
252
-1274
-4110
-3476
111
1760
442
-588
327
479
-1251
-2213
-783
714
-128
-1547
-1441
-956
-1873
-2878
-2005
15
1059
827
514
683
851
661
697
1243
1993
2090
1441
520
-121
-148
-134
-420
-761
-798
-867
-1363
-1810
-1692
-1044
-172
306
37
-584
-930
-687
-167
344
769
926
780
405
-77
-218
-247
-293
-453
-674
-985
-1275
-1205
-1011
-1160
-1516
-1724
-1797
-916
1360
3928
3547
436
-1394
420
3530
4268
3809
3839
2819
176
-1451
663
3220
2558
497
93
454
-1354
-3641
-2964
-269
556
-966
-1962
-1403
-1316
-2075
-2085
-418
1076
794
-273
-576
113
629
748
1094
1558
1375
254
-915
-963
-108
769
1020
930
833
408
-313
-546
79
971
1298
1008
358
-361
-1084
-1392
-814
58
360
-349
-1322
-1935
-2036
-1847
-1374
-795
-587
-1036
-1691
-1727
-1181
-559
-206
296
809
882
132
-637
-874
-658
-504
-484
-454
-769
-498
669
1649
69
-2615
-2596
649
3394
3133
2054
1754
1051
-426
-68
2895
4751
3102
847
900
1514
193
-1017
167
1821
898
-1436
-2159
-1597
-1900
-2781
-2228
-417
256
-800
-1773
-1531
-732
-55
914
1957
2243
1667
1089
1063
1238
1425
1820
2293
2272
1364
236
-198
253
1071
1493
1211
326
-655
-1074
-880
-396
49
187
-151
-835
-1450
-1676
-1596
-1383
-1078
-783
-696
-892
-1245
-1529
-1623
-1625
-1493
-1348
-1150
-1000
-1078
-1235
-1203
-894
-723
-960
-1389
-1030
889
3268
3360
348
-2159
-1016
1923
2793
1629
1260
1281
-208
-2010
-913
2013
2410
125
-746
791
1067
-877
-1321
916
2274
656
-1018
-430
325
-560
-1463
-503
756
68
-1563
-1912
-1112
-579
-409
257
940
681
-124
-313
477
1346
1800
1902
1922
1701
1123
905
1366
2082
2248
1978
1738
1450
827
216
338
1015
1173
528
-192
-606
-1101
-1627
-1512
-891
-870
-1699
-2429
-2349
-1851
-1492
-1164
-792
-785
-1356
-1846
-1657
-1019
-557
-509
-780
-1241
-1560
-1715
-1683
-537
1619
2573
252
-2661
-1866
1693
3413
2331
1743
2095
840
-1395
-649
2800
3661
519
-1608
-276
450
-1973
-3479
-1041
1565
359
-2294
-2436
-1222
-1479
-2163
-659
1651
1323
-1156
-2203
-958
289
358
375
993
1091
424
-229
-78
572
1192
1592
1598
1252
749
790
1310
1717
1815
1903
2010
1527
639
352
1096
2006
2080
1450
816
418
11
-206
55
280
-209
-1181
-1684
-1541
-1312
-1263
-1214
-1311
-1833
-2469
-2612
-1912
-1005
-486
-593
-945
-1169
-1221
-947
-690
184
1865
3111
1593
-1914
-3112
-368
2691
2683
1284
1038
583
-1311
-1724
1260
4186
2747
-492
-737
844
-8
-2280
-1632
1198
1420
-1375
-2927
-2005
-1682
-2832
-2779
-671
367
-1411
-3287
-2732
-1027
-398
-539
-25
661
441
-168
19
1160
2007
1885
1192
700
596
708
1241
1990
2292
1774
973
556
501
862
1649
2427
2295
1232
277
221
671
805
768
889
793
-28
-1096
-1368
-767
-211
-209
-562
-970
-1484
-1926
-1831
-1161
-710
-906
-1446
-1772
-1769
-1330
-594
-186
282
1437
2294
854
-1619
-1215
2301
4587
3427
1651
1468
955
-654
-311
2620
3857
1045
-1606
-556
1006
-342
-1978
-568
1268
-168
-2801
-2618
-645
-570
-1985
-1828
-421
-734
-2760
-3353
-1757
-566
-1093
-1747
-1349
-917
-1211
-1215
-133
1206
1491
840
192
18
196
672
1547
2312
2405
1798
967
239
12
704
1776
2113
1258
207
-29
392
772
918
917
527
-296
-951
-736
0
330
-83
-865
-1491
-1682
-1440
-850
-363
-413
-955
-1603
-1849
-1608
-1071
-603
-308
-529
-830
-134
1326
1593
-206
-1327
711
3659
3851
1916
1319
2199
1879
1010
2271
4478
3569
101
-884
1330
1827
-722
-1913
170
1294
-1087
-3225
-1962
-163
-1060
-2535
-1819
-560
-1675
-3601
-3070
-873
-67
-971
-1444
-1018
-1093
-1617
-1173
197
868
276
-372
-266
26
137
622
1592
1944
1030
-136
-318
496
1369
1882
1963
1474
642
143
408
1028
1294
1003
381
-287
-785
-811
-399
-147
-529
-1344
-1809
-1802
-1533
-1188
-904
-932
-1273
-1560
-1502
-1251
-1099
-912
-656
-552
-968
-1548
-1008
936
2225
1088
-1124
-1002
1471
3069
2314
1607
2458
2501
1118
1219
3981
5299
2570
-45
1238
2964
1257
-1062
194
2411
681
-2796
-2851
-575
-679
-2695
-2338
-187
-560
-3294
-3750
-1183
310
-913
-2071
-1296
-523
-1095
-1427
-322
832
607
-304
-505
-115
67
381
1188
1767
1212
191
28
673
1072
1083
1336
1575
1030
49
-52
924
1518
981
179
-106
-167
-450
-579
-255
-46
-576
-1342
-1579
-1333
-1277
-1658
-1936
-1884
-1878
-2132
-2235
-1783
-1091
-913
-1280
-1644
-1542
-1328
-763
721
2092
1422
-980
-1629
868
3526
3396
1969
1736
1533
350
369
3094
5177
3276
508
1144
3011
1886
-352
735
3307
2044
-1790
-2532
-37
568
-1621
-2358
-790
-720
-3003
-3565
-1278
95
-1138
-2054
-918
-231
-1350
-1723
58
1524
672
-723
-372
815
913
421
782
1455
1078
138
113
1138
1819
1709
1419
1116
575
138
544
1526
1918
1230
303
-159
-253
-205
17
320
219
-516
-1360
-1749
-1748
-1563
-1455
-1472
-1756
-2303
-2560
-2259
-1807
-1793
-2029
-2046
-1803
-1643
-1546
-1276
-568
569
1231
391
-1112
-866
1569
3460
2811
1330
1129
1204
508
831
3334
4798
2539
-330
297
2485
2004
308
1213
3134
1608
-1977
-2358
297
1085
-743
-1267
-58
-632
-3176
-3607
-1109
318
-955
-2016
-1135
-523
-1317
-1450
123
1203
370
-591
-98
784
752
695
1481
2060
1327
336
494
1262
1499
1394
1669
1771
1022
262
711
1828
2052
1299
649
431
69
-252
182
862
544
-735
-1622
-1514
-1242
-1376
-1450
-1453
-1834
-2654
-3099
-2736
-2152
-1941
-2047
-2122
-2188
-2284
-2228
-1732
-1086
-430
357
935
447
-673
-555
1234
2665
1949
676
851
1523
1189
959
2337
3489
1800
-780
-418
1824
2150
518
352
1787
1350
-1060
-1701
246
1219
-282
-1542
-875
-534
-1880
-2659
-1458
-276
-839
-1802
-1516
-908
-1154
-1311
-472
461
362
-245
-116
665
1172
1242
1269
1322
1196
1009
1118
1604
1981
1914
1454
1072
1305
1859
2113
1844
1391
1100
887
645
622
812
824
412
-310
-877
-1103
-1052
-896
-953
-1401
-2037
-2436
-2457
-2299
-2179
-2149
-2200
-2334
-2375
-2292
-2062
-1627
-1145
-967
-1197
-941
230
1231
617
-779
-608
1236
2429
1680
768
966
996
148
172
1994
3030
1234
-983
-313
1745
1644
-159
-314
1153
975
-969
-1377
322
762
-1001
-1876
-496
253
-1357
-2667
-1594
-209
-828
-2027
-1640
-531
-532
-1017
-525
392
370
-297
-216
653
1337
1483
1451
1419
1254
1176
1405
1802
2053
2186
2295
2218
1950
1745
1858
2027
1971
1658
1329
1134
886
577
421
499
338
-408
-1259
-1328
-744
-516
-1044
-1760
-2148
-2320
-2284
-1926
-1420
-1459
-1992
-2305
-2055
-1614
-1340
-1010
-736
-780
-1100
-886
205
1195
920
-305
-754
300
1583
1538
622
256
534
524
363
897
1479
706
-803
-680
977
1564
283
-553
306
751
-539
-1512
-417
768
-69
-1516
-1368
-522
-1017
-1998
-1559
-360
-469
-1565
-1733
-850
-409
-645
-409
300
480
15
-65
547
1175
1436
1604
1722
1523
1304
1506
2002
2258
2164
2028
1827
1491
1384
1759
2140
1931
1221
683
599
736
924
993
674
-103
-852
-1005
-570
-238
-445
-1000
-1520
-1792
-1863
-1675
-1294
-1050
-1236
-1656
-1822
-1547
-1211
-1052
-942
-758
-740
-889
-923
-618
115
839
963
66
-1029
-980
312
1327
996
160
-207
-356
-642
-201
1130
1594
128
-1385
-828
601
589
-393
-162
800
241
-1545
-1813
-112
824
-241
-1349
-1084
-782
-1410
-1679
-709
14
-690
-1418
-867
-36
-273
-700
25
1055
925
212
363
1102
1213
875
1209
1881
1752
1042
942
1564
1856
1596
1469
1597
1373
959
1072
1569
1607
1045
585
515
553
538
543
397
13
-330
-409
-405
-593
-726
-599
-559
-852
-1150
-1130
-1020
-1062
-1057
-797
-662
-919
-1248
-1242
-915
-608
-462
-457
-556
-837
-1011
-657
167
597
-111
-1215
-1302
-122
860
586
-176
-418
-450
-836
-862
228
1253
605
-875
-1015
106
447
-394
-529
554
847
-588
-1643
-736
504
175
-765
-552
108
-363
-1279
-861
470
758
-205
-798
-357
110
140
417
1011
1039
392
101
565
1025
990
974
1164
1071
578
437
999
1485
1268
835
800
920
792
741
1147
1454
1026
290
138
531
788
724
678
602
146
-470
-557
-66
310
90
-401
-729
-871
-830
-620
-375
-357
-565
-783
-910
-959
-831
-545
-374
-530
-848
-1025
-968
-804
-573
-289
-115
-173
-528
-980
-1140
-663
140
413
-101
-706
-774
-578
-434
-34
585
538
-503
-1195
-505
624
728
193
240
501
-49
-827
-365
833
944
-90
-537
26
220
-352
-415
482
930
196
-533
-248
281
229
132
594
930
403
-302
-203
461
796
648
474
408
242
136
420
912
1096
866
577
478
539
677
920
1130
1083
761
452
412
516
557
552
567
474
148
-122
-42
205
220
-50
-277
-365
-478
-621
-599
-404
-405
-677
-905
-883
-775
-784
-830
-809
-808
-901
-983
-922
-817
-832
-838
-566
-221
-400
-1057
-1316
-677
100
118
-396
-623
-448
-362
-265
301
945
685
-241
-546
138
738
550
328
734
996
355
-402
-149
700
843
302
107
293
71
-512
-448
317
570
-94
-626
-359
16
-152
-324
77
411
16
-519
-374
187
401
274
329
484
388
213
316
610
766
780
789
703
544
576
897
1086
914
686
639
648
543
547
720
677
273
-87
-59
95
43
-52
-8
-134
-585
-944
-762
-292
-144
-392
-689
-928
-1143
-1150
-824
-502
-667
-1094
-1231
-1021
-882
-858
-706
-451
-373
-506
-539
-488
-516
-525
-227
237
338
24
-257
-236
-96
84
420
757
635
97
-169
127
502
488
305
286
301
112
-97
-22
140
37
-222
-238
-57
-63
-313
-465
-321
-115
-29
-57
-181
-334
-345
-83
271
425
312
88
-62
-12
322
787
991
760
416
364
609
883
1044
1117
1031
729
473
581
942
1101
851
478
307
310
354
375
345
192
-62
-198
-169
-182
-334
-489
-470
-377
-440
-646
-803
-842
-792
-690
-543
-466
-624
-845
-883
-692
-494
-407
-354
-374
-499
-577
-469
-282
-124
14
43
-190
-533
-598
-171
303
305
-103
-432
-417
-330
-250
-11
284
215
-255
-531
-230
140
52
-144
29
283
-10
-590
-590
9
353
99
-157
-85
-81
-314
-226
353
707
387
-93
-66
281
452
518
741
906
711
372
355
645
886
989
1021
908
631
441
511
740
881
838
670
395
168
150
281
362
307
156
-22
-202
-249
-91
42
-67
-324
-450
-384
-242
-130
-70
-139
-327
-419
-338
-190
-111
-75
-105
-283
-452
-347
-27
129
14
-195
-333
-449
-508
-348
-80
-61
-430
-723
-583
-336
-346
-467
-503
-621
-912
-997
-644
-257
-347
-701
-826
-707
-561
-467
-234
-4
-100
-428
-543
-233
166
307
247
188
114
33
101
436
761
713
419
332
553
746
758
765
893
917
710
526
585
736
745
671
692
742
626
367
192
186
272
330
319
207
0
-147
-141
-39
25
33
43
31
-74
-180
-89
125
225
123
-1
39
142
184
218
265
307
260
191
226
314
314
225
141
114
70
8
-67
-175
-258
-284
-269
-381
-574
-728
-728
-649
-675
-796
-898
-893
-925
-1024
-1012
-858
-825
-1012
-1084
-899
-705
-751
-938
-954
-803
-674
-546
-386
-338
-474
-584
-391
50
370
401
257
160
222
402
644
886
1039
985
708
438
491
838
1097
1019
761
590
485
363
336
495
636
502
199
45
53
35
4
102
243
159
-103
-219
-38
173
157
36
34
160
208
154
169
277
323
276
278
366
427
399
413
530
647
612
473
387
388
431
435
410
308
129
-4
-22
-25
-120
-276
-420
-509
-608
-686
-722
-759
-847
-914
-876
-847
-909
-1025
-1078
-1058
-971
-876
-791
-774
-894
-976
-849
-581
-442
-523
-597
-526
-399
-334
-251
-83
49
10
-115
-75
117
222
206
262
402
398
199
133
387
640
564
340
279
320
255
188
349
563
486
195
72
213
335
272
227
332
410
321
233
325
455
422
292
305
447
513
425
347
417
510
503
447
462
543
592
570
542
548
554
568
578
578
531
424
327
293
321
317
217
49
-52
-57
-45
-84
-182
-302
-429
-522
-546
-544
-549
-559
-595
-695
-837
-866
-726
-603
-695
-838
-801
-630
-540
-590
-556
-412
-360
-436
-458
-307
-152
-123
-140
-86
-37
-93
-163
-78
85
125
29
-98
-129
-74
0
13
-30
-114
-182
-135
-55
-16
-41
-97
-165
-215
-173
-22
75
-21
-169
-162
4
146
191
207
233
225
224
319
492
585
561
539
579
651
692
739
795
828
809
787
793
829
864
858
807
749
742
708
599
509
524
565
464
271
170
175
126
30
4
-5
-161
-385
-388
-213
-181
-379
-499
-439
-442
-583
-624
-428
-330
-518
-706
-619
-420
-409
-496
-447
-337
-383
-499
-482
-365
-353
-413
-362
-246
-269
-430
-454
-330
-283
-357
-379
-269
-184
-266
-380
-352
-254
-208
-200
-159
-132
-173
-254
-266
-181
-113
-118
-150
-210
-267
-273
-215
-135
-131
-174
-145
-48
-8
-62
-96
-21
98
164
177
180
170
160
215
357
514
542
447
369
402
524
645
700
684
637
596
589
616
668
693
661
579
495
440
433
437
395
319
252
226
203
120
15
-38
-39
-55
-137
-211
-208
-163
-181
-293
-388
-386
-324
-310
-366
-429
-455
-476
-489
-451
-395
-411
-480
-519
-482
-450
-491
-517
-443
-325
-296
-343
-362
-332
-312
-306
-247
-119
-30
-83
-221
-275
-200
-80
-30
-76
-132
-169
-169
-150
-106
-70
-69
-95
-130
-133
-116
-96
-111
-84
9
77
14
-116
-121
20
135
125
118
199
262
209
146
242
418
508
501
466
433
392
395
494
612
629
558
494
457
451
511
625
673
569
444
427
459
440
401
459
538
432
170
12
87
239
274
196
91
-42
-198
-237
-105
27
-38
-267
-415
-419
-388
-383
-388
-375
-425
-560
-644
-614
-508
-442
-443
-443
-424
-438
-446
-397
-280
-182
-184
-239
-259
-203
-141
-101
-77
-61
-81
-142
-206
-201
-104
-15
-8
-66
-103
-94
-91
-87
-62
-16
6
-25
-57
-68
-47
-39
-45
-14
43
61
11
-59
-40
76
159
180
173
162
147
156
223
315
341
314
333
410
461
467
491
553
576
560
580
642
689
660
638
678
703
654
570
531
556
563
504
418
342
314
287
221
157
138
103
-13
-128
-136
-92
-141
-285
-367
-370
-426
-531
-536
-430
-413
-534
-615
-559
-489
-531
-561
-468
-349
-366
-460
-460
-382
-353
-405
-418
-319
-253
-323
-434
-440
-366
-341
-383
-372
-303
-285
-359
-425
-383
-294
-258
-267
-272
-273
-302
-328
-288
-230
-219
-250
-270
-261
-240
-232
-221
-189
-154
-118
-86
-72
-53
-23
14
70
128
184
232
269
324
389
422
427
452
530
616
664
668
650
631
619
653
709
730
688
615
562
533
513
483
446
399
347
319
301
259
198
151
123
102
103
129
138
64
-46
-103
-83
-59
-71
-56
-34
-65
-154
-209
-176
-123
-103
-95
-77
-122
-229
-309
-281
-194
-156
-215
-313
-376
-402
-396
-378
-350
-341
-379
-437
-494
-499
-439
-392
-423
-511
-576
-559
-507
-490
-498
-514
-499
-487
-499
-502
-469
-397
-355
-359
-349
-293
-242
-233
-185
-52
70
69
9
32
129
205
228
258
317
342
315
310
373
439
455
430
425
439
441
447
432
399
373
386
424
424
392
361
359
389
417
440
435
405
377
376
393
419
443
429
386
322
300
318
331
330
309
268
224
186
179
186
166
128
85
57
20
-21
-35
-44
-84
-139
-171
-176
-182
-213
-245
-263
-300
-339
-352
-343
-345
-377
-412
-426
-421
-444
-464
-469
-447
-412
-386
-378
-382
-369
-353
-325
-297
-251
-202
-187
-202
-205
-148
-71
-40
-40
-34
-22
-27
-22
15
61
86
76
56
46
44
70
106
125
105
58
50
83
124
143
146
142
139
135
158
213
254
251
243
257
291
309
331
384
424
412
376
378
401
435
461
490
495
457
405
387
407
414
392
371
349
320
281
258
245
214
186
160
106
31
-32
-39
-47
-103
-185
-233
-239
-249
-296
-352
-406
-459
-497
-499
-470
-475
-524
-564
-547
-522
-527
-513
-445
-401
-417
-437
-397
-324
-292
-293
-263
-216
-199
-210
-207
-168
-136
-138
-134
-117
-118
-146
-155
-107
-53
-57
-123
-160
-131
-76
-37
-40
-68
-126
-164
-127
-29
41
19
-48
-64
-36
7
61
121
151
110
78
111
183
219
213
249
309
317
275
271
328
373
372
369
406
443
440
436
460
487
475
423
370
355
356
344
319
282
229
187
145
110
90
67
35
-25
-83
-93
-79
-97
-157
-201
-203
-222
-274
-312
-281
-228
-223
-266
-292
-278
-264
-258
-231
-196
-202
-249
-284
-265
-222
-203
-205
-238
-270
-285
-283
-266
-252
-260
-301
-341
-346
-315
-275
-270
-295
-304
-323
-338
-323
-270
-212
-209
-225
-241
-223
-197
-178
-135
-95
-81
-92
-85
-45
-6
4
27
87
133
136
142
194
268
297
297
332
400
431
426
442
495
519
510
523
569
584
537
500
509
532
505
463
457
453
404
339
308
313
304
289
270
240
199
151
135
146
147
124
93
66
35
-6
-28
-27
-29
-70
-126
-147
-140
-145
-174
-186
-179
-195
-237
-249
-212
-205
-251
-283
-263
-227
-256
-316
-313
-276
-271
-300
-300
-273
-284
-326
-334
-293
-241
-220
-237
-262
-288
-305
-287
-236
-201
-208
-255
-286
-284
-266
-229
-190
-173
-183
-204
-199
-140
-69
-35
-22
-11
-13
-5
34
109
188
209
191
181
204
230
254
306
365
384
359
330
325
341
369
407
425
388
312
276
317
376
407
393
363
316
273
286
341
382
348
258
214
227
236
212
193
187
176
127
66
51
49
4
-55
-74
-62
-73
-138
-179
-176
-146
-157
-193
-207
-211
-226
-255
-249
-213
-209
-272
-322
-302
-257
-253
-275
-276
-253
-258
-287
-268
-229
-216
-241
-265
-249
-238
-241
-233
-206
-199
-222
-244
-238
-195
-150
-133
-131
-138
-140
-139
-124
-89
-55
-32
-37
-51
-36
7
38
32
35
50
60
80
102
135
151
146
152
175
182
180
206
265
289
275
261
284
293
289
310
332
335
296
271
281
297
296
287
274
236
187
160
172
186
163
134
97
50
15
7
31
36
-8
-62
-82
-80
-95
-106
-113
-119
-140
-171
-178
-166
-173
-199
-219
-224
-215
-219
-227
-218
-213
-234
-268
-275
-255
-226
-199
-197
-208
-230
-232
-203
-175
-157
-157
-169
-190
-204
-195
-181
-152
-132
-131
-138
-168
-184
-170
-128
-92
-102
-112
-112
-114
-120
-117
-76
-33
-13
-18
-2
22
24
32
57
110
135
132
147
177
209
203
209
242
255
250
240
268
301
292
272
278
290
271
247
253
286
285
251
220
211
209
207
216
233
221
172
133
111
120
116
102
92
68
38
7
1
-7
-8
-4
-19
-43
-67
-91
-105
-104
-91
-76
-100
-147
-170
-175
-181
-183
-181
-180
-206
-243
-242
-212
-211
-229
-235
-212
-216
-249
-268
-248
-216
-213
-219
-243
-259
-265
-236
-195
-181
-199
-217
-192
-164
-134
-107
-87
-73
-96
-99
-54
17
45
35
27
31
43
63
106
145
171
149
143
162
193
232
257
273
272
264
262
269
284
310
336
342
341
334
322
319
337
381
403
377
334
302
291
309
321
329
320
274
207
157
161
183
200
176
134
90
57
57
55
41
12
-26
-51
-70
-90
-84
-83
-116
-188
-226
-203
-186
-190
-197
-207
-234
-267
-280
-251
-232
-258
-283
-300
-302
-296
-291
-274
-261
-267
-281
-272
-253
-235
-225
-229
-229
-221
-199
-174
-152
-142
-141
-141
-148
-140
-117
-95
-83
-73
-61
-49
-55
-59
-37
-3
36
44
53
53
49
66
93
129
149
150
149
158
175
199
232
261
265
269
279
298
323
321
318
322
319
315
315
317
319
327
323
302
279
255
251
255
247
231
204
179
154
133
114
85
74
51
5
-32
-59
-81
-97
-106
-124
-161
-202
-228
-234
-248
-263
-249
-253
-287
-326
-335
-308
-304
-331
-347
-337
-334
-346
-350
-333
-311
-315
-316
-303
-293
-288
-302
-294
-271
-269
-269
-269
-259
-243
-236
-227
-210
-209
-218
-213
-175
-141
-135
-140
-137
-141
-143
-110
-52
-28
-40
-45
-35
-5
18
33
69
107
135
131
122
139
168
210
232
242
251
273
289
286
305
332
339
332
321
334
341
338
332
323
315
291
277
274
282
271
252
237
213
177
147
154
163
139
88
66
61
44
18
7
18
13
-18
-33
-27
-21
-26
-42
-57
-78
-98
-111
-98
-86
-108
-136
-159
-158
-143
-148
-172
-189
-188
-197
-206
-194
-179
-195
-223
-246
-251
-218
-190
-188
-198
-214
-225
-229
-221
-192
-160
-151
-182
-206
-202
-168
-149
-130
-96
-84
-82
-98
-78
-39
-6
12
30
55
63
68
89
131
166
176
178
189
198
218
251
289
309
295
276
278
298
327
336
323
313
305
300
293
297
305
315
299
251
222
212
217
206
191
187
162
133
121
128
117
98
79
62
50
21
7
16
20
6
-21
-38
-55
-78
-85
-80
-80
-93
-128
-153
-160
-163
-152
-159
-165
-180
-185
-190
-192
-188
-193
-193
-195
-196
-203
-207
-216
-212
-204
-206
-218
-231
-230
-224
-216
-217
-201
-186
-187
-185
-173
-154
-133
-120
-113
-97
-84
-69
-59
-56
-31
-1
16
30
47
70
77
78
91
110
113
111
123
145
163
179
189
186
183
182
176
183
202
214
207
190
179
187
198
199
212
223
219
197
183
178
183
193
186
163
144
137
122
108
106
116
110
86
59
47
51
44
22
15
2
-24
-42
-50
-49
-56
-83
-98
-103
-117
-117
-134
-149
-168
-182
-190
-207
-215
-228
-231
-245
-260
-254
-252
-271
-284
-285
-279
-273
-284
-291
-275
-269
-270
-260
-248
-229
-214
-216
-203
-183
-165
-166
-164
-146
-127
-117
-111
-84
-51
-42
-40
-26
-6
13
22
42
67
82
80
82
93
115
129
139
158
170
168
172
184
198
209
198
201
213
209
200
191
195
205
208
205
208
203
190
190
175
170
184
188
187
161
141
133
128
122
115
116
89
57
43
47
49
50
33
15
1
-26
-41
-34
-22
-29
-49
-74
-91
-106
-117
-125
-125
-128
-144
-161
-169
-162
-158
-156
-146
-150
-174
-190
-171
-157
-167
-169
-164
-162
-171
-182
-165
-131
-122
-139
-146
-139
-129
-123
-115
-85
-80
-93
-99
-85
-58
-43
-23
-12
-2
-2
-1
31
53
68
74
74
82
81
96
120
143
147
132
132
146
161
176
197
211
209
195
199
221
243
249
245
238
226
225
227
229
235
238
223
208
205
193
174
159
138
122
115
97
72
51
32
19
3
-7
-15
-26
-47
-68
-76
-72
-82
-103
-121
-125
-121
-135
-144
-151
-148
-146
-160
-162
-157
-154
-160
-165
-161
-160
-158
-164
-165
-153
-150
-151
-150
-157
-157
-150
-140
-138
-136
-127
-103
-96
-101
-98
-83
-75
-76
-70
-62
-57
-50
-42
-23
7
5
4
6
10
27
47
75
89
91
84
87
112
128
147
148
155
171
185
198
202
209
210
208
210
213
213
208
195
192
191
190
181
170
155
142
143
141
133
114
101
91
75
69
72
71
67
47
24
12
2
-13
-16
-19
-29
-45
-64
-73
-62
-58
-68
-81
-97
-105
-105
-109
-108
-112
-131
-139
-149
-152
-154
-149
-147
-143
-141
-145
-159
-165
-146
-142
-146
-165
-168
-159
-168
-180
-172
-155
-144
-158
-169
-154
-146
-133
-132
-126
-116
-117
-106
-88
-58
-45
-42
-41
-37
-21
-7
12
21
31
34
48
66
79
86
82
96
112
125
136
136
134
130
137
142
142
145
149
153
152
150
152
145
139
140
143
141
131
124
125
119
110
106
99
89
78
73
75
64
57
47
26
12
8
7
3
-11
-28
-32
-44
-49
-56
-61
-63
-74
-82
-83
-92
-95
-100
-120
-125
-121
-123
-135
-149
-152
-157
-171
-173
-168
-170
-177
-183
-186
-180
-180
-183
-169
-162
-165
-171
-169
-157
-153
-157
-150
-141
-136
-127
-112
-101
-98
-86
-58
-44
-33
-21
-10
-1
3
15
37
52
59
54
53
70
78
90
111
129
143
137
132
139
153
168
161
166
162
161
174
180
197
190
180
169
162
153
153
159
163
159
150
143
131
129
120
120
135
135
109
87
72
68
65
50
48
36
21
9
0
3
-2
-15
-22
-30
-42
-57
-64
-68
-71
-80
-89
-106
-116
-111
-109
-123
-138
-144
-144
-142
-135
-138
-135
-140
-144
-139
-140
-139
-147
-135
-129
-132
-125
-118
-104
-97
-106
-101
-80
-58
-55
-52
-47
-38
-30
-20
-10
10
22
21
26
39
52
68
82
97
118
120
128
141
158
175
187
198
204
213
213
219
222
230
230
216
226
222
215
207
210
223
213
200
193
199
196
183
172
157
142
128
125
123
115
101
76
48
38
33
22
8
-1
-12
-24
-42
-51
-50
-58
-74
-103
-104
-109
-126
-140
-144
-145
-159
-172
-186
-186
-195
-204
-193
-182
-181
-193
-192
-179
-183
-193
-190
-171
-177
-193
-202
-191
-183
-186
-179
-170
-155
-163
-164
-149
-140
-130
-127
-114
-98
-92
-83
-69
-55
-43
-36
-19
-8
2
6
15
30
47
62
61
61
73
79
90
92
96
108
110
107
111
120
123
122
121
116
113
117
125
138
132
115
116
132
137
136
134
133
131
119
102
97
100
97
90
83
80
71
50
41
37
35
33
27
20
6
-6
-18
-30
-37
-42
-43
-48
-56
-62
-74
-81
-96
-112
-117
-118
-118
-127
-133
-135
-133
-139
-161
-183
-185
-183
-182
-187
-189
-189
-183
-188
-182
-169
-165
-159
-155
-147
-141
-134
-121
-112
-111
-104
-101
-82
-66
-61
-52
-44
-27
-25
-17
-4
10
19
16
26
40
52
62
68
75
94
95
102
112
112
114
110
125
132
136
138
134
133
130
137
146
148
144
139
126
117
119
126
125
114
106
103
101
97
98
93
91
87
79
81
85
79
68
61
54
45
43
43
42
29
27
20
19
20
3
-3
-12
-12
-12
-20
-24
-29
-38
-45
-47
-50
-52
-58
-59
-58
-58
-64
-72
-60
-63
-70
-66
-65
-58
-64
-68
-76
-69
-64
-65
-63
-61
-54
-58
-55
-51
-42
-31
-23
-17
-12
1
7
16
21
30
37
46
56
70
69
70
73
74
82
93
107
118
118
111
113
121
123
121
121
124
131
126
129
136
138
135
127
125
120
119
125
121
117
106
102
103
110
108
97
88
80
74
62
53
45
36
26
19
6
-3
-5
-19
-25
-34
-36
-34
-52
-64
-71
-70
-73
-81
-85
-95
-106
-114
-119
-117
-123
-142
-147
-147
-149
-148
-150
-151
-148
-155
-163
-163
-156
-159
-164
-162
-165
-160
-151
-147
-134
-130
-126
-126
-123
-111
-93
-84
-87
-81
-76
-73
-60
-40
-27
-25
-23
-15
-6
8
16
25
24
34
50
56
66
75
82
85
84
79
78
84
91
106
110
109
103
96
103
109
113
116
108
98
93
87
91
91
94
83
80
73
65
61
53
54
48
45
42
37
29
22
13
12
7
-5
-15
-24
-34
-59
-68
-72
-83
-92
-91
-85
-88
-100
-120
-129
-127
-126
-126
-122
-127
-142
-156
-162
-160
-166
-163
-161
-160
-164
-174
-164
-150
-131
-127
-120
-82
82
224
-57
-531
-227
460
151
-548
-342
244
137
-146
43
318
53
-414
-263
388
374
-264
-281
45
368
402
202
13
160
393
154
227
329
248
44
-265
-144
215
311
-224
-265
112
133
-24
-381
-161
-282
-432
-353
-352
10
17
-70
-184
-243
-159
-104
9
90
193
323
168
183
277
274
418
317
310
422
476
400
379
393
174
108
122
102
124
178
229
54
-227
-368
-436
-430
-345
-194
-194
-320
-385
-536
-562
-454
-379
-304
-219
-102
-66
-87
-23
24
-24
-46
63
253
381
463
481
373
185
94
150
257
355
448
466
335
77
-118
-139
-97
-34
-20
-23
-59
-142
-220
-302
-311
-339
-368
-273
-66
89
86
-11
-85
-102
-110
-29
176
372
507
472
334
218
159
203
242
384
514
509
380
250
189
115
74
57
76
108
116
111
41
-92
-208
-285
-316
-226
-92
-21
-20
-68
-176
-289
-284
-212
-86
65
161
149
74
-18
-91
-79
6
89
136
165
150
99
19
-43
-78
-83
-74
-51
28
62
-8
-129
-258
-313
-279
-197
-107
-23
-27
-104
-186
-259
-295
-253
-151
-85
-33
10
-1
-72
-156
-163
-95
-20
13
54
92
73
24
-23
-66
-77
-44
4
83
114
96
14
-114
-192
-180
-85
-39
-4
56
73
21
-69
-102
-90
-47
42
107
147
156
136
107
49
49
82
128
178
220
227
187
125
53
14
-16
-5
57
100
78
31
-24
-70
-136
-143
-91
-32
9
4
-3
-36
-67
-70
-48
-60
-58
-9
16
25
51
53
35
-10
-25
10
51
76
54
29
-25
-63
-49
-46
-86
-96
-79
-109
-117
-137
-185
-198
-188
-178
-177
-199
-217
-147
-80
-86
-85
-75
-100
-93
-32
-9
-10
1
32
74
65
50
79
90
37
-28
14
76
25
22
61
62
39
-31
-64
-35
32
40
11
5
-20
0
3
5
36
52
28
-25
31
98
98
59
18
48
88
81
101
146
119
46
41
87
92
72
46
39
45
28
18
11
10
4
-4
7
-21
10
27
-34
-47
-39
-11
-24
-11
23
16
48
24
20
58
34
24
35
60
20
-9
6
-30
-16
4
-16
-39
-46
-23
-33
-72
-109
-112
-90
-125
-148
-87
-46
-72
-88
-89
-80
-72
-63
-48
-14
-22
-67
-38
4
20
8
42
58
44
72
106
103
91
114
113
108
130
170
170
133
83
69
97
126
150
133
109
79
86
101
91
86
75
94
94
60
43
81
99
48
37
70
113
88
47
58
95
101
65
18
22
70
87
76
53
45
44
21
29
44
53
35
-14
-38
-27
5
24
-2
-47
-45
-35
-44
-72
-100
-76
-68
-100
-116
-93
-72
-73
-86
-92
-66
-64
-58
-26
-34
-60
-55
-29
-14
-6
11
16
17
19
24
31
13
7
-2
-2
12
18
8
-31
-76
-85
-51
-74
-107
-94
-69
-76
-123
-120
-61
-57
-81
-68
-31
-7
-42
-48
-31
-27
-14
4
33
52
99
89
47
52
65
106
85
89
151
170
128
48
41
56
61
43
30
49
28
-13
-39
-39
-55
-78
-83
-44
14
12
-30
-68
-84
-73
-63
-37
11
39
16
-24
-27
-15
-30
-60
-44
-2
3
-5
-24
-60
-97
-130
-140
-122
-83
-72
-94
-133
-158
-164
-185
-186
-170
-141
-110
-117
-113
-127
-178
-210
-181
-130
-93
-64
-48
-51
-82
-96
-96
-68
-32
-14
5
2
15
32
9
-27
-35
18
45
40
74
79
38
-3
-6
11
33
58
65
80
71
36
1
9
37
46
63
71
80
78
47
4
-22
13
60
58
49
68
77
47
3
3
34
53
53
67
93
70
38
2
-11
16
26
37
40
44
24
-13
-38
-49
-54
-44
-12
29
42
7
-30
-50
-47
-59
-34
32
45
34
24
20
8
11
27
37
65
77
108
101
48
13
-4
19
24
49
72
49
26
9
-15
-62
-92
-82
-60
-48
-51
-57
-85
-136
-141
-113
-74
-46
-32
-22
-6
-4
-24
-33
-31
19
53
68
88
106
93
63
72
88
118
129
135
139
132
119
87
76
69
77
93
107
118
104
95
76
54
43
54
80
101
106
105
101
99
89
81
92
111
126
121
118
118
97
74
57
63
73
70
69
71
78
41
-2
-13
-5
-7
-4
14
11
-11
-44
-40
-37
-64
-77
-74
-67
-65
-65
-70
-100
-114
-97
-73
-77
-61
-39
-41
-52
-67
-45
-47
-72
-45
8
14
-17
-28
-24
-29
-44
-41
-16
-4
-27
-31
-14
-13
-26
-41
-46
-58
-46
-26
-43
-56
-44
-39
-61
-63
-27
-3
-3
-19
-16
-16
-28
-18
1
15
4
1
17
28
38
48
42
44
44
34
31
45
52
42
44
35
34
41
33
33
44
52
31
-1
-9
-3
9
-3
-19
-21
-31
-45
-57
-57
-52
-54
-59
-82
-87
-76
-80
-99
-103
-82
-83
-102
-126
-123
-105
-127
-126
-110
-99
-105
-115
-105
-93
-74
-79
-90
-93
-82
-81
-82
-70
-76
-87
-94
-79
-68
-65
-72
-80
-82
-92
-93
-82
-72
-53
-45
-54
-62
-35
-12
-25
-41
-46
-30
-17
-6
6
20
25
25
34
47
55
53
51
58
64
69
73
68
74
69
72
87
81
73
70
75
73
63
45
50
65
51
28
20
29
25
12
-1
1
13
2
-9
-7
-4
-14
-27
-13
10
11
-10
-4
9
15
5
-4
8
1
-10
-8
-4
0
2
6
-2
0
12
8
6
3
5
14
22
23
11
20
38
24
15
21
32
34
28
23
26
37
33
31
33
34
38
34
36
30
15
16
11
22
38
42
35
38
38
38
36
27
36
49
56
52
66
65
48
50
56
75
82
70
78
95
102
91
93
91
82
77
76
84
79
61
43
33
38
40
28
25
36
51
35
18
28
35
24
3
8
32
38
30
36
53
57
36
30
46
53
56
51
47
44
44
42
37
48
54
41
23
22
35
33
18
9
16
16
-21
-28
-21
-24
-29
-44
-56
-46
-39
-44
-60
-75
-72
-62
-61
-73
-66
-56
-58
-89
-106
-80
-69
-72
-80
-73
-51
-55
-65
-56
-33
-35
-44
-40
-31
-11
8
0
-13
-9
-2
10
17
30
38
43
40
29
28
22
23
40
54
50
41
39
18
14
20
27
24
4
-8
-11
-5
-13
-17
-13
-20
-24
-26
-14
-11
-18
-29
-41
-30
-34
-50
-47
-48
-52
-50
-49
-53
-58
-47
-49
-36
-25
-25
-28
-39
-32
-19
-18
-29
-37
-42
-44
-52
-54
-57
-62
-75
-79
-72
-61
-71
-81
-82
-91
-92
-80
-75
-81
-85
-88
-80
-71
-81
-75
-62
-61
-60
-56
-51
-52
-54
-52
-47
-44
-39
-40
-38
-34
-38
-48
-55
-56
-48
-43
-33
-19
-17
-21
-27
-16
-2
1
-2
2
0
-4
4
26
50
49
44
47
57
79
82
79
83
99
108
96
101
106
98
83
87
97
102
90
76
81
84
84
73
69
60
60
65
58
47
34
34
32
32
34
33
30
25
22
18
5
-4
-21
-20
-15
-24
-28
-39
-52
-70
-77
-67
-67
-76
-86
-100
-107
-99
-105
-115
-111
-106
-100
-82
-74
-73
-63
-69
-78
-71
-54
-30
-19
-3
4
18
26
20
24
36
56
69
67
69
70
64
62
58
63
59
47
48
54
68
64
52
42
32
33
45
60
56
49
41
40
47
54
66
75
73
75
78
80
86
87
80
76
78
81
74
71
81
82
76
60
55
53
57
53
41
36
18
13
16
14
10
6
10
6
-1
2
5
0
-9
-17
-6
0
-1
-4
2
14
20
18
10
13
15
24
30
16
2
2
5
5
-1
2
-5
-21
-31
-37
-33
-32
-40
-53
-70
-72
-58
-54
-68
-70
-64
-66
-67
-76
-69
-64
-68
-64
-68
-49
-41
-42
-28
-22
-24
-21
-16
-11
-13
-11
-6
0
10
19
16
17
22
23
29
24
23
28
37
29
18
17
24
25
19
17
16
17
21
18
20
29
28
27
19
15
22
23
11
-9
-4
11
3
-7
-10
2
2
-15
-21
-20
-12
-11
-16
-13
-9
-12
-23
-27
-27
-18
-20
-31
-28
-19
-16
-18
-22
-17
-18
-25
-32
-25
-20
-33
-38
-39
-43
-44
-44
-32
-27
-28
-24
-37
-40
-39
-42
-46
-42
-34
-32
-36
-33
-21
-20
-26
-21
-10
-6
-2
-2
4
7
-1
-3
1
5
3
7
19
18
11
6
6
17
10
1
10
19
18
13
14
12
6
7
8
14
17
7
1
-1
2
11
15
18
25
28
32
35
50
46
34
28
24
28
28
28
23
25
30
28
18
17
18
21
27
20
15
11
-2
-5
-4
-11
-14
-24
-29
-27
-24
-17
-22
-34
-39
-42
-43
-45
-49
-56
-57
-56
-49
-38
-41
-50
-40
-35
-36
-33
-37
-37
-39
-48
-53
-62
-64
-54
-37
-35
-47
-49
-43
-39
-29
-23
-27
-35
-35
-31
-18
-4
-7
-6
-1
0
2
4
4
9
13
21
25
34
35
38
51
54
55
56
62
56
47
57
64
65
65
62
68
77
71
63
67
67
56
48
48
45
41
35
24
20
18
10
7
-1
-4
2
3
0
3
14
3
-5
7
9
8
9
8
12
13
9
2
4
17
21
29
32
32
29
19
20
27
30
23
19
14
13
16
16
10
6
-3
-13
-16
-6
0
-7
-7
-12
-9
-9
-4
-3
4
7
11
14
2
-3
-13
-5
8
12
17
16
10
11
18
26
31
30
27
30
36
34
32
36
32
28
26
30
32
33
31
25
22
19
19
26
32
31
40
39
31
29
29
33
36
37
32
28
29
36
40
33
28
22
33
34
31
39
38
31
17
7
10
6
5
-2
-11
-4
-8
-12
-21
-33
-44
-45
-46
-49
-49
-55
-65
-71
-75
-75
-72
-71
-65
-63
-61
-67
-68
-64
-74
-70
-59
-54
-43
-50
-56
-46
-46
-42
-36
-37
-44
-44
-40
-31
-21
-19
-19
-15
-9
-8
-4
3
6
4
0
-2
1
-1
4
8
7
14
21
23
17
12
11
10
7
8
15
10
4
3
-2
2
6
4
-5
-7
-5
-6
0
-12
-18
-19
-15
-12
-11
-18
-23
-27
-37
-33
-33
-36
-42
-38
-30
-25
-21
-24
-19
-20
-16
-14
-11
-7
-5
-6
-13
-21
-28
-27
-33
-27
-28
-23
-18
-16
-12
-16
-19
-25
-24
-15
-14
-22
-25
-31
-36
-34
-31
-34
-37
-42
-40
-41
-36
-43
-53
-44
-41
-38
-34
-33
-34
-37
-35
-34
-32
-31
-29
-28
-25
-22
-20
-11
-9
-5
-1
3
9
6
-1
-2
-2
-2
-5
-6
4
14
13
15
23
23
19
19
23
30
37
43
42
36
41
45
46
49
40
36
38
36
34
35
35
40
45
40
41
35
30
28
21
23
21
20
15
8
6
8
0
-7
-8
0
10
3
-4
-8
0
7
-1
-1
0
2
-3
-4
-3
-1
5
6
12
12
15
8
6
8
11
14
9
11
8
9
21
19
14
19
29
27
24
23
19
25
25
23
30
36
37
30
35
39
49
49
46
45
40
35
35
34
35
37
32
35
34
32
37
38
44
47
44
44
38
28
21
25
27
22
19
22
26
27
29
25
24
24
21
32
42
46
48
42
34
33
33
32
34
31
31
32
35
38
41
42
29
30
33
29
28
34
33
24
16
5
3
2
-1
-13
-17
-19
-26
-32
-24
-22
-21
-29
-44
-38
-28
-29
-41
-44
-52
-61
-63
-61
-57
-46
-42
-51
-54
-53
-59
-56
-58
-58
-63
-65
-62
-60
-57
-53
-59
-54
-40
-38
-33
-37
-33
-37
-30
-34
-43
-39
-37
-29
-21
-22
-17
-17
-17
-13
-4
5
11
10
13
15
12
14
19
25
22
19
18
25
30
32
36
34
22
20
24
22
28
19
6
10
3
-4
-1
-7
-3
-6
-10
-12
-18
-24
-30
-32
-35
-36
-44
-48
-44
-47
-55
-54
-53
-56
-54
-48
-44
-44
-48
-54
-59
-61
-59
-65
-62
-67
-69
-73
-76
-73
-69
-73
-73
-63
-69
-69
-67
-62
-54
-52
-45
-43
-46
-44
-42
-40
-39
-37
-34
-30
-16
-12
-4
0
-4
-4
1
3
16
20
19
16
15
16
11
23
26
28
31
23
28
27
30
30
28
19
17
26
25
28
14
13
2
-15
-7
-5
2
7
3
13
16
18
20
30
35
32
34
37
41
37
39
30
24
15
18
28
33
52
55
54
53
43
46
44
48
46
41
36
24
22
23
25
26
29
29
28
27
34
33
31
24
25
25
23
30
32
36
25
21
22
26
22
29
33
31
28
24
25
23
33
33
30
30
33
36
41
41
39
39
38
36
39
45
43
35
29
29
33
36
39
45
46
53
52
53
54
54
59
60
57
59
64
64
63
59
60
70
64
63
57
60
64
56
54
53
54
61
63
65
65
63
53
37
28
27
23
24
20
11
11
7
2
0
-3
-3
-7
-6
-5
-7
-5
-14
-20
-25
-31
-29
-30
-27
-29
-26
-26
-33
-29
-30
-26
-20
-19
-24
-24
-27
-28
-33
-38
-37
-42
-50
-47
-45
-43
-44
-55
-63
-69
-76
-78
-72
-80
-79
-83
-84
-85
-87
-89
-93
-87
-90
-87
-86
-74
-69
-67
-70
-71
-69
-68
-60
-49
-43
-37
-28
-25
-21
-19
-15
-11
-3
0
0
7
8
0
-3
0
-2
4
10
9
13
11
13
16
17
16
17
13
9
13
17
12
9
6
0
-3
-5
4
6
-2
-9
-8
-7
-13
-25
-30
-35
-34
-35
-41
-41
-45
-46
-49
-45
-46
-49
-54
-47
-48
-46
-44
-54
-50
-58
-62
-62
-63
-55
-54
-53
-54
-51
-45
-48
-47
-46
-45
-39
-42
-41
-41
-48
-46
-47
-43
-39
-32
-30
-24
-25
-24
-16
-17
-16
-19
-21
-20
-19
-17
-11
-8
-4
-2
-1
1
0
-1
-1
-1
-3
-7
-4
-3
2
11
13
13
8
11
20
21
27
31
24
27
31
25
27
33
30
28
27
30
35
35
38
33
38
40
44
54
53
49
47
49
55
55
53
55
48
46
49
44
51
52
49
47
41
45
50
51
54
55
51
47
41
38
34
34
34
35
41
36
30
30
35
41
41
41
41
45
51
49
49
62
60
57
55
49
50
47
42
39
36
37
47
47
49
50
47
48
44
48
51
49
47
46
44
44
40
30
29
32
38
38
38
39
39
29
33
33
26
23
17
20
17
17
18
21
16
3
3
2
2
2
4
8
8
7
8
5
9
11
12
2
-1
4
4
-1
1
-1
-12
-12
-9
-12
-18
-16
-17
-18
-20
-14
-12
-16
-22
-33
-33
-32
-30
-37
-40
-38
-34
-40
-49
-45
-41
-33
-29
-24
-21
-24
-32
-36
-31
-29
-23
-20
-23
-21
-24
-29
-28
-23
-16
-14
-5
-1
-1
-7
-20
-23
-26
-29
-20
-21
-15
-9
-14
-10
-17
-13
-16
-17
-12
-11
-10
-20
-30
-34
-34
-34
-25
-17
-14
-14
-15
-17
-20
-22
-15
-15
-16
-17
-18
-17
-21
-27
-29
-17
-20
-21
-14
-13
-19
-19
-26
-24
-30
-34
-30
-33
-30
-36
-40
-42
-42
-44
-42
-45
-46
-49
-45
-42
-43
-43
-48
-44
-49
-46
-43
-44
-40
-37
-36
-40
-40
-33
-34
-36
-32
-35
-43
-39
-38
-40
-41
-44
-45
-45
-47
-46
-47
-47
-41
-40
-38
-42
-42
-39
-38
-31
-25
-25
-27
-26
-28
-25
-28
-22
-20
-21
-13
-8
6
14
7
12
15
23
31
29
31
30
28
26
33
34
34
40
35
41
41
42
44
43
38
33
35
35
39
32
28
34
30
32
36
42
44
44
44
37
41
44
41
46
46
41
45
45
47
45
42
40
37
36
37
42
46
51
47
46
38
40
41
35
32
28
24
18
14
18
16
13
8
9
7
13
17
18
22
19
22
12
11
10
6
7
9
9
11
17
19
21
23
23
23
24
20
21
28
28
27
35
36
37
42
41
39
46
47
45
47
52
55
49
55
53
57
66
70
71
74
79
77
71
69
63
56
58
59
57
61
65
60
59
61
59
54
47
45
43
41
41
38
32
25
25
19
15
7
7
3
-4
-9
-19
-19
-28
-25
-20
-23
-22
-29
-26
-32
-35
-33
-35
-37
-34
-41
-39
-41
-44
-49
-51
-46
-49
-42
-41
-34
-31
-27
-32
-43
-43
-37
-32
-33
-32
-30
-28
-27
-23
-14
-16
-12
-9
-17
-10
-6
2
-1
-2
-7
-9
-6
-2
1
-4
0
-1
-8
-14
-17
-26
-31
-32
-31
-25
-33
-33
-37
-43
-45
-49
-44
-43
-47
-51
-57
-52
-50
-50
-43
-31
-13
-10
-3
-5
-11
-17
-18
-14
-10
-12
-18
-16
-9
-7
-11
-11
-18
-19
-14
-18
-23
-26
-29
-26
-20
-18
-13
-16
-13
-15
-17
-21
-26
-22
-21
-13
-14
-14
-16
-16
-15
-16
-24
-23
-22
-29
-21
-17
-24
-24
-22
-22
-23
-31
-32
-40
-38
-39
-45
-46
-54
-48
-50
-54
-51
-52
-60
-62
-63
-67
-65
-63
-63
-54
-46
-46
-43
-47
-44
-39
-34
-33
-36
-35
-36
-32
-24
-24
-28
-27
-23
-15
-12
-5
-8
-13
-11
-13
-11
-10
-14
-12
-13
-12
-6
-1
0
4
4
14
21
19
17
16
20
20
25
28
30
27
28
27
28
29
26
28
30
39
36
29
27
23
35
33
33
30
32
29
25
29
29
36
40
40
35
37
40
48
52
50
40
34
37
39
38
37
36
32
35
32
30
27
35
39
39
38
31
33
34
36
40
41
38
43
43
38
46
53
53
52
51
52
53
61
53
46
46
40
43
40
43
39
37
39
42
39
32
34
26
26
22
29
29
34
38
38
43
43
44
42
44
48
44
45
42
34
33
30
31
40
43
46
54
60
56
52
47
43
45
38
35
31
27
25
19
19
19
17
15
19
14
5
4
-8
-16
-13
-22
-23
-20
-24
-22
-21
-29
-32
-39
-45
-44
-46
-45
-46
-42
-48
-55
-60
-56
-54
-51
-49
-43
-39
-48
-44
-45
-57
-65
-66
-60
-59
-57
-58
-59
-53
-47
-42
-40
-35
-32
-30
-26
-21
-22
-25
-24
-23
-20
-24
-21
-13
-10
-4
0
-2
-4
-1
5
7
19
26
21
14
12
18
26
29
19
19
16
13
16
13
15
14
10
4
3
1
4
4
-1
-1
-3
-9
-16
-16
-21
-23
-27
-33
-31
-32
-29
-32
-37
-34
-38
-44
-44
-44
-48
-61
-61
-62
-56
-56
-58
-56
-58
-62
-66
-63
-67
-69
-71
-71
-68
-65
-62
-62
-57
-56
-53
-49
-51
-47
-49
-51
-49
-47
-45
-48
-45
-39
-35
-30
-31
-29
-28
-32
-35
-37
-34
-34
-30
-31
-29
-27
-29
-24
-24
-21
-20
-14
-8
-14
-11
-9
-5
-1
0
3
10
1
-4
2
1
2
2
7
11
14
14
16
17
18
15
8
9
6
2
-1
-4
2
6
10
15
15
18
15
25
25
17
14
12
19
16
21
25
25
27
31
32
26
23
27
25
18
18
19
13
14
19
23
27
34
40
39
42
50
54
56
56
50
50
44
39
39
39
40
41
42
44
46
46
46
51
57
61
63
65
62
59
55
53
58
56
55
64
56
60
69
61
58
55
56
49
48
54
53
56
55
54
53
51
48
42
44
38
37
30
28
26
22
23
20
22
20
25
23
29
32
30
28
21
21
14
8
7
2
-3
-1
-5
-7
-3
-2
5
14
13
17
19
13
11
7
5
6
5
5
6
5
3
6
-1
2
2
3
3
-4
-11
-12
-12
-19
-17
-15
-19
-11
-2
-6
-3
-11
-25
-21
-21
-20
-24
-23
-23
-30
-30
-27
-25
-34
-31
-36
-37
-30
-33
-35
-34
-34
-28
-32
-36
-29
-34
-35
-29
-23
-19
-15
-11
-8
-2
-2
0
0
-1
5
1
1
-2
-6
-6
-4
2
-4
-3
-7
-7
-8
-10
-10
-12
-6
-3
-4
-17
-9
-3
-3
-1
-7
-12
-12
-17
-16
-20
-29
-29
-30
-25
-24
-20
-26
-23
-22
-23
-26
-35
-37
-43
-37
-38
-35
-35
-29
-27
-34
-34
-30
-33
-32
-30
-37
-33
-38
-38
-38
-46
-41
-39
-36
-33
-35
-32
-31
-30
-32
-25
-17
-15
-14
-20
-18
-18
-22
-19
-14
-9
-7
-7
-1
3
-3
-6
-8
-7
-10
-7
-4
3
7
5
9
6
7
4
6
2
2
2
0
1
0
4
12
15
22
23
25
24
26
29
20
16
12
14
16
18
24
26
31
30
25
27
27
25
22
17
17
7
4
0
-4
-2
-3
2
0
-1
-7
-8
-15
-21
-22
-24
-25
-26
-25
-26
-32
-29
-28
-29
-26
-22
-28
-33
-34
-44
-46
-46
-42
-41
-38
-30
-25
-18
-16
-17
-19
-23
-24
-24
-19
-19
-20
-15
-14
-13
-5
2
8
10
11
21
28
31
26
26
25
27
27
30
38
42
44
42
46
44
41
44
43
40
47
54
52
57
57
54
58
53
56
60
54
51
49
44
41
37
36
35
39
42
37
32
30
34
31
29
28
22
17
15
13
9
9
8
11
15
18
17
13
16
20
19
15
11
13
15
18
23
16
14
15
12
14
21
23
24
24
28
30
34
30
35
30
28
29
31
30
20
17
10
5
-5
-2
-2
-1
1
4
7
11
29
27
21
15
10
6
-3
-5
2
-2
-1
-2
-7
-9
-3
4
0
-3
-8
-12
-9
-6
-9
-9
-10
-14
-13
-11
-6
3
11
8
3
2
-1
-1
-1
-5
-6
-7
-10
-11
-6
-10
-9
-6
-12
-16
-21
-17
-10
-10
-6
-4
-10
-18
-20
-16
-11
-13
-11
-16
-20
-24
-29
-30
-31
-37
-38
-32
-37
-37
-39
-38
-35
-41
-43
-47
-45
-50
-49
-45
-46
-42
-43
-41
-38
-34
-30
-29
-24
-24
-21
-21
-18
-20
-22
-24
-21
-16
-13
-7
2
-1
-2
3
5
2
6
1
-3
0
-2
2
5
7
11
3
-13
-12
-6
5
4
7
7
-3
-3
-11
-11
-7
-7
-10
-11
-9
-7
-4
-9
-6
-6
-2
-6
-5
-5
-9
-15
-24
-19
-21
-18
-4
2
-5
-7
-8
-10
-10
-8
-8
-1
5
8
3
-3
0
-1
-4
-2
0
2
7
5
3
-2
-6
-3
-5
2
5
7
9
5
-1
-4
-8
-10
-10
-8
-9
-12
-12
-23
-27
-31
-37
-34
-41
-40
-43
-50
-57
-56
-58
-59
-60
-59
-49
-48
-49
-52
-57
-51
-46
-43
-38
-41
-42
-43
-42
-32
-22
-17
-10
-9
-11
-2
2
6
10
13
9
11
20
27
29
34
44
50
56
58
58
63
61
56
49
46
55
53
53
60
55
55
58
53
63
69
63
64
56
48
49
44
38
30
20
24
29
34
40
30
32
37
26
20
18
11
9
9
6
5
1
0
9
16
21
18
20
22
21
16
15
11
8
11
13
10
15
14
10
15
5
10
17
20
25
20
18
17
23
25
22
23
27
27
29
28
23
22
24
31
28
28
38
44
53
55
47
48
45
48
42
44
43
39
41
39
42
41
49
48
48
45
44
37
34
31
19
15
10
1
-5
-3
-4
2
-1
1
4
8
16
14
8
3
1
1
-3
-4
-2
-6
-16
-19
-17
-14
-8
-12
-10
-4
-9
-11
-13
-13
-6
-11
-9
-8
-11
-5
-3
-4
-8
-11
-10
-12
-15
-8
0
-3
1
2
-2
-6
-9
-16
-23
-26
-22
-18
-20
-22
-26
-26
-35
-34
-43
-40
-39
-37
-29
-38
-38
-38
-39
-39
-45
-45
-49
-50
-44
-46
-48
-51
-57
-60
-62
-61
-60
-52
-44
-43
-43
-47
-41
-39
-41
-37
-39
-43
-43
-41
-38
-33
-33
-41
-46
-49
-48
-39
-37
-33
-31
-36
-33
-32
-24
-21
-22
-24
-25
-27
-23
-16
-12
-2
-2
1
-2
-4
-2
-5
-10
-19
-21
-28
-31
-35
-40
-44
-41
-43
-43
-39
-30
-27
-28
-30
-37
-43
-45
-48
-48
-44
-44
-42
-39
-36
-32
-35
-32
-33
-37
-29
-35
-28
-21
-27
-27
-31
-30
-25
-21
-19
-19
-15
-13
-6
-8
-8
-11
-14
-12
-11
-14
-8
5
10
13
6
8
13
12
13
18
25
25
21
25
32
36
44
45
51
54
54
64
62
59
57
55
51
53
55
59
61
60
64
58
63
69
67
65
60
54
51
50
52
48
46
42
34
34
39
37
35
32
26
25
26
27
25
23
23
26
26
21
16
18
20
22
20
15
7
10
3
7
16
12
15
14
18
24
24
25
24
27
27
31
30
31
36
34
35
36
36
43
49
51
54
54
55
61
58
56
56
55
54
55
56
54
52
55
53
48
54
58
63
66
63
60
55
53
46
46
48
41
40
33
33
30
32
39
33
26
25
18
13
16
16
9
5
1
-5
-4
-11
-11
-10
-10
-13
-11
-16
-19
-19
-19
-18
-21
-25
-21
-24
-28
-21
-24
-27
-29
-24
-19
-19
-23
-19
-23
-25
-21
-17
-11
-13
-12
-16
-18
-20
-22
-25
-30
-33
-34
-41
-41
-38
-33
-35
-37
-40
-45
-44
-46
-47
-53
-61
-68
-66
-70
-74
-72
-71
-70
-69
-59
-55
-60
-58
-59
-59
-61
-60
-69
-71
-70
-78
-74
-76
-73
-68
-65
-60
-54
-58
-64
-58
-53
-48
-41
-33
-35
-34
-26
-20
-17
-26
-25
-25
-25
-23
-15
-12
-9
-6
-6
-1
-3
-2
0
2
5
3
-1
-2
-4
-8
-11
-13
-13
-16
-18
-15
-11
-12
-17
-23
-19
-19
-11
-1
1
1
-9
-11
-15
-21
-20
-21
-21
-23
-21
-20
-19
-20
-15
-18
-16
-15
-13
-10
-9
-7
-17
-20
-32
-30
-33
-35
-26
-24
-26
-29
-24
-23
-24
-23
-25
-25
-30
-27
-20
-24
-20
-21
-17
-13
-12
-5
-3
10
16
11
10
3
5
8
11
23
28
25
30
34
42
55
50
56
59
61
64
64
68
66
64
70
71
72
67
68
63
63
64
58
59
55
57
57
54
53
48
54
56
55
53
45
42
37
36
34
31
28
26
27
30
33
31
31
34
31
24
23
24
25
23
23
19
7
8
7
9
11
9
7
12
20
19
27
27
31
28
28
24
22
24
17
19
19
17
15
11
14
16
14
13
17
18
25
29
28
31
26
23
26
26
23
24
23
26
29
34
28
28
35
37
43
44
45
47
48
49
43
40
38
39
40
45
42
32
30
24
22
20
17
14
19
19
14
12
9
9
8
-2
-13
-21
-22
-21
-21
-23
-29
-37
-45
-42
-34
-30
-27
-31
-31
-38
-38
-36
-38
-31
-40
-41
-44
-46
-41
-44
-40
-31
-24
-19
-12
-7
-3
-3
-3
-4
-9
-9
-11
-11
-10
-16
-13
-6
-10
-8
-1
12
12
9
13
9
8
14
18
13
-1
-5
-4
-6
3
-1
-7
-6
-6
-7
-9
-5
-10
-14
-19
-21
-23
-24
-23
-31
-33
-36
-37
-41
-42
-34
-38
-35
-40
-43
-39
-43
-46
-44
-50
-51
-44
-44
-39
-41
-41
-37
-35
-35
-35
-42
-46
-37
-35
-31
-34
-33
-30
-34
-28
-23
-21
-21
-19
-20
-21
-23
-25
-29
-27
-22
-25
-22
-16
-14
-24
-21
-17
-17
-13
-15
-19
-23
-22
-19
-16
-14
-12
-6
-9
-16
-19
-26
-32
-26
-31
-32
-27
-32
-30
-29
-29
-31
-30
-35
-32
-29
-34
-37
-41
-34
-23
-17
-13
-15
-14
-12
-8
-6
-7
-11
-15
-17
-15
-10
-8
-7
0
0
3
4
10
19
14
11
16
20
24
21
14
16
16
25
32
32
36
31
34
43
45
47
49
43
38
34
30
38
39
42
46
45
52
50
54
55
55
51
54
58
54
58
53
52
49
50
52
44
43
43
36
34
34
28
27
26
23
22
19
15
6
3
3
-3
-8
-12
-10
-11
-9
-17
-22
-21
-20
-16
-15
-19
-24
-27
-26
-30
-30
-28
-23
-20
-18
-13
-10
-8
-10
-8
-3
1
2
3
7
13
22
22
19
16
19
26
30
30
27
34
32
33
38
43
50
47
43
43
44
45
38
38
36
36
41
44
50
51
51
44
41
37
36
34
33
32
31
25
18
22
16
23
19
18
17
20
26
19
20
14
8
9
9
4
4
-2
-4
-1
-3
-4
-4
-8
-5
-10
-15
-14
-22
-17
-17
-13
-15
-19
-18
-23
-25
-23
-18
-19
-27
-32
-35
-25
-26
-26
-16
-7
-4
0
1
3
2
-7
-7
-10
-9
-9
-15
-15
-22
-19
-21
-18
-10
-4
2
8
7
2
-1
-5
-6
-6
-9
-12
-4
-8
-3
-2
-10
-8
-7
-12
-11
-6
-5
-2
-4
-7
-10
-11
-12
-4
0
1
-2
-5
-6
-6
-9
-21
-18
-21
-25
-20
-14
-20
-21
-21
-29
-38
-44
-43
-44
-35
-34
-34
-28
-32
-41
-34
-31
-36
-34
-35
-41
-47
-43
-47
-54
-54
-47
-43
-39
-30
-27
-24
-29
-31
-29
-32
-29
-26
-31
-31
-28
-27
-23
-20
-25
-27
-24
-24
-31
-27
-26
-30
-31
-32
-33
-28
-20
-20
-16
-22
-25
-27
-26
-22
-26
-24
-25
-21
-26
-21
-19
-11
-5
-4
-6
-8
-1
-5
-9
-5
-5
-8
-5
-1
1
2
0
0
0
0
5
3
8
16
19
18
20
19
17
21
19
14
9
17
18
21
25
19
20
24
21
21
28
31
31
31
34
33
31
24
26
32
35
29
28
31
35
33
32
29
28
34
24
24
25
22
22
16
15
16
12
19
18
16
22
19
15
11
12
10
12
12
13
20
17
16
17
24
30
29
27
31
35
34
36
31
22
15
8
13
15
22
26
28
19
20
18
18
20
19
18
17
13
15
21
24
22
20
19
17
21
15
20
21
24
26
26
24
23
24
23
29
30
33
29
24
22
20
21
23
19
23
23
20
22
22
29
32
40
40
35
37
34
31
33
35
32
34
38
40
46
42
44
40
32
34
36
40
35
33
28
22
17
15
18
18
20
21
18
15
16
9
3
3
6
11
10
5
3
6
7
9
6
3
-2
-1
-1
-3
-2
-13
-12
-16
-21
-18
-17
-7
-1
-4
-4
-7
-12
-23
-19
-24
-31
-30
-26
-21
-26
-25
-25
-31
-32
-29
-30
-35
-41
-44
-47
-53
-55
-53
-49
-40
-36
-37
-30
-26
-35
-38
-44
-49
-57
-57
-61
-65
-64
-67
-70
-70
-62
-58
-55
-59
-59
-59
-60
-62
-61
-68
-64
-62
-65
-62
-67
-64
-65
-60
-54
-53
-52
-48
-51
-51
-54
-58
-54
-60
-52
-44
-47
-46
-46
-49
-54
-53
-49
-41
-38
-39
-32
-36
-28
-29
-27
-16
-16
-4
-7
-5
3
2
9
3
4
10
13
17
22
27
26
23
24
21
19
21
21
19
15
15
12
17
13
11
19
18
26
25
26
25
16
21
18
15
19
20
21
17
18
21
14
11
5
9
9
5
8
2
2
-2
-14
-14
-16
-21
-14
-14
-10
-12
-14
-21
-25
-20
-22
-26
-32
-27
-27
-21
-17
-20
-20
-20
-18
-15
-12
-13
-14
-13
-15
-19
-14
-12
-11
2
7
12
18
18
21
20
21
23
30
37
37
43
45
52
55
59
64
64
69
70
71
71
73
69
65
67
67
72
74
74
83
87
82
83
75
65
67
72
73
69
70
70
67
59
59
58
60
65
55
57
55
45
41
39
37
36
41
41
46
48
45
37
32
26
21
21
19
22
22
28
27
28
26
30
21
21
35
34
35
31
28
21
12
8
4
0
-4
4
9
12
18
15
7
9
9
-2
-7
-8
-9
-16
-18
-22
-30
-30
-28
-25
-19
-15
-18
-24
-24
-21
-28
-28
-31
-26
-34
-36
-27
-35
-29
-40
-50
-54
-56
-55
-50
-49
-55
-57
-64
-62
-56
-52
-43
-45
-38
-34
-34
-31
-43
-49
-55
-56
-50
-46
-39
-36
-34
-28
-27
-28
-30
-32
-31
-32
-35
-30
-32
-32
-37
-39
-35
-30
-28
-26
-23
-15
-13
-15
-14
-16
-14
-8
-14
-11
-6
-9
-4
3
3
10
12
17
23
23
18
21
19
18
21
14
11
8
0
-8
-8
-4
-5
-2
-3
2
3
-1
4
5
6
-7
-13
-19
-31
-25
-23
-26
-29
-32
-29
-34
-32
-34
-35
-34
-35
-36
-43
-47
-47
-51
-55
-54
-60
-57
-58
-57
-58
-55
-49
-51
-43
-41
-40
-37
-42
-34
-34
-29
-27
-36
-34
-33
-27
-25
-20
-14
-19
-15
-14
-13
-8
-9
-2
0
3
0
4
7
16
24
20
16
9
4
8
11
12
15
11
16
14
21
23
23
26
25
31
34
35
37
43
37
37
36
34
36
39
41
50
55
46
44
38
39
44
35
31
28
27
30
29
23
13
8
21
24
25
24
19
17
13
16
12
13
9
1
4
3
1
0
6
6
15
15
13
14
16
19
19
16
13
14
13
18
24
33
33
30
27
26
23
21
21
25
30
35
36
43
44
44
42
38
30
33
34
32
37
32
28
22
24
25
24
25
26
20
20
19
18
13
9
4
3
3
2
5
7
2
-3
-7
-15
-21
-23
-21
-18
-13
-19
-22
-20
-16
-12
-13
-11
-10
-8
-11
-9
-6
-8
-7
-12
-15
-6
-8
-4
-5
-12
-8
-9
-4
3
3
4
9
11
16
19
14
14
18
19
21
19
22
26
24
25
18
13
8
13
15
16
16
16
22
21
20
20
20
25
18
18
15
16
14
4
3
6
12
16
23
22
20
18
16
4
4
4
1
0
1
1
1
4
-2
-2
-6
-5
-2
-8
-12
-9
-21
-19
-14
-19
-20
-25
-28
-28
-31
-31
-32
-35
-37
-43
-37
-43
-42
-40
-46
-42
-40
-38
-36
-34
-34
-31
-29
-33
-35
-39
-40
-36
-29
-30
-30
-23
-18
-17
-14
-10
-10
-9
-16
-11
-7
-2
0
-7
-7
-7
-7
-6
-8
-4
0
0
0
-1
0
-2
-6
-4
5
11
9
10
3
2
5
0
-3
-7
-5
-7
-12
-16
-22
-26
-24
-25
-32
-30
-32
-33
-31
-39
-39
-43
-53
-54
-48
-45
-40
-39
-35
-35
-37
-35
-31
-27
-22
-15
-20
-18
-18
-20
-9
-6
7
17
14
25
20
29
32
29
33
38
38
34
48
51
51
49
46
45
48
56
58
61
61
59
50
41
44
41
45
36
32
30
26
20
10
7
-10
-7
-12
-13
-17
-24
-26
-25
-26
-34
-37
-40
-34
-37
-35
-34
-35
-31
-37
-41
-39
-34
-29
-28
-18
-16
-14
-15
-18
-12
-20
-16
-9
-9
-7
-14
-13
-16
-18
-16
-18
-15
-12
-9
-5
-1
-2
5
3
-1
0
-4
5
5
8
10
3
3
0
2
9
14
21
19
16
18
20
15
16
19
27
35
41
42
38
29
25
27
19
23
24
24
25
25
24
33
34
33
29
27
36
34
31
29
28
18
12
7
13
23
27
28
26
21
11
6
5
4
-3
-1
4
5
13
5
2
10
7
7
8
0
5
4
-2
0
-5
-6
-6
-9
-11
-6
-1
5
10
7
11
6
2
4
3
3
6
6
11
16
15
20
25
20
23
32
32
31
27
28
34
31
31
38
33
31
34
35
34
32
32
33
30
28
27
31
30
29
31
24
21
22
20
15
9
2
-4
-2
-3
-6
-6
-6
-7
-4
-8
-12
-15
-21
-21
-23
-31
-29
-30
-32
-38
-38
-35
-34
-35
-36
-38
-41
-37
-36
-34
-37
-37
-31
-26
-24
-26
-31
-36
-41
-32
-35
-32
-27
-29
-20
-23
-25
-19
-16
-20
-18
-13
-17
-13
-17
-18
-15
-13
-6
-13
-7
0
-4
-7
-14
-12
-6
-7
-2
-2
-2
0
-1
-2
0
-3
-8
-18
-17
-14
-12
-6
-3
-4
-9
-3
-6
-1
2
2
9
5
-5
-5
-17
-23
-19
-14
-11
-12
-9
-12
-9
-12
-18
-27
-28
-25
-21
-20
-18
-14
-18
-17
-21
-26
-23
-26
-25
-16
-15
-17
-18
-16
-21
-17
-11
-8
-5
-1
-4
-2
3
-2
3
-2
1
6
6
7
8
4
-2
-2
-2
-8
-12
-12
-6
-9
-12
-7
-12
-12
-8
-6
-13
-8
-2
0
10
3
0
-2
-6
-8
-10
-14
-17
-15
-17
-20
-20
-19
-12
-11
-12
-7
-8
-6
-7
-14
-17
-23
-24
-26
-25
-30
-23
-15
-16
-12
-11
-11
-17
-21
-25
-20
-15
-21
-25
-21
-24
-20
-12
-7
0
3
13
13
17
15
13
9
4
9
14
18
24
27
23
25
28
27
34
37
43
55
55
56
55
53
53
59
62
65
68
76
80
76
80
75
77
76
81
86
79
76
70
70
69
65
62
57
50
52
50
40
40
39
41
31
26
32
28
27
27
28
20
15
9
5
9
16
13
18
22
19
16
19
18
18
22
19
22
23
20
16
13
13
10
13
11
12
16
14
11
7
7
11
11
13
16
15
20
16
8
12
14
8
9
8
7
14
13
14
4
-6
-6
-8
-1
-6
-10
-10
-14
-9
-6
-7
-11
-11
-10
-18
-22
-24
-20
-17
-25
-24
-22
-24
-25
-25
-24
-19
-20
-23
-25
-28
-25
-27
-28
-24
-30
-28
-24
-29
-28
-24
-30
-26
-23
-25
-25
-27
-27
-23
-24
-29
-29
-30
-21
-24
-24
-13
-11
-11
-10
-9
-4
-8
-5
-8
-8
1
-3
-3
-3
-7
-8
-10
-9
-3
2
-3
-7
-6
-5
-7
-12
-14
-12
-9
-9
-11
-9
-11
-12
-11
-14
-15
-18
-16
-14
-15
-19
-24
-18
-17
-17
-15
-20
-26
-31
-35
-31
-30
-30
-30
-29
-27
-30
-30
-33
-36
-37
-40
-39
-45
-50
-49
-42
-39
-36
-34
-37
-37
-33
-30
-25
-29
-42
-42
-45
-41
-36
-35
-42
-39
-39
-42
-32
-31
-23
-24
-27
-19
-21
-20
-18
-20
-25
-24
-28
-33
-28
-25
-27
-25
-30
-26
-17
-9
-9
-7
-5
-11
-12
-12
-17
-18
-17
-9
-6
-10
-3
-7
-9
-4
-2
8
7
9
16
14
15
14
15
14
18
21
22
24
29
33
34
38
36
37
41
40
38
36
34
36
42
43
41
43
45
46
47
47
53
52
52
53
56
55
51
49
39
38
43
36
35
22
20
25
24
25
19
25
22
24
32
30
32
32
34
36
42
38
30
33
37
36
35
27
27
38
38
41
40
39
41
43
44
42
40
33
29
22
15
17
20
16
15
13
12
14
12
14
12
15
24
21
15
13
8
3
1
0
1
2
1
3
8
10
12
9
-1
1
1
3
5
10
9
2
5
0
4
2
2
4
2
10
13
17
12
6
8
4
9
15
20
15
7
5
3
9
3
0
5
3
1
6
3
1
8
2
9
3
7
10
8
10
11
14
5
7
5
6
4
-1
-8
-13
-14
-18
-25
-22
-14
-20
-18
-19
-15
-13
-19
-19
-20
-19
-21
-24
-25
-27
-34
-33
-38
-39
-38
-35
-26
-29
-26
-32
-35
-37
-39
-44
-41
-37
-40
-36
-35
-35
-35
-39
-42
-50
-46
-46
-49
-44
-47
-45
-44
-42
-38
-39
-44
-44
-36
-30
-30
-31
-36
-42
-43
-48
-50
-53
-53
-47
-41
-37
-33
-36
-37
-34
-36
-37
-42
-43
-38
-47
-53
-49
-48
-38
-35
-37
-34
-34
-27
-22
-26
-35
-37
-31
-38
-29
-29
-22
-21
-26
-21
-23
-21
-20
-16
-9
-5
-5
-8
2
5
4
5
5
8
17
20
19
20
15
23
23
17
15
8
8
6
8
13
17
17
12
18
15
15
14
10
12
14
11
13
16
21
23
24
24
24
28
28
27
27
27
25
25
22
22
22
17
19
12
16
15
15
22
21
19
17
17
13
13
9
6
11
13
18
16
12
13
14
15
8
9
9
0
5
0
-4
1
3
5
8
5
6
2
-2
-3
-7
-8
-3
-4
-9
-2
0
6
11
11
10
10
10
10
11
3
8
10
9
11
11
15
15
9
13
19
19
21
18
18
15
16
24
25
28
37
33
37
39
37
37
43
46
49
56
53
56
59
64
66
63
73
74
75
71
65
72
69
77
83
85
87
90
87
90
88
81
78
73
69
72
72
73
63
57
58
57
57
56
53
49
52
51
48
39
31
25
18
13
15
17
7
6
2
-1
-4
-10
-15
-11
-11
-8
-6
-13
-5
-7
-15
-17
-17
-17
-15
-14
-18
-23
-26
-24
-24
-22
-17
-16
-18
-18
-19
-17
-23
-25
-27
-29
-28
-25
-30
-30
-26
-28
-24
-28
-33
-30
-18
-22
-24
-25
-31
-35
-41
-40
-45
-42
-40
-45
-46
-46
-46
-38
-37
-38
-42
-48
-53
-58
-58
-63
-69
-73
-72
-70
-68
-63
-61
-65
-59
-63
-67
-60
-62
-67
-62
-57
-53
-48
-51
-46
-48
-53
-47
-50
-47
-48
-44
-39
-38
-27
-28
-26
-17
-14
-14
-12
-9
-10
-12
-16
-17
-12
-15
-14
-10
-2
-7
-9
-8
-10
-5
-3
3
6
7
-1
-13
-19
-17
-22
-16
-20
-22
-10
-12
-11
-8
-10
-8
-11
-17
-18
-12
-12
-8
-12
-10
-7
-11
-6
-8
-9
-8
-14
-16
-15
-14
-8
-15
-16
-12
-11
-8
-5
-5
-6
-3
-6
-4
-7
-13
-20
-34
-36
-39
-35
-34
-37
-34
-27
-23
-20
-20
-19
-18
-21
-14
-15
-18
-14
-7
-3
0
-2
-2
0
-4
1
3
3
11
13
15
16
17
18
13
21
25
24
23
18
18
18
7
2
3
2
5
5
5
6
12
15
17
18
23
18
15
10
2
0
-5
-11
-8
-9
-8
3
11
21
25
29
28
22
25
23
20
19
21
21
25
35
37
50
53
56
61
62
55
61
63
63
65
66
72
76
80
79
79
76
78
79
81
79
84
82
82
81
70
73
71
75
79
79
82
79
73
70
62
66
67
61
57
54
48
40
33
28
27
23
16
19
22
21
25
13
12
3
5
1
-4
-1
-8
-3
-5
-10
-3
-10
-16
-16
-18
-15
-12
-4
-6
-8
-5
-2
-1
-6
0
-4
-8
-5
-7
-8
-12
-12
-13
-12
-9
-10
-8
-3
-9
-5
-10
-15
-21
-27
-29
-27
-22
-30
-30
-26
-25
-21
-10
-4
-4
-1
-6
-16
-19
-17
-16
-18
-20
-24
-21
-21
-20
-13
-7
-7
-6
-9
-6
-1
-5
-9
-9
-13
-20
-27
-24
-23
-25
-24
-30
-26
-27
-28
-35
-43
-44
-51
-49
-47
-56
-65
-71
-74
-72
-74
-69
-69
-72
-70
-69
-72
-74
-78
-84
-89
-87
-84
-84
-88
-91
-95
-89
-89
-89
-83
-83
-80
-81
-71
-63
-64
-62
-69
-64
-55
-50
-42
-40
-37
-30
-31
-26
-20
-16
-16
-11
-8
-7
0
-3
-3
-4
-1
5
11
19
24
23
23
26
29
33
34
35
29
22
25
23
27
23
24
27
23
24
27
18
16
21
23
24
18
18
12
11
9
9
5
1
10
8
5
0
1
-5
-3
-2
-5
-1
-7
-2
4
7
4
4
4
8
10
10
7
-2
4
6
2
5
4
2
0
2
7
6
8
13
16
16
21
24
29
30
30
31
31
32
34
36
35
38
44
48
50
50
53
48
45
47
50
58
60
62
62
61
58
49
50
50
57
47
38
39
39
39
40
41
34
32
30
32
27
22
23
24
24
18
21
20
12
8
9
10
5
-1
-3
-4
-7
-2
3
-2
1
7
5
4
-1
1
4
14
13
12
16
22
27
27
25
22
29
42
49
55
51
56
60
65
66
57
67
60
61
74
74
73
70
73
80
82
82
79
81
76
70
69
67
60
49
48
51
44
37
36
29
25
29
23
19
15
8
5
1
1
-8
-17
-18
-24
-23
-30
-34
-43
-43
-47
-47
-47
-46
-44
-50
-50
-54
-57
-62
-61
-64
-60
-63
-70
-72
-74
-66
-61
-52
-50
-49
-44
-40
-35
-36
-32
-40
-37
-34
-36
-31
-36
-39
-36
-37
-33
-30
-31
-22
-23
-21
-16
-22
-19
-21
-20
-12
-19
-18
-16
-22
-26
-23
-22
-17
-18
-23
-24
-29
-31
-27
-26
-28
-30
-42
-43
-39
-43
-41
-39
-49
-54
-53
-56
-53
-59
-62
-59
-63
-58
-57
-65
-57
-47
-44
-39
-44
-50
-52
-50
-48
-46
-48
-46
-44
-47
-48
-39
-41
-43
-39
-34
-29
-19
-16
-8
-3
-4
-1
3
2
6
14
13
23
22
23
26
29
31
35
32
37
41
38
39
34
35
32
42
33
33
35
31
38
37
35
29
23
24
24
23
20
21
13
14
9
5
9
2
-3
-4
-9
-18
-14
-15
-16
-13
-18
-24
-24
-29
-31
-27
-33
-34
-35
-32
-28
-27
-26
-31
-28
-30
-31
-26
-21
-24
-26
-24
-16
-15
-15
-14
-5
-4
-4
4
15
19
18
24
29
30
22
21
19
25
26
28
28
26
31
38
43
50
56
57
63
64
61
58
58
60
58
59
56
59
64
68
62
51
50
55
57
57
60
56
51
49
46
43
43
34
30
30
25
23
26
17
10
3
-4
-7
-3
-1
3
-1
-8
-11
-19
-18
-24
-23
-25
-26
-28
-27
-24
-20
-22
-24
-17
-17
-10
-14
-14
-5
0
-4
-3
-7
-4
1
7
19
15
16
7
9
7
11
16
18
26
32
31
31
38
36
32
28
31
34
37
39
29
20
29
37
36
43
49
46
46
47
41
39
35
35
32
31
28
21
22
24
25
18
16
12
7
6
5
3
1
2
-4
-12
-14
-16
-21
-22
-25
-23
-20
-26
-29
-28
-29
-32
-27
-34
-30
-27
-37
-40
-47
-47
-47
-43
-40
-33
-25
-18
-11
-15
-17
-22
-19
-14
-11
-9
-13
-17
-18
-15
-15
-17
-22
-23
-14
-3
-1
0
-2
-7
-10
-16
-18
-18
-17
-21
-18
-18
-23
-22
-31
-32
-31
-35
-38
-35
-38
-30
-22
-31
-29
-27
-30
-29
-30
-34
-39
-45
-41
-41
-42
-41
-43
-36
-32
-32
-33
-40
-45
-51
-54
-49
-48
-48
-41
-36
-38
-34
-30
-18
-21
-14
-14
-21
-20
-18
-16
-14
-17
-11
-3
-5
0
5
4
12
18
12
9
6
9
0
-4
-3
-4
-4
0
6
9
13
10
10
8
6
11
10
8
8
3
1
0
1
0
-1
1
2
2
4
4
1
2
-1
-6
-6
-3
0
-1
2
2
-5
-5
-13
-11
-7
-14
-5
4
2
1
2
-1
1
2
8
9
8
10
9
12
11
12
5
-6
0
4
8
11
13
17
17
16
18
22
26
20
18
18
24
27
29
26
17
17
20
21
17
21
18
15
12
9
14
12
10
8
10
15
18
17
9
15
16
16
20
18
23
18
16
10
8
13
15
21
22
27
28
27
25
25
23
17
12
10
15
5
6
4
4
13
9
7
1
2
1
6
9
11
13
11
12
7
7
9
11
6
2
5
2
4
8
4
8
12
23
32
32
39
38
39
34
33
34
27
28
21
16
12
18
23
21
22
22
28
33
33
31
21
14
13
16
21
22
28
29
32
33
28
27
22
18
23
22
18
21
23
20
23
23
27
32
30
28
28
34
27
23
22
12
15
16
11
6
10
13
11
9
7
2
-3
-9
-15
-27
-30
-37
-42
-39
-36
-31
-30
-26
-25
-20
-23
-29
-34
-34
-35
-36
-40
-41
-40
-40
-28
-24
-23
-19
-15
-8
-12
-13
-3
-2
9
5
3
2
0
8
7
10
13
19
13
17
24
29
34
37
33
26
24
19
18
13
13
13
18
17
13
12
8
7
10
16
8
6
1
-1
-6
-15
-26
-27
-25
-22
-20
-29
-26
-32
-30
-28
-32
-31
-28
-29
-32
-33
-29
-40
-42
-39
-45
-41
-38
-36
-38
-36
-36
-38
-35
-34
-34
-34
-33
-29
-26
-25
-30
-35
-35
-30
-38
-41
-36
-38
-38
-39
-32
-35
-40
-34
-38
-33
-29
-29
-28
-30
-27
-32
-33
-33
-29
-26
-27
-18
-17
-15
-16
-23
-21
-23
-24
-17
-15
-13
-10
-11
-7
-12
-13
-13
-18
-9
-12
-14
-13
-14
-10
-13
-15
-11
-8
-11
-11
-14
-22
-27
-29
-28
-28
-22
-21
-21
-14
-15
-13
-8
-8
-4
-12
-8
-12
-16
-11
-4
0
4
8
12
12
9
13
11
3
5
-1
-5
-7
-9
-5
3
11
9
10
6
6
9
5
4
6
7
4
7
9
17
22
27
27
30
33
31
37
35
36
40
43
47
45
49
55
51
48
46
44
47
45
48
49
43
46
45
50
45
46
51
46
51
43
40
39
39
37
35
34
33
30
24
25
31
29
25
21
25
25
25
22
14
10
6
9
16
12
10
11
9
12
18
25
27
29
26
16
12
13
12
8
12
17
17
16
14
16
14
18
16
12
11
7
2
9
0
5
9
3
12
14
16
11
14
13
10
8
3
3
5
5
10
14
11
11
11
10
9
5
4
3
4
4
-1
-5
-17
-17
-14
-19
-12
-14
-14
-15
-15
-18
-21
-17
-20
-17
-18
-13
-9
-9
-4
0
5
6
8
12
16
22
24
20
15
11
13
12
17
18
12
17
17
12
12
10
8
15
19
18
15
18
18
20
11
10
14
2
-1
0
-4
-5
-8
-11
-14
-19
-19
-21
-28
-29
-22
-12
-20
-31
-38
-36
-46
-42
-41
-49
-49
-48
-44
-54
-50
-48
-52
-49
-47
-52
-49
-53
-58
-59
-62
-56
-50
-52
-52
-49
-55
-54
-50
-49
-52
-48
-50
-53
-47
-53
-48
-45
-44
-49
-49
-54
-51
-54
-61
-61
-55
-51
-57
-54
-65
-60
-58
-61
-55
-55
-52
-51
-54
-52
-48
-47
-44
-40
-39
-39
-32
-33
-25
-25
-24
-22
-23
-21
-24
-22
-14
-19
-17
-16
-9
-4
0
5
2
5
6
12
16
15
13
11
9
7
8
11
21
28
33
38
42
41
37
37
38
33
34
31
30
29
26
25
25
27
21
23
25
24
30
28
22
19
19
27
27
26
29
33
30
29
29
27
30
29
30
29
33
33
32
33
37
42
41
43
41
45
39
36
37
36
39
38
37
39
44
44
50
51
44
39
42
46
43
39
37
40
48
47
50
42
35
39
43
48
43
46
45
46
48
43
39
35
32
30
25
18
18
21
19
13
11
10
2
3
4
-5
-10
-6
-7
-8
-7
-6
-5
-2
-2
0
4
1
-4
-6
-9
-9
-5
-6
-6
-4
-5
-3
5
3
3
7
14
16
19
14
18
21
20
23
29
41
45
44
38
37
34
31
34
31
30
30
27
25
22
25
25
23
25
27
24
18
20
15
8
8
6
4
4
7
5
4
-5
-3
2
-2
-4
-2
-9
-15
-16
-12
-13
-13
-15
-14
-9
-9
-4
3
2
-6
0
5
5
2
1
-2
-6
-7
-5
-6
-12
-13
-10
-10
-12
-8
-8
-11
-10
-10
-10
-14
-13
-17
-15
-15
-24
-21
-28
-36
-36
-40
-40
-42
-44
-36
-34
-28
-32
-32
-33
-40
-31
-37
-36
-39
-39
-43
-49
-47
-54
-54
-57
-62
-65
-65
-65
-70
-68
-63
-64
-61
-63
-71
-74
-78
-73
-68
-69
-60
-56
-51
-48
-51
-52
-53
-55
-53
-54
-50
-46
-43
-39
-37
-35
-35
-33
-42
-45
-47
-48
-47
-51
-53
-50
-48
-44
-38
-36
-33
-24
-27
-28
-28
-33
-33
-35
-32
-26
-26
-15
-7
-3
2
1
5
5
6
6
1
5
7
3
13
17
12
12
16
21
21
27
33
36
34
33
35
32
37
34
30
34
30
31
39
38
37
31
28
30
29
28
25
23
25
21
18
13
11
11
12
12
8
9
11
4
4
8
9
11
14
12
17
23
17
17
13
16
18
18
24
20
23
22
22
24
27
35
33
36
34
36
37
32
25
22
31
40
45
42
41
40
44
47
45
44
48
49
44
48
43
42
41
32
33
27
27
27
27
37
47
46
40
35
31
26
24
27
28
19
9
8
-1
-6
-5
-6
9
11
9
14
11
9
1
0
1
-6
-1
0
-5
-5
-5
-4
-3
-1
-1
6
6
7
7
1
9
16
14
14
20
13
10
5
1
9
14
28
29
27
27
23
17
23
23
19
23
19
19
21
21
17
22
26
34
41
47
56
48
42
37
30
24
28
26
24
24
22
16
18
19
16
17
17
9
6
5
1
-8
-9
-19
-26
-23
-30
-22
-26
-31
-30
-33
-29
-32
-26
-35
-42
-44
-47
-39
-43
-42
-45
-47
-43
-38
-34
-38
-38
-43
-42
-42
-48
-48
-51
-43
-42
-41
-38
-38
-31
-28
-17
-24
-27
-25
-20
-18
-16
-19
-19
-11
-12
-7
-11
-16
-13
-11
-7
-10
-16
-17
-18
-14
-13
-13
-13
-10
-6
-7
-7
-8
-12
-9
-14
-15
-7
-13
-15
-17
-18
-18
-24
-23
-21
-15
-8
-8
-9
-15
-17
-20
-26
-24
-21
-24
-26
-25
-23
-29
-33
-37
-35
-33
-31
-25
-24
-25
-25
-25
-28
-28
-26
-25
-25
-19
-9
-9
-1
-4
-9
-6
-7
4
5
0
4
1
2
1
-1
-4
-7
-7
-7
-2
-4
-12
-11
-10
-17
-11
-7
-5
-5
-1
-6
-3
-4
-5
1
-2
3
5
6
6
4
10
15
20
11
10
12
7
10
12
11
14
18
20
18
20
22
26
23
30
30
31
29
27
31
27
29
24
20
17
25
24
18
15
12
11
10
10
7
-3
-7
-5
-1
2
-1
-8
-12
-17
-17
-16
-25
-25
-26
-28
-29
-25
-23
-21
-16
-21
-13
-5
-3
3
8
9
12
13
20
17
17
16
20
23
24
35
32
35
40
38
44
47
45
48
44
41
38
40
39
36
44
47
49
50
55
48
43
46
46
46
46
46
54
53
50
50
47
49
44
39
32
27
21
16
12
16
22
20
18
20
18
22
21
18
11
8
-1
-2
-8
-16
-13
-17
-9
-7
0
6
3
2
5
4
6
14
11
14
14
6
6
3
0
3
7
6
5
6
12
17
22
29
27
25
21
15
20
14
12
14
6
8
5
7
4
-5
-7
-9
-10
-3
-4
-4
-2
-1
-3
-3
-6
-11
-6
-5
-5
-6
-11
-12
-14
-14
-16
-14
-8
0
6
9
5
11
9
4
11
9
11
16
12
12
14
6
8
6
4
7
7
5
5
6
1
1
-5
-11
-17
-18
-18
-22
-17
-28
-31
-33
-42
-40
-40
-37
-38
-45
-42
-38
-40
-40
-44
-41
-33
-26
-24
-24
-26
-26
-28
-30
-27
-32
-34
-24
-22
-26
-27
-23
-23
-17
-21
-27
-22
-26
-18
-10
-6
-3
2
-1
3
0
-13
-10
-16
-15
-22
-19
-19
-24
-18
-25
-24
-26
-28
-17
-13
-7
-13
-17
-20
-23
-26
-29
-27
-25
-24
-20
-29
-33
-33
-36
-31
-28
-26
-24
-18
-7
-12
-16
-14
-19
-28
-25
-21
-23
-27
-32
-31
-28
-29
-28
-24
-24
-22
-17
-15
-19
-13
-15
-18
-25
-30
-26
-26
-25
-22
-19
-21
-15
-5
0
-4
-7
0
1
3
6
6
3
-2
1
3
7
4
7
5
2
3
-1
-4
-5
-8
-7
-3
-2
3
9
10
13
10
14
13
8
11
12
13
8
10
15
13
16
19
18
28
29
29
40
38
46
47
44
45
42
47
48
45
48
45
51
56
57
61
55
55
58
56
57
51
49
49
48
50
54
54
54
50
51
52
50
55
47
44
39
38
40
31
27
19
23
24
27
33
34
36
37
28
22
23
20
20
17
20
19
22
23
17
15
22
17
15
10
-3
-2
-9
-7
-9
-13
-16
-22
-21
-23
-24
-21
-22
-24
-21
-25
-28
-26
-31
-28
-26
-26
-31
-26
-25
-18
-17
-16
-13
-9
0
5
10
9
7
7
9
7
5
8
16
16
13
15
7
4
0
1
11
8
2
4
0
-2
-6
-11
-9
-7
-5
-9
-6
1
1
3
5
4
2
3
1
-3
1
2
3
3
0
-4
-3
6
6
4
6
6
1
-1
-2
-5
-8
-9
-6
-6
-6
-6
-8
-15
-14
-15
-9
-11
-13
-13
-15
-16
-16
-16
-19
-26
-31
-29
-33
-37
-37
-38
-42
-45
-45
-48
-46
-46
-40
-43
-48
-50
-54
-58
-64
-63
-56
-55
-60
-64
-64
-58
-58
-58
-52
-44
-37
-31
-34
-29
-30
-36
-36
-32
-31
-31
-23
-23
-16
-18
-16
-10
-11
-7
-5
2
2
5
10
1
1
1
2
10
11
11
10
13
16
20
20
17
13
8
8
11
18
16
10
4
2
10
12
7
11
11
10
7
5
0
-8
-14
-15
-22
-18
-10
-12
-9
-16
-13
-11
-6
-7
-6
-7
-10
-12
-18
-20
-23
-22
-22
-30
-28
-27
-28
-20
-19
-21
-16
-16
-14
-15
-9
-8
-16
-18
-18
-13
-11
-14
-13
-9
2
1
2
3
6
14
9
18
18
16
19
19
19
22
17
20
22
24
29
31
29
27
34
32
35
35
33
32
29
29
29
28
33
33
34
33
26
34
43
41
43
44
45
41
36
39
41
42
43
37
40
37
30
31
30
27
28
31
32
30
26
21
19
15
13
15
11
14
13
8
11
9
11
18
19
21
21
27
25
27
23
17
20
29
31
25
27
28
20
20
23
25
30
35
36
34
37
36
32
29
27
29
29
29
29
25
21
18
13
13
16
12
12
15
15
9
3
5
-3
-8
-8
-4
4
-1
0
-5
-14
-16
-18
-17
-16
-15
-12
-16
-22
-23
-27
-33
-34
-32
-28
-26
-28
-31
-31
-35
-33
-39
-43
-38
-38
-46
-50
-43
-35
-29
-28
-18
-16
-10
-4
-11
-8
-13
-14
-18
-19
-14
-10
-7
-1
2
7
20
19
20
27
28
27
26
22
12
6
10
12
17
20
14
15
22
20
21
16
5
2
2
-3
-9
-12
-16
-19
-23
-20
-15
-17
-18
-18
-21
-24
-27
-33
-34
-38
-34
-31
-29
-21
-28
-25
-27
-28
-25
-30
-33
-29
-25
-27
-20
-16
-13
-12
-13
-11
-8
-6
-4
-5
-4
-7
-10
-12
-8
-11
-10
-4
-10
-7
-2
3
-1
-2
-8
-4
-2
-7
-2
-7
-8
-4
-3
1
2
0
2
-1
1
2
7
-3
-12
-10
-12
-9
-8
-5
-13
-19
-20
-25
-30
-32
-36
-39
-43
-48
-54
-55
-60
-60
-57
-58
-50
-48
-50
-59
-59
-58
-56
-55
-54
-53
-48
-42
-36
-34
-25
-27
-34
-29
-26
-21
-18
-23
-27
-32
-28
-24
-22
-19
-12
-9
-4
-3
-2
-2
-7
-1
0
5
5
3
6
7
12
17
22
27
34
37
43
45
41
50
49
55
55
60
63
63
63
57
61
61
62
63
64
61
61
63
57
55
57
59
57
55
53
54
56
53
52
46
40
33
26
23
18
18
19
19
21
18
18
10
8
2
-3
-2
-7
1
-1
-10
-10
-2
-2
0
2
-3
0
-6
-6
-2
-9
-9
-5
-4
3
6
9
11
4
3
4
10
7
4
8
9
12
16
10
7
9
4
6
3
6
10
11
9
7
8
7
9
10
16
20
21
26
22
19
16
9
10
14
22
26
30
30
28
25
19
19
20
30
35
32
37
30
28
27
26
32
25
26
24
22
21
15
15
15
14
15
8
2
2
-4
-1
-1
-2
-3
-7
-8
-13
-12
-15
-14
-7
-8
-9
-15
-10
-3
-1
5
8
7
9
13
12
14
13
9
11
9
13
18
17
17
13
15
16
20
23
24
27
30
29
27
20
16
16
14
18
18
20
25
24
19
17
22
24
22
17
4
4
-4
-9
-11
-19
-16
-25
-22
-25
-27
-28
-36
-33
-35
-34
-42
-47
-46
-44
-42
-41
-48
-46
-48
-57
-61
-62
-67
-75
-76
-78
-81
-80
-79
-77
-75
-74
-72
-71
-71
-73
-72
-73
-69
-71
-73
-75
-69
-71
-70
-64
-61
-59
-57
-45
-45
-43
-42
-42
-40
-41
-39
-38
-37
-34
-29
-25
-18
-13
-18
-17
-18
-18
-15
-17
-17
-17
-21
-28
-28
-23
-20
-17
-20
-21
-23
-20
-14
-14
-10
-10
-13
-4
-3
-1
3
1
8
8
5
8
6
2
5
3
9
18
15
20
21
24
19
15
16
14
17
17
13
13
11
15
14
20
21
23
26
20
21
22
21
18
23
21
18
16
11
10
11
13
15
22
24
22
22
25
22
20
18
13
7
8
12
9
14
13
14
20
17
19
21
21
14
12
9
9
16
13
20
24
31
37
32
33
27
27
25
20
21
23
26
28
27
28
35
37
40
43
39
37
33
31
31
26
20
22
23
19
23
26
26
28
29
31
31
26
22
21
18
16
16
20
26
26
31
35
44
48
48
47
45
46
55
55
53
56
50
59
58
57
67
68
75
75
76
79
78
84
83
79
79
78
75
75
65
65
63
61
55
55
56
55
54
45
34
36
34
29
23
9
7
2
-3
-6
-5
-11
-15
-19
-26
-29
-27
-37
-34
-32
-35
-32
-38
-39
-47
-52
-48
-48
-48
-38
-40
-34
-24
-19
-15
-14
-9
-12
-10
-7
-7
-4
-10
-14
-15
-12
-8
-9
-2
-2
-6
-1
0
-4
-1
-4
-12
-13
-16
-16
-19
-22
-25
-29
-23
-26
-25
-34
-38
-37
-37
-35
-32
-34
-41
-44
-50
-51
-51
-53
-58
-60
-64
-64
-65
-63
-63
-59
-60
-60
-52
-48
-47
-48
-47
-47
-48
-54
-59
-55
-56
-58
-54
-48
-43
-45
-41
-39
-40
-36
-43
-40
-43
-51
-49
-56
-57
-58
-55
-50
-48
-48
-41
-41
-40
-37
-37
-35
-32
-31
-33
-32
-33
-41
-40
-34
-40
-43
-42
-37
-36
-39
-38
-38
-39
-36
-39
-40
-45
-43
-40
-40
-28
-26
-22
-20
-20
-20
-24
-14
-11
-8
0
6
11
8
9
10
11
20
20
22
25
24
22
13
13
10
12
14
20
24
27
29
26
19
13
12
9
5
10
11
11
10
6
9
10
16
22
24
27
34
42
39
34
32
31
31
29
33
35
36
34
36
41
39
46
49
49
55
58
61
61
54
51
59
60
62
66
64
62
60
64
65
56
53
45
35
34
32
30
27
19
19
16
8
11
12
5
6
4
2
-3
-10
-10
-8
-10
-9
0
7
15
12
18
19
18
19
18
21
21
17
17
17
16
19
19
23
27
35
39
40
39
43
54
61
64
65
64
58
56
58
55
52
48
50
50
46
53
60
61
67
63
58
63
58
51
50
45
42
46
33
29
26
21
16
17
20
19
22
19
10
10
-4
-9
-10
-18
-24
-30
-33
-39
-40
-45
-45
-43
-40
-37
-39
-42
-37
-36
-35
-32
-32
-30
-32
-29
-29
-27
-31
-26
-29
-31
-20
-16
-18
-12
-8
-10
-12
-15
-14
-15
-18
-19
-19
-22
-25
-28
-23
-27
-29
-28
-31
-32
-32
-28
-30
-37
-39
-41
-47
-46
-46
-47
-52
-48
-47
-41
-43
-47
-49
-49
-41
-43
-41
-43
-48
-50
-51
-49
-47
-43
-46
-45
-46
-44
-40
-35
-31
-31
-34
-37
-29
-36
-35
-35
-31
-26
-36
-28
-27
-30
-25
-25
-27
-32
-24
-21
-28
-35
-37
-39
-33
-34
-36
-32
-34
-36
-32
-24
-30
-25
-35
-37
-34
-38
-34
-33
-27
-29
-23
-21
-27
-23
-28
-27
-20
-19
-17
-19
-19
-16
-21
-22
-17
-12
-14
-9
-7
-13
-10
-9
-15
-11
-15
-14
-14
-12
-7
-7
-5
-6
-9
-2
3
-1
1
-3
1
2
8
15
14
13
11
15
16
22
24
21
21
23
29
31
36
33
43
46
47
46
40
33
28
27
22
20
23
19
20
23
24
21
21
30
29
34
35
33
29
24
11
5
5
5
13
12
17
17
20
25
26
26
29
32
32
28
27
27
13
10
7
8
14
16
17
21
28
26
26
29
24
25
33
32
33
31
33
34
35
39
39
48
51
53
55
53
54
53
57
62
55
48
49
47
50
57
51
54
51
46
48
52
58
60
55
53
62
56
61
61
50
52
55
56
52
44
36
38
32
33
39
35
40
41
31
33
37
31
29
19
9
5
2
3
-5
-4
-9
-9
-6
-12
-11
-12
-5
2
3
-2
0
-6
-7
-13
-12
-6
-6
3
-6
-8
-10
-18
-23
-27
-24
-19
-18
-22
-18
-15
-10
-10
-17
-20
-23
-25
-29
-32
-37
-40
-32
-36
-35
-25
-22
-24
-23
-28
-27
-32
-34
-34
-41
-41
-43
-44
-43
-42
-42
-34
-29
-26
-30
-32
-34
-34
-33
-31
-28
-33
-29
-27
-25
-28
-26
-21
-14
-17
-17
-15
-16
-19
-31
-37
-38
-37
-31
-31
-33
-28
-27
-25
-27
-32
-29
-35
-37
-33
-29
-25
-26
-29
-29
-31
-35
-32
-30
-32
-28
-26
-26
-19
-19
-20
-14
-14
-13
-10
-4
1
3
2
5
3
5
8
7
12
14
15
21
22
17
11
7
5
-1
-3
-5
-6
-8
-12
-9
-6
-4
-6
-13
-9
-13
-17
-27
-31
-34
-38
-37
-34
-32
-34
-28
-31
-31
-29
-28
-23
-29
-33
-32
-31
-31
-41
-39
-35
-39
-35
-36
-32
-29
-26
-19
-18
-13
-11
-10
-13
-13
-13
-10
-5
-3
-6
-4
0
-4
0
5
14
20
20
21
24
28
25
26
33
30
31
41
45
50
55
54
51
52
56
59
56
60
56
62
60
56
58
53
53
47
47
44
41
38
31
27
25
28
27
31
27
26
28
24
21
16
12
11
11
15
11
6
9
4
6
5
4
4
3
7
5
1
-3
-9
-4
-2
-2
-2
-7
-3
1
6
6
7
6
6
9
10
7
9
14
16
18
18
18
21
23
24
27
24
24
22
23
23
30
31
31
33
37
37
39
42
37
39
36
36
34
39
40
25
21
24
23
23
20
9
4
6
7
7
5
-1
-2
-10
-13
-8
-10
-12
-16
-21
-18
-10
-12
-11
-13
-15
-24
-22
-27
-29
-25
-30
-26
-33
-28
-30
-34
-31
-29
-31
-31
-27
-24
-28
-28
-27
-30
-30
-30
-23
-22
-19
-21
-22
-21
-23
-24
-16
-16
-10
-7
-3
9
6
8
7
7
5
-2
-1
0
4
5
2
4
4
9
13
15
17
20
22
18
10
7
2
-4
-9
-7
-13
-12
-15
-18
-17
-17
-11
-13
-16
-20
-17
-21
-21
-29
-32
-33
-37
-33
-36
-28
-24
-26
-24
-28
-27
-26
-26
-26
-22
-21
-20
-18
-14
-14
-16
-15
-12
-17
-15
-15
-13
-11
-13
-11
-10
-16
-15
-13
-14
-14
-11
-16
-20
-17
-25
-24
-22
-25
-22
-15
-9
-9
-8
-7
-10
-5
-4
-12
-7
-2
-2
-2
-3
-4
-9
-12
-7
-4
0
0
-1
1
-3
-5
-6
-11
-15
-22
-23
-28
-28
-28
-36
-32
-32
-32
-37
-33
-28
-31
-26
-36
-38
-36
-41
-31
-34
-30
-36
-31
-22
-23
-18
-24
-21
-16
-17
-9
-4
-1
2
4
4
7
11
16
20
20
24
21
23
26
28
30
34
46
51
56
59
52
55
52
52
57
55
60
60
58
56
56
55
59
63
67
69
66
71
64
61
55
52
45
37
38
39
34
29
31
30
25
17
12
9
6
7
5
1
-5
-12
-17
-19
-20
-19
-11
-10
-8
-11
-19
-22
-25
-28
-24
-23
-30
-29
-28
-15
-14
-11
-6
-7
-3
-1
2
-3
-4
-3
-5
-8
-11
-7
4
8
5
14
16
14
14
9
15
9
13
15
5
4
4
1
2
5
13
15
14
12
17
20
16
14
7
4
7
14
14
14
11
12
18
20
18
20
14
3
11
8
11
13
15
16
16
22
24
24
22
16
16
19
18
19
15
11
13
11
9
8
2
0
-4
-6
-2
-2
-3
-5
-3
-5
-3
-4
-2
2
6
4
-2
3
0
-8
-6
1
0
4
3
3
10
8
12
13
15
24
25
25
20
18
13
11
20
23
25
26
28
29
38
39
36
39
41
43
40
38
35
32
33
25
24
20
19
26
29
26
27
22
15
13
6
-1
-5
-9
-12
-7
-7
-10
-14
-19
-27
-32
-31
-34
-38
-42
-42
-46
-39
-37
-39
-44
-41
-34
-39
-36
-38
-39
-41
-47
-40
-38
-36
-39
-34
-33
-34
-34
-37
-36
-28
-29
-32
-22
-24
-18
-19
-25
-28
-26
-17
-18
-17
-13
-6
-3
-4
-5
-6
-10
-11
-11
-2
0
-1
9
5
-8
-17
-22
-20
-16
-10
-14
-11
-9
-10
-7
-12
-13
-11
-8
-1
2
-1
-2
-7
-8
-6
-8
-11
-10
-8
-12
-12
-6
-8
-7
-9
-12
-12
-12
-9
-6
-5
-13
-12
-12
-10
0
-5
-7
-9
-8
-14
-15
-13
-21
-24
-19
-22
-27
-20
-21
-13
-9
-13
-9
-16
-20
-26
-24
-23
-21
-22
-33
-36
-40
-46
-42
-44
-38
-33
-34
-31
-30
-30
-33
-25
-24
-27
-30
-28
-30
-26
-26
-24
-21
-21
-14
-14
-6
-6
-1
7
7
11
13
13
7
6
9
9
8
3
5
6
13
6
16
28
21
24
24
26
26
18
15
15
9
10
10
11
12
11
13
15
11
10
13
13
19
15
12
12
15
16
13
15
15
18
18
16
17
21
23
27
35
37
39
43
41
43
41
34
38
37
35
42
42
44
45
47
51
46
52
55
52
47
50
57
57
52
47
43
38
33
25
25
23
23
21
29
33
33
35
30
34
26
21
19
12
9
2
-2
-4
-3
6
5
12
14
20
18
16
18
14
8
3
2
-5
-3
-6
-6
-8
-4
-3
-2
-3
-5
-2
-6
-8
-6
-4
-3
-8
-13
-11
-10
-8
-5
0
3
2
1
3
5
1
2
3
5
10
9
12
9
9
10
13
13
12
13
11
3
8
8
4
3
2
6
8
10
13
14
8
10
4
4
6
6
6
3
0
-2
-2
0
3
1
-4
-2
-9
-9
-15
-21
-15
-16
-20
-16
-15
-15
-12
-18
-13
-17
-26
-23
-22
-22
-25
-26
-32
-34
-30
-30
-31
-31
-32
-32
-31
-30
-32
-33
-30
-27
-26
-33
-30
-34
-36
-36
-41
-40
-41
-42
-49
-49
-46
-42
-44
-48
-48
-45
-43
-43
-44
-52
-53
-52
-45
-48
-44
-40
-44
-41
-44
-37
-32
-33
-32
-32
-36
-34
-35
-37
-44
-45
-45
-53
-58
-60
-62
-65
-55
-52
-53
-58
-48
-47
-52
-52
-51
-51
-50
-54
-49
-42
-40
-36
-36
-31
-32
-27
-19
-13
-12
-11
-3
-3
0
4
8
10
8
10
14
19
23
25
25
20
25
29
30
33
30
38
39
32
30
33
33
28
31
35
36
28
28
26
19
19
22
25
24
26
26
30
36
32
32
32
32
30
22
21
20
23
30
27
33
35
36
36
36
38
36
29
28
31
25
24
32
34
38
48
55
54
54
50
46
46
44
47
39
37
34
29
29
26
29
33
40
39
35
39
37
30
30
32
29
29
26
21
19
17
18
19
20
14
13
16
13
19
11
12
10
5
14
18
9
15
11
11
19
22
26
28
37
34
39
42
43
47
51
55
58
63
70
77
74
67
62
57
55
60
67
72
74
73
71
71
68
63
63
60
54
59
54
53
52
47
42
34
30
25
18
14
13
8
5
-2
-4
-4
-6
-4
-5
-6
-6
0
-10
-12
-12
-20
-21
-27
-23
-26
-26
-27
-25
-27
-30
-29
-25
-27
-30
-24
-25
-27
-34
-38
-40
-38
-47
-40
-32
-29
-24
-26
-24
-22
-22
-27
-24
-24
-25
-24
-27
-25
-26
-26
-23
-21
-17
-17
-11
-19
-26
-23
-28
-34
-40
-45
-49
-42
-41
-42
-33
-34
-34
-34
-37
-38
-38
-40
-47
-45
-47
-45
-51
-59
-56
-62
-65
-63
-56
-60
-69
-69
-71
-76
-80
-75
-68
-63
-66
-66
-62
-63
-55
-62
-64
-59
-60
-62
-68
-59
-60
-52
-46
-44
-39
-40
-38
-40
-39
-38
-34
-33
-41
-37
-32
-30
-24
-21
-17
-12
-9
-7
1
2
1
4
7
3
4
8
6
10
9
7
7
9
8
6
9
4
2
2
-1
-1
-9
-12
-14
-12
-12
-17
-11
-21
-23
-25
-25
-22
-26
-26
-23
-24
-13
-12
-9
1
-3
-2
-2
2
4
1
3
2
6
8
11
11
9
17
20
24
25
27
29
23
26
32
34
30
27
22
27
30
30
34
32
30
37
36
35
30
23
23
18
20
21
23
25
24
27
24
23
20
20
16
20
20
14
22
19
15
22
26
22
26
26
34
41
37
39
42
39
42
35
44
45
44
48
49
50
53
52
54
52
52
64
62
65
66
68
61
67
70
66
68
68
70
69
68
68
68
64
58
57
57
56
59
55
52
51
50
50
43
34
26
24
20
19
23
16
17
25
25
22
27
28
29
26
19
18
12
11
7
4
8
14
14
11
12
10
13
16
16
17
20
26
24
21
16
11
10
8
4
2
3
2
3
8
6
5
4
-1
1
6
0
-3
-2
-5
-7
-11
-20
-24
-32
-32
-31
-33
-31
-39
-43
-44
-52
-52
-56
-58
-53
-52
-51
-61
-66
-66
-70
-68
-68
-70
-71
-72
-70
-71
-69
-72
-71
-65
-67
-61
-68
-66
-66
-70
-60
-59
-49
-49
-40
-34
-37
-28
-37
-40
-43
-48
-52
-45
-39
-37
-34
-28
-22
-20
-26
-25
-16
-25
-26
-36
-33
-35
-37
-34
-33
-24
-22
-23
-20
-18
-25
-18
-20
-23
-22
-25
-20
-26
-25
-25
-26
-18
-26
-24
-14
-18
-15
-9
-15
-12
-13
-9
-7
-7
-11
-9
-9
-14
-15
-17
-16
-16
-16
-20
-20
-17
-16
-13
-7
-6
-6
-4
-6
-1
0
4
-1
-4
-5
-9
-6
-9
-8
-7
-6
2
3
10
13
12
7
13
16
6
8
8
-1
-4
0
-1
6
6
11
10
13
16
22
19
16
14
4
3
4
5
2
4
5
5
16
23
23
26
22
20
18
11
5
5
2
2
2
9
17
10
14
20
21
27
25
28
30
29
30
27
30
28
33
27
29
35
34
40
36
32
30
28
25
30
30
24
28
25
27
26
20
21
25
30
33
32
30
25
30
28
30
31
35
41
42
41
43
41
35
38
33
30
29
33
38
41
33
29
23
24
24
20
24
25
19
19
23
15
10
13
27
32
26
27
35
32
26
24
20
19
16
20
19
15
9
9
9
1
5
9
12
19
18
22
17
13
13
1
3
1
4
9
9
9
9
12
8
13
15
23
32
27
30
29
26
25
22
15
14
17
10
13
15
9
8
6
8
2
4
2
-6
-4
-14
-18
-20
-17
-22
-24
-20
-18
-19
-18
-13
-11
-14
-11
-18
-20
-22
-29
-23
-19
-20
-18
-14
-11
-9
-6
-2
-2
-4
2
-1
-10
-6
-11
-12
-13
-17
-17
-13
-16
-16
-20
-19
-12
-17
-12
-17
-16
-20
-22
-26
-28
-26
-25
-16
-15
-10
-7
-7
-8
-9
-13
-18
-14
-15
-14
-13
-14
-17
-14
-11
-9
-6
-4
5
3
1
-1
-4
-10
-11
-9
-9
-6
-9
-9
-12
-21
-19
-18
-19
-20
-17
-20
-22
-24
-30
-31
-28
-28
-29
-26
-21
-22
-25
-20
-28
-35
-35
-41
-43
-35
-33
-31
-31
-36
-32
-32
-37
-37
-43
-41
-43
-35
-41
-46
-41
-40
-44
-42
-40
-38
-34
-35
-38
-45
-42
-39
-38
-41
-40
-38
-42
-38
-31
-32
-32
-32
-33
-24
-21
-19
-19
-24
-22
-18
-19
-20
-9
-9
-4
-1
5
7
10
14
7
15
16
23
24
23
27
22
23
26
25
18
20
21
24
16
11
12
8
12
11
8
13
12
10
9
2
2
7
9
4
9
18
22
21
21
20
15
9
8
7
13
14
5
4
3
-3
-2
-2
-5
-6
-3
3
4
2
-6
-7
-11
-17
-12
-8
-11
-14
-19
-20
-21
-17
-16
-14
-7
-10
-3
-3
-3
7
7
0
5
13
11
18
19
17
23
24
25
29
43
47
55
57
62
64
68
63
52
49
48
58
64
71
67
66
66
57
57
55
58
63
63
66
70
66
65
57
52
45
40
48
48
46
38
33
35
36
34
39
44
50
51
47
42
40
29
25
23
22
28
32
29
25
24
21
25
25
20
17
16
10
15
15
13
8
-7
-6
-4
-3
-1
-4
-2
-1
-7
-4
-3
-14
-18
-16
-13
-11
-10
-11
-16
-17
-20
-17
-16
-20
-19
-19
-12
-13
-13
-19
-19
-17
-19
-7
-5
-8
-5
-5
-12
-18
-16
-10
-11
-11
-19
-24
-26
-20
-19
-18
-18
-22
-19
-24
-26
-33
-36
-41
-46
-43
-47
-45
-46
-47
-47
-47
-41
-42
-40
-46
-42
-42
-50
-38
-37
-37
-29
-25
-21
-14
-14
-21
-29
-34
-34
-33
-35
-36
-38
-39
-33
-34
-31
-27
-31
-26
-33
-29
-33
-38
-33
-43
-48
-41
-33
-35
-35
-33
-22
-21
-19
-15
-15
-21
-22
-18
-23
-15
-17
-23
-23
-22
-25
-20
-18
-20
-24
-23
-14
-18
-23
-24
-30
-28
-26
-29
-28
-26
-27
-27
-29
-29
-19
-15
-11
-10
-7
-7
-11
-14
-13
-22
-16
-16
-13
-6
-10
-10
-12
-11
-9
-6
-4
-7
-2
2
2
0
-4
-13
-15
-13
-16
-11
-12
-9
-10
-11
-11
-7
1
-1
-3
9
11
14
13
13
9
0
-1
3
8
16
21
15
21
22
20
19
16
25
32
28
34
34
28
28
28
23
24
25
27
31
32
30
29
32
25
28
28
39
42
44
53
52
40
30
28
26
31
28
31
26
19
22
30
32
32
34
31
35
36
39
36
25
16
14
13
18
26
25
24
21
17
25
29
24
25
31
30
30
31
32
30
28
31
31
33
42
43
44
45
38
43
45
50
50
49
55
53
52
56
47
42
43
41
46
42
49
54
53
54
49
48
48
45
37
32
33
30
28
27
21
14
14
8
9
12
15
20
16
16
8
5
2
-3
-14
-18
-19
-18
-19
-22
-18
-15
-9
-8
-7
-9
-5
-4
-4
-2
-11
-6
-6
-10
-14
-18
-13
-9
-9
-6
-9
-6
-6
-13
-7
-4
-7
-11
-13
-16
-15
-15
-14
-15
-14
-8
-15
-18
-13
-16
-19
-19
-23
-24
-26
-27
-29
-22
-22
-18
-12
-14
-15
-14
-19
-27
-25
-28
-25
-22
-23
-16
-17
-20
-25
-26
-30
-24
-25
-26
-25
-31
-32
-30
-28
-33
-34
-36
-35
-38
-37
-35
-45
-42
-40
-40
-35
-29
-25
-21
-25
-29
-29
-34
-29
-33
-33
-23
-26
-20
-17
-17
-19
-24
-22
-21
-19
-19
-18
-13
-18
-22
-23
-23
-26
-25
-20
-20
-14
-9
-8
-13
-10
-10
-5
-3
-9
-7
-15
-9
-9
-13
-14
-19
-16
-2
1
6
11
8
5
6
9
8
-5
-5
-6
-3
-2
2
2
-3
-1
2
3
1
5
5
3
1
1
-7
-10
-15
-19
-15
-12
-10
-16
-17
-23
-26
-29
-28
-21
-19
-13
-13
-7
-13
-19
-18
-24
-16
-11
-10
0
1
1
2
1
5
8
6
8
9
10
7
10
7
7
11
13
18
26
20
17
24
14
4
5
10
3
4
8
3
5
2
3
2
-2
0
0
-2
-6
-3
-3
-7
1
7
10
13
13
13
18
15
10
8
7
11
7
1
-3
-3
2
4
4
4
6
5
1
5
5
4
0
-3
-5
-3
-8
-5
-4
-4
2
1
4
5
8
9
10
11
12
10
16
14
13
18
15
21
22
23
25
29
30
27
31
36
36
39
39
38
38
43
46
41
43
43
37
39
38
33
34
35
35
34
40
41
37
39
43
46
50
46
42
43
37
33
35
30
19
16
12
13
18
15
13
12
12
16
7
4
-4
-9
-14
-14
-9
-19
-21
-24
-26
-31
-25
-21
-17
-17
-15
-17
-18
-19
-16
-18
-14
-7
-10
1
5
12
11
15
13
15
32
35
34
31
28
32
31
32
35
29
35
34
36
39
37
37
37
38
38
40
29
28
30
23
26
21
15
10
4
7
7
3
-2
-5
-13
-19
-21
-18
-23
-25
-29
-29
-27
-30
-28
-29
-35
-41
-32
-44
-45
-43
-45
-40
-41
-39
-43
-42
-39
-41
-41
-36
-36
-36
-36
-37
-42
-40
-44
-38
-41
-46
-41
-40
-33
-37
-38
-33
-31
-23
-22
-22
-12
-9
-9
-14
-18
-21
-23
-22
-23
-19
-18
-22
-21
-21
-24
-25
-25
-22
-19
-16
-13
-13
-16
-15
-15
-14
-16
-22
-28
-33
-34
-31
-23
-19
-18
-18
-19
-9
-1
-2
4
-3
-6
-8
-11
-15
-24
-25
-28
-29
-27
-33
-32
-27
-27
-26
-25
-25
-25
-23
-27
-30
-33
-32
-32
-32
-21
-22
-22
-29
-36
-38
-38
-36
-41
-37
-27
-21
-16
-15
-14
-8
-8
-4
-2
0
4
-1
2
-2
0
-1
0
7
6
11
12
16
15
11
15
17
17
14
17
11
8
9
12
13
12
12
2
6
10
13
18
17
9
9
17
22
13
16
22
15
18
13
12
8
8
5
4
10
10
15
12
16
20
16
15
15
15
18
18
20
20
20
17
9
14
20
23
31
28
25
20
23
30
27
30
29
27
28
27
29
32
28
33
39
39
45
51
54
52
49
54
52
55
56
57
66
65
68
75
79
82
80
77
78
75
75
71
63
68
64
71
67
67
75
67
70
68
59
64
57
50
46
42
47
48
50
48
44
35
33
35
30
25
24
18
18
16
10
15
15
17
19
12
11
4
7
8
4
3
5
5
7
8
11
11
13
11
9
11
12
17
21
18
18
18
14
18
14
19
9
8
10
10
10
1
1
3
1
3
1
-1
0
-2
-1
-4
-7
-14
-15
-20
-24
-22
-17
-19
-16
-21
-29
-31
-36
-36
-35
-34
-40
-48
-47
-60
-65
-68
-74
-72
-71
-71
-75
-72
-69
-73
-72
-77
-81
-69
-75
-75
-82
-83
-76
-81
-80
-73
-74
-74
-66
-73
-68
-67
-75
-68
-66
-63
-60
-56
-53
-52
-53
-47
-40
-35
-33
-36
-34
-35
-33
-26
-23
-29
-33
-35
-34
-35
-32
-34
-38
-30
-34
-36
-37
-42
-39
-42
-33
-26
-27
-25
-26
-21
-23
-20
-19
-20
-17
-19
-22
-25
-26
-24
-23
-23
-21
-27
-26
-21
-20
-19
-22
-28
-29
-36
-34
-34
-30
-26
-31
-33
-32
-29
-31
-29
-26
-24
-18
-21
-27
-22
-22
-25
-23
-19
-11
-16
-16
-14
-9
-6
-3
-1
4
3
7
10
11
15
11
15
16
15
18
16
18
25
33
39
40
37
35
38
37
35
38
38
41
43
44
45
40
44
45
46
53
55
54
55
54
57
57
50
57
51
51
45
37
39
32
30
27
27
24
21
16
18
18
17
21
16
17
13
6
3
3
-3
3
2
-3
-1
-7
-7
-8
-9
-4
-3
-2
3
7
13
16
18
18
22
32
35
44
41
34
41
44
49
53
52
55
64
69
76
80
83
84
75
73
77
82
83
85
79
75
72
72
75
72
72
78
73
69
71
60
55
53
44
48
48
42
41
31
27
29
26
25
25
22
21
17
19
15
8
0
-9
-9
-14
-13
-9
-11
-10
-12
-16
-23
-13
-8
-18
-17
-22
-24
-17
-20
-15
-15
-21
-14
-19
-16
-13
-11
-10
-13
-14
-20
-17
-21
-17
-13
-17
-12
-7
-11
-11
-8
-11
-17
-20
-24
-31
-27
-29
-30
-29
-31
-27
-32
-33
-31
-29
-33
-38
-38
-43
-44
-52
-56
-56
-57
-52
-45
-47
-44
-51
-49
-48
-55
-54
-56
-65
-63
-69
-68
-67
-74
-69
-71
-67
-66
-59
-59
-61
-62
-70
-68
-69
-67
-66
-74
-69
-72
-69
-60
-65
-64
-62
-61
-54
-48
-41
-43
-44
-30
-30
-22
-23
-28
-18
-16
-17
-17
-17
-15
-15
-19
-12
-8
-5
-6
-3
-2
-4
-2
-1
4
11
8
5
8
7
-1
1
5
12
19
18
23
26
25
22
26
19
19
23
21
24
26
17
15
16
19
19
13
12
13
9
11
8
1
0
-1
4
2
7
9
3
3
-1
-3
-11
-13
-14
-17
-17
-14
-13
-11
-18
-14
-7
-7
4
6
8
7
6
2
-4
1
0
4
12
12
20
24
23
27
25
20
16
19
26
31
28
31
32
27
22
26
29
26
27
25
33
26
24
27
26
30
32
32
33
32
28
22
19
26
28
30
31
23
27
33
34
29
37
39
32
35
34
35
29
24
26
28
27
21
21
26
21
19
17
18
20
16
14
7
12
16
18
15
5
10
10
12
9
13
21
23
22
19
28
29
34
41
41
38
32
30
30
29
29
36
36
35
30
28
27
29
31
24
22
14
15
19
14
15
15
15
17
16
12
9
11
11
20
23
18
20
20
16
24
12
10
6
3
8
0
-2
-2
-2
-2
4
6
2
6
11
8
7
0
-3
-7
-15
-13
-6
-6
-7
-6
-8
-7
-7
-11
-17
-20
-19
-24
-25
-31
-29
-36
-36
-28
-26
-20
-22
-16
-12
-18
-14
-17
-20
-16
-20
-20
-21
-17
-13
-11
-4
-5
-5
-9
-5
-5
-5
-2
-6
-8
-7
-6
-6
-2
-6
1
7
5
-2
-6
-6
-3
-1
-8
-16
-22
-21
-15
-17
-24
-28
-30
-25
-19
-19
-19
-15
-19
-17
-16
-19
-23
-35
-27
-29
-29
-20
-16
-17
-20
-21
-23
-22
-23
-25
-21
-23
-24
-25
-26
-23
-24
-22
-20
-18
-20
-17
-19
-23
-20
-29
-31
-29
-31
-35
-31
-31
-28
-25
-31
-25
-25
-24
-23
-24
-29
-29
-27
-26
-32
-33
-33
-31
-30
-28
-30
-28
-24
-32
-29
-22
-23
-22
-19
-18
-18
-10
-16
-22
-22
-13
-10
-8
-1
1
2
5
6
0
0
-4
-3
-1
-4
2
0
0
3
-1
0
3
0
-3
-5
-3
-1
-1
-3
-5
-6
-6
-4
-6
-8
-11
-5
-4
-6
-7
-8
-13
-15
-16
-14
-17
-19
-16
-21
-25
-31
-29
-24
-22
-22
-19
-23
-24
-18
-12
-23
-25
-20
-14
-8
-8
-5
2
0
2
8
12
19
22
24
29
36
40
45
46
44
48
58
65
59
62
70
74
73
80
80
81
84
83
86
86
85
77
77
72
59
56
62
59
62
65
62
56
52
56
62
62
60
61
60
57
58
47
41
37
31
28
24
27
27
22
18
17
14
14
10
9
7
9
10
11
9
3
1
-5
-4
-3
0
3
9
9
6
1
1
2
4
6
7
12
21
30
21
18
12
8
10
8
8
5
5
9
12
14
17
15
10
7
11
16
18
16
8
11
10
0
8
10
3
13
15
8
10
7
8
4
-2
-5
-9
-6
-9
-11
-20
-23
-25
-23
-21
-26
-23
-23
-26
-21
-32
-37
-36
-38
-33
-33
-36
-45
-46
-43
-49
-45
-42
-38
-35
-34
-35
-33
-31
-35
-34
-35
-31
-28
-31
-23
-20
-20
-17
-18
-14
-12
-13
-16
-20
-16
-16
-14
-16
-18
-16
-23
-19
-16
-17
-11
-7
-6
-6
-3
-2
0
6
0
-7
-2
5
-2
0
-3
-4
4
2
6
7
5
9
14
5
-6
-8
-6
-6
-6
0
-4
-10
-11
-14
-14
-15
-19
-27
-37
-43
-43
-44
-48
-51
-60
-64
-66
-70
-68
-66
-67
-66
-68
-78
-73
-65
-64
-63
-61
-62
-62
-62
-60
-59
-59
-49
-45
-36
-37
-37
-32
-31
-30
-26
-21
-23
-19
-16
-14
-7
-16
-20
-18
-13
-9
-4
-6
-7
-5
0
6
5
6
1
5
5
5
5
6
7
3
6
8
16
20
28
28
24
28
24
25
23
22
23
20
15
12
13
7
7
17
16
20
16
17
20
16
15
10
10
6
0
1
-1
-5
-9
-9
-8
-2
7
8
16
15
25
36
34
31
29
29
34
40
34
40
46
49
45
43
51
54
55
55
62
63
61
58
54
56
61
61
60
58
62
65
68
73
63
65
59
50
56
61
58
57
52
45
54
52
48
46
41
36
39
34
29
28
27
27
28
27
25
28
30
30
29
27
27
24
21
21
19
16
14
9
14
18
20
29
27
26
24
20
14
6
5
6
16
16
16
12
7
9
13
12
10
14
17
13
10
15
17
13
4
3
8
11
12
7
4
3
-2
-3
-6
0
5
7
8
2
3
0
3
1
-3
-6
-7
-6
-6
-7
-11
-8
-15
-18
-20
-21
-17
-23
-19
-15
-10
-9
-12
-12
-21
-20
-8
-7
-8
-15
-20
-23
-26
-22
-21
-10
-14
-9
-9
-14
-10
-15
-11
-15
-16
-18
-20
-16
-19
-18
-17
-23
-34
-39
-35
-32
-31
-30
-30
-32
-35
-41
-43
-45
-42
-43
-45
-42
-50
-50
-56
-66
-63
-60
-56
-56
-55
-52
-50
-52
-48
-45
-43
-40
-38
-34
-32
-28
-28
-32
-37
-34
-32
-29
-35
-37
-34
-32
-31
-35
-33
-30
-26
-22
-20
-22
-23
-23
-22
-19
-19
-21
-19
-17
-15
-13
-13
-18
-17
-13
-13
-11
-13
-12
-11
-8
-4
-7
-11
-7
-7
-8
-8
-9
-10
-15
-9
-5
-5
-5
-5
-5
-13
-15
-14
-16
-18
-15
-14
-17
-11
-11
-7
-8
-11
-6
1
9
9
8
7
2
-1
4
8
4
8
19
26
32
38
35
35
37
36
34
37
42
42
45
40
36
39
38
41
42
40
43
42
44
38
34
37
32
21
21
20
20
29
17
15
16
21
15
13
14
10
14
10
12
6
-1
-2
1
1
2
4
2
-1
-1
-5
-3
0
1
0
5
1
-1
-3
-6
-6
-5
2
6
8
10
12
-1
1
-5
-8
-7
-9
-1
7
7
8
9
6
9
8
15
21
19
22
20
15
15
18
17
17
15
8
7
9
17
13
14
14
13
17
12
10
14
11
11
10
2
1
-9
-11
-16
-11
-8
-7
-6
-12
-5
-4
-6
-4
-1
-2
5
4
0
-1
0
0
2
3
11
18
24
31
29
37
34
33
28
22
25
18
22
22
28
30
29
28
28
36
35
43
46
38
35
27
21
16
16
18
19
20
21
19
11
13
11
6
3
1
4
6
6
7
5
2
-6
-9
-4
-6
-3
-7
-12
-10
-14
-8
-6
-12
-13
-14
-17
-14
-10
-12
-17
-16
-20
-19
-20
-31
-23
-26
-24
-31
-37
-38
-45
-40
-43
-44
-42
-45
-41
-38
-41
-39
-38
-34
-35
-34
-29
-28
-25
-27
-27
-20
-19
-21
-21
-27
-29
-23
-15
-12
-14
-11
0
1
3
9
10
6
12
8
1
3
1
3
3
4
1
2
0
-7
-4
-4
-5
-3
2
2
0
-1
3
7
-2
-6
-15
-19
-18
-27
-29
-23
-23
-21
-21
-17
-12
-8
-7
-12
-12
-14
-13
-8
-14
-16
-20
-18
-17
-13
-8
-1
6
3
6
0
2
3
2
3
1
3
10
8
0
-5
-5
-5
-3
-4
-4
-7
-16
-6
-3
-6
-11
-3
-6
-4
3
2
2
0
-2
-9
-5
-4
-12
-21
-25
-21
-13
-17
-17
-17
-18
-12
-6
0
-2
-10
-15
-14
-16
-17
-19
-20
-19
-20
-21
-15
-14
-11
-14
-13
-15
-20
-17
-15
-13
-9
-6
-8
-2
-1
3
5
8
16
16
20
23
23
21
17
8
17
14
18
27
23
28
23
29
30
32
27
22
24
22
26
26
21
14
16
25
30
29
28
29
26
26
31
38
37
32
34
29
29
33
29
30
27
25
20
17
19
19
20
23
23
23
23
17
15
15
18
18
16
19
12
7
6
4
5
1
3
5
10
13
10
11
7
-1
0
4
7
14
11
4
6
14
16
19
19
14
11
8
12
13
13
18
13
20
22
22
21
17
9
13
15
18
19
18
19
19
19
15
20
18
23
20
16
14
9
9
10
12
13
13
9
9
8
2
0
4
-1
-6
-5
-3
-2
2
3
1
1
5
10
19
24
30
31
31
36
33
36
34
33
30
29
26
25
30
32
35
34
36
38
42
42
36
30
29
19
12
10
6
5
1
1
-1
-3
-7
-15
-13
-14
-19
-19
-22
-27
-26
-28
-32
-37
-46
-53
-54
-57
-64
-68
-68
-69
-69
-70
-63
-60
-63
-60
-60
-54
-48
-49
-48
-53
-50
-53
-59
-59
-51
-51
-55
-49
-48
-42
-40
-34
-27
-23
-20
-19
-22
-28
-22
-28
-28
-30
-33
-24
-23
-24
-26
-28
-26
-26
-26
-26
-27
-27
-22
-21
-24
-24
-28
-33
-34
-39
-39
-35
-28
-24
-34
-29
-24
-17
-15
-13
-14
-17
-12
-6
-6
-5
-6
-11
-17
-22
-17
-17
-11
-10
-8
-4
-4
2
0
1
1
-2
5
2
-6
-7
-10
-10
1
3
5
3
0
0
0
9
8
13
8
9
5
3
5
4
-3
-7
-7
-8
1
2
-4
-4
-9
-6
-5
-14
-21
-23
-28
-26
-30
-36
-32
-24
-25
-25
-25
-18
-10
-6
-4
-2
4
-2
2
5
9
14
9
12
10
12
12
8
6
12
15
19
22
22
24
37
43
38
38
36
35
32
30
28
23
15
16
23
24
23
26
30
34
38
40
39
35
31
28
23
17
9
5
-1
1
11
16
31
28
30
33
30
36
38
43
42
39
36
27
32
34
33
33
34
35
36
43
50
57
57
51
49
51
48
47
43
38
41
35
33
31
32
37
35
35
38
40
34
33
31
32
31
29
26
16
14
9
8
7
7
4
5
2
2
4
8
11
12
15
14
10
1
3
1
3
3
1
2
4
4
5
8
8
8
16
18
11
12
5
5
1
-7
-5
-1
7
18
16
12
19
16
21
21
23
21
18
18
6
-2
-2
-2
-1
-4
-6
-3
-2
-2
-8
-12
-11
-16
-18
-10
-9
-13
-19
-19
-17
-31
-27
-29
-36
-32
-36
-33
-36
-41
-40
-41
-38
-34
-32
-28
-40
-38
-39
-46
-47
-44
-44
-42
-44
-41
-38
-47
-46
-45
-45
-40
-37
-33
-30
-33
-34
-31
-38
-40
-39
-39
-34
-36
-30
-24
-29
-25
-28
-27
-25
-30
-32
-33
-32
-30
-34
-36
-40
-42
-37
-39
-37
-39
-42
-43
-45
-53
-53
-49
-49
-48
-43
-42
-39
-35
-36
-34
-33
-27
-29
-28
-25
-23
-26
-32
-34
-34
-33
-39
-39
-38
-32
-27
-31
-27
-29
-30
-28
-28
-27
-33
-29
-24
-30
-23
-16
-14
-17
-15
-9
-1
1
6
7
3
7
9
12
16
22
26
31
38
43
46
48
46
48
48
51
43
45
47
48
46
45
48
49
56
56
54
50
52
51
44
36
37
39
35
38
31
31
29
26
28
26
17
16
24
21
29
28
28
28
22
21
21
18
16
21
20
18
21
20
21
22
22
24
27
23
23
27
22
21
16
12
13
16
13
13
18
21
20
21
24
27
24
21
19
22
25
29
23
23
23
27
32
32
32
33
33
35
36
35
35
36
33
28
32
26
21
24
29
29
29
35
26
24
25
20
16
18
16
13
13
9
11
9
8
15
14
12
16
16
13
13
17
14
7
5
5
11
13
11
15
14
11
15
13
8
8
1
-5
-6
-5
1
2
-2
3
-1
-4
-3
-7
-11
-10
-9
-7
-3
-4
2
3
0
3
8
17
16
16
17
20
23
24
30
26
21
18
18
21
22
27
26
24
24
19
15
13
7
12
4
5
4
-4
-4
-3
-3
-4
-10
-15
-17
-19
-11
-11
-11
-14
-19
-21
-28
-28
-28
-25
-27
-32
-31
-29
-37
-42
-46
-45
-45
-37
-41
-41
-43
-49
-45
-48
-49
-53
-55
