-13
-25
-20
-20
-15
-20
-17
-19
-22
-22
-24
-28
-31
-29
-27
-27
-26
-33
-36
-35
-33
-30
-24
-23
-25
-25
-23
-18
-22
-24
-24
-18
-15
-12
-15
-20
-18
-16
-16
-16
-17
-15
-15
-9
-3
1
0
8
8
4
5
4
5
7
7
9
18
11
12
13
15
22
16
22
29
26
23
17
18
17
20
28
28
31
33
30
32
27
31
31
30
30
24
28
22
26
21
20
21
19
25
28
35
34
35
35
25
23
19
18
18
20
24
25
27
28
26
24
24
20
15
15
13
20
15
18
27
19
21
15
13
11
14
15
15
19
22
20
15
10
11
10
15
20
19
20
14
21
20
19
22
21
24
21
22
23
24
30
26
27
31
35
32
25
21
19
19
23
27
23
26
31
27
29
23
19
18
20
22
21
21
23
19
10
15
16
17
14
12
13
7
3
-3
-6
-4
-5
-11
-14
-13
-14
-11
-11
-11
-13
-13
-15
-16
-17
-13
-14
-15
-15
-17
-18
-19
-16
-27
-25
-27
-22
-10
-17
-15
-17
-13
-15
-20
-22
-24
-33
-39
-36
-32
-27
-29
-22
-18
-16
-15
-20
-21
-23
-21
-24
-26
-24
-24
-23
-22
-27
-27
-20
-22
-16
-12
-17
-20
-23
-25
-22
-18
-23
-19
-28
-25
-21
-26
-28
-31
-33
-33
-29
-31
-27
-27
-26
-25
-24
-23
-23
-27
-32
-37
-37
-34
-30
-37
-39
-43
-43
-37
-34
-28
-25
-26
-26
-26
-27
-26
-29
-27
-24
-29
-34
-30
-24
-16
-13
-14
-10
-15
-16
-8
-9
-8
-9
-11
-8
-5
-6
-3
-3
-2
7
7
7
10
9
11
7
5
5
5
11
15
18
20
21
21
23
20
20
27
18
14
23
19
24
24
20
19
18
18
16
14
10
11
7
8
14
4
0
7
10
17
15
12
10
6
3
4
2
9
8
8
6
3
1
0
0
2
7
9
15
16
22
23
19
18
16
21
21
19
25
28
19
19
26
31
39
40
44
47
49
47
42
39
43
40
37
47
43
41
36
38
40
41
43
41
46
43
49
44
36
39
40
45
41
41
47
49
47
47
44
35
29
28
27
27
25
21
16
17
15
7
12
5
11
13
16
17
12
15
11
2
-10
-16
-19
-16
-14
-21
-23
-26
-22
-19
-24
-24
-25
-27
-24
-17
-14
-19
-20
-22
-19
-17
-23
-20
-18
-20
-25
-25
-27
-26
-25
-20
-17
-16
-15
-14
-10
-6
-4
-2
-4
-4
-8
-13
-16
-19
-16
-16
-8
0
0
-1
-3
-6
-1
-2
-8
-10
-18
-17
-13
-13
-13
-13
-15
-12
-13
-11
-13
-20
-21
-15
-17
-25
-33
-36
-42
-40
-32
-25
-23
-21
-24
-29
-36
-35
-35
-33
-32
-37
-27
-30
-36
-33
-21
-17
-22
-26
-29
-25
-29
-28
-25
-24
-23
-23
-26
-30
-28
-31
-34
-26
-27
-20
-15
-14
-12
-11
-8
-16
-14
-17
-19
-12
-7
-5
-9
-7
-7
-11
-14
-16
-13
-13
-11
-7
-6
-1
-8
-13
-16
-17
-13
-7
4
2
3
-1
4
6
6
2
-3
6
4
5
4
-8
-6
1
0
5
6
-1
-5
-1
-5
-3
-2
1
2
3
2
-4
-7
-6
-10
1
3
4
7
4
4
12
11
7
7
8
14
15
18
17
15
19
19
14
11
11
18
17
18
14
18
20
25
31
28
33
29
26
31
35
37
42
39
36
40
35
34
39
43
46
48
52
53
51
51
49
55
54
52
56
52
47
46
42
40
44
45
39
38
38
39
38
36
33
33
35
33
30
32
27
22
17
15
18
15
15
6
7
11
13
6
8
4
2
6
7
10
11
3
-1
0
3
-3
-5
-4
-5
-5
0
5
3
4
3
-1
-1
-7
-9
-4
-1
0
4
0
-4
-1
-8
-15
-20
-16
-5
-4
-4
2
5
3
-1
-7
-12
-6
-11
-12
-7
-7
-13
-16
-10
-2
-3
-11
-14
-13
-13
-12
-16
-22
-20
-22
-22
-16
-22
-27
-34
-28
-25
-35
-38
-46
-49
-41
-41
-38
-35
-39
-37
-40
-46
-49
-53
-55
-47
-44
-46
-47
-52
-48
-46
-48
-38
-42
-44
-34
-31
-28
-26
-28
-35
-36
-31
-31
-28
-22
-18
-18
-23
-24
-24
-20
-24
-20
-17
-16
-19
-21
-22
-24
-26
-30
-25
-23
-25
-18
-11
-13
-14
-18
-19
-18
-11
-11
-10
-10
-14
-10
-13
-10
-9
-10
-13
-11
-17
-17
-9
-15
-18
-15
-9
-7
-4
3
2
-4
-1
-3
-6
-4
-1
-4
-3
-1
0
3
7
5
9
28
27
30
36
38
37
28
24
24
23
27
20
22
24
24
21
13
15
11
13
13
11
17
20
18
16
15
19
18
14
10
5
2
5
7
9
5
-2
-9
-7
-1
0
3
-4
-4
3
3
1
2
0
6
5
4
1
2
5
5
9
10
10
6
9
11
17
22
17
13
17
15
15
18
19
24
19
23
21
20
25
31
34
37
40
39
39
37
40
42
45
48
50
52
56
57
56
48
46
50
42
43
39
41
41
36
44
38
36
35
37
36
35
38
35
26
27
23
24
24
24
19
13
15
7
12
5
1
5
1
2
-3
-9
-8
-14
-10
-8
-14
-10
-11
-12
-7
-11
-12
-11
-7
-1
-9
-14
-18
-16
-17
-19
-17
-16
-17
-18
-9
-8
-9
-8
-8
-2
5
4
1
-7
-10
-3
-5
-2
6
0
0
4
1
2
0
0
3
2
0
-1
-4
-2
-1
3
4
4
6
-2
-2
-6
-16
-20
-16
-8
-12
-13
-18
-21
-21
-22
-18
-16
-11
-12
-9
-9
-18
-28
-30
-33
-28
-22
-25
-24
-30
-28
-28
-24
-20
-20
-21
-30
-31
-33
-32
-29
-32
-28
-24
-24
-28
-26
-25
-20
-18
-21
-16
-11
-16
-17
-18
-19
-17
-14
-10
-13
-12
-14
-10
-8
-12
-6
-5
-6
-6
-7
-5
-12
-12
-12
-15
-13
-16
-14
-20
-17
-16
-17
-13
-16
-17
-17
-14
-14
-11
-14
-21
-18
-19
-13
-17
-16
-13
-10
-9
-13
-13
-14
-11
-18
-21
-20
-12
-15
-14
-18
-19
-15
-13
-10
-14
-17
-11
-5
-1
1
-2
-2
-6
-5
-2
-5
-2
-7
-9
-13
-6
4
0
6
8
16
26
24
20
19
16
25
27
23
21
24
27
23
22
27
28
30
32
33
36
36
41
41
39
46
55
56
52
47
47
42
42
46
41
37
37
31
32
36
35
38
39
34
36
41
40
33
30
26
25
25
20
16
13
4
4
12
10
10
2
-1
-5
-9
-10
-19
-17
-12
-14
-10
-10
-13
-12
-16
-19
-18
-21
-25
-25
-32
-30
-28
-26
-29
-25
-12
-7
-2
-1
-4
-7
-10
-11
-13
-20
-19
-18
-16
-17
-13
-4
4
3
11
15
13
9
2
3
6
13
6
3
3
5
4
10
16
15
25
22
14
8
-2
-1
-2
0
6
12
15
14
21
20
23
25
19
15
19
10
4
3
-2
0
2
-1
-5
-7
-3
3
6
3
2
0
-3
-8
-8
-11
-8
-7
-5
-3
-3
2
-7
-13
-10
-8
-9
-12
-10
-11
-8
0
0
-4
-1
-4
-3
4
8
6
10
3
-11
-10
-9
-2
6
-1
-7
-3
-6
-3
-2
1
1
0
4
5
3
-7
-13
-14
-15
-8
-5
-4
-6
-8
-12
-13
-12
-16
-15
-11
-18
-23
-29
-35
-32
-25
-20
-22
-22
-26
-33
-40
-43
-50
-53
-53
-57
-62
-58
-56
-54
-49
-45
-42
-39
-41
-42
-43
-37
-35
-35
-31
-32
-30
-28
-23
-23
-23
-19
-17
-9
-6
-4
2
1
9
12
14
18
14
17
20
25
24
25
27
22
22
26
26
30
32
29
32
37
36
22
22
18
18
28
30
28
30
22
22
21
15
14
6
8
14
17
14
7
8
1
9
8
5
9
8
9
10
8
1
-3
-2
4
6
0
-11
-10
-9
-13
-12
-11
-11
2
7
10
8
6
0
-2
1
-3
-7
-2
2
1
9
12
10
9
10
11
16
16
18
16
11
14
17
20
16
13
17
19
15
14
12
16
18
17
17
17
18
16
14
13
17
17
16
14
8
4
2
0
5
10
5
1
-4
-7
1
6
7
7
3
1
5
3
-2
-4
-8
-6
-5
-6
-4
-4
-5
-9
-6
-3
-2
2
4
7
7
4
4
1
0
5
9
10
13
16
24
29
30
32
32
32
37
33
34
31
28
28
25
20
19
28
25
28
23
24
31
27
23
23
27
26
27
18
15
15
12
9
8
10
10
17
7
5
8
8
13
15
20
23
24
20
16
12
9
1
-5
-4
-10
-7
0
-9
-5
-4
-8
-4
-11
-13
-21
-25
-29
-32
-32
-33
-34
-30
-33
-35
-36
-32
-31
-39
-39
-36
-26
-15
-16
-17
-18
-16
-21
-27
-24
-23
-21
-28
-31
-33
-33
-32
-28
-25
-26
-26
-25
-22
-22
-26
-24
-23
-21
-16
-18
-15
-18
-24
-23
-22
-13
-14
-19
-21
-18
-17
-19
-16
-13
-8
-8
-5
2
1
2
-7
-9
-7
-9
-13
-21
-27
-22
-18
-20
-18
-21
-20
-21
-17
-13
-15
-12
-14
-12
-9
-9
-8
-6
-5
-5
-3
-4
-7
-10
-11
-5
-2
0
1
2
1
2
5
12
14
14
13
12
16
10
-2
-4
-4
-6
-2
-3
4
1
0
7
6
10
9
7
11
10
11
16
12
14
9
8
7
11
9
6
7
0
9
11
8
7
7
13
11
14
8
5
6
6
7
9
12
16
20
18
18
17
18
22
17
11
16
15
15
8
3
4
9
4
3
0
-7
-7
-12
-11
-14
-2
-2
-3
-5
-11
-10
-9
-2
-10
-2
-4
-7
-3
-6
-12
-12
-5
-6
-7
-5
-8
-2
7
6
15
16
14
19
18
13
17
13
12
11
6
6
8
9
10
18
15
18
18
22
23
24
24
19
17
13
17
21
26
21
14
6
7
9
8
14
15
14
13
13
6
9
7
2
2
1
2
2
4
3
-4
-6
-2
-5
-9
-9
-12
-10
-5
-1
-1
6
4
0
-3
-5
-5
-3
2
2
3
4
15
21
20
19
20
23
26
23
22
26
28
35
32
37
30
27
28
24
25
13
11
15
11
10
9
10
10
13
14
19
18
11
6
-3
-5
-7
-14
-16
-18
-17
-14
-13
-14
-20
-21
-21
-20
-19
-18
-22
-27
-31
-33
-39
-40
-30
-33
-33
-30
-27
-31
-38
-39
-40
-34
-36
-38
-45
-51
-50
-54
-57
-56
-48
-46
-42
-41
-40
-41
-40
-41
-39
-41
-42
-40
-42
-38
-34
-28
-21
-23
-21
-20
-19
-19
-18
-16
-11
-10
-10
-7
-4
-2
-1
-2
4
4
7
9
4
7
3
7
10
11
14
15
13
18
16
10
10
9
11
16
21
19
16
12
10
11
13
12
12
14
17
18
14
12
9
8
7
9
5
2
2
1
1
1
3
3
0
-5
-4
-6
-11
-6
2
1
1
2
-1
0
4
0
5
14
17
16
17
18
19
10
9
16
15
20
18
14
11
17
19
21
22
23
24
22
21
20
14
15
18
20
27
32
24
22
24
27
31
24
24
31
28
29
32
27
15
18
19
23
28
21
21
16
23
23
24
26
23
18
14
17
12
9
3
7
8
5
5
1
-6
-7
-4
3
3
-1
-1
-5
-5
-6
-8
-7
-9
-5
-5
-5
-3
-7
-9
-8
0
0
-3
-3
-5
-1
-3
0
-1
-2
-1
3
8
6
5
8
9
11
15
15
11
10
7
4
0
1
11
12
14
14
14
10
9
6
5
16
14
9
3
-5
-1
2
3
6
3
-2
1
-1
-7
-5
-7
-11
-11
-10
-19
-22
-17
-20
-18
-20
-23
-29
-25
-25
-24
-26
-24
-22
-26
-22
-26
-23
-26
-28
-24
-25
-21
-25
-27
-30
-29
-23
-24
-18
-28
-29
-21
-18
-19
-17
-17
-21
-11
-14
-10
-7
-10
-12
-16
-7
-2
3
6
4
0
3
-1
2
4
7
11
7
8
4
4
-2
4
5
9
7
5
6
6
5
-3
-7
-8
-13
-11
-12
-16
-21
-26
-28
-33
-33
-28
-21
-25
-27
-27
-28
-29
-26
-29
-34
-33
-33
-36
-39
-43
-40
-32
-30
-29
-26
-24
-27
-18
-19
-18
-17
-19
-18
-21
-20
-17
-15
-9
0
1
5
2
5
3
2
2
12
16
14
15
16
23
22
22
27
33
27
29
29
27
30
23
21
22
20
24
25
21
20
20
20
27
32
32
33
28
27
21
13
16
20
18
15
11
11
16
14
7
12
20
23
23
12
10
10
2
8
1
2
7
9
13
12
12
11
11
13
14
17
12
15
10
4
8
4
12
22
23
29
30
25
24
22
17
17
23
23
23
22
17
15
16
21
18
27
30
32
31
31
23
15
9
2
3
4
9
14
16
18
10
5
7
5
3
7
8
2
1
-1
-6
-11
-9
-3
-3
-2
1
3
13
3
2
6
5
-4
-5
0
-3
1
1
9
8
2
0
3
5
5
-1
-7
-12
-13
-16
-15
-8
-4
-6
-7
-9
-8
-6
-5
-6
-6
-11
-11
-4
-8
-12
-10
-5
-4
0
7
2
6
9
3
-1
-3
-6
-9
-7
-11
-17
-11
-10
-6
-2
-6
-10
-10
-11
-10
-12
-10
-5
-7
-13
-20
-28
-27
-23
-19
-22
-21
-23
-27
-26
-26
-19
-16
-14
-19
-24
-24
-27
-28
-26
-22
-23
-23
-26
-28
-38
-38
-30
-22
-17
-16
-22
-25
-22
-25
-23
-24
-22
-24
-23
-24
-27
-27
-35
-35
-35
-31
-20
-16
-16
-15
-13
-15
-11
-13
-15
-10
-12
-22
-20
-18
-14
-12
-15
-11
-11
-5
-4
-3
-3
-13
-13
-9
-5
-9
-6
-7
-7
0
4
3
3
4
-1
0
0
1
2
-5
-5
4
10
7
13
13
11
7
2
10
7
15
14
2
4
5
6
13
18
20
18
18
14
16
14
9
19
17
14
10
5
15
25
22
27
33
31
30
30
31
28
24
21
31
34
31
28
25
20
22
23
22
30
29
33
35
34
35
32
32
30
28
27
25
23
26
22
27
27
28
33
27
27
28
28
22
23
22
27
31
27
20
16
19
10
14
22
21
23
20
17
12
9
10
8
10
10
14
16
11
8
10
11
4
12
9
5
2
-9
-15
-8
0
0
-4
-9
-5
-5
-1
-5
-7
-6
-7
1
1
0
-2
-6
-8
-5
-7
-10
-8
-10
-10
-5
1
-4
-2
-3
2
9
3
5
-2
-5
0
2
-1
3
3
-1
-2
-4
-14
-8
-3
-7
-10
-8
-6
-5
-2
-1
-3
-9
-1
-1
-10
-11
-14
-17
-20
-18
-23
-24
-28
-32
-26
-31
-34
-35
-34
-38
-39
-42
-44
-43
-40
-40
-48
-51
-57
-55
-52
-51
-49
-45
-41
-37
-38
-43
-46
-45
-42
-34
-33
-28
-31
-27
-25
-34
-25
-30
-26
-24
-18
-17
-13
-10
-12
-9
-7
2
-1
0
-1
2
2
4
6
4
-1
-8
-4
4
4
8
17
15
18
19
11
12
10
10
11
8
7
5
0
-2
-1
0
-1
0
5
12
14
19
15
11
7
2
8
14
16
16
16
18
12
9
9
8
7
14
17
21
27
33
30
23
24
23
30
30
27
27
29
26
23
28
30
31
35
33
37
36
42
43
43
47
43
38
34
43
45
44
43
37
37
38
43
42
42
46
49
47
41
34
33
30
33
30
31
31
30
32
29
24
24
25
21
23
21
16
16
12
13
14
8
6
6
8
7
6
8
0
-5
0
-3
-12
-14
-20
-21
-21
-24
-23
-22
-22
-17
-15
-16
-6
-8
-14
-13
-18
-22
-23
-22
-22
-22
-24
-19
-13
-13
-14
-15
-20
-17
-15
-20
-24
-15
-10
-10
-9
-9
-13
-11
-9
-12
-11
-14
-15
-15
-17
-16
-13
-10
-4
-10
-12
-15
-19
-19
-20
-19
-19
-23
-31
-42
-44
-45
-44
-39
-35
-40
-40
-34
-41
-42
-46
-49
-44
-39
-42
-46
-52
-56
-54
-50
-47
-41
-41
-44
-37
-38
-38
-35
-33
-34
-29
-28
-32
-31
-32
-35
-30
-27
-23
-18
-14
-16
-16
-8
-7
-9
-12
-12
-7
-7
-10
-6
-7
-4
1
0
8
1
2
4
0
-3
-2
1
-6
-4
-1
-1
4
5
-6
-1
2
-2
-4
0
0
-8
-10
-17
-16
-10
-6
-11
-17
-20
-20
-18
-18
-16
-14
-16
-6
-4
-8
-7
-3
-3
-3
4
11
17
21
16
15
17
21
24
25
24
17
23
27
30
34
35
39
43
45
43
41
43
42
45
48
46
44
48
52
61
55
60
64
55
60
57
50
44
41
42
45
44
45
45
43
44
40
46
48
54
58
56
62
57
46
42
47
44
47
53
51
47
46
40
39
37
39
42
46
40
32
27
27
31
35
33
35
31
36
40
32
33
30
21
21
26
29
30
22
21
21
20
20
19
19
16
8
11
13
11
9
-1
-5
-5
-9
-12
-13
-10
-12
-15
-22
-29
-32
-28
-21
-25
-20
-26
-37
-36
-36
-36
-32
-31
-38
-36
-36
-30
-38
-41
-30
-33
-35
-38
-40
-53
-50
-47
-39
-38
-40
-40
-41
-33
-32
-34
-36
-35
-36
-34
-44
-52
-51
-47
-44
-38
-37
-36
-39
-28
-26
-31
-31
-39
-43
-46
-45
-41
-35
-37
-39
-38
-39
-43
-43
-39
-36
-38
-38
-41
-46
-50
-43
-42
-43
-38
-42
-40
-41
-45
-45
-42
-45
-52
-49
-51
-45
-41
-36
-37
-32
-30
-28
-19
-29
-31
-31
-25
-16
-16
-16
-17
-22
-19
-20
-19
-14
-13
-7
-5
-6
-10
-6
-6
-9
-5
-3
-3
4
5
2
2
3
4
3
8
11
11
10
9
8
17
22
17
21
25
22
17
5
2
10
11
11
6
9
8
12
21
23
20
21
21
16
17
10
13
10
11
5
4
16
17
21
26
27
27
24
25
28
22
28
27
24
25
25
29
40
41
46
46
47
49
45
45
50
53
53
61
60
57
53
57
58
61
63
64
62
55
52
49
51
41
41
52
57
61
60
59
55
56
55
53
52
49
47
44
40
38
30
30
27
23
21
19
23
29
29
26
27
21
20
13
6
-3
1
4
9
10
6
10
8
5
2
6
5
12
15
10
7
1
6
1
5
6
5
7
4
0
4
2
-1
-2
-7
-5
-6
-8
-6
-5
-6
-6
-6
-10
-15
-15
-16
-14
-16
-19
-21
-14
-12
-14
-18
-23
-28
-24
-22
-27
-24
-31
-32
-33
-37
-37
-32
-34
-35
-33
-34
-38
-41
-48
-47
-44
-44
-40
-44
-44
-47
-51
-52
-51
-51
-51
-50
-54
-52
-53
-47
-45
-41
-38
-38
-31
-27
-31
-30
-32
-34
-22
-32
-38
-35
-29
-30
-28
-32
-36
-32
-27
-24
-22
-20
-22
-21
-23
-24
-25
-25
-33
-34
-29
-30
-25
-26
-33
-34
-32
-26
-28
-29
-32
-40
-34
-30
-34
-25
-16
-12
-10
-15
-18
-21
-14
-13
-21
-28
-33
-33
-22
-19
-18
-21
-21
-12
-7
3
9
3
3
1
-5
-7
-7
-7
-5
1
3
3
5
1
3
8
15
21
18
23
20
19
22
21
21
18
16
16
15
13
6
11
18
19
26
31
36
39
42
37
37
33
35
39
38
42
40
45
37
39
47
43
47
55
49
47
48
48
52
55
58
62
70
71
70
68
62
59
62
55
47
47
43
49
52
52
52
51
53
47
45
46
42
45
44
51
46
39
38
30
27
24
23
20
15
14
10
13
16
15
20
18
18
15
21
16
8
6
6
9
1
1
6
5
2
-1
-3
-2
-3
-5
-5
-1
4
-1
-6
-3
-5
-3
-6
-1
0
0
5
-2
-8
-12
-10
-6
-12
-8
-8
-6
-2
-5
3
5
3
4
-2
-4
-11
-16
-16
-17
-19
-21
-25
-31
-25
-21
-11
-12
-17
-14
-19
-16
-16
-18
-16
-20
-25
-27
-28
-27
-36
-33
-31
-33
-25
-26
-32
-34
-36
-39
-37
-40
-50
-50
-45
-43
-42
-47
-49
-46
-45
-39
-33
-38
-32
-31
-30
-32
-36
-44
-46
-40
-37
-30
-29
-26
-28
-33
-31
-35
-33
-31
-33
-32
-31
-26
-26
-22
-17
-12
-12
-16
-19
-23
-23
-18
-18
-24
-23
-18
-15
-11
-8
-3
2
-3
-8
-11
-8
-11
-10
-5
-1
4
-1
5
-1
-10
-13
-13
-7
-2
-3
-7
-7
-5
-4
2
5
9
12
10
9
5
5
5
8
7
2
-1
-1
-5
1
4
3
16
16
15
14
14
17
12
4
6
8
10
13
12
10
11
9
4
5
7
15
18
19
10
8
3
5
10
10
16
13
18
8
5
13
12
12
15
19
19
21
19
12
14
17
25
26
25
19
17
23
20
17
20
21
25
32
36
33
36
33
34
36
36
34
26
19
17
23
27
35
32
33
38
41
40
37
30
40
45
41
35
31
28
23
31
34
30
33
28
23
28
27
31
26
24
26
24
33
32
33
37
34
40
40
35
23
24
25
23
25
19
21
21
24
25
19
13
14
16
13
13
12
11
8
7
5
-3
-6
-7
-7
-1
-3
-9
-13
-23
-27
-26
-30
-24
-18
-20
-23
-29
-38
-38
-33
-35
-32
-28
-26
-34
-36
-39
-47
-46
-47
-48
-45
-46
-42
-46
-49
-39
-40
-39
-40
-43
-46
-41
-35
-36
-38
-41
-39
-39
-40
-35
-35
-33
-27
-27
-27
-28
-20
-22
-25
-19
-22
-19
-23
-27
-29
-28
-36
-34
-28
-24
-15
-14
-7
-8
-5
-7
-5
-6
-10
-10
-5
-4
-5
-5
-9
-13
-13
-10
-10
-16
-19
-10
-9
-10
-4
-2
3
8
5
4
2
-1
-5
-6
-7
-8
-9
-12
-15
-9
-8
-4
-3
0
5
9
7
-1
-3
-4
2
1
3
2
2
2
6
0
-6
-3
-7
-2
6
6
3
0
3
6
5
7
7
8
7
6
15
10
3
4
2
10
15
19
17
16
16
16
10
8
12
10
12
12
19
20
19
19
12
12
10
9
10
14
17
11
5
6
6
10
5
-3
8
11
10
4
4
7
5
3
8
5
3
-2
-9
-11
-8
-2
-4
0
5
8
12
6
4
2
4
5
5
4
6
9
0
4
7
7
7
9
15
15
19
24
17
24
24
18
24
18
15
14
13
13
19
20
18
12
12
16
18
22
20
17
14
16
15
13
11
12
9
14
15
14
14
8
5
12
10
13
11
14
17
8
1
-5
-9
-7
-1
-1
6
4
7
8
9
8
2
4
8
5
-1
5
-2
-4
-1
4
4
6
1
-3
-1
-6
-3
-3
-4
-4
-3
-7
-8
-7
-11
-8
3
5
6
-3
-4
-9
-10
-9
-14
-7
-9
-8
-11
-11
-17
-14
-23
-20
-14
-12
-3
-6
-2
-2
-6
-12
-19
-25
-22
-21
-26
-22
-8
-7
-1
6
-1
5
12
3
7
7
3
3
3
8
4
12
13
14
17
23
25
13
10
6
4
0
0
2
1
7
6
8
6
4
5
1
3
1
-2
-3
-9
-10
-4
-5
-9
-3
-6
-10
-3
1
2
-2
-10
-13
-15
-14
-18
-15
-17
-15
-13
-16
-17
-17
-14
-17
-15
-12
-15
-15
-16
-7
-3
-8
-12
-14
-13
-18
-20
-26
-23
-21
-20
-20
-18
-14
-14
-7
-5
-1
1
-2
-3
-7
-10
-16
-18
-12
-13
-11
-2
-5
-4
2
-3
0
5
2
-4
-8
-16
-20
-21
-20
-19
-18
-19
-26
-25
-23
-23
-22
-17
-17
-17
-21
-26
-23
-25
-25
-25
-23
-27
-28
-23
-20
-18
-22
-17
-15
-16
-19
-20
-12
-5
0
2
9
13
9
5
9
9
11
14
11
8
10
13
11
14
9
10
13
17
28
30
31
28
24
20
20
22
16
10
15
18
18
22
19
21
26
28
29
31
34
34
36
31
27
25
26
27
31
27
18
18
17
7
14
17
14
16
16
19
16
13
7
3
5
9
-1
-6
-1
-1
-4
-6
-4
-3
-3
1
-5
-5
-3
-1
-1
0
0
-4
0
1
10
9
11
14
10
8
8
13
6
7
15
17
13
10
11
7
11
15
19
19
22
32
31
23
19
14
7
14
16
22
24
19
20
21
24
22
15
10
15
13
16
16
12
13
10
8
5
1
0
5
16
20
20
21
17
18
11
5
7
9
16
17
18
14
7
8
9
9
2
7
11
7
3
4
6
-4
0
-1
-2
-5
-10
-12
-13
-9
-4
0
-6
-10
-13
-12
-16
-11
-12
-14
-11
-12
-6
-3
-10
-14
-15
-17
-9
-8
-6
-5
-9
-17
-19
-14
-12
-14
-7
-5
-13
-17
-24
-22
-21
-13
-11
-16
-18
-16
-10
-17
-15
-18
-21
-18
-20
-20
-27
-28
-27
-22
-21
-17
-17
-19
-17
-21
-28
-31
-31
-32
-34
-29
-27
-24
-29
-31
-28
-28
-26
-29
-35
-44
-41
-38
-38
-34
-40
-42
-40
-32
-29
-30
-24
-29
-25
-26
-29
-38
-35
-34
-37
-25
-18
-12
-15
-21
-23
-27
-27
-33
-32
-30
-29
-19
-11
-12
-16
-17
-17
-12
-10
-13
-14
-15
-12
-10
-14
-16
-11
-8
-1
1
-2
-2
-5
-4
-6
-3
-3
-9
-10
-13
-21
-13
-11
-9
-6
-14
-13
-12
-10
-9
-3
-1
5
3
-1
-4
-9
-3
-4
4
11
12
10
11
12
12
11
10
15
17
22
25
23
22
22
23
28
31
33
32
32
36
41
36
32
35
37
38
35
31
28
30
34
42
48
48
53
53
49
40
41
40
36
40
38
39
41
45
43
42
42
41
43
43
43
37
38
39
41
40
46
45
40
40
36
36
41
34
28
36
30
27
28
24
27
35
39
45
43
37
39
37
32
33
36
37
36
33
30
31
25
22
24
21
27
29
30
32
33
32
34
38
32
28
24
16
18
26
23
25
25
20
21
21
14
13
8
8
17
20
21
21
16
8
5
-3
-4
-10
-7
-4
-5
-12
-21
-21
-18
-18
-16
-17
-18
-21
-32
-33
-44
-49
-51
-50
-44
-39
-36
-37
-39
-40
-42
-35
-38
-41
-42
-45
-49
-41
-46
-49
-43
-39
-40
-33
-30
-33
-22
-19
-17
-19
-29
-36
-38
-44
-40
-34
-32
-29
-34
-30
-25
-22
-29
-28
-28
-30
-28
-30
-36
-44
-45
-46
-43
-39
-32
-27
-29
-36
-36
-38
-40
-39
-42
-38
-43
-47
-44
-40
-37
-35
-27
-25
-22
-35
-36
-33
-34
-33
-36
-37
-33
-29
-25
-24
-23
-25
-27
-26
-33
-37
-37
-35
-37
-43
-44
-41
-41
-43
-45
-44
-44
-35
-33
-35
-27
-29
-31
-30
-28
-28
-26
-23
-18
-18
-16
-19
-19
-21
-23
-19
-16
-14
-12
-8
-7
-4
-2
-2
-2
0
-4
4
4
1
2
3
13
12
19
17
13
14
24
28
28
38
32
34
37
39
42
41
43
42
46
50
50
43
40
44
44
49
49
44
43
46
45
47
44
42
42
46
52
53
61
58
57
54
51
50
55
55
56
58
53
51
53
56
58
53
61
67
62
63
58
55
55
51
54
60
56
57
60
62
62
59
58
51
47
49
54
56
53
55
61
58
53
51
49
44
41
40
39
39
41
39
40
34
38
34
29
24
22
21
16
12
10
8
1
-1
-1
0
-3
1
6
6
8
5
4
-2
-7
-5
-14
-14
-22
-18
-16
-18
-14
-23
-21
-19
-15
-15
-12
-8
-7
-14
-16
-15
-18
-25
-31
-30
-29
-24
-18
-21
-23
-24
-20
-23
-29
-29
-30
-33
-32
-32
-21
-25
-33
-34
-36
-26
-25
-27
-30
-33
-33
-36
-36
-35
-36
-34
-34
-37
-30
-33
-37
-41
-42
-46
-53
-51
-47
-50
-49
-51
-55
-52
-52
-53
-51
-49
-49
-47
-52
-56
-61
-58
-57
-61
-61
-51
-49
-47
-46
-50
-52
-53
-52
-52
-43
-40
-44
-37
-33
-32
-37
-39
-34
-33
-30
-36
-39
-36
-33
-29
-23
-24
-23
-14
-11
-5
-9
-5
-7
-6
-4
-8
-11
-13
-10
-16
-11
-7
-10
-4
-6
-9
-7
-13
-14
-15
-17
-18
-18
-16
-9
-4
-6
-12
-10
-9
-17
-15
-14
-11
-14
-8
-7
-15
-12
-9
-2
-1
2
0
-6
-4
-5
-5
-6
-4
-4
-5
-5
0
-4
-7
2
7
13
11
16
12
19
25
26
27
26
23
21
20
18
21
21
21
29
38
36
41
42
43
55
57
59
62
58
54
54
53
50
51
50
51
50
44
50
53
55
60
60
60
64
63
56
51
56
61
58
55
52
52
51
47
45
49
54
55
53
57
60
60
59
58
60
57
54
53
55
50
44
44
45
44
46
47
50
51
42
37
41
45
44
46
44
41
35
38
38
37
33
29
28
32
38
36
34
33
29
19
18
11
4
7
9
8
9
2
1
-2
-10
-8
-13
-10
-15
-17
-10
-17
-25
-20
-22
-19
-16
-18
-18
-23
-17
-22
-23
-14
-16
-21
-22
-20
-18
-21
-23
-26
-27
-22
-23
-28
-26
-23
-23
-28
-30
-34
-37
-34
-32
-32
-34
-39
-40
-39
-44
-38
-36
-41
-42
-39
-41
-35
-37
-33
-33
-30
-24
-35
-34
-49
-49
-43
-47
-43
-46
-52
-50
-53
-61
-63
-61
-57
-57
-53
-57
-59
-51
-54
-54
-51
-56
-61
-64
-68
-64
-60
-58
-53
-55
-55
-54
-57
-51
-57
-59
-52
-51
-47
-48
-56
-58
-59
-56
-55
-49
-42
-45
-44
-40
-35
-28
-29
-29
-22
-27
-25
-25
-27
-18
-25
-25
-23
-18
-16
-15
-11
-16
-16
-10
-7
-3
-1
-5
6
0
-2
-4
-7
1
5
11
13
14
6
0
0
-7
-7
-6
-9
2
4
5
7
10
9
15
16
11
19
14
16
10
17
19
15
15
18
24
28
30
29
34
31
30
30
32
30
28
27
30
30
36
38
43
40
37
33
32
34
34
40
44
52
52
49
48
52
52
54
57
56
63
58
54
48
49
59
63
67
67
67
68
73
69
71
74
79
74
72
70
65
79
77
72
69
66
64
60
61
60
60
62
58
56
57
61
61
58
56
49
44
45
45
43
42
40
47
47
40
38
38
36
39
41
42
51
45
37
40
39
42
39
33
33
37
32
25
27
20
12
7
4
6
4
4
6
4
5
-3
-7
-10
-16
-13
-22
-25
-29
-25
-19
-18
-21
-30
-24
-24
-27
-30
-35
-38
-32
-30
-29
-33
-44
-38
-41
-38
-38
-37
-32
-40
-38
-44
-41
-35
-37
-34
-38
-37
-35
-42
-45
-44
-45
-48
-50
-49
-46
-45
-48
-45
-43
-47
-47
-45
-44
-53
-52
-43
-46
-50
-44
-42
-43
-43
-49
-52
-59
-60
-57
-56
-58
-51
-49
-49
-54
-56
-55
-55
-52
-50
-50
-51
-50
-57
-56
-53
-49
-42
-45
-44
-45
-49
-50
-52
-57
-47
-48
-46
-41
-41
-40
-43
-46
-46
-42
-42
-34
-33
-29
-28
-29
-25
-26
-25
-25
-29
-32
-27
-24
-27
-28
-31
-29
-28
-25
-16
-14
-11
-7
-9
-6
-13
-16
-15
-18
-17
-17
-9
-6
2
-3
-3
3
-2
1
-2
3
0
1
3
8
8
10
17
19
24
22
22
21
23
21
15
15
22
24
21
23
27
28
27
28
28
30
29
29
33
35
38
39
38
37
39
34
37
37
36
39
39
43
42
45
42
41
47
50
46
48
53
48
50
51
47
46
45
43
40
39
40
41
42
45
47
49
50
53
51
48
50
52
55
43
36
36
37
41
41
44
48
45
49
50
44
43
43
41
36
39
37
35
30
30
30
27
28
31
34
28
27
29
24
30
24
25
24
23
27
28
31
30
36
30
26
20
13
10
9
11
10
6
5
15
12
10
11
10
8
6
2
-5
-7
-6
-3
-1
-6
-5
1
-1
-2
-5
-2
-1
-7
-15
-14
-19
-17
-14
-16
-15
-10
-14
-18
-10
-12
-13
-15
-21
-25
-22
-23
-24
-27
-25
-23
-28
-22
-15
-10
-11
-12
-15
-18
-19
-25
-26
-31
-31
-36
-37
-38
-40
-39
-35
-28
-33
-37
-39
-41
-42
-42
-44
-49
-55
-54
-47
-40
-39
-38
-46
-53
-51
-51
-54
-55
-63
-59
-64
-64
-58
-58
-52
-48
-43
-41
-38
-42
-39
-36
-37
-36
-38
-41
-45
-47
-40
-37
-35
-33
-34
-31
-32
-27
-25
-26
-16
-27
-37
-35
-34
-34
-31
-30
-24
-20
-19
-22
-26
-30
-32
-27
-27
-24
-14
-9
-7
-6
-10
-9
-13
-12
-10
0
6
0
-5
-9
-7
-2
-2
3
9
13
10
10
10
3
3
2
0
2
1
7
8
10
17
15
23
31
29
27
30
35
32
30
31
28
21
21
19
21
26
32
40
40
37
39
39
37
34
35
39
41
45
44
48
48
46
48
43
42
42
45
43
43
38
35
38
40
44
34
38
39
32
37
38
38
35
32
33
32
29
28
27
23
32
37
30
29
30
24
28
26
21
22
19
18
16
15
15
17
19
24
25
19
12
8
1
-4
3
9
13
16
12
13
9
5
14
16
13
19
19
15
19
20
25
21
14
19
28
32
24
21
26
22
24
17
14
13
11
11
4
4
2
5
17
18
17
8
8
7
5
5
-4
1
0
6
4
2
3
9
16
18
23
16
9
7
1
3
5
-3
-4
-11
-6
2
2
0
1
2
-2
-6
-10
-21
-21
-21
-32
-34
-31
-34
-34
-35
-37
-31
-31
-27
-27
-35
-27
-25
-30
-30
-31
-34
-34
-32
-38
-39
-35
-35
-35
-40
-44
-41
-37
-37
-30
-30
-30
-31
-28
-24
-22
-20
-20
-19
-19
-27
-30
-27
-21
-17
-19
-13
-6
-2
-11
-17
-15
-18
-15
-18
-18
-17
-24
-21
-17
-13
-11
-13
-21
-16
-11
-15
-19
-23
-21
-22
-29
-33
-33
-31
-29
-26
-23
-21
-25
-33
-37
-32
-34
-32
-28
-25
-22
-24
-21
-24
-27
-30
-31
-28
-30
-30
-34
-40
-41
-40
-39
-33
-23
-16
-16
-17
-22
-23
-20
-22
-20
-20
-16
-6
-3
-4
-8
-7
-3
1
4
8
9
7
6
6
-1
-6
-5
-3
-1
-6
-3
-1
0
-1
1
4
4
4
7
13
10
9
4
1
5
5
11
9
3
0
6
16
9
9
10
0
-1
-2
2
15
21
23
22
23
27
34
29
29
25
27
28
24
25
24
31
31
31
36
34
34
34
38
44
44
52
41
35
35
33
39
36
31
33
35
42
44
40
37
36
38
36
37
34
37
37
33
34
32
34
29
31
27
30
26
19
23
19
23
24
26
27
22
24
20
23
22
22
33
35
35
35
32
23
21
22
18
25
26
27
26
21
24
21
18
14
13
10
13
11
9
16
24
28
18
18
20
20
17
13
11
4
7
5
5
7
4
9
7
8
15
10
8
1
-6
-1
-1
-5
-2
-2
0
-2
-9
-9
-8
-9
-6
-4
-7
-8
-8
-8
-6
-13
-14
-13
-16
-8
-9
-12
-10
-10
-14
-14
-13
-13
-14
-9
-2
-4
-7
-6
-9
-10
-10
-13
-8
-11
-9
-9
-10
-7
-9
-7
-13
-9
-9
-12
-8
-3
-7
-5
-9
-21
-19
-23
-20
-13
-13
-18
-18
-20
-18
-16
-18
-19
-19
-11
-12
-17
-26
-24
-22
-23
-25
-30
-35
-36
-27
-27
-22
-23
-23
-20
-18
-17
-22
-25
-24
-21
-21
-24
-24
-29
-32
-33
-36
-33
-34
-34
-32
-31
-23
-19
-21
-19
-20
-16
-19
-26
-30
-31
-35
-35
-35
-36
-36
-34
-31
-32
-32
-34
-35
-35
-35
-36
-34
-32
-36
-40
-45
-48
-40
-32
-37
-38
-39
-39
-42
-51
-51
-52
-48
-52
-48
-39
-41
-35
-29
-34
-28
-24
-31
-29
-31
-30
-35
-41
-38
-40
-38
-34
-35
-26
-22
-16
-11
-10
-9
-7
-6
-6
-3
-6
-7
-3
0
0
1
7
14
14
16
13
25
31
37
38
32
34
35
37
31
31
28
34
38
51
56
55
51
54
59
54
52
52
54
51
57
61
60
64
59
60
63
62
60
60
58
55
59
61
68
71
69
68
73
79
78
76
68
62
60
55
52
53
48
48
48
50
54
55
56
53
53
57
56
54
50
42
40
37
34
35
36
30
25
29
24
26
26
23
33
33
26
24
22
22
14
13
17
20
17
11
11
11
10
10
6
4
1
5
10
7
6
5
6
7
14
15
11
12
11
8
1
11
13
13
12
6
8
13
9
10
8
9
13
14
14
17
16
15
25
18
14
20
17
8
6
3
1
0
-1
1
5
4
6
7
8
12
11
10
9
0
-8
-13
-14
-14
-15
-17
-18
-21
-26
-27
-30
-29
-21
-24
-25
-35
-39
-38
-39
-39
-43
-45
-55
-51
-53
-57
-53
-58
-57
-62
-57
-53
-58
-56
-60
-65
-68
-62
-62
-60
-56
-64
-68
-68
-69
-73
-72
-72
-73
-72
-72
-71
-71
-69
-64
-63
-56
-57
-57
-61
-64
-67
-71
-65
-66
-67
-65
-68
-67
-62
-57
-60
-56
-59
-54
-45
-50
-47
-51
-47
-53
-53
-47
-47
-42
-49
-50
-51
-51
-46
-41
-39
-35
-34
-32
-28
-28
-26
-24
-24
-26
-23
-27
-35
-36
-27
-23
-24
-18
-11
-3
2
3
2
3
-1
-5
-6
-11
-7
-9
-10
-6
-3
-2
2
6
15
27
26
29
28
32
35
33
33
32
36
45
52
50
45
41
40
46
48
50
56
62
66
68
63
60
56
58
64
66
72
76
66
57
58
45
44
42
44
53
58
61
63
62
58
56
58
57
56
56
53
45
47
46
44
45
43
42
42
42
46
43
34
47
44
43
45
40
40
40
41
33
36
36
39
47
46
46
39
42
46
52
52
50
49
48
48
50
51
45
44
51
55
51
46
43
44
44
46
53
53
52
54
51
49
55
60
64
65
57
52
54
47
43
45
45
51
61
63
61
58
50
44
34
35
26
17
13
7
12
11
19
12
6
5
6
5
-3
-7
-13
-9
-17
-24
-27
-33
-34
-30
-28
-25
-26
-30
-39
-48
-47
-55
-52
-47
-47
-37
-40
-45
-49
-55
-54
-53
-53
-53
-56
-56
-52
-53
-56
-57
-61
-59
-54
-55
-56
-64
-67
-61
-62
-67
-70
-71
-73
-68
-69
-69
-68
-66
-61
-65
-67
-67
-69
-68
-71
-74
-76
-77
-76
-77
-75
-81
-79
-73
-74
-75
-78
-87
-93
-97
-96
-93
-84
-76
-76
-76
-79
-76
-78
-76
-72
-68
-64
-56
-56
-57
-56
-63
-62
-61
-54
-46
-44
-40
-31
-24
-24
-27
-30
-20
-18
-12
-9
-9
-1
-7
-11
-8
-14
-17
-16
-12
-3
-4
0
7
15
16
15
16
18
18
15
15
14
11
10
11
11
10
8
13
9
8
13
13
16
14
19
23
22
26
26
22
19
19
21
21
21
22
18
20
22
31
33
28
22
17
19
29
30
31
28
28
24
22
23
17
21
21
21
17
15
13
15
26
37
41
41
48
50
44
41
42
35
33
33
32
31
38
38
41
47
47
60
59
67
70
66
67
64
67
60
68
65
66
67
63
65
69
67
67
72
73
77
72
72
73
75
76
80
81
78
79
78
72
71
67
66
72
75
71
64
65
62
62
60
64
66
67
64
64
61
63
62
60
57
49
44
37
38
44
41
40
41
43
41
41
43
35
28
21
16
11
11
10
6
6
8
8
12
12
15
8
7
5
-1
0
-11
-16
-21
-18
-15
-12
-13
-11
-12
-20
-23
-28
-23
-23
-23
-19
-31
-27
-27
-25
-22
-23
-26
-29
-38
-43
-43
-46
-45
-53
-55
-57
-58
-52
-52
-50
-49
-53
-62
-63
-65
-66
-64
-63
-70
-70
-72
-84
-83
-83
-83
-74
-79
-76
-79
-86
-79
-78
-73
-78
-77
-74
-80
-78
-73
-72
-66
-69
-74
-76
-85
-84
-78
-80
-80
-75
-76
-70
-67
-68
-63
-61
-62
-61
-56
-54
-60
-62
-63
-60
-60
-53
-49
-51
-45
-36
-33
-33
-31
-34
-29
-29
-30
-28
-27
-27
-28
-21
-19
-15
-15
-13
-14
-11
-9
-15
-16
-16
-12
-11
-13
-13
-14
-8
-5
-5
-11
-17
-11
-8
-10
-11
-11
-7
-2
0
-2
-7
-6
-4
-10
-3
2
3
8
8
8
0
-2
0
3
4
12
17
14
17
20
20
21
26
24
25
28
20
18
23
17
17
31
30
36
39
39
41
44
43
46
43
41
43
41
41
40
46
52
54
54
48
51
60
55
63
68
68
71
67
71
64
55
55
53
53
50
58
59
57
54
60
65
63
69
65
61
60
56
54
46
45
46
46
54
60
59
56
54
52
49
51
47
48
48
45
43
41
37
43
54
57
60
55
48
44
43
41
39
40
34
41
39
37
41
37
35
43
44
35
35
29
31
36
36
38
42
37
38
35
25
21
16
23
19
21
26
26
23
21
20
18
14
13
14
8
7
3
0
-2
0
-3
-5
-9
-15
-16
-17
-15
-14
-18
-19
-23
-25
-24
-28
-27
-35
-37
-40
-42
-47
-55
-53
-55
-49
-51
-49
-47
-51
-52
-56
-51
-47
-48
-51
-54
-62
-59
-63
-68
-75
-77
-68
-69
-64
-61
-64
-64
-66
-64
-59
-53
-54
-61
-64
-64
-66
-64
-59
-56
-58
-55
-48
-50
-55
-57
-54
-53
-52
-53
-56
-57
-63
-59
-57
-60
-54
-57
-54
-52
-62
-59
-60
-56
-52
-50
-42
-40
-43
-46
-46
-44
-43
-44
-39
-42
-42
-40
-39
-43
-41
-38
-36
-26
-28
-25
-21
-22
-22
-20
-22
-26
-21
-23
-29
-26
-21
-15
-11
-14
-10
-13
-15
-7
-3
3
2
2
3
-4
0
6
13
16
19
18
12
13
5
6
12
14
21
24
25
29
35
40
43
47
49
49
49
36
29
29
25
26
27
34
39
43
54
58
53
48
42
44
50
50
49
47
37
35
42
44
41
46
48
52
53
53
51
44
44
44
42
40
46
51
43
45
47
48
45
45
47
44
45
47
53
55
56
58
56
53
52
49
48
45
41
45
48
49
50
48
47
49
52
49
48
57
60
57
56
63
62
59
55
54
55
54
59
60
64
61
65
62
61
59
56
59
54
57
49
38
39
31
29
32
30
34
34
35
31
23
15
7
8
7
4
2
-2
-1
-4
-12
-10
-12
-12
-17
-23
-21
-15
-21
-25
-29
-35
-40
-42
-42
-45
-40
-41
-41
-43
-48
-47
-54
-55
-55
-55
-51
-57
-58
-51
-51
-45
-41
-40
-41
-45
-44
-47
-53
-49
-53
-55
-47
-41
-43
-42
-47
-54
-53
-52
-50
-50
-55
-57
-53
-47
-47
-40
-41
-43
-36
-39
-39
-39
-45
-48
-44
-48
-49
-46
-50
-47
-39
-36
-40
-38
-36
-40
-39
-33
-32
-35
-37
-40
-40
-42
-44
-41
-35
-40
-41
-41
-32
-31
-38
-26
-25
-26
-21
-23
-24
-22
-26
-27
-29
-30
-36
-35
-35
-37
-43
-49
-47
-39
-36
-34
-26
-21
-18
-17
-16
-32
-34
-24
-28
-28
-33
-36
-39
-40
-30
-25
-16
-12
-10
-17
-21
-19
-22
-25
-28
-26
-24
-23
-25
-24
-23
-30
-33
-28
-23
-14
-8
-7
-8
-7
-5
-5
-5
-8
-4
3
13
17
14
12
14
18
21
23
21
17
17
21
23
26
32
38
36
40
42
47
53
56
55
55
58
52
53
56
51
53
59
68
78
77
74
72
75
79
76
76
70
74
76
79
76
65
62
64
71
70
76
71
65
63
62
63
55
58
57
63
71
71
66
64
63
59
55
55
58
55
52
54
58
57
54
55
53
61
58
53
50
45
39
37
34
23
21
23
27
34
34
37
34
31
34
30
28
22
22
27
23
21
20
15
12
9
6
10
5
5
8
6
3
-3
0
-11
-14
-16
-18
-18
-19
-20
-24
-23
-24
-28
-35
-38
-39
-38
-44
-47
-41
-46
-42
-42
-45
-38
-36
-42
-41
-44
-47
-42
-46
-44
-42
-41
-38
-29
-23
-20
-20
-24
-22
-22
-26
-25
-28
-28
-23
-19
-21
-20
-24
-21
-19
-16
-14
-19
-22
-20
-18
-16
-12
-16
-19
-17
-18
-17
-19
-29
-35
-31
-34
-36
-33
-34
-33
-30
-32
-31
-27
-28
-25
-28
-35
-31
-37
-42
-43
-45
-39
-46
-50
-40
-36
-40
-42
-35
-33
-33
-31
-38
-36
-35
-37
-35
-36
-36
-36
-31
-38
-38
-34
-34
-38
-40
-37
-42
-40
-40
-33
-40
-38
-34
-38
-41
-48
-41
-36
-36
-34
-35
-38
-39
-41
-44
-44
-45
-38
-32
-28
-28
-30
-28
-26
-26
-33
-30
-31
-33
-25
-25
-23
-24
-15
-11
-16
-14
-8
-10
-10
-12
-11
-6
-6
-1
5
-1
2
2
1
10
14
19
18
16
18
14
15
22
25
26
33
35
32
33
34
35
37
46
52
62
59
57
59
55
56
64
68
66
62
68
71
70
78
80
75
78
74
71
72
70
73
76
73
73
74
74
69
71
70
67
69
64
65
65
64
58
59
60
58
61
63
70
65
58
51
53
57
57
60
62
56
47
45
46
47
47
47
40
38
36
34
29
24
19
22
24
29
22
13
14
7
-1
-3
-5
-8
1
4
1
3
-3
-8
-11
-9
-10
-17
-21
-19
-22
-20
-20
-24
-19
-18
-20
-10
-7
-8
-14
-15
-17
-17
-13
-12
-10
-10
-15
-15
-20
-22
-16
-12
-14
-18
-18
-30
-26
-24
-21
-14
-11
-10
-10
-10
-11
-11
-14
-16
-13
-6
-4
-12
-14
-22
-21
-17
-15
-12
-13
-10
-13
-16
-15
-12
-15
-14
-18
-24
-20
-27
-35
-33
-34
-31
-26
-22
-20
-21
-20
-20
-29
-29
-24
-27
-33
-39
-37
-39
-34
-25
-19
-26
-31
-34
-35
-33
-35
-36
-35
-30
-34
-38
-36
-35
-38
-34
-35
-33
-30
-38
-44
-47
-48
-49
-47
-47
-38
-38
-40
-39
-35
-33
-36
-42
-45
-52
-50
-52
-57
-53
-58
-52
-52
-44
-41
-39
-31
-36
-35
-36
-35
-34
-32
-32
-40
-37
-31
-25
-22
-23
-17
-17
-20
-20
-22
-17
-20
-23
-24
-18
-10
-5
-6
-4
-4
9
14
15
18
13
15
11
8
16
28
25
32
38
42
49
49
48
48
50
45
49
45
39
34
37
35
41
45
38
44
48
46
45
46
47
45
41
43
40
44
43
44
46
46
50
49
50
51
50
44
44
40
44
41
36
38
33
33
34
39
37
42
47
50
48
40
34
30
30
29
25
32
37
30
28
28
34
36
39
30
25
23
14
15
13
13
14
16
12
7
8
7
9
10
12
14
11
7
3
4
9
4
5
5
8
9
-5
-10
-15
-18
-14
-11
-7
-5
-7
-8
-12
-10
-7
-3
-2
-7
-5
-5
-8
-14
-16
-21
-19
-13
-11
-11
-11
-9
-9
-10
-13
-14
-15
-17
-21
-22
-22
-23
-19
-21
-14
-9
-8
-9
-11
-7
-7
-9
-13
-12
-17
-18
-11
-6
-5
-2
-3
-3
-2
-4
-7
-12
-8
-10
-12
-9
-10
-5
-8
-13
-11
-10
-8
-7
-9
-13
-19
-19
-19
-16
-17
-13
-13
-14
-11
-15
-16
-13
-8
-1
-2
-4
-6
-9
-9
-4
-4
-3
-2
-5
-11
-11
-13
-15
-12
-9
-5
-5
2
-3
-7
-7
-5
-12
-10
-12
-16
-19
-28
-29
-41
-39
-39
-39
-36
-29
-28
-32
-35
-34
-38
-38
-37
-41
-36
-45
-42
-50
-57
-50
-48
-44
-42
-36
-38
-38
-38
-38
-25
-25
-24
-23
-30
-25
-23
-25
-19
-16
-15
-11
-7
-6
-2
6
8
8
4
6
9
2
14
15
14
18
16
16
11
10
6
8
11
19
14
14
16
15
17
12
8
4
7
11
12
10
1
1
4
2
4
14
11
12
12
11
16
10
1
-1
6
17
19
20
21
19
20
19
23
22
18
22
24
26
25
27
28
25
33
44
47
54
57
44
40
35
35
32
32
31
32
40
33
41
42
43
47
45
48
47
46
45
40
33
31
25
30
31
26
29
33
37
34
30
28
29
32
30
20
18
16
16
14
10
14
16
21
19
16
20
20
14
7
0
-2
-1
-1
-4
-2
-6
-7
-3
-9
-7
-10
-10
-6
-2
-4
-8
-11
-17
-18
-15
-18
-14
-12
-14
-14
-10
-5
-3
3
4
1
-1
-3
-1
-7
-2
-3
0
7
5
3
4
6
0
-2
-4
6
10
18
13
15
15
9
12
14
16
11
14
17
10
3
3
3
5
7
12
8
8
12
10
13
17
14
13
8
9
8
2
-1
-9
-3
-2
-2
2
2
4
-1
2
-1
-2
0
-8
-16
-23
-25
-19
-13
-12
-6
-12
-16
-15
-22
-25
-28
-24
-25
-34
-35
-35
-33
-37
-38
-34
-35
-34
-37
-33
-34
-37
-35
-42
-42
-45
-43
-41
-42
-44
-46
-38
-41
-34
-34
-38
-35
-35
-31
-31
-31
-23
-27
-32
-31
-35
-35
-28
-21
-20
-20
-19
-17
-16
-16
-22
-21
-23
-19
-18
-19
-18
-16
-19
-18
-15
-11
-13
-16
-15
-15
-12
-14
-19
-18
-21
-21
-16
-17
-16
-18
-18
-19
-17
-9
-14
-19
-23
-28
-30
-27
-28
-25
-20
-23
-20
-19
-19
-17
-14
-11
-10
-10
-12
-15
-14
-9
-5
-9
-4
-6
-2
4
1
7
8
6
9
8
14
17
21
17
14
18
14
23
18
21
20
18
24
20
31
30
30
22
29
29
21
23
17
16
18
21
20
19
20
19
18
20
19
22
21
18
16
19
15
13
14
17
22
24
22
26
22
16
23
25
26
26
36
31
28
29
28
32
33
32
26
29
27
23
31
32
40
38
38
47
39
35
37
37
36
41
38
41
38
41
44
39
41
38
43
46
47
44
43
45
49
54
59
54
44
43
34
32
37
38
43
46
45
39
34
35
36
35
32
23
25
12
-1
-1
1
-3
5
10
8
9
1
-3
-3
-7
-5
-1
-1
-3
-7
-13
-20
-24
-26
-20
-13
-10
-8
-14
-15
-17
-29
-30
-29
-22
-23
-26
-19
-23
-22
-24
-25
-18
-23
-21
-25
-27
-25
-27
-28
-26
-25
-29
-31
-29
-28
-34
-34
-38
-35
-31
-32
-35
-39
-45
-42
-41
-44
-42
-39
-36
-38
-33
-37
-41
-41
-42
-41
-37
-33
-38
-35
-36
-35
-28
-23
-23
-26
-31
-32
-32
-22
-20
-21
-15
-13
-17
-20
-19
-24
-25
-19
-19
-17
-14
-17
-17
-18
-18
-23
-24
-20
-21
-19
-18
-14
-10
-9
-10
-12
-8
-3
-2
-2
-8
-7
-7
-3
-12
-13
-9
-10
-9
0
3
5
3
-6
-9
-18
-15
-10
-1
1
-6
0
-6
-5
-3
-11
-11
-5
-3
-6
-7
-6
-9
-7
-5
-11
-11
-6
3
0
4
9
10
7
4
-3
-5
-2
-1
-3
-2
-5
-7
-7
-8
-8
-7
-1
3
4
4
6
-1
0
0
-15
-16
-16
-12
-15
-10
-4
-2
-1
2
0
-6
1
2
2
-1
1
0
1
6
7
11
19
19
19
26
29
33
34
29
32
36
34
32
30
30
35
44
47
41
43
43
50
57
63
69
66
66
68
68
66
61
67
62
60
62
61
66
64
65
66
66
66
59
64
63
56
51
54
58
54
51
51
55
54
55
50
48
41
39
38
34
38
34
32
25
22
20
16
14
14
18
16
10
1
0
-6
-11
-7
2
-1
-2
-6
-17
-14
-19
-21
-21
-22
-24
-16
-19
-26
-24
-28
-22
-20
-18
-20
-24
-22
-22
-19
-23
-28
-34
-36
-38
-35
-29
-25
-23
-26
-21
-22
-25
-23
-29
-37
-38
-38
-33
-30
-33
-32
-36
-36
-30
-28
-29
-30
-30
-31
-28
-26
-28
-33
-32
-34
-40
-36
-38
-41
-40
-39
-33
-33
-40
-41
-44
-49
-46
-44
-45
-43
-43
-40
-42
-49
-46
-49
-53
-52
-55
-52
-56
-52
-53
-49
-43
-43
-43
-39
-35
-42
-36
-34
-36
-41
-37
-33
-32
-29
-28
-28
-26
-28
-24
-23
-23
-19
-18
-10
-9
-8
-6
-5
-5
-4
0
1
-1
0
-2
4
11
18
20
17
9
12
7
6
11
9
16
24
24
24
22
11
11
10
10
5
7
10
9
11
10
12
10
19
15
11
6
2
-2
0
1
-6
-9
-15
-9
-9
-6
-4
0
2
12
15
13
14
6
10
11
11
12
10
13
15
15
18
18
21
27
29
36
37
37
39
39
33
36
34
33
28
22
31
33
38
49
47
48
43
41
42
31
26
28
34
33
32
30
33
34
34
29
24
28
25
26
23
22
14
19
18
17
23
26
34
33
33
24
21
22
20
19
18
27
29
23
22
29
29
24
27
23
27
30
31
35
34
29
29
27
27
22
23
28
28
30
20
16
20
25
28
29
31
33
32
36
34
27
23
21
23
29
22
20
14
20
24
17
18
19
20
15
13
14
7
9
12
13
17
10
13
13
10
7
-5
-4
-8
-5
-1
-5
-1
-5
-7
-8
-17
-21
-24
-24
-26
-24
-21
-34
-32
-33
-32
-33
-33
-38
-46
-45
-51
-41
-41
-47
-45
-47
-54
-50
-51
-51
-54
-52
-51
-47
-46
-54
-49
-53
-57
-60
-67
-63
-59
-53
-47
-44
-43
-42
-45
-39
-43
-44
-40
-49
-48
-52
-52
-56
-52
-46
-40
-38
-27
-17
-14
-16
-20
-22
-25
-28
-29
-28
-31
-29
-24
-18
-22
-24
-23
-17
-8
-5
-12
-11
-16
-18
-14
-15
-12
-19
-21
-23
-26
-27
-30
-27
-24
-22
-25
-22
-20
-23
-24
-27
-20
-26
-28
-26
-21
-22
-19
-11
-17
-9
-15
-20
-13
-21
-17
-16
-14
-12
-14
-15
-9
-2
-4
-6
-2
1
0
0
-1
4
4
8
11
10
9
11
13
16
18
17
20
18
21
28
30
30
28
26
27
33
34
37
32
29
32
25
27
26
29
36
38
40
42
41
39
41
42
42
43
40
31
28
34
43
50
49
44
45
41
35
34
29
32
26
23
22
16
17
19
21
26
32
33
29
25
19
23
23
17
12
16
23
22
25
29
33
40
38
37
30
24
23
20
22
22
22
26
25
23
26
32
36
38
38
38
35
35
39
39
37
31
34
33
32
32
30
39
36
37
38
35
31
33
32
28
24
26
30
20
23
15
15
19
22
27
25
24
21
23
17
17
5
2
6
3
10
4
0
-7
-8
-5
1
0
-3
1
-11
-11
-13
-15
-21
-22
-21
-25
-27
-22
-23
-28
-35
-39
-42
-37
-33
-39
-37
-31
-26
-29
-33
-32
-25
-31
-32
-27
-24
-35
-35
-31
-32
-32
-31
-28
-31
-27
-24
-19
-17
-28
-32
-39
-38
-39
-41
-43
-43
-35
-37
-33
-36
-45
-39
-43
-44
-43
-49
-52
-47
-47
-42
-37
-35
-35
-31
-24
-25
-34
-42
-46
-49
-43
-42
-40
-37
-36
-36
-39
-38
-34
-30
-31
-31
-33
-32
-33
-38
-46
-50
-45
-41
-38
-31
-33
-40
-41
-39
-37
-37
-35
-36
-32
-33
-33
-36
-36
-35
-30
-24
-21
-8
-7
-13
-15
-12
-14
-10
-9
-19
-21
-15
-14
-9
-6
-6
0
4
3
8
4
3
0
1
4
2
4
4
7
5
12
11
16
18
14
17
16
9
6
-3
-1
8
9
25
25
29
30
33
33
25
26
15
12
15
15
16
18
20
27
29
34
39
33
36
39
37
41
43
48
46
51
58
59
61
57
62
65
63
55
57
56
57
60
64
75
71
72
76
82
80
80
82
82
83
78
72
63
63
66
63
63
66
62
67
71
69
63
61
63
54
51
48
40
38
34
32
31
31
29
28
25
15
15
17
18
10
9
8
7
4
5
3
0
1
-2
1
0
-8
-14
-24
-24
-16
-12
-14
-15
-16
-13
-8
-12
-18
-12
-5
-2
2
-1
-8
-14
-19
-13
-8
-5
2
4
2
5
5
5
6
4
5
10
11
4
6
0
-4
-3
-2
-1
-3
-6
-4
-7
-10
-11
-8
-8
-12
-11
-15
-23
-26
-18
-10
-11
-8
-12
-17
-19
-27
-34
-35
-37
-39
-43
-46
-44
-43
-41
-45
-40
-35
-38
-42
-49
-50
-48
-54
-50
-57
-55
-58
-57
-53
-52
-47
-48
-47
-53
-54
-52
-52
-57
-63
-59
-61
-60
-58
-59
-61
-56
-46
-50
-46
-50
-53
-55
-55
-54
-54
-51
-52
-48
-49
-44
-46
-46
-53
-51
-46
-45
-41
-43
-42
-42
-36
-38
-41
-44
-45
-46
-39
-33
-38
-36
-35
-38
-36
-29
-24
-27
-27
-27
-28
-29
-26
-28
-33
-35
-32
-28
-16
-15
-25
-21
-27
-20
-21
-21
-19
-17
-13
-11
-10
-10
-4
0
7
9
9
12
23
24
24
23
22
17
15
20
26
32
38
37
38
44
50
55
51
53
55
60
63
63
55
51
58
54
56
58
49
50
58
63
62
64
62
64
61
63
67
60
69
68
63
67
68
67
60
51
46
49
46
51
58
61
56
53
60
68
66
62
59
64
60
54
48
34
37
44
48
43
44
40
41
41
39
42
41
36
35
36
33
31
32
28
22
30
29
32
37
33
28
27
26
31
31
29
32
28
28
31
30
31
32
33
28
28
26
22
16
12
20
26
27
22
20
22
27
25
25
29
20
17
13
10
12
7
14
8
9
14
13
17
11
1
-1
-11
-16
-17
-10
-12
-21
-21
-28
-26
-25
-26
-22
-23
-23
-28
-32
-40
-40
-36
-40
-40
-40
-47
-52
-55
-50
-48
-41
-39
-40
-38
-37
-47
-51
-49
-46
-44
-40
-34
-39
-33
-34
-37
-39
-38
-36
-37
-35
-37
-43
-46
-49
-47
-38
-44
-43
-35
-30
-28
-28
-28
-36
-35
-36
-40
-39
-46
-50
-48
-45
-42
-43
-45
-36
-39
-45
-43
-48
-45
-46
-46
-49
-53
-51
-51
-48
-56
-61
-62
-65
-63
-58
-57
-55
-54
-54
-51
-53
-52
-53
-50
-45
-43
-38
-39
-43
-44
-45
-42
-47
-48
-43
-45
-41
-41
-44
-40
-39
-36
-31
-28
-26
-18
-14
-14
-11
-17
-9
-13
-12
-5
-8
0
-4
-5
-4
4
13
16
18
19
24
25
27
25
23
23
28
37
39
37
35
36
37
36
34
35
43
45
41
45
48
48
50
52
51
48
43
40
39
36
36
36
33
30
29
30
34
38
40
44
41
39
40
33
31
29
30
26
22
22
19
20
25
26
28
25
22
21
18
21
22
25
21
26
30
32
29
27
24
19
25
23
22
27
28
33
33
35
41
45
47
49
48
44
48
53
55
52
52
58
56
50
50
58
59
64
66
70
68
70
69
63
59
50
58
62
66
69
62
61
51
43
50
54
53
57
56
55
50
43
43
40
38
38
28
21
21
13
18
20
24
24
16
16
18
13
10
6
2
3
2
6
6
-11
-19
-14
-17
-23
-21
-18
-23
-19
-20
-18
-16
-22
-20
-27
-23
-23
-26
-28
-35
-40
-38
-34
-31
-36
-34
-34
-34
-28
-27
-26
-31
-26
-30
-35
-38
-43
-47
-44
-47
-45
-43
-54
-48
-43
-52
-50
-49
-53
-53
-54
-55
-60
-64
-70
-68
-62
-58
-56
-56
-57
-60
-64
-72
-71
-71
-71
-69
-74
-73
-79
-76
-71
-70
-61
-58
-60
-64
-61
-55
-58
-58
-63
-52
-56
-63
-53
-55
-52
-50
-46
-40
-35
-29
-23
-19
-20
-20
-18
-14
-21
-24
-18
-18
-17
-17
-14
-8
-12
-12
-15
-15
-7
-2
3
1
3
2
5
-6
-8
-8
-7
-2
-2
-1
-5
-7
-11
-4
-9
-3
-1
-1
4
-4
-11
-11
-7
-6
-6
-6
-4
-4
-6
-1
-3
-7
-9
-7
-2
0
3
-1
3
2
-6
1
2
7
11
5
7
14
17
17
17
18
15
18
18
21
17
16
21
23
19
16
24
32
41
44
48
52
49
45
43
43
44
43
42
43
50
51
53
53
51
55
64
69
64
60
59
59
59
51
38
39
42
38
41
37
34
38
33
40
38
38
43
47
49
48
46
38
36
37
37
35
31
37
36
36
42
42
39
43
50
51
48
51
51
54
55
51
46
41
38
39
42
44
46
43
45
41
52
55
53
52
49
53
53
53
48
44
43
37
34
36
40
37
31
30
28
30
26
15
15
20
18
17
14
15
15
12
12
17
12
4
-2
-11
-16
-18
-16
-14
-20
-18
-18
-24
-26
-26
-28
-29
-28
-27
-22
-29
-34
-41
-42
-41
-42
-41
-42
-48
-52
-46
-47
-51
-53
-48
-45
-45
-47
-54
-49
-46
-45
-45
-41
-37
-43
-41
-45
-54
-60
-54
-52
-49
-49
-48
-48
-51
-47
-52
-48
-46
-50
-42
-48
-53
-51
-57
-56
-54
-58
-59
-60
-57
-63
-59
-57
-56
-51
-56
-53
-52
-54
-50
-52
-49
-40
-40
-44
-48
-48
-54
-57
-53
-53
-60
-59
-53
-48
-47
-46
-37
-33
-31
-33
-32
-38
-39
-37
-46
-46
-50
-50
-45
-38
-31
-33
-32
-38
-35
-34
-33
-32
-24
-18
-24
-22
-25
-31
-32
-25
-26
-26
-22
-18
-10
-15
-11
-7
-6
-3
-1
-3
-1
3
3
5
7
6
6
14
18
21
17
28
29
26
20
19
19
17
16
17
25
25
30
34
35
39
36
34
39
34
33
24
22
20
21
30
37
42
42
45
46
43
38
41
43
47
42
43
44
41
42
44
44
42
43
42
46
44
43
37
42
45
47
48
49
52
45
49
47
46
53
49
49
46
42
41
41
39
38
45
49
47
54
58
50
48
49
47
52
58
51
52
50
48
47
46
47
47
52
51
56
57
49
49
53
47
42
33
33
38
37
35
37
35
36
40
41
40
40
36
38
35
28
32
28
20
21
20
23
28
21
14
12
14
21
23
20
18
17
20
21
11
6
6
1
1
7
16
8
5
0
-2
7
3
8
5
6
6
6
1
0
-2
-5
-4
0
1
-2
-4
-15
-14
-9
-11
-11
-10
-14
-12
-21
-19
-24
-22
-21
-27
-25
-30
-38
-35
-44
-43
-27
-28
-22
-24
-27
-35
-37
-36
-44
-48
-42
-36
-43
-51
-56
-53
-51
-51
-48
-47
-54
-52
-54
-59
-63
-69
-71
-62
-53
-53
-57
-60
-68
-75
-70
-67
-63
-66
-68
-71
-74
-73
-74
-73
-67
-61
-55
-54
-58
-63
-67
-65
-57
-50
-49
-51
-51
-44
-45
-48
-50
-47
-42
-41
-43
-39
-33
-37
-34
-30
-32
-32
-34
-41
-42
-41
-36
-35
-35
-32
-30
-26
-30
-25
-25
-31
-26
-23
-22
-24
-21
-31
-30
-28
-27
-20
-16
-11
-16
-12
-11
-6
-7
-13
-17
-13
-8
-9
-14
-11
-10
-10
1
2
8
16
17
15
18
16
15
13
10
8
9
15
18
10
9
16
21
24
24
27
27
30
30
32
31
29
33
33
34
46
49
50
54
58
62
52
46
45
49
59
63
64
65
72
67
73
73
71
80
77
77
75
83
76
75
77
71
72
71
70
69
75
74
69
70
69
69
70
67
68
63
59
51
48
47
52
57
48
47
44
48
48
48
48
50
48
46
39
40
38
36
38
32
31
30
27
20
18
20
22
23
23
24
21
19
17
11
14
11
20
16
12
9
4
7
3
-2
1
3
4
10
9
12
4
6
7
6
9
7
5
6
6
1
0
-1
1
-1
1
2
1
-1
0
-3
3
4
-1
3
0
-3
-5
-4
-1
-2
-1
-2
-4
-6
-18
-23
-22
-20
-17
-10
-12
-9
-12
-22
-24
-31
-27
-29
-33
-32
-35
-38
-45
-39
-36
-41
-43
-43
-36
-38
-45
-43
-49
-46
-50
-53
-51
-55
-56
-54
-48
-47
-46
-47
-50
-57
-59
-59
-57
-57
-58
-61
-59
-61
-62
-63
-60
-51
-44
-43
-47
-53
-52
-53
-55
-54
-53
-54
-50
-51
-54
-48
-44
-37
-30
-29
-33
-35
-43
-46
-48
-51
-46
-45
-45
-43
-39
-39
-38
-38
-38
-37
-38
-43
-37
-35
-37
-35
-34
-33
-27
-24
-28
-35
-37
-37
-37
-32
-32
-34
-32
-27
-20
-19
-18
-13
-14
-17
-18
-17
-24
-24
-24
-25
-21
-18
-11
-10
-6
-2
1
4
4
6
6
10
9
8
8
5
7
6
11
11
10
13
19
24
25
31
34
34
34
36
36
38
40
42
42
35
35
33
36
39
40
32
38
40
33
32
34
36
41
42
40
43
47
46
45
46
39
40
38
40
42
41
40
52
56
52
50
50
52
48
48
41
42
41
43
37
34
44
47
51
52
58
59
54
52
55
56
48
42
43
42
38
38
48
56
57
56
57
56
57
55
57
57
58
54
52
61
55
52
58
59
56
53
50
46
44
40
45
48
49
47
45
50
48
49
48
45
51
42
40
42
39
42
35
36
27
21
23
22
22
22
18
11
12
11
14
9
5
2
-4
-8
-10
-8
-7
-8
-6
-10
-13
-12
-14
-22
-26
-16
-20
-20
-21
-26
-29
-28
-28
-23
-28
-29
-34
-30
-29
-36
-33
-38
-38
-38
-37
-35
-42
-40
-40
-39
-29
-32
-30
-35
-37
-40
-44
-46
-50
-47
-47
-49
-49
-50
-57
-57
-57
-53
-59
-66
-67
-59
-57
-61
-63
-65
-67
-64
-66
-71
-73
-74
-69
-71
-72
-66
-71
-74
-71
-77
-77
-83
-74
-70
-66
-66
-74
-71
-74
-69
-69
-66
-57
-63
-67
-69
-67
-60
-57
-58
-56
-54
-58
-55
-53
-56
-53
-54
-48
-38
-36
-35
-36
-38
-34
-31
-31
-27
-29
-24
-25
-23
-16
-14
-10
-13
-15
-6
-7
-10
-6
-7
-6
-2
-4
-9
-9
-13
-16
-10
-8
-5
-4
0
-1
-5
-7
-4
-5
4
12
13
12
6
6
3
7
17
23
16
17
15
13
15
20
24
17
21
21
23
28
30
27
25
26
29
33
24
26
34
41
42
37
42
41
40
40
40
40
40
46
47
48
44
40
42
45
55
59
61
59
60
66
57
57
55
53
51
60
63
68
63
64
76
73
74
70
71
69
72
76
72
69
62
61
55
61
63
58
67
66
63
59
63
65
65
58
51
51
50
46
50
52
55
58
59
62
57
53
46
51
53
53
55
57
53
48
42
47
51
45
50
46
45
38
36
36
35
32
38
38
32
33
28
30
33
33
34
31
28
23
20
20
21
16
20
21
20
19
16
15
8
1
-1
1
-1
1
-4
-6
-5
-8
-9
-14
-14
-12
-17
-25
-27
-33
-39
-44
-41
-40
-40
-35
-43
-45
-47
-48
-49
-52
-55
-57
-54
-58
-61
-66
-67
-61
-58
-55
-50
-49
-56
-60
-58
-59
-69
-66
-72
-74
-71
-67
-59
-59
-55
-50
-52
-56
-59
-59
-55
-55
-57
-58
-62
-66
-55
-48
-50
-49
-48
-51
-50
-47
-50
-46
-56
-50
-48
-51
-46
-49
-45
-47
-50
-42
-45
-42
-40
-48
-53
-52
-45
-52
-55
-46
-48
-46
-42
-41
-47
-48
-42
-41
-43
-48
-50
-54
-58
-58
-57
-56
-58
-50
-47
-49
-45
-47
-44
-47
-53
-52
-49
-47
-49
-52
-46
-42
-43
-35
-35
-32
-27
-33
-37
-38
-35
-33
-28
-22
-20
-20
-21
-16
-13
-8
-1
1
-5
-7
-9
-4
-2
8
19
22
23
27
32
31
32
28
29
36
36
33
38
42
43
46
52
59
67
73
70
68
62
61
61
69
68
68
75
78
85
84
83
80
80
79
76
77
74
75
71
68
61
59
59
55
57
58
57
54
49
50
53
48
43
42
36
40
39
42
45
39
37
32
35
31
32
32
32
30
30
32
28
25
29
31
29
30
40
46
48
52
48
44
44
44
44
45
47
57
54
54
53
52
63
66
64
63
62
53
59
60
58
54
52
54
51
47
42
38
36
37
32
26
24
22
27
32
35
40
32
32
27
23
17
13
3
2
2
2
-2
-3
-10
-5
2
-50
5
35
27
11
-5
-25
-14
-27
-25
14
-13
-13
-12
-22
-49
-9
-8
-46
14
8
-52
-39
15
-6
-43
-81
-10
50
-48
-84
-29
-5
-48
-47
-32
-16
-40
-50
-21
-39
-61
-59
-22
-25
-48
-54
-45
-38
-66
-68
-55
-53
-67
-56
-41
-52
-67
-80
-72
-68
-74
-78
-67
-66
-78
-78
-76
-83
-80
-80
-74
-64
-84
-86
-74
-71
-89
-93
-75
-71
-76
-81
-82
-80
-82
-88
-77
-75
-71
-65
-72
-68
-67
-65
-58
-58
-65
-66
-70
-70
-68
-66
-56
-50
-41
-38
-38
-30
-34
-32
-29
-26
-25
-31
-22
-22
-24
-24
-17
-6
-6
-2
-5
-15
-17
-13
-15
-15
-2
-9
-14
-9
-8
-5
-4
3
7
6
2
3
9
9
1
4
10
12
9
3
10
21
18
14
19
29
37
23
33
39
20
14
27
25
31
35
30
41
31
17
25
38
36
35
35
36
41
34
28
38
33
29
38
38
42
41
37
37
52
51
47
60
53
57
67
60
59
66
64
65
72
70
71
63
59
66
66
66
71
80
81
79
78
78
78
71
73
65
66
75
73
79
85
89
87
85
84
82
77
73
76
81
79
69
66
66
70
70
68
71
75
68
63
54
52
52
44
46
41
43
40
50
54
48
37
38
42
34
31
28
25
25
20
13
13
20
28
22
20
15
12
22
21
10
4
7
-1
-3
-7
-4
-1
0
9
7
8
3
-1
-1
-11
-9
-6
-11
-13
-13
-11
-21
-28
-28
-21
-20
-15
-12
-23
-24
-29
-35
-28
-30
-27
-25
-28
-31
-35
-36
-39
-47
-52
-55
-46
-38
-40
-41
-45
-45
-58
-62
-62
-62
-65
-73
-75
-74
-79
-83
-75
-76
-83
-82
-75
-72
-80
-77
-84
-90
-82
-87
-82
-93
-99
-91
-86
-92
-87
-94
-89
-77
-84
-81
-74
-68
-75
-66
-61
-59
-57
-62
-61
-51
-53
-55
-47
-50
-56
-56
-52
-41
-33
-33
-23
-19
-22
-32
-39
-31
-25
-21
-18
-28
-27
-17
-14
-13
-17
-17
-22
-31
-26
-22
-29
-31
-34
-23
-25
-27
-29
-24
-29
-32
-20
-21
-14
-23
-24
-27
-22
-22
-19
-20
-16
-20
-19
-17
-17
-16
-19
-8
-13
-6
1
5
9
5
5
-1
-5
-3
-7
-3
9
12
6
7
7
9
17
23
25
22
23
25
22
15
17
19
20
29
31
34
39
45
50
54
54
56
51
51
50
55
58
58
65
60
63
68
68
65
63
68
70
67
65
73
69
65
63
60
67
70
77
84
81
75
78
74
68
77
78
75
65
66
65
62
70
70
69
77
79
80
78
71
62
69
73
63
67
67
64
68
68
72
73
65
61
54
65
56
48
53
55
50
47
51
51
50
49
45
40
27
27
25
25
21
19
14
19
16
29
24
32
26
37
23
-39
23
-34
19
8
-7
20
-9
-32
3
18
-26
43
-11
7
-13
-30
-14
-14
-20
-28
1
-50
-19
-29
-31
-10
-46
-40
-48
-55
-63
-63
-71
-83
-74
-83
-65
-69
-62
-62
-65
-63
-59
-39
-57
-47
-52
-49
-70
-53
-55
-54
-34
-45
-10
-31
-37
-34
-33
-46
-39
-42
-55
-48
-64
-57
-59
-68
-65
-58
-59
-48
-49
-60
-48
-60
-52
-58
-39
-66
-62
-28
-60
-33
-40
-32
-33
-29
-45
-15
-32
-38
-7
-44
-46
-43
-39
-49
-34
-39
-34
-27
-34
-34
-35
-38
-49
-45
-53
-52
-52
-48
-44
-42
-35
-39
-44
-48
-38
-41
-39
-43
-45
-40
-45
-45
-39
-37
-37
-33
-40
-37
-35
-29
-21
-21
-25
-33
-30
-30
-25
-28
-24
-17
-7
-1
2
1
-1
5
-7
-3
-9
-5
-1
-3
-1
-2
2
6
12
11
12
15
23
24
21
28
20
21
29
25
30
26
32
35
42
46
41
44
51
47
42
39
40
40
40
39
39
39
31
35
42
39
32
34
33
38
41
39
42
42
36
39
39
38
40
35
33
42
39
42
41
43
55
45
48
50
45
45
47
51
54
59
47
45
43
36
36
40
49
61
57
54
54
47
41
50
49
50
55
49
53
47
46
48
42
43
49
53
53
45
43
50
54
49
46
48
49
50
50
46
46
51
45
47
48
44
40
42
43
43
40
29
29
30
36
30
28
25
32
29
28
31
24
27
14
14
10
10
10
5
6
7
7
7
8
-10
-7
0
-10
-16
-20
-14
-23
-24
-35
-40
-28
-36
-31
-28
-37
-39
-38
-38
-35
-34
-40
-39
-37
-41
-44
-41
-44
-41
-38
-36
-38
-44
-38
-37
-46
-53
-50
-49
-50
-54
-49
-43
-44
-41
-44
-42
-51
-55
-42
-39
-46
-44
-37
-39
-42
-49
-46
-47
-41
-28
-32
-33
-44
-45
-45
-39
-40
-34
-35
-51
-55
-56
-54
-56
-54
-53
-42
-40
-42
-48
-42
-42
-37
-28
-31
-34
-41
-42
-44
-52
-57
-48
-42
-35
-33
-39
-36
-35
-43
-40
-28
-36
-35
-23
-22
-22
-20
-22
-22
-20
-17
-6
-1
-11
-6
-5
-11
-1
-3
2
6
9
16
17
17
10
14
10
7
8
-3
-2
5
-7
-8
7
2
1
10
8
10
12
6
18
11
-3
3
2
-10
4
2
10
17
9
11
11
4
1
17
18
18
14
0
4
1
3
11
14
14
13
15
12
14
21
18
18
17
16
22
20
24
26
18
21
21
23
30
36
27
30
35
36
51
44
38
43
46
33
27
39
46
47
43
39
37
42
42
50
68
69
71
74
62
57
50
52
58
57
59
64
56
40
39
38
43
48
54
57
43
34
31
27
22
27
31
27
21
26
23
18
13
16
22
17
15
17
12
8
2
1
9
16
17
17
13
-3
-1
1
-3
1
1
4
8
8
6
8
0
-5
2
-2
-3
4
11
15
10
9
12
9
2
0
13
13
14
15
7
4
7
3
5
25
27
12
16
17
6
2
4
13
26
14
5
1
-2
-7
-3
1
-5
-12
-12
-7
-73
-41
-6
-21
-19
-7
-20
-38
-43
-53
-3
-11
-21
-18
-48
-80
-70
-47
-68
-48
-32
-37
-46
-60
-59
-57
-58
-51
-36
-33
-39
-54
-56
-82
-86
-70
-46
-39
-44
-39
-53
-82
-87
-77
-69
-48
-47
-50
-46
-65
-62
-41
-48
-35
0
-4
-18
-18
-26
-26
-26
-22
-5
10
3
-9
-12
-21
-19
-12
-8
3
11
-11
-16
-24
-39
-28
-17
-13
-12
-10
-10
-12
-17
-24
-25
-9
-4
0
4
-9
-15
-22
-15
-8
-10
-4
4
-1
-8
-11
-24
-18
-17
-13
-7
-7
-6
-13
-15
-30
-31
-19
-9
2
2
-5
-7
-16
-21
-22
-11
-3
2
8
13
4
-9
-10
-8
1
11
26
31
22
6
5
0
-2
14
28
39
31
16
5
-2
4
12
32
41
37
28
24
18
24
41
41
47
50
42
29
20
16
29
38
48
46
38
36
33
37
42
45
50
52
47
44
40
36
30
32
29
31
45
41
31
24
24
26
28
34
35
54
46
33
37
39
47
50
44
43
36
26
28
30
33
41
40
36
41
43
35
35
50
53
58
49
39
44
40
34
37
49
49
48
51
38
31
37
40
37
47
45
32
28
26
18
21
34
35
40
26
18
24
21
13
17
28
16
17
17
16
10
9
12
8
10
10
10
1
0
-2
-8
-14
-18
-20
-24
-31
-40
-41
-45
-33
-20
-17
-17
-12
-16
-36
-34
-36
-27
-26
-34
-39
-43
-53
-52
-37
-36
-29
-25
-20
-19
-29
-33
-29
-27
-26
-20
-24
-30
-38
-42
-39
-42
-38
-35
-23
-29
-37
-34
-39
-40
-38
-25
-19
-17
-37
-38
-28
-38
-28
-21
-21
-20
-30
-37
-48
-58
-60
-48
-36
-37
-40
-46
-53
-55
-49
-44
-36
-31
-38
-55
-61
-62
-64
-59
-53
-52
-51
-57
-61
-58
-55
-59
-55
-58
-63
-58
-61
-59
-53
-47
-45
-44
-49
-46
-44
-47
-46
-46
-42
-38
-39
-36
-32
-36
-28
-23
-27
-29
-36
-42
-31
-23
-27
-28
-30
-34
-25
-15
-16
-12
-7
-8
-8
-10
-8
-6
4
8
8
13
6
-2
-3
-3
9
24
33
36
29
22
10
10
22
23
17
22
30
27
21
12
11
16
33
49
43
33
30
21
12
22
34
38
44
39
38
29
27
33
44
56
48
43
32
31
46
52
59
63
55
50
45
41
48
52
53
56
53
57
61
61
63
62
63
64
62
68
64
60
63
55
45
48
55
59
65
68
72
69
68
67
64
66
76
71
64
65
57
55
58
60
60
64
60
55
64
61
52
50
51
50
55
51
54
43
33
39
38
37
35
36
35
34
30
27
19
23
21
20
19
16
13
5
14
10
9
16
6
7
-9
-23
-19
-17
-8
-5
-15
-21
-28
-30
-24
-22
-12
-14
-27
-31
-25
-19
-16
-20
-32
-36
-38
-41
-41
-43
-37
-38
-47
-48
-52
-50
-52
-42
-32
-36
-44
-40
-37
-44
-46
-38
-24
-21
-28
-33
-36
-44
-49
-45
-32
-24
-22
-32
-36
-42
-42
-35
-32
-20
-23
-34
-45
-53
-47
-41
-38
-34
-38
-42
-51
-54
-58
-55
-40
-30
-35
-33
-36
-48
-51
-46
-36
-28
-26
-30
-31
-40
-41
-42
-35
-29
-36
-33
-36
-34
-39
-46
-46
-38
-31
-32
-37
-40
-41
-49
-49
-45
-40
-42
-44
-45
-43
-37
-43
-41
-32
-26
-29
-35
-38
-40
-41
-45
-33
-21
-24
-22
-28
-34
-39
-42
-37
-32
-30
-30
-30
-43
-45
-47
-45
-41
-37
-18
-18
-11
-14
-21
-23
-32
-28
-14
-9
-13
-9
-10
-10
-7
-13
-9
-1
3
3
8
3
7
11
9
5
10
17
14
25
25
27
33
33
28
31
40
51
52
44
42
42
49
43
40
47
42
45
49
47
48
47
50
46
61
66
56
56
62
61
60
59
56
58
51
49
54
61
57
68
64
61
63
63
62
63
68
70
77
75
67
57
51
58
61
71
83
73
66
58
50
44
45
47
58
62
53
45
42
38
40
57
59
56
36
24
30
29
41
52
52
56
58
52
42
41
42
47
50
49
41
38
30
18
22
21
25
33
42
44
40
34
29
23
23
28
25
14
13
11
8
12
12
11
17
17
-2
-8
-6
-11
-8
-7
-11
-16
-17
-27
-28
-18
-14
-10
-5
-19
-38
-35
-27
-20
-22
-28
-28
-30
-41
-38
-35
-28
-20
-23
-30
-38
-42
-46
-42
-40
-32
-36
-37
-37
-41
-35
-30
-26
-16
-17
-24
-31
-36
-35
-40
-38
-32
-32
-27
-30
-35
-39
-41
-36
-30
-29
-36
-44
-43
-50
-56
-48
-49
-35
-36
-38
-38
-47
-51
-50
-49
-58
-58
-55
-61
-64
-58
-59
-51
-54
-59
-50
-46
-48
-54
-50
-46
-49
-50
-62
-67
-55
-53
-49
-54
-61
-67
-65
-64
-55
-49
-52
-50
-47
-46
-57
-61
-53
-52
-49
-44
-38
-35
-39
-48
-55
-50
-46
-46
-40
-42
-38
-41
-47
-42
-31
-19
-20
-23
-35
-37
-41
-44
-41
-29
-19
-21
-29
-33
-28
-26
-20
-14
-11
-8
-18
-27
-20
-15
-8
1
10
10
5
2
0
0
10
18
30
27
18
16
14
15
20
27
32
43
40
35
34
37
35
37
39
39
48
43
41
36
36
42
49
55
61
71
70
61
55
56
55
56
63
66
73
66
60
64
68
71
82
89
94
89
74
68
72
76
73
81
87
89
91
84
84
87
84
86
103
104
90
84
81
77
69
67
80
81
77
66
49
46
49
53
59
61
58
58
53
46
43
41
37
43
43
40
34
33
23
21
26
24
38
35
31
30
26
23
9
7
13
21
21
24
26
10
-2
-17
-20
-4
12
8
3
2
0
-6
-9
-3
0
9
9
2
-1
-11
-16
-3
-2
7
14
6
-7
-8
-16
-21
-19
-17
-21
-24
-21
-21
-18
-23
-30
-32
-25
-20
-22
-22
-23
-26
-25
-35
-35
-26
-30
-21
-17
-34
-40
-52
-52
-42
-45
-42
-48
-51
-54
-56
-56
-64
-63
-59
-52
-54
-62
-63
-58
-50
-51
-64
-73
-77
-68
-60
-55
-55
-70
-77
-79
-75
-72
-72
-66
-62
-61
-56
-62
-65
-64
-69
-62
-54
-54
-67
-70
-60
-61
-56
-54
-52
-54
-45
-38
-46
-43
-46
-48
-53
-48
-44
-46
-43
-48
-49
-51
-53
-43
-31
-27
-31
-32
-38
-38
-30
-36
-39
-31
-25
-23
-30
-36
-33
-33
-28
-18
-13
-16
-18
-18
-25
-19
-11
-3
2
-7
-5
0
-13
-14
-10
-1
6
10
4
-1
5
3
2
5
13
17
21
21
12
13
18
22
35
28
30
31
22
13
11
21
26
35
37
36
40
46
37
33
46
54
59
61
56
45
39
36
51
57
54
61
62
56
46
49
51
48
56
51
50
53
47
45
51
57
60
68
62
53
47
42
42
41
49
57
63
56
53
57
62
66
62
69
73
75
72
65
60
57
50
46
52
55
50
50
47
55
63
58
58
51
49
42
34
34
38
54
56
49
43
32
22
28
37
44
53
44
29
25
16
1
8
25
33
35
24
13
7
-1
-6
-2
4
8
15
14
7
-4
-12
-10
3
20
24
30
30
17
3
-9
-11
2
12
13
8
4
-3
-9
-9
-4
6
16
11
0
-7
-11
-16
-18
-8
-3
-4
-13
-15
-26
-32
-28
-21
-14
-19
-31
-40
-31
-40
-46
-38
-34
-28
-26
-28
-32
-43
-60
-70
-63
-50
-48
-56
-50
-54
-59
-52
-52
-48
-46
-43
-45
-47
-61
-72
-80
-78
-64
-55
-54
-57
-64
-72
-65
-62
-59
-56
-50
-51
-45
-57
-72
-72
-67
-67
-67
-58
-56
-50
-57
-57
-51
-44
-34
-25
-27
-49
-61
-69
-65
-63
-47
-39
-38
-38
-58
-58
-43
-40
-34
-29
-32
-40
-46
-43
-34
-31
-32
-30
-32
-36
-33
-32
-31
-24
-27
-30
-29
-26
-30
-20
-6
-4
-10
-18
-11
-3
3
6
14
16
4
-2
-3
-9
-11
1
8
8
11
12
14
9
12
10
15
21
19
18
18
13
7
7
16
31
38
40
41
28
26
24
18
26
37
37
35
41
34
30
27
30
38
46
42
37
37
35
30
31
35
40
52
54
53
35
38
36
38
40
49
62
65
64
54
55
47
53
61
62
64
58
48
45
46
38
38
47
54
60
54
50
48
48
46
53
52
48
48
45
39
27
24
32
36
39
40
38
49
47
34
29
28
37
43
41
34
32
32
26
37
35
32
44
52
45
32
27
22
17
27
29
22
30
30
23
19
24
24
32
37
22
20
16
11
10
14
15
14
22
27
32
37
26
11
20
15
8
9
13
3
1
-5
-12
3
8
5
1
-8
-21
-33
-40
-31
-26
-26
-33
-37
-33
-38
-46
-43
-37
-32
-30
-37
-43
-54
-65
-52
-34
-26
-33
-32
-36
-49
-55
-52
-50
-47
-53
-51
-54
-65
-68
-73
-63
-59
-50
-44
-35
-37
-53
-57
-70
-67
-63
-56
-42
-42
-51
-49
-49
-43
-39
-33
-29
-25
-32
-42
-43
-49
-48
-54
-52
-39
-36
-45
-40
-26
-27
-40
-45
-42
-31
-29
-35
-35
-34
-41
-54
-54
-47
-34
-30
-29
-21
-21
-31
-34
-17
-24
-32
-37
-42
-46
-54
-56
-49
-32
-32
-36
-33
-17
-14
-22
-30
-40
-40
-36
-28
-18
-14
-26
-27
-30
-30
-22
-11
-8
-7
-3
-7
-15
-19
-13
-16
-18
-12
-8
-9
-13
-16
-7
6
5
6
10
21
25
21
11
6
10
9
14
28
30
26
24
21
26
32
39
38
34
34
32
26
25
28
33
46
56
63
63
57
62
64
62
65
64
64
59
58
57
44
35
39
46
51
50
46
45
52
47
44
48
52
52
39
33
30
38
33
38
50
49
49
48
49
55
60
58
56
51
46
48
48
48
46
46
47
49
52
53
55
54
57
58
61
66
63
48
38
34
44
44
45
51
55
52
38
35
37
52
57
54
53
43
29
22
20
35
48
56
53
38
31
22
23
24
30
42
35
23
14
9
9
10
13
10
8
11
5
1
-5
-14
-10
-9
0
1
-5
-12
-20
-28
-39
-42
-39
-38
-35
-28
-29
-32
-36
-41
-48
-48
-36
-28
-30
-48
-61
-59
-59
-59
-44
-32
-33
-35
-52
-61
-56
-54
-42
-22
-15
-24
-32
-56
-61
-58
-42
-26
-20
-19
-25
-32
-47
-42
-26
-19
-13
-14
-19
-27
-40
-40
-48
-35
-30
-37
-39
-44
-49
-56
-54
-47
-42
-42
-45
-44
-47
-53
-49
-44
-37
-30
-37
-31
-28
-33
-39
-43
-42
-40
-42
-40
-29
-23
-28
-45
-46
-51
-54
-46
-34
-22
-11
-16
-36
-54
-53
-34
-21
-4
1
-9
-18
-32
-38
-34
-16
-1
1
5
-1
-14
-35
-38
-19
-2
2
-3
-5
-9
-26
-34
-28
-18
-5
-2
-2
0
-18
-28
-17
-16
-11
-1
10
17
8
-5
-18
-16
-8
-6
-5
5
11
1
-7
-9
6
17
3
1
9
18
22
19
18
22
23
15
15
22
21
28
24
25
23
29
32
33
33
23
30
33
32
41
42
37
35
32
23
28
35
35
40
43
44
42
34
26
25
32
45
42
46
48
47
42
30
25
33
45
46
47
38
44
46
44
46
49
55
49
45
45
37
36
39
48
52
50
55
57
61
57
56
51
50
51
50
50
39
35
41
39
46
56
57
57
49
35
30
31
24
29
33
36
36
26
24
18
14
16
22
28
18
13
9
1
-1
-1
11
11
15
12
7
10
15
17
25
24
13
11
2
11
12
6
-5
-15
-15
-23
-26
-25
-16
-11
-8
-9
-9
-16
-21
-22
-29
-20
-19
-21
-23
-27
-29
-30
-23
-18
-22
-36
-39
-33
-27
-27
-28
-41
-49
-52
-54
-48
-45
-38
-34
-37
-49
-47
-46
-46
-40
-34
-29
-30
-32
-35
-33
-28
-25
-24
-22
-26
-33
-26
-24
-28
-37
-40
-35
-33
-28
-29
-23
-23
-29
-36
-37
-42
-44
-44
-51
-46
-44
-42
-43
-42
-44
-52
-48
-41
-34
-29
-33
-43
-49
-52
-52
-43
-38
-35
-35
-40
-38
-44
-53
-59
-56
-56
-50
-42
-38
-38
-43
-44
-52
-46
-33
-20
-16
-13
-15
-20
-26
-23
-28
-20
-13
-3
0
-2
-2
-3
-2
-7
9
13
17
15
5
-11
-15
-12
-9
9
15
14
15
2
-3
-5
6
17
21
31
39
39
32
19
14
26
35
37
45
58
59
50
37
35
34
34
41
34
32
26
23
19
21
31
33
37
41
35
24
15
3
6
14
15
13
6
6
6
-5
-5
5
24
29
18
14
13
11
14
19
30
29
19
17
13
7
8
6
11
19
24
35
40
42
43
36
27
38
47
45
38
34
35
30
27
28
34
47
45
35
29
27
22
19
26
38
47
43
36
43
40
39
43
41
45
45
44
32
28
29
34
35
36
36
30
35
23
26
32
28
31
28
27
30
20
13
10
16
27
36
34
31
22
12
5
5
15
25
24
17
7
1
2
-1
6
16
14
9
6
2
2
-2
-3
1
3
-6
-11
-18
-21
-16
-18
-19
-18
-6
-4
-12
-22
-33
-39
-31
-29
-23
-18
-19
-32
-47
-52
-53
-44
-39
-26
-24
-32
-42
-54
-61
-54
-44
-34
-16
-16
-29
-47
-56
-54
-46
-38
-36
-25
-24
-33
-42
-47
-50
-48
-38
-34
-32
-36
-40
-48
-50
-50
-54
-45
-33
-24
-23
-19
-24
-29
-36
-40
-34
-21
-13
-15
-24
-36
-37
-40
-35
-28
-22
-17
-13
-18
-19
-22
-26
-22
-30
-31
-32
-33
-25
-31
-42
-40
-29
-20
-14
-11
-15
-11
-13
-17
-13
-15
-21
-15
-16
-14
-17
-22
-19
-14
-9
-7
-8
-11
-18
-18
-11
-9
-3
-2
-2
-9
-13
-9
-14
-10
0
-1
11
15
8
1
-3
-11
-14
-6
-6
-4
-11
-9
-9
-16
-9
-5
11
15
19
16
13
9
-3
-1
5
10
11
4
0
13
10
15
24
25
29
33
27
34
34
29
21
14
18
16
20
26
30
34
34
34
30
28
33
44
47
43
41
33
35
35
30
41
50
51
53
50
46
46
48
47
46
49
47
52
52
51
53
53
51
54
53
54
61
54
52
55
52
56
47
36
37
35
33
31
35
23
19
24
31
36
35
35
27
25
22
26
30
34
35
33
32
29
23
17
15
12
18
19
18
18
12
9
6
8
5
11
15
16
18
12
1
-3
2
3
6
8
7
1
-12
-16
-16
-23
-22
-12
-7
-7
-1
-11
-17
-21
-19
-18
-22
-31
-36
-30
-28
-26
-26
-28
-27
-21
-26
-23
-20
-23
-23
-25
-21
-20
-19
-17
-19
-20
-27
-29
-23
-18
-18
-22
-24
-23
-27
-21
-16
-17
-12
-10
-9
-10
-16
-23
-28
-23
-24
-14
-15
-12
-14
-27
-24
-18
-20
-17
-17
-19
-20
-25
-32
-34
-33
-35
-25
-22
-21
-16
-24
-33
-33
-32
-22
-21
-22
-18
-17
-27
-32
-31
-29
-25
-18
-7
-9
-17
-23
-25
-27
-29
-22
-18
-13
-7
-12
-16
-23
-28
-34
-36
-28
-30
-33
-37
-37
-34
-35
-37
-31
-29
-28
-30
-31
-31
-37
-42
-47
-48
-45
-45
-55
-50
-46
-46
-47
-51
-52
-47
-45
-43
-38
-42
-47
-51
-51
-56
-56
-43
-40
-38
-33
-32
-32
-33
-27
-16
-16
-13
-10
-14
-13
-13
-11
-6
2
13
10
11
15
21
27
25
22
28
32
29
30
29
25
29
19
21
33
28
38
46
46
47
51
44
47
51
48
56
59
51
47
44
43
45
40
34
33
36
38
41
45
54
52
47
51
47
41
49
53
55
56
57
58
55
56
55
52
41
40
43
49
58
65
62
55
45
42
32
37
53
52
54
53
54
47
45
43
43
48
47
49
53
51
44
48
49
50
50
49
50
51
46
42
40
37
34
30
26
26
32
34
31
26
27
25
22
21
18
18
20
26
26
23
19
16
8
8
7
6
11
8
-2
-1
-6
-6
-2
-5
0
3
2
4
-2
-7
-6
-4
-7
-7
-6
-7
-7
-10
-9
-6
-18
-20
-16
-11
-18
-21
-13
-15
-18
-24
-33
-41
-42
-40
-35
-32
-31
-33
-36
-41
-35
-42
-43
-37
-40
-44
-54
-59
-59
-58
-57
-51
-49
-43
-43
-44
-42
-40
-38
-32
-30
-35
-38
-50
-50
-54
-53
-51
-45
-39
-40
-39
-43
-41
-47
-47
-42
-39
-39
-43
-48
-54
-50
-51
-58
-59
-57
-61
-55
-49
-53
-52
-59
-63
-63
-60
-55
-55
-48
-45
-46
-49
-56
-59
-63
-56
-62
-59
-47
-49
-42
-38
-40
-48
-45
-40
-40
-29
-22
-23
-22
-24
-30
-28
-24
-19
-10
0
7
5
6
-2
-8
-8
0
4
12
18
18
23
20
22
19
23
40
42
41
42
33
18
21
15
17
24
27
25
29
32
25
29
25
23
27
32
33
32
21
11
8
7
6
10
11
10
13
12
13
16
19
23
14
14
10
-5
2
8
11
21
25
31
30
28
24
21
17
18
20
17
21
24
25
23
34
40
38
43
45
49
44
38
30
27
27
32
37
37
39
37
41
44
47
55
57
53
42
44
42
30
32
37
42
50
55
62
61
56
56
59
65
60
62
56
52
52
54
57
57
58
59
57
64
71
67
63
58
52
46
42
40
41
44
43
44
45
42
45
53
52
53
54
46
44
37
31
26
18
18
23
31
34
35
38
41
28
28
27
20
26
27
23
14
9
2
-2
7
8
6
7
-4
-11
-16
-20
-14
-19
-24
-23
-27
-34
-32
-33
-40
-45
-47
-40
-41
-48
-50
-51
-52
-54
-54
-62
-64
-66
-63
-64
-57
-57
-57
-59
-68
-65
-61
-60
-57
-53
-64
-61
-58
-54
-61
-73
-70
-76
-75
-79
-68
-61
-55
-53
-57
-59
-60
-62
-68
-70
-67
-66
-69
-64
-64
-67
-65
-65
-69
-66
-69
-69
-65
-59
-52
-54
-57
-63
-64
-59
-48
-42
-42
-45
-43
-43
-40
-37
-40
-34
-39
-39
-31
-27
-25
-25
-25
-26
-25
-24
-23
-24
-22
-22
-23
-24
-25
-25
-32
-37
-33
-30
-27
-24
-20
-17
-12
-12
-18
-17
-22
-26
-18
-17
-12
-13
-5
-5
-9
-9
-9
-6
-5
-4
-6
-10
-12
-16
-12
-11
-11
-3
-2
0
-1
5
8
10
14
19
19
21
25
27
29
25
29
34
39
39
43
49
51
55
51
49
49
41
39
48
54
62
56
53
58
54
63
61
64
70
69
67
70
70
63
61
63
61
63
68
63
60
61
59
56
56
50
53
56
55
55
54
50
48
47
52
50
46
45
43
44
43
42
47
44
39
39
41
46
49
53
52
54
48
54
54
49
50
49
53
56
57
54
47
46
39
36
39
37
43
42
55
47
43
40
33
33
31
38
41
40
38
28
29
29
22
19
24
37
38
49
51
45
41
30
27
24
22
24
27
26
28
24
14
9
10
13
15
14
13
8
2
-7
-14
-18
-21
-17
-19
-15
-14
-20
-19
-20
-18
-21
-21
-27
-22
-24
-26
-30
-43
-38
-42
-43
-34
-29
-27
-30
-36
-39
-44
-49
-49
-53
-53
-53
-60
-58
-58
-59
-62
-62
-59
-54
-50
-57
-58
-60
-63
-64
-61
-65
-58
-60
-60
-56
-60
-54
-49
-48
-55
-57
-60
-63
-68
-68
-63
-59
-64
-68
-63
-67
-70
-76
-77
-72
-70
-71
-81
-87
-85
-80
-75
-71
-67
-75
-73
-72
-72
-67
-73
-69
-74
-74
-73
-79
-77
-71
-72
-71
-70
-64
-66
-63
-61
-59
-55
-60
-56
-49
-47
-49
-48
-46
-44
-35
-25
-18
-17
-13
-10
-14
-12
-6
-8
-9
-10
-8
-4
-2
1
1
7
9
11
14
19
21
25
26
25
19
17
21
26
35
37
41
41
39
44
43
46
47
50
49
46
52
53
53
54
48
47
51
51
51
52
49
50
44
39
39
40
41
43
43
38
35
34
34
44
38
37
42
41
45
46
45
40
38
41
42
36
40
38
38
41
36
35
39
41
46
47
47
53
61
59
52
48
45
42
42
42
45
50
52
56
53
53
54
55
59
56
60
66
71
63
53
56
54
58
61
62
59
62
62
66
63
64
62
65
66
56
55
48
41
45
39
40
44
33
29
32
31
33
32
27
20
20
17
13
15
9
22
23
23
20
9
13
9
9
11
12
12
8
9
11
15
13
9
15
16
14
10
6
9
4
3
2
-1
-1
-6
-7
-7
-7
-11
-13
-10
-11
-16
-16
-21
-18
-20
-20
-17
-16
-13
-19
-20
-25
-25
-27
-29
-27
-29
-34
-36
-45
-49
-41
-42
-45
-45
-48
-52
-56
-59
-65
-70
-66
-65
-59
-61
-62
-62
-70
-70
-67
-71
-69
-68
-75
-76
-80
-86
-87
-85
-81
-78
-72
-69
-72
-74
-78
-80
-76
-79
-77
-73
-76
-78
-82
-85
-81
-83
-70
-76
-75
-63
-64
-56
-65
-69
-65
-68
-66
-63
-57
-62
-59
-52
-49
-43
-43
-37
-31
-27
-21
-25
-27
-26
-29
-17
-19
-16
-14
-13
-13
-4
-4
-6
-3
-11
-7
-6
-8
-12
-10
-3
0
1
-1
3
1
0
1
0
-9
-5
-9
-10
-4
-4
-4
-7
-4
-12
-7
-4
-4
-1
5
7
3
-3
0
5
3
8
17
19
13
15
9
5
15
17
13
20
26
27
27
28
29
29
30
34
42
44
44
34
33
26
24
27
30
43
45
49
53
58
58
66
68
67
66
67
66
68
66
62
74
68
68
62
69
75
73
79
84
87
89
98
94
88
86
88
87
86
87
85
84
82
79
69
61
63
72
80
78
75
68
65
64
67
64
63
61
55
60
59
58
50
52
50
56
57
53
54
46
41
44
44
41
39
38
46
46
45
39
37
33
27
33
33
27
27
30
33
31
28
23
23
25
17
15
14
10
7
10
15
12
7
7
2
-3
5
3
-7
-11
-19
-21
-17
-27
-25
-23
-27
-23
-25
-22
-26
-31
-34
-39
-41
-47
-51
-56
-60
-56
-56
-55
-49
-47
-40
-35
-39
-48
-55
-57
-55
-56
-52
-56
-58
-61
-61
-64
-65
-66
-64
-68
-71
-62
-65
-67
-67
-64
-70
-61
-63
-61
-52
-58
-57
-59
-57
-57
-57
-49
-47
-45
-51
-48
-51
-49
-41
-50
-48
-48
-49
-42
-43
-50
-52
-48
-44
-45
-50
-49
-46
-45
-42
-43
-44
-47
-46
-45
-42
-40
-44
-43
-45
-44
-48
-47
-49
-48
-42
-44
-42
-47
-38
-37
-43
-48
-48
-48
-49
-57
-61
-60
-58
-61
-65
-63
-60
-56
-50
-45
-52
-56
-55
-56
-50
-44
-42
-38
-34
-35
-35
-35
-34
-35
-35
-27
-22
-24
-28
-26
-27
-17
-15
-10
-11
-12
-12
-5
1
3
7
14
19
17
23
21
23
27
33
43
45
44
51
58
62
69
69
70
67
63
68
72
74
76
79
83
88
90
85
83
82
84
82
77
72
66
70
69
74
71
71
77
77
79
76
68
66
63
57
53
51
49
44
46
44
49
53
50
55
52
53
56
50
49
51
45
49
44
39
45
45
46
48
56
54
52
52
54
56
53
46
42
48
50
55
58
58
57
53
56
59
64
66
62
58
53
47
47
40
44
43
41
51
46
42
39
42
41
40
35
30
21
12
12
8
6
5
-1
3
8
5
4
-2
-7
-7
-2
-2
-1
-7
-11
-13
-17
-18
-21
-17
-13
-9
-11
-17
-29
-36
-30
-26
-26
-23
-25
-24
-25
-26
-24
-25
-21
-22
-18
-24
-23
-28
-33
-34
-40
-40
-34
-35
-36
-32
-35
-28
-23
-28
-36
-37
-35
-32
-34
-36
-34
-38
-35
-38
-39
-40
-41
-45
-52
-52
-52
-53
-54
-58
-58
-52
-49
-51
-56
-50
-51
-54
-51
-53
-58
-61
-67
-69
-74
-75
-70
-68
-67
-65
-62
-61
-64
-63
-67
-66
-61
-58
-64
-63
-61
-65
-66
-67
-64
-63
-55
-51
-44
-38
-38
-35
-35
-38
-32
-26
-25
-22
-27
-29
-23
-27
-29
-31
-36
-31
-24
-19
-23
-25
-18
-15
-5
-8
-5
-6
-5
-6
-13
-17
-15
-13
-13
-10
-9
-4
-5
-7
-8
-5
5
11
8
2
5
8
8
6
5
2
0
2
1
1
-2
-4
-7
-11
-14
-16
-14
-13
-9
-4
-2
-3
-7
-3
0
3
3
-2
-2
-3
2
1
2
4
3
4
8
15
20
32
39
38
37
35
36
36
36
40
35
32
39
36
33
30
33
41
48
44
42
47
47
48
41
41
45
50
60
63
65
65
63
59
58
55
53
48
51
62
60
62
64
69
73
71
74
76
68
67
63
64
70
67
73
68
67
69
64
65
64
69
76
74
72
73
72
62
56
56
59
67
62
64
58
52
54
53
56
67
68
62
58
52
42
37
42
39
44
48
42
31
31
31
37
40
42
43
34
37
34
26
22
23
14
8
10
2
-2
-4
-3
-5
0
-5
-9
-5
-16
-18
-26
-24
-24
-24
-26
-34
-33
-34
-33
-41
-46
-54
-58
-57
-56
-52
-49
-50
-51
-51
-47
-54
-59
-59
-65
-66
-68
-61
-62
-64
-64
-66
-71
-74
-71
-67
-64
-63
-59
-54
-51
-50
-55
-58
-58
-56
-53
-53
-54
-54
-57
-53
-48
-46
-42
-38
-36
-40
-40
-41
-41
-43
-41
-39
-41
-45
-49
-51
-46
-39
-35
-25
-29
-28
-25
-29
-33
-39
-33
-31
-28
-29
-32
-30
-29
-25
-26
-23
-19
-15
-13
-25
-32
-33
-39
-46
-41
-40
-30
-34
-34
-32
-33
-29
-35
-40
-38
-36
-41
-40
-44
-47
-44
-44
-42
-46
-41
-42
-41
-35
-33
-35
-37
-38
-40
-36
-32
-27
-26
-17
-17
-14
-9
-8
-13
-14
-12
-6
1
4
2
-2
-5
-3
2
1
1
3
12
16
17
11
10
11
5
11
13
17
21
19
21
25
30
32
36
38
37
39
36
32
30
33
40
43
55
54
54
59
53
50
48
44
45
42
39
42
42
46
46
49
49
52
62
61
56
56
52
53
57
48
46
45
47
50
54
56
58
66
64
67
66
68
69
62
59
56
57
56
49
49
52
45
54
59
59
59
61
60
54
53
52
52
44
39
38
41
44
44
53
51
52
53
48
44
35
36
36
41
42
38
38
31
30
27
25
23
22
20
19
18
17
18
15
20
19
20
17
7
8
9
6
2
7
9
14
10
7
12
7
7
1
-2
4
1
-3
4
1
-4
-6
-9
-13
-17
-11
-13
-9
-2
-7
-7
-16
-24
-27
-33
-34
-31
-34
-33
-29
-26
-30
-27
-22
-22
-20
-30
-34
-33
-40
-37
-37
-38
-41
-36
-37
-36
-34
-33
-29
-30
-35
-36
-35
-42
-40
-41
-46
-46
-48
-51
-51
-51
-49
-40
-34
-38
-43
-47
-47
-46
-45
-52
-56
-58
-62
-67
-59
-61
-62
-63
-70
-74
-76
-80
-79
-77
-83
-77
-70
-64
-63
-62
-56
-59
-63
-63
-69
-69
-71
-72
-66
-63
-60
-57
-54
-49
-49
-39
-33
-33
-32
-33
-34
-38
-43
-38
-33
-30
-24
-28
-17
-8
-2
0
-5
-8
-13
-19
-22
-19
-16
-17
-14
-13
-17
-10
0
4
6
1
-2
-2
-9
-12
-9
-8
-6
-1
4
5
8
10
5
6
5
7
9
11
2
-5
-5
-11
-7
-6
-4
9
15
22
27
21
17
15
20
15
20
29
35
32
28
33
29
38
44
43
48
52
44
49
49
44
49
50
52
58
56
59
64
62
69
67
67
65
65
64
61
65
65
67
67
69
74
76
71
66
62
63
65
61
59
52
46
45
47
54
54
56
56
47
42
36
33
32
28
31
38
40
42
47
43
43
38
41
37
30
35
41
40
36
38
34
37
45
41
44
45
44
43
42
41
39
37
36
37
43
42
38
37
32
27
29
28
25
34
39
41
38
37
32
31
31
27
31
32
33
24
22
17
11
10
9
15
20
22
26
27
25
22
19
21
14
8
2
-4
-5
-6
-12
-10
-14
-10
-14
-18
-20
-26
-27
-25
-29
-31
-27
-28
-27
-27
-30
-30
-24
-30
-38
-44
-48
-51
-46
-51
-58
-58
-65
-60
-65
-62
-61
-65
-61
-67
-64
-60
-60
-60
-55
-60
-67
-67
-71
-71
-71
-74
-76
-76
-73
-74
-67
-70
-68
-58
-63
-66
-62
-58
-67
-70
-59
-59
-55
-54
-59
-57
-58
-60
-56
-47
-45
-47
-48
-52
-49
-48
-51
-48
-48
-50
-46
-43
-41
-42
-46
-49
-51
-44
-39
-42
-47
-50
-53
-51
-43
-40
-32
-28
-32
-35
-32
-38
-39
-36
-34
-25
-25
-29
-30
-36
-34
-27
-23
-24
-27
-31
-30
-29
-25
-19
-13
-10
-7
-2
-2
-2
-4
-10
-11
-8
-11
-10
-11
-8
-1
-2
-3
4
13
17
20
14
8
18
16
15
19
19
23
22
22
18
17
27
29
40
39
43
45
40
38
35
37
39
46
51
51
44
45
39
34
34
31
28
37
36
37
41
41
44
46
50
49
43
43
46
44
41
41
42
46
51
58
58
60
52
53
58
63
66
65
71
62
54
64
64
59
63
68
74
74
70
64
63
66
69
71
69
63
66
61
65
66
62
63
65
63
64
68
66
68
68
71
76
77
73
74
66
64
64
66
67
62
54
47
49
37
33
30
29
37
41
36
32
30
27
22
19
20
17
15
10
5
-1
0
1
1
4
2
-1
0
-6
-7
-2
-5
-10
-8
-14
-16
-17
-18
-13
-13
-12
-16
-24
-29
-31
-28
-21
-22
-19
-20
-19
-19
-25
-23
-23
-21
-22
-21
-19
-15
-20
-22
-22
-25
-25
-24
-26
-26
-22
-31
-28
-31
-34
-29
-31
-26
-27
-32
-35
-42
-43
-40
-36
-35
-36
-32
-41
-46
-56
-59
-59
-59
-56
-59
-60
-65
-71
-71
-67
-64
-63
-62
-67
-67
-76
-71
-71
-74
-69
-75
-81
-84
-90
-94
-91
-87
-86
-79
-81
-81
-75
-71
-70
-70
-69
-71
-71
-74
-68
-66
-60
-57
-56
-55
-56
-56
-56
-52
-52
-47
-44
-47
-48
-50
-44
-40
-42
-44
-36
-32
-40
-34
-34
-33
-36
-33
-29
-34
-30
-31
-32
-27
-28
-24
-24
-19
-16
-20
-18
-16
-22
-22
-26
-28
-29
-32
-28
-25
-26
-23
-24
-24
-20
-14
-15
-20
-21
-26
-29
-23
-17
-12
-11
-11
-7
-4
-7
0
3
0
11
13
14
13
14
18
19
25
29
30
27
30
30
36
36
39
45
43
44
48
47
39
33
40
50
56
62
64
70
72
81
93
89
89
96
102
105
110
109
103
101
99
106
117
124
125
128
131
127
128
120
124
136
138
141
139
139
134
138
137
126
126
123
117
116
110
106
100
99
105
95
94
88
81
82
81
78
68
62
56
49
49
44
30
23
25
16
11
8
1
-5
-10
-14
-19
-30
-32
-30
-36
-41
-52
-51
-63
-67
-62
-62
-68
-67
-70
-76
-78
-85
-82
-80
-81
-84
-83
-89
-92
-86
-81
-75
-75
-78
-78
-79
-78
-72
-80
-83
-66
-58
-50
-34
-25
-16
-4
8
24
41
50
60
77
91
101
110
121
121
126
129
131
133
138
138
128
127
126
118
110
114
106
110
120
114
113
110
111
107
107
98
92
94
90
89
79
69
57
49
39
28
17
7
-6
-28
-38
-63
-77
-87
-102
-113
-135
-150
-166
-178
-187
-195
-205
-212
-220
-232
-243
-251
-258
-263
-268
-268
-261
-270
-278
-284
-293
-297
-296
-300
-295
-296
-298
-295
-309
-314
-324
-329
-323
-316
-306
-301
-302
-296
-291
-302
-308
-305
-295
-269
-238
-203
-178
-163
-139
-109
-65
-12
48
92
118
131
147
162
175
197
207
220
231
243
246
248
251
250
253
266
278
294
289
276
273
264
266
276
288
288
280
272
264
251
245
230
215
212
208
202
189
167
150
147
141
146
159
159
153
150
139
144
140
133
131
123
127
126
118
104
86
66
58
46
34
17
-9
-34
-56
-75
-89
-96
-114
-136
-148
-159
-176
-194
-206
-215
-222
-229
-243
-255
-273
-288
-300
-299
-295
-291
-288
-292
-294
-301
-306
-309
-313
-307
-299
-289
-282
-278
-260
-251
-257
-263
-257
-229
-190
-154
-117
-96
-71
-50
-18
37
108
176
225
257
280
300
320
349
374
386
399
414
427
434
428
420
410
423
447
475
501
507
483
454
438
432
447
453
457
444
431
418
398
381
363
350
342
331
317
298
259
223
193
173
176
180
171
159
128
100
75
53
40
31
17
-1
-21
-42
-69
-100
-127
-147
-157
-163
-172
-191
-221
-244
-273
-291
-294
-300
-312
-325
-341
-360
-376
-390
-407
-414
-407
-400
-398
-407
-425
-446
-449
-445
-437
-427
-430
-432
-446
-454
-457
-451
-450
-448
-436
-423
-406
-413
-434
-450
-449
-422
-372
-312
-258
-211
-181
-157
-111
-41
47
120
171
205
240
275
308
331
342
345
350
377
409
430
418
392
374
381
405
443
470
470
450
426
415
411
419
419
401
389
376
357
341
312
274
233
202
195
198
189
165
126
91
64
49
46
40
28
1
-27
-45
-61
-75
-91
-120
-142
-154
-162
-184
-214
-251
-282
-301
-303
-292
-283
-294
-314
-332
-340
-342
-348
-354
-366
-377
-385
-380
-381
-387
-398
-409
-407
-392
-374
-373
-383
-393
-401
-402
-391
-371
-369
-371
-369
-372
-362
-353
-347
-335
-306
-284
-278
-298
-314
-310
-282
-235
-178
-109
-59
-13
22
77
161
248
329
375
417
467
510
545
565
576
575
576
592
620
644
638
611
585
572
588
611
626
629
610
586
572
569
569
561
540
513
493
471
449
420
381
336
298
276
266
260
237
199
157
127
112
102
88
74
44
6
-29
-50
-70
-91
-126
-162
-184
-209
-234
-262
-298
-336
-362
-375
-375
-371
-377
-388
-401
-402
-396
-395
-395
-401
-403
-395
-385
-381
-381
-380
-385
-388
-380
-367
-351
-338
-338
-344
-342
-339
-329
-327
-330
-331
-330
-310
-293
-267
-251
-263
-279
-296
-290
-249
-197
-144
-94
-49
-3
51
119
198
285
361
416
471
525
574
606
617
622
625
623
635
650
660
653
617
589
580
584
604
610
607
598
569
552
540
532
512
482
457
435
411
390
358
303
256
208
170
149
133
111
76
40
13
-19
-40
-53
-70
-88
-116
-152
-181
-209
-243
-293
-348
-394
-430
-453
-472
-493
-519
-556
-585
-600
-603
-597
-600
-602
-601
-597
-593
-593
-595
-606
-615
-599
-586
-566
-549
-553
-558
-560
-556
-549
-533
-534
-525
-513
-523
-516
-501
-488
-476
-469
-450
-426
-417
-428
-430
-433
-407
-357
-299
-220
-148
-80
-23
46
140
243
340
410
472
537
604
660
691
707
714
717
725
744
766
778
771
742
724
727
734
746
749
740
731
710
694
693
675
652
608
572
544
522
500
450
398
345
298
254
226
202
166
131
85
50
26
-5
-37
-73
-117
-157
-197
-230
-265
-305
-359
-404
-446
-483
-505
-529
-553
-573
-593
-604
-612
-617
-618
-618
-610
-613
-608
-599
-587
-574
-568
-557
-551
-546
-524
-501
-486
-478
-473
-465
-449
-440
-437
-438
-428
-417
-411
-403
-377
-335
-324
-345
-366
-358
-327
-272
-210
-158
-95
-22
53
118
200
293
389
464
535
611
699
764
792
809
805
816
824
840
867
905
921
906
898
887
908
928
936
941
937
917
901
890
879
857
802
738
694
680
672
654
604
554
495
425
362
349
322
285
202
165
97
94
117
-2
-111
-120
-114
-235
-204
-297
-350
-351
-443
-481
-567
-726
-809
-729
-808
-824
-775
-813
-842
-962
-1159
-1231
-1148
-1025
-916
-899
-1020
-1148
-1253
-1411
-1344
-1067
-795
-723
-941
-1303
-1397
-1222
-1096
-1027
-1003
-825
-309
231
15
-722
-1203
-857
207
1117
1255
824
500
211
110
467
1364
2417
2664
1876
940
817
1294
1882
1989
1707
1556
1460
1253
909
556
399
528
661
797
784
434
-152
-558
-556
-217
190
305
139
-273
-698
-899
-661
-182
190
192
-101
-331
-337
-170
7
112
181
292
472
552
574
454
264
334
595
761
838
789
503
272
72
25
186
297
199
-24
-380
-629
-732
-816
-802
-727
-874
-1209
-1472
-1630
-1588
-1529
-1566
-1564
-1512
-1540
-1600
-1600
-1487
-1254
-1075
-990
-878
-803
-841
-842
-712
-431
-247
-225
-363
-405
-336
-256
-223
-218
-102
-227
-253
-479
-478
-425
-583
-84
650
725
59
-514
-574
401
967
822
1209
1477
1237
542
121
853
2470
2655
1849
1560
1652
1696
1341
1026
1684
2587
2043
1069
626
704
790
507
297
736
1037
306
-486
-663
-377
-81
-312
-412
-111
-57
-536
-941
-921
-501
-49
-197
-268
-124
-98
-312
-380
-177
428
831
423
68
-22
42
281
552
516
661
422
-158
-306
-86
200
358
130
-341
-491
-722
-961
-858
-769
-810
-831
-1139
-1461
-1602
-1644
-1478
-1166
-984
-930
-1049
-1344
-1350
-986
-635
-384
-228
-261
-386
-346
-341
-188
76
254
289
215
88
38
45
-61
115
265
254
-22
-240
-505
190
787
703
93
-383
-75
655
905
628
1147
1219
1116
650
579
1333
2290
2131
1514
1577
1735
1846
1431
1142
1525
2038
1633
1103
871
700
553
276
227
594
582
-96
-627
-782
-652
-508
-682
-852
-655
-730
-1034
-1227
-1192
-895
-657
-648
-621
-464
-552
-583
-506
-284
49
111
-23
-46
5
22
29
72
232
371
164
-99
-262
-321
-321
-364
-396
-446
-646
-1010
-1235
-1293
-1185
-1109
-1174
-1318
-1391
-1475
-1562
-1481
-1331
-1105
-1070
-1218
-1185
-1104
-991
-881
-702
-614
-436
-422
-467
-270
-141
23
24
35
84
324
129
210
1169
1424
1063
339
169
877
1755
1445
1270
1684
1555
1354
755
820
1982
2837
1986
1371
1501
1681
1584
1021
970
1802
1969
1049
518
350
365
323
82
181
721
361
-607
-1023
-744
-258
-225
-637
-623
-278
-591
-1032
-1065
-742
-342
-299
-509
-426
-313
-456
-628
-472
-57
317
97
-218
-181
-83
-207
-249
71
313
210
-309
-587
-577
-471
-572
-588
-651
-718
-944
-1373
-1546
-1355
-1181
-1275
-1351
-1472
-1558
-1712
-1844
-1688
-1386
-1292
-1315
-1344
-1500
-1433
-1178
-991
-793
-750
-711
-642
-574
-533
-456
-125
1145
1358
688
-134
-131
861
2029
1642
1527
2169
1860
1488
918
1353
2814
3849
2564
1859
2062
2245
2094
1614
1677
2743
2785
1362
690
670
772
803
643
698
1202
542
-619
-779
-135
345
332
-158
-77
291
-227
-712
-453
106
515
434
-70
-95
58
-133
-128
185
458
568
35
-486
-295
-140
-291
-316
-208
-268
-458
-1053
-1307
-1039
-944
-1029
-1232
-1415
-1600
-1707
-2076
-2052
-1729
-1636
-1776
-2016
-2171
-2162
-2042
-1968
-1619
-1438
-1481
-1692
-1710
-1726
-1398
-1133
-1173
-1033
-1283
-153
528
223
-656
-795
-151
1318
1604
801
1221
1248
1363
846
864
1736
3538
3004
1504
1348
1943
2406
2003
1533
2072
2920
1871
619
430
1037
1417
1184
474
784
1146
240
-617
-347
600
968
376
-284
243
450
-64
-176
357
1083
1273
662
146
540
973
1202
1223
1207
1337
1194
598
591
1128
1197
866
710
622
452
22
-482
-413
-239
-394
-862
-1283
-1852
-1788
-1995
-2335
-2412
-2390
-2693
-3029
-3171
-3367
-3146
-3538
-3557
-3421
-3360
-3485
-3582
-3162
-2085
-1637
-2323
-2927
-2671
-1250
-50
-407
-571
-41
391
394
110
564
2078
2992
2007
1380
1856
2543
2555
1918
1828
2985
3272
2027
991
1116
1682
1786
1117
728
1348
1152
-10
-720
-174
617
636
-259
-603
57
57
-401
-561
79
894
952
271
72
637
1116
1290
1218
1403
1779
1665
1287
1502
1942
2022
1872
1757
1815
1739
1317
978
1055
1268
1037
551
-24
-226
-347
-662
-895
-1104
-1254
-1702
-1964
-2432
-2511
-2890
-3000
-3019
-2954
-2172
-2305
-3004
-3882
-3534
-2649
-1389
-1707
-2210
-1785
-1432
-1117
-1581
-1497
-220
1660
1228
63
-352
462
1364
1428
1072
1639
2292
1351
360
101
925
1458
1157
338
575
849
-78
-911
-752
462
938
120
-1026
-774
-358
-541
-583
-311
388
360
-448
-940
-185
566
818
597
537
968
1055
707
700
1475
1972
1999
1590
1548
1782
1850
1691
1819
2173
2066
1798
1282
1265
1303
1299
1023
869
640
477
205
-298
-316
-352
-633
-1068
-1064
-1667
-560
-282
-1152
-2102
-2453
-1973
-353
-373
-1848
-1244
-1120
-826
-1295
-1603
-1106
1165
953
-767
-964
-339
613
674
-202
-151
1419
865
-513
-995
-344
538
672
-435
-702
137
-498
-1219
-1141
-443
226
-219
-1485
-1371
-493
-724
-1003
-1040
-417
82
-519
-1406
-988
-84
135
257
-158
-120
107
20
-43
529
901
833
607
296
580
766
651
535
1064
1178
862
368
196
488
590
762
372
243
162
243
-250
-301
-445
-349
-140
-668
416
695
-205
-1506
-1030
-188
1211
956
-184
194
510
684
53
129
877
3057
2594
541
-36
1006
1973
1836
1211
1280
2244
1253
-65
-266
473
1003
932
-26
-364
13
-714
-1511
-1357
-401
180
-688
-2186
-2089
-1259
-1522
-1703
-1534
-1104
-1124
-1962
-2494
-1862
-951
-791
-822
-1386
-1370
-943
-976
-1051
-520
-29
-104
-320
-637
-437
-213
-277
-138
303
145
-322
-325
-574
-477
-285
-355
-384
-337
-752
-1040
-1000
-1479
-843
-858
50
380
-352
-1728
-1570
-450
910
1253
-213
464
907
1168
221
290
1390
3664
3707
1742
1145
1813
2840
2902
2607
2589
3750
3128
1493
867
1706
2583
2535
1568
1088
1650
962
-248
-271
683
1561
1091
-450
-1227
-525
-286
-483
-604
-334
86
-762
-1767
-1873
-790
-196
-194
-909
-1343
-1154
-1134
-1171
-1089
-545
-350
-532
-1384
-1620
-1397
-1032
-1008
-789
-1002
-1528
-1790
-2331
-1713
-1514
-1422
-1713
-1905
-2507
-2188
-2337
-2616
-2263
-852
-135
-1279
-2568
-2888
-1298
224
337
-422
202
145
433
-181
-263
1354
3630
3318
1340
917
1774
3028
2691
2003
2642
4040
3166
1450
740
1387
2664
2907
1882
1338
1479
942
239
224
1159
1929
1282
-180
-365
437
308
-79
113
755
980
64
-845
-626
350
893
906
327
5
212
74
37
395
996
1016
523
-130
-154
194
8
-49
292
68
-741
-1184
-1472
-1481
-1296
-1315
-1864
-2253
-2910
-2745
-3018
-2611
-1705
-1773
-2868
-3937
-3340
-2277
-1352
-2355
-1617
-1269
-1298
-1850
-2184
-1354
780
2097
532
-228
-203
1236
1864
1300
777
2325
3049
1767
661
496
1495
2177
1984
1411
1576
1180
338
340
749
1497
1693
695
-214
345
787
220
55
382
1405
995
-247
-536
240
856
1053
927
269
363
390
433
415
715
955
994
454
-14
188
201
76
381
553
-40
-643
-1091
-987
-779
-845
-1134
-1382
-1986
-2086
-2249
-1069
-738
-1405
-2307
-2694
-1996
-661
-563
-1785
-928
-762
-423
-1142
-1390
-401
2019
1666
-161
-150
479
1619
1587
732
717
2371
2064
590
-191
165
1530
1929
549
-155
521
354
-323
-284
-5
619
426
-697
-918
-122
-87
-640
-580
-162
652
-99
-1258
-920
265
797
482
-251
-616
98
418
271
133
423
634
452
-28
-128
404
396
250
227
-75
-492
-664
-917
-654
-705
-945
-1457
-1696
-2373
-1259
23
-943
-2099
-2528
-1849
-681
99
-1577
-695
38
78
-317
-1003
-611
2215
3681
1288
352
948
2638
3219
2219
1424
3188
3856
2144
1184
1261
2130
2943
2159
942
1289
1511
574
101
51
904
1447
-104
-1247
-742
-54
-500
-786
-885
-246
-484
-1599
-1714
-1063
-363
-322
-715
-1582
-1419
-728
-653
-859
-900
-592
-269
-662
-1234
-1009
-551
-389
-65
-378
-1078
-1346
-1010
-770
-948
-1317
-1670
-1329
-2308
-1218
-45
-965
-2557
-2531
-1620
-387
-191
-2091
-922
-77
-41
-941
-1414
-881
2184
3183
526
-487
595
2336
2682
1460
931
3184
3535
1369
485
1364
2508
3066
1780
786
1637
1876
1046
842
905
1662
2196
501
-488
680
1402
706
272
470
1198
743
-638
-238
1069
1356
875
274
-366
74
816
459
182
268
523
455
-380
-899
-313
197
-286
-343
-779
-1291
-1835
-1682
-1313
-1567
-2189
-2634
-3015
-3042
-1210
-1565
-3000
-4172
-3532
-1983
-848
-2823
-3378
-1479
-1049
-1424
-2573
-2512
-315
2278
656
-1145
-911
825
2225
1555
-143
1081
3272
2146
119
-164
1303
2765
2222
341
498
1360
1060
512
215
466
1714
1365
-454
-629
446
987
513
-79
392
1129
316
-458
237
1131
1455
1197
385
-4
755
1453
1417
1195
886
1221
1211
653
610
1154
1272
906
610
256
111
-343
-280
-308
-702
-839
-1447
-1495
-181
-639
-2032
-2664
-2486
-1385
-31
-1965
-2519
-1228
-925
-1572
-2523
-2256
259
2350
-249
-2065
-1224
583
1557
963
-568
540
2238
852
-868
-750
728
2212
1346
-719
-552
525
97
-333
-175
215
865
-35
-1302
-1013
-1
20
-13
-339
-10
82
-1023
-1189
86
1042
742
23
-750
-341
515
474
332
519
745
833
203
-300
177
966
976
555
362
-287
-297
-353
-202
-168
-298
-757
-1412
149
366
-468
-1962
-1788
-633
1053
110
-1703
-608
169
641
-529
-1143
145
3182
2364
-183
-362
1411
3001
2558
752
776
3122
2920
843
-303
674
2697
2795
326
-627
569
971
263
-296
-325
599
330
-1219
-1643
-604
-42
-554
-1131
-1105
-142
-779
-1954
-1346
-84
465
-11
-1229
-1628
-523
152
22
-136
-371
27
10
-680
-520
96
361
-200
-312
-801
-865
-975
-1125
-1224
-1356
-1487
-2103
-566
-618
-1599
-2828
-2452
-1594
52
-563
-2163
-1036
-349
-167
-1224
-1636
-183
3374
2523
-487
-900
1271
3250
3188
1087
780
3134
3513
1619
262
805
2741
3856
1617
68
626
1509
1176
807
526
1172
1109
-447
-654
185
695
12
-284
-86
598
-33
-1123
-619
410
1052
562
-514
-1077
-140
684
297
80
-17
300
72
-520
-375
304
329
-336
-270
-803
-1080
-1328
-1339
-1534
-1499
-2470
-1873
-570
-1538
-2855
-3521
-2938
-1446
-287
-2436
-2334
-1464
-1063
-1314
-2184
-2017
1183
3023
116
-1529
-630
1794
2919
1666
243
2060
3042
1572
312
292
1603
3158
2031
-66
272
970
860
463
-95
395
1337
-187
-1604
-735
196
182
-310
-965
-413
-153
-1146
-833
384
534
342
-47
-785
-348
687
762
592
615
555
835
157
-108
985
1691
830
590
335
29
-142
-73
-193
-24
-1058
-918
769
-238
-1825
-2307
-1298
-748
544
-1530
-1468
-635
-508
-871
-1557
-1438
968
3393
391
-1508
-693
1895
2686
1567
-125
1500
3096
1395
-303
-179
1053
2456
1729
-469
-749
188
322
102
-545
-683
242
-629
-2066
-1563
-243
-715
-1271
-1535
-767
-636
-1853
-1836
-340
395
-42
-589
-1364
-902
496
800
155
-122
165
873
356
-342
413
1480
946
327
97
-64
-127
-135
-377
-164
-1009
-392
722
-530
-2356
-1976
-644
8
148
-2005
-990
-86
-248
-1183
-1191
-541
2205
3161
73
-1005
649
3037
3322
1704
793
3094
3837
1680
413
1536
3039
3577
1776
376
878
1438
1112
1038
670
699
982
-590
-1736
-681
477
-237
-1220
-1716
-729
-835
-2417
-2028
-270
-1
-947
-1866
-2276
-1238
14
-150
-806
-1051
-598
25
-745
-1323
-212
1073
335
-824
-1043
-1038
-293
-801
-863
-1394
-1215
191
-246
-1993
-3448
-1603
-515
431
-1753
-2369
-835
-454
-1150
-2314
-1285
727
2921
567
-1593
-1060
1453
3120
2273
470
1207
3207
2335
435
417
2299
3746
2506
465
530
1601
1450
1242
1279
1053
1520
794
-573
-751
733
1084
281
-836
-792
91
-780
-1293
-409
661
255
-779
-1512
-1238
-72
516
452
-386
-838
-21
288
-176
-302
435
806
330
-353
-1182
-600
-387
-202
-766
-1541
-163
-161
-1294
-3173
-2316
-1015
638
-1270
-2720
-1468
-769
-888
-2467
-2127
187
2894
444
-2145
-1668
953
2778
1942
-141
635
2791
2102
27
-386
1354
3617
2554
-190
-456
896
1310
856
765
443
1092
236
-878
-965
264
763
83
-1014
-1327
-329
-1075
-1458
-685
169
-129
-1110
-1909
-1667
-400
147
144
-496
-1102
-550
-199
-75
-68
579
488
294
83
-566
-461
-302
463
-263
478
760
-192
-1474
-1775
-627
731
952
-1275
-674
-127
69
-832
-1565
-375
2959
3129
-290
-1464
83
2710
3356
1452
545
2475
3130
1549
62
594
2767
3839
1548
-195
258
1034
1052
1086
763
832
460
-1018
-1104
-286
482
157
-846
-1478
-969
-1251
-2137
-1423
-306
-259
-1271
-2554
-2662
-1545
-698
-781
-914
-1710
-1676
-1292
-1493
-1061
-265
-77
-591
-922
-1520
-1100
-955
-606
-664
-446
515
-208
-1737
-2502
-1058
236
1260
-903
-1394
-388
34
-517
-1405
-652
2207
3776
436
-1597
-238
2653
3761
2384
702
2242
3701
2309
624
1029
3010
4687
2883
398
736
2071
2109
1878
1666
1716
2004
407
-755
157
1696
1634
433
-852
-394
-15
-1031
-1022
65
512
-158
-1593
-2616
-1966
-434
-171
-724
-1972
-2282
-1611
-1585
-1681
-1152
-688
-1258
-1565
-2279
-2392
-2064
-1195
-1591
-774
-387
-1884
-3110
-3149
-1847
100
432
-2171
-1898
-1243
-788
-1256
-1799
-902
2584
2874
-911
-2249
-472
2569
3623
1670
191
1947
2601
1361
438
766
2976
4229
1643
-429
288
1606
1901
1733
1131
1587
1372
-215
-613
444
1564
1770
659
-748
-29
-160
-521
204
869
933
413
-1118
-1775
-596
471
993
485
-1166
-1471
-784
-473
-184
263
-169
-512
-576
-1353
-1797
-1508
-698
-236
1269
-584
-2604
-3372
-2263
-310
1232
-821
-2364
-1170
-1145
-1175
-2183
-2071
679
3798
887
-2603
-2619
266
3260
3046
340
451
1970
1405
321
117
1349
3680
2863
-91
-714
333
1274
1832
1509
618
996
-82
-837
-193
916
1077
835
-494
-759
-232
-1120
-769
666
1061
49
-1091
-2108
-1409
12
519
433
-646
-1860
-1557
-963
-790
19
250
-715
-1031
-1355
-1548
-1351
-1112
-1119
1289
931
-1590
-3268
-2880
-796
1835
778
-1992
-1074
-741
-323
-1197
-1825
15
4030
2634
-1475
-2360
-109
3157
3653
1079
879
2753
1954
269
215
1664
4074
3838
748
-538
472
1320
1789
2084
1651
1739
141
-1292
-347
1792
1925
888
-520
-468
364
-714
-1078
480
1705
772
-969
-2322
-1445
219
547
387
-563
-1518
-1570
-1306
-1182
-285
542
-516
-1681
-2263
-1940
-1455
-849
-1484
195
85
-2186
-3499
-2923
-1377
614
488
-2288
-1744
-1563
-1219
-1702
-1782
-501
3063
2089
-2102
-2965
-719
2612
3287
744
-206
1742
1643
-54
-193
1073
3441
3422
325
-1081
122
1359
1714
1613
1001
1887
742
-1273
-902
1488
2730
1898
-362
-1075
589
405
-61
896
1699
1409
372
-1263
-1238
622
1641
1790
520
-1205
-1086
-251
113
501
1041
227
-964
-1197
-1594
-1041
-935
-319
1620
551
-2777
-4183
-2417
-310
1644
-352
-2196
-1691
-1405
-1572
-2033
-1677
631
3607
570
-3177
-3004
96
2907
2386
-2
157
1611
121
-1060
-281
1766
3398
1617
-1311
-1744
-114
721
1233
581
314
634
-799
-2213
-1117
1110
1786
677
-1534
-1498
-733
-911
-277
1186
1188
-169
-1361
-1883
-631
626
1189
1069
-344
-1281
-985
-479
0
950
1332
179
-1117
-1757
-1061
-238
-380
1486
2097
-474
-3233
-2880
-805
1863
1929
-610
-740
-1025
-973
-1006
-752
515
3871
3054
-865
-2487
-828
2855
4071
2004
647
1928
1394
-150
-11
1430
3825
3401
364
-1427
-698
183
1601
1904
656
288
-809
-1828
-1409
462
1131
742
-1264
-1783
-999
-1566
-1628
-93
1092
-23
-1729
-3137
-1945
-272
352
485
-720
-2093
-1924
-1114
-988
-96
469
-18
-1236
-2173
-2148
-929
-947
583
1672
-167
-2957
-3722
-1664
1103
1981
-673
-881
-1099
-870
-1381
-1190
162
3580
3475
-215
-2165
-1316
2474
4387
2737
933
2163
2074
425
58
1407
4354
4385
1267
-780
-157
839
1919
2440
1570
1310
-58
-1232
-879
1007
2028
1728
-471
-1363
-459
-480
-588
183
1325
677
-823
-2638
-1812
-44
757
821
-353
-1891
-2281
-1261
-450
280
-74
-821
-1376
-1849
-1822
-1410
-1636
23
1550
-466
-3300
-4193
-2027
1180
1532
-1599
-1765
-1222
-1124
-1524
-1940
-314
3297
2713
-1144
-2668
-1105
2305
3884
1901
511
1731
1521
214
143
1471
3944
3598
127
-965
365
1116
1498
1639
1234
1128
-523
-2059
-903
1308
2111
1161
-1627
-2092
-519
-17
-237
211
505
120
-895
-2483
-1439
42
702
757
-202
-2028
-2282
-1279
-216
1151
554
-967
-1733
-1806
-1365
-173
-856
246
1470
-503
-2846
-3277
-1417
1540
2168
-1100
-1530
-1200
-1034
-922
-861
239
3404
2554
-1537
-2301
-483
2812
4195
2037
418
1773
1336
297
723
2124
4319
3417
-215
-1392
606
1594
2109
1869
1076
808
-849
-2193
-627
1674
1961
819
-1964
-2388
-767
-266
-559
357
462
-553
-1861
-2999
-1203
369
439
-466
-1180
-2233
-2135
-1521
-1016
372
69
-1141
-2596
-2451
-1800
-178
-965
-821
615
-807
-2685
-3760
-1750
874
2254
-1121
-2304
-1755
-949
-373
-1009
-475
2281
3019
-772
-2469
-1224
2616
4660
2551
68
1128
1979
1385
1429
1868
4051
4108
882
-901
899
2479
3063
2525
1149
1215
319
-829
26
2101
2623
1610
-1338
-2066
-117
999
536
323
425
-236
-1003
-2327
-851
685
797
-175
-1231
-2072
-1876
-836
-688
202
-19
-1163
-2392
-2504
-1375
-252
-356
-2034
-816
-377
-1399
-2822
-2791
-997
976
248
-2593
-2262
-1672
-536
-594
-1426
-876
1634
821
-1702
-1876
-200
2697
2837
287
-688
1344
1563
1229
976
1563
3096
2152
-357
-295
1731
2545
2476
878
222
826
654
-61
951
1750
1741
295
-1447
-603
1173
1266
139
316
-48
100
-655
-812
331
890
342
-447
-721
-1208
-417
-281
40
423
-79
-1157
-1523
-1086
226
305
-949
-1505
-1192
184
-223
-812
-1718
-1271
-635
-82
-728
-1358
-815
-683
-543
-1291
-1268
25
1443
293
-974
-784
667
1860
1175
58
935
1867
1200
534
442
1603
2450
1249
-180
484
1529
1489
637
120
830
1199
-71
-503
518
1047
475
-668
-664
307
652
-534
-829
-113
319
-134
-1230
-1041
-187
230
-416
-985
-1098
-902
-803
-794
-330
-271
-700
-1387
-1246
-428
-295
-834
-1290
-895
-1202
-522
-55
-263
-959
-2069
-1596
-85
597
-872
-1024
-1147
-419
-244
-1243
-799
1531
1865
117
-1014
-528
1776
2912
1330
642
1641
1751
1250
602
1326
2950
2750
422
-25
895
1706
1718
829
862
1293
649
-453
16
739
1556
928
-497
-673
-56
-42
46
395
177
-9
-1107
-1262
-302
280
-116
-562
-1019
-1111
-865
-969
-692
-244
-485
-949
-1253
-1316
-700
-609
-865
-914
-1044
-1453
-1792
-1075
-287
-143
-1422
-2561
-2117
-838
-190
-962
-1208
-1355
-986
-1233
-1500
-505
1199
1214
-215
-1165
-438
1528
2289
1275
731
1365
1492
1022
700
1490
2697
2307
638
84
887
1843
1810
1327
1083
1326
615
30
453
1556
1938
823
-372
-456
550
650
558
291
543
278
-558
-866
-206
716
576
-89
-995
-961
-427
30
143
-90
-383
-699
-828
-488
60
65
-378
-838
-908
-877
-918
-910
-1115
-580
-416
-898
-1667
-2201
-1541
-472
-162
-1083
-1236
-1453
-1043
-892
-1051
-321
885
808
-505
-1081
-411
1291
2133
1042
334
506
750
815
671
1165
2070
1711
-102
-466
585
1722
1640
683
307
694
326
-158
220
982
1390
350
-944
-831
307
623
203
-258
-183
19
-449
-818
-201
379
372
-255
-755
-517
-30
-24
320
437
61
-442
-612
154
894
730
-345
-632
-287
110
-18
-500
-241
-104
-425
-1088
-1072
-180
408
-27
-1136
-1257
-851
-32
-10
-198
-253
-390
-482
-633
-229
401
1139
657
-137
-326
57
960
1269
1141
728
468
124
303
929
1137
1192
548
28
-28
261
394
447
440
162
19
-593
-723
-355
85
148
-233
-832
-1059
-872
-674
-165
-51
-400
-850
-1172
-782
-151
103
-195
-292
-464
-409
-285
-262
145
374
63
-536
-432
-74
414
227
-223
-242
-8
4
-227
-219
-18
204
-87
-453
-442
-36
157
-68
-279
-154
141
138
-242
-290
-60
288
11
-166
94
412
304
-249
-209
414
1176
897
161
-101
321
1010
1006
627
465
628
559
205
84
398
803
498
-105
-477
-199
119
95
-155
-321
-279
-490
-495
-412
-252
-193
-291
-423
-417
-401
-364
-222
-95
-60
-292
-433
-183
255
243
-17
-194
-96
249
294
33
37
263
274
59
-141
-55
158
269
310
271
87
-145
-231
-267
-249
-128
76
100
-48
-283
-383
-272
-27
133
-54
-173
-154
-91
26
-58
-111
-114
-154
-151
17
165
77
15
-154
-197
-112
-80
-65
84
226
87
-127
-283
-81
185
236
156
-8
-77
-86
-39
72
280
177
-133
-248
-48
247
288
78
25
159
138
159
233
401
467
286
160
297
404
345
224
224
438
641
339
-39
113
440
609
308
-2
-19
232
304
211
100
34
72
83
94
131
99
7
9
-10
38
102
-8
-22
20
-54
-41
-172
-255
-70
-11
-227
-346
-393
-285
-243
-382
-415
-413
-397
-536
-629
-616
-462
-342
-470
-668
-744
-537
-326
-402
-556
-569
-444
-284
-201
-201
-189
-98
-37
71
82
91
221
378
459
445
377
228
265
484
653
553
272
133
294
474
445
261
214
300
278
161
68
273
494
437
192
33
188
368
348
220
264
409
328
73
-33
196
427
357
147
43
68
35
20
144
303
165
-164
-380
-321
10
42
-164
-415
-440
-415
-459
-485
-419
-272
-428
-676
-701
-522
-390
-438
-518
-428
-328
-446
-554
-510
-276
-49
-178
-332
-310
-142
-64
-98
-39
119
146
-100
-205
18
240
217
-54
-181
26
127
-53
-211
-94
143
193
-89
-241
-45
113
124
50
71
223
244
108
75
226
327
272
219
263
348
248
106
165
304
396
257
144
37
81
158
209
259
171
-10
-191
-183
-2
156
41
-211
-357
-300
-185
-177
-186
-207
-184
-181
-222
-309
-206
-15
129
90
-71
-98
-11
138
192
249
261
238
82
41
155
295
338
177
82
76
159
120
10
80
150
167
24
-126
-37
117
132
-28
-99
-53
16
-16
-72
7
39
-4
-77
-149
-80
32
40
-34
-121
-143
-38
-14
6
17
-62
-155
-95
36
51
-44
-191
-107
19
20
-111
-244
-233
-129
-50
-174
-233
-284
-174
-96
-196
-257
-183
-93
-32
18
-45
24
21
22
155
226
232
270
271
237
287
303
334
374
319
317
349
268
294
356
320
256
253
226
255
275
216
256
260
235
170
86
34
177
238
107
-32
-134
-39
75
49
-58
-64
-110
-164
-140
-80
16
-9
-133
-232
-170
-19
-4
-151
-164
-71
-76
-183
-361
-249
-27
-39
-313
-480
-405
-230
-142
-235
-256
-223
-244
-311
-271
-143
8
-6
-205
-258
-69
90
92
-21
-63
16
21
-74
-84
70
200
142
-73
-186
-75
114
193
66
-96
-72
4
43
19
37
71
57
-18
-72
-38
22
45
55
-18
-67
-96
-91
-59
-16
14
23
6
-99
-104
-18
108
190
123
-21
-6
137
237
198
76
71
243
341
184
55
75
235
327
209
100
159
188
143
136
126
213
278
135
12
59
146
179
92
-18
46
116
13
-103
-121
-78
-28
-81
-189
-235
-264
-261
-191
-180
-242
-331
-428
-418
-280
-264
-321
-388
-462
-441
-394
-405
-357
-337
-410
-437
-454
-456
-417
-390
-359
-288
-332
-480
-432
-287
-125
-87
-197
-220
-122
-33
-21
-21
16
198
315
222
102
96
218
439
533
419
351
332
407
548
609
623
658
616
493
506
602
695
705
566
502
541
556
442
360
412
522
475
250
92
120
245
288
221
97
4
-94
-148
-97
36
80
-39
-237
-356
-315
-257
-218
-219
-254
-347
-477
-540
-494
-386
-327
-369
-487
-609
-607
-505
-394
-332
-395
-482
-497
-477
-395
-339
-313
-236
-185
-235
-308
-274
-156
26
82
-4
-57
-5
87
169
217
243
343
396
308
256
322
478
599
547
404
369
424
438
434
415
457
472
334
201
203
320
397
343
154
81
146
175
164
134
159
153
63
-64
-34
38
72
47
-82
-132
-88
-91
-140
-152
-131
-85
-142
-292
-324
-220
-135
-124
-202
-321
-281
-168
-161
-172
-237
-206
-105
-124
-188
-188
-110
-60
-10
-66
-90
-37
-31
-29
26
58
69
58
8
34
98
142
114
80
62
83
118
83
75
103
117
69
22
-19
-22
37
86
37
-83
-147
-113
-20
-30
-112
-152
-110
-98
-149
-156
-142
-91
-79
-181
-237
-181
-115
-134
-181
-174
-93
-83
-193
-229
-124
-13
-36
-149
-190
-98
7
-12
-62
-64
-39
-20
-38
-20
59
102
75
38
41
86
139
145
151
178
223
221
165
150
204
275
310
289
200
141
151
201
221
198
145
105
67
40
80
92
49
18
19
10
-32
-65
-57
-13
42
2
-76
-168
-172
-97
-48
-26
-67
-134
-238
-263
-198
-115
-88
-144
-243
-318
-338
-316
-222
-155
-175
-271
-385
-386
-292
-220
-183
-172
-205
-250
-292
-302
-193
-51
20
-16
-147
-166
-42
76
102
115
141
164
173
126
127
231
355
349
237
142
186
287
298
273
274
281
230
122
92
199
277
225
129
80
101
143
134
137
198
200
157
119
99
148
190
200
212
234
161
76
83
126
198
150
42
16
32
-18
-36
-3
25
45
-89
-187
-142
-77
-63
-114
-158
-157
-135
-192
-216
-158
-115
-123
-174
-239
-188
-101
-128
-128
-109
-85
-82
-119
-113
-48
5
-5
-21
-56
-50
-14
-37
-60
-48
-20
1
-59
-119
-94
-20
18
-2
-55
-94
-39
-5
-12
-14
19
71
71
24
-3
68
142
157
155
140
127
133
136
177
221
206
152
115
131
137
148
148
161
148
66
-2
29
97
112
33
-55
-65
-2
-9
-74
-75
-41
-1
-75
-107
-51
7
6
-34
-11
42
60
29
24
88
137
117
45
31
92
124
58
2
19
57
24
-73
-103
-36
-6
-38
-106
-143
-111
-78
-86
-111
-126
-115
-103
-108
-102
-84
-78
-114
-95
-83
-88
-79
-81
-65
-57
-71
-98
-73
-22
-12
-47
-118
-110
-66
-56
-99
-132
-124
-92
-81
-158
-197
-179
-128
-100
-147
-202
-208
-186
-156
-112
-92
-137
-171
-121
-50
-12
-47
-85
-18
65
73
31
15
85
154
126
51
58
130
150
112
59
86
132
113
58
38
101
149
108
43
44
105
138
117
94
108
141
125
106
121
161
189
163
122
122
143
150
131
120
156
164
105
53
56
102
102
48
6
10
35
6
-62
-99
-74
-40
-74
-145
-169
-167
-147
-156
-159
-150
-178
-200
-194
-160
-111
-121
-148
-156
-145
-131
-127
-111
-71
-65
-106
-127
-99
-78
-87
-85
-77
-61
-96
-147
-149
-92
-47
-67
-116
-138
-96
-70
-73
-16
32
39
-35
-80
-13
78
104
64
51
77
122
136
112
138
195
227
206
170
167
216
260
234
228
240
239
223
206
204
245
263
234
186
164
160
189
192
164
157
139
121
108
98
124
142
113
85
67
44
47
50
57
59
5
-49
-55
-31
-39
-67
-110
-144
-150
-180
-216
-211
-199
-198
-232
-283
-271
-227
-230
-250
-262
-249
-226
-240
-256
-218
-179
-179
-193
-206
-178
-129
-111
-124
-119
-80
-55
-42
-43
-31
15
30
38
61
92
116
115
109
133
182
187
180
183
189
202
217
218
218
230
235
250
235
224
240
270
272
262
235
217
241
262
259
233
207
209
189
138
112
124
129
81
16
-27
-34
-27
-53
-86
-136
-164
-151
-174
-202
-242
-215
-211
-238
-252
-252
-248
-233
-243
-249
-238
-243
-236
-242
-256
-235
-182
-191
-210
-212
-194
-177
-166
-151
-106
-95
-108
-107
-94
-59
-14
1
-14
-31
-47
-4
56
71
54
44
63
84
101
98
118
158
170
174
152
146
170
205
201
181
166
161
149
124
136
154
135
90
68
55
51
26
3
-1
-12
-34
-67
-77
-63
-48
-79
-129
-148
-113
-91
-101
-135
-145
-118
-110
-125
-144
-127
-107
-92
-101
-114
-112
-93
-69
-70
-69
-61
-36
-17
-19
-21
-15
20
45
57
40
27
45
79
103
94
72
95
142
133
100
90
121
150
145
94
74
96
110
107
93
99
107
75
22
39
84
86
35
-29
-35
-16
-14
-46
-65
-63
-67
-98
-147
-115
-70
-78
-115
-156
-154
-112
-105
-134
-139
-129
-111
-114
-142
-144
-96
-86
-86
-98
-118
-115
-102
-74
-47
-56
-81
-81
-53
-17
4
9
5
32
40
50
65
71
101
134
131
125
135
156
180
192
201
205
208
204
209
223
231
222
204
200
215
221
197
166
173
182
168
142
122
120
123
99
54
24
28
33
17
-2
-14
-11
-44
-76
-74
-56
-39
-50
-84
-105
-97
-85
-92
-128
-146
-120
-98
-126
-158
-161
-137
-115
-125
-157
-161
-146
-135
-149
-166
-145
-107
-101
-130
-131
-111
-85
-88
-86
-59
-31
-21
-44
-33
4
32
23
2
11
39
60
66
59
58
63
52
57
71
93
107
69
44
45
60
63
89
64
45
60
7
37
56
47
55
53
29
35
23
8
66
54
27
25
11
6
9
14
16
21
7
1
0
-20
-8
2
-9
-30
-57
-76
-67
-36
-31
-57
-91
-104
-94
-76
-68
-46
-42
-60
-83
-89
-64
-46
-52
-30
-30
-46
-63
-67
-55
-21
1
-26
-60
-63
-29
-20
-48
-52
-29
-13
-27
-52
-56
-19
14
30
18
9
39
100
146
190
194
253
312
273
244
136
60
-74
-164
-233
-285
-328
-263
-209
-300
-417
-371
-173
-189
-82
25
-199
-422
-378
-230
-116
-138
-73
134
136
-98
-38
217
105
162
387
400
345
370
467
262
104
-296
23
-737
334
2357
1199
46
-265
256
-122
-666
-842
813
884
-266
-103
774
-120
-607
171
-21
-332
-138
778
684
59
-853
-749
-278
-232
112
439
-29
-136
-83
174
1
-58
-80
26
58
-130
55
-119
0
-369
-104
-1
151
-95
-28
140
-189
-229
-178
-38
78
60
-319
-330
-308
-202
-474
-427
-283
-158
-48
82
192
-23
-155
-338
-177
-138
-5
84
26
-25
-79
-57
90
178
129
179
86
2
204
321
149
152
222
260
280
281
330
334
296
208
219
372
452
513
430
343
325
258
272
281
259
230
114
276
319
241
141
152
192
63
-23
-194
-40
-72
17
-120
-314
-131
-170
-445
-416
-243
-365
-306
-579
-630
-414
-515
-580
-594
-592
-672
-624
-437
-340
-391
-562
-602
-404
-240
-384
-449
-309
-266
-186
-126
-172
47
257
262
165
200
437
583
530
408
519
587
438
310
392
540
435
265
260
288
289
169
86
168
203
80
-30
5
64
106
84
122
204
185
170
179
242
309
291
135
205
280
243
225
277
367
332
201
101
212
220
74
4
1
-176
-308
-440
-458
-446
-675
-874
-934
-1009
-1099
-1061
-1167
-1112
-693
-649
-842
-1133
-1156
-592
-259
-857
-962
-384
-14
-14
-175
-27
813
1039
311
229
814
1343
1414
956
856
1300
1157
744
766
970
1037
668
170
312
673
488
22
-34
92
-46
-460
-528
-114
18
-389
-568
-437
-323
-381
-558
-329
-46
-290
-453
-102
200
183
-12
-1
239
374
269
223
374
580
524
245
188
259
232
74
-60
-114
-333
-607
-791
-851
-826
-1110
-1286
-878
-596
-723
-1139
-1497
-1034
-563
-1142
-1405
-771
-84
47
-344
-364
533
962
349
91
848
1673
1827
1077
794
1465
1581
1153
1025
1347
1426
1001
477
685
1135
945
308
72
281
321
-93
-291
57
215
-306
-685
-613
-361
-313
-298
-178
-205
-409
-519
-119
250
239
-73
-361
-211
200
285
254
299
315
250
53
55
223
120
-275
-432
-393
-465
-613
-953
-1104
-1174
-1414
-991
-716
-954
-1250
-1475
-1079
-725
-1384
-1673
-1083
-269
128
-362
-731
151
870
296
-18
825
1823
2010
1160
734
1431
1760
1276
980
1319
1455
1005
391
753
1406
1100
105
-187
113
178
-84
-283
-6
94
-443
-866
-667
-256
-287
-427
-444
-306
-406
-481
-76
370
244
-197
-263
134
535
472
380
454
497
442
338
320
504
398
-19
-178
-281
-427
-573
-828
-1068
-1126
-1591
-1366
-711
-799
-1144
-1708
-1818
-1043
-1239
-2051
-1714
-759
-83
-328
-1081
-571
689
484
-318
157
1447
2176
1603
607
1015
1781
1564
1028
1138
1478
1336
686
600
1266
1421
427
-329
-16
329
83
-326
-211
206
-95
-742
-807
-405
-346
-459
-451
-331
-346
-520
-293
267
429
-6
-298
-128
383
604
516
516
637
643
553
447
519
645
306
-25
-70
-64
-167
-435
-878
-976
-1231
-1435
-878
-594
-805
-1407
-1877
-1303
-994
-1747
-2078
-1426
-299
75
-777
-1071
69
630
-52
-396
622
1897
2003
843
620
1544
1776
1202
900
1321
1496
909
372
937
1486
978
-80
-308
190
235
-227
-365
115
160
-507
-964
-667
-291
-408
-568
-530
-409
-433
-342
28
379
120
-331
-342
111
592
567
492
569
670
620
546
546
546
448
211
92
78
134
-168
-465
-855
-1118
-1260
-1456
-832
-409
-631
-1306
-1761
-1283
-848
-1483
-1988
-1385
-129
377
-406
-921
14
818
285
-279
598
2006
2335
1177
629
1531
1979
1361
723
1054
1492
1178
505
833
1494
1154
-124
-617
-17
247
-156
-575
-156
154
-469
-1096
-825
-386
-424
-744
-863
-492
-351
-353
-34
286
14
-412
-426
78
646
554
337
518
716
661
526
533
573
474
211
95
141
192
-105
-496
-754
-1050
-1176
-1450
-1050
-399
-538
-1171
-1850
-1560
-789
-1104
-1953
-1712
-650
264
-90
-874
-378
648
435
-225
110
1445
2346
1693
561
1021
1814
1603
863
866
1339
1419
693
481
1309
1419
356
-631
-351
190
12
-581
-450
253
-135
-1021
-1127
-615
-336
-618
-991
-659
-203
-318
-181
138
208
-165
-576
-316
465
762
497
388
639
845
625
401
448
556
385
74
63
291
133
-327
-671
-897
-1029
-1361
-1280
-500
-345
-870
-1729
-1764
-870
-805
-1834
-1949
-1030
-33
-80
-882
-610
567
531
-391
-436
873
2023
1702
615
726
1568
1518
795
648
1158
1247
637
289
1008
1332
532
-455
-380
100
-219
-785
-551
288
173
-757
-1146
-646
-261
-444
-707
-589
-243
-291
-164
353
590
168
-350
-229
434
836
601
517
830
1013
740
514
576
675
563
190
99
269
167
-123
-301
-617
-901
-1260
-1322
-573
-329
-797
-1570
-1756
-986
-733
-1588
-1848
-1254
-402
-264
-879
-765
418
640
-123
-434
521
1694
1766
857
702
1474
1574
972
708
1182
1364
910
272
700
1228
842
-27
-181
133
-124
-598
-627
102
329
-406
-1036
-749
-305
-360
-492
-544
-343
-321
-260
219
514
179
-195
-133
257
560
368
380
772
1020
793
447
458
620
552
298
100
148
90
-237
-258
-381
-721
-1135
-1322
-736
-343
-801
-1538
-1712
-990
-728
-1666
-1913
-1098
-244
-185
-815
-704
629
1096
373
-174
537
1834
2121
1401
1322
2216
2156
914
204
1012
1939
1893
1167
960
878
9
-1049
-886
142
201
-690
-1153
-689
-387
-1154
-1894
-1559
-826
-730
-658
-387
-64
-244
-855
-656
80
574
658
852
1124
1072
419
212
946
1632
1538
945
865
977
769
172
-379
-342
-200
-588
-660
-746
-1436
-2221
-3131
-3289
-1281
40
-294
-1750
-3361
-3326
-1891
-1142
-481
932
1177
157
-1637
-2012
300
3219
3130
1821
1733
2285
2446
1616
1133
2228
2874
1745
1294
2050
2119
688
-1315
-1586
70
911
-33
-850
-1349
-2249
-3117
-2909
-1502
-185
-1021
-2013
-1756
-1467
-1405
-1497
-1002
140
823
584
1113
1276
931
296
340
1743
3198
3194
2108
1577
1256
977
1000
1659
1962
1529
157
-774
-482
-629
-977
-1501
-1907
-2311
-2698
-3247
-3471
-3562
-2675
-1643
-1469
-2043
-3640
-3607
-2171
-736
75
1138
1475
756
-1169
-1770
1065
4727
5473
3328
2058
2369
2802
2335
2203
3535
4368
2740
822
926
1294
463
-1291
-1463
122
441
-1413
-3039
-3124
-2914
-3085
-2929
-1657
-860
-1783
-3394
-3408
-2036
-875
-274
165
630
771
448
367
1675
2557
2490
2267
2746
3537
3360
2146
1534
2230
2682
2408
1704
1439
831
-193
-870
-860
-349
-819
-2311
-3401
-3558
-3587
-3903
-3793
-2368
-1218
-1961
-4061
-5009
-3312
-1034
-137
454
1202
1151
-170
-1787
-733
3230
6023
5214
2988
2101
2696
2920
2494
3259
4986
4788
2267
253
323
889
324
-620
-311
334
-682
-2972
-4117
-3366
-2547
-2587
-2614
-2109
-2059
-3215
-4174
-3336
-1377
-130
-61
-209
36
100
26
850
2367
3449
3037
2067
2246
3000
3051
2434
2445
2827
2628
1570
823
758
971
-162
-942
-725
-1072
-2112
-3470
-4110
-3876
-2292
-1882
-1792
-2949
-4715
-5205
-3399
-1247
225
649
-200
-745
-1541
-1552
721
4203
5157
3542
1635
1660
3003
3367
3336
4062
4560
3398
1530
765
1385
1446
408
112
714
547
-1362
-3469
-3684
-2296
-1649
-1997
-2274
-2436
-3149
-3987
-3684
-2149
-722
-724
-1198
-1113
-534
-83
336
1059
1901
2188
1771
1643
2159
2622
2509
2268
2330
2295
2015
972
645
849
557
-10
-609
-1329
-1904
-2216
-3535
-2477
-1119
-1211
-2650
-4622
-5080
-2808
-1134
-1337
-896
-1003
-1251
-2041
-2338
-205
3438
4007
2065
677
1094
2641
3100
2823
3795
4740
3431
1536
935
2045
2707
1502
625
1144
1269
-220
-1831
-1954
-846
-829
-1785
-2210
-2016
-2295
-3043
-3051
-1946
-828
-1185
-2012
-2068
-1138
-462
-3
550
1256
1313
580
510
1350
2273
2212
1946
1805
2092
1696
1114
849
1083
1264
406
-285
-659
-1197
-1771
-2425
-2585
-962
-295
-1665
-3530
-4861
-3948
-1484
-700
-968
-804
-1248
-1990
-2638
-2023
1324
4037
3060
797
68
1194
2733
2785
2826
4066
4120
2478
881
889
2252
2772
1744
1272
1294
480
-916
-1591
-753
366
-97
-1531
-2180
-2182
-2153
-2168
-1821
-1222
-990
-1531
-2033
-1585
-831
-281
125
595
900
704
271
424
1393
1975
2134
1867
1644
1309
992
833
1006
1614
1144
91
-561
-1051
-1135
-1402
-2026
-978
148
-844
-2798
-4297
-3883
-1435
-485
-1052
-954
-1114
-1859
-2712
-2550
361
3509
2856
352
-590
491
2140
2471
2407
3653
4079
2269
388
490
2288
3368
2242
1130
1294
921
-357
-1004
-155
1138
644
-1205
-1936
-1469
-1281
-1569
-1681
-1239
-886
-1576
-2273
-1748
-739
-501
-749
-670
-41
342
-114
-100
849
1468
1162
709
664
1252
1460
824
676
1005
719
0
-349
-595
-276
-1081
-1063
-5
19
-1645
-3321
-3193
-1463
-122
-1090
-1669
-1785
-1735
-2206
-2278
-527
1985
1896
-556
-1490
6
2145
2548
1756
1976
2601
1850
851
1103
2559
3404
2232
702
877
1447
983
310
546
1466
1047
-897
-1951
-1128
-17
60
-633
-1250
-1472
-2114
-2459
-1616
-156
337
-701
-1897
-1945
-916
-267
108
527
902
249
-432
-241
731
1570
1421
746
336
357
-204
-38
143
245
-355
-1370
-822
113
-260
-2135
-2820
-2140
-572
-658
-1682
-1652
-1453
-1691
-2504
-2153
19
2081
804
-1402
-1477
378
2019
1867
1117
1726
2169
1286
679
1242
2645
3018
1602
514
1242
1828
1278
544
862
1682
1152
-450
-1075
-193
579
395
-505
-943
-887
-1164
-1445
-965
-122
-86
-900
-1741
-1319
-486
-89
-5
122
97
-379
-531
41
1012
1244
753
268
182
368
123
47
373
275
-378
-1234
-553
487
216
-1521
-2408
-1808
-641
-401
-1163
-1062
-1059
-1547
-2428
-2013
62
1834
846
-1260
-1384
159
1488
1519
1003
1425
1744
942
273
856
2165
2649
1546
521
1009
1451
982
396
991
1957
1562
-197
-1220
-532
701
1057
329
-382
-787
-1154
-1340
-715
352
608
-473
-1694
-1687
-732
4
165
108
-31
-550
-780
-161
732
948
560
68
169
335
45
-77
253
454
191
-830
-1379
115
846
118
-1328
-2043
-1437
-268
-427
-597
-208
-909
-1664
-2297
-1619
725
2191
724
-1026
-1391
-320
1257
1288
1198
1684
1173
28
-363
362
1974
2569
1286
412
298
281
393
669
1588
2159
769
-1187
-1312
-2
1298
1224
104
-606
-895
-1089
-829
-26
604
272
-927
-1670
-1123
-250
13
-120
-249
-304
-604
-774
-197
441
576
316
105
-79
-194
-314
7
555
464
-280
-971
-1411
-561
677
795
-216
-1764
-2440
-1431
31
209
132
-797
-1469
-1870
-2022
-798
1486
1991
115
-1719
-1808
238
1577
1280
1078
1154
405
-627
-879
743
2924
2626
462
-898
-556
667
1342
1309
1493
1035
-488
-1293
-433
1162
1787
605
-845
-1095
-765
-305
103
349
442
-192
-1293
-1336
-460
320
453
-82
-458
-533
-634
-491
324
975
877
-70
-906
-534
450
1005
771
251
-390
-677
-863
-484
117
88
33
-459
-781
-1153
-1292
-1194
-418
-35
-210
-625
-1292
-1310
-1217
-820
210
1188
512
-788
-1504
-622
1112
1573
985
354
76
66
212
462
1359
1836
1045
28
-327
223
884
1047
1073
1146
418
-576
-667
134
1153
1119
115
-613
-717
-519
-161
235
600
472
-414
-1087
-661
95
520
260
7
177
111
-169
-103
400
795
775
282
112
330
394
402
437
497
379
-74
-471
-271
100
55
-266
-760
-940
-541
-229
-266
-678
-1219
-1239
-855
-641
-432
-465
-791
-1167
-1366
-981
46
663
225
-465
-808
-324
296
512
731
1034
733
-2
-430
-20
1045
1566
1072
312
-120
-207
141
579
1027
966
103
-729
-718
-102
574
709
215
-327
-751
-731
-145
436
563
232
-251
-397
-173
20
329
685
691
453
39
-37
449
909
1007
793
491
243
237
325
624
789
516
55
-398
-327
89
277
77
-258
-509
-580
-593
-601
-507
-494
-603
-599
-593
-623
-762
-945
-878
-457
-296
-513
-703
-662
-423
-370
-494
-358
52
124
56
12
68
138
-42
11
461
733
380
-190
-366
69
406
136
-50
-3
-35
-274
-429
-140
342
178
-412
-460
-9
381
202
-138
44
450
445
189
180
470
726
593
361
441
566
484
362
449
659
632
237
4
215
477
485
234
-11
-38
-19
-88
-103
-86
-127
-227
-269
-207
-128
-168
-369
-382
-166
-65
-179
-271
-225
-97
-146
-296
-212
-133
-182
-237
-147
22
-1
-208
-352
-243
-118
-207
-375
-364
-191
-203
-420
-549
-496
-399
-339
-316
-281
-294
-418
-482
-320
-64
109
83
-66
-89
-19
32
191
367
436
415
299
285
409
494
470
391
376
475
476
322
177
158
226
292
263
174
117
39
-67
-129
-100
-59
-95
-120
-88
-118
-203
-307
-197
42
79
-79
-221
-146
58
143
121
122
146
111
94
155
300
357
183
105
291
480
357
32
-139
24
165
63
-27
-66
-69
-203
-421
-460
-286
-191
-319
-440
-412
-265
-305
-430
-340
-101
9
-119
-241
-218
-18
149
187
219
227
203
154
223
407
492
317
93
139
275
311
209
84
34
-48
-115
-126
-112
-103
-166
-243
-278
-252
-303
-380
-328
-179
-109
-194
-296
-288
-174
-111
-86
-52
-42
-72
-28
41
141
195
150
121
143
192
229
288
286
209
25
-79
31
222
269
87
-154
-297
-234
-72
32
-19
-125
-174
-117
21
97
109
148
199
258
295
290
355
436
444
417
445
523
582
597
552
463
330
283
347
445
463
291
57
-84
-85
-26
-49
-148
-258
-334
-407
-447
-468
-483
-479
-478
-537
-590
-540
-495
-433
-466
-465
-387
-333
-263
-191
-126
-97
-113
-150
-61
101
183
98
-6
-28
18
19
-35
9
62
4
-172
-333
-330
-215
-161
-213
-321
-369
-319
-253
-208
-173
-143
-138
-96
15
168
315
350
317
287
332
445
580
642
685
721
673
567
487
559
675
708
586
398
337
379
374
263
141
94
77
-27
-118
-99
-95
-165
-322
-390
-285
-224
-255
-331
-356
-314
-268
-272
-210
-113
-56
-69
-183
-187
-124
24
94
98
61
28
23
-26
-55
-58
10
74
49
-115
-300
-356
-388
-365
-264
-299
-346
-413
-555
-582
-513
-414
-348
-387
-438
-389
-289
-207
-71
57
11
-142
-181
-36
142
267
301
295
297
229
103
107
209
320
355
276
157
84
34
38
69
83
80
34
-17
-26
-49
-137
-185
-192
-59
26
-60
-125
-123
-74
17
85
106
176
157
73
123
277
379
298
163
226
452
535
354
171
175
264
263
197
243
266
126
-119
-207
-66
77
33
-128
-180
-192
-200
-219
-171
-48
-51
-154
-210
-174
-46
29
39
79
65
-26
-108
-67
85
242
231
70
-87
-178
-120
-5
67
38
-82
-212
-306
-284
-224
-196
-205
-276
-384
-439
-411
-362
-227
-181
-303
-376
-380
-318
-223
-171
-68
73
40
-81
-93
66
224
244
209
248
353
368
316
280
358
398
358
327
343
420
379
266
207
279
364
316
190
126
199
272
267
196
175
191
228
238
220
225
213
235
241
288
358
343
271
233
246
275
298
253
190
131
125
148
117
-6
-145
-186
-162
-152
-199
-271
-320
-381
-451
-515
-505
-457
-454
-475
-498
-465
-455
-479
-522
-461
-310
-224
-273
-323
-295
-233
-164
-157
-109
-33
-23
-61
-71
-64
-16
15
-31
-35
2
31
-3
-89
-118
-43
43
29
-49
-101
-60
8
15
4
11
47
108
171
198
219
184
159
226
335
433
447
367
291
279
311
397
461
449
352
218
156
211
267
279
215
61
-78
-140
-119
-43
-6
-86
-197
-293
-360
-366
-316
-233
-127
-153
-249
-314
-314
-250
-178
-99
-15
10
-92
-182
-180
-64
52
68
11
-68
-135
-153
-87
-18
3
-85
-224
-244
-173
-134
-152
-196
-225
-199
-193
-199
-191
-211
-260
-250
-185
-97
-44
-88
-120
-108
-50
15
68
119
159
147
56
15
97
226
276
218
128
75
78
91
137
196
168
29
-159
-199
-84
19
-5
-83
-147
-212
-272
-276
-169
-59
-53
-97
-112
-91
-85
-76
15
150
209
112
28
73
217
325
314
263
252
238
205
232
263
277
233
155
135
153
154
126
102
60
30
51
94
107
63
-3
13
97
153
117
57
60
109
163
154
161
181
174
152
129
138
174
209
176
118
69
45
16
-13
-17
5
-9
-88
-170
-235
-230
-199
-206
-217
-251
-324
-332
-323
-290
-239
-251
-255
-219
-215
-234
-206
-131
-37
-9
-70
-105
-58
-8
35
75
100
131
96
30
30
92
153
153
108
83
89
72
65
97
128
118
83
68
107
154
151
126
138
188
202
174
136
146
213
244
260
271
261
244
218
220
267
295
254
194
179
202
209
156
99
75
63
44
21
-13
-66
-130
-185
-165
-144
-165
-232
-285
-285
-261
-251
-261
-244
-234
-252
-285
-272
-212
-150
-136
-171
-219
-242
-201
-146
-116
-112
-135
-146
-161
-164
-153
-131
-114
-129
-172
-171
-126
-99
-132
-181
-156
-100
-86
-130
-155
-112
-37
1
-29
-41
-34
-31
-33
-5
77
139
123
59
36
65
108
125
141
153
152
138
116
117
117
106
86
85
97
67
6
-43
-47
-29
-28
-57
-56
-69
-91
-81
-66
-5
46
41
6
-38
-31
26
83
112
116
81
39
45
52
79
85
50
23
6
-17
-25
-26
-32
-21
-26
-52
-76
-102
-120
-114
-68
-37
-62
-129
-175
-155
-101
-37
-8
-25
-57
-81
-73
-28
29
42
31
20
15
33
41
56
81
82
62
42
39
32
20
23
40
33
9
-39
-72
-73
-76
-80
-100
-119
-135
-131
-125
-94
-82
-101
-118
-99
-50
-8
16
29
41
36
25
21
74
143
173
138
75
65
122
182
190
156
122
114
110
117
136
148
147
108
58
77
141
177
147
91
85
146
177
145
117
141
197
208
165
157
204
225
214
191
191
227
212
158
155
191
210
169
98
89
119
96
31
0
18
32
-11
-91
-109
-79
-77
-126
-159
-142
-105
-118
-169
-184
-170
-154
-169
-175
-145
-116
-143
-181
-201
-166
-97
-86
-134
-174
-185
-162
-133
-138
-153
-168
-170
-163
-160
-156
-141
-139
-134
-125
-134
-124
-116
-102
-78
-57
-33
7
27
24
8
24
87
148
175
169
170
187
213
232
256
296
303
276
250
264
294
298
269
274
296
256
196
136
144
179
156
104
62
54
48
17
-10
14
31
-14
-66
-84
-69
-58
-73
-76
-69
-111
-152
-150
-119
-97
-146
-204
-220
-218
-236
-246
-262
-273
-272
-303
-317
-317
-323
-320
-306
-289
-294
-335
-374
-349
-315
-300
-318
-335
-304
-268
-245
-240
-225
-207
-186
-166
-140
-99
-65
-46
-61
-61
-17
38
74
88
98
117
129
120
132
160
194
197
183
172
167
163
169
205
221
217
178
163
191
213
207
185
184
191
189
181
194
200
177
138
116
123
136
125
101
86
59
32
19
21
27
22
-1
-15
-34
-47
-50
-49
-44
-69
-98
-105
-88
-71
-76
-95
-114
-120
-113
-92
-72
-75
-98
-106
-110
-93
-63
-40
-34
-58
-69
-51
-4
33
19
-13
-22
2
17
30
52
85
94
41
12
32
70
100
98
86
82
56
34
58
104
135
112
60
40
61
99
116
119
106
90
76
69
90
112
106
85
53
37
49
49
36
39
52
50
35
-6
-18
0
24
39
22
-10
-41
-30
0
21
22
3
-21
-27
-19
-3
8
8
4
1
3
28
51
52
46
38
47
76
101
102
96
75
67
78
93
98
98
96
102
92
65
66
83
102
76
45
41
59
63
39
27
35
42
32
18
23
32
4
-38
-35
9
25
-21
-70
-75
-67
-81
-93
-80
-57
-77
-123
-136
-113
-94
-115
-147
-140
-121
-146
-188
-197
-174
-157
-185
-205
-180
-172
-209
-228
-203
-151
-145
-192
-210
-169
-127
-131
-157
-145
-93
-81
-101
-95
-51
-11
-17
-26
2
39
34
23
42
94
116
78
63
89
129
132
101
95
119
124
95
86
104
129
134
123
120
118
115
111
107
120
129
123
110
88
77
71
68
63
50
26
6
1
-8
-22
-20
-16
-21
-37
-73
-96
-101
-101
-99
-128
-149
-161
-172
-183
-196
-201
-192
-197
-229
-236
-210
-185
-179
-202
-216
-205
-207
-201
-164
-131
-117
-137
-168
-147
-110
-100
-106
-90
-62
-38
-43
-54
-28
13
28
26
23
39
48
50
60
84
125
142
138
125
132
153
171
182
189
197
203
201
198
189
202
218
214
201
178
179
189
194
198
189
172
153
143
139
123
121
137
141
120
79
62
74
87
74
66
59
49
16
-13
8
44
56
21
-6
-9
-12
-21
-16
-1
15
-2
-55
-66
-44
-16
-26
-47
-43
-52
-73
-94
-83
-54
-47
-63
-88
-100
-79
-67
-52
-52
-50
-46
-64
-68
-65
-37
-13
-20
-39
-50
-42
-23
-10
-19
-19
-7
-6
-14
-18
-11
-8
-2
-7
-7
-1
2
5
1
-7
1
14
25
25
24
16
10
6
22
53
61
56
47
43
52
77
100
105
97
78
66
86
112
127
116
99
88
87
84
90
94
88
80
65
58
39
21
8
18
28
6
-19
-19
-14
-8
-15
-16
-5
-5
-17
-49
-55
-35
-31
-35
-34
-37
-35
-41
-60
-69
-49
-29
-24
-43
-69
-74
-82
-84
-75
-65
-61
-81
-107
-100
-76
-65
-68
-78
-85
-89
-106
-114
-108
-89
-85
-97
-94
-69
-61
-79
-83
-70
-32
-8
-14
-17
-5
-9
-18
-17
6
22
9
-8
-7
20
35
29
6
1
2
-10
-19
-16
-12
-13
-27
-38
-32
-24
-13
-11
1
14
13
-15
-28
-4
25
39
33
25
18
8
23
58
84
86
43
6
5
25
43
29
13
8
1
-19
-21
-13
-23
-40
-57
-54
-37
-59
-86
-88
-82
-67
-68
-79
-73
-67
-73
-62
-48
-33
-27
-34
-37
-23
-8
-11
-22
-20
-9
9
18
4
1
2
1
-6
-16
-24
-24
-30
-47
-47
-46
-46
-65
-63
-53
-48
-41
-52
-51
-39
-29
-27
-20
-6
9
13
10
25
38
44
49
65
81
83
83
101
115
123
116
102
108
114
113
118
136
142
108
69
72
104
115
98
82
73
75
64
61
73
86
76
54
50
65
82
83
72
70
79
82
88
84
87
96
93
86
79
69
65
66
43
33
35
30
18
2
-12
-15
-25
-49
-65
-66
-56
-62
-83
-96
-106
-104
-99
-91
-82
-78
-76
-87
-89
-84
-70
-54
-52
-60
-70
-78
-61
-43
-24
-29
-46
-54
-60
-38
-16
-10
-19
-42
-58
-58
-48
-31
-14
-17
-24
-30
-31
-26
-17
-3
9
9
5
-8
3
29
39
44
51
62
63
62
82
105
116
98
80
85
96
95
82
89
104
102
87
83
93
101
86
61
57
64
66
49
29
34
38
24
0
7
28
28
14
-11
-27
-30
-23
-22
-18
-15
-31
-50
-54
-35
-20
-19
-34
-57
-72
-80
-75
-74
-75
-81
-93
-104
-113
-116
-118
-127
-120
-115
-122
-141
-152
-148
-139
-146
-156
-153
-153
-149
-137
-115
-91
-87
-88
-80
-69
-67
-70
-61
-45
-21
-9
-14
-16
-2
10
14
19
37
46
47
45
41
50
61
71
78
86
90
91
86
88
100
114
113
102
93
88
95
112
122
122
107
99
99
108
108
98
93
89
88
65
61
71
66
56
42
36
43
37
19
19
22
15
-1
-25
-33
-35
-38
-44
-57
-74
-86
-91
-94
-91
-87
-93
-100
-95
-91
-89
-105
-117
-122
-116
-99
-86
-83
-90
-99
-107
-105
-105
-107
-96
-89
-90
-91
-89
-84
-78
-75
-65
-50
-46
-46
-46
-49
-35
-25
-22
-22
-19
-7
-1
9
12
26
38
44
44
44
56
67
71
68
72
88
96
90
81
93
110
121
118
116
118
119
123
125
120
106
92
92
107
106
95
79
67
74
74
71
76
77
66
62
56
65
76
66
57
42
29
19
23
25
34
30
13
-3
-10
-7
-12
-9
-8
-5
-22
-38
-39
-37
-34
-37
-47
-55
-53
-52
-49
-47
-38
-34
-43
-54
-61
-53
-48
-43
-44
-47
-50
-49
-50
-40
-28
-33
-28
-31
-20
-15
-23
-28
-28
-18
-14
-18
-15
-10
-13
-26
-26
-8
2
0
-11
-15
-3
-5
-4
5
19
24
18
13
16
31
32
38
43
45
38
17
18
44
67
63
42
32
33
35
33
42
54
58
41
22
30
47
49
42
37
43
38
30
33
38
59
58
42
33
29
34
39
32
38
39
21
11
22
26
26
11
1
1
-3
-5
-12
-17
-20
-27
-34
-36
-45
-57
-70
-81
-78
-72
-67
-72
-71
-75
-85
-94
-91
-85
-90
-90
-102
-111
-104
-94
-90
-90
-94
-100
-103
-105
-92
-79
-73
-71
-79
-76
-62
-59
-56
-50
-42
-40
-49
-46
-38
-22
-12
-5
0
-8
0
13
34
53
63
44
33
41
63
74
70
65
59
61
64
71
81
86
76
64
61
65
76
77
67
68
69
61
54
50
45
44
47
36
34
22
13
2
-7
-5
-9
-21
-32
-29
-22
-21
-27
-31
-37
-44
-48
-53
-50
-55
-64
-74
-71
-67
-88
-96
-90
-78
-68
-76
-81
-79
-79
-75
-73
-76
-86
-90
-88
-72
-57
-58
-64
-53
-32
-17
-14
-19
-14
0
11
15
27
33
33
24
30
44
61
70
69
71
76
80
78
71
68
71
69
76
80
89
94
98
97
101
104
92
89
85
88
95
91
89
80
81
87
93
98
111
106
81
67
59
72
77
68
62
46
26
16
17
20
26
19
7
-8
-11
-15
-22
-27
-31
-31
-33
-37
-41
-41
-43
-40
-38
-40
-41
-41
-38
-33
-34
-34
-36
-32
-26
-29
-26
-15
-9
-15
-17
-14
-7
-9
-23
-33
-37
-29
-17
-16
-11
-28
-38
-30
-18
-7
-11
-25
-35
-32
-16
2
-1
-5
-5
0
7
13
19
23
29
31
26
27
25
23
27
28
29
18
9
1
13
27
24
12
-5
-3
1
-2
-5
-11
-17
-28
-30
-24
-20
-12
-18
-19
-16
-15
-13
-13
-10
-2
3
1
-5
-5
0
4
13
18
22
13
12
14
25
32
21
19
26
23
14
3
-3
2
-8
-12
-15
-17
-24
-31
-38
-44
-40
-43
-47
-55
-57
-58
-47
-50
-49
-48
-49
-45
-48
-46
-46
-35
-24
-16
-26
-42
-36
-31
-35
-41
-35
-39
-48
-50
-59
-53
-56
-63
-73
-72
-63
-56
-56
-63
-63
-62
-63
-64
-61
-53
-43
-39
-37
-34
-19
-4
14
24
29
42
51
69
78
85
90
88
93
98
102
107
107
107
104
97
95
103
96
88
79
59
50
47
47
43
36
29
17
8
7
12
7
6
-7
-14
-16
-22
-19
-17
-10
-11
-10
-10
-10
-8
-11
-18
-18
-20
-25
-25
-29
-33
-42
-53
-58
-59
-71
-76
-77
-75
-77
-85
-89
-95
-90
-85
-76
-80
-82
-82
-74
-58
-46
-43
-44
-36
-27
-13
3
15
20
26
36
56
67
72
76
70
75
77
80
93
100
102
91
86
88
92
101
99
95
99
95
86
77
78
78
72
77
74
64
66
73
73
79
77
79
83
83
79
71
72
73
68
62
61
59
57
55
40
35
37
29
24
12
2
-7
-23
-33
-35
-29
-33
-37
-44
-51
-53
-56
-52
-57
-59
-66
-62
-61
-55
-47
-50
-50
-59
-58
-58
-53
-50
-52
-50
-54
-55
-52
-49
-46
-47
-46
-40
-39
-39
-38
-32
-32
-36
-42
-52
-49
-47
-46
-45
-39
-35
-35
-34
-32
-22
-9
-7
0
-1
-8
-11
-5
10
22
23
17
19
23
19
22
28
30
22
23
30
36
42
27
15
5
5
7
7
8
-2
-6
-3
-5
-2
-4
-5
3
2
9
12
16
22
21
36
51
79
110
141
120
7
-165
-228
-215
-169
24
204
257
138
-111
-267
-267
-236
-64
129
162
82
-82
-256
-326
-293
-176
22
177
272
299
221
122
-28
-290
-462
-440
-281
-60
132
249
193
-78
-340
-404
-312
-85
185
294
217
30
-195
-346
-369
-248
-36
148
245
249
156
24
-90
-137
-118
-19
100
150
144
96
14
-111
-137
-77
40
104
160
206
106
18
-19
-3
13
64
102
148
153
7
-89
-73
5
72
147
206
245
142
-8
-31
-45
-27
68
174
174
179
150
130
125
78
-3
31
144
51
-18
-99
-201
-240
-103
65
213
200
147
90
-132
-314
-241
-105
-53
27
119
122
26
-64
-93
-90
-42
70
169
168
109
20
-116
-170
-178
-102
-55
38
103
108
101
-29
-115
-174
-201
-228
-92
74
215
173
91
26
-134
-231
-111
64
114
171
172
81
-16
-49
-36
-4
41
84
102
68
10
-47
-26
24
20
103
149
151
149
154
83
16
-35
-6
8
61
246
309
185
41
-44
-134
-212
-134
112
178
37
-48
-111
-223
-209
-35
123
147
131
114
77
34
55
31
2
0
-75
-126
-126
-87
-21
42
38
1
-8
5
4
-22
-16
-3
-54
-144
-125
-103
-133
-84
-37
-35
-39
4
8
18
43
44
-31
-141
-188
-180
-153
-101
-21
-2
-12
-65
-103
-82
-54
-39
-26
-18
-52
-64
-98
-99
-83
-117
-107
-36
-38
-42
25
41
61
41
36
28
-1
-39
-33
-26
-49
-27
-1
17
13
25
47
68
67
38
6
-10
-39
-53
-17
-21
-16
70
141
127
127
138
80
-10
-21
40
53
34
32
44
-4
-26
3
33
-1
-10
-15
-16
40
99
166
184
109
-18
-120
-167
-86
-33
20
90
62
-53
-125
-108
-66
-27
-26
12
-29
-93
-116
-112
-123
-152
-151
-127
-72
-30
39
58
23
-48
-113
-160
-157
-104
-25
53
55
46
6
-42
-59
-55
-10
31
58
66
25
-35
-38
-45
-21
50
99
96
48
25
13
8
16
42
65
84
44
21
43
53
46
44
42
30
36
49
79
81
89
101
80
59
31
17
33
39
69
92
81
40
37
39
36
42
43
54
58
37
35
41
28
-5
-28
-16
-19
-32
-7
18
4
1
-22
-44
-58
-40
-9
5
3
30
3
-47
-51
-50
-30
-11
-9
-20
-43
-65
-53
-47
-7
43
62
58
9
-47
-72
-53
-12
30
57
58
27
-29
-43
-39
-50
-35
-2
25
55
70
52
13
-36
-78
-97
-59
10
80
104
79
30
-24
-65
-66
-12
45
104
114
90
54
7
-39
-45
-11
26
59
72
79
45
11
-6
-21
-30
0
38
51
71
80
58
7
-19
-31
-53
-43
-4
18
19
16
-6
-17
-2
2
1
1
11
0
-25
-54
-40
-26
-24
-23
-19
-13
-18
1
-5
-15
-28
-42
-45
-36
-32
-31
-35
-34
-33
-52
-65
-73
-92
-77
-41
-26
-5
16
-14
-44
-46
-54
-50
-39
-24
-12
-14
-13
5
3
0
-10
-26
-27
-20
-12
-8
-3
6
19
19
31
36
35
37
32
6
-13
-19
-21
-17
-5
18
18
20
43
70
66
57
68
58
42
30
25
20
21
41
57
47
46
60
36
22
33
37
39
40
41
40
28
7
0
-18
-36
-34
-29
-23
-13
-7
-3
-4
-12
-15
-29
-42
-52
-43
-25
-27
-50
-51
-47
-45
-45
-21
-3
-4
-29
-46
-50
-66
-75
-71
-52
-36
-43
-42
-38
-60
-75
-86
-86
-83
-69
-54
-45
-35
-39
-62
-68
-62
-45
-31
-23
-11
-12
-17
-25
-14
2
6
4
-5
-1
-1
4
14
29
43
48
52
57
50
50
54
51
56
60
54
60
60
56
56
42
41
56
66
59
54
55
34
31
33
37
50
65
68
63
59
45
23
26
42
57
68
79
72
44
26
16
9
7
17
34
42
48
39
7
-25
-39
-26
-2
19
21
9
-7
-28
-49
-70
-67
-55
-38
-22
0
-1
-25
-52
-70
-74
-66
-47
-33
-20
-6
-9
-36
-50
-57
-65
-63
-54
-44
-39
-30
-32
-32
-37
-52
-58
-54
-45
-45
-45
-44
-48
-52
-38
-28
-22
-15
-13
-6
-5
7
17
20
30
34
39
41
41
28
18
14
21
30
31
41
49
44
40
30
25
32
32
43
59
72
77
70
64
62
63
60
63
76
81
68
61
55
33
19
14
20
26
32
37
37
38
38
29
13
-2
6
5
-3
-3
9
21
16
13
-3
-13
-28
-30
-29
-26
-16
-15
-18
-27
-39
-46
-45
-46
-44
-36
-30
-16
-18
-35
-35
-38
-36
-28
-19
-3
7
-2
-14
-34
-37
-37
-35
-22
-14
-15
-8
-2
10
19
8
2
-4
-9
-6
2
15
23
18
24
19
17
16
10
3
0
14
22
33
30
24
18
16
14
15
16
13
22
28
24
9
-6
-15
-20
-20
-12
-2
5
-4
-11
-28
-41
-45
-47
-28
-14
-16
-24
-38
-49
-52
-58
-57
-42
-37
-26
-9
-15
-27
-36
-47
-50
-42
-47
-39
-24
-19
-18
-29
-40
-56
-64
-61
-46
-27
-27
-30
-31
-30
-39
-42
-43
-45
-37
-30
-17
-19
-23
-36
-43
-44
-48
-32
-18
-12
-1
0
-8
-3
-7
-11
-15
-14
-7
-13
-7
-1
5
12
25
32
29
32
25
19
23
27
32
38
45
44
47
36
25
35
42
56
60
55
54
44
35
40
38
40
46
53
49
46
61
59
57
63
68
64
50
46
49
55
58
61
66
69
73
72
60
54
39
29
28
38
41
36
29
15
3
-11
-11
-2
15
27
29
34
27
6
-10
-19
-20
-12
-1
-5
-11
-15
-22
-23
-27
-24
-26
-33
-40
-41
-44
-41
-43
-55
-58
-53
-35
-23
-16
-8
-12
-16
-13
-13
-20
-13
-13
-17
-18
-24
-30
-29
-29
-30
-14
-2
7
13
15
12
6
0
-5
6
18
27
34
31
25
22
23
25
21
20
22
19
20
31
33
32
29
24
16
11
10
17
24
34
40
32
18
14
10
7
10
19
33
32
27
24
8
-8
-15
-24
-16
-9
-6
-1
-8
-17
-23
-34
-46
-50
-56
-46
-38
-39
-36
-32
-30
-37
-45
-46
-35
-35
-28
-23
-30
-42
-49
-64
-66
-63
-56
-55
-48
-43
-43
-42
-51
-48
-56
-54
-41
-35
-22
-12
-20
-27
-33
-38
-42
-29
-13
-9
3
9
4
-11
-18
-17
-23
-17
-3
1
-13
-14
-22
-25
-14
-5
9
9
16
8
0
-7
-12
-6
-6
3
12
10
4
6
3
-3
0
6
1
12
17
14
9
5
1
-6
-6
-8
0
3
3
3
-2
-2
3
2
2
6
5
5
-3
-12
-22
-23
-19
-11
-3
0
2
-2
0
-8
-11
-10
-8
-11
-5
3
11
9
3
-2
-5
1
4
20
24
26
16
8
6
5
16
15
19
24
23
29
27
26
29
35
36
43
38
37
39
39
44
43
48
47
50
59
64
63
62
61
55
50
51
53
58
69
66
57
55
52
52
53
62
65
67
62
61
60
62
64
60
62
58
52
41
27
22
21
22
25
24
25
20
17
17
18
22
20
14
9
8
3
-1
2
4
-4
-10
-10
-14
-16
-14
-25
-27
-25
-24
-23
-20
-19
-17
-27
-39
-44
-49
-47
-45
-43
-46
-49
-42
-31
-34
-36
-37
-43
-39
-39
-35
-31
-27
-32
-34
-30
-29
-36
-42
-44
-45
-38
-31
-25
-21
-11
-6
-8
0
1
-2
-1
7
8
2
-6
-4
-2
-5
-5
-5
-4
0
0
-3
0
4
-3
-9
-16
-18
-12
-12
-5
0
-2
-10
-18
-13
-19
-13
-18
-12
-7
-6
2
-7
-17
-18
-19
-22
-17
-20
-16
-12
-19
-17
-26
-25
-23
-21
-13
-15
-23
-27
-24
-25
-21
-16
-9
-11
-8
-9
-13
-13
-13
-18
-18
-17
-13
-10
-5
-14
-21
-18
-22
-26
-35
-28
-22
-22
-13
-5
-6
-14
-19
-28
-30
-39
-37
-23
-16
-15
-22
-27
-32
-33
-41
-40
-27
-16
-10
-6
-1
-9
-19
-21
-21
-15
-8
-5
4
10
5
6
4
0
9
20
26
35
37
28
18
11
7
5
0
1
4
7
17
27
35
44
50
47
43
44
33
31
30
28
30
33
41
33
28
26
17
15
13
14
14
15
14
15
14
12
5
3
5
0
5
1
-2
1
1
3
7
6
10
13
11
13
17
26
18
15
20
18
20
9
3
3
7
21
19
24
19
16
19
15
11
17
29
27
24
19
15
2
3
16
24
24
18
12
13
8
7
14
9
15
22
12
17
14
15
24
20
24
27
22
24
28
29
23
21
18
21
25
34
40
38
37
29
25
17
19
16
18
23
29
35
24
20
18
16
20
22
27
30
27
29
24
16
9
0
-6
-4
-4
-8
-5
-8
-7
-9
-19
-22
-23
-21
-18
-30
-34
-36
-36
-28
-31
-40
-42
-33
-36
-37
-36
-39
-45
-47
-45
-43
-44
-49
-49
-47
-42
-34
-31
-32
-29
-28
-31
-34
-32
-24
-22
-20
-16
-19
-22
-19
-16
-13
-5
-1
-4
-14
-10
-10
-15
-10
-5
4
11
8
4
4
12
17
12
6
4
8
2
3
8
9
9
4
6
11
16
16
19
11
5
-5
-18
-15
-9
0
2
5
-1
-5
-13
-17
-15
-15
-14
-14
-22
-28
-27
-22
-24
-24
-24
-24
-20
-18
-24
-32
-31
-36
-42
-44
-37
-40
-43
-47
-59
-56
-53
-49
-41
-37
-40
-46
-49
-47
-46
-39
-37
-36
-32
-25
-28
-37
-36
-35
-35
-32
-33
-34
-28
-24
-20
-17
-16
-11
-4
2
-1
6
3
-1
1
-1
6
10
16
15
19
18
20
21
25
34
38
35
31
37
38
35
33
30
32
29
31
34
36
39
40
41
42
46
45
44
45
44
37
34
38
36
38
35
28
34
37
38
36
41
44
47
46
47
45
37
38
39
42
40
40
34
32
36
36
37
33
27
19
15
20
18
21
29
26
20
19
18
18
14
4
8
15
16
11
5
5
5
1
-1
-2
-1
0
10
10
4
4
7
7
5
1
-1
2
2
9
10
10
13
9
16
13
12
9
3
6
11
19
19
18
17
14
13
15
14
4
2
5
11
10
0
-8
-14
-10
-7
0
1
10
19
15
19
21
14
6
0
-1
0
3
1
-7
0
-3
3
10
8
13
15
15
10
4
-2
-4
-5
-8
-9
-13
-17
-20
-23
-17
-19
-26
-29
-31
-30
-19
-16
-15
-18
-23
-26
-32
-35
-41
-32
-37
-37
-36
-44
-40
-38
-36
-32
-32
-34
-35
-34
-38
-44
-43
-45
-49
-45
-47
-41
-37
-34
-30
-33
-37
-36
-33
-30
-27
-27
-32
-36
-38
-35
-32
-30
-23
-28
-24
-19
-24
-22
-26
-27
-28
-28
-26
-28
-33
-28
-27
-28
-26
-32
-27
-26
-22
-18
-19
-12
-16
-22
-23
-23
-27
-30
-28
-22
-20
-17
-16
-18
-18
-11
-7
-11
-7
-5
0
-6
-12
-16
-14
-13
-9
-10
-11
-15
-16
-12
-11
-3
-4
-3
-3
-6
-6
-2
-3
-3
-3
-10
-13
-12
-15
-8
-6
-3
3
7
9
17
20
25
25
25
32
37
37
28
27
31
30
25
24
30
34
35
40
38
41
48
54
59
52
49
53
53
59
57
48
44
49
58
61
65
61
56
64
65
65
69
72
71
74
67
62
53
50
52
52
51
53
60
61
58
55
54
52
53
49
45
38
35
25
20
23
27
28
23
20
12
9
5
9
14
12
14
11
10
3
-3
-3
-1
-3
-3
-6
-5
0
-5
-9
-7
-9
-17
-18
-19
-17
-17
-17
-21
-24
-15
-19
-19
-24
-29
-26
-22
-18
-13
-17
-19
-19
-26
-26
-34
-39
-33
-28
-20
-26
-23
-20
-20
-15
-10
-5
-8
-2
-4
-6
-7
-8
-10
-9
-7
-2
1
-3
-13
-10
-6
0
-2
-8
-2
-10
-16
-18
-15
-7
-6
-17
-20
-25
-31
-29
-30
-26
-22
-18
-15
-9
-3
-3
-6
-7
-12
-11
-13
-9
-11
-17
-19
-24
-28
-28
-31
-31
-34
-29
-22
-25
-26
-40
-38
-31
-31
-31
-29
-31
-36
-34
-30
-24
-28
-33
-30
-33
-35
-38
-37
-33
-32
-21
-16
-11
-12
-20
-19
-17
-19
-20
-27
-30
-31
-31
-23
-16
-10
-9
-5
-8
-3
2
4
4
1
-2
-10
-11
-7
-8
-12
-5
-1
1
8
15
15
17
14
7
4
9
9
6
12
9
12
16
11
11
19
14
20
24
21
17
15
14
18
29
28
27
29
25
30
35
34
36
34
33
28
33
35
29
33
30
38
36
31
26
30
24
24
30
25
29
23
19
21
24
18
18
11
8
7
2
2
0
-5
-14
-10
-7
-5
-7
-3
-2
-1
0
-2
6
8
4
0
2
1
-6
-6
-6
-5
-5
-6
-4
-3
1
4
3
-6
-9
-4
-5
-8
-8
0
2
4
9
8
13
9
-1
2
7
10
12
12
17
16
12
10
-3
-1
4
12
22
25
23
20
10
4
7
5
15
17
17
18
16
15
14
15
18
21
23
28
29
23
15
17
16
20
22
20
16
19
16
13
19
18
20
25
25
20
16
10
12
13
9
14
12
13
14
7
11
8
3
1
-1
-4
-15
-13
-18
-17
-25
-30
-29
-33
-31
-36
-36
-31
-30
-31
-32
-35
-33
-35
-39
-41
-47
-43
-40
-36
-29
-30
-33
-37
-36
-30
-29
-25
-20
-25
-24
-21
-25
-30
-34
-35
-32
-25
-20
-11
-11
-12
-9
-7
-7
-11
-12
-6
-5
-3
2
5
-4
-7
-9
-14
-13
-10
-4
-6
-8
-6
-9
-5
-9
-6
-1
-6
-7
-10
-17
-19
-21
-22
-28
-20
-18
-14
-13
-14
-17
-21
-19
-18
-11
-17
-16
-22
-23
-19
-20
-20
-21
-11
-4
5
8
5
-3
-8
-6
-4
-14
-19
-16
-13
-9
-9
-7
-8
-5
-7
-3
1
-1
-1
-5
-1
8
8
13
7
5
-4
2
-2
4
10
11
13
9
9
2
8
10
14
17
22
27
30
21
18
14
13
12
8
3
7
12
10
14
15
18
20
19
22
25
26
19
14
18
17
16
16
14
18
20
26
22
24
28
27
25
21
25
30
30
29
27
26
23
17
18
18
22
24
24
23
30
30
25
28
27
23
21
24
26
23
19
14
10
6
9
11
14
15
13
11
11
10
6
11
4
3
2
6
7
-1
0
1
-2
2
4
6
7
1
3
3
9
10
8
-1
-11
-12
-11
-7
0
7
13
11
8
4
3
-2
1
-2
-2
3
-4
-4
0
-2
-3
-3
-4
1
7
-1
-13
-15
-11
-8
-3
1
-8
-11
-9
-13
-8
-10
-14
-8
-8
-8
-13
-10
-9
-8
-11
-5
3
-1
1
-5
-9
-11
-10
-16
-18
-21
-14
-11
-15
-16
-17
-19
-24
-24
-20
-28
-32
-34
-35
-36
-35
-22
-22
-14
-18
-22
-19
-23
-26
-34
-30
-32
-28
-26
-32
-32
-32
-29
-26
-31
-30
-25
-19
-11
-7
-13
-15
-17
-21
-19
-16
-6
-1
0
1
0
4
2
-1
0
-8
-6
-4
-2
2
1
6
-1
5
4
3
4
6
16
13
13
18
5
0
-1
2
16
16
19
15
13
9
8
14
17
18
21
27
27
23
12
9
4
8
15
19
17
13
15
8
11
13
13
4
-4
-5
-3
-2
5
6
8
17
11
4
-2
-6
-9
-4
3
2
3
4
6
14
9
10
11
10
12
6
5
2
4
-2
0
6
14
19
23
21
17
16
17
30
32
31
28
28
21
21
23
20
25
21
23
22
18
23
18
16
21
25
30
24
17
17
20
21
16
14
15
8
7
9
8
5
-1
-2
-9
-9
-9
-3
-7
-2
-6
-4
0
-2
-3
-5
-1
0
-2
-2
-2
-6
-6
-8
-5
-2
-4
-4
-1
1
-2
0
-2
1
-2
-14
-14
-11
-12
-16
-13
-12
-16
-19
-26
-29
-30
-30
-31
-35
-30
-32
-29
-30
-27
-21
-24
-19
-21
-23
-22
-19
-24
-25
-29
-30
-28
-32
-29
-33
-29
-29
-24
-25
-26
-16
-13
-14
-14
-22
-22
-22
-16
-9
-11
1
-3
1
2
1
1
-2
-5
-5
-6
-2
6
9
14
16
12
7
10
11
5
7
1
5
10
8
8
7
4
4
8
6
7
9
7
2
7
4
3
5
5
6
0
12
15
12
12
6
0
-1
-4
-6
-1
0
-3
8
8
5
10
12
11
14
19
21
14
7
2
0
-1
1
9
7
16
18
24
26
22
19
11
21
22
18
13
10
6
1
-5
-3
4
2
4
5
8
7
5
3
3
12
9
8
2
-1
-1
-5
-5
-4
-1
-2
0
7
8
7
10
9
5
8
2
0
6
15
20
18
20
23
21
11
6
10
7
9
14
18
15
13
15
17
18
14
11
12
16
19
21
8
5
7
4
10
13
12
8
10
13
7
2
-2
-5
0
-2
7
7
5
11
0
-3
-6
-1
-5
-14
-15
-17
-26
-36
-29
-32
-33
-28
-32
-28
-26
-25
-23
-19
-26
-29
-32
-36
-42
-46
-44
-40
-33
-31
-27
-28
-35
-37
-33
-30
-34
-33
-25
-22
-23
-26
-36
-31
-15
-8
-3
-3
-1
0
-4
2
3
7
7
2
0
3
4
10
13
13
16
8
13
10
9
10
5
4
8
9
13
21
17
23
15
8
15
20
23
23
18
7
7
3
-9
-8
-5
-5
3
5
0
-10
-13
-13
-16
-16
-28
-28
-24
-24
-13
-13
-8
-5
-4
-2
-4
0
1
-3
-8
-16
-19
-14
-11
-9
-8
-7
-4
-2
-5
-2
-3
1
4
3
4
-1
-6
-2
-6
-4
-1
-1
9
10
14
15
9
12
14
15
18
15
14
8
3
11
12
14
19
24
21
15
14
1
-5
-7
-5
6
7
8
8
5
14
15
19
22
27
25
19
15
10
10
8
8
4
7
16
20
22
21
19
16
14
21
26
30
29
31
29
27
28
19
21
27
18
19
19
14
8
5
8
11
13
18
18
20
24
15
11
12
3
4
6
10
12
0
1
-2
-1
1
1
2
-5
-5
-12
-21
-23
-23
-17
-14
-14
-16
-15
-19
-17
-14
-11
-15
-18
-22
-24
-30
-31
-35
-34
-25
-25
-13
-12
-15
-18
-15
-14
-17
-15
-15
-20
-27
-22
-18
-18
-16
-19
-16
-8
-4
3
1
-2
-2
-2
3
-5
-11
-12
-12
-13
-8
2
2
2
-2
-1
-1
-5
-6
-10
-12
-10
-5
-3
-3
-3
-5
-8
-5
4
3
2
-3
-10
-11
-3
0
1
8
6
3
12
5
1
-3
-4
-5
-5
-5
-10
-13
-13
-10
-5
9
1
3
5
2
3
-3
2
4
4
9
10
10
16
17
14
15
19
19
13
9
6
1
4
10
15
7
5
9
12
14
16
11
11
10
8
10
9
4
3
7
4
10
7
10
15
13
14
17
13
6
5
6
5
4
7
3
1
1
0
-1
4
5
9
3
2
4
5
6
8
5
1
2
3
2
2
6
8
5
-1
6
7
6
9
15
13
16
9
5
7
8
9
11
8
4
7
4
9
10
9
7
9
9
12
17
11
15
12
15
16
13
17
13
13
15
5
2
0
3
6
3
5
5
3
4
5
1
4
9
6
0
4
3
-6
-7
-7
-2
-1
2
-4
-12
-15
-19
-15
-14
-22
-25
-23
-17
-6
-7
-16
-14
-11
-13
-14
-16
-14
-12
-8
-15
-20
-20
-21
-14
-11
-13
-15
-21
-22
-19
-14
-13
-11
-16
-20
-18
-15
-9
-7
-9
-4
-6
-7
-13
-20
-15
-14
-16
-23
-20
-27
-23
-24
-22
-20
-21
-23
-28
-27
-32
-36
-35
-28
-29
-32
-33
-36
-43
-39
-36
-37
-29
-27
-22
-22
-28
-35
-38
-31
-31
-26
-19
-17
-14
-19
-23
-26
-25
-25
-30
-30
-29
-23
-20
-16
-10
-10
-4
-5
-5
-2
-4
1
3
-4
-4
1
6
15
18
19
21
28
27
27
30
28
26
25
22
21
23
25
24
31
32
29
27
33
38
34
35
33
30
33
33
30
26
24
31
31
34
39
35
39
41
38
26
31
24
23
23
27
35
32
34
38
34
31
32
28
33
34
33
38
40
37
35
36
41
44
41
40
39
34
30
18
15
18
23
24
25
26
24
32
32
33
34
28
28
20
9
6
-7
-3
3
9
12
-3
-4
1
-4
-1
5
10
8
1
-6
-11
-7
-11
-10
-12
-14
-9
-10
-13
-14
-14
-18
-17
-20
-16
-10
-8
-4
-3
0
1
-4
-3
0
5
5
1
-3
-7
-12
-14
-5
-1
6
6
3
3
-1
-4
-8
-9
-9
-4
-10
-10
-18
-23
-18
-19
-12
-12
-12
-13
-11
-10
-10
-9
-11
-18
-19
-26
-29
-22
-27
-20
-26
-33
-36
-37
-29
-31
-28
-32
-34
-38
-37
-35
-36
-36
-45
-43
-38
-40
-42
-36
-33
-31
-33
-32
-34
-33
-33
-35
-33
-35
-32
-36
-22
-23
-23
-18
-21
-24
-27
-32
-36
-37
-36
-23
-21
-16
-19
-16
-15
-21
-21
-24
-21
-29
-31
-22
-25
-23
-21
-19
-13
-12
-4
-3
5
11
3
0
-3
-3
-4
-7
-5
2
6
7
13
15
14
10
7
10
10
10
9
10
10
9
12
3
6
8
12
13
20
24
18
17
13
13
11
8
3
3
2
12
15
19
21
18
17
15
7
6
9
5
13
19
18
15
18
21
22
31
36
32
27
27
20
19
18
16
20
21
20
23
31
31
37
37
44
47
43
43
41
40
42
43
41
43
46
54
50
55
51
48
50
48
52
43
41
37
33
27
27
30
26
31
33
31
25
17
20
24
30
21
15
11
7
5
0
4
0
0
2
1
-1
3
4
6
3
2
1
-1
-4
-12
-15
-18
-19
-16
-15
-22
-27
-31
-30
-24
-19
-20
-17
-26
-24
-24
-25
-27
-27
-30
-35
-33
-28
-21
-21
-13
-15
-13
-10
-12
-12
-17
-23
-22
-23
-20
-18
-22
-25
-31
-24
-22
-18
-13
-12
-13
-11
-9
-9
-9
-7
-7
-13
-6
-7
2
4
4
7
7
8
2
-5
0
-1
-3
4
1
4
6
9
8
11
6
9
5
6
10
2
2
1
-6
-10
-5
-1
3
-1
-5
-9
-12
-17
-22
-20
-26
-19
-30
-36
-38
-35
-32
-32
-27
-29
-27
-35
-34
-32
-34
-41
-43
-41
-38
-34
-33
-36
-37
-32
-33
-35
-46
-45
-44
-46
-40
-43
-47
-49
-47
-45
-45
-49
-45
-30
-24
-20
-15
-16
-21
-26
-23
-22
-22
-16
-14
-14
-10
-4
-9
-9
-11
-9
-8
0
2
1
9
9
14
11
11
22
27
27
21
11
11
14
17
24
18
21
27
25
25
22
31
37
32
36
25
26
31
23
22
19
21
16
24
33
29
24
24
24
30
30
29
30
31
36
35
33
29
27
31
38
41
40
32
37
37
33
38
41
42
38
43
48
46
43
41
37
44
44
45
44
42
36
38
38
36
39
31
30
37
39
25
28
33
31
32
31
24
20
13
10
13
8
12
7
9
9
6
3
-5
-4
0
4
4
-5
-11
-10
0
3
0
0
-5
-3
5
1
-4
-1
-6
-9
-3
-2
-3
-6
-7
-7
-11
-9
-4
-10
-10
0
0
-1
4
1
-3
-1
-9
-3
1
1
5
6
9
12
15
9
9
9
8
7
6
7
0
-4
-7
-12
-5
-7
-1
-1
-2
0
-4
-7
-3
-4
-3
-1
-1
-1
-6
-8
-20
-20
-22
-16
-13
-12
-17
-21
-23
-23
-24
-16
-20
-29
-29
-26
-21
-22
-26
-31
-28
-25
-22
-28
-28
-26
-26
-22
-21
-18
-21
-28
-25
-32
-32
-30
-33
-25
-21
-16
-21
-22
-32
-36
-30
-29
-20
-22
-24
-27
-31
-28
-33
-32
-35
-31
-35
-39
-37
-32
-31
-35
-37
-40
-32
-34
-33
-35
-37
-36
-41
-37
-31
-26
-27
-32
-36
-37
-38
-41
-28
-19
-31
-27
-17
-26
-26
-22
-14
-11
-3
-3
-13
-6
-6
-6
-2
0
-4
-2
5
4
-2
-3
1
2
4
5
3
-3
-4
2
5
5
9
12
7
5
3
3
-4
-4
-2
6
15
21
17
12
11
9
11
14
26
27
20
15
12
18
17
22
27
26
36
34
29
31
24
17
16
25
21
22
30
35
39
40
43
51
48
45
49
46
45
51
56
53
49
51
47
52
57
54
59
63
66
69
64
60
62
60
58
53
53
52
49
47
38
35
34
29
27
32
32
26
24
24
16
10
4
8
14
11
13
12
8
4
0
-6
-8
-7
-7
-3
-5
-6
-4
2
7
6
8
5
-2
-5
-10
-2
2
4
11
13
13
9
13
12
20
21
22
23
19
19
11
14
14
20
29
31
37
39
43
39
29
28
29
32
29
24
16
11
1
5
6
5
12
9
8
9
4
-5
-7
-17
-26
-25
-26
-28
-28
-33
-39
-34
-36
-40
-38
-37
-46
-48
-57
-57
-58
-62
-56
-54
-57
-63
-62
-57
-55
-58
-62
-67
-69
-71
-78
-77
-72
-71
-57
-57
-55
-53
-62
-54
-52
-52
-59
-61
-61
-58
-61
-59
-54
-53
-47
-50
-46
-39
-38
-40
-38
-37
-37
-33
-40
-35
-29
-31
-26
-25
-28
-28
-25
-26
-30
-34
-31
-27
-26
-27
-29
-29
-30
-22
-22
-19
-15
-15
-16
-18
-13
-19
-20
-13
-13
-16
-18
1
0
-6
3
5
-1
4
6
-5
0
6
-11
-3
21
1
1
16
19
11
9
12
15
8
4
14
10
5
10
10
2
11
14
16
24
31
30
28
27
32
28
22
27
24
22
21
33
38
33
36
37
35
35
42
43
41
35
37
36
39
34
29
36
35
32
28
28
31
30
33
36
31
28
30
29
27
28
26
27
21
21
20
20
27
25
26
29
28
37
34
29
25
23
26
23
30
28
32
33
35
33
32
30
24
30
32
33
34
33
32
36
40
38
42
43
45
49
51
50
47
47
48
49
56
62
60
59
58
60
62
60
60
64
64
57
59
63
61
57
57
57
54
54
53
54
54
45
44
44
35
31
31
29
35
34
26
17
10
9
8
11
7
-4
-14
-18
-21
-25
-26
-29
-15
-11
-9
-14
-38
-56
-62
-50
-42
-47
-53
-59
-57
-59
-64
-74
-81
-71
-74
-81
-84
-75
-74
-82
-74
-75
-83
-84
-77
-70
-63
-58
-61
-66
-72
-72
-70
-62
-60
-62
-56
-55
-53
-44
-44
-39
-36
-41
-46
-46
-48
-49
-51
-51
-43
-46
-40
-38
-36
-34
-30
-30
-38
-38
-39
-45
-47
-51
-52
-47
-44
-40
-34
-36
-40
-38
-48
-48
-59
-58
-56
-60
-58
-59
-57
-52
-53
-48
-46
-45
-44
-48
-40
-39
-49
-50
-48
-50
-51
-52
-42
-37
-29
-23
-26
-23
-22
-21
-17
-16
-13
-14
-11
-8
-13
-10
-7
-2
-2
-1
-1
3
8
11
14
14
17
22
28
23
22
24
27
27
31
42
46
53
52
51
50
45
45
51
53
59
62
63
64
61
63
55
58
64
62
59
51
55
54
52
54
59
69
61
56
50
45
47
56
56
58
64
58
54
54
61
63
64
62
65
62
58
55
56
54
58
60
54
54
51
50
53
49
47
50
51
51
52
53
53
50
53
56
51
49
45
42
36
35
32
27
29
28
33
39
38
35
37
43
42
39
35
27
23
25
29
34
30
33
29
26
35
32
29
26
28
27
22
18
11
4
2
2
-4
-11
-6
-5
-2
2
2
-3
-14
-20
-22
-16
-14
-16
-17
-17
-17
-11
-9
-14
-15
-13
-8
-5
-13
-23
-27
-28
-29
-29
-23
-27
-21
-10
-14
-9
-15
-17
-17
-18
-16
-21
-22
-29
-30
-28
-31
-31
-31
-38
-39
-35
-33
-31
-33
-36
-36
-35
-40
-38
-40
-45
-46
-52
-51
-58
-63
-60
-64
-62
-58
-53
-53
-58
-58
-59
-60
-64
-68
-64
-62
-64
-68
-74
-68
-70
-74
-71
-66
-69
-70
-70
-75
-73
-72
-70
-67
-62
-58
-56
-61
-67
-74
-68
-70
-71
-71
-66
-61
-60
-53
-60
-54
-50
-48
-48
-52
-52
-53
-47
-43
-40
-32
-32
-39
-43
-44
-41
-37
-31
-23
-17
-23
-22
-19
-19
-14
-12
-7
0
3
-3
-10
-8
-6
-8
0
5
5
3
3
1
5
6
5
8
11
14
22
26
19
23
26
28
32
31
36
37
38
35
31
37
44
42
45
45
46
49
47
42
38
38
41
44
42
45
45
38
36
40
46
53
58
59
52
50
52
53
53
52
56
54
53
52
49
46
46
49
54
56
55
57
61
57
58
63
62
64
64
66
73
73
78
73
69
65
64
67
70
76
76
78
74
71
68
69
66
60
58
62
63
62
59
55
53
48
49
47
42
38
40
40
41
34
27
24
25
28
27
27
25
22
24
19
25
23
18
19
18
14
12
15
10
15
12
8
9
2
-6
-2
2
-1
3
7
1
-1
-4
-5
-8
-8
-6
-7
3
0
-7
-8
-11
-15
-12
-5
-5
-2
-7
-16
-16
-22
-22
-21
-27
-21
-16
-15
-8
-6
-17
-18
-13
-14
-14
-22
-25
-24
-27
-29
-31
-29
-29
-37
-40
-36
-37
-33
-36
-38
-38
-44
-51
-49
-53
-56
-55
-57
-59
-60
-66
-62
-53
-49
-47
-53
-60
-68
-64
-66
-63
-59
-61
-66
-73
-70
-67
-70
-74
-86
-82
-76
-74
-75
-72
-68
-70
-62
-60
-53
-49
-56
-52
-50
-48
-56
-57
-56
-58
-55
-59
-57
-50
-54
-57
-48
-44
-41
-40
-45
-38
-35
-35
-30
-27
-29
-25
-17
-17
-18
-21
-19
-12
-8
-9
-8
-7
-7
-9
0
1
-2
-1
2
11
9
15
8
6
4
3
6
2
13
11
14
13
13
12
15
16
17
20
21
17
10
13
11
10
7
7
9
11
8
10
13
15
14
11
11
9
13
10
14
14
10
12
18
23
21
23
21
23
23
21
28
29
33
31
28
32
39
42
50
47
50
54
47
47
41
40
39
42
45
48
50
51
53
52
54
51
46
43
47
46
43
39
33
33
29
32
36
36
44
45
48
53
48
43
40
44
46
43
40
38
47
46
51
48
49
52
48
53
54
46
42
44
40
42
41
44
43
46
54
55
53
45
45
45
40
40
41
38
41
42
43
46
46
50
51
49
50
44
41
41
43
45
46
37
28
26
23
24
26
24
25
29
22
16
14
15
13
11
12
7
8
1
-3
-6
-9
-7
-16
-14
-16
-19
-19
-26
-28
-41
-45
-43
-49
-52
-47
-52
-54
-55
-60
-62
-65
-70
-73
-71
-70
-68
-71
-79
-78
-70
-67
-67
-68
-67
-67
-73
-75
-71
-69
-67
-68
-69
-67
-73
-74
-64
-58
-57
-62
-62
-55
-46
-46
-45
-36
-38
-37
-27
-24
-25
-25
-26
-25
-25
-27
-23
-27
-23
-16
-18
-14
-9
-13
-13
-11
-9
-10
-13
-15
-7
-8
-10
-12
-21
-25
-31
-31
-34
-36
-33
-35
-38
-38
-40
-45
-42
-45
-43
-34
-28
-29
-34
-36
-39
-39
-44
-38
-36
-36
-31
-34
-41
-40
-36
-32
-31
-28
-21
-17
-6
-3
-9
-11
-10
-15
-16
-13
-16
-18
-20
-14
-9
-2
-2
2
4
5
0
10
15
6
6
6
12
9
11
14
14
26
27
24
29
25
29
23
23
27
29
28
28
34
30
32
30
32
35
31
33
40
37
35
36
37
37
34
32
26
24
28
35
31
34
36
37
43
40
38
32
32
34
38
38
30
32
31
31
25
17
20
28
34
37
43
46
43
43
43
39
42
38
37
39
41
41
37
43
47
48
52
57
58
57
58
49
40
46
47
49
52
47
47
46
46
55
58
52
49
48
49
45
37
36
31
34
46
44
46
46
49
49
46
44
37
33
32
28
27
19
17
14
13
12
9
14
12
9
5
3
0
-6
-12
-12
-10
-14
-22
-22
-22
-20
-19
-22
-23
-24
-21
-21
-22
-26
-23
-25
-24
-20
-19
-22
-27
-25
-30
-27
-20
-29
-31
-27
-21
-16
-17
-25
-27
-20
-21
-17
-21
-20
-24
-20
-20
-23
-20
-24
-22
-18
-18
-15
-18
-23
-21
-18
-16
-11
-19
-21
-14
-23
-23
-27
-30
-33
-36
-38
-36
-41
-43
-45
-43
-42
-42
-41
-48
-45
-49
-52
-51
-53
-53
-55
-55
-57
-56
-61
-63
-65
-64
-60
-63
-59
-56
-57
-54
-48
-48
-50
-47
-49
-42
-41
-34
-29
-24
-21
-23
-20
-20
-22
-26
-19
-18
-19
-17
-13
-15
-15
-12
-13
-8
-3
-7
-7
-5
-1
5
1
-10
-17
-20
-20
-18
-17
-15
-13
-14
-14
-20
-19
-15
-18
-15
-13
-16
-15
-23
-30
-29
-31
-32
-26
-19
-20
-18
-14
-19
-21
-19
-20
-19
-18
-21
-23
-21
-21
-16
-10
-11
-9
-13
-10
-8
-11
-6
-10
-7
0
1
5
8
13
18
22
27
36
40
34
34
33
39
43
41
39
31
32
44
52
61
64
63
63
63
67
67
67
65
60
62
64
66
65
66
73
72
77
80
71
73
70
70
71
71
62
64
65
69
77
76
82
81
75
67
65
61
55
53
47
37
38
37
41
36
42
45
40
42
44
41
37
36
31
29
25
19
13
14
19
21
26
28
24
21
16
13
15
11
5
10
8
10
12
12
17
9
8
12
14
13
6
4
4
8
8
6
9
9
8
11
14
17
19
14
8
9
5
0
0
-9
-11
-12
-10
-6
-3
-2
-6
-7
-8
-10
-9
-11
-11
-8
-12
-12
-19
-24
-18
-19
-23
-19
-19
-27
-28
-26
-31
-30
-28
-30
-22
-24
-22
-30
-37
-37
-39
-34
-38
-38
-42
-43
-43
-47
-45
-45
-46
-45
-46
-42
-47
-50
-51
-48
-47
-47
-52
-54
-49
-46
-45
-45
-44
-43
-32
-31
-41
-42
-40
-34
-32
-29
-26
-30
-30
-26
-28
-35
-35
-37
-32
-25
-21
-18
-23
-19
-19
-17
-15
-15
-17
-23
-25
-33
-35
-34
-30
-26
-23
-19
-25
-27
-26
-20
-22
-27
-37
-33
-40
-45
-43
-43
-42
-44
-43
-45
-43
-49
-42
-38
-36
-40
-41
-43
-36
-37
-46
-44
-40
-38
-27
-21
-28
-37
-40
-41
-44
-41
-38
-35
-25
-15
-18
-18
-20
-21
-19
-12
-5
-3
2
2
0
2
3
2
5
6
11
17
13
15
18
21
29
42
49
45
43
42
41
43
41
33
34
32
34
34
33
31
34
36
42
52
46
47
44
47
49
51
50
47
49
42
40
42
47
52
46
46
46
47
45
46
43
46
52
50
51
56
59
54
55
56
52
52
48
50
53
55
63
65
67
64
64
72
74
74
77
73
74
74
69
70
65
61
58
53
56
59
63
65
65
58
54
51
53
50
41
43
41
37
28
31
28
21
20
21
28
24
20
16
1
-5
-10
-18
-8
-11
-12
-9
-10
-7
-12
-12
-11
-8
-11
-9
-13
-27
-25
-23
-30
-32
-30
-30
-24
-15
-23
-27
-29
-25
-24
-31
-30
-31
-32
-33
-35
-36
-30
-21
-23
-19
-17
-24
-26
-34
-29
-22
-20
-20
-17
-23
-25
-23
-29
-21
-22
-21
-20
-33
-36
-40
-44
-39
-32
-31
-30
-29
-26
-23
-32
-35
-31
-30
-30
-35
-34
-35
-39
-39
-37
-36
-41
-35
-31
-36
-33
-37
-38
-38
-40
-40
-46
-41
-40
-40
-44
-41
-40
-40
-42
-42
-40
-35
-38
-39
-37
-36
-29
-32
-34
-39
-46
-51
-50
-47
-48
-50
-51
-44
-47
-49
-48
-53
-50
-51
-49
-46
-52
-44
-43
-46
-45
-42
-42
-45
-41
-37
-35
-36
-37
-35
-31
-25
-26
-31
-25
-23
-18
-13
-11
-10
-11
-17
-20
-27
-28
-19
-23
-19
-12
-12
-7
-3
-1
-5
-1
6
3
6
1
-6
-8
-2
-8
-5
4
2
7
7
12
7
7
12
17
20
25
22
25
28
22
22
32
34
36
39
37
37
34
36
36
38
38
39
39
43
47
51
59
67
67
67
71
74
75
70
69
66
62
58
60
67
65
63
72
75
78
77
67
65
70
76
78
74
68
64
65
65
61
56
57
61
60
65
69
66
65
61
62
60
59
57
53
55
57
54
49
48
45
38
39
33
29
32
35
42
37
32
27
24
23
20
19
16
21
27
18
9
9
7
4
4
3
3
8
10
13
12
16
17
19
22
20
19
5
0
-6
-11
-10
-6
-3
-1
4
2
5
7
13
4
-3
-4
-2
-6
-22
-30
-40
-37
-27
-24
-22
-22
-19
-18
-16
-15
-22
-28
-36
-43
-40
-38
-37
-40
-45
-49
-47
-37
-36
-38
-42
-43
-42
-44
-46
-43
-48
-43
-43
-43
-43
-44
-39
-39
-39
-36
-34
-35
-30
-35
-39
-36
-35
-33
-34
-39
-44
-42
-46
-46
-34
-32
-36
-34
-34
-34
-29
-32
-38
-37
-33
-37
-38
-38
-35
-36
-41
-38
-46
-48
-51
-51
-47
-50
-44
-44
-45
-36
-36
-39
-32
-34
-38
-40
-44
-43
-36
-36
-36
-32
-31
-29
-27
-23
-21
-24
-20
-15
-15
-17
-17
-18
-10
-12
-14
-13
-19
-20
-16
-19
-18
-14
-19
-14
-10
-13
-10
-6
-7
-4
-2
-4
-4
-7
-6
-7
-15
-11
-14
-12
-10
-5
-6
-2
0
3
2
3
8
2
8
6
8
7
2
4
2
3
7
3
2
8
8
18
13
15
14
18
20
17
18
17
27
25
29
27
26
32
26
25
25
21
25
27
36
33
29
33
40
39
36
39
36
35
35
37
44
42
43
41
43
46
50
46
47
53
50
55
42
37
33
34
39
37
37
30
33
35
32
36
34
32
31
28
30
27
27
31
34
30
35
34
31
31
27
26
31
28
25
28
28
29
33
37
32
32
31
36
28
21
28
31
26
24
27
22
27
30
25
34
40
36
34
34
36
37
40
41
37
41
41
36
39
37
34
35
33
31
32
33
30
30
39
36
36
31
20
21
20
21
23
18
12
7
10
10
6
-1
-7
-4
2
-2
-4
-8
-10
-8
-8
-9
-16
-20
-25
-38
-46
-44
-38
-40
-39
-39
-37
-40
-40
-38
-39
-40
-43
-44
-46
-45
-48
-59
-64
-66
-61
-55
-58
-60
-59
-58
-61
-58
-53
-49
-44
-46
-50
-48
-46
-48
-46
-44
-45
-43
-46
-45
-43
-36
-35
-35
-36
-34
-36
-35
-33
-34
-25
-21
-14
-15
-17
-18
-21
-23
-30
-30
-36
-36
-29
-33
-29
-33
-35
-31
-29
-21
-17
-22
-26
-28
-26
-33
-42
-45
-38
-38
-39
-38
-37
-36
-39
-32
-31
-33
-37
-38
-43
-43
-35
-29
-32
-27
-21
-16
-15
-21
-22
-29
-26
-25
-22
-27
-26
-25
-28
-24
-21
-10
-7
4
3
3
-4
-11
-11
-11
-2
1
11
8
7
11
10
12
8
11
12
14
13
10
16
23
24
29
28
23
26
22
25
25
27
25
24
21
20
13
9
15
15
25
30
32
27
24
19
15
13
9
11
14
22
22
14
14
12
11
14
15
18
20
17
13
7
6
8
10
17
26
25
23
16
13
16
19
23
15
16
17
16
17
25
29
27
36
39
39
37
42
45
43
50
47
47
46
49
47
51
54
56
62
64
62
64
56
51
54
55
58
59
62
59
59
53
54
55
55
63
70
69
73
68
55
49
45
45
47
47
53
52
48
47
43
45
39
41
40
41
40
42
37
29
30
26
24
23
22
19
16
14
13
8
4
2
5
1
1
10
8
-1
-2
4
3
-2
-9
-17
-23
-24
-23
-25
-32
-33
-39
-36
-32
-29
-24
-22
-18
-24
-25
-24
-28
-26
-27
-29
-25
-27
-35
-44
-47
-46
-39
-33
-37
-35
-38
-42
-44
-44
-45
-44
-37
-38
-33
-38
-46
-47
-50
-53
-51
-49
-53
-51
-46
-47
-54
-50
-48
-50
-46
-46
-52
-49
-55
-56
-59
-57
-54
-58
-53
-53
-46
-44
-44
-45
-43
-43
-42
-43
-40
-36
-36
-35
-35
-36
-41
-39
-46
-46
-47
-51
-41
-36
-34
-31
-37
-37
-36
-34
-32
-29
-28
-24
-24
-30
-29
-32
-34
-31
-36
-34
-29
-23
-15
-14
-17
-16
-17
-18
-14
-19
-21
-19
-13
-17
-15
-13
-13
-9
-13
-12
-7
-8
-8
-14
-16
-19
-18
-15
-11
-11
-8
2
7
9
13
12
7
8
3
0
-6
-7
-10
-10
-4
5
7
15
17
15
19
16
24
20
23
27
25
23
22
25
27
29
31
37
34
44
49
52
48
49
48
47
44
41
45
44
46
44
49
51
58
61
66
70
74
75
70
73
70
64
63
65
69
73
72
76
83
76
77
81
72
63
60
58
58
58
60
59
58
55
61
61
54
54
50
51
44
43
41
37
33
32
33
29
26
32
41
38
38
37
34
30
25
19
14
17
16
10
15
12
10
17
18
21
11
4
4
2
3
5
6
0
-2
-5
-3
-11
-14
-14
-12
-8
-8
-8
-17
-20
-11
-14
-17
-20
-20
-17
-14
-15
-17
-23
-30
-34
-38
-36
-37
-35
-35
-36
-28
-28
-20
-17
-19
-17
-17
-18
-19
-18
-26
-36
-39
-41
-41
-37
-37
-34
-28
-15
-9
-8
-10
-15
-16
-19
-24
-27
-33
-36
-35
-31
-33
-37
-36
-29
-26
-27
-27
-31
-31
-30
-33
-34
-35
-40
-37
-36
-32
-33
-40
-42
-37
-38
-34
-34
-39
-35
-39
-32
-25
-19
-21
-23
-21
-22
-23
-24
-25
-31
-33
-34
-30
-30
-30
-35
-39
-29
-32
-32
-33
-37
-35
-35
-43
-41
-41
-39
-38
-32
-31
-33
-32
-36
-37
-36
-35
-35
-39
-42
-40
-44
-42
-39
-33
-26
-20
-23
-28
-31
-38
-31
-31
-36
-33
-32
-31
-32
-33
-31
-22
-21
-18
-6
-11
-10
-9
-11
-10
-8
-9
-5
-4
-4
4
6
14
14
18
18
18
15
16
16
19
29
33
38
36
35
34
30
27
29
35
37
40
42
43
44
43
43
49
56
56
64
65
62
57
53
52
48
47
46
49
42
39
43
44
47
49
47
45
42
41
41
36
34
35
32
38
35
27
29
28
27
28
32
33
29
33
32
19
18
21
22
29
31
32
35
34
38
33
35
38
31
31
33
29
29
34
27
25
28
30
29
25
29
25
29
30
26
28
22
18
12
8
4
9
15
16
19
16
10
5
5
0
2
3
13
16
15
16
6
13
9
5
10
3
0
-1
2
3
1
7
12
13
10
7
5
8
1
-1
2
3
5
-2
-6
-11
-13
-8
-5
-3
-4
-1
-1
3
6
3
0
-4
-7
-10
-6
-6
-14
-21
-25
-25
-23
-29
-30
-32
-33
-26
-18
-12
-14
-25
-22
-21
-23
-22
-19
-18
-19
-18
-23
-21
-26
-26
-20
-27
-27
-22
-28
-23
-27
-26
-22
-23
-22
-25
-25
-29
-25
-26
-29
-25
-25
-29
-24
-23
-22
-24
-22
-23
-33
-27
-28
-32
-26
-32
-32
-32
-30
-33
-37
-34
-37
-30
-32
-33
-28
-35
-36
-40
-38
-38
-38
-41
-39
-36
-38
-37
-42
-43
-42
-46
-38
-31
-31
-29
-32
-31
-31
-30
-28
-34
-38
-42
-46
-39
-43
-44
-44
-43
-35
-35
-37
-32
-23
-24
-20
-22
-21
-27
-32
-32
-25
-18
-26
-25
-25
-24
-24
-21
-16
-9
-13
-7
-2
-4
-3
-2
-2
-1
5
13
17
16
27
30
27
20
19
18
20
24
33
33
34
36
30
30
29
23
30
33
32
31
31
33
36
42
37
40
43
43
47
42
42
47
44
42
34
37
44
51
52
57
49
46
47
44
44
43
49
44
45
44
50
47
50
50
48
55
53
57
51
46
44
51
52
54
52
52
51
48
51
54
52
52
59
52
45
50
48
45
40
44
40
44
40
36
37
34
35
29
25
23
20
21
16
11
16
11
13
12
10
10
7
4
9
6
1
1
2
4
-1
-1
-11
-10
-12
-11
-3
-6
-4
1
1
-2
-6
-6
-6
-5
-6
-9
-8
-17
-15
-10
-7
-9
-11
-13
-15
-16
-18
-21
-25
-27
-28
-25
-24
-28
-29
-27
-29
-25
-25
-25
-26
-31
-33
-33
-36
-37
-33
-34
-38
-38
-41
-49
-45
-46
-44
-47
-45
-43
-49
-44
-38
-37
-36
-35
-31
-32
-29
-30
-33
-32
-35
-35
-35
-28
-28
-32
-30
-29
-23
-20
-16
-15
-17
-20
-18
-18
-24
-25
-21
-15
-13
-12
-11
-18
-20
-22
-25
-21
-21
-18
-16
-17
-16
-13
-19
-21
-18
-21
-18
-14
-9
-8
-4
-7
-6
-8
-17
-25
-25
-22
-25
-24
-27
-19
-23
-21
-15
-15
-19
-18
-20
-23
-28
-31
-29
-31
-37
-38
-36
-37
-27
-26
-24
-26
-25
-23
-27
-29
-26
-16
-18
-22
-20
-19
-19
-19
-18
-15
-9
-4
-10
-9
-11
-6
4
9
8
16
26
25
31
30
28
30
36
31
31
36
27
28
28
33
36
45
50
53
56
58
53
53
60
64
57
54
56
50
55
56
64
67
66
64
60
58
58
55
55
52
54
58
52
52
48
45
46
46
50
49
46
43
37
29
22
19
15
8
6
12
11
5
9
7
8
16
18
15
13
14
16
11
5
5
11
15
13
19
24
25
23
26
21
19
18
16
20
21
24
23
23
18
16
9
6
13
10
10
13
16
15
19
17
11
9
7
8
10
19
18
11
3
-2
-6
-1
6
9
9
4
1
2
1
-3
-1
1
4
6
-4
-8
-10
-8
-9
-8
-9
-14
-13
-18
-17
-21
-22
-24
-28
-25
-24
-21
-21
-25
-23
-24
-19
-20
-17
-23
-27
-26
-32
-26
-32
-36
-30
-26
-23
-31
-30
-29
-29
-21
-21
-25
-31
-31
-33
-38
-36
-39
-33
-37
-35
-36
-35
-36
-38
-35
-31
-21
-24
-27
-29
-28
-28
-33
-34
-29
-24
-28
-22
-17
-16
-20
-17
-21
-23
-28
-33
-34
-37
-28
-31
-27
-27
-27
-24
-24
-24
-24
-16
-21
-22
-31
-31
-36
-36
-27
-23
-19
-24
-20
-21
-21
-19
-19
-15
-19
-14
-16
-22
-20
-24
-20
-22
-19
-13
-11
-7
-3
-6
-8
-6
-4
-1
-5
-7
-8
-10
-9
-14
-12
-9
-7
2
6
8
7
6
3
4
11
16
17
18
21
19
16
17
18
15
20
24
20
23
20
25
29
28
33
40
40
40
42
40
34
35
29
19
27
28
24
29
31
33
33
29
28
32
30
36
34
24
24
34
44
48
42
38
39
35
36
31
30
32
28
30
22
26
24
20
25
28
30
31
36
31
25
27
22
20
19
15
17
24
23
22
25
24
26
22
20
17
17
15
12
14
13
14
12
8
1
-2
-6
-4
1
7
10
7
-1
4
6
7
2
-8
-10
-7
0
-3
-7
-7
-8
-14
-16
-13
-17
-13
-14
-12
-11
-15
-13
-22
-14
-16
-19
-16
-23
-27
-27
-27
-19
-15
-15
-14
-20
-20
-15
-12
-12
-13
-8
-4
-9
-10
-13
-11
-9
-9
-9
-13
-20
-23
-17
-11
-12
-9
-3
-4
3
4
1
0
-3
-2
-5
-5
-9
-14
-17
-15
-16
-14
-9
-12
-6
-1
-4
-1
-6
-7
-11
-9
-15
-15
-14
-17
-6
-8
-9
-9
-12
-12
-10
-11
-11
-10
-9
-11
-14
-20
-26
-26
-25
-23
-26
-20
-17
-17
-17
-15
-20
-19
-17
-21
-23
-26
-22
-24
-24
-24
-23
-19
-15
-17
-13
-16
-25
-22
-26
-28
-26
-25
-20
-18
-15
-13
-11
-5
-9
-6
-2
-1
2
-1
-9
-11
-16
-11
-4
1
8
6
-1
-7
-5
-5
-3
5
4
5
5
-1
1
-5
-2
5
-1
7
11
3
6
1
-2
-6
-8
-4
-4
2
3
10
10
9
14
16
19
16
8
10
9
9
11
13
14
13
15
18
19
23
25
22
25
23
21
16
21
25
29
39
38
40
35
37
44
43
50
52
49
44
49
58
58
57
56
54
61
64
61
56
53
55
54
56
48
36
38
34
27
33
27
27
29
31
32
32
31
29
26
16
15
8
7
9
5
4
-3
2
10
8
12
10
4
4
5
2
4
3
-1
3
9
10
0
0
1
-6
-6
-4
-5
-6
-9
-5
-7
-15
-13
-15
-18
-23
-26
-32
-37
-37
-42
-34
-29
-25
-28
-29
-33
-37
-38
-38
-31
-34
-37
-38
-37
-35
-35
-39
-44
-42
-35
-35
-34
-36
-33
-31
-31
-29
-25
-28
-33
-28
-31
-35
-44
-41
-39
-40
-41
-37
-41
-41
-36
-40
-37
-35
-35
-30
-36
-39
-36
-47
-52
-53
-41
-31
-34
-36
-32
-29
-25
-23
-21
-20
-13
-18
-21
-23
-21
-16
-17
-16
-23
-19
-21
-21
-18
-9
0
8
8
11
13
9
7
8
7
5
11
18
19
18
21
15
19
24
27
23
23
30
25
25
27
34
34
32
32
31
34
32
29
26
25
22
21
21
33
34
29
25
22
20
18
23
19
19
15
11
18
20
17
9
8
11
9
10
8
5
6
10
9
10
8
10
6
5
12
13
14
11
9
8
13
10
11
9
2
3
2
9
14
16
17
19
15
9
12
12
8
11
12
16
20
20
23
26
28
31
33
30
26
24
22
24
19
21
24
29
35
36
40
35
29
34
29
28
43
45
44
42
40
36
35
39
38
37
33
28
29
31
34
31
31
30
33
36
33
31
29
24
18
16
9
9
9
6
9
13
8
8
7
-3
-7
-11
-12
-13
-14
-12
-18
-8
1
-11
-19
-26
-24
-17
-18
-13
-9
-17
-25
-33
-40
-37
-35
-35
-33
-28
-31
-35
-35
-38
-42
-43
-47
-38
-34
-32
-37
-42
-43
-49
-48
-51
-43
-42
-43
-43
-52
-54
-50
-54
-54
-61
-60
-59
-56
-51
-56
-51
-48
-52
-52
-48
-47
-49
-46
-41
-39
-37
-41
-38
-35
-33
-32
-26
-30
-37
-32
-37
-43
-46
-46
-43
-29
-22
-20
-17
-16
-15
-19
-17
-22
-20
-18
-22
-16
-14
-16
-14
-13
-9
-4
-1
10
3
0
-1
-6
-2
5
11
14
8
10
7
5
7
15
21
24
23
16
17
12
14
11
11
13
13
14
17
20
19
17
13
18
15
19
19
15
8
7
10
8
13
14
16
13
12
16
17
13
6
12
20
16
9
17
15
14
14
17
25
23
25
30
23
18
15
13
21
22
26
27
21
26
27
29
31
31
32
34
34
34
41
39
40
39
34
36
32
26
29
38
41
47
51
44
42
36
33
30
32
31
36
43
39
39
41
44
45
44
47
49
45
44
42
37
33
28
24
24
24
25
28
24
22
25
25
25
24
22
23
12
11
7
8
11
8
7
7
-4
-4
1
3
14
12
13
9
8
3
-4
-7
-9
-9
-2
-4
-12
-15
-18
-16
-26
-27
-24
-19
-10
-13
-17
-24
-24
-26
-18
-20
-31
-34
-35
-37
-29
-30
-36
-28
-28
-30
-28
-32
-30
-36
-35
-34
-31
-36
-40
-39
-43
-43
-39
-40
-35
-32
-31
-32
-34
-26
-25
-20
-20
-26
-27
-37
-41
-35
-32
-26
-27
-29
-38
-43
-41
-42
-38
-37
-27
-22
-25
-33
-33
-34
-39
-35
-36
-38
-36
-33
-30
-37
-47
-52
-50
-46
-39
-37
-41
-34
-40
-40
-38
-35
-30
-28
-25
-33
-37
-34
-33
-26
-22
-23
-23
-24
-26
-19
-21
-20
-15
-13
-4
1
-1
1
1
-3
-3
-4
-1
-3
-2
1
5
10
12
19
18
23
27
30
32
25
25
19
21
24
30
33
31
28
33
34
31
34
39
38
37
40
42
35
21
30
35
34
40
48
46
51
55
46
41
35
34
35
35
32
29
23
19
20
20
20
27
32
27
28
27
29
29
21
23
20
16
10
12
21
27
32
38
39
37
36
34
37
35
31
33
36
40
42
44
47
54
47
39
41
40
41
39
37
35
40
35
36
40
41
38
31
25
28
24
16
12
9
9
7
5
5
2
-2
0
0
-6
-9
-15
-15
-11
-13
-14
-21
-21
-26
-29
-23
-28
-24
-27
-32
-34
-34
-40
-44
-42
-46
-46
-45
-45
-44
-44
-46
-38
-42
-37
-40
-40
-38
-36
-34
-35
-31
-30
-25
-32
-34
-32
-29
-13
-15
-20
-15
-20
-22
-19
-15
-16
-15
-10
-7
-5
-12
-11
-13
-11
-5
-1
0
-7
-14
-16
-23
-24
-19
-12
-11
-14
-8
-16
-16
-20
-25
-20
-20
-15
-13
-8
-7
-16
-28
-33
-35
-34
-27
-23
-18
-20
-27
-28
-27
-29
-24
-19
-14
-11
-16
-22
-23
-21
-15
-10
-11
-9
-3
2
11
6
9
9
5
18
22
22
23
24
22
23
32
30
27
23
21
24
27
32
36
38
44
40
38
44
45
37
32
33
32
32
31
25
28
31
32
35
28
31
34
26
27
19
16
11
11
6
2
6
9
14
12
18
12
-1
-5
-8
-17
-15
-12
-14
-16
-22
-21
-20
-20
-25
-24
-19
-18
-21
-19
-18
-18
-17
-18
-10
-4
1
0
-8
-5
-5
2
2
4
12
14
21
22
28
25
20
25
27
29
29
31
31
27
26
26
29
28
26
22
27
29
29
34
37
33
35
36
31
33
29
25
29
27
29
27
23
24
20
28
27
24
17
12
11
-2
-8
-9
-13
-15
-13
-8
-4
-10
-13
-13
-24
-29
-38
-39
-39
-38
-39
-45
-49
-50
-55
-56
-46
-48
-42
-37
-48
-41
-49
-61
-60
-60
-58
-58
-51
-47
-47
-46
-47
-44
-42
-42
-38
-34
-34
-34
-33
-36
-34
-29
-33
-32
-36
-32
-24
-10
-18
-19
-17
-19
-10
-12
-11
-16
-19
-17
-6
-7
-11
-10
-11
-8
-9
-10
-9
-15
-14
-12
-7
-2
-4
-6
-7
-4
-6
-6
-13
-12
-12
-11
-3
2
2
2
6
7
15
14
12
14
12
10
11
14
14
11
8
5
11
14
16
24
28
30
31
32
28
28
22
26
27
33
32
35
43
41
49
42
50
55
60
52
50
52
48
49
40
42
34
30
29
36
40
42
46
46
51
51
48
48
45
40
40
43
38
38
32
27
31
28
23
28
24
27
29
25
28
21
26
24
16
15
15
15
20
19
18
12
5
8
8
8
9
11
11
10
11
17
18
11
10
13
15
9
12
14
13
13
8
8
4
7
8
10
12
2
-2
3
2
4
10
6
8
12
6
2
-1
-3
-3
-7
-8
-7
-5
-6
-13
-15
-12
-13
-15
-14
-24
-27
-29
-32
-32
-29
-26
-31
-30
-31
-34
-42
-43
-42
-38
-35
-38
-41
-43
-42
-41
-40
-34
-37
-43
-44
-45
-48
-52
-55
-55
-55
-52
-50
-51
-50
-47
-47
-51
-48
-45
-44
-46
-50
-47
-47
-42
-36
-40
-37
-36
-32
-38
-41
-37
-33
-29
-22
-22
-22
-23
-25
-25
-28
-28
-26
-22
-18
-18
-10
-4
-8
-2
-5
-10
-9
-8
-13
-7
-4
-6
-3
-13
-16
-13
-9
-10
-8
-11
-8
-1
-3
-8
-17
-20
-25
-27
-29
-31
-35
-34
-33
-34
-34
-33
-29
-26
-19
-15
-12
-13
-18
-23
-20
-23
-22
-19
-27
-17
-13
-15
-13
-17
-19
-17
-13
-9
-12
-15
-11
-5
1
-2
5
3
4
7
8
14
16
15
21
16
22
29
26
32
26
32
37
44
51
52
45
41
45
52
54
53
51
49
56
58
59
64
66
70
72
73
77
80
77
75
80
77
75
74
66
68
74
67
70
73
76
77
82
88
81
77
74
76
79
79
72
74
69
63
58
60
61
60
59
54
55
52
49
45
46
48
44
40
39
31
25
26
23
24
26
32
28
25
24
17
18
22
17
12
9
8
7
4
8
2
0
-1
1
-1
2
-3
-8
-7
-6
1
-1
-1
-1
-3
-6
-7
-13
-15
-20
-16
-16
-29
-34
-35
-31
-31
-29
-25
-28
-26
-23
-26
-30
-34
-35
-33
-28
-30
-39
-43
-38
-40
-35
-32
-34
-33
-37
-36
-39
-40
-42
-39
-37
-31
-31
-37
-41
-47
-51
-51
-42
-39
-39
-40
-40
-39
-46
-47
-56
-55
-52
-58
-53
-57
-47
-42
-47
-41
-44
-48
-46
-50
-49
-54
-60
-63
-61
-58
-55
-54
-53
-50
-49
-48
-44
-41
-41
-41
-40
-44
-46
-45
-53
-50
-50
-54
-50
-49
-44
-39
-31
-33
-29
-26
-32
-37
-33
-33
-30
-22
-20
-16
-15
-13
-15
-24
-22
-25
-27
-23
-24
-12
-11
-11
-9
-11
-6
-1
-2
-6
-1
4
3
-2
0
-5
-9
-7
1
6
6
10
13
22
26
21
19
20
21
21
20
19
14
14
13
13
16
11
10
15
21
23
23
19
12
6
6
9
12
18
20
15
14
20
17
7
4
5
1
5
3
6
14
13
20
23
22
23
23
25
31
27
28
33
29
28
28
34
40
37
41
46
49
48
50
52
58
56
55
56
55
61
64
62
62
58
59
63
63
72
73
69
68
66
67
69
72
78
79
87
87
83
71
71
70
64
57
60
65
61
72
74
73
72
67
59
60
63
60
56
48
48
52
50
45
40
43
48
44
35
29
30
28
24
26
26
24
16
10
9
10
12
6
8
1
0
0
-1
0
1
-2
-6
-14
-24
-22
-26
-30
-28
-19
-18
-14
-24
-35
-40
-50
-53
-54
-52
-46
-44
-50
-51
-50
-57
-56
-55
-54
-48
-51
-52
-53
-57
-62
-60
-66
-67
-65
-68
-69
-67
-57
-58
-54
-54
-60
-58
-57
-56
-55
-54
-56
-55
-54
-57
-54
-56
-54
-52
-54
-50
-53
-55
-53
-51
-47
-48
-51
-51
-46
-44
-43
-42
-38
-38
-38
-43
-49
-52
-58
-53
-48
-41
-37
-43
-45
-38
-38
-36
-34
-42
-39
-38
-38
-30
-29
-32
-26
-22
-22
-22
-32
-33
-32
-38
-37
-35
-39
-35
-33
-32
-31
-28
-30
-27
-23
-25
-24
-29
-27
-26
-25
-24
-31
-22
-17
-15
-12
-7
-6
-2
-1
-2
-4
2
6
6
5
3
7
8
14
11
13
20
30
29
26
32
31
25
24
26
27
36
34
34
33
31
36
42
43
44
45
50
53
44
50
47
51
56
59
48
39
42
47
54
58
66
64
65
60
62
57
54
55
51
55
51
54
47
46
44
43
49
48
54
51
56
58
54
51
48
46
43
38
41
41
37
34
37
40
40
35
32
31
29
31
29
29
25
24
26
24
29
29
30
31
32
33
23
21
14
14
18
15
18
20
18
20
26
27
23
23
20
20
24
15
12
10
15
14
15
20
24
24
16
26
26
22
24
20
18
17
23
28
20
17
11
10
13
10
17
16
15
15
10
8
11
10
-1
1
-1
1
7
-4
-10
-13
-14
-8
-10
-10
-8
-16
-16
-13
-24
-24
-19
-22
-30
-32
-33
-40
-37
-39
-37
-32
-39
-39
-43
-47
-47
-53
-54
-53
-49
-48
-40
-39
-36
-38
-34
-31
-45
-45
-45
-45
-47
-46
-50
-51
-54
-52
-47
-40
-40
-43
-40
-43
-43
-51
-45
-38
-44
-43
-47
-46
-45
-44
-46
-50
-45
-46
-49
-46
-48
-47
-44
-46
-45
-47
-51
-51
-45
-44
-42
-48
-52
-52
-53
-55
-53
-49
-46
-42
-43
-46
-45
-43
-38
-32
-30
-27
-33
-32
-33
-32
-31
-31
-24
-27
-23
-18
-21
-16
-10
-12
-6
-11
-8
-8
-1
-3
-1
-1
-3
2
5
13
15
16
13
8
12
12
12
10
1
8
14
16
17
18
20
20
21
19
15
7
2
9
14
12
9
7
13
11
10
12
14
17
18
21
22
18
13
13
12
15
15
10
12
13
15
22
23
23
28
31
34
29
34
32
23
29
37
34
35
31
26
35
38
47
53
58
62
63
67
64
57
57
64
69
66
57
53
50
50
50
50
54
54
60
58
58
57
50
50
51
57
48
49
45
51
52
45
52
50
50
50
55
47
40
38
34
37
35
35
39
42
38
33
32
28
28
28
27
30
21
11
13
12
18
20
28
25
23
20
16
16
12
12
12
16
12
4
-4
-4
1
2
3
7
3
1
0
-2
-4
-8
-16
-14
-11
-17
-20
-19
-24
-28
-30
-32
-28
-28
-29
-28
-31
-36
-35
-34
-33
-35
-34
-35
-41
-39
-33
-32
-34
-38
-40
-42
-40
-46
-47
-42
-35
-32
-27
-24
-32
-29
-36
-40
-41
-39
-38
-43
-45
-47
-48
-47
-42
-35
-33
-35
-31
-34
-37
-39
-45
-41
-38
-39
-34
-37
-39
-39
-38
-38
-30
-26
-28
-29
-34
-40
-41
-31
-30
-31
-35
-36
-31
-31
-27
-25
-24
-23
-26
-26
-30
-36
-34
-35
-32
-30
-37
-36
-33
-34
-29
-24
-22
-17
-22
-21
-23
-32
-35
-40
-38
-37
-33
-27
-20
-22
-22
-18
-13
-10
-9
-5
-10
-7
-6
-16
-15
-22
-20
-12
-3
-1
-5
-1
-2
0
-1
3
7
12
16
15
10
4
8
12
17
20
17
16
10
8
3
0
6
4
5
6
9
14
15
10
12
12
11
6
5
9
5
11
18
17
14
15
23
28
25
26
27
24
32
42
44
42
36
34
36
38
40
46
41
33
28
34
39
35
34
31
35
34
31
33
35
36
41
41
37
28
26
33
31
33
38
33
34
36
35
39
38
42
46
51
46
46
44
40
40
35
32
33
39
41
41
44
41
37
38
36
33
34
29
29
27
30
28
22
20
18
15
20
26
29
30
31
26
24
24
19
19
13
11
14
15
9
9
11
6
6
5
8
6
6
6
9
10
12
6
-1
2
3
3
2
10
11
3
0
-9
-15
-11
-8
-10
-4
-9
-14
-11
-12
-11
-15
-15
-4
-9
-11
-10
-17
-15
-21
-22
-19
-16
-17
-9
-11
-15
-21
-20
-12
-18
-14
-12
-9
-7
-7
-16
-20
-18
-17
-18
-20
-18
-17
-21
-26
-28
-29
-26
-25
-25
-26
-21
-21
-29
-35
-34
-30
-33
-36
-31
-32
-33
-39
-39
-38
-35
-34
-29
-31
-34
-31
-33
-29
-28
-34
-28
-29
-26
-25
-30
-26
-28
-27
-28
-20
-24
-23
-26
-24
-19
-23
-19
-20
-21
-21
-18
-14
-11
-12
-11
-10
-4
-4
-12
-10
-10
-14
-18
-26
-25
-26
-16
-16
-16
-17
-24
-24
-25
-21
-23
-18
-13
-16
-20
-25
-32
-38
-43
-46
-44
-41
-39
-31
-27
-33
-33
-32
-32
-25
-29
-24
-28
-31
-36
-39
-39
-48
-40
-45
-36
-31
-29
-25
-23
-22
-14
-13
-18
-13
-12
-9
-5
-8
-8
-8
-11
-3
2
10
14
18
19
19
22
22
20
23
21
19
23
23
27
30
32
29
22
23
26
28
31
33
28
25
24
27
27
29
30
34
35
38
41
35
39
32
27
31
30
28
30
30
33
37
39
36
41
41
39
40
35
35
28
28
32
35
36
38
41
37
38
36
34
36
35
39
45
44
36
40
41
41
42
45
48
49
49
46
43
44
42
43
40
41
44
40
40
42
46
46
46
45
42
38
35
40
43
38
39
42
38
40
36
41
42
43
42
37
32
27
28
27
33
33
36
36
36
29
27
28
25
21
20
16
8
11
9
6
0
2
0
-5
-9
-14
-13
-16
-16
-23
-23
-22
-22
-21
-27
-26
-34
-35
-28
-33
-31
-34
-44
-47
-51
-52
-51
-50
-54
-52
-46
-46
-37
-31
-37
-39
-37
-34
-37
-42
-43
-43
-39
-37
-38
-37
-31
-25
-22
-25
-21
-17
-25
-24
-20
-21
-24
-26
-30
-28
-27
-25
-23
-19
-19
-13
-18
-23
-22
-22
-26
-23
-17
-24
-21
-20
-19
-21
-21
-18
-15
-15
-14
-15
-22
-25
-25
-33
-38
-38
-32
-24
-21
-27
-28
-23
-25
-26
-28
-31
-32
-32
-37
-35
-35
-42
-46
-47
-42
-40
-38
-33
-31
-32
-33
-40
-37
-35
-30
-30
-31
-30
-26
-25
-25
-19
-21
-21
-19
-22
-22
-24
-19
-9
-12
-6
3
6
8
10
13
7
4
3
1
5
7
5
7
6
11
9
5
12
9
19
23
19
16
8
0
-1
1
0
4
4
3
2
9
6
4
2
1
6
1
1
3
1
-3
-1
7
10
9
7
9
7
9
9
3
12
11
10
18
13
8
10
7
10
16
15
19
19
18
23
25
22
25
18
21
24
23
29
28
27
25
31
38
43
47
38
35
34
36
40
37
36
40
35
30
29
27
31
35
38
34
33
36
43
52
44
41
38
38
35
36
34
35
39
40
45
39
34
35
29
31
35
33
35
36
37
37
31
25
24
21
27
30
34
37
35
33
33
28
33
39
31
30
31
33
28
30
30
34
38
34
33
34
33
30
24
25
26
27
26
27
24
26
26
29
27
26
22
11
4
4
-1
-4
-6
-5
-1
6
8
5
2
1
3
5
4
0
-2
-9
-10
-14
-16
-18
-13
-12
-15
-9
-3
-6
-9
-12
-10
-7
-8
-10
-18
-18
-19
-21
-25
-23
-28
-29
-31
-29
-23
-36
-34
-45
-44
-39
-46
-36
-40
-33
-36
-38
-33
-39
-43
-50
-55
-48
-48
-54
-56
-52
-55
-48
-47
-49
-50
-57
-54
-52
-57
-57
-59
-63
-57
-60
-58
-53
-51
-50
-51
-56
-62
-61
-64
-63
-62
-63
-68
-69
-65
-64
-65
-61
-60
-46
-41
-41
-43
-52
-50
-54
-51
-48
-53
-53
-46
-47
-41
-37
-39
-34
-38
-36
-36
-44
-35
-34
-33
-25
-25
-26
-20
-26
-22
-14
-15
-13
-10
-9
-7
-4
-6
-9
-6
-7
-5
-3
-3
-6
-1
1
3
12
6
4
5
2
0
1
0
0
7
9
11
10
5
-3
-3
3
8
19
19
18
15
11
6
12
25
21
22
25
25
23
19
24
27
26
25
24
26
30
40
39
45
47
41
42
43
44
43
41
40
40
38
37
46
49
48
49
49
50
48
43
41
39
44
49
51
48
45
42
47
47
49
46
39
43
43
46
46
44
42
40
41
43
45
46
41
40
41
42
45
48
47
45
42
44
51
50
56
63
59
56
52
50
46
42
48
57
56
53
54
50
45
51
53
59
59
59
60
55
47
50
50
46
45
43
48
51
50
48
47
41
43
38
40
42
38
35
29
30
23
24
20
18
19
17
20
16
12
11
11
7
3
1
7
4
4
2
1
2
-1
-1
-7
-6
-6
-4
-10
-13
-23
-29
-25
-23
-13
-22
-28
-35
-44
-47
-53
-52
-48
-46
-41
-45
-46
-46
-50
-53
-54
-47
-45
-49
-49
-56
-56
-56
-61
-65
-68
-68
-62
-62
-68
-68
-71
-64
-60
-50
-49
-47
-51
-58
-65
-69
-72
-72
-66
-65
-62
-62
-65
-68
-60
-58
-55
-50
-52
-61
-59
-60
-60
-57
-54
-50
-56
-51
-55
-57
-65
-67
-65
-62
-56
-50
-46
-50
-51
-56
-57
-54
-50
-52
-50
-52
-53
-51
-54
-49
-50
-42
-38
-25
-22
-29
-33
-33
-31
-32
-31
-31
-28
-25
-27
-27
-29
-31
-31
-27
-27
-30
-21
-19
-21
-18
-22
-22
-21
-19
-15
-13
-9
-5
0
4
4
1
2
2
7
9
14
17
17
23
25
24
27
36
31
35
37
39
36
27
29
26
27
30
30
37
47
48
53
55
60
62
57
55
59
58
57
55
56
53
51
56
58
59
59
62
56
64
59
61
62
61
54
59
56
50
48
47
48
45
52
55
60
57
52
55
60
66
62
63
60
58
61
58
59
59
58
59
60
55
58
56
55
59
56
55
56
59
56
60
56
58
53
44
45
40
41
35
40
41
41
46
40
36
38
39
34
33
27
26
15
14
18
14
13
17
24
31
34
28
24
19
18
16
8
8
7
3
-5
-14
-10
-7
-5
2
3
-1
-2
-10
-11
-19
-25
-24
-28
-20
-23
-21
-19
-18
-8
-13
-15
-16
-27
-24
-23
-24
-17
-14
-18
-17
-13
-19
-25
-22
-22
-23
-27
-28
-28
-30
-34
-39
-42
-37
-30
-26
-27
-28
-31
-34
-31
-30
-31
-33
-36
-42
-49
-49
-55
-56
-54
-57
-52
-53
-52
-50
-56
-55
-59
-64
-71
-74
-72
-72
-73
-73
-79
-76
-74
-71
-73
-79
-73
-79
-81
-74
-78
-71
-71
-70
-65
-61
-59
-61
-59
-55
-49
-48
-40
-44
-48
-44
-39
-47
-39
-37
-36
-28
-34
-30
-30
-30
-31
-31
-30
-30
-25
-24
-23
-23
-23
-20
-21
-25
-29
-20
-20
-18
-10
-8
-7
-3
-1
-5
-8
-10
-6
-2
5
1
-4
-3
-4
-3
-2
-3
-1
7
5
9
11
4
0
3
6
14
21
23
23
27
33
29
36
38
32
34
33
35
38
36
34
33
38
40
45
46
44
48
46
44
40
42
46
50
47
52
50
43
46
44
47
48
46
43
45
47
43
43
42
47
45
49
53
53
49
50
53
57
59
61
60
54
56
49
56
61
57
63
59
55
50
52
56
55
52
53
50
50
49
47
50
51
50
56
50
49
48
41
45
45
52
51
51
45
37
29
20
15
10
9
5
7
12
16
18
19
20
20
17
12
4
-4
-2
-1
-7
0
-8
-11
-2
-2
4
2
-3
-5
-2
-1
-9
-13
-15
-22
-16
-14
-13
-4
-1
-1
-1
-3
-5
-11
-7
-10
-7
-7
-12
-10
-15
-12
-15
-15
-13
-16
-20
-23
-23
-27
-21
-19
-20
-17
-21
-22
-27
-30
-31
-35
-36
-32
-35
-35
-37
-40
-37
-41
-43
-43
-38
-40
-38
-33
-34
-36
-42
-39
-41
-37
-34
-30
-24
-28
-30
-32
-30
-28
-25
-21
-27
-29
-30
-34
-37
-39
-37
-36
-32
-32
-34
-34
-34
-35
-31
-32
-34
-31
-28
-30
-30
-26
-27
-21
-24
-24
-31
-39
-45
-44
-38
-38
-34
-35
-27
-27
-29
-29
-28
-25
-28
-35
-39
-35
-36
-39
-38
-36
-38
-36
-32
-27
-22
-26
-34
-35
-39
-41
-36
-31
-26
-22
-26
-16
-7
-2
2
2
2
5
10
9
11
6
3
12
11
11
16
17
17
18
19
21
23
27
29
21
25
19
17
13
12
17
21
25
33
37
32
34
38
33
33
33
27
27
25
22
13
16
27
25
29
24
21
20
20
13
13
19
16
23
18
13
12
12
19
23
25
25
26
30
28
24
25
18
14
21
19
25
30
32
31
35
38
33
31
25
23
20
23
24
26
23
25
30
32
32
31
33
27
29
24
19
18
18
21
19
31
32
35
29
29
40
39
36
30
26
17
6
9
10
12
27
33
33
28
25
20
16
17
21
21
26
26
25
23
18
17
13
17
22
27
30
26
20
14
14
12
6
3
5
7
8
5
5
3
-3
7
3
1
-5
-5
-8
-13
-5
-3
-5
-3
-5
-7
-7
-12
-19
-19
-22
-23
-22
-20
-20
-26
-26
-32
-37
-38
-35
-32
-31
-26
-25
-24
-23
-39
-40
-39
-42
-42
-39
-39
-34
-26
-33
-32
-36
-40
-44
-37
-35
-35
-28
-28
-26
-30
-28
-30
-29
-29
-22
-25
-29
-16
-19
-17
-21
-29
-25
-29
-23
-19
-21
-17
-17
-10
-6
-5
-5
-11
-16
-7
-8
-15
-17
-15
-11
-7
-3
-2
-3
-6
-1
-3
-5
-2
-6
-10
-6
-6
-4
3
-1
2
7
6
-2
1
-3
-4
0
-8
-5
-7
-10
-9
-11
-14
-13
-8
-8
-5
-1
-1
-4
-7
-8
-12
-10
-10
-10
-12
-13
-12
-11
-6
-6
-8
-10
-9
-5
-5
-7
-3
-12
-12
-10
-15
-9
-10
-13
-2
-3
-3
-4
-14
-12
-13
-13
-9
-8
-9
-12
-13
-12
-6
-7
-9
-3
-2
4
8
-3
-3
-6
-12
-8
-9
-14
-13
-10
-6
-2
-5
-10
-17
-13
-6
-3
-1
-2
-1
-2
-1
-4
-3
-2
2
3
0
6
8
5
5
11
17
13
10
15
16
25
25
26
27
28
28
32
34
25
28
31
32
36
36
36
41
42
39
40
43
42
41
46
44
45
43
47
45
44
49
49
45
39
37
36
41
39
36
31
24
22
25
31
28
31
31
29
28
25
20
24
19
17
25
22
23
19
13
17
23
21
20
20
14
14
12
13
12
13
13
9
7
5
5
0
-3
-7
-4
-3
-8
-13
-11
-9
-2
2
1
-4
-5
-5
-7
-5
-8
-9
-14
-17
-13
-19
-21
-24
-17
-14
-16
-12
-11
-14
-18
-14
-17
-21
-23
-22
-18
-15
-11
-12
-8
-6
-1
5
5
-4
-3
0
2
4
-1
-1
3
5
12
12
13
17
16
14
13
7
2
2
1
-12
-16
-14
-12
-3
-5
-3
-8
-9
-12
-8
-8
-9
-9
-18
-18
-25
-24
-25
-27
-27
-24
-17
-19
-15
-12
-16
-17
-16
-18
-22
-24
-23
-28
-32
-35
-30
-27
-21
-23
-27
-26
-32
-30
-29
-21
-23
-23
-20
-20
-24
-22
-21
-24
-27
-26
-22
-17
-19
-28
-25
-27
-28
-25
-25
-25
-28
-32
-33
-33
-31
-35
-35
-35
-37
-36
-40
-39
-40
-38
-34
-32
-27
-24
-26
-26
-28
-26
-27
-25
-25
-24
-29
-32
-29
-27
-28
-26
-21
-20
-20
-25
-23
-26
-29
-24
-19
-15
-10
-9
-3
-3
-4
-2
2
8
8
12
10
8
4
-1
6
14
19
24
29
25
24
21
14
13
16
11
14
21
21
23
29
35
32
37
47
39
36
39
36
37
39
43
41
48
49
49
52
50
50
47
46
49
50
47
47
48
45
33
37
35
30
37
30
31
43
35
33
28
23
25
25
24
20
28
30
33
32
28
29
34
39
38
39
31
31
31
33
32
23
20
23
24
25
34
33
34
34
36
38
33
32
33
30
29
26
21
22
25
26
29
30
32
29
26
24
23
18
19
19
16
16
10
9
10
12
14
9
8
7
6
6
4
0
4
-1
-11
-10
-8
-7
-8
-8
-11
-14
-15
-17
-11
-13
-6
-4
-7
-8
-11
-10
-17
-13
-10
-13
-13
-14
-15
-13
-12
-15
-16
-13
-13
-4
-3
-5
-4
-6
-7
-8
-9
-12
-18
-14
-15
-18
-23
-23
-24
-23
-18
-18
-18
-23
-18
-15
-24
-21
-20
-17
-11
-19
-25
-28
-32
-27
-39
-39
-44
-42
-35
-43
-37
-38
-43
-44
-41
-42
-38
-36
-42
-52
-57
-56
-56
-57
-60
-54
-56
-52
-50
-49
-42
-43
-38
-36
-34
-39
-40
-39
-38
-35
-31
-31
-28
-25
-23
-29
-25
-23
-23
-16
-22
-21
-19
-20
-10
-13
-13
-9
-9
1
5
2
-2
-8
-19
-22
-21
-24
-25
-20
-18
-16
-14
-11
-11
-14
-13
-5
-4
-12
-12
-16
-22
-24
-24
-20
-21
-18
-21
-19
-23
-23
-13
-15
-14
-7
-8
-4
-4
-4
-1
-4
0
-2
-9
-5
-11
-14
-10
-8
-1
-5
-8
-3
1
2
8
15
16
24
20
23
18
13
16
12
19
20
23
29
30
28
26
28
35
40
48
51
45
38
30
33
31
37
42
47
53
53
52
46
46
50
54
56
60
58
55
54
53
50
46
41
44
55
57
55
57
57
58
61
59
65
63
62
67
67
65
63
60
55
51
49
46
46
49
46
47
57
57
48
49
52
47
42
35
32
32
31
36
32
26
30
28
32
36
31
22
17
14
14
17
16
11
6
3
4
4
6
6
4
7
2
0
-4
-7
-3
-10
-7
-4
1
-1
-12
-13
-10
-10
-10
-13
-16
-12
-14
-12
-14
-20
-23
-25
-19
-22
-23
-24
-26
-22
-23
-24
-19
-23
-33
-33
-30
-30
-35
-42
-41
-39
-34
-27
-25
-30
-30
-26
-25
-29
-36
-40
-37
-33
-34
-35
-36
-32
-30
-34
-34
-35
-39
-35
-33
-33
-32
-40
-45
-45
-47
-44
-43
-40
-39
-30
-34
-44
-45
-45
-46
-45
-40
-33
-28
-30
-33
-29
-30
-28
-28
-26
-24
-27
-26
-25
-26
-34
-40
-39
-43
-38
-31
-36
-35
-36
-34
-29
-31
-34
-34
-39
-42
-34
-35
-35
-32
-29
-25
-27
-32
-34
-36
-39
-38
-36
-38
-36
-34
-31
-32
-31
-33
-36
-28
-30
-28
-29
-35
-37
-40
-30
-23
-28
-25
-27
-22
-16
-13
-15
-21
-14
-15
-16
-16
-10
-7
-7
-10
-10
-8
-5
2
0
7
6
5
2
7
17
19
23
22
37
45
38
40
36
37
36
40
39
43
51
49
47
46
43
42
48
48
43
47
52
46
45
48
50
48
42
42
39
42
48
51
50
51
47
42
41
47
49
49
41
41
43
38
36
38
46
41
46
44
52
56
57
64
55
48
50
51
58
56
56
58
60
63
67
65
56
58
57
59
63
56
52
58
60
58
56
47
42
45
45
44
46
43
39
35
38
39
33
35
30
29
33
34
33
32
24
24
28
25
21
15
14
18
19
12
14
15
9
5
2
-6
-16
-14
-12
-13
-10
-3
-4
-12
-12
-15
-15
-19
-18
-15
-16
-20
-26
-23
-26
-24
-25
-22
-32
-31
-26
-30
-20
-18
-23
-27
-34
-37
-41
-46
-38
-33
-32
-36
-36
-37
-35
-32
-30
-33
-34
-39
-41
-41
-40
-37
-36
-35
-37
-35
-33
-35
-38
-36
-35
-33
-30
-33
-36
-36
-33
-31
-34
-35
-39
-36
-37
-36
-32
-39
-42
-46
-51
-51
-49
-43
-46
-44
-39
-43
-44
-45
-46
-41
-47
-47
-41
-45
-51
-55
-54
-54
-56
-59
-56
-58
-58
-48
-51
-37
-34
-35
-27
-27
-28
-31
-27
-30
-26
-23
-25
-27
-30
-34
-28
-19
-16
-12
-19
-18
-16
-14
-8
-1
-3
0
1
1
6
4
6
8
2
-3
-8
-9
-1
0
3
1
6
8
6
5
3
0
-10
-12
-4
1
4
2
2
-1
-7
-8
-6
0
3
8
7
5
2
4
6
9
7
1
5
5
6
9
8
3
4
4
4
8
11
13
16
21
19
25
20
23
24
23
25
20
21
22
29
29
40
45
48
50
48
47
48
44
40
39
36
40
41
42
46
51
52
49
49
51
44
47
49
51
45
40
42
45
46
40
43
45
45
42
42
42
43
44
33
27
27
29
32
31
32
34
33
34
33
30
33
33
24
31
36
34
36
30
30
35
44
47
44
41
37
36
34
37
31
25
27
28
33
36
33
31
36
37
36
43
42
38
36
33
30
21
21
22
21
22
14
17
17
19
20
11
7
6
7
6
5
2
7
3
1
-5
-14
-12
-15
-19
-24
-21
-23
-27
-31
-33
-35
-38
-40
-43
-44
-46
-48
-43
-37
-37
-38
-47
-50
-52
-59
-59
-67
-66
-57
-55
-51
-52
-62
-60
-57
-55
-49
-48
-51
-54
-59
-57
-51
-53
-55
-51
-52
-44
-44
-49
-47
-44
-40
-41
-35
-32
-41
-44
-39
-30
-27
-25
-24
-27
-26
-24
-28
-24
-31
-34
-31
-32
-30
-32
-32
-33
-29
-28
-21
-26
-28
-33
-36
-32
-29
-26
-24
-20
-27
-33
-29
-33
-31
-25
-30
-25
-25
-23
-28
-33
-35
-34
-25
-24
-16
-13
-10
-14
-22
-16
-21
-23
-22
-24
-19
-14
-7
-3
-1
0
7
8
8
7
2
1
1
5
0
0
3
5
4
10
14
17
16
12
15
14
17
10
7
5
6
11
16
14
19
25
22
20
23
23
17
18
27
30
29
33
31
25
24
28
26
24
25
21
16
4
0
2
7
22
24
29
33
33
39
37
36
35
41
33
29
32
24
26
23
23
35
32
35
38
40
46
47
47
48
49
45
41
43
41
35
36
37
40
39
41
42
41
39
40
39
43
50
53
59
59
58
58
52
51
48
44
42
39
35
42
42
45
52
51
54
50
47
47
49
43
37
42
39
34
25
17
14
10
4
2
5
9
13
13
12
8
10
10
4
4
3
3
2
-1
-3
-11
-15
-14
-17
-16
-10
-12
-12
-14
-11
-15
-20
-22
-26
-24
-22
-19
-19
-24
-31
-38
-37
-43
-48
-48
-40
-31
-25
-24
-33
-31
-29
-29
-27
-30
-30
-32
-35
-35
-37
-35
-33
-29
-29
-29
-22
-33
-32
-34
-33
-27
-29
-33
-33
-32
-33
-38
-42
-45
-50
-43
-42
-34
-36
-37
-39
-40
-36
-35
-33
-39
-46
-43
-47
-41
-35
-37
-36
-36
-30
-28
-31
-44
-45
-35
-32
-27
-29
-28
-31
-29
-23
-17
-17
-12
-7
-7
-15
-19
-16
-22
-26
-21
-17
-11
-11
-12
-12
-13
-7
-9
-6
-8
-11
-11
-17
-17
-17
-24
-22
-19
-15
-6
-7
-8
-12
-13
-13
-6
-10
-12
-10
-17
-13
-12
-13
-7
-2
1
-3
-3
-4
-12
-10
-7
-3
-3
1
1
1
-1
5
5
0
6
7
11
16
13
18
18
17
24
20
21
25
32
35
35
34
34
32
26
23
18
26
35
36
39
37
32
35
39
40
43
38
38
41
41
42
44
42
40
45
45
41
35
32
27
30
25
23
27
21
22
31
34
31
33
31
29
30
33
31
34
32
35
38
34
35
33
33
32
32
30
33
30
28
22
26
28
27
26
15
16
16
16
21
20
20
22
27
26
22
19
14
12
7
6
10
13
12
13
18
21
17
9
11
9
4
2
0
6
2
0
1
-8
-13
-14
-14
-9
-11
-12
-13
-12
-11
-14
-19
-23
-20
-19
-18
-19
-21
-21
-16
-18
-20
-17
-19
-18
-15
-15
-14
-14
-19
-17
-14
-11
-12
-23
-26
-29
-30
-28
-30
-22
-17
-20
-17
-17
-15
-15
-15
-7
-2
-3
-4
1
-2
-8
-7
-7
-7
-7
-7
-17
-19
-12
-8
-5
1
6
9
7
4
-3
-12
-12
-17
-15
-25
-28
-22
-21
-19
-14
-12
-19
-19
-24
-20
-21
-23
-25
-23
-23
-34
-31
-30
-26
-28
-34
-33
-28
-23
-26
-27
-28
-32
-35
-35
-41
-38
-39
-37
-33
-36
-35
-40
-38
-37
-39
-37
-32
-36
-35
-31
-33
-39
-33
-33
-29
-30
-25
-24
-27
-26
-27
-26
-28
-28
-30
-33
-30
-26
-25
-23
-21
-22
-21
-18
-16
-15
-13
-14
-7
-7
-8
-1
0
1
4
7
2
3
6
10
12
16
19
14
19
20
19
26
30
29
30
29
31
40
39
35
36
36
29
21
19
24
25
30
30
30
29
29
28
24
29
32
33
40
44
35
32
23
20
25
28
33
30
38
42
42
42
38
38
42
40
36
39
32
37
40
39
38
37
40
41
45
47
43
49
51
47
48
43
39
38
49
40
38
41
34
30
25
22
26
21
18
19
20
18
15
13
12
15
11
14
12
12
18
12
5
4
6
8
0
4
3
-6
-9
-4
-1
1
0
2
2
5
2
1
2
2
1
4
6
-3
2
0
4
5
2
9
3
1
1
-8
-12
-15
-10
-5
-10
-14
-14
-13
-7
-6
-4
-2
-4
-8
-11
-12
-19
-22
-22
-17
-8
-14
-12
-16
-14
-12
-17
-9
-8
-11
-7
-10
-12
-16
-24
-20
-12
-14
-11
-11
-18
-17
-21
-23
-21
-15
-20
-23
-17
-21
-20
-24
-28
-27
-26
-26
-29
-34
-37
-33
-31
-31
-28
-28
-29
-31
-33
-38
-45
-44
-43
-44
-37
-31
-28
-24
-23
-25
-22
-21
-29
-26
-30
-26
-27
-31
-30
-28
-22
-21
-18
-17
-18
-18
-18
-18
-20
-17
-11
-9
-15
-14
-13
-11
-6
-17
-15
-14
-16
-9
-8
-7
-8
-12
-19
-14
-9
-12
-7
-2
-1
6
4
3
-2
-9
-14
-10
-14
-15
-11
-12
-9
-8
-8
-8
-2
-1
-2
0
-4
-4
-6
-11
-8
-10
-9
-11
-14
-17
-18
-11
-9
-4
-8
-11
-5
-1
-3
-2
1
-1
8
11
14
7
2
3
-5
0
3
2
8
9
9
9
4
7
13
15
21
22
19
18
22
25
25
30
24
27
27
26
27
23
19
21
23
27
34
41
45
40
39
31
25
23
26
32
37
38
40
39
35
34
32
39
44
42
43
39
33
32
35
38
39
38
37
40
42
38
35
36
32
33
26
29
34
37
36
36
36
34
36
35
32
32
29
30
28
25
26
27
29
30
31
36
34
30
30
23
25
19
14
11
11
4
7
8
4
4
6
3
-4
2
0
6
10
5
2
-4
1
3
4
4
-2
0
-5
-12
-15
-18
-19
-25
-23
-19
-20
-15
-18
-23
-23
-24
-22
-15
-16
-17
-13
-16
-15
-19
-17
-18
-23
-21
-19
-12
-14
-16
-11
-6
-10
-11
-14
-12
-5
-10
-11
-6
-2
-6
-5
-11
-12
-16
-21
-18
-14
-12
-14
-16
-14
-7
-6
-5
-5
-3
2
2
0
-7
-10
-13
-13
-13
-16
-18
-19
-17
-20
-20
-11
-7
-10
-10
-12
-13
-16
-24
-21
-19
-20
-25
-25
-23
-19
-20
-23
-22
-14
-8
-12
-16
-20
-26
-28
-29
-28
-31
-31
-33
-36
-34
-32
-30
-24
-21
-24
-27
-32
-36
-33
-29
-30
-29
-28
-26
-32
-34
-34
-32
-37
-38
-30
-35
-36
-34
-36
-42
-48
-39
-31
-29
-27
-35
-34
-35
-38
-33
-30
-30
-28
-23
-21
-27
-29
-26
-22
-18
-12
-6
-9
-5
1
0
-8
-4
5
1
2
4
5
4
2
2
10
15
20
22
27
34
30
27
37
38
38
40
31
33
29
30
35
29
28
23
32
39
41
39
35
27
29
31
26
26
18
16
10
12
12
15
14
19
25
21
18
12
3
6
13
8
7
10
15
14
18
16
14
18
12
11
11
15
16
18
14
12
14
13
17
23
27
34
42
41
41
44
37
30
31
34
36
36
36
35
34
39
42
41
42
41
44
40
38
41
36
32
28
32
32
37
38
39
37
31
29
28
32
26
24
22
23
21
20
21
19
17
21
17
16
12
5
2
5
11
10
-1
-1
0
0
5
2
-1
0
-3
-2
-1
-2
0
1
3
-1
-5
-15
-19
-12
0
-7
-2
-2
-9
-10
-9
-6
-16
-15
-14
-13
-15
-13
-13
-13
-15
-15
-8
-10
-6
-5
-14
-14
-16
-17
-24
-26
-20
-22
-20
-17
-22
-22
-22
-26
-25
-25
-26
-29
-30
-33
-36
-37
-35
-33
-32
-40
-38
-40
-42
-39
-36
-33
-33
-39
-45
-44
-44
-48
-53
-52
-51
-44
-45
-46
-42
-40
-40
-41
-35
-37
-39
-46
-46
-44
-41
-45
-39
-34
-33
-34
-34
-31
-34
-27
-27
-23
-18
-20
-22
-24
-24
-25
-22
-16
-11
-7
-6
-3
-4
-1
-2
-4
2
2
-2
2
7
9
7
12
14
9
9
3
3
4
8
5
5
12
7
6
8
6
2
1
7
8
7
3
5
12
13
8
11
10
10
7
5
4
-5
-8
-15
-10
-5
-4
4
2
-4
-1
-2
-7
-3
-3
-9
-3
0
-5
-3
3
9
10
25
26
28
24
19
23
16
13
9
12
19
17
15
17
17
22
27
37
42
36
39
39
42
38
39
33
31
39
42
45
35
32
36
32
35
39
39
37
39
39
32
35
27
29
39
40
39
37
38
32
37
36
39
43
34
27
22
25
24
31
30
27
29
28
28
21
15
13
20
20
25
22
23
25
16
18
12
9
10
8
11
13
11
9
6
4
8
8
3
9
14
14
17
11
9
2
-3
2
-1
3
2
1
8
12
9
3
-2
1
-2
-3
-11
-21
-17
-25
-18
-17
-12
-7
-8
-8
-14
-11
-11
-6
-13
-13
-17
