-32
-55
-51
-57
-58
-61
-67
-67
-61
-66
-68
-66
-66
-65
-62
-66
-67
-69
-62
-55
-57
-58
-54
-53
-52
-50
-50
-43
-41
-35
-35
-29
-27
-27
-22
-26
-16
-11
-6
1
5
6
3
-3
-12
-5
4
13
16
17
22
23
25
29
28
29
25
25
33
37
38
38
34
35
35
34
38
34
28
31
29
21
24
17
13
14
15
14
11
18
18
11
2
-5
-6
-18
-20
-25
-25
-21
-26
-20
-20
-24
-28
-31
-29
-28
-30
-35
-44
-47
-55
-53
-51
-47
-42
-39
-36
-32
-23
-19
-14
-9
-9
-9
-4
-2
-4
-6
-2
-3
3
10
8
12
15
10
10
14
17
23
25
25
32
38
39
45
50
53
52
57
57
52
61
60
54
48
55
62
61
65
67
63
55
52
51
46
45
43
42
44
48
54
54
54
55
61
61
63
60
58
67
67
60
66
70
72
70
62
67
71
66
68
68
64
62
58
55
54
52
51
50
53
53
45
47
49
50
53
46
42
40
42
44
42
34
39
39
32
32
30
26
22
22
20
22
17
14
16
17
9
5
6
5
4
-3
-6
-5
-5
-8
-6
-3
-8
-12
-18
-24
-23
-27
-25
-24
-25
-22
-19
-20
-22
-25
-36
-28
-32
-28
-15
-19
-16
-21
-25
-25
-21
-19
-14
-12
-20
-13
-10
-15
-16
-18
-17
-17
-17
-20
-29
-27
-29
-30
-24
-22
-16
-19
-22
-19
-19
-20
-22
-31
-28
-19
-19
-20
-19
-13
-10
-12
-11
-13
-13
-10
-12
-7
-4
-5
-6
-11
-8
-9
-16
-19
-23
-21
-24
-30
-34
-42
-39
-39
-37
-33
-39
-46
-43
-42
-41
-35
-36
-33
-43
-47
-49
-60
-62
-64
-63
-61
-69
-72
-74
-80
-82
-86
-92
-91
-90
-91
-94
-93
-90
-94
-92
-84
-86
-88
-93
-87
-80
-78
-77
-80
-71
-67
-65
-61
-59
-51
-43
-46
-38
-28
-24
-21
-22
-22
-23
-14
-18
-24
-16
-8
0
7
4
6
5
-1
4
7
3
6
1
-3
7
9
8
6
6
1
-1
3
9
5
6
8
6
5
12
13
12
11
8
9
3
6
1
-1
-6
-11
-2
2
11
15
12
14
15
15
10
13
11
17
21
24
18
15
18
14
25
34
40
41
40
37
41
38
34
38
43
44
31
34
45
48
55
55
57
60
65
64
60
64
70
72
75
75
69
70
63
59
59
51
55
56
57
59
51
54
58
56
53
54
50
43
43
41
38
39
35
36
32
31
31
26
32
38
42
48
50
55
61
59
53
46
47
46
50
51
53
58
45
40
37
42
45
44
35
37
37
37
35
29
27
23
22
16
16
22
22
20
17
17
15
16
15
23
13
4
0
-8
-14
-15
-10
-11
-8
-6
-8
-2
-3
-13
-11
-12
-13
-8
-9
-9
-12
-10
-15
-13
-9
-8
-6
-10
-10
-4
0
-1
3
8
13
9
2
-3
-1
0
3
4
4
3
-1
4
4
4
3
-3
-7
-3
-7
-10
-18
-24
-18
-24
-29
-33
-39
-41
-41
-41
-37
-34
-35
-34
-35
-39
-42
-38
-43
-48
-42
-39
-38
-35
-34
-26
-30
-32
-34
-42
-45
-57
-57
-46
-37
-29
-32
-42
-47
-49
-46
-43
-39
-30
-28
-29
-27
-28
-24
-27
-35
-38
-35
-34
-35
-31
-31
-21
-25
-30
-33
-34
-35
-40
-46
-54
-54
-52
-55
-58
-53
-59
-61
-68
-68
-64
-60
-53
-50
-46
-51
-45
-46
-53
-58
-66
-69
-71
-67
-66
-67
-62
-57
-53
-49
-47
-51
-57
-64
-59
-50
-43
-39
-40
-37
-42
-42
-39
-42
-40
-45
-39
-28
-27
-19
-10
-11
-15
-8
-10
-7
-3
0
1
2
6
-3
-4
-3
8
14
11
6
7
8
6
8
10
10
9
14
8
9
17
16
15
18
14
18
16
18
16
16
23
21
28
27
32
36
44
45
44
44
45
48
48
46
45
54
61
69
73
79
80
78
74
64
68
71
72
72
69
69
63
61
59
58
64
70
68
68
70
71
70
65
62
57
58
57
61
71
78
80
76
72
77
75
71
63
56
54
52
50
40
42
44
39
36
38
45
43
38
35
33
42
42
34
32
32
33
30
30
33
34
34
30
32
37
35
23
23
34
32
28
28
26
26
27
25
27
40
46
49
45
43
41
34
32
26
27
34
29
23
23
23
22
16
12
13
8
1
-2
-6
-2
-7
-13
-11
-16
-16
-18
-20
-26
-25
-21
-21
-25
-27
-32
-36
-37
-35
-12
-95
-133
-109
-111
-92
-93
-74
-79
-79
-78
-80
-70
-64
-58
-57
-62
-60
-53
-48
-48
-49
-45
-43
-45
-49
-48
-54
-51
-39
-35
-27
-29
-23
-22
-26
-21
-25
-19
-14
-15
-15
-13
-20
-15
-14
-14
-9
-14
-8
-12
-7
-5
0
7
13
21
25
25
31
36
34
45
49
54
54
43
47
39
41
36
32
34
37
46
49
54
46
41
40
35
31
29
32
32
29
29
26
25
13
8
13
17
15
14
22
22
25
25
26
23
23
16
9
13
6
8
13
13
12
15
11
9
9
6
4
1
-3
-7
-11
-11
-9
-15
-19
-17
-18
-19
-19
-19
-18
-22
-24
-25
-26
-33
-35
-36
-42
-43
-51
-46
-42
-46
-48
-46
-47
-45
-44
-46
-47
-48
-48
-46
-42
-39
-44
-53
-54
-53
-54
-52
-52
-48
-52
-48
-48
-43
-36
-35
-25
-33
-27
-21
-20
-19
-17
-10
-3
-5
-9
-8
-6
-2
2
10
16
19
18
12
11
6
2
3
5
3
0
-1
-5
-9
-9
-13
-15
-13
-12
-12
-12
-13
-16
-12
-17
-20
-18
-30
-33
-30
-32
-26
-31
-41
-40
-43
-50
-53
-67
-68
-70
-67
-68
-70
-62
-61
-58
-54
-50
-52
-46
-44
-44
-42
-37
-39
-38
-34
-29
-26
-31
-33
-34
-25
-19
-21
-14
-10
-8
0
-2
2
2
6
10
8
15
20
23
27
26
28
29
25
31
34
36
43
44
43
43
49
52
51
55
62
72
67
65
59
53
52
49
45
40
41
39
37
39
42
53
53
52
56
57
54
54
58
53
50
46
44
40
37
37
39
34
37
34
33
30
20
22
19
15
13
16
16
13
14
10
12
9
9
11
12
9
7
6
4
9
10
9
20
17
17
19
23
32
29
30
31
28
17
15
14
14
11
8
9
12
11
11
19
19
25
29
33
25
15
14
8
7
-2
0
-2
7
19
15
17
21
19
15
13
9
10
11
10
16
12
15
15
15
16
18
20
13
14
12
17
14
13
9
6
14
16
16
22
28
28
24
20
20
18
14
12
10
7
12
11
8
9
6
11
11
14
18
13
12
13
16
14
14
10
14
16
13
11
8
4
3
-7
-14
-12
-11
-10
-16
-12
-11
-13
-17
-15
-21
-24
-25
-21
-26
-33
-34
-41
-42
-45
-46
-49
-51
-52
-47
-40
-49
-51
-51
-45
-46
-45
-51
-49
-47
-46
-49
-58
-59
-61
-55
-52
-44
-47
-50
-53
-56
-57
-54
-48
-49
-49
-44
-44
-44
-44
-43
-42
-40
-36
-31
-30
-26
-20
-13
-15
-18
-17
-14
-6
-3
-1
6
4
10
15
17
14
3
6
1
11
9
15
21
16
15
7
10
9
7
7
7
13
8
0
-4
-8
-4
-7
-8
-15
-23
-25
-29
-34
-39
-38
-48
-52
-41
-42
-43
-48
-56
-59
-51
-47
-44
-42
-45
-41
-41
-40
-40
-44
-45
-46
-37
-30
-30
-26
-27
-20
-20
-25
-15
-10
-9
-4
-1
-3
-4
2
2
2
10
8
15
19
22
26
30
34
34
37
35
33
32
36
34
26
23
24
26
23
19
19
22
24
26
23
25
24
23
23
23
21
19
20
20
16
15
15
14
20
19
18
11
2
6
1
3
6
8
8
6
9
9
12
16
18
18
21
14
8
18
23
21
19
17
14
22
32
37
41
47
48
50
51
47
47
50
49
50
61
59
56
52
51
56
59
56
58
59
62
64
62
64
54
48
39
37
39
36
38
34
34
33
38
41
35
40
42
47
50
43
36
36
26
18
21
26
30
28
29
29
24
19
22
24
21
22
16
10
10
9
6
-1
-4
-2
-7
-13
-11
-12
-16
-17
-16
-18
-30
-31
-32
-37
-32
-29
-27
-27
-28
-28
-34
-32
-32
-25
-27
-31
-29
-30
-25
-20
-16
-9
-5
-6
-2
-4
1
2
-1
1
1
4
3
4
2
2
5
9
8
6
10
2
3
6
10
9
4
7
2
-2
-7
-20
-18
-19
-15
-11
-11
-10
-17
-16
-18
-27
-24
-20
-15
-14
-14
-14
-15
-13
-13
-14
-13
-10
-11
-21
-21
-16
-21
-19
-17
-20
-15
-12
-17
-16
-16
-16
-18
-24
-23
-23
-24
-23
-20
-17
-25
-26
-29
-37
-31
-32
-33
-32
-37
-32
-34
-30
-31
-32
-27
-31
-31
-36
-37
-42
-43
-41
-41
-33
-33
-33
-38
-36
-36
-34
-30
-23
-25
-27
-29
-27
-25
-30
-29
-28
-26
-19
-18
-19
-22
-19
-18
-24
-28
-29
-23
-25
-20
-12
-13
-18
-26
-20
-24
-23
-23
-23
-19
-13
-13
-20
-19
-19
-17
-16
-12
-7
-11
-4
-3
-11
-7
-15
-16
-10
-7
-1
9
8
10
12
19
14
11
21
14
14
15
14
10
11
12
19
28
33
31
38
39
33
34
29
28
22
28
35
37
47
51
49
35
29
26
25
22
19
24
17
8
0
2
7
9
12
9
12
3
-1
-1
-10
-4
-7
-10
-5
-7
-9
-7
-15
-6
-4
-10
-9
-5
-3
6
9
14
14
13
19
13
10
14
16
20
27
33
30
23
28
28
30
35
34
42
46
51
50
47
50
55
54
50
50
53
53
50
41
45
45
53
54
55
59
56
60
56
55
54
54
48
48
45
45
50
53
54
44
42
36
30
22
21
31
31
31
30
28
26
24
16
15
12
5
14
11
6
-4
-9
-10
-13
-14
-17
-18
-15
-8
-5
-6
-9
-9
-10
-16
-14
-13
-12
-15
-20
-21
-22
-22
-21
-25
-17
-16
-9
-11
-24
-19
-27
-22
-22
-23
-18
-22
-22
-18
-18
-27
-24
-27
-31
-25
-24
-21
-23
-21
-28
-27
-20
-23
-17
-19
-21
-29
-30
-29
-30
-28
-29
-35
-28
-24
-25
-25
-31
-26
-29
-27
-27
-34
-28
-26
-23
-25
-28
-31
-32
-32
-27
-31
-35
-31
-28
-34
-36
-35
-44
-48
-47
-46
-44
-43
-40
-38
-39
-41
-41
-40
-34
-24
-28
-21
-20
-12
-11
-11
-13
-9
-8
-12
-9
-6
-1
2
4
3
9
9
7
-1
-7
-1
1
0
1
-6
-7
-11
-20
-18
-18
-15
-13
-16
-15
-17
-13
-13
-15
-16
-27
-23
-24
-27
-26
-29
-30
-27
-14
-9
-4
1
0
7
8
7
8
3
2
-1
-8
-3
-2
-3
-5
-4
-2
4
6
14
13
11
8
9
11
1
0
-2
2
0
-6
-7
-11
-10
-8
-7
1
8
11
11
14
13
9
10
9
10
12
12
17
13
13
16
19
15
17
26
21
27
23
20
21
13
14
7
3
7
7
6
7
6
2
5
11
12
19
20
15
17
15
13
10
9
12
9
11
10
10
13
13
12
11
16
20
16
5
16
19
22
20
20
19
17
22
20
19
25
20
17
16
14
18
18
27
28
28
32
27
23
22
24
23
21
18
15
15
9
10
9
13
12
15
23
26
33
31
37
37
38
38
34
29
24
24
22
20
11
6
8
1
5
8
2
1
1
3
5
8
10
15
13
9
9
4
-3
-2
-2
-2
-8
-11
0
1
8
2
1
12
17
15
22
24
20
19
17
20
22
21
15
15
11
19
13
15
20
19
21
25
33
31
28
26
21
19
11
8
3
4
2
-1
0
2
5
7
7
5
9
12
11
7
9
11
12
8
0
-2
-6
-3
-4
-7
-2
-3
1
-1
-4
-3
-1
-3
-5
-2
1
5
4
9
5
5
8
6
7
3
4
5
9
6
3
9
3
5
5
-1
-4
-10
-12
-15
-12
-11
-16
-8
-16
-16
-17
-26
-20
-20
-19
-26
-32
-30
-32
-39
-41
-38
-37
-36
-35
-31
-32
-34
-38
-34
-40
-40
-42
-43
-47
-50
-40
-36
-34
-28
-37
-33
-32
-36
-31
-35
-31
-33
-34
-23
-24
-33
-32
-29
-18
-20
-16
-7
-14
-13
-5
-5
-7
-11
-10
-7
-13
-7
-6
-7
-4
-9
-15
-12
-6
-4
1
2
7
0
4
11
15
19
12
14
11
10
10
0
1
8
3
3
8
4
2
-5
-4
1
-5
-5
-6
-7
-14
-18
-26
-25
-24
-21
-19
-28
-22
-33
-35
-32
-35
-41
-40
-33
-38
-43
-48
-47
-49
-51
-39
-32
-28
-25
-28
-30
-22
-18
-19
-20
-22
-21
-25
-34
-30
-27
-30
-31
-21
-19
-18
-8
4
6
7
10
12
4
2
1
-9
-4
-1
-1
6
10
5
12
16
14
20
25
25
25
22
23
21
18
21
20
21
22
25
31
33
30
31
29
33
32
25
24
18
15
9
5
13
10
8
11
10
14
12
15
23
23
23
24
26
32
25
30
34
24
25
24
25
20
18
23
21
25
20
27
34
26
26
30
36
36
38
37
28
31
39
44
49
50
57
60
58
56
57
58
64
62
55
57
50
48
48
42
46
46
51
50
45
39
38
33
25
30
26
26
24
23
20
11
9
2
4
7
7
1
-6
-3
-5
-6
-3
-4
2
6
3
6
8
1
1
3
4
3
-6
-9
-7
-5
-11
-11
-9
-9
-3
10
6
0
6
-5
-12
-13
-20
-24
-21
-25
-24
-21
-25
-16
-24
-18
-20
-20
-9
-16
-16
-8
-11
-11
-6
-15
-13
-14
-17
-11
-6
-9
-7
-9
-14
-7
-9
-13
-10
-8
-1
-4
-4
-9
-8
-7
-7
-6
-11
-15
-16
-19
-21
-18
-29
-32
-28
-29
-24
-33
-31
-39
-43
-37
-42
-46
-46
-44
-55
-49
-50
-54
-51
-51
-46
-47
-44
-46
-53
-52
-52
-51
-58
-57
-48
-43
-43
-43
-42
-41
-41
-44
-42
-37
-34
-35
-30
-37
-32
-28
-26
-12
-14
-7
-16
-18
-11
-7
-7
-10
0
-6
-9
-6
-2
2
-3
-6
-2
-2
-5
-2
-6
-7
-3
-4
-3
2
1
0
2
3
6
0
2
0
-16
-18
-14
-19
-26
-28
-24
-23
-24
-18
-19
-27
-19
-22
-18
-23
-32
-30
-30
-26
-27
-24
-21
-19
-16
-15
-19
-14
-17
-15
-13
-7
-10
-5
-12
-11
-4
-5
6
9
12
14
17
22
26
24
20
24
20
18
22
24
28
37
37
40
42
42
37
35
36
33
38
27
29
27
19
21
23
30
35
31
33
31
32
40
33
29
21
25
20
24
39
35
39
41
47
49
42
36
33
33
29
29
30
30
29
35
26
27
38
32
34
34
30
27
29
31
32
27
22
24
30
31
34
36
32
34
32
37
27
26
23
18
28
32
34
37
42
47
52
53
53
52
52
43
44
46
44
48
45
48
50
47
51
54
52
54
53
49
51
55
56
58
60
54
51
47
48
49
41
40
36
36
27
23
27
35
39
35
42
36
37
39
31
26
16
15
20
14
13
12
15
15
9
1
-10
-11
-14
-21
-24
-23
-23
-36
-40
-39
-40
-35
-47
-39
-39
-41
-34
-43
-35
-45
-51
-47
-45
-44
-38
-40
-45
-43
-41
-40
-41
-31
-35
-23
-16
-19
-23
-34
-31
-35
-31
-34
-37
-40
-37
-44
-47
-47
-56
-54
-56
-53
-54
-55
-55
-61
-62
-65
-69
-71
-79
-81
-80
-78
-71
-73
-69
-68
-69
-70
-75
-80
-81
-77
-73
-77
-80
-80
-89
-81
-77
-73
-68
-69
-71
-70
-73
-72
-73
-74
-71
-74
-74
-76
-70
-74
-75
-75
-67
-66
-66
-61
-56
-47
-42
-38
-38
-31
-27
-31
-23
-15
-14
-8
-6
-13
-7
-4
0
6
7
7
17
24
21
27
26
27
34
33
34
34
41
43
42
44
38
36
29
33
32
28
29
31
39
30
24
19
17
18
12
13
6
4
1
-6
-9
-12
-9
-10
-10
-1
-1
3
0
6
3
-7
3
-2
-11
-10
-9
-18
-17
-12
-19
-17
-13
-3
-10
-8
-3
-5
-5
-10
-1
6
12
9
11
20
25
33
39
37
34
37
32
34
35
30
30
28
21
27
34
40
39
40
49
55
62
52
46
41
40
43
41
38
42
46
42
44
44
42
41
37
47
56
61
64
60
62
62
56
51
49
57
54
54
61
57
58
58
56
53
54
56
57
59
58
66
57
52
55
50
50
45
40
36
32
33
33
26
25
28
30
30
30
32
33
31
29
23
28
31
26
31
28
31
40
29
29
31
24
18
19
19
22
31
36
31
34
29
24
25
32
27
20
20
21
24
21
24
24
29
25
16
17
12
2
1
-7
-9
-2
2
9
7
9
6
2
-3
-15
-12
-13
-16
-15
-14
-21
-24
-22
-29
-34
-26
-27
-25
-29
-34
-28
-39
-34
-42
-52
-53
-56
-59
-53
-55
-57
-54
-54
-51
-53
-50
-48
-49
-53
-52
-55
-62
-65
-67
-60
-59
-59
-55
-50
-50
-52
-54
-45
-43
-37
-28
-30
-30
-29
-25
-28
-32
-33
-28
-23
-19
-18
-22
-28
-29
-29
-31
-33
-26
-19
-18
-25
-19
-16
-31
-25
-22
-24
-32
-32
-38
-37
-28
-32
-23
-19
-14
-12
-16
-18
-21
-18
-20
-21
-23
-29
-27
-36
-40
-45
-47
-38
-36
-36
-31
-26
-31
-30
-33
-24
-25
-31
-30
-31
-28
-29
-27
-22
-24
-18
-21
-23
-17
-22
-18
-21
-17
-12
-21
-21
-19
-15
-16
-16
-12
-11
-10
-5
-1
-2
0
9
11
7
4
4
7
11
11
12
10
19
24
24
28
21
23
14
17
18
13
17
15
17
16
21
19
18
27
25
15
17
15
22
31
35
31
30
32
23
20
16
15
16
12
8
5
-3
-14
-11
-1
3
7
14
12
11
15
18
19
16
14
13
20
22
26
21
22
26
20
24
31
32
30
25
25
25
26
32
26
33
29
29
49
51
57
54
52
54
53
51
50
49
53
59
58
63
64
59
61
59
63
77
66
64
62
45
41
51
58
47
42
41
40
35
28
22
15
20
23
23
28
19
22
22
20
15
14
15
12
15
14
15
9
12
6
9
12
17
21
17
24
22
21
19
15
17
15
20
26
25
24
24
24
25
19
17
14
11
13
10
9
13
14
14
14
17
15
12
6
9
5
4
3
-9
-16
-13
-13
-24
-23
-21
-20
-23
-28
-29
-26
-28
-28
-29
-30
-27
-29
-29
-33
-34
-33
-33
-24
-24
-24
-23
-29
-24
-27
-28
-29
-33
-40
-39
-41
-39
-35
-32
-21
-22
-19
-18
-12
-14
-17
-22
-24
-26
-28
-32
-37
-33
-36
-28
-25
-25
-24
-21
-20
-19
-14
-23
-29
-29
-34
-31
-26
-28
-32
-31
-33
-36
-36
-38
-27
-22
-20
-17
-20
-18
-16
-20
-16
-21
-24
-24
-25
-24
-28
-25
-30
-31
-31
-30
-23
-29
-32
-35
-30
-19
-20
-24
-19
-12
-10
-9
-13
-2
-3
-11
-10
-15
-11
-16
-18
-12
-11
-9
-16
-15
-10
-13
-12
-9
-11
-14
-14
-16
-21
-24
-20
-25
-19
-17
-27
-25
-24
-29
-29
-30
-34
-33
-32
-30
-27
-23
-23
-25
-23
-19
-21
-31
-33
-31
-32
-37
-38
-39
-36
-30
-28
-23
-23
-16
-8
-12
-10
-8
-8
-9
-12
-7
-1
0
-5
1
-5
-3
-6
-12
-14
-6
1
-1
5
9
11
9
15
20
29
31
22
20
22
19
16
18
13
16
23
21
29
37
29
28
24
21
23
22
25
34
29
27
23
13
13
10
6
6
9
12
23
25
24
25
21
13
9
20
23
25
27
26
33
32
29
25
30
28
30
28
26
26
26
28
28
33
30
38
34
33
37
36
40
39
35
38
42
47
43
47
49
46
50
43
45
49
44
44
49
49
47
41
40
34
39
49
45
46
48
45
46
38
36
34
30
29
30
22
21
18
19
16
18
22
25
27
23
23
10
6
-5
-11
-13
-17
-12
-12
-6
0
7
7
5
5
2
-8
-13
-9
-15
-11
-10
-8
-8
-4
2
0
13
14
17
20
17
11
11
3
-5
-2
-2
5
17
11
18
24
22
31
29
20
18
16
18
12
16
16
5
-1
-3
-5
-6
-2
-6
-5
-12
-14
-16
-18
-21
-26
-19
-20
-18
-20
-30
-31
-26
-27
-25
-22
-27
-26
-26
-31
-33
-35
-29
-31
-35
-36
-35
-42
-40
-46
-53
-52
-55
-49
-52
-51
-49
-42
-40
-39
-46
-46
-35
-41
-43
-42
-36
-27
-31
-31
-24
-24
-18
-21
-21
-22
-18
-11
-10
-11
-16
-10
-11
-18
-20
-22
-23
-15
-22
-29
-28
-27
-27
-21
-22
-23
-25
-21
-20
-26
-22
-25
-29
-30
-29
-35
-32
-33
-32
-35
-36
-39
-44
-40
-44
-46
-47
-47
-44
-46
-47
-46
-42
-48
-39
-37
-32
-28
-32
-28
-28
-21
-23
-24
-22
-22
-23
-25
-32
-31
-20
-18
-19
-8
-11
-10
-1
-2
-1
0
3
5
10
9
15
21
24
19
23
25
27
29
23
25
19
19
26
28
29
38
39
34
37
33
36
32
28
28
28
23
22
22
18
22
22
23
25
22
26
21
11
17
7
9
7
11
11
4
15
12
15
16
17
17
15
15
12
17
16
13
15
17
19
24
25
27
31
28
29
32
35
36
39
41
35
31
31
30
29
24
25
21
25
24
25
28
25
27
32
29
28
21
16
20
19
22
25
36
39
39
42
38
38
44
43
44
40
35
35
30
31
30
35
38
36
47
48
52
53
51
51
41
39
34
32
29
26
20
24
28
32
37
42
48
43
48
43
39
35
25
19
18
13
16
19
17
13
8
7
5
6
9
5
3
-1
-5
-2
-7
-12
-5
-3
-5
-4
-6
-8
0
5
-1
-4
-10
-7
0
2
5
11
13
12
9
11
3
2
4
-4
-6
2
1
8
9
11
11
17
17
11
5
6
4
-3
1
-5
-8
-7
-4
-8
-9
-16
-16
-21
-25
-29
-43
-43
-51
-48
-40
-47
-48
-51
-45
-50
-57
-52
-60
-56
-58
-56
-57
-63
-63
-70
-70
-70
-69
-63
-62
-62
-63
-66
-76
-73
-63
-61
-53
-49
-50
-46
-44
-48
-46
-45
-46
-38
-32
-29
-26
-26
-20
-22
-17
-11
-8
1
3
5
12
9
8
9
7
5
3
7
6
6
4
-2
2
8
9
13
11
7
12
13
11
6
7
6
-2
-2
-4
-5
-8
-7
-14
-21
-25
-26
-30
-38
-34
-32
-28
-24
-25
-31
-33
-35
-34
-31
-31
-33
-39
-41
-35
-34
-38
-31
-30
-30
-29
-29
-27
-23
-19
-16
-15
-24
-23
-27
-29
-26
-23
-17
-8
-5
-5
-4
-4
-7
1
8
6
10
8
11
9
7
12
9
9
11
10
18
19
8
3
3
6
2
8
12
17
14
12
11
4
4
-1
1
8
12
15
25
26
21
19
20
20
29
36
35
34
32
32
31
32
29
28
30
28
28
33
35
34
36
26
21
19
18
25
22
14
12
15
15
12
17
25
21
27
32
33
31
29
36
38
36
35
36
42
48
53
56
58
59
60
67
69
76
74
75
74
68
68
61
57
53
54
53
53
57
61
57
47
42
43
41
39
41
45
40
30
25
20
14
9
9
12
9
10
11
12
13
11
17
9
2
3
2
0
-2
-7
-8
-7
-12
-15
-14
-18
-18
-22
-27
-30
-39
-43
-47
-47
-44
-42
-43
-41
-41
-39
-40
-46
-51
-50
-53
-52
-46
-36
-32
-36
-30
-29
-26
-25
-25
-19
-13
-10
-6
-11
-12
-15
-17
-15
-8
-2
-2
-2
-4
1
-5
-1
-5
-6
-3
-7
-6
-2
-10
-10
-9
-16
-9
-12
-13
-10
-12
-7
-11
-13
-15
-9
-7
-9
-13
-14
-12
-25
-21
-20
-17
-15
-21
-22
-24
-22
-17
-12
-10
-12
-19
-21
-22
-28
-33
-38
-34
-37
-35
-26
-38
-33
-23
-21
-18
-25
-29
-34
-41
-40
-45
-43
-45
-43
-39
-32
-26
-28
-31
-34
-31
-31
-36
-39
-33
-30
-32
-33
-32
-27
-30
-29
-27
-21
-21
-25
-29
-26
-25
-32
-34
-36
-33
-35
-38
-36
-32
-35
-30
-35
-42
-41
-40
-29
-28
-30
-29
-28
-29
-24
-25
-19
-23
-22
-18
-19
-14
-10
-2
1
10
17
18
19
17
19
13
10
10
14
12
13
14
17
23
29
28
28
26
28
35
36
29
25
24
17
22
18
20
20
16
23
19
28
34
42
42
35
35
31
31
30
30
29
29
35
33
31
27
26
24
25
24
23
26
23
28
29
29
30
27
16
16
16
23
26
23
25
30
34
31
28
28
28
24
24
19
28
35
42
44
46
47
45
44
41
44
37
34
30
27
23
19
17
17
21
22
24
24
28
26
26
23
18
21
21
17
14
10
8
12
19
26
29
31
33
38
41
39
32
22
23
26
24
20
23
23
28
27
27
33
31
35
35
32
26
28
33
30
38
40
40
47
53
47
40
41
36
39
51
44
42
50
45
42
39
38
26
25
20
16
20
17
15
10
7
5
-2
-4
-3
-4
-3
-8
-7
-12
-15
-19
-26
-25
-21
-16
-18
-14
-16
-17
-21
-21
-16
-18
-14
-8
-3
-2
-6
-11
-14
-16
-22
-26
-28
-29
-20
-18
-19
-15
-14
-9
-10
-12
-19
-23
-24
-26
-27
-31
-30
-26
-23
-31
-40
-44
-47
-41
-35
-34
-36
-39
-43
-40
-43
-44
-42
-43
-39
-35
-40
-37
-35
-41
-38
-42
-40
-43
-51
-54
-54
-59
-63
-52
-53
-52
-47
-45
-40
-44
-41
-42
-45
-39
-41
-47
-43
-42
-48
-46
-48
-45
-41
-42
-40
-28
-20
-17
-13
0
7
6
4
-5
-6
-6
-3
2
3
6
14
15
15
16
21
25
23
23
21
17
16
11
10
7
8
10
7
-4
-8
-16
-25
-22
-28
-30
-31
-27
-26
-27
-32
-32
-30
-33
-33
-31
-28
-28
-25
-22
-23
-19
-24
-24
-17
-16
-19
-14
-9
-14
-13
-17
-23
-19
-19
-11
-13
-11
-4
-3
6
1
-3
-1
-5
-16
-20
-17
-17
-14
-13
-20
-18
-17
-15
-10
-10
-7
-15
-15
-14
-12
-12
-21
-22
-31
-31
-31
-26
-14
-10
-3
-4
0
-5
-3
-3
-2
3
-4
0
1
4
10
16
25
25
24
26
24
26
28
25
26
28
35
35
41
48
54
49
50
60
61
64
59
56
50
52
50
56
58
56
57
55
57
52
52
50
50
52
48
48
52
52
50
46
47
44
40
36
34
35
39
41
47
43
39
40
32
31
31
37
33
35
38
32
33
29
32
29
26
31
32
29
24
21
17
15
17
18
7
13
12
10
10
3
-1
2
5
0
0
2
2
4
5
2
-2
-4
-8
-9
-11
-6
-7
-11
-11
-4
-5
-13
-8
-9
-8
0
-3
0
-3
-1
0
1
0
-1
3
8
8
11
14
15
15
14
15
11
13
12
14
16
18
17
18
23
22
18
28
33
36
31
27
23
20
13
4
1
1
-5
-10
-10
-10
-15
-16
-14
-19
-21
-24
-29
-38
-40
-52
-59
-62
-64
-66
-70
-74
-74
-70
-73
-78
-77
-65
-63
-57
-54
-54
-44
-39
-45
-45
-44
-45
-43
-45
-38
-35
-29
-34
-29
-26
-20
-7
-9
-3
-2
-6
1
-1
-6
-2
-4
-7
-6
-5
-7
-4
-1
1
1
6
7
3
4
2
-3
-8
-11
-11
-13
-10
-10
-21
-22
-23
-28
-29
-29
-34
-37
-43
-47
-49
-55
-50
-53
-56
-53
-58
-60
-56
-52
-51
-54
-45
-43
-40
-36
-44
-42
-40
-42
-37
-30
-30
-30
-25
-19
-14
-14
-12
-16
-15
-6
-5
6
13
15
22
19
18
17
16
16
19
10
8
16
16
12
8
9
8
7
11
9
9
9
12
10
8
16
13
12
4
2
2
4
5
2
3
8
13
9
8
9
11
16
17
19
18
11
9
13
12
10
12
14
13
12
18
27
32
35
37
39
42
43
44
46
46
41
41
43
45
42
34
42
48
51
52
58
55
54
55
50
49
48
51
49
42
36
37
37
39
45
46
37
36
34
28
28
24
24
26
29
31
36
41
48
49
47
49
48
48
49
49
39
39
32
27
27
21
22
20
28
27
32
37
32
31
25
20
20
17
9
14
14
3
-1
-3
0
0
1
-2
-12
-12
-9
-12
-17
-19
-20
-15
-11
2
5
6
7
1
1
6
5
4
0
-4
1
7
5
9
12
9
9
7
7
10
14
13
11
10
8
6
7
8
3
9
11
13
13
9
6
1
-3
-6
-11
-18
-13
-12
-14
-14
-18
-17
-17
-15
-17
-20
-24
-25
-26
-34
-37
-36
-36
-41
-41
-42
-47
-47
-45
-44
-39
-36
-37
-38
-39
-41
-36
-42
-44
-47
-52
-52
-55
-51
-63
-61
-59
-59
-57
-56
-44
-44
-37
-31
-29
-17
-17
-19
-23
-30
-31
-32
-30
-21
-19
-17
-17
-13
-12
-8
4
4
5
6
7
3
2
-1
3
2
5
4
4
6
3
5
4
3
2
6
7
10
13
13
10
11
14
14
14
13
12
11
4
-3
1
-2
-3
-5
-8
-12
-13
-13
-12
-12
-13
-11
-13
-16
-19
-17
-18
-14
-18
-20
-22
-27
-29
-35
-30
-31
-28
-25
-27
-24
-25
-23
-16
-12
-11
-13
-13
-12
-14
-10
-11
-11
-15
-8
-7
0
9
0
4
11
19
16
14
17
12
11
16
28
28
27
23
20
19
28
24
10
14
13
15
13
9
6
3
8
1
-1
0
0
2
-3
-5
-6
-14
-20
-23
-27
-26
-31
-18
-14
-19
-11
-7
-15
-7
-5
-1
4
0
-3
-15
-20
-19
-18
-13
-1
1
8
10
12
14
13
15
21
28
23
26
23
26
26
30
25
19
25
23
28
37
38
33
34
37
41
39
44
43
44
37
37
41
40
49
50
53
46
46
44
44
40
35
31
25
22
20
23
22
22
17
19
14
3
5
8
8
9
-3
1
-5
-7
-7
-14
-11
-15
-15
-12
-8
-8
-5
-4
-2
-2
4
6
7
9
7
12
12
10
9
8
5
2
8
12
18
23
23
24
25
26
23
23
23
24
23
17
16
14
6
6
12
10
11
13
9
5
7
9
7
6
6
3
-3
-5
-2
-3
-13
-12
-11
-11
-12
-15
-14
-7
-3
-5
4
7
2
4
1
8
6
3
1
-12
-15
-25
-29
-26
-34
-32
-30
-24
-23
-19
-16
-23
-29
-30
-30
-28
-24
-23
-29
-31
-27
-28
-26
-19
-22
-22
-18
-18
-18
-19
-20
-26
-24
-17
-21
-16
-4
-2
1
4
2
0
-3
-3
-5
-4
-5
-9
-9
-11
-14
-4
-4
-7
-3
-5
-7
-7
-9
-13
-11
-15
-16
-17
-12
-15
-10
-5
-9
-11
-10
-16
-13
-12
-22
-23
-22
-22
-24
-26
-29
-32
-29
-25
-15
-9
-13
-14
-17
-17
-18
-23
-22
-18
-20
-23
-22
-17
-13
-9
-3
0
2
-1
-4
0
-6
-11
-10
-8
-11
-13
-6
-8
-6
-7
-13
-12
-11
-12
-13
-14
-21
-17
-19
-22
-16
-23
-19
-16
-18
-15
-18
-16
-16
-21
-21
-15
-10
-3
3
2
4
8
6
11
12
10
11
9
9
6
10
6
5
6
12
19
18
25
24
25
23
21
21
21
28
30
28
27
21
17
21
21
18
15
15
19
17
15
11
16
16
9
12
14
16
14
16
15
9
8
5
10
5
-2
1
-4
1
-4
0
1
-8
-7
1
3
-2
-7
-13
-15
-19
-16
-16
-18
-12
-4
0
2
1
1
5
7
8
13
9
10
12
17
23
24
27
19
16
19
23
25
30
30
22
23
17
15
19
13
24
30
32
35
34
36
29
22
19
15
15
12
10
11
11
11
6
11
19
26
38
39
35
32
33
35
32
23
21
20
11
21
22
25
27
29
26
21
20
17
21
15
17
19
15
15
11
13
10
2
1
-3
-2
-5
-3
-6
-12
-18
-18
-11
-11
-10
-8
-12
-17
-11
-4
-4
-9
-11
-12
-16
-13
-13
-18
-11
-7
-6
1
2
7
7
10
10
7
9
4
9
12
14
20
21
19
20
16
16
14
16
15
9
13
11
7
4
5
9
3
3
-3
-2
0
5
1
-10
-11
-18
-13
-17
-15
-14
-18
-13
-8
-3
-5
-5
-3
-3
-2
1
0
-5
-8
-9
-8
-6
-14
-18
-16
-15
-12
-18
-18
-14
-17
-16
-16
-16
-21
-17
-11
-11
-6
-9
-17
-14
-16
-13
-7
-13
-18
-21
-25
-30
-28
-32
-30
-20
-19
-13
-11
-15
-14
-14
-21
-21
-19
-25
-20
-16
-15
-12
-7
-9
-10
-7
-14
-14
-6
-2
4
5
-4
-3
-2
-1
-4
-3
-5
-5
-2
-4
-9
-21
-25
-23
-21
-23
-22
-25
-28
-34
-31
-29
-30
-28
-24
-19
-26
-32
-32
-31
-29
-32
-38
-40
-43
-37
-28
-23
-19
-25
-18
-18
-18
-16
-11
-12
-21
-25
-23
-19
-19
-20
-14
-12
-18
-19
-18
-13
-5
-6
-7
-3
-1
7
4
-1
-4
-4
4
5
6
-2
-2
4
2
6
14
20
17
23
23
18
22
18
20
17
14
3
-3
-9
-13
-8
-7
-5
-7
-13
-14
-9
-8
-5
-10
-17
-18
-18
-16
-14
-13
-17
-19
-29
-33
-33
-41
-35
-34
-39
-30
-20
-13
-11
-5
0
0
1
1
2
1
0
9
14
15
18
28
36
36
42
49
54
55
57
58
60
67
68
62
62
56
50
53
53
57
64
71
70
73
76
78
76
72
72
65
62
61
60
58
58
49
39
39
38
40
43
39
45
49
45
51
48
50
52
44
41
33
24
28
28
22
18
9
11
13
14
13
13
8
-1
-5
0
-1
4
7
0
-4
-10
-16
-22
-21
-22
-22
-16
-12
-14
-15
-15
-19
-16
-15
-11
-4
-11
-7
-8
-18
-21
-20
-17
-12
-10
-11
-6
-11
-11
-6
-8
-9
-18
-22
-22
-26
-17
-11
-14
-14
-13
-18
-28
-34
-33
-34
-28
-25
-29
-31
-32
-25
-28
-21
-11
-13
-12
-18
-11
-11
-17
-19
-22
-25
-33
-41
-43
-42
-42
-36
-21
-19
-21
-17
-25
-26
-28
-28
-23
-30
-37
-28
-31
-23
-14
-12
-16
-17
-13
-18
-8
-10
-13
-15
-14
-16
-15
-12
-13
-10
-9
-6
-3
-2
1
-3
-2
-2
1
3
2
4
9
14
18
16
11
6
8
12
10
3
8
7
7
5
0
-7
-16
-12
-15
-16
-19
-24
-28
-25
-27
-27
-29
-29
-30
-25
-27
-29
-32
-34
-30
-38
-42
-47
-43
-45
-45
-48
-46
-44
-43
-38
-41
-46
-52
-52
-52
-44
-43
-49
-49
-46
-39
-30
-23
-19
-10
-5
-3
-5
-9
-9
-6
-3
-6
-6
-9
-8
-1
4
9
16
17
18
22
23
30
26
26
36
32
37
42
44
45
44
44
40
38
36
32
33
31
29
27
30
36
30
26
30
23
24
32
33
38
32
26
18
14
15
21
24
22
23
20
18
12
12
14
12
10
11
10
6
9
6
2
4
7
13
18
17
18
17
19
19
21
21
20
25
24
27
38
35
37
33
37
40
46
53
48
54
48
49
44
36
40
46
53
47
46
47
48
46
40
35
29
35
35
32
33
34
34
33
32
31
34
27
27
26
28
24
14
11
10
12
19
22
19
23
24
21
16
15
12
13
6
2
4
5
6
6
-2
-1
-5
-4
1
-4
3
4
2
7
6
-1
5
5
2
2
3
10
16
20
21
17
17
16
15
18
16
20
22
21
23
25
29
32
24
27
29
33
36
29
28
27
27
28
30
32
36
36
38
37
31
28
28
26
19
10
5
13
3
-11
-21
-27
-26
-29
-27
-31
-37
-36
-39
-44
-45
-47
-50
-53
-54
-56
-54
-57
-63
-62
-68
-77
-90
-93
-93
-91
-84
-91
-84
-82
-77
-67
-75
-70
-65
-60
-59
-69
-71
-80
-76
-75
-80
-74
-74
-62
-59
-51
-45
-46
-42
-40
-41
-40
-32
-20
-17
-11
-4
-7
-7
-8
-3
-3
-1
11
7
7
4
5
6
-2
1
4
9
15
19
22
19
18
12
10
5
2
3
-4
-14
-19
-25
-23
-29
-20
-19
-24
-17
-18
-19
-22
-26
-38
-38
-41
-47
-49
-46
-42
-52
-53
-59
-61
-56
-49
-41
-35
-38
-41
-34
-31
-34
-32
-29
-33
-28
-25
-25
-22
-21
-24
-24
-20
-14
-1
-2
0
8
9
9
6
8
13
19
16
15
18
20
23
32
29
22
21
19
26
25
23
20
18
23
24
28
22
17
21
21
26
27
27
27
25
28
24
24
24
19
15
8
4
3
10
13
16
14
14
14
13
21
20
22
21
17
9
8
4
4
2
3
0
2
8
8
17
19
19
21
22
21
18
23
22
33
32
30
37
36
36
33
32
29
30
33
44
53
59
64
56
63
64
60
57
54
54
51
52
51
53
47
44
42
47
44
42
46
37
33
29
27
29
30
29
30
27
26
28
23
24
25
18
23
24
19
16
14
21
25
24
19
20
16
19
19
19
25
17
22
22
18
17
18
23
22
21
15
19
8
4
-3
-9
-8
-9
-3
-6
-4
-5
-3
1
-2
-5
-19
-23
-32
-37
-34
-44
-36
-33
-26
-19
-22
-17
-9
-7
-7
-6
-4
1
0
4
2
0
-1
-2
6
2
1
-2
-5
-2
-2
1
1
-2
-4
-11
-10
-13
-11
-10
-18
-14
-21
-26
-23
-27
-31
-39
-47
-46
-50
-50
-43
-45
-39
-38
-41
-41
-32
-31
-34
-39
-41
-45
-48
-48
-50
-42
-44
-45
-44
-43
-40
-38
-35
-40
-41
-41
-46
-44
-46
-39
-30
-32
-31
-33
-31
-33
-36
-38
-37
-35
-35
-39
-43
-42
-34
-24
-22
-18
-12
-2
2
3
3
7
6
7
6
5
5
5
5
8
17
20
24
27
28
34
34
36
32
28
21
16
14
8
5
-2
-5
0
7
0
-6
-10
-14
-22
-30
-26
-31
-33
-32
-36
-35
-36
-44
-49
-45
-39
-42
-43
-44
-42
-43
-42
-41
-34
-30
-29
-29
-21
-19
-18
-12
-18
-19
-17
-18
-20
-8
-5
-1
5
-3
2
9
15
12
16
20
22
32
34
32
34
35
33
37
42
42
45
49
51
49
49
52
48
44
47
44
40
43
49
57
58
55
62
53
50
49
49
51
47
44
41
43
37
38
29
31
33
20
19
16
17
19
14
7
5
6
1
4
5
5
8
5
4
1
3
-3
5
3
8
18
14
17
12
13
21
29
29
32
35
34
32
25
20
16
18
14
19
26
31
32
29
30
36
42
37
31
29
28
28
30
35
32
33
37
30
26
25
22
22
32
33
37
33
33
40
41
45
43
47
43
42
35
33
32
28
26
38
42
37
35
32
31
30
22
16
10
2
-2
-5
-13
-23
-27
-36
-33
-28
-30
-24
-23
-24
-24
-29
-34
-31
-30
-26
-28
-32
-37
-38
-39
-37
-36
-28
-24
-22
-17
-16
-16
-20
-16
-20
-23
-26
-23
-23
-20
-22
-16
-9
-7
-6
-17
-13
-16
-13
-20
-24
-22
-20
-13
-12
-11
-17
-15
-11
-7
-9
-14
-17
-17
-18
-19
-12
-6
-5
-10
-9
-12
-10
-11
-12
-11
-17
-14
-18
-17
-17
-16
-14
-20
-21
-26
-33
-37
-34
-33
-37
-33
-31
-44
-45
-53
-60
-62
-64
-58
-57
-67
-67
-73
-71
-72
-75
-64
-61
-62
-62
-60
-66
-68
-66
-64
-58
-48
-47
-45
-44
-39
-35
-34
-27
-22
-16
-9
-8
-7
-10
-8
-4
-6
-7
-10
-6
-8
-5
-7
0
0
3
-3
-4
-5
-8
-7
-6
-3
-4
-9
-13
-13
-16
-19
-19
-22
-16
-5
-7
-9
-17
-19
-16
-9
1
6
12
8
13
7
-1
5
10
9
10
7
1
-1
2
-2
-2
7
12
26
28
31
32
32
32
23
18
16
23
23
26
30
25
28
31
27
34
37
35
40
45
42
44
45
43
41
37
37
37
39
38
41
41
44
38
36
41
42
41
46
48
48
48
42
41
45
47
47
46
42
39
37
33
30
32
25
26
26
21
21
19
18
19
18
18
20
22
26
26
26
23
15
15
7
10
11
5
11
18
14
14
16
11
6
8
11
10
5
2
7
9
9
9
14
12
13
11
8
5
8
13
11
16
15
20
28
29
30
28
32
26
22
21
18
18
17
14
22
24
21
20
21
19
13
12
8
10
16
10
9
15
16
13
13
11
9
9
8
7
5
2
-2
-7
-5
-12
-7
-8
-19
-20
-25
-23
-25
-28
-25
-23
-25
-30
-36
-37
-34
-41
-45
-45
-43
-44
-49
-51
-45
-41
-42
-33
-36
-31
-38
-37
-37
-43
-46
-48
-46
-47
-47
-53
-45
-46
-46
-45
-43
-40
-39
-43
-46
-37
-29
-23
-19
-21
-29
-25
-23
-21
-16
-19
-17
-22
-27
-24
-25
-24
-12
-14
-10
-2
-7
-4
-3
-6
-7
-7
-12
-13
-15
-21
-17
-23
-33
-27
-25
-24
-20
-24
-18
-20
-32
-36
-40
-40
-38
-31
-27
-20
-15
-16
-16
-16
-20
-24
-23
-28
-25
-24
-31
-39
-39
-41
-39
-34
-34
-29
-34
-36
-29
-31
-36
-38
-39
-41
-45
-39
-34
-28
-26
-23
-27
-28
-26
-27
-25
-25
-24
-22
-9
-8
-3
-4
0
-1
2
17
12
21
27
29
32
34
30
26
23
24
26
28
32
32
26
24
23
25
32
29
32
29
27
27
33
29
27
28
27
29
29
33
30
31
30
36
37
36
39
38
34
30
32
26
26
20
21
21
23
22
22
27
25
23
25
29
27
27
16
18
26
25
27
24
24
28
26
28
37
41
41
43
53
54
50
53
49
43
39
39
35
34
32
31
34
31
32
36
36
33
29
25
19
15
13
12
17
10
5
9
7
7
12
11
7
4
7
12
13
17
5
4
1
-3
-3
-7
-6
-8
-8
-12
-14
-11
-9
-5
-12
-12
0
5
9
10
15
14
16
19
24
16
10
7
10
11
9
12
7
16
22
26
28
28
32
36
39
37
39
40
37
29
22
15
19
18
14
11
8
5
8
6
2
1
2
3
9
13
5
5
8
7
2
3
3
-2
-11
-15
-6
-4
2
-2
-6
3
1
-3
-3
0
-1
3
3
2
7
4
6
0
1
3
-3
0
-6
-2
3
0
1
1
-11
-11
-5
-6
-10
-14
-14
-16
-12
-14
-16
-10
-5
-8
-6
-7
-12
-14
-16
-19
-14
-11
-9
-7
-7
-10
-14
-21
-23
-24
-26
-27
-31
-29
-28
-28
-30
-24
-30
-25
-23
-25
-20
-23
-22
-20
-22
-29
-30
-27
-27
-25
-20
-19
-20
-16
-14
-12
-8
-8
-8
-3
-7
-6
-9
-7
-7
-12
-9
-15
-15
-16
-9
-13
-8
-9
-14
-19
-26
-29
-34
-40
-49
-47
-43
-40
-38
-41
-42
-43
-39
-31
-26
-22
-19
-22
-23
-25
-19
-23
-28
-26
-24
-14
-8
-7
-6
-2
2
2
-2
2
5
6
8
9
5
3
4
-1
-1
1
-2
3
5
0
2
0
4
10
8
13
1
-6
-5
-10
-7
-12
-11
-12
-8
-4
-7
-9
-10
-3
-6
-12
-18
-18
-13
-15
-16
-18
-23
-22
-20
-25
-24
-25
-16
-13
-18
-17
-16
-11
-14
-12
-13
-12
-7
-11
0
1
-1
1
3
0
-2
-1
1
10
16
14
15
19
20
23
26
20
24
29
28
25
18
22
27
26
22
22
21
25
22
15
15
9
9
8
6
4
4
6
3
-1
2
5
8
8
7
8
8
6
1
2
4
3
6
7
4
6
16
13
9
12
19
22
23
24
25
26
25
27
26
33
28
29
32
26
36
37
36
28
28
26
23
22
23
27
28
29
21
19
22
17
17
18
22
18
12
15
17
13
15
13
9
11
7
12
11
14
13
14
17
10
14
13
15
20
20
24
24
17
15
12
19
20
19
19
19
19
18
15
21
20
20
21
15
24
15
7
12
9
7
3
-4
-8
-11
-6
-1
5
6
7
9
4
3
5
1
2
-6
-14
-15
-16
-17
-16
-18
-16
-15
-17
-11
-7
-8
-10
-6
-8
-8
-6
-10
-9
-15
-17
-11
-5
-3
-5
-4
1
10
13
14
8
5
7
7
2
4
3
0
4
2
1
3
2
5
6
5
-4
-12
-6
-3
-11
-15
-23
-20
-22
-32
-28
-32
-31
-32
-33
-34
-39
-48
-52
-57
-51
-50
-55
-61
-65
-61
-64
-61
-55
-51
-47
-49
-47
-52
-49
-49
-51
-41
-45
-45
-44
-41
-40
-41
-38
-29
-25
-21
-23
-23
-19
-13
-11
-16
-7
-12
-17
-13
-16
-20
-13
-12
-13
-5
-4
0
3
5
8
6
5
2
4
2
-8
-3
-6
-4
6
1
4
3
2
7
10
4
7
8
1
4
-1
0
3
7
9
7
15
17
16
15
12
2
8
12
13
13
16
11
13
11
6
11
9
8
4
0
-7
-4
-6
-13
-17
-22
-17
-15
-15
-18
-22
-18
-13
-16
-12
-13
-10
-6
-3
0
-6
-2
-3
4
3
9
10
4
8
-5
-4
-3
-7
-8
-7
-2
-1
5
4
9
7
7
8
9
10
5
14
10
9
14
11
15
25
24
27
33
32
31
34
30
35
31
29
36
31
27
31
35
41
42
39
42
47
51
50
52
53
52
51
54
52
51
53
60
57
54
49
47
51
44
40
43
46
49
41
38
36
39
35
27
31
25
32
37
37
41
39
45
44
46
47
41
40
45
45
42
48
47
49
51
49
47
46
45
51
46
37
32
32
38
35
26
30
30
32
36
29
31
22
19
27
24
21
21
19
14
12
10
12
8
12
15
15
8
4
2
-1
-1
-4
-7
-14
-17
-24
-29
-33
-29
-39
-42
-45
-49
-51
-54
-52
-58
-54
-60
-64
-62
-69
-67
-71
-72
-70
-74
-74
-71
-72
-79
-79
-77
-64
-60
-54
-52
-50
-51
-53
-54
-56
-47
-50
-52
-42
-41
-38
-37
-38
-39
-37
-29
-25
-20
-16
-20
-21
-21
-27
-30
-36
-31
-28
-29
-23
-15
-8
-17
-20
-13
-10
-5
-4
-8
-10
-11
-17
-20
-22
-19
-12
-16
-16
-16
-18
-17
-19
-21
-22
-22
-26
-29
-29
-26
-27
-28
-30
-29
-34
-36
-31
-39
-34
-31
-33
-32
-31
-31
-34
-26
-26
-23
-19
-17
-16
-13
-13
-19
-15
-19
-26
-18
-14
-13
-9
-18
-12
-7
-5
-7
-7
-8
-13
-11
-14
-14
-17
-10
-9
-3
0
1
5
4
0
-10
-6
-2
-4
-7
-9
-16
-18
-11
-18
-17
-18
-17
-16
-13
-9
-13
-15
-19
-19
-19
-18
-16
-18
-13
-11
-7
-3
-8
-10
-8
-5
0
3
1
2
5
7
9
9
8
14
19
22
27
25
21
22
22
29
37
35
33
33
29
33
38
41
45
46
46
48
49
53
57
49
50
51
54
59
57
53
54
56
61
63
61
61
63
63
59
59
61
57
57
51
54
49
42
44
50
48
42
42
44
48
44
42
34
40
40
38
40
31
28
22
19
16
15
22
20
20
24
29
31
30
32
30
37
39
39
34
22
26
24
22
27
28
30
32
34
32
28
24
19
19
15
12
9
11
10
2
2
0
-2
1
4
-3
-5
-5
-8
-12
-17
-22
-19
-14
-14
-16
-19
-16
-15
-9
-10
-16
-11
-12
-11
-19
-21
-19
-20
-14
-9
-5
-10
-8
-8
-6
0
2
-1
-8
-8
-12
-19
-17
-16
-17
-20
-25
-24
-25
-30
-27
-26
-31
-27
-23
-27
-30
-26
-26
-31
-29
-33
-33
-31
-35
-27
-25
-20
-13
-3
-2
-7
2
2
2
2
-1
-3
-7
-2
-5
-7
-10
-15
-12
-12
-10
-16
-19
-15
-9
-13
-19
-23
-30
-30
-32
-36
-40
-42
-39
-37
-41
-44
-46
-43
-43
-40
-42
-49
-48
-47
-51
-46
-49
-49
-54
-56
-52
-56
-47
-45
-42
-47
-46
-45
-45
-38
-34
-24
-24
-25
-20
-27
-32
-37
-39
-36
-37
-36
-37
-38
-33
-36
-30
-28
-26
-22
-20
-16
-18
-18
-13
-10
-14
-11
-12
-8
-1
1
9
11
13
16
16
18
24
22
20
21
19
23
21
15
18
15
15
16
19
14
13
12
10
16
15
17
18
16
10
2
1
1
0
-6
-6
-1
-1
3
3
1
-1
5
7
5
9
6
6
14
21
18
19
18
21
25
24
18
24
26
29
27
27
26
20
26
26
30
33
35
38
37
37
33
30
31
28
28
21
21
24
21
25
24
27
24
24
25
26
29
30
27
26
22
13
12
17
20
18
32
36
36
42
39
37
33
26
25
19
21
29
28
30
35
32
27
26
18
15
10
14
20
18
21
19
14
12
13
12
18
13
12
22
25
27
27
30
29
30
26
22
28
24
24
26
24
22
23
22
26
32
27
27
31
26
25
22
15
15
15
12
18
16
10
16
23
22
18
20
23
21
18
17
24
25
22
21
17
19
13
14
9
10
9
6
5
-3
-4
0
0
-2
-7
-7
-9
-6
-3
-11
-6
-7
-7
-12
-15
-20
-22
-20
-22
-11
-1
3
4
5
4
6
7
-2
-5
-4
-13
-14
-13
-19
-21
-20
-26
-24
-17
-14
-13
-11
-14
-18
-21
-21
-21
-27
-26
-28
-31
-29
-29
-31
-25
-27
-24
-24
-30
-24
-29
-33
-38
-41
-39
-38
-39
-37
-29
-28
-24
-21
-19
-33
-30
-23
-27
-30
-33
-42
-39
-34
-34
-27
-30
-33
-34
-37
-30
-28
-31
-32
-30
-27
-31
-30
-35
-36
-35
-33
-21
-21
-20
-23
-25
-24
-27
-23
-27
-30
-36
-35
-22
-17
-18
-11
-8
-13
-9
-10
-9
-12
-16
-15
-16
-15
-19
-24
-28
-28
-26
-19
-7
-5
-6
-8
-11
-17
-10
-9
-14
-14
-13
-12
-14
-13
-13
-9
-6
-1
-1
1
0
0
0
4
7
4
5
12
13
14
14
15
16
10
15
18
15
20
19
12
13
6
0
2
2
0
8
14
11
14
8
3
9
10
6
5
4
-2
3
8
11
16
17
16
16
13
21
24
18
22
18
18
12
16
17
20
19
21
27
21
25
19
16
16
16
14
10
10
3
7
6
8
6
-1
-1
-1
-1
-4
-12
-17
-18
-16
-16
-14
-15
-14
-14
-9
-11
-12
-10
-6
-5
-13
-11
-10
-13
-15
-14
-19
-13
-6
-10
-5
-7
-9
-4
1
0
6
10
14
15
13
18
15
15
16
18
24
25
28
32
32
36
37
34
31
38
35
39
44
39
42
37
37
27
19
25
29
29
28
37
37
31
27
30
31
28
25
24
22
23
19
21
23
19
16
19
18
17
19
11
14
20
17
21
22
24
20
13
11
10
8
15
21
24
27
23
26
16
14
21
20
19
17
8
3
4
1
-3
-4
2
4
2
2
0
2
6
7
6
8
5
2
3
5
3
4
6
1
0
-1
0
0
-5
-5
-7
-3
-7
-12
-12
-13
-12
-14
-14
-17
-20
-29
-35
-33
-37
-36
-34
-38
-38
-42
-41
-37
-38
-40
-33
-26
-22
-29
-29
-22
-19
-16
-12
-19
-22
-20
-24
-18
-14
-11
-12
-10
-9
-18
-12
-13
-18
-17
-28
-26
-27
-22
-25
-34
-31
-35
-34
-39
-31
-35
-39
-40
-40
-40
-44
-37
-37
-36
-32
-28
-27
-30
-27
-30
-30
-30
-27
-21
-22
-14
-14
-11
-8
-6
-2
-6
-3
7
10
9
6
-1
-5
-5
-7
-9
-7
-3
-5
-8
-6
-9
-7
-8
-5
-8
-12
-7
-6
-1
-5
-2
1
0
-1
-8
-4
-15
-12
-12
-20
-24
-29
-24
-28
-22
-15
-12
-3
2
0
-7
-9
-11
-12
-14
-17
-21
-19
-24
-26
-27
-24
-21
-24
-21
-20
-22
-25
-22
-20
-21
-17
-11
-7
-2
-1
-3
1
5
11
9
16
20
23
22
21
26
27
24
24
28
25
28
35
37
36
42
42
43
45
43
43
38
33
31
35
37
37
35
27
21
20
23
18
21
20
11
12
12
14
13
7
12
7
10
12
10
7
6
6
4
11
10
15
15
19
28
25
29
20
15
18
11
11
14
18
24
25
31
33
40
41
37
37
33
35
33
29
27
26
32
38
45
46
45
46
46
44
46
40
31
34
35
36
38
31
25
26
30
32
32
37
36
35
36
30
27
23
17
18
13
13
14
13
14
12
13
12
13
14
11
9
5
1
-8
-6
-7
-6
-6
-10
-8
-4
-1
6
4
4
3
6
12
11
9
2
7
14
14
15
14
10
15
16
9
8
7
3
2
-2
5
2
-4
-8
-10
-1
-7
-9
-9
-12
-15
-23
-18
-19
-19
-16
-18
-18
-17
-18
-18
-20
-25
-24
-25
-20
-21
-23
-31
-42
-43
-42
-42
-40
-39
-43
-37
-33
-39
-41
-42
-49
-50
-57
-53
-41
-40
-34
-30
-28
-32
-30
-27
-26
-24
-24
-26
-32
-28
-33
-29
-17
-20
-21
-19
-18
-10
-6
-11
-10
-17
-19
-10
-16
-20
-19
-22
-14
-13
-12
-10
-7
-5
-8
-11
-20
-21
-19
-25
-23
-18
-16
-14
-9
-8
-8
-11
-8
-11
-16
-20
-23
-31
-34
-33
-36
-29
-25
-24
-20
-18
-19
-14
-14
-14
-18
-23
-25
-32
-34
-33
-34
-35
-29
-27
-27
-20
-23
-24
-24
-27
-19
-21
-22
-25
-24
-18
-14
-13
-9
-7
-5
-4
1
7
8
3
-3
5
4
11
16
19
15
15
23
21
22
21
19
16
14
10
9
6
10
9
11
2
-3
0
-2
4
8
13
4
2
1
-5
3
-1
-3
-6
-8
-6
-7
-11
-12
-14
-13
-12
-10
-7
-3
-1
-4
2
6
6
6
10
11
14
15
17
20
23
24
28
26
29
38
40
45
46
50
47
45
47
48
43
50
56
54
59
59
60
57
54
53
58
55
52
48
48
48
51
50
48
52
46
46
39
34
31
29
24
25
24
19
20
18
17
18
12
7
5
0
-2
-7
-10
0
-3
-4
-8
-14
-5
-9
-9
-12
-15
-13
-16
-17
-23
-22
-16
-17
-19
-20
-17
-19
-17
-19
-16
-16
-12
-4
-7
-11
-7
-5
-7
-3
1
5
13
10
12
15
19
24
18
23
27
24
21
29
26
28
30
30
34
32
37
36
36
32
23
18
18
21
22
23
29
34
27
29
29
20
22
18
10
5
2
0
2
-5
-2
-9
-21
-23
-23
-27
-27
-22
-26
-28
-24
-23
-26
-33
-39
-38
-41
-43
-37
-36
-35
-34
-30
-29
-30
-31
-35
-33
-32
-37
-42
-39
-37
-39
-32
-34
-31
-29
-27
-26
-28
-27
-27
-21
-22
-25
-18
-19
-20
-20
-18
-14
-14
-15
-15
-12
-16
-19
-18
-22
-24
-24
-15
-5
-10
-6
-11
-19
-26
-31
-32
-40
-42
-37
-30
-28
-25
-27
-30
-25
-23
-26
-27
-25
-24
-31
-37
-30
-30
-26
-27
-20
-22
-23
-21
-28
-22
-25
-24
-19
-15
-12
-15
-17
-19
-21
-22
-21
-17
-7
-7
-12
-6
-3
1
3
6
5
6
7
7
20
21
29
25
29
27
24
21
12
17
18
20
13
22
30
31
31
29
35
29
32
32
36
31
27
27
16
17
18
16
14
14
16
5
7
6
2
5
4
9
7
3
7
4
12
17
13
19
22
21
17
8
5
3
4
2
9
16
16
23
28
24
20
13
8
16
19
22
21
25
17
12
9
-1
1
1
-3
3
8
3
7
3
0
5
2
-2
5
9
10
12
12
10
8
7
9
12
17
15
15
17
14
16
15
19
26
32
37
40
40
42
39
37
36
31
28
24
27
32
34
37
35
33
31
34
36
33
37
38
35
32
24
15
10
4
8
14
20
22
22
29
27
25
20
15
14
11
13
9
14
10
1
5
0
3
5
8
13
15
15
9
9
6
7
4
5
8
14
18
22
19
14
19
17
20
17
19
17
18
12
15
22
18
21
21
22
27
22
26
22
16
18
20
22
23
22
26
22
18
12
5
2
-5
-6
-13
-16
-12
-14
-17
-14
-19
-21
-24
-30
-33
-39
-41
-40
-45
-46
-46
-50
-54
-51
-50
-50
-56
-57
-56
-57
-54
-60
-59
-61
-63
-63
-58
-55
-46
-36
-34
-29
-28
-24
-26
-27
-26
-26
-26
-20
-20
-21
-23
-24
-25
-22
-17
-10
-8
-5
1
2
9
11
6
1
-2
-7
-5
-7
-5
-11
-13
-10
-9
-2
-7
-5
-6
-6
0
4
0
-7
-5
-14
-20
-16
-25
-22
-23
-33
-34
-38
-39
-40
-35
-35
-37
-43
-49
-49
-53
-57
-62
-64
-56
-50
-53
-46
-49
-37
-29
-33
-35
-41
-39
-37
-37
-31
-29
-29
-24
-18
-16
-11
-6
-4
-4
-8
-12
-11
-13
-19
-22
-25
-26
-22
-21
-17
-14
-10
-16
-15
-2
-8
-6
-9
-8
-14
-18
-13
-9
-5
-8
-3
4
2
6
12
18
19
19
24
28
30
30
31
26
20
21
10
11
15
15
24
24
17
12
6
7
6
4
4
6
8
8
10
12
7
3
2
4
8
1
-3
-3
-3
-1
0
0
5
6
12
18
15
18
16
20
21
24
28
34
34
34
34
32
30
35
40
37
39
41
41
36
34
33
30
28
34
43
51
55
56
59
58
65
67
67
65
63
61
59
60
65
64
62
65
64
67
69
63
60
63
66
64
60
56
52
48
42
43
43
32
29
28
27
26
24
16
15
12
13
9
1
-1
-7
-8
-7
-6
-13
-14
-16
-17
-13
-12
-14
-15
-11
-8
-6
-5
-2
1
-5
-3
-2
2
2
1
8
9
11
10
13
17
18
17
22
17
10
11
4
-1
-2
-1
1
-3
-6
-2
-2
-2
-5
-4
-10
-9
-15
-21
-30
-33
-34
-40
-35
-37
-33
-31
-27
-22
-29
-27
-40
-40
-42
-44
-37
-45
-45
-43
-39
-37
-32
-34
-33
-32
-33
-38
-42
-37
-39
-33
-36
-30
-21
-20
-19
-16
-17
-23
-18
-20
-27
-22
-25
-24
-25
-25
-24
-27
-22
-22
-25
-25
-24
-21
-23
-24
-23
-23
-26
-25
-25
-26
-27
-26
-21
-19
-20
-23
-25
-24
-25
-25
-24
-26
-24
-15
-20
-13
-12
-16
-7
-15
-5
-12
-16
-15
-20
-25
-28
-26
-25
-18
-17
-17
-22
-24
-25
-21
-20
-18
-18
-13
-21
-25
-23
-32
-30
-27
-25
-26
-26
-26
-25
-35
-35
-35
-38
-41
-41
-40
-38
-27
-35
-42
-42
-42
-37
-33
-33
-37
-31
-30
-28
-24
-25
-27
-30
-30
-22
-23
-17
-13
-13
-17
-19
-20
-19
-18
-14
-1
0
15
19
12
10
13
14
13
16
16
26
30
33
33
35
38
42
48
49
47
47
54
50
47
49
47
51
50
48
44
52
62
62
64
60
52
42
40
40
45
47
44
46
44
36
38
35
42
43
43
48
51
50
44
40
32
36
36
34
34
32
33
43
45
39
38
36
36
33
31
30
28
24
28
21
17
21
23
24
32
32
31
34
27
24
22
24
28
30
32
29
32
31
23
21
22
25
22
25
20
23
28
32
38
30
32
33
31
35
31
31
34
37
33
34
34
29
29
30
29
31
32
33
41
31
30
33
35
34
30
27
24
22
19
19
19
24
20
17
14
6
1
-6
-9
-18
-23
-21
-22
-28
-29
-24
-27
-19
-18
-24
-22
-23
-26
-23
-29
-29
-21
-24
-24
-22
-25
-24
-14
-12
-10
-6
-8
-7
-5
-6
-11
-9
-12
-15
-15
-17
-15
-15
-13
-9
-12
-11
-14
-14
-20
-22
-22
-24
-15
-13
-10
-13
-18
-24
-20
-18
-19
-14
-18
-22
-24
-21
-19
-23
-21
-23
-24
-18
-15
-21
-23
-24
-28
-30
-31
-34
-42
-50
-46
-48
-44
-44
-52
-51
-55
-54
-53
-55
-57
-52
-55
-57
-55
-55
-52
-56
-53
-55
-54
-54
-49
-44
-48
-45
-47
-47
-51
-45
-41
-36
-28
-24
-19
-14
-10
-11
-12
-10
-13
-15
-14
-9
-10
-18
-22
-18
-16
-9
-15
-11
-10
-10
-10
-13
-11
-19
-10
-16
-12
-6
-7
-4
-7
-2
-12
-18
-14
-16
-17
-10
-11
-6
-2
-6
1
2
-3
3
4
6
5
-6
-5
-10
-9
-7
-12
-11
-19
-24
-22
-23
-27
-30
-31
-36
-36
-33
-32
-25
-26
-24
-24
-22
-23
-20
-19
-20
-21
-19
-15
-11
-1
2
-2
2
4
8
17
16
13
12
11
12
19
29
27
30
36
39
43
43
47
49
47
51
56
65
68
65
60
57
57
47
42
37
39
41
39
38
45
41
38
51
47
48
44
46
43
38
42
42
45
46
39
37
39
41
40
36
38
40
42
45
49
48
42
40
45
44
41
38
36
38
33
35
37
35
33
30
22
19
20
19
15
14
21
18
13
15
15
17
23
19
18
22
26
23
18
20
23
19
16
23
19
19
23
30
26
31
34
32
35
31
25
19
18
17
17
15
8
3
4
11
10
11
9
5
7
5
4
2
-1
0
-4
-4
-1
-7
-10
-5
-4
-3
0
0
-7
-6
-9
-12
-13
-8
-7
-12
-8
-12
-13
-16
-19
-22
-21
-22
-28
-29
-32
-32
-34
-29
-24
-19
-18
-25
-21
-29
-35
-33
-40
-40
-39
-39
-34
-31
-31
-32
-35
-28
-25
-21
-15
-9
-8
-11
-13
-13
-12
-12
-11
-13
5
13
9
11
6
-1
-8
-9
-10
-9
-11
-17
-19
-20
-21
-28
-31
-22
-20
-21
-11
-13
-14
-14
-22
-18
-17
-18
-15
-18
-19
-21
-28
-26
-28
-34
-33
-38
-38
-40
-39
-36
-33
-35
-35
-33
-40
-35
-36
-37
-31
-30
-33
-35
-40
-39
-42
-45
-48
-47
-40
-40
-44
-42
-39
-41
-43
-42
-38
-38
-34
-34
-35
-36
-34
-33
-32
-27
-30
-27
-21
-18
-17
-10
-17
-15
-14
-16
-14
-16
-13
-6
-2
-6
-2
-3
-4
2
2
2
5
2
4
1
-6
-1
-3
-3
0
0
3
6
9
8
6
4
2
3
11
14
12
16
9
7
4
4
7
3
11
8
5
6
3
7
2
-2
-3
2
4
5
6
3
5
7
3
7
14
19
21
32
39
39
45
40
36
35
35
30
21
24
34
37
36
43
49
53
56
52
58
57
52
49
40
42
40
48
48
50
51
45
48
50
50
48
47
51
44
35
41
36
41
36
31
33
32
32
36
39
36
35
33
36
34
26
29
30
30
25
30
35
34
42
41
35
35
30
24
37
36
33
31
28
31
22
28
32
31
31
30
34
25
30
20
12
21
19
23
23
25
23
16
14
12
9
11
11
10
12
16
12
14
18
22
27
26
26
23
19
17
13
12
10
8
15
12
13
10
10
6
3
10
13
13
17
26
19
15
15
8
8
7
4
-8
-3
-4
-9
-7
-11
-13
-15
-14
-12
-13
-13
-11
-11
-13
-15
-15
-14
-22
-26
-22
-20
-20
-22
-23
-25
-32
-35
-31
-40
-34
-29
-34
-33
-39
-38
-38
-40
-35
-43
-44
-37
-46
-44
-47
-57
-61
-52
-52
-47
-47
-47
-46
-48
-44
-43
-43
-46
-44
-46
-47
-44
-44
-46
-47
-50
-55
-52
-50
-48
-46
-45
-39
-41
-33
-28
-33
-32
-32
-34
-35
-36
-40
-35
-38
-38
-32
-29
-30
-24
-20
-22
-24
-26
-20
-24
-22
-22
-15
-11
-13
-9
-15
-13
-10
-8
-11
-11
-10
-18
-18
-24
-29
-28
-31
-21
-14
-11
-9
-13
-12
-11
-13
-16
-19
-29
-34
-36
-35
-33
-36
-35
-37
-32
-24
-22
-25
-24
-29
-33
-29
-29
-26
-33
-28
-24
-22
-22
-21
-10
-7
-2
-4
-4
-6
-13
-9
-11
-10
-13
-14
-12
-6
3
6
14
16
21
22
18
23
22
23
17
15
19
19
18
22
27
32
36
36
39
31
26
26
27
30
30
31
26
27
30
33
41
38
35
38
29
28
28
25
29
29
30
27
30
30
28
31
36
36
29
34
37
39
45
39
41
42
44
49
55
55
51
50
54
58
52
57
55
54
56
59
60
51
46
44
43
39
41
37
40
39
37
35
30
32
29
34
31
28
30
32
33
34
28
27
32
32
32
34
36
41
46
50
51
49
49
47
47
46
45
42
40
36
37
39
31
33
31
30
34
27
30
28
24
23
19
15
5
4
-1
-5
-10
-13
-20
-24
-18
-21
-21
-25
-30
-33
-39
-35
-39
-39
-38
-32
-32
-30
-27
-33
-32
-40
-43
-41
-39
-39
-45
-43
-41
-37
-29
-28
-25
-25
-27
-26
-32
-41
-44
-42
-42
-39
-41
-39
-36
-36
-31
-29
-32
-31
-36
-40
-37
-45
-41
-34
-28
-19
-20
-17
-13
-10
-6
-7
-7
-6
-5
-6
-11
-12
-9
-10
-7
-8
-4
1
-2
-2
-7
-5
-3
-2
-8
-11
-15
-22
-18
-16
-19
-22
-18
-18
-16
-10
-10
-12
-15
-23
-21
-24
-20
-15
-21
-24
-29
-31
-27
-28
-32
-31
-38
-32
-26
-31
-27
-38
-44
-45
-45
-40
-44
-48
-52
-56
-49
-51
-57
-65
-64
-62
-62
-61
-58
-51
-49
-48
-49
-56
-55
-55
-57
-53
-53
-47
-47
-45
-47
-39
-34
-29
-21
-17
-7
-4
-4
-2
-1
5
15
11
12
13
17
18
18
18
18
21
22
26
23
23
32
38
47
43
47
45
42
45
43
44
44
47
45
49
46
41
35
32
30
31
30
24
20
19
15
9
8
8
12
9
10
-3
-7
-6
-9
-11
-7
-1
0
-1
-4
-3
-6
-11
-10
-14
-13
-9
-2
3
-2
-2
2
6
6
7
10
2
9
6
6
7
11
20
26
30
41
51
50
59
58
60
59
62
66
69
77
80
81
86
94
92
89
85
81
81
77
86
82
76
78
71
68
67
61
57
53
51
50
37
35
31
20
19
7
7
5
4
3
-1
-10
-15
-17
-27
-32
-33
-35
-37
-32
-33
-34
-36
-44
-47
-50
-54
-47
-49
-52
-51
-52
-48
-50
-46
-40
-31
-26
-19
-15
-13
-10
-3
-5
-5
-5
-3
-1
0
10
22
21
30
39
43
51
55
52
52
55
58
54
48
52
46
53
55
54
56
55
54
53
47
41
38
22
22
13
7
9
3
-4
-9
-9
-8
-3
-10
-5
-16
-17
-17
-24
-29
-32
-35
-36
-37
-34
-38
-38
-34
-31
-27
-33
-33
-27
-27
-29
-28
-27
-23
-28
-26
-24
-24
-24
-23
-26
-22
-17
-20
-14
-9
-8
-8
-5
-5
8
12
5
5
-2
-1
0
3
3
12
10
6
12
3
8
13
19
17
12
10
7
8
1
-11
-15
-15
-19
-21
-27
-27
-23
-24
-20
-22
-17
-24
-26
-30
-37
-36
-41
-41
-43
-51
-47
-47
-44
-37
-38
-37
-40
-37
-35
-37
-42
-44
-41
-42
-40
-42
-39
-38
-40
-43
-44
-46
-46
-48
-57
-56
-45
-53
-52
-51
-48
-37
-36
-33
-33
-27
-27
-28
-30
-33
-29
-31
-27
-26
-24
-17
-7
-4
-2
-1
1
4
-2
6
5
5
2
2
11
14
21
27
33
28
30
39
33
29
29
30
33
29
21
17
17
16
14
9
5
7
0
0
-2
-1
0
-8
-15
-20
-25
-29
-25
-19
-24
-23
-14
-21
-23
-26
-27
-23
-28
-27
-29
-25
-31
-29
-30
-28
-17
-21
-21
-11
-8
-6
-1
0
0
8
15
16
24
26
31
39
44
48
45
43
48
48
52
50
52
55
58
61
62
68
61
56
52
45
39
34
35
38
31
27
27
24
25
21
21
20
34
36
21
35
34
21
11
3
17
14
31
12
17
21
10
-4
8
13
5
-2
1
20
2
9
0
3
18
-7
7
24
-18
0
53
-20
-15
60
-22
-27
73
21
-21
68
35
-30
43
29
-24
43
35
-4
53
40
-11
39
32
-1
52
54
3
47
65
18
49
65
16
43
71
26
43
68
42
53
75
39
37
68
46
41
64
45
38
62
42
25
33
28
15
19
17
9
6
4
7
7
-5
2
-2
-15
2
-2
-20
-26
-26
-41
-41
-32
-38
-40
-37
-38
-40
-42
-41
-42
-46
-39
-46
-45
-45
-44
-47
-46
-36
-41
-43
-35
-31
-39
-39
-32
-42
-39
-35
-46
-43
-35
-43
-47
-36
-40
-36
-27
-32
-27
-18
-26
-24
-2
-14
-14
0
-10
-4
3
1
4
11
13
3
5
7
-4
-7
-3
-16
-16
-2
-15
-26
-13
-26
-35
-20
-34
-39
-33
-35
-42
-46
-48
-55
-50
-49
-49
-34
-38
-43
-37
-38
-46
-37
-41
-45
-33
-35
-37
-30
-32
-35
-24
-22
-25
-22
-21
-21
-25
-23
-28
-27
-17
-21
-25
-21
-19
-24
-16
-18
-17
-15
-15
-23
-18
-26
-31
-26
-30
-29
-27
-29
-29
-28
-19
-14
-16
-10
-13
-13
-6
-6
-10
-6
-10
-5
-4
-4
2
12
18
18
23
18
17
17
12
19
16
12
10
11
9
18
21
7
15
16
16
14
5
-1
-5
-2
-3
-2
7
7
10
14
6
6
4
-3
-10
-8
-5
4
0
-7
-4
-2
-5
-3
5
0
4
11
6
11
15
5
7
12
6
13
26
28
28
36
36
36
40
37
40
40
37
38
39
42
41
41
37
39
49
41
44
43
44
47
51
52
46
56
50
52
63
58
52
57
49
53
59
53
49
52
51
39
48
49
43
45
50
47
45
52
45
41
38
26
28
32
22
21
27
20
22
27
17
15
19
12
13
21
13
10
12
5
1
6
5
-2
-3
-3
-6
-1
7
6
4
3
-2
4
3
2
9
0
4
10
11
12
4
14
16
14
22
24
21
25
27
23
30
30
26
20
27
24
14
10
2
2
1
-5
0
2
-1
4
12
11
10
14
7
5
15
11
2
17
5
0
9
-8
-8
-12
-9
-3
1
4
0
-1
-7
-17
-18
-24
-23
-22
-25
-21
-24
-25
-28
-24
-20
-26
-34
-36
-32
-37
-32
-27
-33
-30
-31
-40
-41
-41
-47
-45
-38
-40
-38
-29
-35
-28
-23
-32
-29
-22
-26
-27
-17
-19
-25
-19
-22
-28
-26
-27
-35
-29
-27
-27
-21
-26
-29
-35
-37
-40
-41
-42
-42
-44
-47
-43
-39
-40
-34
-31
-35
-30
-26
-30
-22
-16
-21
-24
-21
-21
-21
-17
-15
-20
-20
-13
-11
-16
-11
-19
-24
-17
-27
-34
-28
-31
-34
-31
-29
-30
-35
-33
-34
-34
-41
-47
-50
-56
-59
-58
-56
-56
-51
-43
-40
-40
-34
-28
-32
-24
-25
-28
-20
-21
-22
-22
-18
-14
-13
-6
-6
-7
-5
-6
-1
8
7
2
2
6
2
5
12
12
19
19
15
13
18
24
18
13
6
16
15
17
26
32
34
36
36
35
42
41
36
31
34
28
23
28
27
20
31
39
39
40
44
41
34
32
27
16
11
3
2
2
-11
-7
-1
1
7
8
8
17
21
20
16
7
1
-5
-11
-2
11
9
22
23
25
22
21
30
28
24
21
22
21
25
16
10
18
19
23
23
21
33
36
37
43
46
46
45
44
46
41
37
50
45
42
46
42
50
54
50
52
54
60
57
60
65
62
66
65
60
59
57
52
45
39
46
45
41
37
34
31
27
23
21
23
16
14
16
4
0
2
1
4
-2
-8
-15
-8
-4
-16
-20
-12
-16
-14
-11
-9
-6
-13
-13
-11
-13
-12
-10
-6
-4
-5
-1
-3
-2
5
-3
-4
5
2
2
7
5
-3
0
3
1
6
11
13
13
11
9
17
13
5
14
10
5
10
7
8
7
14
8
4
9
7
-2
1
1
-2
-2
-10
-12
-17
-15
-24
-31
-35
-46
-47
-46
-51
-50
-43
-46
-48
-46
-41
-48
-55
-59
-69
-68
-81
-71
-84
-81
-83
-62
-105
-151
-74
-93
-91
-66
-76
-79
-100
-67
-49
-60
-28
-36
-18
-12
-28
2
6
-10
-14
-1
2
4
1
-16
-6
-7
-20
0
4
-2
-1
-1
2
-11
-14
-10
-15
-16
-28
-19
-14
-33
-20
-16
-24
-11
-12
-2
-5
-17
-16
-20
-24
-29
-26
-25
-34
-31
-23
-30
-27
-31
-30
-24
-20
-28
-21
-16
-23
-25
-25
-24
-28
-22
-22
-20
-13
-19
-13
-6
-18
-13
-14
-16
-14
-5
8
5
4
5
8
12
13
12
23
25
27
33
26
27
29
25
30
34
30
30
34
28
32
29
15
17
11
1
4
7
5
10
9
4
4
12
13
13
11
10
6
9
15
13
13
10
4
0
1
0
2
4
11
10
6
9
18
19
20
26
29
26
27
20
15
24
21
21
23
30
29
16
23
29
23
36
41
44
40
42
55
53
55
58
58
68
56
42
45
36
36
33
42
38
46
46
50
59
53
59
58
55
58
52
61
61
55
52
55
61
56
55
52
54
50
51
51
51
43
39
51
51
51
58
53
48
49
45
37
35
32
29
32
32
34
34
34
32
33
33
26
24
24
24
29
22
15
3
4
4
1
4
-2
1
3
6
9
1
2
-3
-13
-14
-17
-14
-15
-21
-24
-32
-33
-29
-30
-34
-34
-32
-37
-36
-24
-22
-13
-15
-21
-28
-23
-23
-19
-22
-27
-19
-21
-15
-17
-18
-17
-14
-13
-14
-11
-16
-17
-8
-2
-7
-2
-1
-4
-4
-5
-5
-7
-7
-7
-8
2
-1
-8
-4
-3
-1
-11
-16
-16
-20
-11
-21
-27
-29
-24
-20
-29
-25
-31
-26
-24
-24
-29
-34
-38
-39
-52
-59
-56
-71
-76
-75
-66
-66
-71
-74
-76
-73
-68
-71
-70
-63
-62
-62
-63
-63
-64
-68
-73
-67
-65
-58
-54
-53
-51
-49
-42
-45
-47
-48
-45
-43
-47
-36
-30
-27
-24
-25
-21
-20
-29
-21
-18
-29
-27
-29
-32
-39
-42
-42
-39
-43
-44
-38
-49
-49
-48
-43
-38
-34
-29
-26
-27
-30
-31
-35
-32
-29
-30
-27
-20
-26
-35
-32
-36
-31
-27
-26
-19
-20
-21
-15
-15
-12
-20
-18
-20
-22
-11
-15
-10
-6
-4
-2
11
13
13
19
10
12
12
15
18
15
21
30
23
19
25
37
53
50
72
75
70
76
71
74
67
65
61
70
67
55
58
55
53
52
53
55
54
55
56
55
54
52
54
60
63
58
61
55
54
46
43
47
40
38
38
32
31
30
35
35
34
31
29
36
27
34
33
30
30
33
35
29
33
24
26
33
21
21
38
39
39
45
41
38
36
29
34
35
36
36
34
36
38
43
49
56
57
53
46
39
36
33
30
36
38
35
35
30
25
26
32
28
32
36
30
21
17
18
12
13
14
15
17
20
30
25
15
22
20
15
12
3
3
0
-3
-5
1
1
-1
-1
1
5
-1
-3
-6
-8
-7
-5
-3
-2
-18
-22
-23
-23
-13
-11
-2
3
-2
-10
-18
-19
-20
-26
-19
-14
-11
-6
-13
-15
-18
-24
-16
-15
-13
-11
-11
-12
-17
-25
-27
-27
-31
-27
-31
-39
-43
-45
-48
-56
-56
-56
-55
-56
-50
-51
-58
-48
-46
-49
-56
-53
-46
-50
-53
-57
-55
-53
-47
-40
-30
-33
-37
-33
-27
-27
-22
-14
-19
-23
-29
-34
-41
-41
-39
-31
-24
-27
-22
-24
-41
-43
-41
-41
-31
-27
-27
-35
-44
-52
-54
-46
-37
-33
-33
-28
-22
-21
-30
-29
-34
-27
-16
-21
-17
-21
-29
-32
-26
-25
-25
-22
-22
-13
-22
-25
-31
-41
-39
-32
-25
-25
-23
-24
-26
-34
-25
-23
-20
-17
-23
-24
-13
-14
-27
-28
-22
-18
-15
-11
-15
-7
-8
-9
-7
-6
-5
-2
-3
-8
-6
-6
-7
-4
-3
-7
-3
-7
-8
-6
-1
9
14
15
15
18
11
10
12
19
17
20
24
21
15
9
10
13
19
28
41
42
39
39
34
36
36
30
29
29
22
21
18
10
4
4
18
27
29
29
33
34
20
21
23
18
17
26
35
31
29
30
31
29
35
45
49
46
41
39
35
34
36
33
36
35
31
29
26
30
31
37
41
39
39
41
42
40
31
32
39
34
32
37
35
34
36
41
45
58
64
66
74
75
70
66
67
58
55
59
54
49
50
46
44
48
44
45
47
48
48
38
31
25
26
14
10
15
1
-4
-14
-7
-7
-6
-2
-9
-8
-13
-6
-2
0
-2
-6
0
4
-4
-11
-10
-14
-10
-9
-13
-6
-4
-7
-7
-4
-1
-2
0
3
4
-1
-3
-6
-11
-10
-14
-9
-12
-8
-6
-15
-14
-11
4
12
18
19
19
15
10
1
-7
-9
-10
-2
-7
-3
3
5
5
-5
-13
-20
-23
-24
-25
-26
-33
-35
-24
-29
-33
-25
-25
-26
-31
-33
-32
-34
-31
-33
-41
-36
-39
-40
-37
-38
-28
-25
-27
-16
-14
-8
-8
-3
-4
-9
-14
-20
-13
-17
-21
-19
-20
-22
-20
-30
-28
-20
-21
-16
-14
-9
-6
-9
-14
-18
-17
-17
-15
-21
-26
-20
-21
-23
-18
-17
-22
-19
-19
-20
-13
-8
-5
-9
-10
-15
-18
-20
-24
-29
-34
-37
-39
-38
-38
-38
-41
-37
-41
-51
-57
-57
-53
-51
-52
-55
-53
-53
-52
-47
-42
-41
-42
-33
-32
-35
-41
-48
-41
-33
-28
-27
-20
-20
-19
-11
-13
-18
-25
-24
-19
-22
-22
-28
-38
-38
-31
-26
-25
-23
-23
-17
-5
-1
-7
-15
-7
-5
-4
-5
-10
-14
-17
-17
-10
8
12
21
19
14
15
15
16
16
24
20
15
14
15
12
11
13
16
20
21
19
21
25
21
17
22
25
25
33
29
26
29
28
33
37
38
36
28
26
25
26
18
17
22
26
24
26
27
24
24
23
32
28
28
28
21
14
11
10
7
8
18
18
14
15
15
18
24
27
24
21
22
16
14
9
9
16
24
34
27
27
24
26
26
29
38
34
33
38
39
39
38
42
41
40
38
29
26
24
24
15
18
29
33
30
22
28
29
22
17
14
20
15
18
14
5
11
10
17
21
27
27
22
26
22
19
20
23
24
18
11
2
3
1
5
14
17
22
22
20
26
30
21
17
25
31
29
29
29
27
28
25
21
24
23
23
21
17
15
9
10
11
10
18
24
28
33
25
22
11
0
0
4
10
11
9
0
-2
-3
-10
-4
-1
-2
2
-4
-7
-12
-4
5
5
4
4
2
-6
-2
-3
-3
-3
-9
-7
-18
-21
-23
-26
-31
-28
-17
-20
-22
-21
-31
-39
-34
-44
-43
-38
-43
-42
-43
-49
-52
-46
-46
-46
-43
-40
-37
-38
-45
-44
-38
-36
-34
-26
-20
-22
-25
-16
-14
-15
-11
-14
-16
-19
-16
-13
-20
-22
-22
-7
-6
-15
-9
-10
-6
-6
-16
-15
-17
-26
-33
-35
-32
-35
-35
-28
-29
-26
-26
-30
-37
-36
-32
-24
-24
-35
-36
-44
-42
-42
-43
-40
-35
-26
-21
-25
-28
-27
-26
-28
-28
-24
-22
-22
-30
-30
-32
-33
-35
-38
-32
-32
-23
-19
-24
-22
-21
-23
-20
-6
-5
-5
2
5
-1
-11
-11
-15
-13
-7
-9
-9
5
9
12
13
2
6
11
16
14
15
18
19
20
14
12
10
17
20
14
12
20
21
22
20
23
24
11
10
7
9
8
1
-2
1
3
0
6
5
4
2
-4
0
0
2
4
3
4
3
2
-2
1
13
10
8
10
-1
-4
-3
-4
2
8
13
11
7
6
-1
6
3
5
14
17
17
20
31
29
29
35
31
40
42
47
48
47
45
44
45
46
51
55
53
56
58
56
50
46
50
48
47
44
35
30
28
33
38
36
33
30
33
28
23
14
10
13
9
15
22
22
25
24
27
23
25
28
31
33
26
17
8
14
14
14
16
10
13
10
13
19
22
25
23
24
12
8
4
10
17
17
26
23
25
13
13
12
8
9
9
14
10
10
7
9
9
8
13
20
18
21
20
20
19
10
10
5
0
-4
-10
-15
-11
-3
6
12
15
14
4
-3
-8
-6
-5
0
2
-2
-2
-7
-10
-9
0
2
5
17
19
19
13
6
4
9
-2
-1
7
3
-1
-4
-12
-12
-12
-19
-15
-10
-9
-10
-18
-22
-35
-42
-34
-37
-42
-43
-38
-32
-31
-36
-41
-44
-50
-48
-36
-29
-26
-28
-28
-32
-34
-31
-27
-23
-26
-27
-33
-31
-31
-37
-38
-36
-35
-36
-38
-36
-25
-27
-30
-34
-32
-35
-43
-48
-47
-43
-33
-24
-29
-28
-35
-34
-36
-41
-32
-29
-34
-28
-29
-35
-28
-28
-32
-26
-22
-19
-19
-17
-25
-23
-16
-20
-21
-25
-25
-33
-42
-41
-36
-36
-32
-29
-27
-28
-32
-30
-36
-45
-39
-37
-28
-29
-29
-34
-31
-20
-19
-16
-7
2
8
14
11
11
18
21
16
17
23
26
39
47
47
43
32
27
26
30
38
36
37
38
35
30
25
24
19
12
18
24
16
17
14
11
8
13
17
10
8
7
6
-1
-11
-8
-10
-5
-2
-7
-4
-12
-11
-10
-9
-3
-4
-14
-13
-13
-16
-15
-17
-14
-16
-19
-8
-4
5
8
15
16
8
-1
-17
-16
-18
-13
-11
-12
-11
-22
-24
-14
-7
2
12
21
22
19
19
6
-4
6
18
17
23
23
13
14
4
6
7
9
23
24
26
22
17
7
11
20
18
24
25
23
24
19
21
24
29
37
31
25
22
27
27
30
37
41
48
45
41
36
40
31
25
32
36
44
44
49
45
43
48
48
47
38
38
40
48
42
38
30
31
30
34
36
30
26
19
21
24
29
34
30
28
34
30
18
9
10
9
13
18
17
30
34
31
32
25
20
11
8
13
18
20
22
21
21
21
12
15
15
17
15
10
12
13
7
6
8
7
4
7
6
-4
-10
-16
-24
-23
-19
-16
-15
-23
-17
-13
-18
-22
-20
-19
-26
-27
-28
-20
-25
-34
-33
-39
-39
-35
-34
-35
-38
-42
-38
-37
-33
-32
-33
-34
-35
-38
-46
-47
-43
-40
-36
-29
-25
-32
-35
-33
-33
-36
-45
-41
-37
-37
-45
-40
-34
-32
-28
-27
-30
-38
-38
-47
-49
-47
-49
-43
-42
-30
-31
-38
-40
-43
-42
-43
-45
-40
-32
-27
-27
-26
-20
-16
-17
-16
-16
-20
-24
-23
-23
-24
-28
-28
-23
-24
-24
-24
-22
-18
-16
-19
-19
-24
-31
-35
-31
-26
-23
-23
-25
-24
-22
-27
-29
-26
-13
-6
-6
0
-9
-12
-12
-16
-17
-11
-6
2
5
5
6
13
7
13
24
23
23
23
23
21
28
21
22
26
21
26
28
29
26
23
14
2
-1
-4
-3
1
11
10
10
12
3
1
3
9
7
10
6
8
10
2
-2
-1
9
13
11
14
15
8
8
5
11
14
17
25
28
23
28
30
22
18
24
33
37
32
36
39
31
31
29
39
43
52
42
47
43
41
60
43
33
20
30
39
36
30
19
10
15
26
33
44
50
47
46
43
38
37
23
20
27
34
35
31
23
17
20
14
19
14
18
29
24
17
12
12
2
-5
-12
-12
-11
-12
-6
-8
-13
-17
-18
-7
3
4
7
5
11
20
13
6
2
2
12
28
33
31
26
22
20
28
36
41
53
55
53
48
55
49
44
48
44
53
56
45
41
41
34
41
40
48
51
43
43
27
13
21
21
12
10
10
11
1
-17
-23
-22
-22
-15
-15
-19
-18
-25
-22
-21
-19
-15
-17
-13
-12
-5
-7
-12
-14
-15
-11
-7
3
10
4
3
5
12
19
7
15
10
7
-1
-9
-13
-16
-14
-18
-17
-16
-16
-18
-8
-1
-3
-13
-25
-22
-21
-20
-23
-18
-25
-29
-26
-37
-42
-40
-35
-31
-29
-35
-42
-53
-53
-55
-62
-63
-63
-76
-82
-80
-85
-78
-78
-74
-74
-78
-81
-86
-100
-94
-83
-72
-53
-55
-55
-58
-62
-62
-59
-50
-46
-48
-42
-42
-39
-28
-32
-30
-22
-13
-3
-16
-13
-11
-18
-15
-14
-11
-1
-7
-6
-7
-6
2
-4
0
5
6
11
13
6
5
0
-8
-1
-7
-3
-1
-6
-8
-12
-9
-9
-4
-7
-7
-14
-20
-24
-26
-21
-12
-9
-7
-5
-5
-18
-15
-12
-14
-6
2
11
21
14
6
16
16
17
19
25
25
24
25
17
16
19
14
16
18
17
17
17
11
8
6
-4
-5
-8
2
-3
-4
-2
-7
-1
-5
-3
1
-2
-9
-12
-21
-22
-20
-20
-18
-24
-22
-26
-21
-19
-20
-7
-3
-3
8
11
13
8
19
32
31
36
33
35
29
35
39
46
58
48
45
42
47
53
47
45
55
46
40
40
31
38
44
40
37
43
58
50
34
11
19
33
26
29
25
34
38
34
37
39
37
33
32
42
47
35
25
14
4
12
18
27
32
34
26
19
27
17
15
20
19
21
21
15
8
14
17
18
23
32
28
19
22
32
32
28
36
45
48
58
54
54
50
37
44
49
52
56
58
49
49
51
49
56
58
57
57
55
49
34
25
21
19
17
14
9
-3
-9
-13
-9
-8
-7
-11
-21
-26
-36
-37
-33
-31
-34
-38
-36
-38
-37
-28
-28
-34
-30
-32
-34
-37
-41
-45
-52
-53
-53
-53
-49
-56
-51
-44
-47
-46
-49
-55
-46
-41
-39
-38
-46
-50
-51
-50
-49
-49
-50
-47
-44
-45
-52
-57
-50
-48
-46
-46
-43
-40
-40
-35
-29
-30
-25
-22
-23
-17
-9
0
-1
-4
-10
-14
-17
-10
-6
-11
-16
-23
-23
-15
-20
-22
-16
-19
-23
-25
-23
-16
-20
-17
-13
-15
-9
-7
-7
-8
-2
0
-8
-9
-7
3
3
1
-3
1
12
7
5
3
-7
-17
-20
-24
-20
-12
-15
-20
-22
-29
-28
-20
-22
-19
-21
-17
-9
-3
-3
2
0
-3
-6
-4
-3
-7
-3
-8
-12
-7
-4
1
-3
-4
3
0
-4
-2
-1
-6
-10
-12
-8
-5
-10
-11
-7
-8
-8
-5
-11
-15
-13
-15
-6
-1
0
2
8
1
-2
-5
-11
-11
-8
-9
-8
-8
-11
-14
-15
-15
-17
-7
-1
-3
-7
-15
-20
-16
-12
-10
0
2
-2
-1
-10
-18
-16
-8
-5
0
6
2
0
2
7
16
22
29
28
31
37
37
45
41
46
50
48
60
60
62
64
66
67
68
70
71
78
67
54
48
48
51
56
53
49
57
60
64
64
69
67
64
57
55
55
55
54
51
51
45
42
44
42
34
24
16
9
0
-1
-3
-7
-3
-11
-17
-15
-18
-13
-13
-10
-8
-18
-15
-20
-15
-15
-19
-19
-21
-22
-21
-16
-16
-10
-4
2
1
-5
-5
-5
1
9
14
18
21
28
25
23
26
20
13
12
14
12
18
21
15
18
13
13
19
16
20
29
30
26
22
20
12
5
10
14
10
5
5
4
-3
-7
1
3
9
10
10
9
3
-3
-4
-2
-6
-6
4
7
3
4
1
-5
-6
-6
-2
3
-4
-8
-1
3
4
-6
-6
-9
-3
4
-1
-1
0
-6
-15
-22
-16
-24
-26
-27
-22
-15
-17
-15
-13
-12
-17
-9
-10
-12
-14
-24
-26
-27
-32
-42
-35
-27
-25
-29
-25
-23
-26
-28
-43
-48
-46
-46
-41
-37
-29
-27
-24
-18
-18
-24
-29
-29
-32
-31
-25
-29
-33
-30
-35
-35
-34
-42
-37
-31
-30
-21
-14
-13
-11
-11
-8
-14
-13
-15
-13
-12
-13
-7
-3
-4
-14
-8
-1
2
5
7
11
10
6
-1
-4
1
-6
-4
-1
3
5
1
-3
-4
-5
-2
-6
-4
-6
-16
-14
-20
-18
-16
-15
-15
-14
-3
-2
-6
-7
-5
-12
-8
-3
0
-8
-13
-18
-23
-21
-31
-27
-25
-17
-8
-12
-22
-22
-28
-32
-40
-41
-37
-37
-39
-32
-29
-27
-18
-17
-13
-18
-20
-14
-17
-21
-23
-26
-27
-22
-18
-21
-21
-13
-13
-5
4
6
4
9
10
16
20
21
14
7
16
14
18
24
17
17
19
12
10
20
24
27
30
29
30
28
26
28
25
27
30
35
37
22
23
22
19
24
22
23
19
15
15
17
22
18
14
14
24
28
26
21
8
5
3
8
12
8
13
12
9
6
4
17
17
13
15
6
1
10
7
12
21
20
18
12
7
6
8
8
17
28
33
40
37
27
17
15
18
28
34
29
27
20
20
26
31
31
32
36
42
47
47
53
55
66
67
64
69
57
52
45
38
41
40
34
35
35
38
40
38
38
31
35
35
37
33
31
29
22
11
9
0
5
5
-1
5
0
-1
-8
-9
-17
-20
-25
-30
-31
-31
-31
-37
-32
-37
-36
-27
-32
-35
-28
-28
-27
-31
-35
-35
-43
-39
-34
-31
-30
-20
-19
-16
-10
-9
-3
-4
-5
-6
-8
-3
1
-1
-1
-4
-4
-3
0
0
1
-5
-10
-4
-6
-4
4
5
0
-4
-2
-5
-6
-3
-12
-6
4
7
-7
-16
-17
-17
-20
-16
-12
-10
-6
-10
-9
-11
-10
-15
-15
-21
-21
-15
-21
-23
-25
-38
-41
-42
-41
-37
-31
-30
-33
-43
-58
-64
-61
-61
-63
-58
-51
-44
-52
-63
-72
-72
-75
-67
-54
-42
-35
-32
-30
-36
-38
-39
-37
-29
-12
-9
-11
-8
-18
-22
-19
-17
-11
-6
-5
0
-5
-7
-8
-20
-16
-17
-19
-10
-11
-16
-19
-19
-18
-15
-7
-8
-6
-2
-12
-20
-19
-20
-25
-21
-19
-15
-18
-17
-11
-10
-17
-17
-12
-10
-1
1
-2
-2
-8
-4
7
7
10
18
18
19
16
18
11
9
12
9
11
8
11
8
10
7
0
2
3
0
-1
4
0
8
14
11
21
15
14
16
20
29
37
48
47
38
29
22
19
26
39
44
44
41
33
32
29
24
29
35
44
42
43
48
41
44
38
36
35
37
32
30
37
43
39
34
38
35
36
30
21
29
25
20
21
23
21
9
6
8
7
11
21
26
38
45
39
35
29
27
23
17
21
30
38
39
32
27
23
18
23
30
32
33
37
36
33
24
16
14
14
14
22
27
28
22
21
25
21
24
25
21
23
31
30
38
41
38
39
45
52
51
52
52
57
55
47
46
44
48
50
49
50
53
51
49
51
46
36
30
20
11
7
0
-12
-14
-19
-27
-31
-36
-35
-38
-39
-40
-26
-22
-29
-36
-44
-50
-56
-62
-68
-66
-56
-47
-46
-42
-39
-42
-36
-33
-29
-28
-29
-37
-48
-46
-43
-43
-39
-28
-25
-20
-22
-26
-18
-13
-13
-4
3
-3
-3
-16
-22
-18
-25
-26
-25
-25
-22
-20
-31
-30
-27
-35
-35
-39
-42
-41
-40
-36
-29
-30
-40
-52
-65
-63
-57
-58
-61
-49
-36
-31
-29
-31
-35
-33
-35
-29
-19
-13
-5
-17
-22
-17
-24
-22
-28
-32
-29
-30
-34
-33
-41
-36
-34
-33
-23
-21
-22
-30
-29
-28
-34
-38
-41
-40
-40
-36
-30
-24
-20
-26
-25
-19
-18
-20
-14
-17
-16
-14
-6
-6
-11
-9
-17
-16
-14
-25
-33
-33
-29
-25
-17
-14
-8
-9
-19
-22
-21
-17
-10
-3
-3
-2
0
-4
-10
-6
-5
-7
1
4
11
16
15
10
14
11
10
14
17
16
13
16
23
30
27
24
28
33
38
35
31
33
32
28
26
21
15
17
22
18
10
10
9
12
5
4
6
-2
-6
-6
-6
-10
-10
-11
-7
-8
-5
-4
2
6
11
24
23
24
24
17
13
6
5
9
16
25
31
39
42
43
38
29
25
23
27
28
36
35
33
31
33
44
38
35
41
48
55
57
59
52
51
45
33
33
33
33
36
41
44
50
49
47
55
52
53
50
55
53
45
45
40
41
44
45
43
40
40
32
30
29
27
34
38
43
44
38
30
27
19
17
19
13
11
13
15
13
8
4
8
23
27
26
26
25
27
25
24
21
16
10
7
3
-3
-14
-21
-26
-21
-13
-8
-2
-4
-17
-17
-15
-16
-8
-9
-16
-12
-11
-13
-17
-18
-19
-15
-12
-11
-10
-18
-23
-17
-7
-3
2
0
2
-2
-3
-4
-1
-1
-8
-8
-11
-4
-11
-14
-17
-17
-15
-19
-28
-34
-30
-24
-20
-24
-21
-24
-33
-39
-42
-54
-56
-60
-58
-49
-47
-48
-54
-51
-57
-60
-54
-50
-47
-36
-35
-38
-50
-58
-61
-62
-55
-52
-39
-33
-24
-15
-13
-11
-13
-12
-18
-15
-15
-18
-8
1
6
11
7
3
7
6
7
6
3
-4
-7
-8
-10
-6
-5
-10
-12
-6
-1
-4
-7
-20
-30
-34
-41
-32
-27
-33
-32
-31
-32
-39
-43
-50
-57
-47
-38
-38
-41
-45
-49
-51
-46
-35
-31
-31
-37
-43
-31
-34
-43
-47
-45
-35
-40
-39
-37
-34
-30
-35
-29
-25
-25
-26
-23
-12
-14
-15
-10
-13
-11
-12
-10
-3
3
3
4
11
18
22
27
25
25
28
27
27
33
39
39
50
61
62
62
60
68
70
77
88
86
84
82
77
72
73
66
61
61
62
67
66
64
59
48
35
32
33
30
26
20
17
15
9
-5
-10
-9
-5
-3
-2
-5
-3
-2
-8
-13
-5
-5
-4
0
-13
-12
-19
-19
-23
-23
-9
-6
4
5
6
-1
-16
-13
-10
-6
-8
-3
-6
-9
-5
-5
-8
-7
-2
1
11
13
22
23
24
25
28
37
44
38
42
50
52
57
54
56
56
64
69
70
77
74
58
53
56
48
44
52
55
60
60
53
52
43
35
33
22
24
28
31
34
27
23
23
6
2
2
4
10
6
0
-4
-1
-6
-11
-10
-14
-9
-10
-11
-7
-12
-13
-14
-13
-11
-14
-14
-13
-10
-10
-9
-2
5
5
11
11
6
2
-1
-7
-10
-8
-1
4
3
-2
-7
-1
-4
-9
-8
-13
-15
-17
-19
-16
-16
-14
-19
-12
-8
-8
1
1
6
6
-5
-12
-11
-5
-3
-5
-8
-5
-2
-7
-11
-12
-3
-3
2
10
-3
-11
-18
-26
-27
-24
-26
-21
-19
-19
-18
-25
-29
-40
-47
-44
-46
-45
-43
-40
-32
-40
-39
-29
-22
-28
-32
-30
-29
-28
-37
-29
-26
-31
-27
-31
-33
-28
-36
-41
-33
-27
-27
-29
-30
-27
-27
-29
-26
-27
-26
-31
-26
-17
-11
-11
-16
-24
-33
-30
-26
-19
-8
-1
2
2
2
-2
-5
-8
-11
-1
10
15
14
14
22
23
22
17
21
21
27
29
24
21
14
10
8
7
3
-6
-12
-16
-23
-23
-23
-20
-19
-17
-16
-25
-30
-33
-35
-37
-48
-50
-43
-44
-43
-36
-31
-31
-27
-27
-24
-22
-27
-24
-23
-29
-32
-31
-28
-21
-13
0
5
4
-2
-6
-7
-6
-1
-2
-2
-4
2
5
14
20
17
16
16
20
18
14
11
13
21
25
35
30
29
30
27
21
12
11
12
15
14
8
0
1
10
11
12
10
2
-6
-16
-19
-23
-23
-25
-26
-16
-20
-19
-20
-24
-22
-26
-27
-28
-26
-20
-9
-6
-8
-9
-8
-11
-8
-6
0
5
15
29
41
53
47
42
39
40
38
41
42
39
42
40
37
43
43
48
51
51
52
55
61
62
66
65
69
69
65
58
53
57
57
63
68
70
77
76
74
72
65
57
52
49
49
50
47
46
45
35
21
16
20
21
18
16
23
16
5
-2
-9
-14
-12
-9
-16
-15
-21
-16
-11
-13
-6
-2
-4
-10
-13
-26
-29
-30
-34
-33
-31
-28
-30
-23
-20
-15
-14
-25
-22
-21
-22
-19
-14
-9
-3
0
1
9
0
-7
-5
3
19
22
35
32
23
23
10
1
-4
-5
-9
-8
-3
1
-3
-8
-10
-13
-8
-6
-7
1
1
-2
-3
-7
-5
-1
-2
2
10
9
4
7
13
8
-2
-6
-6
-5
-4
-14
-16
-16
-18
-22
-26
-27
-34
-29
-26
-23
-24
-29
-24
-27
-44
-60
-64
-66
-60
-55
-58
-52
-51
-56
-53
-50
-52
-58
-65
-66
-62
-57
-58
-60
-57
-51
-51
-48
-37
-32
-32
-31
-23
-23
-24
-32
-30
-22
-20
-15
-6
3
2
4
6
12
8
0
-2
-5
-7
-12
-12
-13
-13
-9
-7
-3
-4
-3
-3
6
1
-7
-11
-14
-19
-21
-19
-19
-22
-20
-17
-15
-19
-26
-23
-19
-14
-16
-14
-15
-13
-17
-13
-10
-10
-7
-4
-5
-7
6
6
7
6
9
21
28
22
16
7
-7
-18
-22
-16
-12
-1
7
10
15
14
6
10
7
8
17
21
21
26
31
33
38
37
39
37
40
38
40
41
43
41
37
40
38
41
37
26
28
22
17
20
32
33
37
34
35
32
17
12
9
8
7
7
10
13
4
2
1
-4
-1
-3
0
-5
-13
-11
-8
-14
-15
-7
0
11
19
27
24
27
33
36
42
40
46
42
40
34
36
47
46
48
42
45
43
38
40
38
30
35
35
34
37
29
28
28
32
35
29
18
17
18
21
22
24
30
34
27
24
18
9
10
6
9
18
17
17
25
18
15
12
10
11
3
4
12
9
9
11
11
11
4
0
-10
-11
-14
-8
0
0
4
3
-5
-9
-8
-11
-13
-11
-12
-11
-9
-7
-10
-16
-15
-14
-14
-15
-18
-14
-10
-10
-9
-12
-9
-6
-5
-6
-8
-1
-4
-11
-15
-19
-22
-25
-22
-16
-14
-17
-12
-14
-14
-15
-17
-11
-14
-17
-13
-9
-11
-9
-9
-14
-10
-6
-5
-6
-4
-11
-22
-17
-15
-12
-9
-4
-1
-4
-1
-4
-8
-9
-11
-8
-4
3
9
6
6
-1
-3
-9
-9
-7
-8
-8
-16
-16
-18
-27
-35
-37
-35
-40
-47
-47
-50
-54
-54
-53
-44
-45
-54
-53
-50
-45
-46
-50
-42
-37
-31
-27
-20
-18
-14
-18
-17
-13
-14
-17
-17
-9
-4
2
6
19
24
18
19
13
11
20
20
22
22
15
8
4
2
0
3
2
0
-3
-3
-2
-10
-8
-8
-9
-7
-9
-19
-14
-12
-12
-8
-8
-5
-7
-8
-8
-12
-16
-9
-13
-7
4
8
16
24
23
25
17
10
13
8
8
5
3
5
8
4
2
1
-1
-2
-6
-6
-6
-5
4
12
22
19
16
17
17
12
9
6
5
3
3
6
6
8
8
7
1
-4
-8
-13
-11
-6
-2
0
2
-2
3
3
-1
-4
-10
-13
-10
-9
-8
1
9
11
16
21
23
23
23
24
29
32
28
28
31
34
39
38
32
34
33
34
32
28
29
26
28
31
37
36
30
30
25
18
18
16
14
13
6
4
6
8
6
8
4
6
4
0
5
8
4
7
9
5
5
-1
-12
-15
-17
-25
-25
-29
-28
-24
-23
-23
-22
-25
-22
-15
-11
-10
-4
-12
-15
-14
-18
-21
-20
-9
-11
-9
-10
-7
-9
-7
-2
1
6
3
0
2
4
4
5
3
1
3
-2
6
13
15
20
16
18
14
9
4
-2
-1
0
-10
-17
-16
-18
-15
-12
-13
-13
-13
-11
-9
-8
-9
-8
-7
-9
-6
-7
-4
-14
-16
-17
-18
-11
-11
-6
-3
2
3
4
3
-3
-6
-16
-19
-20
-20
-21
-26
-30
-34
-36
-35
-32
-31
-29
-27
-24
-21
-18
-15
-14
-15
-11
-6
-7
-6
-8
-17
-16
-19
-18
-16
-16
-7
-2
-4
-5
-5
-3
-6
-9
-6
-12
-8
-5
0
4
7
16
27
34
40
41
38
39
36
34
35
36
35
38
37
39
41
35
33
35
27
35
37
39
42
37
32
33
27
23
23
18
23
23
16
18
21
27
27
24
20
17
14
10
8
2
-1
1
2
-1
-4
-10
-14
-14
-6
-4
-8
-8
-10
-21
-24
-24
-30
-33
-40
-39
-42
-49
-50
-55
-49
-46
-42
-42
-46
-42
-41
-39
-40
-38
-42
-46
-44
-43
-42
-36
-32
-34
-33
-33
-35
-37
-35
-33
-28
-21
-13
-8
-7
-13
-16
-15
-16
-11
-8
-1
10
14
11
7
8
9
4
1
1
4
9
12
15
22
23
15
17
14
7
1
-3
6
16
19
23
22
18
9
5
6
12
12
13
18
13
5
9
0
1
4
-1
7
13
14
14
13
13
16
19
25
20
19
21
23
30
29
23
20
24
29
32
29
25
21
20
23
22
26
33
37
38
34
32
31
23
24
24
20
19
11
6
5
6
3
-2
-4
1
2
3
-1
-6
-5
-6
-8
-4
-12
-18
-23
-26
-24
-24
-23
-18
-15
-17
-11
-7
-12
-17
-23
-25
-34
-34
-38
-38
-37
-34
-32
-27
-30
-28
-26
-17
-21
-13
-10
-30
14
-20
8
-2
-9
20
-12
16
11
13
32
2
30
15
29
18
13
22
13
37
17
30
28
28
25
15
24
13
20
15
8
21
14
20
12
18
30
18
28
19
25
32
27
40
34
35
31
36
40
41
50
39
40
37
38
33
28
32
25
29
31
28
38
35
37
39
34
33
26
35
26
20
17
7
13
10
12
9
15
26
18
31
30
21
19
18
18
11
8
8
12
13
12
6
6
-1
-6
-3
-6
-8
-9
-8
-10
-13
-16
-23
-25
-24
-26
-27
-23
-25
-26
-23
-25
-24
-16
-11
-13
-15
-12
-13
-12
-14
-15
-12
-16
-20
-24
-25
-22
-24
-27
-27
-27
-29
-27
-25
-31
-34
-41
-45
-50
-54
-54
-59
-64
-65
-64
-64
-64
-69
-63
-59
-53
-48
-51
-45
-51
-54
-65
-64
-63
-63
-55
-55
-49
-44
-36
-35
-28
-27
-21
-16
-20
-20
-23
-25
-24
-26
-18
-20
-17
-19
-26
-21
-19
-19
-13
-14
-13
-10
-10
-5
-13
-5
-6
-12
-8
-12
-15
-12
-10
-6
-7
-6
-6
-8
2
3
5
5
2
8
5
9
10
12
11
4
1
-3
2
0
2
-1
-6
2
2
4
9
7
6
7
3
-6
-8
-4
1
3
2
5
4
3
-2
-3
0
8
11
18
22
17
22
15
13
17
14
18
21
19
22
27
31
32
32
32
38
39
33
25
27
24
20
23
23
30
35
33
33
33
30
32
32
29
34
28
23
26
26
23
16
9
6
4
6
7
10
17
26
31
29
26
18
7
5
0
5
8
11
13
11
19
14
15
17
15
18
20
16
14
15
16
16
22
24
29
33
29
26
32
32
21
21
21
22
26
28
28
27
26
25
26
35
35
25
27
26
30
23
24
19
14
17
12
18
17
17
20
17
21
21
28
33
25
25
19
17
15
6
6
7
1
4
1
-7
-1
-10
-8
-6
-9
-7
-9
-10
-12
-12
-18
-16
-12
-16
-20
-27
-25
-28
-22
-11
-11
-8
-3
-10
-11
-10
-6
-5
-7
-3
-4
-6
-8
-11
-11
-14
-20
-17
-23
-22
-17
-22
-20
-22
-29
-32
-35
-36
-38
-37
-32
-27
-26
-29
-25
-25
-18
-13
-12
-6
-3
-5
-5
-3
-9
-9
-8
-4
8
11
12
10
14
9
10
16
11
10
8
7
5
-4
-11
-10
-11
-6
-6
-3
2
-2
-2
-4
-12
-15
-21
-25
-25
-35
-34
-39
-36
-32
-38
-38
-37
-33
-34
-31
-27
-29
-32
-35
-39
-43
-38
-36
-39
-35
-27
-27
-27
-28
-28
-33
-32
-32
-32
-36
-41
-34
-39
-39
-37
-32
-29
-32
-31
-33
-23
-15
-12
-12
-11
-16
-18
-19
-13
-3
-5
4
0
5
6
-4
-3
-6
-5
-4
1
2
5
6
3
2
2
0
-5
-9
-11
-12
-10
-18
-19
-17
-21
-17
-19
-14
-11
-11
-8
-12
-13
-16
-15
-15
-8
-3
-4
-5
-6
-3
-2
0
3
10
19
26
26
27
26
27
30
37
39
39
35
31
29
28
36
39
38
42
40
49
48
47
48
42
49
44
43
38
36
36
38
38
40
39
34
41
39
36
37
35
30
28
31
29
26
30
28
28
26
24
24
18
22
15
16
12
16
19
18
25
22
23
19
20
28
25
21
16
16
16
15
22
20
17
24
30
32
34
35
28
26
34
30
28
23
21
26
26
34
36
37
35
38
35
32
33
34
34
28
21
14
6
0
0
-1
-1
2
4
5
4
3
1
-3
-9
-13
-14
-21
-25
-31
-34
-37
-33
-29
-28
-21
-19
-18
-18
-16
-17
-16
-14
-12
-21
-18
-14
-14
-16
-22
-18
-14
-11
-10
-12
-16
-19
-18
-20
-17
-11
-6
2
1
3
11
8
4
5
8
17
17
17
18
15
16
17
26
26
22
24
21
25
21
15
13
9
14
18
15
16
11
10
5
2
6
2
3
7
3
3
0
0
-3
-6
-12
-13
-12
-22
-21
-25
-31
-34
-41
-43
-43
-45
-43
-47
-55
-57
-51
-57
-59
-56
-57
-60
-57
-59
-59
-55
-57
-56
-63
-66
-64
-64
-58
-54
-45
-43
-46
-41
-42
-39
-33
-29
-26
-26
-24
-23
-22
-22
-18
-16
-14
-14
-13
-18
-22
-20
-24
-25
-31
-24
-26
-24
-23
-26
-20
-18
-14
-10
-9
-11
-7
-6
-11
-13
-14
-10
-4
-1
-2
2
10
17
23
20
22
20
21
23
16
8
4
2
-3
-3
-4
-6
1
6
2
-3
-4
-7
-8
-5
-6
-7
-9
-9
-10
-9
-7
-13
-6
-1
-3
-2
5
-1
-4
-11
-10
-9
-16
-13
-14
-11
-4
-4
-10
-2
-4
-3
1
1
10
7
6
4
7
5
2
3
1
-1
0
4
9
16
18
20
21
25
29
31
38
33
27
27
27
26
20
19
16
11
8
8
6
6
14
17
18
18
22
18
9
9
3
-1
-4
2
3
-2
8
12
21
24
22
24
29
31
31
31
29
31
34
38
37
38
39
45
44
46
52
56
58
59
51
52
58
61
69
74
67
71
71
61
57
53
49
44
44
40
36
26
19
20
20
29
30
29
31
32
31
24
22
19
17
19
15
12
15
18
26
25
18
23
19
17
12
12
17
13
11
14
10
3
2
5
11
10
10
18
16
10
10
9
4
2
5
7
4
-6
-3
-2
-7
-7
-15
-18
-18
-17
-24
-29
-27
-29
-33
-40
-43
-42
-43
-41
-47
-48
-49
-50
-45
-42
-39
-41
-34
-27
-21
-13
-11
-17
-17
-19
-21
-22
-18
-14
-20
-15
-15
-22
-16
-9
2
3
2
3
-5
-11
-14
-15
-24
-29
-29
-34
-35
-32
-30
-32
-30
-33
-27
-26
-19
-16
-24
-22
-26
-32
-35
-33
-38
-41
-45
-49
-43
-44
-40
-39
-30
-18
-20
-23
-21
-20
-22
-14
-11
-7
-16
-16
-16
-12
-14
-18
-15
-14
-17
-12
-9
-17
-11
-18
-17
-15
-16
-11
-12
-8
-6
-8
-6
-4
0
1
3
7
7
6
4
7
3
2
4
3
6
-1
-5
-4
-9
-17
-19
-19
-21
-24
-19
-20
-31
-35
-34
-31
-27
-23
-22
-14
-15
-17
-16
-20
-25
-30
-31
-28
-30
-25
-18
-14
-16
-15
-11
-13
-11
-7
-3
-10
-11
-11
-16
-20
-20
-15
-12
-6
-1
5
10
10
12
6
7
9
11
13
12
10
13
14
11
13
13
17
18
27
31
31
34
29
30
35
26
18
22
27
26
22
19
23
22
17
19
23
30
28
34
43
43
46
44
47
48
53
58
58
55
50
49
47
42
45
39
44
52
48
57
58
56
54
53
44
45
39
35
30
24
25
20
21
23
24
24
31
25
22
22
19
15
12
12
8
14
19
16
19
28
34
32
36
42
38
39
37
33
31
27
24
21
21
17
22
29
26
27
27
22
18
14
12
7
3
-6
-9
-3
-12
-9
-7
0
5
5
6
1
-1
-8
1
-1
-7
-12
-14
-9
-10
-15
-11
-8
-18
-23
-22
-29
-28
-32
-35
-39
-38
-31
-26
-22
-25
-17
-12
-9
-5
-5
-3
-3
-5
0
-1
10
11
7
15
22
22
24
25
16
19
22
21
23
20
18
21
19
16
22
18
15
18
15
13
12
3
-4
-7
-12
-7
-8
-13
-19
-28
-30
-32
-27
-31
-36
-37
-37
-47
-52
-52
-56
-54
-55
-58
-52
-57
-55
-58
-64
-62
-63
-60
-60
-63
-60
-62
-61
-52
-47
-46
-42
-35
-30
-30
-32
-28
-25
-24
-20
-22
-24
-17
-8
-4
5
7
13
13
13
13
9
9
8
11
8
5
6
3
-1
3
-1
5
0
1
-1
-10
-16
-21
-17
-20
-18
-17
-26
-28
-28
-33
-36
-33
-38
-42
-46
-47
-44
-47
-45
-44
-40
-39
-42
-47
-48
-46
-41
-40
-45
-47
-46
-45
-48
-35
-29
-26
-19
-28
-25
-27
-27
-26
-28
-28
-28
-29
-28
-17
-10
-2
1
5
8
15
10
13
20
28
32
34
36
37
41
40
58
60
64
63
73
72
64
64
56
56
44
40
33
33
34
34
31
28
30
26
26
21
20
20
23
21
30
30
25
19
11
12
10
13
17
18
24
21
19
16
12
12
4
9
7
9
13
9
14
9
9
8
10
21
13
13
13
7
15
17
17
17
15
27
24
22
31
37
33
34
43
47
59
59
56
60
50
41
42
41
49
51
51
48
45
36
30
29
30
27
21
19
20
13
1
-2
-9
-8
-12
-13
-12
-20
-15
-26
-28
-31
-36
-20
-28
-21
-22
-15
-11
-7
-6
-9
-3
0
0
6
15
7
-3
-11
-15
-22
-18
-18
-20
-20
-18
-7
-11
-14
-11
-16
-13
-17
-14
-12
-17
-21
-30
-33
-29
-32
-29
-14
-8
-14
-4
-8
-7
-11
-14
-13
-20
-13
-26
-20
-19
-16
-16
-27
-20
-12
-4
-2
6
5
1
-5
-15
-24
-28
-30
-26
-26
-16
-9
-11
-8
-2
6
4
12
1
4
-10
-15
-17
-31
-20
-29
-9
-18
-14
-8
-4
5
-1
-4
-5
-1
-10
-15
-8
-9
-10
-5
1
1
-5
-1
-2
0
-4
-6
-2
-15
-13
-18
-7
-6
-3
9
18
33
25
35
22
20
19
17
20
15
10
6
10
19
26
39
36
40
43
32
40
28
17
10
-14
-30
-31
-37
-35
-30
-33
-35
-20
-19
-7
-5
-6
-11
-15
-24
-28
-35
-43
-44
-41
-44
-38
-44
-54
-52
-64
-58
-65
-71
-71
-65
-73
-78
-73
-79
-73
-83
-75
-79
-88
-79
-80
-71
-71
-60
-45
-44
-29
-25
-13
-8
5
11
23
27
35
41
32
47
50
60
66
66
64
59
58
56
47
50
38
40
35
36
29
22
23
13
19
9
21
24
25
28
18
19
23
33
43
37
33
42
42
46
45
39
44
42
30
33
28
19
21
10
7
23
16
10
29
17
24
16
17
25
20
23
20
28
21
27
19
21
44
39
47
55
44
42
38
27
31
23
29
31
30
20
26
39
17
33
30
20
39
21
19
23
10
12
13
6
14
15
3
1
8
0
2
13
-10
3
-3
-19
-8
-24
-21
-11
-21
-10
7
0
6
10
-1
9
6
-4
-2
-3
-9
-19
-21
-27
-23
-18
-19
-1
-16
-15
-7
-30
-7
-22
-25
-32
-45
-44
-48
-56
-69
-65
-71
-76
-86
-80
-83
-80
-80
-70
-57
-67
-45
-57
-37
-41
-49
-36
-57
-52
-61
-53
-70
-56
-50
-54
-38
-40
-19
-12
-22
0
12
3
7
17
18
29
27
31
37
42
54
63
76
77
101
104
100
129
118
132
132
129
149
144
157
154
164
166
178
182
173
196
185
191
194
185
191
185
169
170
152
138
127
116
109
100
96
92
80
78
67
62
54
33
34
24
11
-7
-26
-41
-50
-59
-63
-60
-71
-69
-75
-79
-74
-87
-95
-115
-123
-145
-176
-197
-223
-244
-261
-290
-289
-289
-288
-293
-289
-288
-281
-277
-280
-273
-293
-279
-288
-276
-260
-237
-255
-216
-218
-208
-153
-175
-140
-140
-143
-152
-136
-147
-151
-139
-167
-141
-128
-151
-112
-141
-151
-114
-119
-128
-116
-135
-139
-120
-143
-89
-62
-40
44
103
183
272
378
417
483
525
527
578
517
512
473
394
344
303
249
219
193
156
147
141
146
162
179
166
189
178
182
196
203
201
198
185
188
201
211
230
233
244
257
276
275
288
283
261
236
195
159
119
60
20
-24
-77
-118
-152
-176
-193
-217
-216
-221
-217
-209
-212
-199
-213
-199
-210
-216
-215
-246
-261
-293
-312
-313
-335
-321
-312
-334
-325
-354
-327
-347
-332
-314
-336
-301
-302
-282
-267
-278
-237
-249
-213
-217
-171
-138
-169
-112
-157
-117
-140
-118
-113
-115
-107
-120
-105
-135
-125
-105
-116
-111
-101
-95
32
127
240
334
392
518
590
652
706
730
679
600
522
421
367
292
218
158
112
78
94
104
95
114
94
83
155
163
183
217
182
229
205
236
310
331
363
388
433
448
465
500
475
461
412
376
352
268
211
132
38
-35
-97
-163
-207
-271
-326
-359
-391
-413
-409
-404
-393
-364
-323
-293
-256
-219
-226
-202
-214
-228
-221
-261
-270
-289
-345
-351
-397
-373
-372
-382
-361
-379
-332
-354
-321
-299
-325
-270
-284
-229
-206
-207
-195
-154
-178
-142
-92
-127
-53
-95
-70
-69
-98
-60
-71
-66
-66
-76
-79
-64
-44
-26
-14
-48
9
6
137
267
360
510
526
673
746
805
878
871
815
719
617
510
398
308
191
75
-13
-56
-68
-80
-108
-101
-122
-150
-91
-65
-66
-60
-77
-44
-41
-22
81
111
157
193
255
322
353
384
410
380
347
321
282
234
127
68
-29
-115
-181
-238
-285
-356
-402
-428
-466
-478
-478
-467
-449
-437
-389
-338
-309
-255
-228
-224
-175
-207
-175
-178
-219
-208
-229
-236
-244
-254
-266
-277
-258
-273
-246
-234
-253
-196
-228
-238
-178
-205
-183
-140
-153
-123
-123
-129
-112
-81
-84
-90
-64
-72
-101
-42
-108
-85
-89
-154
-77
-54
-41
-6
17
24
95
89
305
431
559
669
705
902
887
989
1038
994
893
734
639
511
389
267
163
-2
-95
-148
-148
-146
-203
-195
-258
-273
-218
-185
-165
-199
-180
-133
-139
-66
21
87
122
160
241
322
361
394
440
401
344
319
289
193
94
-2
-117
-209
-304
-362
-416
-499
-533
-562
-565
-577
-542
-519
-490
-413
-370
-285
-238
-204
-147
-131
-101
-67
-78
-54
-29
-77
-39
-39
-62
-33
-95
-29
-31
-38
-3
-33
-8
-51
-48
-12
-53
-22
-57
-49
-38
-83
-4
-57
-10
-57
-17
-28
-47
-53
-58
-69
-148
-54
-173
-44
-130
-146
-36
-129
-49
-37
68
268
412
529
676
743
914
952
1064
1096
991
955
724
634
454
284
168
-40
-137
-224
-291
-275
-276
-280
-274
-323
-270
-209
-181
-163
-153
-145
-123
-117
-38
23
43
95
134
227
292
344
405
412
394
396
357
335
240
126
3
-129
-228
-320
-411
-512
-591
-616
-665
-639
-611
-588
-506
-475
-387
-305
-237
-172
-86
-109
-45
-60
-32
-1
-62
6
-48
-35
28
-8
51
48
-23
67
5
51
57
32
-9
-55
-37
-92
-34
-78
-107
-73
-107
-112
-65
-63
-37
-39
-69
-36
-34
-20
-25
17
-16
-40
3
-27
19
48
1
74
141
226
421
515
594
724
798
859
966
948
904
773
611
456
320
175
-16
-116
-303
-402
-400
-435
-358
-321
-341
-273
-249
-191
-113
-73
-101
-103
-140
-156
-111
-134
-90
-64
-35
8
119
186
255
294
272
273
237
174
97
6
-168
-293
-417
-520
-565
-633
-687
-702
-716
-695
-631
-592
-534
-496
-426
-419
-317
-275
-236
-151
-184
-160
-131
-102
-110
9
-64
28
6
-5
134
65
138
71
135
81
45
86
-4
10
-44
-115
-63
-152
-165
-99
-155
-88
-96
-82
-4
-74
1
-13
6
50
9
47
1
-15
1
19
80
232
348
492
574
721
861
930
1045
1067
1069
974
793
694
508
363
184
21
-107
-261
-307
-368
-339
-373
-361
-371
-329
-241
-235
-164
-177
-172
-187
-210
-149
-124
-88
-60
-24
31
109
199
276
333
348
366
361
354
292
213
90
-28
-136
-250
-344
-425
-498
-567
-605
-612
-607
-577
-548
-511
-457
-426
-367
-309
-272
-234
-190
-167
-142
-90
-35
-55
43
38
57
122
67
127
129
94
146
115
47
105
3
-1
-20
-87
-39
-124
-167
-89
-118
-138
-132
-113
-124
-115
-81
-99
35
-66
-34
31
-4
34
0
93
69
240
378
485
738
772
955
1110
1188
1303
1340
1263
1174
1025
857
696
485
338
138
24
-93
-127
-101
-164
-147
-146
-132
-88
-76
-122
-101
-188
-260
-225
-306
-264
-264
-262
-180
-99
3
104
221
247
312
348
346
334
276
151
23
-81
-234
-312
-402
-508
-568
-626
-662
-669
-633
-672
-630
-605
-628
-523
-549
-497
-426
-420
-383
-296
-297
-169
-157
-188
-55
-107
-49
-56
-74
-44
-70
-90
-106
-90
-88
-147
-91
-105
-110
-128
-127
-77
-97
-90
-142
-69
-131
-118
-58
-96
-3
-76
1
21
-18
55
4
92
169
294
392
492
585
694
817
878
998
1014
975
886
799
763
608
507
359
199
120
39
35
69
23
-14
8
-18
41
56
42
2
-98
-181
-246
-277
-322
-346
-393
-409
-352
-262
-143
-63
9
55
85
102
111
104
-24
-135
-226
-339
-378
-466
-532
-535
-619
-613
-603
-546
-537
-521
-485
-523
-456
-481
-458
-434
-463
-474
-432
-438
-391
-347
-323
-271
-251
-225
-194
-103
-148
-103
-95
-129
-67
-81
-68
22
30
4
139
43
119
168
64
129
74
67
86
76
66
65
89
60
92
147
131
270
431
542
631
702
792
901
939
1001
1084
969
862
756
636
585
474
339
230
83
1
36
24
30
43
23
13
61
142
192
173
87
88
23
-46
-31
-44
-56
-137
-123
-67
-30
17
25
80
28
3
1
-43
-107
-233
-332
-445
-510
-596
-652
-674
-770
-724
-708
-683
-586
-550
-514
-454
-423
-352
-290
-303
-281
-283
-241
-274
-193
-220
-169
-187
-177
-123
-114
-71
-130
-87
-76
-74
-88
-85
-64
-42
-76
-16
-41
82
50
102
211
163
258
257
327
326
356
329
325
337
253
360
536
619
786
906
1005
1262
1376
1511
1650
1595
1505
1359
1223
1034
855
598
337
140
-50
-148
-168
-220
-225
-143
-168
-45
99
119
220
137
107
138
-19
-32
-76
-178
-250
-255
-216
-141
-77
-36
48
114
104
120
147
-8
-118
-275
-483
-597
-790
-984
-1069
-1240
-1320
-1342
-1358
-1338
-1289
-1194
-1114
-982
-871
-745
-669
-600
-581
-447
-449
-445
-382
-393
-358
-382
-346
-282
-250
-216
-223
-135
-66
-137
-5
-71
-75
-7
-172
-98
-134
-211
-182
-159
-162
-60
11
57
258
291
401
495
562
582
773
996
992
1178
1143
1303
1444
1443
1621
1692
1604
1476
1456
1323
1209
1027
816
600
360
150
126
6
-213
-246
-284
-278
-231
-105
-24
19
16
75
202
161
187
234
128
53
27
20
34
-35
-100
-108
-161
-238
-221
-266
-408
-538
-677
-769
-892
-1018
-1134
-1239
-1385
-1482
-1481
-1553
-1533
-1578
-1528
-1456
-1408
-1276
-1211
-1066
-1012
-890
-792
-717
-647
-589
-534
-487
-478
-482
-402
-495
-418
-414
-417
-319
-410
-280
-277
-192
-68
-126
59
-45
66
155
54
292
209
243
350
391
471
519
679
908
1164
1289
1444
1682
1835
1910
2075
2161
2134
2006
1865
1735
1573
1434
1243
1086
851
716
658
587
539
421
389
276
236
346
360
384
295
301
330
320
376
416
457
355
329
334
398
380
332
333
215
131
64
-5
-110
-301
-528
-713
-874
-1072
-1196
-1327
-1474
-1597
-1655
-1664
-1680
-1648
-1672
-1636
-1557
-1523
-1410
-1298
-1268
-1206
-1171
-1119
-1062
-896
-908
-797
-769
-780
-578
-703
-493
-582
-536
-508
-622
-451
-564
-456
-517
-507
-503
-459
-377
-326
-258
-191
-63
-55
162
237
350
551
807
1051
1414
1546
1755
2111
2154
2350
2450
2489
2370
2203
2020
1782
1652
1397
1154
995
733
641
667
611
601
603
570
590
664
735
840
773
758
764
745
788
802
897
878
879
921
1009
1069
1041
1006
949
794
643
529
309
50
-255
-588
-826
-1098
-1364
-1530
-1719
-1913
-2007
-2015
-2075
-2029
-2027
-1974
-1883
-1839
-1760
-1684
-1632
-1675
-1587
-1612
-1584
-1594
-1619
-1534
-1545
-1475
-1349
-1260
-1144
-1072
-976
-847
-805
-719
-724
-666
-708
-742
-743
-880
-846
-916
-946
-816
-860
-700
-538
-448
-165
206
589
970
1311
1504
1859
2113
2252
2463
2517
2373
2263
2123
1937
1862
1675
1408
1263
1014
944
960
904
870
796
732
667
720
749
790
760
708
726
759
822
952
1053
1071
1204
1312
1501
1669
1717
1763
1738
1630
1512
1387
1137
847
486
108
-231
-538
-862
-1137
-1389
-1614
-1774
-1879
-1940
-1985
-1985
-2015
-1969
-1955
-1902
-1868
-1848
-1802
-1828
-1729
-1778
-1712
-1710
-1729
-1625
-1680
-1609
-1558
-1553
-1482
-1420
-1360
-1305
-1264
-1277
-1224
-1146
-1283
-1156
-1291
-1321
-1313
-1367
-1279
-1338
-1197
-1237
-935
-430
-99
490
766
1188
1721
2048
2452
2741
2833
2664
2440
2238
2113
1880
1542
1179
896
705
593
644
675
651
673
672
805
1016
1129
1178
1107
1096
1140
1168
1278
1410
1468
1517
1628
1866
2159
2361
2459
2538
2559
2488
2443
2296
2022
1623
1190
778
387
8
-388
-739
-1091
-1409
-1583
-1690
-1782
-1843
-1912
-1911
-1872
-1789
-1718
-1691
-1659
-1668
-1647
-1625
-1610
-1629
-1619
-1670
-1710
-1635
-1689
-1606
-1641
-1659
-1574
-1624
-1542
-1591
-1540
-1583
-1578
-1672
-1696
-1807
-1826
-1868
-1951
-1858
-1964
-1813
-1757
-1163
-731
-218
179
498
1181
1539
2039
2357
2604
2470
2267
2107
1923
1834
1442
1098
682
395
288
318
332
225
243
209
278
466
739
844
792
747
872
1041
1191
1448
1651
1826
1943
2271
2742
3063
3237
3315
3351
3286
3218
3120
2889
2457
1922
1502
1078
735
361
14
-368
-733
-930
-1027
-1134
-1289
-1375
-1509
-1597
-1608
-1569
-1567
-1586
-1708
-1675
-1611
-1623
-1556
-1555
-1541
-1624
-1517
-1544
-1492
-1492
-1672
-1581
-1721
-1712
-1662
-1764
-1865
-1894
-2038
-2043
-2074
-2229
-2188
-2330
-2404
-2387
-2328
-2367
-1927
-1505
-1186
-724
-436
198
643
1081
1448
1865
1866
1717
1718
1606
1542
1293
992
623
389
196
208
172
-23
-8
-19
-64
90
330
447
455
396
559
797
936
1206
1553
1829
2025
2425
2935
3372
3658
3792
3950
3944
3792
3696
3469
2988
2455
1961
1494
1073
679
343
17
-366
-587
-636
-721
-837
-918
-1000
-1078
-1149
-1142
-1105
-1147
-1252
-1259
-1213
-1246
-1214
-1167
-1148
-1173
-1117
-1140
-1079
-1133
-1276
-1253
-1434
-1533
-1632
-1816
-1930
-2138
-2262
-2419
-2510
-2581
-2752
-2733
-2904
-2785
-2863
-2321
-1952
-1568
-1096
-970
-119
232
700
1074
1383
1410
1242
1200
1039
1053
734
395
88
-139
-296
-301
-327
-535
-497
-613
-592
-455
-306
-221
-266
-292
-142
73
253
570
936
1278
1573
2112
2687
3299
3708
4009
4322
4416
4465
4428
4292
3882
3377
2846
2315
1863
1342
886
504
51
-251
-413
-565
-635
-685
-784
-781
-799
-804
-715
-750
-749
-745
-774
-785
-740
-719
-679
-695
-771
-680
-679
-639
-714
-688
-836
-942
-984
-1251
-1235
-1564
-1860
-2085
-2410
-2618
-2776
-3019
-3190
-3357
-3125
-2667
-2347
-1798
-1625
-912
-339
20
627
978
1127
1022
819
615
598
333
-26
-417
-710
-875
-907
-878
-963
-916
-930
-1018
-820
-583
-479
-555
-712
-654
-591
-543
-321
-49
227
502
1016
1747
2469
3094
3663
4216
4500
4756
4970
4930
4648
4172
3652
3102
2554
1973
1506
977
474
191
-25
-193
-302
-323
-385
-430
-459
-407
-380
-485
-504
-440
-452
-500
-472
-409
-358
-338
-316
-177
-150
-179
-73
-155
-127
-218
-317
-418
-722
-860
-1144
-1394
-1889
-2120
-2466
-2729
-3073
-3057
-2589
-2525
-2070
-2033
-1292
-715
-348
162
501
757
601
501
248
195
-159
-659
-1055
-1382
-1512
-1618
-1589
-1688
-1539
-1490
-1465
-1206
-969
-827
-907
-1005
-1056
-990
-1106
-1031
-863
-745
-556
-180
470
1196
1829
2461
3192
3726
4192
4510
4693
4648
4371
3959
3517
3070
2535
1999
1493
1006
728
512
322
237
181
138
112
101
96
118
17
-109
-189
-205
-227
-251
-202
-155
-118
-17
47
255
341
340
433
467
445
441
371
190
70
-250
-472
-761
-1161
-1551
-1827
-2326
-2140
-1991
-1903
-1748
-1776
-1092
-612
-207
59
490
515
275
117
-39
-162
-647
-1286
-1810
-2069
-2277
-2325
-2335
-2479
-2321
-2192
-2059
-1702
-1288
-1139
-1251
-1439
-1403
-1295
-1436
-1516
-1498
-1445
-1382
-1009
-361
340
883
1502
2189
2828
3434
3813
4009
3906
3656
3350
2933
2473
1980
1507
996
546
372
346
261
211
270
337
432
428
472
455
331
181
50
-37
-170
-243
-220
-203
-118
46
231
406
600
734
889
1055
968
1092
959
798
748
387
218
-127
-473
-866
-896
-620
-542
-450
-651
-229
294
552
748
999
1092
773
502
164
135
-274
-1071
-1732
-2202
-2405
-2570
-2695
-2986
-2933
-2813
-2671
-2334
-1890
-1584
-1474
-1519
-1475
-1289
-1369
-1465
-1562
-1656
-1800
-1665
-1329
-866
-513
-10
573
1132
1733
2304
2791
2840
2762
2665
2524
2154
1629
1222
779
259
-51
-166
-163
-200
-174
-6
240
463
657
749
658
583
507
365
89
-140
-291
-420
-556
-476
-256
-119
119
272
610
930
1157
1278
1475
1323
1291
1281
908
775
361
64
-108
180
310
545
561
680
1497
1819
2105
2356
2547
2292
1858
1402
1143
839
-141
-1033
-1627
-2037
-2348
-2545
-2820
-2874
-2814
-2783
-2409
-1944
-1573
-1356
-1310
-1292
-1062
-1044
-1135
-1205
-1345
-1481
-1477
-1307
-1036
-672
-345
80
601
1054
1533
1954
2061
2048
1965
1764
1465
1007
526
81
-367
-728
-941
-1041
-1097
-1033
-846
-604
-311
-42
99
196
228
200
130
-129
-376
-579
-800
-982
-980
-957
-824
-635
-505
-116
246
534
849
1010
1051
1266
1151
1001
861
446
189
352
563
750
837
802
1456
2146
2525
2952
3365
3465
3285
2983
2705
2562
1917
840
19
-658
-1152
-1506
-1992
-2373
-2431
-2512
-2375
-1934
-1557
-1235
-1190
-1076
-801
-611
-699
-759
-806
-1006
-1144
-1068
-793
-624
-509
-217
244
696
1097
1525
1775
1696
1655
1544
1329
943
363
-161
-704
-1200
-1474
-1660
-1895
-1947
-1878
-1694
-1395
-1017
-671
-531
-481
-374
-226
-290
-561
-790
-1034
-1355
-1568
-1611
-1547
-1575
-1539
-1368
-1023
-597
-304
58
284
351
552
521
497
281
264
416
490
646
704
1170
1570
1982
2441
2906
3297
3386
3269
3116
3067
2751
2185
1386
674
201
-332
-851
-1301
-1530
-1757
-1909
-1776
-1415
-1098
-964
-863
-611
-348
-279
-137
-120
-182
-284
-239
-96
122
284
460
710
880
1239
1625
1856
1854
1785
1639
1492
1231
888
434
-135
-658
-1088
-1393
-1691
-1858
-1932
-2033
-2020
-1809
-1510
-1256
-1082
-944
-762
-691
-734
-765
-857
-1109
-1339
-1566
-1746
-1787
-1824
-1882
-1840
-1705
-1516
-1130
-1047
-851
-634
-582
-404
-500
-357
7
281
478
526
849
1431
1901
2105
2380
2732
2905
2818
2611
2597
2462
2022
1362
894
575
206
-205
-626
-856
-1000
-1156
-1114
-850
-694
-549
-499
-295
7
82
126
203
301
264
340
561
861
1071
1207
1550
1933
2171
2345
2518
2608
2479
2196
1946
1650
1310
824
346
-74
-408
-638
-902
-1091
-1160
-1131
-1176
-1233
-1164
-1069
-1113
-1237
-1236
-1179
-1194
-1381
-1484
-1498
-1540
-1581
-1620
-1657
-1599
-1475
-1494
-1446
-1367
-1277
-1183
-1313
-1365
-1222
-1245
-1287
-882
-559
-255
-27
215
1036
1504
1804
2101
2426
2414
2214
1977
1772
1582
929
219
-298
-615
-851
-1055
-1310
-1402
-1248
-1227
-1006
-644
-318
-105
-61
-8
256
401
366
381
347
290
332
570
872
1186
1428
1679
2141
2487
2719
2917
2867
2677
2450
2074
1701
1298
813
400
47
-254
-341
-295
-327
-204
-30
132
300
363
384
320
111
-207
-467
-841
-1198
-1492
-1795
-2027
-2168
-2205
-2166
-2054
-1869
-1618
-1344
-1274
-1042
-893
-996
-896
-1083
-1229
-1496
-1444
-1043
-746
-746
-589
67
743
1246
1647
2165
2417
2273
1880
1655
1472
840
-75
-1060
-1764
-2155
-2575
-2960
-3029
-2949
-2775
-2510
-1973
-1141
-568
-355
-127
283
552
598
563
517
424
251
232
465
757
1025
1304
1644
2019
2491
2873
2972
2898
2683
2399
1961
1403
860
413
-184
-625
-769
-689
-475
-300
-12
461
964
1348
1656
1813
1850
1762
1437
1017
559
-23
-635
-1220
-1641
-1935
-2169
-2337
-2377
-2151
-1931
-1646
-1344
-1093
-847
-827
-740
-812
-921
-870
-743
-416
-346
-186
276
942
1450
1854
2366
2762
2876
2546
2289
2049
1507
504
-622
-1507
-2238
-2949
-3707
-4145
-4277
-4297
-4178
-3719
-2958
-2204
-1731
-1319
-683
-91
255
362
410
412
429
430
491
751
985
1172
1437
1803
2270
2637
2718
2684
2561
2222
1752
1243
698
104
-538
-1071
-1325
-1312
-1213
-1006
-641
-101
527
1080
1557
2006
2339
2356
2236
2054
1793
1406
819
236
-182
-552
-902
-1214
-1336
-1405
-1407
-1342
-1314
-1125
-1041
-1055
-1050
-1159
-1271
-917
-524
-83
122
392
1138
1997
2643
3135
3705
4018
3959
3594
3353
3093
2426
1224
-28
-944
-1724
-2502
-3352
-3969
-4299
-4523
-4571
-4239
-3671
-3177
-2879
-2604
-2068
-1487
-1064
-784
-602
-436
-240
86
480
957
1348
1658
2002
2388
2752
2938
2905
2639
2284
1732
1095
442
-241
-920
-1581
-2121
-2402
-2365
-2230
-1988
-1647
-1067
-347
259
790
1269
1620
1812
1882
1838
1685
1407
1008
708
390
113
-90
-257
-395
-537
-483
-517
-458
-516
-764
-969
-1176
-1409
-1511
-1301
-1049
-648
-431
62
1100
2109
2895
3543
4271
4753
4838
4629
4488
4188
3368
2185
1040
177
-667
-1593
-2533
-3093
-3448
-3731
-3784
-3590
-3159
-2849
-2757
-2587
-2209
-1882
-1647
-1555
-1512
-1351
-1099
-703
-293
238
837
1359
1870
2359
2876
3153
3028
2703
2287
1715
988
142
-692
-1473
-2208
-2772
-3061
-3116
-3009
-2799
-2519
-1963
-1279
-726
-262
138
541
766
809
790
778
607
309
59
-70
-85
-234
-296
-310
-266
-264
-222
-196
-294
-393
-781
-1062
-1266
-1374
-1086
-889
-735
-392
198
1079
1945
2663
3401
3947
4283
4355
4282
4232
3923
3282
2361
1558
986
422
-330
-1019
-1521
-1845
-2155
-2341
-2166
-2027
-2025
-2127
-2080
-1845
-1574
-1385
-1312
-1229
-1003
-567
-117
338
844
1294
1591
1885
2299
2572
2554
2236
1862
1523
1028
441
-102
-657
-1218
-1695
-2104
-2273
-2260
-2264
-2323
-2257
-1936
-1546
-1253
-1046
-791
-548
-382
-298
-178
-81
-153
-306
-387
-498
-535
-601
-725
-778
-1018
-949
-959
-1044
-1028
-1391
-1383
-1548
-1265
-667
-421
-160
-86
549
1361
2041
2391
2777
3017
3016
2889
2823
2931
2789
2275
1440
1188
1205
1017
506
-107
-402
-628
-990
-1243
-1196
-1212
-1442
-1741
-1701
-1329
-924
-654
-491
-249
174
799
1334
1739
2129
2364
2363
2359
2459
2531
2372
1772
1223
929
727
446
-10
-372
-623
-828
-1071
-1242
-1215
-1248
-1488
-1705
-1598
-1297
-1128
-1135
-1043
-766
-542
-370
-289
-197
-69
-183
-383
-562
-592
-646
-937
-1289
-1511
-1517
-1607
-1911
-2049
-2049
-2255
-2276
-1884
-1193
-446
-248
0
560
1272
1882
2112
2380
2416
2188
1836
1645
1756
1730
1230
581
400
499
434
133
-171
-441
-893
-1314
-1528
-1483
-1461
-1675
-1913
-1845
-1426
-749
-84
331
693
1165
1754
2265
2770
3123
3106
2848
2558
2384
2334
2114
1610
1047
599
469
405
245
40
-133
-355
-637
-785
-749
-748
-981
-1263
-1263
-1038
-778
-571
-437
-264
-49
110
148
252
333
251
-117
-429
-514
-673
-827
-1179
-1564
-1640
-1881
-2201
-2125
-2334
-2379
-1839
-1409
-825
-343
-106
487
1082
1443
1620
1792
1865
1497
1050
740
780
886
432
-130
-294
-116
-6
-353
-756
-974
-1347
-1765
-2113
-2304
-2231
-2306
-2550
-2541
-2108
-1374
-604
-58
339
944
1654
2139
2562
2973
3132
3054
2668
2362
2362
2219
1811
1262
800
657
573
350
124
-60
-218
-457
-622
-627
-505
-462
-667
-716
-507
-211
18
53
97
245
401
455
463
533
545
444
286
127
120
108
-239
-570
-742
-944
-1150
-1476
-1880
-2052
-1622
-1160
-673
-225
-52
610
1279
1583
1853
2041
2068
1608
948
538
553
563
35
-635
-875
-747
-587
-794
-1118
-1329
-1632
-1988
-2310
-2411
-2317
-2408
-2678
-2709
-2388
-1739
-962
-400
-56
326
862
1418
1833
2092
2174
2184
2033
1748
1738
1755
1588
1190
677
479
405
247
21
-312
-500
-697
-862
-819
-706
-556
-508
-482
-293
-12
252
376
368
337
325
297
262
244
257
138
130
71
87
281
134
96
-133
-234
-383
-590
-929
-962
-354
227
772
881
1119
1659
2399
2599
2611
2558
2254
1785
1056
657
748
745
89
-667
-874
-585
-381
-657
-1238
-1697
-2010
-2395
-2582
-2518
-2363
-2364
-2569
-2448
-1798
-825
-4
351
459
697
966
1275
1509
1565
1431
1168
952
929
1186
1216
928
455
-15
-263
-500
-720
-1065
-1451
-1758
-1980
-1821
-1406
-1021
-802
-655
-443
-139
111
245
268
244
30
-202
-239
-131
-6
-29
-112
-61
-21
-24
-104
-225
-285
-548
-794
-1020
-1102
-1140
-796
74
1072
1796
2097
2329
2907
3505
3638
3654
3374
2774
1919
1222
1158
1439
1310
629
-8
-184
-108
-134
-463
-1152
-1973
-2753
-3174
-3103
-2736
-2369
-2182
-2084
-1796
-1010
106
1009
1300
1134
962
1068
1310
1636
1813
1764
1606
1341
1375
1632
1748
1372
440
-549
-1196
-1580
-1830
-2124
-2354
-2520
-2636
-2387
-1753
-1075
-747
-861
-1038
-1029
-932
-818
-751
-646
-617
-639
-509
-191
290
582
371
49
-377
-530
-659
-1092
-1249
-1585
-1749
-1947
-2082
-1336
-162
957
1679
1764
1982
2490
2972
3237
3171
3075
2749
2176
1708
1740
2338
2588
1939
1107
665
628
496
-122
-928
-1693
-2382
-2828
-2747
-2072
-1395
-1104
-1105
-1120
-723
-35
522
742
575
372
450
969
1765
2470
2958
3126
2918
2736
2630
2476
2010
945
-331
-1196
-1622
-1732
-1641
-1576
-1522
-1597
-1657
-1515
-1156
-992
-1241
-1666
-2043
-2088
-1850
-1522
-1112
-765
-702
-639
-579
-410
-208
-402
-774
-1336
-1646
-1595
-1551
-1384
-1376
-1418
-1437
-1757
-1758
-1038
-72
741
719
454
861
1639
2347
2674
2919
3086
2790
2118
1736
2107
2528
1985
764
-170
-352
-196
-402
-873
-1329
-1712
-2015
-2093
-1610
-854
-382
-473
-885
-971
-485
180
620
701
649
809
1226
1885
2699
3340
3573
3284
2784
2501
2458
2319
1756
874
51
-429
-682
-681
-581
-571
-896
-1404
-1652
-1453
-1025
-890
-1033
-1235
-1289
-1144
-847
-513
-220
-298
-682
-1117
-1287
-1089
-1040
-1102
-1467
-1775
-1791
-1691
-1370
-1156
-1235
-1639
-2110
-2536
-2078
-1064
143
833
665
612
1024
1921
2531
2789
2724
2303
1630
1103
1232
1886
2102
1393
239
-561
-649
-595
-879
-1557
-2338
-2880
-3074
-2714
-1916
-1049
-601
-717
-1040
-1006
-431
303
737
657
510
718
1360
2259
3122
3642
3620
3194
2617
2347
2321
2162
1599
696
-10
-351
-310
-108
-12
-168
-705
-1287
-1412
-1137
-674
-428
-475
-525
-524
-240
233
579
700
276
-360
-823
-901
-624
-560
-652
-1011
-1175
-1225
-1151
-999
-1021
-1333
-2002
-2661
-2909
-2016
-557
642
945
754
952
1554
2224
2532
2643
2466
1762
1073
1038
1755
2549
2398
1324
177
-507
-767
-1079
-1655
-2407
-3158
-3568
-3387
-2596
-1604
-951
-882
-1270
-1691
-1699
-1283
-699
-299
-250
-143
399
1439
2654
3536
3804
3448
2759
2086
1765
1719
1584
1188
603
77
-102
130
380
242
-420
-1283
-1840
-1953
-1631
-1055
-537
-286
-255
-129
277
718
1010
781
154
-505
-824
-650
-209
197
270
38
-228
-353
-348
-329
-670
-1251
-2058
-2663
-2406
-935
793
1705
1505
955
903
1432
1853
2109
2197
1831
1273
1019
1588
2738
3300
2609
1123
-198
-820
-1041
-1261
-1752
-2324
-2791
-2910
-2421
-1595
-930
-796
-1397
-2270
-2823
-2706
-1921
-1003
-435
-207
51
630
1493
2315
2660
2307
1477
694
456
780
1260
1479
1331
824
263
-38
-42
-108
-621
-1551
-2315
-2418
-1933
-1145
-437
13
81
-216
-491
-410
-107
30
-305
-804
-977
-712
-52
508
807
614
60
-528
-889
-812
-646
-672
-1145
-1584
-1705
-1107
298
1659
2216
1732
808
448
853
1618
2308
2620
2330
1839
1726
2146
2804
2923
2133
738
-496
-1019
-815
-425
-427
-886
-1530
-1877
-1640
-1235
-956
-1056
-1580
-2223
-2566
-2151
-1063
19
474
346
131
223
726
1356
1699
1500
983
617
740
1287
1761
1768
1204
318
-513
-908
-881
-748
-951
-1473
-1898
-1872
-1371
-751
-334
-283
-640
-1165
-1431
-1268
-848
-547
-586
-902
-1080
-865
-365
88
210
-84
-614
-1044
-1111
-786
-463
-542
-988
-1411
-1570
-903
440
1722
2264
1774
999
797
1291
2177
2842
2833
2191
1507
1479
2036
2706
2779
2067
962
6
-419
-253
75
5
-656
-1479
-1752
-1310
-686
-321
-391
-824
-1373
-1662
-1333
-466
390
673
431
147
300
950
1729
2125
1958
1412
1051
1195
1630
1891
1640
944
95
-606
-787
-578
-454
-623
-1068
-1421
-1396
-1069
-640
-446
-634
-1106
-1614
-1779
-1548
-1060
-724
-762
-952
-1108
-965
-577
-218
-202
-608
-1166
-1557
-1437
-1066
-838
-821
-1200
-1481
-1325
-1121
-403
601
1346
1589
1045
436
535
1241
2127
2505
2334
1839
1583
1808
2165
2490
2227
1272
210
-491
-517
-105
109
-87
-648
-1069
-975
-547
-193
-213
-591
-1119
-1552
-1455
-880
-89
522
662
559
570
965
1597
2054
2093
1827
1473
1339
1523
1835
1905
1505
835
214
-120
-118
-21
-119
-446
-820
-1071
-1039
-867
-715
-762
-1071
-1382
-1535
-1469
-1190
-864
-742
-930
-1219
-1346
-1230
-934
-763
-818
-1074
-1361
-1383
-1158
-948
-927
-1144
-1373
-1429
-1361
-1321
-1212
-546
411
1054
1067
566
298
516
1059
1759
2143
1916
1302
877
1129
1696
1879
1217
155
-524
-661
-347
19
104
-231
-823
-1134
-960
-680
-696
-1050
-1380
-1539
-1477
-1076
-460
180
527
501
472
648
952
1253
1453
1581
1617
1556
1560
1732
1935
1867
1545
1127
766
563
523
462
286
88
-210
-454
-574
-611
-582
-610
-773
-916
-991
-1019
-992
-960
-986
-1019
-1029
-1070
-982
-767
-571
-469
-603
-743
-881
-1024
-1007
-952
-749
-734
-889
-945
-1118
-1028
-402
544
1462
1607
876
118
-54
573
1493
1939
1591
776
262
366
1014
1530
1194
359
-396
-711
-428
-26
167
-59
-812
-1495
-1663
-1333
-887
-747
-909
-1190
-1270
-1054
-600
-57
267
168
-56
-79
333
958
1353
1523
1468
1273
1137
1207
1487
1738
1646
1239
814
686
881
1187
1210
857
304
-237
-419
-276
-64
-2
-174
-474
-765
-931
-824
-535
-338
-498
-825
-938
-733
-310
-38
-79
-322
-688
-917
-848
-528
-196
-98
-198
-407
-536
-588
-630
-559
-149
667
1396
1610
1121
400
93
192
685
1109
1054
676
342
540
1210
1740
1518
498
-519
-994
-827
-332
-105
-300
-907
-1384
-1216
-632
-231
-473
-1154
-1731
-1864
-1611
-1228
-865
-542
-324
-204
-58
178
414
474
400
303
269
436
919
1474
1749
1583
1195
1008
1070
1229
1259
988
517
86
-67
148
480
537
176
-328
-626
-631
-504
-459
-451
-490
-553
-625
-586
-451
-385
-413
-550
-662
-666
-553
-340
-33
182
166
46
-63
-115
-110
-257
-508
-739
-720
-25
1024
1725
1572
689
-70
-194
318
1090
1491
1324
779
441
668
1149
1295
643
-339
-912
-848
-341
239
530
196
-642
-1356
-1479
-1176
-996
-1239
-1645
-1911
-1853
-1457
-918
-471
-356
-733
-1317
-1544
-1201
-540
26
285
324
382
635
1064
1383
1354
1059
721
550
614
824
1034
1084
906
575
224
28
48
93
63
-156
-483
-698
-725
-582
-469
-578
-847
-1069
-1032
-699
-324
-141
-153
-239
-235
-26
240
268
51
-237
-372
-205
-30
22
-105
-349
-540
-596
-186
717
1602
1917
1357
523
99
170
842
1556
1764
1349
651
489
1007
1565
1435
615
-168
-453
-239
183
444
258
-485
-1322
-1530
-1176
-850
-893
-1223
-1529
-1764
-1996
-2018
-1651
-1120
-830
-897
-1020
-823
-337
132
462
557
364
129
180
638
1222
1472
1325
1146
1143
1264
1309
1127
811
520
260
135
180
296
346
180
-191
-606
-855
-942
-841
-556
-330
-309
-447
-531
-333
17
135
-112
-617
-982
-865
-451
-40
117
-51
-337
-450
-368
-183
-54
-265
-585
-658
-57
1220
2196
2273
1506
653
409
676
1292
1752
1685
1232
747
893
1598
2021
1554
499
-155
-199
-8
150
163
-126
-826
-1536
-1688
-1337
-1096
-1254
-1616
-1846
-1848
-1751
-1498
-1051
-698
-728
-1047
-1105
-703
-211
39
157
334
488
683
1024
1416
1680
1641
1350
1178
1147
1166
1133
932
704
473
247
141
229
329
254
57
-166
-298
-363
-469
-598
-709
-795
-857
-836
-706
-536
-508
-704
-960
-1081
-1055
-981
-921
-892
-834
-611
-317
-114
56
59
-83
-140
-108
40
229
697
1439
1991
1945
1235
598
477
752
1320
1677
1627
1288
923
947
1211
1173
374
-661
-1057
-730
-178
119
113
-220
-911
-1477
-1468
-1069
-852
-1115
-1505
-1548
-1320
-1139
-1020
-884
-802
-961
-1249
-1084
-393
319
646
660
693
750
797
916
1161
1297
1166
940
970
1341
1697
1715
1443
1097
800
593
435
402
447
435
218
-148
-429
-642
-770
-872
-1037
-1195
-1344
-1428
-1380
-1311
-1350
-1505
-1690
-1708
-1425
-1017
-748
-594
-498
-351
-157
21
145
117
101
167
254
381
251
155
623
1384
1884
1550
533
-185
-203
246
874
1222
996
248
-360
-409
74
341
-89
-565
-571
-254
16
72
18
-217
-818
-1282
-1123
-591
-284
-404
-703
-844
-906
-1005
-999
-749
-535
-590
-651
-439
47
415
466
484
595
669
840
1213
1614
1884
1932
1871
1893
1922
1892
1806
1577
1276
1032
970
1059
1071
797
277
-218
-640
-991
-1193
-1257
-1232
-1255
-1333
-1378
-1389
-1436
-1551
-1658
-1677
-1526
-1206
-803
-397
-144
-67
-31
10
98
247
305
278
235
152
147
150
119
-58
-345
-251
189
562
539
-29
-530
-654
-515
-58
382
491
55
-544
-669
-129
543
538
144
-21
75
272
439
569
513
16
-492
-461
-41
117
-291
-858
-1102
-1056
-1045
-1056
-838
-471
-308
-359
-314
-28
312
502
650
835
989
1162
1480
2037
2580
2721
2454
2046
1845
1891
1949
1892
1717
1482
1238
1004
727
416
73
-354
-736
-982
-1077
-1058
-1049
-1113
-1260
-1488
-1734
-1816
-1689
-1431
-1132
-941
-765
-533
-305
-130
-116
-266
-411
-414
-243
11
107
23
-64
-186
-258
-295
-522
-730
-1009
-916
-168
330
274
-474
-1284
-1379
-1048
-413
133
422
319
-91
-114
375
916
828
203
-45
245
619
767
759
589
43
-610
-879
-546
-166
-180
-508
-747
-751
-717
-656
-547
-457
-550
-680
-383
294
880
1055
950
930
1086
1357
1681
1941
2097
2155
2218
2391
2486
2376
2040
1578
1271
1155
1079
957
732
461
240
6
-324
-721
-1029
-1172
-1186
-1209
-1320
-1401
-1468
-1538
-1505
-1402
-1353
-1352
-1351
-1234
-983
-775
-599
-391
-165
-45
-60
-192
-312
-329
-376
-425
-464
-541
-599
-724
-860
-1026
-1341
-1336
-689
-1
226
-271
-1024
-1174
-881
-328
162
348
166
-137
7
660
1230
958
131
-163
211
594
667
547
463
96
-454
-647
-299
95
23
-388
-656
-695
-769
-812
-553
-60
220
144
190
574
948
1019
907
921
1133
1519
1971
2342
2475
2271
1974
1870
1877
1842
1660
1434
1338
1343
1254
1037
652
125
-274
-507
-675
-857
-1051
-1171
-1110
-1103
-1281
-1515
-1711
-1747
-1582
-1299
-1032
-927
-1032
-1075
-899
-643
-500
-466
-428
-242
54
143
65
-40
-273
-507
-565
-527
-362
-287
-533
-735
-955
-1216
-906
-348
-4
-123
-859
-1317
-1171
-662
-23
411
426
-21
-449
-329
356
875
539
-56
-121
291
766
905
805
515
31
-348
-195
341
748
742
428
167
38
-57
-104
-18
111
154
151
268
578
934
1091
994
733
556
691
1054
1375
1528
1512
1446
1367
1329
1433
1519
1383
1102
919
928
955
850
651
424
104
-358
-734
-821
-705
-664
-858
-1180
-1382
-1411
-1344
-1229
-1185
-1277
-1394
-1332
-1014
-608
-347
-317
-396
-381
-221
37
232
225
141
58
-37
-75
-198
-374
-533
-785
-1027
-1278
-1438
-1521
-1387
-861
-503
-538
-1062
-1602
-1575
-1275
-841
-310
198
437
252
108
429
1022
1178
787
604
943
1490
1752
1690
1493
1008
367
82
363
748
658
28
-563
-725
-737
-763
-813
-787
-742
-821
-821
-511
-83
165
221
245
398
676
1091
1616
2104
2305
2178
1983
1940
2129
2347
2372
2209
1960
1733
1485
1141
718
219
-238
-588
-805
-856
-859
-947
-1200
-1554
-1778
-1822
-1798
-1648
-1347
-959
-671
-651
-711
-589
-341
-116
-35
-67
-25
51
115
212
235
72
-234
-539
-621
-554
-659
-958
-1265
-1479
-1528
-1533
-1627
-1598
-1220
-718
-433
-562
-984
-1113
-904
-555
-1
634
1056
992
580
475
879
1123
788
330
355
751
906
646
389
176
-201
-652
-738
-402
-130
-322
-715
-783
-650
-652
-771
-694
-328
10
135
303
689
1032
1106
1051
1091
1353
1684
1978
2242
2369
2279
2084
1924
1851
1816
1613
1304
1070
931
862
677
332
-42
-361
-560
-652
-656
-655
-687
-772
-971
-1109
-1138
-1108
-1055
-1044
-1010
-887
-699
-495
-315
-288
-370
-459
-513
-407
-181
-23
-24
-139
-171
-173
-265
-381
-499
-607
-730
-921
-1012
-1021
-1068
-1186
-1371
-1576
-1710
-1439
-958
-582
-585
-1105
-1426
-1306
-887
-322
67
162
-130
-421
-245
464
1024
870
449
345
659
1067
1197
1086
830
460
269
521
864
917
585
69
-104
23
186
314
356
341
300
318
421
512
557
592
760
949
1050
1149
1255
1320
1294
1212
1211
1257
1287
1306
1305
1242
1045
773
596
542
494
419
327
277
172
-63
-337
-519
-623
-769
-930
-968
-830
-646
-533
-538
-605
-701
-863
-967
-930
-748
-550
-489
-481
-443
-458
-590
-776
-916
-934
-874
-829
-755
-687
-754
-998
-1355
-1577
-1618
-1576
-1552
-1587
-1595
-1673
-1500
-1028
-716
-715
-1099
-1317
-1064
-664
-135
421
875
905
564
393
773
1425
1678
1567
1444
1495
1582
1608
1634
1561
1177
696
519
786
1072
1045
699
323
58
-150
-333
-374
-277
-185
-128
-44
136
277
188
9
-9
205
555
874
1140
1419
1643
1696
1623
1537
1551
1631
1730
1832
1927
1896
1692
1370
1040
710
313
-68
-344
-421
-393
-434
-628
-979
-1394
-1690
-1818
-1801
-1690
-1584
-1513
-1527
-1549
-1526
-1369
-1170
-1071
-1042
-991
-807
-532
-342
-279
-360
-567
-716
-668
-511
-386
-441
-686
-871
-986
-1021
-1029
-1156
-1323
-1409
-1453
-1423
-1133
-701
-366
-341
-635
-736
-454
-8
452
896
1300
1371
1096
854
1143
1693
1852
1590
1361
1405
1549
1519
1375
1204
905
441
136
246
562
649
256
-253
-530
-531
-389
-208
-17
109
166
203
319
514
615
634
648
784
1076
1386
1638
1771
1750
1647
1465
1332
1286
1256
1227
1116
938
671
375
140
-41
-268
-545
-783
-955
-1077
-1164
-1252
-1332
-1469
-1643
-1743
-1697
-1529
-1409
-1366
-1304
-1227
-1189
-1211
-1148
-976
-816
-743
-699
-577
-466
-430
-466
-473
-421
-362
-340
-346
-325
-376
-540
-638
-670
-718
-838
-1010
-1080
-1087
-1147
-1228
-1244
-1193
-919
-494
-136
-24
-245
-469
-362
-22
447
840
1114
1150
1028
967
1144
1456
1499
1376
1369
1546
1734
1698
1531
1327
1032
733
609
731
932
1001
814
523
242
38
-16
51
161
195
153
169
266
352
391
388
380
367
407
563
774
922
954
875
790
712
646
621
629
642
601
411
205
86
-27
-174
-368
-558
-690
-810
-932
-1000
-1071
-1201
-1396
-1520
-1495
-1377
-1282
-1304
-1309
-1303
-1317
-1305
-1195
-971
-745
-660
-689
-654
-582
-507
-466
-473
-461
-430
-425
-384
-320
-345
-425
-558
-677
-632
-547
-510
-549
-681
-770
-806
-837
-902
-958
-965
-650
-111
258
313
52
-125
-1
241
616
1081
1544
1751
1641
1528
1732
2090
2225
2148
2120
2193
2232
2130
2028
1934
1718
1410
1154
1086
1062
985
782
511
175
-189
-404
-369
-272
-246
-319
-386
-386
-406
-411
-331
-254
-242
-244
-138
119
420
563
580
500
341
284
323
469
627
630
473
235
20
-59
-44
-106
-293
-543
-746
-827
-876
-957
-1051
-1190
-1365
-1467
-1485
-1401
-1309
-1320
-1391
-1469
-1497
-1404
-1204
-978
-812
-749
-729
-691
-612
-506
-384
-330
-307
-280
-214
-90
27
28
-93
-178
-159
-107
-100
-172
-220
-239
-253
-281
-306
-317
-350
-373
-382
-75
361
641
697
533
514
673
887
1192
1524
1806
1864
1733
1644
1826
2100
2157
2100
2098
2160
2110
1866
1622
1462
1310
1098
867
677
524
348
85
-177
-421
-677
-975
-1182
-1213
-1124
-1091
-1219
-1428
-1535
-1493
-1317
-1094
-876
-692
-585
-517
-356
-103
130
234
258
322
444
574
643
653
589
426
227
104
37
-56
-232
-450
-668
-857
-1069
-1263
-1437
-1614
-1818
-1979
-1975
-1869
-1800
-1821
-1811
-1696
-1538
-1375
-1186
-977
-782
-622
-451
-233
15
193
326
454
611
752
770
737
730
746
728
666
618
607
578
446
244
74
-16
-48
-106
-152
-102
-60
-98
-182
-178
88
477
746
842
855
1002
1252
1425
1560
1734
1949
2069
2058
2050
2135
2147
1955
1741
1624
1537
1343
1026
798
646
398
39
-279
-499
-725
-1021
-1314
-1461
-1537
-1658
-1791
-1820
-1770
-1718
-1698
-1643
-1486
-1312
-1160
-969
-722
-448
-235
-121
-56
67
222
388
545
618
608
551
480
399
349
283
170
-5
-187
-314
-413
-581
-808
-1026
-1193
-1290
-1364
-1405
-1368
-1309
-1296
-1278
-1231
-1149
-1052
-949
-803
-605
-413
-248
-96
54
221
408
563
683
798
895
990
1124
1253
1357
1400
1328
1225
1116
1059
1064
1075
1042
974
883
764
677
583
461
347
272
260
273
232
173
115
74
175
342
477
462
336
320
404
530
615
707
846
902
817
701
700
754
721
644
611
655
603
394
157
-30
-168
-298
-423
-511
-560
-683
-897
-1129
-1324
-1411
-1460
-1511
-1532
-1505
-1449
-1385
-1354
-1358
-1345
-1279
-1166
-942
-658
-416
-282
-267
-238
-104
75
199
294
395
528
592
537
436
371
300
181
79
73
96
24
-159
-311
-384
-465
-604
-693
-659
-528
-444
-440
-384
-269
-194
-173
-106
70
305
477
631
815
1006
1155
1269
1361
1452
1515
1530
1562
1598
1573
1470
1319
1185
1060
918
748
608
506
369
201
-1
-205
-382
-532
-611
-637
-640
-650
-688
-731
-793
-833
-856
-766
-495
-177
50
45
-29
-23
34
118
187
309
434
471
408
301
278
230
133
41
-15
-47
-188
-395
-574
-710
-835
-937
-1012
-1082
-1152
-1293
-1420
-1470
-1475
-1452
-1429
-1407
-1379
-1363
-1318
-1170
-966
-813
-727
-642
-486
-240
-48
71
170
274
388
476
585
743
891
926
878
830
782
739
683
631
653
682
635
538
420
342
301
250
177
152
171
211
249
256
260
274
302
337
417
540
660
752
823
906
991
1009
983
985
1014
1040
1013
949
911
861
725
540
396
298
203
62
-56
-124
-216
-406
-621
-759
-834
-904
-1001
-1018
-940
-877
-903
-982
-1016
-1016
-1014
-985
-919
-766
-549
-362
-258
-307
-424
-460
-385
-241
-92
15
119
129
35
-86
-112
-113
-158
-219
-228
-144
-75
-137
-300
-472
-592
-653
-656
-592
-505
-483
-533
-616
-669
-647
-595
-520
-430
-332
-239
-180
-160
-106
-23
84
175
281
432
574
671
701
713
769
848
934
1005
1067
1107
1102
1091
1098
1115
1116
1093
1073
1068
1081
1072
1030
968
904
848
779
725
692
664
617
547
480
418
361
292
186
72
-11
-49
-73
-85
-119
-174
-256
-359
-425
-435
-393
-331
-328
-374
-394
-411
-425
-452
-477
-474
-461
-467
-472
-488
-531
-592
-667
-705
-700
-696
-723
-742
-746
-753
-770
-809
-847
-854
-849
-854
-864
-896
-858
-755
-640
-560
-585
-647
-646
-586
-521
-425
-290
-163
-62
-12
48
158
230
266
278
327
439
531
593
640
663
664
648
655
724
807
845
800
706
617
581
584
603
623
644
656
628
563
479
411
373
359
373
420
462
456
407
357
338
344
380
416
466
518
530
534
566
605
611
595
574
567
538
493
472
468
425
320
172
11
-122
-227
-322
-390
-463
-547
-656
-775
-858
-930
-1010
-1074
-1111
-1123
-1111
-1067
-996
-938
-937
-965
-963
-900
-771
-636
-515
-420
-360
-332
-306
-271
-216
-162
-138
-143
-158
-159
-175
-230
-291
-336
-366
-424
-500
-561
-605
-607
-636
-671
-672
-647
-627
-595
-537
-483
-417
-325
-174
9
142
191
226
308
468
655
834
990
1071
1096
1084
1116
1179
1235
1257
1256
1266
1252
1213
1116
966
819
710
667
654
625
570
461
305
124
-33
-105
-99
-73
-78
-104
-131
-177
-245
-317
-338
-328
-313
-283
-240
-180
-163
-194
-210
-175
-130
-102
-76
-19
55
78
46
12
-13
-28
-65
-94
-94
-110
-161
-246
-322
-373
-421
-497
-578
-629
-648
-654
-680
-728
-789
-848
-890
-900
-851
-778
-697
-645
-604
-541
-463
-371
-289
-215
-116
2
129
252
350
429
468
487
509
542
593
629
641
614
577
508
479
473
461
414
301
217
154
115
80
45
17
-14
-64
-96
-68
-29
-3
-13
-9
51
138
186
223
303
403
474
470
468
492
546
577
586
605
625
635
607
582
546
486
400
305
267
275
255
182
61
-53
-123
-163
-192
-250
-315
-382
-430
-453
-470
-487
-515
-550
-574
-572
-532
-507
-511
-495
-492
-489
-484
-454
-397
-343
-337
-364
-378
-393
-400
-399
-370
-331
-325
-350
-366
-343
-331
-334
-328
-303
-250
-208
-175
-132
-103
-87
-56
16
109
195
248
290
352
415
471
519
576
631
683
731
770
802
813
826
837
850
836
820
809
797
746
676
600
532
488
404
338
253
169
108
34
-30
-89
-164
-233
-280
-288
-273
-267
-267
-299
-314
-312
-298
-255
-226
-175
-129
-118
-111
-101
-73
-58
-75
-94
-114
-121
-123
-141
-159
-191
-228
-291
-371
-429
-469
-493
-529
-571
-596
-599
-590
-586
-578
-559
-536
-519
-484
-428
-370
-342
-341
-327
-283
-229
-195
-164
-132
-104
-83
-75
-76
-72
-87
-111
-114
-74
-29
-28
-72
-130
-163
-152
-115
-82
-54
-34
-26
-29
-17
7
60
130
185
238
299
382
467
535
596
646
684
731
797
858
901
916
931
918
883
852
837
825
787
721
665
631
585
510
431
368
310
251
189
156
112
26
-49
-103
-142
-185
-237
-263
-282
-303
-345
-365
-377
-390
-418
-442
-449
-449
-454
-491
-504
-519
-540
-570
-591
-601
-622
-626
-632
-628
-634
-649
-660
-661
-620
-584
-543
-528
-524
-502
-490
-466
-436
-390
-346
-315
-295
-256
-205
-165
-149
-141
-118
-83
-55
-31
0
23
25
14
20
52
110
156
192
231
264
285
296
327
378
430
460
478
509
553
583
591
587
590
589
560
537
539
552
562
547
514
478
421
354
306
294
300
282
250
221
201
168
131
107
97
109
126
147
188
223
238
236
214
199
193
209
233
243
228
200
178
156
125
86
54
25
-11
-56
-92
-117
-171
-236
-313
-385
-426
-467
-505
-524
-545
-576
-616
-655
-671
-685
-674
-655
-626
-594
-584
-559
-537
-514
-491
-475
-436
-375
-329
-275
-244
-220
-189
-163
-126
-78
-24
11
55
88
119
140
136
148
179
217
266
302
311
321
330
337
358
369
370
371
370
380
395
399
404
419
429
428
425
428
449
466
455
424
412
417
414
400
386
369
332
280
232
212
197
163
118
63
12
-51
-128
-188
-217
-240
-270
-299
-310
-318
-332
-341
-348
-356
-361
-363
-338
-297
-267
-265
-267
-268
-252
-218
-192
-176
-153
-117
-92
-73
-86
-112
-139
-162
-166
-161
-145
-149
-177
-205
-236
-262
-292
-310
-307
-307
-286
-264
-247
-229
-231
-231
-227
-202
-160
-114
-51
13
65
90
113
168
216
252
277
308
358
407
447
452
453
453
468
474
470
481
484
469
450
430
392
365
325
312
302
301
282
235
188
157
156
124
96
72
61
73
64
63
49
28
23
23
48
64
76
70
58
48
21
1
-18
-43
-59
-91
-126
-163
-233
-293
-347
-399
-449
-511
-546
-569
-598
-631
-669
-696
-702
-702
-695
-680
-659
-629
-594
-560
-531
-503
-479
-446
-397
-338
-288
-246
-210
-166
-134
-131
-127
-125
-99
-55
-28
-15
-11
-12
-14
-13
-12
-1
21
39
62
92
119
138
147
161
177
219
282
350
419
467
494
515
545
595
650
690
716
729
738
745
751
744
718
693
658
629
606
586
560
523
483
419
355
288
242
210
168
135
106
70
39
12
-22
-41
-61
-86
-92
-81
-75
-86
-121
-146
-152
-174
-195
-213
-217
-213
-226
-262
-296
-335
-367
-394
-425
-443
-452
-464
-491
-507
-536
-557
-583
-607
-606
-594
-593
-600
-593
-584
-580
-574
-547
-516
-487
-461
-428
-398
-371
-347
-331
-301
-271
-241
-208
-174
-140
-122
-112
-95
-67
-40
-24
0
43
83
106
124
140
169
188
194
218
259
312
346
369
403
435
446
452
477
508
536
556
576
592
605
606
604
626
652
673
674
672
671
669
661
651
641
624
616
602
587
569
541
502
468
442
420
401
373
336
286
236
191
148
109
72
25
-24
-65
-109
-160
-216
-274
-329
-371
-400
-425
-445
-485
-538
-570
-590
-605
-617
-633
-640
-644
-641
-636
-634
-617
-625
-639
-626
-598
-564
-536
-519
-506
-495
-480
-460
-420
-379
-350
-315
-281
-245
-211
-190
-152
-121
-92
-47
3
49
86
106
117
124
127
148
180
214
232
237
245
245
240
225
211
201
208
207
196
182
157
137
122
113
107
104
88
76
79
80
77
72
68
83
97
113
127
138
158
170
180
192
204
224
243
251
260
276
288
281
268
259
256
269
270
267
253
231
206
172
146
127
102
62
33
-1
-29
-57
-88
-118
-152
-185
-220
-235
-251
-264
-283
-306
-323
-336
-352
-360
-354
-358
-361
-363
-354
-343
-340
-333
-320
-296
-270
-254
-237
-223
-191
-174
-165
-155
-144
-119
-99
-84
-70
-52
-31
-22
-4
24
48
63
74
89
110
137
152
168
196
224
245
270
294
319
332
337
339
341
339
333
331
322
306
281
243
222
198
168
131
91
64
35
1
-32
-61
-99
-134
-166
-186
-191
-198
-214
-230
-246
-273
-293
-297
-297
-289
-290
-300
-298
-295
-293
-294
-301
-303
-298
-285
-272
-253
-233
-224
-216
-201
-191
-176
-152
-127
-95
-59
-35
-14
-2
16
36
58
74
98
120
136
154
170
182
187
191
210
236
252
259
260
261
253
241
230
234
244
251
247
247
245
240
240
232
236
247
251
259
269
280
297
298
293
293
298
309
310
318
315
315
312
303
290
288
291
280
270
258
251
232
209
187
173
157
146
146
141
129
99
75
53
40
28
9
-4
-19
-33
-46
-57
-71
-83
-102
-122
-136
-145
-153
-161
-174
-196
-226
-266
-286
-300
-314
-338
-372
-400
-424
-436
-452
-470
-488
-509
-523
-539
-541
-543
-550
-565
-585
-573
-551
-537
-529
-522
-506
-467
-425
-384
-349
-329
-301
-268
-218
-170
-133
-110
-80
-35
9
59
108
146
181
212
242
281
333
378
406
433
465
486
502
511
518
535
546
550
559
553
539
531
516
516
515
513
500
482
466
436
408
386
365
341
314
292
276
259
236
208
178
147
123
104
90
71
43
13
-13
-30
-45
-62
-82
-106
-128
-144
-160
-177
-194
-214
-239
-253
-264
-274
-289
-302
-315
-331
-336
-338
-335
-323
-315
-318
-319
-317
-309
-302
-293
-291
-293
-293
-293
-282
-282
-289
-296
-296
-290
-281
-273
-266
-263
-273
-270
-269
-264
-265
-259
-250
-245
-254
-257
-261
-253
-233
-213
-193
-185
-171
-149
-125
-102
-82
-68
-42
-21
1
34
58
76
89
106
129
155
184
210
232
245
256
257
261
270
275
289
295
307
317
321
329
328
320
321
312
306
309
310
312
297
278
259
243
230
216
202
194
184
170
147
119
102
78
63
56
38
19
0
-18
-37
-62
-85
-105
-124
-147
-171
-178
-195
-219
-243
-274
-293
-300
-303
-301
-292
-292
-299
-309
-303
-294
-283
-266
-253
-223
-195
-172
-148
-124
-99
-65
-26
19
67
106
137
169
205
230
254
271
291
309
316
330
339
340
336
327
320
316
304
285
262
249
241
220
184
166
153
142
134
119
119
107
96
79
67
66
64
62
68
81
85
79
73
72
71
76
75
63
56
52
35
21
7
-8
-14
-31
-51
-69
-87
-105
-121
-137
-157
-177
-207
-223
-232
-249
-271
-282
-288
-292
-287
-284
-282
-286
-292
-290
-278
-259
-241
-227
-212
-193
-175
-164
-145
-133
-123
-114
-92
-70
-58
-50
-50
-50
-55
-63
-67
-59
-38
-27
-23
-21
-17
-10
0
6
9
15
25
31
44
62
78
88
98
120
152
173
191
205
224
256
277
294
309
319
332
347
369
399
413
421
426
424
421
415
410
398
383
366
343
324
300
278
259
233
211
185
151
119
89
60
26
-7
-32
-60
-89
-117
-142
-170
-193
-215
-240
-268
-281
-297
-318
-341
-359
-364
-373
-384
-402
-417
-427
-432
-446
-452
-452
-471
-484
-484
-489
-494
-501
-505
-501
-487
-470
-452
-442
-430
-419
-406
-382
-359
-337
-318
-296
-270
-244
-225
-215
-197
-169
-143
-104
-67
-40
-22
1
39
10
28
105
206
235
201
236
277
321
378
429
444
445
478
513
514
529
506
458
434
437
499
483
419
340
262
234
206
190
149
90
49
28
20
-2
-15
-16
-41
-37
-11
43
83
95
115
136
170
217
284
340
378
399
402
421
458
473
455
427
391
351
322
298
259
189
94
19
-41
-93
-146
-217
-284
-335
-380
-419
-441
-469
-501
-514
-521
-518
-508
-486
-468
-455
-426
-398
-358
-316
-269
-236
-220
-206
-182
-168
-144
-118
-109
-103
-107
-101
-124
-145
-151
-160
-166
-162
-159
-163
-169
-181
-185
-181
-174
-163
-122
-75
-44
-21
-1
16
50
86
125
164
192
248
277
286
296
289
300
299
316
328
327
336
329
301
271
254
258
240
238
236
216
208
187
157
141
140
134
145
177
212
217
206
193
176
161
170
187
203
202
180
159
130
90
53
23
-4
-16
-37
-53
-79
-116
-168
-206
-220
-227
-217
-208
-193
-178
-166
-165
-154
-136
-102
-59
-9
36
66
74
65
71
82
97
113
122
106
122
129
98
68
42
9
-28
-39
-47
-64
-71
-83
-128
-152
-151
-155
-132
-101
-101
-98
-58
-45
-49
-29
-4
15
28
68
93
103
114
104
100
116
126
130
161
178
157
137
118
108
105
106
117
116
118
115
96
81
64
39
32
19
6
-8
-27
-53
-91
-112
-130
-132
-140
-158
-181
-185
-212
-237
-235
-234
-239
-255
-263
-274
-264
-260
-258
-262
-276
-280
-284
-268
-251
-243
-240
-246
-255
-248
-240
-250
-255
-268
-269
-254
-244
-258
-264
-273
-289
-275
-257
-238
-230
-224
-207
-184
-146
-120
-103
-61
-3
38
84
127
162
192
224
265
290
308
337
367
385
382
374
372
370
366
367
354
349
340
325
317
298
280
278
274
276
269
255
242
220
209
202
204
199
228
251
226
209
189
166
144
159
177
155
139
109
58
34
24
-22
-50
-61
-90
-121
-132
-162
-211
-244
-260
-275
-278
-263
-274
-283
-290
-300
-294
-283
-264
-254
-240
-225
-222
-212
-208
-204
-203
-203
-187
-173
-166
-158
-158
-169
-182
-190
-202
-211
-200
-201
-211
-212
-201
-201
-203
-203
-202
-199
-201
-182
-179
-175
-165
-161
-152
-125
-89
-64
-26
4
19
44
66
82
106
139
162
176
200
224
237
241
253
255
261
279
281
284
285
274
254
250
254
245
245
254
253
255
264
264
253
257
263
263
255
264
253
242
250
247
226
214
218
200
199
206
198
177
159
137
113
104
100
74
54
49
22
-3
-21
-41
-77
-93
-112
-127
-134
-146
-167
-185
-192
-202
-210
-217
-218
-218
-211
-209
-205
-213
-206
-197
-190
-177
-158
-138
-120
-104
-92
-73
-54
-41
-28
-14
1
14
32
47
54
60
68
68
67
67
68
77
66
62
54
52
54
56
56
52
49
41
41
46
49
46
48
43
44
47
47
57
47
45
43
45
50
56
54
39
29
31
29
24
28
16
-4
-10
-24
-37
-35
-39
-31
-31
-31
-38
-49
-50
-56
-56
-38
-21
-34
-38
-42
-56
-56
-56
-54
-58
-52
-48
-58
-54
-70
-88
-96
-108
-125
-128
-129
-144
-151
-155
-165
-173
-174
-189
-207
-211
-202
-198
-195
-206
-212
-220
-217
-208
-205
-184
-165
-148
-148
-128
-111
-100
-101
-87
-65
-52
-28
-11
13
31
44
60
70
84
101
114
131
147
174
188
202
212
210
220
228
248
257
269
277
281
287
285
289
288
283
280
278
275
270
264
251
236
221
207
204
199
190
175
152
127
109
97
83
70
59
34
4
-26
-48
-67
-86
-110
-126
-154
-180
-199
-233
-244
-254
-273
-286
-301
-299
-307
-314
-323
-327
-322
-316
-310
-297
-287
-289
-277
-261
-246
-231
-209
-184
-166
-141
-135
-124
-106
-96
-81
-77
-70
-65
-59
-60
-67
-55
-63
-69
-78
-76
-76
-72
-54
-44
-33
-34
-28
-18
-7
17
40
53
63
71
88
98
120
139
148
164
179
191
206
227
235
237
238
233
228
235
236
241
241
228
213
210
208
195
193
184
177
174
164
162
163
166
157
155
147
146
154
155
170
169
157
143
132
132
120
108
95
81
62
48
42
29
17
2
-21
-37
-47
-65
-78
-97
-112
-131
-148
-163
-171
-179
-192
-198
-206
-209
-215
-218
-219
-222
-210
-204
-190
-168
-161
-155
-148
-140
-123
-101
-78
-71
-58
-45
-43
-42
-35
-18
-6
15
32
41
56
64
68
69
79
93
104
114
117
120
124
126
127
129
130
138
146
152
150
150
153
148
147
138
134
138
137
133
123
114
110
101
95
88
79
76
74
63
62
59
52
47
37
26
22
8
2
1
-7
-11
-29
-38
-56
-74
-86
-91
-90
-94
-98
-109
-119
-129
-135
-148
-156
-156
-162
-165
-164
-166
-169
-167
-157
-143
-130
-120
-111
-104
-102
-98
-95
-91
-84
-79
-66
-56
-63
-69
-75
-74
-72
-76
-72
-71
-66
-72
-86
-90
-92
-86
-87
-82
-78
-77
-73
-66
-61
-64
-54
-47
-48
-43
-32
-21
-13
2
13
17
30
46
57
75
91
89
96
105
112
123
135
145
154
160
158
160
164
164
175
181
187
197
204
210
214
203
193
196
183
172
162
159
145
124
103
92
83
62
49
36
21
6
-8
-29
-52
-70
-96
-115
-133
-143
-151
-174
-192
-204
-216
-225
-233
-238
-234
-227
-232
-244
-248
-244
-247
-249
-242
-228
-225
-221
-215
-210
-203
-196
-186
-174
-156
-137
-125
-113
-101
-94
-93
-70
-56
-40
-28
-20
-6
-4
4
19
25
30
45
49
65
87
108
120
129
133
140
150
154
157
164
167
168
165
171
171
163
164
166
168
159
158
162
163
152
142
129
117
121
117
110
102
94
85
78
81
82
78
77
70
67
68
63
63
53
39
33
26
23
25
37
38
27
16
4
-4
6
15
12
7
-3
-20
-34
-37
-36
-41
-46
-47
-50
-59
-58
-65
-82
-80
-76
-78
-82
-86
-93
-96
-101
-103
-98
-96
-98
-101
-101
-98
-94
-95
-90
-85
-77
-73
-73
-73
-71
-66
-59
-47
-38
-18
-9
-8
1
10
17
23
36
48
61
79
95
104
115
128
135
142
145
144
144
140
147
155
157
165
171
174
181
184
181
178
166
154
146
150
152
151
143
132
122
113
108
99
95
82
68
62
51
35
20
0
-16
-19
-33
-45
-60
-76
-94
-108
-119
-126
-134
-149
-154
-162
-171
-175
-188
-195
-188
-185
-177
-176
-180
-169
-166
-160
-152
-148
-139
-130
-123
-110
-92
-88
-80
-76
-68
-57
-52
-37
-26
-16
-9
2
6
4
11
17
20
31
43
53
56
55
56
52
51
54
55
53
55
58
48
45
47
43
45
42
39
34
31
33
35
32
28
34
36
41
44
43
34
27
25
20
14
20
24
31
41
42
41
32
29
24
17
18
17
16
12
4
5
-3
-10
-15
-18
-12
-18
-18
-19
-35
-41
-47
-57
-67
-71
-76
-80
-89
-102
-102
-104
-102
-100
-111
-120
-120
-116
-124
-131
-141
-152
-163
-171
-175
-175
-177
-182
-178
-176
-166
-167
-162
-156
-152
-138
-127
-115
-104
-89
-76
-56
-38
-23
-10
1
11
19
36
44
53
57
65
76
81
96
103
107
113
116
119
123
127
134
132
133
137
140
141
147
148
143
148
154
159
161
163
170
165
174
174
165
159
151
148
141
135
121
104
85
69
55
43
33
14
-5
-20
-33
-52
-62
-69
-79
-89
-100
-106
-118
-129
-137
-138
-138
-138
-123
-119
-111
-107
-108
-108
-102
-90
-78
-67
-63
-59
-52
-50
-46
-40
-33
-22
-18
-13
-1
1
-4
1
1
-1
5
14
22
24
18
12
11
16
20
23
29
33
33
30
22
21
21
24
30
37
47
51
52
65
70
80
86
80
83
93
98
103
112
115
119
123
131
135
140
141
141
138
144
144
153
150
137
163
152
127
136
145
117
111
113
101
100
91
78
70
61
40
38
36
12
6
4
-4
-14
-26
-37
-48
-50
-57
-58
-59
-80
-88
-105
-110
-111
-122
-124
-131
-132
-141
-145
-150
-147
-149
-152
-156
-164
-159
-156
-153
-150
-145
-143
-139
-136
-128
-115
-116
-104
-98
-94
-80
-75
-69
-61
-52
-44
-42
-28
-8
4
14
22
38
47
61
75
87
95
104
120
127
139
146
151
150
157
160
160
171
171
171
169
162
160
154
148
136
126
126
118
110
106
92
74
62
49
41
41
35
28
24
15
5
-7
-13
-18
-24
-29
-41
-48
-58
-69
-77
-80
-86
-90
-93
-104
-106
-108
-108
-118
-123
-127
-139
-148
-151
-144
-151
-159
-166
-178
-182
-187
-186
-187
-186
-187
-188
-187
-186
-188
-183
-181
-185
-176
-171
-169
-170
-164
-157
-154
-148
-135
-120
-107
-96
-92
-89
-78
-77
-74
-60
-58
-41
-39
-32
-24
-18
-11
-8
-3
2
16
23
32
40
45
55
57
56
67
73
83
94
105
115
125
132
133
146
147
154
154
159
159
151
152
150
151
154
158
166
161
157
155
149
140
131
130
121
110
100
93
92
81
70
61
50
42
34
25
16
7
-1
-10
-12
-21
-39
-44
-44
-48
-56
-56
-48
-52
-56
-54
-58
-60
-61
-53
-51
-47
-40
-35
-32
-30
-20
-16
-19
-20
-18
-20
-12
-8
-7
-6
-1
3
10
16
18
25
31
31
35
39
40
48
53
56
59
56
61
69
72
74
78
74
73
76
74
80
76
78
76
71
75
70
66
63
68
61
52
50
43
41
32
27
24
26
32
32
32
24
16
15
5
10
12
11
14
7
4
3
1
2
5
10
9
0
7
5
-2
-8
-17
-20
-32
-37
-37
-38
-36
-29
-25
-27
-35
-44
-45
-51
-57
-60
-62
-64
-68
-71
-79
-80
-76
-84
-83
-79
-71
-75
-73
-76
-74
-68
-70
-66
-68
-59
-54
-49
-43
-36
-29
-27
-26
-25
-22
-18
-7
2
12
18
22
27
32
41
43
59
66
68
81
86
96
105
101
105
116
115
125
123
121
118
115
123
121
127
132
132
128
119
119
110
104
104
102
92
89
81
63
51
37
27
15
7
-4
-10
-25
-34
-44
-58
-67
-82
-89
-95
-104
-114
-121
-131
-137
-147
-151
-154
-165
-164
-159
-162
-164
-172
-178
-186
-192
-195
-197
-194
-199
-192
-189
-186
-183
-182
-181
-182
-171
-160
-166
-163
-159
-149
-139
-136
-131
-130
-124
-120
-110
-103
-92
-84
-76
-71
-72
-61
-54
-44
-37
-38
-31
-25
-23
-7
6
5
13
16
19
24
29
32
33
39
46
55
68
72
78
83
83
87
88
92
93
89
95
99
106
106
108
109
110
117
113
114
116
118
114
110
106
104
106
111
109
107
110
112
108
99
88
84
78
77
64
56
54
38
35
25
19
9
12
12
9
16
4
-2
-13
-21
-23
-26
-27
-34
-34
-29
-25
-22
-18
-13
-12
-13
-20
-17
-26
-21
-14
-22
-20
-22
-18
-10
-7
-1
2
7
7
12
11
13
16
16
24
30
44
47
54
61
59
57
64
67
63
68
68
67
67
66
67
57
60
68
60
62
65
64
64
69
63
59
62
60
65
56
52
50
48
47
48
47
45
49
40
37
36
37
39
39
33
32
25
18
16
7
7
-3
-3
-7
-8
-3
1
-1
3
1
-3
4
1
2
-4
-3
-2
-7
-6
-8
-4
-5
-9
-5
-2
-4
-1
1
-2
-3
1
-6
-13
-13
-16
-14
-21
-17
-13
-16
-13
-11
-10
-3
3
-2
-8
-13
-9
-13
-15
-18
-15
-11
-7
-7
-5
-6
-6
0
9
8
10
19
17
20
15
20
23
17
16
16
16
21
18
20
17
17
27
23
28
28
27
36
38
36
39
36
34
34
30
27
28
25
26
20
9
8
-2
-15
-20
-29
-38
-41
-54
-67
-75
-92
-102
-106
-110
-119
-118
-121
-124
-131
-149
-154
-164
-160
-153
-159
-156
-163
-163
-156
-156
-140
-144
-139
-136
-129
-129
-133
-130
-134
-132
-128
-124
-117
-116
-117
-114
-109
-108
-112
-104
-96
-95
-89
-92
-91
-84
-80
-60
-52
-42
-35
-35
-33
-24
-14
-9
3
16
24
30
38
48
61
75
77
85
88
88
90
88
89
87
90
92
101
106
111
116
117
109
109
112
110
109
100
96
89
86
79
66
58
56
50
55
53
47
48
42
44
34
36
37
29
31
30
28
25
25
26
29
25
16
13
6
-2
-7
-15
-25
-31
-35
-35
-33
-33
-35
-36
-40
-40
-46
-50
-51
-58
-58
-61
-60
-64
-62
-62
-63
-59
-55
-49
-39
-34
-32
-29
-27
-25
-25
-17
-15
-8
-6
-1
4
13
16
12
18
26
37
44
56
66
74
76
82
82
83
91
92
100
108
117
115
118
117
108
109
104
107
113
113
118
113
117
111
108
109
108
107
99
94
89
86
82
77
72
68
64
64
69
67
63
60
57
48
42
34
28
32
32
24
25
12
8
2
-9
-16
-24
-21
-28
-26
-19
-28
-37
-41
-49
-46
-38
-37
-36
-40
-44
-48
-54
-62
-59
-64
-65
-56
-55
-48
-41
-37
-39
-38
-44
-46
-42
-34
-27
-32
-26
-30
-34
-35
-36
-39
-28
-25
-20
-13
-18
-12
-12
-9
-11
-13
-2
5
14
22
27
29
27
29
24
27
29
31
33
32
35
32
35
35
38
38
39
44
40
39
38
36
25
17
15
10
7
2
-7
-7
-5
-16
-23
-29
-39
-40
-42
-45
-44
-51
-56
-61
-70
-72
-69
-73
-79
-79
-86
-92
-106
-115
-112
-114
-113
-115
-114
-107
-102
-100
-108
-113
-121
-122
-117
-115
-110
-105
-103
-94
-95
-91
-87
-89
-82
-81
-77
-70
-68
-70
-70
-74
-69
-66
-58
-51
-47
-42
-43
-27
-24
-18
-11
-11
-5
4
4
8
15
18
21
27
30
32
34
39
48
50
53
59
65
66
68
63
57
61
56
55
63
61
58
62
60
59
61
62
71
68
67
61
59
54
45
45
41
36
38
40
39
34
33
31
29
28
23
18
21
16
11
11
-1
-4
-12
-15
-18
-23
-27
-26
-23
-28
-25
-21
-20
-24
-24
-26
-30
-29
-34
-37
-35
-38
-43
-42
-41
-43
-36
-27
-26
-29
-26
-24
-17
-17
-20
-22
-28
-22
-19
-13
-18
-16
-10
-11
-12
-5
2
3
3
-2
5
12
13
23
25
32
40
45
49
58
65
71
77
88
106
109
113
125
126
122
127
124
124
124
128
130
128
124
121
123
122
122
112
107
103
97
83
79
69
59
52
41
37
33
27
26
24
27
25
18
18
6
6
4
0
-4
-11
-14
-22
-35
-43
-49
-51
-53
-54
-45
-42
-43
-50
-51
-46
-51
-49
-40
-44
-46
-40
-45
-45
-41
-41
-38
-39
-37
-38
-37
-33
-33
-36
-35
-33
-34
-24
-22
-20
-11
-3
3
9
9
6
7
7
13
15
23
23
23
34
33
37
31
27
33
36
36
42
45
45
49
45
55
54
47
46
48
46
42
37
29
26
22
21
21
24
27
29
21
12
10
4
1
-1
-1
-5
-9
-13
-14
-17
-23
-24
-27
-26
-27
-26
-24
-29
-38
-43
-47
-57
-51
-54
-58
-60
-67
-74
-75
-71
-78
-83
-85
-84
-77
-86
-93
-90
-93
-90
-89
-85
-91
-94
-93
-98
-95
-98
-98
-103
-106
-101
-94
-95
-90
-84
-86
-85
-83
-69
-71
-64
-55
-49
-48
-46
-37
-36
-34
-31
-28
-17
-11
-6
3
9
19
30
33
34
38
50
52
65
65
67
74
60
58
51
55
60
59
69
72
75
83
78
79
77
76
70
71
71
70
70
69
62
57
57
57
53
54
52
48
54
48
50
40
34
30
23
20
17
18
2
-5
-10
-16
-21
-26
-30
-37
-37
-43
-54
-56
-62
-68
-73
-77
-76
-73
-72
-74
-71
-72
-76
-71
-68
-70
-64
-58
-58
-52
-42
-35
-35
-33
-30
-23
-17
-16
-20
-18
-20
-20
-14
-15
-8
-13
-7
-2
2
10
14
17
11
13
13
15
16
20
22
19
20
22
27
28
28
33
36
41
49
53
59
62
62
72
71
65
62
65
62
61
53
50
53
52
61
62
59
66
61
62
58
54
52
48
52
52
43
40
36
28
27
16
13
16
12
8
5
-2
-3
-5
1
5
-2
0
4
10
9
7
3
-4
-8
-9
-8
-3
-1
5
6
8
10
8
5
-4
0
7
2
-5
-2
-4
-2
-6
-3
5
0
7
11
15
23
24
22
24
25
28
27
25
21
20
13
22
17
20
29
32
38
46
49
46
45
39
32
26
22
18
22
14
11
7
0
-7
-16
-20
-24
-29
-28
-23
-29
-24
-21
-17
-19
-24
-23
-21
-16
-19
-21
-22
-26
-29
-28
-38
-37
-42
-42
-44
-35
-33
-41
-37
-39
-41
-36
-34
-37
-33
-31
-28
-30
-23
-34
-36
-32
-42
-37
-33
-26
-30
-32
-30
-28
-29
-32
-21
-18
-20
-24
-23
-26
-35
-40
-43
-42
-43
-37
-39
-36
-36
-42
-45
-48
-42
-41
-45
-49
-49
-51
-48
-47
-47
-48
-49
-46
-37
-34
-32
-26
-19
-11
-15
-9
-3
-2
-1
4
11
19
24
27
32
31
30
33
33
37
36
33
28
27
26
27
34
38
39
38
38
37
26
22
27
24
23
20
23
22
19
18
16
12
10
9
9
6
-1
-5
-11
-12
-15
-22
-22
-17
-18
-15
-15
-17
-22
-28
-38
-41
-43
-51
-52
-55
-55
-65
-68
-65
-63
-61
-58
-57
-56
-55
-58
-64
-56
-52
-57
-51
-50
-50
-48
-47
-44
-43
-41
-38
-29
-23
-28
-23
-20
-21
-14
-7
-5
-5
-9
-6
-2
0
6
15
33
30
33
41
40
41
37
48
53
63
65
66
66
60
65
67
64
63
73
80
82
85
92
92
93
98
101
106
101
95
89
85
85
81
70
72
68
63
63
57
63
63
68
59
47
43
34
28
24
16
10
6
2
5
7
1
-7
-9
-18
-22
-22
-26
-25
-21
-25
-27
-26
-23
-23
-28
-20
-22
-22
-25
-30
-27
-29
-25
-15
-9
-3
2
1
2
2
0
-4
0
-4
2
5
12
16
22
30
29
36
32
33
25
30
32
29
38
38
41
34
37
42
49
59
56
59
64
63
61
59
54
52
49
55
57
61
66
60
64
62
61
61
52
47
47
44
41
40
34
32
31
37
38
36
29
24
21
8
7
2
-9
-17
-20
-24
-22
-18
-27
-29
-34
-40
-48
-56
-60
-59
-60
-58
-70
-73
-71
-76
-73
-73
-74
-77
-74
-72
-71
-78
-82
-84
-86
-85
-84
-80
-80
-85
-82
-73
-72
-76
-72
-73
-70
-61
-50
-44
-42
-38
-31
-29
-30
-20
-9
-6
0
1
-8
-9
-18
-23
-7
-1
4
1
3
0
4
9
11
10
5
7
7
11
13
16
10
10
4
6
6
6
10
10
7
4
3
-6
-12
-16
-15
-21
-19
-22
-22
-17
-20
-24
-23
-21
-21
-11
-10
-9
-8
-10
-17
-18
-21
-22
-25
-27
-29
-24
-24
-33
-32
-29
-38
-35
-39
-51
-47
-53
-51
-46
-47
-47
-51
-53
-54
-52
-48
-52
-46
-46
-50
-47
-41
-40
-42
-34
-31
-35
-34
-26
-30
-31
-29
-20
-10
-11
-8
-11
-8
-16
-20
-14
-10
-6
-7
-5
-8
-3
5
3
7
13
15
25
34
36
44
48
49
56
63
67
72
71
70
71
71
72
75
86
86
92
96
98
92
90
86
73
69
74
76
74
69
62
59
51
44
37
30
20
14
6
7
1
-2
-1
-11
-10
-12
-7
-5
-8
-7
-14
-12
-12
-20
-18
-21
-22
-17
-19
-18
-14
-15
-7
-2
-4
-1
1
-3
-5
-9
-3
-1
-7
-5
-1
4
5
12
16
16
15
18
20
21
31
35
43
38
34
37
36
37
39
44
43
48
48
50
51
56
58
59
65
67
70
69
65
63
67
63
64
64
61
56
53
49
51
57
55
54
56
45
39
39
36
40
45
40
37
30
25
26
22
27
25
24
27
26
18
19
10
8
6
-5
-6
-6
-11
-20
-25
-28
-25
-28
-26
-37
-42
-45
-51
-47
-53
-57
-63
-68
-63
-57
-61
-63
-65
-74
-71
-76
-84
-84
-84
-85
-77
-69
-67
-64
-61
-62
-59
-51
-48
-44
-43
-38
-35
-35
-40
-37
-37
-35
-23
-14
-11
-11
-8
-8
-6
-6
-1
3
5
5
11
9
12
25
18
17
13
5
7
3
5
6
5
11
6
5
0
-2
-2
-6
-3
-5
-9
-16
-12
-20
-20
-22
-26
-28
-30
-24
-27
-24
-29
-26
-31
-40
-35
-40
-43
-49
-53
-57
-54
-48
-51
-57
-51
-46
-47
-47
-48
-44
-40
-33
-33
-37
-31
-27
-26
-30
-33
-30
-31
-29
-35
-41
-36
-33
-34
-24
-28
-30
-32
-33
-33
-38
-31
-30
-34
-36
-43
-43
-51
-51
-44
-45
-36
-33
-27
-25
-23
-17
-13
-9
-3
2
0
3
6
8
3
-1
0
9
20
30
29
31
34
33
33
28
32
36
31
34
40
36
39
47
48
50
50
51
45
49
51
43
47
45
45
48
50
55
53
60
56
53
61
65
63
59
50
42
38
28
22
21
14
16
16
14
13
3
1
5
2
3
4
-2
-3
-5
-7
-17
-16
-16
-23
-22
-16
-15
-10
-6
-6
-6
-3
0
5
10
10
17
18
24
28
29
32
33
40
38
43
40
43
49
45
52
49
55
57
58
59
59
61
59
65
66
65
64
59
59
60
63
62
59
52
41
37
37
34
30
39
40
32
41
40
44
43
40
41
39
44
42
37
38
39
47
48
49
44
36
39
34
30
28
22
25
26
17
7
7
10
11
10
12
8
13
14
11
15
12
8
1
6
0
-8
-8
-11
-12
-10
-13
-16
-19
-20
-19
-19
-20
-20
-19
-19
-21
-34
-33
-32
-35
-37
-33
-27
-30
-30
-32
-34
-40
-47
-45
-41
-40
-34
-34
-29
-25
-28
-27
-30
-23
-26
-31
-35
-35
-35
-27
-26
-27
-19
-25
-29
-38
-38
-38
-41
-39
-45
-52
-54
-53
-55
-46
-48
-48
-38
-40
-46
-43
-49
-52
-53
-51
-48
-58
-54
-53
-50
-48
-47
-47
-42
-37
-39
-34
-34
-23
-24
-24
-19
-17
-12
-16
-17
-20
-19
-22
-27
-27
-24
-26
-31
-29
-30
-31
-34
-30
-27
-27
-29
-33
-35
-33
-32
-44
-47
-49
-51
-52
-49
-48
-49
-48
-42
-36
-43
-39
-40
-37
-31
-33
-33
-36
-43
-39
-43
-45
-43
-42
-40
-37
-34
-29
-20
-17
-7
-6
-5
-1
-7
-11
-9
-7
-2
-3
-2
5
9
17
16
25
26
28
23
23
26
28
27
25
29
25
32
33
39
49
51
49
46
47
49
49
54
57
55
55
51
53
48
45
41
35
37
31
35
33
23
28
29
18
15
13
10
8
9
7
9
10
7
3
2
7
5
9
7
6
8
8
15
11
9
4
3
-1
-8
-11
-13
-4
-5
-7
-6
-5
-6
-3
6
2
4
2
5
6
9
18
21
27
29
34
35
35
32
36
38
39
41
40
42
48
50
53
54
54
58
60
67
72
72
77
84
81
77
77
79
73
74
63
62
67
56
63
60
54
60
61
58
60
59
61
59
59
66
66
67
59
62
56
48
52
55
47
44
47
43
45
40
37
32
23
21
23
19
15
12
11
10
5
5
-5
-8
-12
-23
-22
-22
-32
-34
-41
-46
-42
-48
-49
-47
-48
-46
-46
-48
-48
-43
-45
-49
-44
-41
-49
-52
-49
-55
-56
-52
-60
-58
-59
-64
-54
-52
-54
-49
-51
-49
-55
-56
-51
-50
-43
-31
-25
-22
-22
-24
-33
-39
-34
-40
-43
-42
-41
-39
-37
-42
-37
-28
-19
-10
-14
-17
-14
-15
-18
-14
-19
-20
-26
-30
-29
-35
-27
-26
-22
-23
-23
-22
-21
-22
-21
-16
-19
-14
-12
-14
-15
-15
-20
-14
-13
-17
-15
-22
-20
-23
-25
-25
-26
-27
-29
-31
-34
-38
-40
-46
-47
-49
-51
-50
-49
-46
-49
-46
-50
-50
-50
-44
-38
-42
-37
-36
-37
-39
-36
-35
-34
-34
-34
-32
-25
-25
-19
-15
-18
-15
-12
-10
-6
-5
-8
-6
-4
-3
2
0
3
11
10
17
13
21
16
13
17
12
8
12
22
15
18
25
29
29
41
47
57
55
49
50
48
49
41
42
40
40
41
34
33
34
40
41
40
43
41
40
36
34
32
32
29
21
21
14
10
11
7
2
7
8
11
6
3
2
-5
-5
-7
-5
-1
4
4
2
-4
0
-3
-4
-4
-4
-3
-9
-4
-7
-4
1
5
14
18
24
28
31
31
24
30
25
27
22
18
18
11
17
17
16
16
18
14
17
16
11
16
15
22
24
28
25
15
16
23
29
31
35
34
31
34
34
39
41
40
42
43
45
42
43
37
32
31
32
34
35
31
34
33
31
36
41
39
34
33
32
37
29
27
23
16
18
15
15
17
16
19
16
14
13
10
1
2
12
11
12
8
10
3
0
1
2
5
-2
-1
2
-5
-2
-1
0
-1
5
8
1
1
-2
-1
-1
-2
-2
0
0
-9
-10
-5
-11
-12
-10
-1
1
-3
1
-8
-12
-8
-10
-11
-3
5
15
20
26
30
28
28
24
23
20
17
14
12
7
1
-6
-9
-10
-10
-3
5
-4
-8
-5
-15
-19
-32
-40
-39
-41
-45
-43
-47
-53
-55
-60
-62
-62
-64
-68
-75
-79
-79
-81
-84
-85
-88
-87
-86
-89
-96
-91
-90
-93
-84
-79
-84
-87
-78
-74
-70
-65
-69
-65
-54
-53
-51
-48
-52
-50
-45
-44
-39
-32
-32
-30
-24
-16
-15
-17
-19
-25
-26
-33
-33
-36
-35
-26
-13
-7
-5
2
1
4
2
4
5
1
1
3
-1
-2
0
5
10
19
24
24
31
27
27
28
32
27
23
25
32
33
32
39
41
43
45
46
45
38
45
46
42
46
44
42
45
45
44
48
47
44
46
45
42
35
34
28
26
26
26
27
29
22
16
17
16
18
11
4
4
-1
0
-5
-10
-7
-11
-14
-13
-16
-16
-18
-24
-24
-30
-33
-38
-45
-43
-39
-43
-42
-43
-45
-37
-34
-33
-23
-20
-21
-17
-11
-11
-15
-18
-20
-15
-19
-14
-10
-13
-9
1
2
5
11
13
16
18
19
20
21
19
17
20
17
12
21
18
17
20
24
25
31
37
39
42
39
39
33
34
29
29
34
37
39
41
46
45
43
48
56
47
48
42
39
36
31
32
32
43
48
45
51
53
57
54
55
62
55
54
49
44
41
42
39
44
34
35
39
37
33
28
31
32
29
30
31
28
28
18
15
16
2
-2
-2
-10
-15
-20
-25
-25
-20
-24
-29
-29
-33
-30
-27
-28
-27
-25
-33
-31
-25
-26
-22
-19
-12
-18
-17
-16
-17
-16
-15
-13
-9
-4
2
5
4
5
6
2
7
1
-1
0
-8
-2
3
2
6
8
14
10
20
24
14
14
11
11
12
12
5
3
4
8
7
8
7
4
8
2
-1
-2
0
-11
-16
-12
-20
-17
-30
-29
-30
-30
-30
-38
-35
-34
-43
-49
-49
-56
-52
-51
-48
-53
-54
-52
-51
-52
-63
-61
-63
-62
-58
-59
-54
-56
-56
-49
-53
-54
-57
-46
-41
-44
-41
-43
-41
-41
-48
-38
-36
-40
-35
-27
-24
-22
-10
-10
-3
-3
-3
2
0
-5
-9
-13
-12
-8
0
6
7
13
17
26
30
35
35
31
26
31
29
24
22
23
23
12
22
23
22
25
23
16
17
25
21
16
16
13
1
4
-2
-5
-1
-14
-23
-25
-22
-28
-27
-24
-25
-28
-24
-23
-30
-32
-39
-44
-40
-39
-34
-33
-37
-33
-35
-26
-25
-27
-18
-16
-15
-15
-20
-31
-23
-25
-25
-23
-18
-14
-3
7
5
13
14
17
18
16
15
19
21
11
11
12
14
13
9
10
9
8
5
8
11
10
11
6
9
12
7
7
5
4
1
2
6
8
12
14
12
4
1
0
-2
2
4
8
18
14
23
20
21
26
26
33
31
36
36
37
35
33
28
25
30
30
31
37
40
42
40
42
40
40
48
49
51
49
54
52
54
64
55
53
54
52
57
56
60
54
56
49
37
38
37
41
35
40
46
38
35
37
35
32
34
35
30
24
19
19
16
15
18
17
26
25
24
28
39
41
43
40
34
39
26
24
19
9
9
5
3
1
4
2
-2
-2
-7
-7
-15
-17
-22
-32
-41
-39
-43
-49
-47
-43
-38
-41
-42
-32
-24
-22
-26
-20
-9
-13
-16
-8
-7
-10
-9
-11
-6
-10
-14
-6
-5
3
3
12
17
13
17
10
11
12
9
5
4
4
6
4
-4
-5
-5
-11
-13
-11
-10
-5
4
3
-4
-1
-10
-11
-15
-20
-23
-22
-23
-32
-35
-34
-40
-42
-44
-46
-51
-56
-48
-53
-49
-45
-50
-54
-55
-58
-60
-61
-60
-58
-62
-58
-49
-46
-47
-44
-46
-46
-49
-49
-43
-44
-34
-31
-30
-18
-20
-8
-1
4
3
7
9
6
11
7
5
12
4
9
13
8
23
26
22
30
35
25
29
24
15
11
9
4
2
-4
-4
-8
-18
-15
-15
-7
-8
-6
-4
-5
-12
-21
-26
-25
-23
-27
-23
-28
-24
-21
-22
-23
-22
-20
-21
-16
-12
-9
-7
-5
-9
-10
-16
-19
-25
-30
-27
-26
-23
-20
-14
-16
-14
-13
-14
-12
-6
-10
-7
-5
-22
-30
-35
-36
-38
-35
-30
-34
-29
-22
-18
-21
-23
-24
-34
-35
-33
-28
-22
-27
-23
-24
-20
-24
-15
-8
-10
-9
-5
3
-6
7
1
-1
5
6
12
11
16
15
21
20
22
29
33
37
42
47
48
50
52
57
65
56
63
70
62
56
49
50
48
50
47
48
53
64
61
55
51
50
49
48
47
42
43
35
35
30
23
26
27
24
19
22
26
19
20
21
21
21
24
16
8
8
14
10
9
11
0
-2
-4
-9
-6
-9
1
8
8
19
10
12
20
13
20
25
29
32
29
29
25
26
28
23
32
35
35
50
52
52
51
53
54
49
51
50
51
52
51
44
40
37
27
24
26
24
34
41
39
37
39
34
37
41
41
41
40
36
28
29
25
25
31
22
22
26
16
14
12
3
3
1
2
-4
4
4
-10
-7
-15
-26
-24
-30
-38
-36
-36
-36
-33
-36
-43
-47
-52
-56
-53
-52
-52
-49
-51
-57
-58
-64
-63
-68
-69
-66
-64
-61
-60
-56
-61
-61
-54
-44
-40
-41
-36
-27
-23
-19
-14
-16
-19
-17
-19
-12
-6
-6
-10
-10
-15
-13
-4
-8
-7
5
3
0
3
3
-3
-4
-4
-5
-9
-16
-15
-15
-17
-16
-13
-19
-17
-24
-20
-18
-19
-23
-23
-35
-42
-40
-45
-45
-42
-41
-44
-40
-46
-43
-42
-44
-42
-42
-41
-40
-39
-47
-51
-49
-50
-46
-45
-45
-44
-44
-43
-50
-45
-52
-52
-41
-37
-36
-33
-28
-27
-23
-23
-31
-36
-27
-23
-23
-18
-21
-13
-13
-11
-8
-9
-7
-9
-6
0
0
3
8
0
0
-1
0
1
0
5
3
10
15
12
13
13
14
12
10
16
19
17
12
12
15
17
11
15
12
11
16
6
5
5
2
4
3
-3
-6
-7
-6
-5
-9
-6
-5
-8
1
-2
-8
-16
-6
0
1
8
5
8
10
3
0
-5
-8
-3
1
-3
7
12
17
28
27
32
35
39
46
49
50
57
53
51
47
50
49
48
48
52
48
47
58
58
59
58
60
54
50
46
41
37
33
32
31
35
38
35
32
29
31
33
30
29
24
29
33
30
27
24
26
28
29
28
26
28
23
21
23
23
24
17
17
19
17
19
25
25
30
28
27
29
26
27
29
33
33
32
26
32
38
39
41
39
47
45
42
48
40
47
50
51
59
60
57
51
44
34
33
31
31
30
25
23
27
27
22
19
12
14
11
5
5
1
-6
-10
-14
-19
-23
-20
-23
-27
-23
-22
-17
-20
-21
-23
-27
-25
-31
-32
-38
-44
-46
-43
-43
-44
-42
-44
-44
-53
-50
-51
-62
-59
-58
-51
-51
-54
-53
-47
-37
-37
-37
-34
-30
-30
-32
-28
-32
-29
-23
-21
-16
-16
-8
-6
0
2
3
11
13
14
9
8
4
2
-6
-4
1
0
6
7
14
14
15
11
8
7
1
1
-3
-8
-10
-23
-16
-18
-23
-21
-28
-28
-29
-25
-22
-24
-27
-30
-31
-34
-39
-42
-40
-42
-41
-41
-40
-41
-41
-39
-39
-39
-35
-44
-43
-42
-49
-53
-59
-61
-61
-62
-56
-52
-49
-42
-40
-36
-40
-47
-50
-50
-49
-46
-48
-41
-43
-40
-28
-25
-26
-14
-9
-7
-8
-13
-5
-7
-7
-5
-5
-1
0
5
1
6
11
10
12
14
17
22
21
23
16
12
11
11
9
10
18
20
22
18
15
12
16
24
19
20
19
10
5
1
-1
-6
-7
-7
-11
-11
-14
-13
-13
-19
-19
-20
-21
-20
-18
-17
-15
-11
-1
4
-2
2
8
5
4
-1
4
18
20
23
22
22
23
30
38
37
45
45
46
45
47
41
38
32
30
40
44
49
48
57
49
48
60
57
58
55
51
45
40
40
38
37
41
43
42
46
49
46
48
46
40
41
39
37
34
31
32
33
37
30
24
27
29
33
33
39
37
26
24
21
24
18
14
15
12
12
14
20
23
19
25
33
34
38
41
37
34
39
39
40
42
41
34
33
37
36
34
34
34
36
35
26
23
20
17
15
22
23
21
18
15
18
14
18
15
12
13
12
7
3
2
2
1
-3
3
8
4
-2
-2
-5
-16
-17
-21
-26
-25
-30
-29
-33
-43
-52
-50
-46
-49
-51
-57
-55
-50
-50
-51
-55
-58
-55
-60
-58
-59
-58
-63
-65
-62
-61
-53
-49
-52
-56
-53
-58
-57
-57
-55
-56
-55
-52
-46
-43
-46
-41
-43
-34
-27
-25
-21
-18
-18
-21
-19
-23
-22
-19
-15
-10
-1
3
2
4
9
11
6
5
12
15
11
10
7
8
10
15
19
21
23
26
20
16
16
16
17
14
13
7
3
8
11
14
13
10
13
11
10
7
0
-3
-9
-16
-20
-27
-26
-31
-27
-32
-34
-36
-41
-35
-41
-45
-47
-40
-44
-54
-55
-53
-57
-58
-61
-57
-51
-57
-55
-59
-60
-56
-52
-43
-41
-39
-39
-37
-35
-37
-39
-40
-36
-37
-31
-31
-32
-35
-32
-27
-30
-26
-22
-17
-22
-19
-18
-24
-25
-26
-16
-19
-20
-23
-21
-18
-19
-11
-15
-16
-11
-15
-13
-10
-8
2
-2
-3
1
-2
-2
4
0
-1
3
9
14
9
14
15
16
11
15
18
12
16
28
26
31
40
44
45
46
46
44
45
44
43
44
44
42
43
45
48
53
50
52
60
66
67
63
64
63
64
64
62
62
61
52
54
57
61
56
57
66
59
59
57
55
50
43
40
45
51
49
54
46
43
38
38
38
37
40
37
38
36
27
23
16
17
19
17
21
23
29
23
15
13
10
12
9
11
12
11
13
15
9
7
6
5
17
16
21
23
15
14
15
15
24
22
19
19
15
17
15
14
12
11
9
11
12
9
10
10
11
11
11
8
10
10
11
21
18
14
21
13
11
13
3
5
-2
-1
0
-4
1
2
5
-2
-1
-8
-14
-19
-15
-14
-18
-16
-24
-24
-24
-29
-31
-26
-26
-28
-33
-37
-37
-34
-31
-26
-26
-24
-14
-18
-17
-18
-23
-21
-21
-22
-28
-29
-31
-27
-19
-15
-13
-8
-6
-9
-3
1
0
2
2
2
-1
-8
-3
-2
3
5
1
2
-4
3
-1
-1
-1
1
6
5
2
-4
-4
2
-2
-6
-10
-11
-15
-21
-23
-31
-27
-31
-31
-25
-28
-28
-29
-29
-28
-32
-30
-36
-40
-38
-44
-48
-52
-50
-53
-49
-48
-48
-43
-43
-41
-43
-41
-38
-44
-51
-49
-51
-59
-60
-61
-59
-54
-49
-45
-45
-44
-42
-41
-44
-42
-45
-40
-39
-37
-36
-39
-32
-26
-18
-7
-1
1
3
-4
-8
-9
-12
-13
-15
-16
-9
-7
2
1
9
15
19
29
30
33
37
37
33
31
34
34
25
24
22
26
30
40
38
36
38
33
30
23
27
24
21
18
14
10
5
3
2
3
2
1
-4
-3
-1
-3
-7
-18
-21
-22
-20
-20
-21
-19
-23
-20
-26
-25
-23
-30
-25
-25
-23
-21
-17
-16
-15
-14
-8
-1
0
4
3
6
1
-2
-3
-10
-8
-10
2
7
10
20
19
24
27
33
38
40
41
40
48
46
48
50
46
51
58
63
59
53
53
56
46
43
37
32
36
38
39
39
43
45
43
42
42
38
42
44
45
48
41
37
38
33
29
24
21
22
19
19
18
19
17
20
22
23
20
20
21
21
24
23
22
19
14
18
17
12
12
15
16
15
15
16
14
18
16
15
16
13
11
12
17
14
15
15
20
23
19
23
21
6
4
6
0
1
8
11
9
4
6
5
8
8
0
-6
-8
-13
-16
-18
-13
-16
-16
-10
-11
-10
-12
-9
-3
-8
-11
-12
-17
-21
-23
-21
-17
-14
-19
-24
-21
-25
-28
-18
-20
-16
-14
-16
-18
-17
-12
-14
-15
-15
-12
-14
-15
-18
-17
-16
-15
-18
-17
-10
-11
-8
-5
2
6
10
12
11
11
6
8
-3
0
1
-4
2
0
0
-1
0
6
5
-1
1
0
1
0
4
6
0
1
-1
0
-1
-3
1
6
3
-1
-3
-5
-4
-3
-3
-3
-7
-12
-12
-14
-20
-21
-21
-20
-21
-25
-30
-31
-39
-40
-47
-48
-47
-48
-48
-54
-55
-57
-60
-63
-64
-64
-66
-71
-72
-77
-71
-66
-67
-64
-64
-61
-62
-59
-60
-60
-54
-45
-38
-38
-43
-44
-45
-45
-43
-32
-31
-31
-31
-37
-36
-38
-35
-28
-27
-20
-12
-15
-12
-12
-13
-11
-13
-8
-5
-5
-3
-5
-5
-6
-7
-11
-4
-2
-1
3
3
6
0
5
13
15
15
19
15
15
18
15
18
17
22
23
24
24
24
21
13
11
11
12
7
7
2
0
-7
-7
-6
-6
-5
-12
-7
-5
-4
-9
-13
-21
-21
-24
-25
-21
-19
-5
0
8
15
14
18
21
26
25
22
20
21
33
39
49
50
53
57
68
81
83
86
86
82
74
72
68
65
70
65
62
71
69
69
70
71
69
61
61
63
63
55
57
55
50
51
47
54
48
43
45
30
24
21
13
16
10
10
11
15
17
23
24
24
24
18
14
6
4
8
0
-4
-6
-9
-13
-14
-15
-16
-13
-13
-14
-19
-16
-22
-20
-17
-13
-5
-2
7
6
7
12
9
11
21
19
15
15
14
19
15
19
23
25
31
28
32
26
21
24
16
19
16
15
12
13
16
15
16
12
20
18
23
26
26
28
29
25
22
24
21
23
18
19
18
20
17
15
21
20
21
23
13
9
13
15
15
12
14
6
7
2
-3
-12
-14
-15
-15
-7
-8
-9
-15
-15
-15
-21
-26
-28
-32
-32
-29
-35
-34
-30
-36
-30
-29
-34
-32
-32
-34
-38
-38
-45
-41
-32
-37
-29
-26
-23
-22
-17
-18
-18
-20
-30
-27
-32
-34
-32
-33
-31
-38
-43
-45
-44
-49
-47
-35
-34
-35
-36
-35
-41
-49
-47
-55
-62
-58
-52
-50
-60
-57
-55
-64
-64
-60
-57
-55
-51
-52
-54
-52
-54
-51
-50
-53
-50
-44
-41
-39
-32
-34
-35
-30
-35
-38
-44
-44
-46
-44
-38
-40
-38
-39
-42
-39
-33
-28
-20
-17
-24
-21
-20
-19
-18
-20
-20
-17
-11
-15
-12
-12
-19
-16
-10
-5
-2
4
1
4
8
8
9
3
-3
-2
3
6
5
6
10
12
18
20
22
28
26
28
29
21
23
23
21
27
32
21
20
21
25
21
20
23
16
21
21
20
19
17
10
4
5
6
4
4
11
12
18
19
13
9
4
9
8
11
15
12
15
21
22
24
25
19
18
28
33
35
37
36
36
37
31
35
35
37
36
44
57
53
50
49
46
50
51
48
47
45
54
54
61
55
49
52
50
50
47
40
43
47
47
48
45
46
47
51
47
52
53
48
45
43
35
30
31
23
27
19
21
23
25
26
24
25
29
30
23
22
17
10
15
16
15
19
22
21
20
20
21
25
29
29
30
31
25
26
21
20
26
30
32
36
43
42
43
42
39
39
34
26
22
18
18
16
15
15
12
7
7
8
9
10
7
1
-3
-8
-12
-15
-21
-21
-25
-22
-19
-13
-12
-16
-11
-19
-19
-16
-23
-22
-19
-18
-16
-23
-19
-14
-21
-23
-24
-29
-28
-29
-22
-23
-27
-31
-34
-32
-33
-39
-34
-34
-39
-43
-51
-49
-55
-58
-57
-60
-60
-62
-61
-69
-59
-57
-59
-45
-37
-37
-36
-38
-48
-49
-51
-55
-57
-65
-61
-57
-58
-57
-55
-53
-48
-42
-41
-40
-39
-36
-41
-34
-35
-33
-33
-39
-41
-49
-43
-37
-35
-32
-31
-24
-22
-24
-17
-18
-8
-2
2
6
-1
-5
-8
-12
-14
-13
-12
-11
-9
-5
-4
2
-1
-7
-14
-18
-16
-20
-28
-35
-39
-44
-37
-37
-46
-48
-48
-46
-54
-53
-55
-60
-59
-59
-59
-57
-58
-56
-51
-54
-47
-47
-51
-45
-37
-33
-34
-28
-31
-27
-18
-17
-17
-13
-12
-5
2
2
12
17
17
24
28
27
36
38
34
35
31
35
42
43
43
40
44
46
54
62
63
63
62
61
61
64
67
67
63
57
56
55
53
54
49
51
53
56
54
47
49
47
43
40
42
36
36
37
32
30
33
34
31
30
27
32
36
33
31
33
34
35
41
45
43
47
51
51
50
45
45
41
43
41
38
37
37
37
38
39
36
38
41
45
48
49
43
42
44
41
45
42
38
37
37
37
38
32
33
32
29
35
36
40
30
27
18
19
23
22
31
28
32
34
27
22
20
16
13
12
13
14
13
17
16
13
20
21
22
24
21
17
11
8
5
6
1
0
0
-5
-7
-8
-18
-19
-25
-18
-14
-18
-14
-12
-13
-13
-12
-15
-13
-15
-11
-12
-14
-15
-20
-16
-20
-19
-20
-25
-29
-26
-22
-23
-19
-20
-17
-11
-12
-12
-13
-12
-12
-14
-12
-10
-5
-7
-13
-4
-3
0
3
4
12
10
11
10
1
-3
-3
-3
-1
12
17
6
2
4
4
7
11
4
-1
-1
2
0
-1
-6
-14
-15
-17
-20
-13
-17
-19
-26
-31
-35
-39
-39
-40
-39
-43
-45
-53
-52
-51
-56
-53
-59
-61
-62
-66
-69
-76
-72
-78
-70
-66
-68
-65
-62
-56
-65
-71
-73
-76
-66
-56
-49
-46
-49
-40
-33
-32
-28
-29
-20
-20
-19
-14
-20
-19
-27
-29
-27
-28
-30
-33
-23
-18
-12
-10
-11
-16
-11
-13
-15
-20
-26
-25
-27
-29
-37
-36
-39
-35
-37
-35
-38
-32
-30
-32
-25
-28
-26
-29
-26
-20
-14
-14
-6
2
4
8
7
10
8
7
10
15
16
17
18
13
19
21
18
25
25
22
19
17
13
11
7
6
4
1
4
5
7
6
3
2
2
4
7
13
11
14
13
12
15
17
19
23
22
25
28
24
26
29
31
27
31
36
34
36
39
33
34
34
32
33
32
32
29
28
25
24
17
15
15
12
15
12
8
11
12
10
11
16
15
10
15
16
17
19
21
18
14
13
9
15
12
8
20
17
16
18
23
34
31
31
30
27
28
19
19
12
12
11
11
11
9
16
16
27
33
38
41
33
32
35
43
44
46
43
45
48
41
43
45
42
49
49
50
53
57
56
48
43
32
35
29
25
26
19
14
7
2
-5
-5
-2
-5
-9
-16
-20
-19
-26
-34
-41
-41
-42
-40
-37
-39
-40
-44
-44
-39
-35
-30
-23
-20
-18
-12
-12
-15
-18
-17
-9
-9
-12
-6
-3
4
8
6
12
18
21
20
17
18
19
16
10
10
6
7
3
8
16
16
18
18
18
20
15
6
2
-7
-7
-9
-13
-20
-22
-28
-26
-20
-20
-25
-27
-28
-32
-31
-40
-41
-38
-44
-47
-43
-44
-43
-36
-34
-31
-30
-31
-33
-36
-34
-35
-38
-43
-43
-40
-32
-34
-41
-32
-31
-33
-28
-29
-33
-30
-30
-26
-23
-21
-16
-14
-12
-4
-4
-3
-8
-9
-9
-13
-11
-14
-10
-9
-9
-8
-5
-7
-15
-14
-9
-8
-4
-4
-10
-10
-10
-11
-14
-17
-14
-15
-13
-11
-11
-13
-13
-13
-16
-24
-24
-25
-30
-30
-33
-33
-32
-27
-28
-27
-23
-24
-27
-27
-33
-35
-35
-40
-41
-42
-38
-36
-38
-39
-35
-29
-30
-33
-36
-30
-27
-24
-25
-30
-21
-14
-19
-17
-16
-16
-15
-16
-9
-3
1
-3
3
8
12
15
16
25
28
31
33
32
33
36
31
31
33
33
40
47
43
49
48
45
49
52
51
42
45
45
43
49
49
46
47
40
42
44
38
35
39
38
38
37
29
28
23
22
19
19
16
19
15
10
12
5
10
12
11
10
12
12
11
17
13
11
9
8
10
12
13
14
14
7
9
10
12
14
15
18
24
32
32
29
27
32
35
27
32
32
33
30
28
29
23
23
29
33
29
31
32
30
28
24
22
17
10
9
7
3
4
1
5
0
2
7
3
5
5
6
0
-13
-11
-14
-8
-1
-2
0
-1
-2
-3
2
15
18
20
15
11
14
18
18
17
25
29
32
38
42
39
40
43
46
42
40
42
39
36
36
43
42
36
37
32
30
28
34
36
32
30
33
34
31
31
29
30
26
25
24
28
22
18
12
12
9
13
13
11
12
7
4
2
-1
-5
-4
-4
-5
-6
-6
-9
-14
-18
-20
-18
-17
-15
-18
-20
-14
-13
-15
-27
-36
-40
-42
-42
-42
-39
-34
-34
-31
-34
-42
-45
-46
-40
-42
-48
-49
-56
-58
-60
-60
-52
-50
-52
-52
-48
-54
-52
-54
-58
-52
-48
-43
-43
-33
-34
-34
-32
-37
-39
-37
-42
-40
-34
-25
-19
-22
-25
-22
-14
-11
-8
-8
-5
0
5
6
-3
-5
-9
-24
-22
-20
-16
-16
-19
-21
-23
-18
-20
-21
-19
-19
-24
-26
-32
-33
-41
-45
-44
-42
-37
-38
-37
-40
-39
-40
-45
-42
-40
-45
-45
-44
-43
-36
-43
-45
-41
-37
-37
-37
-33
-29
-26
-31
-31
-28
-26
-23
-27
-22
-19
-12
-6
-7
-4
-7
-6
-11
-7
-3
3
9
-6
-9
-5
-6
-13
-15
-15
-17
-10
-3
-6
-8
-7
-8
-6
-12
-13
-13
-15
-8
-11
-14
-14
-10
-12
-10
-4
-1
10
3
9
21
14
12
12
11
16
17
16
14
15
20
22
25
23
19
18
23
25
31
32
34
31
23
26
30
28
28
28
33
43
50
53
48
47
51
53
63
68
69
67
67
62
60
61
57
65
73
77
78
78
72
64
55
53
55
60
60
55
46
43
44
41
36
27
21
19
18
22
18
19
21
20
23
21
30
32
31
29
27
22
24
31
28
22
19
21
27
34
37
39
48
51
50
46
44
44
51
47
50
56
50
49
45
43
44
50
54
57
59
55
52
49
45
47
37
37
39
36
38
37
37
33
26
15
13
13
15
15
15
12
3
-1
-5
-2
-9
-13
-11
-13
-16
-17
-21
-22
-28
-31
-32
-32
-32
-28
-22
-35
-41
-41
-44
-43
-37
-41
-42
-38
-44
-45
-47
-47
-50
-53
-52
-48
-44
-47
-52
-55
-51
-47
-41
-42
-38
-42
-42
-35
-31
-33
-37
-31
-35
-37
-32
-42
-49
-52
-50
-43
-38
-39
-36
-31
-36
-34
-33
-35
-34
-37
-43
-41
-48
-51
-47
-51
-57
-51
-42
-40
-32
-39
-38
-40
-42
-38
-41
-45
-50
-52
-56
-59
-65
-66
-68
-71
-69
-65
-62
-54
-53
-56
-51
-48
-57
-63
-65
-62
-58
-55
-55
-55
-52
-52
-54
-59
-50
-41
-42
-36
-24
-18
-12
-10
-11
-6
-2
-8
-14
-13
-19
-16
-14
-13
-8
-8
2
6
8
2
2
5
8
7
11
19
21
24
17
16
23
25
20
22
25
23
20
14
16
10
2
13
18
16
18
19
16
14
8
11
6
-2
-4
-8
-5
-7
-6
-12
-8
-5
1
5
-1
-3
-9
-8
2
7
9
13
14
19
28
31
36
39
39
40
43
44
41
35
29
29
35
36
43
54
54
54
54
63
65
71
69
68
66
55
51
51
54
60
63
62
62
61
64
64
59
63
64
68
69
61
54
47
44
49
45
47
45
43
39
37
32
35
43
42
43
34
40
40
39
41
41
41
36
26
23
25
21
21
25
22
21
27
23
16
13
17
16
15
15
9
1
-8
-7
-9
-15
-5
1
2
6
9
17
11
9
1
-1
5
6
12
19
22
24
32
36
44
46
47
44
47
52
58
56
47
37
31
27
21
20
14
22
21
27
25
21
15
3
0
-4
0
-3
-4
-8
-14
-16
-20
-19
-21
-17
-15
-11
-7
-5
-9
-12
-17
-21
-16
-14
-16
-13
-15
-19
-25
-26
-26
-25
-25
-23
-26
-30
-32
-41
-45
-50
-43
-37
-40
-35
-45
-39
-38
-39
-37
-36
-36
-39
-31
-31
-22
-18
-17
-19
-19
-20
-21
-15
-16
-10
-6
1
-10
-11
-13
-19
-16
-15
-7
-6
-6
-9
-13
-18
-28
-28
-28
-28
-32
-34
-40
-43
-36
-33
-37
-44
-43
-43
-44
-48
-52
-55
-62
-60
-74
-77
-76
-78
-73
-66
-60
-57
-63
-68
-60
-53
-51
-49
-51
-52
-56
-55
-55
-57
-64
-59
-54
-58
-54
-45
-38
-38
-39
-32
-35
-30
-26
-20
-20
-16
-12
-17
-19
-26
-25
-20
-12
-7
0
7
11
15
15
10
13
17
8
14
21
27
25
18
13
9
17
17
17
14
18
28
24
25
20
13
16
10
19
18
18
14
12
16
13
16
14
16
9
2
2
4
9
12
11
9
10
9
12
9
11
13
9
20
25
26
22
14
19
27
41
45
41
35
34
32
37
41
39
32
23
22
25
29
30
36
40
38
42
42
40
30
27
23
23
21
17
12
13
13
8
16
15
18
24
25
22
16
16
17
19
20
15
13
10
6
3
8
12
9
8
1
-9
-11
-9
-14
-14
-16
-13
-9
-12
-12
-8
-3
0
5
8
10
16
17
6
11
13
15
22
20
15
16
26
30
35
29
27
34
45
57
56
49
42
39
36
41
45
42
35
29
28
32
36
31
27
35
41
40
39
34
25
26
31
28
30
27
22
23
23
30
40
40
35
34
35
33
30
30
19
19
19
17
20
20
34
42
36
34
27
22
17
17
10
8
9
3
-2
-13
-22
-14
-12
-20
-20
-23
-21
-20
-17
-19
-23
-23
-24
-26
-24
-27
-35
-40
-37
-34
-40
-40
-41
-44
-41
-43
-48
-47
-50
-49
-49
-48
-39
-34
-38
-44
-48
-47
-49
-50
-50
-53
-45
-38
-31
-32
-32
-31
-26
-25
-25
-24
-22
-20
-19
-20
-19
-16
-14
-14
-18
-15
-8
-14
-17
-14
-17
-17
-22
-28
-29
-24
-24
-30
-32
-33
-33
-38
-39
-43
-40
-39
-45
-43
-48
-50
-46
-41
-41
-51
-50
-51
-44
-36
-35
-32
-26
-24
-28
-26
-31
-26
-22
-22
-22
-23
-20
-12
-6
-5
-7
-2
1
-1
-5
-3
-3
3
3
-7
-11
-7
5
14
14
10
9
2
-1
0
-1
-7
-12
-19
-26
-23
-23
-26
-36
-40
-33
-28
-28
-35
-35
-37
-45
-52
-55
-51
-50
-46
-42
-31
-21
-21
-23
-28
-28
-20
-9
-13
-20
-25
-31
-24
-16
-13
-11
0
4
8
10
13
20
23
24
21
21
25
29
28
31
37
40
40
29
19
14
17
27
28
28
34
35
34
36
38
31
30
29
32
34
28
26
15
17
15
14
14
10
15
22
26
38
38
39
35
27
31
34
42
40
34
25
24
31
36
45
47
38
34
33
35
33
34
30
33
38
42
42
39
44
43
42
46
51
45
45
53
64
70
66
63
57
58
59
67
71
65
63
61
59
65
58
45
45
47
57
56
55
49
42
46
55
56
49
44
39
31
33
35
33
26
16
21
20
17
18
24
29
33
26
22
15
11
8
9
7
11
13
12
11
0
1
0
-1
-2
-2
-7
-9
-15
-29
-29
-40
-41
-48
-51
-46
-43
-37
-43
-49
-45
-48
-41
-34
-28
-26
-25
-27
-25
-19
-18
-20
-20
-16
-18
-15
-17
-12
-14
-10
-6
-7
-2
3
8
11
12
17
20
19
12
9
12
13
15
15
19
23
19
8
9
14
19
33
37
31
23
22
27
27
21
13
7
2
3
-2
-5
-10
-16
-25
-21
-22
-24
-26
-33
-30
-28
-27
-28
-32
-43
-50
-49
-49
-51
-53
-59
-62
-70
-77
-70
-73
-70
-75
-81
-84
-80
-85
-91
-97
-97
-90
-83
-77
-79
-76
-76
-73
-71
-70
-68
-62
-58
-53
-50
-43
-37
-41
-51
-51
-43
-37
-24
-25
-20
-23
-22
-21
-29
-30
-21
-19
-17
-24
-30
-35
-42
-44
-45
-44
-36
-28
-28
-32
-35
-37
-35
-36
-45
-36
-28
-28
-35
-42
-39
-37
-24
-22
-22
-13
-10
-8
-4
1
2
-1
5
4
11
14
17
25
31
40
39
39
39
41
40
40
46
48
41
33
33
34
34
31
29
39
43
44
41
39
49
55
61
66
61
59
60
63
59
58
61
54
53
56
55
52
48
45
42
38
37
34
31
28
29
25
24
26
25
28
34
40
37
29
27
19
26
32
24
19
9
5
-1
6
7
11
14
8
9
5
5
14
16
10
9
-2
-1
0
-10
-12
-12
-8
-2
-4
-3
-2
4
1
1
12
12
10
7
3
8
9
7
9
17
19
17
14
13
11
12
16
15
10
15
18
19
23
25
32
42
39
34
36
39
50
50
50
51
52
58
62
60
63
58
51
49
49
49
55
49
40
47
44
46
40
28
21
17
15
17
9
-5
-13
-13
-16
-23
-29
-26
-20
-26
-35
-38
-34
-30
-30
-34
-40
-37
-37
-33
-41
-46
-38
-36
-34
-38
-43
-38
-37
-31
-32
-34
-26
-25
-20
-23
-26
-22
-9
-6
-11
-15
-18
-17
-22
-25
-25
-16
-14
-11
-8
-10
-5
-4
-13
-14
-15
-17
-15
-19
-25
-33
-32
-24
-23
-23
-26
-25
-15
-13
-24
-27
-29
-30
-28
-32
-33
-31
-30
-28
-37
-39
-37
-39
-36
-34
-36
-40
-39
-42
-44
-48
-49
-53
-49
-49
-43
-36
-39
-42
-49
-53
-59
-59
-58
-61
-50
-46
-43
-37
-39
-36
-30
-19
-19
-22
-24
-33
-21
-13
-11
-12
-14
-16
-10
-1
1
-1
-4
0
-3
-4
-1
-2
1
-3
-4
10
18
16
7
1
-1
-3
-1
-1
-1
3
10
13
10
17
13
15
12
8
17
15
17
22
23
23
26
25
24
22
21
26
31
35
33
33
30
28
32
32
31
32
33
35
30
29
28
23
23
19
21
23
20
16
11
22
26
21
18
18
23
25
24
30
39
39
34
27
22
23
20
25
34
37
38
33
30
27
27
27
30
29
22
12
11
8
9
4
7
13
12
14
14
16
14
21
13
3
6
6
11
15
14
10
9
4
-4
-3
-2
4
-1
0
5
3
-4
-12
-11
-11
-6
-8
-20
-17
-10
-11
-10
-12
-10
-8
-7
-11
-14
-16
-7
-5
-10
-10
-10
-7
-7
-11
-16
-12
-7
-9
-11
-15
-10
-7
-8
-4
-9
-7
-1
-1
2
5
8
8
6
11
18
24
23
17
10
12
22
31
41
52
54
52
50
47
44
45
47
51
45
42
49
49
55
63
58
54
53
46
52
60
67
68
72
67
56
51
45
42
46
51
44
38
27
21
27
25
25
20
16
17
31
44
40
34
21
8
8
2
1
-5
-16
-23
-25
-15
-21
-11
-9
-11
-11
-11
-9
-16
-20
-33
-42
-53
-59
-63
-60
-57
-58
-56
-49
-44
-46
-49
-49
-44
-36
-38
-35
-29
-30
-32
-38
-44
-44
-39
-31
-24
-23
-26
-35
-47
-49
-44
-47
-49
-51
-56
-59
-58
-52
-42
-40
-44
-50
-53
-55
-56
-52
-51
-46
-51
-55
-49
-44
-37
-34
-47
-48
-45
-50
-50
-52
-44
-30
-25
-25
-24
-18
-11
-12
-17
-19
-22
-22
-22
-15
1
9
24
27
29
36
42
40
38
42
52
57
51
42
40
44
53
53
41
35
41
48
52
61
73
70
54
45
44
51
57
46
42
39
41
55
47
37
27
29
29
25
22
19
16
15
11
1
-12
-22
-35
-46
-50
-51
-53
-55
-57
-57
-55
-58
-63
-67
-69
-67
-67
-66
-70
-67
-64
-61
-52
-57
-62
-64
-67
-73
-73
-75
-75
-69
-70
-63
-60
-54
-57
-59
-64
-71
-59
-45
-45
-40
-36
-28
-20
-13
-17
-21
-23
-29
-20
-8
2
3
-2
-4
15
35
42
42
37
39
40
45
46
53
60
69
68
61
55
46
46
43
43
48
54
45
37
31
36
48
47
47
41
31
30
34
32
28
31
24
20
20
23
29
30
23
17
23
21
17
15
18
29
34
35
26
23
17
11
10
5
13
22
35
30
23
17
13
13
4
-3
2
6
13
12
16
26
23
22
17
15
18
21
21
20
25
32
36
45
48
47
49
41
45
50
57
67
74
68
49
48
46
48
49
45
44
49
51
52
47
38
30
24
13
18
26
25
21
10
2
-2
-4
-17
-20
-28
-41
-31
-25
-26
-25
-28
-35
-37
-33
-34
-20
-6
-7
-6
-8
1
5
4
3
-3
5
4
0
-8
-13
-7
4
17
14
23
26
23
27
26
26
25
11
6
6
12
15
21
22
16
1
-13
-7
5
20
13
-2
-8
-11
-12
-9
-22
-29
-28
-29
-23
-21
-20
-23
-31
-41
-56
-64
-64
-71
-69
-73
-76
-78
-88
-94
-98
-90
-85
-82
-80
-76
-77
-84
-92
-92
-87
-78
-80
-78
-71
-66
-62
-62
-59
-68
-69
-58
-51
-44
-36
-33
-30
-37
-39
-38
-40
-36
-30
-25
-26
-22
-23
-25
-32
-33
-21
-11
-4
3
0
-7
-6
-8
-8
-10
-10
-4
-6
6
14
23
26
16
12
2
10
19
21
11
5
7
11
10
10
9
9
16
13
10
7
11
7
2
-6
-7
-1
-6
-1
6
14
8
4
12
23
30
21
13
1
-2
0
-8
-10
-12
-12
0
7
11
18
14
12
4
-2
-3
-12
-19
-21
-12
-6
-7
-18
-20
-17
-16
-6
-11
-7
-1
0
-5
-11
-18
-13
-9
-8
-5
-1
12
23
21
15
15
20
15
12
13
24
27
30
31
28
26
21
26
27
40
50
54
51
45
41
36
35
33
33
35
35
31
37
45
39
35
23
23
29
26
28
31
30
31
28
24
37
50
55
56
49
48
57
67
65
53
45
41
41
41
46
54
60
66
60
52
52
48
46
38
29
27
27
28
27
24
23
26
26
33
40
34
31
30
28
32
33
36
36
33
36
37
44
53
59
63
62
56
66
68
62
51
51
55
47
41
31
22
18
21
17
15
17
11
8
3
-2
-5
-14
-17
-21
-25
-24
-23
-27
-37
-41
-38
-30
-20
-19
-21
-25
-30
-28
-26
-27
-15
-6
-9
-20
-25
-29
-29
-32
-30
-25
-20
-13
-15
-19
-28
-30
-41
-49
-48
-38
-29
-25
-25
-27
-44
-50
-50
-54
-50
-46
-33
-24
-28
-35
-43
-46
-41
-36
-34
-33
-40
-41
-33
-21
-17
-27
-34
-36
-34
-27
-22
-17
-15
-23
-22
-28
-34
-39
-42
-42
-45
-34
-23
-18
-23
-39
-45
-48
-45
-33
-33
-39
-32
-33
-33
-35
-42
-36
-32
-26
-21
-30
-33
-38
-36
-35
-23
-19
-25
-34
-46
-43
-38
-35
-31
-25
-18
-22
-25
-28
-31
-38
-31
-25
-21
-6
-12
-14
-30
-35
-35
-29
-25
-31
-22
-21
-21
-16
-4
0
-4
-8
-15
-19
-19
-8
3
-2
-1
-10
-11
-4
3
8
12
11
7
8
0
2
7
9
3
0
1
14
25
17
9
5
3
4
1
6
10
8
7
3
1
10
17
15
11
6
9
17
19
11
18
23
21
20
19
19
20
29
29
42
52
55
51
38
27
22
22
28
32
29
23
18
16
21
27
34
32
21
16
9
12
4
14
28
31
21
15
14
10
12
20
26
28
22
9
3
4
2
10
6
5
5
5
7
6
5
-1
8
2
0
-1
11
19
14
4
-2
3
7
17
14
10
11
7
7
7
14
13
10
12
13
25
37
38
39
40
35
36
27
23
25
33
46
45
45
46
36
35
44
54
60
62
61
56
46
44
41
33
42
51
52
58
58
53
37
27
25
17
30
41
39
39
25
18
15
24
36
34
28
26
23
14
8
7
14
17
23
24
15
9
13
13
10
14
14
10
13
11
3
-8
-9
-6
-7
0
3
2
3
-5
-13
-18
-25
-35
-38
-44
-41
-33
-37
-36
-40
-49
-55
-51
-40
-38
-40
-41
-45
-50
-56
-69
-72
-75
-77
-71
-69
-58
-58
-60
-52
-46
-46
-53
-57
-54
-48
-47
-46
-41
-44
-40
-39
-38
-36
-30
-24
-27
-31
-28
-31
-35
-40
-34
-24
-25
-17
-14
-13
-18
-22
-16
-15
-13
-10
-12
-15
-12
-6
-9
-6
-5
-5
2
-2
-2
2
7
12
13
6
2
0
-8
-6
-4
7
4
1
-1
-2
-4
-8
-15
-26
-33
-26
-13
-15
-19
-19
-20
-13
-6
-6
3
7
6
-2
-13
-18
-20
-19
-19
-21
-25
-27
-15
1
9
13
7
3
-6
-5
-5
4
14
12
9
0
-5
-9
-11
-9
-9
-12
-14
-22
-36
-51
-51
-50
-47
-30
-20
-14
-19
-31
-34
-33
-27
-20
-16
-16
-20
-28
-40
-42
-44
-36
-20
-11
-6
-12
-14
-8
3
2
-4
-5
-8
-10
-21
-27
-28
-24
-14
-2
1
7
10
4
-2
-1
5
9
9
4
5
3
3
3
9
22
19
24
21
11
7
12
19
23
27
26
24
25
25
28
37
45
53
47
38
38
36
33
37
50
66
67
61
51
46
47
51
53
51
53
53
58
51
48
45
47
53
44
37
34
38
44
52
52
44
31
21
26
33
40
40
32
34
41
48
48
45
46
45
44
32
26
36
38
43
43
47
48
42
39
30
21
24
33
40
39
38
34
20
10
5
8
2
-10
-12
-11
-7
-6
-7
-7
-15
-13
-19
-26
-30
-27
-27
-25
-19
-24
-23
-28
-32
-29
-26
-20
-17
-7
-7
-7
-4
-4
-1
10
14
15
16
14
13
12
22
34
45
44
40
33
32
27
23
28
25
23
23
27
28
32
28
20
13
8
12
21
20
16
12
9
4
-1
-6
-13
-10
-13
-19
-17
-16
-18
-23
-23
-21
-35
-33
-29
-29
-22
-21
-24
-25
-27
-29
-30
-38
-49
-55
-54
-52
-44
-43
-37
-32
-34
-37
-44
-37
-30
-36
-35
-35
-27
-17
-21
-27
-27
-26
-19
-15
-13
-2
12
16
9
4
1
12
18
24
26
27
22
15
5
-3
1
11
13
11
9
1
-7
-10
-17
-16
-20
-29
-33
-40
-47
-53
-50
-46
-40
-42
-46
-43
-40
-43
-50
-52
-60
-67
-68
-62
-58
-56
-59
-53
-48
-53
-60
-64
-66
-59
-58
-63
-61
-62
-61
-53
-53
-50
-38
-28
-18
-20
-19
-19
-18
-14
-16
-16
-8
4
2
2
2
-3
9
15
19
24
25
34
36
33
26
25
21
21
29
33
33
28
25
29
42
53
48
40
25
16
17
26
35
38
32
15
6
3
6
1
-6
-12
-13
-15
-18
-20
-18
-19
-28
-37
-45
-39
-36
-43
-51
-48
-43
-43
-41
-45
-37
-31
-39
-44
-42
-38
-34
-37
-41
-37
-27
-12
-9
-6
-1
1
10
16
18
28
30
31
31
26
27
27
32
47
51
52
51
38
42
48
57
74
84
82
80
75
69
70
66
68
70
72
74
71
68
64
67
74
65
65
62
64
57
54
50
51
61
67
69
58
43
34
28
26
21
23
29
20
21
14
12
16
16
18
12
11
6
0
5
8
3
-2
-8
-10
-7
2
10
10
13
23
26
25
25
10
0
-2
-14
-17
-17
-27
-14
-7
3
6
1
1
-2
2
0
-1
3
5
2
-4
0
2
1
6
8
6
14
19
21
18
17
16
14
12
5
5
2
-3
-1
10
18
23
16
10
8
5
0
-3
-5
-10
-13
-13
-13
-16
-16
-17
-21
-25
-23
-16
-21
-26
-23
-27
-36
-41
-45
-50
-48
-37
-31
-29
-24
-18
-19
-26
-34
-37
-41
-40
-37
-30
-24
-28
-29
-30
-34
-35
-35
-24
-23
-20
-5
-3
-7
-17
-26
-27
-25
-23
-16
-18
-22
-15
-12
-8
-6
-4
-10
-8
-7
-7
-2
-4
-2
0
-2
-6
-9
-14
-19
-21
-26
-30
-30
-26
-27
-26
-28
-33
-33
-34
-33
-38
-38
-40
-46
-54
-61
-61
-63
-63
-63
-59
-58
-61
-67
-70
-70
-69
-70
-66
-58
-52
-45
-37
-32
-35
-42
-44
-44
-41
-32
-25
-19
-11
-5
-5
-14
-11
-2
6
22
25
21
29
29
27
28
27
25
30
33
30
29
34
36
31
31
39
41
39
38
33
34
29
29
28
29
31
26
24
21
14
10
7
7
6
4
-2
-12
-10
-9
-11
-8
-12
-13
-12
-16
-11
-13
-12
-5
-4
-10
-23
-27
-28
-24
-17
-7
-1
10
11
8
3
-12
-18
-18
-8
2
12
17
21
21
24
27
15
10
6
5
4
14
27
29
27
20
23
28
30
35
38
45
48
45
35
27
22
19
19
21
30
35
35
30
26
30
36
47
51
50
50
45
40
37
41
58
62
58
47
40
40
41
45
44
51
62
68
63
56
57
64
71
71
74
71
68
61
60
54
53
50
45
48
42
46
49
40
41
41
33
40
41
37
41
39
37
33
34
24
24
30
27
30
26
27
24
16
10
5
9
6
7
11
11
8
8
3
5
7
6
12
10
2
-3
-4
-1
1
0
0
6
10
4
-1
-6
-9
-9
-4
-2
2
-2
-9
-6
-2
3
-8
-18
-18
-21
-23
-27
-35
-32
-31
-37
-32
-30
-32
-41
-45
-44
-39
-30
-27
-33
-38
-42
-49
-54
-58
-54
-53
-50
-48
-52
-60
-57
-50
-45
-46
-45
-44
-45
-42
-48
-49
-57
-59
-62
-57
-50
-45
-42
-48
-48
-43
-37
-28
-26
-23
-22
-25
-32
-35
-31
-31
-27
-28
-32
-34
-30
-24
-26
-25
-21
-18
-16
-17
-21
-20
-18
-19
-14
-13
-16
-16
-24
-28
-28
-27
-24
-21
-18
-21
-22
-29
-33
-35
-38
-26
-28
-30
-29
-32
-29
-32
-28
-28
-29
-26
-25
-21
-17
-16
-18
-13
-14
-17
-12
-13
-15
-10
-4
-2
-2
-4
-7
-12
-15
-16
-14
-17
-20
-17
-29
-36
-40
-39
-32
-35
-34
-38
-42
-49
-59
-52
-50
-47
-49
-51
-56
-58
-61
-62
-59
-56
-48
-36
-34
-33
-37
-34
-20
-12
-9
-12
-13
-8
-7
-12
-15
-12
-8
-8
-4
-1
6
18
19
24
22
24
26
28
36
43
39
34
30
24
32
41
49
54
50
48
57
67
72
73
69
76
81
83
79
65
59
63
69
63
63
67
64
63
68
69
68
72
74
67
59
57
60
62
65
71
67
65
74
75
76
81
78
78
83
80
81
81
87
92
91
88
81
75
73
71
77
71
59
57
48
44
46
49
45
47
46
36
35
30
20
17
13
13
14
10
3
-6
-11
-15
-13
-11
-10
-13
-6
4
0
-6
-14
-20
-19
-12
-7
-9
-4
-4
-13
-15
-10
-13
-8
-6
-7
-8
-13
-16
-16
-15
-21
-25
-25
-19
-16
-14
-12
-18
-15
-17
-15
-22
-31
-28
-27
-26
-20
-17
-18
-12
-8
-8
-6
-4
-8
-6
-4
-4
0
-14
-16
-14
-11
-8
-19
-23
-27
-22
-15
-12
-12
-12
-16
-19
-19
-20
-22
-24
-22
-16
-15
-15
-13
-16
-7
-8
-13
-13
-16
-12
-9
-8
-11
-12
-10
-15
-16
-22
-31
-30
-24
-21
-26
-29
-23
-26
-28
-34
-45
-55
-56
-53
-48
-49
-48
-52
-56
-63
-61
-63
-61
-56
-59
-54
-55
-54
-54
-53
-55
-61
-62
-67
-69
-63
-61
-50
-48
-49
-42
-38
-32
-28
-29
-35
-36
-40
-40
-32
-25
-16
-8
-2
-1
0
3
7
12
15
4
-6
-15
-19
-20
-12
-15
-14
-11
-12
-10
-12
-6
-9
-4
3
5
1
-5
-9
-14
-15
-14
-27
-33
-30
-27
-24
-23
-27
-23
-20
-20
-16
-18
-14
-16
-13
-21
-28
-35
-40
-41
-44
-41
-38
-37
-31
-20
-17
-14
-17
-16
-10
-6
1
-1
-5
-5
5
7
13
13
15
24
20
22
29
32
35
43
41
37
32
32
35
37
44
46
51
51
51
44
48
52
54
53
46
37
37
42
44
47
43
42
38
40
36
39
36
30
33
37
42
40
44
38
38
33
21
22
27
26
24
20
19
26
27
29
32
33
29
29
24
26
27
26
33
29
29
23
30
30
32
41
43
46
45
41
44
53
55
53
55
52
61
64
60
59
56
58
61
67
75
80
79
79
76
68
62
64
61
63
57
52
46
46
48
46
52
53
55
45
46
45
37
31
31
30
25
34
23
24
22
17
11
6
-4
-11
-13
-23
-20
-15
-7
-2
-5
-10
-12
-10
-13
-16
-18
-20
-16
-13
-9
-21
-23
-24
-22
-20
-26
-23
-22
-17
-17
-16
-11
-14
-11
-12
-14
-8
-3
-4
-2
-6
-17
-22
-26
-26
-22
-15
-16
-17
-20
-28
-25
-21
-27
-25
-26
-25
-24
-20
-22
-27
-27
-29
-28
-32
-33
-36
-31
-26
-26
-26
-25
-34
-34
-30
-32
-31
-27
-27
-34
-29
-27
-26
-20
-25
-28
-31
-27
-26
-26
-24
-26
-36
-35
-35
-36
-27
-23
-27
-29
-38
-43
-44
-42
-36
-29
-28
-31
-39
-45
-49
-55
-48
-48
-46
-40
-40
-40
-35
-37
-37
-28
-24
-28
-31
-28
-20
-19
-24
-22
-25
-23
-16
-10
-6
-6
-6
-6
-4
-5
-9
-9
-9
-5
-4
1
2
-2
1
-9
-8
-13
-19
-17
-21
-19
-21
-21
-22
-26
-29
-26
-25
-22
-27
-29
-26
-38
-41
-49
-59
-62
-61
-56
-51
-48
-54
-57
-58
-53
-47
-51
-51
-58
-54
-53
-49
-45
-51
-54
-51
-43
-41
-37
-29
-22
-21
-23
-26
-29
-27
-17
-15
-12
-4
5
19
29
32
32
40
45
41
36
35
38
38
42
51
56
62
65
70
77
84
87
80
81
75
81
87
84
93
88
90
89
80
78
73
69
67
67
63
56
49
50
42
30
28
28
32
32
37
39
41
36
31
24
20
18
16
20
24
28
25
31
34
36
37
40
50
48
52
51
45
42
44
44
46
46
36
38
37
37
39
35
34
34
40
44
43
45
39
36
35
30
29
25
27
31
28
14
13
15
18
24
21
24
26
22
19
21
24
24
20
15
12
7
4
4
6
-8
-14
-15
-16
-15
-13
-14
-11
-13
-25
-33
-45
-40
-41
-39
-42
-42
-41
-43
-44
-49
-46
-38
-29
-30
-32
-37
-34
-36
-31
-27
-27
-23
-28
-20
-22
-17
-17
-20
-16
-8
-9
-8
-4
-7
5
7
10
11
8
11
12
13
14
13
16
12
8
10
7
11
9
5
6
5
11
17
19
15
9
6
7
10
4
2
1
-2
-7
-16
-27
-24
-27
-35
-43
-44
-43
-45
-41
-37
-38
-39
-43
-44
-51
-56
-63
-65
-63
-62
-62
-68
-65
-63
-52
-51
-46
-42
-50
-50
-48
-47
-46
-50
-50
-45
-51
-44
-39
-39
-32
-29
-25
-29
-30
-25
-16
-12
-14
-14
-11
-8
-4
-5
-9
-10
-11
-6
-1
-5
-8
-12
-15
-10
-10
-7
-8
-14
-15
-12
-11
-12
-11
-14
-21
-22
-29
-23
-20
-18
-12
-12
-16
-16
-16
-20
-23
-25
-25
-29
-29
-27
-17
-14
-15
-25
-28
-26
-24
-16
-17
-24
-25
-23
-19
-14
-7
-5
-1
-6
-6
-4
-2
0
-4
-5
-4
-6
0
2
-4
1
-9
-11
-8
-8
-8
2
6
3
1
-5
-2
-4
-9
-4
1
-7
-5
-4
-7
-5
-1
6
13
16
19
18
14
18
18
21
29
25
29
28
24
32
31
36
36
39
38
36
43
44
45
46
46
42
39
51
50
54
56
58
64
67
75
75
72
60
57
58
56
55
54
56
50
55
57
53
51
40
36
35
27
27
32
37
41
40
39
31
36
43
45
43
39
39
39
49
54
53
50
48
46
34
31
28
30
29
26
27
29
28
30
33
34
36
41
44
43
47
47
49
47
42
45
43
41
41
39
45
41
39
38
38
37
34
38
34
35
34
26
16
13
12
11
4
-5
-13
-17
-16
-18
-21
-29
-34
-31
-32
-38
-50
-59
-57
-54
-50
-50
-56
-62
-58
-56
-62
-56
-60
-74
-74
-66
-67
-64
-59
-61
-56
-51
-38
-34
-32
-30
-32
-25
-18
-14
-14
-13
-24
-30
-33
-35
-30
-25
-23
-21
-21
-19
-21
-27
-26
-25
-20
-16
-7
-8
-6
-13
-18
-18
-20
-16
-17
-12
-9
-3
-3
-9
-4
-5
-3
-5
-5
-12
-22
-27
-30
-17
-14
-6
-8
-11
-5
-2
2
4
-2
-3
1
-1
1
3
2
-1
-1
0
-2
-2
-2
0
-2
-5
-12
-14
-14
-16
-12
-13
-13
-9
-13
-15
-16
-14
-9
-4
4
5
-1
-3
-4
-2
-3
1
1
-4
-5
-4
-8
-12
-17
-22
-25
-26
-27
-26
-21
-18
-21
-26
-36
-41
-49
-54
-57
-48
-41
-44
-41
-53
-55
-52
-49
-47
-48
-43
-35
-30
-33
-38
-41
-38
-41
-35
-34
-38
-38
-32
-31
-27
-32
-38
-43
-40
-33
-28
-28
-31
-30
-23
-20
-15
-15
-17
-21
-24
-19
-15
-12
-12
-4
-7
-1
0
0
2
6
20
26
25
23
23
21
23
30
34
39
40
45
52
50
41
42
41
44
48
49
54
59
65
74
78
78
77
68
74
73
70
67
65
68
77
76
75
78
76
78
76
81
78
77
73
71
66
59
62
60
57
54
58
49
42
39
37
35
31
38
36
34
33
30
28
10
-1
0
-3
1
5
-3
-6
-11
-12
-13
-13
-15
-16
-15
-18
-19
-23
-19
-13
-11
-6
-6
-11
-9
-14
-21
-17
-13
-4
-6
-3
-6
-16
-14
-13
-10
-3
-4
-6
-5
-7
-6
-8
-11
-13
-9
-2
-7
-1
-3
-5
-8
-10
-11
-12
-15
-18
-10
-5
2
10
8
8
8
0
-6
-10
-19
-19
-21
-20
-27
-26
-19
-18
-6
-3
-2
-3
-10
-12
-8
-11
-8
-8
-17
-20
-18
-14
-8
-3
3
-1
-5
-6
-10
-7
2
4
4
4
2
6
-2
-3
-6
-7
-1
3
2
6
8
2
3
5
6
10
15
17
19
16
17
17
9
-1
-2
-1
1
4
-4
-2
0
-2
-1
-6
-1
-1
-4
-11
-9
-7
-9
-9
-20
-27
-24
-19
-13
-14
-13
-11
-11
-7
-12
-18
-19
-21
-21
-29
-37
-44
-47
-53
-56
-48
-46
-39
-44
-52
-52
-56
-48
-47
-50
-47
-45
-43
-44
-43
-44
-45
-49
-52
-53
-55
-54
-44
-38
-32
-31
-25
-19
-13
-11
-14
-13
-17
-11
-6
1
4
1
-1
-6
-11
-16
-12
-14
-8
-1
2
5
1
-3
-4
-11
-9
-5
-5
-3
-7
-9
-6
-1
-6
-3
-3
-1
4
7
12
14
14
10
12
12
12
10
16
16
15
16
19
22
15
15
14
10
13
15
14
11
16
15
16
18
14
12
14
13
3
0
2
9
7
4
2
-3
0
4
9
15
22
22
18
16
16
11
8
10
10
11
12
16
19
8
5
9
14
20
22
28
31
35
38
33
38
37
36
38
38
41
41
43
42
41
42
48
52
46
48
54
48
48
54
54
49
36
22
22
20
33
38
40
37
31
29
26
26
15
16
17
17
15
13
9
1
1
2
8
6
7
7
-3
3
10
10
12
15
9
0
1
6
8
15
18
13
8
5
10
14
24
23
25
25
19
16
12
19
22
30
27
28
24
16
10
10
20
21
21
17
6
-1
-7
-10
-9
-13
-8
-5
-2
-5
-7
-9
-5
-1
-1
3
1
0
-1
0
-5
-7
-13
-14
-14
-18
-19
-24
-25
-26
-27
-33
-32
-33
-36
-21
-21
-15
-14
-19
-19
-22
-19
-18
-12
-13
-3
4
4
4
1
5
2
8
10
18
27
26
26
28
22
20
25
26
25
25
35
27
19
18
13
14
11
9
0
0
1
-4
5
4
-7
-6
-16
-20
-25
-26
-27
-30
-35
-37
-41
-44
-42
-44
-43
-39
-40
-45
-36
-38
-31
-28
-26
-28
-25
-23
-22
-13
-16
-12
-15
-20
-17
-20
-21
-20
-16
-13
-10
-16
-13
-3
-5
-5
-4
-5
-5
-10
-7
-9
-10
-14
-17
-11
-10
-9
-8
-7
-2
-9
-8
-12
-19
-18
-18
-18
-21
-26
-25
-24
-25
-22
-20
-22
-27
-36
-34
-32
-34
-34
-44
-52
-58
-58
-51
-46
-40
-35
-31
-33
-39
-39
-27
-26
-22
-10
-10
-7
-11
-16
-21
-21
-15
-11
-11
-13
-7
-10
-18
-11
-19
-18
-14
-18
-12
-7
-4
0
1
-4
-4
-4
5
8
6
6
2
6
0
4
14
11
12
11
7
4
3
-2
2
4
-2
-5
-6
-1
6
8
6
-6
-2
0
5
16
12
9
11
7
14
19
12
11
7
13
23
21
24
22
16
23
21
20
25
21
24
28
23
30
26
21
16
16
20
20
20
24
24
18
16
11
16
18
21
23
33
34
38
39
26
21
19
22
22
23
23
22
24
29
28
24
23
25
27
27
22
30
38
38
49
53
53
59
58
57
62
63
63
63
56
55
58
52
51
48
43
38
31
28
30
30
26
25
17
13
16
9
11
9
5
10
13
10
6
-2
-7
-8
-10
-11
-8
-8
-8
-8
-9
-18
-16
-11
-14
-9
-3
-1
-1
-2
-2
-1
3
6
10
11
11
8
12
14
8
9
10
16
17
13
14
16
16
19
22
23
24
31
30
33
34
24
17
14
17
13
10
3
5
10
17
21
25
25
14
3
-1
-5
-15
-16
-17
-19
-24
-25
-26
-18
-17
-17
-22
-26
-29
-41
-40
-44
-56
-56
-54
-52
-59
-62
-56
-50
-48
-47
-45
-43
-40
-40
-43
-47
-45
-46
-47
-49
-51
-42
-42
-42
-39
-34
-27
-27
-26
-31
-34
-35
-32
-25
-20
-11
-14
-19
-23
-28
-27
-31
-31
-33
-27
-21
-24
-23
-30
-32
-35
-38
-31
-29
-36
-37
-35
-45
-50
-51
-60
-64
-58
-60
-63
-60
-69
-72
-78
-77
-72
-68
-70
-77
-79
-82
-83
-89
-83
-79
-76
-69
-69
-64
-64
-63
-66
-71
-65
-62
-57
-48
-38
-31
-29
-26
-28
-24
-22
-19
-15
-15
-11
-8
-6
-2
1
8
16
16
24
28
39
41
43
42
38
38
35
40
41
49
51
54
56
56
51
53
53
50
53
53
53
56
52
55
58
62
68
64
60
48
45
48
53
48
49
49
39
39
37
33
31
33
31
31
31
32
31
26
22
23
27
25
28
27
28
30
31
24
24
21
26
22
26
31
24
23
19
22
20
17
20
15
13
10
4
9
19
27
30
27
18
16
12
16
31
36
44
43
40
41
38
31
33
30
32
32
34
38
39
38
41
45
48
53
55
55
55
52
50
53
48
50
48
42
47
52
54
54
54
48
45
44
48
52
55
57
50
49
45
47
51
48
55
54
49
48
48
47
43
41
42
38
30
34
28
27
26
22
17
17
13
8
8
12
11
10
10
9
8
9
13
15
15
16
17
7
3
3
4
6
10
10
13
15
12
17
16
19
10
4
13
9
5
5
0
-5
-4
-6
-9
-14
-13
-9
-14
-20
-17
-21
-25
-34
-47
-50
-55
-51
-49
-49
-49
-47
-50
-55
-47
-51
-55
-60
-67
-61
-61
-64
-61
-67
-71
-73
-75
-69
-69
-66
-69
-70
-73
-73
-77
-79
-81
-83
-82
-85
-84
-84
-81
-75
-71
-74
-78
-83
-85
-87
-89
-91
-90
-91
-94
-90
-85
-84
-77
-82
-83
-76
-76
-72
-68
-67
-69
-71
-71
-65
-60
-59
-62
-50
-49
-48
-41
-42
-45
-42
-47
-50
-41
-38
-33
-31
-34
-37
-42
-39
-31
-27
-24
-22
-19
-18
-18
-20
-22
-18
-15
-7
-9
-8
-8
-9
-6
-7
-1
-3
-3
2
7
9
11
20
18
18
13
5
5
4
3
4
11
21
20
23
23
20
23
24
23
20
22
16
12
19
22
13
12
11
14
21
19
22
24
22
19
23
31
33
35
37
34
31
32
43
42
45
51
48
51
54
56
59
53
53
51
53
54
50
54
57
54
49
44
40
41
40
40
41
35
37
30
36
33
31
37
36
34
39
41
35
37
34
41
38
33
29
31
38
34
42
43
49
51
51
53
48
50
44
47
44
48
57
55
61
67
69
69
66
62
62
58
60
58
56
49
43
46
55
51
51
58
56
57
52
52
53
53
56
56
50
35
24
28
26
28
31
34
32
34
31
28
25
19
14
12
14
12
14
17
16
15
10
9
8
9
8
7
4
-3
-1
-4
-8
-13
-16
-22
-21
-20
-19
-15
-19
-16
-20
-23
-25
-27
-22
-21
-23
-22
-21
-14
-10
-16
-16
-22
-26
-28
-29
-35
-37
-37
-30
-30
-28
-13
-7
0
-8
-11
-15
-22
-22
-23
-22
-20
-21
-26
-30
-27
-25
-25
-26
-33
-33
-32
-37
-38
-39
-44
-52
-49
-48
-51
-50
-48
-58
-58
-68
-70
-67
-72
-70
-73
-75
-73
-72
-73
-69
-65
-59
-61
-59
-59
-65
-70
-75
-83
-83
-76
-73
-71
-67
-64
-62
-68
-69
-67
-69
-68
-74
-77
-74
-69
-66
-64
-64
-63
-61
-74
-79
-82
-84
-77
-72
-67
-72
-70
-70
-67
-65
-57
-55
-51
-47
-52
-45
-43
-37
-36
-36
-30
-30
-31
-22
-27
-23
-16
-13
-11
-13
-5
-8
-4
-10
-12
-10
-12
-10
-8
-2
-4
0
10
13
14
15
18
20
25
35
37
40
46
53
53
56
57
59
66
63
66
71
74
79
81
84
82
84
82
86
90
88
89
85
86
82
79
83
74
76
80
81
76
68
62
61
67
64
64
61
51
45
39
38
34
38
37
40
43
40
40
35
32
34
31
28
27
26
26
22
28
23
19
20
22
22
21
23
29
28
23
26
22
9
7
12
14
8
2
11
17
19
17
21
24
24
32
30
32
33
34
34
26
28
32
33
32
31
35
40
44
46
48
44
47
44
39
45
42
44
45
45
47
46
47
43
35
33
29
26
27
28
25
20
14
14
18
21
19
16
11
11
7
1
-1
-4
-6
-8
-9
-6
-3
-3
-10
-21
-23
-20
-24
-20
-26
-22
-19
-18
-11
-7
-14
-13
-11
-16
-15
-24
-20
-22
-28
-26
-29
-29
-28
-25
-26
-26
-32
-35
-37
-35
-35
-37
-38
-43
-41
-44
-43
-40
-39
-39
-38
-35
-31
-29
-23
-26
-28
-25
-26
-21
-25
-25
-25
-22
-21
-21
-23
-28
-25
-21
-16
-9
-3
-2
-2
-1
-5
-5
-12
-13
-16
-15
-8
-9
-8
-8
-6
-7
-10
-11
-11
-7
-6
-9
-12
-13
-24
-24
-28
-30
-32
-33
-32
-30
-25
-23
-15
-17
-14
-18
-16
-20
-30
-28
-33
-32
-37
-43
-40
-37
-35
-30
-33
-25
-24
-22
-18
-20
-20
-23
-25
-25
-26
-31
-35
-39
-42
-39
-30
-28
-22
-22
-18
-14
-13
-18
-27
-30
-29
-29
-29
-33
-34
-32
-33
-32
-35
-35
-43
-40
-31
-25
-17
-21
-22
-22
-22
-21
-20
-14
-10
-10
-8
-9
-10
-10
-10
-10
-3
-2
-3
-2
0
1
1
5
6
14
9
11
8
8
10
9
12
14
18
25
32
32
35
27
25
29
27
29
30
33
41
34
33
33
31
33
37
40
44
46
43
45
35
37
34
33
35
37
35
40
42
36
39
40
39
36
31
27
29
27
22
24
23
21
21
17
18
21
23
18
23
23
19
20
13
6
9
16
21
24
19
25
28
24
31
31
30
34
37
42
41
40
46
43
38
30
29
32
39
38
37
39
40
44
41
45
40
33
31
32
36
35
36
31
27
27
26
25
19
20
15
11
9
0
-3
1
-2
-3
-1
-1
3
-1
-9
-14
-12
-9
-12
-11
-16
-22
-19
-15
-13
-15
-16
-11
-13
-15
-12
-15
-15
-13
-12
-14
-17
-13
-11
-13
-10
-12
-14
-14
-20
-24
-26
-29
-31
-31
-29
-26
-19
-15
-14
-14
-9
-5
-9
-9
-5
-3
5
7
-2
5
5
12
17
11
11
13
12
4
5
4
0
-2
4
-3
-3
-4
-8
0
-4
-7
-12
-8
-5
-6
-5
-11
-12
-19
-24
-22
-20
-22
-20
-21
-24
-22
-22
-15
-13
-22
-21
-18
-17
-21
-22
-26
-31
-29
-25
-19
-20
-20
-19
-21
-17
-14
-5
-3
-3
3
5
1
0
4
5
5
0
4
5
4
-4
-3
-6
-9
-8
-6
-2
-4
0
-4
-4
-4
2
3
1
7
6
8
0
-3
-3
-10
-11
-4
-7
-7
-6
-5
-4
-11
-14
-16
-18
-22
-23
-23
-19
-18
-23
-23
-24
-31
-24
-26
-34
-29
-30
-29
-28
-23
-26
-25
-25
-30
-29
-30
-27
-24
-27
-32
-36
-40
-38
-36
-36
-29
-31
-34
-34
-38
-27
-24
-25
-21
-20
-20
-18
-15
-13
-14
-14
-15
-17
-14
-19
-20
-12
-13
-10
-11
-16
-16
-15
-13
-15
-13
-13
-12
-9
-2
-1
-3
-4
1
3
2
-1
-1
2
4
7
12
11
13
17
11
14
9
8
9
9
14
11
14
13
17
17
15
21
21
24
34
28
28
25
23
26
18
12
11
12
9
12
18
21
18
18
18
23
25
31
27
25
25
19
20
23
29
30
33
42
47
45
50
49
53
57
54
65
63
58
63
54
55
57
53
54
63
63
65
67
61
60
56
58
59
55
49
43
40
37
28
28
24
27
22
14
15
9
6
3
1
-4
-7
-5
-8
-13
-9
-10
-8
-9
-11
-12
-18
-18
-23
-30
-26
-27
-23
-18
-18
-14
-13
-10
-12
-16
-13
-14
-17
-13
-14
-17
-15
-14
-14
-11
-4
4
3
5
9
8
6
7
2
13
16
17
27
28
30
35
31
31
38
36
36
35
39
42
42
42
45
41
41
48
51
58
50
50
47
41
39
42
36
34
28
23
26
26
33
33
30
32
31
30
29
29
21
11
7
10
2
-9
-16
-17
-15
-16
-12
-11
-12
-15
-19
-22
-24
-25
-23
-22
-20
-16
-20
-28
-30
-38
-40
-39
-32
-29
-26
-24
-24
-22
-24
-26
-22
-23
-21
-21
-25
-18
-23
-25
-23
-24
-21
-18
-17
-15
-21
-25
-21
-24
-21
-31
-36
-39
-40
-43
-42
-39
-43
-46
-52
-53
-58
-55
-55
-56
-51
-50
-59
-65
-66
-60
-55
-50
-47
-44
-45
-40
-37
-33
-32
-32
-25
-29
-30
-36
-41
-38
-33
-29
-29
-27
-21
-22
-14
-18
-21
-17
-18
-17
-13
-8
-11
-13
-22
-24
-25
-26
-31
-32
-23
-21
-25
-29
-27
-24
-19
-18
-21
-26
-23
-21
-14
-10
-17
-14
-17
-16
-17
-14
-13
-21
-16
-16
-13
-12
-17
-17
-15
-11
-4
-8
-11
-2
-7
-3
-1
-6
-2
-4
-8
-4
-7
-7
-5
-7
-2
-1
4
8
6
8
11
11
6
0
4
7
6
9
5
7
10
10
5
0
3
-2
0
4
4
-3
0
5
1
3
-1
-7
-8
-1
4
7
11
7
7
11
13
11
11
17
20
31
33
31
29
20
21
23
30
33
32
35
40
39
44
45
44
42
48
46
43
45
41
44
43
48
47
51
53
49
52
55
55
58
56
48
39
32
27
23
20
24
24
25
27
33
34
34
31
29
33
28
29
22
23
19
18
23
16
21
23
29
34
37
37
40
45
40
37
35
33
33
35
38
42
47
48
52
51
48
47
48
50
51
54
55
49
44
47
39
39
37
36
35
34
35
31
27
23
23
12
9
10
6
3
1
4
2
0
-6
-9
-15
-21
-20
-20
-21
-25
-23
-22
-23
-24
-27
-24
-18
-16
-7
-12
-24
-24
-28
-33
-32
-36
-30
-32
-28
-22
-27
-26
-24
-17
-16
-13
-12
-18
-17
-25
-28
-22
-24
-24
-25
-22
-23
-20
-16
-20
-24
-28
-29
-34
-30
-29
-24
-25
-34
-37
-40
-39
-35
-36
-43
-44
-42
-41
-33
-30
-30
-29
-37
-39
-43
-45
-48
-48
-50
-50
-49
-51
-47
-44
-48
-51
-56
-60
-63
-62
-59
-63
-64
-70
-71
-63
-61
-63
-57
-59
-51
-52
-54
-51
-53
-49
-49
-48
-45
-50
-40
-34
-37
-37
-42
-37
-36
-36
-36
-30
-25
-19
-17
-15
-20
-18
-9
-12
-16
-19
-25
-28
-35
-41
-49
-55
-52
-50
-55
-55
-61
-56
-43
-46
-38
-42
-44
-47
-50
-51
-52
-48
-50
-45
-42
-36
-34
-32
-30
-28
-23
-18
-12
-9
-9
-10
-6
-2
8
12
11
7
13
17
19
29
33
36
41
45
41
44
51
48
50
52
57
65
71
74
74
76
75
76
72
67
72
73
68
70
71
64
60
56
52
54
48
51
51
49
52
50
45
46
47
48
47
45
44
39
32
26
26
28
22
27
30
28
24
21
20
23
25
27
28
27
24
26
25
22
20
16
17
15
15
17
14
16
24
30
39
43
50
51
47
48
44
41
41
44
45
42
47
48
50
54
60
57
57
57
58
54
47
47
49
52
50
43
39
33
28
28
24
21
16
13
12
10
4
-6
-6
-6
8
11
8
13
8
9
15
19
19
21
27
26
22
21
22
21
18
25
27
34
39
37
38
37
39
37
34
33
31
33
31
26
21
23
20
18
23
27
25
21
30
33
24
26
29
22
21
21
18
9
-2
-9
-8
-8
-5
-3
1
-1
-6
-6
-7
-9
-8
-9
-14
-20
-19
-12
-13
-21
-27
-32
-41
-40
-43
-50
-51
-57
-55
-52
-58
-57
-62
-67
-72
-66
-68
-67
-73
-75
-75
-75
-65
-74
-75
-76
-80
-79
-80
-76
-72
-75
-75
-74
-74
-74
-75
-67
-73
-71
-66
-65
-67
-65
-68
-75
-70
-70
-63
-62
-53
-46
-45
-46
-52
-53
-57
-54
-51
-59
-60
-57
-60
-61
-65
-60
-63
-66
-60
-57
-50
-42
-38
-36
-35
-38
-34
-34
-34
-33
-31
-27
-24
-18
-10
-7
-2
-3
-2
0
-5
-2
-6
-8
-9
-11
-16
-11
-5
3
2
3
10
2
5
5
5
6
4
9
11
7
7
9
6
13
14
16
20
23
31
25
25
29
27
28
27
26
29
27
21
19
14
16
17
19
23
18
20
22
27
26
31
31
29
30
28
27
24
28
27
36
37
38
33
33
32
35
40
36
42
39
42
44
46
42
43
46
42
46
42
44
43
39
44
42
43
43
41
40
36
32
31
29
24
20
16
22
20
18
22
21
24
20
16
14
12
10
5
3
3
5
8
12
10
5
8
7
13
21
24
27
26
26
27
24
25
29
27
27
30
29
32
37
41
37
37
40
42
42
47
48
44
47
45
46
46
44
43
42
42
43
36
36
36
33
30
35
43
44
49
47
45
39
35
32
24
14
13
11
4
1
0
-2
-3
-1
-4
0
4
-3
1
-5
-5
3
-7
0
3
7
11
3
7
9
3
-1
2
-1
-1
3
3
4
5
4
3
5
4
-3
-8
-12
-12
-16
-22
-17
-19
-24
-27
-27
-28
-27
-33
-37
-36
-42
-47
-45
-48
-53
-56
-55
-56
-51
-51
-51
-51
-52
-54
-54
-48
-50
-51
-51
-49
-49
-43
-37
-41
-41
-38
-40
-41
-38
-35
-32
-39
-43
-46
-54
-56
-55
-56
-59
-52
-50
-41
-45
-48
-41
-43
-41
-44
-53
-52
-53
-56
-53
-58
-59
-58
-57
-55
-53
-47
-46
-48
-53
-53
-45
-40
-44
-45
-50
-49
-45
-44
-35
-37
-34
-34
-34
-38
-41
-44
-40
-40
-42
-33
-30
-24
-21
-21
-14
-13
-19
-16
-15
-14
-12
-11
-4
0
1
3
5
5
11
13
5
16
14
8
8
7
14
17
22
22
23
24
28
27
22
22
21
21
23
26
27
30
32
28
25
26
22
25
33
29
27
25
14
19
19
16
21
22
26
34
36
33
31
28
27
30
31
39
34
33
36
38
39
39
38
36
41
39
39
40
42
41
39
42
45
45
42
45
42
38
42
48
45
51
54
48
46
39
32
28
23
19
19
19
21
29
27
24
21
16
14
7
10
13
12
21
19
23
25
23
19
