-35
-52
-44
-45
-44
-45
-41
-41
-32
-37
-37
-34
-37
-43
-46
-45
-40
-42
-44
-50
-50
-52
-53
-53
-50
-48
-48
-41
-40
-37
-32
-33
-31
-32
-39
-42
-41
-38
-35
-30
-27
-22
-15
-14
-9
-10
-16
-16
-20
-20
-20
-22
-29
-28
-27
-25
-17
-13
-7
-1
0
1
-1
-2
-8
-7
-2
-5
-5
-8
1
11
18
26
23
22
25
28
26
25
24
22
14
8
10
7
8
9
8
8
12
11
5
4
-3
0
-5
-15
-11
-9
-8
-12
-6
1
3
3
7
13
18
18
12
17
14
17
14
12
18
20
25
33
32
29
34
34
34
27
24
17
12
4
2
1
-4
-2
-3
4
7
10
17
16
23
23
23
29
29
33
34
35
38
39
47
48
56
64
66
70
74
80
82
82
79
83
82
79
85
90
89
90
87
84
75
71
67
63
64
61
65
65
63
55
50
52
51
45
37
36
34
39
44
45
44
45
44
42
44
49
53
53
51
54
48
47
46
42
45
45
42
34
31
26
21
17
15
12
10
11
3
-2
-7
-7
-6
-6
1
-1
2
1
-1
0
-5
-6
-7
-9
-8
-3
-3
3
10
11
18
22
20
21
26
22
28
26
23
27
30
36
32
34
37
33
36
35
29
27
14
13
15
6
4
3
6
4
2
4
-7
-7
-14
-26
-26
-33
-34
-32
-42
-49
-54
-59
-60
-54
-50
-56
-64
-66
-72
-73
-79
-80
-86
-90
-85
-75
-76
-77
-74
-78
-77
-74
-71
-73
-72
-71
-73
-74
-70
-64
-58
-62
-54
-51
-51
-48
-45
-43
-50
-55
-51
-49
-43
-45
-49
-43
-45
-33
-36
-30
-29
-34
-31
-32
-31
-32
-31
-29
-28
-34
-28
-28
-22
-22
-22
-20
-25
-19
-24
-26
-29
-37
-31
-29
-28
-26
-26
-28
-30
-31
-39
-44
-46
-53
-56
-60
-66
-67
-64
-64
-61
-54
-51
-56
-53
-54
-53
-59
-60
-60
-56
-45
-43
-39
-32
-25
-20
-20
-11
-4
0
7
8
9
9
11
14
21
25
21
21
24
20
20
17
16
17
15
10
5
7
1
6
12
14
21
22
21
26
30
29
24
18
20
22
21
12
10
7
10
14
12
18
22
26
28
23
27
28
22
16
15
12
13
19
17
21
17
17
23
23
36
27
22
20
19
24
22
21
17
17
16
21
30
35
36
41
40
43
43
40
42
38
42
46
48
47
44
46
52
58
66
75
71
71
70
70
71
74
74
74
78
75
73
79
79
84
88
89
89
83
80
81
84
81
71
65
68
64
58
56
56
58
57
64
64
62
58
55
54
52
45
39
37
33
34
34
32
27
24
27
28
29
26
31
27
16
11
9
3
-7
-12
-14
-21
-27
-31
-31
-29
-32
-35
-34
-41
-44
-45
-52
-49
-53
-56
-54
-54
-55
-56
-53
-53
-54
-49
-50
-44
-41
-45
-42
-46
-53
-54
-50
-47
-41
-36
-29
-22
-18
-11
-10
-14
-11
-14
-20
-18
-19
-16
-18
-18
-17
-21
-22
-22
-19
-23
-26
-25
-25
-23
-26
-29
-35
-30
-33
-33
-31
-39
-36
-37
-33
-28
-20
-23
-29
-19
-23
-19
-13
-14
-20
-15
-21
-16
-15
-22
-14
-20
-17
-11
-7
-6
-7
-4
-3
-6
0
4
0
1
-4
-11
-14
-21
-26
-29
-25
-23
-22
-20
-29
-30
-28
-30
-27
-24
-21
-24
-25
-26
-26
-24
-26
-30
-29
-27
-25
-28
-29
-30
-32
-27
-25
-29
-28
-28
-31
-30
-34
-33
-35
-35
-34
-33
-35
-32
-37
-36
-43
-52
-46
-43
-38
-28
-32
-33
-32
-40
-39
-42
-41
-42
-44
-39
-34
-33
-28
-24
-24
-26
-24
-23
-26
-25
-21
-21
-18
-16
-13
-8
-2
0
7
9
16
17
18
20
27
31
31
34
33
46
50
57
51
54
59
55
58
51
58
49
50
54
55
58
52
52
51
46
46
51
50
49
45
41
39
43
47
50
46
48
43
41
42
39
40
35
33
36
40
40
36
38
41
45
49
47
40
34
31
36
35
28
28
24
18
14
13
12
17
16
17
19
28
28
31
32
27
30
20
16
14
15
15
15
12
16
15
12
18
21
23
25
28
26
26
22
22
19
14
14
15
18
17
14
10
14
16
19
27
30
36
34
30
28
26
18
9
7
5
4
2
-1
-2
-3
-2
-2
-1
-1
3
1
-6
2
2
0
0
2
-1
-3
-3
-3
4
1
8
10
13
20
19
26
23
31
25
39
24
51
-16
-142
-124
-122
-118
-119
-121
-116
-119
-114
-111
-107
-97
-91
-84
-74
-71
-66
-54
-54
-53
-47
-50
-43
-46
-47
-37
-30
-25
-24
-28
-25
-20
-17
-9
-5
-6
-7
-4
-1
0
-3
-1
1
1
3
4
9
8
12
17
13
11
15
16
16
21
24
26
23
26
31
37
38
34
28
23
16
9
5
-8
-11
-11
-9
-10
-7
-9
-10
-8
-12
-12
-18
-24
-33
-34
-37
-38
-31
-37
-40
-38
-34
-28
-21
-22
-22
-24
-31
-31
-33
-35
-33
-31
-26
-16
-13
-11
-15
-15
-12
-8
0
4
11
23
27
37
42
49
58
65
70
75
80
84
96
96
102
100
97
104
106
113
119
118
117
109
102
101
93
87
86
92
90
89
90
82
78
73
71
66
63
58
52
38
36
36
29
29
30
30
21
20
20
15
15
10
4
-1
-2
-1
-7
-14
-14
-14
-17
-13
-9
-9
-10
-7
-14
-20
-19
-23
-16
-21
-23
-21
-23
-24
-23
-15
-12
-12
-9
-14
-13
-17
-21
-18
-16
-8
-9
-9
-11
-16
-18
-21
-29
-29
-36
-38
-41
-40
-42
-45
-41
-44
-45
-51
-48
-44
-48
-51
-52
-51
-51
-50
-50
-54
-60
-54
-59
-58
-50
-47
-51
-51
-47
-43
-39
-38
-38
-31
-34
-30
-31
-35
-31
-28
-21
-16
-13
-20
-17
-17
-17
-13
-17
-17
-11
-10
-3
2
6
5
3
0
-2
-7
1
1
-3
-1
-1
-7
-13
-8
-19
-22
-25
-25
-27
-27
-30
-32
-34
-38
-35
-41
-37
-33
-35
-40
-42
-39
-43
-36
-31
-31
-31
-35
-32
-30
-32
-30
-28
-25
-25
-19
-17
-16
-19
-25
-24
-25
-18
-17
-16
-13
-14
-15
-15
-9
-16
-9
-5
-11
-6
-6
-2
2
4
6
5
12
10
9
10
10
8
11
11
4
-5
-12
-10
-9
-7
-7
-2
-6
-8
-11
-18
-19
-26
-29
-29
-31
-29
-31
-27
-22
-15
-2
1
6
9
10
15
9
10
7
6
1
2
-2
-9
-2
-1
5
7
16
22
20
24
29
33
32
28
29
25
23
26
29
34
33
35
40
41
38
45
43
42
41
35
38
38
47
51
60
61
66
66
65
65
71
67
64
64
61
60
55
50
49
44
40
46
43
38
32
32
30
30
32
32
29
32
26
28
30
24
27
28
29
32
29
23
30
23
12
18
12
14
19
17
18
21
25
27
22
23
27
30
35
32
34
31
35
36
38
38
39
43
41
45
41
42
40
27
22
26
29
30
28
29
28
25
20
17
12
16
11
12
18
7
8
5
6
8
7
6
6
5
-3
-1
-5
-10
-15
-26
-27
-31
-34
-32
-40
-35
-35
-40
-41
-45
-43
-50
-56
-58
-58
-59
-66
-65
-59
-59
-52
-52
-46
-38
-36
-32
-36
-27
-27
-20
-22
-25
-28
-30
-28
-31
-29
-30
-31
-28
-23
-22
-24
-23
-23
-20
-15
-16
-14
-16
-27
-27
-24
-25
-24
-25
-29
-24
-23
-19
-19
-17
-13
-13
-12
-10
-3
-7
-6
-5
-8
-6
-5
-10
-12
-15
-19
-19
-20
-21
-29
-33
-29
-37
-41
-45
-48
-46
-48
-48
-53
-56
-55
-59
-62
-59
-65
-69
-70
-70
-59
-54
-50
-49
-43
-35
-36
-35
-46
-45
-47
-51
-49
-47
-47
-52
-49
-44
-33
-26
-30
-29
-25
-27
-18
-19
-20
-19
-20
-15
-12
-7
-1
4
14
18
25
30
26
26
29
33
36
37
38
38
44
46
44
40
35
41
42
40
41
36
30
29
25
15
13
9
5
5
4
-3
-5
-7
-16
-15
-12
-19
-35
-38
-40
-41
-42
-52
-44
-39
-41
-30
-26
-22
-14
-17
-17
-12
-14
-15
-9
-1
-3
6
9
10
20
28
35
41
48
49
52
52
53
59
59
58
58
61
56
58
56
58
58
58
63
68
66
62
68
65
65
68
61
53
55
54
56
55
53
60
64
70
67
65
63
65
62
59
60
55
52
57
59
56
58
54
50
48
56
53
48
45
42
42
34
31
37
41
50
46
44
47
38
39
38
30
26
26
31
31
36
35
31
28
32
34
25
25
25
26
24
23
20
22
20
15
19
24
24
22
25
24
27
24
21
22
18
18
13
6
4
3
1
-1
0
1
2
1
-1
0
-3
-4
-5
-11
-11
-13
-9
-11
-15
-15
-18
-16
-26
-28
-23
-26
-25
-27
-34
-37
-38
-45
-51
-50
-53
-55
-56
-53
-53
-45
-45
-41
-39
-37
-38
-41
-40
-41
-40
-45
-44
-47
-47
-45
-40
-35
-34
-38
-40
-41
-44
-43
-39
-40
-45
-41
-40
-41
-42
-45
-43
-39
-39
-45
-47
-48
-44
-40
-40
-34
-32
-31
-28
-27
-25
-23
-21
-25
-26
-27
-37
-32
-31
-37
-38
-38
-34
-24
-26
-25
-26
-26
-29
-30
-36
-35
-29
-36
-36
-39
-37
-40
-44
-41
-42
-39
-36
-37
-39
-43
-48
-51
-53
-46
-50
-55
-54
-56
-52
-48
-51
-50
-47
-41
-39
-37
-29
-27
-25
-22
-22
-14
-8
-11
-5
0
-1
-2
6
10
12
15
12
13
15
22
34
33
34
39
40
40
46
47
47
49
53
48
48
50
47
41
45
53
54
52
46
48
40
41
39
38
42
41
51
52
48
42
44
35
32
32
22
18
10
10
11
10
8
8
7
-1
1
-4
-6
-3
-5
-1
-7
-11
-11
-12
-18
-16
-11
-12
-15
-13
-16
-11
-1
-6
-6
-3
-3
-4
-1
-1
-3
-9
-9
-8
-3
8
11
13
17
22
23
28
31
30
27
28
32
34
35
37
40
46
50
50
52
51
52
56
51
45
44
43
45
46
47
46
52
55
54
47
51
40
33
30
27
33
25
30
27
25
24
24
26
21
27
29
31
32
28
28
31
20
20
17
11
18
20
22
23
19
13
11
11
8
7
2
-3
-3
-7
-6
-5
-10
-13
-13
-8
0
0
-1
1
-2
-4
-2
-6
-8
-8
-8
-6
-4
5
8
7
6
0
1
-3
-7
-7
-14
-9
-9
-9
-5
-5
2
-4
0
0
-10
-8
-8
-12
-15
-12
-16
-12
-14
-16
-9
-10
-16
-15
-15
-12
-16
-20
-23
-24
-22
-25
-27
-37
-46
-47
-47
-45
-44
-47
-40
-41
-38
-38
-37
-31
-37
-36
-39
-43
-44
-47
-44
-39
-30
-22
-16
-19
-21
-24
-25
-21
-21
-22
-25
-16
-15
-11
-9
-6
2
-1
3
-1
4
10
7
8
10
11
14
15
11
11
10
15
14
10
10
11
6
8
9
7
3
-2
-9
-9
-8
-14
-14
-21
-24
-22
-33
-37
-38
-45
-43
-49
-53
-56
-55
-56
-62
-55
-58
-55
-45
-44
-41
-45
-37
-44
-51
-49
-48
-55
-54
-49
-55
-47
-40
-42
-37
-32
-31
-28
-28
-29
-29
-31
-24
-20
-16
-10
-9
-13
-8
-1
2
3
2
5
11
14
12
12
14
16
17
17
16
15
20
16
15
15
16
18
10
3
2
1
-1
1
-1
0
-2
-4
-3
-2
3
7
14
11
6
10
8
4
5
7
9
15
17
22
23
21
22
18
13
11
7
10
13
8
13
11
12
16
7
7
9
9
11
6
5
6
7
11
16
19
21
23
27
26
23
21
22
31
25
27
33
32
41
39
45
52
48
48
47
43
46
44
42
48
50
47
42
44
46
53
49
45
46
45
47
42
46
44
48
51
48
52
47
40
32
26
25
29
28
25
23
18
18
17
5
-1
1
2
2
5
1
6
8
9
11
8
2
4
6
3
3
2
5
10
12
11
13
18
14
13
14
17
15
16
21
19
19
18
28
30
33
36
27
31
28
28
26
29
26
26
36
28
30
33
32
33
32
28
24
27
25
26
30
30
26
34
34
33
28
22
15
7
2
3
1
-1
5
6
11
9
9
5
0
-4
-8
-14
-18
-21
-23
-21
-24
-26
-24
-29
-31
-31
-39
-39
-38
-37
-35
-36
-37
-36
-34
-41
-46
-47
-49
-50
-51
-45
-43
-39
-34
-36
-36
-41
-42
-47
-45
-52
-58
-49
-43
-42
-43
-49
-44
-36
-35
-30
-28
-27
-23
-27
-33
-30
-35
-33
-30
-32
-24
-23
-21
-26
-22
-18
-22
-18
-17
-23
-23
-16
-13
-11
-14
-14
-21
-23
-28
-27
-28
-31
-25
-32
-31
-27
-32
-35
-31
-36
-41
-49
-52
-51
-51
-48
-45
-41
-41
-38
-34
-36
-36
-40
-41
-45
-49
-47
-46
-42
-34
-32
-34
-36
-36
-41
-40
-37
-34
-29
-28
-22
-23
-22
-19
-11
-5
-3
-7
-1
1
2
2
-2
5
1
5
4
6
6
-1
6
7
5
11
9
8
9
8
6
-1
-9
-16
-18
-20
-21
-21
-16
-12
-9
-4
0
3
4
2
0
-8
-10
-13
-10
-8
-6
2
7
16
25
29
25
22
21
18
9
11
7
10
16
14
21
21
17
17
18
9
5
7
7
6
4
10
15
20
20
18
19
18
19
18
22
29
34
36
42
54
53
51
50
55
62
62
62
61
61
70
76
72
75
77
77
77
75
77
73
76
76
74
78
80
80
79
84
77
70
70
69
63
58
60
58
53
56
57
58
58
57
53
52
53
50
52
51
45
40
32
27
27
21
17
11
1
-3
-10
-17
-9
-10
-9
-7
-6
-9
-13
-23
-31
-34
-39
-37
-44
-44
-39
-33
-36
-40
-40
-40
-35
-36
-39
-38
-34
-35
-39
-37
-39
-41
-33
-32
-31
-29
-31
-25
-26
-28
-22
-8
-5
-3
8
8
7
4
6
5
7
7
9
7
11
15
15
12
6
9
8
9
11
10
8
8
4
-5
-6
-7
-7
-6
-11
-18
-21
-16
-13
-16
-17
-19
-20
-19
-22
-18
-11
-18
-27
-33
-32
-30
-37
-35
-30
-29
-34
-30
-24
-21
-19
-24
-25
-27
-27
-32
-35
-35
-31
-32
-31
-28
-28
-27
-35
-37
-35
-37
-35
-36
-30
-30
-30
-28
-33
-33
-38
-43
-50
-51
-52
-50
-50
-51
-41
-37
-37
-42
-42
-47
-49
-46
-50
-45
-51
-49
-52
-55
-58
-57
-56
-53
-48
-52
-48
-44
-43
-35
-39
-44
-40
-38
-41
-36
-35
-31
-30
-34
-29
-30
-34
-37
-35
-26
-17
-16
-18
-20
-13
-14
-7
-1
-1
2
8
17
17
14
17
15
17
18
16
30
31
33
35
40
37
36
45
44
39
33
34
28
31
36
41
50
53
64
68
68
65
63
62
62
60
59
57
54
49
51
52
45
47
47
46
48
46
35
31
31
22
21
25
24
26
25
18
22
19
20
17
12
12
7
3
4
4
0
-5
3
6
0
6
8
6
8
7
13
9
0
-2
-2
1
-6
-1
1
6
9
9
7
3
6
1
3
0
1
3
3
8
12
15
19
17
22
25
24
34
33
37
36
40
40
39
41
42
51
57
57
63
68
63
61
63
61
52
45
38
35
28
27
26
21
18
13
15
17
16
15
14
7
6
14
10
7
9
2
3
-3
1
4
4
4
0
0
-2
2
-1
-2
-4
-2
-5
-9
-11
-17
-19
-18
-18
-21
-13
-11
-14
-14
-10
-11
-16
-19
-21
-24
-21
-26
-25
-19
-23
-13
-3
4
10
17
18
18
22
21
17
18
20
15
22
28
24
30
34
35
41
35
35
35
27
27
25
18
10
6
1
-3
-1
-2
2
-1
-2
-1
-9
-14
-18
-22
-26
-26
-30
-30
-34
-36
-36
-37
-40
-41
-36
-38
-38
-40
-39
-41
-44
-45
-43
-45
-46
-39
-31
-31
-32
-31
-31
-32
-37
-38
-41
-44
-46
-45
-44
-41
-36
-39
-40
-35
-27
-27
-31
-30
-33
-35
-39
-35
-32
-29
-30
-27
-22
-17
-11
-8
-4
-6
-3
-6
-10
-9
-9
-17
-17
-17
-24
-18
-14
-14
-12
-6
-2
-1
0
0
0
-3
-5
-5
1
3
4
5
4
4
9
12
16
19
23
25
22
18
19
19
17
19
24
29
25
28
20
21
23
17
15
14
11
7
7
7
6
3
4
-4
2
1
-10
-11
-15
-17
-24
-27
-25
-29
-27
-26
-30
-26
-21
-17
-20
-26
-31
-34
-32
-29
-24
-23
-26
-21
-16
-15
-20
-19
-18
-26
-20
-20
-22
-18
-15
-7
-2
2
5
5
3
5
3
1
4
0
2
1
0
-2
4
14
17
27
28
30
26
19
20
18
18
23
20
26
23
24
23
20
22
22
21
27
25
18
15
11
13
15
14
11
12
7
6
3
5
5
1
-2
-11
-6
-3
-6
-5
-9
-12
-6
0
5
6
3
7
7
11
16
15
15
21
25
25
35
29
29
35
25
28
29
21
23
20
21
29
36
42
47
43
35
36
35
28
28
31
27
20
18
16
19
12
16
20
22
21
18
15
6
8
3
0
-3
-8
-4
0
4
1
5
7
7
14
9
15
17
15
19
19
9
14
19
17
15
16
20
15
15
11
13
6
3
5
6
12
13
23
30
31
30
26
26
19
19
22
19
18
13
9
7
10
9
10
18
17
16
13
11
12
5
-3
-7
-14
-14
-13
-20
-18
-20
-15
-14
-17
-20
-21
-20
-27
-25
-26
-28
-28
-27
-32
-28
-30
-29
-32
-35
-29
-28
-25
-22
-22
-21
-18
-18
-14
-12
-13
-8
-7
-7
-5
-2
-6
-3
2
-2
1
-3
-8
-11
-16
-17
-22
-30
-33
-35
-41
-36
-40
-41
-41
-47
-45
-41
-37
-40
-35
-32
-35
-41
-48
-48
-50
-52
-52
-55
-52
-51
-43
-38
-36
-31
-24
-23
-25
-21
-24
-21
-26
-25
-22
-24
-25
-24
-23
-27
-23
-21
-19
-17
-15
-15
-12
-14
-17
-20
-11
-15
-17
-27
-27
-18
-25
-31
-32
-33
-35
-27
-33
-43
-44
-45
-44
-45
-47
-40
-44
-36
-33
-36
-29
-27
-25
-23
-21
-24
-27
-24
-23
-19
-13
-9
-8
-12
-7
-4
-1
0
-3
1
3
8
15
19
20
24
22
23
30
30
28
30
41
42
39
43
43
39
45
47
49
49
49
55
60
64
64
59
55
53
51
47
38
34
30
32
32
32
29
27
32
30
34
30
19
22
18
21
25
27
32
31
33
35
31
30
30
32
36
32
26
28
22
20
26
21
13
15
14
17
18
16
22
23
28
37
41
40
43
40
33
39
32
29
27
26
21
10
11
13
17
21
25
26
32
31
25
27
30
33
28
30
31
26
34
34
39
44
41
46
47
47
48
54
60
60
62
60
61
61
54
54
52
48
47
42
45
50
52
56
57
61
60
59
66
66
62
59
59
49
42
36
26
22
16
6
-3
-9
-9
-8
-10
-13
-11
-12
-14
-23
-29
-31
-38
-43
-54
-53
-57
-60
-61
-65
-63
-66
-61
-56
-55
-51
-52
-56
-58
-55
-56
-49
-48
-42
-38
-36
-27
-23
-17
-22
-25
-21
-19
-15
-9
-16
-12
-12
-11
-16
-22
-22
-20
-26
-26
-23
-27
-17
-20
-23
-26
-22
-24
-21
-20
-20
-22
-24
-29
-35
-33
-39
-36
-27
-27
-29
-36
-37
-34
-34
-34
-33
-34
-34
-36
-34
-31
-35
-41
-40
-35
-39
-41
-39
-33
-26
-26
-27
-30
-29
-30
-27
-31
-32
-24
-23
-23
-20
-28
-33
-34
-43
-45
-44
-45
-39
-42
-47
-44
-46
-47
-49
-48
-49
-40
-37
-38
-38
-44
-42
-42
-37
-27
-26
-26
-20
-21
-21
-23
-26
-30
-35
-36
-38
-37
-39
-35
-35
-33
-22
-18
-12
-3
-5
-4
-3
-9
-10
-11
-10
-11
-10
-3
-1
-1
-2
0
-1
-4
-1
-2
-1
-6
-5
-3
0
1
-7
-9
2
0
-1
4
4
3
-2
-4
2
3
4
6
9
17
14
16
15
17
19
23
21
21
28
29
32
32
29
30
29
31
33
33
40
46
52
56
61
66
69
67
73
65
64
68
62
58
55
59
58
60
59
58
55
52
52
53
57
53
50
44
40
42
41
41
33
34
31
26
23
18
27
20
19
25
19
17
12
15
11
13
23
21
26
28
25
26
30
31
32
27
24
27
34
38
45
48
47
45
37
30
24
20
18
21
15
20
18
19
21
19
25
24
27
25
19
16
13
15
13
13
17
14
13
5
6
8
6
3
5
3
0
5
3
3
2
1
-8
-5
-1
-10
-17
-19
-20
-21
-19
-20
-14
-15
-15
-12
-10
-5
-2
-2
-7
-9
-10
-10
-5
-8
-9
-9
-13
-17
-20
-21
-18
-21
-22
-18
-19
-18
-19
-16
-12
-13
-14
-20
-28
-30
-34
-30
-31
-31
-34
-31
-25
-25
-19
-19
-20
-17
-18
-16
-16
-15
-18
-16
-17
-15
-11
-15
-13
-15
-18
-18
-13
-13
-15
-15
-16
-16
-14
-11
-11
-6
-4
-8
-11
-11
-13
-16
-16
-17
-18
-16
-12
-13
-19
-13
-10
-14
-20
-25
-27
-29
-28
-25
-26
-21
-20
-18
-16
-22
-22
-28
-34
-36
-38
-42
-49
-51
-64
-71
-74
-74
-70
-72
-68
-64
-68
-68
-65
-61
-61
-56
-56
-61
-62
-59
-59
-59
-52
-50
-53
-51
-51
-50
-48
-42
-38
-38
-42
-43
-38
-42
-37
-35
-35
-35
-35
-27
-29
-26
-30
-33
-31
-32
-31
-23
-15
-14
-9
-12
-11
-15
-9
0
-1
2
4
13
17
19
23
26
28
34
38
37
37
39
37
40
36
39
46
49
61
61
66
67
62
64
65
59
60
70
65
70
70
66
68
65
64
60
59
58
56
47
42
42
47
47
41
37
38
31
32
32
35
31
26
30
22
23
22
20
14
8
5
3
-1
-6
-6
-9
-6
-4
-7
-9
-7
-3
-1
0
1
2
8
15
17
27
27
30
27
26
22
23
30
26
35
31
31
27
24
29
26
31
32
35
35
37
41
41
45
52
51
51
58
56
52
59
61
58
56
55
49
48
51
46
46
41
39
39
40
43
40
36
33
32
28
29
26
21
19
20
26
18
14
17
8
8
10
14
16
12
10
12
2
4
-4
-9
-8
-9
-5
-13
-8
-7
-2
-6
-2
-4
-2
1
-3
-2
5
3
-1
4
5
2
4
1
2
1
-2
-1
-4
-2
-10
-5
-4
0
11
17
27
21
22
22
15
13
8
5
5
2
-4
0
-3
-6
-3
-10
-14
-20
-20
-26
-31
-29
-33
-34
-36
-33
-36
-32
-30
-29
-31
-30
-33
-42
-43
-46
-56
-59
-63
-63
-64
-62
-61
-58
-62
-69
-67
-67
-66
-68
-63
-59
-52
-49
-54
-49
-41
-46
-43
-41
-43
-44
-43
-48
-52
-59
-52
-51
-49
-35
-37
-25
-19
-15
-8
-7
-4
-3
-4
-10
-12
-12
-19
-16
-15
-18
-17
-15
-11
-4
0
-3
1
0
3
3
1
1
-2
-5
-7
-9
-6
-7
-2
5
4
8
9
8
11
11
12
10
8
2
-5
-4
-12
-20
-17
-21
-19
-25
-27
-34
-33
-31
-31
-32
-40
-38
-41
-43
-50
-55
-50
-54
-51
-51
-50
-47
-50
-51
-45
-43
-42
-37
-34
-26
-37
-43
-39
-35
-30
-24
-20
-16
-13
-7
-7
-3
3
11
18
21
32
32
35
39
33
38
45
47
54
60
60
59
59
59
62
66
64
66
64
65
71
65
58
60
55
54
51
42
40
38
36
36
31
28
27
23
14
13
18
18
19
10
2
-6
-12
-20
-32
-34
-42
-46
-48
-40
-30
-29
-22
-21
-10
-7
-5
1
3
0
-4
10
12
15
25
30
40
47
54
57
63
64
70
72
72
83
84
88
93
92
103
104
100
97
98
87
85
81
74
63
56
57
45
47
46
44
46
45
44
44
44
36
36
36
30
29
30
31
27
23
24
16
10
7
-5
-11
-12
-18
-16
-19
-24
-25
-26
-24
-25
-27
-32
-30
-35
-36
-40
-43
-41
-45
-46
-44
-46
-45
-39
-35
-31
-31
-31
-39
-33
-31
-32
-26
-27
-19
-16
-13
-8
-11
-6
0
9
13
7
7
11
11
11
8
13
16
13
15
15
10
7
12
0
-3
6
3
-1
-1
-7
-10
-18
-23
-28
-30
-37
-44
-37
-43
-38
-38
-43
-42
-47
-46
-54
-53
-58
-59
-61
-63
-59
-70
-71
-74
-72
-69
-62
-58
-54
-51
-53
-46
-44
-44
-37
-31
-24
-22
-21
-26
-23
-20
-22
-19
-19
-15
-10
-8
-9
-9
-8
-5
-4
-4
-6
-7
-1
6
2
2
3
1
5
7
5
8
14
7
6
1
1
0
0
-1
-11
-19
-30
-33
-36
-44
-43
-47
-47
-49
-54
-54
-60
-61
-69
-71
-71
-76
-78
-67
-66
-65
-53
-48
-44
-43
-42
-47
-50
-55
-51
-47
-44
-29
-27
-20
-13
-6
1
3
12
19
24
34
35
38
39
40
46
44
50
52
51
50
52
57
58
64
64
60
60
49
57
58
49
42
36
37
36
38
42
45
42
39
46
43
36
35
31
30
30
36
32
32
36
40
42
43
33
26
25
20
23
17
18
17
14
6
8
8
8
14
13
17
15
15
8
8
6
13
20
21
29
30
28
28
31
28
28
28
32
32
32
33
33
41
40
42
46
50
55
53
57
53
48
47
49
48
50
44
47
48
44
44
36
39
38
30
28
37
37
41
40
31
24
10
3
4
-1
0
2
-3
-4
-8
-8
-11
-15
-18
-22
-23
-23
-22
-24
-18
-20
-13
-4
0
5
6
5
2
4
2
5
1
0
1
3
3
5
11
12
16
19
14
11
9
17
20
18
16
13
15
4
3
-5
-3
-4
-9
-10
-13
-4
-5
-5
-4
-3
-1
-6
-2
-1
1
7
9
12
15
10
6
4
0
2
0
-5
-15
-17
-21
-20
-22
-24
-20
-20
-21
-24
-25
-30
-25
-26
-34
-31
-29
-26
-20
-20
-19
-16
-16
-16
-13
-16
-18
-18
-22
-22
-23
-24
-18
-17
-17
-22
-16
-21
-18
-16
-18
-15
-22
-17
-14
-15
-14
-11
-9
-12
-13
-14
-13
-15
-7
-8
-9
-9
-13
-9
-14
-16
-20
-24
-31
-40
-46
-47
-44
-46
-46
-47
-50
-51
-52
-49
-51
-52
-44
-49
-47
-42
-48
-44
-41
-40
-37
-38
-39
-38
-39
-43
-42
-34
-35
-39
-39
-39
-34
-26
-21
-11
-1
2
3
4
6
9
6
6
15
13
15
12
6
9
4
1
-2
-3
-4
-6
-5
-3
-4
-5
-4
-5
-1
-2
0
-2
-4
0
-1
0
-1
4
4
6
14
15
25
31
33
39
38
33
31
21
24
16
14
20
19
27
21
18
20
14
9
11
8
2
-2
0
2
1
4
1
1
11
9
11
13
7
7
2
-3
-7
-15
-17
-17
-17
-12
-8
-12
-6
-8
-6
-5
-6
-3
-4
-5
-10
-7
-7
-11
-9
-11
-8
-11
-11
-12
-10
-14
-19
-15
-16
-19
-19
-19
-15
-13
-6
2
4
3
1
2
0
2
4
4
6
3
11
11
13
15
15
21
28
32
42
45
40
41
37
34
29
31
32
29
31
32
37
44
44
47
50
45
42
44
48
46
44
47
49
44
40
37
32
33
32
30
32
33
30
37
41
42
46
44
39
37
29
31
25
20
28
24
28
27
28
26
27
31
28
26
26
22
16
16
15
11
12
1
4
4
-2
2
-4
1
-2
-7
0
-1
2
1
-5
-2
0
3
2
-4
-1
5
0
1
7
1
-3
-4
-5
-16
-7
-4
-6
-8
-12
-10
-13
-17
-23
-20
-24
-21
-15
-13
-15
-16
-12
-15
-16
-18
-26
-26
-34
-39
-38
-31
-31
-30
-36
-41
-42
-34
-21
-21
-17
-14
-19
-23
-27
-31
-36
-39
-36
-32
-21
-17
-13
-8
-2
-3
-2
-7
-5
-4
-8
-5
-5
-3
-3
-10
-14
-13
-13
-8
-12
-17
-12
-14
-13
-11
-10
-12
-16
-10
-9
-10
-9
-8
-7
-3
-6
-6
-8
-12
-15
-21
-23
-27
-25
-25
-28
-23
-24
-21
-17
-19
-18
-20
-24
-26
-27
-32
-27
-35
-34
-29
-40
-37
-35
-40
-39
-39
-37
-38
-41
-51
-50
-50
-53
-45
-43
-43
-42
-40
-41
-37
-44
-46
-46
-53
-51
-48
-47
-39
-42
-41
-32
-28
-21
-16
-18
-18
-19
-22
-24
-30
-31
-31
-28
-23
-15
-8
-11
-7
-4
-2
0
3
9
9
12
13
12
13
13
10
6
8
12
19
17
21
15
20
23
12
13
12
15
18
23
24
27
25
24
25
22
23
20
22
19
17
20
20
24
21
24
25
24
35
40
43
49
47
47
46
42
50
50
49
58
66
64
62
60
57
53
50
36
33
37
35
35
34
36
39
37
35
30
27
25
19
18
14
17
17
16
16
21
20
19
20
24
21
19
16
16
16
15
17
12
17
16
16
19
19
24
31
26
22
20
18
18
19
18
21
20
18
24
37
42
47
50
52
51
46
47
43
44
44
45
45
50
56
58
55
54
49
49
52
51
45
40
40
43
46
39
36
33
31
31
20
13
12
17
14
9
7
-1
-5
-6
-13
-17
-18
-14
-12
-11
-8
-12
-12
-12
-16
-10
-6
-9
-3
3
5
9
10
9
15
18
15
16
12
17
25
27
28
32
36
35
40
40
45
37
37
38
29
33
27
20
16
16
13
14
12
11
9
4
7
1
-4
-11
-15
-18
-21
-22
-37
-49
-42
-47
-44
-47
-45
-48
-53
-53
-54
-54
-56
-57
-64
-62
-60
-61
-67
-61
-64
-71
-68
-68
-68
-73
-76
-81
-80
-80
-79
-82
-88
-85
-83
-75
-74
-74
-70
-72
-76
-72
-68
-71
-76
-64
-59
-61
-57
-57
-54
-53
-51
-45
-42
-36
-30
-28
-25
-18
-20
-18
-16
-14
-9
-8
-11
-10
-9
-12
-13
-8
-6
-9
-12
-16
-22
-16
-8
-8
-11
-5
-2
-2
1
-6
-6
-5
-2
-2
-8
-6
-16
-22
-26
-29
-22
-29
-28
-29
-23
-20
-19
-16
-17
-19
-21
-22
-20
-19
-24
-30
-27
-30
-33
-26
-28
-32
-28
-26
-29
-29
-28
-23
-18
-20
-19
-21
-23
-22
-19
-13
-12
-11
-3
-2
3
15
21
28
28
24
27
29
27
25
30
35
35
48
48
43
49
49
52
54
57
54
47
52
56
52
45
41
45
47
47
44
43
45
40
40
31
22
18
13
15
13
9
12
14
20
25
25
25
33
33
24
32
27
28
26
22
29
26
23
24
26
27
31
32
32
34
32
35
37
42
47
52
55
63
65
68
68
73
76
73
64
65
67
65
68
60
63
66
73
76
76
76
75
76
82
85
79
74
70
65
62
59
49
40
40
40
39
41
37
32
30
30
30
31
30
26
20
14
15
10
11
8
5
6
-2
-2
-2
-3
-9
-14
-16
-20
-19
-24
-28
-28
-29
-29
-32
-32
-33
-32
-33
-29
-33
-28
-26
-32
-38
-44
-41
-46
-45
-44
-42
-41
-40
-36
-36
-34
-34
-35
-38
-46
-46
-44
-44
-46
-51
-50
-56
-51
-48
-45
-38
-38
-36
-32
-30
-33
-25
-26
-23
-27
-29
-23
-28
-28
-32
-28
-24
-16
-12
-23
-16
-18
-16
-15
-16
-17
-20
-23
-26
-22
-18
-22
-26
-28
-33
-32
-38
-44
-47
-51
-49
-47
-52
-54
-54
-56
-53
-53
-53
-48
-43
-38
-38
-37
-38
-40
-38
-41
-40
-36
-31
-33
-35
-37
-34
-32
-31
-29
-32
-30
-32
-36
-35
-39
-37
-35
-41
-30
-26
-32
-32
-28
-25
-26
-23
-23
-24
-26
-26
-27
-27
-28
-26
-23
-21
-15
-13
-11
-13
-16
-19
-23
-22
-21
-20
-20
-22
-17
-15
-10
-8
-12
-12
-9
-16
-18
-11
-13
-13
-16
-14
-16
-8
-8
-14
-11
-12
-8
-3
5
10
5
8
9
2
2
5
8
7
7
10
15
20
20
20
26
27
24
25
25
25
33
34
34
33
30
28
28
27
27
22
21
19
20
19
21
32
41
50
55
60
67
66
68
65
60
54
44
47
41
41
40
34
34
35
38
40
49
53
59
62
55
53
65
67
61
64
65
60
52
44
39
39
40
39
41
41
38
39
41
37
37
35
27
33
35
32
31
29
26
26
29
20
19
23
27
30
31
35
33
34
33
27
30
25
30
38
43
48
50
54
59
58
50
56
55
47
49
50
53
49
51
52
50
55
50
57
57
51
50
48
45
46
39
31
30
21
22
12
6
2
-5
-5
-6
-8
-11
-13
-15
-17
-17
-15
-17
-11
-8
-7
-2
4
3
1
1
-3
-10
-12
-17
-24
-26
-33
-29
-30
-36
-34
-35
-38
-43
-45
-41
-41
-39
-39
-41
-39
-31
-29
-29
-30
-31
-25
-28
-27
-23
-19
-17
-13
-7
-4
-5
-9
-8
-2
3
3
3
-6
-8
-8
-16
-14
-16
-26
-26
-25
-26
-26
-33
-40
-46
-45
-56
-64
-66
-72
-75
-73
-73
-77
-77
-79
-81
-82
-75
-68
-68
-63
-68
-65
-57
-47
-44
-42
-43
-47
-43
-45
-41
-38
-35
-41
-41
-43
-48
-49
-57
-60
-58
-58
-57
-53
-52
-49
-39
-39
-42
-43
-43
-40
-43
-38
-40
-42
-38
-38
-39
-42
-43
-39
-39
-37
-36
-32
-31
-27
-30
-34
-31
-27
-19
-17
-14
-12
-10
-4
-2
1
0
11
13
17
17
17
16
14
16
17
27
24
22
24
17
15
15
9
5
3
10
16
22
32
32
33
28
24
26
23
19
18
14
12
12
14
9
5
3
5
-1
-3
0
-5
-6
-7
-8
-11
-5
-10
-4
-1
-3
-4
-1
11
7
7
10
15
19
20
17
20
19
18
25
24
28
28
31
33
30
30
28
26
22
27
27
21
37
35
32
39
37
42
43
42
42
46
44
46
56
45
46
36
35
37
39
43
43
52
54
56
49
49
49
44
44
44
40
40
46
39
33
31
24
22
19
17
7
2
2
0
-2
-6
0
-8
-1
-2
-15
-10
-9
-11
-13
-8
-12
-11
-3
5
9
8
15
22
25
26
35
40
43
44
50
51
48
49
47
50
45
41
43
43
44
43
46
48
44
45
40
41
41
36
36
33
30
22
21
19
17
15
9
2
0
-3
-10
-13
-14
-17
-14
-13
-17
-18
-14
-19
-19
-26
-27
-26
-36
-30
-34
-36
-37
-38
-35
-31
-37
-38
-41
-45
-50
-52
-50
-53
-47
-48
-48
-52
-57
-62
-61
-56
-61
-65
-61
-59
-60
-60
-58
-56
-52
-40
-39
-37
-34
-28
-26
-31
-29
-30
-36
-39
-33
-31
-20
-18
-18
-12
-14
-14
-8
-6
-5
-1
2
1
4
6
11
7
7
11
10
14
9
10
3
5
8
5
5
8
4
-2
3
5
5
12
18
16
16
20
21
21
25
21
13
8
3
0
-3
4
-1
-1
4
-1
-6
-5
-6
-8
-8
-7
-9
-10
-12
-14
-21
-27
-30
-28
-30
-35
-33
-31
-35
-34
-32
-35
-29
-38
-35
-33
-34
-30
-34
-38
-38
-30
-25
-24
-20
-17
-12
-17
-20
-18
-20
-15
-14
-13
-10
-9
-12
-9
-10
-8
-11
-4
-4
-4
-1
-9
-13
-10
-9
-15
-12
-15
-13
-15
-22
-21
-21
-26
-27
-32
-30
-30
-29
-26
-27
-26
-29
-29
-28
-28
-26
-28
-26
-28
-29
-28
-27
-24
-27
-20
-14
-14
-17
-13
-11
-6
-3
3
10
14
18
25
29
37
42
37
47
46
54
56
53
59
60
61
64
66
63
63
62
65
66
60
64
62
66
63
61
65
59
58
64
66
67
64
64
66
68
68
63
65
66
66
66
57
55
47
39
39
32
31
24
22
21
24
22
20
29
29
29
29
28
27
21
19
12
12
10
6
15
16
20
23
20
23
22
25
17
13
18
25
28
29
36
38
43
40
40
43
34
29
31
33
29
30
24
14
13
16
14
6
6
3
6
4
3
4
2
3
11
9
4
5
-3
-1
-5
-8
-9
-12
-12
-13
-15
-5
-5
-10
-9
-14
-13
-21
-15
-17
-20
-23
-27
-13
-10
-15
-7
4
0
5
5
1
3
0
-1
-6
-4
-1
-3
-1
-1
1
-1
-4
-7
-3
-7
-9
-8
-13
-6
-12
-7
-7
-4
-2
-14
-19
-20
-19
-20
-14
-14
-13
-11
-13
-11
-15
-17
-17
-19
-21
-23
-21
-26
-23
-26
-31
-30
-30
-35
-31
-32
-27
-25
-28
-23
-27
-24
-29
-33
-31
-36
-39
-46
-47
-49
-51
-47
-46
-46
-53
-51
-48
-46
-44
-50
-58
-66
-72
-73
-70
-79
-77
-82
-78
-75
-77
-67
-59
-51
-45
-40
-34
-31
-31
-33
-36
-30
-31
-21
-20
-20
-16
-16
-5
0
13
19
23
28
28
27
22
27
20
18
24
20
19
19
24
29
29
36
38
45
45
49
46
41
32
24
26
23
27
22
17
18
14
9
9
10
-3
-6
-4
-6
-7
-5
-10
-9
-7
-10
-12
-14
-15
-17
-10
-10
-18
-23
-27
-27
-30
-34
-40
-44
-44
-49
-49
-43
-44
-43
-41
-46
-50
-44
-46
-45
-38
-39
-37
-34
-33
-30
-29
-25
-19
-15
-11
-10
-8
-2
-3
0
1
-3
2
-1
3
8
15
17
17
21
28
29
28
32
29
29
34
41
47
44
47
50
55
54
49
45
40
38
37
37
35
39
37
34
30
35
36
30
35
39
39
36
46
48
51
52
62
70
76
83
80
81
79
74
68
64
57
55
52
46
54
47
48
51
55
57
53
58
56
56
58
50
43
40
40
33
34
30
30
32
35
40
37
36
33
30
17
14
8
7
12
8
14
15
12
13
10
11
11
8
9
7
0
-4
-2
-3
-7
-6
-11
-15
-18
-21
-21
-19
-24
-25
-29
-32
-31
-37
-36
-28
-25
-19
-13
-10
-12
-14
-13
-15
-13
-21
-23
-20
-22
-18
-14
-15
-15
-11
-8
-12
-14
-17
-16
-16
-23
-21
-19
-13
-8
-4
1
-4
-4
-1
-2
-6
-12
-12
-16
-19
-24
-36
-31
-30
-35
-40
-37
-40
-51
-52
-56
-59
-61
-65
-63
-61
-63
-60
-55
-52
-49
-49
-45
-46
-43
-40
-42
-38
-40
-41
-40
-37
-34
-37
-32
-32
-31
-28
-26
-26
-32
-25
-20
-15
-16
-19
-12
-15
-12
-6
-6
0
-2
-1
-1
-7
-1
1
0
-6
-7
-9
-16
-13
-13
-11
-16
-10
-7
-14
-13
-24
-22
-21
-22
-18
-18
-17
-20
-16
-14
-19
-20
-22
-20
-19
-24
-22
-22
-25
-29
-23
-21
-25
-22
-19
-19
-19
-18
-18
-18
-19
-24
-25
-19
-16
-11
-4
-4
-4
-4
-8
-12
-7
-11
-10
-9
-8
0
2
0
-3
-5
-1
10
13
22
20
25
26
26
26
28
33
35
35
44
46
43
46
46
40
38
40
33
28
24
26
24
20
16
12
14
12
11
6
-1
-1
2
-1
2
12
13
7
11
8
8
10
13
14
15
24
22
23
27
30
28
28
30
28
32
36
33
32
37
36
35
31
32
34
35
34
35
29
29
31
32
29
26
28
32
34
22
23
20
20
19
12
12
15
12
14
19
23
38
42
43
47
50
48
49
40
40
41
34
32
27
27
34
32
35
38
31
31
26
28
25
21
18
10
4
3
8
8
11
10
-2
-8
-8
-8
-8
-8
-9
-11
-7
-3
-4
5
3
-3
-4
1
0
2
10
15
19
16
20
22
28
34
34
30
28
29
26
24
22
18
22
17
14
16
24
22
24
23
20
20
14
10
7
10
6
10
8
8
9
10
8
5
11
10
9
10
14
9
13
14
10
10
6
3
9
11
-4
-9
-14
-18
-22
-17
-6
-14
-15
-21
-24
-23
-23
-29
-31
-41
-44
-45
-59
-62
-61
-65
-63
-65
-66
-64
-66
-60
-60
-57
-58
-58
-54
-53
-51
-49
-45
-50
-49
-48
-46
-41
-33
-36
-37
-33
-29
-27
-25
-23
-25
-20
-21
-14
-9
-10
-4
4
2
7
17
14
16
10
14
13
8
5
1
2
7
13
13
11
9
10
-1
-3
-6
-12
-14
-23
-22
-30
-39
-35
-38
-39
-40
-44
-49
-55
-49
-44
-42
-41
-46
-48
-50
-49
-45
-48
-46
-48
-54
-60
-63
-63
-63
-68
-72
-71
-64
-59
-64
-62
-67
-64
-58
-52
-47
-45
-41
-34
-35
-37
-32
-32
-29
-19
-18
-15
-10
-11
-3
4
7
14
12
13
10
10
16
17
20
24
24
22
32
32
30
34
36
41
37
40
40
36
34
28
27
23
14
6
8
4
-1
-6
-7
-5
-9
-12
-7
-1
-3
-5
-5
-2
-5
-9
-8
-2
-5
-3
3
-1
3
6
6
6
4
1
3
7
10
14
16
21
19
19
22
25
30
31
32
34
43
43
39
46
44
44
41
40
42
42
36
36
37
32
38
35
37
35
42
46
48
43
32
37
46
47
53
53
51
52
51
47
50
53
49
49
45
38
38
38
35
31
32
41
47
49
49
51
45
46
42
39
33
29
25
19
31
25
29
29
21
26
22
25
17
14
16
15
16
14
21
25
29
28
27
34
41
48
51
52
60
54
54
58
51
52
57
53
53
57
61
59
63
69
60
54
51
50
46
43
49
53
49
43
43
41
49
44
41
46
36
24
17
10
9
10
2
-1
-2
-5
-5
-9
-10
-12
-23
-26
-36
-33
-38
-45
-48
-49
-54
-55
-52
-55
-53
-56
-66
-68
-73
-83
-86
-91
-90
-94
-95
-92
-85
-84
-87
-91
-88
-82
-90
-96
-101
-103
-105
-100
-92
-91
-82
-73
-68
-68
-63
-63
-67
-60
-62
-60
-58
-57
-50
-46
-47
-46
-50
-40
-36
-36
-26
-32
-31
-24
-20
-16
-16
-19
-13
-20
-18
-15
-13
-12
-20
-15
-16
-17
-21
-23
-27
-28
-26
-26
-25
-26
-29
-29
-26
-24
-25
-24
-22
-23
-22
-20
-28
-34
-38
-43
-46
-47
-45
-54
-54
-54
-61
-64
-60
-59
-59
-53
-50
-48
-46
-45
-38
-40
-36
-31
-38
-34
-25
-23
-14
-12
-10
-1
5
9
8
18
23
21
13
11
14
10
14
18
19
26
35
33
35
36
34
44
50
53
52
47
51
55
50
48
42
35
34
31
31
33
43
43
37
34
35
32
27
25
21
29
26
30
34
29
32
33
34
34
26
22
22
21
13
11
11
11
16
16
19
22
25
25
30
24
25
25
25
25
22
26
25
22
21
21
22
28
34
37
33
41
45
49
54
51
56
49
55
60
57
62
58
61
64
65
61
69
71
71
73
71
67
68
68
70
80
84
91
93
92
89
84
80
75
75
66
61
63
55
55
53
49
53
56
58
54
55
45
46
38
31
32
23
19
9
6
5
-1
6
7
8
6
5
8
11
3
3
2
-4
-2
-5
-6
-13
-15
-18
-17
-11
-16
-25
-20
-19
-15
-14
-22
-18
-17
-15
-18
-20
-22
-29
-23
-29
-25
-22
-18
-14
-18
-13
-9
-10
-6
-5
-3
4
9
7
3
3
-2
-2
-4
-4
-14
-15
-14
-18
-21
-27
-32
-36
-37
-42
-43
-44
-45
-50
-50
-57
-53
-59
-66
-68
-73
-71
-74
-71
-73
-74
-80
-80
-88
-88
-87
-96
-91
-86
-88
-90
-92
-90
-86
-85
-85
-85
-78
-83
-82
-77
-76
-64
-57
-53
-53
-56
-55
-53
-55
-49
-48
-43
-42
-36
-36
-41
-35
-30
-25
-22
-15
-13
-14
-4
-7
-8
-7
-9
-11
-11
-16
-13
-9
-9
-6
-10
-12
-18
-24
-24
-28
-37
-36
-35
-39
-36
-38
-43
-41
-43
-38
-39
-40
-38
-38
-38
-42
-41
-42
-41
-48
-50
-47
-42
-34
-33
-32
-32
-23
-19
-19
-25
-26
-19
-23
-20
-16
-10
-10
-7
-7
-2
9
18
31
31
31
33
36
37
31
36
39
44
46
47
51
52
56
60
68
73
72
71
72
74
72
66
65
61
60
60
64
61
60
66
61
61
57
55
56
45
39
40
43
47
44
46
45
43
33
28
22
15
12
11
12
8
11
12
12
14
18
17
23
30
27
28
20
18
19
19
22
23
22
25
33
37
42
54
56
55
57
55
55
55
61
62
61
63
64
69
72
70
68
66
63
61
63
68
59
57
55
54
55
53
50
50
52
56
57
51
50
45
38
34
32
29
18
16
12
4
5
1
-1
-1
3
3
0
-1
0
0
-2
-2
-6
-10
-9
-1
-9
-12
-9
-17
-14
-21
-17
-13
-13
-9
-6
-2
-2
-4
-3
-7
-17
-13
-13
-16
-16
-20
-13
-18
-14
-14
-14
-3
2
4
5
4
0
3
1
-2
-11
-15
-14
-15
-18
-22
-21
-19
-21
-19
-21
-20
-20
-29
-30
-24
-25
-28
-30
-31
-33
-31
-29
-32
-37
-40
-46
-49
-53
-56
-63
-63
-61
-69
-73
-73
-71
-72
-73
-70
-74
-76
-81
-77
-74
-73
-68
-68
-65
-64
-64
-61
-62
-56
-54
-56
-56
-57
-56
-57
-53
-53
-53
-47
-39
-36
-27
-23
-19
-20
-21
-25
-28
-24
-20
-20
-22
-23
-20
-14
-11
-13
-14
-13
-10
-5
-2
-5
-7
-9
-10
-11
-14
-15
-13
-5
-5
-10
-6
-3
-3
-5
-7
-6
-6
-3
1
-3
-9
-4
-7
-8
-8
-15
-13
-21
-18
-15
-14
-20
-12
-16
-19
-10
-10
2
2
9
12
14
18
19
19
24
23
22
26
19
25
25
23
24
25
29
29
32
32
39
44
32
41
37
33
37
37
33
24
28
18
25
23
24
25
23
30
27
27
24
25
24
20
18
17
16
11
9
12
11
15
13
14
13
11
12
11
11
14
12
10
13
9
12
10
12
17
10
7
16
15
16
13
7
14
13
14
14
9
15
17
19
27
31
33
34
32
31
34
36
37
34
39
34
34
36
36
35
27
24
30
29
25
21
20
20
16
22
26
24
25
25
25
26
25
23
21
19
24
27
26
25
18
16
18
19
26
28
31
34
33
35
33
42
42
35
33
37
27
27
28
28
25
21
23
22
27
28
26
19
16
10
7
2
-1
-7
-9
-14
-17
-21
-33
-36
-33
-28
-34
-24
-25
-24
-23
-21
-22
-26
-25
-29
-23
-20
-21
-25
-17
-22
-24
-23
-29
-25
-21
-15
-17
-24
-25
-21
-24
-30
-31
-32
-26
-28
-23
-18
-16
-11
-15
-17
-11
-6
-6
-4
-5
-5
-4
0
-6
-15
-21
-15
-7
1
3
8
8
9
17
12
14
14
11
9
6
7
9
9
16
18
16
12
13
8
6
4
3
5
4
3
-2
-4
-9
-12
-8
-8
-10
-9
-9
-11
-16
-18
-23
-28
-25
-28
-27
-29
-29
-22
-20
-25
-23
-20
-23
-26
-31
-38
-40
-39
-38
-39
-33
-31
-29
-26
-29
-25
-20
-22
-20
-16
-17
-18
-16
-19
-21
-20
-15
-15
-15
-10
-10
-11
-8
-4
-6
-12
-13
-13
-13
-8
-5
-5
-5
-4
-5
-6
-9
-13
-7
-5
-8
-4
-6
-2
5
2
2
5
6
9
9
11
9
7
2
-3
-7
-11
-3
-1
-2
0
2
13
8
5
12
9
8
3
-4
-12
-22
-22
-24
-27
-30
-27
-22
-18
-15
-20
-15
-12
-16
-14
-17
-21
-22
-18
-19
-19
-14
-20
-15
-8
-11
-13
-7
0
-2
-3
-2
2
3
2
-2
-13
-17
-18
-16
-20
-21
-21
-23
-19
-15
-9
-6
-10
-10
-7
-3
-3
-11
-12
-12
-16
-19
-12
-11
-10
-6
1
3
4
10
8
11
15
14
18
20
26
24
28
30
28
36
35
39
38
45
51
48
46
42
43
42
44
35
31
33
33
31
27
31
29
31
38
41
36
35
35
31
32
27
28
24
25
30
29
28
25
33
31
35
38
37
38
34
32
29
36
36
37
34
36
39
34
34
29
32
27
25
27
25
27
23
24
19
20
23
17
15
17
15
15
8
3
-1
-5
0
-3
-9
-7
-3
-7
-2
2
3
2
-1
-1
-3
-9
-16
-23
-27
-28
-30
-30
-32
-26
-26
-21
-29
-29
-22
-22
-11
-14
-18
-7
-7
-7
-6
-7
-9
-10
-10
-11
-11
-4
-3
-2
-4
4
7
6
9
13
11
8
11
5
8
10
13
21
22
20
19
21
32
41
41
38
37
40
43
36
35
25
23
24
19
20
16
19
16
13
15
12
8
3
-1
-3
-2
-7
-11
-13
-16
-17
-21
-19
-17
-23
-26
-23
-22
-21
-22
-25
-29
-31
-29
-35
-32
-36
-39
-39
-39
-35
-37
-41
-34
-31
-24
-25
-28
-29
-31
-30
-22
-20
-16
-16
-24
-22
-24
-21
-20
-23
-25
-21
-23
-30
-33
-36
-35
-37
-37
-39
-38
-32
-27
-24
-22
-23
-21
-14
-18
-13
-11
-14
-22
-23
-22
-26
-21
-23
-29
-25
-18
-17
-14
-13
-17
-14
-15
-17
-17
-26
-30
-34
-32
-37
-37
-40
-45
-43
-42
-48
-40
-46
-48
-48
-55
-53
-57
-50
-51
-52
-55
-52
-47
-45
-41
-40
-41
-37
-30
-25
-15
-15
-18
-16
-14
-13
-9
-3
3
3
6
11
16
17
13
12
10
9
6
12
11
19
25
23
26
21
23
24
21
23
25
24
20
21
17
23
32
33
39
38
37
36
44
40
41
43
38
40
44
41
37
48
51
54
58
63
62
58
59
53
51
53
45
41
44
42
40
39
41
39
37
38
34
36
34
30
20
13
15
10
12
7
8
9
3
6
6
-4
-16
-12
-20
-23
-20
-25
-20
-19
-12
-12
-12
-8
-5
-8
-3
-2
-2
1
-3
-3
-3
-1
4
12
22
24
25
25
22
20
17
23
30
24
25
28
29
30
37
34
36
44
43
46
40
42
38
34
30
30
30
31
36
38
39
39
41
46
49
47
44
41
35
34
26
24
23
21
26
28
36
37
40
33
31
29
17
20
19
19
20
20
19
17
15
14
15
17
18
24
19
20
21
22
20
20
22
17
27
24
25
20
15
12
7
4
1
-1
-8
-12
-16
-16
-17
-15
-19
-21
-21
-20
-23
-26
-33
-30
-33
-39
-28
-31
-32
-33
-38
-38
-40
-41
-45
-44
-47
-46
-49
-52
-49
-47
-39
-34
-39
-37
-35
-38
-36
-36
-36
-38
-38
-40
-42
-37
-34
-30
-29
-25
-19
-14
-13
-13
-14
-19
-17
-20
-27
-25
-30
-30
-26
-25
-29
-22
-26
-25
-24
-23
-20
-22
-23
-20
-21
-31
-30
-28
-33
-32
-32
-32
-34
-32
-29
-34
-40
-38
-33
-32
-28
-30
-31
-27
-30
-29
-30
-31
-27
-28
-24
-20
-29
-30
-31
-37
-42
-48
-44
-46
-45
-48
-47
-40
-41
-46
-54
-53
-51
-52
-42
-41
-41
-45
-48
-53
-54
-56
-52
-52
-56
-53
-49
-48
-43
-34
-30
-26
-25
-18
-16
-13
-20
-19
-17
-23
-20
-25
-29
-30
-24
-20
-9
5
12
17
20
26
23
26
30
34
35
38
42
37
44
47
47
57
57
55
56
54
54
54
61
61
63
72
71
67
63
63
58
61
56
53
52
57
55
57
55
56
55
50
51
48
49
42
41
33
30
30
21
18
16
18
19
15
16
21
19
18
20
24
17
13
17
15
14
13
10
7
13
14
16
24
28
28
34
26
23
23
25
27
34
44
46
52
48
53
52
53
60
62
64
56
58
54
55
51
52
47
42
45
46
50
41
47
48
45
43
44
43
36
33
27
27
27
28
28
29
23
30
32
25
26
20
24
24
27
23
21
22
21
21
19
20
6
0
-1
-5
-5
-7
-2
-2
0
0
6
3
-3
-5
-10
-15
-22
-22
-18
-20
-25
-27
-27
-27
-22
-17
-17
-20
-19
-21
-16
-27
-37
-39
-53
-52
-55
-57
-54
-53
-46
-46
-50
-47
-44
-41
-40
-32
-31
-34
-36
-39
-46
-45
-37
-41
-39
-34
-36
-41
-35
-34
-36
-32
-26
-23
-19
-19
-18
-18
-21
-19
-22
-22
-19
-22
-20
-13
-15
-19
-22
-18
-11
-18
-16
-13
-13
-13
-18
-20
-25
-28
-33
-39
-39
-44
-46
-44
-44
-53
-53
-48
-52
-50
-46
-46
-41
-41
-44
-47
-46
-47
-50
-46
-49
-47
-47
-45
-38
-42
-39
-34
-38
-41
-40
-39
-34
-34
-33
-28
-29
-26
-23
-19
-12
-11
-2
2
-6
-8
-10
-11
-11
-10
-12
-9
-12
-10
-8
-7
-6
-6
-5
-8
-4
-5
-1
-3
-8
-9
-8
-9
-13
-13
-20
-14
-11
-10
-10
-10
-9
-3
-8
-17
-11
-16
-14
-15
-17
-23
-26
-22
-24
-25
-22
-16
-17
-17
-12
-12
-12
-2
5
9
12
13
19
17
13
13
15
20
25
24
22
32
36
35
36
46
47
47
54
54
59
57
61
62
55
58
56
56
53
50
53
56
66
72
72
77
74
74
71
70
72
70
61
53
47
52
47
41
43
45
47
49
54
51
53
54
50
52
49
44
38
28
24
21
16
24
29
32
37
42
35
30
29
18
17
18
13
7
7
4
8
13
12
19
23
31
33
25
27
25
23
23
22
25
21
23
27
25
27
37
40
44
43
45
47
43
50
52
53
48
51
50
49
48
46
51
46
37
33
25
22
25
20
22
25
22
20
23
23
22
13
6
5
-1
-3
-8
-7
-8
-8
-4
-2
3
2
6
6
1
-1
-8
-7
-12
-13
-13
-16
-20
-27
-26
-30
-30
-23
-21
-24
-28
-29
-34
-42
-40
-42
-47
-42
-36
-36
-32
-36
-36
-29
-27
-32
-32
-26
-27
-23
-18
-17
-15
-23
-27
-27
-22
-22
-25
-26
-27
-29
-33
-37
-40
-38
-39
-32
-29
-29
-33
-36
-38
-36
-43
-52
-51
-55
-54
-63
-60
-56
-56
-48
-49
-51
-51
-44
-38
-49
-50
-51
-56
-50
-47
-51
-53
-54
-57
-56
-59
-54
-54
-51
-52
-55
-51
-50
-55
-59
-59
-56
-64
-62
-62
-62
-59
-65
-62
-65
-70
-68
-73
-71
-71
-65
-64
-63
-51
-56
-56
-47
-50
-51
-45
-49
-50
-48
-40
-30
-28
-21
-19
-16
-12
-3
7
4
10
11
14
16
14
13
15
18
20
26
19
23
24
19
22
30
42
40
48
45
47
45
46
43
38
41
38
34
29
29
25
21
17
16
15
17
15
17
20
19
22
15
17
19
9
3
5
5
-2
-5
-4
-6
-7
-7
-4
0
4
8
8
3
2
3
3
9
9
8
13
15
21
26
27
25
29
31
32
37
43
45
53
55
59
61
64
66
66
70
68
67
64
65
56
46
44
47
47
44
51
54
61
67
65
65
63
61
57
53
54
52
48
49
49
53
51
52
55
50
49
49
47
53
47
43
40
34
32
28
31
30
31
33
36
41
46
47
52
50
44
42
37
35
38
35
35
31
29
33
32
30
30
28
32
32
35
34
39
39
31
33
28
34
28
27
26
18
25
20
15
16
14
16
13
10
10
4
-3
-6
-3
-11
-10
-10
-8
-8
-9
-9
-13
-15
-15
-16
-31
-32
-37
-46
-46
-47
-43
-43
-46
-48
-53
-61
-60
-63
-65
-69
-66
-66
-73
-68
-74
-78
-78
-78
-73
-76
-67
-64
-69
-68
-73
-65
-64
-63
-63
-65
-60
-65
-62
-58
-60
-52
-48
-47
-41
-42
-42
-38
-32
-33
-34
-37
-35
-34
-32
-24
-22
-15
-19
-19
-13
-16
-17
-13
-12
-12
-13
-7
-10
-13
-15
-12
-10
-12
-11
-11
-13
-14
-19
-17
-16
-20
-22
-21
-20
-23
-22
-26
-24
-18
-23
-19
-27
-22
-19
-24
-21
-27
-28
-31
-35
-43
-44
-47
-46
-42
-41
-42
-46
-44
-51
-51
-46
-45
-46
-38
-43
-45
-43
-47
-42
-52
-50
-47
-48
-50
-48
-43
-43
-35
-33
-30
-24
-22
-18
-18
-13
-7
-7
-6
-8
-4
-5
-2
0
4
12
9
16
19
22
21
22
35
33
43
44
40
50
50
54
50
55
61
60
57
62
62
56
60
57
53
53
53
51
54
57
54
49
49
50
43
37
32
25
24
24
22
15
21
22
18
22
23
25
29
21
22
18
15
18
18
21
17
23
26
30
36
39
42
42
45
48
51
53
57
59
56
56
59
56
59
58
57
59
54
54
54
51
42
37
42
40
39
45
42
39
39
35
24
23
18
17
17
13
11
6
4
3
7
2
3
7
0
7
10
12
13
7
6
7
-1
-3
0
0
10
11
12
10
10
13
11
11
8
7
11
13
11
10
14
24
33
35
37
28
27
30
22
16
14
15
14
19
19
24
28
30
26
28
34
28
28
24
16
11
-2
-8
-6
-6
-11
-10
-9
-7
-8
-10
-8
-11
-18
-21
-21
-25
-31
-39
-41
-38
-37
-35
-37
-36
-34
-30
-30
-29
-24
-32
-38
-42
-36
-36
-26
-18
-26
-17
-22
-20
-16
-19
-18
-13
-8
-10
-9
-8
-8
-13
-17
-10
-15
-17
-17
-24
-28
-31
-31
-31
-28
-32
-32
-33
-47
-40
-43
-44
-49
-53
-45
-54
-54
-59
-60
-61
-58
-59
-60
-54
-53
-49
-48
-45
-42
-39
-38
-36
-34
-29
-29
-29
-25
-21
-6
-5
-2
-3
-5
-3
-5
3
3
9
12
7
11
9
13
12
14
16
7
9
11
10
1
-4
-2
0
-1
3
0
0
-4
-4
-6
-11
-15
-21
-27
-37
-37
-39
-38
-39
-39
-37
-37
-31
-30
-35
-36
-39
-37
-35
-34
-35
-40
-37
-41
-35
-30
-27
-20
-17
-16
-16
-7
-10
-11
-9
-7
-6
-2
-1
-3
-1
2
7
10
15
17
20
25
26
28
31
31
33
27
27
29
29
32
35
26
31
37
30
26
22
29
26
23
22
21
26
25
34
30
39
38
37
38
31
33
25
26
26
29
26
25
21
18
22
22
17
17
21
18
19
16
14
19
18
19
20
14
13
12
19
13
8
14
15
10
9
13
8
7
9
11
2
1
1
-2
-1
-7
-8
-8
-9
-10
-10
-9
-9
-11
-12
-13
-15
-19
-15
-10
-11
-5
-6
-8
-7
-6
10
11
12
13
15
20
20
22
18
23
23
25
33
38
47
51
49
54
56
59
54
60
56
52
55
46
48
45
41
42
47
43
40
42
32
26
22
15
8
2
-1
-8
-13
-11
-12
-13
-4
-3
-6
0
-4
-8
-6
-8
-13
-9
-15
-11
-12
-13
-13
-19
-16
-18
-18
-16
-17
-13
-14
-7
-9
-9
-10
-3
4
-1
0
-5
-1
2
7
-1
-5
3
7
11
9
15
20
24
28
37
38
37
36
30
28
26
23
19
16
12
16
20
16
16
13
15
18
14
14
12
5
-2
-12
-24
-26
-34
-39
-43
-48
-48
-49
-45
-50
-50
-52
-50
-54
-57
-54
-50
-49
-54
-52
-53
-54
-52
-51
-49
-46
-42
-36
-33
-29
-24
-25
-22
-20
-21
-18
-17
-16
-12
-12
-9
-8
-9
-4
-6
3
7
13
16
12
8
3
0
-2
-2
-3
0
-3
-5
-5
-7
-19
-20
-15
-20
-18
-24
-25
-28
-34
-35
-41
-43
-46
-43
-43
-45
-42
-42
-44
-43
-45
-46
-46
-49
-51
-59
-53
-52
-53
-53
-56
-50
-51
-50
-52
-50
-44
-44
-45
-47
-49
-52
-48
-47
-42
-35
-30
-30
-31
-21
-19
-15
-7
-5
-2
1
0
-3
-5
-5
1
6
11
15
15
17
18
25
27
30
36
33
36
37
37
31
29
35
30
32
35
38
35
23
21
27
34
36
36
36
38
40
37
38
40
36
33
24
18
19
13
14
21
20
16
17
18
17
19
22
21
22
19
11
9
3
5
-2
-3
-6
-2
6
7
4
6
11
11
11
4
11
7
9
20
14
19
23
24
23
22
25
30
31
36
33
38
38
42
46
45
52
51
48
53
52
43
47
44
42
39
44
51
43
52
55
53
48
51
49
51
52
49
50
48
45
45
40
41
44
36
38
38
30
29
34
36
28
30
19
15
11
13
15
10
7
5
11
8
5
6
2
1
4
2
13
15
12
10
8
6
9
12
14
13
14
12
10
13
6
6
6
7
14
17
14
21
23
18
19
20
25
28
28
29
34
33
34
35
32
35
32
30
29
32
28
22
23
18
18
19
20
22
24
22
22
25
22
18
12
10
6
3
1
-2
-7
-8
-8
-15
-10
-9
-18
-21
-23
-34
-39
-49
-57
-60
-72
-74
-76
-76
-77
-80
-80
-77
-79
-83
-80
-83
-82
-80
-82
-76
-81
-82
-80
-77
-71
-66
-62
-62
-61
-60
-59
-54
-53
-53
-54
-54
-50
-46
-49
-53
-48
-48
-48
-46
-41
-34
-36
-38
-25
-24
-28
-31
-35
-34
-38
-35
-35
-36
-32
-32
-30
-28
-29
-24
-29
-35
-35
-31
-28
-26
-30
-34
-33
-33
-32
-33
-33
-36
-35
-32
-33
-30
-29
-26
-22
-15
-15
-21
-25
-25
-22
-28
-28
-26
-22
-19
-17
-15
-6
-5
-7
-6
1
-1
0
6
1
2
0
3
-2
2
7
18
22
25
20
20
30
29
32
31
32
33
39
36
39
42
34
33
35
34
30
30
32
38
33
31
33
36
41
37
33
28
25
23
13
8
2
2
0
3
8
8
16
21
24
21
23
19
11
10
3
-1
1
1
-3
-6
-3
2
5
15
20
22
29
31
28
22
22
22
15
20
18
16
23
19
19
21
17
18
28
28
26
35
30
37
35
39
42
39
43
46
49
45
55
47
49
55
57
65
60
66
70
74
78
80
78
69
67
65
66
63
56
56
58
56
58
61
61
59
63
60
60
63
57
54
40
33
35
30
25
25
29
32
35
32
24
20
15
15
9
2
-4
-5
-10
-15
-15
-17
-14
-14
-19
-23
-18
-21
-19
-24
-28
-30
-35
-35
-36
-36
-37
-37
-36
-39
-37
-38
-39
-42
-43
-45
-53
-50
-51
-50
-47
-42
-38
-38
-35
-29
-33
-38
-35
-35
-31
-27
-24
-25
-25
-16
-11
-7
0
-3
-4
-3
-4
-2
-5
-6
-10
-10
-8
-9
-15
-20
-21
-20
-20
-21
-18
-18
-20
-22
-26
-32
-32
-36
-37
-43
-52
-52
-48
-44
-39
-32
-36
-31
-39
-41
-44
-44
-43
-46
-45
-48
-49
-49
-48
-43
-32
-29
-30
-32
-26
-30
-28
-26
-26
-26
-22
-13
-14
-18
-14
-15
-17
-16
-22
-24
-22
-20
-19
-17
-21
-24
-27
-24
-21
-21
-20
-23
-25
-25
-28
-34
-37
-42
-40
-38
-41
-40
-40
-43
-47
-47
-54
-50
-48
-43
-41
-36
-39
-44
-39
-42
-43
-44
-42
-43
-37
-40
-32
-31
-34
-33
-31
-24
-28
-21
-16
-18
-13
-3
-5
-2
1
1
10
6
5
12
10
14
17
18
25
30
34
43
46
44
45
50
50
49
53
48
49
54
50
54
58
56
60
66
70
72
74
78
78
76
75
81
81
80
77
70
73
69
62
56
48
41
37
31
36
35
37
35
32
28
23
20
17
15
7
5
-3
-2
4
3
0
-2
-3
-6
-4
1
0
7
9
12
8
7
7
2
4
6
5
4
6
8
11
14
17
18
18
21
27
28
31
23
19
21
19
21
18
21
21
20
30
32
33
37
43
43
42
45
43
41
44
43
40
41
37
31
30
23
22
26
30
30
42
38
32
36
35
31
32
32
27
22
15
12
5
6
10
3
1
7
5
3
3
-2
0
-4
-8
-8
-12
-7
-5
-7
-13
-5
-4
-8
-1
-3
-5
-6
-8
-7
-10
-13
-7
-1
1
6
9
14
18
12
13
18
23
27
21
24
26
25
26
23
27
28
35
35
34
39
41
39
34
33
25
17
15
12
7
4
6
0
-3
-3
-11
-10
-9
-21
-20
-20
-20
-22
-26
-26
-34
-33
-32
-34
-32
-32
-31
-32
-33
-40
-46
-52
-56
-61
-64
-58
-58
-61
-61
-68
-70
-66
-65
-65
-66
-68
-64
-64
-67
-63
-63
-61
-51
-53
-50
-41
-43
-41
-38
-39
-38
-34
-32
-33
-31
-26
-25
-32
-31
-34
-31
-25
-28
-32
-34
-34
-30
-33
-29
-28
-29
-28
-27
-29
-30
-28
-29
-29
-33
-33
-30
-32
-32
-31
-36
-39
-42
-42
-41
-41
-36
-38
-29
-28
-31
-29
-36
-35
-32
-19
-24
-22
-22
-23
-15
-16
-10
-11
-9
-9
-6
-2
3
0
-4
-3
-12
-8
-1
-3
-1
1
3
7
6
13
14
11
9
14
19
11
12
19
19
20
19
13
14
16
18
15
16
19
17
20
16
15
16
14
14
19
20
24
22
16
16
12
13
5
4
-1
-6
-4
1
6
3
8
7
3
-2
-7
-13
-7
-7
-7
-7
-10
-2
-3
-1
2
9
7
6
10
5
8
8
12
14
19
25
23
19
22
26
25
25
25
28
29
34
36
34
39
41
42
45
45
46
44
45
46
43
43
41
37
32
31
28
25
32
28
30
31
32
33
36
31
30
21
23
24
24
27
25
28
29
37
41
43
50
53
52
54
53
51
56
57
53
54
53
51
49
48
50
53
53
53
47
47
38
30
25
23
23
26
27
22
24
18
17
13
11
6
1
2
-3
-6
-4
-7
-9
-8
-19
-22
-26
-27
-23
-25
-23
-23
-22
-26
-29
-32
-33
-34
-36
-32
-31
-24
-19
-21
-19
-22
-19
-27
-27
-29
-28
-29
-30
-26
-29
-25
-22
-17
-12
-9
-6
-4
-3
-5
-10
-10
-8
-8
-16
-20
-15
-18
-19
-17
-18
-11
-9
-9
-10
-12
-15
-17
-23
-31
-31
-34
-35
-34
-34
-29
-24
-23
-25
-22
-14
-17
-17
-18
-21
-22
-18
-17
-22
-20
-20
-26
-20
-16
-14
-13
-9
-10
-13
-15
-13
-9
-10
-9
-6
-10
-7
-9
-15
-16
-15
-20
-22
-23
-25
-30
-31
-28
-29
-26
-29
-28
-32
-37
-42
-47
-46
-51
-52
-54
-53
-47
-48
-51
-51
-47
-46
-43
-45
-52
-49
-54
-51
-56
-57
-57
-57
-56
-55
-50
-39
-28
-23
-17
-18
-16
-16
-17
-17
-16
-14
-11
-10
-12
-10
-3
-3
-1
5
10
8
6
1
0
6
7
10
12
10
10
12
7
8
6
5
-2
-9
-5
-11
-3
1
0
9
9
15
13
13
15
8
11
13
19
15
18
13
10
12
10
17
15
22
25
30
33
34
29
30
35
37
37
40
39
35
40
36
44
38
39
42
39
45
48
49
47
50
49
53
50
52
53
60
62
58
60
61
56
57
51
48
54
53
52
50
47
41
36
30
31
27
24
18
17
17
13
20
20
16
12
12
15
8
12
10
11
10
3
2
4
6
6
3
7
15
20
21
24
25
22
20
19
19
16
16
18
19
17
20
25
26
27
28
30
29
30
24
22
18
19
19
18
23
24
24
27
26
22
25
27
25
27
30
24
24
23
22
22
23
17
15
29
29
33
36
35
28
18
17
16
20
15
12
13
11
11
9
3
-2
0
3
2
3
6
10
1
1
-4
-6
-3
-5
-3
-4
-4
-4
-3
-7
-13
-19
-20
-23
-26
-26
-31
-33
-33
-35
-34
-39
-36
-30
-33
-28
-30
-33
-34
-32
-35
-34
-37
-32
-29
-25
-24
-23
-25
-27
-26
-32
-35
-42
-40
-38
-38
-30
-32
-29
-27
-32
-22
-21
-21
-25
-25
-23
-28
-26
-27
-22
-23
-20
-17
-21
-21
-19
-17
-20
-18
-18
-14
-17
-19
-18
-16
-16
-17
-18
-24
-27
-25
-27
-34
-38
-39
-38
-38
-39
-32
-31
-32
-30
-32
-30
-34
-36
-41
-44
-44
-46
-49
-48
-41
-41
-37
-45
-42
-30
-25
-22
-24
-23
-23
-20
-23
-18
-21
-17
-18
-16
-6
-6
2
0
-1
2
-2
-3
-5
-8
-15
-17
-15
-14
-19
-23
-24
-20
-16
-15
-10
-6
-5
-7
-10
-6
-8
-10
-9
-9
0
0
1
-3
1
2
4
10
7
4
-2
4
7
8
20
19
22
22
18
16
13
13
9
10
13
14
14
11
10
12
13
16
20
18
24
22
26
22
21
22
16
13
13
18
14
18
15
6
11
12
5
4
1
12
12
11
16
12
12
12
13
13
10
14
9
7
9
8
18
22
13
11
15
12
19
23
24
16
22
27
27
30
28
24
21
24
23
20
16
25
24
26
26
22
18
17
26
29
33
37
31
25
25
17
11
13
11
6
9
11
13
15
16
18
15
17
23
27
26
31
27
13
7
-1
-2
1
8
11
11
19
21
24
26
29
31
31
28
27
20
20
20
18
16
12
18
18
12
10
12
14
10
16
13
11
13
14
19
17
15
18
21
17
15
15
12
12
12
14
6
7
5
0
5
6
9
12
7
8
11
6
2
-3
-5
2
0
1
3
1
0
-3
-6
1
3
-3
4
3
1
-7
-10
-11
-21
-25
-26
-31
-27
-27
-25
-21
-23
-26
-29
-33
-42
-43
-48
-45
-49
-49
-40
-42
-46
-46
-42
-39
-30
-29
-33
-33
-31
-26
-31
-30
-35
-31
-26
-27
-18
-19
-26
-25
-28
-24
-20
-22
-18
-9
-9
-10
-9
-9
-6
-1
3
3
9
4
-2
1
0
-4
-2
-2
5
10
9
10
11
11
12
6
8
4
-5
-5
-8
-8
-12
-9
-5
-2
-5
-8
-6
-6
-7
-6
-6
-12
-14
-16
-16
-19
-18
-11
-14
-12
-9
-7
-5
-5
-9
-17
-15
-15
-16
-6
-7
-9
-3
-4
0
6
1
6
5
3
4
3
2
7
10
4
7
0
3
7
4
7
5
7
4
3
-3
1
-3
-8
-5
-3
-6
-5
-9
-20
-21
-23
-28
-31
-28
-34
-37
-36
-39
-42
-44
-43
-42
-40
-45
-42
-43
-51
-50
-51
-50
-48
-41
-39
-34
-30
-30
-29
-24
-26
-30
-22
-18
-13
-12
-11
-9
-8
-3
8
10
12
17
18
20
21
22
17
13
14
17
26
29
29
33
30
31
34
29
31
38
40
41
36
41
35
34
34
34
40
39
40
42
39
37
43
41
39
39
41
44
44
48
50
49
49
48
48
43
41
41
40
39
32
29
29
34
35
32
35
36
31
34
29
18
14
13
12
5
7
9
12
15
12
13
11
7
-1
2
2
10
8
3
8
-1
11
18
13
11
10
19
19
21
21
23
23
24
22
23
29
33
35
38
42
46
51
54
51
52
45
44
40
39
38
39
46
41
43
44
47
46
40
39
39
36
32
32
28
25
19
17
8
9
1
-7
-8
-8
-7
-9
-8
-7
-13
-19
-20
-29
-28
-27
-25
-22
-23
-22
-16
-20
-20
-28
-19
-16
-15
-4
-7
-9
-15
-17
-10
-13
-14
-16
-14
-13
-15
-15
-11
0
-3
2
3
0
5
7
8
3
-1
-6
-11
-15
-18
-15
-14
-10
-14
-16
-24
-25
-25
-28
-22
-20
-18
-17
-11
-8
-13
-19
-24
-26
-31
-32
-37
-35
-37
-40
-41
-48
-48
-57
-56
-54
-53
-48
-50
-47
-47
-51
-54
-54
-57
-56
-57
-56
-56
-56
-55
-54
-54
-60
-62
-61
-50
-44
-42
-37
-36
-36
-39
-44
-48
-47
-44
-39
-43
-43
-40
-44
-39
-35
-39
-34
-34
-34
-29
-28
-26
-24
-24
-23
-17
-18
-15
-13
-11
-11
-11
-13
-14
-17
-15
-8
-9
-7
-2
5
4
4
-3
0
3
0
2
-7
-4
-6
1
-3
-12
-8
-7
-4
4
0
-1
-5
-13
-19
-24
-18
-22
-20
-22
-23
-22
-23
-19
-13
-15
-13
-11
-17
-17
-18
-18
-13
-12
-13
-9
-11
-10
-2
-3
-1
2
2
3
1
8
6
8
8
13
14
13
23
20
21
23
27
23
20
25
22
27
29
24
24
25
26
31
32
39
46
42
47
44
43
45
41
46
48
43
42
38
34
31
29
22
27
36
31
34
39
34
36
35
34
27
30
33
26
29
20
19
17
10
7
13
13
14
19
22
28
31
32
27
26
23
22
27
27
25
25
24
19
17
18
28
30
32
31
35
37
34
33
30
31
33
39
32
34
36
32
33
37
42
45
41
49
47
48
61
60
64
66
57
60
65
63
62
63
62
61
58
55
53
56
57
57
53
55
54
51
49
44
46
40
41
40
34
29
21
17
12
14
14
13
5
-4
-1
-3
-4
-8
-11
-18
-27
-29
-31
-35
-34
-35
-36
-40
-49
-50
-51
-53
-53
-56
-53
-47
-50
-50
-48
-53
-50
-47
-53
-54
-59
-63
-61
-59
-63
-63
-65
-61
-47
-52
-46
-39
-40
-43
-49
-44
-51
-50
-52
-53
-52
-47
-42
-43
-41
-36
-32
-31
-33
-34
-29
-33
-32
-43
-44
-40
-44
-45
-46
-49
-46
-48
-50
-45
-48
-45
-47
-45
-45
-43
-40
-42
-45
-42
-45
-48
-41
-48
-46
-42
-46
-35
-36
-38
-33
-26
-25
-29
-28
-30
-30
-22
-22
-27
-24
-22
-24
-26
-23
-19
-25
-22
-17
-21
-23
-28
-31
-31
-35
-35
-35
-30
-28
-26
-23
-23
-25
-24
-19
-21
-17
-10
-8
-10
-10
-14
-14
-11
-9
-2
4
11
11
12
8
5
4
4
3
-1
4
2
7
13
14
16
18
20
26
29
25
32
33
29
27
24
30
24
23
23
22
24
22
33
38
41
43
43
42
40
32
28
30
28
25
29
27
30
32
33
35
32
34
36
33
33
32
25
24
17
15
20
17
18
21
25
26
33
33
33
40
37
38
35
30
31
37
40
40
40
43
52
56
47
48
50
51
51
51
53
48
40
42
41
39
38
38
43
47
46
40
34
38
38
44
46
43
43
45
38
34
33
34
34
38
37
36
40
32
31
31
31
32
33
37
41
40
40
37
33
34
32
34
35
33
37
37
37
42
45
46
45
45
46
42
41
41
36
29
24
24
25
21
21
11
8
4
-1
2
0
-4
0
0
-2
3
6
5
5
0
-2
-4
-10
3
-8
-14
-13
-24
-21
-19
-15
-16
-11
-12
-12
-14
-15
-8
-20
-25
-26
-36
-42
-46
-48
-45
-44
-49
-41
-43
-43
-42
-42
-37
-34
-33
-32
-34
-39
-44
-41
-41
-40
-41
-39
-36
-44
-40
-37
-32
-32
-34
-27
-27
-33
-40
-32
-40
-38
-33
-35
-33
-29
-24
-28
-23
-27
-29
-27
-28
-25
-29
-31
-32
-34
-36
-39
-38
-40
-46
-46
-47
-39
-42
-45
-40
-41
-41
-41
-38
-37
-40
-45
-45
-49
-43
-45
-51
-51
-54
-50
-48
-47
-38
-37
-35
-28
-37
-36
-33
-32
-28
-22
-23
-20
-14
-9
-8
-2
2
3
2
-1
4
-2
-1
7
4
6
6
5
5
3
0
-8
-6
-7
-7
-3
-7
-10
-9
-12
-10
-13
-3
3
7
6
6
8
3
10
12
8
8
10
6
6
4
7
3
3
10
13
22
17
12
17
17
13
12
10
4
4
5
12
12
12
14
11
10
9
8
5
5
4
7
9
10
9
9
9
14
11
6
8
8
5
6
6
9
15
14
15
16
17
16
17
14
10
15
11
10
9
8
9
5
9
14
19
22
18
15
9
8
11
4
10
-4
7
-7
8
-16
20
-28
-3
23
-26
53
-7
37
15
17
28
0
55
6
52
18
28
61
4
74
11
58
49
12
63
19
48
35
26
49
43
30
37
39
49
42
45
48
40
42
35
49
36
41
40
54
50
43
43
51
58
49
54
47
61
48
50
55
46
59
48
46
49
58
56
52
49
44
37
36
34
26
25
16
17
8
9
12
10
12
1
-3
-4
-9
-15
-15
-17
-21
-25
-29
-34
-35
-43
-40
-35
-41
-38
-43
-38
-35
-36
-38
-41
-47
-44
-42
-46
-45
-46
-49
-56
-51
-53
-53
-38
-36
-32
-28
-25
-22
-24
-15
-19
-16
-19
-17
-22
-33
-17
-29
-17
-21
-21
-8
-24
-9
-11
-11
-11
-16
-17
-22
-17
-22
-20
-22
-20
-20
-15
-17
-22
-18
-27
-24
-31
-35
-34
-41
-39
-41
-42
-43
-41
-40
-34
-30
-33
-37
-36
-37
-33
-32
-40
-41
-36
-42
-33
-41
-40
-39
-43
-34
-48
-44
-47
-40
-38
-39
-33
-38
-39
-37
-35
-32
-26
-32
-24
-25
-25
-25
-30
-26
-33
-27
-26
-27
-21
-16
-3
2
4
8
12
14
17
10
13
12
12
9
0
-2
-3
-6
-2
-2
-2
12
6
8
6
6
6
-5
-6
-13
-7
-11
-19
-24
-27
-19
-41
-30
-19
-33
-24
-20
-21
-16
3
-13
1
15
-16
3
3
2
-1
2
5
0
9
9
26
38
25
15
19
28
20
24
29
28
31
17
14
15
10
4
2
13
11
11
12
10
8
0
-3
9
15
20
24
29
28
21
22
22
26
27
24
29
34
30
28
24
25
32
23
37
44
39
49
46
44
50
52
38
52
44
32
52
48
41
54
48
50
54
49
53
56
51
43
47
46
48
43
48
46
51
48
52
49
38
36
27
32
31
18
26
35
35
41
31
33
32
40
42
40
37
26
25
16
13
10
9
10
10
6
4
7
11
9
9
7
7
11
-1
-2
1
-4
1
-1
-2
-2
-3
-1
-4
3
9
9
4
6
9
12
14
10
10
3
6
15
6
10
12
11
17
18
14
14
10
10
7
8
13
10
7
0
-5
-9
-15
-16
-10
-12
-6
-9
-15
-15
-10
-12
-7
-2
-17
7
0
0
12
1
6
-3
4
4
-3
-7
-8
-1
-18
-11
-15
-17
-11
-17
-5
-14
-12
-9
-10
-5
-5
-3
-6
-8
-6
-14
-13
-11
-13
-13
-9
-13
-12
-16
-22
-18
-24
-26
-26
-31
-32
-37
-32
-35
-44
-36
-41
-41
-41
-44
-40
-38
-43
-46
-40
-34
-32
-30
-32
-36
-35
-40
-34
-31
-32
-35
-30
-19
-23
-20
-27
-19
-19
-24
-9
-18
-19
-28
-34
-29
-26
-26
-23
-22
-31
-27
-30
-27
-33
-31
-39
-36
-33
-33
-28
-34
-38
-30
-24
-28
-27
-32
-30
-37
-32
-34
-36
-38
-45
-43
-44
-42
-46
-38
-34
-41
-43
-45
-50
-52
-46
-42
-47
-43
-42
-39
-33
-43
-47
-50
-51
-46
-44
-46
-42
-39
-31
-24
-21
-9
-9
-6
-4
1
1
0
4
-4
2
-1
-2
-5
-12
-13
-7
-8
-6
-1
-1
-1
3
9
15
9
13
10
6
8
7
13
9
12
9
14
15
15
23
16
9
12
8
8
3
2
5
2
3
0
2
2
9
10
12
19
19
30
27
29
37
35
45
49
53
53
54
57
58
61
64
60
59
73
72
68
69
64
71
69
66
67
59
61
56
58
55
45
52
55
58
61
61
57
56
58
56
56
50
49
52
53
50
50
52
53
51
59
55
51
57
50
43
47
44
48
46
47
45
40
41
37
38
38
39
30
29
25
26
29
29
24
21
29
27
29
23
20
23
6
1
1
-1
2
3
1
-4
-2
-2
1
2
0
-7
-4
-10
-11
-21
-23
-20
-17
-11
-24
-25
-26
-28
-22
-20
-19
-15
-17
-20
-23
-21
-19
-26
-31
-25
-26
-23
-17
-21
-19
-18
-19
-21
-26
-29
-31
-34
-37
-35
-34
-35
-37
-40
-46
-53
-50
-45
-42
-43
-41
-43
-45
-45
-48
-40
-42
-45
-44
-40
-36
-43
-40
-38
-36
-29
-27
-29
-32
-33
-29
-26
-23
-26
-26
-23
-26
-26
-26
-20
-27
-34
-31
-30
-34
-38
-35
-38
-39
-36
-39
-38
-40
-39
-34
-35
-35
-33
-30
-32
-26
-19
-15
-15
-20
-20
-23
-26
-20
-17
-20
-17
-13
-5
1
4
4
4
8
4
4
5
9
2
-1
-2
-8
-8
-5
-3
-2
-3
-4
-5
-10
-7
-12
-18
-13
-21
-25
-26
-30
-30
-31
-33
-32
-34
-30
-27
-34
-25
-28
-31
-30
-25
-23
-19
-17
-13
-10
-8
-6
-10
-9
-8
-14
-19
-14
-13
-8
-5
-7
-6
-9
-2
1
9
16
19
22
21
20
22
23
23
22
18
26
30
31
38
39
47
56
56
49
54
51
55
56
49
53
44
41
42
49
50
53
55
52
50
45
39
30
28
25
24
23
18
14
20
13
4
6
0
0
7
11
3
0
-3
-5
-2
6
12
11
12
5
7
5
6
8
11
21
17
24
24
26
30
34
37
37
44
46
50
46
48
54
50
48
47
49
50
59
62
61
60
56
58
57
60
52
53
55
44
49
47
53
51
50
55
54
48
44
44
42
39
38
41
34
31
32
26
28
27
26
25
24
24
17
13
11
8
6
9
5
4
6
3
-3
-6
-12
-18
-20
-21
-22
-22
-21
-27
-27
-30
-29
-27
-22
-15
-19
-17
-19
-21
-24
-23
-22
-28
-27
-28
-29
-31
-31
-26
-19
-15
-13
-8
-7
-2
-8
-9
-10
-17
-13
-14
-20
-14
-6
-3
5
1
1
-2
-5
-3
-10
-11
-12
-19
-22
-25
-26
-26
-28
-25
-23
-26
-28
-29
-29
-32
-33
-35
-39
-40
-42
-43
-41
-42
-38
-37
-39
-37
-41
-50
-49
-48
-45
-45
-35
-37
-32
-26
-27
-21
-16
-9
-12
-14
-10
-13
-20
-23
-24
-27
-24
-18
-20
-14
-9
-8
-4
-4
-4
-7
-7
-14
-20
-17
-18
-18
-16
-17
-10
-14
-18
-12
-12
-10
-11
-14
-5
-7
-10
-5
-8
-4
-2
-3
-6
1
1
-4
-1
5
9
8
6
-1
2
-3
2
0
-3
-7
-18
-17
-23
-27
-29
-31
-34
-36
-36
-40
-42
-43
-36
-34
-32
-37
-39
-42
-43
-42
-40
-37
-31
-28
-29
-23
-28
-24
-24
-18
-13
-8
-4
-5
-2
0
4
10
10
15
23
25
26
26
26
25
24
17
18
16
16
17
21
25
23
29
26
32
29
28
28
18
27
30
34
38
43
46
51
41
34
32
33
39
37
29
27
24
25
27
26
27
29
27
27
18
12
13
4
3
0
-7
-8
-5
-6
6
5
5
9
8
3
-11
-13
-19
-18
-17
-18
-17
-21
-19
-14
-9
-5
-1
-4
-1
2
3
9
5
5
10
9
13
20
21
23
24
20
24
29
29
29
31
35
32
29
36
38
36
42
40
42
43
42
38
34
39
37
34
32
30
29
27
22
23
24
19
27
23
20
17
11
8
10
6
3
3
-1
2
0
4
2
-2
-6
-12
-9
-7
-5
-7
-2
-1
-2
4
3
-2
-5
-2
-3
1
5
10
10
4
2
-2
-5
-5
-3
0
-5
-8
2
1
-1
-7
-6
-9
-13
-18
-12
-14
-16
-15
-16
-6
-7
-7
-7
-1
7
12
12
14
13
8
10
13
7
1
2
3
2
1
0
1
-2
-6
-6
-7
-5
-6
-13
-16
-22
-26
-23
-16
-15
-24
-28
-34
-37
-35
-37
-33
-28
-29
-23
-25
-30
-31
-30
-22
-20
-21
-20
-22
-24
-24
-29
-26
-20
-15
-8
-7
-5
0
-1
0
1
0
-1
-6
-1
-6
-7
-3
-2
9
14
21
18
19
22
22
22
11
11
17
13
5
9
14
20
26
27
28
34
31
23
21
13
12
9
-2
4
2
-1
5
8
8
11
9
1
-6
-10
-14
-23
-20
-28
-35
-35
-39
-45
-50
-48
-52
-51
-44
-46
-56
-62
-60
-63
-65
-60
-59
-61
-58
-63
-63
-56
-51
-44
-39
-43
-39
-36
-39
-36
-26
-23
-16
-13
-11
-10
-10
-6
-5
-3
-4
0
8
14
15
22
26
33
31
31
29
23
25
18
14
11
10
8
13
17
15
11
14
14
13
12
4
3
-6
-8
-10
-10
-18
-23
-25
-19
-13
-15
-5
-2
-2
-10
-12
-10
-9
-12
-18
-18
-22
-24
-25
-21
-20
-12
-3
6
11
8
13
8
5
9
13
16
13
16
18
22
22
29
32
33
36
40
47
50
51
57
59
62
68
64
72
67
58
63
61
62
54
56
55
56
57
54
56
53
56
55
47
39
36
37
36
33
32
22
21
17
5
12
9
3
1
-3
2
3
-2
2
-10
-17
-21
-23
-22
-25
-25
-29
-24
-21
-26
-19
-22
-15
-10
-8
1
-4
-2
-3
3
8
13
14
11
18
20
14
13
15
19
22
28
36
43
51
48
48
52
58
59
55
55
49
48
46
46
46
49
47
43
47
38
40
38
34
39
38
36
35
34
30
33
28
32
34
24
24
16
14
14
7
8
2
4
2
-8
-4
-7
-12
-14
-12
-9
-15
-20
-22
-24
-23
-25
-26
-20
-28
-33
-33
-36
-36
-34
-28
-37
-32
-37
-36
-36
-37
-33
-37
-31
-25
-28
-35
-37
-42
-45
-45
-39
-41
-36
-30
-32
-28
-21
-18
-21
-22
-19
-16
-18
-24
-21
-19
-19
-13
-7
-6
-8
-10
-11
-18
-22
-20
-18
-13
-15
-15
-18
-18
-17
-19
-17
-19
-18
-18
-28
-24
-26
-27
-22
-25
-21
-18
-21
-20
-20
-21
-13
-20
-21
-33
-35
-29
-36
-38
-39
-36
-43
-42
-40
-45
-40
-35
-36
-35
-38
-35
-41
-39
-39
-40
-38
-39
-37
-38
-34
-39
-42
-43
-39
-35
-32
-34
-35
-33
-40
-31
-30
-27
-22
-21
-19
-18
-17
-17
-11
-10
-9
-13
-14
-20
-24
-22
-16
-6
-10
-10
-11
-12
-13
-15
-14
-18
-18
-15
-17
-18
-20
-26
-27
-26
-28
-28
-28
-27
-29
-21
-20
-27
-30
-32
-34
-36
-33
-36
-32
-31
-29
-21
-16
-13
-6
0
-2
-4
-7
-11
-9
-9
-11
-11
2
17
21
24
26
25
28
28
28
32
33
25
22
24
29
38
37
38
42
42
51
54
54
58
53
53
57
53
57
51
51
53
51
61
63
67
64
67
70
63
58
56
60
65
62
59
64
55
48
49
51
54
52
51
52
56
53
55
51
50
62
53
51
42
39
37
38
37
34
32
34
37
33
35
34
34
37
39
38
36
35
37
25
20
16
15
2
1
9
9
15
12
12
8
8
4
-2
-10
-13
-19
-17
-14
-20
-17
-18
-20
-29
-27
-23
-22
-21
-17
-15
-11
-15
-13
-9
-11
-8
-4
5
4
0
6
10
12
9
7
11
12
12
14
15
11
13
19
16
14
10
14
19
18
19
19
18
18
14
11
9
5
8
9
8
1
-1
-5
-7
-5
-6
-1
-6
-5
-1
-5
-8
-9
-14
-15
-13
-12
-5
-7
-10
-20
-29
-32
-33
-34
-34
-34
-34
-34
-26
-29
-31
-24
-26
-29
-33
-33
-37
-38
-44
-51
-41
-35
-28
-29
-25
-21
-16
-12
-15
-16
-16
-12
-16
-21
-23
-25
-19
-24
-29
-27
-29
-28
-26
-25
-29
-27
-30
-29
-30
-32
-33
-30
-26
-37
-46
-44
-41
-48
-47
-42
-39
-46
-45
-46
-50
-51
-48
-39
-35
-37
-37
-38
-45
-41
-41
-45
-45
-46
-53
-56
-54
-50
-46
-48
-32
-26
-27
-22
-23
-27
-31
-28
-28
-29
-33
-31
-29
-29
-28
-24
-26
-24
-21
-19
-15
-10
-8
-9
-3
5
7
4
5
-2
0
6
17
20
19
25
29
33
34
35
34
31
30
22
20
18
22
24
29
36
38
32
31
42
45
42
37
42
45
38
31
31
27
29
23
21
23
17
20
21
18
13
9
2
2
6
7
9
1
5
-4
-7
-8
-10
-8
-5
1
-5
-8
-2
2
1
3
1
1
-4
-3
2
4
10
10
3
10
14
19
24
22
25
28
36
48
53
54
56
53
52
56
52
51
54
62
73
76
71
69
66
70
78
74
75
77
79
80
73
69
66
66
70
64
68
63
59
51
54
51
56
66
67
62
54
58
50
45
46
44
45
40
34
30
20
21
25
13
11
10
7
8
6
5
8
0
-1
0
-4
-9
-23
-32
-29
-26
-21
-16
-19
-21
-23
-27
-23
-19
-20
-9
-7
-7
-12
-11
-8
-8
0
2
6
6
4
4
1
3
5
3
3
-5
-10
-1
-1
-5
-5
-10
-9
-6
7
13
4
11
2
-3
-13
-17
-15
-11
-8
-6
-6
-10
-6
-8
-9
-7
-4
-2
0
-5
-12
-15
-29
-31
-32
-36
-32
-36
-38
-45
-45
-44
-42
-40
-38
-36
-42
-51
-55
-55
-56
-50
-46
-39
-38
-43
-49
-51
-47
-45
-38
-34
-35
-43
-47
-52
-55
-54
-43
-37
-36
-36
-35
-38
-40
-36
-38
-32
-29
-38
-35
-36
-31
-31
-22
-16
-23
-17
-11
-5
-3
1
0
-2
-4
-9
-9
-12
-15
-15
-13
-13
-12
-12
-19
-18
-23
-22
-28
-32
-26
-30
-26
-32
-30
-25
-20
-24
-30
-41
-42
-40
-43
-39
-47
-48
-56
-56
-54
-51
-40
-31
-31
-37
-40
-43
-48
-52
-48
-53
-54
-51
-50
-51
-54
-53
-45
-38
-32
-20
-20
-19
-17
-20
-20
-9
-1
-8
-4
-5
-2
5
11
19
21
27
30
36
43
39
38
41
40
48
47
35
36
41
45
48
40
40
46
41
45
59
56
51
48
44
45
44
42
37
35
27
21
27
24
28
29
24
32
23
22
24
30
36
36
43
38
33
32
28
28
34
32
32
35
40
37
29
27
30
33
29
26
29
30
32
31
39
46
37
36
37
44
47
45
47
56
59
59
58
48
43
46
50
48
52
54
59
54
48
48
57
59
56
58
54
49
51
51
53
62
62
63
65
67
57
51
53
47
44
44
46
51
48
48
43
40
32
23
25
16
15
14
20
19
5
0
-4
-6
-12
-15
-16
-15
-17
-20
-15
-19
-27
-31
-32
-18
-23
-16
-17
-27
-27
-37
-40
-41
-33
-32
-31
-29
-34
-37
-37
-35
-40
-35
-24
-25
-21
-22
-31
-31
-34
-39
-33
-27
-21
-23
-26
-28
-29
-32
-26
-15
-11
-10
-4
-4
-5
-14
-11
-10
-16
-9
-3
-4
-11
-8
-10
-8
-4
-3
2
0
-9
-5
-9
-10
-6
-9
-5
-8
-21
-28
-30
-37
-41
-41
-44
-47
-37
-42
-47
-48
-51
-49
-52
-54
-53
-57
-68
-72
-80
-79
-83
-83
-70
-58
-57
-58
-57
-63
-67
-63
-60
-60
-59
-55
-51
-58
-62
-54
-41
-32
-28
-28
-28
-35
-30
-31
-34
-26
-21
-16
-21
-28
-28
-17
-10
-3
0
1
6
-2
3
0
-5
-5
-1
-2
-5
-6
-16
-5
2
6
7
3
-3
-2
2
-5
-2
0
-2
-4
-6
-7
-15
-14
-13
-5
-4
-4
-4
-13
-13
-14
-12
-12
-15
-19
-27
-33
-27
-21
-27
-26
-18
-5
-7
-12
-17
-20
-13
-5
2
-6
-10
-10
-7
-4
-7
-1
3
14
12
8
10
9
11
13
15
16
18
22
27
25
24
28
29
36
42
44
48
48
50
48
50
52
54
57
55
49
44
42
45
54
60
55
49
45
49
57
60
55
57
55
53
48
41
30
20
18
19
20
23
22
27
23
20
24
24
22
17
18
12
19
13
9
8
12
20
21
18
15
7
3
18
20
19
16
16
13
8
5
9
16
19
21
17
11
7
10
18
18
15
25
31
26
22
22
31
43
52
60
61
52
52
55
57
63
66
70
67
67
60
59
64
63
62
58
55
53
52
50
50
55
57
51
45
43
42
34
31
32
37
31
23
17
19
12
8
11
10
5
-6
-7
-12
-23
-21
-13
-14
-22
-27
-31
-33
-31
-37
-39
-41
-30
-32
-26
-25
-35
-27
-19
-26
-36
-35
-36
-33
-36
-36
-35
-35
-34
-29
-24
-32
-37
-39
-38
-39
-32
-28
-19
-20
-23
-22
-29
-19
-20
-17
-17
-28
-28
-32
-35
-31
-19
-26
-26
-20
-29
-29
-27
-24
-18
-15
-16
-25
-27
-28
-34
-37
-39
-39
-45
-49
-51
-52
-48
-47
-38
-45
-46
-48
-38
-33
-38
-42
-42
-40
-49
-53
-55
-53
-50
-52
-57
-61
-69
-63
-41
-35
-35
-37
-32
-31
-42
-40
-39
-28
-20
-20
-24
-18
-20
-25
-20
-27
-20
-21
-20
-11
-14
-12
-10
-11
-9
-4
-8
-14
-13
-27
-26
-20
-29
-22
-19
-10
-3
-10
-8
-15
-12
-11
-10
-5
1
-4
-5
-5
-9
-6
-4
8
6
-1
-1
-3
-7
1
-1
-4
-6
-10
-6
-9
-13
-13
-12
-16
-11
-13
-14
-21
-21
-18
-18
-16
-22
-25
-27
-25
-31
-33
-22
-16
-13
-7
7
10
6
12
9
3
3
10
11
11
11
16
18
20
27
28
40
51
48
47
49
50
46
50
56
59
59
54
58
66
63
55
55
49
51
56
56
56
58
53
49
43
42
36
40
50
50
56
52
40
40
33
29
27
25
31
30
33
30
28
25
26
35
37
29
23
28
24
12
3
-9
-17
-7
-10
-12
-8
-9
-2
-6
-7
-6
-9
3
13
11
14
16
14
9
7
15
15
22
26
22
18
19
28
31
29
31
38
41
38
47
47
40
44
48
52
44
40
42
43
41
34
26
24
25
31
33
26
8
2
1
3
16
13
9
9
3
-12
-16
-14
-8
-7
-6
-4
-6
-5
-6
-4
-3
-10
-17
-22
-22
-25
-26
-19
-15
-13
-11
-19
-23
-9
-7
-6
-8
-8
-17
-24
-23
-25
-21
-20
-13
-23
-31
-34
-33
-33
-23
-7
-18
-21
-15
-16
-22
-19
-18
-16
-10
-6
0
-8
-9
-1
-1
-2
-1
2
-3
-2
9
6
3
15
10
4
11
6
-1
2
2
-4
-7
-12
-16
-12
-10
-8
-10
-14
-19
-20
-17
-22
-23
-27
-32
-38
-44
-52
-55
-53
-59
-59
-51
-55
-59
-57
-63
-76
-83
-78
-63
-58
-60
-62
-65
-67
-58
-49
-60
-56
-49
-45
-41
-37
-40
-42
-39
-33
-26
-26
-31
-34
-28
-31
-33
-31
-31
-18
-12
-8
-15
-17
-21
-20
-17
-19
-13
-12
-3
2
-2
-11
-15
-10
3
9
10
11
14
22
22
15
16
19
23
27
24
12
3
4
12
6
10
14
4
1
-1
5
2
1
10
3
-3
-5
-11
-11
-8
-7
-6
0
4
5
2
-3
-4
-1
13
21
19
19
16
12
17
21
17
17
23
31
29
24
18
25
30
33
32
34
43
41
44
36
32
33
34
39
38
30
27
23
18
19
18
20
10
9
7
6
5
11
11
9
20
14
10
0
-12
-2
13
26
27
26
23
19
14
10
12
19
20
28
22
18
19
19
32
37
45
45
49
41
25
12
3
6
18
31
24
17
20
18
19
20
9
9
15
18
10
3
1
2
1
5
4
-4
0
-2
2
2
-2
-5
-5
7
10
13
12
10
10
14
19
25
28
26
27
22
22
23
23
30
28
26
36
36
29
27
30
39
49
51
42
37
26
14
15
16
21
20
20
31
34
27
19
25
39
38
32
30
24
31
28
18
20
18
17
27
31
22
18
23
29
21
22
20
9
8
7
-3
-12
-14
-14
-7
-10
-8
3
3
-3
-6
-8
-10
-13
-20
-20
-25
-24
-24
-31
-23
-15
-11
-8
-10
-21
-31
-25
-24
-15
-10
-12
-18
-15
-20
-24
-23
-24
-22
-20
-20
-29
-26
-29
-23
-19
-17
-19
-19
-17
-19
-25
-25
-30
-29
-25
-28
-26
-21
-20
-20
-24
-27
-21
-30
-35
-36
-38
-36
-31
-30
-31
-38
-43
-38
-39
-33
-44
-45
-39
-38
-34
-28
-24
-34
-34
-31
-45
-58
-49
-36
-32
-30
-33
-38
-43
-51
-56
-49
-47
-54
-48
-38
-41
-40
-47
-47
-43
-49
-45
-42
-48
-52
-56
-57
-52
-56
-55
-50
-42
-35
-33
-32
-30
-37
-35
-28
-25
-20
-24
-27
-17
-7
-2
8
9
6
3
-1
7
4
3
7
10
17
17
16
12
20
31
31
26
33
35
25
16
16
17
12
18
21
19
20
25
30
35
35
30
29
23
9
7
9
4
9
12
6
12
19
26
26
24
11
11
9
6
12
1
3
6
10
10
7
13
12
20
27
27
27
27
22
23
25
24
27
23
33
40
43
42
46
55
55
60
63
63
54
45
42
42
39
36
42
42
44
46
41
38
32
36
41
39
36
32
29
34
30
29
26
25
29
37
40
34
38
34
34
30
18
16
15
18
12
10
5
-9
-14
-8
-4
4
3
-5
-6
-15
-20
-20
-17
-11
-9
-7
-5
-14
-12
-6
-11
-9
-5
-3
10
6
-1
3
11
27
32
33
42
46
43
44
44
42
42
41
39
32
30
36
43
51
49
45
49
49
43
38
43
42
41
44
35
32
26
25
24
24
21
13
17
21
18
20
22
17
20
17
18
13
6
-2
-9
-15
-14
-12
-17
-18
-28
-28
-25
-22
-18
-21
-20
-26
-30
-21
-28
-40
-46
-46
-44
-43
-40
-45
-46
-46
-43
-44
-43
-44
-43
-53
-55
-54
-55
-49
-48
-46
-59
-54
-51
-43
-33
-40
-36
-37
-38
-35
-40
-43
-49
-50
-49
-52
-44
-41
-39
-43
-37
-36
-38
-32
-34
-35
-44
-52
-54
-49
-47
-47
-43
-44
-48
-46
-43
-43
-45
-42
-46
-46
-42
-43
-40
-38
-41
-45
-39
-45
-45
-43
-48
-50
-48
-53
-57
-55
-62
-55
-49
-48
-43
-43
-37
-36
-32
-32
-28
-24
-29
-29
-35
-40
-31
-28
-31
-27
-25
-17
-20
-25
-20
-16
-12
-5
1
-2
4
0
-9
-4
-2
-1
3
4
5
12
20
21
23
29
30
24
30
37
39
41
37
40
42
39
39
47
54
53
57
61
55
54
53
57
61
67
64
56
52
46
42
42
41
46
49
44
39
38
38
31
35
39
37
38
33
22
18
16
15
10
9
12
10
8
3
4
2
4
7
4
6
3
-1
1
-3
-2
-3
4
12
9
19
18
13
17
14
18
20
33
41
49
49
38
42
38
41
46
45
48
43
39
40
44
45
47
53
55
46
47
47
44
44
46
42
39
41
37
34
31
27
26
29
37
34
28
24
24
28
22
16
15
6
11
12
3
1
7
12
15
18
13
10
5
1
3
6
4
0
1
2
5
3
-2
-5
1
6
11
15
16
12
6
5
6
9
10
9
8
11
10
13
15
17
21
21
24
27
26
31
26
26
31
23
23
19
12
4
3
1
-4
0
-5
-11
-7
-3
4
4
7
3
2
1
-6
-5
-10
-9
-9
-11
-6
-3
-2
-5
-8
-3
1
2
-4
-7
-8
-14
-20
-30
-29
-33
-33
-36
-44
-41
-45
-33
-31
-30
-25
-35
-40
-39
-42
-46
-45
-48
-50
-47
-41
-46
-46
-44
-44
-43
-42
-43
-48
-44
-50
-49
-47
-51
-53
-58
-58
-55
-54
-56
-57
-58
-59
-56
-57
-56
-55
-56
-56
-50
-44
-36
-30
-28
-26
-25
-25
-24
-28
-30
-31
-30
-28
-24
-15
-17
-16
-14
-10
-7
-16
-23
-30
-34
-38
-38
-45
-45
-40
-41
-39
-35
-37
-35
-26
-25
-23
-28
-40
-48
-48
-42
-41
-40
-46
-40
-37
-30
-21
-16
-12
-14
-10
-5
-3
-3
-7
-9
-8
-10
-6
1
6
6
16
19
19
17
16
21
19
21
23
18
15
14
17
33
34
40
43
43
45
41
41
37
44
49
46
50
47
38
41
43
40
43
38
32
24
18
14
11
15
17
16
25
22
14
13
13
12
9
4
2
0
-10
-8
-14
-10
-8
-10
-10
-3
-4
-12
-4
5
7
7
12
6
12
7
13
19
26
29
29
34
28
31
30
33
38
34
40
40
35
33
28
23
27
25
25
38
25
26
21
24
33
37
43
41
42
38
36
40
40
43
49
51
52
51
53
58
58
56
56
58
56
53
47
49
45
38
32
25
28
23
24
25
28
31
31
32
28
27
18
20
28
26
29
27
22
26
30
31
27
21
21
15
6
2
7
5
-7
-11
-24
-20
-21
-24
-17
-19
-23
-29
-31
-29
-30
-34
-28
-34
-35
-28
-35
-31
-28
-29
-19
-19
-19
-17
-13
-17
-17
-12
-12
-19
-15
-14
-14
-17
-14
-7
-7
-2
-12
-16
-16
-17
-18
-17
-19
-20
-21
-24
-27
-30
-33
-26
-22
-23
-26
-35
-35
-37
-41
-49
-49
-47
-48
-42
-36
-31
-28
-31
-34
-35
-34
-35
-39
-42
-42
-40
-48
-45
-43
-43
-40
-43
-44
-37
-36
-37
-41
-47
-42
-45
-38
-27
-26
-26
-28
-25
-24
-27
-21
-14
-7
-4
-3
1
-1
0
3
9
14
16
15
17
15
12
13
16
13
11
9
6
3
-3
0
0
2
3
1
-6
-8
-12
-14
-16
-21
-18
-21
-24
-25
-24
-26
-31
-38
-36
-34
-30
-30
-39
-45
-50
-55
-55
-50
-50
-52
-53
-48
-51
-56
-54
-54
-48
-45
-51
-53
-58
-60
-59
-59
-52
-52
-46
-40
-46
-43
-34
-29
-22
-16
-13
-12
-7
-2
-3
7
6
8
12
13
16
21
28
34
40
48
55
61
67
74
76
79
86
84
88
84
84
84
83
81
76
74
72
74
69
71
72
70
66
61
54
45
43
41
41
26
21
17
6
6
1
-2
-4
-8
-13
-9
-10
-15
-12
-20
-20
-11
-15
-14
-13
-9
-4
-1
3
8
9
11
20
20
21
20
14
13
21
27
30
29
32
33
34
42
42
48
43
40
46
55
50
50
59
59
58
59
60
53
56
57
64
63
61
62
64
70
71
80
74
79
76
69
64
63
65
60
59
54
52
46
44
38
37
39
35
30
23
20
16
11
11
13
2
-2
-8
-9
-7
-14
-11
-12
-15
-13
-12
-14
-21
-26
-29
-26
-24
-27
-19
-21
-21
-23
-23
-14
-20
-20
-19
-19
-21
-19
-20
-21
-20
-15
-12
-10
-8
-9
-12
-13
-6
-8
-12
-15
-16
-13
-17
-15
-9
-4
0
-6
-2
-4
-3
-4
-4
1
-4
-8
-11
-13
-14
-11
-12
-11
-11
-12
-11
-9
-8
-10
-10
-12
-16
-22
-25
-24
-23
-25
-28
-29
-30
-30
-35
-32
-35
-37
-43
-51
-57
-54
-47
-53
-50
-45
-44
-44
-47
-42
-42
-46
-41
-37
-36
-35
-37
-39
-34
-38
-36
-37
-43
-41
-43
-41
-38
-39
-32
-31
-28
-30
-33
-35
-40
-31
-35
-31
-24
-24
-23
-34
-33
-32
-32
-29
-28
-28
-25
-27
-28
-31
-24
-26
-22
-18
-17
-14
-17
-11
-16
-15
-14
-7
2
0
-3
-4
-6
-6
-5
-7
-8
-6
-12
-7
-9
-12
-8
-13
-9
-7
-15
-21
-23
-24
-19
-21
-17
-10
-4
-4
-5
4
-3
-4
5
1
7
3
-4
2
1
11
18
19
27
25
25
28
24
20
10
10
13
13
13
11
10
12
8
9
9
0
1
-3
-12
-13
-11
-14
-23
-26
-29
-26
-20
-18
-18
-18
-18
-14
-15
-21
-17
-13
-14
-11
-9
-8
-2
3
12
17
22
25
26
20
21
23
20
21
27
25
33
40
52
57
62
65
63
66
56
54
52
54
58
59
63
65
63
68
70
76
78
79
82
78
68
71
77
76
77
81
80
70
70
61
63
61
52
59
56
50
50
49
47
35
31
33
37
45
39
34
31
25
22
11
8
10
13
3
2
-6
-13
-11
-12
-8
-9
-7
-5
-8
-9
-13
-12
-14
-11
-11
-18
-25
-23
-22
-21
-17
-12
-5
-1
4
6
2
2
-1
-4
-1
-2
0
1
-5
-7
-7
-5
-3
-8
-10
-3
0
6
8
9
12
2
-4
-5
-6
-15
-18
-18
-29
-30
-31
-25
-24
-16
-16
-16
-11
-13
-12
-19
-13
-5
-8
-11
-13
-17
-20
-17
-17
-18
-20
-21
-13
-9
-12
-3
-1
0
3
-3
-5
-6
-9
-8
-17
-21
-23
-33
-36
-35
-38
-36
-39
-33
-35
-42
-35
-33
-27
-32
-31
-28
-29
-31
-35
-35
-40
-38
-34
-33
-29
-21
-22
-19
-16
-15
-11
-9
-9
-15
-21
-21
-20
-28
-29
-30
-35
-32
-33
-34
-38
-43
-42
-48
-48
-45
-48
-48
-47
-42
-44
-46
-46
-41
-41
-36
-41
-45
-42
-46
-46
-42
-35
-33
-33
-28
-25
-20
-12
-12
-13
-9
-6
-7
-7
-8
-12
-8
-10
-8
-6
-7
-10
-7
-2
0
3
8
6
4
3
5
5
2
2
0
2
-1
5
10
10
11
14
12
14
15
17
16
11
13
12
19
14
20
19
18
20
18
25
27
20
14
12
16
19
13
12
13
14
20
14
12
9
7
12
9
1
3
1
-5
-7
-1
-2
-5
-6
-5
-3
-4
-6
-5
-4
-6
-4
-7
-5
-5
-2
-5
-5
1
6
4
5
7
6
11
17
24
24
30
32
38
45
46
53
49
47
44
41
38
37
40
37
45
49
48
47
46
48
49
53
53
52
53
48
48
39
37
39
36
37
35
37
36
32
33
32
34
35
31
26
23
23
24
26
28
31
29
19
14
8
6
6
2
8
6
3
3
2
1
-2
0
-2
1
-4
-6
-6
-13
-15
-14
-9
-9
-9
-9
-13
-8
-4
0
0
1
7
9
9
10
6
8
14
14
16
24
27
24
28
33
37
40
40
42
41
39
42
37
37
38
39
37
36
41
34
31
31
35
36
39
37
29
29
24
18
14
6
2
-1
-4
-6
-10
-17
-20
-21
-20
-21
-22
-19
-22
-23
-25
-27
-18
-16
-20
-21
-21
-22
-25
-25
-26
-30
-25
-19
-14
-9
-6
-2
-11
-6
-8
-8
0
-2
-3
-11
-12
-12
-19
-20
-16
-10
-11
-11
-5
-5
-5
-2
-5
-11
-14
-20
-21
-28
-31
-27
-35
-36
-33
-35
-33
-28
-23
-22
-21
-23
-21
-21
-21
-19
-15
-19
-25
-27
-33
-32
-33
-31
-31
-34
-31
-36
-33
-36
-37
-38
-38
-41
-46
-42
-46
-44
-47
-45
-47
-55
-54
-53
-51
-53
-52
-48
-42
-37
-29
-29
-32
-30
-29
-33
-39
-40
-38
-38
-38
-33
-36
-30
-24
-26
-27
-27
-25
-23
-28
-26
-24
-26
-20
-11
-6
-7
-2
-2
1
0
7
14
12
14
16
14
14
17
13
10
8
5
9
9
4
9
9
9
8
7
2
3
1
-3
-1
-6
-2
-4
-7
-11
-19
-21
-22
-19
-16
-18
-22
-17
-16
-13
-12
-9
-6
-5
-9
-10
-12
-11
-10
-13
-14
-14
-14
-12
-10
-8
-3
-1
1
5
5
8
18
22
28
31
31
30
38
33
35
40
42
43
43
44
45
52
44
47
48
54
54
52
56
53
57
51
49
47
42
35
38
40
31
33
28
21
22
21
11
8
12
9
9
8
3
6
7
1
-1
2
5
-4
-8
-9
-8
-2
-3
0
3
11
14
16
22
18
18
16
20
19
17
19
24
25
24
24
22
21
24
28
27
30
32
32
32
33
35
38
42
41
37
36
35
39
36
32
32
28
30
27
31
24
21
22
14
23
26
29
30
27
30
26
21
15
12
9
11
15
14
16
16
16
17
16
18
19
21
18
16
17
0
-6
-6
-13
-7
-11
-11
-11
-15
-14
-15
-11
-5
-9
-5
-6
-10
-6
-9
-11
-9
-12
-9
-7
-8
-4
-5
-6
-4
-9
-4
0
3
6
4
4
3
3
0
-4
-12
-13
-19
-19
-21
-25
-25
-24
-24
-27
-27
-32
-28
-24
-26
-27
-28
-29
-30
-31
-29
-25
-28
-23
-24
-25
-20
-19
-20
-27
-19
-25
-26
-29
-23
-26
-25
-11
-59
-22
-38
-40
-25
-15
-15
-46
-7
-41
-21
-26
-42
-3
-39
-17
-22
-19
-14
-44
-15
-33
-27
-17
-33
-31
-38
-39
-41
-42
-44
-39
-38
-39
-42
-41
-35
-36
-40
-36
-31
-32
-26
-27
-24
-26
-23
-24
-24
-23
-26
-24
-21
-16
-16
-12
-13
-16
-13
-17
-21
-22
-25
-23
-18
-13
-14
-8
-12
-18
-16
-14
-10
-14
-15
-13
-11
-13
-9
-7
-5
8
9
12
15
17
22
23
18
15
22
19
23
29
35
42
38
44
49
53
56
53
56
48
43
39
33
40
34
32
37
29
37
32
29
21
8
13
12
10
8
12
11
17
17
13
15
6
1
7
3
3
-1
-9
-15
-15
-20
-19
-10
-12
-8
-8
-10
-12
-7
-6
-7
-2
-6
-5
0
-1
-5
-3
1
-4
-4
2
-7
-7
-12
-11
-11
-12
-11
-13
-13
-11
-3
-10
-10
-10
-8
-3
0
7
7
3
3
0
5
13
16
22
17
21
25
27
31
38
40
45
51
49
51
51
58
59
63
65
62
61
64
71
68
70
69
66
69
72
64
60
64
59
62
60
60
58
56
50
50
56
53
54
44
39
32
28
26
27
32
27
25
25
27
28
24
22
24
22
23
25
22
14
8
0
1
-5
-9
2
-1
-3
-7
-7
-5
-1
3
5
2
-1
-2
-10
-12
-13
-9
-16
-15
-12
-10
-5
-7
-5
-5
-2
1
-2
-5
-7
-12
-15
-10
-15
-19
-25
-30
-25
-29
-32
-35
-26
-28
-29
-25
-32
-37
-39
-35
-44
-46
-52
-54
-56
-63
-64
-71
-73
-70
-71
-72
-70
-65
-57
-61
-62
-61
-61
-55
-60
-58
-56
-52
-46
-44
-44
-53
-49
-49
-44
-40
-40
-33
-29
-27
-20
-20
-22
-14
-8
-2
2
2
3
6
6
9
8
9
7
9
3
2
-5
-9
-15
-16
-14
-29
-32
-33
-31
-33
-36
-35
-34
-29
-26
-20
-18
-23
-22
-19
-16
-17
-15
-19
-21
-19
-26
-23
-24
-24
-16
-10
-16
-18
-17
-19
-20
-18
-19
-25
-31
-38
-40
-43
-44
-43
-44
-43
-37
-37
-39
-32
-34
-35
-37
-35
-33
-34
-33
-28
-25
-18
-22
-22
-16
-10
-6
-7
-2
3
4
0
4
-2
1
0
2
11
10
11
12
9
7
12
15
13
15
13
16
18
15
15
16
15
21
26
23
28
34
36
36
28
35
32
30
26
26
21
22
30
30
32
28
34
34
37
35
34
26
25
29
27
30
33
31
37
33
36
42
39
39
37
32
33
37
31
33
28
27
31
35
40
40
45
44
48
46
52
53
52
47
48
52
49
58
62
58
62
66
68
70
70
72
77
72
76
71
71
69
69
68
66
73
70
65
61
59
51
48
46
45
42
42
42
31
26
28
18
15
13
-2
-8
-19
-24
-23
-28
-30
-30
-29
-30
-27
-29
-23
-16
-11
-19
-21
-15
-21
-19
-22
-23
-21
-21
-18
-16
-19
-23
-27
-26
-24
-28
-33
-24
-23
-26
-22
-23
-19
-23
-20
-20
-17
-22
-15
-14
-17
-5
-6
-8
-7
-5
-1
2
6
12
15
22
22
19
19
10
12
11
5
4
-1
-7
-13
-10
-6
0
-3
-5
-3
-16
-16
-14
-20
-21
-28
-31
-28
-29
-28
-27
-19
-17
-16
-4
-8
-12
-3
-3
-8
-15
-11
-9
-17
-15
-18
-22
-23
-23
-21
-23
-30
-33
-40
-43
-41
-39
-37
-31
-27
-27
-29
-33
-31
-28
-23
-30
-28
-26
-28
-31
-35
-36
-32
-25
-20
-12
-12
-12
-11
-18
-18
-24
-29
-33
-39
-45
-46
-41
-39
-41
-42
-42
-44
-50
-53
-51
-52
-56
-51
-52
-54
-54
-56
-54
-59
-53
-51
-45
-42
-40
-36
-45
-43
-42
-41
-34
-33
-30
-33
-32
-30
-30
-38
-34
-30
-27
-20
-17
-19
-11
-9
-9
1
0
-4
-9
-7
-8
-12
-13
-14
-13
-11
-7
2
10
21
21
26
30
26
25
23
21
25
19
19
29
26
28
32
37
39
31
38
31
31
36
28
29
22
16
17
25
25
20
18
14
16
16
10
10
11
19
17
13
22
23
19
20
18
12
14
12
9
10
5
3
-1
-4
-2
6
12
15
24
32
35
37
37
40
35
31
35
30
31
26
23
26
28
35
37
37
40
44
44
44
42
43
43
38
42
38
38
42
38
40
44
43
42
44
48
49
49
50
46
46
48
44
41
44
45
43
48
46
45
47
43
40
44
43
42
33
38
38
40
44
41
38
38
42
38
40
37
37
35
36
32
25
21
15
15
13
8
12
11
9
5
2
-3
-12
-12
-12
-10
-8
-3
-5
-1
-7
-10
-12
-11
-10
-12
-11
-14
-8
-13
-24
-20
-17
-16
-10
-4
2
4
6
3
1
-1
-1
0
-2
-3
2
4
6
12
6
6
7
6
1
-1
1
-2
0
-4
-7
-9
-10
-12
-17
-15
-15
-20
-18
-11
-13
-13
-10
-13
-6
-9
-7
-5
-6
0
-8
-15
-22
-24
-29
-26
-29
-32
-31
-32
-34
-36
-32
-30
-26
-27
-26
-29
-37
-43
-48
-48
-50
-47
-43
-43
-44
-44
-45
-48
-40
-34
-33
-33
-38
-42
-44
-48
-50
-55
-48
-47
-50
-49
-48
-43
-43
-40
-37
-34
-36
-39
-36
-30
-35
-34
-36
-37
-33
-34
-35
-33
-27
-29
-29
-25
-29
-27
-34
-35
-35
-32
-27
-27
-15
-20
-22
-23
-30
-30
-28
-23
-23
-24
-18
-16
-15
-12
-10
-13
-19
-14
-15
-18
-13
-19
-15
-6
-10
-6
-4
2
4
1
-1
6
2
-5
-4
-9
-9
-14
-11
-14
-18
-10
-15
-17
-15
-14
-17
-20
-15
-15
-18
-25
-31
-31
-32
-31
-22
-16
-14
-8
-7
-5
-2
-2
-2
-5
1
-1
5
6
5
10
15
18
13
20
23
26
30
27
33
36
35
33
33
30
37
35
34
35
33
32
34
32
31
35
39
51
53
62
63
60
59
56
57
55
54
58
58
52
53
52
55
58
55
54
57
51
41
39
38
32
31
28
27
28
28
31
32
33
31
32
34
30
33
32
38
40
46
50
56
62
63
69
67
68
66
59
60
63
57
54
54
53
56
52
47
52
49
46
46
40
39
36
36
33
29
31
27
23
27
24
24
21
18
17
13
10
13
11
1
0
-9
-13
-11
-10
-10
-9
-11
-13
-15
-18
-16
-21
-18
-23
-23
-23
-26
-27
-26
-33
-34
-33
-38
-37
-36
-31
-33
-32
-33
-34
-33
-34
-35
-29
-29
-26
-16
-17
-16
-10
-8
-7
-3
-6
-8
-10
-8
-12
-15
-12
-14
-10
-14
-13
-15
-19
-20
-19
-22
-30
-34
-41
-51
-50
-51
-52
-44
-39
-42
-37
-34
-43
-39
-41
-43
-42
-45
-45
-41
-34
-34
-32
-31
-30
-29
-35
-33
-33
-35
-31
-29
-28
-26
-22
-19
-11
-8
-9
-11
-15
-18
-14
-16
-19
-18
-19
-19
-25
-32
-31
-28
-22
-24
-27
-19
-20
-19
-24
-25
-29
-34
-26
-23
-26
-21
-17
-16
-10
-12
-6
-10
-7
-3
-13
-12
-20
-23
-23
-25
-22
-17
-21
-21
-17
-14
-17
-18
-13
-19
-24
-22
-23
-18
-19
-16
-9
-10
-7
-11
-7
-7
-8
-10
-17
-19
-25
-23
-24
-25
-20
-14
-12
-13
-5
7
11
10
9
3
7
14
9
6
9
10
16
11
14
19
13
17
17
11
9
10
5
3
3
1
2
2
0
4
9
11
16
19
18
23
25
23
20
16
17
18
22
22
28
27
26
23
20
18
16
20
18
20
24
28
31
30
31
30
34
26
22
20
18
15
15
10
9
20
24
28
29
28
32
36
42
44
44
40
40
36
33
27
19
23
26
26
29
32
30
28
28
26
19
20
21
16
15
19
17
20
25
25
28
28
31
36
39
40
38
41
40
39
42
42
49
46
49
51
51
51
50
53
52
47
47
47
44
38
35
31
30
28
27
31
33
31
27
25
17
15
13
18
14
12
9
9
1
-6
-3
-9
-11
-14
-16
-18
-18
-7
-5
-4
-1
-4
-3
-1
-4
-1
-9
-5
-1
-12
-12
-15
-15
-15
-13
-14
-10
-6
-7
-6
-6
-6
-7
-4
-3
-3
-2
-3
-3
-4
-1
-1
1
0
-5
-2
4
0
-1
-1
-3
-4
0
2
7
8
2
-1
-8
-21
-24
-30
-36
-43
-49
-46
-43
-39
-34
-39
-43
-43
-47
-51
-58
-59
-56
-64
-64
-65
-67
-69
-72
-74
-76
-72
-71
-65
-60
-58
-57
-57
-51
-48
-49
-45
-38
-38
-38
-32
-28
-29
-23
-22
-25
-25
-25
-18
-16
-14
-11
-9
-8
-7
-1
3
3
8
1
1
1
-7
-4
-10
-14
-8
-7
-4
-7
-10
-10
-11
-14
-18
-14
-18
-19
-18
-21
-16
-13
-12
-14
-17
-16
-18
-12
-16
-20
-16
-25
-24
-23
-25
-24
-16
-15
-18
-10
-10
-7
-2
-2
-4
-8
-10
-10
-10
-8
-8
-8
-8
-8
2
6
10
20
16
15
19
10
10
11
7
12
12
13
10
11
15
17
18
16
18
20
17
19
18
9
-1
2
-1
-7
-9
-13
-13
-10
-10
-8
-7
-8
-6
-2
-3
-6
-3
-3
2
5
3
6
7
7
6
9
11
9
6
4
4
8
8
12
13
20
22
19
18
21
27
27
27
32
34
39
44
44
41
37
41
40
37
36
39
43
39
40
43
39
40
42
40
41
44
42
46
50
49
46
45
48
45
47
48
51
53
61
56
55
51
47
48
50
46
48
51
43
44
43
40
41
42
44
50
52
51
51
47
41
39
36
34
36
31
30
24
23
28
21
16
12
14
18
14
10
10
8
5
5
9
4
1
-2
-5
-3
-6
-10
-10
-13
-17
-23
-25
-21
-24
-22
-21
-20
-16
-19
-16
-15
-9
-5
-3
-5
2
0
-6
-5
-8
-7
-5
-2
0
3
-5
-2
-8
-15
-15
-19
-18
-24
-28
-31
-30
-44
-44
-44
-49
-43
-45
-42
-39
-46
-39
-42
-49
-45
-46
-48
-50
-52
-51
-55
-61
-69
-69
-68
-66
-64
-58
-50
-53
-53
-60
-60
-61
-62
-57
-61
-58
-52
-51
-49
-48
-47
-40
-36
-33
-31
-25
-19
-20
-19
-15
-16
-18
-7
-8
-12
-7
-1
-2
2
10
14
25
31
29
36
38
38
34
33
33
29
32
26
23
25
23
26
24
23
21
22
24
18
15
14
5
6
2
-3
-6
-12
-8
-10
-11
-16
-19
-20
-15
-18
-21
-20
-24
-21
-17
-24
-29
-30
-35
-35
-42
-42
-42
-42
-38
-41
-39
-33
-27
-24
-20
-21
-17
-13
-11
-7
-8
-13
-14
-16
-12
-14
-14
-12
-10
-10
-12
-6
-9
-6
-9
-12
-9
-6
-11
-6
-9
-14
-12
-18
-15
-22
-17
-16
-18
-16
-19
-16
-14
-18
-11
-5
-5
-2
-6
-4
-6
-4
-4
2
5
11
18
15
27
27
23
25
25
26
22
21
24
18
18
27
24
26
23
27
29
28
31
28
30
26
31
27
21
26
32
35
38
37
37
42
41
49
47
44
44
43
46
35
32
35
32
28
29
29
32
38
38
36
37
42
45
44
43
40
42
39
40
43
44
43
43
41
40
45
44
45
48
55
53
53
52
46
45
43
43
44
42
41
35
31
25
29
32
29
23
26
22
24
24
17
15
6
5
2
-3
-15
-12
-15
-14
-8
-12
-14
-20
-19
-25
-25
-22
-19
-16
-10
-16
-19
-12
-11
-12
-16
-12
-6
-7
-3
-7
-12
-10
-16
-13
-16
-18
-18
-19
-20
-21
-22
-26
-24
-21
-20
-17
-17
-19
-11
-10
-4
-3
-7
-2
0
-2
-1
-1
-5
-6
-7
-8
-8
-8
-8
-10
-8
-10
-12
-16
-20
-18
-22
-24
-22
-23
-17
-19
-18
-15
-16
-15
-18
-18
-19
-17
-16
-16
-14
-10
-8
-7
-9
-14
-12
-9
-1
1
5
5
-3
1
6
11
7
14
9
6
5
-1
-1
-5
-5
-3
2
8
4
5
7
1
-4
-2
-5
-7
-4
-3
-6
-2
-7
-9
0
3
4
6
9
8
9
0
0
-3
-4
-8
-12
-11
-7
2
-5
-4
-10
-14
-15
-16
-20
-28
-31
-37
-36
-36
-40
-37
-40
-34
-33
-39
-34
-40
-42
-42
-51
-54
-55
-52
-53
-55
-59
-61
-60
-58
-56
-54
-50
-51
-47
-49
-56
-59
-57
-59
-59
-59
-54
-48
-52
-50
-48
-43
-47
-44
-47
-45
-41
-35
-30
-25
-22
-20
-19
-13
-8
-4
-1
6
14
13
18
14
16
19
25
25
23
21
23
27
27
26
21
15
9
13
13
7
12
11
5
3
1
-7
-5
-6
-4
-5
-5
-6
-15
-8
-12
-14
-17
-19
-22
-20
-19
-26
-25
-24
-23
-18
-14
-11
-5
-5
-1
4
5
2
1
6
11
11
14
22
21
20
27
33
42
49
55
57
56
63
63
68
73
73
76
80
82
88
95
97
104
104
104
107
102
103
105
95
95
89
81
78
72
68
65
58
57
54
53
45
36
28
23
14
6
6
-1
-3
-9
-8
-14
-22
-18
-22
-22
-28
-22
-30
-29
-30
-32
-32
-33
-29
-37
-33
-21
-22
-21
-24
-25
-23
-20
-18
-19
-18
-20
-12
-12
-3
6
8
15
15
18
22
23
23
25
23
22
22
27
26
32
36
35
41
34
32
30
26
20
15
15
12
12
12
17
15
15
24
30
32
35
30
26
22
20
26
28
23
23
17
16
16
15
16
10
5
6
6
7
3
-4
-5
-9
-6
-8
-13
-5
-16
-21
-24
-33
-32
-35
-34
-29
-33
-33
-35
-36
-35
-37
-35
-31
-26
-26
-29
-28
-24
-25
-25
-15
-15
-8
-4
-3
3
-8
-10
-9
-11
-15
-12
-9
-16
-14
-18
-23
-21
-19
-19
-20
-16
-18
-13
-17
-17
-19
-19
-19
-26
-22
-20
-25
-25
-25
-26
-28
-38
-37
-42
-45
-51
-53
-50
-47
-44
-45
-46
-50
-49
-44
-44
-51
-55
-55
-58
-67
-67
-64
-65
-58
-57
-55
-56
-55
-47
-44
-46
-46
-48
-55
-53
-57
-53
-50
-48
-38
-38
-35
-26
-23
-19
-21
-17
-15
-18
-12
-18
-11
-6
-5
1
8
15
19
14
13
14
15
12
11
15
11
13
13
8
9
10
11
15
15
13
15
12
9
14
8
7
9
4
2
12
11
13
7
3
6
3
3
0
-4
-5
-2
3
4
4
7
8
12
10
10
12
6
5
8
4
5
7
10
20
25
32
31
32
29
27
35
31
31
29
27
27
35
42
46
47
49
57
68
70
77
75
75
77
73
69
67
69
67
71
74
77
79
72
69
74
73
78
77
74
72
63
59
59
54
52
52
49
44
44
41
36
39
34
33
25
14
15
11
6
5
1
-5
-8
-11
-11
-15
-11
-9
-12
-17
-19
-16
-10
-8
-2
0
1
0
-4
-2
-6
-5
-3
1
1
3
9
4
7
10
16
23
27
32
37
35
31
31
28
33
35
32
35
31
28
29
27
30
26
27
23
24
25
25
30
24
22
19
19
17
20
23
21
18
18
18
8
10
16
14
15
12
9
8
3
10
9
4
7
0
3
0
-10
-11
-13
-17
-13
-12
-11
-14
-13
-11
-21
-25
-30
-29
-35
-44
-44
-49
-45
-45
-40
-37
-43
-42
-44
-50
-46
-48
-54
-57
-60
-58
-56
-57
-60
-54
-47
-45
-40
-40
-38
-36
-37
-36
-41
-41
-37
-34
-38
-38
-37
-33
-30
-31
-32
-33
-38
-40
-41
-48
-49
-53
-44
-48
-46
-41
-45
-41
-44
-45
-48
-52
-59
-60
-63
-65
-66
-69
-64
-63
-58
-51
-47
-47
-43
-41
-40
-40
-49
-51
-57
-59
-59
-56
-49
-50
-48
-43
-36
-36
-37
-34
-34
-27
-34
-31
-26
-31
-31
-25
-26
-22
-22
-20
-19
-16
-15
-14
-11
-8
-1
1
0
3
6
13
22
16
17
29
30
25
30
29
28
34
35
41
36
37
37
35
43
46
42
45
46
45
45
37
32
30
31
28
28
31
28
32
29
23
23
14
16
15
15
16
14
12
15
10
14
17
13
17
12
12
17
16
21
19
24
24
21
21
17
19
19
23
25
29
29
27
32
31
24
29
32
25
29
32
26
29
27
30
31
30
31
24
21
20
22
16
14
7
5
5
4
4
2
6
7
6
4
-2
-1
2
9
12
14
15
22
24
24
29
31
28
30
34
32
35
37
32
31
33
33
33
31
30
27
18
18
19
19
25
29
33
38
42
35
34
35
34
38
30
23
26
24
18
20
17
19
23
23
31
34
33
33
34
35
40
34
37
36
32
33
33
32
33
34
33
32
28
24
18
12
15
17
8
8
-1
0
4
3
7
7
3
0
3
-4
-2
-3
-6
-5
-3
-4
-5
1
-1
-5
-8
-7
-11
-12
-12
-16
-14
-7
-11
-8
-4
-6
-10
-12
-13
-15
-17
-24
-26
-24
-25
-31
-35
-32
-34
-30
-28
-18
-17
-16
-16
-7
-13
-22
-7
44
112
322
556
176
-536
-786
-409
109
351
178
-219
-506
-607
-319
243
343
-37
-242
-85
80
35
-85
-77
117
209
184
97
-40
-205
-233
-59
129
154
81
46
-146
-213
-57
41
-64
-183
-308
-350
-147
-169
-222
-184
-183
-285
-167
-37
-101
-146
-81
-14
22
32
80
56
94
68
105
267
297
101
-130
-182
-127
134
334
264
49
-95
-154
85
343
299
11
-161
-182
-34
92
141
29
-83
-175
-184
-1
74
23
-103
-116
-100
-20
76
61
-35
-110
-139
-5
106
76
-40
-46
14
48
82
12
-46
-49
15
135
273
-66
-97
-107
-108
-60
26
8
-143
-134
-178
-40
-51
-167
-25
-4
-190
-288
-281
-105
-19
-9
-97
-31
-103
-127
-10
12
56
-4
-6
62
152
213
230
265
212
211
316
381
419
328
252
288
401
438
396
365
300
236
237
321
350
264
93
40
51
110
123
97
107
98
5
-90
38
181
-47
-236
-174
-107
13
10
-114
-263
-325
-322
-87
48
-134
-295
-323
-207
-6
-67
-278
-314
-347
-334
-270
-145
-477
-497
-439
-504
-495
-426
-271
-276
-357
-582
-487
-184
-233
-280
-131
-53
-24
-3
167
436
608
383
404
635
704
548
438
589
767
675
472
490
602
496
200
113
295
346
22
-180
-110
4
-74
-187
-161
-97
-220
-390
-276
-73
-113
-200
-97
80
105
-15
26
199
307
288
276
297
325
284
353
570
601
445
313
304
362
284
185
161
64
-53
-183
-217
-249
-514
-745
-683
-600
-820
-1070
-1219
-1350
-1307
-925
-588
-572
-982
-1320
-901
-240
-290
-718
-711
-163
314
365
344
720
1024
834
782
1217
1435
998
723
1149
1776
1436
617
604
1174
1114
368
-76
280
471
-50
-544
-356
-255
-557
-769
-640
-519
-864
-1195
-880
-433
-532
-792
-682
-356
-311
-342
-102
295
318
183
342
632
651
545
728
1027
952
667
703
891
848
557
371
385
294
-1
-218
-255
-369
-661
-906
-1050
-1187
-1614
-1703
-1221
-981
-1288
-1815
-1796
-1215
-970
-1348
-1427
-897
-506
-352
-195
202
760
756
622
1032
1472
1248
964
1258
1913
2013
1292
983
1478
1602
1033
450
523
787
441
-142
-180
-48
-296
-662
-776
-770
-937
-1176
-1071
-852
-925
-1085
-967
-708
-708
-794
-577
-257
-238
-218
80
442
433
312
498
906
932
705
723
992
1068
855
705
642
525
213
26
-12
-208
-568
-773
-937
-948
-676
-648
-1042
-1580
-1711
-1173
-815
-1225
-1518
-1136
-610
-434
-501
-265
422
540
369
741
1326
1307
976
1075
1788
1956
1229
972
1569
1824
1240
530
646
1060
679
-86
-168
120
-7
-364
-442
-371
-683
-1060
-922
-617
-750
-1099
-1042
-660
-579
-694
-569
-262
-207
-314
-172
127
202
197
471
748
626
475
658
983
836
407
340
565
534
226
10
-27
-198
-577
-863
-996
-1000
-800
-694
-958
-1505
-1573
-1043
-842
-1297
-1543
-1047
-431
-370
-531
-66
628
580
373
830
1454
1378
955
1261
2093
2021
1135
962
1717
1967
1202
492
771
1085
544
-69
-11
258
23
-378
-351
-278
-629
-987
-777
-537
-790
-1169
-966
-487
-466
-657
-529
-306
-233
-257
-84
214
281
311
577
761
597
501
767
1054
848
463
456
635
467
143
67
70
-264
-733
-978
-989
-739
-633
-804
-1245
-1666
-1439
-932
-1145
-1576
-1526
-1010
-558
-550
-556
43
360
96
258
927
1183
832
693
1480
2006
1278
611
1185
1796
1384
518
418
1005
842
-24
-225
189
122
-385
-563
-273
-354
-838
-846
-421
-533
-1050
-1111
-653
-372
-528
-569
-224
-62
-158
-99
201
285
169
336
735
752
494
564
991
1072
650
343
456
491
242
58
17
-140
-479
-789
-800
-432
-321
-660
-1233
-1510
-1163
-688
-970
-1460
-1360
-742
-371
-523
-547
44
398
151
144
709
1039
796
653
1223
1653
1067
457
885
1483
1083
241
203
796
600
-335
-605
-130
-49
-544
-780
-513
-524
-934
-916
-484
-531
-1054
-1124
-600
-279
-433
-464
-99
118
-6
38
332
411
222
337
806
930
643
588
972
1078
657
322
402
439
187
-58
-115
-236
-571
-917
-771
-339
-356
-878
-1391
-1318
-761
-717
-1242
-1428
-988
-458
-393
-572
-122
540
495
262
610
1166
1139
760
1056
1881
1772
834
719
1527
1705
731
-42
421
935
279
-606
-465
-31
-277
-868
-903
-660
-888
-1225
-968
-706
-1025
-1308
-964
-523
-614
-762
-283
184
1
-200
237
742
612
299
661
1180
973
586
852
1350
1221
605
444
760
622
88
-114
-54
-212
-610
-917
-719
-434
-601
-1082
-1452
-1441
-1041
-991
-1323
-1352
-934
-486
-475
-669
-160
636
613
323
725
1463
1440
887
1158
2109
2089
1133
1030
1846
1857
704
83
768
1223
279
-747
-508
23
-442
-1080
-872
-512
-945
-1522
-1290
-903
-1160
-1389
-905
-434
-658
-910
-337
308
160
-59
387
882
763
506
916
1431
1130
689
898
1211
885
370
457
769
404
-408
-688
-698
-963
-1449
-1338
-579
-138
-740
-1546
-1695
-1388
-1426
-1626
-997
216
562
-211
-716
-111
818
912
893
1694
2408
1916
1063
1257
2176
1993
903
910
1856
1714
370
-334
162
182
-1176
-2094
-1439
-677
-1039
-1765
-1842
-1722
-2164
-2426
-1574
-773
-833
-1068
-714
-384
-555
-512
519
1454
1277
1001
1565
2231
2070
1540
1490
1907
1877
1598
1833
1984
1257
97
-408
-217
-258
-809
-1225
-1347
-2027
-2973
-3357
-3413
-3003
-2015
-888
-735
-1961
-3185
-2657
-1117
-203
583
1648
1975
953
-119
925
3437
4177
3343
3434
4365
3781
1849
1280
2738
3019
1267
458
1513
1577
-843
-3201
-3173
-2293
-2799
-3299
-2551
-2147
-3723
-5543
-5138
-3223
-2344
-2265
-1571
-722
-603
-1004
-413
1008
1787
1897
2702
3915
4227
3554
2864
2818
3000
2967
3398
3863
3143
1687
471
13
-149
-344
-441
-684
-1789
-3336
-3950
-3792
-3570
-4110
-4742
-4701
-4323
-4323
-3274
-928
220
-821
-2772
-2404
259
2433
3097
3747
3961
2551
1125
2223
5531
7199
5310
3488
3939
4009
2201
918
2017
2759
743
-1373
-672
31
-2306
-5293
-5456
-3605
-3157
-4124
-4304
-3882
-4917
-5994
-4703
-1749
-408
-1078
-1329
-56
821
674
1642
3695
4502
3726
3776
4889
5189
3646
2443
3152
4125
3519
2464
1817
948
-525
-1600
-1038
-181
-988
-2826
-3771
-4061
-4350
-4700
-4356
-3914
-4298
-4959
-4574
-3607
-2192
-68
794
178
-1438
-1342
1238
3819
4377
4202
3890
2653
1865
2763
5431
6841
4584
2507
3196
3544
1668
-269
324
1462
225
-1753
-1562
-1131
-3300
-6088
-5938
-3477
-2562
-3749
-4702
-4256
-4199
-4507
-3072
-311
855
-204
-561
859
2068
2358
2859
4022
4646
4294
4176
4676
4331
3186
2746
3088
3165
2355
1253
567
-419
-1658
-1876
-970
-1025
-2608
-4071
-4374
-4202
-4508
-4621
-3977
-3635
-4041
-4322
-3306
-210
1479
594
-1457
-1814
439
3252
4567
4485
4318
2652
1362
2390
4905
6824
5316
2691
2585
3317
2275
458
421
1523
701
-1629
-2226
-1489
-2585
-5096
-5870
-3795
-2457
-3625
-5083
-4921
-4216
-4116
-3387
-1052
919
375
-842
-112
1671
2430
2612
3594
4711
4310
3385
3569
4188
3769
2917
3105
3479
2404
385
-485
-168
-404
-1319
-1495
-1095
-1955
-4039
-5008
-4054
-3483
-3882
-4273
-3785
-3541
-4089
-4372
-1963
1654
2097
152
-1915
-851
2029
3773
4062
4721
4301
2171
1481
3200
5989
6200
3546
2550
3515
2942
566
-448
1079
1660
-575
-2529
-1808
-1655
-4101
-6283
-5036
-2491
-2627
-4434
-4992
-4162
-3976
-4095
-2563
174
1223
269
-106
990
2007
2185
2946
4404
4858
3983
3442
3761
3748
2875
2579
3306
2994
1206
-298
-616
-679
-1428
-2120
-1468
-1425
-3145
-4883
-4864
-4105
-4149
-4601
-4360
-3705
-4117
-4584
-2778
861
1823
-256
-2377
-1048
2492
4553
4300
4197
3895
2030
1484
3724
7013
7220
3871
1986
3157
3382
1215
-83
1292
2007
-249
-2612
-2202
-1760
-3953
-6322
-5275
-2562
-2564
-4605
-5436
-4555
-4192
-4312
-2901
-62
1048
-194
-674
774
2208
2315
2844
4497
5329
4198
3206
4023
4862
4214
3227
3540
3604
1906
110
-123
340
-305
-1897
-2259
-1911
-2931
-4676
-5022
-4189
-3977
-4783
-5436
-4812
-4641
-4969
-4263
-714
1579
305
-2402
-2752
738
4158
5085
4696
4538
2872
1147
2485
6143
8463
6425
3085
2832
3569
2001
180
1210
2961
1578
-1926
-3033
-1827
-2683
-5523
-6168
-3601
-2280
-4038
-5653
-5173
-4476
-4859
-4285
-1500
987
548
-798
-326
1094
1703
2304
4167
5639
5007
3401
3371
4671
4887
4086
4083
4349
3096
1267
700
1177
814
-1128
-2307
-1755
-2076
-3710
-4902
-4601
-4169
-4766
-5640
-5445
-5030
-5468
-5483
-2773
705
948
-1794
-3855
-1873
2218
4815
5021
4878
3894
1626
1259
3999
7735
8287
5265
3196
3565
2992
1112
1105
3139
3501
384
-2549
-2245
-1685
-3539
-5345
-4195
-2218
-3143
-5562
-5965
-4730
-4497
-4824
-3450
-660
315
-1037
-1515
-163
1140
1816
3015
4738
5136
3657
2741
3923
5317
5195
4579
4561
4049
2493
1307
1713
2320
1042
-1049
-1715
-1632
-2462
-3831
-4373
-4175
-4453
-5612
-6055
-5714
-5676
-5938
-4633
-1431
-123
-1743
-4140
-3345
275
3348
4110
3923
3601
1874
949
2671
6287
8282
6442
3839
3584
3648
2187
1586
3424
4768
2645
-970
-1787
-797
-1713
-3824
-3805
-1960
-2150
-4644
-6020
-4973
-4291
-4912
-4639
-2403
-718
-1559
-2548
-1615
-27
592
1304
2948
4055
3160
1886
2925
5066
5578
4576
3998
4046
3448
2419
2648
3655
2925
348
-1384
-1153
-884
-1873
-2989
-3085
-3447
-4860
-6246
-6133
-5467
-5463
-5260
-3134
-1331
-2280
-4719
-5143
-2032
1480
2645
2207
2191
1324
261
917
3954
7108
6944
4347
3219
3523
2871
2078
3256
5417
4915
1372
-971
-400
8
-1220
-2046
-1143
-1125
-3623
-5720
-5015
-3464
-3626
-4537
-3883
-2412
-2693
-3701
-2953
-1116
-454
-760
-11
1685
2133
1272
1695
3646
4904
4229
3430
3903
4242
3622
3415
4382
4461
2494
223
98
837
263
-1022
-1638
-1858
-2998
-4688
-5078
-4510
-4652
-5272
-4628
-2785
-2432
-4074
-5580
-4131
-1355
366
876
830
644
-258
-477
1466
4514
5911
4972
3471
3181
3280
2826
3265
4924
5703
3921
1156
222
901
871
3
-236
-282
-1647
-3737
-4435
-3362
-2738
-3465
-4054
-3612
-3385
-3876
-3771
-2563
-1548
-1596
-1625
-760
200
289
577
2031
3545
3633
2778
2681
3448
3929
3985
4423
4886
3835
1734
760
1460
1997
1209
-17
-750
-1336
-2733
-3732
-3686
-3221
-3190
-3291
-3082
-3314
-4368
-5228
-3839
-1538
-159
-377
-1004
-1088
-1039
-637
1139
3356
4274
3370
2138
2137
2691
3033
3812
5010
4929
3125
1137
1004
2019
2135
1460
1035
325
-1483
-3122
-3000
-1517
-1123
-2428
-3462
-3514
-3440
-3643
-3154
-1842
-1208
-2016
-2597
-1742
-652
-247
-63
1067
2341
2209
1341
1434
2476
3194
3120
3212
3604
3045
1555
824
1376
1942
1187
-201
-738
-1164
-1555
-1526
-947
-1063
-2486
-4172
-3905
-2309
-1508
-1436
-1553
-1645
-2110
-2526
-1349
1111
2216
1527
482
399
873
1102
1902
3531
4127
2534
699
522
1813
2389
1958
1883
1865
755
-915
-1401
-454
172
-558
-1282
-1277
-1528
-2623
-3266
-2260
-899
-848
-1515
-1619
-1381
-1600
-1763
-665
899
1195
326
34
724
1407
1293
1343
2086
2444
1868
1226
1455
1666
1080
290
463
670
75
-953
-1558
-982
-314
-233
-849
-1950
-3140
-3167
-1954
-562
-54
-678
-1727
-2108
-1772
-663
1163
2206
1857
710
-25
102
817
1863
2996
3093
1689
101
-232
722
1442
1395
1296
1019
-89
-1388
-1454
-284
519
-150
-1353
-1790
-1797
-1878
-1837
-1309
-732
-1034
-1763
-1861
-1045
-446
-449
-533
-103
372
290
148
513
1170
1388
1218
1027
1237
1417
1399
1389
1551
1459
815
156
154
463
480
111
-466
-721
-1056
-1094
-814
-443
-899
-1930
-2594
-2080
-992
-535
-605
-763
-1066
-1561
-1522
-319
1395
1811
921
1
-131
144
561
1461
2621
2566
988
-403
-323
850
1617
1649
1587
1227
100
-990
-945
108
814
338
-523
-1041
-1433
-1867
-1695
-766
-41
-419
-1256
-1566
-1335
-1145
-780
-8
621
371
-390
-579
57
785
1032
1191
1308
1262
987
972
1361
1591
1327
963
883
843
681
450
524
548
251
-302
-700
-891
-989
-885
-612
-486
-1015
-1794
-2076
-1510
-930
-790
-703
-626
-796
-1186
-1274
-527
535
809
456
144
105
150
264
813
1662
1896
1265
617
541
906
1169
1212
1254
952
39
-694
-613
103
477
6
-605
-981
-1310
-1418
-1025
-398
-174
-731
-1191
-1070
-760
-521
-217
182
326
-64
-398
47
721
1068
1037
1099
1183
962
674
766
1148
1306
1179
1006
980
837
587
402
330
166
-116
-271
-262
-337
-613
-836
-878
-950
-1218
-1249
-931
-584
-687
-1151
-1472
-1378
-975
-515
-88
72
-103
-514
-630
-249
495
1107
1267
1049
656
495
565
757
975
1077
892
487
131
82
215
193
-17
-242
-351
-465
-695
-826
-731
-546
-508
-662
-831
-790
-640
-486
-353
-294
-226
-158
-1
254
550
682
619
536
595
796
961
1102
1199
1289
1215
1051
907
837
792
639
553
543
474
234
-53
-266
-427
-663
-797
-637
-400
-421
-774
-1136
-1174
-889
-605
-402
-334
-417
-599
-681
-501
-60
358
437
256
16
39
267
444
461
400
252
25
-136
-18
314
349
-42
-508
-653
-485
-379
-490
-610
-625
-713
-937
-1139
-1074
-780
-624
-665
-739
-672
-552
-533
-467
-187
148
243
190
243
433
639
794
995
1214
1258
1113
1022
1100
1178
1106
1014
963
926
715
430
289
234
66
-207
-358
-313
-227
-369
-521
-536
-458
-470
-564
-555
-476
-471
-512
-367
-156
-38
-79
-69
29
114
209
337
460
409
294
245
326
369
392
363
193
-99
-329
-196
-21
-191
-626
-862
-814
-801
-1053
-1218
-1046
-893
-981
-1171
-1139
-968
-963
-985
-718
-352
-267
-358
-299
25
305
416
622
894
1006
926
903
1069
1288
1300
1111
971
913
871
879
899
754
433
26
-194
-190
-119
-30
-19
-192
-488
-712
-748
-647
-560
-466
-392
-390
-486
-558
-430
-166
63
115
148
234
302
323
414
553
593
522
502
652
720
539
283
215
255
140
-84
-142
-76
-172
-397
-569
-528
-443
-550
-641
-601
-524
-531
-626
-592
-391
-240
-193
-124
23
160
211
294
503
643
667
679
729
783
780
704
694
673
491
305
244
302
254
0
-275
-413
-464
-486
-430
-359
-343
-534
-789
-885
-787
-570
-408
-340
-343
-458
-576
-455
-123
182
269
239
206
103
4
130
457
687
616
423
288
184
100
162
401
480
155
-274
-340
-124
-29
-178
-259
-163
-217
-449
-572
-327
-2
16
-137
-138
63
195
211
297
520
641
601
631
791
900
831
755
814
925
876
709
595
520
419
354
356
338
136
-226
-466
-452
-315
-257
-340
-523
-663
-743
-778
-739
-601
-470
-458
-496
-509
-378
-198
-77
-25
-4
37
80
98
129
230
321
295
196
179
248
227
86
-19
-6
-35
-227
-419
-412
-319
-375
-586
-725
-738
-725
-758
-746
-613
-533
-570
-559
-404
-228
-135
-102
1
182
294
343
467
601
632
570
582
713
787
709
563
550
550
477
408
450
468
294
-11
-239
-221
-147
-110
-147
-273
-487
-659
-664
-516
-343
-284
-289
-354
-398
-319
-99
130
247
208
130
108
122
229
393
588
671
562
376
325
362
369
345
328
292
113
-173
-310
-225
-170
-301
-561
-701
-678
-655
-707
-735
-661
-629
-692
-728
-581
-364
-271
-327
-354
-278
-147
13
187
297
263
164
145
280
433
474
438
388
288
206
251
383
410
217
-70
-217
-205
-128
-44
-94
-255
-444
-535
-493
-401
-276
-157
-135
-234
-318
-222
43
239
267
247
293
330
296
297
490
754
827
715
598
591
600
550
547
625
624
404
156
111
179
113
-90
-231
-263
-278
-394
-488
-426
-377
-437
-530
-512
-368
-277
-313
-324
-226
-162
-175
-171
-22
143
177
135
144
227
232
179
228
338
314
218
189
211
141
-54
-145
-49
-5
-127
-291
-400
-480
-554
-536
-397
-308
-389
-519
-558
-516
-426
-269
-85
1
-121
-244
-193
-3
141
219
333
415
337
183
239
466
610
562
454
408
351
244
240
388
408
193
-69
-127
-7
29
-58
-110
-103
-151
-209
-169
-3
115
37
-64
-42
53
143
223
318
377
327
280
365
512
593
560
527
536
482
395
451
590
621
408
123
41
79
79
50
21
-73
-237
-411
-463
-389
-319
-285
-327
-396
-476
-471
-376
-276
-239
-241
-226
-224
-217
-219
-105
38
79
38
-13
25
67
62
49
84
93
4
-142
-214
-162
-136
-209
-293
-291
-296
-395
-502
-473
-336
-273
-331
-368
-288
-194
-164
-146
-78
6
27
51
164
261
259
237
327
465
490
464
468
458
357
294
395
498
379
109
3
87
124
26
-45
-36
-113
-291
-366
-266
-180
-232
-303
-267
-234
-283
-271
-140
-4
-37
-123
-79
66
123
99
143
220
216
100
96
227
319
243
123
87
85
29
-30
15
41
-51
-221
-299
-260
-259
-329
-347
-297
-295
-363
-401
-314
-201
-207
-243
-204
-140
-108
-96
-7
84
58
4
73
233
313
268
187
182
147
94
132
230
218
15
-177
-175
-91
-82
-125
-161
-220
-352
-478
-464
-342
-272
-275
-314
-370
-394
-347
-224
-82
-34
-44
-43
-31
18
116
256
331
301
240
286
383
429
426
411
413
399
359
343
364
376
350
267
177
117
89
76
71
61
47
9
-88
-139
-118
-43
14
-7
-46
-55
-42
-32
23
68
96
89
68
104
151
166
138
95
31
21
46
50
1
-78
-123
-167
-208
-241
-234
-233
-296
-411
-469
-454
-416
-361
-336
-341
-386
-412
-367
-278
-199
-167
-143
-120
-94
-74
0
105
157
149
114
133
194
252
278
300
312
285
224
191
242
310
315
234
140
101
81
67
96
166
173
56
-55
-32
57
94
91
98
122
84
20
67
171
195
158
140
178
182
128
108
160
199
135
50
22
39
15
-17
13
30
-30
-130
-160
-107
-73
-91
-116
-112
-94
-95
-106
-80
-34
-4
-2
-10
4
46
79
104
134
168
165
115
74
101
166
206
200
153
108
66
64
81
81
56
38
15
-37
-92
-110
-72
-60
-84
-103
-104
-135
-199
-190
-114
-63
-101
-147
-113
-66
-85
-112
-72
-34
-54
-95
-80
-30
-27
-73
-96
-97
-136
-176
-154
-98
-65
-123
-201
-214
-187
-160
-132
-95
-98
-148
-216
-185
-64
35
34
-22
-52
-19
24
57
123
185
211
170
138
177
243
263
241
257
283
272
231
199
211
231
228
200
159
98
70
72
82
67
36
18
-16
-43
-44
-21
-24
-108
-173
-124
-41
-33
-88
-107
-81
-95
-140
-105
-37
-23
-83
-131
-99
-75
-108
-148
-104
-57
-95
-184
-190
-132
-116
-181
-222
-168
-135
-180
-239
-219
-167
-173
-224
-208
-120
-85
-148
-216
-184
-117
-113
-144
-120
-71
-71
-102
-99
-28
10
-48
-86
-41
30
55
25
4
16
13
14
23
27
30
48
81
89
72
79
116
165
186
190
197
166
121
129
188
223
211
181
191
198
143
128
188
249
233
191
188
197
185
147
176
238
233
161
111
135
160
115
49
46
103
112
76
41
11
-31
-89
-80
2
62
7
-101
-174
-195
-203
-208
-174
-132
-168
-279
-365
-353
-290
-281
-301
-309
-322
-365
-410
-407
-342
-285
-289
-307
-342
-351
-298
-212
-150
-133
-140
-111
-69
-40
12
83
124
87
47
95
170
179
151
165
194
173
129
142
220
260
212
170
173
197
207
214
259
281
226
161
179
258
284
237
215
247
277
259
247
283
295
233
182
225
299
276
179
136
169
166
91
47
73
87
16
-65
-67
-50
-98
-181
-195
-161
-189
-261
-299
-276
-258
-283
-290
-271
-281
-300
-257
-189
-159
-176
-174
-110
-40
-20
-1
46
63
47
55
116
173
162
139
160
175
140
113
146
189
173
102
76
77
64
35
43
93
77
-6
-52
-13
38
15
-39
-26
34
40
-13
-19
40
77
56
50
113
155
115
77
120
175
146
88
99
151
145
85
59
87
87
3
-61
-45
-31
-76
-135
-166
-167
-178
-202
-190
-193
-228
-236
-216
-189
-183
-173
-131
-90
-85
-100
-76
-45
-35
-7
52
100
98
68
68
91
93
95
124
146
109
44
23
44
61
47
34
43
18
-58
-104
-71
-23
-46
-110
-131
-100
-91
-114
-114
-69
-50
-99
-122
-67
5
-2
-52
-39
11
-1
-47
-36
41
75
12
-23
-6
12
-25
-56
-13
26
-42
-146
-183
-160
-129
-133
-117
-118
-190
-275
-262
-165
-93
-103
-138
-141
-150
-159
-121
-33
19
-10
-43
-41
-19
3
28
67
76
26
-14
3
38
66
88
108
89
40
16
50
95
79
37
30
38
11
-29
-15
58
98
64
27
48
69
73
90
126
149
114
58
68
134
163
137
109
125
139
116
85
89
100
76
11
-24
5
7
-42
-114
-167
-177
-178
-162
-135
-152
-206
-255
-266
-238
-210
-192
-181
-184
-213
-250
-241
-177
-111
-75
-86
-105
-115
-109
-80
-43
-17
-14
-32
-58
-71
-58
-12
21
21
-20
-67
-67
-45
-35
-3
34
40
-3
-56
-30
60
117
127
129
149
146
120
147
247
322
308
259
255
292
309
319
377
435
413
330
281
316
341
311
290
302
289
201
109
77
105
116
103
95
56
-29
-98
-92
-48
-11
-28
-56
-85
-121
-141
-125
-73
-36
-28
-33
-45
-65
-68
-29
6
15
-12
-48
-52
-56
-39
-10
1
-32
-82
-113
-99
-87
-111
-133
-126
-114
-129
-157
-156
-121
-112
-114
-115
-101
-83
-83
-76
-41
-4
-2
1
23
56
63
67
92
141
179
184
170
149
139
140
146
168
188
180
124
63
26
32
73
93
84
33
-29
-63
-52
-23
10
17
-14
-62
-90
-75
-42
8
42
49
17
-22
-22
9
55
72
71
67
46
21
13
41
76
70
27
-8
-15
-20
-36
-44
-35
-33
-60
-107
-120
-97
-86
-110
-144
-154
-156
-168
-178
-158
-134
-135
-167
-178
-162
-145
-138
-125
-92
-80
-93
-127
-131
-107
-87
-86
-86
-67
-56
-70
-82
-80
-61
-57
-65
-68
-71
-81
-93
-95
-78
-65
-67
-67
-65
-65
-58
-41
-15
9
31
46
42
37
31
48
77
92
94
87
80
75
76
97
128
129
113
102
102
97
79
91
106
101
80
61
74
70
52
21
6
7
-2
3
24
38
15
-12
-21
0
4
13
33
45
30
-3
-16
-5
18
11
7
3
-6
-30
-42
-29
-28
-41
-48
-40
-51
-77
-111
-102
-83
-78
-79
-81
-74
-76
-84
-73
-44
-28
-29
-23
-3
17
24
26
47
57
47
37
47
57
51
41
49
62
40
9
1
10
3
-24
-20
-13
-22
-52
-79
-66
-41
-41
-60
-88
-102
-103
-86
-52
-25
-28
-50
-71
-60
-19
18
48
54
36
16
21
50
81
95
90
79
68
66
83
111
126
108
65
38
49
68
68
62
58
45
25
26
45
78
84
73
82
95
100
105
136
167
173
154
147
168
183
183
186
192
182
155
139
148
155
134
110
96
71
27
5
26
35
8
-35
-60
-67
-76
-90
-85
-79
-112
-157
-170
-140
-110
-108
-119
-123
-125
-131
-117
-74
-37
-41
-61
-69
-58
-34
-18
6
23
14
-13
-22
-3
10
10
5
-2
-16
-36
-50
-36
-20
1
-5
-17
-19
-18
-13
-1
30
51
47
36
43
57
69
84
103
108
113
108
112
136
141
141
135
134
126
122
119
118
96
61
47
51
61
57
36
17
4
-20
-32
-24
-16
-11
-29
-50
-66
-91
-106
-94
-68
-51
-58
-70
-82
-100
-108
-87
-56
-53
-68
-97
-116
-118
-116
-88
-70
-85
-137
-179
-186
-162
-148
-160
-167
-182
-206
-216
-192
-155
-136
-157
-185
-184
-172
-153
-128
-103
-103
-122
-131
-117
-83
-57
-41
-24
-17
-24
-24
-4
21
30
36
50
53
38
14
32
71
83
68
68
87
94
87
78
97
104
86
83
97
113
114
92
85
101
110
127
148
167
152
119
108
122
141
142
134
119
89
53
41
55
74
69
38
6
-22
-46
-62
-59
-43
-53
-75
-101
-118
-116
-106
-94
-83
-86
-105
-120
-116
-98
-84
-81
-91
-93
-95
-89
-65
-45
-37
-48
-68
-85
-81
-56
-27
-15
-38
-68
-89
-84
-66
-41
-18
-11
-16
-41
-54
-43
-19
-2
12
19
18
7
-8
9
46
74
89
85
78
72
74
82
106
130
128
104
83
65
49
55
73
77
66
34
6
-4
-6
-2
-9
-14
-24
-34
-51
-48
-32
-27
-31
-38
-44
-45
-36
-13
13
22
14
3
9
32
50
61
84
90
74
60
56
74
93
101
92
84
54
28
29
40
47
19
-6
-12
-19
-29
-28
-22
-24
-40
-55
-50
-38
-48
-61
-62
-56
-46
-36
-19
-9
-12
-20
-7
13
34
40
36
38
19
2
11
32
50
46
22
19
16
1
-1
14
38
29
0
-9
-6
-10
-12
2
19
17
-5
-13
11
43
62
59
63
69
64
72
96
133
138
118
103
98
115
140
166
173
141
102
82
89
101
101
99
88
60
21
3
15
24
18
-7
-24
-49
-71
-85
-81
-57
-44
-53
-69
-63
-58
-59
-55
-44
-33
-20
-24
-39
-45
-50
-38
-21
-8
-3
-23
-44
-53
-58
-59
-54
-46
-45
-64
-78
-86
-80
-76
-76
-76
-83
-91
-110
-118
-106
-105
-113
-119
-116
-112
-108
-91
-67
-55
-60
-71
-68
-45
-19
-2
1
-7
-20
-29
-23
-2
16
15
11
-2
-16
-21
-5
14
12
-5
-23
-26
-24
-24
-21
-8
-2
-3
-9
-11
4
19
21
32
38
47
54
58
68
63
62
76
101
122
115
105
105
99
94
97
99
101
87
67
63
61
47
25
17
20
14
-1
-14
-28
-44
-64
-73
-70
-72
-82
-91
-81
-81
-85
-96
-108
-101
-97
-82
-75
-79
-93
-116
-116
-104
-96
-93
-94
-87
-102
-126
-132
-111
-80
-72
-90
-112
-131
-146
-146
-124
-95
-83
-95
-110
-101
-87
-68
-46
-37
-26
-32
-30
-18
-4
13
22
34
48
59
61
74
94
108
107
102
105
118
122
116
118
117
105
97
97
101
103
100
92
82
75
71
65
63
64
61
56
47
43
29
22
23
41
50
45
43
37
29
32
41
51
52
51
52
42
28
22
30
36
33
22
14
9
-7
-27
-32
-32
-29
-31
-36
-27
-20
-35
-38
-45
-49
-47
-48
-37
-42
-55
-61
-49
-31
-19
-13
-12
-3
3
4
12
24
29
31
39
47
55
53
55
64
64
66
57
54
52
46
45
51
58
63
65
67
81
82
74
62
62
65
71
85
94
102
104
101
101
112
123
132
139
140
125
100
106
109
118
123
115
106
90
74
73
76
70
54
30
17
11
11
-2
-12
-19
-31
-41
-42
-52
-57
-60
-65
-65
-69
-73
-70
-65
-67
-74
-81
-77
-61
-39
-30
-25
-23
-32
-44
-49
-47
-42
-37
-46
-55
-58
-62
-64
-65
-66
-73
-75
-65
-57
-56
-69
-76
-73
-77
-74
-64
-54
-52
-57
-63
-57
-51
-46
-28
-16
-13
-28
-37
-14
7
13
10
4
0
-12
-22
-18
-3
-11
-30
-45
-44
-37
-52
-60
-60
-59
-69
-79
-78
-75
-76
-80
-70
-56
-53
-63
-72
-63
-47
-44
-42
-34
-22
-21
-16
4
24
38
41
42
44
53
64
66
60
49
38
37
40
40
36
31
22
17
4
1
10
5
3
2
-4
-3
-16
-25
-21
-21
-11
-16
-26
-26
-34
-35
-38
-35
-31
-40
-48
-54
-56
-59
-50
-43
-48
-65
-88
-96
-89
-79
-83
-93
-95
-107
-115
-108
-99
-94
-96
-97
-94
-92
-99
-99
-88
-80
-70
-58
-44
-33
-18
-8
-1
14
21
29
33
37
46
49
53
56
66
76
80
84
91
88
84
80
81
81
73
76
81
82
77
67
63
64
63
62
65
65
66
61
60
61
53
55
60
71
66
54
42
34
25
25
33
43
41
18
14
17
29
22
17
15
8
-10
-24
-25
-18
-21
-28
-20
-14
-11
-25
-34
-27
-19
-14
-8
6
14
18
24
39
44
38
35
24
22
30
31
40
41
41
45
51
61
65
75
72
68
61
53
55
65
69
64
63
59
55
57
51
67
86
89
87
75
82
84
94
104
112
112
97
84
77
78
72
83
93
85
70
58
63
66
67
64
55
48
30
16
17
24
19
6
5
2
0
-8
-6
5
7
2
2
6
4
1
-9
-6
-4
-25
-45
-47
-45
-51
-57
-56
-58
-52
-56
-60
-59
-62
-63
-80
-85
-98
-104
-101
-107
-100
-104
-102
-106
-107
-99
-104
-101
-99
-94
-89
-86
-84
-72
-65
-62
-52
-49
-44
-40
-41
-38
-33
-34
-31
-38
-41
-34
-27
-19
-22
-21
-27
-22
-28
-25
-15
-23
-27
-41
-45
-43
-43
-35
-29
-12
-5
3
7
18
32
28
32
34
39
41
43
49
48
48
37
31
32
30
32
37
33
18
8
0
-1
-6
-16
-34
-49
-52
-62
-72
-68
-64
-58
-58
-56
-67
-62
-58
-54
-45
-55
-57
-57
-56
-50
-46
-40
-42
-40
-33
-22
-14
-7
-10
-22
-23
-24
-18
-15
-23
-27
-45
-54
-54
-43
-35
-44
-54
-61
-74
-77
-72
-66
-58
-55
-58
-57
-50
-50
-41
-33
-25
-22
-20
-16
-19
-14
-7
9
17
11
4
-1
8
8
11
7
-3
-4
-15
-20
-18
-10
2
-1
-8
-9
-15
-3
-4
-2
-4
-8
-7
-4
11
23
36
32
31
32
40
41
50
55
71
74
69
76
72
79
77
76
81
76
68
55
51
59
63
66
62
55
51
57
61
62
63
62
60
63
68
66
70
70
73
74
80
77
81
87
84
82
75
85
82
85
80
79
68
54
38
26
33
30
26
13
8
13
11
14
13
4
9
-6
-11
-9
-7
4
3
5
14
32
53
78
130
135
72
15
-3
5
50
79
129
132
73
61
-7
-83
-109
-38
80
161
108
72
28
-119
-102
-6
-28
-16
-12
-23
-30
-73
-79
-59
-3
29
65
92
74
29
-19
-19
8
47
98
132
123
103
66
36
27
26
51
70
91
92
71
44
-2
-15
-29
-33
-34
-39
-48
-58
-93
-126
-60
-60
-126
-108
-69
-120
-89
-19
-69
-123
-118
-117
-106
-81
-66
-73
-79
-87
-126
-140
-144
-135
-118
-76
-44
-50
-72
-102
-126
-136
-128
-109
-83
-73
-74
-75
-76
-89
-97
-80
-84
-95
-59
0
31
48
77
22
-9
-96
-94
166
284
178
216
264
113
158
202
-1
-126
-95
-67
59
157
223
171
18
-42
40
-21
-139
-125
-118
-140
-139
-18
68
65
25
-52
-152
-109
-39
-76
-45
-14
-63
-40
4
30
85
90
45
-19
-51
-113
-156
-145
-87
-31
-3
91
91
17
-20
-84
-195
-160
-54
-4
-3
-16
-47
-92
-128
-116
-37
-1
-24
-65
-72
-91
-114
-88
-31
42
88
64
23
0
-34
-65
-29
30
86
157
131
66
33
-5
-16
21
44
43
34
-9
-33
12
20
-24
-16
-3
-14
-28
5
19
27
57
55
24
7
1
-11
20
41
87
123
97
54
38
38
9
9
30
53
62
49
50
16
-1
13
-4
-1
12
37
32
-6
-13
-23
-24
-17
18
29
-8
-38
-51
-49
-65
-78
-45
12
17
9
-17
-66
-85
-91
-67
0
39
59
59
0
-58
-54
-19
8
58
52
20
9
11
10
11
27
46
50
68
97
69
30
-2
9
33
43
49
69
70
40
31
46
50
49
80
106
126
120
91
78
81
76
69
55
49
63
88
123
122
96
39
1
2
1
21
36
45
50
60
52
37
35
7
2
23
49
72
69
61
36
-7
-4
44
58
66
65
29
-3
-6
-10
-17
6
38
33
33
50
17
-39
-64
-57
-51
-14
17
30
41
8
-23
-22
-34
-24
7
9
-15
8
-19
-37
-16
-12
-14
-25
-22
-22
-22
-14
-2
-28
-41
-43
-71
-94
-87
-92
-71
-65
-63
-51
-66
-91
-120
-125
-126
-126
-101
-67
-67
-79
-63
-87
-122
-121
-103
-90
-62
-26
-37
-42
-62
-79
-63
-64
-57
-32
-50
-66
-62
-81
-84
-53
-35
-40
-42
-23
-26
-21
-6
-44
-27
41
89
110
103
60
-5
-40
-56
-20
1
-15
-25
-40
-48
-57
-61
-50
-36
-31
-22
-13
-2
-5
-36
-47
-29
-33
-2
38
37
31
26
17
5
11
39
35
27
42
64
62
53
49
12
-4
-22
-42
-28
-4
12
13
-9
-28
-54
-61
-50
-27
-4
20
30
7
1
-10
-18
-25
-8
6
5
16
13
17
23
24
33
53
70
72
33
1
-10
-7
7
50
91
99
61
11
-10
-39
-37
-4
31
43
40
34
19
4
-20
-8
24
22
21
47
53
45
42
34
19
14
38
57
70
89
93
58
55
62
38
26
47
62
51
56
75
76
61
61
37
8
16
13
4
3
2
6
14
15
-8
-32
-57
-50
-32
-24
-22
-23
-25
-40
-42
-52
-63
-73
-73
-79
-84
-63
-48
-32
-46
-81
-70
-74
-84
-68
-34
-27
-72
-83
-82
-89
-62
-22
-3
1
13
11
-1
2
7
27
44
46
47
41
22
14
25
59
79
92
102
81
59
61
65
73
95
98
98
91
85
74
51
47
52
54
55
77
85
80
80
69
38
7
4
-4
2
25
24
18
22
22
8
6
-17
-35
-11
1
-9
-5
-1
-19
-40
-28
-15
-23
-32
-36
-47
-61
-49
-42
-44
-46
-47
-48
-72
-60
-55
-58
-32
-19
-30
-42
-30
-41
-50
-46
-43
-20
-3
20
23
24
33
11
-20
-24
-15
-4
24
56
63
48
35
22
-1
-14
-4
10
38
36
15
-7
-19
-8
-23
-23
-15
-14
-16
-20
-12
-30
-34
-19
-19
-9
0
-16
-40
-29
-4
1
17
30
31
27
27
32
21
11
1
-5
4
14
14
17
15
12
19
31
46
37
30
23
15
8
8
8
11
9
-1
-13
-23
-26
-46
-54
-37
-33
-46
-40
-30
-22
-25
-26
-33
-55
-52
-39
-40
-25
-12
-10
-20
-23
-28
-52
-57
-32
-14
-2
1
-4
-11
-19
-8
1
21
28
12
10
18
20
10
2
0
-3
4
15
9
19
19
9
5
7
19
19
15
7
-2
2
15
20
26
33
44
58
56
45
37
23
15
19
20
31
29
36
24
9
13
8
5
14
31
42
40
23
11
0
-7
-13
-14
-7
-10
-15
-14
-11
-7
-9
-6
3
3
-3
-14
-8
-5
-9
2
7
6
2
6
2
-3
-1
-12
-14
-7
5
8
-1
2
4
-8
-16
-18
-24
-34
-42
-40
-43
-45
-43
-41
-36
-43
-38
-35
-44
-39
-44
-54
-58
-65
-71
-77
-79
-70
-58
-42
-37
-41
-48
-55
-55
-52
-48
-36
-34
-32
-28
-29
-29
-15
-7
-7
-8
-9
-16
-25
-16
-5
4
9
12
10
4
2
8
20
25
37
38
38
47
45
49
53
57
60
55
51
60
65
69
68
70
75
78
70
60
60
54
44
49
48
39
29
36
53
51
47
37
28
23
23
13
14
18
6
-1
-11
-19
-18
-12
-16
-10
-16
-47
-52
-42
-39
-43
-37
-30
-32
-29
-31
-33
-22
-24
-23
-11
-6
-6
-9
-3
-12
-30
-32
-21
-9
-7
-5
6
26
20
-2
-18
-28
-37
-36
-11
1
6
0
-1
-12
-21
-12
-5
13
28
33
27
14
12
4
-10
-10
-9
-4
6
18
30
27
29
24
25
29
26
23
28
29
22
28
29
42
44
50
50
59
61
53
51
45
45
40
39
37
34
39
33
34
39
36
26
25
28
15
22
21
16
12
1
2
3
3
2
9
12
12
2
0
-10
-17
-14
-15
-15
-22
-27
-35
-31
-20
-10
-7
-9
-18
-27
-33
-34
-18
-11
-3
2
7
4
10
16
18
22
14
16
11
8
10
13
10
11
8
6
6
9
6
10
14
8
5
0
-1
-2
-2
-5
-8
-11
-10
-10
-11
-4
-6
-11
-19
-22
-28
-18
-12
-21
-29
-47
-56
-56
-51
-44
-40
-37
-33
-40
-54
-66
-74
-84
-84
-84
-79
-70
-74
-77
-77
-69
-61
-61
-65
-71
-74
-76
-71
-64
-58
-58
-60
-58
-55
-55
-45
-28
-11
-2
-13
-25
-35
-36
-30
-32
-28
-16
-10
-8
-8
3
13
10
15
17
12
11
4
-1
1
-3
-2
-6
-3
3
14
17
14
13
5
6
3
0
-1
-1
-9
-3
-2
-5
0
6
10
12
17
14
19
24
21
21
11
7
14
20
24
22
27
35
37
45
43
45
49
47
53
47
49
48
50
46
48
52
47
51
55
57
52
48
49
40
29
38
35
37
41
41
31
28
30
18
19
13
21
21
13
2
-2
-8
-13
-15
-8
6
0
-2
-9
-26
-32
-36
-38
-37
-28
-20
-18
-20
-27
-34
-32
-36
-38
-29
-28
-30
-27
-23
-20
-23
-28
-25
-15
-5
-4
-3
5
2
-3
2
7
13
25
27
33
44
41
41
36
41
44
47
57
59
67
70
64
53
41
42
54
62
71
79
85
78
74
73
61
51
40
37
44
37
33
33
23
13
12
22
32
44
44
37
23
16
14
19
25
22
7
5
12
15
29
25
22
17
14
25
26
29
28
32
28
18
21
27
24
31
27
18
15
2
-3
-9
-9
-6
-6
-4
-4
-12
-7
-9
-13
-19
-30
-30
-34
-27
-23
-25
-26
-25
-19
-17
-16
-17
-10
-6
2
8
5
-2
-9
-11
-9
-10
-5
5
10
17
17
8
-2
-11
-16
-15
-23
-36
-40
-41
-45
-44
-41
-41
-37
-40
-48
-45
-51
-44
-53
-59
-56
-52
-43
-43
-49
-53
-48
-47
-45
-31
-29
-26
-32
-34
-31
-41
-52
-59
-56
-51
-45
-35
-36
-38
-42
-49
-51
-51
-50
-56
-52
-53
-53
-57
-65
-70
-71
-67
-71
-77
-76
-79
-85
-82
-75
-81
-76
-79
-75
-68
-61
-48
-49
-45
-42
-38
-38
-37
-41
-43
-48
-48
-44
-46
-42
-29
-27
-23
-27
-25
-20
-27
-30
-31
-26
-35
-30
-25
-23
-13
-11
-12
-5
-4
0
11
16
22
19
20
22
29
28
33
39
43
40
28
33
37
46
51
57
59
52
51
53
52
61
62
69
75
74
75
70
70
67
66
68
69
76
81
71
66
66
66
71
69
64
56
49
40
33
32
19
21
24
17
20
9
14
13
6
4
4
5
4
3
-5
-15
-15
-18
-21
-13
-11
-1
5
4
3
-2
-9
-14
-7
-4
-4
-10
-9
-3
-2
1
-1
-4
-6
-2
-2
1
7
12
19
18
22
23
26
24
25
28
28
33
34
36
38
40
36
37
41
37
38
31
28
28
17
28
27
26
30
22
25
27
31
36
36
33
36
33
31
35
36
37
27
23
20
18
15
13
15
18
25
25
28
23
20
18
16
15
13
7
4
8
7
1
1
-4
-1
8
2
5
5
10
7
3
1
-1
-9
-7
-7
-13
-6
-7
2
6
1
0
-1
-2
-7
-13
-6
-10
-9
-3
2
8
10
7
0
1
-1
-7
-13
-10
-19
-23
-24
-26
-35
-37
-42
-38
-40
-38
-38
-37
-31
-32
-38
-40
-39
-47
-47
-43
-41
-37
-38
-36
-43
-41
-38
-41
-33
-31
-36
-40
-36
-37
-39
-38
-36
-40
-39
-39
-47
-49
-56
-58
-55
-48
-40
-24
-21
-17
-22
-29
-30
-26
-21
-21
-23
-27
-25
-27
-29
-33
-33
-27
-26
-23
-16
-9
-5
-10
-7
-9
-16
-18
-19
-16
-22
-20
-18
-15
-19
-22
-15
-16
-13
-21
-26
-29
-32
-40
-44
-36
-37
-32
-35
-38
-30
-28
-26
-20
-22
-24
-30
-26
-27
-25
-27
-31
-29
-26
-21
-19
-11
-10
3
3
1
3
-5
0
3
10
16
12
18
23
24
21
25
36
36
40
47
53
57
57
58
56
49
43
47
57
63
68
68
72
78
80
79
78
82
78
74
69
64
61
49
47
48
47
56
60
55
54
46
31
29
24
24
21
21
28
32
43
49
49
41
24
12
1
-6
-10
-13
-10
-10
-13
-18
-17
-10
-8
-4
-7
-11
-14
-25
-21
-18
-17
-10
-14
-13
-13
-17
-13
-15
-16
-16
-22
-20
-18
-10
-1
19
28
32
29
23
21
16
17
15
20
23
18
18
18
20
26
30
32
31
29
27
23
25
26
28
24
30
33
29
33
30
29
24
9
3
7
14
21
25
25
23
24
21
19
22
19
14
13
3
-2
1
6
5
4
4
0
-3
-11
-22
-19
-17
-20
-20
-19
-21
-30
-35
-39
-37
-36
-47
-53
-60
-57
-49
-45
-39
-38
-37
-44
-33
-29
-28
-30
-34
-24
-26
-23
-15
-9
-2
4
-1
7
13
10
9
12
18
19
24
23
24
32
33
27
28
30
24
22
24
26
30
35
38
43
43
42
42
38
31
20
13
7
4
10
11
16
19
19
18
12
9
7
7
3
-3
-1
2
1
-4
-7
-11
-12
-13
-25
-32
-34
-45
-44
-36
-37
-35
-29
-28
-31
-31
-27
-35
-36
-37
-38
-38
-35
-35
-32
-31
-30
-27
-29
-19
-23
-20
-18
-16
-14
-21
-20
-14
-16
-24
-24
-26
-22
-22
-27
-25
-32
-32
-28
-28
-20
-13
-7
-5
-9
-12
-12
-11
-12
-7
-14
-22
-32
-36
-30
-31
-29
-31
-32
-38
-35
-28
-28
-25
-31
-36
-35
-25
-22
-14
-15
-19
-17
-10
-13
-16
-10
-21
-20
-21
-19
-12
0
8
10
13
8
10
8
7
7
6
5
5
7
10
11
11
13
20
22
24
31
24
20
12
8
11
10
13
8
14
18
19
17
14
13
9
16
23
29
25
21
22
21
24
19
21
24
16
15
16
24
23
18
17
10
12
14
14
15
11
5
5
9
8
11
11
2
2
-12
-21
-19
-21
-16
-14
-11
-1
12
16
18
12
9
3
-3
3
-4
-8
-9
-10
-3
-1
11
14
16
23
16
10
11
14
13
6
5
11
15
18
27
24
29
31
29
22
23
28
25
33
34
31
36
35
33
32
32
40
38
35
31
31
38
34
37
42
42
38
31
21
16
17
7
4
4
-6
-4
-15
-16
-19
-25
-27
-32
-33
-41
-36
-33
-25
-27
-27
-29
-30
-29
-37
-35
-36
-37
-40
-40
-35
-27
-24
-20
-17
-19
-26
-23
-28
-28
-24
-34
-30
-28
-25
-27
-30
-22
-22
-15
-13
-12
-7
-7
0
8
9
10
7
2
0
6
10
6
0
7
15
27
29
22
21
20
31
35
40
41
42
47
42
40
41
44
38
40
38
38
42
40
33
34
34
32
38
37
38
29
27
24
24
25
24
25
21
16
12
7
9
15
16
14
14
9
9
9
12
12
3
2
-6
-6
-7
-9
-14
-15
-12
-12
-6
-8
-12
-13
-11
-15
-16
-20
-26
-25
-21
-20
-18
-23
-31
-33
-39
-42
-37
-39
-41
-32
-35
-31
-30
-27
-25
-28
-25
-37
-31
-36
-34
-39
-45
-41
-42
-38
-35
-36
-35
-30
-33
-33
-34
-39
-41
-36
-34
-31
-35
-37
-35
-43
-41
-40
-33
-42
-44
-44
-49
-42
-51
-51
-49
-47
-41
-43
-37
-34
-34
-36
-36
-34
-33
-35
-35
-29
-29
-22
-18
-13
-14
-7
-12
-10
-6
-6
-3
-2
4
4
5
0
7
11
18
21
26
26
19
21
23
29
30
34
29
35
36
29
30
26
27
26
31
32
34
30
31
26
26
32
29
30
29
32
33
36
27
23
16
12
13
5
6
5
6
9
7
12
11
10
18
17
17
18
14
7
-3
-5
-5
0
3
0
-6
-2
10
18
16
15
15
13
6
5
9
5
9
6
5
14
16
14
14
17
19
23
18
21
24
15
18
13
10
11
11
15
11
8
11
14
18
16
8
-2
-1
3
1
2
3
4
5
7
9
9
12
9
8
9
12
15
18
20
21
23
21
26
34
32
33
33
28
23
13
16
15
18
27
25
21
20
20
15
16
14
14
19
24
30
27
26
21
17
19
25
28
28
29
25
23
28
18
14
16
8
12
11
14
16
10
4
2
7
4
5
9
9
14
17
10
10
13
13
15
18
19
22
25
26
23
26
27
24
23
22
23
24
28
38
32
33
32
27
31
29
26
25
29
21
10
7
4
6
3
3
-4
-12
-19
-21
-20
-21
-15
-21
-17
-22
-33
-28
-24
-22
-26
-27
-29
-26
-26
-22
-18
-19
-23
-23
-16
-18
-11
-7
-14
-12
-10
-12
-17
-16
-14
-20
-24
-25
-22
-20
-29
-29
-39
-47
-50
-48
-50
-57
-50
-44
-47
-48
-47
-54
-53
-55
-51
-50
-50
-43
-42
-39
-32
-29
-27
-24
-23
-17
-15
-24
-36
-35
-30
-29
-30
-23
-13
-15
-8
-2
-2
-8
-13
-16
-19
-20
-29
-32
-29
-28
-25
-23
-23
-22
-26
-24
-27
-29
-31
-29
-29
-31
-32
-37
-39
-37
-40
-31
-30
-34
-22
-23
-22
-22
-28
-25
-25
-25
-23
-26
-24
-23
-18
-9
-11
-6
-8
-6
-6
-5
-2
-6
-8
-12
-7
-9
-12
-4
-6
-8
-8
-8
-8
-15
-19
-15
-15
-10
-11
-12
-15
-13
-11
-14
-17
-25
-34
-34
-39
-37
-31
-27
-19
-13
-4
4
8
5
13
10
7
8
1
1
0
9
11
8
14
19
32
38
36
40
40
37
38
45
42
42
40
38
43
43
35
32
28
29
32
28
31
27
34
37
33
34
37
40
42
50
43
42
42
33
32
26
29
26
26
26
17
21
22
20
26
18
14
18
9
7
10
18
17
21
28
28
25
31
34
38
36
35
32
33
38
40
49
55
55
50
53
63
65
73
69
78
76
72
69
67
74
70
68
64
66
75
76
78
81
78
80
68
63
59
55
48
43
46
37
36
30
27
29
25
23
21
21
15
11
3
0
0
-2
0
3
5
3
5
1
-2
-7
-5
-13
-24
-27
-33
-36
-36
-33
-43
-42
-40
-43
-39
-42
-39
-43
-44
-39
-41
-44
-42
-39
-38
-37
-38
-33
-28
-30
-26
-24
-28
-24
-28
-28
-24
-32
-34
-34
-26
-25
-24
-17
-19
-18
-18
-15
-21
-27
-30
-38
-37
-39
-34
-31
-35
-32
-30
-34
-29
-24
-28
-29
-26
-36
-41
-39
-37
-34
-34
-36
-33
-29
-29
-29
-35
-34
-38
-46
-53
-56
-56
-51
-41
-37
-36
-38
-36
-38
-38
-41
-45
-44
-46
-51
-47
-48
-48
-40
-47
-43
-47
-41
-37
-37
-34
-39
-41
-46
-44
-40
-37
-33
-34
-34
-28
-25
-26
-29
-28
-25
-22
-20
-26
-25
-23
-20
-20
-19
-21
-27
-23
-24
-20
-14
-15
-3
-6
-10
-10
-13
-4
-7
-5
-13
-17
-12
-17
-11
-15
-17
-23
-24
-25
-27
-23
-27
-25
-27
-28
-29
-26
-25
-24
-21
-28
-36
-34
-38
-42
-44
-44
-38
-36
-28
-22
-25
-21
-15
-18
-17
-19
-23
-19
-17
-10
-11
-4
2
5
7
10
17
20
27
25
27
38
40
41
41
50
64
67
72
74
80
81
79
78
77
77
78
73
70
79
75
84
82
88
90
87
87
76
69
61
60
54
53
42
38
43
37
40
37
34
33
34
31
35
36
26
29
25
19
18
15
10
8
13
16
19
23
30
32
34
31
29
30
26
28
33
42
50
54
58
60
63
67
65
65
61
63
68
65
70
78
81
84
87
88
84
84
90
84
89
94
89
86
86
83
84
79
78
80
80
73
67
64
59
65
62
61
62
53
58
57
53
57
52
53
54
50
51
52
43
40
36
27
25
20
13
9
10
12
12
5
2
-6
-14
-15
-22
-23
-28
-39
-43
-48
-57
-59
-61
-54
-49
-49
-44
-54
-67
-72
-74
-71
-79
-82
-81
-88
-92
-86
-82
-85
-78
-77
-77
-77
-81
-80
-81
-84
-92
-96
-95
-95
-96
-102
-101
-96
-96
-97
-99
-96
-94
-91
-89
-90
-89
-89
-83
-86
-79
-77
-74
-71
-70
-66
-65
-61
-64
-61
-58
-59
-53
-45
-47
-43
-39
-37
-33
-36
-39
-37
-39
-35
-33
-33
-30
-31
-30
-34
-34
-35
-36
-39
-41
-42
-47
-44
-41
-38
-36
-35
-33
-33
-30
-33
-36
-41
-45
-43
-42
-38
-30
-29
-26
-21
-21
-18
-19
-16
-6
-5
0
-4
-3
0
-3
-3
-9
-5
-11
-12
-5
-3
-2
-3
2
4
4
5
-2
-3
1
4
5
8
10
4
2
1
-3
-6
-9
-11
-16
-14
-16
-20
-21
-24
-17
-11
-10
-6
-9
-5
-7
-10
-12
-14
-10
-16
-13
-14
-5
-7
-8
-5
-7
1
2
9
10
13
13
13
12
12
10
10
15
18
24
31
35
40
42
41
42
39
46
53
48
48
50
56
57
60
60
62
68
57
56
56
56
54
52
53
53
53
56
61
65
76
77
78
79
80
77
74
72
69
71
70
79
79
82
83
85
87
84
85
89
93
89
91
91
90
86
81
87
85
77
78
75
77
80
82
78
71
63
63
66
64
66
58
60
56
47
42
38
39
37
36
33
27
19
14
11
20
28
27
22
28
24
20
18
13
12
0
-1
-5
-5
2
1
3
1
1
-2
0
-1
-1
-2
-4
0
3
7
9
9
0
2
7
5
12
8
10
12
7
6
-1
-12
-13
-11
-8
-5
-12
-4
-10
-10
-11
-16
-17
-21
-17
-26
-28
-28
-30
-27
-29
-30
-32
-37
-39
-40
-39
-45
-56
-61
-64
-67
-71
-73
-72
-80
-79
-75
-81
-75
-73
-79
-76
-81
-79
-83
-82
-77
-77
-72
-74
-72
-79
-83
-78
-77
-78
-73
-67
-64
-65
-61
-58
-55
-53
-54
-56
-60
-58
-62
-62
-66
-71
-72
-78
-78
-77
-75
-70
-68
-70
-75
-72
-77
-75
-72
-75
-72
-64
-57
-63
-59
-64
-63
-62
-58
-51
-55
-49
-50
-49
-52
-57
-54
-50
-46
-42
-34
-32
-25
-25
-30
-19
-20
-25
-26
-32
-29
-25
-20
-12
-8
-5
-10
-2
10
3
5
12
16
20
27
28
29
30
27
31
33
33
35
38
43
46
50
59
59
56
61
62
62
58
54
54
47
46
47
49
43
38
37
30
30
24
23
26
27
30
30
29
27
29
32
26
16
7
6
3
13
16
14
20
27
27
26
29
31
32
31
25
23
20
19
21
23
26
19
22
24
23
20
20
20
20
20
18
24
27
29
32
32
27
27
25
22
29
27
25
26
26
23
19
23
31
29
31
32
28
31
31
38
41
40
36
34
34
35
38
40
45
45
46
41
41
41
40
44
44
49
42
35
37
35
38
44
43
42
45
44
40
45
46
43
37
34
35
39
37
29
27
23
27
34
35
40
39
36
38
38
37
38
43
38
34
32
28
30
37
38
37
48
49
45
47
45
45
44
47
48
48
43
43
44
37
39
42
34
31
31
40
48
47
49
48
49
46
38
36
33
31
26
28
18
10
8
2
-5
-4
-8
-7
-8
-7
-9
-18
-19
-20
-27
-32
-35
-45
-50
-61
-62
-61
-68
-64
-59
-56
-60
-60
-63
-71
-71
-73
-80
-79
-80
-81
-81
-83
-83
-80
-85
-87
-81
-78
-75
-80
-82
-93
-92
-93
-95
-89
-86
-83
-81
-80
-80
-76
-78
-82
-81
-77
-79
-76
-71
-74
-77
-81
-77
-76
-69
-68
-65
-62
-66
-59
-58
-57
-52
-55
-58
-58
-60
-58
-56
-55
-54
-53
-50
-54
-46
-41
-39
-37
-40
-34
-34
-36
-33
-35
-34
-27
-28
-24
-17
-14
-9
-8
-10
-11
0
1
5
7
7
13
9
16
16
13
17
17
20
21
18
20
24
32
39
35
35
38
34
32
34
32
29
21
22
22
23
25
27
30
24
23
22
24
27
26
25
23
16
5
8
16
15
18
17
11
10
8
11
12
14
13
10
14
11
12
11
9
6
7
11
14
18
14
15
11
12
10
15
14
14
22
19
15
18
19
16
15
18
17
19
26
20
25
29
26
30
33
38
40
41
42
44
38
31
31
28
32
27
32
36
39
43
44
41
39
40
39
43
41
35
29
24
21
24
30
26
28
31
25
23
19
15
16
13
18
23
28
22
16
20
18
12
11
12
9
10
23
26
29
36
36
34
37
48
46
48
52
46
51
50
46
46
43
42
35
40
39
37
39
34
33
34
27
25
23
14
9
15
9
8
11
10
12
15
18
13
13
10
14
11
8
4
6
3
0
11
15
18
21
21
20
21
12
4
3
2
-6
-15
-17
-18
-16
-19
-16
-17
-18
-17
-19
-19
-21
-23
-27
-32
-30
-36
-37
-35
-41
-41
-37
-33
-31
-22
-16
-12
-13
-19
-20
-16
-19
-17
-12
-12
-8
-12
-16
-13
-11
-7
-9
-6
-6
-10
-8
-14
-10
-9
-16
-20
-21
-24
-22
-23
-28
-29
-29
-35
-37
-39
-42
-47
-49
-46
-51
-48
-43
-42
-43
-45
-51
-53
-58
-63
-66
-67
-63
-61
-56
-48
-53
-53
-48
-46
-45
-41
-42
-48
-49
-52
-50
-52
-49
-43
-45
-47
-43
-39
-41
-42
-39
-45
-44
-49
-49
-49
-48
-39
-46
-45
-43
-44
-40
-36
-36
-30
-27
-24
-20
-29
-24
-22
-21
-18
-15
-13
-13
-11
-4
2
-2
-3
-2
-6
-7
-1
-4
0
3
0
1
-3
-4
-1
-3
-7
-9
-8
-10
-15
-10
-6
-8
-3
-2
0
0
-1
1
-1
5
1
-6
6
8
14
17
19
21
24
31
30
34
30
32
34
38
40
34
38
36
34
43
44
45
50
49
45
44
45
44
43
44
49
45
40
44
44
50
50
55
52
53
50
43
35
40
40
42
50
44
43
42
46
37
44
38
33
35
32
26
22
22
22
18
16
25
25
21
12
7
8
6
10
10
7
7
5
2
1
7
9
9
17
20
21
20
15
14
11
4
1
2
4
3
6
12
12
17
21
28
29
27
25
27
26
21
22
22
19
19
19
20
20
24
22
16
12
5
5
14
24
20
19
23
25
30
29
35
38
38
34
35
31
30
35
33
33
33
28
31
33
30
28
28
25
19
14
9
2
8
11
12
17
22
22
23
18
16
13
6
3
-9
-14
-17
-19
-18
-16
-16
-15
-17
-17
-11
-6
-8
-15
-15
-18
-21
-18
-19
-26
-23
-20
-18
-15
-11
-11
-15
-11
-17
-8
-4
-4
-4
-9
-5
-4
-3
-4
-5
-9
-10
-4
-2
2
0
1
0
4
7
6
9
8
8
7
9
6
1
1
-5
-2
-4
-6
-11
-14
-17
-19
-25
-33
-40
-46
-47
-49
-50
-49
-51
-56
-61
-64
-64
-63
-62
-64
-65
-65
-62
-60
-55
-53
-53
-54
-47
-44
-41
-40
-42
-41
-40
-36
-36
-30
-31
-30
-32
-36
-30
-31
-30
-33
-32
-40
-43
-36
-42
-41
-38
-35
-39
-37
-33
-26
-23
-25
-27
-25
-28
-28
-27
-28
-20
-20
-18
-16
-21
-17
-19
-19
-13
-8
-9
-10
-8
-9
-7
-5
-6
-4
-3
-5
3
9
12
15
16
16
17
22
22
22
25
24
19
21
18
16
13
8
7
10
10
8
12
6
4
0
-2
-7
-11
-15
-17
-23
-27
-24
-28
-26
-27
-24
-16
-17
-12
-9
-15
-17
-23
-23
-22
-28
-33
-32
-28
-22
-23
-16
-12
-9
-1
5
9
12
11
10
13
13
18
20
27
32
39
44
47
52
50
56
53
59
63
57
65
66
63
64
61
65
58
64
60
55
57
47
53
48
45
38
34
33
26
25
21
17
19
14
11
9
4
1
5
14
8
4
1
-5
2
5
1
10
4
1
1
4
11
16
17
21
22
25
22
23
30
39
44
42
47
46
49
44
44
43
44
45
50
58
56
64
65
65
71
76
73
75
72
68
75
75
72
75
73
62
60
52
51
46
40
36
31
34
30
35
32
22
18
12
8
2
3
3
-1
-9
-10
-6
-12
-8
-8
-6
-6
-12
-12
-14
-18
-13
-18
-27
-34
-43
-44
-48
-48
-49
-51
-59
-56
-55
-58
-62
-60
-58
-58
-52
-53
-53
-50
-54
-61
-57
-48
-42
-44
-39
-38
-40
-39
-39
-39
-32
-33
-30
-21
-24
-17
-16
-19
-26
-24
-24
-24
-17
-20
-24
-25
-21
-19
-23
-22
-23
-21
-16
-13
-11
-10
-9
-16
-14
-15
-19
-18
-17
-9
-11
-6
-6
-8
-14
-12
-14
-16
-17
-20
-23
-23
-21
-19
-20
-23
-18
-11
-11
-15
-16
-26
-30
-25
-30
-33
-34
-36
-29
-31
-35
-38
-36
-34
-37
-33
-39
-44
-42
-36
-31
-31
-36
-34
-25
-23
-22
-21
-26
-28
-24
-27
-25
-24
-24
-23
-20
-18
-12
-6
1
3
3
1
-5
-4
-7
-7
-5
-9
-5
-3
-5
-10
-10
-12
-13
-8
-11
-12
-13
-11
-17
-25
-29
-32
-32
-24
-21
-19
-12
-17
-18
-14
-21
-23
-19
-22
-24
-27
-30
-34
-37
-31
-29
-23
-18
-18
-19
-17
-17
-18
-18
-23
-25
-22
-25
-28
-26
-18
-15
-12
0
6
7
12
7
5
6
10
14
21
23
28
40
42
46
50
54
49
49
53
54
58
62
59
54
61
65
70
72
64
63
66
63
57
62
59
58
57
53
54
51
52
53
45
43
48
43
39
41
42
45
44
40
40
35
33
31
35
34
27
26
27
28
29
37
36
34
28
24
28
32
38
37
32
37
36
37
36
33
32
33
34
35
34
31
31
31
41
38
33
34
34
36
39
43
38
38
48
44
42
47
44
49
54
55
60
52
43
38
37
37
35
39
35
35
38
33
30
32
21
24
25
22
24
13
7
2
0
3
-4
-8
-6
-8
-8
-11
-13
-15
-16
-20
-26
-27
-34
-32
-31
-26
-17
-15
-17
-16
-15
-12
-15
-13
-10
-14
-15
-19
-26
-32
-30
-30
-30
-24
-26
-24
-26
-26
-23
-35
-36
-40
-42
-38
-37
-38
-37
-43
-44
-46
-49
-48
-45
-47
-47
-48
-52
-52
-60
-55
-51
-44
-42
-41
-37
-37
-36
-39
-39
-45
-45
-47
-42
-35
-34
-30
-26
-27
-26
-24
-17
-15
-23
-28
-30
-30
-31
-38
-46
-44
-37
-34
-33
-28
-29
-28
-28
-28
-35
-38
-37
-40
-42
-48
-40
-45
-39
-33
-34
-25
-24
-25
-26
-24
-22
-20
-18
-24
-25
-22
-22
-23
-24
-25
-29
-27
-27
-19
-26
-24
-21
-23
-16
-16
-16
-16
-18
-20
-18
-20
-15
-18
-18
-17
-17
-12
-8
-7
-17
-11
-12
-22
-20
-23
-20
-17
-17
-16
-18
-22
-22
-12
-7
-3
-4
-2
-3
-8
-7
-11
-8
-13
-9
-6
-2
5
4
9
6
7
5
6
5
3
5
-4
-6
-6
-6
-4
-1
-5
-1
5
12
9
6
10
8
11
9
10
5
9
12
9
7
7
6
11
16
15
21
14
14
18
17
16
15
22
26
26
31
38
38
38
34
33
31
33
30
28
26
27
30
20
22
27
26
33
41
34
35
37
37
37
32
28
22
28
30
33
31
33
35
31
35
40
38
39
44
53
53
56
56
55
51
55
58
54
58
53
50
52
58
60
59
59
55
55
58
60
61
61
57
47
51
51
52
55
55
56
56
59
58
59
62
57
53
51
45
45
47
45
41
39
44
50
51
49
48
47
44
43
41
41
35
28
21
22
21
20
23
29
31
30
27
19
17
1
-7
-8
-14
-22
-30
-35
-41
-45
-37
-37
-35
-32
-35
-28
-31
-26
-29
-39
-39
-44
-38
-37
-44
-48
-47
-46
-42
-37
-42
-40
-35
-35
-35
-37
-41
-44
-55
-57
-51
-53
-50
-47
-44
-48
-57
-59
-55
-54
-53
-52
-55
-59
-60
-58
-54
-53
-52
-50
-47
-41
-43
-52
-44
-53
-56
-52
-54
-49
-58
-58
-54
-46
-38
-26
-22
-20
-21
-23
-22
-28
-23
-23
-27
-26
-31
-19
-14
-14
-9
-14
-9
-11
-11
-21
-23
-22
-26
-31
-32
-30
-33
-37
-34
-28
-28
-25
-31
-29
-36
-37
-34
-32
-28
-32
-33
-29
-28
-29
-22
-21
-17
-15
-19
-13
-10
-9
-10
-9
-11
-14
-8
-3
1
-2
-1
-2
-9
-8
-3
-4
-10
-12
-12
-14
-14
-21
-16
-13
-18
-18
-17
-21
-27
-21
-18
-18
-17
-17
-19
-21
-11
-9
-7
-1
-5
-9
-13
-16
-16
-2
6
6
5
9
12
12
14
17
15
17
18
11
16
14
9
7
14
16
18
17
16
20
17
16
20
22
14
18
18
13
14
13
11
13
16
22
27
27
17
10
10
6
3
10
14
12
13
19
26
30
35
32
32
33
30
19
9
13
10
10
10
12
18
19
24
27
34
40
41
39
44
45
46
45
41
46
39
45
46
50
53
55
58
56
63
59
64
59
57
55
56
63
57
58
59
60
63
72
72
73
75
73
77
82
80
77
80
80
77
75
68
79
76
67
66
63
63
59
51
46
54
57
56
54
47
40
41
40
40
42
34
35
31
32
31
25
22
28
32
27
32
26
23
20
17
17
15
17
12
9
3
3
-2
-7
-12
-15
-12
-15
-17
-21
-23
-24
-27
-19
-19
-17
-13
-23
-24
-24
-18
-18
-17
-20
-21
-17
-21
-22
-26
-28
-26
-26
-24
-23
-25
-18
-13
-20
-22
-25
-23
-28
-32
-35
-39
-41
-40
-47
-59
-60
-57
-54
-52
-55
-58
-55
-59
-59
-55
-63
-64
-60
-65
-69
-73
-80
-85
-82
-79
-79
-76
-78
-76
-74
-69
-67
-58
-58
-60
-58
-55
-55
-52
-49
-45
-40
-33
-31
-33
-37
-32
-25
-19
-13
-19
-14
-19
-20
-16
-12
-3
-3
-3
-5
-5
0
4
4
1
0
4
-2
-1
-5
-8
-3
-7
-8
-13
-21
-17
-17
-23
-22
-23
-24
-20
-28
-32
-29
-33
-33
-33
-29
-24
-28
-29
-28
-28
-27
-25
-31
-32
-32
-38
-32
-33
-27
-28
-30
-29
-29
-24
-21
-22
-26
-20
-24
-29
-20
-22
-22
-24
-19
-11
-8
-5
-11
-13
-11
-13
-15
-15
-15
-11
-14
-16
-22
-26
-24
-23
-24
-23
-29
-31
-35
-36
-31
-37
-37
-33
-29
-27
-27
-20
-16
-20
-22
-16
-17
-21
-26
-26
-23
-19
-19
-15
-13
-8
-3
-6
4
11
15
11
5
4
6
1
1
12
17
19
23
32
32
37
45
50
54
49
47
48
46
44
45
45
56
60
61
60
56
55
60
60
56
57
64
59
56
55
58
65
64
68
68
75
82
84
89
90
90
94
96
99
100
106
109
108
114
116
118
115
121
120
123
120
114
113
108
109
107
106
105
102
101
98
93
96
94
96
96
87
80
69
67
65
63
51
41
34
29
28
24
21
6
1
-3
-11
-12
-7
-7
-13
-26
-28
-37
-41
-36
-30
-29
-31
-37
-41
-42
-41
-41
-35
-32
-34
-28
-25
-21
-23
-27
-24
-27
-26
-20
-23
-16
-18
-17
-17
-28
-25
-19
-21
-21
-23
-27
-29
-25
-22
-14
-14
-17
-17
-16
-19
-25
-24
-34
-34
-36
-35
-30
-33
-37
-36
-32
-27
-27
-29
-33
-41
-48
-50
-51
-51
-51
-52
-52
-55
-54
-50
-53
-51
-51
-54
-54
-58
-56
-59
-61
-61
-63
-65
-65
-61
-63
-66
-66
-59
-54
-49
-45
-48
-43
-44
-45
-43
-49
-50
-45
-41
-38
-36
-34
-29
-26
-31
-28
-31
-31
-33
-27
-27
-28
-31
-32
-33
-37
-35
-35
-38
-43
-41
-44
-51
-50
-52
-51
-54
-54
-50
-53
-48
-51
-48
-50
-50
-48
-47
-46
-47
-50
-48
-47
-41
-44
-41
-37
-38
-31
-31
-25
-32
-26
-24
-26
-20
-23
-22
-13
-11
-6
-7
-9
-5
-6
2
11
10
15
14
14
17
13
13
11
10
11
17
20
17
11
11
13
11
12
11
12
10
13
13
19
19
20
19
15
22
21
20
19
26
25
14
18
16
14
17
15
15
12
16
21
14
15
15
11
14
20
25
28
26
24
27
24
27
28
30
30
35
41
42
50
50
47
49
47
47
49
49
51
53
54
50
54
53
57
63
60
63
58
66
66
68
71
70
70
63
63
65
68
68
71
68
68
65
65
70
65
63
62
62
68
70
74
73
73
79
77
74
76
81
75
78
82
78
76
76
81
80
78
78
78
85
86
77
74
70
67
64
65
56
53
50
49
47
42
38
21
18
13
11
15
17
13
4
3
-1
-1
5
-1
-3
-5
-13
-14
-23
-26
-24
-33
-29
-28
-25
-28
-32
-36
-44
-40
-38
-39
-44
-44
-45
-52
-52
-53
-56
-57
-55
-62
-65
-65
-65
-59
-62
-65
-64
-72
-79
-76
-75
-72
-73
-67
-67
-65
-67
-62
-64
-62
-63
-65
-63
-62
-52
-53
-53
-51
-47
-56
-50
-49
-53
-48
-51
-54
-46
-41
-42
-37
-41
-39
-36
-39
-30
-32
-36
-33
-38
-39
-39
-36
-26
-24
-24
-25
-23
-20
-19
-12
-15
-11
-9
-9
-7
-11
-16
-18
-22
-23
-19
-18
-15
-16
-17
-9
-10
-7
-5
-8
-11
-15
-17
-21
-23
-23
-30
-29
-29
-30
-24
-19
-21
-23
-20
-17
-13
-13
-10
-13
-17
-19
-13
-14
-13
-12
-19
-20
-21
-16
-12
-5
-6
-5
-3
-2
6
6
5
-1
-2
6
2
0
-4
-13
-11
-15
-12
-9
-12
-9
-6
-7
-4
-6
-6
-3
-3
-4
-5
-10
-17
-21
-26
-23
-17
-17
-7
-4
-1
4
2
7
10
6
-1
-2
1
-2
-8
-10
-1
-7
-10
-4
-8
-3
1
-2
-2
-6
-7
-4
-1
-4
-8
-11
-13
-10
-8
-7
-5
-11
-8
0
-4
0
3
8
11
11
21
21
24
30
30
31
29
34
30
31
27
28
26
28
39
40
43
43
48
47
47
48
39
42
44
42
44
43
38
42
50
51
58
65
64
64
64
66
62
60
59
58
60
52
54
61
56
54
57
54
56
58
57
54
52
47
39
48
46
47
47
46
50
50
56
58
51
47
43
37
29
24
22
26
22
19
12
13
18
14
15
17
13
7
6
8
6
3
-1
-8
-7
-6
-8
-10
-9
-10
-6
-10
-8
-1
-3
-4
-5
-9
-12
-12
-13
-7
-6
-6
-8
-14
-12
-9
-9
-5
-1
-6
-5
-13
-15
-10
-16
-15
-18
-13
-22
-12
-13
-10
-12
-17
-11
-16
-15
-21
-16
-15
-15
-11
-5
-6
-12
-10
-9
-10
-12
-11
-15
-18
-20
-27
-26
-29
-29
-26
-29
-28
-36
-41
-44
-48
-39
-36
-39
-33
-39
-40
-41
-43
-35
-39
-47
-46
-42
-41
-37
-37
-36
-36
-37
-40
-36
-34
-44
-40
-43
-39
-37
-37
-34
-28
-19
-16
-19
-20
-17
-19
-16
-12
-14
-19
-20
-19
-15
-14
-10
-10
-9
-4
-9
-11
-6
-8
-9
-2
-9
-9
-14
-19
-16
-18
-16
-15
-12
-14
-9
-9
-11
-12
-15
-16
-19
-24
-19
-17
-18
-23
-24
-22
-22
-15
-13
-13
-14
-14
-15
-14
-18
-17
-21
-27
-23
-26
-23
-27
-27
-22
-19
-17
-16
-17
-18
-14
-16
-7
-11
-13
-12
-11
-13
-12
-7
-8
0
4
3
6
7
10
9
11
13
14
18
14
14
17
13
11
10
17
18
20
23
20
17
19
24
20
16
15
14
14
17
13
13
13
11
13
12
8
9
4
5
9
6
13
10
6
8
8
8
8
8
5
1
-7
-3
-3
-5
0
-4
-4
-8
-5
-1
3
4
0
-1
2
5
10
13
13
14
15
17
19
23
25
28
29
35
31
27
31
38
47
42
47
48
54
57
52
57
54
51
53
52
57
59
60
60
61
62
65
67
72
67
57
55
52
56
52
50
45
46
48
51
51
49
44
43
37
37
35
30
31
26
29
23
25
16
17
19
12
11
6
8
-3
-7
-3
-3
3
2
1
-3
-5
-10
-13
-16
-21
-16
-17
-17
-21
-22
-19
-14
-14
-10
2
-1
0
2
8
7
5
11
11
8
10
10
5
3
2
3
3
3
4
9
8
8
6
3
-2
-7
-7
-8
-4
-7
-17
-19
-21
-25
-23
-20
-19
-20
-21
-19
-17
-21
-19
-21
-24
-17
-18
-20
-16
-17
-15
-14
-13
-10
-13
-6
-4
-6
-7
-6
-11
-17
-17
-17
-16
-18
-13
-17
-10
-3
-6
-6
-11
-15
-18
-27
-24
-25
-33
-33
-36
-25
-25
-26
-22
-23
-18
-20
-22
-28
-29
-31
-38
-35
-29
-29
-28
-26
-21
-14
-10
-6
1
-1
5
7
8
7
4
4
4
5
3
10
8
10
13
19
19
12
10
9
10
12
10
6
6
-4
0
-5
-6
-3
-5
0
-7
0
-1
-9
-14
-14
-14
-20
-25
-26
-25
-29
-28
-28
-34
-37
-41
-40
-46
-45
-45
-51
-50
-58
-64
-63
-65
-65
-56
-60
-59
-56
-63
-66
-61
-62
-67
-64
-64
-59
-56
-57
-49
-46
-42
-37
-35
-36
-35
-35
-33
-29
-29
-17
-17
-18
-12
-12
-6
0
1
-3
-3
-2
-1
0
-5
0
1
3
3
7
3
1
6
10
15
21
21
19
17
15
19
15
14
15
13
13
15
12
16
13
20
17
16
20
14
11
8
11
12
11
14
18
15
15
14
17
23
21
26
31
39
45
48
53
57
60
64
70
66
68
62
58
59
57
53
52
54
57
63
68
71
65
66
65
61
60
57
48
42
39
33
35
33
32
30
34
35
38
38
38
36
32
29
22
19
18
14
14
11
5
7
11
12
18
21
22
18
17
17
12
16
15
16
16
19
14
18
13
11
14
16
16
11
10
10
9
8
14
13
16
13
11
13
12
14
17
11
12
13
9
13
15
18
19
13
15
13
15
19
12
16
18
18
17
10
18
18
14
11
-1
1
-3
-5
-10
-6
-7
-14
-12
-21
-18
-15
-17
-19
-17
-14
-14
-16
-22
-26
-29
-30
-28
-33
-29
-25
-22
-13
-17
-19
-22
-25
-23
-29
-32
-33
-32
-36
-40
-38
-41
-39
-32
-29
-34
-36
-37
-38
-39
-43
-51
-44
-46
-55
-46
-46
-43
-47
-44
-40
-35
-36
-39
-41
-41
-42
-46
-39
-38
-30
-20
-14
-3
-3
-1
8
13
12
9
3
4
7
12
19
13
7
11
16
14
14
15
10
6
0
4
-2
-7
-8
-16
-21
-23
-18
-21
-17
-17
-11
-8
-15
-13
-18
-18
-20
-19
-22
-30
-30
-30
-33
-25
-23
-19
-19
-25
-18
-21
-24
-27
-29
-25
-34
-34
-30
-31
-31
-29
-30
-27
-25
-28
-26
-23
-24
-22
-23
-25
-27
-31
-27
-29
-23
-18
-15
-16
-12
-8
-6
2
7
2
5
9
-3
2
5
6
4
0
-4
-5
3
0
-5
-4
1
-3
-2
-2
-7
-7
-3
-5
-7
-4
-9
-13
-10
-7
-2
-4
-5
1
4
6
7
8
14
13
16
15
12
13
12
13
15
15
16
23
32
31
24
28
28
25
24
26
26
23
24
20
22
31
33
31
34
34
29
26
22
20
19
22
27
27
26
29
27
32
33
37
42
37
37
40
28
30
29
27
28
24
20
17
24
30
39
41
40
45
44
41
36
32
34
31
36
36
29
24
23
23
25
25
21
20
19
19
18
19
13
21
18
15
14
13
18
23
28
20
20
20
22
21
16
19
20
20
25
22
29
33
30
32
35
35
33
31
28
26
27
28
24
14
14
17
16
14
14
16
15
10
3
-1
1
0
-1
3
-2
-2
-3
-4
3
-2
-7
-8
-8
-11
-17
-18
-19
-20
-20
-19
-13
-9
-10
-14
-19
-16
-18
-12
-12
-10
-5
-4
-5
-2
-3
-3
-3
-2
-3
-1
-2
-5
-10
-15
-19
-11
-12
-11
-8
-16
-9
-14
-17
-15
-15
-19
-18
-13
-19
-19
-10
-14
-17
-11
-17
-17
-10
-9
-16
-13
-7
-6
-7
-5
-8
-13
-15
-11
-11
-8
-7
-7
2
2
9
8
4
7
2
0
3
2
-5
-7
-8
-9
-9
-12
-12
-11
-2
-7
-11
-13
-17
-14
-23
-30
-30
-31
-31
-43
-39
-37
-39
-43
-46
-46
-47
-45
-43
-43
-45
-52
-54
-55
-57
-53
-50
-52
-53
-50
-51
-50
-52
-47
-46
-46
-41
-45
-46
-50
-45
-41
-42
-43
-42
-44
-45
-52
-51
-40
-44
-50
-48
-45
-43
-43
-37
-23
-24
-15
-17
-18
-16
-18
-15
-19
-12
-14
-13
-13
-11
-9
-12
-11
-10
-11
-14
-15
-12
-16
-17
-11
-14
-18
-15
-16
-23
-22
-24
-28
-22
-14
-21
-18
-18
-18
-15
-9
-2
-6
-4
4
5
6
8
11
10
9
9
6
9
11
11
7
11
20
26
22
28
32
29
30
29
30
28
32
31
33
36
34
34
25
30
30
33
36
39
40
41
47
41
41
39
38
40
42
41
42
49
54
58
61
69
68
72
74
73
77
67
73
69
70
66
66
72
75
79
73
77
75
76
73
65
69
65
62
56
50
49
45
43
42
39
42
46
47
50
43
48
40
41
43
42
42
40
39
37
34
39
41
41
41
39
36
33
33
29
29
33
25
18
17
13
13
9
13
7
-4
-6
-11
-11
-14
-15
-16
-15
-21
-25
-25
-27
-26
-30
-27
-25
-33
-33
-35
-34
-32
-29
-29
-29
-33
-43
-33
-33
-28
-31
-36
-36
-39
-36
-37
-38
-36
-38
-38
-39
-43
-41
-34
-31
-30
-30
-33
-30
-36
-33
-37
-38
-34
-34
-32
-30
-23
-19
-16
-9
-3
1
1
-5
3
3
4
6
3
5
1
4
8
12
10
15
15
12
14
10
12
17
15
20
26
26
30
27
24
22
20
11
9
3
-4
-3
-6
-10
-9
-8
-7
-11
-4
0
-9
-12
-16
-17
-17
-27
-31
-37
-37
-32
-36
-40
-39
-36
-39
-41
-37
-37
-45
-47
-49
-58
-64
-68
-69
-65
-68
-64
-57
-55
-54
-54
-51
-54
-57
-57
-60
-62
-66
-65
-63
-58
-53
-54
-48
-42
-47
-49
-41
-39
-38
-37
-37
-43
-46
-49
-53
-45
-42
-37
-42
-38
-41
-36
-34
-37
-28
-31
-28
-28
-21
-21
-21
-16
-15
-16
-17
-14
-9
-3
0
3
12
13
21
18
20
26
21
23
31
44
42
41
37
37
38
33
32
32
31
32
36
34
38
40
37
40
41
40
37
34
34
23
19
20
21
24
25
35
33
30
36
39
40
44
40
37
39
39
41
35
28
34
35
32
32
39
44
39
41
36
42
44
40
45
42
42
43
39
41
41
38
36
37
32
30
30
25
23
20
18
22
23
29
23
19
21
21
21
18
20
17
17
13
15
13
19
25
23
29
28
25
28
28
26
25
21
25
21
19
22
18
20
18
21
19
22
23
27
33
34
36
33
39
35
45
46
39
39
37
32
26
27
25
29
30
25
26
27
26
23
19
15
21
21
14
7
1
1
-10
-10
-11
-7
-5
-11
-11
-14
-11
-13
-19
-28
-26
-31
-37
-36
-41
-37
-36
-37
-41
-42
-36
-40
-38
-36
-35
-29
-31
-26
-18
-15
-7
-3
-3
-3
-4
-3
8
8
10
11
9
12
10
18
20
24
27
25
24
25
25
23
21
17
18
15
17
16
11
16
20
21
17
17
14
9
5
2
1
-11
-14
-13
-16
-21
-24
-22
-24
-32
-36
-40
-49
-58
-58
-57
-60
-64
-67
-74
-81
-82
-82
-78
-81
-78
-76
-76
-79
-81
-79
-83
-87
-88
-89
-88
-85
-80
-77
-78
-74
-71
-71
-68
-60
-49
-49
-52
-45
-47
-49
-47
-41
-43
-43
-40
-34
-28
-28
-23
-19
-13
-12
-9
-8
-7
-2
-2
-4
-7
-9
-11
-11
-10
-3
5
10
13
15
16
9
11
14
12
14
11
16
12
13
6
2
8
7
4
7
7
7
11
15
14
11
15
15
11
11
16
12
15
11
8
6
2
0
1
1
1
1
4
8
9
8
2
6
7
8
8
4
2
0
3
2
2
-1
-1
0
3
5
6
9
8
9
10
13
11
14
26
23
33
37
48
52
54
63
62
63
64
68
68
66
69
69
68
69
64
66
68
69
65
65
62
59
57
55
53
45
42
44
39
40
44
33
28
24
19
16
18
15
15
14
11
12
7
10
14
11
12
12
10
3
4
5
7
12
8
8
10
21
27
28
33
29
30
29
33
34
31
32
32
34
33
36
36
35
36
29
28
30
32
30
24
21
16
5
1
-1
-1
-10
-13
-14
-12
-21
-27
-28
-32
-30
-28
-28
-29
-29
-31
-39
-39
-33
-34
-30
-29
-30
-31
-37
-41
-39
-39
-38
-42
-39
-38
-39
-37
-39
-33
-27
-26
-17
-12
-14
-12
-8
-8
-17
-18
-13
-16
-18
-15
-11
-10
-11
-11
-13
-10
-5
0
2
3
12
15
15
11
20
18
12
16
12
18
17
13
15
11
12
14
10
7
8
8
11
8
2
1
-5
-9
-6
-11
-12
-4
-10
-12
-16
-14
-10
-3
0
0
0
-8
-5
-7
-6
-3
-4
-12
-10
-12
-14
-13
-19
-14
-14
-19
-24
-27
-35
-35
-41
-46
-43
-46
-46
-51
-62
-68
-65
-69
-71
-74
-78
-76
-81
-84
-82
-81
-79
-78
-81
-74
-69
-65
-62
-63
-60
-58
-63
-58
-47
-48
-46
-38
-36
-30
-28
-28
-26
-30
-22
-14
-15
-13
-10
-6
2
8
9
10
8
12
10
8
6
4
0
2
11
12
20
26
23
20
21
24
25
21
19
22
17
18
12
17
20
18
20
23
28
27
22
16
15
9
7
5
2
-4
-2
-1
3
10
10
14
11
14
14
11
13
4
8
10
9
22
26
33
38
39
46
54
53
54
50
47
45
41
42
37
39
43
48
51
53
57
60
56
55
53
58
50
40
39
37
39
45
39
46
51
49
51
50
53
57
52
50
43
36
31
33
32
28
35
34
37
30
26
18
20
23
17
12
5
3
0
-3
-4
0
2
-2
-3
-2
-2
-1
-9
-7
-10
-11
-15
-13
-12
-12
-10
-12
-6
0
2
7
1
-2
-3
-7
-9
-12
-9
-8
-3
3
3
10
11
7
9
14
24
18
12
6
6
5
5
8
17
22
22
27
25
19
16
11
10
9
3
3
7
6
2
6
0
-2
-1
0
6
5
11
6
5
13
5
8
11
9
7
7
3
-2
4
0
-1
3
3
-1
-6
-10
-12
-10
-12
-12
-13
-16
-13
-12
-17
-23
-19
-18
-26
-27
-29
-27
-24
-17
-12
-14
-16
-17
-17
-17
-18
-19
-22
-14
-16
-15
-14
-10
-3
-1
-1
-5
-3
-7
-12
-16
-22
-25
-23
-21
-23
-23
-23
-25
-27
-28
-29
-24
-28
-29
-34
-42
-46
-46
-39
-38
-30
-31
-30
-36
-37
-31
-31
-32
-27
-23
-25
-23
-22
-22
-20
-18
-13
-6
-6
-9
-10
-10
-15
-20
-19
-15
-18
-15
-15
-17
-10
-11
-5
-5
-4
-1
0
-2
-9
-9
-12
-15
-16
-22
-21
-21
-16
-15
-22
-27
-23
-19
-26
-25
-29
-32
-33
-32
-34
-29
-29
-30
-26
-24
-21
-14
-14
-12
-6
-6
-2
-5
-10
-14
-14
-8
-1
-1
-2
-1
-2
3
5
1
2
6
1
-2
3
-1
-7
-8
-12
-12
-14
-7
-5
-7
-8
-9
-10
-10
-7
-4
-3
-1
0
6
11
15
16
13
15
14
14
17
20
14
17
17
22
27
27
31
33
34
39
40
41
40
39
36
28
36
38
42
48
51
50
51
57
52
49
46
51
50
45
44
40
41
38
45
43
50
55
53
59
54
55
54
47
51
43
37
37
33
35
32
27
29
24
25
22
17
17
11
9
10
10
11
10
12
7
4
5
0
-4
-5
-6
-10
-11
-15
-29
-30
-26
-37
-32
-29
-32
-29
-36
-35
-40
-37
-39
-39
-32
-32
-26
-23
-27
-28
-20
-15
-5
-12
-10
-7
-5
-2
-6
-1
-3
-1
10
8
13
11
5
5
3
2
6
5
-3
5
4
0
2
7
9
6
6
6
11
4
-3
-1
0
3
6
8
12
12
16
15
20
25
22
22
19
22
18
16
24
25
25
27
28
27
25
27
23
29
20
19
23
20
20
20
24
20
22
20
19
22
16
13
13
8
1
-3
-6
-4
-3
-9
-11
-12
-16
-23
-13
-13
-20
-18
-18
-13
-17
-3
-1
-3
-3
-10
-9
-12
-6
-9
-13
-16
-18
-27
-32
-32
-33
-31
-31
-24
-26
-28
-32
-33
-34
-42
-42
-41
-40
-43
-41
-44
-49
-47
-45
-46
-44
-45
-40
-35
-36
-33
-37
-34
-34
-30
-30
-24
-20
-27
-22
-23
-21
-24
-23
-35
-36
-33
-41
-35
-40
-34
-31
-38
-35
-32
-31
-36
-44
-44
-45
-49
-51
-53
-51
-51
-46
-38
-32
-32
-31
-26
-19
-22
-19
-16
-15
-14
-18
-18
-18
-7
-5
-1
7
19
16
16
25
28
35
37
39
39
43
41
41
47
50
51
56
47
46
48
49
48
44
44
35
37
35
30
30
26
17
19
20
17
27
25
17
19
19
24
23
25
28
25
22
19
17
15
11
14
13
13
10
6
10
9
0
0
-1
0
3
10
10
3
14
12
5
5
4
-2
-2
-1
-4
-2
1
2
9
6
12
11
5
10
11
11
9
6
8
13
11
20
23
14
19
23
18
21
19
19
21
14
12
17
13
9
20
17
13
13
8
8
9
0
-3
-7
-11
-4
-9
-10
-11
-13
-14
-12
-18
-19
-20
-15
-18
-19
-21
-20
-20
-23
-16
-15
-14
-10
-11
-9
-4
1
3
1
5
2
3
8
7
9
13
16
19
25
26
26
20
22
23
23
30
24
27
28
32
39
39
40
46
47
48
49
48
51
50
44
51
53
46
45
46
47
42
39
46
46
36
41
38
26
24
20
15
13
16
16
17
18
16
12
10
11
4
6
5
0
-7
-6
-1
3
6
9
12
6
5
2
5
4
3
-1
-3
-1
-2
-2
-3
-4
-8
-9
-12
-18
-19
-17
-21
-25
-26
-31
-31
-31
-31
-29
-27
-30
-25
-20
-24
-30
-21
-33
-32
-26
-30
-25
-31
-27
-24
-18
-22
-17
-11
-17
-18
-21
-24
-27
-26
-24
-21
-23
-25
-24
-17
-23
-27
-23
-21
-22
-20
-22
-26
-24
-20
-21
-26
-21
-20
-17
-18
-25
-25
-26
-26
-32
-35
-34
-33
-32
-28
-27
-26
-18
-14
-12
-14
-16
-20
-27
-28
-27
-33
-26
-29
-30
-28
-26
-22
-18
-20
-29
-27
-32
-33
-31
-32
-32
-34
-41
-37
-39
-36
-35
-37
-36
-39
-34
-27
-22
-21
-16
-10
-12
-8
-15
-11
-10
-13
-7
-2
3
1
10
12
11
20
21
15
19
10
7
9
4
4
2
0
-4
0
-1
-1
-3
-3
-8
-8
-6
-6
-7
-10
-14
-16
-13
-19
-18
-18
-18
-20
-23
-23
-26
-24
-23
-22
-19
-18
-9
-9
-3
-3
-9
-12
-11
-5
-1
-5
-8
-4
-5
-2
-4
-8
-5
-13
-8
-9
-6
-3
-1
-1
-4
-2
2
13
3
8
9
18
27
27
35
39
41
47
48
49
50
47
46
51
59
63
63
64
72
68
70
71
63
59
61
57
50
51
39
38
34
33
35
25
21
14
21
23
25
26
28
28
26
24
19
15
18
15
17
19
17
27
29
27
26
26
25
25
24
16
13
18
13
14
11
12
14
12
14
12
12
12
12
16
16
14
22
20
17
13
11
8
9
8
8
13
16
26
28
21
23
18
15
15
20
22
18
20
20
19
14
18
21
15
18
22
24
27
21
12
8
0
2
-1
-2
5
-5
-5
-4
-7
-6
-7
-11
-14
-13
-13
-5
2
1
0
-7
-4
-1
-13
-12
-11
-12
-9
-6
-4
-11
-16
-16
-21
-22
-17
-20
-22
-21
-22
-26
-24
-23
-34
-30
-33
-35
-32
-29
-28
-34
-30
-28
-26
-29
-20
-21
-24
-22
-19
-18
-18
-20
-16
-14
-13
-10
-9
-8
-3
-4
-10
-15
-18
-22
-24
-25
-35
-34
-37
-34
-39
-32
-29
-32
-28
-33
-32
-36
-41
-42
-46
-49
-52
-57
-55
-60
-56
-55
-58
-55
-56
-58
-63
-63
-61
-56
-54
-54
-51
-50
-53
-48
-56
-60
-61
-63
-63
-66
-56
-52
-52
-53
-51
-46
-50
-54
-50
-49
-45
-41
-39
-35
-29
-22
-18
-14
-10
-5
-7
0
3
2
1
0
1
-2
-1
1
6
7
12
15
13
20
31
33
35
36
33
36
38
34
36
34
35
39
34
36
35
37
29
30
35
34
38
30
30
26
22
21
21
24
25
24
28
33
28
30
33
32
27
26
29
32
27
25
24
25
26
24
27
26
28
23
25
23
18
11
10
9
13
13
17
22
20
20
26
29
17
10
10
6
7
8
11
18
17
23
22
25
32
32
36
37
35
38
41
39
42
42
44
40
41
47
39
36
36
33
30
22
25
21
21
22
18
20
25
28
29
28
23
21
24
21
15
19
22
21
22
24
20
12
11
14
10
10
16
16
18
20
23
27
27
22
30
29
23
27
32
30
33
36
41
39
29
35
38
31
28
31
29
26
28
29
35
37
42
44
46
54
55
56
59
53
57
55
47
44
44
41
41
42
38
36
36
37
36
36
36
33
24
27
23
20
20
16
12
6
0
0
-2
-6
-4
-10
-12
-15
-12
-12
-24
-28
-28
-32
-39
-38
-40
-48
-47
-49
-53
-53
-55
-60
-61
-67
-71
-75
-77
-72
-70
-70
-77
-77
-74
-78
-81
-81
-83
-79
-79
-83
-81
-81
-81
-72
-70
-71
-67
-64
-63
-61
-62
-64
-58
-54
-52
-52
-41
-45
-42
-43
-38
-29
-32
-26
-32
-23
-30
-34
-30
-33
-33
-29
-31
-30
-23
-33
-33
-31
-35
-33
-36
-37
-36
-33
-31
-30
-26
-28
-26
-23
-28
-21
-16
-22
-32
-32
-37
-32
-27
-26
-25
-23
-19
-18
-15
-14
-14
-10
-12
-16
-13
-16
-17
-18
-18
-22
-20
-17
-22
-18
-14
-19
-19
-16
-18
-17
-11
-3
-1
-1
2
5
8
6
6
4
3
6
4
4
5
11
10
10
19
18
19
18
20
23
26
24
22
14
4
0
0
-8
-7
-1
1
9
8
10
14
13
17
16
18
18
10
8
10
11
11
12
19
21
26
23
22
20
19
26
18
24
22
18
21
21
16
21
19
22
26
33
36
32
41
36
37
34
34
33
35
35
36
44
45
43
43
44
38
37
41
34
32
35
34
26
25
26
32
39
39
45
40
44
48
46
48
49
49
48
49
55
58
58
66
67
66
69
72
75
74
65
64
57
59
58
48
46
49
48
43
42
40
32
29
30
28
28
27
31
29
32
34
42
43
46
47
37
34
29
22
25
21
16
11
11
7
5
7
6
4
-4
2
3
4
-3
-11
-7
-14
-16
-18
-22
-19
-20
-17
-19
-15
-11
-6
-7
-9
-5
-7
-4
-5
-4
-11
-12
-7
-12
-8
-5
0
0
1
1
3
0
-9
-7
-9
-9
-12
-20
-26
-30
-29
-34
-39
-40
-35
-36
-37
-45
-41
-46
-52
-46
-45
-41
-46
-49
-52
-50
-51
-57
-62
-63
-61
-63
-58
-60
-61
-59
-58
-51
-48
-48
-47
-45
-46
-43
-43
-42
-44
-48
-47
-45
-42
-40
-38
-46
-45
-38
-36
-31
-28
-23
-20
-24
-21
-18
-20
-17
-17
-21
-20
-23
-22
-27
-33
-35
-38
-36
-39
-40
-38
-42
-41
-44
-46
-48
-46
-43
-38
-38
-42
-43
-45
-45
-45
-47
-43
-40
-40
-36
-37
-36
-40
-32
-24
-19
-15
-13
-10
-14
-15
-12
-5
-6
-9
-13
-17
-16
-15
-9
-9
-4
0
3
5
12
13
14
19
11
15
10
7
2
2
0
-8
-11
-11
-5
-7
-2
6
8
8
14
14
13
16
25
29
32
32
32
40
41
47
48
51
53
53
52
53
55
54
57
61
64
59
54
56
50
50
49
48
48
43
44
40
34
35
25
27
26
26
26
23
24
24
26
26
24
32
32
29
28
20
23
22
13
13
16
18
20
16
19
20
14
10
8
10
10
10
5
6
7
4
5
0
0
10
8
2
2
0
-1
1
3
11
8
16
21
26
33
28
38
32
26
31
33
32
36
36
38
39
37
42
41
37
33
32
27
26
17
14
11
12
16
20
19
17
21
17
15
11
16
9
6
6
5
10
8
10
12
14
10
9
9
7
4
10
10
17
15
15
16
8
19
23
20
20
16
17
12
12
16
13
15
18
17
21
28
33
39
37
28
29
18
9
8
-3
-6
-11
-18
-28
-28
-22
-16
-15
-15
-19
-26
-27
-33
-34
-33
-37
-38
-41
-37
-36
-38
-31
-30
-35
-32
-28
-26
-20
-21
-22
-25
-25
-27
-27
-31
-22
-23
-25
-28
-26
-30
-36
-29
-26
-25
-20
-14
-17
-17
-14
-13
-9
-12
-12
-14
-16
-21
-20
-19
-26
-26
-26
-24
-23
-24
-23
-23
-20
-20
-21
-20
-28
-29
-30
-38
-41
-41
-44
-49
-48
-44
-37
-43
-56
-56
-60
-62
-64
-61
-61
-62
-59
-55
-53
-54
-53
-55
-55
-50
-48
-52
-47
-42
-40
-38
-36
-31
-32
-29
-28
-29
-23
-23
-22
-18
-17
-15
-9
-1
-1
1
7
9
13
15
15
25
30
27
21
24
28
29
24
24
26
31
40
43
46
48
53
54
52
45
50
51
45
37
34
38
36
35
37
37
41
39
36
41
40
39
39
37
30
28
30
27
29
25
22
24
22
26
28
28
26
23
23
21
22
19
14
13
11
15
18
22
24
21
17
8
5
5
4
3
1
8
2
7
10
9
15
16
18
16
16
14
15
13
6
4
3
2
-1
1
4
4
3
-1
-1
-2
-1
-2
-4
-6
-10
-8
-5
-14
-14
-16
-12
-13
-20
-22
-23
-25
-29
-26
-28
-25
-30
-33
-30
-39
-37
-42
-50
-46
-39
-39
-40
-40
-40
-39
-34
-37
-38
-35
-37
-28
-25
-26
-22
-20
-19
-17
-10
-3
4
2
2
8
10
18
22
28
34
33
40
40
40
38
38
49
49
54
60
60
62
59
56
56
58
62
67
65
68
67
70
67
63
66
60
59
65
73
71
64
62
62
56
55
61
62
61
60
64
65
59
59
56
52
42
35
33
28
25
23
16
14
15
8
4
2
0
1
-2
-8
-21
-22
-26
-37
-37
-41
-45
-46
-41
-41
-46
-49
-46
-54
-55
-59
-66
-61
-64
-67
-65
-64
-63
-59
-61
-60
-53
-56
-57
-56
-59
-61
-61
-57
-59
-49
-44
-43
-37
-44
-34
-30
-29
-24
-28
-36
-39
-42
-41
-41
-38
-35
-34
-34
-29
-21
-19
-18
-21
-19
-17
-21
-15
-17
-17
-10
-13
-11
-14
-13
-13
-18
-20
-21
-25
-23
-22
-25
-29
-29
-22
-23
-20
-23
-20
-24
-28
-22
-18
-23
-25
-21
-18
-17
-15
-6
-5
-8
-8
-2
-4
-4
1
3
-2
1
1
10
17
17
21
21
30
31
35
43
37
34
34
31
29
28
29
30
32
31
28
25
26
28
34
34
33
35
31
25
21
13
4
2
1
2
4
6
10
4
7
9
4
3
7
3
0
-5
-9
-15
-24
-26
-35
-32
-25
-22
-20
-21
-23
-22
-19
-28
-26
-24
-27
-33
-36
-39
-45
-45
-55
-57
-50
-48
-43
-34
-31
-22
-19
-15
-13
-7
0
1
0
2
4
3
3
0
-1
-2
-1
9
8
13
17
20
26
25
25
19
19
24
17
17
19
16
13
7
6
12
12
12
14
12
14
11
7
11
4
4
6
4
3
2
-2
-2
4
11
11
13
16
18
17
19
19
17
22
15
12
15
14
16
20
10
9
7
4
10
10
17
18
13
21
21
15
19
20
25
30
28
30
28
28
37
36
39
42
47
47
51
55
54
51
55
60
57
56
56
54
52
54
61
60
57
59
56
56
48
45
36
36
37
34
41
40
36
37
34
35
34
29
35
28
22
20
16
11
7
5
8
7
6
2
1
3
6
7
1
2
3
1
-1
-4
-13
-14
-13
-13
-10
-13
-17
-22
-17
-16
-16
-13
-19
-20
-20
-16
-20
-19
-17
-20
-18
-19
-24
-30
-35
-29
-31
-31
-22
-23
-17
-11
-10
-10
-7
0
7
8
-2
-4
0
-1
-5
-10
-12
-11
-10
-10
-7
-7
-3
-7
-8
-12
-15
-16
-18
-22
-27
-28
-30
-25
-29
-31
-27
-31
-30
-35
-43
-46
-53
-62
-62
-65
-64
-56
-54
-49
-42
-42
-41
-39
-42
-48
-49
-49
-44
-47
-45
-42
-41
-37
-31
-27
-25
-21
-22
-22
-20
-21
-13
-15
-14
-7
-5
2
5
12
13
16
11
5
0
-8
-3
1
-5
-3
1
3
7
9
6
3
0
-5
-5
-9
-5
-1
-1
-1
1
5
7
7
6
12
12
14
12
13
10
7
7
8
5
2
0
-4
-6
-11
-1
-10
-8
-9
-18
-20
-19
-7
-13
-12
-17
-18
-17
-23
-19
-26
-27
-28
-30
-38
-39
-38
-41
-38
-37
-35
-36
-30
-30
-31
-28
-28
-23
-28
-28
-24
-24
-17
-21
-15
-9
-2
-1
-8
-8
-6
-5
-5
-11
-10
-6
4
7
8
15
17
19
13
9
1
-3
-4
-5
1
-4
-7
-5
-9
-8
-5
0
5
4
5
9
11
14
16
13
13
19
31
40
42
50
53
51
47
48
50
47
45
42
44
49
46
47
49
51
66
62
62
66
68
66
62
68
67
62
64
70
63
63
67
62
58
53
45
41
44
36
36
40
43
44
46
45
50
55
49
53
51
50
49
52
55
55
52
53
59
56
64
73
67
68
69
66
63
58
53
48
45
39
31
23
14
9
12
7
4
4
2
-1
-3
-8
-15
-22
-27
-28
-36
-32
-35
-35
-35
-36
-38
-38
-38
-41
-39
-37
-40
-37
-37
-38
-40
-41
-45
-41
-40
-46
-47
-46
-44
-39
-31
-39
-35
-37
-38
-36
-39
-36
-35
-27
-23
-20
-17
-18
-19
-23
-21
-21
-21
-20
-17
-17
-22
-17
-16
-13
-8
-7
1
-2
-1
-5
-6
-4
-8
-6
-3
-2
-4
-7
-5
-10
-15
-14
-22
-29
-36
-47
-49
-50
-50
-45
-49
-53
-52
-49
-47
-57
-57
-52
-51
-58
-64
-67
-73
-74
-65
-59
-52
-46
-47
-47
-48
-46
-40
-34
-41
-35
-34
-35
-29
-33
-27
-25
-18
-10
-8
-12
-15
-13
-16
-14
-8
-12
-8
-9
-11
-5
-4
0
7
9
10
7
5
-1
-9
-12
-19
-16
-11
-9
-10
-9
0
-1
3
4
8
2
-10
-7
-6
-12
-17
-11
-12
-10
-9
-14
-10
-7
1
4
2
2
0
-1
-5
-6
-8
-8
-7
-12
-16
-14
-18
-20
-18
-15
-7
-10
-5
-4
-4
-3
-3
-1
-3
-3
0
-6
-7
-3
-10
-8
-13
-16
-10
-9
-6
2
2
6
6
11
11
8
13
12
21
14
17
17
20
25
28
31
26
27
35
32
30
37
38
43
40
38
37
38
42
45
48
52
57
56
54
47
46
49
53
57
55
50
52
49
46
43
37
42
48
53
51
54
47
46
48
41
39
39
35
28
20
18
14
20
17
17
20
16
17
8
7
8
10
8
13
17
15
13
17
23
26
29
31
35
34
29
29
30
36
40
46
52
55
63
72
70
77
73
78
83
75
72
70
62
58
58
52
51
47
46
44
46
43
38
40
37
33
29
28
21
18
10
1
-2
-11
-19
-19
-15
-18
-24
-27
-30
-34
-39
-37
-39
-49
-49
-51
-60
-57
-55
-53
-54
-48
-43
-41
-36
-42
-38
-38
-36
-30
-34
-33
-36
-36
-32
-39
-29
-26
-24
-20
-14
-13
-10
-3
-7
-5
-8
-2
-7
-8
-9
-16
-16
-16
-10
-10
-6
-4
-8
-12
-11
-16
-16
-17
-21
-25
-25
-26
-29
-31
-34
-36
-40
-36
-31
-33
-38
-38
-41
-45
-45
-45
-37
-36
-31
-24
-24
-24
-22
-23
-32
-31
-31
-33
-32
-33
-32
-31
-30
-31
-23
-23
-22
-23
-19
-18
-19
-13
-19
-23
-22
-19
-19
-18
-16
-17
-16
-16
-18
-12
-7
-1
0
4
5
10
14
7
7
9
6
2
-4
-7
-5
-11
-11
-13
-9
-7
-12
-12
-12
-12
-8
-6
-5
-4
-10
-11
-10
-9
-5
-6
-7
-10
-11
-11
-16
-14
-13
-11
-13
-19
-18
-15
-8
-9
-11
-8
-6
-9
-10
-8
-11
-12
-9
-13
-16
-18
-18
-18
-21
-14
-14
-12
-6
-10
-8
-16
-11
-13
-12
-8
-10
-13
-16
-8
-12
-13
-16
-17
-17
-16
-13
-12
-17
-18
-16
-11
-8
-3
6
9
14
17
20
17
12
2
1
-3
-8
-9
-6
-9
-9
-1
1
13
12
21
22
14
18
16
16
17
15
12
16
18
20
27
25
34
41
37
44
43
39
37
36
38
37
38
39
46
46
44
41
42
41
39
49
47
46
46
48
54
53
55
56
60
61
52
52
47
45
42
41
43
35
34
36
31
32
32
38
39
37
36
34
34
32
33
29
30
31
27
30
26
21
26
30
27
31
28
23
23
17
14
10
2
-2
-3
-6
-1
-4
0
1
-5
-2
-7
-13
-15
-18
-20
-20
-22
-26
-28
-26
-25
-23
-24
-22
-17
-18
-14
-20
-19
-20
-16
-11
-14
-9
-11
-6
-1
0
2
2
12
14
11
4
-1
-4
3
3
3
8
7
1
-10
-10
-17
-17
-17
-20
-23
-23
-24
-27
-32
-37
-39
-39
-35
-35
-34
-35
-32
-37
-35
-38
-41
-39
-36
-34
-39
-43
-43
-43
-43
-48
-45
-47
-43
-44
-50
-48
-53
-43
-39
-32
-30
-23
-22
-27
-20
-17
-17
-21
-20
-12
-10
-10
-5
-1
-1
-7
-13
-13
-9
-3
-3
-7
-8
-8
-8
-6
-7
-10
1
6
1
2
-4
-4
-8
-7
-14
-19
-18
-24
-23
-22
-17
-17
-8
-10
-1
-6
-11
-15
-18
-14
-19
-19
-23
-26
-27
-26
-26
-24
-26
-29
-23
-23
-24
-29
-36
-38
-50
-51
-47
-45
-48
-52
-57
-55
-47
-42
-41
-44
-46
-46
-42
-27
-16
-14
-15
-16
-12
-8
-4
5
13
10
11
15
14
13
14
17
25
29
25
34
32
37
33
36
33
28
33
29
27
29
31
24
22
22
24
30
27
21
29
29
28
29
28
26
19
16
22
25
31
34
28
27
25
29
30
31
34
34
36
31
27
26
32
33
29
36
40
36
39
36
36
36
30
32
32
25
21
24
26
29
32
32
37
37
43
45
47
53
53
58
59
63
62
64
69
73
75
81
82
85
83
73
78
69
66
67
63
58
55
48
42
40
34
29
30
26
20
22
21
18
12
16
17
18
14
10
9
7
6
-1
-1
-4
-8
-6
-7
-11
-9
-4
-10
-6
-4
-7
-6
-12
-9
-12
-11
-16
-14
-14
-18
-11
-14
-11
-11
-12
-9
-13
-10
-5
-12
-7
-6
-13
-8
-8
-8
-1
6
9
8
10
9
12
16
16
22
26
23
22
19
15
12
6
11
12
10
15
11
10
11
5
3
5
4
-2
-5
-8
-16
-15
-21
-23
-24
-24
-20
-19
-15
-16
-16
-21
-32
-34
-35
-37
-37
-38
-34
-38
-34
-37
-40
-34
-34
-33
-43
-49
-58
-60
-55
-59
-58
-57
-57
-58
-58
-58
-50
-50
-49
-46
-48
-47
-48
-46
-46
-39
-40
-38
-32
-35
-36
-35
-33
-32
-26
-22
-21
-17
-20
-22
-25
-23
-16
-21
-20
-24
-24
-19
-21
-18
-12
-15
-14
-15
-20
-18
-16
-18
-21
-25
-30
-32
-32
-33
-25
-19
-19
-17
-27
-30
-32
-39
-43
-37
-33
-31
-25
-31
-29
-29
-25
-29
-34
-36
-32
-35
-41
-40
-49
-47
-48
-42
-34
-31
-24
-21
-23
-21
-18
-22
-26
-22
-21
-23
-21
-16
-10
-4
1
0
2
-1
6
16
17
14
17
22
21
20
15
17
24
29
31
27
27
23
22
19
15
20
17
15
13
16
11
14
18
18
23
24
24
27
29
33
29
25
20
20
23
24
23
32
39
36
35
34
36
34
33
32
34
36
35
40
28
36
44
45
55
49
47
45
47
42
42
41
40
42
31
28
35
40
41
46
51
47
53
57
48
53
58
63
62
56
62
64
67
65
66
64
62
62
63
70
70
73
71
67
74
70
65
62
59
52
42
45
45
42
42
45
32
32
29
27
23
22
24
17
26
17
16
14
7
12
13
23
23
23
18
9
13
15
17
9
7
-1
-4
-13
-19
-19
-19
-15
-18
-19
-24
-22
-20
-21
-28
-34
-38
-43
-45
-49
-50
-48
-43
-31
-32
-34
-31
-35
-33
-30
-32
-26
-31
-34
-27
-27
-23
-20
-22
-25
-25
-23
-16
-18
-22
-28
-30
-38
-50
-46
-50
-54
-56
-54
-55
-58
-60
-63
-66
-70
-75
-75
-80
-83
-72
-72
-68
-57
-56
-54
-49
-49
-48
-41
-35
-34
-35
-29
-33
-35
-37
-40
-31
-28
-23
-21
-17
-17
-14
-14
-18
-22
-25
-22
-28
-33
-36
-41
-41
-38
-37
-28
-23
-21
-17
-11
-12
-13
-8
-11
-5
-3
-4
1
8
12
18
27
22
31
24
23
22
13
13
19
16
11
9
3
4
-6
-7
-14
-13
-17
-21
-23
-31
-33
-29
-22
-23
-27
-22
-23
-24
-25
-29
-30
-28
-26
-28
-28
-29
-31
-29
-24
-20
-16
-14
-11
-13
-13
-21
-25
-21
-27
-28
-33
-34
-32
-38
-30
-34
-35
-30
-29
-31
-30
-26
-29
-25
-21
-18
-15
-18
-12
-7
2
9
14
23
28
34
33
39
40
41
45
49
57
59
57
56
57
56
57
61
57
57
61
63
56
53
52
51
48
40
38
46
43
39
44
44
40
43
48
43
46
44
49
54
51
54
44
39
42
39
36
34
34
32
31
29
24
27
26
25
28
28
28
23
19
15
9
5
2
2
0
1
3
3
3
9
12
14
15
16
12
15
18
13
22
28
37
44
45
41
42
52
56
60
63
64
61
54
51
49
46
52
44
45
40
28
27
23
20
17
22
17
9
4
0
-5
1
2
-3
-5
-7
-2
1
1
2
2
-2
-6
-10
-16
-11
-15
-14
-4
-3
-8
-12
-10
-9
-5
-4
-16
-26
-31
-32
-25
-26
-24
-29
-29
-26
-23
-24
-26
-23
-17
-19
-23
-21
-20
-13
-7
-16
-20
-18
-25
-23
-20
-24
-17
-14
-15
-6
-12
-15
-11
-16
-17
-19
-31
-37
-31
-33
-35
-32
-36
-41
-43
-46
-49
-54
-52
-47
-48
-52
-46
-38
-35
-32
-27
-25
-22
-18
-22
-25
-24
-23
-17
-10
-11
-9
-4
-2
2
1
1
0
-5
-5
-3
-8
-3
-6
-10
-12
-17
-18
-25
-26
-24
-22
-21
-25
-26
-20
-16
-7
2
4
6
11
15
18
12
12
12
12
12
8
14
15
22
31
22
25
22
25
33
35
39
41
31
29
27
21
19
18
18
11
11
1
-5
-3
4
0
1
4
-6
0
2
-1
-3
-4
-8
-10
-11
-18
-18
-18
-13
-3
-10
-14
-18
-20
-17
-13
-20
-21
-21
-27
-26
-31
-32
-35
-37
-34
-33
-38
-40
-43
-46
-38
-44
-47
-39
-35
-34
-35
-33
-29
-25
-21
-18
-20
-16
-10
-5
-7
-6
-6
-19
-16
-8
-7
-9
-11
-15
-14
-11
-12
-7
-9
-17
-22
-23
-24
-31
-29
-27
-26
-26
-30
-31
-26
-21
-21
-17
-19
-18
-14
-15
-14
-11
-11
1
-2
0
2
4
11
19
32
28
24
21
21
24
28
28
33
33
33
37
36
38
37
40
37
38
39
45
49
50
48
47
46
45
49
54
52
47
58
63
56
53
57
59
64
68
62
63
62
62
72
70
71
73
64
64
56
51
47
46
48
34
24
21
22
30
34
30
22
19
21
22
17
23
33
33
34
34
24
23
22
26
32
29
30
27
25
19
15
23
24
25
17
11
5
-8
-6
4
-1
-6
-16
-22
-20
-21
-25
-22
-20
-27
-18
-20
-28
-23
-24
-17
-21
-32
-33
-42
-45
-41
-44
-43
-40
-42
-40
-38
-41
-37
-31
-28
-24
-26
-28
-21
-16
-14
-13
-26
-32
-46
-46
-50
-52
-57
-55
-48
-50
-46
-46
-36
-32
-24
-16
-10
-15
-22
-17
-10
-9
-6
-1
4
12
11
8
12
18
19
23
19
16
18
16
16
17
18
21
20
27
27
33
38
33
42
34
37
40
29
33
26
20
21
19
17
6
1
0
1
3
3
3
1
5
2
6
2
5
14
4
7
9
1
5
3
-6
-6
-12
-17
-19
-22
-22
-22
-23
-26
-31
-38
-34
-33
-33
-31
-37
-50
-54
-55
-58
-53
-55
-53
-42
-42
-35
-29
-36
-30
-29
-34
-34
-33
-41
-39
-25
-32
-34
-30
-22
-10
-13
-16
-15
-13
-2
4
0
-10
-16
-18
-26
-27
-30
-26
-24
-24
-24
-23
-25
-24
-18
-16
-25
-33
-22
-16
-16
-16
-20
-15
-14
-6
-4
-6
-2
-3
3
0
-4
-11
-8
-4
-8
-11
-9
-19
-15
-17
-21
-25
-30
-35
-46
-43
-43
-35
-30
-27
-32
-30
-32
-34
-36
-32
-28
-27
-19
-25
-26
-19
-13
-8
3
12
23
24
29
30
31
34
33
44
40
33
36
36
36
42
41
37
34
32
30
33
28
24
27
20
17
21
17
20
25
26
30
24
26
37
40
41
43
36
40
47
49
51
59
67
71
72
69
71
65
65
66
61
49
50
58
57
61
54
47
48
57
63
64
60
50
51
45
34
28
19
23
25
24
23
26
26
36
48
45
47
47
53
54
51
48
43
42
47
40
36
34
36
42
31
32
18
16
20
11
7
-8
-15
-12
-12
-12
-25
-27
-21
-23
-20
-13
-13
-12
-13
-15
-18
-23
-19
-17
-15
-19
-27
-25
-22
-19
-19
-22
-22
-23
-21
-15
-14
-13
-13
-18
-8
-8
-14
-14
-22
-31
-34
-41
-39
-32
-30
-28
-32
-35
-33
-32
-28
-20
-21
-15
-11
-7
-10
-21
-14
-4
-3
4
2
-1
-3
0
6
7
7
2
2
-6
-10
-15
-23
-18
-15
-10
-16
-28
-30
-24
-18
-17
-16
-20
-11
-5
-8
-3
-2
-1
4
3
4
1
-3
-2
15
19
15
21
18
11
11
12
20
25
18
10
1
-2
3
3
7
2
-3
-12
-18
-24
-30
-32
-27
-23
-25
-31
-40
-37
-33
-26
-27
-26
-29
-34
-30
-38
-36
-31
-28
-27
-34
-31
-29
-24
-17
-10
-3
-8
-13
-15
-18
-20
-27
-26
-19
-28
-32
-30
-29
-24
-25
-31
-36
-42
-40
-39
-43
-47
-47
-45
-38
-33
-35
-39
-37
-28
-15
-13
-14
-11
-14
-20
-23
-20
-19
-22
-27
-31
-32
-33
-33
-36
-34
-30
-30
-34
-43
-42
-40
-36
-28
-30
-34
-34
-34
-29
-24
-26
-21
-11
-2
4
4
4
9
13
21
24
24
19
23
24
24
31
29
36
43
39
36
38
37
46
51
51
56
52
47
53
59
61
62
63
66
56
48
55
65
77
78
75
68
67
63
67
73
70
64
54
49
43
37
39
38
37
35
22
24
20
23
32
34
30
17
18
10
5
10
12
19
27
30
27
24
18
25
32
34
36
29
24
24
28
28
31
32
32
34
34
35
38
40
43
38
26
12
7
1
5
9
10
7
-5
-11
-9
-9
-4
-11
-10
-9
-16
-18
-21
-13
-2
5
5
5
3
6
7
2
8
16
14
11
3
-2
-5
-4
9
1
0
-4
-5
-5
-5
-12
-18
-21
-23
-20
-29
-33
-34
-22
-14
-17
-16
-10
-6
-3
-5
-14
-22
-24
-19
-15
-20
-26
-22
-23
-18
-13
-16
-13
-11
-13
-10
-16
-29
-27
-26
-32
-40
-42
-42
-40
-45
-55
-55
-54
-50
-47
-48
-54
-62
-59
-50
-42
-39
-39
-41
-36
-23
-20
-19
-13
-7
-1
-7
-9
-11
-11
-1
6
3
-4
-5
-7
-6
4
7
2
-10
-12
-6
-11
-11
-14
-13
-14
-12
-11
-13
-6
-1
7
7
6
-1
0
3
9
13
1
-8
-6
-6
-5
-3
6
9
-8
-8
-14
-17
-12
-10
-10
-17
-22
-30
-37
-39
-37
-40
-44
-51
-58
-52
-44
-41
-39
-32
-29
-35
-37
-35
-28
-25
-13
-2
0
2
-3
5
13
18
26
27
24
22
25
29
27
27
21
19
16
9
9
10
8
14
7
4
4
-2
3
3
2
2
-4
3
6
3
7
2
-6
-5
-15
-16
-14
-16
-7
-4
5
6
6
4
7
16
18
24
23
8
2
-3
-8
-8
-9
-5
-5
-7
-6
-16
-16
-13
-9
2
3
-11
-14
-9
-6
8
6
2
2
-3
1
8
4
4
11
19
21
14
16
8
15
14
16
13
7
14
23
26
24
21
18
21
21
25
28
28
26
29
30
33
34
37
45
47
53
43
39
42
37
40
41
40
41
37
35
27
23
31
34
35
35
25
18
21
12
8
11
10
9
5
5
-3
5
12
17
21
16
15
7
3
6
9
14
11
6
6
9
13
18
24
15
22
21
21
25
17
20
12
5
-2
-8
-13
-10
0
0
-1
0
-3
-3
-6
-3
2
8
13
19
15
4
7
13
21
29
29
34
35
35
36
36
31
36
39
32
31
24
21
24
23
20
12
-1
-4
-3
-8
-11
-16
-22
-21
-21
-21
-19
-27
-21
-21
-23
-23
-19
-21
-17
-19
-19
-17
-22
-22
-19
-15
-13
-10
-19
-22
-24
-28
-29
-27
-25
-32
-31
-35
-30
-31
-36
-29
-36
-39
-43
-41
-35
-33
-30
-29
-30
-28
-20
-24
-18
-10
-5
-3
-5
-12
-12
-7
-6
4
5
7
17
24
27
24
23
21
20
22
15
7
1
6
9
0
-8
-18
-21
-23
-22
-21
-18
-16
-13
-11
-15
-17
-16
-8
-5
3
-2
-5
-8
-11
-12
-15
-14
-16
-16
-18
-21
-27
-27
-29
-30
-25
-28
-26
-32
-33
-31
-34
-36
-38
-39
-38
-36
-33
-30
-30
-25
-23
-26
-32
-31
-31
-28
-30
-28
-22
-19
-17
-17
-11
-6
-10
-6
-8
-7
-10
-20
-16
-24
-19
-22
-35
-43
-47
-40
-44
-47
-47
-50
-49
-47
-52
-56
-53
-50
-45
-35
-31
-26
-22
-18
-6
-6
0
0
10
14
16
16
8
11
15
15
10
12
9
13
11
12
18
13
22
25
19
16
13
16
17
23
26
28
28
29
24
22
27
31
37
38
35
33
32
39
48
55
63
73
67
60
62
61
62
70
72
76
74
66
58
56
60
57
57
52
44
44
39
42
41
34
33
34
29
32
34
37
39
39
46
41
45
53
62
65
60
53
58
51
54
60
53
54
44
39
33
31
25
25
21
14
4
3
3
4
11
7
8
6
-1
-4
-3
-4
0
-3
-1
-3
-10
-18
-14
-7
-7
-4
-1
-9
-10
-16
-25
-15
-14
-7
1
-4
-14
-15
-17
-13
-11
-14
-22
-30
-33
-35
-31
-31
-32
-32
-25
-23
-28
-33
-24
-15
-3
1
-5
-9
-18
-11
-1
10
12
7
4
-1
-1
9
10
13
16
6
6
2
-5
1
3
7
9
3
0
-2
-3
1
7
6
5
-5
-11
-14
-20
-14
-16
-14
-14
-10
-14
-20
-16
-11
-7
-12
-10
-18
-26
-19
-15
-7
-3
-4
-13
-18
-14
-12
2
0
-6
-9
-17
-21
-23
-18
-18
-16
-17
-18
-25
-29
-29
-30
-26
-24
-27
-34
-38
-41
-50
-48
-50
-53
-56
-58
-56
-55
-51
-44
-45
-49
-48
-47
-47
-58
-59
-57
-53
-52
-52
-55
-59
-55
-52
-47
-44
-49
-55
-52
-51
-43
-38
-42
-31
-27
-29
-28
-29
-24
-23
-19
-18
-16
-14
-10
-10
-12
-8
-3
-6
-6
-11
-17
-15
-11
-9
-17
-16
-14
-8
-7
-7
-12
-16
-10
-3
-3
-2
-4
-4
-2
5
9
6
9
12
15
17
25
28
29
34
32
31
33
29
27
34
31
30
30
29
31
28
29
33
34
32
33
33
31
33
33
39
44
42
44
44
38
35
41
50
48
54
51
52
53
47
43
45
46
44
50
49
50
46
43
37
37
37
38
35
28
21
25
23
13
16
16
20
18
19
11
5
12
13
13
8
7
6
9
6
-5
-2
5
6
5
-6
-16
-14
-14
-14
-13
-8
-6
-2
7
9
3
1
0
3
9
14
14
13
21
20
20
24
26
35
43
50
55
50
58
60
58
54
58
57
50
53
54
52
46
48
47
43
37
45
50
46
46
28
21
16
10
6
2
1
2
2
-2
-5
-14
-20
-15
-14
-15
-10
-14
-12
-21
-23
-30
-38
-33
-35
-35
-38
-37
-40
-40
-43
-48
-49
-49
-46
-47
-44
-41
-39
-34
-36
-39
-36
-40
-43
-35
-33
-39
-40
-28
-17
-17
-9
-7
-17
-10
-8
-11
-9
-6
-6
-5
-7
-6
0
6
11
10
13
5
3
3
1
-4
-1
-5
-6
3
-5
-7
-10
-14
-10
-6
-6
-9
-5
-4
-7
-5
-7
-1
8
5
4
-1
-4
-7
-10
-11
-11
-15
-8
-8
-4
-3
0
8
15
20
22
23
17
15
14
19
10
4
0
-6
-5
1
2
1
-4
-7
-8
-11
-15
-18
-15
-13
-13
-20
-21
-21
-18
-13
-12
-8
-9
-7
-6
-9
-6
-1
-3
-5
-6
-6
-7
-1
7
1
1
7
11
9
2
0
-1
-2
-2
-6
-8
-8
-12
-7
-6
-10
-8
-8
-7
-11
-19
-22
-17
-20
-24
-30
-36
-37
-33
-36
-40
-34
-32
-28
-23
-17
-11
-8
-6
-4
2
-3
-10
-9
-10
-12
-15
-14
-23
-27
-33
-30
-21
-25
-22
-18
-19
-21
-22
-29
-33
-32
-35
-41
-53
-51
-54
-48
-40
-37
-24
-23
-17
-6
-5
2
3
3
5
4
3
8
11
13
25
23
34
35
38
46
52
50
52
58
50
46
46
47
41
45
50
52
52
55
54
51
54
54
57
57
54
51
49
54
51
40
40
38
43
44
46
46
39
40
30
27
23
11
13
8
3
0
-9
-15
-15
-9
-11
-26
-39
-38
-33
-33
-44
-52
-53
-48
-43
-44
-41
-38
-31
-27
-17
-20
-24
-24
-29
-19
-8
-6
-5
1
-3
1
5
5
17
19
20
21
21
22
19
17
16
18
15
12
6
2
-2
-1
1
1
-2
0
5
12
11
9
7
3
4
2
2
6
9
11
13
17
23
20
18
15
19
26
21
17
7
8
8
9
6
-9
-11
-11
-9
-10
-13
-16
-13
-13
-16
-20
-26
-23
-19
-13
-10
-7
-11
-10
4
8
14
15
14
15
17
20
19
19
20
15
19
18
16
25
28
32
29
34
35
36
40
41
39
43
47
51
49
44
47
50
55
49
50
50
50
51
47
50
43
40
46
51
52
52
48
43
48
45
43
35
24
14
6
0
-5
-6
-13
-16
-25
-22
-21
-25
-34
-37
-41
-48
-57
-71
-72
-78
-77
-73
-74
-82
-81
-79
-80
-78
-81
-80
-81
-77
-79
-83
-77
-74
-73
-77
-80
-82
-83
-81
-84
-81
-76
-69
-68
-69
-73
-67
-61
-59
-55
-48
-43
-45
-39
-36
-35
-38
-34
-32
-23
-13
-11
-8
-2
-2
-6
-3
4
5
10
9
1
1
0
3
2
-4
-1
-7
-9
-11
-22
-22
-29
-33
-37
-37
-39
-43
-45
-47
-43
-42
-48
-53
-50
-53
-51
-44
-41
-41
-51
-52
-43
-39
-33
-34
-31
-18
-13
-7
3
2
5
13
23
35
47
49
50
51
60
66
64
62
60
75
74
78
73
68
69
63
68
63
67
68
70
70
68
75
75
70
68
70
68
63
53
49
50
52
46
40
40
38
37
41
39
44
37
29
26
21
11
3
2
1
1
3
-2
0
-1
-5
-2
-8
-10
-8
-13
-16
-19
-20
-18
-14
-20
-18
-12
-17
-12
-10
-8
-8
-7
-5
-2
5
0
1
6
8
11
12
14
18
18
19
24
17
17
18
20
19
13
10
5
13
16
8
8
12
7
9
9
9
9
-1
-5
-4
-6
-4
1
3
5
4
8
7
7
13
19
26
25
24
26
36
40
40
34
30
28
25
25
26
37
33
32
25
34
43
39
46
45
46
46
43
35
35
35
29
31
33
32
35
41
42
45
47
50
52
48
47
43
39
38
39
39
43
41
38
34
36
37
38
35
26
20
10
11
17
18
24
19
15
20
18
13
15
14
10
5
-10
-20
-26
-26
-25
-21
-25
-32
-30
-35
-34
-32
-35
-29
-37
-49
-52
-61
-65
-70
-73
-69
-70
-72
-72
-70
-64
-61
-59
-68
-73
-74
-80
-81
-81
-67
-66
-70
-71
-68
-65
-61
-53
-52
-57
-58
-61
-57
-47
-39
-35
-40
-45
-46
-45
-48
-48
-43
-41
-46
-53
-58
-55
-55
-49
-41
-40
-43
-47
-52
-56
-61
-57
-51
-55
-58
-63
-70
-70
-67
-53
-45
-45
-44
-40
-41
-42
-34
-38
-38
-45
-49
-54
-47
-42
-40
-29
-28
-19
-17
-18
-20
-18
-13
-13
-18
-23
-25
-30
-34
-27
-19
-17
-12
-7
-2
1
-1
-2
4
10
8
1
-3
1
6
8
5
6
10
13
21
26
31
29
33
31
32
32
29
31
32
39
36
29
26
32
32
31
31
22
17
19
22
20
17
20
18
21
22
21
30
35
27
32
34
32
34
31
34
37
39
44
42
38
42
47
55
60
58
54
49
50
55
55
55
58
57
59
66
63
65
67
74
75
72
70
64
60
49
49
40
33
35
37
36
35
40
44
44
46
53
58
56
58
54
41
46
42
44
45
38
38
36
42
50
50
51
51
46
46
42
31
28
23
22
17
12
5
2
3
8
7
9
10
11
12
13
15
12
9
-2
4
0
-1
-2
-9
-1
4
11
11
21
24
22
19
5
12
16
10
6
4
5
6
12
14
14
10
5
4
-1
-3
-10
-14
-7
-3
-4
-4
-8
-1
0
-1
1
1
5
8
5
-7
-9
-12
-7
-8
-15
-11
-8
-9
-10
-5
-6
-9
-16
-18
-17
-23
-29
-32
-34
-41
-38
-34
-34
-34
-30
-32
-33
-29
-33
-26
-31
-38
-40
-37
-32
-30
-30
-26
-30
-31
-31
-25
-25
-28
-28
-29
-27
-34
-43
-43
-41
-42
-44
-40
-38
-33
-33
-40
-42
-50
-52
-44
-44
-45
-48
-43
-37
-40
-41
-48
-51
-56
-59
-57
-65
-65
-58
-58
-60
-58
-60
-57
-62
-64
-70
-72
-72
-77
-80
-77
-78
-81
-80
-84
-84
-79
-75
-74
-73
-77
-76
-72
-73
-68
-67
-73
-73
-77
-75
-69
-65
-58
-52
-47
-43
-37
-36
-34
-27
-25
-18
-15
-9
-7
-8
2
9
14
21
19
15
19
18
20
20
24
31
35
37
35
34
39
47
52
51
52
54
57
65
63
65
71
70
73
82
89
94
92
82
87
89
88
83
82
86
80
80
79
77
79
79
81
82
79
75
66
60
56
52
47
43
42
37
40
42
40
45
49
48
52
44
34
36
38
38
37
30
23
20
22
25
29
32
28
24
10
9
11
10
6
5
5
2
5
12
19
16
19
12
11
12
4
3
7
12
9
5
0
5
2
7
11
11
10
4
8
-1
1
1
-2
3
-3
2
-5
4
14
13
17
12
17
16
17
16
16
16
14
6
0
0
3
13
16
18
21
28
25
24
29
31
33
35
30
25
29
26
36
40
45
49
40
44
44
43
41
38
38
31
30
20
15
20
11
11
8
1
-6
-6
0
5
14
10
5
6
6
8
8
10
11
12
3
0
-3
-3
3
-1
-4
-9
-15
-9
-13
-10
-6
-10
-11
-15
-20
-26
-20
-25
-26
-22
-32
-37
-39
-44
-43
-38
-43
-48
-47
-45
-45
-50
-48
-46
-49
-45
-38
-41
-47
-46
-47
-51
-48
-49
-60
-63
-69
-69
-66
-72
-66
-67
-70
-72
-69
-65
-73
-70
-74
-74
-69
-68
-61
-52
-50
-49
-39
-36
-30
-24
-15
-8
-10
-9
-10
-10
-1
3
8
9
10
15
24
28
26
28
25
20
20
21
15
11
7
7
7
-3
-4
-11
-16
-23
-26
-32
-39
-39
-43
-44
-53
-51
-48
-45
-44
-40
-40
-30
-23
-20
-20
-29
-28
-29
-27
-28
-30
-30
-37
-36
-31
-32
-31
-25
-23
-23
-19
-20
-19
-13
-11
-4
1
7
12
11
6
6
12
13
20
21
25
36
39
41
47
50
54
55
54
59
59
55
55
57
52
58
57
51
61
47
47
49
44
44
39
33
19
16
8
6
2
4
1
-7
-3
-8
-11
-3
3
9
11
11
9
12
11
12
22
19
16
21
12
13
11
6
5
1
1
-3
-3
-9
-10
-7
-7
-4
-2
-11
-17
-17
-16
-12
-12
-9
-8
-12
-15
-14
-5
-1
0
5
2
4
-2
0
12
13
13
11
7
9
16
19
22
21
19
26
32
29
29
27
26
25
18
23
19
8
9
12
13
15
17
17
11
19
23
27
32
27
26
22
25
20
26
22
19
11
15
15
10
13
10
7
0
-6
-4
-7
-10
-11
-7
1
1
1
-7
-6
-8
-8
-1
2
-1
1
8
7
5
7
13
24
20
19
29
33
32
41
46
40
39
39
41
45
55
53
52
56
53
54
56
48
50
50
51
50
37
32
31
33
35
34
35
27
27
29
21
21
15
15
12
8
6
0
1
-3
-8
-15
-20
-27
-31
-29
-27
-29
-39
-48
-51
-57
-64
-63
-66
-67
-79
-85
-90
-89
-88
-87
-85
-83
-77
-80
-79
-75
-75
-73
-72
-71
-64
-60
-56
-58
-49
-43
-39
-31
-29
-28
-20
-13
-10
-10
-9
-8
-3
-4
-10
-7
-6
-8
-1
-2
-1
6
13
15
13
12
10
11
12
9
5
5
4
-2
-6
5
-3
-7
-2
-7
-6
-11
-21
-29
-20
-18
-25
-28
-31
-37
-36
-30
-29
-24
-30
-36
-25
-26
-27
-23
-19
-12
-11
-6
-10
-16
-11
-9
-9
-12
-19
-18
-17
-18
-20
-17
-13
-3
3
2
2
1
7
10
15
18
12
15
14
14
12
9
16
14
13
16
12
19
19
21
26
23
16
16
24
28
25
16
21
21
19
21
20
9
11
11
12
13
4
-4
-12
-12
-16
-18
-24
-30
-25
-32
-32
-30
-37
-37
-43
-43
-43
-38
-33
-28
-31
-31
-27
-25
-24
-29
-33
-32
-34
-30
-36
-40
-37
-38
-30
-28
-24
-22
-16
-7
-6
-5
-7
-5
0
-2
-11
-6
-3
-5
-1
9
12
20
25
27
33
34
36
34
37
36
31
32
37
41
43
47
53
61
63
65
66
62
60
65
64
62
61
62
64
63
59
54
52
48
52
49
49
47
44
39
37
43
42
43
44
43
41
37
35
38
40
33
27
22
22
16
23
20
18
13
14
15
10
21
16
17
15
16
15
11
11
7
9
14
19
15
18
26
29
27
22
26
21
16
18
18
22
23
29
24
23
24
25
31
35
45
44
44
36
37
41
41
37
36
34
32
31
27
28
28
26
25
25
21
25
25
26
24
22
22
12
1
-2
-3
-3
-2
-5
-9
-15
-21
-15
-21
-29
-27
-29
-28
-37
-42
-40
-41
-49
-47
-48
-54
-49
-52
-54
-59
-57
-50
-48
-52
-51
-54
-61
-61
-61
-59
-61
-63
-63
-56
-52
-48
-44
-45
-44
-39
-34
-31
-30
-27
-30
-32
-34
-41
-38
-36
-34
-32
-33
-30
-23
-20
-18
-15
-12
-10
-8
-12
-18
-23
-25
-25
-20
-24
-29
-25
-25
-23
-20
-26
-19
-15
-10
-7
-16
-17
-18
-17
-20
-24
-25
-24
-26
-25
-33
-29
-31
-34
-35
-35
-31
-33
-31
-30
-35
-40
-39
-40
-37
-37
-33
-35
-41
-33
-33
-37
-35
-32
-22
-24
-22
-16
-8
-3
5
14
19
25
24
25
25
27
30
24
21
26
24
26
30
29
30
37
33
31
35
36
35
33
32
30
24
17
18
13
10
8
6
10
3
-6
-10
-10
-11
-9
-11
-12
-22
-23
-17
-22
-16
-16
-21
-20
-23
-25
-25
-31
-29
-25
-31
-35
-34
-32
-29
-32
-25
-24
-20
-17
-21
-21
-24
-21
-15
-12
-11
-5
2
4
8
12
16
17
25
21
22
22
18
27
30
38
33
33
41
44
49
54
54
58
54
51
46
47
46
45
42
42
44
49
47
51
54
51
53
53
51
48
53
52
53
52
49
49
47
53
53
50
53
49
48
49
45
42
43
47
42
35
31
27
33
38
37
40
34
32
31
26
22
20
18
24
20
16
14
11
17
16
24
25
26
20
16
12
10
9
6
8
3
8
5
12
15
14
16
10
13
12
16
14
11
12
9
8
4
6
3
2
7
12
9
0
-1
-6
-4
1
0
1
-2
2
5
3
5
8
8
8
7
5
7
4
-3
-4
-12
-17
-15
-23
-20
-23
-23
-23
-28
-31
-33
-39
-46
-50
-50
-50
-53
-56
-55
-64
-59
-52
-53
-50
-47
-44
-43
-45
-48
-42
-40
-48
-44
-41
-36
-35
-35
-37
-41
-34
-38
-40
-45
-45
-45
-52
-50
-49
-56
-55
-55
-51
-47
-49
-49
-53
-51
-53
-49
-46
-42
-39
-43
-47
-50
-47
-45
-43
-42
-45
-46
-44
-41
-33
-36
-30
-19
-18
-18
-18
-19
-14
-15
-14
-9
-18
-12
-15
-15
-16
-23
-20
-18
-13
-12
-7
-8
-10
-6
-3
1
-4
-2
-3
-2
-7
-7
-7
-14
-9
-7
4
12
19
25
24
28
26
28
30
27
28
28
28
31
30
28
19
20
16
14
21
20
23
26
24
20
19
18
16
16
19
18
17
18
23
21
17
23
26
24
22
24
28
32
33
25
28
26
22
25
23
22
22
21
16
9
5
5
9
6
7
2
-1
-3
-3
-5
-3
-1
-8
-6
-3
-9
-2
4
0
3
0
-4
-3
-8
-8
-8
-6
-12
-14
-13
-16
-19
-21
-16
-12
-9
-15
-21
-20
-20
-15
-14
-16
-18
-23
-25
-21
-17
-21
-22
-23
-19
-16
-15
-15
-11
-5
2
9
11
18
19
24
28
30
36
37
33
37
42
38
40
41
44
42
45
55
65
71
70
73
72
68
71
71
67
68
68
70
66
63
59
61
68
63
61
60
64
64
64
68
65
66
65
60
58
52
44
43
45
44
40
43
42
38
34
25
26
21
25
24
17
19
16
15
11
6
2
3
0
3
5
6
13
14
11
10
5
7
7
6
11
12
10
10
10
12
11
10
16
12
14
11
11
16
13
19
9
6
9
2
3
-4
-8
-7
-6
-11
-17
-14
-21
-19
-14
-19
-20
-27
-29
-26
-27
-39
-40
-41
-41
-44
-50
-46
-51
-50
-51
-57
-56
-58
-59
-61
-66
-68
-73
-75
-79
-82
-81
-81
-77
-80
-75
-71
-68
-70
-70
-74
-74
-70
-70
-71
-73
-64
-61
-57
-49
-44
-38
-36
-34
-30
-19
-21
-20
-13
-16
-10
-9
-11
-8
-6
0
3
6
6
10
13
18
19
12
12
6
9
6
5
1
1
7
12
20
15
19
25
30
28
21
20
18
15
14
13
15
18
15
13
7
7
4
2
2
7
4
0
5
-1
-2
0
-5
-1
-1
-6
-11
-15
-21
-22
-21
-26
-29
-37
-38
-34
-31
-32
-33
-36
-41
-42
-43
-42
-44
-50
-47
-48
-54
-52
-57
-56
-53
-54
-51
-49
-48
-44
-39
-40
-35
-26
-18
-10
-5
2
6
13
19
21
22
29
35
44
44
49
50
44
49
47
47
50
52
48
46
43
36
39
33
30
33
31
37
29
30
24
26
32
25
22
17
14
9
14
13
10
9
1
-2
-6
-2
3
3
2
2
-3
2
2
-5
0
-1
-4
-5
-9
-13
-16
-16
-15
-4
-9
-15
-9
-10
-6
-3
-9
-3
4
7
12
15
12
9
16
17
22
27
29
30
32
41
47
49
55
61
63
60
56
61
63
63
65
64
63
63
64
66
61
66
62
63
55
47
55
52
52
44
43
41
45
45
40
45
46
51
50
46
42
37
32
28
29
21
21
18
12
13
11
15
9
4
4
6
5
0
-3
-4
-4
-8
-10
-12
-10
-9
-5
-5
-9
-6
-5
-4
-3
-6
-12
-10
-13
-12
-7
-12
-6
-3
1
-1
-3
-4
-7
-10
-14
-18
-23
-23
-25
-28
-31
-29
-27
-27
-31
-30
-28
-30
-30
-34
-37
-38
-46
-51
-50
-55
-56
-52
-53
-46
-43
-45
-45
-54
-55
-57
-55
-53
-56
-61
-66
-68
-66
-64
-64
-60
-55
-48
-46
-52
-57
-62
-56
-57
-57
-48
-54
-62
-58
-58
-57
-54
-55
-49
-45
-50
-53
-51
-52
-48
-41
-37
-37
-39
-31
-32
-26
-20
-14
-14
-17
-17
-17
-13
-15
-12
-14
-11
-7
-14
-9
-1
-4
0
3
7
11
12
13
16
19
26
27
20
