25
44
35
40
35
37
34
32
26
26
29
25
21
19
20
18
14
17
11
13
10
12
19
16
10
7
6
3
5
3
2
3
2
2
-3
-3
-1
-8
-8
-4
-8
-10
-10
-11
-11
-8
-13
-14
-17
-18
-18
-19
-16
-18
-25
-24
-22
-27
-29
-28
-26
-32
-33
-31
-35
-38
-38
-42
-45
-49
-51
-49
-47
-45
-44
-47
-44
-46
-42
-36
-36
-30
-33
-28
-22
-19
-18
-17
-12
-15
-15
-13
-11
-13
-7
-8
-8
-11
-10
-11
-11
-7
-12
-7
-5
0
-5
0
7
3
8
6
6
7
8
11
11
10
10
11
17
16
17
22
22
17
17
16
14
18
17
17
10
5
5
6
3
4
2
2
0
-1
3
-5
-10
-10
-9
-11
-12
-13
-15
-18
-24
-24
-24
-24
-28
-27
-26
-27
-25
-26
-24
-21
-24
-16
-17
-16
-17
-13
-4
-1
5
8
11
16
21
25
19
21
21
23
22
21
26
22
30
27
24
29
19
19
21
19
21
20
17
12
10
9
1
1
-3
-11
-7
-2
-4
-5
-9
-13
-13
-12
-9
-9
-7
-7
-4
-2
-2
-3
-8
-6
-4
-8
-2
-4
-4
1
4
5
6
4
7
9
11
14
14
17
16
26
25
25
23
17
24
23
21
19
20
24
31
36
40
38
38
34
31
31
27
26
30
36
33
32
31
25
27
22
28
30
25
25
25
28
24
22
16
20
14
12
16
18
13
7
8
4
3
0
2
4
4
10
6
7
14
11
10
7
7
11
13
11
15
15
17
22
20
18
21
21
19
20
21
23
25
22
15
13
18
13
10
15
11
14
11
9
16
14
11
11
13
17
15
12
16
17
20
20
17
20
19
24
26
24
24
16
16
16
12
11
8
6
8
4
7
7
8
11
10
6
-2
-7
-12
-15
-18
-21
-19
-17
-19
-21
-17
-19
-24
-22
-24
-30
-31
-31
-27
-26
-28
-31
-34
-30
-28
-29
-32
-31
-29
-26
-29
-32
-30
-29
-30
-33
-32
-33
-33
-34
-33
-36
-38
-40
-32
-33
-33
-26
-27
-25
-26
-19
-16
-19
-18
-16
-14
-12
-11
-4
-9
-6
-9
-9
-3
-3
-2
-4
-1
-2
-3
-7
-9
-5
-9
-17
-18
-11
-15
-18
-26
-29
-34
-33
-35
-35
-33
-40
-37
-42
-47
-48
-51
-51
-48
-51
-50
-50
-50
-46
-47
-45
-42
-43
-42
-40
-36
-37
-39
-37
-37
-41
-39
-37
-30
-31
-31
-30
-33
-28
-26
-25
-25
-26
-25
-28
-24
-25
-20
-22
-19
-19
-16
-11
-14
-12
-13
-11
-8
-11
-12
-15
-16
-9
-3
1
13
14
16
16
17
17
15
14
19
21
17
21
17
17
20
17
13
18
19
14
16
12
17
18
17
19
16
24
18
19
18
11
12
13
12
8
10
9
10
6
6
9
14
13
11
9
10
9
3
5
6
4
0
0
6
6
13
15
16
17
17
16
13
16
14
18
22
21
20
19
22
28
21
29
28
26
36
30
36
40
38
38
39
38
36
43
45
42
49
43
35
36
36
43
48
48
47
48
45
42
41
41
44
47
47
46
43
36
35
31
29
31
31
32
28
23
19
16
16
8
13
7
5
12
13
12
6
14
14
16
17
21
26
24
18
15
18
17
25
20
15
14
15
13
10
11
13
12
10
10
9
0
-3
-2
-3
-6
-12
-14
-12
-4
-6
-8
-9
-4
0
-3
1
-3
-1
2
4
3
3
3
-4
-6
-4
-5
-6
-11
-19
-16
-14
-11
-16
-23
-27
-27
-32
-28
-30
-32
-35
-35
-33
-42
-37
-42
-39
-37
-37
-30
-35
-31
-24
-26
-25
-21
-15
-13
-6
-4
-4
-8
-8
-10
-11
-10
-12
-18
-12
-7
-4
-4
-10
-8
-7
-8
-10
-11
-17
-12
-11
-15
-14
-11
-13
-18
-10
-16
-18
-7
-9
-11
-9
-17
-18
-14
-10
-7
-10
-10
-9
-12
-22
-25
-19
-17
-14
-18
-20
-15
-18
-23
-27
-26
-29
-30
-33
-38
-42
-45
-43
-37
-36
-35
-33
-33
-36
-38
-42
-38
-40
-36
-33
-38
-38
-36
-31
-30
-29
-31
-33
-31
-27
-17
-19
-21
-14
-14
-18
-22
-19
-12
-13
-16
-13
-9
-7
0
0
0
8
5
4
8
10
18
16
20
22
27
29
29
33
23
24
20
26
32
24
25
28
28
39
37
39
40
40
46
43
39
38
40
39
41
32
28
25
28
25
19
23
18
12
9
3
1
0
-3
-2
-4
-5
-7
-10
-6
-8
-10
-15
-20
-18
-28
21
50
38
48
48
47
42
39
38
36
28
27
22
27
26
24
23
16
17
15
25
26
27
29
30
33
27
29
30
24
24
23
21
16
8
4
-2
0
5
6
7
4
4
4
4
4
3
4
5
2
8
4
2
7
4
8
5
4
8
9
14
15
15
19
19
14
11
8
12
15
15
19
20
25
29
31
26
28
25
25
30
28
26
25
27
21
21
20
23
21
15
18
15
12
11
13
12
6
7
9
15
19
13
12
10
8
8
4
4
0
-3
-4
-3
2
1
-5
-5
-2
6
5
-6
-11
-18
-23
-28
-31
-25
-23
-19
-18
-19
-21
-28
-26
-30
-37
-32
-36
-35
-31
-31
-30
-30
-26
-26
-25
-28
-26
-19
-16
-17
-17
-13
-21
-23
-21
-16
-17
-16
-17
-18
-20
-20
-20
-28
-26
-36
-37
-38
-36
-32
-34
-37
-36
-39
-40
-33
-31
-33
-35
-31
-35
-42
-38
-42
-42
-40
-45
-45
-50
-49
-49
-53
-56
-53
-52
-49
-45
-46
-51
-49
-46
-55
-51
-52
-56
-57
-60
-51
-49
-47
-46
-49
-40
-34
-25
-26
-26
-22
-18
-15
-13
-15
-12
-5
-2
4
5
19
16
17
20
17
19
20
18
14
23
25
26
26
23
25
30
28
27
36
41
43
46
42
38
42
41
41
44
40
41
35
33
35
29
27
28
28
27
25
21
25
27
22
24
28
29
25
24
24
22
14
6
5
3
4
6
9
5
6
2
6
7
8
6
2
5
1
3
7
4
3
6
10
8
16
16
13
16
16
16
11
11
2
7
8
3
13
13
14
15
16
14
16
11
15
19
17
17
14
19
24
29
30
29
32
27
29
31
29
30
25
31
34
35
37
33
36
38
39
32
27
30
27
28
30
22
28
31
34
34
29
24
22
23
25
28
21
28
30
26
27
21
18
16
13
20
22
19
21
22
19
20
18
18
16
13
8
10
7
1
-1
-3
-1
-1
4
5
7
11
10
16
24
25
22
25
26
28
30
24
26
28
26
24
23
21
24
24
23
26
22
18
18
17
21
18
19
14
19
21
15
22
20
19
18
17
11
12
8
5
4
4
2
-3
-2
1
1
-6
-7
-2
-3
-1
-8
-21
-20
-22
-26
-32
-33
-40
-39
-35
-35
-33
-33
-38
-38
-35
-40
-41
-41
-45
-42
-40
-37
-41
-41
-45
-44
-44
-43
-34
-42
-41
-39
-40
-41
-38
-35
-34
-31
-30
-28
-26
-24
-31
-27
-27
-27
-26
-33
-29
-27
-33
-38
-35
-38
-36
-36
-38
-37
-37
-37
-36
-35
-37
-40
-44
-45
-45
-44
-48
-46
-47
-50
-44
-43
-43
-45
-45
-36
-36
-30
-31
-27
-23
-27
-31
-40
-41
-42
-42
-33
-25
-26
-22
-22
-22
-21
-22
-16
-14
-17
-10
-9
-13
-11
-10
-12
-12
-13
-12
-12
-12
-8
-17
-16
-13
-13
-11
-3
-4
-9
-1
-5
-4
-14
-22
-23
-18
-17
-24
-29
-31
-40
-43
-45
-44
-40
-39
-37
-42
-43
-42
-41
-41
-39
-35
-30
-29
-29
-35
-39
-38
-35
-37
-32
-24
-20
-18
-19
-15
-11
-7
-9
-2
5
10
12
16
11
8
8
7
8
14
18
21
24
20
22
23
26
23
31
30
28
30
27
31
32
40
42
37
31
35
36
37
39
30
38
41
37
38
38
39
41
39
42
49
49
46
48
50
48
50
44
44
47
44
54
53
52
52
50
54
56
61
65
62
65
59
56
58
50
42
46
48
45
42
42
48
43
39
43
40
43
47
44
43
44
35
30
33
27
26
20
19
17
16
16
16
16
19
15
10
12
7
6
13
11
17
15
13
18
17
20
15
14
12
12
16
15
18
19
23
26
29
24
24
26
17
21
15
21
23
19
14
1
9
8
12
4
-3
1
4
11
8
5
4
2
4
4
8
11
6
8
9
7
11
7
5
3
6
6
5
9
1
4
3
9
13
11
7
2
4
5
10
-2
-1
0
2
0
-8
-6
-9
-11
-12
-12
-20
-15
-20
-22
-14
-11
-13
-13
-16
-19
-16
-19
-13
-20
-26
-27
-31
-39
-37
-42
-48
-41
-40
-38
-39
-46
-47
-46
-47
-51
-57
-56
-63
-64
-63
-65
-62
-63
-67
-68
-68
-64
-67
-67
-61
-65
-61
-59
-61
-57
-52
-49
-44
-46
-42
-44
-40
-42
-48
-44
-37
-31
-39
-32
-32
-33
-31
-34
-34
-44
-47
-41
-35
-38
-40
-38
-38
-40
-40
-40
-39
-35
-37
-34
-25
-19
-25
-26
-19
-13
-13
-12
-3
-4
-6
-7
-8
-6
-5
-4
-8
-10
-10
-13
-10
-9
-8
-8
-7
-3
1
1
3
3
6
-2
-4
0
3
7
3
2
5
3
-3
1
8
6
7
13
15
14
15
17
19
25
32
35
36
43
46
42
44
40
40
38
34
34
33
34
38
36
33
34
34
33
36
38
40
43
36
31
30
27
24
23
22
24
21
22
17
18
14
12
16
15
17
14
14
10
10
10
9
11
14
15
16
18
15
18
18
17
15
15
18
22
21
21
23
24
25
28
30
32
27
31
35
40
39
40
47
45
50
54
59
63
65
62
66
61
67
65
58
66
61
57
60
61
61
62
62
66
63
62
65
59
59
64
68
66
59
56
55
60
62
53
48
44
48
49
43
43
33
30
32
25
23
21
15
14
16
12
5
0
4
2
-7
-11
-17
-25
-28
-34
-38
-34
-36
-31
-32
-35
-40
-43
-44
-42
-45
-41
-32
-30
-26
-31
-37
-40
-43
-32
-32
-34
-27
-28
-20
-14
-18
-17
-19
-22
-15
-15
-4
0
0
-5
-16
-11
-11
-14
-22
-16
-11
-16
-12
-18
-26
-23
-26
-28
-25
-18
-19
-19
-12
-11
-14
-15
-16
-21
-24
-28
-22
-24
-20
-23
-27
-27
-25
-24
-29
-34
-38
-40
-36
-36
-44
-44
-47
-48
-50
-42
-37
-39
-40
-39
-41
-40
-38
-39
-31
-23
-24
-26
-23
-24
-16
-13
-17
-10
-7
-8
-3
0
-4
1
-2
1
-1
-7
-6
-1
6
10
5
-2
-3
-6
-7
-11
-12
-17
-23
-20
-18
-26
-38
-41
-44
-45
-47
-52
-52
-57
-60
-60
-60
-60
-53
-55
-54
-55
-59
-56
-59
-59
-59
-56
-57
-56
-54
-57
-57
-52
-51
-48
-46
-45
-39
-32
-28
-32
-32
-31
-23
-23
-21
-19
-23
-23
-28
-22
-20
-15
-12
-8
-5
0
4
8
11
6
10
12
16
13
6
10
14
14
12
14
16
16
18
28
33
33
32
31
36
37
36
38
41
47
52
51
47
41
39
39
40
35
36
41
51
49
44
42
42
45
40
47
46
46
46
47
53
46
43
31
31
26
24
29
27
32
32
33
33
31
31
24
23
24
26
28
25
15
13
9
8
5
2
2
-5
1
1
5
2
-4
-6
-4
0
2
5
6
10
9
10
14
11
4
8
11
11
13
12
18
16
19
20
21
28
31
36
44
48
42
43
46
43
46
47
42
37
35
40
40
44
42
35
28
33
34
32
30
31
29
24
28
26
29
30
24
22
21
14
16
20
21
17
15
13
13
7
2
1
0
3
5
5
11
14
8
3
1
2
3
1
3
6
5
6
9
11
8
9
16
15
18
13
12
15
9
7
4
9
8
1
2
3
1
-2
-2
-3
-3
-8
-11
-13
-14
-14
-13
-13
-21
-23
-32
-40
-41
-39
-38
-38
-35
-35
-33
-36
-43
-43
-41
-44
-46
-47
-44
-46
-46
-46
-45
-46
-53
-50
-39
-48
-51
-50
-49
-42
-38
-38
-44
-45
-44
-33
-34
-37
-36
-36
-37
-34
-38
-41
-38
-45
-39
-37
-35
-27
-29
-30
-18
-22
-20
-17
-19
-12
-9
-6
4
5
3
6
2
-5
-4
-3
-4
3
1
-1
2
11
15
18
16
18
21
21
18
16
15
19
13
11
11
2
0
-2
3
6
4
1
3
3
-6
-9
-17
-20
-24
-24
-18
-16
-16
-16
-16
-16
-19
-18
-19
-26
-29
-29
-28
-27
-29
-33
-34
-30
-30
-29
-31
-37
-37
-36
-36
-33
-36
-38
-32
-33
-32
-31
-34
-28
-25
-24
-15
-12
-8
-5
-10
-5
-4
1
8
9
16
11
9
8
9
12
14
14
17
27
33
38
41
44
42
38
37
40
44
43
48
44
40
38
32
31
29
25
24
27
29
31
29
24
21
19
19
19
15
13
14
16
17
13
10
9
14
13
9
7
13
8
2
3
9
9
7
12
14
16
20
23
28
29
28
21
26
34
32
41
45
44
40
41
39
35
37
39
39
45
58
56
58
60
58
59
58
63
68
68
72
72
60
63
57
59
58
51
50
46
39
38
38
35
32
29
24
12
11
7
11
11
11
8
10
16
15
15
11
7
1
2
0
-8
-2
2
6
5
-1
-6
-5
-8
-13
-8
-8
-6
-1
7
2
-2
-5
-9
-11
-8
-10
-14
-9
-11
-11
-16
-14
-13
-12
-11
-4
2
1
2
3
4
-2
0
12
9
10
18
18
17
21
20
22
19
15
20
23
20
19
16
13
10
2
0
-3
-8
-7
-8
-8
-9
-10
-15
-25
-27
-24
-30
-30
-39
-40
-43
-48
-47
-51
-44
-52
-56
-55
-51
-54
-53
-54
-55
-52
-50
-46
-44
-46
-57
-55
-54
-63
-72
-72
-67
-66
-62
-55
-56
-57
-63
-62
-58
-57
-63
-62
-58
-60
-53
-61
-55
-57
-61
-62
-62
-56
-48
-46
-44
-39
-38
-29
-26
-16
-17
-16
-10
-6
-1
3
1
-3
-4
-3
5
11
12
1
-1
-4
0
-2
-8
-14
-17
-10
-11
-16
-23
-23
-24
-23
-25
-32
-37
-41
-38
-38
-35
-37
-42
-47
-46
-42
-43
-42
-44
-48
-43
-43
-46
-50
-52
-43
-39
-36
-31
-25
-25
-22
-21
-21
-22
-15
-11
-15
-9
-10
-8
-1
-5
0
9
11
15
11
10
12
7
12
14
17
12
17
21
13
14
12
6
3
2
7
14
17
6
10
12
7
9
10
12
12
17
18
15
15
9
11
16
13
22
25
24
28
32
31
36
37
35
34
33
33
37
44
44
46
46
45
40
44
45
48
49
45
44
46
45
41
44
45
48
56
53
53
57
56
60
63
59
59
59
65
74
78
80
76
78
82
87
90
89
92
86
87
87
89
91
86
87
92
91
91
82
78
78
72
69
76
76
71
78
75
75
72
70
70
67
62
58
59
55
53
54
46
45
43
38
43
45
46
39
31
26
20
13
12
7
1
-1
-9
-12
-11
-18
-22
-31
-34
-39
-40
-39
-47
-50
-58
-58
-66
-73
-72
-79
-88
-85
-87
-88
-80
-82
-84
-79
-82
-78
-74
-72
-67
-68
-66
-71
-68
-60
-57
-54
-53
-48
-45
-41
-37
-35
-31
-28
-24
-25
-21
-15
-17
-20
-18
-18
-23
-19
-20
-19
-18
-14
-19
-22
-24
-24
-20
-19
-14
-14
-18
-20
-20
-24
-35
-38
-38
-41
-40
-39
-38
-38
-39
-32
-38
-40
-41
-43
-40
-39
-37
-39
-38
-43
-46
-47
-44
-41
-50
-49
-48
-42
-37
-30
-22
-24
-21
-20
-17
-13
-15
-7
-10
-12
-14
-18
-18
-21
-17
-15
-19
-19
-18
-24
-21
-13
-15
-14
-10
-5
-6
-10
-9
-12
-11
-10
-6
-4
-2
-3
-10
-16
-18
-19
-27
-21
-19
-19
-13
-20
-25
-18
-17
-21
-23
-20
-17
-18
-15
-14
-12
-10
-11
-7
-6
-3
-5
-7
-8
-10
-16
-20
-15
-15
-16
-17
-12
-15
-14
-9
-9
0
-2
1
8
6
4
8
13
18
24
23
32
27
29
32
27
29
32
28
27
24
20
24
22
26
29
36
36
39
34
37
36
35
40
37
41
46
49
43
46
47
43
39
42
39
38
40
39
37
51
59
61
66
60
58
56
60
57
60
63
62
61
58
59
50
47
47
40
38
35
40
42
38
38
31
28
28
26
22
17
19
19
18
20
19
13
12
13
13
16
20
17
20
21
20
20
15
15
20
20
24
23
15
17
19
13
14
15
19
21
18
21
23
27
24
23
26
25
28
32
32
29
25
31
24
27
26
21
26
31
30
29
32
34
31
24
24
21
16
12
12
13
12
6
-1
-1
4
6
5
13
9
8
7
6
3
1
2
-3
-6
-8
-10
-10
-5
-10
-16
-18
-20
-27
-28
-35
-38
-33
-29
-29
-32
-34
-37
-38
-38
-37
-37
-37
-43
-48
-49
-46
-46
-48
-58
-60
-56
-57
-57
-52
-54
-50
-44
-42
-40
-41
-42
-42
-37
-40
-39
-42
-45
-43
-44
-41
-41
-43
-42
-38
-36
-35
-30
-37
-33
-23
-24
-20
-22
-21
-18
-16
-15
-11
-8
-13
-18
-22
-23
-20
-20
-21
-26
-27
-20
-20
-19
-19
-14
-12
-6
-8
-11
-14
-16
-10
-12
-8
-8
-8
-11
-16
-23
-23
-21
-25
-30
-39
-35
-33
-33
-32
-37
-36
-39
-40
-41
-41
-44
-40
-38
-41
-34
-35
-38
-36
-37
-36
-32
-30
-30
-31
-30
-29
-25
-21
-24
-17
-12
-9
-4
1
1
10
19
17
17
18
20
30
35
31
31
29
31
36
30
32
30
32
28
21
21
24
18
12
13
9
12
15
17
13
10
10
12
9
11
5
0
1
-11
-15
-21
-25
-22
-21
-24
-22
-28
-33
-31
-38
-36
-32
-31
-24
-25
-26
-21
-21
-17
-8
-8
4
6
11
16
9
12
8
9
17
27
31
27
33
34
38
41
45
50
52
55
50
57
60
59
56
58
57
58
62
55
56
48
46
49
45
41
35
33
37
42
37
34
37
30
29
26
20
18
23
26
23
30
24
15
12
15
15
10
9
9
11
12
12
13
11
9
7
6
7
2
8
6
8
9
10
7
1
4
2
4
7
10
16
13
21
24
18
21
19
17
10
17
15
18
19
15
17
13
16
10
12
15
19
28
32
31
30
28
24
22
19
18
21
19
20
21
17
19
20
12
12
17
14
19
23
15
13
12
11
10
8
13
10
4
6
1
1
0
0
-5
-10
-7
-8
-8
-5
-5
-7
-10
-10
-13
-12
-16
-22
-19
-22
-29
-32
-34
-39
-36
-31
-29
-33
-29
-24
-37
-39
-41
-43
-39
-38
-41
-43
-39
-34
-28
-30
-29
-36
-35
-31
-29
-26
-21
-21
-23
-17
-17
-14
-8
-9
-8
-13
-15
-11
-11
-16
-16
-10
-15
-16
-15
-17
-16
-16
-15
-16
-13
-11
-14
-13
-11
-16
-14
-12
-15
-13
-11
-14
-9
-13
-23
-23
-23
-25
-27
-29
-32
-33
-36
-29
-33
-34
-31
-31
-30
-35
-42
-45
-36
-36
-43
-49
-52
-50
-52
-48
-46
-51
-46
-42
-40
-38
-36
-31
-37
-37
-39
-37
-32
-28
-31
-30
-25
-28
-29
-24
-24
-19
-14
-14
-7
-5
-7
-5
0
5
8
12
19
16
16
18
16
13
5
4
7
9
8
11
11
10
6
11
11
14
22
25
30
27
27
29
31
33
30
25
24
24
19
16
15
18
9
9
10
8
2
-1
3
2
4
2
4
0
-2
12
11
7
2
0
3
4
-4
-8
-9
-10
-12
-15
-12
-9
-4
5
4
5
8
5
7
4
10
11
14
19
20
25
25
29
33
30
29
35
40
44
43
45
48
49
53
54
52
52
58
58
58
66
70
69
74
74
72
70
69
68
67
67
69
71
68
66
62
58
54
56
56
53
51
50
46
40
39
32
30
30
26
29
24
13
14
5
3
2
4
11
13
13
12
18
22
20
27
25
25
21
24
26
27
34
38
42
40
45
41
43
44
50
51
50
51
48
54
60
57
50
53
47
42
45
43
40
38
37
41
40
34
39
29
20
18
18
19
14
12
3
-2
-9
-11
-22
-26
-26
-27
-32
-34
-32
-40
-39
-45
-48
-46
-46
-45
-42
-44
-43
-44
-49
-51
-53
-52
-60
-68
-63
-65
-65
-62
-65
-65
-62
-60
-57
-52
-49
-47
-43
-37
-36
-36
-41
-43
-41
-38
-29
-24
-27
-28
-25
-34
-31
-31
-29
-36
-34
-28
-33
-31
-34
-37
-39
-38
-34
-34
-33
-28
-29
-35
-33
-30
-34
-33
-34
-37
-40
-45
-49
-53
-56
-54
-56
-55
-51
-63
-62
-62
-65
-64
-63
-60
-60
-53
-54
-60
-64
-69
-70
-74
-71
-71
-71
-70
-73
-70
-76
-74
-77
-84
-83
-81
-79
-70
-66
-64
-56
-56
-59
-58
-58
-56
-58
-56
-49
-51
-50
-44
-34
-26
-26
-22
-18
-14
-10
-5
-1
6
8
4
5
10
13
10
13
17
20
22
21
22
23
23
27
31
37
37
34
39
40
42
41
34
34
32
26
30
24
24
22
18
20
14
13
20
18
20
22
24
21
19
23
19
15
14
17
13
13
15
25
25
23
26
30
34
39
45
42
44
46
49
58
55
54
54
49
46
42
39
35
40
43
47
50
50
50
52
49
52
56
60
60
60
60
58
60
60
59
56
57
59
53
53
57
54
53
60
63
65
67
67
66
66
66
62
71
69
69
67
65
64
61
56
47
38
35
38
37
30
29
33
36
30
33
32
28
32
24
27
28
28
25
28
30
28
28
22
21
18
18
19
19
19
14
18
16
16
17
15
11
5
6
7
8
5
3
6
12
12
5
5
8
9
5
2
2
-2
-4
-1
0
-1
-1
-6
-10
-13
-14
-17
-26
-32
-32
-32
-29
-31
-31
-30
-35
-32
-36
-33
-30
-33
-33
-28
-32
-31
-34
-35
-32
-33
-30
-29
-34
-36
-33
-32
-34
-32
-25
-27
-30
-30
-33
-34
-35
-38
-36
-37
-40
-41
-40
-33
-33
-35
-38
-36
-37
-41
-36
-38
-39
-37
-38
-39
-38
-34
-32
-33
-31
-26
-30
-36
-34
-29
-27
-28
-24
-23
-17
-15
-16
-12
-17
-24
-20
-19
-18
-23
-22
-22
-25
-22
-23
-22
-18
-15
-20
-18
-21
-24
-25
-27
-29
-26
-23
-29
-29
-33
-38
-40
-43
-46
-52
-53
-56
-59
-57
-57
-53
-58
-68
-68
-65
-59
-57
-59
-59
-59
-56
-56
-55
-56
-70
-66
-60
-50
-43
-41
-40
-40
-40
-35
-33
-29
-14
-15
-13
1
1
2
4
4
0
2
1
8
11
15
22
23
28
20
28
31
33
40
44
45
42
47
52
54
55
56
61
58
55
59
60
62
60
58
59
62
57
61
63
62
54
47
45
38
44
43
38
36
36
24
24
23
24
20
11
12
12
15
21
18
11
12
12
12
7
1
-2
3
0
1
3
3
4
5
8
5
10
14
10
8
17
17
17
20
24
26
28
32
29
30
31
29
31
33
37
45
49
49
47
43
46
46
41
46
50
50
56
59
53
50
49
50
55
59
59
51
49
56
53
51
49
40
37
33
30
30
24
23
21
16
16
14
6
6
-1
2
-4
-3
-8
-14
-9
-17
-21
-17
-13
-9
-9
-7
-3
-11
-14
-13
-12
-19
-23
-16
-15
-10
-8
-3
-8
-6
-7
-6
4
8
7
9
6
6
6
1
0
-1
3
5
1
-1
2
2
2
5
11
6
7
7
6
5
6
11
13
14
10
6
-2
-8
-1
-4
-8
-7
-5
1
-3
-6
-11
-14
-14
-14
-7
-5
-3
-1
2
-1
-6
-5
-14
-17
-12
-11
-11
-12
-10
-8
-6
-8
-13
-20
-13
-12
-9
-12
-15
-13
-13
-14
-15
-14
-16
-18
-20
-21
-20
-18
-21
-16
-18
-14
-12
-13
-15
-20
-23
-26
-19
-18
-18
-12
-16
-15
-23
-31
-29
-31
-26
-30
-31
-28
-26
-21
-24
-24
-28
-35
-36
-36
-34
-32
-30
-28
-29
-32
-37
-41
-40
-42
-38
-38
-34
-36
-36
-35
-41
-39
-42
-42
-38
-36
-30
-28
-31
-28
-30
-32
-31
-27
-23
-24
-22
-18
-22
-20
-11
-12
-11
-7
-6
-6
-6
-10
-7
-8
-7
-12
-10
-8
-9
-1
-1
2
2
2
1
4
2
-5
1
1
-3
-4
-7
-8
-4
-12
-14
-16
-19
-12
-14
-14
-12
-17
-17
-11
-10
-15
-17
-15
-10
-7
-12
-16
-18
-25
-26
-25
-20
-22
-24
-21
-24
-23
-22
-17
-16
-13
-13
-7
-2
0
-1
2
7
6
5
8
11
4
10
16
13
12
16
21
23
24
18
19
24
26
28
27
24
21
24
31
27
27
31
26
20
23
22
22
22
26
32
25
30
24
20
16
12
12
10
15
16
18
17
21
21
22
22
20
17
16
22
22
21
17
23
29
30
26
23
24
22
22
21
18
18
21
24
28
28
28
22
28
30
28
38
39
44
49
50
50
45
46
49
48
47
50
49
46
47
52
52
49
48
41
37
31
31
32
28
30
28
26
24
19
9
9
8
7
8
4
4
8
11
12
18
19
14
7
9
12
10
14
16
14
15
16
18
14
13
13
7
12
14
11
11
19
14
16
20
16
16
17
19
19
22
12
7
12
7
8
10
5
3
5
8
10
1
1
2
4
4
4
6
2
1
4
2
-2
1
-2
-5
-16
-20
-18
-23
-21
-26
-27
-26
-38
-37
-32
-39
-40
-42
-45
-43
-41
-45
-45
-46
-48
-47
-50
-52
-51
-58
-60
-57
-54
-53
-47
-42
-44
-42
-44
-43
-44
-43
-40
-40
-38
-38
-33
-31
-32
-38
-41
-42
-38
-38
-34
-31
-29
-28
-33
-32
-36
-33
-39
-39
-41
-46
-39
-36
-33
-38
-36
-29
-33
-32
-34
-37
-38
-34
-32
-31
-27
-33
-29
-27
-27
-26
-24
-25
-21
-24
-25
-22
-15
-10
-17
-18
-15
-13
-19
-13
-7
-15
-18
-19
-18
-21
-18
-17
-16
-20
-25
-30
-28
-25
-29
-22
-26
-26
-20
-19
-17
-14
-14
-17
-10
-11
-13
-11
-14
-14
-13
-12
-6
-6
-10
-12
-12
-8
-3
0
1
10
17
17
14
16
19
16
17
19
25
26
24
26
24
20
18
19
20
23
20
20
24
23
32
27
27
29
24
26
29
31
24
29
28
31
30
27
26
30
32
29
33
33
37
32
30
29
30
27
31
35
36
43
45
45
44
48
51
51
55
54
53
54
56
60
58
55
50
51
51
48
43
42
43
37
43
47
49
47
47
46
45
44
41
42
46
45
44
45
48
50
47
42
38
43
50
49
48
48
43
47
47
44
45
46
46
47
50
53
51
50
49
41
47
42
41
43
35
36
31
32
31
32
30
32
28
23
26
28
28
24
21
21
23
19
19
12
6
8
2
0
-5
-7
-12
-14
-9
-10
-14
-12
-11
-12
-4
-7
-13
-14
-20
-23
-29
-28
-27
-33
-33
-36
-37
-34
-35
-31
-30
-33
-32
-27
-30
-33
-37
-38
-36
-34
-26
-31
-31
-28
-30
-28
-34
-35
-32
-33
-29
-26
-30
-30
-26
-27
-30
-30
-30
-27
-30
-31
-33
-32
-31
-33
-36
-34
-31
-43
-42
-43
-41
-43
-48
-43
-46
-42
-40
-38
-41
-41
-41
-48
-50
-53
-55
-53
-54
-54
-54
-53
-55
-62
-62
-58
-58
-60
-54
-43
-48
-49
-46
-46
-51
-51
-45
-45
-41
-42
-38
-43
-50
-46
-49
-46
-41
-38
-44
-45
-40
-42
-41
-35
-32
-31
-23
-17
-17
-20
-21
-25
-19
-14
-12
-9
-11
-8
-8
-5
-6
-9
-12
-16
-13
-3
-5
-10
-13
-16
-19
-23
-17
-16
-10
-12
-10
-12
-16
-15
-16
-16
-17
-10
-15
-13
-14
-19
-17
-15
-14
-12
-12
-17
-12
-12
-18
-17
-19
-18
-25
-19
-23
-20
-14
-16
-16
-16
-16
-21
-18
-18
-17
-17
-11
-13
-12
-8
-4
-2
0
7
11
12
15
11
17
25
31
35
34
43
44
50
50
55
58
58
57
59
64
70
71
73
73
69
78
78
75
72
67
70
74
82
84
81
81
80
80
80
80
80
80
77
80
80
72
75
74
72
68
58
59
55
51
50
42
40
40
41
43
42
37
34
34
26
23
18
11
11
12
9
7
8
9
4
5
5
5
11
13
15
19
20
18
27
23
23
25
24
28
31
32
35
26
25
30
29
29
31
35
32
30
27
28
26
24
18
14
13
11
11
14
11
6
-4
-7
-5
-5
-5
-6
-5
-11
-13
-10
-18
-18
-28
-28
-19
-17
-16
-20
-21
-29
-29
-28
-30
-26
-24
-25
-28
-25
-22
-23
-17
-19
-21
-15
-12
-16
-15
-15
-19
-19
-18
-16
-22
-19
-16
-18
-11
-4
-2
5
6
3
0
3
4
3
5
1
0
-3
-4
1
2
8
8
-1
1
0
0
3
2
2
1
3
4
-1
-2
-15
-20
-19
-21
-24
-25
-27
-33
-35
-37
-37
-40
-42
-44
-43
-42
-47
-43
-43
-42
-38
-43
-43
-43
-47
-51
-53
-55
-55
-51
-56
-56
-54
-49
-47
-51
-50
-48
-49
-45
-44
-41
-36
-36
-36
-40
-43
-41
-35
-35
-35
-30
-34
-35
-35
-33
-25
-23
-22
-26
-23
-18
-16
-21
-22
-18
-19
-21
-25
-24
-23
-22
-21
-13
-18
-25
-27
-31
-24
-23
-18
-14
-9
-15
-21
-15
-21
-19
-17
-22
-19
-16
-20
-20
-18
-18
-20
-21
-13
-16
-13
-7
-7
-4
-3
3
-4
-7
-5
-8
-4
-5
0
-1
5
10
2
5
9
18
21
24
32
32
31
30
25
29
37
41
41
43
42
40
41
42
43
45
50
56
52
53
53
51
57
55
59
55
53
52
46
50
47
45
46
48
42
39
35
36
36
36
32
27
34
30
30
28
28
25
24
25
18
15
18
18
19
14
15
18
16
15
15
13
11
9
13
16
9
14
19
21
18
19
17
16
23
17
22
20
25
32
34
32
30
24
28
27
31
26
25
29
23
24
26
30
31
29
34
34
29
28
26
21
19
14
11
10
9
13
14
9
8
7
4
11
11
9
13
14
12
16
14
16
18
15
14
4
11
10
11
16
15
15
18
21
24
22
19
18
16
11
10
14
8
8
7
5
1
-5
0
0
5
-2
-2
-3
-4
-2
-3
-2
-7
-8
-7
-8
-3
-7
-11
-14
-14
-13
-18
-15
-23
-20
-17
-19
-14
-19
-12
-17
-21
-21
-21
-21
-21
-25
-21
-24
-22
-21
-27
-23
-26
-20
-22
-26
-27
-23
-26
-27
-22
-25
-24
-26
-25
-27
-28
-28
-33
-35
-38
-39
-40
-39
-37
-37
-37
-32
-32
-28
-27
-31
-29
-29
-32
-36
-35
-32
-37
-37
-44
-42
-40
-37
-37
-38
-37
-40
-37
-40
-38
-45
-52
-45
-45
-44
-37
-39
-44
-37
-36
-36
-38
-33
-28
-24
-24
-27
-22
-27
-30
-25
-27
-26
-18
-17
-9
-7
-7
-10
-14
-13
-11
-1
1
-1
-2
0
-4
-7
-6
-11
-11
-16
-20
-20
-23
-21
-24
-24
-22
-23
-21
-22
-19
-20
-22
-21
-19
-21
-17
-16
-12
-16
-24
-17
-19
-18
-16
-16
-17
-18
-13
-9
-11
-8
-10
-7
-1
-3
-1
-1
-3
-7
-4
-9
-14
-11
-8
-7
-8
-6
-4
-1
-2
2
2
-1
3
8
11
13
10
15
13
17
27
21
22
20
18
24
20
25
23
24
30
30
37
36
32
35
32
34
33
34
39
39
41
41
42
39
36
35
37
34
29
31
32
33
29
26
24
19
19
13
10
10
11
14
14
12
10
6
4
8
13
11
12
20
20
18
22
25
31
33
28
30
38
37
39
40
35
32
35
38
42
39
38
42
45
46
42
48
41
45
41
39
43
45
48
43
37
37
34
34
40
34
36
34
35
30
29
32
29
32
30
30
27
31
31
28
33
34
37
33
37
38
31
31
29
24
29
25
21
25
22
26
29
23
17
13
11
10
10
13
7
-2
-5
4
-5
-7
-8
-10
-4
-10
-11
-14
-18
-13
-17
-16
-19
-28
-30
-30
-22
-28
-27
-29
-30
-30
-34
-30
-36
-35
-36
-36
-40
-42
-37
-33
-36
-33
-32
-33
-33
-41
-46
-47
-49
-53
-51
-50
-51
-52
-48
-48
-51
-51
-43
-41
-42
-43
-48
-46
-47
-47
-36
-38
-38
-41
-46
-38
-38
-36
-34
-29
-26
-32
-31
-29
-26
-30
-31
-24
-22
-24
-24
-20
-16
-16
-21
-22
-17
-21
-18
-22
-22
-18
-18
-19
-13
-13
-15
-14
-14
-18
-13
-8
-9
-10
-15
-12
-18
-15
-13
-12
-10
-13
-10
-7
-8
-3
-3
-4
-5
-3
1
-6
-3
-4
-9
-9
-10
-11
-13
-17
-20
-26
-30
-27
-23
-25
-27
-29
-25
-26
-24
-27
-28
-25
-26
-24
-24
-23
-21
-26
-26
-24
-22
-21
-27
-31
-32
-25
-25
-24
-21
-16
-10
-2
-4
-1
0
1
2
2
2
8
12
16
16
15
20
18
20
22
24
24
29
34
37
42
35
32
33
32
33
32
31
37
35
35
42
45
44
45
53
55
57
64
62
60
55
52
51
52
58
60
58
55
55
49
49
51
41
46
47
48
49
53
54
51
51
45
45
48
54
56
56
57
52
44
35
37
42
39
41
39
40
39
40
40
37
39
33
33
36
33
31
31
28
24
16
18
14
16
18
15
16
15
11
12
12
17
19
13
16
15
19
13
10
17
14
14
13
11
9
8
10
8
14
11
9
7
7
9
10
14
11
11
18
15
13
13
9
14
9
3
2
0
4
9
6
2
0
0
1
0
4
1
-4
-10
-8
-9
-12
-13
-17
-17
-19
-23
-27
-33
-27
-27
-27
-30
-32
-30
-32
-36
-30
-34
-37
-37
-41
-39
-43
-44
-46
-51
-48
-45
-46
-46
-42
-38
-35
-39
-37
-30
-21
-22
-20
-11
-14
-10
-9
-11
-6
-4
-1
0
0
2
11
7
6
12
10
13
19
18
12
13
9
8
4
1
8
7
3
0
6
2
4
9
3
2
2
2
1
2
5
-1
-7
-12
-15
-20
-26
-30
-33
-31
-30
-28
-28
-29
-39
-45
-42
-40
-35
-39
-51
-53
-60
-61
-56
-57
-57
-54
-56
-56
-53
-51
-55
-51
-54
-59
-47
-46
-41
-38
-33
-40
-41
-36
-39
-31
-30
-33
-32
-26
-19
-25
-24
-25
-23
-21
-19
-14
-16
-14
-13
-18
-19
-19
-17
-12
-12
-16
-15
-15
-20
-18
-14
-16
-20
-25
-23
-19
-15
-14
-8
-4
-5
-1
-1
5
2
-2
-1
2
10
10
5
3
4
9
4
-1
-2
0
4
6
9
5
10
13
17
21
21
27
22
24
27
26
30
36
39
38
42
41
38
47
47
47
53
60
61
58
60
61
66
64
65
62
59
61
56
56
50
42
41
37
32
32
29
28
21
20
17
13
17
14
15
7
1
2
-5
-7
-8
-11
-13
-13
-11
-10
-10
-10
-15
-14
-13
-16
-7
-5
-3
0
-4
0
1
5
2
4
5
-1
5
6
14
17
18
22
21
21
20
21
19
20
23
19
19
21
20
16
16
15
13
16
14
16
18
11
14
11
16
18
17
21
14
12
14
18
18
21
20
20
13
16
20
20
24
21
25
23
27
24
21
20
16
15
11
12
11
13
18
16
13
13
11
13
10
11
16
12
9
7
8
9
3
1
0
-3
0
5
11
16
18
14
15
14
18
14
8
6
0
0
4
-1
-2
4
-7
-7
-6
-13
-12
-11
-8
-6
-8
-10
-8
-8
-13
-7
-11
-7
-7
-10
-8
-15
-12
-15
-12
-9
-12
-10
-6
-4
-5
-6
-13
-16
-19
-18
-21
-21
-17
-19
-23
-22
-23
-24
-22
-20
-23
-28
-33
-30
-28
-29
-31
-34
-37
-36
-38
-33
-32
-33
-28
-23
-22
-25
-27
-35
-33
-35
-40
-40
-42
-39
-35
-37
-40
-39
-40
-40
-43
-41
-43
-45
-43
-56
-57
-51
-53
-47
-43
-47
-47
-55
-55
-52
-50
-48
-47
-42
-36
-35
-34
-27
-33
-29
-35
-35
-31
-35
-26
-26
-27
-21
-22
-24
-24
-21
-22
-21
-17
-12
-7
-8
-6
-3
-1
2
5
6
6
6
8
11
10
11
13
19
14
18
19
17
19
18
26
19
20
21
24
29
31
32
30
33
29
28
24
23
21
23
27
27
26
25
27
28
27
23
24
18
22
23
25
25
21
20
21
20
21
23
20
17
16
11
10
13
14
13
14
16
10
8
8
8
6
7
5
2
6
3
1
6
5
7
2
1
10
11
16
18
21
24
24
25
25
25
25
27
27
27
30
27
25
26
30
29
26
24
25
28
28
30
37
30
35
30
20
20
23
24
23
19
20
21
18
20
17
17
20
17
24
24
19
21
12
16
19
14
22
24
15
18
18
17
21
12
18
20
19
23
22
26
30
23
22
23
15
10
13
17
18
20
16
17
17
16
20
22
21
21
24
26
25
23
26
24
23
25
25
20
19
17
19
13
11
11
9
11
7
12
7
10
11
5
8
4
-4
-4
0
-4
-4
-6
-10
-9
-9
-10
-13
-18
-19
-24
-26
-25
-28
-27
-27
-32
-29
-24
-20
-19
-20
-17
-20
-20
-25
-21
-23
-18
-9
-13
-9
-9
-7
-6
-5
-4
-1
-2
-2
-1
-4
-9
-14
-15
-18
-18
-21
-16
-17
-20
-18
-27
-31
-30
-27
-28
-28
-33
-33
-33
-32
-30
-31
-38
-39
-38
-36
-34
-37
-35
-31
-36
-42
-44
-42
-41
-42
-48
-45
-44
-46
-45
-48
-44
-41
-46
-48
-51
-50
-49
-52
-50
-46
-44
-44
-39
-39
-39
-38
-37
-40
-46
-49
-50
-46
-50
-51
-50
-49
-46
-39
-39
-43
-38
-35
-33
-30
-28
-24
-19
-15
-19
-18
-19
-19
-15
-18
-20
-14
-20
-21
-16
-19
-14
-12
-9
-8
-6
-8
-7
0
1
0
5
8
4
1
1
1
8
7
4
3
3
5
0
5
9
10
14
15
14
19
19
17
15
15
12
8
9
15
18
17
17
14
10
1
4
7
15
22
18
18
16
15
16
11
9
8
8
13
10
6
11
6
7
9
3
6
10
10
12
15
19
17
20
14
13
14
15
19
23
23
23
25
21
25
24
29
32
31
36
37
39
35
36
39
43
37
38
40
29
38
34
30
28
29
31
29
33
34
32
31
28
27
31
31
37
38
40
39
40
38
32
31
31
31
26
25
22
25
28
28
26
22
32
35
40
35
33
38
34
38
33
27
29
27
31
31
36
35
34
35
40
44
44
41
37
39
41
38
43
41
41
43
43
46
45
50
48
46
44
39
39
32
30
25
28
33
27
25
23
22
19
16
14
9
10
8
3
-4
-6
-3
-7
-10
-10
-19
-18
-17
-12
-11
-13
-15
-22
-26
-23
-29
-31
-24
-26
-28
-29
-29
-36
-41
-34
-34
-38
-34
-28
-36
-37
-38
-36
-33
-36
-40
-45
-43
-43
-43
-46
-45
-43
-47
-51
-55
-55
-60
-55
-54
-53
-55
-56
-53
-55
-56
-50
-49
-54
-52
-48
-49
-53
-54
-52
-45
-40
-38
-37
-37
-38
-29
-27
-27
-26
-25
-23
-17
-19
-20
-20
-19
-16
-17
-19
-16
-16
-24
-18
-16
-16
-13
-7
-3
1
6
4
2
-3
-2
-1
-6
-6
2
-3
-5
1
-5
-5
-4
-5
-7
-6
-6
-4
-3
-4
-2
-7
-11
-15
-20
-13
-14
-14
-10
-10
-12
-18
-24
-20
-21
-21
-15
-18
-15
-17
-19
-17
-19
-19
-18
-13
-10
-8
-8
-9
-11
-5
1
0
-6
-1
-2
-2
5
2
-3
0
-9
-9
-9
-9
-8
-8
-5
-7
-3
-5
-8
0
-1
1
5
9
9
12
10
7
7
6
9
5
13
14
15
12
8
10
4
6
12
14
16
16
10
10
15
13
15
13
11
17
19
21
21
18
22
23
26
26
32
35
40
43
44
48
51
56
62
62
63
63
68
65
63
62
59
68
59
61
60
57
60
58
62
52
53
51
49
47
46
44
40
40
40
35
31
31
28
35
28
31
32
28
29
23
23
22
19
16
21
19
12
11
9
6
8
7
9
11
12
10
3
-1
-2
-3
-5
-6
-11
-8
-7
-8
-9
-14
-13
-14
-8
-18
-19
-16
-21
-16
-15
-14
-12
-12
-13
-8
-10
-8
-11
-7
-3
-3
7
5
5
10
8
15
14
10
16
8
10
10
14
17
15
21
22
24
22
18
16
16
16
13
7
12
4
7
7
-1
0
-5
-5
-10
-9
-11
-16
-20
-16
-14
-8
-7
-7
-4
-11
-13
-12
-15
-16
-18
-23
-19
-15
-14
-21
-24
-16
-10
-7
-2
2
1
-2
4
1
1
1
1
6
4
5
3
1
-1
-1
4
2
4
5
2
6
6
3
-1
-4
-2
-2
-5
-11
-13
-18
-18
-17
-22
-20
-31
-29
-27
-31
-31
-34
-36
-39
-42
-44
-45
-48
-50
-49
-46
-48
-47
-46
-43
-48
-52
-51
-46
-48
-48
-46
-48
-52
-52
-46
-46
-48
-47
-52
-55
-52
-50
-51
-49
-46
-48
-42
-41
-39
-37
-40
-32
-27
-25
-22
-24
-20
-24
-20
-15
-20
-17
-16
-17
-20
-10
-11
-14
-10
-5
-8
-10
0
-2
-4
0
6
8
11
12
6
10
12
10
18
19
20
23
18
21
23
18
20
24
23
23
26
30
33
31
31
26
27
29
28
28
26
29
22
18
15
11
16
13
16
14
12
11
8
6
3
2
-3
-8
-19
-24
-27
-33
-33
-39
-43
-43
-51
-48
-46
-45
-42
-45
-41
-42
-47
-44
-47
-49
-42
-44
-40
-38
-44
-39
-32
-23
-22
-17
-11
0
8
12
17
18
22
28
32
35
32
35
34
31
35
44
49
43
50
56
56
58
55
52
52
53
52
51
42
42
42
42
40
32
33
28
24
22
18
18
16
14
13
14
17
16
13
10
3
9
7
4
4
6
12
10
12
12
11
12
17
22
23
21
17
19
19
17
16
16
19
13
19
22
21
28
30
36
40
42
42
48
47
45
48
52
53
51
52
50
51
56
57
51
58
62
66
69
65
59
57
61
58
63
60
58
55
50
49
42
34
31
30
24
21
21
23
22
17
10
11
0
-2
-8
-14
-13
-15
-15
-22
-33
-35
-42
-42
-40
-45
-40
-40
-39
-41
-44
-42
-45
-47
-47
-48
-48
-48
-49
-46
-48
-50
-51
-53
-53
-47
-48
-45
-44
-41
-39
-44
-44
-47
-42
-32
-26
-24
-27
-26
-24
-20
-18
-15
-10
-8
2
5
5
10
16
19
22
25
30
33
34
40
37
36
33
31
26
26
28
26
23
30
20
11
14
12
11
3
0
-6
-11
-13
-20
-28
-28
-35
-46
-50
-59
-66
-70
-75
-74
-85
-83
-84
-92
-87
-88
-82
-81
-80
-80
-85
-88
-81
-85
-81
-75
-76
-69
-68
-70
-63
-54
-48
-34
-32
-32
-26
-19
-20
-21
-13
-10
-6
-4
0
7
3
8
8
12
15
13
18
20
23
21
23
22
22
18
20
25
23
27
28
26
21
20
18
15
20
19
13
9
11
10
3
3
0
0
1
0
0
-5
-2
-10
-14
-17
-20
-27
-28
-30
-23
-21
-22
-20
-23
-23
-29
-29
-27
-25
-21
-15
-16
-18
-18
-13
-8
-7
-2
-3
3
5
10
14
14
14
19
24
27
34
30
34
35
39
46
49
49
45
48
52
56
58
57
58
54
62
66
63
57
48
46
46
43
44
40
42
45
43
41
36
33
33
32
34
33
27
28
26
27
26
27
26
21
20
22
25
29
29
24
22
20
21
25
22
23
25
28
36
34
31
33
28
25
31
30
28
30
34
29
23
22
20
28
26
29
27
30
26
26
30
33
37
34
39
35
39
40
39
45
41
41
45
43
46
46
45
47
42
42
44
37
39
38
36
30
28
28
19
18
15
11
11
5
-1
-9
-10
-9
-13
-14
-15
-25
-33
-28
-32
-30
-34
-35
-34
-35
-34
-33
-29
-32
-28
-36
-39
-38
-42
-40
-41
-40
-43
-38
-38
-35
-29
-29
-27
-26
-28
-30
-23
-23
-22
-20
-17
-20
-22
-18
-21
-17
-18
-20
-23
-21
-24
-30
-25
-32
-28
-27
-27
-23
-28
-34
-32
-38
-32
-29
-30
-29
-28
-27
-33
-24
-24
-21
-14
-17
-14
-16
-10
-10
-9
-14
-16
-19
-11
-9
-10
-11
-20
-16
-20
-19
-24
-28
-26
-26
-26
-30
-37
-39
-38
-39
-40
-42
-46
-48
-49
-56
-54
-52
-54
-48
-49
-49
-53
-51
-51
-52
-51
-49
-45
-48
-43
-41
-39
-38
-36
-27
-21
-14
-9
-11
-11
-10
-11
-8
-8
-9
-7
-4
-4
-1
-7
-5
-4
-7
-3
1
-6
-4
-2
-8
-3
-6
-8
-10
-6
-4
-1
2
5
7
5
4
8
6
6
7
7
6
-4
-11
-9
-9
-9
-7
-7
-6
-4
-7
-5
-3
-3
2
-1
3
4
0
1
-2
1
1
4
0
-2
2
2
5
12
15
11
10
10
8
12
9
7
4
5
10
11
6
1
3
2
2
5
4
8
12
12
17
24
21
24
31
29
29
31
31
33
35
37
35
30
26
31
33
28
34
35
35
38
35
35
31
31
25
30
28
26
25
21
30
33
37
37
37
39
49
53
45
45
41
41
43
41
40
39
42
46
50
48
46
42
37
32
34
29
24
25
26
23
27
25
23
18
19
17
10
14
8
4
-2
-6
-6
-10
-14
-18
-22
-15
-10
-11
-9
-11
-13
-13
-9
-3
-3
1
0
3
6
4
8
5
4
8
5
7
9
12
13
14
19
19
15
16
17
17
12
18
21
11
11
9
11
10
12
18
16
20
22
22
17
12
13
7
5
2
4
7
5
5
3
3
2
-3
-6
-11
-16
-19
-17
-21
-23
-24
-24
-22
-23
-24
-24
-30
-31
-38
-40
-40
-44
-37
-42
-47
-49
-50
-43
-40
-45
-45
-48
-48
-45
-40
-43
-42
-35
-37
-34
-32
-35
-35
-33
-29
-32
-28
-28
-27
-24
-24
-22
-16
-10
-11
-9
-7
-13
-9
-3
-3
-5
-2
-3
-7
-1
2
4
8
10
10
12
8
5
6
6
4
0
0
-1
-6
-11
-12
-11
-12
-14
-20
-18
-19
-22
-18
-13
-14
-14
-12
-9
-9
-11
-8
-10
-14
-15
-13
-11
-15
-11
-15
-9
-12
-13
-9
-13
-10
-11
-13
-14
-10
-11
-8
-8
-8
-3
-4
-5
-6
-7
-6
-2
-3
-6
-4
-3
4
6
7
12
11
13
8
8
11
11
8
8
14
12
12
14
18
19
17
19
11
14
14
11
16
13
8
8
6
2
5
4
0
-2
-9
0
-7
-11
-4
-10
-5
-9
-5
-9
-5
-4
-4
-1
-2
9
5
5
9
1
-3
-4
-4
-3
0
5
0
0
-7
-6
-7
-13
-9
-11
-12
-8
-5
-1
1
-3
-1
0
0
1
-2
0
3
-1
-2
0
3
2
2
4
4
7
6
6
1
2
2
4
6
8
11
17
21
18
24
26
25
24
28
33
34
34
33
34
32
35
45
47
50
49
49
51
46
43
45
40
38
46
46
46
45
49
50
50
47
43
40
36
31
29
26
20
17
17
11
15
17
21
24
16
10
5
7
11
15
16
15
12
12
4
2
2
3
8
8
9
7
9
12
15
1
-1
3
5
8
16
14
10
17
17
19
15
17
11
14
16
15
13
13
16
12
13
18
18
17
17
16
12
16
27
19
19
17
17
17
12
15
13
15
13
3
-3
-6
-14
-18
-23
-22
-23
-27
-30
-37
-39
-44
-48
-45
-56
-51
-52
-55
-51
-57
-52
-48
-52
-54
-47
-52
-53
-47
-45
-40
-40
-36
-38
-41
-42
-43
-44
-41
-33
-31
-27
-26
-23
-21
-23
-25
-23
-17
-9
-3
1
4
9
4
4
-1
-4
-4
-6
6
2
7
3
-1
5
0
1
-2
2
-1
2
7
9
6
0
4
-3
-5
-3
-6
-7
0
0
-9
-9
-7
-10
-14
-18
-16
-18
-20
-22
-31
-35
-34
-32
-33
-35
-33
-33
-32
-36
-47
-46
-51
-51
-52
-57
-54
-54
-52
-52
-50
-49
-54
-54
-50
-46
-42
-38
-36
-41
-36
-31
-38
-35
-32
-29
-26
-17
-20
-22
-18
-16
-12
-14
-11
-4
-3
-4
0
-3
-3
-6
-3
-2
0
-2
0
5
1
4
7
4
3
3
2
4
7
8
11
11
11
14
7
7
11
17
20
20
18
14
15
16
20
18
18
20
14
14
12
6
3
0
1
-1
5
2
6
9
8
12
14
12
13
12
17
13
17
15
11
11
11
9
8
14
14
20
25
29
29
29
35
41
42
50
57
56
58
62
62
63
71
70
69
72
76
78
82
86
80
74
75
70
69
66
67
73
74
79
73
74
71
67
68
62
61
55
54
53
44
43
42
40
35
30
26
21
22
18
3
6
3
-1
0
-5
-7
-9
-15
-21
-21
-25
-26
-25
-27
-25
-24
-25
-23
-24
-27
-24
-20
-16
-12
-14
-7
1
-4
-1
4
5
10
11
14
11
17
19
17
17
16
22
27
26
30
36
36
32
30
25
22
24
18
14
22
17
14
13
8
13
10
11
8
2
6
5
3
-5
-5
-13
-21
-30
-37
-39
-41
-50
-50
-47
-54
-58
-57
-60
-63
-65
-68
-69
-78
-73
-78
-77
-67
-71
-73
-75
-78
-75
-70
-67
-61
-64
-55
-51
-48
-46
-45
-35
-29
-25
-26
-19
-15
-16
-13
-16
-18
-17
-14
-15
-7
-11
-12
-10
-9
-3
-4
2
-2
-5
0
2
4
3
4
-2
-2
-2
-8
-3
-5
-8
-5
-9
-7
-8
-13
-6
-5
-2
-9
-3
1
-5
-3
-11
-13
-8
-12
-13
-18
-18
-16
-16
-17
-14
-12
-10
-9
-5
-9
-9
-5
-12
-6
-14
-14
-8
-6
-3
-5
-9
-13
-9
-6
-9
-10
-11
-13
-7
-9
-7
-1
-4
-9
-8
-11
-7
-8
-6
-1
-5
-11
-8
-2
-1
-1
-3
-1
1
3
6
4
6
7
14
11
13
23
13
15
14
14
16
12
16
11
18
17
16
13
13
18
22
24
19
21
20
20
16
13
9
5
2
-3
-5
-11
-7
-7
-6
0
-2
-2
-1
5
1
-1
7
10
10
11
11
5
3
3
1
3
9
12
14
16
11
14
17
19
17
15
19
17
19
25
29
29
26
21
29
30
29
33
35
39
33
40
41
42
44
43
51
55
50
50
51
48
44
44
48
44
44
49
48
49
47
44
45
44
45
50
49
47
49
44
44
40
40
36
35
28
23
17
8
13
16
14
14
18
10
9
9
7
6
5
1
-2
0
-8
-3
-3
-5
-10
-13
-8
-13
-13
-6
-5
-6
-10
-8
-9
-13
-9
-10
-16
-11
-10
-10
-7
-8
-9
-10
-9
-8
-5
-4
-1
-3
3
1
-2
-5
-10
-10
-9
-10
-3
-7
-8
-2
-14
-8
-12
-12
-10
-15
-12
-11
-12
-10
-14
-17
-18
-17
-14
-22
-15
-16
-22
-23
-24
-25
-28
-22
-28
-32
-29
-32
-30
-38
-43
-39
-46
-45
-50
-58
-56
-55
-54
-60
-60
-58
-58
-57
-55
-47
-47
-51
-49
-40
-43
-39
-38
-39
-38
-39
-34
-35
-31
-36
-35
-31
-33
-28
-33
-39
-38
-40
-40
-46
-47
-44
-39
-31
-28
-27
-31
-28
-25
-23
-18
-17
-14
-9
-12
-9
-4
-5
-9
-11
-12
-6
0
0
3
-1
3
3
-2
5
1
-3
0
3
2
-2
-6
-14
-15
-15
-14
-14
-10
-12
-8
-2
-3
3
4
6
5
6
13
19
19
16
14
18
22
20
11
17
15
16
18
13
14
14
18
20
18
16
9
6
1
5
6
5
4
-3
-5
-7
-2
-4
0
-5
-14
-10
-6
1
4
3
6
6
-1
4
4
8
7
11
18
21
20
16
18
18
21
19
26
31
36
33
30
32
28
32
29
29
30
25
28
30
24
26
25
25
19
16
19
15
16
12
8
9
10
5
8
3
0
-3
-13
-15
-16
-11
-9
-14
-18
-16
-12
-12
-11
-17
-17
-15
-13
-7
-8
-10
-6
-2
1
5
0
1
4
5
7
8
9
11
11
17
21
15
23
30
31
29
26
32
32
32
34
37
42
43
41
39
36
34
35
34
30
31
33
30
31
34
32
31
28
18
16
15
17
15
7
5
2
-1
-1
-3
0
-3
1
2
0
1
-4
-3
-9
-8
-10
-8
-10
-6
-7
-13
-11
-17
-14
-12
-9
-8
-3
0
5
3
1
7
4
6
9
12
15
20
22
26
21
11
10
9
8
12
14
17
19
13
11
13
13
7
9
10
8
9
13
9
3
-3
-6
-3
-4
-6
-3
-1
-2
-4
-3
-5
-8
-11
-18
-19
-14
-11
-15
-21
-22
-22
-30
-25
-25
-27
-24
-24
-25
-25
-31
-35
-36
-36
-33
-29
-29
-33
-31
-34
-31
-32
-40
-35
-33
-28
-24
-28
-28
-25
-17
-14
-15
-14
-12
-9
-13
-3
4
6
10
7
10
13
14
9
14
14
15
15
12
18
20
28
25
25
24
21
24
20
20
14
15
17
15
14
7
4
2
-2
-1
2
-3
0
0
-1
-5
-13
-18
-19
-21
-21
-13
-14
-14
-21
-25
-22
-26
-24
-21
-18
-16
-18
-17
-16
-15
-16
-17
-19
-18
-12
-11
-12
-11
-7
-13
-12
-7
-5
-5
-7
-7
-4
-2
-3
-1
-1
-2
-8
-9
-6
-13
-16
-18
-18
-23
-23
-25
-28
-29
-32
-25
-25
-27
-27
-31
-29
-34
-37
-34
-31
-33
-26
-25
-25
-25
-23
-21
-21
-19
-15
-11
-9
-5
-9
-3
0
-5
-4
2
6
4
6
3
10
10
8
14
15
20
18
22
21
15
15
15
21
19
18
17
18
15
9
13
11
11
17
19
23
26
23
21
26
24
25
30
30
29
29
30
25
28
30
30
34
37
42
40
39
44
40
37
42
43
42
48
45
50
48
43
46
45
52
50
47
51
52
53
50
50
49
43
42
36
37
40
39
33
31
34
32
34
32
29
23
18
22
23
23
26
25
22
21
17
16
18
15
18
19
20
14
13
10
10
15
19
21
26
26
20
22
16
15
11
8
14
13
19
17
16
15
11
15
16
21
21
21
23
17
12
14
12
12
17
17
25
20
15
15
10
7
1
-1
-1
0
2
-4
-2
-2
-7
-10
-11
-21
-24
-26
-25
-27
-36
-37
-43
-37
-41
-37
-42
-42
-42
-48
-40
-47
-45
-47
-45
-37
-33
-31
-32
-28
-26
-24
-17
-19
-11
-9
-11
-8
-12
-11
-12
-10
-11
-10
-8
-11
-8
-13
-19
-21
-21
-23
-24
-26
-24
-27
-35
-32
-37
-42
-41
-43
-43
-46
-47
-48
-49
-47
-49
-48
-50
-50
-51
-55
-56
-53
-54
-52
-50
-55
-49
-46
-46
-45
-43
-36
-36
-30
-31
-31
-25
-30
-34
-30
-24
-22
-20
-17
-20
-23
-18
-11
-10
-15
-13
-11
-14
-10
-11
-19
-17
-19
-21
-24
-25
-22
-28
-26
-28
-30
-32
-30
-33
-36
-37
-40
-40
-44
-45
-42
-41
-41
-43
-43
-46
-45
-42
-41
-40
-41
-41
-42
-42
-45
-38
-38
-33
-30
-34
-35
-35
-32
-27
-20
-16
-10
-6
-2
-3
2
-3
2
11
13
18
13
14
21
26
30
31
35
35
39
38
37
41
39
40
46
44
42
44
40
40
42
39
37
37
39
45
45
45
48
42
41
41
34
33
33
32
31
31
29
28
25
28
27
28
29
32
37
41
41
38
34
37
39
37
41
46
41
41
40
37
39
34
36
41
41
38
42
42
41
45
44
42
39
40
50
51
55
52
50
55
47
53
59
55
59
56
58
66
65
61
61
59
64
65
64
67
64
63
62
56
55
52
54
58
52
50
49
44
43
44
45
48
46
48
47
41
35
32
36
32
31
27
25
23
20
16
16
10
9
3
-5
-3
-7
-1
-5
-5
-17
-22
-21
-25
-25
-32
-33
-31
-26
-29
-30
-33
-31
-31
-32
-37
-39
-35
-36
-36
-32
-32
-36
-34
-34
-36
-34
-34
-43
-42
-42
-40
-38
-37
-28
-32
-31
-31
-38
-41
-39
-43
-42
-34
-29
-25
-27
-31
-32
-28
-24
-25
-31
-29
-28
-27
-27
-27
-23
-25
-24
-25
-25
-30
-30
-21
-21
-23
-21
-30
-31
-28
-28
-27
-30
-27
-29
-32
-26
-29
-30
-35
-31
-31
-34
-36
-41
-46
-53
-56
-61
-61
-65
-71
-66
-60
-62
-66
-68
-72
-74
-74
-68
-68
-63
-58
-61
-59
-56
-58
-52
-46
-52
-49
-45
-39
-37
-38
-36
-36
-33
-35
-35
-31
-26
-22
-14
-10
-3
-1
-4
-6
-5
-6
-5
-3
-5
-7
-5
2
2
3
-4
1
-3
-3
6
0
9
4
4
6
5
2
3
6
0
3
2
-3
-2
-6
-4
-3
-8
-4
-6
-1
4
6
8
7
10
11
6
6
9
5
6
5
3
8
3
0
1
7
4
8
10
11
15
15
15
23
29
24
29
31
32
38
44
47
52
53
53
58
62
68
70
73
75
74
72
74
70
72
78
77
77
71
73
75
73
68
62
61
60
67
69
65
67
69
67
68
61
58
60
58
58
56
62
62
52
53
52
50
45
45
47
43
44
40
41
33
31
33
26
25
25
23
22
19
16
19
22
19
15
17
14
12
7
8
5
0
1
5
6
6
6
4
3
-1
2
-6
-9
-4
2
7
6
11
17
21
24
22
24
21
23
25
23
27
30
32
27
28
30
27
33
28
22
25
21
23
18
15
16
10
12
8
3
0
-4
-5
-5
-12
-17
-24
-27
-33
-39
-40
-40
-45
-49
-51
-50
-48
-54
-59
-61
-64
-69
-65
-68
-68
-69
-69
-65
-71
-72
-69
-62
-59
-56
-53
-53
-42
-44
-43
-35
-38
-35
-39
-32
-28
-27
-23
-22
-20
-24
-24
-20
-24
-26
-19
-20
-17
-16
-16
-14
-9
-9
-7
-2
-12
-7
-6
-4
0
-3
-5
-4
-8
-12
-18
-21
-22
-23
-20
-27
-31
-33
-37
-38
-36
-38
-41
-41
-44
-46
-46
-49
-50
-52
-57
-54
-52
-57
-65
-66
-69
-70
-68
-69
-73
-67
-66
-66
-68
-75
-76
-77
-75
-75
-75
-68
-61
-57
-52
-57
-49
-45
-42
-40
-36
-30
-32
-21
-17
-15
-10
-11
-10
-7
-5
-1
5
8
14
17
14
18
18
24
22
19
28
23
25
27
24
25
26
25
26
24
25
27
30
36
33
36
39
37
36
30
32
30
33
31
29
34
31
31
23
18
19
16
16
13
13
13
16
16
24
25
23
23
23
21
22
27
24
22
21
26
18
16
16
17
18
21
25
25
28
28
25
30
29
28
33
35
41
44
43
47
52
54
58
53
53
55
65
70
74
77
74
76
75
73
71
75
69
68
65
63
65
59
60
54
48
47
47
47
44
37
33
27
24
22
12
9
9
6
-4
-9
-14
-19
-18
-22
-23
-22
-21
-23
-29
-25
-28
-28
-20
-13
-15
-18
-24
-21
-20
-22
-19
-24
-23
-20
-18
-19
-13
-13
-13
-8
-6
-4
-3
2
2
0
-2
-3
1
5
8
7
11
5
3
8
12
8
8
8
2
4
3
1
-1
-1
6
6
7
2
3
5
1
-3
-6
-5
-10
-14
-11
-13
-16
-10
-13
-13
-10
-12
-5
-4
-6
-7
-8
-7
-7
-12
-14
-11
-6
-11
-17
-19
-17
-18
-18
-19
-24
-26
-25
-21
-22
-21
-18
-23
-22
-23
-26
-26
-19
-25
-27
-28
-36
-36
-29
-32
-29
-24
-21
-20
-21
-20
-22
-18
-18
-18
-18
-18
-23
-23
-20
-16
-19
-23
-19
-22
-18
-16
-6
-9
-10
-4
-3
-1
-3
-1
-5
-5
-7
-7
-6
4
4
2
4
1
0
3
5
5
2
1
0
-4
1
1
0
-1
-5
-11
-10
-15
-16
-17
-20
-25
-25
-24
-29
-28
-31
-32
-32
-38
-38
-38
-40
-41
-44
-43
-40
-42
-43
-38
-38
-39
-39
-38
-40
-40
-29
-24
-21
-17
-14
-9
-13
-7
-4
-2
5
0
4
7
7
12
19
15
20
22
25
21
21
23
28
30
31
32
31
33
33
32
30
26
23
24
18
21
24
30
31
28
28
23
20
19
19
18
17
15
16
11
5
7
6
9
9
5
6
4
5
6
7
8
7
6
7
8
5
3
2
1
-3
-5
-5
-5
-2
-1
-1
2
-2
-4
0
-4
-3
3
6
10
5
2
-5
-5
1
4
6
14
13
17
20
25
31
27
36
42
45
44
46
46
56
49
49
52
49
45
43
46
45
49
48
45
40
38
33
27
25
26
27
25
23
12
10
4
2
2
-3
-13
-12
-6
-12
-12
-12
-15
-12
-11
-11
-12
-10
-12
-20
-19
-22
-22
-24
-21
-19
-22
-21
-27
-27
-22
-22
-16
-14
-11
-8
-5
1
-1
0
5
3
8
13
11
11
15
15
18
19
13
21
19
21
21
25
32
30
34
30
29
39
37
47
49
50
55
47
44
43
46
47
44
44
49
49
50
49
47
44
45
41
34
40
36
37
27
22
21
14
17
9
2
1
1
-9
-14
-15
-16
-18
-21
-23
-24
-26
-32
-31
-29
-27
-30
-30
-29
-25
-23
-26
-27
-28
-26
-29
-31
-32
-29
-23
-30
-27
-27
-25
-20
-24
-21
-19
-15
-12
-11
-10
-9
-10
-12
-10
2
3
2
2
3
2
1
-1
1
-1
0
-3
-2
4
-1
1
-4
-3
-8
-11
-8
-11
-16
-19
-19
-24
-28
-30
-35
-34
-36
-37
-39
-39
-37
-42
-46
-48
-55
-59
-53
-53
-57
-53
-45
-49
-47
-51
-47
-46
-42
-39
-45
-41
-45
-40
-34
-39
-37
-32
-34
-29
-31
-32
-27
-26
-19
-15
-18
-15
-18
-16
-9
-10
-12
-14
-14
-13
-10
-9
-15
-18
-15
-5
-6
-10
-6
-6
-13
-13
-12
-12
-15
-20
-19
-24
-20
-25
-34
-35
-38
-33
-35
-42
-40
-36
-35
-40
-48
-45
-42
-42
-38
-33
-34
-30
-35
-32
-24
-21
-19
-14
-9
-6
-6
-7
-4
-2
-2
-1
4
10
10
12
20
24
30
31
37
37
35
36
31
33
32
36
38
43
51
48
48
48
39
37
34
28
26
23
21
24
20
14
15
15
13
6
4
10
7
5
1
-4
-3
2
5
9
12
5
0
6
3
2
4
8
12
10
19
18
20
18
19
24
23
24
27
32
30
36
38
44
47
52
54
55
60
55
57
58
58
62
63
61
65
67
74
72
77
77
73
76
71
65
63
59
59
65
63
64
65
71
68
67
67
63
64
57
53
48
45
42
30
25
27
19
17
19
15
13
11
4
0
-2
-9
-7
-7
-15
-17
-21
-20
-19
-18
-17
-13
-13
-10
-9
-8
-8
-6
-2
-4
1
-3
-3
4
-2
8
8
5
10
10
10
9
12
13
12
13
18
17
21
17
20
20
22
25
19
21
19
13
9
8
4
4
1
4
3
-2
1
-4
-5
-8
-15
-22
-15
-14
-20
-21
-24
-25
-28
-29
-27
-28
-37
-38
-38
-39
-44
-41
-40
-35
-34
-43
-43
-51
-53
-55
-61
-61
-59
-64
-61
-60
-56
-58
-58
-58
-65
-65
-70
-67
-65
-57
-51
-47
-49
-50
-56
-60
-54
-54
-49
-37
-28
-25
-27
-25
-22
-21
-18
-20
-20
-16
-12
-14
-12
-11
-12
-14
-17
-14
-15
-20
-18
-29
-31
-27
-29
-31
-32
-30
-36
-39
-35
-37
-44
-47
-53
-54
-59
-55
-51
-60
-63
-61
-66
-65
-65
-61
-56
-59
-59
-56
-52
-46
-45
-45
-41
-36
-35
-35
-32
-31
-30
-32
-29
-22
-18
-7
-4
0
2
3
7
6
12
19
20
22
25
27
26
27
22
23
27
29
35
40
40
44
44
47
48
48
50
50
53
49
63
46
58
32
41
101
34
27
88
50
15
83
63
13
59
51
0
52
73
4
22
33
28
25
21
23
4
16
-4
36
18
4
16
16
10
1
26
4
23
14
20
12
29
21
10
35
26
25
20
39
27
37
41
31
48
48
56
57
55
61
52
54
59
48
45
59
50
49
55
57
58
52
55
40
47
47
43
44
47
49
46
50
51
53
52
50
48
48
54
52
43
50
48
39
45
42
47
40
42
39
39
46
44
39
35
39
39
40
26
23
18
19
19
19
17
14
12
12
12
6
12
10
4
5
9
6
7
9
5
11
6
-1
0
1
-4
-2
2
-7
-7
-7
-10
-13
-17
-19
-27
-20
-25
-30
-28
-29
-26
-26
-25
-18
-19
-24
-19
-23
-27
-28
-23
-26
-24
-17
-18
-12
-11
-14
-19
-16
-17
-17
-14
-15
-13
-17
-18
-17
-16
-20
-21
-12
-14
-15
-12
-12
-12
-22
-24
-27
-32
-34
-39
-43
-54
-54
-56
-64
-62
-65
-71
-73
-72
-78
-79
-81
-79
-75
-76
-75
-76
-73
-69
-69
-72
-72
-67
-67
-69
-75
-76
-70
-67
-66
-61
-63
-55
-55
-61
-52
-47
-53
-54
-44
-47
-48
-43
-46
-42
-39
-37
-36
-29
-31
-33
-23
-24
-21
-20
-20
-16
-5
-13
-10
-9
-13
-13
-20
-20
-24
-24
-33
-36
-26
-26
-35
-36
-35
-41
-41
-34
-33
-37
-37
-32
-35
-33
-34
-31
-26
-26
-24
-21
-16
-6
-7
-15
-11
-7
-5
-1
-1
1
0
-3
3
-4
-2
10
13
11
12
11
10
13
15
10
10
16
13
20
24
19
20
25
23
15
9
7
7
4
5
4
10
10
3
11
13
6
9
15
11
22
27
18
15
21
18
19
23
22
26
23
18
20
29
32
32
35
40
43
41
43
45
40
44
47
40
49
55
55
57
58
52
55
50
47
52
46
43
41
49
48
50
50
48
45
53
49
40
44
47
45
41
43
41
46
52
54
55
53
52
57
56
49
55
53
47
55
62
56
60
59
56
52
50
58
55
52
48
53
52
53
54
51
51
46
44
44
42
37
37
32
34
34
33
31
31
25
16
18
24
26
27
25
17
17
14
13
10
4
8
2
-3
-1
-7
-4
-3
-10
-15
-9
-17
-15
-8
-18
-10
-12
-19
-15
-16
-6
-12
-15
-16
-24
-22
-32
-31
-31
-33
-28
-39
-37
-26
-22
-19
-20
-15
-10
-9
-3
-8
-6
-6
-7
-7
-9
-9
-15
-14
-5
-5
1
5
2
9
6
1
-3
-6
-6
-13
-18
-23
-27
-27
-31
-36
-39
-40
-37
-36
-36
-38
-40
-42
-52
-53
-59
-62
-58
-58
-55
-50
-50
-49
-48
-51
-52
-54
-54
-53
-55
-54
-57
-54
-46
-51
-51
-42
-44
-41
-40
-43
-34
-36
-38
-32
-31
-36
-33
-33
-34
-34
-43
-47
-42
-40
-42
-44
-40
-39
-39
-29
-24
-18
-17
-20
-21
-17
-17
-19
-19
-21
-21
-20
-21
-21
-23
-25
-21
-23
-19
-19
-17
-16
-24
-18
-13
-11
-11
-16
-13
-14
-10
-8
-9
-5
-6
-6
-2
2
-2
-3
1
-2
-4
-4
-8
-16
-14
-9
-13
-13
-11
-13
-7
-5
-5
-10
-12
-11
-12
-10
-13
-6
-1
1
2
12
15
15
11
9
9
7
5
2
5
11
14
9
8
4
1
1
3
1
-2
2
1
-2
-2
0
0
0
-5
4
0
1
7
4
6
8
11
16
15
15
14
11
16
15
12
16
16
23
29
27
35
29
26
28
27
25
26
29
28
35
43
43
49
46
44
48
47
42
44
50
55
57
60
70
67
68
72
66
66
67
72
71
76
74
71
75
70
73
67
68
65
72
64
63
62
54
63
57
54
56
57
49
51
45
40
38
34
30
28
31
31
34
26
30
29
23
19
13
10
8
7
9
13
13
13
15
15
15
23
27
15
15
11
6
10
5
10
15
18
11
14
8
6
4
4
7
6
4
0
2
-6
-3
-8
-10
-9
-8
-7
-11
-16
-18
-15
-16
-14
-14
-15
-15
-14
-12
-12
-11
-6
-1
8
6
4
5
3
7
7
7
4
8
9
8
10
7
10
8
7
9
6
5
8
3
-3
-2
-5
-5
-15
-21
-24
-25
-25
-26
-19
-18
-18
-23
-30
-30
-33
-39
-40
-42
-44
-41
-48
-49
-51
-54
-53
-55
-55
-52
-47
-48
-53
-54
-57
-62
-62
-60
-61
-57
-48
-48
-47
-37
-36
-38
-40
-43
-40
-44
-44
-44
-44
-41
-43
-34
-32
-34
-31
-28
-28
-32
-28
-39
-42
-46
-34
-36
-28
-52
-79
-27
-42
-50
-34
-34
-65
-57
-38
-57
-47
-45
-61
-65
-50
-61
-56
-61
-74
-66
-89
-93
-95
-90
-88
-107
-90
-97
-97
-56
-53
-37
-35
-55
-50
-37
-41
-30
-12
-18
-19
-6
-2
-3
18
5
7
5
5
14
-2
-3
-3
-10
-12
-5
-1
-3
-2
-5
-12
-10
-14
-10
1
7
16
23
34
41
44
49
49
45
53
57
62
64
57
50
49
55
53
53
62
62
60
61
59
56
53
50
46
46
52
42
35
37
37
41
42
48
48
46
45
45
49
47
49
56
52
53
47
39
44
44
40
43
43
36
40
35
30
28
26
29
25
25
21
26
23
23
26
26
26
35
36
41
40
32
31
30
34
36
40
36
38
45
35
28
34
38
34
36
40
36
36
37
33
31
31
24
32
33
34
32
30
32
25
28
34
40
36
36
35
29
24
22
25
24
21
22
29
31
29
26
32
26
21
13
3
8
3
-4
-5
-7
-10
-8
-6
-5
-3
-4
-5
-3
4
-5
-1
-1
-5
3
5
4
3
4
7
12
4
2
2
2
4
-4
-4
-6
-13
-14
-6
-10
-19
-18
-19
-33
-26
-21
-24
-19
-18
-8
-16
-12
-9
-11
-15
-14
-12
-21
-28
-29
-16
-18
-22
-15
-9
-17
-24
-18
-12
-17
-29
-25
-21
-32
-29
-27
-25
-35
-46
-34
-31
-41
-41
-35
-40
-43
-45
-46
-47
-49
-45
-48
-51
-51
-55
-53
-46
-44
-42
-47
-46
-52
-51
-53
-58
-60
-61
-56
-63
-54
-50
-54
-65
-70
-59
-60
-54
-56
-54
-44
-39
-42
-34
-30
-39
-40
-35
-33
-33
-34
-27
-26
-22
-23
-20
-13
-22
-21
-17
-11
-17
-22
-22
-20
-16
-11
-8
-10
-17
-15
-12
-11
-10
-9
-4
-5
2
9
1
3
5
-10
-15
0
1
1
1
-3
3
7
7
5
5
11
3
1
3
0
-3
9
21
22
19
23
20
16
23
26
31
33
28
26
30
23
24
27
27
38
43
42
47
41
31
28
24
23
27
21
23
25
23
20
21
24
25
28
28
14
10
14
13
19
22
19
16
19
17
20
16
12
13
20
24
23
25
23
16
11
14
20
16
6
4
5
8
6
2
2
4
2
2
2
-5
0
-1
2
12
12
16
19
19
19
15
20
17
23
27
29
39
39
43
48
49
49
59
64
61
52
50
49
49
55
53
43
35
37
33
30
27
22
29
36
38
39
36
25
16
18
23
24
20
24
18
14
16
23
21
20
24
25
22
17
15
9
9
13
17
14
14
17
11
3
0
2
6
12
15
12
3
0
5
1
7
7
1
6
-5
-12
-13
-14
-20
-15
-10
-10
-5
-7
-11
-11
-16
-14
-16
-19
-16
-14
-20
-20
-16
-29
-29
-28
-21
-18
-22
-29
-35
-30
-30
-22
-17
-1
7
9
13
7
14
18
20
23
26
24
15
12
6
11
10
5
9
15
24
19
12
13
11
18
21
21
18
-1
-6
-9
-20
-13
-13
-14
-10
-18
-32
-27
-21
-31
-25
-19
-17
-24
-30
-34
-33
-43
-52
-40
-40
-42
-45
-46
-48
-48
-50
-55
-43
-53
-65
-54
-48
-50
-57
-59
-58
-58
-54
-56
-54
-49
-52
-47
-37
-42
-52
-42
-40
-36
-22
-16
-25
-20
-15
-11
4
3
5
7
19
23
14
9
10
14
16
24
40
44
35
33
29
30
39
33
37
36
19
10
8
10
0
2
8
9
4
-4
-10
-17
-23
-19
-28
-21
-21
-36
-42
-41
-41
-47
-39
-27
-27
-34
-40
-38
-27
-25
-27
-28
-25
-31
-39
-33
-22
-19
-24
-23
-13
-7
-17
-22
-22
-21
-26
-18
-22
-19
-7
-24
-28
-23
-18
-12
-4
2
-12
-13
-2
-15
-12
-5
-14
-15
-9
-6
-8
-10
-12
-15
-12
-1
-3
7
25
19
13
5
6
2
12
21
16
14
9
10
13
24
24
16
15
12
9
6
0
1
13
18
19
30
31
18
10
16
24
19
21
33
34
27
22
26
26
25
29
37
48
41
20
22
38
41
54
63
57
56
53
46
49
50
31
35
40
38
36
26
20
18
21
29
34
22
13
16
15
12
14
9
11
26
17
4
2
1
-9
-1
13
17
18
14
9
7
17
8
8
13
20
27
31
36
20
11
16
16
20
27
23
16
16
13
13
24
28
26
22
24
21
9
9
9
-2
0
13
12
3
-4
-9
-8
-10
0
2
3
2
-7
-9
-4
-3
6
13
9
4
-1
-2
2
12
21
21
11
12
14
21
28
27
36
35
34
27
27
34
28
29
34
41
32
21
28
34
33
25
20
33
33
20
19
16
19
16
22
18
9
5
-2
-6
-12
-17
-20
-23
-21
-18
-25
-29
-25
-32
-48
-39
-45
-56
-52
-48
-51
-55
-58
-58
-48
-44
-53
-49
-46
-60
-66
-56
-52
-60
-56
-54
-42
-40
-47
-55
-56
-48
-50
-29
-18
-27
-44
-48
-33
-29
-24
-19
-18
-29
-35
-30
-23
-15
-17
-17
-8
-1
-13
-32
-18
-2
5
8
14
0
-19
-24
-18
-12
-6
0
-7
-9
-11
-21
-28
-22
-14
-15
-15
-15
-27
-27
-24
-28
-26
-18
-22
-29
-33
-35
-40
-47
-30
-23
-29
-32
-38
-38
-38
-31
-36
-29
-32
-39
-29
-24
-15
-15
-13
-11
-8
-19
-24
-10
-4
2
0
-2
-3
-3
1
-2
10
10
7
10
10
6
1
9
7
10
15
13
8
5
-5
-13
5
10
13
25
28
22
21
14
9
27
27
23
31
28
16
25
31
25
36
46
36
40
34
30
22
16
10
7
23
19
15
6
5
6
6
-4
-9
-4
-11
-13
-15
-15
-19
-12
-1
3
14
3
-2
-1
2
4
12
12
6
17
20
26
25
18
21
28
26
24
37
44
33
19
14
16
25
32
27
26
29
26
22
24
22
29
34
32
41
49
47
31
33
34
33
52
55
53
61
60
60
62
51
48
60
64
67
66
54
51
64
55
44
48
47
42
48
41
39
43
24
30
42
33
21
22
17
8
19
15
10
17
11
5
-3
-5
-12
-11
-9
-14
-15
-24
-28
-26
-29
-29
-29
-14
-11
3
11
-4
3
7
15
21
19
24
28
25
18
18
26
25
26
25
21
24
19
11
8
3
-2
-6
3
0
7
2
-6
-7
-16
-6
-1
-8
-13
-11
-8
-5
-5
-5
-2
-5
-6
-2
6
-3
-26
-36
-42
-34
-25
-27
-41
-42
-43
-53
-45
-40
-50
-46
-45
-52
-51
-47
-49
-57
-54
-44
-44
-41
-35
-41
-38
-33
-30
-30
-14
-8
-9
-1
5
0
-6
-3
2
0
-7
-2
-6
-4
-1
-2
-3
-6
-5
-3
-6
-13
-19
-16
-22
-30
-22
-16
-20
-33
-42
-36
-29
-38
-39
-35
-34
-42
-53
-48
-47
-56
-54
-49
-46
-46
-54
-58
-56
-60
-65
-61
-60
-60
-55
-57
-59
-53
-56
-65
-54
-46
-55
-49
-55
-55
-51
-50
-44
-47
-44
-45
-45
-46
-35
-30
-34
-24
-29
-22
-16
-16
-18
-9
-12
-14
-8
-15
-14
-4
0
-5
1
4
5
15
17
19
16
22
24
21
23
15
13
20
33
17
10
25
11
7
16
13
11
15
11
11
10
7
6
16
28
31
34
32
36
33
26
31
42
47
48
47
42
46
42
32
38
52
50
47
48
36
24
23
20
18
31
21
11
10
1
0
2
7
2
2
-5
-2
4
3
11
11
17
24
20
11
21
23
8
20
28
24
24
20
27
34
35
35
39
37
33
28
25
32
37
34
31
37
31
16
12
22
25
24
33
30
24
19
22
27
31
29
27
19
12
8
7
18
17
18
21
30
31
20
8
8
15
32
32
35
35
17
28
39
43
39
42
46
44
52
48
43
38
36
37
39
45
47
38
43
46
35
31
28
20
7
13
19
14
9
4
7
18
22
23
18
22
22
10
11
15
13
16
23
24
26
19
2
-9
8
16
2
-6
-14
-29
-30
-26
-30
-21
-27
-32
-35
-41
-43
-57
-64
-58
-45
-41
-52
-48
-49
-58
-52
-43
-42
-41
-42
-42
-43
-47
-50
-45
-37
-34
-33
-21
-18
-24
-24
-23
-16
-20
-33
-38
-38
-40
-44
-46
-47
-45
-51
-56
-50
-47
-61
-66
-62
-54
-52
-61
-62
-58
-53
-51
-44
-48
-48
-54
-46
-31
-29
-25
-31
-36
-36
-31
-37
-35
-33
-38
-26
-15
-14
-13
-10
-7
2
-3
-7
3
5
9
19
26
26
17
12
17
24
32
28
29
25
20
20
29
29
28
21
14
23
24
14
2
8
5
1
8
0
-7
-11
-8
-4
-9
-9
-13
-13
-6
-7
-14
-25
-31
-29
-19
-13
-10
-13
-26
-27
-24
-23
-25
-30
-31
-28
-31
-29
-33
-40
-39
-33
-18
-13
-16
-24
-33
-24
-21
-17
-10
-15
-18
-8
2
1
3
5
4
17
15
20
22
14
26
32
41
27
18
18
12
24
29
35
42
42
31
29
26
25
33
34
34
31
27
29
24
22
19
28
26
17
15
9
7
-1
2
7
18
21
19
23
21
19
8
7
12
16
8
-1
5
7
8
14
24
21
16
14
14
26
35
32
35
32
27
24
28
36
46
45
36
41
39
31
22
25
30
30
31
36
50
44
31
25
20
22
24
23
27
40
34
29
34
36
45
46
52
64
66
68
57
52
60
57
65
75
70
73
77
71
63
60
59
51
43
39
42
45
47
31
29
32
26
23
26
22
16
14
6
1
-8
-12
-14
-15
-20
-25
-32
-33
-26
-17
-11
-11
-14
-24
-30
-32
-41
-45
-25
-9
-15
-20
-31
-30
-29
-32
-27
-22
-18
-18
-25
-22
-22
-13
-3
-5
2
9
5
-2
-13
-14
-16
-14
0
5
13
3
-5
-7
-4
3
-2
-10
-7
-9
-13
-5
-9
-16
-13
-20
-16
2
10
-7
-21
-18
-26
-29
-27
-25
-20
-27
-47
-52
-55
-51
-46
-48
-41
-41
-38
-42
-54
-54
-58
-59
-51
-53
-56
-53
-64
-66
-56
-50
-48
-51
-53
-64
-67
-68
-74
-55
-47
-45
-44
-38
-34
-29
-26
-20
-14
-17
-12
-5
-1
-9
-16
-17
-25
-12
4
3
6
-13
-22
-24
-22
-12
-22
-18
-18
-26
-17
-15
-19
-28
-40
-36
-29
-18
-17
-23
-27
-20
-12
-12
-21
-17
-25
-33
-19
-6
-3
-9
-11
-8
-4
-14
-21
-23
-22
-22
-21
-19
-22
-32
-28
-27
-26
-23
-23
-24
-30
-20
-21
-23
-26
-29
-27
-24
-19
-28
-28
-28
-29
-23
-19
-26
-33
-33
-34
-25
-21
-28
-31
-45
-51
-41
-32
-23
-15
-6
0
3
1
3
10
14
13
9
12
14
18
26
27
34
34
27
34
34
35
40
32
40
46
41
47
37
36
43
40
36
33
31
26
34
48
42
48
52
47
51
53
58
68
71
49
43
39
36
32
41
54
54
57
37
43
51
39
41
35
39
39
25
26
33
41
38
36
41
46
38
31
34
38
39
42
47
42
55
61
45
45
52
56
67
70
63
59
56
41
41
46
39
41
54
57
60
66
50
52
62
66
67
64
50
50
56
52
56
53
43
29
37
41
40
45
40
30
23
20
17
14
10
8
14
24
26
8
-7
-13
-20
-25
-21
-21
-26
-24
-35
-41
-45
-53
-55
-51
-44
-46
-36
-41
-51
-49
-52
-51
-43
-37
-33
-30
-31
-41
-53
-45
-39
-40
-25
-14
-7
-17
-26
-30
-39
-28
-18
-16
-17
-15
1
0
-9
-11
-2
2
-2
12
10
3
-9
-8
-2
7
5
-4
6
3
6
8
12
10
-8
-17
-13
-16
-23
-30
-31
-21
-17
-20
-35
-39
-44
-49
-33
-26
-31
-28
-29
-36
-36
-38
-40
-40
-43
-45
-52
-47
-56
-78
-74
-69
-64
-61
-58
-55
-65
-77
-82
-79
-72
-69
-58
-55
-61
-53
-58
-63
-56
-52
-36
-19
-14
-22
-38
-41
-37
-32
-23
-6
5
-8
-11
-16
-33
-24
-7
7
18
9
-6
-26
-29
-24
-14
2
12
20
16
4
-7
-8
-9
1
1
6
18
13
5
-4
3
9
17
29
36
37
27
15
3
-2
-3
2
18
23
25
25
10
-4
-3
3
18
29
26
15
1
-14
-11
-1
1
6
10
20
16
9
0
-14
-6
0
15
37
33
16
8
4
2
13
30
31
31
29
20
22
24
15
19
29
30
13
13
28
27
26
28
20
18
24
20
29
29
14
6
6
18
20
24
18
18
28
24
34
23
18
27
30
26
21
18
-3
-1
1
0
1
5
9
8
14
4
2
5
3
14
23
29
28
22
16
23
24
11
8
21
24
29
37
36
39
39
22
18
26
30
30
35
41
45
50
54
69
70
64
61
52
56
71
69
76
86
80
72
59
66
79
80
80
81
77
64
43
38
42
52
63
60
53
50
28
12
14
24
34
28
12
8
4
-5
-9
-11
-5
-3
-1
-2
-25
-44
-45
-41
-37
-19
-17
-29
-42
-57
-51
-38
-29
-34
-35
-34
-40
-38
-38
-44
-48
-45
-39
-26
-15
-19
-19
-14
-23
-24
-29
-39
-34
-21
-23
-12
-10
-15
-14
-12
4
-3
5
12
3
6
0
-8
-9
-7
-3
3
4
-2
-20
-17
3
8
11
4
-5
-6
-17
-26
-17
-17
-5
-3
-11
-9
-25
-32
-22
-20
-14
-6
-12
-17
-32
-42
-43
-44
-35
-23
-17
-22
-31
-45
-61
-49
-41
-43
-39
-47
-50
-54
-58
-54
-48
-41
-41
-34
-32
-31
-30
-36
-44
-37
-22
-11
-6
-5
-10
-29
-26
-31
-37
-15
3
-3
1
-6
-17
-8
-10
-14
-8
1
-5
-16
-14
-24
-31
-19
-15
-7
-5
-16
-26
-22
-26
-27
-26
-26
-28
-26
-22
-28
-28
-39
-47
-38
-34
-34
-34
-36
-41
-49
-57
-51
-48
-35
-27
-23
-29
-42
-47
-47
-40
-29
-23
-23
-27
-37
-38
-36
-35
-34
-19
-1
-5
-9
-17
-19
-17
-14
-19
-23
-15
-13
-9
9
18
5
-6
-6
-1
-6
0
2
2
0
-1
2
5
1
-1
0
4
20
27
28
33
31
25
30
35
38
42
47
39
32
30
20
18
12
21
22
18
20
22
33
27
32
35
34
30
28
28
29
33
30
28
25
25
23
25
26
34
42
33
27
30
36
42
44
41
33
34
33
25
32
44
41
38
27
29
41
34
29
29
29
28
37
38
35
27
19
26
34
46
40
34
22
15
20
16
20
21
23
26
29
33
24
17
17
24
34
42
49
45
34
39
34
30
33
37
45
47
34
22
13
8
13
7
15
18
12
20
16
7
5
-11
-9
5
11
9
8
5
1
-2
6
0
2
7
5
15
8
-2
-6
-8
-3
10
10
14
8
-11
-12
-9
-15
-15
-11
-7
2
-2
-17
-23
-19
-23
-9
9
4
-12
-11
-12
-12
-6
0
6
-1
-5
-8
-14
-16
-20
-23
-12
-2
-10
-15
-9
-8
-11
-12
-2
5
0
-3
-7
-5
-4
-1
-9
-10
-10
-13
-17
-16
-20
-31
-33
-34
-33
-26
-21
-28
-32
-31
-32
-28
-23
-23
-21
-24
-24
-14
-18
-19
-23
-27
-24
-17
-12
-18
-20
-28
-27
-29
-16
-15
-23
-23
-26
-26
-30
-27
-31
-24
-18
-23
-23
-29
-30
-33
-31
-24
-28
-20
-19
-22
-19
-18
-12
-10
-15
0
5
-1
-3
-7
-12
-17
-13
-14
-16
-14
-15
-16
-11
-7
-8
1
0
-11
-20
-25
-31
-34
-49
-62
-50
-54
-49
-44
-39
-38
-42
-36
-42
-37
-44
-44
-36
-31
-27
-20
-19
-23
-17
-13
-15
-15
-14
-12
-4
-4
-9
-6
-7
-10
-15
-10
-9
-20
-18
-16
-19
-18
-28
-26
-14
-7
12
16
9
-1
-6
5
11
10
11
14
16
16
15
24
29
24
31
39
41
37
32
22
25
32
30
37
34
28
21
18
17
23
37
43
45
49
39
21
19
21
31
37
42
44
37
26
24
31
29
35
40
47
53
52
50
32
16
28
43
46
50
54
47
37
39
40
40
48
51
45
43
37
28
28
38
37
31
37
37
29
19
14
21
33
35
28
19
15
8
2
-2
-4
0
-3
10
12
10
10
-2
4
7
18
24
14
14
7
9
12
9
13
20
26
30
33
26
16
13
13
17
21
29
24
23
15
10
16
18
24
20
26
22
5
-7
-13
-4
7
12
13
20
19
9
3
4
11
12
22
35
39
25
6
1
5
11
19
25
22
25
26
25
21
14
13
16
24
19
13
4
-8
-11
-16
-13
-16
-8
-5
-9
-10
-28
-37
-37
-35
-29
-19
-15
-19
-28
-40
-50
-57
-48
-35
-24
-18
-27
-33
-40
-42
-34
-30
-32
-32
-20
-14
-15
-25
-32
-40
-39
-33
-20
-11
-6
-9
-15
-24
-36
-35
-34
-31
-31
-23
-21
-20
-25
-25
-29
-35
-31
-29
-19
-13
-15
-20
-28
-43
-51
-42
-28
-27
-27
-36
-43
-38
-34
-25
-27
-29
-31
-39
-45
-43
-47
-45
-41
-43
-46
-55
-56
-59
-53
-39
-30
-30
-43
-52
-55
-53
-53
-52
-47
-39
-35
-33
-32
-34
-31
-24
-25
-25
-27
-23
-17
-19
-19
-23
-24
-22
-13
-9
-8
-1
8
8
1
11
10
6
14
10
17
29
30
32
35
34
39
46
45
52
57
50
50
49
49
43
40
34
32
37
35
36
38
33
27
28
31
25
25
21
17
20
9
6
2
-10
-14
-17
-7
-7
-9
-16
-19
-13
-16
-14
-13
-10
-12
-14
-10
-8
-11
-11
-1
0
6
10
11
18
10
8
12
10
7
12
16
17
25
26
23
25
22
23
26
28
33
34
29
27
17
27
34
32
39
37
40
40
46
50
43
38
39
41
35
38
43
36
39
49
55
56
53
47
46
50
50
56
51
47
43
38
40
37
33
35
44
48
44
35
23
20
17
12
17
13
14
10
14
13
7
2
-2
5
6
9
15
15
9
8
9
-3
-2
-2
-4
-4
-3
-7
-17
-14
-19
-14
-7
-9
-13
-21
-28
-24
-32
-30
-29
-32
-28
-27
-23
-30
-37
-40
-40
-41
-27
-19
-24
-30
-38
-38
-38
-32
-27
-26
-20
-18
-25
-24
-25
-28
-25
-16
-15
-12
-18
-23
-25
-26
-26
-25
-21
-24
-24
-23
-22
-16
-16
-14
-6
-6
-4
-1
-5
-16
-15
-9
-9
-7
-6
-5
-4
-5
-12
-15
-12
-6
-4
3
5
0
-15
-18
-18
-22
-18
-19
-13
-6
-5
-4
-1
0
-7
-7
-2
-5
-3
-5
-7
4
-1
-3
-2
5
5
5
12
14
16
8
2
2
-5
-6
-4
1
5
-2
-6
-7
-13
-23
-23
-18
-11
-11
-19
-26
-29
-27
-23
-24
-28
-19
-18
-18
-20
-20
-24
-27
-30
-34
-35
-33
-37
-43
-40
-43
-31
-30
-28
-21
-17
-15
-19
-19
-15
-11
-10
-7
-7
-8
-12
-11
-8
-10
-9
-2
6
7
10
16
17
9
7
11
12
20
17
21
12
9
9
13
21
24
28
29
32
31
30
29
32
35
35
32
38
50
50
56
46
44
45
42
44
42
41
33
28
28
24
21
24
38
33
26
15
3
2
-3
1
5
11
8
7
-4
-11
-8
-13
-11
-8
-6
-10
-15
-18
-23
-20
-11
-14
-10
-9
-17
-26
-26
-22
-15
-6
-2
2
2
-5
-7
-12
-13
-8
-9
-8
-12
-9
-10
-11
-11
-23
-16
-2
-4
-3
-2
-12
-11
-16
-20
-11
-10
-10
-5
-4
-4
-6
2
6
8
6
14
27
20
22
24
23
24
28
26
20
17
20
17
18
19
22
22
16
21
20
19
22
23
25
24
25
21
17
17
12
16
19
22
27
27
31
31
29
24
17
10
5
19
23
23
18
8
4
7
4
11
15
12
3
-3
1
3
7
4
2
7
8
7
3
-4
3
8
14
18
17
17
8
8
8
0
6
6
14
16
9
5
5
1
4
8
11
16
17
18
17
16
16
10
11
16
15
19
13
4
-8
-7
-3
-2
4
7
4
1
1
-4
-8
-11
-10
-13
-11
-13
-16
-17
-27
-31
-33
-35
-45
-44
-45
-50
-55
-54
-53
-58
-56
-62
-63
-61
-64
-54
-49
-47
-50
-53
-48
-39
-44
-42
-34
-29
-23
-20
-17
-10
-2
-4
0
1
9
10
12
20
23
24
27
35
32
30
32
24
19
23
24
27
29
30
31
31
25
22
26
25
27
28
29
29
24
16
9
8
10
5
10
9
6
2
5
2
-3
-2
-13
-11
-19
-29
-34
-34
-35
-37
-44
-50
-51
-50
-52
-52
-49
-50
-58
-53
-45
-45
-44
-53
-55
-58
-56
-54
-53
-50
-44
-40
-40
-42
-48
-47
-46
-42
-35
-37
-40
-42
-39
-36
-36
-34
-30
-26
-30
-29
-32
-38
-36
-37
-32
-27
-26
-24
-27
-26
-27
-24
-26
-30
-33
-37
-31
-30
-32
-35
-39
-37
-33
-30
-25
-25
-26
-20
-18
-17
-15
-13
-10
-5
-3
-4
-4
-10
-6
-4
1
4
2
4
-1
3
5
1
3
10
18
25
28
27
32
32
42
47
51
51
52
52
50
54
52
54
58
60
60
61
53
48
50
45
42
41
38
41
50
55
58
59
56
60
58
61
66
60
52
53
59
60
65
68
63
64
64
70
69
58
54
47
53
57
55
47
41
35
33
35
35
32
34
30
34
38
35
32
25
27
32
31
31
32
24
24
24
22
29
25
15
13
22
15
16
13
8
4
2
3
2
4
1
12
15
13
10
4
1
5
5
8
10
13
14
16
21
19
25
24
20
28
31
36
30
20
14
17
17
12
16
14
14
18
20
22
20
17
12
12
12
9
10
4
-5
-4
-7
-8
-8
-12
-13
-8
-8
-12
-14
-12
-15
-18
-22
-23
-20
-26
-22
-23
-18
-20
-27
-23
-27
-29
-33
-35
-36
-33
-28
-27
-25
-27
-34
-38
-41
-45
-52
-59
-54
-50
-41
-40
-41
-39
-41
-38
-34
-26
-26
-25
-17
-19
-15
-13
-13
-9
-8
-10
-2
-1
0
-2
-11
-17
-15
-18
-23
-14
-14
-12
-14
-14
-16
-16
-19
-18
-17
-14
-15
-16
-9
-14
-21
-27
-31
-27
-27
-31
-33
-33
-38
-38
-38
-40
-45
-47
-49
-52
-50
-50
-51
-57
-59
-57
-62
-57
-57
-59
-57
-52
-44
-51
-52
-52
-52
-52
-48
-45
-48
-44
-45
-41
-40
-46
-43
-44
-51
-49
-48
-47
-44
-47
-47
-43
-32
-25
-22
-21
-28
-25
-20
-16
-15
-10
-8
-1
3
2
1
2
9
20
24
26
32
33
35
34
33
29
30
31
37
43
39
44
44
44
42
42
49
43
43
43
41
45
39
36
37
43
41
39
40
40
39
31
29
30
24
26
20
19
20
20
23
22
19
24
26
23
26
22
27
27
33
36
36
38
43
46
51
60
57
62
67
76
81
82
81
81
75
72
80
83
85
80
75
77
77
74
73
74
74
72
66
62
64
61
57
51
49
50
52
52
50
46
46
50
47
47
49
52
50
52
52
49
56
53
47
47
40
37
38
42
44
43
46
41
36
27
18
12
2
-4
-4
-9
-12
-11
-21
-26
-26
-24
-24
-20
-26
-26
-28
-31
-31
-30
-27
-24
-18
-15
-7
-6
3
5
13
13
9
13
10
12
7
12
17
15
14
15
17
15
19
15
12
14
9
5
-1
-3
-9
-11
-10
-15
-18
-20
-31
-27
-23
-30
-35
-38
-48
-42
-43
-46
-51
-53
-58
-62
-59
-66
-67
-73
-71
-68
-65
-67
-70
-73
-77
-80
-79
-81
-83
-81
-87
-86
-84
-83
-81
-85
-89
-89
-87
-84
-78
-76
-73
-64
-57
-55
-52
-47
-45
-44
-39
-31
-28
-26
-27
-26
-21
-18
-15
-15
-9
-10
-12
-8
-6
1
2
9
13
12
11
6
8
12
8
1
-6
-11
-8
-15
-21
-20
-26
-25
-23
-24
-25
-29
-31
-34
-37
-42
-50
-56
-57
-55
-48
-45
-52
-55
-59
-60
-53
-56
-47
-44
-45
-35
-33
-28
-26
-29
-29
-27
-21
-20
-17
-18
-16
-21
-23
-19
-11
-11
-17
-13
-12
-12
-17
-19
-11
-10
-5
-2
-5
-5
-4
-3
0
0
2
6
2
2
-5
-4
-9
-18
-9
-9
-9
-6
-4
-1
0
-2
3
6
6
8
9
8
6
7
11
11
8
6
11
8
11
16
17
17
27
35
27
26
33
36
42
45
42
47
47
47
49
45
39
50
53
47
48
50
54
53
56
57
60
61
59
59
65
62
55
61
62
69
70
72
74
69
70
65
60
52
48
42
45
41
40
47
42
43
41
41
46
47
46
44
44
39
37
35
38
31
33
41
35
38
33
31
31
32
29
34
37
35
42
38
39
42
40
38
41
40
38
35
36
38
40
42
42
31
32
34
26
27
22
20
19
20
21
21
21
15
14
12
12
7
1
-5
-10
-5
-7
-10
-10
-14
-16
-13
-14
-20
-21
-29
-36
-38
-35
-37
-39
-40
-43
-37
-35
-35
-34
-40
-41
-34
-33
-31
-25
-22
-25
-21
-23
-27
-35
-30
-22
-21
-16
-14
-13
-19
-22
-22
-25
-34
-37
-36
-33
-35
-41
-43
-44
-45
-50
-36
-39
-39
-38
-39
-34
-34
-35
-36
-39
-40
-39
-44
-36
-38
-34
-37
-36
-39
-43
-43
-40
-37
-35
-36
-39
-36
-41
-35
-32
-34
-32
-36
-36
-39
-40
-38
-35
-35
-34
-31
-30
-26
-23
-17
-12
-14
-14
-8
-8
-9
-10
-15
-13
-8
-3
-7
-6
-4
-3
2
1
-2
3
-8
-9
-9
-12
-11
-18
-20
-15
-10
-9
-11
-20
-19
-16
-14
-11
-11
-18
-17
-16
-13
-15
-16
-7
-11
-7
-4
-5
-6
-12
-12
-6
-7
-3
-6
-12
-8
-6
-5
-5
-7
-5
2
14
16
18
13
9
8
11
12
12
16
14
16
13
17
20
17
16
13
15
22
24
20
23
19
15
20
25
22
19
26
23
24
26
25
27
20
21
22
17
16
20
20
20
22
18
25
32
30
33
37
31
30
36
37
42
44
39
37
36
31
31
29
27
20
24
21
23
31
20
24
24
26
25
28
31
30
28
30
24
25
21
19
22
20
23
23
30
28
25
26
22
29
31
32
33
31
34
35
32
30
31
31
36
40
47
48
51
53
50
49
46
49
41
40
38
35
30
21
22
16
18
20
19
18
17
15
14
10
10
13
15
20
17
11
13
9
7
4
-2
-2
-9
-8
-8
-9
-7
-5
-5
-4
-3
-3
-2
-7
-5
-9
-13
-10
0
10
8
4
-1
-5
-6
-5
-8
-9
-10
-7
-16
-18
-16
-21
-21
-27
-30
-28
-19
-17
-19
-24
-27
-27
-31
-25
-21
-24
-23
-18
-19
-20
-18
-23
-21
-19
-15
-9
-3
-2
0
6
5
6
2
-2
3
10
7
7
1
-1
-3
-1
4
5
2
3
-3
-8
-10
-20
-21
-24
-28
-23
-18
-20
-23
-18
-23
-19
-17
-22
-23
-28
-27
-20
-23
-22
-24
-30
-29
-29
-29
-33
-34
-34
-30
-34
-31
-34
-32
-31
-31
-22
-23
-24
-23
-22
-14
-16
-21
-21
-24
-19
-25
-23
-28
-28
-29
-32
-26
-21
-21
-23
-19
-21
-21
-19
-18
-23
-27
-30
-23
-18
-21
-23
-24
-21
-22
-15
-13
-17
-15
-20
-19
-15
-15
-17
-17
-16
-19
-18
-18
-22
-19
-19
-17
-19
-20
-23
-23
-17
-14
-10
-11
-7
-6
-12
-12
-7
-3
-4
-5
-6
-10
-5
-3
-5
-2
3
8
9
8
3
9
12
9
7
7
8
3
5
5
8
1
0
-4
-2
5
-4
-5
-5
-11
-15
-14
-16
-17
-14
-16
-18
-23
-20
-19
-24
-19
-13
-14
-18
-15
-17
-15
-13
-14
-12
-8
-10
-7
-8
-6
-3
-2
0
2
9
11
13
12
15
16
19
30
32
29
29
28
31
34
39
39
40
40
40
41
38
40
37
34
32
32
28
29
32
27
19
17
20
11
15
16
16
19
13
14
12
14
14
14
17
16
21
22
25
22
20
22
22
27
27
29
29
29
30
27
27
31
33
34
43
44
47
43
37
36
31
29
33
34
29
25
24
26
17
15
19
19
26
29
33
36
29
37
37
27
24
20
20
20
21
23
22
14
12
13
14
11
15
7
3
8
11
6
2
-1
-10
-9
-8
-13
-16
-21
-22
-17
-21
-26
-26
-32
-39
-40
-37
-28
-26
-23
-20
-23
-19
-16
-20
-19
-15
-9
-4
-5
-3
-12
-10
-6
-8
-6
-5
-1
-2
-4
3
2
0
-7
-9
-5
-7
0
-5
-13
-11
-8
-3
-1
-1
-4
-7
-6
-6
-10
-8
-8
-3
-5
-12
-6
-4
-10
-14
-15
-21
-22
-29
-31
-26
-26
-28
-27
-26
-24
-22
-21
-16
-19
-26
-26
-22
-22
-10
-11
-18
-21
-22
-18
-21
-21
-23
-29
-27
-28
-34
-39
-41
-44
-43
-43
-50
-48
-46
-43
-45
-45
-47
-50
-45
-44
-37
-35
-34
-34
-36
-34
-35
-29
-25
-35
-33
-26
-33
-32
-27
-25
-28
-24
-24
-18
-15
-15
-8
-8
-10
-6
-2
-3
-1
1
8
9
9
7
10
7
4
4
6
7
11
14
19
15
8
8
9
8
7
10
2
-5
-3
2
-1
-2
-2
-6
-16
-14
-8
-16
-17
-9
-13
-16
-15
-12
-10
-9
-1
1
-3
-10
-9
-8
-9
0
-4
-9
-7
-2
4
2
3
4
3
-1
7
15
9
16
24
23
13
26
33
25
29
39
31
21
28
24
21
24
35
39
33
30
40
43
42
57
54
50
55
53
57
59
61
58
56
62
62
49
43
49
45
44
49
59
52
39
43
34
20
20
24
12
6
8
13
5
-4
-4
-17
-20
-16
-12
-16
-18
-21
-15
-17
-25
-21
-21
-13
-10
-9
-8
-10
-15
-23
-20
-14
-5
-4
-1
5
5
9
10
4
0
-4
0
17
22
19
28
24
22
24
34
38
26
38
42
40
42
47
42
28
32
39
34
41
59
62
48
46
46
29
16
28
32
21
32
45
24
5
19
13
-10
2
22
17
-1
7
8
-23
-31
-19
-29
-41
-24
-9
-36
-37
-25
-35
-38
-24
-16
-26
-21
-14
-23
-37
-25
-21
-27
-17
-2
-8
-15
-3
-13
-20
-13
2
2
9
18
14
6
3
6
6
18
21
17
20
23
20
17
19
16
20
38
48
46
46
41
26
23
33
40
40
34
36
32
23
23
20
7
4
0
-5
-6
-1
-7
-13
-20
-27
-21
-23
-16
-15
-8
-17
-30
-36
-44
-44
-41
-47
-51
-42
-45
-48
-44
-38
-37
-46
-38
-35
-31
-26
-35
-36
-45
-43
-39
-43
-40
-44
-44
-40
-37
-40
-34
-33
-30
-31
-29
-31
-36
-30
-32
-36
-39
-45
-38
-36
-32
-30
-37
-39
-33
-33
-26
-22
-27
-32
-31
-26
-15
-18
-16
-20
-20
-21
-18
-17
-20
-21
-30
-33
-35
-22
-11
-6
-4
-8
-14
-15
-16
-13
-8
1
4
-1
-9
-8
-20
-13
-9
-13
-3
4
6
0
-9
-13
-32
-29
-19
-7
-1
-8
0
-5
-15
-9
-14
-15
-3
0
5
8
18
17
10
24
22
16
18
14
17
8
8
13
-2
7
9
7
4
5
9
11
14
24
19
31
41
34
35
31
32
35
36
40
32
30
33
33
41
45
62
62
60
49
40
37
38
35
31
33
30
25
26
32
24
13
16
12
9
13
23
17
9
-4
-15
-21
-26
-25
-32
-31
-36
-34
-40
-40
-30
-31
-24
-21
-6
-22
-21
-23
-31
-28
-31
-34
-36
-29
-18
-8
-3
7
2
5
17
11
23
29
38
31
27
40
37
38
37
40
33
43
63
73
60
61
31
25
27
34
45
46
54
50
43
52
48
43
46
52
43
43
47
37
33
26
28
24
25
27
33
32
43
43
33
34
29
14
4
0
7
9
3
10
-7
-23
-20
-10
-4
8
24
20
7
-6
4
-12
-18
-14
-14
-10
4
9
-3
-21
-12
-20
-15
8
10
21
2
9
-1
-9
6
-3
5
23
11
13
16
12
0
1
4
10
6
16
26
4
13
0
-1
-8
-7
-1
-14
7
-3
-6
-12
-6
-1
1
10
2
-20
-15
-13
-17
-1
-5
-19
-20
-21
-10
-22
-17
-25
-43
-25
-30
-26
-33
-31
-42
-52
-33
-25
-29
-17
-21
-35
-42
-42
-40
-47
-32
-27
-23
-34
-30
-40
-55
-46
-42
-47
-45
-43
-40
-59
-57
-55
-49
-30
-29
-18
-23
-19
-23
-19
-12
-18
-21
-16
-14
-6
6
-3
-4
-9
-18
-17
-29
-13
-11
-8
-12
-24
-12
-38
-23
-19
-22
-23
-25
-18
-29
-18
-21
-16
-8
-4
0
-2
-1
4
2
2
9
-3
0
-3
-10
-13
-23
1
-21
2
12
-8
-8
-25
-29
-35
-27
-9
-17
-5
-3
-25
-18
-27
-22
-38
-39
-10
-22
-8
-4
-28
-39
-59
-41
-39
-28
-19
-27
-35
-32
-26
-29
-25
-15
-12
-20
2
-16
4
-5
-13
4
-14
10
5
13
9
-1
10
6
4
21
18
32
33
25
20
6
21
42
44
37
27
20
24
42
63
53
45
29
35
36
50
37
55
54
50
64
48
61
44
47
55
69
61
71
67
77
84
65
78
55
76
77
75
77
63
59
59
62
48
49
35
57
46
48
54
29
38
7
28
27
22
43
19
29
12
4
6
8
14
28
15
25
26
24
42
29
35
10
9
-10
-5
-1
-1
24
15
32
33
29
28
31
34
25
38
48
61
67
54
48
26
33
44
47
46
36
-3
-4
-17
20
40
45
55
6
3
-17
-6
0
-2
10
6
6
30
29
33
17
5
10
-7
16
12
28
26
2
-10
-31
-38
-17
-12
8
-10
-24
-20
-45
-20
-29
-31
-39
-37
-18
-11
-12
-15
-58
-59
-72
-59
-41
-48
-36
-44
-40
-29
-20
-18
-25
-32
-31
-41
-13
-6
13
13
7
9
-15
-6
-11
-8
-2
6
9
22
20
24
5
-4
-14
-13
-4
-8
-10
-30
-40
-38
-45
-35
-29
-51
-55
-63
-45
-33
-28
-35
-69
-67
-49
-33
-34
-54
-57
-59
-59
-57
-77
-79
-90
-112
-123
-105
-84
-123
-145
-118
-89
-125
-173
-178
-150
-146
-129
-121
-126
-144
-165
-102
-65
-29
-56
-116
-116
-102
-43
-4
-3
-29
-61
-67
-41
-24
-26
-54
-45
-36
-19
-4
-13
-37
-63
-65
-30
-13
-31
-39
-37
-27
-25
-12
-14
-31
-27
-13
-3
13
22
33
17
12
24
16
7
8
27
30
23
15
9
15
30
35
42
44
44
34
35
37
39
36
31
30
31
31
39
44
44
44
40
52
59
65
75
75
75
81
90
95
90
92
90
97
106
109
110
108
104
108
101
99
106
99
92
81
74
66
53
49
45
36
27
18
24
22
24
21
28
13
2
12
13
17
27
31
29
36
31
39
33
33
32
27
26
28
39
32
49
53
51
46
34
32
38
30
31
39
36
42
33
33
29
19
23
14
7
-2
1
-1
-9
2
5
-7
-18
-18
-28
-29
-32
-29
-39
-43
-47
-55
-50
-45
-38
-51
-47
-42
-30
-40
-43
-40
-50
-37
-27
-31
-35
-29
-36
-31
-21
-15
-15
-23
-27
-28
-27
-23
-23
-27
-24
-10
6
26
47
53
49
67
83
90
107
112
113
120
134
144
156
155
162
162
164
157
141
137
134
136
127
115
106
109
108
107
102
97
94
96
79
41
22
21
49
59
49
32
41
44
60
78
41
23
20
84
77
28
18
43
31
4
6
-80
-149
-153
-117
-107
-143
-179
-260
-282
-218
-143
-167
-287
-335
-319
-195
-94
-139
-233
-290
-257
-149
-106
-138
-171
-176
-156
-141
-86
-121
-166
-198
-173
-125
-175
-189
-179
-182
-214
-217
-193
-234
-256
-205
-184
-228
-269
-256
-234
-219
-213
-237
-268
-245
-200
-161
-159
-197
-249
-249
-125
93
274
354
345
252
193
163
253
356
398
386
331
329
358
419
421
315
134
-15
-88
-78
-46
-44
-103
-230
-293
-307
-298
-274
-311
-333
-360
-302
-167
-37
80
166
227
267
312
368
450
506
587
619
647
634
574
565
527
495
442
363
301
253
212
166
50
-52
-146
-187
-161
-131
-85
-117
-165
-211
-255
-240
-208
-172
-152
-137
-81
-39
-10
1
-30
-57
-98
-113
-77
-29
37
33
-11
-43
-62
-51
-42
-63
-101
-143
-155
-126
-83
-63
-95
-150
-211
-277
-306
-288
-295
-287
-337
-354
-396
-428
-418
-477
-469
-525
-487
-454
-367
-251
-211
-133
-21
241
520
709
662
501
348
402
611
816
897
770
634
532
604
671
637
463
150
-58
-156
-113
-78
-143
-284
-420
-499
-481
-424
-387
-374
-410
-367
-294
-116
76
246
383
427
482
523
612
705
746
726
678
641
693
734
742
658
473
308
168
151
148
118
23
-138
-248
-268
-190
-119
-137
-207
-326
-394
-371
-314
-251
-235
-249
-246
-237
-172
-117
-102
-119
-194
-222
-229
-164
-66
-17
11
-13
-40
-48
-28
6
-10
-69
-147
-202
-146
-83
-69
-71
-139
-207
-273
-287
-272
-293
-298
-347
-370
-365
-374
-347
-355
-349
-351
-357
-327
-302
-262
-209
-166
-140
-162
-171
-138
-39
180
425
602
597
459
288
206
258
343
381
353
308
317
405
502
521
382
159
-63
-174
-170
-114
-80
-105
-167
-210
-218
-227
-259
-341
-444
-499
-463
-377
-243
-134
-64
-37
-57
-68
-51
-23
24
48
61
95
135
200
272
332
340
291
228
198
215
248
269
257
196
148
147
168
177
160
90
-31
-127
-180
-182
-184
-217
-251
-275
-270
-246
-206
-177
-192
-212
-191
-129
-56
32
91
128
176
227
260
234
207
198
215
247
231
189
141
120
113
80
34
-60
-161
-164
-113
-68
-79
-156
-237
-261
-207
-137
-115
-141
-164
-139
-88
-47
-47
-89
-137
-157
-142
-105
-104
-143
-187
-244
-273
-297
-329
-340
-329
-294
-272
-255
-271
-288
-288
-268
-217
-172
-130
-73
15
127
245
323
345
309
255
215
192
199
203
204
189
154
132
104
62
13
-71
-158
-231
-252
-220
-177
-159
-194
-229
-253
-227
-175
-125
-91
-79
-47
6
94
186
269
334
360
384
430
487
507
511
485
435
399
405
455
484
479
438
357
256
236
239
221
193
165
123
126
200
242
243
177
96
-7
-35
-1
68
125
140
127
91
114
152
170
114
22
-12
1
30
82
128
103
30
-75
-150
-162
-157
-138
-137
-157
-253
-270
-212
-182
-188
-264
-329
-356
-323
-256
-247
-288
-353
-381
-347
-327
-346
-420
-461
-464
-460
-453
-447
-476
-516
-512
-399
-211
-60
18
-7
-76
-116
-86
32
135
191
195
208
293
431
546
553
426
246
103
48
76
82
50
-55
-158
-207
-216
-221
-297
-418
-537
-599
-557
-450
-319
-197
-116
-70
-15
72
185
289
347
363
397
484
634
784
877
899
852
793
746
717
672
609
509
423
397
405
428
392
295
159
46
-10
3
38
33
-17
-98
-128
-116
-68
-24
-38
-89
-144
-174
-146
-89
-80
-131
-171
-183
-178
-118
-51
-53
-126
-236
-268
-239
-199
-168
-226
-292
-343
-327
-302
-347
-389
-471
-522
-508
-539
-500
-536
-521
-541
-633
-654
-777
-757
-766
-699
-683
-722
-767
-799
-726
-424
73
629
971
882
622
295
342
601
901
1020
815
664
633
853
1123
1063
698
112
-337
-419
-315
-171
-244
-507
-700
-787
-655
-555
-578
-701
-913
-903
-706
-320
90
334
482
528
625
799
951
1092
1071
952
882
873
1009
1105
1072
871
538
279
132
98
97
-15
-197
-411
-520
-467
-328
-173
-151
-231
-313
-360
-281
-163
-96
-85
-162
-164
-92
68
217
199
86
-122
-235
-228
-149
-50
-71
-107
-154
-140
-65
-57
-124
-277
-429
-456
-347
-193
-59
-62
-102
-156
-176
-174
-200
-247
-364
-428
-466
-474
-435
-447
-494
-584
-697
-801
-863
-923
-883
-820
-709
-380
88
756
1194
1302
1030
665
594
817
1188
1358
1204
977
850
981
1248
1255
1004
431
-83
-304
-327
-246
-361
-635
-865
-961
-813
-602
-470
-502
-694
-805
-804
-583
-250
59
327
497
682
906
1086
1230
1157
944
707
536
546
655
745
684
494
229
14
-140
-248
-373
-553
-762
-888
-835
-633
-360
-204
-215
-312
-436
-446
-369
-273
-208
-226
-230
-181
-51
138
228
189
30
-151
-227
-233
-129
-61
-10
0
21
114
211
287
233
107
-16
-52
-24
59
94
106
52
43
37
43
25
-87
-208
-377
-469
-465
-452
-377
-406
-499
-605
-733
-662
-631
-490
-406
-189
262
845
1357
1439
1170
807
676
852
1152
1274
1152
869
772
886
1096
1117
769
234
-296
-512
-525
-476
-556
-782
-961
-1032
-912
-744
-665
-729
-874
-953
-865
-625
-278
-2
212
362
477
681
845
975
931
737
539
400
439
544
570
485
245
11
-163
-261
-313
-458
-654
-875
-998
-935
-756
-558
-477
-522
-593
-630
-553
-452
-376
-380
-433
-411
-332
-155
-6
57
2
-167
-257
-286
-190
-99
-71
-46
-65
62
234
401
508
438
348
215
198
252
321
353
294
239
180
181
147
49
-130
-290
-427
-434
-394
-321
-334
-437
-527
-621
-642
-660
-628
-537
-136
511
1265
1676
1631
1255
866
814
983
1237
1206
959
721
733
1025
1287
1189
703
-50
-626
-871
-873
-806
-942
-1102
-1237
-1174
-935
-685
-616
-781
-1021
-1133
-993
-618
-182
181
389
521
680
858
1059
1098
915
595
307
219
300
454
509
362
102
-166
-317
-396
-497
-628
-876
-1064
-1076
-923
-599
-395
-316
-373
-503
-492
-397
-266
-180
-254
-305
-301
-156
44
165
165
40
-127
-220
-266
-241
-212
-218
-210
-213
-71
110
295
372
271
131
23
47
216
390
473
456
379
362
374
405
378
211
-63
-256
-319
-292
-238
-332
-474
-751
-874
-900
-680
-105
622
1392
1646
1532
1184
1003
1118
1272
1282
998
624
558
831
1325
1570
1334
741
-30
-517
-762
-907
-1109
-1445
-1573
-1484
-1158
-736
-532
-560
-828
-1072
-1110
-981
-697
-355
-1
386
780
1185
1476
1534
1316
905
463
200
115
155
200
175
116
69
45
-27
-234
-544
-878
-1095
-1068
-882
-548
-265
-66
85
118
115
-2
-174
-325
-415
-386
-231
-45
152
250
253
191
63
-34
-142
-169
-217
-221
-159
-47
139
272
345
311
197
127
56
53
3
-48
-76
-53
106
205
244
66
-215
-479
-678
-686
-711
-693
-776
-840
-996
-1025
-1051
-750
-36
943
1925
2220
2062
1569
1377
1521
1731
1609
1055
390
176
485
999
1250
892
255
-470
-814
-948
-1117
-1389
-1739
-1872
-1621
-1117
-473
-56
18
-75
-248
-273
-236
-189
-86
43
300
709
1072
1427
1465
1207
718
152
-212
-414
-435
-385
-348
-231
-65
107
256
146
-36
-348
-607
-679
-619
-292
30
303
458
398
218
-28
-295
-449
-609
-694
-692
-614
-381
-170
26
58
-65
-204
-360
-338
-236
-115
38
114
284
450
614
703
656
477
286
114
70
96
99
47
-160
-331
-547
-643
-710
-813
-910
-1118
-1261
-1282
-1366
-1422
-1570
-1702
-1155
-52
1543
2694
2794
2240
1391
1132
1298
1428
1142
260
-371
-292
416
1247
1287
741
-46
-688
-745
-865
-1132
-1507
-1834
-1465
-815
-84
500
512
362
123
-49
-69
-220
-322
-277
-80
356
728
990
1062
851
518
81
-162
-253
-236
-61
54
222
378
469
584
547
384
206
-122
-345
-454
-418
-106
160
406
441
255
-79
-404
-635
-743
-781
-822
-712
-521
-227
-21
59
-83
-290
-503
-591
-472
-322
-52
122
300
492
633
705
642
424
149
-37
-176
-126
-71
-20
-5
1
70
41
-38
-309
-579
-884
-1103
-1171
-1283
-1285
-1513
-1426
-662
718
2076
2538
2053
1103
582
668
1054
955
247
-653
-862
-226
729
1246
901
259
-294
-374
-213
-333
-740
-1145
-1097
-448
252
706
742
433
169
-42
-238
-499
-843
-965
-762
-329
122
389
559
633
569
280
-49
-346
-434
-282
150
675
1056
1288
1292
1187
882
514
73
-423
-778
-868
-568
2
529
911
980
700
331
-37
-300
-509
-735
-780
-607
-279
115
293
193
-103
-464
-680
-736
-619
-394
-78
253
638
892
946
820
432
32
-475
-777
-899
-832
-499
-166
111
284
321
251
91
-143
-463
-812
-1134
-1418
-1611
-1580
-797
716
2211
2877
2423
1204
329
180
428
485
-214
-1005
-1161
-449
604
1155
790
157
-296
-381
-205
-329
-661
-865
-689
9
762
1189
1235
824
384
95
-169
-538
-990
-1297
-1151
-654
-104
209
319
410
406
221
-113
-330
-427
-314
21
384
722
915
901
754
440
99
-208
-594
-889
-1028
-902
-478
9
456
778
806
628
308
-32
-295
-537
-710
-720
-583
-332
-132
-2
-9
-139
-265
-379
-341
-256
-72
162
327
499
594
543
383
6
-381
-711
-924
-941
-750
-357
14
373
472
362
86
-169
-426
-607
-1081
-1581
-1914
-1650
-186
1715
3275
3372
2262
802
104
236
486
148
-805
-1514
-1332
-368
505
737
199
-311
-523
-449
-360
-558
-751
-771
-412
320
1016
1470
1444
1002
412
-137
-528
-864
-1221
-1425
-1241
-701
-47
298
482
531
473
299
101
18
46
250
498
714
812
815
645
299
-177
-569
-785
-890
-908
-916
-731
-323
91
431
497
358
157
-102
-349
-606
-836
-889
-879
-795
-755
-697
-549
-346
-70
64
140
152
262
430
613
725
606
381
130
-138
-331
-514
-675
-762
-685
-427
21
451
655
681
341
-27
-352
-764
-1209
-1663
-1992
-924
1210
3502
4496
3587
1980
847
642
810
449
-542
-1255
-1066
-69
788
882
239
-344
-556
-584
-473
-622
-603
-281
114
652
972
1165
1356
1176
701
90
-476
-670
-744
-866
-878
-794
-499
-220
-38
172
310
220
-46
-162
-36
350
683
762
602
399
246
57
-163
-428
-667
-897
-959
-872
-447
206
702
993
906
610
321
76
-226
-611
-1017
-1256
-1245
-1040
-791
-601
-456
-298
-114
-25
78
33
40
43
-36
35
154
286
232
-68
-460
-829
-908
-717
-486
-272
-92
57
250
478
487
182
-324
-1143
-1816
-2380
-1431
1038
3539
4681
3680
1772
573
790
1300
935
-320
-1156
-937
211
1350
1555
830
-196
-642
-797
-568
-410
-539
-424
26
938
1554
1330
798
240
-98
-144
-324
-530
-606
-544
-368
-232
-43
96
85
154
262
275
140
118
162
395
623
531
157
-111
-126
-191
-288
-472
-675
-955
-1193
-1165
-808
-290
248
459
446
307
131
-105
-661
-1260
-1735
-1918
-1662
-1281
-894
-562
-219
150
398
489
307
-21
-271
-219
-128
-44
-186
-186
-318
-557
-730
-999
-1055
-1114
-776
-486
-161
153
438
339
-177
-750
-1345
-1993
-1722
188
2625
4198
3516
1594
-189
-538
211
399
-230
-848
-719
267
1426
1966
1598
505
-274
-456
-18
500
593
529
606
1061
1313
974
411
-211
-679
-813
-572
-55
401
512
361
272
398
436
130
28
261
481
318
190
441
764
822
208
-490
-693
-386
-224
-451
-538
-190
26
-324
-708
-632
-18
543
665
339
23
-163
-542
-1157
-1658
-1739
-1698
-1663
-1522
-1101
-536
-134
-42
-53
70
135
38
-105
-77
172
201
-99
-644
-1209
-1530
-1723
-1734
-1582
-1137
-455
210
581
818
564
72
-726
-1559
-1949
-666
2301
4919
5477
3472
1062
-439
-678
-776
-1117
-1433
-1280
-696
390
1503
2142
1635
276
-463
-274
649
1128
1125
1180
1437
1719
1618
1095
668
58
-681
-1167
-924
-54
464
293
36
323
853
902
669
844
1376
1690
1297
939
910
725
5
-934
-1264
-955
-472
-345
-276
86
392
67
-724
-1112
-806
-136
429
612
657
518
-100
-1102
-2117
-2706
-2727
-2344
-1601
-654
57
412
400
356
281
92
-191
-225
110
402
417
-37
-599
-1083
-1619
-2240
-2727
-2787
-2141
-1322
-478
17
101
-137
-699
-1170
-1772
-573
2296
5430
6315
4159
1273
-378
-283
-260
-917
-1978
-2184
-1763
-365
1255
2102
1507
-151
-973
-657
420
905
769
963
1680
2446
2316
1444
680
-89
-842
-1367
-1190
-291
518
567
388
488
892
1002
886
1069
1346
1317
1061
1225
1631
1787
1199
213
-534
-726
-687
-764
-838
-726
-400
-330
-322
-172
136
376
431
288
165
-25
-503
-1117
-1698
-2011
-2379
-2689
-2672
-2372
-1993
-1722
-1231
-454
424
948
1078
1112
1153
1038
221
-608
-1151
-1287
-1480
-1978
-2192
-2200
-1799
-1782
-2062
-2245
-2274
-1981
-2231
-1767
727
4407
6913
5735
2282
-290
-416
522
750
-75
-983
-1602
-1582
-857
-217
-459
-1730
-2150
-881
1436
2803
2418
1513
981
1077
1248
1294
1530
1564
1043
381
112
219
-33
-1125
-1950
-1468
6
1230
1732
2267
2917
2965
1894
698
463
1021
1443
1196
879
794
623
12
-864
-1262
-999
-714
-776
-745
-111
787
1228
879
358
115
-81
-288
-675
-838
-894
-1207
-1724
-2052
-1920
-1620
-1438
-1432
-1060
-747
-545
-477
-442
-26
334
373
64
-257
-467
-885
-1663
-2479
-2631
-2298
-1926
-1697
-1963
-2096
-2133
-231
2733
4918
3942
641
-1476
-1058
1129
2320
2163
915
-722
-2034
-2106
-1312
-890
-1799
-2378
-976
1649
2998
1677
-599
-1549
-933
37
802
1755
3025
3402
2645
1483
637
-195
-1494
-2363
-1408
923
2551
2468
1543
1191
958
185
-482
166
2138
3935
4269
3489
2520
1797
710
-657
-1340
-861
187
508
221
-137
-97
-155
-487
-838
-796
-732
-894
-973
-720
-297
-476
-975
-1230
-956
-558
-565
-737
-675
-386
-365
-503
-470
-247
-103
-429
-874
-1167
-1300
-1164
-1326
-1501
-1903
-2337
-2936
-3641
-3822
-2771
903
4768
6053
2980
-1067
-2237
-401
1929
2366
1713
682
-247
-1110
-1302
-1050
-1432
-2693
-2988
-1511
583
1069
-312
-1630
-1613
-574
390
1219
2399
3233
2632
1169
241
536
760
242
-555
-287
765
1424
1147
537
267
173
57
321
1209
2117
2391
1732
1249
1242
1729
1941
1935
1959
1877
1443
367
-499
-621
-100
414
606
605
334
-480
-1425
-1949
-1789
-1346
-1047
-805
-569
-437
-629
-864
-754
-431
-181
-275
-289
-53
27
-246
-963
-1326
-1375
-1296
-1232
-1367
-1319
-1903
-2692
-3783
-3690
-804
3240
5312
2541
-2050
-3875
-1718
1796
3172
2538
1152
-449
-1588
-1564
-335
309
-958
-1905
-1039
906
1243
-1211
-3762
-4325
-2743
-907
155
1154
1586
988
-132
-797
57
1299
2047
2149
2063
2257
1889
1076
614
623
736
334
71
461
893
674
-444
-1260
-624
1056
2286
2430
2189
2428
2350
1583
523
396
1276
1883
1733
1091
669
-2
-1285
-2354
-2359
-1445
-637
-639
-969
-1190
-1185
-1156
-879
-108
893
1321
1029
480
65
36
-230
-517
-827
-665
-604
-1384
-2786
-3912
-4219
-3044
-29
3548
4778
1695
-2358
-3878
-1423
1869
3136
2665
1193
-320
-1639
-1825
-606
-122
-985
-1758
-1026
722
650
-1320
-3122
-3009
-1447
-616
-544
-365
-368
-1102
-2221
-2107
-502
892
1193
976
1539
2393
2040
939
613
1717
2816
2470
1580
1192
1333
1004
-308
-1147
-683
526
886
160
-246
358
964
519
-139
472
2036
2981
2450
1536
1310
1221
805
27
-294
-222
-435
-897
-1312
-1415
-1561
-1927
-1931
-1387
-640
-279
-88
377
856
1094
922
737
647
261
-249
-821
-1260
-534
1549
3850
3262
-768
-4336
-4341
-858
2152
2960
2110
37
-2449
-4032
-2708
351
1463
143
-1302
-540
980
219
-1989
-3371
-2357
-560
106
147
40
-836
-2564
-3925
-2816
-404
1081
772
-223
-360
-347
-547
-457
724
2451
3094
2135
603
-286
239
1044
1500
1574
1719
1933
1450
360
-559
-660
-287
-59
192
865
1435
1152
61
-742
-733
-89
632
1061
1218
1054
907
702
437
77
-215
-231
-201
-262
-683
-1035
-1059
-882
-1025
-1603
-1970
-1815
-1097
-451
-352
246
2516
5884
6808
3382
-1198
-2557
521
4046
4826
3366
992
-1486
-3489
-3242
-742
789
-216
-2029
-2137
-1085
-1650
-3475
-4113
-2154
332
1020
512
132
-258
-1381
-2580
-2178
-420
872
770
-290
-974
-1458
-1780
-1475
-290
1205
1524
573
-373
-133
1072
1600
944
-45
67
1186
1750
1190
235
-6
-5
-611
-1266
-947
216
900
457
-174
-306
-167
-491
-1097
-1273
-893
-376
-270
-392
-366
-114
-34
-187
-438
-366
-236
-217
-454
-818
-808
-645
-457
-792
-496
1521
4273
4544
811
-2862
-2236
2231
5614
5636
4237
2562
112
-2077
-934
3294
5651
3310
-422
-1319
-125
-791
-3437
-4438
-2340
50
-79
-1792
-2907
-3373
-3914
-3907
-1894
996
2269
1144
-614
-690
534
1720
2183
2461
2696
2109
466
-1224
-1576
-480
537
400
-490
-951
-863
-1019
-1287
-965
107
674
107
-752
-769
-53
416
398
404
625
408
-522
-1744
-2381
-2147
-1419
-619
-385
-757
-1439
-1837
-1562
-1107
-767
-991
-1227
-1215
-1143
-1231
-1642
-646
2042
4796
4148
-227
-3678
-2237
2945
6503
6220
3713
974
-1481
-2482
-69
4322
6240
3611
-264
-1459
-662
-693
-1769
-1557
171
1404
921
-390
-1335
-2274
-2955
-2491
-596
1131
1079
-465
-1955
-2282
-1325
511
2177
2768
2060
891
132
249
1136
2321
3054
2857
2014
1089
358
-279
-578
-35
793
555
-927
-2261
-2132
-1323
-1088
-1363
-1189
-603
-856
-2071
-2746
-1770
-275
181
-296
-727
-726
-1111
-1803
-2059
-1165
-97
-137
-1100
-1945
-1943
-2123
-2665
-2125
787
3863
3214
-1306
-4665
-2441
3001
6142
5005
2516
892
-381
-1128
598
4428
6350
3833
-224
-1613
-577
-434
-1711
-1582
387
1612
38
-2479
-3598
-3325
-2704
-1760
5
1325
884
-911
-2061
-1330
477
2087
2765
2622
2013
1270
890
1150
2196
3425
3916
3023
1498
412
-23
-31
392
1480
2249
1419
-947
-2723
-2427
-810
521
814
558
-273
-1597
-2516
-2002
-360
822
493
-754
-1895
-2397
-2485
-2362
-1872
-1186
-836
-1413
-2329
-2966
-2718
-2302
-2084
-1113
1559
4273
3481
-1040
-4633
-2806
2341
5631
4990
2751
607
-1736
-2923
-420
4425
6267
2838
-1346
-1660
440
799
-446
-413
793
602
-1529
-2818
-2298
-1816
-2730
-3348
-2298
-1058
-1464
-2967
-3383
-2268
-485
1005
1917
1966
1224
406
438
1605
3325
4556
4506
3252
1727
961
1167
1910
2672
3137
2626
794
-1455
-2223
-1054
599
1070
266
-885
-1854
-2492
-2491
-1597
-295
361
106
-503
-736
-853
-977
-928
-550
34
186
-355
-1399
-2154
-2137
-1712
-1442
-676
1070
2435
905
-2764
-4602
-1845
2862
5037
3781
1303
-733
-2066
-1130
2637
6378
5823
1594
-1414
-915
527
397
5
716
971
-920
-3124
-3249
-2146
-1949
-2628
-2223
-1063
-1121
-2748
-4091
-3792
-2479
-931
436
1230
677
-680
-1217
-278
1378
2623
3022
2569
1497
764
1308
2634
3550
3437
2650
1536
357
-263
285
1576
2246
1622
79
-1528
-2629
-2828
-2006
-726
-98
-522
-1603
-2533
-2826
-2492
-1611
-572
134
200
-425
-1245
-1748
-1596
-977
-260
1022
3033
4283
2431
-1473
-3356
-702
3779
5666
4439
2115
-188
-2217
-1895
2004
6019
5276
580
-2155
-764
1128
535
-357
663
1615
62
-2275
-2317
-887
-579
-1626
-1884
-1238
-1542
-3011
-4037
-3501
-2183
-1108
-575
-694
-1307
-1734
-1317
-342
900
2162
2858
2151
622
286
1880
3657
3813
2837
2000
1433
460
-469
-205
1167
2115
1551
-173
-1853
-2630
-2434
-1522
-655
-426
-1000
-1935
-2668
-2854
-2587
-2090
-1573
-1347
-1590
-2148
-2383
-1984
-1311
-1094
-1175
-210
2158
3610
1878
-1467
-2069
1412
5292
5807
3795
1892
602
-508
303
4228
7685
6103
754
-2109
-183
2476
2243
768
668
760
-912
-2985
-2841
-1006
-171
-1046
-2062
-2430
-2714
-3023
-2827
-1985
-954
-65
316
-235
-1355
-1706
-794
420
1169
1762
2163
1479
-131
-813
628
2708
3445
2766
1767
1014
381
226
985
2050
2340
1504
159
-1007
-1506
-1273
-666
-402
-1047
-2336
-3426
-3574
-2904
-2158
-1915
-2181
-2710
-3390
-3948
-3879
-2844
-1517
-954
-1598
-2223
-1034
1678
3084
1185
-1869
-1934
1851
5461
5491
3042
1108
388
345
1869
5087
6885
4202
-348
-1322
1823
4308
3213
1050
482
409
-687
-1633
-1069
-22
-329
-1568
-2336
-2551
-2816
-3037
-2744
-2121
-1405
-702
-471
-1188
-2051
-1594
-40
1240
1721
1956
1979
1237
374
888
2650
3731
3176
1977
1456
1431
1270
1192
1564
1988
1763
856
-168
-740
-831
-540
-55
33
-791
-2239
-3261
-3064
-2224
-1701
-1710
-1961
-2392
-3191
-3925
-3794
-2817
-2162
-2400
-3126
-3241
-2051
-164
612
-896
-3120
-2762
857
4215
4252
1915
435
639
1444
2921
5306
6409
4082
427
-139
2673
4570
3347
1368
847
553
-805
-1698
-750
466
-58
-1541
-2209
-2172
-2561
-3214
-3015
-2040
-1151
-881
-1123
-1717
-2156
-1701
-413
775
1177
1020
586
102
134
1253
2722
3260
2695
2161
2274
2459
2399
2434
2869
3111
2686
1819
977
393
218
571
950
478
-905
-2152
-2356
-1786
-1404
-1555
-1909
-2262
-2719
-3337
-3604
-3378
-2872
-2600
-2659
-2963
-3199
-2690
-1230
53
-476
-2317
-2936
-821
2089
2957
1651
365
251
735
1637
3283
4547
3638
1294
510
2281
4016
3508
1929
1235
1213
827
475
792
991
131
-979
-1275
-1307
-2068
-3033
-3055
-2357
-1944
-2016
-2177
-2590
-3151
-2969
-1632
-203
205
-84
-174
-55
-26
451
1772
3074
3092
2124
1646
2119
2669
2561
2237
2365
2645
2266
1261
660
1213
2218
2288
1175
74
-143
74
-187
-829
-1065
-886
-1035
-1853
-2782
-3163
-3025
-2786
-2705
-2799
-2969
-2879
-2151
-1020
-434
-1144
-2271
-2181
-315
1809
2351
1278
78
-188
496
1736
3036
3445
2283
721
695
2325
3548
2996
1692
1039
980
836
806
1189
1353
711
-326
-867
-1065
-1424
-1849
-1848
-1570
-1392
-1558
-2104
-2820
-3125
-2456
-1371
-927
-1270
-1544
-1446
-1392
-1256
-297
1186
1655
689
-135
461
1788
2293
1822
1617
2163
2665
2284
1351
1012
1573
2072
1666
777
376
490
208
-617
-1056
-637
-144
-511
-1452
-2057
-2023
-1734
-1516
-1574
-1864
-2062
-1710
-942
-629
-1263
-1998
-1724
-455
714
876
391
-215
-404
189
1541
2875
2961
1789
679
1000
2279
2982
2514
1630
1306
1315
1120
798
851
1143
1092
414
-405
-850
-987
-925
-705
-351
-201
-583
-1373
-1950
-1854
-1197
-668
-725
-1223
-1646
-1704
-1425
-989
-514
-174
-246
-617
-831
-528
121
639
693
461
363
647
1007
969
610
490
856
1173
920
339
53
108
60
-132
-153
-71
-371
-1105
-1678
-1601
-1158
-1034
-1318
-1662
-1656
-1161
-693
-890
-1664
-1940
-1008
399
979
317
-651
-925
-214
1019
1966
1978
1132
253
241
1091
1940
2103
1649
1236
1163
1263
1207
1019
971
1302
1679
1570
747
-203
-512
-93
447
552
286
-289
-936
-1269
-899
-185
47
-355
-770
-820
-777
-847
-670
-156
190
32
-353
-512
-407
-219
-27
102
12
-194
-226
-69
-6
-154
-263
-80
207
249
31
-119
-46
59
28
28
51
-81
-372
-777
-994
-859
-603
-635
-1022
-1428
-1411
-927
-546
-801
-1593
-2005
-1371
-152
452
-1
-790
-1009
-444
414
1026
1114
730
284
330
937
1581
1579
985
551
700
1125
1193
846
547
647
951
1066
815
339
-29
-23
410
945
1064
560
-87
-260
177
613
557
150
-65
74
250
241
152
122
85
37
81
248
296
103
-163
-165
132
506
674
472
28
-230
-41
386
623
447
107
-61
-12
-42
-164
-191
-100
-85
-338
-621
-730
-691
-657
-672
-698
-745
-838
-861
-776
-731
-836
-889
-722
-549
-655
-974
-1004
-609
-235
-256
-511
-638
-572
-449
-188
243
555
430
73
-23
223
423
405
480
754
837
451
-36
-73
252
431
322
223
241
128
-122
-118
301
750
787
468
184
89
185
419
732
920
781
455
228
287
534
757
771
552
342
403
679
793
546
245
236
467
560
350
88
61
222
327
221
27
-40
-30
-78
-185
-213
-169
-206
-337
-401
-379
-481
-785
-962
-797
-526
-534
-805
-1012
-942
-731
-631
-576
-434
-228
-167
-278
-414
-430
-370
-298
-150
77
162
-102
-574
-848
-733
-425
-161
-93
-251
-581
-788
-625
-208
103
126
-29
-232
-370
-357
-99
239
316
115
-154
-298
-316
-177
68
255
245
163
196
255
252
299
547
805
733
417
340
597
778
612
333
274
310
225
152
316
587
624
321
8
16
280
480
417
198
38
-7
0
100
292
403
196
-273
-571
-450
-153
-36
-99
-149
-159
-230
-352
-345
-151
88
215
152
-83
-349
-425
-189
220
458
287
-174
-557
-563
-232
180
407
307
-129
-731
-1050
-784
-165
189
-61
-657
-1144
-1274
-1101
-734
-376
-303
-553
-927
-1084
-876
-425
-9
145
54
-98
-218
-291
-192
159
573
655
305
-50
-31
240
383
313
280
353
370
289
333
576
777
670
406
357
558
671
478
182
91
190
281
274
245
222
140
-16
-135
-69
96
195
215
230
253
213
129
180
415
622
642
507
338
165
49
153
511
831
809
472
109
19
201
496
749
814
608
175
-220
-274
81
479
514
149
-360
-680
-704
-497
-203
-38
-193
-643
-1117
-1243
-937
-502
-325
-540
-947
-1203
-1153
-872
-507
-233
-137
-228
-447
-567
-404
-23
258
258
126
99
158
172
186
303
434
364
175
157
348
437
223
-84
-158
-33
49
29
-5
-33
-133
-270
-324
-273
-223
-245
-239
-115
-10
-90
-268
-274
-25
328
498
416
234
105
189
547
1001
1204
995
613
473
632
872
1029
1106
1057
786
432
303
509
794
865
682
415
186
51
66
202
311
219
-65
-368
-533
-560
-487
-358
-315
-456
-743
-959
-934
-716
-501
-418
-456
-518
-549
-554
-518
-380
-191
-91
-158
-260
-249
-134
-13
32
-36
-146
-176
-69
22
-108
-330
-435
-349
-298
-404
-547
-596
-587
-612
-630
-636
-675
-788
-870
-810
-682
-652
-754
-830
-710
-407
-100
54
-55
-280
-352
-121
265
507
475
315
337
504
649
681
733
879
936
838
671
720
924
1042
955
776
760
844
815
638
507
493
484
347
169
121
196
230
104
-50
-137
-166
-206
-222
-102
17
-21
-187
-252
-109
42
46
1
54
137
109
54
123
274
316
201
95
124
192
175
84
-3
-23
-43
-136
-281
-419
-484
-452
-430
-512
-702
-919
-1057
-1092
-1044
-986
-976
-1008
-1063
-1139
-1146
-977
-702
-552
-666
-862
-803
-488
-223
-173
-214
-192
-95
19
153
293
360
319
273
314
422
548
650
678
578
444
444
579
699
672
573
544
542
472
403
464
616
646
488
363
399
445
311
179
290
534
557
320
203
363
566
547
399
388
502
546
517
535
623
665
615
564
539
461
368
358
421
411
233
0
-152
-185
-158
-137
-168
-281
-473
-687
-796
-740
-620
-603
-734
-875
-923
-917
-915
-880
-774
-693
-751
-851
-821
-650
-485
-417
-393
-382
-370
-292
-135
-1
-33
-136
-116
-2
58
46
112
223
196
15
-90
13
204
289
229
126
29
-38
11
179
312
271
96
1
52
143
179
207
284
336
261
157
216
458
660
653
550
512
549
582
605
676
774
822
803
701
572
456
442
538
637
592
415
250
181
201
208
193
144
34
-128
-278
-315
-227
-180
-314
-559
-679
-573
-444
-475
-601
-636
-578
-548
-543
-462
-304
-210
-244
-329
-351
-257
-99
-11
-79
-223
-271
-210
-174
-194
-153
-20
9
-170
-390
-423
-267
-116
-84
-158
-294
-452
-522
-403
-186
-116
-277
-501
-570
-477
-352
-276
-235
-211
-228
-281
-272
-159
7
132
151
115
108
169
261
349
425
505
565
559
480
391
380
488
614
644
555
375
241
225
310
385
327
174
30
-38
-55
-68
-77
-138
-250
-316
-230
-43
21
-100
-269
-278
-139
-5
65
67
54
55
63
74
92
170
280
305
204
116
171
279
266
192
228
335
305
100
-44
29
178
187
60
-104
-248
-337
-315
-191
-115
-217
-423
-567
-567
-485
-395
-363
-434
-544
-573
-475
-350
-308
-305
-303
-296
-284
-229
-116
-34
-63
-88
34
196
210
66
-10
98
270
314
219
94
-31
-99
-24
163
245
85
-172
-276
-199
-129
-184
-285
-368
-418
-424
-375
-322
-348
-408
-424
-345
-227
-143
-94
-60
-4
84
208
328
422
494
545
542
534
592
710
768
711
676
728
747
621
489
510
626
644
543
455
412
342
262
254
282
264
160
45
-32
-83
-99
-83
-111
-223
-330
-322
-228
-195
-237
-287
-299
-301
-266
-148
-38
-15
-77
-105
-47
19
19
1
36
83
85
31
-33
-90
-155
-170
-122
-52
-86
-229
-363
-406
-370
-369
-440
-577
-701
-731
-693
-652
-703
-775
-747
-649
-599
-614
-605
-520
-439
-403
-310
-135
53
141
146
152
186
285
437
589
649
650
698
780
789
720
720
827
891
836
743
700
678
615
570
579
567
466
317
228
191
146
111
111
75
-28
-113
-91
13
69
41
-29
-78
-59
12
111
184
210
195
161
141
162
231
272
244
204
229
263
200
66
-4
44
96
33
-110
-255
-358
-427
-443
-444
-510
-668
-831
-891
-877
-881
-951
-988
-953
-942
-999
-1063
-1012
-900
-817
-740
-607
-463
-406
-404
-366
-243
-121
3
158
299
334
284
280
372
455
494
560
636
625
512
444
487
520
470
426
445
425
296
168
173
257
271
202
130
86
27
-30
7
143
244
207
84
-6
32
184
341
437
445
408
360
339
391
493
603
653
659
645
586
472
376
393
483
505
387
200
51
-35
-99
-128
-181
-308
-494
-642
-692
-714
-784
-869
-889
-869
-890
-966
-999
-965
-911
-855
-792
-711
-653
-636
-593
-476
-339
-245
-163
-70
52
114
-1
1
238
421
351
428
665
401
156
328
622
758
705
338
-6
75
169
288
468
477
-9
-9
391
10
-451
-430
-236
-82
13
270
161
-468
-867
-647
-5
369
101
-264
-150
107
99
27
178
270
428
534
470
436
470
494
655
694
502
445
473
495
501
621
541
204
-161
-313
-212
-159
-301
-387
-333
-459
-779
-980
-886
-845
-859
-675
-581
-581
-609
-651
-627
-502
-316
-170
8
205
316
202
106
151
234
338
431
618
734
636
363
229
197
113
181
371
444
268
91
-111
-251
-302
-291
-287
-306
-297
-288
-216
-262
-301
-390
-505
-560
-489
-287
-201
-165
-254
-390
-360
-144
-16
-9
159
188
202
239
184
186
244
343
392
609
693
600
472
314
286
309
424
491
472
354
140
-26
-86
-85
10
42
-49
-138
-244
-291
-421
-419
-302
-263
-210
-121
-121
-261
-254
-203
-104
87
183
103
143
254
271
315
433
477
525
625
509
392
411
481
558
748
856
701
433
196
172
300
390
367
251
159
-30
-238
-329
-251
-154
-163
-196
-210
-229
-346
-390
-429
-517
-544
-512
-475
-523
-557
-550
-523
-443
-386
-315
-229
-160
-58
53
165
137
94
85
139
250
254
181
57
70
67
40
45
-25
-38
-11
51
-70
-233
-332
-387
-377
-430
-417
-298
-147
-84
-116
-183
-342
-414
-251
50
221
249
264
221
172
125
177
340
567
704
680
595
419
218
156
242
406
485
463
417
305
211
152
110
91
126
171
119
16
-103
-176
-151
-148
-142
-95
-94
-165
-259
-293
-252
-152
-124
-151
-156
-150
-167
-237
-285
-240
-99
-25
-56
-101
-87
-65
-75
-63
-79
-107
-119
-96
-101
-87
-88
-146
-191
-240
-269
-261
-238
-249
-227
-186
-271
-416
-479
-409
-348
-347
-333
-257
-183
-164
-152
-78
35
39
11
64
155
133
93
151
238
336
399
447
441
319
220
230
319
344
312
278
247
241
250
220
140
93
46
13
18
8
-15
-18
-64
-158
-197
-145
-95
-72
-67
-80
-98
-114
-127
-121
-50
22
23
-51
-102
-66
-9
38
42
9
-19
-32
-51
-88
-56
-19
-42
-98
-117
-121
-142
-176
-204
-208
-211
-202
-251
-281
-266
-282
-275
-258
-238
-276
-333
-333
-245
-141
-104
-124
-152
-135
-117
-83
-23
85
139
103
103
142
159
149
155
169
217
241
207
165
154
113
95
126
127
100
78
77
63
24
-31
-30
23
78
72
-9
-42
-26
-13
33
99
152
160
112
90
138
185
179
171
223
218
200
242
286
319
319
260
176
162
185
207
260
252
215
210
156
49
-11
-3
21
8
20
55
29
-41
-156
-222
-188
-143
-132
-122
-113
-92
-78
-57
-66
-102
-96
-39
5
12
-20
-2
25
-23
-21
35
84
109
116
120
125
98
83
85
99
111
123
126
118
86
19
-35
-75
-86
-97
-97
-85
-76
-102
-158
-203
-224
-222
-198
-150
-96
-75
-102
-125
-143
-151
-139
-67
57
117
112
48
16
47
101
172
215
215
188
185
191
172
158
183
213
171
118
110
96
59
20
23
49
54
18
-13
-30
-41
-43
-33
-3
-9
-54
-56
-15
-1
0
18
-8
-32
-26
7
72
102
91
48
44
51
35
33
78
134
130
79
28
2
-1
19
22
20
41
11
-44
-54
-51
-94
-172
-224
-221
-178
-163
-233
-305
-305
-270
-240
-258
-279
-285
-287
-294
-270
-241
-214
-184
-180
-193
-177
-112
-57
-43
-65
-46
-5
-6
-26
-23
16
55
67
50
32
23
6
-21
-31
-26
-4
24
-7
-72
-108
-104
-72
-43
-46
-66
-62
-32
20
64
38
-17
-25
32
100
124
131
135
120
89
79
115
176
215
211
215
220
174
130
113
128
152
166
177
160
127
94
87
77
62
55
42
33
8
-28
-67
-112
-148
-161
-177
-176
-150
-153
-179
-208
-248
-270
-248
-203
-179
-169
-179
-202
-181
-120
-61
-47
-47
-27
-38
-75
-79
-19
39
40
38
49
36
26
3
-20
14
43
20
-24
-51
-40
-18
-34
-86
-120
-119
-107
-72
-46
-56
-58
-31
9
56
50
41
78
131
154
137
137
172
225
259
283
291
272
241
218
244
306
325
314
292
273
238
191
190
191
157
127
131
118
82
47
37
30
-13
-50
-45
-18
-27
-56
-59
-70
-102
-89
-56
-34
-41
-64
-78
-64
-35
-15
5
24
34
16
-2
-29
-23
33
63
50
38
35
21
-9
-22
10
39
32
-20
-56
-54
-38
-48
-76
-103
-134
-146
-133
-117
-119
-129
-135
-136
-133
-144
-144
-89
-29
-1
-18
-34
-29
15
42
46
63
81
104
114
147
194
207
205
209
214
215
216
226
242
247
223
200
193
166
151
133
125
133
104
82
89
101
79
31
2
0
3
7
24
35
23
17
33
55
65
65
67
77
84
73
50
28
35
46
45
28
3
-21
-59
-82
-84
-69
-59
-94
-151
-169
-168
-168
-169
-195
-217
-225
-254
-289
-310
-297
-285
-279
-275
-313
-341
-325
-279
-242
-232
-231
-215
-199
-217
-213
-160
-95
-76
-84
-83
-56
-33
-32
-31
-22
-2
5
4
9
17
22
-13
-29
-13
3
12
-4
-26
-68
-94
-101
-68
-26
-40
-66
-83
-96
-114
-104
-62
-13
6
-1
-15
-16
14
40
59
88
105
107
101
88
90
123
160
169
151
125
106
95
96
100
92
69
38
29
22
20
4
-4
0
-28
-68
-95
-93
-91
-95
-89
-97
-116
-144
-179
-166
-118
-90
-104
-136
-158
-162
-136
-110
-89
-69
-64
-91
-95
-65
-43
-45
-51
-42
-25
-15
-15
0
10
2
-11
-10
21
57
58
30
-19
-35
-9
36
62
48
29
2
-26
-31
-5
35
96
125
92
61
68
110
157
179
178
172
171
163
145
153
186
214
209
174
152
153
152
145
153
162
148
123
100
100
109
107
96
89
69
43
26
27
44
59
62
32
-9
-26
-8
26
51
42
24
29
34
29
24
33
46
50
38
35
28
13
3
6
22
39
32
3
-14
-11
-11
-31
-41
-41
-21
3
7
-17
-48
-65
-59
-31
-25
-34
-36
-34
-40
-57
-61
-36
2
1
-33
-54
-47
-10
47
76
63
50
42
37
36
59
101
129
110
68
37
25
45
72
87
87
51
14
-2
-6
-1
8
29
57
68
33
-4
-1
23
52
71
69
56
54
57
57
63
73
88
102
99
89
76
71
76
72
75
86
75
49
34
30
17
0
-10
-10
-15
-35
-44
-51
-60
-76
-82
-76
-75
-80
-106
-124
-123
-115
-112
-118
-118
-125
-139
-144
-127
-99
-102
-130
-146
-142
-110
-74
-59
-72
-87
-103
-114
-90
-70
-55
-45
-40
-53
-75
-84
-87
-84
-84
-93
-105
-111
-125
-140
-153
-159
-163
-159
-157
-164
-165
-165
-165
-162
-132
-104
-102
-114
-118
-89
-53
-34
-37
-37
-30
-9
9
16
30
60
91
91
71
54
49
54
58
69
79
89
95
63
36
34
36
44
38
32
36
25
-3
-20
-11
10
18
-10
-33
-44
-48
-40
-35
-39
-34
-30
-60
-80
-74
-48
-10
12
14
-13
-31
-25
2
40
44
33
26
20
11
3
-1
-6
-7
-3
-5
-15
-36
-65
-71
-70
-71
-64
-69
-75
-98
-115
-113
-99
-78
-69
-82
-87
-69
-36
-18
-24
-29
-10
20
41
58
67
85
103
110
119
115
131
150
157
143
133
131
137
150
144
129
117
119
121
120
115
96
90
87
92
103
119
125
106
89
76
93
113
116
117
126
120
99
97
124
167
190
195
180
168
164
157
168
183
197
193
180
179
178
167
148
123
110
107
99
87
65
50
24
0
-24
-47
-58
-73
-80
-88
-102
-106
-115
-136
-157
-170
-154
-130
-123
-125
-133
-129
-122
-118
-109
-90
-66
-48
-50
-50
-38
-26
-15
-28
-25
-13
4
12
-5
-7
-4
2
-4
-11
-3
3
-10
-19
-5
6
18
15
6
1
4
16
29
44
47
50
65
58
40
39
67
96
121
122
108
99
93
95
113
136
140
130
114
109
120
119
110
101
97
89
75
59
48
36
28
18
4
-15
-40
-56
-57
-49
-64
-92
-112
-136
-161
-154
-154
-144
-143
-164
-182
-200
-199
-194
-169
-148
-141
-148
-156
-165
-165
-149
-129
-117
-118
-120
-121
-121
-120
-112
-104
-108
-103
-98
-89
-97
-120
-123
-103
-82
-75
-83
-92
-99
-112
-103
-77
-57
-49
-48
-49
-50
-69
-63
-24
10
19
10
19
38
41
30
34
50
62
72
75
75
76
84
93
104
98
82
71
60
52
52
68
75
55
26
-3
-21
-12
-2
-17
-39
-58
-83
-108
-125
-134
-123
-119
-121
-127
-139
-152
-157
-144
-126
-121
-129
-132
-129
-114
-90
-82
-85
-87
-75
-45
-23
-16
-23
-36
-37
-27
-2
15
12
3
-10
-15
-11
-1
3
7
6
-1
0
-1
7
12
19
6
6
19
41
67
69
66
56
50
44
52
67
79
87
83
78
81
86
85
88
95
104
107
101
94
91
92
90
91
96
92
72
57
55
72
77
64
55
43
42
26
23
27
22
23
20
14
17
26
27
26
39
50
48
32
26
49
74
78
67
68
86
104
102
103
122
138
137
118
107
112
129
125
143
230
281
244
151
17
-132
-213
-170
-24
167
261
213
124
74
28
-46
-13
41
42
-21
-109
-111
-146
-175
-159
-66
47
83
65
25
-22
-60
-77
-90
-71
-70
-33
41
41
50
3
-58
-104
-141
-127
-130
-65
-16
14
1
-12
-61
-111
-109
-92
-58
-94
-118
-148
-159
-143
-85
-32
-14
-34
-58
-57
-28
78
62
27
50
94
193
236
246
159
73
54
43
159
235
172
110
41
60
139
189
174
77
10
6
27
62
49
-10
-56
-86
-68
-34
24
-65
-78
-39
-74
-74
-85
-74
16
198
6
-131
-45
36
34
-10
-26
-143
-146
-198
-31
154
83
-95
-210
-116
21
90
-23
-155
-229
-271
-203
-94
-57
-162
-219
-215
-135
-108
-214
-263
-305
-221
-146
-159
-179
-209
-231
-242
-184
-152
-189
-191
-187
-119
-64
-1
-13
-53
-84
-31
95
61
108
84
26
71
134
154
129
159
108
109
191
227
245
138
76
83
182
197
242
332
102
-29
72
202
303
364
391
153
-62
70
256
335
232
40
-133
-62
67
90
131
-60
-226
-203
44
202
154
-135
-508
-383
-277
-99
-222
-349
-531
-566
-326
-292
-250
-496
-620
-605
-296
-251
-290
-302
-407
-348
-260
-60
-153
-217
-210
-80
149
221
232
209
236
334
463
475
478
394
317
440
532
483
302
191
296
351
269
220
218
168
99
115
136
54
-121
-191
-68
29
0
-66
-37
-36
-36
-51
24
128
113
77
118
280
241
229
292
302
283
281
268
235
341
158
146
281
160
63
29
-65
-137
-52
-177
-210
-331
-429
-564
-623
-583
-852
-930
-998
-637
-299
-382
-508
-531
-427
-332
-568
-552
149
354
159
37
368
750
525
276
651
1248
1041
448
435
1019
1208
688
304
584
763
306
43
221
414
-13
-582
-478
-120
-263
-652
-619
-332
-338
-631
-631
-387
-381
-582
-444
-107
-4
-90
-72
153
294
185
275
572
588
444
454
680
741
577
589
771
763
506
393
445
367
142
100
199
165
-86
-325
-346
-347
-446
-704
-842
-850
-949
-1140
-1132
-1113
-1307
-1493
-1269
-510
-310
-674
-935
-581
-72
-350
-797
-265
559
458
-98
45
1210
1554
565
162
1196
2093
1365
389
864
1798
1441
355
283
1113
1049
113
-230
257
418
-354
-750
-332
-214
-756
-988
-664
-427
-712
-948
-671
-521
-818
-825
-458
-295
-364
-354
3
309
150
121
548
770
537
444
758
997
877
758
1033
1118
797
522
597
652
411
118
105
223
10
-280
-434
-520
-755
-1146
-1204
-1132
-1299
-1553
-1703
-1720
-1576
-1196
-1049
-1268
-1431
-1147
-683
-710
-1062
-773
54
240
-88
-78
833
1452
908
430
1150
2026
1685
888
1030
1921
1938
1025
661
1241
1350
662
153
372
662
152
-422
-321
-228
-682
-992
-845
-587
-799
-1072
-934
-788
-926
-990
-832
-675
-645
-606
-302
-108
-118
-10
365
552
358
261
550
906
907
811
952
1130
1044
815
729
730
639
453
293
292
292
114
-84
-315
-580
-829
-1012
-1129
-1252
-1442
-1623
-1615
-1155
-937
-1338
-1690
-1566
-995
-935
-1385
-1154
-294
-45
-431
-471
514
1341
827
154
847
2067
1956
1027
1006
2001
2296
1315
738
1420
1775
1118
467
628
1020
529
-212
-258
-43
-396
-837
-770
-614
-766
-1029
-1032
-945
-1188
-1287
-964
-814
-946
-913
-528
-183
-288
-340
67
376
234
116
465
891
943
851
1020
1172
1082
918
952
992
857
660
696
649
441
321
219
69
-251
-626
-731
-781
-1003
-1247
-1385
-1521
-1384
-1033
-1180
-1566
-1630
-1143
-690
-1075
-1553
-874
-53
-162
-644
-249
936
1128
264
165
1451
2141
1326
657
1343
2254
1782
755
1010
1856
1540
624
383
937
971
122
-218
140
24
-632
-820
-483
-407
-772
-971
-783
-793
-1070
-973
-655
-700
-873
-699
-208
-36
-283
-144
300
399
150
203
661
913
814
774
996
1085
875
764
807
769
628
528
490
396
249
141
66
-277
-590
-696
-778
-1015
-1202
-1256
-1336
-1604
-1557
-1004
-1061
-1604
-1720
-1078
-595
-1132
-1505
-673
119
-280
-810
-81
1239
1074
-6
247
1766
2239
995
539
1690
2460
1541
547
1138
2086
1536
451
477
1162
958
1
-186
254
66
-611
-731
-386
-355
-768
-895
-772
-912
-1126
-909
-640
-721
-872
-650
-216
-249
-520
-297
130
160
-62
45
513
778
627
573
742
753
632
562
612
657
549
411
346
218
115
84
-96
-425
-645
-692
-782
-919
-1100
-1266
-1394
-1636
-1239
-822
-1215
-1707
-1423
-684
-604
-1278
-1334
-230
110
-515
-736
500
1510
817
-64
622
2128
1913
679
730
1994
2239
1206
601
1520
2055
1056
283
602
1096
627
-146
-43
374
-67
-670
-577
-320
-553
-889
-861
-718
-892
-1015
-725
-528
-820
-939
-540
-195
-371
-623
-226
297
193
-174
8
530
687
488
492
647
748
636
559
605
560
486
415
290
229
209
114
-54
-354
-493
-530
-665
-922
-1070
-1148
-1382
-1245
-767
-847
-1402
-1587
-958
-475
-994
-1559
-864
9
-236
-831
-221
1107
1103
29
-11
1513
2095
927
334
1408
2307
1561
526
1033
2066
1528
372
347
1039
987
48
-196
411
342
-397
-468
-161
-344
-821
-924
-571
-516
-826
-828
-555
-661
-952
-698
-84
25
-462
-481
163
470
76
-55
346
670
667
568
759
880
701
484
475
515
480
461
464
293
68
-15
-154
-372
-646
-805
-972
-1108
-1268
-1453
-1813
-1983
-1272
-564
-718
-1308
-1237
-827
-742
-1040
-495
860
1004
-246
-689
752
1984
1518
744
1458
2581
1929
766
1328
2597
2125
364
-83
1351
1959
615
-402
-246
-239
-1200
-1710
-800
-94
-954
-1990
-1764
-1024
-933
-1192
-990
-601
-724
-822
-96
710
679
325
575
1114
1223
1185
1712
2185
1768
1097
1186
1848
2001
1401
897
838
653
177
-24
-78
-314
-815
-1272
-1384
-1379
-1550
-1778
-1974
-2292
-2355
-2180
-1974
-2067
-2350
-2404
-2237
-2072
-2344
-1264
1009
1925
992
-546
-568
464
1310
2226
3888
4489
2211
-593
-111
3455
4835
2979
1301
2019
2376
477
-629
415
1136
-680
-2376
-1099
909
-545
-3935
-4851
-3086
-1763
-1976
-1692
-974
-1913
-3800
-3365
-643
1330
1050
231
576
1008
969
1591
3004
3456
2552
2048
2911
3491
2606
1732
1866
2050
1579
1296
1469
994
-582
-1671
-1050
-74
-497
-1808
-2353
-2338
-2666
-2903
-2269
-1451
-1760
-2815
-2887
-1833
-1325
-1686
-1672
-1156
-798
-988
-1115
-492
-712
-596
1643
3302
3123
652
-1000
89
1671
2623
3596
4067
2070
-1118
-1710
1872
4381
2783
-95
-191
1186
226
-1237
-904
226
-554
-2553
-1854
419
-198
-3703
-4996
-2553
-90
-264
-1331
-1274
-1528
-2602
-2336
385
2473
1929
180
17
1116
1453
1501
2223
2728
2091
1528
1848
2452
1722
657
843
1603
1617
604
-104
-375
-935
-1199
-526
153
-335
-1938
-2712
-2146
-1602
-1490
-1309
-1037
-1197
-2000
-2153
-1265
-836
-1152
-1390
-1014
-560
-875
-1384
-1497
-994
1082
2469
2307
566
-1363
-1085
649
2430
3488
3538
1705
-826
-1515
1246
4045
3462
1099
210
1099
916
-219
-405
256
117
-1155
-1053
135
-406
-3064
-4291
-2242
-29
-262
-1609
-1852
-1864
-2414
-2215
-76
2014
1635
-167
-481
778
1448
1414
1975
2875
2594
1447
1168
2027
2167
1383
1168
1769
1906
685
-561
-625
-263
-298
-252
-73
-426
-1692
-2694
-2243
-1315
-1117
-1316
-1192
-1227
-1753
-2177
-1689
-862
-773
-1265
-1194
-549
-964
-1490
-1900
-664
2144
2798
1589
-439
-1503
-499
1216
2788
3900
3434
722
-1722
-1094
2623
4789
3175
712
335
1328
665
-154
127
853
259
-1217
-857
77
-945
-3466
-3715
-1179
592
-448
-2207
-2520
-2401
-2424
-1441
902
2231
1091
-916
-917
608
1608
2000
2641
3021
2188
1092
1186
2304
2386
1975
2011
2137
1604
127
-638
-65
380
213
22
-327
-1172
-2503
-2950
-1957
-1067
-1173
-1724
-1996
-2232
-2562
-2301
-1382
-805
-1130
-1693
-1504
-861
-1241
-1500
-1492
326
2685
2740
1151
-996
-1258
431
2652
3923
4331
2951
-84
-2048
-229
4091
5631
3110
86
-47
886
246
-176
381
1015
-316
-1947
-1471
-698
-1927
-4073
-3375
-693
268
-1567
-3194
-3113
-2696
-2350
-821
1508
2084
196
-1618
-847
1041
2133
2613
3191
3078
1720
701
1423
2844
2828
2189
2020
1902
1023
-365
-636
215
515
-46
-543
-971
-1782
-2997
-3185
-1755
-789
-1278
-2261
-2707
-2625
-2512
-2116
-975
-348
-897
-1824
-1782
-1046
-631
-1121
-729
1862
3207
2172
-150
-1317
-44
1929
3323
4169
3882
1291
-1834
-1966
2009
5634
4539
966
-864
-157
-39
-389
264
1328
575
-2082
-2862
-1623
-1120
-2785
-3785
-1910
-56
-962
-2938
-3244
-2576
-2200
-1484
530
2064
1206
-969
-1509
150
1745
2666
3143
3230
2138
525
530
2376
3507
2902
2041
1440
846
94
-111
693
1134
390
-749
-1227
-1354
-1821
-2421
-1972
-932
-913
-1873
-2646
-2692
-2229
-1836
-1167
-491
-608
-1516
-2045
-1669
-639
-313
-638
1007
2559
2139
118
-1522
-483
1937
3366
3731
3453
1570
-1393
-2398
891
5503
5705
1954
-1097
-845
-86
-118
492
1909
1717
-1355
-3362
-2359
-623
-1386
-3028
-2311
-514
-929
-2915
-3320
-2124
-1534
-1674
-553
1161
1121
-761
-1558
117
1878
2417
2481
2880
2302
873
473
2344
4078
3491
2025
1165
1070
656
378
1186
1933
1107
-604
-1579
-1394
-1058
-1378
-1377
-1008
-1044
-1908
-2732
-2726
-2123
-1398
-960
-647
-1051
-1744
-2189
-1625
-727
-36
-300
-590
783
1560
1322
-66
-818
72
1852
2865
3076
2511
335
-1669
-1236
2570
5646
4516
814
-1158
-542
162
756
1764
2706
1069
-2197
-3194
-1362
399
-490
-1942
-1671
-1096
-2098
-3052
-2289
-921
-1011
-1749
-1219
-122
-106
-1131
-978
450
1359
1253
1347
1884
1534
665
798
2566
3526
2623
1422
1068
1302
1083
987
1774
2228
1082
-555
-1222
-636
-140
-439
-621
-606
-1156
-2196
-2574
-1936
-1040
-905
-1207
-1305
-1739
-2161
-2249
-1305
-335
-472
-1533
-2156
-615
962
1291
180
-839
-824
206
1425
2395
2666
1242
-763
-1183
1473
4370
4537
2098
130
168
629
1052
1848
2582
1723
-609
-2074
-1177
234
-103
-1166
-1535
-1445
-2120
-2966
-2482
-1415
-1428
-2169
-2252
-1706
-1340
-1633
-1358
-416
-59
-189
112
854
1120
722
690
1860
2526
2037
1638
1912
2338
1908
1304
1725
2417
1936
895
337
499
499
-163
-324
62
-183
-1383
-2209
-1902
-1050
-923
-1339
-1612
-1954
-2371
-2502
-1794
-920
-1100
-2123
-2698
-2293
-767
373
695
113
-1104
-1605
-638
1008
2142
2296
1474
534
-73
716
2671
3898
3202
1532
657
972
1281
1221
1756
2297
1396
-601
-1611
-841
153
-157
-825
-987
-1343
-2327
-3000
-2199
-1022
-1026
-1947
-2260
-1755
-1499
-1581
-1244
-238
262
-45
-289
25
598
933
1135
1437
1834
1912
1788
1646
1518
1590
1789
1999
1948
1560
1198
879
540
466
542
510
30
-647
-817
-572
-414
-626
-1034
-1226
-1262
-1358
-1249
-1028
-1265
-1824
-2264
-1947
-1200
-1016
-1096
-910
-648
-605
-1007
-1288
-737
169
811
1255
1255
739
21
-147
962
2400
2753
2140
1136
307
200
776
1828
2440
1596
120
-640
-489
160
525
661
432
-638
-1850
-1988
-1143
-375
-356
-750
-999
-1443
-1819
-1331
-234
473
25
-770
-724
-268
-52
221
886
1362
855
25
97
877
1282
1043
838
1008
1031
590
494
892
1036
557
8
229
843
899
549
189
-49
-171
-258
69
618
465
-404
-1219
-1253
-643
-123
-89
-439
-1033
-1528
-1419
-853
-341
-352
-754
-1092
-974
-569
-119
221
64
-402
-612
-226
439
709
540
310
285
310
269
301
526
697
625
445
365
381
255
-19
-34
253
380
113
-307
-411
-257
-232
-216
-24
66
-107
-582
-678
-250
-39
-130
-128
81
180
-177
-398
-61
332
415
159
66
271
254
147
244
469
600
517
379
435
479
504
690
746
638
473
430
566
577
393
184
71
35
-11
-36
-34
-206
-544
-708
-622
-416
-417
-696
-921
-933
-789
-535
-425
-496
-677
-859
-812
-508
-303
-266
-319
-438
-460
-415
-251
-70
-5
-105
-66
75
187
177
-1
-108
-42
96
164
210
164
30
-109
-130
58
306
321
126
-53
-120
-64
7
169
453
473
174
-185
-92
276
443
423
366
367
301
69
37
183
288
394
416
411
238
-44
-47
222
321
299
290
342
310
-17
-205
-42
173
288
257
112
-101
-424
-509
-131
216
228
-41
-325
-427
-352
-119
263
397
11
-431
-490
-87
228
153
-58
-134
-239
-448
-553
-343
-33
-134
-500
-750
-647
-441
-438
-526
-533
-495
-613
-676
-563
-332
-206
-248
-251
-120
69
89
72
111
209
290
330
466
605
573
410
313
431
668
756
686
483
301
296
340
395
353
275
187
85
-2
-30
60
115
-46
-351
-392
-205
48
111
-8
-140
-359
-484
-264
212
503
270
-236
-417
-164
193
439
504
379
146
-43
25
431
696
547
218
-3
108
254
226
191
177
125
-14
-225
-234
-108
-133
-247
-355
-318
-191
-294
-556
-619
-440
-290
-316
-483
-497
-394
-411
-392
-256
-43
-43
-296
-419
-260
-6
137
170
217
136
-57
-151
31
355
531
457
318
163
-14
-51
86
334
468
381
208
-1
-133
-80
89
205
150
2
-80
-57
-62
-57
12
66
2
-115
-121
3
19
-81
-167
-100
35
54
-16
-74
-62
16
124
211
210
105
27
39
171
293
308
223
100
73
159
280
367
384
239
-7
-125
19
334
394
104
-150
-178
-126
-138
-164
-64
45
-129
-362
-262
-13
22
-227
-362
-167
-10
-88
-105
83
144
-61
-276
-121
204
247
108
75
128
27
-145
-82
216
376
234
25
-2
71
93
62
71
111
70
-3
-32
-4
33
-36
-148
-233
-231
-178
-186
-232
-289
-358
-422
-419
-354
-303
-360
-435
-389
-232
-130
-192
-278
-262
-169
-49
67
104
53
-76
-125
77
333
517
499
287
63
40
238
542
665
502
245
43
13
72
142
204
222
101
-59
-147
-141
-50
-2
15
16
-37
-130
-140
-22
89
132
76
48
53
32
94
296
396
258
55
32
253
403
401
325
266
136
-30
-23
200
369
261
55
-105
-134
-105
-49
51
16
-184
-397
-465
-369
-306
-338
-375
-444
-585
-734
-771
-622
-443
-418
-503
-577
-635
-663
-581
-366
-132
-138
-365
-537
-482
-270
-65
116
216
90
-211
-344
-135
234
437
380
232
56
-143
-198
29
330
421
231
32
-26
-79
-88
133
389
413
169
-44
74
257
288
297
384
405
250
87
213
469
460
304
280
380
421
310
314
455
459
292
169
244
375
317
207
285
309
187
53
54
189
144
-24
-70
-50
-91
-216
-294
-218
-222
-372
-466
-486
-484
-528
-548
-425
-378
-529
-684
-658
-491
-367
-370
-386
-409
-496
-570
-470
-176
-5
-72
-280
-388
-315
-146
15
125
149
41
-118
-231
-164
68
277
313
171
-14
-137
-116
71
289
405
299
96
-23
14
173
347
476
441
243
101
167
334
441
464
494
478
348
276
382
588
633
475
374
419
450
380
434
625
674
435
217
285
491
537
377
272
244
133
24
74
231
211
-95
-326
-307
-214
-221
-288
-282
-301
-486
-642
-561
-384
-364
-520
-579
-467
-451
-576
-567
-367
-238
-356
-514
-440
-238
-207
-304
-261
-146
-138
-238
-248
-82
17
-29
-57
20
83
8
-39
87
198
173
78
107
189
131
10
22
194
273
162
33
1
-1
-51
-38
101
189
95
-59
-78
39
101
107
160
218
181
77
177
430
531
386
244
343
542
580
516
514
516
387
239
315
525
519
279
78
75
93
-21
-50
44
28
-236
-470
-440
-321
-379
-502
-465
-380
-503
-736
-695
-429
-316
-471
-595
-506
-347
-362
-394
-252
-125
-163
-272
-226
1
150
122
61
53
57
90
194
323
371
254
96
92
172
234
198
117
63
35
14
4
-16
-97
-163
-210
-204
-176
-200
-221
-221
-263
-270
-223
-152
-103
-138
-134
-26
72
98
38
55
181
286
316
301
299
305
263
256
340
368
308
210
187
220
148
40
11
13
-44
-175
-225
-165
-220
-418
-520
-400
-241
-300
-473
-491
-390
-372
-403
-343
-177
-133
-271
-329
-179
-8
35
8
52
126
130
167
276
376
308
200
241
375
438
401
372
370
284
178
214
325
336
198
74
74
76
-4
-30
22
32
-67
-199
-175
-86
-94
-124
-104
-64
-95
-162
-109
44
95
26
-38
-24
62
106
126
150
113
43
4
28
73
84
31
-24
-72
-100
-85
-88
-125
-189
-239
-279
-318
-333
-333
-368
-426
-419
-364
-317
-344
-374
-333
-277
-250
-206
-105
-32
-36
-75
-22
105
190
224
243
274
305
337
399
453
442
409
413
445
473
484
494
471
391
304
313
390
397
329
244
222
188
142
170
217
234
170
87
83
121
151
210
248
251
182
100
148
245
295
283
209
177
176
169
191
187
145
77
-3
-41
-33
-51
-97
-166
-253
-300
-325
-339
-363
-434
-480
-524
-592
-658
-669
-640
-605
-600
-610
-583
-590
-578
-543
-476
-386
-326
-268
-229
-196
-158
-81
23
115
165
181
194
211
253
330
390
393
363
342
350
344
333
340
338
310
231
181
204
220
191
132
81
59
46
23
24
44
51
57
57
65
89
126
154
205
256
275
291
294
312
315
312
351
414
433
387
298
253
257
230
202
163
101
36
-62
-137
-159
-207
-279
-347
-399
-422
-496
-600
-678
-711
-708
-714
-713
-686
-680
-718
-743
-719
-636
-568
-517
-431
-370
-350
-347
-276
-108
24
51
49
80
138
195
224
298
380
363
299
274
292
321
269
231
240
208
140
86
86
97
9
-98
-93
-67
-87
-157
-171
-117
-121
-165
-140
-43
11
-24
-27
66
170
203
213
287
326
278
269
392
536
534
427
379
415
410
360
341
369
346
223
118
106
83
-5
-101
-95
-76
-183
-349
-455
-453
-445
-490
-517
-497
-523
-597
-653
-611
-510
-474
-475
-436
-361
-333
-340
-262
-113
-24
-20
-30
43
150
169
163
247
352
348
277
286
363
370
270
209
255
260
176
93
98
108
4
-108
-104
-70
-140
-266
-292
-221
-212
-294
-311
-242
-227
-282
-280
-170
-67
-69
-79
-1
61
44
49
166
317
330
260
258
328
342
315
351
416
390
283
237
269
276
194
142
177
174
62
-62
-90
-79
-128
-188
-180
-158
-223
-320
-345
-292
-254
-271
-246
-188
-173
-210
-217
-114
48
131
132
102
112
178
244
323
402
447
441
394
369
423
479
464
404
362
356
311
237
198
198
157
55
-44
-70
-84
-157
-226
-239
-240
-285
-357
-371
-354
-356
-372
-351
-288
-254
-261
-258
-220
-179
-141
-83
-14
29
35
44
75
112
138
173
202
177
130
106
136
173
130
116
126
106
31
-53
-66
-31
-45
-102
-129
-154
-208
-270
-260
-204
-193
-236
-252
-220
-193
-206
-190
-110
-34
9
32
46
73
97
157
251
297
297
299
321
345
365
387
423
412
356
326
317
317
276
242
246
215
119
28
5
7
-14
-58
-70
-103
-199
-286
-287
-199
-152
-187
-234
-247
-257
-270
-226
-129
-60
-77
-135
-147
-103
-61
-12
35
65
46
-17
-59
-34
22
60
58
17
-14
-52
-66
-65
-61
-72
-115
-154
-180
-200
-225
-252
-267
-272
-296
-334
-345
-318
-305
-315
-323
-297
-253
-227
-179
-130
-108
-109
-101
-18
73
112
129
153
190
227
249
289
333
336
316
311
322
330
324
311
307
284
237
199
174
157
125
94
84
46
-12
-66
-82
-64
-56
-69
-80
-81
-109
-143
-138
-89
-48
-45
-57
-49
-44
-48
-47
-25
16
35
27
-5
-31
-38
-16
24
53
52
27
-8
-47
-70
-43
-17
-30
-82
-140
-164
-183
-194
-196
-198
-232
-279
-302
-288
-272
-282
-292
-258
-239
-246
-242
-204
-154
-141
-117
-81
-27
-8
-6
36
101
146
144
152
188
223
227
231
253
270
265
246
236
253
260
228
200
195
205
191
163
143
129
119
111
98
84
73
47
37
34
52
80
77
51
31
42
75
94
79
69
65
53
63
90
112
94
50
42
85
125
134
119
93
78
59
66
85
78
44
9
6
16
-6
-47
-68
-79
-90
-105
-110
-117
-137
-158
-167
-149
-147
-160
-158
-136
-125
-130
-116
-83
-65
-62
-52
-16
6
6
19
45
60
59
73
109
127
102
90
113
128
120
104
119
143
116
86
97
111
103
97
112
127
94
44
31
47
63
74
86
91
67
28
34
80
88
63
41
44
34
26
31
53
59
32
37
80
117
84
45
51
74
86
72
66
58
48
37
47
62
40
-9
-44
-46
-39
-47
-60
-61
-77
-103
-119
-128
-126
-129
-139
-142
-137
-116
-112
-112
-115
-111
-95
-89
-90
-83
-77
-81
-74
-61
-37
-40
-68
-78
-52
-34
-50
-67
-63
-52
-60
-73
-74
-66
-77
-88
-78
-62
-60
-83
-116
-123
-125
-121
-97
-67
-72
-111
-129
-115
-97
-89
-77
-56
-47
-73
-94
-67
-20
7
20
38
47
25
-6
4
53
93
101
80
55
39
23
30
51
61
43
5
-29
-44
-43
-31
-18
-17
-34
-61
-74
-71
-58
-52
-44
-34
-30
-23
-17
-11
2
22
29
24
14
14
31
41
56
69
58
31
12
11
31
45
20
-1
-21
-37
-50
-66
-68
-73
-96
-115
-122
-129
-145
-173
-200
-202
-197
-192
-178
-178
-184
-199
-205
-194
-173
-144
-124
-114
-132
-150
-148
-96
-28
18
29
11
-11
-15
15
66
109
117
84
41
36
63
83
88
75
58
42
19
12
19
32
37
20
1
5
18
19
23
34
50
61
70
92
117
129
147
182
208
220
212
217
236
250
266
274
288
277
254
239
251
256
232
216
204
186
152
113
116
125
105
63
18
-1
-21
-34
-32
-31
-59
-100
-126
-121
-100
-98
-109
-116
-118
-111
-99
-67
-50
-59
-73
-60
-16
18
36
33
24
18
18
46
85
95
63
21
9
27
27
20
2
-27
-60
-98
-99
-76
-65
-93
-131
-153
-146
-137
-135
-122
-116
-113
-118
-111
-74
-34
-18
-9
17
48
63
75
102
147
169
163
174
193
214
223
227
240
253
232
204
194
205
202
176
167
152
136
104
77
71
62
34
12
-1
-8
-31
-57
-58
-49
-54
-67
-76
-84
-79
-82
-74
-57
-58
-55
-39
-30
-35
-32
-13
17
24
19
18
25
24
0
-13
-2
3
-18
-51
-77
-90
-107
-123
-122
-125
-147
-175
-202
-211
-202
-199
-212
-228
-243
-246
-238
-211
-181
-170
-177
-198
-195
-159
-119
-99
-85
-73
-55
-37
-23
9
31
37
33
45
74
96
93
74
80
91
94
97
101
96
67
26
16
20
20
17
-1
-11
-44
-66
-52
-28
-10
-24
-43
-51
-49
-36
-19
6
15
10
4
9
31
45
53
70
78
74
70
76
86
91
81
79
83
74
59
42
36
29
27
20
16
0
-29
-62
-71
-63
-54
-74
-101
-113
-138
-152
-140
-107
-93
-108
-138
-151
-133
-108
-95
-85
-79
-84
-90
-70
-42
-22
-21
-30
-32
-16
8
17
15
17
10
11
13
18
28
14
0
-14
-24
-16
-13
-13
-15
-32
-49
-50
-43
-30
-23
-28
-21
-11
-2
6
11
16
33
54
65
67
80
98
108
121
127
146
159
163
161
177
199
208
197
174
170
171
174
176
187
186
167
130
111
123
130
126
109
97
82
55
42
57
77
67
34
17
11
13
6
2
13
6
-11
-17
-6
13
15
10
3
5
3
5
11
13
10
-6
-10
-11
-17
-26
-38
-43
-47
-58
-68
-78
-83
-84
-86
-89
-88
-94
-97
-100
-104
-92
-88
-85
-85
-91
-84
-61
-37
-26
-18
-18
-14
-4
17
40
52
62
54
50
67
80
102
118
112
108
101
95
108
131
143
130
94
71
70
82
97
100
90
68
36
19
27
44
49
37
29
27
14
4
4
25
31
21
7
7
11
6
18
46
46
28
6
-9
3
5
-2
7
17
4
-24
-36
-22
-17
-38
-57
-53
-55
-75
-93
-96
-89
-100
-125
-134
-119
-108
-120
-135
-148
-161
-151
-139
-124
-118
-134
-135
-129
-120
-106
-88
-70
-62
-68
-82
-67
-43
-19
-13
-15
-11
-22
-23
-12
21
38
34
15
8
7
1
10
10
23
21
6
2
5
11
9
4
13
23
10
0
7
18
21
9
16
25
23
4
2
30
58
59
34
26
27
26
27
44
52
34
4
-7
10
18
9
5
6
-6
-27
-41
-26
-7
-27
-58
-59
-54
-54
-64
-69
-63
-80
-90
-81
-49
-36
-47
-59
-68
-63
-58
-37
-11
2
-22
-48
-37
-7
12
15
20
20
14
-1
7
38
50
38
24
24
19
6
-6
-7
7
5
-7
-16
-19
-16
-30
-34
-24
-18
-28
-35
-22
-10
-2
-11
-12
-12
-9
-10
-6
5
23
32
26
29
26
27
25
32
44
36
19
8
20
32
35
41
41
29
10
6
19
43
45
29
31
32
33
36
46
58
59
48
45
51
60
69
61
55
50
46
54
60
66
63
50
39
34
35
36
32
25
18
18
18
7
-2
-8
-16
-25
-35
-48
-65
-70
-71
-76
-84
-100
-107
-104
-104
-101
-97
-95
-94
-98
-102
-92
-85
-85
-82
-78
-75
-63
-48
-46
-40
-42
-40
-32
-33
-22
-9
-2
-5
-6
-6
7
82
59
-79
-118
-93
-110
-29
128
134
63
22
-43
-61
24
59
43
90
110
71
35
32
11
18
103
164
176
165
122
79
72
70
83
138
182
176
155
148
114
82
64
75
112
110
88
76
81
60
34
14
-3
-2
6
2
-20
-21
-44
-85
-92
-78
-66
-61
-51
-61
-90
-103
-116
-105
-67
-56
-42
-41
-46
-55
-83
-100
-101
-78
-58
-48
-49
-58
-78
-107
-105
-84
-68
-64
-67
-65
-70
-78
-81
-64
-49
-52
-63
2
82
41
-35
-93
-184
-215
-120
-6
64
107
89
15
30
77
71
75
73
21
-15
24
68
101
137
137
119
155
175
172
180
168
139
114
127
132
149
173
174
171
166
142
94
58
31
38
85
131
186
166
38
-86
-151
-163
-112
-30
18
10
29
34
-19
-56
-117
-185
-162
-83
-31
-34
-64
-108
-137
-82
-20
16
36
20
-11
-61
-111
-155
-185
-138
-51
13
42
30
-5
-69
-117
-130
-136
-122
-90
-53
-55
-67
-89
-121
-147
-113
-70
-116
-128
-101
-105
-106
-35
31
35
76
91
20
-23
-28
-71
-49
27
83
100
103
97
64
48
51
53
63
78
89
79
70
36
-10
-23
-16
-6
0
7
14
-36
-69
-28
14
79
157
148
48
-29
-83
-140
-114
-46
-47
-54
-29
-35
-46
-29
-3
26
64
102
82
39
-23
-78
-95
-50
16
80
120
112
76
21
-18
-50
-43
-12
6
14
28
21
-1
-10
-25
-53
-66
-73
-81
-83
-79
-84
-109
-113
-85
-52
-11
11
-23
-64
-57
-66
-57
8
54
53
83
108
59
7
11
10
28
104
140
119
108
86
33
26
55
57
52
65
48
11
-2
-32
-59
-51
-46
-36
-11
-11
-22
-31
-52
-75
-71
-31
6
36
65
71
46
23
6
13
48
80
137
167
147
131
132
110
98
129
158
155
131
107
55
11
13
24
49
80
73
31
4
-10
-32
-39
-7
9
-2
-10
-38
-56
-59
-57
-32
8
10
12
48
51
34
29
7
-6
16
39
48
64
72
53
29
9
-5
-6
4
13
19
3
-26
-42
-58
-60
-39
-21
-27
-38
-31
-33
-38
-22
-22
-37
-35
-54
-69
-58
-31
-18
-16
0
-14
-16
3
6
33
58
47
15
10
20
26
53
82
78
69
67
68
64
62
73
82
76
57
39
7
4
26
11
-8
-4
-21
-34
-8
-13
-29
-34
-32
-28
-16
4
-23
-28
-2
7
11
-5
-30
-42
-31
-11
-1
1
10
-1
-28
-41
-48
-41
-36
-37
-15
-5
-37
-83
-92
-107
-140
-113
-94
-94
-70
-76
-122
-148
-176
-185
-149
-132
-131
-111
-120
-136
-117
-107
-116
-86
-49
-41
-30
-18
-64
-112
-97
-82
-57
-16
0
-26
-33
-32
-35
-20
4
26
33
21
9
-12
-40
-42
-28
-7
22
34
28
38
38
13
2
-9
-21
11
35
34
40
16
-21
-13
-1
-3
58
92
59
34
38
12
18
56
51
31
50
49
14
29
28
2
-2
-24
-35
-4
-17
-52
-36
-53
-90
-64
-63
-93
-61
-25
-55
-59
-60
-124
-145
-100
-75
-47
-12
-28
-70
-86
-115
-136
-86
-48
-45
-4
23
-30
-73
-79
-102
-106
-24
31
22
29
6
-45
-80
-65
-39
-21
13
42
42
15
8
2
-16
-10
25
66
90
74
51
19
-18
-2
36
87
134
141
108
94
85
75
88
127
127
113
124
104
100
120
134
134
155
173
165
158
143
89
63
96
125
134
136
138
107
61
58
59
34
33
49
32
37
70
54
25
42
38
10
25
28
-19
-25
17
22
34
72
61
17
5
-4
-26
-9
40
26
6
39
35
-9
-25
-35
-47
-45
-18
15
13
-5
-16
-41
-77
-55
-29
-51
-23
33
13
-24
-23
-25
-40
-12
22
32
40
50
28
4
22
32
29
41
50
32
30
43
36
37
45
48
31
12
2
-12
-13
1
2
-5
8
19
31
32
19
-9
-31
-33
4
22
12
16
8
-18
-6
25
11
20
47
38
21
30
9
-8
2
21
27
42
49
21
-4
-12
-4
-5
4
31
21
-8
-7
-10
-37
-30
-19
-47
-45
-17
-32
-54
-47
-57
-94
-82
-76
-83
-45
-34
-46
-56
-81
-118
-105
-69
-63
-43
-34
-70
-78
-83
-118
-102
-62
-63
-53
-24
-43
-72
-85
-92
-65
-55
-66
-49
-32
-51
-68
-72
-62
-49
-28
-33
-51
-36
-31
-38
-33
-38
-51
-43
-32
-18
10
15
-21
-24
-17
-25
-13
5
-3
-1
33
39
15
13
14
9
20
39
47
33
15
4
-14
-13
-6
-2
2
28
23
-5
-6
-9
-1
-8
-13
-11
-24
-35
-31
-30
-23
6
10
-5
-5
8
-11
-19
7
11
9
18
9
-6
9
16
6
1
19
1
-13
11
10
-2
1
-9
-26
-41
-30
-14
-22
-13
11
1
-5
16
5
-4
4
18
-19
-20
15
-6
-17
7
5
-21
-6
14
3
13
35
34
40
28
-16
-20
9
36
44
73
95
69
56
57
47
17
34
59
58
73
74
52
38
44
64
63
69
91
70
49
66
70
45
57
91
86
78
86
82
68
51
62
67
66
69
74
83
73
62
73
77
57
57
55
50
59
82
91
78
74
57
38
38
51
58
54
42
24
18
1
-5
2
0
-5
3
-12
-45
-37
-29
-32
-34
-30
-31
-47
-37
-37
-38
-36
-43
-50
-70
-67
-33
-30
-29
-19
-27
-49
-67
-51
-29
-12
-15
-26
-37
-42
-43
-13
15
2
12
4
-8
-23
-27
-11
-2
32
77
85
57
39
23
9
31
62
65
65
73
59
44
50
41
22
43
76
81
74
62
35
22
35
26
28
61
71
48
31
20
-24
-39
-5
7
18
43
25
-22
-36
-45
-53
-44
-30
-21
-37
-45
-53
-82
-82
-68
-76
-68
-55
-77
-88
-88
-99
-111
-97
-92
-93
-80
-78
-75
-70
-72
-94
-95
-89
-87
-84
-65
-51
-56
-50
-43
-47
-54
-63
-63
-59
-51
-28
-28
-29
-34
-33
-30
-8
0
-3
16
22
11
-10
-26
-24
-20
-17
-2
12
1
-14
-25
-33
-28
-26
-4
10
16
18
10
-12
-40
-33
-16
-10
8
18
23
28
33
26
25
14
6
6
30
38
24
21
-13
-28
-15
6
21
11
-12
-41
-67
-73
-68
-50
-32
-30
-48
-66
-74
-73
-74
-78
-61
-49
-44
-50
-75
-96
-88
-77
-69
-59
-52
-60
-79
-69
-56
-55
-49
-45
-68
-69
-41
-20
-19
-22
-34
-67
-62
-55
-55
-35
-16
-17
-18
-8
-17
-22
-26
-31
-20
-6
14
30
28
14
-6
-16
-6
14
40
71
60
43
45
38
41
38
41
62
78
71
59
59
49
41
42
59
84
89
85
74
56
39
34
51
71
80
81
71
51
41
43
54
74
83
86
94
94
81
62
51
50
50
64
86
101
86
57
42
24
18
38
55
56
65
63
43
32
28
24
29
32
26
19
17
7
-4
-9
-18
-15
-12
-3
1
-2
-11
-23
-26
-3
16
5
-2
-13
-12
-7
4
10
3
8
7
11
20
22
35
30
23
28
34
29
36
51
43
36
47
50
36
33
41
34
29
45
55
55
47
43
40
46
46
36
34
50
57
53
59
43
28
23
34
47
55
55
48
39
28
26
40
42
37
40
31
26
25
15
-3
-7
-7
-6
1
-1
-2
-3
-6
-25
-28
-28
-16
-9
-10
-21
-35
-33
-42
-43
-36
-34
-38
-36
-44
-59
-64
-51
-55
-58
-42
-53
-66
-58
-57
-65
-55
-55
-66
-69
-54
-53
-65
-61
-66
-87
-98
-84
-78
-77
-70
-69
-77
-78
-88
-92
-84
-71
-50
-36
-38
-36
-41
-42
-39
-25
-19
-11
-12
-18
-13
-8
-12
-6
3
-5
-13
-11
-5
1
8
10
5
0
-11
-16
-10
-2
3
0
-3
-8
-13
-19
-14
-7
-14
-22
-31
-40
-39
-22
-6
-2
-2
-13
-24
-38
-42
-46
-39
-35
-27
-21
-26
-32
-38
-37
-38
-32
-29
-33
-26
-15
-33
-50
-50
-55
-56
-45
-39
-49
-59
-59
-71
-73
-61
-64
-55
-48
-55
-56
-59
-66
-66
-67
-60
-52
-55
-42
-33
-26
-18
-29
-28
-20
-10
0
11
16
14
10
7
18
29
31
49
48
43
41
32
37
31
48
61
64
65
52
49
52
54
55
63
65
71
70
78
90
93
102
98
92
83
70
73
75
93
102
93
90
82
79
78
90
104
102
107
101
94
90
90
92
94
92
76
67
65
59
52
51
46
38
34
32
37
43
39
34
23
18
23
22
13
11
14
7
2
6
1
-3
1
0
-3
-1
7
3
2
-3
-9
-6
-6
-11
-15
-20
-27
-16
-6
-3
-1
-15
-23
-20
-12
-3
3
3
6
12
7
12
17
16
29
28
23
30
39
36
35
38
33
35
31
31
31
38
46
40
43
48
39
36
37
39
37
35
39
44
50
46
29
18
21
36
35
38
42
35
29
32
34
25
34
38
28
26
25
8
0
4
-7
-4
-1
-4
1
-5
-21
-25
-29
-28
-20
-21
-18
-20
-26
-41
-51
-66
-71
-57
-54
-54
-54
-57
-76
-91
-94
-96
-93
-93
-84
-80
-82
-88
-99
-102
-95
-94
-92
-83
-78
-74
-81
-83
-78
-77
-76
-74
-73
-77
-73
-67
-59
-49
-55
-59
-61
-64
-52
-53
-53
-46
-51
-51
-59
-52
-52
-59
-57
-61
-57
-63
-58
-54
-58
-51
-48
-50
-45
-44
-45
-37
-31
-22
-19
-19
-19
-21
-26
-32
-33
-28
-20
-17
-23
-18
-11
-11
-11
-12
-20
-37
-34
-32
-31
-21
-27
-36
-40
-53
-60
-59
-56
-53
-43
-36
-39
-51
-60
-54
-43
-26
-26
-30
-40
-48
-47
-40
-31
-27
-26
-26
-16
-17
-18
-4
-4
-1
1
-3
-8
-5
-8
-2
-4
-1
8
7
2
-5
3
2
8
10
15
23
22
23
29
34
30
30
34
41
43
45
56
62
62
67
62
56
62
67
69
77
78
70
68
69
68
60
61
74
77
74
66
55
50
58
60
61
63
58
56
52
43
43
37
39
45
37
37
26
33
38
31
34
28
23
28
28
29
29
23
24
13
10
21
21
21
29
37
41
36
31
40
43
37
38
45
49
43
41
37
40
46
48
47
41
39
35
30
32
27
25
24
28
33
34
35
37
35
22
15
15
17
22
28
24
21
19
20
23
27
35
31
26
23
22
17
13
14
11
11
10
6
3
0
2
-5
-3
-1
-6
-5
-8
-6
-5
-5
-7
-6
-10
-12
-15
-17
-23
-20
-12
-1
0
-11
-14
-18
-17
-15
-12
-10
-10
-10
-2
4
4
11
6
2
4
0
-9
-16
-11
-7
-9
-13
-16
-19
-19
-18
-22
-20
-18
-25
-29
-21
-17
-16
-15
-14
-22
-23
-33
-33
-21
-20
-25
-32
-30
-25
-27
-27
-25
-36
-40
-41
-38
-38
-42
-45
-38
-38
-51
-52
-53
-49
-45
-45
-40
-38
-36
-41
-40
-35
-25
-23
-22
-14
-13
-18
-19
-16
-13
-14
-6
-4
0
-6
-8
-5
-13
-7
-10
-5
-8
-7
-8
-14
-12
-12
-14
-15
-13
-15
-11
-12
-14
-9
-5
-11
-15
-12
-9
-12
-8
-4
2
1
-3
-5
-9
-15
-13
-12
-26
-24
-23
-13
-11
-10
-9
-20
-23
-28
-25
-23
-27
-25
-23
-30
-34
-31
-28
-25
-23
-23
-22
-18
-23
-29
-27
-21
-17
-14
-15
-17
-15
-13
-17
-12
-16
-22
-12
-3
-2
-1
5
5
3
9
15
24
32
28
26
22
27
34
39
54
53
50
46
46
51
50
49
53
52
55
58
59
61
63
58
55
58
64
71
74
76
71
74
71
65
62
54
53
47
48
53
53
49
47
33
30
32
32
36
33
34
34
38
31
23
20
9
8
3
-3
-2
-7
-17
-20
-24
-28
-35
-38
-36
-36
-33
-27
-19
-20
-23
-30
-31
-22
-20
-23
-19
-10
-10
-21
-16
-18
-12
3
9
12
11
2
-3
4
11
18
16
20
17
18
21
25
33
34
34
37
39
33
28
27
31
33
27
22
28
28
28
36
39
40
33
34
36
32
36
35
36
33
24
29
32
27
26
24
18
20
16
10
3
3
13
11
8
8
4
5
3
-3
-7
-7
-8
-9
-11
-17
-15
-17
-25
-26
-28
-26
-24
-29
-31
-32
-32
-28
-21
-16
-18
-26
-32
-34
-35
-33
-23
-14
-16
-7
-10
-11
-10
-12
-5
-4
-4
-9
-10
-2
-1
1
7
3
2
1
-4
-4
-6
-9
-9
-15
-16
-16
-19
-15
-11
-18
-21
-29
-26
-25
-28
-27
-32
-33
-40
-40
-42
-43
-41
-44
-41
-46
-49
-49
-54
-55
-52
-51
-44
-38
-27
-29
-32
-30
-27
-23
-21
-15
-11
-8
-11
-7
-5
-10
-1
8
9
6
3
0
2
8
12
12
15
12
18
26
26
32
34
32
38
39
36
28
25
25
17
18
15
11
9
7
1
-4
0
2
-8
-7
-8
-18
-8
-12
-12
-17
-20
-22
-24
-21
-20
-27
-41
-45
-43
-44
-46
-49
-54
-55
-50
-57
-54
-49
-58
-61
-62
-67
-66
-65
-61
-56
-58
-58
-51
-46
-46
-44
-37
-37
-32
-34
-29
-19
-20
-13
-9
0
4
10
12
15
14
14
17
11
13
15
18
26
36
32
34
33
30
35
35
41
40
39
37
38
36
26
29
33
32
27
19
19
25
21
13
5
-2
1
3
6
10
12
13
7
7
8
6
2
-6
-6
-13
-17
-14
-22
-19
-15
-22
-16
-13
-19
-19
-19
-13
-10
-3
-4
-11
-19
-23
-17
-9
-4
-2
-1
-6
-2
-2
0
10
8
11
6
3
15
24
28
28
25
29
34
37
43
41
38
40
42
45
51
52
56
55
39
37
42
43
37
33
30
31
38
37
34
40
42
41
38
35
27
30
30
26
24
22
23
23
24
22
18
15
8
5
11
17
17
13
11
8
9
13
16
12
15
20
21
18
10
10
14
11
18
22
16
15
11
10
12
12
13
13
16
16
19
22
29
26
20
19
14
16
22
16
17
16
15
13
13
14
17
20
15
19
19
19
17
16
14
14
15
12
13
13
13
12
15
17
6
2
3
5
4
4
2
0
-5
0
1
-1
1
2
3
5
9
5
5
5
4
6
8
8
8
15
16
14
15
15
17
16
20
17
10
13
13
16
23
20
11
10
11
13
14
9
13
16
6
1
-12
-19
-21
-19
-20
-18
-25
-37
-37
-42
-45
-53
-64
-65
-68
-68
-73
-80
-78
-84
-84
-88
-86
-90
-94
-93
-85
-80
-86
-79
-71
-69
-69
-67
-66
-63
-65
-64
-62
-63
-61
-63
-59
-58
-60
-62
-58
-46
-46
-48
-45
-44
-46
-45
-35
-30
-30
-21
-19
-18
-13
-15
-5
-3
-8
-4
1
9
8
13
16
19
18
23
23
24
31
34
26
27
24
28
32
32
36
32
36
33
35
36
29
23
27
26
22
21
15
14
15
15
13
10
9
12
9
7
9
13
15
11
9
6
10
9
5
6
-2
-11
-11
-17
-16
-10
-17
-21
-23
-27
-34
-33
-32
-41
-38
-30
-24
-29
-32
-36
-37
-31
-31
-32
-33
-31
-29
-31
-29
-25
-19
-18
-17
-13
-17
-15
-11
-2
3
3
7
8
12
15
24
27
30
32
24
32
30
31
40
43
48
50
58
64
60
66
72
77
82
84
85
79
78
84
88
85
84
88
85
84
82
77
78
80
78
74
75
75
75
71
66
63
64
59
61
65
68
62
57
58
56
56
50
44
40
42
43
45
36
26
19
18
18
17
19
14
9
-4
-9
-7
-7
-3
-4
-11
-19
-19
-25
-18
-9
-8
-8
-15
-11
-11
-15
-18
-19
-15
-11
-8
-10
-11
-8
-9
-5
0
1
1
5
1
5
4
7
7
10
7
0
5
1
2
6
8
4
1
-3
-5
4
7
8
11
7
10
10
17
20
15
20
16
13
12
4
5
1
-6
-10
-1
1
-6
-6
-14
-22
-27
-29
-32
-28
-21
-28
-35
-38
-40
-42
-46
-53
-55
-53
-54
-53
-58
-61
-66
-59
-58
-62
-60
-66
-71
-73
-70
-69
-70
-72
-77
-75
-71
-77
-76
-77
-81
-82
-81
-74
-69
-71
-70
-70
-69
-62
-64
-57
-58
-67
-61
-62
-59
-55
-54
-47
-42
-46
-44
-43
-38
-34
-42
-43
-40
-41
-42
-37
-34
-37
-33
-28
-30
-23
-17
-24
-18
-9
-12
-9
-7
-9
-6
-11
-12
-8
-5
3
4
8
8
3
13
12
9
10
8
10
10
14
17
11
2
8
14
2
2
2
0
7
8
7
10
10
13
18
11
0
-3
-6
-4
-5
-8
-6
-6
2
-3
-11
-14
-15
-9
-10
-11
-20
-24
-32
-32
-31
-24
-25
-26
-28
-33
-29
-32
-29
-25
-21
-24
-22
-21
-19
-13
-15
-5
-10
-11
-4
0
4
7
9
11
17
16
18
22
27
33
33
44
45
41
39
37
41
43
42
38
42
40
48
46
42
44
43
49
46
43
54
58
56
63
61
57
58
51
57
56
50
56
49
51
47
46
46
35
29
34
38
41
46
48
52
51
48
50
46
44
43
34
42
42
40
37
35
36
35
36
35
38
43
41
42
41
40
40
42
43
45
43
39
32
23
22
23
17
21
23
15
17
25
22
20
26
19
17
15
17
22
24
25
23
19
16
16
16
17
20
19
20
18
15
14
19
28
30
23
12
10
4
9
15
9
7
6
5
4
3
1
0
-1
-3
5
3
0
4
2
1
-2
-6
-6
-12
-17
-11
-4
-10
-5
-9
-15
-15
-19
-16
-18
-19
-22
-25
-35
-27
-23
-24
-24
-31
-27
-38
-35
-35
-33
-35
-38
-41
-40
-37
-35
-35
-43
-44
-48
-53
-51
-56
-58
-60
-63
-59
-57
-50
-54
-60
-58
-60
-55
-52
-48
-50
-57
-58
-53
-57
-62
-59
-61
-58
-57
-57
-56
-52
-57
-60
-58
-59
-55
-48
-47
-44
-35
-37
-34
-36
-37
-30
-24
-24
-21
-19
-21
-16
-15
-15
-12
-17
-20
-12
-8
-3
-4
-2
4
9
10
14
15
13
17
17
22
26
25
19
15
16
17
25
24
22
19
18
14
11
18
16
10
14
12
10
12
8
4
4
4
-2
-3
-4
-10
-9
-8
-11
-10
-9
-16
-12
-11
-9
-13
-20
-11
-11
-9
-6
-10
-12
-11
-18
-21
-18
-23
-19
-20
-18
-12
-17
-18
-15
-17
-13
-6
0
3
4
7
12
16
15
17
13
13
10
11
15
12
26
31
32
37
40
37
42
50
43
52
56
58
55
54
58
60
64
71
76
73
74
75
74
75
75
74
72
68
69
75
74
69
72
65
68
72
66
68
63
56
60
58
55
47
43
38
32
32
28
22
20
11
3
-1
-2
-3
-6
-2
-5
-5
-6
-12
-16
-19
-16
-20
-24
-20
-18
-12
-13
-7
-2
-3
-2
0
-1
2
2
6
7
9
8
12
14
16
22
27
34
28
29
29
26
27
29
36
39
36
35
27
32
30
26
31
25
25
23
25
24
28
26
19
17
16
15
21
19
5
1
-1
-7
-9
-18
-18
-12
-9
-7
-9
-9
-14
-13
-12
-13
-12
-6
-3
-7
-12
-11
-14
-18
-20
-21
-24
-24
-19
-27
-30
-25
-23
-22
-31
-29
-25
-25
-21
-23
-28
-31
-26
-13
-9
-6
-10
-16
-15
-16
-10
-15
-6
2
2
7
7
4
1
3
-3
-4
-5
-11
-17
-17
-18
-15
-19
-26
-31
-42
-47
-45
-43
-41
-40
-39
-46
-47
-42
-48
-55
-57
-57
-53
-56
-60
-54
-56
-64
-68
-70
-73
-72
-73
-73
-73
-73
-68
-67
-67
-72
-76
-71
-64
-60
-56
-53
-45
-44
-42
-41
-36
-32
-30
-20
-25
-22
-23
-24
-18
-24
-24
-23
-20
-10
-8
-9
-8
-7
-4
-6
-7
-5
0
-1
1
-1
-2
5
6
4
5
1
3
2
-6
-10
-17
-18
-15
-17
-10
-10
-21
-15
-15
-14
-15
-19
-23
-25
-31
-28
-24
-33
-39
-38
-37
-47
-47
-40
-38
-38
-35
-31
-29
-26
-25
-29
-30
-26
-26
-24
-21
-13
-10
-11
-11
-12
-16
-10
-1
6
10
7
7
12
16
22
28
24
22
26
33
38
40
39
41
44
48
46
47
54
57
60
59
63
70
74
77
80
81
86
82
78
77
76
75
69
68
67
58
60
63
60
56
50
50
46
33
29
29
30
35
34
38
38
27
23
20
19
17
16
14
10
13
13
10
9
3
-4
-6
-4
3
-7
-9
-4
-5
-10
-13
-12
-15
-9
-14
-14
-16
-20
-15
-15
-20
-22
-12
-9
-7
-7
-8
-2
-1
0
7
5
14
20
22
30
32
28
27
33
31
39
47
45
47
43
47
51
54
67
66
59
58
53
59
58
57
54
53
54
56
52
56
52
53
54
45
46
39
34
32
35
33
29
23
20
20
13
4
4
4
-2
-6
-10
-10
-5
-5
-7
-9
-11
-15
-18
-23
-25
-24
-23
-29
-31
-35
-35
-33
-39
-46
-46
-45
-46
-36
-45
-45
-43
-44
-49
-45
-38
-30
-32
-34
-36
-39
-41
-50
-47
-45
-44
-45
-42
-39
-40
-41
-36
-38
-36
-35
-30
-24
-22
-29
-34
-32
-37
-35
-42
-38
-37
-32
-27
-26
-23
-23
-23
-31
-36
-36
-37
-34
-28
-34
-35
-28
-25
-29
-36
-39
-37
-33
-30
-40
-34
-28
-31
-30
-20
-14
-16
-6
-5
-6
-2
-5
-8
-8
-2
8
5
7
5
-3
-6
-6
-8
-7
0
6
7
2
2
5
2
-4
-6
-6
-6
-13
-22
-20
-29
-32
-33
-38
-36
-33
-30
-19
-16
-17
-16
-17
-11
-13
-16
-14
-10
-3
-2
0
4
9
12
8
14
9
9
11
17
16
16
23
17
21
26
32
30
33
33
32
31
23
29
32
31
29
25
23
14
15
13
4
6
6
4
9
1
-2
-6
-2
-2
-6
6
9
6
3
1
0
0
-7
-9
-4
-2
0
4
5
4
4
-1
6
10
14
20
17
21
22
20
17
18
21
20
23
27
38
41
47
47
44
56
55
52
54
56
65
70
70
70
72
72
65
66
70
66
67
64
67
67
70
68
60
60
55
51
51
45
40
35
31
35
27
23
18
18
17
12
7
10
9
11
11
4
2
4
2
3
5
5
5
4
3
0
5
1
-5
-5
-4
-3
7
7
5
3
9
18
20
24
26
21
18
22
25
37
37
36
30
28
32
36
37
36
37
39
40
34
37
38
33
30
23
23
21
23
19
16
15
10
7
0
4
-5
-2
-4
-8
-3
-14
-15
-20
-20
-21
-13
-21
-30
-35
-34
-32
-40
-39
-36
-38
-43
-43
-41
-43
-44
-45
-41
-37
-43
-43
-47
-40
-33
-36
-43
-49
-54
-53
-49
-47
-45
-49
-45
-44
-41
-41
-47
-53
-54
-49
-45
-44
-41
-39
-40
-40
-44
-45
-47
-45
-46
-44
-41
-31
-27
-30
-24
-24
-16
-8
-2
-3
-8
-7
-2
-2
-3
-8
-9
-12
-11
-5
-14
-11
-10
-12
-10
-11
-8
-13
-16
-18
-16
-14
-20
-16
-24
-29
-28
-35
-36
-35
-34
-38
-38
-41
-46
-49
-48
-48
-48
-47
-46
-52
-54
-50
-49
-45
-42
-48
-42
-32
-38
-37
-43
-42
-35
-37
-36
-35
-31
-32
-30
-30
-32
-27
-23
-29
-24
-25
-16
-14
-12
-8
-11
4
5
-1
1
0
-9
-4
12
13
11
8
6
7
13
8
9
7
11
17
19
15
18
22
19
20
14
14
18
18
16
13
4
11
11
11
5
8
12
8
8
7
6
2
0
0
4
8
8
-2
-2
6
-1
1
2
-1
1
-4
-8
-11
-8
-6
-4
2
3
7
7
6
10
-1
8
13
5
9
15
16
20
21
17
13
15
15
12
19
22
22
22
25
28
28
26
29
32
29
26
28
30
31
37
33
36
35
37
45
45
51
46
43
45
46
52
54
54
50
51
49
49
52
47
56
53
52
54
48
48
44
45
40
48
51
48
39
39
36
35
37
34
37
32
33
30
28
35
33
29
30
30
25
25
27
28
21
20
17
22
21
15
22
18
15
14
10
4
1
5
3
8
5
4
-3
-3
-9
-10
-13
-10
-8
-12
-4
-16
-20
-17
-18
-19
-20
-24
-19
-20
-22
-18
-18
-16
-16
-19
-23
-19
-19
-16
-15
-18
-19
-27
-24
-25
-25
-22
-26
-23
-24
-30
-34
-27
-25
-27
-30
-32
-34
-38
-30
-30
-31
-24
-32
-31
-30
-36
-34
-37
-32
-26
-28
-32
-24
-25
-28
-25
-23
-17
-22
-18
-20
-18
-10
-9
-8
-6
1
8
15
14
13
6
8
5
0
5
4
8
18
19
21
27
24
19
18
22
25
24
20
20
21
21
23
17
8
6
1
0
0
-1
1
-5
-4
-10
-13
-11
-14
-14
-17
-20
-14
-14
-11
-12
-18
-21
-22
-24
-27
-34
-36
-33
-34
-33
-33
-25
-25
-30
-35
-38
-35
-36
-31
-29
-30
-33
-38
-39
-42
-34
-33
-32
-33
-37
-35
-31
-31
-28
-27
-28
-31
-31
-28
-26
-24
-19
-11
-13
-17
-14
-10
-3
-3
-3
0
1
6
6
3
12
13
15
27
28
37
32
24
23
24
24
20
21
25
27
27
25
20
27
30
31
30
27
23
26
20
18
15
9
6
6
9
2
15
13
6
2
-6
-4
-4
0
1
2
2
3
-2
-2
3
3
3
1
2
9
5
3
3
1
3
-2
-1
2
10
16
22
19
20
20
16
17
15
10
8
10
13
20
18
20
27
28
29
26
30
32
37
41
46
45
44
49
46
49
54
50
54
57
61
56
46
52
47
44
47
39
38
33
19
18
22
24
21
16
16
16
20
25
15
11
9
12
17
13
11
7
7
8
5
10
11
14
13
10
12
5
8
3
8
16
14
19
18
18
21
23
15
8
9
8
5
13
14
16
18
11
12
16
18
19
21
18
23
23
30
28
19
12
8
14
12
17
16
10
9
4
0
-3
1
4
-3
-8
-8
-3
-6
-3
-3
-10
-14
-14
-16
-13
-17
-9
-9
-19
-18
-20
-21
-22
-20
-20
-15
-10
-16
-18
-22
-25
-33
-32
-31
-29
-28
-29
-25
-26
-30
-34
-35
-33
-32
-39
-31
-34
-38
-30
-27
-23
-25
-28
-21
-18
-16
-18
-17
-13
-20
-16
-17
-23
-26
-29
-30
-34
-34
-41
-45
-45
-51
-42
-34
-33
-34
-39
-36
-38
-41
-43
-47
-50
-50
-47
-44
-46
-50
-51
-50
-52
-45
-47
-47
-43
-44
-42
-45
-54
-56
-51
-51
-42
-36
-35
-41
-36
-30
-42
-34
-36
-45
-47
-46
-43
-46
-44
-46
-41
-45
-45
-38
-35
-24
-25
-21
-19
-25
-27
-22
-26
-20
-19
-20
-14
-20
-16
-16
-18
-13
-13
-5
-9
-15
-10
-11
-3
-2
-6
-3
-3
5
5
7
7
7
3
2
9
19
17
8
16
20
19
20
17
18
16
16
22
19
16
11
7
7
14
15
18
22
22
19
10
13
5
2
1
-3
-5
-7
-4
-8
-6
-6
-6
-1
-4
-6
-4
3
5
-4
-1
-3
-7
-4
-4
2
1
4
5
5
6
3
2
-3
8
9
10
9
14
22
21
23
26
26
29
29
27
31
27
30
36
44
44
43
45
46
52
50
53
54
58
57
56
65
65
65
64
59
70
65
61
65
64
66
65
65
71
71
67
68
73
68
69
72
70
66
69
70
68
67
56
55
54
46
49
50
43
35
33
34
32
29
29
29
32
30
28
22
11
4
0
7
10
7
2
5
1
-7
-6
-11
-10
-16
-18
-11
-11
-13
-19
-11
-9
-8
-14
-21
-17
-20
-19
-21
-28
-27
-24
-22
-25
-16
-20
-22
-18
-17
-12
-15
-22
-18
-17
-21
-10
-13
-16
-20
-25
-24
-23
-20
-25
-21
-22
-22
-15
-18
-13
-14
-12
-9
-6
-1
-2
0
-7
-7
-8
-11
-13
-17
-14
-18
-27
-33
-34
-43
-38
-40
-43
-39
-37
-42
-40
-41
-42
-39
-48
-52
-52
-54
-57
-54
-53
-49
-50
-46
-38
-40
-42
-47
-46
-42
-39
-38
-42
-35
-30
-32
-29
-29
-27
-30
-32
-27
-22
-17
-20
-13
-10
-2
-2
-13
-8
-12
-11
-12
-15
-8
-14
-15
-21
-22
-20
-18
-20
-14
-11
-12
-11
-11
-3
-3
-12
-11
-7
-5
-3
-4
-2
-2
3
0
-6
-9
-6
-9
-12
-8
-6
-10
-17
-10
-5
4
-3
-10
-10
-7
-11
-10
-5
0
0
1
4
7
17
10
13
13
16
22
20
20
26
25
28
28
24
28
26
33
35
32
33
32
41
49
46
41
33
33
33
31
33
27
22
23
22
19
18
17
9
0
6
2
-4
-2
-1
-5
-3
-2
-3
-4
-10
-4
0
-2
5
3
4
2
4
2
7
4
-1
2
-1
0
0
-1
3
6
4
3
11
16
15
15
15
17
19
21
22
26
33
36
38
46
41
39
53
57
56
66
62
65
64
62
61
62
57
57
62
63
63
58
50
47
56
54
47
47
47
51
50
51
48
46
43
42
39
35
40
31
25
29
22
17
17
14
13
12
8
13
6
3
4
4
2
1
0
-2
-4
-7
-2
-6
-10
-7
-6
-13
-15
-17
-16
-14
-14
-17
-21
-28
-31
-28
-21
-25
-33
-31
-23
-20
-30
-33
-29
-28
-26
-28
-26
-21
-16
-15
-8
-7
-8
-11
-11
-3
1
1
-2
-3
-4
-3
-1
-1
2
10
11
14
18
18
22
21
23
24
25
23
28
30
28
26
20
13
12
14
7
6
10
3
1
-1
-3
-6
-12
-15
-20
-19
-27
-28
-32
-36
-35
-40
-42
-42
-46
-49
-46
-57
-62
-63
-73
-78
-79
-76
-72
-71
-77
-71
-74
-77
-76
-81
-72
-71
-70
-69
-62
-61
-57
-51
-52
-43
-45
-38
-34
-37
-30
-30
-29
-28
-24
-20
-13
-11
-12
-4
-3
3
10
12
17
16
14
10
7
9
15
17
15
19
21
19
21
20
19
10
11
12
11
15
11
14
13
7
7
6
3
0
2
0
0
-7
-10
-6
-10
-12
-14
-20
-24
-24
-26
-30
-32
-31
-38
-34
-37
-42
-40
-36
-40
-40
-36
-44
-40
-35
-33
-29
-21
-17
-21
-23
-26
-31
-34
-33
-32
-23
-26
-23
-22
-20
-16
-12
-5
-7
0
9
4
2
2
1
-2
-12
-16
-14
-10
-7
-11
-5
-2
-2
1
-2
0
-1
3
2
12
22
18
17
20
16
16
15
18
20
15
18
20
21
22
21
20
12
17
19
23
31
27
35
36
35
33
35
36
38
32
28
36
40
41
42
47
43
42
41
38
38
38
42
35
36
45
45
54
53
51
48
39
40
37
40
39
41
41
35
37
36
31
28
33
34
38
40
35
39
38
41
38
37
39
35
34
31
32
29
25
25
24
22
18
22
20
22
22
22
23
11
10
11
3
3
1
-7
-10
-14
-19
-22
-17
-13
-16
-13
-11
-13
-19
-17
-19
-17
-21
-30
-23
-25
-27
-32
-33
-32
-34
-35
-29
-21
-19
-13
-12
-14
-14
-11
-5
0
1
7
7
5
6
8
11
9
16
21
20
20
20
20
20
27
30
30
36
37
33
33
31
30
28
23
24
25
27
21
18
24
23
14
10
6
6
5
0
2
-3
1
-3
-8
-6
-7
-11
-18
-23
-25
-28
-33
-37
-35
-36
-40
-42
-37
-30
-31
-33
-39
-40
-41
-47
-53
-50
-49
-51
-56
-55
-57
-52
-48
-53
-50
-47
-51
-51
-47
-42
-42
-35
-30
-25
-25
-24
-23
-23
-21
-25
-15
-13
-11
-7
-11
-4
6
13
11
18
25
21
25
22
22
25
28
24
25
29
30
25
27
24
23
23
23
32
22
13
7
1
-2
-11
-17
-12
-21
-19
-15
-20
-20
-30
-34
-37
-35
-39
-44
-45
-55
-58
-57
-57
-60
-62
-68
-62
-63
-61
-60
-61
-60
-60
-59
-63
-54
-53
-45
-46
-44
-34
-37
-31
-32
-29
-23
-18
-13
-8
-4
0
1
1
6
11
16
23
32
37
38
38
41
45
49
51
57
61
60
64
63
65
61
60
60
55
64
58
61
59
63
62
49
46
31
33
37
34
35
29
31
27
27
31
26
20
21
22
17
20
18
14
18
17
18
19
25
24
25
24
21
25
25
23
17
17
21
19
28
29
25
27
30
34
40
41
33
29
31
37
36
37
30
33
35
33
35
42
44
33
34
36
36
39
42
40
36
39
35
35
35
34
28
23
22
18
15
15
12
17
16
8
11
10
19
17
12
15
14
17
19
13
12
13
10
10
9
11
10
13
12
15
16
6
9
19
24
21
28
32
30
26
27
32
35
37
29
32
36
31
30
32
27
31
29
24
22
18
24
25
25
22
16
16
14
9
4
3
-2
-7
-15
-16
-17
-22
-26
-27
-35
-35
-38
-46
-41
-45
-49
-53
-51
-50
-46
-47
-58
-64
-66
-65
-68
-64
-66
-67
-70
-70
-68
-77
-75
-69
-70
-69
-70
-68
-67
-64
-64
-65
-62
-60
-57
-53
-51
-55
-56
-57
-59
-59
-54
-55
-51
-36
-36
-40
-38
-34
-38
-35
-34
-34
-28
-22
-29
-24
-17
-20
-24
-32
-29
-21
-17
-14
-11
-14
-17
-21
-14
-6
-12
-10
-14
-16
-13
-16
-13
-20
-13
-12
-16
-17
-19
-21
-26
-30
-34
-39
-38
-40
-44
-45
-54
-50
-55
-60
-58
-57
-60
-56
-51
-45
-47
-47
-45
-50
-47
-43
-37
-34
-37
-33
-32
-25
-20
-17
-23
-21
-9
-9
-8
0
0
5
13
13
15
18
23
24
30
28
32
29
24
27
30
29
28
27
24
26
23
26
29
25
19
22
22
18
18
10
3
3
0
2
4
1
-1
-6
-9
-3
-10
-10
-10
-6
1
-3
-1
0
6
5
0
0
4
-1
-10
-10
-10
-7
-5
0
-1
3
10
7
10
14
17
24
21
21
24
21
27
26
30
35
40
47
45
45
59
67
66
75
79
81
85
79
82
93
85
85
88
84
82
74
72
73
73
74
74
80
81
83
78
75
75
67
70
67
65
61
58
59
60
59
57
50
49
46
52
56
49
55
53
49
42
36
37
36
33
30
32
33
29
24
20
9
4
6
2
4
5
2
4
3
6
2
1
-3
-9
-15
-21
-14
-18
-14
-14
-16
-15
-25
-28
-24
-18
-15
-14
-11
-12
-12
-7
-8
-3
-2
-3
-9
-11
-10
-15
-18
-25
-30
-36
-33
-30
-36
-29
-35
-42
-40
-34
-37
-45
-52
-54
-52
-48
-46
-52
-60
-63
-59
-56
-59
-63
-63
-62
-59
-62
-64
-59
-53
-54
-48
-43
-48
-49
-53
-53
-50
-47
-53
-54
-49
-52
-49
-52
-42
-44
-45
-38
-35
-32
-32
-27
-24
-19
-16
-18
-15
-10
-12
-17
-19
-17
-11
-11
-9
-7
-3
-1
5
1
5
2
5
7
6
7
10
18
23
26
29
30
24
23
18
21
20
25
27
29
33
29
21
19
19
13
12
10
7
4
1
-5
-13
-12
-18
-21
-23
-21
-16
-17
-17
-12
-14
-14
-18
-17
-16
-13
-14
-16
-17
-26
-31
-28
-33
-29
-26
-33
-28
-29
-28
-22
-19
-16
-16
-18
-11
-1
-1
3
4
-2
9
6
7
5
2
12
5
8
11
16
25
26
31
37
37
34
38
41
43
42
40
38
42
40
35
31
28
28
24
27
32
38
36
36
36
28
18
14
15
16
16
15
20
22
17
12
13
10
7
2
1
-3
-3
2
0
-8
-9
-4
-7
-5
-8
-12
-11
-13
-14
-7
-1
2
0
2
-2
-4
-2
2
2
0
10
9
14
17
20
23
22
24
20
23
22
24
32
33
43
47
42
44
43
48
50
45
49
50
45
49
49
45
32
31
37
32
26
23
22
20
19
21
23
19
12
7
7
3
5
2
6
13
9
7
1
-5
-12
-16
-14
-11
-12
-18
-17
-21
-21
-21
-19
-12
-12
-6
-14
-9
-1
-4
-5
0
-2
-5
-6
-8
-4
-6
-14
-22
-16
-6
-4
-7
-13
-17
-17
-18
-19
-9
-7
0
2
4
11
9
6
13
13
7
5
5
9
16
14
14
15
14
12
8
9
11
14
15
11
11
14
12
8
11
6
1
5
6
6
2
-7
-7
-8
-8
-9
-14
-17
-21
-16
-24
-33
-29
-29
-28
-26
-18
-15
-8
-3
0
-2
-6
-12
-14
-7
-10
4
6
-2
-6
-4
-9
-14
-12
-11
-11
-13
-14
-19
-18
-24
-23
-15
-16
-13
-16
-23
-21
-26
-26
-26
-27
-18
-16
-14
-20
-19
-19
-21
-20
-20
-21
-18
-9
-8
6
10
6
5
4
7
8
7
13
15
8
13
14
9
3
-2
-3
-1
0
-2
-2
-4
-6
-3
-6
-9
-10
-12
-19
-28
-34
-34
-28
-26
-29
-32
-31
-27
-26
-25
-28
-23
-24
-18
-12
-14
-8
-12
-10
-9
-10
-10
-14
-15
-17
-14
-11
-20
-20
-17
-21
-21
-23
-23
-22
-15
-20
-28
-25
-26
-23
-25
-23
-21
-15
-16
-20
-18
-22
-26
-27
-29
-24
-21
-24
-17
-18
-13
-13
-12
-11
-9
-11
-12
-7
-22
-20
-21
-30
-26
-32
-30
-25
-21
-18
-15
-19
-26
-27
-27
-25
-24
-20
-22
-28
-30
-30
-34
-31
-28
-26
-25
-27
-29
-25
-17
-12
-11
-13
-12
-13
-11
-6
-6
5
11
12
15
11
10
13
9
5
4
15
19
19
27
27
28
32
26
27
30
25
30
21
23
20
16
19
20
23
19
20
20
19
17
19
21
24
23
20
25
22
23
29
28
34
35
37
39
45
43
40
39
38
38
39
37
37
35
37
44
46
46
41
42
35
32
33
29
29
30
32
28
21
14
12
13
20
17
16
23
32
35
35
33
33
31
30
35
31
38
35
38
37
31
38
37
37
41
36
34
38
44
40
42
36
33
35
30
25
21
16
10
4
-4
-5
-7
-5
1
8
7
2
-6
-7
-13
-10
-8
-7
-15
-22
-21
-31
-35
-41
-43
-33
-34
-36
-35
-37
-35
-40
-30
-25
-22
-16
-17
-15
-14
-15
-18
-16
-15
-15
-10
-7
-5
-5
-5
0
6
7
7
9
9
20
24
25
29
31
29
22
20
18
21
20
15
14
10
9
9
8
6
5
2
2
9
4
0
-7
-11
-18
-22
-22
-19
-16
-19
-23
-28
-33
-33
-31
-32
-30
-36
-33
-28
-27
-27
-31
-34
-31
-28
-31
-31
-28
-27
-27
-32
-34
-27
-20
-21
-26
-32
-28
-24
-20
-15
-22
-12
-14
-11
-12
-11
-13
-12
-11
-11
-3
-1
1
-3
1
1
5
2
4
6
1
-2
-5
3
4
6
10
6
-8
-21
-23
-24
-22
-21
-21
-24
-25
-22
-32
-31
-33
-39
-34
-35
-34
-31
-41
-39
-39
-44
-34
-41
-38
-35
-45
-39
-42
-43
-42
-43
-33
-28
-26
-25
-22
-18
-19
-24
-22
-16
-16
-10
-6
-7
-6
-7
-11
-14
-9
-2
-3
-1
6
10
15
14
12
9
9
5
11
15
18
25
21
25
25
21
22
30
27
25
31
26
29
39
41
48
46
44
43
40
47
50
47
48
48
48
52
56
54
52
47
48
49
53
46
39
42
42
42
35
29
28
30
29
30
26
30
33
34
36
36
32
26
27
29
34
35
37
38
41
48
51
48
44
40
49
53
53
52
47
51
50
47
47
48
50
55
56
51
42
41
38
40
44
44
43
38
39
35
36
41
31
34
38
37
37
37
40
39
40
39
34
27
26
27
29
33
32
36
24
19
15
11
15
12
8
5
8
1
-2
-3
-7
-17
-17
-13
-14
-13
-11
-12
-18
-18
-25
-25
-27
-25
-19
-15
-9
-8
-12
-13
-9
-7
-7
1
-1
-6
-1
-8
-8
-10
-9
-10
-14
-10
-7
-1
-6
-12
-14
-14
-18
-21
-23
-24
-25
-23
-22
-29
-41
-43
-46
-47
-47
-52
-51
-52
-52
-45
-42
-46
-58
-58
-56
-57
-54
-55
-57
-67
-67
-70
-71
-66
-66
-64
-67
-65
-64
-77
-76
-72
-65
-64
-60
-58
-63
-56
-62
-62
-66
-71
-68
-62
-64
-61
-64
-66
-62
-63
-61
-58
-49
-38
-28
-28
-25
-19
-21
-14
-11
-15
-19
-22
-13
-11
-12
-16
-13
-14
-12
-10
-4
4
-1
-3
-6
-4
0
1
-2
-3
-7
-7
-6
-2
-7
-12
-13
-16
-11
-9
-5
-7
-9
-16
-25
-19
-14
-15
-10
-11
-14
-9
-6
-2
-2
-6
-4
-4
1
7
5
4
-3
-6
-12
-19
-10
-12
-16
-21
-22
-16
-17
-18
-19
-15
-19
-20
-15
-7
-5
-8
-13
-16
-12
-16
-12
-2
1
-2
1
1
3
8
8
9
10
12
11
11
12
3
7
12
15
18
12
18
19
24
27
24
29
29
29
26
24
29
31
34
39
34
36
34
34
38
37
41
37
41
47
55
58
63
56
56
63
56
54
48
44
44
45
43
36
39
43
34
36
26
24
26
31
39
40
42
39
32
32
29
25
27
26
30
26
27
22
22
28
30
28
23
19
17
27
30
26
25
26
30
30
27
28
29
31
32
29
26
25
28
22
24
29
30
27
26
29
26
25
26
22
16
14
13
10
16
13
6
0
-5
-6
-6
-7
-6
-3
0
1
-5
-5
-10
-9
1
-7
-7
-6
-13
-14
-14
-14
-15
-16
-13
-6
-6
0
-6
-2
-3
-5
4
4
4
7
10
1
1
-2
-11
-10
-12
-19
-19
-9
-9
-12
-8
-10
-8
-8
-7
-8
-5
-5
-3
-3
-4
-4
-7
-6
-10
-13
-16
-14
-13
-12
-17
-12
-19
-21
-21
-19
-18
-17
-19
-23
-24
-26
-25
-35
-43
-49
-48
-49
-47
-44
-43
-39
-45
-47
-40
-39
-30
-29
-27
-13
-12
-13
-17
-15
-15
-7
-4
-9
-10
-8
-6
-9
-6
-11
-11
-9
-8
-2
0
-2
-11
-18
-21
-16
-14
-12
-14
-18
-22
-22
-25
-29
-22
-21
-20
-21
-29
-22
-22
-25
-25
-28
-23
-23
-21
-23
-25
-26
-31
-30
-29
-33
-40
-31
-33
-36
-32
-31
-25
-25
-28
-29
-21
-21
-22
-19
-21
-22
-25
-24
-22
-18
-14
-11
-13
-10
-8
-4
-2
0
6
4
4
12
18
14
16
16
18
23
25
27
24
21
26
21
29
37
37
40
39
30
27
36
33
35
36
30
25
24
21
15
19
18
12
11
12
9
11
14
10
11
17
15
18
14
17
17
15
15
10
13
18
19
18
16
21
14
11
11
11
15
18
28
27
25
26
24
20
17
13
13
13
9
10
16
16
14
16
13
11
12
13
7
3
10
11
12
20
17
18
21
9
14
9
11
11
5
12
3
2
11
14
12
9
12
12
14
12
7
11
14
15
15
16
12
5
6
7
4
7
9
5
12
15
14
11
11
17
19
10
14
24
23
21
20
16
20
26
34
37
38
39
41
38
37
42
40
44
45
45
45
45
40
37
26
20
17
13
16
14
17
22
25
26
23
18
17
17
21
13
9
4
-3
-7
-4
-6
-7
1
-5
-2
-2
-6
-5
-3
2
4
10
6
7
11
5
10
5
2
-1
1
-1
-3
-8
-8
-5
-10
-13
-17
-9
-10
-9
-5
0
3
8
9
6
10
11
15
10
9
-3
-2
0
-10
-10
-11
-16
-17
-18
-17
-17
-26
-31
-37
-35
-39
-37
-33
-42
-42
-46
-51
-51
-51
-57
-55
-53
-53
-44
-44
-51
-52
-53
-47
-41
-37
-39
-35
-32
-35
-34
-39
-30
-29
-31
-28
-26
-20
-18
-12
-9
-7
-9
-5
1
6
8
-2
-1
-1
-2
-6
-9
-18
-17
-21
-22
-18
-19
-18
-18
-21
-23
-25
-24
-23
-22
-13
-22
-28
-25
-30
-32
-33
-37
-39
-39
-44
-46
-44
-41
-37
-38
-32
-30
-29
-30
-37
-38
-42
-44
-42
-45
-41
-41
-46
-43
-46
-46
-45
-36
-31
-30
-27
-24
-23
-30
-26
-20
-18
-15
-16
-12
-8
-3
-2
-9
-13
-16
-12
-15
-17
-10
-4
6
4
16
13
14
12
5
9
5
11
13
10
15
24
19
25
22
19
21
21
20
17
22
19
17
19
20
27
30
26
25
28
21
21
20
17
18
16
17
17
13
5
9
13
15
11
5
3
1
6
6
12
14
11
9
5
12
7
4
-1
-5
-5
0
10
11
14
18
17
26
27
22
19
24
28
33
37
34
43
45
42
41
42
40
40
49
53
55
52
55
52
58
58
57
64
63
61
59
60
55
55
52
56
57
54
50
46
49
46
51
53
53
51
51
45
47
49
50
55
49
42
40
38
34
31
27
31
35
30
30
21
7
2
3
8
5
-7
-7
-11
-11
-13
-18
-16
-21
-23
-20
-17
-22
-25
-20
-20
-16
-15
-18
-19
-15
-14
-12
-13
-12
-12
-12
-11
-10
-13
-20
-14
-15
-6
-1
-4
-6
-4
7
9
7
12
10
11
10
10
10
6
0
-8
-12
-14
-9
-12
-16
-13
-8
-3
-1
4
-2
-2
5
-2
-5
-10
-18
-11
-5
-3
-9
-12
-10
-13
-15
-15
-16
-23
-20
-20
-18
-18
-20
-16
-17
-20
-29
-33
-33
-40
-34
-35
-40
-43
-39
-35
-34
-40
-40
-39
-42
-40
-42
-41
-45
-50
-54
-53
-51
-49
-50
-52
-53
-54
-51
-51
-51
-56
-56
-48
-46
-49
-48
-45
-47
-43
-40
-45
-41
-42
-41
-43
-50
-51
-47
-49
-41
-34
-41
-38
-32
-40
-39
-35
-32
-34
-35
-34
-37
-31
-32
-35
-30
-29
-28
-27
-29
-25
-21
-23
-20
-12
-17
-11
-1
1
7
4
-3
-7
-6
-7
1
-1
-3
-3
4
4
0
2
3
5
5
10
15
22
26
27
19
19
22
23
26
23
24
21
24
23
26
35
38
42
41
42
41
40
45
54
53
62
60
58
56
53
51
48
48
46
45
39
41
39
44
43
46
53
57
58
58
57
53
55
51
45
39
35
31
33
35
28
29
26
23
31
26
29
32
26
34
28
32
32
30
30
31
31
29
27
25
26
25
29
25
23
26
30
28
30
31
24
26
18
12
19
13
9
5
0
0
1
-2
-6
-6
-5
7
12
8
13
15
13
13
15
12
17
14
5
4
2
6
0
0
4
12
15
15
18
21
29
31
24
24
26
25
23
20
12
11
11
7
10
13
16
9
7
3
-2
2
-3
-5
-5
-3
0
1
-1
-1
3
-1
-6
-5
-3
-13
-17
-19
-20
-16
-24
-21
-16
-13
-9
-10
-7
-5
-7
1
3
5
3
-4
0
8
9
6
1
-1
6
4
4
9
10
15
14
9
9
10
16
15
16
20
16
13
9
6
-3
-11
-11
-13
-17
-12
-10
-13
-10
-16
-24
-25
-24
-22
-22
-23
-25
-27
-31
-37
-42
-45
-44
-45
-47
-45
-40
-42
-47
-53
-59
-68
-71
-70
-68
-72
-74
-76
-84
-84
-84
-86
-85
-80
-76
-70
-68
-70
-71
-65
-64
-63
-60
-56
-47
-51
-42
-41
-40
-38
-38
-24
-24
-21
-17
-18
-14
-13
-17
-17
-19
-22
-21
-21
-21
-9
-10
-11
-8
-11
-11
-12
-9
-11
-7
-4
-7
-2
3
2
-3
-2
1
1
-4
-7
1
-3
-1
-4
-1
6
8
8
10
11
10
14
13
18
19
24
30
34
38
41
40
41
36
38
41
39
40
34
33
25
25
26
21
16
16
17
13
12
10
3
3
-2
-5
-1
-4
1
0
-12
-13
-15
-18
-17
-18
-12
-8
-8
-8
-10
-10
-10
-10
-5
-4
-10
-11
-7
-7
-7
-8
-11
-13
-16
-16
-7
-5
0
-1
-1
-1
4
10
7
8
12
12
11
17
16
19
17
15
23
28
30
29
32
27
25
24
27
26
32
34
34
37
37
33
29
30
27
32
36
42
38
34
30
28
27
24
18
21
23
23
17
6
5
1
1
1
8
12
19
15
9
12
4
5
2
5
6
5
3
-3
-3
-5
-13
-10
-4
-2
-2
1
6
1
4
4
5
3
6
9
3
0
0
-1
-5
-2
4
5
-2
-4
-3
-10
-10
-3
-1
-4
-2
0
7
10
9
17
16
19
22
26
19
13
19
20
22
26
26
30
27
26
22
15
17
17
20
16
19
16
12
16
15
16
13
8
11
9
7
7
2
9
15
10
5
3
-2
2
1
1
2
-2
-1
-5
-10
-6
-14
-13
-10
-11
-5
-8
-9
-10
-12
-6
-8
-10
-12
-10
-6
-9
-9
-15
-17
-8
-10
-11
-7
-4
-11
-10
-7
-8
-1
0
-1
-3
3
7
14
17
12
14
20
18
26
32
35
36
38
40
33
36
34
35
37
37
38
34
34
34
28
24
26
26
21
12
9
12
15
11
10
9
1
-4
-8
-11
-5
-9
-13
-19
-19
-17
-16
-20
-27
-32
-38
-31
-35
-44
-44
-46
-47
-53
-57
-58
-67
-67
-65
-66
-65
-70
-70
-71
-71
-76
-76
-72
-74
-70
-69
-65
-63
-61
-64
-54
-53
-59
-58
-52
-50
-44
-41
-41
-34
-31
-28
-23
-21
-21
-20
-12
-9
-7
-4
-2
-5
-4
1
5
6
5
7
8
12
9
12
10
17
21
15
15
17
14
11
10
11
21
22
26
29
26
29
24
21
20
16
22
17
18
23
17
19
21
19
18
19
19
15
11
14
9
3
0
-1
-3
-2
-5
-4
-3
-6
-12
-23
-23
-27
-26
-30
-25
-19
-24
-23
-25
-19
-18
-15
-8
-9
-5
-2
0
4
6
7
-1
3
7
13
19
21
21
18
24
25
24
25
20
20
18
19
19
21
15
11
18
11
16
14
13
16
16
11
6
8
3
3
15
15
22
27
24
27
31
33
32
40
39
38
35
41
45
45
45
42
40
43
51
50
51
45
40
44
45
44
46
43
36
32
34
38
34
30
33
37
42
42
39
36
34
31
27
39
47
48
54
50
54
51
48
55
52
61
60
63
61
62
62
64
71
69
70
70
67
70
70
63
71
70
68
68
61
58
59
55
50
47
39
37
27
26
19
10
10
10
10
6
0
-9
-8
-18
-27
-24
-33
-36
-35
-35
-50
-54
-55
-62
-61
-69
-68
-69
-73
-70
-69
-74
-75
-77
-77
-74
-73
-73
-70
-64
-60
-51
-51
-56
-51
-57
-50
-42
-43
-34
-31
-25
-23
-30
-31
-34
-32
-24
-26
-34
-31
-27
-26
-24
-27
-30
-27
-32
-32
-28
-36
-44
-47
-46
-42
-44
-42
-41
-42
-41
-39
-37
-34
-33
-36
-39
-34
-27
-21
-33
-43
-25
-37
-59
-38
-24
-42
-38
-34
-46
-47
-37
-38
-45
-63
-57
-34
-57
-76
-60
-64
-66
-65
-70
-64
-61
-67
-72
-69
-77
-65
-59
-63
-61
-53
-50
-57
-51
-48
-41
-44
-51
-40
-33
-33
-14
-13
-18
-10
-7
0
5
8
6
8
8
12
7
1
5
3
-1
-2
-1
3
8
7
4
1
4
-3
-6
-7
-15
-9
-7
-17
-9
-10
-15
-16
-17
-20
-22
-29
-23
-19
-26
-28
-29
-30
-29
-24
-26
-22
-25
-15
-14
-15
-12
-16
-8
-3
-3
-5
-1
4
10
14
19
24
24
17
19
22
23
30
36
41
40
37
38
45
53
55
57
55
61
64
63
73
73
79
86
87
91
95
99
98
102
104
107
119
122
118
124
122
120
120
115
112
104
105
106
104
100
89
85
84
83
84
89
83
77
68
59
51
53
57
56
58
57
55
46
43
39
34
32
25
25
26
22
23
18
17
14
14
12
5
8
10
9
11
8
4
4
10
7
5
6
3
4
1
-1
-13
-15
-12
-13
-10
-6
-10
-11
-11
-11
-7
-7
-7
-6
-1
-1
-1
0
-5
-13
-7
-6
0
3
3
4
9
10
6
5
-10
-15
-16
-14
-11
-8
-14
-17
-22
-23
-19
-26
-27
-23
-27
-22
-18
-20
-19
-16
-20
-20
-24
-22
-16
-19
-25
-18
-18
-22
-24
-27
-20
-20
-26
-30
-30
-33
-30
-36
-40
-37
-28
-28
-35
-34
-43
-46
-44
-45
-41
-38
-30
-30
-26
-21
-26
-34
-35
-32
-36
-33
-42
-43
-50
-53
-52
-60
-60
-59
-59
-66
-66
-65
-60
-63
-67
-64
-71
-71
-67
-65
-64
-68
-68
-79
-78
-76
-80
-81
-87
-88
-87
-72
-68
-69
-71
-70
-66
-64
-51
-46
-52
-46
-43
-42
-41
-40
-38
-36
-28
-27
-26
-23
-21
-25
-24
-27
-27
-26
-27
-21
-22
-26
-27
-26
-23
-28
-30
-26
-24
-22
-14
-9
-9
-8
-1
2
2
4
8
17
19
30
36
37
36
39
37
39
49
51
49
51
55
52
47
44
45
43
44
49
47
41
40
38
27
22
23
20
26
28
29
30
29
28
28
29
30
34
35
37
40
40
44
44
42
53
52
57
62
62
72
69
76
75
69
73
73
70
77
83
83
81
78
75
75
75
75
76
64
68
65
64
68
67
65
66
63
58
55
47
47
42
38
38
42
41
45
48
41
41
35
37
39
33
34
29
33
28
17
19
13
10
12
13
13
9
2
-1
-3
-8
-6
-4
0
-2
5
8
8
5
2
7
6
7
11
16
22
25
28
22
23
28
31
36
35
32
31
28
26
24
25
26
21
23
22
27
26
24
27
27
25
22
19
19
24
18
20
15
10
3
-4
-2
0
-1
-2
-6
-12
-10
-6
-12
-20
-19
-18
-18
-23
-29
-29
-31
-31
-30
-27
-29
-28
-25
-24
-27
-28
-23
-32
-29
-27
-23
-22
-28
-33
-38
-34
-32
-31
-33
-35
-37
-39
-40
-38
-36
-33
-35
-25
-21
-26
-28
-29
-29
-30
-34
-34
-36
-37
-40
-43
-45
-47
-43
-44
-52
-53
-53
-55
-57
-55
-56
-62
-61
-63
-69
-67
-70
-71
-63
-70
-64
-66
-59
-61
-62
-61
-70
-64
-65
-60
-60
-54
-42
-45
-45
-43
-45
-46
-45
-46
-42
-46
-49
-45
-46
-50
-54
-56
-56
-51
-47
-47
-49
-46
-41
-38
-35
-33
-31
-28
-23
-24
-23
-20
-17
-15
-15
-10
-13
-12
-5
-10
-12
-8
-7
-3
0
7
14
17
16
21
22
14
21
18
23
26
22
22
12
9
4
-2
-4
-2
-8
-5
-3
-7
-4
-2
0
-8
-10
-7
-8
-7
-9
-8
-3
-9
-5
0
-6
-4
-4
-1
-6
0
5
5
7
5
1
1
8
8
7
3
5
1
2
-3
-3
0
-1
10
13
19
16
11
9
11
15
16
18
13
15
12
9
12
19
15
18
26
23
35
38
48
55
54
63
60
56
57
61
62
57
52
53
61
60
53
50
43
45
45
37
42
41
34
36
39
40
43
36
32
22
22
25
21
10
12
18
17
20
17
14
14
14
13
20
18
15
15
16
20
17
15
11
12
14
15
14
18
19
24
26
29
34
41
44
47
43
41
42
40
48
42
43
37
37
36
36
37
31
36
34
37
33
30
30
31
35
36
36
28
27
26
17
17
21
18
17
14
18
11
13
10
1
6
9
13
13
10
11
9
1
2
-5
-1
-8
-12
-15
-23
-18
-28
-20
-29
-33
-25
-32
-21
-24
-27
-24
-29
-21
-20
-19
-22
-19
-18
-23
-26
-21
-23
-21
-15
-23
-23
-12
-10
-15
-19
-25
-24
-27
-30
-28
-26
-21
-24
-29
-28
-23
-29
-29
-23
-25
-24
-25
-19
-19
-11
-9
-12
-10
-14
-10
-8
-7
-12
-21
-22
-20
-16
-14
-9
-5
-9
-11
-10
-12
-12
-6
-5
-4
-3
1
-3
-9
-12
-16
-16
-17
-13
-11
-11
-14
-19
-26
-25
-25
-26
-25
-27
-30
-34
-37
-34
-39
-42
-37
-38
-43
-42
-45
-48
-48
-56
-59
-60
-64
-68
-75
-74
-69
-70
-70
-64
-64
-72
-71
-66
-67
-60
-53
-53
-52
-51
-48
-45
-45
-47
-45
-42
-35
-30
-25
-23
-18
-17
-22
-18
-15
-16
-9
-1
2
5
10
10
10
17
20
27
31
33
31
34
36
41
43
40
44
41
40
35
33
31
33
36
34
36
34
28
23
20
20
22
19
19
19
21
21
16
20
25
25
25
27
24
21
28
25
28
30
27
31
26
27
25
22
23
32
27
30
37
28
24
27
32
23
26
26
30
29
24
29
27
28
30
35
34
31
38
42
43
44
42
40
42
39
34
28
30
34
33
32
27
29
30
33
35
28
32
32
26
24
21
16
20
15
10
20
24
27
30
30
33
30
32
35
40
39
40
48
50
47
39
40
47
48
46
50
50
47
53
51
56
58
56
51
54
63
65
63
60
59
59
65
66
62
64
66
61
57
51
44
41
39
37
29
31
26
19
17
8
13
13
14
11
8
0
2
3
-9
-13
-15
-19
-17
-18
-20
-22
-20
-21
-25
-26
-25
-24
-26
-23
-20
-21
-24
-25
-27
-32
-31
-23
-23
-22
-22
-28
-29
-30
-26
-23
-23
-21
-17
-19
-22
-22
-27
-29
-28
-27
-27
-29
-29
-28
-27
-32
-31
-24
-32
-29
-28
-26
-21
-29
-33
-36
-34
-37
-35
-36
-39
-40
-46
-49
-59
-61
-60
-59
-58
-55
-55
-52
-56
-58
-59
-66
-73
-76
-73
-73
-76
-79
-84
-84
-83
-83
-81
-81
-86
-87
-89
-91
-88
-91
-90
-83
-85
-78
-79
-75
-75
-80
-76
-77
-68
-66
-69
-64
-62
-57
-50
-51
-46
-47
-45
-43
-39
-38
-33
-26
-24
-15
-11
-6
2
7
3
5
5
10
18
16
20
21
21
18
16
24
29
33
31
31
28
21
21
21
20
22
19
19
21
20
19
19
13
10
1
1
1
-5
-4
-2
-1
-7
-5
-6
-9
-7
-11
-12
-11
-16
-18
-24
-28
-30
-28
-25
-30
-30
-31
-31
-26
-20
-24
-26
-18
-16
-3
-1
-3
-2
-1
1
6
11
13
15
19
21
19
20
20
20
26
30
33
40
42
48
51
53
55
58
68
67
68
62
65
66
61
59
61
60
60
69
72
77
76
75
68
63
62
61
62
64
64
64
60
59
55
57
60
56
56
55
60
58
53
51
47
44
47
42
41
50
53
54
46
41
41
44
44
44
46
45
50
54
56
54
51
50
50
52
59
61
58
58
55
57
56
49
42
45
39
34
36
36
39
35
31
23
24
19
15
17
11
13
12
10
4
2
2
6
7
2
1
-7
-2
-6
-11
-8
-10
0
-1
0
4
1
-5
-4
-10
-12
-15
-18
-21
-25
-30
-38
-36
-40
-43
-47
-43
-49
-46
-47
-54
-49
-51
-57
-60
-50
-49
-55
-50
-57
-53
-51
-55
-56
-55
-50
-53
-50
-49
-55
-57
-56
-51
-47
-46
-49
-45
-47
-51
-50
-47
-46
-44
-40
-26
-22
-27
-26
-30
-21
-20
-17
-17
-16
-15
-20
-15
-20
-27
-29
-31
-25
-19
-18
-20
-28
-27
-32
-32
-34
-33
-31
-34
-37
-38
-42
-40
-44
-46
-47
-52
-52
-57
-59
-64
-60
-58
-62
-65
-61
-61
-50
-50
-51
-43
-41
-36
-33
-24
-19
-16
-5
-11
-7
-3
-4
-3
-6
-5
-3
-7
-2
0
0
-4
-1
3
6
12
9
12
16
16
16
19
21
25
28
29
28
29
31
29
29
30
29
31
30
34
37
34
27
27
27
24
34
29
32
36
37
36
33
30
26
24
18
20
19
20
18
15
7
6
8
8
10
8
14
13
9
3
-4
-6
-4
-6
-7
-11
-15
-9
-7
-2
2
3
5
4
6
8
7
5
2
5
6
4
8
9
16
19
21
20
21
12
8
9
14
17
22
23
23
30
33
30
29
29
27
30
31
35
42
44
52
50
48
51
48
49
41
40
36
35
36
39
48
48
50
48
51
56
57
58
55
52
51
49
44
41
38
39
34
33
30
24
22
21
19
13
16
15
9
7
6
7
3
0
4
0
2
0
0
-7
-4
-13
-21
-19
-16
-16
-24
-20
-20
-15
-15
-12
-10
-7
-4
-1
-1
5
9
9
10
7
12
15
9
8
9
11
12
17
21
18
18
15
10
13
13
14
10
15
16
9
9
5
7
6
5
1
0
5
5
-4
-5
-1
-2
5
1
-6
-12
-15
-15
-18
-21
-13
-16
-13
-20
-27
-20
-28
-35
-36
-37
-32
-20
-23
-18
-20
-29
-27
-30
-31
-33
-32
-28
-23
-23
-25
-21
-20
-18
-13
-17
-16
-12
-3
-4
-7
-13
-15
-15
-19
-19
-26
-24
-30
-35
-40
-41
-43
-48
-48
-48
-43
-39
-35
-39
-37
-43
-41
-38
-42
-37
-33
-37
-36
-33
-33
-33
-35
-32
-20
-23
-24
-23
-25
-19
-20
-21
-21
-21
-21
-19
-13
-11
-9
-7
-14
-12
-19
-16
-3
1
3
4
3
3
2
2
0
0
1
-2
-4
-7
-7
-15
-16
-18
-24
-23
-20
-23
-26
-26
-29
-26
-25
-30
-32
-29
-30
-22
-25
-27
-23
-27
-20
-14
-10
-7
7
10
9
3
2
6
3
10
15
13
7
8
16
14
12
15
18
15
21
32
24
26
23
22
26
28
34
41
39
39
40
37
34
34
33
31
30
31
32
26
28
17
12
15
5
2
-6
-11
-15
-18
-19
-22
-21
-31
-34
-38
-41
-40
-39
-38
-43
-47
-55
-58
-59
-52
-58
-59
-57
-64
-60
-62
-61
-56
-54
-54
-49
-35
-37
-33
-23
-28
-19
-10
-4
2
5
9
16
26
28
29
31
30
34
41
38
44
43
43
44
46
52
55
57
60
56
54
55
52
54
47
38
34
32
21
16
14
10
14
13
10
6
4
3
-1
-2
0
-2
0
0
-7
-8
-7
-5
-3
-10
-14
-17
-15
-13
-13
-9
-11
-16
-4
-1
5
13
12
16
10
14
19
28
30
31
34
43
49
44
49
49
50
56
62
70
70
67
69
68
74
71
73
77
72
72
73
72
68
69
63
52
45
45
45
42
32
28
26
21
24
20
15
17
14
8
6
5
4
1
-6
-7
-10
-9
-7
-13
-12
-17
-22
-21
-22
-16
-14
-15
-11
-8
-17
-15
-13
-17
-16
-14
-10
-11
-4
-3
-4
-1
-1
-6
-2
5
5
2
2
3
0
1
-4
-2
-3
-2
-4
-7
-11
-19
-25
-29
-21
-22
-28
-32
-32
-37
-39
-38
-41
-37
-32
-31
-27
-26
-22
-18
-18
-12
-8
-8
-8
-7
-3
-3
-1
-7
-7
-8
-11
-4
-2
-4
-4
-5
-6
-6
-2
2
1
-4
-6
-6
-10
-11
-17
-11
-7
-8
-8
-8
-8
-7
-6
-10
-7
-10
-20
-22
-17
-25
-23
-21
-22
-20
-21
-23
-22
-18
-22
-16
-13
-10
-9
-14
-19
-19
-17
-25
-25
-23
-24
-20
-20
-21
-22
-29
-26
-28
-26
-19
-19
-17
-17
-21
-25
-21
-22
-28
-29
-23
-27
-29
-29
-34
-36
-42
-46
-46
-44
-41
-38
-34
-36
-41
-40
-39
-38
-38
-34
-29
-33
-29
-30
-32
-31
-31
-31
-26
-23
-25
-28
-30
-32
-32
-29
-25
-22
-16
-7
0
6
8
10
8
8
8
9
19
24
28
31
31
37
38
43
45
43
41
40
42
44
42
39
40
43
44
41
40
40
42
42
46
45
46
42
37
36
32
28
29
28
28
32
26
19
17
15
12
12
17
18
15
13
15
16
23
29
21
19
27
29
33
36
41
40
42
43
40
38
32
35
34
36
39
40
49
49
49
47
50
46
41
43
43
44
40
38
39
38
34
30
33
30
32
32
19
16
10
11
15
13
11
9
12
11
13
15
10
11
8
10
16
21
20
23
22
24
30
25
28
26
27
32
35
36
37
38
37
33
29
29
28
30
30
28
33
33
37
37
41
40
36
39
33
31
29
34
31
27
28
24
23
24
15
19
18
19
17
14
12
5
3
-7
-11
-8
-9
-12
-15
-8
-4
-12
-19
-30
-31
-33
-37
-41
-54
-53
-55
-61
-64
-61
-65
-65
-62
-62
-66
-62
-63
-65
-61
-60
-53
-50
-54
-54
-53
-60
-60
-62
-61
-57
-57
-53
-54
-51
-52
-51
-49
-48
-42
-36
-31
-29
-30
-31
-31
-31
-28
-26
-26
-21
-27
-26
-28
-32
-27
-27
-28
-30
-31
-29
-26
-25
-21
-21
-24
-25
-24
-30
-32
-37
-37
-39
-40
-38
-41
-45
-46
-39
-41
-41
-47
-47
-47
-51
-48
-43
-40
-37
-39
-36
-37
-37
-39
-42
-45
-37
-26
-25
-23
-24
-25
-27
-24
-22
-20
-19
-9
-10
-12
-10
-10
-13
-14
-13
-2
1
3
3
7
11
10
7
6
6
5
12
15
16
15
12
15
14
16
16
14
14
18
21
21
18
17
18
14
12
18
21
13
13
6
1
-3
-9
-8
-6
-4
-3
1
-6
-10
-8
-14
-14
-16
-16
-11
-9
-2
-2
0
6
0
-5
-7
-6
-10
-8
-10
-12
-12
-18
-22
-22
-22
-20
-18
-24
-20
-17
-12
-3
-3
-3
-1
5
9
7
11
10
4
9
5
9
13
16
25
34
37
37
36
36
35
33
33
34
37
35
35
34
39
42
34
33
37
44
49
45
46
47
46
41
42
41
41
45
51
49
56
61
63
72
77
81
82
88
84
85
86
80
79
77
75
66
67
63
56
55
49
53
56
54
55
52
53
54
54
52
53
50
49
48
48
49
38
35
35
37
35
31
27
20
18
19
17
14
13
13
9
7
8
11
12
8
7
9
12
10
9
12
15
11
8
2
-1
-1
-6
-11
-13
-18
-13
-13
-15
-17
-14
-18
-20
-26
-26
-26
-35
-28
-27
-30
-30
-31
-28
-26
-27
-29
-30
-29
-28
-32
-38
-34
-42
-46
-47
-46
-40
-39
-39
-38
-39
-40
-39
-46
-49
-47
-50
-47
-46
-48
-44
-46
-55
-65
-65
-65
-64
-60
-58
-63
-58
-54
-51
-44
-38
-33
-33
-26
-22
-22
-15
-17
-4
-3
2
9
7
8
8
16
13
16
19
20
20
20
20
22
19
19
19
11
6
2
7
6
3
-1
-12
-14
-15
-28
-32
-36
-39
-42
-43
-40
-42
-45
-45
-52
-52
-52
-50
-42
-44
-45
-45
-46
-52
-61
-58
-61
-62
-60
-64
-66
-65
-61
-65
-66
-64
-60
-55
-60
-63
-57
-54
-56
-53
-51
-47
-46
-39
-39
-35
-29
-32
-26
-25
-19
-10
-10
-3
1
4
15
12
13
21
21
24
24
27
34
44
48
50
53
56
58
61
64
56
56
54
54
51
43
42
41
38
41
39
34
28
26
23
25
20
15
13
9
17
17
14
15
14
16
21
19
21
17
19
18
13
12
5
11
14
15
19
16
21
20
18
24
35
29
29
33
36
39
34
30
31
31
28
32
34
33
37
40
39
32
31
27
25
27
29
34
35
29
23
25
19
18
23
22
27
31
31
28
22
20
24
28
24
22
18
21
16
13
21
20
21
23
26
26
25
28
24
26
32
28
28
26
26
26
32
28
28
26
24
28
25
22
16
11
15
12
15
23
18
19
25
24
25
22
19
23
21
23
24
28
26
26
19
17
23
20
22
18
20
21
23
27
24
22
25
16
18
22
17
17
17
12
6
8
2
5
4
7
10
10
8
11
6
5
5
2
3
4
9
6
7
9
10
12
7
5
8
11
8
9
14
16
17
15
15
9
4
0
-1
-8
-12
-17
-23
-24
-29
-27
-28
-32
-37
-39
-36
-40
-40
-39
-41
-41
-45
-48
-49
-52
-54
-61
-68
-67
-66
-67
-71
-73
-78
-81
-82
-77
-75
-74
-65
-61
-57
-55
-51
-46
-49
-41
-40
-39
-37
-41
-31
-29
-36
-35
-37
-39
-33
-38
-42
-38
-40
-43
-41
-46
-41
-43
-52
-49
-52
-45
-40
-39
-32
-31
-34
-35
-40
-47
-45
-46
-36
-32
-33
-32
-32
-34
-35
-32
-34
-30
-33
-32
-34
-36
-36
-39
-31
-34
-39
-33
-30
-27
-24
-26
-31
-26
-22
-21
-21
-18
-16
-15
-18
-23
-25
-33
-33
-29
-23
-21
-20
-11
-9
-13
-2
-2
1
6
12
18
22
25
24
30
25
22
24
22
21
19
16
20
24
21
18
17
18
14
14
10
6
4
0
-2
-6
-4
-1
2
2
5
6
8
8
-3
-5
-9
-13
-10
-10
-15
-15
-11
-12
-16
-16
-15
-20
-22
-12
-11
-10
-8
-6
-7
-8
-8
-8
-7
-1
7
2
6
8
8
16
14
10
18
15
17
20
19
26
28
26
30
40
48
52
56
61
66
69
64
67
71
69
76
80
85
86
90
94
93
99
98
101
106
110
111
114
116
122
121
128
127
124
122
117
112
106
104
94
93
87
88
80
71
67
57
49
41
44
38
43
42
36
41
32
22
19
14
15
22
16
11
8
2
-3
-12
-17
-24
-31
-27
-30
-33
-31
-30
-28
-25
-20
-22
-19
-15
-17
-14
-13
-14
-12
-13
-22
-22
-23
-21
-22
-23
-17
-12
-10
-9
-8
-5
-2
2
2
0
-3
-10
-2
3
3
0
-6
-8
-6
-5
-11
-18
-22
-23
-27
-28
-32
-32
-30
-25
-20
-24
-32
-37
-40
-49
-44
-42
-39
-42
-38
-38
-45
-42
-46
-50
-52
-56
-62
-54
-52
-56
-56
-66
-67
-57
-54
-56
-61
-59
-57
-53
-48
-50
-48
-36
-32
-28
-24
-30
-20
-19
-17
-14
-8
-4
-6
-2
-6
-11
-11
-12
-12
-12
-11
-6
-8
-8
-8
-8
-9
-11
-13
-13
-13
-16
-13
-17
-22
-28
-31
-31
-36
-39
-35
-33
-36
-37
-34
-38
-42
-40
-40
-39
-40
-42
-41
-45
-46
-43
-48
-45
-49
-48
-46
-40
-39
-43
-46
-49
-43
-37
-36
-29
-28
-31
-31
-31
-30
-29
-24
-21
-22
-10
-5
-5
-1
-5
-6
-6
-1
-2
-2
2
3
6
5
10
13
11
11
11
13
19
20
20
21
21
19
20
18
17
14
20
22
20
24
27
30
31
31
37
39
41
48
44
43
44
44
46
48
51
52
51
55
61
58
55
56
57
51
45
42
33
36
34
31
32
27
27
27
27
25
27
30
25
24
22
24
19
16
17
20
18
21
27
23
17
18
18
26
29
29
37
35
41
44
46
48
48
52
55
65
70
69
70
65
63
65
67
68
65
71
69
66
64
62
61
56
52
50
53
51
49
44
38
36
34
33
29
28
28
29
22
9
3
1
-4
-7
-6
-4
-8
-12
-15
-19
-25
-25
-25
-25
-24
-18
-16
-16
-11
-16
-18
-23
-27
-27
-22
-28
-24
-26
-32
-31
-28
-24
-24
-27
-25
-27
-24
-15
-21
-19
-15
-10
-7
-9
0
-3
4
3
3
15
11
19
17
7
10
9
6
4
4
11
17
13
16
22
15
15
19
22
24
22
23
20
26
24
23
25
22
22
15
14
9
5
4
3
2
3
0
0
-2
-1
-4
-9
-10
-15
-14
-19
-27
-25
-28
-29
-24
-22
-28
-37
-40
-47
-50
-45
-48
-52
-48
-47
-49
-52
-52
-51
-50
-55
-57
-61
-66
-58
-65
-70
-72
-71
-69
-73
-73
-76
-77
-80
-75
-70
-72
-69
-66
-64
-59
-58
-58
-58
-54
-46
-47
-45
-47
-45
-34
-30
-30
-31
-28
-28
-28
-26
-24
-21
-23
-28
-21
-14
-17
-18
-14
-17
-18
-16
-15
-11
-6
2
-3
1
0
-4
-1
-4
3
1
-2
-2
-1
5
-3
-9
-5
-1
7
4
1
6
14
15
10
8
11
14
15
19
19
20
14
10
10
12
12
13
12
11
8
6
5
1
1
3
0
-5
-4
-3
-3
-3
-8
-23
-25
-26
-29
-26
-37
-36
-41
-43
-43
-47
-50
-44
-41
-41
-39
-42
-50
-47
-42
-39
-30
-22
-14
-6
1
7
7
10
19
21
25
34
38
39
39
40
42
39
43
43
44
50
51
54
55
56
55
53
57
61
61
58
53
52
53
54
56
52
58
59
61
59
56
55
50
43
37
42
46
49
41
35
37
32
26
25
25
19
17
21
24
23
21
22
24
20
15
14
14
8
8
9
1
1
8
4
5
9
5
8
11
11
17
22
28
32
32
34
29
31
36
34
38
46
48
48
50
44
46
45
44
46
41
50
44
49
49
46
45
45
44
37
37
35
31
41
35
29
26
16
12
5
3
-4
-10
-19
-27
-34
-32
-34
-34
-34
-37
-35
-34
-34
-40
-32
-30
-28
-29
-33
-33
-32
-34
-34
-36
-41
-47
-43
-39
-31
-25
-24
-25
-26
-25
-20
-11
-10
-15
-16
-13
-7
-10
-13
-7
-5
-3
-2
1
3
1
4
10
19
24
19
14
12
7
11
15
9
12
15
21
26
21
13
9
8
1
3
9
5
5
-1
-5
-7
-11
-14
-21
-25
-31
-33
-31
-36
-36
-44
-49
-43
-47
-49
-53
-49
-51
-47
-50
-59
-55
-62
-62
-61
-65
-66
-63
-67
-66
-68
-74
-73
-72
-68
-66
-63
-62
-64
-62
-53
-49
-42
-35
-28
-18
-18
-21
-24
-22
-21
-28
-23
-19
-17
-14
-17
-13
-11
-7
-2
-6
-3
-2
-1
6
6
7
17
14
6
8
13
13
11
12
12
12
14
17
16
12
10
8
10
12
11
13
7
4
3
0
4
0
4
6
-3
-1
-10
-11
-12
-15
-19
-19
-19
-28
-28
-31
-22
-16
-20
-22
-17
-15
-11
-16
-18
-18
-23
-14
-11
-7
-2
-8
-6
-1
-2
-2
-2
-1
7
10
16
21
23
25
23
22
23
26
28
32
37
44
48
54
55
55
58
59
59
61
65
67
67
67
63
59
55
60
57
61
61
54
54
52
54
55
57
53
54
49
48
50
41
39
36
33
29
28
22
20
23
22
21
15
12
11
9
2
3
5
2
4
1
5
2
7
9
9
4
-3
1
0
-1
1
4
3
3
-2
-1
1
0
2
6
9
15
19
28
35
38
38
41
48
47
48
45
46
51
46
38
40
38
36
37
36
33
28
30
35
30
26
29
32
31
17
19
27
15
13
14
8
7
4
6
4
3
4
3
-2
-4
-2
-6
-5
-5
-8
-9
-8
-10
-6
-10
-8
-14
-12
-10
-17
-13
-17
-12
-10
-14
-7
-10
-16
-9
-10
-17
-17
-20
-22
-19
-28
-30
-28
-28
-26
-25
-22
-26
-25
-28
-29
-34
-38
-36
-37
-31
-26
-29
-32
-33
-39
-41
-39
-44
-49
-51
-60
-58
-56
-59
-60
-59
-58
-53
-48
-49
-45
-47
-46
-38
-35
-36
-32
-32
-29
-26
-20
-17
-19
-15
-17
-13
-7
-1
0
1
-10
-16
-16
-16
-15
-20
-22
-22
-15
-8
-11
-12
-20
-23
-24
-29
-30
-27
-27
-27
-20
-20
-18
-21
-30
-29
-27
-26
-28
-29
-27
-30
-29
-36
-38
-32
-31
-31
-32
-33
-29
-31
-30
-29
-31
-25
-27
-28
-25
-28
-27
-29
-31
-30
-30
-24
-17
-10
-7
-8
-9
-7
-6
-1
1
2
2
-2
1
3
-1
-9
-6
-11
-12
-10
-10
-4
-4
-2
0
-1
1
-2
-2
-2
-9
-3
-8
-15
-20
-15
-18
-20
-24
-27
-25
-24
-22
-25
-24
-20
-19
-18
-18
-32
-31
-27
-15
-13
-14
-8
-7
0
6
14
15
18
26
29
41
43
42
44
39
46
50
51
54
54
53
54
58
59
63
70
77
69
74
73
71
77
76
75
74
75
84
79
73
75
65
64
61
57
52
48
46
41
47
40
35
37
33
32
31
27
24
26
21
18
13
5
1
2
2
-1
-8
-13
-16
-15
-15
-11
-17
-15
-13
-16
-12
-10
-10
-1
0
-2
-8
-7
-5
-6
-6
-5
-1
0
6
5
11
13
13
17
20
24
24
23
27
31
21
23
19
16
20
19
24
27
31
38
42
37
29
28
27
23
35
30
31
33
28
25
22
24
19
23
24
22
19
14
16
15
17
17
11
14
10
7
7
-2
-9
-14
-8
-5
-12
-16
-15
-11
-8
-9
-18
-20
-27
-27
-22
-23
-24
-23
-28
-27
-23
-26
-29
-37
-41
-39
-35
-29
-27
-27
-25
-24
-24
-24
-24
-29
-26
-20
-14
-12
-11
-17
-25
-22
-34
-31
-31
-25
-20
-22
-19
-22
-24
-20
-16
-24
-28
-24
-20
-22
-25
-20
-20
-21
-21
-26
-26
-30
-25
-22
-20
-19
-26
-22
-13
-9
-5
-8
-7
-5
-3
1
6
7
10
12
11
9
6
5
3
6
6
10
11
10
8
4
7
5
6
5
-2
-3
-2
0
-3
-5
-6
-5
-5
-8
-5
-6
-8
-7
-10
-12
-16
-16
-19
-17
-20
-20
-17
-24
-28
-28
-26
-27
-29
-31
-30
-36
-37
-39
-38
-37
-35
-37
-40
-40
-39
-40
-38
-38
-36
-28
-29
-24
-27
-36
-36
-30
-34
-30
-27
-21
-21
-20
-9
-5
6
9
6
12
15
17
18
16
15
17
23
28
26
34
39
39
38
39
39
41
45
38
46
46
45
45
43
39
37
32
31
33
29
39
42
38
37
34
33
36
36
39
40
39
34
34
35
30
25
23
25
23
19
12
16
16
16
19
14
17
12
11
11
4
1
-2
1
1
-3
1
2
-5
-10
-14
-16
-13
-19
-11
-4
-2
2
0
-3
-8
-6
-4
0
2
7
7
7
5
4
8
9
12
16
16
20
25
35
33
33
38
38
39
43
41
43
44
49
53
52
59
57
57
55
49
49
49
44
43
44
44
41
33
34
32
31
29
23
20
13
4
6
4
1
2
-1
1
-8
-3
-10
-13
-8
-7
-4
-6
-3
-5
-8
-12
-10
-12
-11
-22
-23
-23
-31
-31
-31
-27
-23
-23
-9
2
5
16
17
18
16
16
18
13
13
14
13
14
3
-3
0
-2
-12
-9
-12
-13
-8
-9
-6
-4
-4
-2
-3
-6
-4
-6
4
9
-4
-4
-5
-8
-2
-3
-4
2
-4
0
-5
-11
-10
-13
-8
-10
-9
-5
-9
-12
-11
-15
-11
-15
-15
-12
-16
-10
-9
-19
-18
-18
-26
-27
-31
-33
-31
-26
-26
-28
-32
-33
-33
-37
-37
-36
-34
-44
-46
-46
-42
-39
-46
-43
-43
-42
-39
-43
-45
-47
-46
-50
-49
-50
-51
-51
-54
-57
-56
-61
-60
-58
-61
-59
-57
-60
-64
-65
-75
-75
-74
-77
-69
-71
-64
-61
-56
-53
-55
-52
-53
-49
-52
-47
-39
-36
-36
-38
-38
-34
-33
-35
-32
-35
-33
-32
-34
-30
-31
-26
-32
-31
-26
-25
-18
-14
-7
-6
-6
-7
0
5
6
9
8
12
18
21
26
25
18
21
22
24
18
20
24
24
22
22
24
26
29
30
31
31
31
32
33
31
32
25
29
26
19
15
16
15
13
16
15
14
14
19
14
9
14
8
11
10
14
21
18
17
17
15
9
7
13
11
15
9
4
7
9
11
8
12
19
19
16
14
19
21
21
24
21
19
19
17
22
27
19
14
10
15
14
20
22
19
19
22
31
29
30
31
37
36
46
50
52
55
48
54
52
50
49
49
50
50
59
57
65
70
66
60
60
60
61
70
70
80
84
81
82
72
68
67
71
70
70
66
59
61
53
51
50
44
41
35
32
33
33
33
39
30
28
30
34
30
32
32
28
26
22
15
7
4
4
6
9
6
2
1
2
3
2
0
-1
-2
-7
-8
-11
-13
-13
-16
-16
-11
-6
-7
-12
-12
-11
-13
-15
-21
-19
-16
-11
-5
-1
0
-6
-3
-8
-6
-1
1
-2
-9
-10
-11
-14
-17
-19
-18
-16
-23
-27
-30
-33
-38
-33
-32
-41
-34
-33
-34
-34
-35
-40
-45
-42
-42
-45
-41
-39
-39
-38
-40
-42
-39
-38
-38
-38
-35
-34
-37
-40
-46
-50
-52
-54
-57
-46
-45
-43
-34
-32
-34
-31
-34
-37
-31
-25
-25
-24
-27
-29
-34
-40
-37
-36
-38
-35
-35
-35
-37
-38
-41
-46
-45
-49
-55
-54
-56
-63
-62
-68
-71
-74
-78
-74
-71
-68
-64
-67
-65
-62
-60
-57
-47
-50
-45
-43
-47
-40
-33
-34
-34
-32
-35
-31
-29
-27
-25
-28
-23
-18
-24
-15
-16
-8
-2
1
6
9
13
14
16
13
19
18
21
23
31
26
12
12
12
12
15
21
21
18
17
13
17
14
13
14
12
19
21
22
25
26
26
27
30
23
21
19
17
25
29
29
25
21
23
21
24
29
31
34
36
42
43
53
49
48
51
49
51
50
56
54
52
46
45
44
40
40
35
33
27
33
42
38
46
44
44
45
40
37
32
28
30
29
28
29
19
21
23
20
14
8
9
7
7
6
3
2
0
5
8
4
6
13
14
17
19
19
21
26
26
26
19
22
25
22
31
34
34
43
48
49
51
56
61
59
59
58
58
64
68
71
70
63
63
62
64
62
62
58
58
56
55
51
46
47
42
41
38
37
36
36
36
40
39
36
31
29
20
12
14
12
12
10
3
2
-3
-7
-8
-10
-18
-18
-18
-17
-12
-17
-22
-23
-29
-30
-29
-26
-27
-25
-26
-27
-24
-29
-32
-39
-35
-38
-40
-35
-38
-44
-44
-37
-37
-39
-31
-34
-33
-29
-27
-18
-22
-20
-15
-10
-10
-6
-5
-1
1
0
-2
-1
-4
-1
2
-2
-5
-13
-13
-10
-9
-11
-15
-16
-12
-12
-18
-19
-23
-28
-27
-28
-37
-39
-38
-45
-52
-49
-53
-54
-56
-60
-54
-53
-58
-58
-60
-58
-59
-65
-65
-66
-67
-65
-69
-73
-76
-75
-68
-71
-68
-62
-61
-60
-59
-55
-54
-53
-55
-55
-54
-50
-54
-50
-41
-39
-37
-40
-39
-29
-28
-23
-13
-15
-17
-19
-14
-15
-14
-11
-11
-5
2
1
6
10
7
7
2
3
10
11
9
12
8
-5
-4
-7
-7
-7
-11
-8
-10
-13
-17
-19
-25
-29
-24
-25
-24
-19
-10
-4
-3
-7
-9
-10
-10
-11
-11
-10
-14
-11
-15
-23
-23
-21
-14
-21
-16
-19
-15
-9
-8
-6
-5
-2
-8
-5
-2
2
4
5
5
6
4
5
5
14
18
10
18
19
19
29
31
35
44
46
50
55
59
60
61
58
51
54
58
60
59
59
54
46
43
42
41
38
37
36
38
37
34
28
23
18
22
20
20
23
20
23
21
21
10
11
8
2
3
-2
-4
5
4
3
1
-3
0
-1
5
2
3
11
12
16
14
12
16
15
13
18
18
23
21
27
35
33
37
38
37
43
51
49
46
50
52
57
64
63
68
70
62
67
70
68
69
70
67
65
68
66
62
63
50
42
39
39
37
36
36
30
30
26
23
17
5
4
4
-3
-3
-11
-16
-11
-17
-25
-27
-29
-30
-33
-36
-34
-37
-39
-40
-36
-30
-33
-29
-29
-26
-17
-12
-7
-10
-12
-12
-8
-9
-6
-5
-7
-10
-8
-9
-1
3
1
-2
-3
-1
0
7
6
8
9
9
9
7
9
3
-1
-1
3
4
-2
-1
2
1
-2
-5
-5
-4
-1
-3
-3
-2
-3
-7
-6
-11
-21
-18
-18
-18
-15
-15
-19
-21
-25
-23
-23
-27
-22
-24
-23
-20
-26
-28
-34
-36
-40
-38
-37
-38
-36
-35
-34
-41
-36
-37
-40
-36
-34
-34
-28
-27
-33
-35
-40
-42
-42
-47
-40
-40
-41
-42
-40
-43
-49
-49
-50
-49
-47
-47
-57
-57
-57
-53
-58
-57
-57
-59
-53
-59
-54
-49
-51
-51
-48
-48
-47
-46
-42
-36
-30
-26
-24
-25
-29
-23
-24
-24
-19
-15
-9
-1
-5
-2
-5
-7
-3
3
6
7
7
7
10
6
16
19
20
24
24
23
21
23
27
25
23
26
23
23
24
21
20
21
22
22
20
20
13
18
22
16
18
16
23
18
9
12
11
8
6
7
9
6
5
5
2
5
2
-3
-7
-11
-16
-11
-8
-4
-1
1
1
5
11
14
16
19
19
18
25
27
30
31
29
30
26
23
27
25
22
21
17
14
21
18
15
19
23
20
20
20
15
12
10
9
8
9
10
11
13
18
21
20
23
24
19
22
29
35
35
38
36
40
38
33
39
39
47
54
56
53
51
55
57
60
61
68
62
55
60
54
55
54
54
51
48
49
48
53
52
50
47
39
38
39
38
36
40
39
37
39
38
37
40
33
31
29
29
28
22
20
25
24
23
22
19
19
16
15
16
11
8
6
3
6
2
-5
-6
-8
-11
-9
-12
-13
-20
-27
-24
-21
-18
-16
-21
-16
-14
-15
-12
-11
-8
-1
3
5
8
7
7
7
6
15
11
10
9
12
18
14
17
17
15
15
13
12
15
19
17
11
15
11
11
9
7
5
-3
0
-8
-5
-8
-15
-18
-21
-25
-23
-23
-25
-26
-28
-20
-21
-24
-28
-31
-32
-34
-34
-34
-40
-49
-49
-49
-48
-48
-47
-48
-51
-51
-57
-58
-56
-53
-50
-53
-54
-59
-64
-64
-63
-63
-69
-72
-67
-70
-70
-67
-69
-68
-70
-65
-61
-61
-54
-48
-45
-48
-54
-54
-49
-47
-44
-45
-40
-33
-34
-39
-44
-49
-50
-45
-41
-41
-36
-42
-47
-46
-51
-52
-53
-47
-45
-44
-42
-42
-38
-44
-39
-44
-49
-50
-49
-41
-39
-37
-38
-36
-37
-33
-32
-21
-23
-20
-15
-23
-14
-18
-20
-19
-18
-15
-13
-7
-9
-4
-5
-2
-1
-2
-8
-9
-2
-1
7
8
6
7
6
6
7
3
-1
7
10
10
6
7
13
12
11
14
11
9
11
7
8
12
11
16
17
17
17
19
17
18
22
24
25
31
25
26
38
35
37
40
33
28
29
34
37
