24
44
43
49
55
57
48
51
45
46
46
40
44
39
37
39
41
42
43
45
40
37
40
29
21
21
14
7
0
-2
-3
-4
-5
-1
-4
-1
-1
-4
-5
-16
-24
-26
-30
-35
-37
-37
-36
-42
-45
-44
-48
-47
-51
-52
-56
-58
-53
-58
-62
-67
-70
-65
-67
-64
-62
-59
-64
-68
-65
-69
-67
-74
-73
-75
-74
-74
-68
-61
-55
-46
-42
-43
-46
-45
-46
-50
-45
-37
-37
-32
-29
-26
-31
-28
-23
-21
-17
-24
-25
-34
-40
-40
-37
-34
-36
-33
-31
-28
-30
-28
-29
-29
-29
-33
-33
-37
-42
-39
-38
-41
-40
-37
-35
-36
-28
-22
-15
-14
-11
-6
-10
-12
-15
-22
-24
-19
-15
-20
-23
-25
-25
-25
-22
-21
-19
-13
-14
-7
-9
-11
-14
-11
-11
-11
-6
-2
2
4
5
12
15
18
19
24
20
27
25
21
24
25
32
33
37
33
30
27
23
23
23
20
19
21
23
22
26
19
17
24
28
29
29
35
31
30
26
20
22
21
17
20
16
12
16
15
22
21
16
18
19
19
24
26
22
19
9
10
7
3
0
-5
-5
-5
-5
-4
1
1
1
-3
-6
-5
-6
-7
-5
-6
-7
-9
-2
6
10
14
15
17
17
23
21
22
24
23
20
14
19
18
24
35
40
46
43
46
42
36
37
38
46
53
54
45
45
45
47
54
53
55
53
55
54
53
52
47
46
45
45
45
42
45
42
42
38
37
33
29
31
28
23
17
13
12
12
11
7
0
3
3
1
4
9
4
0
3
3
5
-1
-6
-9
-6
-2
0
1
3
10
7
7
11
17
21
19
17
23
27
28
25
22
23
26
33
35
37
39
43
47
50
52
52
54
57
57
53
51
49
43
45
42
32
32
26
17
18
18
17
16
11
6
1
1
-6
-18
-21
-28
-31
-30
-33
-31
-39
-39
-42
-43
-42
-44
-49
-50
-51
-54
-53
-57
-62
-60
-57
-64
-63
-69
-66
-66
-72
-70
-65
-66
-71
-68
-72
-67
-63
-69
-66
-69
-68
-66
-69
-74
-72
-69
-69
-65
-69
-70
-74
-73
-72
-72
-68
-64
-61
-65
-64
-67
-67
-64
-67
-66
-65
-67
-68
-69
-73
-68
-64
-60
-63
-61
-59
-54
-46
-47
-40
-39
-30
-25
-22
-12
-13
-15
-14
-16
-10
-9
-8
-8
-12
-12
-13
-6
-4
-4
-3
-1
7
3
5
6
8
8
3
3
-1
-2
-8
-13
-14
-16
-11
-10
-8
-3
2
2
0
3
-2
0
-2
-3
-5
-10
-5
-3
-2
3
4
7
19
20
18
15
12
13
10
10
7
8
3
5
9
10
17
21
26
26
29
34
35
33
35
29
25
22
20
22
23
27
24
21
27
34
33
26
21
18
19
19
16
11
2
5
9
15
16
18
25
25
23
23
25
31
32
27
30
32
29
31
34
35
31
31
33
25
31
26
24
30
24
27
26
27
28
30
29
25
30
35
37
39
44
48
46
46
44
42
41
44
49
55
56
52
54
46
52
52
51
57
59
60
61
57
57
58
56
53
46
49
47
45
47
50
53
54
57
54
53
53
49
46
47
50
50
42
37
35
30
30
24
24
17
11
11
8
10
18
24
26
23
22
23
19
17
8
-2
-3
0
3
5
10
11
9
9
7
13
17
12
9
4
2
-1
-2
-6
-13
-14
-14
-17
-22
-21
-20
-19
-23
-30
-28
-27
-34
-32
-37
-38
-37
-42
-43
-54
-51
-53
-62
-56
-58
-59
-56
-55
-54
-52
-48
-49
-54
-55
-51
-56
-55
-54
-56
-54
-48
-40
-40
-41
-37
-42
-47
-51
-50
-48
-45
-43
-49
-50
-45
-44
-39
-41
-45
-48
-49
-48
-52
-54
-58
-60
-58
-55
-54
-53
-58
-59
-54
-47
-42
-39
-38
-37
-33
-37
-34
-36
-37
-32
-30
-31
-31
-29
-31
-27
-23
-22
-19
-13
-13
-13
-17
-20
-20
-20
-14
-13
-16
-17
-18
-13
-17
-15
-15
-14
-10
-12
-13
-14
-13
-13
-13
-13
-13
-7
-5
-8
-2
3
12
13
17
15
14
17
13
19
22
21
26
31
37
37
38
40
45
54
61
62
62
63
57
59
59
58
54
52
50
47
47
41
36
32
34
33
24
17
11
13
16
11
7
4
-5
-17
-17
-18
-18
-16
-17
-15
-15
-17
-21
-23
-22
-25
-33
-32
-37
-39
-45
-48
-38
-36
-32
-26
-32
-29
-24
-24
-24
-22
-21
-22
-24
-26
-17
-14
-11
-8
-4
3
7
15
30
34
35
39
60
67
62
68
65
65
63
65
66
69
63
65
65
64
74
66
65
66
66
65
62
57
53
56
48
51
47
40
43
46
52
54
55
51
46
41
37
37
29
29
30
29
26
26
28
22
20
26
37
34
30
30
26
27
23
21
18
15
16
10
11
10
17
19
9
9
5
0
-1
1
0
-3
-3
-1
-3
-5
-9
-8
-9
-11
-11
-9
-3
-1
2
4
0
2
1
-3
1
4
3
5
-1
1
1
4
10
13
13
16
18
18
23
19
17
6
6
8
8
8
3
0
-4
-8
-10
-9
-12
-15
-17
-16
-10
-12
-23
-28
-29
-34
-40
-45
-45
-51
-50
-50
-55
-50
-52
-59
-65
-66
-66
-72
-70
-69
-70
-75
-73
-65
-68
-69
-68
-67
-67
-69
-70
-71
-70
-67
-60
-68
-67
-62
-59
-53
-57
-47
-45
-45
-44
-46
-46
-46
-45
-38
-37
-31
-24
-30
-25
-19
-17
-11
-7
-7
-4
2
4
6
5
13
10
10
10
8
4
2
4
3
3
1
2
2
2
-4
-4
-4
-5
-6
-8
-9
-3
4
2
0
-6
-9
-6
-11
-14
-10
-17
-13
-10
-8
-6
-5
-5
-9
-6
-5
0
-5
-6
-2
-2
-1
-1
-5
-6
-11
-6
-11
-13
-10
-13
-4
-6
-9
-8
-13
-13
-13
-14
-14
-12
-8
-12
-14
-14
-16
-20
-20
-15
-20
-13
-8
-5
-4
-3
-8
-9
0
-2
-1
-2
-2
4
10
14
22
31
36
36
35
39
32
34
36
33
27
26
29
33
43
44
45
50
46
49
50
49
51
43
43
35
34
27
29
37
34
43
37
32
32
34
37
36
34
36
40
43
38
36
37
36
41
46
46
52
53
51
54
53
52
57
54
52
62
63
66
74
73
76
83
85
85
84
86
85
78
78
78
81
73
68
66
66
68
68
63
55
54
50
49
45
47
47
37
36
35
31
31
22
19
15
11
9
2
4
1
1
-2
-6
-4
-6
-10
-7
-6
-9
-14
-21
-28
-31
-30
-34
-36
-39
-40
-37
-40
-39
-38
-45
-47
-46
-51
-57
-56
-53
-60
-56
-59
-57
-50
-46
-40
-41
-41
-36
-37
-37
-44
-47
-43
-46
-38
-41
-39
-33
-25
-27
-31
-30
-30
-31
-36
-34
-34
-36
-29
-29
-32
-27
-20
-17
-13
-8
-9
-11
-14
-13
-9
-10
-10
-10
-11
-11
-6
-7
-10
-8
-10
-16
-19
-19
-26
-28
-30
-27
-28
-22
-25
-30
-29
-23
-16
-19
-22
-29
-29
-30
-31
-40
-39
-43
-50
-46
-44
-38
-36
-40
-39
-36
-43
-39
-44
-49
-43
-41
-44
-47
-53
-55
-51
-54
-47
-41
-39
-35
-31
-31
-31
-31
-28
-26
-28
-21
-21
-18
-16
-20
-12
-9
-6
2
1
5
3
-1
2
-2
1
1
-5
-4
-8
-10
-7
-4
-2
-4
-6
1
6
6
5
-3
-8
-14
-13
-3
-2
0
7
8
6
4
1
1
0
-1
-3
-6
-6
-4
-1
-1
-5
-13
-9
-12
-9
-4
-9
-11
-19
-13
-7
-2
-3
-7
-8
-15
-10
-4
-3
5
9
3
6
12
19
21
26
27
22
27
24
17
14
13
16
14
16
24
27
32
37
34
32
34
32
33
34
38
36
29
31
35
40
41
46
55
59
55
59
58
63
63
57
55
55
59
57
59
61
59
53
48
48
43
34
39
28
22
22
22
23
23
21
21
22
22
20
15
17
8
3
2
0
1
9
14
14
24
24
27
22
18
22
19
24
28
26
21
22
28
30
39
39
37
39
40
46
50
52
55
49
46
50
52
53
57
59
61
64
60
57
60
65
63
58
54
43
38
30
26
30
28
25
26
31
27
23
23
14
9
3
-8
-10
-8
-8
-17
-16
-19
-16
-20
-26
-22
-24
-28
-29
-31
-30
-32
-37
-36
-36
-37
-37
-41
-38
-36
-41
-48
-50
-50
-54
-53
-46
-43
-42
-33
-31
-31
-23
-20
-15
-13
-20
-17
-17
-17
-16
-18
-16
-14
-17
-17
-14
-17
-13
-15
-20
-20
-28
-37
-44
-43
-43
-45
-45
-44
-48
-53
-52
-52
-54
-47
-42
-41
-37
-38
-40
-39
-36
-37
-29
-28
-23
-21
-19
-16
-22
-19
-22
-23
-21
-24
-26
-26
-32
-33
-24
-25
-22
-21
-24
-24
-30
-26
-25
-29
-27
-29
-27
-19
-13
-13
-11
-14
-17
-20
-20
-16
-19
-27
-35
-35
-30
-24
-17
-19
-18
-23
-27
-28
-25
-24
-23
-19
-20
-23
-17
-14
-18
-23
-18
-12
-10
-6
-3
-1
-8
-3
2
-3
-3
-5
-8
-4
-5
-7
-8
-9
-17
-17
-14
-9
-9
-15
-13
-17
-20
-21
-22
-22
-18
-22
-28
-26
-22
-24
-24
-21
-27
-31
-29
-30
-33
-31
-31
-33
-36
-33
-35
-39
-35
-37
-36
-38
-39
-44
-38
-31
-32
-30
-31
-27
-19
-18
-20
-13
-13
-9
-7
-8
-1
2
6
14
22
19
26
31
37
40
45
45
47
49
42
48
55
63
60
65
59
57
68
70
72
75
70
69
67
67
74
74
77
77
80
79
75
80
80
83
78
74
81
78
74
73
70
71
69
67
67
59
56
55
43
44
41
44
41
41
49
49
53
56
57
57
57
62
60
60
63
55
57
49
45
50
45
47
47
47
48
45
39
38
36
34
33
25
23
17
17
19
20
20
16
16
11
16
15
18
11
6
9
4
9
9
4
2
3
8
10
6
-4
-5
-7
-9
-11
-13
-14
-18
-16
-15
-13
-12
-17
-16
-24
-33
-26
-25
-23
-27
-24
-29
-32
-33
-33
-35
-32
-27
-34
-32
-41
-47
-56
-54
-50
-45
-37
-36
-36
-36
-33
-41
-43
-41
-44
-47
-48
-47
-47
-47
-43
-40
-38
-37
-35
-34
-30
-27
-27
-23
-17
-18
-18
-21
-24
-27
-27
-26
-25
-27
-27
-21
-19
-14
-8
1
-6
0
6
6
7
9
7
8
4
5
8
10
8
-2
0
4
-1
-10
-6
-11
-10
-8
-13
-13
-19
-20
-25
-30
-30
-32
-33
-41
-43
-42
-42
-34
-34
-41
-43
-47
-46
-41
-40
-46
-43
-48
-48
-41
-46
-45
-44
-45
-43
-41
-44
-42
-40
-42
-42
-43
-48
-53
-53
-50
-55
-54
-57
-56
-57
-60
-58
-59
-59
-60
-51
-48
-48
-45
-39
-37
-28
-27
-25
-29
-33
-29
-27
-26
-24
-19
-22
-18
-11
-13
-8
-8
-10
-4
-8
-8
-10
-14
-9
-9
-14
-16
-12
-10
-1
8
7
10
12
14
20
24
21
15
15
9
5
9
5
4
3
11
15
18
28
29
30
28
33
33
34
31
27
35
40
48
48
53
55
52
59
69
71
75
70
69
77
75
73
67
66
69
68
73
71
68
67
59
55
57
58
51
48
52
52
55
53
51
59
58
65
68
70
66
62
62
60
61
63
64
66
68
65
67
70
68
65
64
60
53
48
42
45
40
37
38
35
41
44
47
51
50
54
46
42
48
41
41
35
33
29
18
21
24
25
30
31
25
22
22
19
22
22
23
15
3
2
-5
-2
4
8
8
11
16
19
22
24
24
25
29
24
22
13
9
14
8
3
8
6
3
7
5
1
2
-4
-10
-16
-22
-16
-25
-31
-34
-37
-33
-40
-40
-37
-31
-28
-24
-26
-27
-21
-18
-23
-21
-18
-18
-19
-26
-29
-25
-26
-35
-36
-36
-39
-35
-36
-41
-48
-49
-58
-63
-61
-65
-63
-70
-80
-83
-84
-83
-83
-85
-86
-87
-88
-87
-82
-82
-80
-80
-78
-74
-77
-74
-76
-73
-73
-77
-75
-71
-67
-65
-59
-56
-57
-51
-53
-53
-46
-42
-38
-35
-29
-29
-29
-23
-25
-21
-14
-10
-1
4
4
6
11
8
7
10
10
12
3
0
1
-8
-11
-6
-15
-12
-10
-8
-5
-8
-10
-9
-9
-10
-10
-16
-17
-14
-22
-19
-21
-21
-25
-20
-14
-22
-16
-17
-18
-17
-24
-24
-21
-17
-20
-26
-25
-21
-21
-20
-25
-28
-20
-17
-17
-15
-19
-24
-26
-20
-17
-17
-14
-16
-13
-13
-12
-11
-4
1
3
-1
3
4
9
10
5
9
14
21
15
17
15
13
22
19
16
18
19
16
15
17
16
21
23
21
22
24
23
23
18
15
14
14
12
10
9
6
5
6
5
5
9
9
12
8
4
6
0
-4
0
0
1
4
6
6
9
12
14
15
17
18
21
24
33
31
21
30
24
32
42
40
40
41
45
47
55
50
56
65
68
64
65
67
70
69
72
74
79
84
78
83
89
91
99
90
86
87
83
84
83
84
81
77
72
68
65
64
69
64
54
51
41
39
37
36
38
35
33
25
20
23
29
23
21
19
19
15
10
11
5
-2
-1
-4
-4
-6
-12
-11
-15
-14
-15
-15
-14
-18
-21
-26
-25
-25
-20
-21
-19
-10
-2
0
2
-5
-6
-8
-15
-12
-15
-15
-13
-15
-12
-12
-14
-15
-16
-18
-23
-28
-24
-25
-28
-28
-27
-27
-28
-29
-31
-31
-31
-32
-31
-21
-22
-24
-28
-28
-26
-28
-23
-21
-19
-19
-23
-25
-22
-27
-24
-27
-26
-25
-29
-33
-34
-31
-31
-33
-33
-33
-35
-29
-28
-23
-24
-23
-31
-30
-23
-20
-20
-19
-18
-15
-12
-9
-6
-14
-15
-17
-19
-21
-23
-28
-26
-32
-25
-17
-21
-23
-29
-28
-31
-32
-29
-30
-29
-26
-25
-21
-18
-11
-15
-17
-11
-12
-8
-5
-9
-12
-14
-15
-18
-18
-20
-16
-16
-19
-19
-17
-9
-6
-2
-8
-3
-2
-5
-7
-15
-18
-20
-25
-26
-28
-27
-28
-27
-28
-27
-24
-23
-19
-17
-18
-20
-19
-20
-19
-18
-18
-17
-22
-23
-21
-24
-30
-30
-29
-35
-34
-33
-26
-17
-12
-11
-9
-4
-7
-1
5
9
15
16
17
14
11
11
17
30
35
34
35
31
30
34
35
27
25
25
18
18
17
13
10
10
11
12
9
8
10
15
16
20
14
12
13
15
12
3
7
5
7
11
10
7
6
10
14
16
15
12
10
15
12
3
-5
-10
-6
-4
-3
-5
-2
-6
-7
-9
-10
-13
-5
-3
-4
-3
-2
5
8
13
15
14
20
19
21
24
25
22
23
22
20
22
29
31
32
31
35
37
35
42
39
44
38
38
40
36
40
37
38
41
35
40
41
38
39
41
43
39
40
37
39
42
44
47
45
36
34
34
36
35
36
36
31
26
26
31
31
29
34
31
35
41
40
43
39
36
39
40
34
32
26
22
25
21
20
13
5
0
2
1
-8
-11
-13
-20
-20
-19
-20
-24
-27
-17
-18
-15
-15
-17
-16
-20
-17
-12
-7
-7
0
3
4
4
6
5
-3
-9
-3
-5
-12
-17
-20
-20
-22
-14
-14
-16
-17
-15
-11
-8
-10
-10
-15
-17
-17
-19
-15
-10
-8
-10
-7
-6
-3
0
0
2
2
1
-7
-11
-12
-18
-19
-21
-20
-18
-14
-12
-11
-9
-7
-3
-2
-3
-4
-6
-6
-2
-2
-3
-4
-2
0
6
4
1
1
-2
-1
-2
1
0
2
1
0
-3
2
8
1
2
5
11
12
13
16
17
18
21
19
23
25
31
33
27
22
14
15
15
8
5
-1
-11
-15
-26
-28
-28
-37
-37
-42
-44
-48
-56
-58
-66
-77
-78
-78
-73
-72
-73
-74
-73
-73
-73
-76
-71
-72
-81
-85
-89
-93
-91
-87
-90
-85
-83
-78
-72
-71
-64
-60
-58
-55
-55
-58
-60
-58
-60
-65
-61
-60
-54
-45
-38
-27
-21
-21
-19
-16
-17
-10
-11
-15
-21
-26
-17
-14
-13
-11
-8
-4
-4
-5
-13
-18
-17
-16
-24
-20
-22
-27
-26
-23
-17
-7
1
-4
1
-5
-1
7
4
9
15
17
21
27
27
25
24
25
25
23
13
16
9
7
12
12
13
18
21
19
20
16
14
17
18
15
16
16
13
14
22
29
33
38
39
44
49
51
54
55
63
65
67
69
66
68
66
71
67
66
71
71
66
64
69
71
71
72
78
75
75
78
76
72
71
72
75
72
66
65
63
58
51
48
48
46
50
46
43
39
39
37
33
32
25
18
20
21
16
16
18
18
18
24
19
19
22
21
27
21
20
25
21
17
19
13
9
10
9
8
13
10
13
13
8
9
7
10
7
7
9
6
8
14
18
16
17
19
18
23
24
25
25
29
26
18
20
22
23
21
13
11
9
11
2
-3
-1
-1
5
8
5
2
7
5
-3
-3
-16
-16
-20
-27
-26
-27
-33
-32
-36
-29
-30
-28
-20
-27
-21
-25
-24
-25
-31
-38
-41
-43
-43
-36
-37
-33
-29
-28
-25
-24
-25
-23
-19
-9
-3
-7
-6
-10
-7
-2
-5
-2
-4
1
2
-2
1
1
-5
-5
-6
-1
4
2
-1
-5
-8
-8
-13
-20
-22
-27
-29
-33
-42
-43
-45
-51
-49
-50
-48
-48
-56
-60
-66
-63
-66
-79
-81
-87
-93
-96
-96
-89
-83
-83
-84
-80
-82
-87
-94
-102
-102
-102
-97
-98
-102
-102
-100
-96
-91
-88
-83
-73
-73
-63
-61
-62
-61
-58
-57
-53
-47
-44
-43
-42
-32
-26
-22
-20
-24
-24
-22
-21
-21
-13
-9
-12
-14
-5
-5
-5
-6
-5
7
9
8
12
17
21
23
25
24
30
25
28
29
26
24
20
20
24
21
20
23
21
22
23
22
25
23
28
23
24
19
17
24
20
25
21
18
18
25
28
24
29
35
39
38
45
54
53
50
55
60
60
61
59
62
62
54
57
56
54
57
57
53
49
46
53
47
49
54
51
59
59
57
61
62
61
59
61
66
67
75
72
67
68
65
59
62
72
72
65
58
48
49
50
46
49
47
43
44
35
38
41
41
38
35
35
35
40
40
43
39
35
30
27
24
25
24
23
23
26
21
17
20
18
18
17
16
16
16
19
17
12
11
4
9
14
18
19
20
17
17
23
27
33
35
43
35
38
40
34
28
20
22
16
16
18
14
12
12
11
9
6
3
-4
-10
-13
-22
-23
-23
-22
-23
-22
-22
-27
-26
-19
-15
-9
-12
-13
-16
-19
-21
-16
-13
-18
-20
-19
-15
-21
-22
-23
-18
-15
-18
-16
-17
-14
-13
-10
-16
-14
-10
-10
-6
-7
-5
-4
1
0
-7
-6
-14
-10
-3
-2
2
0
3
8
2
2
3
3
-1
-8
-17
-17
-12
-16
-15
-11
-8
-14
-13
-10
-10
-8
-15
-19
-21
-19
-21
-18
-23
-24
-25
-25
-26
-33
-35
-46
-45
-51
-53
-59
-67
-69
-69
-75
-79
-78
-85
-86
-87
-90
-91
-93
-94
-100
-100
-96
-92
-88
-84
-82
-75
-74
-73
-67
-69
-72
-71
-70
-77
-75
-69
-68
-69
-66
-65
-63
-56
-56
-56
-53
-54
-55
-49
-54
-54
-53
-56
-48
-46
-47
-42
-38
-38
-33
-37
-37
-34
-38
-38
-38
-37
-39
-39
-36
-37
-41
-40
-32
-35
-30
-29
-29
-21
-27
-25
-25
-19
-14
-16
-14
-14
-9
-4
2
9
12
13
11
16
18
21
29
30
33
34
37
36
38
44
46
46
53
57
63
73
78
81
73
73
75
76
77
70
74
72
73
71
71
79
82
83
81
76
73
70
68
67
67
69
63
63
60
63
70
71
77
75
74
76
77
77
79
78
78
68
65
67
63
66
66
67
69
73
70
71
69
61
58
57
55
52
51
48
45
45
42
38
37
31
32
36
28
29
28
29
33
33
31
26
16
16
19
19
22
22
29
24
24
24
29
26
20
22
24
26
25
23
16
17
19
18
10
15
19
17
16
12
8
7
2
6
4
3
7
0
4
6
11
8
2
3
1
0
-1
-4
-5
-9
-7
-9
-19
-15
-16
-16
-17
-23
-28
-31
-39
-41
-41
-47
-48
-45
-38
-36
-33
-20
-26
-31
-33
-36
-34
-33
-29
-29
-26
-27
-20
-21
-24
-23
-24
-26
-25
-15
-11
-18
-15
-19
-22
-21
-21
-18
-17
-18
-12
-14
-15
-13
-16
-9
-7
2
6
1
-3
0
4
2
3
4
0
-2
0
-2
-5
-11
-11
-11
-16
-12
-6
-8
0
-3
-10
-15
-18
-19
-25
-28
-38
-41
-40
-42
-47
-50
-50
-53
-56
-55
-52
-59
-57
-60
-62
-60
-68
-68
-74
-73
-75
-78
-74
-73
-73
-69
-74
-76
-74
-77
-77
-79
-74
-79
-79
-75
-71
-72
-80
-77
-76
-72
-67
-63
-57
-64
-67
-54
-43
-44
-47
-50
-52
-51
-53
-57
-57
-59
-53
-47
-41
-34
-27
-25
-19
-19
-22
-13
-13
-10
-6
-6
-2
-5
-2
1
-2
8
15
24
30
31
33
32
31
30
30
23
23
26
27
24
22
28
31
39
38
35
45
45
42
49
50
46
52
52
46
54
57
56
56
55
50
49
53
58
58
54
53
57
55
50
51
50
55
52
52
47
39
38
34
33
30
24
24
27
29
29
37
44
47
53
49
50
43
46
46
45
39
37
43
40
43
44
48
50
50
49
51
51
52
53
55
57
54
50
49
45
38
40
38
39
40
38
39
37
34
34
34
40
42
45
42
39
34
31
30
28
27
22
23
24
27
27
24
22
23
24
23
20
23
24
25
25
24
22
19
19
19
15
11
15
17
14
11
6
4
-1
-5
-7
-8
-12
-17
-16
-25
-27
-23
-19
-14
-14
-10
-13
-16
-17
-8
-6
-11
-12
-15
-16
-18
-16
-15
-17
-17
-19
-19
-20
-19
-17
-8
-7
-6
-2
-8
-11
-11
-12
-6
-5
-8
-10
-8
-12
-22
-24
-26
-29
-31
-31
-30
-21
-24
-21
-26
-30
-24
-28
-30
-29
-34
-40
-38
-37
-40
-37
-36
-31
-21
-18
-21
-22
-25
-29
-26
-29
-26
-22
-19
-18
-18
-11
-16
-18
-16
-14
-14
-12
-11
-8
-8
-12
-20
-14
-13
-20
-14
-16
-15
-17
-15
-11
-9
-9
-6
-5
-2
-1
-1
0
-7
-8
-16
-17
-14
-18
-16
-16
-13
-14
-19
-16
-14
-11
-17
-21
-24
-26
-25
-26
-26
-31
-30
-34
-36
-30
-27
-32
-38
-35
-39
-45
-43
-45
-50
-53
-53
-53
-48
-47
-49
-51
-48
-43
-36
-32
-26
-26
-31
-23
-25
-31
-32
-34
-39
-42
-47
-49
-50
-50
-43
-40
-40
-46
-44
-45
-42
-43
-46
-41
-45
-43
-41
-36
-35
-30
-26
-19
-22
-18
-12
-15
-14
-14
-9
-1
-3
3
12
16
24
20
24
24
22
29
27
31
33
36
39
33
31
39
49
53
55
57
60
58
64
66
59
62
68
69
73
70
66
66
65
70
72
78
74
75
73
67
69
64
65
59
56
52
52
44
42
42
40
41
38
35
31
32
33
40
38
32
26
23
28
33
26
25
24
26
30
28
28
28
35
32
38
42
38
39
34
31
25
17
21
22
19
21
25
27
34
38
37
35
34
31
26
21
22
17
14
9
12
8
4
2
-1
-2
-2
7
2
0
-6
-5
-11
-14
-15
-16
-17
-21
-21
-14
-10
-11
-10
-5
-5
-8
-11
-21
-22
-23
-25
-22
-24
-26
-23
-16
-21
-26
-26
-30
-27
-29
-34
-39
-40
-40
-45
-43
-40
-38
-28
-24
-20
-20
-20
-16
-17
-18
-18
-9
-8
-5
-7
-7
-1
-7
-3
4
9
10
7
8
12
13
15
15
16
12
15
17
16
20
17
21
16
16
17
18
19
19
20
21
25
23
28
23
20
23
21
16
11
8
5
0
-4
-10
-11
-18
-16
-14
-21
-17
-16
-18
-19
-19
-25
-29
-34
-40
-35
-41
-40
-41
-41
-34
-33
-32
-28
-23
-16
-17
-22
-28
-30
-33
-27
-32
-38
-44
-51
-49
-46
-40
-39
-41
-36
-31
-28
-28
-38
-33
-35
-38
-33
-35
-32
-30
-28
-25
-24
-22
-19
-16
-13
-13
-16
-19
-13
-14
-15
-13
-15
-16
-15
-8
-8
-6
0
1
6
4
-4
-1
-5
-12
-11
-14
-17
-18
-19
-22
-21
-22
-24
-23
-23
-23
-29
-31
-31
-34
-36
-38
-42
-40
-42
-43
-38
-38
-38
-34
-31
-30
-22
-24
-22
-19
-15
-10
-3
2
2
2
1
1
2
5
8
14
23
25
25
28
33
33
33
36
36
33
39
47
47
47
47
44
45
42
40
40
42
39
38
46
43
36
42
37
35
39
33
30
30
28
25
27
27
29
33
33
31
32
30
27
32
31
27
26
15
7
4
3
6
11
7
4
0
-3
-6
-5
-7
-10
-16
-23
-25
-31
-30
-29
-38
-33
-30
-28
-27
-23
-22
-17
-14
-16
-13
-14
-10
-9
-6
-1
4
5
8
5
11
13
18
26
32
41
40
38
40
42
46
43
40
43
48
45
42
40
41
39
39
35
32
33
34
35
37
39
42
36
36
33
32
31
24
23
16
19
17
14
15
14
19
18
16
18
21
25
24
20
15
10
12
10
8
6
9
8
9
11
8
16
14
15
12
12
15
13
11
1
-4
-4
2
8
-2
5
2
1
10
11
21
22
30
36
37
39
35
39
39
32
33
30
30
37
30
29
29
27
33
33
32
34
31
36
29
19
24
22
20
14
13
12
13
11
5
4
-5
-7
-8
-11
-13
-18
-21
-26
-28
-30
-33
-36
-34
-32
-33
-31
-28
-31
-38
-42
-35
-30
-37
-31
-37
-34
-39
-49
-54
-58
-56
-55
-57
-59
-61
-62
-56
-61
-57
-60
-59
-59
-59
-58
-60
-55
-61
-59
-60
-59
-55
-51
-49
-44
-44
-40
-37
-37
-28
-24
-18
-17
-17
-18
-14
-13
-16
-12
-16
-5
-4
2
7
6
15
10
5
-4
-7
-6
-4
-7
-7
-6
-9
-12
-7
-5
-7
-3
-6
-8
-15
-20
-27
-35
-35
-36
-37
-37
-37
-40
-38
-30
-25
-26
-27
-25
-28
-28
-25
-26
-21
-21
-23
-19
-18
-7
-6
-1
3
3
4
-1
-2
-1
-5
-8
-11
-15
-16
-15
-11
-10
-14
-14
-14
-17
-22
-27
-23
-24
-25
-17
-18
-12
-11
-18
-16
-19
-17
-13
-16
-17
-19
-20
-17
-14
-10
1
3
4
8
12
17
15
4
2
6
5
8
9
13
15
19
17
21
23
13
16
14
17
18
18
23
20
17
18
17
10
14
15
9
17
19
22
16
13
16
19
26
26
30
34
38
38
44
43
46
52
52
53
61
66
65
70
66
71
73
72
71
67
68
63
59
61
56
49
44
39
37
37
35
32
35
39
37
36
35
37
33
35
35
34
27
25
23
18
15
13
13
17
23
24
28
25
24
30
28
34
37
37
35
30
32
29
28
25
18
17
22
21
19
24
19
16
21
10
5
2
0
4
-1
-5
-5
-8
-12
-17
-25
-24
-22
-26
-17
-17
-14
-10
-7
-9
-14
-11
-6
-7
-9
-9
-16
-15
-18
-14
-10
-1
8
11
21
25
18
14
14
10
9
8
8
4
3
1
-1
-1
-6
-8
-10
-6
-4
-5
-1
-5
-9
-15
-21
-27
-29
-36
-36
-29
-34
-32
-31
-35
-29
-27
-25
-20
-21
-19
-15
-21
-27
-27
-26
-32
-32
-30
-29
-33
-32
-35
-42
-40
-40
-35
-34
-32
-35
-36
-41
-48
-52
-56
-58
-62
-55
-58
-62
-57
-51
-48
-44
-44
-45
-47
-43
-47
-51
-48
-50
-49
-39
-41
-39
-32
-25
-19
-19
-14
-13
-12
-17
-20
-13
-16
-14
-11
-11
-12
-13
-12
-17
-15
-18
-22
-21
-26
-23
-25
-21
-20
-23
-22
-25
-29
-23
-20
-21
-24
-30
-32
-32
-33
-32
-27
-24
-16
-8
1
-5
-6
0
-1
-2
0
-2
-6
-14
-11
0
-1
5
12
16
25
27
29
23
18
19
17
18
13
12
8
7
14
10
15
24
17
21
22
17
13
9
9
5
3
7
6
6
8
8
10
7
8
14
11
15
12
12
13
16
15
9
11
10
11
8
10
11
10
9
8
11
13
12
14
16
13
18
15
20
16
10
10
6
8
7
10
15
15
18
28
32
34
37
35
30
31
27
32
38
37
35
37
41
40
43
46
57
60
60
64
66
64
60
58
54
49
47
51
49
52
52
50
53
56
55
62
66
68
69
68
64
63
65
56
50
56
51
46
49
46
47
41
39
38
36
40
40
38
35
39
39
36
37
29
20
15
16
12
7
9
12
14
13
11
15
15
14
10
8
-3
-11
-14
-17
-16
-22
-17
-14
-13
-15
-12
-12
-10
-7
-13
-11
-13
-17
-15
-21
-24
-28
-37
-40
-34
-24
-22
-16
-6
0
3
1
4
5
1
-3
-6
-10
-10
-11
-11
-6
-4
-1
2
0
7
10
8
5
1
-2
-9
-13
-16
-21
-25
-26
-24
-26
-27
-29
-30
-29
-29
-28
-33
-31
-32
-36
-38
-44
-49
-50
-48
-52
-45
-43
-45
-40
-33
-33
-37
-34
-36
-33
-34
-29
-28
-36
-34
-32
-31
-37
-39
-44
-49
-48
-50
-43
-42
-37
-40
-36
-30
-33
-34
-41
-39
-41
-41
-45
-49
-49
-57
-53
-51
-44
-41
-36
-31
-22
-20
-28
-24
-25
-22
-15
-23
-24
-25
-29
-26
-25
-22
-23
-21
-19
-14
-9
-2
1
3
-1
-5
1
1
1
-3
-6
-9
-17
-23
-22
-19
-18
-8
-5
-1
6
5
4
1
-1
-5
-4
-4
-7
-10
-12
-17
-14
-15
-15
-10
-3
0
1
-1
-5
-2
-8
-10
-12
-13
-11
-8
-12
-7
-5
-4
-1
-6
1
3
3
4
6
3
0
2
3
-2
5
2
-3
3
5
8
11
13
14
12
10
14
17
17
19
20
21
24
26
25
29
19
20
24
25
27
33
31
28
36
31
34
37
39
37
40
34
30
36
28
29
23
26
33
28
30
28
28
35
35
32
26
26
25
24
23
18
23
16
20
22
23
17
20
20
22
25
23
28
27
29
25
32
33
32
29
29
26
25
30
31
29
26
27
31
39
38
43
37
42
46
47
48
43
38
35
38
32
35
41
41
41
41
41
39
46
45
39
38
35
31
27
20
21
18
16
14
15
14
7
11
15
14
14
13
5
5
-1
-7
-11
-15
-14
-12
-10
-12
-9
-11
-7
-9
-4
4
6
8
-1
-4
-10
-8
1
0
-2
-3
-3
0
0
0
2
1
-3
-4
-7
-13
-13
-21
-28
-27
-25
-27
-28
-35
-40
-37
-38
-37
-39
-41
-39
-44
-46
-52
-51
-55
-62
-60
-62
-62
-61
-63
-63
-63
-55
-57
-53
-56
-56
-59
-55
-52
-51
-46
-45
-39
-46
-41
-38
-43
-35
-38
-35
-32
-33
-31
-30
-22
-17
-16
-22
-21
-25
-28
-25
-27
-26
-24
-26
-25
-26
-27
-27
-22
-23
-27
-21
-26
-28
-29
-35
-38
-45
-44
-46
-48
-50
-53
-57
-53
-51
-54
-51
-56
-66
-71
-75
-72
-71
-69
-71
-74
-68
-67
-59
-52
-45
-42
-41
-38
-39
-41
-40
-36
-34
-37
-37
-37
-33
-33
-31
-24
-21
-18
-19
-20
-21
-20
-17
-14
-16
-18
-16
-8
-6
-1
9
11
19
22
24
32
33
40
45
48
55
54
51
55
60
58
59
57
53
52
54
56
59
66
62
64
67
70
72
71
70
72
69
59
56
59
59
56
52
49
49
51
47
47
51
53
55
63
64
64
64
50
49
48
41
41
41
41
43
50
52
48
46
46
46
43
44
42
36
33
30
25
28
27
22
29
33
37
43
40
38
41
32
27
21
20
19
13
12
5
4
8
12
15
18
21
28
28
29
30
29
26
27
26
25
23
15
8
10
13
16
19
21
19
16
20
17
23
17
17
17
17
13
13
14
8
8
9
13
14
19
14
10
11
11
20
24
21
21
16
9
13
18
20
22
28
28
30
30
29
31
31
32
35
38
34
40
33
31
33
31
29
28
31
32
35
33
29
32
25
21
9
12
15
17
22
8
11
10
6
7
8
10
8
4
5
1
-3
-9
-16
-17
-24
-27
-29
-30
-29
-37
-37
-31
-36
-37
-36
-44
-46
-47
-49
-54
-61
-61
-66
-63
-65
-65
-65
-67
-71
-73
-76
-86
-88
-90
-91
-89
-85
-88
-86
-86
-85
-80
-80
-81
-74
-67
-67
-66
-66
-65
-61
-62
-64
-57
-52
-50
-51
-48
-51
-40
-36
-36
-36
-37
-37
-42
-38
-35
-25
-23
-27
-23
-25
-25
-24
-17
-18
-17
-15
-16
-26
-25
-17
-20
-19
-23
-26
-26
-30
-32
-40
-38
-38
-39
-37
-35
-33
-38
-37
-42
-45
-44
-43
-44
-43
-39
-45
-47
-43
-37
-33
-29
-28
-27
-28
-26
-20
-24
-29
-21
-11
-11
-4
-7
1
4
6
16
19
24
26
29
35
39
41
43
44
46
45
46
51
57
58
61
66
68
66
73
76
76
79
85
84
83
78
69
67
65
64
62
57
53
52
49
49
46
47
48
55
54
45
44
39
37
39
34
31
25
26
16
9
7
6
4
6
9
11
11
5
6
-2
-9
-8
-4
-3
-2
2
-2
-1
3
0
4
9
12
13
11
13
7
9
7
4
9
3
5
5
14
18
16
24
19
21
21
20
21
18
14
14
19
18
14
16
22
24
23
20
19
24
19
15
17
17
15
17
15
12
14
12
8
4
5
3
2
10
4
7
10
6
3
4
6
2
-1
4
2
-1
3
-3
-4
-2
1
7
9
10
12
19
18
15
15
10
11
18
15
9
16
14
7
11
12
14
19
17
21
20
18
21
19
15
12
10
8
12
16
14
16
15
9
8
4
6
5
7
11
7
4
-1
-4
-6
-2
-3
-6
-10
-14
-18
-11
-16
-22
-19
-25
-23
-24
-26
-19
-21
-28
-26
-25
-27
-30
-30
-36
-46
-39
-41
-43
-42
-36
-32
-24
-24
-25
-20
-23
-22
-28
-27
-32
-41
-44
-44
-44
-43
-37
-36
-31
-31
-31
-28
-30
-32
-33
-31
-27
-30
-35
-37
-40
-45
-40
-44
-46
-43
-45
-40
-37
-33
-31
-29
-25
-27
-23
-18
-19
-18
-21
-20
-17
-26
-24
-22
-22
-18
-15
-16
-12
-16
-18
-21
-17
-15
-16
-13
-21
-21
-27
-33
-37
-39
-33
-38
-35
-31
-27
-28
-34
-34
-35
-31
-32
-30
-28
-28
-27
-26
-23
-16
-13
-11
-7
-2
9
11
4
5
5
3
-1
-2
-3
-1
-3
-2
3
5
9
12
20
23
21
19
18
18
16
13
7
4
13
13
14
16
25
35
43
49
48
49
50
53
48
51
53
53
54
55
56
56
58
58
56
60
59
59
65
63
59
59
59
59
56
52
50
45
45
44
38
32
29
23
19
17
11
14
13
9
7
4
0
-4
-7
-13
-12
-14
-18
-15
-17
-15
-25
-24
-24
-21
-8
-8
-7
-9
-5
-5
-6
-8
-9
-10
-10
-12
-15
-12
-8
-5
2
-1
-3
-2
-2
-3
-6
-9
-9
-3
-5
-9
-8
-8
-10
-12
-20
-24
-20
-19
-13
-16
-15
-8
-16
-11
-11
-11
-14
-16
-16
-10
-9
-13
-7
-2
3
4
9
8
11
11
15
11
18
19
12
18
17
16
18
17
17
20
15
19
17
14
20
31
34
29
32
36
40
40
38
38
35
30
34
31
33
40
41
44
52
49
53
60
54
56
55
56
52
54
54
46
48
52
53
52
52
47
54
56
56
57
56
57
53
46
40
31
25
24
23
26
23
23
23
24
26
26
28
25
22
17
19
11
10
12
6
8
9
8
4
-1
-2
4
1
2
1
5
-1
-13
-15
-19
-24
-26
-27
-24
-24
-27
-30
-31
-38
-41
-36
-41
-45
-51
-58
-65
-71
-74
-80
-76
-77
-74
-75
-74
-73
-66
-66
-66
-56
-56
-54
-54
-47
-47
-47
-44
-51
-46
-43
-40
-33
-31
-27
-27
-23
-21
-23
-23
-22
-17
-16
-15
-12
-16
-13
-16
-20
-14
-18
-20
-20
-22
-25
-28
-21
-23
-25
-20
-23
-19
-23
-26
-26
-29
-24
-26
-20
-15
-15
-8
-3
2
-3
0
6
6
-1
-3
-1
0
0
0
1
3
4
7
7
11
6
4
9
5
8
12
14
16
17
22
20
23
23
21
25
21
22
26
24
20
14
12
8
13
18
17
17
11
6
7
8
17
13
6
3
-7
-13
-22
-23
-21
-27
-23
-17
-16
-14
-15
-17
-18
-21
-27
-32
-40
-42
-45
-50
-52
-48
-40
-43
-43
-42
-40
-38
-40
-36
-37
-32
-31
-34
-29
-28
-20
-16
-11
-15
-17
-9
-2
-2
-2
1
5
5
5
9
8
9
5
5
9
6
7
5
9
12
12
8
3
11
-1
-2
-8
-5
-3
-7
1
5
1
0
0
-2
5
7
10
14
16
15
14
15
19
23
25
26
26
34
37
35
33
35
35
38
42
40
45
43
38
47
45
43
43
40
41
45
46
40
40
38
38
38
29
37
30
29
33
34
37
41
46
46
45
41
40
39
38
32
32
35
36
40
43
47
51
51
53
56
54
58
59
56
54
49
52
47
42
44
47
50
49
49
47
40
39
39
32
20
16
14
9
12
10
8
8
11
5
-3
-7
-8
-11
-8
-10
-13
-15
-17
-14
-14
-14
-20
-23
-27
-24
-22
-25
-17
-17
-24
-21
-25
-21
-21
-22
-20
-28
-21
-25
-27
-24
-34
-32
-39
-45
-45
-48
-51
-48
-47
-44
-49
-48
-43
-49
-47
-48
-45
-48
-54
-55
-55
-52
-49
-50
-51
-46
-44
-45
-45
-41
-36
-36
-33
-35
-42
-41
-41
-37
-37
-35
-36
-35
-37
-41
-49
-50
-51
-55
-53
-59
-59
-61
-56
-56
-52
-46
-44
-42
-43
-43
-39
-36
-38
-34
-33
-34
-35
-31
-27
-22
-20
-11
-6
-1
3
6
12
7
5
5
11
16
17
27
27
24
26
28
32
30
21
16
18
20
18
15
12
9
6
2
-1
-3
-3
-5
-2
0
-4
-6
-16
-18
-16
-16
-15
-13
-13
-13
-16
-15
-12
-15
-20
-18
-21
-18
-11
-17
-16
-14
-14
-13
-5
-2
3
12
12
10
7
3
-3
2
5
2
1
-2
-1
0
-1
-3
-8
-11
-16
-16
-11
-9
-8
-3
-2
3
10
10
6
8
10
14
16
21
25
18
16
18
16
19
17
17
22
19
20
18
16
21
20
20
18
23
22
19
14
13
15
18
28
26
31
32
25
20
19
22
19
26
23
21
26
30
29
30
30
35
39
36
39
38
39
40
44
46
45
49
54
54
54
54
57
53
52
54
56
48
49
49
43
48
47
53
51
48
55
59
60
58
55
56
53
48
46
45
41
41
41
43
46
46
50
49
52
56
53
53
50
55
51
52
49
42
43
39
36
37
32
26
24
16
14
18
14
7
10
10
5
4
-2
-2
5
8
5
3
-3
-3
-9
-13
-8
-13
-8
-3
-9
-17
-22
-19
-16
-12
-17
-14
-14
-13
-10
-13
-10
-13
-18
-16
-16
-26
-29
-30
-36
-34
-41
-36
-40
-45
-41
-44
-47
-50
-50
-48
-49
-52
-61
-62
-60
-57
-58
-58
-60
-61
-63
-66
-63
-65
-68
-66
-63
-62
-63
-58
-54
-51
-46
-47
-41
-39
-42
-36
-36
-41
-41
-31
-31
-38
-29
-31
-26
-17
-10
-7
-10
-9
-7
-8
-8
-12
-19
-23
-28
-30
-33
-32
-27
-29
-23
-23
-26
-26
-28
-17
-22
-20
-20
-27
-29
-27
-30
-36
-33
-30
-22
-27
-24
-21
-20
-10
-13
-12
-6
-5
-1
2
6
2
2
3
-6
-8
-7
-8
-4
-4
-4
-6
-6
-5
-8
-3
0
1
-1
-1
0
1
0
-4
0
-5
-7
-8
-6
-15
-17
-16
-23
-24
-27
-33
-34
-32
-37
-38
-42
-45
-43
-42
-36
-37
-39
-33
-32
-29
-30
-34
-39
-39
-40
-34
-27
-21
-19
-16
-6
-6
-4
-3
-3
-1
-3
-4
-3
1
1
7
9
14
16
19
28
29
28
36
36
38
36
36
35
30
34
34
37
32
27
31
35
35
35
35
38
35
36
43
38
39
35
27
33
33
33
35
33
36
36
34
32
31
34
29
32
36
33
39
37
36
34
34
38
35
29
27
26
25
25
25
30
31
35
35
39
41
38
37
34
33
35
32
34
36
33
29
26
24
24
30
34
39
35
35
36
34
33
31
37
33
35
37
29
31
34
32
34
32
37
35
31
35
30
31
32
35
41
38
39
41
39
40
41
43
44
48
44
44
43
37
32
26
27
29
27
20
16
6
6
2
-9
-6
0
1
-3
-7
-4
-7
-8
-6
-14
-11
-18
-23
-29
-33
-40
-47
-47
-49
-50
-47
-40
-46
-42
-38
-43
-43
-49
-44
-53
-55
-54
-54
-55
-56
-53
-52
-51
-48
-47
-40
-33
-30
-27
-34
-40
-43
-46
-47
-50
-51
-53
-58
-58
-61
-66
-62
-58
-56
-52
-47
-48
-50
-53
-52
-49
-53
-53
-55
-59
-56
-55
-54
-51
-47
-47
-42
-36
-34
-30
-32
-29
-27
-22
-20
-27
-25
-27
-32
-29
-25
-26
-17
-10
-8
-7
-8
-4
-10
-15
-11
-15
-23
-25
-25
-30
-30
-30
-25
-22
-17
-16
-9
-12
-10
-7
-8
-5
-13
-10
-11
-13
-15
-14
-15
-13
-12
-15
-12
-9
-7
0
-3
-5
-4
-3
0
-4
-11
-9
-5
3
0
2
4
3
9
10
4
9
12
13
15
15
14
4
9
8
4
2
-1
0
5
7
4
10
12
13
11
11
15
8
7
5
5
4
1
-2
-4
4
1
6
14
11
14
17
16
18
16
16
21
23
20
24
29
32
37
38
46
49
55
52
55
55
54
54
55
59
60
62
60
63
58
58
55
55
55
53
50
53
53
52
55
48
52
53
52
50
45
43
45
43
42
43
44
47
43
39
39
36
35
36
34
35
32
36
36
31
33
31
28
26
24
22
25
29
33
32
38
35
34
37
29
29
25
27
26
23
22
24
19
20
21
19
19
22
24
22
21
15
20
20
21
21
22
18
20
22
19
23
23
23
20
20
20
22
22
22
26
26
22
30
35
29
30
29
24
31
29
24
21
19
19
14
11
10
6
9
10
8
11
8
1
-9
-9
-11
-11
-12
-17
-16
-23
-23
-23
-29
-26
-21
-28
-30
-32
-37
-37
-44
-45
-35
-35
-35
-38
-31
-35
-39
-41
-48
-49
-51
-56
-58
-55
-57
-55
-55
-57
-59
-60
-61
-60
-54
-55
-63
-63
-64
-69
-65
-66
-70
-69
-64
-60
-58
-59
-59
-53
-55
-52
-54
-58
-57
-57
-59
-62
-59
-59
-48
-38
-39
-43
-41
-37
-38
-36
-31
-37
-38
-32
-30
-31
-30
-26
-25
-17
-21
-18
-17
-14
-13
-20
-17
-16
-16
-12
-5
-10
-7
-8
-2
0
-1
4
2
2
5
9
7
10
12
12
11
14
21
25
23
25
31
26
23
24
25
25
23
25
26
25
19
16
17
14
10
9
4
-2
-6
-11
-9
-12
-16
-15
-14
-15
-12
-15
-21
-21
-23
-18
-17
-19
-22
-23
-22
-26
-22
-18
-15
-11
-10
-7
-7
-7
-5
-5
-6
-6
-8
-3
-3
5
3
3
0
-9
-4
0
2
-1
5
0
-1
2
2
3
-1
-4
-2
-4
-2
4
3
9
9
10
9
14
20
18
20
24
26
28
30
30
35
41
42
42
46
49
49
46
52
55
56
63
63
60
59
62
66
62
66
59
59
60
58
57
57
62
67
69
60
58
57
47
44
44
41
37
32
30
26
25
21
22
26
28
29
27
26
22
16
17
14
8
14
13
13
11
9
4
1
2
-1
8
9
10
11
8
8
8
10
9
7
7
6
12
11
12
15
18
25
19
20
21
23
23
22
23
20
15
10
16
19
17
14
10
16
19
21
24
20
21
14
11
6
9
7
2
2
-3
-5
-14
-18
-22
-28
-33
-34
-32
-32
-37
-32
-29
-27
-25
-28
-32
-34
-32
-37
-37
-45
-47
-46
-47
-45
-38
-36
-37
-39
-35
-38
-37
-37
-41
-39
-48
-49
-49
-52
-57
-64
-64
-62
-67
-65
-69
-66
-68
-69
-62
-64
-61
-66
-66
-69
-71
-78
-77
-75
-73
-65
-65
-68
-62
-56
-56
-48
-49
-55
-59
-57
-51
-46
-48
-45
-38
-36
-37
-36
-29
-29
-26
-22
-18
-10
-7
0
2
7
14
12
19
17
20
19
27
28
25
30
32
34
33
34
35
38
40
37
38
33
26
19
16
16
12
17
13
6
0
-2
2
0
-1
8
7
12
16
9
7
6
5
-4
-6
3
4
7
13
16
17
25
26
25
30
28
29
28
29
25
25
25
28
25
26
29
32
35
30
34
33
27
29
28
30
31
24
23
21
18
14
15
10
10
2
-1
2
5
8
10
20
21
24
27
30
28
20
19
13
8
4
3
3
6
5
2
-3
-2
1
-2
1
3
-1
-7
-8
-12
-16
-22
-17
-19
-23
-22
-16
-14
-13
-5
-4
-5
-1
-9
-13
-7
-11
-11
-9
-11
-8
-8
-11
-11
-11
-13
-10
-4
-5
0
3
1
5
4
1
-2
-2
-4
-1
-3
-2
0
3
7
8
12
20
22
19
22
25
20
22
21
14
17
14
14
12
9
11
12
15
19
22
24
25
24
22
27
24
22
23
23
23
22
22
22
26
26
24
24
26
24
30
33
31
30
29
27
27
29
33
34
34
37
35
32
31
29
26
21
18
16
13
11
9
16
19
17
17
12
12
6
2
2
-4
3
5
7
6
8
7
8
6
3
-2
-9
-8
-16
-21
-28
-27
-28
-25
-18
-20
-13
-13
-16
-17
-19
-20
-26
-33
-35
-37
-40
-38
-41
-40
-36
-40
-42
-38
-39
-37
-31
-27
-25
-23
-29
-30
-34
-44
-46
-42
-45
-37
-32
-32
-24
-30
-21
-19
-15
-11
-10
-10
-12
-3
-5
-8
-1
-2
-3
2
1
-3
3
3
2
4
8
14
16
17
22
26
27
26
25
29
26
25
25
23
18
17
18
25
35
34
39
44
45
44
44
45
44
40
40
35
32
29
32
34
34
39
37
39
39
30
25
25
23
17
16
11
3
1
-2
1
6
13
15
12
10
6
1
1
-9
-16
-14
-8
-11
-13
-12
-18
-17
-16
-19
-18
-19
-13
-15
-22
-21
-22
-20
-25
-29
-32
-32
-34
-35
-32
-32
-33
-33
-33
-32
-31
-29
-32
-33
-39
-39
-32
-34
-37
-33
-32
-29
-30
-36
-34
-35
-35
-38
-36
-41
-38
-28
-30
-28
-29
-26
-31
-30
-31
-35
-42
-50
-51
-53
-55
-62
-63
-65
-59
-59
-59
-50
-48
-43
-43
-48
-51
-57
-59
-61
-61
-57
-59
-59
-56
-50
-48
-45
-42
-44
-42
-45
-48
-40
-42
-41
-34
-35
-32
-29
-21
-13
-12
-12
-7
2
6
4
4
3
2
8
15
19
27
25
26
28
27
31
33
42
50
54
52
50
47
35
31
34
31
32
33
34
35
34
38
41
42
44
36
44
52
45
46
41
41
37
38
43
48
51
56
58
56
58
56
57
52
52
51
49
48
48
49
51
53
54
54
53
57
63
60
65
67
55
55
56
51
47
47
46
47
46
43
37
37
35
29
25
29
30
22
23
24
20
27
28
28
28
26
27
24
20
19
12
13
11
11
14
8
14
13
18
19
18
20
17
22
18
15
12
9
6
5
6
2
3
0
-3
-4
-1
-6
-2
4
1
1
0
3
2
-1
-1
-3
-6
-11
-13
-14
-18
-21
-17
-20
-20
-15
-12
-11
-15
-8
-10
-8
-9
-9
-12
-14
-18
-17
-16
-15
-10
-12
-13
-13
-11
-13
-8
-10
-10
-7
-15
-9
-6
-12
-8
-8
-4
-7
-5
-5
-12
-14
-18
-12
-10
-8
-9
-9
-10
-13
-13
-10
-8
0
3
3
-2
-7
-6
-12
-14
-16
-23
-28
-25
-31
-31
-31
-29
-27
-27
-24
-26
-28
-34
-40
-39
-43
-47
-44
-42
-44
-42
-38
-39
-39
-36
-43
-43
-37
-38
-34
-35
-43
-38
-42
-44
-42
-37
-38
-38
-39
-42
-35
-42
-39
-39
-38
-32
-35
-36
-29
-32
-34
-30
-28
-29
-28
-24
-23
-25
-26
-23
-24
-31
-30
-33
-34
-31
-31
-32
-28
-27
-28
-29
-29
-27
-29
-33
-35
-28
-24
-26
-25
-25
-25
-24
-29
-28
-28
-29
-30
-31
-28
-28
-27
-27
-28
-26
-21
-18
-14
-13
-11
-13
-13
-11
-15
-16
-17
-18
-16
-9
-7
-3
4
1
11
4
3
9
4
2
5
7
6
8
11
16
21
25
24
29
33
31
40
46
48
45
50
54
49
52
48
45
45
44
45
51
55
57
61
58
56
57
61
61
60
63
59
57
58
54
59
55
52
56
58
59
58
58
61
59
59
60
60
61
59
59
63
63
58
60
60
55
55
59
64
64
68
72
65
63
61
55
54
56
52
48
53
42
37
35
32
36
39
44
42
50
47
47
43
43
40
37
30
25
29
20
18
16
6
8
2
-2
7
3
5
14
17
17
21
20
17
10
6
-2
-4
-5
-12
-5
-7
-3
-3
-1
6
8
15
18
24
18
14
16
9
7
2
-5
-12
-14
-17
-19
-10
-14
-13
-15
-17
-14
-15
-8
-14
-13
-10
-12
-14
-24
-23
-23
-19
-18
-19
-15
-15
-15
-20
-19
-15
-19
-19
-24
-32
-31
-39
-43
-43
-46
-48
-51
-47
-51
-49
-50
-54
-52
-54
-53
-60
-57
-54
-55
-51
-53
-45
-45
-41
-41
-43
-37
-33
-28
-29
-30
-26
-27
-28
-29
-29
-27
-26
-26
-26
-23
-18
-16
-16
-11
-11
-10
-10
-5
-14
-19
-22
-20
-19
-26
-22
-35
-34
-26
-36
-36
-38
-35
-40
-41
-39
-43
-40
-48
-46
-47
-55
-52
-51
-60
-55
-51
-54
-47
-46
-39
-40
-37
-36
-42
-44
-40
-31
-32
-29
-27
-25
-24
-30
-25
-24
-28
-21
-20
-18
-15
-12
-10
-14
-15
-20
-20
-26
-30
-33
-31
-27
-28
-30
-22
-14
-8
-2
-5
-5
-9
-4
-10
-23
-23
-32
-34
-32
-29
-28
-29
-19
-20
-16
-13
-16
-15
-16
-14
-20
-30
-31
-29
-33
-27
-27
-25
-20
-20
-12
-16
-6
-4
-3
-2
-2
1
9
14
15
26
27
39
46
46
54
57
59
67
72
71
72
80
76
79
79
83
81
83
88
89
91
84
80
75
76
79
82
75
74
79
77
79
78
78
75
75
76
76
78
71
72
69
72
72
68
68
67
65
63
65
60
56
56
49
47
44
45
46
54
60
59
54
47
49
51
50
50
50
48
46
50
51
45
37
42
47
48
52
47
46
47
49
47
41
36
37
37
35
32
29
23
18
19
15
17
6
3
0
-4
-4
-9
-8
-3
2
5
-1
-2
-7
-14
-18
-21
-23
-27
-30
-30
-31
-32
-30
-27
-25
-26
-22
-27
-22
-25
-27
-32
-34
-35
-39
-35
-42
-47
-48
-41
-41
-46
-44
-42
-39
-41
-39
-45
-55
-52
-51
-50
-48
-41
-35
-28
-25
-26
-21
-19
-20
-19
-20
-29
-38
-31
-28
-28
-23
-16
-24
-21
-18
-21
-14
-18
-12
-7
-8
-7
-8
-10
-14
-22
-22
-18
-17
-16
-18
-14
-19
-15
-7
-5
-7
4
12
15
21
24
26
18
20
15
9
5
7
-4
-5
-6
-3
-7
-15
-17
-17
-13
-15
-16
-22
-25
-27
-37
-43
-47
-50
-58
-62
-67
-76
-77
-84
-91
-95
-95
-95
-87
-75
-74
-70
-70
-71
-70
-71
-70
-63
-65
-63
-64
-68
-63
-59
-59
-57
-48
-41
-42
-40
-35
-36
-36
-41
-43
-44
-52
-58
-56
-49
-48
-44
-40
-33
-32
-30
-27
-27
-25
-27
-30
-37
-38
-40
-41
-40
-40
-36
-25
-16
-20
-15
-18
-23
-17
-21
-21
-19
-25
-19
-15
-11
-12
-7
-4
-10
-8
-6
-5
-4
-4
-6
-10
-7
-15
-18
-11
-7
-1
4
14
18
23
26
32
38
40
40
45
48
43
51
52
61
72
78
81
88
89
89
92
91
92
89
88
92
85
91
94
94
105
95
95
98
87
91
91
92
92
91
85
85
87
83
86
80
83
81
82
83
76
73
74
69
67
69
66
66
67
62
54
55
51
50
47
40
40
34
31
29
29
27
25
18
19
15
15
23
21
22
28
33
30
27
22
22
27
32
37
33
33
35
31
28
30
33
31
37
39
41
41
41
41
38
35
34
37
32
27
26
27
26
23
24
23
19
18
19
18
16
7
3
1
-10
-14
-9
-9
-4
6
0
0
-2
-5
-6
-7
-11
-15
-18
-23
-25
-25
-24
-28
-32
-28
-25
-32
-29
-30
-27
-27
-23
-29
-40
-41
-44
-40
-43
-44
-44
-46
-44
-43
-43
-43
-41
-39
-42
-35
-39
-43
-39
-35
-32
-32
-29
-33
-33
-37
-38
-38
-45
-45
-42
-34
-38
-33
-28
-23
-19
-27
-23
-19
-18
-26
-28
-32
-35
-36
-41
-36
-33
-28
-25
-24
-22
-23
-27
-29
-28
-26
-25
-28
-31
-28
-32
-37
-35
-40
-41
-46
-52
-60
-67
-72
-68
-71
-81
-78
-80
-83
-75
-75
-78
-74
-76
-75
-72
-76
-78
-81
-85
-95
-100
-100
-101
-96
-96
-90
-85
-87
-82
-78
-74
-69
-72
-70
-66
-61
-59
-56
-51
-51
-44
-43
-35
-31
-22
-15
-11
-8
-18
-15
-10
-5
-5
2
7
14
18
21
20
21
22
24
31
26
23
18
13
15
13
14
16
12
10
8
9
10
8
8
2
2
1
-5
-8
-7
-5
-9
-9
-8
-3
2
8
11
4
8
7
2
0
-3
2
6
8
14
24
26
26
34
35
37
42
44
48
48
51
53
58
59
61
69
75
85
93
94
96
95
97
98
102
109
117
119
122
126
126
122
124
121
123
121
115
115
116
113
111
111
102
106
105
103
104
100
98
94
92
88
85
81
81
77
79
77
78
73
59
58
51
52
46
37
34
28
25
26
22
19
23
25
24
20
19
13
11
10
7
2
4
2
2
3
8
14
11
13
15
7
5
9
4
6
2
-1
0
-2
4
1
-4
0
-2
2
2
4
0
-7
-9
-13
-13
-9
-13
-21
-16
-23
-25
-24
-25
-28
-33
-30
-34
-30
-33
-38
-33
-36
-37
-31
-30
-35
-38
-36
-45
-43
-44
-53
-52
-58
-58
-54
-51
-47
-52
-43
-42
-48
-52
-50
-57
-58
-59
-59
-62
-67
-63
-64
-61
-63
-59
-62
-62
-59
-60
-65
-70
-66
-68
-71
-78
-78
-73
-71
-63
-58
-57
-58
-56
-51
-50
-50
-49
-52
-53
-54
-50
-46
-51
-51
-47
-41
-32
-30
-36
-25
-25
-29
-26
-26
-25
-27
-25
-22
-17
-18
-24
-26
-28
-29
-32
-30
-30
-37
-35
-35
-36
-31
-29
-27
-24
-27
-27
-22
-22
-21
-19
-19
-20
-25
-20
-21
-25
-19
-23
-18
-23
-23
-22
-19
-17
-16
-11
-8
-13
-15
-14
-15
-17
-18
-20
-21
-23
-23
-20
-19
-13
-17
-18
-19
-11
-13
-16
-7
-5
2
5
5
11
10
14
19
17
16
19
23
25
23
26
31
33
35
42
40
37
40
40
41
40
39
37
39
39
39
40
36
33
36
37
35
37
35
29
20
13
11
14
14
8
10
9
7
11
8
8
10
12
13
13
17
19
21
14
8
16
14
14
11
12
8
7
10
16
24
20
24
30
33
38
40
34
39
46
46
46
43
46
46
50
55
62
66
65
77
85
84
94
97
99
102
107
109
105
103
102
99
103
95
92
95
97
94
92
90
83
81
76
73
71
68
61
55
48
39
32
25
19
17
12
9
1
-2
-3
-3
4
-4
-9
-7
-9
-13
-14
-14
-11
-11
-15
-13
-19
-24
-23
-20
-16
-20
-24
-24
-21
-19
-20
-16
-20
-21
-15
-19
-19
-15
-19
-17
-19
-21
-24
-23
-26
-30
-28
-30
-23
-27
-28
-28
-24
-21
-18
-9
-14
-15
-15
-23
-24
-32
-32
-30
-29
-32
-33
-33
-35
-29
-32
-29
-28
-30
-36
-41
-48
-55
-57
-59
-60
-58
-56
-52
-47
-47
-41
-43
-36
-34
-39
-34
-32
-31
-33
-30
-27
-30
-30
-29
-28
-28
-25
-26
-24
-25
-28
-23
-25
-21
-19
-21
-19
-13
-14
-11
-5
-7
-2
-3
-3
-3
-8
-8
-8
-4
-1
-2
0
8
15
15
13
13
13
7
2
0
-4
1
3
10
16
13
14
11
8
7
7
7
8
8
3
1
-3
-5
-7
-9
-10
-8
-7
-7
-8
-11
-12
-17
-19
-18
-20
-16
-22
-24
-26
-28
-27
-30
-26
-27
-28
-35
-34
-35
-40
-41
-42
-42
-39
-35
-30
-30
-30
-26
-27
-31
-32
-33
-30
-30
-28
-22
-24
-22
-19
-15
-13
-11
-1
8
5
9
10
7
11
10
15
19
20
29
24
31
33
30
34
35
37
40
37
34
33
35
32
33
29
26
26
26
26
18
15
15
11
13
15
7
4
2
-1
3
-5
-4
-5
-12
-10
-9
-2
-4
-2
-2
-5
-5
-9
-11
-10
-5
-7
-3
0
-1
1
6
10
14
12
17
21
27
31
25
22
22
27
28
31
34
31
29
31
36
33
38
46
50
54
53
49
49
50
47
44
46
44
46
49
43
42
34
37
39
32
38
39
40
32
30
27
21
16
11
12
11
11
4
1
-4
-4
-9
-6
-6
-11
-12
-13
-18
-16
-9
-12
-10
-18
-21
-21
-18
-13
-14
-7
-9
-12
-5
-3
-4
0
1
5
-2
-6
-6
-4
3
3
9
17
22
25
25
28
28
25
23
22
18
22
19
11
11
12
14
5
8
8
5
7
5
1
-4
-9
-14
-19
-29
-27
-34
-36
-29
-27
-23
-28
-24
-20
-24
-24
-20
-19
-26
-27
-20
-24
-25
-24
-25
-17
-14
-11
-7
-8
-10
-6
-10
-10
-5
-6
-3
-7
-8
-5
-13
-3
1
5
10
4
7
8
5
5
2
-4
-10
-10
-11
-9
-5
-7
1
4
8
13
14
16
9
8
8
9
12
11
10
18
22
19
26
28
28
37
29
30
36
33
36
34
31
32
29
29
30
28
30
26
23
25
24
18
11
4
-2
-2
-1
0
-8
-10
-10
-14
-15
-18
-25
-29
-31
-32
-34
-35
-43
-45
-46
-48
-48
-51
-50
-51
-53
-51
-55
-58
-61
-67
-69
-77
-78
-76
-71
-71
-73
-75
-72
-70
-73
-77
-86
-88
-85
-81
-77
-68
-66
-68
-68
-65
-69
-70
-66
-64
-61
-57
-57
-57
-57
-51
-46
-44
-41
-44
-35
-34
-35
-27
-30
-28
-25
-20
-14
-19
-18
-16
-11
-13
-10
-7
-6
-11
-11
-6
-5
-1
-3
4
4
7
6
10
14
18
24
23
23
23
20
23
24
31
36
33
39
39
39
48
49
45
46
52
52
51
58
60
61
56
56
52
53
55
54
52
52
52
49
50
55
49
50
52
54
64
64
59
54
51
44
40
43
37
40
36
30
33
27
30
27
29
31
33
34
36
37
30
31
25
25
28
29
36
34
38
37
32
40
36
38
33
26
29
25
24
21
17
19
21
19
18
14
10
6
9
13
12
5
9
2
-3
-2
-5
-7
-7
-5
-7
-7
-7
-6
-7
-3
-2
-6
-6
0
3
9
9
12
7
6
8
5
7
9
12
5
10
14
11
14
20
24
22
25
23
26
24
27
27
26
27
25
25
25
29
25
27
27
29
34
30
32
33
37
32
26
27
30
29
30
27
28
27
20
27
24
26
27
23
22
17
19
11
4
-2
-6
-4
-1
3
-3
-8
-9
-6
-6
-10
-11
-10
-10
-12
-12
-9
-7
-10
-13
-19
-14
-7
-7
-15
-16
-18
-18
-21
-26
-23
-25
-22
-18
-16
-21
-20
-16
-19
-21
-21
-14
-17
-16
-19
-24
-21
-24
-20
-18
-19
-24
-30
-27
-38
-38
-41
-47
-45
-44
-45
-50
-50
-47
-49
-47
-48
-44
-43
-47
-53
-60
-56
-57
-55
-58
-58
-66
-65
-66
-70
-68
-68
-64
-55
-50
-54
-48
-52
-55
-49
-43
-40
-38
-40
-38
-42
-50
-46
-40
-46
-44
-39
-38
-27
-22
-25
-23
-21
-28
-34
-39
-38
-39
-40
-39
-41
-34
-32
-31
-28
-32
-29
-27
-28
-19
-15
-11
-12
-15
-12
-11
-8
-3
-6
-5
0
-1
5
9
6
11
13
9
7
4
0
-2
-4
-3
-7
-15
-20
-18
-12
-11
-9
-6
-3
-4
-5
-2
-1
3
1
5
3
2
6
3
2
5
11
15
15
17
23
28
34
40
42
41
44
47
47
51
51
50
49
54
56
56
54
53
49
47
44
46
46
49
51
54
55
56
53
45
46
46
45
35
31
29
24
24
20
17
17
19
23
23
29
36
36
41
39
35
32
28
25
23
22
19
13
11
16
15
22
29
34
36
38
41
41
40
40
32
30
26
20
25
29
29
27
32
24
24
27
24
23
25
18
17
13
11
11
10
8
13
15
15
18
14
12
16
7
-3
-2
-8
-15
-15
-12
-9
-4
-4
-7
-7
-13
-12
-8
-7
-1
0
-1
0
-2
-1
2
0
7
8
1
0
-2
-4
1
1
1
-2
2
3
5
5
4
11
10
17
17
20
20
16
16
15
17
19
18
23
29
29
31
31
29
30
25
31
34
37
32
25
22
14
6
5
9
5
0
-3
-5
-2
-2
-4
1
0
-5
-3
-10
-16
-21
-28
-31
-33
-38
-45
-47
-45
-40
-45
-42
-40
-38
-42
-42
-30
-27
-23
-27
-34
-36
-37
-37
-35
-35
-31
-25
-23
-28
-26
-22
-27
-35
-44
-43
-47
-50
-49
-48
-50
-45
-41
-45
-43
-43
-45
-47
-51
-50
-52
-53
-58
-59
-56
-63
-65
-65
-73
-64
-57
-56
-51
-50
-50
-53
-55
-56
-61
-64
-62
-56
-51
-49
-45
-47
-52
-50
-50
-54
-55
-59
-52
-52
-53
-53
-52
-48
-46
-49
-48
-46
-44
-48
-49
-41
-42
-33
-37
-35
-22
-19
-21
-18
-13
-6
4
10
10
18
21
27
27
30
33
37
42
40
50
48
48
46
43
39
38
41
40
35
31
37
37
33
39
40
42
45
44
41
46
40
45
44
36
42
44
43
42
42
39
45
44
45
55
55
59
60
58
53
54
52
49
48
45
46
49
42
42
41
39
41
37
37
30
21
16
13
13
15
18
11
9
5
6
5
1
0
1
-1
0
4
6
9
11
15
24
26
25
27
27
33
31
35
34
32
33
32
37
35
42
40
45
44
45
44
35
29
19
23
17
15
14
9
11
14
13
13
18
13
13
11
5
3
2
-11
-11
-10
-14
-12
-8
-8
-7
-9
-9
-3
-4
3
-1
-6
-3
-2
0
2
-2
-6
-9
-18
-18
-16
-14
-11
-6
-5
-9
-6
-7
-10
-11
-11
-7
-9
-13
-12
-18
-15
-14
-20
-12
-6
-8
-4
-2
1
7
17
24
22
27
29
27
33
39
41
47
41
37
43
44
49
47
52
54
57
55
47
41
36
41
36
42
45
34
31
30
29
31
30
28
24
20
20
17
16
19
14
18
18
16
22
22
24
23
21
19
16
15
9
6
0
-6
-11
-13
-18
-27
-32
-39
-39
-45
-48
-50
-54
-55
-57
-57
-58
-61
-71
-64
-66
-72
-71
-71
-76
-71
-61
-65
-64
-63
-61
-56
-50
-46
-48
-44
-37
-33
-28
-29
-26
-33
-39
-36
-42
-40
-37
-39
-39
-38
-43
-41
-39
-39
-42
-49
-57
-55
-53
-53
-52
-56
-56
-61
-58
-61
-67
-65
-65
-67
-60
-57
-55
-51
-52
-47
-52
-51
-48
-48
-47
-47
-45
-40
-35
-34
-34
-34
-30
-28
-25
-18
-17
-19
-14
-11
-13
-11
-6
-8
-4
-2
-2
5
4
7
15
12
17
24
18
22
22
21
23
24
23
23
30
29
34
35
36
30
30
33
38
41
41
43
42
36
35
32
25
28
27
24
24
21
24
23
23
25
30
28
21
22
17
15
22
16
18
27
20
18
17
17
14
13
14
17
12
12
14
12
13
16
15
15
10
9
7
4
4
2
4
2
4
3
8
10
9
12
12
12
13
12
6
12
14
12
12
15
21
21
19
21
26
29
39
42
45
55
55
56
55
52
53
48
45
39
40
41
47
49
50
55
60
71
73
74
73
65
62
61
57
57
59
58
55
44
45
50
49
51
49
51
48
52
52
53
48
44
39
33
30
23
19
11
9
9
5
7
8
5
4
5
2
6
4
-1
4
-4
-11
-16
-24
-25
-29
-31
-30
-26
-24
-24
-22
-21
-18
-16
-15
-16
-16
-12
-13
-6
-2
-9
-5
-6
-6
-7
-13
-10
-7
-5
-6
-3
6
5
9
7
10
16
16
11
7
4
-3
-6
-6
-9
-7
-6
-1
-3
-6
-5
-3
-5
-8
-3
-12
-18
-28
-32
-25
-30
-28
-33
-32
-29
-35
-35
-41
-42
-46
-51
-55
-58
-59
-61
-63
-64
-61
-59
-64
-65
-61
-59
-57
-54
-56
-58
-56
-65
-65
-69
-73
-72
-68
-69
-72
-64
-60
-60
-56
-53
-45
-40
-40
-31
-32
-30
-32
-31
-34
-41
-35
-31
-27
-24
-26
-21
-23
-22
-19
-22
-18
-12
-14
-21
-25
-26
-30
-31
-25
-27
-25
-21
-25
-17
-17
-14
-6
-5
-6
-13
-12
-22
-26
-23
-25
-27
-28
-25
-25
-23
-19
-17
-16
-16
-20
-23
-19
-22
-25
-25
-24
-27
-27
-25
-25
-25
-29
-22
-13
-17
-20
-13
-14
-11
-12
-12
-9
-10
-11
-2
2
5
10
10
12
18
23
26
35
43
50
56
61
61
57
55
60
58
65
64
59
58
53
51
49
50
45
48
57
57
58
54
50
48
48
45
41
43
41
40
40
48
46
45
46
42
51
51
53
56
56
56
51
44
41
40
37
41
36
38
39
33
36
31
26
27
16
11
14
10
12
10
17
20
18
23
19
16
14
12
20
24
22
14
8
8
4
6
4
6
2
1
14
16
20
22
23
24
22
26
29
26
26
27
28
26
34
37
34
32
32
30
33
33
32
31
27
29
24
20
20
18
17
12
3
-6
-4
-1
-6
-6
-7
-4
-4
-3
-8
-9
-6
-8
-7
-5
-7
-12
-11
-21
-18
-16
-17
-23
-20
-20
-21
-24
-23
-17
-19
-19
-18
-19
-20
-18
-23
-21
-25
-25
-23
-23
-22
-17
-17
-14
-11
-14
-12
-12
-13
-12
-11
-14
-6
0
-3
1
4
6
4
6
14
16
15
18
16
13
9
12
14
17
17
12
12
8
-1
-2
-5
-10
-10
-15
-15
-14
-23
-25
-27
-35
-37
-39
-40
-39
-43
-46
-44
-46
-46
-43
-42
-36
-38
-41
-43
-45
-47
-53
-52
-45
-51
-55
-49
-47
-48
-44
-42
-35
-30
-27
-21
-20
-26
-29
-35
-33
-31
-35
-33
-31
-28
-24
-21
-21
-20
-25
-29
-37
-38
-39
-43
-30
-30
-25
-15
-15
-14
-13
-9
-6
-3
-10
-4
0
-4
0
6
12
15
17
17
18
13
9
10
11
10
4
3
2
2
7
5
-2
-4
-1
-1
-1
2
-2
0
2
2
-4
-7
-11
-8
-4
-4
4
-1
4
-3
-4
-6
-9
-10
-5
2
-4
6
5
2
4
1
4
8
6
2
0
0
4
6
12
19
23
23
25
25
32
33
39
44
39
29
26
33
25
26
30
33
31
30
37
43
46
40
48
50
46
45
41
45
45
35
33
35
34
39
35
35
30
32
29
23
17
12
6
5
9
1
-4
-13
-15
-16
-15
-21
-25
-19
-25
-25
-16
-10
-14
-15
-10
-11
-15
-13
-12
-17
-25
-20
-9
-13
-19
-19
-22
-20
-20
-24
-16
-13
-15
-15
-12
-10
-12
-14
-15
-18
-15
-17
-18
-17
-15
-10
-9
-6
-3
-1
4
0
-3
5
2
1
3
8
16
16
18
15
17
16
11
13
11
19
24
26
30
28
33
29
29
26
24
27
22
24
26
30
36
39
33
32
29
33
34
32
36
34
36
39
29
28
16
9
13
12
13
14
10
13
11
9
12
9
7
4
10
10
5
5
8
9
5
1
0
5
3
3
0
-1
4
6
8
12
12
4
7
5
5
1
1
0
0
2
-8
-5
1
4
8
7
6
14
18
19
15
19
19
16
9
7
12
11
6
5
6
5
4
2
-1
-5
-8
-7
-3
-4
-7
-7
-13
-16
-20
-24
-22
-25
-23
-25
-27
-27
-27
-23
-23
-24
-23
-21
-23
-21
-32
-31
-36
-40
-36
-38
-31
-28
-30
-34
-30
-27
-26
-28
-33
-27
-25
-26
-25
-29
-27
-32
-34
-28
-28
-33
-31
-23
-23
-23
-20
-16
-16
-17
-21
-25
-23
-30
-34
-32
-27
-32
-30
-26
-28
-22
-23
-26
-23
-20
-16
-15
-19
-27
-25
-19
-16
-11
-9
-8
-7
-5
-5
-8
-8
-15
-19
-10
-5
3
5
5
-1
-2
-9
-13
-14
-15
-11
-16
-14
-12
-9
-10
-10
-10
-8
-1
-4
-5
-5
-5
-7
-3
0
-1
1
-2
-2
-5
-4
0
1
5
5
9
3
-3
-4
-4
-12
-13
-3
-10
-11
-11
-7
-7
-9
-15
-18
-14
-9
-9
-6
-2
-8
-4
-2
1
6
10
13
10
7
4
8
13
9
9
11
9
15
18
19
20
13
14
12
13
10
2
4
0
-1
2
-1
-3
-1
-9
-2
2
-12
-5
-8
-15
-12
-16
-13
-7
0
-4
0
2
-3
3
8
14
18
19
17
23
27
26
31
33
33
37
37
41
34
33
43
51
62
62
58
59
55
54
54
59
56
53
56
58
61
62
65
65
67
65
69
72
71
66
66
65
63
60
59
65
65
65
70
70
69
67
66
66
65
62
60
58
52
52
52
51
45
43
40
37
39
30
29
23
11
6
7
7
7
0
-3
0
1
3
1
10
12
10
9
8
4
-1
-6
-11
-10
-10
-6
-5
-2
-6
-6
-8
-8
-9
-8
-5
-7
-6
-8
-5
-7
-8
-1
7
10
7
5
6
3
-5
-10
-4
3
-2
-10
-11
-20
-26
-21
-20
-17
-19
-18
-17
-15
-23
-35
-38
-35
-38
-41
-41
-47
-51
-52
-51
-49
-57
-60
-59
-56
-61
-63
-64
-66
-62
-59
-57
-56
-51
-47
-48
-49
-49
-50
-55
-56
-60
-64
-68
-70
-68
-67
-65
-64
-61
-58
-56
-50
-55
-56
-56
-61
-56
-52
-55
-53
-53
-58
-55
-52
-52
-48
-50
-45
-45
-40
-33
-30
-26
-23
-23
-23
-15
-15
-16
-17
-16
-13
-6
0
9
12
7
13
21
13
10
13
15
18
10
12
8
-4
-7
-5
-7
-8
-1
2
-2
0
3
1
1
-9
-12
-7
-9
-4
-8
-12
-15
-16
-23
-27
-30
-27
-24
-17
-14
-17
-11
-11
-15
-15
-14
-16
-23
-34
-35
-30
-32
-33
-33
-38
-35
-37
-35
-33
-36
-36
-33
-28
-30
-29
-30
-28
-28
-31
-20
-13
-22
-15
-9
-7
-7
-6
3
10
19
21
24
27
27
32
31
31
28
32
38
38
43
44
41
45
38
37
34
34
42
36
42
44
42
41
39
38
36
34
37
35
39
42
41
44
46
49
44
47
55
57
55
51
50
48
45
46
47
54
56
63
66
63
70
73
77
75
67
70
71
74
76
72
67
68
68
60
59
65
62
61
61
65
66
65
64
63
60
58
59
57
53
43
43
49
52
50
50
55
54
54
49
40
45
41
35
42
48
49
44
38
35
32
19
10
2
-1
-7
-12
-12
-12
-14
-19
-20
-20
-5
-5
-10
-11
-20
-15
-15
-20
-21
-30
-29
-30
-24
-20
-23
-20
-21
-17
-16
-23
-24
-28
-30
-29
-35
-36
-38
-41
-38
-40
-38
-36
-37
-38
-30
-29
-35
-32
-35
-36
-40
-44
-50
-58
-57
-55
-51
-54
-50
-50
-39
-46
-39
-52
-32
-46
-39
-44
-35
-23
-71
29
-58
-28
-36
-40
-40
-37
-26
-41
-5
-47
-25
-24
-26
-38
-27
-55
-24
-46
-45
-54
-64
-64
-75
-73
-75
-81
-84
-88
-87
-91
-96
-85
-87
-85
-84
-74
-74
-73
-79
-74
-73
-79
-81
-79
-75
-84
-76
-64
-56
-49
-42
-43
-41
-27
-34
-21
-17
-20
-21
-18
-15
-11
-10
-15
-11
-8
-9
-10
-4
-5
2
2
14
24
22
30
28
35
36
34
40
33
36
38
43
54
55
53
58
54
55
60
53
52
44
41
27
26
33
24
23
27
27
18
20
18
24
13
17
23
12
18
6
9
-1
-3
-6
-5
1
-5
0
-6
3
-5
5
12
-7
13
4
11
15
13
14
12
16
12
11
9
12
17
13
17
17
14
19
18
20
28
26
25
26
27
32
31
26
33
29
35
35
34
32
34
32
30
32
24
31
29
30
33
33
34
33
33
33
32
32
38
40
37
35
40
37
34
33
36
38
36
36
27
32
30
38
32
31
28
21
23
23
25
25
34
39
39
52
41
52
41
52
34
51
33
37
43
-61
126
91
-25
59
89
11
64
99
38
83
52
10
82
93
23
42
57
68
44
16
39
47
38
34
39
36
28
26
23
25
16
14
29
11
9
5
4
4
12
-8
-12
5
-14
-11
-12
-15
-25
-21
-9
-23
-21
-8
-15
-26
-6
-12
-24
-10
-26
-26
-23
-25
-31
-29
-24
-29
-26
-32
-28
-37
-45
-36
-41
-43
-46
-47
-44
-42
-37
-34
-43
-35
-37
-44
-33
-49
-52
-44
-47
-53
-56
-49
-48
-44
-39
-45
-39
-33
-37
-33
-45
-38
-50
-53
-51
-53
-49
-42
-42
-43
-15
-35
-32
-28
-37
-35
-21
-33
-43
-32
-37
-35
-45
-37
-42
-33
-13
-41
-25
-9
-22
-21
-20
-23
-26
-15
-15
-15
-5
-8
1
-5
-12
-5
-14
-22
-12
-18
-24
-24
-22
-19
-24
-19
-18
-18
-14
-9
-4
-3
-5
-6
-10
-9
-5
-4
-4
-5
-5
-4
0
-8
-12
3
4
-2
7
10
7
8
6
17
16
13
13
21
24
19
21
23
20
27
24
17
13
12
19
12
20
13
20
-2
6
6
-7
7
1
4
-2
-9
-16
-10
-10
-18
-11
-9
-25
-23
-19
-29
-34
-36
-33
-26
-29
-27
-23
-19
-21
-20
-7
-22
-23
-16
-20
-18
-22
-17
-18
-14
-19
-16
-4
2
1
1
2
-4
10
6
1
9
15
15
9
23
21
22
23
29
30
21
32
20
25
28
21
23
21
12
11
15
13
12
9
14
21
18
19
14
16
16
23
20
15
15
5
7
19
28
21
22
22
8
9
16
16
12
17
20
14
17
13
15
18
19
23
27
25
17
17
18
7
12
10
13
15
18
17
8
18
17
17
24
23
21
25
21
18
17
20
11
15
21
11
21
31
27
26
30
33
37
39
42
35
45
48
44
46
49
43
40
38
38
37
39
47
41
30
31
35
30
36
35
34
36
31
24
19
16
10
9
3
0
-1
-1
-9
-7
-6
-6
3
-11
-10
-12
-20
-14
-8
-18
-21
-24
-19
-18
-28
-23
-14
-4
-10
-2
9
2
-11
-4
-2
-13
-14
-10
-4
-8
-9
-8
4
3
2
1
-5
-8
-15
-16
-11
-16
-21
-12
-20
-12
-17
-26
-29
-23
-34
-31
-36
-46
-44
-40
-48
-50
-34
-40
-39
-31
-30
-46
-35
-37
-53
-49
-43
-56
-59
-62
-58
-54
-59
-56
-54
-39
-51
-48
-42
-50
-47
-48
-46
-48
-43
-47
-47
-47
-57
-39
-45
-42
-36
-47
-43
-41
-40
-43
-36
-34
-18
-17
-19
-14
-20
-11
-9
-16
-17
-13
-12
-16
-17
-19
-10
-16
-18
-12
-11
-9
-10
-3
-3
0
7
8
9
19
20
17
22
18
23
33
28
32
41
40
34
39
45
44
42
48
47
44
41
42
39
38
46
37
36
39
30
27
28
18
8
3
4
1
-8
-15
-16
-15
-10
-15
-17
-10
-8
-3
8
6
9
3
5
4
-6
-2
3
-3
-4
3
-8
-4
-2
-4
-4
5
1
-1
1
-4
2
7
9
9
4
11
18
14
14
13
18
14
19
21
21
31
29
28
28
25
27
25
21
26
30
31
40
45
41
39
44
37
41
36
27
29
30
25
18
13
5
-2
-11
-7
-10
-8
-9
-19
-19
-15
-25
-26
-22
-21
-14
-15
-10
-10
-11
-4
-4
-3
7
6
8
9
22
18
13
20
22
24
17
20
20
19
25
26
27
30
31
32
28
35
37
39
50
53
57
54
56
56
57
62
62
69
63
66
74
67
71
67
52
45
51
40
41
41
37
45
36
33
34
27
26
28
23
17
10
0
-11
-23
-25
-25
-30
-33
-35
-31
-27
-30
-25
-16
-16
-17
-20
-14
-10
-16
-19
-17
-13
-13
-15
-9
-6
-3
-1
15
17
14
14
9
1
4
6
3
5
7
-1
0
6
-1
-1
-4
-11
-10
-10
-8
-4
0
-6
-15
-15
-23
-32
-34
-37
-35
-37
-48
-52
-51
-51
-48
-62
-54
-55
-56
-67
-57
-64
-120
-76
-97
-97
-80
-94
-90
-89
-82
-65
-55
-66
-81
-57
-58
-54
-47
-51
-38
-42
-33
-26
-36
-41
-38
-35
-32
-27
-11
-13
-19
-22
-20
-11
-23
-15
-8
-4
2
12
18
15
12
7
3
-5
-8
-11
-4
-1
1
14
33
31
34
39
34
34
29
31
25
23
18
14
18
13
9
5
6
9
13
12
18
9
10
13
11
10
3
7
6
1
12
12
19
18
17
27
20
23
23
25
28
5
5
15
7
8
8
15
14
11
10
3
2
-7
-17
-25
-28
-33
-37
-27
-28
-38
-38
-41
-42
-47
-52
-45
-41
-44
-30
-27
-31
-38
-28
-32
-45
-30
-33
-25
-29
-35
-31
-38
-33
-30
-28
-21
-11
-16
2
-2
-10
-1
-5
3
-3
0
13
4
-6
12
17
7
9
25
12
21
13
7
20
-4
6
19
15
12
28
37
33
32
35
47
36
31
47
36
24
27
28
21
16
19
23
24
20
33
40
38
41
44
56
58
51
50
46
38
34
38
41
43
38
49
57
50
47
47
51
43
42
41
50
45
38
45
46
47
55
62
68
68
70
75
71
73
72
64
60
51
47
37
20
21
16
17
16
10
6
-5
-6
-12
-12
-13
-25
-22
-18
-20
-26
-18
-10
-13
-16
-21
-24
-24
-29
-25
-21
-23
-15
-17
-14
-11
-15
-10
-8
-13
-12
-16
-15
-17
-16
-12
-15
-13
-16
-18
-9
-13
-12
-7
-12
-15
-19
-26
-31
-40
-38
-32
-29
-26
-22
-19
-24
-24
-26
-30
-34
-38
-39
-38
-32
-30
-29
-29
-34
-31
-25
-20
-15
-13
-19
-21
-33
-36
-46
-49
-47
-53
-48
-50
-57
-52
-50
-48
-45
-47
-42
-42
-37
-29
-32
-29
-26
-27
-27
-17
-23
-14
-11
-16
-4
-7
-4
-6
1
5
8
9
7
6
12
8
1
5
6
6
2
2
-2
-9
-5
2
-3
5
1
-6
-7
-13
-10
-16
-20
-18
-14
-5
-2
1
5
8
2
5
10
4
11
7
13
18
14
20
13
6
7
7
10
14
16
23
17
12
11
8
3
-1
-6
-11
-11
-13
-15
-15
-16
-25
-20
-24
-26
-27
-28
-25
-26
-26
-29
-29
-30
-29
-32
-31
-34
-31
-34
-39
-37
-41
-37
-32
-26
-25
-23
-18
-21
-17
-14
-21
-25
-23
-18
-10
-9
2
12
16
17
16
18
18
23
24
27
35
36
32
33
28
30
27
28
30
35
47
46
54
50
48
44
35
41
36
31
26
28
23
23
22
16
20
18
21
26
28
26
28
17
14
13
13
11
11
14
10
14
13
12
8
16
13
10
16
13
19
19
18
19
16
18
14
21
16
13
16
20
22
21
26
24
24
24
28
32
38
37
37
36
35
36
42
42
39
41
43
43
42
44
46
49
50
53
50
47
45
46
45
34
33
34
28
26
26
19
22
20
16
21
21
22
29
23
23
28
22
23
19
21
22
19
27
30
30
28
30
23
18
23
23
29
32
32
32
38
39
33
24
24
22
13
15
-2
-8
-10
-18
-12
-17
-16
-18
-17
-23
-20
-19
-26
-20
-20
-21
-22
-33
-34
-34
-43
-39
-43
-49
-45
-46
-50
-42
-38
-36
-39
-42
-44
-45
-41
-38
-36
-40
-35
-33
-33
-34
-31
-33
-32
-29
-36
-32
-33
-45
-42
-43
-49
-50
-52
-53
-55
-54
-55
-63
-57
-57
-57
-56
-50
-45
-46
-39
-33
-26
-15
-12
-8
3
6
9
7
9
10
9
12
15
15
18
25
26
29
25
29
31
24
13
14
12
5
1
2
3
5
9
7
8
9
7
2
6
-4
-9
0
-1
-3
-2
-7
-11
-6
-6
-7
-6
-3
10
11
11
10
-2
-9
-7
-9
-17
-20
-27
-33
-36
-28
-25
-32
-30
-29
-26
-32
-38
-39
-46
-53
-60
-60
-62
-57
-57
-58
-56
-60
-60
-62
-56
-51
-51
-46
-42
-37
-39
-42
-37
-43
-37
-35
-33
-29
-23
-22
-22
-14
-17
-20
-16
-15
-12
-11
-11
-17
-18
-24
-23
-24
-30
-29
-40
-34
-37
-32
-33
-29
-19
-23
-23
-16
-13
-17
-10
-7
-8
-19
-20
-16
-22
-23
-18
-14
-11
-4
3
7
8
12
19
23
33
31
25
25
26
30
27
25
32
34
34
38
45
49
51
50
54
49
49
48
44
50
47
47
43
42
34
41
41
43
52
56
60
66
71
72
75
78
78
75
73
65
66
61
54
52
47
46
54
55
52
54
51
47
50
50
52
47
49
46
41
38
35
32
26
20
15
17
18
22
26
36
38
43
42
39
41
30
36
42
42
41
46
46
47
46
43
41
41
50
50
46
47
48
47
50
44
45
46
40
42
38
34
30
23
20
18
18
17
15
17
13
11
1
-3
-2
-5
0
-5
-13
-8
-14
-19
-16
-21
-24
-21
-25
-29
-31
-28
-31
-39
-47
-52
-52
-55
-55
-62
-67
-63
-60
-63
-63
-65
-62
-67
-74
-74
-80
-75
-81
-84
-79
-83
-81
-71
-68
-59
-53
-46
-38
-41
-40
-40
-46
-49
-44
-35
-33
-36
-25
-23
-27
-20
-20
-17
-8
-3
-3
0
6
9
16
16
19
26
27
27
35
34
35
39
38
34
35
34
32
27
19
17
12
9
5
-3
-9
-5
-5
-11
-11
-7
-8
-3
-8
-7
-4
-6
-12
-11
-18
-22
-29
-41
-42
-51
-54
-57
-59
-60
-62
-60
-62
-66
-67
-62
-62
-61
-62
-68
-68
-71
-73
-79
-82
-80
-82
-79
-76
-79
-82
-81
-76
-77
-72
-68
-67
-62
-57
-53
-46
-40
-36
-34
-31
-24
-22
-20
-15
-10
-15
-13
-11
-7
-5
-4
1
8
13
18
20
25
30
34
34
34
31
27
30
32
40
42
47
51
50
55
48
49
50
46
42
41
42
33
34
26
22
25
18
22
24
18
15
12
5
1
-2
-2
-2
1
2
8
8
0
14
21
25
29
25
20
17
11
14
13
23
24
18
22
19
27
34
39
43
44
51
54
56
66
67
57
62
65
68
68
63
64
68
66
68
70
74
71
60
60
63
61
63
73
79
77
76
72
64
66
67
69
71
74
73
71
69
70
61
54
67
70
73
75
72
64
59
57
51
51
50
51
49
45
45
45
40
37
39
40
36
36
37
37
33
32
28
22
19
8
9
15
22
22
21
23
25
24
21
10
4
6
1
-2
-7
-7
-5
-12
-16
-26
-34
-31
-29
-32
-31
-24
-27
-25
-30
-29
-32
-36
-35
-36
-41
-44
-47
-52
-50
-54
-55
-54
-53
-51
-56
-54
-48
-47
-51
-53
-54
-54
-54
-60
-55
-49
-55
-58
-56
-56
-62
-63
-63
-65
-68
-62
-58
-55
-50
-55
-54
-55
-55
-59
-58
-58
-61
-57
-54
-57
-61
-56
-53
-51
-48
-53
-55
-52
-44
-42
-38
-33
-38
-37
-44
-44
-36
-36
-32
-28
-21
-23
-26
-24
-23
-22
-16
-15
-9
-5
-10
-9
-14
-15
-18
-10
-6
0
6
9
8
7
5
1
-2
-5
-4
-5
-8
-7
-5
-5
-3
-9
-8
-9
-15
-18
-17
-20
-29
-33
-46
-56
-57
-62
-65
-66
-68
-70
-72
-67
-62
-63
-57
-50
-44
-43
-42
-47
-48
-51
-45
-36
-45
-50
-43
-35
-31
-24
-21
-25
-24
-23
-21
-17
-16
-13
-12
-7
-2
-2
0
0
0
10
17
23
27
33
40
39
45
54
64
64
55
52
53
52
52
53
57
58
57
59
67
73
72
71
70
73
70
61
66
68
63
64
63
62
54
48
42
29
23
16
14
14
13
16
12
9
6
3
6
7
12
17
23
29
29
25
19
15
11
10
8
8
12
3
6
14
18
30
27
30
30
30
36
40
42
43
43
40
41
42
43
43
43
50
55
53
51
57
57
57
61
67
74
79
76
71
72
68
65
73
81
85
87
85
82
86
82
76
79
79
76
69
68
65
50
48
41
35
33
28
26
22
19
6
-3
-5
-10
-12
-11
-14
-8
-16
-14
-12
-21
-19
-19
-23
-30
-30
-41
-46
-44
-49
-44
-39
-37
-40
-41
-42
-51
-47
-44
-43
-45
-50
-47
-56
-64
-66
-66
-68
-67
-70
-66
-58
-60
-60
-62
-62
-57
-61
-60
-53
-56
-63
-67
-70
-62
-57
-51
-45
-42
-30
-32
-38
-32
-31
-27
-25
-33
-43
-48
-48
-51
-44
-35
-28
-31
-30
-30
-31
-27
-35
-34
-40
-37
-37
-38
-37
-46
-51
-47
-34
-28
-26
-25
-20
-15
-14
-13
-18
-16
-15
-23
-25
-27
-36
-41
-34
-38
-33
-27
-25
-21
-21
-19
-17
-10
-5
3
12
13
10
7
2
4
-1
2
2
4
-2
-3
-7
-10
-4
-2
6
1
-3
-5
1
1
-11
-21
-20
-13
-3
4
7
8
9
4
3
9
10
6
0
-7
-9
-11
-18
-21
-15
-14
-10
-11
-10
-8
-15
-15
-17
-12
-7
-6
-3
-6
-1
0
1
15
15
11
17
21
18
13
16
20
26
19
12
15
20
18
20
27
30
36
43
43
43
44
39
39
47
47
39
45
43
42
41
37
38
48
52
48
47
45
46
35
34
40
44
47
44
41
40
48
42
45
57
52
42
40
42
48
47
40
37
33
33
38
33
23
17
15
9
9
14
18
12
2
-7
-6
1
2
5
11
9
-5
-5
-8
-1
3
1
4
15
26
13
4
6
10
12
11
18
24
23
25
30
36
30
27
26
29
31
19
11
16
19
23
25
28
27
21
16
24
37
39
37
40
48
44
40
33
38
42
38
44
46
37
36
38
38
41
50
55
54
50
43
39
34
23
20
28
21
5
0
2
-3
-4
0
-8
-8
-4
-15
-12
-6
-13
-22
-16
-11
-13
-22
-39
-43
-39
-36
-38
-34
-37
-47
-50
-55
-60
-63
-73
-78
-77
-72
-73
-82
-81
-88
-85
-77
-76
-71
-69
-68
-72
-67
-67
-74
-80
-79
-84
-82
-87
-83
-78
-84
-75
-70
-64
-58
-58
-54
-51
-54
-51
-35
-31
-30
-26
-35
-31
-21
-15
-6
9
11
16
14
2
-2
-3
11
16
16
18
13
11
18
20
26
35
44
46
43
40
35
28
20
20
7
7
6
5
1
-2
-3
-10
0
-2
3
4
-7
-10
-10
-19
-23
-13
-5
-4
3
5
10
5
1
8
17
9
7
19
20
22
11
3
-3
-11
-13
-7
5
4
-1
-12
-20
-24
-22
-4
3
3
-1
5
14
15
18
17
18
25
22
30
40
36
28
25
24
20
24
26
35
37
32
25
19
17
12
13
13
10
11
5
4
10
-4
-7
-4
-5
3
-9
-22
-30
-35
-29
-19
-14
-19
-19
-18
-14
-4
-4
-12
-5
8
8
15
15
6
12
14
14
13
24
24
25
24
19
13
3
-3
-10
-4
0
0
-3
3
-4
-1
1
8
12
7
4
5
13
12
7
4
15
23
21
16
14
7
-5
-13
-13
-5
3
0
-6
-10
-20
-26
-27
-28
-18
-19
-11
-12
-25
-21
-24
-24
-28
-20
-19
-23
-32
-37
-31
-38
-40
-37
-36
-31
-45
-52
-41
-31
-26
-27
-25
-17
-14
-6
5
5
5
-1
3
7
9
13
14
22
19
18
21
32
42
44
49
49
36
38
35
36
32
28
41
43
43
35
34
29
27
28
26
35
38
27
20
17
15
16
25
34
37
36
40
43
45
42
31
26
21
29
26
15
9
6
12
15
7
-5
-8
-11
-10
-14
-4
-8
-23
-35
-41
-40
-52
-59
-54
-38
-39
-36
-29
-31
-34
-34
-38
-30
-17
-20
-30
-37
-38
-38
-41
-28
-22
-19
-20
-22
-30
-41
-36
-26
-15
-20
-18
-22
-26
-23
-28
-24
-24
-22
-20
-22
-21
-17
-15
-15
-10
-5
0
13
24
30
30
27
30
31
36
40
30
28
33
31
28
31
31
23
32
42
36
25
26
22
21
15
17
24
23
21
20
21
13
3
6
9
21
18
11
-2
-22
-18
-14
0
13
12
14
13
18
25
12
2
4
15
15
15
19
12
15
14
12
14
9
7
5
2
9
13
6
11
12
12
11
18
17
9
4
-9
-11
-1
0
-13
-13
-8
-12
-9
-2
4
4
-11
-12
3
11
8
7
12
4
-4
-2
6
3
-18
-18
-10
-1
-5
-13
-13
-14
-14
-26
-21
-24
-40
-46
-45
-39
-41
-47
-44
-36
-26
-42
-52
-46
-53
-52
-50
-47
-40
-33
-34
-38
-42
-48
-50
-47
-44
-41
-39
-41
-48
-50
-49
-46
-36
-38
-34
-28
-27
-30
-40
-59
-55
-38
-17
0
4
-1
-25
-32
-33
-22
-19
-9
-1
-4
-3
-11
-19
-13
-2
6
10
7
-6
-14
-22
-17
-5
1
4
4
6
0
-8
-4
8
21
20
18
25
30
33
25
28
36
43
39
35
47
61
56
46
53
59
68
72
73
83
83
62
61
68
61
51
56
56
56
50
38
40
51
54
52
56
52
45
42
44
40
35
22
21
28
12
0
-13
-9
0
17
34
28
14
-5
-2
-5
-14
-15
-11
-9
-15
-22
-28
-22
-21
-22
-5
12
6
9
17
14
8
-4
1
11
18
17
5
10
9
-1
-5
-2
3
1
2
-7
-17
-9
-7
2
8
12
14
9
13
3
-3
-3
-19
-20
-21
-23
-13
-10
-11
-18
-14
-13
-19
-4
-2
-7
-15
-19
-19
-31
-36
-36
-28
-18
-20
-28
-25
-26
-34
-34
-27
-14
-1
-1
1
4
-3
0
7
19
33
44
44
45
42
39
36
39
58
68
76
62
54
56
78
81
71
70
72
79
61
48
45
52
62
65
57
47
41
29
42
50
40
27
25
34
36
12
-12
-14
-11
5
7
-8
-5
-7
-9
2
-4
-23
-29
-25
-15
-8
-9
-19
-23
-23
-24
-23
-28
-24
-18
-20
-23
-34
-47
-49
-46
-30
-15
-14
-25
-39
-37
-35
-42
-44
-24
-13
-23
-27
-26
-19
-28
-26
-21
-15
-22
-25
-25
-23
-18
-33
-35
-29
-26
-15
-17
-17
-26
-28
-35
-39
-24
-27
-23
-24
-40
-48
-45
-43
-30
-24
-19
-23
-24
-25
-24
-9
-14
-21
-26
-44
-51
-60
-61
-49
-46
-41
-46
-49
-53
-56
-50
-53
-47
-39
-52
-60
-58
-68
-76
-67
-60
-67
-57
-65
-59
-41
-46
-54
-49
-49
-53
-42
-59
-54
-40
-44
-45
-39
-28
-37
-35
-30
-34
-30
-37
-31
-29
-30
-17
-11
-7
-12
-18
-19
-9
0
8
19
17
23
12
8
26
31
36
56
67
59
62
63
68
69
71
75
77
98
88
68
66
54
57
68
76
74
60
62
59
52
56
52
48
48
42
34
31
40
46
54
61
51
49
40
38
34
39
40
37
40
26
15
12
14
8
9
15
-6
-8
-14
-18
-8
-9
-14
3
2
-12
-14
-10
0
13
30
22
15
14
13
32
47
37
28
24
23
34
43
32
9
0
3
8
19
10
-4
-7
-13
-12
-10
-15
-17
-18
-25
-21
-12
-15
-14
-4
7
2
-7
-3
15
18
0
-10
-12
7
17
18
26
27
19
10
13
6
-6
-3
-6
-2
8
6
-2
-8
-18
-14
5
19
16
13
3
-6
-4
6
25
42
46
46
47
35
25
26
15
14
24
29
23
15
-1
-7
6
7
8
11
8
3
0
-1
-3
-3
-8
1
19
21
24
30
31
36
46
53
54
52
45
37
46
49
49
47
38
34
32
44
46
50
43
25
5
-18
-10
6
3
-5
-10
-19
-26
-24
-17
-11
-2
-5
0
6
-9
-22
-35
-32
-22
-16
-16
-28
-38
-47
-48
-37
-32
-31
-25
-29
-45
-58
-63
-61
-55
-52
-53
-59
-68
-73
-67
-65
-75
-76
-64
-54
-44
-57
-64
-54
-57
-57
-33
-31
-48
-54
-53
-42
-38
-30
-33
-23
-16
-23
-21
-23
-29
-33
-33
-39
-44
-49
-47
-48
-45
-49
-48
-52
-57
-46
-53
-61
-68
-67
-67
-79
-76
-60
-49
-41
-46
-45
-41
-47
-51
-49
-33
-33
-52
-52
-49
-63
-52
-38
-41
-33
-24
-27
-33
-25
-37
-40
-29
-35
-24
-15
-18
-28
-23
-18
-6
17
14
10
13
16
9
27
31
12
16
14
18
24
29
27
30
36
35
45
50
45
35
25
33
32
33
33
39
38
40
37
44
60
63
69
63
64
63
54
37
33
34
48
63
70
77
65
48
35
52
65
63
65
76
79
58
48
38
36
30
34
48
54
35
9
11
23
26
9
13
21
6
-17
-30
-21
-10
-7
5
18
16
7
-1
8
7
5
1
9
33
34
17
3
3
6
18
36
44
37
20
6
6
17
31
42
38
36
38
39
41
51
58
51
54
62
60
65
69
57
51
54
64
66
58
54
46
26
27
25
24
25
30
28
15
19
25
38
48
42
31
22
23
23
13
19
15
10
14
26
34
27
23
14
15
21
20
26
24
13
4
-2
3
6
-11
-17
-4
0
-7
-8
-10
1
6
-11
-2
10
-6
-15
-6
8
32
46
32
30
38
37
36
43
50
55
51
39
44
50
45
38
41
46
51
63
51
35
31
22
8
9
5
-12
-18
-20
-22
-29
-22
-10
-19
-23
-16
-23
-40
-56
-61
-56
-53
-60
-66
-66
-69
-65
-62
-65
-72
-72
-69
-69
-70
-86
-106
-107
-102
-109
-114
-114
-119
-130
-127
-114
-93
-87
-92
-84
-88
-96
-98
-88
-73
-62
-61
-57
-54
-62
-71
-67
-51
-48
-46
-42
-44
-67
-91
-99
-89
-73
-65
-66
-64
-58
-59
-70
-61
-52
-60
-59
-51
-46
-61
-68
-77
-75
-56
-39
-30
-26
-33
-49
-54
-51
-44
-37
-28
-33
-46
-45
-49
-44
-37
-33
-26
-29
-23
-35
-50
-64
-63
-54
-50
-41
-38
-37
-34
-35
-27
-13
-16
-18
-8
1
-7
-11
-10
4
19
17
9
15
20
20
27
34
49
49
56
61
63
48
32
46
56
66
69
61
54
56
70
80
79
74
79
83
88
82
75
80
77
79
86
90
89
77
73
75
74
62
52
56
61
69
71
71
68
55
44
43
56
57
54
58
55
45
37
46
50
61
60
62
64
62
45
30
48
59
53
40
42
52
49
30
21
25
33
33
25
25
21
9
15
45
54
39
32
27
32
46
54
58
50
41
43
45
52
50
58
63
56
60
49
44
37
32
49
65
68
60
57
40
28
35
45
56
56
45
40
43
46
48
52
51
45
34
33
40
35
34
25
23
33
32
25
21
-3
-20
-10
0
-4
-18
-26
-26
-39
-40
-35
-32
-26
-23
-20
-19
-14
-37
-50
-36
-37
-34
-26
-27
-28
-31
-40
-38
-27
-32
-42
-41
-38
-37
-38
-52
-66
-73
-60
-54
-52
-54
-60
-56
-59
-64
-60
-52
-50
-42
-33
-35
-43
-54
-52
-48
-54
-42
-42
-35
-25
-30
-45
-37
-33
-42
-26
-14
-25
-39
-38
-42
-44
-39
-45
-40
-25
-34
-39
-35
-37
-40
-31
-20
-26
-30
-44
-56
-44
-42
-48
-49
-38
-41
-45
-38
-41
-33
-36
-23
-14
-16
-18
-19
-14
-22
-27
-14
-18
-43
-54
-43
-28
-25
-30
-34
-29
-35
-52
-53
-39
-46
-50
-52
-43
-35
-47
-45
-40
-34
-45
-55
-31
-22
-42
-57
-69
-69
-72
-69
-64
-61
-53
-54
-54
-64
-58
-68
-75
-57
-38
-29
-29
-36
-45
-36
-34
-38
-35
-27
-39
-41
-35
-27
-14
-22
-18
0
16
19
13
11
10
14
18
13
18
22
19
24
27
28
34
31
38
41
41
46
40
43
41
41
38
34
42
46
57
63
79
88
86
82
76
73
69
71
80
79
75
80
83
81
89
86
79
88
90
92
93
86
68
56
64
65
64
60
57
45
37
48
56
58
52
51
46
45
49
38
45
42
36
41
53
56
48
57
55
59
63
57
42
31
31
38
34
29
36
30
28
33
37
46
52
49
46
52
42
27
24
22
15
5
1
5
21
16
2
5
10
10
6
7
4
7
7
-3
-2
0
-16
-10
2
2
10
8
1
2
6
-7
-16
-13
-8
-5
-3
-9
-19
-24
-29
-26
-14
0
-3
-22
-15
-12
-8
-4
-5
-6
-9
-2
2
0
-5
-12
-10
-1
-3
-3
-5
-8
-11
-8
2
4
7
16
17
30
32
20
11
10
11
7
24
22
17
20
7
17
20
17
18
21
23
21
16
6
0
-6
-10
-15
-9
-11
-14
-3
0
-9
-15
-15
-19
-19
-26
-28
-36
-40
-42
-43
-45
-51
-46
-37
-27
-31
-38
-40
-46
-48
-37
-32
-36
-38
-34
-35
-35
-30
-33
-33
-37
-44
-38
-32
-40
-53
-53
-47
-37
-37
-40
-52
-65
-64
-58
-48
-56
-60
-68
-57
-42
-36
-38
-51
-55
-46
-30
-20
-26
-33
-40
-40
-44
-45
-33
-31
-33
-31
-34
-39
-51
-64
-55
-45
-38
-39
-46
-49
-60
-70
-66
-56
-51
-58
-55
-53
-62
-76
-82
-73
-69
-71
-65
-68
-71
-70
-71
-56
-53
-51
-39
-21
-20
-22
-24
-30
-30
-25
-13
-5
8
8
7
6
3
6
18
29
23
27
38
37
30
18
15
25
40
46
60
68
65
63
65
68
59
50
52
52
50
54
47
48
47
42
57
66
74
85
93
91
87
79
66
62
55
51
52
59
62
52
41
37
40
37
38
39
45
44
32
35
41
33
24
27
30
28
16
12
18
15
1
-4
5
11
21
24
24
24
18
9
14
13
9
1
-2
0
0
7
8
5
4
21
28
20
20
13
16
19
17
12
19
20
20
31
36
32
25
27
34
54
49
50
54
57
52
38
41
38
32
29
30
37
29
11
7
14
24
25
22
17
12
9
-1
2
0
4
9
10
14
9
10
5
11
18
15
10
16
10
-1
-10
-20
-12
-13
-18
-30
-33
-36
-51
-56
-51
-42
-41
-47
-46
-41
-47
-46
-46
-43
-30
-20
-14
-17
-16
-23
-31
-25
-18
-11
-1
-3
2
1
1
8
12
20
21
25
21
20
19
13
9
9
8
8
13
8
0
-6
-7
-13
-8
3
5
7
2
1
0
-5
-2
1
10
1
-3
6
5
-1
-7
-6
-8
-4
-3
0
-5
-11
-27
-35
-32
-32
-38
-42
-30
-31
-39
-43
-44
-54
-50
-39
-32
-30
-26
-32
-46
-42
-41
-36
-33
-35
-32
-25
-31
-36
-28
-36
-38
-43
-39
-23
-21
-38
-41
-38
-50
-40
-33
-34
-44
-35
-36
-28
-17
-43
-30
-31
-25
-23
-34
-34
-28
-13
-24
-23
-22
-17
-13
-7
-7
-13
-8
-12
-15
-12
-7
-4
-4
-12
-21
-24
-27
-27
-32
-38
-35
-24
-27
-33
-35
-33
-24
-24
-22
-20
-18
-22
-29
-26
-21
-20
-18
-13
-7
-8
-8
-4
5
18
19
19
18
18
21
30
31
27
27
30
37
45
40
37
35
27
37
43
43
39
34
34
30
40
44
43
43
50
58
59
56
58
51
46
70
77
81
79
74
71
72
67
54
42
41
41
43
46
39
33
35
41
41
42
40
35
22
21
22
15
14
0
-2
-5
-6
-11
-16
-23
-31
-26
-24
-19
-8
-5
-4
3
-3
0
1
-3
4
3
9
12
9
7
-1
1
12
14
20
25
21
17
7
1
0
-4
3
12
14
16
16
11
5
1
-2
2
11
14
16
12
8
3
5
8
5
8
11
7
1
4
2
-12
-15
-8
-4
7
7
7
5
5
0
-2
-7
-18
-18
-18
-16
-20
-25
-30
-30
-27
-20
-21
-18
-12
-10
-6
-8
-6
-2
7
2
-4
-3
-8
0
7
11
15
16
20
24
17
7
6
5
6
6
6
9
8
7
8
7
12
10
6
11
6
9
16
17
21
23
22
26
31
33
38
46
51
50
50
47
44
39
43
44
47
46
41
48
39
41
54
54
48
44
44
41
37
32
32
33
34
34
34
31
33
30
32
29
31
29
26
25
25
26
15
6
0
-2
-2
-1
-3
-11
-17
-27
-32
-35
-43
-39
-49
-56
-58
-62
-64
-69
-76
-75
-73
-76
-76
-85
-82
-80
-70
-69
-70
-74
-82
-81
-81
-76
-71
-62
-61
-52
-42
-46
-52
-54
-59
-68
-66
-58
-52
-54
-59
-60
-65
-63
-54
-53
-49
-44
-46
-51
-57
-60
-52
-45
-36
-28
-21
-18
-17
-17
-15
-13
-4
-1
-1
3
2
1
-3
-3
-1
8
10
16
21
14
14
14
9
9
4
4
5
5
10
7
8
3
6
13
14
20
17
19
15
11
6
6
6
13
13
11
12
2
0
-1
1
-5
0
3
-2
-3
-10
-11
-8
-3
-1
8
6
1
-3
-5
1
1
3
4
6
6
4
1
-4
2
5
15
19
19
21
19
21
18
12
6
1
2
-3
-2
-4
-6
-8
-10
-7
-5
-5
-9
-7
-7
-7
-7
0
0
1
1
2
9
7
9
6
-1
5
2
1
0
-4
-4
-2
3
0
-2
-8
-7
-2
-8
-4
-5
-10
-17
-15
-6
-1
-2
-10
-12
-13
-15
-13
-15
-12
-17
-13
-8
-6
1
7
12
13
17
20
16
17
19
25
28
29
40
39
42
45
46
48
44
47
43
46
46
46
44
41
44
50
46
46
51
43
46
44
41
35
29
23
21
22
18
23
29
28
33
35
37
39
40
46
38
33
42
44
42
37
39
36
38
39
36
38
37
38
39
38
36
37
38
38
32
29
26
16
14
9
12
16
13
15
16
23
19
13
15
11
17
20
9
7
5
3
1
-1
-4
-3
-6
-18
-15
-19
-22
-27
-25
-27
-31
-30
-35
-39
-46
-48
-50
-40
-37
-35
-38
-36
-37
-37
-30
-33
-22
-27
-34
-33
-32
-32
-31
-25
-25
-25
-24
-21
-22
-28
-28
-27
-30
-25
-23
-27
-31
-36
-33
-34
-40
-50
-58
-51
-53
-51
-45
-46
-46
-44
-40
-40
-36
-35
-37
-40
-39
-36
-37
-34
-36
-27
-28
-29
-22
-29
-21
-18
-17
-10
-8
-7
-2
3
10
4
4
3
1
2
-9
-8
-11
-12
-7
-4
-4
-4
-1
-6
-6
-5
-5
-8
-12
-16
-17
-22
-20
-14
-15
-13
-13
-15
-13
-15
-16
-12
-12
-14
-20
-17
-17
-23
-21
-31
-32
-30
-29
-26
-26
-28
-31
-31
-30
-30
-25
-22
-17
-18
-16
-17
-12
-7
-5
-12
-12
-7
-9
-6
-5
-4
-2
-1
1
8
4
4
4
8
1
0
-2
-9
-15
-22
-21
-27
-19
-16
-15
-7
0
6
10
14
17
22
26
25
29
24
25
26
28
32
27
21
26
27
30
30
32
32
30
37
42
41
40
42
37
39
32
33
32
35
42
47
43
46
49
50
54
55
63
68
69
67
61
57
47
40
35
33
31
20
17
11
7
-1
-8
-10
-12
-9
-7
-7
-6
-13
-15
-18
-25
-26
-23
-16
-9
-11
-11
-6
1
2
1
9
7
9
16
11
17
19
19
23
29
33
35
36
38
42
33
37
33
37
36
28
32
27
30
35
44
54
56
53
52
56
57
61
60
62
73
68
63
58
59
63
59
63
65
56
54
49
50
51
51
46
42
36
30
31
28
22
18
14
13
13
10
8
10
2
-3
4
-4
-4
4
1
7
6
1
3
2
0
-1
-7
-12
-13
-12
-14
-15
-20
-25
-20
-14
-13
-21
-29
-29
-29
-34
-43
-44
-44
-37
-39
-45
-44
-52
-50
-52
-50
-48
-48
-50
-47
-47
-53
-49
-49
-43
-41
-35
-27
-23
-19
-19
-19
-23
-25
-29
-29
-27
-29
-38
-38
-41
-43
-43
-42
-40
-38
-37
-34
-35
-43
-49
-54
-57
-57
-54
-64
-65
-60
-65
-62
-52
-44
-40
-33
-31
-41
-43
-40
-38
-40
-38
-29
-32
-41
-46
-44
-39
-40
-42
-37
-31
-30
-29
-30
-22
-20
-28
-23
-17
-13
-13
-11
-12
-13
-11
-12
-13
-12
-9
-8
-4
-2
-5
-3
-5
-10
-12
-13
-20
-17
-16
-12
-3
-8
-10
-13
-10
-11
-19
-23
-25
-27
-28
-37
-38
-32
-33
-42
-41
-32
-29
-27
-25
-25
-34
-38
-38
-39
-35
-35
-43
-43
-39
-39
-37
-35
-31
-31
-25
-23
-24
-27
-24
-16
-18
-23
-22
-23
-19
-11
-10
-13
-10
-8
-1
3
7
14
21
26
22
28
33
34
32
29
34
39
38
45
47
44
47
55
55
52
52
53
46
43
44
40
47
47
50
53
51
51
57
52
56
55
50
55
52
56
61
51
52
56
59
61
59
62
61
58
62
58
52
54
50
50
49
49
46
46
46
44
45
41
42
40
38
36
41
42
44
50
51
60
61
54
49
42
38
37
44
45
46
53
53
56
58
64
64
61
60
57
59
61
60
63
63
58
59
58
54
50
52
51
51
46
44
43
37
34
32
31
30
31
33
35
27
26
21
18
14
12
11
12
15
8
9
6
-8
-6
-5
-15
-13
-14
-21
-20
-20
-21
-22
-22
-22
-24
-21
-25
-32
-39
-46
-51
-53
-56
-54
-51
-56
-59
-61
-58
-60
-64
-58
-61
-58
-60
-63
-61
-65
-65
-65
-63
-66
-61
-57
-51
-46
-52
-54
-55
-58
-59
-49
-54
-55
-44
-50
-41
-40
-44
-36
-38
-32
-33
-36
-27
-32
-40
-39
-41
-39
-34
-35
-35
-26
-26
-25
-20
-23
-26
-28
-34
-37
-48
-46
-43
-42
-39
-41
-44
-41
-39
-47
-47
-50
-52
-58
-52
-45
-50
-50
-49
-50
-47
-47
-50
-49
-54
-57
-57
-60
-57
-58
-61
-53
-51
-48
-52
-52
-47
-54
-55
-55
-50
-46
-43
-44
-40
-39
-34
-31
-29
-20
-16
-9
-14
-13
-14
-12
-12
-13
-9
-2
3
4
11
15
20
19
28
31
27
32
28
23
24
25
30
31
29
32
35
35
37
39
41
40
44
40
36
36
31
36
35
34
38
43
48
50
51
52
62
61
60
54
48
46
50
43
46
52
41
43
35
49
56
39
43
40
26
23
31
29
26
32
29
27
32
27
28
29
28
37
30
25
29
19
22
22
19
19
27
31
28
23
23
23
22
22
21
24
36
33
26
25
25
23
18
24
20
22
17
14
24
21
21
21
23
28
27
28
33
29
27
29
32
32
29
28
22
22
21
15
13
16
15
17
16
20
16
14
20
18
17
15
14
14
19
17
18
19
26
28
31
28
28
32
29
29
23
21
21
20
18
25
29
31
30
28
25
30
32
29
35
33
34
36
32
34
34
34
34
34
41
41
33
27
26
22
18
13
16
22
18
9
17
17
10
15
12
3
-6
-14
-22
-30
-34
-35
-38
-37
-41
-36
-32
-33
-30
-35
-39
-43
-46
-54
-53
-61
-61
-59
-59
-57
-52
-51
-50
-49
-52
-48
-48
-47
-50
-52
-49
-51
-55
-56
-55
-56
-51
-47
-49
-51
-55
-49
-44
-43
-39
-43
-45
-44
-40
-37
-34
-32
-32
-34
-34
-35
-35
-37
-45
-48
-45
-38
-34
-34
-30
-29
-27
-27
-28
-26
-27
-29
-32
-33
-35
-40
-34
-29
-32
-34
-35
-29
-28
-29
-32
-29
-28
-27
-25
-25
-22
-21
-20
-17
-13
-11
-21
-27
-26
-27
-26
-23
-21
-16
-19
-26
-25
-22
-15
-11
-12
-7
-5
-6
-1
-6
-8
-6
-9
-6
0
4
8
13
14
15
18
17
20
24
26
30
30
32
32
31
30
33
35
40
41
44
53
49
49
54
53
55
49
46
49
54
55
54
59
56
51
52
50
50
51
47
44
43
39
41
42
35
28
17
19
11
12
9
5
4
6
9
3
4
-3
-4
-5
-5
-8
-7
-8
-10
-10
-4
-9
-11
-3
-6
-1
-3
-1
-3
-6
-5
-8
-2
-6
-5
-5
-5
-4
-4
1
-2
-8
-4
-7
-8
-2
1
6
5
16
16
10
15
9
14
17
24
19
17
20
20
19
16
13
9
9
11
9
6
9
12
15
5
5
14
7
4
3
3
2
1
0
5
10
4
4
-2
1
4
4
5
5
6
7
7
10
11
17
20
24
34
32
32
35
39
37
37
38
40
40
41
37
34
33
31
36
37
38
37
38
38
41
41
41
31
28
30
26
27
24
21
24
20
24
26
26
25
20
23
23
15
13
15
10
10
7
8
6
0
2
1
-7
-9
-8
-8
-10
-16
-24
-28
-25
-27
-26
-24
-23
-23
-26
-25
-29
-35
-36
-36
-39
-39
-37
-36
-36
-31
-29
-20
-22
-20
-19
-22
-30
-29
-24
-26
-31
-29
-28
-38
-34
-36
-31
-31
-32
-26
-34
-30
-32
-39
-35
-37
-34
-24
-28
-23
-23
-35
-36
-39
-37
-38
-42
-44
-47
-51
-50
-50
-54
-50
-51
-49
-44
-43
-40
-42
-42
-42
-40
-37
-35
-29
-22
-16
-12
-15
-14
-18
-24
-21
-24
-25
-24
-23
-21
-15
-14
-9
-1
-2
-8
-4
-1
-2
-8
-5
-12
-17
-15
-14
-9
-8
1
-1
-3
-2
1
7
10
14
4
2
8
7
6
4
10
14
19
20
15
15
13
11
13
17
19
18
16
14
15
14
16
20
19
18
18
15
17
18
21
27
27
31
23
27
24
19
19
18
13
11
8
1
6
3
5
2
0
2
4
2
-1
4
5
5
3
0
-2
-2
-6
-12
-19
-19
-18
-13
-7
-6
-6
-6
-2
-8
-3
-3
-5
2
4
6
6
4
7
2
0
-4
-8
-10
-9
-3
4
14
8
6
4
4
2
-3
-3
-6
-2
-6
-6
-4
-5
-2
0
7
21
32
34
37
33
30
23
21
20
12
11
9
8
15
14
9
12
11
12
13
13
14
12
4
-6
-3
-13
-12
-11
-10
-8
-5
3
3
11
11
5
3
-4
-4
-4
2
2
-1
4
10
10
14
18
19
25
25
25
23
21
17
20
21
21
22
22
24
25
30
36
38
39
43
37
34
35
30
29
33
31
28
32
33
31
29
26
23
24
14
14
16
11
11
14
15
26
31
28
31
23
23
22
20
28
31
26
25
19
14
16
18
24
28
29
33
39
41
46
39
41
44
37
37
42
40
35
35
36
38
37
39
40
40
37
35
32
24
20
15
6
8
10
6
6
3
3
5
1
-5
-15
-22
-22
-24
-30
-36
-39
-35
-37
-39
-45
-47
-45
-53
-51
-52
-54
-62
-70
-71
-71
-66
-67
-70
-67
-59
-57
-55
-57
-58
-60
-69
-70
-70
-70
-65
-69
-72
-72
-74
-68
-60
-54
-52
-46
-38
-42
-41
-35
-35
-32
-33
-34
-31
-28
-28
-26
-20
-17
-14
-10
-2
-3
-7
-10
-10
-10
-15
-15
-12
-12
-10
-10
-9
-7
-10
-13
-9
-4
-1
-4
0
-1
-6
-2
-2
-4
-3
-9
-4
-6
-7
-1
0
0
3
16
14
23
20
15
19
20
16
19
16
15
13
12
13
5
6
2
1
-2
1
3
0
1
-2
-4
-3
-5
-5
-2
-1
4
3
-3
-4
-3
-4
-7
-4
-2
-8
-14
-15
-21
-18
-21
-19
-17
-15
-13
-6
-5
-2
2
2
2
-1
0
-2
1
2
4
7
10
14
14
14
8
4
2
-3
-4
-11
-14
-13
-14
-14
-9
-15
-19
-22
-32
-34
-39
-40
-45
-47
-49
-51
-51
-53
-54
-54
-51
-54
-53
-49
-45
-42
-46
-47
-48
-45
-36
-32
-30
-20
-14
-7
4
-1
9
11
15
21
21
27
31
36
35
37
44
48
52
54
57
60
62
57
63
67
68
77
79
86
91
95
93
89
91
90
89
90
95
99
96
95
95
93
95
95
95
96
91
89
83
76
69
63
61
57
47
41
44
42
40
43
42
40
33
31
25
15
9
2
0
-5
-15
-8
-5
-9
-7
-10
-1
2
4
4
2
2
5
4
-2
-2
-3
-1
0
1
4
-1
3
-1
-3
-2
-7
-10
-14
-12
-18
-19
-19
-19
-22
-21
-23
-26
-26
-30
-27
-31
-33
-34
-35
-42
-48
-50
-50
-47
-41
-41
-38
-42
-41
-37
-40
-34
-42
-41
-45
-44
-42
-50
-51
-51
-51
-50
-51
-49
-45
-43
-47
-45
-41
-37
-37
-39
-32
-30
-29
-30
-28
-27
-33
-28
-28
-28
-26
-19
-24
-23
-20
-17
-8
-9
1
4
-2
-3
-5
-8
-5
-6
-4
0
1
5
8
9
12
13
14
17
14
14
11
10
5
4
-1
-3
3
0
0
1
2
1
0
-1
5
11
7
10
15
11
12
6
10
9
3
-1
-2
-7
-16
-9
-12
-15
-14
-16
-13
-16
-14
-13
-21
-23
-21
-25
-26
-29
-35
-37
-44
-44
-45
-45
-48
-47
-46
-47
-45
-45
-48
-46
-54
-52
-48
-50
-44
-42
-37
-35
-34
-26
-30
-28
-23
-30
-28
-32
-38
-35
-31
-29
-25
-17
-14
-11
-7
-5
1
0
-2
4
1
4
8
6
3
3
3
2
0
3
2
3
-1
-7
-5
-9
-2
-7
-6
-2
-1
10
9
10
11
6
2
8
5
2
10
11
10
14
15
14
15
17
17
19
16
13
17
16
19
21
18
23
30
30
34
39
41
41
45
44
46
48
43
44
48
50
55
54
51
52
54
55
61
62
64
67
74
74
73
65
66
73
72
76
83
82
83
83
83
88
86
86
88
87
85
93
85
82
87
80
80
80
79
77
85
79
78
83
76
79
78
74
71
70
67
62
61
53
47
36
26
26
23
21
15
17
16
22
18
13
14
8
5
3
-4
-7
-11
-11
-12
-13
-10
-11
-9
-15
-14
-15
-21
-18
-18
-15
-16
-17
-12
-19
-11
-10
-11
-11
-13
-14
-18
-14
-16
-19
-15
-14
-15
-18
-19
-24
-22
-20
-24
-25
-22
-18
-17
-18
-23
-27
-25
-28
-23
-27
-35
-35
-36
-39
-39
-37
-39
-40
-46
-51
-48
-50
-49
-46
-53
-50
-52
-57
-57
-57
-62
-65
-61
-64
-63
-65
-63
-66
-60
-59
-60
-61
-64
-62
-67
-63
-65
-59
-62
-59
-52
-46
-43
-43
-41
-39
-37
-38
-36
-40
-40
-40
-43
-42
-43
-38
-35
-31
-29
-24
-17
-11
-9
-10
-6
-6
-7
-4
0
7
5
5
8
4
13
14
20
20
18
15
12
10
7
3
-5
-3
0
-3
-11
-13
-13
-15
-8
-11
-18
-21
-27
-29
-33
-40
-44
-42
-47
-47
-44
-46
-42
-45
-50
-50
-51
-62
-58
-57
-61
-59
-64
-62
-55
-53
-58
-48
-45
-46
-39
-35
-34
-38
-38
-33
-28
-31
-30
-19
-10
-12
-6
-2
2
5
4
6
3
4
8
11
16
22
18
21
21
24
27
29
28
34
33
30
34
33
36
30
32
36
39
42
44
47
43
49
48
45
40
34
28
25
27
32
34
33
36
35
36
36
32
31
30
27
24
20
18
22
23
17
23
31
29
26
29
22
15
12
12
17
16
17
24
30
33
42
40
38
45
50
56
60
59
59
64
68
69
70
73
75
80
86
88
88
90
91
85
82
82
79
79
77
70
72
73
69
71
72
76
68
66
60
54
52
48
40
32
30
28
30
33
25
15
18
9
7
1
-4
-5
-6
-3
-6
-5
-3
-4
-1
0
-5
-13
-22
-20
-26
-29
-30
-30
-34
-27
-23
-16
-15
-24
-22
-24
-23
-23
-27
-27
-31
-30
-30
-31
-31
-33
-30
-28
-27
-32
-35
-32
-37
-40
-47
-50
-45
-44
-36
-39
-36
-35
-33
-32
-39
-32
-37
-36
-35
-37
-40
-39
-40
-42
-43
-44
-41
-44
-43
-40
-43
-50
-54
-61
-67
-72
-72
-75
-79
-80
-83
-71
-66
-70
-67
-68
-61
-62
-64
-62
-60
-62
-58
-53
-48
-41
-35
-39
-42
-38
-39
-31
-23
-27
-22
-24
-20
-15
-20
-15
-10
-9
-9
-1
4
6
8
6
5
0
5
2
0
2
1
5
10
6
9
14
13
13
15
17
13
14
13
10
17
25
18
14
21
22
22
25
23
23
26
25
25
25
19
13
9
17
19
15
17
14
13
11
6
6
7
2
-3
-4
-10
-8
-6
-8
-8
-5
-13
-11
-17
-23
-19
-28
-27
-24
-25
-28
-25
-25
-22
-24
-25
-18
-16
-12
-17
-16
-20
-22
-18
-17
-15
-12
-9
-15
-13
-19
-14
-11
-9
-5
-4
9
14
6
4
10
8
12
17
17
18
16
13
11
9
9
8
12
13
18
19
13
22
21
19
25
23
24
20
13
18
23
30
27
29
30
28
31
32
33
35
34
35
32
28
30
26
28
28
26
24
23
21
18
19
16
13
20
21
28
35
33
35
42
39
36
37
35
34
34
37
38
40
48
54
53
56
59
60
56
61
61
61
63
64
61
60
58
61
59
59
67
65
66
66
63
57
53
51
52
47
44
37
38
39
36
37
31
34
34
36
31
30
30
26
22
13
8
0
-5
-5
-11
-11
-9
-4
-3
-3
-4
-8
-13
-4
0
-4
-4
-10
-13
-22
-28
-29
-30
-28
-19
-17
-14
-18
-20
-12
-11
-3
-13
-17
-13
-16
-17
-24
-24
-24
-21
-22
-19
-22
-28
-35
-41
-37
-42
-39
-40
-40
-42
-43
-42
-49
-37
-41
-40
-35
-39
-39
-39
-39
-38
-32
-32
-30
-26
-26
-27
-20
-21
-20
-22
-22
-19
-21
-19
-19
-21
-22
-19
-19
-19
-22
-22
-30
-25
-29
-26
-24
-24
-26
-25
-22
-23
-23
-28
-31
-32
-25
-29
-25
-24
-28
-28
-29
-30
-22
-17
-18
-16
-17
-22
-25
-29
-34
-37
-39
-35
-31
-30
-27
-23
-22
-20
-23
-28
-27
-27
-25
-27
-27
-26
-26
-30
-34
-24
-19
-15
-8
0
5
5
5
9
5
-2
-4
-5
-5
-2
0
-2
5
9
6
13
16
17
17
23
25
35
42
39
40
42
43
37
40
38
34
28
25
20
21
20
16
12
7
12
14
15
13
4
-2
-9
-15
-17
-20
-30
-34
-35
-36
-36
-42
-46
-49
-48
-41
-37
-37
-39
-45
-52
-51
-49
-47
-48
-46
-40
-35
-38
-41
-33
-37
-41
-35
-31
-28
-23
-20
-22
-28
-28
-20
-16
-15
-18
-12
-7
-6
-8
-11
-15
-8
-10
-5
0
-3
0
3
7
9
9
5
10
7
8
13
12
13
16
24
30
30
34
42
40
36
36
38
34
35
34
34
41
47
48
48
54
58
57
60
65
72
72
67
67
66
79
84
83
88
87
88
91
97
90
91
90
90
94
91
92
91
91
89
90
87
83
79
74
73
70
63
58
59
59
55
56
62
54
58
58
58
63
61
62
55
49
42
37
29
20
18
11
1
3
1
-1
-5
-6
-7
-12
-11
-15
-13
-14
-23
-22
-24
-25
-21
-18
-18
-20
-25
-24
-24
-31
-26
-30
-33
-34
-30
-35
-42
-38
-44
-47
-47
-51
-56
-55
-58
-66
-74
-74
-76
-76
-81
-83
-83
-86
-81
-81
-87
-78
-80
-83
-85
-91
-95
-96
-94
-94
-91
-87
-82
-80
-76
-73
-70
-61
-59
-48
-47
-48
-44
-43
-38
-34
-25
-21
-15
-16
-4
2
-6
0
-1
1
5
10
13
13
13
12
11
6
9
12
9
7
3
7
7
8
16
20
30
32
28
34
38
35
32
29
21
25
16
16
18
12
18
25
27
23
20
18
15
9
12
10
10
9
6
3
-6
-4
-3
-6
2
4
1
-8
-13
-19
-25
-21
-26
-24
-24
-19
-17
-20
-17
-18
-18
-25
-23
-21
-24
-25
-30
-31
-32
-29
-23
-15
-10
-7
2
4
4
1
2
2
-1
-2
-3
-9
-14
-14
-13
-9
-12
-13
-21
-24
-17
-23
-27
-31
-35
-35
-36
-43
-37
-42
-41
-39
-41
-38
-46
-46
-51
-47
-45
-46
-38
-36
-33
-36
-28
-24
-23
-19
-21
-16
-9
-8
-6
-11
-13
-7
-12
-5
1
3
3
4
16
21
20
26
25
25
25
20
21
21
22
27
31
32
39
36
30
38
41
42
47
42
40
41
41
38
41
46
49
57
60
54
54
55
51
49
49
48
51
51
52
57
60
66
68
72
74
72
71
72
73
72
66
63
61
53
53
56
59
62
62
61
57
50
42
33
29
26
20
16
14
16
10
10
6
2
1
-1
3
-3
-2
-1
-5
-3
-7
-7
-5
-6
2
6
6
17
21
21
21
24
21
21
18
9
11
12
14
7
7
8
4
6
2
3
4
7
12
11
16
10
3
5
7
7
-2
-4
-7
-14
-5
-7
-14
-10
-11
-11
-13
-11
-12
-8
-12
-16
-15
-16
-19
-17
-13
-13
-14
-16
-17
-14
-16
-17
-8
-10
-16
-21
-22
-24
-21
-24
-24
-23
-30
-29
-25
-25
-24
-26
-27
-31
-22
-22
-23
-23
-26
-24
-25
-24
-24
-19
-15
-23
-19
-19
-21
-22
-21
-15
-16
-8
-8
-12
-10
-11
-12
-15
-16
-20
-24
-25
-24
-18
-19
-20
-22
-24
-22
-16
-12
-9
-2
4
-1
-3
-3
-11
-7
-12
-9
-8
-11
-12
-12
-5
-11
-11
-11
-8
-7
-6
-5
-4
-3
-1
1
-4
-4
1
8
6
5
1
-1
1
2
-2
-5
-9
-17
-19
-20
-17
-16
-20
-21
-24
-24
-27
-27
-29
-28
-28
-25
-26
-32
-33
-31
-34
-31
-30
-29
-25
-28
-29
-31
-36
-38
-31
-31
-33
-38
-38
-34
-32
-34
-35
-27
-26
-26
-22
-31
-23
-26
-16
-24
-38
-17
-2
22
4
-9
-30
-34
-16
2
16
1
-21
-38
-21
-5
7
2
-10
-13
-11
-2
-3
-11
-26
-33
-29
-8
1
-4
-9
-11
-2
13
34
35
28
23
34
78
118
153
130
79
-5
-101
-206
-208
-79
107
367
523
381
-10
-263
-343
-212
124
425
391
54
-336
-486
-365
-84
113
12
16
254
583
659
680
556
178
-443
-569
53
507
446
-60
-378
-488
-389
24
520
701
321
-360
-660
-432
-169
-214
-450
-348
-50
146
236
206
2
-335
-514
-176
429
452
182
-39
-14
57
128
237
307
218
160
164
437
694
190
-193
-303
-152
80
154
100
-38
-347
-496
-319
41
208
-63
-157
-195
-192
-158
-194
-313
-387
-434
-431
-57
247
317
308
48
-130
-152
-124
127
231
166
-33
-74
322
495
440
256
-136
-265
-65
228
285
179
-273
-322
-59
29
45
34
20
-219
-255
16
229
-94
-232
-68
93
229
27
21
168
39
-205
-29
273
65
-107
82
209
140
67
-162
-67
113
4
-8
136
64
-109
-113
-37
49
29
35
38
34
52
-13
-59
-55
-47
63
146
64
-23
-59
-50
45
-33
-35
39
-65
-17
82
99
62
51
45
-131
-60
18
104
78
18
-65
3
137
-328
-183
-75
-16
265
89
31
-17
-77
-172
-51
34
-40
-100
-194
88
105
-165
-308
-317
-207
-27
-3
-181
-324
-393
-234
-78
-26
-107
-386
-259
-96
65
180
-122
-221
-155
-85
75
68
55
-36
-14
147
173
70
48
128
215
282
288
273
242
283
400
438
331
244
230
298
431
399
226
200
187
201
129
73
56
-73
16
-29
-69
-102
-264
-281
-360
-341
-305
-272
-252
-163
-208
-299
-228
-309
-390
-463
-397
-268
-77
-218
-495
-419
-364
-280
-451
-455
-241
-224
-286
-359
-410
-567
-720
-729
-625
-522
-487
-326
-87
-12
-118
-166
-90
-152
-168
97
415
490
442
489
789
920
647
572
951
1143
938
754
873
1027
852
561
617
830
644
284
146
242
189
-91
-260
-236
-242
-356
-264
-6
56
-213
-434
-224
65
45
-33
138
336
222
89
196
372
345
250
282
353
312
142
143
279
216
-26
-67
-20
-20
-59
-293
-509
-712
-949
-1023
-785
-722
-901
-1145
-1256
-1254
-1384
-1266
-896
-492
-431
-579
-492
-243
-250
-388
-92
492
822
664
560
909
1300
1355
1289
1467
1538
1168
885
989
1250
1112
588
415
684
733
288
-56
-178
-265
-561
-778
-693
-555
-573
-714
-639
-503
-547
-572
-387
-130
-101
-109
28
203
287
235
370
589
632
542
632
916
989
778
606
650
655
560
435
383
267
-109
-370
-304
-335
-628
-857
-957
-1090
-1284
-1525
-1635
-1632
-1772
-1858
-1503
-1081
-1106
-1347
-1340
-845
-208
-319
-699
-442
187
604
611
805
1347
1566
1311
1360
1923
2120
1575
1087
1427
1923
1639
948
813
1071
951
300
-118
-99
-343
-775
-828
-620
-664
-1112
-1413
-1176
-1002
-1149
-1168
-846
-621
-685
-651
-251
94
50
4
318
692
749
721
1017
1381
1258
948
960
1156
1191
895
765
861
661
231
-34
-43
-231
-710
-1133
-1168
-1216
-1635
-1865
-1878
-1943
-1758
-1586
-1586
-1681
-1896
-1609
-703
-462
-1084
-1090
-297
339
340
370
1085
1661
1390
1198
1793
2378
2049
1344
1618
2365
2112
1039
897
1598
1651
605
-125
49
75
-487
-896
-695
-688
-1230
-1717
-1380
-956
-1319
-1744
-1456
-1085
-1194
-1245
-655
-71
-151
-524
-209
486
628
435
624
1093
1185
859
819
1171
1235
829
656
852
755
337
72
87
-105
-674
-1148
-1143
-1154
-1592
-2015
-2092
-1658
-1292
-1498
-1855
-2047
-1672
-1005
-826
-1198
-1219
-721
-86
106
282
948
1455
1236
1035
1744
2576
2386
1575
1685
2513
2557
1525
1104
1840
2256
1229
143
259
681
257
-459
-539
-339
-736
-1297
-1106
-640
-829
-1395
-1366
-946
-938
-1274
-1011
-343
-189
-486
-380
153
549
360
344
797
925
705
797
1177
1345
1044
780
914
865
431
151
251
145
-371
-796
-759
-754
-1271
-1803
-1965
-1599
-1189
-1337
-1761
-2070
-1861
-1117
-870
-1435
-1628
-1103
-264
-62
-62
528
1206
1053
655
1288
2343
2417
1476
1372
2339
2639
1620
1042
1849
2451
1409
149
265
951
601
-302
-457
-143
-445
-1125
-934
-331
-584
-1432
-1502
-859
-676
-1146
-1038
-320
-32
-490
-565
70
548
380
294
753
1081
903
847
1276
1574
1262
965
1107
1182
913
620
673
638
29
-563
-502
-373
-745
-1346
-1699
-1830
-1685
-1306
-1162
-1560
-2342
-2257
-1084
-655
-1550
-2092
-1258
-198
-234
-607
179
1137
857
85
831
2210
2136
800
720
2242
2576
1054
258
1486
2390
1028
-639
-155
1009
499
-1017
-1020
-153
-355
-1396
-1419
-519
-554
-1605
-1627
-729
-509
-1187
-1148
-131
260
-472
-768
198
879
367
19
717
1430
1131
732
1257
1779
1416
886
1072
1456
1103
496
592
886
292
-560
-589
-232
-536
-1373
-1718
-1488
-1004
-951
-1334
-1799
-2211
-1850
-874
-877
-1713
-1863
-893
-9
-300
-543
301
1017
438
-78
1127
2437
1800
320
865
2513
2126
252
269
2024
2321
152
-1104
188
1274
-89
-1592
-978
28
-654
-1754
-1196
-143
-824
-2051
-1702
-566
-637
-1563
-1086
136
102
-923
-774
582
1066
124
-158
798
1362
800
677
1459
1801
1114
665
1196
1490
815
230
557
784
18
-706
-438
-112
-798
-1815
-1944
-1036
-538
-1228
-2091
-2192
-1576
-801
-1060
-1810
-1786
-871
-154
-305
-431
355
940
461
43
1189
2471
1912
577
986
2593
2462
630
259
1987
2599
656
-838
327
1591
464
-1317
-964
156
-344
-1526
-1014
140
-384
-1890
-1734
-388
-237
-1382
-1281
127
409
-598
-735
554
1209
240
-341
599
1386
980
617
1289
1727
1071
510
1006
1507
886
165
419
750
148
-645
-461
-89
-704
-1768
-1829
-634
-238
-1295
-2197
-1891
-1021
-916
-1659
-1834
-1022
-450
-755
-713
341
1129
634
-313
333
2070
2154
828
517
2033
2701
1289
155
1258
2454
1360
-488
-144
1246
931
-770
-975
220
36
-1318
-1502
-229
47
-1291
-1815
-661
-112
-1016
-1482
-311
474
-248
-874
51
1032
586
-60
424
1037
724
334
984
1705
1157
419
804
1472
1030
191
186
739
376
-623
-661
-143
-466
-1408
-1398
-325
-154
-1441
-2254
-1582
-422
-619
-1770
-1900
-876
-234
-522
-626
290
1026
500
-241
446
2044
2299
1072
473
1512
2359
1475
390
1053
2091
1302
-515
-628
785
925
-735
-1571
-667
-193
-1163
-1747
-906
-152
-1122
-2252
-1499
-348
-608
-1389
-1057
-50
-93
-664
-148
840
819
32
106
971
1110
584
673
1448
1493
644
426
1094
1252
501
-32
203
242
-401
-851
-478
-629
-1214
-1005
-516
-792
-1848
-2107
-668
-29
-1516
-2488
-1356
77
-231
-1078
-112
1448
948
-512
310
2556
2589
662
216
2238
3162
1356
329
1836
2865
1241
-874
-146
1633
949
-1194
-1371
-17
-80
-1537
-1894
-866
-623
-1868
-2374
-1292
-726
-1348
-1630
-906
-494
-1093
-1250
-82
682
62
-441
344
1168
847
328
732
1377
1076
436
808
1545
1219
312
97
434
338
-517
-876
-448
-535
-822
-711
-550
-1125
-1930
-1704
-842
-1066
-1820
-1383
-253
-166
-1236
-1096
620
1577
430
-383
1153
2566
1773
735
1626
3105
2423
427
677
2664
2876
798
-286
673
1030
-461
-1632
-757
163
-981
-2197
-1565
-731
-1218
-2358
-2224
-1406
-1462
-1873
-1089
15
-388
-1448
-1071
352
862
318
456
1583
1704
703
554
1619
2120
1281
480
1090
1798
1160
42
-103
-100
-803
-1576
-1398
-961
-1068
-1069
-655
-585
-1879
-2939
-2309
-699
-311
-706
-21
733
-279
-1686
-785
1874
3086
1617
1142
2845
3506
1697
540
2125
3620
2259
335
1545
3408
1911
-1683
-2465
-399
418
-1380
-2237
-843
-807
-3251
-4621
-2724
-495
-1022
-2732
-2242
-680
-759
-1655
-943
605
739
-17
696
2745
3149
1583
949
2115
3043
2682
2336
2727
2474
1043
240
1152
1798
453
-1359
-1740
-1320
-1715
-2748
-3109
-2895
-3804
-4509
-3007
-461
-110
-2421
-4315
-3402
-661
933
1551
2174
1928
-44
-1139
1339
5477
6785
4151
1966
3050
4502
3581
2185
2477
3274
2152
495
1014
1959
-199
-4193
-5196
-2369
-246
-1732
-4269
-4967
-4808
-5371
-5049
-2541
-328
-1158
-3216
-2878
-516
801
365
334
1817
3009
2753
2733
3715
3832
2809
2564
3935
4971
3825
1588
836
1277
1205
694
336
-355
-1990
-3882
-4307
-3306
-3102
-4320
-5378
-5435
-5509
-5046
-2818
-578
-700
-3056
-4341
-1850
2125
3562
2643
2445
2419
1513
1716
4929
8408
7655
3113
1539
4891
6593
3791
840
1578
3202
1924
-665
-599
-28
-2859
-6159
-5071
-1323
-1230
-5364
-7913
-5756
-3429
-3745
-3990
-2106
-647
-1626
-2490
-493
2404
2321
1055
1793
4169
4846
3631
3222
4233
4629
3774
3480
3894
3344
1216
38
647
1139
-45
-1953
-2904
-3307
-3976
-5043
-5052
-4953
-5445
-6325
-6503
-5840
-4694
-2375
-1024
-1116
-2784
-3214
-718
3075
4797
4029
3323
2588
2114
3046
6443
8746
7334
3461
2440
5102
5364
2501
291
1515
2983
1355
-1562
-2153
-2016
-3944
-5814
-4567
-1800
-2658
-6417
-7984
-5256
-2607
-2803
-3368
-1866
-25
-230
-728
573
2904
3297
2645
3262
4876
5101
3798
3491
4846
5461
4137
2707
2233
2126
1137
261
328
16
-1559
-3468
-4137
-3941
-4557
-5614
-5936
-5642
-5799
-6547
-6820
-5103
-1767
-569
-1550
-3143
-3221
-480
3240
5054
4535
3973
2947
2330
3559
6496
8730
7784
4084
2780
5074
5393
3021
692
1230
2845
1607
-1489
-2846
-2660
-3636
-5078
-4547
-2679
-3463
-6690
-8055
-5371
-2371
-2335
-3391
-2575
-611
-191
-189
1126
3289
3783
2984
3217
4853
5358
4153
3768
5112
6079
4636
2378
1475
1740
1217
496
531
215
-1661
-4153
-5332
-4602
-4364
-5295
-5955
-6439
-6326
-7169
-7139
-4286
-661
-752
-3043
-4446
-2560
1731
4234
3724
3321
3979
3417
3662
5335
7677
8246
5508
3368
5434
7149
4679
1210
601
2918
3101
43
-2370
-2371
-2592
-4397
-5348
-3869
-3028
-5562
-8115
-7319
-3936
-2234
-3242
-3829
-2457
-1278
-726
309
2296
3891
3671
3204
3808
4709
4649
4450
5170
6324
6019
4182
2386
1998
1973
1256
776
710
315
-1528
-3958
-5346
-5071
-4765
-5109
-6102
-6547
-6944
-7501
-7025
-4062
-1021
-1341
-4058
-5662
-2517
2244
4596
3525
2545
2601
2555
3434
6092
9055
8517
4813
2729
5436
7313
4778
1382
1420
3806
3093
-599
-2861
-2244
-2449
-4557
-5394
-3654
-3057
-5950
-8867
-7521
-3743
-2408
-3684
-3986
-2397
-1423
-1583
-702
2083
4139
3837
2873
3439
4488
4557
4642
5846
6935
6035
3729
2353
2839
3006
1959
1265
1318
614
-1593
-3757
-4301
-3651
-4266
-5225
-6094
-6044
-6704
-7908
-6255
-2587
-968
-3310
-6094
-5469
-949
2778
2854
1847
2129
1909
1690
3752
7263
9239
6722
2894
3811
6948
6546
3309
1678
3439
4422
1507
-1638
-1822
-1302
-2878
-5027
-4522
-2821
-4169
-7495
-8286
-5722
-3358
-3884
-5031
-4037
-2473
-1975
-1939
-416
2026
2923
2226
2386
3890
4851
4548
4420
5706
6661
5645
3679
3087
3734
3786
2756
1920
1623
580
-1423
-2862
-2645
-2242
-3208
-5115
-6182
-6236
-6590
-7135
-5560
-2542
-1767
-4051
-6663
-5630
-1343
2109
1995
996
1250
1323
1441
3232
6832
8963
6794
3167
3698
6671
6727
4021
2639
4386
4738
1291
-1881
-1260
293
-1273
-4389
-4844
-3174
-4031
-7174
-7877
-5181
-3145
-4258
-5959
-5146
-3166
-2895
-2973
-993
1753
2495
1275
781
2171
3964
4661
5042
5693
5733
4595
3599
4034
4779
4378
3379
2851
2343
1225
-511
-1487
-1253
-1011
-2082
-3888
-5103
-5691
-6203
-6441
-4599
-2318
-2301
-4783
-7004
-5653
-1584
1094
716
-245
-355
-140
619
2838
6167
7777
5816
3037
3723
6074
6168
4520
4206
5630
4981
1350
-1312
-55
2088
1136
-1902
-3444
-3074
-3800
-5467
-5436
-3469
-2730
-4542
-6214
-5356
-3460
-3124
-3308
-2285
-321
382
-326
-660
510
2194
3073
3676
4207
4294
3500
2941
3611
4526
4284
3444
3038
2798
2113
847
-166
121
221
-774
-2577
-3657
-4273
-4652
-3651
-2632
-2484
-4424
-6552
-6270
-3052
-453
-815
-2027
-2497
-1924
-943
790
3170
5051
4305
2561
3013
4566
4973
4094
4349
6091
6124
2872
116
881
3082
3188
899
-839
-1293
-2311
-3755
-3428
-1560
-1139
-3440
-5706
-5206
-3387
-2900
-3568
-3413
-2204
-1755
-2183
-1917
-571
514
544
552
1606
2631
2227
1758
2359
3523
3529
2224
1840
2660
3079
2158
775
220
515
196
-936
-497
285
-453
-3037
-4618
-3729
-1612
-575
-2194
-3060
-2923
-2970
-2795
-1544
478
1963
1080
-641
461
2247
2915
2590
2991
4750
4886
2347
539
1918
3932
4216
2163
835
958
168
-1190
-1217
240
679
-1276
-3561
-3239
-2061
-1887
-2522
-2449
-1505
-1995
-3634
-3921
-2066
-184
407
-473
-984
-807
-721
-102
1243
2235
1739
747
121
912
1563
1471
1368
1076
551
-424
-798
-1247
-102
1056
779
-654
-2869
-3531
-2736
-125
348
-440
-1830
-2898
-2867
-1560
533
1990
2000
-255
-270
1106
2298
2488
2479
3747
4595
2984
507
784
2698
4172
2981
1114
631
153
-939
-1191
365
1420
115
-2835
-3556
-1992
-823
-1088
-1969
-1828
-1620
-2118
-2753
-1942
-487
-44
-976
-1639
-401
609
346
-297
112
875
1087
556
382
1223
1485
690
-348
-65
484
531
-645
-910
-984
-720
-156
-493
-609
-1886
-2410
-2413
-753
-125
-579
-1462
-2090
-1796
-1150
332
1141
1676
508
192
934
1866
2355
2340
3033
3570
3039
1335
1183
2266
3450
3292
1748
534
-116
-281
85
1024
1300
328
-1818
-2713
-1778
-355
184
-927
-2112
-2581
-2206
-1505
-897
-773
-917
-1499
-1723
-962
25
487
57
-341
-474
-179
163
811
1421
1558
775
-476
-585
339
1233
1052
430
-227
-540
-962
-1043
213
920
513
-1461
-2631
-2393
-858
85
-182
-587
-1238
-1805
-2201
-988
711
1992
1141
-156
-276
431
1129
1626
2489
3039
2513
567
-151
1147
2884
2989
1644
381
228
257
397
1066
1448
882
-714
-1412
-645
277
-52
-1011
-1593
-1309
-952
-1301
-1360
-951
-789
-1146
-1505
-1172
-429
-461
-956
-995
-391
229
127
-54
276
655
587
229
178
610
961
765
707
765
859
467
55
120
330
-58
-466
-374
-192
-214
-1033
-1348
-1051
-353
-495
-1046
-1234
-974
-628
-719
-491
40
455
-3
-266
74
722
891
571
699
1139
1328
901
559
790
1425
1534
1320
1096
923
706
488
725
985
695
-231
-823
-614
-112
28
-376
-852
-1174
-1254
-1223
-876
-498
-540
-1073
-1461
-1231
-638
-133
-29
-12
-120
-185
-155
76
443
624
657
537
623
832
876
715
592
645
584
513
454
325
171
10
-65
-68
-195
-472
-623
-394
-89
-110
-672
-992
-776
-542
-440
-610
-709
-699
-711
-709
-589
-383
-300
-327
-312
-82
55
131
286
501
676
609
477
411
381
367
444
546
608
409
66
-38
-9
-53
-128
-69
-40
-61
-419
-747
-708
-371
-173
-158
-67
-253
-581
-835
-657
-144
187
29
-161
-199
-130
22
113
336
424
14
-299
-56
523
802
350
-64
143
503
617
622
631
831
852
433
225
254
499
702
655
477
197
-92
-213
-83
7
58
-42
-219
-387
-529
-389
-72
37
-212
-521
-680
-612
-506
-363
-297
-371
-573
-791
-692
-283
-23
-133
-317
-435
-333
-222
-134
-77
-58
-66
17
82
43
28
53
159
141
50
-70
-77
-20
-3
-42
-81
-122
-270
-324
-398
-427
-370
-314
-228
-251
-399
-460
-313
-26
280
435
477
577
600
588
673
863
1099
1220
1226
1160
1045
892
839
1031
1236
1076
611
354
455
715
713
418
153
-34
-253
-474
-515
-494
-545
-880
-1152
-1106
-939
-833
-771
-766
-835
-965
-1108
-804
-241
173
98
-374
-586
-226
292
660
660
382
300
454
506
532
506
503
469
178
-122
-190
-121
-82
-251
-605
-835
-960
-904
-714
-707
-773
-929
-1025
-799
-499
-213
21
25
-47
43
324
688
883
861
846
980
991
890
932
1191
1403
1160
796
708
864
847
675
544
564
399
-224
-738
-700
-357
-393
-780
-1054
-988
-925
-999
-1058
-934
-794
-795
-783
-620
-377
-314
-347
-240
70
359
384
306
431
735
969
934
772
757
843
803
642
605
702
578
209
-96
-134
-77
-205
-345
-353
-444
-701
-874
-727
-311
-217
-424
-549
-480
-221
-121
32
351
398
124
-20
267
668
654
297
393
720
732
430
244
564
872
615
196
122
121
-153
-559
-458
-74
-192
-839
-1267
-1089
-772
-788
-999
-1040
-997
-1150
-1251
-982
-577
-429
-608
-782
-613
-316
-109
52
142
265
325
319
408
546
589
609
620
672
690
451
281
319
428
430
202
0
53
161
75
-60
-101
-79
-80
-78
91
292
289
88
-64
76
304
434
438
442
440
293
181
320
620
766
627
373
308
373
403
374
364
307
43
-267
-380
-245
-184
-317
-535
-649
-627
-730
-844
-814
-729
-716
-750
-732
-621
-532
-537
-485
-389
-270
-204
-186
-26
121
51
-96
-61
179
393
276
41
-19
-19
-23
-91
-39
30
-89
-294
-323
-157
-93
-278
-418
-209
21
-41
-228
-207
46
204
150
132
271
410
362
317
467
656
600
455
541
746
849
633
468
520
610
585
489
490
405
127
-152
-123
63
128
-40
-253
-339
-385
-450
-408
-236
-150
-216
-349
-316
-100
65
96
110
240
370
321
193
299
552
622
429
256
304
418
350
148
94
151
44
-222
-365
-335
-280
-458
-673
-639
-557
-646
-788
-712
-564
-564
-746
-750
-480
-253
-277
-377
-220
11
60
-39
65
353
496
359
224
414
601
593
481
497
644
570
258
67
149
193
72
-151
-251
-169
-232
-412
-452
-368
-313
-390
-501
-504
-384
-270
-155
10
159
210
141
133
323
561
733
875
884
770
602
581
815
1026
951
674
425
324
311
285
279
276
87
-242
-421
-375
-250
-294
-428
-492
-576
-677
-705
-581
-350
-202
-319
-442
-408
-224
-2
91
150
219
273
244
288
382
517
581
485
377
317
274
158
77
72
85
-125
-467
-619
-452
-309
-477
-768
-925
-859
-848
-933
-927
-759
-621
-691
-714
-537
-320
-280
-268
-72
207
338
229
208
307
481
595
594
525
470
464
415
373
287
229
174
125
50
-102
-140
-120
-181
-337
-460
-509
-466
-394
-362
-336
-370
-374
-303
-213
-45
108
157
142
124
266
494
660
700
676
638
606
658
705
743
691
512
340
271
235
135
25
-47
-5
-117
-380
-555
-520
-412
-459
-644
-769
-664
-580
-554
-493
-361
-311
-375
-372
-166
82
98
49
49
153
199
182
252
368
401
248
62
60
194
217
108
-1
-90
-195
-288
-316
-241
-176
-295
-511
-639
-613
-442
-332
-285
-255
-308
-400
-396
-181
96
179
127
114
196
249
277
368
535
627
502
359
336
387
385
318
329
338
166
-95
-167
7
121
0
-263
-390
-382
-354
-391
-380
-259
-221
-294
-316
-201
-85
-38
-37
123
352
391
283
209
296
497
613
607
533
490
469
457
483
557
553
431
275
190
231
241
150
29
-10
-75
-159
-271
-287
-195
-136
-187
-283
-304
-296
-241
-106
34
60
-44
-104
-4
123
157
93
76
158
178
85
-6
-12
31
42
-58
-160
-228
-301
-313
-301
-315
-408
-542
-623
-585
-517
-479
-518
-600
-588
-480
-310
-195
-193
-176
-125
-18
110
188
242
287
327
380
458
483
478
506
594
679
651
526
477
550
590
522
404
352
358
338
257
184
111
84
49
17
23
45
57
-18
-66
-17
122
148
87
54
153
276
247
117
28
127
230
272
221
112
-21
-124
-120
-58
-15
-114
-244
-349
-408
-428
-434
-414
-413
-471
-578
-643
-663
-622
-555
-491
-399
-384
-416
-413
-328
-197
-77
-7
0
1
-2
71
183
259
273
251
260
261
246
270
355
400
286
105
60
145
211
162
66
-25
-90
-149
-135
-47
-21
-131
-251
-238
-171
-100
-88
-55
-51
-79
-90
-67
-8
-29
-56
-36
14
3
-40
-80
-114
-83
-55
-43
-81
-201
-273
-211
-119
-124
-222
-287
-248
-190
-229
-252
-214
-151
-159
-160
-70
24
46
11
73
190
289
270
208
230
319
398
433
444
430
402
350
357
394
407
404
382
303
187
96
64
117
154
101
-7
-127
-223
-232
-193
-142
-129
-213
-348
-415
-304
-178
-193
-288
-320
-251
-180
-230
-310
-271
-204
-217
-296
-293
-203
-168
-242
-288
-215
-198
-278
-343
-262
-118
-113
-225
-295
-246
-174
-128
-116
-86
-89
-137
-136
-43
68
123
171
179
178
156
203
328
407
402
372
383
418
445
460
506
531
494
425
440
501
504
436
372
379
381
333
268
260
271
235
161
102
80
101
91
32
0
12
-12
-104
-146
-85
37
40
-135
-261
-246
-159
-122
-144
-149
-130
-167
-253
-235
-157
-130
-187
-223
-177
-129
-149
-193
-186
-150
-150
-185
-173
-137
-130
-181
-199
-156
-102
-99
-124
-128
-99
-52
-62
-55
-49
-47
-20
4
11
20
16
6
9
-14
1
57
67
27
-13
-5
58
101
79
23
14
33
64
94
80
80
89
82
38
27
81
137
141
108
127
198
227
150
74
117
207
209
129
94
170
230
191
142
155
168
141
82
118
210
222
154
76
67
82
101
128
163
126
20
-60
-23
76
128
85
-4
-46
-54
-32
-18
-13
-51
-102
-133
-143
-145
-161
-161
-159
-178
-225
-250
-247
-237
-208
-179
-171
-205
-273
-303
-254
-184
-137
-133
-164
-211
-245
-241
-152
-28
9
-57
-151
-151
-65
63
130
131
89
34
5
22
112
203
239
184
108
76
111
188
229
203
156
132
126
109
95
120
162
156
81
-12
-50
-5
55
86
65
26
-34
-95
-68
42
110
49
-106
-192
-144
-72
-28
-32
-66
-110
-181
-240
-190
-80
-35
-92
-162
-187
-184
-203
-188
-117
-100
-142
-220
-254
-242
-209
-184
-163
-118
-131
-159
-176
-141
-68
-19
-6
-7
-33
-54
-1
64
110
118
116
116
104
113
162
228
243
190
120
82
96
122
154
148
89
16
-21
15
58
43
-19
-62
-69
-71
-82
-73
-52
-26
-36
-58
-78
-95
-86
-74
-38
7
-2
-42
-71
-66
5
64
60
33
-20
-38
-15
16
52
80
44
-47
-111
-91
14
64
3
-73
-85
-61
-62
-94
-45
37
46
-20
-60
-6
71
82
52
87
125
151
156
164
197
193
177
191
248
253
211
174
178
184
153
114
101
121
120
81
27
-31
-83
-80
-45
-6
-40
-152
-228
-213
-120
-62
-100
-162
-193
-198
-156
-99
-55
-38
-84
-123
-105
-50
-18
-21
-13
7
2
-60
-89
-51
20
13
-65
-109
-95
-87
-116
-132
-86
-38
-87
-182
-224
-159
-82
-72
-100
-108
-101
-104
-84
-39
31
93
101
88
76
100
155
224
278
293
276
247
238
258
296
321
316
291
273
267
254
231
234
249
243
205
138
100
107
129
131
100
58
33
34
47
66
89
117
109
66
42
83
142
159
133
97
91
76
63
82
126
119
45
-27
-50
-42
-69
-117
-128
-134
-181
-262
-308
-282
-249
-279
-353
-388
-378
-343
-330
-356
-376
-371
-333
-300
-293
-292
-268
-237
-203
-187
-146
-73
-49
-52
-58
-28
17
30
25
65
107
97
67
54
93
136
137
124
110
108
118
128
135
151
153
119
97
108
174
215
180
133
116
168
221
222
206
222
206
166
129
149
214
213
160
104
88
64
32
10
50
70
2
-94
-138
-134
-129
-133
-155
-165
-192
-248
-281
-273
-227
-208
-223
-255
-287
-278
-243
-206
-186
-196
-203
-200
-188
-165
-138
-114
-100
-106
-111
-96
-76
-59
-53
-40
-25
-25
-43
-54
-51
-21
9
-4
-43
-44
-30
-30
-42
-36
12
33
-1
-48
-58
-13
19
23
47
61
35
-29
-62
-6
63
85
84
73
50
-7
-55
-16
83
122
54
-32
-67
-56
-31
-2
35
50
1
-58
-77
-36
33
63
53
21
13
22
52
91
125
144
130
109
101
132
173
191
202
195
169
155
151
185
250
267
225
170
143
152
186
202
190
149
84
54
61
68
65
55
60
51
-15
-79
-81
-30
0
-26
-65
-81
-104
-150
-153
-106
-71
-90
-144
-158
-149
-155
-154
-123
-90
-110
-170
-206
-174
-125
-123
-153
-162
-149
-154
-156
-132
-86
-71
-102
-134
-117
-64
-29
2
16
25
20
10
41
89
131
135
116
104
96
112
141
168
166
148
127
127
147
154
158
161
163
143
109
104
124
143
137
119
119
118
110
100
102
120
133
101
70
82
110
99
52
36
52
50
18
6
30
46
13
-24
-27
-3
0
-25
-30
-19
-28
-51
-67
-49
-33
-56
-62
-55
-41
-42
-50
-57
-33
-8
-9
-7
9
34
38
36
35
54
57
53
49
51
53
36
17
-4
6
21
30
4
-38
-68
-79
-64
-62
-65
-81
-83
-82
-105
-137
-147
-104
-54
-49
-84
-127
-120
-82
-53
-26
-4
1
-42
-91
-86
-20
33
41
24
-1
-32
-53
-27
32
65
26
-42
-73
-56
-25
-11
10
10
-20
-72
-77
-18
29
35
-1
-28
-26
-16
8
39
61
65
59
50
42
59
86
113
128
99
56
33
34
54
66
61
36
-23
-73
-75
-39
-4
-33
-99
-153
-164
-138
-126
-126
-131
-153
-188
-210
-201
-178
-146
-123
-124
-152
-168
-163
-141
-112
-100
-88
-97
-111
-123
-96
-57
-23
-17
-31
-43
-58
-56
-54
-30
-18
-23
-49
-69
-54
-34
-5
14
21
4
-16
-14
9
40
55
42
40
56
86
97
110
134
150
152
141
143
158
173
169
165
156
151
142
136
131
125
133
130
122
93
71
62
80
95
74
57
42
39
33
27
27
31
31
15
-4
-10
-1
1
-6
-15
-23
-5
-1
-14
-27
-28
-12
-14
-17
-13
-16
-40
-65
-77
-61
-53
-78
-104
-95
-84
-88
-103
-123
-129
-126
-119
-128
-129
-130
-153
-159
-142
-106
-90
-94
-92
-94
-77
-59
-44
-37
-43
-41
-23
5
20
12
9
22
48
60
70
85
87
73
65
80
108
117
90
71
77
93
102
100
110
128
114
99
94
110
122
116
106
103
105
100
99
109
112
116
116
104
105
99
92
95
96
102
101
82
73
65
66
68
57
29
5
1
0
2
-10
-29
-43
-52
-57
-47
-41
-38
-50
-53
-48
-57
-57
-54
-47
-46
-50
-40
-20
-13
-18
-33
-33
-21
-3
8
13
9
3
9
8
26
34
24
14
23
21
12
7
13
27
29
14
7
4
-7
-8
-12
-9
-5
-18
-34
-32
-19
-21
-32
-33
-28
-21
-28
-24
-10
-6
-28
-51
-35
-8
1
-15
-26
-19
-17
-33
-36
-13
-3
-26
-50
-47
-22
-23
-42
-44
-14
-1
-11
-16
-20
-11
-3
-5
9
32
19
-5
-1
19
46
50
51
64
64
55
53
75
91
94
59
30
40
46
37
17
2
-3
-21
-50
-54
-35
-40
-81
-116
-123
-119
-123
-133
-125
-125
-148
-169
-164
-139
-143
-155
-149
-128
-111
-143
-158
-120
-70
-66
-97
-109
-83
-62
-72
-76
-54
-33
-50
-76
-70
-32
-29
-50
-56
-34
-17
-33
-51
-37
-8
-9
-26
-14
23
43
33
26
45
86
106
98
102
115
133
141
143
148
154
143
136
149
167
167
140
120
114
113
100
85
68
53
33
9
-2
-12
-14
-13
-16
-35
-55
-59
-59
-59
-70
-87
-77
-57
-58
-63
-65
-50
-23
-26
-39
-31
-16
-10
-18
-26
-20
-7
-22
-35
-23
-8
-14
-35
-40
-30
-25
-38
-47
-55
-61
-70
-85
-74
-56
-49
-58
-56
-49
-44
-36
-25
-11
-2
3
4
15
23
18
18
38
56
55
42
44
53
51
45
35
25
21
23
25
27
24
-2
-18
-16
8
30
16
0
-10
-13
-15
-7
35
62
56
33
22
57
95
107
108
110
105
102
107
121
141
137
119
119
121
118
106
108
112
106
94
72
60
66
70
50
27
12
4
1
14
10
1
-2
-20
-23
-26
-23
-14
-11
-14
-21
-26
-23
-25
-25
-8
4
-1
-22
-40
-46
-35
-18
-9
-2
-12
-34
-44
-42
-34
-32
-35
-37
-35
-39
-51
-52
-50
-32
-20
-22
-19
-22
-13
9
21
25
21
20
28
41
57
59
66
63
52
62
79
87
85
84
82
93
95
84
79
92
93
76
67
78
83
70
64
66
68
63
59
64
70
68
64
68
67
64
59
62
61
62
60
51
42
29
23
21
21
21
8
-8
4
0
-16
-32
-37
-34
-41
-52
-55
-53
-62
-74
-90
-96
-84
-76
-89
-108
-122
-130
-133
-130
-133
-140
-147
-158
-162
-160
-151
-155
-165
-169
-161
-162
-181
-184
-182
-175
-171
-178
-176
-159
-152
-148
-137
-119
-111
-106
-111
-103
-76
-69
-67
-53
-44
-30
-26
-23
-14
2
17
19
24
31
43
50
59
66
67
62
65
76
89
100
93
81
85
92
98
110
117
127
120
102
97
105
115
116
117
108
95
84
86
95
92
86
61
49
40
25
23
22
17
-8
-32
-49
-47
-52
-53
-53
-60
-63
-86
-105
-96
-77
-65
-69
-72
-76
-85
-75
-63
-51
-41
-46
-61
-57
-45
-39
-37
-45
-49
-49
-49
-54
-48
-37
-34
-46
-62
-70
-63
-59
-68
-70
-72
-72
-85
-92
-85
-75
-64
-71
-75
-63
-51
-47
-44
-41
-26
-14
-14
-21
-17
-10
-4
2
9
17
16
5
-10
-3
17
25
15
6
6
9
5
2
10
20
28
17
6
9
5
24
38
51
70
71
74
84
113
132
145
148
145
155
165
176
182
178
166
157
159
171
179
174
161
142
124
116
109
109
107
105
90
64
41
18
18
22
21
17
6
-9
-21
-23
-25
-17
-10
-12
-14
-27
-33
-24
-14
1
4
-11
-16
-11
-10
-5
4
5
1
-15
-26
-14
0
11
7
0
-5
-20
-25
-15
0
11
4
2
2
15
31
46
52
49
49
48
59
70
90
96
92
85
75
79
88
102
108
98
82
61
48
47
51
45
36
20
6
-8
-21
-20
-17
-24
-38
-53
-59
-72
-81
-85
-84
-77
-75
-75
-82
-87
-79
-74
-72
-67
-70
-75
-79
-70
-59
-63
-76
-86
-85
-83
-81
-73
-68
-73
-74
-80
-70
-56
-62
-69
-67
-66
-59
-56
-51
-44
-45
-42
-44
-38
-38
-32
-27
-20
-16
-12
-6
-14
-11
-6
7
-5
-13
-10
-13
-18
-34
-31
-32
-32
-39
-51
-46
-43
-43
-45
-50
-46
-47
-52
-52
-51
-55
-60
-62
-45
-31
-40
-45
-39
-35
-36
-23
-7
4
1
-6
-1
15
13
15
24
25
34
26
17
23
25
31
33
32
29
28
24
23
22
23
20
14
17
26
33
29
24
17
18
8
-4
0
7
0
-7
-21
-30
-27
-31
-34
-42
-42
-47
-63
-73
-73
-69
-83
-104
-100
-96
-98
-101
-97
-74
-68
-72
-71
-69
-67
-68
-70
-54
-51
-57
-65
-55
-41
-30
-20
-7
9
5
20
21
35
40
33
31
21
22
19
21
33
39
45
52
57
65
76
86
94
90
89
93
90
101
108
114
118
118
117
117
125
140
148
150
143
129
129
128
128
127
119
106
87
82
75
65
62
66
55
44
31
26
21
25
31
22
21
15
10
15
13
6
10
11
10
4
4
4
16
30
23
28
24
11
10
5
12
16
2
-11
-16
-16
-26
-34
-30
-25
-19
-24
-30
-36
-34
-34
-26
-22
-27
-38
-49
-45
-28
-12
-15
-16
-16
-4
8
17
29
38
36
30
29
34
48
50
47
39
28
30
25
22
25
15
9
5
9
23
28
23
17
17
28
35
38
38
40
50
49
51
62
64
69
73
78
87
87
87
85
87
86
86
82
76
66
56
53
46
32
23
12
3
-4
-13
-28
-29
-29
-36
-51
-70
-75
-78
-73
-73
-68
-68
-80
-88
-80
-71
-72
-72
-66
-64
-82
-91
-96
-79
-64
-61
-75
-84
-85
-83
-72
-80
-84
-94
-103
-117
-120
-110
-105
-106
-109
-109
-110
-107
-106
-97
-88
-90
-88
-80
-68
-55
-51
-36
-32
-35
-25
-13
-1
0
-2
-6
-3
-2
-9
-12
6
15
6
4
8
20
12
14
22
13
8
1
-2
-3
1
4
4
11
16
21
30
42
44
50
50
46
46
47
49
43
47
49
46
38
43
41
46
54
45
35
26
19
17
4
2
5
-21
-35
-38
-41
-33
-41
-46
-44
-56
-67
-66
-60
-57
-61
-63
-65
-65
-60
-55
-44
-31
-35
-46
-59
-62
-52
-48
-40
-39
-44
-67
-67
-54
-47
-38
-49
-56
-57
-60
-51
-38
-32
-38
-44
-43
-41
-32
-19
-11
-5
-5
1
11
21
27
41
46
48
50
62
71
74
85
79
81
81
78
86
84
98
101
122
141
216
300
356
202
-49
-309
-346
-320
-235
419
616
220
83
9
-404
-311
22
-90
48
297
17
-73
27
-313
-402
-107
-16
40
181
251
154
110
115
-96
-208
-149
-21
359
554
255
-66
-85
-192
-179
154
235
175
109
-126
-198
-115
-76
-56
109
218
107
-58
-195
-231
-243
-7
100
-56
-120
-7
-15
49
297
301
233
253
75
-111
-7
-59
-80
272
379
159
-65
-226
-304
-95
111
112
119
-29
-257
-296
-134
121
237
297
258
-18
-308
-473
-463
-287
-5
177
367
535
513
395
274
150
55
46
77
86
41
-23
-77
-4
52
56
56
47
-112
-169
-59
-40
-27
25
-12
-147
-177
-175
-128
38
208
210
145
44
-197
-331
-245
-58
147
345
360
183
24
-98
-244
-179
3
63
53
31
-82
-176
-175
-195
-175
-72
-29
-63
-49
-87
-164
-145
-135
-131
-51
-13
-77
-106
-113
-132
-97
-74
-67
-53
-60
-89
-44
39
54
41
57
-44
-152
-124
-19
46
100
46
-48
-96
-156
-126
-23
78
98
102
-6
-106
-160
-157
-40
110
208
193
97
-25
-109
-162
-56
92
162
168
140
81
53
47
11
-7
-42
-37
-40
12
64
56
12
-60
-113
-140
-95
-55
-7
74
104
69
27
-31
-63
-72
-51
24
93
125
90
-25
-105
-156
-225
-156
-43
42
68
50
-26
-140
-213
-218
-161
-63
29
38
15
-30
-111
-151
-109
-116
-71
85
130
102
86
-10
-165
-205
-131
-88
6
160
120
33
16
-95
-214
-158
-74
-26
88
133
82
57
-5
-114
-82
-27
-39
38
158
144
87
42
-60
-100
-25
46
77
174
191
109
93
56
-40
-36
12
18
62
126
112
44
78
50
-26
8
28
20
85
169
137
81
51
6
3
43
42
77
123
119
106
60
-17
-70
-57
-21
40
83
50
-36
-93
-132
-133
-53
5
-6
3
-12
-66
-62
-18
12
44
62
11
-8
-22
-47
-31
26
37
48
68
71
83
71
45
0
-33
-57
-55
5
65
105
153
99
11
-8
-22
-25
15
44
5
16
57
65
56
85
84
24
23
5
22
64
70
67
94
110
84
67
50
26
35
52
68
112
100
51
11
-34
-57
-62
-23
6
-10
-17
-9
8
0
-7
-4
-3
-11
5
53
61
42
48
46
28
8
-13
-34
-16
10
15
33
67
63
43
35
46
24
-18
4
-12
-27
46
81
56
35
-1
-70
-131
-110
-73
-46
19
73
56
-13
-96
-166
-162
-88
10
71
118
125
59
-34
-109
-138
-137
-77
1
73
119
106
33
-46
-107
-139
-108
-53
5
34
30
-10
-73
-120
-121
-86
-20
21
38
53
11
-32
-42
-54
-77
-83
-65
-35
15
32
19
5
-19
-25
-4
10
24
66
96
51
-3
-25
-41
-44
-12
20
44
32
-9
-54
-67
-47
-33
-8
16
30
8
-20
-57
-103
-109
-52
-16
7
24
32
29
-11
-44
-46
-25
-21
-7
11
27
15
-8
-8
-19
-30
-56
-77
-82
-71
-67
-62
-52
-51
-42
-58
-68
-66
-51
-39
-34
-41
-64
-78
-89
-110
-114
-104
-104
-105
-86
-59
-54
-34
-11
-25
-39
-25
-20
-9
17
31
28
17
-6
-44
-58
-35
-9
-11
-2
11
-4
-19
-14
-2
4
33
37
2
-1
-17
-44
-30
-3
17
28
32
22
7
11
14
17
64
98
84
85
80
70
47
36
19
15
32
22
19
19
17
1
-1
13
35
63
70
58
31
22
4
-23
-44
-56
-56
-39
-21
-10
0
-1
-22
-21
-31
-49
-19
12
28
36
12
-36
-68
-73
-77
-67
-36
-22
-15
18
35
30
27
4
-13
-19
-21
-18
8
40
50
58
58
47
36
30
33
67
81
78
97
101
89
67
50
37
33
68
82
84
87
84
71
66
83
79
68
86
93
106
135
133
110
91
74
51
42
50
77
113
133
120
95
70
31
15
21
43
70
74
61
28
5
-12
-22
-2
11
13
27
20
12
22
5
-18
-3
12
10
19
20
4
-23
-36
-36
-31
-34
-55
-50
-42
-39
-31
-24
-26
-39
-51
-61
-88
-97
-97
-112
-94
-69
-76
-87
-85
-93
-81
-52
-46
-56
-49
-44
-71
-74
-52
-54
-74
-69
-83
-101
-88
-91
-78
-46
-29
-42
-62
-75
-77
-63
-33
-17
-16
-22
-49
-78
-89
-67
-35
-9
21
21
-6
-23
-45
-46
-22
9
24
24
15
-3
-20
-22
-21
-7
1
0
6
0
-3
-10
-7
-2
-2
6
18
28
31
40
52
48
42
35
20
25
35
20
16
29
32
22
27
29
38
32
23
26
38
42
17
-4
-17
-31
-23
12
30
48
49
31
20
14
11
25
30
12
9
17
0
-21
-12
-2
3
-3
-1
-6
-28
-44
-59
-65
-59
-44
-33
-25
-12
-14
-34
-67
-87
-92
-84
-57
-35
-16
-2
13
1
-39
-55
-45
-33
-10
28
35
29
17
-19
-40
-28
-18
-11
6
-5
-9
1
2
0
10
13
6
2
5
9
20
27
14
-3
-16
-41
-62
-42
-18
2
21
25
24
15
4
7
22
44
46
36
21
2
3
4
16
38
53
48
26
-6
-28
-28
-10
13
22
27
6
-12
-12
-7
0
1
-6
-22
-43
-39
-16
-1
20
33
21
-2
-6
-7
4
23
32
21
5
1
-3
14
26
33
34
45
43
21
33
33
32
39
46
50
49
51
35
14
8
0
-1
23
41
53
68
69
58
55
57
72
77
81
81
84
87
66
67
72
73
65
71
73
63
71
79
66
49
41
29
42
54
45
37
32
11
-7
-5
-20
-29
-18
4
20
22
19
3
-6
-7
-6
-7
-16
-17
-24
-17
-21
-37
-46
-56
-60
-56
-51
-37
-27
-35
-35
-43
-52
-65
-66
-66
-74
-70
-72
-72
-65
-56
-39
-29
-40
-41
-41
-43
-33
-36
-25
-6
3
5
1
-11
-17
-9
7
13
13
15
-6
-12
-2
1
-15
-4
13
16
24
21
12
2
10
12
19
28
33
46
45
42
35
41
42
28
34
46
47
45
48
46
41
50
35
29
33
37
37
39
44
44
60
54
40
26
17
16
13
16
10
3
0
-16
-15
-8
0
0
7
13
3
5
-4
-19
-24
-20
-14
-17
-10
-14
-17
-22
-21
-17
-11
-14
-19
-12
-18
-16
-25
-18
-18
-28
-36
-56
-47
-47
-46
-40
-33
-24
-16
-12
-19
-24
-27
-24
-22
-24
-19
-16
-26
-38
-46
-43
-50
-52
-42
-35
-23
-27
-35
-34
-41
-43
-47
-47
-41
-32
-22
-23
-14
-22
-52
-70
-77
-71
-51
-31
-10
-14
-22
-34
-56
-61
-57
-42
-30
-21
-19
-22
-31
-39
-51
-59
-57
-50
-22
-1
5
3
4
-14
-40
-47
-50
-34
-21
-13
-18
-27
-41
-56
-50
-45
-38
-15
-3
-1
8
1
-13
-26
-25
-13
3
17
26
25
9
-10
-32
-37
-16
-4
9
30
31
26
12
-9
-20
-24
-34
-30
-4
11
22
15
-6
-20
-20
-10
2
12
25
35
32
9
-5
-13
-13
7
39
54
56
61
50
24
10
8
12
21
43
61
60
59
50
34
30
30
23
38
55
66
63
61
50
49
44
46
60
69
83
79
76
69
63
53
45
48
57
57
56
57
48
30
33
35
48
61
63
70
57
42
42
31
32
32
41
46
40
41
36
30
22
23
23
21
14
24
20
23
25
19
7
-13
-21
-26
-17
-12
-8
-4
-10
-26
-45
-48
-44
-32
-27
-18
-18
-24
-40
-51
-50
-35
-14
-19
-20
-24
-31
-27
-19
-12
-10
-6
-6
-10
-14
-6
1
3
3
-5
-7
-22
-31
-28
-14
20
39
44
35
24
7
-22
-19
-7
-5
3
10
-1
-10
-21
-25
-15
-9
0
1
3
6
7
3
9
5
-9
-11
-12
-18
-5
6
18
23
20
11
-6
-10
-13
-15
-12
-3
-14
-24
-26
-33
-46
-38
-28
-23
-17
-14
-19
-33
-35
-36
-26
-19
-13
0
-5
-10
-12
-14
-9
-7
2
5
3
8
4
1
5
8
3
-2
-3
-1
3
11
12
7
2
-3
-5
-4
-3
8
21
22
13
6
11
3
8
15
7
11
14
3
5
-1
-9
-13
-16
-10
0
10
5
3
-2
-2
-4
-16
-19
-17
-10
-9
-12
-15
-15
-18
-24
-18
-20
-22
-18
-31
-31
-34
-42
-50
-47
-39
-45
-42
-55
-60
-61
-63
-71
-76
-76
-74
-73
-71
-73
-81
-86
-87
-94
-91
-88
-85
-88
-106
-109
-108
-105
-101
-91
-83
-83
-90
-98
-101
-95
-69
-57
-50
-47
-53
-56
-50
-48
-54
-45
-36
-26
-15
5
16
7
-6
-16
-17
-9
9
22
34
36
33
35
36
44
56
66
65
69
68
65
64
68
70
64
67
65
68
74
81
79
77
76
75
77
78
86
95
101
92
89
86
84
90
89
92
100
104
103
101
89
82
87
96
92
85
88
88
85
86
88
92
89
79
68
58
62
67
68
77
76
70
56
47
55
62
66
67
60
52
42
37
31
28
28
28
29
39
43
33
27
24
31
20
23
18
14
18
17
14
9
6
-1
-1
-5
-1
-6
-6
-5
-6
-7
-14
-17
-17
-18
-15
-2
6
1
-4
-7
-16
-24
-27
-18
-14
-8
-16
-21
-22
-17
-12
-11
-11
-12
-8
-13
-16
-18
-23
-29
-29
-14
-14
-10
-14
-19
-14
-9
-11
-16
-12
-8
-5
-10
-8
-9
-10
-15
-17
-15
-5
4
15
22
18
12
1
-5
-6
-7
0
12
14
15
6
1
-2
1
5
8
17
12
10
4
-3
-10
-17
-12
-10
-3
0
1
-7
-9
-22
-28
-34
-45
-47
-48
-48
-50
-49
-57
-52
-53
-59
-58
-63
-61
-54
-54
-62
-63
-68
-76
-78
-69
-58
-59
-57
-47
-48
-56
-56
-61
-58
-50
-45
-39
-39
-41
-52
-54
-49
-44
-33
-21
-18
-20
-24
-27
-36
-42
-36
-37
-41
-35
-31
-32
-21
-20
-21
-22
-25
-23
-23
-23
-14
-8
-14
-24
-32
-29
-34
-28
-16
-14
-10
-20
-32
-40
-45
-47
-41
-35
-32
-31
-41
-49
-52
-47
-41
-38
-40
-32
-32
-36
-34
-36
-26
-28
-30
-30
-31
-23
-14
-7
-1
2
0
-8
-5
-2
-4
2
3
2
-1
5
2
6
6
4
8
7
14
17
29
30
31
28
20
12
19
22
29
31
37
43
41
44
46
45
40
51
50
64
76
73
67
65
72
64
62
60
64
76
76
74
76
73
68
61
64
63
66
69
70
74
82
82
75
78
71
70
64
61
66
64
69
72
72
62
55
48
46
44
38
40
34
28
25
21
18
13
10
8
3
1
-1
-10
-8
-5
-16
-12
-11
-19
-24
-25
-22
-25
-25
-25
-25
-23
-25
-19
-12
-15
-13
-9
-10
-6
0
5
7
9
8
7
15
18
22
21
20
21
15
19
26
21
29
25
16
20
15
13
15
20
19
21
13
9
11
13
16
13
16
15
13
17
16
16
19
15
6
-3
-2
2
2
3
5
-4
-12
-15
-21
-18
-15
-15
-12
-14
-16
-19
-21
-25
-27
-24
-30
-27
-24
-20
-24
-28
-33
-40
-35
-37
-38
-46
-49
-53
-49
-52
-49
-49
-48
-44
-42
-44
-45
-44
-46
-39
-36
-35
-40
-40
-45
-46
-39
-42
-41
-38
-42
-38
-30
-31
-22
-22
-24
-17
-16
-21
-19
-18
-17
-16
-16
-11
-14
-16
-13
-17
-11
-12
-8
-3
-5
-3
-10
-9
-1
6
16
10
6
8
-3
4
2
-1
1
-9
-7
-11
-14
-11
-7
-4
-1
9
5
7
8
1
-1
-12
-16
-17
-12
-14
-10
-6
-8
-9
-20
-26
-26
-23
-17
-23
-19
-16
-24
-21
-27
-23
-22
-16
-13
-22
-19
-23
-21
-17
-12
-9
-7
-9
-4
0
6
3
-1
3
3
-2
5
17
22
21
12
7
6
2
-1
2
-6
-5
-13
-16
-18
-24
-18
-21
-19
-16
-24
-18
-8
-4
0
-3
-1
-3
0
3
0
9
8
8
8
7
6
8
17
17
18
22
15
21
24
22
27
29
27
33
29
25
36
32
25
17
18
16
13
13
16
23
23
27
34
34
37
33
28
29
34
33
31
27
26
22
20
26
24
28
32
33
29
32
36
25
21
19
15
16
11
9
9
16
16
13
4
-1
-6
1
10
10
13
13
15
9
2
0
-7
-3
-7
-8
-3
-10
-8
-6
-6
-6
-2
3
6
6
2
1
5
2
-4
-10
-4
0
8
10
11
10
11
14
6
5
6
17
26
29
35
37
37
35
32
32
35
35
39
42
37
36
36
32
34
37
39
41
42
41
43
51
55
49
44
43
35
37
33
30
31
31
31
33
31
26
30
28
18
18
13
9
7
0
-4
-11
-18
-18
-21
-27
-23
-26
-20
-24
-26
-26
-30
-27
-26
-32
-34
-35
-39
-37
-38
-41
-41
-44
-41
-37
-34
-20
-22
-22
-22
-33
-28
-19
-16
-5
5
0
-6
-13
-21
-18
-12
-3
3
2
0
-6
-7
-11
-9
-8
-10
-7
-1
-2
-2
8
7
4
6
6
4
3
2
5
-3
-7
-3
-5
-13
-15
-17
-13
-13
-17
-12
-15
-18
-17
-23
-25
-21
-21
-18
-18
-18
-17
-19
-11
-17
-16
-11
-11
-10
-13
-10
-15
-15
-21
-17
-18
-15
-11
-26
-20
-20
-24
-29
-32
-39
-40
-43
-46
-43
-49
-45
-50
-52
-47
-51
-47
-51
-50
-44
-48
-55
-57
-56
-59
-58
-58
-48
-42
-44
-39
-34
-30
-23
-27
-24
-25
-25
-23
-25
-20
-12
-8
-1
-1
1
6
4
11
9
11
14
10
5
13
11
15
22
23
24
24
24
25
30
28
32
28
19
14
10
12
8
8
7
1
-2
-4
-6
-7
-6
-11
-20
-15
-7
-5
0
0
-6
-5
-7
-12
-11
-7
-2
-11
-14
-19
-15
-13
-5
-5
-3
3
0
5
1
3
13
11
5
8
5
5
9
15
26
24
27
24
24
25
30
41
41
41
33
33
29
24
24
25
26
25
29
34
32
32
32
37
40
40
41
33
31
27
30
30
26
29
31
31
29
31
30
34
31
27
33
35
34
36
39
35
33
35
35
37
44
41
44
46
47
48
52
53
55
56
54
57
53
49
39
36
32
30
31
32
33
31
41
33
30
28
23
20
20
21
15
11
10
5
3
2
8
8
11
7
2
7
5
5
-6
-6
-7
-6
-9
-13
-15
-21
-23
-24
-19
-19
-12
-10
-8
-4
-7
-16
-15
-17
-19
-22
-20
-20
-26
-27
-30
-30
-29
-26
-14
-15
-20
-23
-22
-23
-25
-24
-30
-28
-28
-30
-23
-25
-25
-27
-24
-24
-35
-34
-30
-26
-25
-24
-20
-19
-22
-21
-23
-21
-22
-26
-31
-33
-29
-24
-22
-20
-17
-19
-18
-15
-11
-3
-2
2
-2
-7
-8
-14
-11
-14
-10
-5
-6
-2
-2
-2
-5
-4
-10
-15
-16
-16
-20
-18
-17
-19
-19
-22
-19
-20
-21
-19
-15
-9
-10
-18
-18
-20
-18
-21
-25
-29
-37
-38
-40
-41
-43
-46
-50
-52
-51
-48
-43
-43
-44
-41
-45
-47
-46
-43
-43
-39
-41
-51
-54
-57
-51
-55
-56
-56
-63
-55
-52
-48
-37
-37
-49
-42
-35
-41
-37
-36
-33
-30
-30
-34
-31
-30
-27
-21
-22
-14
-3
-10
-8
-6
2
6
9
14
8
9
14
23
29
29
33
31
33
29
31
35
40
40
37
43
47
62
63
62
65
60
59
58
58
54
45
43
47
46
43
40
39
41
43
41
37
30
30
31
29
28
29
33
28
20
17
20
18
20
24
24
24
24
28
26
23
22
15
14
7
10
8
7
20
17
21
17
20
25
27
26
23
31
22
28
27
28
30
29
32
29
29
24
27
30
33
34
39
38
31
42
36
40
37
36
36
30
33
30
32
33
36
33
32
29
28
33
31
34
30
31
35
28
28
25
20
19
25
24
22
25
29
28
29
21
21
18
15
15
16
13
2
1
2
2
-1
0
-1
-9
-12
-13
-10
-11
-19
-17
-17
-24
-27
-30
-33
-32
-38
-39
-33
-39
-42
-36
-41
-34
-31
-34
-31
-35
-27
-31
-35
-36
-37
-44
-44
-42
-40
-42
-46
-34
-30
-29
-18
-12
-9
-2
-4
-4
-8
-7
-5
-10
-5
3
-1
4
8
9
16
23
29
26
28
30
27
28
28
24
29
31
26
34
40
33
30
30
27
25
18
19
14
9
3
-4
-2
-11
-5
-7
-3
-3
-5
-8
-11
-17
-22
-25
-33
-28
-35
-38
-42
-35
-27
-28
-26
-18
-11
-13
-13
-15
-17
-19
-19
-16
-17
-15
-10
-18
-17
-10
-8
-6
-13
-11
-11
-16
-20
-23
-20
-20
-21
-21
-25
-20
-21
-30
-32
-36
-39
-39
-34
-35
-34
-35
-40
-40
-40
-40
-39
-43
-41
-34
-38
-37
-35
-40
-41
-40
-44
-41
-42
-38
-36
-28
-29
-35
-36
-26
-20
-25
-22
-19
-13
-19
-21
-16
-16
-13
-15
-17
-14
-16
-19
-21
-18
-11
-9
-4
0
6
14
20
26
33
36
34
45
51
50
49
52
50
43
46
45
45
53
57
59
63
60
61
57
49
46
43
42
39
41
39
32
28
25
23
19
19
26
25
21
16
8
8
11
9
9
11
13
4
1
1
2
-1
-5
-4
-9
-5
-7
-10
-5
-7
-9
2
9
5
13
14
7
1
0
7
4
6
9
7
11
15
17
15
24
19
10
18
15
20
19
20
26
25
26
29
29
26
28
30
34
38
32
29
27
27
27
28
28
22
19
27
26
27
26
19
17
13
12
8
6
1
1
-1
-2
-3
-5
-7
-5
-6
-8
-7
-11
-8
-10
-9
-10
-11
-12
-9
-10
-12
-11
-12
-10
-9
-18
-10
-3
-3
7
0
0
4
9
13
15
14
10
6
5
-1
0
6
7
9
10
10
7
15
15
13
5
2
-2
-9
-10
-14
-19
-24
-27
-22
-17
-11
-8
-13
-12
-10
-12
-6
-8
-7
-11
-10
-3
-3
-1
-5
-5
4
11
14
14
15
13
15
18
15
11
13
14
17
20
14
14
14
10
18
15
15
14
13
18
13
10
6
-1
0
-3
-1
-1
-2
-9
-15
-15
-17
-18
-19
-18
-16
-19
-26
-28
-27
-21
-24
-31
-31
-31
-32
-32
-32
-31
-31
-35
-31
-34
-35
-31
-30
-29
-29
-21
-28
-33
-26
-26
-30
-37
-36
-33
-39
-36
-36
-32
-35
-35
-32
-36
-46
-47
-49
-57
-54
-50
-57
-58
-60
-69
-67
-66
-66
-62
-59
-60
-62
-66
-67
-70
-65
-57
-53
-59
-55
-54
-59
-57
-52
-44
-44
-41
-41
-49
-41
-37
-41
-38
-28
-19
-18
-15
-23
-16
-16
-12
-10
-10
-7
-8
-2
4
18
22
25
29
42
45
49
56
53
63
59
57
58
52
50
49
53
54
55
51
62
61
61
65
59
59
59
63
56
53
55
47
44
34
33
29
26
31
32
32
28
25
20
24
16
8
14
5
5
5
-2
1
0
-6
-2
-7
-4
0
-4
0
2
5
5
6
12
14
13
12
14
8
6
7
5
11
3
3
0
3
9
9
6
9
11
8
7
-2
1
7
7
4
2
0
7
8
2
6
5
9
9
5
0
1
6
5
9
11
8
12
18
14
18
19
21
18
18
14
21
31
26
26
23
27
18
22
26
19
21
21
16
27
28
30
31
27
33
26
20
12
7
14
13
6
5
8
7
8
12
14
19
13
6
10
12
13
8
5
5
3
6
-1
1
9
4
9
15
11
13
8
13
16
16
15
18
17
14
18
25
33
34
45
48
44
56
53
42
44
43
48
44
51
49
41
46
43
49
55
52
53
50
49
54
52
52
48
39
34
28
25
21
21
10
11
10
9
3
-5
-9
-16
-17
-20
-21
-25
-30
-37
-41
-45
-53
-50
-48
-47
-44
-47
-49
-54
-53
-55
-59
-60
-65
-68
-68
-70
-69
-65
-64
-61
-59
-55
-53
-54
-51
-45
-49
-52
-57
-54
-48
-44
-45
-40
-48
-48
-42
-40
-30
-33
-27
-32
-32
-28
-31
-32
-36
-35
-40
-41
-42
-49
-55
-52
-39
-39
-40
-36
-35
-41
-38
-44
-46
-52
-49
-52
-57
-60
-68
-57
-60
-54
-55
-55
-51
-58
-51
-52
-52
-53
-48
-42
-38
-39
-42
-36
-32
-33
-33
-34
-22
-20
-16
-15
-12
-1
-4
2
1
4
9
10
11
13
10
11
12
10
11
10
13
17
25
30
33
38
33
31
37
35
32
24
17
22
17
15
20
21
15
20
18
24
22
16
23
15
18
16
14
14
9
9
-2
8
-1
1
4
0
-1
-4
1
1
1
-1
4
2
3
4
3
6
3
3
0
-8
-6
-2
-1
-1
5
6
7
20
19
24
26
30
31
42
36
33
38
34
40
31
28
38
31
34
45
47
49
47
48
51
48
38
38
44
42
40
43
42
36
42
39
42
36
35
36
35
36
29
29
26
26
28
29
29
26
25
30
33
33
36
32
29
33
32
38
34
34
42
44
39
39
37
30
28
31
23
13
15
9
9
8
8
11
6
2
2
1
-9
-2
1
0
7
0
12
10
7
4
-7
2
8
9
14
11
14
14
11
14
15
22
26
23
27
30
26
28
29
28
30
28
27
34
34
39
34
38
38
35
46
44
47
42
40
41
42
37
37
32
28
26
18
16
9
10
7
4
6
-1
2
-1
-8
-10
-9
-8
-8
-12
-19
-24
-25
-29
-39
-34
-37
-34
-32
-35
-46
-45
-47
-45
-36
-40
-45
-48
-47
-52
-55
-61
-65
-70
-68
-70
-72
-70
-72
-71
-67
-70
-69
-76
-75
-75
-79
-81
-85
-89
-88
-91
-88
-85
-81
-79
-73
-66
-75
-68
-75
-70
-68
-71
-66
-63
-59
-54
-55
-52
-47
-41
-45
-44
-39
-40
-41
-50
-45
-47
-43
-46
-43
-27
-28
-32
-28
-31
-31
-24
-28
-29
-25
-24
-28
-29
-30
-33
-24
-19
-12
-7
-6
3
-2
1
-4
-2
-8
-6
3
4
0
-4
3
1
14
9
18
17
12
7
2
11
6
9
3
3
2
4
3
7
8
7
8
12
17
19
24
26
38
36
41
41
45
42
37
35
33
41
40
41
44
51
48
47
45
46
49
46
37
38
37
37
38
27
29
28
20
16
15
14
8
11
21
14
16
17
13
9
4
0
0
6
4
5
11
16
12
17
11
9
19
9
13
10
2
9
1
1
4
-2
5
12
20
24
27
25
25
27
29
31
35
37
31
36
33
36
29
28
34
30
34
28
23
31
27
29
33
32
39
42
45
39
34
28
29
25
26
26
24
31
30
40
43
42
45
40
41
39
42
36
41
33
30
36
26
34
37
44
51
51
48
46
40
37
27
31
27
24
27
21
24
25
26
26
17
23
25
21
20
11
13
11
14
18
18
16
21
18
22
25
22
23
21
23
28
21
18
29
23
25
34
31
27
23
17
11
10
3
7
6
3
6
5
4
1
-5
-7
-4
-12
-10
-15
-9
-15
-13
-10
-16
-15
-25
-21
-32
-33
-35
-38
-39
-39
-42
-45
-46
-48
-42
-43
-49
-51
-57
-62
-57
-65
-70
-63
-66
-63
-62
-63
-70
-79
-73
-79
-77
-77
-79
-71
-66
-64
-61
-66
-69
-59
-58
-67
-58
-57
-59
-49
-47
-55
-47
-48
-46
-38
-46
-45
-40
-40
-38
-38
-28
-26
-25
-20
-16
-17
-14
-13
-15
-13
-18
-23
-25
-22
-27
-25
-29
-27
-26
-30
-39
-43
-35
-41
-38
-34
-33
-29
-30
-28
-23
-25
-20
-18
-16
-19
-15
-15
-18
-14
-11
-5
-10
5
6
7
10
6
12
10
15
15
14
23
18
28
25
21
26
27
24
18
21
17
17
16
19
13
9
15
3
1
7
1
2
-6
-7
-7
-6
-3
-3
-4
-10
-9
-5
-9
-9
-10
-5
-1
1
7
1
2
1
0
0
1
5
9
11
6
9
13
9
12
20
25
27
22
23
25
21
22
17
21
24
27
26
25
27
31
33
32
44
47
40
35
37
35
41
40
37
38
31
34
38
45
43
47
50
49
52
50
46
44
47
40
38
35
37
33
28
25
25
26
27
37
29
26
26
17
17
20
17
14
13
19
12
12
10
6
10
4
4
2
4
5
2
7
9
12
9
4
4
-5
0
3
2
1
4
4
9
16
14
13
13
14
18
23
24
29
29
30
24
22
20
20
22
25
32
23
21
31
29
36
48
46
48
45
47
43
39
38
37
43
39
40
48
44
41
42
46
46
43
42
42
46
39
32
30
36
30
27
24
23
23
29
31
24
25
15
9
18
16
4
1
-4
-8
-11
-8
-13
-21
-19
-23
-27
-26
-22
-18
-22
-21
-28
-33
-38
-42
-45
-47
-43
-46
-40
-41
-35
-34
-33
-36
-36
-30
-32
-33
-37
-36
-42
-43
-38
-43
-47
-42
-40
-40
-38
-42
-42
-44
-48
-45
-52
-50
-50
-50
-44
-46
-53
-54
-54
-57
-52
-51
-44
-48
-58
-57
-60
-64
-64
-69
-59
-58
-58
-53
-59
-55
-56
-54
-47
-48
-50
-55
-55
-59
-62
-64
-68
-65
-61
-58
-58
-58
-57
-59
-63
-67
-70
-73
-68
-61
-67
-62
-53
-51
-48
-47
-43
-44
-50
-45
-42
-41
-39
-38
-38
-34
-26
-24
-17
-14
-14
-8
-2
4
1
5
12
9
12
10
10
15
15
32
33
34
36
39
37
36
47
46
53
47
47
48
43
44
40
39
41
46
46
48
50
45
41
45
44
39
39
36
36
34
32
33
29
26
23
15
12
12
1
3
1
0
2
-6
-7
2
2
0
9
4
3
10
0
-3
2
1
-4
2
5
1
12
7
11
13
10
11
9
15
15
11
12
12
6
5
12
14
16
25
29
31
31
29
31
22
26
23
25
27
26
26
25
22
20
26
20
33
38
38
38
38
40
37
37
44
45
39
44
41
47
48
45
44
44
40
33
32
33
36
39
47
48
47
44
38
44
44
46
50
48
50
50
49
49
54
54
54
51
47
50
48
42
42
48
51
55
60
63
63
58
59
55
50
45
45
45
40
39
33
30
29
31
34
30
43
47
42
42
34
26
27
21
21
18
10
6
4
7
3
4
-3
2
6
-3
-3
-4
-5
-5
-2
-8
-7
-8
-7
-13
-6
-2
-10
-4
-11
-11
-20
-20
-31
-31
-32
-34
-32
-38
-35
-33
-38
-43
-45
-45
-49
-51
-52
-54
-55
-64
-70
-80
-84
-84
-84
-80
-78
-76
-76
-76
-76
-74
-74
-78
-75
-81
-87
-83
-81
-88
-79
-73
-64
-67
-65
-57
-62
-62
-58
-59
-57
-52
-60
-60
-62
-60
-65
-60
-55
-56
-55
-51
-52
-60
-52
-58
-54
-47
-50
-49
-49
-47
-52
-51
-39
-35
-35
-31
-20
-23
-27
-23
-23
-28
-19
-15
-15
-9
-12
-11
-12
-12
-14
-13
-6
-9
-9
-9
-8
-3
-9
-9
-13
-17
-3
7
1
6
1
-1
-1
-8
-12
-10
-7
-4
-3
4
12
10
11
12
13
11
16
10
11
13
8
9
10
16
18
25
23
22
20
18
16
15
12
9
11
11
13
11
9
13
17
18
23
14
12
9
8
6
9
10
6
7
0
4
7
13
15
21
22
14
17
17
24
26
25
23
31
35
35
36
32
30
29
29
32
28
32
32
24
32
34
31
31
35
30
30
28
20
24
31
28
26
28
25
19
21
22
23
29
30
32
38
40
37
39
42
41
38
40
40
34
29
32
41
45
46
44
52
49
48
49
47
52
57
55
56
53
51
53
48
39
36
31
32
36
29
34
32
31
24
16
20
24
19
17
18
18
26
19
15
12
17
19
17
12
9
16
10
8
12
3
7
10
9
5
0
5
3
-4
1
6
4
4
1
6
4
-2
-2
-2
-7
-9
-5
-3
-4
0
1
1
5
-2
-3
-11
-12
-10
-20
-22
-20
-23
-17
-13
-10
-9
-6
-7
-10
-11
-18
-13
-14
-18
-19
-17
-24
-26
-22
-24
-17
-15
-16
-23
-18
-17
-20
-21
-28
-33
-34
-33
-32
-31
-35
-42
-37
-38
-39
-39
-39
-30
-31
-30
-30
-29
-22
-22
-17
-18
-18
-25
-24
-26
-28
-25
-19
-19
-20
-23
-24
-25
-34
-26
-30
-24
-21
-25
-19
-27
-27
-24
-33
-30
-35
-33
-42
-48
-41
-44
-46
-50
-46
-40
-42
-45
-49
-46
-45
-50
-51
-49
-45
-45
-45
-48
-48
-54
-52
-53
-56
-60
-58
-53
-53
-51
-49
-46
-41
-34
-41
-40
-41
-41
-36
-45
-46
-47
-50
-49
-44
-46
-41
-33
-37
-32
-23
-16
-14
-14
-19
-17
-15
-11
-6
1
1
6
9
9
9
13
14
26
28
24
29
31
29
30
35
40
40
42
48
51
50
44
45
48
48
48
51
55
56
53
53
51
51
46
51
48
42
44
35
42
45
43
43
44
43
38
40
43
47
47
51
51
44
41
35
34
36
35
28
35
36
34
36
28
25
31
34
25
26
22
20
16
8
4
5
9
3
5
3
2
3
-1
-3
-4
-3
-15
-15
-13
-20
-22
-19
-13
-17
-17
-21
-15
-11
-11
-12
-6
-2
-3
-2
1
-2
-5
-7
-13
-15
-10
-11
-13
-8
-13
-13
-10
-10
-5
-4
6
8
8
14
6
0
-1
0
-2
1
0
9
14
10
11
19
24
26
38
34
38
32
20
29
24
27
25
21
24
25
23
24
31
32
36
35
39
32
34
31
27
35
38
40
42
39
41
37
33
39
35
45
47
43
42
41
42
44
40
41
41
40
39
32
32
24
17
20
18
18
14
13
19
19
19
23
20
20
16
11
10
0
-8
-17
-16
-18
-17
-15
-13
-8
-8
-5
-1
-10
-16
-23
-22
-21
-19
-18
-20
-20
-20
-17
-22
-18
-16
-17
-11
-9
-13
-10
-12
-13
-17
-22
-24
-21
-21
-21
-17
-23
-25
-28
-21
-25
-24
-21
-27
-23
-27
-30
-31
-36
-31
-32
-34
-31
-29
-30
-32
-35
-35
-40
-44
-35
-35
-35
-30
-34
-32
-36
-38
-33
-36
-32
-33
-37
-37
-42
-39
-33
-36
-31
-34
-32
-32
-32
-27
-22
-22
-24
-24
-30
-32
-30
-23
-27
-30
-28
-32
-32
-27
-24
-25
-28
-19
-27
-28
-28
-25
-24
-27
-19
-18
-12
-10
-5
-2
-5
-4
-6
-2
4
7
10
14
10
10
7
9
6
6
11
11
17
12
10
13
13
18
17
22
23
22
28
24
24
23
21
16
13
12
12
20
17
19
21
30
30
20
20
19
20
18
20
14
8
11
8
8
6
4
11
10
10
15
9
8
4
2
-5
-12
-9
-10
-11
-14
-12
-9
-10
-19
-20
-23
-21
-16
-19
-19
-27
-30
-31
-29
-31
-32
-35
-37
-35
-39
-38
-39
-44
-40
-47
-43
-37
-35
-25
-25
-22
-18
-18
-22
-23
-21
-27
-27
-26
-26
-23
-19
-20
-14
-2
2
6
16
22
17
16
12
5
5
6
8
14
18
16
18
24
28
35
38
41
47
49
48
53
50
47
51
48
49
54
51
51
54
58
65
64
68
73
72
70
78
85
79
76
73
68
66
61
55
58
54
56
58
59
58
55
64
58
66
64
58
61
59
56
53
44
39
35
29
33
34
39
36
38
38
45
44
42
39
28
24
17
14
10
11
5
4
2
1
-3
-10
-12
-18
-24
-27
-23
-25
-29
-29
-34
-34
-37
-35
-30
-39
-36
-34
-35
-41
-39
-39
-37
-36
-39
-41
-40
-39
-42
-35
-42
-40
-37
-41
-39
-41
-48
-44
-49
-45
-40
-39
-36
-41
-39
-36
-33
-33
-34
-36
-40
-39
-33
-39
-30
-23
-22
-16
-19
-16
-17
-18
-16
-17
-17
-20
-15
-17
-16
-11
-10
-6
-2
-4
-3
-7
-7
-6
-2
-2
-4
3
0
5
-2
-1
2
4
-2
-4
3
5
6
6
10
10
10
8
5
11
19
19
14
15
13
7
12
7
6
4
0
1
-7
-10
-11
-13
-10
-7
-10
-13
-14
-16
-15
-21
-28
-28
-33
-28
-32
-33
-28
-31
-30
-30
-26
-24
-20
-27
-28
-28
-24
-26
-30
-25
-28
-26
-27
-27
-25
-25
-23
-27
-28
-29
-31
-25
-25
-28
-27
-28
-24
-24
-25
-25
-26
-21
-16
-20
-18
-21
-21
-20
-20
-19
-15
-12
-15
-7
-1
3
1
3
4
7
11
5
1
-2
0
5
7
5
8
9
9
8
5
8
8
3
-3
-10
-6
-7
-13
-9
-7
-7
-6
-4
-3
-7
-6
-7
-5
-6
-5
-5
-5
-3
-4
-4
-6
-8
-10
-14
-16
-10
-13
-5
-5
-6
-1
-7
-3
-1
-2
2
0
9
12
5
10
15
13
10
22
28
28
32
37
43
42
43
44
47
49
50
54
58
54
53
58
53
54
54
57
60
54
57
59
58
54
44
37
40
46
49
49
51
52
51
52
49
53
48
53
48
41
43
41
44
43
48
51
54
53
52
55
47
42
41
40
38
35
32
32
39
44
44
48
47
41
39
36
35
32
30
25
21
19
19
17
8
1
9
14
14
13
17
13
12
15
14
19
10
12
8
5
1
-8
0
-2
-3
-4
1
0
-1
-6
-9
-11
-11
-10
-11
-11
-19
-20
-24
-29
-35
-38
-36
-40
-46
-45
-47
-48
-44
-45
-50
-51
-46
-44
-45
-45
-42
-45
-46
-44
-50
-49
-51
-49
-46
-49
-43
-45
-38
-34
-32
-33
-31
-31
-27
-25
-19
-18
-22
-12
-13
-20
-20
-19
-20
-16
-13
-10
-8
-9
-2
-3
-5
-3
-6
-2
-1
-3
-2
1
1
-3
-2
-2
6
7
2
1
4
3
7
10
5
9
5
5
8
7
7
2
3
1
-5
2
5
7
5
-3
-6
-7
-10
-11
-12
-19
-17
-17
-23
-20
-18
-15
-22
-19
-18
-22
-20
-25
-25
-24
-29
-29
-26
-30
-23
-30
-27
-18
-21
-25
-22
-17
-22
-20
-26
-25
-26
-27
-21
-24
-23
-20
-26
-35
-30
-31
-35
-33
-36
-46
-47
-42
-45
-41
-45
-49
-50
-51
-46
-49
-49
-49
-52
-49
-51
-51
-52
-54
-55
-52
-47
-47
-46
-37
-37
-35
-33
-37
-36
-34
-27
-25
-16
-15
-14
-5
-8
-1
6
3
11
12
4
6
4
6
10
9
11
7
11
12
13
15
13
16
17
18
18
19
19
17
19
24
29
34
38
39
40
42
37
40
39
38
43
50
56
58
62
61
66
64
68
70
65
65
65
65
59
65
60
60
67
65
72
72
71
65
64
68
71
70
68
64
63
60
58
55
53
55
61
62
60
64
58
65
62
53
49
41
49
47
43
44
43
42
38
40
35
34
31
27
26
21
15
20
21
19
26
24
24
28
26
24
24
25
19
11
11
11
6
10
14
18
16
11
13
13
10
6
5
1
1
1
-1
-4
-9
-7
-8
-6
2
2
5
4
-2
-2
-5
-3
-8
-9
-10
-3
-5
-7
-7
-14
-9
-20
-19
-21
-24
-25
-28
-32
-37
-39
-46
-46
-48
-46
-54
-52
-54
-58
-58
-67
-65
-64
-62
-61
-63
-63
-65
-58
-53
-51
-54
-56
-57
-58
-61
-57
-56
-57
-49
-52
-49
-50
-52
-49
-53
-57
-56
-57
-48
-38
-36
-34
-37
-38
-33
-35
-31
-33
-30
-29
-29
-21
-27
-23
-24
-23
-19
-16
-16
-6
-1
-3
-2
-2
-1
0
-3
1
-4
-5
3
2
1
2
5
8
20
24
20
23
22
21
22
17
10
5
7
9
6
9
8
3
9
10
10
7
1
-3
-11
-11
-17
-20
-23
-27
-25
-24
-24
-27
-29
-31
-32
-33
-37
-39
-39
-37
-37
-43
-46
-44
-41
-39
-42
-44
-48
-50
-47
-46
-42
-34
-35
-29
-25
-27
-21
-23
-19
-20
-17
-14
-19
-14
-20
-18
-16
-11
-4
3
6
5
7
4
-1
-3
-5
-5
-6
-6
-3
-4
-3
2
4
12
13
19
23
21
19
19
20
14
10
9
11
8
8
10
11
9
12
12
11
9
19
20
19
26
25
22
25
31
31
31
33
38
43
42
42
44
44
42
44
48
54
53
53
62
61
69
69
68
63
62
61
57
61
57
62
67
74
81
78
80
78
78
81
81
79
75
73
65
62
65
63
73
65
59
59
61
60
59
61
53
50
46
44
40
40
39
29
27
26
21
25
20
18
19
18
14
10
9
14
14
16
20
18
17
19
20
11
16
16
18
20
19
22
15
14
9
9
14
13
11
9
6
9
12
11
8
7
15
13
11
16
18
12
6
1
1
-3
-10
-8
-16
-16
-15
-17
-18
-19
-14
-18
-17
-12
-20
-19
-19
-27
-32
-32
-36
-37
-35
-37
-33
-38
-36
-36
-43
-40
-41
-41
-47
-43
-42
-52
-49
-53
-48
-47
-48
-44
-48
-49
-49
-50
-50
-49
-47
-38
-35
-34
-37
-41
-35
-35
-37
-34
-37
-44
-41
-40
-40
-41
-44
-42
-39
-39
-43
-41
-41
-42
-42
-40
-44
-39
-37
-48
-47
-57
-60
-54
-49
-41
-38
-45
-44
-37
-35
-33
-33
-36
-41
-47
-52
-53
-59
-57
-55
-51
-45
-46
-40
-45
-44
-44
-46
-41
-39
-37
-37
-34
-30
-34
-29
-23
-29
-29
-25
-26
-21
-17
-21
-16
-17
-13
-10
-11
-6
-3
-3
-5
-6
-6
-6
-8
-9
-9
-13
-14
-7
-6
-3
-2
-3
-1
2
4
0
2
2
2
1
-1
-4
2
4
4
3
4
6
6
7
8
5
5
6
-2
-2
0
7
9
10
11
9
2
-1
-5
-2
3
4
5
5
9
8
10
7
10
12
15
18
10
15
11
11
18
20
22
24
30
31
36
40
45
53
49
43
47
45
48
51
46
52
47
49
57
58
62
64
67
70
80
80
75
74
69
67
69
68
59
58
55
55
59
55
57
59
57
60
60
59
55
49
47
47
49
49
43
44
38
38
36
34
38
30
30
34
34
32
34
37
38
39
38
39
36
33
31
32
36
40
42
38
39
41
47
49
46
45
39
40
40
36
36
31
30
31
34
39
31
29
26
21
18
14
18
14
10
5
4
5
-3
0
-5
-7
-4
-6
-6
-7
-11
-11
-6
-11
-19
-19
-21
-21
-17
-16
-14
-17
-16
-16
-15
-16
-14
-20
-27
-30
-32
-28
-34
-43
-43
-48
-47
-43
-45
-45
-48
-50
-52
-52
-59
-64
-77
-79
-81
-81
-74
-78
-78
-85
-90
-89
-93
-92
-86
-86
-90
-88
-84
-89
-93
-95
-98
-89
-92
-90
-83
-81
-74
-77
-78
-75
-71
-72
-66
-62
-62
-55
-53
-49
-48
-47
-39
-40
-34
-29
-29
-20
-19
-13
-12
-12
-8
-1
5
11
22
27
26
26
28
32
36
40
41
44
43
48
53
50
55
51
50
51
45
40
34
20
15
13
8
4
3
1
-3
1
-4
-8
-10
-9
-14
-24
-26
-29
-27
-29
-26
-25
-29
-28
-22
-25
-29
-32
-36
-34
-37
-37
-32
-29
-25
-28
-28
-27
-18
-9
-4
0
0
-3
-3
-7
-10
-7
-3
8
7
8
8
9
8
11
15
15
17
18
16
11
14
17
17
16
18
26
24
22
26
15
15
16
10
10
11
14
19
19
22
20
15
12
19
15
14
19
13
11
10
9
12
16
14
19
18
18
23
20
25
28
30
32
35
35
32
31
35
40
36
42
42
45
49
47
54
51
54
51
53
58
56
64
68
70
66
70
72
69
65
67
69
66
70
70
65
64
65
63
64
63
58
53
52
50
50
51
53
49
43
41
29
30
29
28
25
26
26
23
24
19
18
17
16
17
21
18
13
11
10
7
7
8
4
-3
-5
-7
-12
-14
-16
-17
-18
-21
-22
-16
-19
-23
-24
-31
-33
-42
-40
-37
-41
-36
-36
-30
-25
-19
-25
-23
-21
-18
-23
-27
-23
-22
-19
-19
-17
-19
-19
-21
-21
-23
-22
-19
-18
-11
-9
-7
-16
-17
-13
-16
-9
-10
-8
-17
-18
-15
-23
-21
-16
-17
-13
-19
-16
-13
-20
-16
-17
-22
-26
-28
-31
-30
-24
-28
-28
-25
-28
-22
-25
-27
-20
-25
-24
-27
-36
-38
-46
-49
-49
-47
-43
-41
-43
-45
-45
-46
-41
-42
-40
-39
-43
-44
-44
-56
-58
-55
-50
-43
-39
-38
-35
-34
-38
-39
-43
-39
-40
-34
-29
-35
-28
-27
-18
-13
-12
-13
-17
-14
-14
-13
-14
-9
-7
-1
0
6
15
10
12
19
23
24
25
26
20
20
24
29
30
27
29
28
24
20
22
25
19
18
12
1
-2
-6
-10
-13
-24
-22
-22
-23
-24
-22
-16
-24
-22
-21
-22
-22
-18
-16
-20
-17
-19
-20
-10
-9
-4
-7
-11
-5
1
2
0
8
7
7
15
21
24
29
29
33
35
40
34
32
40
39
45
41
45
44
48
58
51
49
50
51
55
58
56
55
52
55
52
45
47
45
47
46
45
45
44
40
40
40
36
31
30
28
16
11
10
7
9
6
3
1
-4
-2
-8
-14
-17
-17
-20
-22
-20
-17
-14
-11
-16
-12
-11
-12
-5
-5
-10
-10
-11
-8
-7
-11
-11
-12
-12
-7
-7
-11
-4
-3
-7
-1
1
5
2
-2
3
2
1
-3
-8
-7
-7
0
-1
-1
5
4
7
10
10
5
4
9
7
9
10
7
13
14
16
22
22
25
29
29
35
30
24
30
29
25
25
20
24
18
16
11
11
11
4
3
5
6
4
2
7
7
-3
-11
-18
-22
-26
-25
-25
-28
-33
-28
-29
-28
-25
-29
-24
-22
-21
-26
-27
-34
-41
-46
-42
-41
-43
-38
-43
-35
-29
-25
-27
-33
-29
-28
-31
-29
-31
-35
-36
-33
-30
-29
-25
-21
-30
-24
-15
-15
-12
-7
-9
-9
-12
-10
-10
-9
-3
2
-1
0
-4
-7
3
2
7
13
10
4
4
1
-9
-10
-9
-10
-10
-7
-11
-7
-11
-11
-12
-16
-14
-15
-13
-13
-15
-14
-9
-7
-1
-2
-4
-9
-8
-7
-2
9
15
13
13
13
17
24
29
33
35
35
30
36
31
31
32
36
34
32
33
28
29
28
28
27
27
30
32
31
33
33
26
23
24
23
21
23
20
20
20
14
9
9
8
12
14
14
12
10
9
12
15
12
13
12
8
7
8
5
5
4
7
4
2
-1
-6
-6
-8
-7
-7
-7
-2
-12
-18
-17
-18
-25
-25
-21
-26
-25
-26
-26
-23
-20
-26
-22
-18
-16
-18
-17
-13
-18
-17
-16
-6
-3
-9
1
0
-1
2
-2
-2
-3
-3
-6
-9
-16
-18
-13
-17
-12
-19
-15
-13
-18
-13
-13
-8
-11
-8
-9
-11
-13
-11
-12
-11
-13
-11
-4
-3
-5
-2
3
-4
-7
-5
-3
-4
-2
0
-11
-7
-3
-9
-8
-8
-6
-12
-12
-16
-18
-16
-19
-15
-23
-25
-26
-21
-17
-20
-25
-21
-20
-24
-22
-26
-25
-21
-22
-22
-15
-18
-13
-10
-9
-4
1
11
15
17
18
18
25
28
23
21
20
20
21
25
29
34
33
37
44
44
51
46
48
52
55
57
49
51
50
49
49
48
48
52
50
43
42
43
45
40
35
38
37
32
30
30
26
20
14
12
12
12
9
6
10
17
20
15
14
20
11
10
15
16
14
8
9
11
11
6
6
4
0
6
3
2
4
10
13
17
10
3
6
3
-2
-9
-9
-9
-6
-8
-9
-6
-3
-8
-11
-10
-16
-13
-8
-4
-7
-12
-14
-10
-8
-5
0
9
10
6
6
6
3
2
-1
-2
4
-3
1
6
10
4
4
12
7
9
6
7
8
8
9
3
0
5
15
13
8
14
12
11
13
10
0
-9
-8
-11
-14
-9
-11
-13
-11
-13
-16
-15
-13
-19
-19
-18
-18
-25
-22
-17
-21
-13
-6
-5
4
5
-2
-5
-15
-12
-18
-21
-14
-13
-7
-6
4
9
3
5
7
10
12
13
12
1
3
3
6
13
20
25
22
23
28
25
24
22
15
10
4
-10
-17
-17
-23
-22
-21
-21
-28
-27
-23
-21
-27
-35
-36
-38
-38
-39
-43
-48
-45
-48
-52
-55
-60
-55
-60
-67
-74
-83
-83
-82
-81
-79
-77
-73
-73
-70
-70
-70
-73
-72
-68
-69
-75
-80
-78
-75
-71
-64
-60
-58
-50
-52
-50
-48
-50
-52
-56
-51
-53
-45
-41
-43
-38
-39
-40
-37
-34
-39
-37
-33
-30
-26
-28
-21
-17
-17
-11
-15
-15
-9
-7
-6
-2
-6
-4
-4
-6
-6
0
9
17
23
27
31
30
31
33
36
35
34
30
34
41
42
44
43
44
49
52
55
59
56
54
51
51
53
53
51
48
42
46
51
52
58
57
55
53
50
51
52
51
54
53
54
55
65
67
68
65
65
72
71
68
67
62
59
46
45
49
41
39
40
41
42
50
48
46
48
45
48
46
43
41
39
35
34
38
32
40
41
39
39
40
45
46
47
50
45
44
46
39
38
36
34
31
29
27
30
32
24
29
27
27
29
30
30
26
28
22
19
17
17
11
9
8
0
5
-6
-3
-1
-1
3
7
9
5
7
4
6
3
-5
-7
-10
-12
-16
-12
-15
-7
-6
-10
-2
-5
-7
-12
-12
-14
-14
-11
-10
-13
-18
-15
-14
-16
-17
-20
-20
-18
-15
-16
-20
-20
-23
-19
-19
-16
-17
-24
-24
-25
-29
-29
-29
-28
-28
-24
-21
-22
-22
-18
-15
-19
-23
-22
-25
-21
-23
-27
-26
-29
-26
-23
-19
-23
-26
-22
-19
-13
-9
-3
1
-8
-15
-15
-25
-24
-27
-25
-19
-18
-18
-19
-13
-11
-3
-3
-8
-8
-9
-6
-7
-12
-21
-22
-22
-17
-11
-14
-6
-6
-18
-25
-31
-34
-40
-36
-45
-49
-46
-47
-43
-41
-35
-31
-35
-33
-32
-32
-30
-36
-37
-44
-49
-48
-48
-45
-45
-45
-42
-41
-38
-39
-43
-50
-51
-57
-55
-55
-56
-54
-53
-49
-53
-58
-62
-70
-62
-60
-62
-60
-64
-62
-62
-61
-63
-62
-63
-66
-73
-68
-66
-69
-69
-72
-73
-76
-77
-77
-69
-65
-58
-55
-53
-47
-49
-39
-35
-31
-26
-28
-30
-26
-19
-19
-14
-13
-12
-2
8
9
10
13
20
27
36
38
45
50
51
56
53
57
59
63
67
72
74
77
79
83
92
94
98
101
100
98
100
104
96
92
90
88
86
88
87
85
91
83
82
83
83
82
83
77
73
73
68
68
62
62
58
61
59
58
62
58
65
56
55
54
50
48
45
42
40
44
50
53
55
54
57
62
60
59
64
60
59
58
57
59
47
50
51
55
59
58
68
68
67
67
62
58
53
50
45
44
41
39
38
38
35
34
31
27
25
23
17
17
22
20
14
5
3
-1
-7
-9
-5
-6
-13
-16
-17
-13
-11
-12
-13
-13
-12
-17
-24
-34
-40
-41
-47
-46
-44
-43
-45
-43
-39
-35
-30
-28
-27
-31
-27
-29
-33
-29
-31
-36
-33
-27
-21
-16
-16
-11
-8
-3
-3
-2
4
-3
-6
-6
-5
-2
-7
-3
-2
-2
-1
-2
-4
-4
-5
-11
-12
-19
-24
-28
-32
-34
-29
-28
-28
-23
-30
-36
-39
-38
-37
-42
-41
-44
-41
-43
-42
-42
-46
-40
-35
-30
-35
-35
-43
-45
-43
-46
-47
-48
-44
-48
-45
-43
-43
-41
-40
-36
-40
-38
-44
-44
-45
-51
-57
-60
-68
-70
-66
-65
-56
-50
-47
-47
-55
-57
-59
-60
-60
-64
-64
-62
-62
-56
-57
-54
-51
-51
-49
-45
-35
-40
-39
-44
-41
-41
-42
-34
-36
-30
-28
-28
-26
-27
-27
-18
-16
-16
-18
-15
-10
-8
-5
-4
3
0
-6
-7
-4
-3
2
-2
-9
-10
-8
0
-3
-4
5
7
6
9
12
11
10
7
7
8
1
0
-1
-4
-3
-4
-3
-2
-6
-10
-6
-4
-5
-6
-6
-5
-7
0
-1
-2
-5
-3
-3
-2
11
9
6
2
2
7
7
8
8
11
14
20
28
30
38
38
37
38
31
37
40
39
40
44
51
55
61
67
70
74
71
72
74
78
75
73
78
79
75
75
71
75
81
73
72
72
69
63
60
57
57
62
60
59
55
54
60
59
61
55
43
42
37
34
32
32
35
30
31
32
35
36
36
37
42
48
51
51
43
44
41
36
35
33
31
31
38
38
44
44
47
43
42
41
38
38
38
37
40
41
34
32
29
28
30
31
32
27
24
23
22
23
20
18
13
12
9
7
12
4
-1
-5
-11
-20
-24
-25
-25
-23
-22
-26
-34
-35
-39
-40
-46
-50
-52
-55
-59
-63
-55
-58
-56
-61
-57
-52
-54
-52
-55
-60
-65
-68
-66
-60
-57
-55
-57
-51
-43
-36
-33
-33
-28
-26
-22
-18
-16
-19
-18
-22
-17
-12
-13
-11
-13
-12
-12
-9
-1
-4
-4
-4
-5
-3
-3
-10
-8
-3
-4
3
-5
-8
0
2
5
7
6
9
6
9
10
1
0
-1
3
1
-2
3
-2
-3
-14
-21
-15
-17
-20
-23
-25
-27
-26
-29
-32
-38
-38
-29
-38
-34
-34
-39
-39
-43
-43
-43
-39
-38
-42
-44
-45
-49
-47
-51
-56
-52
-54
-55
-56
-57
-51
-45
-41
-40
-45
-50
-52
-48
-42
-44
-44
-43
-39
-43
-44
-41
-38
-32
-29
-30
-32
-35
-34
-35
-37
-41
-43
-35
-40
-37
-33
-34
-34
-30
-29
-29
-26
-25
-27
-27
-25
-25
-17
-18
-12
-11
-6
1
0
3
6
7
5
9
12
4
5
6
4
2
-1
2
-3
-2
0
2
8
10
10
13
17
13
8
10
8
13
13
16
26
26
20
20
25
27
31
27
28
35
34
41
40
41
38
37
31
30
36
32
33
37
37
36
37
44
41
42
47
50
50
44
49
43
41
46
43
47
41
40
45
40
46
48
50
52
48
49
49
47
52
50
50
51
51
45
45
48
46
49
56
52
50
53
48
44
46
48
47
48
49
52
50
48
44
48
44
46
56
51
57
56
51
52
59
65
61
55
57
52
49
46
38
36
34
32
31
30
34
33
35
37
30
36
35
28
28
26
20
24
15
10
9
8
12
5
5
2
0
1
-5
-6
-5
-12
-7
-7
-14
-15
-15
-11
-5
-12
-19
-14
-18
-21
-18
-18
-23
-21
-22
-23
-24
-26
-25
-22
-27
-35
-36
-36
-32
-31
-40
-39
-36
-36
-32
-36
-30
-38
-37
-32
-42
-41
-38
-31
-27
-27
-32
-32
-30
-29
-30
-28
-26
-26
-22
-22
-17
-14
-16
-19
-25
-26
-21
-19
-14
-13
-11
-10
-10
-10
-8
-8
-9
-11
-10
-17
-21
-23
-19
-26
-30
-28
-25
-24
-32
-28
-31
-28
-30
-33
-33
-35
-32
-35
-41
-50
-50
-49
-51
-40
-42
-43
-44
-40
-32
-39
-35
-37
-41
-40
-36
-41
-47
-43
-45
-41
-46
-39
-34
-37
-29
-30
-30
-31
-34
-40
-45
-41
-40
-39
-40
-38
-36
-39
-37
-36
-29
-31
-29
-24
-31
-27
-29
-33
-29
-31
-33
-34
-38
-40
-38
-41
-43
-38
-35
-33
-29
-30
-35
-37
-33
-30
-26
-31
-36
-40
-41
-39
-38
-38
-40
-35
-39
-32
-28
-32
-34
-23
-22
-17
-12
-15
-4
-2
3
15
7
13
18
18
22
26
34
36
40
44
45
48
53
56
60
62
56
54
49
51
51
51
49
49
53
52
53
58
60
57
57
50
53
55
51
50
45
41
36
39
34
34
35
42
44
47
48
43
43
38
33
32
30
30
30
29
36
39
42
49
45
49
56
62
71
66
63
58
60
59
59
65
62
64
62
60
60
59
55
58
56
52
48
41
40
47
50
49
47
39
33
30
27
24
27
24
22
20
18
18
16
19
19
20
19
15
7
8
7
1
-8
-12
-15
-12
-11
-12
-10
-14
-6
-15
-15
-16
-21
-27
-28
-29
-31
-29
-29
-24
-21
-17
-14
-20
-20
-20
-24
-24
-30
-26
-30
-35
-29
-35
-32
-26
-26
-22
-14
-16
-17
-18
-11
-8
-12
-14
-19
-20
-21
-19
-17
-18
-13
-9
-5
-8
-7
-4
3
4
-3
-8
-8
-7
0
0
0
3
4
10
13
11
15
20
16
17
14
13
14
14
18
25
25
27
31
30
29
24
20
25
23
16
16
11
11
14
12
10
10
14
8
3
2
0
-3
-4
-4
-6
-5
-5
-7
-19
-28
-26
-26
-29
-34
-43
-43
-44
-51
-51
-48
-51
-52
-54
-56
-54
-47
-51
-57
-56
-64
-68
-59
-64
-59
-58
-59
-58
-59
-53
-49
-46
-46
-47
-47
-48
-50
-52
-53
-46
-44
-44
-39
-42
-40
-42
-38
-35
-30
-27
-31
-31
-38
-40
-42
-38
-32
-32
-30
-27
-18
-16
-18
-17
-18
-12
-14
-14
-10
-13
-15
-10
-8
-17
-11
-13
-3
2
1
5
5
10
10
16
15
14
16
16
14
17
19
12
14
12
16
17
18
11
12
27
26
30
27
28
30
29
27
21
19
20
27
22
20
21
21
18
23
34
29
37
41
39
35
28
28
25
20
19
21
24
30
35
29
28
33
27
24
30
33
27
24
23
11
13
12
12
16
22
30
17
12
16
9
17
17
10
11
4
6
13
13
11
7
-3
-2
1
0
2
3
5
1
4
6
7
9
10
10
8
3
-3
-4
-3
1
-3
-7
-7
-10
2
5
4
8
8
4
2
2
2
5
4
7
9
11
7
16
19
21
24
26
30
32
39
40
43
42
33
31
34
28
28
25
27
30
27
27
27
21
16
14
13
12
8
8
3
-2
-1
-7
-10
-11
-12
-14
-13
-16
-23
-20
-18
-11
-4
-4
-12
-9
-10
-12
-9
-8
-13
-10
-3
-1
-1
-4
-1
3
1
2
-3
-6
-1
-3
-5
-9
-12
-16
-16
-15
-7
-9
-6
-4
-13
-7
-5
-2
3
1
4
10
9
13
12
3
0
6
7
11
7
15
24
25
32
27
32
29
30
36
41
41
37
39
43
47
43
44
41
31
32
30
28
25
19
16
18
16
8
5
2
0
5
9
10
7
7
7
6
3
-3
-8
-9
-10
-16
-15
-10
-20
-19
-20
-18
-13
-12
-11
-11
-15
-13
-14
-12
-14
-15
-14
-13
-12
-14
-10
-9
-16
-21
-16
-23
-20
-15
-13
-4
-12
-15
-15
-14
-16
-23
-24
-22
-23
-21
-26
-22
-21
-20
-16
-16
-14
-19
-22
-21
-22
-29
-28
-29
-33
-37
-42
-42
-48
-43
-41
-41
-38
-32
-39
-34
-38
-46
-44
-43
-40
-48
-53
-60
-56
-51
-51
-55
-53
-47
-48
-44
-42
-44
-43
-44
-40
-39
-45
-40
-37
-41
-40
-41
-36
-28
-27
-25
-26
-30
-29
-25
-23
-20
-7
-9
-2
-2
-3
4
7
10
14
17
21
18
17
25
30
35
38
36
30
27
19
25
22
21
20
15
18
17
19
17
23
19
20
17
10
11
8
7
9
5
5
7
2
2
2
-1
0
-3
0
2
2
2
-2
0
-1
7
8
6
9
5
3
2
3
2
7
1
4
3
-1
2
4
4
4
11
16
21
23
21
22
26
32
32
28
25
20
16
18
22
22
24
31
35
36
41
46
40
36
36
34
32
30
33
35
29
25
25
20
22
27
31
31
23
20
22
19
20
21
9
5
6
7
8
8
12
12
10
16
18
17
23
22
27
30
27
33
26
21
19
13
20
20
17
30
30
28
36
39
38
35
32
39
44
38
34
28
24
21
16
20
26
23
27
30
31
34
34
31
34
33
28
26
24
25
26
30
31
29
28
27
28
26
20
19
20
16
17
19
21
21
21
19
16
15
12
7
1
-1
-3
-10
-14
-6
-5
-4
-3
-3
-3
-4
-9
-9
-11
-19
-25
-28
-28
-34
-41
-50
-51
-50
-49
-40
-42
-36
-35
-37
-35
-40
-38
-40
-45
-45
-46
-44
-43
-43
-41
-38
-40
-35
-36
-34
-35
-41
-39
-40
-39
-42
-35
-27
-26
-20
-19
-25
-33
-36
-32
-34
-39
-34
-41
-43
-46
-42
-36
-33
-35
-32
-32
-32
-33
-43
-40
-52
-52
-48
-53
-57
-52
-57
-51
-46
-52
-50
-58
-59
-64
-55
-53
-60
-55
-58
-50
-45
-47
-39
-30
-31
-25
-25
-25
-26
-20
-20
-18
-13
-17
-11
-14
-5
0
2
7
7
11
10
6
0
-4
-6
-1
5
4
9
16
17
22
26
25
22
22
28
25
25
26
24
29
33
33
32
29
32
35
35
41
36
31
29
31
29
28
28
29
31
31
29
26
24
19
17
15
3
4
5
1
0
-7
-10
-10
-7
-7
-9
-11
-10
-7
-11
-14
-15
-10
-13
-22
-18
-17
-16
-17
-17
-3
-1
-6
-3
-2
1
6
9
8
6
7
10
22
18
17
13
13
19
11
16
14
13
15
15
15
16
21
19
14
12
8
11
20
20
14
13
13
13
12
10
12
11
9
7
7
11
17
19
21
21
24
24
24
29
27
25
28
29
35
33
31
29
33
38
45
49
44
44
49
54
55
52
54
53
56
58
58
57
51
51
52
55
57
56
52
49
51
53
54
52
42
38
35
33
34
30
36
27
32
35
34
39
31
27
28
26
21
18
13
15
15
15
15
23
26
27
26
21
18
20
22
13
10
4
3
0
3
5
0
2
0
-3
0
-1
-1
-2
-3
-9
-14
-23
-25
-19
-13
-13
-16
-18
-19
-22
-32
-32
-31
-28
-30
-30
-36
-41
-42
-43
-38
-40
-43
-43
-57
-53
-51
-57
-59
-58
-56
-60
-62
-64
-63
-66
-67
-71
-65
-61
-66
-69
-68
-72
-70
-75
-78
-68
-73
-70
-59
-61
-58
-54
-49
-48
-43
-36
-29
-20
-25
-20
-15
-15
-16
-17
-19
-20
-16
-14
-10
-10
-11
-8
-13
-14
-19
-20
-19
-16
-21
-28
-26
-26
-28
-31
-33
-37
-38
-44
-43
-40
-43
-44
-44
-42
-44
-36
-39
-36
-37
-36
-35
-37
-29
-33
-30
-28
-26
-23
-24
-21
-19
-24
-24
-24
-21
-18
-15
-8
-10
-9
-7
-10
-9
-12
-7
-12
-10
-5
-1
5
9
13
13
14
16
15
19
25
22
23
31
38
36
43
41
33
37
33
28
30
26
21
20
20
22
24
25
25
21
19
20
16
13
12
16
11
13
16
17
14
3
-1
0
0
8
11
10
11
9
5
10
18
13
12
14
14
10
15
12
13
14
12
15
16
15
19
21
18
23
21
21
17
22
21
25
29
25
30
25
27
30
30
35
41
36
37
45
46
46
44
40
42
38
38
42
39
36
34
37
34
36
38
43
42
42
46
45
40
37
46
44
43
43
38
40
42
42
41
40
39
40
38
42
40
31
34
27
23
24
18
19
15
12
15
13
8
11
9
5
4
1
8
2
4
7
6
10
5
4
3
2
3
6
7
6
12
16
14
17
15
17
19
19
18
19
19
14
9
10
11
11
18
12
8
11
12
16
16
16
18
12
5
1
0
2
2
3
2
0
-1
4
10
11
4
1
0
-6
-11
-17
-19
-19
-26
-27
-27
-27
-27
-24
-28
-32
-27
-26
-29
-30
-34
-35
-33
-36
-34
-38
-33
-33
-37
-30
-37
-36
-30
-26
-24
-29
-29
-26
-26
-25
-27
-28
-27
-31
-28
-29
-35
-42
-44
-39
-44
-44
-39
-33
-31
-38
-36
-36
-46
-49
-47
-52
-51
-51
-56
-48
-52
-47
-45
-52
-48
-49
-50
-51
-55
-53
-56
-51
-44
-45
-41
-48
-53
-59
-57
-55
-48
-49
-51
-47
-45
-40
-44
-43
-40
-40
-34
-34
-34
-29
-28
-25
-24
-22
-18
-18
-16
-12
-13
-11
-7
-5
2
-4
-5
5
5
9
14
10
12
17
16
21
20
23
26
31
33
36
37
29
33
34
32
30
32
41
37
37
41
38
44
40
36
40
32
30
34
34
41
39
29
29
23
31
30
34
34
29
29
24
23
14
17
16
20
22
27
28
24
23
19
22
23
22
19
13
4
2
2
0
4
1
2
7
6
10
9
2
4
-3
-1
1
-2
0
-5
-6
-5
-1
2
4
1
1
3
6
2
5
4
-3
-2
0
9
2
5
11
7
13
15
13
6
7
5
4
5
8
15
14
9
9
18
22
23
26
18
18
18
18
16
16
16
18
23
25
27
25
31
28
34
35
34
36
34
33
26
20
23
27
30
35
36
35
28
30
36
32
32
29
24
29
24
24
27
24
34
36
37
36
32
37
40
48
52
52
50
49
56
53
48
46
40
41
44
46
37
33
36
38
42
31
23
24
25
22
20
15
16
20
20
19
16
9
4
2
-1
-7
-4
3
-2
-1
-5
-9
-12
-7
-6
-9
-7
-14
-18
-22
-28
-33
-30
-32
-32
-22
-28
-38
-34
-38
-44
-46
-47
-55
-54
-56
-52
-49
-51
-48
-55
-51
-49
-50
-49
-56
-54
-55
-57
-58
-59
-61
-60
-58
-64
-59
-56
-55
-55
-60
-59
-62
-64
-62
-57
-57
-58
-59
-60
-59
-59
-57
-53
-49
-45
-45
-41
-37
-39
-41
-41
-40
-39
-34
-36
-31
-33
-38
-40
-35
-39
-35
-33
-30
-26
-25
-19
-16
-8
-6
5
-2
-10
-11
-17
-14
-17
-18
-13
-7
-11
-1
7
7
15
9
7
4
5
3
0
8
-3
0
6
7
14
25
29
26
25
22
23
24
19
11
18
21
18
23
27
26
20
22
23
30
38
42
43
34
32
31
31
27
29
29
24
30
34
30
31
30
26
23
20
14
9
7
3
4
4
3
-5
-10
-9
-8
-8
-8
-17
-21
-18
-18
-16
-15
-10
-3
-2
-4
0
0
5
1
-2
-2
-7
1
3
5
12
12
12
13
22
18
18
21
17
18
25
25
28
34
32
35
31
30
33
25
26
26
24
31
23
25
21
17
23
19
22
20
24
16
19
27
21
27
20
15
11
6
10
13
14
8
9
10
10
12
7
7
10
10
10
4
5
12
8
13
12
10
12
13
15
12
13
9
5
7
7
8
8
8
11
10
7
3
8
2
-4
3
0
0
0
-1
-2
-7
-5
1
5
12
13
5
11
23
20
23
26
26
20
17
22
32
32
32
40
36
39
40
33
38
35
36
34
26
17
10
8
4
0
-1
5
-2
0
4
4
1
-7
-10
-8
-6
-6
-6
-15
-14
-14
-17
-12
-13
-12
-12
-13
-14
-9
-8
-16
-19
-18
-17
-22
-22
-20
-18
-21
-27
-24
-24
-27
-28
-25
-29
-36
-38
-38
-42
-41
-43
-47
-54
-59
-55
-68
-63
-68
-66
-53
-48
-45
-40
-39
-44
-38
-34
-34
-29
-30
-30
-29
-29
-28
-28
-25
-23
-15
-15
-14
-12
-19
-20
-17
-16
-18
-19
-14
-9
-12
-11
-11
-13
-6
-9
-11
-14
-16
-20
-24
-26
-30
-23
-23
-20
-19
-18
-16
-16
-9
-15
-9
-5
-5
-2
-1
2
8
8
12
13
12
18
21
23
19
22
22
23
28
24
27
23
26
23
18
17
13
14
15
17
10
6
3
-5
-4
-2
-1
3
10
11
14
13
12
15
13
15
7
13
10
8
8
8
4
5
11
8
8
4
7
1
-2
-4
-9
-5
-10
-12
-11
-10
-8
-5
-10
-10
-8
-4
0
3
2
1
-2
-4
-4
-12
-15
-12
-14
-9
-10
-6
1
3
11
17
24
31
32
30
23
27
24
18
21
18
15
19
23
26
30
26
19
22
20
26
32
26
20
14
6
-1
-5
-7
-4
-11
-17
-13
-16
-15
-20
-19
-14
-18
-16
-14
-17
-20
-23
-27
-30
-32
-28
-23
-22
-20
-22
-23
-15
-19
-15
-14
-14
-9
-8
-8
-3
5
4
5
5
15
19
21
24
25
26
25
23
24
24
16
21
20
21
24
26
25
20
28
32
32
32
30
34
30
33
34
34
43
44
47
47
52
50
52
60
55
49
51
46
51
47
49
54
47
43
44
39
35
39
35
34
32
25
12
6
9
9
10
13
17
14
9
11
8
-5
-4
1
-2
-4
-8
-6
-2
-2
-1
0
-2
-5
-2
-7
-9
-3
-2
-7
-13
-10
-5
-4
-9
-8
-12
-11
-3
-3
-5
-5
-8
-17
-20
-19
-24
-29
-22
-28
-28
-28
-35
-38
-45
-48
-46
-49
-49
-54
-61
-54
-55
-61
-60
-61
-62
-62
-63
-58
-69
-75
-75
-78
-72
-76
-69
-62
-58
-55
-47
-44
-37
-40
-43
-40
-41
-34
-27
-21
-15
-9
-7
-5
-3
-7
-7
-4
-8
-7
-1
-2
-3
-1
-5
-3
2
8
12
11
11
8
6
3
4
8
6
5
6
-1
4
11
6
7
7
15
16
14
17
20
21
15
13
16
16
12
11
9
6
8
14
11
10
12
4
6
3
0
-2
-7
-5
-2
10
14
7
7
12
18
12
11
10
2
4
-2
-1
5
4
8
16
17
15
12
19
17
13
9
-1
0
-1
-6
-8
-8
-9
-7
-8
-8
-7
-10
-16
-10
-13
-23
-32
-38
-36
-43
-47
-45
-43
-38
-38
-34
-25
-25
-22
-24
-17
-21
-22
-15
-13
-8
-15
-10
-7
-6
-6
0
-2
2
1
4
9
5
5
1
2
12
14
11
12
14
21
17
14
9
7
6
5
3
-3
-2
2
8
10
8
10
10
12
14
17
8
4
12
10
18
16
11
14
19
23
28
31
32
28
35
38
39
38
35
36
30
28
30
33
31
20
14
21
26
24
25
28
23
25
24
31
36
34
35
32
35
34
39
48
49
47
52
44
43
45
45
45
45
47
49
48
46
45
41
43
38
40
39
36
35
28
21
13
13
7
5
4
4
8
2
4
-1
0
2
1
-7
-13
-14
-19
-18
-19
-23
-21
-22
-23
-25
-25
-16
-13
-14
-11
-11
-15
-14
-13
-16
-20
-21
-15
-16
-15
-25
-23
-20
-22
-17
-19
-20
-18
-23
-19
-18
-30
-26
-32
-32
-33
-34
-33
-38
-35
-26
-25
-25
-17
-13
-6
0
-1
-4
0
-5
-9
-7
-7
-11
-6
-8
-4
-2
0
-4
-15
-15
-18
-13
-10
-8
-16
-15
-16
-25
-28
-25
-32
-32
-30
-33
-25
-15
-10
-11
-13
-11
-8
-5
-7
-6
-13
-17
-15
-16
-13
-14
-19
-23
-23
-23
-18
-10
-10
-7
-11
-14
-13
-14
-11
-12
-14
-18
-19
-20
-23
-24
-32
-34
-29
-33
-32
-26
-26
-22
-26
-24
-19
-19
-17
-18
-20
-25
-30
-31
-34
-32
-31
-35
-30
-26
-20
-18
-15
-11
-16
-9
-9
-6
-9
-10
-9
-14
-10
-11
-3
-1
-5
0
4
6
14
16
13
8
2
3
10
2
1
6
3
13
19
20
21
22
28
32
30
31
34
38
27
22
25
26
30
32
29
31
32
33
40
43
37
36
39
40
44
40
30
23
21
22
23
27
23
24
19
16
18
13
10
4
-2
-10
-10
-8
-11
-13
-16
-25
-27
-25
-19
-21
-22
-21
-23
-24
-23
-33
-37
-35
-30
-24
-22
-25
-21
-23
-17
-14
-16
-9
-12
-11
-11
-12
-15
-13
-13
-11
-10
-5
-3
3
10
8
7
6
6
7
14
15
14
18
19
22
28
28
33
35
37
42
47
53
58
61
59
64
65
73
74
77
81
81
80
78
75
76
85
85
87
93
97
94
89
86
88
78
72
69
61
57
53
50
54
51
51
48
45
42
40
44
39
35
29
24
19
14
20
17
22
16
11
9
3
0
-7
-9
-19
-22
-19
-20
-17
-14
-15
-12
-17
-14
-14
-15
-14
-14
-14
-16
-17
-16
-19
-19
-18
-27
-22
-17
-14
-13
-13
-15
-17
-17
-19
-16
-17
-21
-22
-18
-25
-21
-16
-15
-11
-16
-23
-22
-21
-28
-28
-34
-40
-37
-40
-37
-32
-28
-20
-20
-19
-22
-31
-33
-44
-49
-48
-54
-46
-43
-42
-40
-36
-38
-39
-42
-35
-37
-43
-44
-49
-46
-41
-37
-45
-53
-54
-52
-52
-48
-38
-34
-41
-48
-51
-50
-49
-39
-33
-33
-31
-29
-23
-25
-30
-32
-21
-17
-16
-16
-23
-26
-22
-21
-18
-17
-20
-14
-3
-9
-6
-2
-3
5
2
1
1
0
-6
0
0
1
2
1
7
10
14
12
4
3
2
-2
0
-2
-3
-5
-13
-16
-26
-25
-22
-25
-28
-29
-34
-36
-35
-37
-36
-32
-35
-39
-39
-37
-35
-42
-43
-43
-46
-47
-53
-48
-43
-49
-51
-53
-47
-50
-46
-44
-42
-36
-41
-33
-33
-34
-33
-27
-25
-22
-12
-9
-11
-4
2
10
11
13
11
10
12
10
12
13
16
17
15
15
14
12
14
12
11
16
13
9
12
5
4
4
0
0
1
4
1
1
4
3
0
2
7
12
18
23
24
23
27
27
28
30
31
30
33
39
46
49
62
61
63
70
72
78
71
65
69
66
69
68
66
70
66
67
66
77
90
88
85
85
84
84
85
80
79
85
82
84
90
90
94
94
94
98
105
106
112
114
111
110
111
114
111
106
105
102
101
103
88
83
80
75
71
63
58
53
51
51
47
43
44
41
36
31
22
19
16
17
12
7
5
2
-4
-2
-8
-9
-9
-9
-12
-19
-25
-32
-34
-37
-36
-38
-37
-37
-36
-35
-41
-47
-48
-47
-44
-41
-40
-48
-52
-54
-48
-47
-45
-45
-44
-47
-49
-48
-47
-48
-57
-58
-59
-59
-54
-50
-54
-51
-52
-51
-48
-44
-42
-43
-35
-40
-35
-36
-41
-47
-52
-52
-48
-41
-44
-38
-36
-39
-45
-52
-51
-58
-58
-58
-63
-60
-52
-52
-52
-49
-53
-48
-44
-38
-36
-36
-35
-42
-43
-42
-41
-36
-36
-39
-37
-29
-32
-34
-31
-32
-38
-40
-39
-35
-36
-35
-36
-42
-50
-53
-51
-54
-61
-61
-60
-57
-56
-52
-51
-56
-58
-61
-55
-57
-56
-49
-47
-42
-41
-45
-44
-50
-48
-42
-34
-27
-27
-23
-26
-21
-13
-11
-9
-8
-12
-15
-17
-17
-15
-11
-11
-8
1
4
5
5
2
3
-2
-2
4
6
10
3
3
6
2
7
9
11
21
23
19
25
25
19
18
13
12
15
11
12
8
2
4
8
8
11
9
5
13
18
13
12
16
16
14
19
18
18
17
16
8
7
11
12
18
21
21
21
22
21
26
35
28
29
37
37
34
37
37
35
33
29
29
27
25
26
31
26
27
28
33
36
31
37
41
38
37
40
38
39
43
43
51
53
49
53
50
54
56
53
52
58
57
58
59
53
56
55
51
50
57
59
62
63
59
65
65
65
76
71
69
74
71
70
63
63
63
56
56
58
58
61
59
67
73
65
63
55
55
53
50
52
49
47
47
43
40
45
48
42
42
39
35
33
30
29
23
19
18
23
23
24
29
25
24
33
26
25
27
21
22
18
12
9
5
-1
0
-2
2
4
3
-1
-11
-21
-29
-31
-35
-38
-41
-41
-41
-39
-34
-38
-42
-43
-37
-41
-45
-39
-40
-40
-35
-31
-30
-33
-34
-44
-44
-51
-50
-49
-55
-52
-51
-51
-47
-44
-38
-37
-41
-38
-37
-45
-53
-54
-58
-58
-58
-51
-46
-51
-50
-49
-48
-46
-41
-42
-41
-41
-38
-40
-44
-51
-58
-60
-67
-63
-63
-65
-68
-70
-75
-81
-80
-80
-84
-88
-87
-85
-89
-86
-89
-87
-85
-84
-86
-79
-72
-72
-66
-65
-64
-62
-55
-49
-45
-43
-36
-29
-24
-25
-29
-24
-25
-19
-13
-4
0
1
8
13
20
24
26
19
18
18
20
25
23
17
10
15
18
22
21
16
16
16
20
25
19
23
19
12
5
6
4
-4
2
0
-1
1
4
5
7
11
1
2
-2
-4
-5
-17
-20
-21
-12
-10
-12
-12
-18
-18
-8
-2
1
4
3
4
6
8
3
10
13
5
8
8
9
12
11
15
10
11
11
6
6
-5
-2
-2
-4
-3
-9
-9
-7
-11
-13
-17
-19
-23
-20
-25
-27
-22
-20
-17
-18
-16
-24
-17
-19
-12
-8
-10
-5
-4
-6
-4
1
5
10
13
18
18
16
21
20
25
29
28
32
36
38
42
41
42
46
50
56
56
55
52
51
55
56
62
67
71
74
78
72
74
78
71
72
74
73
68
72
69
69
72
76
79
81
88
93
87
87
88
81
78
77
75
72
73
76
78
79
82
84
79
78
78
71
67
63
57
53
52
51
49
46
43
38
39
37
36
32
30
29
18
10
7
3
-4
-7
-7
-12
-15
-20
-30
-33
-37
-33
-29
-32
-35
-37
-42
-38
-42
-42
-44
-50
-53
-57
-56
-57
-58
-57
-59
-57
-52
-48
-53
-53
-44
-44
-41
-37
-37
-31
-32
-33
-36
-34
-34
-33
-31
-30
-28
-26
-21
-20
-15
-18
-20
-10
-7
-12
-15
-12
-16
-10
-16
-11
-6
-11
-15
-21
-18
-21
-13
-24
-29
-29
-31
-28
-30
-28
-35
-34
-36
-38
-39
-42
-47
-53
-54
-50
-50
-51
-56
-53
-47
-41
-39
-40
-38
-38
-40
-37
-40
-43
-48
-52
-50
-48
-36
-27
-24
-24
-25
-20
-22
-19
-17
-17
-17
-19
-15
-12
-9
-6
-3
-1
1
1
2
1
-6
-9
-10
-10
-6
3
0
3
1
1
6
2
1
2
5
-1
-4
-6
-4
-2
-1
4
4
9
12
20
24
25
21
11
18
16
13
13
12
13
12
11
17
21
21
25
30
32
20
18
19
16
19
12
20
16
14
19
15
20
25
19
15
17
8
13
15
9
10
5
8
10
10
10
13
12
5
3
-1
-2
-7
-13
-13
-10
-6
-1
1
0
1
-4
-11
-11
-13
-20
-23
-24
-26
-29
-31
-28
-26
-32
-33
-39
-43
-47
-51
-48
-55
-56
-50
-49
-53
-49
-43
-48
-46
-43
-37
-34
-32
-28
-24
-25
-22
-15
-11
2
1
4
10
17
23
26
33
32
30
27
26
26
23
31
36
44
49
45
44
48
42
40
38
30
29
25
24
24
28
21
33
35
43
39
35
39
34
46
42
47
48
43
36
37
43
43
37
40
41
41
41
39
47
49
47
46
43
35
31
26
27
29
27
27
28
31
34
36
37
31
27
26
22
24
23
18
20
26
31
29
27
26
26
27
27
24
25
24
22
24
24
26
22
26
28
26
32
32
32
24
22
25
26
26
28
32
30
28
26
28
22
16
22
13
9
8
3
12
0
1
-2
-7
-6
-7
-4
-5
-1
-6
-11
-14
-23
-26
-28
-24
-27
-32
-38
-44
-36
-38
-35
-37
-39
-33
-36
-40
-39
-40
-43
-46
-48
-48
-44
-46
-48
-54
-51
-48
-53
-55
-56
-58
-56
-52
-51
-43
-50
-51
-48
-50
-48
-49
-46
-37
-32
-27
-27
-19
-14
-12
-6
-7
-3
-8
-7
-5
-7
-2
3
9
6
10
17
15
21
25
28
23
26
24
21
22
19
23
25
23
21
16
14
16
21
25
20
14
13
13
9
7
6
6
0
-6
-7
-7
-9
-6
-5
-5
-7
-10
-7
-16
-19
-21
-30
-27
-29
-35
-33
-32
-32
-28
-28
-26
-22
-25
-30
-34
-40
-39
-39
-38
-37
-41
-50
-56
-53
-51
-42
-38
-34
-33
-34
-32
-36
-42
-40
-37
-39
-38
-42
-37
-36
-40
-36
-39
-43
-43
-44
-45
-39
-43
-42
-46
-56
-53
-57
-55
-58
-55
-54
-50
-51
-47
-44
-47
-45
-43
-34
-34
-33
-34
-28
-24
-32
-27
-26
-22
-15
-12
-8
0
4
0
4
10
14
16
15
22
22
27
31
30
39
39
51
56
58
62
62
69
66
72
77
76
76
74
71
72
70
67
77
78
82
83
77
80
82
79
80
83
76
70
67
63
62
57
53
48
48
54
50
55
53
50
46
42
43
40
35
31
28
26
21
21
17
14
9
7
4
2
-7
-11
-3
-8
-7
-4
1
1
3
8
6
3
4
-1
-6
-3
-4
0
-6
-9
-3
-5
-2
-1
-2
7
9
15
12
19
21
25
27
26
29
28
24
21
22
19
18
21
29
24
17
16
14
14
17
25
24
23
24
20
26
23
24
24
16
17
16
20
20
16
19
23
29
30
35
32
24
25
24
21
15
8
7
9
7
1
3
0
3
3
3
2
2
0
-3
-6
-12
-12
-19
-17
-18
-16
-13
-15
-12
-8
-9
-12
-12
-13
-11
-7
-8
-10
-11
-13
-12
-15
-11
-17
-20
-21
-24
-18
-25
-29
-34
-40
-35
-39
-39
-34
-30
-31
-29
-28
-26
-26
-29
-35
-40
-40
-39
-42
-40
-38
-38
-39
-38
-35
-29
-29
-27
-34
-28
-24
-30
-27
-30
-27
-27
-24
-21
-19
-20
-21
-24
-20
-23
-23
-25
-28
-29
-33
-25
-24
-21
-23
-21
-22
-25
-18
-25
-29
-28
-31
-39
-37
-41
-47
-41
-43
-40
-38
-43
-47
-47
-40
-40
-41
-41
-42
-38
-39
-37
-40
-45
-43
-41
-35
-29
-29
-25
-25
-27
-28
-22
-18
-17
-11
-12
-17
-16
-13
-16
-13
-16
-18
-25
-21
-23
-25
-20
-23
-15
-14
-18
-3
-6
-2
1
7
8
-1
0
-5
-8
-14
-12
-8
-7
-7
-2
-8
-11
-10
-15
-9
-11
-11
-8
-12
-9
-11
-12
-13
-15
-17
-23
-20
-16
-16
-12
-12
-5
0
-3
0
-6
0
5
7
5
8
10
14
17
22
29
24
30
32
35
41
44
44
47
52
56
60
64
60
61
64
66
71
67
66
69
67
75
77
75
84
86
86
88
93
93
92
93
93
90
90
91
88
85
79
78
68
67
74
70
61
56
54
50
45
40
38
36
31
25
28
25
19
21
20
16
19
17
15
16
15
10
8
6
5
5
9
15
16
21
27
16
15
17
20
17
16
19
13
14
12
21
21
22
18
16
17
17
13
7
9
3
-7
-2
5
0
0
2
2
-1
7
13
9
9
10
13
7
11
9
0
4
0
4
10
13
14
15
15
15
13
8
2
-5
-7
-5
-9
-3
-4
-4
-6
-8
-13
-16
-14
-17
-19
-24
-26
-31
-25
-34
-42
-33
-36
-31
-34
-27
-24
-32
-30
-42
-45
-49
-53
-47
-41
-42
-44
-41
-45
-37
-37
-41
-35
-37
-36
-33
-33
-36
-36
-34
-27
-26
-23
-18
-11
-8
0
3
1
7
12
8
12
23
16
23
22
20
22
28
32
26
30
28
25
17
13
8
6
-3
-5
-4
-11
-12
-19
-23
-34
-36
-45
-47
-51
-62
-68
-75
-82
-84
-84
-93
-98
-97
-102
-102
-106
-112
-111
-115
-120
-120
-119
-120
-122
-116
-114
-111
-104
-103
-95
-97
-97
-96
-92
-86
-82
-80
-82
-75
-73
-64
-61
-52
-52
-48
-42
-40
-31
-27
-25
-21
-21
-19
-21
-19
-17
-19
-17
-12
-4
1
5
3
7
8
9
6
3
8
2
2
4
8
11
10
4
3
-2
0
-4
4
5
-2
3
-3
-1
3
8
5
7
8
6
11
12
16
18
22
27
32
32
37
42
40
47
54
61
60
68
70
65
60
61
63
66
81
84
85
87
83
81
81
83
85
93
93
91
95
88
85
87
92
92
92
87
86
87
91
86
80
81
73
72
67
66
67
65
65
68
64
60
58
52
49
47
42
44
46
37
37
28
35
35
26
32
30
35
26
28
31
25
21
20
20
22
27
26
27
30
30
33
32
27
34
32
23
25
28
27
29
24
26
30
34
39
35
37
37
29
33
30
35
33
25
23
25
21
19
15
10
12
9
11
11
9
11
9
9
13
17
16
15
17
14
17
15
17
17
18
12
6
11
8
11
12
12
14
7
0
2
-4
0
-3
-6
-8
-18
-19
-28
-34
-31
-36
-33
-31
-33
-32
-33
-34
-31
-36
-39
-41
-48
-50
-56
-62
-65
-65
-62
-60
-58
-58
-58
-61
-62
-59
-59
-54
-57
-55
-57
-54
-55
-58
-50
-45
-41
-35
-29
-29
-28
-25
-30
-32
-32
-35
-31
-35
-45
-47
-50
-53
-52
-51
-52
-47
-49
-47
-41
-37
-38
-44
-47
-44
-47
-48
-49
-57
-57
-56
-58
-57
-49
-52
-52
-46
-47
-52
-54
-60
-61
-56
-57
-57
-57
-53
-54
-54
-57
-60
-62
-60
-57
-56
-57
-59
-58
-62
-59
-58
-56
-55
-59
-56
-49
-49
-42
-42
-46
-40
-35
-29
-22
-14
-12
-10
-7
-7
-5
-4
-5
-4
3
2
-1
-3
2
8
4
0
2
4
3
3
7
10
14
20
23
13
11
13
10
9
12
15
13
17
21
26
32
36
35
37
33
31
31
28
31
27
28
33
37
38
39
38
33
36
35
41
45
37
44
45
48
49
48
50
44
48
54
54
56
56
52
55
58
52
49
53
59
60
68
63
61
56
51
53
51
48
50
56
55
61
60
57
54
50
52
51
50
51
52
48
50
51
54
57
52
55
55
60
61
59
60
63
63
63
67
65
66
69
69
67
66
66
68
64
65
62
59
54
50
55
54
54
50
43
38
29
25
31
28
30
26
23
25
19
21
17
14
18
19
12
15
21
17
15
19
13
16
16
9
4
-3
-6
-9
-6
-4
-3
2
2
-2
-3
-11
-13
-16
-22
-29
-32
-33
-34
-34
-36
-37
-37
-42
-38
-38
-35
-32
-35
-41
-37
-41
-46
-41
-41
-39
-38
-42
-44
-47
-39
-33
-29
-15
-15
-23
-24
-27
-33
-35
-39
-43
-40
-40
-44
-43
-36
-39
-39
-42
-39
-41
-41
-42
-48
-45
-52
-50
-49
-60
-59
-60
-66
-60
-57
-54
-53
-47
-38
-41
-41
-41
-46
-46
-46
-42
-44
-44
-39
-34
-35
-35
-28
-28
-21
-16
-14
-16
-14
-14
-26
-28
-27
-27
-30
-30
-29
-34
-29
-30
-29
-25
-26
-19
-13
-15
-20
-22
-23
-23
-30
-29
-33
-36
-30
-28
-23
-18
-16
-15
-12
-13
-15
-18
-19
-16
-23
-24
-20
-24
-16
-16
-16
-14
-8
-12
-14
-11
-18
-25
-29
-25
-26
-27
-26
-25
-22
-17
-19
-18
-16
-20
-12
-11
-11
-13
-8
-8
-14
-12
-5
1
10
12
10
8
7
4
9
6
-1
3
6
9
11
13
14
17
16
14
18
18
14
13
13
15
20
17
16
14
15
13
12
12
12
11
16
14
11
16
15
19
27
27
29
27
28
31
29
29
25
25
23
21
22
18
20
21
26
33
36
39
43
37
35
32
23
24
25
27
27
24
24
31
41
47
51
51
59
60
57
58
57
61
58
62
62
60
58
60
61
54
53
55
53
57
58
56
51
47
50
50
50
50
56
58
53
56
51
46
44
42
44
47
50
48
49
45
45
48
48
50
49
47
43
37
34
24
18
15
17
13
13
19
16
16
13
18
16
17
6
4
0
-2
1
1
3
-1
-1
-3
-2
-4
-5
-1
-4
-8
-9
-17
-21
-23
-25
-29
-24
-22
-16
-18
-27
-32
-36
-37
-42
-41
-42
-44
-43
-39
-33
-34
-36
-34
-27
-32
-37
-39
-47
-48
-54
-56
-55
-59
-56
-54
-49
-48
-46
-45
-38
-37
-37
-37
-40
-44
-45
-42
-46
-45
-50
-50
-43
-40
-37
-35
-37
-43
-40
-44
-50
-44
-35
-35
-34
-30
-36
-29
-29
-33
-24
-32
-30
-30
-31
-26
-20
-24
-23
-17
-23
-18
-15
-10
-6
-3
-8
-15
-14
-17
-20
-26
-25
-24
-30
-23
-19
-16
-17
-13
-18
-14
-11
-15
-16
-19
-18
-17
-17
-19
-14
-20
-19
-18
-17
-11
-11
-18
-13
-13
-11
-4
-7
-5
-3
1
2
4
1
4
1
6
4
6
8
6
13
8
12
13
13
16
14
20
18
11
13
15
11
6
10
4
5
8
13
17
16
18
18
17
19
10
5
7
0
-3
-9
-5
-4
-3
-5
-7
-7
-11
-8
-8
-8
-14
-19
-23
-28
-28
-23
-24
-22
-17
-14
-8
-6
-8
-11
-14
-16
-19
-17
-12
-10
-2
3
7
7
6
8
13
11
5
13
7
7
11
14
21
23
23
27
27
23
24
27
31
29
33
33
34
31
32
29
37
43
46
47
50
42
36
37
34
33
36
35
39
49
48
46
48
48
49
48
51
55
56
53
49
48
46
40
33
30
34
28
33
32
33
40
36
32
29
21
16
7
6
9
2
2
-5
-3
-6
0
0
-5
-1
-5
3
-1
-4
1
1
1
-2
0
-2
-1
1
2
1
-1
-1
3
4
-2
1
1
6
13
7
15
13
12
11
18
18
18
21
15
21
23
21
21
15
18
15
17
19
17
15
8
4
8
6
-3
3
2
-5
-12
-19
-19
-17
-21
-22
-22
-23
-28
-33
-37
-42
-48
-45
-41
-45
-50
-52
-58
-61
-68
-67
-77
-79
-80
-86
-76
-74
-71
-66
-60
-51
-48
-48
-49
-52
-52
-51
-45
-35
-24
-15
-12
-9
1
8
10
18
25
23
24
29
31
27
23
28
30
32
34
36
37
43
43
47
47
43
38
36
33
31
31
34
29
22
21
15
20
25
22
24
24
17
10
9
11
6
3
2
7
9
11
11
9
9
9
14
10
10
6
8
6
1
-5
-6
-6
-8
-15
-17
-21
-23
-22
-20
-23
-26
-25
-23
-25
-22
-27
-30
-32
-37
-36
-42
-44
-47
-46
-41
-37
-35
-32
-34
-32
-30
-34
-38
-38
-42
-47
-49
-41
-39
-41
-43
-43
-34
-33
-28
-31
-39
-38
-37
-35
-36
-45
-43
-52
-54
-47
-43
-40
-38
-32
-30
-26
-20
-19
-14
-14
-17
-23
-28
-24
-21
-18
-17
-18
-11
-6
1
8
6
4
7
5
4
3
-1
-3
-1
-4
3
0
1
4
1
0
-1
3
-2
0
2
1
-8
-3
6
2
6
11
13
10
8
3
3
8
17
24
24
28
27
30
33
40
42
45
47
44
47
48
49
48
46
42
44
43
45
46
51
53
55
56
49
52
49
51
59
51
46
43
41
36
29
35
35
34
33
36
42
38
34
27
23
17
21
20
19
13
14
12
13
12
2
4
6
2
1
6
5
2
4
7
6
8
5
8
11
11
10
12
14
19
20
16
14
8
7
12
14
15
19
20
19
18
15
13
9
11
7
4
1
-4
-4
-5
-4
5
3
2
1
-8
-5
-17
-17
-15
-19
-21
-22
-28
-31
-27
-23
-20
-22
-17
-15
-17
-23
-29
-28
-29
-33
-29
-21
-21
-25
-22
-19
-17
-15
-15
-11
-11
-5
-3
-5
-2
-4
1
4
8
12
16
22
25
26
34
35
32
34
31
33
37
32
33
32
29
28
27
27
22
21
16
21
22
21
23
19
20
18
13
9
10
11
5
5
6
10
12
18
18
17
14
13
21
17
14
11
10
5
0
-2
-6
-7
-8
-9
-3
-4
-6
-5
-9
-15
-25
-24
-28
-35
-36
-39
-39
-44
-43
-44
-41
-46
-48
-46
-44
-49
-58
-59
-61
-58
-63
-56
-54
-56
-51
-48
-44
-49
-51
-50
-52
-50
-49
-39
-37
-36
-31
-27
-26
-29
-28
-25
-22
-22
-18
-16
-14
-16
-19
-14
-13
-13
-9
-1
-1
-4
-2
-11
-9
-15
-14
-13
-7
-4
-8
-4
-6
2
4
1
7
10
9
6
3
2
1
0
1
3
3
-4
1
-1
1
6
1
-4
-7
-7
-10
-14
-18
-14
-17
-15
-9
-9
-17
-19
-17
-14
-11
-11
-9
-9
-11
-14
-12
-10
-10
-3
1
2
2
3
3
3
1
3
4
2
6
12
11
16
21
23
29
28
33
32
32
32
32
36
31
29
27
26
30
30
35
45
40
36
42
41
38
39
41
30
27
29
26
27
25
28
27
21
25
23
27
29
24
28
31
31
23
27
27
17
15
10
7
3
6
10
10
11
11
13
16
17
12
12
7
10
9
5
7
2
6
-1
-1
-1
-3
3
-1
-4
-4
-8
-5
-1
-2
0
1
-1
-4
-5
-7
-5
-13
-4
3
-1
4
2
2
1
0
4
2
0
-4
-1
-3
-7
-5
-8
-6
-1
-2
0
0
-5
-2
3
4
8
9
5
1
6
-1
1
0
3
9
7
15
6
11
12
9
9
6
11
8
15
16
19
23
15
21
27
27
28
28
22
21
24
20
28
24
23
25
20
30
30
29
29
27
26
24
27
28
33
37
33
32
26
18
17
15
18
23
23
20
22
23
19
16
17
14
16
15
0
4
1
-3
-3
-6
0
-1
2
4
2
-2
0
-5
-8
-9
-15
-15
-19
-21
-16
-22
-21
-20
-25
-24
-28
-29
-26
-28
-32
-24
-21
-26
-26
-30
-43
-44
-41
-44
-40
-37
-35
-32
-32
-29
-36
-33
-27
-29
-28
-30
-28
-31
-36
-32
-34
-35
-33
-38
-38
-39
-39
-30
-34
-35
-33
-36
-35
-31
-30
-30
-29
-25
-28
-29
-30
-29
-27
-28
-30
-29
-28
-34
-33
-29
-35
-34
-26
-21
-22
-20
-18
-24
-20
-13
-10
-6
-5
-12
-13
-15
-18
-21
-19
-17
-15
-12
-11
-14
-10
-11
-19
-18
-20
-27
-26
-31
-38
-31
-31
-35
-37
-43
-38
-41
-38
-35
-34
-34
-37
-35
-26
-29
-27
-23
-23
-15
-16
-13
-14
-10
-9
-9
-5
-8
0
5
5
6
7
5
5
9
13
14
17
15
18
20
19
26
29
39
37
40
47
45
52
51
48
49
53
51
47
49
46
46
49
49
51
52
57
68
70
71
73
75
72
68
66
62
55
48
52
55
55
56
52
53
56
54
53
49
44
41
42
38
38
33
27
26
25
29
27
30
29
28
33
30
27
25
20
11
9
13
9
8
6
5
8
-1
2
0
-3
-2
-9
-12
-20
-18
-19
-14
-14
-11
-8
-13
-9
-18
-19
-15
-14
-4
3
9
8
8
14
20
23
22
26
27
28
27
33
30
33
35
33
39
40
38
38
43
43
44
42
38
31
26
19
12
13
15
17
20
26
22
19
13
15
19
16
21
14
13
7
4
8
2
-2
2
5
10
10
7
7
8
9
12
11
11
7
7
4
-2
0
-5
-7
-4
-6
-4
-7
-5
-9
-9
-4
-7
-7
-14
-14
-17
-20
-22
-26
-22
-21
-22
-24
-23
-22
-19
-17
-26
-24
-28
-26
-26
-21
-22
-26
-25
-23
-26
-28
-23
-24
-29
-33
-37
-42
-39
-43
-45
-48
-48
-43
-46
-49
-52
-57
-52
-56
-59
-60
-67
-66
-73
-72
-72
-70
-68
-71
-69
-76
-75
-72
-73
-75
-73
-75
-81
-76
-74
-73
-72
-72
-77
-83
-79
-84
-80
-78
-76
-74
-74
-74
-74
-75
-72
-67
-67
-69
-68
-68
-74
-74
-72
-70
-72
-72
-68
-71
-68
-64
-50
-42
-40
-37
-32
-23
-23
-19
-19
-18
-7
-10
-3
7
10
12
10
17
20
23
27
22
28
28
32
44
35
38
41
42
40
39
39
37
34
30
35
38
37
38
40
41
41
40
36
32
30
28
26
20
9
9
5
1
7
8
7
8
14
18
27
32
25
25
24
23
31
30
29
30
31
37
39
36
40
45
51
48
47
55
54
50
47
45
41
42
43
45
52
54
51
48
51
51
53
51
56
56
51
52
50
49
46
42
40
45
46
44
49
52
52
50
49
47
47
44
50
51
49
47
47
48
42
45
43
39
39
37
32
30
28
31
31
29
34
36
35
34
30
28
30
26
23
20
18
17
18
23
23
28
28
27
39
39
40
41
37
40
38
39
35
42
51
50
50
48
57
62
60
53
56
54
48
49
44
55
57
58
63
51
45
43
41
38
36
39
37
33
26
22
24
20
20
17
16
11
14
5
1
5
-2
-3
2
-1
-6
1
-5
-14
-13
-18
-19
-19
-21
-20
-18
-19
-16
-22
-25
-32
-35
-36
-41
-40
-43
-47
-48
-54
-51
-53
-67
-62
-65
-69
-71
-68
-70
-75
-74
-75
-75
-75
-78
-81
-89
-92
-88
-87
-90
-93
-90
-87
-91
-85
-82
-81
-78
-82
-82
-83
-77
-77
-75
-71
-72
-64
-65
-64
-66
-71
-69
-66
-60
-61
-62
-60
-61
-63
-64
-62
-57
-52
-51
-49
-45
-44
-44
-40
-41
-47
-49
-48
-43
-44
-47
-41
-39
-42
-39
-36
-32
-29
-34
-34
-31
-34
-35
-37
-42
-40
-42
-44
-46
-44
-45
-41
-38
-39
-36
-43
-42
-39
-37
-39
-41
-45
-52
-50
-48
-47
-48
-47
-44
-35
-37
-33
-35
-36
-30
-30
-24
-26
-26
-29
-23
-20
-18
-12
-11
-7
-4
10
15
21
25
26
30
32
36
33
35
35
34
37
37
47
45
46
47
43
43
42
47
52
57
49
51
58
59
63
59
61
60
61
66
71
69
67
70
65
68
67
67
70
63
62
57
63
62
64
72
72
71
65
63
63
67
63
62
62
64
69
67
70
72
69
80
76
74
69
68
74
71
76
68
74
74
78
84
85
91
85
89
88
83
81
79
78
72
75
72
81
83
79
80
82
79
69
76
69
64
60
54
53
52
51
46
40
32
28
25
20
20
17
20
12
9
3
1
-1
-4
-3
-4
3
-2
-3
-13
-17
-18
-26
-28
-26
-31
-38
-33
-36
-37
-39
-44
-45
-44
-39
-45
-50
-44
-47
-48
-43
-46
-45
-41
-39
-37
-38
-36
-36
-34
-35
-31
-32
-31
-28
-26
-24
-21
-14
-19
-13
-12
-17
-12
-6
-8
-2
3
4
6
10
11
13
16
14
10
12
12
3
4
-6
-4
0
-4
-3
-7
-16
-15
-16
-23
-24
-32
-34
-32
-39
-44
-46
-46
-48
-57
-55
-52
-52
-47
-52
-55
-59
-67
-69
-63
-68
-68
-67
-64
-61
-61
-61
-61
-54
-53
-52
-54
-57
-49
-49
-46
-48
-41
-43
-41
-34
-35
-33
-29
-28
-29
-29
-33
-36
-33
-32
-31
-30
-42
-38
-37
-40
-39
-41
-41
-42
-46
-50
-55
-56
-54
-54
-55
-56
-60
-58
-56
-60
-55
-60
-67
-69
-72
-77
-75
-72
-63
-68
-68
-60
-63
-59
-51
-49
-51
-48
-40
-33
-30
-29
-26
-21
-21
-16
-5
1
-4
1
2
3
0
2
5
7
13
21
31
32
34
40
42
36
33
36
36
34
34
37
38
36
39
43
53
58
64
69
76
76
75
76
71
71
74
76
83
87
87
92
96
102
104
104
107
103
103
102
100
97
98
98
95
94
91
86
88
89
85
83
72
69
67
66
62
64
60
56
57
53
52
47
43
36
30
27
26
19
14
9
-2
-4
-4
-5
1
2
-2
-3
-10
-10
-13
-19
-24
-30
-31
-32
-35
-38
-47
-48
-47
-50
-50
-47
-46
-41
-40
-36
-35
-45
-43
-40
-38
-33
-26
-27
-23
-16
-11
-7
-5
0
6
7
1
3
-3
-3
-6
-19
-17
-15
-10
-5
-3
-1
-1
5
3
2
4
-4
-3
-2
-1
8
7
6
13
18
18
10
6
8
17
17
16
16
21
28
27
28
28
30
31
30
29
30
25
29
31
29
37
40
40
40
42
45
44
39
38
37
37
31
32
31
26
21
20
25
26
30
28
29
23
21
20
15
11
10
4
-1
-2
-3
1
-5
-4
-5
-8
-14
-17
-22
-25
-26
-30
-32
-32
-38
-42
-42
-44
-46
-51
-54
-52
-52
-47
-53
-54
-61
-64
-56
-56
-54
-51
-48
-52
-50
-53
-49
-46
-39
-39
-41
-37
-35
-34
-38
-34
-30
-30
-27
-27
-27
-23
-23
-21
-16
-18
-17
-21
-26
-27
-26
-26
-27
-27
-28
-28
-26
-25
-20
-19
-22
-28
-27
-23
-21
-21
-28
-22
-24
-27
-25
-27
-20
-22
-24
-18
-8
-7
-6
-2
-2
5
5
5
8
19
17
10
15
14
10
15
15
11
10
14
13
13
14
18
23
21
17
17
20
18
21
15
16
19
15
18
11
17
19
17
19
17
15
9
10
5
-1
-1
-1
0
2
5
10
11
9
9
9
8
3
-3
-1
-4
-6
-4
-4
-10
-6
-3
0
2
3
6
8
9
9
11
13
7
3
4
-3
-2
-1
0
1
3
6
9
2
8
8
4
8
2
9
7
-2
-2
-10
-16
-15
-14
-12
-7
-2
-4
-3
-5
-4
-1
-5
-8
-7
-8
-13
-16
-11
-7
-12
-18
-14
-12
-14
-10
-4
-9
-12
-8
-9
-11
-12
-7
-9
-12
-12
-14
-19
-17
-14
-20
-20
-20
-17
-11
-14
-14
-15
-13
-11
-9
-4
-4
-4
3
-3
3
8
7
3
7
12
16
18
17
28
25
31
34
32
30
20
32
36
33
42
43
44
41
47
52
47
48
53
54
55
50
50
45
44
43
40
37
36
40
35
31
33
35
29
26
24
20
15
14
11
7
7
11
5
7
9
6
10
13
16
19
19
17
15
14
15
14
7
4
5
2
4
7
7
11
13
18
17
19
19
18
24
19
16
16
18
22
21
20
18
13
12
4
-1
-6
-6
-4
-5
-9
-11
-13
-13
-10
-9
-9
-11
-15
-18
-22
-26
-28
-27
-27
-28
-29
-27
-28
-32
-33
-39
-39
-34
-28
-25
-23
-17
-17
-18
-14
-13
-13
-15
-12
-10
-13
-9
-7
3
2
3
8
6
10
10
10
13
12
14
13
11
6
0
-1
-4
0
0
-4
-4
-5
-4
-6
-1
1
0
-5
-6
-7
-10
-9
-11
-14
-15
-16
-15
-17
-21
-30
-35
-35
-36
-32
-28
-29
-32
-25
-24
-24
-25
-27
-30
-34
-37
-37
-31
-33
-33
-36
-44
-46
-40
-40
-41
-36
-35
-40
-41
-46
-46
-42
-46
-48
-48
-42
-39
-40
-34
-30
-30
-24
-20
-23
-18
-14
-7
-5
-6
0
2
-3
-5
-1
-5
0
8
11
15
15
15
23
19
19
23
19
22
14
16
14
12
11
7
5
6
13
9
10
7
2
1
-3
-4
-8
-12
-10
-10
-11
-12
-15
-18
-17
-22
-21
-21
-18
-20
-30
-23
-16
-19
-18
-23
-21
-23
-25
-22
-27
-32
-28
-26
-32
-37
-35
-35
-35
-29
-26
-27
-21
-14
-12
-16
-13
-11
-9
-11
-11
-2
-1
4
4
9
16
21
