7
14
6
-2
-9
-4
-2
-5
-5
-6
-12
-13
-2
3
1
1
-1
-5
-7
-13
-11
-9
-18
-22
-25
-19
-20
-18
-21
-25
-31
-37
-40
-41
-36
-33
-27
-22
-26
-26
-28
-29
-32
-35
-34
-40
-40
-36
-35
-36
-42
-45
-40
-35
-36
-36
-37
-41
-36
-39
-41
-40
-49
-57
-60
-60
-62
-60
-58
-60
-59
-57
-60
-62
-67
-73
-72
-71
-67
-60
-54
-54
-57
-52
-53
-57
-50
-51
-52
-55
-54
-62
-67
-69
-68
-61
-61
-62
-62
-56
-61
-64
-59
-62
-62
-69
-74
-79
-80
-80
-77
-70
-71
-64
-67
-73
-77
-79
-75
-75
-72
-70
-67
-66
-65
-61
-58
-57
-63
-58
-62
-57
-54
-52
-47
-54
-53
-47
-41
-42
-40
-38
-33
-24
-12
-4
-2
5
12
14
12
9
2
4
7
10
17
19
21
24
31
38
39
44
44
49
47
40
43
51
54
57
63
61
57
54
50
57
63
55
54
57
58
62
62
62
62
69
75
77
81
82
78
77
72
63
62
53
50
52
54
58
63
74
72
66
64
61
64
66
65
59
54
45
44
46
42
44
44
50
52
48
47
43
41
45
45
47
47
48
52
56
56
52
55
52
54
54
54
51
43
41
42
42
39
42
40
40
42
38
39
37
37
35
36
36
33
34
24
21
24
23
27
29
29
26
29
35
29
26
25
30
36
38
36
31
16
20
17
18
23
26
26
18
15
16
17
15
14
14
16
12
11
14
11
6
9
5
0
-7
-8
-7
-10
-6
-3
4
4
-1
4
1
-3
-14
-18
-16
-15
-21
-24
-20
-19
-15
-14
-12
-18
-22
-23
-29
-29
-29
-29
-27
-33
-30
-23
-26
-23
-23
-24
-24
-23
-20
-17
-20
-27
-32
-32
-36
-37
-34
-32
-28
-31
-33
-26
-26
-31
-35
-45
-48
-49
-51
-54
-54
-57
-57
-54
-61
-63
-68
-69
-67
-65
-70
-75
-71
-73
-76
-73
-75
-76
-74
-75
-77
-75
-78
-80
-81
-81
-82
-83
-87
-86
-89
-85
-80
-78
-79
-73
-67
-67
-62
-69
-70
-65
-69
-70
-68
-61
-52
-56
-58
-55
-55
-54
-57
-59
-56
-49
-47
-44
-39
-35
-36
-30
-24
-19
-16
-20
-17
-19
-21
-17
-17
-13
-7
0
-3
3
7
3
8
5
4
6
7
3
1
7
9
10
10
8
10
13
23
25
22
19
19
22
27
24
23
24
21
21
30
33
34
36
36
37
33
33
36
41
42
43
42
45
47
52
60
61
52
53
57
56
52
51
54
50
53
57
56
55
56
56
54
48
46
60
61
57
59
63
55
48
47
49
48
53
53
50
48
45
49
50
54
56
54
53
50
53
52
53
51
54
60
59
57
59
59
62
66
62
61
63
65
72
71
76
75
78
83
72
71
66
60
60
59
61
59
56
50
51
54
51
52
50
42
48
51
46
41
40
39
38
41
33
32
30
30
30
23
19
17
20
10
8
6
1
0
-3
-4
1
2
-6
0
0
-8
-11
-13
-12
-13
-14
-23
-29
-29
-35
-34
-30
-31
-30
-19
-14
-17
-20
-24
-22
-28
-24
-26
-26
-32
-35
-39
-39
-37
-39
-42
-46
-44
-44
-37
-39
-36
-34
-35
-42
-43
-41
-44
-39
-38
-50
-58
-53
-58
-58
-58
-54
-58
-61
-61
-61
-62
-68
-62
-69
-70
-64
-62
-63
-60
-58
-65
-59
-68
-74
-70
-77
-73
-71
-78
-76
-72
-70
-72
-73
-66
-65
-63
-60
-58
-56
-56
-62
-58
-61
-59
-53
-52
-49
-45
-42
-47
-46
-44
-33
-33
-32
-31
-32
-29
-36
-35
-32
-29
-29
-25
-30
-27
-25
-22
-20
-19
-21
-24
-13
-5
-12
-13
-5
-4
3
7
11
6
1
1
1
-6
-3
-6
-9
-8
-7
3
9
14
13
19
18
16
14
10
8
13
17
16
11
10
7
12
9
17
13
8
12
15
23
21
25
26
35
36
34
38
37
37
41
36
36
38
32
34
31
38
40
34
37
32
38
48
53
55
54
59
61
61
57
57
55
50
50
53
53
54
52
54
55
55
54
54
51
47
55
52
45
43
41
38
38
40
44
43
41
41
34
40
35
31
35
33
34
29
30
22
20
23
20
26
31
31
29
33
32
32
31
27
27
23
19
22
18
19
26
27
26
34
30
30
28
24
23
16
16
13
16
24
23
20
21
18
23
28
22
21
22
22
22
21
22
19
17
19
17
11
12
22
18
17
14
12
10
5
6
9
14
12
5
2
2
3
9
-1
-7
-9
-53
-59
-55
-54
-55
-50
-46
-53
-50
-51
-47
-44
-43
-52
-48
-49
-49
-50
-52
-53
-55
-52
-43
-40
-36
-29
-25
-29
-25
-31
-40
-37
-36
-33
-27
-32
-31
-30
-30
-26
-29
-31
-32
-32
-28
-25
-27
-19
-21
-21
-24
-20
-24
-30
-32
-28
-24
-24
-22
-25
-17
-18
-19
-16
-19
-15
-13
-16
-14
-16
-14
-18
-20
-16
-11
-2
-1
2
5
7
4
9
13
13
16
11
8
3
6
13
4
1
5
7
16
7
3
5
2
10
9
10
11
5
3
-1
-6
-6
-3
-1
-2
-2
-3
-3
-6
-8
-10
-11
-12
-16
-18
-19
-15
-14
-16
-20
-14
-15
-19
-22
-28
-37
-32
-29
-30
-24
-18
-16
-15
-18
-13
-10
-9
-6
-14
-12
-19
-25
-31
-26
-23
-22
-19
-14
-10
-18
-13
-15
-12
-10
-10
-8
-9
-14
-14
-15
-19
-13
-13
-12
-10
-6
-1
-3
-10
-3
-2
-3
-8
-8
1
1
-8
-11
-8
-3
-2
2
3
-4
-9
-12
-10
-11
-9
-4
-1
2
4
11
12
18
24
17
17
14
12
9
8
9
8
6
5
8
10
10
11
21
32
29
20
19
12
11
11
8
11
10
7
5
2
-3
5
8
11
10
12
12
13
10
8
14
14
16
20
22
19
19
21
22
22
24
26
30
33
41
41
34
31
38
36
37
38
33
33
34
30
29
31
27
34
42
37
31
28
31
36
43
43
42
42
44
49
46
43
38
39
35
34
28
25
23
25
26
18
16
17
19
18
24
24
24
17
17
19
16
13
10
9
7
8
10
11
8
3
-1
2
-1
0
-1
0
1
3
-4
-7
-13
-16
-10
-9
-7
-7
-6
-8
-11
-5
-6
-6
-6
-9
-15
-18
-13
-15
-16
-17
-18
-15
-12
-12
-15
-17
-20
-24
-28
-28
-27
-27
-30
-25
-25
-25
-23
-26
-27
-30
-30
-24
-26
-25
-24
-27
-28
-33
-31
-37
-40
-42
-40
-33
-33
-33
-34
-33
-33
-32
-29
-35
-41
-41
-35
-30
-33
-30
-34
-32
-36
-36
-33
-28
-27
-26
-26
-24
-22
-21
-14
-17
-16
-17
-16
-16
-19
-18
-16
-14
-9
-5
-6
-4
-8
-5
2
1
1
-2
-2
-2
2
6
10
10
14
11
6
10
5
8
11
15
21
24
22
16
21
21
23
26
22
22
23
18
22
29
25
24
22
21
14
21
26
20
20
20
18
23
25
17
14
9
4
8
9
4
10
10
13
13
14
5
1
8
17
17
11
14
7
2
-1
5
7
6
6
5
5
-2
7
7
8
7
4
8
1
-4
-7
-6
1
3
5
1
-6
1
1
-1
4
0
1
-6
-7
-14
-16
-14
-14
-11
-12
-10
-11
-11
-10
-14
-16
-19
-21
-27
-29
-22
-23
-18
-14
-15
-9
-7
-8
-3
-10
-13
-5
-3
0
-2
-5
3
10
7
14
14
11
7
2
0
0
0
0
-3
3
3
7
10
14
20
13
8
3
-1
3
4
4
4
1
5
15
16
13
19
21
20
18
18
22
20
16
18
18
17
18
21
21
23
24
19
21
19
16
14
11
9
4
5
3
6
6
8
14
5
6
5
4
5
0
-3
-9
-6
-7
-9
-14
-11
-5
-1
-5
-7
-5
0
0
-6
-6
-8
-6
-7
-7
-13
-13
-9
-4
-1
-1
3
1
-3
-12
-10
-4
0
4
8
6
5
4
2
3
-6
-6
-2
-1
6
5
1
2
5
9
5
2
7
12
13
13
4
3
1
4
3
0
2
-4
2
1
-4
-4
-2
1
-2
1
-6
-7
-6
-2
6
7
9
8
3
0
-1
-1
-5
-3
-1
-11
-11
-15
-13
-13
-12
-8
-2
7
12
11
8
-2
-9
-13
-10
-4
-8
-10
-15
-11
-5
-5
-8
-8
-2
-1
-5
-10
-18
-17
-19
-14
-11
-11
-15
-15
-17
-17
-11
-9
-11
-16
-7
-9
-14
-13
-16
-15
-14
-12
-10
-14
-13
-14
-11
-5
-2
3
-5
-11
-15
-24
-17
-19
-18
-18
-18
-16
-15
-11
-12
-11
-9
-7
1
0
-1
-5
-10
-9
-12
-7
-10
-10
-7
-7
-7
-2
-1
-4
-4
-1
1
-4
2
0
-2
1
0
6
4
4
12
5
5
3
4
6
8
6
1
2
3
8
4
10
8
10
16
15
17
21
23
22
23
25
26
28
20
23
27
25
25
19
16
21
16
10
12
21
21
18
19
16
18
18
20
17
9
12
16
13
8
7
11
6
17
18
24
32
30
25
13
13
15
15
15
13
13
8
-1
5
4
4
4
2
8
6
3
3
2
6
10
12
12
10
2
0
-5
3
7
8
9
8
8
8
6
4
2
7
9
3
5
3
4
6
4
7
15
18
14
10
12
12
9
3
7
7
8
5
-1
-2
-5
-1
-5
-7
-4
-2
-4
-2
-11
-15
-13
-15
-18
-18
-21
-26
-25
-31
-35
-36
-35
-29
-25
-21
-25
-34
-40
-39
-29
-26
-27
-29
-31
-43
-47
-43
-45
-48
-40
-43
-40
-31
-32
-40
-43
-44
-35
-27
-30
-39
-45
-39
-40
-41
-44
-42
-38
-38
-33
-34
-31
-26
-25
-27
-26
-26
-26
-27
-26
-15
-13
-13
-17
-18
-18
-12
-12
-10
-7
0
-2
-7
0
-2
2
6
4
9
7
11
14
6
5
6
4
11
14
17
23
22
24
25
28
24
24
20
22
24
21
16
11
14
12
15
22
25
21
18
18
20
14
18
15
13
19
22
23
18
22
22
21
27
24
18
26
22
23
29
34
36
35
31
29
24
20
17
15
21
24
21
16
18
20
22
31
31
32
35
38
41
38
36
33
38
42
45
44
43
44
38
38
41
41
36
40
39
37
41
37
33
33
35
41
35
35
25
23
27
18
16
14
13
8
10
14
7
9
7
3
7
0
-3
-2
0
-1
-8
-11
-17
-19
-27
-33
-30
-29
-25
-20
-20
-23
-27
-25
-29
-31
-32
-30
-23
-26
-30
-28
-32
-29
-32
-37
-34
-32
-27
-30
-26
-27
-34
-36
-33
-28
-28
-24
-24
-21
-13
-9
-5
3
2
-1
-9
-13
-7
-7
-8
-11
-4
-5
-8
-5
-8
-12
-9
-12
-8
-14
-13
-13
-16
-14
-18
-11
-16
-15
-10
-7
-4
-6
-9
-11
-15
-15
-10
-1
0
-1
2
1
5
2
3
7
8
3
1
-9
-11
-8
-10
-2
4
6
4
0
-5
-9
-6
-3
-6
-2
-7
-7
1
-2
1
-4
-5
-4
-6
-3
-4
-4
0
-3
1
1
-1
2
4
5
2
2
-2
-1
5
6
7
6
3
-4
-8
-3
-2
-5
-7
-12
-11
-6
-8
-7
-4
-11
-13
-15
-24
-26
-26
-30
-32
-33
-31
-33
-35
-39
-41
-42
-46
-40
-39
-42
-34
-36
-39
-41
-43
-41
-41
-39
-35
-32
-33
-31
-33
-34
-29
-26
-21
-28
-35
-38
-32
-24
-21
-25
-19
-17
-16
-13
-12
-10
-4
-3
-4
-3
-3
4
2
-3
5
16
11
12
17
20
25
26
26
22
24
25
31
32
23
26
31
36
37
34
33
33
29
30
32
29
36
42
41
42
41
38
34
41
37
33
33
30
29
30
30
36
37
38
48
49
48
40
30
25
24
30
38
43
38
40
44
43
41
34
33
41
42
43
39
35
36
36
40
51
57
55
53
54
55
53
46
42
39
33
35
41
40
34
34
43
45
43
42
39
39
40
42
40
41
32
30
27
17
16
10
9
6
7
11
9
11
11
6
5
-3
-3
-1
1
-6
-10
-9
-10
-22
-17
-17
-19
-18
-21
-24
-28
-26
-22
-24
-21
-22
-26
-23
-26
-26
-28
-23
-26
-29
-23
-28
-28
-33
-32
-33
-34
-26
-21
-16
-23
-27
-23
-21
-21
-18
-26
-29
-30
-35
-27
-27
-27
-29
-26
-26
-24
-24
-24
-24
-26
-24
-28
-33
-27
-32
-35
-28
-32
-33
-32
-33
-32
-32
-42
-45
-47
-43
-42
-44
-44
-52
-51
-49
-54
-50
-48
-42
-47
-45
-43
-48
-52
-54
-48
-51
-48
-49
-57
-59
-55
-50
-51
-48
-49
-49
-51
-50
-52
-50
-50
-48
-38
-41
-41
-46
-50
-49
-50
-48
-47
-41
-36
-30
-31
-28
-26
-23
-20
-10
-9
-6
-9
-13
-11
-10
-12
-16
-14
-17
-9
-4
-6
-1
0
1
13
17
14
19
18
16
16
15
11
13
12
14
20
17
13
15
19
27
34
35
36
24
22
24
28
39
33
28
27
30
38
45
51
49
49
52
56
61
59
55
55
58
62
62
61
58
56
59
59
60
66
63
63
69
72
70
64
62
61
52
51
54
51
53
54
56
49
52
57
53
56
60
59
66
61
62
67
62
57
52
47
45
49
51
56
55
51
46
44
46
42
42
44
43
47
46
42
38
42
43
36
36
38
36
33
36
33
27
29
25
32
29
20
21
21
19
17
17
6
10
9
9
12
10
7
1
-1
-3
-6
-8
-9
-12
-14
-13
-11
-13
-9
-12
-14
-15
-15
-22
-27
-24
-20
-17
-21
-25
-31
-35
-38
-41
-39
-33
-32
-29
-30
-39
-39
-43
-41
-43
-43
-38
-46
-47
-40
-41
-52
-48
-47
-42
-37
-43
-49
-50
-52
-52
-46
-53
-57
-57
-53
-55
-57
-54
-52
-53
-58
-53
-55
-58
-64
-65
-62
-64
-62
-63
-63
-70
-67
-67
-69
-64
-65
-75
-76
-80
-78
-71
-72
-71
-76
-72
-78
-76
-73
-84
-82
-80
-77
-74
-79
-76
-70
-64
-57
-54
-51
-46
-43
-41
-40
-43
-50
-55
-45
-38
-40
-34
-36
-31
-21
-17
-15
-11
-8
-3
3
2
3
9
8
10
9
10
12
12
16
15
16
16
17
19
20
21
23
23
28
36
40
45
47
47
45
41
36
38
41
39
39
43
46
48
46
51
58
57
62
63
65
66
57
53
58
61
61
59
61
63
60
66
61
60
59
54
61
65
68
71
68
68
72
74
75
75
71
70
73
70
70
77
69
60
63
61
63
51
49
50
43
51
53
53
53
46
43
39
41
38
36
34
37
40
41
44
41
36
36
37
32
31
34
33
32
36
31
29
25
24
26
29
24
18
20
19
13
12
12
9
7
5
10
0
1
6
6
5
7
16
14
17
19
20
14
0
-3
0
1
-1
3
-4
-9
-3
-1
-1
-4
-2
-5
-14
-13
-14
-19
-18
-20
-20
-18
-14
-17
-25
-31
-33
-32
-34
-30
-29
-30
-32
-26
-33
-25
-27
-40
-40
-47
-38
-39
-42
-47
-58
-64
-63
-55
-52
-50
-49
-57
-53
-53
-58
-56
-59
-59
-62
-64
-67
-74
-83
-77
-75
-74
-70
-70
-73
-76
-68
-74
-80
-83
-79
-76
-77
-75
-71
-71
-71
-65
-66
-60
-61
-69
-66
-63
-62
-61
-54
-42
-39
-34
-40
-42
-43
-43
-35
-36
-35
-40
-35
-34
-30
-26
-32
-16
-11
-9
-5
-4
-7
-11
-7
-7
1
-2
-4
-7
-5
-9
-4
2
8
12
11
13
14
17
15
14
17
12
13
12
10
7
4
6
11
23
30
32
27
25
22
20
20
15
18
21
20
24
26
24
23
22
30
38
43
38
39
41
41
37
38
43
46
50
53
52
52
49
48
46
51
59
66
65
69
68
61
63
58
54
60
67
59
60
57
60
69
73
70
66
61
61
63
64
63
63
67
61
61
61
53
47
52
50
54
51
51
57
48
44
45
47
41
43
43
38
39
36
39
34
30
26
27
26
25
22
14
13
12
18
15
17
16
11
5
3
5
6
2
-1
8
-4
-10
-7
-10
-16
-18
-9
-3
5
1
-1
-8
-6
-3
-12
-19
-24
-25
-23
-19
-13
-10
-5
-12
-11
-9
-11
-9
-20
-21
-30
-31
-36
-44
-43
-52
-41
-35
-36
-37
-34
-31
-37
-32
-33
-35
-36
-43
-45
-51
-49
-53
-54
-53
-53
-53
-59
-61
-64
-65
-62
-62
-64
-72
-70
-65
-68
-66
-65
-70
-69
-66
-59
-53
-55
-60
-59
-61
-65
-52
-59
-66
-64
-70
-64
-52
-53
-52
-47
-45
-43
-46
-48
-46
-43
-30
-31
-33
-34
-37
-31
-26
-25
-21
-21
-22
-23
-22
-27
-27
-25
-26
-18
-11
-1
1
2
-2
-4
-6
-3
-2
-2
-2
-7
-5
-4
3
5
2
7
7
10
13
13
14
15
24
22
21
24
23
24
25
29
25
31
31
28
27
25
23
18
25
24
24
28
25
31
31
32
42
47
45
50
45
42
41
43
43
42
49
49
52
51
54
53
54
54
47
50
48
54
59
57
58
57
59
66
68
70
78
71
69
65
60
62
63
58
56
63
60
63
65
72
69
70
72
67
60
58
53
54
51
43
39
33
31
29
34
30
33
29
29
26
25
19
20
16
7
6
4
3
0
-5
-3
-9
-5
2
-1
-5
-10
-7
-7
-2
-8
-8
-10
-9
-12
-16
-16
-17
-19
-25
-25
-25
-23
-15
-17
-18
-17
-18
-21
-25
-26
-28
-25
-31
-31
-30
-38
-35
-37
-31
-28
-27
-20
-18
-19
-29
-35
-45
-46
-48
-52
-50
-49
-48
-47
-42
-44
-42
-38
-41
-48
-51
-52
-56
-62
-63
-60
-63
-67
-70
-73
-65
-61
-58
-57
-54
-58
-53
-56
-64
-65
-68
-68
-70
-69
-62
-60
-62
-53
-53
-50
-44
-37
-34
-37
-38
-38
-46
-46
-43
-39
-33
-25
-21
-22
-15
-12
-4
-3
-9
-7
-8
-9
1
0
3
4
3
4
3
2
8
15
15
19
18
14
15
18
20
23
31
39
37
27
21
20
23
24
17
19
19
23
23
19
23
24
27
25
30
25
23
29
27
29
30
23
20
17
20
26
25
25
24
21
27
33
37
40
40
39
41
47
44
42
46
48
51
50
45
41
43
39
36
40
38
36
33
40
47
40
43
43
42
42
43
39
42
34
30
32
32
43
41
37
33
32
34
33
27
35
33
32
27
24
23
21
24
24
27
26
26
19
14
12
8
17
19
18
20
14
22
17
10
7
6
10
15
15
12
5
4
-1
3
5
6
8
6
7
7
6
3
6
-2
3
3
0
1
-5
-12
-10
-9
-3
4
3
5
2
-4
-6
-4
-8
-12
-16
-14
-21
-23
-20
-22
-19
-13
-4
-3
-9
-15
-19
-22
-23
-26
-30
-30
-27
-26
-28
-25
-22
-23
-31
-33
-39
-42
-41
-46
-50
-52
-56
-48
-44
-48
-48
-42
-39
-46
-47
-51
-52
-62
-64
-60
-57
-48
-48
-47
-48
-46
-43
-42
-36
-34
-38
-39
-42
-45
-48
-54
-53
-51
-44
-45
-35
-39
-42
-35
-40
-34
-34
-25
-25
-23
-21
-21
-22
-20
-23
-16
-6
-6
-2
-5
-8
-14
-8
-13
-8
-1
-1
-2
-7
-9
-8
5
4
8
10
8
11
11
11
4
0
-3
-8
-2
-2
2
6
6
6
11
13
12
14
7
10
11
8
6
1
3
8
8
2
8
12
11
10
12
13
14
13
14
15
22
18
20
19
16
20
18
14
12
14
25
31
31
33
36
38
37
42
40
45
47
43
50
45
45
42
49
60
66
63
62
62
62
63
61
65
60
55
58
56
55
57
52
51
45
47
49
45
45
40
42
42
44
45
37
37
26
24
24
16
14
11
8
5
10
8
3
9
9
5
6
0
1
-10
-15
-13
-15
-10
-8
-10
-7
-12
-13
-9
-5
-7
-10
-9
-8
-10
-14
-21
-21
-15
-13
-6
-4
1
1
1
2
2
-4
-4
-1
3
-1
-4
-8
-11
-9
-12
-9
-7
-4
-2
5
7
14
10
4
10
3
-1
-6
-6
-6
-3
1
2
0
-4
-3
-4
1
2
-1
3
3
-5
-13
-23
-23
-20
-22
-22
-21
-20
-24
-28
-34
-35
-40
-34
-32
-32
-29
-26
-25
-31
-35
-44
-43
-43
-45
-45
-50
-57
-58
-61
-67
-57
-53
-50
-46
-47
-46
-47
-51
-51
-49
-49
-43
-47
-49
-52
-59
-60
-60
-55
-59
-47
-37
-32
-29
-38
-37
-38
-36
-36
-37
-33
-28
-28
-34
-30
-25
-26
-28
-22
-20
-14
-15
-22
-26
-22
-20
-21
-20
-19
-13
-13
-7
-6
-3
-6
-15
-16
-23
-27
-28
-30
-27
-23
-17
-15
-12
-10
-5
-3
2
4
-3
-4
-7
-4
-2
-2
1
2
4
12
13
18
27
31
35
34
36
32
27
33
41
41
47
51
53
56
57
60
61
61
59
63
66
63
71
73
74
74
69
72
79
87
89
83
78
75
72
75
78
81
81
82
82
83
82
81
85
79
76
72
69
63
54
54
50
53
55
50
49
39
36
44
43
43
44
36
30
27
27
23
23
28
23
21
21
20
17
16
16
13
9
11
9
10
7
8
16
18
15
12
14
8
6
2
-5
-11
-9
-6
-3
2
-1
2
2
1
4
-4
-5
-9
-12
-8
-8
-15
-18
-21
-20
-15
-19
-21
-24
-22
-27
-32
-27
-30
-30
-33
-37
-32
-34
-31
-31
-32
-36
-45
-48
-51
-52
-53
-53
-52
-53
-46
-49
-49
-48
-45
-46
-52
-52
-55
-56
-65
-62
-62
-67
-73
-68
-64
-67
-61
-66
-66
-67
-65
-61
-56
-59
-58
-57
-60
-56
-61
-57
-61
-55
-53
-48
-42
-45
-37
-38
-37
-36
-34
-39
-41
-40
-37
-32
-30
-25
-31
-30
-20
-10
-15
-21
-22
-22
-9
-7
-10
-17
-21
-20
-10
-6
-8
-2
2
7
3
0
3
2
7
7
6
7
2
3
-1
-8
-7
-1
-2
2
6
9
8
5
3
-3
-1
2
2
-3
-9
-13
-12
-10
-6
2
7
8
8
0
2
-2
-1
2
3
4
8
6
-1
-2
2
7
11
20
25
25
32
29
25
34
35
41
40
40
39
42
45
45
53
60
66
68
67
67
66
62
60
61
67
71
69
72
78
71
69
72
68
66
64
68
69
71
69
65
68
60
64
67
64
67
65
71
69
62
60
56
47
43
38
32
34
36
42
48
47
49
50
49
49
50
47
38
37
34
29
19
16
18
15
19
18
17
15
14
21
21
20
18
17
14
15
10
3
4
0
3
6
8
3
-4
3
0
0
-1
-3
-1
-4
-5
-8
-5
-6
-10
-8
-10
-11
-20
-25
-24
-31
-31
-35
-39
-41
-44
-46
-47
-51
-54
-51
-48
-49
-50
-50
-51
-51
-54
-53
-56
-59
-58
-56
-61
-67
-70
-67
-63
-55
-53
-61
-67
-64
-65
-59
-50
-52
-52
-55
-54
-54
-57
-58
-68
-73
-73
-77
-73
-71
-68
-60
-55
-43
-42
-48
-46
-45
-54
-56
-53
-51
-48
-46
-47
-52
-57
-54
-50
-45
-38
-33
-32
-32
-33
-34
-38
-43
-34
-30
-23
-28
-23
-21
-20
-22
-23
-18
-21
-21
-13
-12
-16
-14
-10
-7
-6
2
4
1
2
-1
-1
3
-1
4
0
3
5
-2
2
11
16
13
11
12
15
15
16
16
12
20
19
14
15
14
13
18
19
11
12
11
15
16
14
15
10
15
13
18
20
17
19
17
18
24
30
34
36
36
28
29
21
23
29
30
31
34
43
38
38
41
37
40
45
47
49
53
52
47
45
44
48
52
47
51
57
56
57
52
51
54
50
49
54
54
51
50
53
58
62
61
56
53
55
48
45
44
42
39
44
46
39
32
33
40
48
47
48
38
36
33
30
32
29
27
20
17
18
9
13
10
5
8
0
-2
3
8
16
19
22
18
14
14
2
5
4
0
3
-1
0
4
4
5
2
1
1
-1
1
0
2
1
0
2
-1
-3
2
3
7
9
10
4
2
-2
-12
-2
1
-5
-11
-10
-12
-15
-17
-17
-18
-15
-19
-19
-26
-41
-41
-42
-44
-51
-50
-55
-56
-60
-60
-61
-64
-58
-59
-67
-70
-77
-81
-85
-94
-95
-91
-87
-89
-80
-75
-76
-73
-76
-73
-64
-61
-60
-63
-62
-56
-55
-50
-50
-48
-49
-45
-43
-40
-40
-40
-34
-31
-21
-27
-35
-29
-27
-21
-18
-14
-11
-5
-7
-11
-7
-10
-17
-19
-18
-12
-4
3
9
11
13
10
7
13
8
12
12
8
9
6
5
5
6
3
5
10
13
17
19
19
14
8
8
10
12
14
11
9
7
10
6
7
12
8
10
8
9
0
3
1
0
6
9
12
12
15
10
11
10
8
5
3
9
15
20
19
26
23
18
14
15
12
14
17
23
24
23
25
22
26
30
32
30
32
31
36
38
37
36
28
23
19
17
18
15
24
27
33
34
36
34
27
25
25
30
34
40
29
25
26
27
25
20
22
23
25
26
29
28
24
23
27
33
31
30
35
35
33
30
25
27
30
25
25
28
26
23
19
23
28
32
31
33
33
35
42
43
48
48
42
33
30
30
22
25
26
25
26
26
25
28
28
22
21
21
16
15
8
6
5
-4
-5
-4
1
3
-3
-7
-9
-13
-15
-21
-25
-23
-24
-28
-31
-26
-27
-27
-31
-33
-25
-31
-29
-32
-35
-37
-47
-49
-46
-45
-43
-46
-43
-47
-52
-53
-57
-48
-49
-51
-48
-50
-56
-51
-49
-53
-53
-52
-50
-43
-44
-38
-39
-43
-41
-40
-40
-42
-42
-45
-37
-26
-29
-28
-25
-25
-25
-25
-31
-30
-23
-27
-22
-17
-17
-15
-13
-15
-21
-20
-21
-24
-20
-24
-28
-28
-21
-15
-17
-17
-15
-13
-12
-6
-12
-16
-20
-15
-13
-17
-9
-10
-14
-6
-1
0
-2
-4
-5
-3
3
6
12
15
19
21
24
24
23
17
21
25
30
24
18
13
10
14
17
28
34
38
45
50
46
45
47
45
42
35
32
32
34
34
33
32
42
39
41
39
38
47
51
49
42
43
38
33
31
35
25
24
25
24
26
25
31
24
16
16
14
12
18
21
24
17
18
17
16
17
17
22
16
8
4
2
6
11
14
17
17
13
14
14
8
5
7
8
6
3
1
-3
-9
-10
-8
-6
-4
-11
-12
-13
-17
-19
-15
-15
-12
-6
-6
-4
-2
0
-7
-7
-9
-11
-13
-20
-16
-15
-12
-12
-8
-5
-3
-1
-3
2
3
5
3
3
2
-1
4
2
2
1
-4
2
4
5
5
-1
2
5
12
14
12
12
6
3
-3
-4
-4
-9
-9
-9
-4
2
4
1
3
5
1
-2
-6
-12
-17
-16
-12
-9
-6
-6
-8
-6
-6
-7
-2
-6
-10
-8
-6
-8
-9
-5
-6
-9
-10
-10
-8
-4
-4
-4
-4
-9
-13
-16
-18
-19
-13
-17
-21
-20
-18
-19
-18
-19
-27
-34
-34
-30
-31
-29
-26
-26
-20
-21
-24
-22
-23
-24
-22
-27
-28
-25
-22
-23
-23
-23
-17
-15
-16
-16
-18
-18
-18
-22
-27
-30
-35
-31
-27
-21
-18
-22
-21
-22
-20
-11
-8
-9
-16
-21
-17
-15
-20
-16
-17
-9
-12
-17
-11
-10
-10
-9
-5
-10
-10
-13
-14
-9
-11
-4
-1
9
16
11
13
9
9
4
5
10
5
3
4
4
8
14
23
19
18
20
22
25
27
26
28
29
32
32
31
31
29
30
35
38
42
43
42
41
33
33
33
34
31
31
34
36
45
50
49
50
50
42
43
39
42
37
40
35
39
44
36
36
33
27
26
30
27
30
27
30
27
22
19
6
9
10
8
12
8
6
4
1
0
-5
-10
-9
-12
-14
-14
-14
-15
-13
-9
-8
-10
-15
-22
-28
-28
-32
-33
-30
-27
-27
-23
-22
-29
-26
-22
-29
-30
-27
-26
-23
-25
-27
-30
-32
-29
-32
-25
-22
-21
-23
-20
-20
-24
-23
-24
-17
-16
-15
-14
-11
-14
-18
-8
-11
-7
-7
-4
1
-4
-2
-6
1
2
7
6
4
13
10
16
10
3
2
-2
-4
-2
-4
-2
2
-1
4
6
8
13
9
7
0
1
5
11
11
7
11
6
4
7
13
19
20
22
19
17
19
15
13
9
13
13
10
7
7
14
14
20
23
23
15
7
3
-3
-3
-1
3
9
6
5
10
4
2
1
-1
4
-2
-8
-7
-12
-20
-23
-22
-20
-23
-20
-16
-22
-22
-21
-25
-26
-24
-30
-26
-25
-29
-26
-24
-21
-21
-21
-16
-13
-21
-27
-35
-35
-28
-28
-33
-33
-37
-31
-29
-27
-21
-18
-22
-17
-20
-28
-27
-31
-28
-32
-24
-16
-21
-19
-16
-17
-1
-4
-4
3
1
0
5
3
2
6
7
13
12
13
14
17
20
25
28
31
31
32
35
26
25
26
29
33
31
33
37
37
37
43
36
31
31
34
38
33
39
40
44
47
43
44
42
39
38
37
34
32
35
34
32
32
33
34
32
30
29
34
31
23
20
11
4
2
2
10
4
3
3
-2
-4
-2
2
-3
-4
-6
-11
-12
-18
-23
-22
-28
-20
-18
-19
-16
-24
-19
-12
-9
-13
-9
-15
-17
-16
-21
-20
-15
-14
-14
-11
-16
-17
-24
-20
-21
-28
-22
-24
-13
-7
-10
-12
-6
-8
-11
-6
-14
-15
-13
-12
-6
-9
-13
-10
-4
1
4
1
-3
-3
-8
-14
-13
-16
-19
-17
-12
-12
-11
-10
-12
-1
1
0
-7
-12
-17
-19
-21
-19
-12
-15
-13
-8
-2
1
2
7
9
6
12
8
5
4
-1
1
2
2
-1
-6
-8
-6
-3
6
10
11
13
9
8
7
-1
-2
2
-2
-1
2
2
3
1
-4
-7
-8
-8
-2
-2
-5
-3
-7
-7
-10
-14
-6
-2
1
-2
-5
-2
-5
-1
-5
-6
-3
-4
-1
-2
3
3
-4
-1
3
2
3
6
0
-6
-9
-7
-7
-3
2
2
19
15
12
7
5
2
-7
-5
-6
3
1
0
-1
-3
-8
-7
1
5
11
16
18
15
12
11
7
8
12
9
11
8
7
8
14
8
13
17
14
21
23
16
14
18
17
20
21
16
21
23
19
18
19
11
9
12
16
15
10
8
8
13
17
17
14
18
22
15
13
10
15
9
15
18
20
21
15
17
9
8
8
4
8
6
8
14
15
19
15
16
10
6
3
5
6
3
1
-7
-6
-8
-7
-6
-5
-9
-11
-6
-5
1
3
3
3
-1
-8
-5
0
-6
-14
-15
-9
-10
-11
-14
-10
-7
-10
-10
-8
-13
-15
-14
-18
-16
-19
-23
-21
-30
-31
-32
-33
-36
-38
-39
-43
-37
-30
-30
-31
-25
-24
-27
-24
-29
-34
-34
-29
-32
-29
-30
-36
-27
-32
-28
-26
-23
-26
-25
-19
-20
-12
-23
-27
-23
-24
-20
-20
-21
-19
-21
-22
-15
-11
-8
-6
-1
3
-6
-11
-11
-6
-5
-6
-4
-5
-5
-3
-3
-3
-6
-9
-9
-7
-4
-10
-5
-6
0
0
-7
-1
1
0
0
5
5
3
3
-2
-2
2
-1
5
6
6
4
3
3
7
11
8
7
8
12
6
5
4
-1
-2
1
7
6
13
16
11
6
2
4
5
-2
-2
3
8
19
14
16
19
23
25
28
24
19
23
22
24
31
28
27
31
39
39
37
35
32
24
23
32
33
37
39
33
41
43
45
47
41
42
36
39
37
34
31
27
28
32
37
38
36
31
34
31
25
20
19
19
22
22
21
20
23
24
25
26
29
23
23
19
12
14
17
21
18
21
20
23
23
20
17
14
17
17
16
16
6
0
1
2
5
9
8
15
8
7
6
0
-2
-8
-13
-15
-15
-16
-17
-24
-24
-20
-14
-8
-10
-2
-2
-11
-13
-18
-21
-24
-24
-19
-16
-18
-17
-16
-17
-18
-20
-21
-20
-25
-35
-34
-40
-40
-37
-39
-40
-39
-40
-46
-44
-44
-38
-39
-48
-56
-53
-54
-56
-54
-50
-47
-50
-44
-43
-40
-41
-40
-36
-35
-32
-31
-30
-32
-33
-29
-24
-27
-28
-30
-30
-26
-32
-29
-32
-27
-23
-23
-18
-19
-20
-23
-22
-25
-26
-25
-22
-25
-27
-24
-29
-26
-20
-12
-9
-9
-7
-9
-11
-10
-14
-14
-10
-8
-13
-14
-12
-10
-8
-10
-4
0
3
1
5
0
-6
-7
-12
-6
-4
1
2
3
4
2
1
3
11
12
12
13
11
12
11
11
13
17
19
19
19
14
10
19
17
25
30
28
28
24
21
17
27
31
31
31
34
33
29
33
31
28
29
28
25
19
23
31
26
26
24
24
28
28
23
27
26
17
22
28
36
34
30
36
40
40
43
44
43
46
48
48
46
35
32
35
42
40
40
41
40
44
43
39
36
31
30
31
29
35
32
32
41
43
36
36
37
35
31
34
31
26
23
26
24
22
31
34
36
33
38
35
32
21
19
19
16
13
9
9
11
8
2
-2
1
1
5
3
-2
-2
-3
1
-1
0
-4
-4
-5
-5
-4
-6
-8
-12
-11
-17
-20
-19
-18
-21
-17
-16
-12
-10
-12
-13
-18
-27
-27
-28
-29
-25
-24
-27
-31
-36
-35
-33
-34
-27
-30
-41
-48
-45
-51
-52
-52
-58
-45
-43
-42
-37
-37
-35
-31
-37
-43
-39
-42
-32
-33
-41
-39
-44
-44
-44
-47
-45
-42
-41
-44
-40
-37
-39
-41
-49
-49
-51
-52
-52
-49
-50
-46
-39
-39
-41
-41
-42
-42
-40
-40
-45
-53
-45
-40
-41
-40
-36
-30
-22
-17
-16
-14
-16
-21
-23
-23
-20
-18
-17
-16
-19
-19
-12
-8
-3
4
7
6
2
-1
0
-3
-7
-8
-5
-11
-2
-6
-6
8
4
7
14
15
7
12
5
0
8
2
1
2
8
3
2
5
5
12
15
16
15
9
2
7
12
14
17
16
18
19
20
12
18
16
19
26
22
17
14
9
9
11
18
27
36
39
33
24
17
20
19
16
18
30
32
44
45
37
39
32
30
28
35
36
36
39
35
35
30
28
29
32
40
49
54
59
58
61
63
57
56
45
40
42
42
40
43
48
53
54
55
61
63
61
60
58
56
57
53
46
47
52
58
55
50
46
39
39
42
37
36
37
36
33
28
27
32
34
42
41
32
32
31
23
18
13
10
12
10
7
2
-3
-6
-1
-1
3
1
-9
-16
-20
-24
-31
-39
-38
-41
-43
-41
-43
-50
-50
-48
-49
-48
-54
-54
-60
-58
-59
-60
-55
-60
-55
-51
-56
-52
-52
-51
-43
-53
-54
-44
-44
-38
-40
-37
-38
-41
-34
-31
-27
-28
-27
-31
-32
-33
-40
-39
-43
-48
-44
-45
-43
-44
-41
-34
-31
-30
-27
-37
-45
-47
-46
-45
-47
-38
-38
-38
-42
-42
-39
-40
-35
-35
-44
-45
-43
-46
-48
-45
-38
-38
-31
-27
-25
-21
-21
-24
-34
-33
-24
-15
-14
-16
-19
-25
-25
-19
-17
-14
-14
-9
-1
1
5
-3
-1
4
-1
2
1
-7
4
9
9
15
19
23
20
23
23
22
20
18
24
28
30
30
32
31
32
32
28
29
37
39
36
33
31
33
31
34
38
31
31
38
46
42
35
26
23
26
30
28
29
32
25
22
20
23
27
26
29
35
28
21
12
9
11
12
8
10
11
13
10
3
2
11
19
22
20
8
13
11
7
9
4
9
6
5
14
16
10
11
16
11
16
19
15
16
13
15
20
17
13
12
15
19
23
30
34
30
31
29
17
16
17
17
11
18
25
24
23
20
19
19
21
30
39
34
34
36
30
29
19
14
18
16
19
21
20
22
25
26
24
25
21
16
19
22
27
22
18
18
16
14
17
10
9
4
7
11
9
8
-2
-5
-5
-9
-8
-10
-3
-4
-8
-4
-13
-15
-12
-8
-12
-18
-15
-19
-20
-22
-25
-23
-15
-19
-23
-23
-29
-27
-29
-32
-34
-37
-33
-31
-28
-28
-27
-29
-29
-22
-23
-25
-26
-33
-32
-42
-44
-41
-45
-40
-37
-32
-27
-33
-34
-29
-20
-14
-23
-22
-25
-33
-34
-38
-41
-43
-36
-36
-31
-29
-33
-30
-27
-25
-29
-27
-20
-22
-18
-19
-26
-26
-23
-24
-21
-17
-21
-22
-21
-23
-21
-22
-31
-27
-26
-25
-21
-17
-15
-15
-6
-8
-9
-8
-6
-7
-11
-3
-2
-6
-4
-5
-3
7
10
17
21
15
15
9
-1
-2
0
1
1
7
14
22
23
16
14
14
13
12
13
12
10
6
7
7
10
8
6
7
9
15
17
15
13
12
9
10
9
7
-1
1
-3
4
1
-4
-3
-11
-10
-9
-6
-2
-5
-13
-20
-18
-14
-16
-19
-11
-8
-12
-13
-13
-14
-16
-13
-12
-11
-10
-11
-5
-5
-1
-3
-4
-10
-4
4
2
3
5
9
16
10
17
23
25
30
26
31
27
24
25
30
24
21
23
27
37
37
42
43
44
51
50
43
42
39
30
33
34
35
40
42
42
47
44
48
54
56
60
57
56
51
46
48
49
54
55
55
56
55
54
56
51
50
52
49
51
47
45
36
35
36
29
26
29
27
25
23
20
18
8
8
6
9
8
6
5
1
2
2
5
7
3
-2
-7
-5
-8
-12
-12
-14
-19
-22
-17
-11
-13
-11
-18
-15
-12
-15
-23
-26
-22
-18
-19
-21
-15
-19
-17
-18
-25
-21
-19
-18
-20
-27
-37
-45
-39
-34
-35
-36
-33
-32
-34
-33
-37
-42
-44
-46
-37
-32
-40
-46
-44
-46
-41
-39
-35
-28
-32
-33
-36
-38
-36
-39
-42
-41
-43
-41
-44
-46
-39
-39
-36
-29
-25
-23
-21
-29
-32
-30
-33
-32
-28
-24
-28
-30
-28
-21
-23
-23
-19
-18
-17
-12
-4
-5
-1
2
8
7
13
16
9
9
2
-1
0
-4
4
9
2
10
14
14
14
17
20
16
21
19
15
12
9
9
8
7
2
4
-2
-11
-14
-9
-9
-6
-3
-5
-8
-15
-17
-20
-19
-22
-21
-22
-20
-23
-25
-20
-25
-25
-28
-23
-20
-24
-29
-31
-36
-39
-39
-39
-33
-37
-34
-36
-37
-29
-26
-20
-17
-17
-14
-8
-9
-6
-8
-5
-5
-9
-10
-5
-7
-9
-5
-5
-3
3
6
8
18
18
23
25
27
30
28
24
19
21
19
21
21
16
23
26
23
31
41
46
46
48
49
52
50
52
51
47
48
49
53
53
53
53
57
53
49
54
55
56
58
56
43
34
27
27
35
36
36
33
25
23
20
20
27
32
32
28
30
30
30
24
27
26
22
25
18
17
20
19
22
22
15
14
19
24
21
16
14
23
24
29
36
31
26
22
17
17
24
23
20
17
16
18
15
9
2
1
-1
3
3
1
3
-5
-9
-7
-11
-2
-4
-7
-11
-11
-12
-21
-22
-24
-20
-14
-17
-24
-24
-18
-20
-21
-19
-27
-29
-27
-34
-42
-45
-44
-44
-42
-41
-47
-46
-50
-50
-45
-46
-36
-33
-27
-29
-32
-25
-27
-23
-22
-26
-27
-24
-27
-37
-37
-34
-29
-25
-26
-23
-18
-21
-17
-19
-21
-23
-26
-29
-26
-25
-24
-20
-17
-14
-11
-10
-15
-13
-18
-18
-12
-20
-21
-20
-11
-11
-7
-7
-7
-1
8
6
4
4
-8
-1
-4
1
9
1
5
6
15
21
18
20
19
13
9
12
1
-3
-7
-11
-10
1
-6
-9
-9
-16
-11
-11
-6
-8
-1
-12
-11
-8
-19
-16
-16
-15
-12
-14
-19
-20
-19
-20
-20
-23
-18
-9
-11
-12
-15
-17
-16
-12
-4
-6
-6
-5
-4
-7
-8
-8
-10
-7
-2
4
9
6
7
8
12
17
17
19
16
18
12
12
8
10
17
15
10
9
11
9
3
-4
-7
-5
-8
-5
0
-3
2
-2
-3
-3
4
14
16
10
8
10
11
17
16
13
13
7
11
10
14
23
26
34
28
25
25
17
21
22
33
27
27
30
22
26
25
29
33
32
35
33
37
30
27
18
19
28
30
35
32
31
34
36
33
33
32
36
33
26
25
18
17
15
18
24
31
36
32
28
31
20
22
22
19
21
19
13
11
14
14
10
14
19
16
21
15
11
6
7
7
12
16
7
4
4
1
9
14
9
15
11
7
1
0
0
-1
-4
1
1
-1
-6
-4
-3
-6
-2
-6
-6
-5
-4
-5
-2
-3
1
1
0
7
8
8
9
12
11
7
-2
2
-2
-4
-5
-10
-16
-20
-16
-21
-17
-14
-15
-13
-11
-11
-17
-17
-19
-24
-25
-31
-30
-30
-31
-28
-29
-22
-20
-27
-30
-33
-32
-30
-30
-35
-35
-34
-32
-36
-40
-40
-31
-32
-36
-37
-38
-38
-41
-37
-33
-24
-27
-34
-40
-42
-40
-36
-29
-26
-29
-33
-36
-29
-28
-24
-24
-23
-19
-23
-25
-27
-27
-24
-25
-25
-26
-28
-24
-22
-26
-26
-19
-12
-11
-13
-12
-14
-18
-21
-23
-23
-22
-18
-18
-14
-18
-19
-28
-34
-30
-26
-17
-21
-24
-30
-32
-20
-18
-18
-12
-10
-3
-4
-8
-8
-15
-21
-24
-22
-18
-19
-19
-12
-12
-11
-20
-21
-23
-23
-19
-23
-17
-18
-17
-14
-10
-5
-4
1
-1
4
13
13
13
10
7
10
8
11
7
4
12
23
27
29
37
36
39
40
45
47
45
44
43
46
52
50
54
59
56
56
63
61
60
54
53
61
56
56
55
60
58
54
63
67
65
58
63
61
65
65
55
56
57
60
65
61
61
63
57
50
49
52
46
47
49
50
48
47
48
49
43
41
45
36
39
37
34
36
32
31
33
35
37
34
30
27
27
33
31
24
15
11
12
14
14
16
12
7
7
8
11
8
0
-5
-4
-2
-6
-8
-8
-5
-3
-8
-11
-17
-17
-15
-15
-23
-22
-30
-28
-25
-26
-23
-27
-24
-26
-25
-27
-31
-37
-43
-40
-40
-44
-45
-44
-47
-52
-51
-54
-58
-53
-49
-51
-43
-42
-44
-43
-43
-49
-53
-46
-54
-62
-59
-60
-58
-53
-48
-41
-36
-33
-33
-33
-37
-40
-41
-35
-32
-26
-19
-19
-20
-17
-18
-20
-20
-25
-24
-15
-10
-7
-11
-19
-24
-26
-25
-18
-13
-9
-16
-25
-22
-21
-24
-29
-26
-24
-25
-26
-33
-35
-29
-31
-30
-28
-28
-22
-22
-24
-27
-26
-32
-38
-38
-38
-35
-33
-31
-31
-27
-28
-24
-19
-17
-9
-8
-10
-17
-19
-18
-20
-16
-21
-16
-9
-5
7
-1
-2
-8
-9
-6
-7
-7
-13
-12
-10
-4
7
9
9
10
6
3
9
7
4
11
11
9
7
0
0
8
9
15
20
15
13
17
20
19
15
17
15
19
25
25
24
19
19
15
20
20
24
31
35
36
33
34
29
30
30
35
33
36
46
46
41
35
34
30
29
31
32
34
36
35
36
28
26
32
31
37
40
36
34
30
29
37
33
32
35
35
33
30
30
30
27
26
26
26
25
29
24
22
24
26
31
32
27
25
28
23
23
24
16
16
15
10
17
25
30
28
28
33
32
30
32
26
21
17
13
14
19
17
12
19
13
16
18
15
16
16
23
21
14
9
5
8
13
22
18
16
14
12
14
8
11
7
10
13
11
9
6
2
-4
3
5
7
10
5
6
7
0
0
1
-2
-5
-8
-9
-8
-9
-17
-16
-16
-17
-17
-18
-26
-26
-26
-25
-23
-26
-28
-29
-21
-13
-12
-7
-11
-15
-13
-8
-11
-15
-18
-24
-21
-19
-20
-19
-18
-18
-16
-15
-15
-12
-16
-17
-16
-16
-21
-17
-19
-23
-21
-25
-25
-24
-26
-30
-33
-39
-33
-32
-27
-30
-38
-40
-42
-36
-35
-37
-35
-36
-45
-48
-48
-53
-49
-52
-53
-40
-42
-39
-44
-46
-48
-50
-49
-50
-46
-49
-48
-48
-46
-40
-41
-44
-44
-39
-39
-42
-41
-43
-46
-38
-35
-40
-38
-41
-39
-36
-42
-41
-34
-31
-29
-26
-27
-23
-20
-19
-15
-15
-11
-8
-12
-5
-8
-3
-2
0
0
4
6
3
9
8
8
14
14
18
20
25
24
25
26
14
18
22
23
17
21
25
32
40
41
40
40
40
40
36
28
27
32
35
34
31
23
32
39
41
42
42
41
42
38
30
35
29
32
35
35
33
34
35
34
38
36
41
49
50
45
42
40
38
38
37
41
37
36
38
43
46
45
52
54
53
53
49
45
40
38
38
34
33
44
43
42
47
45
43
48
42
38
37
36
36
29
27
25
25
21
14
14
18
25
27
25
23
23
22
21
18
12
9
7
4
1
8
8
9
8
8
11
14
14
19
17
11
11
7
1
0
3
5
11
18
18
10
8
4
2
-1
1
2
-4
-3
-8
-20
-17
-23
-26
-27
-23
-21
-22
-20
-33
-34
-37
-34
-30
-24
-30
-34
-32
-32
-34
-44
-51
-50
-53
-56
-62
-61
-67
-68
-64
-63
-53
-62
-65
-62
-62
-65
-60
-56
-60
-65
-72
-66
-62
-68
-62
-64
-63
-57
-52
-56
-55
-53
-54
-50
-46
-47
-49
-51
-57
-59
-56
-55
-46
-45
-45
-42
-43
-40
-39
-39
-37
-36
-28
-29
-29
-32
-37
-31
-28
-22
-13
-5
-3
-8
-10
-10
-6
-6
-6
-9
-10
-8
-9
-3
-1
-5
-3
-6
-11
-5
-1
6
7
13
15
19
25
21
25
25
24
21
21
24
20
32
33
35
32
26
33
32
37
43
45
44
44
49
45
39
37
41
44
36
36
35
39
34
39
38
32
26
29
29
27
35
34
37
30
29
28
31
29
31
30
27
31
31
30
24
22
23
18
21
22
18
17
24
24
24
30
31
32
29
32
36
32
27
21
24
23
20
22
26
33
42
42
41
41
33
39
36
30
26
25
25
31
31
23
22
17
18
20
26
21
18
18
17
16
17
17
16
20
18
18
17
17
13
9
7
3
-2
-11
-11
-13
-15
-12
-9
-2
-3
-4
-2
-2
-4
-14
-25
-29
-30
-30
-31
-31
-32
-32
-32
-32
-35
-40
-40
-34
-30
-24
-20
-26
-22
-20
-21
-23
-24
-27
-30
-27
-23
-26
-24
-25
-19
-18
-19
-20
-22
-20
-24
-19
-13
-8
-5
-6
-11
-10
-6
-15
-17
-15
-17
-11
-12
-14
-4
-10
-14
-8
-7
-6
-10
-11
-14
-15
-20
-15
-18
-15
-14
-19
-22
-20
-13
-14
-13
-14
-16
-16
-26
-35
-35
-44
-41
-31
-31
-34
-31
-36
-33
-34
-35
-26
-16
-16
-28
-30
-30
-33
-34
-35
-32
-25
-18
-21
-18
-12
-5
-9
-12
-11
-17
-10
-15
-15
-18
-19
-14
-22
-18
-11
-13
-9
-5
-8
-9
-4
0
-9
-11
-12
-10
-8
-8
-2
-2
3
12
15
11
9
14
15
21
23
20
22
20
24
37
30
29
34
36
39
42
50
51
44
42
47
46
51
44
52
56
57
56
52
60
59
66
58
57
53
50
58
60
59
58
61
59
61
60
58
55
51
51
50
51
51
47
42
40
39
39
39
38
32
34
30
34
29
29
32
25
30
27
26
25
20
8
4
4
1
1
-1
1
-4
-6
-9
4
7
-3
-7
-13
-15
-22
-15
-18
-21
-27
-28
-22
-23
-26
-30
-31
-28
-22
-23
-27
-31
-32
-35
-37
-32
-30
-33
-33
-32
-33
-36
-34
-39
-49
-49
-48
-42
-46
-52
-48
-50
-44
-45
-46
-39
-35
-30
-33
-37
-34
-33
-27
-26
-32
-28
-29
-29
-23
-24
-26
-29
-28
-27
-27
-20
-18
-23
-16
-14
-19
-16
-8
-10
-17
-11
-12
-14
-18
-21
-19
-18
-12
-13
-3
2
-5
-6
-8
-11
-17
-17
-18
-22
-18
-18
-15
-14
-17
-17
-12
-6
-6
2
8
3
-2
-4
-8
-11
-8
-7
-2
2
1
1
4
6
10
8
7
10
11
17
21
28
26
26
30
30
21
17
19
25
27
26
30
31
31
29
30
30
36
36
38
41
36
26
24
26
32
30
22
19
19
15
13
19
21
23
25
30
38
35
30
27
27
28
28
24
15
13
11
5
3
0
2
3
6
8
8
4
5
5
-1
-2
0
1
1
-4
-9
-9
-10
-9
-2
6
3
1
0
-6
-7
-4
-2
-2
2
3
2
-5
-5
-6
-13
-4
2
11
12
6
7
5
4
6
2
12
9
10
9
2
-1
-11
-6
0
4
6
9
12
19
17
15
16
12
10
7
2
4
5
7
15
22
21
16
22
16
17
24
17
9
12
14
8
13
12
9
16
21
22
24
21
18
16
9
6
2
1
-3
1
2
-2
-6
-12
-19
-12
-6
-6
-7
-14
-22
-32
-33
-38
-42
-49
-54
-51
-53
-53
-54
-59
-60
-54
-53
-51
-47
-57
-57
-58
-66
-64
-68
-66
-67
-57
-54
-53
-56
-56
-55
-51
-50
-46
-47
-50
-44
-49
-39
-38
-42
-39
-30
-22
-23
-31
-37
-37
-39
-34
-26
-25
-21
-16
-10
3
6
3
0
4
8
3
-2
0
1
3
1
1
7
11
17
18
24
25
29
32
31
31
27
29
24
28
34
30
35
39
34
35
33
37
34
32
31
31
35
34
27
24
24
27
31
37
36
34
36
41
41
33
32
28
29
31
32
33
35
40
44
44
45
49
46
36
32
34
34
31
31
28
23
24
24
22
23
20
17
20
19
24
20
17
14
9
4
-5
-4
2
11
7
9
7
4
-2
-5
-5
-13
-9
-6
-7
-9
-10
-16
-14
-10
-12
-14
-11
-6
-12
-11
-9
-15
-16
-10
-6
-2
4
7
7
15
12
12
20
14
13
5
9
10
15
20
16
22
21
25
21
16
18
16
13
14
17
16
17
11
8
12
8
7
5
7
2
-1
7
-3
-11
-15
-17
-19
-16
-17
-20
-17
-23
-19
-26
-24
-20
-24
-26
-26
-35
-44
-35
-33
-28
-21
-17
-19
-21
-24
-29
-28
-27
-28
-24
-26
-27
-28
-35
-40
-40
-37
-41
-46
-46
-43
-47
-49
-55
-57
-57
-56
-57
-61
-64
-62
-67
-65
-59
-61
-57
-57
-57
-58
-59
-54
-49
-51
-56
-50
-49
-51
-51
-46
-44
-40
-34
-32
-29
-30
-27
-30
-32
-31
-23
-19
-20
-18
-15
-12
-3
-1
-6
-8
1
9
14
24
19
24
22
18
26
29
33
40
44
41
43
44
43
43
43
44
44
50
53
57
62
64
64
66
65
63
63
60
54
58
55
52
53
59
60
58
68
70
71
66
58
60
59
49
52
60
60
59
62
62
59
59
60
62
63
62
68
62
54
59
50
52
47
44
50
47
46
42
46
51
53
56
58
51
48
46
43
46
37
35
34
27
29
27
24
22
21
25
27
24
21
26
26
19
19
19
19
22
17
3
-3
-3
-13
-18
-19
-23
-22
-21
-28
-26
-31
-38
-32
-33
-33
-28
-27
-37
-42
-42
-43
-45
-49
-45
-53
-60
-64
-59
-55
-55
-51
-50
-51
-54
-59
-60
-59
-57
-56
-55
-52
-55
-57
-55
-56
-56
-55
-57
-55
-49
-46
-39
-37
-43
-45
-41
-42
-43
-34
-32
-30
-26
-23
-25
-25
-30
-25
-28
-28
-31
-29
-24
-25
-26
-28
-26
-29
-25
-27
-28
-29
-32
-30
-31
-37
-36
-41
-43
-36
-35
-28
-27
-30
-22
-21
-22
-24
-24
-20
-25
-22
-26
-21
-19
-27
-29
-35
-31
-33
-31
-29
-29
-30
-30
-25
-21
-23
-20
-21
-26
-22
-28
-25
-20
-19
-18
-21
-28
-33
-32
-29
-20
-17
-20
-21
-18
-17
-14
-11
-14
-18
-16
-12
-7
-5
-9
-14
-12
-4
4
10
7
9
10
20
28
24
26
24
30
32
32
28
26
26
38
47
48
49
47
53
58
62
65
63
63
65
73
77
73
72
71
77
78
75
72
66
65
70
83
87
90
93
91
85
85
82
77
79
77
79
82
72
68
71
68
72
69
65
65
63
60
55
56
54
54
54
61
59
52
52
50
46
47
44
45
42
39
40
36
35
28
19
23
20
14
15
14
10
12
9
14
15
11
11
8
8
8
3
2
4
0
-6
0
-3
-8
-10
-17
-10
-10
-8
-12
-18
-24
-24
-22
-23
-27
-32
-34
-28
-31
-29
-32
-37
-36
-35
-31
-37
-38
-41
-44
-37
-33
-37
-38
-46
-46
-46
-52
-47
-41
-38
-41
-37
-36
-40
-37
-39
-41
-40
-42
-40
-40
-29
-23
-31
-33
-29
-36
-36
-31
-31
-27
-30
-31
-31
-37
-46
-46
-48
-45
-46
-46
-47
-47
-37
-34
-28
-36
-35
-37
-42
-45
-46
-45
-48
-46
-51
-48
-45
-38
-43
-46
-47
-48
-44
-48
-48
-51
-51
-52
-50
-49
-48
-47
-47
-50
-56
-49
-51
-49
-43
-50
-51
-47
-38
-36
-37
-36
-36
-37
-41
-48
-46
-44
-48
-40
-40
-41
-40
-41
-36
-38
-34
-31
-29
-24
-30
-31
-32
-29
-31
-31
-25
-21
-15
-11
-6
-4
-2
-9
-13
-11
-10
-7
1
1
1
2
2
5
12
18
22
24
32
37
41
39
35
35
33
32
35
35
35
35
34
37
43
52
56
59
56
49
46
44
44
48
44
44
48
46
47
46
51
55
53
53
47
49
53
58
54
55
52
55
63
63
62
54
58
59
59
65
63
61
60
57
64
69
73
75
71
69
70
74
82
85
79
75
77
76
78
78
73
77
81
79
77
78
79
82
85
80
80
77
76
79
78
75
71
69
68
66
68
62
60
62
58
53
51
50
43
42
40
41
38
32
33
26
23
23
17
12
17
19
15
8
5
5
-6
-9
-7
-5
-7
-9
-8
-14
-13
-12
-16
-18
-12
-11
-16
-22
-29
-35
-32
-36
-32
-34
-37
-34
-35
-29
-33
-38
-36
-36
-44
-46
-47
-47
-42
-40
-48
-55
-61
-61
-61
-56
-56
-62
-63
-70
-69
-70
-75
-71
-78
-77
-82
-82
-79
-86
-88
-86
-88
-93
-90
-86
-79
-81
-83
-88
-90
-86
-80
-82
-81
-78
-82
-82
-87
-85
-83
-88
-91
-90
-86
-78
-84
-88
-89
-83
-81
-76
-71
-79
-77
-74
-77
-75
-70
-68
-65
-63
-62
-58
-61
-60
-62
-59
-59
-56
-53
-56
-51
-51
-50
-53
-47
-44
-41
-32
-31
-31
-23
-28
-26
-22
-21
-18
-10
-7
-10
-4
-5
-4
1
-1
1
6
6
8
2
5
4
3
5
11
16
21
18
18
20
25
24
25
30
28
31
29
30
28
31
37
37
40
48
47
45
44
46
45
50
53
61
64
62
60
60
63
60
61
64
65
78
81
79
76
71
72
82
88
83
85
81
84
86
89
92
87
88
83
82
78
81
86
89
92
92
88
94
93
93
94
99
105
98
98
94
89
80
79
74
78
84
82
80
79
75
77
75
74
77
68
67
59
56
51
42
43
43
37
38
39
36
32
31
28
24
28
25
20
14
14
14
8
0
-1
-1
-1
13
17
13
11
13
9
1
-1
-4
-4
-10
-8
-1
-2
-1
-4
-5
-8
-8
-7
-12
-15
-11
-15
-13
-16
-21
-15
-19
-20
-22
-29
-30
-34
-38
-32
-37
-41
-40
-42
-41
-45
-43
-40
-35
-32
-37
-37
-39
-45
-48
-52
-60
-56
-60
-59
-60
-62
-64
-61
-57
-53
-52
-54
-50
-51
-53
-57
-60
-61
-62
-65
-64
-63
-67
-62
-57
-57
-56
-59
-60
-61
-59
-55
-56
-58
-62
-61
-62
-55
-55
-51
-48
-51
-53
-57
-48
-54
-58
-57
-59
-59
-59
-52
-48
-50
-57
-55
-57
-52
-45
-53
-55
-53
-54
-53
-43
-44
-47
-45
-48
-49
-47
-45
-46
-47
-48
-39
-43
-38
-38
-39
-40
-42
-42
-46
-41
-44
-43
-40
-35
-23
-21
-25
-26
-24
-23
-26
-31
-26
-23
-21
-17
-22
-32
-29
-26
-22
-18
-7
-2
2
3
7
15
14
16
21
20
18
19
18
15
15
16
16
20
24
25
30
37
37
34
36
35
36
42
36
44
47
43
47
51
59
55
52
52
51
47
48
53
61
72
78
80
77
74
66
67
65
69
72
63
71
76
75
76
77
82
85
82
89
93
94
94
93
94
93
97
94
91
92
93
92
91
96
97
97
95
92
98
94
87
92
87
87
82
72
74
66
60
60
61
62
58
52
47
52
51
45
45
46
46
37
33
31
25
23
26
26
20
14
6
-8
-9
-6
-7
1
3
2
0
-3
-10
-13
-7
-10
-11
-20
-24
-25
-31
-34
-32
-33
-34
-29
-29
-29
-34
-39
-45
-42
-43
-38
-37
-43
-41
-38
-41
-44
-46
-42
-45
-49
-49
-59
-56
-54
-49
-43
-40
-41
-41
-40
-38
-38
-42
-38
-45
-43
-53
-51
-53
-51
-54
-56
-53
-53
-45
-47
-39
-38
-40
-42
-41
-42
-41
-40
-46
-46
-53
-53
-58
-63
-50
-51
-47
-46
-46
-49
-48
-45
-50
-50
-52
-54
-55
-54
-54
-58
-54
-51
-53
-50
-58
-62
-65
-60
-57
-59
-53
-48
-52
-55
-53
-51
-50
-49
-48
-51
-51
-49
-48
-50
-53
-51
-43
-47
-42
-39
-37
-30
-34
-38
-38
-38
-33
-32
-32
-31
-31
-29
-37
-27
-26
-29
-33
-28
-20
-21
-18
-19
-15
-10
-4
-6
-1
1
0
0
-3
-7
-5
-14
-14
-9
0
1
0
13
18
20
21
17
5
3
9
11
17
20
23
22
19
18
20
24
31
34
31
31
32
34
38
38
38
32
31
34
35
37
40
43
46
52
55
59
64
65
65
68
70
73
69
71
71
72
68
66
72
70
75
75
75
71
74
76
78
79
79
74
79
74
66
62
56
61
67
68
67
69
61
56
55
58
56
51
57
66
64
65
58
47
47
47
50
50
48
45
45
39
41
40
44
46
46
42
37
37
35
34
40
39
37
44
36
34
31
26
30
27
29
29
26
25
20
19
12
10
10
18
21
15
19
14
14
11
7
4
1
-4
-9
-6
-9
-6
-1
-3
-1
1
-5
-1
-10
-16
-14
-15
-15
-17
-18
-17
-20
-30
-28
-34
-32
-30
-33
-28
-26
-25
-25
-31
-38
-43
-45
-46
-53
-48
-45
-41
-37
-38
-40
-47
-47
-53
-48
-41
-38
-35
-36
-31
-38
-43
-46
-47
-46
-42
-38
-38
-41
-41
-44
-53
-46
-46
-46
-48
-51
-47
-53
-57
-58
-59
-69
-62
-61
-60
-59
-61
-65
-67
-67
-63
-65
-70
-68
-65
-66
-66
-60
-57
-54
-55
-52
-51
-48
-47
-53
-54
-55
-51
-53
-55
-59
-65
-61
-59
-53
-48
-49
-49
-44
-45
-48
-48
-44
-38
-33
-35
-44
-46
-43
-41
-37
-35
-38
-34
-30
-31
-27
-36
-40
-38
-32
-32
-22
-22
-29
-28
-26
-25
-16
-10
-16
-16
-15
-15
-13
-8
-7
-3
2
11
13
19
20
15
13
15
12
9
16
17
23
29
27
31
32
35
37
42
46
46
45
47
55
52
60
58
63
68
73
70
68
72
68
69
69
67
67
69
69
76
79
80
86
79
89
87
78
77
73
76
74
73
69
64
61
63
62
62
63
67
60
54
50
46
49
47
44
43
45
43
36
31
33
27
26
27
27
30
27
35
36
31
31
26
28
32
30
28
29
35
45
45
42
38
40
44
40
37
38
38
40
44
45
45
43
43
43
44
40
41
37
40
39
38
39
37
33
31
35
35
36
38
40
33
31
28
22
18
18
20
18
20
20
18
19
20
14
19
21
18
16
11
11
12
13
8
12
10
11
7
2
-7
-12
-13
-16
-18
-22
-17
-19
-16
-17
-24
-17
-21
-18
-16
-13
-16
-22
-22
-30
-29
-32
-34
-35
-31
-38
-42
-38
-35
-31
-31
-34
-36
-37
-38
-35
-37
-38
-42
-45
-45
-42
-46
-54
-55
-57
-54
-50
-51
-55
-56
-58
-55
-58
-69
-75
-79
-77
-78
-81
-84
-93
-97
-93
-89
-87
-85
-83
-81
-84
-91
-93
-99
-103
-104
-101
-101
-102
-97
-104
-103
-101
-99
-92
-93
-89
-90
-91
-87
-94
-93
-91
-84
-84
-83
-86
-85
-77
-77
-77
-75
-67
-62
-55
-58
-56
-55
-51
-47
-46
-42
-44
-38
-37
-32
-29
-28
-27
-25
-20
-21
-20
-21
-16
-13
-6
3
7
4
16
18
15
16
17
19
20
23
23
22
21
24
25
23
22
22
30
42
44
45
45
41
46
52
49
42
43
45
45
46
49
54
55
55
57
62
60
60
60
63
67
72
70
70
72
81
84
83
87
78
79
83
87
91
95
93
90
86
89
85
83
80
79
84
85
92
90
87
83
82
80
77
81
87
78
81
81
81
81
75
82
77
79
73
71
69
69
59
52
58
53
54
51
45
42
35
30
27
27
34
32
33
32
31
25
26
32
26
25
16
17
14
13
15
11
9
7
4
4
8
11
16
19
21
15
14
10
8
4
8
7
7
9
11
15
19
15
17
20
17
22
20
24
18
24
27
26
29
28
30
34
35
41
39
27
32
32
31
31
28
21
21
17
10
10
13
16
15
19
15
10
3
-3
2
-1
-3
-3
-10
-13
-17
-22
-34
-43
-48
-47
-41
-49
-58
-67
-70
-73
-74
-76
-76
-75
-76
-82
-84
-84
-90
-97
-106
-105
-106
-102
-103
-106
-102
-102
-105
-104
-106
-104
-104
-102
-108
-117
-122
-121
-117
-111
-108
-112
-111
-108
-104
-102
-105
-98
-102
-106
-100
-100
-99
-100
-103
-95
-86
-80
-84
-86
-83
-83
-78
-74
-70
-70
-74
-70
-67
-63
-54
-49
-47
-45
-47
-48
-48
-54
-57
-58
-49
-47
-46
-44
-45
-44
-43
-39
-26
-17
-15
-12
-19
-18
-13
-14
-14
-18
-17
-16
-13
-5
-1
-1
5
9
15
25
28
34
36
41
41
39
46
41
36
35
38
40
42
41
47
48
55
56
53
51
51
56
59
58
61
66
62
71
69
67
68
66
64
71
76
72
75
74
73
79
77
77
80
78
85
84
74
76
71
70
74
70
67
63
64
68
72
71
64
66
58
59
68
63
58
58
54
55
59
47
43
42
41
37
36
35
37
35
30
29
31
33
28
32
28
30
30
28
30
30
28
26
22
26
30
32
37
44
49
48
49
58
57
60
61
57
55
58
64
62
62
65
58
54
59
63
59
60
56
56
60
58
61
58
57
59
56
55
55
55
58
61
60
54
50
49
47
46
46
48
45
44
40
37
25
16
13
9
12
15
18
17
11
2
-2
-9
-6
-9
-17
-17
-19
-23
-29
-30
-35
-40
-46
-50
-50
-47
-53
-52
-51
-56
-62
-63
-66
-68
-66
-66
-69
-71
-73
-76
-76
-77
-77
-79
-84
-87
-85
-82
-79
-81
-83
-81
-86
-96
-99
-100
-99
-97
-94
-95
-90
-91
-94
-91
-88
-88
-88
-87
-83
-84
-83
-84
-91
-94
-97
-98
-96
-100
-103
-97
-93
-94
-93
-94
-96
-90
-87
-82
-80
-84
-88
-88
-90
-84
-79
-82
-79
-72
-70
-65
-61
-62
-61
-61
-57
-48
-50
-47
-41
-39
-35
-36
-34
-31
-24
-18
-15
-9
-9
-9
-7
-14
-14
-5
-4
4
9
6
5
2
8
10
11
12
18
20
20
25
20
22
26
29
29
27
25
25
22
25
27
32
30
28
33
34
41
39
38
39
41
39
34
33
30
28
25
23
23
29
32
35
31
30
31
36
36
32
35
34
27
26
22
21
24
21
24
30
33
31
33
30
36
43
49
50
53
54
50
49
51
55
56
57
55
55
54
61
59
53
57
61
60
66
70
63
70
68
65
67
68
73
73
74
72
67
62
62
69
76
77
77
78
84
86
90
84
82
87
84
88
87
83
75
76
79
85
84
87
85
82
85
82
85
80
77
77
79
73
67
69
73
79
81
79
77
78
70
68
63
49
43
39
37
29
30
36
28
28
25
22
27
33
29
22
21
16
7
10
3
0
0
-4
-8
-14
-10
-10
-19
-22
-23
-26
-31
-39
-44
-49
-48
-46
-45
-44
-45
-55
-61
-61
-62
-61
-58
-62
-65
-71
-72
-71
-75
-76
-74
-77
-76
-75
-80
-81
-88
-88
-92
-87
-92
-99
-95
-92
-88
-88
-84
-89
-95
-96
-101
-101
-99
-99
-107
-109
-108
-102
-99
-102
-97
-97
-99
-98
-95
-95
-93
-99
-107
-99
-103
-110
-106
-105
-105
-100
-93
-85
-81
-85
-92
-96
-97
-100
-91
-89
-91
-88
-84
-79
-74
-78
-72
-67
-61
-54
-58
-59
-65
-62
-61
-56
-49
-40
-40
-40
-35
-24
-29
-27
-17
-19
-18
-17
-19
-26
-19
-16
-15
-6
-4
0
11
13
15
13
3
8
9
17
19
19
21
20
23
23
29
29
38
41
39
39
36
36
34
35
44
46
43
45
40
42
45
44
44
47
47
40
43
44
41
42
44
51
57
57
55
55
49
48
43
48
54
54
54
53
52
56
58
61
63
66
73
70
63
67
72
75
82
86
87
85
88
87
83
82
87
87
89
93
92
90
88
92
87
88
90
94
101
107
106
103
94
92
90
85
90
83
76
81
77
77
78
78
71
66
71
75
78
72
62
57
51
46
47
43
43
53
59
64
62
57
57
47
46
42
45
42
39
41
41
41
41
42
45
50
45
49
46
42
34
29
32
26
26
25
25
31
31
29
27
17
17
12
7
3
10
7
-1
-2
-9
-8
-15
-16
-17
-22
-25
-27
-32
-35
-35
-40
-40
-41
-49
-46
-52
-51
-45
-45
-54
-61
-67
-70
-68
-67
-63
-74
-77
-85
-80
-85
-90
-76
-76
-74
-76
-75
-73
-81
-83
-84
-81
-81
-81
-82
-83
-82
-78
-79
-80
-78
-86
-88
-88
-90
-87
-92
-88
-87
-94
-92
-86
-87
-88
-89
-90
-91
-94
-98
-96
-91
-94
-92
-88
-90
-90
-91
-87
-85
-83
-78
-77
-78
-83
-81
-82
-85
-86
-81
-82
-79
-72
-70
-61
-60
-52
-58
-62
-61
-59
-61
-54
-48
-52
-43
-45
-41
-38
-41
-38
-32
-27
-27
-33
-32
-27
-29
-28
-36
-34
-32
-28
-21
-16
-14
-8
-3
-4
-1
-2
-9
-10
-15
-12
-6
0
8
3
2
3
9
9
13
15
17
21
20
25
26
31
34
29
42
43
47
54
56
61
59
57
58
65
76
78
76
82
83
83
81
81
84
88
93
89
93
93
95
94
93
100
105
107
105
108
104
96
91
91
96
95
95
97
98
99
94
93
96
90
85
87
85
84
85
84
81
77
75
73
71
73
72
72
67
64
60
63
69
72
70
63
62
58
56
61
56
57
58
53
51
46
46
42
39
45
44
42
45
47
49
51
51
46
44
36
30
28
28
29
32
37
34
32
30
23
20
22
17
14
5
9
3
-8
-4
0
1
-1
1
-2
-9
-22
-24
-24
-23
-23
-33
-38
-37
-41
-43
-44
-43
-40
-44
-45
-42
-47
-50
-55
-59
-60
-62
-67
-65
-66
-65
-66
-58
-52
-56
-57
-63
-63
-65
-63
-63
-58
-59
-58
-61
-55
-52
-48
-43
-39
-39
-46
-44
-48
-51
-53
-48
-52
-54
-51
-41
-43
-41
-43
-45
-42
-47
-43
-40
-39
-45
-48
-53
-58
-54
-53
-49
-47
-52
-45
-46
-52
-57
-53
-53
-61
-63
-61
-66
-67
-64
-66
-62
-59
-61
-61
-60
-67
-64
-60
-55
-44
-48
-51
-47
-44
-47
-42
-37
-31
-22
-30
-40
-45
-47
-40
-35
-27
-26
-27
-26
-26
-23
-14
-12
-13
-9
-7
-8
-11
-8
-9
-7
0
4
6
10
7
4
5
0
2
2
5
5
5
5
2
5
4
10
13
14
20
18
18
19
9
7
9
12
12
9
11
11
12
13
12
9
12
13
14
20
21
21
21
15
20
23
21
24
27
31
33
32
31
35
41
41
45
45
48
51
47
45
49
52
55
58
52
56
56
53
58
57
63
68
68
71
62
77
72
60
98
67
82
71
65
88
61
82
78
67
72
71
68
76
69
72
69
54
58
55
57
51
50
53
40
40
37
37
38
35
34
34
27
28
21
20
17
19
28
32
39
41
36
36
25
25
24
14
20
16
16
11
2
-3
-4
-1
5
6
0
-6
-8
-13
-16
-14
-18
-16
-9
-7
-2
-9
-11
-13
-22
-22
-25
-27
-24
-22
-27
-33
-27
-23
-27
-28
-28
-26
-30
-31
-30
-27
-28
-30
-31
-32
-30
-33
-30
-28
-23
-16
-14
-16
-16
-21
-23
-25
-26
-23
-30
-27
-28
-26
-25
-21
-22
-33
-24
-21
-24
-31
-41
-39
-38
-32
-35
-39
-34
-31
-23
-21
-27
-21
-25
-22
-21
-26
-24
-34
-29
-24
-25
-24
-27
-23
-24
-24
-25
-34
-34
-32
-32
-31
-31
-39
-37
-37
-36
-27
-23
-26
-31
-29
-28
-35
-33
-38
-43
-41
-41
-43
-41
-41
-37
-35
-28
-26
-29
-22
-26
-26
-28
-30
-28
-24
-21
-17
-18
-23
-26
-27
-19
-15
-15
-6
0
-10
-11
-12
-13
-15
-21
-16
-16
-15
-19
-13
-11
-12
-15
-10
-8
-8
-5
-11
-9
-8
-7
-1
2
7
10
6
2
-5
-11
-10
-9
-3
0
1
0
-3
0
-2
0
10
15
9
6
3
8
10
4
3
5
8
8
15
22
22
24
22
19
20
18
19
28
24
25
29
27
25
24
26
29
31
28
26
30
32
43
44
44
46
41
48
47
48
50
48
50
48
42
34
39
41
42
39
37
42
40
44
38
41
47
47
46
53
55
56
51
37
39
42
45
43
39
43
43
42
37
40
38
30
26
24
24
19
17
19
23
22
18
16
11
6
5
2
3
4
2
1
3
8
5
7
8
13
14
11
7
7
10
9
7
2
7
0
-2
3
-4
-9
-8
-7
-6
-1
1
4
10
13
13
8
12
10
6
6
-1
-4
-11
-17
-13
-14
-3
0
-5
-4
-10
-8
-4
-6
-1
-6
-10
-11
-22
-23
-25
-24
-18
-17
-14
-21
-23
-26
-25
-13
-9
-13
-11
-24
-23
-27
-27
-24
-29
-25
-27
-24
-30
-28
-33
-33
-30
-27
-27
-25
-24
-26
-18
-22
-18
-17
-18
-19
-18
-19
-17
-17
-18
-19
-19
-17
-17
-13
-9
-6
-10
-17
-19
-17
-15
-9
-11
-10
-11
-10
-8
-10
-12
-16
-11
-17
-25
-23
-16
-20
-18
-24
-22
-20
-25
-30
-32
-28
-25
-19
-20
-20
-24
-30
-25
-31
-26
-21
-23
-29
-36
-37
-34
-33
-29
-24
-22
-16
-17
-23
-27
-27
-28
-32
-30
-24
-22
-21
-18
-11
-9
-10
-11
-8
-9
-12
-14
-18
-11
-7
-3
-3
1
-1
-1
1
-6
-1
1
8
7
7
4
5
6
6
12
8
12
18
16
14
9
11
19
14
15
22
22
23
25
27
33
27
29
31
30
29
21
18
23
25
25
20
28
28
28
36
37
39
35
42
37
34
29
19
14
18
13
10
17
14
22
31
27
28
32
24
31
7
20
27
-5
16
5
13
25
-1
20
8
0
8
-12
-7
1
-10
-12
-7
-10
-3
-3
8
23
16
18
14
15
11
-1
0
3
-1
-3
2
-2
1
2
2
9
7
20
18
13
16
5
5
8
14
10
10
21
21
24
25
26
25
18
22
25
28
19
8
7
4
6
12
10
15
21
16
20
20
13
21
13
3
10
6
6
13
15
20
10
7
17
3
7
6
-2
3
-10
-5
1
0
1
-2
-3
0
-3
-1
6
8
6
6
5
-3
-8
0
8
0
4
5
5
8
10
7
11
10
-2
7
0
-3
1
-4
2
10
9
6
6
-3
-2
1
-4
-6
-6
-5
-10
-12
-10
-11
-16
-9
-7
-9
1
-1
-5
1
-6
-10
-13
-19
-16
-30
-23
-11
-22
-22
-21
-7
-22
-18
5
-5
-17
-26
-23
-27
-47
-26
-10
-27
-26
-22
-27
-32
-34
-30
-25
-30
-23
-30
-42
-42
-32
-28
-31
-19
-15
-24
-30
-21
-23
-15
-21
-28
-26
-19
-7
-33
-25
-11
-26
-40
-13
-5
-29
-26
-26
-36
-49
-36
-24
-39
-23
-19
-29
-30
-18
-15
-5
-6
-15
-11
-21
-29
-15
-17
-28
-26
-22
-29
-11
-33
-60
-60
-90
-75
-51
-22
-22
-70
-57
-42
-60
-18
21
38
8
-2
4
-26
-18
21
30
30
35
42
32
10
8
9
4
2
2
0
-6
-15
-24
-35
-42
-38
-25
-5
3
13
4
-2
-8
-12
1
10
20
16
27
27
22
26
24
21
25
38
44
47
48
47
32
19
17
20
23
29
30
30
35
27
29
27
28
38
34
40
37
29
29
29
25
24
32
39
46
52
58
51
47
44
35
29
31
31
29
20
17
16
8
17
24
28
31
31
30
26
26
21
28
27
24
29
22
21
20
12
20
29
26
30
31
37
33
22
27
29
20
25
38
34
33
25
29
34
26
30
32
37
33
29
33
29
24
25
32
38
39
44
44
43
42
42
42
37
30
33
36
32
30
25
18
16
15
17
10
8
13
10
5
2
-3
-8
-12
-14
-8
-11
-18
-23
-21
-16
-20
-26
-29
-31
-32
-25
-26
-29
-27
-38
-44
-42
-39
-37
-36
-30
-40
-45
-38
-45
-46
-40
-44
-41
-45
-57
-52
-42
-48
-56
-51
-46
-47
-39
-41
-45
-50
-53
-47
-37
-31
-39
-44
-47
-54
-65
-59
-54
-46
-51
-53
-42
-65
-52
-45
-42
-30
-27
-34
-39
-46
-39
-32
-38
-24
-36
-55
-55
-57
-44
-48
-39
-20
-20
-26
-32
-30
-28
-29
-26
-14
-7
0
-11
-20
-20
-15
-4
4
19
9
-6
-6
-9
-18
-23
-9
3
8
14
20
15
4
6
8
13
20
20
33
33
21
22
25
31
30
32
48
39
30
21
14
12
4
4
22
27
18
23
36
29
13
8
19
22
19
19
25
20
18
16
20
26
18
20
28
30
27
23
23
24
20
25
27
28
23
18
21
18
20
16
11
15
17
23
28
31
32
34
38
33
29
29
37
42
33
26
26
18
15
25
37
40
38
41
32
23
21
25
30
35
40
30
32
28
16
5
8
17
18
24
23
21
11
6
9
13
22
21
22
21
16
6
8
19
23
25
29
28
23
14
7
-3
-6
2
16
20
17
14
5
1
-2
10
28
33
31
8
-15
-20
-18
-5
6
16
14
7
5
2
-1
2
8
6
4
5
6
-2
-6
-8
-4
0
3
6
-3
-9
-7
-12
-9
2
1
-7
-13
-19
-18
-19
-22
-20
-20
-26
-23
-18
-13
-6
-12
-32
-32
-29
-31
-23
-18
-22
-44
-59
-60
-54
-44
-27
-14
-23
-39
-47
-61
-56
-42
-24
-12
-23
-27
-47
-59
-69
-64
-42
-34
-32
-34
-51
-67
-68
-67
-58
-41
-23
-26
-48
-64
-76
-89
-77
-59
-50
-39
-38
-55
-73
-69
-62
-55
-45
-33
-22
-26
-28
-46
-57
-55
-50
-45
-34
-28
-26
-36
-39
-35
-34
-23
-6
8
10
5
-6
-15
-17
-6
7
23
34
34
28
17
14
16
19
32
40
34
27
35
33
23
22
22
29
30
30
37
29
21
12
11
22
25
33
37
44
28
5
3
9
19
24
30
30
21
16
24
27
30
36
35
49
53
40
38
34
25
12
14
37
37
34
32
35
37
36
39
41
43
40
24
23
34
28
27
37
40
31
26
22
18
25
36
42
27
15
16
15
22
24
30
30
22
16
7
11
18
24
25
24
20
17
16
25
27
19
17
12
13
17
24
32
37
29
20
20
27
30
26
21
24
21
12
22
29
25
15
14
14
9
16
23
22
21
13
6
10
12
15
17
19
26
19
10
8
10
7
7
8
19
13
6
4
-1
2
1
9
12
5
-6
-20
-28
-22
-8
-6
-7
-16
-20
-17
-7
1
-3
-5
-15
-13
-19
-15
-12
-15
-14
-15
-22
-19
-20
-29
-28
-24
-17
-16
-23
-32
-43
-49
-45
-40
-38
-32
-31
-38
-41
-37
-39
-40
-32
-35
-45
-52
-51
-54
-49
-46
-41
-36
-46
-45
-54
-51
-51
-51
-39
-40
-46
-55
-59
-58
-62
-67
-66
-56
-57
-59
-69
-71
-70
-67
-51
-49
-40
-39
-45
-46
-46
-35
-24
-22
-17
-24
-20
-19
-28
-17
-12
-7
-9
-13
-13
-23
-20
-10
-2
-5
-7
-3
-8
-7
-6
-2
5
11
17
21
25
26
18
18
20
32
34
32
32
30
18
6
6
7
21
26
38
47
41
37
27
16
21
26
35
42
31
15
5
9
17
26
41
41
34
27
20
13
23
26
22
24
21
23
20
22
31
27
34
37
37
37
36
47
52
47
44
40
39
40
42
47
39
38
33
34
47
47
42
34
30
30
28
35
39
35
39
35
32
35
37
43
36
30
43
50
49
54
57
54
58
51
42
38
33
40
35
28
23
12
1
-4
9
18
23
26
15
7
0
2
5
8
4
-2
-1
-9
-7
-4
-2
3
5
5
0
-4
7
7
6
1
-13
-12
-6
0
5
6
-12
-23
-28
-22
-1
-3
-11
-23
-32
-32
-21
-11
-4
-2
1
-2
-11
-22
-18
-12
-7
1
-2
-10
-24
-36
-42
-33
-18
-25
-24
-25
-23
-27
-40
-36
-30
-31
-38
-34
-42
-44
-43
-52
-52
-51
-50
-54
-52
-47
-51
-63
-64
-59
-64
-61
-57
-58
-59
-66
-60
-64
-66
-66
-76
-65
-54
-60
-71
-79
-75
-78
-69
-62
-54
-50
-57
-64
-70
-68
-66
-57
-43
-34
-37
-39
-45
-42
-36
-32
-26
-24
-16
-20
-31
-39
-46
-44
-32
-16
-8
3
1
-5
-12
-12
4
15
15
12
9
-5
-15
-7
12
19
15
23
20
10
10
26
35
38
35
31
30
22
17
17
24
33
38
48
49
45
35
29
32
44
59
60
65
64
55
52
50
50
56
70
78
73
62
56
56
58
69
83
88
81
68
54
48
52
57
65
67
67
68
67
63
53
51
61
67
59
55
55
47
49
46
48
48
47
46
40
45
46
44
46
54
63
67
64
58
55
48
37
45
43
37
38
31
24
23
24
30
30
34
34
26
21
15
9
6
9
7
8
1
5
0
0
-4
-5
3
9
6
-1
-5
-22
-21
-18
-17
-12
-10
-16
-26
-28
-18
-14
-10
-8
-16
-19
-27
-33
-34
-26
-19
-21
-22
-25
-27
-37
-33
-24
-19
-15
-23
-29
-35
-47
-38
-33
-30
-21
-16
-21
-33
-37
-33
-24
-18
-18
-19
-20
-30
-36
-43
-41
-30
-26
-24
-28
-34
-43
-60
-71
-69
-52
-43
-43
-43
-48
-62
-72
-72
-59
-45
-39
-43
-55
-66
-75
-92
-99
-79
-62
-53
-59
-66
-81
-87
-81
-83
-65
-55
-55
-59
-75
-77
-75
-76
-62
-43
-36
-42
-58
-67
-69
-65
-50
-44
-41
-44
-52
-60
-68
-60
-45
-36
-32
-32
-30
-42
-53
-53
-46
-31
-24
-14
-21
-31
-27
-28
-24
-16
-2
12
17
5
-6
-6
-10
0
8
18
32
39
31
24
24
24
31
40
50
57
53
43
42
43
52
52
51
52
54
57
55
59
58
54
47
43
50
52
57
57
62
50
40
41
51
62
56
51
47
39
32
26
35
45
50
50
54
54
50
47
45
57
66
67
58
55
49
50
45
41
44
49
54
54
63
62
61
50
49
53
52
62
65
61
62
58
50
45
43
47
54
57
52
47
37
31
32
38
41
42
45
41
30
22
25
32
40
41
39
40
31
29
22
23
25
24
21
18
25
28
18
10
6
8
14
20
19
28
28
19
10
0
3
1
-1
5
10
13
5
-3
0
0
8
20
23
23
23
19
12
13
8
10
13
11
15
17
8
-6
-5
-3
0
6
8
10
2
-9
-17
-15
-11
0
1
-10
-11
-21
-30
-38
-35
-26
-19
-22
-29
-38
-50
-52
-61
-60
-56
-53
-50
-54
-70
-74
-78
-83
-75
-68
-73
-87
-89
-94
-86
-82
-82
-74
-76
-82
-79
-79
-70
-69
-75
-77
-81
-90
-95
-83
-74
-69
-67
-69
-65
-66
-76
-79
-74
-64
-56
-56
-60
-66
-76
-78
-71
-62
-49
-50
-50
-47
-50
-51
-51
-52
-44
-30
-23
-19
-16
-20
-22
-20
-14
-10
-13
-9
-13
-17
-12
-15
-9
-6
4
7
6
1
-1
-3
-2
4
6
5
1
4
5
6
5
16
17
18
23
27
28
20
17
19
15
19
23
22
30
30
34
32
29
32
30
40
52
55
52
45
43
35
34
46
53
60
67
62
51
43
41
42
45
51
51
52
49
49
53
57
64
71
64
65
63
64
55
52
55
57
64
54
57
53
46
44
49
54
60
54
57
55
41
32
27
40
52
65
55
47
38
34
40
48
53
51
42
32
28
21
25
27
30
32
24
23
17
17
19
13
13
14
11
7
6
2
5
7
0
-4
0
1
7
5
1
-3
-12
-13
-13
-13
-14
-16
-17
-8
-5
-1
6
1
-4
4
15
17
3
-8
-18
-26
-26
-26
-30
-32
-25
-28
-28
-34
-41
-42
-41
-27
-23
-23
-27
-40
-44
-39
-30
-28
-32
-35
-35
-35
-35
-25
-23
-27
-29
-31
-29
-29
-24
-27
-24
-21
-20
-19
-24
-37
-40
-37
-30
-29
-32
-35
-44
-49
-46
-38
-34
-37
-34
-26
-24
-25
-33
-39
-39
-27
-21
-22
-30
-35
-34
-33
-25
-30
-36
-34
-39
-35
-31
-34
-37
-38
-34
-35
-32
-27
-30
-37
-35
-32
-21
-12
-15
-20
-20
-27
-32
-34
-36
-28
-28
-23
-24
-30
-33
-31
-27
-27
-21
-18
-14
-12
-9
-9
-8
-4
-6
-4
0
-7
-4
-5
-16
-10
-1
4
9
16
9
7
8
4
9
14
26
28
24
18
11
15
20
34
46
49
51
47
43
40
46
49
66
80
77
72
62
59
52
52
51
60
73
62
55
52
50
43
46
54
67
68
63
54
48
42
47
57
58
60
61
64
60
52
47
49
51
51
55
52
44
33
34
33
30
26
24
30
26
22
24
24
17
14
17
20
26
22
15
14
16
20
22
23
28
25
13
17
18
14
17
12
14
16
15
18
17
21
14
5
-1
1
1
3
-4
-4
-3
-12
-17
-19
-16
-14
-14
-23
-27
-32
-30
-31
-22
-24
-29
-32
-35
-31
-34
-43
-51
-47
-51
-55
-57
-59
-57
-50
-52
-48
-51
-61
-75
-70
-61
-64
-73
-83
-72
-72
-67
-59
-54
-46
-42
-50
-56
-62
-69
-71
-64
-56
-56
-55
-61
-63
-63
-65
-62
-47
-38
-36
-32
-44
-51
-49
-47
-32
-29
-20
-24
-28
-30
-30
-22
-26
-20
-13
-13
-8
-5
-16
-15
-20
-21
-14
1
5
3
-4
-6
-7
-5
-3
-1
0
-6
-1
1
5
1
-6
-9
-3
6
15
20
16
11
0
-5
-6
1
6
12
15
21
22
23
19
19
22
29
38
41
43
38
31
18
9
15
24
34
38
41
29
29
32
32
40
40
47
56
54
45
35
31
28
28
29
40
45
41
35
30
29
27
26
36
42
45
46
39
42
37
38
38
35
42
44
35
32
27
19
21
21
24
30
37
39
37
38
45
45
44
50
50
55
51
49
50
51
50
54
51
52
52
47
43
47
35
33
54
57
49
28
28
33
28
15
31
47
48
30
4
14
16
14
12
17
26
20
-2
-16
-17
-7
3
7
9
13
5
1
-8
-13
-5
-9
-9
-5
-6
-20
-23
-23
-19
-15
-18
-18
-20
-20
-21
-22
-33
-35
-35
-34
-35
-37
-42
-42
-38
-45
-50
-55
-50
-49
-43
-54
-66
-69
-72
-66
-65
-60
-58
-66
-74
-85
-82
-72
-67
-69
-72
-71
-79
-88
-95
-93
-89
-83
-75
-70
-68
-77
-87
-91
-87
-78
-68
-65
-64
-73
-76
-77
-73
-72
-68
-64
-67
-56
-53
-46
-42
-47
-45
-43
-36
-37
-39
-39
-32
-22
-23
-19
-14
-11
-3
-5
-10
-9
-9
-6
-1
-3
2
0
1
2
4
1
10
11
18
26
15
18
16
16
13
18
24
30
32
33
33
27
25
29
28
27
27
25
20
19
23
23
26
26
26
26
23
24
25
30
35
31
26
25
22
23
22
22
25
32
42
46
49
55
51
46
42
39
39
46
51
50
48
41
34
31
27
20
18
24
38
43
44
48
45
47
51
55
55
45
38
33
39
38
42
44
50
48
49
51
49
43
43
51
52
52
46
46
37
39
36
38
40
35
42
51
57
51
42
43
41
47
58
55
53
45
44
50
51
57
59
55
47
42
44
45
57
53
47
34
23
17
11
18
21
35
34
37
45
39
35
33
35
36
35
26
23
21
14
10
10
12
20
24
21
18
15
8
7
9
0
-6
-13
-17
-16
-28
-26
-24
-21
-15
-20
-27
-38
-44
-44
-50
-42
-29
-30
-38
-44
-52
-56
-58
-61
-54
-41
-43
-52
-58
-63
-65
-64
-50
-53
-56
-52
-54
-67
-68
-76
-75
-65
-71
-69
-73
-81
-86
-83
-73
-61
-57
-59
-62
-71
-73
-85
-87
-88
-90
-84
-89
-87
-96
-102
-104
-88
-83
-85
-82
-84
-92
-98
-94
-88
-73
-72
-70
-70
-67
-72
-75
-76
-70
-51
-47
-51
-55
-59
-63
-62
-65
-52
-38
-26
-20
-24
-27
-36
-35
-30
-20
-21
-13
-12
-15
-12
-5
-10
-7
-2
-1
13
15
19
22
16
13
8
12
16
19
27
26
27
25
21
27
34
42
41
44
37
29
29
37
39
38
49
48
48
51
53
46
41
38
33
39
45
44
46
39
36
35
36
45
47
50
45
42
45
45
28
13
25
40
53
52
51
57
56
56
52
45
45
47
58
65
65
58
49
54
52
63
65
70
75
67
73
70
62
54
52
54
59
63
68
73
73
75
68
66
69
72
66
62
63
64
60
59
61
61
65
65
61
62
63
58
55
64
63
53
48
52
53
49
49
49
50
48
53
59
54
49
43
41
37
33
30
29
27
16
19
21
25
26
21
24
19
17
25
17
14
10
-1
-10
-13
-3
-3
-5
-8
-5
-7
-10
-16
-17
-20
-19
-24
-34
-35
-37
-38
-40
-39
-33
-35
-40
-43
-48
-50
-47
-55
-62
-67
-68
-59
-56
-52
-52
-47
-48
-48
-48
-63
-65
-68
-78
-82
-82
-82
-82
-78
-79
-79
-75
-80
-86
-85
-91
-86
-85
-79
-76
-82
-82
-88
-87
-74
-66
-67
-62
-63
-66
-72
-71
-71
-76
-75
-84
-87
-82
-78
-73
-72
-70
-76
-74
-72
-66
-60
-60
-57
-64
-66
-69
-68
-68
-60
-53
-48
-44
-37
-37
-39
-41
-41
-42
-42
-41
-44
-45
-42
-42
-42
-39
-28
-18
-10
-8
-5
-4
-9
-5
-4
3
0
2
2
1
5
4
5
10
13
12
13
11
5
0
-6
-10
-8
4
4
9
14
18
28
32
36
34
34
42
36
36
33
24
29
33
40
46
45
45
47
44
46
48
42
47
51
50
58
55
54
59
61
64
61
68
72
69
70
70
68
68
69
76
74
72
76
70
69
68
71
73
76
78
84
84
79
69
53
49
57
62
67
69
73
70
69
78
80
78
83
83
83
79
77
63
57
61
65
74
66
62
60
56
59
55
58
63
63
63
64
62
48
41
41
48
56
61
64
61
62
57
38
38
43
43
43
38
39
33
30
19
12
8
6
7
9
17
16
11
1
-5
1
1
-2
-7
-14
-15
-18
-18
-15
-8
-13
-21
-29
-31
-30
-32
-29
-30
-36
-39
-45
-50
-60
-61
-61
-58
-50
-53
-55
-57
-60
-59
-56
-55
-57
-62
-64
-67
-64
-60
-69
-74
-78
-78
-70
-63
-57
-53
-63
-70
-74
-79
-74
-67
-65
-65
-62
-63
-65
-66
-68
-65
-67
-71
-69
-67
-65
-65
-61
-66
-69
-67
-62
-64
-60
-66
-64
-62
-61
-64
-61
-51
-52
-48
-45
-45
-47
-43
-53
-48
-43
-45
-40
-43
-47
-44
-39
-37
-29
-28
-30
-27
-21
-24
-34
-39
-43
-44
-33
-26
-22
-19
-23
-29
-35
-41
-40
-34
-26
-21
-16
-14
-19
-31
-25
-21
-15
0
-2
3
0
-4
-3
-9
-20
-18
-11
-9
-3
2
9
14
13
10
8
1
0
2
5
19
11
24
10
4
36
23
9
39
28
9
8
7
32
21
5
33
38
22
30
33
25
25
35
30
36
44
32
19
37
36
40
39
28
39
51
46
49
53
36
39
38
43
46
48
48
50
52
48
45
46
51
42
47
58
55
58
58
52
50
46
47
55
62
69
69
63
64
60
57
61
63
64
61
58
64
55
55
53
50
60
66
68
66
66
62
53
56
62
72
74
79
81
85
87
73
70
66
71
77
72
66
64
60
58
55
55
48
42
41
33
35
28
21
24
32
42
46
43
38
40
37
36
37
28
24
25
24
17
11
8
1
7
6
6
4
-1
-14
-17
-20
-21
-7
-11
-13
-13
-8
-18
-20
-17
-23
-24
-32
-37
-29
-31
-31
-33
-42
-45
-49
-52
-53
-57
-61
-63
-64
-68
-69
-69
-65
-71
-70
-72
-69
-68
-72
-77
-85
-77
-82
-84
-77
-69
-64
-61
-62
-67
-72
-80
-79
-79
-89
-93
-100
-96
-98
-93
-89
-85
-79
-72
-60
-66
-69
-82
-85
-84
-83
-70
-77
-81
-80
-81
-83
-78
-79
-68
-68
-62
-48
-58
-68
-73
-69
-63
-55
-62
-58
-55
-50
-50
-59
-57
-55
-55
-46
-41
-31
-28
-33
-30
-33
-22
-21
-20
-15
-10
-7
-9
-14
-18
-23
-28
-19
-17
-9
-8
-4
4
6
9
12
3
5
4
0
7
13
18
21
26
29
22
17
22
26
31
35
39
35
32
25
24
26
30
38
42
48
45
49
43
32
36
39
47
56
54
51
45
35
32
25
36
39
45
53
54
46
37
34
27
32
33
37
38
38
42
35
35
35
32
31
36
37
48
43
48
43
36
40
30
32
38
43
47
47
46
39
39
40
37
38
37
44
49
51
51
52
44
42
46
44
50
46
40
41
38
41
44
44
52
48
47
47
42
39
39
36
47
53
54
58
53
55
48
49
45
49
47
48
48
47
47
47
51
49
51
45
53
52
54
58
61
59
57
61
49
44
49
47
54
53
48
46
47
45
42
43
33
22
19
16
13
11
5
5
8
6
-3
-3
-13
-14
-9
-8
1
-3
-1
-7
-19
-25
-39
-44
-43
-37
-30
-28
-33
-39
-47
-56
-58
-59
-58
-54
-51
-48
-52
-64
-76
-75
-75
-62
-56
-52
-45
-42
-49
-56
-57
-67
-69
-62
-59
-64
-70
-72
-73
-75
-79
-75
-71
-63
-56
-54
-63
-70
-68
-70
-62
-52
-53
-58
-68
-76
-83
-84
-78
-72
-69
-70
-66
-76
-72
-70
-69
-54
-55
-53
-54
-56
-55
-65
-62
-61
-57
-49
-47
-48
-45
-41
-35
-34
-30
-32
-40
-43
-49
-50
-49
-45
-50
-43
-33
-27
-22
-22
-23
-21
-21
-23
-24
-16
-10
-12
-15
-11
-8
-5
-2
7
7
13
21
14
9
7
7
8
12
11
13
13
15
22
28
30
25
33
37
34
31
26
23
16
15
19
28
33
29
28
25
30
26
22
17
18
19
15
12
15
15
7
14
14
20
28
27
28
31
28
27
31
23
24
23
21
12
5
4
6
6
9
15
18
21
25
31
34
33
36
25
21
24
29
34
32
33
38
53
53
60
71
62
64
59
44
36
33
42
43
49
52
58
65
65
61
67
69
67
59
53
57
55
66
67
67
70
61
60
68
69
70
69
64
60
61
55
60
58
58
66
62
56
43
37
33
31
33
31
32
37
37
33
30
30
30
38
36
43
52
39
34
30
34
32
33
28
29
28
28
26
19
16
8
13
21
24
18
18
19
10
4
-5
-15
-16
-14
-4
-13
-11
-18
-28
-28
-26
-19
-20
-14
-14
-18
-19
-18
-24
-32
-34
-36
-31
-25
-34
-41
-51
-51
-55
-54
-48
-49
-48
-48
-41
-47
-50
-52
-62
-63
-66
-67
-70
-68
-74
-80
-86
-88
-79
-74
-71
-74
-65
-64
-63
-65
-73
-70
-76
-71
-67
-65
-61
-61
-60
-62
-60
-56
-58
-57
-54
-59
-65
-67
-64
-63
-59
-58
-61
-54
-49
-39
-34
-30
-28
-34
-34
-29
-30
-37
-40
-47
-46
-38
-35
-33
-29
-26
-29
-29
-25
-24
-17
-13
-10
-14
-7
-9
-12
-12
-22
-20
-15
-13
-20
-24
-26
-29
-29
-26
-22
-20
-19
-17
-16
-13
-11
-14
-18
-18
-12
-19
-20
-18
-18
-21
-22
-15
-18
-18
-14
-8
0
-1
-3
-3
-6
-13
-21
-17
-15
-5
2
8
0
-5
-5
1
12
7
9
16
23
23
23
20
18
21
21
18
24
31
39
46
41
38
47
49
39
41
37
36
37
35
37
43
51
55
59
64
64
65
63
63
72
70
70
68
68
64
62
65
67
74
78
79
81
79
82
84
77
72
70
68
69
67
65
64
55
57
61
58
56
58
62
63
61
60
60
54
54
52
55
58
52
54
55
52
52
46
42
38
38
44
42
40
42
33
29
28
29
33
24
30
29
26
28
24
20
9
9
7
8
16
15
14
0
-14
-14
-11
-10
-6
-8
-13
-7
-9
-12
-13
-17
-12
-15
-16
-18
-22
-21
-18
-21
-21
-23
-23
-26
-23
-16
-14
-18
-21
-13
-18
-19
-23
-24
-31
-29
-26
-25
-25
-41
-33
-39
-40
-32
-26
-30
-29
-26
-31
-34
-43
-45
-46
-39
-39
-36
-33
-30
-31
-34
-32
-38
-39
-36
-43
-47
-44
-43
-31
-24
-24
-20
-20
-18
-20
-17
-17
-21
-31
-35
-33
-31
-27
-19
-21
-18
-18
-18
-23
-26
-24
-26
-23
-31
-31
-37
-38
-42
-46
-42
-50
-51
-53
-52
-45
-41
-40
-41
-44
-43
-42
-42
-42
-45
-37
-42
-41
-44
-50
-53
-57
-56
-58
-55
-46
-42
-39
-38
-43
-46
-50
-50
-45
-48
-41
-38
-36
-35
-35
-37
-37
-37
-39
-33
-34
-27
-17
-16
-18
-20
-20
-21
-25
-22
-24
-26
-22
-23
-25
-27
-22
-23
-22
-15
-12
-5
-2
-1
-1
3
-1
7
10
8
20
27
29
27
29
25
30
32
34
32
32
30
21
17
17
21
15
20
27
33
40
41
47
48
46
49
50
46
42
42
44
45
46
39
38
39
35
40
41
45
50
56
49
53
53
51
52
54
53
51
53
53
52
51
49
49
49
58
60
55
61
64
65
61
63
65
60
55
52
49
52
59
49
45
44
47
53
46
47
50
47
46
45
44
39
38
37
38
43
36
32
36
33
36
30
25
27
34
37
38
35
28
26
20
14
14
17
15
14
18
23
24
17
18
21
25
23
16
14
9
14
15
9
10
10
18
19
17
15
6
8
16
13
18
12
13
7
-3
-8
-12
-15
-21
-16
-18
-20
-25
-25
-18
-16
-24
-25
-24
-15
-15
-22
-20
-27
-35
-35
-38
-37
-35
-31
-23
-26
-28
-29
-31
-27
-28
-25
-27
-33
-35
-38
-41
-37
-37
-40
-28
-26
-27
-23
-27
-26
-36
-45
-45
-43
-42
-37
-34
-30
-29
-36
-41
-42
-41
-44
-47
-45
-37
-42
-43
-45
-51
-53
-58
-57
-53
-45
-47
-45
-46
-52
-56
-59
-59
-56
-55
-57
-53
-55
-53
-60
-57
-52
-54
-53
-56
-57
-58
-60
-53
-48
-53
-55
-46
-49
-53
-44
-50
-41
-34
-38
-42
-39
-42
-42
-40
-43
-34
-34
-28
-30
-30
-30
-30
-28
-26
-21
-22
-14
-19
-21
-23
-27
-20
-12
-11
-14
-14
-14
-17
-18
-9
-7
-9
-4
-2
0
-2
0
3
6
7
9
8
4
7
6
6
7
8
14
14
17
17
20
17
13
26
30
31
36
32
32
25
27
30
34
40
40
45
45
51
53
55
53
54
58
54
51
47
43
45
54
58
61
70
76
77
67
66
59
58
61
65
67
57
59
60
59
68
66
69
77
72
69
65
61
57
58
59
62
59
59
59
56
58
58
53
45
43
40
44
44
40
40
35
35
31
31
33
37
37
37
31
33
40
35
35
31
31
26
21
22
26
26
26
33
39
38
37
44
42
37
32
28
25
29
29
30
30
29
30
25
22
16
21
23
28
34
29
21
18
16
12
10
14
9
7
10
7
8
2
-7
-7
-2
-4
-8
-9
-8
-13
-12
-15
-17
-16
-19
-18
-23
-27
-32
-33
-43
-46
-48
-52
-50
-56
-49
-54
-59
-58
-53
-45
-48
-45
-50
-48
-53
-60
-64
-72
-71
-76
-79
-81
-83
-74
-69
-65
-62
-61
-60
-58
-51
-53
-53
-52
-56
-54
-56
-63
-70
-70
-71
-70
-65
-65
-62
-60
-58
-57
-51
-46
-45
-41
-43
-40
-44
-51
-53
-57
-54
-55
-56
-52
-53
-46
-50
-57
-54
-52
-47
-44
-38
-37
-37
-34
-32
-26
-27
-31
-38
-41
-38
-40
-40
-36
-33
-35
-28
-18
-22
-20
-21
-16
-18
-25
-22
-28
-25
-27
-26
-26
-31
-21
-12
-2
-1
-4
-6
-1
3
4
2
7
13
17
12
-4
-7
-4
3
11
14
13
12
11
17
24
25
26
35
36
38
39
37
31
25
19
24
30
37
44
43
53
55
60
62
58
59
62
61
53
49
46
44
50
46
48
47
43
44
40
39
41
50
48
52
50
43
39
41
35
32
36
30
29
37
33
34
39
31
32
37
35
34
36
41
41
40
40
38
37
34
34
37
37
41
40
38
34
36
37
36
39
38
38
46
46
42
43
41
40
37
38
41
40
39
42
43
41
43
43
46
47
49
55
54
50
48
54
54
54
52
43
38
37
33
33
30
25
24
20
24
22
22
21
19
22
23
22
18
16
13
8
2
1
7
8
5
0
-5
-14
-15
-14
-13
-7
-7
0
-1
-8
-17
-25
-26
-30
-33
-28
-30
-27
-29
-30
-31
-33
-38
-34
-30
-29
-26
-30
-35
-33
-28
-27
-31
-38
-38
-39
-36
-38
-45
-50
-50
-50
-45
-41
-42
-51
-48
-43
-44
-43
-48
-52
-58
-55
-60
-62
-56
-51
-52
-58
-57
-55
-49
-39
-43
-42
-35
-38
-39
-41
-46
-46
-44
-43
-45
-50
-50
-45
-43
-39
-42
-32
-33
-27
-21
-27
-19
-25
-35
-41
-38
-35
-40
-41
-36
-31
-34
-39
-38
-43
-41
-43
-43
-38
-37
-39
-46
-37
-36
-37
-33
-27
-23
-25
-25
-18
-13
-15
-14
-17
-16
-15
-17
-12
-5
-1
9
2
1
-3
2
6
1
3
5
6
6
7
6
9
17
22
21
19
15
9
10
0
4
0
-1
7
5
8
15
17
12
17
17
21
24
24
20
14
17
16
10
10
6
4
7
18
16
21
21
14
16
12
10
13
17
17
20
20
26
19
16
22
23
27
25
25
26
22
18
16
14
17
23
29
36
35
33
33
34
40
44
43
48
60
60
56
52
46
47
44
47
52
53
54
49
44
40
36
37
38
46
51
50
40
34
36
27
35
33
24
27
25
30
30
29
31
28
27
24
23
19
16
13
15
15
14
21
18
10
4
7
4
5
4
7
2
-4
-2
-3
-1
-5
1
0
-1
4
1
3
2
3
3
5
5
6
4
5
9
10
9
5
7
6
5
3
1
-3
-11
-14
-15
-10
-8
-3
2
-1
2
-5
-2
-3
-3
-1
-6
-2
2
1
3
1
0
0
-1
-2
-1
-3
-5
1
-4
-2
-4
-8
-6
-5
-8
-10
-4
3
0
-2
-2
-4
-7
-18
-19
-16
-16
-8
-9
-9
-13
-17
-16
-15
-11
-7
-4
-4
-6
-13
-9
-16
-20
-20
-16
-18
-14
-14
-16
-15
-20
-19
-18
-22
-26
-26
-23
-26
-32
-37
-40
-36
-36
-37
-32
-32
-36
-32
-29
-29
-29
-35
-31
-29
-33
-35
-39
-37
-37
-36
-39
-40
-34
-30
-25
-20
-20
-18
-22
-26
-33
-36
-31
-27
-21
-22
-23
-17
-14
-14
-16
-18
-16
-13
-14
-12
-5
2
6
6
7
8
1
-1
-4
-6
-13
-21
-23
-24
-24
-22
-18
-16
-20
-14
-12
-15
-15
-22
-28
-29
-32
-36
-34
-28
-30
-27
-24
-25
-31
-34
-29
-26
-22
-26
-25
-24
-20
-25
-31
-28
-20
-12
-9
-7
-15
-12
-11
-13
-5
-8
-5
2
3
3
5
5
11
9
4
14
11
9
9
8
16
19
23
21
18
21
17
20
28
31
37
41
41
36
27
24
19
18
23
29
27
26
29
33
23
28
35
35
35
34
41
39
34
27
18
21
27
32
35
40
43
39
39
44
40
42
40
35
41
37
33
28
28
26
30
35
37
37
37
39
37
44
45
45
40
36
39
37
37
36
36
38
37
37
39
33
29
29
28
36
40
37
31
29
35
40
40
37
40
36
32
28
23
22
19
17
19
21
27
27
23
30
25
20
20
20
18
13
18
11
9
5
10
11
9
6
8
-2
-7
0
-5
0
1
-1
-6
-11
-9
-11
-14
-18
-18
-20
-25
-23
-19
-16
-11
-16
-10
-9
-15
-17
-23
-26
-24
-18
-17
-17
-15
-10
-14
-21
-23
-19
-22
-27
-16
-14
-20
-20
-16
-21
-23
-24
-28
-25
-20
-20
-12
-8
-11
-11
-13
-11
-7
-3
-8
-7
-15
-18
-19
-16
-17
-17
-23
-28
-23
-23
-21
-23
-19
-23
-29
-28
-30
-25
-22
-17
-13
-17
-22
-28
-31
-32
-30
-33
-25
-29
-30
-31
-33
-33
-44
-47
-47
-44
-46
-49
-47
-41
-41
-45
-41
-43
-48
-51
-53
-52
-58
-62
-58
-52
-50
-53
-53
-57
-64
-59
-54
-50
-43
-39
-37
-33
-34
-36
-37
-33
-31
-27
-30
-30
-29
-35
-36
-35
-24
-26
-25
-31
-29
-23
-28
-29
-28
-24
-20
-10
-9
-4
-1
-9
-9
-11
-7
-6
-6
-5
-10
-10
-13
-7
-2
2
7
6
4
-5
-7
-1
6
10
17
26
28
31
32
29
33
32
37
44
34
34
42
48
54
55
56
50
51
51
63
68
71
75
72
77
71
68
73
72
75
74
74
73
71
73
79
78
75
76
71
77
81
80
69
65
66
64
64
65
64
62
65
67
66
64
53
50
54
49
46
46
41
41
40
43
46
46
42
35
35
38
36
31
30
30
25
22
17
18
18
20
19
17
14
10
11
7
7
1
-3
-6
-3
-7
-10
-3
-3
-8
-6
-9
-9
-2
-8
-17
-18
-16
-14
-16
-16
-18
-26
-30
-26
-24
-23
-14
-14
-12
-13
-16
-17
-26
-27
-23
-23
-20
-26
-24
-29
-28
-21
-18
-17
-19
-25
-26
-23
-19
-21
-28
-25
-23
-22
-22
-24
-24
-20
-16
-18
-19
-15
-14
-14
-18
-16
-9
-5
0
1
4
6
0
-2
-4
-8
-11
-11
-9
-11
-16
-20
-22
-22
-23
-17
-15
-12
-15
-25
-25
-33
-32
-29
-31
-29
-30
-37
-35
-35
-38
-36
-33
-32
-30
-34
-45
-49
-45
-46
-46
-40
-35
-33
-35
-33
-29
-31
-36
-32
-40
-43
-45
-46
-46
-50
-46
-50
-48
-46
-41
-36
-33
-35
-41
-47
-53
-52
-50
-52
-50
-41
-37
-34
-41
-43
-39
-44
-43
-43
-31
-39
-35
-32
-37
-33
-26
-23
-28
-27
-29
-30
-29
-25
-22
-25
-21
-21
-20
-18
-20
-19
-15
-8
-10
-10
-5
-2
5
5
15
17
15
15
14
15
12
9
16
19
20
19
20
28
36
38
33
35
33
32
36
38
36
31
33
41
42
48
43
43
43
43
38
36
41
36
36
42
43
48
49
48
54
54
59
56
59
59
54
48
46
51
46
43
46
46
54
60
59
58
60
59
56
51
47
51
51
48
37
30
31
37
38
31
28
33
36
44
47
41
41
43
40
31
36
35
34
33
35
40
40
37
32
31
31
32
36
37
37
41
39
39
28
24
27
25
19
20
22
21
24
24
19
17
17
15
20
15
16
11
2
2
-4
-2
-5
-5
2
12
18
17
13
7
7
8
8
7
2
6
7
5
7
-2
-3
3
10
5
1
3
-4
-1
-3
-8
-7
-15
-13
-17
-15
-12
-12
-15
-13
-19
-27
-28
-33
-33
-34
-34
-34
-28
-26
-25
-27
-31
-33
-32
-38
-38
-35
-45
-49
-49
-49
-49
-53
-52
-49
-43
-41
-46
-46
-53
-53
-55
-48
-48
-53
-57
-69
-60
-64
-73
-70
-62
-59
-61
-59
-54
-56
-57
-55
-53
-54
-53
-55
-61
-66
-75
-70
-69
-66
-53
-48
-53
-51
-54
-56
-52
-56
-53
-53
-54
-54
-55
-50
-51
-41
-35
-39
-35
-40
-45
-46
-44
-41
-38
-28
-24
-22
-27
-28
-28
-34
-27
-27
-22
-14
-14
-19
-18
-23
-24
-27
-20
-11
-10
-13
-19
-16
-15
-12
-10
-6
-1
1
9
8
4
6
1
4
7
11
15
19
22
20
18
15
22
20
16
21
27
27
28
33
33
33
29
28
43
50
49
55
58
56
52
42
34
37
45
47
52
57
54
54
52
52
52
50
56
55
58
57
59
62
52
52
50
53
57
62
60
57
58
61
59
57
57
62
59
60
65
62
64
72
71
71
76
75
75
69
66
62
60
58
54
53
58
60
63
64
60
59
66
70
62
61
57
52
46
44
41
37
37
34
33
31
31
34
37
38
36
36
35
34
31
25
20
20
21
23
21
25
21
20
18
10
9
2
3
9
5
4
13
11
7
1
5
8
3
-1
-1
2
1
2
-6
-3
-3
-8
-11
-18
-18
-22
-21
-23
-26
-25
-24
-27
-26
-27
-28
-29
-35
-35
-45
-44
-45
-51
-50
-55
-59
-59
-56
-59
-61
-61
-63
-63
-56
-55
-62
-61
-64
-57
-59
-60
-62
-67
-64
-67
-65
-63
-61
-63
-62
-62
-64
-65
-67
-64
-66
-60
-57
-62
-66
-61
-58
-62
-63
-59
-52
-65
-62
-59
-61
-61
-67
-67
-68
-60
-58
-66
-63
-61
-60
-52
-48
-51
-52
-55
-61
-60
-58
-57
-56
-61
-65
-64
-57
-57
-54
-51
-46
-44
-45
-38
-41
-42
-44
-45
-43
-45
-47
-48
-47
-50
-45
-48
-45
-38
-39
-33
-33
-24
-24
-25
-24
-25
-22
-25
-28
-24
-18
-13
-5
1
-3
-7
0
4
7
8
8
12
14
12
13
17
19
25
28
35
32
34
38
44
45
40
42
49
60
56
59
57
60
68
65
67
60
64
70
69
76
75
78
69
71
75
67
66
60
59
65
64
61
60
52
57
55
60
61
55
61
62
73
80
80
80
79
75
76
77
75
75
71
75
75
83
78
79
78
83
94
94
92
86
88
81
80
78
74
72
71
70
76
77
76
76
75
78
83
79
77
67
62
68
63
63
62
61
58
56
56
54
45
37
43
40
42
41
37
35
28
25
23
23
20
22
18
15
10
3
-3
-6
-5
-7
-7
-10
-16
-21
-27
-30
-30
-29
-27
-29
-31
-35
-42
-45
-48
-50
-55
-61
-61
-61
-63
-63
-67
-77
-68
-70
-69
-71
-83
-83
-83
-84
-85
-83
-86
-84
-82
-82
-84
-85
-85
-89
-91
-98
-95
-87
-90
-85
-87
-87
-78
-82
-85
-81
-83
-84
-84
-81
-78
-73
-76
-74
-71
-73
-66
-71
-71
-61
-52
-55
-53
-51
-48
-48
-49
-41
-40
-34
-29
-19
-17
-12
-3
1
4
7
11
8
8
16
19
16
23
35
46
44
50
61
59
60
55
53
47
47
50
41
36
30
30
40
48
45
43
35
35
30
18
17
13
5
2
1
-1
-10
-9
-11
-13
-14
-19
-27
-34
-41
-48
-53
-55
-62
-64
-67
-65
-63
-65
-65
-63
-63
-61
-60
-71
-74
-81
-87
-90
-89
-84
-87
-85
-83
-86
-84
-83
-82
-82
-84
-84
-90
-91
-89
-87
-80
-74
-67
-70
-68
-64
-67
-60
-55
-48
-37
-29
-20
-15
0
13
25
52
67
85
113
129
144
152
165
176
186
202
217
221
221
219
214
218
221
225
224
227
230
224
218
217
209
207
209
214
214
203
193
181
174
172
167
169
161
158
148
138
131
116
107
99
104
103
96
88
85
74
68
67
64
50
38
28
12
8
-7
-6
-15
-26
-37
-57
-72
-88
-99
-115
-116
-115
-122
-134
-140
-149
-157
-157
-162
-163
-162
-172
-180
-188
-198
-201
-204
-205
-207
-207
-212
-212
-211
-219
-217
-215
-209
-207
-210
-215
-224
-230
-233
-224
-219
-213
-207
-198
-189
-189
-198
-206
-204
-196
-174
-145
-118
-87
-65
-44
-27
-5
28
62
105
141
160
164
158
157
162
173
194
222
236
232
220
200
187
184
194
213
234
243
239
230
213
192
188
194
204
209
208
187
161
139
124
121
129
142
147
129
106
79
51
43
47
57
63
60
47
31
15
1
0
11
23
31
29
20
8
-8
-16
-17
-13
-7
-15
-26
-38
-48
-56
-64
-62
-65
-71
-76
-87
-94
-104
-104
-100
-100
-100
-103
-113
-121
-127
-131
-132
-133
-128
-137
-146
-157
-162
-165
-169
-174
-172
-175
-187
-193
-196
-194
-202
-204
-203
-205
-212
-206
-196
-187
-180
-190
-201
-204
-194
-162
-130
-96
-70
-51
-38
-25
0
33
73
119
157
178
181
178
169
166
182
200
224
246
243
218
194
175
178
194
218
240
239
220
196
170
156
155
165
188
202
197
171
130
105
82
82
96
116
117
92
60
17
-8
-18
-10
18
28
27
13
-10
-28
-33
-30
-13
9
15
10
-3
-25
-36
-34
-17
-1
7
9
-10
-36
-53
-59
-63
-50
-35
-43
-54
-71
-81
-83
-83
-76
-61
-53
-58
-70
-84
-96
-105
-106
-104
-102
-109
-125
-133
-144
-149
-160
-159
-159
-173
-179
-194
-207
-222
-215
-212
-208
-192
-181
-178
-197
-211
-213
-207
-183
-144
-118
-95
-71
-69
-64
-43
-12
43
98
142
171
169
158
149
159
189
219
242
253
235
202
174
149
156
184
211
247
256
227
199
166
152
176
203
240
247
226
189
146
120
109
117
143
165
159
125
73
27
1
7
35
63
78
68
44
4
-28
-33
-19
17
46
53
42
16
-6
-16
-6
16
37
47
37
21
-9
-38
-41
-27
-11
0
-6
-20
-44
-66
-69
-56
-43
-36
-38
-46
-66
-87
-102
-110
-106
-104
-98
-99
-114
-132
-151
-160
-162
-163
-176
-192
-207
-229
-241
-247
-254
-250
-240
-237
-242
-251
-267
-281
-280
-261
-223
-190
-165
-149
-139
-126
-108
-73
-21
36
89
114
109
102
94
107
137
167
197
208
190
163
143
134
145
179
217
247
251
226
193
173
163
181
219
253
267
258
224
181
157
157
171
196
214
195
163
120
80
65
66
83
102
99
75
41
0
-17
-7
19
53
70
57
27
1
-19
-17
1
34
57
54
42
7
-25
-37
-35
-21
-3
-6
-21
-55
-85
-93
-99
-81
-65
-61
-70
-88
-111
-137
-145
-146
-131
-124
-138
-157
-180
-199
-202
-202
-204
-211
-221
-234
-256
-284
-292
-298
-309
-303
-295
-287
-301
-334
-352
-348
-321
-277
-231
-201
-187
-186
-172
-134
-89
-33
29
89
108
103
93
87
113
153
194
221
219
193
158
136
137
167
207
247
272
266
233
198
182
193
233
269
290
290
259
217
181
176
200
232
257
247
217
166
116
90
93
109
137
156
129
88
41
-2
-7
16
42
59
52
18
-24
-59
-65
-42
-11
19
20
-2
-38
-79
-104
-97
-74
-60
-54
-69
-107
-147
-170
-172
-151
-122
-104
-107
-133
-165
-188
-184
-166
-150
-146
-156
-184
-218
-233
-238
-229
-211
-200
-213
-237
-270
-294
-291
-281
-265
-239
-227
-237
-270
-306
-320
-305
-257
-194
-141
-113
-110
-102
-85
-42
36
120
197
247
257
236
220
226
269
326
372
387
366
312
262
239
251
302
356
393
388
354
307
275
280
321
384
423
426
394
330
268
248
262
306
345
357
333
276
203
161
165
205
248
268
252
186
118
68
57
86
135
160
149
100
23
-34
-54
-39
-1
35
34
-2
-63
-118
-142
-130
-99
-64
-57
-92
-145
-208
-246
-248
-235
-208
-197
-218
-256
-302
-326
-323
-300
-277
-266
-288
-329
-363
-390
-388
-373
-365
-356
-365
-404
-436
-445
-438
-423
-397
-371
-370
-389
-434
-462
-455
-408
-336
-272
-228
-216
-215
-201
-145
-53
50
144
208
228
214
192
211
257
324
391
417
402
346
286
261
276
332
384
416
409
365
299
243
241
283
343
388
388
347
275
203
175
187
234
277
286
255
185
109
60
62
103
144
160
141
95
36
-8
-17
1
42
77
65
14
-62
-115
-133
-114
-84
-72
-81
-123
-176
-220
-242
-235
-201
-170
-163
-195
-247
-289
-312
-302
-272
-250
-251
-282
-325
-360
-380
-376
-351
-325
-327
-353
-403
-453
-460
-448
-417
-392
-394
-418
-449
-465
-474
-453
-414
-379
-374
-402
-458
-492
-474
-406
-313
-236
-186
-175
-159
-116
-24
96
210
306
364
378
375
389
414
475
544
598
622
597
561
531
535
572
620
657
670
654
619
581
560
575
614
650
661
638
582
519
478
467
471
492
487
459
411
350
300
276
281
294
308
298
254
201
152
121
130
144
154
144
108
59
-3
-48
-66
-59
-50
-68
-104
-146
-200
-228
-240
-237
-222
-217
-229
-260
-297
-321
-330
-315
-301
-294
-302
-331
-362
-385
-393
-385
-375
-373
-380
-405
-433
-454
-468
-474
-468
-470
-472
-486
-510
-517
-507
-501
-511
-542
-565
-552
-519
-471
-428
-392
-371
-346
-285
-190
-75
22
91
128
167
205
265
336
394
437
465
476
467
449
441
464
509
552
585
585
573
552
542
564
587
610
612
606
592
567
524
487
462
455
461
450
422
371
303
248
218
211
217
212
191
149
111
63
28
23
21
29
12
-32
-91
-148
-191
-218
-219
-229
-254
-290
-341
-380
-418
-441
-447
-451
-448
-456
-477
-506
-538
-548
-541
-521
-511
-504
-519
-546
-559
-560
-551
-536
-530
-531
-539
-560
-572
-577
-579
-566
-548
-538
-536
-533
-532
-544
-568
-599
-590
-562
-519
-461
-423
-402
-394
-366
-299
-178
-39
61
112
143
165
200
277
369
446
498
511
518
536
552
577
614
647
673
704
727
736
723
704
703
727
771
790
794
778
745
717
689
671
654
641
633
617
583
522
455
401
377
381
376
358
324
279
235
194
177
168
159
142
110
73
27
-24
-71
-118
-133
-148
-167
-203
-252
-305
-351
-368
-378
-375
-378
-388
-406
-423
-445
-459
-461
-458
-449
-438
-435
-442
-458
-488
-500
-492
-476
-465
-463
-481
-508
-516
-513
-512
-503
-482
-466
-470
-500
-529
-543
-522
-471
-414
-358
-317
-281
-244
-183
-89
8
76
138
191
244
304
355
399
422
443
472
516
567
589
578
565
577
618
678
731
764
760
740
728
740
770
797
798
778
761
731
705
679
637
595
569
551
539
509
450
383
325
289
268
261
243
208
154
92
51
24
-7
-46
-88
-130
-162
-205
-253
-310
-372
-421
-452
-466
-483
-514
-564
-603
-643
-663
-677
-688
-697
-709
-712
-714
-719
-716
-722
-733
-735
-726
-706
-691
-692
-698
-713
-716
-693
-670
-644
-632
-627
-616
-598
-592
-610
-636
-632
-602
-549
-497
-455
-414
-380
-331
-253
-143
-29
65
126
184
235
282
336
383
427
451
483
515
554
580
579
564
566
600
669
740
773
772
752
742
747
774
817
845
842
822
798
776
759
731
694
664
643
627
606
575
517
453
405
373
359
357
348
314
262
203
146
105
64
25
-24
-81
-136
-182
-233
-294
-354
-404
-454
-486
-501
-525
-567
-627
-671
-699
-718
-731
-750
-761
-769
-779
-786
-788
-785
-784
-785
-781
-766
-747
-726
-715
-708
-702
-683
-651
-619
-583
-543
-513
-504
-513
-519
-491
-446
-393
-336
-279
-216
-143
-73
14
129
232
322
409
506
591
662
708
732
762
791
822
859
900
925
926
910
910
930
966
1008
1037
1054
1051
1042
1030
1019
1025
1026
1012
990
962
932
893
847
785
731
677
626
589
550
501
445
387
337
307
274
230
188
135
81
36
-17
-70
-126
-195
-268
-345
-399
-449
-496
-544
-594
-650
-716
-765
-803
-833
-872
-898
-917
-934
-958
-986
-1005
-1018
-1038
-1052
-1052
-1046
-1034
-1040
-1038
-1041
-1040
-1029
-1009
-984
-960
-923
-898
-878
-853
-823
-789
-773
-782
-775
-741
-689
-626
-563
-496
-430
-359
-268
-147
-13
110
202
294
398
500
587
662
724
786
818
847
898
959
1007
1016
1017
1019
1043
1084
1128
1172
1203
1212
1201
1191
1195
1201
1198
1178
1157
1127
1093
1051
1001
942
870
794
721
669
627
580
511
438
366
299
242
187
147
88
23
-53
-115
-172
-249
-329
-420
-501
-579
-653
-709
-758
-816
-880
-948
-1002
-1033
-1067
-1108
-1138
-1157
-1168
-1186
-1218
-1235
-1241
-1252
-1264
-1256
-1240
-1224
-1208
-1199
-1184
-1161
-1152
-1135
-1120
-1066
-1033
-967
-943
-864
-895
-931
-993
-974
-718
-575
-504
-621
-562
-483
-344
-100
138
229
198
101
230
455
631
759
1048
1272
1144
976
738
886
1480
1804
1988
2063
1823
1553
1313
1463
2125
2570
2531
2269
2142
2105
2063
1893
1798
1910
2072
2136
2103
1878
1276
553
150
500
1143
1469
1023
303
-343
-622
-500
-126
371
499
45
-590
-885
-793
-513
-432
-353
-293
-302
-541
-789
-917
-948
-958
-855
-697
-621
-757
-1367
-1810
-1867
-1601
-1377
-1420
-1657
-2000
-2269
-2466
-2416
-2273
-2154
-2490
-2696
-2882
-2884
-2807
-2475
-1735
-1330
-1451
-2318
-2557
-1829
-660
30
411
216
6
-472
-679
330
2006
2970
2464
1580
1293
1884
2120
2132
2443
3007
3085
2328
1590
1424
1664
1523
1498
1618
1950
1402
381
-250
-74
512
768
589
208
82
-335
-589
-574
-24
421
428
159
10
102
125
306
617
1076
1269
1261
1264
1425
1261
1442
1763
2016
2382
2267
1822
1654
1494
1362
1554
1723
1645
1301
431
-244
-184
-79
-179
-330
-866
-1510
-2057
-2560
-2551
-2246
-2265
-2663
-3078
-3457
-3580
-3471
-3416
-3193
-2905
-2951
-3091
-3213
-3178
-2921
-2540
-2387
-2170
-2235
-2111
-2420
-2336
-2063
-1704
-1508
-1347
273
232
-511
-1888
-1684
20
1825
1294
1269
791
466
-44
-189
1480
3603
3748
1785
1041
1268
2129
1856
1706
2571
3528
2517
703
118
678
1601
1370
1422
1527
1356
1
-918
-205
1013
1613
838
462
224
481
46
77
583
1662
1932
1322
787
899
1369
1383
2081
2401
2509
1959
1669
1669
2207
2121
1946
2162
2142
2058
1487
860
762
1125
908
630
263
-280
-845
-1413
-1554
-1299
-1319
-2008
-2627
-2978
-3078
-3133
-3330
-3220
-2989
-3187
-3519
-3687
-3673
-3370
-3012
-2838
-2832
-2740
-2805
-2765
-2742
-2503
-1910
-1875
-1807
-1982
-336
306
-371
-1354
-1497
-58
1587
1263
785
956
679
601
6
906
2651
3372
1795
1027
1209
1785
1693
1387
1871
2817
2290
664
153
429
1256
1291
1140
1107
1025
259
-492
105
1003
1466
944
680
760
868
621
653
1224
2104
2412
1565
1296
1413
1779
2126
2665
2840
2658
1897
1480
1862
2425
2601
2104
1884
1905
1759
980
699
904
1100
887
76
-465
-675
-1053
-1611
-1627
-1494
-1727
-2486
-3266
-3304
-3084
-3168
-3565
-3580
-3327
-3522
-3883
-4091
-3824
-3480
-3464
-3492
-3491
-3452
-3428
-3347
-3393
-1644
-574
-1296
-2380
-2709
-1508
115
208
19
564
298
-23
-600
19
1789
2959
1861
1100
1165
1365
1412
1151
1640
2737
2623
930
341
527
885
972
867
1109
1198
370
-729
-545
246
782
531
273
448
512
129
-40
681
1534
1972
1588
1410
1496
1599
1876
2604
3066
2942
2434
2054
2471
2889
2887
2599
2732
2790
2523
1730
1220
1565
1822
1539
904
324
-102
-613
-1161
-1119
-823
-1033
-1907
-2835
-3030
-2918
-3089
-3333
-3275
-3344
-3420
-3939
-4628
-4380
-3867
-3592
-2954
-2396
-2648
-3248
-3808
-3155
-1585
-678
-720
-813
-1070
-1135
-1140
-873
307
1725
1742
944
352
444
956
1203
1394
2010
2229
1262
286
13
398
858
879
709
662
44
-874
-1267
-742
217
426
-243
-553
-472
-606
-832
-495
561
1284
980
213
44
534
1325
2011
2412
2494
2230
1772
1863
2636
3361
3485
3246
3147
3140
2834
2533
2689
3218
3414
2845
2005
1440
1251
1198
1092
1215
933
-5
-775
-1251
-1344
-1301
-1710
-2317
-2359
-1966
-1934
-2600
-3605
-3905
-2984
-2249
-2061
-2136
-2515
-2714
-2497
-2330
-1766
-648
-71
-246
-627
-695
-387
118
377
886
1476
1124
345
-126
47
649
1000
975
672
211
-509
-886
-599
-21
415
-26
-863
-1320
-1345
-1229
-972
-677
-339
-787
-1432
-1727
-1531
-1100
-487
48
-25
-513
-1048
-961
-198
795
1124
931
625
670
890
1019
1315
1809
2265
2066
1687
1392
1433
1706
1842
1963
1999
1512
914
583
724
1086
961
511
52
-167
-677
-425
267
607
130
-1127
-1639
-752
118
-25
-217
-335
-123
-465
-1042
-600
860
1495
1015
337
170
596
711
462
1018
1871
1506
364
-375
-18
600
487
11
137
208
-549
-1426
-1499
-850
-407
-850
-1682
-1789
-1713
-1999
-2308
-1996
-1179
-1202
-2239
-2795
-2364
-1853
-1450
-1289
-1203
-1380
-1696
-1861
-1367
-458
-223
-320
-504
-388
-292
-462
-358
312
980
824
223
-326
-16
299
680
602
587
530
50
-124
20
238
233
31
-317
-383
-434
393
592
100
-536
-612
-34
768
895
862
915
847
682
511
1029
2310
3114
2538
1802
1807
2172
2551
2582
2721
3145
2865
2023
1346
1556
1983
2100
1615
1226
1077
591
-97
-261
80
532
377
-587
-1228
-1148
-1139
-1307
-1197
-893
-837
-1513
-2281
-2217
-1673
-1113
-851
-1293
-1768
-1766
-1570
-1346
-1019
-836
-822
-959
-1058
-1131
-1041
-900
-631
-328
-468
-849
-1360
-1280
-879
-583
-738
-1158
-1310
-1372
-1215
-1403
-1529
-1744
-1610
-1855
-1117
-585
-861
-1687
-2214
-1493
-229
88
-232
-81
-57
94
-95
59
1181
2755
2745
1887
1294
1735
2693
3097
2941
3399
3720
3021
2240
2058
2601
3238
3181
2620
2341
2027
1463
1275
1584
2138
2265
1479
521
398
849
885
668
663
1097
699
-250
-688
-190
328
782
579
-148
-690
-840
-478
-137
132
-35
-454
-965
-1097
-905
-782
-879
-744
-877
-1364
-2084
-2371
-2073
-1676
-1695
-2171
-2626
-2988
-3116
-2949
-2774
-3014
-2964
-3434
-2971
-1731
-2029
-2975
-3625
-2921
-1079
-552
-1574
-1745
-1139
-601
-726
-953
96
1835
2015
790
348
952
2063
2552
2004
2180
2873
2341
1316
1197
1978
2743
2447
1520
1225
1328
888
653
1091
1578
1650
739
-305
-63
686
740
525
434
806
622
-318
-533
474
1121
1273
1047
437
279
507
894
1435
1877
1591
1202
935
950
1255
1313
1353
1472
1236
544
-195
-282
-25
284
-156
-1004
-1278
-1753
-1976
-2082
-2217
-2309
-2699
-2356
-1804
-2800
-3846
-4030
-3043
-1715
-1766
-2533
-2822
-2594
-2219
-2315
-2179
-627
908
495
-1135
-1247
-114
1146
1463
1001
1488
1841
1102
295
384
1472
2326
2025
952
453
476
207
328
927
1348
1183
-158
-1136
-495
365
210
-119
68
264
-370
-1330
-1124
-41
672
619
10
-795
-783
-125
252
687
1057
771
296
49
354
837
1186
1296
1432
1129
431
175
465
1000
1227
1097
245
46
-237
-170
-121
-58
-308
707
979
-370
-1439
-1760
-439
767
745
3
-66
-734
-740
-846
-328
1267
2433
1244
-284
-440
451
1357
1385
1197
1772
1673
171
-619
-178
894
1597
998
-94
-529
-785
-1189
-808
-43
445
173
-1201
-2185
-1610
-520
-501
-601
-403
-180
-1179
-2134
-1550
-95
460
310
-438
-1279
-1128
-471
54
314
610
420
-24
-602
-439
187
571
696
621
-34
-940
-1188
-608
-57
-95
-662
-1335
-1903
-1680
-1946
-1657
-1934
-1326
132
-940
-2687
-3329
-2005
26
654
-488
-488
-470
-519
-554
7
1494
3373
3355
1558
723
1624
3092
3925
3557
3612
4175
3074
1843
1858
3169
4172
3783
2508
1497
1314
972
1014
1619
1961
1870
452
-1272
-1411
36
601
154
-505
-509
-1063
-2193
-2372
-920
135
-143
-991
-2317
-2531
-1806
-719
-325
-376
-796
-1183
-1690
-1652
-826
-5
312
-218
-960
-1826
-1955
-1180
-501
-344
-1169
-2080
-2458
-2494
-2603
-2382
-2359
-1007
-712
-2603
-4275
-4404
-2419
-489
-707
-1955
-2041
-2051
-2179
-2547
-1564
768
2371
1015
-821
-989
210
1830
2639
2386
2734
2658
1560
852
1386
3022
4137
3681
2312
1702
1491
1303
2135
3132
3577
2919
1093
57
863
2150
2470
2085
1636
1492
689
-225
72
1669
2338
1893
510
-855
-716
279
929
1126
792
31
-561
-998
-816
-236
367
497
-176
-1439
-2263
-2160
-1199
-820
-776
-1761
-2896
-3464
-3347
-2986
-2529
-787
-1126
-3013
-4659
-4484
-2680
-1008
-1090
-1357
-1622
-2440
-2846
-2896
-1312
1427
2317
291
-1420
-1113
177
1339
1645
1729
2667
1981
111
-670
284
2194
3100
2120
596
70
-128
-164
613
1418
1931
1407
-672
-1702
-367
845
1073
869
765
591
-479
-1161
-55
1656
2258
2026
505
-637
-62
1240
1902
2254
2154
1535
781
387
997
1909
2525
2395
1588
697
-178
261
967
1359
1262
166
-1064
-1646
-1494
-1447
811
830
-1070
-2764
-3457
-2366
-872
-845
-930
-711
-1772
-2557
-3225
-2565
372
2317
541
-1396
-1553
-762
352
729
825
2140
1918
-122
-1260
-782
857
2395
2015
409
-309
-722
-1051
-52
702
1290
1134
-816
-2145
-1397
-398
-132
243
471
151
-1499
-2676
-1499
411
944
956
-303
-1652
-1476
-465
235
891
1117
647
-144
-915
-589
597
1388
1615
1207
27
-1069
-685
286
1103
924
-67
-916
-1332
-1622
-662
1440
558
-924
-1980
-1709
-665
-324
-545
313
406
-390
-1334
-1900
-323
2441
2817
878
-118
596
1539
1635
1153
2109
3587
2598
671
-237
684
2295
2800
1685
790
524
67
-132
124
659
1510
876
-889
-1652
-622
-27
-255
-396
171
-110
-1504
-2061
-1049
-57
264
269
-884
-1644
-1360
-570
-125
51
-13
-142
-741
-1194
-846
-260
202
129
-365
-1209
-1420
-1309
-803
-787
-1006
-1448
-1863
-2375
-2768
-493
-82
-1522
-3156
-3113
-1780
-720
-1535
-1479
-745
-934
-1584
-2431
-1818
808
2611
1106
-692
-673
917
2099
1774
1272
2732
2995
1651
583
813
2310
3376
2947
1732
1278
966
787
1633
1961
2291
1901
894
-44
303
1116
1245
990
1240
1490
-18
-1152
-121
1360
1524
1053
134
-487
-379
47
547
791
611
541
-45
-803
-649
-33
398
445
-52
-1018
-1702
-1594
-969
-471
-1049
-1956
-2340
-2582
-2621
-687
-763
-1994
-2977
-3162
-2067
-1166
-1820
-1769
-1051
-1371
-1830
-2588
-1938
212
1600
272
-699
-722
64
1100
998
744
1999
1856
557
-199
118
1325
2170
1457
550
495
80
-214
443
770
1104
903
-269
-781
-131
448
457
227
601
1051
35
-998
-216
1289
1538
1388
561
-72
389
1184
1482
1591
1513
1461
1173
866
1178
1537
1566
1466
1284
714
134
212
185
510
254
-513
-1214
-2085
285
910
-941
-2433
-2386
-1186
-246
-1211
-1834
-766
-668
-1229
-2488
-2264
231
2158
223
-1486
-833
392
1225
646
-97
1476
2069
523
-649
-334
976
2093
1175
-361
-149
121
-511
-175
205
527
394
-1022
-1824
-890
84
-286
-780
-796
25
-571
-2240
-1580
276
687
150
-969
-1580
-912
195
284
131
43
140
104
-576
-486
629
1113
694
282
-441
-905
-255
264
91
-329
-820
-1125
-1873
-80
861
-462
-1850
-1927
-620
191
-316
-808
-59
320
312
-878
-1064
1293
3441
2147
397
553
1920
2832
2506
1607
2587
3320
2320
1045
643
1843
2963
2256
596
368
766
268
-3
-24
577
632
-676
-2036
-1478
-201
-339
-1248
-1621
-703
-798
-2004
-2058
-735
-53
-97
-1119
-1920
-1378
-97
173
-348
-518
-177
-58
-572
-642
174
634
406
-286
-681
-1015
-603
-360
-543
-1231
-1413
-2354
-1853
81
-1010
-2242
-3241
-2642
-1165
-1003
-2330
-1787
-1320
-1261
-1850
-2571
-1419
1764
1734
-567
-994
188
1751
2234
1134
1584
3129
2377
1139
814
1581
3234
3469
1633
791
1472
1481
1357
1401
1344
2089
1301
-344
-652
705
1435
965
-54
59
524
-447
-930
402
1111
1098
511
-662
-740
87
1006
1050
642
417
614
28
-510
435
1336
1083
332
-90
-751
-557
-253
-21
-313
-1090
-1894
-1859
66
-933
-2032
-2715
-2144
-1137
-1330
-2676
-2040
-1448
-1306
-1856
-2987
-2125
901
1265
-1087
-1657
-510
1043
1476
391
378
1922
1572
643
228
550
1664
2369
1164
99
251
260
411
900
558
654
-40
-1172
-1308
-122
256
-468
-983
-462
-145
-1543
-1925
-353
715
490
43
-1067
-935
236
1055
1107
744
602
1015
794
516
1096
1950
1746
1431
1007
639
467
750
1371
713
324
-1028
584
1737
-147
-1398
-1451
-343
654
-169
-1581
-809
-749
-486
-1137
-1782
-540
2078
1112
-1175
-847
496
1653
1505
400
1191
2177
1070
305
364
1213
2111
1853
406
22
350
50
554
537
395
505
-534
-1753
-1493
-189
-164
-1170
-1935
-1176
-1045
-2369
-2599
-1025
-573
-812
-1633
-2602
-2226
-690
131
-551
-1357
-1022
-151
-369
-862
-406
500
720
-102
-567
-690
-499
347
-8
-580
-1360
-1313
1278
556
-1542
-2038
-1158
-109
584
-781
-703
-227
-375
-601
-802
-319
1688
2995
766
-85
784
2247
3011
2345
2104
3288
2992
1814
1546
2338
3190
3501
2337
1246
1553
1404
1287
1841
1491
1380
1056
-243
-971
-69
778
120
-1096
-1296
-691
-1510
-2434
-1589
-649
-871
-1307
-2481
-2917
-1923
-811
-528
-1199
-2050
-1545
-918
-1071
-1060
-573
-245
-301
-725
-1214
-1148
-907
-276
-433
-1206
-2517
-117
428
-1268
-2727
-2554
-965
-7
-1236
-1919
-1138
-1474
-1497
-1952
-1599
432
1968
-39
-1474
-702
1063
2196
1405
684
2320
2768
1220
448
1262
2855
3779
2265
802
1173
1737
1729
1998
1921
1897
1819
727
-144
590
1800
1778
434
-456
445
152
-931
-396
630
548
-18
-1120
-1660
-1062
49
375
39
-829
-1212
-718
-515
-101
181
-39
-240
-535
-394
-799
-730
-296
-109
-361
-1831
-113
308
-791
-1795
-1926
-849
226
-716
-1500
-864
-922
-1141
-1804
-1342
648
2064
72
-1469
-678
929
2217
1323
313
1608
2142
1165
245
527
2009
2946
1642
17
201
814
836
1172
978
791
365
-544
-769
-81
619
607
-551
-1232
-458
-639
-1551
-968
61
40
-833
-2005
-1911
-871
38
-192
-793
-1160
-962
-591
-902
-550
291
358
-160
-937
-832
-551
194
-2
-371
-1107
-912
1332
347
-1104
-1650
-772
427
754
-620
-784
-31
201
-164
-1316
-283
2158
2786
353
-496
454
2047
2955
1743
1502
2669
2422
1357
992
1595
2891
3347
1546
517
1015
1119
1208
1649
1364
1400
565
-920
-788
830
1291
247
-938
-914
-134
-973
-1773
-879
28
1
-902
-2581
-2708
-1098
93
-440
-1634
-2128
-1599
-1287
-1564
-1152
-652
-915
-1175
-1768
-2082
-1910
-848
-988
-1472
-2810
-1343
28
-1595
-2870
-2699
-1294
-226
-926
-2431
-1470
-961
-743
-1436
-1713
-41
2346
1100
-985
-530
1305
2749
2330
882
2030
3266
2293
1151
1664
2837
3976
3020
1196
1419
2275
2086
2129
2219
2241
2290
800
-149
910
2396
2209
504
-537
420
1030
-300
-623
592
919
485
-960
-1885
-1082
522
750
-260
-1533
-1663
-620
-620
-829
-545
-433
-768
-1198
-1534
-1829
-1106
-887
-805
-1892
-2964
-749
-397
-1900
-3022
-2684
-1626
-701
-1882
-2510
-1822
-1824
-1787
-2394
-2239
-193
1177
-930
-1819
-910
530
1477
403
-80
1615
2169
600
-107
545
2080
2977
1281
5
971
1556
941
1036
1161
1900
1812
50
-782
704
2222
1998
205
-647
902
1069
41
97
900
1286
1084
-166
-1006
89
1471
1587
551
-520
-320
522
462
495
636
597
238
-76
-277
-805
155
213
-79
-1394
-567
829
-446
-1734
-2154
-946
51
-305
-1689
-1295
-1088
-1025
-1958
-2132
-324
1799
395
-2013
-1685
108
1886
1267
-468
353
1903
1233
-187
-213
1055
2690
1756
-338
-384
934
987
566
388
909
1353
110
-1460
-897
1177
1621
182
-1437
-633
414
-445
-942
-232
529
657
-605
-1826
-1184
302
1027
298
-832
-1177
-457
-177
-316
101
170
-119
-453
-596
-944
-620
-519
36
-588
-1604
256
332
-1016
-1825
-1438
-334
575
-588
-1061
-422
-532
-750
-1211
-915
1549
2721
168
-1335
-263
1806
3060
1497
362
1944
2627
1290
483
1010
2435
3334
1343
-394
674
1616
1316
781
423
1259
1443
-393
-1640
-118
1542
1413
-634
-1729
-304
183
-708
-689
-19
137
144
-1215
-1870
-828
579
749
-351
-1349
-1233
-471
-444
-202
110
-336
-857
-897
-801
-1118
-754
-885
-818
-1731
-1397
215
-915
-2236
-2576
-1522
-620
-510
-1918
-1590
-1131
-1063
-1903
-2232
-882
1771
1325
-1514
-1999
-289
2031
2107
257
95
1822
1779
387
66
1260
2902
2403
203
-390
1098
1565
1129
753
859
1595
800
-793
-921
1102
2227
996
-1184
-801
542
481
-225
62
612
651
91
-869
-677
329
1352
963
-151
-741
-131
270
199
608
587
137
-350
-200
-326
-175
-136
-461
-351
-1642
-381
739
-292
-1847
-2023
-1394
53
-249
-1338
-926
-729
-1174
-1874
-1807
-313
2309
882
-1451
-1684
-17
1922
1662
118
562
2000
789
-438
-128
1347
2643
1443
-739
-606
804
490
91
12
747
1305
-425
-2583
-1502
949
1577
-143
-2121
-1363
-129
-549
-1164
-177
270
274
-925
-1846
-1026
640
1094
320
-491
-793
-108
-59
275
953
1060
150
-412
-110
263
644
398
-123
129
-784
165
1114
279
-649
-738
-820
312
327
-113
295
165
-581
-924
-699
359
2796
1552
-328
-649
741
2108
2079
920
1297
2441
1168
241
522
1551
2611
1850
-107
61
849
231
261
550
917
1108
-652
-2522
-1114
910
1073
-639
-2213
-1428
-341
-1093
-1550
-468
-251
-484
-1456
-2211
-1472
48
250
-452
-1370
-1452
-756
-695
-579
84
146
-823
-974
-1043
-426
-321
-275
-797
-715
-1488
-1330
516
195
-576
-1492
-1941
-922
222
-54
158
-181
-1027
-1034
-874
-276
2144
2411
470
-371
61
1521
2396
1965
1782
2661
1619
554
904
1618
2909
2868
1247
594
762
444
914
1642
1947
1628
-22
-1880
-861
1172
1888
772
-1489
-1295
-251
-545
-929
119
281
-143
-882
-1932
-1362
19
668
274
-816
-1496
-946
-501
-344
387
367
-581
-1086
-1073
-544
-104
-133
-451
-922
-1323
-1777
-1520
-93
617
-295
-2121
-3056
-2049
-158
239
-64
-1088
-1846
-1822
-1596
-1220
771
1986
582
-945
-1720
-350
1473
2196
1440
1119
517
32
160
530
1681
2778
1797
-298
-1159
-411
1427
2230
1442
268
-575
-1066
-427
612
1333
1031
-272
-1338
-1120
-379
306
850
400
-186
-610
-1002
-675
369
1170
1119
-133
-1141
-766
257
1042
1160
562
-200
-369
-276
287
790
780
594
-238
-1118
-1001
-170
-28
631
645
-374
-1524
-2110
-1211
499
1013
80
-716
-1602
-1608
-977
-200
988
1978
371
-1070
-1557
-197
1686
2476
1281
406
61
-310
182
890
1869
2054
429
-1348
-741
347
1010
758
130
-194
-299
-1283
-1514
-130
896
758
-1040
-2549
-1720
-147
166
-50
-581
-962
-1008
-1290
-900
322
720
94
-903
-1249
-429
658
679
411
234
-192
-203
-3
550
1223
1151
233
-449
-339
130
889
477
163
-415
-544
161
440
237
-284
-420
-375
-8
63
335
314
31
-433
-444
-53
1204
1335
779
136
354
871
1265
1100
1274
1630
1075
219
310
1130
1727
1347
18
-171
219
776
455
85
53
267
-114
-861
-786
-94
365
-144
-1050
-1218
-653
-443
-527
-475
-504
-523
-723
-1046
-626
-188
61
-144
-522
-810
-531
-132
125
365
69
-267
-443
-282
139
470
337
30
-261
-538
-330
-24
108
12
-285
-619
-746
-921
-512
300
322
-214
-1161
-1536
-751
192
426
165
-546
-855
-805
-585
137
1225
1128
218
-721
-572
608
1555
1239
537
317
58
294
407
716
1283
1089
149
-480
-478
206
981
965
346
-201
-835
-672
-24
574
746
126
-870
-870
-355
59
463
493
67
-283
-685
-481
401
910
882
324
-376
-368
362
761
1015
771
268
-117
-123
192
672
573
314
165
-261
-495
-295
69
224
229
-513
-1030
-971
-616
-230
-234
-551
-902
-1251
-1273
-629
-44
-288
-946
-1454
-1344
-649
-432
-560
-729
-862
-953
-1125
-1056
-446
231
170
-505
-916
-867
-139
400
404
274
-22
-391
-509
-203
436
801
364
-329
-524
-246
166
489
449
367
225
-142
-92
401
864
1210
861
291
181
507
1027
1367
1282
892
658
622
877
1214
1186
1105
1000
790
688
719
863
942
892
587
372
185
157
390
591
518
55
-398
-381
75
375
123
-373
-581
-364
-161
-305
-514
-575
-454
-505
-806
-925
-795
-582
-574
-732
-868
-927
-896
-847
-750
-730
-888
-1137
-1091
-859
-672
-784
-1018
-1130
-865
-691
-767
-679
-551
-473
-439
-564
-389
-18
38
8
54
154
252
322
353
533
780
732
589
614
759
963
968
837
882
923
863
913
937
1024
1078
957
747
713
782
841
1040
954
717
428
402
622
889
794
483
375
324
362
338
298
312
387
270
-24
-124
15
248
296
105
-182
-215
-119
52
167
17
-221
-456
-371
-198
-47
-283
-513
-590
-488
-514
-757
-715
-588
-378
-519
-899
-956
-699
-406
-394
-484
-608
-543
-510
-525
-365
-163
-143
-294
-423
-379
-85
4
-130
-190
-111
18
10
-166
-184
1
196
84
-176
-256
-44
172
121
-71
-148
-40
19
-35
-151
-16
147
117
-139
-294
-162
46
158
53
-109
-157
-62
22
151
221
183
52
-34
99
339
421
201
40
94
233
305
181
130
129
220
100
-67
-19
88
277
145
-32
-63
24
145
241
264
227
210
104
96
227
388
435
369
193
99
235
352
371
252
167
217
200
105
18
79
214
134
-115
-270
-199
19
34
-192
-426
-428
-318
-393
-521
-497
-438
-481
-666
-735
-725
-639
-616
-684
-746
-699
-677
-695
-601
-529
-464
-545
-593
-554
-361
-253
-343
-423
-377
-188
-218
-332
-337
-232
-136
-257
-361
-407
-178
-31
-97
-206
-273
-69
21
18
92
220
293
240
213
319
575
725
685
600
605
709
864
885
882
931
919
858
809
826
898
1007
906
781
724
669
724
713
708
668
484
406
354
306
279
328
267
120
20
-140
-113
42
58
-65
-268
-301
-166
-115
-179
-208
-187
-204
-209
-238
-235
-169
-229
-312
-274
-246
-315
-398
-440
-405
-376
-475
-676
-609
-550
-514
-591
-764
-690
-624
-590
-608
-619
-591
-527
-557
-539
-397
-283
-245
-245
-259
-178
-26
24
55
164
231
212
148
232
443
527
449
355
378
505
673
568
494
526
561
572
536
495
493
582
483
461
416
346
344
405
406
363
304
284
354
391
361
329
396
454
471
378
320
413
491
538
499
388
285
339
395
342
298
151
11
54
92
25
-154
-271
-247
-190
-264
-409
-486
-484
-397
-398
-517
-635
-593
-547
-492
-533
-602
-576
-545
-556
-510
-496
-520
-507
-486
-448
-454
-476
-475
-441
-411
-430
-434
-419
-457
-435
-440
-409
-432
-479
-443
-438
-447
-450
-463
-460
-392
-340
-359
-377
-322
-232
-224
-260
-157
-12
31
42
13
83
194
276
334
399
400
354
377
461
542
636
558
462
494
557
636
583
502
472
533
506
470
461
414
412
386
371
383
348
294
303
325
317
306
245
161
202
220
205
197
159
170
129
50
38
66
99
39
0
-64
-128
-159
-185
-180
-215
-295
-368
-409
-446
-493
-519
-524
-543
-573
-632
-644
-625
-606
-640
-665
-617
-569
-545
-575
-591
-480
-427
-434
-409
-343
-340
-339
-323
-270
-163
-134
-159
-172
-134
-37
13
-13
-7
41
55
59
84
114
172
187
177
198
217
230
292
363
397
399
346
358
458
519
510
442
440
528
587
540
521
527
567
624
538
492
550
584
573
514
453
431
453
440
401
362
301
281
255
218
192
179
167
178
103
20
-2
83
137
104
-4
-75
-42
8
10
-75
-77
-78
-83
-161
-249
-218
-144
-153
-233
-314
-341
-300
-249
-274
-322
-327
-348
-345
-337
-321
-291
-273
-310
-362
-360
-337
-265
-249
-283
-311
-314
-264
-219
-204
-210
-187
-137
-141
-170
-145
-94
9
13
-62
-89
-38
50
118
64
-30
-7
84
103
120
84
39
94
97
89
77
128
198
240
164
85
105
225
357
391
326
257
278
322
405
431
420
385
379
371
346
359
351
355
349
295
234
202
223
242
205
118
58
94
68
19
-23
12
63
24
-104
-169
-116
-49
-36
-137
-173
-180
-167
-207
-252
-242
-186
-230
-345
-349
-283
-241
-324
-427
-471
-440
-418
-449
-511
-546
-542
-564
-622
-590
-540
-523
-551
-615
-604
-552
-502
-442
-398
-406
-440
-449
-401
-266
-125
-122
-204
-222
-127
1
52
33
15
76
147
106
89
133
227
263
231
144
159
263
267
292
269
270
286
276
252
312
398
400
358
286
309
379
416
421
410
386
376
358
374
402
441
417
343
317
299
345
348
338
302
241
191
164
167
152
135
90
19
-62
-95
-116
-87
-90
-145
-219
-261
-229
-194
-183
-232
-282
-308
-278
-229
-210
-223
-248
-280
-276
-224
-196
-199
-226
-257
-229
-240
-255
-234
-212
-201
-216
-298
-323
-249
-208
-189
-221
-232
-216
-208
-241
-205
-119
-73
-63
-109
-138
-84
-17
44
86
85
77
76
123
185
261
267
227
227
264
332
350
369
380
359
351
341
337
375
376
367
336
279
251
251
277
277
253
179
166
216
248
273
221
183
225
260
260
280
275
270
286
284
280
266
255
245
250
220
182
131
114
143
155
101
-17
-49
-41
-16
-48
-107
-135
-153
-166
-229
-249
-219
-199
-238
-309
-340
-329
-285
-255
-291
-318
-351
-352
-311
-270
-253
-285
-321
-322
-270
-234
-246
-222
-199
-200
-223
-276
-268
-177
-124
-176
-253
-291
-242
-161
-177
-232
-244
-245
-195
-192
-203
-158
-127
-133
-124
-111
-81
-6
17
14
22
32
74
128
143
180
212
172
178
183
219
260
287
257
219
219
217
270
293
278
260
235
231
246
258
254
244
241
240
213
170
167
229
263
236
163
108
131
216
236
183
125
95
111
118
102
90
87
67
48
-1
-57
-59
-40
-73
-114
-167
-224
-218
-231
-268
-296
-347
-376
-377
-380
-396
-419
-455
-472
-427
-422
-447
-472
-462
-419
-434
-444
-438
-397
-344
-351
-406
-396
-328
-289
-273
-259
-275
-233
-203
-203
-171
-129
-80
-62
-81
-76
3
43
43
58
80
130
177
162
153
212
279
290
275
294
354
426
410
386
426
478
512
526
519
532
555
548
546
554
577
583
549
486
483
500
497
463
385
336
304
297
280
253
217
164
125
81
53
45
38
3
-58
-96
-122
-126
-127
-154
-218
-241
-267
-308
-339
-348
-371
-352
-374
-438
-457
-453
-414
-419
-447
-456
-445
-450
-470
-456
-444
-407
-408
-436
-422
-382
-335
-319
-323
-310
-282
-260
-244
-218
-161
-118
-97
-80
-34
-4
28
67
116
152
195
195
194
254
302
322
303
307
338
409
418
386
380
382
416
430
410
397
403
394
387
367
362
380
385
376
355
321
321
330
315
289
268
233
197
180
156
159
159
117
60
24
7
6
-9
-15
-12
-63
-134
-168
-129
-83
-96
-169
-229
-221
-203
-213
-237
-241
-236
-264
-312
-319
-273
-251
-275
-319
-318
-284
-265
-265
-258
-227
-216
-226
-259
-234
-163
-116
-121
-169
-185
-161
-100
-86
-82
-93
-99
-84
-75
-60
-55
-54
-58
-41
-32
-22
-16
-19
-9
4
25
38
28
23
50
82
79
64
65
77
110
120
75
77
111
131
109
71
99
132
133
96
72
108
141
130
90
83
102
103
88
89
109
108
82
72
105
134
119
66
55
109
124
77
38
72
133
141
81
33
90
131
117
96
75
90
100
50
25
46
56
45
-20
-34
-2
-18
-76
-113
-73
-46
-83
-148
-170
-142
-132
-154
-189
-191
-181
-192
-210
-228
-228
-245
-249
-215
-199
-216
-258
-284
-249
-205
-209
-220
-234
-245
-239
-235
-225
-195
-186
-189
-189
-197
-180
-153
-138
-118
-117
-152
-153
-122
-72
-42
-63
-91
-67
-24
-2
20
38
71
113
106
102
146
186
218
219
221
249
292
299
297
321
341
367
351
328
352
362
348
334
320
318
323
314
299
303
296
284
266
231
216
213
201
186
158
111
109
113
99
76
48
30
15
0
-14
-17
-38
-72
-105
-109
-102
-113
-154
-167
-173
-184
-199
-224
-215
-195
-213
-261
-290
-276
-250
-253
-278
-288
-276
-280
-291
-274
-246
-233
-243
-265
-242
-196
-169
-165
-160
-144
-109
-101
-95
-62
-31
-12
0
8
25
71
91
107
101
101
125
136
165
197
197
201
212
228
237
244
244
254
258
236
235
259
289
285
268
243
257
260
257
253
267
279
210
180
187
208
189
188
208
177
146
129
164
251
250
263
249
-10
-383
-410
-276
184
658
451
273
-133
-723
-714
-517
-313
441
634
151
-431
-1162
-792
-142
-74
413
531
-164
-458
-737
-831
-534
-461
-84
46
-351
-331
-262
-501
-543
-490
-230
65
42
-221
-516
-686
-547
-207
-43
47
-15
-128
-186
-205
-242
-229
-33
81
207
328
236
-21
-119
-145
-34
118
161
276
260
92
51
-26
-37
203
197
173
203
116
254
361
246
165
70
197
483
467
472
415
88
-63
-5
135
837
1285
1064
434
-349
-560
-245
171
705
915
322
-298
-688
-697
-32
538
530
475
133
-309
-449
-659
-535
-174
-92
130
238
-120
-278
-391
-492
-79
83
8
-103
-344
-426
-292
-305
-139
-68
-211
-207
-161
-245
-271
-222
-254
-185
-201
-253
-271
-166
-108
-193
-363
-432
-250
-99
-79
-90
-88
-59
86
30
23
215
189
-20
-145
-145
-7
89
6
52
55
-65
-11
121
225
312
193
93
96
111
201
296
296
198
126
218
296
254
215
297
342
229
241
339
348
152
153
222
238
225
133
205
218
127
187
209
187
135
62
110
79
78
76
60
64
-23
-7
-88
-79
-105
-198
-159
-177
-184
-255
-348
-338
-323
-352
-335
-323
-232
-315
-445
-494
-450
-371
-346
-321
-333
-400
-420
-356
-250
-133
-123
-152
-197
-203
16
219
146
44
29
58
143
221
414
538
426
280
215
239
344
480
536
579
532
415
424
461
402
372
323
245
279
334
304
145
-16
-64
-27
-39
-49
5
7
-1
-65
-65
-96
-256
-327
-229
-54
5
-19
-159
-380
-555
-657
-571
-496
-479
-572
-448
-203
-105
-318
-669
-829
-735
-495
-172
242
431
198
-423
-913
-656
306
1181
1445
1226
810
282
-193
-117
632
1495
1599
994
382
-8
-221
-224
48
568
806
322
-296
-520
-507
-445
-375
-260
192
395
-89
-470
-552
-378
69
312
244
286
255
-5
3
691
1144
460
-350
-33
511
514
240
332
241
-713
-922
-204
139
400
-399
-951
-978
-901
-375
-377
-100
-680
-1452
-1695
-1409
-196
204
-306
-757
-1489
-1082
-434
-288
-504
-357
-159
-585
-598
-474
743
866
-112
-498
210
1295
1408
880
417
780
927
412
579
1190
1312
741
256
348
929
810
-12
-4
467
482
-13
-462
-138
432
222
-281
-241
108
-136
-331
-215
193
395
7
-366
-67
178
-10
85
415
517
270
-214
-198
546
687
239
-30
88
86
-143
-416
-159
191
-421
-952
-978
-761
-698
-1013
-1387
-1434
-998
-586
-848
-1171
-1292
-1197
-896
-912
-930
-793
-654
-872
-682
-392
306
798
94
-455
-96
907
1506
1195
638
727
1063
728
554
1108
1527
1217
417
188
850
1141
457
145
666
765
92
-379
-120
691
806
155
-117
190
151
-48
128
502
773
254
-119
296
577
358
195
360
573
416
76
343
932
880
382
90
108
224
112
-117
102
192
-372
-1039
-1126
-785
-617
-1023
-1546
-1229
-600
-779
-1377
-1558
-1253
-678
-697
-1317
-1354
-855
-804
-856
-715
-43
691
153
-743
-400
871
1502
1152
618
623
996
683
342
937
1608
1230
366
58
557
1043
533
10
444
633
-57
-569
-263
508
627
-54
-397
-2
161
-122
-12
409
508
-38
-379
137
773
640
213
316
531
420
12
160
811
972
423
-23
127
228
16
-349
-331
-188
-501
-1156
-1303
-931
-1050
-993
-696
-766
-1400
-2040
-1796
-520
-283
-1227
-1844
-1427
-910
-633
-683
104
1154
114
-1214
-718
1252
2204
1498
324
612
1150
617
285
1330
2130
1300
1
-69
953
1250
266
5
872
675
-618
-1010
-29
1007
649
-439
-717
-352
-625
-664
99
628
210
-844
-947
26
613
80
-125
65
108
-240
-330
409
1125
736
-232
-420
-39
157
-108
-182
-230
-443
-1087
-1507
-1150
-870
-642
-533
-1080
-1879
-2038
-1472
-370
-416
-1296
-1601
-1107
-836
-781
-491
575
1143
-14
-903
-108
1728
2188
1381
793
1403
1842
1132
553
1599
2372
1583
517
664
1483
1201
135
304
1335
970
-480
-761
332
1009
244
-563
-502
-313
-764
-835
27
542
-235
-1139
-745
191
379
-271
-273
119
140
-327
-186
589
1027
464
-261
-105
346
396
-39
-256
-145
-253
-795
-1123
-1116
-1025
-673
-395
-650
-1525
-2111
-1601
-511
-576
-1326
-1576
-1047
-709
-866
-772
380
1189
2
-1022
-254
1593
2090
1214
630
1447
1605
684
437
1751
2478
1447
145
343
1310
1087
155
455
1350
650
-865
-1037
323
1145
241
-626
-537
-336
-674
-558
230
538
-221
-1024
-395
604
552
-259
-198
375
532
39
14
691
1158
728
166
360
658
477
-57
-124
147
85
-614
-1012
-1061
-727
-244
-328
-1087
-1859
-1927
-973
-334
-1084
-1634
-1484
-899
-849
-1082
-714
638
549
-776
-1073
487
1782
1535
600
720
1403
979
195
829
2154
1911
509
-179
607
1312
679
27
673
936
-235
-1068
-310
832
607
-614
-1056
-607
-680
-993
-475
94
-203
-1164
-1230
-103
497
-266
-748
-297
162
9
-330
154
917
835
66
-203
232
678
411
105
51
161
-263
-782
-743
-558
-194
-48
-626
-1447
-1735
-1153
-173
-430
-1427
-1735
-1040
-745
-969
-1037
100
845
-197
-1394
-562
1448
2065
1096
431
1055
1408
737
488
1727
2426
1314
4
345
1462
1460
392
338
1164
711
-573
-577
729
1308
299
-879
-947
-512
-609
-480
72
-24
-924
-1501
-756
330
268
-693
-805
-412
-150
-188
-52
427
667
257
-305
-321
243
402
155
-127
-300
-385
-718
-889
-730
-154
35
-685
-1745
-2020
-1139
-26
-430
-1470
-1810
-1312
-912
-989
-1097
-179
658
-360
-1327
-658
1153
1859
1194
575
1122
1468
989
843
1938
2608
1790
543
600
1741
2025
1124
849
1518
1240
81
-114
995
1751
921
-295
-487
-102
-225
-322
123
241
-390
-1241
-1043
-29
286
-403
-699
-576
-496
-532
-414
74
477
212
-319
-354
-81
70
-3
-121
-239
-384
-766
-922
-725
-265
-9
-429
-1404
-1968
-1415
-372
-206
-1023
-1653
-1481
-967
-916
-1128
-553
409
-67
-1108
-1117
407
1633
1365
519
528
986
830
609
1301
2184
1840
583
178
1167
1906
1323
635
1030
1266
510
-104
532
1605
1412
213
-438
-116
103
-15
90
258
-22
-816
-999
-226
355
-132
-624
-620
-488
-522
-452
-15
417
295
-352
-529
-91
265
98
-121
-165
-213
-582
-906
-646
-312
-12
-360
-1024
-1699
-1598
-1025
-438
-762
-1237
-1404
-1160
-908
-916
-1020
-397
307
-241
-835
-582
867
1392
858
378
1175
1751
956
203
1286
2471
2064
844
623
1281
1057
-32
264
1723
1623
-4
-927
-149
764
370
-540
-442
-63
-633
-1008
-436
207
58
-1067
-1403
-590
-233
-459
-78
206
-160
-985
-1191
-89
1005
835
59
-394
-547
-455
-418
-275
-112
-562
-1735
-2186
-1630
-1347
-342
417
-117
-1299
-2437
-2464
-994
-213
41
934
1245
93
-1686
-2129
122
2940
2968
1933
2018
2584
1604
384
799
2659
3356
1830
1042
2147
2175
257
-1250
-719
692
851
-71
183
557
-1306
-3365
-2947
-779
551
87
-1212
-1652
-1701
-1879
-1478
-24
1072
816
-92
-41
637
993
671
594
1309
1688
1432
1183
1282
1289
1010
353
583
1419
1361
187
-781
-1331
-1540
-1647
-1816
-1982
-2519
-3792
-4829
-3421
-851
-179
-1931
-4545
-5108
-2865
-569
819
1686
1312
-583
-2594
-2446
1265
5483
5811
3463
2101
2411
2871
2728
3033
4460
4862
2997
1589
2054
1973
468
-1003
-613
1112
1451
-526
-2327
-2821
-3312
-3506
-2587
-1109
-550
-1906
-4019
-4363
-2906
-1041
-126
-202
-281
-278
-270
457
1773
2434
2037
1647
1968
3002
3526
2822
2025
1975
2434
2390
2025
1804
1181
-428
-1375
-1027
-316
-1013
-3021
-4623
-5064
-4394
-2712
-1320
-1853
-4072
-6204
-5768
-3133
-468
754
502
-757
-2182
-2817
-871
2937
5491
4836
2771
2187
2843
3103
3379
4205
5234
4823
2944
1840
1986
1375
149
15
952
1407
-63
-2185
-3224
-3175
-2914
-2432
-1958
-1957
-2726
-3869
-4315
-3337
-1994
-1264
-977
-710
-346
-154
134
716
1533
2194
2809
3182
3199
2816
2351
2123
2556
3138
3321
2600
1484
415
-64
-430
-450
-702
-1644
-3092
-4156
-3524
-2043
-1668
-3286
-5280
-5839
-4131
-2057
-896
-894
-1370
-2579
-3267
-2260
1040
3908
4073
2272
1290
1976
3055
3539
4130
4894
4929
3731
2501
2135
2150
1753
1375
1682
1837
719
-1387
-2584
-2208
-1393
-1354
-1726
-2071
-2649
-3713
-4286
-3420
-1860
-1177
-1626
-2183
-1939
-1238
-683
209
1125
1714
1466
995
1415
2257
2542
2145
1968
2644
2820
1654
908
1163
819
209
-471
-699
-897
-1835
-1834
-914
-1024
-2904
-4426
-4399
-2588
-1274
-1232
-1327
-1485
-2992
-3986
-2735
910
3433
2579
268
-128
1154
1899
2431
3626
4783
4047
2022
1290
2346
3066
2454
2031
2370
2316
858
-838
-943
60
454
-143
-788
-1105
-1565
-2283
-2474
-1559
-699
-895
-1467
-1733
-1681
-1494
-748
170
812
657
67
-161
118
762
1581
1704
1233
745
544
203
628
573
229
-120
-943
-1606
-1865
-840
387
310
-1841
-3487
-3522
-2395
-1103
-174
-113
-741
-2660
-3869
-2644
368
2536
2419
855
-273
-137
346
1160
2617
3791
3410
1700
523
675
1479
1888
2127
2217
1581
285
-901
-743
60
578
389
-209
-903
-1182
-1335
-1604
-1425
-633
61
102
-594
-1418
-1604
-740
430
1086
953
481
-88
-228
221
1000
1650
1096
339
-38
-21
119
463
529
-128
-879
-1387
-1863
-1698
-700
432
400
-1592
-3253
-3276
-1819
-252
593
82
-501
-1595
-2801
-2212
351
2825
3010
1179
-281
235
991
1146
1862
3168
3566
2122
203
-105
919
1695
1788
1720
1388
184
-1384
-1903
-678
924
932
-430
-1736
-1849
-1553
-1407
-1047
-115
24
-869
-1541
-1551
-924
-4
458
610
532
-58
-748
-547
404
1429
1459
278
-285
-48
-359
-495
108
319
276
-760
-1583
-1978
-1299
7
1273
371
-1771
-2960
-2534
-886
856
1263
760
-394
-2148
-2571
-751
2059
3368
2396
326
-225
382
827
1492
2854
3700
2692
612
-413
362
1358
1616
1801
1554
757
-682
-1565
-936
468
989
369
-722
-1319
-1129
-1173
-1247
-569
106
-117
-809
-1406
-1405
-802
168
664
396
-367
-857
-638
-177
404
872
287
-581
-665
-501
-433
214
-1
-423
-1092
-1903
-1994
-844
719
1203
-307
-2654
-3049
-1482
90
852
913
184
-820
-2290
-2286
175
2998
3193
1443
-196
-227
834
1369
1829
2866
3244
2068
396
75
940
1779
1636
1545
1453
602
-716
-1316
-528
803
972
-166
-1321
-1854
-1248
-323
-107
-141
-292
-1050
-1391
-994
-306
398
658
261
-413
-585
-341
237
890
1007
920
164
-832
-762
114
309
390
-23
-845
-1247
-1884
-2122
-1547
-97
978
50
-2372
-3695
-2695
-884
447
956
408
-828
-2403
-2899
-991
2271
3873
2478
151
-831
217
1657
2395
3179
3585
2655
529
-359
587
2070
2494
1964
1297
246
-864
-1482
-803
557
1156
-10
-1735
-2467
-1961
-961
-513
-478
-313
-863
-1755
-1684
-806
-39
472
588
40
-461
-617
-201
807
1540
1613
684
-477
-633
205
731
642
813
130
-813
-1723
-1745
-1293
-878
178
629
-807
-3050
-4013
-2595
-334
933
708
-488
-2139
-3231
-2825
-462
2978
4084
1738
-997
-1396
577
2385
3044
3497
3777
2323
119
9
1530
3120
3020
2082
1177
397
-552
-1008
-12
1362
1641
-85
-2316
-2739
-1445
-315
-142
-321
-688
-1637
-2494
-1997
-619
210
439
10
-1016
-1395
-870
22
798
1391
1222
144
-791
-692
555
1264
1076
682
-87
-942
-1165
-1019
-706
-901
-371
502
-464
-2440
-3603
-2917
-1236
147
111
-718
-2092
-3039
-2928
-1594
1045
3139
1908
-649
-1662
-131
2013
2989
3149
3267
2478
809
711
1761
3170
3712
2732
1435
712
453
392
776
1279
1750
817
-1235
-2077
-1054
75
185
-215
-607
-1164
-1891
-1905
-1080
-315
159
-34
-1036
-1563
-1043
-373
145
678
907
271
-577
-654
222
957
1011
978
635
-211
-950
-771
-233
23
-728
-583
72
-493
-1589
-2585
-2342
-960
-253
-867
-1350
-1809
-2138
-2474
-2228
24
1970
930
-1039
-1394
-188
1361
1820
2023
2643
2215
834
475
1081
2443
3384
2533
1400
893
515
253
693
1537
2156
996
-882
-1139
-307
246
242
110
-184
-681
-1360
-1537
-785
-163
-153
-584
-1158
-1103
-546
-473
-315
187
446
-12
-700
-514
327
702
608
510
24
-41
-206
-277
-193
-207
-296
-1133
-1106
-12
361
-656
-2261
-2680
-1622
-621
-355
-287
-932
-2001
-2680
-2401
-117
2137
1926
37
-1362
-1034
668
2041
2451
2756
2291
634
-111
392
2417
3661
2772
1073
126
6
241
1056
1678
2301
1275
-837
-1917
-1056
522
1307
714
-419
-1211
-2023
-1943
-804
349
507
-297
-1624
-2125
-1503
-471
417
650
178
-763
-1380
-875
605
1364
943
191
-335
-457
-139
388
822
701
-290
-1192
-1361
-887
-532
25
25
-497
-1505
-2565
-2426
-1030
117
218
-393
-1526
-2025
-1947
-1233
766
2207
1692
-56
-1285
-808
1052
2374
2705
2428
1253
30
-256
488
2211
3304
2328
688
-290
-223
492
1406
1851
1818
579
-1008
-1291
-519
688
1094
302
-753
-1330
-1663
-1155
-265
157
104
-553
-1388
-1379
-776
-149
390
447
102
-423
-696
-385
467
963
944
409
-223
-340
-54
468
712
386
-261
-740
-905
-677
-167
-101
-443
-1001
-1409
-1018
-465
-157
-299
-859
-1281
-1099
-566
113
460
20
-699
-1018
-516
616
1304
973
440
6
-149
174
896
1620
1817
959
-59
-178
502
1470
1681
1151
415
-186
-549
-273
493
994
689
-431
-1194
-1044
-544
-57
219
87
-348
-912
-1233
-675
318
772
480
-116
-549
-478
-110
463
950
923
521
0
-216
99
681
851
719
269
-169
-130
125
391
376
-34
-334
-320
-145
51
106
-1
-255
-458
-445
-153
-17
-75
-147
-240
-383
-503
-346
-115
123
-32
-439
-693
-706
-255
191
122
-297
-560
-611
-302
118
183
38
-199
-370
-377
-234
-93
90
37
-280
-473
-518
-475
-300
-104
-82
-161
-393
-487
-289
-112
122
242
65
-141
-219
-11
453
764
597
231
-46
59
454
656
569
444
342
179
246
424
525
522
399
442
427
313
293
402
588
624
412
73
39
264
445
411
302
204
19
-126
-43
245
326
146
-21
23
231
209
38
-43
17
164
165
26
-114
-243
-398
-448
-335
-227
-263
-541
-796
-821
-796
-854
-783
-608
-562
-728
-1042
-1110
-788
-346
-164
-312
-609
-704
-524
-249
94
283
120
-203
-383
-292
-28
231
386
369
132
-145
-263
-91
249
463
436
189
-46
-213
-165
182
517
562
295
-43
-157
-37
248
518
612
440
0
-272
-62
425
632
563
399
246
237
324
494
743
829
642
462
471
569
575
532
459
482
436
213
137
175
248
158
9
-34
-43
-144
-284
-187
-62
-57
-238
-414
-403
-300
-248
-265
-233
-267
-357
-444
-394
-254
-332
-435
-425
-214
-38
-210
-438
-470
-293
-180
-144
-101
-56
-213
-484
-450
-262
-60
29
-28
-174
-375
-555
-469
-74
183
136
-134
-387
-393
-292
-67
226
407
305
-7
-99
152
447
472
404
373
362
341
290
368
455
412
307
289
300
260
125
53
269
353
185
-84
-178
-12
160
144
28
-36
-129
-180
-75
156
270
120
-128
-164
-33
52
96
120
252
260
86
-50
67
294
347
142
14
153
276
223
68
45
140
160
50
-7
9
-49
-147
-243
-151
-43
-74
-235
-346
-338
-354
-351
-300
-121
-137
-312
-450
-362
-127
-58
-82
-157
-175
-279
-346
-231
-32
91
-11
-197
-313
-261
-180
-88
-19
-36
-167
-362
-414
-312
-169
-121
-176
-314
-481
-551
-488
-276
-152
-214
-370
-554
-593
-435
-142
-8
-62
-210
-297
-193
-5
174
276
317
218
143
197
337
494
510
493
561
589
454
338
439
624
688
548
466
476
441
322
307
409
508
444
226
194
265
284
229
223
317
330
255
171
243
293
229
144
168
257
220
155
92
50
-13
-45
-19
10
-1
-170
-341
-334
-160
-113
-242
-403
-491
-446
-400
-377
-457
-562
-631
-596
-532
-529
-523
-584
-592
-591
-582
-564
-504
-407
-365
-316
-321
-367
-391
-385
-262
-50
66
-39
-230
-278
-156
-18
85
157
108
-11
-57
-37
98
238
265
170
153
226
298
337
361
438
477
430
373
426
529
583
580
537
537
520
518
518
518
557
548
463
380
408
415
370
321
308
337
297
199
159
199
220
149
16
-52
50
145
127
-29
-167
-142
-59
-14
40
137
42
-175
-193
-2
120
75
-50
-158
-168
-101
-33
-111
-222
-287
-333
-311
-223
-176
-290
-448
-526
-494
-465
-453
-438
-422
-453
-527
-563
-521
-387
-244
-207
-294
-375
-374
-307
-181
-46
13
-42
-135
-163
-90
-3
46
46
37
27
1
-53
-56
18
97
125
85
25
-7
30
102
176
178
111
141
211
278
293
269
287
340
361
369
432
468
490
467
468
497
514
483
471
517
507
421
296
293
372
366
264
210
181
125
50
-11
32
41
-77
-236
-271
-149
-102
-231
-371
-327
-215
-233
-337
-384
-326
-297
-342
-379
-308
-287
-356
-409
-424
-418
-417
-458
-459
-405
-393
-478
-576
-590
-538
-470
-430
-383
-437
-566
-638
-591
-459
-313
-204
-263
-336
-383
-326
-149
-26
48
45
41
48
94
146
218
334
381
308
265
294
339
372
379
417
425
338
239
271
348
393
342
230
169
148
182
214
233
259
217
102
33
110
230
291
236
169
143
152
180
216
247
295
304
214
126
111
176
211
174
117
97
71
17
-11
-13
3
-2
-41
-81
-113
-149
-214
-246
-182
-78
-58
-145
-231
-230
-166
-123
-61
14
4
-68
-111
-55
37
137
107
14
-7
-11
12
3
6
-9
-44
-117
-144
-121
-112
-106
-138
-176
-182
-193
-204
-202
-225
-202
-143
-122
-130
-126
-110
-84
-44
-11
18
35
31
21
59
142
192
155
60
59
118
166
146
101
92
77
71
90
81
72
99
118
94
70
55
45
88
147
204
214
195
201
234
309
345
362
362
353
376
421
426
432
437
400
380
375
398
362
277
213
203
218
193
89
14
13
4
-35
-111
-173
-164
-186
-241
-252
-237
-241
-305
-332
-277
-223
-268
-336
-329
-294
-251
-286
-355
-313
-216
-193
-274
-360
-360
-295
-289
-310
-283
-294
-347
-405
-421
-362
-314
-305
-340
-378
-408
-403
-384
-324
-236
-215
-231
-257
-238
-184
-95
4
72
81
35
62
152
264
317
288
253
273
340
374
355
302
288
293
277
287
313
287
229
177
180
187
153
147
147
141
93
45
31
74
137
166
111
41
16
50
116
177
169
75
16
16
87
124
117
66
-17
-101
-112
-33
-1
-34
-142
-239
-272
-255
-216
-219
-259
-310
-347
-392
-414
-410
-361
-289
-258
-302
-364
-366
-302
-208
-169
-143
-111
-102
-108
-93
-51
-8
27
19
29
43
12
-28
-11
19
63
74
-12
-77
-102
-69
-5
11
-15
-62
-109
-95
-28
12
13
46
72
63
49
57
136
210
207
166
161
186
219
239
265
278
254
220
194
214
245
234
206
211
211
163
142
163
195
183
142
154
179
158
106
85
129
218
245
182
142
152
177
204
242
304
318
256
181
188
250
266
244
215
190
136
76
34
41
93
96
23
-86
-141
-129
-92
-92
-101
-134
-200
-235
-239
-198
-122
-76
-109
-187
-244
-217
-152
-86
-66
-88
-144
-210
-220
-139
-43
-46
-104
-188
-239
-210
-165
-131
-135
-193
-268
-292
-260
-208
-197
-236
-274
-274
-261
-214
-156
-129
-133
-137
-107
-61
-33
-9
70
149
190
175
158
196
237
293
321
329
327
283
257
284
330
336
299
253
240
237
204
194
214
219
184
148
149
175
179
159
154
176
188
191
181
179
205
207
185
156
146
160
157
137
109
81
60
66
36
-33
-91
-104
-87
-123
-206
-271
-290
-311
-351
-390
-407
-403
-445
-496
-485
-450
-442
-486
-505
-443
-380
-397
-438
-403
-301
-253
-286
-305
-252
-215
-209
-201
-163
-130
-168
-224
-214
-132
-95
-144
-227
-221
-153
-149
-167
-169
-135
-120
-145
-157
-95
-42
-26
-9
18
73
95
81
111
208
306
303
242
250
336
419
423
404
412
408
400
409
452
478
438
359
287
270
295
303
263
210
154
107
79
60
63
62
24
-6
-41
-48
-6
29
31
-12
-38
-30
-7
16
31
27
8
-21
-48
-43
-39
-72
-113
-145
-150
-149
-185
-243
-265
-249
-264
-308
-332
-326
-334
-370
-369
-323
-308
-343
-362
-338
-270
-211
-207
-230
-203
-158
-128
-87
-31
33
40
12
36
89
134
146
166
188
185
177
180
198
218
227
222
199
161
170
189
217
226
219
198
195
205
195
210
246
294
281
251
260
287
319
339
367
364
324
266
261
309
329
294
224
174
150
129
82
72
69
34
-1
-23
-24
-43
-98
-120
-80
-60
-99
-152
-165
-136
-117
-127
-121
-102
-98
-119
-150
-127
-68
-46
-61
-82
-93
-89
-76
-56
-15
-6
-45
-92
-117
-96
-70
-76
-75
-86
-113
-130
-125
-97
-64
-56
-74
-78
-69
-63
-57
-27
4
20
22
9
14
39
94
122
121
107
79
73
74
81
98
89
47
8
-11
-16
-10
-37
-64
-63
-73
-92
-110
-112
-107
-95
-98
-102
-99
-109
-100
-79
-53
-36
-33
-23
-10
1
9
30
56
54
35
28
39
65
80
84
72
56
35
25
51
83
77
25
-14
-14
-6
-9
4
18
-5
-57
-87
-57
2
11
-25
-69
-60
-29
-34
-42
-20
19
6
-34
-60
-46
-25
-43
-63
-72
-102
-142
-174
-189
-178
-181
-200
-229
-264
-281
-268
-260
-251
-250
-273
-297
-294
-272
-241
-226
-238
-240
-215
-184
-161
-161
-163
-143
-115
-83
-87
-92
-85
-81
-73
-50
-23
0
-15
-36
-21
18
52
56
53
62
81
97
109
136
169
185
202
226
247
239
235
266
309
342
332
320
319
339
367
376
371
349
321
309
320
326
312
276
229
196
164
143
131
119
92
60
33
8
-9
-19
-35
-44
-40
-39
-38
-68
-94
-95
-78
-60
-58
-71
-75
-78
-100
-117
-120
-111
-114
-120
-151
-174
-185
-203
-189
-179
-187
-222
-238
-235
-233
-228
-220
-194
-169
-158
-161
-151
-128
-97
-60
-32
-20
-6
-6
12
61
101
129
139
143
141
166
198
225
234
223
207
212
229
233
241
252
228
192
181
188
216
215
180
150
142
148
150
148
172
192
183
160
161
166
177
183
191
203
195
180
158
152
143
141
134
130
113
75
38
21
27
29
6
-27
-56
-86
-114
-121
-109
-105
-130
-168
-184
-184
-179
-161
-152
-147
-152
-171
-186
-161
-130
-114
-113
-118
-130
-147
-145
-127
-88
-78
-108
-152
-163
-139
-119
-106
-115
-135
-165
-179
-176
-153
-137
-158
-190
-206
-192
-179
-174
-157
-141
-139
-144
-152
-141
-109
-68
-31
-21
-28
-28
-23
5
41
56
58
52
44
34
42
51
58
59
57
61
54
39
38
54
61
59
53
53
67
61
46
52
68
72
57
38
49
70
69
57
53
64
65
41
32
47
65
66
38
16
17
15
2
-5
-17
-38
-57
-76
-84
-76
-85
-109
-136
-146
-141
-143
-143
-153
-156
-159
-165
-179
-191
-181
-165
-144
-147
-158
-150
-137
-130
-127
-114
-89
-85
-94
-105
-109
-108
-89
-73
-47
-38
-52
-54
-47
-18
-2
-3
11
21
26
24
26
59
93
106
95
96
115
131
141
162
183
191
173
155
152
172
203
214
198
181
186
189
199
223
232
220
196
179
176
186
197
201
196
180
164
152
154
151
161
153
125
115
102
105
100
88
77
73
69
52
39
25
20
13
5
-6
-18
-33
-58
-67
-65
-60
-65
-75
-93
-102
-95
-99
-90
-79
-68
-51
-54
-71
-69
-53
-20
-2
-25
-44
-54
-48
-35
-19
-11
-23
-37
-55
-62
-54
-52
-49
-50
-48
-61
-81
-101
-96
-91
-86
-77
-88
-88
-82
-77
-58
-45
-40
-30
-13
4
10
18
17
27
42
52
60
65
79
89
90
77
72
89
107
108
96
80
76
69
69
86
95
84
58
45
66
89
98
91
83
82
88
93
99
110
109
111
105
108
117
121
108
96
100
95
78
63
58
56
52
26
-3
-22
-30
-34
-50
-71
-93
-116
-142
-158
-159
-158
-180
-213
-222
-198
-180
-188
-202
-213
-217
-222
-228
-221
-201
-197
-207
-221
-213
-200
-192
-186
-172
-166
-176
-189
-193
-174
-154
-141
-158
-179
-190
-195
-172
-141
-119
-124
-144
-144
-123
-83
-51
-36
-30
-30
-32
-3
40
74
89
99
116
124
133
149
179
205
203
186
175
183
211
218
207
209
210
191
170
164
185
191
175
157
129
123
111
108
115
108
92
71
67
72
77
62
64
60
45
27
11
31
39
22
-6
-19
-21
-32
-43
-42
-42
-52
-75
-100
-113
-116
-125
-130
-128
-141
-165
-194
-192
-158
-141
-148
-161
-180
-181
-174
-154
-148
-131
-144
-141
-135
-121
-108
-107
-81
-66
-53
-60
-61
-47
-20
2
3
6
7
11
14
22
30
45
65
56
56
61
79
102
105
111
123
132
138
150
163
168
179
177
183
196
199
204
204
206
200
182
177
186
191
191
182
182
184
182
162
146
150
144
145
136
128
117
106
84
81
87
77
55
30
30
31
35
32
26
11
-8
-26
-39
-39
-41
-55
-77
-91
-101
-108
-120
-115
-103
-105
-115
-125
-125
-131
-134
-132
-129
-126
-132
-142
-142
-128
-130
-132
-121
-106
-92
-86
-98
-95
-81
-67
-57
-55
-50
-44
-40
-43
-36
-17
-12
-15
-20
-10
-2
7
-3
2
19
17
23
15
28
45
48
52
57
67
71
66
73
81
91
94
83
85
89
99
106
110
106
101
96
92
94
93
88
75
67
60
60
60
54
46
34
31
24
20
16
14
0
-11
-23
-30
-34
-47
-63
-61
-47
-44
-50
-57
-67
-62
-59
-54
-50
-58
-82
-95
-96
-98
-95
-102
-111
-117
-123
-127
-129
-132
-133
-135
-133
-131
-133
-142
-143
-138
-134
-126
-124
-116
-117
-123
-116
-89
-65
-70
-82
-81
-60
-39
-37
-45
-33
-20
-26
-24
-12
1
3
-8
-1
11
14
13
19
31
36
38
46
54
59
58
59
65
78
91
98
111
120
120
104
103
117
134
139
138
134
126
115
115
125
125
120
113
102
87
70
70
82
93
82
59
36
24
15
12
13
8
5
-16
-29
-13
-3
-10
-33
-51
-45
-41
-47
-59
-63
-63
-71
-81
-86
-84
-71
-77
-92
-98
-105
-108
-119
-119
-115
-114
-123
-126
-121
-122
-125
-124
-121
-109
-93
-92
-96
-86
-82
-85
-87
-78
-53
-41
-35
-26
-14
-3
4
28
54
73
72
53
56
68
87
94
94
100
103
104
107
113
119
116
109
110
114
123
127
124
122
122
120
123
127
134
145
137
138
130
130
131
136
142
131
124
110
101
96
98
98
97
87
74
65
56
49
45
37
28
11
-1
-7
-12
-26
-33
-33
-43
-55
-68
-66
-65
-64
-72
-82
-84
-81
-84
-88
-89
-94
-106
-113
-111
-104
-89
-92
-96
-105
-114
-115
-105
-92
-90
-89
-99
-103
-107
-95
-84
-74
-67
-73
-74
-66
-44
-32
-26
-29
-26
-11
5
16
20
22
23
30
40
52
73
84
75
77
78
92
115
117
121
113
100
93
95
113
120
118
98
90
90
88
94
100
104
100
92
91
95
98
95
84
74
64
58
55
48
48
46
32
14
6
4
-7
-15
-25
-31
-44
-57
-63
-66
-63
-76
-102
-114
-117
-109
-104
-114
-126
-142
-154
-150
-140
-131
-134
-144
-141
-141
-133
-131
-127
-120
-122
-128
-136
-134
-134
-130
-122
-114
-117
-124
-117
-105
-97
-93
-95
-97
-90
-89
-87
-71
-51
-48
-54
-47
-39
-29
-22
-13
-2
4
10
28
36
43
40
41
57
65
63
61
71
83
89
73
64
68
69
72
65
67
69
61
55
62
76
72
67
65
63
64
63
68
76
75
67
57
54
61
70
75
77
77
68
61
54
53
44
41
40
37
39
31
15
5
-5
-13
-7
-1
3
-13
-26
-42
-48
-49
-49
-44
-50
-45
-42
-45
-47
-52
-50
-49
-37
-33
-42
-42
-46
-39
-32
-34
-35
-41
-45
-42
-46
-52
-52
-52
-51
-48
-37
-32
-41
-42
-41
-30
-24
-16
-15
-19
-19
-19
-15
-3
13
15
24
28
48
66
81
93
100
102
107
114
127
145
147
181
206
320
177
73
101
303
68
-29
-137
-115
219
227
779
912
133
-376
-449
-534
-37
295
876
898
142
-442
-571
-567
-184
456
823
861
413
-184
-629
-745
-551
188
958
897
258
-236
-424
-681
-667
-165
309
152
-101
-171
-229
-359
-393
-305
-261
-162
-70
-45
-37
22
-215
-454
-527
-344
-29
220
361
309
-2
-304
-407
-453
-200
171
336
350
198
-19
-248
-285
-232
-82
119
215
224
79
-41
-45
-135
-189
0
84
1
3
100
54
-30
-52
-45
33
39
-54
259
695
737
653
340
-291
-760
-759
-258
369
784
689
267
-273
-577
-646
-245
681
1362
1421
964
179
-895
-1730
-1648
-601
591
1477
1435
561
-649
-1633
-1860
-1024
293
984
1098
570
-569
-1486
-1696
-1208
-402
315
796
860
357
-242
-653
-839
-693
-409
110
735
854
550
94
-484
-889
-685
-237
151
654
844
432
-54
-450
-771
-673
-284
155
538
533
67
-393
-523
-335
-60
260
451
417
153
-174
-371
-416
-272
-32
100
211
314
226
20
-189
-247
-115
170
248
370
454
57
-333
-349
-202
106
416
400
345
137
-200
-294
-142
123
404
465
295
98
-163
-255
-162
-40
206
404
398
227
73
85
154
164
132
22
-80
-269
-279
42
217
287
293
140
12
-66
-30
105
114
176
242
122
-76
-30
90
42
116
297
205
99
53
6
-71
-96
-25
62
-83
-192
-197
-238
-206
-36
60
24
-99
-332
-323
-277
-120
160
254
178
62
-149
-352
-311
-155
54
189
118
58
10
-119
-146
-101
-23
58
-39
-57
-20
5
21
2
-27
-21
-4
14
104
220
260
139
36
4
55
105
158
271
219
134
88
23
0
57
141
138
126
166
158
40
-86
-38
-40
-33
112
185
140
123
54
-4
-8
3
88
156
47
12
15
-62
-53
4
143
172
105
72
52
-139
-278
-211
-102
28
98
8
-33
-99
-160
-76
-4
59
71
-7
-71
-58
-124
-202
-138
-148
-127
-88
-123
-117
-138
-238
-190
-97
-36
33
35
-81
-181
-219
-266
-279
-198
3
120
96
-21
-100
-207
-199
-121
-24
117
137
32
-8
-80
-183
-127
-19
20
97
151
42
-38
-74
-87
-77
-3
33
16
4
36
-29
-98
-67
-124
-129
-2
105
164
162
102
-21
-152
-164
-133
-43
108
226
153
-4
-129
-189
-137
-70
29
132
69
-53
-89
-137
-134
-94
-36
57
154
139
51
-36
-103
-156
-141
-55
3
-24
-42
-18
-75
-108
-120
-158
-145
-64
-21
18
-11
-68
-118
-154
-145
-71
16
51
44
19
-51
-106
-80
-50
4
60
101
76
13
-33
-33
-16
14
41
24
63
78
89
89
12
7
22
6
38
115
148
165
203
180
84
30
27
29
98
225
260
181
87
32
39
79
167
236
256
232
149
49
-9
23
63
124
179
207
199
137
66
-19
-41
8
49
101
181
189
154
97
30
-11
-17
19
46
125
147
114
46
-39
-79
-52
11
48
80
75
-33
-134
-157
-150
-99
-14
32
22
3
-33
-113
-140
-118
-113
-91
-33
17
3
-6
-12
-55
-80
-70
-62
-78
-53
-1
7
-17
-48
-53
-62
-47
-28
-8
11
-6
-2
-22
-27
2
20
6
-2
12
-8
26
71
96
76
52
39
23
29
55
96
132
144
95
40
6
1
26
114
168
155
135
83
12
-5
21
47
64
80
58
2
-54
-55
-52
-27
12
1
-10
-34
-43
-60
-95
-107
-115
-105
-69
-36
-24
-35
-88
-140
-172
-180
-151
-122
-89
-72
-97
-115
-120
-137
-153
-113
-55
-45
-25
-56
-118
-160
-171
-163
-130
-89
-96
-116
-124
-127
-123
-117
-101
-91
-87
-50
-31
-52
-71
-108
-143
-134
-83
-40
-23
-9
-31
-53
-60
-77
-69
-19
16
20
1
-20
-36
-47
-47
-34
14
58
58
59
32
-18
-61
-58
-27
2
37
58
74
103
92
48
30
30
34
59
138
167
117
77
36
6
-9
7
51
102
158
175
165
122
63
14
-3
40
86
128
162
159
110
42
-9
-17
-15
25
98
133
139
115
58
4
-16
0
24
60
93
66
25
-4
-31
-42
-14
32
41
28
6
-38
-55
-43
-9
11
13
20
8
-34
-67
-69
-48
-33
-39
-36
-31
-47
-79
-87
-60
-32
-9
19
17
-11
-25
-38
-32
26
71
85
87
65
37
-8
-19
19
61
102
112
105
88
63
27
7
12
46
84
107
105
81
49
20
35
67
86
113
113
74
50
50
43
43
72
88
79
58
40
21
16
24
32
68
90
67
21
-16
-39
-15
33
73
70
28
-24
-67
-92
-80
-58
-26
19
18
-10
-35
-40
-60
-59
-49
-51
-43
-37
-43
-69
-74
-67
-48
-36
-32
-45
-70
-70
-64
-51
-72
-101
-115
-115
-128
-142
-140
-132
-108
-86
-71
-73
-93
-110
-110
-100
-80
-59
-41
-47
-56
-47
-45
-49
-20
10
13
29
18
-2
-24
-52
-58
-43
-8
8
13
0
-11
-11
-6
19
54
74
96
92
67
35
17
23
36
55
70
77
52
24
9
5
17
28
39
50
35
0
-31
-51
-39
-18
4
19
13
-1
-14
-33
-52
-42
-23
-22
-16
-2
-22
-52
-59
-61
-52
-28
-18
-23
-18
-31
-44
-41
-32
-33
-29
-7
-20
-46
-49
-32
-18
4
9
-12
-21
-21
-28
-19
-8
-9
-9
-1
8
-4
-13
-13
-7
12
23
21
9
2
-13
-24
-11
13
33
49
64
54
38
13
-5
11
35
59
67
62
56
39
33
41
50
68
74
59
62
68
68
90
102
97
65
17
-2
-12
-7
31
49
44
44
31
4
6
10
10
38
69
74
52
28
-8
-36
-27
-11
15
36
44
18
-16
-28
-42
-42
-22
12
29
27
11
-21
-48
-59
-53
-32
-13
-20
-29
-43
-57
-75
-84
-56
-27
-24
-23
-20
-43
-67
-73
-65
-44
-10
-3
-11
-30
-50
-58
-55
-29
-13
-3
-6
-5
-15
-15
7
22
26
27
20
13
16
38
30
29
55
51
54
58
73
77
94
96
77
74
69
62
78
82
76
87
89
82
68
64
71
75
89
99
85
84
61
24
27
29
40
68
68
64
49
30
13
5
0
-3
13
27
34
20
-12
-51
-70
-54
-31
-15
3
6
-17
-30
-40
-61
-57
-35
-35
-38
-35
-46
-69
-75
-80
-97
-74
-51
-50
-51
-39
-65
-92
-103
-108
-100
-87
-68
-71
-53
-44
-47
-53
-51
-63
-67
-62
-63
-50
-35
-33
-41
-49
-57
-74
-80
-61
-39
-12
-3
-19
-48
-69
-66
-55
-34
-5
3
-17
-28
-43
-51
-46
-32
-7
7
22
21
2
-5
2
-5
-6
-7
-8
5
13
18
15
21
24
2
-2
20
36
43
42
40
31
22
12
13
31
47
61
58
38
23
13
16
36
54
50
41
14
-9
-13
-7
13
37
51
42
26
1
-34
-33
-21
-15
9
20
3
-32
-66
-82
-81
-52
-22
-1
8
-1
-29
-66
-79
-80
-74
-52
-28
-23
-29
-35
-45
-48
-48
-42
-16
0
13
14
18
16
13
24
27
40
46
39
44
53
51
50
58
68
78
85
90
78
67
69
66
64
69
74
72
77
71
71
74
70
74
75
80
63
49
40
44
56
52
43
36
35
30
27
36
35
20
17
13
10
6
-12
-20
-15
-10
-8
-17
-30
-31
-26
-18
-8
1
-2
-10
-11
-13
-12
-17
-22
-16
-17
-13
-6
-15
-18
-18
-22
-15
-2
8
9
5
-13
-36
-41
-37
-20
0
1
-11
-23
-32
-37
-27
-28
-15
-1
-3
3
4
-13
-29
-30
-24
-18
-16
-11
-8
-3
-3
-5
-9
-10
-19
-30
-22
-16
-18
-6
-2
-8
-12
-5
4
3
6
4
18
27
22
20
14
9
5
5
17
31
46
48
52
49
38
38
35
36
33
30
23
16
18
18
20
12
14
17
11
8
3
7
13
11
9
3
4
-4
0
-1
-8
-20
-35
-45
-70
-66
-51
-43
-42
-65
-76
-80
-81
-83
-71
-72
-74
-80
-88
-95
-97
-83
-70
-66
-68
-66
-77
-79
-65
-66
-57
-46
-57
-54
-69
-69
-58
-59
-58
-56
-50
-38
-28
-12
5
10
12
0
-3
-4
-2
13
29
36
41
34
18
15
16
22
33
29
38
32
32
38
40
47
56
60
56
46
29
25
28
38
57
57
50
50
41
38
35
37
38
33
35
34
27
28
32
29
18
15
21
18
17
13
3
-1
0
8
4
-5
-7
-18
-24
-14
-11
-16
-17
-13
-4
3
9
-6
-19
-31
-45
-46
-37
-36
-34
-31
-35
-47
-49
-46
-42
-28
-19
-14
-23
-39
-46
-46
-36
-28
-20
-19
-23
-24
-30
-31
-23
-17
-9
7
16
19
22
13
5
7
5
9
21
32
31
33
34
31
36
40
51
59
60
69
69
60
60
56
51
50
66
80
74
75
66
59
66
69
68
71
65
61
61
55
56
57
63
66
59
43
32
24
12
15
23
24
27
13
2
0
3
7
11
19
18
8
-2
-5
-11
-9
-3
2
7
5
-2
-12
-11
-13
-16
-13
-7
0
-1
1
-5
-14
-26
-20
-5
15
17
8
5
-4
-10
-13
-4
1
12
20
25
20
6
-9
-11
-4
5
14
14
12
15
2
4
3
1
5
5
6
4
15
11
6
8
14
12
10
15
11
9
10
15
11
15
22
9
2
-4
-15
-10
-9
-4
-4
-2
3
3
7
-4
-14
-10
-15
-17
-13
-9
-10
-10
-19
-28
-29
-29
-35
-36
-31
-29
-30
-32
-36
-21
-17
-12
-4
-12
-20
-29
-37
-40
-35
-34
-25
-27
-37
-50
-49
-56
-57
-40
-35
-45
-48
-50
-54
-54
-45
-46
-56
-57
-65
-76
-76
-79
-80
-79
-80
-76
-77
-85
-83
-83
-77
-65
-63
-57
-59
-66
-73
-71
-65
-63
-55
-43
-40
-41
-48
-63
-64
-60
-56
-46
-31
-27
-27
-25
-24
-27
-26
-20
-9
1
3
-1
-14
-17
-17
-3
8
15
22
18
21
20
20
13
15
24
29
31
33
29
24
12
7
10
5
14
26
37
30
16
13
6
11
25
32
42
42
40
35
31
26
25
29
41
41
31
22
23
27
25
35
27
26
22
25
25
16
15
12
16
26
33
36
45
43
39
32
24
27
35
45
48
54
52
39
41
46
56
73
77
76
66
62
63
60
55
60
71
83
82
75
70
70
71
78
86
89
91
89
81
80
88
91
92
91
84
88
84
71
67
76
85
82
79
78
71
68
67
71
65
60
55
43
44
41
37
33
39
41
36
32
30
21
17
22
14
3
0
-12
-20
-18
-28
-32
-32
-33
-35
-39
-48
-52
-50
-56
-58
-59
-64
-68
-67
-65
-67
-68
-73
-78
-81
-78
-80
-84
-81
-75
-66
-59
-59
-56
-57
-59
-58
-63
-64
-62
-52
-45
-41
-33
-40
-37
-30
-30
-26
-14
-14
-17
-16
-17
-22
-24
-19
-14
-8
-8
-9
-16
-17
-13
-8
-3
-1
-13
-16
-17
-23
-23
-25
-23
-24
-27
-31
-25
-25
-34
-34
-37
-40
-45
-51
-59
-55
-52
-38
-35
-37
-45
-55
-54
-62
-58
-54
-54
-54
-59
-64
-69
-69
-69
-63
-62
-60
-64
-73
-78
-82
-73
-55
-43
-41
-50
-67
-71
-65
-61
-68
-65
-51
-50
-45
-43
-53
-53
-51
-48
-52
-54
-58
-58
-54
-45
-35
-28
-14
-13
-15
-13
-13
-17
-19
-17
-14
-14
-9
-5
4
11
15
15
14
14
18
21
27
27
20
20
19
30
33
39
44
44
31
23
30
36
48
54
61
63
63
58
64
75
79
87
95
96
99
96
100
100
98
104
107
109
110
118
116
113
115
109
107
98
92
88
88
90
86
87
88
82
82
86
80
74
65
63
67
64
62
60
57
55
51
49
49
41
36
31
36
33
28
36
31
31
29
24
17
21
33
30
25
23
16
11
12
10
10
3
-8
-9
-5
-4
-8
-5
0
7
5
5
8
7
4
6
10
9
4
-4
-8
-9
-6
-8
-9
-8
-6
-7
2
10
6
3
1
2
2
6
9
17
14
8
-1
-7
-7
-11
-17
-16
-10
-7
-11
-23
-28
-26
-30
-25
-22
-16
-16
-21
-27
-42
-42
-39
-40
-41
-42
-41
-45
-54
-54
-51
-43
-43
-45
-47
-63
-73
-82
-83
-76
-74
-76
-71
-66
-74
-89
-90
-83
-84
-75
-71
-68
-78
-86
-91
-103
-99
-90
-86
-83
-83
-83
-82
-87
-83
-80
-73
-73
-75
-72
-75
-70
-72
-61
-52
-49
-42
-36
-38
-38
-32
-37
-33
-28
-18
-13
-15
-12
-13
-22
-21
-21
-16
-6
1
10
12
14
7
7
10
13
15
14
14
12
8
2
6
8
15
22
28
27
21
20
21
28
31
33
31
25
28
28
22
21
22
21
18
18
25
31
28
21
22
24
31
23
20
17
15
10
8
10
8
12
14
20
15
9
11
10
12
17
22
28
25
22
25
20
18
22
26
37
41
46
43
37
35
47
52
55
62
60
70
73
73
72
68
70
75
75
78
78
76
71
71
74
78
79
77
80
84
84
81
82
75
78
79
79
81
82
77
77
77
68
70
61
52
65
65
64
66
67
63
61
65
61
56
52
50
45
41
41
39
35
29
23
21
18
17
20
18
22
24
25
19
11
12
11
11
7
2
-6
-13
-21
-25
-32
-30
-30
-34
-28
-33
-33
-36
-41
-47
-50
-56
-61
-57
-62
-64
-66
-71
-74
-79
-81
-82
-71
-69
-71
-64
-71
-80
-81
-80
-83
-77
-68
-63
-63
-68
-64
-57
-58
-61
-56
-60
-57
-47
-55
-52
-50
-54
-51
-48
-41
-40
-41
-41
-42
-45
-52
-49
-43
-38
-35
-39
-31
-30
-30
-27
-28
-25
-29
-29
-33
-32
-32
-38
-37
-29
-24
-28
-29
-25
-31
-32
-35
-33
-37
-35
-37
-42
-41
-44
-45
-42
-33
-32
-34
-36
-39
-34
-34
-37
-32
-30
-25
-17
-20
-24
-27
-31
-26
-20
-27
-23
-25
-32
-35
-36
-30
-26
-29
-25
-19
-17
-17
-23
-27
-28
-27
-28
-22
-24
-17
-13
-15
-11
-8
-5
-3
-1
-9
-3
-4
-3
-2
-3
-1
-3
-6
2
11
16
23
23
24
22
18
21
17
23
36
41
55
58
50
50
58
61
65
61
61
64
57
63
60
61
61
65
64
70
79
79
78
75
74
74
74
75
69
63
56
61
59
60
69
73
78
75
66
60
54
54
61
61
60
56
47
38
38
41
44
47
36
38
36
32
33
26
27
28
26
37
38
26
23
23
22
23
20
12
14
15
12
17
18
17
19
18
15
12
8
6
6
12
16
18
17
11
10
9
5
8
6
4
8
7
0
-11
-15
-17
-16
-17
-7
-2
0
-4
-17
-18
-20
-19
-23
-30
-29
-27
-20
-21
-25
-30
-31
-24
-16
-13
-20
-30
-33
-37
-31
-24
-28
-26
-31
-33
-38
-42
-38
-39
-40
-42
-39
-37
-39
-40
-44
-47
-46
-47
-48
-49
-55
-48
-45
-48
-42
-39
-36
-29
-33
-33
-40
-45
-43
-43
-40
-35
-27
-33
-39
-48
-45
-44
-36
-36
-45
-47
-54
-53
-52
-48
-44
-39
-27
-25
-31
-33
-41
-44
-35
-30
-25
-27
-21
-21
-21
-18
-21
-15
-9
3
9
17
24
25
27
29
29
25
24
27
29
35
39
34
36
47
51
49
49
43
35
33
37
33
29
33
25
26
27
25
23
26
36
36
30
31
29
21
16
11
14
20
15
14
15
13
13
8
4
11
11
4
6
-5
-11
-11
-15
-12
-9
-13
-17
-18
-13
-7
-9
-10
-6
-9
-12
-16
-17
-15
-17
-17
-10
-2
1
-1
-3
-3
-4
-2
2
-3
-1
2
-6
-10
-12
-11
-10
-5
-3
2
10
14
16
15
13
16
19
22
25
26
26
26
26
22
21
31
27
30
35
32
32
23
22
19
23
26
22
17
19
16
15
15
14
13
14
14
12
7
13
19
19
27
25
23
26
25
29
33
33
34
34
27
26
25
24
28
39
38
30
26
23
20
17
11
14
20
23
23
15
13
9
12
6
0
-4
-8
-12
-20
-22
-23
-18
-20
-18
-13
-19
-17
-13
-14
-13
-21
-27
-24
-29
-35
-37
-35
-37
-38
-39
-47
-45
-42
-40
-33
-32
-32
-28
-28
-26
-25
-34
-34
-39
-44
-34
-29
-31
-28
-27
-24
-26
-30
-25
-17
-11
-15
-15
-14
-11
-14
-15
-14
-9
-12
-6
-4
-14
-13
-4
3
4
3
0
0
-3
-3
-1
0
-2
-2
3
5
6
4
4
1
8
7
7
8
3
1
-2
-2
4
3
2
1
-9
-13
-13
-18
-18
-11
-10
-8
-9
-9
-16
-24
-29
-23
-22
-16
-14
-19
-24
-25
-21
-26
-16
-13
-14
-8
-3
4
1
-6
-15
-17
-10
-10
-1
4
3
0
8
9
7
16
11
17
10
9
7
7
12
10
18
23
20
24
35
34
41
40
40
44
34
28
24
20
26
37
43
54
59
53
44
47
43
42
48
51
48
45
45
42
41
40
42
44
47
41
33
33
30
33
27
30
22
15
20
16
17
14
20
18
12
15
16
9
7
4
-7
-4
-1
2
4
3
-1
-7
-10
-14
-15
-18
-11
-15
-13
-6
-13
-13
-14
-12
-16
-15
-17
-20
-18
-18
-11
-10
-10
-10
-15
-19
-21
-24
-19
-14
-8
-3
-4
-9
-11
-14
-9
-2
1
5
7
7
0
-9
-16
-20
-20
-20
-14
-21
-19
-17
-17
-16
-21
-17
-16
-14
-15
-21
-25
-24
-24
-19
-16
-15
-16
-15
-19
-21
-26
-31
-35
-36
-27
-24
-25
-30
-28
-30
-33
-33
-34
-36
-35
-33
-34
-37
-35
-29
-28
-24
-21
-23
-23
-23
-28
-34
-36
-32
-30
-24
-24
-23
-23
-19
-16
-16
-14
-13
-17
-13
-12
-20
-22
-22
-18
-15
-8
-6
-3
-8
-6
-3
-7
-3
5
8
12
11
1
4
8
5
8
9
1
0
6
6
8
6
3
0
7
12
5
-5
-7
-3
-2
8
19
25
23
20
14
13
16
13
13
12
18
20
18
22
22
26
26
28
34
34
39
36
31
31
34
32
36
38
35
40
39
39
35
36
35
33
30
27
28
33
40
36
32
27
33
30
32
32
30
27
28
32
32
32
23
20
18
15
18
26
27
29
25
16
14
7
14
11
22
22
15
11
3
7
2
5
8
13
15
9
10
8
3
0
7
10
6
5
4
-1
-7
-8
-2
-2
2
3
1
2
5
7
9
8
9
4
-1
2
1
2
9
10
7
4
1
3
6
3
6
9
11
15
15
10
9
6
9
6
5
4
-3
-2
-5
-5
-10
-13
-17
-11
-10
-8
-6
-12
-12
-13
-22
-22
-25
-27
-27
-23
-26
-31
-27
-31
-28
-28
-24
-29
-30
-32
-38
-29
-28
-25
-25
-32
-37
-33
-33
-35
-34
-33
-34
-37
-38
-36
-35
-47
-57
-56
-63
-61
-55
-57
-50
-52
-49
-40
-33
-33
-31
-31
-32
-30
-33
-37
-38
-39
-35
-29
-30
-29
-31
-29
-23
-26
-30
-20
-13
-10
-13
-10
-6
-6
-6
-2
3
-1
2
2
2
4
6
4
0
0
2
-2
3
6
13
13
15
23
14
14
16
18
16
16
16
4
3
4
9
7
5
6
11
9
7
7
1
-2
-4
-3
-12
-16
-17
-9
-11
-8
0
-8
-9
-7
-6
-5
-7
-15
-18
-24
-23
-20
-15
-13
-12
-8
-9
-5
1
3
0
-6
-2
-4
-8
-4
2
7
10
9
4
3
2
10
17
21
26
34
37
44
47
44
47
47
53
55
54
58
60
61
61
65
65
66
71
70
68
65
66
60
63
65
62
58
51
49
56
60
62
68
59
55
51
49
45
40
45
39
40
39
38
41
38
38
35
33
30
19
15
12
16
21
21
16
13
18
20
16
11
9
8
8
11
13
13
8
0
1
-5
-3
-1
1
-3
-5
-4
-5
4
4
3
11
7
2
6
1
2
1
1
-9
-8
-9
-8
-9
-9
-11
-10
-3
-8
-14
-20
-22
-28
-23
-29
-34
-32
-35
-39
-37
-37
-34
-32
-36
-35
-43
-41
-37
-42
-47
-51
-52
-44
-46
-43
-36
-37
-44
-46
-47
-44
-44
-48
-46
-41
-36
-38
-37
-37
-29
-26
-35
-36
-38
-42
-38
-33
-29
-22
-19
-16
-18
-17
-26
-34
-33
-32
-28
-30
-30
-29
-30
-27
-25
-22
-20
-21
-16
-7
-6
-10
-12
-15
-18
-13
-9
-5
-3
-8
-10
-8
-10
-7
-4
-5
-6
-6
-7
-12
-9
-16
-15
-7
4
7
2
-7
-14
-12
-19
-16
-13
-14
-19
-22
-27
-26
-16
-14
-10
-6
-2
5
6
7
0
-6
-8
-7
2
3
4
9
3
9
7
3
4
8
16
21
23
20
21
19
16
11
12
25
29
31
28
30
30
24
27
31
30
31
25
26
23
17
20
16
19
21
24
25
27
25
26
22
14
17
23
20
21
24
20
25
18
17
19
22
21
17
11
4
4
10
13
7
8
8
8
10
12
14
6
6
12
8
5
1
1
-5
-4
5
0
-1
0
1
3
4
8
9
8
5
7
12
12
11
10
17
15
14
11
10
11
20
29
26
26
29
31
30
36
32
34
29
26
24
28
33
30
32
34
34
32
29
31
35
33
31
29
29
25
20
22
24
23
22
21
27
23
18
12
11
16
14
14
12
8
5
4
6
3
-4
-4
-3
-10
-13
-19
-25
-28
-22
-20
-18
-16
-19
-30
-37
-43
-43
-40
-35
-34
-34
-31
-36
-34
-39
-41
-42
-45
-51
-46
-44
-44
-43
-47
-53
-53
-50
-48
-47
-45
-45
-52
-56
-50
-34
-36
-34
-33
-41
-39
-36
-37
-33
-32
-36
-38
-45
-48
-45
-48
-46
-40
-34
-29
-31
-31
-34
-37
-31
-21
-18
-17
-19
-14
-16
-21
-22
-21
-15
-15
-9
-12
-7
-10
-7
-1
3
8
7
18
20
25
26
22
22
19
11
6
2
7
11
10
14
18
19
20
16
17
13
14
14
11
12
14
13
5
2
4
11
11
10
11
13
16
16
12
9
7
11
13
14
14
14
15
13
17
25
21
20
22
26
23
21
23
25
28
21
16
15
11
15
13
14
10
6
14
11
6
7
7
12
19
23
20
22
16
4
7
3
4
6
10
8
6
9
5
9
11
13
14
10
7
7
8
10
10
3
6
8
7
14
19
17
12
11
9
9
2
1
1
1
3
3
7
7
5
2
2
1
4
3
6
2
-1
4
1
4
3
1
9
17
16
20
20
20
18
15
16
15
12
9
6
4
7
8
14
8
15
19
10
14
9
7
6
6
8
3
1
7
6
8
12
12
8
5
3
5
10
10
11
-3
-4
-5
-2
2
-3
-3
-7
-6
-13
-9
-8
-5
-6
-11
-11
-10
-6
-8
-4
-5
-5
-5
-7
-6
-4
-4
-1
-6
-3
-10
-9
-7
-13
-17
-17
-15
-17
-12
-5
-6
-8
-1
5
-3
-4
1
2
7
1
0
-5
-13
-10
-6
-6
-7
-6
6
4
-1
0
-1
-2
-9
-14
-14
-17
-23
-28
-20
-15
-16
-20
-24
-17
-26
-22
-17
-14
-16
-18
-17
-17
-13
-16
-16
-15
-15
-17
-13
-14
-16
-19
-17
-14
-13
-9
-7
-9
-8
-12
-14
-11
-12
-17
-16
-20
-22
-18
-19
-18
-15
-10
-8
-2
0
-3
-6
-12
-16
-16
-22
-23
-21
-17
-14
-10
-4
-4
-6
-4
3
3
-1
-2
-6
-7
-4
2
-4
-4
2
8
14
14
15
12
7
4
-4
-6
-3
0
0
3
2
2
4
6
7
6
0
-1
0
-3
-1
5
6
1
0
0
4
4
4
3
3
-3
-7
-4
-2
5
8
9
7
8
6
9
10
13
16
12
16
12
4
2
0
1
8
14
16
12
12
16
15
15
22
29
26
18
12
11
7
7
7
8
18
14
17
17
18
20
22
26
25
21
20
23
17
16
19
28
36
28
22
29
36
39
39
40
32
25
27
29
26
31
27
24
33
38
39
38
37
34
30
26
24
18
20
21
22
28
26
23
24
25
19
17
21
15
8
3
-2
2
9
14
20
17
16
12
10
5
-1
0
1
3
0
-4
-11
-23
-21
-18
-19
-12
-9
-9
-9
-8
-11
-18
-18
-19
-24
-21
-15
-17
-18
-22
-27
-22
-17
-18
-19
-11
-5
-1
0
-7
-9
-12
-17
-17
-12
-16
-12
-13
-14
-4
-5
-8
-14
-14
-15
-22
-21
-18
-18
-18
-17
-25
-22
-27
-30
-29
-26
-25
-25
-28
-33
-28
-31
-35
-25
-33
-36
-30
-29
-32
-33
-34
-32
-28
-27
-26
-33
-36
-40
-38
-39
-38
-37
-39
-45
-39
-40
-52
-43
-43
-42
-38
-36
-29
-29
-29
-19
-14
-17
-19
-17
-20
-22
-25
-28
-24
-30
-28
-25
-23
-23
-25
-25
-17
-16
-16
-16
-14
-12
-15
-12
-11
-4
-5
2
2
-3
-9
-11
-14
-18
-15
-21
-14
-15
-10
-1
2
4
2
-2
6
4
-2
-3
-5
-7
-2
0
7
11
12
19
20
25
30
29
30
32
30
32
33
27
25
33
33
37
32
32
37
34
35
40
42
47
49
48
47
43
46
53
51
48
60
52
46
41
31
34
27
30
29
30
35
36
31
36
40
39
41
38
31
24
20
23
26
23
17
17
17
20
22
18
22
27
27
26
19
12
9
4
3
5
9
6
7
12
10
15
13
16
12
4
9
6
8
9
2
4
5
10
15
24
29
31
24
24
20
15
15
12
14
13
13
12
19
16
9
11
12
13
14
11
6
0
-2
-5
-3
-5
-6
-9
-11
-6
-8
-5
-5
-12
-16
-22
-21
-22
-21
-16
-18
-18
-15
-18
-22
-21
-26
-30
-33
-29
-29
-24
-15
-15
-14
-5
-7
-16
-16
-19
-20
-20
-23
-26
-29
-32
-30
-31
-33
-34
-31
-22
-26
-30
-28
-24
-22
-20
-22
-23
-27
-28
-24
-28
-22
-18
-18
-16
-6
-6
-14
-8
-8
-7
-8
-8
-10
-9
-4
-8
-4
1
3
-1
-5
0
-1
2
3
1
1
1
-3
-2
4
0
1
5
4
0
2
-1
-4
-4
-9
-3
3
-2
-1
-4
-4
-5
-13
-12
-10
-5
1
3
4
3
4
-5
-5
-7
-14
-11
-11
-8
-9
-8
-6
-3
-1
-4
3
9
0
2
0
-2
-6
-8
-8
-10
-13
-23
-20
-17
-18
-15
-13
-12
-15
-18
-20
-20
-24
-25
-24
-29
-23
-23
-33
-33
-28
-29
-20
-14
-17
-16
-17
-16
-16
-11
-10
-13
-16
-8
-1
-4
-7
-12
-3
4
2
2
5
5
7
7
4
5
11
14
20
15
11
8
8
14
13
11
14
16
20
19
17
16
12
21
31
36
38
30
22
24
26
25
23
21
22
19
22
22
18
17
18
18
20
23
20
18
23
23
25
30
26
21
19
19
25
30
27
29
26
24
25
27
25
28
32
28
21
19
24
26
30
33
31
29
25
22
34
38
36
32
25
27
26
18
20
22
14
13
18
20
28
25
23
22
13
8
12
14
9
10
4
1
-1
-5
-10
-13
-1
5
9
13
6
0
-2
0
-2
0
-3
-10
-6
-9
-8
-13
-17
-12
-2
3
9
9
9
8
5
3
-3
-7
-4
-10
-7
-4
-16
-16
-14
-12
-8
-6
-6
-11
-14
-22
-21
-27
-29
-26
-27
-23
-31
-26
-22
-16
-15
-12
-14
-12
-14
-18
-18
-22
-20
-15
-6
-11
-11
-13
-16
-13
-15
-8
-15
-12
-12
-15
-14
-19
-26
-30
-25
-23
-14
-11
-14
-21
-27
-25
-17
-17
-16
-24
-26
-19
-20
-21
-25
-18
-15
-20
-23
-23
-24
-23
-26
-22
-18
-19
-5
1
-1
2
5
-1
5
0
-17
-25
-24
-20
-23
-21
-27
-8
-7
-10
-2
-4
-6
-5
-3
-7
-6
-10
-18
-24
-26
-31
-24
-20
-23
-21
-23
-22
-15
-10
-14
-22
-27
-26
-26
-26
-30
-32
-26
-28
-21
-17
-19
-21
-26
-20
-19
-13
-14
-14
-16
-25
-19
-12
-17
-16
-15
-16
-12
-9
-12
-8
-4
-8
-7
-2
-2
-1
6
5
11
10
7
10
9
11
11
6
4
2
4
1
2
4
9
16
20
20
21
21
22
35
37
39
30
31
26
27
30
26
35
37
39
38
37
38
42
41
36
39
41
44
40
42
46
42
41
43
43
43
44
36
41
46
44
49
52
45
40
37
40
49
49
45
46
44
38
36
34
39
40
40
38
37
30
24
24
24
32
35
34
31
24
21
24
26
21
19
21
22
23
18
9
5
10
14
19
15
11
9
1
3
5
7
1
0
-4
-10
-6
-10
-7
-1
-5
-5
0
-2
-3
-5
-5
-6
-8
-8
-8
-8
-9
-3
-1
6
4
-1
-2
-6
-1
2
6
3
-1
-5
1
4
0
1
-3
0
-2
1
2
-3
-4
-10
-13
-8
-12
-12
-14
-15
-15
-14
-17
-22
-29
-23
-24
-25
-18
-27
-28
-36
-37
-33
-42
-45
-51
-49
-52
-47
-51
-50
-49
-51
-43
-44
-42
-39
-43
-43
-41
-41
-42
-46
-45
-42
-42
-41
-38
-38
-39
-31
-28
-29
-35
-43
-36
-29
-21
-20
-23
-23
-20
-9
-11
-14
-11
-11
-13
-17
-12
-18
-14
-14
-10
-7
-7
-9
-16
-14
-14
-5
-8
-12
-12
-14
-14
-16
-14
-22
-26
-25
-22
-14
-8
-6
-3
-1
1
0
0
-5
-3
3
1
4
2
-8
-9
-11
-10
-5
-6
1
6
9
7
8
2
-1
4
4
-1
0
-7
-7
4
8
8
5
2
2
-3
-9
-9
-4
5
8
13
7
5
1
-2
4
7
15
17
18
12
7
5
6
12
15
20
24
29
26
18
13
9
13
16
23
26
23
16
19
22
26
23
27
24
19
23
16
21
27
30
28
23
26
23
21
22
23
22
28
38
37
44
44
44
42
41
41
37
38
45
46
47
45
43
41
37
43
42
40
36
36
31
24
28
33
33
32
29
25
22
18
18
13
13
15
11
10
9
15
9
5
8
4
0
3
5
-2
-5
1
-3
-4
-1
-4
-9
-9
-9
-10
-4
-13
-13
-9
-8
-8
-9
-8
-10
-5
-1
-2
-8
-10
-11
-11
-14
-18
-7
-9
-1
-4
-9
-13
-10
-6
-3
-2
-5
-2
-4
-3
-3
1
-7
-5
-7
-1
3
-3
2
1
-1
-8
-5
-8
-12
-16
-23
-25
-23
-25
-21
-20
-20
-10
-11
-13
-17
-18
-17
-22
-22
-22
-23
-20
-14
-10
-14
-17
-13
-17
-15
-9
-7
-4
-5
-9
-13
-17
-25
-19
-19
-28
-25
-26
-23
-20
-25
-27
-32
-33
-39
-41
-47
-45
-37
-38
-38
-40
-42
-44
-49
-48
-48
-45
-46
-41
-35
-35
-36
-31
-27
-24
-25
-26
-21
-21
-24
-30
-32
-34
-31
-26
-25
-23
-19
-18
-12
-6
-6
-4
-8
-11
-10
-1
6
4
5
-1
1
-3
-2
5
2
8
10
9
12
10
10
7
8
11
20
25
26
26
24
22
24
23
22
29
37
35
40
34
32
28
29
35
42
44
42
48
40
41
35
34
37
34
38
36
32
31
33
29
30
33
35
25
16
24
29
30
22
26
27
31
39
38
38
33
37
42
36
37
34
36
39
39
41
37
30
27
30
32
38
41
42
36
32
27
21
17
11
10
12
14
12
18
15
11
12
7
0
1
-1
-3
-7
-5
-15
-19
-15
-24
-25
-29
-26
-22
-19
-19
-21
-21
-22
-12
-7
-9
-17
-22
-21
-23
-23
-24
-27
-27
-29
-24
-26
-30
-26
-26
-21
-18
-17
-17
-20
-21
-21
-19
-11
-8
-5
-10
-13
-9
-11
-19
-20
-15
-15
-11
-14
-19
-15
-7
-6
-2
0
-3
-9
-12
-6
0
1
2
1
4
6
1
3
0
-1
-5
-8
-12
-9
-5
-4
-3
-1
-4
-12
-10
-14
-11
-15
-15
-13
-9
-3
-7
-7
-9
-13
-13
-14
-19
-20
-22
-25
-27
-30
-26
-20
-16
-13
-15
-6
-3
-1
0
-7
-8
-8
-3
2
-2
-3
1
3
-1
-1
4
5
1
7
8
8
7
3
0
3
4
7
11
11
7
4
4
6
5
3
1
5
6
-6
-4
-4
-2
-4
-3
4
1
1
-4
-5
-9
-12
-9
-10
-3
-7
-8
-15
-18
-16
-18
-13
-15
-18
-20
-18
-21
-24
-29
-31
-25
-32
-33
-32
-34
-31
-27
-22
-17
-15
-18
-14
-17
-16
-17
-16
-9
-7
-2
-3
-4
-5
-2
5
8
16
16
13
12
4
0
4
15
18
20
28
32
41
42
40
41
38
33
26
23
28
25
30
33
31
36
30
34
37
37
38
37
40
40
39
31
22
22
21
28
27
31
35
32
32
24
23
26
20
23
18
14
15
18
14
8
13
19
25
30
29
23
20
15
16
8
9
8
7
8
-5
-16
-25
-19
-23
-23
-25
-25
-24
-21
-21
-24
-21
-24
-19
-20
-14
-14
-19
-20
-24
-19
-19
-23
-20
-22
-26
-22
-14
-16
-21
-13
-6
-6
-9
-8
-9
-14
-6
-9
-7
-4
-11
-9
-6
2
8
5
-1
4
1
1
-1
-6
-13
-15
-15
-9
-6
-6
-2
-7
-1
2
2
-2
0
0
-7
-10
-10
-14
-14
-10
-6
-3
-4
-4
-3
-4
-2
3
-1
-3
-5
-4
0
1
-5
-4
-5
-5
1
8
7
13
18
19
11
15
16
11
8
3
9
10
8
13
27
33
31
24
20
19
18
18
19
21
21
25
21
16
14
8
11
10
9
8
2
2
-4
-4
-6
-7
3
2
4
-1
-2
-6
-12
-16
-18
-16
-12
-10
-16
-17
-16
-14
-23
-29
-31
-25
-30
-33
-27
-27
-28
-30
-27
-24
-27
-29
-16
-13
-11
-9
-17
-16
-21
-22
-25
-32
-25
-21
-13
-14
-12
-8
-18
-17
-7
-10
-11
-12
-18
-18
-12
-12
-9
-7
-6
1
3
6
3
-1
-2
-8
1
1
9
9
0
-1
-2
-7
-10
-11
-3
11
15
17
15
9
6
8
4
3
12
16
10
8
8
10
12
16
18
6
1
2
0
11
14
13
16
19
18
19
18
12
12
8
10
8
6
6
9
8
4
8
10
10
13
10
9
14
9
10
8
12
8
2
2
-5
-3
10
15
18
23
17
17
14
9
14
15
9
12
14
15
15
12
9
11
13
13
10
11
8
1
-4
-12
-9
-4
-9
-5
-1
6
12
10
10
9
2
-1
-4
-7
-6
-9
-4
-4
3
3
-1
-4
-5
-6
-3
0
0
7
0
-2
2
-6
-5
-3
-3
0
5
16
13
8
8
5
-1
3
2
0
0
-2
-2
-6
-11
-6
2
4
18
20
8
-2
-3
4
5
5
4
7
11
18
19
19
21
24
22
19
17
13
22
16
10
9
14
14
18
19
23
30
33
30
24
31
37
38
33
29
19
11
16
15
14
12
5
1
-4
-7
0
11
13
9
3
0
-4
-9
-10
-10
-6
-7
-11
-22
-22
-26
-25
-28
-24
-24
-28
-21
-24
-23
-25
-27
-18
-25
-30
-27
-35
-33
-30
-30
-29
-32
-35
-32
-35
-37
-35
-40
-34
-38
-36
-31
-31
-28
-36
-30
-37
-36
-36
-29
-28
-28
-20
-21
-22
-21
-17
-24
-18
-17
-14
-7
-9
-10
-15
-15
-20
-19
-16
-16
-20
-21
-22
-21
-19
-15
-11
-10
-7
-8
-5
-9
-2
2
5
1
-6
-2
-7
-8
-7
-5
0
1
-3
-4
-3
4
5
6
9
9
3
0
-12
-6
-9
-13
0
-1
1
-2
-4
4
5
10
13
10
13
11
8
11
11
16
19
20
21
23
18
23
23
22
25
23
23
23
25
21
25
23
22
22
21
22
19
22
19
19
14
17
25
19
17
12
7
7
8
15
17
15
11
11
8
6
4
4
5
2
-1
-2
3
7
7
7
11
11
16
19
23
28
18
11
4
-2
-2
-9
-4
0
8
12
16
17
14
22
26
28
24
21
19
22
17
18
24
17
18
22
26
22
23
23
22
21
21
26
25
22
21
28
27
33
34
29
29
23
27
23
17
18
12
13
10
7
-1
5
10
8
7
5
3
5
6
3
1
-4
-5
-12
-16
-17
-15
-21
-17
-11
-6
-6
-9
-3
-10
-6
-7
0
-4
-13
-16
-22
-23
-26
-19
-20
-17
-19
-20
-22
-20
-19
-17
-10
-10
-12
-5
-7
-12
-12
-13
-18
-16
-15
-23
-22
-20
-23
-22
-26
-27
-22
-19
-14
-18
-24
-23
-22
-29
-30
-27
-29
-26
-20
-16
-14
-11
-14
-14
-12
-19
-9
-8
-12
-10
-18
-18
-20
-18
-17
-14
-10
-14
-13
-10
-9
-14
-23
-26
-34
-37
-36
-32
-30
-32
-29
-35
-36
-40
-48
-44
-39
-39
-35
-37
-37
-45
-44
-40
-36
-27
-28
-31
-32
-35
-36
-30
-34
-41
-42
-36
-33
-28
-24
-19
-22
-17
-11
-12
-4
-9
-4
1
7
9
7
2
-5
5
7
9
-1
1
10
10
10
17
17
9
10
11
16
21
17
11
14
11
8
12
12
9
10
15
13
14
18
15
16
15
22
29
30
28
22
30
30
25
24
22
25
34
30
24
21
18
20
22
23
29
25
19
20
13
10
7
8
6
10
12
14
18
18
11
16
12
7
11
6
13
7
7
10
15
23
31
34
31
28
26
27
22
27
20
17
27
27
29
34
35
36
44
43
44
46
41
40
40
35
31
29
33
39
43
46
39
39
41
40
39
38
38
37
38
27
26
28
30
33
33
36
30
31
34
32
29
24
26
20
16
14
10
13
10
12
14
15
15
17
16
13
8
4
9
5
1
-4
-4
0
1
-1
-2
-4
-12
-15
-19
-27
-34
-34
-30
-26
-13
-9
-7
-9
-5
2
6
2
4
3
2
-1
-4
-6
-4
-2
-3
1
-4
-7
-5
0
3
9
10
3
-3
-4
-7
-6
-2
-11
-10
-9
-10
-7
-11
-6
-7
-20
-26
-27
-24
-26
-31
-35
-37
-27
-26
-28
-23
-18
-27
-34
-36
-40
-43
-43
-40
-37
-41
-37
-45
-43
-43
-51
-41
-41
-45
-52
-59
-67
-70
-66
-64
-71
-73
-70
-67
-63
-57
-63
-61
-56
-59
-65
-67
-66
-63
-61
-65
-62
-66
-64
-59
-53
-44
-30
-31
-37
-33
-33
-41
-36
-40
-39
-34
-37
-36
-34
-35
-28
-34
-38
-33
-32
-27
-26
-20
-20
-20
-18
-17
-15
-12
-10
-5
-5
-4
-3
-6
-8
-5
-5
-3
0
0
7
6
8
12
18
22
29
30
31
29
33
34
35
34
37
50
49
53
50
44
47
50
51
54
57
56
51
48
45
50
50
57
65
58
58
59
57
59
59
58
63
64
62
64
63
64
64
56
61
60
57
55
53
57
54
48
50
46
45
49
39
40
42
39
40
37
35
37
40
37
35
42
42
45
45
48
43
36
31
34
37
31
30
35
36
41
41
39
42
40
38
45
45
39
35
29
27
25
24
24
19
14
15
11
11
7
10
12
10
9
3
6
-4
-6
4
-2
-7
-5
-10
-14
-17
-20
-17
-17
-18
-12
-8
-3
-4
-6
-9
-9
-9
-9
-5
-14
-22
-23
-18
-16
-12
-11
-9
-7
-4
-11
-10
-15
-15
-7
-10
-12
-15
-12
-13
-15
-16
-17
-18
-24
-20
-18
-20
-23
-23
-17
-20
-18
-15
-24
-24
-30
-36
-37
-38
-38
-36
-46
-44
-39
-50
-51
-49
-43
-45
-49
-56
-59
-60
-59
-61
-66
-65
-70
-69
-69
-66
-60
-61
-61
-61
-56
-60
-62
-55
-62
-64
-62
-62
-56
-61
-60
-57
-62
-69
-70
-66
-59
-49
-46
-41
-39
-43
-44
-42
-40
-40
-33
-39
-44
-46
-47
-44
-41
-34
-35
-22
-18
-19
-20
-21
-19
-23
-18
-18
-14
-11
-14
-10
-5
-1
2
2
-5
-7
-4
-2
0
1
6
7
5
8
11
14
14
17
17
21
31
27
26
25
23
16
13
14
18
23
21
26
32
38
41
39
37
40
38
33
36
30
31
34
39
40
39
46
52
60
63
62
58
58
55
53
49
46
51
52
54
58
53
52
52
58
59
55
54
53
48
47
45
47
47
39
42
39
42
45
41
54
60
51
51
48
47
41
40
33
29
33
36
41
38
38
40
38
33
29
30
29
30
34
29
34
36
31
34
28
24
23
19
11
9
7
14
15
16
10
10
13
5
-2
2
8
4
9
11
8
6
-3
-11
-11
-13
-8
2
11
10
1
-1
-3
-2
0
6
4
4
3
12
13
5
-3
-10
-9
-8
-5
0
5
8
4
0
-2
-10
-8
-3
-1
0
-1
1
-3
-10
-16
-8
-4
-7
-8
-10
-17
-15
-16
-23
-23
-24
-25
-25
-30
-29
-18
-23
-20
-19
-27
-23
-28
-34
-32
-34
-36
-33
-39
-41
-40
-43
-43
-34
-32
-29
-25
-32
-39
-40
-42
-38
-37
-39
-35
-35
-35
-40
-38
-38
-36
-35
-30
-26
-27
-24
-29
-32
-36
-32
-28
-23
-27
-32
-31
-33
-28
-29
-27
-29
-25
-26
-32
-37
-46
-42
-43
-41
-38
-38
-37
-32
-31
-25
-23
-29
-31
-36
-43
-48
-51
-46
-44
-32
-21
-20
-15
-21
-28
-32
-30
-28
-34
-30
-30
-37
-43
-44
-43
-44
-35
-23
-23
-20
-18
-19
-13
-15
-15
-14
-10
-10
-12
-16
-12
-8
-7
1
1
9
10
9
8
11
7
7
2
-5
-3
2
5
15
15
14
19
22
27
21
29
24
20
15
8
11
10
15
24
30
31
34
27
24
23
27
28
31
34
32
31
31
32
31
35
46
49
51
54
56
55
51
50
45
39
40
36
37
43
46
50
51
56
52
54
59
54
55
54
50
45
48
55
58
52
50
51
51
56
55
54
47
44
49
51
57
54
55
55
53
51
53
53
47
53
51
45
41
44
37
35
44
44
47
44
42
46
38
33
31
29
27
26
23
17
16
15
16
19
15
6
0
6
3
7
14
19
17
14
14
6
0
-8
-10
-12
-9
-6
-16
-18
-21
-28
-24
-29
-26
-20
-21
-16
-17
-21
-28
-32
-27
-29
-37
-37
-34
-32
-24
-30
-37
-40
-43
-40
-34
-30
-23
-21
-28
-25
-30
-29
-29
-29
-32
-35
-32
-35
-34
-32
-28
-31
-31
-31
-38
-35
-25
-25
-29
-30
-28
-38
-40
-37
-39
-42
-42
-42
-43
-47
-44
-35
-37
-31
-27
-33
-32
-38
-39
-37
-40
-43
-42
-39
-36
-36
-36
-31
-37
-36
-34
-41
-43
-47
-47
-42
-50
-52
-46
-55
-55
-44
-40
-37
-32
-33
-29
-30
-38
-38
-36
-39
-38
-35
-36
-30
-30
-25
-27
-27
-18
-19
-18
-22
-20
-23
-18
-17
-12
-12
-16
-9
-7
-1
1
-1
0
-1
-9
-5
2
5
-2
-5
-3
-1
7
8
15
15
11
17
21
18
18
14
11
12
13
16
20
28
29
36
34
29
29
32
34
37
36
29
31
30
35
36
36
34
30
30
28
33
35
35
36
36
41
42
44
38
39
40
44
53
57
56
52
55
53
51
41
37
41
47
53
58
52
52
47
47
54
48
51
44
36
32
31
30
25
23
28
36
41
40
33
26
21
27
24
18
12
3
4
9
11
7
1
-3
1
-3
-2
-1
-3
-10
-12
-5
-6
-9
-9
-8
-6
3
3
4
3
3
6
4
0
-9
-14
-16
-18
-10
-9
-12
-6
-9
-5
3
8
13
12
4
-4
-10
-14
-15
-13
-5
-7
-4
-5
-8
-9
-9
-10
-14
-10
-9
-7
-6
-9
-11
-11
-10
-4
-7
-1
-2
-6
-8
-12
-14
-21
-20
-18
-23
-17
-19
-14
-10
-12
-10
-11
-10
-9
-13
-14
-11
-9
-11
-11
-6
-6
-3
-10
-10
-3
-4
-6
-8
-12
-20
-23
-23
-25
-21
-14
-19
-21
-20
-24
-22
-19
-13
-13
-14
-16
-22
-14
-16
-13
-2
-6
-11
-10
-16
-25
-23
-20
-27
-22
-25
-20
-18
-16
-7
-7
-10
-16
-12
-15
-7
-4
-9
-18
-24
-24
-24
-24
-24
-19
-15
-8
0
2
1
3
8
9
6
5
-4
-8
-14
-14
-9
-3
0
-1
4
6
14
16
14
13
12
9
8
7
0
2
8
6
9
6
1
4
2
-2
-6
-5
-1
-3
-6
-6
-2
-1
0
-2
1
2
1
-8
-11
-7
-15
-18
-17
-18
-16
-10
-8
-16
-21
-20
-16
-10
-8
-9
-5
-11
-11
-9
-9
-11
-9
-10
-7
-5
-6
-6
-3
11
3
5
7
7
8
11
12
16
19
23
34
33
30
34
36
36
36
36
34
31
35
29
28
28
34
29
28
30
30
34
27
25
24
21
15
14
8
6
11
9
8
9
11
11
-1
-4
-9
-12
-10
-6
-4
-5
-6
-15
-19
-23
-27
-27
-24
-23
-27
-28
-27
-27
-26
-22
-17
-15
-9
-13
-14
-7
-10
-12
-17
-12
-6
-9
-17
-18
-13
-9
0
3
7
6
13
14
12
14
8
-4
-5
0
1
5
12
14
17
25
32
34
36
38
38
39
30
24
22
21
24
25
26
30
25
28
33
31
34
36
33
30
29
25
24
23
24
26
28
32
29
25
28
24
21
21
21
22
18
10
8
9
9
8
7
7
4
5
3
2
-3
-4
-5
-5
-3
-1
0
3
4
2
7
12
4
-3
2
0
3
-1
-3
1
-1
1
-1
-6
-4
-3
-1
-1
5
2
-3
0
-3
-5
-10
-12
-8
-5
-6
-4
-6
-3
-4
-10
-13
-14
-10
-16
-10
-12
-12
-15
-14
-13
-18
-19
-26
-23
-24
-25
-27
-26
-20
-22
-25
-19
-23
-19
-20
-25
-17
-12
-19
-21
-22
-25
-25
-28
-31
-34
-40
-43
-46
-45
-45
-50
-51
-51
-50
-48
-45
-45
-41
-37
-33
-32
-35
-43
-39
-33
-41
-43
-44
-43
-33
-27
-29
-31
-29
-26
-33
-29
-23
-19
-14
-19
-18
-19
-21
-14
-10
-6
-4
-9
-10
-9
-6
-2
-3
-7
-2
-4
-6
-7
-6
-10
-12
-8
0
-1
-4
-3
-9
-6
-8
-6
-6
1
4
10
10
8
9
8
5
-2
2
-1
-9
-6
-6
-5
-3
-7
3
11
14
17
15
13
12
18
23
23
25
24
19
18
22
31
29
23
23
24
26
27
34
33
31
34
36
35
36
37
40
43
41
43
42
42
44
41
39
42
46
45
48
50
48
51
50
41
39
36
35
39
46
41
41
35
32
29
30
41
44
40
39
35
35
35
34
29
28
29
29
24
20
20
14
24
23
25
23
16
18
18
11
16
8
11
14
9
6
-3
-1
4
2
5
10
6
10
7
6
8
12
15
16
18
12
18
22
27
23
25
20
13
13
11
13
16
17
21
21
25
25
20
22
18
24
22
18
21
26
22
18
17
15
12
4
8
9
5
5
-1
-5
-8
-3
-1
-5
-10
-12
-11
-13
-14
-18
-20
-20
-22
-20
-23
-30
-31
-34
-36
-35
-32
-41
-40
-38
-37
-34
-37
-40
-40
-44
-47
-46
-51
-52
-48
-48
-44
-37
-37
-36
-44
-42
-33
-35
-24
-26
-28
-37
-52
-48
-41
-38
-41
-43
-42
-39
-36
-35
-41
-40
-45
-37
-31
-28
-27
-29
-26
-28
-26
-27
-21
-17
-17
-20
-29
-31
-30
-27
-24
-20
-16
-16
-22
-27
-32
-33
-33
-41
-40
-40
-39
-43
-45
-47
-47
-48
-50
-46
-40
-46
-49
-51
-56
-58
-57
-50
-41
-39
-40
-39
-41
-39
-38
-39
-37
-29
-21
-18
-25
-31
-33
-39
-36
-31
-28
-23
-23
-18
-10
-7
-4
-1
-5
-4
0
3
5
11
15
18
16
14
16
17
22
19
21
30
27
32
33
31
31
28
35
31
35
39
38
42
40
44
44
47
53
54
51
51
57
56
52
42
44
47
49
49
58
59
61
64
60
61
58
62
57
61
64
53
59
61
59
57
59
59
59
62
63
65
71
71
71
73
78
78
73
69
69
70
66
64
63
61
61
51
57
62
57
60
54
52
42
37
38
34
38
29
19
16
8
1
2
9
11
9
3
0
5
5
4
1
1
2
4
6
-1
-1
-3
-10
-12
-16
-18
-15
-17
-22
-24
-26
-32
-29
-33
-33
-28
-34
-33
-34
-36
-35
-36
-34
-36
-38
-38
-36
-43
-39
-33
-29
-26
-29
-29
-29
-27
-25
-26
-20
-13
-7
-4
-6
-13
-13
-15
-14
-10
-17
-14
-9
-4
-3
0
-1
-2
1
-10
-10
-17
-18
-12
-12
-10
-10
-10
-14
-18
-21
-17
-17
-19
-24
-33
-30
-27
-29
-32
-30
-35
-30
-29
-43
-43
-48
-52
-53
-47
-44
-41
-39
-44
-44
-45
-52
-45
-40
-43
-39
-40
-38
-41
-47
-52
-50
-48
-49
-45
-40
-43
-43
-49
-50
-54
-49
-54
-55
-46
-45
-45
-44
-34
-30
-28
-24
-19
-28
-36
-35
-33
-34
-26
-25
-19
-18
-16
-15
-14
-11
0
7
7
7
9
10
10
11
11
19
19
26
27
24
18
19
18
21
26
28
19
17
21
18
24
26
27
32
33
30
36
34
32
29
22
27
24
26
23
26
33
30
39
39
37
37
36
31
26
24
20
19
23
19
14
18
23
27
29
30
36
35
32
36
36
35
30
28
31
30
28
26
29
28
33
27
26
23
22
21
16
18
20
25
26
29
34
38
38
37
39
37
33
38
36
35
34
32
37
27
20
18
14
18
19
21
23
23
22
20
20
15
11
11
-3
-2
1
-2
0
2
3
2
0
-6
-5
-3
7
13
8
12
12
14
18
20
20
16
21
14
16
22
15
12
9
11
16
15
21
28
27
21
15
15
9
5
7
7
6
2
-2
1
-2
-2
-7
-12
-14
-21
-22
-20
-17
-22
-25
-26
-19
-7
-8
1
2
3
2
-3
-10
-16
-19
-20
-17
-20
-19
-23
-22
-25
-21
-18
-20
-24
-19
-16
-21
-29
-34
-39
-44
-41
-38
-32
-35
-37
-37
-40
-38
-38
-39
-44
-44
-30
-33
-37
-41
-40
-42
-40
-30
-26
-20
-22
-25
-23
-21
-19
-18
-17
-10
-10
-10
-7
-12
-13
-11
-4
-3
-11
-19
-24
-24
-24
-21
-23
-15
-12
-8
-5
-11
-16
-17
-20
-23
-22
-27
-28
-30
-29
-31
-33
-34
-32
-27
-34
-33
-33
-29
-29
-30
-36
-37
-40
-42
-34
-28
-27
-28
-23
-25
-27
-24
-29
-27
-30
-27
-24
-25
-23
-20
-20
-18
-14
-13
0
5
3
2
2
-3
-7
-5
-6
1
9
12
19
17
10
13
17
18
24
28
25
27
21
19
20
22
20
29
42
40
45
48
42
34
36
32
40
47
44
56
63
57
60
60
56
52
52
55
53
52
46
42
39
40
37
31
36
39
41
39
36
27
21
14
16
18
21
24
22
25
20
16
12
20
21
18
22
18
21
15
14
13
7
8
9
13
11
18
21
22
22
21
24
19
12
14
14
8
11
14
22
29
28
27
32
26
24
27
20
14
7
5
9
16
19
16
23
22
22
24
20
17
15
21
25
18
10
7
0
-2
-2
0
-3
-4
-6
-2
-4
-7
-6
-11
-11
-9
-19
-17
-13
-16
-13
-9
-6
-9
-10
-14
-17
-17
-14
-22
-24
-22
-21
-15
-17
-13
-6
-6
-7
-11
-12
-15
-21
-29
-34
-33
-31
-26
-26
-17
-12
-14
-10
-9
-5
-11
-9
-12
-11
-10
-13
-11
-12
-7
-4
-3
-2
-1
-6
-3
3
2
1
-4
-6
-6
-3
-1
0
-6
-10
-7
-7
-8
-13
-19
-24
-23
-19
-20
-24
-24
-19
-19
-17
-19
-20
-19
-24
-21
-23
-20
-19
-33
-39
-42
-39
-42
-38
-44
-38
-38
-40
-35
-38
-38
-44
-40
-39
-40
-48
-49
-48
-47
-36
-40
-43
-42
-38
-36
-33
-28
-29
-32
-36
-35
-31
-28
-28
-30
-22
-24
-32
-29
-33
-39
-37
-36
-31
-26
-21
-16
-14
-10
-14
-8
-8
-11
-7
-5
-4
0
-4
-2
-2
-1
3
4
8
7
10
13
11
15
20
20
18
14
15
18
21
20
19
16
19
25
21
24
18
15
19
15
13
16
16
23
27
29
33
30
30
26
26
26
21
24
25
27
30
29
32
34
30
33
33
34
40
44
50
45
43
36
34
40
40
41
39
41
42
41
42
48
40
35
36
40
41
35
37
34
41
39
40
37
40
36
32
33
27
27
22
20
12
17
12
17
20
14
22
20
19
14
10
8
8
5
6
3
7
2
-4
-7
-13
-11
-10
-3
-1
-4
-4
-6
-5
-2
-4
-3
1
-4
-2
-8
-9
-10
-5
2
2
8
1
-5
2
5
11
11
5
14
11
14
15
15
14
13
20
22
14
10
9
7
14
18
22
30
28
31
35
32
28
22
17
21
22
22
25
28
22
20
23
27
34
28
27
17
8
9
-2
-5
-5
-7
-1
0
-6
-8
-5
-8
-9
-14
-17
-23
-29
-33
-38
-37
-43
-42
-36
-38
-36
-32
-30
-38
-40
-46
-53
-52
-55
-54
-59
-53
-49
-46
-46
-47
-50
-50
-47
-49
-48
-48
-49
-50
-46
-47
-47
-38
-34
-37
-34
-30
-27
-28
-33
-40
-35
-34
-36
-32
-27
-29
-23
-15
-15
-15
-11
-15
-11
-10
-14
-15
-18
-16
-16
-12
-9
-13
-15
-21
-16
-15
-13
-15
-32
-32
-35
-35
-37
-43
-40
-36
-32
-33
-21
-26
-33
-30
-22
-23
-23
-19
-19
-26
-14
-17
-20
-19
-25
-25
-13
-5
-6
1
-2
-6
-8
-6
-6
-6
-6
-4
-1
-4
-6
-9
-12
-7
-8
-9
-5
-2
6
8
11
15
16
14
13
8
9
11
7
10
15
20
19
18
22
27
25
24
26
29
36
31
23
27
28
28
35
35
35
33
38
39
38
36
35
33
33
34
23
18
18
27
28
27
29
29
27
29
29
28
22
19
19
21
17
18
22
21
30
33
30
29
28
30
31
34
33
33
34
35
37
42
43
39
43
44
47
52
53
52
51
49
45
46
43
50
57
56
54
54
51
51
58
53
54
50
47
47
40
36
32
33
41
40
44
44
42
37
36
42
37
37
32
29
26
25
26
29
26
25
24
21
22
23
17
16
12
8
8
14
8
3
-1
-4
-1
-14
-14
-10
-2
2
-4
-6
-11
-15
-15
-19
-19
-16
-12
-16
-23
-22
-27
-26
-24
-27
-24
-24
-28
-33
-35
-44
-47
-42
-45
-41
-33
-34
-37
-42
-47
-42
-45
-51
-55
-56
-53
-52
-52
-51
-54
-54
-57
-56
-57
-54
-56
-63
-62
-63
-65
-62
-60
-55
-60
-57
-52
-53
-55
-64
-62
-58
-59
-58
-57
-62
-66
-60
-58
-61
-64
-73
-71
-72
-68
-64
-58
-54
-46
-57
-66
-65
-59
-49
-49
-44
-49
-53
-50
-51
-57
-53
-48
-49
-44
-37
-39
-36
-43
-44
-42
-36
-26
-30
-30
-27
-23
-22
-24
-21
-17
-10
-5
1
8
6
10
13
10
8
0
2
3
5
12
15
20
22
23
27
27
20
21
18
19
23
22
25
29
31
34
32
27
31
34
40
33
28
30
28
30
27
32
38
39
41
44
40
43
41
36
33
31
26
30
28
19
23
27
35
40
45
45
35
36
39
39
43
45
45
45
36
35
38
33
37
40
43
36
35
35
37
40
43
39
35
39
32
30
29
29
31
41
47
48
46
49
42
44
50
51
48
46
49
53
48
45
48
48
47
45
51
56
59
50
56
58
56
58
48
50
49
55
54
48
52
48
45
35
32
37
39
40
40
46
39
43
48
44
44
40
40
42
40
36
33
33
25
26
34
37
33
32
25
25
30
24
25
21
20
19
19
17
11
7
8
10
5
8
2
-9
-8
-8
-3
-9
-16
-19
-26
-24
-26
-25
-26
-26
-21
-20
-24
-26
-28
-31
-43
-44
-44
-42
-38
-43
-43
-53
-48
-50
-56
-54
-49
-45
-45
-50
-57
-60
-64
-69
-60
-59
-62
-62
-70
-77
-75
-76
-75
-69
-67
-67
-64
-67
-70
-69
-72
-67
-64
-65
-70
-71
-75
-80
-76
-73
-70
-64
-66
-63
-62
-58
-53
-57
-57
-62
-64
-70
-66
-65
-61
-61
-59
-52
-56
-50
-47
-50
-46
-45
-48
-50
-44
-43
-44
-41
-41
-38
-32
-31
-31
-28
-33
-35
-38
-38
-36
-31
-26
-26
-22
-22
-18
-14
-14
-11
-7
-4
-6
-8
-3
-12
-12
-9
-6
1
0
-2
-3
5
7
8
2
1
4
6
3
-6
-4
-9
-14
-8
2
5
8
10
13
13
17
19
15
17
15
10
1
2
10
14
18
19
21
26
26
23
16
25
24
26
32
34
42
38
40
42
48
45
46
41
39
46
43
48
44
43
48
50
49
38
41
39
40
43
47
49
51
52
49
47
41
44
36
36
41
48
48
48
49
50
59
64
68
71
68
68
69
69
66
62
55
58
60
64
71
57
61
60
48
42
39
39
39
52
60
57
50
50
52
55
54
56
52
54
50
52
56
45
43
43
47
52
52
53
55
57
52
51
43
43
43
35
41
40
39
38
37
37
34
30
30
34
32
27
26
23
17
17
16
16
11
7
7
5
0
-2
-5
-6
-7
-7
-3
-9
-12
-9
-6
-10
-15
-13
-12
-12
-18
-23
-23
-28
-40
-36
-34
-37
-40
-40
-40
-38
-38
-44
-45
-47
-47
-47
-50
-48
-56
-61
-64
-63
-63
-65
-67
-66
-62
-61
-62
-60
-57
-57
-64
-69
-73
-76
-75
-72
-74
-74
-81
-82
-84
-88
-81
-77
-72
-74
-72
-70
-63
-61
-59
-54
-55
-53
-50
-53
-51
-61
-58
-55
-60
-53
-55
-51
-53
-46
-37
-43
-46
-45
-40
-38
-41
-45
-41
-44
-42
-32
-35
-33
-40
-41
-43
-37
-36
-43
-35
-30
-29
-29
-26
-25
-22
-29
-24
-23
-21
-17
-23
-29
-29
-32
-28
-20
-23
-19
-20
-16
-15
-16
-17
-9
-4
-4
1
-2
-1
-1
0
4
8
11
15
13
5
5
9
9
12
12
13
15
20
24
21
25
22
26
32
39
37
28
35
31
31
29
33
37
39
44
46
48
49
49
43
45
48
50
45
36
35
36
29
34
34
33
34
36
34
27
30
27
30
26
19
27
24
25
30
35
40
39
43
42
40
42
42
40
39
35
31
30
34
32
37
43
45
52
51
47
49
49
50
54
54
58
49
41
38
36
38
40
46
47
51
45
49
52
51
47
42
44
41
42
42
42
49
45
42
46
47
47
44
43
41
36
35
30
31
30
30
28
27
30
29
34
34
36
29
19
17
18
19
26
23
16
17
7
10
15
15
13
16
15
18
11
16
12
11
10
5
1
-7
-4
0
-3
-4
-6
-7
-7
-11
-10
-14
-17
-19
-15
-22
-21
-20
-20
-19
-21
-25
-40
-43
-45
-49
-47
-47
-49
-51
-53
-49
-49
-44
-51
-58
-50
-54
-45
-38
-39
-37
-39
-42
-40
-42
-51
-58
-61
-59
-65
-53
-55
-60
-51
-53
-51
-52
-50
-44
-50
-49
-53
-57
-54
-57
-57
-63
-70
-68
-65
-65
-68
-62
-55
-58
-57
-56
-59
-53
-46
-47
-50
-53
-57
-55
-48
-42
-41
-46
-54
-53
-56
-60
-56
-46
-38
-32
-33
-31
-35
-39
-33
-27
-22
-18
-20
-19
-18
-16
-17
-17
-17
-20
-12
-3
1
-1
-3
1
0
9
10
4
6
4
3
1
5
0
2
5
11
13
18
21
19
26
30
31
25
26
23
15
13
9
18
13
17
23
24
30
31
31
28
27
26
26
27
24
20
21
19
16
19
28
33
31
23
25
22
21
25
23
20
23
26
25
27
26
24
18
25
28
36
38
30
34
36
42
44
41
37
38
38
42
41
40
47
46
46
46
46
46
51
43
40
44
38
42
45
35
29
31
29
27
25
29
33
37
41
35
35
34
33
27
26
26
21
24
23
17
14
18
22
18
20
19
16
13
16
19
13
14
15
16
26
28
21
22
19
10
8
7
8
11
15
17
14
17
17
19
15
14
15
15
18
15
18
20
24
17
16
14
16
18
20
30
25
29
34
30
29
30
23
30
32
26
25
17
13
11
13
9
11
6
5
8
9
2
-3
-2
-7
-8
-15
-13
-9
-4
-7
-7
-7
-12
-15
-16
-11
-14
-19
-19
-24
-25
-26
-30
-31
-32
-29
-34
-43
-33
-37
-40
-41
-45
-43
-43
-35
-36
-37
-35
-32
-29
-28
-28
-38
-45
-45
-49
-54
-51
-57
-54
-50
-51
-49
-54
-58
-56
-51
-56
-54
-50
-54
-59
-56
-59
-55
-51
-54
-51
-46
-45
-47
-46
-52
-54
-46
-41
-39
-43
-38
-36
-36
-31
-30
-29
-27
-24
-26
-25
-24
-32
-29
-19
-17
-17
-18
-25
-25
-18
-15
-12
-15
-12
-6
-7
-14
-14
-12
-7
-3
-2
2
4
3
3
1
0
1
0
1
1
-1
-2
-4
2
6
11
16
17
19
15
16
17
17
23
6
5
0
-1
2
-4
-2
1
8
7
9
-5
-7
-8
-7
-4
-5
4
5
9
12
11
8
7
11
16
23
25
20
28
26
27
29
29
33
29
31
33
36
32
24
23
26
29
20
16
23
20
22
20
19
21
22
24
22
24
24
21
20
26
32
31
26
23
16
22
24
15
12
14
12
5
5
5
12
18
12
17
18
21
25
19
21
18
12
14
15
16
16
17
19
25
33
34
35
30
33
35
32
31
26
26
29
28
24
26
31
38
37
37
37
36
36
42
45
43
37
31
33
33
41
35
32
38
37
40
39
35
25
24
24
23
26
22
22
23
18
21
17
11
5
5
4
1
-3
-7
-17
-21
-20
-20
-24
-24
-23
-16
-14
-13
-7
-9
-17
-20
-19
-21
-28
-33
-39
-41
-31
-32
-27
-24
-27
-20
-19
-20
-17
-18
-19
-23
-25
-21
-28
-34
-35
-28
-30
-38
-34
-30
-30
-31
-33
-32
-31
-36
-34
-31
-24
-19
-18
-18
-15
-11
-13
-7
-9
-8
-8
-6
-7
-4
-6
-8
-6
-8
-13
-13
-6
-7
-8
-9
-9
-9
-14
-13
-14
-11
-14
-16
-7
-4
0
1
-3
-5
-10
-11
-8
-11
-10
-13
-21
-15
-4
-2
3
-1
-4
-5
-10
-10
-4
-10
-9
-11
-14
-20
-25
-23
-28
-26
-33
-33
-30
-29
-27
-27
-28
-33
-42
-42
-41
-36
-35
-36
-34
-36
-30
-28
-35
-49
-55
-53
-45
-39
-44
-40
-34
-31
-27
-17
-20
-18
-16
-17
-23
-28
-31
-28
-31
-32
-23
-25
-22
-21
-19
-16
-6
-6
-7
-6
-7
-8
-3
1
2
4
2
-1
3
5
2
4
17
12
6
12
10
13
17
17
17
28
28
28
26
25
27
31
36
33
29
28
27
33
32
34
38
37
44
49
50
52
49
47
54
56
57
58
51
45
42
48
50
50
52
55
51
54
47
46
47
42
48
49
54
53
47
47
43
44
41
48
51
52
54
51
47
43
42
40
38
40
45
44
43
40
35
37
42
39
37
32
29
26
26
31
29
27
21
19
19
19
7
8
9
3
11
9
6
8
6
2
5
6
2
-2
-2
-7
-9
-3
-12
-7
-1
-3
2
3
3
5
4
0
-2
-6
-9
-18
-14
-20
-22
-23
-22
-16
-12
-12
-16
-15
-16
-17
-20
-18
-18
-16
-22
-22
-20
-15
-11
-13
-15
-19
-26
-26
-22
-18
-15
-12
-10
-3
-3
-4
-3
-8
-6
-5
-4
0
-4
-10
-7
-12
-22
-24
-27
-28
-25
-26
-25
-25
-30
-34
-36
-32
-32
-34
-33
-38
-35
-39
-41
-43
-45
-46
-43
-46
-45
-42
-50
-51
-52
-55
-53
-47
-40
-39
-39
-39
-38
-32
-32
-28
-29
-31
-35
-41
-41
-40
-38
-38
-36
-30
-34
-33
-35
-39
-25
-20
-26
-18
-19
-23
-25
-24
-23
-23
-22
-19
-23
-31
-32
-33
-33
-26
-31
-31
-25
-29
-26
-26
-35
-37
-39
-38
-31
-29
-30
-25
-23
-27
-24
-19
-10
-9
-9
-8
-7
-9
-8
-11
-12
-13
-14
-9
-7
-7
-13
-6
-2
-5
-5
0
4
7
2
2
-1
1
7
5
15
19
18
23
26
33
33
30
29
25
26
29
34
31
27
28
24
19
22
31
41
40
39
45
47
45
46
49
47
49
51
49
45
44
47
41
42
48
48
53
61
61
59
58
52
49
51
52
51
51
51
44
43
46
41
47
45
41
45
48
50
55
55
52
54
45
43
43
40
36
40
44
42
47
48
46
38
35
30
33
40
40
37
35
41
39
36
33
37
38
42
46
33
32
29
32
35
36
28
20
19
18
21
16
12
6
9
5
9
15
11
8
1
9
10
7
3
-3
-3
1
10
4
-5
-1
7
15
14
13
11
9
3
-2
1
-8
-12
-8
-15
-13
-13
-7
-4
-6
0
-5
-9
-12
-14
-14
-19
-17
-22
-25
-27
-23
-23
-22
-21
-25
-23
-31
-28
-24
-28
-36
-36
-37
-44
-46
-46
-50
-54
-62
-64
-58
-61
-61
-62
-59
-64
-65
-63
-69
-67
-66
-67
-62
-67
-71
-67
-62
-61
-68
-69
-70
-66
-70
-65
-63
-62
-59
-54
-50
-51
-50
-55
-59
-57
-56
-53
-52
-51
-49
-50
-41
-41
-43
-34
-35
-32
-34
-39
-38
-39
-43
-48
-42
-38
-42
-45
-46
-42
-38
-36
-32
-32
-26
-25
-28
-25
-23
-27
-23
-23
-33
-32
-30
-29
-27
-31
-29
-23
-20
-14
-14
-13
-18
-23
-24
-27
-21
-17
-18
-15
-27
-23
-21
-21
-17
-7
-2
3
2
7
13
7
6
13
15
12
19
12
11
15
14
19
13
12
15
18
26
26
27
26
26
28
34
36
35
41
39
44
47
47
50
40
40
45
41
41
47
53
51
57
64
64
65
64
67
66
64
65
65
63
60
66
70
73
77
80
81
83
82
90
85
77
77
80
81
78
80
83
81
79
76
79
78
77
80
79
79
76
75
68
62
64
72
74
73
67
62
59
56
51
48
47
44
33
29
31
34
44
45
35
35
41
38
39
35
29
24
18
15
8
8
1
6
9
7
7
9
11
13
22
21
9
5
4
5
3
-4
-1
-1
-2
-2
-3
-6
-10
-16
-13
-9
-9
-2
-3
-8
-14
-23
-25
-30
-32
-30
-27
-32
-30
-33
-41
-46
-56
-56
-52
-50
-47
-40
-48
-47
-46
-47
-43
-41
-34
-33
-30
-36
-40
-45
-42
-40
-43
-43
-48
-54
-50
-48
-47
-48
-46
-41
-37
-38
-43
-44
-52
-54
-54
-53
-58
-61
-64
-74
-71
-72
-67
-62
-62
-59
-58
-60
-63
-66
-66
-67
-62
-59
-62
-65
-77
-79
-73
-68
-74
-75
-75
-77
-68
-63
-66
-61
-63
-69
-65
-70
-72
-76
-77
-76
-72
-70
-67
-63
-64
-57
-52
-52
-52
-49
-48
-48
-49
-48
-50
-46
-37
-35
-37
-39
-39
-39
-33
-32
-35
-24
-18
-17
-11
-15
-23
-18
-12
-9
-5
-5
-9
-12
-10
-8
-4
0
6
10
14
16
15
15
18
22
23
22
25
30
31
33
31
31
31
39
47
52
57
53
56
58
64
72
75
80
82
84
85
85
90
86
80
81
92
93
96
102
103
107
104
114
112
112
113
108
113
110
116
110
110
114
113
115
106
105
96
95
92
95
94
91
93
95
99
93
92
88
80
75
64
59
55
46
41
40
38
40
42
42
46
45
37
31
30
29
28
21
15
10
3
6
2
-3
5
3
8
4
0
3
1
3
-1
-1
2
-1
-7
-6
-2
-8
-12
-8
-5
1
-2
-2
4
2
0
-1
3
6
6
2
-6
-5
-10
-9
-5
-9
-10
-21
-20
-19
-17
-14
-15
-13
-16
-11
-6
-9
-9
-13
-18
-22
-20
-22
-25
-26
-27
-19
-18
-26
-28
-29
-29
-28
-26
-24
-26
-26
-25
-20
-29
-38
-37
-40
-37
-41
-45
-53
-61
-55
-53
-51
-50
-45
-47
-50
-51
-50
-55
-56
-51
-56
-64
-64
-64
-69
-72
-76
-80
-78
-73
-73
-73
-71
-73
-74
-72
-73
-69
-63
-66
-65
-70
-78
-80
-80
-73
-78
-73
-69
-69
-66
-71
-68
-67
-60
-57
-55
-52
-56
-51
-50
-46
-43
-42
-40
-41
-43
-42
-39
-43
-38
-40
-40
-41
-39
-43
-44
-45
-45
-41
-39
-36
-36
-33
-33
-34
-34
-35
-29
-23
-18
-22
-18
-18
-23
-26
-24
-21
-12
-4
-5
5
1
6
13
15
18
20
17
8
9
10
17
22
34
39
42
42
36
35
32
40
46
45
42
37
44
43
40
38
42
48
47
49
53
50
45
46
45
52
56
61
70
70
70
72
65
62
64
69
80
74
70
67
64
66
72
76
70
70
78
76
76
76
74
79
70
66
67
64
71
72
68
66
62
67
72
62
69
65
62
66
68
72
68
61
51
47
45
45
44
43
43
43
51
49
40
42
41
41
44
40
40
39
35
38
40
41
39
32
38
43
37
35
33
33
33
34
32
24
22
26
27
24
27
26
23
27
25
33
24
21
21
20
31
33
28
21
15
18
11
12
15
5
10
2
5
1
-9
-11
-13
-2
5
5
0
-8
-11
-14
-9
-14
-17
-24
-28
-28
-31
-35
-35
-39
-43
-45
-44
-45
-43
-40
-45
-43
-51
-51
-55
-64
-66
-64
-71
-74
-72
-75
-77
-74
-69
-74
-70
-70
-70
-65
-72
-68
-66
-72
-77
-83
-83
-84
-78
-79
-79
-74
-70
-67
-66
-63
-67
-64
-66
-65
-66
-70
-70
-66
-64
-57
-63
-70
-65
-64
-61
-54
-51
-47
-44
-52
-57
-68
-67
-64
-64
-61
-60
-54
-55
-53
-52
-54
-51
-52
-48
-42
-42
-48
-50
-51
-55
-54
-50
-49
-44
-40
-38
-38
-35
-33
-29
-33
-34
-28
-29
-25
-29
-30
-29
-25
-21
-24
-19
-15
-15
-12
-9
-11
-7
1
2
-2
1
-2
-1
7
7
7
11
11
2
-2
-2
3
6
8
15
18
18
14
11
13
22
23
18
18
22
22
25
28
29
31
35
34
35
41
42
48
53
60
64
63
60
58
59
65
71
77
77
84
80
77
82
75
79
81
84
84
82
78
73
81
74
76
83
82
85
83
87
78
78
80
79
80
82
79
73
77
71
62
56
58
61
63
68
64
59
57
59
57
56
60
56
53
57
61
59
59
51
45
51
53
51
51
52
48
53
55
46
40
39
40
35
32
33
27
30
29
28
24
23
25
15
16
11
11
0
0
-3
-7
-9
-8
-2
-5
0
-1
-3
-1
-5
-16
-18
-19
-19
-16
-15
-23
-22
-23
-26
-30
-26
-22
-22
-16
-21
-23
-18
-23
-31
-34
-40
-41
-38
-41
-39
-44
-41
-47
-53
-49
-48
-49
-55
-57
-55
-50
-51
-48
-46
-47
-50
-51
-47
-49
-48
-46
-53
-52
-50
-50
-54
-53
-46
-46
-46
-51
-46
-43
-40
-37
-39
-36
-35
-29
-32
-36
-36
-40
-36
-37
-40
-35
-27
-30
-33
-34
-38
-32
-35
-39
-36
-38
-38
-39
-43
-42
-41
-46
-43
-42
-45
-43
-43
-42
-46
-50
-55
-50
-47
-46
-43
-47
-50
-48
-47
-51
-50
-50
-48
-46
-43
-46
-45
-44
-47
-48
-40
-47
-46
-40
-42
-30
-30
-35
-30
-26
-24
-23
-20
-18
-12
-17
-14
-13
-17
-12
3
10
7
3
0
3
8
11
15
23
21
23
32
29
42
41
42
40
38
39
43
37
31
35
40
45
40
50
56
65
65
69
73
73
75
72
71
75
70
65
64
61
70
69
73
69
67
61
56
60
67
64
59
52
56
63
63
69
61
57
55
59
61
57
54
46
44
42
41
37
35
33
28
30
29
28
24
24
25
22
14
8
8
6
9
9
5
-4
-9
-8
-8
-6
-2
-2
3
-2
-7
-6
-5
-7
-9
-12
-6
-4
-11
-9
-6
-7
-6
-6
-8
-8
-4
-6
-6
-5
-6
-4
-9
-8
-4
-2
-5
-5
-9
-4
4
6
4
1
2
0
-3
-5
-6
-8
-9
-12
-7
-8
-3
3
-3
2
1
-2
-3
-4
-10
-13
-18
-26
-28
-19
-11
-8
-7
-6
-2
-5
-5
-3
4
6
5
1
-7
-10
-16
-15
-13
-4
1
-1
-1
-6
-6
-6
-5
1
5
0
1
0
-3
-6
0
-2
-2
-2
1
9
6
9
6
0
-3
0
-2
0
4
2
-6
-9
-7
-12
-13
-11
-12
-10
-10
-13
-12
-15
-14
-9
-9
-16
-21
-25
-27
-24
-24
-29
-31
-33
-38
-42
-44
-43
-42
-41
-43
-47
-50
-47
-46
-49
-46
-45
-53
-46
-40
-42
-47
-50
-56
-54
-46
-44
-39
-37
-33
-31
-28
-23
-22
-25
-21
-19
-22
-25
-31
-41
-38
-30
-22
-16
-12
-8
-2
11
11
13
11
6
7
6
4
-5
0
9
12
13
8
12
12
9
9
14
19
23
20
12
7
6
10
13
18
24
17
11
7
9
9
11
14
16
22
22
28
25
23
23
19
17
12
14
19
22
20
21
18
15
13
13
8
8
5
-1
1
4
9
10
7
0
0
9
10
10
12
11
14
11
3
-3
1
3
11
12
14
18
18
23
16
17
14
15
15
13
15
10
17
15
8
14
16
22
20
22
15
13
18
15
16
11
14
13
11
9
0
-1
0
6
9
12
12
14
18
19
20
17
18
17
12
12
14
15
12
12
11
7
3
8
7
5
13
18
24
27
23
16
12
11
10
11
14
12
8
10
8
6
10
17
23
22
36
34
27
28
27
27
24
19
23
26
23
24
32
34
33
33
31
32
29
35
26
22
22
19
19
18
19
15
14
10
10
10
11
12
9
4
7
2
0
-1
-3
-2
-9
-14
-16
-16
-18
-21
-28
-33
-35
-35
-34
-33
-36
-45
-42
-39
-43
-42
-47
-42
-42
-47
-49
-43
-44
-44
-38
-48
-46
-42
-40
-37
-31
-34
-36
-30
-30
-30
-26
-29
-29
-30
-28
-16
-21
-19
-18
-21
-20
-14
-9
-1
-1
-6
-1
4
5
8
15
11
10
7
7
3
1
3
3
-1
2
3
7
10
11
12
3
-4
-3
-7
-2
-5
-12
-16
-22
-21
-22
-25
-26
-19
-20
-21
-22
-25
-26
-26
-20
-23
-22
-20
-23
-23
-25
-29
-31
-33
-31
-30
-36
-28
-20
-16
-19
-17
-20
-19
-15
-15
-8
-7
-4
-5
-6
-12
-18
-13
-8
-3
2
10
12
3
-3
4
4
5
9
12
15
11
6
7
2
1
8
15
14
10
10
1
0
5
-4
-7
-2
-3
-3
-2
-1
0
5
7
15
19
19
20
16
12
14
18
14
12
12
13
13
11
7
12
11
17
19
19
12
7
7
5
13
13
13
15
16
16
13
19
20
18
21
23
23
29
22
21
10
11
16
18
26
26
32
29
34
34
24
21
16
16
16
17
16
18
17
17
9
6
11
13
18
20
21
22
21
16
10
11
10
2
-2
-2
0
6
8
13
8
4
3
1
5
5
-3
-8
-11
-10
-13
-11
-13
-16
-7
-2
-3
-1
7
-2
-4
-10
-12
-14
-7
1
3
3
-4
-1
1
8
10
9
5
6
7
10
10
10
19
17
18
16
22
27
19
16
15
10
11
11
12
9
11
16
25
31
31
31
35
32
28
22
20
19
15
14
4
2
1
7
9
10
14
15
14
12
15
6
-4
-2
-4
-6
-3
0
0
1
3
3
8
2
-2
-1
1
0
-3
-6
-6
-5
-8
-8
-11
-3
-1
-4
-1
-6
-17
-20
-24
-26
-24
-26
-23
-29
-25
-20
-22
-25
-28
-29
-30
-29
-30
-26
-26
-29
-33
-27
-21
-26
-30
-33
-29
-28
-23
-26
-28
-31
-31
-25
-22
-21
-24
-32
-29
-27
-32
-22
-18
-24
-27
-20
-27
-35
-31
-27
-24
-23
-18
-16
-18
-22
-18
-22
-21
-20
-18
-22
-23
-33
-27
-26
-31
-25
-25
-34
-36
-25
-26
-18
-22
-26
-27
-22
-23
-20
-18
-28
-26
-29
-33
-30
-31
-28
-28
-29
-30
-31
-33
-29
-21
-19
-12
-13
-16
-15
-10
-6
-6
-5
-9
-18
-19
-17
-9
0
3
1
3
7
10
14
13
13
15
20
25
23
23
18
18
24
28
31
22
25
25
27
26
30
33
33
36
34
38
39
40
38
37
34
34
35
27
22
24
24
32
39
32
36
36
37
38
39
34
30
33
26
25
26
27
23
25
26
33
36
37
34
29
36
37
37
35
37
36
37
38
38
38
37
40
47
51
50
48
48
52
56
64
63
58
57
55
54
48
50
55
48
52
52
48
52
49
52
48
47
49
46
39
29
28
28
22
26
23
21
18
19
10
17
13
9
11
9
11
9
13
10
12
8
2
1
-4
-10
-4
-7
-10
-13
-21
-28
-18
-13
-23
-22
-27
-30
-30
-30
-30
-32
-31
-34
-38
-36
-35
-32
-32
-29
-30
-26
-26
-30
-36
-39
-38
-46
-47
-44
-42
-45
-39
-41
-38
-31
-33
-40
-39
-39
-43
-42
-46
-48
-52
-51
-52
-53
-55
-59
-51
-44
-42
-40
-45
-51
-54
-57
-51
-52
-51
-42
-42
-40
-47
-46
-45
-42
-39
-39
-34
-39
-50
-50
-53
-54
-47
-48
-45
-40
-37
-35
-40
-45
-47
-38
-33
-35
-31
-33
-34
-29
-30
-33
-26
-22
-22
-17
-13
-16
-17
-18
-24
-25
-28
-30
-25
-23
-22
-26
-33
-32
-35
-34
-29
-25
-24
-22
-23
-31
-25
-23
-23
-23
-26
-27
-31
-27
-20
-17
-14
-7
-7
-6
-4
-8
-7
-2
2
9
6
-1
-3
-8
-13
-6
2
-2
2
6
11
17
21
22
21
21
26
30
25
21
18
11
14
20
20
25
33
36
39
44
46
45
47
53
55
55
52
55
50
48
53
55
57
55
58
62
70
70
70
73
76
77
79
77
76
80
79
77
79
75
75
75
78
74
75
79
80
82
83
91
93
97
100
96
88
83
82
84
80
79
79
86
87
88
87
80
78
81
76
80
78
74
78
68
64
62
58
59
55
50
43
35
31
27
30
31
29
30
31
26
21
15
12
14
9
5
1
-4
-10
-10
-13
-17
-16
-18
-20
-20
-20
-20
-29
-36
-33
-43
-46
-46
-48
-51
-55
-53
-49
-54
-56
-55
-58
-55
-48
-49
-48
-47
-57
-57
-51
-49
-50
-49
-47
-50
-48
-55
-57
-56
-56
-47
-49
-47
-49
-48
-51
-58
-54
-53
-57
-54
-52
-50
-50
-52
-52
-50
-54
-59
-65
-63
-58
-64
-63
-64
-62
-59
-62
-59
-59
-61
-64
-73
-80
-79
-79
-83
-79
-79
-78
-76
-74
-70
-68
-62
-60
-65
-65
-68
-77
-71
-73
-73
-67
-65
-66
-57
-52
-45
-45
-49
-47
-52
-50
-55
-55
-49
-42
-49
-49
-44
-42
-37
-28
-18
-15
-12
-19
-27
-19
-19
-21
-15
-15
-20
-14
-14
-13
-14
-13
-9
3
13
12
18
13
16
15
14
7
7
10
3
4
8
5
6
12
16
18
24
26
24
31
27
31
31
22
21
18
19
20
20
19
18
29
30
29
27
29
39
36
38
49
51
47
47
45
43
42
43
43
44
53
53
52
57
64
65
67
64
63
63
62
67
71
68
68
64
70
79
81
80
79
77
72
71
70
77
83
83
85
82
81
83
84
78
79
82
77
74
72
65
68
68
60
67
63
62
60
59
64
61
58
59
55
52
48
47
41
39
46
36
36
32
27
29
31
31
29
29
21
19
16
15
12
17
18
18
26
27
27
23
17
22
15
19
22
24
20
17
16
12
13
16
14
9
7
4
-1
-7
-6
-9
-4
-3
3
-3
-6
-13
-21
-25
-29
-32
-39
-43
-48
-50
-53
-59
-58
-56
-54
-50
-53
-55
-56
-60
-63
-66
-67
-67
-69
-68
-69
-74
-84
-84
-74
-75
-77
-72
-74
-66
-66
-71
-70
-71
-78
-81
-79
-78
-80
-74
-77
-79
-75
-71
-71
-68
-64
-63
-61
-54
-47
-48
-46
-53
-57
-62
-63
-58
-54
-59
-55
-58
-58
-58
-59
-52
-54
-51
-48
-46
-47
-41
-41
-46
-48
-51
-51
-51
-50
-46
-41
-44
-38
-34
-32
-27
-32
-34
-35
-41
-35
-33
-32
-32
-31
-24
-18
-18
-21
-18
-19
-16
-12
-4
-3
-1
3
7
14
8
12
14
11
8
18
28
35
40
37
43
44
39
40
39
36
42
47
50
56
58
53
52
48
45
55
54
58
61
58
55
56
59
53
53
55
57
57
49
50
46
42
41
43
47
55
57
57
58
50
42
45
51
51
54
51
46
43
49
47
39
43
39
42
45
53
50
42
35
34
40
40
35
36
41
46
46
43
46
40
35
39
36
35
34
32
37
35
33
37
41
37
36
39
39
43
38
34
33
30
25
26
30
27
21
21
18
15
14
15
27
25
23
21
15
13
13
13
14
19
14
8
6
5
0
-4
-3
-3
-1
-7
-12
-6
-8
-7
-5
-5
-3
-6
-10
-16
-24
-19
-23
-21
-23
-28
-25
-23
-23
-24
-22
-30
-28
-32
-24
-21
-33
-37
-48
-46
-46
-46
-41
-38
-33
-36
-35
-31
-29
-36
-37
-45
-50
-55
-50
-56
-62
-62
-68
-60
-54
-49
