-33
-52
-44
-53
-50
-54
-49
-49
-56
-57
-61
-66
-63
-61
-63
-62
-61
-61
-63
-64
-66
-72
-71
-70
-70
-70
-73
-67
-66
-68
-63
-60
-59
-56
-54
-57
-54
-55
-58
-60
-60
-60
-56
-49
-46
-44
-42
-40
-36
-35
-40
-34
-32
-30
-31
-34
-32
-32
-36
-35
-34
-35
-40
-40
-38
-37
-35
-31
-20
-18
-15
-9
-9
-12
-17
-22
-23
-23
-24
-26
-23
-17
-15
-10
-11
-8
1
6
15
16
17
18
21
23
23
29
23
24
27
22
23
25
25
22
24
28
27
26
29
22
27
25
22
27
22
29
24
19
14
11
13
12
18
16
17
18
16
18
20
23
20
19
18
22
27
23
23
27
23
25
17
13
14
12
16
20
22
20
20
19
19
15
14
11
9
18
21
28
29
29
30
37
42
44
50
50
41
38
34
25
29
28
27
29
26
32
35
33
32
24
26
29
27
27
17
18
21
21
25
26
28
33
36
36
37
38
36
33
26
25
24
26
26
20
25
33
31
31
33
33
31
26
26
30
30
32
36
37
46
43
43
48
51
53
56
53
49
48
52
55
56
59
64
68
66
69
69
67
68
70
66
57
46
38
27
21
15
10
11
9
10
14
16
20
20
10
0
-4
-5
-12
-15
-16
-15
-14
-10
-9
-10
-7
-8
-9
-12
-15
-20
-20
-23
-27
-26
-24
-32
-25
-22
-19
-13
-23
-12
-17
-21
-19
-20
-15
-17
-15
-13
-8
-10
-13
-18
-24
-28
-33
-35
-41
-48
-54
-56
-52
-49
-52
-46
-50
-47
-44
-53
-47
-52
-63
-68
-71
-61
-65
-68
-65
-61
-59
-58
-51
-51
-55
-57
-56
-54
-53
-49
-48
-44
-42
-42
-41
-34
-31
-26
-24
-27
-23
-27
-27
-33
-34
-31
-36
-36
-36
-28
-29
-33
-30
-28
-28
-31
-33
-29
-30
-33
-38
-39
-38
-34
-38
-39
-30
-25
-15
-14
-16
-12
-11
-9
-7
-8
-2
0
-6
-1
1
0
3
1
-3
-4
-4
-3
-4
-5
0
-3
-3
-5
-8
-5
-2
3
0
-2
-5
-7
-5
-2
4
3
8
16
15
13
12
5
6
10
10
12
9
11
8
7
8
5
7
5
6
3
9
8
6
2
-1
2
-3
-5
-4
-3
-3
1
5
4
4
-4
-6
-7
-15
-14
-10
-11
-11
-16
-13
-10
-4
0
-4
6
7
10
10
6
8
5
7
12
15
16
20
26
31
43
45
48
57
58
58
60
62
65
65
69
63
65
69
73
74
71
80
74
65
63
53
47
45
46
46
43
46
47
48
48
38
41
41
38
37
38
42
42
37
31
25
24
16
15
14
12
10
6
0
-4
-1
-1
4
10
19
21
26
32
34
27
29
30
28
31
29
30
32
34
32
36
36
33
31
30
27
30
33
34
32
25
26
27
23
27
27
24
20
19
18
17
16
8
5
3
3
6
2
5
1
-3
2
-1
2
3
2
5
2
2
1
-3
-1
2
-5
-6
-3
-8
-4
0
-6
-6
-4
-3
-4
-6
-4
-1
5
4
0
4
4
-1
-1
0
-4
0
5
6
10
10
9
8
13
12
16
17
13
13
13
8
9
12
12
12
4
5
3
1
-5
-3
-6
-2
-5
-10
-8
-17
-21
-28
-32
-24
-30
-28
-33
-37
-37
-44
-48
-50
-50
-49
-49
-52
-52
-55
-58
-62
-59
-59
-56
-60
-62
-59
-64
-65
-63
-61
-62
-56
-56
-53
-53
-56
-57
-56
-56
-55
-53
-54
-57
-62
-62
-66
-67
-74
-73
-76
-80
-81
-82
-79
-81
-75
-68
-58
-58
-51
-45
-49
-47
-45
-42
-43
-40
-37
-46
-48
-47
-40
-41
-37
-33
-34
-30
-31
-29
-18
-17
-18
-12
-4
-3
4
11
17
23
26
26
19
22
20
18
19
17
17
16
19
25
31
30
29
29
28
27
26
26
20
23
16
9
3
-1
-1
1
-2
0
3
2
0
-7
-9
-14
-27
-27
-28
-35
-30
-32
-37
-39
-30
-24
-23
-21
-23
-27
-32
-26
-29
-22
-20
-17
-11
-12
-8
-5
3
12
18
18
17
20
26
33
41
42
46
40
44
46
45
47
45
42
37
41
38
39
30
33
41
42
47
46
51
49
52
50
49
49
50
51
46
42
37
34
30
29
26
16
18
17
15
23
22
21
20
21
19
18
22
24
28
27
27
27
25
29
32
39
41
40
45
48
49
50
50
53
60
68
69
65
62
66
66
70
78
81
83
90
88
102
91
92
82
81
75
-39
-57
-56
-63
-62
-67
-58
-66
-60
-65
-67
-71
-65
-66
-67
-62
-65
-63
-60
-63
-66
-62
-57
-56
-47
-42
-38
-39
-41
-40
-44
-41
-46
-48
-42
-38
-33
-27
-24
-24
-21
-21
-20
-24
-21
-18
-21
-17
-19
-17
-17
-18
-19
-14
-12
-13
-11
-13
-9
-12
-9
-11
-13
-11
-6
0
0
6
9
9
16
13
13
14
14
20
19
22
22
18
17
19
20
18
16
15
16
15
16
17
17
19
18
16
15
12
15
18
14
14
12
12
12
10
12
14
14
15
11
6
-4
-4
-5
-5
-2
-1
0
3
1
3
2
3
7
8
2
6
13
8
21
28
26
22
25
30
30
32
32
34
36
38
36
37
37
34
42
40
40
41
40
49
47
44
42
43
46
46
47
45
43
42
44
42
40
45
47
48
46
50
48
43
43
46
39
34
35
28
23
15
13
4
2
4
5
3
6
1
-2
0
-8
-9
-9
-14
-24
-29
-37
-39
-44
-38
-35
-34
-34
-30
-26
-28
-20
-18
-16
-18
-13
-10
-15
-11
-12
-10
-7
-3
-4
0
3
-1
-2
-2
-1
2
-3
-6
-12
-19
-22
-29
-27
-32
-35
-30
-35
-30
-38
-43
-49
-56
-63
-68
-71
-79
-81
-82
-81
-84
-86
-85
-86
-85
-83
-81
-76
-81
-74
-68
-73
-60
-56
-52
-49
-47
-50
-48
-41
-49
-49
-52
-55
-49
-50
-49
-46
-47
-39
-37
-40
-37
-35
-30
-26
-22
-16
-12
-7
-7
-2
0
-3
-2
6
6
8
13
7
3
-2
5
5
5
9
11
16
18
21
23
19
20
18
19
15
16
18
13
9
12
8
7
6
12
10
6
7
-1
-4
-12
-16
-10
-12
-17
-16
-18
-14
-11
-19
-21
-20
-24
-20
-18
-20
-19
-22
-24
-23
-22
-22
-21
-16
-13
-17
-12
-12
-14
-20
-22
-14
-8
0
4
8
11
13
16
21
19
16
17
23
19
17
19
13
15
14
16
20
20
21
26
32
37
40
39
41
41
41
49
50
54
54
50
48
46
43
45
48
43
44
46
47
43
42
49
47
51
56
55
59
58
58
56
55
49
49
51
47
47
47
49
43
41
42
44
35
36
29
19
18
5
0
-1
1
-1
-1
5
4
7
8
6
7
4
5
2
3
5
7
7
4
6
9
15
19
21
21
24
29
36
27
22
24
20
19
18
17
21
25
23
23
20
20
27
25
26
32
31
30
33
34
38
39
37
36
42
43
39
43
49
51
51
54
48
46
40
39
35
27
30
31
31
33
26
21
17
10
2
1
3
-5
-12
-18
-21
-20
-28
-33
-32
-38
-37
-40
-38
-32
-43
-44
-40
-47
-46
-43
-43
-40
-38
-41
-38
-33
-32
-33
-29
-18
-12
-11
-16
-14
-7
-7
-7
-2
1
4
3
2
3
6
7
4
4
6
16
25
29
33
28
33
33
25
23
16
18
17
14
14
17
22
19
17
13
9
6
3
4
1
-5
-10
-13
-17
-21
-23
-18
-19
-20
-21
-33
-40
-46
-52
-53
-56
-57
-55
-56
-55
-56
-56
-55
-57
-51
-48
-44
-42
-44
-44
-41
-46
-44
-48
-47
-42
-37
-30
-31
-22
-22
-23
-20
-20
-27
-24
-21
-22
-23
-17
-12
-13
-18
-20
-22
-16
-12
-14
-10
-12
-10
-12
-11
-11
-13
-7
-2
1
8
14
10
5
1
-3
-4
-4
-7
-13
-16
-18
-14
-16
-16
-17
-22
-23
-29
-34
-32
-36
-36
-39
-40
-47
-49
-47
-54
-49
-51
-48
-47
-48
-43
-43
-41
-37
-25
-23
-13
-4
-2
1
-5
-9
-11
-7
-11
-11
-13
-14
-18
-23
-17
-12
-11
-15
-12
-4
-7
-8
-10
-17
-25
-32
-38
-40
-43
-38
-37
-33
-25
-23
-21
-19
-4
0
1
9
10
9
14
11
10
14
14
21
24
26
29
32
29
35
40
43
45
44
45
41
44
40
40
35
36
37
28
22
22
22
17
15
7
6
1
-7
-7
-8
-5
-6
-7
-10
-9
-7
1
9
9
10
12
10
9
6
5
11
12
17
25
28
35
41
41
44
45
48
47
53
60
53
57
56
56
56
51
58
57
56
55
56
58
63
64
65
67
64
68
63
60
58
57
57
51
47
43
43
45
46
49
45
45
47
38
33
23
15
13
13
9
2
1
3
-2
-5
-12
-18
-20
-20
-21
-18
-22
-23
-31
-38
-38
-45
-39
-39
-43
-45
-41
-44
-44
-44
-47
-43
-38
-31
-29
-21
-11
-6
-1
3
6
16
17
8
9
3
0
1
-1
-1
3
4
6
12
17
21
19
21
24
26
26
20
19
16
11
12
10
15
20
15
19
23
29
28
24
20
15
20
16
11
3
-2
-6
-10
-14
-14
-19
-22
-25
-28
-31
-29
-31
-32
-25
-23
-22
-24
-25
-24
-21
-21
-19
-19
-21
-22
-22
-26
-31
-32
-30
-20
-15
-12
-9
-11
-15
-18
-26
-22
-24
-32
-38
-43
-45
-46
-48
-55
-55
-61
-68
-66
-61
-61
-53
-48
-49
-40
-38
-39
-32
-32
-32
-25
-24
-29
-30
-35
-40
-42
-43
-41
-31
-22
-20
-20
-11
-4
-4
-5
-5
-9
-9
-9
-16
-15
-19
-24
-20
-24
-23
-26
-32
-35
-30
-23
-25
-26
-27
-27
-30
-26
-31
-39
-34
-31
-29
-29
-27
-26
-25
-25
-19
-14
-9
-2
-5
0
-7
-8
-11
-14
-10
-15
-13
-17
-14
-8
-2
-1
1
1
-1
0
-8
-3
-2
3
7
8
11
9
6
8
11
10
15
16
20
21
27
28
25
32
38
43
49
51
52
55
54
56
56
59
58
61
62
61
63
59
59
53
49
50
46
44
43
38
35
37
38
40
35
32
29
23
19
16
11
9
5
1
-2
-6
-3
-5
-1
0
7
14
9
13
19
16
23
26
25
31
30
28
28
33
31
34
35
34
38
34
33
34
37
33
38
37
43
48
42
50
46
53
54
56
66
67
66
71
64
60
54
48
44
43
40
37
48
54
53
54
59
56
53
43
38
32
27
26
29
34
30
27
28
26
28
27
23
24
27
21
15
9
2
2
-1
-4
-8
-5
-4
1
7
8
10
4
-3
-2
-11
-13
-17
-24
-30
-31
-30
-31
-28
-29
-29
-27
-26
-23
-24
-24
-23
-23
-30
-33
-30
-30
-30
-28
-23
-21
-22
-21
-17
-22
-24
-25
-28
-26
-25
-27
-24
-21
-17
-15
-21
-27
-29
-30
-35
-42
-41
-36
-38
-37
-35
-29
-33
-39
-36
-41
-38
-41
-48
-49
-47
-43
-41
-37
-37
-40
-40
-43
-39
-35
-29
-22
-21
-13
-16
-22
-25
-30
-34
-34
-31
-24
-23
-23
-21
-21
-23
-20
-25
-24
-21
-25
-29
-32
-36
-41
-41
-42
-46
-42
-47
-51
-54
-56
-55
-56
-54
-55
-53
-52
-51
-50
-45
-40
-43
-47
-43
-46
-45
-44
-44
-43
-47
-42
-42
-34
-27
-26
-25
-30
-31
-23
-25
-27
-24
-14
-7
-7
-3
-4
-3
2
-2
-4
-4
3
5
-3
-9
-13
-8
-9
-15
-17
-18
-19
-20
-19
-23
-19
-9
-8
1
-2
1
-3
-12
-10
-14
-9
-7
-1
2
7
8
9
10
12
9
7
7
2
3
-3
2
4
10
14
13
23
31
37
42
47
45
45
46
41
48
50
55
60
65
68
70
76
69
77
74
66
67
63
63
58
54
52
50
50
48
47
44
40
42
40
44
44
42
44
45
43
40
38
32
31
30
25
23
22
22
21
22
16
13
7
2
2
3
12
10
14
26
29
37
40
29
28
27
26
25
23
23
22
25
24
29
30
33
32
30
31
28
25
20
15
10
13
19
25
22
28
31
28
29
25
19
15
21
16
11
3
2
4
-1
-2
-5
-5
-4
-3
-3
-7
-2
-2
-10
-13
-15
-20
-20
-17
-13
-8
-4
-5
-2
1
-3
-3
-6
-12
-20
-21
-23
-22
-18
-17
-14
-12
-3
1
-1
-5
-6
-10
-14
-18
-26
-27
-31
-27
-29
-24
-20
-15
-15
-15
-14
-24
-19
-22
-23
-18
-20
-18
-15
-13
-13
-12
-15
-23
-29
-28
-23
-28
-27
-19
-18
-13
-17
-20
-22
-27
-34
-42
-46
-50
-44
-37
-37
-32
-28
-25
-19
-13
-18
-22
-26
-31
-24
-25
-31
-33
-36
-33
-30
-34
-28
-29
-39
-40
-41
-49
-55
-57
-50
-41
-42
-41
-39
-34
-34
-35
-33
-31
-36
-38
-39
-39
-40
-37
-30
-28
-27
-22
-19
-14
-14
-13
-15
-15
-10
-10
-9
-10
-11
-7
-6
1
7
9
5
9
19
17
18
16
18
16
17
16
11
14
4
6
5
7
11
12
15
18
20
21
20
19
22
21
22
28
31
37
40
41
41
40
37
28
28
26
30
26
25
25
17
13
11
9
8
4
6
7
1
-2
-3
-8
-13
-11
-14
-9
-6
-9
-3
2
0
6
8
6
6
-1
1
-1
-3
-6
-4
1
0
2
0
3
8
10
9
10
10
7
8
9
7
7
7
5
11
20
23
26
22
24
29
29
35
28
22
22
25
35
41
46
52
51
57
57
55
45
38
34
38
37
33
39
41
40
44
49
50
53
55
51
39
28
24
18
12
9
12
10
4
6
10
10
13
12
9
13
9
7
8
1
3
5
3
10
13
10
15
14
12
7
-1
2
-3
5
3
10
16
15
26
22
26
21
21
23
28
23
21
21
17
19
22
26
27
28
26
25
22
26
21
28
23
20
20
17
24
21
16
12
13
15
10
7
1
-1
-3
-6
-11
-13
-12
-15
-11
-10
-1
2
-6
-10
-20
-25
-23
-21
-28
-29
-30
-33
-30
-24
-22
-17
-19
-19
-17
-16
-11
-9
-7
-16
-17
-13
-21
-19
-19
-18
-15
-13
-10
-10
-6
-9
-9
-8
-9
-6
-4
-4
-11
-13
-17
-15
-14
-11
-9
-14
-13
-13
-16
-16
-24
-27
-25
-26
-32
-28
-21
-31
-23
-22
-19
-13
-9
-9
-15
-18
-20
-17
-13
-6
-3
-6
6
6
8
12
9
10
6
5
2
-3
-5
-13
-24
-23
-27
-27
-21
-24
-27
-31
-36
-36
-32
-44
-50
-47
-44
-45
-49
-48
-50
-52
-58
-59
-62
-61
-57
-63
-57
-56
-51
-47
-53
-50
-57
-61
-60
-60
-54
-50
-46
-44
-40
-42
-38
-38
-37
-31
-30
-23
-20
-10
-6
-8
-10
-11
-9
-8
-5
-1
4
4
8
8
8
8
10
18
17
23
32
33
36
37
37
31
29
25
20
19
18
13
8
4
6
3
4
6
3
3
-5
-6
-11
-15
-19
-23
-20
-19
-22
-26
-26
-21
-17
-17
-14
-8
-12
-15
-8
-8
-10
-17
-14
-10
-12
-7
-4
0
4
13
21
25
19
21
22
17
22
25
29
28
27
32
37
37
36
35
27
35
37
36
37
37
38
35
38
46
46
46
44
40
39
33
36
37
32
29
26
30
33
39
36
41
40
35
34
24
22
12
6
12
11
10
14
16
13
13
16
14
14
12
8
9
13
11
12
16
22
23
20
27
32
35
43
42
41
49
51
60
60
61
67
64
61
62
59
58
56
48
45
53
57
52
49
41
38
38
29
31
27
27
30
28
27
26
33
30
28
29
20
18
16
12
10
4
-4
-2
5
9
12
15
14
8
11
10
7
4
-6
-11
-15
-21
-24
-17
-14
-20
-18
-18
-16
-18
-21
-27
-28
-27
-28
-22
-18
-17
-24
-23
-21
-26
-26
-29
-34
-29
-29
-29
-31
-37
-38
-41
-42
-32
-36
-35
-34
-37
-41
-43
-41
-47
-48
-59
-64
-63
-61
-62
-59
-53
-49
-44
-45
-44
-47
-50
-51
-52
-49
-51
-48
-47
-45
-47
-40
-33
-23
-14
-13
-12
-13
-11
-14
-9
-13
-15
-5
-2
3
9
14
11
6
2
-10
-18
-23
-23
-28
-29
-24
-22
-17
-18
-11
-9
-9
-9
-11
-11
-14
-17
-23
-22
-26
-25
-25
-25
-21
-21
-15
-10
-10
-8
-10
-5
-8
-13
-6
-12
-8
-8
-11
-13
-10
-7
-11
-5
0
-3
1
4
4
6
3
7
6
8
6
1
4
-2
-3
-5
-5
1
-1
-5
-11
-2
-2
-10
-5
-7
-8
-7
-13
-16
-12
-10
-18
-26
-28
-26
-24
-20
-22
-25
-20
-18
-18
-18
-15
-7
-3
-1
-3
-7
-10
-10
-2
-4
-1
7
12
14
26
27
29
28
29
23
25
32
31
38
34
42
45
48
51
42
40
38
37
32
34
39
34
37
43
43
48
47
40
38
31
27
24
10
8
5
-1
5
2
6
8
14
19
13
23
24
22
24
25
24
22
22
19
17
18
26
29
36
37
35
34
31
31
30
33
38
39
47
46
45
52
54
57
51
48
41
42
48
44
48
48
46
45
46
44
41
35
31
32
30
29
30
29
23
25
24
22
24
23
28
27
30
30
23
19
14
13
15
14
15
16
11
11
5
-2
-6
-10
-15
-13
-12
-10
-14
-14
-24
-28
-21
-25
-20
-13
-12
-3
-2
-2
0
2
5
4
-6
-7
-2
-5
-1
1
2
5
4
7
-1
-4
-8
-14
-18
-17
-15
-16
-18
-14
-12
-12
-3
0
0
-5
-4
-7
-9
-9
-6
-9
-8
-13
-13
-5
-12
-10
-17
-17
-18
-25
-32
-33
-35
-42
-44
-47
-47
-47
-46
-41
-43
-36
-35
-32
-31
-40
-41
-45
-44
-49
-48
-48
-50
-44
-41
-38
-34
-32
-25
-23
-28
-25
-30
-28
-28
-29
-30
-29
-25
-17
-14
-16
-15
-14
-17
-20
-18
-14
-16
-17
-17
-18
-25
-27
-34
-42
-39
-37
-40
-41
-44
-47
-44
-44
-38
-33
-30
-28
-20
-18
-23
-20
-20
-29
-30
-33
-35
-34
-34
-33
-29
-20
-16
-20
-20
-17
-22
-19
-18
-15
-14
-11
-7
-8
-8
-8
-4
-3
-1
1
5
8
13
12
5
10
6
3
6
3
6
6
11
19
18
20
18
18
15
7
7
7
3
4
10
8
8
6
8
7
6
4
3
6
2
2
0
1
-3
-9
-13
-18
-12
-12
-13
-3
-4
-5
-2
-6
-5
-6
-10
-12
-16
-7
-1
13
18
24
30
28
33
34
33
31
32
32
32
31
30
30
28
28
29
34
36
34
27
23
15
8
4
3
6
2
3
3
3
2
-1
-7
-5
-5
-2
-1
-2
-6
-8
-9
-8
-8
-10
-6
-10
-4
-5
-1
-1
2
4
-2
3
4
0
8
13
16
21
19
24
25
22
27
28
27
26
25
27
25
25
25
29
38
41
48
47
45
48
50
53
50
49
42
40
46
41
39
44
42
42
35
29
30
31
32
28
27
23
24
25
20
23
24
25
23
25
21
18
18
15
18
9
4
-2
-12
-13
-14
-11
-4
-2
-3
-4
1
1
6
8
-1
-1
-3
-3
2
3
4
10
3
-3
-1
-6
-4
4
-3
3
0
-3
-4
-4
-4
-8
-7
-9
-3
-6
-9
-4
1
2
9
5
4
0
-1
-4
-8
-8
-11
-9
-17
-20
-17
-15
-10
-14
-8
-7
-15
-15
-21
-21
-19
-18
-19
-22
-29
-29
-30
-32
-29
-35
-29
-33
-32
-30
-35
-37
-46
-44
-49
-52
-43
-44
-40
-41
-36
-38
-37
-30
-31
-28
-27
-25
-26
-25
-23
-23
-24
-21
-17
-20
-17
-15
-9
-5
-3
0
1
-9
-18
-17
-23
-19
-14
-13
-5
3
5
4
4
-2
1
4
0
1
0
4
8
6
2
0
6
8
13
16
5
1
2
0
0
-5
-3
-10
-8
-6
-3
-3
-6
-10
-14
-18
-22
-22
-27
-29
-36
-38
-39
-31
-30
-26
-21
-21
-22
-21
-19
-29
-30
-27
-28
-20
-17
-10
-9
-11
-10
-13
-6
-3
-5
-4
-5
-4
-7
-5
-11
-9
-14
-19
-21
-25
-23
-22
-16
-17
-14
-17
-20
-18
-18
-14
-13
-12
-3
1
3
1
1
1
2
0
1
0
0
8
10
17
14
13
6
4
13
22
30
34
38
40
48
50
49
48
44
44
41
42
46
45
46
53
44
35
33
31
29
24
25
23
23
22
21
22
24
23
21
20
13
5
4
4
4
7
13
19
19
15
14
11
9
12
7
7
10
11
15
19
24
22
24
26
25
28
29
37
42
48
44
48
55
48
51
45
50
48
49
50
41
51
62
64
65
64
58
48
41
32
30
22
21
23
19
18
15
16
9
12
16
15
18
21
22
23
19
11
5
3
1
-2
3
4
6
5
4
5
5
9
5
4
3
10
13
6
6
9
9
7
4
5
7
11
14
23
31
34
37
40
37
34
34
27
27
22
18
22
21
26
25
29
29
23
25
23
28
21
15
13
8
11
9
9
8
12
7
1
-11
-16
-19
-17
-18
-21
-22
-32
-33
-33
-35
-29
-28
-25
-16
-19
-13
-16
-27
-35
-34
-33
-40
-42
-36
-30
-32
-28
-29
-28
-29
-33
-29
-29
-27
-25
-26
-24
-22
-21
-24
-24
-29
-29
-31
-34
-34
-36
-41
-45
-47
-49
-45
-48
-52
-50
-49
-48
-54
-51
-49
-53
-54
-52
-49
-58
-61
-65
-72
-67
-68
-66
-67
-74
-71
-70
-69
-67
-74
-74
-74
-82
-80
-80
-76
-78
-77
-75
-72
-61
-55
-54
-55
-52
-54
-50
-41
-43
-44
-53
-55
-58
-54
-44
-41
-30
-28
-24
-20
-20
-27
-31
-28
-27
-20
-10
-10
-3
0
-12
-11
-15
-12
-8
-9
-4
-7
-4
-4
-4
-2
-5
1
3
0
1
6
13
14
12
20
17
13
19
17
19
19
20
23
22
21
22
21
23
26
34
32
38
41
38
46
44
47
49
48
51
55
61
62
61
56
48
49
46
45
48
40
38
38
32
31
31
23
20
24
29
27
26
25
23
18
14
19
15
16
15
14
12
9
3
4
4
-1
2
7
12
9
12
18
25
22
24
29
30
33
31
25
29
32
34
35
36
31
31
34
33
38
46
50
55
61
60
62
70
66
60
69
69
68
69
67
71
73
68
72
70
64
69
71
65
62
65
69
69
72
72
67
64
56
51
46
48
44
37
31
19
18
15
15
13
11
16
14
17
17
18
17
13
6
0
6
12
9
10
9
9
4
5
10
9
10
9
11
12
17
15
5
3
-2
-1
-4
-3
-8
-11
-8
-10
-10
-8
-14
-21
-20
-17
-8
-13
-15
-26
-25
-28
-31
-28
-38
-33
-39
-41
-44
-46
-48
-46
-51
-53
-49
-56
-49
-46
-49
-51
-52
-52
-54
-60
-56
-55
-55
-56
-61
-62
-61
-66
-74
-78
-79
-84
-83
-79
-85
-83
-81
-82
-77
-76
-76
-76
-75
-70
-64
-64
-66
-64
-63
-62
-63
-55
-52
-53
-49
-53
-53
-58
-55
-53
-53
-53
-49
-41
-42
-44
-55
-51
-43
-44
-39
-39
-28
-25
-28
-25
-23
-22
-25
-24
-15
-11
-9
-7
-13
-13
-12
-16
-17
-18
-15
-14
-10
-7
-11
0
-2
-3
4
-1
-4
-4
0
0
0
8
7
3
7
7
7
3
3
-1
-2
-14
-18
-14
-18
-20
-20
-8
-18
-14
-18
-18
-7
-13
-11
-9
-8
-10
-3
-2
-2
-1
-3
1
0
-2
-2
0
-2
-3
-2
-2
4
12
17
29
36
40
46
48
47
43
39
41
41
43
48
47
52
53
57
59
60
63
67
71
76
73
69
65
62
61
58
59
59
60
64
63
59
52
43
48
40
32
31
20
18
14
14
10
12
12
11
13
10
9
10
9
8
7
14
16
11
13
17
16
21
25
25
30
33
34
40
41
42
42
41
42
39
47
44
49
56
51
58
59
59
60
70
72
72
71
68
68
61
60
59
54
51
51
51
47
46
40
39
38
40
44
42
48
45
44
48
50
52
47
50
48
43
41
35
27
25
21
22
20
19
14
10
7
8
6
2
0
-2
-4
-3
-5
-12
-11
-12
-10
-12
-14
-18
-21
-22
-25
-26
-20
-20
-19
-23
-25
-18
-17
-21
-24
-16
-13
-8
-2
2
3
0
-2
-1
1
3
-3
-4
-2
1
5
8
4
-8
-6
-9
-14
-12
-11
-6
-9
-7
-10
-5
-14
-20
-23
-34
-29
-35
-35
-34
-33
-32
-41
-43
-50
-51
-48
-47
-46
-49
-53
-61
-65
-70
-78
-85
-83
-82
-84
-83
-83
-84
-78
-77
-77
-81
-81
-77
-73
-77
-79
-79
-81
-81
-79
-74
-76
-71
-69
-69
-59
-51
-51
-50
-45
-42
-32
-37
-32
-29
-28
-20
-24
-14
-5
0
-2
-2
0
-1
0
-1
-1
-5
-6
-3
1
7
3
4
0
0
-3
-8
-9
-11
-17
-23
-22
-25
-26
-22
-24
-20
-16
-15
-15
-24
-29
-31
-32
-28
-28
-26
-22
-30
-30
-35
-32
-31
-34
-31
-37
-29
-24
-26
-26
-26
-25
-22
-14
-11
-6
3
7
11
10
8
2
-2
-2
-3
4
6
12
17
17
16
17
22
22
22
24
27
29
26
29
31
29
31
26
26
30
32
36
34
34
34
30
24
11
10
15
21
24
29
25
18
15
8
9
11
14
7
10
22
21
18
22
17
18
20
15
18
17
20
23
24
19
15
18
14
14
10
16
25
27
29
32
33
36
36
28
30
26
24
26
33
35
43
48
52
58
52
49
50
47
47
46
42
46
49
45
51
60
68
75
72
69
64
64
64
63
63
58
58
57
57
60
57
54
58
59
55
61
65
64
64
57
53
56
54
50
45
40
31
23
15
12
6
-1
-3
-4
-5
-7
-5
-6
-9
-9
-4
-9
-16
-19
-23
-32
-30
-28
-28
-30
-29
-28
-33
-29
-30
-33
-36
-40
-38
-43
-50
-48
-44
-43
-39
-33
-28
-24
-26
-21
-20
-27
-22
-28
-25
-25
-29
-26
-28
-28
-25
-20
-18
-14
-15
-13
-8
-1
-5
-1
3
0
1
3
1
-4
4
6
7
11
8
9
7
-1
-1
-7
-9
-12
-13
-14
-19
-23
-26
-32
-32
-31
-35
-38
-38
-43
-47
-51
-52
-47
-47
-48
-52
-58
-56
-54
-46
-42
-42
-46
-53
-56
-55
-57
-58
-59
-64
-63
-59
-57
-57
-55
-54
-51
-52
-52
-51
-51
-49
-47
-49
-52
-54
-58
-51
-49
-41
-29
-29
-21
-22
-20
-13
-19
-19
-21
-17
-17
-10
-6
-4
-1
0
4
5
6
4
15
17
21
20
15
17
15
13
10
9
4
5
14
13
14
15
17
15
13
17
17
14
14
16
17
12
14
9
12
9
3
12
13
17
27
19
16
22
15
12
15
18
17
10
0
1
-5
-11
-10
-6
-5
-7
-3
-3
-7
-2
-9
-10
-12
-11
-4
-2
-9
-8
-10
-16
-6
-8
-2
9
14
19
25
32
34
37
35
36
36
40
46
44
42
38
40
39
37
42
45
48
47
53
54
51
52
51
52
50
50
52
47
40
36
36
35
32
28
28
26
28
26
15
11
11
12
11
6
8
8
-3
-3
-4
-8
-7
-11
0
-1
4
8
5
2
3
4
-1
5
5
5
11
13
9
18
21
20
28
33
32
38
44
45
48
49
55
57
59
54
56
56
59
59
58
64
67
63
66
67
69
74
67
71
69
65
62
58
56
45
44
37
38
37
31
27
32
37
37
28
17
14
6
0
-2
-8
-12
-18
-21
-23
-32
-32
-31
-38
-43
-44
-44
-46
-43
-48
-43
-40
-40
-35
-41
-42
-41
-36
-37
-34
-31
-26
-26
-26
-27
-25
-16
-8
-3
-1
-1
2
6
9
6
8
15
16
13
24
24
21
23
14
14
19
17
13
9
8
9
5
-1
-1
5
-2
-5
-10
-13
-13
-24
-26
-22
-31
-40
-52
-57
-59
-56
-52
-54
-53
-57
-64
-70
-68
-70
-72
-66
-66
-71
-73
-76
-76
-74
-78
-72
-66
-68
-63
-64
-57
-52
-51
-50
-52
-43
-44
-35
-28
-29
-24
-24
-22
-18
-17
-13
-15
-14
-17
-12
-11
-6
-3
-9
-6
-9
-4
-10
-5
2
4
9
4
4
0
-2
-2
-3
-8
-12
-14
-14
-14
-19
-18
-24
-17
-14
-15
-15
-15
-19
-24
-18
-19
-15
-17
-19
-25
-26
-24
-32
-27
-23
-22
-17
-15
-15
-16
-18
-17
-22
-27
-24
-31
-31
-32
-30
-27
-29
-28
-24
-21
-24
-19
-7
1
4
2
5
3
5
3
-4
-6
-9
-5
-5
1
4
5
5
-2
-4
-8
-11
-7
-6
-10
-6
-1
0
8
7
11
18
16
22
25
24
27
24
26
20
11
7
10
14
12
20
24
27
29
33
39
40
43
37
36
32
30
28
25
22
22
20
20
23
22
22
15
7
10
7
7
12
14
18
16
9
6
6
0
5
5
7
8
3
10
6
8
9
11
5
3
10
12
21
22
20
25
27
23
27
29
31
37
34
36
41
48
48
40
38
43
49
49
55
53
55
49
48
52
58
59
59
66
60
61
49
47
45
42
47
38
36
40
36
37
37
32
32
29
30
29
32
35
31
33
23
20
13
11
7
4
13
15
17
10
15
9
2
-3
-11
-12
-11
-5
-8
-6
8
9
7
4
-3
-2
-3
-11
-11
-11
-10
-5
-7
-1
1
6
7
3
3
3
2
3
-1
-6
-6
-11
-12
-13
-18
-12
-9
-9
-13
-14
-20
-15
-9
-22
-30
-39
-43
-46
-44
-46
-43
-42
-40
-38
-37
-34
-39
-39
-39
-35
-42
-45
-43
-43
-43
-47
-42
-37
-39
-35
-38
-35
-32
-39
-32
-35
-41
-41
-44
-41
-39
-39
-36
-41
-44
-45
-47
-46
-45
-34
-29
-29
-28
-25
-24
-23
-18
-25
-16
-17
-16
-12
-16
-12
-17
-13
-8
-12
-7
-2
-4
-5
-9
-11
-15
-16
-25
-28
-27
-27
-19
-16
-8
-3
4
4
5
12
7
2
2
1
2
6
3
6
10
17
20
19
15
8
13
13
10
13
13
14
8
1
0
2
6
6
14
11
7
2
-4
0
-6
-7
-5
-10
-12
-6
-10
-22
-22
-19
-15
-9
-12
-12
-10
-9
-5
-9
-6
-5
-1
0
-8
-9
-13
-12
-18
-20
-18
-24
-25
-23
-30
-31
-23
-19
-17
-21
-24
-27
-25
-20
-19
-14
-12
-10
-14
-14
-10
-10
-10
-6
-8
-8
-5
3
7
6
15
20
21
28
37
39
39
45
46
52
58
50
52
54
51
49
45
45
44
45
52
58
59
61
60
55
56
57
50
46
44
37
33
37
39
38
42
43
44
47
46
56
56
48
35
29
31
24
24
26
33
39
37
38
41
40
33
26
24
20
22
13
16
14
6
2
5
11
13
12
20
23
22
18
13
13
4
10
5
8
14
15
20
19
19
14
6
5
4
1
10
9
-1
0
0
-2
-8
-5
1
6
16
16
13
16
18
12
9
11
12
9
10
15
16
21
18
18
16
14
19
7
0
-1
3
9
7
7
9
12
7
7
9
9
14
14
12
12
10
8
5
7
7
4
2
0
8
9
11
13
12
15
16
19
23
17
21
19
16
25
18
18
17
13
10
-3
-5
-10
-12
-21
-20
-20
-22
-20
-22
-23
-29
-31
-38
-39
-44
-54
-50
-50
-55
-48
-48
-47
-45
-42
-44
-42
-39
-35
-29
-36
-33
-32
-35
-36
-38
-38
-37
-40
-44
-47
-46
-54
-54
-55
-58
-58
-63
-70
-70
-53
-54
-52
-46
-42
-41
-44
-48
-49
-48
-49
-48
-44
-43
-48
-45
-45
-44
-45
-48
-45
-39
-35
-37
-34
-35
-32
-30
-29
-35
-28
-27
-27
-23
-25
-17
-20
-19
-24
-27
-24
-29
-31
-34
-34
-24
-26
-25
-23
-20
-18
-13
-11
-4
6
3
4
7
6
3
6
10
15
15
16
13
12
18
18
19
22
23
29
28
24
19
17
16
12
6
3
0
2
0
0
-1
-6
-4
-5
-9
-14
-9
-4
3
4
5
0
-9
-4
-8
-10
-10
-3
6
11
17
15
15
14
11
7
1
6
12
7
6
8
14
14
10
10
15
17
19
23
26
28
26
28
26
24
25
22
20
17
12
19
16
23
23
21
25
23
19
21
21
16
17
22
28
28
27
31
25
23
20
15
22
18
14
21
19
18
12
12
11
9
6
10
12
12
10
12
21
19
16
15
16
15
20
20
18
20
20
23
20
24
16
14
22
19
21
27
23
25
31
27
23
23
16
13
17
20
16
23
27
22
24
27
31
29
35
33
30
29
31
43
40
43
41
41
46
42
42
47
48
43
34
31
35
36
35
33
34
34
36
35
36
32
33
28
23
23
18
21
16
14
16
12
12
12
16
16
22
13
9
12
6
2
-3
-7
-8
-11
-19
-20
-26
-31
-37
-38
-36
-44
-44
-41
-42
-46
-44
-52
-62
-65
-68
-66
-67
-75
-75
-79
-77
-74
-72
-62
-64
-63
-59
-61
-60
-54
-52
-44
-40
-36
-29
-29
-28
-27
-24
-18
-13
-15
-13
-14
-14
-13
-5
1
-2
-2
-4
-5
-6
-15
-15
-21
-21
-26
-29
-29
-34
-34
-33
-36
-39
-33
-44
-42
-47
-48
-52
-55
-54
-51
-46
-44
-36
-35
-32
-33
-32
-32
-31
-33
-31
-35
-34
-30
-29
-22
-19
-13
-15
-19
-27
-28
-29
-36
-37
-41
-37
-34
-30
-25
-14
-9
-7
-8
-8
-1
0
0
2
2
2
-1
5
7
6
7
13
21
20
29
28
28
25
25
25
26
26
29
33
25
22
20
17
18
15
14
18
21
26
23
17
14
9
12
8
8
2
-7
1
-1
5
5
5
13
19
21
20
27
30
24
21
16
20
26
22
28
28
35
36
33
33
34
37
32
30
31
30
25
33
35
33
34
31
25
25
26
20
24
26
27
28
34
28
25
25
25
29
27
29
25
22
24
26
26
25
22
20
20
13
11
7
2
-2
2
-1
1
0
-3
2
4
11
10
15
21
20
18
15
15
13
11
12
13
24
26
26
37
34
29
37
41
40
40
41
31
26
23
25
30
25
33
32
36
42
45
41
38
40
44
46
39
36
35
37
39
48
53
53
61
64
66
63
57
57
52
47
42
41
44
45
42
43
41
39
42
31
27
20
16
11
6
5
3
6
5
0
-6
-15
-20
-17
-20
-29
-33
-39
-38
-36
-34
-32
-35
-38
-39
-34
-38
-34
-35
-32
-30
-29
-21
-21
-18
-12
-8
-11
-12
-17
-15
-11
-15
-22
-24
-31
-34
-34
-38
-39
-36
-38
-41
-37
-41
-40
-35
-41
-46
-46
-46
-44
-51
-49
-51
-48
-47
-53
-55
-51
-51
-50
-47
-49
-42
-40
-37
-35
-26
-32
-30
-26
-22
-25
-26
-24
-27
-27
-31
-32
-41
-42
-42
-38
-43
-46
-44
-47
-48
-45
-39
-39
-40
-31
-25
-24
-25
-28
-25
-24
-24
-29
-31
-27
-32
-30
-25
-25
-24
-19
-14
-15
-15
-23
-22
-27
-28
-25
-24
-27
-31
-31
-33
-40
-40
-43
-40
-30
-32
-35
-37
-34
-33
-35
-33
-31
-33
-32
-33
-32
-30
-30
-26
-24
-19
-18
-10
-7
-3
7
8
1
-4
-5
-10
-6
-7
-4
1
-1
2
9
5
0
-4
-7
-1
-4
3
3
0
2
0
-2
2
4
1
-1
-1
0
-1
-1
-4
-11
-11
-13
-11
-3
5
11
16
18
21
24
31
37
39
42
42
49
49
50
49
47
49
53
55
57
58
54
54
61
62
59
58
51
57
60
55
61
57
55
49
49
47
40
38
36
33
29
34
33
24
17
20
19
23
23
25
26
18
18
9
5
5
4
2
3
-2
0
-4
-4
1
3
9
17
16
14
19
12
10
10
12
15
17
14
13
21
26
28
31
35
44
43
45
45
41
45
36
38
40
36
35
32
39
36
34
35
30
28
25
22
19
27
25
23
23
23
30
29
29
26
26
26
23
24
24
28
31
26
30
30
28
25
22
23
20
21
16
16
12
8
5
6
10
3
4
-1
-3
-2
0
2
1
-2
-9
-10
-11
-19
-20
-26
-30
-30
-36
-30
-35
-40
-40
-40
-43
-45
-41
-34
-27
-31
-34
-36
-43
-38
-35
-38
-44
-47
-41
-39
-39
-37
-38
-35
-29
-28
-29
-31
-33
-34
-38
-44
-38
-36
-35
-33
-24
-19
-18
-16
-18
-18
-14
-23
-23
-21
-23
-22
-26
-17
-12
-8
-3
0
4
2
2
-3
-7
-12
-21
-26
-26
-29
-25
-20
-17
-17
-20
-20
-25
-30
-32
-36
-37
-40
-46
-52
-53
-50
-56
-54
-52
-49
-48
-45
-40
-37
-35
-35
-30
-34
-31
-27
-31
-32
-30
-29
-24
-25
-22
-21
-23
-18
-14
-5
-1
1
-2
-4
-2
-5
-8
-9
-7
-6
-3
-2
-4
-5
-8
-6
-4
-11
-10
-8
-11
-4
-7
-8
-5
-5
-9
-4
-5
-5
0
-6
-3
-3
1
3
4
6
5
8
4
9
11
7
12
14
17
16
9
11
5
7
0
-6
-3
-4
-1
-4
-6
-5
-9
-7
-1
2
-5
-7
-10
-11
-13
-10
-7
-10
-3
0
5
12
15
21
24
25
27
25
27
28
34
35
35
39
37
39
42
47
44
44
41
42
40
38
39
40
45
45
45
39
32
32
25
23
21
12
15
15
14
19
22
28
30
29
29
28
30
28
28
31
27
27
29
32
41
41
34
35
41
42
43
42
47
42
38
38
33
36
35
37
38
37
39
37
30
30
32
34
38
35
40
43
46
42
46
45
49
54
49
54
56
61
58
62
56
52
55
59
60
57
58
53
46
42
42
43
39
32
24
19
19
12
8
3
-5
-6
-6
-8
-7
-8
-4
-5
0
0
0
4
-1
1
-6
-1
-3
-6
-4
-7
-5
-10
-11
-14
-16
-14
-14
-13
-13
-19
-25
-26
-28
-24
-26
-24
-22
-20
-15
-13
-13
-9
-13
-10
-8
-17
-12
-7
-6
-4
1
5
5
7
10
11
14
14
12
11
6
3
2
5
3
-3
-1
-4
-6
-10
-10
-13
-22
-22
-22
-22
-22
-25
-27
-31
-33
-29
-25
-27
-31
-29
-28
-32
-37
-36
-42
-43
-43
-48
-46
-45
-50
-50
-44
-39
-46
-50
-51
-48
-48
-48
-49
-55
-61
-62
-61
-62
-64
-71
-77
-81
-81
-81
-82
-84
-80
-80
-82
-77
-82
-81
-81
-78
-69
-70
-71
-64
-60
-61
-65
-69
-60
-55
-49
-44
-38
-32
-34
-28
-31
-30
-26
-25
-28
-26
-20
-19
-19
-24
-28
-23
-17
-17
-22
-22
-31
-29
-28
-27
-20
-19
-14
-20
-16
-10
-11
-4
0
-1
0
2
3
5
5
10
12
17
15
9
6
6
5
8
7
14
16
12
9
6
5
7
11
6
3
1
0
-9
-10
-13
-10
-13
-17
-14
-18
-18
-24
-20
-18
-18
-19
-18
-14
-14
-8
-9
-4
4
8
15
22
23
34
43
44
50
55
58
58
61
59
59
58
55
61
64
66
67
63
65
66
65
63
67
64
68
71
67
70
64
63
59
59
60
60
63
56
57
58
54
52
53
51
50
51
48
49
46
45
50
43
48
48
42
41
42
39
36
36
27
24
20
23
25
19
22
27
28
34
36
43
42
40
35
38
40
33
39
37
37
41
39
37
43
46
47
48
49
44
41
31
22
24
20
19
25
24
24
23
20
18
16
14
13
10
6
7
13
16
18
21
23
23
19
10
10
11
8
4
5
-1
-7
-12
-15
-19
-23
-19
-23
-22
-21
-23
-25
-28
-27
-28
-29
-33
-32
-33
-38
-38
-38
-36
-33
-33
-36
-43
-39
-43
-43
-41
-38
-30
-22
-17
-14
-9
-14
-17
-20
-23
-18
-22
-23
-22
-21
-18
-23
-26
-28
-27
-27
-33
-39
-42
-41
-46
-48
-53
-51
-48
-46
-42
-43
-45
-51
-54
-49
-49
-46
-47
-45
-41
-45
-37
-32
-27
-15
-15
-17
-18
-27
-24
-29
-37
-41
-43
-40
-38
-36
-33
-30
-22
-21
-22
-19
-26
-25
-32
-35
-41
-41
-45
-48
-42
-42
-43
-48
-46
-45
-42
-38
-38
-42
-44
-48
-51
-51
-48
-47
-43
-41
-38
-32
-30
-29
-26
-21
-25
-19
-20
-23
-21
-23
-20
-23
-19
-12
-4
-1
-4
-1
0
2
6
9
3
-1
-3
-3
3
-2
-2
-5
-7
0
-1
6
10
5
10
11
8
13
16
15
18
18
17
24
24
20
20
12
15
18
15
14
13
14
10
12
9
8
7
1
5
12
14
13
13
12
8
9
12
19
22
19
18
17
16
18
18
18
20
18
26
28
30
39
40
40
44
52
55
57
53
52
43
40
46
50
51
50
51
53
54
56
56
64
66
67
63
60
59
59
59
61
64
62
71
68
73
80
75
74
68
66
57
57
56
54
50
45
48
48
47
42
36
33
31
30
27
19
15
13
7
8
9
8
12
9
10
14
19
17
11
17
21
21
25
29
24
25
25
29
30
31
32
32
34
37
45
37
31
27
25
28
22
23
23
14
11
5
1
0
-3
-13
-14
-14
-15
-6
-9
-15
-18
-24
-22
-19
-11
-4
2
0
1
5
5
7
7
0
-5
0
-2
-5
-4
-7
-9
-8
-6
-3
3
5
7
4
-6
-9
-19
-20
-25
-28
-29
-30
-24
-28
-24
-21
-23
-25
-22
-21
-26
-24
-25
-35
-36
-36
-34
-36
-42
-36
-40
-41
-41
-46
-48
-45
-45
-46
-50
-52
-48
-50
-48
-47
-46
-44
-45
-42
-46
-45
-51
-54
-49
-42
-43
-44
-37
-38
-35
-39
-32
-31
-28
-23
-24
-22
-21
-27
-30
-27
-30
-28
-25
-23
-21
-21
-19
-22
-21
-23
-27
-24
-21
-17
-12
-11
-9
-7
-7
1
-4
-9
-11
-13
-18
-21
-20
-26
-23
-24
-29
-31
-30
-33
-35
-34
-39
-33
-32
-36
-39
-42
-40
-41
-38
-35
-34
-32
-31
-34
-33
-33
-30
-30
-30
-31
-29
-18
-22
-26
-22
-18
-17
-17
-16
-12
-10
-14
-13
-10
-9
-14
-15
-16
-22
-16
-15
-18
-9
-9
-8
-10
-10
-8
-10
-6
-4
0
1
3
2
0
-1
2
4
2
1
-1
4
7
16
20
20
18
21
24
17
20
15
15
15
15
19
17
20
15
15
18
21
21
27
30
31
27
23
13
10
10
7
3
-1
2
6
8
10
10
6
12
13
13
18
12
16
19
23
26
27
32
34
31
33
36
32
28
31
36
38
46
44
41
47
47
48
50
50
51
48
50
54
54
56
54
64
63
64
69
64
69
67
65
64
61
58
55
51
42
44
39
45
46
38
40
39
37
32
35
26
20
21
15
3
0
-5
-8
-7
-17
-12
-7
-3
1
-4
-5
-9
-11
-11
-9
-11
-12
-13
-15
-16
-19
-22
-26
-26
-21
-18
-13
-12
-11
-10
-14
-10
-6
-12
-15
-14
-9
-4
0
-2
-3
-3
-6
0
1
-9
-6
-7
-4
-5
-10
-10
-11
-9
-13
-8
-11
-14
-9
-15
-16
-19
-22
-27
-29
-31
-34
-29
-27
-25
-28
-35
-35
-35
-32
-29
-25
-24
-25
-22
-22
-23
-20
-20
-23
-24
-26
-23
-25
-24
-24
-24
-18
-20
-19
-17
-21
-21
-21
-20
-18
-9
-7
-2
-6
-6
0
-5
-4
2
7
2
5
9
5
8
3
-1
2
-2
-3
2
7
13
16
21
23
24
24
20
16
17
14
13
17
17
18
17
21
25
28
28
29
34
35
28
26
21
16
20
14
7
6
2
1
1
5
2
2
1
-3
-8
-13
-16
-25
-30
-37
-39
-42
-45
-43
-40
-42
-41
-37
-35
-41
-40
-33
-38
-40
-43
-54
-57
-54
-58
-62
-61
-61
-61
-55
-55
-52
-52
-47
-38
-38
-37
-38
-35
-40
-42
-40
-37
-36
-30
-33
-31
-21
-22
-12
-10
-7
0
0
3
2
1
0
5
9
12
19
24
20
21
19
18
19
19
24
28
31
28
34
28
27
29
28
25
24
31
30
25
17
16
14
6
3
6
9
9
10
9
11
8
3
4
5
1
3
-2
-2
2
-1
2
-4
-8
-13
-17
-12
-7
-6
-13
-15
-18
-21
-16
-16
-13
-5
-3
-3
-2
-4
-5
-1
5
5
8
10
14
13
17
24
21
22
27
31
31
31
29
36
33
31
26
22
29
24
23
26
32
40
34
41
39
45
48
46
48
45
45
42
44
43
40
46
41
44
48
47
50
47
46
40
45
42
43
43
42
46
44
47
40
36
31
30
27
22
26
20
21
23
18
24
28
32
33
29
25
31
37
26
29
17
12
11
6
11
6
12
18
14
26
30
29
34
33
32
34
37
39
31
33
31
24
30
26
25
26
27
26
25
26
24
29
29
26
26
26
21
15
7
-5
-16
-17
-16
-18
-14
-10
-1
-9
-10
-11
-8
-6
-3
-7
-18
-22
-21
-20
-21
-21
-27
-29
-31
-25
-32
-33
-29
-28
-26
-27
-25
-27
-28
-34
-29
-29
-26
-19
-23
-21
-17
-18
-21
-19
-14
-12
-14
-18
-19
-27
-33
-35
-36
-32
-29
-31
-26
-24
-24
-21
-16
-20
-21
-16
-15
-14
-16
-12
-9
-13
-15
-18
-16
-20
-22
-25
-28
-28
-27
-24
-27
-24
-24
-29
-34
-32
-32
-34
-43
-53
-52
-59
-57
-62
-62
-70
-70
-71
-68
-65
-61
-58
-65
-53
-53
-50
-49
-53
-55
-59
-61
-59
-55
-53
-54
-60
-66
-72
-66
-69
-66
-61
-56
-60
-61
-54
-51
-50
-46
-34
-33
-35
-33
-32
-34
-30
-25
-27
-30
-21
-17
-14
-11
-12
-5
-3
-6
-3
1
2
-6
-7
-5
-8
-4
-5
-7
-7
-2
-1
0
3
5
10
10
15
14
8
10
8
16
22
16
18
22
24
22
17
19
20
19
16
16
19
22
23
26
22
25
25
22
27
16
14
16
7
2
2
0
-3
-8
-8
-6
-6
-7
-10
-12
-15
-17
-19
-18
-13
-13
-11
-5
-6
0
8
13
17
26
36
46
56
56
56
57
63
62
67
70
78
80
77
85
86
92
90
91
92
100
99
103
107
109
110
109
108
110
110
105
104
103
97
91
87
80
76
73
72
70
70
67
58
53
49
44
32
32
23
19
20
17
20
16
21
16
9
5
1
-12
-10
-6
-7
-9
-13
-13
-21
-24
-23
-15
-16
-18
-15
-16
-10
-12
-13
-15
-16
-16
-14
-13
-14
-6
-10
-13
-9
-11
-4
-1
-2
2
5
7
7
14
25
26
30
31
30
30
29
29
21
16
10
8
3
-1
-3
-4
-5
-9
-9
-9
-4
-9
-6
-6
-8
-9
-19
-25
-41
-47
-52
-55
-54
-56
-53
-47
-49
-44
-37
-42
-42
-47
-54
-60
-62
-67
-62
-54
-46
-43
-34
-29
-29
-25
-20
-23
-27
-33
-34
-32
-36
-35
-37
-37
-31
-22
-16
-16
-8
-6
-3
-3
-3
-3
-9
-10
-11
-11
-12
-9
-4
0
2
13
10
7
1
-12
-13
-17
-16
-22
-27
-30
-27
-25
-22
-20
-20
-21
-23
-23
-31
-37
-42
-45
-45
-46
-49
-46
-43
-44
-38
-38
-38
-44
-54
-58
-59
-62
-58
-63
-63
-52
-53
-51
-48
-42
-48
-44
-43
-49
-51
-51
-49
-54
-52
-46
-48
-45
-42
-36
-30
-31
-19
-19
-17
-10
-8
-1
3
3
5
6
7
9
13
10
11
14
11
12
12
19
20
21
28
31
33
38
45
46
48
48
44
41
38
43
39
40
38
32
31
25
22
21
22
17
19
16
14
9
8
10
5
9
6
4
1
-1
-9
-11
-11
-13
-10
-14
-13
-8
-9
-3
-4
1
4
4
4
5
13
18
22
24
30
37
38
45
47
51
64
72
73
72
76
76
82
87
85
95
99
102
114
125
125
124
122
116
115
114
116
116
116
117
115
115
111
107
103
96
92
83
75
72
61
55
47
37
33
23
21
16
15
12
8
-1
-3
-9
-17
-19
-32
-38
-43
-46
-48
-49
-50
-49
-50
-48
-45
-51
-49
-43
-47
-54
-57
-63
-63
-67
-65
-57
-61
-55
-48
-42
-41
-42
-43
-39
-37
-35
-31
-23
-19
-12
0
8
17
19
27
30
28
30
30
31
30
31
35
39
39
44
52
59
58
63
58
59
58
50
51
48
51
48
46
44
44
42
40
38
37
33
27
25
17
16
15
10
6
-3
-8
-13
-18
-20
-24
-25
-32
-33
-29
-37
-38
-41
-46
-46
-50
-53
-50
-48
-47
-52
-54
-52
-48
-52
-56
-61
-63
-63
-66
-58
-61
-59
-62
-68
-71
-73
-77
-71
-70
-67
-63
-61
-58
-58
-57
-56
-50
-44
-38
-40
-40
-36
-42
-40
-37
-38
-41
-35
-34
-35
-30
-34
-30
-28
-35
-36
-36
-34
-39
-34
-31
-31
-29
-24
-17
-25
-27
-22
-22
-25
-24
-28
-24
-28
-36
-38
-36
-37
-44
-37
-40
-38
-42
-46
-42
-41
-35
-31
-30
-32
-24
-24
-26
-25
-24
-24
-27
-30
-30
-28
-28
-31
-33
-33
-30
-35
-32
-24
-22
-19
-18
-8
-4
-4
-7
-7
-4
-7
-10
-4
-1
4
8
12
17
18
17
12
17
22
21
26
22
22
25
24
29
27
28
34
35
37
36
32
34
33
24
19
17
16
19
22
23
21
22
23
17
20
22
24
26
27
26
29
28
28
23
21
23
20
25
24
21
27
28
27
31
29
29
31
29
28
29
27
32
39
42
41
43
44
38
37
37
36
31
36
31
30
33
38
39
39
44
38
36
40
35
32
30
27
29
32
39
44
49
47
43
37
37
30
29
31
24
20
13
14
17
23
23
26
31
37
43
40
37
38
33
31
33
35
33
26
31
23
26
25
22
24
26
33
31
34
34
34
25
15
15
11
13
10
5
6
3
6
0
-3
-1
1
-5
-11
-7
-19
-25
-27
-32
-32
-31
-32
-25
-21
-21
-16
-11
-16
-9
-2
-2
4
2
3
5
5
4
4
6
1
1
0
2
2
-2
2
-6
-11
-12
-10
-8
-4
0
-2
-5
-10
-8
-11
-15
-20
-27
-30
-32
-30
-32
-29
-26
-32
-30
-25
-27
-25
-24
-23
-20
-20
-22
-25
-28
-23
-19
-17
-8
-5
-6
-7
-12
-16
-23
-28
-29
-41
-34
-38
-36
-32
-32
-23
-24
-25
-30
-37
-44
-54
-54
-61
-66
-70
-66
-63
-61
-60
-60
-55
-59
-56
-52
-56
-56
-56
-57
-50
-53
-55
-49
-46
-45
-40
-37
-35
-34
-31
-24
-15
-12
-20
-17
-16
-19
-17
-20
-19
-18
-15
-8
-10
-6
0
4
5
4
4
3
3
-1
3
7
13
20
23
15
14
11
4
1
-3
-6
-14
-9
-10
-8
-13
-13
-16
-16
-12
-14
-12
-13
-8
-8
-7
-6
-5
2
-4
-4
1
5
4
4
7
5
7
12
10
10
11
10
7
10
9
12
17
17
22
21
25
24
30
31
30
39
40
44
46
42
38
41
40
46
46
46
44
50
54
55
55
59
67
68
74
65
68
66
65
65
61
65
63
63
63
58
62
58
56
53
47
38
30
27
24
24
25
19
12
9
5
-1
-1
-5
-12
-14
-28
-36
-39
-39
-34
-39
-35
-29
-31
-29
-32
-31
-35
-25
-21
-21
-16
-16
-19
-16
-10
-7
-7
-1
3
9
14
11
15
11
11
11
8
14
18
23
28
31
39
38
32
34
33
34
35
36
36
39
47
55
63
72
70
75
77
75
75
75
75
72
78
78
89
87
82
88
88
90
83
78
73
69
65
58
55
53
41
34
28
24
24
14
11
6
-2
-9
-18
-17
-27
-37
-36
-37
-41
-49
-52
-52
-55
-55
-58
-60
-64
-67
-62
-67
-65
-60
-60
-61
-62
-60
-56
-52
-50
-55
-53
-46
-47
-47
-44
-43
-44
-40
-44
-46
-47
-41
-46
-46
-37
-37
-34
-33
-32
-31
-29
-28
-27
-36
-32
-26
-31
-28
-28
-31
-33
-29
-23
-26
-25
-20
-19
-17
-15
-16
-17
-20
-25
-30
-33
-34
-34
-28
-30
-28
-26
-26
-24
-22
-21
-30
-33
-36
-37
-36
-29
-33
-43
-48
-50
-49
-57
-52
-52
-45
-46
-49
-42
-46
-36
-33
-26
-24
-21
-18
-17
-13
-15
-16
-14
-6
-2
-6
-5
-6
-10
-12
-13
-5
-3
4
14
12
6
2
6
4
5
12
13
13
15
14
14
16
18
14
10
10
15
17
10
15
9
6
6
5
6
1
-3
-2
0
-3
-3
-8
-7
-9
-12
-11
-7
-14
-20
-27
-28
-26
-27
-21
-19
-16
-27
-27
-28
-34
-37
-45
-48
-51
-48
-51
-46
-47
-51
-48
-41
-37
-30
-32
-32
-32
-32
-32
-32
-23
-15
-12
-13
-7
1
10
20
27
32
33
35
36
36
38
38
41
45
53
58
60
68
70
68
65
62
60
64
69
74
78
78
72
74
77
78
81
86
84
83
76
77
74
64
55
45
36
31
33
34
31
25
23
19
19
16
13
8
0
3
1
5
9
4
13
8
11
15
10
11
14
10
10
11
9
4
-4
-3
-9
-9
1
0
7
4
4
6
5
6
0
2
5
3
4
7
12
14
10
13
10
13
18
19
22
23
26
26
29
28
27
26
24
28
25
26
26
24
24
24
30
33
34
31
27
27
28
24
22
22
16
5
-8
-23
-29
-33
-34
-35
-29
-32
-40
-38
-33
-35
-42
-38
-39
-39
-38
-38
-44
-49
-46
-46
-45
-37
-35
-31
-25
-21
-25
-31
-37
-43
-44
-48
-38
-30
-28
-26
-22
-22
-21
-19
-18
-14
-10
-1
8
8
8
7
12
13
9
12
12
14
21
24
23
21
19
16
17
17
20
19
12
14
13
13
11
14
16
12
11
3
1
5
-2
-9
-11
-15
-18
-25
-29
-28
-30
-32
-30
-32
-32
-41
-44
-47
-53
-50
-46
-46
-39
-42
-39
-44
-45
-41
-48
-42
-44
-46
-39
-36
-36
-36
-39
-35
-30
-24
-17
-18
-12
-12
-19
-18
-14
-17
-18
-16
-6
0
9
15
16
21
17
16
18
23
24
27
25
21
28
26
30
26
23
20
20
22
16
20
17
18
15
16
11
10
9
13
16
5
1
0
4
3
4
3
-2
-5
-4
-7
-9
-9
-15
-17
-14
-15
-18
-17
-18
-22
-25
-21
-20
-22
-12
-10
-7
0
5
12
13
10
3
8
5
-1
-8
-14
-18
-19
-21
-20
-16
-17
-13
-14
-11
-6
-12
-8
-4
-4
0
8
8
15
23
20
24
27
28
24
14
13
12
12
12
20
23
22
22
21
18
19
25
24
22
23
25
24
27
30
31
26
25
20
17
18
21
19
12
11
8
13
15
21
21
18
18
20
24
26
29
31
34
28
32
34
37
38
34
33
33
41
44
45
43
41
35
31
24
21
13
5
3
-1
-8
-5
-12
-11
-11
-6
-2
2
7
6
8
6
6
4
2
-1
0
5
6
14
11
7
5
2
1
3
10
7
12
4
6
9
15
17
12
16
17
23
21
19
16
10
7
1
4
2
-1
-2
-2
-6
-12
-11
-12
-13
-20
-23
-27
-32
-30
-33
-36
-38
-30
-28
-21
-12
-14
-12
-14
-16
-9
-2
7
21
25
27
26
26
26
28
30
26
28
31
33
25
20
14
13
12
9
1
5
6
6
9
8
22
24
27
27
24
25
20
24
24
21
14
13
7
11
14
17
21
12
6
7
7
5
4
4
6
10
12
12
13
12
8
-1
-9
-20
-27
-35
-42
-46
-47
-43
-43
-45
-47
-49
-56
-53
-50
-61
-58
-58
-63
-63
-62
-59
-57
-57
-50
-50
-57
-55
-54
-49
-47
-44
-37
-36
-33
-38
-38
-32
-29
-22
-22
-27
-29
-38
-40
-43
-51
-54
-57
-58
-63
-51
-49
-48
-42
-47
-43
-41
-43
-49
-50
-45
-43
-38
-32
-30
-35
-47
-47
-41
-34
-29
-31
-24
-27
-32
-26
-27
-29
-29
-34
-31
-26
-25
-25
-24
-25
-35
-38
-36
-24
-13
-11
-16
-18
-16
-12
-1
1
-7
-14
-15
-10
-2
3
3
0
-12
-14
-9
-3
1
0
-3
-8
-2
0
1
-2
-1
-2
1
12
20
27
26
24
16
20
18
11
11
13
11
14
19
25
38
47
48
46
47
50
61
69
71
69
64
63
63
68
66
60
61
64
66
71
77
72
54
41
34
31
26
21
23
26
25
21
18
19
20
10
11
9
10
14
9
6
-5
-3
-4
-6
-1
1
11
18
21
29
35
27
30
29
26
21
12
17
22
25
26
33
34
41
45
46
49
46
43
45
49
46
52
57
56
53
50
43
39
41
38
31
35
35
30
37
42
40
31
37
39
43
53
57
65
67
65
59
54
57
54
52
53
46
47
43
42
36
30
27
21
25
20
7
4
-1
-4
-4
-1
-3
-4
-6
-12
-10
-12
-12
-9
-7
-1
1
-4
-5
-3
-2
4
4
-1
-3
-5
-13
-16
-14
-10
-14
-12
-11
-18
-15
-19
-16
-12
-14
-7
-3
-8
-15
-24
-31
-32
-35
-32
-30
-34
-27
-26
-26
-35
-37
-37
-42
-39
-37
-38
-34
-36
-34
-29
-28
-29
-28
-33
-34
-29
-30
-36
-41
-42
-53
-55
-52
-54
-55
-52
-48
-45
-47
-48
-51
-61
-74
-77
-73
-72
-63
-62
-66
-62
-62
-59
-55
-51
-42
-40
-41
-42
-42
-36
-45
-54
-54
-62
-58
-51
-49
-49
-48
-45
-44
-42
-39
-38
-32
-32
-29
-26
-28
-25
-29
-36
-37
-35
-30
-21
-20
-21
-16
-26
-28
-28
-27
-19
-12
-3
1
7
9
11
4
-7
-5
0
7
11
20
24
26
23
19
19
12
9
8
8
14
12
14
14
14
12
9
11
11
10
10
15
7
1
-1
3
8
2
3
7
4
9
7
5
8
2
5
6
14
18
15
17
19
21
22
26
23
25
27
33
36
36
37
36
32
25
31
36
44
54
66
72
67
70
70
66
54
47
49
41
37
35
35
31
22
27
35
39
44
46
42
36
37
39
32
28
22
20
28
37
41
52
55
50
48
40
40
30
21
23
19
24
26
24
27
28
26
32
37
47
48
52
54
51
44
38
29
22
23
21
19
17
18
21
19
20
21
21
25
24
32
32
33
36
36
40
47
50
42
37
42
39
35
43
36
34
31
25
30
24
26
27
22
26
22
14
20
14
7
3
-5
-10
-11
-9
-9
-1
-4
1
8
12
17
11
12
7
7
4
4
1
-6
-9
-19
-21
-26
-32
-29
-25
-28
-26
-27
-24
-20
-20
-15
-14
-21
-28
-25
-23
-25
-23
-24
-25
-30
-35
-38
-40
-37
-44
-44
-44
-47
-50
-52
-47
-48
-52
-48
-49
-45
-42
-37
-30
-25
-20
-19
-20
-17
-18
-21
-20
-22
-27
-34
-39
-42
-42
-39
-37
-31
-35
-37
-40
-34
-32
-34
-33
-48
-51
-53
-55
-54
-53
-54
-53
-49
-42
-29
-17
-16
-16
-17
-24
-27
-40
-41
-41
-42
-44
-47
-46
-49
-47
-53
-52
-50
-50
-47
-37
-35
-39
-44
-46
-46
-48
-42
-32
-29
-33
-35
-35
-34
-42
-50
-62
-70
-65
-62
-60
-59
-69
-68
-58
-54
-41
-33
-26
-34
-33
-28
-26
-20
-25
-22
-16
-15
-3
7
8
11
1
-14
-19
-15
-5
-2
-3
-5
-3
-1
6
14
8
6
4
6
12
23
20
20
18
15
20
26
39
50
50
50
45
45
41
43
38
30
24
16
16
15
24
25
27
27
27
32
34
38
40
43
42
41
46
56
57
63
66
66
71
71
70
71
70
63
68
69
59
54
45
43
39
42
44
41
39
36
30
34
36
39
42
41
35
30
27
30
32
29
26
22
16
10
8
11
7
-1
-7
2
1
-2
3
-4
-1
0
1
2
3
7
9
9
6
7
10
9
13
12
14
11
15
26
24
22
20
20
21
19
19
23
24
22
23
32
40
46
47
51
43
38
39
36
37
36
30
21
15
18
27
27
21
25
30
34
31
32
28
26
29
24
18
17
15
7
4
-2
-4
-4
-7
-10
-12
-15
-17
-10
-13
-9
-6
-12
-10
-9
-3
-2
-9
-12
-14
-10
-13
-8
-9
-15
-16
-16
-18
-12
-10
-10
-16
-17
-20
-20
-17
-14
-7
-8
-8
-6
-4
1
3
-3
-11
-8
-12
-10
-7
-10
-19
-26
-28
-28
-31
-34
-26
-22
-19
-21
-23
-27
-29
-27
-33
-34
-38
-41
-42
-36
-34
-35
-30
-32
-27
-29
-36
-34
-37
-38
-37
-35
-39
-41
-44
-53
-52
-55
-55
-54
-53
-57
-59
-57
-63
-60
-59
-62
-61
-54
-49
-47
-47
-43
-36
-38
-36
-35
-35
-39
-35
-28
-20
-13
-3
1
0
5
6
-1
-10
-18
-23
-21
-13
-7
-2
-2
-4
-3
-5
-4
-3
9
14
11
11
11
1
-3
-6
-8
-7
-8
-11
-10
-5
-9
-8
-6
-8
-8
-2
1
4
9
6
10
8
11
5
9
12
3
3
4
6
5
3
-3
-4
-2
0
-5
-8
-7
-7
-6
-4
-4
-5
-7
-7
-3
1
1
0
-2
-7
-7
-5
-2
-1
2
4
4
-1
6
6
3
10
12
8
12
13
14
16
20
30
28
25
25
25
28
29
28
25
22
23
25
25
25
22
18
22
27
25
24
21
21
17
12
10
5
2
-4
-5
-4
0
1
6
24
20
23
28
25
31
28
24
24
17
14
11
4
7
4
0
4
7
12
16
23
32
31
30
35
32
37
40
42
44
46
50
54
57
58
51
46
42
42
40
39
39
35
30
27
31
41
44
45
51
49
57
65
67
64
60
59
55
55
52
58
59
50
43
40
37
33
34
30
28
22
17
20
16
13
9
3
0
-5
0
0
-4
-12
-24
-25
-25
-24
-22
-20
-13
-5
-2
0
2
2
0
-3
-6
-5
-14
-18
-25
-33
-35
-40
-31
-26
-30
-24
-20
-14
-5
-5
-6
-3
-1
0
1
7
7
13
19
20
30
35
39
32
25
24
30
29
20
13
5
2
8
17
22
26
29
30
33
44
51
46
40
41
34
30
32
37
22
3
-6
-12
-18
-22
-28
-41
-45
-46
-52
-55
-60
-68
-70
-79
-79
-73
-70
-59
-62
-62
-70
-75
-72
-69
-66
-66
-60
-58
-53
-52
-48
-54
-58
-59
-66
-56
-47
-39
-36
-40
-42
-47
-47
-39
-37
-32
-29
-26
-26
-37
-42
-48
-53
-60
-62
-55
-48
-43
-36
-32
-43
-42
-40
-46
-45
-53
-50
-49
-55
-48
-46
-44
-49
-52
-50
-49
-39
-40
-33
-25
-28
-33
-36
-34
-30
-30
-33
-36
-39
-34
-30
-28
-38
-49
-47
-49
-39
-31
-30
-32
-28
-23
-13
-9
-12
-10
-8
-9
-7
-6
-2
-1
-2
7
11
16
23
25
20
24
28
28
27
31
33
28
26
26
26
27
33
31
27
24
24
30
33
33
34
26
18
14
13
16
14
15
14
19
23
21
22
19
18
13
13
15
9
6
2
-1
-5
-6
-6
-7
-7
-7
-3
1
9
19
23
16
18
17
21
27
31
30
23
16
12
10
17
16
12
6
-3
-7
-6
-3
-1
1
5
17
22
27
33
32
32
34
32
36
36
38
38
33
33
30
32
35
42
44
53
59
59
64
65
61
64
69
68
72
81
84
83
86
89
93
99
99
89
94
96
97
101
96
96
91
92
88
82
74
71
71
71
75
70
66
57
51
42
31
18
5
5
-2
0
-2
-12
-14
-17
-19
-21
-21
-18
-17
-15
-13
-20
-31
-29
-34
-38
-43
-57
-58
-65
-65
-66
-67
-64
-63
-58
-55
-50
-41
-40
-43
-38
-37
-36
-31
-31
-26
-17
-17
-14
-15
-10
-5
-1
6
9
6
3
3
-1
-6
-16
-16
-22
-20
-16
-15
-4
0
1
-5
-16
-20
-23
-30
-28
-31
-31
-26
-25
-30
-27
-35
-40
-43
-47
-36
-29
-28
-31
-36
-44
-46
-46
-46
-45
-39
-35
-33
-33
-40
-44
-42
-43
-43
-40
-37
-31
-24
-24
-23
-30
-35
-41
-50
-50
-57
-62
-64
-66
-67
-63
-58
-60
-52
-39
-38
-25
-16
-13
-11
-13
-7
-6
-7
-3
6
15
20
16
5
3
-3
-7
-8
-8
-12
-13
-6
-3
-2
-6
-4
-6
-1
0
7
20
21
20
17
15
15
12
12
8
9
17
19
22
19
15
16
12
9
10
15
15
16
12
14
15
9
5
2
5
3
3
8
-2
-3
-7
-11
-9
-12
-5
-6
-3
-3
-3
-5
-11
-16
-23
-22
-23
-24
-28
-33
-40
-46
-51
-54
-51
-47
-37
-28
-19
-14
-9
-5
-5
-4
-2
1
8
2
2
2
3
5
-2
-5
-5
-10
-8
-2
5
11
19
25
29
30
32
29
36
39
45
47
47
53
55
62
64
68
73
74
72
82
83
77
79
77
79
74
73
80
78
77
76
80
85
80
84
82
77
76
72
67
64
58
51
49
49
49
47
46
39
33
34
28
26
19
12
11
10
8
7
2
-5
2
2
12
15
9
12
5
12
10
8
9
4
7
6
8
11
17
14
7
0
-10
-13
-22
-26
-29
-37
-42
-44
-36
-33
-34
-34
-34
-30
-23
-14
-9
-7
-9
-13
-11
-6
-5
-5
-6
0
8
8
13
11
9
9
-2
-4
-7
-10
-15
-17
-14
-7
-3
2
4
11
18
19
19
17
11
6
1
1
-1
1
10
8
15
18
15
8
-3
-10
-12
-19
-15
-5
-2
1
0
1
3
6
8
1
2
0
0
-1
-4
-11
-24
-26
-22
-22
-18
-15
-19
-22
-33
-41
-46
-47
-53
-62
-71
-73
-74
-75
-70
-72
-78
-74
-72
-75
-68
-56
-45
-44
-45
-38
-39
-38
-35
-29
-22
-16
-13
-18
-19
-23
-22
-19
-10
-8
-9
-12
-9
-12
-19
-26
-25
-17
-14
-9
0
6
4
2
-2
0
-1
-3
5
6
3
-2
-2
-5
-13
-11
-16
-22
-23
-22
-15
-16
-20
-15
-14
-7
-4
-7
1
0
-9
-10
-11
-17
-26
-26
-25
-33
-33
-31
-30
-27
-24
-20
-20
-25
-31
-34
-35
-30
-26
-23
-21
-20
-22
-16
-20
-21
-17
-13
-1
0
3
9
11
14
11
13
13
13
13
13
13
8
4
0
-14
-11
-14
-11
-10
-10
-3
-7
-6
-1
7
6
2
-2
-7
-15
-16
-19
-21
-28
-30
-27
-28
-25
-23
-23
-19
-18
-13
-9
-9
-2
-4
-5
-4
-4
-2
-2
-2
-1
14
18
21
23
19
21
11
8
10
11
10
4
15
16
15
15
9
10
19
21
26
29
32
33
34
39
32
36
41
41
38
33
34
31
21
26
29
32
36
32
35
32
30
33
36
40
31
27
29
24
25
21
22
25
23
18
19
21
24
27
25
20
24
15
15
18
15
21
23
25
22
26
27
20
19
19
15
13
14
9
7
13
20
21
28
30
31
37
30
32
30
34
34
37
43
40
39
41
39
39
35
28
35
28
24
33
31
39
36
35
37
38
41
46
53
59
59
60
63
60
57
54
54
57
59
53
45
39
43
39
41
38
36
31
26
22
22
13
3
-2
-13
-16
-16
-17
-17
-19
-26
-32
-36
-37
-46
-61
-63
-69
-72
-69
-65
-65
-71
-80
-83
-82
-85
-80
-80
-84
-88
-88
-86
-80
-79
-75
-69
-63
-58
-47
-49
-52
-39
-40
-41
-41
-39
-37
-34
-29
-16
-5
4
12
10
13
8
7
15
16
14
10
12
15
18
16
12
12
13
11
21
25
22
28
22
11
5
9
18
16
18
20
14
9
6
-2
-7
-14
-16
-26
-30
-29
-40
-47
-46
-50
-49
-45
-46
-48
-41
-42
-48
-45
-52
-53
-50
-50
-49
-46
-48
-56
-58
-61
-54
-56
-60
-57
-58
-59
-57
-48
-44
-41
-42
-38
-29
-26
-23
-20
-15
-7
-6
-2
2
2
6
10
9
11
13
17
14
7
9
11
14
16
18
8
8
5
-2
8
9
10
4
2
1
-3
3
-6
-5
-9
-14
-10
-8
-13
-17
-19
-21
-18
-23
-25
-23
-20
-23
-25
-29
-34
-34
-39
-43
-32
-35
-37
-32
-22
-11
-8
-3
8
17
21
27
32
31
34
40
44
49
45
44
49
48
45
43
44
45
40
42
41
46
59
62
63
58
56
61
56
52
59
56
66
70
66
69
68
63
64
56
57
56
42
42
37
36
36
41
42
41
40
34
33
31
33
29
30
26
29
37
33
38
38
34
34
34
32
35
39
29
24
17
9
13
20
27
27
31
25
20
26
24
27
34
36
38
35
39
37
35
30
28
28
27
32
40
42
45
52
53
50
48
45
43
42
39
33
29
28
25
32
34
30
28
22
28
33
29
32
34
30
33
39
32
33
28
26
32
35
33
24
15
13
9
2
0
1
-1
-8
-16
-16
-20
-23
-20
-24
-24
-23
-25
-29
-38
-37
-38
-37
-31
-29
-31
-36
-38
-36
-39
-42
-44
-46
-50
-53
-52
-52
-50
-47
-50
-50
-45
-40
-38
-32
-31
-36
-34
-39
-42
-37
-45
-50
-46
-44
-30
-21
-16
-16
-18
-18
-17
-11
-12
-13
-22
-24
-24
-25
-27
-37
-32
-30
-32
-25
-22
-23
-34
-36
-35
-36
-31
-26
-28
-36
-35
-34
-43
-51
-49
-45
-44
-45
-53
-59
-73
-81
-86
-83
-79
-83
-85
-95
-102
-109
-117
-116
-121
-114
-111
-107
-103
-101
-98
-97
-94
-96
-93
-92
-87
-88
-91
-87
-94
-98
-90
-73
-67
-59
-53
-49
-41
-44
-45
-39
-36
-35
-31
-22
-12
-7
1
10
19
22
26
34
34
36
45
41
42
35
36
33
27
30
35
42
39
39
40
37
28
14
12
6
6
12
15
25
39
45
39
31
33
33
37
35
38
39
42
42
42
35
37
29
34
38
36
50
12
47
43
22
45
29
37
42
19
39
47
34
59
61
46
54
60
38
48
43
39
50
41
54
48
42
50
48
53
55
59
60
57
58
48
50
50
48
49
47
43
44
41
38
37
26
27
22
19
24
20
18
15
21
18
12
13
11
23
22
26
25
23
25
19
18
14
24
32
36
37
41
42
36
33
38
41
39
39
39
49
48
44
39
41
38
32
29
19
22
20
20
15
14
18
12
20
20
22
24
24
27
32
46
39
35
34
31
25
25
19
16
22
24
17
19
21
17
14
17
25
17
19
9
-3
-7
1
2
5
1
1
-6
-14
-6
-14
-15
-21
-23
-22
-26
-25
-22
-16
-11
-11
-8
-4
1
6
-1
-7
-7
-5
-13
-12
-12
-16
-20
-24
-17
-10
-9
-18
-17
-13
-17
-24
-24
-18
-14
-14
-21
-19
-28
-40
-49
-52
-61
-60
-55
-67
-67
-77
-79
-78
-74
-65
-67
-63
-66
-73
-69
-69
-69
-61
-61
-53
-51
-56
-55
-56
-58
-57
-56
-46
-41
-40
-37
-38
-39
-32
-30
-29
-26
-26
-23
-20
-21
-26
-24
-27
-36
-45
-50
-48
-46
-52
-44
-42
-42
-30
-28
-27
-29
-35
-30
-24
-26
-28
-34
-39
-44
-43
-43
-39
-34
-31
-30
-25
-22
-21
-23
-21
-18
-22
-14
-11
-7
-9
-11
-11
-6
-7
-3
5
4
6
1
-1
-5
0
12
18
20
20
22
30
31
36
39
36
40
38
48
52
55
58
54
60
60
61
65
65
69
68
72
70
74
76
71
67
65
59
56
55
44
42
40
41
38
39
37
36
34
28
21
18
20
24
26
27
31
30
31
29
34
24
25
26
24
25
18
16
14
17
16
20
16
19
23
27
30
28
26
17
14
8
8
6
9
10
8
1
-3
1
3
4
3
4
-4
-9
-8
-8
-2
-5
0
2
2
1
3
1
-3
1
0
2
1
-2
-2
8
11
10
24
24
27
32
33
28
20
15
7
4
2
9
10
15
18
17
24
18
24
21
20
28
26
23
28
35
36
37
35
37
42
39
43
42
33
31
29
36
37
41
47
48
49
47
45
48
48
41
36
25
25
22
18
10
6
-4
-14
-19
-27
-32
-32
-29
-27
-26
-32
-28
-31
-33
-40
-42
-41
-44
-40
-39
-33
-37
-32
-26
-21
-17
-17
-10
-13
-12
-8
-10
-5
-4
-3
-7
-12
-6
-2
2
2
2
0
-4
-5
-3
-1
-1
3
5
1
0
0
-6
-7
-16
-27
-31
-31
-30
-22
-15
-18
-15
-17
-19
-25
-21
-26
-28
-20
-27
-33
-41
-47
-49
-49
-53
-52
-53
-59
-60
-57
-63
-67
-67
-69
-73
-81
-81
-80
-81
-80
-79
-80
-75
-71
-68
-48
-71
-32
-111
-149
-64
-105
-49
-39
-42
-15
-70
-53
14
-9
34
60
28
1
27
-23
-53
18
-9
18
22
8
33
-18
-27
13
-4
12
38
23
-13
-8
-29
-38
-10
-22
-9
18
16
26
24
14
27
20
18
38
19
9
6
-4
-4
1
7
11
19
13
9
15
4
1
-3
-6
-7
-19
-13
-19
-25
-18
-15
-15
-28
-30
-33
-32
-22
-14
-6
5
-1
-2
5
6
-3
-12
-5
-2
-14
-15
-15
-20
-9
-15
-5
6
6
14
8
3
7
6
9
16
11
17
24
28
36
38
35
36
30
39
35
31
39
38
41
33
36
27
26
28
28
33
27
35
34
35
42
34
30
35
22
14
9
7
11
5
1
-1
-1
2
10
22
17
16
7
-7
-9
-11
-8
-2
-1
-2
-6
-11
-24
-16
-13
-13
4
4
4
-3
-6
-10
-17
-17
-4
10
16
14
17
24
24
36
35
38
47
54
64
58
62
65
72
69
68
64
65
67
62
62
58
55
56
55
62
82
75
71
78
69
72
64
72
67
65
48
61
0
-69
69
52
46
79
45
24
-25
-46
16
30
21
70
41
-28
-27
-9
-47
-6
7
-8
5
-12
-15
-22
-68
-53
-49
-53
-44
-36
-48
-52
-55
-65
-46
-52
-44
-25
-21
-29
-26
-22
-28
-31
-29
-15
-11
1
12
23
21
15
21
16
14
17
29
36
38
33
37
30
12
18
26
25
28
22
29
21
16
25
16
14
-2
9
15
9
9
1
-3
-30
-28
-23
-37
-34
-32
-24
-32
-45
-35
-39
-48
-47
-45
-52
-61
-62
-73
-73
-78
-71
-64
-74
-73
-82
-91
-82
-89
-83
-73
-68
-76
-92
-83
-80
-80
-73
-67
-71
-64
-54
-58
-47
-41
-41
-39
-40
-49
-54
-54
-42
-29
-33
-25
-28
-40
-42
-22
-21
-12
-7
-11
-8
-9
2
4
11
22
16
12
16
17
22
9
4
7
4
7
11
9
12
7
6
-4
0
14
6
13
2
-3
-4
0
1
-9
0
-1
6
12
-2
-3
-7
-7
-4
0
3
1
-6
-13
-6
-10
-17
-15
-7
-7
-7
-5
-3
-3
-10
-10
0
-6
-13
-15
-13
-12
-11
2
0
-8
-17
-19
-7
-11
-8
-1
-12
-15
-14
-13
-7
-1
8
11
6
17
22
28
32
31
40
36
40
43
44
44
39
43
39
35
36
43
45
49
48
49
46
36
34
50
56
59
72
67
65
62
66
58
47
53
60
63
56
57
48
46
42
47
56
60
61
46
28
21
7
1
4
0
5
10
-1
-9
1
8
0
4
25
28
21
15
19
14
10
7
9
10
5
4
5
10
8
15
19
14
23
29
20
23
23
16
12
12
26
46
47
49
52
41
35
46
61
68
70
68
67
58
44
53
70
71
77
80
70
61
42
35
39
34
39
45
45
35
25
21
21
13
2
-2
0
-12
-16
-12
-25
-29
-37
-40
-45
-56
-50
-56
-70
-77
-81
-80
-81
-66
-65
-75
-62
-55
-56
-53
-39
-36
-36
-30
-26
-32
-20
-23
-24
-15
-8
-9
-20
-13
-7
-11
-8
0
-6
-14
-14
-16
-7
3
0
-3
2
1
-15
-19
-15
-13
-7
12
16
9
0
-8
-14
-26
-24
-21
-25
-28
-37
-44
-45
-50
-58
-60
-44
-43
-40
-47
-49
-55
-67
-68
-74
-62
-62
-63
-65
-72
-74
-74
-65
-72
-68
-57
-62
-65
-61
-71
-60
-54
-53
-43
-39
-39
-34
-36
-50
-45
-42
-28
-13
-11
-7
-1
-2
-9
1
5
0
4
6
12
12
15
11
6
4
-1
-2
-9
-8
-2
-16
-28
-25
-30
-27
-26
-17
-11
-3
5
0
-2
-13
-14
-15
-14
-13
-15
-17
-22
-25
-28
-19
-14
-11
-11
-15
-18
-19
-29
-29
-33
-33
-27
-25
-20
-22
-29
-30
-21
-23
-24
-23
-23
-27
-32
-34
-21
-25
-36
-31
-18
-18
-21
-20
-18
-10
-10
-10
1
-5
-14
-18
-13
-2
8
6
4
8
-8
-8
0
-1
-5
2
12
1
-5
-12
-11
-5
10
31
44
48
41
29
26
38
50
56
65
62
53
54
66
67
71
82
90
102
98
98
94
82
77
79
86
95
96
88
78
76
67
65
74
82
75
71
71
65
56
43
37
35
36
36
38
29
26
19
11
11
18
21
22
29
29
25
21
23
34
36
33
35
32
26
19
24
31
32
36
39
39
36
30
26
26
21
12
15
21
21
19
24
24
21
13
17
24
27
33
27
21
26
25
17
24
33
38
36
41
41
30
34
20
17
13
15
20
22
20
7
16
11
3
4
3
4
3
1
-5
-15
-31
-38
-42
-38
-33
-37
-33
-36
-47
-62
-58
-45
-33
-37
-42
-40
-48
-54
-61
-60
-58
-55
-52
-45
-38
-33
-39
-31
-21
-25
-18
-13
-10
-12
-13
-10
-9
-2
1
-6
-7
-9
-7
4
5
4
-4
-11
-18
-28
-30
-31
-38
-34
-24
-20
-19
-15
-20
-29
-33
-28
-22
-17
-17
-17
-24
-25
-19
-22
-11
-9
-17
-9
-12
-8
-5
-6
0
-4
-9
-17
-9
-18
-28
-22
-22
-27
-33
-35
-33
-34
-38
-42
-44
-49
-47
-41
-46
-45
-41
-43
-46
-37
-36
-25
-21
-24
-20
-12
-5
-3
0
2
3
-1
-3
4
18
19
15
13
14
10
12
18
21
26
17
4
2
2
-4
-5
8
13
11
1
-8
-18
-21
-17
-6
7
2
5
1
-11
-15
-15
-6
4
10
23
20
12
2
3
5
-1
-5
0
12
7
-4
-11
-17
-23
-32
-28
-18
-18
-18
-22
-29
-33
-42
-59
-59
-59
-56
-54
-57
-61
-69
-69
-59
-50
-36
-24
-26
-28
-32
-25
-20
-23
-21
-22
-13
-7
2
11
17
23
15
26
37
40
45
43
53
48
38
44
57
57
58
64
54
57
49
44
40
40
38
33
25
20
31
29
40
51
52
51
47
46
43
43
37
44
49
52
51
51
45
43
35
27
24
26
28
30
33
27
26
15
12
10
15
20
33
43
45
39
35
38
30
29
33
44
55
60
58
52
46
45
52
60
57
57
54
45
41
37
37
38
39
43
45
52
48
52
47
44
51
42
46
47
41
37
26
20
19
15
12
6
0
-8
-7
-4
-5
-10
-14
-11
-12
-17
-23
-8
-3
-10
-7
-10
-4
-9
-20
-23
-24
-24
-20
-20
-22
-24
-27
-18
-3
-3
-13
-20
-30
-38
-48
-36
-25
-26
-27
-34
-31
-38
-39
-28
-21
-16
-6
-5
-8
-4
-10
-12
-3
3
10
16
19
24
16
3
13
16
11
13
18
13
8
2
3
10
22
27
23
19
22
25
16
12
7
9
5
10
16
15
15
4
8
2
-2
-5
-6
-15
-28
-35
-42
-43
-48
-50
-52
-49
-42
-33
-31
-29
-29
-28
-24
-17
-12
-18
-23
-35
-44
-48
-52
-51
-48
-51
-57
-54
-62
-66
-52
-46
-36
-37
-33
-34
-48
-57
-64
-67
-63
-54
-47
-47
-48
-53
-62
-59
-50
-39
-36
-28
-29
-37
-43
-47
-49
-52
-39
-30
-24
-24
-21
-22
-28
-27
-22
-16
-9
-4
-6
-11
-17
-24
-28
-24
-18
-14
-10
-12
-26
-42
-60
-62
-63
-67
-54
-43
-33
-31
-40
-48
-51
-43
-33
-21
-5
-1
-4
-13
-18
-19
-13
-4
8
16
11
9
-1
-10
-15
-27
-25
-16
-12
-3
3
-2
4
9
12
26
28
32
22
14
17
8
3
-1
8
11
18
30
32
36
32
29
27
28
36
41
37
36
34
42
49
60
65
68
72
76
82
78
71
65
63
57
53
54
54
52
45
35
31
22
14
13
10
3
-1
-5
-2
-1
-4
1
5
10
8
11
14
12
17
14
12
15
23
23
22
22
16
9
7
8
6
10
11
11
9
5
2
0
-1
5
5
8
13
23
22
18
21
25
30
33
43
40
41
36
35
42
49
49
43
38
34
36
36
37
43
49
48
51
52
49
57
58
54
57
58
58
57
53
57
50
44
53
50
54
51
37
26
19
17
14
17
10
3
1
-3
-6
-9
2
-1
-1
3
4
4
2
2
5
1
1
-2
-9
-8
-14
-11
-15
-11
-8
-15
-17
-14
-21
-28
-19
-22
-23
-18
-18
-27
-30
-23
-21
-17
-15
-14
-13
-16
-19
-23
-22
-28
-31
-35
-32
-30
-29
-27
-28
-24
-22
-24
-25
-29
-35
-42
-40
-35
-33
-21
-11
-13
-14
-26
-37
-40
-39
-37
-33
-35
-40
-43
-47
-43
-43
-48
-46
-47
-53
-57
-58
-56
-43
-39
-38
-32
-31
-28
-28
-29
-26
-21
-9
-3
-3
-4
-12
-23
-27
-24
-31
-33
-34
-30
-31
-35
-38
-38
-30
-30
-30
-34
-31
-36
-43
-39
-40
-39
-40
-32
-28
-33
-34
-31
-27
-25
-24
-17
-19
-24
-18
-20
-16
-14
-14
-19
-21
-17
-16
-15
-17
-13
-20
-25
-24
-26
-26
-27
-16
-18
-15
-14
-15
-13
-19
-21
-19
-8
-2
6
12
6
0
-4
-4
0
-4
-3
-2
1
-2
-4
2
5
9
4
13
13
15
13
10
16
21
20
22
17
10
3
-3
-3
-4
1
1
-1
7
12
21
22
22
26
29
26
23
20
12
6
6
10
11
19
23
29
39
43
38
41
52
57
59
57
59
59
61
64
62
65
63
68
62
58
53
43
37
35
40
41
50
44
45
40
37
37
30
27
25
38
46
47
44
44
42
33
24
28
37
46
52
48
43
44
43
36
38
41
44
47
48
42
30
23
21
22
21
29
35
23
18
18
11
14
18
29
38
40
38
27
29
20
13
9
4
-1
0
1
3
3
-4
3
9
9
12
9
9
20
14
15
14
8
7
6
6
10
9
8
12
0
-4
-10
-7
-10
-19
-21
-27
-35
-41
-34
-31
-25
-24
-18
-7
-5
0
-1
-1
0
2
5
11
15
19
15
15
10
15
27
33
34
28
29
28
19
16
17
16
18
17
16
12
5
9
8
7
1
-3
-8
-14
-14
-10
-16
-17
-21
-24
-27
-31
-34
-45
-46
-44
-41
-40
-42
-47
-47
-43
-46
-48
-44
-51
-52
-43
-41
-42
-45
-38
-39
-41
-33
-28
-23
-29
-36
-43
-42
-51
-52
-49
-48
-39
-48
-47
-45
-46
-51
-52
-52
-42
-38
-31
-25
-28
-34
-41
-33
-31
-22
-27
-25
-29
-33
-31
-26
-13
-11
-7
-12
-20
-29
-35
-31
-29
-34
-33
-37
-43
-46
-54
-60
-57
-50
-46
-38
-40
-47
-52
-55
-58
-56
-50
-45
-40
-42
-55
-61
-72
-77
-68
-63
-52
-46
-36
-31
-27
-21
-19
-8
2
2
7
3
3
-1
-16
-8
-12
-13
-7
-2
0
9
15
18
23
16
15
8
12
20
20
23
20
25
21
13
13
18
18
18
30
25
19
7
-6
-12
-11
-5
-3
6
3
0
0
-3
2
5
10
8
13
10
6
5
-1
3
2
0
11
16
18
13
7
8
7
2
7
11
11
12
10
6
6
3
-4
8
9
24
41
38
43
40
39
42
43
42
44
47
42
43
42
45
42
39
38
39
38
37
42
40
42
35
37
44
57
69
71
67
69
69
60
65
66
67
74
68
68
66
62
62
55
60
57
48
48
49
37
30
28
30
33
34
42
40
35
28
19
14
14
13
11
16
14
14
9
11
13
5
8
16
26
23
15
7
-3
-9
-13
-17
-14
-8
-15
-14
-10
-7
-6
-7
-5
0
1
-7
-12
-12
-16
-11
-14
-10
-10
-13
-7
-4
0
3
3
-2
3
1
1
-6
-8
0
-3
-1
0
8
10
9
13
16
22
18
12
13
9
-6
-4
1
0
-10
-14
-20
-24
-30
-39
-36
-24
-18
-20
-14
-13
-14
-19
-18
-25
-27
-37
-40
-31
-33
-28
-31
-33
-24
-29
-31
-28
-24
-23
-26
-22
-15
-14
-9
-10
-13
-9
-8
-13
-19
-18
-20
-19
-13
-7
-1
-3
-8
-11
-18
-20
-25
-24
-28
-33
-41
-41
-32
-35
-32
-25
-13
-17
-17
-7
-6
-9
-12
-9
-8
-7
-9
-20
-27
-28
-32
-31
-26
-16
-22
-25
-20
-24
-26
-30
-20
-13
-18
-21
-28
-27
-30
-34
-28
-27
-25
-23
-21
-10
-10
-13
-16
-12
-11
-23
-19
-24
-24
-24
-24
-20
-21
-21
-29
-31
-33
-37
-30
-30
-28
-25
-31
-26
-24
-29
-35
-35
-30
-26
-24
-19
-3
5
8
3
0
-1
-2
0
3
8
7
3
3
7
13
10
4
9
14
15
19
24
28
19
18
14
9
16
15
14
20
21
14
10
8
6
2
2
12
12
6
-4
-12
-8
-8
-13
-5
-2
0
4
1
-1
4
1
-4
-9
-3
-8
-6
-2
0
7
6
7
17
22
23
23
23
30
26
33
41
40
46
54
56
53
57
62
61
58
50
40
33
26
27
38
45
55
60
64
64
65
71
69
75
82
86
82
76
72
66
61
68
72
75
81
82
72
59
47
37
37
41
41
39
32
25
15
11
3
-4
2
1
10
13
10
9
-3
-10
-15
-14
-12
-19
-10
-9
-6
0
-6
-6
-9
-13
-16
-8
-2
4
6
9
6
2
8
8
13
12
14
14
18
24
35
38
47
44
42
40
30
27
20
18
14
11
13
11
6
7
1
0
-1
-8
-7
-4
-7
-12
-12
-9
-12
-8
-5
-4
-1
-7
-13
-7
1
-3
2
10
15
12
10
16
8
2
1
4
5
-4
-14
-15
-23
-25
-23
-14
-13
-16
-18
-21
-24
-28
-33
-35
-28
-29
-31
-34
-35
-43
-50
-51
-48
-50
-50
-45
-40
-41
-41
-35
-41
-35
-32
-38
-33
-35
-34
-32
-37
-34
-27
-25
-24
-18
-13
-10
-19
-26
-30
-38
-41
-41
-35
-30
-20
-22
-19
-20
-25
-19
-18
-19
-21
-22
-25
-23
-27
-35
-42
-51
-43
-37
-35
-32
-29
-33
-37
-38
-43
-46
-52
-62
-62
-61
-67
-67
-73
-68
-72
-66
-66
-62
-56
-61
-51
-51
-49
-51
-55
-54
-52
-56
-55
-42
-33
-30
-23
-17
-6
2
-6
-8
-5
-8
-14
-17
-9
-8
-12
-9
0
6
7
12
13
16
17
13
8
13
10
8
12
12
14
15
14
22
25
23
18
9
7
-2
-12
-12
-4
-7
-9
-11
-12
-13
-12
-6
-6
-4
0
6
12
16
12
13
14
22
29
30
28
19
9
4
-1
-4
-3
-2
2
11
10
13
20
16
23
21
15
14
18
17
16
15
15
21
24
23
19
19
26
34
38
38
43
45
38
39
33
30
33
40
53
60
66
66
74
74
73
72
71
63
54
53
50
40
32
33
33
35
35
39
43
44
39
31
35
36
37
45
48
51
54
47
43
40
34
32
28
32
30
24
20
25
27
33
38
34
33
24
21
15
16
13
9
5
3
3
7
2
4
16
18
16
11
3
-3
5
12
23
40
46
42
39
32
23
21
25
24
31
33
26
23
23
21
17
19
21
20
18
16
14
13
8
-3
-2
1
11
17
14
14
9
4
-7
-16
-18
-17
-16
-11
-10
-8
-12
-9
-17
-18
-21
-26
-18
-23
-20
-25
-24
-27
-31
-34
-43
-42
-38
-29
-25
-20
-27
-27
-31
-33
-31
-30
-28
-28
-34
-36
-37
-41
-46
-51
-47
-40
-41
-40
-41
-45
-47
-48
-45
-41
-29
-20
-11
-6
-8
-10
-15
-15
-18
-21
-27
-27
-33
-30
-23
-21
-23
-30
-32
-24
-25
-20
-6
-8
-5
-10
-22
-34
-35
-35
-41
-35
-36
-40
-53
-62
-62
-76
-78
-74
-62
-49
-44
-40
-37
-44
-42
-45
-45
-29
-20
-20
-16
-11
-18
-16
-23
-22
-12
-6
-3
10
15
12
12
7
10
14
12
13
10
9
3
-4
0
3
11
6
15
15
5
-3
-4
-1
-9
-7
-8
-9
-11
-17
-14
-7
-8
-10
-10
-11
-12
-18
-20
-18
-24
-29
-32
-33
-29
-22
-24
-21
-15
-14
-20
-13
-13
-15
-11
-9
-1
-9
-11
-12
-20
-26
-24
-21
-15
-11
-11
0
5
8
7
7
12
19
23
29
36
44
46
48
53
58
68
74
77
80
73
64
59
63
60
65
72
71
76
83
88
82
79
74
75
73
74
89
91
83
85
76
70
65
61
59
56
51
45
43
46
50
53
54
53
52
40
39
38
25
16
14
9
8
7
9
17
22
29
38
35
29
23
13
11
9
8
6
-1
-3
-5
-13
-14
-17
-26
-19
-17
-9
-7
-6
-6
-4
-2
-3
1
0
7
12
16
13
6
9
13
14
17
16
24
22
12
5
-5
-4
-2
0
1
1
11
20
11
8
7
-2
-3
-9
-15
-14
-23
-29
-26
-21
-18
-17
-10
-10
-4
-4
-11
-17
-14
-13
-18
-21
-21
-28
-39
-41
-43
-40
-43
-41
-39
-34
-29
-25
-15
-15
-20
-30
-35
-42
-46
-40
-39
-32
-25
-19
-10
-7
-11
-15
-16
-16
-17
-27
-28
-27
-22
-15
-8
3
11
18
21
25
31
27
16
12
10
11
8
2
9
9
-1
-4
7
9
15
17
22
26
27
22
7
2
-3
-18
-24
-22
-22
-21
-23
-19
-16
-11
-10
-10
-13
-17
-26
-39
-36
-37
-42
-46
-43
-45
-51
-56
-57
-53
-60
-60
-54
-51
-55
-58
-57
-56
-58
-61
-63
-64
-64
-70
-70
-66
-52
-51
-49
-43
-42
-32
-34
-29
-19
-15
-19
-24
-28
-37
-38
-40
-38
-25
-17
-12
-9
-11
-10
-11
-10
-9
-14
-8
-11
-8
-3
-7
-3
0
-2
-3
7
12
18
25
29
31
25
14
15
10
4
7
6
11
13
7
8
6
13
13
8
1
-12
-11
-12
-9
-9
-7
-1
-2
-4
-3
-5
-14
-19
-15
-18
-13
-10
-10
-11
-13
-10
-12
-3
2
8
14
10
11
13
15
18
13
5
7
2
7
17
28
29
25
28
28
33
32
36
40
45
52
55
59
56
54
47
50
55
57
57
53
54
54
49
44
41
33
33
33
31
36
46
42
39
35
24
17
11
15
19
27
26
14
11
5
0
0
6
14
13
12
15
12
6
1
5
9
15
19
22
12
0
-12
-18
-14
-9
-8
1
4
9
9
8
11
10
21
26
31
30
24
14
5
2
3
7
11
16
25
29
26
20
15
12
12
12
15
13
12
1
-6
-6
-8
-7
-5
5
11
19
22
21
16
16
15
10
10
8
4
-1
4
1
-6
-2
1
-3
-6
2
4
-7
-7
-10
-10
-6
1
4
12
15
14
16
15
11
7
8
14
18
16
20
12
8
-2
-9
-15
-18
-21
-26
-28
-30
-29
-36
-38
-40
-38
-31
-26
-23
-26
-35
-35
-34
-33
-28
-25
-24
-19
-14
-2
1
2
4
10
13
15
17
15
13
11
14
14
17
16
14
7
2
11
9
8
11
9
11
10
12
10
6
8
4
-1
-3
4
5
4
3
-2
-9
-11
-20
-25
-25
-28
-31
-36
-34
-26
-19
-18
-14
-7
-6
-6
-15
-20
-22
-24
-27
-39
-36
-30
-29
-20
-16
-16
-19
-23
-23
-20
-15
-17
-24
-26
-37
-45
-50
-47
-43
-37
-27
-26
-20
-18
-21
-33
-33
-32
-43
-46
-47
-49
-57
-57
-54
-51
-36
-35
-33
-26
-21
-28
-27
-21
-22
-25
-28
-29
-30
-36
-42
-32
-26
-14
-11
-11
-7
-8
-4
-2
6
11
15
11
8
7
0
-3
-2
1
12
22
25
27
29
29
26
31
31
27
24
19
14
8
5
0
-1
7
11
19
32
40
40
37
38
36
34
37
34
40
42
39
37
29
30
27
26
30
39
42
41
36
24
14
7
-6
-10
-11
-4
0
-2
-1
-7
-2
-2
1
9
9
13
20
14
11
13
15
17
13
17
21
21
21
22
22
14
10
8
12
15
21
24
21
23
21
21
16
9
9
14
13
8
6
10
11
14
13
21
30
36
38
34
35
28
28
28
27
32
29
28
32
36
33
35
34
38
45
51
60
61
61
57
51
43
43
39
34
32
33
35
35
33
32
35
34
35
39
37
30
28
23
22
18
18
24
21
20
19
26
26
28
22
22
23
25
24
20
15
3
8
12
21
29
28
27
25
15
13
9
13
17
15
21
19
21
22
17
10
8
3
1
0
-4
-4
-10
-7
-4
-2
-1
-10
-2
-3
-5
-16
-24
-32
-47
-51
-60
-59
-57
-57
-61
-68
-65
-65
-72
-70
-75
-74
-66
-59
-54
-62
-70
-76
-78
-75
-71
-66
-63
-60
-54
-57
-56
-56
-58
-52
-52
-51
-50
-47
-41
-41
-45
-47
-42
-41
-35
-36
-33
-34
-38
-36
-42
-42
-32
-30
-29
-26
-28
-29
-35
-33
-26
-26
-29
-27
-28
-30
-36
-39
-41
-48
-46
-46
-47
-40
-44
-51
-54
-64
-69
-63
-59
-57
-51
-40
-30
-23
-21
-29
-18
-23
-31
-29
-26
-33
-44
-43
-46
-41
-38
-41
-41
-37
-42
-43
-34
-31
-22
-17
-13
-11
-12
-19
-28
-29
-25
-18
-11
8
13
15
20
27
27
29
28
22
20
20
21
17
14
14
4
7
16
21
20
12
5
4
13
13
15
17
12
14
14
12
14
13
18
26
22
20
17
21
22
22
29
41
43
46
48
51
50
43
47
45
44
44
37
28
30
26
21
25
26
22
20
22
20
20
24
30
39
41
40
44
43
36
21
12
12
13
13
18
22
22
21
16
14
18
20
24
20
23
23
22
18
9
19
23
28
36
40
46
45
41
40
39
41
35
28
31
30
29
36
47
53
64
65
72
78
76
75
72
74
69
62
57
56
51
47
54
66
74
77
74
71
68
64
67
68
66
61
67
63
57
55
44
36
28
28
27
23
23
24
22
15
6
1
-9
-18
-16
-12
-3
0
1
2
-2
-6
-5
-9
-8
-8
-5
-7
-13
-15
-23
-23
-23
-21
-22
-30
-31
-37
-37
-38
-41
-38
-39
-39
-38
-30
-31
-31
-34
-31
-29
-39
-35
-33
-42
-47
-41
-45
-43
-39
-43
-38
-36
-33
-28
-29
-29
-27
-35
-37
-49
-59
-62
-61
-64
-62
-47
-64
-58
-60
-67
-64
-56
-70
-64
-50
-58
-54
-51
-58
-73
-73
-78
-70
-64
-67
-65
-63
-61
-65
-58
-44
-43
-46
-37
-35
-35
-37
-44
-49
-50
-51
-51
-46
-42
-37
-36
-25
-16
-9
-10
-13
-13
-19
-29
-45
-52
-48
-50
-47
-35
-24
-21
-16
-14
-10
-9
-7
-6
-5
-4
-1
-4
-3
-2
-4
0
1
16
23
19
24
33
30
28
29
27
24
18
17
15
17
10
2
6
10
17
23
24
27
24
15
10
1
7
1
-4
3
-3
-3
-6
-2
4
5
1
8
18
20
25
25
26
25
15
12
8
4
4
2
5
8
8
13
14
18
20
24
34
44
41
39
46
48
46
34
33
25
22
24
27
32
26
30
28
26
26
26
29
31
31
24
28
31
43
47
40
40
36
27
22
20
14
13
7
12
4
3
-1
-3
3
-2
8
9
10
13
16
14
14
19
17
16
7
2
0
2
0
-1
-2
1
7
15
20
22
25
20
18
16
21
29
30
31
38
48
49
55
63
68
79
79
83
77
72
71
65
63
58
53
42
45
49
49
58
64
67
72
72
73
75
70
68
66
60
60
56
47
41
39
29
35
31
21
20
18
18
14
17
7
5
5
2
3
-2
-9
-15
-28
-29
-30
-27
-26
-32
-30
-29
-31
-28
-25
-26
-32
-31
-31
-40
-36
-42
-42
-39
-39
-36
-32
-28
-23
-29
-29
-29
-36
-32
-44
-46
-51
-54
-47
-49
-45
-38
-28
-20
-16
-17
-7
0
-2
-2
0
-4
-5
-11
-19
-16
-20
-21
-21
-24
-29
-31
-31
-37
-40
-41
-39
-43
-50
-55
-54
-59
-57
-56
-46
-36
-30
-20
-20
-16
-20
-19
-22
-27
-30
-26
-30
-31
-35
-37
-40
-42
-45
-47
-46
-44
-41
-38
-39
-38
-26
-25
-20
-23
-27
-22
-20
-17
-15
-15
-20
-19
-17
-18
-19
-16
-11
-2
1
2
3
-4
-8
-12
-7
-8
-11
-13
-20
-19
-21
-22
-23
-20
-23
-22
-18
-15
-18
-19
-25
-24
-23
-17
-16
-18
-15
-22
-20
-23
-21
-23
-27
-30
-32
-33
-33
-29
-34
-29
-29
-33
-31
-30
-22
-18
-11
-10
-11
-9
-10
-6
-2
-6
-10
-6
-11
-7
-1
-2
-6
-15
-19
-19
-11
-8
-5
-2
-3
0
6
3
10
10
5
3
7
5
8
9
3
0
3
12
10
12
16
16
22
21
27
29
26
30
32
29
25
28
27
31
27
23
21
21
27
33
37
33
34
34
32
32
33
43
51
56
62
68
62
56
53
47
43
39
40
36
32
31
26
26
20
9
9
5
6
5
1
9
4
0
-2
-6
-5
-7
4
6
6
15
21
19
13
15
16
13
6
1
4
7
15
16
21
23
25
25
23
25
23
27
29
31
39
36
38
39
41
49
42
46
45
46
49
50
55
47
44
42
43
40
41
37
33
29
30
27
18
16
13
11
10
12
8
-1
-5
4
12
16
20
24
22
17
16
13
17
17
18
19
18
13
5
2
2
1
2
-3
-11
-9
-20
-21
-25
-25
-28
-32
-26
-20
-15
-12
-12
-3
-2
-1
8
8
5
7
6
9
5
4
3
0
-2
1
2
4
-3
-6
-8
-4
-7
0
-8
-32
12
4
14
18
7
11
7
-4
14
35
15
6
13
4
1
18
10
30
15
-7
2
4
-2
-11
-27
-32
-27
-32
-28
-18
-31
-50
-57
-66
-60
-64
-87
-82
-79
-88
-80
-67
-68
-67
-67
-76
-74
-63
-63
-68
-57
-58
-61
-69
-65
-66
-82
-81
-80
-71
-68
-70
-72
-66
-65
-66
-57
-54
-58
-53
-47
-35
-28
-28
-20
-15
-7
-2
3
10
8
1
-3
3
6
5
11
10
15
22
26
24
27
21
16
20
16
17
15
7
11
15
15
13
10
5
1
-2
-2
-5
-11
-22
-24
-25
-26
-20
-17
-13
-16
-24
-24
-23
-30
-31
-29
-24
-29
-30
-28
-29
-31
-29
-26
-17
-11
-5
1
-3
-2
-1
4
2
4
12
16
18
22
29
37
42
46
52
61
59
48
46
38
41
38
39
50
45
48
58
63
70
70
68
70
66
70
66
63
60
54
47
43
46
40
37
39
34
26
20
14
10
3
-2
-9
-5
-3
-13
-11
-12
-9
-5
-3
-1
-1
4
4
1
0
5
11
10
9
14
21
19
21
21
6
3
6
14
16
20
21
14
9
12
22
20
25
29
31
32
38
41
38
42
46
46
48
42
42
47
53
62
63
66
63
58
63
61
60
59
53
48
44
37
34
35
29
26
27
28
25
19
19
18
14
13
19
14
5
7
6
7
10
10
3
3
2
3
10
10
5
-1
3
9
13
7
5
-8
-11
3
-1
-6
-3
-6
-14
-11
-12
-2
5
-5
-2
-4
-8
-8
-16
-17
-21
-12
-2
-4
-5
-10
-13
-14
-7
-6
6
9
11
10
11
11
5
10
11
12
10
12
7
4
0
-5
2
-5
-7
-8
-11
-12
-17
-19
-15
-14
-16
-19
-27
-33
-37
-38
-33
-36
-43
-49
-56
-59
-55
-56
-54
-58
-52
-54
-65
-64
-69
-77
-82
-81
-77
-76
-76
-83
-88
-87
-84
-81
-80
-78
-77
-72
-68
-61
-61
-65
-63
-51
-50
-48
-53
-54
-58
-53
-42
-35
-38
-44
-36
-35
-34
-30
-33
-41
-39
-38
-39
-43
-48
-48
-49
-43
-41
-50
-49
-54
-58
-60
-51
-40
-37
-32
-30
-27
-27
-26
-27
-24
-20
-12
-9
-14
-15
-14
-17
-17
-8
-3
-5
-5
-10
-12
-9
-2
4
8
6
4
4
-1
0
2
13
18
28
27
31
35
31
24
18
23
20
21
18
12
14
10
10
18
18
12
12
5
5
10
13
18
20
27
29
28
29
31
33
30
35
40
49
53
52
51
59
67
74
77
69
62
51
44
41
43
42
43
40
36
40
40
42
36
37
42
41
41
32
21
22
19
25
33
28
37
36
35
34
32
32
33
27
15
11
7
-1
-4
-4
-7
-8
-11
-18
-21
-19
-15
-9
-11
-16
-16
-13
-11
-7
-1
1
9
7
7
4
-2
3
3
10
22
29
27
26
28
28
27
27
27
33
35
36
40
36
33
29
26
30
36
37
41
31
26
25
26
42
51
52
49
49
38
37
40
31
34
29
21
19
20
8
14
24
25
21
15
16
13
5
-1
7
7
6
8
6
-2
-2
-1
2
7
6
11
7
-1
3
7
8
10
12
10
5
-4
-6
-9
-11
-9
-6
2
-1
-11
-14
-11
-9
-6
-2
-1
-9
-14
-16
-9
-8
-6
-9
-14
-15
-11
-11
-10
-2
-3
-1
-6
-14
-11
-16
-23
-21
-21
-18
-19
-24
-27
-27
-26
-26
-29
-31
-30
-29
-38
-38
-40
-45
-40
-37
-38
-35
-37
-36
-31
-33
-32
-38
-39
-42
-42
-43
-47
-44
-50
-51
-53
-53
-44
-44
-43
-42
-43
-38
-34
-35
-30
-26
-25
-25
-31
-28
-29
-27
-19
-14
-5
-7
-14
-21
-26
-26
-19
-19
-17
-14
-14
-17
-25
-26
-14
-3
-4
-2
-5
-18
-13
-6
-3
1
-1
-6
-10
-9
-5
6
8
8
12
11
1
2
9
17
21
22
33
34
27
27
32
32
38
41
34
30
12
7
8
8
16
15
15
5
-4
-10
-14
-15
-18
-13
-7
-4
-1
-5
-8
-6
-10
-11
-8
-6
-7
-10
-9
-9
-10
-9
-13
-10
-14
-8
-13
-13
-13
-16
-8
-12
-10
-14
-14
-17
-18
-8
-5
2
4
4
12
13
5
6
1
1
6
9
10
10
8
10
17
20
21
25
27
22
20
25
23
17
16
23
28
23
20
15
15
15
16
13
11
10
12
9
18
31
33
39
38
40
27
27
33
41
37
32
25
20
19
17
12
6
13
14
18
15
11
10
10
12
12
10
10
13
21
25
26
27
33
33
37
46
46
47
40
31
29
26
29
29
27
25
22
20
8
5
5
9
10
12
7
-3
-5
-3
-3
9
13
7
4
9
12
17
27
33
31
30
31
24
27
25
30
31
27
36
30
24
23
24
21
11
9
0
-11
-4
6
4
1
-3
-2
2
3
14
7
4
17
18
24
26
27
31
24
22
22
17
9
5
12
14
14
12
3
-2
-8
-1
5
8
0
-8
-9
-2
0
1
2
-3
2
6
-3
-16
-15
-15
1
15
16
11
-5
-14
-19
-15
-13
-16
-26
-41
-46
-46
-44
-38
-34
-30
-35
-30
-28
-32
-34
-39
-38
-33
-33
-23
-22
-25
-27
-18
3
11
7
0
-2
-6
0
1
-1
-2
-8
-9
-16
-18
-20
-22
-19
-17
-20
-32
-41
-46
-40
-35
-35
-42
-44
-45
-46
-45
-45
-41
-45
-46
-44
-50
-48
-53
-59
-53
-53
-55
-65
-71
-72
-74
-71
-70
-70
-74
-73
-68
-61
-61
-59
-55
-56
-49
-49
-49
-48
-48
-44
-37
-36
-31
-29
-22
-18
-16
-15
-17
-26
-23
-22
-23
-21
-33
-33
-42
-42
-41
-31
-31
-32
-30
-31
-30
-24
-13
-9
-3
-8
-11
-7
-1
6
10
9
15
15
16
18
21
20
19
31
32
30
22
8
1
-1
8
11
17
13
11
11
10
11
19
14
11
11
5
0
-13
-11
-16
-14
-8
-5
-6
-16
-19
-19
-5
-3
7
7
-4
-10
-11
-7
-6
2
3
7
7
-6
-5
1
9
17
15
21
25
25
33
29
31
38
40
42
42
43
40
38
36
40
38
33
35
40
42
44
39
31
26
17
12
10
5
-3
-1
5
8
14
17
12
6
6
7
16
20
24
32
27
37
31
24
29
33
41
42
45
47
52
48
50
46
41
49
51
47
44
46
42
42
37
35
40
37
47
46
43
42
38
38
43
48
48
49
41
41
47
48
55
58
66
71
70
63
57
61
58
61
65
57
55
49
44
59
66
62
54
47
47
41
44
41
40
34
28
33
38
45
43
39
34
29
25
30
20
12
15
9
6
4
-1
-20
-23
-24
-24
-24
-40
-41
-46
-58
-63
-67
-64
-68
-64
-62
-64
-62
-57
-53
-52
-46
-52
-58
-58
-50
-43
-40
-40
-44
-50
-52
-43
-34
-26
-24
-30
-37
-38
-32
-31
-31
-27
-32
-29
-21
-24
-24
-34
-30
-24
-20
-18
-17
-17
-19
-17
-14
-3
-4
-6
-5
0
8
13
11
9
3
3
11
12
14
6
5
11
12
11
8
9
7
-3
-8
-15
-25
-23
-17
-16
-24
-32
-41
-48
-38
-31
-21
-22
-34
-40
-44
-49
-45
-40
-44
-52
-63
-63
-67
-70
-66
-58
-50
-50
-54
-61
-57
-53
-45
-39
-41
-42
-41
-42
-42
-34
-28
-26
-27
-32
-35
-34
-32
-28
-29
-22
-12
-9
-14
-18
-22
-19
-15
-11
-5
-11
-15
-14
-14
-15
-15
-17
-18
-17
-9
-4
-6
-4
2
5
-1
1
10
16
23
33
38
31
27
23
23
24
21
15
5
-2
-6
-1
-4
2
6
-4
-7
-11
-12
-9
-8
-6
-11
-12
-15
-15
-7
-8
-5
-5
-5
-2
-3
-3
-1
0
1
-1
-5
-2
-2
-2
0
5
19
25
26
32
40
37
34
37
48
54
59
56
59
65
73
82
90
91
86
81
79
82
85
80
85
85
85
88
75
98
119
128
121
149
146
111
86
97
115
61
33
22
32
1
14
31
38
21
24
40
44
62
63
58
55
55
46
73
70
62
49
27
0
21
16
-5
-35
-34
-35
-28
-67
-47
28
-8
-22
4
39
-15
6
-1
15
23
-15
-1
39
7
-34
-35
20
7
-5
-47
9
14
-27
-29
-4
53
-2
0
0
87
49
2
9
66
142
100
69
106
103
-36
-95
-28
-87
-78
-118
-140
-116
-71
-71
-8
92
24
46
42
40
30
-19
-106
-76
-80
-95
-94
13
-19
-4
-70
-1
8
-8
-67
-88
-42
-93
-70
-89
48
-31
9
-52
81
-6
-37
-86
-103
-117
-180
-56
-94
36
-58
-16
-66
60
-3
-68
-49
-51
-79
-139
-97
-109
30
-86
-56
20
76
-41
11
0
-94
-77
-131
-178
-144
-73
-173
-95
48
15
26
88
122
107
133
91
107
136
68
77
126
143
87
87
99
117
100
68
57
40
-6
-44
-22
18
44
16
16
54
39
-26
-31
-47
-109
-120
-142
-125
-105
-88
-107
-38
14
-9
-13
-24
-44
-108
-134
-160
-170
-176
-204
-211
-225
-187
-259
-278
-294
-390
-392
-459
-445
-507
-468
-517
-531
-589
-732
-668
-533
353
1022
1136
901
1274
1681
1246
632
557
944
12
-1277
-1450
-660
-730
-1357
-975
0
236
-225
87
973
878
-209
-585
90
343
-202
-234
468
835
397
312
908
1095
334
-455
-393
-189
-529
-999
-760
-217
-136
-236
257
1028
1009
485
339
663
568
180
121
378
471
135
164
515
603
67
-213
-158
-269
-570
-786
-504
-169
-102
-17
481
838
702
449
342
202
-199
-654
-771
-726
-755
-791
-528
-138
0
-34
-84
-33
-285
-652
-986
-998
-1205
-1213
-1109
-745
-179
378
1322
2058
2379
1907
1913
1731
1090
162
-365
-385
-1089
-1902
-2040
-1196
-857
-956
-491
343
630
250
332
808
675
-90
-370
224
494
190
250
778
975
488
276
526
498
-237
-870
-675
-404
-528
-613
-99
447
510
488
832
1245
1025
415
359
563
347
51
204
600
539
290
247
574
360
-264
-509
-428
-492
-774
-635
-182
253
353
529
932
1008
616
161
-91
-391
-957
-1307
-1246
-1024
-935
-734
-292
140
246
111
55
-5
-544
-996
-1341
-1472
-1549
-1611
-1342
-997
-169
371
1700
2303
2358
1956
2004
1793
819
46
-391
-422
-1526
-2312
-1946
-937
-948
-1077
-315
515
376
3
293
730
140
-789
-676
140
272
-68
392
1073
1023
520
600
943
582
-385
-866
-553
-453
-739
-639
26
457
412
523
1022
1278
782
241
265
391
180
14
355
776
783
533
678
853
390
-275
-688
-689
-916
-1179
-988
-305
111
220
756
1191
1199
698
265
-91
-646
-1357
-1736
-1543
-1356
-1225
-794
-72
455
551
506
578
233
-390
-1030
-1331
-1669
-1958
-2133
-1838
-1480
-1165
-556
541
1982
2435
2191
1839
2310
1901
790
-17
160
-26
-1547
-2351
-1603
-620
-1178
-1404
-361
458
-65
-518
254
764
-228
-1225
-657
341
100
-303
469
1298
979
423
953
1491
779
-353
-454
114
-71
-612
-426
284
362
-2
288
975
1023
290
5
410
655
423
328
865
1242
942
760
1164
1210
434
-330
-510
-328
-656
-1058
-650
36
115
173
784
1215
911
112
-286
-391
-874
-1532
-1518
-1097
-962
-851
-147
760
1034
702
549
516
-31
-906
-1553
-1780
-2222
-2498
-2502
-1788
-1333
-939
-373
1229
2797
2860
2338
2300
2894
1881
505
11
697
-278
-2381
-2744
-1348
-1017
-2072
-1737
-209
130
-868
-709
749
864
-766
-1238
86
760
-106
-108
1167
1579
648
410
1512
1740
405
-659
-138
302
-445
-909
-220
435
-37
-261
614
1544
1092
251
413
1115
977
451
777
1375
1284
553
784
1366
1148
3
-458
-124
-208
-701
-747
8
324
56
226
992
1136
369
-217
-264
-503
-1149
-1463
-1072
-689
-807
-497
362
1050
839
532
405
206
-585
-1487
-1727
-2126
-2501
-2949
-2438
-1897
-1341
-1177
378
2567
3032
2308
2254
3333
2537
759
-276
727
164
-2465
-3575
-1849
-1064
-2555
-2515
-430
414
-972
-1243
542
1236
-700
-1828
-332
826
-296
-669
1081
2002
850
185
1459
2215
849
-758
-378
366
-509
-1420
-594
461
42
-562
333
1643
1502
410
334
1297
1148
251
417
1462
1273
404
419
1277
1368
181
-440
56
158
-784
-845
8
415
-56
-42
761
1050
284
-444
-289
-465
-1373
-1898
-1260
-781
-991
-820
189
996
853
611
666
499
-455
-1403
-1746
-1943
-2717
-3118
-2803
-2285
-1947
-1424
794
2810
3201
2201
2761
3805
2562
576
46
1101
-499
-3197
-3505
-1447
-1333
-3019
-2270
165
426
-1291
-953
1084
786
-1658
-2094
-66
557
-914
-697
1491
2125
596
423
2095
2278
201
-1075
-197
271
-1049
-1713
-460
583
-4
-312
1079
2234
1537
432
772
1509
832
-118
257
1164
875
98
635
1646
1400
186
51
699
413
-621
-682
303
440
-193
115
1156
1173
122
-321
70
-235
-1440
-1899
-1208
-799
-1162
-741
504
1242
906
779
1112
937
-298
-1261
-1644
-2105
-2954
-3364
-2744
-2548
-2291
-2004
899
2967
3271
2212
3051
4075
2471
472
304
1635
-579
-3647
-3500
-934
-1327
-3239
-2052
650
319
-1687
-807
1603
756
-2322
-2337
238
512
-1317
-554
2021
2141
349
677
2745
2508
-68
-1194
49
301
-1318
-1706
-118
575
-313
-246
1492
2466
1445
417
850
1456
591
-327
284
1074
582
-17
862
1902
1459
305
181
889
485
-650
-620
375
294
-464
115
1250
1118
-6
-312
130
-216
-1391
-1790
-1029
-765
-1175
-719
762
1439
1018
910
1362
958
-142
-1237
-1552
-2269
-3311
-3791
-3423
-2757
-3084
-783
2122
3444
2479
3092
4957
3959
1488
396
2158
715
-3445
-4521
-1661
-1216
-3862
-3206
287
824
-1582
-1422
1521
1574
-2020
-3220
-637
412
-1663
-1527
1475
2423
704
573
2781
3191
807
-1019
-338
155
-1377
-2246
-950
122
-420
-483
1102
2519
2091
1040
987
1644
909
-380
-284
591
504
-247
445
1732
1860
732
384
1126
864
-422
-832
-15
186
-635
-338
904
1244
310
-32
438
144
-1023
-1691
-1392
-1227
-1619
-1225
-42
749
735
1032
1536
1257
462
-436
-957
-2024
-3026
-3930
-3524
-3580
-1960
562
2211
2171
2677
4900
4505
2606
1064
2224
1064
-2768
-4484
-2401
-1678
-3924
-3533
-251
864
-943
-803
1563
1656
-1494
-2953
-1338
-655
-2336
-2214
457
1579
606
967
3001
3285
1376
-105
17
-198
-1666
-2445
-1603
-843
-998
-534
997
2251
2191
1631
1460
1710
1296
74
-538
-144
60
-324
106
1310
1836
1122
666
1209
1344
99
-838
-378
-88
-692
-543
734
1290
622
249
794
621
-549
-1558
-1442
-1540
-2180
-2008
-680
194
91
529
1515
1860
1152
309
-236
-1189
-2533
-3399
-3453
-1126
506
937
528
2667
4753
3668
1906
1951
3411
331
-3646
-3665
-1014
-2470
-5024
-2769
1015
491
-1319
790
3592
1640
-2201
-1952
99
-1364
-4021
-2453
478
-102
-1290
1075
3846
2784
514
711
1689
191
-2157
-2031
-872
-1447
-2295
-685
1661
1941
1125
1496
2354
1929
510
-77
216
-82
-1005
-951
614
1544
961
525
1314
1958
946
-147
-108
28
-785
-1379
-186
1006
837
258
899
1655
725
-343
-664
-980
-2291
-3148
-2443
-1387
-1283
-1283
-151
1064
1060
931
1128
1193
-372
-1458
-2148
-97
1554
1155
365
1281
4043
2724
1207
949
2980
506
-3822
-3953
-1005
-1731
-4906
-3339
845
1010
-1139
729
4350
3272
-1000
-1214
1187
43
-3467
-2945
66
-231
-2241
-853
2248
2174
-147
-312
1293
905
-1383
-1860
-469
-408
-1533
-1043
1036
2191
1509
1179
1850
2411
1332
-216
-169
35
-589
-1584
-459
1056
819
-117
334
1853
1387
-159
-311
599
87
-1250
-545
1127
939
-65
439
1823
1309
-114
-488
-345
-1408
-2915
-2855
-1955
-2053
-2488
-1526
-146
201
31
431
824
158
-404
-932
906
2607
2528
1813
2235
4423
3228
1577
507
1977
159
-3943
-4982
-2811
-2817
-5062
-3645
21
971
-253
1355
4615
4400
962
63
1768
951
-2229
-2328
-144
-384
-2165
-1240
1251
1294
-639
-1191
203
226
-1722
-2291
-892
-354
-1164
-509
1513
2541
1868
1449
2149
2626
1357
-234
-360
-198
-1230
-2078
-1054
202
-123
-676
175
1352
1065
-52
-40
413
-119
-944
-153
1010
626
-110
538
1500
1024
66
-27
-145
-1194
-2390
-2213
-1618
-2185
-2878
-2334
-1139
-924
-1089
-498
-23
-209
-900
-497
2483
3974
3138
1751
3774
5503
3471
1059
1474
2764
-971
-5086
-4152
-1646
-3934
-6536
-3623
265
-696
-1942
1373
4862
2912
-157
1508
3767
1517
-1601
-130
1862
29
-1886
-137
1788
68
-2156
-1525
34
-996
-2935
-2541
-1086
-1043
-1554
-196
1897
2594
1866
1804
2825
3279
1709
197
176
272
-837
-1878
-828
177
-643
-1740
-492
1024
308
-978
-392
609
-81
-948
179
1629
876
-350
611
1933
1052
-502
-437
40
-1205
-2510
-2120
-1171
-1694
-2924
-2498
-1316
-1213
-1830
-1979
-1062
-1496
-1080
2117
4079
3951
2407
4693
5462
3881
1826
2542
2840
-1534
-4782
-3200
-1333
-4167
-5569
-2331
-85
-1898
-2070
1389
3336
575
-1394
756
2783
855
-611
1583
3116
1324
397
2337
3195
1054
-1312
-1435
-935
-1926
-3354
-3181
-2104
-2055
-2033
-552
1632
2332
1836
1623
2396
3070
2108
937
744
828
-235
-808
404
1001
-284
-1363
-622
130
-667
-1367
-1060
-705
-1360
-1233
557
1614
1005
497
1469
1870
968
398
280
-399
-1697
-2078
-1577
-1399
-1660
-1868
-1627
-1604
-1770
-1546
-1614
-1968
-2859
-308
2451
3145
2281
3482
6060
4912
2911
2756
4582
1684
-3638
-4414
-1527
-2619
-5931
-4263
-180
-521
-2608
-247
3625
2750
-1148
-1201
1379
945
-1603
-770
1889
1462
-113
1497
3989
3524
1189
193
424
-285
-1939
-2733
-2358
-2475
-2966
-2248
-248
1346
1473
1099
1391
2453
2370
1230
937
1419
802
-718
34
1756
1555
-318
-572
590
83
-1354
-1540
-564
-1007
-2297
-1366
706
1147
94
536
1904
1455
357
244
446
-746
-2155
-2140
-1311
-1419
-2088
-1942
-966
-1510
-1896
-1972
-1168
-2329
-1234
1278
2665
2231
2309
5133
4713
2942
1739
3734
2269
-2594
-4470
-2074
-2491
-5688
-4779
-667
-303
-2475
-718
3009
3011
-377
-581
1556
910
-1728
-1117
1462
1011
-703
407
2566
2372
781
247
377
-236
-1331
-1731
-1310
-1295
-1642
-1389
-252
1204
1619
1094
592
1313
1546
489
0
726
1055
-271
-136
1596
2174
768
91
902
455
-1126
-1675
-1002
-1118
-2190
-1608
163
649
169
792
1996
1499
501
468
425
-828
-1938
-1847
-1547
-1871
-2319
-1700
-1002
-1393
-1648
-1562
-1288
-2354
-388
1842
2358
1518
2816
5494
4415
2618
2581
4383
1346
-3513
-4050
-1721
-3824
-6906
-4777
-780
-1470
-2808
421
3852
2365
-541
703
2722
716
-1658
-148
1657
174
-690
1714
2864
1288
71
483
105
-1625
-2405
-2161
-2222
-2706
-1836
-49
821
1280
2179
2811
2243
2062
1953
1026
-165
-361
-167
-437
-71
850
1239
947
1009
1340
889
-286
-968
-1116
-1671
-2156
-1474
-445
-153
8
972
1843
1823
1393
1181
800
-222
-975
-1297
-1405
-1783
-2067
-1873
-1547
-1406
-1421
-1717
-1553
-2337
-1345
1140
2396
1992
1877
4746
5252
3745
2609
4113
3391
-1432
-4284
-2407
-2169
-6087
-6711
-2545
-923
-3167
-1923
2660
3701
348
-447
2367
2680
-489
-1174
1311
1624
-477
100
2644
2696
814
-19
224
-319
-1682
-2712
-2887
-2676
-2432
-1996
-604
1101
2124
2187
2066
2980
3354
2030
545
748
937
-421
-844
599
1473
333
-115
1139
1408
-8
-968
-429
-583
-1931
-2030
-529
121
-619
-576
1000
1573
945
675
1229
810
-390
-847
-487
-586
-1508
-1732
-1367
-1258
-1779
-1941
-1740
-1981
-2671
-102
2203
2552
1405
3339
5722
4285
2436
2971
4602
735
-3989
-3539
-1112
-4034
-7158
-4195
-394
-2224
-3465
387
3690
1284
-1487
628
2636
497
-1660
413
2115
506
-137
2086
3110
1624
326
96
-420
-1417
-2526
-3199
-3206
-2774
-2347
-1726
-140
1454
1923
1415
1876
3097
2474
772
699
1535
638
-716
307
1651
906
-335
311
1060
-84
-1473
-1292
-813
-1630
-2317
-1132
221
95
-385
446
1503
1054
328
283
539
-176
-1070
-1107
-450
-563
-1345
-1238
-617
-784
-1684
-1947
-1593
-2153
-2465
130
2339
2674
1591
3989
5804
4491
2387
3095
3802
-437
-4366
-3418
-1900
-4852
-6583
-3159
-456
-2075
-2171
1470
3526
711
-1006
882
1918
-281
-1476
549
1522
542
640
2301
2959
1938
625
-269
-549
-1265
-2874
-3860
-3152
-2269
-2453
-1932
465
2231
1626
1014
2522
3473
1554
169
1365
1882
-39
-764
1354
2295
564
-309
944
1125
-809
-1875
-1110
-1000
-2361
-2470
-589
440
-271
-293
1142
1734
743
212
618
395
-817
-1610
-828
-384
-1241
-1350
-742
-97
-1245
-1574
-1464
-1487
-2534
-2292
821
2534
2293
1809
4682
5910
4254
2561
3691
3404
-1047
-4219
-2881
-2271
-5326
-6069
-2345
-409
-2060
-1533
2206
3380
504
-543
1146
1539
-771
-1188
617
1310
570
826
2374
3007
2232
685
-210
-340
-1098
-3035
-3739
-2568
-2049
-2723
-1856
1159
2335
1162
1064
2989
3189
901
446
1771
1394
-751
-415
1840
1978
326
187
1422
936
-827
-1319
-688
-1256
-2625
-2230
-465
-102
-707
-212
1176
1280
527
510
782
183
-1133
-1333
-663
-912
-1307
-1236
-521
-818
-1263
-1066
-1375
-1497
-2588
-941
1347
2612
2021
2443
5143
5221
3407
2486
4040
2533
-2206
-4003
-2042
-2551
-5748
-5091
-1235
-798
-2548
-890
2771
2374
-364
-198
1504
869
-1022
-355
1040
1066
661
1319
2451
2784
1924
343
-471
-389
-1407
-3212
-3306
-2234
-2150
-2776
-1044
1654
1922
872
1460
3198
2385
742
1010
1694
505
-873
232
1626
1315
190
274
1012
425
-739
-1023
-675
-1283
-2286
-1650
-421
-231
-639
-145
919
877
352
398
532
-330
-1408
-1267
-992
-1467
-1760
-1577
-1167
-1645
-1519
-1533
-1321
-1859
-1282
1006
2327
2434
2106
4248
4857
3570
2232
3296
3105
-749
-3403
-2367
-1992
-4603
-5161
-2310
-1163
-2508
-1707
1143
1879
-13
-299
761
787
-246
-38
758
856
1064
1514
1897
2354
2533
1315
-323
-413
-582
-2162
-3258
-2613
-2142
-2668
-2135
9
1318
973
1112
2232
2660
1731
1456
1612
1260
312
86
753
1167
729
53
340
511
-205
-854
-654
-803
-1492
-1583
-708
-425
-638
-315
426
577
302
556
706
-11
-561
-711
-867
-1361
-1587
-1412
-1794
-1917
-1967
-1990
-1965
-2184
-1340
560
2125
2354
2279
4173
4975
3820
2558
3338
3250
-87
-2533
-1922
-1656
-4111
-4708
-2487
-1447
-2630
-2016
418
978
-331
-509
470
510
-282
-15
678
984
1238
1690
2039
2317
2584
1875
624
127
-213
-1289
-2366
-2416
-2078
-2251
-2062
-1053
240
582
672
1365
2047
1932
1566
1657
1732
1396
843
949
1331
1090
355
237
399
-170
-864
-815
-771
-1122
-1360
-826
-491
-636
-590
-21
294
134
182
414
302
14
-160
-342
-754
-1065
-1183
-1362
-1676
-1993
-2276
-2343
-2674
-1600
496
1829
1741
1947
4261
4683
3460
2592
3979
3153
-483
-2120
-857
-1271
-4077
-4024
-1587
-1433
-2831
-1757
782
500
-1179
-1056
109
1
-1028
-513
326
725
840
1555
2616
2859
2744
2060
1599
1233
264
-918
-1611
-1746
-2256
-2586
-1818
-868
-572
-347
429
1280
1408
1317
1637
1831
1574
1213
1420
1600
1372
968
821
859
459
-231
-597
-532
-770
-1312
-1219
-589
-547
-931
-733
-59
23
-334
-159
203
239
-282
-236
55
-77
-733
-939
-738
-1084
-1839
-2270
-2130
-2364
-1308
88
1267
984
2053
3788
3932
2901
3042
4091
2178
-790
-1349
-434
-2006
-4099
-3185
-1379
-1996
-2778
-1061
813
-86
-1415
-998
-56
-739
-1666
-1137
-314
-184
-229
976
2334
2745
2483
2267
2549
2206
1039
-246
-672
-1082
-2235
-2679
-1966
-1224
-1523
-1426
-280
713
681
522
1317
1829
1410
1056
1598
1870
1228
673
940
1115
518
-307
-331
-169
-501
-991
-709
-239
-579
-937
-671
-287
-492
-861
-787
-566
-466
-555
-492
-64
-44
-357
-489
-236
-326
-1171
-1563
-1903
-1447
-750
-40
358
668
2014
2626
2929
2803
3564
3385
1592
199
53
-202
-1938
-2810
-2155
-1935
-2407
-2231
-711
-142
-705
-1017
-588
-270
-1023
-1269
-1081
-971
-1176
-939
169
802
1224
1502
1922
2296
2264
2016
1296
903
288
-361
-781
-891
-950
-1242
-1237
-1013
-539
-349
-210
78
510
788
878
1134
1295
1291
1033
840
785
415
-158
-610
-607
-625
-872
-752
-452
-281
-262
-35
271
313
196
-68
-75
32
-57
-311
-316
-230
-333
-409
-232
-119
-336
-768
-909
-474
-264
-309
-439
-3
229
383
679
998
1247
954
590
358
350
175
-240
-451
-538
-500
-354
-101
73
149
84
-31
-92
-149
-216
-416
-649
-745
-575
-309
-189
-44
246
369
349
422
520
315
-257
-712
-910
-927
-929
-1057
-928
-564
-156
61
400
937
1078
863
899
1453
1686
1319
1050
1289
1422
1051
863
1019
908
250
-157
22
-14
-423
-716
-592
-470
-622
-552
-216
16
-98
-129
283
676
664
522
599
707
527
326
349
358
1
-389
-429
-290
-265
-442
-513
-450
-297
-232
-298
-201
-150
-389
-744
-684
-388
-565
-859
-834
-546
-556
-557
-296
-170
-348
-514
-387
-273
-340
-452
-497
-429
-299
-93
120
309
423
431
502
596
591
316
-74
-412
-717
-870
-868
-901
-985
-887
-575
-200
106
534
839
925
1101
1467
1844
1771
1508
1491
1512
1287
966
875
771
271
-105
-121
-64
-226
-359
-290
-272
-411
-450
-218
-11
-139
-225
64
420
493
510
772
867
654
464
618
700
277
-186
-240
-151
-309
-507
-399
-251
-286
-421
-307
-31
-130
-557
-865
-711
-633
-869
-949
-754
-587
-703
-635
-227
-122
-411
-680
-639
-610
-800
-938
-950
-913
-896
-731
-338
-38
65
135
292
410
451
402
179
-171
-459
-536
-599
-757
-907
-912
-841
-742
-501
-155
50
170
426
809
1165
1317
1342
1383
1447
1366
1189
1060
921
588
277
139
64
7
-58
13
-3
-114
-155
-35
128
4
-44
165
321
299
351
696
816
537
458
677
817
502
205
259
285
47
-117
87
205
-21
-251
-111
85
-70
-407
-542
-443
-488
-569
-434
-251
-201
-290
-177
21
22
-206
-447
-550
-651
-842
-920
-870
-859
-949
-851
-541
-337
-386
-334
-219
-282
-469
-457
-444
-758
-1074
-992
-842
-973
-1034
-792
-537
-564
-448
-96
144
117
207
529
681
631
676
845
895
795
758
760
687
543
419
362
251
261
252
305
258
188
137
104
223
243
274
350
482
534
602
899
1077
951
814
938
1005
750
514
563
615
355
213
486
725
522
299
468
572
324
30
-28
-64
-280
-364
-220
1
10
-27
71
243
233
17
-232
-361
-493
-723
-833
-735
-617
-715
-680
-327
-84
-131
-157
-24
-74
-361
-460
-413
-614
-998
-1064
-842
-827
-978
-885
-580
-514
-620
-489
-182
-112
-265
-174
38
60
-81
-10
127
74
-86
-113
-37
-50
-166
-288
-262
-168
-143
-150
-93
-25
-139
-263
-107
133
199
62
185
465
585
756
1007
1178
1016
900
978
920
720
531
473
359
236
401
667
695
566
627
768
714
545
449
309
138
37
69
233
355
393
434
594
763
698
477
271
137
-91
-346
-409
-342
-444
-628
-492
-195
-30
-104
-83
6
-37
-213
-289
-286
-504
-838
-910
-777
-812
-970
-909
-753
-767
-784
-548
-330
-361
-364
-194
-70
-97
-3
159
131
-18
-33
37
-42
-179
-278
-390
-510
-545
-496
-563
-659
-779
-840
-841
-706
-522
-555
-569
-414
-105
152
304
491
579
531
469
473
514
319
43
-115
-118
-16
65
151
219
327
458
584
686
731
607
464
402
438
507
528
510
520
616
715
747
734
664
497
335
299
309
268
154
62
85
163
250
287
284
265
227
224
212
191
56
-160
-244
-195
-205
-336
-378
-357
-458
-499
-364
-251
-345
-426
-338
-301
-293
-221
-67
-111
-228
-189
-74
-108
-261
-315
-421
-604
-712
-694
-769
-954
-1118
-1164
-1155
-1076
-977
-938
-916
-794
-519
-250
-41
171
322
343
332
407
506
377
140
13
10
18
-9
26
73
67
96
241
409
460
390
327
339
389
452
432
419
432
441
438
461
527
481
314
233
324
346
271
261
300
222
201
345
472
389
313
421
509
464
424
445
338
184
145
161
62
-75
-120
-193
-259
-216
-159
-219
-318
-302
-251
-230
-173
-101
-78
-117
-68
74
141
69
22
16
-72
-159
-214
-246
-389
-564
-661
-686
-662
-677
-704
-730
-708
-596
-461
-337
-208
-105
-51
-29
68
164
147
34
-42
-55
-51
-103
-172
-180
-195
-205
-163
-63
3
-14
-19
54
159
255
279
301
327
335
328
309
339
285
145
65
114
178
122
119
195
194
170
270
439
429
350
420
572
609
574
606
612
549
506
559
557
490
428
400
384
406
434
372
248
169
181
148
104
79
80
18
-5
95
197
141
55
65
61
-11
-123
-130
-231
-414
-551
-548
-502
-607
-661
-650
-618
-639
-616
-480
-415
-437
-485
-430
-347
-351
-361
-364
-375
-382
-346
-302
-299
-305
-312
-294
-279
-252
-242
-263
-268
-262
-183
-111
-63
-33
4
48
49
46
64
25
-101
-210
-197
-162
-236
-262
-212
-193
-207
-115
66
114
87
167
362
436
423
451
525
485
398
460
498
459
357
391
432
421
463
501
460
368
366
411
346
271
288
325
289
290
420
481
410
353
422
408
283
223
217
160
-11
-46
-6
-58
-146
-210
-154
-165
-206
-197
-148
-158
-256
-258
-236
-251
-310
-369
-385
-429
-446
-431
-392
-389
-412
-372
-318
-302
-328
-291
-259
-307
-357
-336
-285
-339
-404
-372
-334
-385
-466
-443
-454
-560
-614
-554
-524
-573
-576
-505
-431
-414
-343
-244
-165
-111
-11
123
196
208
220
240
269
279
259
224
207
220
213
211
266
316
274
225
287
368
313
268
367
464
437
446
614
721
649
609
732
766
602
500
577
542
335
231
290
291
142
94
202
225
132
90
168
176
69
21
49
24
-68
-145
-151
-166
-223
-255
-233
-190
-215
-232
-178
-132
-155
-166
-108
-61
-126
-170
-123
-111
-180
-250
-237
-254
-349
-412
-433
-478
-548
-562
-555
-583
-603
-570
-508
-470
-450
-392
-309
-228
-156
-36
51
77
90
114
154
134
131
115
84
52
57
82
76
69
84
76
55
47
75
52
35
91
174
221
231
311
373
408
427
466
463
421
414
398
368
332
316
314
305
327
366
390
403
430
461
478
484
480
441
385
360
320
250
193
177
157
136
148
181
180
160
178
187
157
126
126
104
42
1
29
31
-34
-71
-68
-93
-170
-236
-271
-360
-464
-529
-561
-625
-695
-680
-653
-656
-657
-587
-491
-462
-395
-293
-238
-265
-254
-191
-201
-235
-222
-221
-259
-288
-234
-214
-238
-246
-218
-204
-224
-210
-175
-158
-139
-68
2
19
48
115
186
196
192
239
259
243
210
216
226
198
153
144
173
197
198
218
259
308
352
386
430
451
435
408
386
380
325
277
243
220
223
209
230
234
235
240
236
228
201
174
124
74
53
70
65
35
33
69
74
44
25
-3
-74
-158
-204
-253
-321
-357
-389
-406
-420
-374
-321
-306
-263
-214
-198
-228
-216
-218
-295
-338
-310
-313
-386
-419
-350
-310
-352
-354
-292
-307
-402
-411
-347
-361
-421
-378
-280
-283
-305
-223
-121
-140
-190
-129
-73
-137
-202
-171
-158
-232
-296
-264
-220
-241
-258
-195
-129
-81
-24
59
143
195
242
292
339
370
361
330
336
361
374
358
392
420
418
413
447
478
459
422
403
392
351
358
378
359
333
363
397
394
385
376
340
268
225
200
145
65
8
-12
-57
-65
-42
-27
-21
-8
34
61
48
25
-6
-38
-64
-91
-142
-193
-184
-185
-229
-259
-238
-251
-343
-372
-348
-388
-481
-485
-407
-422
-471
-418
-309
-311
-360
-302
-224
-242
-318
-300
-234
-275
-345
-348
-268
-260
-305
-294
-225
-151
-141
-107
-31
47
64
50
116
185
167
100
125
193
171
137
178
246
224
203
267
340
333
299
327
346
304
292
333
357
330
338
411
453
463
466
470
438
398
378
348
286
233
212
187
169
174
188
190
207
248
278
263
248
240
224
206
183
152
124
140
153
133
116
129
113
38
3
11
-26
-124
-145
-110
-122
-175
-162
-98
-120
-183
-168
-116
-151
-248
-275
-250
-301
-396
-413
-361
-377
-443
-451
-386
-359
-386
-366
-286
-238
-239
-205
-115
-64
-103
-129
-83
-68
-124
-157
-128
-107
-167
-177
-104
-66
-91
-95
-29
-1
-35
-34
13
32
10
23
83
115
116
139
186
206
207
223
246
230
205
199
206
205
209
206
200
224
272
304
292
286
290
275
243
222
195
157
139
143
147
131
128
110
66
31
14
-14
-69
-104
-101
-99
-132
-136
-100
-80
-107
-127
-102
-112
-174
-217
-213
-229
-298
-316
-300
-300
-330
-339
-303
-295
-300
-297
-275
-258
-258
-238
-197
-179
-172
-162
-149
-146
-146
-142
-148
-160
-166
-180
-180
-180
-179
-168
-155
-139
-129
-119
-106
-89
-84
-64
-46
-35
-29
-18
2
-2
-9
-5
3
6
-1
7
23
35
54
70
91
134
186
212
232
247
267
271
252
257
262
248
226
235
257
244
232
249
252
209
161
163
161
109
82
105
125
99
97
146
171
142
120
139
134
79
42
26
-4
-53
-86
-95
-100
-125
-154
-149
-146
-149
-168
-166
-140
-134
-141
-140
-113
-116
-149
-163
-147
-146
-191
-203
-177
-172
-214
-222
-185
-170
-191
-190
-153
-150
-172
-164
-120
-94
-93
-78
-36
-8
-6
-7
-12
-20
-47
-61
-64
-72
-72
-69
-46
-22
14
62
129
182
215
240
268
290
291
286
295
300
299
310
341
372
367
374
387
363
306
286
278
233
185
188
202
188
172
209
261
262
247
249
259
230
183
150
140
104
43
11
26
21
-34
-57
-35
-34
-72
-85
-54
-38
-64
-75
-32
-7
-39
-68
-62
-60
-97
-140
-134
-124
-164
-210
-190
-148
-161
-189
-173
-148
-163
-174
-155
-124
-134
-153
-128
-96
-96
-117
-126
-123
-144
-181
-189
-195
-218
-260
-267
-244
-227
-227
-202
-134
-86
-68
-29
26
50
29
36
76
79
56
55
99
115
111
129
162
154
119
111
127
127
108
104
114
134
140
171
229
254
265
277
304
307
280
279
292
272
228
219
235
216
186
192
203
182
165
169
169
156
143
134
123
98
66
38
17
-11
-40
-59
-84
-109
-140
-157
-158
-164
-177
-194
-202
-211
-214
-207
-203
-206
-217
-236
-231
-227
-242
-262
-282
-293
-316
-335
-339
-355
-391
-430
-429
-409
-419
-423
-386
-337
-316
-293
-227
-181
-186
-188
-143
-108
-116
-116
-81
-51
-58
-47
-19
2
-9
-25
-15
0
-6
-26
-12
5
0
-2
29
69
69
71
94
123
128
130
156
182
184
179
194
217
219
207
219
234
238
240
251
277
278
261
247
246
233
194
168
162
144
106
88
73
64
42
35
52
63
65
61
73
76
85
79
68
67
44
25
18
10
-20
-50
-55
-72
-97
-108
-113
-144
-189
-210
-202
-228
-275
-270
-252
-257
-270
-245
-222
-237
-245
-224
-192
-194
-195
-172
-152
-147
-152
-135
-129
-147
-160
-144
-127
-123
-118
-98
-80
-81
-65
-39
-25
-27
-35
-33
-27
-18
-9
-9
13
32
38
51
88
127
133
146
193
232
242
258
302
333
335
335
365
385
358
337
333
327
308
289
274
261
248
224
209
213
215
207
192
199
202
188
179
191
187
158
146
149
139
113
106
105
87
62
51
42
11
-16
-24
-35
-72
-100
-90
-96
-140
-168
-167
-173
-196
-206
-202
-209
-231
-241
-230
-229
-239
-251
-253
-247
-247
-234
-223
-209
-196
-189
-170
-161
-143
-137
-132
-125
-123
-128
-129
-120
-116
-119
-109
-80
-76
-91
-80
-40
-36
-51
-26
16
30
31
67
109
119
128
157
188
191
181
195
198
197
190
192
196
189
180
171
192
199
195
182
179
180
171
160
171
175
154
142
150
156
138
138
142
136
121
126
136
114
101
98
94
69
42
55
45
12
-11
-14
-12
-38
-48
-45
-46
-65
-84
-78
-90
-113
-136
-143
-153
-174
-191
-209
-220
-219
-210
-219
-230
-217
-218
-223
-225
-234
-237
-257
-262
-256
-261
-269
-269
-250
-248
-249
-233
-221
-223
-230
-218
-194
-177
-165
-149
-127
-105
-82
-61
-40
-33
-37
-31
-17
-7
2
9
31
40
49
69
93
102
94
100
112
114
111
123
139
136
138
158
174
179
173
183
196
188
185
200
199
182
169
174
181
168
150
145
135
111
95
97
86
60
39
43
50
45
45
41
36
17
-2
-4
-20
-47
-68
-81
-88
-91
-89
-100
-98
-95
-99
-105
-109
-124
-149
-168
-182
-183
-197
-203
-198
-193
-197
-202
-186
-182
-192
-190
-178
-171
-182
-181
-151
-136
-133
-121
-100
-89
-89
-95
-72
-60
-68
-73
-62
-45
-47
-36
-13
-12
-13
2
25
39
31
41
64
79
95
124
149
161
176
202
224
236
237
240
244
244
244
254
259
253
248
248
257
254
243
237
237
220
201
208
208
202
200
203
202
190
181
177
161
133
110
90
76
62
57
53
54
55
60
47
17
-4
-24
-45
-66
-80
-99
-118
-124
-124
-131
-140
-138
-140
-157
-158
-150
-149
-171
-186
-179
-169
-162
-163
-152
-132
-135
-144
-141
-133
-140
-155
-151
-147
-144
-136
-121
-111
-101
-91
-67
-60
-62
-47
-32
-17
-3
15
37
52
64
82
98
110
118
127
137
142
135
151
154
155
156
171
188
193
203
215
219
216
206
214
224
210
214
225
222
205
203
206
193
166
149
146
138
126
123
120
115
114
116
122
108
93
72
55
43
26
-1
-17
-22
-27
-39
-42
-30
-36
-54
-65
-64
-76
-93
-104
-103
-108
-129
-128
-117
-111
-119
-133
-132
-142
-158
-177
-187
-196
-217
-232
-231
-229
-235
-244
-247
-236
-242
-252
-247
-236
-239
-240
-227
-201
-196
-193
-171
-145
-129
-133
-122
-111
-119
-123
-117
-97
-93
-95
-83
-55
-32
-22
-2
20
33
39
53
64
66
76
84
96
104
108
115
110
105
104
110
116
112
118
122
125
120
124
137
134
123
118
117
114
106
101
96
81
68
62
61
54
36
22
17
4
-10
-20
-22
-31
-45
-57
-63
-65
-81
-94
-98
-111
-120
-126
-128
-136
-151
-153
-153
-158
-167
-179
-184
-188
-195
-200
-201
-194
-201
-203
-190
-171
-163
-160
-144
-133
-128
-131
-122
-112
-108
-108
-104
-86
-81
-73
-54
-35
-31
-30
-15
2
18
27
41
54
60
72
80
92
95
90
98
110
109
106
106
106
105
103
111
116
120
123
128
139
140
135
131
142
148
152
154
161
169
171
168
172
174
162
151
143
135
125
124
118
115
98
85
83
76
66
54
54
44
33
27
30
24
12
-3
-6
-8
-17
-29
-31
-27
-40
-46
-45
-37
-61
-79
-76
-78
-80
-93
-81
-81
-98
-99
-91
-73
-83
-85
-74
-64
-59
-67
-53
-44
-52
-44
-27
-15
-12
-15
-6
9
7
14
25
32
32
32
48
61
62
55
54
56
62
68
80
94
96
92
101
114
116
108
109
117
122
118
118
137
145
147
154
172
175
164
170
179
182
175
164
165
155
142
128
127
118
100
95
88
84
77
79
82
73
62
55
49
41
31
23
18
8
-12
-27
-25
-29
-41
-56
-58
-72
-92
-98
-102
-113
-126
-128
-123
-123
-129
-134
-137
-142
-156
-167
-175
-174
-174
-182
-180
-176
-179
-187
-185
-182
-185
-190
-183
-177
-184
-179
-169
-161
-158
-155
-151
-145
-141
-134
-118
-108
-107
-107
-106
-107
-110
-101
-84
-71
-65
-56
-40
-14
0
3
20
40
50
54
70
90
96
96
108
118
117
111
104
109
111
109
114
121
120
116
123
139
143
147
146
143
144
132
123
119
103
83
82
88
86
84
76
76
74
59
48
45
25
10
9
5
1
-5
-18
-36
-47
-61
-69
-69
-84
-107
-123
-127
-140
-165
-178
-175
-177
-191
-185
-176
-179
-197
-204
-194
-207
-220
-226
-214
-208
-210
-199
-189
-177
-176
-167
-159
-154
-148
-145
-130
-125
-121
-113
-89
-70
-70
-59
-48
-32
-32
-27
-7
2
4
14
29
40
42
56
76
83
79
92
121
129
127
144
172
179
185
197
207
204
194
201
204
198
182
180
186
177
171
180
186
180
174
168
166
163
159
150
143
135
126
123
122
114
108
104
93
88
80
65
55
37
18
2
1
-4
-15
-27
-26
-32
-44
-46
-47
-57
-66
-68
-71
-77
-84
-87
-91
-91
-92
-86
-90
-95
-92
-84
-83
-78
-70
-74
-79
-78
-71
-65
-59
-59
-58
-53
-47
-58
-53
-41
-45
-51
-50
-45
-32
-18
-14
6
25
28
31
50
70
83
85
100
119
117
104
109
117
112
107
113
122
116
111
119
127
127
126
135
135
133
137
138
143
149
151
155
160
156
150
148
143
134
123
107
103
98
91
87
87
84
73
66
63
49
32
18
3
-14
-32
-48
-52
-54
-67
-68
-64
-64
-66
-67
-69
-70
-79
-92
-99
-108
-112
-112
-111
-104
-109
-111
-103
-104
-103
-106
-110
-119
-127
-133
-136
-135
-142
-137
-128
-115
-111
-104
-99
-93
-95
-90
-67
-55
-53
-48
-32
-25
-23
-19
-14
-19
-28
-33
-31
-26
-29
-21
-19
-7
-6
-4
9
14
22
19
21
30
36
38
49
57
60
58
60
57
54
50
47
53
55
49
48
54
55
62
53
57
52
33
30
14
6
1
-12
-11
-19
-32
-26
-27
-30
-30
-29
-23
-27
-28
-31
-39
-43
-45
-40
-39
-39
-40
-40
-46
-57
-61
-70
-82
-91
-103
-113
-125
-134
-139
-147
-154
-155
-151
-156
-160
-164
-168
-166
-156
-153
-152
-147
-149
-144
-138
-130
-131
-127
-126
-117
-109
-107
-96
-93
-84
-79
-66
-53
-43
-35
-34
-22
-9
4
19
36
46
51
56
69
83
89
93
101
116
120
128
138
137
134
129
141
150
157
155
157
164
154
155
155
153
144
138
137
137
142
136
131
124
119
117
112
99
95
87
79
83
78
70
58
44
32
24
13
-3
-13
-29
-40
-52
-54
-64
-74
-86
-98
-102
-107
-99
-106
-119
-122
-123
-113
-115
-122
-121
-113
-116
-114
-103
-95
-96
-99
-91
-74
-73
-75
-67
-64
-54
-51
-35
-21
-21
-19
-8
-4
5
17
25
34
34
41
61
70
69
70
77
85
96
100
110
120
119
120
125
137
141
132
135
140
139
139
142
151
143
148
157
169
168
162
158
158
158
150
149
146
141
127
123
120
115
105
94
92
100
93
89
86
70
66
57
51
44
24
17
2
-7
-11
-16
-20
-24
-34
-37
-33
-34
-39
-47
-54
-60
-65
-67
-66
-77
-84
-91
-98
-100
-107
-114
-115
-119
-115
-106
-101
-89
-89
-91
-86
-90
-92
-101
-100
-92
-98
-98
-98
-88
-86
-84
-75
-63
-52
-53
-48
-41
-37
-39
-33
-25
-21
-15
-10
-3
3
8
11
27
35
37
52
54
54
51
54
51
49
43
39
45
36
39
39
42
43
39
34
35
36
30
23
23
20
11
11
6
-3
-15
-25
-36
-44
-47
-54
-56
-62
-67
-73
-71
-82
-85
-81
-84
-91
-104
-106
-105
-111
-124
-122
-128
-134
-129
-127
-124
-121
-112
-109
-102
-101
-98
-95
-94
-90
-87
-77
-73
-74
-74
-69
-61
-57
-58
-53
-50
-50
-49
-49
-43
-45
-42
-37
-24
-25
-33
-27
-31
-26
-27
-19
-10
-7
-1
-2
0
5
6
5
12
17
15
19
25
30
36
44
53
59
63
64
71
82
83
76
78
84
87
88
87
93
94
93
96
99
103
98
91
89
86
81
80
79
76
76
62
60
60
61
56
51
46
38
36
26
26
28
20
18
16
15
10
-1
-7
-8
-12
-27
-36
-42
-52
-54
-61
-67
-70
-77
-88
-99
-101
-104
-110
-108
-100
-88
-90
-88
-81
-79
-75
-70
-64
-64
-61
-66
-55
-38
-35
-29
-21
-8
0
9
13
18
21
25
28
30
39
45
48
55
69
84
97
114
124
128
132
140
151
156
154
160
167
165
163
163
167
173
164
165
162
165
169
167
167
166
165
161
155
151
148
142
133
124
121
111
102
102
99
99
96
93
92
79
69
60
59
51
33
24
17
7
4
-3
-4
-5
-23
-24
-22
-25
-33
-45
-43
-48
-57
-64
-69
-74
-78
-79
-80
-83
-90
-92
-98
-103
-106
-113
-112
-114
-115
-116
-117
-110
-105
-109
-105
-112
-113
-103
-107
-100
-100
-95
-81
-72
-62
-59
-56
-43
-33
-19
-3
-1
4
7
5
7
13
19
21
17
25
31
38
47
51
55
57
62
60
60
55
54
61
65
67
69
68
66
66
65
67
64
67
68
60
60
62
55
44
32
28
21
12
7
2
-5
-12
-20
-20
-29
-33
-47
-58
-60
-66
-69
-75
-78
-88
-99
-105
-108
-106
-105
-112
-119
-117
-120
-130
-136
-136
-134
-139
-144
-151
-153
-155
-159
-155
-155
-156
-153
-146
-134
-128
-127
-118
-115
-113
-112
-108
-99
-96
-93
-87
-75
-67
-62
-57
-44
-38
-33
-25
-14
1
4
6
7
10
17
19
26
32
34
50
51
73
86
96
89
63
55
56
68
75
89
93
102
92
82
75
77
87
91
79
51
44
42
44
43
40
45
40
41
51
50
47
46
35
34
34
21
21
16
9
11
12
14
14
11
12
8
15
17
0
-11
-13
-18
-29
-37
-48
-47
-51
-58
-57
-59
-64
-69
-72
-70
-69
-77
-81
-77
-76
-71
-71
-68
-67
-66
-58
-50
-43
-46
-45
-37
-27
-22
-19
-18
-14
-7
-1
9
20
29
27
23
26
29
35
37
45
56
63
66
71
86
93
93
103
102
100
99
92
92
90
85
94
108
116
128
133
139
132
127
130
126
122
118
116
118
109
92
85
79
86
87
98
102
110
106
97
95
87
85
69
62
54
48
35
25
14
3
0
-5
3
8
9
8
5
5
-2
-17
-24
-26
-25
-25
-32
-31
-32
-29
-28
-20
-10
-12
-8
-10
-20
-29
-36
-43
-45
-47
-50
-47
-45
-54
-53
-58
-57
-54
-62
-58
-57
-57
-55
-56
-56
-53
-39
-33
-28
-22
-23
-23
-18
-16
-13
-9
-12
-14
-13
-15
-12
-14
-17
-17
-15
-13
-12
-9
-12
-8
-1
11
16
18
18
16
16
11
12
16
13
8
4
11
15
16
18
20
26
27
25
19
17
13
-1
-6
-5
-10
-11
-17
-23
-22
-25
-25
-31
-36
-48
-52
-62
-69
-70
-76
-78
-83
-85
-89
-93
-99
-97
-94
-100
-106
-111
-119
-121
-120
-123
-115
-108
-102
-97
-101
-100
-94
-90
-88
-89
-89
-83
-80
-77
-70
-72
-75
-73
-72
-71
-65
-54
-49
-51
-44
-38
-32
-28
-23
-10
4
16
24
30
34
40
42
51
57
57
69
72
75
77
82
94
92
92
87
83
92
84
84
86
87
88
83
82
84
81
76
71
69
67
65
67
66
63
56
49
41
36
24
17
11
-1
-1
-5
2
-2
-5
-5
-11
-13
-20
-29
-31
-35
-44
-42
-40
-42
-43
-51
-53
-51
-53
-49
-43
-39
-41
-42
-41
-44
-46
-55
-64
-69
-76
-73
-78
-82
-83
-80
-74
-72
-66
-57
-49
-45
-42
-34
-29
-30
-19
-17
-13
1
2
3
7
16
25
25
40
45
46
53
58
61
62
67
72
75
80
83
91
96
98
107
109
110
109
119
122
126
127
129
136
137
134
133
129
119
111
110
107
103
97
93
93
94
99
90
87
79
65
57
46
47
39
39
34
30
25
27
26
28
26
22
20
7
-1
-6
-15
-26
-27
-32
-34
-35
-42
-42
-55
-60
-57
-62
-60
-64
-63
-60
-53
-53
-50
-48
-53
-55
-60
-52
-45
-44
-44
-39
-28
-27
-19
-11
-4
2
9
9
13
13
7
12
17
27
31
40
52
59
58
55
63
66
61
59
64
71
71
75
74
71
73
63
57
57
50
45
39
35
31
28
23
25
26
19
12
3
-7
-12
-9
-17
-17
-19
-20
-23
-22
-20
-19
-20
-13
-17
-26
-31
-36
-46
-48
-49
-65
-63
-59
-64
-60
-61
-61
-60
-67
-70
-63
-66
-75
-74
-66
-67
-68
-63
-56
-49
-58
-54
-50
-51
-54
-57
-51
-51
-55
-60
-60
-61
-67
-67
-66
-74
-79
-80
-72
-71
-74
-72
-66
-60
-53
-49
-44
-34
-39
-33
-27
-31
-25
-25
-27
-23
-16
-11
-5
-1
-3
3
5
10
11
8
1
-4
2
5
9
13
18
21
24
29
30
31
31
33
34
38
43
46
46
39
32
34
34
31
26
20
10
4
11
12
9
10
7
0
6
2
1
0
-6
-8
-17
-23
-19
-26
-32
-36
-47
-56
-62
-69
-68
-66
-67
-72
-70
-74
-71
-69
-68
-65
-69
-66
-70
-71
-73
-73
-76
-80
-71
-68
-62
-53
-51
-43
-43
-50
-40
-34
-31
-21
-14
-11
-9
-8
-10
-15
-11
-9
2
9
13
20
23
31
40
51
51
53
56
55
54
52
57
63
67
71
76
85
94
108
114
115
113
115
116
108
105
101
105
109
114
114
113
111
105
104
110
108
106
100
96
93
86
82
83
78
73
64
59
60
47
30
25
24
16
8
2
-1
-10
-12
-17
-25
-31
-47
-54
-54
-58
-60
-62
-58
-57
-53
-54
-53
-53
-61
-61
-64
-66
-64
-66
-65
-65
-64
-51
-51
-42
-39
-37
-28
-22
-18
-17
-12
-6
-9
-2
3
10
17
13
28
40
45
47
56
73
71
74
79
93
95
93
93
90
95
91
91
95
90
92
93
92
89
84
79
79
81
79
76
76
79
79
84
79
72
66
59
54
43
41
31
29
17
10
5
1
-4
-8
-5
-13
-21
-29
-39
-46
-45
-52
-54
-52
-56
-57
-56
-52
-52
-58
-59
-56
-54
-54
-52
-55
-64
-66
-67
-65
-66
-64
-64
-63
-62
-60
-64
-66
-68
-67
-63
-57
-56
-59
-58
-62
-69
-71
-70
-68
-67
-64
-61
-62
-59
-58
-58
-52
-51
-55
-59
-59
-62
-66
-62
-62
-64
-59
-55
-56
-55
-55
-41
-29
-27
-26
-17
-16
-22
-20
-21
-21
-27
-29
-25
-19
-19
-14
-3
4
1
4
5
7
12
12
11
11
7
6
5
3
8
-3
2
3
-1
2
-8
-5
-6
-7
-7
-6
-10
-10
-10
-8
-10
-17
-17
-24
-23
-23
-20
-23
-28
-31
-36
-41
-47
-58
-63
-54
-53
-56
-48
-52
-51
-45
-44
-38
-47
-44
-48
-49
-50
-48
-43
-41
-28
-22
-17
-7
-10
-11
-10
-8
-14
-17
-16
-17
-13
-4
1
6
10
17
25
33
41
37
42
46
53
54
52
55
58
63
69
81
86
88
89
97
97
93
86
88
81
79
78
70
75
74
71
69
68
73
69
68
69
62
57
56
57
53
53
52
55
57
57
59
61
61
57
56
45
41
37
37
31
29
28
26
22
22
23
22
22
19
21
16
13
3
6
2
3
1
1
9
4
2
-4
3
2
-4
-8
-11
-15
-24
-22
-24
-30
-30
-30
-24
-20
-18
-11
-5
-2
-3
-1
5
6
8
12
14
21
21
26
33
38
44
52
57
53
58
63
66
70
69
63
66
64
65
66
64
62
61
62
63
66
73
76
73
75
79
80
76
69
59
55
51
51
40
41
46
40
39
33
32
18
10
15
12
8
-5
-8
-15
-30
-30
-34
-37
-44
-47
-42
-49
-48
-50
-58
-63
-70
-72
-74
-71
-67
-71
-77
-77
-82
-79
-80
-86
-84
-84
-80
-80
-77
-79
-85
-81
-79
-73
-64
-56
-54
-52
-49
-42
-38
-37
-34
-32
-32
-34
-35
-36
-34
-37
-38
-36
-30
-29
-29
-22
-24
-21
-22
-20
-23
-20
-20
-16
-13
-14
-7
-3
-6
-8
-3
-4
-2
1
1
5
5
0
-7
-12
-3
-7
-5
-4
-3
0
-4
-5
-6
-9
-10
-15
-20
-20
-29
-29
-36
-44
-46
-40
-33
-32
-26
-29
-21
-27
-33
-34
-36
-37
-40
-42
-46
-46
-49
-50
-46
-45
-51
-47
-52
-57
-57
-59
-58
-58
-53
-52
-49
-43
-34
-32
-24
-17
-21
-14
-12
-14
-14
-13
-12
-9
-10
-11
-2
-4
-7
-6
-8
-8
-11
-14
-17
-14
-2
4
9
12
10
6
1
1
-1
-7
-5
-3
0
9
15
23
20
27
33
35
43
44
52
49
53
53
52
55
57
59
64
72
74
79
77
72
76
72
74
76
68
77
74
80
74
72
73
73
73
69
72
67
63
52
48
42
35
26
29
28
26
29
28
22
9
9
10
8
1
-3
-2
-3
-4
-7
-13
-16
-15
-18
-19
-12
-18
-21
-20
-33
-33
-33
-32
-28
-28
-31
-31
-28
-31
-25
-27
-28
-25
-27
-27
-30
-29
-21
-15
-11
-9
-3
-6
-4
4
8
14
24
26
27
29
23
29
35
39
40
40
38
39
46
54
64
71
70
73
70
66
72
64
62
64
61
59
58
57
49
56
52
50
54
50
45
39
29
24
20
15
16
12
13
9
6
4
-3
-5
-12
-14
-15
-18
-29
-30
-38
-44
-43
-50
-53
-55
-55
-57
-58
-55
-57
-63
-66
-73
-69
-68
-69
-65
-56
-57
-57
-47
-48
-53
-60
-61
-60
-63
-60
-52
-45
-35
-32
-34
-32
-33
-36
-36
-38
-34
-29
-32
-31
-31
-35
-33
-31
-29
-27
-23
-16
-5
-8
-10
-8
-7
-7
-8
0
7
10
4
3
5
8
6
9
14
14
14
10
11
4
0
4
7
4
10
9
10
11
5
2
1
-3
0
5
9
6
10
5
-1
-5
-14
-21
-23
-23
-29
-32
-35
-38
-39
-37
-47
-41
-39
-45
-40
-41
-43
-42
-49
-46
-47
-48
-41
-45
-37
-37
-32
-24
-26
-24
-23
-25
-24
-24
-26
-23
-29
-27
-22
-27
-26
-29
-30
-35
-36
-33
-40
-39
-36
-38
-40
-38
-33
-24
-18
-9
-4
0
4
-2
-2
4
4
3
4
15
19
22
22
27
30
30
31
31
39
45
41
42
47
44
54
55
58
67
71
76
85
87
85
89
81
74
65
64
64
56
58
59
59
56
52
46
43
38
31
25
22
15
14
9
-5
-10
-19
-20
-20
-16
-13
-12
-8
-8
-13
-22
-31
-30
-30
-32
-25
-29
-30
-34
-36
-34
-37
-39
-38
-38
-36
-31
-28
-27
-30
-28
-27
-28
-18
-14
-9
-3
-1
0
-1
2
5
4
3
0
2
2
1
7
12
19
23
31
37
46
55
61
62
63
70
69
71
76
78
85
90
93
96
100
101
96
103
104
98
103
94
90
87
77
75
69
65
61
61
57
56
55
47
46
35
31
27
19
15
11
17
13
10
6
2
-6
-5
-2
-4
-2
0
0
-7
-14
-21
-25
-31
-35
-34
-37
-34
-36
-29
-31
-33
-33
-33
-37
-33
-30
-38
-31
-36
-37
-37
-40
-37
-37
-33
-27
-26
-27
-29
-24
-21
-25
-23
-27
-28
-27
-23
-17
-14
-13
-12
-7
4
4
7
16
22
25
25
20
18
15
19
20
18
26
25
26
27
19
18
17
9
4
1
-1
0
-1
-4
-3
-6
-8
-11
-9
-10
-9
-13
-8
0
-7
-10
-12
-19
-18
-12
-13
-18
-8
-9
-15
-16
-23
-30
-36
-37
-39
-43
-39
-43
-45
-39
-42
-42
-43
-45
-44
-44
-42
-49
-51
-52
-51
-48
-46
-41
-42
-42
-34
-33
-35
-36
-34
-32
-37
-37
-38
-36
-43
-42
-37
-35
-31
-25
-20
-23
-17
-13
-11
-5
-3
-4
-12
-14
-15
-14
-10
-9
-13
-13
-11
-13
-16
-20
-25
-22
-17
-17
-15
-14
-18
-19
-20
-23
-19
-19
-21
-17
-13
-12
-20
-22
-22
-23
-24
-21
-14
-9
-10
-6
-9
-14
-19
-22
-18
-20
-16
-14
-15
-7
0
0
4
10
9
6
5
4
1
5
6
6
8
9
15
10
11
11
16
15
11
8
3
0
-3
-7
-11
-11
-12
-15
-15
-20
-16
-19
-22
-17
-15
-10
-13
-9
-6
-6
-3
4
1
-1
2
-2
8
4
-1
0
-1
-6
-10
-6
-5
-7
-1
4
-2
2
5
3
4
3
3
11
19
19
25
27
24
24
26
31
28
33
45
49
56
57
59
57
65
65
61
71
74
74
78
75
77
83
82
89
98
100
100
105
103
102
98
88
91
89
89
90
91
96
97
98
97
81
73
68
61
53
41
42
35
29
25
19
16
9
6
3
8
10
5
4
-3
-10
-9
-15
-21
-19
-22
-20
-25
-25
-29
-33
-38
-46
-46
-50
-52
-52
-52
-49
-49
-57
-64
-64
-62
-59
-60
-56
-49
-55
-51
-50
-51
-53
-46
-42
-39
-29
-27
-28
-22
-24
-20
-18
-12
-9
-4
10
17
24
23
31
36
36
43
47
45
50
56
54
55
55
52
57
55
56
60
50
47
41
39
30
26
23
14
14
5
3
-5
-5
-9
-15
-20
-26
-19
-25
-24
-16
-17
-22
-23
-26
-33
-40
-40
-42
-45
-42
-45
-46
-48
-52
-57
-64
-65
-68
-64
-65
-70
-71
-70
-73
-79
-75
-75
-73
-60
-60
-58
-57
-57
-56
-58
-57
-55
-51
-54
-45
-39
-34
-32
-28
-19
-18
-14
-14
-12
-13
-15
-17
-14
-10
-10
-4
-2
3
3
4
2
-3
-2
-1
0
-5
-4
-8
-10
-7
-3
9
9
8
6
0
4
-1
-2
-4
-9
-10
-10
-12
-13
-10
-5
5
8
11
5
5
0
-6
-4
-7
-13
-14
-17
-23
-22
-26
-22
-25
-27
-26
-29
-30
-24
-25
-30
-27
-27
-26
-27
-27
-25
-26
-24
-22
-17
-14
-13
-8
-10
-10
-9
0
3
5
7
15
18
12
15
18
21
13
11
17
15
10
13
20
33
36
37
42
42
45
44
46
44
34
32
29
30
31
37
39
38
41
42
46
39
49
52
52
52
49
49
43
47
50
51
48
53
54
56
61
64
68
59
56
55
53
55
54
58
60
57
60
54
53
49
55
52
45
43
38
40
36
39
36
32
33
33
40
45
44
44
44
39
34
32
29
25
23
23
26
24
15
20
23
25
28
20
18
13
4
4
4
3
0
0
5
-2
-6
-9
-19
-20
-25
-24
-27
-30
-31
-37
-37
-34
-34
-35
-30
-26
-25
-25
-23
-21
-18
-17
-21
-24
-23
-20
-21
-11
-9
-13
-7
-15
-11
-17
-17
-8
-5
4
1
4
11
13
14
14
15
10
17
20
20
17
16
15
16
25
28
34
34
38
39
37
30
22
17
14
10
6
9
8
5
7
6
8
11
9
11
15
9
10
8
-5
-12
-11
-9
-10
-4
-8
-10
-6
-6
-9
-14
-16
-17
-18
-24
-31
-35
-29
-37
-43
-43
-51
-52
-52
-50
-48
-50
-50
-52
-45
-47
-44
-36
-38
-39
-36
-32
-36
-34
-37
-35
-33
-34
-27
-31
-37
-37
-39
-37
-39
-37
-36
-33
-30
-28
-24
-25
-20
-18
-21
-19
-24
-21
-21
-20
-24
-25
-26
-27
-18
-18
-12
-11
-7
-5
-2
-2
-6
-7
-19
-17
-19
-18
-13
-17
-18
-18
-19
-20
-16
-21
-24
-24
-23
-26
-25
-22
-21
-23
-24
-26
-28
-31
-36
-36
-32
-40
-38
-38
-42
-43
-50
-55
-52
-50
-52
-52
-51
-52
-53
-50
-49
-47
-50
-46
-39
-34
-37
-37
-39
-38
-32
-33
-31
-28
-26
-24
-19
-19
-14
-21
-22
-17
-9
-2
-1
9
10
13
15
17
22
28
30
35
41
40
46
48
47
45
50
58
54
54
55
58
57
52
51
45
47
47
48
51
54
56
54
55
55
52
51
54
55
53
58
61
55
59
62
58
57
54
51
47
51
45
43
41
35
32
33
35
33
28
32
34
36
38
31
33
30
28
27
22
25
23
20
17
20
17
13
13
17
15
8
13
12
8
5
10
15
11
10
3
0
-4
-16
-12
-17
-24
-27
-19
-22
-22
-16
-17
-12
-12
-7
-1
-4
-6
-7
-10
-9
-1
2
3
8
5
4
9
10
8
7
8
11
17
26
27
26
27
28
25
32
31
31
32
31
34
37
36
36
37
36
40
42
46
45
46
47
46
49
49
45
41
33
26
28
24
19
12
5
0
-7
-7
-8
-10
-11
-16
-22
-26
-22
-23
-26
-27
-28
-36
-41
-42
-39
-36
-36
-41
-38
-31
-31
-27
-34
-37
-34
-37
-38
-39
-40
-37
-29
-31
-30
-31
-30
-24
-27
-20
-14
-22
-26
-28
-34
-33
-31
-31
-32
-33
-36
-36
-40
-38
-30
-36
-36
-37
-32
-34
-39
-32
-31
-30
-27
-29
-27
-24
-19
-18
-21
-22
-23
-20
-18
-16
-25
-21
-17
-24
-25
-24
-23
-22
-28
-28
-30
-32
-30
-32
-33
-37
-39
-42
-43
-44
-43
-47
-47
-50
-51
-53
-53
-50
-46
-40
-37
-37
-37
-42
-44
-43
-44
-38
-34
-36
-39
-41
-37
-33
-36
-30
-28
-21
-17
-18
-19
-14
-11
-8
-11
-15
-11
-15
-11
-10
-7
-4
-3
-4
-6
-6
-5
-1
3
2
3
2
-1
-1
-2
1
2
7
9
13
20
22
26
23
20
17
20
30
28
28
24
18
16
16
16
22
28
28
33
36
32
33
33
29
29
27
33
34
34
29
26
37
34
37
35
32
31
37
39
37
43
41
44
40
41
44
41
41
44
41
38
39
33
39
43
48
54
53
52
49
48
50
55
54
53
55
56
56
61
59
47
46
49
43
39
41
38
26
23
18
16
19
19
24
21
21
20
19
21
15
14
17
12
9
13
9
12
5
5
13
13
13
15
18
15
19
23
23
27
32
37
42
47
48
48
47
45
45
49
51
54
57
60
57
53
56
54
55
57
57
52
52
47
48
49
44
42
42
36
32
28
25
22
24
21
13
14
10
12
10
9
3
-1
-2
-2
7
1
6
5
-1
-6
-10
-9
-7
-9
-10
-13
-13
-8
-19
-22
-23
-24
-32
-35
-36
-42
-45
-48
-46
-47
-48
-55
-61
-58
-65
-66
-65
-69
-69
-74
-76
-82
-90
-88
-79
-74
-72
-61
-61
-57
-55
-50
-52
-55
-48
-46
-45
-52
-52
-56
-51
-47
-43
-39
-39
-34
-34
-26
-29
-29
-30
-28
-23
-25
-21
-17
-20
-16
-15
-21
-23
-21
-24
-24
-19
-18
-24
-28
-26
-29
-27
-28
-20
-20
-18
-15
-19
-15
-15
-20
-20
-17
-22
-25
-30
-30
-28
-29
-31
-31
-28
-32
-28
-35
-37
-38
-34
-32
-40
-40
-44
-49
-51
-53
-55
-53
-60
-62
-60
-65
-59
-63
-64
-63
-62
-58
-58
-50
-46
-44
-49
-43
-41
-44
-42
-47
-39
-32
-24
-22
-11
-12
-10
-4
-3
5
3
4
5
4
6
9
11
20
21
24
23
23
23
15
15
11
9
10
7
6
6
5
10
13
18
22
19
15
14
17
17
13
10
14
17
18
29
30
37
41
45
50
49
49
47
48
49
44
47
47
52
50
46
55
55
61
58
50
49
44
46
49
47
43
41
46
46
47
45
42
41
42
46
46
45
43
41
44
42
43
44
43
44
48
48
52
54
52
53
51
47
48
47
45
52
46
51
55
56
58
55
55
52
54
53
47
45
42
41
40
36
35
32
32
34
39
44
40
41
40
35
31
24
22
27
32
30
29
29
24
22
26
24
21
20
14
15
13
14
13
17
19
27
32
30
33
23
24
24
26
28
26
31
28
25
21
13
9
10
5
-2
-4
-12
-11
-14
-21
-26
-33
-37
-40
-36
-35
-35
-39
-39
-37
-34
-37
-41
-34
-39
-37
-40
-38
-35
-40
-43
-41
-38
-36
-31
-29
-31
-36
-34
-38
-41
-45
-42
-42
-46
-44
-46
-48
-54
-52
-58
-61
-62
-60
-63
-67
-68
-74
-73
-73
-77
-70
-68
-62
-57
-58
-54
-58
-61
-59
-58
-49
-48
-50
-40
-40
-39
-35
-30
-23
-15
-12
-15
-7
-4
-1
3
3
6
10
11
13
16
9
14
14
8
6
2
2
0
-2
-4
-12
-14
-15
-20
-17
-15
-16
-17
-19
-23
-22
-23
-28
-27
-30
-39
-43
-37
-42
-39
-36
-40
-46
-51
-50
-52
-49
-54
-57
-57
-63
-60
-57
-59
-62
-57
-54
-58
-51
-54
-52
-49
-47
-39
-36
-29
-27
-22
-17
-18
-18
-10
-9
2
5
11
17
19
28
27
36
42
48
51
51
51
52
52
48
51
45
46
46
44
42
39
42
40
39
39
40
37
34
34
37
34
34
38
36
29
30
34
27
28
29
28
24
22
24
21
14
9
5
5
8
7
8
11
13
19
22
20
15
20
15
16
18
12
10
11
17
19
16
16
15
17
15
14
16
12
10
10
14
15
18
21
23
26
32
38
44
43
46
44
42
50
37
34
28
30
28
31
38
42
44
43
46
44
49
43
42
38
37
41
30
33
39
38
45
48
48
42
41
48
47
44
40
42
45
39
32
37
28
23
22
18
21
16
19
19
23
21
21
22
22
24
24
30
30
29
32
34
33
36
37
35
36
33
30
29
25
15
13
10
7
5
0
-1
-2
0
-4
-2
-5
-9
-12
-14
-17
-22
-27
-30
-34
-37
-31
-30
-23
-27
-25
-25
-26
-31
-31
-36
-36
-31
-34
-32
-38
-37
-36
-35
-32
-30
-22
-22
-18
-22
-28
-29
-27
-28
-27
-28
-34
-25
-22
-22
-25
-26
-26
-22
-23
-23
-23
-25
-21
-24
-25
-24
-24
-24
-22
-25
-20
-27
-27
-23
-29
-27
-29
-24
-21
-16
-13
-22
-18
-19
-16
-11
-9
-6
1
5
2
-3
1
0
-1
-3
5
4
-3
2
-5
-4
-3
-3
-3
-3
-1
-7
-7
-8
-2
-4
-7
-4
-7
-6
-7
-7
-4
-8
-15
-15
-10
-6
-7
-12
-10
-18
-20
-28
-32
-36
-40
-39
-41
-43
-48
-52
-54
-48
-47
-45
-43
-35
-35
-40
-42
-44
-45
-52
-53
-49
-51
-43
-39
-37
-34
-36
-34
-33
-35
-32
-35
-34
-32
-37
-33
-31
-30
-33
-34
-32
-29
-22
-16
1
10
15
16
19
25
29
31
29
28
24
25
25
22
25
27
28
24
16
12
16
17
17
22
20
14
16
17
16
14
18
15
18
13
13
18
15
15
15
11
5
8
10
7
7
8
9
14
16
9
8
8
10
16
21
20
21
23
24
23
18
23
20
14
14
14
13
16
20
21
28
29
29
27
27
21
19
17
9
7
11
11
15
21
18
20
22
23
29
28
29
36
37
33
29
33
28
22
28
23
26
26
21
25
22
22
23
21
18
17
18
18
19
27
29
30
30
27
28
25
22
14
14
13
13
16
18
27
27
30
30
25
22
24
16
11
9
10
9
3
-1
-7
-5
0
1
-2
6
1
-1
-1
-7
-9
-12
-12
-11
-8
-6
-1
-5
-4
2
4
8
2
2
-4
-5
-4
-6
1
1
6
8
9
12
9
13
15
15
22
18
19
17
15
21
15
15
12
11
9
6
1
3
8
10
12
7
2
1
2
-8
-7
-2
-2
-5
-6
-6
-10
-6
-2
-3
-1
-5
-10
-9
-14
-16
-20
-23
-26
-27
-26
-29
-28
-27
-28
-27
-29
-26
-23
-28
-29
-28
-32
-34
-36
-41
-41
-43
-46
-48
-48
-46
-43
-40
-43
-38
-35
-32
-28
-32
-25
-27
-29
-22
-20
-18
-16
-16
-18
-22
-17
-17
-22
-24
-22
-22
-28
-27
-26
-27
-28
-24
-24
-25
-29
-33
-36
-34
-37
-34
-31
-36
-33
-36
-44
-43
-48
-49
-49
-48
-49
-46
-41
-40
-32
-32
-25
-20
-22
-21
-18
-24
-22
-16
-15
-15
-9
-4
-5
-6
-3
-2
-5
-9
-17
-15
-21
-19
-21
-18
-14
-19
-12
-8
-4
-3
-6
-1
1
5
8
9
11
14
11
10
2
5
7
6
12
6
16
14
16
11
5
9
7
9
9
12
15
11
12
11
9
12
13
14
18
22
18
20
18
21
24
17
15
16
17
19
18
14
17
12
13
5
2
-1
-1
2
1
3
4
4
8
6
8
13
13
10
11
16
17
18
18
18
21
23
25
25
29
30
28
30
30
32
35
35
39
40
44
46
44
47
45
43
42
41
39
41
45
42
43
40
36
35
38
35
35
34
36
32
27
28
25
20
14
15
15
19
25
27
26
25
20
15
5
3
10
10
21
31
37
44
43
43
44
46
51
50
46
36
29
24
21
21
26
21
27
33
30
35
34
34
25
27
23
13
9
2
2
2
5
7
16
13
9
8
7
11
4
6
0
-1
3
3
-2
-3
1
-1
8
14
12
12
11
5
5
11
7
11
15
9
15
16
19
22
19
24
22
26
24
20
23
22
18
12
12
14
16
17
16
12
10
10
3
-2
-2
-10
-5
-4
-2
5
0
3
-2
-2
1
5
4
1
0
-7
-6
-10
-9
-7
-2
-5
-13
-16
-20
-22
-31
-33
-36
-38
-43
-45
-47
-54
-52
-51
-52
-46
-49
-47
-45
-48
-47
-47
-53
-58
-59
-65
-65
-60
-62
-63
-63
-67
-62
-68
-68
-62
-70
-67
-62
-57
-58
-55
-47
-43
-43
-39
-35
-35
-28
-32
-36
-28
-27
-23
-21
-17
-8
-7
0
3
-6
-12
-12
-12
-7
-5
-10
-4
-11
-13
-13
-18
-18
-23
-19
-15
-16
-22
-23
-25
-21
-24
-25
-24
-29
-20
-24
-21
-18
-20
-17
-23
-23
-28
-35
-32
-40
-41
-36
-38
-34
-32
-31
-32
-34
-29
-30
-31
-35
-32
-32
-35
-31
-30
-24
-24
-18
-14
-12
-9
-12
-14
-11
-17
-16
-18
-23
-16
-12
-13
-12
-9
-9
-8
-7
-9
-10
-10
-7
-10
-8
-8
-6
-7
3
11
17
23
25
28
27
26
26
28
27
31
29
26
31
34
35
40
40
37
39
37
32
32
31
33
34
33
33
37
35
37
42
48
53
48
47
41
34
32
30
36
38
35
40
37
39
39
36
41
40
40
39
36
34
36
33
31
24
25
27
31
41
47
56
54
55
62
60
58
62
61
61
58
58
55
54
53
49
52
47
49
52
51
50
46
42
46
49
44
48
46
42
44
42
42
43
41
39
39
29
28
24
18
11
-1
-1
-11
-4
-4
-4
-2
-2
-7
-12
-9
-15
-14
-15
-20
-19
-20
-19
-19
-18
-17
-22
-23
-19
-22
-21
-19
-20
-15
-12
-8
-10
-10
-6
-1
5
7
11
15
23
25
27
35
39
34
34
31
28
26
18
16
17
13
8
7
5
8
11
13
15
13
14
15
8
8
8
6
9
7
1
-3
-4
-7
-12
-10
-16
-20
-25
-35
-42
-47
-53
-56
-58
-71
-70
-69
-71
-74
-76
-80
-81
-86
-89
-90
-99
-94
-100
-94
-92
-92
-92
-94
-88
-83
-82
-72
-66
-65
-63
-65
-65
-71
-74
-72
-65
-60
-52
-43
-45
-40
-40
-29
-25
-26
-25
-28
-22
-15
-14
-12
-7
-8
3
5
5
11
13
15
20
18
18
20
23
17
16
22
19
18
11
11
14
9
12
10
7
1
-3
-4
-8
-8
-12
-17
-16
-23
-24
-24
-28
-31
-28
-29
-27
-20
-26
-25
-31
-37
-33
-38
-39
-46
-50
-54
-54
-55
-54
-51
-49
-48
-50
-38
-39
-39
-30
-26
-27
-31
-27
-27
-23
-24
-19
-12
-12
-13
-11
-6
-1
-3
-3
-1
3
6
10
19
19
16
23
25
30
36
44
50
47
51
53
52
58
61
58
59
55
58
62
57
58
59
61
64
67
62
59
57
52
55
52
50
48
45
47
47
48
47
45
42
42
39
40
40
38
44
39
37
39
41
40
39
38
45
46
47
45
43
41
30
32
27
34
31
32
34
35
38
43
44
45
43
39
42
38
45
46
52
48
47
48
48
48
46
49
45
44
35
33
30
29
27
32
34
31
29
18
24
23
23
27
30
28
27
29
28
28
22
23
27
32
32
26
25
22
26
21
17
16
16
16
10
10
9
17
21
20
18
20
14
9
3
-1
-3
2
3
8
14
8
11
13
8
13
12
5
-1
-7
-10
-15
-19
-14
-14
-13
-7
-5
-5
-2
6
5
1
4
1
2
6
5
9
15
21
19
21
17
21
25
20
23
18
16
12
9
10
6
6
6
-1
-1
-5
-12
-14
-27
-35
-48
-53
-53
-52
-56
-59
-60
-65
-62
-70
-75
-78
-75
-78
-76
-78
-83
-88
-94
-96
-97
-91
-88
-80
-81
-80
-75
-75
-81
-80
-79
-78
-76
-78
-72
-71
-60
-55
-56
-44
-44
-42
-42
-40
-39
-36
-36
-32
-33
-32
-30
-27
-31
-29
-28
-33
-30
-41
-38
-41
-44
-42
-44
-43
-44
-38
-34
-27
-27
-30
-23
-27
-24
-22
-21
-20
-24
-28
-29
-26
-24
-21
-13
-6
-7
-4
-6
-6
-8
-6
-9
-12
-6
-6
-7
-8
-10
-12
-19
-27
-27
-32
-27
-26
-28
-28
-29
-31
-36
-41
-39
-39
-39
-38
-35
-40
-40
-43
-49
-50
-52
-51
-48
-48
-43
-37
-37
-31
-30
-30
-29
-26
-23
-25
-20
-19
-24
-14
-10
-4
6
10
16
16
19
17
17
18
19
24
32
39
41
48
47
52
50
49
54
55
57
55
60
56
54
50
53
50
49
54
53
62
61
64
68
64
67
61
57
55
52
57
55
53
58
59
53
52
57
55
54
53
45
45
42
40
49
50
49
53
52
53
54
53
52
52
53
47
51
51
50
52
59
57
53
58
52
51
53
56
56
54
55
58
59
54
55
55
60
60
62
63
57
58
57
60
60
57
53
50
47
45
44
41
38
38
30
27
23
19
20
14
9
7
12
13
15
17
20
21
25
17
19
10
7
5
-1
6
9
5
1
1
2
10
11
10
11
9
8
5
3
-5
-12
-7
-11
-14
-14
-15
-19
-23
-24
-26
-27
-24
-28
-33
-35
-38
-42
-47
-51
-56
-55
-61
-65
-63
-62
-67
-68
-71
-72
-75
-80
-74
-78
-78
-76
-75
-69
-71
-70
-71
-72
-72
-75
-69
-67
-63
-51
-43
-39
-29
-27
-24
-25
-23
-21
-23
-16
-11
-7
-5
-5
-7
-7
-9
-7
-10
-13
-11
-17
-16
-17
-24
-25
-27
-32
-30
-28
-23
-26
-31
-31
-31
-36
-41
-42
-51
-49
-50
-39
-38
-41
-37
-39
-38
-39
-38
-37
-37
-44
-41
-41
-44
-46
-50
-43
-41
-40
-35
-35
-33
-30
-33
-36
-37
-40
-41
-44
-46
-52
-48
-52
-51
-54
-50
-44
-44
-47
-49
-46
-54
-56
-59
-60
-61
-58
-55
-50
-44
-41
-36
-35
-25
-22
-22
-19
-18
-19
-13
-11
-8
-7
-7
-4
3
0
2
8
1
11
12
14
13
12
17
9
15
20
25
27
32
30
35
44
46
46
47
48
54
60
58
62
67
66
69
74
75
83
87
85
85
78
76
73
68
63
57
57
59
61
60
57
52
51
50
47
47
48
48
43
48
53
51
49
53
55
59
62
58
55
53
50
43
40
42
45
44
48
48
50
53
49
51
50
55
52
48
50
56
58
52
54
58
56
53
51
49
45
46
35
30
27
26
33
29
28
24
22
20
17
20
24
19
15
12
9
4
4
3
-1
0
4
6
6
14
17
19
26
26
26
21
16
16
19
25
26
25
24
34
36
35
42
46
50
47
47
54
49
39
40
36
27
30
27
19
23
24
31
32
32
27
24
25
22
20
12
10
7
1
-5
-8
-11
-12
-15
-15
-13
-7
-11
-10
-5
-10
-12
-14
-9
-9
-3
-1
-8
-5
-10
-10
-14
-14
-16
-21
-20
-22
-20
-18
-25
-24
-29
-30
-37
-40
-39
-43
-39
-44
-44
-46
-48
-52
-61
-68
-74
-77
-83
-87
-92
-90
-91
-93
-92
-96
-93
-93
-93
-86
-88
-90
-89
-88
-82
-76
-70
-63
-62
-59
-54
-49
-48
-46
-40
-41
-40
-41
-41
-39
-43
-40
-31
-25
-22
-19
-12
-16
-15
-19
-21
-18
-17
-14
-9
-6
-4
-8
-6
-2
2
-1
-4
-5
-8
-10
-8
-10
-13
-13
-14
-13
-19
-12
-9
-13
-12
-13
-13
-11
-12
-14
-15
-14
-17
-13
-25
-34
-36
-40
-40
-37
-34
-34
-32
-32
-28
-25
-19
-17
-18
-17
-14
-11
-8
-6
-7
-3
-4
0
-3
-4
2
5
15
14
9
13
11
13
14
11
8
12
13
9
17
17
24
25
23
24
28
26
20
22
16
10
11
7
12
18
15
19
18
21
27
29
31
33
27
22
25
23
22
27
26
24
23
20
21
25
28
27
26
21
16
9
10
11
6
6
7
1
-1
-9
-10
-18
-19
-10
-13
-11
-8
-6
-7
-6
-4
-4
-7
-10
-11
-11
-9
-12
-5
-5
-5
2
9
13
15
23
20
23
26
30
36
40
41
44
50
53
59
59
61
69
72
79
80
76
77
80
79
77
78
81
81
76
76
76
72
70
70
66
70
76
73
74
72
73
67
57
53
47
40
40
36
34
31
26
23
12
7
7
8
2
1
1
0
2
-2
-8
-13
-13
-18
-20
-16
-10
-11
-13
-15
-17
-15
-12
-9
-5
-9
-3
-3
-2
-3
-5
-3
-11
-10
-12
-13
-19
-21
-25
-31
-29
-33
-33
-30
-31
-30
-29
-28
-26
-23
-24
-27
-28
-27
-27
-25
-28
-26
-32
-30
-27
-34
-32
-35
-38
-37
-34
-39
-45
-39
-41
-41
-43
-41
-39
-44
-45
-50
-55
-52
-51
-55
-57
-59
-56
-57
-54
-52
-58
-58
-56
-55
-51
-49
-45
-41
-48
-48
-45
-43
-37
-38
-37
-32
-26
-14
-13
-10
-2
6
4
9
11
12
16
15
19
18
19
25
31
35
33
35
26
25
29
22
21
14
5
1
-4
-6
-5
-3
-2
0
-3
-5
-7
-11
-15
-22
-21
-19
-25
-26
-27
-24
-27
-30
-31
-30
-33
-33
-35
-35
-32
-34
-25
-28
-23
-22
-24
-17
-19
-17
-14
-16
-20
-21
-21
-24
-30
-33
-26
-30
-31
-29
-30
-32
-43
-40
-41
-44
-36
-33
-39
-35
-32
-33
-39
-37
-32
-25
-21
-13
-10
-12
-7
-2
0
2
4
7
21
30
38
38
43
50
57
56
48
50
47
47
44
40
41
41
42
45
45
48
48
47
49
51
46
41
36
32
33
34
37
36
40
41
37
35
29
23
20
26
25
21
23
19
16
17
18
13
14
11
8
5
1
-4
3
3
-7
2
-3
0
7
7
6
10
10
16
25
22
26
26
23
26
27
24
22
20
17
17
18
21
21
23
17
18
24
28
31
37
37
35
41
46
53
62
64
67
69
68
66
60
59
58
61
58
60
61
58
64
58
55
61
57
59
58
53
52
50
47
44
39
37
38
32
32
30
20
18
18
16
13
9
9
4
-2
-3
-6
-14
-18
-17
-15
-10
-6
-8
-9
-5
-7
-7
-6
-8
-8
-6
-4
-2
1
2
3
5
10
6
9
10
11
14
9
9
3
-4
-7
-8
-12
-10
-3
-7
-11
-9
-13
-14
-11
-4
-1
1
2
1
-2
-7
-7
-5
-7
-3
4
3
8
7
7
9
6
6
6
1
1
0
-4
0
-5
-11
-15
-11
-18
-22
-23
-23
-24
-22
-25
-30
-25
-30
-30
-33
-39
-36
-39
-42
-43
-46
-50
-53
-49
-46
-50
-53
-56
-60
-61
-59
-57
-53
-58
-51
-50
-51
-54
-66
-62
-56
-54
-49
-47
-47
-42
-46
-51
-56
-55
-59
-62
-60
-61
-56
-63
-59
-61
-63
-60
-58
-56
-54
-54
-55
-52
-55
-53
-54
-58
-57
-48
-42
-40
-42
-40
-40
-32
-30
-32
-30
-32
-33
-35
-34
-35
-34
-36
-31
-24
-23
-15
-10
-2
-1
-7
-7
-4
-5
-7
-4
-2
-3
-2
4
2
3
4
10
13
16
19
18
17
15
19
20
24
29
30
37
37
41
43
41
37
40
42
37
37
40
38
41
42
43
51
48
45
42
38
29
27
20
14
12
7
4
1
-1
1
-3
4
4
-4
-9
-8
-13
-18
-16
-28
-31
-33
-29
-25
-29
-25
-23
-17
-12
-17
-18
-15
-18
-16
-14
-18
-13
-12
-5
-10
-8
-4
0
5
6
15
14
17
22
27
23
21
24
27
27
35
42
46
58
59
61
61
63
67
67
64
65
60
62
68
66
73
71
74
76
75
74
69
74
72
76
75
72
73
72
76
75
66
64
63
56
51
45
40
39
35
29
31
31
18
16
20
10
10
9
2
0
0
-2
-7
-6
-9
-10
-12
-11
-8
-12
-11
-13
-16
-21
-20
-20
-25
-28
-25
-22
-17
-16
-18
-16
-19
-16
-14
-19
-19
-17
-12
-8
-5
4
8
5
5
2
4
10
12
14
18
20
22
22
18
17
16
9
6
4
3
3
1
-1
-4
-5
-5
-7
-5
-10
-16
-20
-17
-22
-26
-32
-35
-41
-50
-50
-52
-51
-56
-53
-58
-58
-59
-58
-55
-60
-58
-58
-59
-57
-57
-58
-53
-49
-47
-51
-43
-46
-51
-41
-41
-31
-25
-27
-20
-18
-20
-19
-16
-14
-16
-17
-10
-11
-9
-4
-5
-11
-11
-13
-22
-26
-24
-29
-23
-24
-30
-24
-21
-24
-21
-24
-31
-23
-20
-20
-23
-24
-24
-26
-21
-24
-29
-30
-33
-32
-25
-26
-22
-17
-21
-24
-19
-19
-19
-21
-21
-18
-23
-17
-19
-17
-17
-19
-15
-9
-8
-5
-1
-2
1
3
3
3
-3
2
-1
0
0
-1
-4
-5
-4
-12
-15
-20
-21
-17
-15
-15
-20
-17
-15
-10
-7
-8
-3
-5
-7
-15
-13
-8
-3
-2
-1
0
-4
-7
-6
-6
-8
-9
-11
-13
-9
-9
-13
-12
-2
2
7
10
11
19
23
28
27
28
24
23
27
26
26
23
25
29
31
35
35
36
35
35
36
29
26
20
20
15
11
14
15
18
13
11
9
3
2
2
1
4
9
14
18
13
16
14
18
21
22
29
32
32
30
33
37
39
39
39
43
46
48
52
54
60
68
68
69
66
60
62
64
69
73
77
82
78
77
75
71
68
64
63
56
53
48
36
32
31
26
25
23
25
22
17
14
13
10
8
13
9
1
-3
-12
-14
-11
-18
-17
-17
-18
-15
-15
-11
-17
-16
-17
-17
-12
-14
-9
-11
-11
-5
-11
-6
-9
-11
-13
-8
-5
-6
2
4
15
15
16
24
22
21
21
19
20
21
16
23
27
24
24
27
26
31
31
34
34
33
35
30
30
24
26
25
19
15
18
16
17
19
19
19
13
12
6
3
-2
-3
-4
-4
-3
-5
-3
-1
-1
2
2
0
-8
-12
-13
-14
-16
-18
-18
-21
-22
-20
-28
-30
-31
-29
-25
-24
-21
-23
-26
-34
-38
-40
-39
-42
-52
-52
-56
-51
-54
-56
-48
-51
-52
-51
-53
-57
-58
-58
-59
-59
-58
-55
-48
-40
-38
-34
-38
-46
-41
-44
-44
-45
-40
-40
-33
-33
-29
-23
-21
-16
-21
-16
-18
-20
-19
-20
-22
-24
-23
-19
-19
-16
-13
-16
-11
-12
-11
-14
-16
-13
-10
-11
-14
-17
-15
-10
-8
-8
-10
-9
-9
-4
-6
-2
4
4
0
-2
-6
-14
-17
-26
-26
-22
-19
-14
-18
-17
-14
-13
-15
-13
-10
-17
-18
-20
-27
-19
-19
-19
-20
-27
-23
-19
-24
-22
-23
-18
-25
-26
-26
-29
-20
-23
-25
-24
-23
-28
-26
-23
-23
-25
-24
-26
-22
-21
-18
-15
-15
-7
-2
4
5
9
14
21
23
28
32
28
26
23
21
23
30
29
38
37
40
42
38
49
50
50
58
57
58
55
58
49
48
45
44
43
42
46
43
39
34
35
29
25
23
16
9
11
9
1
2
7
4
4
2
3
-1
-2
4
1
1
1
-3
0
5
7
13
12
17
29
27
28
29
23
25
22
25
27
25
24
23
20
14
17
19
24
22
26
29
32
30
25
25
28
33
30
32
32
32
35
35
35
29
29
31
34
30
24
26
23
21
21
21
19
19
19
12
12
18
20
21
20
22
16
17
16
16
20
19
19
22
22
22
18
18
24
21
21
18
14
8
1
-2
-1
-3
-3
1
7
13
8
11
12
7
10
5
4
1
-5
-6
-13
-11
-8
-10
-7
-10
-17
-17
-14
-10
-6
-12
-15
-14
-18
-15
-11
-18
-15
-15
-11
-5
-8
-5
-1
3
7
10
6
3
-2
-6
-6
-10
-12
-12
-14
-13
-11
-11
-11
-17
-15
-18
-20
-17
-16
-19
-22
-27
-30
-28
-28
-23
-26
-30
-33
-27
-28
-31
-33
-37
-44
-43
-49
-49
-51
-56
-51
-60
-65
-61
-67
-65
-68
-68
-63
-68
-70
-71
-76
-80
-82
-76
-69
-60
-59
-57
-53
-59
-56
-51
-51
-45
-35
-37
-38
-35
-33
-34
-29
-22
-14
-10
-4
-3
-11
-8
-9
-6
-4
0
3
3
6
2
8
9
2
6
-2
-2
4
8
7
7
0
-6
-6
-12
-4
-5
-1
-1
0
6
5
6
2
-6
-10
-10
-13
-19
-18
-18
-19
-20
-27
-24
-26
-23
-18
-17
-15
-13
-15
-17
-13
-7
-2
2
11
15
12
7
8
3
5
7
9
11
13
11
7
9
5
3
4
6
4
7
5
4
8
14
22
24
28
30
31
27
30
34
28
30
28
27
31
37
44
47
48
51
49
50
49
52
50
46
39
38
40
37
39
40
40
38
35
42
51
46
46
41
32
27
28
27
23
18
18
16
18
15
9
1
6
8
4
10
13
15
8
5
9
6
12
14
17
20
26
29
26
32
28
32
27
27
28
32
37
40
47
49
53
48
55
55
52
53
56
59
65
65
67
72
75
80
80
81
83
79
76
77
77
76
74
78
83
78
84
84
80
82
81
83
83
81
74
78
74
69
68
64
56
44
46
36
30
32
27
26
21
12
6
-7
-20
-29
-40
-45
-55
-60
-57
-60
-63
-66
-69
-73
-83
-86
-87
-92
-97
-96
-93
-94
-91
-95
-88
-83
-79
-64
-63
-60
-56
-54
-47
-43
-40
-36
-32
-27
-25
-23
-16
-16
-17
-14
-9
-5
-8
-8
-5
-6
-9
-4
-2
-4
0
-4
1
1
2
2
-5
-6
-9
-3
0
2
3
-2
-4
-5
-9
-13
-20
-18
-20
-24
-25
-28
-27
-32
-34
-32
-39
-37
-35
-42
-47
-54
-60
-69
-65
-68
-66
-68
-76
-76
-78
-76
-75
-80
-81
-81
-86
-87
-84
-85
-91
-88
-83
-79
-78
-75
-66
-60
-55
-49
-51
-45
-46
-47
-49
-48
-40
-35
-29
-26
-20
-14
-8
-7
0
4
8
10
16
15
23
30
36
40
37
39
34
37
40
39
36
28
25
21
20
19
18
10
9
12
4
0
-3
-3
-11
-15
-17
-19
-26
-25
-34
-36
-39
-45
-37
-39
-39
-39
-40
-45
-51
-51
-53
-46
-43
-37
-31
-26
-16
-14
-12
-6
-6
-3
0
-1
6
8
13
11
10
17
20
25
29
31
36
42
45
49
50
48
45
50
49
52
56
58
61
62
62
66
72
71
64
61
67
67
65
64
64
63
61
58
59
53
57
62
56
54
50
40
35
33
30
31
26
27
25
21
23
20
19
14
14
14
10
13
10
15
15
19
23
26
31
30
27
25
19
14
11
3
2
2
-3
0
7
11
14
20
19
22
28
25
26
23
29
30
36
35
33
40
44
50
50
53
55
55
63
60
52
49
52
44
43
45
50
54
51
50
48
52
47
45
43
38
38
35
27
25
28
20
23
18
12
15
15
12
8
1
3
-4
-8
-7
-11
-9
-10
-12
-14
-18
-21
-31
-39
-43
-45
-52
-54
-59
-64
-65
-70
-73
-73
-72
-71
-76
-79
-79
-80
-83
-81
-76
-72
-73
-69
-66
-61
-58
-60
-62
-63
-61
-56
-58
-60
-56
-55
-49
-49
-45
-39
-33
-34
-31
-28
-31
-26
-28
-24
-23
-29
-28
-29
-28
-31
-31
-30
-34
-29
-28
-28
-22
-21
-23
-19
-22
-26
-26
-27
-25
-28
-30
-28
-31
-30
-34
-34
-35
-43
-40
-36
-37
-36
-41
-43
-44
-51
-54
-55
-56
-51
-54
-55
-51
-49
-43
-35
-27
-22
-19
-17
-14
-12
-10
-10
-6
-5
-8
-10
-8
-4
-3
4
8
13
19
20
14
19
25
24
18
21
25
22
26
31
32
33
32
38
47
46
47
46
41
37
38
34
35
37
30
29
26
27
22
23
16
11
11
11
8
4
3
-1
-5
-9
-6
-10
-16
-19
-16
-16
-21
-22
-23
-22
-17
-7
-6
-5
3
2
-1
0
9
10
9
7
9
13
15
15
16
20
24
29
33
37
40
39
46
49
47
43
41
43
40
41
45
52
56
54
58
62
66
70
68
68
69
63
61
58
46
46
44
38
38
33
28
28
23
21
30
23
19
17
19
17
14
11
7
6
4
6
2
6
7
7
9
13
14
13
11
9
13
13
17
9
7
8
-3
-1
-7
-4
-1
4
0
0
2
2
2
4
3
-6
-5
-10
-10
-12
-11
-4
1
7
14
23
24
29
32
29
34
33
37
38
38
36
37
37
38
35
37
41
38
41
31
33
35
33
27
24
25
21
17
20
19
14
24
23
23
31
33
30
24
19
19
13
7
2
-2
-5
-10
-7
-8
-11
-15
-24
-30
-31
-31
-24
-25
-24
-25
-30
-31
-42
-41
-48
-49
-38
-42
-39
-36
-39
-40
-37
-33
-35
-28
-28
-28
-24
-22
-22
-20
-21
-18
-23
-23
-20
-27
-23
-24
-24
-15
-15
-15
-11
-9
-9
-12
-12
-12
-10
-9
-3
-6
-3
-2
-9
-8
-7
-7
-9
-10
-12
-13
-9
-7
-13
-16
-11
-7
-13
-10
-12
-17
-15
-20
-18
-21
-17
-18
-28
-25
-34
-34
-31
-34
-33
-32
-34
-39
-39
-41
-43
-42
-43
-41
-39
-40
-42
-44
-42
-42
-47
-50
-50
-51
-51
-47
-49
-48
-45
-43
-41
-36
-34
-31
-26
-26
-22
-21
-18
-15
-14
-10
-6
3
3
11
18
17
16
17
19
14
17
26
28
28
26
18
18
16
10
12
11
11
11
20
15
10
10
5
7
3
7
4
7
11
13
11
8
10
6
13
13
11
7
3
-4
-9
-7
-2
1
2
4
1
5
5
3
0
-3
-4
-5
-4
-7
-12
-6
-9
-13
-9
-8
-5
-8
-7
-6
-8
-3
-5
-6
-6
-6
-6
-4
-3
-1
3
6
7
9
13
12
10
7
5
0
-4
-5
-11
-12
-10
-7
-5
-4
0
-1
0
3
2
-3
-3
-1
1
0
-6
-3
-6
-5
-6
-6
-7
-9
-5
-3
5
4
3
9
7
14
9
10
13
9
10
9
14
5
0
5
8
9
13
17
17
22
25
33
37
34
35
36
37
38
38
42
43
51
58
55
61
60
63
66
62
65
60
55
53
55
51
48
46
44
39
25
28
29
33
35
31
30
31
34
25
30
31
26
25
19
11
10
10
4
3
1
1
0
-8
-12
-5
-3
1
8
6
6
9
4
7
16
9
5
7
-2
0
4
-2
2
3
4
5
-1
-1
-6
-12
-21
-28
-32
-32
-37
-34
-33
-34
-32
-33
-41
-39
-32
-35
-32
-32
-30
-36
-33
-32
-39
-37
-35
-35
-37
-35
-30
-27
-21
-18
-15
-14
-17
-26
-30
-26
-20
-16
-14
-16
-21
-18
-21
-21
-16
-9
-10
-8
-7
-11
-14
-17
-10
-12
-7
-4
3
7
6
6
2
2
-3
-3
-6
-7
-8
-7
-10
-14
-10
-20
-22
-24
-27
-21
-21
-25
-24
-28
-28
-25
-25
-26
-24
-24
-27
-26
-23
-26
-27
-24
-28
-33
-41
-41
-42
-40
-37
-37
-37
-36
-37
-39
-32
-27
-28
-22
-28
-22
-18
-26
-19
-16
-10
-6
-6
1
-2
4
6
-1
-6
-4
-3
-2
3
4
6
3
-1
-3
-10
-6
-8
-1
-4
-5
-6
-13
-7
-11
-6
-3
1
-1
2
4
1
0
-3
-2
-4
-7
-8
-6
-3
0
0
7
6
7
13
9
13
15
17
19
23
21
21
18
15
9
8
10
9
12
1
5
6
2
7
3
1
2
1
-2
-4
-6
-7
-11
-10
-4
0
5
-3
-3
-5
-8
-10
-9
-3
1
4
13
13
15
18
18
25
25
31
33
35
36
39
38
41
46
48
60
62
59
65
65
67
69
72
77
76
73
66
63
61
60
62
61
60
58
54
55
56
56
54
49
43
44
43
40
36
28
25
20
17
20
21
22
18
13
14
12
8
7
12
12
12
15
11
9
7
11
13
21
25
25
19
20
14
9
7
2
2
-5
-9
-8
-5
-5
-8
-10
-17
-15
-18
-12
-7
-6
1
2
7
11
21
22
24
30
20
24
23
19
19
17
18
23
20
20
23
22
28
25
30
34
32
27
19
19
14
13
6
7
11
10
11
7
9
4
2
-4
-12
-17
-25
-26
-31
-30
-31
-27
-23
-19
-14
-11
-11
-18
-12
-15
-21
-17
-24
-28
-20
-21
-24
-24
-23
-9
-3
-4
0
-4
-4
-6
-11
-7
-8
-11
-12
-13
-17
-17
-15
-17
-16
-17
-14
-12
-13
-9
-14
-25
-23
-31
-38
-41
-40
-39
-33
-30
-27
-24
-26
-22
-28
-25
-21
-21
-18
-14
-18
-16
-15
-19
-17
-18
-20
-20
-19
-19
-21
-20
-21
-24
-29
-25
-29
-32
-36
-38
-41
-44
-51
-59
-64
-68
-68
-75
-75
-82
-78
-74
-77
-77
-75
-73
-71
-75
-77
-72
-75
-72
-72
-68
-68
-68
-62
-57
-53
-52
-53
-46
-40
-39
-36
-28
-21
-21
-18
-15
-8
-6
-2
0
5
10
14
21
20
23
23
18
18
22
24
19
12
15
10
6
8
8
7
5
6
2
0
1
-1
-2
-2
1
-1
-1
-2
-9
-6
-10
-12
-10
-9
-6
-8
-3
-6
-3
-4
-7
-2
-3
-2
-1
0
4
11
10
9
7
10
9
3
4
-1
0
3
4
7
11
16
14
16
21
16
9
9
6
9
9
8
14
13
15
19
15
14
18
28
29
30
33
35
41
37
45
44
40
41
39
45
47
53
59
64
71
81
84
82
83
84
90
89
83
81
78
74
70
72
65
61
63
61
58
61
57
53
52
47
50
49
48
45
42
42
42
36
41
42
36
36
41
38
37
29
24
25
24
25
20
20
20
17
11
6
10
9
3
3
3
4
3
-4
-7
-1
-1
3
1
3
8
6
1
-3
-1
-4
-1
-4
-2
-1
-2
-5
-8
-7
0
0
3
6
12
11
10
9
11
13
15
17
19
19
22
17
14
11
6
4
-4
-4
-6
-7
-9
-9
-14
-18
-26
-35
-34
-41
-40
-47
-50
-53
-58
-60
-57
-57
-56
-55
-55
-57
-58
-54
-54
-50
-43
-50
-48
-52
-54
-49
-50
-45
-42
-39
-37
-29
-25
-29
-27
-25
-28
-28
-29
-27
-26
-23
-17
-14
-12
-11
-7
-9
-10
-14
-14
-14
-11
-15
-17
-9
-12
-13
-8
-12
-12
-14
-15
-15
-16
-15
-22
-25
-29
-25
-27
-25
-21
-22
-21
-21
-21
-21
-24
-23
-18
-17
-15
-13
-8
-12
-15
-11
-13
-11
-13
-18
-18
-17
-21
-28
-37
-38
-36
-34
-31
-30
-38
-39
-35
-33
-28
-32
-30
-39
-48
-53
-58
-61
-59
-59
-61
-61
-62
-67
-65
-65
-58
-50
-49
-46
-48
-44
-41
-34
-32
-23
-16
-10
-6
1
3
-2
-2
-6
2
3
2
11
16
21
18
21
33
36
37
39
45
47
47
48
47
51
46
39
44
47
48
51
51
56
59
52
48
43
39
34
30
36
33
32
33
35
41
40
40
43
41
40
39
31
27
27
22
22
24
24
23
15
18
21
13
13
18
16
13
16
19
16
21
25
27
29
37
34
36
43
49
52
62
65
62
66
73
74
78
86
86
87
83
83
77
80
81
81
80
77
84
84
83
82
79
75
68
65
57
46
43
34
28
27
32
28
27
28
26
26
23
27
26
26
19
15
5
-10
-21
-32
-33
-38
-42
-43
-32
-33
-27
-17
-16
-17
-16
-14
-17
-20
-15
-8
-5
-5
-9
-6
-15
-15
-8
-6
-1
-1
-1
2
0
0
2
-1
-6
3
6
13
16
16
23
20
26
34
35
30
30
32
35
39
38
43
44
45
46
47
46
42
40
38
33
32
28
21
19
15
13
16
16
11
8
4
3
1
-5
-11
-18
-18
-23
-31
-34
-37
-40
-43
-48
-52
-55
-61
-67
-71
-72
-73
-74
-75
-71
-73
-79
-72
-65
-62
-61
-58
-60
-55
-58
-58
-53
-54
-58
-62
-67
-74
-73
-72
-69
-67
-58
-58
-57
-50
-48
-51
-48
-53
-53
-44
-45
-44
-49
-44
-46
-42
-39
-41
-35
-37
-37
-34
-36
-34
-30
-36
-35
-36
-39
-37
-35
-35
-31
-32
-34
-34
-37
-43
-48
-49
-48
-47
-40
-42
-40
-36
-33
-31
-33
-32
-28
-27
-26
-23
-25
-23
-24
-23
-27
-27
-26
-23
-23
-26
-26
-25
-21
-23
-23
-23
-26
-34
-41
-44
-49
-50
-48
-46
-40
-35
-40
-37
-34
-31
-29
-22
-23
-19
-17
-18
-8
-15
-9
-8
-8
-1
-5
-4
0
6
6
10
10
15
19
15
18
25
30
35
44
48
51
51
54
56
49
46
43
49
45
48
46
46
52
44
49
53
52
54
52
50
46
48
42
35
36
37
39
37
42
45
37
37
36
32
26
26
28
25
31
31
35
38
39
44
40
41
43
46
48
47
47
46
49
45
50
50
45
47
42
45
45
50
55
57
56
58
59
52
57
52
51
56
51
52
53
53
51
53
59
63
62
62
61
50
49
44
37
39
41
38
39
40
38
36
32
33
36
36
30
33
30
26
22
27
26
27
26
33
36
32
32
23
21
17
18
19
17
9
7
9
7
10
15
12
7
4
4
2
1
-4
-4
-4
0
1
0
-2
6
5
3
8
6
5
-4
-3
0
3
-6
-2
-5
-9
-7
-10
-10
-16
-14
-18
-23
-25
-30
-27
-33
-35
-36
-38
-38
-39
-34
-37
-39
-40
-40
-47
-52
-53
-52
-49
-47
-51
-52
-48
-48
-53
-55
-58
-57
-58
-61
-61
-62
-62
-65
-65
-69
-69
-68
-74
-71
-66
-61
-60
-61
-62
-57
-54
-56
-56
-53
-51
-51
-51
-56
-59
-59
-59
-48
-44
-40
-32
-31
-28
-26
-28
-21
-23
-28
-25
-25
-24
-23
-24
-35
-37
-34
-34
-31
-29
-23
-24
-29
-31
-41
-38
-35
-36
-37
-42
-40
-44
-45
-47
-43
-47
-56
-53
-52
-45
-43
-40
-32
-32
-28
-25
-28
-28
-32
-31
-30
-32
-39
-37
-31
-29
-28
-25
-20
-18
-28
-32
-38
-43
-35
-35
-31
-32
-28
-23
-23
-19
-16
-19
-19
-13
-17
-7
0
4
5
4
13
8
3
-4
0
-2
-2
4
9
10
9
10
17
17
17
19
25
28
28
36
40
37
40
49
57
56
58
60
55
57
56
55
57
59
61
63
67
65
65
68
65
69
77
79
83
77
77
74
70
73
69
71
71
68
66
60
59
60
57
59
58
62
69
73
76
72
69
65
62
61
59
60
63
62
56
53
53
52
53
50
50
47
43
41
34
35
36
38
34
33
33
31
32
22
24
19
16
14
14
21
18
27
22
21
25
23
24
22
23
22
24
20
18
17
19
16
17
23
21
26
30
29
30
30
32
36
38
36
32
26
15
21
19
20
24
20
21
13
16
6
3
7
6
11
12
18
14
8
6
7
6
0
-3
-3
-5
-9
-10
-10
-10
-12
-5
-9
-13
-13
-14
-12
-20
-23
-22
-29
-27
-23
-24
-20
-15
-21
-19
-21
-26
-27
-32
-30
-33
-35
-30
-32
-29
-30
-32
-35
-34
-37
-44
-45
-55
-51
-56
-53
-53
-57
-46
-53
-48
-43
-43
-35
-31
-34
-34
-38
-45
-39
-39
-37
-35
-30
-30
-39
-37
-36
-36
-30
-32
-26
-20
-24
-23
-33
-34
-36
-37
-32
-31
-25
-19
-24
-27
-29
-33
-34
-32
-27
-25
-27
-31
-35
-41
-46
-47
-45
-39
-33
-29
-27
-28
-31
-31
-36
-37
-40
-42
-39
-42
-42
-39
-41
-45
-47
-44
-52
-56
-57
-57
-53
-57
-55
-59
-57
-56
-55
-54
-59
-53
-49
-49
-50
-47
-46
-53
-48
-44
-40
-35
-27
-26
-26
-25
-24
-19
-13
-12
-11
-5
-5
-6
4
13
20
22
18
21
26
29
31
28
33
31
26
32
29
30
32
28
33
38
38
39
39
40
45
45
49
39
28
29
28
30
27
25
24
28
24
24
16
13
16
21
25
27
32
35
41
42
38
31
31
34
28
26
30
25
25
26
33
39
36
36
32
26
26
32
28
26
29
27
28
24
28
24
22
22
23
23
21
22
21
20
23
24
21
16
12
12
13
13
8
13
13
9
15
21
22
25
23
20
17
17
20
24
25
26
29
31
33
33
37
35
35
33
37
38
44
43
42
48
45
46
40
45
48
49
54
48
45
41
39
38
37
35
35
32
32
37
33
39
45
51
55
56
57
53
49
45
43
35
33
32
33
30
29
26
16
20
19
19
21
19
16
6
0
-6
-11
-13
-16
-18
-19
-23
-21
-26
-28
-28
-37
-36
-41
-41
-41
-48
-47
-53
-52
-46
-41
-41
-45
-42
-41
-47
-50
-47
-45
-48
-53
-57
-58
-56
-56
-55
-55
-50
-55
-57
-56
-56
-53
-49
-50
-47
-44
-45
-44
-47
-52
-54
-59
-60
-59
-61
-59
-55
-51
-52
-50
-48
-42
-37
-37
-36
-31
-34
-32
-27
-24
-22
-17
-13
-8
0
2
10
12
14
15
12
6
6
13
10
7
1
-9
-6
-5
-8
-10
-11
-11
-6
-2
-8
-1
2
3
4
4
7
6
-1
0
1
-3
-7
-11
-14
-15
-17
-19
-27
-27
-33
-36
-38
-39
-36
-35
-35
-34
-37
-39
-42
-41
-39
-37
-41
-40
-38
-39
-35
-35
-27
-31
-29
-32
-33
-32
-30
-24
-18
-13
-13
-10
-6
-8
-1
5
4
9
5
7
5
2
9
6
10
10
11
16
18
21
24
25
25
22
23
27
29
35
38
34
33
37
37
34
34
34
35
33
33
37
31
28
24
22
23
19
19
9
6
10
13
16
15
17
19
19
23
25
27
18
14
19
18
23
17
11
9
7
4
-1
1
3
-5
-6
-7
-8
-12
-10
-11
-19
-17
-14
-16
-14
-10
-17
-15
-12
-7
-4
-1
-4
-1
-1
0
8
11
7
16
23
20
29
28
33
36
36
40
40
48
51
52
56
61
59
62
58
51
43
45
47
47
50
48
47
47
51
51
51
50
49
45
45
42
42
44
42
43
45
47
52
49
45
43
33
33
27
26
30
31
30
28
26
18
18
18
20
19
16
13
18
15
13
13
3
1
7
8
4
-1
-1
-8
-12
-11
-13
-18
-17
-13
-12
-14
-16
-17
-17
-16
-10
-6
-9
-10
-6
-5
-6
2
0
4
4
8
13
5
-3
-7
-13
-14
-13
-18
-20
-21
-25
-25
-27
-27
-25
-22
-12
-14
-8
0
0
1
3
6
5
1
-2
-7
-8
-7
-6
-4
-9
-8
-10
-11
-8
-1
7
10
17
16
15
15
11
13
14
20
19
20
21
26
32
31
34
28
24
20
17
17
14
16
12
14
14
16
18
18
18
19
16
15
14
9
6
1
-1
-7
-3
-7
-9
-13
-19
-19
-29
-33
-36
-34
-41
-53
-56
-59
-57
-60
-57
-54
-57
-51
-53
-58
-65
-69
-72
-73
-73
-74
-73
-74
-72
-79
-76
-78
-82
-79
-82
-84
-79
-77
-74
-71
-69
-68
-60
-58
-54
-43
-43
-33
-36
-37
-37
-41
-37
-37
-40
-43
-32
-35
-28
-20
-16
-8
-4
1
7
8
15
19
19
16
14
17
15
17
24
21
18
14
12
12
11
16
10
11
7
-4
-12
-21
-23
-18
-15
-14
-4
-2
-6
-4
-3
-6
-8
-10
-14
-19
-23
-21
-22
-21
-18
-10
-9
-7
-4
-1
1
-5
-9
-7
-5
-7
-5
-12
-16
-17
-17
-18
-22
-22
-17
-16
-18
-23
-21
-19
-25
-21
-17
-17
-20
-15
-13
-9
-6
-4
-1
3
5
8
6
6
10
16
21
21
24
30
35
31
37
39
45
52
56
59
61
65
64
62
60
58
57
64
63
60
63
67
72
71
74
75
71
73
65
63
62
58
57
61
52
59
61
54
49
43
47
45
44
45
47
44
39
40
39
36
34
34
37
39
32
25
23
22
16
12
7
1
-1
-7
-4
-4
-7
-5
-9
-15
-17
-15
-22
-30
-27
-34
-30
-27
-26
-19
-14
-7
-5
1
6
5
3
-1
-3
-6
-5
-6
2
6
8
8
10
6
9
11
15
25
24
28
30
28
25
21
18
18
22
23
27
28
33
33
33
40
34
35
35
35
36
31
32
33
25
21
15
16
24
21
22
27
22
20
15
11
4
-1
0
-1
-1
-4
-3
-4
-9
-12
-15
-14
-13
-8
-2
-2
-2
-7
-16
-19
-27
-30
-29
-32
-32
-32
-34
-35
-35
-35
-32
-31
-28
-30
-39
-42
-44
-44
-50
-53
-62
-67
-67
-69
-61
-64
-63
-61
-66
-64
-70
-68
-69
-70
-70
-65
-63
-64
-64
-72
-60
-67
-63
-60
-61
-57
-55
-49
-46
-49
-50
-48
-49
-43
-38
-37
-32
-38
-28
-23
-24
-16
-13
-11
-9
-6
-4
3
1
1
-1
4
13
5
9
16
16
19
18
13
17
18
14
15
7
3
-1
-6
-10
-14
-16
-15
-17
-22
-23
-27
-23
-24
-30
-36
-39
-38
-38
-44
-39
-38
-43
-39
-39
-30
-29
-35
-29
-25
-27
-29
-28
-29
-28
-20
-16
-11
-6
-8
-1
2
3
12
12
11
6
-1
-5
-7
-6
-5
-1
1
2
1
2
3
5
-3
-6
-1
-4
0
0
-5
-3
-3
-1
2
5
6
13
23
30
35
37
40
42
35
38
40
38
49
50
51
47
49
59
59
57
59
54
56
59
58
63
69
75
79
78
83
79
79
78
74
80
76
77
73
74
70
66
66
68
74
72
74
72
72
69
65
63
62
55
51
49
53
53
51
46
44
40
38
39
31
32
27
25
20
18
19
14
14
12
10
12
9
12
10
15
13
7
7
9
16
14
25
22
16
16
17
12
9
12
8
8
7
11
12
15
14
11
10
7
12
18
20
23
25
17
19
17
20
21
20
20
22
26
21
24
30
30
30
33
38
36
35
34
31
27
27
23
18
22
23
24
21
21
12
8
8
9
15
11
14
11
14
18
16
12
10
7
2
3
-4
-5
-8
-16
-18
-21
-19
-26
-30
-31
-33
-36
-36
-35
-37
-37
-39
-40
-47
-52
-61
-68
-69
-76
-85
-87
-91
-85
-85
-82
-81
-84
-76
-73
-76
-79
-80
-87
-95
-89
-93
-89
-90
-95
-94
-97
-96
-98
-97
-96
-89
-87
-84
-79
-82
-75
-72
-71
-64
-59
-57
-54
-54
-48
-43
-41
-35
-35
-26
-22
-18
-13
-15
-14
-13
-7
-5
2
6
5
10
14
14
14
17
19
21
19
13
9
6
4
4
-2
-4
-6
-8
-6
-11
-12
-10
-14
-19
-25
-30
-38
-42
-39
-45
-50
-53
-59
-59
-60
-58
-64
-63
-55
-63
-64
-68
-65
-69
-73
-70
-75
-74
-72
-77
-73
-69
-70
-60
-55
-48
-42
-33
-29
-25
-27
-26
-24
-25
-16
-9
-5
-1
8
13
18
22
31
32
35
42
37
44
48
44
50
60
64
69
77
74
78
82
88
88
81
80
75
74
73
79
84
87
85
87
85
84
85
84
89
85
81
75
71
68
62
60
59
53
59
57
57
58
53
57
56
52
47
43
39
42
36
30
29
28
30
36
38
39
41
41
41
37
42
35
34
30
27
26
21
24
27
32
34
37
39
42
43
45
44
47
51
45
48
52
48
45
39
38
31
27
25
19
23
22
19
15
14
16
17
14
10
10
10
8
17
11
7
7
8
3
5
5
8
11
6
3
-2
-4
-4
2
2
5
8
10
14
14
14
15
17
26
22
25
33
30
28
29
27
20
16
16
9
5
10
6
7
3
6
6
0
7
9
8
13
6
-1
-5
-10
-12
-15
-14
-20
-15
-18
-26
-18
-17
-23
-27
-35
-38
-39
-42
-45
-43
-39
-47
-54
-60
-62
-61
-71
-76
-77
-79
-83
-79
-72
-67
-67
-67
-67
-72
-73
-75
-79
-86
-96
-103
-103
-100
-99
-94
-92
-89
-86
-79
-73
-74
-79
-74
-68
-75
-72
-77
-82
-76
-79
-77
-74
-74
-66
-58
-58
-59
-60
-52
-53
-47
-50
-53
-48
-44
-38
-39
-31
-26
-25
-19
-17
-9
-3
-4
-6
-5
-6
-8
-10
-13
-7
-1
8
7
8
13
18
17
25
32
28
24
25
24
27
25
24
20
15
16
7
-2
-5
-13
-17
-14
-12
-14
-17
-13
-15
-16
-12
-18
-23
-27
-30
-29
-40
-40
-47
-48
-44
-54
-50
-46
-43
-34
-28
-21
-17
-13
-6
-12
-12
-14
-16
-9
-5
5
8
7
14
10
15
16
19
28
32
40
44
47
52
57
59
62
65
70
77
80
82
85
86
86
91
96
101
102
105
109
103
103
100
103
107
106
101
98
93
86
81
74
69
67
66
59
60
53
45
38
38
38
35
32
33
28
30
29
21
22
22
21
19
7
1
-1
-6
-1
-5
-13
-15
-13
-10
-14
-12
-1
-2
8
17
15
16
17
17
19
24
22
26
25
32
39
37
42
39
46
46
42
42
45
44
33
31
30
32
32
29
31
32
34
39
34
26
25
17
14
13
11
14
15
23
22
26
27
26
23
15
9
13
19
21
23
20
27
31
32
36
39
45
48
43
39
39
43
42
40
42
39
40
34
34
36
25
18
18
12
10
6
1
1
-5
-4
-1
5
4
1
-4
-13
-16
-17
-20
-21
-25
-24
-27
-30
-36
-40
-47
-49
-48
-53
-61
-60
-61
-63
-64
-66
-65
-66
-66
-68
-62
-64
-61
-53
-56
-53
-48
-42
-43
-43
-44
-50
-56
-58
-57
-54
-52
-50
-51
-54
-53
-56
-52
-52
-52
-50
-52
-52
-47
-47
-44
-45
-48
-49
-53
-49
-48
-50
-52
-53
-58
-60
-66
-64
-58
-53
-46
-42
-34
-28
-28
-25
-27
-24
-20
-23
-23
-28
-29
-28
-28
-33
-38
-44
-44
-43
-41
-37
-34
-31
-35
-34
-27
-24
-19
-18
-14
-6
-6
1
2
-1
-1
0
-2
-5
-4
-4
-3
-6
-11
-13
-18
-21
-15
-16
-14
-10
-14
-13
-13
-10
-9
-4
4
2
2
5
2
1
2
-7
-8
-16
-20
-22
-24
-21
-28
-28
-30
-32
-35
-32
-31
-28
-22
-21
-17
-23
-23
-25
-19
-15
-9
1
-2
3
7
6
14
17
18
23
25
38
45
46
49
53
59
64
66
74
82
88
90
85
90
91
93
99
97
102
105
109
100
92
93
88
83
81
78
77
78
78
78
82
82
77
76
76
67
54
49
43
38
26
14
5
0
-5
-5
-5
-13
-19
-24
-33
-40
-49
-56
-58
-55
-55
-58
-50
-46
-41
-35
-37
-38
-32
-33
-26
-24
-18
-18
-18
-17
-15
-10
-6
0
2
3
6
12
8
11
11
10
11
15
18
21
24
22
22
23
23
18
14
11
17
21
20
13
12
9
11
12
14
21
23
32
33
30
32
29
27
27
30
33
28
26
34
35
35
35
37
34
36
34
33
32
29
33
28
21
22
24
19
23
25
20
20
12
7
3
0
-8
-12
-11
-10
-12
-17
-18
-19
-23
-32
-32
-38
-36
-37
-43
-50
-53
-51
-61
-67
-67
-72
-68
-66
-63
-60
-62
-58
-58
-53
-54
-55
-54
-49
-47
-47
-39
-41
-37
-34
-31
-25
-26
-24
-29
-29
-37
-36
-31
-29
-19
-12
-8
-7
-2
-5
-5
-5
-7
-6
-10
-9
-9
-18
-15
-12
-11
-10
-13
-15
-14
-9
-3
0
-11
-15
-20
-27
-26
-26
-27
-29
-31
-30
-29
-37
-37
-39
-38
-39
-41
-39
-42
-33
-38
-31
-24
-19
-20
-21
-18
-16
-6
-8
-10
-8
-8
-6
-2
-8
-14
-16
-10
-11
-11
-8
-10
-5
-10
-7
-1
0
5
9
17
14
15
18
12
14
15
23
30
31
31
22
19
16
19
18
16
16
15
15
14
16
11
13
14
13
15
13
14
10
10
9
9
5
-6
-9
-8
-14
-20
-23
-30
-28
-32
-29
-24
-18
-7
-8
-5
-1
1
8
14
19
23
25
28
32
33
40
39
36
40
44
49
52
50
50
41
39
31
27
29
32
32
30
33
30
33
30
28
31
30
30
30
27
25
21
18
9
1
-7
-11
-17
-22
-27
-23
-22
-21
-18
-19
-13
-10
-2
0
5
2
5
13
13
13
15
15
14
22
29
34
33
31
26
16
12
13
12
15
17
21
19
25
22
21
24
29
41
47
48
53
54
42
38
36
31
31
34
30
32
31
30
34
33
36
41
42
44
52
53
49
49
46
39
41
41
38
39
41
42
43
39
34
33
30
30
29
28
28
31
28
27
18
18
19
14
26
26
24
20
14
12
5
1
2
8
11
10
3
-3
-10
-12
-13
-15
-17
-18
-17
-17
-16
-16
-19
-16
-14
-18
-22
-19
-23
-26
-26
-28
-26
-31
-34
-32
-32
-35
-36
-37
-36
-33
-28
-31
-34
-30
-36
-31
-31
-26
-17
-12
-8
-5
-8
-11
-2
0
9
13
8
5
4
3
1
2
5
6
10
23
25
30
29
19
17
19
20
27
27
22
19
20
18
12
9
4
3
3
3
2
-2
-6
-12
-23
-28
-39
-43
-42
-42
-44
-49
-50
-53
-53
-58
-57
-56
-48
-44
-47
-50
-45
-39
-41
-35
-35
-37
-29
-35
-35
-45
-54
-57
-64
-56
-57
-59
-54
-48
-47
-49
-49
-46
-44
-42
-38
-37
-32
-30
-26
-30
-33
-41
-46
-43
-40
-33
-31
-23
-21
-25
-15
-16
-15
-7
-5
-5
-7
-10
-11
-7
-3
-4
-5
-2
-5
-6
-2
-4
-6
-10
-12
-13
-11
-9
-15
-11
-12
-15
-17
-27
-22
-21
-16
-19
-15
-15
-19
-27
-21
-22
-24
-18
-19
-18
-14
-8
-12
-10
-11
-10
-10
-10
-4
-3
0
10
16
21
19
21
18
17
17
8
0
-4
-4
-9
-13
-19
-17
-12
-4
-2
4
4
12
9
7
13
5
2
-5
-4
-7
-10
-7
-6
-10
-9
-12
-7
-2
1
8
12
8
8
14
15
16
23
31
31
34
37
37
37
37
39
40
39
36
38
42
44
40
38
44
35
38
42
42
44
42
44
43
43
42
37
40
42
44
43
38
45
44
38
44
49
51
48
43
41
38
39
40
36
36
31
31
28
30
25
25
36
33
34
31
29
32
35
34
40
46
43
45
44
40
41
37
37
41
44
50
46
37
28
25
17
16
16
18
28
27
27
24
17
17
19
26
28
32
32
30
34
27
23
19
14
17
18
14
11
9
1
-3
-6
-9
-15
-13
-14
-12
-10
-11
-10
-13
-11
-12
-10
-4
-5
-11
-15
-9
-12
-6
-3
-9
-6
-11
-7
-5
-9
-10
-17
-20
-21
-27
-26
-24
-23
-20
-17
-19
-23
-27
-29
-23
-25
-24
-16
-22
-24
-28
-31
-27
-27
-27
-26
-27
-26
-24
-22
-27
-27
-26
-26
-25
-24
-22
-18
-19
-25
-22
-21
-29
-30
-32
-36
-37
-45
-56
-57
-59
-68
-61
-61
-65
-63
-64
-66
-70
-63
-60
-59
-61
-60
-57
-51
-46
-45
-46
-50
-51
-55
-51
-45
-46
-44
-50
-53
-50
-60
-61
-59
-58
-56
-51
-46
-38
-34
-33
-27
-29
-22
-26
-31
-31
-26
-28
-25
-23
-21
-17
-11
-8
-5
-2
-3
3
5
12
16
18
20
26
33
35
39
37
36
34
29
23
17
12
14
9
10
9
2
-2
-1
-1
3
4
4
10
8
7
8
12
12
13
8
12
12
13
12
4
3
2
2
0
1
2
4
3
-1
5
6
7
11
12
17
17
17
17
20
16
7
4
2
10
17
19
18
23
20
23
16
14
16
10
13
12
11
5
2
2
6
10
9
12
14
17
18
18
25
26
33
38
38
35
36
42
41
50
54
57
62
57
60
54
51
58
61
67
62
69
71
70
66
65
64
56
65
60
62
65
61
56
53
55
44
45
40
42
42
39
35
25
24
16
12
7
2
5
8
8
4
0
0
-3
-1
3
9
11
0
-7
-9
-13
-8
-7
-7
-5
-6
-5
-9
-13
-9
-12
-10
-5
-3
-3
1
6
5
5
9
21
29
37
46
52
50
45
46
46
43
43
43
51
55
50
53
43
43
44
40
46
47
49
48
48
44
43
38
40
31
24
24
21
14
12
10
4
2
-3
-2
3
2
0
-8
-17
-24
-35
-40
-51
-52
-54
-56
-50
-50
-54
-60
-61
-64
-67
-65
-65
-62
-60
-63
-63
-58
-61
-62
-66
-70
-62
-57
-53
-45
-48
-41
-36
-49
-49
-43
-47
-49
-43
-44
-36
-35
-33
-31
-33
-30
-27
-20
-16
-13
-13
-16
-18
-19
-20
-21
-22
-14
-12
-11
-8
-9
-9
-11
-12
-12
-15
-17
-16
-21
-23
-25
-29
-24
-26
-27
-21
-15
-9
-6
-12
-15
-19
-24
-21
-26
-29
-37
-40
-46
-50
-50
-55
-51
-50
-48
-42
-39
-46
-48
-49
-48
-44
-49
-50
-47
-54
-52
-50
-56
-60
-60
-56
-53
-47
-47
-48
-48
-48
-45
-45
-37
-33
-24
-19
-15
-9
-5
5
7
12
15
14
17
20
19
11
16
15
15
11
7
11
10
1
1
7
14
12
8
11
14
12
7
7
8
6
7
-1
4
-1
-2
0
-6
-9
-18
-17
-20
-14
-14
-17
-12
-11
-12
-15
-14
-16
-14
-13
-15
-14
-13
-16
-10
-4
-8
0
3
6
6
7
9
2
9
8
7
11
13
10
11
11
13
17
21
28
34
34
40
41
50
50
45
39
40
33
30
43
48
52
49
51
52
52
52
56
53
55
52
55
60
57
60
59
63
64
60
58
55
54
52
50
44
33
25
28
27
30
32
25
29
28
30
29
28
25
19
15
8
7
12
21
24
24
23
23
19
19
19
18
18
15
9
11
13
8
17
23
23
30
29
31
31
30
31
33
32
33
38
33
30
24
18
16
21
25
28
39
38
39
37
42
42
43
45
45
47
43
45
38
36
25
20
19
20
25
26
23
20
16
9
8
17
12
9
3
1
4
2
2
0
-10
-17
-18
-20
-21
-25
-23
-27
-31
-35
-41
-50
-53
-56
-59
-63
-59
-58
-59
-55
-57
-54
-60
-55
-54
-54
-56
-58
-58
-57
-57
-57
-54
-53
-49
-47
-42
-41
-43
-41
-41
-46
-44
-44
-41
-40
-37
-31
-32
-31
-31
-34
-31
-29
-33
-29
-26
-29
-29
-31
-30
-34
-36
-35
-32
-33
-33
-34
-35
-34
-36
-32
-27
-25
-17
-2
2
0
-1
1
-1
-5
-8
-11
-11
-13
-11
-10
-9
-10
-12
-9
-10
-11
-18
-17
-19
-20
-15
-17
-18
-18
-25
-30
-32
-35
-36
-40
-40
-34
-36
-36
-36
-34
-35
-36
-28
-20
-23
-25
-19
-19
-14
-13
-11
-10
-11
-9
-9
-10
-8
-4
2
5
8
4
5
7
5
13
5
7
4
3
3
6
8
1
0
-11
-7
-7
-6
-3
-9
-3
1
0
-7
-6
-9
-17
-18
-16
-16
-17
-17
-13
-3
-5
0
1
3
4
3
4
6
4
2
3
-3
-6
-2
1
1
0
9
15
20
26
28
30
34
41
42
42
47
45
44
45
49
52
51
55
56
53
58
54
53
54
53
59
63
68
72
76
77
78
78
77
70
65
62
58
57
54
53
50
53
55
57
61
55
55
51
54
48
40
46
45
49
51
49
56
59
60
58
53
51
44
40
33
27
21
17
16
18
16
14
20
13
16
17
15
14
8
4
4
7
9
15
19
24
22
20
20
16
22
17
19
21
16
17
18
19
19
18
18
22
21
20
20
21
23
23
22
23
27
26
26
24
19
21
21
19
15
19
19
20
21
19
15
8
7
10
14
10
13
13
13
10
7
0
-11
-11
-14
-15
-18
-13
-11
-12
-16
-13
-12
-17
-22
-28
-31
-36
-40
-41
-46
-50
-52
-55
-59
-62
-61
-67
-68
-60
-65
-71
-77
-81
-85
-92
-97
-99
-103
-99
-94
-86
-80
-78
-73
-67
-63
-58
-47
-44
-38
-29
-28
-28
-26
-30
-38
-44
-45
-41
-38
-30
-30
-32
-34
-33
-33
-30
-28
-22
-19
-19
-20
-24
-25
-30
-25
-23
-24
-24
-28
-27
-29
-35
-34
-36
-39
-43
-45
-46
-51
-47
-49
-54
-56
-54
-51
-51
-49
-47
-43
-39
-39
-40
-42
-41
-45
-48
-48
-50
-54
-51
-54
-54
-52
-53
-45
-41
-32
-29
-31
-33
-31
-29
-28
-22
-17
-9
-7
-6
-1
4
4
7
9
11
16
14
13
10
13
15
6
4
6
11
15
21
17
15
18
17
18
19
14
15
14
12
18
18
20
24
27
26
25
24
22
24
26
27
29
29
33
37
34
41
42
43
49
48
50
48
53
51
48
45
47
49
45
48
48
43
42
42
39
37
42
44
47
52
48
43
38
40
39
43
38
33
29
34
33
32
33
30
42
45
58
64
70
66
63
65
56
53
50
49
44
40
42
39
37
37
41
41
43
45
50
52
56
51
49
51
46
50
46
48
45
40
39
33
32
32
23
19
16
13
14
11
9
9
18
20
29
32
29
33
37
42
38
38
37
26
21
19
17
16
16
25
24
24
25
18
13
9
7
4
5
4
-1
-5
-4
-5
-8
-2
4
2
6
3
8
13
4
7
-1
-5
-5
-6
-6
-7
-6
1
4
5
5
1
-3
-8
-11
-20
-23
-28
-36
-39
-41
-46
-46
-43
-50
-53
-60
-64
-65
-68
-70
-63
-62
-66
-63
-70
-71
-72
-70
-66
-61
-57
-62
-61
-62
-63
-66
-73
-74
-72
-68
-65
-62
-60
-62
-57
-49
-54
-54
-52
-44
-46
-45
-45
-47
-37
-29
-27
-27
-27
-38
-36
-29
-29
-29
-27
-28
-26
-26
-20
-17
-21
-22
-24
-25
-26
-24
-25
-21
-20
-15
-18
-15
-10
-10
-7
-8
-9
-9
-7
-6
-10
-9
-7
-4
-1
0
6
8
13
18
25
22
27
25
14
17
6
4
5
3
8
8
11
8
7
11
14
20
16
18
17
15
12
9
5
3
3
-1
-7
-5
-4
0
-2
-2
-4
-14
-13
-16
-16
-21
-26
-24
-26
-27
-25
-19
-22
-20
-23
-23
-18
-18
-16
-10
-6
-6
0
5
11
8
7
10
15
16
12
15
16
16
26
29
40
44
46
49
46
44
42
39
40
38
37
41
34
37
39
41
45
46
47
50
51
46
47
52
44
34
35
39
41
46
40
39
38
42
43
41
33
37
38
29
32
25
30
31
29
28
14
13
9
9
6
-4
-8
-13
-18
-24
-22
-21
-20
-19
-17
-16
-15
-16
-16
-18
-20
-24
-26
-27
-24
-27
-27
-21
-21
-19
-21
-18
-13
-7
-9
-10
-9
-9
-5
-6
1
7
5
11
18
25
28
30
35
39
48
52
57
65
61
58
59
55
50
53
50
49
45
40
36
34
33
32
30
27
31
30
34
34
27
26
28
28
28
25
26
22
24
20
17
15
15
10
3
1
0
0
-1
1
-2
6
5
8
10
14
14
12
15
6
7
-2
-5
-5
-7
-6
-13
-20
-21
-28
-27
-29
-29
-32
-36
-31
-36
-37
-39
-36
-31
-33
-32
-28
-22
-17
-17
-15
-15
-17
-19
-23
-25
-29
-29
-35
-33
-29
-31
-33
-29
-30
-28
-23
-24
-17
-14
-14
-12
-7
-10
-11
-8
-9
-5
-2
-1
1
2
1
-3
-6
-12
-15
-12
-15
-15
-14
-20
-17
-19
-24
-21
-23
-19
-19
-21
-20
-22
-28
-21
-15
-14
-11
-16
-20
-15
-14
-10
-7
-9
-12
-12
-4
-3
-1
-5
-12
-10
-11
-9
-14
-17
-18
-10
-4
-5
-5
-5
-2
-4
-7
-11
-10
-8
-3
-5
-8
-6
-5
-1
-4
-4
2
-3
-5
-3
-10
-11
-5
-3
-1
-3
-4
-7
-2
-4
-8
-7
-11
-13
-17
-14
-13
-7
-5
-7
-6
-1
-4
-3
-2
-5
2
-3
-11
-20
-19
-21
-19
-11
-11
-10
-7
-9
-12
-11
-16
-17
-22
-26
-25
-24
-19
-18
-15
-9
-2
-1
2
1
-5
-12
-17
-16
-20
-18
-20
-18
-14
-17
-20
-19
-21
-18
-16
-17
-10
-3
-8
-10
-6
-9
-10
-3
1
8
10
18
19
14
17
10
7
10
3
0
1
0
-3
-1
-1
2
8
6
8
10
9
6
3
3
4
2
4
5
9
11
7
7
10
8
7
8
4
1
-2
-3
-4
-14
-10
-10
-11
-10
-3
3
2
4
2
-4
-7
-4
-3
-7
-9
-8
-6
-2
-1
-2
-5
-6
-5
-4
-3
-2
-4
-2
-6
-2
1
-1
4
5
9
13
14
19
22
33
34
43
51
52
69
71
73
78
79
83
83
79
81
85
89
94
94
100
100
91
87
81
83
80
71
68
61
53
46
44
38
31
31
26
24
21
11
6
-3
-15
-18
-21
-29
-40
-37
-44
-50
-59
-63
-70
-74
-75
-77
-65
-64
-59
-60
-62
-57
-53
-46
-43
-38
-36
-40
-35
-28
-23
-22
-14
-4
-6
6
14
12
15
17
18
24
31
32
33
36
39
39
37
36
36
36
39
40
39
37
38
36
35
34
26
19
16
15
15
9
6
-4
-16
-8
-15
-17
-17
-16
-10
-10
-10
-17
-22
-27
-28
-29
-27
-28
-29
-32
-33
-38
-39
-39
-43
-42
-47
-45
-44
-54
-57
-59
-62
-58
-58
-59
-56
-59
-58
-59
-61
-53
-52
-53
-51
-51
-44
-44
-38
-38
-35
-30
-29
-26
-26
-24
-16
-8
-11
-4
0
12
17
18
28
28
33
35
37
41
36
40
40
34
35
31
33
33
22
17
9
5
4
-1
-10
-11
-18
-19
-18
-25
-28
-30
-31
-31
-35
-40
-43
-38
-39
-46
-47
-50
-57
-53
-55
-57
-52
-54
-53
-53
-52
-53
-54
-47
-40
-36
-25
-24
-18
-13
-11
-4
-4
0
-1
-7
-6
-1
-2
3
12
14
16
18
22
22
19
19
17
14
20
21
22
22
17
15
8
5
2
-1
7
1
-2
-1
-4
-8
-12
-12
-19
-24
-33
-36
-42
-44
-42
-41
-41
-36
-32
-35
-36
-30
-25
-25
-21
-21
-16
-11
-8
-1
1
2
14
19
21
21
25
31
30
31
36
35
34
36
39
44
52
62
67
73
73
76
79
75
71
71
71
77
78
80
82
87
87
86
87
93
99
96
91
97
90
93
95
89
90
87
87
81
83
84
77
70
69
63
59
55
50
47
46
51
46
46
43
45
48
43
40
33
22
16
12
5
-3
1
1
0
-1
-6
-8
-14
-17
-19
-23
-22
-18
-18
-12
-9
-15
-8
-5
-2
2
3
16
15
15
18
18
22
17
21
23
28
32
45
49
51
52
51
52
48
47
47
47
44
39
40
41
37
33
30
21
17
10
3
-1
-8
-11
-15
-19
-22
-29
-31
-30
-27
-23
-22
-24
-31
-31
-32
-37
-37
-38
-41
-46
-51
-50
-48
-49
-50
-51
-50
-46
-51
-47
-53
-58
-62
-71
-68
-73
-73
-76
-75
-68
-69
-72
-78
-80
-82
-80
-75
-76
-75
-73
-77
-78
-79
-78
-80
-79
-69
-64
-57
-50
-50
-50
-50
-45
-43
-43
-42
-41
-37
-34
-32
-29
-17
-20
-26
-26
-25
-24
-21
-18
-12
-8
-5
-1
-6
-7
-3
-3
-6
-9
-8
-9
-14
-13
-16
-18
-19
-23
-24
-20
-23
-21
-18
-26
-22
-21
-21
-18
-19
-15
-13
-7
-5
-1
-2
0
6
7
9
10
8
13
10
13
17
26
30
30
33
24
27
20
15
12
10
14
12
11
13
13
8
1
-1
-6
-10
-6
-9
-11
-8
-16
-15
-21
-28
-25
-20
-24
-27
-29
-29
-36
-39
-38
-42
-40
-42
-45
-43
-42
-40
-39
-41
-32
-26
-17
-10
-5
-1
2
3
6
6
12
15
16
23
34
40
38
46
44
44
44
47
49
55
54
57
61
58
64
62
59
60
60
60
62
65
67
63
58
51
50
48
49
50
46
48
45
43
42
38
41
38
44
49
47
42
41
42
46
47
43
43
41
42
39
42
43
41
39
33
29
30
32
33
34
35
29
25
23
19
19
23
23
21
20
18
14
10
7
4
4
3
2
2
0
-9
-13
-14
-15
-16
-12
-11
-12
-8
-7
-5
-9
-11
-4
-5
-13
-20
-10
-9
-12
-7
-6
-1
2
1
4
5
3
8
8
7
5
6
5
10
17
18
22
20
21
15
9
14
12
17
17
12
16
14
9
9
7
10
10
9
14
15
18
19
14
17
9
3
-5
-6
-4
-7
-7
-11
-15
-21
-27
-33
-38
-38
-40
-39
-40
-44
-45
-53
-52
-50
-56
-57
-63
-61
-63
-64
-64
-67
-71
-68
-72
-77
-72
-70
-65
-61
-58
-55
-55
-59
-59
-59
-63
-59
-58
-54
-46
-44
-43
-34
-28
-22
-13
-7
-6
-6
-6
-6
-4
-3
5
13
15
24
22
19
22
14
16
13
19
22
23
28
27
31
28
26
24
22
24
26
30
26
16
15
9
5
3
4
0
-1
-3
-3
-4
-2
4
-3
-2
-7
-4
-15
-24
-24
-26
-27
-25
-23
-23
-16
-12
-12
-18
-19
-22
-29
-29
-31
-26
-28
-24
-22
-18
-13
-13
-10
-5
-2
2
7
6
2
-2
1
7
2
3
2
1
5
4
3
6
13
8
6
2
0
2
-1
0
-2
-2
-6
-4
-11
-7
-7
-12
-3
-4
-2
-2
-1
-1
-5
-4
-4
0
-5
-2
3
2
-1
-8
-15
-22
-21
-13
-8
-9
-7
-4
-2
-3
-2
-1
0
-1
0
-4
2
1
0
10
11
18
17
21
25
29
34
34
36
35
33
35
33
33
29
30
30
27
35
36
37
32
26
25
25
22
15
16
18
19
18
23
27
34
33
33
32
27
30
26
24
19
25
26
33
37
32
35
33
32
32
28
28
25
26
26
25
24
21
24
23
19
19
19
23
26
26
32
30
25
26
31
34
40
47
53
62
63
66
66
64
67
69
64
65
71
73
78
76
84
80
77
81
81
82
81
80
71
68
59
52
49
48
45
40
38
36
34
28
21
20
14
13
6
3
4
0
-2
-7
-5
-1
-7
-3
-4
-7
-12
-23
-22
-31
-35
-33
-33
-33
-34
-28
-33
-33
-31
-36
-35
-38
-45
-43
-45
-53
-54
-54
-61
-63
-67
-62
-58
-55
-47
-45
-50
-52
-56
-63
-57
-63
-64
-64
-68
-62
-63
-60
-53
-53
-45
-46
-50
-46
-51
-53
-51
-52
-52
-43
-37
-33
-29
-25
-18
-16
-16
-16
-17
-15
-16
-16
-17
-15
-13
-17
-14
-12
-11
-8
-8
-8
-10
-11
-14
-19
-18
-19
-23
-29
-38
-40
-39
-41
-41
-43
-52
-48
-52
-47
-41
-44
-40
-45
-45
-46
-49
-48
-54
-58
-63
-68
-64
-69
-77
-78
-81
-75
-73
-74
-72
-69
-65
-67
-66
-68
-65
-66
-60
-59
-60
-57
-59
-57
-56
-50
-48
-40
-33
-30
-27
-28
-30
-26
-26
-24
-18
-20
-17
-15
-17
-19
-19
-19
-20
-19
-17
-13
-12
-13
-13
-17
-15
-12
-11
-11
-9
-6
-6
2
4
5
9
19
24
25
25
27
26
24
23
23
26
25
30
28
30
32
28
22
24
22
25
29
26
30
28
32
37
35
42
51
46
53
52
55
55
48
50
46
51
57
56
58
56
57
58
63
63
59
58
57
56
51
48
49
51
49
48
48
46
43
35
34
28
25
25
16
22
24
24
28
26
33
33
34
35
31
32
31
33
30
33
31
30
33
28
29
32
39
40
40
40
41
40
43
44
43
43
43
47
48
53
54
56
58
59
58
65
64
64
75
79
78
80
82
84
88
91
93
93
91
87
84
81
84
78
77
75
70
71
69
72
69
60
57
51
53
49
42
40
32
31
28
27
22
20
19
15
12
9
3
0
-8
-9
-16
-24
-27
-35
-37
-38
-40
-45
-49
-48
-52
-54
-52
-53
-50
-47
-53
-58
-60
-62
-65
-67
-66
-68
-72
-74
-76
-79
-78
-82
-87
-90
-90
-89
-92
-97
-96
-97
-98
-98
-96
-93
-94
-96
-98
-106
-102
-98
-96
-85
-86
-76
-70
-73
-73
-69
-58
-52
-44
-37
-35
-28
-27
-27
-21
-22
-20
-14
-19
-19
-17
-8
-2
-1
8
3
3
0
-8
-8
-11
-11
-15
-17
-24
-21
-28
-26
-26
-29
-33
-34
-28
-27
-28
-35
-39
-41
-44
-50
-51
-57
-60
-61
-68
-66
-66
-65
-66
-63
-63
-62
-59
-70
-74
-73
-75
-71
-68
-71
-70
-61
-67
-68
-65
-68
-63
-64
-60
-56
-51
-47
-45
-33
-22
-17
-12
-6
-1
3
11
10
10
11
9
16
14
15
21
15
16
26
31
36
43
45
42
41
41
40
43
48
58
57
55
61
57
59
60
55
69
68
67
74
67
69
75
71
68
74
75
77
76
74
73
67
67
62
60
62
59
56
56
49
44
44
43
49
53
55
61
62
64
62
63
60
57
55
54
53
52
56
58
60
57
52
56
56
62
65
67
72
63
64
65
62
62
59
59
61
54
58
58
52
54
49
53
52
52
55
52
55
55
52
50
44
45
44
43
40
33
35
29
32
33
28
27
25
30
27
25
27
20
22
15
22
20
19
27
28
31
21
21
20
21
20
19
15
19
18
13
13
9
13
12
10
9
9
6
3
4
-4
-12
-14
-20
-21
-22
-20
-21
-21
-18
-23
-28
-32
-32
-29
-31
-28
-21
-16
-13
-12
-9
-12
-12
-12
-18
-12
-13
-8
-5
-6
-7
-6
-1
-5
-3
2
-1
-3
-3
-7
-15
-16
-17
-21
-21
-21
-22
-24
-26
-28
-29
-30
-28
-30
-32
-33
-38
-42
-39
-39
-38
-38
-36
-41
-47
-43
-48
-50
-56
-58
-61
-70
-69
-72
-72
-72
-70
-65
-64
-76
-75
-78
-81
-90
-94
-93
-99
-98
-94
-90
-82
-75
-76
-66
-62
-59
-48
-46
-48
-44
-44
-45
-40
-44
-38
-33
-29
-24
-18
-13
-16
-15
-17
-21
-26
-29
-29
-35
-39
-36
-35
-42
-41
-40
-40
-34
-39
-35
-38
-42
-46
-48
-49
-52
-54
-57
-51
-46
-49
-45
-50
-51
-54
-60
-54
-57
-55
-52
-49
-44
-44
-41
-35
-33
-30
-23
-24
-25
-25
-25
-19
-13
-1
9
19
26
31
39
46
53
58
58
59
64
68
75
78
79
79
90
90
92
94
91
86
87
89
84
87
90
89
86
84
83
81
81
77
76
71
65
57
56
53
49
43
42
41
40
38
34
30
24
19
15
14
12
10
2
-6
-16
-14
-18
-21
-18
-23
-25
-27
-29
-35
-33
-31
-32
-29
-25
-24
-28
-25
-23
-21
-21
-13
-14
-14
-11
-9
-11
-10
-7
-11
-8
-7
-5
1
2
6
13
13
16
17
20
21
25
30
30
36
39
37
39
39
44
48
48
51
51
46
46
45
35
32
34
35
34
34
42
37
40
41
41
45
38
36
35
31
31
34
30
27
40
42
41
41
38
45
49
50
47
47
44
43
45
42
42
38
46
41
38
38
35
33
25
30
22
16
12
2
-7
-16
-21
-24
-21
-33
-39
-41
-44
-50
-53
-52
-56
-54
-56
-52
-45
-48
-48
-51
-52
-51
-56
-52
-53
-56
-59
-61
-60
-58
-55
-59
-56
-56
-50
-47
-44
-36
-32
-34
-34
-36
-36
-36
-42
-41
-42
-36
-37
-36
-38
-38
-37
-40
-38
-35
-28
-24
-27
-20
-23
-18
-13
-12
-6
-6
4
7
6
6
2
-4
-3
3
6
8
8
19
21
21
24
23
21
17
20
22
23
20
18
24
18
16
21
25
26
29
30
30
33
26
26
29
22
17
16
8
14
15
16
18
21
20
11
11
6
6
9
6
12
16
15
17
17
15
16
18
18
10
3
-2
-6
-12
-16
-14
-14
-9
-7
-8
-10
-14
-19
-20
-22
-24
-29
-31
-36
-37
-45
-46
-50
-50
-50
-53
-47
-48
-40
-41
-46
-50
-53
-54
-47
-43
-38
-35
-34
-28
-33
-40
-38
-35
-31
-31
-29
-25
-24
-25
-27
-26
-14
-11
-10
-4
-2
1
5
5
4
13
16
13
14
14
12
18
15
15
18
21
19
19
22
17
23
22
22
31
29
28
28
23
22
16
24
23
22
23
20
19
13
10
3
5
4
1
4
3
11
15
17
18
28
28
27
30
26
26
26
26
23
19
18
16
13
14
15
18
21
18
16
15
11
8
12
9
8
17
13
15
13
17
23
22
23
21
27
22
21
16
13
15
17
17
15
19
16
14
17
15
11
11
14
17
15
16
7
15
18
14
15
14
18
20
18
10
7
2
-4
-6
-10
-13
-13
-16
-17
-16
-19
-23
-25
-19
-17
-13
-8
-6
-8
-11
-10
-8
-11
-13
-16
-14
-11
-6
3
2
4
3
0
3
8
12
16
15
17
16
18
18
12
11
13
12
13
17
20
18
19
17
20
22
19
16
11
12
15
13
17
19
18
25
30
37
47
49
53
60
62
56
58
60
59
63
68
67
69
69
65
64
57
56
57
57
56
46
42
36
39
37
42
43
32
28
23
17
16
13
8
5
-4
-12
-13
-13
-23
-29
-29
-33
-36
-44
-46
-49
-50
-51
-51
-53
-57
-51
-45
-48
-51
-51
-54
-58
-66
-60
-55
-59
-58
-61
-62
-62
-59
-56
-51
-49
-51
-49
-41
-43
-42
-41
-43
-48
-48
-46
-44
-43
-40
-39
-33
-26
-25
-24
-28
-27
-32
-40
-34
-33
-32
-25
-20
-18
-18
-16
-20
-20
-15
-18
-18
-16
-18
-15
-13
-8
-10
-7
-9
-13
-13
-15
-6
-13
-20
-20
-24
-24
-23
-22
-26
-28
-22
-16
-17
-22
-20
-23
-26
-25
-25
-22
-17
-12
-9
-4
-6
-6
-7
-9
-4
-9
-4
0
-4
-2
-10
-13
-13
-17
-21
-19
-21
-22
-18
-26
-23
-28
-33
-35
-41
-39
-44
-50
-50
-48
-51
-46
-43
-41
-40
-46
-44
-46
-47
-45
-45
-47
-47
-48
-52
-45
-41
-38
-35
-38
-36
-34
-31
-29
-30
-36
-35
-30
-28
-25
-24
-19
-14
-6
-2
9
16
16
22
18
21
23
30
34
39
51
59
63
58
56
57
56
61
62
64
60
55
55
51
52
54
53
55
53
59
60
57
54
52
54
53
52
51
59
52
54
49
52
57
59
69
62
65
63
67
65
60
69
58
58
58
49
46
45
43
40
36
32
37
38
41
43
42
40
41
45
48
47
41
42
38
36
33
29
38
38
39
38
38
39
37
39
33
28
29
28
27
21
20
19
16
21
20
18
15
12
8
1
2
1
2
10
3
1
-1
-5
-8
-6
-7
-1
-2
1
3
3
1
1
10
12
13
11
15
10
9
6
0
-3
-9
-13
-16
-12
-5
-6
-3
-3
-3
-2
2
4
4
6
5
9
9
10
9
8
6
-1
2
0
-4
-1
-5
-12
-13
-18
-21
-19
-25
-25
-29
-30
-28
-29
-24
-22
-18
-20
-23
-21
-20
-19
-22
-24
-25
-28
-27
-28
-29
-24
-25
-24
-22
-24
-21
-19
-16
-26
-30
-30
-38
-41
-45
-44
-44
-49
-52
-53
-50
-48
-51
-49
-47
-52
-56
-58
-58
-56
-56
-61
-61
-55
-49
-44
-47
-45
-38
-29
-31
-26
-26
-27
-20
-22
-20
-21
-20
-20
-16
-12
-14
-17
-22
-28
-30
-33
-36
-39
-36
-33
-37
-30
-30
-31
-28
-26
-27
-30
-27
-23
-27
-30
-31
-32
-33
-33
-34
-34
-38
-39
-40
-42
-39
-39
-39
-38
-42
-40
-36
-36
-36
-37
-36
-35
-39
-37
-34
-32
-38
-37
-38
-35
-35
-27
-21
-28
-21
-19
-14
-11
-12
-12
-15
-13
-7
-2
1
-3
0
7
15
21
22
28
29
26
23
27
25
26
29
34
34
38
45
49
50
53
61
64
69
70
71
71
73
79
77
85
94
92
102
99
97
99
91
84
81
80
81
78
75
74
67
69
64
68
65
63
64
59
57
55
59
54
53
47
48
50
49
50
49
44
41
41
31
27
31
30
32
32
28
28
30
29
28
27
25
24
20
20
20
13
8
3
5
5
7
14
15
18
17
20
15
19
22
18
20
18
20
22
26
29
27
29
32
31
31
25
27
21
14
15
6
0
-10
-8
-5
-15
-14
-22
-18
-17
-9
-4
-5
-2
-6
0
0
5
5
0
4
2
4
8
7
10
10
11
10
12
12
21
20
24
22
16
19
14
14
11
18
14
8
13
17
17
17
22
22
20
21
17
15
16
20
16
19
18
15
19
22
21
20
15
13
10
6
1
-8
-9
-13
-19
-24
-28
-33
-35
-34
-34
-35
-40
-44
-45
-51
-52
-50
-51
-54
-61
-62
-60
-61
-61
-62
-61
-65
-70
-70
-68
-67
-68
-70
-76
-73
-74
-72
-75
-68
-68
-71
-67
-68
-69
-72
-69
-71
-65
-65
-65
-63
-63
-53
-51
-51
-48
-44
-36
-33
-26
-18
-16
-14
-15
-19
-22
-21
-22
-19
-21
-21
-20
-24
-21
-23
-17
-21
-20
-24
-28
-27
-30
-27
-26
-28
-28
-27
-28
-24
-20
-17
-19
-10
-5
-10
-8
-9
-6
-10
-14
-8
-13
-9
-12
-10
-10
-11
-8
-13
-22
-28
-30
-35
-38
-40
-35
-36
-31
-33
-35
-31
-31
-33
-37
-39
-37
-36
-35
-28
-29
-24
-18
-18
-12
-7
0
8
14
15
11
9
11
18
19
23
25
28
27
21
24
16
15
12
12
17
8
11
11
18
19
19
28
31
37
39
43
44
45
48
38
40
42
39
41
34
37
33
31
32
28
28
24
25
25
20
19
25
18
17
17
10
9
6
3
1
0
0
-2
0
-3
-4
4
4
10
17
18
20
16
15
13
11
21
19
19
21
19
23
24
21
29
31
37
47
46
48
48
53
61
62
61
69
69
71
78
80
88
85
86
91
93
97
97
94
93
87
82
77
70
71
63
64
67
66
64
56
55
51
41
34
26
24
21
20
21
22
21
22
22
18
17
18
18
11
9
8
3
4
-2
-2
-7
-8
-9
-11
-13
-15
-18
-20
-27
-32
-29
-32
-38
-48
-48
-50
-47
-54
-52
-46
-50
-50
-54
-50
-46
-46
-41
-42
-40
-36
-36
-31
-31
-31
-32
-31
-35
-44
-39
-39
-40
-39
-40
-39
-38
-32
-38
-40
-31
-32
-32
-32
-34
-35
-36
-34
-35
-35
-35
-29
-31
-26
-18
-17
-14
-10
2
2
3
2
0
3
2
5
6
7
5
4
0
-6
-7
-13
-14
-16
-17
-22
-23
-24
-26
-23
-29
-32
-38
-45
-44
-38
-35
-37
-33
-30
-26
-22
-23
-22
-23
-21
-18
-24
-21
-26
-29
-33
-35
-29
-30
-25
-20
-19
-18
-22
-21
-17
-19
-20
-22
-28
-30
-31
-31
-30
-30
-32
-28
-30
-34
-29
-33
-37
-29
-29
-30
-37
-41
-36
-35
-30
-22
-20
-24
-23
-26
-25
-26
-30
-32
-36
-36
-35
-31
-30
-26
-22
-17
-17
-10
-9
-9
-11
-9
-7
-8
-8
-6
-1
-6
-4
-2
-2
1
1
5
2
-6
-6
-6
-9
-12
-16
-19
-12
-8
-2
5
5
7
14
19
17
17
17
20
21
20
23
26
27
32
39
44
55
66
73
73
74
74
71
72
69
68
70
65
64
67
71
71
69
69
66
64
61
62
60
53
48
50
53
49
49
46
46
56
57
63
54
51
52
45
46
45
43
40
40
35
36
38
32
32
33
35
33
34
34
30
32
28
24
22
19
15
19
18
25
24
24
25
18
20
20
24
25
32
32
35
34
38
42
39
32
31
30
24
24
23
22
22
25
26
25
27
36
36
40
44
45
53
47
45
46
46
51
49
49
53
54
52
56
50
46
41
38
41
31
29
27
25
18
18
21
16
19
15
8
-2
-9
-12
-18
-25
-32
-30
-32
-39
-34
-35
-36
-38
-40
-38
-37
-34
-37
-35
-32
-37
-35
-35
-30
-34
-33
-25
-28
-30
-34
-35
-39
-39
-40
-39
-37
-30
-25
-24
-18
-16
-14
-14
-13
-17
-20
-22
-22
-24
-24
-22
-19
-21
-21
-20
-25
-22
-27
-33
-40
-45
-45
-46
-44
-46
-49
-50
-49
-53
-56
-57
-62
-64
-66
-67
-69
-67
-64
-63
-69
-59
-57
-54
-52
-49
-46
-51
-45
-50
-54
-54
-57
-58
-57
-54
-52
-51
-49
-49
-54
-54
-53
-56
-59
-57
-57
-57
-59
-62
-53
-55
-54
-50
-50
-52
-48
-45
-50
-50
-50
-51
-52
-50
-50
-46
-41
-41
-34
-38
-41
-39
-38
-42
-41
-36
-38
-37
-36
-31
-30
-23
-20
-19
-19
-14
-11
-11
-9
-11
-16
-20
-14
-8
-9
-1
4
3
8
12
9
10
16
15
15
19
20
19
18
13
13
16
13
16
20
19
26
30
28
27
27
33
33
37
45
47
50
52
57
66
72
71
80
79
80
80
78
74
72
69
65
61
52
55
54
55
54
52
50
46
41
37
30
28
31
29
23
18
18
14
14
6
11
15
15
14
15
12
8
2
4
6
7
19
16
20
20
18
18
18
25
26
30
32
34
33
38
40
44
39
40
46
44
44
42
44
46
51
48
46
45
42
45
45
45
49
51
48
48
48
43
36
33
33
31
21
16
20
18
24
26
28
24
23
23
13
9
4
7
10
18
22
22
20
17
15
8
8
5
6
8
8
8
8
5
-2
1
-2
-8
-13
-19
-25
-26
-30
-32
-33
-29
-29
-31
-29
-28
-28
-29
-20
-26
-26
-23
-25
-22
-23
-21
-20
-19
-15
-11
-8
2
-3
0
3
3
6
7
5
4
6
4
2
7
5
8
5
1
2
-3
-9
-11
-7
-13
-19
-20
-23
-26
-28
-28
-30
-32
-28
-36
-50
-50
-57
-63
-66
-72
-71
-75
-71
-70
-71
-78
-79
-78
-88
-91
-95
-102
-104
-104
-104
-103
-98
-87
-75
-69
-64
-58
-55
-47
-40
-35
-32
-33
-32
-26
-24
-17
-15
-11
-5
1
8
7
10
9
11
8
6
11
10
8
13
15
11
8
7
5
7
9
6
2
5
8
3
-5
-10
-12
-15
-13
-14
-13
-21
-23
-15
-19
-12
-19
-20
-15
-18
-18
-17
-18
-19
-20
-26
-18
-15
-16
-13
-14
-12
-16
-14
-19
-18
-15
-16
-10
-2
1
9
20
16
14
10
14
19
19
21
23
27
31
32
39
48
51
55
56
62
69
68
75
72
71
82
82
80
86
91
95
95
95
93
91
93
97
94
93
92
85
90
83
79
72
64
58
57
55
53
42
36
32
27
21
18
24
15
24
19
7
6
0
-7
-14
-17
-17
-18
-21
-19
-21
-18
-18
-25
-21
-20
-28
-26
-24
-26
-21
-18
-18
-22
-20
-21
-17
-11
-9
-4
-2
3
5
4
5
5
11
16
17
22
25
28
28
35
35
37
44
45
48
41
38
39
40
41
39
42
44
45
44
45
46
41
37
29
21
20
19
12
10
11
5
1
-2
-1
-3
-4
-4
-3
-8
-7
-11
-15
-12
-12
-12
-10
-6
-2
-3
-3
-8
-24
-31
-27
-33
-28
-27
-24
-21
-21
-18
-19
-18
-23
-24
-31
-35
-40
-46
-52
-48
-44
-40
-35
-34
-30
-29
-29
-31
-29
-32
-36
-37
-39
-36
-27
-27
-17
-15
-11
-11
-11
-9
-7
-2
-3
-3
-2
2
-4
-4
-3
1
6
7
15
18
15
15
15
16
12
12
10
7
6
0
3
-1
-5
-5
-5
-4
-7
-13
-12
-19
-21
-27
-36
-44
-49
-50
-52
-51
-49
-47
-48
-48
-49
-43
-46
-49
-43
-41
-40
-39
-34
-31
-33
-34
-40
-34
-31
-29
-16
-15
-12
-15
-17
-15
-16
-15
-8
-5
-2
-2
-4
-3
-3
0
9
13
19
25
23
35
41
38
39
37
42
43
50
46
40
41
43
41
35
37
32
25
27
19
12
4
-11
-13
-16
-18
-20
-24
-25
-28
-29
-27
-29
-27
-32
-30
-31
-36
-38
-44
-41
-40
-39
-34
-32
-32
-30
-26
-22
-17
-16
-20
-19
-17
-25
-33
-28
-28
-25
-25
-21
-18
-17
-8
-4
-3
-2
1
2
6
1
3
10
16
21
27
35
34
37
42
47
44
45
49
47
45
42
41
44
42
45
49
48
41
35
30
23
15
15
15
6
6
6
1
-1
1
2
4
7
4
2
-2
-8
-11
-15
-19
-29
-25
-26
-25
-21
-20
-17
-23
-21
-27
-30
-35
-34
-32
-29
-20
-20
-14
-17
-13
-10
-6
-6
1
0
4
5
5
11
9
9
15
15
19
24
30
36
36
37
37
38
33
36
33
32
33
32
38
33
31
32
32
37
37
35
27
21
23
16
14
18
18
18
17
16
21
24
27
29
31
24
17
10
5
-3
-7
-6
-7
-6
-11
-7
-2
-6
-6
-13
-17
-22
-31
-34
-38
-45
-44
-44
-46
-38
-35
-38
-31
-32
-27
-23
-26
-25
-25
-26
-30
-27
-29
-24
-24
-20
-12
-7
-7
-9
-5
-2
5
4
7
6
7
9
8
18
17
18
21
20
27
26
26
31
32
35
36
38
41
44
44
43
47
46
38
38
34
30
30
26
26
22
30
23
18
14
9
1
-2
-4
-11
-9
-11
-11
-12
-15
-19
-18
-22
-17
-16
-19
-21
-20
-27
-33
-32
-26
-24
-24
-22
-19
-15
-14
-15
-16
-11
-6
-12
-14
-16
-23
-21
-27
-31
-22
-19
-16
-14
-12
-7
-13
-14
-13
-12
-11
-13
-13
-10
-8
-7
-5
-6
-2
-1
2
5
7
7
10
7
5
4
5
8
8
10
4
0
-6
-6
-2
-2
-6
-3
-7
-13
-8
-10
-8
-8
-5
-2
0
2
-7
-12
-11
-18
-17
-16
-16
-15
-16
-19
-24
-20
-17
-19
-24
-27
-24
-23
-26
-23
-22
-17
-14
-18
-13
-12
-15
-14
-8
-7
-1
-2
2
2
-2
10
10
9
11
16
21
17
18
19
19
13
13
16
15
14
13
17
16
18
20
23
27
22
11
5
4
-3
-14
-17
-15
-18
-19
-17
-13
-11
-4
-2
3
7
9
7
5
2
-4
-6
-5
-8
-18
-13
-13
-14
-13
-20
-20
-20
-26
-36
-33
-33
-33
-31
-29
-29
-24
-20
-18
-19
-23
-20
-13
-16
-16
-14
-13
-8
-8
-2
4
9
9
12
11
15
23
27
31
36
43
39
42
39
38
39
34
34
37
38
34
40
43
47
48
49
48
48
44
47
48
47
55
53
53
46
41
42
42
43
45
41
37
39
49
42
39
44
39
47
45
40
36
36
40
38
35
39
36
36
42
44
49
46
40
37
35
35
22
18
16
11
13
11
9
15
15
13
12
14
14
11
7
-3
-4
-4
-8
-7
-2
-5
-1
4
8
8
6
13
14
16
11
12
8
3
7
2
3
8
12
16
21
22
19
18
14
10
6
1
4
0
0
0
-1
3
1
6
5
2
0
-2
-5
-3
-7
-16
-16
-16
-16
-12
-6
-1
-1
6
4
3
1
-9
-4
-11
-12
-15
-20
-19
-20
-22
-25
-27
-31
-31
-31
-36
-39
-42
-51
-54
-56
-55
-55
-59
-62
-54
-60
-58
-58
-60
-61
-63
-63
-57
-59
-59
-55
-59
-54
-51
-46
-45
-43
-35
-32
-33
-33
-39
-40
-33
-40
-36
-35
-39
-37
-36
-35
-36
-34
-30
-29
-30
-30
-35
-33
-34
-38
-29
-35
-35
-39
-40
-39
-43
-47
-55
-52
-55
-58
-53
-53
-54
-51
-52
-51
-51
-53
-59
-59
-61
-56
-59
-64
-53
-51
-42
-32
-30
-25
-23
-16
-18
-14
-11
-9
-2
-1
5
7
9
10
10
9
6
12
14
12
14
14
15
18
10
8
7
3
-3
-14
-13
-7
-6
-11
-7
-7
-7
0
-1
-5
-2
1
1
6
6
17
16
21
15
17
16
10
8
6
11
11
10
11
15
12
13
14
15
22
29
31
33
38
34
38
36
36
38
35
36
37
36
33
40
40
36
38
34
35
46
48
45
49
48
46
47
44
46
41
40
45
48
51
50
51
47
49
58
55
57
55
53
54
54
53
47
48
51
51
53
47
46
44
42
48
50
51
49
48
44
43
36
35
30
30
36
37
36
34
37
33
35
31
30
30
29
30
30
32
29
31
36
38
34
36
32
31
35
37
35
31
27
23
21
14
10
8
9
8
4
4
-4
-8
-12
-20
-24
-24
-24
-24
-29
-22
-22
-24
-18
-15
-18
-24
-28
-30
-28
-34
-32
-28
-26
-26
-14
-5
-5
-4
-2
-3
-1
6
4
4
7
1
1
0
2
1
8
8
5
9
12
11
11
18
15
16
15
10
9
7
9
4
0
5
2
-4
-3
-4
-11
-14
-16
-21
-27
-34
-39
-43
-45
-49
-54
-58
-60
-65
-64
-64
-64
-65
-67
-70
-76
-76
-79
-82
-82
-84
-87
-81
-76
-69
-70
-65
-66
-65
-67
-70
-70
-72
-67
-66
-65
-69
-76
-74
-63
-65
-67
-65
-64
-62
-56
-52
-48
-49
-38
-31
-32
-29
-26
-29
-25
-24
-26
-21
-18
-7
-7
-5
-2
7
-1
-1
0
-2
-2
-3
4
2
2
0
2
0
1
5
4
5
5
7
8
6
4
0
4
6
5
5
15
15
12
19
17
22
21
20
20
20
22
22
21
25
27
28
26
26
25
21
22
24
25
18
21
18
19
21
24
26
26
23
18
21
17
17
17
15
13
12
16
19
20
18
22
22
16
15
10
10
11
3
2
7
14
10
18
19
15
20
18
18
12
14
13
18
24
16
16
13
15
17
21
25
24
29
32
34
41
41
43
43
43
41
40
44
44
48
52
59
56
62
64
61
60
59
63
65
66
62
63
63
61
59
59
53
55
52
50
48
41
31
29
26
21
26
23
14
14
10
11
4
4
1
-3
-2
-6
-6
-6
-8
-10
-7
-8
-8
-9
-9
-5
-3
4
1
3
10
7
18
24
29
34
35
37
39
43
44
47
46
49
53
58
55
56
53
53
51
53
61
57
60
60
55
58
54
52
43
32
34
27
26
17
15
15
9
6
0
-4
-12
-20
-25
-29
-26
-32
-32
-41
-46
-43
-46
-45
-47
-46
-47
-46
-45
-44
-46
-47
-45
-47
-42
-44
-42
-47
-55
-52
-64
-61
-60
-58
-53
-52
-50
-46
-42
-45
-49
-50
-47
-50
-47
-46
-48
-48
-52
-49
-47
-50
-47
-46
-45
-36
-31
-35
-37
-41
-37
-38
-34
-27
-26
-29
-30
-30
-34
-34
-31
-33
-27
-24
-27
-21
